t,roll,pitch,yaw,up,upset,cmd_roll_deg,cmd_pitch_deg,cmd_yaw_deg,thrust,bx,by,bz,blend,bearing_deg,desired_roll,d_lat,d_vert,vY_imu,vY_fused,vD,vX,v_target,pitch_des,elev_i,elev_err,agl,turn_ff,reliable,vision_valid,elev_fresh,is_new_d,bl_found,bl_hdg,bl_conf,bl_hdg_valid,bl_span,bl_paired,bl_cy,bl_gap,src_switch,source,infer_ms,mode,gate,gate_id,peek_side,peek_strength,peek_active,occ_gap,collision
1785624636.133,0.000,-17.800,0.000,0.9521,0,-0.452,15.800,-0.765,0.2742,5.854,0.019,-1.568,0.976,0.185,0.452,-0.0000,-0.0000,-0.000,-0.000,-0.000,-0.000,2.154,-2.000,0.0060,0.296,nan,1.32,1,1,1,1,1,0.0459,1.000,1,0.372,6,0.166,0,0,yolo,141.9,yolo,0,0,0,0.000,0,-1,0
1785624636.169,0.006,-17.206,-0.000,0.9552,0,-0.441,15.206,-0.765,0.2740,5.854,0.019,-1.568,0.976,0.185,0.447,0.0003,-0.0269,0.000,0.000,-0.027,0.019,2.200,-2.000,0.0059,0.233,nan,1.32,1,1,1,0,1,0.0459,1.000,1,0.372,6,0.166,1,0,yolo,141.9,yolo,0,0,0,0.000,0,-1,0
1785624636.217,0.023,-14.316,0.012,0.9689,0,-1.168,13.706,-0.575,0.2907,5.838,0.027,-1.559,0.973,0.266,1.191,-0.0822,2.0000,0.002,-0.010,-0.046,0.050,2.200,-2.000,0.0060,-0.067,nan,1.13,1,1,1,1,1,0.0393,1.000,1,0.371,6,0.044,2,0,yolo,133.2,yolo,0,0,0,0.000,0,-1,0
1785624636.263,0.182,-12.395,0.141,0.9767,0,-0.313,12.206,-1.055,0.2834,5.838,0.027,-1.559,0.973,0.266,0.495,0.0154,-0.0272,0.005,0.005,-0.073,0.086,2.181,-2.000,0.0060,-0.269,nan,1.61,1,1,1,0,1,0.0561,1.000,1,0.370,6,0.128,1,0,yolo,133.2,yolo,0,0,0,0.000,0,-1,0
1785624636.313,0.182,-12.395,0.141,0.9767,0,-0.313,10.706,-1.180,0.2835,5.838,0.027,-1.559,0.973,0.266,0.495,0.0154,-0.0272,0.005,0.005,-0.073,0.086,2.181,-2.000,0.0060,-0.269,nan,1.73,1,1,1,0,1,0.0605,0.944,1,0.583,8,0.008,0,0,yolo,133.2,yolo,0,0,0,0.000,0,-1,0
1785624636.350,0.190,-10.607,0.263,0.9829,0,-0.247,9.206,-1.272,0.2860,5.838,0.027,-1.559,0.973,0.266,0.437,0.0184,-0.0601,0.008,0.008,-0.106,0.119,1.993,-2.000,0.0061,-0.457,nan,1.82,1,1,1,0,1,0.0637,0.944,1,0.583,8,0.008,0,0,yolo,133.2,yolo,0,0,0,0.000,0,-1,0
1785624636.387,0.203,-9.394,0.416,0.9866,0,-0.181,7.706,-1.272,0.2869,5.838,0.027,-1.559,0.973,0.266,0.384,0.0212,-0.1027,0.011,0.011,-0.149,0.168,1.865,-2.000,0.0061,-0.585,nan,1.82,1,1,1,0,1,0.0637,0.944,1,0.583,8,0.008,2,0,yolo,133.2,yolo,0,0,0,0.000,0,-1,0
1785624636.420,0.203,-9.394,0.416,0.9866,0,-0.181,7.394,-0.744,0.2869,5.838,0.027,-1.559,0.973,0.266,0.384,0.0212,-0.1027,0.011,0.011,-0.149,0.168,1.865,-2.000,0.0062,-0.585,nan,1.30,1,1,1,0,1,0.0452,1.000,1,0.530,8,0.030,1,0,yolo,133.2,yolo,0,0,0,0.000,0,-1,0
1785624636.464,0.208,-8.252,0.575,0.9896,0,-0.120,6.252,0.351,0.2875,5.838,0.027,-1.559,0.973,0.266,0.329,0.0241,-0.1515,0.014,0.014,-0.198,0.232,1.746,-2.000,0.0062,-0.704,nan,0.20,1,1,1,0,1,0.0070,0.938,1,0.511,7,0.101,2,0,yolo,133.2,yolo,0,0,0,0.000,0,-1,0
1785624636.492,0.226,-7.204,0.659,0.9921,0,-0.063,5.204,0.466,0.2876,5.838,0.027,-1.559,0.973,0.266,0.289,0.0262,-0.2094,0.016,0.016,-0.256,0.289,1.636,-2.000,0.0063,-0.814,nan,0.09,1,1,1,0,1,0.0030,1.000,1,0.437,7,0.171,0,0,yolo,133.2,yolo,0,0,0,0.000,0,-1,0
1785624636.521,0.245,-6.476,0.590,0.9936,0,0.010,4.476,0.553,0.2868,5.838,0.027,-1.559,0.973,0.266,0.235,0.0289,-0.2708,0.019,0.019,-0.317,0.342,1.560,-2.000,0.0064,-0.890,nan,-0.00,1,1,1,0,1,-0.0000,1.000,1,0.437,7,0.171,0,0,yolo,133.2,yolo,0,0,0,0.000,0,-1,0
1785624636.552,0.245,-6.476,0.590,0.9936,0,0.010,4.476,0.570,0.2868,5.838,0.027,-1.559,0.973,0.266,0.235,0.0289,-0.2708,0.019,0.019,-0.317,0.342,1.560,-2.000,0.0065,-0.890,nan,-0.02,1,1,1,0,1,-0.0006,1.000,1,0.438,7,0.177,0,0,yolo,133.2,yolo,0,0,0,0.000,0,-1,0
1785624636.590,0.255,-5.825,0.515,0.9948,0,-0.134,3.825,-0.211,0.3035,10.196,0.041,-2.514,1.000,0.229,0.389,-0.0000,-0.0000,0.022,0.022,-0.380,0.390,1.200,-2.000,0.0065,-1.466,nan,-0.02,1,1,1,1,1,-0.0006,1.000,1,0.438,7,0.177,2,0,yolo,129.2,yolo,0,0,0,0.000,0,-1,0
1785624636.629,0.255,-5.825,0.515,0.9948,0,-0.134,3.825,-0.201,0.3161,10.196,0.041,-2.514,1.000,0.229,0.389,-0.0000,-0.0000,0.022,0.022,-0.380,0.390,1.200,-2.000,0.0065,-1.466,nan,-0.03,1,1,1,1,1,-0.0010,1.000,1,0.384,6,0.201,0,0,yolo,129.2,yolo,0,0,0,0.000,0,-1,0
1785624636.667,0.274,-5.273,0.554,0.9958,0,-0.096,3.273,-0.219,0.3188,10.196,0.041,-2.514,1.000,0.229,0.371,-0.0000,-0.0000,0.024,0.024,-0.451,0.434,1.200,-2.000,0.0065,-1.566,nan,-0.01,1,1,1,1,1,-0.0004,1.000,1,0.371,6,0.232,0,0,yolo,129.2,yolo,0,0,0,0.000,0,-1,0
1785624636.707,0.287,-4.784,0.590,0.9965,0,-0.065,2.784,-0.260,0.3213,10.196,0.041,-2.514,1.000,0.229,0.352,-0.0000,-0.0000,0.026,0.026,-0.534,0.473,1.200,-2.000,0.0065,-1.655,nan,0.03,1,1,1,1,1,0.0011,1.000,1,0.364,6,0.258,0,0,yolo,129.2,yolo,0,0,0,0.000,0,-1,0
1785624636.747,0.294,-4.423,0.612,0.9970,0,-0.039,2.423,-0.339,0.3231,10.196,0.041,-2.514,1.000,0.229,0.333,-0.0000,-0.0000,0.028,0.028,-0.630,0.507,1.200,-2.000,0.0065,-1.720,nan,0.11,1,1,1,1,1,0.0039,1.000,1,0.366,6,0.285,0,0,yolo,129.2,yolo,0,0,0,0.000,0,-1,0
1785624636.774,0.294,-4.423,0.612,0.9970,0,-0.039,2.423,-0.339,0.3231,10.196,0.041,-2.514,1.000,0.229,0.333,-0.0000,-0.0000,0.028,0.028,-0.630,0.507,1.200,-2.000,0.0065,-1.720,nan,0.11,1,1,1,1,1,0.0039,1.000,1,0.366,6,0.285,0,0,yolo,129.2,yolo,0,0,0,0.000,0,-1,0
1785624636.801,0.298,-4.041,0.660,0.9975,0,-0.014,2.041,-0.399,0.3250,10.196,0.041,-2.514,1.000,0.229,0.312,-0.0000,-0.0000,0.031,0.031,-0.770,0.545,1.200,-2.000,0.0065,-1.789,nan,0.17,1,1,1,1,1,0.0059,1.000,1,0.366,6,0.285,0,0,yolo,129.2,yolo,0,0,0,0.000,0,-1,0
1785624636.832,0.298,-4.041,0.660,0.9975,0,-0.014,2.041,-0.442,0.3250,10.196,0.041,-2.514,1.000,0.229,0.312,-0.0000,-0.0000,0.031,0.031,-0.770,0.545,1.200,-2.000,0.0065,-1.789,nan,0.21,1,1,1,1,1,0.0074,1.000,1,0.363,6,0.195,0,0,yolo,129.2,yolo,0,0,0,0.000,0,-1,0
1785624636.873,0.297,-3.763,0.706,0.9978,0,0.004,1.763,-0.519,0.3264,10.196,0.041,-2.514,1.000,0.229,0.293,-0.0000,-0.0000,0.033,0.033,-0.913,0.575,1.200,-2.000,0.0065,-1.839,nan,0.29,1,1,1,1,1,0.0101,1.000,1,0.299,5,0.496,0,0,yolo,129.2,yolo,0,0,0,0.000,0,-1,0
1785624636.915,0.294,-3.501,0.770,0.9981,0,0.019,1.501,-0.805,0.3277,10.196,0.041,-2.514,1.000,0.229,0.275,-0.0000,-0.0000,0.035,0.035,-1.086,0.606,1.200,-2.000,0.0065,-1.887,nan,0.58,1,1,1,1,1,0.0201,1.000,1,0.295,5,0.508,0,0,yolo,129.2,yolo,0,0,0,0.000,0,-1,0
1785624636.955,0.286,-3.279,0.871,0.9984,0,0.025,1.279,-2.305,0.3110,10.196,0.041,-2.514,1.000,0.229,0.261,-0.0000,-0.0000,0.037,0.037,-1.268,0.636,1.200,-2.000,0.0065,-1.927,nan,2.10,1,1,1,1,1,0.0734,1.000,1,0.290,5,0.534,0,0,yolo,129.2,yolo,0,0,0,0.000,0,-1,0
1785624636.987,0.286,-3.279,0.871,0.9984,0,1.182,1.279,-1.865,0.2944,10.410,-0.043,-1.405,1.000,-0.236,-0.896,-0.0000,-0.0000,0.037,0.037,-1.268,0.636,1.642,-2.000,0.0066,-0.808,nan,2.10,1,1,1,1,1,0.0734,1.000,1,0.290,5,0.534,0,0,yolo,141.8,yolo,0,0,0,0.000,0,-1,0
1785624637.023,0.269,-3.103,1.144,0.9985,0,1.157,1.103,-3.009,0.2777,10.410,-0.043,-1.405,1.000,-0.236,-0.888,-0.0006,-0.1564,0.036,0.036,-1.424,0.662,1.610,-2.000,0.0067,-0.840,nan,3.25,1,1,1,0,1,0.1133,1.000,1,0.290,5,0.534,3,0,yolo,141.8,yolo,0,0,0,0.000,0,-1,0
1785624637.064,0.089,-2.950,1.513,0.9987,0,0.984,0.950,-3.650,0.2711,10.410,-0.043,-1.405,1.000,-0.236,-0.895,-0.0001,-0.2622,0.037,0.037,-1.530,0.687,1.582,-2.000,0.0068,-0.868,nan,3.89,1,1,1,0,1,0.1357,1.000,1,0.281,5,0.587,0,0,yolo,141.8,yolo,0,0,0,0.000,0,-1,0
1785624637.100,-0.043,-2.819,1.901,0.9988,0,0.823,0.819,-4.131,0.2712,10.410,-0.043,-1.405,1.000,-0.236,-0.866,-0.0023,-0.3118,0.035,0.035,-1.579,0.711,1.559,-2.000,0.0068,-0.891,nan,4.37,1,1,1,0,1,0.1525,1.000,1,0.281,5,0.587,2,0,yolo,141.8,yolo,0,0,0,0.000,0,-1,0
1785624637.133,-0.044,-2.818,1.905,0.9988,0,0.915,0.818,-5.286,0.2712,10.401,-0.048,-1.324,1.000,-0.264,-0.959,0.0305,-0.4815,0.035,0.018,-1.579,0.711,1.639,-2.000,0.0069,-0.811,nan,5.55,1,1,1,1,1,0.1937,0.900,1,0.277,4,0.610,0,0,yolo,131.4,yolo,0,0,0,0.000,0,-1,0
1785624637.157,-0.193,-2.697,2.566,0.9989,0,0.744,0.697,-6.173,0.2713,10.401,-0.048,-1.324,1.000,-0.264,-0.937,0.0098,0.0460,0.027,0.027,-1.533,0.735,1.617,-2.000,0.0070,-0.833,nan,6.44,1,1,1,0,1,0.2247,0.900,1,0.277,4,0.610,0,0,yolo,131.4,yolo,0,0,0,0.000,0,-1,0
1785624637.189,-0.193,-2.697,2.566,0.9989,0,0.744,0.697,-4.673,0.2714,10.401,-0.048,-1.324,1.000,-0.264,-0.937,0.0098,0.0460,0.027,0.027,-1.533,0.735,1.617,-2.000,0.0071,-0.833,nan,0.00,1,1,1,0,1,0.0000,0.959,0,0.225,4,0.765,0,0,yolo,131.4,yolo,0,0,0,0.000,0,-1,0
1785624637.213,-0.308,-2.597,3.111,0.9990,0,0.523,0.597,-3.173,0.2715,10.401,-0.048,-1.324,1.000,-0.264,-0.831,0.0019,0.1099,0.019,0.019,-1.469,0.757,1.599,-2.000,0.0072,-0.851,nan,0.00,1,1,1,0,1,0.0000,0.959,0,0.225,4,0.765,0,0,yolo,131.4,yolo,0,0,0,0.000,0,-1,0
1785624637.236,-0.308,-2.597,3.111,0.9990,0,1.492,0.597,-1.673,0.2548,10.321,-0.062,-1.151,1.000,-0.343,-1.800,0.1408,-1.6965,0.019,0.029,-1.469,0.757,1.768,-2.000,0.0072,-0.682,nan,0.00,1,1,1,1,1,0.0000,0.959,0,0.225,4,0.765,0,0,yolo,115.1,yolo,0,0,0,0.000,0,-1,0
1785624637.267,-0.498,-2.519,3.272,0.9990,0,0.447,0.519,-0.173,0.2715,10.321,-0.062,-1.151,1.000,-0.343,-0.944,-0.0114,0.0582,0.017,0.017,-1.411,0.776,1.755,-2.000,0.0073,-0.695,nan,0.00,1,1,1,0,1,0.0000,0.944,0,0.215,4,0.763,0,0,yolo,115.1,yolo,0,0,0,0.000,0,-1,0
1785624637.299,-0.498,-2.519,3.272,0.9990,0,0.447,0.519,0.343,0.2717,10.321,-0.062,-1.151,1.000,-0.343,-0.944,-0.0114,0.0582,0.017,0.017,-1.411,0.776,1.755,-2.000,0.0074,-0.695,nan,0.00,1,1,1,0,1,0.0000,0.832,0,0.219,3,0.763,0,0,yolo,115.1,yolo,0,0,0,0.000,0,-1,0
1785624637.330,-0.532,-2.448,3.237,0.9990,0,0.360,0.448,0.343,0.2717,10.321,-0.062,-1.151,1.000,-0.343,-0.892,-0.0153,0.1014,0.013,0.013,-1.368,0.795,1.742,-2.000,0.0075,-0.708,nan,0.00,1,1,1,0,1,0.0000,0.832,0,0.219,3,0.763,0,0,yolo,115.1,yolo,0,0,0,0.000,0,-1,0
1785624637.366,-0.579,-2.387,3.198,0.9991,0,1.860,0.387,0.557,0.2550,10.236,-0.099,-0.955,1.000,-0.557,-3.303,0.2872,-1.3584,0.010,0.057,-1.342,0.812,1.923,-2.000,0.0075,-0.527,nan,0.00,1,1,1,1,1,0.0000,0.964,0,0.228,4,0.752,0,0,yolo,111.0,yolo,0,0,0,0.000,0,-1,0
1785624637.393,-0.579,-2.387,3.198,0.9991,0,0.659,0.387,0.557,0.2717,10.236,-0.099,-0.955,1.000,-0.557,-1.238,-0.0470,0.0000,0.010,0.010,-1.342,0.812,1.923,-2.000,0.0076,-0.527,nan,0.00,1,1,1,0,1,0.0000,0.964,0,0.228,4,0.752,0,0,yolo,111.0,yolo,0,0,0,0.000,0,-1,0
1785624637.429,-0.668,-2.332,3.130,0.9991,0,0.522,0.332,0.557,0.2719,10.236,-0.099,-0.955,1.000,-0.557,-1.190,-0.0505,0.0197,0.006,0.006,-1.322,0.830,1.913,-2.000,0.0076,-0.537,nan,0.00,1,1,1,0,1,0.0000,0.952,0,0.220,4,0.742,0,0,yolo,111.0,yolo,0,0,0,0.000,0,-1,0
1785624637.460,-0.668,-2.332,3.130,0.9991,0,0.522,0.332,0.557,0.2719,10.236,-0.099,-0.955,1.000,-0.557,-1.190,-0.0505,0.0197,0.006,0.006,-1.322,0.830,1.913,-2.000,0.0077,-0.537,nan,0.00,1,1,1,0,1,0.0000,0.940,0,0.212,4,0.725,0,0,yolo,111.0,yolo,0,0,0,0.000,0,-1,0
1785624637.501,-0.728,-2.287,3.065,0.9991,0,2.022,0.287,1.268,0.2720,9.983,-0.221,-0.907,1.000,-1.268,-8.060,0.7438,-0.1889,0.002,0.136,-1.306,0.846,1.945,-2.000,0.0077,-0.505,nan,0.00,1,1,1,1,1,0.0000,0.933,0,0.208,4,0.716,0,0,yolo,118.6,yolo,0,0,0,0.000,0,-1,0
1785624637.532,-0.789,-2.244,3.007,0.9991,0,1.658,0.244,1.268,0.2720,9.983,-0.221,-0.907,1.000,-1.268,-2.447,-0.1392,-0.0033,-0.003,-0.003,-1.309,0.862,1.937,-2.000,0.0078,-0.513,nan,0.00,1,1,1,0,1,0.0000,0.933,0,0.208,4,0.716,0,0,yolo,118.6,yolo,0,0,0,0.000,0,-1,0
1785624637.562,-1.005,-2.214,2.863,0.9991,0,1.415,0.214,1.268,0.2721,9.983,-0.221,-0.907,1.000,-1.268,-2.421,-0.1412,-0.0089,-0.005,-0.005,-1.315,0.877,1.933,-2.000,0.0078,-0.517,nan,0.00,1,1,1,0,1,0.0000,0.811,0,0.204,3,0.732,0,0,yolo,118.6,yolo,0,0,0,0.000,0,-1,0
1785624637.594,-1.005,-2.214,2.863,0.9991,0,2.915,0.214,1.919,0.2554,9.862,-0.330,-0.735,1.000,-1.919,-14.000,1.6791,-2.0000,-0.005,0.314,-1.315,0.877,2.103,-2.000,0.0079,-0.347,nan,0.00,1,1,1,1,1,0.0000,0.811,0,0.204,3,0.732,0,0,yolo,113.8,yolo,0,0,0,0.000,0,-1,0
1785624637.625,-1.360,-2.190,2.637,0.9990,0,1.787,0.190,1.919,0.2721,9.862,-0.330,-0.735,1.000,-1.919,-3.148,-0.3200,0.0113,-0.006,-0.006,-1.304,0.891,2.101,-2.000,0.0079,-0.349,nan,0.00,1,1,1,0,1,0.0000,0.381,0,0.170,3,0.709,0,0,yolo,113.8,yolo,0,0,0,0.000,0,-1,0
1785624637.656,-1.360,-2.190,2.637,0.9990,0,1.787,0.190,1.919,0.2722,9.862,-0.330,-0.735,1.000,-1.919,-3.148,-0.3200,0.0113,-0.006,-0.006,-1.304,0.891,2.101,-2.000,0.0079,-0.349,nan,0.00,1,1,1,0,1,0.0000,0.763,0,0.170,3,0.709,0,0,yolo,113.8,yolo,0,0,0,0.000,0,-1,0
1785624637.688,-1.546,-2.169,2.420,0.9989,0,3.287,0.169,2.299,0.2555,9.676,-0.388,-0.497,1.000,-2.299,-11.443,0.6422,-2.0000,-0.012,0.280,-1.291,0.906,2.200,-2.000,0.0079,-0.120,nan,0.00,1,1,1,1,1,0.0000,0.763,0,0.170,3,0.709,0,0,yolo,109.2,yolo,0,0,0,0.000,0,-1,0
1785624637.720,-1.729,-2.150,2.215,0.9988,0,2.348,0.150,2.299,0.2722,9.676,-0.388,-0.497,1.000,-2.299,-4.078,-0.2997,0.0142,-0.019,-0.019,-1.277,0.919,2.200,-2.000,0.0079,-0.122,nan,0.00,1,1,1,0,1,0.0000,0.407,0,0.133,1,0.675,0,0,yolo,109.2,yolo,0,0,0,0.000,0,-1,0
1785624637.751,-1.729,-2.150,2.215,0.9988,0,2.348,0.150,2.299,0.2723,9.676,-0.388,-0.497,1.000,-2.299,-4.078,-0.2997,0.0142,-0.019,-0.019,-1.277,0.919,2.200,-2.000,0.0080,-0.122,nan,0.00,1,1,1,0,1,0.0000,0.407,0,0.133,1,0.675,0,0,yolo,109.2,yolo,0,0,0,0.000,0,-1,0
1785624637.781,-2.012,-2.137,1.929,0.9987,0,1.941,0.137,2.299,0.2723,9.676,-0.388,-0.497,1.000,-2.299,-3.953,-0.3087,0.0472,-0.028,-0.028,-1.244,0.933,2.200,-2.000,0.0080,-0.122,nan,0.00,1,1,1,0,1,0.0000,0.548,0,0.173,1,0.690,0,0,yolo,109.2,yolo,0,0,0,0.000,0,-1,0
1785624637.813,-2.012,-2.137,1.929,0.9987,0,3.441,0.137,2.513,0.2557,9.378,-0.412,-0.256,1.000,-2.513,-9.882,0.3501,-2.0000,-0.028,0.202,-1.244,0.933,2.200,-2.000,0.0080,0.109,nan,0.00,1,1,1,1,1,0.0000,0.548,0,0.173,1,0.690,0,0,yolo,111.6,yolo,0,0,0,0.000,0,-1,0
1785624637.841,-2.245,-2.128,1.671,0.9985,0,2.464,0.128,2.513,0.2697,9.378,-0.412,-0.256,1.000,-2.513,-4.708,-0.2421,0.0129,-0.040,-0.040,-1.231,0.947,2.200,-2.000,0.0079,0.109,nan,0.00,1,1,1,0,1,0.0000,0.556,0,0.181,1,0.720,0,0,yolo,111.6,yolo,0,0,0,0.000,0,-1,0
1785624637.877,-2.245,-2.128,1.671,0.9985,0,2.464,0.128,2.513,0.2696,9.378,-0.412,-0.256,1.000,-2.513,-4.708,-0.2421,0.0129,-0.040,-0.040,-1.231,0.947,2.200,-2.000,0.0079,0.109,nan,0.00,1,1,1,0,1,0.0000,0.556,0,0.181,1,0.720,0,0,yolo,111.6,yolo,0,0,0,0.000,0,-1,0
1785624637.908,-2.595,-2.122,1.342,0.9983,0,1.915,0.122,2.513,0.2703,9.378,-0.412,-0.256,1.000,-2.513,-4.510,-0.2561,0.0266,-0.054,-0.054,-1.217,0.962,2.200,-2.000,0.0079,0.110,nan,0.00,1,1,1,0,1,0.0000,0.450,0,0.188,0,0.730,0,0,yolo,111.6,yolo,0,0,0,0.000,0,-1,0
1785624637.941,-2.808,-2.119,1.066,0.9981,0,1.342,0.119,2.114,0.2536,9.217,-0.340,0.034,1.000,-2.114,-4.151,-0.3209,-1.4047,-0.070,0.051,-1.206,0.975,2.059,-2.000,0.0079,0.391,nan,0.00,1,1,1,1,1,0.0000,0.458,0,0.197,0,0.781,0,0,yolo,112.0,yolo,0,0,0,0.000,0,-1,0
1785624637.972,-2.808,-2.119,1.066,0.9981,0,1.221,0.119,2.114,0.2606,9.217,-0.340,0.034,1.000,-2.114,-4.029,-0.1206,0.0000,-0.070,-0.070,-1.206,0.975,2.059,-2.000,0.0078,0.391,nan,0.00,1,1,1,0,1,0.0000,0.458,0,0.197,0,0.781,0,0,yolo,112.0,yolo,0,0,0,0.000,0,-1,0
1785624638.004,-2.970,-2.115,0.825,0.9980,0,0.755,0.115,2.114,0.2613,9.217,-0.340,0.034,1.000,-2.114,-3.725,-0.1419,0.0164,-0.091,-0.091,-1.190,0.989,2.058,-2.000,0.0078,0.392,nan,0.00,1,1,1,0,1,0.0000,0.325,0,0.166,0,0.821,0,0,yolo,112.0,yolo,0,0,0,0.000,0,-1,0
1785624638.036,-3.049,-2.112,0.612,0.9979,0,0.494,0.112,2.020,0.2447,9.196,-0.324,0.205,1.000,-2.020,-3.543,-0.2262,-2.0000,-0.112,-0.040,-1.170,1.002,1.889,-2.000,0.0078,0.561,nan,0.00,1,1,1,1,1,0.0000,0.325,0,0.166,0,0.821,0,0,yolo,113.3,yolo,0,0,0,0.000,0,-1,0
1785624638.067,-3.049,-2.112,0.612,0.9979,0,0.598,0.112,2.020,0.2554,9.196,-0.324,0.205,1.000,-2.020,-3.647,-0.0716,0.0000,-0.112,-0.112,-1.170,1.002,1.889,-2.000,0.0077,0.561,nan,0.00,1,1,1,0,1,0.0000,0.319,0,0.157,0,0.833,0,0,yolo,113.3,yolo,0,0,0,0.000,0,-1,0
1785624638.098,-3.122,-2.110,0.382,0.9978,0,0.200,0.110,2.020,0.2568,9.196,-0.324,0.205,1.000,-2.020,-3.322,-0.0943,0.0327,-0.135,-0.135,-1.137,1.015,1.889,-2.000,0.0076,0.561,nan,0.00,1,1,1,0,1,0.0000,0.319,0,0.157,0,0.833,0,0,yolo,113.3,yolo,0,0,0,0.000,0,-1,0
1785624638.134,-3.139,-2.108,0.184,0.9978,0,-1.300,0.108,1.812,0.2402,9.198,-0.291,0.344,1.000,-1.812,-1.723,-0.3332,-1.3676,-0.155,-0.122,-1.092,1.026,1.752,-2.000,0.0076,0.698,nan,0.00,1,1,1,1,1,0.0000,0.319,0,0.157,0,0.833,2,0,yolo,104.0,yolo,0,0,0,0.000,0,-1,0
1785624638.166,-3.139,-2.108,0.184,0.9978,0,-0.225,0.108,1.812,0.2511,9.198,-0.291,0.344,1.000,-1.812,-2.915,-0.0330,0.0000,-0.155,-0.155,-1.092,1.026,1.752,-2.000,0.0075,0.698,nan,0.00,1,1,1,0,1,0.0000,0.419,0,0.148,1,0.836,1,0,yolo,104.0,yolo,0,0,0,0.000,0,-1,0
1785624638.205,-2.976,-2.105,-0.005,0.9980,0,-0.409,0.105,1.812,0.2535,9.198,-0.291,0.344,1.000,-1.812,-2.567,-0.0573,0.0542,-0.180,-0.180,-1.037,1.039,1.753,-2.000,0.0074,0.697,nan,0.00,1,1,1,0,1,0.0000,0.419,0,0.149,1,0.827,0,0,yolo,104.0,yolo,0,0,0,0.000,0,-1,0
1785624638.235,-2.946,-2.102,-0.188,0.9980,0,-0.679,0.102,1.812,0.2560,9.198,-0.291,0.344,1.000,-1.812,-2.267,-0.0782,0.1109,-0.201,-0.201,-0.981,1.051,1.754,-2.000,0.0074,0.696,nan,0.00,1,1,1,0,1,0.0000,0.519,0,0.144,2,0.834,0,0,yolo,104.0,yolo,0,0,0,0.000,0,-1,0
1785624638.266,-2.874,-2.099,-0.355,0.9981,0,-1.914,0.099,1.526,0.2393,8.834,-0.235,0.474,1.000,-1.526,-0.961,-0.3308,-0.8462,-0.219,-0.124,-0.932,1.061,1.641,-2.000,0.0073,0.809,nan,0.00,1,1,1,1,1,0.0000,0.519,0,0.144,2,0.834,0,0,yolo,109.0,yolo,0,0,0,0.000,0,-1,0
1785624638.296,-2.874,-2.099,-0.355,0.9981,0,-1.671,0.099,1.526,0.2474,8.834,-0.235,0.474,1.000,-1.526,-1.203,-0.0958,0.0000,-0.219,-0.219,-0.932,1.061,1.641,-2.000,0.0072,0.809,nan,0.00,1,1,1,0,1,0.0000,0.516,0,0.141,2,0.841,0,0,yolo,109.0,yolo,0,0,0,0.000,0,-1,0
1785624638.328,-2.779,-2.096,-0.564,0.9982,0,-1.901,0.096,1.526,0.2499,8.834,-0.235,0.474,1.000,-1.526,-0.878,-0.1179,0.0575,-0.241,-0.241,-0.875,1.074,1.642,-2.000,0.0071,0.808,nan,0.00,1,1,1,0,1,0.0000,0.516,0,0.141,2,0.841,0,0,yolo,109.0,yolo,0,0,0,0.000,0,-1,0
1785624638.360,-2.553,-2.092,-0.725,0.9983,0,-3.401,0.092,1.096,0.2333,8.619,-0.165,0.610,1.000,-1.096,2.328,-0.6478,-1.2278,-0.263,-0.183,-0.828,1.086,1.519,-2.000,0.0070,0.931,nan,0.00,1,1,1,1,1,0.0000,0.516,0,0.141,2,0.848,0,0,yolo,109.4,yolo,0,0,0,0.000,0,-1,0
1785624638.390,-2.553,-2.092,-0.725,0.9983,0,-2.830,0.092,1.096,0.2434,8.619,-0.165,0.610,1.000,-1.096,0.278,-0.0794,0.0000,-0.263,-0.263,-0.828,1.086,1.519,-2.000,0.0069,0.931,nan,0.00,1,1,1,0,1,0.0000,0.516,0,0.141,2,0.848,0,0,yolo,109.4,yolo,0,0,0,0.000,0,-1,0
1785624638.416,-2.173,-2.085,-0.852,0.9986,0,-2.783,0.085,1.096,0.2459,8.619,-0.165,0.610,1.000,-1.096,0.610,-0.1016,0.0576,-0.285,-0.285,-0.771,1.099,1.521,-2.000,0.0068,0.929,nan,0.00,1,1,1,0,1,0.0000,0.406,0,0.132,1,0.856,0,0,yolo,109.4,yolo,0,0,0,0.000,0,-1,0
1785624638.458,-2.173,-2.085,-0.852,0.9986,0,-2.783,0.085,1.096,0.2458,8.619,-0.165,0.610,1.000,-1.096,0.610,-0.1016,0.0576,-0.285,-0.285,-0.771,1.099,1.521,-2.000,0.0067,0.929,nan,0.00,1,1,1,0,1,0.0000,0.406,0,0.132,1,0.856,2,0,yolo,109.4,yolo,0,0,0,0.000,0,-1,0
1785624638.499,-1.848,-2.078,-0.963,0.9988,0,-4.283,0.078,0.607,0.2292,8.419,-0.089,0.739,1.000,-0.607,4.695,-0.7174,-1.1790,-0.302,-0.257,-0.714,1.111,1.403,-2.000,0.0067,1.047,nan,0.00,1,1,1,1,1,0.0000,0.515,0,0.140,2,0.852,0,0,yolo,117.3,yolo,0,0,0,0.000,0,-1,0
1785624638.532,-1.324,-2.071,-1.031,0.9991,0,-3.337,0.071,0.607,0.2431,8.419,-0.089,0.739,1.000,-0.607,2.013,-0.0595,0.0783,-0.317,-0.317,-0.636,1.122,1.405,-2.000,0.0067,1.045,nan,0.00,1,1,1,0,1,0.0000,0.514,0,0.139,2,0.841,0,0,yolo,117.3,yolo,0,0,0,0.000,0,-1,0
1785624638.563,-0.952,-2.063,-1.086,0.9992,0,-3.109,0.063,0.607,0.2467,8.419,-0.089,0.739,1.000,-0.607,2.156,-0.0690,0.1558,-0.326,-0.326,-0.558,1.133,1.407,-2.000,0.0067,1.043,nan,0.00,1,1,1,0,1,0.0000,0.514,0,0.139,2,0.841,0,0,yolo,117.3,yolo,0,0,0,0.000,0,-1,0
1785624638.595,-0.952,-2.063,-1.086,0.9992,0,-4.609,-0.183,0.159,0.2300,8.140,-0.023,0.831,1.000,-0.159,5.083,-0.4777,-0.6055,-0.326,-0.293,-0.558,1.133,1.326,-2.246,0.0067,1.124,nan,0.00,1,1,1,1,1,0.0000,0.402,0,0.127,1,0.818,0,0,yolo,117.2,yolo,0,0,0,0.000,0,-1,0
1785624638.625,-0.952,-2.063,-1.086,0.9992,0,-4.165,-0.254,0.159,0.2372,8.140,-0.023,0.831,1.000,-0.159,3.213,-0.0333,0.0000,-0.326,-0.326,-0.558,1.133,1.326,-2.317,0.0067,1.124,nan,0.00,1,1,1,0,1,0.0000,0.402,0,0.127,1,0.818,0,0,yolo,117.2,yolo,0,0,0,0.000,0,-1,0
1785624638.657,-0.288,-2.092,-1.102,0.9993,0,-3.609,-0.099,0.159,0.2419,8.140,-0.023,0.831,1.000,-0.159,3.321,-0.0402,0.1081,-0.333,-0.333,-0.450,1.145,1.322,-2.191,0.0067,1.128,nan,0.00,1,1,1,0,1,0.0000,0.401,0,0.126,1,0.796,0,0,yolo,117.2,yolo,0,0,0,0.000,0,-1,0
1785624638.694,0.291,-2.112,-1.109,0.9993,0,-3.022,0.023,0.159,0.2468,8.140,-0.023,0.831,1.000,-0.159,3.313,-0.0397,0.2181,-0.333,-0.333,-0.340,1.158,1.320,-2.089,0.0067,1.130,nan,0.00,1,1,1,0,1,0.0000,0.401,0,0.126,1,0.796,2,0,yolo,117.2,yolo,0,0,0,0.000,0,-1,0
1785624638.720,0.291,-2.112,-1.109,0.9993,0,-4.522,0.152,-0.433,0.2302,7.840,0.059,0.931,1.000,0.433,7.875,-0.6072,-0.6708,-0.333,-0.343,-0.340,1.158,1.230,-1.959,0.0067,1.220,nan,0.00,1,1,1,1,1,0.0000,0.509,0,0.134,2,0.787,0,0,yolo,116.5,yolo,0,0,0,0.000,0,-1,0
1785624638.757,0.941,-2.088,-1.045,0.9992,0,-3.626,0.218,-0.433,0.2390,7.840,0.059,0.931,1.000,0.433,4.567,0.0171,0.1028,-0.326,-0.326,-0.237,1.170,1.233,-1.870,0.0067,1.217,nan,0.00,1,1,1,0,1,0.0000,0.409,0,0.136,1,0.787,0,0,yolo,116.5,yolo,0,0,0,0.000,0,-1,0
1785624638.799,1.381,-2.062,-0.989,0.9991,0,-2.998,0.238,-0.433,0.2433,7.840,0.059,0.931,1.000,0.433,4.379,0.0289,0.1954,-0.314,-0.314,-0.145,1.181,1.236,-1.825,0.0067,1.214,nan,0.00,1,1,1,0,1,0.0000,0.409,0,0.136,1,0.787,0,0,yolo,116.5,yolo,0,0,0,0.000,0,-1,0
1785624638.830,1.381,-2.062,-0.989,0.9991,0,-4.498,0.233,-1.021,0.2267,7.601,0.136,1.011,1.000,1.021,10.848,-0.7813,-0.7239,-0.314,-0.389,-0.145,1.181,1.200,-1.829,0.0067,1.286,nan,0.00,1,1,1,1,1,0.0000,0.412,0,0.140,1,0.797,0,0,yolo,110.2,yolo,0,0,0,0.000,0,-1,0
1785624638.866,1.971,-2.037,-0.870,0.9988,0,-3.492,0.276,-1.021,0.2368,7.601,0.136,1.011,1.000,1.021,5.464,0.0908,0.0958,-0.298,-0.298,-0.049,1.191,1.200,-1.762,0.0067,1.284,nan,0.00,1,1,1,0,1,0.0000,0.412,0,0.140,1,0.797,2,0,yolo,110.2,yolo,0,0,0,0.000,0,-1,0
1785624638.893,1.971,-2.037,-0.870,0.9988,0,-3.492,0.197,-1.021,0.2368,7.601,0.136,1.011,1.000,1.021,5.464,0.0908,0.0958,-0.298,-0.298,-0.049,1.191,1.200,-1.840,0.0067,1.284,nan,0.00,1,1,1,0,1,0.0000,0.422,0,0.152,1,0.780,0,0,yolo,110.2,yolo,0,0,0,0.000,0,-1,0
1785624638.923,2.360,-2.010,-0.752,0.9985,0,-2.793,0.229,-1.021,0.2409,7.601,0.136,1.011,1.000,1.021,5.153,0.1098,0.1822,-0.279,-0.279,0.038,1.199,1.200,-1.781,0.0067,1.281,nan,0.00,1,1,1,0,1,0.0000,0.422,0,0.152,1,0.780,0,0,yolo,110.2,yolo,0,0,0,0.000,0,-1,0
1785624638.961,2.702,-1.988,-0.643,0.9983,0,-4.293,0.258,-1.603,0.2242,7.405,0.207,1.073,1.000,1.603,10.236,-0.4508,-0.3388,-0.255,-0.343,0.130,1.208,1.200,-1.730,0.0067,1.338,nan,0.00,1,1,1,1,1,0.0000,0.572,0,0.197,1,0.825,0,0,yolo,117.2,yolo,0,0,0,0.000,0,-1,0
1785624639.002,3.260,-1.966,-0.457,0.9978,0,-2.793,0.272,-1.603,0.2357,7.405,0.207,1.073,1.000,1.603,6.045,0.1168,0.0995,-0.226,-0.226,0.229,1.217,1.200,-1.694,0.0067,1.336,nan,0.00,1,1,1,0,1,0.0000,0.572,0,0.197,1,0.825,0,0,yolo,117.2,yolo,0,0,0,0.000,0,-1,0
1785624639.034,3.260,-1.966,-0.457,0.9978,0,-2.785,0.193,-1.603,0.2357,7.405,0.207,1.073,1.000,1.603,6.045,0.1168,0.0995,-0.226,-0.226,0.229,1.217,1.200,-1.773,0.0067,1.336,nan,0.00,1,1,1,0,1,0.0000,0.576,0,0.201,1,0.838,0,0,yolo,117.2,yolo,0,0,0,0.000,0,-1,0
1785624639.065,3.563,-1.955,-0.278,0.9975,0,-4.285,0.228,-2.057,0.2190,7.213,0.259,1.110,1.000,2.057,14.000,-1.7173,-0.9830,-0.197,-0.460,0.325,1.224,1.200,-1.727,0.0067,1.369,nan,0.00,1,1,1,1,1,0.0000,0.576,0,0.201,1,0.838,0,0,yolo,114.5,yolo,0,0,0,0.000,0,-1,0
1785624639.100,3.563,-1.955,-0.278,0.9975,0,-2.785,0.164,-2.057,0.2303,7.213,0.259,1.110,1.000,2.057,6.175,0.2629,0.0000,-0.197,-0.197,0.325,1.224,1.200,-1.791,0.0067,1.369,nan,0.00,1,1,1,0,1,0.0000,0.576,0,0.201,1,0.838,2,0,yolo,114.5,yolo,0,0,0,0.000,0,-1,0
1785624639.141,4.374,-1.940,0.147,0.9965,0,-1.285,0.296,-2.057,0.2395,7.213,0.259,1.110,1.000,2.057,5.037,0.3302,0.2001,-0.130,-0.130,0.525,1.239,1.200,-1.645,0.0067,1.370,nan,0.00,1,1,1,0,1,0.0000,0.315,0,0.150,0,0.879,0,0,yolo,114.5,yolo,0,0,0,0.000,0,-1,0
1785624639.170,4.374,-1.940,0.147,0.9965,0,-2.785,0.218,-2.551,0.2228,7.043,0.314,1.134,1.000,2.551,13.987,-0.6064,-0.2197,-0.130,-0.377,0.525,1.239,1.200,-1.722,0.0067,1.392,nan,0.00,1,1,1,1,1,0.0000,0.315,0,0.150,0,0.879,0,0,yolo,111.1,yolo,0,0,0,0.000,0,-1,0
1785624639.203,4.500,-1.925,0.330,0.9964,0,-1.707,0.229,-2.551,0.2340,7.043,0.314,1.134,1.000,2.551,6.207,0.2768,0.0911,-0.100,-0.100,0.616,1.245,1.200,-1.696,0.0067,1.391,nan,0.00,1,1,1,0,1,0.0000,0.466,0,0.208,0,0.857,0,0,yolo,111.1,yolo,0,0,0,0.000,0,-1,0
1785624639.240,4.692,-1.920,0.573,0.9961,0,-0.933,0.254,-2.551,0.2381,7.043,0.314,1.134,1.000,2.551,5.625,0.3107,0.1804,-0.066,-0.066,0.705,1.251,1.200,-1.666,0.0067,1.391,nan,0.00,1,1,1,0,1,0.0000,0.466,0,0.208,0,0.857,2,0,yolo,111.1,yolo,0,0,0,0.000,0,-1,0
1785624639.266,4.692,-1.920,0.573,0.9961,0,-2.433,0.192,-2.853,0.2303,6.855,0.342,1.136,1.000,2.853,11.769,-0.2709,0.0083,-0.066,-0.263,0.705,1.251,1.200,-1.728,0.0067,1.390,nan,0.00,1,1,1,1,1,0.0000,0.318,0,0.155,0,0.877,0,0,yolo,115.7,yolo,0,0,0,0.000,0,-1,0
1785624639.303,4.794,-1.914,0.841,0.9959,0,-1.579,0.232,-2.853,0.2341,6.855,0.342,1.136,1.000,2.853,6.373,0.2311,0.0903,-0.032,-0.032,0.795,1.258,1.200,-1.682,0.0067,1.389,nan,0.00,1,1,1,0,1,0.0000,0.322,0,0.162,0,0.871,0,0,yolo,115.7,yolo,0,0,0,0.000,0,-1,0
1785624639.329,4.974,-1.912,1.118,0.9957,0,-0.772,0.267,-2.853,0.2507,6.855,0.342,1.136,1.000,2.853,5.746,0.2669,0.1671,0.004,0.004,0.872,1.265,1.200,-1.646,0.0067,1.390,nan,0.00,1,1,1,0,1,0.0000,0.322,0,0.162,0,0.871,0,0,yolo,115.7,yolo,0,0,0,0.000,0,-1,0
1785624639.360,4.974,-1.912,1.118,0.9957,0,-0.772,0.209,-2.853,0.2674,6.855,0.342,1.136,1.000,2.853,5.746,0.2669,0.1671,0.004,0.004,0.872,1.265,1.200,-1.703,0.0067,1.390,nan,0.00,1,1,1,0,1,0.0000,0.323,0,0.163,0,0.871,0,0,yolo,115.7,yolo,0,0,0,0.000,0,-1,0
1785624639.390,5.053,-1.907,1.409,0.9956,0,-2.272,0.253,-3.119,0.2720,6.982,0.380,1.133,1.000,3.119,11.580,-0.3248,-0.0444,0.039,-0.176,0.942,1.271,1.200,-1.655,0.0067,1.394,nan,0.00,1,1,1,1,1,0.0000,0.323,0,0.163,0,0.871,0,0,yolo,109.1,yolo,0,0,0,0.000,0,-1,0
1785624639.422,5.307,-1.907,1.705,0.9952,0,-0.772,0.289,-3.119,0.2721,6.982,0.380,1.133,1.000,3.119,5.583,0.2533,0.0539,0.077,0.077,0.996,1.278,1.200,-1.618,0.0067,1.396,nan,0.00,1,1,1,0,1,0.0000,0.328,0,0.171,0,0.863,0,0,yolo,109.1,yolo,0,0,0,0.000,0,-1,0
1785624639.455,5.307,-1.907,1.705,0.9952,0,-0.276,0.233,-3.119,0.2721,6.982,0.380,1.133,1.000,3.119,5.583,0.2533,0.0539,0.077,0.077,0.996,1.278,1.200,-1.674,0.0067,1.396,nan,0.00,1,1,1,0,1,0.0000,0.328,0,0.171,0,0.863,0,0,yolo,109.1,yolo,0,0,0,0.000,0,-1,0
1785624639.486,5.370,-1.904,2.037,0.9951,0,0.454,0.285,-3.119,0.2721,6.982,0.380,1.133,1.000,3.119,4.916,0.2919,0.0951,0.116,0.116,1.037,1.285,1.200,-1.619,0.0067,1.395,nan,0.00,1,1,1,0,1,0.0000,0.327,0,0.170,0,0.855,0,0,yolo,109.1,yolo,0,0,0,0.000,0,-1,0
1785624639.522,5.304,-1.901,2.370,0.9952,0,-0.424,0.329,-2.750,0.2721,6.589,0.316,1.017,1.000,2.750,5.728,0.2123,0.6799,0.153,0.007,1.061,1.292,1.200,-1.571,0.0067,1.259,nan,0.00,1,1,1,1,1,0.0000,0.327,0,0.170,0,0.855,2,0,yolo,118.3,yolo,0,0,0,0.000,0,-1,0
1785624639.548,5.304,-1.901,2.370,0.9952,0,1.076,0.270,-2.750,0.2721,6.589,0.316,1.017,1.000,2.750,4.159,0.1460,0.0000,0.153,0.153,1.061,1.292,1.200,-1.631,0.0067,1.259,nan,0.00,1,1,1,0,1,0.0000,0.324,0,0.166,0,0.839,0,0,yolo,118.3,yolo,0,0,0,0.000,0,-1,0
1785624639.587,5.367,-1.889,2.652,0.9951,0,1.894,0.307,-2.750,0.2721,6.589,0.316,1.017,1.000,2.750,3.473,0.1840,0.0036,0.191,0.191,1.065,1.299,1.200,-1.582,0.0067,1.258,nan,0.00,1,1,1,0,1,0.0000,0.324,0,0.166,0,0.839,1,0,yolo,118.3,yolo,0,0,0,0.000,0,-1,0
1785624639.611,5.227,-1.884,2.921,0.9953,0,2.349,0.343,-2.750,0.2720,6.589,0.316,1.017,1.000,2.750,2.878,0.2170,-0.0063,0.224,0.224,1.055,1.306,1.200,-1.541,0.0067,1.257,nan,0.00,1,1,1,0,1,0.0000,0.328,0,0.171,0,0.826,0,0,yolo,118.3,yolo,0,0,0,0.000,0,-1,0
1785624639.647,5.227,-1.884,2.921,0.9953,0,0.849,0.254,-2.785,0.2720,6.631,0.323,0.995,1.000,2.785,6.415,-0.0613,0.2935,0.224,0.066,1.055,1.306,1.212,-1.630,0.0067,1.238,nan,0.00,1,1,1,1,1,0.0000,0.453,0,0.191,0,0.808,0,0,yolo,120.2,yolo,0,0,0,0.000,0,-1,0
1785624639.674,4.951,-1.869,3.206,0.9957,0,2.179,0.283,-2.785,0.2719,6.631,0.323,0.995,1.000,2.785,2.772,0.1859,-0.0153,0.252,0.252,1.040,1.313,1.215,-1.587,0.0067,1.235,nan,0.00,1,1,1,0,1,0.0000,0.453,0,0.191,0,0.808,0,0,yolo,120.2,yolo,0,0,0,0.000,0,-1,0
1785624639.705,4.693,-1.861,3.517,0.9961,0,2.438,0.320,-2.785,0.2718,6.631,0.323,0.995,1.000,2.785,2.255,0.2147,-0.0337,0.281,0.281,1.021,1.321,1.217,-1.541,0.0067,1.233,nan,0.00,1,1,1,0,1,0.0000,0.453,0,0.191,0,0.790,0,0,yolo,120.2,yolo,0,0,0,0.000,0,-1,0
1785624639.736,4.693,-1.861,3.517,0.9961,0,0.938,0.106,-2.648,0.2783,6.360,0.294,0.944,1.000,2.648,4.273,0.2279,0.9238,0.281,0.090,1.021,1.321,1.279,-1.755,0.0067,1.171,nan,0.00,1,1,1,1,1,0.0000,0.453,0,0.191,0,0.790,0,0,yolo,114.8,yolo,0,0,0,0.000,0,-1,0
1785624639.767,4.429,-1.847,3.788,0.9965,0,2.438,0.131,-2.648,0.2717,6.360,0.294,0.944,1.000,2.648,1.463,0.2134,-0.0163,0.303,0.303,1.005,1.327,1.281,-1.717,0.0067,1.169,nan,0.00,1,1,1,0,1,0.0000,0.453,0,0.191,0,0.778,0,0,yolo,114.8,yolo,0,0,0,0.000,0,-1,0
1785624639.799,4.162,-1.854,4.050,0.9968,0,3.082,0.181,-2.648,0.2716,6.360,0.294,0.944,1.000,2.648,1.080,0.2341,-0.0329,0.324,0.324,0.988,1.334,1.282,-1.673,0.0067,1.168,nan,0.00,1,1,1,0,1,0.0000,0.453,0,0.191,0,0.778,0,0,yolo,114.8,yolo,0,0,0,0.000,0,-1,0
1785624639.829,3.821,-1.851,4.305,0.9973,0,3.043,0.205,-2.648,0.2715,6.360,0.294,0.944,1.000,2.648,0.778,0.2505,-0.0491,0.340,0.340,0.972,1.341,1.283,-1.645,0.0067,1.167,nan,0.00,1,1,1,0,1,0.0000,0.572,0,0.197,1,0.780,0,0,yolo,114.8,yolo,0,0,0,0.000,0,-1,0
1785624639.861,3.821,-1.851,4.305,0.9973,0,1.543,-0.011,-2.394,0.2715,6.340,0.265,0.886,1.000,2.394,2.445,0.2113,0.4580,0.340,0.183,0.972,1.341,1.344,-1.861,0.0067,1.106,nan,0.00,1,1,1,1,1,0.0000,0.572,0,0.197,1,0.780,0,0,yolo,126.7,yolo,0,0,0,0.000,0,-1,0
1785624639.893,3.655,-1.871,4.566,0.9974,0,3.043,0.079,-2.394,0.2714,6.340,0.265,0.886,1.000,2.394,0.203,0.1777,-0.0179,0.361,0.361,0.954,1.349,1.343,-1.792,0.0067,1.107,nan,0.00,1,1,1,0,1,0.0000,0.461,0,0.201,0,0.759,0,0,yolo,126.7,yolo,0,0,0,0.000,0,-1,0
1785624639.924,3.655,-1.871,4.566,0.9974,0,3.451,0.021,-2.394,0.2714,6.340,0.265,0.886,1.000,2.394,0.203,0.1777,-0.0179,0.361,0.361,0.954,1.349,1.343,-1.849,0.0067,1.107,nan,0.00,1,1,1,0,1,0.0000,0.590,0,0.215,1,0.783,0,0,yolo,126.7,yolo,0,0,0,0.000,0,-1,0
1785624639.956,3.245,-1.874,4.827,0.9979,0,3.301,0.089,-2.394,0.2713,6.340,0.265,0.886,1.000,2.394,-0.057,0.1918,-0.0359,0.375,0.375,0.936,1.357,1.344,-1.785,0.0067,1.106,nan,0.00,1,1,1,0,1,0.0000,0.355,0,0.217,0,0.785,0,0,yolo,126.7,yolo,0,0,0,0.000,0,-1,0
1785624639.988,2.843,-1.876,5.089,0.9982,0,2.806,-0.079,-1.905,0.2712,6.234,0.207,0.804,1.000,1.905,0.037,0.3985,0.6691,0.385,0.198,0.919,1.365,1.433,-1.955,0.0067,1.017,nan,0.00,1,1,1,1,1,0.0000,0.355,0,0.217,0,0.785,0,0,yolo,120.7,yolo,0,0,0,0.000,0,-1,0
1785624640.019,2.843,-1.876,5.089,0.9982,0,4.306,-0.143,-1.905,0.2712,6.234,0.207,0.804,1.000,1.905,-1.479,0.1868,0.0000,0.385,0.385,0.919,1.365,1.433,-2.020,0.0067,1.017,nan,0.00,1,1,1,0,1,0.0000,0.421,0,0.151,1,0.817,0,0,yolo,120.7,yolo,0,0,0,0.000,0,-1,0
1785624640.054,2.524,-1.896,5.287,0.9985,0,4.173,-0.062,-1.905,0.2712,6.234,0.207,0.804,1.000,1.905,-1.649,0.1958,-0.0164,0.394,0.394,0.902,1.373,1.432,-1.958,0.0067,1.018,nan,0.00,1,1,1,0,1,0.0000,0.421,0,0.151,1,0.817,1,0,yolo,120.7,yolo,0,0,0,0.000,0,-1,0
1785624640.081,2.082,-1.912,5.482,0.9988,0,3.827,0.009,-1.905,0.2711,6.234,0.207,0.804,1.000,1.905,-1.745,0.2009,-0.0338,0.399,0.399,0.885,1.381,1.432,-1.903,0.0067,1.018,nan,0.00,1,1,1,0,1,0.0000,0.610,0,0.235,1,0.820,0,0,yolo,120.7,yolo,0,0,0,0.000,0,-1,0
1785624640.120,2.082,-1.912,5.482,0.9988,0,5.080,-0.361,-1.111,0.2769,6.242,0.121,0.685,1.000,1.111,-2.998,0.5194,0.7288,0.399,0.231,0.885,1.381,1.553,-2.274,0.0067,0.897,nan,0.00,1,1,1,1,1,0.0000,0.606,0,0.231,1,0.836,0,0,yolo,132.6,yolo,0,0,0,0.000,0,-1,0
1785624640.157,1.650,-1.916,5.681,0.9990,0,5.216,-0.303,-1.111,0.2708,6.242,0.121,0.685,1.000,1.111,-3.566,0.1686,-0.0160,0.400,0.400,0.869,1.389,1.553,-2.220,0.0066,0.897,nan,0.00,1,1,1,0,1,0.0000,0.606,0,0.231,1,0.836,0,0,yolo,132.6,yolo,0,0,0,0.000,0,-1,0
1785624640.188,0.976,-1.962,5.799,0.9993,0,4.420,-0.191,-1.111,0.2707,6.242,0.121,0.685,1.000,1.111,-3.444,0.1621,-0.0331,0.393,0.393,0.852,1.398,1.550,-2.153,0.0065,0.900,nan,0.00,1,1,1,0,1,0.0000,0.607,0,0.232,1,0.832,0,0,yolo,132.6,yolo,0,0,0,0.000,0,-1,0
1785624640.220,0.504,-1.980,5.893,0.9994,0,3.806,-0.140,-1.111,0.2706,6.242,0.121,0.685,1.000,1.111,-3.303,0.1546,-0.0479,0.385,0.385,0.837,1.405,1.549,-2.120,0.0064,0.901,nan,0.00,1,1,1,0,1,0.0000,0.615,0,0.240,1,0.833,0,0,yolo,132.6,yolo,0,0,0,0.000,0,-1,0
1785624640.256,0.504,-1.980,5.893,0.9994,0,5.306,-0.488,-0.048,0.2840,5.799,0.021,0.591,0.966,0.211,-7.098,0.6828,0.8274,0.385,0.301,0.837,1.405,1.659,-2.468,0.0063,0.791,nan,0.00,1,1,1,1,1,0.0000,0.615,0,0.240,1,0.833,1,0,yolo,121.0,yolo,0,0,0,0.000,0,-1,0
1785624640.296,0.099,-1.995,6.004,0.9994,0,5.319,-0.423,-0.077,0.2704,5.799,0.021,0.591,0.966,0.211,-5.220,0.0743,-0.0139,0.375,0.375,0.823,1.412,1.658,-2.418,0.0062,0.792,nan,0.00,1,1,1,0,1,0.0000,0.616,0,0.241,1,0.836,0,0,yolo,121.0,yolo,0,0,0,0.000,0,-1,0
1785624640.328,-0.411,-2.026,6.088,0.9993,0,4.533,-0.343,-0.099,0.2703,5.799,0.021,0.591,0.966,0.211,-4.944,0.0599,-0.0275,0.361,0.361,0.810,1.420,1.655,-2.369,0.0062,0.795,nan,0.00,1,1,1,0,1,0.0000,0.567,0,0.192,1,0.801,0,0,yolo,121.0,yolo,0,0,0,0.000,0,-1,0
1785624640.360,-0.862,-2.059,6.072,0.9992,0,6.033,-0.441,0.874,0.2870,5.409,-0.054,0.507,0.902,-0.570,-9.742,0.7378,0.9408,0.347,0.359,0.797,1.427,1.749,-2.500,0.0061,0.701,nan,0.00,1,1,1,1,1,0.0000,0.567,0,0.192,1,0.801,0,0,yolo,118.4,yolo,0,0,0,0.000,0,-1,0
1785624640.389,-0.862,-2.059,6.072,0.9992,0,5.332,-0.441,0.913,0.2703,5.409,-0.054,0.507,0.902,-0.570,-6.194,-0.0118,0.0000,0.347,0.347,0.797,1.427,1.749,-2.500,0.0060,0.701,nan,0.00,1,1,1,0,1,0.0000,0.563,0,0.188,1,0.771,0,0,yolo,118.4,yolo,0,0,0,0.000,0,-1,0
1785624640.420,-1.541,-2.110,6.003,0.9990,0,4.249,-0.390,0.943,0.2537,5.409,-0.054,0.507,0.902,-0.570,-5.790,-0.0333,-0.0183,0.325,0.325,0.779,1.434,1.743,-2.500,0.0059,0.707,nan,0.00,1,1,1,0,1,0.0000,0.563,0,0.188,1,0.771,0,0,yolo,118.4,yolo,0,0,0,0.000,0,-1,0
1785624640.452,-1.937,-2.149,5.905,0.9987,0,3.509,-0.351,0.965,0.2479,5.409,-0.054,0.507,0.902,-0.570,-5.446,-0.0516,-0.0206,0.307,0.307,0.777,1.441,1.739,-2.500,0.0059,0.711,nan,0.00,1,1,1,0,1,0.0000,0.562,0,0.187,1,0.774,0,0,yolo,118.4,yolo,0,0,0,0.000,0,-1,0
1785624640.487,-2.304,-2.189,5.814,0.9985,0,5.009,-0.311,2.048,0.2646,5.088,-0.146,0.418,0.848,-1.644,-10.856,0.5721,0.5612,0.285,0.346,0.797,1.448,1.833,-2.500,0.0058,0.617,nan,0.00,1,1,1,1,1,0.0000,0.562,0,0.187,1,0.774,3,0,yolo,119.5,yolo,0,0,0,0.000,0,-1,0
1785624640.515,-2.304,-2.189,5.814,0.9985,0,4.990,-0.311,2.017,0.2516,5.088,-0.146,0.418,0.848,-1.644,-7.294,-0.0614,0.0000,0.285,0.285,0.797,1.448,1.833,-2.500,0.0057,0.617,nan,0.00,1,1,1,0,1,0.0000,0.674,0,0.186,2,0.739,0,0,yolo,119.5,yolo,0,0,0,0.000,0,-1,0
1785624640.551,-2.864,-2.232,5.631,0.9980,0,3.929,-0.268,1.994,0.2683,5.088,-0.146,0.418,0.848,-1.644,-6.793,-0.0885,0.0252,0.258,0.258,0.822,1.456,1.828,-2.500,0.0057,0.622,nan,0.00,1,1,1,0,1,0.0000,0.674,0,0.186,2,0.739,1,0,yolo,119.5,yolo,0,0,0,0.000,0,-1,0
1785624640.591,-3.283,-2.273,5.407,0.9976,0,5.429,-0.227,2.462,0.2850,5.149,-0.238,0.294,0.858,-2.643,-14.000,2.6916,2.0000,0.229,0.636,0.850,1.463,1.939,-2.500,0.0056,0.511,nan,0.00,1,1,1,1,1,0.0000,0.402,0,0.128,1,0.739,0,0,yolo,116.8,yolo,0,0,0,0.000,0,-1,0
1785624640.623,-3.945,-2.316,5.160,0.9968,0,3.929,-0.184,2.189,0.2704,5.149,-0.238,0.294,0.858,-2.643,-6.486,-0.4452,0.0313,0.191,0.191,0.882,1.472,1.932,-2.500,0.0056,0.518,nan,0.00,1,1,1,0,1,0.0000,0.786,0,0.186,3,0.725,0,0,yolo,116.8,yolo,0,0,0,0.000,0,-1,0
1785624640.655,-3.945,-2.316,5.160,0.9968,0,2.541,-0.184,1.983,0.2704,5.149,-0.238,0.294,0.858,-2.643,-6.486,-0.4452,0.0313,0.191,0.191,0.882,1.472,1.932,-2.500,0.0055,0.518,nan,0.00,1,1,1,0,1,0.0000,0.786,0,0.186,3,0.725,0,0,yolo,116.8,yolo,0,0,0,0.000,0,-1,0
1785624640.686,-4.210,-2.355,4.935,0.9965,0,1.565,-0.145,1.829,0.2704,5.149,-0.238,0.294,0.858,-2.643,-5.775,-0.4836,0.0473,0.153,0.153,0.898,1.481,1.928,-2.500,0.0055,0.522,nan,0.00,1,1,1,0,1,0.0000,0.593,0,0.218,1,0.686,0,0,yolo,116.8,yolo,0,0,0,0.000,0,-1,0
1785624640.717,-4.388,-2.384,4.763,0.9962,0,3.065,-0.116,2.537,0.2853,4.813,-0.277,0.219,0.802,-3.300,-14.000,0.4139,0.6207,0.118,0.437,0.890,1.490,1.980,-2.500,0.0054,0.440,nan,0.00,1,1,1,1,1,0.0000,0.593,0,0.218,1,0.686,0,0,yolo,125.4,yolo,0,0,0,0.000,0,-1,0
1785624640.750,-4.388,-2.384,4.763,0.9962,0,2.627,-0.116,2.913,0.2704,4.813,-0.277,0.219,0.802,-3.300,-7.015,-0.3189,0.0000,0.118,0.118,0.890,1.490,1.980,-2.500,0.0054,0.440,nan,0.00,1,1,1,0,1,0.0000,0.593,0,0.218,1,0.686,0,0,yolo,125.4,yolo,0,0,0,0.000,0,-1,0
1785624640.781,-4.705,-2.422,4.469,0.9957,0,1.628,-0.078,3.195,0.2705,4.813,-0.277,0.219,0.802,-3.300,-6.333,-0.3563,-0.0115,0.080,0.080,0.879,1.499,1.976,-2.500,0.0053,0.444,nan,0.00,1,1,1,0,1,0.0000,0.709,0,0.215,2,0.684,0,0,yolo,125.4,yolo,0,0,0,0.000,0,-1,0
1785624640.813,-4.879,-2.462,4.101,0.9955,0,0.785,-0.038,3.406,0.2705,4.813,-0.277,0.219,0.802,-3.300,-5.664,-0.3929,-0.0256,0.044,0.044,0.865,1.509,1.972,-2.500,0.0053,0.448,nan,0.00,1,1,1,0,1,0.0000,0.709,0,0.215,2,0.684,0,0,yolo,125.4,yolo,0,0,0,0.000,0,-1,0
1785624640.846,-4.879,-2.462,4.101,0.9955,0,2.285,-0.038,4.039,0.2872,4.561,-0.315,0.117,0.760,-3.956,-12.917,0.3137,0.6534,0.044,0.296,0.865,1.509,2.031,-2.500,0.0053,0.339,nan,0.00,1,1,1,1,1,0.0000,0.668,0,0.182,2,0.670,0,0,yolo,127.6,yolo,0,0,0,0.000,0,-1,0
1785624640.884,-5.055,-2.503,3.739,0.9952,0,1.456,0.003,4.121,0.2705,4.561,-0.315,0.117,0.760,-3.956,-6.512,-0.2895,-0.0092,0.007,0.007,0.855,1.519,2.027,-2.500,0.0052,0.344,nan,0.00,1,1,1,0,1,0.0000,0.668,0,0.182,2,0.670,1,0,yolo,127.6,yolo,0,0,0,0.000,0,-1,0
1785624640.926,-5.209,-2.546,3.267,0.9949,0,0.637,0.046,4.183,0.2706,4.561,-0.315,0.117,0.760,-3.956,-5.846,-0.3263,-0.0249,-0.030,-0.030,0.840,1.529,2.023,-2.500,0.0052,0.348,nan,0.00,1,1,1,0,1,0.0000,0.661,0,0.176,2,0.696,0,0,yolo,127.6,yolo,0,0,0,0.000,0,-1,0
1785624640.957,-5.209,-2.546,3.267,0.9949,0,0.637,0.046,4.230,0.2705,4.561,-0.315,0.117,0.760,-3.956,-5.846,-0.3263,-0.0249,-0.030,-0.030,0.840,1.529,2.023,-2.500,0.0052,0.348,nan,0.00,1,1,1,0,1,0.0000,0.661,0,0.176,2,0.696,0,0,yolo,127.6,yolo,0,0,0,0.000,0,-1,0
1785624640.995,-5.269,-2.583,2.802,0.9948,0,2.137,0.083,4.474,0.2872,4.297,-0.316,0.007,0.716,-4.203,-9.952,0.1385,0.8854,-0.067,0.136,0.826,1.541,2.059,-2.500,0.0051,0.230,nan,0.00,1,1,1,1,1,0.0000,0.546,0,0.171,1,0.737,0,0,yolo,131.8,yolo,0,0,0,0.000,0,-1,0
1785624641.023,-5.564,-2.623,2.269,0.9942,0,0.637,0.123,4.488,0.2707,4.297,-0.316,0.007,0.716,-4.203,-5.089,-0.2450,-0.0227,-0.109,-0.109,0.803,1.553,2.059,-2.500,0.0051,0.234,nan,0.00,1,1,1,0,1,0.0000,0.546,0,0.171,1,0.737,0,0,yolo,131.8,yolo,0,0,0,0.000,0,-1,0
1785624641.057,-5.564,-2.623,2.269,0.9942,0,-0.475,0.123,4.498,0.2706,4.297,-0.316,0.007,0.716,-4.203,-5.089,-0.2450,-0.0227,-0.109,-0.109,0.803,1.553,2.059,-2.500,0.0051,0.234,nan,0.00,1,1,1,0,1,0.0000,0.327,0,0.169,2,0.729,0,0,yolo,131.8,yolo,0,0,0,0.000,0,-1,0
1785624641.091,-5.596,-2.656,1.783,0.9942,0,-1.144,0.156,4.505,0.2617,4.297,-0.316,0.007,0.716,-4.203,-4.452,-0.2807,-0.0406,-0.145,-0.145,0.785,1.565,2.059,-2.500,0.0051,0.237,nan,0.00,1,1,1,0,1,0.0000,0.270,0,0.165,1,0.706,0,0,yolo,131.8,yolo,0,0,0,0.000,0,-1,0
1785624641.129,-5.431,-2.684,1.302,0.9944,0,0.356,0.184,4.473,0.2783,4.050,-0.296,-0.096,0.675,-4.182,-6.845,-0.0109,0.8614,-0.176,-0.012,0.786,1.576,2.010,-2.500,0.0051,0.122,nan,0.00,1,1,1,1,1,0.0000,0.390,0,0.113,1,0.673,0,0,yolo,131.1,yolo,0,0,0,0.000,0,-1,0
1785624641.160,-5.431,-2.684,1.302,0.9944,0,-1.144,0.184,4.426,0.2669,4.050,-0.296,-0.096,0.675,-4.182,-3.986,-0.1641,0.0000,-0.176,-0.176,0.786,1.576,2.010,-2.500,0.0050,0.122,nan,0.00,1,1,1,0,1,0.0000,0.390,0,0.113,1,0.673,0,0,yolo,131.1,yolo,0,0,0,0.000,0,-1,0
1785624641.191,-5.492,-2.709,0.797,0.9943,0,-2.142,0.209,4.391,0.2666,4.050,-0.296,-0.096,0.675,-4.182,-3.350,-0.2001,-0.0043,-0.212,-0.212,0.782,1.589,2.010,-2.500,0.0050,0.124,nan,0.00,1,1,1,0,1,0.0000,0.383,0,0.103,1,0.621,0,0,yolo,131.1,yolo,0,0,0,0.000,0,-1,0
1785624641.224,-5.150,-2.731,0.272,0.9948,0,-2.330,0.231,4.364,0.2663,4.050,-0.296,-0.096,0.675,-4.182,-2.820,-0.2301,-0.0076,-0.242,-0.242,0.778,1.603,2.010,-2.500,0.0050,0.124,nan,0.00,1,1,1,0,1,0.0000,0.383,0,0.103,1,0.621,0,0,yolo,131.1,yolo,0,0,0,0.000,0,-1,0
1785624641.255,-5.150,-2.731,0.272,0.9948,0,-1.474,0.231,4.039,0.2830,3.794,-0.254,-0.196,0.632,-3.833,-3.676,-0.1732,0.8665,-0.242,-0.129,0.778,1.603,1.959,-2.500,0.0050,0.008,nan,0.00,1,1,1,1,1,0.0000,0.383,0,0.104,1,0.589,0,0,yolo,132.4,yolo,0,0,0,0.000,0,-1,0
1785624641.286,-4.954,-2.743,-0.223,0.9951,0,-2.974,0.243,3.943,0.2700,3.794,-0.254,-0.196,0.632,-3.833,-1.686,-0.1453,-0.0015,-0.274,-0.274,0.777,1.617,1.959,-2.500,0.0050,0.008,nan,0.00,1,1,1,0,1,0.0000,0.383,0,0.104,1,0.589,0,0,yolo,132.4,yolo,0,0,0,0.000,0,-1,0
1785624641.318,-4.954,-2.743,-0.223,0.9951,0,-3.268,0.243,3.871,0.2700,3.794,-0.254,-0.196,0.632,-3.833,-1.686,-0.1453,-0.0015,-0.274,-0.274,0.777,1.617,1.959,-2.500,0.0050,0.008,nan,0.00,1,1,1,0,1,0.0000,0.246,0,0.035,1,0.558,0,0,yolo,132.4,yolo,0,0,0,0.000,0,-1,0
1785624641.355,-4.618,-2.749,-0.591,0.9956,0,-3.697,0.345,3.111,0.2867,3.503,-0.194,-0.294,0.584,-3.169,-0.920,-0.4061,1.1772,-0.293,-0.176,0.774,1.628,1.901,-2.404,0.0050,-0.109,nan,0.00,1,1,1,1,1,0.0000,0.162,0,0.030,0,0.535,0,0,yolo,109.4,yolo,0,0,0,0.000,0,-1,0
1785624641.382,-4.210,-2.735,-0.901,0.9962,0,-4.407,0.388,2.827,0.2725,3.503,-0.194,-0.294,0.584,-3.169,0.197,-0.1336,-0.0206,-0.310,-0.310,0.754,1.639,1.901,-2.347,0.0050,-0.112,nan,0.00,1,1,1,0,1,0.0000,0.162,0,0.030,0,0.535,0,0,yolo,109.4,yolo,0,0,0,0.000,0,-1,0
1785624641.412,-4.210,-2.735,-0.901,0.9962,0,-4.407,0.296,2.615,0.2725,3.503,-0.194,-0.294,0.584,-3.169,0.197,-0.1336,-0.0206,-0.310,-0.310,0.754,1.639,1.901,-2.440,0.0050,-0.112,nan,0.00,1,1,1,0,1,0.0000,0.161,0,0.027,0,0.514,0,0,yolo,109.4,yolo,0,0,0,0.000,0,-1,0
1785624641.443,-3.662,-2.708,-1.194,0.9968,0,-4.115,0.354,2.456,0.2715,3.503,-0.194,-0.294,0.584,-3.169,0.453,-0.1484,-0.0412,-0.325,-0.325,0.733,1.650,1.901,-2.354,0.0051,-0.115,nan,0.00,1,1,1,0,1,0.0000,0.161,0,0.027,0,0.514,0,0,yolo,109.4,yolo,0,0,0,0.000,0,-1,0
1785624641.474,-3.190,-2.684,-1.453,0.9974,0,-4.932,0.520,1.705,0.2882,3.235,-0.131,-0.381,0.539,-2.311,1.742,-0.4842,1.0548,-0.336,-0.248,0.711,1.660,1.847,-2.164,0.0051,-0.221,nan,0.00,1,1,1,1,1,0.0000,0.160,0,0.026,0,0.498,0,0,yolo,119.3,yolo,0,0,0,0.000,0,-1,0
1785624641.500,-3.190,-2.684,-1.453,0.9974,0,-5.117,0.429,1.547,0.2765,3.235,-0.131,-0.381,0.539,-2.311,1.928,-0.0876,0.0000,-0.336,-0.336,0.711,1.660,1.847,-2.255,0.0051,-0.221,nan,0.00,1,1,1,0,1,0.0000,0.160,0,0.026,0,0.498,0,0,yolo,119.3,yolo,0,0,0,0.000,0,-1,0
1785624641.536,-2.486,-2.635,-1.625,0.9980,0,-4.542,0.457,1.428,0.2754,3.235,-0.131,-0.381,0.539,-2.311,2.056,-0.0951,-0.0237,-0.343,-0.343,0.687,1.671,1.847,-2.178,0.0051,-0.226,nan,0.00,1,1,1,0,1,0.0000,0.121,0,0.030,1,0.485,0,0,yolo,119.3,yolo,0,0,0,0.000,0,-1,0
1785624641.573,-2.486,-2.635,-1.625,0.9980,0,-4.542,0.378,1.338,0.2754,3.235,-0.131,-0.381,0.539,-2.311,2.056,-0.0951,-0.0237,-0.343,-0.343,0.687,1.671,1.847,-2.257,0.0052,-0.226,nan,0.00,1,1,1,0,1,0.0000,0.163,0,0.032,0,0.476,0,0,yolo,119.3,yolo,0,0,0,0.000,0,-1,0
1785624641.604,-1.898,-2.581,-1.787,0.9984,0,-6.042,0.629,0.503,0.2921,2.996,-0.063,-0.463,0.499,-1.203,4.402,-0.5795,0.9964,-0.346,-0.311,0.658,1.680,1.754,-1.952,0.0052,-0.325,nan,0.00,1,1,1,1,1,0.0000,0.163,0,0.032,0,0.476,0,0,yolo,116.6,yolo,0,0,0,0.000,0,-1,0
1785624641.634,-1.163,-2.509,-1.849,0.9988,0,-4.644,0.588,0.354,0.2782,2.996,-0.063,-0.463,0.499,-1.203,3.481,-0.0313,-0.0285,-0.343,-0.343,0.630,1.687,1.751,-1.921,0.0052,-0.330,nan,0.00,1,1,1,0,0,0.0000,0.000,0,0.000,0,0.000,0,0,yolo,116.6,yolo,0,0,0,0.000,0,-1,0
1785624641.664,-1.163,-2.509,-1.849,0.9988,0,-4.644,0.516,0.242,0.2782,2.996,-0.063,-0.463,0.499,-1.203,3.481,-0.0313,-0.0285,-0.343,-0.343,0.630,1.687,1.751,-1.992,0.0052,-0.330,nan,0.00,1,1,1,0,1,0.0000,0.252,0,0.045,1,0.449,0,0,yolo,116.6,yolo,0,0,0,0.000,0,-1,0
1785624641.690,-0.583,-2.444,-1.859,0.9990,0,-3.978,0.501,0.158,0.2766,2.996,-0.063,-0.463,0.499,-1.203,3.395,-0.0262,-0.0656,-0.337,-0.337,0.593,1.694,1.749,-1.943,0.0053,-0.334,nan,0.00,1,1,1,0,1,0.0000,0.252,0,0.045,1,0.449,0,0,yolo,116.6,yolo,0,0,0,0.000,0,-1,0
1785624641.721,-0.076,-2.388,-1.869,0.9991,0,-5.099,0.683,-0.639,0.2933,2.770,-0.006,-0.536,0.462,-0.129,5.022,-0.3115,0.5161,-0.330,-0.311,0.556,1.700,1.660,-1.704,0.0053,-0.420,nan,0.00,1,1,1,1,1,0.0000,0.252,0,0.045,1,0.428,0,0,yolo,119.5,yolo,0,0,0,0.000,0,-1,0
1785624641.753,-0.068,-2.387,-1.870,0.9991,0,-4.674,0.625,-0.807,0.2822,2.770,-0.006,-0.536,0.462,-0.129,4.607,-0.0183,-0.0007,-0.330,-0.330,0.556,1.700,1.660,-1.761,0.0054,-0.420,nan,0.00,1,1,1,0,1,0.0000,0.252,0,0.045,1,0.428,0,0,yolo,119.5,yolo,0,0,0,0.000,0,-1,0
1785624641.780,0.526,-2.309,-1.777,0.9991,0,-3.908,0.571,-0.932,0.2805,2.770,-0.006,-0.536,0.462,-0.129,4.434,-0.0079,-0.0417,-0.319,-0.319,0.515,1.705,1.658,-1.738,0.0054,-0.424,nan,0.00,1,1,1,0,1,0.0000,0.250,0,0.042,1,0.408,0,0,yolo,119.5,yolo,0,0,0,0.000,0,-1,0
1785624641.825,0.526,-2.309,-1.777,0.9991,0,-5.408,0.710,-1.651,0.2972,2.546,0.038,-0.598,0.424,0.865,6.533,-0.4416,0.7020,-0.319,-0.328,0.515,1.705,1.585,-1.599,0.0055,-0.494,nan,0.00,1,1,1,1,1,0.0000,0.342,0,0.053,2,0.381,0,0,yolo,110.4,yolo,0,0,0,0.000,0,-1,0
1785624641.864,0.982,-2.243,-1.658,0.9991,0,-4.284,0.666,-1.818,0.2830,2.546,0.038,-0.598,0.424,0.865,5.266,0.0202,-0.0364,-0.308,-0.308,0.478,1.708,1.583,-1.577,0.0055,-0.497,nan,0.00,1,1,1,0,1,0.0000,0.342,0,0.053,2,0.381,0,0,yolo,110.4,yolo,0,0,0,0.000,0,-1,0
1785624641.895,1.516,-2.165,-1.458,0.9989,0,-3.518,0.592,-1.944,0.2814,2.546,0.038,-0.598,0.424,0.865,5.034,0.0344,-0.0774,-0.293,-0.293,0.437,1.711,1.582,-1.573,0.0056,-0.500,nan,0.00,1,1,1,0,1,0.0000,0.498,0,0.123,2,0.177,0,0,yolo,110.4,yolo,0,0,0,0.000,0,-1,0
1785624641.925,1.994,-2.097,-1.268,0.9987,0,-2.783,0.519,-2.038,0.2797,2.546,0.038,-0.598,0.424,0.865,4.776,0.0502,-0.1181,-0.278,-0.278,0.396,1.713,1.581,-1.578,0.0056,-0.502,nan,0.00,1,1,1,0,1,0.0000,0.677,0,0.189,2,0.114,0,0,yolo,110.4,yolo,0,0,0,0.000,0,-1,0
1785624641.958,1.994,-2.097,-1.268,0.9987,0,-2.783,0.491,-2.109,0.2798,2.546,0.038,-0.598,0.424,0.865,4.776,0.0502,-0.1181,-0.278,-0.278,0.396,1.713,1.581,-1.606,0.0057,-0.502,nan,0.00,1,1,1,0,1,0.0000,0.677,0,0.189,2,0.114,0,0,yolo,110.4,yolo,0,0,0,0.000,0,-1,0
1785624641.989,2.332,-2.046,-1.036,0.9985,0,-2.149,0.443,-2.162,0.2777,2.546,0.038,-0.598,0.424,0.865,4.481,0.0683,-0.1679,-0.259,-0.259,0.347,1.714,1.580,-1.602,0.0057,-0.504,nan,0.00,1,1,1,0,1,-1.0334,0.800,1,0.259,3,0.047,0,0,yolo,110.4,yolo,0,0,0,0.000,0,-1,0
1785624642.021,2.572,-2.004,-0.812,0.9984,0,-1.628,0.401,-2.201,0.2760,2.546,0.038,-0.598,0.424,0.865,4.200,0.0854,-0.2083,-0.242,-0.242,0.306,1.715,1.579,-1.603,0.0058,-0.506,nan,0.00,1,1,1,0,1,0.0000,0.393,0,0.398,4,0.044,0,0,yolo,110.4,yolo,0,0,0,0.000,0,-1,0
1785624642.053,2.572,-2.004,-0.812,0.9984,0,-1.628,0.384,-2.231,0.2761,2.546,0.038,-0.598,0.424,0.865,4.200,0.0854,-0.2083,-0.242,-0.242,0.306,1.715,1.579,-1.620,0.0058,-0.506,nan,0.00,1,1,1,0,1,0.0000,0.786,0,0.398,4,0.044,0,0,yolo,110.4,yolo,0,0,0,0.000,0,-1,0
1785624642.084,2.746,-1.971,-0.597,0.9983,0,-1.167,0.353,-2.254,0.2747,2.546,0.038,-0.598,0.424,0.865,3.913,0.1029,-0.2418,-0.225,-0.225,0.273,1.716,1.578,-1.618,0.0059,-0.507,nan,0.00,1,1,1,0,1,-0.8709,0.786,1,0.403,4,0.035,0,0,yolo,110.4,yolo,0,0,0,0.000,0,-1,0
1785624642.114,2.746,-1.971,-0.597,0.9983,0,-1.167,0.341,-2.270,0.2747,2.546,0.038,-0.598,0.424,0.865,3.913,0.1029,-0.2418,-0.225,-0.225,0.273,1.716,1.578,-1.629,0.0059,-0.507,nan,0.00,1,1,1,0,1,-0.8709,0.786,1,0.403,4,0.035,0,0,yolo,110.4,yolo,0,0,0,0.000,0,-1,0
1785624642.144,2.893,-1.938,-0.338,0.9982,0,-0.676,0.314,-2.283,0.2733,2.546,0.038,-0.598,0.424,0.865,3.569,0.1239,-0.2754,-0.204,-0.204,0.239,1.717,1.578,-1.624,0.0060,-0.508,nan,0.00,1,1,1,0,1,0.0000,0.393,0,0.406,4,0.043,0,0,yolo,110.4,yolo,0,0,0,0.000,0,-1,0
1785624642.176,2.966,-1.915,-0.111,0.9981,0,-0.305,0.293,-2.292,0.2723,2.546,0.038,-0.598,0.424,0.865,3.271,0.1421,-0.3005,-0.186,-0.186,0.214,1.718,1.577,-1.622,0.0060,-0.509,nan,0.00,1,1,1,0,1,-0.3231,0.750,1,0.500,4,0.065,0,0,yolo,110.4,yolo,0,0,0,0.000,0,-1,0
1785624642.207,2.966,-1.915,-0.111,0.9981,0,-0.305,0.285,-2.299,0.2723,2.546,0.038,-0.598,0.424,0.865,3.271,0.1421,-0.3005,-0.186,-0.186,0.214,1.718,1.577,-1.630,0.0061,-0.509,nan,0.00,1,1,1,0,1,-0.3231,0.750,1,0.500,4,0.065,0,0,yolo,110.4,yolo,0,0,0,0.000,0,-1,0
1785624642.236,3.006,-1.889,0.162,0.9981,0,0.088,0.264,-2.305,0.2713,2.546,0.038,-0.598,0.424,0.865,2.919,0.1636,-0.3255,-0.164,-0.164,0.189,1.718,1.576,-1.625,0.0061,-0.511,nan,0.00,1,1,1,0,1,-0.3314,0.857,1,0.451,5,0.085,0,0,yolo,110.4,yolo,0,0,0,0.000,0,-1,0
1785624642.265,3.006,-1.889,0.162,0.9981,0,0.088,0.258,-2.309,0.2714,2.546,0.038,-0.598,0.424,0.865,2.919,0.1636,-0.3255,-0.164,-0.164,0.189,1.718,1.576,-1.631,0.0062,-0.511,nan,0.00,1,1,1,0,1,0.0000,0.625,0,0.485,2,-0.040,0,0,yolo,110.4,yolo,0,0,0,0.000,0,-1,0
1785624642.299,2.992,-1.865,0.489,0.9981,0,0.480,0.239,-2.312,0.2703,2.546,0.038,-0.598,0.424,0.865,2.512,0.1884,-0.3517,-0.139,-0.139,0.163,1.719,1.576,-1.625,0.0062,-0.512,nan,0.00,1,1,1,0,1,0.0000,0.625,0,0.485,2,-0.040,0,0,yolo,110.4,yolo,0,0,0,0.000,0,-1,0
1785624642.338,2.992,-1.865,0.489,0.9981,0,0.480,0.234,-2.314,0.2703,2.546,0.038,-0.598,0.424,0.865,2.512,0.1884,-0.3517,-0.139,-0.139,0.163,1.719,1.576,-1.630,0.0063,-0.512,nan,0.00,1,1,1,0,1,0.0000,0.250,0,0.496,0,-0.206,0,0,yolo,110.4,yolo,0,0,0,0.000,0,-1,0
1785624642.377,2.927,-1.847,0.761,0.9982,0,0.735,0.221,-2.316,0.2695,2.546,0.038,-0.598,0.424,0.865,2.192,0.2079,-0.3709,-0.120,-0.120,0.144,1.719,1.575,-1.626,0.0063,-0.512,nan,0.00,1,1,1,0,1,0.0000,0.250,0,0.496,0,-0.206,0,0,yolo,110.4,yolo,0,0,0,0.000,0,-1,0
1785624642.404,2.869,-1.829,1.025,0.9982,0,0.975,0.206,-2.317,0.2688,2.546,0.038,-0.598,0.424,0.865,1.894,0.2260,-0.3885,-0.102,-0.102,0.126,1.720,1.575,-1.624,0.0064,-0.513,nan,0.00,1,1,1,0,1,0.0000,0.250,0,0.432,0,-0.237,0,0,yolo,110.4,yolo,0,0,0,0.000,0,-1,0
1785624642.441,2.743,-1.827,1.738,0.9983,0,0.848,0.228,-2.318,0.2682,2.546,0.038,-0.598,0.424,0.865,1.895,0.2260,-0.4017,-0.102,-0.102,0.113,1.722,1.575,-1.599,0.0064,-0.514,nan,0.00,1,1,1,0,1,-0.0161,0.250,1,0.357,0,-0.294,0,0,yolo,110.4,yolo,0,0,0,0.000,0,-1,0
1785624642.478,2.611,-1.898,2.087,0.9984,0,0.854,0.366,-2.318,0.2677,2.546,0.038,-0.598,0.424,0.865,1.756,0.2344,-0.4125,-0.093,-0.093,0.102,1.728,1.576,-1.532,0.0065,-0.511,nan,0.00,1,1,1,0,1,0.0000,0.468,0,0.210,0,-0.403,0,0,yolo,110.4,yolo,0,0,0,0.000,0,-1,0
1785624642.519,2.525,-1.864,2.239,0.9985,0,-0.436,1.396,-3.818,0.2843,4.000,0.307,0.000,0.233,4.393,2.961,-0.0000,0.0947,-0.080,-0.080,0.095,1.739,1.200,-0.468,0.0065,-0.495,nan,0.00,0,1,0,1,1,0.0000,0.468,0,0.210,0,-0.403,0,1,track,,TRACK,0,0,0,0.000,0,-1,0
1785624642.554,2.525,-1.864,2.239,0.9985,0,1.064,1.841,-2.318,0.2896,nan,nan,nan,0.000,0.000,0.641,0.0000,0.0947,-0.080,-0.080,0.095,1.739,1.000,-0.023,0.0065,-0.480,nan,0.00,0,0,0,0,0,0.0000,0.000,0,0.000,0,0.000,0,0,,,FLYING,0,0,0,0.000,0,-1,0
1785624642.586,2.567,-1.740,2.621,0.9985,0,1.977,1.843,-0.818,0.2886,nan,nan,nan,0.000,0.000,0.589,0.0000,0.0838,-0.074,-0.074,0.084,1.752,1.000,0.103,0.0065,-0.466,nan,0.00,0,0,0,0,0,0.0000,0.000,0,0.000,0,0.000,0,0,,,FLYING,0,0,0,0.000,0,-1,0
1785624642.611,2.328,-1.557,2.779,0.9988,0,1.837,1.753,0.000,0.2872,nan,nan,nan,0.000,0.000,0.491,0.0000,0.0632,-0.061,-0.061,0.063,1.764,1.000,0.196,0.0065,-0.452,nan,0.00,0,0,0,0,0,0.0000,0.000,0,0.000,0,0.000,0,0,,,FLYING,0,0,0,0.000,0,-1,0
1785624642.644,2.328,-1.557,2.779,0.9988,0,3.337,1.167,1.500,0.2868,4.000,-0.430,0.000,0.233,-6.130,-3.271,-0.0000,0.0632,-0.061,-0.061,0.063,1.764,1.200,-0.390,0.0065,-0.438,nan,0.00,0,1,0,1,1,0.0000,0.169,0,0.049,0,-0.742,0,1,blueline,,BLUELINE,0,0,0,0.000,0,-1,0
1785624642.680,2.142,-1.371,2.705,0.9990,0,1.837,1.568,0.000,0.2849,nan,nan,nan,0.000,0.000,0.344,0.0000,0.0317,-0.043,-0.043,0.032,1.775,1.000,0.198,0.0065,-0.425,nan,0.00,0,0,0,0,1,0.0000,0.297,0,0.119,0,-0.666,1,0,,,FLYING,0,0,0,0.000,0,-1,0
1785624642.706,1.792,-1.257,2.581,0.9993,0,1.578,1.503,0.000,0.2827,nan,nan,nan,0.000,0.000,0.214,0.0000,-0.0079,-0.027,-0.027,-0.008,1.784,1.000,0.246,0.0065,-0.413,nan,0.00,0,0,0,0,1,0.0000,0.314,0,0.149,0,-0.478,0,0,,,FLYING,0,0,0,0.000,0,-1,0
1785624642.739,1.647,-1.079,2.562,0.9994,0,1.538,1.360,0.000,0.2800,nan,nan,nan,0.000,0.000,0.109,0.0000,-0.0594,-0.014,-0.014,-0.059,1.793,1.000,0.280,0.0065,-0.400,nan,0.00,0,0,0,0,1,0.0000,0.314,0,0.149,0,-0.478,0,0,,,FLYING,0,0,0,0.000,0,-1,0
1785624642.772,1.500,-0.948,2.601,0.9995,0,1.459,1.230,0.000,0.2777,nan,nan,nan,0.000,0.000,0.041,0.0000,-0.1019,-0.005,-0.005,-0.102,1.800,1.000,0.282,0.0065,-0.388,nan,0.00,0,0,0,0,1,0.0000,0.314,0,0.149,0,-0.478,0,0,,,FLYING,0,0,0,0.000,0,-1,0
1785624642.803,1.498,-0.946,2.601,0.9995,0,2.959,-0.270,-1.500,0.2773,4.000,-0.111,0.000,0.667,-1.584,-2.569,-0.0000,-0.1024,-0.005,-0.005,-0.102,1.800,1.899,-2.048,0.0065,-0.377,nan,3.69,1,1,0,1,1,0.1287,0.500,1,0.290,0,-0.338,0,0,blueline,,BLUELINE,0,0,0,0.000,0,-1,0
1785624642.833,1.203,-0.982,2.701,0.9996,0,3.856,-1.057,-2.103,0.2756,4.000,-0.111,0.000,0.667,-1.584,-2.653,0.0048,-0.1322,-0.000,-0.000,-0.132,1.807,1.908,-2.039,0.0065,-0.365,nan,3.69,1,1,0,0,1,0.1287,0.500,1,0.290,0,-0.338,0,0,blueline,,BLUELINE,0,0,0,0.000,0,-1,0
1785624642.865,0.817,-1.090,2.903,0.9997,0,5.356,-0.932,-1.474,0.2742,4.000,-0.161,0.000,0.667,-2.311,-6.377,0.7612,-0.1548,-0.001,-0.001,-0.155,1.815,1.917,-2.022,0.0065,-0.354,nan,3.79,1,1,0,1,1,0.1321,0.500,1,0.301,0,-0.253,0,0,blueline,,BLUELINE,0,0,0,0.000,0,-1,0
1785624642.897,0.245,-1.180,3.064,0.9998,0,4.037,-0.811,-1.548,0.2730,4.000,-0.161,0.000,0.667,-2.311,-3.792,-0.0027,-0.1735,-0.004,-0.004,-0.174,1.824,1.925,-1.991,0.0065,-0.344,nan,3.86,1,1,0,0,1,0.1347,0.500,1,0.301,0,-0.253,0,0,blueline,,BLUELINE,0,0,0,0.000,0,-1,0
1785624642.929,0.245,-1.180,3.064,0.9998,0,4.037,-0.910,-1.603,0.2727,4.000,-0.161,0.000,0.667,-2.311,-3.792,-0.0027,-0.1735,-0.004,-0.004,-0.174,1.824,1.933,-2.090,0.0065,-0.333,nan,3.91,1,1,0,0,1,0.1366,0.500,1,0.301,0,-0.253,0,0,blueline,,BLUELINE,0,0,0,0.000,0,-1,0
1785624642.967,-0.362,-1.273,3.219,0.9997,0,2.537,-0.022,-3.103,0.2717,4.000,0.759,0.000,0.667,10.744,14.000,-0.0000,-0.1902,-0.010,-0.010,-0.190,1.834,1.648,-1.295,0.0065,-0.323,nan,4.08,1,1,0,1,1,0.1423,0.500,1,0.357,0,-0.170,0,1,track,,TRACK,0,0,0,0.000,0,-1,0
1785624643.006,-0.604,-1.265,3.466,0.9997,0,1.037,0.012,-4.603,0.2710,4.000,0.759,0.000,0.667,10.744,14.000,-0.0124,-0.2003,-0.023,-0.023,-0.200,1.844,1.653,-1.253,0.0065,-0.314,nan,4.17,1,1,0,0,1,0.1454,0.500,1,0.357,0,-0.170,0,0,track,,TRACK,0,0,0,0.000,0,-1,0
1785624643.036,-0.710,-1.258,3.893,0.9997,0,2.537,-0.712,-3.103,0.2703,4.000,-0.349,0.000,0.667,-4.983,-7.707,-0.0000,-0.2096,-0.042,-0.042,-0.210,1.853,1.957,-1.970,0.0065,-0.304,nan,0.00,1,1,0,1,1,0.0000,0.500,0,0.349,6,-0.041,0,1,blueline,,BLUELINE,0,0,0,0.000,0,-1,0
1785624643.073,-1.002,-1.333,4.234,0.9996,0,1.037,-0.611,-1.603,0.2696,4.000,0.088,0.000,0.667,1.266,2.970,-0.0000,-0.2185,-0.060,-0.060,-0.218,1.863,1.964,-1.944,0.0065,-0.295,nan,0.00,1,1,0,1,1,0.0000,0.500,0,0.349,6,-0.041,3,1,track,,TRACK,0,0,0,0.000,0,-1,0
1785624643.114,-1.104,-1.392,4.355,0.9995,0,-0.463,-0.515,-1.266,0.2690,4.000,0.088,0.000,0.667,1.266,3.201,-0.0131,-0.2266,-0.073,-0.073,-0.227,1.874,1.971,-1.907,0.0065,-0.286,nan,0.00,1,1,0,0,1,0.0000,0.417,0,0.343,4,0.120,0,0,track,,TRACK,0,0,0,0.000,0,-1,0
1785624643.145,-1.104,-1.392,4.355,0.9995,0,1.037,0.985,0.234,0.2687,4.000,-1.278,0.000,0.233,-17.719,-10.002,-0.0000,-0.2266,-0.073,-0.073,-0.227,1.874,1.200,-0.080,0.0065,-0.278,nan,0.00,0,1,0,1,1,-0.8874,0.417,1,0.352,4,0.170,0,1,blueline,,BLUELINE,0,0,0,0.000,0,-1,0
1785624643.175,-1.231,-1.262,4.311,0.9995,0,2.537,1.266,1.734,0.2681,4.000,-1.278,0.000,0.233,-17.719,-9.951,-0.0089,-0.2341,-0.082,-0.082,-0.234,1.886,1.200,0.004,0.0065,-0.269,nan,0.00,0,1,0,0,1,-0.8874,0.417,1,0.352,4,0.170,0,0,blueline,,BLUELINE,0,0,0,0.000,0,-1,0
1785624643.206,-1.541,-1.129,4.114,0.9994,0,4.037,1.187,3.234,0.2676,4.000,-1.278,0.000,0.233,-17.719,-9.919,-0.0144,-0.2404,-0.088,-0.088,-0.240,1.896,1.200,0.058,0.0065,-0.261,nan,0.00,0,1,0,0,1,-0.8874,0.417,1,0.352,4,0.170,0,0,blueline,,BLUELINE,0,0,0,0.000,0,-1,0
1785624643.232,-1.541,-1.129,4.114,0.9994,0,2.537,1.092,1.734,0.2674,4.000,1.590,0.000,0.667,21.673,14.000,-4.1888,-0.2404,-0.088,-0.088,-0.240,1.896,1.200,-0.037,0.0065,-0.253,nan,0.00,1,1,0,1,1,0.0000,0.667,0,0.342,2,-0.003,0,0,blueline,,BLUELINE,0,0,0,0.000,0,-1,0
1785624643.268,-1.829,-1.015,3.911,0.9993,0,1.037,1.040,0.234,0.2670,4.000,1.421,0.000,0.667,19.552,14.000,2.2206,-0.2453,-0.096,-0.096,-0.245,1.906,1.200,0.025,0.0065,-0.246,nan,0.00,1,1,0,1,1,0.0000,0.667,0,0.342,2,0.017,0,0,blueline,,BLUELINE,0,0,0,0.000,0,-1,0
1785624643.298,-1.931,-0.900,3.884,0.9993,0,-0.463,0.955,-1.266,0.2666,4.000,1.421,0.000,0.667,19.552,14.000,-0.0154,-0.2488,-0.111,-0.111,-0.249,1.914,1.200,0.055,0.0065,-0.238,nan,0.00,1,1,0,0,1,0.0000,0.667,0,0.342,2,0.017,0,0,blueline,,BLUELINE,0,0,0,0.000,0,-1,0
1785624643.329,-1.931,-0.900,3.884,0.9993,0,-1.963,0.874,-2.766,0.2664,4.000,1.038,0.000,0.233,14.547,4.929,3.4943,-0.2488,-0.111,-0.111,-0.249,1.914,1.200,-0.026,0.0065,-0.231,nan,0.00,0,1,0,1,1,0.0000,0.375,0,0.330,3,0.194,0,0,blueline,,BLUELINE,0,0,0,0.000,0,-1,0
1785624643.360,-1.683,-0.795,4.198,0.9995,0,-3.463,0.796,-4.266,0.2660,4.000,1.038,0.000,0.233,14.547,9.160,-0.0264,-0.2510,-0.138,-0.138,-0.251,1.920,1.200,0.002,0.0065,-0.224,nan,0.00,0,1,0,0,1,0.0000,0.750,0,0.330,3,0.194,0,0,blueline,,BLUELINE,0,0,0,0.000,0,-1,0
1785624643.397,-1.683,-0.795,4.198,0.9995,0,-4.963,0.736,-5.766,0.2658,4.000,0.523,0.000,0.233,7.456,5.026,-0.0000,-0.2510,-0.138,-0.138,-0.251,1.920,1.200,-0.058,0.0065,-0.218,nan,0.00,0,1,0,1,1,0.0000,0.750,0,0.330,3,0.194,1,1,track,,TRACK,0,0,0,0.000,0,-1,0
1785624643.437,-1.295,-0.691,4.688,0.9997,0,-6.463,0.654,-7.266,0.2655,4.000,0.523,0.000,0.233,7.456,5.204,-0.0293,-0.2523,-0.167,-0.167,-0.252,1.925,1.200,-0.037,0.0065,-0.211,nan,8.00,0,1,0,0,1,0.5932,0.800,1,0.269,3,0.242,0,0,track,,TRACK,0,0,0,0.000,0,-1,0
1785624643.469,-0.920,-0.594,5.162,0.9998,0,-7.963,-0.448,-8.766,0.2653,4.000,0.845,0.000,0.667,11.932,14.000,-0.0000,-0.2528,-0.192,-0.192,-0.253,1.929,1.605,-1.042,0.0065,-0.205,nan,0.00,1,1,0,1,1,0.0000,0.785,0,0.186,3,0.202,0,1,blueline,,BLUELINE,0,0,0,0.000,0,-1,0
1785624643.499,0.030,-0.658,6.142,0.9999,0,-9.463,-0.404,-10.266,0.2651,4.000,0.845,0.000,0.667,11.932,14.000,-0.0355,-0.2524,-0.228,-0.228,-0.252,1.931,1.605,-1.061,0.0065,-0.199,nan,0.00,1,1,0,0,1,0.0000,0.785,0,0.186,3,0.202,0,0,blueline,,BLUELINE,0,0,0,0.000,0,-1,0
1785624643.529,0.030,-0.658,6.142,0.9999,0,-10.963,-0.441,-11.766,0.2649,4.000,0.845,0.000,0.667,11.932,14.000,-0.0355,-0.2524,-0.228,-0.228,-0.252,1.931,1.605,-1.098,0.0065,-0.193,nan,0.00,1,1,0,0,1,0.0000,0.785,0,0.186,3,0.202,0,0,blueline,,BLUELINE,0,0,0,0.000,0,-1,0
1785624643.560,1.426,-0.725,7.602,0.9996,0,-9.463,0.617,-10.266,0.2649,4.000,0.565,0.000,0.233,8.035,1.107,4.1888,-0.2512,-0.267,-0.267,-0.251,1.931,1.200,-0.108,0.0065,-0.187,nan,0.00,0,1,0,1,1,0.0000,0.249,0,0.123,2,0.432,0,0,blueline,,BLUELINE,0,0,0,0.000,0,-1,0
1785624643.591,1.426,-0.725,7.602,0.9996,0,-10.963,-0.737,-9.991,0.2647,4.000,0.705,0.000,0.667,9.991,14.000,-2.0479,-0.2512,-0.267,-0.267,-0.251,1.931,1.734,-1.462,0.0065,-0.181,nan,0.00,1,1,0,1,1,0.0000,0.589,0,0.116,3,0.452,0,0,blueline,,BLUELINE,0,0,0,0.000,0,-1,0
1785624643.627,2.539,-0.666,8.754,0.9990,0,-9.463,0.540,-8.491,0.2648,0.662,-0.347,-0.063,0.039,-25.000,-1.994,-0.0000,-0.2492,-0.284,-0.284,-0.249,1.932,1.200,-0.126,0.0065,-0.176,nan,0.00,0,1,0,1,1,0.0000,0.589,0,0.116,3,0.452,1,1,hsv,,hsv,0,0,0,0.000,0,-1,0
1785624643.654,3.608,-0.653,9.584,0.9980,0,-7.963,0.534,-6.991,0.2650,0.662,-0.347,-0.063,0.039,-25.000,-2.000,0.0018,-0.2465,-0.283,-0.283,-0.246,1.934,1.200,-0.119,0.0065,-0.171,nan,0.00,0,1,0,0,1,0.0000,0.583,0,0.110,3,0.471,0,0,hsv,,hsv,0,0,0,0.000,0,-1,0
1785624643.688,3.608,-0.653,9.584,0.9980,0,-6.463,0.520,-5.491,0.2649,0.662,-0.347,-0.063,0.039,-25.000,-2.000,0.0018,-0.2465,-0.283,-0.283,-0.246,1.934,1.200,-0.133,0.0065,-0.165,nan,0.00,0,1,0,0,1,0.0000,0.596,0,0.122,3,0.483,0,0,hsv,,hsv,0,0,0,0.000,0,-1,0
1785624643.734,4.749,-0.647,10.507,0.9965,0,-4.963,0.534,-3.991,0.2653,4.000,0.190,0.000,0.233,2.721,2.915,-0.0000,-0.2421,-0.266,-0.266,-0.242,1.936,1.200,-0.113,0.0065,-0.160,nan,0.00,0,1,0,1,1,0.0000,0.596,0,0.122,3,0.483,1,1,track,,TRACK,0,0,0,0.000,0,-1,0
1785624643.760,5.418,-0.611,10.930,0.9955,0,-3.463,0.541,-2.721,0.2656,4.000,0.190,0.000,0.233,2.721,2.664,0.0408,-0.2379,-0.225,-0.225,-0.238,1.940,1.200,-0.070,0.0065,-0.156,nan,0.00,0,1,0,0,1,0.0000,0.772,0,0.177,3,0.509,0,0,track,,TRACK,0,0,0,0.000,0,-1,0
1785624643.800,5.418,-0.611,10.930,0.9955,0,-1.963,0.517,-1.468,0.2655,4.000,0.102,0.000,0.233,1.468,0.452,1.3124,-0.2379,-0.225,-0.225,-0.238,1.940,1.200,-0.093,0.0065,-0.151,nan,0.00,0,1,0,1,1,0.0000,0.793,0,0.191,3,0.539,0,0,track,,TRACK,0,0,0,0.000,0,-1,0
1785624643.824,5.813,-0.575,11.215,0.9948,0,-0.463,0.517,-1.468,0.2657,4.000,0.102,0.000,0.233,1.468,1.737,0.0400,-0.2345,-0.185,-0.185,-0.235,1.944,1.200,-0.058,0.0065,-0.146,nan,0.00,0,1,0,0,1,0.0000,0.793,0,0.191,3,0.539,0,0,track,,TRACK,0,0,0,0.000,0,-1,0
1785624643.860,5.855,-0.531,11.362,0.9947,0,1.037,0.503,-0.491,0.2657,4.000,0.034,0.000,0.233,0.491,-0.200,1.0230,-0.2318,-0.141,-0.141,-0.232,1.948,1.200,-0.028,0.0065,-0.142,nan,0.00,0,1,0,1,1,0.0000,0.793,0,0.191,3,0.539,2,0,track,,TRACK,0,0,0,0.000,0,-1,0
1785624643.901,5.770,-0.484,11.402,0.9949,0,-0.463,0.473,-1.991,0.2656,4.000,2.238,0.000,0.667,25.000,14.000,-0.0000,-0.2298,-0.098,-0.098,-0.230,1.952,1.200,-0.010,0.0065,-0.138,nan,8.00,1,1,0,1,1,0.5984,0.600,1,0.278,1,0.604,0,1,blueline,,BLUELINE,0,0,0,0.000,0,-1,0
1785624643.928,5.770,-0.484,11.402,0.9949,0,1.037,0.441,-0.491,0.2655,4.000,-0.259,0.000,0.233,-3.710,-6.560,4.1888,-0.2298,-0.098,-0.098,-0.230,1.952,1.200,-0.043,0.0065,-0.134,nan,0.00,0,1,0,1,1,0.0000,0.350,0,0.293,2,0.635,0,0,blueline,,BLUELINE,0,0,0,0.000,0,-1,0
1785624643.963,5.851,-0.450,11.550,0.9948,0,2.537,0.427,1.009,0.2655,4.000,-0.259,0.000,0.233,-3.710,-1.906,0.0379,-0.2281,-0.060,-0.060,-0.228,1.955,1.200,-0.023,0.0065,-0.130,nan,0.00,0,1,0,0,1,0.0000,0.350,0,0.293,2,0.635,0,0,blueline,,BLUELINE,0,0,0,0.000,0,-1,0
1785624643.994,5.558,-0.402,11.520,0.9953,0,1.037,0.398,-0.491,0.2653,4.000,1.335,0.000,0.667,18.457,14.000,-4.1888,-0.2267,-0.014,-0.014,-0.227,1.959,1.200,-0.004,0.0065,-0.126,nan,8.00,1,1,0,1,1,1.2134,0.700,1,0.290,2,0.649,0,0,blueline,,BLUELINE,0,0,0,0.000,0,-1,0
1785624644.025,5.483,-0.359,11.462,0.9954,0,-0.463,0.359,-1.991,0.2652,4.000,1.335,0.000,0.667,18.457,14.000,0.0364,-0.2254,0.022,0.022,-0.225,1.961,1.200,-0.000,0.0065,-0.122,nan,8.00,1,1,0,0,1,1.2134,0.700,1,0.290,2,0.649,0,0,blueline,,BLUELINE,0,0,0,0.000,0,-1,0
1785624644.056,5.483,-0.359,11.462,0.9954,0,-1.963,0.330,-3.491,0.2819,17.898,5.873,-3.709,1.000,18.165,14.000,-0.0000,-0.0000,0.022,0.022,-0.225,1.961,1.200,-0.029,0.0065,-3.019,nan,8.00,1,1,1,1,1,1.2146,0.700,1,0.290,2,0.682,0,1,yolo,105.2,yolo,0,0,0,0.000,0,-1,0
1785624644.092,5.553,-0.340,11.629,0.9953,0,-3.463,0.326,-4.991,0.2985,17.898,5.873,-3.709,1.000,18.165,14.000,0.0310,0.0017,0.053,0.053,-0.224,1.964,1.200,-0.015,0.0065,-3.017,nan,8.00,1,1,1,0,1,1.2155,0.700,1,0.290,2,0.682,1,0,yolo,105.2,yolo,0,0,0,0.000,0,-1,0
1785624644.118,6.008,-0.362,12.228,0.9945,0,-4.963,0.374,-6.491,0.2819,17.882,5.787,-3.701,1.000,17.933,14.000,2.1756,-1.6446,0.081,-0.217,-0.234,1.968,1.200,0.013,0.0065,-2.962,nan,0.00,1,1,1,1,1,1.1064,0.350,1,0.290,2,0.702,0,0,yolo,122.8,yolo,0,0,0,0.000,0,-1,0
1785624644.158,6.008,-0.362,12.228,0.9945,0,-6.463,0.346,-7.991,0.2985,17.882,5.787,-3.701,1.000,17.933,14.000,0.2972,0.0000,0.081,0.081,-0.234,1.968,1.200,-0.015,0.0065,-2.962,nan,8.00,1,1,1,0,1,0.9374,0.800,1,0.287,3,0.707,0,0,yolo,122.8,yolo,0,0,0,0.000,0,-1,0
1785624644.196,6.567,-0.394,12.921,0.9934,0,-7.433,0.416,-9.491,0.3152,17.882,5.787,-3.701,1.000,17.933,14.000,0.3231,-0.0186,0.107,0.107,-0.252,1.972,1.200,0.022,0.0065,-2.892,nan,0.00,1,1,1,0,1,0.0000,0.800,0,0.287,3,0.708,0,0,yolo,122.8,yolo,0,0,0,0.000,0,-1,0
1785624644.228,7.248,-0.450,13.674,0.9920,0,-6.752,0.508,-10.991,0.3309,17.882,5.787,-3.701,1.000,17.933,14.000,0.3482,-0.0487,0.132,0.132,-0.282,1.977,1.200,0.058,0.0065,-2.801,nan,8.00,1,1,1,0,1,0.5415,0.700,1,0.278,2,0.705,0,0,yolo,122.8,yolo,0,0,0,0.000,0,-1,0
1785624644.259,7.993,-0.523,14.514,0.9902,0,-6.007,0.625,-12.491,0.3143,17.961,5.717,-3.655,1.000,17.658,14.000,0.6469,-1.0526,0.159,-0.004,-0.330,1.983,1.200,0.102,0.0065,-2.661,nan,8.00,1,1,1,1,1,0.5415,0.700,1,0.278,2,0.705,0,0,yolo,119.6,yolo,0,0,0,0.000,0,-1,0
1785624644.291,8.569,-0.630,15.690,0.9888,0,-5.431,0.792,-13.991,0.3307,17.961,5.717,-3.655,1.000,17.658,14.000,0.1821,-0.0776,0.178,0.178,-0.408,1.990,1.200,0.162,0.0065,-2.565,nan,8.00,1,1,1,0,1,0.5869,0.700,1,0.281,2,0.698,0,0,yolo,119.6,yolo,0,0,0,0.000,0,-1,0
1785624644.324,8.569,-0.630,15.690,0.9888,0,-5.431,0.736,-15.491,0.3307,17.961,5.717,-3.655,1.000,17.658,14.000,0.1821,-0.0776,0.178,0.178,-0.408,1.990,1.200,0.106,0.0065,-2.565,nan,8.00,1,1,1,0,1,0.6210,0.700,1,0.281,2,0.698,0,0,yolo,119.6,yolo,0,0,0,0.000,0,-1,0
1785624644.352,9.169,-0.774,17.208,0.9871,0,-4.831,0.986,-16.991,0.3140,18.058,5.588,-3.611,1.000,17.195,14.000,1.0942,-1.0144,0.196,0.189,-0.516,2.001,1.200,0.212,0.0065,-2.430,nan,8.00,1,1,1,1,1,0.5655,0.700,1,0.293,2,0.681,0,0,yolo,109.6,yolo,0,0,0,0.000,0,-1,0
1785624644.392,9.709,-0.970,19.093,0.9855,0,-4.291,1.311,-18.491,0.3297,18.058,5.588,-3.611,1.000,17.195,14.000,0.0190,-0.1224,0.208,0.208,-0.638,2.016,1.200,0.341,0.0065,-2.310,nan,8.00,1,1,1,0,1,0.5239,0.700,1,0.293,2,0.681,2,0,yolo,109.6,yolo,0,0,0,0.000,0,-1,0
1785624644.418,10.183,-1.172,21.165,0.9840,0,-3.817,1.655,-16.991,0.3241,18.058,5.588,-3.611,1.000,17.195,14.000,0.0277,-0.2574,0.217,0.217,-0.773,2.033,1.200,0.483,0.0065,-2.196,nan,0.00,1,1,1,0,1,0.6330,0.350,1,0.277,2,0.692,0,0,yolo,109.6,yolo,0,0,0,0.000,0,-1,0
1785624644.453,10.183,-1.172,21.165,0.9840,0,-3.817,1.535,-15.491,0.3241,18.058,5.588,-3.611,1.000,17.195,14.000,0.0277,-0.2574,0.217,0.217,-0.773,2.033,1.200,0.363,0.0065,-2.196,nan,0.00,1,1,1,0,1,0.7420,0.350,1,0.277,2,0.692,1,0,yolo,109.6,yolo,0,0,0,0.000,0,-1,0
1785624644.495,10.625,-1.291,22.889,0.9826,0,-3.375,1.823,-13.991,0.3272,18.248,5.202,-3.609,1.000,15.913,14.000,4.0835,-0.1999,0.245,0.733,-0.923,2.052,1.200,0.532,0.0065,-2.176,nan,0.00,1,1,1,1,1,0.0000,0.693,0,0.202,2,0.715,0,0,yolo,123.8,yolo,0,0,0,0.000,0,-1,0
1785624644.527,10.992,-1.347,24.334,0.9814,0,-3.008,2.017,-12.491,0.3300,18.248,5.202,-3.609,1.000,15.913,14.000,-0.4542,-0.1468,0.279,0.279,-1.070,2.072,1.200,0.670,0.0065,-2.121,nan,0.00,1,1,1,0,1,0.0000,0.819,0,0.210,3,0.755,0,0,yolo,123.8,yolo,0,0,0,0.000,0,-1,0
1785624644.558,10.992,-1.347,24.334,0.9814,0,-3.008,1.869,-12.000,0.3300,18.248,5.202,-3.609,1.000,15.913,14.000,-0.4542,-0.1468,0.279,0.279,-1.070,2.072,1.200,0.523,0.0065,-2.121,nan,0.00,1,1,1,0,1,0.0000,0.819,0,0.210,3,0.755,0,0,yolo,123.8,yolo,0,0,0,0.000,0,-1,0
1785624644.589,11.346,-1.378,25.707,0.9802,0,-2.654,2.087,-12.000,0.3133,18.248,5.202,-3.609,1.000,15.913,14.000,-0.4090,-0.3044,0.324,0.324,-1.227,2.093,1.200,0.709,0.0065,-2.075,nan,0.00,1,1,1,0,1,0.0000,0.299,0,0.223,1,0.784,0,0,yolo,123.8,yolo,0,0,0,0.000,0,-1,0
1785624644.623,11.346,-1.378,25.707,0.9802,0,-1.154,1.944,-12.000,0.2967,18.450,4.611,-3.609,1.000,14.031,12.163,3.6351,0.6685,0.324,1.073,-1.227,2.093,1.200,0.566,0.0065,-2.187,nan,0.00,1,1,1,1,1,0.0000,0.299,0,0.223,1,0.784,0,0,yolo,130.0,yolo,0,0,0,0.000,0,-1,0
1785624644.661,11.644,-1.390,27.060,0.9791,0,-2.356,2.169,-12.000,0.2800,18.450,4.611,-3.609,1.000,14.031,14.000,-0.7036,-0.1435,0.369,0.369,-1.371,2.117,1.200,0.779,0.0065,-2.155,nan,0.00,1,1,1,0,1,0.0000,0.598,0,0.223,1,0.784,1,0,yolo,130.0,yolo,0,0,0,0.000,0,-1,0
1785624644.699,11.918,-1.411,28.518,0.9781,0,-2.082,2.404,-12.000,0.2765,18.450,4.611,-3.609,1.000,14.031,14.000,-0.6564,-0.2399,0.416,0.416,-1.467,2.144,1.200,0.993,0.0065,-2.124,nan,0.00,1,1,1,0,1,0.0000,0.714,0,0.220,2,0.786,0,0,yolo,130.0,yolo,0,0,0,0.000,0,-1,0
1785624644.731,12.156,-1.401,29.969,0.9773,0,-1.844,2.598,-12.000,0.2768,18.450,4.611,-3.609,1.000,14.031,14.000,-0.6078,-0.2892,0.465,0.465,-1.516,2.173,1.200,1.196,0.0065,-2.105,nan,0.00,1,1,1,0,1,0.0000,0.720,0,0.225,2,0.786,0,0,yolo,130.0,yolo,0,0,0,0.000,0,-1,0
1785624644.761,12.156,-1.401,29.969,0.9773,0,-0.344,2.369,-10.603,0.2768,18.557,3.474,-3.495,1.000,10.603,-14.000,11.1038,1.2536,0.465,1.241,-1.516,2.173,1.200,0.967,0.0065,-2.230,nan,0.00,1,1,1,1,1,0.0000,0.720,0,0.225,2,0.786,0,0,yolo,165.1,yolo,0,0,0,0.000,0,-1,0
1785624644.793,12.155,-1.366,31.183,0.9773,0,-1.844,2.546,-10.603,0.2768,18.557,3.474,-3.495,1.000,10.603,14.000,-0.7180,-0.0100,0.523,0.523,-1.526,2.202,1.200,1.181,0.0065,-2.242,nan,0.00,1,1,1,0,1,0.0000,0.715,0,0.221,2,0.747,0,0,yolo,165.1,yolo,0,0,0,0.000,0,-1,0
1785624644.824,12.155,-1.366,31.183,0.9773,0,-1.845,2.343,-10.603,0.2768,18.557,3.474,-3.495,1.000,10.603,14.000,-0.7180,-0.0100,0.523,0.523,-1.526,2.202,1.200,0.978,0.0065,-2.242,nan,0.00,1,1,1,0,1,0.0000,0.673,0,0.186,2,0.775,0,0,yolo,165.1,yolo,0,0,0,0.000,0,-1,0
1785624644.849,12.407,-1.332,32.479,0.9764,0,-1.593,2.577,-10.603,0.2770,18.557,3.474,-3.495,1.000,10.603,14.000,-0.6634,0.0160,0.578,0.578,-1.500,2.232,1.200,1.245,0.0065,-2.235,nan,0.00,1,1,1,0,1,0.0000,0.673,0,0.186,2,0.775,0,0,yolo,165.1,yolo,0,0,0,0.000,0,-1,0
1785624644.887,12.554,-1.284,33.589,0.9758,0,-1.446,2.695,-10.603,0.2772,18.557,3.474,-3.495,1.000,10.603,14.000,-0.6170,0.0516,0.624,0.624,-1.465,2.260,1.200,1.411,0.0065,-2.240,nan,0.00,1,1,1,0,1,0.0000,0.501,0,0.126,2,0.854,0,0,yolo,165.1,yolo,0,0,0,0.000,0,-1,0
1785624644.919,12.554,-1.284,33.589,0.9758,0,0.054,2.467,-9.103,0.2772,19.440,2.245,-3.440,1.000,6.587,-14.000,10.2205,1.4525,0.624,1.169,-1.465,2.260,1.200,1.183,0.0065,-2.433,nan,0.00,1,1,1,1,1,0.0000,0.501,0,0.126,2,0.854,0,0,yolo,139.0,yolo,0,0,0,0.000,0,-1,0
1785624644.951,12.692,-1.226,34.683,0.9753,0,-1.308,2.617,-7.603,0.2773,19.440,2.245,-3.440,1.000,6.587,14.000,-0.4977,0.0178,0.671,0.671,-1.447,2.288,1.200,1.391,0.0065,-2.446,nan,0.00,1,1,1,0,1,0.0000,0.275,0,0.084,1,0.888,0,0,yolo,139.0,yolo,0,0,0,0.000,0,-1,0
1785624644.987,12.834,-1.100,35.522,0.9748,0,-1.166,2.629,-6.587,0.2775,19.440,2.245,-3.440,1.000,6.587,14.000,-0.4331,0.0235,0.735,0.735,-1.441,2.313,1.200,1.529,0.0065,-2.482,nan,0.00,1,1,1,0,1,0.0000,0.275,0,0.084,1,0.888,1,0,yolo,139.0,yolo,0,0,0,0.000,0,-1,0
1785624645.033,12.953,-0.951,36.168,0.9744,0,-1.047,2.545,-6.587,0.2776,19.440,2.245,-3.440,1.000,6.587,14.000,-0.3671,0.0235,0.801,0.801,-1.441,2.335,1.200,1.594,0.0065,-2.526,nan,0.00,1,1,1,0,0,0.0000,0.000,0,0.000,0,0.000,1,0,yolo,139.0,yolo,0,0,0,0.000,0,-1,0
1785624645.079,13.068,-0.814,36.878,0.9740,0,-0.932,2.483,-6.587,0.2777,19.440,2.245,-3.440,1.000,6.587,14.000,-0.2996,0.0217,0.869,0.869,-1.443,2.357,1.200,1.669,0.0065,-2.567,nan,0.00,1,1,1,0,1,0.0000,0.233,0,0.208,0,0.798,0,0,yolo,139.0,yolo,0,0,0,0.000,0,-1,0
1785624645.112,13.069,-0.813,36.885,0.9740,0,-0.931,2.252,-6.587,0.2777,19.440,2.245,-3.440,1.000,6.587,14.000,-0.2989,0.0216,0.870,0.870,-1.443,2.358,1.200,1.440,0.0065,-2.567,nan,0.00,1,1,1,0,1,0.0000,0.233,0,0.208,0,0.798,0,0,yolo,139.0,yolo,0,0,0,0.000,0,-1,0
1785624645.156,13.168,-0.698,37.587,0.9736,0,-0.406,2.264,-6.587,0.2778,19.440,2.245,-3.440,1.000,6.587,13.574,-0.2368,0.0192,0.932,0.932,-1.446,2.380,1.200,1.566,0.0065,-2.601,nan,0.00,1,1,1,0,0,0.0000,0.000,0,0.000,0,0.000,0,0,yolo,139.0,yolo,0,0,0,0.000,0,-1,0
1785624645.202,13.339,-0.526,38.870,0.9730,0,0.877,2.433,-6.587,0.2780,19.440,2.245,-3.440,1.000,6.587,12.462,-0.1184,0.0146,1.050,1.050,-1.450,2.419,1.200,1.907,0.0065,-2.651,nan,0.00,1,1,1,0,1,0.0000,0.175,0,0.062,0,0.673,1,0,yolo,139.0,yolo,0,0,0,0.000,0,-1,0
1785624645.243,13.340,-0.524,38.879,0.9730,0,0.886,2.178,-6.587,0.2780,19.440,2.245,-3.440,1.000,6.587,12.454,-0.1176,0.0145,1.051,1.051,-1.450,2.419,1.200,1.653,0.0065,-2.651,nan,0.00,1,1,1,0,1,0.0000,0.296,0,0.118,0,0.745,0,0,yolo,139.0,yolo,0,0,0,0.000,0,-1,0
1785624645.274,13.235,-0.412,39.563,0.9734,0,1.399,2.169,-6.587,0.2779,19.440,2.245,-3.440,1.000,6.587,11.836,-0.0517,0.0117,1.117,1.117,-1.453,2.441,1.200,1.757,0.0065,-2.695,nan,0.00,1,1,1,0,1,0.0000,0.307,0,0.137,0,0.846,0,0,yolo,139.0,yolo,0,0,0,0.000,0,-1,0
1785624645.306,13.152,-0.336,40.189,0.9738,0,1.873,2.151,-6.587,0.2778,19.440,2.245,-3.440,1.000,6.587,11.280,0.0075,0.0089,1.176,1.176,-1.456,2.460,1.200,1.815,0.0065,-2.725,nan,0.00,1,1,1,0,1,0.0000,0.307,0,0.137,0,0.846,0,0,yolo,139.0,yolo,0,0,0,0.000,0,-1,0
1785624645.347,12.961,-0.257,40.818,0.9745,0,2.251,2.130,-6.587,0.2775,19.440,2.245,-3.440,1.000,6.587,10.710,0.0681,0.0056,1.237,1.237,-1.459,2.479,1.200,1.873,0.0065,-2.761,nan,0.00,1,1,1,0,1,0.0000,0.304,0,0.132,0,0.883,0,0,yolo,139.0,yolo,0,0,0,0.000,0,-1,0
1785624645.386,12.720,-0.170,41.508,0.9755,0,2.615,2.118,-6.587,0.2773,19.440,2.245,-3.440,1.000,6.587,10.104,0.1326,0.0019,1.301,1.301,-1.463,2.500,1.200,1.948,0.0065,-2.803,nan,0.00,1,1,1,0,1,0.0000,0.304,0,0.132,0,0.883,0,0,yolo,139.0,yolo,0,0,0,0.000,0,-1,0
1785624645.417,12.457,-0.088,42.150,0.9765,0,2.899,2.086,-6.587,0.2770,19.440,2.245,-3.440,1.000,6.587,9.558,0.1907,-0.0018,1.359,1.359,-1.467,2.520,1.200,1.998,0.0065,-2.845,nan,0.00,1,1,1,0,1,0.0000,0.141,0,0.096,1,0.900,0,0,yolo,139.0,yolo,0,0,0,0.000,0,-1,0
1785624645.447,12.457,-0.088,42.150,0.9765,0,2.899,1.877,-6.587,0.2770,19.440,2.245,-3.440,1.000,6.587,9.558,0.1907,-0.0018,1.359,1.359,-1.467,2.520,1.200,1.789,0.0065,-2.845,nan,0.00,1,1,1,0,1,0.0000,0.141,0,0.096,1,0.900,0,0,yolo,139.0,yolo,0,0,0,0.000,0,-1,0
1785624645.485,12.166,-0.006,42.792,0.9775,0,3.133,1.906,-6.587,0.2767,19.440,2.245,-3.440,1.000,6.587,9.033,0.2466,-0.0053,1.415,1.415,-1.470,2.539,1.200,1.900,0.0065,-2.887,nan,0.00,1,1,1,0,1,0.0000,0.283,0,0.096,1,0.900,2,0,yolo,139.0,yolo,0,0,0,0.000,0,-1,0
1785624645.511,11.828,0.065,43.475,0.9788,0,3.328,1.937,-6.587,0.2763,19.440,2.245,-3.440,1.000,6.587,8.500,0.3033,-0.0088,1.472,1.472,-1.474,2.559,1.200,2.002,0.0065,-2.929,nan,0.00,1,1,1,0,1,0.0000,0.176,0,0.066,0,0.922,0,0,yolo,139.0,yolo,0,0,0,0.000,0,-1,0
1785624645.540,11.828,0.065,43.475,0.9788,0,3.328,1.756,-6.587,0.2763,19.440,2.245,-3.440,1.000,6.587,8.500,0.3033,-0.0088,1.472,1.472,-1.474,2.559,1.200,1.821,0.0065,-2.929,nan,0.00,1,1,1,0,1,0.0000,0.176,0,0.066,0,0.922,0,0,yolo,139.0,yolo,0,0,0,0.000,0,-1,0
1785624645.578,11.449,0.151,44.197,0.9801,0,3.477,1.827,-6.587,0.2760,19.440,2.245,-3.440,1.000,6.587,7.972,0.3594,-0.0123,1.528,1.528,-1.477,2.581,1.200,1.978,0.0065,-2.977,nan,0.00,1,1,1,0,1,0.0000,0.176,0,0.066,0,0.922,3,0,yolo,139.0,yolo,0,0,0,0.000,0,-1,0
1785624645.618,11.109,0.215,44.817,0.9813,0,4.977,1.819,-5.087,0.2756,16.763,-5.196,-0.022,1.000,-17.221,-14.000,-0.0000,-0.0000,1.573,1.573,-1.480,2.599,1.211,2.034,0.0065,-1.085,nan,0.00,1,1,1,1,1,0.0000,0.273,0,0.080,1,0.896,0,0,yolo,164.0,yolo,0,0,0,0.000,0,-1,0
1785624645.647,10.531,0.323,45.366,0.9831,0,6.477,1.749,-3.587,0.2751,16.763,-5.196,-0.022,1.000,-17.221,-14.000,-0.0000,-0.0000,1.632,1.632,-1.483,2.615,1.212,2.072,0.0065,-1.065,nan,0.00,1,1,1,1,1,0.0000,0.273,0,0.080,1,0.896,0,0,yolo,164.0,yolo,0,0,0,0.000,0,-1,0
1785624645.678,10.531,0.323,45.366,0.9831,0,7.977,1.580,-2.087,0.2751,16.763,-5.196,-0.022,1.000,-17.221,-14.000,-0.0000,-0.0000,1.632,1.632,-1.483,2.615,1.212,1.903,0.0065,-1.065,nan,0.00,1,1,1,1,1,0.0000,0.178,0,0.070,0,0.917,0,0,yolo,164.0,yolo,0,0,0,0.000,0,-1,0
1785624645.709,9.819,0.454,45.724,0.9853,0,9.477,1.453,-0.587,0.2745,16.763,-5.196,-0.022,1.000,-17.221,-14.000,-0.0000,-0.0000,1.694,1.694,-1.486,2.624,1.214,1.907,0.0065,-1.040,nan,0.00,1,1,1,1,1,0.0000,0.178,0,0.070,0,0.917,0,0,yolo,164.0,yolo,0,0,0,0.000,0,-1,0
1785624645.760,8.861,0.579,45.825,0.9880,0,10.977,1.254,0.913,0.2598,16.758,-5.618,0.146,1.000,-18.534,-14.000,2.3049,-0.9015,1.762,1.849,-1.489,2.625,1.200,1.833,0.0066,-0.890,nan,0.00,1,1,1,1,0,0.0000,0.000,0,0.000,0,0.000,0,0,yolo,136.3,yolo,0,0,0,0.000,0,-1,0
1785624645.790,7.861,0.741,45.841,0.9905,0,12.477,0.967,2.413,0.2732,16.758,-5.618,0.146,1.000,-18.534,-14.000,-0.0207,-0.0035,1.828,1.828,-1.492,2.621,1.200,1.708,0.0066,-0.840,nan,0.00,1,1,1,0,1,0.0000,0.260,0,0.058,1,0.922,0,0,yolo,136.3,yolo,0,0,0,0.000,0,-1,0
1785624645.816,6.635,0.846,45.708,0.9932,0,13.977,0.683,3.913,0.2726,16.758,-5.618,0.146,1.000,-18.534,-14.000,0.0450,-0.0065,1.894,1.894,-1.495,2.611,1.200,1.529,0.0067,-0.751,nan,0.00,1,1,1,0,1,0.0000,0.260,0,0.058,1,0.922,0,0,yolo,136.3,yolo,0,0,0,0.000,0,-1,0
1785624645.848,5.230,0.953,45.331,0.9957,0,15.477,0.313,5.413,0.2559,16.794,-6.152,0.340,1.000,-20.120,-14.000,6.9705,-2.0000,1.964,2.815,-1.498,2.592,1.200,1.266,0.0068,-0.501,nan,0.00,1,1,1,1,1,0.0000,0.260,0,0.058,1,0.922,0,0,yolo,113.7,yolo,0,0,0,0.000,0,-1,0
1785624645.879,5.230,0.953,45.331,0.9957,0,16.977,0.377,6.913,0.2720,16.794,-6.152,0.340,1.000,-20.120,-14.000,-0.8506,0.0000,1.964,1.964,-1.498,2.592,1.200,1.330,0.0068,-0.501,nan,0.00,1,1,1,0,1,0.0000,0.259,0,0.057,1,0.915,0,0,yolo,113.7,yolo,0,0,0,0.000,0,-1,0
1785624645.909,3.776,1.021,44.864,0.9977,0,17.776,0.033,8.413,0.2715,16.794,-6.152,0.340,1.000,-20.120,-14.000,-0.7880,0.0103,2.027,2.027,-1.488,2.568,1.200,1.055,0.0069,-0.365,nan,0.00,1,1,1,0,1,0.0000,0.259,0,0.057,1,0.915,0,0,yolo,113.7,yolo,0,0,0,0.000,0,-1,0
1785624645.941,1.952,1.055,44.113,0.9993,0,16.276,-0.376,9.913,0.2711,16.794,-6.152,0.340,1.000,-20.120,-14.000,-0.7195,0.0228,2.095,2.095,-1.475,2.531,1.200,0.679,0.0069,-0.179,nan,0.00,1,1,1,0,1,0.0000,0.174,0,0.061,0,0.912,0,0,yolo,113.7,yolo,0,0,0,0.000,0,-1,0
1785624645.972,0.148,1.057,43.188,0.9998,0,14.776,-0.773,11.413,0.2544,15.678,-6.317,0.511,1.000,-21.945,-14.000,3.7457,-2.0000,2.154,2.529,-1.461,2.487,1.200,0.284,0.0069,0.205,nan,0.00,1,1,1,1,1,0.0000,0.177,0,0.067,0,0.914,0,0,yolo,106.4,yolo,0,0,0,0.000,0,-1,0
1785624646.005,0.148,1.057,43.188,0.9998,0,14.148,-0.493,12.000,0.2647,15.678,-6.317,0.511,1.000,-21.945,-14.000,-0.3750,0.0000,2.154,2.154,-1.461,2.487,1.200,0.564,0.0068,0.205,nan,0.00,1,1,1,0,1,0.0000,0.266,0,0.068,1,0.902,0,0,yolo,106.4,yolo,0,0,0,0.000,0,-1,0
1785624646.035,-1.461,0.987,42.138,0.9995,0,12.648,-0.896,12.000,0.2599,15.678,-6.317,0.511,1.000,-21.945,-14.000,-0.3320,0.0220,2.197,2.197,-1.439,2.436,1.200,0.091,0.0068,0.401,nan,0.00,1,1,1,0,1,0.0000,0.266,0,0.068,1,0.902,0,0,yolo,106.4,yolo,0,0,0,0.000,0,-1,0
1785624646.066,-2.714,0.867,41.059,0.9988,0,11.286,-1.154,12.000,0.2432,14.977,-6.571,0.589,1.000,-23.690,-14.000,4.5611,-2.0000,2.223,2.494,-1.413,2.385,1.200,-0.287,0.0067,0.673,nan,0.00,1,1,1,1,1,0.0000,0.259,0,0.057,1,0.867,0,0,yolo,110.4,yolo,0,0,0,0.000,0,-1,0
1785624646.098,-3.981,0.679,39.861,0.9975,0,10.019,-1.341,12.000,0.2475,14.977,-6.571,0.589,1.000,-23.690,-14.000,-0.2571,0.0501,2.237,2.237,-1.362,2.329,1.200,-0.662,0.0066,0.866,nan,0.00,1,1,1,0,1,0.0000,0.255,0,0.050,1,0.844,0,0,yolo,110.4,yolo,0,0,0,0.000,0,-1,0
1785624646.130,-3.995,0.677,39.847,0.9975,0,10.005,-0.902,12.000,0.2474,14.977,-6.571,0.589,1.000,-23.690,-14.000,-0.2570,0.0508,2.237,2.237,-1.362,2.328,1.200,-0.225,0.0066,0.868,nan,0.00,1,1,1,0,1,0.0000,0.255,0,0.050,1,0.844,0,0,yolo,110.4,yolo,0,0,0,0.000,0,-1,0
1785624646.161,-5.035,0.462,38.765,0.9961,0,8.965,-1.036,12.000,0.2308,14.713,-6.819,0.503,1.000,-24.868,-14.000,3.0251,-1.1319,2.236,2.443,-1.289,2.279,1.200,-0.574,0.0065,0.981,nan,0.00,1,1,1,1,1,0.0000,0.266,0,0.069,1,0.822,0,0,yolo,103.3,yolo,0,0,0,0.000,0,-1,0
1785624646.191,-6.026,0.242,37.633,0.9945,0,7.974,-1.095,12.000,0.2411,14.713,-6.819,0.503,1.000,-24.868,-14.000,-0.2179,0.0876,2.225,2.225,-1.202,2.229,1.200,-0.853,0.0065,1.155,nan,0.00,1,1,1,0,1,0.0000,0.397,0,0.121,1,0.808,0,0,yolo,103.3,yolo,0,0,0,0.000,0,-1,0
1785624646.223,-6.960,0.012,36.500,0.9926,0,7.040,-1.068,12.000,0.2414,14.713,-6.819,0.503,1.000,-24.868,-14.000,-0.2382,0.1959,2.205,2.205,-1.093,2.182,1.200,-1.055,0.0065,1.323,nan,0.00,1,1,1,0,1,0.0000,0.397,0,0.121,1,0.808,0,0,yolo,103.3,yolo,0,0,0,0.000,0,-1,0
1785624646.262,-6.970,0.009,36.486,0.9926,0,7.030,-0.619,12.000,0.2414,14.713,-6.819,0.503,1.000,-24.868,-14.000,-0.2385,0.1971,2.204,2.204,-1.092,2.181,1.200,-0.610,0.0065,1.325,nan,0.00,1,1,1,0,1,0.0000,0.402,0,0.128,1,0.791,0,0,yolo,103.3,yolo,0,0,0,0.000,0,-1,0
1785624646.302,-7.791,-0.212,35.266,0.9908,0,6.209,-0.713,12.000,0.2344,14.751,-6.960,0.327,1.000,-25.000,-14.000,0.3403,0.0319,2.171,2.216,-0.983,2.133,1.200,-0.925,0.0065,1.322,nan,0.00,1,1,1,1,1,0.0000,0.402,0,0.128,1,0.777,0,0,yolo,116.6,yolo,0,0,0,0.000,0,-1,0
1785624646.329,-8.511,-0.465,34.059,0.9890,0,5.489,-0.675,12.000,0.2334,14.751,-6.960,0.327,1.000,-25.000,-14.000,-0.0866,0.1021,2.129,2.129,-0.881,2.089,1.200,-1.140,0.0065,1.473,nan,0.00,1,1,1,0,1,0.0000,0.400,0,0.125,1,0.756,0,0,yolo,116.6,yolo,0,0,0,0.000,0,-1,0
1785624646.365,-8.511,-0.465,34.059,0.9890,0,5.489,-0.266,12.000,0.2334,14.751,-6.960,0.327,1.000,-25.000,-14.000,-0.0866,0.1021,2.129,2.129,-0.881,2.089,1.200,-0.732,0.0065,1.473,nan,0.00,1,1,1,0,1,0.0000,0.400,0,0.125,1,0.756,0,0,yolo,116.6,yolo,0,0,0,0.000,0,-1,0
1785624646.397,-9.299,-0.733,32.547,0.9868,0,4.701,-0.392,12.000,0.2331,16.083,-6.978,0.129,1.000,-23.455,-14.000,-2.6022,0.0756,2.066,1.848,-0.764,2.038,1.200,-1.125,0.0065,1.460,nan,0.00,1,1,1,1,1,0.0000,0.403,0,0.129,1,0.732,0,0,yolo,112.9,yolo,0,0,0,0.000,0,-1,0
1785624646.426,-9.811,-0.971,31.401,0.9852,0,4.189,-0.264,12.000,0.2300,16.083,-6.978,0.129,1.000,-23.455,-14.000,0.1636,0.0845,2.011,2.011,-0.679,2.002,1.200,-1.235,0.0065,1.588,nan,0.00,1,1,1,0,1,0.0000,0.403,0,0.129,1,0.732,0,0,yolo,112.9,yolo,0,0,0,0.000,0,-1,0
1785624646.463,-9.811,-0.971,31.401,0.9852,0,4.189,0.108,12.000,0.2300,16.083,-6.978,0.129,1.000,-23.455,-14.000,0.1636,0.0845,2.011,2.011,-0.679,2.002,1.200,-0.863,0.0065,1.588,nan,0.00,1,1,1,0,1,0.0000,0.201,0,0.127,1,0.754,0,0,yolo,112.9,yolo,0,0,0,0.000,0,-1,0
1785624646.488,-10.304,-1.224,30.144,0.9836,0,3.696,0.146,12.000,0.2309,16.083,-6.978,0.129,1.000,-23.455,-14.000,0.0997,0.1820,1.947,1.947,-0.582,1.966,1.200,-1.078,0.0065,1.718,nan,0.00,1,1,1,0,1,0.0000,0.201,0,0.127,1,0.754,0,0,yolo,112.9,yolo,0,0,0,0.000,0,-1,0
1785624646.524,-10.670,-1.407,29.076,0.9824,0,3.330,0.263,12.000,0.2475,17.095,-7.110,-0.233,1.000,-22.583,-14.000,-2.6019,2.0000,1.891,1.715,-0.495,1.939,1.200,-1.144,0.0065,1.507,nan,0.00,1,1,1,1,1,0.0000,0.554,0,0.179,1,0.749,0,0,yolo,110.5,yolo,0,0,0,0.000,0,-1,0
1785624646.553,-10.670,-1.407,29.076,0.9824,0,3.330,0.560,12.000,0.2309,17.095,-7.110,-0.233,1.000,-22.583,-14.000,0.1765,0.0000,1.891,1.891,-0.495,1.939,1.200,-0.847,0.0065,1.507,nan,0.00,1,1,1,0,1,0.0000,0.554,0,0.179,1,0.749,0,0,yolo,110.5,yolo,0,0,0,0.000,0,-1,0
1785624646.589,-11.058,-1.622,27.799,0.9810,0,2.942,0.587,12.000,0.2306,17.095,-7.110,-0.233,1.000,-22.583,-14.000,0.1060,0.0968,1.821,1.821,-0.398,1.909,1.200,-1.035,0.0065,1.619,nan,0.00,1,1,1,0,1,0.0000,0.558,0,0.183,1,0.739,0,0,yolo,110.5,yolo,0,0,0,0.000,0,-1,0
1785624646.622,-11.384,-1.804,26.533,0.9798,0,2.616,0.662,12.000,0.2473,17.778,-7.085,-0.502,1.000,-21.730,-14.000,-3.9710,2.0000,1.749,1.375,-0.301,1.883,1.200,-1.142,0.0065,1.465,nan,0.00,1,1,1,1,1,0.0000,0.675,0,0.187,2,0.729,0,0,yolo,113.3,yolo,0,0,0,0.000,0,-1,0
1785624646.662,-11.672,-1.988,25.258,0.9787,0,2.328,0.788,12.000,0.2328,17.778,-7.085,-0.502,1.000,-21.730,-14.000,0.2999,0.0913,1.675,1.675,-0.210,1.859,1.200,-1.200,0.0065,1.558,nan,0.00,1,1,1,0,1,0.0000,0.563,0,0.188,1,0.716,0,0,yolo,113.3,yolo,0,0,0,0.000,0,-1,0
1785624646.694,-11.672,-1.988,25.258,0.9787,0,2.328,1.042,12.000,0.2328,17.778,-7.085,-0.502,1.000,-21.730,-14.000,0.2999,0.0913,1.675,1.675,-0.210,1.859,1.200,-0.945,0.0065,1.558,nan,0.00,1,1,1,0,1,0.0000,0.563,0,0.188,1,0.716,0,0,yolo,113.3,yolo,0,0,0,0.000,0,-1,0
1785624646.730,-11.927,-2.137,23.918,0.9777,0,2.073,1.080,12.000,0.2495,18.210,-6.680,-0.749,1.000,-20.144,-14.000,-3.0242,1.3868,1.596,0.829,-0.115,1.838,1.200,-1.056,0.0065,1.327,nan,0.00,1,1,1,1,1,0.0000,0.455,0,0.194,0,0.695,2,0,yolo,114.8,yolo,0,0,0,0.000,0,-1,0
1785624646.770,-12.143,-2.287,22.614,0.9768,0,1.857,1.182,12.000,0.2378,18.210,-6.680,-0.749,1.000,-20.144,-14.000,0.6902,0.0846,1.519,1.519,-0.031,1.819,1.200,-1.105,0.0065,1.399,nan,0.00,1,1,1,0,1,0.0000,0.456,0,0.195,0,0.679,0,0,yolo,114.8,yolo,0,0,0,0.000,0,-1,0
1785624646.806,-12.143,-2.287,22.614,0.9768,0,1.857,1.378,12.000,0.2378,18.210,-6.680,-0.749,1.000,-20.144,-14.000,0.6902,0.0846,1.519,1.519,-0.031,1.819,1.200,-0.909,0.0065,1.399,nan,0.00,1,1,1,0,1,0.0000,0.456,0,0.195,0,0.679,1,0,yolo,114.8,yolo,0,0,0,0.000,0,-1,0
1785624646.847,-12.323,-2.426,21.328,0.9761,0,1.677,1.450,12.000,0.2400,18.210,-6.680,-0.749,1.000,-20.144,-14.000,0.6134,0.1715,1.442,1.442,0.056,1.804,1.200,-0.976,0.0065,1.464,nan,0.00,1,1,1,0,1,0.0000,0.454,0,0.193,0,0.675,0,0,yolo,114.8,yolo,0,0,0,0.000,0,-1,0
1785624646.883,-12.493,-2.541,20.094,0.9754,0,1.507,1.545,12.000,0.2421,18.210,-6.680,-0.749,1.000,-20.144,-14.000,0.5395,0.2513,1.368,1.368,0.136,1.791,1.200,-0.995,0.0065,1.521,nan,0.00,1,1,1,0,1,0.0000,0.563,0,0.188,1,0.717,0,0,yolo,114.8,yolo,0,0,0,0.000,0,-1,0
1785624646.911,-12.621,-2.644,18.802,0.9748,0,1.379,1.648,12.000,0.2447,18.210,-6.680,-0.749,1.000,-20.144,-14.000,0.4625,0.3360,1.291,1.291,0.221,1.781,1.200,-0.996,0.0065,1.568,nan,0.00,1,1,1,0,1,0.0000,0.563,0,0.188,1,0.717,0,0,yolo,114.8,yolo,0,0,0,0.000,0,-1,0
1785624646.947,-12.621,-2.644,18.802,0.9748,0,1.379,1.782,12.000,0.2447,18.210,-6.680,-0.749,1.000,-20.144,-14.000,0.4625,0.3360,1.291,1.291,0.221,1.781,1.200,-0.862,0.0065,1.568,nan,0.00,1,1,1,0,1,0.0000,0.558,0,0.183,1,0.765,0,0,yolo,114.8,yolo,0,0,0,0.000,0,-1,0
1785624646.972,-12.741,-2.745,17.428,0.9743,0,1.259,1.856,12.000,0.2472,18.210,-6.680,-0.749,1.000,-20.144,-14.000,0.3808,0.4176,1.209,1.209,0.302,1.772,1.200,-0.889,0.0065,1.614,nan,0.00,1,1,1,0,1,0.0000,0.558,0,0.183,1,0.765,0,0,yolo,114.8,yolo,0,0,0,0.000,0,-1,0
1785624647.006,-12.741,-2.745,17.428,0.9743,0,1.259,1.951,12.000,0.2472,18.210,-6.680,-0.749,1.000,-20.144,-14.000,0.3808,0.4176,1.209,1.209,0.302,1.772,1.200,-0.793,0.0065,1.614,nan,0.00,1,1,1,0,1,0.0000,0.558,0,0.183,1,0.765,2,0,yolo,114.8,yolo,0,0,0,0.000,0,-1,0
1785624647.038,-12.841,-2.821,16.037,0.9738,0,1.159,2.000,12.000,0.2500,18.210,-6.680,-0.749,1.000,-20.144,-14.000,0.2987,0.4998,1.127,1.127,0.385,1.765,1.200,-0.821,0.0065,1.650,nan,0.00,1,1,1,0,1,0.0000,0.454,0,0.192,0,0.755,1,0,yolo,114.8,yolo,0,0,0,0.000,0,-1,0
1785624647.085,-12.926,-2.882,14.659,0.9734,0,1.074,2.064,12.000,0.2526,18.210,-6.680,-0.749,1.000,-20.144,-14.000,0.2179,0.5742,1.046,1.046,0.459,1.760,1.200,-0.818,0.0065,1.679,nan,0.00,1,1,1,0,1,0.0000,0.312,0,0.146,0,0.743,0,0,yolo,114.8,yolo,0,0,0,0.000,0,-1,0
1785624647.125,-13.003,-2.942,13.174,0.9731,0,0.997,2.145,12.000,0.2551,18.210,-6.680,-0.749,1.000,-20.144,-14.000,0.1313,0.6445,0.960,0.960,0.529,1.756,1.200,-0.797,0.0065,1.707,nan,0.00,1,1,1,0,1,0.0000,0.312,0,0.146,0,0.743,0,0,yolo,114.8,yolo,0,0,0,0.000,0,-1,0
1785624647.156,-13.003,-2.942,13.174,0.9731,0,0.997,0.645,10.500,0.2649,17.149,-2.360,-1.018,1.000,-7.834,-14.000,-0.0000,-0.0000,0.960,0.960,0.529,1.756,1.903,-2.499,0.0064,0.420,nan,0.00,1,1,1,1,1,0.0000,0.311,0,0.143,0,0.735,0,0,yolo,110.9,yolo,0,0,0,0.000,0,-1,0
1785624647.186,-13.063,-2.989,11.783,0.9728,0,0.937,0.551,9.000,0.2672,17.149,-2.360,-1.018,1.000,-7.834,-14.000,-0.0804,0.0587,0.879,0.879,0.588,1.755,1.889,-2.438,0.0064,0.437,nan,0.00,1,1,1,0,1,0.0000,0.311,0,0.143,0,0.735,0,0,yolo,110.9,yolo,0,0,0,0.000,0,-1,0
1785624647.219,-13.139,-3.166,10.801,0.9723,0,0.861,1.034,7.834,0.2678,17.149,-2.360,-1.018,1.000,-7.834,-14.000,-0.1748,0.1080,0.785,0.785,0.637,1.767,1.841,-2.132,0.0063,0.493,nan,0.00,1,1,1,0,1,0.0000,0.311,0,0.143,0,0.732,0,0,yolo,110.9,yolo,0,0,0,0.000,0,-1,0
1785624647.249,-13.139,-3.166,10.801,0.9723,0,0.861,1.017,7.834,0.2678,17.149,-2.360,-1.018,1.000,-7.834,-14.000,-0.1748,0.1080,0.785,0.785,0.637,1.767,1.841,-2.148,0.0063,0.493,nan,0.00,1,1,1,0,1,0.0000,0.311,0,0.143,0,0.732,0,0,yolo,110.9,yolo,0,0,0,0.000,0,-1,0
1785624647.286,-13.206,-3.215,9.941,0.9720,0,-0.639,1.130,7.096,0.2630,17.704,-2.204,-1.032,1.000,-7.096,-9.969,-1.7119,0.0035,0.688,0.165,0.675,1.781,1.888,-2.085,0.0062,0.492,nan,0.00,1,1,1,1,1,0.0000,0.203,0,0.132,1,0.806,0,0,yolo,106.1,yolo,0,0,0,0.000,0,-1,0
1785624647.312,-13.206,-3.215,9.941,0.9720,0,0.794,1.075,7.096,0.2628,17.704,-2.204,-1.032,1.000,-7.096,-14.000,0.5227,0.0000,0.688,0.688,0.675,1.781,1.888,-2.140,0.0062,0.492,nan,0.00,1,1,1,0,1,0.0000,0.203,0,0.132,1,0.806,0,0,yolo,106.1,yolo,0,0,0,0.000,0,-1,0
1785624647.349,-13.062,-3.257,9.099,0.9726,0,0.938,1.323,7.096,0.2637,17.704,-2.204,-1.032,1.000,-7.096,-14.000,0.4280,0.0303,0.593,0.593,0.705,1.798,1.882,-1.935,0.0061,0.500,nan,0.00,1,1,1,0,1,0.0000,0.203,0,0.132,1,0.806,2,0,yolo,106.1,yolo,0,0,0,0.000,0,-1,0
1785624647.375,-12.987,-3.289,8.301,0.9728,0,1.013,1.530,7.096,0.2645,17.704,-2.204,-1.032,1.000,-7.096,-14.000,0.3381,0.0533,0.503,0.503,0.728,1.817,1.876,-1.759,0.0061,0.506,nan,0.00,1,1,1,0,1,0.0000,0.304,0,0.132,0,0.797,0,0,yolo,106.1,yolo,0,0,0,0.000,0,-1,0
1785624647.406,-12.987,-3.289,8.301,0.9728,0,-0.487,1.253,6.308,0.2734,18.443,-2.039,-1.054,1.000,-6.308,4.197,-3.8039,0.2369,0.503,-0.206,0.728,1.817,1.940,-2.036,0.0060,0.491,nan,0.00,1,1,1,1,1,0.0000,0.304,0,0.132,0,0.797,0,0,yolo,116.1,yolo,0,0,0,0.000,0,-1,0
1785624647.436,-13.058,-3.281,7.541,0.9725,0,0.942,1.394,6.308,0.2632,18.443,-2.039,-1.054,1.000,-6.308,-14.000,0.6245,0.0164,0.419,0.419,0.744,1.834,1.940,-1.887,0.0060,0.491,nan,0.00,1,1,1,0,1,0.0000,0.303,0,0.130,0,0.794,0,0,yolo,116.1,yolo,0,0,0,0.000,0,-1,0
1785624647.468,-13.141,-3.268,6.819,0.9722,0,0.859,1.550,6.308,0.2642,18.443,-2.039,-1.054,1.000,-6.308,-14.000,0.5277,0.0369,0.322,0.322,0.765,1.855,1.941,-1.718,0.0059,0.490,nan,0.00,1,1,1,0,1,0.0000,0.303,0,0.130,0,0.796,0,0,yolo,116.1,yolo,0,0,0,0.000,0,-1,0
1785624647.499,-13.141,-3.268,6.819,0.9722,0,-0.641,1.177,4.814,0.2809,19.321,-1.627,-1.081,1.000,-4.814,6.575,-3.7787,0.5282,0.322,0.064,0.765,1.855,2.031,-2.092,0.0059,0.419,nan,0.00,1,1,1,1,1,0.0000,0.402,0,0.128,1,0.799,0,0,yolo,117.2,yolo,0,0,0,0.000,0,-1,0
1785624647.530,-13.010,-3.244,6.279,0.9728,0,0.831,1.326,4.814,0.2654,19.321,-1.627,-1.081,1.000,-4.814,-13.840,0.1616,0.0119,0.226,0.226,0.777,1.879,2.043,-1.918,0.0058,0.407,nan,0.00,1,1,1,0,1,0.0000,0.402,0,0.128,1,0.799,0,0,yolo,117.2,yolo,0,0,0,0.000,0,-1,0
1785624647.567,-13.010,-3.244,6.279,0.9728,0,0.831,1.178,4.814,0.2654,19.321,-1.627,-1.081,1.000,-4.814,-13.840,0.1616,0.0119,0.226,0.226,0.777,1.879,2.043,-2.066,0.0058,0.407,nan,0.00,1,1,1,0,1,0.0000,0.402,0,0.128,1,0.799,2,0,yolo,117.2,yolo,0,0,0,0.000,0,-1,0
1785624647.593,-13.118,-3.195,5.709,0.9724,0,-0.250,1.311,4.814,0.2664,19.321,-1.627,-1.081,1.000,-4.814,-12.868,0.0584,0.0247,0.123,0.123,0.790,1.902,2.056,-1.884,0.0058,0.394,nan,0.00,1,1,1,0,1,0.0000,0.300,0,0.125,0,0.793,0,0,yolo,117.2,yolo,0,0,0,0.000,0,-1,0
1785624647.624,-13.037,-3.159,5.136,0.9727,0,-1.750,1.250,3.314,0.2831,20.365,-1.074,-1.076,1.000,-3.019,14.000,-9.5697,1.1488,0.028,-0.695,0.802,1.926,2.133,-1.910,0.0057,0.317,nan,0.00,1,1,1,1,1,0.0000,0.300,0,0.125,0,0.793,0,0,yolo,116.0,yolo,0,0,0,0.000,0,-1,0
1785624647.655,-13.037,-3.159,5.136,0.9727,0,-1.757,1.068,3.019,0.2773,20.365,-1.074,-1.076,1.000,-3.019,-11.280,0.7232,0.0000,0.028,0.028,0.802,1.926,2.133,-2.092,0.0057,0.317,nan,0.00,1,1,1,0,1,0.0000,0.399,0,0.123,1,0.791,0,0,yolo,116.0,yolo,0,0,0,0.000,0,-1,0
1785624647.687,-12.777,-3.098,4.788,0.9738,0,-2.439,1.153,3.019,0.2769,20.365,-1.074,-1.076,1.000,-3.019,-10.338,0.6209,0.0060,-0.075,-0.075,0.808,1.952,2.160,-1.945,0.0057,0.290,nan,0.00,1,1,1,0,1,0.0000,0.399,0,0.123,1,0.791,0,0,yolo,116.0,yolo,0,0,0,0.000,0,-1,0
1785624647.718,-12.777,-3.098,4.788,0.9738,0,-2.439,0.980,3.019,0.2769,20.365,-1.074,-1.076,1.000,-3.019,-10.338,0.6209,0.0060,-0.075,-0.075,0.808,1.952,2.160,-2.118,0.0056,0.290,nan,0.00,1,1,1,0,1,0.0000,0.399,0,0.123,1,0.791,0,0,yolo,116.0,yolo,0,0,0,0.000,0,-1,0
1785624647.744,-12.480,-3.025,4.474,0.9750,0,-3.939,0.991,1.750,0.2936,20.810,-0.636,-1.077,1.000,-1.750,12.015,-2.7649,0.6235,-0.162,-0.622,0.805,1.975,2.200,-2.034,0.0056,0.186,nan,0.00,1,1,1,1,1,0.0000,0.249,0,0.124,2,0.786,0,0,yolo,114.4,yolo,0,0,0,0.000,0,-1,0
1785624647.780,-12.046,-2.964,4.262,0.9767,0,-5.439,1.048,1.750,0.2769,20.810,-0.636,-1.077,1.000,-1.750,-5.304,0.3828,-0.0090,-0.239,-0.239,0.796,1.996,2.200,-1.916,0.0056,0.157,nan,0.00,1,1,1,0,1,0.0000,0.250,0,0.125,2,0.786,0,0,yolo,114.4,yolo,0,0,0,0.000,0,-1,0
1785624647.811,-11.491,-2.885,4.113,0.9787,0,-6.812,1.045,1.750,0.2706,20.810,-0.636,-1.077,1.000,-1.750,-4.679,0.3143,-0.0258,-0.307,-0.307,0.779,2.015,2.200,-1.839,0.0056,0.120,nan,0.00,1,1,1,0,1,0.0000,0.500,0,0.125,2,0.786,0,0,yolo,114.4,yolo,0,0,0,0.000,0,-1,0
1785624647.842,-11.491,-2.885,4.113,0.9787,0,-8.312,0.858,0.250,0.2873,20.650,-0.057,-1.010,1.000,-0.157,14.000,-5.7417,0.5767,-0.307,-1.178,0.779,2.015,2.200,-2.026,0.0056,0.062,nan,0.00,1,1,1,1,1,0.0000,0.402,0,0.127,1,0.793,0,0,yolo,113.8,yolo,0,0,0,0.000,0,-1,0
1785624647.873,-10.650,-2.813,3.998,0.9816,0,-7.750,0.914,0.157,0.2724,20.650,-0.057,-1.010,1.000,-0.157,-2.900,0.8087,-0.0279,-0.369,-0.369,0.752,2.034,2.200,-1.899,0.0056,0.033,nan,0.00,1,1,1,0,1,0.0000,0.404,0,0.130,1,0.802,0,0,yolo,113.8,yolo,0,0,0,0.000,0,-1,0
1785624647.904,-9.838,-2.712,3.996,0.9842,0,-7.518,0.911,0.157,0.2716,20.650,-0.057,-1.010,1.000,-0.157,-2.320,0.7454,-0.0543,-0.432,-0.432,0.725,2.053,2.200,-1.801,0.0056,-0.007,nan,0.00,1,1,1,0,1,0.0000,0.408,0,0.136,1,0.809,0,0,yolo,113.8,yolo,0,0,0,0.000,0,-1,0
1785624647.935,-9.838,-2.712,3.996,0.9842,0,-7.518,0.741,0.157,0.2716,20.650,-0.057,-1.010,1.000,-0.157,-2.320,0.7454,-0.0543,-0.432,-0.432,0.725,2.053,2.200,-1.971,0.0056,-0.007,nan,0.00,1,1,1,0,1,0.0000,0.408,0,0.136,1,0.809,0,0,yolo,113.8,yolo,0,0,0,0.000,0,-1,0
1785624647.968,-8.982,-2.618,3.970,0.9867,0,-7.211,0.796,0.157,0.2710,20.650,-0.057,-1.010,1.000,-0.157,-1.770,0.6853,-0.0777,-0.492,-0.492,0.702,2.073,2.200,-1.823,0.0056,-0.044,nan,0.00,1,1,1,0,1,0.0000,0.413,0,0.141,1,0.822,0,0,yolo,113.8,yolo,0,0,0,0.000,0,-1,0
1785624648.001,-8.152,-2.529,3.932,0.9889,0,-6.867,0.818,0.157,0.2709,20.650,-0.057,-1.010,1.000,-0.157,-1.285,0.6323,-0.0911,-0.545,-0.545,0.688,2.093,2.200,-1.710,0.0056,-0.079,nan,0.00,1,1,1,0,1,0.0000,0.413,0,0.141,1,0.822,2,0,yolo,113.8,yolo,0,0,0,0.000,0,-1,0
1785624648.032,-8.152,-2.529,3.932,0.9889,0,-6.867,0.651,0.157,0.2709,20.650,-0.057,-1.010,1.000,-0.157,-1.285,0.6323,-0.0911,-0.545,-0.545,0.688,2.093,2.200,-1.878,0.0056,-0.079,nan,0.00,1,1,1,0,1,0.0000,0.416,0,0.145,1,0.832,1,0,yolo,113.8,yolo,0,0,0,0.000,0,-1,0
1785624648.073,-7.244,-2.432,3.895,0.9911,0,-8.367,0.717,-1.343,0.2865,20.618,0.536,-0.942,1.000,1.488,14.000,-2.9602,0.2337,-0.597,-1.404,0.678,2.114,2.200,-1.715,0.0056,-0.126,nan,0.00,1,1,1,1,1,0.0000,0.420,0,0.151,1,0.834,0,0,yolo,126.6,yolo,0,0,0,0.000,0,-1,0
1785624648.109,-6.169,-2.324,4.038,0.9934,0,-8.744,0.693,-1.488,0.2756,20.618,0.536,-0.942,1.000,1.488,2.575,0.7628,-0.0126,-0.641,-0.641,0.666,2.132,2.200,-1.631,0.0056,-0.157,nan,0.00,1,1,1,0,1,0.0000,0.420,0,0.151,1,0.834,3,0,yolo,126.6,yolo,0,0,0,0.000,0,-1,0
1785624648.152,-6.169,-2.324,4.038,0.9934,0,-8.744,0.531,-1.488,0.2756,20.618,0.536,-0.942,1.000,1.488,2.575,0.7628,-0.0126,-0.641,-0.641,0.666,2.132,2.200,-1.793,0.0057,-0.157,nan,0.00,1,1,1,0,1,0.0000,0.421,0,0.151,1,0.820,0,0,yolo,126.6,yolo,0,0,0,0.000,0,-1,0
1785624648.189,-5.025,-2.212,4.226,0.9954,0,-7.934,0.531,-1.488,0.2751,20.618,0.536,-0.942,1.000,1.488,2.908,0.7264,-0.0328,-0.677,-0.677,0.645,2.148,2.200,-1.681,0.0057,-0.189,nan,0.00,1,1,1,0,1,0.0000,0.262,0,0.150,2,0.826,0,0,yolo,126.6,yolo,0,0,0,0.000,0,-1,0
1785624648.228,-4.055,-2.142,4.360,0.9968,0,-9.434,0.516,-2.559,0.2726,20.738,0.927,-0.889,1.000,2.559,14.000,-2.3253,-0.0723,-0.699,-1.428,0.625,2.163,2.200,-1.626,0.0057,-0.177,nan,0.00,1,1,1,1,1,0.0000,0.525,0,0.150,2,0.826,0,0,yolo,123.4,yolo,0,0,0,0.000,0,-1,0
1785624648.259,-2.926,-2.065,4.630,0.9980,0,-8.723,0.471,-2.559,0.2748,20.738,0.927,-0.889,1.000,2.559,5.797,0.7118,-0.0233,-0.716,-0.716,0.601,2.176,2.200,-1.594,0.0057,-0.188,nan,0.00,1,1,1,0,1,0.0000,0.524,0,0.149,2,0.841,0,0,yolo,123.4,yolo,0,0,0,0.000,0,-1,0
1785624648.290,-1.984,-1.999,4.901,0.9988,0,-7.871,0.413,-2.559,0.2738,20.738,0.927,-0.889,1.000,2.559,5.887,0.7019,-0.0476,-0.726,-0.726,0.577,2.187,2.200,-1.586,0.0057,-0.197,nan,0.00,1,1,1,0,1,0.0000,0.524,0,0.149,2,0.841,0,0,yolo,123.4,yolo,0,0,0,0.000,0,-1,0
1785624648.326,-1.984,-1.999,4.901,0.9988,0,-9.371,0.279,-3.134,0.2669,21.153,1.158,-0.871,1.000,3.134,14.000,-1.5926,-0.1845,-0.726,-1.334,0.577,2.187,2.200,-1.720,0.0057,-0.172,nan,0.00,1,1,1,1,1,0.0000,0.154,0,0.137,0,0.857,0,0,yolo,105.0,yolo,0,0,0,0.000,0,-1,0
1785624648.352,-0.905,-1.962,5.210,0.9993,0,-8.656,0.296,-3.134,0.2743,21.153,1.158,-0.871,1.000,3.134,7.750,0.6060,-0.0139,-0.728,-0.728,0.563,2.198,2.200,-1.665,0.0058,-0.165,nan,0.00,1,1,1,0,1,0.0000,0.154,0,0.137,0,0.857,0,0,yolo,105.0,yolo,0,0,0,0.000,0,-1,0
1785624648.388,-0.905,-1.962,5.210,0.9993,0,-8.656,0.194,-3.134,0.2743,21.153,1.158,-0.871,1.000,3.134,7.750,0.6060,-0.0139,-0.728,-0.728,0.563,2.198,2.200,-1.767,0.0058,-0.165,nan,0.00,1,1,1,0,1,0.0000,0.154,0,0.137,0,0.857,2,0,yolo,105.0,yolo,0,0,0,0.000,0,-1,0
1785624648.415,0.114,-1.921,5.555,0.9994,0,-7.595,0.229,-3.134,0.2735,21.153,1.158,-0.871,1.000,3.134,7.709,0.6106,-0.0273,-0.723,-0.723,0.550,2.209,2.200,-1.691,0.0058,-0.159,nan,0.00,1,1,1,0,1,0.0000,0.404,0,0.130,1,0.862,0,0,yolo,105.0,yolo,0,0,0,0.000,0,-1,0
1785624648.450,1.026,-1.895,5.893,0.9993,0,-9.095,0.270,-3.570,0.2789,21.006,1.311,-0.887,1.000,3.570,14.000,-1.5989,0.0861,-0.712,-1.224,0.536,2.220,2.200,-1.625,0.0058,-0.168,nan,0.00,1,1,1,1,1,0.0000,0.404,0,0.130,1,0.862,1,0,yolo,117.2,yolo,0,0,0,0.000,0,-1,0
1785624648.479,1.026,-1.895,5.893,0.9993,0,-8.232,0.173,-3.570,0.2751,21.006,1.311,-0.887,1.000,3.570,9.258,0.5127,0.0000,-0.712,-0.712,0.536,2.220,2.200,-1.723,0.0058,-0.168,nan,0.00,1,1,1,0,1,0.0000,0.257,0,0.139,2,0.861,0,0,yolo,117.2,yolo,0,0,0,0.000,0,-1,0
1785624648.510,2.021,-1.875,6.227,0.9988,0,-7.076,0.209,-3.570,0.2740,21.006,1.311,-0.887,1.000,3.570,9.097,0.5304,-0.0156,-0.694,-0.694,0.521,2.230,2.200,-1.666,0.0058,-0.152,nan,0.00,1,1,1,0,1,0.0000,0.412,0,0.140,1,0.857,0,0,yolo,117.2,yolo,0,0,0,0.000,0,-1,0
1785624648.539,2.736,-1.866,6.574,0.9983,0,-6.183,0.244,-3.570,0.2731,21.006,1.311,-0.887,1.000,3.570,8.919,0.5501,-0.0308,-0.674,-0.674,0.505,2.239,2.200,-1.622,0.0059,-0.139,nan,0.00,1,1,1,0,1,0.0000,0.511,0,0.136,2,0.862,0,0,yolo,117.2,yolo,0,0,0,0.000,0,-1,0
1785624648.570,3.446,-1.856,6.939,0.9977,0,-7.683,0.286,-3.828,0.2761,20.228,1.354,-0.880,1.000,3.828,14.000,-0.9108,0.0290,-0.647,-0.967,0.484,2.249,2.200,-1.570,0.0059,-0.142,nan,0.00,1,1,1,1,1,0.0000,0.511,0,0.136,2,0.862,0,0,yolo,124.7,yolo,0,0,0,0.000,0,-1,0
1785624648.601,3.446,-1.856,6.939,0.9977,0,-7.263,0.194,-3.828,0.2748,20.228,1.354,-0.880,1.000,3.828,10.709,0.3194,0.0000,-0.647,-0.647,0.484,2.249,2.200,-1.662,0.0059,-0.142,nan,0.00,1,1,1,0,1,0.0000,0.206,0,0.140,1,0.851,0,0,yolo,124.7,yolo,0,0,0,0.000,0,-1,0
1785624648.632,4.351,-1.861,7.354,0.9966,0,-6.032,0.277,-3.828,0.2733,20.228,1.354,-0.880,1.000,3.828,10.383,0.3547,-0.0234,-0.612,-0.612,0.460,2.260,2.200,-1.584,0.0059,-0.118,nan,0.00,1,1,1,0,1,0.0000,0.412,0,0.140,1,0.841,0,0,yolo,124.7,yolo,0,0,0,0.000,0,-1,0
1785624648.670,4.351,-1.861,7.354,0.9966,0,-7.010,0.197,-3.754,0.2900,19.553,1.283,-0.895,1.000,3.754,11.361,0.1897,0.3191,-0.612,-0.669,0.460,2.260,2.200,-1.664,0.0059,-0.160,nan,0.00,1,1,1,1,1,0.0000,0.412,0,0.140,1,0.841,1,0,yolo,110.1,yolo,0,0,0,0.000,0,-1,0
1785624648.709,5.111,-1.860,7.805,0.9955,0,-6.269,0.294,-3.754,0.2744,19.553,1.283,-0.895,1.000,3.754,11.380,0.0992,-0.0240,-0.570,-0.570,0.436,2.272,2.200,-1.565,0.0059,-0.143,nan,0.00,1,1,1,0,1,0.0000,0.509,0,0.134,2,0.830,0,0,yolo,110.1,yolo,0,0,0,0.000,0,-1,0
1785624648.745,6.100,-1.864,8.325,0.9938,0,-4.769,0.415,-3.754,0.2729,19.553,1.283,-0.895,1.000,3.754,10.793,0.1619,-0.0496,-0.507,-0.507,0.411,2.286,2.200,-1.449,0.0059,-0.118,nan,0.00,1,1,1,0,1,0.0000,0.408,0,0.135,1,0.824,0,0,yolo,110.1,yolo,0,0,0,0.000,0,-1,0
1785624648.786,6.100,-1.864,8.325,0.9938,0,-3.269,0.314,-3.541,0.2896,19.956,1.235,-0.953,1.000,3.541,5.004,1.1125,0.7407,-0.507,-0.400,0.411,2.286,2.200,-1.550,0.0060,-0.167,nan,0.00,1,1,1,1,1,0.0000,0.408,0,0.135,1,0.824,0,0,yolo,106.4,yolo,0,0,0,0.000,0,-1,0
1785624648.818,6.864,-1.869,8.767,0.9923,0,-4.165,0.421,-3.541,0.2756,19.956,1.235,-0.953,1.000,3.541,11.028,-0.0498,-0.0207,-0.449,-0.449,0.390,2.299,2.200,-1.449,0.0060,-0.147,nan,0.00,1,1,1,0,1,0.0000,0.315,0,0.150,0,0.795,0,0,yolo,106.4,yolo,0,0,0,0.000,0,-1,0
1785624648.849,7.397,-1.866,9.172,0.9912,0,-3.082,0.498,-3.541,0.2746,19.956,1.235,-0.953,1.000,3.541,10.479,0.0094,-0.0410,-0.390,-0.390,0.370,2.312,2.200,-1.369,0.0060,-0.136,nan,0.00,1,1,1,0,1,0.0000,0.315,0,0.150,0,0.795,0,0,yolo,106.4,yolo,0,0,0,0.000,0,-1,0
1785624648.883,7.397,-1.866,9.172,0.9912,0,-1.582,0.392,-3.134,0.2913,19.402,1.062,-0.966,1.000,3.134,4.365,0.8274,0.3184,-0.390,-0.151,0.370,2.312,2.200,-1.474,0.0060,-0.189,nan,0.00,1,1,1,1,1,0.0000,0.319,0,0.157,0,0.787,0,0,yolo,114.0,yolo,0,0,0,0.000,0,-1,0
1785624648.913,7.566,-1.863,9.516,0.9908,0,-2.646,0.490,-3.134,0.2769,19.402,1.062,-0.966,1.000,3.134,10.213,-0.1818,-0.0278,-0.333,-0.333,0.342,2.325,2.200,-1.372,0.0060,-0.187,nan,0.00,1,1,1,0,1,0.0000,0.319,0,0.157,0,0.787,0,0,yolo,114.0,yolo,0,0,0,0.000,0,-1,0
1785624648.944,7.566,-1.863,9.516,0.9908,0,-2.646,0.396,-3.134,0.2769,19.402,1.062,-0.966,1.000,3.134,10.213,-0.1818,-0.0278,-0.333,-0.333,0.342,2.325,2.200,-1.467,0.0060,-0.187,nan,0.00,1,1,1,0,1,0.0000,0.321,0,0.160,0,0.796,0,0,yolo,114.0,yolo,0,0,0,0.000,0,-1,0
1785624648.976,7.939,-1.847,9.870,0.9899,0,-1.693,0.495,-3.134,0.2758,19.402,1.062,-0.966,1.000,3.134,9.631,-0.1200,-0.0561,-0.271,-0.271,0.313,2.339,2.200,-1.351,0.0061,-0.184,nan,0.00,1,1,1,0,1,0.0000,0.321,0,0.160,0,0.796,0,0,yolo,114.0,yolo,0,0,0,0.000,0,-1,0
1785624649.007,8.119,-1.836,10.192,0.9895,0,-0.193,0.558,-2.894,0.2902,18.832,0.952,-0.956,1.000,2.894,2.941,0.7874,0.2396,-0.216,0.079,0.290,2.351,2.200,-1.278,0.0061,-0.208,nan,0.00,1,1,1,1,1,0.0000,0.322,0,0.162,0,0.808,0,0,yolo,105.7,yolo,0,0,0,0.000,0,-1,0
1785624649.040,8.135,-1.812,10.520,0.9894,0,-0.976,0.616,-2.894,0.2779,18.832,0.952,-0.956,1.000,2.894,9.111,-0.2338,-0.0349,-0.155,-0.155,0.255,2.365,2.200,-1.196,0.0061,-0.216,nan,0.00,1,1,1,0,1,0.0000,0.322,0,0.162,0,0.808,0,0,yolo,105.7,yolo,0,0,0,0.000,0,-1,0
1785624649.069,8.135,-1.812,10.520,0.9894,0,-0.976,0.498,-2.894,0.2780,18.832,0.952,-0.956,1.000,2.894,9.111,-0.2338,-0.0349,-0.155,-0.155,0.255,2.365,2.200,-1.314,0.0061,-0.216,nan,0.00,1,1,1,0,1,0.0000,0.324,0,0.165,0,0.805,0,0,yolo,105.7,yolo,0,0,0,0.000,0,-1,0
1785624649.101,8.271,-1.798,10.816,0.9891,0,0.524,0.576,-2.591,0.2898,18.498,0.837,-0.948,1.000,2.591,1.782,0.9790,0.2081,-0.099,-0.043,0.223,2.378,2.200,-1.223,0.0061,-0.237,nan,0.00,1,1,1,1,1,0.0000,0.324,0,0.165,0,0.805,0,0,yolo,111.9,yolo,0,0,0,0.000,0,-1,0
1785624649.138,8.271,-1.798,10.816,0.9891,0,1.057,0.476,-2.591,0.2803,18.498,0.837,-0.948,1.000,2.591,7.214,-0.0557,0.0000,-0.099,-0.099,0.223,2.378,2.200,-1.322,0.0062,-0.237,nan,0.00,1,1,1,0,1,0.0000,0.324,0,0.164,0,0.810,0,0,yolo,111.9,yolo,0,0,0,0.000,0,-1,0
1785624649.178,8.184,-1.766,11.122,0.9893,0,1.578,0.571,-2.591,0.2789,18.498,0.837,-0.948,1.000,2.591,6.607,0.0073,-0.0375,-0.036,-0.036,0.185,2.393,2.200,-1.195,0.0062,-0.249,nan,0.00,1,1,1,0,1,0.0000,0.324,0,0.164,0,0.810,0,0,yolo,111.9,yolo,0,0,0,0.000,0,-1,0
1785624649.208,8.000,-1.738,11.396,0.9898,0,1.923,0.654,-2.591,0.2776,18.498,0.837,-0.948,1.000,2.591,6.077,0.0623,-0.0722,0.019,0.019,0.150,2.406,2.189,-1.084,0.0062,-0.261,nan,0.00,1,1,1,0,1,0.0000,0.431,0,0.164,1,0.816,0,0,yolo,111.9,yolo,0,0,0,0.000,0,-1,0
1785624649.239,8.000,-1.738,11.396,0.9898,0,1.923,0.542,-2.591,0.2777,18.498,0.837,-0.948,1.000,2.591,6.077,0.0623,-0.0722,0.019,0.019,0.150,2.406,2.189,-1.196,0.0062,-0.261,nan,0.00,1,1,1,0,1,0.0000,0.431,0,0.164,1,0.816,0,0,yolo,111.9,yolo,0,0,0,0.000,0,-1,0
1785624649.271,7.766,-1.695,11.699,0.9904,0,2.229,0.658,-2.591,0.2763,18.498,0.837,-0.948,1.000,2.591,5.537,0.1183,-0.1107,0.075,0.075,0.112,2.421,2.171,-1.037,0.0063,-0.279,nan,0.00,1,1,1,0,1,0.0000,0.323,0,0.164,0,0.819,0,0,yolo,111.9,yolo,0,0,0,0.000,0,-1,0
1785624649.302,7.488,-1.652,12.001,0.9911,0,2.468,0.752,-2.591,0.2753,18.498,0.837,-0.948,1.000,2.591,5.021,0.1719,-0.1414,0.129,0.129,0.081,2.435,2.153,-0.900,0.0063,-0.297,nan,0.00,1,1,1,0,1,0.0000,0.323,0,0.164,0,0.819,0,0,yolo,111.9,yolo,0,0,0,0.000,0,-1,0
1785624649.335,7.488,-1.652,12.001,0.9911,0,2.468,0.634,-2.591,0.2754,18.498,0.837,-0.948,1.000,2.591,5.021,0.1719,-0.1414,0.129,0.129,0.081,2.435,2.153,-1.018,0.0063,-0.297,nan,0.00,1,1,1,0,1,0.0000,0.268,0,0.071,1,0.836,0,0,yolo,111.9,yolo,0,0,0,0.000,0,-1,0
1785624649.367,7.191,-1.612,12.291,0.9917,0,2.638,0.741,-2.591,0.2745,18.498,0.837,-0.948,1.000,2.591,4.553,0.2204,-0.1695,0.177,0.177,0.053,2.449,2.135,-0.871,0.0064,-0.315,nan,0.00,1,1,1,0,1,0.0000,0.268,0,0.071,1,0.836,0,0,yolo,111.9,yolo,0,0,0,0.000,0,-1,0
1785624649.404,6.877,-1.556,12.578,0.9924,0,2.756,0.819,-2.591,0.2741,18.498,0.837,-0.948,1.000,2.591,4.121,0.2652,-0.1888,0.222,0.222,0.034,2.463,2.112,-0.737,0.0064,-0.338,nan,0.00,1,1,1,0,1,0.0000,0.269,0,0.074,1,0.834,0,0,yolo,111.9,yolo,0,0,0,0.000,0,-1,0
1785624649.430,6.877,-1.556,12.578,0.9924,0,2.756,0.703,-2.591,0.2742,18.498,0.837,-0.948,1.000,2.591,4.121,0.2652,-0.1888,0.222,0.222,0.034,2.463,2.112,-0.853,0.0064,-0.338,nan,0.00,1,1,1,0,1,0.0000,0.269,0,0.074,1,0.834,0,0,yolo,111.9,yolo,0,0,0,0.000,0,-1,0
1785624649.467,6.536,-1.504,12.873,0.9932,0,4.256,2.203,-1.091,0.2829,nan,nan,nan,0.000,0.000,-2.123,0.0000,0.0148,0.265,0.265,0.015,2.476,1.000,2.027,0.0064,-0.328,nan,0.00,0,0,0,0,1,0.0000,0.269,0,0.074,1,0.834,3,0,,,FLYING,0,0,0,0.000,0,-1,0
1785624649.507,6.218,-1.452,13.145,0.9938,0,5.756,3.542,0.000,0.2816,nan,nan,nan,0.000,0.000,-2.419,0.0000,-0.0030,0.302,0.302,-0.003,2.489,1.000,2.091,0.0064,-0.318,nan,0.00,0,0,0,0,1,0.0000,0.270,0,0.076,1,0.882,0,0,,,FLYING,0,0,0,0.000,0,-1,0
1785624649.539,6.218,-1.452,13.145,0.9938,0,7.256,2.932,1.500,0.2813,4.000,-1.122,0.000,0.233,-15.663,-10.525,-0.0000,-0.0030,0.302,0.302,-0.003,2.489,1.200,1.480,0.0064,-0.309,nan,0.00,0,1,0,1,1,0.0000,0.264,0,0.065,1,0.888,0,1,blueline,,BLUELINE,0,0,0,0.000,0,-1,0
1785624649.570,5.488,-0.999,13.159,0.9953,0,8.756,2.507,3.000,0.2793,4.000,-1.122,0.000,0.233,-15.663,-10.796,0.0477,-0.0323,0.350,0.350,-0.032,2.497,1.200,1.508,0.0064,-0.300,nan,0.00,0,1,0,0,1,0.0000,0.264,0,0.065,1,0.888,0,0,blueline,,BLUELINE,0,0,0,0.000,0,-1,0
1785624649.600,4.408,-0.701,12.845,0.9970,0,10.256,2.165,4.500,0.2771,4.000,-1.144,0.000,0.233,-15.961,-11.498,0.3122,-0.0647,0.400,0.400,-0.065,2.499,1.200,1.463,0.0064,-0.291,nan,0.00,0,1,0,1,1,0.0000,0.263,0,0.063,1,0.874,0,0,blueline,,BLUELINE,0,0,0,0.000,0,-1,0
1785624649.632,4.408,-0.701,12.845,0.9970,0,11.756,2.100,6.000,0.2768,4.000,-1.144,0.000,0.233,-15.961,-11.134,0.0000,-0.0647,0.400,0.400,-0.065,2.499,1.200,1.399,0.0064,-0.282,nan,0.00,0,1,0,0,1,0.0000,0.263,0,0.063,1,0.874,0,0,blueline,,BLUELINE,0,0,0,0.000,0,-1,0
1785624649.669,2.895,-0.396,12.102,0.9987,0,10.256,2.204,4.500,0.2745,nan,nan,nan,0.000,0.000,-3.652,0.0000,-0.1002,0.457,0.457,-0.100,2.496,1.000,1.807,0.0064,-0.273,nan,0.00,0,0,0,0,1,0.0000,0.263,0,0.063,1,0.874,3,0,,,FLYING,0,0,0,0.000,0,-1,0
1785624649.695,1.758,-0.115,11.623,0.9995,0,8.756,1.843,3.000,0.2726,nan,nan,nan,0.000,0.000,-3.912,0.0000,-0.1317,0.489,0.489,-0.132,2.491,1.000,1.728,0.0064,-0.265,nan,0.00,0,0,0,0,1,0.0000,0.413,0,0.142,1,0.874,0,0,,,FLYING,0,0,0,0.000,0,-1,0
1785624649.726,1.758,-0.115,11.623,0.9995,0,7.256,1.843,1.500,0.2724,nan,nan,nan,0.000,0.000,-3.912,0.0000,-0.1317,0.489,0.489,-0.132,2.491,1.000,1.728,0.0064,-0.257,nan,0.00,0,0,0,0,1,0.0000,0.413,0,0.142,1,0.874,0,0,,,FLYING,0,0,0,0.000,0,-1,0
1785624649.758,0.979,0.095,11.512,0.9999,0,8.756,1.092,3.000,0.2709,4.000,-1.121,0.000,0.233,-15.660,-11.401,-0.0000,-0.1561,0.498,0.498,-0.156,2.488,1.200,1.187,0.0064,-0.250,nan,0.00,0,1,0,1,1,0.0000,0.407,0,0.133,1,0.873,0,0,blueline,,BLUELINE,0,0,0,0.000,0,-1,0
1785624649.788,0.093,0.196,11.330,1.0000,0,10.256,0.947,4.500,0.2700,4.000,-1.121,0.000,0.233,-15.660,-11.432,0.0056,-0.1704,0.503,0.503,-0.170,2.484,1.200,1.143,0.0064,-0.242,nan,0.00,0,1,0,0,1,0.0000,0.407,0,0.133,1,0.873,0,0,blueline,,BLUELINE,0,0,0,0.000,0,-1,0
1785624649.819,0.093,0.196,11.330,1.0000,0,8.756,0.967,6.000,0.2698,4.000,-0.856,0.000,0.233,-12.081,-6.505,-2.4984,-0.1704,0.503,0.503,-0.170,2.484,1.200,1.163,0.0064,-0.235,nan,0.00,0,1,0,1,1,0.0000,0.394,0,0.118,1,0.841,0,0,blueline,,BLUELINE,0,0,0,0.000,0,-1,0
1785624649.850,-0.940,0.287,10.901,0.9999,0,8.535,0.802,7.500,0.2692,4.000,-0.856,0.000,0.233,-12.081,-9.475,0.0097,-0.1791,0.513,0.513,-0.179,2.478,1.200,1.089,0.0064,-0.228,nan,0.00,0,1,0,0,1,0.0000,0.394,0,0.118,1,0.841,0,0,blueline,,BLUELINE,0,0,0,0.000,0,-1,0
1785624649.880,-1.807,0.353,10.175,0.9995,0,7.035,0.634,9.000,0.2689,4.000,-0.728,0.000,0.233,-10.310,-4.211,-3.7092,-0.1846,0.529,0.529,-0.185,2.468,1.200,0.987,0.0064,-0.221,nan,0.00,0,1,0,1,1,0.0000,0.173,0,0.057,0,0.870,0,0,blueline,,BLUELINE,0,0,0,0.000,0,-1,0
1785624649.913,-2.482,0.386,9.358,0.9990,0,6.152,0.511,10.310,0.2687,4.000,-0.728,0.000,0.233,-10.310,-8.633,0.0161,-0.1880,0.545,0.545,-0.188,2.457,1.200,0.897,0.0064,-0.214,nan,0.00,0,1,0,0,1,0.0000,0.173,0,0.057,0,0.870,0,0,blueline,,BLUELINE,0,0,0,0.000,0,-1,0
1785624649.944,-3.046,0.394,8.515,0.9986,0,4.921,0.428,9.789,0.2685,4.000,-0.690,0.000,0.233,-9.789,-7.967,-0.3635,-0.1907,0.560,0.560,-0.191,2.446,1.200,0.822,0.0064,-0.208,nan,0.00,0,1,0,1,1,0.0000,0.280,0,0.092,1,0.841,0,0,blueline,,BLUELINE,0,0,0,0.000,0,-1,0
1785624649.977,-3.046,0.394,8.515,0.9986,0,5.345,0.516,9.789,0.2683,4.000,-0.690,0.000,0.233,-9.789,-8.391,0.0000,-0.1907,0.560,0.560,-0.191,2.446,1.200,0.910,0.0064,-0.202,nan,0.00,0,1,0,0,1,0.0000,0.280,0,0.092,1,0.841,0,0,blueline,,BLUELINE,0,0,0,0.000,0,-1,0
1785624650.007,-3.782,0.391,7.391,0.9978,0,4.577,0.382,9.755,0.2682,4.000,-0.688,0.000,0.233,-9.755,-8.359,-0.0725,-0.1941,0.575,0.575,-0.194,2.431,1.200,0.773,0.0064,-0.196,nan,0.00,0,1,0,1,1,0.0000,0.286,0,0.101,1,0.852,0,0,blueline,,BLUELINE,0,0,0,0.000,0,-1,0
1785624650.033,-3.782,0.391,7.391,0.9978,0,4.662,0.473,9.755,0.2680,4.000,-0.688,0.000,0.233,-9.755,-8.444,0.0000,-0.1941,0.575,0.575,-0.194,2.431,1.200,0.864,0.0064,-0.190,nan,0.00,0,1,0,0,1,0.0000,0.286,0,0.101,1,0.852,0,0,blueline,,BLUELINE,0,0,0,0.000,0,-1,0
1785624650.080,-4.651,0.373,5.906,0.9967,0,3.162,0.785,8.255,0.2679,nan,nan,nan,0.000,0.000,-4.655,0.0000,-0.1988,0.582,0.582,-0.199,2.410,1.000,1.157,0.0064,-0.184,nan,0.00,0,0,0,0,1,0.0000,0.286,0,0.101,1,0.852,3,0,,,FLYING,0,0,0,0.000,0,-1,0
1785624650.116,-4.651,0.373,5.906,0.9967,0,1.662,0.895,6.755,0.2677,nan,nan,nan,0.000,0.000,-4.655,0.0000,-0.1988,0.582,0.582,-0.199,2.410,1.000,1.268,0.0064,-0.178,nan,0.00,0,0,0,0,1,0.0000,0.286,0,0.101,1,0.840,0,0,,,FLYING,0,0,0,0.000,0,-1,0
1785624650.146,-5.169,0.406,4.786,0.9959,0,0.162,0.719,5.255,0.2676,nan,nan,nan,0.000,0.000,-4.559,0.0000,-0.2027,0.570,0.570,-0.203,2.394,1.000,1.125,0.0064,-0.173,nan,0.00,0,0,0,0,1,0.0000,0.286,0,0.101,1,0.840,0,0,,,FLYING,0,0,0,0.000,0,-1,0
1785624650.175,-5.169,0.406,4.786,0.9959,0,1.662,0.327,6.755,0.2674,4.000,-0.616,0.000,0.233,-8.754,-7.856,-0.0000,-0.2027,0.570,0.570,-0.203,2.394,1.200,0.733,0.0064,-0.168,nan,0.00,0,1,0,1,1,0.0000,0.287,0,0.104,1,0.857,0,0,blueline,,BLUELINE,0,0,0,0.000,0,-1,0
1785624650.207,-5.184,0.456,4.165,0.9959,0,2.487,0.200,8.255,0.2672,4.000,-0.616,0.000,0.233,-8.754,-7.671,-0.0312,-0.2060,0.539,0.539,-0.206,2.382,1.200,0.656,0.0064,-0.163,nan,0.00,0,1,0,0,1,0.0000,0.287,0,0.104,1,0.857,0,0,blueline,,BLUELINE,0,0,0,0.000,0,-1,0
1785624650.238,-5.585,0.380,3.133,0.9952,0,0.987,0.176,7.866,0.2671,4.000,-0.553,0.000,0.233,-7.866,-6.069,-0.9298,-0.2082,0.528,0.528,-0.208,2.368,1.200,0.556,0.0064,-0.158,nan,0.00,0,1,0,1,1,0.0000,0.287,0,0.103,1,0.839,0,0,blueline,,BLUELINE,0,0,0,0.000,0,-1,0
1785624650.268,-5.585,0.380,3.133,0.9952,0,1.569,0.285,7.866,0.2669,4.000,-0.553,0.000,0.233,-7.866,-7.154,0.0000,-0.2082,0.528,0.528,-0.208,2.368,1.200,0.665,0.0064,-0.153,nan,0.00,0,1,0,0,1,0.0000,0.287,0,0.103,1,0.839,0,0,blueline,,BLUELINE,0,0,0,0.000,0,-1,0
1785624650.300,-5.914,0.309,2.207,0.9947,0,0.069,-1.215,6.366,0.2803,22.411,0.726,-0.084,1.000,1.856,2.657,-0.0000,-0.0000,0.518,0.518,-0.210,2.356,2.171,-1.844,0.0065,-0.279,nan,0.00,1,1,1,1,1,0.0000,0.285,0,0.101,1,0.880,0,1,yolo,114.5,yolo,0,0,0,0.000,0,-1,0
1785624650.331,-6.005,0.192,1.542,0.9945,0,-1.431,-2.124,4.866,0.2789,22.411,0.726,-0.084,1.000,1.856,2.803,-0.0166,-0.0026,0.501,0.501,-0.212,2.348,2.200,-1.932,0.0065,-0.234,nan,0.00,1,1,1,0,1,0.0000,0.285,0,0.101,1,0.880,0,0,yolo,114.5,yolo,0,0,0,0.000,0,-1,0
1785624650.367,-6.005,0.192,1.542,0.9945,0,-2.931,-2.033,3.366,0.2789,22.411,0.726,-0.084,1.000,1.856,2.803,-0.0166,-0.0026,0.501,0.501,-0.212,2.348,2.200,-1.841,0.0065,-0.234,nan,0.00,1,1,1,0,1,0.0000,0.291,0,0.110,1,0.907,0,0,yolo,114.5,yolo,0,0,0,0.000,0,-1,0
1785624650.393,-5.836,-0.113,1.084,0.9948,0,-4.431,-1.717,1.866,0.2746,22.411,0.726,-0.084,1.000,1.856,3.072,-0.0470,-0.0166,0.471,0.471,-0.226,2.344,2.200,-1.829,0.0065,-0.113,nan,0.00,1,1,1,0,1,0.0000,0.291,0,0.110,1,0.907,0,0,yolo,114.5,yolo,0,0,0,0.000,0,-1,0
1785624650.428,-5.333,-0.307,0.907,0.9957,0,-5.931,-1.458,0.366,0.2579,20.450,1.037,0.044,1.000,2.903,14.000,-3.7358,-1.6930,0.436,0.051,-0.243,2.345,2.200,-1.764,0.0065,0.056,nan,0.00,1,1,1,1,1,0.0000,0.291,0,0.110,1,0.907,2,0,yolo,119.1,yolo,0,0,0,0.000,0,-1,0
1785624650.460,-5.333,-0.307,0.907,0.9957,0,-7.431,-1.420,-1.134,0.2700,20.450,1.037,0.044,1.000,2.903,3.506,0.3850,0.0000,0.436,0.436,-0.243,2.345,2.200,-1.726,0.0065,0.056,nan,0.00,1,1,1,0,1,0.0000,0.288,0,0.105,1,0.916,1,0,yolo,119.1,yolo,0,0,0,0.000,0,-1,0
1785624650.487,-4.398,-0.459,1.114,0.9970,0,-8.353,-1.167,-2.634,0.2666,20.450,1.037,0.044,1.000,2.903,3.955,0.3362,-0.0186,0.387,0.387,-0.262,2.350,2.200,-1.626,0.0065,0.128,nan,0.00,1,1,1,0,1,0.0000,0.285,0,0.099,1,0.898,0,0,yolo,119.1,yolo,0,0,0,0.000,0,-1,0
1785624650.518,-4.398,-0.459,1.114,0.9970,0,-8.353,-1.166,-2.903,0.2666,20.450,1.037,0.044,1.000,2.903,3.955,0.3362,-0.0186,0.387,0.387,-0.262,2.350,2.200,-1.625,0.0065,0.128,nan,0.00,1,1,1,0,1,0.0000,0.282,0,0.094,1,0.903,0,0,yolo,119.1,yolo,0,0,0,0.000,0,-1,0
1785624650.550,-3.450,-0.568,1.430,0.9981,0,-9.853,-0.906,-4.397,0.2499,19.252,1.480,0.172,1.000,4.397,14.000,-5.0195,-1.4580,0.344,-0.551,-0.273,2.357,2.176,-1.473,0.0065,0.274,nan,0.00,1,1,1,1,1,0.0000,0.282,0,0.094,1,0.903,0,0,yolo,132.2,yolo,0,0,0,0.000,0,-1,0
1785624650.580,-2.219,-0.654,1.955,0.9992,0,-8.353,-0.567,-4.397,0.2612,19.252,1.480,0.172,1.000,4.397,5.398,0.8518,0.0124,0.301,0.301,-0.261,2.367,2.116,-1.221,0.0064,0.334,nan,0.00,1,1,1,0,1,0.0000,0.283,0,0.097,1,0.898,0,0,yolo,132.2,yolo,0,0,0,0.000,0,-1,0
1785624650.612,-2.219,-0.654,1.955,0.9992,0,-7.617,-0.612,-4.397,0.2611,19.252,1.480,0.172,1.000,4.397,5.398,0.8518,0.0124,0.301,0.301,-0.261,2.367,2.116,-1.266,0.0064,0.334,nan,0.00,1,1,1,0,1,0.0000,0.283,0,0.097,1,0.898,0,0,yolo,132.2,yolo,0,0,0,0.000,0,-1,0
1785624650.647,-1.368,-0.707,2.451,0.9996,0,-7.063,-0.374,-4.397,0.2608,19.252,1.480,0.172,1.000,4.397,5.695,0.8204,0.0342,0.269,0.269,-0.239,2.375,2.076,-1.081,0.0063,0.374,nan,0.00,1,1,1,0,1,0.0000,0.287,0,0.103,1,0.901,0,0,yolo,132.2,yolo,0,0,0,0.000,0,-1,0
1785624650.681,-0.462,-0.747,2.954,0.9999,0,-8.563,0.009,-5.897,0.2441,18.402,1.975,0.249,1.000,6.126,14.000,-4.1640,-0.7423,0.246,-0.864,-0.207,2.385,1.968,-0.738,0.0063,0.473,nan,0.00,1,1,1,1,1,0.0000,0.287,0,0.103,1,0.901,1,0,yolo,122.7,yolo,0,0,0,0.000,0,-1,0
1785624650.707,-0.462,-0.747,2.954,0.9999,0,-9.090,-0.058,-6.126,0.2561,18.402,1.975,0.249,1.000,6.126,8.628,1.1101,0.0000,0.246,0.246,-0.207,2.385,1.968,-0.804,0.0063,0.473,nan,0.00,1,1,1,0,1,0.0000,0.287,0,0.103,1,0.902,0,0,yolo,122.7,yolo,0,0,0,0.000,0,-1,0
1785624650.743,0.711,-0.758,3.677,0.9998,0,-8.135,0.148,-6.126,0.2564,18.402,1.975,0.249,1.000,6.126,8.847,1.0873,0.0373,0.223,0.223,-0.170,2.395,1.925,-0.610,0.0062,0.517,nan,0.00,1,1,1,0,1,0.0000,0.287,0,0.103,1,0.902,2,0,yolo,122.7,yolo,0,0,0,0.000,0,-1,0
1785624650.769,0.711,-0.758,3.677,0.9998,0,-8.135,0.084,-6.126,0.2564,18.402,1.975,0.249,1.000,6.126,8.847,1.0873,0.0373,0.223,0.223,-0.170,2.395,1.925,-0.674,0.0062,0.517,nan,0.00,1,1,1,0,1,0.0000,0.287,0,0.103,1,0.886,0,0,yolo,122.7,yolo,0,0,0,0.000,0,-1,0
1785624650.801,1.691,-0.764,4.388,0.9995,0,-9.635,0.439,-7.406,0.2397,17.941,2.332,0.243,1.000,7.406,14.000,-4.0108,-0.3340,0.211,-1.031,-0.130,2.404,1.817,-0.324,0.0061,0.551,nan,0.00,1,1,1,1,1,0.0000,0.284,0,0.098,1,0.886,0,0,yolo,125.6,yolo,0,0,0,0.000,0,-1,0
1785624650.831,2.833,-0.747,5.166,0.9987,0,-8.549,0.570,-7.406,0.2545,17.941,2.332,0.243,1.000,7.406,11.381,1.2350,0.0412,0.204,0.204,-0.089,2.413,1.781,-0.177,0.0060,0.592,nan,0.00,1,1,1,0,1,0.0000,0.284,0,0.098,1,0.886,0,0,yolo,125.6,yolo,0,0,0,0.000,0,-1,0
1785624650.866,2.833,-0.747,5.166,0.9987,0,-8.549,0.497,-7.406,0.2544,17.941,2.332,0.243,1.000,7.406,11.381,1.2350,0.0412,0.204,0.204,-0.089,2.413,1.781,-0.250,0.0060,0.592,nan,0.00,1,1,1,0,1,0.0000,0.287,0,0.103,1,0.861,0,0,yolo,125.6,yolo,0,0,0,0.000,0,-1,0
1785624650.893,3.857,-0.739,6.014,0.9977,0,-7.510,0.645,-7.406,0.2556,17.941,2.332,0.243,1.000,7.406,11.368,1.2364,0.0886,0.205,0.205,-0.042,2.422,1.747,-0.094,0.0059,0.631,nan,0.00,1,1,1,0,1,0.0000,0.280,0,0.092,1,0.850,0,0,yolo,125.6,yolo,0,0,0,0.000,0,-1,0
1785624650.930,4.712,-0.724,6.779,0.9965,0,-9.010,0.670,-7.894,0.2614,17.665,2.449,0.175,1.000,7.894,14.000,-0.9016,0.1911,0.215,-0.722,0.006,2.431,1.748,-0.054,0.0059,0.599,nan,0.00,1,1,1,1,1,0.0000,0.194,0,0.109,0,0.867,0,0,yolo,120.3,yolo,0,0,0,0.000,0,-1,0
1785624650.971,4.712,-0.724,6.779,0.9965,0,-9.288,0.598,-7.894,0.2527,17.665,2.449,0.175,1.000,7.894,14.000,0.9370,0.0000,0.215,0.215,0.006,2.431,1.748,-0.126,0.0058,0.599,nan,0.00,1,1,1,0,1,0.0000,0.194,0,0.109,0,0.867,0,0,yolo,120.3,yolo,0,0,0,0.000,0,-1,0
1785624651.001,5.869,-0.728,7.676,0.9947,0,-7.970,0.778,-7.894,0.2538,17.665,2.449,0.175,1.000,7.894,13.840,0.9556,0.0483,0.234,0.234,0.054,2.440,1.706,0.050,0.0057,0.649,nan,0.00,1,1,1,0,1,0.0000,0.194,0,0.110,0,0.865,0,0,yolo,120.3,yolo,0,0,0,0.000,0,-1,0
1785624651.033,6.738,-0.732,8.485,0.9930,0,-7.262,0.746,-7.923,0.2705,17.940,2.497,0.087,1.000,7.923,14.000,-0.0908,0.4044,0.257,-0.465,0.099,2.448,1.739,0.015,0.0057,0.608,nan,0.00,1,1,1,1,1,0.0000,0.395,0,0.118,1,0.847,0,0,yolo,115.6,yolo,0,0,0,0.000,0,-1,0
1785624651.063,6.738,-0.732,8.485,0.9930,0,-7.262,0.674,-7.923,0.2538,17.940,2.497,0.087,1.000,7.923,14.000,0.7225,0.0000,0.257,0.257,0.099,2.448,1.739,-0.058,0.0056,0.608,nan,0.00,1,1,1,0,1,0.0000,0.395,0,0.118,1,0.847,0,0,yolo,115.6,yolo,0,0,0,0.000,0,-1,0
1785624651.095,7.639,-0.764,9.372,0.9910,0,-6.361,0.888,-7.923,0.2537,17.940,2.497,0.087,1.000,7.923,14.000,0.7577,0.0352,0.293,0.293,0.134,2.458,1.698,0.124,0.0055,0.657,nan,0.00,1,1,1,0,1,0.0000,0.273,0,0.079,1,0.879,0,0,yolo,115.6,yolo,0,0,0,0.000,0,-1,0
1785624651.125,8.418,-0.781,10.246,0.9891,0,-5.582,1.055,-7.923,0.2545,17.940,2.497,0.087,1.000,7.923,14.000,0.7980,0.0698,0.333,0.333,0.169,2.468,1.665,0.274,0.0055,0.696,nan,0.00,1,1,1,0,1,0.0000,0.273,0,0.079,1,0.879,0,0,yolo,115.6,yolo,0,0,0,0.000,0,-1,0
1785624651.158,8.425,-0.782,10.254,0.9891,0,-5.575,0.978,-7.923,0.2544,17.940,2.497,0.087,1.000,7.923,14.000,0.7984,0.0702,0.333,0.333,0.169,2.468,1.665,0.196,0.0054,0.697,nan,0.00,1,1,1,0,1,0.0000,0.173,0,0.057,0,0.907,0,0,yolo,115.6,yolo,0,0,0,0.000,0,-1,0
1785624651.186,9.105,-0.798,11.135,0.9873,0,-4.697,1.155,-7.923,0.2556,17.940,2.497,0.087,1.000,7.923,13.802,0.8441,0.1095,0.379,0.379,0.208,2.479,1.636,0.356,0.0053,0.731,nan,0.00,1,1,1,0,1,0.0000,0.173,0,0.057,0,0.907,0,0,yolo,115.6,yolo,0,0,0,0.000,0,-1,0
1785624651.222,9.105,-0.798,11.135,0.9873,0,-4.697,1.080,-7.923,0.2555,17.940,2.497,0.087,1.000,7.923,13.802,0.8441,0.1095,0.379,0.379,0.208,2.479,1.636,0.282,0.0053,0.731,nan,0.00,1,1,1,0,1,0.0000,0.173,0,0.056,0,0.924,0,0,yolo,115.6,yolo,0,0,0,0.000,0,-1,0
1785624651.247,9.654,-0.802,11.983,0.9857,0,-3.681,1.228,-7.923,0.2568,17.940,2.497,0.087,1.000,7.923,13.336,0.8921,0.1464,0.427,0.427,0.245,2.490,1.615,0.426,0.0052,0.756,nan,0.00,1,1,1,0,1,0.0000,0.173,0,0.056,0,0.924,0,0,yolo,115.6,yolo,0,0,0,0.000,0,-1,0
1785624651.283,10.093,-0.805,12.848,0.9844,0,-2.181,0.146,-6.423,0.2622,20.694,1.632,-0.213,1.000,4.508,9.292,-0.0000,-0.0000,0.479,0.479,0.280,2.502,2.083,-0.659,0.0051,0.367,nan,0.00,1,1,1,1,0,0.0000,0.000,0,0.000,0,0.000,0,0,yolo,116.8,yolo,0,0,0,0.000,0,-1,0
1785624651.315,10.093,-0.805,12.848,0.9844,0,-0.681,0.058,-4.923,0.2622,20.694,1.632,-0.213,1.000,4.508,9.292,0.0000,0.0000,0.479,0.479,0.280,2.502,2.083,-0.748,0.0051,0.367,nan,0.00,1,1,1,0,0,0.0000,0.000,0,0.000,0,0.000,2,0,yolo,116.8,yolo,0,0,0,0.000,0,-1,0
1785624651.342,10.499,-0.842,13.706,0.9832,0,0.819,0.268,-4.508,0.2633,20.694,1.632,-0.213,1.000,4.508,8.772,0.0569,0.0337,0.536,0.536,0.314,2.515,2.058,-0.573,0.0051,0.392,nan,0.00,1,1,1,0,0,0.0000,0.000,0,0.000,0,0.000,0,0,yolo,116.8,yolo,0,0,0,0.000,0,-1,0
1785624651.380,10.391,-0.884,14.154,0.9835,0,2.319,0.156,-3.293,0.2799,20.533,1.182,-0.227,1.000,3.293,-4.316,2.6121,0.5108,0.604,-0.123,0.338,2.525,2.143,-0.728,0.0050,0.307,nan,0.00,1,1,1,1,0,0.0000,0.000,0,0.000,0,0.000,2,0,yolo,121.7,yolo,0,0,0,0.000,0,-1,0
1785624651.419,10.391,-0.884,14.154,0.9835,0,3.819,0.061,-3.293,0.2642,20.533,1.182,-0.227,1.000,3.293,2.082,0.7262,0.0000,0.604,0.604,0.338,2.525,2.143,-0.823,0.0050,0.307,nan,0.00,1,1,1,0,0,0.0000,0.000,0,0.000,0,0.000,0,0,yolo,121.7,yolo,0,0,0,0.000,0,-1,0
1785624651.450,10.133,-0.923,14.480,0.9843,0,5.319,0.196,-3.293,0.2643,20.533,1.182,-0.227,1.000,3.293,1.441,0.7960,0.0132,0.673,0.673,0.351,2.536,2.135,-0.727,0.0050,0.315,nan,0.00,1,1,1,0,1,0.0000,0.193,0,0.108,0,0.865,0,0,yolo,121.7,yolo,0,0,0,0.000,0,-1,0
1785624651.480,9.457,-0.956,14.844,0.9863,0,6.819,0.305,-3.293,0.2642,20.533,1.182,-0.227,1.000,3.293,0.854,0.8600,0.0230,0.737,0.737,0.361,2.548,2.137,-0.651,0.0049,0.313,nan,0.00,1,1,1,0,1,0.0000,0.193,0,0.108,0,0.865,0,0,yolo,121.7,yolo,0,0,0,0.000,0,-1,0
1785624651.514,9.457,-0.956,14.844,0.9863,0,8.319,0.184,-1.972,0.2680,20.477,0.705,-0.157,1.000,1.972,-14.000,4.7220,0.0999,0.737,0.441,0.361,2.548,2.147,-0.772,0.0049,0.303,nan,0.00,1,1,1,1,1,0.0000,0.193,0,0.108,0,0.865,2,0,yolo,123.6,yolo,0,0,0,0.000,0,-1,0
1785624651.541,8.722,-0.978,15.205,0.9883,0,8.860,0.299,-1.972,0.2633,20.477,0.705,-0.157,1.000,1.972,-0.138,0.3501,0.0076,0.791,0.791,0.369,2.561,2.148,-0.679,0.0049,0.302,nan,0.00,1,1,1,0,0,0.0000,0.000,0,0.000,0,0.000,0,0,yolo,123.6,yolo,0,0,0,0.000,0,-1,0
1785624651.573,8.722,-0.978,15.205,0.9883,0,8.860,0.212,-1.972,0.2632,20.477,0.705,-0.157,1.000,1.972,-0.138,0.3501,0.0076,0.791,0.791,0.369,2.561,2.148,-0.766,0.0049,0.302,nan,0.00,1,1,1,0,1,0.0000,0.185,0,0.088,0,0.795,0,0,yolo,123.6,yolo,0,0,0,0.000,0,-1,0
1785624651.603,7.576,-0.971,15.421,0.9911,0,8.185,0.252,-1.972,0.2633,20.477,0.705,-0.157,1.000,1.972,-0.609,0.4013,0.0159,0.842,0.842,0.377,2.572,2.165,-0.719,0.0048,0.285,nan,0.00,1,1,1,0,1,0.0000,0.185,0,0.088,0,0.795,0,0,yolo,123.6,yolo,0,0,0,0.000,0,-1,0
1785624651.642,6.539,-0.963,15.641,0.9934,0,7.528,0.278,-1.972,0.2639,20.477,0.705,-0.157,1.000,1.972,-0.989,0.4426,0.0305,0.884,0.884,0.392,2.583,2.181,-0.685,0.0048,0.269,nan,0.00,1,1,1,0,1,0.0000,0.185,0,0.088,0,0.795,2,0,yolo,123.6,yolo,0,0,0,0.000,0,-1,0
1785624651.672,6.539,-0.963,15.641,0.9934,0,9.028,0.194,-0.921,0.2607,20.175,0.324,-0.104,1.000,0.921,-14.000,3.7003,-0.0364,0.884,0.865,0.392,2.583,2.178,-0.769,0.0048,0.272,nan,0.00,1,1,1,1,1,0.0000,0.185,0,0.089,0,0.796,0,0,yolo,156.5,yolo,0,0,0,0.000,0,-1,0
1785624651.696,5.593,-0.951,15.881,0.9951,0,7.528,0.247,-0.921,0.2627,20.175,0.324,-0.104,1.000,0.921,-1.828,0.0484,0.0120,0.913,0.913,0.404,2.595,2.188,-0.703,0.0047,0.262,nan,0.00,1,1,1,0,1,0.0000,0.185,0,0.089,0,0.796,0,0,yolo,156.5,yolo,0,0,0,0.000,0,-1,0
1785624651.728,5.593,-0.951,15.881,0.9951,0,7.421,0.164,-0.921,0.2627,20.175,0.324,-0.104,1.000,0.921,-1.828,0.0484,0.0120,0.913,0.913,0.404,2.595,2.188,-0.787,0.0047,0.262,nan,0.00,1,1,1,0,1,0.0000,0.138,0,0.086,1,0.802,0,0,yolo,156.5,yolo,0,0,0,0.000,0,-1,0
1785624651.767,4.607,-0.928,15.977,0.9966,0,6.678,0.177,-0.921,0.2631,20.175,0.324,-0.104,1.000,0.921,-2.071,0.0746,0.0217,0.939,0.939,0.413,2.605,2.200,-0.751,0.0047,0.249,nan,0.00,1,1,1,0,1,0.0000,0.183,0,0.082,0,0.780,0,0,yolo,156.5,yolo,0,0,0,0.000,0,-1,0
1785624651.814,3.620,-0.901,16.060,0.9979,0,5.862,0.200,-0.921,0.2636,20.175,0.324,-0.104,1.000,0.921,-2.242,0.0930,0.0295,0.958,0.958,0.421,2.614,2.200,-0.701,0.0047,0.234,nan,0.00,1,1,1,0,1,0.0000,0.170,0,0.049,0,0.767,0,0,yolo,156.5,yolo,0,0,0,0.000,0,-1,0
1785624651.853,2.743,-0.879,16.191,0.9987,0,7.362,0.238,0.579,0.2700,19.492,-0.273,-0.084,1.000,-0.801,-14.000,2.9300,0.1571,0.969,1.114,0.427,2.624,2.200,-0.641,0.0047,0.202,nan,0.00,1,1,1,1,1,0.0000,0.170,0,0.049,0,0.767,0,0,yolo,169.1,yolo,0,0,0,0.000,0,-1,0
1785624651.883,2.734,-0.878,16.193,0.9987,0,8.281,0.149,0.801,0.2629,19.492,-0.273,-0.084,1.000,-0.801,-5.547,-0.1449,0.0001,0.969,0.969,0.427,2.624,2.200,-0.729,0.0046,0.202,nan,0.00,1,1,1,0,1,0.0000,0.170,0,0.049,0,0.767,0,0,yolo,169.1,yolo,0,0,0,0.000,0,-1,0
1785624651.921,1.598,-0.857,16.077,0.9995,0,7.214,0.138,0.801,0.2629,19.492,-0.273,-0.084,1.000,-0.801,-5.616,-0.1376,0.0049,0.976,0.976,0.432,2.630,2.200,-0.720,0.0046,0.200,nan,0.00,1,1,1,0,1,0.0000,0.170,0,0.049,0,0.767,3,0,yolo,169.1,yolo,0,0,0,0.000,0,-1,0
1785624651.946,1.598,-0.857,16.077,0.9995,0,7.214,0.076,0.801,0.2629,19.492,-0.273,-0.084,1.000,-0.801,-5.616,-0.1376,0.0049,0.976,0.976,0.432,2.630,2.200,-0.781,0.0046,0.200,nan,0.00,1,1,1,0,0,0.0000,0.000,0,0.000,0,0.000,0,0,yolo,169.1,yolo,0,0,0,0.000,0,-1,0
1785624651.977,0.685,-0.844,15.964,0.9998,0,6.286,0.089,0.801,0.2630,19.492,-0.273,-0.084,1.000,-0.801,-5.600,-0.1393,0.0091,0.975,0.975,0.436,2.635,2.200,-0.755,0.0046,0.200,nan,0.00,1,1,1,0,0,0.0000,0.000,0,0.000,0,0.000,0,0,yolo,169.1,yolo,0,0,0,0.000,0,-1,0
1785624652.013,0.685,-0.844,15.964,0.9998,0,7.786,0.042,2.131,0.2585,18.709,-0.696,-0.054,1.000,-2.131,-14.000,2.6060,-0.0816,0.975,1.287,0.436,2.635,2.200,-0.802,0.0045,0.214,nan,0.00,1,1,1,1,0,0.0000,0.000,0,0.000,0,0.000,2,0,yolo,162.5,yolo,0,0,0,0.000,0,-1,0
1785624652.054,-0.177,-0.830,15.879,0.9999,0,7.945,0.075,2.131,0.2622,18.709,-0.696,-0.054,1.000,-2.131,-8.122,-0.3236,0.0046,0.963,0.963,0.441,2.641,2.200,-0.756,0.0045,0.220,nan,0.00,1,1,1,0,0,0.0000,0.000,0,0.000,0,0.000,0,0,yolo,162.5,yolo,0,0,0,0.000,0,-1,0
1785624652.088,-1.326,-0.825,15.583,0.9996,0,6.636,0.061,2.131,0.2621,18.709,-0.696,-0.054,1.000,-2.131,-7.962,-0.3404,0.0108,0.947,0.947,0.447,2.644,2.200,-0.764,0.0045,0.232,nan,0.00,1,1,1,0,0,0.0000,0.000,0,0.000,0,0.000,2,0,yolo,162.5,yolo,0,0,0,0.000,0,-1,0
1785624652.129,-1.326,-0.825,15.583,0.9996,0,6.636,0.023,2.131,0.2621,18.709,-0.696,-0.054,1.000,-2.131,-7.962,-0.3404,0.0108,0.947,0.947,0.447,2.644,2.200,-0.802,0.0045,0.232,nan,0.00,1,1,1,0,1,0.0000,0.165,0,0.038,0,0.748,0,0,yolo,162.5,yolo,0,0,0,0.000,0,-1,0
1785624652.163,-2.285,-0.824,15.298,0.9991,0,5.415,0.038,2.131,0.2623,18.709,-0.696,-0.054,1.000,-2.131,-7.699,-0.3678,0.0193,0.919,0.919,0.455,2.647,2.200,-0.786,0.0045,0.243,nan,0.00,1,1,1,0,1,0.0000,0.165,0,0.038,0,0.748,0,0,yolo,162.5,yolo,0,0,0,0.000,0,-1,0
1785624652.191,-2.285,-0.824,15.298,0.9991,0,5.415,0.009,2.131,0.2622,18.709,-0.696,-0.054,1.000,-2.131,-7.699,-0.3678,0.0193,0.919,0.919,0.455,2.647,2.200,-0.815,0.0044,0.243,nan,0.00,1,1,1,0,1,0.0000,0.165,0,0.038,0,0.748,0,0,yolo,162.5,yolo,0,0,0,0.000,0,-1,0
1785624652.225,-3.033,-0.831,15.040,0.9985,0,4.356,0.052,2.131,0.2624,18.709,-0.696,-0.054,1.000,-2.131,-7.389,-0.4003,0.0281,0.887,0.887,0.464,2.650,2.195,-0.779,0.0044,0.255,nan,0.00,1,1,1,0,1,0.0000,0.278,0,0.088,0,0.750,0,0,yolo,162.5,yolo,0,0,0,0.000,0,-1,0
1785624652.253,-3.811,-0.841,14.771,0.9977,0,3.197,0.119,2.131,0.2627,18.709,-0.696,-0.054,1.000,-2.131,-7.008,-0.4400,0.0382,0.847,0.847,0.474,2.654,2.182,-0.722,0.0044,0.268,nan,0.00,1,1,1,0,1,0.0000,0.278,0,0.088,0,0.750,0,0,yolo,162.5,yolo,0,0,0,0.000,0,-1,0
1785624652.287,-3.830,-0.841,14.763,0.9977,0,3.168,0.092,2.131,0.2627,18.709,-0.696,-0.054,1.000,-2.131,-6.997,-0.4411,0.0385,0.846,0.846,0.475,2.654,2.182,-0.750,0.0044,0.268,nan,0.00,1,1,1,0,1,0.0000,0.278,0,0.088,0,0.750,0,0,yolo,162.5,yolo,0,0,0,0.000,0,-1,0
1785624652.317,-4.290,-0.847,14.489,0.9971,0,4.668,0.146,2.131,0.2608,18.709,-0.696,-0.054,1.000,-2.131,-9.016,-0.0000,-0.0000,0.805,0.805,0.485,2.658,2.175,-0.701,0.0043,0.275,nan,0.00,1,1,1,1,1,0.0000,0.279,0,0.090,0,0.752,0,1,anduril,,anduril,0,0,0,0.000,0,-1,0
1785624652.346,-4.290,-0.847,14.489,0.9971,0,4.726,0.118,2.131,0.2608,18.709,-0.696,-0.054,1.000,-2.131,-9.016,-0.0000,-0.0000,0.805,0.805,0.485,2.658,2.175,-0.728,0.0043,0.275,nan,0.00,1,1,1,1,1,0.0000,0.279,0,0.090,0,0.752,0,0,anduril,,anduril,0,0,0,0.000,0,-1,0
1785624652.381,-5.024,-0.852,14.209,0.9960,0,3.760,0.185,2.131,0.2607,18.709,-0.696,-0.054,1.000,-2.131,-8.783,-0.0000,-0.0000,0.754,0.754,0.498,2.662,2.164,-0.667,0.0043,0.286,nan,0.00,1,1,1,1,1,0.0000,0.279,0,0.090,0,0.752,0,0,anduril,,anduril,0,0,0,0.000,0,-1,0
1785624652.430,-5.024,-0.852,14.209,0.9960,0,5.260,0.069,3.631,0.2624,19.344,-1.271,-0.170,1.000,-3.759,-12.728,-0.0000,-0.0000,0.754,0.754,0.498,2.662,2.200,-0.783,0.0042,0.230,nan,0.00,1,1,1,1,1,0.0000,0.279,0,0.090,0,0.752,3,0,anduril,,anduril,0,0,0,0.000,0,-1,0
1785624652.472,-5.783,-0.860,13.913,0.9948,0,6.682,0.120,3.759,0.2621,19.344,-1.271,-0.170,1.000,-3.759,-12.465,-0.0000,-0.0000,0.694,0.694,0.514,2.667,2.200,-0.740,0.0042,0.250,nan,0.00,1,1,1,1,1,0.0000,0.280,0,0.092,0,0.746,0,0,anduril,,anduril,0,0,0,0.000,0,-1,0
1785624652.504,-6.911,-0.910,13.301,0.9926,0,5.256,0.272,3.759,0.2614,19.344,-1.271,-0.170,1.000,-3.759,-12.168,-0.0000,-0.0000,0.627,0.627,0.535,2.669,2.159,-0.638,0.0042,0.291,nan,0.00,1,1,1,1,1,0.0000,0.280,0,0.092,0,0.746,0,0,anduril,,anduril,0,0,0,0.000,0,-1,0
1785624652.541,-6.911,-0.910,13.301,0.9926,0,6.756,1.067,5.259,0.2556,21.727,-3.121,-0.242,1.000,-8.176,-14.000,-0.0000,-0.0000,0.627,0.627,0.535,2.669,1.830,0.157,0.0041,0.481,nan,0.00,1,1,1,1,1,0.0000,0.375,0,0.094,1,0.754,0,0,anduril,,anduril,0,0,0,0.000,0,-1,0
1785624652.580,-7.966,-0.840,12.496,0.9902,0,6.034,1.014,6.759,0.2552,21.727,-3.121,-0.242,1.000,-8.176,-14.000,-0.0000,-0.0000,0.559,0.559,0.566,2.666,1.804,0.173,0.0041,0.512,nan,0.00,1,1,1,1,1,0.0000,0.375,0,0.094,1,0.754,0,0,anduril,,anduril,0,0,0,0.000,0,-1,0
1785624652.617,-7.966,-0.840,12.496,0.9902,0,6.034,1.142,8.259,0.2550,22.042,-3.487,-0.293,1.000,-8.990,-14.000,0.0000,0.0000,0.559,0.559,0.566,2.666,1.751,0.302,0.0040,0.517,nan,0.00,1,1,1,0,1,0.0000,0.375,0,0.094,1,0.754,2,0,anduril,,anduril,0,0,0,0.000,0,-1,0
1785624652.663,-9.000,-0.863,11.055,0.9876,0,5.000,2.120,9.759,0.2384,24.800,-5.302,-0.212,1.000,-12.068,-14.000,19.9891,-2.0000,0.497,4.567,0.607,2.659,1.327,1.258,0.0039,0.993,nan,0.00,1,1,1,1,1,0.0000,0.376,0,0.095,1,0.751,0,0,anduril,,anduril,0,0,0,0.000,0,-1,0
1785624652.694,-9.605,-0.778,9.885,0.9859,0,3.500,1.977,11.259,0.2433,24.800,-5.302,-0.212,1.000,-12.068,-11.088,-4.1151,0.0517,0.451,0.451,0.659,2.651,1.318,1.199,0.0039,1.012,nan,0.00,1,1,1,0,1,0.0000,0.376,0,0.095,1,0.751,0,0,anduril,,anduril,0,0,0,0.000,0,-1,0
1785624652.719,-9.605,-0.778,9.885,0.9859,0,2.000,2.017,12.000,0.2433,24.800,-5.302,-0.212,1.000,-12.068,-11.088,-4.1151,0.0517,0.451,0.451,0.659,2.651,1.318,1.240,0.0039,1.012,nan,0.00,1,1,1,0,1,0.0000,0.376,0,0.095,1,0.751,0,0,anduril,,anduril,0,0,0,0.000,0,-1,0
1785624652.758,-10.268,-0.702,8.610,0.9839,0,0.500,2.651,10.500,0.2600,nan,nan,nan,0.000,0.000,-3.176,0.0000,0.7370,0.397,0.397,0.737,2.643,1.000,1.949,0.0039,0.982,nan,0.00,0,0,0,0,1,0.0000,0.376,0,0.095,1,0.751,2,0,,,FLYING,0,0,0,0.000,0,-1,0
1785624652.786,-10.283,-0.704,8.508,0.9839,0,-1.000,2.692,9.000,0.2767,nan,nan,nan,0.000,0.000,-3.159,0.0000,0.7429,0.395,0.395,0.743,2.642,1.000,1.989,0.0039,0.952,nan,0.00,0,0,0,0,1,0.0000,0.376,0,0.095,1,0.736,0,0,,,FLYING,0,0,0,0.000,0,-1,0
1785624652.820,-10.118,-0.485,7.298,0.9844,0,-2.500,2.357,7.500,0.2822,nan,nan,nan,0.000,0.000,-2.687,0.0000,0.8341,0.336,0.336,0.834,2.631,1.000,1.872,0.0039,0.924,nan,0.00,0,0,0,0,1,0.0000,0.376,0,0.096,1,0.728,0,0,,,FLYING,0,0,0,0.000,0,-1,0
1785624652.855,-10.118,-0.485,7.298,0.9844,0,-4.000,2.418,6.000,0.2830,nan,nan,nan,0.000,0.000,-2.687,0.0000,0.8341,0.336,0.336,0.834,2.631,1.000,1.933,0.0039,0.896,nan,0.00,0,0,0,0,1,0.0000,0.376,0,0.096,1,0.728,2,0,,,FLYING,0,0,0,0.000,0,-1,0
1785624652.887,-9.594,-0.297,6.616,0.9860,0,-5.500,2.167,4.500,0.2860,nan,nan,nan,0.000,0.000,-2.299,0.0000,0.8910,0.287,0.287,0.891,2.623,1.000,1.870,0.0039,0.869,nan,0.00,0,0,0,0,1,0.0000,0.251,0,0.044,1,0.721,0,0,,,FLYING,0,0,0,0.000,0,-1,0
1785624652.921,-9.594,-0.297,6.616,0.9860,0,-4.000,1.723,6.000,0.2868,4.000,-0.996,0.000,0.233,-13.977,-9.496,-0.0000,0.8910,0.287,0.287,0.891,2.623,1.200,1.426,0.0039,0.843,nan,0.00,0,1,0,1,1,0.0000,0.249,0,0.040,1,0.711,0,1,blueline,,BLUELINE,0,0,0,0.000,0,-1,0
1785624652.950,-9.025,-0.167,5.773,0.9876,0,-2.500,1.504,7.500,0.2881,4.000,-0.827,0.000,0.233,-11.686,-6.548,-1.1993,0.9146,0.237,0.237,0.915,2.613,1.200,1.336,0.0039,0.818,nan,0.00,0,1,0,1,1,0.0000,0.247,0,0.037,1,0.726,0,0,blueline,,BLUELINE,0,0,0,0.000,0,-1,0
1785624652.981,-9.025,-0.167,5.773,0.9876,0,-1.078,1.562,9.000,0.2889,4.000,-0.827,0.000,0.233,-11.686,-7.947,0.0000,0.9146,0.237,0.237,0.915,2.613,1.200,1.395,0.0039,0.793,nan,0.00,0,1,0,0,1,0.0000,0.247,0,0.037,1,0.726,0,0,blueline,,BLUELINE,0,0,0,0.000,0,-1,0
1785624653.030,-8.910,-0.137,4.357,0.9879,0,-1.138,1.408,10.500,0.2885,4.000,-0.827,0.000,0.233,-11.686,-7.773,-0.0296,0.8926,0.207,0.207,0.893,2.600,1.200,1.271,0.0039,0.769,nan,0.00,0,1,0,0,1,0.0000,0.247,0,0.037,1,0.726,0,0,blueline,,BLUELINE,0,0,0,0.000,0,-1,0
1785624653.061,-8.739,-0.149,2.842,0.9884,0,0.362,1.336,12.000,0.3052,13.912,-9.174,-5.710,1.000,-25.000,-14.000,-0.0000,-0.0000,0.186,0.186,0.836,2.589,1.200,1.186,0.0039,-4.214,nan,0.00,1,1,1,1,1,0.0000,0.373,0,0.091,1,0.739,0,1,anduril,,anduril,0,0,0,0.000,0,-1,0
1785624653.091,-8.739,-0.149,2.842,0.9884,0,1.862,1.422,12.000,0.3218,13.912,-9.174,-5.710,1.000,-25.000,-14.000,-0.0000,-0.0000,0.186,0.186,0.836,2.589,1.200,1.272,0.0039,-4.214,nan,0.00,1,1,1,1,1,0.0000,0.373,0,0.091,1,0.739,0,0,anduril,,anduril,0,0,0,0.000,0,-1,0
1785624653.129,-8.739,-0.149,2.842,0.9884,0,3.362,1.482,12.000,0.3318,13.912,-9.174,-5.710,1.000,-25.000,-14.000,-0.0000,-0.0000,0.186,0.186,0.836,2.589,1.200,1.332,0.0039,-4.214,nan,0.00,1,1,1,1,1,0.0000,0.373,0,0.091,1,0.739,2,0,anduril,,anduril,0,0,0,0.000,0,-1,0
1785624653.157,-9.052,-0.190,1.103,0.9875,0,4.862,1.416,12.000,0.3151,13.628,-8.931,-5.578,1.000,-25.000,-14.000,-0.0000,-2.0000,0.164,3.273,0.745,2.578,1.200,1.226,0.0039,-4.058,nan,0.00,1,1,1,1,1,0.0000,0.373,0,0.092,1,0.749,0,0,anduril,,anduril,0,0,0,0.000,0,-1,0
1785624653.197,-9.783,-0.248,-0.540,0.9854,0,4.217,1.427,12.000,0.2985,13.680,-8.838,-5.652,1.000,-25.000,-14.000,-0.0000,-1.4799,0.127,1.747,0.634,2.569,1.200,1.179,0.0039,-4.009,nan,0.00,1,1,1,1,1,0.0000,0.374,0,0.093,1,0.755,0,0,anduril,,anduril,0,0,0,0.000,0,-1,0
1785624653.241,-9.795,-0.249,-0.566,0.9854,0,4.205,1.500,12.000,0.3151,13.713,-8.777,-5.700,1.000,-25.000,-14.000,-0.0000,1.6602,0.127,0.907,0.632,2.569,1.200,1.251,0.0039,-4.064,nan,0.00,1,1,1,1,1,0.0000,0.374,0,0.093,1,0.755,1,0,anduril,,anduril,0,0,0,0.000,0,-1,0
1785624653.285,-10.394,-0.324,-2.214,0.9836,0,3.606,1.545,12.000,0.3273,13.713,-8.777,-5.700,1.000,-25.000,-14.000,-0.8263,-0.1335,0.081,0.081,0.498,2.563,1.200,1.221,0.0039,-3.945,nan,0.00,1,1,1,0,1,0.0000,0.374,0,0.093,1,0.755,2,0,anduril,,anduril,0,0,0,0.000,0,-1,0
1785624653.332,-10.868,-0.387,-3.731,0.9820,0,3.132,1.617,12.000,0.3202,13.687,-8.441,-5.702,1.000,-25.000,-14.000,-0.0000,-0.2998,0.036,0.979,0.355,2.560,1.200,1.230,0.0039,-3.915,nan,0.00,1,1,1,1,1,0.0000,0.375,0,0.093,1,0.759,1,0,anduril,,anduril,0,0,0,0.000,0,-1,0
1785624653.372,-11.323,-0.462,-5.400,0.9805,0,2.677,1.725,12.000,0.3271,13.687,-8.441,-5.702,1.000,-25.000,-14.000,-0.9973,-0.1608,-0.018,-0.018,0.194,2.558,1.200,1.263,0.0039,-3.823,nan,0.00,1,1,1,0,1,0.0000,0.258,0,0.056,1,0.766,0,0,anduril,,anduril,0,0,0,0.000,0,-1,0
1785624653.409,-11.323,-0.462,-5.400,0.9805,0,2.677,1.764,12.000,0.3438,13.412,-7.908,-5.614,1.000,-25.000,-14.000,-0.0000,0.3205,-0.018,0.362,0.194,2.558,1.200,1.302,0.0039,-3.844,nan,0.00,1,1,1,1,1,0.0000,0.131,0,0.061,1,0.772,0,0,anduril,,anduril,0,0,0,0.000,0,-1,0
1785624653.476,-11.827,-0.545,-7.580,0.9787,0,2.173,1.894,12.000,0.3271,12.822,-7.172,-5.382,1.000,-25.000,-14.000,-0.0000,-2.0000,-0.092,-0.528,-0.033,2.560,1.200,1.350,0.0039,-3.676,nan,0.00,1,1,1,1,1,0.0000,0.269,0,0.074,1,0.791,0,0,anduril,,anduril,0,0,0,0.000,0,-1,0
1785624653.503,-11.862,-0.551,-7.731,0.9786,0,2.138,1.922,12.000,0.3343,12.822,-7.172,-5.382,1.000,-25.000,-14.000,0.4311,-0.0173,-0.097,-0.097,-0.051,2.560,1.200,1.371,0.0039,-3.670,nan,0.00,1,1,1,0,1,0.0000,0.269,0,0.074,1,0.791,0,0,anduril,,anduril,0,0,0,0.000,0,-1,0
1785624653.527,-12.195,-0.614,-9.525,0.9774,0,1.805,2.061,12.000,0.3237,12.822,-7.172,-5.382,1.000,-25.000,-14.000,0.3692,-0.2577,-0.159,-0.159,-0.291,2.565,1.200,1.447,0.0039,-3.608,nan,0.00,1,1,1,0,1,0.0000,0.269,0,0.074,1,0.791,0,0,anduril,,anduril,0,0,0,0.000,0,-1,0
1785624653.558,-12.195,-0.614,-9.525,0.9774,0,1.805,2.051,12.000,0.3070,11.873,-6.176,-5.042,1.000,-25.000,-14.000,-0.0000,-1.6850,-0.159,-1.724,-0.291,2.565,1.200,1.437,0.0039,-3.496,nan,0.00,1,1,1,1,1,0.0000,0.264,0,0.066,1,0.808,0,0,anduril,,anduril,0,0,0,0.000,0,-1,0
1785624653.596,-12.447,-0.662,-11.181,0.9764,0,1.553,2.202,12.000,0.2903,10.937,-5.257,-4.696,1.000,-25.000,-14.000,-0.0000,-2.0000,-0.216,-2.409,-0.481,2.574,1.200,1.540,0.0039,-3.326,nan,0.00,1,1,1,1,1,0.0000,0.264,0,0.066,1,0.808,2,0,anduril,,anduril,0,0,0,0.000,0,-1,0
1785624653.635,-12.447,-0.662,-11.181,0.9764,0,1.553,2.170,12.000,0.3070,10.937,-5.257,-4.696,1.000,-25.000,-14.000,2.1932,0.0000,-0.216,-0.216,-0.481,2.574,1.200,1.508,0.0039,-3.326,nan,0.00,1,1,1,0,1,0.0000,0.257,0,0.053,1,0.808,0,0,anduril,,anduril,0,0,0,0.000,0,-1,0
1785624653.669,-12.664,-0.697,-12.878,0.9756,0,1.336,2.339,12.000,0.2903,9.954,-4.303,-4.330,1.000,-23.378,-14.000,-4.2269,-2.0000,-0.274,-3.005,-0.631,2.585,1.200,1.642,0.0039,-3.160,nan,0.00,1,1,1,1,1,0.0000,0.257,0,0.053,1,0.808,2,0,anduril,,anduril,0,0,0,0.000,0,-1,0
1785624653.706,-12.852,-0.717,-14.604,0.9749,0,1.148,2.502,12.000,0.3070,9.954,-4.303,-4.330,1.000,-23.378,-14.000,2.6703,-0.1056,-0.334,-0.334,-0.736,2.600,1.200,1.785,0.0039,-3.140,nan,0.00,1,1,1,0,1,0.0000,0.080,0,0.027,0,0.817,0,0,anduril,,anduril,0,0,0,0.000,0,-1,0
1785624653.740,-12.852,-0.717,-14.604,0.9749,0,-0.352,2.417,12.000,0.2903,9.064,-3.475,-3.994,1.000,-20.978,4.104,-5.6950,-1.9953,-0.334,-3.197,-0.736,2.600,1.200,1.699,0.0039,-3.007,nan,0.00,1,1,1,1,1,0.0000,0.160,0,0.025,0,0.830,0,0,anduril,,anduril,0,0,0,0.000,0,-1,0
1785624653.784,-12.852,-0.717,-14.604,0.9749,0,-1.852,2.357,12.000,0.2746,8.318,-2.696,-3.715,1.000,-17.962,14.000,-6.5675,-1.3391,-0.334,-3.245,-0.736,2.600,1.200,1.640,0.0039,-2.917,nan,0.00,1,1,1,1,1,0.0000,0.119,0,0.020,1,0.853,0,0,anduril,,anduril,0,0,0,0.000,0,-1,0
1785624653.817,-12.970,-0.740,-16.572,0.9744,0,-0.352,2.617,12.000,0.2912,8.318,-2.696,-3.715,1.000,-17.962,-14.000,2.8428,-0.0654,-0.402,-0.402,-0.802,2.621,1.200,1.877,0.0039,-2.907,nan,0.00,1,1,1,0,1,0.0000,0.119,0,0.020,1,0.853,0,0,anduril,,anduril,0,0,0,0.000,0,-1,0
1785624653.848,-12.905,-0.722,-18.296,0.9747,0,1.095,2.779,12.000,0.3079,8.318,-2.696,-3.715,1.000,-17.962,-14.000,2.7852,-0.0938,-0.460,-0.460,-0.830,2.642,1.200,2.057,0.0039,-2.914,nan,0.00,1,1,1,0,1,0.0000,0.119,0,0.020,1,0.853,0,0,anduril,,anduril,0,0,0,0.000,0,-1,0
1785624653.884,-12.905,-0.722,-18.296,0.9747,0,1.095,2.643,12.000,0.3246,8.318,-2.696,-3.715,1.000,-17.962,-14.000,2.7852,-0.0938,-0.460,-0.460,-0.830,2.642,1.200,1.921,0.0039,-2.914,nan,0.00,1,1,1,0,0,0.0000,0.000,0,0.000,0,0.000,0,0,anduril,,anduril,0,0,0,0.000,0,-1,0
1785624653.911,-13.085,-0.697,-20.028,0.9740,0,0.915,2.821,12.000,0.3294,8.318,-2.696,-3.715,1.000,-17.962,-14.000,2.7312,-0.1584,-0.514,-0.514,-0.895,2.664,1.200,2.124,0.0039,-2.906,nan,0.00,1,1,1,0,0,0.0000,0.000,0,0.000,0,0.000,0,0,anduril,,anduril,0,0,0,0.000,0,-1,0
1785624653.948,-13.085,-0.697,-20.028,0.9740,0,0.915,2.682,12.000,0.3294,8.318,-2.696,-3.715,1.000,-17.962,-14.000,2.7312,-0.1584,-0.514,-0.514,-0.895,2.664,1.200,1.985,0.0039,-2.906,nan,0.00,1,1,1,0,0,0.0000,0.000,0,0.000,0,0.000,2,0,anduril,,anduril,0,0,0,0.000,0,-1,0
1785624653.987,-13.240,-0.678,-21.726,0.9734,0,0.760,2.879,12.000,0.3243,8.318,-2.696,-3.715,1.000,-17.962,-14.000,2.6784,-0.2735,-0.567,-0.567,-1.010,2.688,1.200,2.201,0.0039,-2.900,nan,0.00,1,1,1,0,0,0.0000,0.000,0,0.000,0,0.000,0,0,anduril,,anduril,0,0,0,0.000,0,-1,0
1785624654.025,-13.240,-0.678,-21.726,0.9734,0,0.760,2.735,12.000,0.3243,8.318,-2.696,-3.715,1.000,-17.962,-14.000,2.6784,-0.2735,-0.567,-0.567,-1.010,2.688,1.200,2.057,0.0039,-2.900,nan,0.00,1,1,1,0,0,0.0000,0.000,0,0.000,0,0.000,0,0,anduril,,anduril,0,0,0,0.000,0,-1,0
1785624654.068,-13.335,-0.630,-23.434,0.9730,0,0.665,2.923,12.000,0.3167,8.318,-2.696,-3.715,1.000,-17.962,-14.000,2.6248,-0.4392,-0.620,-0.620,-1.175,2.713,1.200,2.294,0.0039,-2.901,nan,0.00,1,1,1,0,0,0.0000,0.000,0,0.000,0,0.000,1,0,anduril,,anduril,0,0,0,0.000,0,-1,0
1785624654.117,-13.423,-0.577,-25.238,0.9726,0,-0.835,3.102,10.500,0.3001,7.422,3.657,-3.856,1.000,25.000,14.000,-0.0000,-0.0000,-0.676,-0.676,-1.344,2.742,1.200,2.525,0.0039,-4.525,nan,0.00,1,1,1,1,0,0.0000,0.000,0,0.000,0,0.000,1,0,anduril,,anduril,0,0,0,0.000,0,-1,0
1785624654.147,-13.423,-0.577,-25.238,0.9726,0,-2.335,2.901,9.000,0.2834,6.640,3.617,-3.534,1.000,25.000,14.000,-0.0000,-2.0000,-0.676,-2.218,-1.344,2.742,1.200,2.324,0.0039,-4.210,nan,0.00,1,1,1,1,0,0.0000,0.000,0,0.000,0,0.000,0,0,anduril,,anduril,0,0,0,0.000,0,-1,0
1785624654.176,-13.032,-0.416,-26.433,0.9742,0,-3.835,2.903,7.500,0.2667,6.131,3.591,-3.324,1.000,25.000,14.000,-0.0000,-2.0000,-0.760,-1.526,-1.455,2.765,1.200,2.487,0.0039,-4.004,nan,0.00,1,1,1,1,0,0.0000,0.000,0,0.000,0,0.000,0,0,anduril,,anduril,0,0,0,0.000,0,-1,0
1785624654.230,-12.670,-0.241,-27.596,0.9756,0,-5.335,3.241,6.000,0.2746,6.131,3.591,-3.324,1.000,25.000,14.000,0.6855,-0.0611,-0.840,-0.840,-1.516,2.788,1.200,3.000,0.0039,-4.005,nan,0.00,1,1,1,0,0,0.0000,0.000,0,0.000,0,0.000,0,0,anduril,,anduril,0,0,0,0.000,0,-1,0
1785624654.280,-12.646,-0.233,-27.639,0.9757,0,-6.835,3.233,4.500,0.2746,6.131,3.591,-3.324,1.000,25.000,14.000,0.6818,-0.0610,-0.844,-0.844,-1.516,2.789,1.200,3.000,0.0039,-4.005,nan,0.00,1,1,1,0,0,0.0000,0.000,0,0.000,0,0.000,2,0,anduril,,anduril,0,0,0,0.000,0,-1,0
1785624654.322,-11.886,0.053,-28.553,0.9786,0,-8.335,3.009,3.000,0.2675,nan,nan,nan,0.000,0.000,7.482,0.0000,-1.4702,-0.935,-0.935,-1.470,2.809,1.000,3.062,0.0039,-3.885,nan,0.00,0,0,0,0,0,0.0000,0.000,0,0.000,0,0.000,0,0,,,FLYING,0,0,0,0.000,0,-1,0
1785624654.362,-11.122,0.361,-29.324,0.9812,0,-9.835,2.753,1.500,0.2693,nan,nan,nan,0.000,0.000,8.135,0.0000,-1.4161,-1.017,-1.017,-1.416,2.825,1.000,3.113,0.0039,-3.768,nan,0.00,0,0,0,0,0,0.0000,0.000,0,0.000,0,0.000,0,0,,,FLYING,0,0,0,0.000,0,-1,0
1785624654.404,-11.122,0.361,-29.324,0.9812,0,-11.335,2.639,0.000,0.2693,nan,nan,nan,0.000,0.000,8.135,0.0000,-1.4161,-1.017,-1.017,-1.416,2.825,1.000,3.000,0.0039,-3.655,nan,0.00,0,0,0,0,0,0.0000,0.000,0,0.000,0,0.000,1,0,,,FLYING,0,0,0,0.000,0,-1,0
1785624654.445,-9.761,0.708,-29.542,0.9854,0,-12.835,2.292,0.000,0.2692,nan,nan,nan,0.000,0.000,8.973,0.0000,-1.3923,-1.122,-1.122,-1.392,2.825,1.000,3.000,0.0039,-3.545,nan,0.00,0,0,0,0,0,0.0000,0.000,0,0.000,0,0.000,0,0,,,FLYING,0,0,0,0.000,0,-1,0
1785624654.472,-8.117,1.088,-29.576,0.9898,0,-14.335,1.912,0.000,0.2688,nan,nan,nan,0.000,0.000,9.797,0.0000,-1.3751,-1.225,-1.225,-1.375,2.817,1.000,3.000,0.0039,-3.439,nan,0.00,0,0,0,0,0,0.0000,0.000,0,0.000,0,0.000,0,0,,,FLYING,0,0,0,0.000,0,-1,0
1785624654.513,-8.117,1.088,-29.576,0.9898,0,-15.835,1.912,0.000,0.2688,nan,nan,nan,0.000,0.000,9.797,0.0000,-1.3751,-1.225,-1.225,-1.375,2.817,1.000,3.000,0.0039,-3.336,nan,0.00,0,0,0,0,0,0.0000,0.000,0,0.000,0,0.000,0,0,,,FLYING,0,0,0,0.000,0,-1,0
1785624654.554,-5.984,1.362,-29.606,0.9943,0,-15.984,1.638,0.000,0.2683,nan,nan,nan,0.000,0.000,10.000,0.0000,-1.3602,-1.313,-1.313,-1.360,2.804,1.000,3.000,0.0039,-3.236,nan,0.00,0,0,0,0,0,0.0000,0.000,0,0.000,0,0.000,0,0,,,FLYING,0,0,0,0.000,0,0,0
1785624654.581,-3.938,1.571,-29.632,0.9973,0,-14.484,1.429,0.000,0.2680,nan,nan,nan,0.000,0.000,10.000,0.0000,-1.3477,-1.371,-1.371,-1.348,2.789,1.000,3.000,0.0039,-3.139,nan,0.00,0,0,0,0,0,0.0000,0.000,0,0.000,0,0.000,0,0,,,FLYING,0,0,0,0.000,0,0,0
1785624654.621,-3.938,1.571,-29.632,0.9973,0,-13.938,1.429,0.000,0.2680,nan,nan,nan,0.000,0.000,10.000,0.0000,-1.3477,-1.371,-1.371,-1.348,2.789,1.000,3.000,0.0039,-3.045,nan,0.00,0,0,0,0,0,0.0000,0.000,0,0.000,0,0.000,0,0,,,FLYING,0,0,0,0.000,0,0,0
1785624654.661,-2.094,1.760,-29.639,0.9989,0,-12.438,0.367,0.000,0.2679,nan,nan,nan,0.000,0.000,10.000,0.0000,-1.3403,-1.404,-1.404,-1.340,2.771,1.000,2.127,0.0039,-2.953,nan,0.00,0,0,0,0,0,0.0000,0.000,0,0.000,0,0.000,0,0,,,FLYING,0,0,0,0.000,0,0,0
1785624654.710,-0.278,1.808,-29.641,0.9995,0,-10.938,0.092,0.000,0.2681,nan,nan,nan,0.000,0.000,10.000,0.0000,-1.3329,-1.412,-1.412,-1.333,2.747,1.000,1.900,0.0039,-2.865,nan,0.00,0,0,0,0,0,0.0000,0.000,0,0.000,0,0.000,0,0,,,FLYING,0,0,0,0.000,0,0,0
1785624654.749,1.426,1.833,-29.641,0.9992,0,-9.438,-0.128,0.000,0.2682,nan,nan,nan,0.000,0.000,10.000,0.0000,-1.3249,-1.394,-1.394,-1.325,2.722,1.000,1.704,0.0039,-2.779,nan,0.00,0,0,0,0,0,0.0000,0.000,0,0.000,0,0.000,0,0,,,FLYING,0,0,0,0.000,0,0,0
1785624654.786,1.426,1.833,-29.641,0.9992,0,-8.574,0.052,0.000,0.2682,nan,nan,nan,0.000,0.000,10.000,0.0000,-1.3249,-1.394,-1.394,-1.325,2.722,1.000,1.885,0.0039,-2.695,nan,0.00,0,0,0,0,0,0.0000,0.000,0,0.000,0,0.000,1,0,,,FLYING,0,0,0,0.000,0,1,0
1785624654.812,2.676,1.850,-29.641,0.9984,0,-7.324,-0.153,0.000,0.2684,nan,nan,nan,0.000,0.000,10.000,0.0000,-1.3175,-1.357,-1.357,-1.317,2.699,1.000,1.697,0.0039,-2.614,nan,0.00,0,0,0,0,0,0.0000,0.000,0,0.000,0,0.000,0,0,,,FLYING,0,0,0,0.000,0,0,0
1785624654.862,2.676,1.850,-29.641,0.9984,0,-7.324,0.012,0.000,0.2684,nan,nan,nan,0.000,0.000,10.000,0.0000,-1.3175,-1.357,-1.357,-1.317,2.699,1.000,1.862,0.0039,-2.536,nan,0.00,0,0,0,0,0,0.0000,0.000,0,0.000,0,0.000,2,0,,,FLYING,0,0,0,0.000,0,0,0
1785624654.897,3.780,1.834,-29.642,0.9973,0,-6.220,-0.174,0.000,0.2687,nan,nan,nan,0.000,0.000,10.000,0.0000,-1.3105,-1.305,-1.305,-1.310,2.675,1.000,1.660,0.0039,-2.460,nan,0.00,0,0,0,0,0,0.0000,0.000,0,0.000,0,0.000,0,0,,,FLYING,0,0,0,0.000,0,0,0
1785624654.937,4.712,1.816,-29.643,0.9961,0,-5.218,-0.304,0.000,0.2690,nan,nan,nan,0.000,0.000,9.930,0.0000,-1.3042,-1.241,-1.241,-1.304,2.652,1.000,1.512,0.0039,-2.386,nan,0.00,0,0,0,0,0,0.0000,0.000,0,0.000,0,0.000,0,0,,,FLYING,0,0,0,0.000,0,0,0
1785624654.967,4.712,1.816,-29.643,0.9961,0,-5.218,-0.119,0.000,0.2690,nan,nan,nan,0.000,0.000,9.930,0.0000,-1.3042,-1.241,-1.241,-1.304,2.652,1.000,1.697,0.0039,-2.315,nan,0.00,0,0,0,0,0,0.0000,0.000,0,0.000,0,0.000,0,0,,,FLYING,0,0,0,0.000,0,0,0
1785624654.998,5.503,1.805,-29.644,0.9949,0,-3.842,-0.278,0.000,0.2693,nan,nan,nan,0.000,0.000,9.345,0.0000,-1.2986,-1.168,-1.168,-1.299,2.629,1.000,1.527,0.0039,-2.245,nan,0.00,0,0,0,0,0,0.0000,0.000,0,0.000,0,0.000,2,0,,,FLYING,0,0,0,0.000,0,2,0
1785624655.032,5.503,1.805,-29.644,0.9949,0,-3.842,-0.115,0.000,0.2693,nan,nan,nan,0.000,0.000,9.345,0.0000,-1.2986,-1.168,-1.168,-1.299,2.629,1.000,1.691,0.0039,-2.178,nan,0.00,0,0,0,0,0,0.0000,0.000,0,0.000,0,0.000,0,0,,,FLYING,0,0,0,0.000,0,0,0
1785624655.077,6.050,1.769,-29.648,0.9940,0,-2.690,-0.245,0.000,0.2696,nan,nan,nan,0.000,0.000,8.740,0.0000,-1.2941,-1.093,-1.093,-1.294,2.608,1.000,1.525,0.0039,-2.112,nan,0.00,0,0,0,0,0,0.0000,0.000,0,0.000,0,0.000,0,0,,,FLYING,0,0,0,0.000,0,0,0
1785624655.140,6.479,1.738,-29.651,0.9932,0,-1.558,-0.361,0.000,0.2698,nan,nan,nan,0.000,0.000,8.037,0.0000,-1.2901,-1.005,-1.005,-1.290,2.586,1.000,1.376,0.0039,-2.049,nan,0.00,0,0,0,0,0,0.0000,0.000,0,0.000,0,0.000,1,0,,,FLYING,0,0,0,0.000,0,0,0
1785624655.169,6.690,1.694,-29.656,0.9928,0,-0.748,-0.383,0.000,0.2699,nan,nan,nan,0.000,0.000,7.437,0.0000,-1.2877,-0.930,-0.930,-1.288,2.568,1.000,1.311,0.0039,-1.988,nan,0.00,0,0,0,0,0,0.0000,0.000,0,0.000,0,0.000,0,0,,,FLYING,0,0,0,0.000,0,0,0
1785624655.234,6.847,1.634,-29.664,0.9925,0,0.228,-0.454,0.000,0.2700,nan,nan,nan,0.000,0.000,6.619,0.0000,-1.2856,-0.827,-0.827,-1.286,2.544,1.000,1.180,0.0039,-1.928,nan,0.00,0,0,0,0,0,0.0000,0.000,0,0.000,0,0.000,4,0,,,FLYING,0,0,0,0.000,0,4,0
1785624655.267,6.847,1.634,-29.664,0.9925,0,0.228,-0.250,0.000,0.2682,nan,nan,nan,0.000,0.000,6.619,0.0000,-1.2856,-0.827,-0.827,-1.286,2.544,1.000,1.384,0.0039,-1.870,nan,0.00,0,0,0,0,1,0.0000,0.229,0,0.007,1,0.843,0,0,,,FLYING,0,0,0,0.000,0,0,0
1785624655.294,6.847,1.634,-29.664,0.9925,0,0.228,-0.107,0.000,0.2665,nan,nan,nan,0.000,0.000,6.619,0.0000,-1.2856,-0.827,-0.827,-1.286,2.544,1.000,1.527,0.0039,-1.814,nan,0.00,0,0,0,0,1,0.0000,0.229,0,0.007,1,0.843,0,0,,,FLYING,0,0,0,0.000,0,0,0
1785624655.325,6.847,1.609,-29.666,0.9925,0,1.333,-0.381,0.000,0.2652,nan,nan,nan,0.000,0.000,5.514,0.0000,-1.2785,-0.689,-0.689,-1.278,2.514,1.000,1.228,0.0039,-1.760,nan,0.00,0,0,0,0,1,0.0000,0.229,0,0.007,1,0.843,0,0,,,FLYING,0,0,0,0.000,0,0,0
1785624655.355,6.847,1.609,-29.666,0.9925,0,-0.167,-0.714,-1.500,0.2636,4.000,2.496,0.000,0.233,25.000,14.000,-0.0000,-1.2785,-0.689,-0.689,-1.278,2.514,1.200,0.895,0.0039,-1.707,nan,0.00,0,1,0,1,1,0.0000,0.230,0,0.008,1,0.833,0,1,blueline,,BLUELINE,0,0,0,0.000,0,0,0
1785624655.388,6.913,1.444,-29.378,0.9924,0,-1.667,-0.797,-3.000,0.2626,4.000,2.496,0.000,0.233,25.000,14.000,0.0938,-1.2658,-0.595,-0.595,-1.266,2.487,1.200,0.648,0.0039,-1.656,nan,0.00,0,1,0,0,1,0.0000,0.230,0,0.008,1,0.833,0,0,blueline,,BLUELINE,0,0,0,0.000,0,0,0
1785624655.415,6.913,1.444,-29.378,0.9924,0,-3.167,-0.626,-4.500,0.2611,4.000,2.496,0.000,0.233,25.000,14.000,0.0938,-1.2658,-0.595,-0.595,-1.266,2.487,1.200,0.818,0.0039,-1.606,nan,0.00,0,1,0,0,1,0.0000,0.230,0,0.008,1,0.833,0,0,blueline,,BLUELINE,0,0,0,0.000,0,0,0
1785624655.455,6.913,1.444,-29.378,0.9924,0,-1.667,-0.007,-3.000,0.2597,nan,nan,nan,0.000,0.000,4.763,0.0000,-1.2658,-0.595,-0.595,-1.266,2.487,1.000,1.438,0.0039,-1.558,nan,0.00,0,0,0,0,1,0.0000,0.230,0,0.008,1,0.833,2,0,,,FLYING,0,0,0,0.000,0,0,0
1785624655.490,7.156,1.273,-29.000,0.9920,0,-0.167,-0.104,-1.500,0.2594,nan,nan,nan,0.000,0.000,4.020,0.0000,-1.2431,-0.502,-0.502,-1.243,2.460,1.000,1.169,0.0039,-1.511,nan,0.00,0,0,0,0,1,0.0000,0.230,0,0.008,1,0.831,0,0,,,FLYING,0,0,0,0.000,0,0,0
1785624655.541,7.173,1.235,-28.878,0.9919,0,1.333,-0.160,0.000,0.2598,nan,nan,nan,0.000,0.000,3.287,0.0000,-1.2041,-0.411,-0.411,-1.204,2.442,1.000,1.074,0.0039,-1.466,nan,0.00,0,0,0,0,1,0.0000,0.230,0,0.008,1,0.831,0,0,,,FLYING,0,0,0,0.000,0,-1,0
1785624655.576,7.173,1.235,-28.878,0.9919,0,2.833,-0.001,0.000,0.2585,nan,nan,nan,0.000,0.000,3.287,0.0000,-1.2041,-0.411,-0.411,-1.204,2.442,1.000,1.233,0.0039,-1.422,nan,0.00,0,0,0,0,1,0.0000,0.230,0,0.008,1,0.831,2,0,,,FLYING,0,0,0,0.000,0,-1,0
1785624655.602,6.746,1.237,-28.896,0.9928,0,4.166,-0.082,0.000,0.2588,nan,nan,nan,0.000,0.000,2.580,0.0000,-1.1644,-0.322,-0.322,-1.164,2.428,1.000,1.155,0.0039,-1.379,nan,0.00,0,0,0,0,1,0.0000,0.230,0,0.008,1,0.837,0,0,,,FLYING,0,0,0,0.000,0,-1,0
1785624655.641,6.746,1.237,-28.896,0.9928,0,4.166,0.042,0.000,0.2575,nan,nan,nan,0.000,0.000,2.580,0.0000,-1.1644,-0.322,-0.322,-1.164,2.428,1.000,1.279,0.0039,-1.338,nan,0.00,0,0,0,0,1,0.0000,0.229,0,0.007,1,0.838,0,0,,,FLYING,0,0,0,0.000,0,-1,0
1785624655.691,6.134,1.242,-28.895,0.9940,0,4.240,-0.074,0.000,0.2579,nan,nan,nan,0.000,0.000,1.893,0.0000,-1.1224,-0.237,-0.237,-1.122,2.413,1.000,1.168,0.0039,-1.298,nan,0.00,0,0,0,0,1,0.0000,0.229,0,0.007,1,0.838,4,0,,,FLYING,0,0,0,0.000,0,-1,0
1785624655.720,5.595,1.230,-28.894,0.9950,0,4.246,-0.130,0.000,0.2581,nan,nan,nan,0.000,0.000,1.349,0.0000,-1.0875,-0.169,-0.169,-1.088,2.400,1.000,1.100,0.0039,-1.259,nan,0.00,0,0,0,0,1,0.0000,0.231,0,0.010,1,0.828,0,0,,,FLYING,0,0,0,0.000,0,-1,0
1785624655.757,5.595,1.230,-28.894,0.9950,0,4.246,-0.010,0.000,0.2569,nan,nan,nan,0.000,0.000,1.349,0.0000,-1.0875,-0.169,-0.169,-1.088,2.400,1.000,1.220,0.0039,-1.221,nan,0.00,0,0,0,0,1,0.0000,0.231,0,0.010,1,0.828,0,0,,,FLYING,0,0,0,0.000,0,-1,0
1785624655.792,4.940,1.229,-28.895,0.9961,0,4.170,-0.133,0.000,0.2574,nan,nan,nan,0.000,0.000,0.770,0.0000,-1.0461,-0.096,-0.096,-1.046,2.384,1.000,1.096,0.0039,-1.184,nan,0.00,0,0,0,0,1,0.0000,0.231,0,0.010,1,0.828,2,0,,,FLYING,0,0,0,0.000,0,-1,0
1785624655.825,4.940,1.229,-28.895,0.9961,0,4.170,-0.024,0.000,0.2563,nan,nan,nan,0.000,0.000,0.770,0.0000,-1.0461,-0.096,-0.096,-1.046,2.384,1.000,1.205,0.0039,-1.149,nan,0.00,0,0,0,0,1,0.0000,0.230,0,0.009,1,0.840,0,0,,,FLYING,0,0,0,0.000,0,0,0
1785624655.859,4.431,1.210,-28.896,0.9968,0,4.065,-0.093,0.000,0.2566,nan,nan,nan,0.000,0.000,0.366,0.0000,-1.0141,-0.046,-0.046,-1.014,2.372,1.000,1.118,0.0039,-1.114,nan,0.00,0,0,0,0,1,0.0000,0.230,0,0.009,1,0.840,1,0,,,FLYING,0,0,0,0.000,0,1,0
1785624655.901,3.874,1.199,-28.897,0.9975,0,3.903,-0.166,0.000,0.2570,nan,nan,nan,0.000,0.000,-0.029,0.0000,-0.9784,0.004,0.004,-0.978,2.358,1.000,1.033,0.0039,-1.081,nan,0.00,0,0,0,0,0,0.0000,0.000,0,0.000,0,0.000,2,0,,,FLYING,0,0,0,0.000,0,0,0
1785624655.934,3.874,1.199,-28.897,0.9975,0,3.903,-0.057,0.000,0.2560,nan,nan,nan,0.000,0.000,-0.029,0.0000,-0.9784,0.004,0.004,-0.978,2.358,1.000,1.142,0.0039,-1.048,nan,0.00,0,0,0,0,0,0.0000,0.000,0,0.000,0,0.000,0,0,,,FLYING,0,0,0,0.000,0,0,0
1785624655.981,3.257,1.190,-28.898,0.9982,0,3.672,-0.172,0.000,0.2567,nan,nan,nan,0.000,0.000,-0.415,0.0000,-0.9376,0.052,0.052,-0.938,2.343,1.000,1.018,0.0039,-1.017,nan,0.00,0,0,0,0,0,0.0000,0.000,0,0.000,0,0.000,1,0,,,FLYING,0,0,0,0.000,0,1,0
1785624656.022,2.693,1.162,-28.899,0.9987,0,3.420,-0.234,0.000,0.2575,nan,nan,nan,0.000,0.000,-0.726,0.0000,-0.8979,0.091,0.091,-0.898,2.329,1.000,0.928,0.0039,-0.986,nan,0.00,0,0,0,0,0,0.0000,0.000,0,0.000,0,0.000,0,0,,,FLYING,0,0,0,0.000,0,0,0
1785624656.083,2.693,1.162,-28.899,0.9987,0,3.420,-0.116,0.000,0.2566,nan,nan,nan,0.000,0.000,-0.726,0.0000,-0.8979,0.091,0.091,-0.898,2.329,1.000,1.046,0.0039,-0.957,nan,0.00,0,0,0,0,0,0.0000,0.000,0,0.000,0,0.000,2,0,,,FLYING,0,0,0,0.000,0,2,0
1785624656.113,2.048,1.119,-28.901,0.9992,0,3.071,-0.215,0.000,0.2577,nan,nan,nan,0.000,0.000,-1.023,0.0000,-0.8514,0.128,0.128,-0.851,2.312,1.000,0.904,0.0039,-0.928,nan,0.00,0,0,0,0,0,0.0000,0.000,0,0.000,0,0.000,0,0,,,FLYING,0,0,0,0.000,0,0,0
1785624656.156,1.618,1.089,-28.902,0.9994,0,2.816,-0.235,0.000,0.2583,nan,nan,nan,0.000,0.000,-1.198,0.0000,-0.8174,0.150,0.150,-0.817,2.300,1.000,0.855,0.0039,-0.900,nan,0.00,0,0,0,0,0,0.0000,0.000,0,0.000,0,0.000,0,0,,,FLYING,0,0,0,0.000,0,0,0
1785624656.195,1.618,1.089,-28.902,0.9994,0,2.816,-0.116,0.000,0.2575,nan,nan,nan,0.000,0.000,-1.198,0.0000,-0.8174,0.150,0.150,-0.817,2.300,1.000,0.973,0.0039,-0.873,nan,0.00,0,0,0,0,0,0.0000,0.000,0,0.000,0,0.000,4,0,,,FLYING,0,0,0,0.000,0,0,0
1785624656.221,1.618,1.089,-28.902,0.9994,0,2.816,-0.034,0.000,0.2567,nan,nan,nan,0.000,0.000,-1.198,0.0000,-0.8174,0.150,0.150,-0.817,2.300,1.000,1.056,0.0039,-0.847,nan,0.00,0,0,0,0,0,0.0000,0.000,0,0.000,0,0.000,0,0,,,FLYING,0,0,0,0.000,0,0,0
1785624656.275,0.928,1.079,-28.902,0.9997,0,2.315,-0.232,0.000,0.2585,nan,nan,nan,0.000,0.000,-1.386,0.0000,-0.7600,0.173,0.173,-0.760,2.280,1.000,0.847,0.0039,-0.822,nan,0.00,0,0,0,0,0,0.0000,0.000,0,0.000,0,0.000,2,0,,,FLYING,0,0,0,0.000,0,0,0
1785624656.329,0.536,1.036,-28.903,0.9998,0,2.006,-0.268,0.000,0.2594,nan,nan,nan,0.000,0.000,-1.470,0.0000,-0.7221,0.184,0.184,-0.722,2.266,1.000,0.767,0.0039,-0.797,nan,0.00,0,0,0,0,0,0.0000,0.000,0,0.000,0,0.000,0,0,,,FLYING,0,0,0,0.000,0,0,0
1785624656.366,0.536,1.036,-28.903,0.9998,0,2.006,-0.149,0.000,0.2587,nan,nan,nan,0.000,0.000,-1.470,0.0000,-0.7221,0.184,0.184,-0.722,2.266,1.000,0.886,0.0039,-0.773,nan,0.00,0,0,0,0,0,0.0000,0.000,0,0.000,0,0.000,3,0,,,FLYING,0,0,0,0.000,0,0,0
1785624656.391,0.160,1.009,-28.903,0.9998,0,1.675,-0.229,0.000,0.2597,nan,nan,nan,0.000,0.000,-1.514,0.0000,-0.6843,0.189,0.189,-0.684,2.251,1.000,0.780,0.0039,-0.750,nan,0.00,0,0,0,0,0,0.0000,0.000,0,0.000,0,0.000,0,0,,,FLYING,0,0,0,0.000,0,0,0
1785624656.430,0.160,1.009,-28.903,0.9998,0,1.675,-0.125,0.000,0.2590,nan,nan,nan,0.000,0.000,-1.514,0.0000,-0.6843,0.189,0.189,-0.684,2.251,1.000,0.885,0.0039,-0.727,nan,0.00,0,0,0,0,0,0.0000,0.000,0,0.000,0,0.000,0,0,,,FLYING,0,0,0,0.000,0,0,0
1785624656.482,-0.127,0.989,-28.903,0.9998,0,1.395,-0.200,0.000,0.2598,nan,nan,nan,0.000,0.000,-1.522,0.0000,-0.6511,0.190,0.190,-0.651,2.239,1.000,0.789,0.0039,-0.706,nan,0.00,0,0,0,0,0,0.0000,0.000,0,0.000,0,0.000,1,0,,,FLYING,0,0,0,0.000,0,1,0
1785624656.514,-0.127,0.989,-28.903,0.9998,0,1.395,-0.107,0.000,0.2592,nan,nan,nan,0.000,0.000,-1.522,0.0000,-0.6511,0.190,0.190,-0.651,2.239,1.000,0.881,0.0039,-0.684,nan,0.00,0,0,0,0,0,0.0000,0.000,0,0.000,0,0.000,0,0,,,FLYING,0,0,0,0.000,0,0,0
1785624656.541,-0.358,0.971,-28.903,0.9998,0,1.150,-0.184,0.000,0.2599,nan,nan,nan,0.000,0.000,-1.508,0.0000,-0.6216,0.188,0.188,-0.622,2.227,1.000,0.788,0.0039,-0.664,nan,0.00,0,0,0,0,0,0.0000,0.000,0,0.000,0,0.000,0,0,,,FLYING,0,0,0,0.000,0,0,0
1785624656.585,-0.358,0.971,-28.903,0.9998,0,1.150,-0.100,0.000,0.2593,nan,nan,nan,0.000,0.000,-1.508,0.0000,-0.6216,0.188,0.188,-0.622,2.227,1.000,0.871,0.0039,-0.644,nan,0.00,0,0,0,0,0,0.0000,0.000,0,0.000,0,0.000,0,0,,,FLYING,0,0,0,0.000,0,0,0
1785624656.614,-0.552,0.940,-28.903,0.9998,0,0.921,-0.166,0.000,0.2600,nan,nan,nan,0.000,0.000,-1.472,0.0000,-0.5934,0.184,0.184,-0.593,2.215,1.000,0.774,0.0039,-0.625,nan,0.00,0,0,0,0,0,0.0000,0.000,0,0.000,0,0.000,2,0,,,FLYING,0,0,0,0.000,0,2,0
1785624656.653,-0.552,0.940,-28.903,0.9998,0,0.921,-0.087,0.000,0.2595,nan,nan,nan,0.000,0.000,-1.472,0.0000,-0.5934,0.184,0.184,-0.593,2.215,1.000,0.853,0.0039,-0.606,nan,0.00,0,0,0,0,0,0.0000,0.000,0,0.000,0,0.000,0,0,,,FLYING,0,0,0,0.000,0,0,0
1785624656.686,-0.713,0.913,-28.902,0.9998,0,0.707,-0.159,0.000,0.2602,nan,nan,nan,0.000,0.000,-1.419,0.0000,-0.5660,0.177,0.177,-0.566,2.203,1.000,0.754,0.0039,-0.588,nan,0.00,0,0,0,0,0,0.0000,0.000,0,0.000,0,0.000,0,0,,,FLYING,0,0,0,0.000,0,0,0
1785624656.734,-0.713,0.913,-28.902,0.9998,0,0.707,-0.083,0.000,0.2596,nan,nan,nan,0.000,0.000,-1.419,0.0000,-0.5660,0.177,0.177,-0.566,2.203,1.000,0.830,0.0039,-0.570,nan,0.00,0,0,0,0,0,0.0000,0.000,0,0.000,0,0.000,0,0,,,FLYING,0,0,0,0.000,0,0,0
1785624656.784,-0.848,0.884,-28.902,0.9998,0,0.500,-0.161,0.000,0.2604,nan,nan,nan,0.000,0.000,-1.348,0.0000,-0.5381,0.168,0.168,-0.538,2.191,1.000,0.723,0.0039,-0.553,nan,0.00,0,0,0,0,0,0.0000,0.000,0,0.000,0,0.000,0,0,,,FLYING,0,0,0,0.000,0,0,0
1785624656.812,-0.953,0.853,-28.901,0.9998,0,0.305,-0.219,0.000,0.2612,nan,nan,nan,0.000,0.000,-1.258,0.0000,-0.5097,0.157,0.157,-0.510,2.179,1.000,0.634,0.0039,-0.536,nan,0.00,0,0,0,0,0,0.0000,0.000,0,0.000,0,0.000,0,0,,,FLYING,0,0,0,0.000,0,0,0
1785624656.857,-0.953,0.853,-28.901,0.9998,0,0.305,-0.125,0.000,0.2607,nan,nan,nan,0.000,0.000,-1.258,0.0000,-0.5097,0.157,0.157,-0.510,2.179,1.000,0.728,0.0039,-0.520,nan,0.00,0,0,0,0,0,0.0000,0.000,0,0.000,0,0.000,0,0,,,FLYING,0,0,0,0.000,0,0,0
1785624656.888,-1.012,0.831,-28.901,0.9997,0,0.160,-0.181,0.000,0.2613,nan,nan,nan,0.000,0.000,-1.171,0.0000,-0.4857,0.146,0.146,-0.486,2.168,1.000,0.650,0.0039,-0.505,nan,0.00,0,0,0,0,0,0.0000,0.000,0,0.000,0,0.000,0,0,,,FLYING,0,0,0,0.000,0,0,0
1785624656.927,-1.012,0.831,-28.901,0.9997,0,0.160,-0.100,0.000,0.2608,nan,nan,nan,0.000,0.000,-1.171,0.0000,-0.4857,0.146,0.146,-0.486,2.168,1.000,0.731,0.0039,-0.490,nan,0.00,0,0,0,0,0,0.0000,0.000,0,0.000,0,0.000,0,0,,,FLYING,0,0,0,0.000,0,-1,0
1785624656.959,-1.041,0.815,-28.901,0.9997,0,0.047,-0.157,0.000,0.2614,nan,nan,nan,0.000,0.000,-1.088,0.0000,-0.4645,0.136,0.136,-0.464,2.158,1.000,0.659,0.0039,-0.475,nan,0.00,0,0,0,0,0,0.0000,0.000,0,0.000,0,0.000,0,0,,,FLYING,0,0,0,0.000,0,-1,0
1785624656.986,-1.041,0.815,-28.901,0.9997,0,0.047,-0.085,0.000,0.2609,nan,nan,nan,0.000,0.000,-1.088,0.0000,-0.4645,0.136,0.136,-0.464,2.158,1.000,0.730,0.0039,-0.461,nan,0.00,0,0,0,0,0,0.0000,0.000,0,0.000,0,0.000,2,0,,,FLYING,0,0,0,0.000,0,-1,0
1785624657.013,-1.051,0.804,-28.900,0.9997,0,-0.028,-0.125,0.000,0.2612,nan,nan,nan,0.000,0.000,-1.022,0.0000,-0.4485,0.128,0.128,-0.449,2.151,1.000,0.680,0.0039,-0.447,nan,0.00,0,0,0,0,0,0.0000,0.000,0,0.000,0,0.000,0,0,,,FLYING,0,0,0,0.000,0,-1,0
1785624657.046,-1.051,0.804,-28.900,0.9997,0,-0.028,-0.065,0.000,0.2608,nan,nan,nan,0.000,0.000,-1.022,0.0000,-0.4485,0.128,0.128,-0.449,2.151,1.000,0.739,0.0039,-0.433,nan,0.00,0,0,0,0,0,0.0000,0.000,0,0.000,0,0.000,0,0,,,FLYING,0,0,0,0.000,0,-1,0
1785624657.070,-1.050,0.794,-28.900,0.9997,0,-0.109,-0.136,0.000,0.2613,nan,nan,nan,0.000,0.000,-0.942,0.0000,-0.4294,0.118,0.118,-0.429,2.142,1.000,0.658,0.0039,-0.420,nan,0.00,0,0,0,0,0,0.0000,0.000,0,0.000,0,0.000,0,0,,,FLYING,0,0,0,0.000,0,-1,0
1785624657.118,-1.050,0.794,-28.900,0.9997,0,-0.109,-0.077,0.000,0.2609,nan,nan,nan,0.000,0.000,-0.942,0.0000,-0.4294,0.118,0.118,-0.429,2.142,1.000,0.717,0.0039,-0.408,nan,0.00,0,0,0,0,0,0.0000,0.000,0,0.000,0,0.000,0,0,,,FLYING,0,0,0,0.000,0,-1,0
1785624657.154,-1.038,0.774,-28.900,0.9997,0,-1.609,-0.619,-1.500,0.2776,15.434,1.140,-15.835,0.350,4.224,3.484,-0.0000,-0.0000,0.109,0.109,-0.414,2.134,1.200,0.156,0.0039,-16.061,nan,0.00,0,1,1,1,0,0.0000,0.000,0,0.000,0,0.000,0,1,anduril,,anduril,0,0,0,0.000,0,-1,0
1785624657.186,-1.038,0.774,-28.900,0.9997,0,-3.109,-0.565,-3.000,0.2943,15.434,1.140,-15.835,0.350,4.224,3.484,-0.0000,-0.0000,0.109,0.109,-0.414,2.134,1.200,0.210,0.0039,-16.061,nan,0.00,0,1,1,1,0,0.0000,0.000,0,0.000,0,0.000,2,0,anduril,,anduril,0,0,0,0.000,0,-1,0
1785624657.211,-0.779,0.679,-28.662,0.9998,0,-4.609,-0.533,-4.500,0.2776,15.283,1.333,-15.583,0.350,4.984,11.710,-3.0387,-2.0000,0.093,-1.044,-0.406,2.126,1.200,0.146,0.0039,-15.780,nan,0.00,0,1,1,1,0,0.0000,0.000,0,0.000,0,0.000,0,0,anduril,,anduril,0,0,0,0.000,0,-1,0
1785624657.247,-0.178,0.621,-28.130,0.9999,0,-6.109,-0.491,-5.932,0.2609,15.104,1.570,-15.265,0.350,5.932,14.000,-7.5042,-2.0000,0.070,-1.668,-0.408,2.121,1.200,0.129,0.0039,-15.433,nan,0.00,0,1,1,1,0,0.0000,0.000,0,0.000,0,0.000,0,0,anduril,,anduril,0,0,0,0.000,0,-1,0
1785624657.285,-0.178,0.621,-28.130,0.9999,0,-7.609,-0.439,-6.815,0.2443,14.712,1.758,-14.760,0.350,6.815,14.000,-6.7960,-2.0000,0.070,-1.862,-0.408,2.121,1.200,0.182,0.0039,-14.924,nan,0.00,0,1,1,1,0,0.0000,0.000,0,0.000,0,0.000,0,0,anduril,,anduril,0,0,0,0.000,0,-1,0
1785624657.317,0.670,0.551,-27.332,0.9999,0,-9.109,-0.401,-7.734,0.2380,14.621,1.986,-14.639,0.350,7.734,14.000,-3.5183,-2.0000,0.044,-1.688,-0.403,2.116,1.200,0.150,0.0039,-14.755,nan,0.00,0,1,1,1,0,0.0000,0.000,0,0.000,0,0.000,1,0,anduril,,anduril,0,0,0,0.000,0,-1,0
1785624657.355,1.927,0.474,-26.345,0.9994,0,-7.609,-0.342,-9.234,0.2546,14.825,2.647,-14.888,0.350,10.125,5.820,1.7110,0.0363,0.023,0.023,-0.367,2.112,1.200,0.133,0.0039,-14.913,nan,0.00,0,1,1,0,0,0.0000,0.000,0,0.000,0,0.000,0,0,anduril,,anduril,0,0,0,0.000,0,-1,0
1785624657.380,1.927,0.474,-26.345,0.9994,0,-6.109,-0.298,-10.125,0.2713,14.825,2.647,-14.888,0.350,10.125,5.820,1.7110,0.0363,0.023,0.023,-0.367,2.112,1.200,0.177,0.0039,-14.913,nan,0.00,0,1,1,0,0,0.0000,0.000,0,0.000,0,0.000,0,0,anduril,,anduril,0,0,0,0.000,0,-1,0
1785624657.415,2.683,0.379,-25.061,0.9989,0,-7.609,-0.222,-10.207,0.2880,14.911,2.685,-15.005,0.350,10.207,11.802,-0.3207,0.7209,0.002,-1.193,-0.333,2.108,1.200,0.157,0.0039,-14.961,nan,0.00,0,1,1,1,0,0.0000,0.000,0,0.000,0,0.000,0,0,anduril,,anduril,0,0,0,0.000,0,-1,0
1785624657.447,2.683,0.379,-25.061,0.9989,0,-9.109,-0.188,-10.406,0.2713,14.756,2.710,-14.793,0.350,10.406,13.523,-1.5390,-2.0000,0.002,-0.880,-0.333,2.108,1.200,0.191,0.0039,-14.747,nan,0.00,0,1,1,1,0,0.0000,0.000,0,0.000,0,0.000,1,0,anduril,,anduril,0,0,0,0.000,0,-1,0
1785624657.474,3.990,0.282,-23.762,0.9976,0,-7.609,-0.111,-10.406,0.2880,14.756,2.710,-14.793,0.350,10.406,7.595,0.8721,0.0375,-0.008,-0.008,-0.296,2.105,1.200,0.170,0.0039,-14.641,nan,0.00,0,1,1,0,0,0.0000,0.000,0,0.000,0,0.000,0,0,anduril,,anduril,0,0,0,0.000,0,-1,0
1785624657.508,3.990,0.282,-23.762,0.9976,0,-6.944,-0.084,-10.479,0.3046,14.846,2.746,-14.866,0.350,10.479,10.934,-0.2816,1.0570,-0.008,-0.653,-0.296,2.105,1.200,0.198,0.0039,-14.711,nan,0.00,0,1,1,1,0,0.0000,0.000,0,0.000,0,0.000,0,0,anduril,,anduril,0,0,0,0.000,0,-1,0
1785624657.542,5.106,0.150,-22.369,0.9960,0,-5.444,0.032,-10.479,0.3213,14.846,2.746,-14.866,0.350,10.479,8.036,0.6504,0.0364,-0.003,-0.003,-0.259,2.102,1.200,0.183,0.0039,-14.601,nan,0.00,0,1,1,0,0,0.0000,0.000,0,0.000,0,0.000,0,0,anduril,,anduril,0,0,0,0.000,0,-1,0
1785624657.565,5.106,0.150,-22.369,0.9960,0,-3.944,0.054,-10.479,0.3309,14.846,2.746,-14.866,0.350,10.479,8.036,0.6504,0.0364,-0.003,-0.003,-0.259,2.102,1.200,0.204,0.0039,-14.601,nan,0.00,0,1,1,0,0,0.0000,0.000,0,0.000,0,0.000,0,0,anduril,,anduril,0,0,0,0.000,0,-1,0
1785624657.604,5.659,0.025,-20.981,0.9951,0,-3.474,0.181,-10.365,0.3476,15.087,2.759,-15.113,0.350,10.365,9.134,0.4501,2.0000,0.011,-0.443,-0.274,2.101,1.200,0.206,0.0039,-14.774,nan,0.00,0,1,1,1,0,0.0000,0.000,0,0.000,0,0.000,0,0,anduril,,anduril,0,0,0,0.000,0,-1,0
1785624657.650,5.659,0.025,-20.981,0.9951,0,-1.974,0.195,-9.763,0.3309,14.406,2.479,-14.462,0.350,9.763,0.448,4.5374,-2.0000,0.011,0.076,-0.274,2.101,1.200,0.220,0.0039,-14.153,nan,0.00,0,1,1,1,0,0.0000,0.000,0,0.000,0,0.000,0,0,anduril,,anduril,0,0,0,0.000,0,-1,0
