t,roll,pitch,yaw,up,upset,cmd_roll_deg,cmd_pitch_deg,cmd_yaw_deg,thrust,bx,by,bz,blend,bearing_deg,desired_roll,d_lat,d_vert,vY_imu,vY_fused,vD,vX,v_target,pitch_des,elev_i,elev_err,agl,turn_ff,reliable,vision_valid,elev_fresh,is_new_d,bl_found,bl_hdg,bl_conf,bl_hdg_valid,bl_span,bl_paired,bl_cy,bl_gap,src_switch,source,infer_ms,mode,gate,gate_id,peek_side,peek_strength,peek_active,occ_gap,collision
1785715097.992,0.000,-17.800,0.000,0.9521,0,-0.674,15.800,1.127,0.2740,5.823,0.028,-1.550,0.970,0.277,0.674,-0.0000,-0.0000,-0.000,-0.000,0.000,-0.000,2.146,-2.000,0.0060,0.304,nan,-0.51,1,1,1,1,1,-0.0178,1.000,1,0.530,8,0.031,0,0,yolo,129.7,yolo,0,0,0,0.000,0,-1,0
1785715098.023,-0.002,-17.454,-0.002,0.9540,0,-0.708,15.454,0.231,0.2768,6.243,0.030,-1.787,1.000,0.279,0.705,-0.0004,-0.0187,-0.001,-0.001,-0.019,0.019,2.200,-2.000,0.0060,0.167,nan,-0.51,1,1,1,0,1,-0.0178,1.000,1,0.530,8,0.031,0,0,yolo,125.5,yolo,0,0,0,0.000,0,-1,0
1785715098.060,-0.002,-17.454,-0.002,0.9540,0,-0.708,15.454,0.639,0.2768,6.243,0.030,-1.787,1.000,0.279,0.705,-0.0004,-0.0187,-0.001,-0.001,-0.019,0.019,2.200,-2.000,0.0059,0.167,nan,-0.92,1,1,1,0,1,-0.0320,1.000,1,0.530,8,0.031,2,0,yolo,125.5,yolo,0,0,0,0.000,0,-1,0
1785715098.101,0.063,-15.016,-0.003,0.9659,0,-0.604,13.954,-0.279,0.2811,6.243,0.030,-1.787,1.000,0.279,0.667,0.0017,-0.0385,0.002,0.002,-0.039,0.046,2.200,-2.000,0.0059,-0.109,nan,0.00,1,1,1,0,1,0.0000,0.458,0,0.373,5,0.140,0,0,yolo,125.5,yolo,0,0,0,0.000,0,-1,0
1785715098.132,0.111,-12.515,-0.011,0.9762,0,-0.509,12.454,-0.279,0.2861,6.243,0.030,-1.787,1.000,0.279,0.620,0.0042,-0.0540,0.004,0.004,-0.054,0.075,2.058,-2.000,0.0060,-0.392,nan,0.00,1,1,1,0,1,0.0000,0.917,0,0.373,5,0.140,0,0,yolo,125.5,yolo,0,0,0,0.000,0,-1,0
1785715098.164,0.166,-10.877,0.017,0.9820,0,-0.698,10.954,-1.779,0.3028,6.230,0.034,-1.780,1.000,0.311,0.863,-0.0211,1.0818,0.007,0.001,-0.080,0.134,1.878,-2.000,0.0060,-0.572,nan,1.74,1,1,1,1,1,0.0608,1.000,1,0.524,8,0.085,0,0,yolo,124.3,yolo,0,0,0,0.000,0,-1,0
1785715098.195,0.166,-10.877,0.017,0.9820,0,-0.484,9.454,-2.051,0.2925,6.230,0.034,-1.780,1.000,0.311,0.649,0.0058,0.0000,0.007,0.007,-0.080,0.134,1.878,-2.000,0.0061,-0.572,nan,1.74,1,1,1,0,1,0.0608,1.000,1,0.524,8,0.085,0,0,yolo,124.3,yolo,0,0,0,0.000,0,-1,0
1785715098.234,0.193,-9.410,0.340,0.9865,0,-0.394,7.954,-2.051,0.2946,6.230,0.034,-1.780,1.000,0.311,0.587,0.0091,-0.0378,0.011,0.011,-0.117,0.210,1.713,-2.000,0.0062,-0.737,nan,1.74,1,1,1,0,1,0.0608,1.000,1,0.524,8,0.085,2,0,yolo,124.3,yolo,0,0,0,0.000,0,-1,0
1785715098.272,0.193,-9.410,0.340,0.9865,0,-0.394,7.410,-2.224,0.2946,6.230,0.034,-1.780,1.000,0.311,0.587,0.0091,-0.0378,0.011,0.011,-0.117,0.210,1.713,-2.000,0.0062,-0.737,nan,1.91,1,1,1,0,1,0.0668,0.938,1,0.514,7,0.067,0,0,yolo,124.3,yolo,0,0,0,0.000,0,-1,0
1785715098.304,0.217,-8.186,0.599,0.9898,0,-0.331,6.186,-2.353,0.2957,6.230,0.034,-1.780,1.000,0.311,0.547,0.0112,-0.0866,0.013,0.013,-0.166,0.280,1.575,-2.000,0.0063,-0.875,nan,2.04,1,1,1,0,1,0.0713,0.938,1,0.514,7,0.067,0,0,yolo,124.3,yolo,0,0,0,0.000,0,-1,0
1785715098.335,0.230,-7.237,0.894,0.9920,0,-0.294,5.237,-2.450,0.2953,6.230,0.034,-1.780,1.000,0.311,0.524,0.0124,-0.1538,0.014,0.014,-0.233,0.342,1.469,-2.000,0.0064,-0.981,nan,2.14,1,1,1,0,1,0.0747,0.938,1,0.514,7,0.067,0,0,yolo,124.3,yolo,0,0,0,0.000,0,-1,0
1785715098.367,0.230,-7.237,0.894,0.9920,0,-0.294,5.237,-1.939,0.2954,6.230,0.034,-1.780,1.000,0.311,0.524,0.0124,-0.1538,0.014,0.014,-0.233,0.342,1.469,-2.000,0.0065,-0.981,nan,1.63,1,1,1,0,1,0.0568,1.000,1,0.439,7,0.131,0,0,yolo,124.3,yolo,0,0,0,0.000,0,-1,0
1785715098.398,0.248,-6.291,1.192,0.9940,0,-0.262,4.291,-1.469,0.2943,6.230,0.034,-1.780,1.000,0.311,0.510,0.0132,-0.2366,0.015,0.015,-0.316,0.398,1.363,-2.000,0.0065,-1.087,nan,1.16,1,1,1,0,1,0.0404,1.000,1,0.458,7,0.157,0,0,yolo,124.3,yolo,0,0,0,0.000,0,-1,0
1785715098.437,0.248,-6.291,1.192,0.9940,0,-0.262,4.291,-1.139,0.2943,6.230,0.034,-1.780,1.000,0.311,0.510,0.0132,-0.2366,0.015,0.015,-0.316,0.398,1.363,-2.000,0.0065,-1.087,nan,0.83,1,1,1,0,1,0.0289,1.000,1,0.429,7,0.197,0,0,yolo,124.3,yolo,0,0,0,0.000,0,-1,0
1785715098.475,0.269,-5.672,1.358,0.9951,0,-1.084,3.672,-1.197,0.2852,7.545,0.081,-1.193,1.000,0.614,1.353,-0.0000,-0.0000,0.016,0.016,-0.403,0.446,2.009,-2.000,0.0066,-0.441,nan,0.58,1,1,1,1,1,0.0203,1.000,1,0.377,6,0.217,0,0,yolo,147.5,yolo,0,0,0,0.000,0,-1,0
1785715098.509,0.411,-5.144,1.493,0.9959,0,-0.913,3.144,-1.197,0.2837,7.545,0.081,-1.193,1.000,0.614,1.324,0.0018,-0.0750,0.018,0.018,-0.478,0.492,1.939,-2.000,0.0066,-0.511,nan,0.58,1,1,1,0,1,0.0203,1.000,1,0.377,6,0.217,0,0,yolo,147.5,yolo,0,0,0,0.000,0,-1,0
1785715098.548,0.411,-5.144,1.493,0.9959,0,-0.913,3.144,-0.900,0.2838,7.545,0.081,-1.193,1.000,0.614,1.324,0.0018,-0.0750,0.018,0.018,-0.478,0.492,1.939,-2.000,0.0067,-0.511,nan,0.29,1,1,1,0,1,0.0100,1.000,1,0.366,6,0.245,0,0,yolo,147.5,yolo,0,0,0,0.000,0,-1,0
1785715098.586,0.523,-4.645,1.649,0.9967,0,-0.747,2.645,-0.815,0.2824,7.545,0.081,-1.193,1.000,0.614,1.270,0.0051,-0.1458,0.021,0.021,-0.549,0.536,1.873,-2.000,0.0067,-0.577,nan,0.20,1,1,1,0,1,0.0070,1.000,1,0.366,6,0.245,0,0,yolo,147.5,yolo,0,0,0,0.000,0,-1,0
1785715098.616,0.617,-4.258,1.745,0.9972,0,0.753,2.258,-0.538,0.2658,6.990,0.043,-0.972,1.000,0.353,-1.091,0.3184,-1.2778,0.024,0.031,-0.596,0.568,2.000,-2.000,0.0068,-0.450,nan,0.18,1,1,1,1,1,0.0065,1.000,1,0.361,6,0.270,0,0,yolo,141.9,yolo,0,0,0,0.000,0,-1,0
1785715098.652,0.617,-4.258,1.745,0.9972,0,0.002,2.258,-0.538,0.2824,6.990,0.043,-0.972,1.000,0.353,0.615,-0.0066,0.0000,0.024,0.024,-0.596,0.568,2.000,-2.000,0.0068,-0.450,nan,0.18,1,1,1,0,1,0.0065,1.000,1,0.361,6,0.270,2,0,yolo,141.9,yolo,0,0,0,0.000,0,-1,0
1785715098.694,0.501,-3.958,1.798,0.9976,0,-0.019,1.958,-0.558,0.2850,6.990,0.043,-0.972,1.000,0.353,0.520,-0.0011,-0.0262,0.030,0.030,-0.622,0.600,1.963,-2.000,0.0069,-0.487,nan,0.20,1,1,1,0,1,0.0072,1.000,1,0.360,6,0.200,0,0,yolo,141.9,yolo,0,0,0,0.000,0,-1,0
1785715098.732,0.523,-3.640,1.871,0.9979,0,1.481,1.640,-0.247,0.3017,8.138,-0.028,-1.249,1.000,-0.197,-3.546,0.4683,1.4601,0.035,0.067,-0.644,0.634,1.720,-2.000,0.0069,-0.730,nan,0.44,1,1,1,1,1,0.0155,1.000,1,0.299,5,0.499,0,0,yolo,128.8,yolo,0,0,0,0.000,0,-1,0
1785715098.773,0.342,-3.437,1.903,0.9982,0,1.105,1.437,-0.426,0.2932,8.138,-0.028,-1.249,1.000,-0.197,-0.763,-0.0284,-0.0258,0.039,0.039,-0.670,0.659,1.691,-2.000,0.0070,-0.759,nan,0.62,1,1,1,0,1,0.0217,1.000,1,0.299,5,0.499,0,0,yolo,128.8,yolo,0,0,0,0.000,0,-1,0
1785715098.803,0.233,-3.255,1.937,0.9984,0,1.035,1.255,-0.688,0.2924,8.138,-0.028,-1.249,1.000,-0.197,-0.802,-0.0258,-0.0609,0.042,0.042,-0.705,0.683,1.665,-2.000,0.0071,-0.785,nan,0.88,1,1,1,0,1,0.0309,1.000,1,0.295,5,0.518,0,0,yolo,128.8,yolo,0,0,0,0.000,0,-1,0
1785715098.834,0.233,-3.255,1.937,0.9984,0,1.035,1.255,-0.688,0.2925,8.138,-0.028,-1.249,1.000,-0.197,-0.802,-0.0258,-0.0609,0.042,0.042,-0.705,0.683,1.665,-2.000,0.0072,-0.785,nan,0.88,1,1,1,0,1,0.0309,1.000,1,0.295,5,0.518,0,0,yolo,128.8,yolo,0,0,0,0.000,0,-1,0
1785715098.871,0.102,-3.075,2.023,0.9986,0,2.535,1.075,-0.484,0.3032,8.947,-0.093,-1.293,1.000,-0.597,-4.091,0.3754,0.1588,0.043,0.075,-0.752,0.708,1.639,-2.000,0.0073,-0.811,nan,1.08,1,1,1,1,1,0.0377,1.000,1,0.295,5,0.518,3,0,yolo,138.3,yolo,0,0,0,0.000,0,-1,0
1785715098.912,-0.226,-2.929,2.079,0.9987,0,1.529,0.929,-1.491,0.2934,8.947,-0.093,-1.293,1.000,-0.597,-1.754,-0.0315,-0.0733,0.044,0.044,-0.825,0.730,1.616,-2.000,0.0073,-0.834,nan,2.09,1,1,1,0,1,0.0729,1.000,1,0.290,5,0.557,0,0,yolo,138.3,yolo,0,0,0,0.000,0,-1,0
1785715098.948,-0.372,-2.816,2.203,0.9988,0,1.335,0.816,-2.246,0.2909,8.947,-0.093,-1.293,1.000,-0.597,-1.707,-0.0347,-0.1432,0.040,0.040,-0.895,0.749,1.599,-2.000,0.0074,-0.851,nan,2.84,1,1,1,0,1,0.0993,1.000,1,0.290,5,0.557,2,0,yolo,138.3,yolo,0,0,0,0.000,0,-1,0
1785715098.978,-0.372,-2.816,2.203,0.9988,0,1.335,0.816,-3.746,0.2910,8.947,-0.093,-1.293,1.000,-0.597,-1.707,-0.0347,-0.1432,0.040,0.040,-0.895,0.749,1.599,-2.000,0.0075,-0.851,nan,4.61,1,1,1,0,1,0.1609,1.000,1,0.282,5,0.592,1,0,yolo,138.3,yolo,0,0,0,0.000,0,-1,0
1785715099.008,-0.542,-2.707,2.610,0.9988,0,2.835,0.707,-5.056,0.2743,9.411,-0.144,-1.224,1.000,-0.878,-5.622,0.4613,-0.7452,0.032,0.123,-0.965,0.769,1.673,-2.000,0.0076,-0.777,nan,5.93,1,1,1,1,1,0.2071,1.000,1,0.282,5,0.592,0,0,yolo,137.4,yolo,0,0,0,0.000,0,-1,0
1785715099.037,-0.906,-2.609,3.166,0.9988,0,1.335,0.609,-6.050,0.2910,9.411,-0.144,-1.224,1.000,-0.878,-1.892,-0.1008,-0.0479,0.022,0.022,-1.012,0.787,1.658,-2.000,0.0077,-0.792,nan,6.93,1,1,1,0,1,0.2418,1.000,1,0.282,5,0.592,0,0,yolo,137.4,yolo,0,0,0,0.000,0,-1,0
1785715099.068,-0.906,-2.609,3.166,0.9988,0,0.985,0.609,-7.122,0.2937,9.411,-0.144,-1.224,1.000,-0.878,-1.892,-0.1008,-0.0479,0.022,0.022,-1.012,0.787,1.658,-2.000,0.0078,-0.792,nan,8.00,1,1,1,0,1,0.2882,0.900,1,0.282,4,0.749,0,0,yolo,137.4,yolo,0,0,0,0.000,0,-1,0
1785715099.099,-1.017,-2.524,3.838,0.9989,0,0.639,0.524,-7.122,0.2923,9.411,-0.144,-1.224,1.000,-0.878,-1.657,-0.1174,-0.0902,0.005,0.005,-1.055,0.804,1.644,-2.000,0.0078,-0.806,nan,8.00,1,1,1,0,1,0.2882,0.900,1,0.282,4,0.749,0,0,yolo,137.4,yolo,0,0,0,0.000,0,-1,0
1785715099.139,-1.115,-2.449,4.547,0.9989,0,2.139,0.449,-6.919,0.2756,9.636,-0.182,-1.127,1.000,-1.081,-4.863,0.2554,-0.7136,-0.013,0.099,-1.091,0.819,1.740,-2.000,0.0079,-0.710,nan,8.00,1,1,1,1,1,0.3455,0.900,1,0.277,4,0.733,0,0,yolo,109.2,yolo,0,0,0,0.000,0,-1,0
1785715099.178,-1.414,-2.375,5.258,0.9988,0,0.639,0.375,-5.419,0.2923,9.636,-0.182,-1.127,1.000,-1.081,-1.789,-0.1291,-0.0243,-0.030,-0.030,-1.115,0.835,1.728,-2.000,0.0080,-0.722,nan,0.00,1,1,1,0,1,0.0000,0.963,0,0.227,4,0.720,0,0,yolo,109.2,yolo,0,0,0,0.000,0,-1,0
1785715099.209,-1.414,-2.375,5.258,0.9988,0,0.375,0.375,-3.919,0.2930,9.636,-0.182,-1.127,1.000,-1.081,-1.789,-0.1291,-0.0243,-0.030,-0.030,-1.115,0.835,1.728,-2.000,0.0080,-0.722,nan,0.00,1,1,1,0,1,0.0000,0.957,0,0.223,4,0.706,0,0,yolo,109.2,yolo,0,0,0,0.000,0,-1,0
1785715099.237,-1.484,-2.314,5.798,0.9988,0,1.875,0.314,-2.419,0.2763,9.778,-0.220,-1.025,1.000,-1.292,-6.994,0.5404,-1.4784,-0.050,0.121,-1.140,0.850,1.827,-2.000,0.0081,-0.623,nan,0.00,1,1,1,1,1,0.0000,0.957,0,0.223,4,0.706,0,0,yolo,118.8,yolo,0,0,0,0.000,0,-1,0
1785715099.280,-1.729,-2.268,6.028,0.9988,0,0.375,0.268,-0.919,0.2900,9.778,-0.220,-1.025,1.000,-1.292,-1.758,-0.1838,-0.0312,-0.063,-0.063,-1.171,0.864,1.820,-2.000,0.0082,-0.630,nan,0.00,1,1,1,0,1,0.0000,0.952,0,0.220,4,0.687,0,0,yolo,118.8,yolo,0,0,0,0.000,0,-1,0
1785715099.319,-1.751,-2.232,6.077,0.9988,0,-0.195,0.232,0.581,0.2890,9.778,-0.220,-1.025,1.000,-1.292,-1.556,-0.1984,-0.0598,-0.078,-0.078,-1.199,0.878,1.814,-2.000,0.0082,-0.636,nan,0.00,1,1,1,0,1,0.0000,0.952,0,0.220,4,0.687,0,0,yolo,118.8,yolo,0,0,0,0.000,0,-1,0
1785715099.351,-1.729,-2.204,6.015,0.9988,0,1.305,0.204,1.962,0.2726,9.781,-0.335,-1.185,1.000,-1.962,-12.415,1.1446,1.6083,-0.091,0.204,-1.227,0.892,1.653,-2.000,0.0083,-0.797,nan,0.00,1,1,1,1,1,0.0000,0.952,0,0.220,4,0.687,0,0,yolo,113.3,yolo,0,0,0,0.000,0,-1,0
1785715099.384,-1.729,-2.204,6.015,0.9988,0,0.899,0.204,1.962,0.2727,9.781,-0.335,-1.185,1.000,-1.962,-2.628,-0.2950,0.0000,-0.091,-0.091,-1.227,0.892,1.653,-2.000,0.0084,-0.797,nan,0.00,1,1,1,0,1,0.0000,0.948,0,0.217,4,0.682,0,0,yolo,113.3,yolo,0,0,0,0.000,0,-1,0
1785715099.415,-1.839,-2.185,5.809,0.9988,0,0.666,0.185,1.962,0.2728,9.781,-0.335,-1.185,1.000,-1.962,-2.504,-0.3040,-0.0248,-0.100,-0.100,-1.252,0.905,1.651,-2.000,0.0085,-0.799,nan,0.00,1,1,1,0,1,0.0000,0.836,0,0.222,3,0.673,0,0,yolo,113.3,yolo,0,0,0,0.000,0,-1,0
1785715099.447,-1.899,-2.169,5.593,0.9987,0,2.166,0.169,2.903,0.2729,9.716,-0.493,-1.217,1.000,-2.903,-14.000,1.5959,0.3242,-0.110,0.322,-1.263,0.918,1.618,-2.000,0.0086,-0.832,nan,0.00,1,1,1,1,1,0.0000,0.836,0,0.222,3,0.673,0,0,yolo,109.1,yolo,0,0,0,0.000,0,-1,0
1785715099.478,-1.899,-2.169,5.593,0.9987,0,2.220,0.169,2.903,0.2730,9.716,-0.493,-1.217,1.000,-2.903,-4.119,-0.4329,0.0000,-0.110,-0.110,-1.263,0.918,1.618,-2.000,0.0086,-0.832,nan,0.00,1,1,1,0,1,0.0000,0.940,0,0.212,4,0.689,0,0,yolo,109.1,yolo,0,0,0,0.000,0,-1,0
1785715099.507,-2.136,-2.158,5.338,0.9986,0,1.893,0.158,2.903,0.2731,9.716,-0.493,-1.217,1.000,-2.903,-4.029,-0.4394,-0.0100,-0.117,-0.117,-1.273,0.930,1.619,-2.000,0.0087,-0.831,nan,0.00,1,1,1,0,1,0.0000,0.940,0,0.212,4,0.689,0,0,yolo,109.1,yolo,0,0,0,0.000,0,-1,0
1785715099.543,-2.302,-2.152,5.073,0.9985,0,1.624,0.152,2.903,0.2732,9.716,-0.493,-1.217,1.000,-2.903,-3.926,-0.4468,-0.0119,-0.124,-0.124,-1.275,0.941,1.619,-2.000,0.0088,-0.831,nan,0.00,1,1,1,0,1,0.0000,0.927,0,0.204,4,0.705,0,0,yolo,109.1,yolo,0,0,0,0.000,0,-1,0
1785715099.570,-2.302,-2.152,5.073,0.9985,0,1.624,0.152,2.903,0.2733,9.716,-0.493,-1.217,1.000,-2.903,-3.926,-0.4468,-0.0119,-0.124,-0.124,-1.275,0.941,1.619,-2.000,0.0089,-0.831,nan,0.00,1,1,1,0,1,0.0000,0.927,0,0.204,4,0.705,0,0,yolo,109.1,yolo,0,0,0,0.000,0,-1,0
1785715099.603,-2.461,-2.145,4.791,0.9984,0,3.124,0.145,3.870,0.2674,9.636,-0.652,-1.118,1.000,-3.870,-14.000,0.9758,-0.6187,-0.135,0.305,-1.269,0.954,1.722,-2.000,0.0090,-0.728,nan,0.00,1,1,1,1,1,0.0000,0.927,0,0.204,4,0.705,1,0,yolo,127.2,yolo,0,0,0,0.000,0,-1,0
1785715099.638,-2.614,-2.140,4.525,0.9983,0,3.500,0.140,3.870,0.2735,9.636,-0.652,-1.118,1.000,-3.870,-6.115,-0.4518,0.0002,-0.147,-0.147,-1.268,0.966,1.723,-2.000,0.0090,-0.727,nan,0.00,1,1,1,0,1,0.0000,0.939,0,0.212,4,0.702,2,0,yolo,127.2,yolo,0,0,0,0.000,0,-1,0
1785715099.685,-2.935,-2.142,4.173,0.9980,0,3.084,0.142,3.870,0.2737,9.636,-0.652,-1.118,1.000,-3.870,-6.019,-0.4586,-0.0016,-0.153,-0.153,-1.270,0.977,1.727,-2.000,0.0091,-0.723,nan,0.00,1,1,1,0,1,0.0000,0.815,0,0.207,3,0.713,2,0,yolo,127.2,yolo,0,0,0,0.000,0,-1,0
1785715099.711,-3.271,-2.146,3.760,0.9977,0,2.561,0.146,3.870,0.2738,9.636,-0.652,-1.118,1.000,-3.870,-5.832,-0.4721,-0.0050,-0.167,-0.167,-1.274,0.991,1.732,-2.000,0.0092,-0.718,nan,0.00,1,1,1,0,1,0.0000,0.580,0,0.205,1,0.674,0,0,yolo,127.2,yolo,0,0,0,0.000,0,-1,0
1785715099.741,-3.271,-2.146,3.760,0.9977,0,4.061,0.146,4.506,0.2572,9.509,-0.749,-0.914,1.000,-4.506,-14.000,0.7908,-1.5389,-0.167,0.253,-1.274,0.991,1.937,-2.000,0.0092,-0.513,nan,0.00,1,1,1,1,1,0.0000,0.580,0,0.205,1,0.674,0,0,yolo,140.5,yolo,0,0,0,0.000,0,-1,0
1785715099.767,-3.546,-2.152,3.361,0.9974,0,3.879,0.152,4.506,0.2738,9.509,-0.749,-0.914,1.000,-4.506,-7.425,-0.4372,-0.0037,-0.184,-0.184,-1.277,1.004,1.942,-2.000,0.0093,-0.508,nan,0.00,1,1,1,0,1,0.0000,0.405,0,0.131,1,0.668,0,0,yolo,140.5,yolo,0,0,0,0.000,0,-1,0
1785715099.802,-3.943,-2.163,2.948,0.9969,0,3.297,0.163,4.506,0.2742,9.509,-0.749,-0.914,1.000,-4.506,-7.240,-0.4504,-0.0072,-0.197,-0.197,-1.281,1.016,1.950,-2.000,0.0093,-0.500,nan,0.00,1,1,1,0,1,0.0000,0.405,0,0.131,1,0.668,0,0,yolo,140.5,yolo,0,0,0,0.000,0,-1,0
1785715099.834,-4.249,-2.176,2.527,0.9965,0,2.761,0.176,4.506,0.2743,9.509,-0.749,-0.914,1.000,-4.506,-7.010,-0.4669,-0.0153,-0.214,-0.214,-1.289,1.028,1.956,-2.000,0.0094,-0.494,nan,0.00,1,1,1,0,1,0.0000,0.550,0,0.175,1,0.693,0,0,yolo,140.5,yolo,0,0,0,0.000,0,-1,0
1785715099.873,-4.249,-2.176,2.527,0.9965,0,4.261,0.176,4.430,0.2577,9.242,-0.716,-0.600,1.000,-4.430,-11.391,-0.0730,-1.7972,-0.214,0.074,-1.289,1.028,2.200,-2.000,0.0094,-0.194,nan,0.00,1,1,1,1,1,0.0000,0.556,0,0.181,1,0.720,0,0,yolo,129.5,yolo,0,0,0,0.000,0,-1,0
1785715099.913,-4.511,-2.189,2.114,0.9962,0,2.865,0.189,4.430,0.2743,9.242,-0.716,-0.600,1.000,-4.430,-7.376,-0.3074,-0.0091,-0.234,-0.234,-1.298,1.041,2.200,-2.000,0.0094,-0.189,nan,0.00,1,1,1,0,1,0.0000,0.556,0,0.181,1,0.720,0,0,yolo,129.5,yolo,0,0,0,0.000,0,-1,0
1785715099.949,-4.963,-2.205,1.692,0.9955,0,2.128,0.205,4.430,0.2747,9.242,-0.716,-0.600,1.000,-4.430,-7.091,-0.3273,-0.0040,-0.254,-0.254,-1.293,1.054,2.200,-2.000,0.0094,-0.180,nan,0.00,1,1,1,0,1,0.0000,0.560,0,0.185,1,0.779,0,0,yolo,129.5,yolo,0,0,0,0.000,0,-1,0
1785715099.989,-5.143,-2.218,1.307,0.9952,0,2.003,0.218,4.085,0.2580,9.066,-0.647,-0.310,1.000,-4.085,-7.146,-0.4097,-2.0000,-0.278,-0.108,-1.286,1.066,2.200,-2.000,0.0094,0.100,nan,0.00,1,1,1,1,1,0.0000,0.450,0,0.187,0,0.785,0,0,yolo,108.2,yolo,0,0,0,0.000,0,-1,0
1785715100.026,-5.336,-2.231,0.923,0.9949,0,0.993,0.231,4.085,0.2725,9.066,-0.647,-0.310,1.000,-4.085,-6.329,-0.1983,0.0178,-0.306,-0.306,-1.269,1.078,2.200,-2.000,0.0094,0.104,nan,0.00,1,1,1,0,1,0.0000,0.450,0,0.187,0,0.785,2,0,yolo,108.2,yolo,0,0,0,0.000,0,-1,0
1785715100.053,-5.431,-2.242,0.517,0.9947,0,0.405,0.242,4.085,0.2734,9.066,-0.647,-0.310,1.000,-4.085,-5.836,-0.2324,0.0398,-0.340,-0.340,-1.247,1.092,2.200,-2.000,0.0094,0.107,nan,0.00,1,1,1,0,1,0.0000,0.563,0,0.188,1,0.801,0,0,yolo,108.2,yolo,0,0,0,0.000,0,-1,0
1785715100.092,-5.431,-2.242,0.517,0.9947,0,-1.095,0.242,3.424,0.2567,8.784,-0.526,-0.092,1.000,-3.424,-2.040,-1.0130,-1.9428,-0.340,-0.149,-1.247,1.092,2.148,-2.000,0.0094,0.302,nan,0.00,1,1,1,1,1,0.0000,0.563,0,0.188,1,0.801,1,0,yolo,111.7,yolo,0,0,0,0.000,0,-1,0
1785715100.138,-5.354,-2.259,-0.178,0.9949,0,-2.031,0.259,3.424,0.2673,8.784,-0.526,-0.092,1.000,-3.424,-3.322,-0.2562,0.0380,-0.405,-0.405,-1.209,1.118,2.146,-2.000,0.0093,0.304,nan,0.00,1,1,1,0,1,0.0000,0.425,0,0.156,1,0.820,2,0,yolo,111.7,yolo,0,0,0,0.000,0,-1,0
1785715100.164,-5.352,-2.259,-0.182,0.9949,0,-2.036,0.259,3.424,0.2673,8.784,-0.526,-0.092,1.000,-3.424,-3.316,-0.2566,0.0383,-0.406,-0.406,-1.208,1.118,2.146,-2.000,0.0093,0.304,nan,0.00,1,1,1,0,1,0.0000,0.421,0,0.151,1,0.832,0,0,yolo,111.7,yolo,0,0,0,0.000,0,-1,0
1785715100.200,-5.125,-2.260,-0.503,0.9952,0,-3.536,0.260,2.708,0.2506,8.724,-0.413,0.117,1.000,-2.708,-0.739,-0.8176,-1.4552,-0.444,-0.198,-1.185,1.131,1.952,-2.000,0.0093,0.498,nan,0.00,1,1,1,1,1,0.0000,0.421,0,0.151,1,0.835,0,0,yolo,127.9,yolo,0,0,0,0.000,0,-1,0
1785715100.240,-4.686,-2.254,-0.801,0.9959,0,-4.146,0.254,2.708,0.2614,8.724,-0.413,0.117,1.000,-2.708,-0.540,-0.2887,0.0421,-0.486,-0.486,-1.143,1.146,1.956,-2.000,0.0092,0.494,nan,0.00,1,1,1,0,1,0.0000,0.421,0,0.151,1,0.835,0,0,yolo,127.9,yolo,0,0,0,0.000,0,-1,0
1785715100.273,-4.317,-2.247,-1.012,0.9964,0,-4.225,0.247,2.708,0.2630,8.724,-0.413,0.117,1.000,-2.708,-0.092,-0.3189,0.0786,-0.517,-0.517,-1.107,1.157,1.960,-2.000,0.0092,0.490,nan,0.00,1,1,1,0,1,0.0000,0.520,0,0.145,2,0.841,0,0,yolo,127.9,yolo,0,0,0,0.000,0,-1,0
1785715100.305,-3.917,-2.240,-1.246,0.9969,0,-5.725,0.240,1.593,0.2463,8.758,-0.244,0.305,1.000,-1.593,13.825,-2.5576,-2.0000,-0.545,-0.512,-1.074,1.168,1.787,-2.000,0.0091,0.663,nan,0.00,1,1,1,1,1,0.0000,0.409,0,0.136,1,0.838,0,0,yolo,113.1,yolo,0,0,0,0.000,0,-1,0
1785715100.337,-3.917,-2.240,-1.246,0.9969,0,-5.451,0.240,1.593,0.2539,8.758,-0.244,0.305,1.000,-1.593,1.534,-0.0336,0.0000,-0.545,-0.545,-1.074,1.168,1.787,-2.000,0.0090,0.663,nan,0.00,1,1,1,0,1,0.0000,0.410,0,0.137,1,0.847,0,0,yolo,113.1,yolo,0,0,0,0.000,0,-1,0
1785715100.373,-3.368,-2.228,-1.407,0.9975,0,-5.329,0.228,1.593,0.2555,8.758,-0.244,0.305,1.000,-1.593,1.961,-0.0624,0.0368,-0.574,-0.574,-1.037,1.179,1.791,-2.000,0.0090,0.659,nan,0.00,1,1,1,0,1,0.0000,0.410,0,0.137,1,0.847,1,0,yolo,113.1,yolo,0,0,0,0.000,0,-1,0
1785715100.399,-2.857,-2.211,-1.517,0.9980,0,-5.186,0.211,1.593,0.2574,8.758,-0.244,0.305,1.000,-1.593,2.329,-0.0872,0.0797,-0.599,-0.599,-0.994,1.189,1.796,-2.000,0.0089,0.654,nan,0.00,1,1,1,0,1,0.0000,0.513,0,0.138,2,0.836,0,0,yolo,113.1,yolo,0,0,0,0.000,0,-1,0
1785715100.431,-2.399,-2.197,-1.642,0.9984,0,-6.686,0.197,0.556,0.2407,8.661,-0.084,0.470,1.000,-0.556,10.311,-1.1755,-1.1319,-0.618,-0.587,-0.962,1.198,1.645,-2.000,0.0088,0.805,nan,0.00,1,1,1,1,1,0.0000,0.513,0,0.138,2,0.836,1,0,yolo,109.1,yolo,0,0,0,0.000,0,-1,0
1785715100.467,-1.818,-2.184,-1.720,0.9988,0,-6.980,-0.316,0.556,0.2509,8.661,-0.084,0.470,1.000,-0.556,5.162,-0.0489,0.0422,-0.636,-0.636,-0.919,1.207,1.648,-2.500,0.0087,0.802,nan,0.00,1,1,1,0,1,0.0000,0.514,0,0.139,2,0.823,0,0,yolo,109.1,yolo,0,0,0,0.000,0,-1,0
1785715100.494,-1.170,-2.212,-1.744,0.9990,0,-6.570,-0.288,0.556,0.2529,8.661,-0.084,0.470,1.000,-0.556,5.399,-0.0648,0.0921,-0.652,-0.652,-0.870,1.214,1.644,-2.500,0.0087,0.806,nan,0.00,1,1,1,0,1,0.0000,0.514,0,0.139,2,0.823,0,0,yolo,109.1,yolo,0,0,0,0.000,0,-1,0
1785715100.526,-1.170,-2.212,-1.744,0.9990,0,-6.570,-0.288,0.556,0.2528,8.661,-0.084,0.470,1.000,-0.556,5.399,-0.0648,0.0921,-0.652,-0.652,-0.870,1.214,1.644,-2.500,0.0086,0.806,nan,0.00,1,1,1,0,1,0.0000,0.404,0,0.131,1,0.820,0,0,yolo,109.1,yolo,0,0,0,0.000,0,-1,0
1785715100.558,-0.482,-2.241,-1.791,0.9992,0,-8.070,-0.237,-0.365,0.2361,8.268,0.053,0.612,1.000,0.365,14.000,-1.3298,-1.2861,-0.663,-0.708,-0.820,1.224,1.516,-2.478,0.0085,0.934,nan,0.00,1,1,1,1,1,0.0000,0.512,0,0.137,2,0.814,0,0,yolo,116.2,yolo,0,0,0,0.000,0,-1,0
1785715100.589,0.367,-2.265,-1.777,0.9992,0,-7.312,-0.164,-0.365,0.2471,8.268,0.053,0.612,1.000,0.365,7.679,0.0378,0.0590,-0.670,-0.670,-0.761,1.232,1.511,-2.429,0.0084,0.939,nan,0.00,1,1,1,0,1,0.0000,0.512,0,0.137,2,0.803,0,0,yolo,116.2,yolo,0,0,0,0.000,0,-1,0
1785715100.625,0.367,-2.265,-1.777,0.9992,0,-7.312,-0.235,-0.365,0.2470,8.268,0.053,0.612,1.000,0.365,7.679,0.0378,0.0590,-0.670,-0.670,-0.761,1.232,1.511,-2.500,0.0083,0.939,nan,0.00,1,1,1,0,1,0.0000,0.512,0,0.137,2,0.803,1,0,yolo,116.2,yolo,0,0,0,0.000,0,-1,0
1785715100.651,1.097,-2.280,-1.722,0.9990,0,-6.586,-0.172,-0.365,0.2496,8.268,0.053,0.612,1.000,0.365,7.683,0.0376,0.1204,-0.670,-0.670,-0.700,1.240,1.509,-2.452,0.0082,0.941,nan,0.00,1,1,1,0,1,0.0000,0.413,0,0.141,1,0.801,0,0,yolo,116.2,yolo,0,0,0,0.000,0,-1,0
1785715100.690,1.741,-2.297,-1.689,0.9987,0,-8.086,0.189,-1.275,0.2330,7.931,0.176,0.740,1.000,1.275,14.000,-0.9441,-0.9084,-0.663,-0.730,-0.648,1.248,1.388,-2.107,0.0082,1.062,nan,0.00,1,1,1,1,1,0.0000,0.313,0,0.146,0,0.806,0,0,yolo,123.2,yolo,0,0,0,0.000,0,-1,0
1785715100.729,2.609,-2.281,-1.584,0.9982,0,-7.249,0.209,-1.275,0.2438,7.931,0.176,0.740,1.000,1.275,9.858,0.0769,0.0671,-0.653,-0.653,-0.581,1.256,1.387,-2.072,0.0082,1.063,nan,0.00,1,1,1,0,1,0.0000,0.317,0,0.153,0,0.812,0,0,yolo,123.2,yolo,0,0,0,0.000,0,-1,0
1785715100.761,3.494,-2.264,-1.418,0.9974,0,-6.010,0.231,-1.275,0.2478,7.931,0.176,0.740,1.000,1.275,9.503,0.0994,0.1507,-0.630,-0.630,-0.497,1.265,1.388,-2.034,0.0082,1.062,nan,0.00,1,1,1,0,1,0.0000,0.322,0,0.162,0,0.821,0,0,yolo,123.2,yolo,0,0,0,0.000,0,-1,0
1785715100.792,3.494,-2.264,-1.418,0.9974,0,-7.510,0.399,-2.310,0.2311,7.569,0.305,0.847,1.000,2.310,14.000,-1.3671,-1.0010,-0.630,-0.774,-0.497,1.265,1.288,-1.865,0.0082,1.162,nan,0.00,1,1,1,1,1,0.0000,0.322,0,0.162,0,0.821,0,0,yolo,138.1,yolo,0,0,0,0.000,0,-1,0
1785715100.822,4.353,-2.236,-1.188,0.9964,0,-7.390,0.406,-2.310,0.2417,7.569,0.305,0.847,1.000,2.310,11.744,0.1705,0.0776,-0.603,-0.603,-0.420,1.272,1.288,-1.830,0.0082,1.162,nan,0.00,1,1,1,0,1,0.0000,0.327,0,0.170,0,0.844,0,0,yolo,138.1,yolo,0,0,0,0.000,0,-1,0
1785715100.854,4.353,-2.236,-1.188,0.9964,0,-7.390,0.344,-2.310,0.2417,7.569,0.305,0.847,1.000,2.310,11.744,0.1705,0.0776,-0.603,-0.603,-0.420,1.272,1.288,-1.893,0.0082,1.162,nan,0.00,1,1,1,0,1,0.0000,0.292,0,0.210,1,0.816,0,0,yolo,138.1,yolo,0,0,0,0.000,0,-1,0
1785715100.891,5.300,-2.210,-0.901,0.9950,0,-5.890,0.368,-2.310,0.2461,7.569,0.305,0.847,1.000,2.310,11.096,0.2103,0.1671,-0.564,-0.564,-0.330,1.279,1.287,-1.842,0.0082,1.163,nan,0.00,1,1,1,0,1,0.0000,0.585,0,0.210,1,0.816,2,0,yolo,138.1,yolo,0,0,0,0.000,0,-1,0
1785715100.919,5.300,-2.210,-0.901,0.9950,0,-7.390,0.532,-3.453,0.2294,7.656,0.462,0.961,1.000,3.453,14.000,-1.1456,-0.9813,-0.564,-0.760,-0.330,1.279,1.200,-1.677,0.0082,1.294,nan,0.00,1,1,1,1,1,0.0000,0.588,0,0.213,1,0.809,0,0,yolo,123.3,yolo,0,0,0,0.000,0,-1,0
1785715100.949,6.726,-2.179,-0.242,0.9924,0,-5.941,0.569,-3.453,0.2422,7.656,0.462,0.961,1.000,3.453,12.668,0.2749,0.1581,-0.485,-0.485,-0.172,1.287,1.200,-1.610,0.0082,1.298,nan,0.00,1,1,1,0,1,0.0000,0.588,0,0.213,1,0.809,0,0,yolo,123.3,yolo,0,0,0,0.000,0,-1,0
1785715100.986,6.726,-2.179,-0.242,0.9924,0,-5.941,0.517,-3.453,0.2422,7.656,0.462,0.961,1.000,3.453,12.668,0.2749,0.1581,-0.485,-0.485,-0.172,1.287,1.200,-1.662,0.0082,1.298,nan,0.00,1,1,1,0,1,0.0000,0.588,0,0.213,1,0.809,1,0,yolo,123.3,yolo,0,0,0,0.000,0,-1,0
1785715101.025,7.798,-2.163,0.278,0.9900,0,-4.441,0.553,-3.453,0.2481,7.656,0.462,0.961,1.000,3.453,11.418,0.3524,0.2772,-0.408,-0.408,-0.053,1.294,1.200,-1.610,0.0082,1.303,nan,0.00,1,1,1,0,1,0.0000,0.597,0,0.222,1,0.834,0,0,yolo,123.3,yolo,0,0,0,0.000,0,-1,0
1785715101.058,8.486,-2.153,0.659,0.9884,0,-2.941,0.570,-3.453,0.2522,7.656,0.462,0.961,1.000,3.453,10.303,0.4215,0.3611,-0.338,-0.338,0.031,1.299,1.200,-1.583,0.0082,1.305,nan,0.00,1,1,1,0,1,0.0000,0.301,0,0.227,1,0.839,0,0,yolo,123.3,yolo,0,0,0,0.000,0,-1,0
1785715101.095,8.486,-2.153,0.659,0.9884,0,-4.441,0.520,-4.192,0.2356,7.484,0.548,1.041,1.000,4.192,14.000,-0.4826,-0.4262,-0.338,-0.538,0.031,1.299,1.200,-1.634,0.0082,1.390,nan,0.00,1,1,1,1,1,0.0000,0.602,0,0.227,1,0.839,2,0,yolo,147.3,yolo,0,0,0,0.000,0,-1,0
1785715101.122,8.795,-2.143,0.991,0.9875,0,-3.566,0.537,-4.192,0.2359,7.484,0.548,1.041,1.000,4.192,12.362,0.2591,0.0551,-0.279,-0.279,0.086,1.304,1.200,-1.606,0.0082,1.391,nan,0.00,1,1,1,0,1,0.0000,0.613,0,0.238,1,0.837,0,0,yolo,147.3,yolo,0,0,0,0.000,0,-1,0
1785715101.158,9.191,-2.150,1.394,0.9865,0,-2.133,0.568,-4.192,0.2388,7.484,0.548,1.041,1.000,4.192,11.323,0.3225,0.1150,-0.215,-0.215,0.146,1.309,1.200,-1.583,0.0082,1.395,nan,0.00,1,1,1,0,1,0.0000,0.433,0,0.166,1,0.881,0,0,yolo,147.3,yolo,0,0,0,0.000,0,-1,0
1785715101.184,9.191,-2.150,1.394,0.9865,0,-3.633,0.524,-5.135,0.2221,7.325,0.658,1.099,1.000,5.135,14.000,-1.2062,-0.6951,-0.215,-0.501,0.146,1.309,1.200,-1.626,0.0082,1.464,nan,0.00,1,1,1,1,1,0.0000,0.433,0,0.166,1,0.881,0,0,yolo,119.3,yolo,0,0,0,0.000,0,-1,0
1785715101.215,9.407,-2.158,1.802,0.9859,0,-3.495,0.566,-5.135,0.2343,7.325,0.658,1.099,1.000,5.135,12.902,0.3461,0.0612,-0.154,-0.154,0.207,1.314,1.200,-1.592,0.0082,1.467,nan,0.00,1,1,1,0,1,0.0000,0.624,0,0.249,1,0.851,0,0,yolo,119.3,yolo,0,0,0,0.000,0,-1,0
1785715101.248,9.786,-2.180,2.286,0.9847,0,-2.036,0.621,-5.135,0.2376,7.325,0.658,1.099,1.000,5.135,11.821,0.4112,0.1314,-0.089,-0.089,0.277,1.319,1.200,-1.559,0.0082,1.473,nan,0.00,1,1,1,0,1,0.0000,0.624,0,0.249,1,0.851,0,0,yolo,119.3,yolo,0,0,0,0.000,0,-1,0
1785715101.278,9.997,-2.203,2.833,0.9841,0,-0.668,0.683,-5.135,0.2412,7.325,0.658,1.099,1.000,5.135,10.665,0.4807,0.2111,-0.020,-0.020,0.357,1.325,1.200,-1.521,0.0082,1.478,nan,0.00,1,1,1,0,1,0.0000,0.498,0,0.248,0,0.843,0,0,yolo,119.3,yolo,0,0,0,0.000,0,-1,0
1785715101.308,9.997,-2.203,2.833,0.9841,0,-0.668,0.633,-5.135,0.2412,7.325,0.658,1.099,1.000,5.135,10.665,0.4807,0.2111,-0.020,-0.020,0.357,1.325,1.200,-1.571,0.0082,1.478,nan,0.00,1,1,1,0,1,0.0000,0.498,0,0.248,0,0.843,0,0,yolo,119.3,yolo,0,0,0,0.000,0,-1,0
1785715101.340,10.059,-2.217,3.337,0.9839,0,-2.168,0.696,-5.825,0.2246,7.131,0.727,1.135,1.000,5.825,14.000,-0.5150,-0.2513,0.047,-0.271,0.439,1.331,1.200,-1.521,0.0082,1.519,nan,0.00,1,1,1,1,1,0.0000,0.500,0,0.254,0,0.862,0,0,yolo,133.5,yolo,0,0,0,0.000,0,-1,0
1785715101.372,10.287,-2.242,3.879,0.9832,0,-1.017,0.766,-5.825,0.2342,7.131,0.727,1.135,1.000,5.825,11.304,0.3835,0.0845,0.112,0.112,0.523,1.338,1.200,-1.476,0.0082,1.525,nan,0.00,1,1,1,0,1,0.0000,0.500,0,0.254,0,0.862,0,0,yolo,133.5,yolo,0,0,0,0.000,0,-1,0
1785715101.403,10.287,-2.242,3.879,0.9832,0,-1.017,0.712,-5.825,0.2342,7.131,0.727,1.135,1.000,5.825,11.304,0.3835,0.0845,0.112,0.112,0.523,1.338,1.200,-1.530,0.0082,1.525,nan,0.00,1,1,1,0,1,0.0000,0.318,0,0.154,0,0.889,0,0,yolo,133.5,yolo,0,0,0,0.000,0,-1,0
1785715101.433,10.381,-2.266,4.489,0.9829,0,0.249,0.802,-5.825,0.2383,7.131,0.727,1.135,1.000,5.825,10.132,0.4526,0.1753,0.181,0.181,0.614,1.346,1.200,-1.463,0.0082,1.528,nan,0.00,1,1,1,0,1,0.0000,0.318,0,0.154,0,0.889,0,0,yolo,133.5,yolo,0,0,0,0.000,0,-1,0
1785715101.465,10.337,-2.282,5.069,0.9830,0,-1.251,0.876,-5.332,0.2550,6.788,0.634,1.101,1.000,5.332,11.972,0.5833,0.6185,0.248,-0.124,0.699,1.354,1.200,-1.406,0.0082,1.467,nan,0.00,1,1,1,1,1,0.0000,0.171,0,0.053,0,0.897,0,0,yolo,141.4,yolo,0,0,0,0.000,0,-1,0
1785715101.501,10.449,-2.284,5.534,0.9826,0,0.249,0.910,-5.332,0.2383,6.788,0.634,1.101,1.000,5.332,7.298,0.4321,0.0689,0.308,0.308,0.768,1.361,1.200,-1.373,0.0082,1.468,nan,0.00,1,1,1,0,1,0.0000,0.171,0,0.053,0,0.897,2,0,yolo,141.4,yolo,0,0,0,0.000,0,-1,0
1785715101.543,10.424,-2.279,5.986,0.9827,0,1.749,0.936,-5.332,0.2550,6.788,0.634,1.101,1.000,5.332,6.263,0.4908,0.1379,0.367,0.367,0.837,1.369,1.200,-1.343,0.0082,1.467,nan,0.00,1,1,1,0,1,0.0000,0.172,0,0.054,0,0.895,0,0,yolo,141.4,yolo,0,0,0,0.000,0,-1,0
1785715101.575,10.228,-2.273,6.484,0.9833,0,3.249,0.967,-5.332,0.2717,6.788,0.634,1.101,1.000,5.332,5.222,0.5499,0.1961,0.426,0.426,0.895,1.377,1.200,-1.305,0.0082,1.465,nan,0.00,1,1,1,0,1,0.0000,0.172,0,0.054,0,0.895,0,0,yolo,141.4,yolo,0,0,0,0.000,0,-1,0
1785715101.606,10.228,-2.273,6.484,0.9833,0,1.749,0.892,-5.469,0.2768,6.303,0.603,1.092,1.000,5.469,12.797,-0.1501,0.3389,0.426,0.120,0.895,1.377,1.200,-1.381,0.0082,1.431,nan,0.00,1,1,1,1,1,0.0000,0.173,0,0.057,0,0.892,0,0,yolo,120.8,yolo,0,0,0,0.000,0,-1,0
1785715101.638,9.886,-2.260,6.983,0.9844,0,3.249,0.936,-5.469,0.2765,6.303,0.603,1.092,1.000,5.469,5.373,0.3593,0.0441,0.479,0.479,0.939,1.385,1.200,-1.324,0.0082,1.427,nan,0.00,1,1,1,0,1,0.0000,0.173,0,0.056,0,0.891,0,0,yolo,120.8,yolo,0,0,0,0.000,0,-1,0
1785715101.675,9.538,-2.246,7.484,0.9854,0,4.749,0.971,-5.469,0.2762,6.303,0.603,1.092,1.000,5.469,4.424,0.4103,0.0742,0.530,0.530,0.969,1.394,1.200,-1.274,0.0082,1.423,nan,0.00,1,1,1,0,1,0.0000,0.174,0,0.059,0,0.888,0,0,yolo,120.8,yolo,0,0,0,0.000,0,-1,0
1785715101.701,9.080,-2.230,7.958,0.9867,0,5.418,0.990,-5.469,0.2759,6.303,0.603,1.092,1.000,5.469,3.662,0.4512,0.0773,0.571,0.571,0.973,1.402,1.200,-1.240,0.0082,1.418,nan,0.00,1,1,1,0,1,0.0000,0.174,0,0.060,0,0.884,0,0,yolo,120.8,yolo,0,0,0,0.000,0,-1,0
1785715101.732,9.080,-2.230,7.958,0.9867,0,4.669,0.913,-4.320,0.2759,6.120,0.462,1.027,1.000,4.320,4.411,0.7362,0.5624,0.571,0.194,0.973,1.402,1.200,-1.317,0.0082,1.324,nan,0.00,1,1,1,1,1,0.0000,0.174,0,0.060,0,0.885,0,0,yolo,128.6,yolo,0,0,0,0.000,0,-1,0
1785715101.759,8.517,-2.206,8.470,0.9882,0,6.169,0.951,-4.320,0.2754,6.120,0.462,1.027,1.000,4.320,0.167,0.4166,-0.0091,0.610,0.610,0.963,1.410,1.200,-1.255,0.0082,1.319,nan,0.00,1,1,1,0,1,0.7325,0.375,1,0.252,0,0.855,0,0,yolo,128.6,yolo,0,0,0,0.000,0,-1,0
1785715101.793,7.849,-2.166,8.903,0.9899,0,7.669,0.954,-4.320,0.2750,6.120,0.462,1.027,1.000,4.320,-0.533,0.4534,-0.0253,0.647,0.647,0.947,1.418,1.200,-1.212,0.0082,1.311,nan,0.00,1,1,1,0,1,0.7325,0.375,1,0.252,0,0.855,0,0,yolo,128.6,yolo,0,0,0,0.000,0,-1,0
1785715101.823,7.097,-2.119,9.260,0.9917,0,8.128,0.923,-4.320,0.2745,6.120,0.462,1.027,1.000,4.320,-1.030,0.4795,-0.0443,0.673,0.673,0.928,1.425,1.200,-1.196,0.0082,1.301,nan,0.00,1,1,1,0,1,0.7346,0.375,1,0.251,0,0.853,0,0,yolo,128.6,yolo,0,0,0,0.000,0,-1,0
1785715101.855,7.097,-2.119,9.260,0.9917,0,6.628,0.850,-3.719,0.2745,5.699,0.393,1.000,0.950,3.949,3.606,0.3692,0.5050,0.673,0.281,0.928,1.425,1.200,-1.268,0.0082,1.251,nan,0.00,1,1,1,1,1,0.7362,0.375,1,0.251,0,0.853,0,0,yolo,122.4,yolo,0,0,0,0.000,0,-1,0
1785715101.882,6.305,-2.073,9.645,0.9933,0,8.128,0.827,-3.937,0.2740,5.699,0.393,1.000,0.950,3.949,-2.482,0.4112,-0.0208,0.693,0.693,0.907,1.432,1.207,-1.246,0.0082,1.243,nan,0.00,1,1,1,0,1,0.0000,0.373,0,0.247,0,0.855,0,0,yolo,122.4,yolo,0,0,0,0.000,0,-1,0
1785715101.916,5.416,-2.024,10.046,0.9949,0,8.192,0.792,-4.100,0.2736,5.699,0.393,1.000,0.950,3.949,-2.776,0.4267,-0.0445,0.708,0.708,0.884,1.439,1.217,-1.232,0.0082,1.233,nan,0.00,1,1,1,0,1,0.0000,0.373,0,0.247,0,0.855,0,0,yolo,122.4,yolo,0,0,0,0.000,0,-1,0
1785715101.949,5.416,-2.024,10.046,0.9949,0,7.158,0.654,-2.946,0.2736,5.653,0.285,0.982,0.942,2.886,-1.742,0.7864,0.2238,0.708,0.338,0.884,1.439,1.246,-1.370,0.0082,1.204,nan,0.00,1,1,1,1,1,0.0000,0.370,0,0.242,0,0.855,0,0,yolo,118.7,yolo,0,0,0,0.000,0,-1,0
1785715101.986,4.563,-1.973,10.419,0.9962,0,8.658,0.623,-2.814,0.2732,5.653,0.285,0.982,0.942,2.886,-5.236,0.3782,-0.0217,0.716,0.716,0.862,1.446,1.254,-1.350,0.0082,1.196,nan,0.00,1,1,1,0,1,0.0000,0.370,0,0.242,0,0.855,1,0,yolo,118.7,yolo,0,0,0,0.000,0,-1,0
1785715102.012,3.784,-1.925,10.726,0.9973,0,9.144,0.579,-2.715,0.2730,5.653,0.285,0.982,0.942,2.886,-5.360,0.3847,-0.0441,0.723,0.723,0.840,1.451,1.262,-1.346,0.0082,1.188,nan,0.00,1,1,1,0,1,0.0000,0.370,0,0.242,0,0.863,0,0,yolo,118.7,yolo,0,0,0,0.000,0,-1,0
1785715102.049,3.784,-1.925,10.726,0.9973,0,9.144,0.525,-2.641,0.2730,5.653,0.285,0.982,0.942,2.886,-5.360,0.3847,-0.0441,0.723,0.723,0.840,1.451,1.262,-1.400,0.0082,1.188,nan,0.00,1,1,1,0,1,0.0000,0.370,0,0.242,0,0.863,1,0,yolo,118.7,yolo,0,0,0,0.000,0,-1,0
1785715102.081,2.676,-1.871,10.987,0.9984,0,10.644,0.346,-1.300,0.2726,5.555,0.146,0.942,0.926,1.510,-9.773,1.3343,0.5948,0.718,0.495,0.817,1.456,1.322,-1.525,0.0082,1.128,nan,0.00,1,1,1,1,1,0.0000,0.366,0,0.234,0,0.856,0,0,yolo,132.7,yolo,0,0,0,0.000,0,-1,0
1785715102.122,1.639,-1.820,11.258,0.9991,0,9.209,0.295,-1.301,0.2560,5.555,0.146,0.942,0.926,1.510,-7.570,0.2099,-0.0216,0.705,0.705,0.795,1.460,1.328,-1.526,0.0082,1.122,nan,0.00,1,1,1,0,1,0.0000,0.366,0,0.234,0,0.856,0,0,yolo,132.7,yolo,0,0,0,0.000,0,-1,0
1785715102.153,0.570,-1.787,11.460,0.9995,0,7.770,0.252,-1.303,0.2393,5.555,0.146,0.942,0.926,1.510,-7.201,0.1904,-0.0290,0.686,0.686,0.788,1.464,1.334,-1.535,0.0082,1.116,nan,0.00,1,1,1,0,1,0.0000,0.365,0,0.233,0,0.857,0,0,yolo,132.7,yolo,0,0,0,0.000,0,-1,0
1785715102.184,-0.632,-1.752,11.595,0.9995,0,6.270,0.192,-1.304,0.2560,5.555,0.146,0.942,0.926,1.510,-6.641,0.1608,0.0016,0.656,0.656,0.819,1.466,1.340,-1.559,0.0082,1.110,nan,0.00,1,1,1,0,1,0.0000,0.483,0,0.229,0,0.851,0,0,yolo,132.7,yolo,0,0,0,0.000,0,-1,0
1785715102.223,-0.646,-1.751,11.596,0.9995,0,7.770,0.020,0.196,0.2724,5.390,-0.020,0.891,0.898,-0.211,-12.612,0.9714,0.3225,0.656,0.544,0.820,1.466,1.394,-1.731,0.0082,1.056,nan,0.00,1,1,1,1,1,0.0000,0.299,0,0.124,0,0.858,0,0,yolo,125.2,yolo,0,0,0,0.000,0,-1,0
1785715102.250,-1.279,-1.728,11.721,0.9993,0,8.624,-0.007,0.128,0.2724,5.390,-0.020,0.891,0.898,-0.211,-9.903,0.0883,0.0600,0.632,0.632,0.880,1.468,1.396,-1.735,0.0082,1.054,nan,0.00,1,1,1,0,1,0.0000,0.299,0,0.124,0,0.858,0,0,yolo,125.2,yolo,0,0,0,0.000,0,-1,0
1785715102.284,-2.217,-1.731,11.735,0.9988,0,7.124,-0.014,0.066,0.2725,5.390,-0.020,0.891,0.898,-0.211,-9.268,0.0544,0.1133,0.598,0.598,0.933,1.470,1.396,-1.744,0.0082,1.054,nan,0.00,1,1,1,0,1,0.0000,0.412,0,0.140,1,0.844,0,0,yolo,125.2,yolo,0,0,0,0.000,0,-1,0
1785715102.321,-2.967,-1.730,11.691,0.9982,0,5.624,-0.030,0.020,0.2727,5.390,-0.020,0.891,0.898,-0.211,-8.584,0.0179,0.1543,0.561,0.561,0.974,1.470,1.397,-1.760,0.0082,1.053,nan,0.00,1,1,1,0,1,0.0000,0.412,0,0.140,1,0.844,0,0,yolo,125.2,yolo,0,0,0,0.000,0,-1,0
1785715102.354,-2.967,-1.730,11.691,0.9982,0,7.124,-0.359,1.520,0.2869,5.109,-0.203,0.765,0.851,-2.275,-14.000,1.3801,0.9365,0.561,0.627,0.974,1.470,1.521,-2.089,0.0081,0.929,nan,0.00,1,1,1,1,1,0.0000,0.303,0,0.129,0,0.844,0,0,yolo,120.0,yolo,0,0,0,0.000,0,-1,0
1785715102.385,-3.518,-1.731,11.691,0.9977,0,8.358,-0.355,1.973,0.2727,5.109,-0.203,0.765,0.851,-2.275,-11.876,-0.1024,0.0237,0.524,0.524,0.998,1.471,1.520,-2.086,0.0080,0.930,nan,0.00,1,1,1,0,1,0.0000,0.303,0,0.129,0,0.844,0,0,yolo,120.0,yolo,0,0,0,0.000,0,-1,0
1785715102.417,-4.377,-1.779,11.564,0.9966,0,6.858,-0.293,2.064,0.2729,5.109,-0.203,0.765,0.851,-2.275,-11.041,-0.1477,0.0218,0.479,0.479,0.996,1.472,1.513,-2.072,0.0079,0.937,nan,0.00,1,1,1,0,1,0.0000,0.593,0,0.218,1,0.830,0,0,yolo,120.0,yolo,0,0,0,0.000,0,-1,0
1785715102.449,-5.074,-1.824,11.326,0.9956,0,8.358,-0.362,3.564,0.2895,4.576,-0.313,0.692,0.763,-3.916,-14.000,1.9661,1.1184,0.432,0.679,0.984,1.472,1.555,-2.186,0.0078,0.862,nan,0.00,1,1,1,1,1,0.0000,0.415,0,0.143,1,0.834,0,0,yolo,119.2,yolo,0,0,0,0.000,0,-1,0
1785715102.478,-5.074,-1.824,11.326,0.9956,0,7.578,-0.369,4.508,0.2730,4.576,-0.313,0.692,0.763,-3.916,-12.652,-0.2473,0.0000,0.432,0.432,0.984,1.472,1.555,-2.193,0.0078,0.862,nan,0.00,1,1,1,0,1,0.0000,0.415,0,0.143,1,0.834,0,0,yolo,119.2,yolo,0,0,0,0.000,0,-1,0
1785715102.510,-5.959,-1.892,11.021,0.9941,0,6.078,-0.280,4.931,0.2733,4.576,-0.313,0.692,0.763,-3.916,-11.677,-0.3016,-0.0194,0.378,0.378,0.965,1.472,1.547,-2.172,0.0077,0.871,nan,0.00,1,1,1,0,1,0.0000,0.592,0,0.217,1,0.823,0,0,yolo,119.2,yolo,0,0,0,0.000,0,-1,0
1785715102.550,-6.522,-1.963,10.600,0.9929,0,4.578,-0.196,5.249,0.2735,4.576,-0.313,0.692,0.763,-3.916,-10.848,-0.3478,-0.0389,0.331,0.331,0.945,1.472,1.539,-2.159,0.0076,0.879,nan,0.00,1,1,1,0,1,0.0000,0.419,0,0.149,1,0.824,0,0,yolo,119.2,yolo,0,0,0,0.000,0,-1,0
1785715102.579,-7.045,-2.040,10.148,0.9918,0,6.078,-0.245,6.171,0.2737,4.453,-0.451,0.602,0.742,-5.788,-14.000,1.0911,0.5115,0.284,0.589,0.928,1.472,1.591,-2.285,0.0075,0.811,nan,0.00,1,1,1,1,1,0.0000,0.419,0,0.149,1,0.824,0,0,yolo,121.3,yolo,0,0,0,0.000,0,-1,0
1785715102.611,-7.656,-2.135,9.605,0.9904,0,5.013,-0.112,5.734,0.2740,4.453,-0.451,0.602,0.742,-5.788,-12.668,-0.3580,-0.0167,0.231,0.231,0.912,1.474,1.581,-2.247,0.0074,0.822,nan,0.00,1,1,1,0,1,0.0000,0.205,0,0.137,1,0.804,0,0,yolo,121.3,yolo,0,0,0,0.000,0,-1,0
1785715102.638,-7.656,-2.135,9.605,0.9904,0,5.013,-0.119,5.407,0.2740,4.453,-0.451,0.602,0.742,-5.788,-12.668,-0.3580,-0.0167,0.231,0.231,0.912,1.474,1.581,-2.253,0.0073,0.822,nan,0.00,1,1,1,0,1,0.0000,0.410,0,0.137,1,0.804,0,0,yolo,121.3,yolo,0,0,0,0.000,0,-1,0
1785715102.669,-8.174,-2.223,9.039,0.9891,0,3.513,0.016,5.161,0.2742,4.453,-0.451,0.602,0.742,-5.788,-11.633,-0.4161,-0.0340,0.172,0.172,0.894,1.476,1.572,-2.207,0.0073,0.832,nan,0.00,1,1,1,0,1,0.0000,0.299,0,0.123,0,0.807,0,0,yolo,121.3,yolo,0,0,0,0.000,0,-1,0
1785715102.699,-8.506,-2.286,8.592,0.9882,0,5.013,0.115,6.512,0.2814,4.150,-0.540,0.506,0.692,-7.419,-14.000,0.8862,0.6506,0.118,0.436,0.883,1.479,1.569,-2.171,0.0072,0.746,nan,0.00,1,1,1,1,1,0.0000,0.299,0,0.123,0,0.807,0,0,yolo,116.9,yolo,0,0,0,0.000,0,-1,0
1785715102.735,-8.988,-2.357,8.078,0.9869,0,3.513,0.230,6.772,0.2747,4.150,-0.540,0.506,0.692,-7.419,-12.400,-0.3743,-0.0126,0.062,0.062,0.870,1.482,1.563,-2.126,0.0071,0.755,nan,0.00,1,1,1,0,1,0.0000,0.464,0,0.204,0,0.785,1,0,yolo,116.9,yolo,0,0,0,0.000,0,-1,0
1785715102.760,-8.988,-2.357,8.078,0.9869,0,3.412,0.208,6.966,0.2746,4.150,-0.540,0.506,0.692,-7.419,-12.400,-0.3743,-0.0126,0.062,0.062,0.870,1.482,1.563,-2.149,0.0070,0.755,nan,0.00,1,1,1,0,1,0.0000,0.506,0,0.131,2,0.776,0,0,yolo,116.9,yolo,0,0,0,0.000,0,-1,0
1785715102.793,-9.302,-2.431,7.475,0.9860,0,2.174,0.332,7.112,0.2748,4.150,-0.540,0.506,0.692,-7.419,-11.476,-0.4270,-0.0282,0.009,0.009,0.855,1.486,1.557,-2.098,0.0069,0.762,nan,0.00,1,1,1,0,1,0.0000,0.794,0,0.192,3,0.760,0,0,yolo,116.9,yolo,0,0,0,0.000,0,-1,0
1785715102.824,-9.512,-2.506,6.833,0.9853,0,3.674,0.489,7.988,0.2804,3.774,-0.575,0.414,0.629,-8.667,-14.000,0.4929,0.5652,-0.046,0.239,0.837,1.491,1.542,-2.017,0.0069,0.668,nan,0.00,1,1,1,1,1,0.0000,0.502,0,0.127,2,0.755,0,0,yolo,121.9,yolo,0,0,0,0.000,0,-1,0
1785715102.855,-9.796,-2.566,6.255,0.9844,0,2.174,0.589,8.103,0.2751,3.774,-0.575,0.414,0.629,-8.667,-11.269,-0.3325,-0.0166,-0.094,-0.094,0.821,1.496,1.538,-1.976,0.0068,0.675,nan,0.00,1,1,1,0,1,0.0000,0.503,0,0.128,2,0.750,0,0,yolo,121.9,yolo,0,0,0,0.000,0,-1,0
1785715102.886,-10.048,-2.629,5.611,0.9836,0,0.674,0.701,8.189,0.2753,3.774,-0.575,0.414,0.629,-8.667,-10.416,-0.3821,-0.0353,-0.143,-0.143,0.802,1.502,1.534,-1.928,0.0067,0.681,nan,0.00,1,1,1,0,1,0.0000,0.503,0,0.128,2,0.750,0,0,yolo,121.9,yolo,0,0,0,0.000,0,-1,0
1785715102.917,-10.082,-2.685,4.947,0.9835,0,-0.471,0.804,8.254,0.2586,3.774,-0.575,0.414,0.629,-8.667,-9.611,-0.4287,-0.0526,-0.190,-0.190,0.785,1.508,1.532,-1.881,0.0067,0.685,nan,0.00,1,1,1,0,1,0.0000,0.689,0,0.199,2,0.760,0,0,yolo,121.9,yolo,0,0,0,0.000,0,-1,0
1785715102.948,-10.082,-2.685,4.947,0.9835,0,1.029,0.744,8.502,0.2753,3.484,-0.583,0.313,0.581,-9.503,-14.000,0.5086,1.1221,-0.190,0.071,0.785,1.508,1.534,-1.941,0.0066,0.573,nan,0.00,1,1,1,1,1,0.0000,0.411,0,0.139,1,0.803,0,0,yolo,119.0,yolo,0,0,0,0.000,0,-1,0
1785715102.979,-10.026,-2.732,4.286,0.9836,0,-0.412,0.852,8.364,0.2586,3.484,-0.583,0.313,0.581,-9.503,-9.614,-0.3056,-0.0066,-0.235,-0.235,0.778,1.515,1.533,-1.880,0.0066,0.575,nan,0.00,1,1,1,0,1,0.0000,0.410,0,0.138,1,0.821,0,0,yolo,119.0,yolo,0,0,0,0.000,0,-1,0
1785715103.015,-10.111,-2.792,3.558,0.9833,0,-1.343,0.983,8.260,0.2569,3.484,-0.583,0.313,0.581,-9.503,-8.768,-0.3554,-0.0106,-0.285,-0.285,0.774,1.524,1.531,-1.809,0.0065,0.579,nan,0.00,1,1,1,0,1,0.0000,0.295,0,0.216,1,0.824,0,0,yolo,119.0,yolo,0,0,0,0.000,0,-1,0
1785715103.042,-9.957,-2.825,2.827,0.9837,0,-1.979,1.076,8.182,0.2571,3.484,-0.583,0.313,0.581,-9.503,-7.978,-0.4017,-0.0018,-0.331,-0.331,0.783,1.533,1.531,-1.749,0.0064,0.580,nan,0.00,1,1,1,0,1,0.0000,0.309,0,0.140,0,0.822,0,0,yolo,119.0,yolo,0,0,0,0.000,0,-1,0
1785715103.074,-9.759,-2.845,2.169,0.9843,0,-0.479,1.115,7.883,0.2738,3.135,-0.534,0.226,0.522,-9.664,-12.357,0.0881,1.1119,-0.372,-0.036,0.802,1.542,1.540,-1.729,0.0064,0.469,nan,0.00,1,1,1,1,1,0.0000,0.309,0,0.140,0,0.822,0,0,yolo,124.9,yolo,0,0,0,0.000,0,-1,0
1785715103.105,-9.703,-2.857,1.406,0.9845,0,-1.979,1.191,7.734,0.2746,3.135,-0.534,0.226,0.522,-9.664,-5.650,-0.3877,0.0260,-0.423,-0.423,0.828,1.553,1.540,-1.666,0.0064,0.469,nan,0.00,1,1,1,0,1,0.0000,0.307,0,0.137,0,0.809,0,0,yolo,124.9,yolo,0,0,0,0.000,0,-1,0
1785715103.135,-9.703,-2.857,1.406,0.9845,0,-3.479,1.100,7.622,0.2746,3.135,-0.534,0.226,0.522,-9.664,-5.650,-0.3877,0.0260,-0.423,-0.423,0.828,1.553,1.540,-1.757,0.0063,0.469,nan,0.00,1,1,1,0,1,0.0000,0.466,0,0.208,0,0.798,0,0,yolo,124.9,yolo,0,0,0,0.000,0,-1,0
1785715103.173,-9.250,-2.863,0.631,0.9858,0,-1.979,1.140,6.762,0.2912,2.850,-0.473,0.144,0.475,-9.422,-9.465,-0.0904,0.8148,-0.469,-0.108,0.841,1.564,1.562,-1.722,0.0063,0.360,nan,0.00,1,1,1,1,1,0.0000,0.451,0,0.189,0,0.765,0,0,yolo,112.1,yolo,0,0,0,0.000,0,-1,0
1785715103.214,-9.056,-2.850,0.031,0.9863,0,-3.479,1.171,6.356,0.2746,2.850,-0.473,0.144,0.475,-9.422,-3.016,-0.4027,0.0051,-0.511,-0.511,0.846,1.574,1.563,-1.679,0.0062,0.358,nan,0.00,1,1,1,0,1,0.0000,0.562,0,0.187,1,0.739,0,0,yolo,112.1,yolo,0,0,0,0.000,0,-1,0
1785715103.252,-8.676,-2.820,-0.545,0.9874,0,-4.979,1.176,6.051,0.2737,2.850,-0.473,0.144,0.475,-9.422,-2.343,-0.4431,-0.0037,-0.551,-0.551,0.838,1.583,1.565,-1.644,0.0062,0.354,nan,0.00,1,1,1,0,1,0.0000,0.679,0,0.191,2,0.720,0,0,yolo,112.1,yolo,0,0,0,0.000,0,-1,0
1785715103.277,-8.155,-2.784,-1.092,0.9887,0,-6.383,1.163,5.823,0.2732,2.850,-0.473,0.144,0.475,-9.422,-1.772,-0.4774,-0.0233,-0.585,-0.585,0.818,1.593,1.568,-1.620,0.0062,0.348,nan,0.00,1,1,1,0,1,0.0000,0.679,0,0.191,2,0.720,0,0,yolo,112.1,yolo,0,0,0,0.000,0,-1,0
1785715103.314,-8.155,-2.784,-1.092,0.9887,0,-4.883,0.997,5.193,0.2899,2.579,-0.397,0.074,0.430,-8.744,-5.588,-0.2287,0.7003,-0.585,-0.235,0.818,1.593,1.596,-1.787,0.0061,0.255,nan,0.00,1,1,1,1,1,0.0000,0.683,0,0.194,2,0.711,0,0,yolo,121.2,yolo,0,0,0,0.000,0,-1,0
1785715103.341,-7.466,-2.738,-1.651,0.9904,0,-6.383,1.006,5.171,0.2732,2.579,-0.397,0.074,0.430,-8.744,0.147,-0.3792,-0.0222,-0.615,-0.615,0.796,1.602,1.598,-1.733,0.0061,0.248,nan,0.00,1,1,1,0,1,0.0000,0.683,0,0.194,2,0.711,0,0,yolo,121.2,yolo,0,0,0,0.000,0,-1,0
1785715103.373,-6.840,-2.700,-2.117,0.9918,0,-7.390,1.001,5.154,0.2631,2.579,-0.397,0.074,0.430,-8.744,0.550,-0.4036,-0.0428,-0.639,-0.639,0.775,1.610,1.598,-1.699,0.0061,0.242,nan,0.00,1,1,1,0,1,0.0000,0.687,0,0.198,2,0.699,0,0,yolo,121.2,yolo,0,0,0,0.000,0,-1,0
1785715103.405,-6.127,-2.652,-2.550,0.9932,0,-5.890,0.152,6.440,0.2797,4.000,-0.452,0.000,0.667,-6.440,-1.361,-0.0000,0.7671,-0.658,-0.658,0.767,1.618,1.971,-2.500,0.0061,0.235,nan,0.00,1,1,0,1,1,0.0000,0.695,0,0.204,2,0.685,0,1,blueline,,BLUELINE,0,0,0,0.000,0,-1,0
1785715103.445,-6.127,-2.652,-2.550,0.9932,0,-7.390,1.652,4.940,0.2964,4.000,0.276,0.000,0.233,3.942,5.548,-0.0000,0.7671,-0.658,-0.658,0.767,1.618,1.200,-0.765,0.0061,0.228,nan,0.00,0,1,0,1,1,0.0000,0.700,0,0.208,2,0.665,0,1,track,,TRACK,0,0,0,0.000,0,-1,0
1785715103.484,-4.607,-2.573,-3.791,0.9958,0,-7.840,0.152,3.881,0.2980,4.000,-0.271,0.000,0.667,-3.881,3.232,-0.0000,0.7386,-0.678,-0.678,0.739,1.639,2.000,-2.500,0.0061,0.221,nan,0.00,1,1,0,1,1,0.0000,0.824,0,0.214,3,0.636,0,1,blueline,,BLUELINE,0,0,0,0.000,0,-1,0
1785715103.522,-4.598,-2.571,-3.797,0.9958,0,-9.340,1.652,2.381,0.2981,4.000,0.434,0.000,0.233,6.197,6.928,-0.0000,0.7382,-0.678,-0.678,0.738,1.639,1.200,-0.651,0.0061,0.214,nan,0.00,0,1,0,1,1,0.0000,0.824,0,0.214,3,0.636,1,1,track,,TRACK,0,0,0,0.000,0,-1,0
1785715103.562,-3.784,-2.597,-4.126,0.9968,0,-10.741,1.969,0.881,0.2962,4.000,0.434,0.000,0.233,6.197,6.957,-0.0049,0.6987,-0.683,-0.683,0.699,1.646,1.200,-0.628,0.0061,0.208,nan,0.00,0,1,0,0,1,0.0000,0.833,0,0.220,3,0.623,0,0,track,,TRACK,0,0,0,0.000,0,-1,0
1785715103.594,-2.431,-2.335,-4.216,0.9983,0,-10.151,0.469,1.215,0.2928,4.000,-0.085,0.000,0.667,-1.215,7.720,-0.0000,0.6269,-0.682,-0.682,0.627,1.646,2.000,-2.500,0.0061,0.202,nan,0.00,1,1,0,1,1,0.0000,0.842,0,0.226,3,0.605,0,1,blueline,,BLUELINE,0,0,0,0.000,0,-1,0
1785715103.620,-2.431,-2.335,-4.216,0.9983,0,-8.651,-0.165,2.645,0.2929,4.000,-0.185,0.000,0.667,-2.645,-4.642,2.9960,0.6269,-0.682,-0.682,0.627,1.646,2.000,-2.500,0.0061,0.196,nan,0.00,1,1,0,1,1,0.0000,0.800,0,0.279,3,0.593,0,0,blueline,,BLUELINE,0,0,0,0.000,0,-1,0
1785715103.655,-1.223,-2.308,-4.304,0.9990,0,-10.151,1.335,1.145,0.2892,4.000,2.319,0.000,0.233,25.000,14.000,-4.1888,0.5448,-0.671,-0.671,0.545,1.648,1.200,-0.772,0.0061,0.190,nan,0.00,0,1,0,1,1,1.0883,0.450,1,0.284,4,0.584,0,0,blueline,,BLUELINE,0,0,0,0.000,0,-1,0
1785715103.687,0.183,-2.109,-4.472,0.9993,0,-11.651,1.297,-0.355,0.2851,4.000,2.319,0.000,0.233,25.000,14.000,0.0274,0.4524,-0.644,-0.644,0.452,1.648,1.200,-0.812,0.0061,0.184,nan,0.00,0,1,0,0,1,1.0883,0.450,1,0.284,4,0.584,0,0,blueline,,BLUELINE,0,0,0,0.000,0,-1,0
1785715103.718,0.183,-2.109,-4.472,0.9993,0,-13.151,1.276,-1.855,0.2853,4.000,2.319,0.000,0.233,25.000,14.000,0.0274,0.4524,-0.644,-0.644,0.452,1.648,1.200,-0.833,0.0061,0.178,nan,0.00,0,1,0,0,1,1.0883,0.450,1,0.284,4,0.584,0,0,blueline,,BLUELINE,0,0,0,0.000,0,-1,0
1785715103.750,2.004,-1.954,-4.191,0.9988,0,-11.651,-0.224,-3.355,0.2818,4.000,0.502,0.000,0.667,7.150,6.428,4.1888,0.3686,-0.609,-0.609,0.369,1.641,1.923,-2.500,0.0061,0.173,nan,0.00,1,1,0,1,1,0.0000,1.000,0,0.296,5,0.568,0,0,blueline,,BLUELINE,0,0,0,0.000,0,-1,0
1785715103.781,2.004,-1.954,-4.191,0.9988,0,-11.996,-0.546,-4.855,0.2820,4.000,0.502,0.000,0.667,7.150,14.000,0.0000,0.3686,-0.609,-0.609,0.369,1.641,1.923,-2.500,0.0061,0.168,nan,0.00,1,1,0,0,1,0.0000,1.000,0,0.296,5,0.568,0,0,blueline,,BLUELINE,0,0,0,0.000,0,-1,0
1785715103.813,3.478,-2.083,-3.585,0.9975,0,-10.496,-0.417,-4.746,0.2795,4.000,0.332,0.000,0.667,4.746,7.637,2.5175,0.3027,-0.576,-0.576,0.303,1.634,2.000,-2.500,0.0061,0.163,nan,0.00,1,1,0,1,1,0.0000,0.800,0,0.304,3,0.530,0,0,blueline,,BLUELINE,0,0,0,0.000,0,-1,0
1785715103.844,4.795,-2.159,-3.028,0.9958,0,-8.996,-0.341,-4.368,0.2778,4.000,0.306,0.000,0.667,4.368,12.150,0.7905,0.2505,-0.531,-0.531,0.250,1.628,2.000,-2.500,0.0061,0.158,nan,0.00,1,1,0,1,1,0.0000,0.800,0,0.304,3,0.530,0,0,blueline,,BLUELINE,0,0,0,0.000,0,-1,0
1785715103.877,4.795,-2.159,-3.028,0.9958,0,-9.205,1.139,-5.868,0.2779,4.000,2.699,0.000,0.667,25.000,14.000,-4.1888,0.2505,-0.531,-0.531,0.250,1.628,1.200,-1.020,0.0061,0.153,nan,8.00,1,1,0,1,1,1.0968,0.800,1,0.310,3,0.510,0,0,blueline,,BLUELINE,0,0,0,0.000,0,-1,0
1785715103.907,6.015,-2.053,-2.298,0.9939,0,-7.985,0.942,-7.368,0.2767,4.000,2.699,0.000,0.667,25.000,14.000,0.0536,0.2083,-0.478,-0.478,0.208,1.619,1.200,-1.110,0.0061,0.149,nan,8.00,1,1,0,0,1,1.0968,0.800,1,0.310,3,0.510,0,0,blueline,,BLUELINE,0,0,0,0.000,0,-1,0
1785715103.938,6.015,-2.053,-2.298,0.9939,0,-7.985,0.990,-8.868,0.2768,4.000,2.699,0.000,0.667,25.000,14.000,0.0536,0.2083,-0.478,-0.478,0.208,1.619,1.200,-1.063,0.0061,0.144,nan,8.00,1,1,0,0,1,1.0968,0.800,1,0.310,3,0.510,0,0,blueline,,BLUELINE,0,0,0,0.000,0,-1,0
1785715103.969,7.050,-2.066,-1.141,0.9918,0,-6.950,0.884,-10.368,0.2760,4.000,2.559,0.000,0.667,25.000,14.000,-0.0000,0.1745,-0.429,-0.429,0.175,1.608,1.200,-1.182,0.0061,0.140,nan,8.00,1,1,0,1,1,1.0542,0.583,1,0.356,1,0.201,0,0,blueline,,BLUELINE,0,0,0,0.000,0,-1,0
1785715104.000,7.050,-2.066,-1.141,0.9918,0,-5.450,0.944,-9.712,0.2761,4.000,0.685,0.000,0.233,9.712,2.843,4.1888,0.1745,-0.429,-0.429,0.175,1.608,1.200,-1.121,0.0061,0.136,nan,0.00,0,1,0,1,1,0.0000,0.417,0,0.351,4,0.173,0,0,blueline,,BLUELINE,0,0,0,0.000,0,-1,0
1785715104.030,7.962,-2.114,0.131,0.9897,0,-3.950,0.893,-9.712,0.2755,4.000,0.685,0.000,0.233,9.712,7.432,0.0503,0.1457,-0.379,-0.379,0.146,1.597,1.200,-1.221,0.0061,0.132,nan,0.00,0,1,0,0,1,0.0000,0.833,0,0.351,4,0.173,0,0,blueline,,BLUELINE,0,0,0,0.000,0,-1,0
1785715104.061,8.369,-2.153,1.093,0.9887,0,-2.450,-0.347,-8.267,0.2749,4.000,0.581,0.000,0.667,8.267,8.334,3.0257,0.1229,-0.333,-0.333,0.123,1.590,1.849,-2.500,0.0061,0.128,nan,0.00,1,1,0,1,1,0.0000,0.667,0,0.359,2,0.157,0,0,blueline,,BLUELINE,0,0,0,0.000,0,-1,0
1785715104.093,8.369,-2.153,1.093,0.9887,0,-3.950,-0.347,-8.267,0.2750,4.000,0.581,0.000,0.667,8.267,14.000,0.0000,0.1229,-0.333,-0.333,0.123,1.590,1.849,-2.500,0.0061,0.124,nan,0.00,1,1,0,0,1,0.0000,0.667,0,0.359,2,0.157,0,0,blueline,,BLUELINE,0,0,0,0.000,0,-1,0
1785715104.129,8.622,-2.318,1.876,0.9879,0,-5.378,1.132,-9.767,0.2917,15.509,8.914,-3.870,1.000,25.000,14.000,-0.0000,-0.0000,-0.286,-0.286,0.101,1.586,1.200,-1.185,0.0061,-1.861,nan,0.00,1,1,1,1,1,0.0000,0.667,0,0.359,2,0.157,3,1,yolo,123.5,yolo,0,0,0,0.000,0,-1,0
1785715104.169,9.245,-2.322,2.836,0.9862,0,-4.755,1.129,-11.267,0.3084,15.509,8.914,-3.870,1.000,25.000,14.000,0.0493,-0.0273,-0.236,-0.236,0.074,1.582,1.200,-1.193,0.0061,-1.758,nan,8.00,1,1,1,0,1,1.1163,0.900,1,0.304,4,0.139,0,0,yolo,123.5,yolo,0,0,0,0.000,0,-1,0
1785715104.206,9.798,-2.414,4.209,0.9845,0,-4.202,1.210,-12.000,0.2917,14.278,8.348,-3.760,1.000,25.000,14.000,-0.0000,-1.1420,-0.182,0.241,0.026,1.578,1.200,-1.203,0.0061,-1.681,nan,0.00,1,1,1,1,1,0.0000,0.417,0,0.367,4,0.140,0,0,yolo,120.4,yolo,1,1,0,0.000,0,-1,0
1785715104.246,9.798,-2.414,4.209,0.9845,0,-4.202,1.255,-12.000,0.3084,14.278,8.348,-3.760,1.000,25.000,14.000,-0.4226,0.0000,-0.182,-0.182,0.026,1.578,1.200,-1.159,0.0061,-1.681,nan,0.00,1,1,1,0,1,0.0000,0.833,0,0.367,4,0.140,0,0,yolo,120.4,yolo,1,1,0,0.000,0,-1,0
1785715104.277,10.290,-2.508,5.633,0.9830,0,-3.710,1.352,-13.500,0.3204,14.278,8.348,-3.760,1.000,25.000,14.000,-0.3652,-0.0575,-0.124,-0.124,-0.031,1.576,1.200,-1.155,0.0061,-1.582,nan,8.00,1,1,1,0,1,0.9590,0.800,1,0.292,3,0.135,0,0,yolo,120.4,yolo,1,1,0,0.000,0,-1,0
1785715104.308,10.650,-2.607,6.991,0.9818,0,-3.350,1.480,-15.000,0.3371,14.071,8.138,-4.012,1.000,25.000,14.000,-0.0000,2.0000,-0.077,0.476,-0.099,1.576,1.200,-1.127,0.0061,-1.796,nan,8.00,1,1,1,1,1,0.9590,0.800,1,0.292,3,0.135,0,0,yolo,133.2,yolo,1,1,0,0.000,0,-1,0
1785715104.343,10.650,-2.607,6.991,0.9818,0,-3.350,1.500,-16.500,0.3300,14.071,8.138,-4.012,1.000,25.000,14.000,-0.5528,0.0000,-0.077,-0.077,-0.099,1.576,1.200,-1.107,0.0061,-1.796,nan,8.00,1,1,1,0,1,0.9419,0.800,1,0.297,3,0.140,0,0,yolo,133.2,yolo,1,1,0,0.000,0,-1,0
1785715104.370,10.960,-2.734,8.529,0.9806,0,-3.040,1.664,-18.000,0.3235,14.071,8.138,-4.012,1.000,25.000,14.000,-0.5087,-0.0967,-0.033,-0.033,-0.196,1.578,1.200,-1.070,0.0061,-1.717,nan,8.00,1,1,1,0,1,0.9419,0.800,1,0.297,3,0.140,0,0,yolo,133.2,yolo,1,1,0,0.000,0,-1,0
1785715104.406,11.240,-2.932,10.588,0.9795,0,-2.760,1.927,-19.500,0.3151,14.071,8.138,-4.012,1.000,25.000,14.000,-0.4685,-0.2262,0.007,0.007,-0.325,1.582,1.200,-1.006,0.0061,-1.626,nan,8.00,1,1,1,0,1,0.9290,0.800,1,0.297,3,0.140,2,0,yolo,133.2,yolo,1,1,0,0.000,0,-1,0
1785715104.456,11.447,-3.121,12.620,0.9787,0,-2.553,2.203,-20.000,0.3318,13.890,7.716,-4.197,1.000,25.000,14.000,-0.0000,1.1786,0.040,0.717,-0.446,1.590,1.200,-0.918,0.0061,-1.822,nan,8.00,1,1,1,1,1,0.8399,0.750,1,0.357,3,0.162,0,0,yolo,130.5,yolo,1,1,0,0.000,0,-1,0
1785715104.494,11.631,-3.294,14.732,0.9778,0,-2.369,2.488,-20.000,0.3234,13.890,7.716,-4.197,1.000,25.000,14.000,-0.6441,-0.1429,0.073,0.073,-0.589,1.601,1.200,-0.806,0.0061,-1.753,nan,8.00,1,1,1,0,1,0.8150,0.750,1,0.357,3,0.162,0,0,yolo,130.5,yolo,1,1,0,0.000,0,-1,0
1785715104.526,11.774,-3.429,16.675,0.9772,0,-2.226,2.738,-20.000,0.3157,13.890,7.716,-4.197,1.000,25.000,14.000,-0.6131,-0.2801,0.104,0.104,-0.726,1.614,1.200,-0.691,0.0061,-1.699,nan,8.00,1,1,1,0,1,0.7963,0.750,1,0.357,3,0.162,0,0,yolo,130.5,yolo,1,1,0,0.000,0,-1,0
1785715104.556,11.774,-3.429,16.675,0.9772,0,-2.226,2.655,-20.000,0.3157,13.890,7.716,-4.197,1.000,25.000,14.000,-0.6131,-0.2801,0.104,0.104,-0.726,1.614,1.200,-0.774,0.0061,-1.699,nan,8.00,1,1,1,0,1,0.8123,0.667,1,0.375,2,0.150,0,0,yolo,130.5,yolo,1,1,0,0.000,0,-1,0
1785715104.590,11.907,-3.565,18.806,0.9766,0,-2.093,2.962,-20.000,0.3323,13.893,6.992,-4.301,1.000,25.000,14.000,-0.0000,1.9806,0.138,0.027,-0.862,1.631,1.200,-0.603,0.0061,-1.897,nan,8.00,1,1,1,1,1,0.8123,0.667,1,0.375,2,0.150,0,0,yolo,129.5,yolo,1,1,0,0.000,0,-1,0
1785715104.629,12.021,-3.668,20.951,0.9761,0,-1.979,3.242,-18.500,0.3275,13.893,6.992,-4.301,1.000,25.000,14.000,0.1447,-0.1357,0.171,0.171,-0.998,1.651,1.200,-0.426,0.0061,-1.857,nan,0.00,1,1,1,0,1,0.7152,0.292,1,0.382,1,0.265,0,0,yolo,129.5,yolo,1,1,0,0.000,0,-1,0
1785715104.655,12.021,-3.668,20.951,0.9761,0,-1.979,3.108,-17.000,0.3275,13.893,6.992,-4.301,1.000,25.000,14.000,0.1447,-0.1357,0.171,0.171,-0.998,1.651,1.200,-0.560,0.0061,-1.857,nan,0.00,1,1,1,0,1,0.7152,0.292,1,0.382,1,0.265,0,0,yolo,129.5,yolo,1,1,0,0.000,0,-1,0
1785715104.688,12.147,-3.685,22.831,0.9756,0,-1.853,3.339,-15.500,0.3200,13.893,6.992,-4.301,1.000,25.000,14.000,0.1906,-0.2875,0.217,0.217,-1.150,1.674,1.200,-0.347,0.0061,-1.835,nan,0.00,1,1,1,0,1,0.6061,0.292,1,0.382,1,0.265,3,0,yolo,129.5,yolo,1,1,0,0.000,0,-1,0
1785715104.714,12.267,-3.679,24.535,0.9752,0,-1.733,3.519,-14.000,0.3034,13.893,6.992,-4.301,1.000,25.000,14.000,0.2362,-0.4280,0.263,0.263,-1.290,1.699,1.200,-0.160,0.0061,-1.821,nan,0.00,1,1,1,0,1,0.0000,0.750,0,0.376,3,0.171,0,0,yolo,129.5,yolo,1,1,0,0.000,0,-1,0
1785715104.746,12.268,-3.679,24.552,0.9751,0,-1.732,3.345,-12.500,0.2867,14.056,6.246,-4.368,1.000,23.959,14.000,1.9159,1.5935,0.263,-0.233,-1.292,1.699,1.200,-0.334,0.0061,-2.033,nan,0.00,1,1,1,1,1,0.0000,0.750,0,0.376,3,0.171,0,0,yolo,150.0,yolo,1,1,0,0.000,0,-1,0
1785715104.777,12.399,-3.568,25.998,0.9748,0,-1.601,3.465,-12.000,0.2771,14.056,6.246,-4.368,1.000,23.959,14.000,0.5597,-0.1120,0.327,0.327,-1.404,1.726,1.200,-0.103,0.0061,-2.045,nan,0.00,1,1,1,0,1,0.0000,0.458,0,0.364,5,0.183,0,0,yolo,150.0,yolo,1,1,0,0.000,0,-1,0
1785715104.806,12.399,-3.568,25.998,0.9748,0,-1.601,3.291,-12.000,0.2771,14.056,6.246,-4.368,1.000,23.959,14.000,0.5597,-0.1120,0.327,0.327,-1.404,1.726,1.200,-0.277,0.0061,-2.045,nan,0.00,1,1,1,0,1,0.0000,0.458,0,0.364,5,0.183,0,0,yolo,150.0,yolo,1,1,0,0.000,0,-1,0
1785715104.844,12.506,-3.445,27.262,0.9745,0,-1.494,3.387,-12.000,0.2772,14.056,6.246,-4.368,1.000,23.959,14.000,0.6187,-0.1675,0.386,0.386,-1.459,1.752,1.200,-0.058,0.0061,-2.062,nan,0.00,1,1,1,0,1,0.0000,0.458,0,0.364,5,0.183,1,0,yolo,150.0,yolo,1,1,0,0.000,0,-1,0
1785715104.880,12.609,-3.338,28.667,0.9742,0,-1.391,3.488,-12.000,0.2772,13.410,4.923,-4.052,1.000,20.159,14.000,5.3359,0.1938,0.448,0.248,-1.479,1.780,1.200,0.150,0.0061,-2.094,nan,0.00,1,1,1,1,1,0.0000,0.833,0,0.360,4,0.196,2,0,yolo,139.2,yolo,1,1,0,0.000,0,-1,0
1785715104.912,12.609,-3.338,28.667,0.9742,0,-1.391,3.278,-12.000,0.2772,13.410,4.923,-4.052,1.000,20.159,14.000,0.1997,0.0000,0.448,0.448,-1.479,1.780,1.200,-0.060,0.0061,-2.094,nan,0.00,1,1,1,0,1,0.0000,0.750,0,0.356,3,0.205,1,0,yolo,139.2,yolo,1,1,0,0.000,0,-1,0
1785715104.945,12.710,-3.204,30.172,0.9740,0,-1.290,3.405,-12.000,0.2773,13.410,4.923,-4.052,1.000,20.159,14.000,0.2672,0.0122,0.515,0.515,-1.467,1.811,1.200,0.201,0.0061,-2.116,nan,0.00,1,1,1,0,1,0.5073,0.400,1,0.315,3,0.289,0,0,yolo,139.2,yolo,1,1,0,0.000,0,-1,0
1785715104.981,12.791,-3.098,31.515,0.9738,0,-1.209,3.464,-12.000,0.2774,13.410,4.923,-4.052,1.000,20.159,14.000,0.3279,0.0457,0.576,0.576,-1.434,1.838,1.200,0.366,0.0061,-2.133,nan,0.00,1,1,1,0,1,0.5073,0.400,1,0.315,3,0.289,2,0,yolo,139.2,yolo,1,1,0,0.000,0,-1,0
1785715105.015,12.791,-3.098,31.515,0.9738,0,-1.209,3.233,-12.000,0.2774,13.410,4.923,-4.052,1.000,20.159,14.000,0.3279,0.0457,0.576,0.576,-1.434,1.838,1.200,0.135,0.0061,-2.133,nan,0.00,1,1,1,0,1,0.5640,0.400,1,0.319,3,0.275,1,0,yolo,139.2,yolo,1,1,0,0.000,0,-1,0
1785715105.053,12.869,-2.978,32.927,0.9736,0,-1.131,3.339,-12.000,0.2774,13.410,4.923,-4.052,1.000,20.159,14.000,0.3915,0.0675,0.640,0.640,-1.412,1.867,1.200,0.361,0.0061,-2.154,nan,0.00,1,1,1,0,1,0.0000,0.800,0,0.318,3,0.278,0,0,yolo,139.2,yolo,1,1,0,0.000,0,-1,0
1785715105.091,12.937,-2.882,34.275,0.9734,0,-1.063,3.403,-12.000,0.2775,13.410,4.923,-4.052,1.000,20.159,14.000,0.4527,0.0715,0.701,0.701,-1.408,1.895,1.200,0.521,0.0061,-2.170,nan,0.00,1,1,1,0,1,0.0000,0.800,0,0.318,3,0.278,2,0,yolo,139.2,yolo,1,1,0,0.000,0,-1,0
1785715105.130,12.996,-2.781,35.558,0.9732,0,-1.004,3.426,-13.500,0.2775,13.410,4.923,-4.052,1.000,20.159,14.000,0.5108,0.0674,0.759,0.759,-1.412,1.922,1.200,0.646,0.0061,-2.188,nan,8.00,1,1,1,0,1,1.0714,0.800,1,0.297,3,0.693,0,0,yolo,139.2,yolo,1,1,0,0.000,0,-1,0
1785715105.167,13.042,-2.716,37.038,0.9731,0,-0.958,3.516,-15.000,0.2776,13.410,4.923,-4.052,1.000,20.159,14.000,0.5640,0.0602,0.812,0.812,-1.419,1.953,1.200,0.800,0.0061,-2.198,nan,8.00,1,1,1,0,1,1.0625,0.800,1,0.284,3,0.764,0,0,yolo,139.2,yolo,1,1,0,0.000,0,-1,0
1785715105.207,13.042,-2.716,37.038,0.9731,0,-0.958,3.241,-16.500,0.2776,13.410,4.923,-4.052,1.000,20.159,14.000,0.5640,0.0602,0.812,0.812,-1.419,1.953,1.200,0.524,0.0061,-2.198,nan,8.00,1,1,1,0,1,1.0558,0.800,1,0.284,3,0.764,0,0,yolo,139.2,yolo,1,1,0,0.000,0,-1,0
1785715105.238,13.083,-2.675,38.924,0.9730,0,-0.917,3.525,-18.000,0.2776,13.410,4.923,-4.052,1.000,20.159,14.000,0.6179,0.0508,0.866,0.866,-1.428,1.992,1.200,0.850,0.0061,-2.204,nan,8.00,1,1,1,0,1,1.0576,0.800,1,0.299,3,0.842,0,0,yolo,139.2,yolo,1,1,0,0.000,0,-1,0
1785715105.275,13.096,-2.710,40.746,0.9729,0,0.583,3.797,-16.500,0.2776,11.523,-0.153,-2.087,1.000,-0.762,-8.593,-0.0000,-0.0000,0.898,0.898,-1.437,2.029,1.200,1.087,0.0061,-1.521,nan,0.00,1,1,1,1,1,0.0000,0.700,0,0.291,2,0.849,0,0,yolo,132.1,yolo,1,1,0,0.000,0,-1,0
1785715105.318,12.949,-2.687,42.424,0.9735,0,2.083,3.959,-15.000,0.2774,11.523,-0.153,-2.087,1.000,-0.762,-8.875,-0.0000,-0.0000,0.936,0.936,-1.445,2.066,1.200,1.272,0.0061,-1.526,nan,0.00,1,1,1,1,1,0.0000,0.700,0,0.291,2,0.849,0,0,yolo,132.1,yolo,1,1,0,0.000,0,-1,0
1785715105.361,12.643,-2.579,43.947,0.9748,0,3.583,3.993,-13.500,0.2771,11.523,-0.153,-2.087,1.000,-0.762,-9.260,-0.0000,-0.0000,0.988,0.988,-1.454,2.102,1.200,1.414,0.0061,-1.550,nan,0.00,1,1,1,1,1,0.0000,0.746,0,0.247,2,0.847,0,0,yolo,132.1,yolo,1,1,0,0.000,0,-1,0
1785715105.397,12.643,-2.579,43.947,0.9748,0,5.083,3.645,-12.000,0.2771,11.523,-0.153,-2.087,1.000,-0.762,-9.260,-0.0000,-0.0000,0.988,0.988,-1.454,2.102,1.200,1.066,0.0061,-1.550,nan,0.00,1,1,1,1,1,0.0000,0.746,0,0.247,2,0.847,1,0,yolo,132.1,yolo,1,1,0,0.000,0,-1,0
1785715105.432,12.153,-2.419,45.433,0.9767,0,6.583,3.715,-10.500,0.2765,11.523,-0.153,-2.087,1.000,-0.762,-9.709,-0.0000,-0.0000,1.048,1.048,-1.464,2.137,1.200,1.296,0.0061,-1.584,nan,0.00,1,1,1,1,1,0.0000,0.743,0,0.244,2,0.827,3,0,yolo,132.1,yolo,1,1,0,0.000,0,-1,0
1785715105.457,11.591,-2.274,46.702,0.9788,0,8.083,3.692,-9.000,0.2759,11.523,-0.153,-2.087,1.000,-0.762,-10.133,-0.0000,-0.0000,1.106,1.106,-1.474,2.168,1.200,1.418,0.0061,-1.617,nan,0.00,1,1,1,1,1,0.0000,0.722,0,0.227,2,0.829,0,0,yolo,132.1,yolo,1,1,0,0.000,0,-1,0
1785715105.489,11.591,-2.274,46.702,0.9788,0,9.583,3.393,-7.500,0.2759,13.034,-0.421,-2.368,1.000,-1.849,-14.000,1.4839,1.6093,1.106,0.875,-1.474,2.168,1.200,1.118,0.0061,-1.885,nan,0.00,1,1,1,1,1,0.0000,0.722,0,0.227,2,0.829,0,0,yolo,226.8,yolo,1,1,0,0.000,0,-1,0
1785715105.520,10.671,-2.049,47.616,0.9821,0,11.083,3.264,-6.000,0.2750,13.034,-0.421,-2.368,1.000,-1.849,-13.884,0.3039,-0.0091,1.179,1.179,-1.483,2.191,1.200,1.215,0.0061,-1.937,nan,0.00,1,1,1,0,1,0.0000,0.583,0,0.208,1,0.810,0,0,yolo,226.8,yolo,1,1,0,0.000,0,-1,0
1785715105.548,9.714,-1.828,48.288,0.9852,0,12.583,3.040,-4.500,0.2742,13.034,-0.421,-2.368,1.000,-1.849,-14.000,0.3735,-0.0177,1.248,1.248,-1.491,2.207,1.200,1.212,0.0061,-1.988,nan,0.00,1,1,1,0,1,0.0000,0.583,0,0.208,1,0.810,0,0,yolo,226.8,yolo,1,1,0,0.000,0,-1,0
1785715105.589,8.525,-1.616,48.735,0.9886,0,14.083,2.751,-3.000,0.2732,13.034,-0.421,-2.368,1.000,-1.849,-14.000,0.4466,-0.0253,1.321,1.321,-1.499,2.217,1.200,1.135,0.0061,-2.035,nan,0.00,1,1,1,0,1,0.0000,0.522,0,0.147,2,0.822,0,0,yolo,226.8,yolo,1,1,0,0.000,0,-1,0
1785715105.629,7.127,-1.377,48.998,0.9920,0,15.583,2.381,-1.500,0.2723,12.608,-1.054,-2.055,1.000,-4.780,-14.000,3.8707,-1.0149,1.400,1.337,-1.506,2.221,1.200,1.004,0.0061,-1.866,nan,0.00,1,1,1,1,1,0.0000,0.522,0,0.147,2,0.822,0,0,yolo,145.0,yolo,1,1,0,0.000,0,-1,0
1785715105.659,5.453,-1.136,49.156,0.9953,0,17.083,1.981,0.000,0.2714,12.608,-1.054,-2.055,1.000,-4.780,-14.000,0.1436,-0.0054,1.481,1.481,-1.511,2.219,1.200,0.845,0.0061,-1.895,nan,0.00,1,1,1,0,1,0.0000,0.520,0,0.145,2,0.809,0,0,yolo,145.0,yolo,1,1,0,0.000,0,-1,0
1785715105.690,5.453,-1.136,49.156,0.9953,0,18.583,1.892,1.500,0.2714,12.608,-1.054,-2.055,1.000,-4.780,-14.000,0.1436,-0.0054,1.481,1.481,-1.511,2.219,1.200,0.756,0.0061,-1.895,nan,0.00,1,1,1,0,1,0.0000,0.520,0,0.145,2,0.809,0,0,yolo,145.0,yolo,1,1,0,0.000,0,-1,0
1785715105.728,3.513,-0.914,49.166,0.9980,0,17.513,1.491,3.000,0.2706,12.608,-1.054,-2.055,1.000,-4.780,-14.000,0.2212,-0.0095,1.558,1.558,-1.515,2.210,1.200,0.577,0.0061,-1.914,nan,0.00,1,1,1,0,1,0.0000,0.631,0,0.151,3,0.791,0,0,yolo,145.0,yolo,1,1,0,0.000,0,-1,0
1785715105.768,1.556,-0.734,48.936,0.9995,0,16.013,1.059,4.500,0.2702,12.608,-1.054,-2.055,1.000,-4.780,-14.000,0.2894,-0.0112,1.626,1.626,-1.517,2.192,1.200,0.325,0.0061,-1.921,nan,0.00,1,1,1,0,1,0.0000,0.631,0,0.151,3,0.791,0,0,yolo,145.0,yolo,1,1,0,0.000,0,-1,0
1785715105.798,-0.103,-0.617,48.465,0.9999,0,14.513,0.547,6.000,0.2702,10.028,-3.156,-0.566,1.000,-17.470,-14.000,-0.0000,-0.0000,1.680,1.680,-1.517,2.166,1.235,-0.070,0.0061,-0.452,nan,0.00,1,1,1,1,1,0.0000,0.442,0,0.178,1,0.768,0,0,yolo,145.1,yolo,1,1,0,0.000,0,-1,0
1785715105.824,-1.508,-0.566,47.927,0.9996,0,13.013,0.217,7.500,0.2703,10.028,-3.156,-0.566,1.000,-17.470,-14.000,0.0390,0.0008,1.719,1.719,-1.516,2.136,1.238,-0.349,0.0062,-0.383,nan,0.00,1,1,1,0,1,0.0000,0.442,0,0.178,1,0.768,0,0,yolo,145.1,yolo,1,1,0,0.000,0,-1,0
1785715105.866,-2.731,-0.564,47.296,0.9988,0,11.513,-0.048,9.000,0.2705,10.028,-3.156,-0.566,1.000,-17.470,-14.000,0.0683,0.0018,1.749,1.749,-1.515,2.104,1.241,-0.612,0.0062,-0.316,nan,0.00,1,1,1,0,1,0.0000,0.442,0,0.178,1,0.768,1,0,yolo,145.1,yolo,1,1,0,0.000,0,-1,0
1785715105.892,-2.731,-0.564,47.296,0.9988,0,11.269,0.268,10.500,0.2706,10.080,-3.256,-0.652,1.000,-17.900,-14.000,2.2695,2.0000,1.749,1.791,-1.515,2.104,1.207,-0.296,0.0062,-0.397,nan,0.00,1,1,1,1,1,0.0000,0.445,0,0.181,1,0.747,0,0,yolo,115.8,yolo,1,1,0,0.000,0,-1,0
1785715105.929,-4.392,-0.611,45.784,0.9970,0,9.769,-0.421,12.000,0.2711,10.080,-3.256,-0.652,1.000,-17.900,-14.000,-0.0032,0.0017,1.788,1.788,-1.514,2.037,1.208,-1.032,0.0063,-0.293,nan,0.00,1,1,1,0,1,0.0000,0.445,0,0.181,1,0.747,1,0,yolo,115.8,yolo,1,1,0,0.000,0,-1,0
1785715105.969,-5.572,-0.779,44.454,0.9952,0,8.428,-0.711,12.000,0.2716,10.080,-3.256,-0.652,1.000,-17.900,-14.000,0.0163,0.0029,1.807,1.807,-1.512,1.977,1.208,-1.490,0.0063,-0.196,nan,0.00,1,1,1,0,1,0.0000,0.445,0,0.181,1,0.742,0,0,yolo,115.8,yolo,1,1,0,0.000,0,-1,0
1785715106.000,-5.572,-0.779,44.454,0.9952,0,8.428,-0.287,12.000,0.2716,10.080,-3.256,-0.652,1.000,-17.900,-14.000,0.0163,0.0029,1.807,1.807,-1.512,1.977,1.208,-1.066,0.0063,-0.196,nan,0.00,1,1,1,0,1,0.0000,0.572,0,0.197,1,0.739,0,0,yolo,115.8,yolo,1,1,0,0.000,0,-1,0
1785715106.029,-6.444,-0.915,43.337,0.9936,0,7.556,-0.474,12.000,0.2721,10.051,-3.316,-0.726,1.000,-18.260,-14.000,0.4729,-0.0514,1.813,1.634,-1.512,1.929,1.200,-1.389,0.0063,-0.189,nan,0.00,1,1,1,1,1,0.0000,0.572,0,0.197,1,0.739,0,0,yolo,116.8,yolo,1,1,0,0.000,0,-1,0
1785715106.068,-7.237,-1.091,42.228,0.9919,0,6.763,-0.560,12.000,0.2726,10.051,-3.316,-0.726,1.000,-18.260,-14.000,0.1759,-0.0003,1.810,1.810,-1.512,1.882,1.200,-1.651,0.0063,-0.111,nan,0.00,1,1,1,0,1,0.0000,0.574,0,0.199,1,0.730,0,0,yolo,116.8,yolo,1,1,0,0.000,0,-1,0
1785715106.094,-7.862,-1.266,41.250,0.9904,0,6.138,-0.512,12.000,0.2730,10.051,-3.316,-0.726,1.000,-18.260,-14.000,0.1669,-0.0010,1.801,1.801,-1.513,1.842,1.200,-1.778,0.0063,-0.044,nan,0.00,1,1,1,0,1,0.0000,0.574,0,0.199,1,0.724,0,0,yolo,116.8,yolo,1,1,0,0.000,0,-1,0
1785715106.125,-7.862,-1.266,41.250,0.9904,0,6.138,-0.097,12.000,0.2730,10.007,-3.261,-0.779,1.000,-18.051,-14.000,-0.2728,0.4541,1.801,1.378,-1.513,1.842,1.200,-1.363,0.0064,-0.104,nan,0.00,1,1,1,1,1,0.0000,0.572,0,0.197,1,0.713,0,0,yolo,113.9,yolo,1,1,0,0.000,0,-1,0
1785715106.156,-8.443,-1.454,40.239,0.9888,0,5.557,-0.146,12.000,0.2734,10.007,-3.261,-0.779,1.000,-18.051,-14.000,0.4088,-0.0012,1.786,1.786,-1.514,1.802,1.200,-1.600,0.0064,-0.038,nan,0.00,1,1,1,0,1,0.0000,0.572,0,0.197,1,0.713,0,0,yolo,113.9,yolo,1,1,0,0.000,0,-1,0
1785715106.191,-9.049,-1.643,39.058,0.9871,0,4.951,-0.199,12.000,0.2728,10.007,-3.261,-0.779,1.000,-18.051,-14.000,0.3856,-0.0031,1.763,1.763,-1.516,1.759,1.200,-1.842,0.0064,0.031,nan,0.00,1,1,1,0,1,0.0000,0.349,0,0.206,2,0.701,0,0,yolo,113.9,yolo,1,1,0,0.000,0,-1,0
1785715106.234,-9.568,-1.850,37.915,0.9856,0,4.432,-0.150,12.000,0.2711,10.007,-3.261,-0.779,1.000,-18.051,-14.000,0.3571,-0.0049,1.735,1.735,-1.518,1.719,1.200,-2.000,0.0064,0.097,nan,0.00,1,1,1,0,1,0.0000,0.349,0,0.206,2,0.701,0,0,yolo,113.9,yolo,1,1,0,0.000,0,-1,0
1785715106.267,-10.030,-2.045,36.885,0.9841,0,3.970,-0.434,12.000,0.2747,10.729,-3.075,-0.940,1.000,-15.992,-14.000,-2.8927,0.7772,1.707,1.021,-1.520,1.685,1.367,-2.479,0.0064,-0.006,nan,0.00,1,1,1,1,1,0.0000,0.352,0,0.212,2,0.704,0,0,yolo,124.2,yolo,1,1,0,0.000,0,-1,0
1785715106.296,-10.415,-2.284,35.805,0.9827,0,3.585,-0.216,12.000,0.2733,10.729,-3.075,-0.940,1.000,-15.992,-14.000,0.6514,-0.0002,1.673,1.673,-1.520,1.652,1.367,-2.500,0.0063,0.060,nan,0.00,1,1,1,0,1,0.0000,0.352,0,0.212,2,0.704,0,0,yolo,124.2,yolo,1,1,0,0.000,0,-1,0
1785715106.332,-10.415,-2.284,35.805,0.9827,0,3.585,0.115,12.000,0.2733,10.729,-3.075,-0.940,1.000,-15.992,-14.000,0.6514,-0.0002,1.673,1.673,-1.520,1.652,1.367,-2.169,0.0063,0.060,nan,0.00,1,1,1,0,1,0.0000,0.357,0,0.221,2,0.685,0,0,yolo,124.2,yolo,1,1,0,0.000,0,-1,0
1785715106.372,-10.765,-2.475,34.678,0.9815,0,3.235,0.156,12.000,0.2719,10.729,-3.075,-0.940,1.000,-15.992,-14.000,0.6121,-0.0000,1.634,1.634,-1.520,1.621,1.367,-2.319,0.0063,0.115,nan,0.00,1,1,1,0,1,0.0000,0.357,0,0.221,2,0.685,0,0,yolo,124.2,yolo,1,1,0,0.000,0,-1,0
1785715106.404,-11.094,-2.690,33.476,0.9802,0,2.906,0.190,12.000,0.2758,11.133,-2.751,-1.022,1.000,-13.880,-14.000,-3.0775,0.4940,1.588,0.611,-1.518,1.590,1.543,-2.500,0.0063,0.049,nan,0.00,1,1,1,1,1,0.0000,0.725,0,0.230,2,0.684,0,0,yolo,134.5,yolo,1,1,0,0.000,0,-1,0
1785715106.435,-11.094,-2.690,33.476,0.9802,0,2.906,0.190,12.000,0.2743,11.133,-2.751,-1.022,1.000,-13.880,-14.000,0.9768,0.0000,1.588,1.588,-1.518,1.590,1.543,-2.500,0.0063,0.049,nan,0.00,1,1,1,0,1,0.0000,0.725,0,0.230,2,0.684,0,0,yolo,134.5,yolo,1,1,0,0.000,0,-1,0
1785715106.475,-11.377,-2.904,32.286,0.9791,0,2.623,0.404,12.000,0.2729,11.133,-2.751,-1.022,1.000,-13.880,-14.000,0.9261,0.0017,1.537,1.537,-1.516,1.562,1.543,-2.500,0.0063,0.105,nan,0.00,1,1,1,0,1,0.0000,0.431,0,0.240,3,0.711,0,0,yolo,134.5,yolo,1,1,0,0.000,0,-1,0
1785715106.511,-11.673,-3.138,31.023,0.9779,0,2.327,0.638,12.000,0.2714,11.133,-2.751,-1.022,1.000,-13.880,-14.000,0.8698,0.0014,1.481,1.481,-1.516,1.536,1.543,-2.500,0.0063,0.166,nan,0.00,1,1,1,0,1,0.0000,0.431,0,0.240,3,0.711,0,0,yolo,134.5,yolo,1,1,0,0.000,0,-1,0
1785715106.552,-11.924,-3.358,29.507,0.9767,0,0.827,0.858,10.609,0.2718,11.253,-2.108,-0.951,1.000,-10.609,-7.396,-4.8177,0.0045,1.409,0.677,-1.513,1.510,1.816,-2.500,0.0063,0.165,nan,0.00,1,1,1,1,1,0.0000,0.800,0,0.281,3,0.769,0,0,yolo,147.5,yolo,1,1,0,0.000,0,-1,0
1785715106.578,-11.924,-3.358,29.507,0.9767,0,2.076,0.858,10.609,0.2716,11.253,-2.108,-0.951,1.000,-10.609,-14.000,0.7315,0.0000,1.409,1.409,-1.513,1.510,1.816,-2.500,0.0063,0.165,nan,0.00,1,1,1,0,1,0.0000,0.800,0,0.281,3,0.769,0,0,yolo,147.5,yolo,1,1,0,0.000,0,-1,0
1785715106.612,-12.146,-3.508,28.241,0.9758,0,1.854,1.008,10.609,0.2709,11.253,-2.108,-0.951,1.000,-10.609,-14.000,0.6534,0.0038,1.330,1.330,-1.510,1.495,1.816,-2.500,0.0062,0.203,nan,0.00,1,1,1,0,1,0.0000,0.800,0,0.281,3,0.769,3,0,yolo,147.5,yolo,1,1,0,0.000,0,-1,0
1785715106.653,-12.322,-3.644,27.003,0.9750,0,1.678,1.144,10.609,0.2703,11.253,-2.108,-0.951,1.000,-10.609,-14.000,0.5770,0.0107,1.254,1.254,-1.503,1.482,1.816,-2.500,0.0062,0.237,nan,0.00,1,1,1,0,1,0.0000,0.350,0,0.283,2,0.803,0,0,yolo,147.5,yolo,1,1,0,0.000,0,-1,0
1785715106.694,-12.322,-3.644,27.003,0.9750,0,0.178,1.144,9.109,0.2771,11.207,-1.492,-0.844,1.000,-7.584,-6.917,-3.5501,0.1761,1.254,0.762,-1.503,1.482,2.068,-2.500,0.0062,0.208,nan,0.00,1,1,1,1,1,0.0000,0.350,0,0.283,2,0.803,2,0,yolo,154.7,yolo,1,1,0,0.000,0,-1,0
1785715106.730,-12.457,-3.759,25.848,0.9744,0,1.543,1.259,7.609,0.2705,11.207,-1.492,-0.844,1.000,-7.584,-14.000,0.4212,0.0096,1.183,1.183,-1.493,1.473,2.068,-2.500,0.0062,0.234,nan,0.00,1,1,1,0,1,0.0000,0.350,0,0.286,2,0.798,0,0,yolo,154.7,yolo,1,1,0,0.000,0,-1,0
1785715106.767,-12.596,-3.785,25.047,0.9738,0,1.404,1.285,7.584,0.2709,11.207,-1.492,-0.844,1.000,-7.584,-14.000,0.3400,0.0218,1.102,1.102,-1.481,1.474,2.068,-2.500,0.0061,0.243,nan,0.00,1,1,1,0,1,0.0000,0.400,0,0.290,3,0.802,0,0,yolo,154.7,yolo,1,1,0,0.000,0,-1,0
1785715106.807,-12.716,-3.804,24.304,0.9733,0,-0.096,1.304,6.084,0.2775,11.111,-1.056,-0.775,1.000,-5.429,4.053,-4.1786,0.2861,1.021,0.427,-1.470,1.476,2.200,-2.500,0.0061,0.214,nan,0.00,1,1,1,1,1,0.0000,0.800,0,0.290,3,0.802,0,0,yolo,123.8,yolo,1,1,0,0.000,0,-1,0
1785715106.844,-12.716,-3.804,24.304,0.9733,0,1.284,1.304,5.429,0.2709,11.111,-1.056,-0.775,1.000,-5.429,-14.000,0.5938,0.0000,1.021,1.021,-1.470,1.476,2.200,-2.500,0.0061,0.214,nan,0.00,1,1,1,0,1,0.0000,0.350,0,0.290,2,0.779,0,0,yolo,123.8,yolo,1,1,0,0.000,0,-1,0
1785715106.884,-12.656,-3.802,23.645,0.9736,0,1.344,1.302,5.429,0.2712,11.111,-1.056,-0.775,1.000,-5.429,-14.000,0.5090,0.0083,0.936,0.936,-1.462,1.480,2.200,-2.500,0.0061,0.213,nan,0.00,1,1,1,0,1,0.0000,0.700,0,0.290,2,0.779,0,0,yolo,123.8,yolo,1,1,0,0.000,0,-1,0
1785715106.914,-12.813,-3.771,23.053,0.9730,0,1.187,1.271,5.429,0.2719,11.111,-1.056,-0.775,1.000,-5.429,-14.000,0.4165,0.0180,0.844,0.844,-1.452,1.488,2.200,-2.500,0.0061,0.210,nan,0.00,1,1,1,0,1,0.0000,0.800,0,0.295,3,0.785,0,0,yolo,123.8,yolo,1,1,0,0.000,0,-1,0
1785715106.946,-12.908,-3.754,22.502,0.9726,0,1.092,1.254,5.429,0.2724,11.111,-1.056,-0.775,1.000,-5.429,-14.000,0.3333,0.0262,0.760,0.760,-1.444,1.495,2.200,-2.500,0.0060,0.209,nan,0.00,1,1,1,0,1,0.0000,0.800,0,0.295,3,0.785,0,0,yolo,123.8,yolo,1,1,0,0.000,0,-1,0
1785715106.981,-12.908,-3.754,22.502,0.9726,0,-0.408,1.254,3.929,0.2706,10.914,-0.634,-0.663,1.000,-3.323,1.419,-2.4072,-0.0113,0.760,0.294,-1.444,1.495,2.200,-2.500,0.0060,0.211,nan,0.00,1,1,1,1,1,0.0000,0.800,0,0.295,3,0.785,1,0,yolo,151.4,yolo,1,1,0,0.000,0,-1,0
1785715107.023,-12.997,-3.742,21.931,0.9723,0,1.003,1.242,3.323,0.2716,10.914,-0.634,-0.663,1.000,-3.323,-14.000,0.3816,0.0075,0.676,0.676,-1.436,1.502,2.200,-2.500,0.0060,0.210,nan,0.00,1,1,1,0,1,0.0000,0.600,0,0.296,1,0.781,0,0,yolo,151.4,yolo,1,1,0,0.000,0,-1,0
1785715107.053,-13.108,-3.664,21.542,0.9720,0,0.892,1.164,3.323,0.2725,10.914,-0.634,-0.663,1.000,-3.323,-14.000,0.2738,0.0165,0.568,0.568,-1.427,1.514,2.200,-2.500,0.0060,0.196,nan,0.00,1,1,1,0,1,0.0000,0.600,0,0.311,1,0.719,0,0,yolo,151.4,yolo,1,1,0,0.000,0,-1,0
1785715107.085,-13.189,-3.607,21.225,0.9717,0,-0.608,1.107,1.823,0.2558,10.552,-0.233,-0.484,1.000,-1.263,14.000,-3.7951,-0.5003,0.476,-0.214,-1.418,1.524,2.200,-2.500,0.0060,0.246,nan,0.00,1,1,1,1,1,0.0000,0.600,0,0.311,1,0.719,0,0,yolo,118.1,yolo,1,1,0,0.000,0,-1,0
1785715107.114,-13.189,-3.607,21.225,0.9717,0,-2.108,1.107,1.263,0.2702,10.552,-0.233,-0.484,1.000,-1.263,-10.479,0.6900,0.0000,0.476,0.476,-1.418,1.524,2.200,-2.500,0.0059,0.246,nan,0.00,1,1,1,0,1,0.0000,0.700,0,0.298,2,0.668,0,0,yolo,118.1,yolo,1,1,0,0.000,0,-1,0
1785715107.147,-12.898,-3.514,21.048,0.9729,0,-3.608,1.014,1.263,0.2709,10.552,-0.233,-0.484,1.000,-1.263,-9.035,0.5800,0.0099,0.366,0.366,-1.408,1.535,2.200,-2.500,0.0059,0.228,nan,0.00,1,1,1,0,1,0.0000,0.700,0,0.298,2,0.668,0,0,yolo,118.1,yolo,1,1,0,0.000,0,-1,0
1785715107.184,-12.898,-3.514,21.048,0.9729,0,-3.863,1.014,2.763,0.2708,10.552,-0.233,-0.484,1.000,-1.263,-9.035,0.5800,0.0099,0.366,0.366,-1.408,1.535,2.200,-2.500,0.0059,0.228,nan,-8.00,1,1,1,0,1,-1.2547,0.600,1,0.251,1,0.632,0,0,yolo,118.1,yolo,1,1,0,0.000,0,-1,0
1785715107.226,-12.421,-3.407,20.909,0.9749,0,-4.999,0.907,4.263,0.2714,10.552,-0.233,-0.484,1.000,-1.263,-7.422,0.4572,0.0199,0.243,0.243,-1.398,1.547,2.200,-2.500,0.0059,0.205,nan,-8.00,1,1,1,0,1,-1.2547,0.600,1,0.251,1,0.632,0,0,yolo,118.1,yolo,1,1,0,0.000,0,-1,0
1785715107.258,-11.949,-3.351,20.565,0.9767,0,-6.499,0.851,5.763,0.2548,10.257,0.158,-0.271,1.000,0.881,14.000,-2.3025,-0.5845,0.140,-0.407,-1.389,1.557,2.148,-2.500,0.0058,0.302,nan,-8.00,1,1,1,1,1,-1.2527,0.600,1,0.256,1,0.666,0,0,yolo,175.7,yolo,1,1,0,0.000,0,-1,0
1785715107.289,-11.174,-3.376,19.953,0.9793,0,-7.999,0.876,7.119,0.2671,10.257,0.158,-0.271,1.000,0.881,-0.521,0.4585,0.0221,0.051,0.051,-1.367,1.565,2.142,-2.500,0.0058,0.308,nan,-8.00,1,1,1,0,1,-1.2734,0.700,1,0.261,2,0.682,0,0,yolo,175.7,yolo,1,1,0,0.000,0,-1,0
1785715107.320,-11.174,-3.376,19.953,0.9793,0,-9.499,0.876,7.119,0.2670,10.257,0.158,-0.271,1.000,0.881,-0.521,0.4585,0.0221,0.051,0.051,-1.367,1.565,2.142,-2.500,0.0058,0.308,nan,-8.00,1,1,1,0,1,-1.2890,0.700,1,0.261,2,0.682,0,0,yolo,175.7,yolo,1,1,0,0.000,0,-1,0
1785715107.351,-10.148,-3.423,19.103,0.9826,0,-10.774,0.923,5.619,0.2670,10.257,0.158,-0.271,1.000,0.881,0.626,0.3728,0.0484,-0.034,-0.034,-1.340,1.575,2.131,-2.500,0.0057,0.319,nan,0.00,1,1,1,0,1,0.0000,0.721,0,0.225,2,0.714,0,0,yolo,175.7,yolo,1,1,0,0.000,0,-1,0
1785715107.382,-8.899,-3.419,18.528,0.9862,0,-10.601,0.919,4.119,0.2670,10.257,0.158,-0.271,1.000,0.881,1.702,0.2923,0.0713,-0.115,-0.115,-1.317,1.585,2.130,-2.500,0.0057,0.320,nan,0.00,1,1,1,0,1,0.0000,0.738,0,0.240,2,0.737,0,0,yolo,175.7,yolo,1,1,0,0.000,0,-1,0
1785715107.412,-8.899,-3.419,18.528,0.9862,0,-12.101,0.919,2.619,0.2503,9.872,0.465,-0.016,1.000,2.695,14.000,-2.3444,-1.3552,-0.115,-0.412,-1.317,1.585,1.949,-2.500,0.0057,0.501,nan,0.00,1,1,1,1,1,0.0000,0.738,0,0.240,2,0.737,0,0,yolo,137.2,yolo,1,1,0,0.000,0,-1,0
1785715107.444,-7.543,-3.384,18.020,0.9896,0,-13.601,0.884,1.119,0.2585,9.872,0.465,-0.016,1.000,2.695,7.314,0.2191,0.0300,-0.192,-0.192,-1.287,1.596,1.944,-2.500,0.0056,0.506,nan,0.00,1,1,1,0,1,0.0000,0.725,0,0.229,2,0.751,0,0,yolo,137.2,yolo,1,1,0,0.000,0,-1,0
1785715107.482,-6.061,-3.298,17.937,0.9928,0,-14.400,0.798,-0.381,0.2592,9.872,0.465,-0.016,1.000,2.695,8.339,0.1441,0.0645,-0.267,-0.267,-1.253,1.604,1.947,-2.500,0.0056,0.503,nan,0.00,1,1,1,0,1,0.0000,0.303,0,0.230,1,0.762,0,0,yolo,137.2,yolo,1,1,0,0.000,0,-1,0
1785715107.507,-6.061,-3.298,17.937,0.9928,0,-14.400,0.798,-1.881,0.2592,9.872,0.465,-0.016,1.000,2.695,8.339,0.1441,0.0645,-0.267,-0.267,-1.253,1.604,1.947,-2.500,0.0055,0.503,nan,0.00,1,1,1,0,1,0.0000,0.303,0,0.230,1,0.762,0,0,yolo,137.2,yolo,1,1,0,0.000,0,-1,0
1785715107.544,-4.370,-3.204,17.972,0.9955,0,-13.681,0.704,-2.695,0.2603,9.872,0.465,-0.016,1.000,2.695,9.312,0.0729,0.1034,-0.339,-0.339,-1.214,1.611,1.950,-2.500,0.0055,0.500,nan,0.00,1,1,1,0,1,0.0000,0.303,0,0.230,1,0.762,3,0,yolo,137.2,yolo,1,1,0,0.000,0,-1,0
1785715107.574,-2.832,-3.111,18.258,0.9973,0,-15.181,1.175,-4.143,0.2436,9.422,0.683,0.311,1.000,4.143,14.000,-1.1906,-1.4363,-0.398,-0.614,-1.174,1.614,1.663,-1.936,0.0054,0.787,nan,0.00,1,1,1,1,1,0.0000,0.220,0,0.175,1,0.766,0,0,yolo,172.2,yolo,1,1,0,0.000,0,-1,0
1785715107.600,-2.832,-3.111,18.258,0.9973,0,-15.719,1.120,-4.143,0.2463,9.422,0.683,0.311,1.000,4.143,12.887,0.2159,0.0000,-0.398,-0.398,-1.174,1.614,1.663,-1.991,0.0053,0.787,nan,0.00,1,1,1,0,1,0.0000,0.440,0,0.175,1,0.766,0,0,yolo,172.2,yolo,1,1,0,0.000,0,-1,0
1785715107.629,-1.021,-2.965,18.715,0.9985,0,-14.652,0.957,-4.143,0.2483,9.422,0.683,0.311,1.000,4.143,13.632,0.1628,0.0498,-0.451,-0.451,-1.124,1.616,1.665,-2.008,0.0052,0.785,nan,0.00,1,1,1,0,1,0.0000,0.432,0,0.165,1,0.779,0,0,yolo,172.2,yolo,1,1,0,0.000,0,-1,0
1785715107.661,0.839,-2.843,19.202,0.9987,0,-13.161,0.808,-4.143,0.2505,9.422,0.683,0.311,1.000,4.143,14.000,0.1283,0.1024,-0.486,-0.486,-1.072,1.617,1.662,-2.036,0.0051,0.788,nan,0.00,1,1,1,0,1,0.0000,0.631,0,0.151,3,0.788,0,0,yolo,172.2,yolo,1,1,0,0.000,0,-1,0
1785715107.685,0.839,-2.843,19.202,0.9987,0,-13.161,0.784,-4.143,0.2504,9.422,0.683,0.311,1.000,4.143,14.000,0.1283,0.1024,-0.486,-0.486,-1.072,1.617,1.662,-2.059,0.0051,0.788,nan,0.00,1,1,1,0,1,0.0000,0.355,0,0.069,2,0.814,0,0,yolo,172.2,yolo,1,1,0,0.000,0,-1,0
1785715107.723,2.451,-2.762,19.656,0.9979,0,-11.661,0.680,-4.143,0.2527,9.422,0.683,0.311,1.000,4.143,14.000,0.1160,0.1551,-0.498,-0.498,-1.019,1.615,1.657,-2.082,0.0050,0.793,nan,0.00,1,1,1,0,1,0.0000,0.355,0,0.069,2,0.814,0,0,yolo,172.2,yolo,1,1,0,0.000,0,-1,0
1785715107.775,2.451,-2.762,19.656,0.9979,0,-11.549,1.338,-5.643,0.2360,8.825,0.940,0.594,1.000,6.082,14.000,-1.4928,-1.3238,-0.498,-0.723,-1.019,1.615,1.391,-1.423,0.0050,1.058,nan,0.00,1,1,1,1,1,0.0000,0.253,0,0.046,1,0.860,0,0,yolo,171.3,yolo,1,1,0,0.000,0,-1,0
1785715107.818,4.010,-2.699,20.163,0.9964,0,-10.049,1.270,-6.082,0.2404,8.825,0.940,0.594,1.000,6.082,14.000,0.2320,0.0611,-0.491,-0.491,-0.958,1.612,1.376,-1.428,0.0050,1.073,nan,0.00,1,1,1,0,0,0.0000,0.000,0,0.000,0,0.000,0,0,yolo,171.3,yolo,1,1,0,0.000,0,-1,0
1785715107.850,5.441,-2.583,20.818,0.9945,0,-8.559,1.121,-6.082,0.2442,8.825,0.940,0.594,1.000,6.082,14.000,0.2477,0.1378,-0.476,-0.476,-0.881,1.608,1.372,-1.462,0.0050,1.077,nan,0.00,1,1,1,0,0,0.0000,0.000,0,0.000,0,0.000,0,0,yolo,171.3,yolo,1,1,0,0.000,0,-1,0
1785715107.880,6.466,-2.523,21.537,0.9927,0,-7.534,1.020,-6.082,0.2478,8.825,0.940,0.594,1.000,6.082,14.000,0.2792,0.2106,-0.444,-0.444,-0.808,1.603,1.365,-1.503,0.0050,1.084,nan,0.00,1,1,1,0,0,0.0000,0.000,0,0.000,0,0.000,1,0,yolo,171.3,yolo,1,1,0,0.000,0,-1,0
1785715107.909,6.466,-2.523,21.537,0.9927,0,-7.534,1.462,-7.582,0.2311,8.350,1.136,0.783,1.000,7.745,14.000,-1.8178,-1.4160,-0.444,-0.747,-0.808,1.603,1.200,-1.061,0.0050,1.273,nan,0.00,1,1,1,1,0,0.0000,0.000,0,0.000,0,0.000,0,0,yolo,164.7,yolo,1,1,0,0.000,0,-1,0
1785715107.944,7.315,-2.483,22.153,0.9909,0,-6.685,1.378,-7.745,0.2355,8.350,1.136,0.783,1.000,7.745,14.000,0.3404,0.0627,-0.407,-0.407,-0.746,1.598,1.200,-1.105,0.0050,1.282,nan,0.00,1,1,1,0,0,0.0000,0.000,0,0.000,0,0.000,2,0,yolo,164.7,yolo,1,1,0,0.000,0,-1,0
1785715107.971,8.156,-2.431,23.082,0.9890,0,-5.844,1.267,-7.745,0.2395,8.350,1.136,0.783,1.000,7.745,14.000,0.3859,0.1468,-0.361,-0.361,-0.661,1.591,1.200,-1.164,0.0050,1.289,nan,0.00,1,1,1,0,0,0.0000,0.000,0,0.000,0,0.000,0,0,yolo,164.7,yolo,1,1,0,0.000,0,-1,0
1785715108.007,8.156,-2.431,23.082,0.9890,0,-5.844,1.310,-7.745,0.2395,8.350,1.136,0.783,1.000,7.745,14.000,0.3859,0.1468,-0.361,-0.361,-0.661,1.591,1.200,-1.121,0.0050,1.289,nan,0.00,1,1,1,0,0,0.0000,0.000,0,0.000,0,0.000,1,0,yolo,164.7,yolo,1,1,0,0.000,0,-1,0
1785715108.035,8.918,-2.402,24.039,0.9870,0,-5.082,1.221,-7.745,0.2441,8.350,1.136,0.783,1.000,7.745,14.000,0.4416,0.2417,-0.306,-0.306,-0.567,1.585,1.200,-1.181,0.0050,1.299,nan,0.00,1,1,1,0,0,0.0000,0.000,0,0.000,0,0.000,0,0,yolo,164.7,yolo,1,1,0,0.000,0,-1,0
1785715108.069,8.918,-2.402,24.039,0.9870,0,-5.082,1.263,-9.245,0.2274,7.888,1.370,0.859,1.000,9.850,14.000,-1.7392,-0.5519,-0.306,-0.693,-0.567,1.585,1.200,-1.139,0.0050,1.391,nan,0.00,1,1,1,1,0,0.0000,0.000,0,0.000,0,0.000,0,0,yolo,150.0,yolo,1,1,0,0.000,0,-1,0
1785715108.097,9.539,-2.390,24.901,0.9853,0,-4.461,1.207,-9.850,0.2338,7.888,1.370,0.859,1.000,9.850,14.000,0.4468,0.0775,-0.246,-0.246,-0.489,1.579,1.200,-1.183,0.0050,1.402,nan,0.00,1,1,1,0,0,0.0000,0.000,0,0.000,0,0.000,0,0,yolo,150.0,yolo,1,1,0,0.000,0,-1,0
1785715108.132,10.077,-2.441,26.068,0.9837,0,-3.923,1.220,-9.850,0.2376,7.888,1.370,0.859,1.000,9.850,14.000,0.5052,0.1642,-0.187,-0.187,-0.402,1.573,1.200,-1.221,0.0050,1.420,nan,0.00,1,1,1,0,0,0.0000,0.000,0,0.000,0,0.000,0,0,yolo,150.0,yolo,1,1,0,0.000,0,-1,0
1785715108.165,10.077,-2.441,26.068,0.9837,0,-3.923,1.266,-9.850,0.2376,7.888,1.370,0.859,1.000,9.850,14.000,0.5052,0.1642,-0.187,-0.187,-0.402,1.573,1.200,-1.175,0.0050,1.420,nan,0.00,1,1,1,0,0,0.0000,0.000,0,0.000,0,0.000,1,0,yolo,150.0,yolo,1,1,0,0.000,0,-1,0
1785715108.191,10.603,-2.491,27.349,0.9820,0,-3.397,1.288,-11.350,0.2210,7.745,1.588,0.931,1.000,11.588,14.000,-2.3493,-1.2265,-0.115,-0.706,-0.300,1.569,1.200,-1.203,0.0050,1.543,nan,0.00,1,1,1,1,0,0.0000,0.000,0,0.000,0,0.000,0,0,yolo,141.2,yolo,1,1,0,0.000,0,0,0
1785715108.224,10.603,-2.491,27.349,0.9820,0,-3.397,1.325,-11.588,0.2268,7.745,1.588,0.931,1.000,11.588,14.000,0.5909,0.0000,-0.115,-0.115,-0.300,1.569,1.200,-1.166,0.0050,1.543,nan,0.00,1,1,1,0,0,0.0000,0.000,0,0.000,0,0.000,0,0,yolo,141.2,yolo,1,1,0,0.000,0,0,0
1785715108.251,10.964,-2.569,28.563,0.9808,0,-3.036,1.402,-11.588,0.2306,7.745,1.588,0.931,1.000,11.588,14.000,0.6497,0.0907,-0.056,-0.056,-0.209,1.567,1.200,-1.168,0.0050,1.562,nan,0.00,1,1,1,0,0,0.0000,0.000,0,0.000,0,0.000,0,0,yolo,141.2,yolo,1,1,0,0.000,0,0,0
1785715108.286,11.253,-2.645,29.723,0.9797,0,-2.747,1.500,-11.588,0.2343,7.745,1.588,0.931,1.000,11.588,14.000,0.7039,0.1772,-0.002,-0.002,-0.123,1.566,1.200,-1.145,0.0050,1.579,nan,0.00,1,1,1,0,0,0.0000,0.000,0,0.000,0,0.000,0,0,yolo,141.2,yolo,1,1,0,0.000,0,0,0
1785715108.319,11.253,-2.645,29.723,0.9797,0,-2.747,1.518,-12.000,0.2177,7.386,1.667,0.985,1.000,12.719,14.000,-0.8748,-0.3115,-0.002,-0.482,-0.123,1.566,1.200,-1.127,0.0050,1.631,nan,0.00,1,1,1,1,0,0.0000,0.000,0,0.000,0,0.000,0,0,yolo,129.5,yolo,1,1,0,0.000,0,-1,0
1785715108.366,11.520,-2.709,30.879,0.9788,0,-2.480,1.615,-12.000,0.2287,7.386,1.667,0.985,1.000,12.719,14.000,0.5391,0.0939,0.057,0.057,-0.029,1.568,1.200,-1.094,0.0050,1.646,nan,0.00,1,1,1,0,0,0.0000,0.000,0,0.000,0,0.000,0,0,yolo,129.5,yolo,1,1,0,0.000,0,-1,0
1785715108.396,11.766,-2.783,32.005,0.9778,0,-2.234,1.734,-12.000,0.2329,7.386,1.667,0.985,1.000,12.719,14.000,0.5959,0.1909,0.114,0.114,0.068,1.571,1.200,-1.049,0.0050,1.662,nan,0.00,1,1,1,0,0,0.0000,0.000,0,0.000,0,0.000,1,0,yolo,129.5,yolo,1,1,0,0.000,0,-1,0
1785715108.426,11.962,-2.844,33.205,0.9771,0,-2.038,1.851,-12.000,0.2375,7.386,1.667,0.985,1.000,12.719,14.000,0.6559,0.2953,0.174,0.174,0.172,1.576,1.200,-0.992,0.0050,1.674,nan,0.00,1,1,1,0,0,0.0000,0.000,0,0.000,0,0.000,0,0,yolo,129.5,yolo,1,1,0,0.000,0,-1,0
1785715108.453,11.962,-2.844,33.205,0.9771,0,-2.038,1.831,-12.000,0.2208,7.214,1.698,1.041,1.000,13.242,14.000,-0.4938,-0.3932,0.174,-0.240,0.172,1.576,1.200,-1.013,0.0050,1.727,nan,0.00,1,1,1,1,0,0.0000,0.000,0,0.000,0,0.000,0,0,yolo,125.4,yolo,1,1,0,0.000,0,-1,0
1785715108.483,12.155,-2.898,34.512,0.9763,0,-1.845,1.961,-12.000,0.2269,7.214,1.698,1.041,1.000,13.242,14.000,0.4822,0.1041,0.242,0.242,0.277,1.583,1.200,-0.937,0.0050,1.738,nan,0.00,1,1,1,0,0,0.0000,0.000,0,0.000,0,0.000,0,0,yolo,125.4,yolo,1,1,0,0.000,0,-1,0
1785715108.519,12.302,-2.940,35.672,0.9758,0,-1.698,2.071,-12.000,0.2311,7.214,1.698,1.041,1.000,13.242,14.000,0.5436,0.1980,0.304,0.304,0.371,1.590,1.200,-0.869,0.0050,1.747,nan,0.00,1,1,1,0,0,0.0000,0.000,0,0.000,0,0.000,0,0,yolo,125.4,yolo,1,1,0,0.000,0,-1,0
1785715108.550,12.439,-2.975,36.900,0.9752,0,-1.561,2.182,-12.000,0.2356,7.214,1.698,1.041,1.000,13.242,14.000,0.6090,0.2983,0.369,0.369,0.471,1.599,1.200,-0.793,0.0050,1.755,nan,0.00,1,1,1,0,0,0.0000,0.000,0,0.000,0,0.000,0,0,yolo,125.4,yolo,1,1,0,0.000,0,-1,0
1785715108.581,12.439,-2.975,36.900,0.9752,0,-1.561,2.120,-12.000,0.2205,6.963,1.626,1.074,1.000,13.142,14.000,0.0915,-0.0266,0.369,0.073,0.471,1.599,1.200,-0.856,0.0050,1.759,nan,0.00,1,1,1,1,0,0.0000,0.000,0,0.000,0,0.000,0,0,yolo,137.8,yolo,1,1,0,0.000,0,-1,0
1785715108.612,12.565,-3.012,38.202,0.9747,0,-1.435,2.261,-12.000,0.2264,6.963,1.626,1.074,1.000,13.142,14.000,0.3661,0.1045,0.440,0.440,0.575,1.610,1.200,-0.750,0.0050,1.766,nan,0.00,1,1,1,0,0,0.0000,0.000,0,0.000,0,0.000,1,0,yolo,137.8,yolo,1,1,0,0.000,0,-1,0
1785715108.635,12.565,-3.012,38.202,0.9747,0,-1.435,2.194,-12.000,0.2264,6.963,1.626,1.074,1.000,13.142,14.000,0.3661,0.1045,0.440,0.440,0.575,1.610,1.200,-0.817,0.0050,1.766,nan,0.00,1,1,1,0,0,0.0000,0.000,0,0.000,0,0.000,0,0,yolo,137.8,yolo,1,1,0,0.000,0,-1,0
1785715108.672,12.684,-3.043,39.621,0.9742,0,-1.316,2.361,-12.000,0.2317,6.963,1.626,1.074,1.000,13.142,14.000,0.4432,0.2203,0.517,0.517,0.691,1.624,1.200,-0.682,0.0050,1.773,nan,0.00,1,1,1,0,0,0.0000,0.000,0,0.000,0,0.000,1,0,yolo,137.8,yolo,1,1,0,0.000,0,-1,0
1785715108.704,12.777,-3.054,40.929,0.9739,0,-1.223,2.479,-12.000,0.2484,6.963,1.626,1.074,1.000,13.142,14.000,0.5144,0.3298,0.588,0.588,0.801,1.638,1.200,-0.575,0.0050,1.776,nan,0.00,1,1,1,0,0,0.0000,0.000,0,0.000,0,0.000,0,0,yolo,137.8,yolo,1,1,0,0.000,0,-1,0
1785715108.736,12.777,-3.054,40.929,0.9739,0,-1.223,2.380,-12.000,0.2650,6.694,1.494,1.091,1.000,12.584,14.000,0.4890,0.2012,0.588,0.394,0.801,1.638,1.200,-0.674,0.0050,1.749,nan,0.00,1,1,1,1,0,0.0000,0.000,0,0.000,0,0.000,0,0,yolo,148.8,yolo,1,1,0,0.000,0,-1,0
1785715108.767,12.846,-3.053,42.003,0.9736,0,-1.154,2.474,-12.000,0.2763,6.694,1.494,1.091,1.000,12.584,14.000,0.2520,0.0835,0.646,0.646,0.884,1.650,1.200,-0.579,0.0050,1.751,nan,0.00,1,1,1,0,0,0.0000,0.000,0,0.000,0,0.000,0,0,yolo,148.8,yolo,1,1,0,0.000,0,-1,0
1785715108.795,12.911,-3.061,43.015,0.9733,0,-1.089,2.560,-12.000,0.2764,6.694,1.494,1.091,1.000,12.584,14.000,0.3073,0.1532,0.702,0.702,0.954,1.663,1.200,-0.501,0.0050,1.753,nan,0.00,1,1,1,0,0,0.0000,0.000,0,0.000,0,0.000,0,0,yolo,148.8,yolo,1,1,0,0.000,0,-1,0
1785715108.827,12.964,-3.052,44.068,0.9731,0,-1.036,2.630,-12.000,0.2764,6.694,1.494,1.091,1.000,12.584,14.000,0.3648,0.2034,0.759,0.759,1.004,1.676,1.200,-0.423,0.0050,1.753,nan,0.00,1,1,1,0,0,0.0000,0.000,0,0.000,0,0.000,0,0,yolo,148.8,yolo,1,1,0,0.000,0,-1,0
1785715108.855,13.011,-3.039,45.107,0.9730,0,-0.989,2.688,-12.000,0.2765,6.694,1.494,1.091,1.000,12.584,14.000,0.4212,0.2343,0.816,0.816,1.035,1.691,1.200,-0.351,0.0050,1.752,nan,0.00,1,1,1,0,0,0.0000,0.000,0,0.000,0,0.000,0,0,yolo,148.8,yolo,1,1,0,0.000,0,-1,0
1785715108.886,13.011,-3.039,45.107,0.9730,0,-0.989,2.561,-11.671,0.2765,6.361,1.314,1.085,1.000,11.671,14.000,0.6079,0.3852,0.816,0.668,1.035,1.691,1.200,-0.478,0.0050,1.688,nan,0.00,1,1,1,1,0,0.0000,0.000,0,0.000,0,0.000,0,0,yolo,145.4,yolo,1,1,0,0.000,0,-1,0
1785715108.921,13.061,-3.019,46.337,0.9728,0,-0.939,2.684,-11.671,0.2765,6.361,1.314,1.085,1.000,11.671,14.000,0.2144,0.0154,0.882,0.882,1.050,1.708,1.200,-0.334,0.0050,1.687,nan,0.00,1,1,1,0,0,0.0000,0.000,0,0.000,0,0.000,0,0,yolo,145.4,yolo,1,1,0,0.000,0,-1,0
1785715108.948,13.105,-2.995,47.467,0.9726,0,-0.895,2.769,-11.671,0.2766,6.361,1.314,1.085,1.000,11.671,14.000,0.2780,0.0141,0.946,0.946,1.049,1.725,1.200,-0.225,0.0050,1.685,nan,0.00,1,1,1,0,0,0.0000,0.000,0,0.000,0,0.000,0,0,yolo,145.4,yolo,1,1,0,0.000,0,-1,0
1785715108.983,13.141,-2.962,48.522,0.9725,0,-0.859,2.822,-11.671,0.2766,6.361,1.314,1.085,1.000,11.671,14.000,0.3378,0.0038,1.006,1.006,1.039,1.742,1.200,-0.140,0.0050,1.682,nan,0.00,1,1,1,0,0,0.0000,0.000,0,0.000,0,0.000,2,0,yolo,145.4,yolo,1,1,0,0.000,0,-1,0
1785715109.012,13.141,-2.962,48.522,0.9725,0,-0.859,2.671,-11.671,0.2766,6.361,1.314,1.085,1.000,11.671,14.000,0.3378,0.0038,1.006,1.006,1.039,1.742,1.200,-0.291,0.0050,1.682,nan,0.00,1,1,1,0,0,0.0000,0.000,0,0.000,0,0.000,0,0,yolo,145.4,yolo,1,1,0,0.000,0,-1,0
1785715109.043,13.178,-2.923,49.735,0.9724,0,0.174,2.794,-11.671,0.2766,6.361,1.314,1.085,1.000,11.671,13.004,0.4053,-0.0121,1.073,1.073,1.023,1.762,1.200,-0.129,0.0050,1.679,nan,0.00,1,1,1,0,0,0.0000,0.000,0,0.000,0,0.000,0,0,yolo,145.4,yolo,1,1,0,0.000,0,-1,0
1785715109.076,13.103,-2.890,50.852,0.9727,0,1.177,2.885,-10.171,0.2765,6.060,1.082,1.056,1.000,10.119,11.926,0.9852,0.6075,1.133,0.609,1.006,1.782,1.200,-0.005,0.0050,1.577,nan,0.00,1,1,1,1,0,0.0000,0.000,0,0.000,0,0.000,0,0,yolo,175.9,yolo,1,1,0,0.000,0,-1,0
1785715109.108,12.923,-2.807,51.897,0.9735,0,2.677,2.890,-10.119,0.2763,6.060,1.082,1.056,1.000,10.119,5.614,0.5894,-0.0183,1.198,1.198,0.988,1.801,1.200,0.083,0.0050,1.566,nan,0.00,1,1,1,0,0,0.0000,0.000,0,0.000,0,0.000,0,0,yolo,175.9,yolo,1,1,0,0.000,0,-1,0
1785715109.139,12.923,-2.807,51.897,0.9735,0,4.177,2.716,-10.119,0.2763,6.060,1.082,1.056,1.000,10.119,5.614,0.5894,-0.0183,1.198,1.198,0.988,1.801,1.200,-0.091,0.0050,1.566,nan,0.00,1,1,1,0,0,0.0000,0.000,0,0.000,0,0.000,0,0,yolo,175.9,yolo,1,1,0,0.000,0,-1,0
1785715109.171,12.621,-2.720,52.800,0.9747,0,5.677,2.729,-10.119,0.2760,6.060,1.082,1.056,1.000,10.119,4.549,0.6451,-0.0354,1.254,1.254,0.971,1.818,1.200,0.010,0.0050,1.553,nan,0.00,1,1,1,0,0,0.0000,0.000,0,0.000,0,0.000,0,0,yolo,175.9,yolo,1,1,0,0.000,0,-1,0
1785715109.198,11.931,-2.641,53.854,0.9774,0,7.177,2.781,-10.119,0.2752,6.060,1.082,1.056,1.000,10.119,3.572,0.6961,-0.0557,1.305,1.305,0.951,1.838,1.200,0.140,0.0050,1.534,nan,0.00,1,1,1,0,0,0.0000,0.000,0,0.000,0,0.000,0,0,yolo,175.9,yolo,1,1,0,0.000,0,-1,0
1785715109.232,11.931,-2.641,53.854,0.9774,0,8.677,2.618,-8.619,0.2919,5.613,0.627,0.951,0.936,6.375,-6.932,2.2008,1.3019,1.305,0.810,0.951,1.838,1.200,-0.023,0.0050,1.317,nan,0.00,1,1,1,1,0,0.0000,0.000,0,0.000,0,0.000,0,0,yolo,154.2,yolo,1,1,0,0.000,0,-1,0
1785715109.264,11.111,-2.541,54.902,0.9803,0,10.177,2.673,-7.119,0.2752,5.613,0.627,0.951,0.936,6.375,-6.832,0.5366,-0.0207,1.347,1.347,0.930,1.858,1.200,0.132,0.0050,1.302,nan,0.00,1,1,1,0,0,0.0000,0.000,0,0.000,0,0.000,0,0,yolo,154.2,yolo,1,1,0,0.000,0,-1,0
1785715109.293,11.111,-2.541,54.902,0.9803,0,11.677,2.527,-5.619,0.2744,5.613,0.627,0.951,0.936,6.375,-6.832,0.5366,-0.0207,1.347,1.347,0.930,1.858,1.200,-0.014,0.0050,1.302,nan,0.00,1,1,1,0,0,0.0000,0.000,0,0.000,0,0.000,0,0,yolo,154.2,yolo,1,1,0,0.000,0,-1,0
1785715109.319,9.561,-2.308,55.808,0.9853,0,13.177,2.382,-5.494,0.2730,5.613,0.627,0.951,0.936,6.375,-7.780,0.5865,-0.0510,1.397,1.397,0.900,1.873,1.200,0.074,0.0050,1.267,nan,0.00,1,1,1,0,0,0.0000,0.000,0,0.000,0,0.000,0,0,yolo,154.2,yolo,1,1,0,0.000,0,-1,0
1785715109.347,9.561,-2.308,55.808,0.9853,0,14.677,2.264,-5.512,0.2730,5.613,0.627,0.951,0.936,6.375,-7.780,0.5865,-0.0510,1.397,1.397,0.900,1.873,1.200,-0.044,0.0050,1.267,nan,0.00,1,1,1,0,0,0.0000,0.000,0,0.000,0,0.000,0,0,yolo,154.2,yolo,1,1,0,0.000,0,-1,0
1785715109.383,7.555,-2.013,56.763,0.9907,0,14.297,1.768,-4.012,0.2731,5.090,0.420,0.909,0.848,4.713,-6.742,0.8855,0.7926,1.430,0.908,0.864,1.885,1.315,-0.245,0.0050,1.135,nan,0.00,1,1,1,1,0,0.0000,0.000,0,0.000,0,0.000,1,0,yolo,157.5,yolo,1,1,0,0.000,0,-1,0
1785715109.412,7.555,-2.013,56.763,0.9907,0,15.797,1.669,-2.587,0.2715,5.090,0.420,0.909,0.848,4.713,-12.648,0.5218,0.0000,1.430,1.430,0.864,1.885,1.315,-0.344,0.0050,1.135,nan,0.00,1,1,1,0,0,0.0000,0.000,0,0.000,0,0.000,0,0,yolo,157.5,yolo,1,1,0,0.000,0,-1,0
1785715109.442,5.247,-1.820,57.093,0.9953,0,17.297,1.324,-2.474,0.2703,5.090,0.420,0.909,0.848,4.713,-12.780,0.5289,-0.0267,1.437,1.437,0.838,1.885,1.345,-0.496,0.0050,1.105,nan,0.00,1,1,1,0,0,0.0000,0.000,0,0.000,0,0.000,0,0,yolo,157.5,yolo,1,1,0,0.000,0,-1,0
1785715109.470,5.247,-1.820,57.093,0.9953,0,18.027,1.278,-2.390,0.2703,5.090,0.420,0.909,0.848,4.713,-12.780,0.5289,-0.0267,1.437,1.437,0.838,1.885,1.345,-0.543,0.0050,1.105,nan,0.00,1,1,1,0,0,0.0000,0.000,0,0.000,0,0.000,1,0,yolo,157.5,yolo,1,1,0,0.000,0,-1,0
1785715109.499,3.315,-1.684,57.319,0.9979,0,16.527,1.029,-2.327,0.2695,5.090,0.420,0.909,0.848,4.713,-12.518,0.5147,-0.0422,1.423,1.423,0.822,1.883,1.369,-0.655,0.0050,1.081,nan,0.00,1,1,1,0,0,0.0000,0.000,0,0.000,0,0.000,0,0,yolo,157.5,yolo,1,1,0,0.000,0,-1,0
1785715109.535,1.428,-1.574,57.579,0.9993,0,15.428,0.719,-0.827,0.2766,4.642,0.217,0.866,0.774,2.677,-14.000,1.6499,0.8336,1.390,1.088,0.809,1.882,1.434,-0.855,0.0049,0.998,nan,0.00,1,1,1,1,0,0.0000,0.000,0,0.000,0,0.000,0,0,yolo,155.5,yolo,1,1,0,0.000,0,-1,0
1785715109.570,-0.109,-1.504,57.676,0.9997,0,13.928,0.560,0.673,0.2600,4.642,0.217,0.866,0.774,2.677,-14.000,0.2683,-0.0130,1.356,1.356,0.796,1.878,1.445,-0.943,0.0048,0.987,nan,0.00,1,1,1,0,0,0.0000,0.000,0,0.000,0,0.000,0,0,yolo,155.5,yolo,1,1,0,0.000,0,-1,0
1785715109.597,-0.109,-1.504,57.676,0.9997,0,13.891,0.568,1.512,0.2433,4.642,0.217,0.866,0.774,2.677,-14.000,0.2683,-0.0130,1.356,1.356,0.796,1.878,1.445,-0.936,0.0047,0.987,nan,0.00,1,1,1,0,0,0.0000,0.000,0,0.000,0,0.000,0,0,yolo,155.5,yolo,1,1,0,0.000,0,-1,0
1785715109.632,-1.379,-1.450,57.619,0.9994,0,12.621,0.402,1.711,0.2386,4.642,0.217,0.866,0.774,2.677,-14.000,0.2365,-0.0179,1.325,1.325,0.791,1.870,1.453,-1.048,0.0046,0.977,nan,0.00,1,1,1,0,0,0.0000,0.000,0,0.000,0,0.000,0,0,yolo,155.5,yolo,1,1,0,0.000,0,-1,0
1785715109.664,-2.750,-1.396,57.463,0.9986,0,11.250,0.078,3.211,0.2553,4.097,-0.044,0.761,0.683,-0.614,-14.000,1.1763,0.5789,1.285,1.119,0.808,1.860,1.518,-1.318,0.0045,0.862,nan,0.00,1,1,1,1,0,0.0000,0.000,0,0.000,0,0.000,0,0,yolo,123.3,yolo,1,1,0,0.000,0,-1,0
1785715109.695,-3.853,-1.394,57.229,0.9974,0,10.147,-0.018,4.711,0.2691,4.097,-0.044,0.761,0.683,-0.614,-14.000,0.1253,0.0295,1.244,1.244,0.838,1.849,1.518,-1.412,0.0044,0.861,nan,0.00,1,1,1,0,0,0.0000,0.000,0,0.000,0,0.000,0,0,yolo,123.3,yolo,1,1,0,0.000,0,-1,0
1785715109.725,-4.877,-1.429,56.793,0.9961,0,9.123,-0.103,6.211,0.2694,4.097,-0.044,0.761,0.683,-0.614,-14.000,0.0839,0.0632,1.203,1.203,0.872,1.835,1.517,-1.531,0.0043,0.864,nan,0.00,1,1,1,0,0,0.0000,0.000,0,0.000,0,0.000,0,0,yolo,123.3,yolo,1,1,0,0.000,0,-1,0
1785715109.752,-5.861,-1.469,56.353,0.9944,0,8.139,-0.146,7.711,0.2697,4.097,-0.044,0.761,0.683,-0.614,-14.000,0.0390,0.1005,1.158,1.158,0.909,1.821,1.515,-1.614,0.0042,0.866,nan,0.00,1,1,1,0,0,0.0000,0.000,0,0.000,0,0.000,0,0,yolo,123.3,yolo,1,1,0,0.000,0,-1,0
1785715109.785,-5.877,-1.470,56.343,0.9944,0,8.123,-0.059,9.211,0.2697,3.760,-0.188,0.707,0.627,-2.857,-14.000,1.4722,0.4739,1.157,1.122,0.910,1.820,1.524,-1.529,0.0042,0.819,nan,0.00,1,1,1,1,0,0.0000,0.000,0,0.000,0,0.000,0,0,yolo,127.2,yolo,1,1,0,0.000,0,-1,0
1785715109.821,-6.749,-1.575,55.442,0.9927,0,7.251,-0.158,10.711,0.2701,3.760,-0.188,0.707,0.627,-2.857,-14.000,-0.0055,0.0117,1.116,1.116,0.921,1.798,1.518,-1.733,0.0041,0.827,nan,0.00,1,1,1,0,0,0.0000,0.000,0,0.000,0,0.000,1,0,yolo,127.2,yolo,1,1,0,0.000,0,-1,0
1785715109.847,-7.428,-1.703,54.505,0.9912,0,6.572,-0.165,10.948,0.2704,3.760,-0.188,0.707,0.627,-2.857,-14.000,-0.0397,0.0108,1.082,1.082,0.920,1.776,1.511,-1.868,0.0040,0.837,nan,0.00,1,1,1,0,0,0.0000,0.000,0,0.000,0,0.000,0,0,yolo,127.2,yolo,1,1,0,0.000,0,-1,0
1785715109.880,-7.428,-1.703,54.505,0.9912,0,6.572,-0.006,11.045,0.2703,3.760,-0.188,0.707,0.627,-2.857,-14.000,-0.0397,0.0108,1.082,1.082,0.920,1.776,1.511,-1.708,0.0039,0.837,nan,0.00,1,1,1,0,0,0.0000,0.000,0,0.000,0,0.000,0,0,yolo,127.2,yolo,1,1,0,0.000,0,-1,0
1785715109.915,-8.086,-1.853,53.494,0.9895,0,5.914,-0.047,12.545,0.2707,3.391,-0.284,0.637,0.565,-4.788,-14.000,0.8570,0.4239,1.042,1.004,0.916,1.755,1.519,-1.900,0.0038,0.780,nan,0.00,1,1,1,1,0,0.0000,0.000,0,0.000,0,0.000,0,0,yolo,127.9,yolo,1,1,0,0.000,0,-1,0
1785715109.943,-8.695,-1.985,52.584,0.9879,0,5.305,0.010,13.657,0.2710,3.391,-0.284,0.637,0.565,-4.788,-14.000,-0.0051,-0.0057,0.999,0.999,0.911,1.737,1.512,-1.974,0.0038,0.790,nan,0.00,1,1,1,0,0,0.0000,0.000,0,0.000,0,0.000,0,0,yolo,127.9,yolo,1,1,0,0.000,0,-1,0
1785715109.970,-9.164,-2.154,51.497,0.9865,0,4.836,0.102,13.713,0.2713,3.391,-0.284,0.637,0.565,-4.788,-14.000,-0.0421,-0.0127,0.962,0.962,0.904,1.718,1.504,-2.052,0.0037,0.801,nan,0.00,1,1,1,0,0,0.0000,0.000,0,0.000,0,0.000,0,0,yolo,127.9,yolo,1,1,0,0.000,0,-1,0
1785715110.004,-9.611,-2.353,50.220,0.9851,0,4.389,0.220,13.755,0.2716,3.391,-0.284,0.637,0.565,-4.788,-14.000,-0.0805,-0.0208,0.924,0.924,0.896,1.697,1.496,-2.133,0.0036,0.814,nan,0.00,1,1,1,0,0,0.0000,0.000,0,0.000,0,0.000,0,0,yolo,127.9,yolo,1,1,0,0.000,0,-1,0
1785715110.035,-9.611,-2.353,50.220,0.9851,0,4.389,0.361,15.255,0.2883,2.982,-0.333,0.534,0.497,-6.375,-14.000,0.8261,1.1042,0.924,0.869,0.896,1.697,1.515,-1.992,0.0035,0.704,nan,0.00,1,1,1,1,0,0.0000,0.000,0,0.000,0,0.000,0,0,yolo,115.5,yolo,1,1,0,0.000,0,-1,0
1785715110.068,-10.032,-2.546,48.957,0.9837,0,3.968,0.455,15.891,0.2719,2.982,-0.333,0.534,0.497,-6.375,-14.000,0.0099,-0.0090,0.879,0.879,0.887,1.678,1.509,-2.090,0.0034,0.716,nan,0.00,1,1,1,0,1,0.0000,0.178,0,0.071,0,0.903,0,0,yolo,115.5,yolo,1,1,0,0.000,0,-1,0
1785715110.092,-10.488,-2.831,47.043,0.9821,0,3.512,0.576,15.872,0.2723,2.982,-0.333,0.534,0.497,-6.375,-14.000,-0.0417,-0.0212,0.828,0.828,0.874,1.652,1.499,-2.255,0.0034,0.732,nan,0.00,1,1,1,0,1,0.0000,0.178,0,0.071,0,0.903,0,0,yolo,115.5,yolo,1,1,0,0.000,0,-1,0
1785715110.126,-10.488,-2.831,47.043,0.9821,0,3.512,0.767,15.858,0.2722,2.982,-0.333,0.534,0.497,-6.375,-14.000,-0.0417,-0.0212,0.828,0.828,0.874,1.652,1.499,-2.063,0.0033,0.732,nan,0.00,1,1,1,0,1,0.0000,0.178,0,0.071,0,0.903,0,0,yolo,115.5,yolo,1,1,0,0.000,0,-1,0
1785715110.165,-10.800,-3.060,45.485,0.9809,0,2.012,2.137,14.358,0.2888,nan,nan,nan,0.000,0.000,-6.275,0.0000,0.8638,0.784,0.784,0.864,1.634,1.000,-0.923,0.0033,0.710,nan,0.00,0,0,0,0,1,0.0000,0.139,0,0.089,1,0.887,0,0,,,FLYING,1,1,0,0.000,0,-1,0
1785715110.204,-10.962,-3.105,44.066,0.9803,0,0.512,2.107,12.858,0.2905,nan,nan,nan,0.000,0.000,-5.901,0.0000,0.8481,0.738,0.738,0.848,1.617,1.000,-0.998,0.0033,0.689,nan,0.00,0,0,0,0,1,0.0000,0.278,0,0.089,1,0.887,0,0,,,FLYING,1,1,0,0.000,0,-1,0
1785715110.235,-10.968,-3.119,42.948,0.9803,0,1.516,1.616,12.000,0.2899,4.000,-1.152,0.000,0.233,-16.068,-12.484,-0.0000,0.8208,0.693,0.693,0.821,1.605,1.200,-1.503,0.0033,0.668,nan,0.00,0,1,0,1,1,0.0000,0.406,0,0.133,1,0.880,0,1,blueline,,BLUELINE,1,1,0,0.000,0,-1,0
1785715110.267,-11.089,-3.171,41.904,0.9798,0,0.016,1.692,11.806,0.2890,4.000,-0.836,0.000,0.233,-11.806,-5.022,-4.1888,0.7854,0.643,0.643,0.785,1.595,1.200,-1.479,0.0033,0.648,nan,0.00,0,1,0,1,1,0.0000,0.153,0,0.136,0,0.875,0,0,blueline,,BLUELINE,1,1,0,0.000,0,-1,0
1785715110.298,-11.055,-3.206,40.933,0.9799,0,1.029,1.755,12.000,0.2877,4.000,-0.894,0.000,0.233,-12.597,-12.085,1.6574,0.7449,0.600,0.600,0.745,1.586,1.200,-1.451,0.0033,0.629,nan,0.00,0,1,0,1,1,0.0000,0.411,0,0.139,1,0.870,0,0,blueline,,BLUELINE,1,1,0,0.000,0,-1,0
1785715110.330,-11.055,-3.206,40.933,0.9799,0,-0.471,1.880,10.500,0.2883,4.000,-0.673,0.000,0.233,-9.546,-3.555,-4.1888,0.7449,0.600,0.600,0.745,1.586,1.200,-1.326,0.0033,0.610,nan,0.00,0,1,0,1,1,0.0000,0.307,0,0.137,0,0.855,0,0,blueline,,BLUELINE,1,1,0,0.000,0,-1,0
1785715110.367,-11.122,-3.245,39.820,0.9796,0,-1.971,2.391,9.000,0.2867,nan,nan,nan,0.000,0.000,-4.399,0.0000,0.6965,0.550,0.550,0.697,1.578,1.000,-0.854,0.0033,0.592,nan,0.00,0,0,0,0,1,0.0000,0.307,0,0.137,0,0.855,2,0,,,FLYING,1,1,0,0.000,0,-1,0
1785715110.406,-11.188,-3.284,38.773,0.9794,0,-3.471,2.430,7.500,0.2851,nan,nan,nan,0.000,0.000,-4.017,0.0000,0.6481,0.502,0.502,0.648,1.571,1.000,-0.853,0.0033,0.574,nan,0.00,0,0,0,0,1,0.0000,0.408,0,0.135,1,0.845,0,0,,,FLYING,1,1,0,0.000,0,-1,0
1785715110.443,-10.991,-3.217,38.058,0.9801,0,-4.971,2.393,6.000,0.2835,nan,nan,nan,0.000,0.000,-3.655,0.0000,0.6050,0.457,0.457,0.605,1.567,1.000,-0.824,0.0033,0.557,nan,0.00,0,0,0,0,1,0.0000,0.408,0,0.135,1,0.842,1,0,,,FLYING,1,1,0,0.000,0,-1,0
1785715110.489,-10.182,-2.988,36.896,0.9829,0,-6.471,2.152,4.500,0.2792,nan,nan,nan,0.000,0.000,-2.889,0.0000,0.5192,0.361,0.361,0.519,1.561,1.000,-0.836,0.0033,0.540,nan,0.00,0,0,0,0,1,0.0000,0.410,0,0.137,1,0.835,1,0,,,FLYING,1,1,0,0.000,0,-1,0
1785715110.531,-9.655,-2.875,36.530,0.9846,0,-4.971,1.581,6.000,0.2778,4.000,-0.774,0.000,0.233,-10.953,-7.929,-0.0000,0.4875,0.322,0.322,0.488,1.558,1.200,-1.294,0.0033,0.524,nan,0.00,0,1,0,1,1,0.0000,0.404,0,0.130,1,0.832,0,0,blueline,,BLUELINE,1,1,0,0.000,0,-1,0
1785715110.569,-9.234,-2.806,36.127,0.9859,0,-6.471,2.039,4.500,0.2767,nan,nan,nan,0.000,0.000,-2.266,0.0000,0.4607,0.283,0.283,0.461,1.556,1.000,-0.767,0.0033,0.508,nan,0.00,0,0,0,0,1,0.0000,0.404,0,0.130,1,0.832,1,0,,,FLYING,1,1,0,0.000,0,-1,0
1785715110.601,-8.615,-2.683,35.661,0.9876,0,-6.650,1.918,3.000,0.2755,nan,nan,nan,0.000,0.000,-1.965,0.0000,0.4360,0.246,0.246,0.436,1.553,1.000,-0.766,0.0033,0.493,nan,0.00,0,0,0,0,1,0.0000,0.405,0,0.132,1,0.855,0,0,,,FLYING,1,1,0,0.000,0,-1,0
1785715110.649,-7.991,-2.544,35.375,0.9893,0,-6.329,1.781,1.500,0.2746,nan,nan,nan,0.000,0.000,-1.663,0.0000,0.4158,0.208,0.208,0.416,1.550,1.000,-0.763,0.0033,0.478,nan,0.00,0,0,0,0,1,0.0000,0.405,0,0.132,1,0.855,1,0,,,FLYING,1,1,0,0.000,0,-1,0
1785715110.680,-7.991,-2.544,35.375,0.9893,0,-6.329,1.822,0.000,0.2750,nan,nan,nan,0.000,0.000,-1.663,0.0000,0.4158,0.208,0.208,0.416,1.550,1.000,-0.722,0.0033,0.464,nan,0.00,0,0,0,0,1,0.0000,0.510,0,0.135,2,0.881,0,0,,,FLYING,1,1,0,0.000,0,-1,0
1785715110.710,-7.327,-2.371,35.240,0.9910,0,-6.014,1.626,0.000,0.2741,nan,nan,nan,0.000,0.000,-1.313,0.0000,0.3963,0.164,0.164,0.396,1.546,1.000,-0.745,0.0033,0.450,nan,0.00,0,0,0,0,1,0.0000,0.290,0,0.109,1,0.897,0,0,,,FLYING,2,2,0,0.000,0,-1,0
1785715110.752,-6.668,-2.179,35.222,0.9925,0,-5.682,1.401,0.000,0.2732,nan,nan,nan,0.000,0.000,-0.986,0.0000,0.3767,0.123,0.123,0.377,1.541,1.000,-0.778,0.0033,0.436,nan,0.00,0,0,0,0,1,0.0000,0.290,0,0.109,1,0.897,0,0,,,FLYING,2,2,0,0.000,0,-1,0
1785715110.782,-6.122,-2.026,35.228,0.9937,0,-4.182,0.718,1.500,0.2725,4.000,-0.254,0.000,0.233,-3.639,-2.574,-0.0000,0.3587,0.090,0.090,0.359,1.535,1.200,-1.308,0.0033,0.423,nan,0.00,0,1,0,1,1,0.0000,0.193,0,0.107,0,0.897,0,0,blueline,,BLUELINE,2,2,0,0.000,0,-1,0
1785715110.814,-5.742,-1.969,35.127,0.9944,0,-2.682,0.635,3.000,0.2719,4.000,-0.530,0.000,0.233,-7.543,-9.591,4.1888,0.3408,0.062,0.062,0.341,1.530,1.200,-1.334,0.0033,0.410,nan,0.00,0,1,0,1,1,0.0000,0.288,0,0.104,1,0.888,0,0,blueline,,BLUELINE,2,2,0,0.000,0,-1,0
1785715110.850,-5.459,-1.928,34.812,0.9949,0,-1.182,-0.383,4.500,0.2626,8.227,-1.973,-0.265,1.000,-13.483,-14.000,-0.0000,-0.0000,0.036,0.036,0.321,1.524,1.576,-2.311,0.0033,0.200,nan,0.00,1,1,1,1,1,0.0000,0.288,0,0.104,1,0.888,3,1,yolo,104.7,yolo,2,2,0,0.000,0,-1,0
1785715110.877,-5.459,-1.928,34.812,0.9949,0,0.318,-0.329,6.000,0.2626,8.227,-1.973,-0.265,1.000,-13.483,-14.000,0.0000,0.0000,0.036,0.036,0.321,1.524,1.576,-2.257,0.0033,0.200,nan,0.00,1,1,1,0,1,0.0000,0.281,0,0.094,1,0.892,0,0,yolo,104.7,yolo,2,2,0,0.000,0,-1,0
1785715110.913,-5.320,-2.011,34.372,0.9951,0,1.818,-0.274,7.500,0.2618,8.227,-1.973,-0.265,1.000,-13.483,-14.000,-0.0227,-0.0109,0.013,0.013,0.310,1.519,1.576,-2.286,0.0032,0.208,nan,0.00,1,1,1,0,1,0.0000,0.281,0,0.094,1,0.892,1,0,yolo,104.7,yolo,2,2,0,0.000,0,-1,0
1785715110.955,-5.439,-2.154,33.300,0.9948,0,3.318,-0.221,9.000,0.2451,8.156,-1.923,-0.252,1.000,-13.267,-14.000,-0.9222,-0.9064,-0.020,0.313,0.314,1.512,1.594,-2.374,0.0032,0.238,nan,0.00,1,1,1,1,1,0.0000,0.276,0,0.085,1,0.884,0,0,yolo,100.6,yolo,2,2,0,0.000,0,-1,0
1785715110.986,-5.674,-2.237,32.605,0.9943,0,4.818,-0.107,10.500,0.2618,8.156,-1.923,-0.252,1.000,-13.267,-14.000,-0.3471,0.0206,-0.034,-0.034,0.335,1.510,1.591,-2.344,0.0032,0.258,nan,0.00,1,1,1,0,1,0.0000,0.274,0,0.081,1,0.872,0,0,yolo,100.6,yolo,2,2,0,0.000,0,-1,0
1785715111.024,-5.674,-2.237,32.605,0.9943,0,6.318,-0.072,12.000,0.2455,7.982,-1.854,-0.206,1.000,-13.074,-14.000,-0.2688,-0.3198,-0.034,0.093,0.335,1.510,1.594,-2.309,0.0032,0.290,nan,0.00,1,1,1,1,1,0.0000,0.275,0,0.083,1,0.864,0,0,yolo,92.7,yolo,2,2,0,0.000,0,-1,0
1785715111.063,-6.601,-2.457,30.672,0.9925,0,7.399,0.213,12.000,0.2614,7.982,-1.854,-0.206,1.000,-13.074,-14.000,-0.1608,0.0632,-0.068,-0.068,0.398,1.508,1.569,-2.244,0.0031,0.350,nan,0.00,1,1,1,0,1,0.0000,0.275,0,0.083,1,0.864,0,0,yolo,92.7,yolo,2,2,0,0.000,0,-1,0
1785715111.094,-6.601,-2.457,30.672,0.9925,0,7.399,0.241,12.000,0.2614,7.982,-1.854,-0.206,1.000,-13.074,-14.000,-0.1608,0.0632,-0.068,-0.068,0.398,1.508,1.569,-2.217,0.0031,0.350,nan,0.00,1,1,1,0,1,0.0000,0.276,0,0.085,1,0.859,0,0,yolo,92.7,yolo,2,2,0,0.000,0,-1,0
1785715111.130,-7.412,-2.583,29.349,0.9906,0,6.588,0.399,12.000,0.2447,7.765,-1.750,-0.153,1.000,-12.703,-14.000,-0.3775,-0.5529,-0.099,-0.094,0.442,1.508,1.565,-2.184,0.0031,0.424,nan,0.00,1,1,1,1,1,0.0000,0.276,0,0.085,1,0.859,2,0,yolo,112.6,yolo,2,2,0,0.000,0,-1,0
1785715111.172,-8.054,-2.701,28.142,0.9890,0,5.946,0.587,12.000,0.2584,7.765,-1.750,-0.153,1.000,-12.703,-14.000,-0.0403,0.0521,-0.134,-0.134,0.494,1.510,1.549,-2.114,0.0030,0.460,nan,0.00,1,1,1,0,1,0.0000,0.278,0,0.088,1,0.858,0,0,yolo,112.6,yolo,2,2,0,0.000,0,-1,0
1785715111.202,-8.054,-2.701,28.142,0.9890,0,5.946,0.592,12.000,0.2583,7.765,-1.750,-0.153,1.000,-12.703,-14.000,-0.0403,0.0521,-0.134,-0.134,0.494,1.510,1.549,-2.109,0.0030,0.460,nan,0.00,1,1,1,0,1,0.0000,0.280,0,0.091,1,0.856,0,0,yolo,112.6,yolo,2,2,0,0.000,0,-1,0
1785715111.233,-8.720,-2.828,26.757,0.9872,0,5.280,0.800,12.000,0.2597,7.765,-1.750,-0.153,1.000,-12.703,-14.000,-0.0866,0.0975,-0.180,-0.180,0.539,1.512,1.532,-2.028,0.0029,0.497,nan,0.00,1,1,1,0,1,0.0000,0.280,0,0.091,1,0.856,0,0,yolo,112.6,yolo,2,2,0,0.000,0,-1,0
1785715111.264,-9.170,-2.917,25.691,0.9859,0,4.830,0.680,11.400,0.2692,7.499,-1.512,-0.155,1.000,-11.400,-14.000,-1.7059,0.2797,-0.219,-0.001,0.574,1.516,1.629,-2.236,0.0029,0.469,nan,0.00,1,1,1,1,1,0.0000,0.281,0,0.094,1,0.850,0,0,yolo,118.3,yolo,2,2,0,0.000,0,-1,0
1785715111.296,-9.588,-3.018,24.675,0.9847,0,4.412,0.853,11.400,0.2570,7.499,-1.512,-0.155,1.000,-11.400,-14.000,-0.2614,0.0233,-0.262,-0.262,0.598,1.520,1.616,-2.164,0.0028,0.493,nan,0.00,1,1,1,0,1,0.0000,0.284,0,0.098,1,0.848,0,0,yolo,118.3,yolo,2,2,0,0.000,0,-1,0
1785715111.328,-9.588,-3.018,24.675,0.9847,0,4.412,0.830,11.400,0.2569,7.499,-1.512,-0.155,1.000,-11.400,-14.000,-0.2614,0.0233,-0.262,-0.262,0.598,1.520,1.616,-2.187,0.0028,0.493,nan,0.00,1,1,1,0,1,0.0000,0.284,0,0.098,1,0.848,0,0,yolo,118.3,yolo,2,2,0,0.000,0,-1,0
1785715111.364,-10.038,-3.135,23.584,0.9832,0,2.912,0.635,9.900,0.2736,7.279,-1.228,-0.181,1.000,-9.578,-11.701,-2.3147,0.5932,-0.313,-0.058,0.619,1.525,1.773,-2.500,0.0027,0.434,nan,0.00,1,1,1,1,1,0.0000,0.286,0,0.101,1,0.848,1,0,yolo,105.7,yolo,2,2,0,0.000,0,-1,0
1785715111.398,-10.265,-3.227,22.724,0.9824,0,3.735,0.783,9.578,0.2580,7.279,-1.228,-0.181,1.000,-9.578,-14.000,-0.3019,0.0060,-0.360,-0.360,0.625,1.531,1.761,-2.444,0.0027,0.451,nan,0.00,1,1,1,0,1,0.0000,0.407,0,0.134,1,0.849,0,0,yolo,105.7,yolo,2,2,0,0.000,0,-1,0
1785715111.439,-10.570,-3.296,21.954,0.9814,0,3.430,0.919,9.578,0.2580,7.279,-1.228,-0.181,1.000,-9.578,-14.000,-0.3524,0.0128,-0.411,-0.411,0.632,1.537,1.750,-2.378,0.0026,0.466,nan,0.00,1,1,1,0,1,0.0000,0.407,0,0.134,1,0.849,0,0,yolo,105.7,yolo,2,2,0,0.000,0,-1,0
1785715111.470,-10.848,-3.359,21.164,0.9804,0,1.930,0.859,8.078,0.2747,7.042,-0.903,-0.209,1.000,-7.304,-0.784,-2.7943,0.8867,-0.462,-0.291,0.645,1.544,1.978,-2.500,0.0026,0.378,nan,0.00,1,1,1,1,1,0.0000,0.408,0,0.136,1,0.852,0,0,yolo,104.7,yolo,2,2,0,0.000,0,-1,0
1785715111.506,-10.985,-3.412,20.476,0.9799,0,0.430,0.912,7.304,0.2607,7.042,-0.903,-0.209,1.000,-7.304,-10.976,-0.2210,0.0113,-0.512,-0.512,0.656,1.550,1.970,-2.500,0.0026,0.386,nan,0.00,1,1,1,0,1,0.0000,0.411,0,0.139,1,0.844,0,0,yolo,104.7,yolo,2,2,0,0.000,0,-1,0
1785715111.550,-10.998,-3.441,19.907,0.9799,0,-1.070,0.941,5.804,0.2774,6.767,-0.500,-0.247,1.000,-4.229,14.000,-3.6320,1.2676,-0.563,-0.653,0.665,1.556,2.190,-2.500,0.0025,0.260,nan,0.00,1,1,1,1,1,0.0000,0.411,0,0.139,1,0.844,1,0,yolo,98.8,yolo,2,2,0,0.000,0,-1,0
1785715111.577,-10.888,-3.447,19.434,0.9802,0,-2.570,0.947,4.304,0.2643,6.767,-0.500,-0.247,1.000,-4.229,-2.965,0.0378,0.0070,-0.615,-0.615,0.672,1.562,2.191,-2.500,0.0025,0.259,nan,0.00,1,1,1,0,1,0.0000,0.412,0,0.139,1,0.844,0,0,yolo,98.8,yolo,2,2,0,0.000,0,-1,0
1785715111.615,-10.641,-3.428,19.067,0.9810,0,-4.070,0.928,4.229,0.2643,6.767,-0.500,-0.247,1.000,-4.229,-1.994,-0.0170,0.0105,-0.670,-0.670,0.675,1.566,2.195,-2.500,0.0025,0.255,nan,0.00,1,1,1,0,1,0.0000,0.514,0,0.139,2,0.847,0,0,yolo,98.8,yolo,2,2,0,0.000,0,-1,0
1785715111.641,-10.242,-3.399,18.722,0.9823,0,-5.570,0.899,4.229,0.2641,6.767,-0.500,-0.247,1.000,-4.229,-1.047,-0.0706,0.0097,-0.724,-0.724,0.674,1.570,2.200,-2.500,0.0025,0.247,nan,0.00,1,1,1,0,1,0.0000,0.514,0,0.139,2,0.847,0,0,yolo,98.8,yolo,2,2,0,0.000,0,-1,0
1785715111.668,-10.242,-3.399,18.722,0.9823,0,-7.070,0.899,2.729,0.2808,6.449,-0.115,-0.266,1.000,-1.019,14.000,-3.6129,1.0616,-0.724,-1.047,0.674,1.570,2.200,-2.500,0.0024,0.141,nan,0.00,1,1,1,1,1,0.0000,0.514,0,0.139,2,0.847,0,0,yolo,105.1,yolo,2,2,0,0.000,0,-1,0
1785715111.704,-9.697,-3.377,18.343,0.9840,0,-8.570,0.877,1.229,0.2666,6.449,-0.115,-0.266,1.000,-1.019,6.335,0.2761,0.0014,-0.771,-0.771,0.676,1.574,2.200,-2.500,0.0024,0.137,nan,0.00,1,1,1,0,1,0.0000,0.512,0,0.137,2,0.849,0,0,yolo,105.1,yolo,2,2,0,0.000,0,-1,0
1785715111.734,-8.836,-3.324,18.163,0.9865,0,-10.070,0.824,1.019,0.2661,6.449,-0.115,-0.266,1.000,-1.019,7.146,0.2318,0.0001,-0.815,-0.815,0.674,1.576,2.200,-2.500,0.0024,0.129,nan,0.00,1,1,1,0,1,0.0000,0.513,0,0.138,2,0.850,0,0,yolo,105.1,yolo,2,2,0,0.000,0,-1,0
1785715111.773,-7.868,-3.245,18.132,0.9890,0,-11.570,0.745,-0.481,0.2828,6.132,0.221,-0.286,1.000,2.066,14.000,-2.4765,0.7138,-0.854,-1.256,0.674,1.575,2.200,-2.500,0.0024,0.034,nan,0.00,1,1,1,1,1,0.0000,0.510,0,0.135,2,0.864,0,0,yolo,102.8,yolo,2,2,0,0.000,0,-1,0
1785715111.818,-6.772,-3.174,18.141,0.9915,0,-13.070,0.674,-1.981,0.2675,6.132,0.221,-0.286,1.000,2.066,14.000,0.3726,-0.0060,-0.883,-0.883,0.668,1.573,2.200,-2.500,0.0024,0.030,nan,0.00,1,1,1,0,1,0.0000,0.510,0,0.135,2,0.864,1,0,yolo,102.8,yolo,2,2,0,0.000,0,-1,0
1785715111.859,-5.295,-3.078,18.346,0.9943,0,-14.570,0.578,-2.066,0.2664,6.132,0.221,-0.286,1.000,2.066,14.000,0.3471,-0.0180,-0.909,-0.909,0.656,1.566,2.200,-2.500,0.0024,0.024,nan,0.00,1,1,1,0,1,0.0000,0.378,0,0.098,2,0.874,0,0,yolo,102.8,yolo,2,2,0,0.000,0,-1,0
1785715111.891,-3.717,-2.995,18.572,0.9965,0,-16.070,0.495,-3.566,0.2831,5.735,0.551,-0.304,0.956,5.492,14.000,-3.4290,0.6350,-0.919,-1.497,0.644,1.559,2.200,-2.500,0.0024,-0.039,nan,0.00,1,1,1,1,1,0.0000,0.188,0,0.094,0,0.882,0,0,yolo,122.6,yolo,2,2,0,0.000,0,-1,0
1785715111.920,-3.717,-2.995,18.572,0.9965,0,-17.570,0.495,-4.984,0.2685,5.735,0.551,-0.304,0.956,5.492,14.000,0.5781,0.0000,-0.919,-0.919,0.644,1.559,2.200,-2.500,0.0024,-0.039,nan,0.00,1,1,1,0,1,0.0000,0.188,0,0.094,0,0.882,0,0,yolo,122.6,yolo,2,2,0,0.000,0,-1,0
1785715111.957,-2.213,-2.939,18.833,0.9979,0,-16.213,0.439,-5.001,0.2672,5.735,0.551,-0.304,0.956,5.492,14.000,0.5803,-0.0158,-0.917,-0.917,0.628,1.552,2.200,-2.500,0.0024,-0.031,nan,0.00,1,1,1,0,1,0.0000,0.399,0,0.124,1,0.873,1,0,yolo,122.6,yolo,2,2,0,0.000,0,-1,0
1785715111.988,-0.564,-2.885,19.312,0.9987,0,-14.713,0.385,-5.014,0.2659,5.735,0.551,-0.304,0.956,5.492,14.000,0.5909,-0.0332,-0.906,-0.906,0.611,1.540,2.200,-2.500,0.0024,-0.021,nan,0.00,1,1,1,0,1,0.0000,0.394,0,0.117,1,0.845,2,0,yolo,122.6,yolo,2,2,0,0.000,0,-1,0
1785715112.017,0.852,-2.845,19.794,0.9987,0,-13.213,0.345,-6.514,0.2767,5.385,0.802,-0.326,0.897,8.473,14.000,-2.1011,0.1900,-0.887,-1.410,0.602,1.528,1.994,-2.500,0.0024,-0.046,nan,0.00,1,1,1,1,1,0.0000,0.385,0,0.106,1,0.794,0,0,yolo,119.6,yolo,2,2,0,0.000,0,-1,0
1785715112.052,0.852,-2.845,19.794,0.9987,0,-13.148,0.345,-7.004,0.2682,5.385,0.802,-0.326,0.897,8.473,14.000,0.5231,0.0000,-0.887,-0.887,0.602,1.528,1.994,-2.500,0.0024,-0.046,nan,0.00,1,1,1,0,1,0.0000,0.473,0,0.098,2,0.739,0,0,yolo,119.6,yolo,2,2,0,0.000,0,-1,0
1785715112.092,2.166,-2.827,20.365,0.9981,0,-11.834,0.327,-6.986,0.2673,5.385,0.802,-0.326,0.897,8.473,14.000,0.5489,-0.0115,-0.861,-0.861,0.590,1.516,1.994,-2.500,0.0024,-0.029,nan,0.00,1,1,1,0,1,0.0000,0.473,0,0.098,2,0.739,0,0,yolo,119.6,yolo,2,2,0,0.000,0,-1,0
1785715112.122,3.448,-2.825,21.010,0.9970,0,-10.552,0.325,-8.486,0.2840,5.035,1.025,-0.382,0.839,11.505,14.000,-2.6642,0.4267,-0.829,-1.380,0.577,1.502,1.741,-2.500,0.0024,-0.072,nan,0.00,1,1,1,1,1,0.0000,0.246,0,0.035,1,0.632,0,0,yolo,113.2,yolo,2,2,0,0.000,0,-1,0
1785715112.152,4.543,-2.834,21.619,0.9956,0,-9.457,0.334,-8.478,0.2689,5.035,1.025,-0.382,0.839,11.505,14.000,0.5871,-0.0063,-0.793,-0.793,0.571,1.490,1.741,-2.500,0.0024,-0.051,nan,0.00,1,1,1,0,1,0.0000,0.246,0,0.035,1,0.632,0,0,yolo,113.2,yolo,2,2,0,0.000,0,-1,0
1785715112.184,5.551,-2.874,22.467,0.9941,0,-8.449,0.374,-8.412,0.2683,5.035,1.025,-0.382,0.839,11.505,14.000,0.6319,-0.0140,-0.748,-0.748,0.563,1.475,1.741,-2.500,0.0024,-0.029,nan,0.00,1,1,1,0,1,0.0000,0.246,0,0.035,1,0.632,0,0,yolo,113.2,yolo,2,2,0,0.000,0,-1,0
1785715112.223,6.376,-2.916,23.254,0.9925,0,-7.624,0.416,-7.394,0.2849,4.653,1.175,-0.483,0.775,14.176,14.000,-2.1689,0.8348,-0.704,-1.207,0.553,1.462,1.497,-2.500,0.0025,-0.112,nan,0.00,1,1,1,1,1,0.0000,0.319,0,0.024,2,0.539,0,0,yolo,107.7,yolo,2,2,0,0.000,0,-1,0
1785715112.264,7.073,-2.948,23.880,0.9911,0,-6.927,0.448,-7.262,0.2713,4.653,1.175,-0.483,0.775,14.176,14.000,0.5487,-0.0105,-0.658,-0.658,0.543,1.452,1.497,-2.500,0.0025,-0.095,nan,0.00,1,1,1,0,1,0.0000,0.319,0,0.024,2,0.539,0,0,yolo,107.7,yolo,2,2,0,0.000,0,-1,0
1785715112.300,7.697,-2.980,24.447,0.9896,0,-6.303,0.480,-7.162,0.2706,4.653,1.175,-0.483,0.775,14.176,14.000,0.5986,-0.0233,-0.608,-0.608,0.530,1.444,1.497,-2.500,0.0025,-0.079,nan,0.00,1,1,1,0,1,0.0000,0.369,0,0.087,1,0.453,0,0,yolo,107.7,yolo,2,2,0,0.000,0,-1,0
1785715112.341,8.270,-3.018,25.037,0.9882,0,-5.730,1.004,-5.926,0.2873,4.322,1.282,-0.578,0.720,16.526,14.000,-1.7725,0.8031,-0.555,-0.993,0.516,1.437,1.306,-2.014,0.0025,-0.159,nan,0.00,1,1,1,1,1,0.0000,0.251,0,0.043,1,0.408,0,0,yolo,115.6,yolo,2,2,0,0.000,0,-1,0
1785715112.373,8.819,-2.998,25.582,0.9868,0,-5.181,0.995,-5.891,0.2737,4.322,1.282,-0.578,0.720,16.526,14.000,0.4968,-0.0196,-0.496,-0.496,0.497,1.430,1.306,-2.003,0.0025,-0.148,nan,0.00,1,1,1,0,1,0.0000,0.251,0,0.043,1,0.408,0,0,yolo,115.6,yolo,2,2,0,0.000,0,-1,0
1785715112.409,8.819,-2.998,25.582,0.9868,0,-5.181,1.089,-5.864,0.2737,4.322,1.282,-0.578,0.720,16.526,14.000,0.4968,-0.0196,-0.496,-0.496,0.497,1.430,1.306,-1.909,0.0025,-0.148,nan,0.00,1,1,1,0,1,0.0000,0.251,0,0.043,1,0.408,1,0,yolo,115.6,yolo,2,2,0,0.000,0,-1,0
1785715112.450,9.783,-2.963,26.554,0.9841,0,-4.217,0.977,-5.844,0.2720,4.322,1.282,-0.578,0.720,16.526,14.000,0.6210,-0.0586,-0.372,-0.372,0.458,1.419,1.306,-1.986,0.0025,-0.128,nan,0.00,1,1,1,0,1,0.0000,0.253,0,0.047,1,0.298,0,0,yolo,115.6,yolo,2,2,0,0.000,0,-1,0
1785715112.485,9.783,-2.963,26.554,0.9841,0,-4.217,1.058,-5.829,0.2720,4.322,1.282,-0.578,0.720,16.526,14.000,0.6210,-0.0586,-0.372,-0.372,0.458,1.419,1.306,-1.905,0.0025,-0.128,nan,0.00,1,1,1,0,1,0.0000,0.253,0,0.047,1,0.298,1,0,yolo,115.6,yolo,2,2,0,0.000,0,-1,0
1785715112.517,10.665,0.670,17.099,0.9827,0,-3.335,-0.442,-5.817,0.2785,4.322,1.282,-0.578,0.720,16.526,14.000,0.9470,-0.0963,-0.046,-0.046,0.420,1.425,1.292,-1.734,0.0026,-0.381,nan,0.00,1,1,1,0,1,0.0000,0.159,0,0.023,0,0.203,0,0,yolo,115.6,yolo,2,2,0,0.000,0,-1,0
1785715112.547,10.939,0.556,15.570,0.9818,0,-3.061,-1.942,-5.809,0.2730,4.322,1.282,-0.578,0.720,16.526,14.000,1.0569,-0.2115,0.064,0.064,0.305,1.414,1.294,-1.874,0.0026,-0.366,nan,0.00,1,1,1,0,0,0.0000,0.000,0,0.000,0,0.000,0,0,yolo,115.6,yolo,2,2,0,0.000,0,-1,0
1785715112.575,11.126,0.222,15.671,0.9812,0,-2.874,-2.165,-5.803,0.2641,4.322,1.282,-0.578,0.720,16.526,14.000,1.1267,-0.3921,0.134,0.134,0.124,1.405,1.297,-1.944,0.0026,-0.336,nan,0.00,1,1,1,0,0,0.0000,0.000,0,0.000,0,0.000,0,0,yolo,115.6,yolo,2,2,0,0.000,0,-1,0
1785715112.608,11.413,-0.168,16.606,0.9802,0,-2.587,-1.686,-5.798,0.2571,4.322,1.282,-0.578,0.720,16.526,14.000,1.1701,-0.5264,0.177,0.177,-0.010,1.408,1.301,-1.854,0.0027,-0.300,nan,0.00,1,1,1,0,0,0.0000,0.000,0,0.000,0,0.000,1,0,yolo,115.6,yolo,2,2,0,0.000,0,-1,0
1785715112.635,11.680,-0.317,16.344,0.9793,0,-2.320,-1.480,-5.794,0.2527,4.322,1.282,-0.578,0.720,16.526,14.000,1.2489,-0.6149,0.256,0.256,-0.099,1.410,1.303,-1.797,0.0027,-0.282,nan,0.00,1,1,1,0,0,0.0000,0.000,0,0.000,0,0.000,0,0,yolo,115.6,yolo,2,2,0,0.000,0,-1,0
1785715112.671,11.680,-0.317,16.344,0.9793,0,-2.320,-1.461,-5.792,0.2528,4.322,1.282,-0.578,0.720,16.526,14.000,1.2489,-0.6149,0.256,0.256,-0.099,1.410,1.303,-1.778,0.0027,-0.282,nan,0.00,1,1,1,0,0,0.0000,0.000,0,0.000,0,0.000,1,0,yolo,115.6,yolo,2,2,0,0.000,0,-1,0
1785715112.708,11.944,-0.602,16.814,0.9783,0,-2.056,-1.082,-5.790,0.2530,4.322,1.282,-0.578,0.720,16.526,14.000,1.3184,-0.5969,0.326,0.326,-0.081,1.416,1.306,-1.683,0.0028,-0.254,nan,0.00,1,1,1,0,0,0.0000,0.000,0,0.000,0,0.000,1,0,yolo,115.6,yolo,2,2,0,0.000,0,-1,0
1785715112.733,12.202,-0.930,17.493,0.9773,0,-1.798,-0.617,-5.788,0.2574,4.322,1.282,-0.578,0.720,16.526,14.000,1.3862,-0.4874,0.393,0.393,0.029,1.428,1.306,-1.546,0.0028,-0.223,nan,0.00,1,1,1,0,0,0.0000,0.000,0,0.000,0,0.000,0,0,yolo,115.6,yolo,2,2,0,0.000,0,-1,0
1785715112.763,12.406,-1.124,17.994,0.9765,0,-1.594,-0.295,-5.787,0.2622,4.322,1.282,-0.578,0.720,16.526,14.000,1.4635,-0.3757,0.471,0.471,0.140,1.441,1.306,-1.419,0.0028,-0.204,nan,0.00,1,1,1,0,0,0.0000,0.000,0,0.000,0,0.000,1,0,yolo,115.6,yolo,2,2,0,0.000,0,-1,0
1785715112.797,12.406,-1.124,17.994,0.9765,0,-1.594,-0.368,-5.786,0.2622,4.322,1.282,-0.578,0.720,16.526,14.000,1.4635,-0.3757,0.471,0.471,0.140,1.441,1.306,-1.492,0.0028,-0.204,nan,0.00,1,1,1,0,1,0.0000,0.159,0,0.024,0,0.053,0,0,yolo,115.6,yolo,2,2,0,0.000,0,-1,0
1785715112.825,12.589,-1.304,18.521,0.9757,0,-1.411,-0.035,-5.786,0.2657,4.322,1.282,-0.578,0.720,16.526,14.000,1.5416,-0.2924,0.549,0.549,0.224,1.456,1.306,-1.339,0.0028,-0.186,nan,0.00,1,1,1,0,1,0.0000,0.159,0,0.024,0,0.053,0,0,yolo,115.6,yolo,2,2,0,0.000,0,-1,0
1785715112.851,12.733,-1.442,19.043,0.9751,0,-1.267,0.228,-5.785,0.2677,4.322,1.282,-0.578,0.720,16.526,14.000,1.6123,-0.2447,0.619,0.619,0.271,1.472,1.306,-1.213,0.0029,-0.172,nan,0.00,1,1,1,0,1,0.0000,0.159,0,0.024,0,0.053,0,0,yolo,115.6,yolo,2,2,0,0.000,0,-1,0
1785715112.883,12.733,-1.442,19.043,0.9751,0,-1.267,0.382,-7.285,0.2843,4.000,2.847,0.000,0.233,25.000,14.000,-0.0000,0.2714,0.619,0.619,0.271,1.472,1.200,-1.060,0.0029,-0.167,nan,0.00,0,1,0,1,1,0.0000,0.160,0,0.026,0,0.035,0,1,blueline,,BLUELINE,2,2,0,0.000,0,-1,0
1785715112.914,12.874,-1.581,19.793,0.9745,0,-1.126,0.727,-8.785,0.2925,4.000,2.552,0.000,0.233,25.000,14.000,-0.0000,0.2958,0.697,0.697,0.296,1.493,1.200,-0.854,0.0029,-0.162,nan,0.00,0,1,0,1,1,0.0000,0.300,0,0.125,0,0.027,0,0,blueline,,BLUELINE,2,2,0,0.000,0,-1,0
1785715112.946,12.980,-1.712,20.648,0.9740,0,-1.020,1.042,-10.285,0.2924,4.000,2.552,0.000,0.233,25.000,14.000,0.0663,0.2933,0.763,0.763,0.293,1.516,1.200,-0.670,0.0029,-0.157,nan,0.00,0,1,0,0,1,0.0000,0.300,0,0.125,0,0.027,0,0,blueline,,BLUELINE,2,2,0,0.000,0,-1,0
1785715112.988,12.980,-1.712,20.648,0.9740,0,-1.020,0.880,-11.785,0.2922,4.000,2.569,0.000,0.233,25.000,14.000,-0.0000,0.2933,0.763,0.763,0.293,1.516,1.200,-0.832,0.0029,-0.152,nan,0.00,0,1,0,1,1,0.0000,0.440,0,0.174,0,0.027,0,1,track,,TRACK,2,2,0,0.000,0,-1,0
1785715113.023,13.078,-1.861,21.791,0.9735,0,-0.922,1.321,-12.000,0.2912,4.000,2.254,0.000,0.667,25.000,14.000,-0.0000,0.2703,0.832,0.832,0.270,1.547,1.200,-0.540,0.0029,-0.148,nan,0.00,1,1,0,1,1,0.0000,0.569,0,0.194,1,0.025,0,1,blueline,,BLUELINE,2,2,0,0.000,0,-1,0
1785715113.055,13.151,-2.020,23.111,0.9732,0,-0.849,1.770,-13.500,0.2893,4.000,4.324,0.000,0.667,25.000,14.000,-0.0000,0.2306,0.895,0.895,0.231,1.582,1.200,-0.250,0.0029,-0.143,nan,8.00,1,1,0,1,1,0.9295,0.600,1,0.268,1,0.022,0,0,blueline,,BLUELINE,2,2,0,0.000,0,-1,0
1785715113.083,13.151,-2.020,23.111,0.9732,0,-0.849,1.531,-15.000,0.2892,4.000,4.324,0.000,0.667,25.000,14.000,0.0000,0.2306,0.895,0.895,0.231,1.582,1.200,-0.488,0.0029,-0.139,nan,8.00,1,1,0,0,1,0.9295,0.600,1,0.268,1,0.022,0,0,blueline,,BLUELINE,2,2,0,0.000,0,-1,0
1785715113.124,13.199,-2.144,24.422,0.9729,0,-0.801,1.959,-16.500,0.2869,4.000,3.191,0.000,0.667,25.000,14.000,-0.0000,0.1834,0.945,0.945,0.183,1.617,1.200,-0.185,0.0029,-0.135,nan,8.00,1,1,0,1,1,0.9409,0.583,1,0.328,1,0.005,2,1,track,,TRACK,2,2,0,0.000,0,-1,0
1785715113.164,13.244,-2.366,26.102,0.9726,0,-0.756,2.570,-18.000,0.2841,4.000,3.191,0.000,0.667,25.000,14.000,0.0508,0.1235,0.996,0.996,0.124,1.664,1.200,0.203,0.0029,-0.131,nan,8.00,1,1,0,0,1,0.9479,0.667,1,0.338,2,-0.020,0,0,track,,TRACK,2,2,0,0.000,0,-1,0
1785715113.199,13.250,-2.516,28.037,0.9724,0,0.744,3.103,-16.500,0.2816,4.000,1.372,0.000,0.667,18.934,3.799,4.1888,0.0714,1.032,1.032,0.071,1.716,1.200,0.587,0.0029,-0.127,nan,0.00,1,1,0,1,1,0.9637,0.278,1,0.573,1,-0.038,0,0,track,,TRACK,2,2,0,0.000,0,-1,0
1785715113.227,13.250,-2.516,28.037,0.9724,0,-0.750,2.714,-15.000,0.2815,4.000,3.045,0.000,0.233,25.000,14.000,-0.0000,0.0714,1.032,1.032,0.071,1.716,1.200,0.198,0.0029,-0.123,nan,0.00,0,1,0,1,1,0.9785,0.275,1,0.657,1,-0.073,0,1,blueline,,BLUELINE,2,2,0,0.000,0,-1,0
1785715113.255,13.066,-2.581,29.904,0.9731,0,-0.934,3.222,-13.500,0.2791,4.000,3.045,0.000,0.233,25.000,14.000,0.0395,0.0253,1.072,1.072,0.025,1.770,1.200,0.641,0.0029,-0.119,nan,0.00,0,1,0,0,1,0.9895,0.275,1,0.657,1,-0.073,0,0,blueline,,BLUELINE,2,2,0,0.000,0,-1,0
1785715113.288,13.120,-2.550,31.082,0.9729,0,-0.652,3.333,-12.000,0.2777,4.000,2.415,0.000,0.233,25.000,13.772,-0.0000,-0.0032,1.111,1.111,-0.003,1.808,1.200,0.783,0.0029,-0.116,nan,0.00,0,1,0,1,1,0.9934,0.275,1,0.750,1,-0.125,0,0,blueline,,BLUELINE,2,2,0,0.000,0,-1,0
1785715113.319,13.138,-2.462,32.188,0.9729,0,0.848,3.372,-12.000,0.2765,4.000,2.100,0.000,0.233,25.000,11.291,-0.0000,-0.0262,1.158,1.158,-0.026,1.846,1.200,0.910,0.0029,-0.112,nan,0.00,0,1,0,1,1,0.9914,0.273,1,0.821,1,-0.175,0,0,blueline,,BLUELINE,2,2,0,0.000,0,-1,0
1785715113.351,12.991,-2.380,33.358,0.9736,0,2.348,3.427,-12.000,0.2755,4.000,1.785,0.000,0.233,24.046,6.358,1.9981,-0.0420,1.201,1.201,-0.042,1.886,1.200,1.048,0.0029,-0.109,nan,0.00,0,1,0,1,1,0.9883,0.250,1,0.840,0,-0.182,0,0,blueline,,BLUELINE,2,2,0,0.000,0,-1,0
1785715113.383,12.991,-2.380,33.358,0.9736,0,3.848,3.027,-12.000,0.2754,4.000,1.470,0.000,0.233,20.175,1.300,4.1888,-0.0420,1.201,1.201,-0.042,1.886,1.200,0.648,0.0029,-0.106,nan,0.00,0,1,0,1,1,0.9860,0.250,1,0.840,0,-0.182,0,0,blueline,,BLUELINE,2,2,0,0.000,0,-1,0
1785715113.413,12.733,-2.303,34.426,0.9746,0,5.348,3.147,-12.000,0.2745,4.000,1.155,0.000,0.233,16.103,-1.452,4.1888,-0.0532,1.237,1.237,-0.053,1.922,1.200,0.844,0.0029,-0.102,nan,0.00,0,1,0,1,1,0.9887,0.273,1,0.846,1,-0.184,0,0,blueline,,BLUELINE,2,2,0,0.000,0,-1,0
1785715113.444,12.199,-2.240,35.470,0.9767,0,3.848,3.035,-13.500,0.2734,4.000,1.204,0.000,0.667,16.755,14.000,-1.3666,-0.0634,1.270,1.270,-0.063,1.957,1.283,0.795,0.0029,-0.099,nan,8.00,1,1,0,1,1,0.9718,0.500,1,0.864,0,-0.188,0,0,blueline,,BLUELINE,2,2,0,0.000,0,-1,0
1785715113.482,11.814,-2.201,36.636,0.9781,0,4.996,2.861,-15.000,0.2724,4.000,1.063,0.000,0.667,14.885,6.818,-0.0000,-0.0732,1.295,1.295,-0.073,1.995,1.408,0.660,0.0029,-0.096,nan,8.00,1,1,0,1,1,0.9468,0.550,1,0.876,1,-0.181,0,1,track,,TRACK,2,2,0,0.000,0,-1,0
1785715113.523,11.338,-2.196,37.901,0.9798,0,3.496,3.553,-16.500,0.2715,4.000,1.410,0.000,0.667,19.415,14.000,-0.0000,-0.0821,1.310,1.310,-0.082,2.035,1.200,1.356,0.0029,-0.094,nan,8.00,1,1,0,1,1,0.8940,0.500,1,0.658,0,-0.173,0,1,blueline,,BLUELINE,2,2,0,0.000,0,-1,0
1785715113.560,10.982,-2.154,39.275,0.9810,0,4.996,2.839,-18.000,0.2707,4.000,0.914,0.000,0.667,12.872,2.991,-0.0000,-0.0898,1.315,1.315,-0.090,2.078,1.542,0.685,0.0029,-0.091,nan,8.00,1,1,0,1,1,0.8009,0.500,1,0.661,0,-0.149,0,1,track,,TRACK,2,2,0,0.000,0,-1,0
1785715113.608,10.473,-2.179,40.844,0.9826,0,6.496,1.974,-16.500,0.2698,4.000,0.434,0.000,0.667,6.186,-14.000,4.1888,-0.0970,1.311,1.311,-0.097,2.125,1.988,-0.206,0.0029,-0.088,nan,8.00,1,1,0,1,1,0.7465,0.550,1,0.663,1,-0.071,1,0,track,,TRACK,2,2,0,0.000,0,-1,0
1785715113.648,9.928,-2.207,42.466,0.9843,0,7.996,3.474,-15.000,0.2690,4.000,0.245,0.000,0.233,3.502,-4.457,-0.0000,-0.1037,1.302,1.302,-0.104,2.173,1.200,1.973,0.0029,-0.085,nan,0.00,0,1,0,1,1,0.5438,0.278,1,0.669,1,-0.095,0,1,blueline,,BLUELINE,2,2,0,0.000,0,-1,0
1785715113.680,9.286,-2.260,43.871,0.9861,0,9.496,4.335,-13.500,0.2681,4.000,0.245,0.000,0.233,3.502,-4.410,-0.0078,-0.1096,1.295,1.295,-0.110,2.216,1.200,2.075,0.0029,-0.083,nan,0.00,0,1,0,0,1,0.4348,0.278,1,0.669,1,-0.095,0,0,blueline,,BLUELINE,2,2,0,0.000,0,-1,0
1785715113.703,8.302,-2.014,45.086,0.9889,0,10.996,4.124,-12.000,0.2670,4.000,-0.987,0.000,0.233,-13.861,-14.000,4.1888,-0.1155,1.292,1.292,-0.115,2.253,1.200,2.110,0.0029,-0.080,nan,0.00,0,1,0,1,1,0.3257,0.306,1,0.687,2,-0.119,0,0,blueline,,BLUELINE,2,2,0,0.000,0,-1,0
1785715113.729,8.302,-2.014,45.086,0.9889,0,12.496,3.681,-10.500,0.2670,4.000,-0.978,0.000,0.233,-13.741,-13.516,-0.2503,-0.1155,1.292,1.292,-0.115,2.253,1.200,1.667,0.0029,-0.078,nan,0.00,0,1,0,1,1,0.4136,0.361,1,0.575,4,-0.058,0,0,blueline,,BLUELINE,2,2,0,0.000,0,-1,0
1785715113.757,7.230,-1.759,46.102,0.9916,0,13.996,3.516,-9.000,0.2660,4.000,-0.978,0.000,0.233,-13.741,-13.789,-0.0036,-0.1203,1.289,1.289,-0.120,2.283,1.200,1.758,0.0029,-0.076,nan,8.00,0,1,0,0,1,0.4795,0.722,1,0.575,4,-0.058,0,0,blueline,,BLUELINE,2,2,0,0.000,0,-1,0
1785715113.789,5.740,-1.509,46.970,0.9946,0,15.496,3.277,-7.500,0.2649,2.269,-1.477,-0.675,0.378,-25.000,-14.000,-0.0000,-0.1242,1.282,1.282,-0.124,2.308,1.200,1.768,0.0029,-0.073,nan,0.00,1,1,0,1,1,0.0000,0.250,0,0.579,0,-0.250,0,1,yolo,114.2,yolo,2,2,0,0.000,0,-1,0
1785715113.820,4.033,-1.215,47.692,0.9973,0,16.996,2.927,-6.000,0.2640,2.269,-1.477,-0.675,0.378,-25.000,-14.000,-0.0139,-0.1260,1.268,1.268,-0.126,2.326,1.200,1.713,0.0029,-0.071,nan,0.00,1,1,0,0,1,0.4653,0.625,1,0.586,2,-0.308,0,0,yolo,114.2,yolo,2,2,0,0.000,0,-1,0
1785715113.850,4.033,-1.215,47.692,0.9973,0,18.033,2.658,-4.500,0.2640,2.269,-1.477,-0.675,0.378,-25.000,-14.000,-0.0139,-0.1260,1.268,1.268,-0.126,2.326,1.200,1.443,0.0029,-0.069,nan,0.00,1,1,0,0,1,0.4653,0.625,1,0.586,2,-0.308,0,0,yolo,114.2,yolo,2,2,0,0.000,0,-1,0
1785715113.882,2.481,-0.981,48.180,0.9989,0,16.533,2.375,-3.000,0.2635,2.259,-1.593,-0.680,0.377,-25.000,-14.000,-0.0000,-0.1253,1.250,0.372,-0.125,2.337,1.200,1.394,0.0029,-0.067,nan,0.00,1,1,0,1,1,0.3860,0.556,1,0.627,1,-0.232,0,0,yolo,124.1,yolo,2,2,0,0.000,0,-1,0
1785715113.922,0.786,-0.745,48.568,0.9998,0,15.033,2.055,-1.500,0.2633,2.259,-1.593,-0.680,0.377,-25.000,-14.000,0.8504,-0.1236,1.222,1.222,-0.124,2.343,1.200,1.310,0.0029,-0.065,nan,0.00,1,1,0,0,1,0.2517,0.500,1,0.423,0,-0.165,0,0,yolo,124.1,yolo,2,2,0,0.000,0,-1,0
1785715113.960,-0.712,-0.530,48.813,0.9999,0,13.533,1.721,0.000,0.2633,2.259,-1.593,-0.680,0.377,-25.000,-14.000,0.8171,-0.1212,1.189,1.189,-0.121,2.344,1.200,1.191,0.0029,-0.063,nan,0.00,1,1,0,0,1,0.1956,0.500,1,0.423,0,-0.165,0,0,yolo,124.1,yolo,2,2,0,0.000,0,-1,0
1785715113.990,-2.167,-0.327,48.931,0.9993,0,12.033,1.374,1.500,0.2636,2.298,-1.975,-0.788,0.383,-25.000,-14.000,-0.0000,-0.1178,1.148,0.960,-0.118,2.341,1.200,1.046,0.0029,-0.061,nan,0.00,1,1,0,1,0,0.0000,0.000,0,0.000,0,0.000,0,0,yolo,103.2,yolo,2,2,0,0.000,0,-1,0
1785715114.026,-3.204,-0.210,48.856,0.9984,0,10.796,1.097,3.000,0.2639,2.298,-1.975,-0.788,0.383,-25.000,-14.000,0.1518,-0.1150,1.112,1.112,-0.115,2.333,1.200,0.887,0.0029,-0.059,nan,0.00,1,1,0,0,0,0.0000,0.000,0,0.000,0,0.000,0,0,yolo,103.2,yolo,2,2,0,0.000,0,-1,0
1785715114.052,-4.126,-0.132,48.602,0.9974,0,9.874,0.849,4.500,0.2642,2.298,-1.975,-0.788,0.383,-25.000,-14.000,0.1185,-0.1126,1.079,1.079,-0.113,2.321,1.200,0.717,0.0029,-0.057,nan,0.00,1,1,0,0,0,0.0000,0.000,0,0.000,0,0.000,0,0,yolo,103.2,yolo,2,2,0,0.000,0,-1,0
1785715114.088,-4.972,-0.082,48.251,0.9962,0,8.374,1.147,3.000,0.2646,nan,nan,nan,0.000,0.000,-8.365,0.0000,-0.1103,1.046,1.046,-0.110,2.308,1.000,1.065,0.0029,-0.056,nan,0.00,0,0,0,0,0,0.0000,0.000,0,0.000,0,0.000,0,0,,,FLYING,2,2,0,0.000,0,-1,0
1785715114.114,-5.677,-0.010,47.956,0.9951,0,6.874,0.974,1.500,0.2649,nan,nan,nan,0.000,0.000,-8.064,0.0000,-0.1083,1.008,1.008,-0.108,2.296,1.000,0.963,0.0029,-0.054,nan,0.00,0,0,0,0,0,0.0000,0.000,0,0.000,0,0.000,0,0,,,FLYING,2,2,0,0.000,0,-1,0
1785715114.148,-6.297,0.071,47.822,0.9940,0,5.374,0.841,0.000,0.2652,nan,nan,nan,0.000,0.000,-7.659,0.0000,-0.1066,0.957,0.957,-0.107,2.286,1.000,0.912,0.0029,-0.052,nan,0.00,0,0,0,0,0,0.0000,0.000,0,0.000,0,0.000,0,0,,,FLYING,2,2,0,0.000,0,-1,0
1785715114.179,-6.297,0.071,47.822,0.9940,0,3.874,0.931,0.000,0.2652,nan,nan,nan,0.000,0.000,-7.659,0.0000,-0.1066,0.957,0.957,-0.107,2.286,1.000,1.002,0.0029,-0.051,nan,0.00,0,0,0,0,0,0.0000,0.000,0,0.000,0,0.000,0,0,,,FLYING,2,2,0,0.000,0,-1,0
1785715114.210,-6.817,0.154,47.832,0.9929,0,2.374,0.799,0.000,0.2655,nan,nan,nan,0.000,0.000,-7.163,0.0000,-0.1050,0.895,0.895,-0.105,2.277,1.000,0.953,0.0029,-0.049,nan,0.00,0,0,0,0,0,0.0000,0.000,0,0.000,0,0.000,0,0,,,FLYING,2,2,0,0.000,0,-1,0
1785715114.242,-7.203,0.248,47.855,0.9921,0,0.874,0.660,0.000,0.2657,nan,nan,nan,0.000,0.000,-6.648,0.0000,-0.1036,0.831,0.831,-0.104,2.268,1.000,0.908,0.0029,-0.048,nan,0.00,0,0,0,0,0,0.0000,0.000,0,0.000,0,0.000,0,0,,,FLYING,2,2,0,0.000,0,-1,0
1785715114.274,-7.320,0.310,47.842,0.9918,0,-0.626,0.556,0.000,0.2658,nan,nan,nan,0.000,0.000,-6.183,0.0000,-0.1027,0.773,0.773,-0.103,2.259,1.000,0.865,0.0029,-0.046,nan,0.00,0,0,0,0,0,0.0000,0.000,0,0.000,0,0.000,0,0,,,FLYING,2,2,0,0.000,0,-1,0
1785715114.302,-7.297,0.359,47.826,0.9919,0,-1.568,0.466,0.000,0.2658,nan,nan,nan,0.000,0.000,-5.729,0.0000,-0.1025,0.716,0.716,-0.102,2.250,1.000,0.825,0.0029,-0.045,nan,0.00,0,0,0,0,0,0.0000,0.000,0,0.000,0,0.000,0,0,,,FLYING,2,2,0,0.000,0,-1,0
1785715114.336,-7.205,0.403,47.821,0.9921,0,-1.915,0.387,0.000,0.2657,nan,nan,nan,0.000,0.000,-5.290,0.0000,-0.1028,0.661,0.661,-0.103,2.240,1.000,0.790,0.0029,-0.044,nan,0.00,0,0,0,0,0,0.0000,0.000,0,0.000,0,0.000,0,0,,,FLYING,2,2,0,0.000,0,-1,0
1785715114.365,-7.102,0.448,47.817,0.9923,0,-2.255,0.301,0.000,0.2655,nan,nan,nan,0.000,0.000,-4.847,0.0000,-0.1035,0.606,0.606,-0.103,2.230,1.000,0.749,0.0029,-0.042,nan,0.00,0,0,0,0,0,0.0000,0.000,0,0.000,0,0.000,0,0,,,FLYING,2,2,0,0.000,0,0,0
1785715114.393,-7.100,0.449,47.817,0.9923,0,-2.261,0.396,0.000,0.2655,nan,nan,nan,0.000,0.000,-4.839,0.0000,-0.1035,0.605,0.605,-0.104,2.230,1.000,0.845,0.0029,-0.041,nan,0.00,0,0,0,0,0,0.0000,0.000,0,0.000,0,0.000,0,0,,,FLYING,2,2,0,0.000,0,0,0
1785715114.433,-6.915,0.482,47.813,0.9927,0,-2.538,0.282,0.000,0.2653,nan,nan,nan,0.000,0.000,-4.377,0.0000,-0.1048,0.547,0.547,-0.105,2.219,1.000,0.764,0.0029,-0.040,nan,0.00,0,0,0,0,0,0.0000,0.000,0,0.000,0,0.000,0,0,,,FLYING,2,2,0,0.000,0,0,0
1785715114.463,-6.734,0.523,47.807,0.9931,0,-2.786,0.179,0.000,0.2651,nan,nan,nan,0.000,0.000,-3.948,0.0000,-0.1060,0.493,0.493,-0.106,2.208,1.000,0.702,0.0029,-0.039,nan,0.00,0,0,0,0,0,0.0000,0.000,0,0.000,0,0.000,0,0,,,FLYING,2,2,0,0.000,0,0,0
1785715114.493,-6.545,0.548,47.804,0.9934,0,-2.962,0.118,0.000,0.2649,nan,nan,nan,0.000,0.000,-3.583,0.0000,-0.1070,0.448,0.448,-0.107,2.198,1.000,0.666,0.0029,-0.038,nan,0.00,0,0,0,0,0,0.0000,0.000,0,0.000,0,0.000,1,0,,,FLYING,2,2,0,0.000,0,1,0
1785715114.526,-6.326,0.559,47.803,0.9939,0,-3.089,0.078,0.000,0.2647,nan,nan,nan,0.000,0.000,-3.236,0.0000,-0.1075,0.405,0.405,-0.108,2.188,1.000,0.637,0.0029,-0.036,nan,0.00,0,0,0,0,0,0.0000,0.000,0,0.000,0,0.000,1,0,,,FLYING,2,2,0,0.000,0,1,0
1785715114.558,-6.086,0.568,47.802,0.9943,0,-3.197,0.034,0.000,0.2646,nan,nan,nan,0.000,0.000,-2.889,0.0000,-0.1077,0.361,0.361,-0.108,2.178,1.000,0.603,0.0029,-0.035,nan,0.00,0,0,0,0,0,0.0000,0.000,0,0.000,0,0.000,1,0,,,FLYING,2,2,0,0.000,0,1,0
1785715114.589,-5.834,0.574,47.802,0.9948,0,-3.280,-0.004,0.000,0.2644,nan,nan,nan,0.000,0.000,-2.554,0.0000,-0.1076,0.319,0.319,-0.108,2.168,1.000,0.570,0.0029,-0.034,nan,0.00,0,0,0,0,0,0.0000,0.000,0,0.000,0,0.000,1,0,,,FLYING,2,2,0,0.000,0,1,0
1785715114.616,-5.572,0.576,47.801,0.9952,0,-1.780,-0.536,1.500,0.2643,4.000,-4.000,0.000,0.667,-25.000,-14.000,-0.0399,-0.1070,0.279,0.279,-0.107,2.158,1.200,0.040,0.0029,-0.033,nan,0.00,1,1,0,0,0,0.0000,0.000,0,0.000,0,0.000,0,1,search,,SEARCH,2,2,0,0.000,0,0,0
1785715114.652,-5.427,0.530,47.734,0.9955,0,-0.280,-0.520,3.000,0.2642,4.000,-4.000,0.000,0.667,-25.000,-14.000,-0.0757,-0.1062,0.244,0.244,-0.106,2.148,1.200,0.010,0.0029,-0.032,nan,0.00,1,1,0,0,0,0.0000,0.000,0,0.000,0,0.000,1,0,search,,SEARCH,2,2,0,0.000,0,1,0
1785715114.683,-5.412,0.466,47.521,0.9955,0,1.220,-0.486,4.500,0.2643,4.000,-4.000,0.000,0.667,-25.000,-14.000,-0.1056,-0.1051,0.214,0.214,-0.105,2.137,1.200,-0.020,0.0029,-0.031,nan,0.00,1,1,0,0,0,0.0000,0.000,0,0.000,0,0.000,0,0,search,,SEARCH,2,2,0,0.000,0,0,0
1785715114.717,-5.412,0.466,47.521,0.9955,0,2.720,-0.377,6.000,0.2642,4.000,-4.000,0.000,0.667,-25.000,-14.000,-0.1056,-0.1051,0.214,0.214,-0.105,2.137,1.200,0.089,0.0029,-0.030,nan,0.00,1,1,0,0,0,0.0000,0.000,0,0.000,0,0.000,0,0,search,,SEARCH,2,2,0,0.000,0,0,0
1785715114.761,-5.735,0.323,46.735,0.9950,0,2.893,-0.425,7.500,0.2644,4.000,-4.000,0.000,0.667,-25.000,-14.000,-0.1530,-0.1027,0.166,0.166,-0.103,2.117,1.200,-0.102,0.0029,-0.029,nan,0.00,1,1,0,0,0,0.0000,0.000,0,0.000,0,0.000,0,0,search,,SEARCH,2,2,0,0.000,0,0,0
1785715114.792,-5.974,0.233,46.179,0.9946,0,2.809,-0.343,9.000,0.2646,4.000,-4.000,0.000,0.667,-25.000,-14.000,-0.1727,-0.1014,0.147,0.147,-0.101,2.108,1.200,-0.110,0.0029,-0.029,nan,0.00,1,1,0,0,0,0.0000,0.000,0,0.000,0,0.000,0,0,search,,SEARCH,2,2,0,0.000,0,0,0
1785715114.825,-6.202,0.132,45.519,0.9941,0,2.729,-0.249,10.500,0.2647,4.000,-4.000,0.000,0.667,-25.000,-14.000,-0.1906,-0.1002,0.129,0.129,-0.100,2.099,1.200,-0.116,0.0029,-0.028,nan,0.00,1,1,0,0,0,0.0000,0.000,0,0.000,0,0.000,0,0,search,,SEARCH,2,2,0,0.000,0,0,0
1785715114.871,-6.430,0.024,44.779,0.9937,0,2.650,-0.144,12.000,0.2649,4.000,-4.000,0.000,0.667,-25.000,-14.000,-0.2076,-0.0992,0.112,0.112,-0.099,2.090,1.200,-0.119,0.0029,-0.027,nan,0.00,1,1,0,0,0,0.0000,0.000,0,0.000,0,0.000,0,0,search,,SEARCH,2,2,0,0.000,0,0,0
1785715114.901,-6.652,-0.097,43.831,0.9933,0,2.572,-0.024,12.000,0.2650,4.000,-4.000,0.000,0.667,-25.000,-14.000,-0.2188,-0.0985,0.100,0.100,-0.098,2.082,1.200,-0.121,0.0029,-0.026,nan,0.00,1,1,0,0,0,0.0000,0.000,0,0.000,0,0.000,0,0,search,,SEARCH,2,2,0,0.000,0,0,0
1785715114.931,-6.871,-0.217,42.837,0.9928,0,2.495,0.099,12.000,0.2651,4.000,-4.000,0.000,0.667,-25.000,-14.000,-0.2309,-0.0977,0.088,0.088,-0.098,2.075,1.200,-0.118,0.0029,-0.025,nan,0.00,1,1,0,0,0,0.0000,0.000,0,0.000,0,0.000,0,0,search,,SEARCH,2,2,0,0.000,0,0,0
1785715114.963,-6.871,-0.217,42.837,0.9928,0,2.495,0.191,12.000,0.2651,4.000,-4.000,0.000,0.667,-25.000,-14.000,-0.2309,-0.0977,0.088,0.088,-0.098,2.075,1.200,-0.026,0.0029,-0.024,nan,0.00,1,1,0,0,0,0.0000,0.000,0,0.000,0,0.000,1,0,search,,SEARCH,2,2,0,0.000,0,0,0
1785715114.990,-7.108,-0.337,41.770,0.9923,0,2.412,0.286,12.000,0.2653,4.000,-4.000,0.000,0.667,-25.000,-14.000,-0.2476,-0.0968,0.072,0.072,-0.097,2.068,1.200,-0.051,0.0029,-0.024,nan,0.00,1,1,0,0,0,0.0000,0.000,0,0.000,0,0.000,0,0,search,,SEARCH,2,2,0,0.000,0,0,0
1785715115.025,-7.342,-0.447,40.676,0.9918,0,2.330,0.388,12.000,0.2654,4.000,-4.000,0.000,0.667,-25.000,-14.000,-0.2667,-0.0959,0.053,0.053,-0.096,2.063,1.200,-0.059,0.0029,-0.023,nan,0.00,1,1,0,0,0,0.0000,0.000,0,0.000,0,0.000,0,0,search,,SEARCH,2,2,0,0.000,0,0,0
1785715115.051,-7.545,-0.543,39.678,0.9913,0,2.259,0.496,12.000,0.2656,4.000,-4.000,0.000,0.667,-25.000,-14.000,-0.2849,-0.0950,0.034,0.034,-0.095,2.059,1.200,-0.047,0.0029,-0.022,nan,0.00,1,1,0,0,0,0.0000,0.000,0,0.000,0,0.000,0,0,search,,SEARCH,2,2,0,0.000,0,0,0
1785715115.086,-7.747,-0.640,38.664,0.9908,0,2.188,0.613,12.000,0.2657,4.000,-4.000,0.000,0.667,-25.000,-14.000,-0.3043,-0.0942,0.015,0.015,-0.094,2.056,1.200,-0.027,0.0029,-0.022,nan,0.00,1,1,0,0,0,0.0000,0.000,0,0.000,0,0.000,0,0,search,,SEARCH,2,2,0,0.000,0,0,0
1785715115.130,-7.935,-0.722,37.674,0.9903,0,2.123,0.722,12.000,0.2658,4.000,-4.000,0.000,0.667,-25.000,-14.000,-0.3244,-0.0937,-0.005,-0.005,-0.094,2.054,1.200,-0.000,0.0029,-0.021,nan,0.00,1,1,0,0,0,0.0000,0.000,0,0.000,0,0.000,0,0,search,,SEARCH,2,2,0,0.000,0,0,0
1785715115.162,-8.120,-0.799,36.656,0.9899,0,2.058,0.829,12.000,0.2660,4.000,-4.000,0.000,0.667,-25.000,-14.000,-0.3460,-0.0932,-0.027,-0.027,-0.093,2.053,1.200,0.029,0.0029,-0.020,nan,0.00,1,1,0,0,0,0.0000,0.000,0,0.000,0,0.000,1,0,search,,SEARCH,2,2,0,0.000,0,0,0
1785715115.190,-8.120,-0.799,36.656,0.9899,0,2.058,0.860,12.000,0.2660,4.000,-4.000,0.000,0.667,-25.000,-14.000,-0.3460,-0.0932,-0.027,-0.027,-0.093,2.053,1.200,0.060,0.0029,-0.020,nan,0.00,1,1,0,0,0,0.0000,0.000,0,0.000,0,0.000,0,0,search,,SEARCH,2,2,0,0.000,0,0,0
1785715115.228,-8.303,-0.872,35.606,0.9894,0,1.994,0.956,12.000,0.2661,4.000,-4.000,0.000,0.667,-25.000,-14.000,-0.3693,-0.0927,-0.050,-0.050,-0.093,2.054,1.200,0.084,0.0029,-0.019,nan,0.00,1,1,0,0,0,0.0000,0.000,0,0.000,0,0.000,1,0,search,,SEARCH,2,2,0,0.000,0,1,0
1785715115.270,-8.492,-0.941,34.476,0.9889,0,1.928,1.054,12.000,0.2662,4.000,-4.000,0.000,0.667,-25.000,-14.000,-0.3957,-0.0922,-0.076,-0.076,-0.092,2.055,1.200,0.113,0.0029,-0.019,nan,0.00,1,1,0,0,0,0.0000,0.000,0,0.000,0,0.000,2,0,search,,SEARCH,2,2,0,0.000,0,0,0
1785715115.296,-8.675,-1.004,33.334,0.9884,0,1.864,1.153,12.000,0.2664,4.000,-4.000,0.000,0.667,-25.000,-14.000,-0.4234,-0.0918,-0.104,-0.104,-0.092,2.057,1.200,0.149,0.0029,-0.018,nan,0.00,1,1,0,0,0,0.0000,0.000,0,0.000,0,0.000,0,0,search,,SEARCH,2,2,0,0.000,0,0,0
1785715115.325,-8.824,-1.052,32.370,0.9880,0,1.812,1.235,12.000,0.2665,4.000,-4.000,0.000,0.667,-25.000,-14.000,-0.4475,-0.0915,-0.128,-0.128,-0.092,2.059,1.200,0.183,0.0029,-0.018,nan,0.00,1,1,0,0,0,0.0000,0.000,0,0.000,0,0.000,0,0,search,,SEARCH,2,2,0,0.000,0,0,0
1785715115.361,-8.973,-1.096,31.362,0.9876,0,1.759,1.317,12.000,0.2666,4.000,-4.000,0.000,0.667,-25.000,-14.000,-0.4733,-0.0913,-0.154,-0.154,-0.091,2.063,1.200,0.221,0.0029,-0.017,nan,0.00,1,1,0,0,0,0.0000,0.000,0,0.000,0,0.000,0,0,search,,SEARCH,2,2,0,0.000,0,0,0
1785715115.392,-8.973,-1.096,31.362,0.9876,0,1.759,1.298,12.000,0.2666,4.000,-4.000,0.000,0.667,-25.000,-14.000,-0.4733,-0.0913,-0.154,-0.154,-0.091,2.063,1.200,0.202,0.0029,-0.016,nan,0.00,1,1,0,0,0,0.0000,0.000,0,0.000,0,0.000,0,0,search,,SEARCH,2,2,0,0.000,0,0,0
1785715115.423,-9.115,-1.136,30.366,0.9872,0,1.710,1.383,12.000,0.2667,4.000,-4.000,0.000,0.667,-25.000,-14.000,-0.4993,-0.0912,-0.180,-0.180,-0.091,2.067,1.200,0.247,0.0029,-0.016,nan,0.00,1,1,0,0,0,0.0000,0.000,0,0.000,0,0.000,1,0,search,,SEARCH,2,2,0,0.000,0,0,0
1785715115.450,-9.271,-1.176,29.232,0.9867,0,1.655,1.477,12.000,0.2668,4.000,-4.000,0.000,0.667,-25.000,-14.000,-0.5297,-0.0912,-0.210,-0.210,-0.091,2.073,1.200,0.300,0.0029,-0.016,nan,0.00,1,1,0,0,0,0.0000,0.000,0,0.000,0,0.000,0,0,search,,SEARCH,2,2,0,0.000,0,0,0
1785715115.485,-9.423,-1.211,28.068,0.9863,0,1.602,1.567,12.000,0.2669,4.000,-4.000,0.000,0.667,-25.000,-14.000,-0.5617,-0.0913,-0.242,-0.242,-0.091,2.080,1.200,0.357,0.0029,-0.015,nan,0.00,1,1,0,0,0,0.0000,0.000,0,0.000,0,0.000,0,0,search,,SEARCH,2,2,0,0.000,0,0,0
1785715115.516,-9.423,-1.211,28.068,0.9863,0,1.602,1.520,12.000,0.2669,4.000,-4.000,0.000,0.667,-25.000,-14.000,-0.5617,-0.0913,-0.242,-0.242,-0.091,2.080,1.200,0.310,0.0029,-0.015,nan,0.00,1,1,0,0,0,0.0000,0.000,0,0.000,0,0.000,0,0,search,,SEARCH,2,2,0,0.000,0,0,0
1785715115.548,-9.564,-1.237,26.947,0.9859,0,1.552,1.614,12.000,0.2669,4.000,-4.000,0.000,0.667,-25.000,-14.000,-0.5930,-0.0914,-0.274,-0.274,-0.091,2.088,1.200,0.376,0.0029,-0.014,nan,0.00,1,1,0,0,0,0.0000,0.000,0,0.000,0,0.000,0,0,search,,SEARCH,2,2,0,0.000,0,0,0
1785715115.575,-9.692,-1.261,25.889,0.9855,0,1.508,1.695,12.000,0.2670,4.000,-4.000,0.000,0.667,-25.000,-14.000,-0.6231,-0.0915,-0.304,-0.304,-0.092,2.095,1.200,0.434,0.0029,-0.014,nan,0.00,1,1,0,0,0,0.0000,0.000,0,0.000,0,0.000,0,0,search,,SEARCH,2,2,0,0.000,0,0,0
1785715115.609,-9.824,-1.280,24.755,0.9851,0,1.462,1.777,12.000,0.2671,4.000,-4.000,0.000,0.667,-25.000,-14.000,-0.6558,-0.0918,-0.337,-0.337,-0.092,2.105,1.200,0.497,0.0029,-0.013,nan,0.00,1,1,0,0,0,0.0000,0.000,0,0.000,0,0.000,0,0,search,,SEARCH,2,2,0,0.000,0,0,0
1785715115.641,-9.824,-1.280,24.755,0.9851,0,1.462,1.706,12.000,0.2671,4.000,-4.000,0.000,0.667,-25.000,-14.000,-0.6558,-0.0918,-0.337,-0.337,-0.092,2.105,1.200,0.426,0.0029,-0.013,nan,0.00,1,1,0,0,0,0.0000,0.000,0,0.000,0,0.000,0,0,search,,SEARCH,2,2,0,0.000,0,0,0
1785715115.671,-9.949,-1.293,23.639,0.9847,0,1.418,1.800,12.000,0.2672,4.000,-4.000,0.000,0.667,-25.000,-14.000,-0.6885,-0.0921,-0.369,-0.369,-0.092,2.114,1.200,0.507,0.0029,-0.013,nan,0.00,1,1,0,0,0,0.0000,0.000,0,0.000,0,0.000,0,0,search,,SEARCH,2,2,0,0.000,0,0,0
1785715115.703,-10.065,-1.306,22.573,0.9844,0,1.377,1.883,12.000,0.2672,4.000,-4.000,0.000,0.667,-25.000,-14.000,-0.7199,-0.0925,-0.401,-0.401,-0.092,2.125,1.200,0.577,0.0029,-0.012,nan,0.00,1,1,0,0,0,0.0000,0.000,0,0.000,0,0.000,0,0,search,,SEARCH,2,2,0,0.000,0,0,0
1785715115.735,-10.172,-1.313,21.534,0.9840,0,1.340,1.951,12.000,0.2673,4.000,-4.000,0.000,0.667,-25.000,-14.000,-0.7507,-0.0930,-0.431,-0.431,-0.093,2.135,1.200,0.638,0.0029,-0.012,nan,0.00,1,1,0,0,0,0.0000,0.000,0,0.000,0,0.000,1,0,search,,SEARCH,2,2,0,0.000,0,0,0
1785715115.781,-10.278,-1.315,20.476,0.9837,0,1.303,2.015,12.000,0.2674,4.000,-4.000,0.000,0.667,-25.000,-14.000,-0.7823,-0.0935,-0.463,-0.463,-0.094,2.147,1.200,0.700,0.0029,-0.011,nan,0.00,1,1,0,0,0,0.0000,0.000,0,0.000,0,0.000,0,0,search,,SEARCH,2,2,0,0.000,0,0,0
1785715115.808,-10.392,-1.312,19.288,0.9833,0,1.263,2.091,12.000,0.2674,4.000,-4.000,0.000,0.667,-25.000,-14.000,-0.8183,-0.0941,-0.499,-0.499,-0.094,2.160,1.200,0.779,0.0029,-0.011,nan,0.00,1,1,0,0,0,0.0000,0.000,0,0.000,0,0.000,0,0,search,,SEARCH,2,2,0,0.000,0,0,0
1785715115.843,-10.392,-1.312,19.288,0.9833,0,1.263,1.977,12.000,0.2674,4.000,-4.000,0.000,0.667,-25.000,-14.000,-0.8183,-0.0941,-0.499,-0.499,-0.094,2.160,1.200,0.665,0.0029,-0.011,nan,0.00,1,1,0,0,0,0.0000,0.000,0,0.000,0,0.000,0,0,search,,SEARCH,2,2,0,0.000,0,0,0
1785715115.870,-10.505,-1.303,18.062,0.9830,0,1.223,2.080,12.000,0.2675,4.000,-4.000,0.000,0.667,-25.000,-14.000,-0.8558,-0.0947,-0.537,-0.537,-0.095,2.174,1.200,0.777,0.0029,-0.010,nan,0.00,1,1,0,0,0,0.0000,0.000,0,0.000,0,0.000,0,0,search,,SEARCH,2,2,0,0.000,0,0,0
1785715115.904,-10.606,-1.299,16.930,0.9827,0,1.188,2.160,12.000,0.2675,4.000,-4.000,0.000,0.667,-25.000,-14.000,-0.8908,-0.0953,-0.572,-0.572,-0.095,2.188,1.200,0.861,0.0029,-0.010,nan,0.00,1,1,0,0,0,0.0000,0.000,0,0.000,0,0.000,1,0,search,,SEARCH,2,2,0,0.000,0,1,0
1785715115.934,-10.700,-1.288,15.842,0.9824,0,1.155,2.219,12.000,0.2676,4.000,-4.000,0.000,0.667,-25.000,-14.000,-0.9245,-0.0959,-0.605,-0.605,-0.096,2.202,1.200,0.930,0.0029,-0.010,nan,0.00,1,1,0,0,0,0.0000,0.000,0,0.000,0,0.000,0,0,search,,SEARCH,2,2,0,0.000,0,0,0
1785715115.967,-10.700,-1.288,15.842,0.9824,0,1.155,2.092,12.000,0.2676,4.000,-4.000,0.000,0.667,-25.000,-14.000,-0.9245,-0.0959,-0.605,-0.605,-0.096,2.202,1.200,0.803,0.0029,-0.010,nan,0.00,1,1,0,0,0,0.0000,0.000,0,0.000,0,0.000,0,0,search,,SEARCH,2,2,0,0.000,0,0,0
1785715115.998,-10.796,-1.273,14.680,0.9821,0,1.121,2.193,12.000,0.2676,4.000,-4.000,0.000,0.667,-25.000,-14.000,-0.9607,-0.0965,-0.641,-0.641,-0.097,2.218,1.200,0.920,0.0029,-0.009,nan,0.00,1,1,0,0,0,0.0000,0.000,0,0.000,0,0.000,0,0,search,,SEARCH,2,2,0,0.000,0,0,0
1785715116.022,-10.796,-1.273,14.680,0.9821,0,1.121,2.080,12.000,0.2676,4.000,-4.000,0.000,0.667,-25.000,-14.000,-0.9607,-0.0965,-0.641,-0.641,-0.097,2.218,1.200,0.807,0.0029,-0.009,nan,0.00,1,1,0,0,0,0.0000,0.000,0,0.000,0,0.000,0,0,search,,SEARCH,2,2,0,0.000,0,0,0
1785715116.060,-10.902,-1.261,13.353,0.9817,0,1.084,2.233,12.000,0.2676,4.000,-4.000,0.000,0.667,-25.000,-14.000,-1.0024,-0.0973,-0.683,-0.683,-0.097,2.236,1.200,0.972,0.0029,-0.009,nan,0.00,1,1,0,0,0,0.0000,0.000,0,0.000,0,0.000,0,0,search,,SEARCH,2,2,0,0.000,0,0,0
1785715116.104,-10.994,-1.264,12.220,0.9814,0,-0.416,2.341,10.500,0.2677,4.000,4.000,0.000,0.667,25.000,14.000,-1.0382,-0.0979,-0.719,-0.719,-0.098,2.253,1.200,1.077,0.0029,-0.008,nan,0.00,1,1,0,0,0,0.0000,0.000,0,0.000,0,0.000,0,0,search,,SEARCH,2,2,0,0.000,0,0,0
1785715116.136,-10.903,-1.197,11.061,0.9817,0,-1.916,2.374,9.000,0.2675,4.000,4.000,0.000,0.667,25.000,14.000,-1.0872,-0.0990,-0.768,-0.768,-0.099,2.270,1.200,1.177,0.0029,-0.008,nan,0.00,1,1,0,0,0,0.0000,0.000,0,0.000,0,0.000,0,0,search,,SEARCH,2,2,0,0.000,0,0,0
1785715116.168,-10.649,-1.093,10.090,0.9826,0,-3.416,2.320,7.500,0.2672,4.000,4.000,0.000,0.667,25.000,14.000,-1.1412,-0.1006,-0.822,-0.822,-0.101,2.285,1.200,1.227,0.0029,-0.008,nan,0.00,1,1,0,0,0,0.0000,0.000,0,0.000,0,0.000,0,0,search,,SEARCH,2,2,0,0.000,0,0,0
1785715116.214,-10.293,-0.983,9.338,0.9838,0,-4.916,2.213,6.000,0.2668,4.000,4.000,0.000,0.667,25.000,14.000,-1.1903,-0.1022,-0.871,-0.871,-0.102,2.297,1.200,1.230,0.0029,-0.008,nan,0.00,1,1,0,0,0,0.0000,0.000,0,0.000,0,0.000,0,0,search,,SEARCH,2,2,0,0.000,0,0,0
1785715116.246,-10.289,-0.982,9.329,0.9838,0,-6.416,2.068,4.500,0.2668,4.000,4.000,0.000,0.667,25.000,14.000,-1.1908,-0.1022,-0.872,-0.872,-0.102,2.297,1.200,1.086,0.0029,-0.007,nan,0.00,1,1,0,0,0,0.0000,0.000,0,0.000,0,0.000,0,0,search,,SEARCH,2,2,0,0.000,0,0,0
1785715116.277,-9.743,-0.844,8.723,0.9855,0,-7.916,1.948,3.000,0.2663,4.000,4.000,0.000,0.667,25.000,14.000,-1.2443,-0.1039,-0.925,-0.925,-0.104,2.306,1.200,1.104,0.0029,-0.007,nan,0.00,1,1,0,0,0,0.0000,0.000,0,0.000,0,0.000,0,0,search,,SEARCH,2,2,0,0.000,0,0,0
1785715116.307,-8.985,-0.711,8.413,0.9877,0,-8.045,1.766,1.500,0.2656,4.000,4.000,0.000,0.667,25.000,14.000,-1.2951,-0.1053,-0.976,-0.976,-0.105,2.310,1.200,1.055,0.0029,-0.007,nan,0.00,1,1,0,0,0,0.0000,0.000,0,0.000,0,0.000,0,0,search,,SEARCH,2,2,0,0.000,0,0,0
1785715116.334,-8.985,-0.711,8.413,0.9877,0,-8.045,1.682,0.000,0.2656,4.000,4.000,0.000,0.667,25.000,14.000,-1.2951,-0.1053,-0.976,-0.976,-0.105,2.310,1.200,0.972,0.0029,-0.007,nan,0.00,1,1,0,0,0,0.0000,0.000,0,0.000,0,0.000,0,0,search,,SEARCH,2,2,0,0.000,0,0,0
1785715116.369,-8.018,-0.504,8.397,0.9902,0,-7.706,1.376,-1.500,0.2648,4.000,4.000,0.000,0.667,25.000,14.000,-1.3673,-0.1069,-1.048,-1.048,-0.107,2.307,1.200,0.872,0.0029,-0.007,nan,0.00,1,1,0,0,0,0.0000,0.000,0,0.000,0,0.000,1,0,search,,SEARCH,2,2,0,0.000,0,1,0
1785715116.397,-7.211,-0.333,8.555,0.9921,0,-7.424,1.077,-3.000,0.2643,4.000,4.000,0.000,0.667,25.000,14.000,-1.4296,-0.1074,-1.110,-1.110,-0.107,2.300,1.200,0.745,0.0029,-0.006,nan,0.00,1,1,0,0,0,0.0000,0.000,0,0.000,0,0.000,0,0,search,,SEARCH,2,2,0,0.000,0,0,0
1785715116.427,-7.211,-0.333,8.555,0.9921,0,-7.424,1.079,-4.500,0.2643,4.000,4.000,0.000,0.667,25.000,14.000,-1.4296,-0.1074,-1.110,-1.110,-0.107,2.300,1.200,0.746,0.0029,-0.006,nan,0.00,1,1,0,0,0,0.0000,0.000,0,0.000,0,0.000,0,0,search,,SEARCH,2,2,0,0.000,0,0,0
1785715116.461,-6.361,-0.169,8.864,0.9938,0,-7.126,0.754,-6.000,0.2639,4.000,4.000,0.000,0.667,25.000,14.000,-1.4945,-0.1068,-1.175,-1.175,-0.107,2.288,1.200,0.586,0.0029,-0.006,nan,0.00,1,1,0,0,0,0.0000,0.000,0,0.000,0,0.000,0,0,search,,SEARCH,2,2,0,0.000,0,0,0
1785715116.490,-5.561,-0.020,9.482,0.9953,0,-6.846,0.379,-7.500,0.2635,4.000,4.000,0.000,0.667,25.000,14.000,-1.5630,-0.1051,-1.244,-1.244,-0.105,2.268,1.200,0.359,0.0029,-0.006,nan,0.00,1,1,0,0,0,0.0000,0.000,0,0.000,0,0.000,0,0,search,,SEARCH,2,2,0,0.000,0,0,0
1785715116.524,-5.561,-0.020,9.482,0.9953,0,-6.846,0.472,-9.000,0.2635,4.000,4.000,0.000,0.667,25.000,14.000,-1.5630,-0.1051,-1.244,-1.244,-0.105,2.268,1.200,0.453,0.0029,-0.006,nan,0.00,1,1,0,0,0,0.0000,0.000,0,0.000,0,0.000,0,0,search,,SEARCH,2,2,0,0.000,0,0,0
1785715116.555,-4.781,0.100,10.304,0.9965,0,-6.573,0.066,-10.500,0.2633,4.000,4.000,0.000,0.667,25.000,14.000,-1.6325,-0.1025,-1.313,-1.313,-0.103,2.241,1.200,0.167,0.0029,-0.006,nan,0.00,1,1,0,0,0,0.0000,0.000,0,0.000,0,0.000,0,0,search,,SEARCH,2,2,0,0.000,0,0,0
1785715116.584,-4.059,0.190,11.356,0.9975,0,-6.321,-0.332,-12.000,0.2632,4.000,4.000,0.000,0.667,25.000,14.000,-1.7033,-0.0996,-1.384,-1.384,-0.100,2.208,1.200,-0.142,0.0029,-0.005,nan,0.00,1,1,0,0,0,0.0000,0.000,0,0.000,0,0.000,0,0,search,,SEARCH,2,2,0,0.000,0,0,0
1785715116.614,-4.059,0.190,11.356,0.9975,0,-6.321,-0.133,-12.000,0.2632,4.000,4.000,0.000,0.667,25.000,14.000,-1.7033,-0.0996,-1.384,-1.384,-0.100,2.208,1.200,0.057,0.0029,-0.005,nan,0.00,1,1,0,0,0,0.0000,0.000,0,0.000,0,0.000,0,0,search,,SEARCH,2,2,0,0.000,0,0,0
1785715116.650,-3.285,0.266,12.743,0.9983,0,-6.050,-0.658,-12.000,0.2631,4.000,4.000,0.000,0.667,25.000,14.000,-1.7825,-0.0963,-1.463,-1.463,-0.096,2.164,1.200,-0.391,0.0029,-0.005,nan,0.00,1,1,0,0,0,0.0000,0.000,0,0.000,0,0.000,1,0,search,,SEARCH,2,2,0,0.000,0,1,0
1785715116.678,-2.677,0.263,13.833,0.9989,0,-5.837,-0.896,-12.000,0.2631,4.000,4.000,0.000,0.667,25.000,14.000,-1.8403,-0.0937,-1.521,-1.521,-0.094,2.128,1.200,-0.634,0.0029,-0.005,nan,0.00,1,1,0,0,0,0.0000,0.000,0,0.000,0,0.000,0,0,search,,SEARCH,2,2,0,0.000,0,0,0
1785715116.714,-2.080,0.223,14.914,0.9993,0,-5.628,-1.061,-12.000,0.2631,4.000,4.000,0.000,0.667,25.000,14.000,-1.8931,-0.0913,-1.574,-1.574,-0.091,2.091,1.200,-0.838,0.0029,-0.005,nan,0.00,1,1,0,0,0,0.0000,0.000,0,0.000,0,0.000,0,0,search,,SEARCH,2,2,0,0.000,0,0,0
1785715116.745,-2.080,0.223,14.914,0.9993,0,-5.628,-0.742,-12.000,0.2631,4.000,4.000,0.000,0.667,25.000,14.000,-1.8931,-0.0913,-1.574,-1.574,-0.091,2.091,1.200,-0.518,0.0029,-0.005,nan,0.00,1,1,0,0,0,0.0000,0.000,0,0.000,0,0.000,0,0,search,,SEARCH,2,2,0,0.000,0,0,0
1785715116.778,-1.485,0.155,16.050,0.9997,0,-5.420,-0.969,-12.000,0.2631,4.000,4.000,0.000,0.667,25.000,14.000,-1.9432,-0.0890,-1.624,-1.624,-0.089,2.052,1.200,-0.814,0.0029,-0.004,nan,0.00,1,1,0,0,0,0.0000,0.000,0,0.000,0,0.000,0,0,search,,SEARCH,2,2,0,0.000,0,0,0
1785715116.823,-0.947,0.099,17.100,0.9999,0,-5.232,-1.116,-12.000,0.2631,4.000,4.000,0.000,0.667,25.000,14.000,-1.9852,-0.0871,-1.666,-1.666,-0.087,2.016,1.200,-1.016,0.0029,-0.004,nan,0.00,1,1,0,0,0,0.0000,0.000,0,0.000,0,0.000,1,0,search,,SEARCH,2,2,0,0.000,0,0,0
1785715116.856,-0.384,0.017,18.214,1.0000,0,-5.034,-1.234,-12.000,0.2632,4.000,4.000,0.000,0.667,25.000,14.000,-2.0250,-0.0852,-1.706,-1.706,-0.085,1.977,1.200,-1.218,0.0029,-0.004,nan,0.00,1,1,0,0,0,0.0000,0.000,0,0.000,0,0.000,0,0,search,,SEARCH,2,2,0,0.000,0,0,0
1785715116.903,0.146,-0.106,19.347,1.0000,0,-4.849,-1.288,-12.000,0.2632,4.000,4.000,0.000,0.667,25.000,14.000,-2.0606,-0.0834,-1.741,-1.741,-0.083,1.937,1.200,-1.394,0.0029,-0.004,nan,0.00,1,1,0,0,0,0.0000,0.000,0,0.000,0,0.000,2,0,search,,SEARCH,2,2,0,0.000,0,0,0
1785715116.934,0.656,-0.241,20.467,0.9999,0,-4.670,-1.296,-12.000,0.2633,4.000,4.000,0.000,0.667,25.000,14.000,-2.0915,-0.0818,-1.772,-1.772,-0.082,1.898,1.200,-1.538,0.0029,-0.004,nan,0.00,1,1,0,0,0,0.0000,0.000,0,0.000,0,0.000,1,0,search,,SEARCH,2,2,0,0.000,0,1,0
1785715116.962,1.093,-0.373,21.476,0.9998,0,-4.518,-1.238,-12.000,0.2634,4.000,4.000,0.000,0.667,25.000,14.000,-2.1158,-0.0805,-1.797,-1.797,-0.080,1.864,1.200,-1.611,0.0029,-0.004,nan,0.00,1,1,0,0,0,0.0000,0.000,0,0.000,0,0.000,0,0,search,,SEARCH,2,2,0,0.000,0,0,0
1785715116.997,1.511,-0.508,22.481,0.9996,0,-4.371,-1.173,-12.000,0.2635,4.000,4.000,0.000,0.667,25.000,14.000,-2.1367,-0.0792,-1.817,-1.817,-0.079,1.830,1.200,-1.680,0.0029,-0.004,nan,0.00,1,1,0,0,0,0.0000,0.000,0,0.000,0,0.000,0,0,search,,SEARCH,2,2,0,0.000,0,0,0
1785715117.029,1.511,-0.508,22.481,0.9996,0,-4.371,-0.796,-12.000,0.2635,4.000,4.000,0.000,0.667,25.000,14.000,-2.1367,-0.0792,-1.817,-1.817,-0.079,1.830,1.200,-1.304,0.0029,-0.004,nan,0.00,1,1,0,0,0,0.0000,0.000,0,0.000,0,0.000,0,0,search,,SEARCH,2,2,0,0.000,0,0,0
1785715117.059,1.948,-0.655,23.570,0.9994,0,-4.218,-0.865,-12.000,0.2636,4.000,4.000,0.000,0.667,25.000,14.000,-2.1557,-0.0778,-1.836,-1.836,-0.078,1.794,1.200,-1.520,0.0029,-0.003,nan,0.00,1,1,0,0,0,0.0000,0.000,0,0.000,0,0.000,0,0,search,,SEARCH,2,2,0,0.000,0,0,0
1785715117.086,2.364,-0.780,24.655,0.9991,0,-4.073,-0.909,-12.000,0.2638,4.000,4.000,0.000,0.667,25.000,14.000,-2.1705,-0.0765,-1.851,-1.851,-0.077,1.759,1.200,-1.688,0.0029,-0.003,nan,0.00,1,1,0,0,0,0.0000,0.000,0,0.000,0,0.000,0,0,search,,SEARCH,2,2,0,0.000,0,0,0
1785715117.122,2.755,-0.916,25.715,0.9987,0,-3.936,-0.898,-12.000,0.2639,4.000,4.000,0.000,0.667,25.000,14.000,-2.1816,-0.0753,-1.862,-1.862,-0.075,1.725,1.200,-1.814,0.0029,-0.003,nan,0.00,1,1,0,0,0,0.0000,0.000,0,0.000,0,0.000,0,0,search,,SEARCH,2,2,0,0.000,0,0,0
1785715117.153,2.755,-0.916,25.715,0.9987,0,-3.936,-0.561,-12.000,0.2639,4.000,4.000,0.000,0.667,25.000,14.000,-2.1816,-0.0753,-1.862,-1.862,-0.075,1.725,1.200,-1.476,0.0029,-0.003,nan,0.00,1,1,0,0,0,0.0000,0.000,0,0.000,0,0.000,0,0,search,,SEARCH,2,2,0,0.000,0,0,0
1785715117.183,3.134,-1.060,26.788,0.9983,0,-3.803,-0.626,-12.000,0.2641,4.000,4.000,0.000,0.667,25.000,14.000,-2.1896,-0.0742,-1.870,-1.870,-0.074,1.691,1.200,-1.686,0.0029,-0.003,nan,0.00,1,1,0,0,0,0.0000,0.000,0,0.000,0,0.000,1,0,search,,SEARCH,2,2,0,0.000,0,0,0
1785715117.229,3.490,-1.171,27.803,0.9979,0,-3.678,-0.655,-12.000,0.2642,4.000,4.000,0.000,0.667,25.000,14.000,-2.1941,-0.0733,-1.875,-1.875,-0.073,1.660,1.200,-1.826,0.0029,-0.003,nan,0.00,1,1,0,0,0,0.0000,0.000,0,0.000,0,0.000,0,0,search,,SEARCH,2,2,0,0.000,0,0,0
1785715117.258,3.873,-1.311,28.940,0.9975,0,-3.544,-0.674,-12.000,0.2644,4.000,4.000,0.000,0.667,25.000,14.000,-2.1956,-0.0722,-1.876,-1.876,-0.072,1.626,1.200,-1.986,0.0029,-0.003,nan,0.00,1,1,0,0,0,0.0000,0.000,0,0.000,0,0.000,2,0,search,,SEARCH,2,2,0,0.000,0,0,0
1785715117.287,4.224,-1.465,30.077,0.9970,0,-3.422,-0.645,-12.000,0.2645,4.000,4.000,0.000,0.667,25.000,14.000,-2.1937,-0.0713,-1.874,-1.874,-0.071,1.593,1.200,-2.109,0.0029,-0.003,nan,0.00,1,1,0,0,0,0.0000,0.000,0,0.000,0,0.000,0,0,search,,SEARCH,2,2,0,0.000,0,0,0
1785715117.323,4.521,-1.602,31.078,0.9965,0,-3.318,-0.554,-12.000,0.2647,4.000,4.000,0.000,0.667,25.000,14.000,-2.1895,-0.0706,-1.870,-1.870,-0.071,1.565,1.200,-2.156,0.0029,-0.003,nan,0.00,1,1,0,0,0,0.0000,0.000,0,0.000,0,0.000,0,0,search,,SEARCH,2,2,0,0.000,0,0,0
1785715117.357,4.521,-1.602,31.078,0.9965,0,-3.318,-0.234,-12.000,0.2647,4.000,4.000,0.000,0.667,25.000,14.000,-2.1895,-0.0706,-1.870,-1.870,-0.071,1.565,1.200,-1.835,0.0029,-0.003,nan,0.00,1,1,0,0,0,0.0000,0.000,0,0.000,0,0.000,0,0,search,,SEARCH,2,2,0,0.000,0,0,0
1785715117.387,4.809,-1.737,32.090,0.9960,0,-3.217,-0.240,-12.000,0.2648,4.000,4.000,0.000,0.667,25.000,14.000,-2.1830,-0.0701,-1.864,-1.864,-0.070,1.537,1.200,-1.977,0.0029,-0.003,nan,0.00,1,1,0,0,0,0.0000,0.000,0,0.000,0,0.000,1,0,search,,SEARCH,2,2,0,0.000,0,1,0
1785715117.414,5.094,-1.847,33.105,0.9955,0,-3.117,-0.239,-12.000,0.2650,4.000,4.000,0.000,0.667,25.000,14.000,-2.1741,-0.0697,-1.855,-1.855,-0.070,1.511,1.200,-2.087,0.0029,-0.002,nan,0.00,1,1,0,0,0,0.0000,0.000,0,0.000,0,0.000,0,0,search,,SEARCH,2,2,0,0.000,0,0,0
1785715117.447,5.370,-1.969,34.164,0.9950,0,-3.021,-0.217,-12.000,0.2651,4.000,4.000,0.000,0.667,25.000,14.000,-2.1624,-0.0696,-1.843,-1.843,-0.070,1.484,1.200,-2.187,0.0029,-0.002,nan,0.00,1,1,0,0,0,0.0000,0.000,0,0.000,0,0.000,0,0,search,,SEARCH,2,2,0,0.000,0,0,0
1785715117.479,5.653,-2.104,35.300,0.9945,0,-2.922,-0.184,-12.000,0.2653,4.000,4.000,0.000,0.667,25.000,14.000,-2.1474,-0.0695,-1.828,-1.828,-0.070,1.456,1.200,-2.288,0.0029,-0.002,nan,0.00,1,1,0,0,0,0.0000,0.000,0,0.000,0,0.000,0,0,search,,SEARCH,2,2,0,0.000,0,0,0
1785715117.512,5.653,-2.104,35.300,0.9945,0,-2.922,0.094,-12.000,0.2653,4.000,4.000,0.000,0.667,25.000,14.000,-2.1474,-0.0695,-1.828,-1.828,-0.070,1.456,1.200,-2.010,0.0029,-0.002,nan,0.00,1,1,0,0,0,0.0000,0.000,0,0.000,0,0.000,0,0,search,,SEARCH,2,2,0,0.000,0,0,0
1785715117.555,5.920,-2.238,36.423,0.9939,0,-2.828,0.073,-12.000,0.2654,4.000,4.000,0.000,0.667,25.000,14.000,-2.1299,-0.0696,-1.811,-1.811,-0.070,1.429,1.200,-2.165,0.0029,-0.002,nan,0.00,1,1,0,0,0,0.0000,0.000,0,0.000,0,0.000,0,0,search,,SEARCH,2,2,0,0.000,0,0,0
1785715117.590,6.186,-2.354,37.593,0.9933,0,-1.328,0.061,-10.500,0.2655,4.000,-4.000,0.000,0.667,-25.000,-14.000,-2.1092,-0.0699,-1.790,-1.790,-0.070,1.403,1.200,-2.293,0.0029,-0.002,nan,0.00,1,1,0,0,0,0.0000,0.000,0,0.000,0,0.000,1,0,search,,SEARCH,2,2,0,0.000,0,1,0
1785715117.622,6.379,-2.460,38.637,0.9929,0,0.172,0.113,-9.000,0.2656,4.000,-4.000,0.000,0.667,-25.000,-14.000,-2.0881,-0.0703,-1.769,-1.769,-0.070,1.381,1.200,-2.347,0.0029,-0.002,nan,0.00,1,1,0,0,0,0.0000,0.000,0,0.000,0,0.000,0,0,search,,SEARCH,2,2,0,0.000,0,0,0
1785715117.651,6.334,-2.536,39.412,0.9929,0,1.672,0.258,-7.500,0.2656,4.000,-4.000,0.000,0.667,-25.000,-14.000,-2.0614,-0.0712,-1.742,-1.742,-0.071,1.368,1.200,-2.279,0.0029,-0.002,nan,0.00,1,1,0,0,0,0.0000,0.000,0,0.000,0,0.000,0,0,search,,SEARCH,2,2,0,0.000,0,0,0
1785715117.684,6.288,-2.601,40.074,0.9930,0,3.172,0.402,-6.000,0.2655,4.000,-4.000,0.000,0.667,-25.000,-14.000,-2.0373,-0.0722,-1.718,-1.718,-0.072,1.358,1.200,-2.198,0.0029,-0.002,nan,0.00,1,1,0,0,0,0.0000,0.000,0,0.000,0,0.000,0,0,search,,SEARCH,2,2,0,0.000,0,0,0
1785715117.714,6.018,-2.619,40.540,0.9934,0,4.672,0.551,-4.500,0.2653,4.000,-4.000,0.000,0.667,-25.000,-14.000,-2.0112,-0.0735,-1.692,-1.692,-0.074,1.355,1.200,-2.068,0.0029,-0.002,nan,0.00,1,1,0,0,0,0.0000,0.000,0,0.000,0,0.000,0,0,search,,SEARCH,2,2,0,0.000,0,0,0
1785715117.743,6.018,-2.619,40.540,0.9934,0,6.172,0.688,-3.000,0.2653,4.000,-4.000,0.000,0.667,-25.000,-14.000,-2.0112,-0.0735,-1.692,-1.692,-0.074,1.355,1.200,-1.931,0.0029,-0.002,nan,0.00,1,1,0,0,0,0.0000,0.000,0,0.000,0,0.000,0,0,search,,SEARCH,2,2,0,0.000,0,0,0
1785715117.777,5.637,-2.611,40.881,0.9941,0,6.873,0.775,-1.500,0.2651,4.000,-4.000,0.000,0.667,-25.000,-14.000,-1.9858,-0.0751,-1.667,-1.667,-0.075,1.355,1.200,-1.836,0.0029,-0.002,nan,0.00,1,1,0,0,0,0.0000,0.000,0,0.000,0,0.000,0,0,search,,SEARCH,2,2,0,0.000,0,0,0
1785715117.810,5.132,-2.578,41.112,0.9950,0,6.696,0.851,0.000,0.2648,4.000,-4.000,0.000,0.667,-25.000,-14.000,-1.9607,-0.0769,-1.641,-1.641,-0.077,1.358,1.200,-1.727,0.0029,-0.002,nan,0.00,1,1,0,0,0,0.0000,0.000,0,0.000,0,0.000,0,0,search,,SEARCH,2,2,0,0.000,0,0,0
1785715117.840,4.537,-2.523,41.235,0.9959,0,6.488,0.913,1.500,0.2644,4.000,-4.000,0.000,0.667,-25.000,-14.000,-1.9360,-0.0788,-1.617,-1.617,-0.079,1.364,1.200,-1.610,0.0029,-0.002,nan,0.00,1,1,0,0,0,0.0000,0.000,0,0.000,0,0.000,1,0,search,,SEARCH,2,2,0,0.000,0,1,0
1785715117.872,4.006,-2.445,41.170,0.9966,0,6.302,0.982,3.000,0.2642,4.000,-4.000,0.000,0.667,-25.000,-14.000,-1.9111,-0.0802,-1.592,-1.592,-0.080,1.375,1.200,-1.464,0.0029,-0.002,nan,0.00,1,1,0,0,0,0.0000,0.000,0,0.000,0,0.000,0,0,search,,SEARCH,2,2,0,0.000,0,0,0
1785715117.901,3.408,-2.331,40.871,0.9974,0,6.093,1.071,4.500,0.2639,4.000,-4.000,0.000,0.667,-25.000,-14.000,-1.8807,-0.0812,-1.561,-1.561,-0.081,1.392,1.200,-1.260,0.0029,-0.002,nan,0.00,1,1,0,0,0,0.0000,0.000,0,0.000,0,0.000,0,0,search,,SEARCH,2,2,0,0.000,0,0,0
1785715117.931,3.408,-2.331,40.871,0.9974,0,6.093,0.993,6.000,0.2639,4.000,-4.000,0.000,0.667,-25.000,-14.000,-1.8807,-0.0812,-1.561,-1.561,-0.081,1.392,1.200,-1.338,0.0029,-0.002,nan,0.00,1,1,0,0,0,0.0000,0.000,0,0.000,0,0.000,0,0,search,,SEARCH,2,2,0,0.000,0,0,0
1785715117.967,2.926,-2.225,40.525,0.9979,0,5.924,1.050,7.500,0.2638,4.000,-4.000,0.000,0.667,-25.000,-14.000,-1.8560,-0.0815,-1.537,-1.537,-0.081,1.409,1.200,-1.175,0.0029,-0.001,nan,0.00,1,1,0,0,0,0.0000,0.000,0,0.000,0,0.000,0,0,search,,SEARCH,2,2,0,0.000,0,0,0
1785715117.999,2.926,-2.225,40.525,0.9979,0,5.924,0.959,9.000,0.2638,4.000,-4.000,0.000,0.667,-25.000,-14.000,-1.8560,-0.0815,-1.537,-1.537,-0.081,1.409,1.200,-1.266,0.0029,-0.001,nan,0.00,1,1,0,0,0,0.0000,0.000,0,0.000,0,0.000,0,0,search,,SEARCH,2,0,0,0.000,0,0,0
1785715118.041,2.926,-2.225,40.525,0.9979,0,5.924,0.895,10.500,0.2638,4.000,-4.000,0.000,0.667,-25.000,-14.000,-1.8560,-0.0815,-1.537,-1.537,-0.081,1.409,1.200,-1.330,0.0029,-0.001,nan,0.00,1,1,0,0,0,0.0000,0.000,0,0.000,0,0.000,0,0,search,,SEARCH,2,0,0,0.000,0,0,0
1785715118.071,2.926,-2.225,40.525,0.9979,0,5.924,0.851,12.000,0.2638,4.000,-4.000,0.000,0.667,-25.000,-14.000,-1.8560,-0.0815,-1.537,-1.537,-0.081,1.409,1.200,-1.375,0.0029,-0.001,nan,0.00,1,1,0,0,0,0.0000,0.000,0,0.000,0,0.000,0,0,search,,SEARCH,2,0,0,0.000,0,0,0
1785715118.100,2.926,-2.225,40.525,0.9979,0,5.924,0.819,12.000,0.2638,4.000,-4.000,0.000,0.667,-25.000,-14.000,-1.8560,-0.0815,-1.537,-1.537,-0.081,1.409,1.200,-1.406,0.0029,-0.001,nan,0.00,1,1,0,0,0,0.0000,0.000,0,0.000,0,0.000,0,0,search,,SEARCH,2,0,0,0.000,0,0,0
1785715118.134,2.926,-2.225,40.525,0.9979,0,4.424,0.798,10.500,0.2804,10.541,0.032,-3.509,1.000,0.176,12.721,-0.0000,-0.0000,-1.537,-1.537,-0.081,1.409,1.200,-1.428,0.0029,-3.091,nan,0.00,1,1,1,1,0,0.0000,0.000,0,0.000,0,0.000,0,1,anduril,,anduril,2,0,-1,0.020,1,0,0
1785715118.170,2.926,-2.225,40.525,0.9979,0,2.924,0.782,9.000,0.2971,10.820,0.041,-3.644,1.000,0.217,7.616,-0.2335,2.0000,-1.537,-0.782,-0.081,1.409,1.200,-1.443,0.0029,-3.214,nan,1.63,1,1,1,1,1,0.0569,1.000,1,0.525,8,0.052,0,0,anduril,,anduril,2,0,-1,0.028,1,0,0
1785715118.207,2.926,-2.225,40.525,0.9979,0,1.424,0.772,7.500,0.3138,10.820,0.041,-3.644,1.000,0.217,14.000,-0.7548,0.0000,-1.537,-1.537,-0.081,1.409,1.200,-1.454,0.0029,-3.214,nan,1.63,1,1,1,0,1,0.0569,1.000,1,0.525,8,0.052,0,0,anduril,,anduril,2,0,-1,0.036,1,0,0
1785715118.238,2.926,-2.225,40.525,0.9979,0,-0.076,0.764,6.000,0.3304,11.115,0.026,-3.801,1.000,0.135,5.067,0.2399,2.0000,-1.537,-0.800,-0.081,1.409,1.200,-1.461,0.0029,-3.360,nan,1.63,1,1,1,1,1,0.0570,1.000,1,0.527,8,-0.014,0,0,anduril,,anduril,2,0,-1,0.024,0,0,0
1785715118.271,2.926,-2.225,40.525,0.9979,0,-1.576,0.759,4.500,0.3275,11.115,0.026,-3.801,1.000,0.135,14.000,-0.7370,0.0000,-1.537,-1.537,-0.081,1.409,1.200,-1.466,0.0029,-3.360,nan,1.63,1,1,1,0,1,0.0570,1.000,1,0.527,8,-0.014,0,0,anduril,,anduril,2,0,-1,0.012,0,0,0
1785715118.305,2.926,-2.225,40.525,0.9979,0,-0.341,0.753,3.000,0.3442,11.123,0.008,-3.872,1.000,0.041,3.267,0.5492,2.0000,-1.536,-0.766,-0.081,1.408,1.200,-1.473,0.0029,-3.432,nan,1.54,1,1,1,1,1,0.0537,1.000,1,0.528,8,-0.002,0,0,anduril,,anduril,2,0,-1,0.000,0,0,0
1785715118.344,2.929,-2.215,40.525,0.9979,0,-1.841,0.107,1.500,0.3609,10.992,0.011,-3.909,1.000,0.059,7.099,-0.1080,1.2910,-1.512,-0.821,-0.073,1.361,1.200,-2.108,0.0029,-3.475,nan,1.39,1,1,1,1,1,0.0487,1.000,1,0.525,8,0.022,0,0,anduril,,anduril,2,0,0,0.000,0,0,0
1785715118.384,3.033,-2.209,40.486,0.9979,0,-3.341,-0.291,0.000,0.3442,10.992,0.011,-3.909,1.000,0.059,11.737,-0.0000,-0.0000,-1.486,-1.486,-0.064,1.312,1.200,-2.500,0.0029,-3.476,nan,1.29,1,1,1,1,1,0.0449,1.000,1,0.526,8,0.023,0,1,yolo,118.9,yolo,2,0,0,0.000,0,0,0
1785715118.424,3.033,-2.209,40.486,0.9979,0,-4.841,-0.124,-1.263,0.3276,10.992,0.011,-3.909,1.000,0.059,11.737,-0.0000,-0.0000,-1.486,-1.486,-0.064,1.312,1.200,-2.333,0.0029,-3.476,nan,1.20,1,1,1,1,1,0.0420,1.000,1,0.526,8,0.023,0,0,yolo,118.9,yolo,2,0,0,0.000,0,0,0
1785715118.455,3.821,-2.245,40.631,0.9970,0,-6.341,-0.255,-1.635,0.3278,10.700,0.092,-3.849,1.000,0.495,12.816,-0.0000,-0.0000,-1.446,-1.446,-0.092,1.250,1.200,-2.500,0.0029,-3.412,nan,1.14,1,1,1,1,1,0.0398,1.000,1,0.526,8,-0.001,0,0,yolo,160.1,yolo,2,0,0,0.000,0,0,0
