t,roll,pitch,yaw,up,upset,cmd_roll_deg,cmd_pitch_deg,cmd_yaw_deg,thrust,bx,by,bz,blend,bearing_deg,desired_roll,d_lat,d_vert,vY_imu,vY_fused,vD,vX,v_target,pitch_des,elev_i,elev_err,agl,turn_ff,reliable,vision_valid,elev_fresh,is_new_d,bl_found,bl_hdg,bl_conf,bl_hdg_valid,bl_span,bl_paired,bl_cy,bl_gap,src_switch,source,infer_ms,mode,gate,gate_id,peek_side,peek_strength,peek_active,occ_gap,collision
1785731629.148,0.000,-17.800,0.000,0.9521,0,3.134,15.800,-2.316,0.2556,9.016,-0.197,-1.965,1.000,-1.253,-3.134,-0.0000,-0.0000,0.000,0.000,0.000,-0.000,1.565,-2.000,0.0059,0.885,nan,3.57,1,1,1,1,1,0.1246,1.000,1,0.525,8,-0.027,2,0,yolo,113.2,yolo,0,0,0,0.000,0,-1,0
1785731629.186,-0.001,-17.773,0.001,0.9523,0,3.135,15.773,-2.105,0.2557,9.016,-0.197,-1.965,1.000,-1.253,-3.137,0.0002,0.0027,0.000,0.000,0.003,0.010,1.569,-2.000,0.0058,0.881,nan,3.36,1,1,1,0,1,0.1172,1.000,1,0.525,8,-0.017,0,0,yolo,113.2,yolo,0,0,0,0.000,0,-1,0
1785731629.221,-0.002,-17.449,0.005,0.9540,0,3.134,15.449,-1.946,0.2564,9.016,-0.197,-1.965,1.000,-1.253,-3.136,0.0001,-0.0064,0.000,0.000,-0.006,0.023,1.621,-2.000,0.0057,0.829,nan,3.20,1,1,1,0,1,0.1117,1.000,1,0.525,8,-0.017,2,0,yolo,113.2,yolo,0,0,0,0.000,0,-1,0
1785731629.248,-0.230,-15.707,0.071,0.9627,0,1.634,13.949,-2.676,0.2731,8.666,-0.056,-1.968,1.000,-0.367,12.102,-2.0099,2.0000,-0.003,-0.300,-0.022,0.044,1.999,-2.000,0.0057,0.451,nan,3.04,1,1,1,1,1,0.1062,1.000,1,0.525,8,-0.002,0,0,yolo,110.0,yolo,0,0,0,0.000,0,-1,0
1785731629.284,-0.230,-15.707,0.071,0.9627,0,2.136,13.707,-2.559,0.2660,8.666,-0.056,-1.968,1.000,-0.367,-2.366,0.2962,0.0000,-0.003,-0.003,-0.022,0.044,1.999,-2.000,0.0057,0.451,nan,2.93,1,1,1,0,1,0.1022,1.000,1,0.525,8,-0.002,1,0,yolo,110.0,yolo,0,0,0,0.000,0,-1,0
1785731629.308,-0.744,-13.947,0.361,0.9704,0,1.508,12.207,-2.472,0.2716,8.666,-0.056,-1.968,1.000,-0.367,-2.252,0.2886,-0.0152,-0.011,-0.011,-0.037,0.078,2.200,-2.000,0.0056,0.179,nan,2.84,1,1,1,0,1,0.0991,1.000,1,0.525,8,0.000,0,0,yolo,110.0,yolo,0,0,0,0.000,0,-1,0
1785731629.348,-1.091,-12.377,0.688,0.9766,0,0.008,10.707,-2.966,0.2883,8.292,0.028,-1.964,1.000,0.193,6.573,-0.6083,2.0000,-0.022,-0.294,-0.055,0.124,2.200,-2.000,0.0056,-0.142,nan,2.77,1,1,1,1,1,0.0968,1.000,1,0.525,8,0.000,3,0,yolo,103.1,yolo,0,0,0,0.000,0,-1,0
1785731629.373,-1.187,-11.147,0.897,0.9809,0,-0.715,9.207,-2.310,0.2846,8.292,0.028,-1.964,1.000,0.193,-0.472,0.2606,-0.0063,-0.034,-0.034,-0.061,0.191,2.126,-2.000,0.0057,-0.324,nan,2.12,1,1,1,0,1,0.0739,1.000,1,0.512,8,0.056,0,0,yolo,103.1,yolo,0,0,0,0.000,0,-1,0
1785731629.403,-1.187,-11.147,0.897,0.9809,0,-0.715,9.147,-1.819,0.2846,8.292,0.028,-1.964,1.000,0.193,-0.472,0.2606,-0.0063,-0.034,-0.034,-0.061,0.191,2.126,-2.000,0.0057,-0.324,nan,1.63,1,1,1,0,1,0.0567,1.000,1,0.512,8,0.056,0,0,yolo,103.1,yolo,0,0,0,0.000,0,-1,0
1785731629.434,-1.202,-10.130,1.093,0.9842,0,-0.876,8.130,-2.009,0.2877,8.292,0.028,-1.964,1.000,0.193,-0.325,0.2511,-0.0192,-0.043,-0.043,-0.074,0.255,1.975,-2.000,0.0058,-0.475,nan,1.82,1,1,1,0,1,0.0634,1.000,1,0.441,7,0.137,0,0,yolo,103.1,yolo,0,0,0,0.000,0,-1,0
1785731629.466,-1.189,-9.231,1.247,0.9868,0,-2.376,7.231,-2.897,0.3044,7.885,0.129,-1.928,1.000,0.938,14.000,-1.5373,2.0000,-0.052,-0.426,-0.098,0.314,1.810,-2.000,0.0058,-0.640,nan,1.96,1,1,1,1,1,0.0684,1.000,1,0.441,7,0.137,0,0,yolo,104.5,yolo,0,0,0,0.000,0,-1,0
1785731629.503,-1.030,-8.453,1.447,0.9890,0,-2.210,6.453,-2.841,0.2940,7.885,0.129,-1.928,1.000,0.938,1.179,0.3656,-0.0372,-0.061,-0.061,-0.135,0.366,1.700,-2.000,0.0059,-0.750,nan,1.90,1,1,1,0,1,0.0664,1.000,1,0.438,7,0.206,0,0,yolo,104.5,yolo,0,0,0,0.000,0,-1,0
1785731629.528,-1.030,-8.453,1.447,0.9890,0,-2.210,6.453,-2.841,0.2940,7.885,0.129,-1.928,1.000,0.938,1.179,0.3656,-0.0372,-0.061,-0.061,-0.135,0.366,1.700,-2.000,0.0060,-0.750,nan,1.90,1,1,1,0,1,0.0664,1.000,1,0.438,7,0.206,0,0,yolo,104.5,yolo,0,0,0,0.000,0,-1,0
1785731629.563,-0.885,-7.702,1.719,0.9909,0,-3.710,5.702,-2.484,0.2774,7.200,0.078,-1.571,1.000,0.622,2.987,0.2978,-1.1750,-0.069,-0.245,-0.189,0.417,1.857,-2.000,0.0060,-0.593,nan,1.86,1,1,1,1,1,0.0650,1.000,1,0.438,7,0.206,2,0,yolo,101.1,yolo,0,0,0,0.000,0,-1,0
1785731629.590,-0.732,-6.979,1.961,0.9925,0,-2.355,4.979,-2.220,0.2902,7.200,0.078,-1.571,1.000,0.622,1.623,0.1685,-0.0590,-0.076,-0.076,-0.248,0.463,1.764,-2.000,0.0061,-0.686,nan,1.60,1,1,1,0,1,0.0558,1.000,1,0.375,6,0.232,0,0,yolo,101.1,yolo,0,0,0,0.000,0,-1,0
1785731629.627,-0.570,-6.479,2.139,0.9936,0,-2.284,4.479,-2.022,0.2894,7.200,0.078,-1.571,1.000,0.622,1.714,0.1632,-0.1132,-0.082,-0.082,-0.302,0.502,1.700,-2.000,0.0062,-0.750,nan,1.40,1,1,1,0,1,0.0489,1.000,1,0.375,6,0.232,2,0,yolo,101.1,yolo,0,0,0,0.000,0,-1,0
1785731629.654,-0.411,-6.016,2.287,0.9945,0,-0.784,4.016,-1.903,0.2728,6.754,0.026,-1.246,1.000,0.222,-1.099,0.7068,-2.0000,-0.086,-0.148,-0.354,0.536,1.919,-2.000,0.0062,-0.531,nan,1.68,1,1,1,1,1,0.0587,1.000,1,0.371,6,0.272,0,0,yolo,96.2,yolo,0,0,0,0.000,0,-1,0
1785731629.682,-0.372,-5.622,2.432,0.9952,0,-1.767,3.622,-2.114,0.2874,6.754,0.026,-1.246,1.000,0.222,1.395,0.0587,-0.0372,-0.089,-0.089,-0.391,0.568,1.872,-2.000,0.0063,-0.578,nan,1.89,1,1,1,0,1,0.0661,1.000,1,0.371,6,0.272,0,0,yolo,96.2,yolo,0,0,0,0.000,0,-1,0
1785731629.713,-0.254,-5.265,2.586,0.9958,0,-1.712,3.265,-1.675,0.2871,6.754,0.026,-1.246,1.000,0.222,1.457,0.0552,-0.0692,-0.093,-0.093,-0.423,0.600,1.829,-2.000,0.0063,-0.621,nan,1.45,1,1,1,0,1,0.0507,1.000,1,0.370,6,0.179,0,0,yolo,96.2,yolo,0,0,0,0.000,0,-1,0
1785731629.744,-0.120,-4.934,2.731,0.9963,0,-0.212,2.934,-0.739,0.3037,8.084,-0.054,-1.475,1.000,-0.384,-7.049,1.2826,2.0000,-0.095,-0.031,-0.451,0.630,1.676,-2.000,0.0064,-0.774,nan,1.12,1,1,1,1,1,0.0392,1.000,1,0.370,6,0.179,0,0,yolo,102.9,yolo,0,0,0,0.000,0,-1,0
1785731629.775,-0.121,-4.629,2.806,0.9967,0,-0.519,2.629,-0.916,0.2945,8.084,-0.054,-1.475,1.000,-0.384,0.398,-0.0661,-0.0333,-0.097,-0.097,-0.485,0.659,1.632,-2.000,0.0065,-0.818,nan,1.30,1,1,1,0,1,0.0454,1.000,1,0.361,6,0.198,0,0,yolo,102.9,yolo,0,0,0,0.000,0,-1,0
1785731629.806,-0.121,-4.629,2.806,0.9967,0,-0.519,2.629,-1.049,0.2946,8.084,-0.054,-1.475,1.000,-0.384,0.398,-0.0661,-0.0333,-0.097,-0.097,-0.485,0.659,1.632,-2.000,0.0066,-0.818,nan,1.43,1,1,1,0,1,0.0500,1.000,1,0.361,6,0.198,0,0,yolo,102.9,yolo,0,0,0,0.000,0,-1,0
1785731629.839,-0.084,-4.356,2.851,0.9971,0,0.981,2.356,0.344,0.3062,8.961,-0.130,-1.530,1.000,-0.830,-4.804,0.5234,0.2062,-0.098,0.012,-0.522,0.686,1.605,-2.000,0.0067,-0.845,nan,0.49,1,1,1,1,1,0.0170,1.000,1,0.293,5,0.611,0,0,yolo,91.8,yolo,0,0,0,0.000,0,-1,0
1785731629.869,-0.192,-4.090,2.847,0.9974,0,0.402,2.090,0.344,0.2954,8.961,-0.130,-1.530,1.000,-0.830,-0.594,-0.1092,-0.0606,-0.098,-0.098,-0.583,0.714,1.563,-2.000,0.0068,-0.887,nan,0.49,1,1,1,0,1,0.0170,1.000,1,0.293,5,0.611,0,0,yolo,91.8,yolo,0,0,0,0.000,0,-1,0
1785731629.907,-0.221,-3.849,2.791,0.9977,0,0.367,1.849,0.295,0.2934,8.961,-0.130,-1.530,1.000,-0.830,-0.588,-0.1096,-0.1298,-0.098,-0.098,-0.652,0.741,1.525,-2.000,0.0069,-0.925,nan,0.54,1,1,1,0,1,0.0187,1.000,1,0.291,5,0.697,0,0,yolo,91.8,yolo,0,0,0,0.000,0,-1,0
1785731629.936,-0.221,-3.849,2.791,0.9977,0,1.867,1.849,0.824,0.2768,9.431,-0.224,-1.426,1.000,-1.360,-11.611,1.3070,-2.0000,-0.098,0.184,-0.652,0.741,1.661,-2.000,0.0069,-0.789,nan,0.54,1,1,1,1,1,0.0187,1.000,1,0.291,5,0.697,0,0,yolo,93.3,yolo,0,0,0,0.000,0,-1,0
1785731629.971,-0.254,-3.643,2.761,0.9980,0,0.827,1.643,0.255,0.2932,9.431,-0.224,-1.426,1.000,-1.360,-1.081,-0.2832,-0.0678,-0.099,-0.099,-0.720,0.766,1.627,-2.000,0.0070,-0.823,nan,1.11,1,1,1,0,1,0.0386,1.000,1,0.291,5,0.697,2,0,yolo,93.3,yolo,0,0,0,0.000,0,-1,0
1785731630.010,-0.434,-3.446,2.708,0.9982,0,0.648,1.446,-0.565,0.2920,9.431,-0.224,-1.426,1.000,-1.360,-1.082,-0.2831,-0.1166,-0.099,-0.099,-0.768,0.789,1.595,-2.000,0.0071,-0.855,nan,1.92,1,1,1,0,1,0.0672,1.000,1,0.287,5,0.724,0,0,yolo,93.3,yolo,0,0,0,0.000,0,-1,0
1785731630.042,-0.504,-3.287,2.661,0.9983,0,2.148,1.287,-0.600,0.3087,9.816,-0.312,-1.559,1.000,-1.822,-9.189,0.5939,1.0183,-0.101,0.190,-0.809,0.808,1.460,-2.000,0.0072,-0.990,nan,2.42,1,1,1,1,1,0.0845,1.000,1,0.280,5,0.709,0,0,yolo,92.8,yolo,0,0,0,0.000,0,-1,0
1785731630.072,-0.551,-3.152,2.684,0.9984,0,1.625,1.152,-0.972,0.3005,9.816,-0.312,-1.559,1.000,-1.822,-2.176,-0.2941,-0.0346,-0.104,-0.104,-0.844,0.826,1.437,-2.000,0.0072,-1.013,nan,2.79,1,1,1,0,1,0.0975,1.000,1,0.280,5,0.709,0,0,yolo,92.8,yolo,0,0,0,0.000,0,-1,0
1785731630.104,-0.692,-3.039,2.768,0.9985,0,1.436,1.039,-0.472,0.2995,9.816,-0.312,-1.559,1.000,-1.822,-2.127,-0.2977,-0.0695,-0.107,-0.107,-0.879,0.843,1.418,-2.000,0.0072,-1.032,nan,2.29,1,1,1,0,1,0.0801,1.000,1,0.279,5,0.721,0,0,yolo,92.8,yolo,0,0,0,0.000,0,-1,0
1785731630.136,-0.823,-2.934,2.832,0.9986,0,2.936,0.934,0.115,0.2828,9.857,-0.353,-1.349,1.000,-2.053,-9.322,0.5962,-2.0000,-0.112,0.139,-0.919,0.860,1.612,-2.000,0.0073,-0.838,nan,1.94,1,1,1,1,1,0.0676,1.000,1,0.285,5,0.708,0,0,yolo,97.4,yolo,0,0,0,0.000,0,-1,0
1785731630.167,-1.064,-2.844,2.826,0.9986,0,1.806,0.844,0.043,0.2953,9.857,-0.353,-1.349,1.000,-2.053,-2.870,-0.2532,-0.0449,-0.114,-0.114,-0.964,0.876,1.598,-2.000,0.0074,-0.852,nan,2.01,1,1,1,0,1,0.0701,0.900,1,0.292,4,0.630,0,0,yolo,97.4,yolo,0,0,0,0.000,0,-1,0
1785731630.198,-1.228,-2.754,2.797,0.9986,0,1.568,0.754,-0.011,0.2935,9.857,-0.353,-1.349,1.000,-2.053,-2.796,-0.2586,-0.0960,-0.120,-0.120,-1.015,0.893,1.584,-2.000,0.0075,-0.866,nan,2.06,1,1,1,0,1,0.0720,0.900,1,0.292,4,0.630,0,0,yolo,97.4,yolo,0,0,0,0.000,0,-1,0
1785731630.231,-1.228,-2.754,2.797,0.9986,0,3.068,0.754,1.489,0.2769,9.882,-0.353,-1.136,1.000,-2.047,-5.619,-0.0073,-1.6050,-0.120,0.062,-1.015,0.893,1.798,-2.000,0.0075,-0.652,nan,0.00,1,1,1,1,1,0.0000,0.961,0,0.226,4,0.615,0,0,yolo,100.3,yolo,0,0,0,0.000,0,-1,0
1785731630.262,-1.356,-2.679,2.796,0.9986,0,1.724,0.679,2.047,0.2898,9.882,-0.353,-1.136,1.000,-2.047,-3.081,-0.1881,-0.0479,-0.126,-0.126,-1.063,0.908,1.786,-2.000,0.0076,-0.664,nan,0.00,1,1,1,0,1,0.0000,0.961,0,0.226,4,0.615,0,0,yolo,100.3,yolo,0,0,0,0.000,0,-1,0
1785731630.293,-1.658,-2.601,2.700,0.9986,0,1.358,0.601,2.047,0.2885,9.882,-0.353,-1.136,1.000,-2.047,-3.017,-0.1928,-0.0863,-0.131,-0.131,-1.101,0.925,1.774,-2.000,0.0077,-0.676,nan,0.00,1,1,1,0,1,0.0000,0.953,0,0.221,4,0.624,0,0,yolo,100.3,yolo,0,0,0,0.000,0,-1,0
1785731630.325,-1.767,-2.543,2.504,0.9985,0,2.628,0.543,2.008,0.2718,9.819,-0.344,-0.944,1.000,-2.008,-4.396,-0.0998,-2.0000,-0.138,-0.014,-1.132,0.941,1.953,-2.000,0.0077,-0.497,nan,0.00,1,1,1,1,1,0.0000,0.942,0,0.214,4,0.621,0,0,yolo,96.2,yolo,0,0,0,0.000,0,-1,0
1785731630.356,-1.997,-2.493,2.318,0.9984,0,1.128,0.493,2.008,0.2863,9.819,-0.344,-0.944,1.000,-2.008,-3.120,-0.1291,-0.0229,-0.144,-0.144,-1.155,0.955,1.946,-2.000,0.0078,-0.504,nan,0.00,1,1,1,0,1,0.0000,0.938,0,0.211,4,0.631,0,0,yolo,96.2,yolo,0,0,0,0.000,0,-1,0
1785731630.386,-2.095,-2.447,2.157,0.9984,0,0.894,0.447,2.008,0.2857,9.819,-0.344,-0.944,1.000,-2.008,-2.990,-0.1386,-0.0412,-0.153,-0.153,-1.173,0.970,1.939,-2.000,0.0078,-0.511,nan,0.00,1,1,1,0,1,0.0000,0.938,0,0.211,4,0.631,0,0,yolo,96.2,yolo,0,0,0,0.000,0,-1,0
1785731630.422,-2.095,-2.447,2.157,0.9984,0,2.394,0.447,2.035,0.2691,9.835,-0.349,-0.781,1.000,-2.035,-4.966,0.0459,-1.6414,-0.153,-0.040,-1.173,0.970,2.103,-2.000,0.0078,-0.347,nan,0.00,1,1,1,1,1,0.0000,0.823,0,0.213,3,0.663,0,0,yolo,92.5,yolo,0,0,0,0.000,0,-1,0
1785731630.464,-2.422,-2.362,1.796,0.9983,0,0.894,0.362,2.035,0.2724,9.835,-0.349,-0.781,1.000,-2.035,-2.911,-0.1329,-0.0272,-0.173,-0.173,-1.200,1.000,2.091,-2.000,0.0079,-0.359,nan,0.00,1,1,1,0,1,0.0000,0.823,0,0.213,3,0.663,0,0,yolo,92.5,yolo,0,0,0,0.000,0,-1,0
1785731630.494,-2.422,-2.362,1.796,0.9983,0,0.490,0.362,2.035,0.2724,9.835,-0.349,-0.781,1.000,-2.035,-2.911,-0.1329,-0.0272,-0.173,-0.173,-1.200,1.000,2.091,-2.000,0.0079,-0.359,nan,0.00,1,1,1,0,1,0.0000,0.824,0,0.214,3,0.686,0,0,yolo,92.5,yolo,0,0,0,0.000,0,-1,0
1785731630.525,-2.493,-2.330,1.616,0.9982,0,1.155,0.330,1.994,0.2557,9.401,-0.327,-0.568,1.000,-1.994,-3.648,-0.0678,-1.8889,-0.186,-0.109,-1.202,1.015,2.200,-2.000,0.0079,-0.170,nan,0.00,1,1,1,1,1,0.0000,0.824,0,0.214,3,0.686,0,0,yolo,94.9,yolo,0,0,0,0.000,0,-1,0
1785731630.558,-2.591,-2.303,1.449,0.9982,0,0.137,0.303,1.994,0.2724,9.401,-0.327,-0.568,1.000,-1.994,-2.728,-0.0890,0.0073,-0.198,-0.198,-1.195,1.028,2.200,-2.000,0.0079,-0.174,nan,0.00,1,1,1,0,1,0.0000,0.816,0,0.208,3,0.700,0,0,yolo,94.9,yolo,0,0,0,0.000,0,-1,0
1785731630.588,-2.604,-2.280,1.285,0.9982,0,-0.072,0.280,1.994,0.2787,9.401,-0.327,-0.568,1.000,-1.994,-2.532,-0.1029,0.0206,-0.212,-0.212,-1.182,1.041,2.200,-2.000,0.0080,-0.178,nan,0.00,1,1,1,0,1,0.0000,0.816,0,0.208,3,0.700,0,0,yolo,94.9,yolo,0,0,0,0.000,0,-1,0
1785731630.620,-2.592,-2.259,1.123,0.9982,0,-0.060,0.259,1.837,0.2621,9.116,-0.292,-0.394,1.000,-1.837,-2.532,-0.2493,-1.5740,-0.226,-0.086,-1.164,1.054,2.200,-2.000,0.0080,-0.021,nan,0.00,1,1,1,1,1,0.0000,0.799,0,0.196,3,0.715,0,0,yolo,101.3,yolo,0,0,0,0.000,0,-1,0
1785731630.656,-2.592,-2.259,1.123,0.9982,0,-0.828,0.259,1.837,0.2731,9.116,-0.292,-0.394,1.000,-1.837,-1.764,-0.1396,0.0000,-0.226,-0.226,-1.164,1.054,2.200,-2.000,0.0080,-0.021,nan,0.00,1,1,1,0,1,0.0000,0.799,0,0.196,3,0.715,1,0,yolo,101.3,yolo,0,0,0,0.000,0,-1,0
1785731630.684,-2.587,-2.238,0.957,0.9982,0,-1.039,0.238,1.837,0.2740,9.116,-0.292,-0.394,1.000,-1.837,-1.548,-0.1546,0.0191,-0.241,-0.241,-1.145,1.067,2.200,-2.000,0.0080,-0.024,nan,0.00,1,1,1,0,1,0.0000,0.690,0,0.200,2,0.714,0,0,yolo,101.3,yolo,0,0,0,0.000,0,-1,0
1785731630.719,-2.484,-2.220,0.803,0.9983,0,-2.426,0.220,1.417,0.2574,9.249,-0.229,-0.272,1.000,-1.417,-0.058,-0.5090,-0.9025,-0.257,-0.101,-1.130,1.080,2.200,-2.000,0.0080,0.096,nan,0.00,1,1,1,1,1,0.0000,0.690,0,0.200,2,0.714,3,0,yolo,99.2,yolo,0,0,0,0.000,0,-1,0
1785731630.747,-2.271,-2.204,0.680,0.9985,0,-2.126,0.204,1.417,0.2700,9.249,-0.229,-0.272,1.000,-1.417,-0.145,-0.1720,0.0096,-0.273,-0.273,-1.121,1.092,2.200,-2.000,0.0080,0.093,nan,0.00,1,1,1,0,1,0.0000,0.693,0,0.202,2,0.718,0,0,yolo,99.2,yolo,0,0,0,0.000,0,-1,0
1785731630.783,-2.084,-2.188,0.574,0.9986,0,-2.145,0.188,1.417,0.2705,9.249,-0.229,-0.272,1.000,-1.417,0.061,-0.1865,0.0194,-0.288,-0.288,-1.111,1.104,2.200,-2.000,0.0079,0.090,nan,0.00,1,1,1,0,1,0.0000,0.693,0,0.202,2,0.718,2,0,yolo,99.2,yolo,0,0,0,0.000,0,-1,0
1785731630.826,-1.906,-2.172,0.471,0.9987,0,-3.645,0.172,1.062,0.2538,9.291,-0.172,-0.180,1.000,-1.062,3.473,-0.8624,-1.3293,-0.300,-0.196,-1.098,1.115,2.200,-2.000,0.0079,0.178,nan,0.00,1,1,1,1,1,0.0000,0.785,0,0.186,3,0.729,0,0,yolo,98.5,yolo,0,0,0,0.000,0,-1,0
1785731630.856,-1.602,-2.159,0.378,0.9989,0,-2.437,0.159,1.062,0.2677,9.291,-0.172,-0.180,1.000,-1.062,0.835,-0.1175,0.0173,-0.314,-0.314,-1.081,1.126,2.200,-2.000,0.0079,0.175,nan,0.00,1,1,1,0,1,0.0000,0.667,0,0.181,2,0.749,0,0,yolo,98.5,yolo,0,0,0,0.000,0,-1,0
1785731630.892,-1.386,-2.146,0.302,0.9990,0,-2.372,0.146,1.062,0.2683,9.291,-0.172,-0.180,1.000,-1.062,0.986,-0.1281,0.0289,-0.324,-0.324,-1.070,1.137,2.200,-2.000,0.0079,0.172,nan,0.00,1,1,1,0,1,0.0000,0.667,0,0.181,2,0.749,1,0,yolo,98.5,yolo,0,0,0,0.000,0,-1,0
1785731630.939,-1.196,-2.134,0.224,0.9991,0,-3.623,0.134,0.711,0.2516,9.122,-0.113,-0.061,1.000,-0.711,2.427,-0.4198,-0.8115,-0.333,-0.223,-1.058,1.148,2.169,-2.000,0.0079,0.281,nan,0.00,1,1,1,1,1,0.0000,0.551,0,0.176,1,0.749,1,0,yolo,105.4,yolo,0,0,0,0.000,0,-1,0
1785731630.965,-0.988,-2.122,0.140,0.9992,0,-3.006,0.122,0.711,0.2642,9.122,-0.113,-0.061,1.000,-0.711,2.017,-0.1171,0.0112,-0.341,-0.341,-1.047,1.158,2.172,-2.000,0.0078,0.278,nan,0.00,1,1,1,0,1,0.0000,0.554,0,0.179,1,0.762,0,0,yolo,105.4,yolo,0,0,0,0.000,0,-1,0
1785731630.997,-0.719,-2.111,0.074,0.9992,0,-2.842,0.111,0.711,0.2649,9.122,-0.113,-0.061,1.000,-0.711,2.123,-0.1244,0.0250,-0.348,-0.348,-1.033,1.169,2.174,-2.000,0.0078,0.276,nan,0.00,1,1,1,0,1,0.0000,0.557,0,0.182,1,0.768,0,0,yolo,105.4,yolo,0,0,0,0.000,0,-1,0
1785731631.029,-0.449,-2.100,0.022,0.9993,0,-4.342,0.100,0.239,0.2482,9.108,-0.038,0.064,1.000,-0.239,8.387,-1.1250,-1.8268,-0.354,-0.356,-1.027,1.180,2.052,-2.000,0.0078,0.398,nan,0.00,1,1,1,1,1,0.0000,0.560,0,0.185,1,0.775,0,0,yolo,105.0,yolo,0,0,0,0.000,0,-1,0
1785731631.064,-0.449,-2.100,0.022,0.9993,0,-3.178,0.100,0.239,0.2600,9.108,-0.038,0.064,1.000,-0.239,2.729,0.0023,0.0000,-0.354,-0.354,-1.027,1.180,2.052,-2.000,0.0077,0.398,nan,0.00,1,1,1,0,1,0.0000,0.560,0,0.185,1,0.775,2,0,yolo,105.0,yolo,0,0,0,0.000,0,-1,0
1785731631.091,-0.086,-2.085,-0.043,0.9993,0,-2.888,0.085,0.239,0.2605,9.108,-0.038,0.064,1.000,-0.239,2.802,-0.0027,0.0115,-0.359,-0.359,-1.015,1.195,2.055,-2.000,0.0077,0.395,nan,0.00,1,1,1,0,1,0.0000,0.564,0,0.189,1,0.782,0,0,yolo,105.0,yolo,0,0,0,0.000,0,-1,0
1785731631.123,0.184,-2.077,-0.056,0.9993,0,-4.388,0.077,-0.271,0.2439,9.088,0.043,0.200,1.000,0.271,8.651,-0.8083,-1.3431,-0.361,-0.416,-0.997,1.205,1.920,-2.000,0.0076,0.530,nan,0.00,1,1,1,1,1,0.0000,0.567,0,0.192,1,0.791,0,0,yolo,98.8,yolo,0,0,0,0.000,0,-1,0
1785731631.154,0.184,-2.077,-0.056,0.9993,0,-3.632,0.077,-0.271,0.2559,9.088,0.043,0.200,1.000,0.271,3.816,0.0549,0.0000,-0.361,-0.361,-0.997,1.205,1.920,-2.000,0.0076,0.530,nan,0.00,1,1,1,0,1,0.0000,0.227,0,0.193,0,0.800,0,0,yolo,98.8,yolo,0,0,0,0.000,0,-1,0
1785731631.190,0.580,-2.069,-0.047,0.9993,0,-3.272,0.069,-0.271,0.2573,9.088,0.043,0.200,1.000,0.271,3.852,0.0524,0.0311,-0.364,-0.364,-0.966,1.215,1.921,-2.000,0.0075,0.529,nan,0.00,1,1,1,0,1,0.0000,0.454,0,0.193,0,0.800,1,0,yolo,98.8,yolo,0,0,0,0.000,0,-1,0
1785731631.225,0.929,-2.062,-0.013,0.9992,0,-4.772,0.062,-0.677,0.2406,9.031,0.107,0.310,1.000,0.677,8.034,-0.4804,-0.8051,-0.363,-0.414,-0.928,1.226,1.814,-2.000,0.0075,0.636,nan,0.00,1,1,1,1,1,0.0000,0.578,0,0.203,1,0.824,0,0,yolo,104.2,yolo,0,0,0,0.000,0,-1,0
1785731631.270,1.244,-2.055,0.013,0.9991,0,-3.580,0.055,-0.677,0.2544,9.031,0.107,0.310,1.000,0.677,4.824,0.0557,0.0399,-0.359,-0.359,-0.888,1.236,1.814,-2.000,0.0074,0.636,nan,0.00,1,1,1,0,1,0.0000,0.578,0,0.203,1,0.824,1,0,yolo,104.2,yolo,0,0,0,0.000,0,-1,0
1785731631.296,1.704,-2.050,0.056,0.9989,0,-3.048,0.050,-0.677,0.2566,9.031,0.107,0.310,1.000,0.677,4.752,0.0607,0.0901,-0.354,-0.354,-0.838,1.247,1.814,-2.000,0.0073,0.636,nan,0.00,1,1,1,0,1,0.0000,0.233,0,0.207,0,0.828,0,0,yolo,104.2,yolo,0,0,0,0.000,0,-1,0
1785731631.328,1.983,-2.047,0.121,0.9988,0,-4.548,0.047,-1.149,0.2399,8.874,0.178,0.393,1.000,1.149,10.733,-0.7313,-0.8032,-0.345,-0.435,-0.790,1.256,1.734,-2.000,0.0073,0.716,nan,0.00,1,1,1,1,1,0.0000,0.463,0,0.204,0,0.778,0,0,yolo,99.6,yolo,0,0,0,0.000,0,-1,0
1785731631.358,2.386,-2.046,0.205,0.9985,0,-3.245,0.046,-1.149,0.2525,8.874,0.178,0.393,1.000,1.149,5.631,0.0986,0.0544,-0.336,-0.336,-0.735,1.265,1.733,-2.000,0.0072,0.717,nan,0.00,1,1,1,0,1,0.0000,0.463,0,0.204,0,0.778,0,0,yolo,99.6,yolo,0,0,0,0.000,0,-1,0
1785731631.389,2.681,-2.045,0.303,0.9983,0,-2.779,0.045,-1.149,0.2549,8.874,0.178,0.393,1.000,1.149,5.460,0.1102,0.1089,-0.324,-0.324,-0.681,1.274,1.732,-2.000,0.0071,0.718,nan,0.00,1,1,1,0,1,0.0000,0.318,0,0.156,0,0.776,0,0,yolo,99.6,yolo,0,0,0,0.000,0,-1,0
1785731631.427,2.681,-2.045,0.303,0.9983,0,-4.279,0.045,-1.457,0.2383,8.642,0.220,0.492,1.000,1.457,11.399,-0.6967,-1.3825,-0.324,-0.430,-0.681,1.274,1.640,-2.000,0.0070,0.810,nan,0.00,1,1,1,1,1,0.0000,0.321,0,0.159,0,0.783,0,0,yolo,99.6,yolo,0,0,0,0.000,0,-1,0
1785731631.453,2.945,-2.046,0.407,0.9980,0,-3.145,0.046,-1.457,0.2495,8.642,0.220,0.492,1.000,1.457,6.090,0.1223,0.0522,-0.308,-0.308,-0.629,1.284,1.639,-2.000,0.0070,0.811,nan,0.00,1,1,1,0,1,0.0000,0.321,0,0.159,0,0.783,0,0,yolo,99.6,yolo,0,0,0,0.000,0,-1,0
1785731631.481,3.261,-2.048,0.528,0.9977,0,-2.564,0.048,-1.457,0.2514,8.642,0.220,0.492,1.000,1.457,5.825,0.1401,0.0950,-0.290,-0.290,-0.586,1.294,1.638,-2.000,0.0069,0.812,nan,0.00,1,1,1,0,1,0.0000,0.469,0,0.212,0,0.751,0,0,yolo,99.6,yolo,0,0,0,0.000,0,-1,0
1785731631.513,3.503,-2.051,0.659,0.9975,0,-4.064,0.051,-1.709,0.2347,8.465,0.253,0.563,1.000,1.709,9.802,-0.3724,-0.6783,-0.271,-0.362,-0.545,1.303,1.570,-2.000,0.0068,0.880,nan,0.00,1,1,1,1,1,0.0000,0.469,0,0.212,0,0.751,0,0,yolo,90.7,yolo,0,0,0,0.000,0,-1,0
1785731631.544,3.725,-2.054,0.781,0.9972,0,-2.564,0.054,-1.709,0.2464,8.465,0.253,0.563,1.000,1.709,6.276,0.1100,0.0316,-0.252,-0.252,-0.513,1.312,1.569,-2.000,0.0067,0.881,nan,0.00,1,1,1,0,1,0.0000,0.474,0,0.217,0,0.760,0,0,yolo,90.7,yolo,0,0,0,0.000,0,-1,0
1785731631.576,3.731,-2.054,0.783,0.9972,0,-2.541,0.054,-1.709,0.2463,8.465,0.253,0.563,1.000,1.709,6.272,0.1103,0.0322,-0.252,-0.252,-0.513,1.312,1.569,-2.000,0.0066,0.881,nan,0.00,1,1,1,0,1,0.0000,0.479,0,0.223,0,0.768,0,0,yolo,90.7,yolo,0,0,0,0.000,0,-1,0
1785731631.608,3.969,-2.058,0.925,0.9970,0,-4.041,-0.142,-1.890,0.2296,8.289,0.274,0.635,1.000,1.890,9.918,-0.3929,-1.0231,-0.231,-0.312,-0.466,1.321,1.501,-2.200,0.0065,0.949,nan,0.00,1,1,1,1,1,0.0000,0.479,0,0.223,0,0.768,0,0,yolo,95.6,yolo,0,0,0,0.000,0,-1,0
1785731631.638,4.159,-2.062,1.048,0.9967,0,-2.541,-0.104,-1.890,0.2446,8.289,0.274,0.635,1.000,1.890,6.408,0.1007,0.0426,-0.211,-0.211,-0.423,1.329,1.499,-2.166,0.0064,0.951,nan,0.00,1,1,1,0,1,0.0000,0.479,0,0.224,0,0.756,0,0,yolo,95.6,yolo,0,0,0,0.000,0,-1,0
1785731631.673,4.466,-2.081,1.174,0.9963,0,-1.632,-0.048,-1.890,0.2469,8.289,0.274,0.635,1.000,1.890,6.098,0.1209,0.0956,-0.191,-0.191,-0.370,1.337,1.495,-2.129,0.0063,0.955,nan,0.00,1,1,1,0,1,0.0000,0.479,0,0.224,0,0.756,1,0,yolo,95.6,yolo,0,0,0,0.000,0,-1,0
1785731631.700,4.690,-2.101,1.312,0.9960,0,-3.132,0.143,-2.066,0.2302,8.109,0.292,0.694,1.000,2.066,8.946,-0.2481,-0.5759,-0.168,-0.240,-0.313,1.345,1.438,-1.958,0.0063,1.012,nan,0.00,1,1,1,1,1,0.0000,0.480,0,0.225,0,0.747,0,0,yolo,98.1,yolo,0,0,0,0.000,0,-1,0
1785731631.731,4.936,-2.103,1.467,0.9956,0,-1.632,0.182,-2.066,0.2436,8.109,0.292,0.694,1.000,2.066,6.197,0.0969,0.0591,-0.143,-0.143,-0.254,1.353,1.436,-1.921,0.0063,1.014,nan,0.00,1,1,1,0,1,0.0000,0.482,0,0.228,0,0.739,0,0,yolo,98.1,yolo,0,0,0,0.000,0,-1,0
1785731631.762,5.090,-2.101,1.624,0.9954,0,-0.702,0.208,-2.066,0.2463,8.109,0.292,0.694,1.000,2.066,5.793,0.1229,0.1175,-0.117,-0.117,-0.196,1.362,1.436,-1.893,0.0063,1.014,nan,0.00,1,1,1,0,1,0.0000,0.482,0,0.228,0,0.739,0,0,yolo,98.1,yolo,0,0,0,0.000,0,-1,0
1785731631.793,5.147,-2.098,1.783,0.9953,0,-2.202,0.356,-2.168,0.2297,7.983,0.302,0.747,1.000,2.168,7.837,-0.1432,-0.4888,-0.090,-0.158,-0.136,1.371,1.387,-1.742,0.0063,1.063,nan,0.00,1,1,1,1,1,0.0000,0.362,0,0.229,0,0.728,0,0,yolo,93.5,yolo,0,0,0,0.000,0,-1,0
1785731631.830,5.342,-2.083,1.959,0.9950,0,-0.702,0.372,-2.168,0.2425,7.983,0.302,0.747,1.000,2.168,5.576,0.0982,0.0626,-0.060,-0.060,-0.073,1.380,1.388,-1.711,0.0063,1.062,nan,0.00,1,1,1,0,1,0.0000,0.474,0,0.218,0,0.792,0,0,yolo,93.5,yolo,0,0,0,0.000,0,-1,0
1785731631.856,5.419,-2.066,2.144,0.9949,0,0.337,0.382,-2.168,0.2455,7.983,0.302,0.747,1.000,2.168,5.082,0.1295,0.1267,-0.029,-0.029,-0.009,1.389,1.391,-1.684,0.0063,1.059,nan,0.00,1,1,1,0,1,0.0000,0.474,0,0.218,0,0.792,0,0,yolo,93.5,yolo,0,0,0,0.000,0,-1,0
1785731631.887,5.419,-2.066,2.144,0.9949,0,-1.163,0.387,-2.228,0.2288,7.811,0.304,0.793,1.000,2.228,6.937,-0.0816,-0.4029,-0.029,-0.087,-0.009,1.389,1.350,-1.679,0.0063,1.100,nan,0.00,1,1,1,1,1,0.0000,0.474,0,0.218,0,0.792,0,0,yolo,96.3,yolo,0,0,0,0.000,0,-1,0
1785731631.918,5.385,-2.049,2.324,0.9949,0,0.281,0.419,-2.228,0.2411,7.811,0.304,0.793,1.000,2.228,5.104,0.0892,0.0550,0.002,0.002,0.046,1.399,1.353,-1.631,0.0063,1.097,nan,0.00,1,1,1,0,1,0.0000,0.481,0,0.226,0,0.786,0,0,yolo,96.3,yolo,0,0,0,0.000,0,-1,0
1785731631.956,5.363,-2.030,2.502,0.9950,0,0.731,0.433,-2.228,0.2436,7.811,0.304,0.793,1.000,2.228,4.632,0.1187,0.1075,0.031,0.031,0.098,1.407,1.355,-1.597,0.0063,1.095,nan,0.00,1,1,1,0,1,0.0000,0.477,0,0.221,0,0.810,0,0,yolo,96.3,yolo,0,0,0,0.000,0,-1,0
1785731631.984,5.307,-2.009,2.682,0.9951,0,1.136,0.437,-2.228,0.2460,7.811,0.304,0.793,1.000,2.228,4.171,0.1475,0.1600,0.060,0.060,0.151,1.416,1.359,-1.572,0.0063,1.091,nan,0.00,1,1,1,0,1,0.0000,0.476,0,0.220,0,0.833,0,0,yolo,96.3,yolo,0,0,0,0.000,0,-1,0
1785731632.030,5.243,-1.987,2.869,0.9952,0,-0.153,0.498,-2.225,0.2326,7.655,0.297,0.823,1.000,2.225,5.397,0.0028,-0.1221,0.089,0.014,0.197,1.425,1.338,-1.489,0.0063,1.112,nan,0.00,1,1,1,1,1,0.0000,0.476,0,0.220,0,0.833,1,0,yolo,100.4,yolo,0,0,0,0.000,0,-1,0
1785731632.056,5.261,-1.958,3.063,0.9952,0,1.347,0.491,-2.225,0.2407,7.655,0.297,0.823,1.000,2.225,3.688,0.1062,0.0541,0.120,0.120,0.251,1.434,1.342,-1.466,0.0063,1.108,nan,0.00,1,1,1,0,1,0.0000,0.323,0,0.163,0,0.853,0,0,yolo,100.4,yolo,0,0,0,0.000,0,-1,0
1785731632.088,5.146,-1.929,3.249,0.9954,0,2.847,0.541,-1.973,0.2240,7.735,0.266,0.850,1.000,1.973,-1.291,1.0198,-0.6736,0.148,0.101,0.305,1.442,1.320,-1.388,0.0063,1.130,nan,0.00,1,1,1,1,1,0.0000,0.462,0,0.203,0,0.840,0,0,yolo,88.4,yolo,0,0,0,0.000,0,-1,0
1785731632.121,4.871,-1.894,3.426,0.9958,0,2.244,0.515,-1.973,0.2407,7.735,0.266,0.850,1.000,1.973,2.627,0.0733,0.0692,0.175,0.175,0.374,1.451,1.325,-1.379,0.0063,1.125,nan,0.00,1,1,1,0,1,0.0000,0.462,0,0.203,0,0.840,0,0,yolo,88.4,yolo,0,0,0,0.000,0,-1,0
1785731632.151,4.871,-1.894,3.426,0.9958,0,2.244,0.423,-1.973,0.2407,7.735,0.266,0.850,1.000,1.973,2.627,0.0733,0.0692,0.175,0.175,0.374,1.451,1.325,-1.471,0.0063,1.125,nan,0.00,1,1,1,0,1,0.0000,0.322,0,0.161,0,0.838,0,0,yolo,88.4,yolo,0,0,0,0.000,0,-1,0
1785731632.181,4.659,-1.867,3.596,0.9962,0,3.281,0.497,-1.706,0.2277,7.803,0.232,0.875,1.000,1.706,1.378,0.3631,-0.2033,0.201,0.098,0.448,1.460,1.305,-1.370,0.0063,1.145,nan,0.00,1,1,1,1,1,0.0000,0.322,0,0.161,0,0.838,0,0,yolo,90.2,yolo,0,0,0,0.000,0,-1,0
1785731632.213,4.469,-1.843,3.752,0.9964,0,3.307,0.495,-1.706,0.2402,7.803,0.232,0.875,1.000,1.706,1.162,0.1268,0.0722,0.224,0.224,0.520,1.467,1.309,-1.348,0.0063,1.141,nan,0.00,1,1,1,0,1,0.0000,0.319,0,0.156,0,0.824,0,0,yolo,90.2,yolo,0,0,0,0.000,0,-1,0
1785731632.248,4.176,-1.808,3.886,0.9968,0,3.338,0.468,-1.706,0.2435,7.803,0.232,0.875,1.000,1.706,0.838,0.1471,0.1440,0.245,0.245,0.592,1.475,1.314,-1.340,0.0063,1.136,nan,0.00,1,1,1,0,1,0.0000,0.319,0,0.156,0,0.824,1,0,yolo,90.2,yolo,0,0,0,0.000,0,-1,0
1785731632.291,3.890,-1.777,4.020,0.9972,0,3.541,0.420,-1.378,0.2418,7.524,0.181,0.879,1.000,1.378,0.349,0.3238,0.1003,0.262,0.129,0.652,1.482,1.328,-1.357,0.0063,1.122,nan,0.00,1,1,1,1,1,0.0000,0.465,0,0.206,0,0.695,0,0,yolo,93.7,yolo,0,0,0,0.000,0,-1,0
1785731632.326,3.573,-1.747,4.143,0.9976,0,4.058,0.396,-1.378,0.2401,7.524,0.181,0.879,1.000,1.378,-0.485,0.1494,0.0599,0.279,0.279,0.712,1.489,1.332,-1.351,0.0063,1.118,nan,0.00,1,1,1,0,1,0.0000,0.465,0,0.206,0,0.695,1,0,yolo,93.7,yolo,0,0,0,0.000,0,-1,0
1785731632.353,3.217,-1.717,4.248,0.9980,0,5.558,0.347,-0.978,0.2538,7.312,0.125,0.882,1.000,0.978,-9.211,1.5283,0.3587,0.291,0.342,0.768,1.496,1.344,-1.370,0.0063,1.106,nan,0.00,1,1,1,1,1,0.0000,0.319,0,0.157,0,0.713,0,0,yolo,89.4,yolo,0,0,0,0.000,0,-1,0
1785731632.384,3.217,-1.717,4.248,0.9980,0,4.058,0.272,-0.978,0.2376,7.312,0.125,0.882,1.000,0.978,-0.720,-0.0507,0.0000,0.291,0.291,0.768,1.496,1.344,-1.445,0.0063,1.106,nan,0.00,1,1,1,0,1,0.0000,0.470,0,0.212,0,0.673,0,0,yolo,89.4,yolo,0,0,0,0.000,0,-1,0
1785731632.416,2.729,-1.691,4.334,0.9984,0,3.575,0.266,-0.978,0.2543,7.312,0.125,0.882,1.000,0.978,-0.845,-0.0432,0.0464,0.298,0.298,0.814,1.502,1.348,-1.424,0.0063,1.102,nan,0.00,1,1,1,0,1,0.0000,0.470,0,0.212,0,0.673,0,0,yolo,89.4,yolo,0,0,0,0.000,0,-1,0
1785731632.449,2.346,-1.667,4.412,0.9987,0,5.075,0.199,-0.429,0.2707,7.129,0.053,0.863,1.000,0.429,-5.512,0.5129,0.2277,0.306,0.333,0.865,1.509,1.379,-1.468,0.0063,1.071,nan,0.00,1,1,1,1,1,0.0000,0.463,0,0.204,0,0.650,0,0,yolo,90.7,yolo,0,0,0,0.000,0,-1,0
1785731632.486,1.853,-1.649,4.460,0.9991,0,4.376,0.201,-0.429,0.2706,7.129,0.053,0.863,1.000,0.429,-2.523,-0.0249,0.0432,0.309,0.309,0.909,1.515,1.381,-1.449,0.0063,1.069,nan,0.00,1,1,1,0,1,0.0000,0.463,0,0.204,0,0.650,1,0,yolo,90.7,yolo,0,0,0,0.000,0,-1,0
1785731632.530,1.468,-1.631,4.483,0.9993,0,4.006,0.187,-0.429,0.2705,7.129,0.053,0.863,1.000,0.429,-2.539,-0.0240,0.0725,0.309,0.309,0.938,1.521,1.383,-1.444,0.0063,1.067,nan,0.00,1,1,1,0,1,0.0000,0.468,0,0.210,0,0.680,1,0,yolo,90.7,yolo,0,0,0,0.000,0,-1,0
1785731632.572,0.746,-1.597,4.549,0.9995,0,5.506,0.114,0.180,0.2724,6.926,-0.022,0.826,1.000,-0.180,-11.192,1.1044,0.7223,0.304,0.421,0.966,1.532,1.432,-1.483,0.0063,1.018,nan,0.00,1,1,1,1,1,0.0000,0.472,0,0.215,0,0.679,0,0,yolo,97.8,yolo,0,0,0,0.000,0,-1,0
1785731632.603,0.746,-1.597,4.549,0.9995,0,4.387,0.034,0.180,0.2705,6.926,-0.022,0.826,1.000,-0.180,-3.641,-0.1166,0.0000,0.304,0.304,0.966,1.532,1.432,-1.563,0.0063,1.018,nan,0.00,1,1,1,0,1,0.0000,0.597,0,0.222,1,0.719,0,0,yolo,97.8,yolo,0,0,0,0.000,0,-1,0
1785731632.640,0.253,-1.587,4.552,0.9996,0,5.887,-0.113,0.777,0.2703,6.801,-0.092,0.769,1.000,-0.777,-10.914,0.7085,0.6171,0.296,0.430,0.961,1.537,1.493,-1.700,0.0062,0.957,nan,0.00,1,1,1,1,1,0.0000,0.597,0,0.222,1,0.719,1,0,yolo,87.9,yolo,0,0,0,0.000,0,-1,0
1785731632.682,-0.139,-1.583,4.524,0.9996,0,4.726,-0.103,0.777,0.2702,6.801,-0.092,0.769,1.000,-0.777,-4.865,-0.1424,-0.0091,0.288,0.288,0.952,1.543,1.493,-1.686,0.0061,0.957,nan,0.00,1,1,1,0,1,0.0000,0.597,0,0.222,1,0.731,0,0,yolo,87.9,yolo,0,0,0,0.000,0,-1,0
1785731632.712,-0.710,-1.594,4.465,0.9995,0,3.901,-0.063,0.777,0.2702,6.801,-0.092,0.769,1.000,-0.777,-4.611,-0.1568,-0.0210,0.273,0.273,0.940,1.549,1.491,-1.657,0.0060,0.959,nan,0.00,1,1,1,0,1,0.0000,0.598,0,0.223,1,0.754,0,0,yolo,87.9,yolo,0,0,0,0.000,0,-1,0
1785731632.749,-1.145,-1.603,4.392,0.9994,0,5.401,-0.175,1.277,0.2701,6.677,-0.149,0.714,1.000,-1.277,-11.224,0.5820,0.5526,0.259,0.399,0.928,1.554,1.546,-1.778,0.0060,0.904,nan,0.00,1,1,1,1,1,0.0000,0.598,0,0.223,1,0.754,1,0,yolo,101.7,yolo,0,0,0,0.000,0,-1,0
1785731632.794,-1.500,-1.609,4.326,0.9993,0,4.043,-0.148,1.277,0.2701,6.677,-0.149,0.714,1.000,-1.277,-5.543,-0.1553,-0.0117,0.243,0.243,0.917,1.560,1.545,-1.757,0.0059,0.905,nan,0.00,1,1,1,0,1,0.0000,0.596,0,0.221,1,0.777,3,0,yolo,101.7,yolo,0,0,0,0.000,0,-1,0
1785731632.821,-1.942,-1.624,4.249,0.9990,0,3.283,-0.116,1.277,0.2700,6.677,-0.149,0.714,1.000,-1.277,-5.225,-0.1731,-0.0215,0.226,0.226,0.907,1.566,1.542,-1.740,0.0058,0.908,nan,0.00,1,1,1,0,1,0.0000,0.471,0,0.214,0,0.827,0,0,yolo,101.7,yolo,0,0,0,0.000,0,-1,0
1785731632.851,-2.282,-1.640,4.151,0.9988,0,4.783,-0.261,1.683,0.2700,6.506,-0.191,0.648,1.000,-1.683,-10.261,0.3464,0.5065,0.208,0.328,0.898,1.571,1.609,-1.900,0.0057,0.841,nan,0.00,1,1,1,1,1,0.0000,0.584,0,0.209,1,0.843,0,0,yolo,97.2,yolo,0,0,0,0.000,0,-1,0
1785731632.882,-2.564,-1.653,4.046,0.9986,0,3.465,-0.226,1.683,0.2700,6.506,-0.191,0.648,1.000,-1.683,-6.029,-0.1376,-0.0093,0.190,0.190,0.889,1.576,1.607,-1.879,0.0056,0.843,nan,0.00,1,1,1,0,1,0.0000,0.584,0,0.209,1,0.843,0,0,yolo,97.2,yolo,0,0,0,0.000,0,-1,0
1785731632.914,-2.840,-1.667,3.943,0.9983,0,2.833,-0.189,1.683,0.2700,6.506,-0.191,0.648,1.000,-1.683,-5.673,-0.1571,-0.0187,0.171,0.171,0.879,1.582,1.605,-1.856,0.0055,0.845,nan,0.00,1,1,1,0,1,0.0000,0.580,0,0.205,1,0.836,0,0,yolo,97.2,yolo,0,0,0,0.000,0,-1,0
1785731632.951,-3.084,-1.689,3.813,0.9981,0,4.333,-0.351,2.227,0.2830,6.335,-0.246,0.566,1.000,-2.227,-12.637,0.6017,0.7999,0.152,0.300,0.870,1.588,1.685,-2.040,0.0054,0.765,nan,0.00,1,1,1,1,1,0.0000,0.578,0,0.203,1,0.837,0,0,yolo,103.6,yolo,0,0,0,0.000,0,-1,0
1785731632.996,-3.312,-1.710,3.689,0.9979,0,3.209,-0.307,2.227,0.2699,6.335,-0.246,0.566,1.000,-2.227,-6.521,-0.1678,-0.0085,0.132,0.132,0.862,1.594,1.682,-2.017,0.0054,0.768,nan,0.00,1,1,1,0,1,0.0000,0.578,0,0.203,1,0.837,1,0,yolo,103.6,yolo,0,0,0,0.000,0,-1,0
1785731633.023,-3.712,-1.753,3.521,0.9974,0,2.347,-0.221,2.227,0.2700,6.335,-0.246,0.566,1.000,-2.227,-6.059,-0.1927,-0.0211,0.107,0.107,0.849,1.600,1.675,-1.974,0.0053,0.775,nan,0.00,1,1,1,0,1,0.0000,0.579,0,0.204,1,0.832,0,0,yolo,103.6,yolo,0,0,0,0.000,0,-1,0
1785731633.058,-4.109,-1.796,3.348,0.9969,0,3.847,-0.313,2.636,0.2784,6.253,-0.288,0.494,1.000,-2.636,-12.138,0.4459,0.6578,0.080,0.242,0.833,1.607,1.741,-2.110,0.0052,0.709,nan,0.00,1,1,1,1,1,0.0000,0.570,0,0.195,1,0.798,0,0,yolo,100.3,yolo,0,0,0,0.000,0,-1,0
1785731633.086,-4.434,-1.837,3.152,0.9965,0,2.347,-0.230,2.636,0.2701,6.253,-0.288,0.494,1.000,-2.636,-6.375,-0.1890,-0.0190,0.053,0.053,0.814,1.614,1.735,-2.067,0.0051,0.715,nan,0.00,1,1,1,0,1,0.0000,0.570,0,0.195,1,0.798,0,0,yolo,100.3,yolo,0,0,0,0.000,0,-1,0
1785731633.117,-4.647,-1.873,2.947,0.9962,0,1.242,-0.156,2.636,0.2534,6.253,-0.288,0.494,1.000,-2.636,-5.890,-0.2149,-0.0366,0.027,0.027,0.796,1.622,1.731,-2.030,0.0051,0.719,nan,0.00,1,1,1,0,1,0.0000,0.563,0,0.188,1,0.787,0,0,yolo,100.3,yolo,0,0,0,0.000,0,-1,0
1785731633.149,-4.746,-1.903,2.745,0.9960,0,2.742,-0.284,2.850,0.2701,6.085,-0.303,0.421,1.000,-2.850,-13.221,0.6820,2.0000,0.003,0.191,0.795,1.629,1.803,-2.187,0.0050,0.647,nan,0.00,1,1,1,1,1,0.0000,0.563,0,0.188,1,0.787,0,0,yolo,107.5,yolo,0,0,0,0.000,0,-1,0
1785731633.180,-4.938,-1.940,2.544,0.9957,0,1.242,-0.208,2.850,0.2701,6.085,-0.303,0.421,1.000,-2.850,-5.712,-0.2149,0.0066,-0.024,-0.024,0.802,1.637,1.798,-2.148,0.0049,0.652,nan,0.00,1,1,1,0,1,0.0000,0.557,0,0.182,1,0.768,0,0,yolo,107.5,yolo,0,0,0,0.000,0,-1,0
1785731633.215,-5.162,-1.984,2.327,0.9953,0,-0.000,-0.117,2.850,0.2701,6.085,-0.303,0.421,1.000,-2.850,-5.162,-0.2437,0.0201,-0.053,-0.053,0.815,1.645,1.793,-2.101,0.0049,0.657,nan,0.00,1,1,1,0,1,0.0000,0.555,0,0.180,1,0.757,0,0,yolo,107.5,yolo,0,0,0,0.000,0,-1,0
1785731633.242,-5.163,-1.985,2.324,0.9953,0,1.500,-0.403,3.056,0.2868,6.040,-0.323,0.338,1.000,-3.056,-10.408,0.2174,0.8307,-0.053,0.118,0.815,1.645,1.876,-2.388,0.0048,0.574,nan,0.00,1,1,1,1,1,0.0000,0.555,0,0.180,1,0.757,0,0,yolo,103.0,yolo,0,0,0,0.000,0,-1,0
1785731633.272,-5.159,-2.014,2.105,0.9953,0,0.385,-0.314,3.056,0.2701,6.040,-0.323,0.338,1.000,-3.056,-5.544,-0.1969,0.0003,-0.078,-0.078,0.816,1.653,1.873,-2.328,0.0048,0.577,nan,0.00,1,1,1,0,1,0.0000,0.552,0,0.177,1,0.740,0,0,yolo,103.0,yolo,0,0,0,0.000,0,-1,0
1785731633.304,-5.297,-2.073,1.866,0.9951,0,-0.312,-0.177,3.056,0.2700,6.040,-0.323,0.338,1.000,-3.056,-4.985,-0.2260,-0.0078,-0.108,-0.108,0.808,1.663,1.866,-2.250,0.0047,0.584,nan,0.00,1,1,1,0,1,0.0000,0.552,0,0.177,1,0.740,0,0,yolo,103.0,yolo,0,0,0,0.000,0,-1,0
1785731633.333,-5.261,-2.114,1.598,0.9951,0,-0.816,-0.066,3.056,0.2534,6.040,-0.323,0.338,1.000,-3.056,-4.445,-0.2541,-0.0198,-0.136,-0.136,0.796,1.673,1.862,-2.179,0.0046,0.588,nan,0.00,1,1,1,0,1,0.0000,0.414,0,0.142,1,0.743,0,0,yolo,103.0,yolo,0,0,0,0.000,0,-1,0
1785731633.371,-5.181,-2.142,1.343,0.9952,0,0.684,-0.176,3.110,0.2700,5.989,-0.325,0.262,0.998,-3.110,-7.977,0.0337,0.4470,-0.162,0.003,0.797,1.683,1.936,-2.319,0.0046,0.514,nan,0.00,1,1,1,1,1,0.0000,0.416,0,0.146,1,0.741,0,0,yolo,98.6,yolo,0,0,0,0.000,0,-1,0
1785731633.400,-5.181,-2.142,1.343,0.9952,0,-0.552,-0.270,3.109,0.2543,5.989,-0.325,0.262,0.998,-3.110,-4.629,-0.1649,0.0000,-0.162,-0.162,0.797,1.683,1.936,-2.413,0.0045,0.514,nan,0.00,1,1,1,0,1,0.0000,0.357,0,0.221,2,0.802,0,0,yolo,98.6,yolo,0,0,0,0.000,0,-1,0
1785731633.427,-5.257,-2.186,1.073,0.9951,0,-1.200,-0.132,3.108,0.2698,5.989,-0.325,0.262,0.998,-3.110,-4.057,-0.1945,0.0030,-0.191,-0.191,0.800,1.694,1.931,-2.317,0.0045,0.519,nan,0.00,1,1,1,0,1,0.0000,0.551,0,0.176,1,0.683,0,0,yolo,98.6,yolo,0,0,0,0.000,0,-1,0
1785731633.458,-5.144,-2.221,0.817,0.9952,0,-0.413,-0.231,2.952,0.2865,5.907,-0.306,0.185,0.984,-2.968,-4.730,-0.2196,1.1704,-0.216,-0.105,0.803,1.705,2.009,-2.452,0.0044,0.441,nan,0.00,1,1,1,1,1,0.0000,0.551,0,0.176,1,0.683,0,0,yolo,105.2,yolo,0,0,0,0.000,0,-1,0
1785731633.489,-5.096,-2.262,0.583,0.9953,0,-1.882,-0.130,2.950,0.2698,5.907,-0.306,0.185,0.984,-2.968,-3.214,-0.1351,0.0032,-0.240,-0.240,0.807,1.716,2.005,-2.393,0.0044,0.445,nan,0.00,1,1,1,0,1,0.0000,0.511,0,0.136,2,0.662,0,0,yolo,105.2,yolo,0,0,0,0.000,0,-1,0
1785731633.528,-4.935,-2.295,0.354,0.9955,0,-2.141,-0.047,2.949,0.2696,5.907,-0.306,0.185,0.984,-2.968,-2.794,-0.1569,0.0055,-0.261,-0.261,0.809,1.727,2.003,-2.341,0.0044,0.447,nan,0.00,1,1,1,0,1,0.0000,0.511,0,0.136,2,0.662,2,0,yolo,105.2,yolo,0,0,0,0.000,0,-1,0
1785731633.555,-4.741,-2.318,0.125,0.9958,0,-2.198,-0.182,2.649,0.2862,5.774,-0.275,0.102,0.962,-2.722,-2.543,-0.2476,0.8955,-0.281,-0.197,0.799,1.737,2.092,-2.500,0.0043,0.358,nan,0.00,1,1,1,1,1,0.0000,0.505,0,0.130,2,0.653,0,0,yolo,99.9,yolo,0,0,0,0.000,0,-1,0
1785731633.585,-4.552,-2.351,-0.087,0.9960,0,-2.784,-0.130,2.621,0.2696,5.774,-0.275,0.102,0.962,-2.722,-1.768,-0.1028,-0.0151,-0.300,-0.300,0.784,1.749,2.090,-2.481,0.0043,0.360,nan,0.00,1,1,1,0,1,0.0000,0.251,0,0.128,2,0.644,0,0,yolo,99.9,yolo,0,0,0,0.000,0,-1,0
1785731633.617,-4.552,-2.351,-0.087,0.9960,0,-2.784,-0.149,2.601,0.2578,5.774,-0.275,0.102,0.962,-2.722,-1.768,-0.1028,-0.0151,-0.300,-0.300,0.784,1.749,2.090,-2.500,0.0043,0.360,nan,0.00,1,1,1,0,1,0.0000,0.503,0,0.128,2,0.644,0,0,yolo,99.9,yolo,0,0,0,0.000,0,-1,0
1785731633.652,-4.283,-2.380,-0.304,0.9963,0,-2.690,-0.120,2.168,0.2745,5.605,-0.229,0.010,0.934,-2.344,-1.593,-0.2776,0.7524,-0.318,-0.181,0.768,1.761,2.190,-2.500,0.0042,0.260,nan,0.00,1,1,1,1,1,0.0000,0.548,0,0.173,1,0.711,1,0,yolo,101.9,yolo,0,0,0,0.000,0,-1,0
1785731633.684,-4.022,-2.406,-0.498,0.9967,0,-4.078,-0.094,2.176,0.2606,5.605,-0.229,0.010,0.934,-2.344,0.056,-0.1551,-0.0141,-0.336,-0.336,0.753,1.773,2.189,-2.500,0.0042,0.261,nan,0.00,1,1,1,0,1,0.0000,0.413,0,0.141,1,0.700,0,0,yolo,101.9,yolo,0,0,0,0.000,0,-1,0
1785731633.709,-3.619,-2.427,-0.677,0.9971,0,-3.934,-0.073,2.183,0.2603,5.605,-0.229,0.010,0.934,-2.344,0.315,-0.1687,-0.0175,-0.349,-0.349,0.750,1.786,2.188,-2.500,0.0042,0.262,nan,0.00,1,1,1,0,1,0.0000,0.413,0,0.141,1,0.700,0,0,yolo,101.9,yolo,0,0,0,0.000,0,-1,0
1785731633.741,-3.619,-2.427,-0.677,0.9971,0,-3.934,-0.073,2.188,0.2603,5.605,-0.229,0.010,0.934,-2.344,0.315,-0.1687,-0.0175,-0.349,-0.349,0.750,1.786,2.188,-2.500,0.0041,0.262,nan,0.00,1,1,1,0,1,0.0000,0.409,0,0.136,1,0.684,0,0,yolo,101.9,yolo,0,0,0,0.000,0,-1,0
1785731633.773,-3.255,-2.445,-0.857,0.9975,0,-5.434,-0.055,1.627,0.2769,5.443,-0.171,-0.068,0.907,-1.804,3.233,-0.7690,1.3166,-0.360,-0.268,0.754,1.798,2.200,-2.500,0.0041,0.174,nan,0.00,1,1,1,1,1,0.0000,0.409,0,0.136,1,0.684,0,0,yolo,103.4,yolo,0,0,0,0.000,0,-1,0
1785731633.804,-2.904,-2.461,-1.035,0.9978,0,-4.524,-0.039,1.622,0.2641,5.443,-0.171,-0.068,0.907,-1.804,1.620,-0.0994,0.0141,-0.367,-0.367,0.768,1.810,2.200,-2.500,0.0041,0.174,nan,0.00,1,1,1,0,1,0.0000,0.496,0,0.121,2,0.660,0,0,yolo,103.4,yolo,0,0,0,0.000,0,-1,0
1785731633.835,-2.493,-2.472,-1.179,0.9981,0,-4.212,-0.028,1.618,0.2647,5.443,-0.171,-0.068,0.907,-1.804,1.719,-0.1047,0.0304,-0.373,-0.373,0.784,1.822,2.200,-2.500,0.0041,0.174,nan,0.00,1,1,1,0,1,0.0000,0.196,0,0.115,1,0.647,0,0,yolo,103.4,yolo,0,0,0,0.000,0,-1,0
1785731633.867,-2.088,-2.480,-1.304,0.9984,0,-5.660,-0.020,1.105,0.2814,5.288,-0.118,-0.142,0.881,-1.273,3.572,-0.4901,0.8325,-0.377,-0.294,0.805,1.834,2.200,-2.500,0.0041,0.091,nan,0.00,1,1,1,1,1,0.0000,0.392,0,0.115,1,0.647,0,0,yolo,98.7,yolo,0,0,0,0.000,0,-1,0
1785731633.897,-1.515,-2.486,-1.410,0.9987,0,-4.432,0.013,1.110,0.2684,5.288,-0.118,-0.142,0.881,-1.273,2.917,-0.0804,0.0099,-0.375,-0.375,0.815,1.846,2.200,-2.474,0.0041,0.090,nan,0.00,1,1,1,0,1,0.0000,0.390,0,0.112,1,0.630,0,0,yolo,98.7,yolo,0,0,0,0.000,0,-1,0
1785731633.934,-1.515,-2.486,-1.410,0.9987,0,-4.432,-0.014,1.114,0.2684,5.288,-0.118,-0.142,0.881,-1.273,2.917,-0.0804,0.0099,-0.375,-0.375,0.815,1.846,2.200,-2.500,0.0041,0.090,nan,0.00,1,1,1,0,1,0.0000,0.390,0,0.112,1,0.630,1,0,yolo,98.7,yolo,0,0,0,0.000,0,-1,0
1785731633.962,-1.109,-2.487,-1.494,0.9989,0,-5.932,-0.013,0.489,0.2851,5.125,-0.059,-0.222,0.854,-0.659,5.565,-0.5500,0.8895,-0.373,-0.323,0.814,1.858,2.200,-2.500,0.0041,0.001,nan,0.00,1,1,1,1,1,0.0000,0.403,0,0.128,1,0.624,0,0,yolo,100.5,yolo,0,0,0,0.000,0,-1,0
1785731633.996,-0.735,-2.490,-1.577,0.9990,0,-4.790,0.004,0.442,0.2684,5.125,-0.059,-0.222,0.854,-0.659,4.055,-0.0451,-0.0054,-0.368,-0.368,0.809,1.869,2.200,-2.486,0.0041,0.001,nan,0.00,1,1,1,0,1,0.0000,0.284,0,0.193,1,0.619,0,0,yolo,100.5,yolo,0,0,0,0.000,0,-1,0
1785731634.043,-0.283,-2.491,-1.631,0.9990,0,-4.199,0.052,0.406,0.2683,5.125,-0.059,-0.222,0.854,-0.659,3.916,-0.0377,-0.0128,-0.360,-0.360,0.802,1.880,2.200,-2.439,0.0041,0.001,nan,0.00,1,1,1,0,1,0.0000,0.797,0,0.194,3,0.593,0,0,yolo,100.5,yolo,0,0,0,0.000,0,-1,0
1785731634.089,0.521,-2.486,-1.681,0.9990,0,-5.079,0.235,-0.164,0.2850,4.967,-0.004,-0.295,0.828,-0.046,5.600,-0.3184,0.4807,-0.341,-0.306,0.788,1.901,2.193,-2.251,0.0041,-0.079,nan,0.00,1,1,1,1,1,0.0000,0.797,0,0.194,3,0.593,2,0,yolo,101.4,yolo,0,0,0,0.000,0,-1,0
1785731634.115,0.521,-2.486,-1.681,0.9990,0,-4.413,0.091,-0.177,0.2707,4.967,-0.004,-0.295,0.828,-0.046,4.934,-0.0353,0.0000,-0.341,-0.341,0.788,1.901,2.193,-2.395,0.0041,-0.079,nan,0.00,1,1,1,0,1,0.0000,0.833,0,0.360,4,0.164,0,0,yolo,101.4,yolo,0,0,0,0.000,0,-1,0
1785731634.153,1.004,-2.465,-1.683,0.9989,0,-5.913,0.164,-0.791,0.2874,4.854,0.037,-0.382,0.809,0.436,12.036,-1.2263,2.0000,-0.327,-0.433,0.779,1.911,2.171,-2.301,0.0041,-0.172,nan,0.00,1,1,1,1,1,0.0000,0.417,0,0.338,4,0.118,0,0,yolo,95.5,yolo,0,0,0,0.000,0,-1,0
1785731634.193,1.438,-2.458,-1.654,0.9988,0,-4.413,0.198,-0.941,0.2731,4.854,0.037,-0.382,0.809,0.436,4.826,0.1227,-0.0117,-0.310,-0.310,0.768,1.922,2.171,-2.260,0.0041,-0.173,nan,0.00,1,1,1,0,1,0.0000,0.417,0,0.338,4,0.118,0,0,yolo,95.5,yolo,0,0,0,0.000,0,-1,0
1785731634.224,2.057,-2.444,-1.590,0.9984,0,-2.913,0.219,-1.053,0.2724,4.854,0.037,-0.382,0.809,0.436,4.418,0.1450,-0.0311,-0.288,-0.288,0.748,1.933,2.171,-2.225,0.0041,-0.173,nan,0.00,1,1,1,0,1,0.4418,0.917,1,0.352,5,0.020,0,0,yolo,95.5,yolo,0,0,0,0.000,0,-1,0
1785731634.257,2.365,-2.427,-1.502,0.9983,0,-4.413,0.351,-1.593,0.2890,4.644,0.067,-0.462,0.774,0.829,8.882,-0.4779,1.3297,-0.270,-0.380,0.727,1.943,2.118,-2.077,0.0042,-0.262,nan,0.00,1,1,1,1,1,0.4418,0.917,1,0.352,5,0.020,0,0,yolo,103.2,yolo,0,0,0,0.000,0,-1,0
1785731634.286,2.764,-2.403,-1.378,0.9980,0,-2.913,0.337,-1.685,0.2755,4.644,0.067,-0.462,0.774,0.829,4.685,0.1293,-0.0244,-0.250,-0.250,0.703,1.951,2.116,-2.065,0.0042,-0.263,nan,0.00,1,1,1,0,1,0.3327,0.438,1,0.494,6,-0.114,0,0,yolo,103.2,yolo,0,0,0,0.000,0,-1,0
1785731634.317,3.015,-2.382,-1.249,0.9978,0,-1.413,0.316,-1.754,0.2746,4.644,0.067,-0.462,0.774,0.829,4.378,0.1462,-0.0477,-0.233,-0.233,0.679,1.959,2.115,-2.066,0.0042,-0.265,nan,0.00,1,1,1,0,1,0.2236,0.469,1,0.494,7,0.145,0,0,yolo,103.2,yolo,0,0,0,0.000,0,-1,0
1785731634.348,3.126,-2.365,-1.121,0.9977,0,-0.976,0.302,-1.806,0.2739,4.644,0.067,-0.462,0.774,0.829,4.101,0.1615,-0.0659,-0.218,-0.218,0.661,1.966,2.114,-2.063,0.0042,-0.266,nan,0.00,1,1,1,0,1,0.1544,1.000,1,0.580,9,-0.002,0,0,yolo,103.2,yolo,0,0,0,0.000,0,-1,0
1785731634.379,3.208,-2.348,-0.989,0.9976,0,-2.476,0.505,-2.004,0.2906,4.549,0.095,-0.531,0.758,1.192,7.246,-0.2158,0.5411,-0.202,-0.292,0.645,1.974,2.030,-1.843,0.0043,-0.338,nan,0.00,1,1,1,1,1,0.1544,1.000,1,0.580,9,-0.002,0,0,yolo,108.1,yolo,0,0,0,0.000,0,-1,0
1785731634.416,3.208,-2.348,-0.989,0.9976,0,-1.607,0.416,-1.894,0.2791,4.549,0.095,-0.531,0.758,1.192,4.814,0.0893,0.0000,-0.202,-0.202,0.645,1.974,2.030,-1.932,0.0043,-0.338,nan,0.00,1,1,1,0,1,0.1025,1.000,1,0.580,9,-0.002,2,0,yolo,108.1,yolo,0,0,0,0.000,0,-1,0
1785731634.457,3.578,-2.287,-0.687,0.9973,0,-0.572,0.499,-1.812,0.2774,4.549,0.095,-0.531,0.758,1.192,4.150,0.1260,-0.0431,-0.166,-0.166,0.602,1.989,2.026,-1.788,0.0043,-0.342,nan,0.00,1,1,1,0,1,-0.0335,1.000,1,0.652,10,-0.082,0,0,yolo,108.1,yolo,0,0,0,0.000,0,-1,0
1785731634.488,3.624,-2.257,-0.549,0.9972,0,-2.072,0.739,-1.905,0.2941,4.408,0.109,-0.617,0.735,1.419,6.395,-0.1748,0.9319,-0.148,-0.220,0.582,1.996,1.918,-1.518,0.0044,-0.435,nan,0.00,1,1,1,1,1,-0.0335,1.000,1,0.652,10,-0.082,0,0,yolo,102.5,yolo,0,0,0,0.000,0,-1,0
1785731634.524,3.818,-2.199,-0.397,0.9970,0,-0.572,0.699,-1.804,0.2811,4.408,0.109,-0.617,0.735,1.419,4.077,0.0933,-0.0303,-0.127,-0.127,0.551,2.003,1.915,-1.501,0.0044,-0.439,nan,0.00,1,1,1,0,1,-0.0541,1.000,1,0.617,9,-0.112,0,0,yolo,102.5,yolo,0,0,0,0.000,0,-1,0
1785731634.550,3.818,-2.199,-0.397,0.9970,0,-0.260,0.615,-1.729,0.2811,4.408,0.109,-0.617,0.735,1.419,4.077,0.0933,-0.0303,-0.127,-0.127,0.551,2.003,1.915,-1.585,0.0045,-0.439,nan,0.00,1,1,1,0,1,-0.0541,1.000,1,0.617,9,-0.112,0,0,yolo,102.5,yolo,0,0,0,0.000,0,-1,0
1785731634.589,3.872,-2.147,-0.242,0.9970,0,-1.066,0.831,-1.637,0.2978,4.249,0.110,-0.689,0.708,1.483,4.938,-0.0474,0.8099,-0.106,-0.150,0.515,2.010,1.820,-1.315,0.0045,-0.520,nan,0.00,1,1,1,1,1,-0.0446,0.950,1,0.684,9,-0.137,0,0,yolo,101.8,yolo,0,0,0,0.000,0,-1,0
1785731634.629,3.994,-2.037,0.037,0.9969,0,0.434,0.845,-1.510,0.2820,4.249,0.110,-0.689,0.708,1.483,3.235,0.0860,-0.0724,-0.064,-0.064,0.442,2.022,1.814,-1.192,0.0046,-0.528,nan,0.00,1,1,1,0,1,-0.0285,1.000,1,0.460,7,-0.300,0,0,yolo,101.8,yolo,0,0,0,0.000,0,-1,0
1785731634.660,3.994,-2.037,0.037,0.9969,0,0.759,0.759,-1.415,0.2821,4.249,0.110,-0.689,0.708,1.483,3.235,0.0860,-0.0724,-0.064,-0.064,0.442,2.022,1.814,-1.278,0.0046,-0.528,nan,0.00,1,1,1,0,1,-0.0163,1.000,1,0.460,7,-0.300,0,0,yolo,101.8,yolo,0,0,0,0.000,0,-1,0
1785731634.698,3.957,-1.970,0.164,0.9970,0,0.634,1.010,-1.233,0.2987,3.958,0.091,-0.772,0.660,1.311,3.323,0.0712,0.5953,-0.043,-0.098,0.400,2.028,1.693,-0.960,0.0047,-0.627,nan,0.00,1,1,1,1,1,0.0000,0.857,0,0.446,5,-0.222,0,0,yolo,103.4,yolo,0,0,0,0.000,0,-1,0
1785731634.723,3.890,-1.909,0.284,0.9971,0,1.643,0.969,-1.189,0.2868,3.958,0.091,-0.772,0.660,1.311,2.247,0.0744,-0.0375,-0.023,-0.023,0.363,2.034,1.689,-0.940,0.0048,-0.632,nan,0.00,1,1,1,0,1,0.0000,0.857,0,0.446,5,-0.222,0,0,yolo,103.4,yolo,0,0,0,0.000,0,-1,0
1785731634.754,3.752,-1.831,0.386,0.9973,0,1.841,0.907,-1.157,0.2853,3.958,0.091,-0.772,0.660,1.311,1.912,0.0935,-0.0757,-0.004,-0.004,0.325,2.038,1.685,-0.924,0.0048,-0.637,nan,0.00,1,1,1,0,1,0.0000,0.857,0,0.446,5,-0.222,0,0,yolo,103.4,yolo,0,0,0,0.000,0,-1,0
1785731634.785,3.607,-1.762,0.471,0.9975,0,1.868,0.971,-0.845,0.3020,3.828,0.076,-0.812,0.638,1.143,1.739,0.1683,0.7526,0.013,-0.032,0.291,2.043,1.631,-0.790,0.0049,-0.688,nan,0.00,1,1,1,1,1,-0.3845,1.000,1,0.445,7,-0.119,0,0,yolo,99.8,yolo,0,0,0,0.000,0,-1,0
1785731634.816,3.471,-1.698,0.550,0.9977,0,2.227,0.911,-0.699,0.2890,3.828,0.076,-0.812,0.638,1.143,1.243,0.0590,-0.0313,0.027,0.027,0.260,2.046,1.627,-0.787,0.0050,-0.692,nan,0.00,1,1,1,0,1,-0.3845,1.000,1,0.445,7,-0.119,0,0,yolo,99.8,yolo,0,0,0,0.000,0,-1,0
1785731634.847,3.299,-1.628,0.605,0.9979,0,2.323,0.847,-0.589,0.2871,3.828,0.076,-0.812,0.638,1.143,0.976,0.0742,-0.0763,0.043,0.043,0.215,2.050,1.623,-0.781,0.0050,-0.697,nan,0.00,1,1,1,0,1,-0.3510,1.000,1,0.593,9,0.128,0,0,yolo,99.8,yolo,0,0,0,0.000,0,-1,0
1785731634.880,3.119,-1.563,0.648,0.9981,0,3.045,0.900,-0.249,0.3038,3.670,0.051,-0.844,0.612,0.800,0.074,0.2201,0.4271,0.057,0.033,0.171,2.053,1.574,-0.663,0.0051,-0.740,nan,0.00,1,1,1,1,1,-0.3282,1.000,1,0.595,9,0.146,0,0,yolo,98.7,yolo,0,0,0,0.000,0,-1,0
1785731634.911,2.872,-1.490,0.677,0.9984,0,2.789,0.833,-0.182,0.2897,3.670,0.051,-0.844,0.612,0.800,0.083,0.0382,-0.0517,0.071,0.071,0.119,2.056,1.571,-0.657,0.0052,-0.745,nan,0.00,1,1,1,0,1,-0.3282,1.000,1,0.595,9,0.146,0,0,yolo,98.7,yolo,0,0,0,0.000,0,-1,0
1785731634.944,2.639,-1.419,0.690,0.9986,0,2.806,0.766,-0.132,0.2873,3.670,0.051,-0.844,0.612,0.800,-0.166,0.0526,-0.1084,0.086,0.086,0.062,2.058,1.567,-0.653,0.0053,-0.750,nan,0.00,1,1,1,0,1,-0.3026,1.000,1,0.593,8,0.152,0,0,yolo,98.7,yolo,0,0,0,0.000,0,-1,0
1785731634.979,2.401,-1.352,0.701,0.9988,0,3.705,0.798,0.192,0.3039,3.513,0.027,-0.872,0.585,0.440,-1.305,0.2204,0.3653,0.099,0.091,0.008,2.061,1.526,-0.554,0.0053,-0.787,nan,0.00,1,1,1,1,1,0.0000,1.000,0,0.592,8,-0.339,0,0,yolo,101.3,yolo,0,0,0,0.000,0,-1,0
1785731635.019,2.071,-1.280,0.697,0.9991,0,3.087,0.727,0.243,0.2908,3.513,0.027,-0.872,0.585,0.440,-1.017,0.0207,-0.0571,0.112,0.112,-0.049,2.063,1.522,-0.553,0.0054,-0.791,nan,0.00,1,1,1,0,1,0.0000,1.000,0,0.592,8,-0.339,0,0,yolo,101.3,yolo,0,0,0,0.000,0,-1,0
1785731635.050,1.803,-1.214,0.675,0.9993,0,3.015,0.660,0.281,0.2883,3.513,0.027,-0.872,0.585,0.440,-1.212,0.0320,-0.1166,0.123,0.123,-0.108,2.064,1.519,-0.554,0.0055,-0.796,nan,0.00,1,1,1,0,1,-0.2513,0.938,1,0.593,7,-0.332,0,0,yolo,101.3,yolo,0,0,0,0.000,0,-1,0
1785731635.077,1.803,-1.214,0.675,0.9993,0,4.352,0.711,0.655,0.3050,3.350,0.007,-0.891,0.558,0.123,-2.549,0.2780,0.3546,0.123,0.136,-0.108,2.064,1.489,-0.503,0.0056,-0.819,nan,0.00,1,1,1,1,1,-0.2513,0.938,1,0.593,7,-0.332,0,0,yolo,102.9,yolo,0,0,0,0.000,0,-1,0
1785731635.111,1.560,-1.158,0.653,0.9994,0,3.275,0.659,0.768,0.2923,3.350,0.007,-0.891,0.558,0.123,-1.716,-0.0033,-0.0501,0.132,0.132,-0.159,2.065,1.486,-0.500,0.0057,-0.823,nan,0.00,1,1,1,0,1,-0.2195,0.469,1,0.591,7,-0.320,0,0,yolo,102.9,yolo,0,0,0,0.000,0,-1,0
1785731635.148,1.181,-1.095,0.615,0.9996,0,3.044,0.598,0.852,0.2899,3.350,0.007,-0.891,0.558,0.123,-1.863,0.0053,-0.1045,0.141,0.141,-0.213,2.066,1.484,-0.498,0.0057,-0.827,nan,0.00,1,1,1,0,1,-0.1910,0.938,1,0.596,7,0.075,0,0,yolo,102.9,yolo,0,0,0,0.000,0,-1,0
1785731635.174,0.819,-1.026,0.551,0.9997,0,4.013,0.576,1.054,0.3020,3.208,-0.014,-0.899,0.535,-0.255,-3.194,0.2115,0.1521,0.149,0.160,-0.282,2.067,1.462,-0.450,0.0058,-0.842,nan,0.00,1,1,1,1,1,-0.1875,0.938,1,0.596,7,0.075,0,0,yolo,103.9,yolo,0,0,0,0.000,0,-1,0
1785731635.206,0.472,-0.974,0.472,0.9998,0,3.027,0.519,1.014,0.2926,3.208,-0.014,-0.899,0.535,-0.255,-2.555,-0.0044,-0.0607,0.155,0.155,-0.342,2.067,1.460,-0.455,0.0059,-0.845,nan,0.00,1,1,1,0,1,-0.1893,0.938,1,0.595,7,-0.288,0,0,yolo,103.9,yolo,0,0,0,0.000,0,-1,0
1785731635.237,0.197,-0.925,0.383,0.9999,0,2.832,0.464,0.984,0.2897,3.208,-0.014,-0.899,0.535,-0.255,-2.635,0.0004,-0.1283,0.160,0.160,-0.410,2.067,1.458,-0.461,0.0060,-0.847,nan,0.00,1,1,1,0,1,-0.1983,0.938,1,0.601,7,0.037,0,0,yolo,103.9,yolo,0,0,0,0.000,0,-1,0
1785731635.268,-0.041,-0.884,0.307,0.9999,0,2.644,0.417,0.961,0.2873,3.208,-0.014,-0.899,0.535,-0.255,-2.684,0.0033,-0.1845,0.163,0.163,-0.466,2.066,1.457,-0.467,0.0061,-0.850,nan,0.00,1,1,1,0,1,-0.1980,0.929,1,0.527,6,0.047,0,0,yolo,103.9,yolo,0,0,0,0.000,0,-1,0
1785731635.306,-0.284,-0.844,0.231,0.9999,0,3.765,0.395,1.002,0.2951,3.058,-0.046,-0.893,0.510,-0.864,-4.049,0.1950,-0.0108,0.165,0.171,-0.517,2.066,1.446,-0.450,0.0062,-0.848,nan,0.00,1,1,1,1,1,-0.2052,0.929,1,0.518,6,0.008,0,0,yolo,101.3,yolo,0,0,0,0.000,0,-1,0
1785731635.351,-0.620,-0.809,0.153,0.9998,0,2.838,0.352,0.770,0.2939,3.058,-0.046,-0.893,0.510,-0.864,-3.458,-0.0056,-0.0427,0.166,0.166,-0.560,2.065,1.445,-0.456,0.0062,-0.849,nan,0.00,1,1,1,0,1,-0.2107,0.929,1,0.518,6,0.008,2,0,yolo,101.3,yolo,0,0,0,0.000,0,-1,0
1785731635.394,-0.886,-0.775,0.081,0.9998,0,4.080,0.321,0.858,0.2874,2.909,-0.065,-0.878,0.485,-1.280,-4.966,0.3171,-0.1809,0.164,0.185,-0.606,2.064,1.440,-0.454,0.0063,-0.837,nan,0.00,1,1,1,1,1,-0.3955,0.688,1,0.506,3,-0.179,0,0,yolo,95.1,yolo,0,0,0,0.000,0,-1,0
1785731635.430,-1.273,-0.745,0.016,0.9997,0,2.580,0.284,0.776,0.2936,2.909,-0.065,-0.878,0.485,-1.280,-3.790,-0.0244,-0.0452,0.161,0.161,-0.651,2.063,1.440,-0.462,0.0064,-0.838,nan,0.00,1,1,1,0,1,-0.4920,0.786,1,0.427,4,-0.071,0,0,yolo,95.1,yolo,0,0,0,0.000,0,-1,0
1785731635.456,-1.273,-0.745,0.016,0.9997,0,2.517,0.290,0.715,0.2937,2.909,-0.065,-0.878,0.485,-1.280,-3.790,-0.0244,-0.0452,0.161,0.161,-0.651,2.063,1.440,-0.456,0.0065,-0.838,nan,0.00,1,1,1,0,1,0.0000,0.800,0,0.292,3,0.058,0,0,yolo,95.1,yolo,0,0,0,0.000,0,-1,0
1785731635.488,-1.514,-0.718,-0.055,0.9996,0,3.756,0.240,0.873,0.2770,2.743,-0.082,-0.843,0.457,-1.705,-5.271,0.3053,-0.4814,0.154,0.184,-0.703,2.062,1.443,-0.478,0.0066,-0.806,nan,0.00,1,1,1,1,1,0.0000,0.800,0,0.292,3,0.058,0,0,yolo,95.5,yolo,0,0,0,0.000,0,-1,0
1785731635.518,-1.742,-0.693,-0.114,0.9995,0,2.256,0.207,0.869,0.2927,2.743,-0.082,-0.843,0.457,-1.705,-3.952,-0.0375,-0.0526,0.146,0.146,-0.756,2.061,1.443,-0.486,0.0067,-0.807,nan,0.00,1,1,1,0,1,0.0000,0.587,0,0.114,3,0.440,0,0,yolo,95.5,yolo,0,0,0,0.000,0,-1,0
1785731635.551,-1.984,-0.672,-0.167,0.9993,0,1.849,0.180,0.866,0.2909,2.743,-0.082,-0.843,0.457,-1.705,-3.833,-0.0447,-0.0947,0.139,0.139,-0.798,2.059,1.443,-0.492,0.0067,-0.808,nan,0.00,1,1,1,0,1,0.0000,0.349,0,0.061,2,0.505,0,0,yolo,95.5,yolo,0,0,0,0.000,0,-1,0
1785731635.587,-2.151,-0.658,-0.235,0.9992,0,2.921,0.146,0.938,0.2844,2.586,-0.104,-0.806,0.431,-2.309,-5.072,0.1637,-0.2181,0.130,0.156,-0.833,2.058,1.448,-0.512,0.0068,-0.771,nan,0.00,1,1,1,1,1,0.0000,0.252,0,0.044,1,0.543,1,0,yolo,91.1,yolo,0,0,0,0.000,0,-1,0
1785731635.614,-2.300,-0.644,-0.304,0.9991,0,1.820,0.126,0.827,0.2927,2.586,-0.104,-0.806,0.431,-2.309,-4.120,-0.0366,-0.0344,0.120,0.120,-0.868,2.057,1.447,-0.518,0.0069,-0.772,nan,0.00,1,1,1,0,1,0.0000,0.251,0,0.043,1,0.554,0,0,yolo,91.1,yolo,0,0,0,0.000,0,-1,0
1785731635.645,-2.464,-0.635,-0.367,0.9990,0,1.477,0.110,0.745,0.2914,2.586,-0.104,-0.806,0.431,-2.309,-3.942,-0.0474,-0.0677,0.109,0.109,-0.901,2.055,1.447,-0.525,0.0070,-0.772,nan,0.00,1,1,1,0,1,0.0000,0.252,0,0.045,1,0.566,0,0,yolo,91.1,yolo,0,0,0,0.000,0,-1,0
1785731635.677,-2.596,-0.627,-0.426,0.9989,0,1.138,0.096,0.682,0.2898,2.586,-0.104,-0.806,0.431,-2.309,-3.734,-0.0601,-0.1050,0.096,0.096,-0.938,2.054,1.447,-0.531,0.0070,-0.772,nan,0.00,1,1,1,0,1,0.0000,0.252,0,0.045,1,0.566,0,0,yolo,91.1,yolo,0,0,0,0.000,0,-1,0
1785731635.712,-2.696,-0.621,-0.478,0.9988,0,0.816,0.085,0.636,0.2879,2.586,-0.104,-0.806,0.431,-2.309,-3.513,-0.0735,-0.1493,0.083,0.083,-0.983,2.052,1.447,-0.536,0.0071,-0.772,nan,0.00,1,1,1,0,1,0.0000,0.252,0,0.045,1,0.566,1,0,yolo,91.1,yolo,0,0,0,0.000,0,-1,0
1785731635.739,-2.767,-0.615,-0.524,0.9988,0,0.522,0.076,0.601,0.2861,2.586,-0.104,-0.806,0.431,-2.309,-3.290,-0.0871,-0.1907,0.069,0.069,-1.024,2.051,1.447,-0.539,0.0072,-0.772,nan,0.00,1,1,1,0,1,0.0000,0.255,0,0.051,1,0.594,0,0,yolo,91.1,yolo,0,0,0,0.000,0,-1,0
1785731635.770,-2.815,-0.610,-0.567,0.9987,0,0.239,0.068,0.575,0.2845,2.586,-0.104,-0.806,0.431,-2.309,-3.055,-0.1014,-0.2293,0.055,0.055,-1.063,2.050,1.447,-0.543,0.0073,-0.772,nan,0.00,1,1,1,0,1,0.0000,0.193,0,0.108,1,0.641,0,0,yolo,91.1,yolo,0,0,0,0.000,0,-1,0
1785731635.801,-2.815,-0.610,-0.567,0.9987,0,0.239,0.082,0.555,0.2846,2.586,-0.104,-0.806,0.431,-2.309,-3.055,-0.1014,-0.2293,0.055,0.055,-1.063,2.050,1.447,-0.528,0.0074,-0.772,nan,0.00,1,1,1,0,1,0.0000,0.193,0,0.108,1,0.641,0,0,yolo,91.1,yolo,0,0,0,0.000,0,-1,0
1785731635.826,-2.842,-0.606,-0.614,0.9987,0,-0.059,0.068,0.540,0.2829,2.586,-0.104,-0.806,0.431,-2.309,-2.783,-0.1179,-0.2670,0.038,0.038,-1.100,2.048,1.447,-0.537,0.0074,-0.772,nan,0.00,1,1,1,0,1,0.0000,0.803,0,0.198,3,0.814,0,0,yolo,91.1,yolo,0,0,0,0.000,0,-1,0
1785731635.864,-2.844,-0.602,-0.654,0.9987,0,1.441,0.087,2.040,0.2663,4.000,-0.773,0.000,0.667,-10.938,-14.000,-0.0000,-1.1294,0.023,0.023,-1.129,2.047,1.436,-0.515,0.0074,-0.749,nan,0.00,1,1,0,1,1,0.0000,0.686,0,0.197,2,0.825,0,1,blueline,,BLUELINE,0,0,0,0.000,0,-1,0
1785731635.895,-2.970,-0.600,-0.775,0.9986,0,2.941,0.053,3.540,0.2496,4.000,-0.773,0.000,0.667,-10.938,-14.000,-0.0118,-1.1443,0.011,0.011,-1.144,2.046,1.447,-0.547,0.0074,-0.726,nan,0.00,1,1,0,0,1,0.0000,0.686,0,0.197,2,0.825,0,0,blueline,,BLUELINE,0,0,0,0.000,0,-1,0
1785731635.926,-3.228,-0.611,-1.050,0.9984,0,4.441,-0.057,5.040,0.2420,4.000,-0.701,0.000,0.667,-9.947,-9.741,-2.0763,-1.1333,0.006,0.006,-1.133,2.044,1.493,-0.668,0.0074,-0.705,nan,0.00,1,1,0,1,1,0.0000,0.689,0,0.199,2,0.824,0,0,blueline,,BLUELINE,0,0,0,0.000,0,-1,0
1785731635.957,-3.614,-0.642,-1.466,0.9979,0,2.941,-0.245,6.540,0.2432,4.000,-0.561,0.000,0.667,-7.986,0.307,-4.1082,-1.0933,0.006,0.006,-1.093,2.043,1.578,-0.886,0.0074,-0.683,nan,0.00,1,1,0,1,1,0.0000,0.525,0,0.150,2,0.820,0,0,blueline,,BLUELINE,0,0,0,0.000,0,-1,0
1785731635.989,-3.881,-0.703,-2.055,0.9976,0,1.441,-0.416,5.442,0.2458,4.000,-0.381,0.000,0.667,-5.442,4.828,-4.1888,-1.0252,0.004,0.004,-1.025,2.041,1.670,-1.120,0.0074,-0.663,nan,0.00,1,1,0,1,1,0.0000,0.520,0,0.145,2,0.807,0,0,blueline,,BLUELINE,0,0,0,0.000,0,-1,0
1785731636.021,-3.881,-0.703,-2.055,0.9976,0,2.941,-0.442,5.442,0.2452,4.000,-0.381,0.000,0.667,-5.442,-9.134,0.0000,-1.0252,0.004,0.004,-1.025,2.041,1.686,-1.145,0.0074,-0.643,nan,0.00,1,1,0,0,1,0.0000,0.520,0,0.145,2,0.807,0,0,blueline,,BLUELINE,0,0,0,0.000,0,-1,0
1785731636.051,-4.007,-0.780,-2.584,0.9975,0,1.441,0.845,3.942,0.2486,4.000,-0.218,0.000,0.233,-3.123,0.084,-1.6195,-0.9378,-0.003,-0.003,-0.938,2.040,1.200,0.065,0.0074,-0.624,nan,0.00,0,1,0,1,1,0.0000,0.410,0,0.137,1,0.784,0,0,blueline,,BLUELINE,0,0,0,0.000,0,-1,0
1785731636.083,-4.173,-0.695,-2.956,0.9973,0,-0.059,-0.506,2.442,0.2526,4.000,-0.013,0.000,0.667,-0.181,13.976,-4.1888,-0.8372,-0.022,-0.022,-0.837,2.041,1.716,-1.202,0.0074,-0.605,nan,0.00,1,1,0,1,1,0.0000,0.502,0,0.127,2,0.754,0,0,blueline,,BLUELINE,0,0,0,0.000,0,-1,0
1785731636.114,-4.173,-0.695,-2.956,0.9973,0,-1.559,-0.538,0.942,0.2521,4.000,-0.013,0.000,0.667,-0.181,0.014,0.0000,-0.8372,-0.022,-0.022,-0.837,2.041,1.731,-1.234,0.0074,-0.587,nan,0.00,1,1,0,0,1,0.0000,0.502,0,0.127,2,0.754,0,0,blueline,,BLUELINE,0,0,0,0.000,0,-1,0
1785731636.145,-4.167,-0.766,-3.162,0.9973,0,-3.059,-0.513,-0.558,0.2548,4.000,0.160,0.000,0.667,2.291,14.000,-4.1888,-0.7643,-0.044,-0.044,-0.764,2.040,1.745,-1.279,0.0074,-0.569,nan,0.00,1,1,0,1,1,0.0000,0.505,0,0.130,2,0.736,0,0,blueline,,BLUELINE,0,0,0,0.000,0,-1,0
1785731636.180,-3.851,-0.819,-3.134,0.9976,0,-4.473,0.987,0.000,0.2567,nan,nan,nan,0.000,0.000,0.622,0.0000,-0.7092,-0.078,-0.078,-0.709,2.040,1.000,0.581,0.0074,-0.552,nan,0.00,0,0,0,0,1,0.0000,0.406,0,0.133,1,0.726,0,0,,,FLYING,0,0,0,0.000,0,-1,0
1785731636.222,-3.405,-0.702,-3.066,0.9982,0,-5.254,0.798,-1.500,0.2579,4.000,0.155,0.000,0.233,2.221,1.849,-0.0000,-0.6686,-0.111,-0.111,-0.669,2.040,1.200,0.096,0.0074,-0.536,nan,0.00,0,1,0,1,1,0.0000,0.412,0,0.140,1,0.717,0,0,blueline,,BLUELINE,0,0,0,0.000,0,-1,0
1785731636.254,-2.929,-0.624,-2.991,0.9986,0,-4.947,0.716,-2.221,0.2586,4.000,0.155,0.000,0.233,2.221,2.018,-0.0275,-0.6393,-0.138,-0.138,-0.639,2.040,1.200,0.092,0.0074,-0.520,nan,0.00,0,1,0,0,1,0.0000,0.412,0,0.140,1,0.717,0,0,blueline,,BLUELINE,0,0,0,0.000,0,-1,0
1785731636.285,-2.482,-0.553,-2.801,0.9990,0,-6.447,0.630,-2.964,0.2592,4.000,0.207,0.000,0.233,2.964,4.373,-1.5572,-0.6145,-0.166,-0.166,-0.615,2.039,1.200,0.077,0.0074,-0.504,nan,0.00,0,1,0,1,1,0.0000,0.415,0,0.143,1,0.706,0,0,blueline,,BLUELINE,0,0,0,0.000,0,-1,0
1785731636.316,-1.902,-0.487,-2.548,0.9994,0,-7.947,0.542,-4.464,0.2595,4.000,0.538,0.000,0.233,7.664,10.300,-4.1888,-0.5942,-0.192,-0.192,-0.594,2.036,1.200,0.054,0.0074,-0.489,nan,0.00,0,1,0,1,1,0.0000,0.210,0,0.150,1,0.702,0,0,blueline,,BLUELINE,0,0,0,0.000,0,-1,0
1785731636.346,-1.902,-0.487,-2.548,0.9994,0,-7.316,0.553,-5.964,0.2591,4.000,0.538,0.000,0.233,7.664,5.413,0.0000,-0.5942,-0.192,-0.192,-0.594,2.036,1.200,0.065,0.0074,-0.474,nan,0.00,0,1,0,0,1,0.0000,0.420,0,0.150,1,0.702,0,0,blueline,,BLUELINE,0,0,0,0.000,0,-1,0
1785731636.378,-1.189,-0.433,-2.202,0.9998,0,-8.816,-0.859,-7.464,0.2593,4.000,0.558,0.000,0.667,7.948,14.000,-0.1978,-0.5768,-0.218,-0.218,-0.577,2.033,1.729,-1.292,0.0074,-0.460,nan,0.00,1,1,0,1,1,0.0000,0.575,0,0.200,1,0.680,0,0,blueline,,BLUELINE,0,0,0,0.000,0,-1,0
1785731636.409,-0.397,-0.506,-1.606,0.9999,0,-7.316,-1.122,-5.964,0.2596,4.000,0.341,0.000,0.667,4.880,-2.318,4.1888,-0.5611,-0.248,-0.248,-0.561,2.028,1.843,-1.628,0.0074,-0.446,nan,0.00,1,1,0,1,1,0.0000,0.580,0,0.205,1,0.670,0,0,blueline,,BLUELINE,0,0,0,0.000,0,-1,0
1785731636.440,0.224,-0.600,-1.032,0.9999,0,-8.816,-1.088,-4.880,0.2598,4.000,0.341,0.000,0.667,4.880,12.047,-0.0231,-0.5472,-0.271,-0.271,-0.547,2.024,1.854,-1.688,0.0074,-0.433,nan,0.00,1,1,0,0,1,0.0000,0.580,0,0.205,1,0.670,0,0,blueline,,BLUELINE,0,0,0,0.000,0,-1,0
1785731636.466,0.949,-0.687,-0.660,0.9998,0,-10.316,-0.690,-6.380,0.2600,4.000,0.596,0.000,0.667,8.478,14.000,-4.1888,-0.5344,-0.283,-0.283,-0.534,2.021,1.727,-1.377,0.0074,-0.420,nan,0.00,1,1,0,1,1,0.0000,0.577,0,0.202,1,0.670,0,0,blueline,,BLUELINE,0,0,0,0.000,0,-1,0
1785731636.502,1.826,-0.758,-0.262,0.9994,0,-8.816,-0.894,-6.652,0.2603,4.000,0.467,0.000,0.667,6.652,2.454,3.8234,-0.5220,-0.293,-0.293,-0.522,2.018,1.838,-1.652,0.0074,-0.407,nan,0.00,1,1,0,1,1,0.0000,0.583,0,0.208,1,0.660,0,0,blueline,,BLUELINE,0,0,0,0.000,0,-1,0
1785731636.538,2.577,-0.850,0.273,0.9989,0,-7.316,0.606,-8.152,0.2606,4.000,0.927,0.000,0.233,13.047,9.025,-0.0000,-0.5096,-0.300,-0.300,-0.510,2.016,1.200,-0.063,0.0074,-0.395,nan,0.00,0,1,0,1,1,0.0000,0.583,0,0.208,1,0.660,2,1,track,,TRACK,0,0,0,0.000,0,-1,0
1785731636.566,2.577,-0.850,0.273,0.9989,0,-6.448,0.818,-9.652,0.2603,4.000,0.927,0.000,0.233,13.047,9.025,0.0000,-0.5096,-0.300,-0.300,-0.510,2.016,1.200,-0.032,0.0074,-0.383,nan,0.00,0,1,0,0,1,0.0000,0.594,0,0.219,1,0.631,0,0,track,,TRACK,0,0,0,0.000,0,-1,0
1785731636.597,3.206,-0.834,0.942,0.9983,0,-4.948,-0.682,-8.152,0.2607,4.000,-0.013,0.000,0.667,-0.183,4.088,-0.0000,-0.4970,-0.307,-0.307,-0.497,2.013,1.903,-1.799,0.0074,-0.372,nan,0.00,1,1,0,1,1,0.0000,0.711,0,0.218,2,0.635,0,1,blueline,,BLUELINE,0,0,0,0.000,0,-1,0
1785731636.627,3.764,-0.807,1.718,0.9977,0,-3.448,-1.033,-6.652,0.2610,4.000,-0.013,0.000,0.667,-0.183,4.199,-0.0063,-0.4849,-0.313,-0.313,-0.485,2.010,1.912,-1.841,0.0074,-0.360,nan,0.00,1,1,0,0,1,0.0000,0.711,0,0.218,2,0.635,0,0,blueline,,BLUELINE,0,0,0,0.000,0,-1,0
1785731636.658,4.063,-0.956,2.319,0.9973,0,-4.948,-0.918,-5.152,0.2613,4.000,0.063,0.000,0.667,0.905,13.517,-2.2789,-0.4727,-0.309,-0.309,-0.473,2.007,1.920,-1.874,0.0074,-0.350,nan,0.00,1,1,0,1,1,0.0000,0.598,0,0.223,1,0.624,0,0,blueline,,BLUELINE,0,0,0,0.000,0,-1,0
1785731636.695,4.545,-1.069,2.702,0.9967,0,-3.448,0.582,-6.652,0.2618,4.000,0.765,0.000,0.233,10.827,7.725,-0.0000,-0.4603,-0.294,-0.294,-0.460,2.007,1.200,-0.053,0.0074,-0.339,nan,0.00,0,1,0,1,1,0.0000,0.722,0,0.227,2,0.627,0,1,track,,TRACK,0,0,0,0.000,0,-1,0
1785731636.722,4.545,-1.069,2.702,0.9967,0,-3.180,1.037,-8.152,0.2615,4.000,0.765,0.000,0.233,10.827,7.725,0.0000,-0.4603,-0.294,-0.294,-0.460,2.007,1.200,-0.032,0.0074,-0.329,nan,0.00,0,1,0,0,1,0.0000,0.722,0,0.227,2,0.627,0,0,track,,TRACK,0,0,0,0.000,0,-1,0
1785731636.754,4.882,-1.048,3.228,0.9962,0,-4.680,1.031,-9.652,0.2618,4.000,2.266,0.000,0.667,25.000,14.000,-0.0000,-0.4481,-0.280,-0.280,-0.448,2.007,1.200,-0.017,0.0074,-0.319,nan,8.00,1,1,0,1,1,0.8128,0.600,1,0.276,1,0.613,0,1,blueline,,BLUELINE,0,0,0,0.000,0,-1,0
1785731636.793,5.181,-1.015,3.970,0.9958,0,-3.180,0.995,-11.152,0.2622,4.000,0.681,0.000,0.233,9.660,6.948,-0.0000,-0.4365,-0.271,-0.271,-0.437,2.006,1.200,-0.020,0.0074,-0.310,nan,8.00,0,1,0,1,1,0.8128,0.600,1,0.276,1,0.613,1,1,track,,TRACK,0,0,0,0.000,0,-1,0
1785731636.819,5.608,-1.006,4.789,0.9951,0,-1.680,0.974,-9.660,0.2626,4.000,0.681,0.000,0.233,9.660,6.917,0.0051,-0.4259,-0.266,-0.266,-0.426,2.004,1.200,-0.032,0.0074,-0.300,nan,0.00,0,1,0,0,1,0.0000,0.720,0,0.225,2,0.637,0,0,track,,TRACK,0,0,0,0.000,0,-1,0
1785731636.855,5.761,-1.001,5.632,0.9948,0,-3.180,0.959,-11.160,0.2792,16.095,7.622,-2.818,1.000,25.000,14.000,-0.0000,-0.0000,-0.258,-0.258,-0.416,2.002,1.200,-0.042,0.0074,-1.757,nan,0.00,1,1,1,1,1,0.0000,0.720,0,0.225,2,0.637,2,1,yolo,93.1,yolo,0,0,0,0.000,0,-1,0
1785731636.897,6.041,-1.012,6.533,0.9943,0,-4.680,0.957,-12.660,0.2959,16.095,7.622,-2.818,1.000,25.000,14.000,-0.0000,-0.0000,-0.252,-0.252,-0.410,2.000,1.200,-0.056,0.0074,-1.715,nan,8.00,1,1,1,1,1,0.9691,0.700,1,0.277,2,0.619,0,0,yolo,93.1,yolo,1,1,0,0.000,0,-1,0
1785731636.929,6.507,-1.047,7.670,0.9934,0,-6.180,0.970,-14.160,0.3126,16.095,7.622,-2.818,1.000,25.000,14.000,-0.0000,-0.0000,-0.249,-0.249,-0.415,1.997,1.200,-0.077,0.0074,-1.641,nan,8.00,1,1,1,1,1,0.9688,0.700,1,0.279,2,0.635,0,0,yolo,93.1,yolo,1,1,0,0.000,0,-1,0
1785731636.961,7.068,-1.104,8.874,0.9922,0,-6.932,1.008,-15.660,0.2959,14.846,6.843,-2.511,1.000,24.746,14.000,1.9731,-2.0000,-0.248,2.012,-0.437,1.994,1.200,-0.095,0.0074,-1.363,nan,8.00,1,1,1,1,1,0.9686,0.700,1,0.279,2,0.635,0,0,yolo,93.2,yolo,1,1,0,0.000,0,-1,0
1785731636.990,7.068,-1.104,8.874,0.9922,0,-6.932,1.033,-14.160,0.3126,14.846,6.843,-2.511,1.000,24.746,14.000,-2.2608,0.0000,-0.248,-0.248,-0.437,1.994,1.200,-0.071,0.0074,-1.363,nan,0.00,1,1,1,0,1,0.0000,0.845,0,0.228,3,0.685,0,0,yolo,93.2,yolo,1,1,0,0.000,0,-1,0
1785731637.027,7.752,-1.195,10.350,0.9906,0,-6.248,1.096,-12.660,0.3101,14.846,6.843,-2.511,1.000,24.746,14.000,-2.2604,-0.0412,-0.248,-0.248,-0.478,1.991,1.200,-0.099,0.0074,-1.255,nan,0.00,1,1,1,0,1,0.0000,0.845,0,0.228,3,0.685,2,0,yolo,93.2,yolo,1,1,0,0.000,0,-1,0
1785731637.069,8.420,-1.277,11.674,0.9890,0,-5.580,1.174,-12.000,0.2935,14.050,6.272,-2.317,1.000,24.057,14.000,1.2677,-1.4598,-0.238,0.755,-0.539,1.989,1.200,-0.103,0.0074,-1.060,nan,0.00,1,1,1,1,1,0.0000,0.727,0,0.231,2,0.744,0,0,yolo,97.4,yolo,1,1,0,0.000,0,-1,0
1785731637.100,8.978,-1.333,12.725,0.9875,0,-5.022,1.250,-12.000,0.3015,14.050,6.272,-2.317,1.000,24.057,14.000,-0.9737,-0.0723,-0.219,-0.219,-0.611,1.989,1.200,-0.083,0.0075,-0.982,nan,0.00,1,1,1,0,1,0.0000,0.595,0,0.220,1,0.790,0,0,yolo,97.4,yolo,1,1,0,0.000,0,-1,0
1785731637.131,9.411,-1.375,13.674,0.9863,0,-4.589,1.321,-12.000,0.2968,14.050,6.272,-2.317,1.000,24.057,14.000,-0.9496,-0.1460,-0.195,-0.195,-0.685,1.990,1.200,-0.054,0.0076,-0.923,nan,0.00,1,1,1,0,1,0.0000,0.595,0,0.220,1,0.790,0,0,yolo,97.4,yolo,1,1,0,0.000,0,-1,0
1785731637.164,9.778,-1.418,14.591,0.9852,0,-4.222,1.393,-12.000,0.2801,13.626,5.688,-2.189,1.000,22.655,14.000,3.3333,-0.6871,-0.171,0.425,-0.748,1.991,1.200,-0.024,0.0077,-0.854,nan,0.00,1,1,1,1,1,0.0000,0.594,0,0.219,1,0.786,0,0,yolo,96.3,yolo,1,1,0,0.000,0,-1,0
1785731637.194,10.100,-1.461,15.476,0.9842,0,-3.900,1.468,-12.000,0.2968,13.626,5.688,-2.189,1.000,22.655,14.000,-0.5731,-0.0452,-0.148,-0.148,-0.793,1.994,1.200,0.007,0.0078,-0.810,nan,0.00,1,1,1,0,1,0.0000,0.713,0,0.219,2,0.788,0,0,yolo,96.3,yolo,1,1,0,0.000,0,-1,0
1785731637.226,10.403,-1.503,16.377,0.9832,0,-3.597,1.545,-12.000,0.2961,13.626,5.688,-2.189,1.000,22.655,14.000,-0.5479,-0.0832,-0.123,-0.123,-0.831,1.997,1.200,0.041,0.0079,-0.768,nan,0.00,1,1,1,0,1,0.0000,0.708,0,0.215,2,0.780,0,0,yolo,96.3,yolo,1,1,0,0.000,0,-1,0
1785731637.257,10.702,-1.546,17.343,0.9822,0,-3.298,1.628,-12.000,0.3074,13.451,5.098,-2.125,1.000,20.759,14.000,6.6792,0.1482,-0.094,0.654,-0.865,2.001,1.200,0.082,0.0079,-0.778,nan,0.00,1,1,1,1,1,0.0000,0.708,0,0.215,2,0.780,0,0,yolo,97.0,yolo,1,1,0,0.000,0,-1,0
1785731637.288,10.985,-1.587,18.350,0.9813,0,-3.015,1.715,-12.000,0.2982,13.451,5.098,-2.125,1.000,20.759,14.000,-0.7160,-0.0357,-0.062,-0.062,-0.901,2.006,1.200,0.128,0.0080,-0.742,nan,0.00,1,1,1,0,1,0.0000,0.721,0,0.226,2,0.766,0,0,yolo,97.0,yolo,1,1,0,0.000,0,-1,0
1785731637.321,10.985,-1.587,18.350,0.9813,0,-3.015,1.681,-12.000,0.2983,13.451,5.098,-2.125,1.000,20.759,14.000,-0.7160,-0.0357,-0.062,-0.062,-0.901,2.006,1.200,0.094,0.0081,-0.742,nan,0.00,1,1,1,0,1,0.0000,0.721,0,0.226,2,0.766,0,0,yolo,97.0,yolo,1,1,0,0.000,0,-1,0
1785731637.353,11.240,-1.625,19.353,0.9804,0,-2.760,1.778,-12.000,0.3150,13.409,4.421,-2.079,1.000,18.248,14.000,3.5257,0.3289,-0.029,0.144,-0.940,2.012,1.200,0.153,0.0082,-0.797,nan,0.00,1,1,1,1,1,0.0000,0.687,0,0.198,2,0.747,0,0,yolo,103.1,yolo,1,1,0,0.000,0,-1,0
1785731637.383,11.501,-1.673,20.382,0.9795,0,-2.499,1.885,-12.000,0.2988,13.409,4.421,-2.079,1.000,18.248,14.000,-0.1371,-0.0544,0.007,0.007,-0.994,2.020,1.200,0.211,0.0082,-0.764,nan,0.00,1,1,1,0,1,0.0000,0.687,0,0.198,2,0.747,0,0,yolo,103.1,yolo,1,1,0,0.000,0,-1,0
1785731637.414,11.722,-1.706,21.481,0.9787,0,-2.278,1.988,-12.000,0.2955,13.409,4.421,-2.079,1.000,18.248,14.000,-0.0976,-0.1158,0.046,0.046,-1.056,2.028,1.200,0.282,0.0083,-0.738,nan,0.00,1,1,1,0,1,0.0000,0.687,0,0.198,2,0.747,0,0,yolo,103.1,yolo,1,1,0,0.000,0,-1,0
1785731637.445,11.912,-1.734,22.520,0.9780,0,-0.778,1.827,-12.000,0.3122,13.442,3.667,-2.012,1.000,15.260,-14.000,14.0766,2.0000,0.084,2.450,-1.112,2.038,1.302,0.093,0.0084,-0.804,nan,0.00,1,1,1,1,1,0.0000,0.679,0,0.191,2,0.740,0,0,yolo,101.1,yolo,1,1,0,0.000,0,-1,0
1785731637.476,11.980,-1.773,23.514,0.9778,0,-2.020,1.917,-12.000,0.3005,13.442,3.667,-2.012,1.000,15.260,14.000,-2.3264,-0.0538,0.123,0.123,-1.166,2.048,1.305,0.144,0.0085,-0.791,nan,0.00,1,1,1,0,1,0.0000,0.691,0,0.201,2,0.758,0,0,yolo,101.1,yolo,1,1,0,0.000,0,-1,0
1785731637.507,11.981,-1.773,23.528,0.9777,0,-2.019,1.833,-12.000,0.3005,13.442,3.667,-2.012,1.000,15.260,14.000,-2.3259,-0.0546,0.124,0.124,-1.166,2.048,1.305,0.060,0.0086,-0.790,nan,0.00,1,1,1,0,1,0.0000,0.714,0,0.220,2,0.778,0,0,yolo,101.1,yolo,1,1,0,0.000,0,-1,0
1785731637.539,12.137,-1.810,24.502,0.9772,0,-0.519,1.768,-12.000,0.2838,13.516,3.085,-1.951,1.000,12.856,-5.993,5.6717,0.4089,0.160,1.595,-1.223,2.059,1.380,-0.042,0.0086,-0.831,nan,0.00,1,1,1,1,1,0.0000,0.714,0,0.220,2,0.778,0,0,yolo,97.5,yolo,1,1,0,0.000,0,-1,0
1785731637.569,12.189,-1.859,25.484,0.9769,0,-1.811,1.881,-12.000,0.2792,13.516,3.085,-1.951,1.000,12.856,14.000,-1.3960,-0.0461,0.199,0.199,-1.269,2.071,1.386,0.022,0.0087,-0.817,nan,0.00,1,1,1,0,1,0.0000,0.717,0,0.222,2,0.785,0,0,yolo,97.5,yolo,1,1,0,0.000,0,-1,0
1785731637.600,12.348,-1.909,26.618,0.9763,0,-1.652,2.015,-12.000,0.2794,13.516,3.085,-1.951,1.000,12.856,14.000,-1.3530,-0.0828,0.242,0.242,-1.305,2.086,1.395,0.106,0.0088,-0.795,nan,0.00,1,1,1,0,1,0.0000,0.717,0,0.222,2,0.785,0,0,yolo,97.5,yolo,1,1,0,0.000,0,-1,0
1785731637.631,12.348,-1.909,26.618,0.9763,0,-1.652,1.902,-12.000,0.2795,13.516,3.085,-1.951,1.000,12.856,14.000,-1.3530,-0.0828,0.242,0.242,-1.305,2.086,1.395,-0.007,0.0089,-0.795,nan,0.00,1,1,1,0,1,0.0000,0.709,0,0.215,2,0.785,0,0,yolo,97.5,yolo,1,1,0,0.000,0,-1,0
1785731637.668,12.483,-1.946,27.734,0.9758,0,-0.152,1.861,-10.500,0.2797,13.638,2.441,-1.857,1.000,10.149,1.120,3.8658,0.1572,0.285,0.802,-1.323,2.102,1.480,-0.085,0.0090,-0.821,nan,0.00,1,1,1,1,1,0.0000,0.709,0,0.215,2,0.785,1,0,yolo,105.5,yolo,1,1,0,0.000,0,-1,0
1785731637.692,12.602,-1.993,28.745,0.9753,0,-1.398,1.978,-10.149,0.2800,13.638,2.441,-1.857,1.000,10.149,14.000,-0.4772,-0.0017,0.325,0.325,-1.325,2.118,1.492,-0.015,0.0090,-0.804,nan,0.00,1,1,1,0,1,0.0000,0.712,0,0.218,2,0.777,0,0,yolo,105.5,yolo,1,1,0,0.000,0,-1,0
1785731637.730,12.706,-2.006,29.649,0.9749,0,-1.294,2.066,-10.149,0.2802,13.638,2.441,-1.857,1.000,10.149,14.000,-0.4310,0.0083,0.371,0.371,-1.315,2.134,1.497,0.060,0.0091,-0.796,nan,0.00,1,1,1,0,1,0.0000,0.712,0,0.218,2,0.777,2,0,yolo,105.5,yolo,1,1,0,0.000,0,-1,0
1785731637.772,12.797,-1.997,30.455,0.9746,0,0.206,1.869,-8.649,0.2803,13.711,1.750,-1.711,1.000,7.275,-14.000,10.3159,0.0949,0.418,1.403,-1.307,2.150,1.600,-0.128,0.0092,-0.803,nan,0.00,1,1,1,1,1,0.0000,0.696,0,0.205,2,0.778,0,0,yolo,101.9,yolo,1,1,0,0.000,0,-1,0
1785731637.802,12.882,-1.998,31.243,0.9742,0,-1.118,1.919,-7.275,0.2805,13.711,1.750,-1.711,1.000,7.275,14.000,-0.9417,-0.0004,0.462,0.462,-1.308,2.165,1.603,-0.078,0.0093,-0.799,nan,0.00,1,1,1,0,1,0.0000,0.421,0,0.151,1,0.798,0,0,yolo,101.9,yolo,1,1,0,0.000,0,-1,0
1785731637.833,12.957,-1.980,31.876,0.9740,0,-1.043,1.938,-7.275,0.2807,13.711,1.750,-1.711,1.000,7.275,14.000,-0.8947,-0.0056,0.509,0.509,-1.313,2.179,1.602,-0.042,0.0094,-0.801,nan,0.00,1,1,1,0,1,0.0000,0.421,0,0.151,1,0.798,0,0,yolo,101.9,yolo,1,1,0,0.000,0,-1,0
1785731637.864,13.030,-1.933,32.392,0.9737,0,0.457,1.790,-5.775,0.2808,13.758,1.000,-1.528,1.000,4.156,-14.000,7.4906,-0.0259,0.562,1.656,-1.321,2.193,1.652,-0.143,0.0094,-0.798,nan,0.00,1,1,1,1,1,0.0000,0.433,0,0.166,1,0.816,0,0,yolo,95.3,yolo,1,1,0,0.000,0,-1,0
1785731637.895,12.985,-1.883,32.862,0.9739,0,1.296,1.795,-4.275,0.2809,13.758,1.000,-1.528,1.000,4.156,11.689,-1.0343,-0.0094,0.622,0.622,-1.330,2.206,1.639,-0.088,0.0095,-0.811,nan,0.00,1,1,1,0,1,0.0000,0.548,0,0.173,2,0.837,0,0,yolo,95.3,yolo,1,1,0,0.000,0,-1,0
1785731637.927,12.855,-1.803,33.251,0.9745,0,1.947,1.791,-4.156,0.2808,13.758,1.000,-1.528,1.000,4.156,10.908,-0.9649,-0.0201,0.692,0.692,-1.341,2.218,1.617,-0.012,0.0096,-0.833,nan,0.00,1,1,1,0,1,0.0000,0.548,0,0.173,2,0.837,0,0,yolo,95.3,yolo,1,1,0,0.000,0,-1,0
1785731637.955,12.855,-1.803,33.251,0.9745,0,3.447,1.573,-2.656,0.2809,13.773,0.331,-1.346,1.000,1.379,-14.000,5.0065,-0.2202,0.692,1.650,-1.341,2.218,1.646,-0.231,0.0097,-0.804,nan,0.00,1,1,1,1,1,0.0000,0.269,0,0.074,1,0.866,0,0,yolo,99.4,yolo,1,1,0,0.000,0,-1,0
1785731637.979,12.684,-1.712,33.577,0.9752,0,4.947,1.592,-1.379,0.2807,13.773,0.331,-1.346,1.000,1.379,3.148,-0.8893,-0.0108,0.761,0.761,-1.352,2.230,1.622,-0.120,0.0098,-0.828,nan,0.00,1,1,1,0,1,0.0000,0.269,0,0.074,1,0.866,0,0,yolo,99.4,yolo,1,1,0,0.000,0,-1,0
1785731638.009,12.214,-1.605,33.775,0.9770,0,6.447,1.577,-1.379,0.2803,13.773,0.331,-1.346,1.000,1.379,2.213,-0.8062,-0.0231,0.844,0.844,-1.364,2.239,1.591,-0.028,0.0099,-0.859,nan,0.00,1,1,1,0,1,0.0000,0.422,0,0.152,1,0.828,0,0,yolo,99.4,yolo,1,1,0,0.000,0,-1,0
1785731638.036,11.648,-1.478,33.859,0.9791,0,7.947,1.524,-1.379,0.2798,13.773,0.331,-1.346,1.000,1.379,1.287,-0.7238,-0.0353,0.926,0.926,-1.376,2.246,1.555,0.046,0.0099,-0.895,nan,0.00,1,1,1,0,1,0.0000,0.261,0,0.060,1,0.866,0,0,yolo,99.4,yolo,1,1,0,0.000,0,-1,0
1785731638.068,10.990,-1.365,33.972,0.9814,0,9.447,1.242,0.121,0.2759,13.734,-0.371,-1.110,1.000,-1.545,-14.000,7.0091,-0.6275,1.002,2.302,-1.388,2.252,1.618,-0.123,0.0100,-0.832,nan,0.00,1,1,1,1,1,0.0000,0.259,0,0.056,1,0.881,0,0,yolo,100.8,yolo,1,1,0,0.000,0,-1,0
1785731638.098,10.191,-1.269,34.036,0.9840,0,10.947,1.167,1.545,0.2786,13.734,-0.371,-1.110,1.000,-1.545,-4.484,-1.2228,-0.0097,1.079,1.079,-1.398,2.256,1.597,-0.102,0.0101,-0.853,nan,0.00,1,1,1,0,1,0.0000,0.259,0,0.056,1,0.881,0,0,yolo,100.8,yolo,1,1,0,0.000,0,-1,0
1785731638.129,10.191,-1.269,34.036,0.9840,0,12.447,1.093,1.545,0.2787,13.734,-0.371,-1.110,1.000,-1.545,-4.484,-1.2228,-0.0097,1.079,1.079,-1.398,2.256,1.597,-0.177,0.0102,-0.853,nan,0.00,1,1,1,0,1,0.0000,0.086,0,0.056,0,0.889,0,0,yolo,100.8,yolo,1,1,0,0.000,0,-1,0
1785731638.160,9.274,-1.157,33.952,0.9867,0,13.947,0.701,3.045,0.2620,13.693,-0.923,-0.899,1.000,-3.855,-14.000,5.5186,-0.9377,1.159,2.574,-1.407,2.257,1.690,-0.456,0.0103,-0.760,nan,0.00,1,1,1,1,1,0.0000,0.172,0,0.056,0,0.905,0,0,yolo,94.3,yolo,1,1,0,0.000,0,-1,0
1785731638.192,8.171,-1.052,33.776,0.9897,0,15.447,0.549,3.855,0.2772,13.693,-0.923,-0.899,1.000,-3.855,-10.668,-1.3347,-0.0021,1.239,1.239,-1.409,2.254,1.680,-0.504,0.0104,-0.770,nan,0.00,1,1,1,0,1,0.0000,0.172,0,0.056,0,0.905,0,0,yolo,94.3,yolo,1,1,0,0.000,0,-1,0
1785731638.224,6.863,-0.972,33.490,0.9927,0,16.947,0.365,3.855,0.2765,13.693,-0.923,-0.899,1.000,-3.855,-11.577,-1.2534,-0.0027,1.320,1.320,-1.410,2.248,1.679,-0.607,0.0104,-0.771,nan,0.00,1,1,1,0,1,0.0000,0.304,0,0.131,0,0.899,0,0,yolo,94.3,yolo,1,1,0,0.000,0,-1,0
1785731638.255,5.473,-0.902,33.182,0.9953,0,18.447,-0.178,5.355,0.2598,13.639,-1.351,-0.709,1.000,-5.658,-14.000,6.4396,-2.0000,1.394,2.958,-1.410,2.240,1.830,-1.080,0.0105,-0.620,nan,0.00,1,1,1,1,1,0.0000,0.301,0,0.126,0,0.901,0,0,yolo,97.9,yolo,1,1,0,0.000,0,-1,0
1785731638.286,3.928,-0.884,32.812,0.9975,0,17.928,-0.389,5.658,0.2752,13.639,-1.351,-0.709,1.000,-5.658,-14.000,-1.4933,0.0072,1.464,1.464,-1.403,2.229,1.860,-1.273,0.0106,-0.590,nan,0.00,1,1,1,0,1,0.0000,0.301,0,0.126,0,0.901,0,0,yolo,97.9,yolo,1,1,0,0.000,0,-1,0
1785731638.317,2.322,-0.891,32.337,0.9991,0,16.428,-0.615,5.658,0.2749,13.639,-1.351,-0.709,1.000,-5.658,-14.000,-1.4292,0.0162,1.528,1.528,-1.394,2.214,1.899,-1.506,0.0106,-0.551,nan,0.00,1,1,1,0,1,0.0000,0.128,0,0.053,1,0.909,0,0,yolo,97.9,yolo,1,1,0,0.000,0,-1,0
1785731638.343,0.830,-0.908,31.890,0.9998,0,14.928,-0.985,7.064,0.2582,14.158,-1.754,-0.556,1.000,-7.064,-14.000,5.2103,-2.0000,1.579,3.173,-1.391,2.200,2.014,-1.893,0.0106,-0.357,nan,0.00,1,1,1,1,1,0.0000,0.128,0,0.053,1,0.909,0,0,yolo,97.3,yolo,1,1,0,0.000,0,-1,0
1785731638.380,0.807,-0.909,31.882,0.9998,0,14.807,-0.882,7.064,0.2747,14.158,-1.754,-0.556,1.000,-7.064,-14.000,-1.5930,0.0000,1.580,1.580,-1.391,2.200,2.014,-1.791,0.0107,-0.356,nan,0.00,1,1,1,0,1,0.0000,0.128,0,0.051,1,0.901,0,0,yolo,97.3,yolo,1,1,0,0.000,0,-1,0
1785731638.415,-0.515,-0.993,31.344,0.9998,0,13.485,-1.096,7.064,0.2748,14.158,-1.754,-0.556,1.000,-7.064,-14.000,-1.5543,0.0133,1.618,1.618,-1.377,2.182,2.070,-2.089,0.0107,-0.295,nan,0.00,1,1,1,0,1,0.0000,0.256,0,0.051,1,0.901,1,0,yolo,97.3,yolo,1,1,0,0.000,0,-1,0
1785731638.458,-3.174,-1.182,30.149,0.9983,0,11.985,-1.211,7.930,0.2581,14.483,-2.017,-0.442,1.000,-7.930,-14.000,2.1894,-2.0000,1.671,2.818,-1.367,2.145,2.039,-2.393,0.0107,-0.031,nan,0.00,1,1,1,1,1,0.0000,0.338,0,0.048,2,0.889,0,0,yolo,101.1,yolo,1,1,0,0.000,0,-1,0
1785731638.489,-3.190,-1.184,30.142,0.9982,0,10.810,-1.015,7.930,0.2748,14.483,-2.017,-0.442,1.000,-7.930,-14.000,-1.1459,0.0001,1.672,1.672,-1.367,2.145,2.039,-2.199,0.0107,-0.030,nan,0.00,1,1,1,0,1,0.0000,0.260,0,0.058,1,0.872,0,0,yolo,101.1,yolo,1,1,0,0.000,0,-1,0
1785731638.520,-4.291,-1.334,29.511,0.9969,0,9.709,-0.977,7.930,0.2748,14.483,-2.017,-0.442,1.000,-7.930,-14.000,-1.1381,0.0148,1.679,1.679,-1.353,2.126,2.039,-2.311,0.0107,0.048,nan,0.00,1,1,1,0,1,0.0000,0.260,0,0.058,1,0.872,0,0,yolo,101.1,yolo,1,1,0,0.000,0,-1,0
1785731638.552,-5.169,-1.472,28.857,0.9956,0,8.831,-0.846,8.292,0.2581,14.633,-2.133,-0.381,1.000,-8.292,-14.000,0.5555,-0.8452,1.678,2.283,-1.346,2.108,2.009,-2.318,0.0107,0.189,nan,0.00,1,1,1,1,1,0.0000,0.398,0,0.123,1,0.851,0,0,yolo,93.9,yolo,1,1,0,0.000,0,-1,0
1785731638.583,-5.877,-1.592,28.273,0.9944,0,8.123,-0.757,8.292,0.2693,14.633,-2.133,-0.381,1.000,-8.292,-14.000,-0.6120,0.0115,1.671,1.671,-1.335,2.093,2.009,-2.349,0.0107,0.246,nan,0.00,1,1,1,0,1,0.0000,0.398,0,0.123,1,0.851,0,0,yolo,93.9,yolo,1,1,0,0.000,0,-1,0
1785731638.616,-6.571,-1.721,27.653,0.9930,0,7.429,-0.547,8.292,0.2685,14.633,-2.133,-0.381,1.000,-8.292,-14.000,-0.6250,0.0258,1.658,1.658,-1.321,2.078,1.964,-2.268,0.0106,0.305,nan,0.00,1,1,1,0,1,0.0000,0.250,0,0.125,2,0.841,0,0,yolo,93.9,yolo,1,1,0,0.000,0,-1,0
1785731638.648,-7.172,-1.835,27.067,0.9917,0,6.828,-0.253,8.534,0.2519,14.808,-2.222,-0.380,1.000,-8.534,-14.000,0.9363,-1.0429,1.641,2.002,-1.305,2.065,1.890,-2.088,0.0106,0.375,nan,0.00,1,1,1,1,1,0.0000,0.250,0,0.125,2,0.841,0,0,yolo,94.9,yolo,1,1,0,0.000,0,-1,0
1785731638.679,-7.705,-1.932,26.487,0.9904,0,6.295,-0.061,8.534,0.2653,14.808,-2.222,-0.380,1.000,-8.534,-14.000,-0.3805,0.0176,1.621,1.621,-1.287,2.053,1.854,-1.993,0.0106,0.421,nan,0.00,1,1,1,0,1,0.0000,0.506,0,0.131,2,0.831,0,0,yolo,94.9,yolo,1,1,0,0.000,0,-1,0
1785731638.711,-8.200,-2.020,25.892,0.9892,0,5.800,0.115,8.534,0.2652,14.808,-2.222,-0.380,1.000,-8.534,-14.000,-0.4035,0.0389,1.598,1.598,-1.266,2.043,1.821,-1.905,0.0105,0.463,nan,0.00,1,1,1,0,1,0.0000,0.512,0,0.137,2,0.824,0,0,yolo,94.9,yolo,1,1,0,0.000,0,-1,0
1785731638.742,-8.673,-2.104,25.272,0.9879,0,5.327,0.213,8.318,0.2529,14.589,-2.133,-0.376,1.000,-8.318,-14.000,-0.5506,-0.2244,1.571,1.479,-1.247,2.033,1.817,-1.892,0.0105,0.485,nan,0.00,1,1,1,1,1,0.0000,0.515,0,0.140,2,0.820,0,0,yolo,96.0,yolo,1,1,0,0.000,0,-1,0
1785731638.773,-9.100,-2.182,24.673,0.9867,0,4.900,0.378,8.318,0.2634,14.589,-2.133,-0.376,1.000,-8.318,-14.000,0.0610,0.0256,1.540,1.540,-1.222,2.024,1.788,-1.805,0.0104,0.521,nan,0.00,1,1,1,0,1,0.0000,0.515,0,0.140,2,0.820,0,0,yolo,96.0,yolo,1,1,0,0.000,0,-1,0
1785731638.803,-9.512,-2.255,24.052,0.9855,0,4.488,0.534,8.318,0.2640,14.589,-2.133,-0.376,1.000,-8.318,-14.000,0.0250,0.0553,1.504,1.504,-1.192,2.016,1.760,-1.720,0.0104,0.555,nan,0.00,1,1,1,0,1,0.0000,0.519,0,0.144,2,0.821,0,0,yolo,96.0,yolo,1,1,0,0.000,0,-1,0
1785731638.835,-9.894,-2.319,23.415,0.9843,0,4.106,0.547,7.955,0.2672,14.647,-2.047,-0.403,1.000,-7.955,-14.000,-1.3898,0.1146,1.464,1.046,-1.169,2.009,1.788,-1.772,0.0103,0.548,nan,0.00,1,1,1,1,1,0.0000,0.519,0,0.144,2,0.821,0,0,yolo,99.7,yolo,1,1,0,0.000,0,-1,0
1785731638.865,-9.894,-2.319,23.415,0.9843,0,4.106,0.645,7.955,0.2619,14.647,-2.047,-0.403,1.000,-7.955,-14.000,0.4180,0.0000,1.464,1.464,-1.169,2.009,1.788,-1.674,0.0102,0.548,nan,0.00,1,1,1,0,1,0.0000,0.524,0,0.149,2,0.822,0,0,yolo,99.7,yolo,1,1,0,0.000,0,-1,0
1785731638.896,-10.248,-2.385,22.784,0.9832,0,3.752,0.766,7.955,0.2622,14.647,-2.047,-0.403,1.000,-7.955,-14.000,0.3746,0.0214,1.421,1.421,-1.148,2.004,1.763,-1.619,0.0102,0.577,nan,0.00,1,1,1,0,1,0.0000,0.524,0,0.149,2,0.822,0,0,yolo,99.7,yolo,1,1,0,0.000,0,-1,0
1785731638.932,-10.600,-2.444,22.169,0.9820,0,3.400,0.789,7.392,0.2559,14.453,-1.875,-0.375,1.000,-7.392,-14.000,-1.0662,-0.1116,1.375,0.754,-1.126,2.000,1.782,-1.654,0.0101,0.592,nan,0.00,1,1,1,1,1,0.0000,0.691,0,0.201,2,0.819,1,0,yolo,92.8,yolo,1,1,0,0.000,0,-1,0
1785731638.964,-10.922,-2.497,21.541,0.9810,0,3.078,0.912,7.392,0.2613,14.453,-1.875,-0.375,1.000,-7.392,-14.000,0.5726,0.0173,1.326,1.326,-1.108,1.996,1.760,-1.585,0.0101,0.616,nan,0.00,1,1,1,0,1,0.0000,0.690,0,0.200,2,0.823,1,0,yolo,92.8,yolo,1,1,0,0.000,0,-1,0
1785731639.002,-11.195,-2.536,20.911,0.9800,0,2.805,1.024,7.392,0.2618,14.453,-1.875,-0.375,1.000,-7.392,-14.000,0.5178,0.0362,1.271,1.271,-1.089,1.995,1.744,-1.511,0.0100,0.635,nan,0.00,1,1,1,0,1,0.0000,0.696,0,0.205,2,0.821,0,0,yolo,92.8,yolo,1,1,0,0.000,0,-1,0
1785731639.038,-11.440,-2.563,20.315,0.9792,0,2.073,1.033,6.683,0.2537,14.309,-1.677,-0.330,1.000,-6.683,-13.513,-1.7703,-0.1345,1.215,0.960,-1.070,1.995,1.767,-1.530,0.0099,0.649,nan,0.00,1,1,1,1,1,0.0000,0.582,0,0.207,1,0.825,0,0,yolo,98.6,yolo,1,1,0,0.000,0,-1,0
1785731639.069,-11.618,-2.584,19.760,0.9785,0,2.382,1.128,6.683,0.2609,14.309,-1.677,-0.330,1.000,-6.683,-14.000,0.1972,0.0263,1.157,1.157,-1.044,1.996,1.757,-1.456,0.0099,0.659,nan,0.00,1,1,1,0,1,0.0000,0.582,0,0.207,1,0.825,0,0,yolo,98.6,yolo,1,1,0,0.000,0,-1,0
1785731639.102,-11.838,-2.595,19.186,0.9777,0,2.162,1.215,6.683,0.2621,14.309,-1.677,-0.330,1.000,-6.683,-14.000,0.1329,0.0562,1.093,1.093,-1.014,1.999,1.749,-1.380,0.0098,0.668,nan,0.00,1,1,1,0,1,0.0000,0.696,0,0.205,2,0.833,0,0,yolo,98.6,yolo,1,1,0,0.000,0,-1,0
1785731639.133,-12.014,-2.601,18.673,0.9771,0,0.662,1.127,5.912,0.2748,14.340,-1.485,-0.319,1.000,-5.912,-5.496,-2.8946,0.3157,1.036,0.879,-0.988,2.002,1.803,-1.473,0.0097,0.647,nan,0.00,1,1,1,1,1,0.0000,0.817,0,0.209,3,0.835,0,0,yolo,97.9,yolo,1,1,0,0.000,0,-1,0
1785731639.165,-12.186,-2.608,18.153,0.9765,0,1.814,1.190,5.912,0.2614,14.340,-1.485,-0.319,1.000,-5.912,-14.000,0.0997,0.0255,0.979,0.979,-0.962,2.006,1.796,-1.417,0.0097,0.654,nan,0.00,1,1,1,0,1,0.0000,0.697,0,0.206,2,0.837,0,0,yolo,97.9,yolo,1,1,0,0.000,0,-1,0
1785731639.197,-12.331,-2.604,17.687,0.9759,0,1.669,1.250,5.912,0.2621,14.340,-1.485,-0.319,1.000,-5.912,-14.000,0.0366,0.0425,0.915,0.915,-0.945,2.011,1.794,-1.354,0.0096,0.656,nan,0.00,1,1,1,0,1,0.0000,0.697,0,0.206,2,0.837,0,0,yolo,97.9,yolo,1,1,0,0.000,0,-1,0
1785731639.228,-12.331,-2.604,17.687,0.9759,0,0.169,1.230,5.068,0.2581,14.364,-1.274,-0.270,1.000,-5.068,-7.174,-2.1156,-0.0417,0.915,0.859,-0.945,2.011,1.789,-1.374,0.0095,0.661,nan,0.00,1,1,1,1,1,0.0000,0.700,0,0.208,2,0.838,0,0,yolo,106.2,yolo,1,1,0,0.000,0,-1,0
1785731639.260,-12.480,-2.596,17.197,0.9754,0,1.520,1.286,5.068,0.2608,14.364,-1.274,-0.270,1.000,-5.068,-14.000,-0.0085,0.0176,0.851,0.851,-0.928,2.017,1.788,-1.310,0.0095,0.662,nan,0.00,1,1,1,0,1,0.0000,0.698,0,0.207,2,0.852,0,0,yolo,106.2,yolo,1,1,0,0.000,0,-1,0
1785731639.290,-12.486,-2.582,16.755,0.9754,0,1.514,1.322,5.068,0.2618,14.364,-1.274,-0.270,1.000,-5.068,-14.000,-0.0757,0.0381,0.783,0.783,-0.907,2.025,1.791,-1.259,0.0094,0.659,nan,0.00,1,1,1,0,1,0.0000,0.698,0,0.207,2,0.852,0,0,yolo,106.2,yolo,1,1,0,0.000,0,-1,0
1785731639.328,-12.595,-2.554,16.369,0.9750,0,0.014,1.431,4.234,0.2477,14.264,-1.056,-0.179,1.000,-4.234,-7.417,-1.5574,-0.2466,0.719,0.773,-0.887,2.032,1.758,-1.123,0.0093,0.692,nan,0.00,1,1,1,1,1,0.0000,0.705,0,0.212,2,0.851,0,0,yolo,104.6,yolo,1,1,0,0.000,0,-1,0
1785731639.354,-12.615,-2.512,16.025,0.9749,0,1.292,1.412,4.234,0.2607,14.264,-1.056,-0.179,1.000,-4.234,-13.907,-0.1183,0.0303,0.655,0.655,-0.856,2.040,1.769,-1.099,0.0093,0.681,nan,0.00,1,1,1,0,1,0.0000,0.705,0,0.212,2,0.851,0,0,yolo,104.6,yolo,1,1,0,0.000,0,-1,0
1785731639.390,-12.720,-2.458,15.665,0.9746,0,0.383,1.391,4.234,0.2628,14.264,-1.056,-0.179,1.000,-4.234,-13.103,-0.1916,0.0673,0.581,0.581,-0.819,2.050,1.780,-1.068,0.0092,0.670,nan,0.00,1,1,1,0,1,0.0000,0.707,0,0.214,2,0.850,0,0,yolo,104.6,yolo,1,1,0,0.000,0,-1,0
1785731639.421,-12.756,-2.412,15.312,0.9745,0,-0.421,1.359,4.234,0.2647,14.264,-1.056,-0.179,1.000,-4.234,-12.334,-0.2617,0.1017,0.511,0.511,-0.785,2.059,1.791,-1.053,0.0091,0.659,nan,0.00,1,1,1,0,1,0.0000,0.708,0,0.215,2,0.851,0,0,yolo,104.6,yolo,1,1,0,0.000,0,-1,0
1785731639.462,-12.709,-2.370,14.961,0.9747,0,-1.921,1.511,3.352,0.2480,14.152,-0.829,-0.045,1.000,-3.352,5.935,-3.2667,-0.9616,0.443,0.334,-0.756,2.067,1.727,-0.859,0.0091,0.723,nan,0.00,1,1,1,1,1,0.0000,0.708,0,0.215,2,0.851,0,0,yolo,106.5,yolo,1,1,0,0.000,0,-1,0
1785731639.493,-12.560,-2.311,14.673,0.9753,0,-1.688,1.439,3.352,0.2597,14.152,-0.829,-0.045,1.000,-3.352,-10.871,0.0429,0.0336,0.377,0.377,-0.722,2.076,1.743,-0.872,0.0090,0.707,nan,0.00,1,1,1,0,1,0.0000,0.709,0,0.215,2,0.846,0,0,yolo,106.5,yolo,1,1,0,0.000,0,-1,0
1785731639.526,-12.409,-2.241,14.414,0.9759,0,-3.188,1.561,2.669,0.2431,14.063,-0.656,0.081,1.000,-2.669,0.373,-1.6758,-0.6303,0.307,0.219,-0.694,2.085,1.680,-0.681,0.0089,0.770,nan,0.00,1,1,1,1,1,0.0000,0.585,0,0.210,1,0.859,0,0,yolo,95.1,yolo,1,1,0,0.000,0,-1,0
1785731639.556,-12.118,-2.149,14.159,0.9770,0,-3.980,1.445,2.669,0.2583,14.063,-0.656,0.081,1.000,-2.669,-8.138,0.0119,0.0408,0.231,0.231,-0.653,2.095,1.706,-0.703,0.0088,0.744,nan,0.00,1,1,1,0,1,0.0000,0.701,0,0.209,2,0.865,0,0,yolo,95.1,yolo,1,1,0,0.000,0,-1,0
1785731639.594,-12.118,-2.149,14.159,0.9770,0,-3.980,1.348,2.669,0.2582,14.063,-0.656,0.081,1.000,-2.669,-8.138,0.0119,0.0408,0.231,0.231,-0.653,2.095,1.706,-0.801,0.0088,0.744,nan,0.00,1,1,1,0,1,0.0000,0.701,0,0.209,2,0.865,2,0,yolo,95.1,yolo,1,1,0,0.000,0,-1,0
1785731639.635,-11.389,-1.983,13.684,0.9797,0,-5.480,1.487,2.050,0.2416,13.950,-0.499,0.217,1.000,-2.050,2.091,-1.5074,-0.4978,0.086,0.052,-0.567,2.114,1.656,-0.496,0.0087,0.794,nan,0.00,1,1,1,1,1,0.0000,0.701,0,0.209,2,0.858,0,0,yolo,93.1,yolo,1,1,0,0.000,0,-1,0
1785731639.671,-11.389,-1.983,13.684,0.9797,0,-5.567,1.379,2.050,0.2540,13.950,-0.499,0.217,1.000,-2.050,-5.822,0.0338,0.0000,0.086,0.086,-0.567,2.114,1.656,-0.604,0.0086,0.794,nan,0.00,1,1,1,0,1,0.0000,0.551,0,0.176,2,0.868,1,0,yolo,93.1,yolo,1,1,0,0.000,0,-1,0
1785731639.699,-10.883,-1.883,13.475,0.9815,0,-5.844,1.251,2.050,0.2565,13.950,-0.499,0.217,1.000,-2.050,-5.039,-0.0365,0.0473,0.016,0.016,-0.519,2.123,1.685,-0.632,0.0085,0.765,nan,0.00,1,1,1,0,1,0.0000,0.441,0,0.177,1,0.860,0,0,yolo,93.1,yolo,1,1,0,0.000,0,-1,0
1785731639.730,-10.413,-1.793,13.312,0.9830,0,-7.344,1.409,1.582,0.2398,13.822,-0.382,0.362,1.000,-1.582,2.025,-1.1290,-0.9169,-0.046,-0.054,-0.475,2.131,1.593,-0.384,0.0085,0.857,nan,0.00,1,1,1,1,1,0.0000,0.440,0,0.175,1,0.852,0,0,yolo,101.9,yolo,1,1,0,0.000,0,-1,0
1785731639.761,-9.810,-1.699,13.167,0.9849,0,-6.759,1.262,1.582,0.2532,13.822,-0.382,0.362,1.000,-1.582,-3.051,-0.0508,0.0429,-0.105,-0.105,-0.432,2.138,1.619,-0.436,0.0084,0.831,nan,0.00,1,1,1,0,1,0.0000,0.433,0,0.166,1,0.852,0,0,yolo,101.9,yolo,1,1,0,0.000,0,-1,0
1785731639.793,-9.203,-1.605,13.029,0.9867,0,-6.804,1.115,1.582,0.2555,13.822,-0.382,0.362,1.000,-1.582,-2.399,-0.1089,0.0894,-0.163,-0.163,-0.386,2.144,1.645,-0.490,0.0083,0.805,nan,0.00,1,1,1,0,1,0.0000,0.433,0,0.166,1,0.852,0,0,yolo,101.9,yolo,1,1,0,0.000,0,-1,0
1785731639.821,-8.621,-1.526,12.894,0.9884,0,-8.304,1.274,1.205,0.2389,13.739,-0.289,0.496,1.000,-1.205,2.522,-0.9036,-0.9387,-0.215,-0.163,-0.340,2.150,1.551,-0.253,0.0082,0.899,nan,0.00,1,1,1,1,1,0.0000,0.427,0,0.159,1,0.836,0,0,yolo,99.0,yolo,1,1,0,0.000,0,-1,0
1785731639.861,-7.961,-1.440,12.781,0.9900,0,-7.060,1.125,1.205,0.2502,13.739,-0.289,0.496,1.000,-1.205,-0.901,-0.0973,0.0410,-0.260,-0.260,-0.299,2.156,1.574,-0.315,0.0081,0.876,nan,0.00,1,1,1,0,1,0.0000,0.518,0,0.143,2,0.818,0,0,yolo,99.0,yolo,1,1,0,0.000,0,-1,0
1785731639.887,-7.404,-1.361,12.692,0.9914,0,-6.950,0.983,1.205,0.2522,13.739,-0.289,0.496,1.000,-1.205,-0.454,-0.1370,0.0812,-0.300,-0.300,-0.259,2.160,1.595,-0.378,0.0080,0.855,nan,0.00,1,1,1,0,1,0.0000,0.518,0,0.143,2,0.818,0,0,yolo,99.0,yolo,1,1,0,0.000,0,-1,0
1785731639.917,-6.846,-1.290,12.599,0.9926,0,-8.450,1.194,0.819,0.2355,13.556,-0.194,0.647,1.000,-0.819,4.273,-0.9136,-1.1556,-0.338,-0.276,-0.223,2.164,1.479,-0.095,0.0079,0.971,nan,0.00,1,1,1,1,1,0.0000,0.505,0,0.130,2,0.801,0,0,yolo,100.8,yolo,1,1,0,0.000,0,-1,0
1785731639.948,-6.147,-1.201,12.516,0.9940,0,-6.954,1.043,0.819,0.2468,13.556,-0.194,0.647,1.000,-0.819,0.807,-0.0973,0.0438,-0.374,-0.374,-0.179,2.168,1.502,-0.158,0.0078,0.948,nan,0.00,1,1,1,0,1,0.0000,0.505,0,0.130,2,0.801,0,0,yolo,100.8,yolo,1,1,0,0.000,0,-1,0
1785731639.983,-5.528,-1.112,12.449,0.9952,0,-6.711,0.889,0.819,0.2494,13.556,-0.194,0.647,1.000,-0.819,1.183,-0.1304,0.0930,-0.407,-0.407,-0.130,2.172,1.524,-0.223,0.0077,0.926,nan,0.00,1,1,1,0,1,0.0000,0.476,0,0.101,2,0.782,1,0,yolo,100.8,yolo,1,1,0,0.000,0,-1,0
1785731640.012,-5.528,-1.112,12.449,0.9952,0,-8.211,1.161,0.504,0.2327,13.086,-0.115,0.793,1.000,-0.504,6.800,-1.0790,-1.9210,-0.407,-0.406,-0.130,2.172,1.396,0.049,0.0077,1.054,nan,0.00,1,1,1,1,1,0.0000,0.344,0,0.055,2,0.787,0,0,yolo,98.1,yolo,1,1,0,0.000,0,-1,0
1785731640.043,-4.946,-1.039,12.382,0.9961,0,-6.711,1.048,0.504,0.2435,13.086,-0.115,0.793,1.000,-0.504,1.747,-0.0296,0.0434,-0.435,-0.435,-0.087,2.174,1.413,0.009,0.0077,1.037,nan,0.00,1,1,1,0,1,0.0000,0.343,0,0.053,2,0.801,0,0,yolo,98.1,yolo,1,1,0,0.000,0,-1,0
1785731640.074,-4.302,-0.943,12.323,0.9970,0,-6.356,0.893,0.504,0.2461,13.086,-0.115,0.793,1.000,-0.504,2.054,-0.0562,0.0910,-0.462,-0.462,-0.039,2.176,1.436,-0.050,0.0077,1.014,nan,0.00,1,1,1,0,1,0.0000,0.339,0,0.049,2,0.807,0,0,yolo,98.1,yolo,1,1,0,0.000,0,-1,0
1785731640.109,-3.776,-0.869,12.286,0.9977,0,-6.058,0.763,0.504,0.2483,13.086,-0.115,0.793,1.000,-0.504,2.282,-0.0759,0.1333,-0.482,-0.482,0.003,2.178,1.453,-0.106,0.0076,0.997,nan,0.00,1,1,1,0,1,0.0000,0.253,0,0.047,1,0.824,2,0,yolo,98.1,yolo,1,1,0,0.000,0,-1,0
1785731640.135,-3.295,-0.810,12.250,0.9982,0,-7.358,0.926,0.235,0.2316,12.829,-0.053,0.908,1.000,-0.235,4.063,-0.3611,-0.5646,-0.498,-0.425,0.037,2.179,1.359,0.117,0.0076,1.091,nan,0.00,1,1,1,1,1,0.0000,0.165,0,0.038,0,0.820,0,0,yolo,99.9,yolo,1,1,0,0.000,0,-1,0
1785731640.167,-2.680,-0.735,12.220,0.9988,0,-5.945,0.794,0.235,0.2417,12.829,-0.053,0.908,1.000,-0.235,3.264,-0.0861,0.0434,-0.511,-0.511,0.080,2.179,1.376,0.060,0.0076,1.074,nan,0.00,1,1,1,0,1,0.0000,0.244,0,0.032,1,0.851,0,0,yolo,99.9,yolo,1,1,0,0.000,0,-1,0
1785731640.198,-2.157,-0.664,12.203,0.9992,0,-5.543,0.667,0.235,0.2442,12.829,-0.053,0.908,1.000,-0.235,3.387,-0.0965,0.0915,-0.521,-0.521,0.128,2.179,1.392,0.003,0.0076,1.058,nan,0.00,1,1,1,0,1,0.0000,0.244,0,0.032,1,0.851,0,0,yolo,99.9,yolo,1,1,0,0.000,0,-1,0
1785731640.229,-1.686,-0.606,12.187,0.9995,0,-7.043,0.749,-0.080,0.2275,12.642,0.018,0.988,1.000,0.080,6.970,-0.6953,-0.6274,-0.529,-0.485,0.177,2.178,1.329,0.143,0.0076,1.121,nan,0.00,1,1,1,1,1,0.0000,0.239,0,0.024,1,0.852,0,0,yolo,99.9,yolo,1,1,0,0.000,0,-1,0
1785731640.266,-1.686,-0.606,12.187,0.9995,0,-5.699,0.744,-0.080,0.2381,12.642,0.018,0.988,1.000,0.080,4.013,-0.0441,0.0000,-0.529,-0.529,0.177,2.178,1.329,0.137,0.0076,1.121,nan,0.00,1,1,1,0,1,0.0000,0.239,0,0.024,1,0.852,1,0,yolo,99.9,yolo,1,1,0,0.000,0,-1,0
1785731640.291,-1.030,-0.538,12.183,0.9998,0,-5.083,0.619,-0.080,0.2414,12.642,0.018,0.988,1.000,0.080,4.053,-0.0474,0.0636,-0.532,-0.532,0.241,2.177,1.344,0.081,0.0076,1.106,nan,0.00,1,1,1,0,1,0.0000,0.237,0,0.020,1,0.868,0,0,yolo,99.9,yolo,1,1,0,0.000,0,-1,0
1785731640.329,-0.551,-0.478,12.195,0.9999,0,-6.583,0.831,-0.553,0.2247,13.187,0.127,1.115,1.000,0.553,10.622,-1.0896,-1.1713,-0.533,-0.582,0.308,2.176,1.227,0.353,0.0076,1.223,nan,0.00,1,1,1,1,0,0.0000,0.000,0,0.000,0,0.000,1,0,yolo,107.7,yolo,1,1,0,0.000,0,-1,0
1785731640.373,0.469,-0.352,12.233,0.9999,0,-5.083,0.582,-0.553,0.2412,13.187,0.127,1.115,1.000,0.553,4.496,0.0589,0.1218,-0.523,-0.523,0.429,2.171,1.253,0.230,0.0076,1.197,nan,0.00,1,1,1,0,0,0.0000,0.000,0,0.000,0,0.000,0,0,yolo,107.7,yolo,1,1,0,0.000,0,-1,0
1785731640.406,0.469,-0.352,12.233,0.9999,0,-4.026,0.601,-0.553,0.2412,13.187,0.127,1.115,1.000,0.553,4.496,0.0589,0.1218,-0.523,-0.523,0.429,2.171,1.253,0.250,0.0076,1.197,nan,0.00,1,1,1,0,0,0.0000,0.000,0,0.000,0,0.000,0,0,yolo,107.7,yolo,1,1,0,0.000,0,-1,0
1785731640.438,0.930,-0.298,12.285,0.9999,0,-5.526,0.653,-0.985,0.2246,13.829,0.238,1.228,1.000,0.985,11.602,-1.0412,-1.0729,-0.514,-0.634,0.497,2.168,1.200,0.355,0.0076,1.304,nan,0.00,1,1,1,1,0,0.0000,0.000,0,0.000,0,0.000,0,0,yolo,103.7,yolo,1,1,0,0.000,0,-1,0
1785731640.470,1.261,-0.251,12.331,0.9997,0,-4.026,0.583,-0.985,0.2354,13.829,0.238,1.228,1.000,0.985,4.952,0.1289,0.0553,-0.505,-0.505,0.552,2.165,1.200,0.332,0.0076,1.294,nan,0.00,1,1,1,0,0,0.0000,0.000,0,0.000,0,0.000,0,0,yolo,103.7,yolo,1,1,0,0.000,0,-1,0
1785731640.496,1.775,-0.192,12.401,0.9995,0,-3.006,0.493,-0.985,0.2390,13.829,0.238,1.228,1.000,0.985,4.781,0.1441,0.1271,-0.490,-0.490,0.624,2.161,1.200,0.300,0.0076,1.281,nan,0.00,1,1,1,0,0,0.0000,0.000,0,0.000,0,0.000,0,0,yolo,103.7,yolo,1,1,0,0.000,0,-1,0
1785731640.530,2.063,-0.151,12.480,0.9993,0,-4.506,0.429,-1.367,0.2224,14.490,0.346,1.312,1.000,1.367,12.099,-0.9678,-0.8055,-0.477,-0.649,0.689,2.157,1.200,0.277,0.0076,1.362,nan,0.00,1,1,1,1,0,0.0000,0.000,0,0.000,0,0.000,1,0,yolo,106.0,yolo,1,1,0,0.000,0,-1,0
1785731640.557,2.410,-0.120,12.576,0.9991,0,-3.006,0.374,-1.367,0.2342,14.490,0.346,1.312,1.000,1.367,5.209,0.1879,0.0666,-0.461,-0.461,0.756,2.152,1.200,0.255,0.0076,1.356,nan,0.00,1,1,1,0,0,0.0000,0.000,0,0.000,0,0.000,0,0,yolo,106.0,yolo,1,1,0,0.000,0,-1,0
1785731640.592,2.718,-0.088,12.697,0.9989,0,-2.290,0.314,-1.367,0.2508,14.490,0.346,1.312,1.000,1.367,5.007,0.2063,0.1436,-0.442,-0.442,0.833,2.147,1.200,0.225,0.0076,1.349,nan,0.00,1,1,1,0,0,0.0000,0.000,0,0.000,0,0.000,0,0,yolo,106.0,yolo,1,1,0,0.000,0,-1,0
1785731640.624,2.718,-0.088,12.697,0.9989,0,-2.290,0.357,-1.367,0.2675,14.490,0.346,1.312,1.000,1.367,5.007,0.2063,0.1436,-0.442,-0.442,0.833,2.147,1.200,0.268,0.0076,1.349,nan,0.00,1,1,1,0,0,0.0000,0.000,0,0.000,0,0.000,0,0,yolo,106.0,yolo,1,1,0,0.000,0,-1,0
1785731640.657,2.935,-0.063,12.812,0.9987,0,-1.877,0.295,-1.199,0.2720,13.620,0.285,1.282,1.000,1.199,4.812,0.3004,0.2937,-0.423,-0.526,0.907,2.142,1.200,0.232,0.0076,1.310,nan,0.00,1,1,1,1,0,0.0000,0.000,0,0.000,0,0.000,0,0,yolo,110.8,yolo,1,1,0,0.000,0,-1,0
1785731640.687,3.168,-0.034,12.927,0.9985,0,-1.744,0.232,-1.199,0.2721,13.620,0.285,1.282,1.000,1.199,4.912,0.1240,0.0594,-0.402,-0.402,0.966,2.137,1.200,0.199,0.0076,1.304,nan,0.00,1,1,1,0,0,0.0000,0.000,0,0.000,0,0.000,1,0,yolo,110.8,yolo,1,1,0,0.000,0,-1,0
1785731640.713,3.353,-0.015,13.035,0.9983,0,-1.300,0.187,-1.199,0.2721,13.620,0.285,1.282,1.000,1.199,4.653,0.1470,0.1074,-0.379,-0.379,1.014,2.132,1.200,0.171,0.0076,1.300,nan,0.00,1,1,1,0,0,0.0000,0.000,0,0.000,0,0.000,0,0,yolo,110.8,yolo,1,1,0,0.000,0,-1,0
1785731640.748,3.482,-0.003,13.127,0.9982,0,0.200,0.159,-1.025,0.2721,12.836,0.230,1.251,1.000,1.025,3.248,0.3887,0.3736,-0.358,-0.393,1.037,2.127,1.200,0.156,0.0076,1.263,nan,0.00,1,1,1,1,0,0.0000,0.000,0,0.000,0,0.000,1,0,yolo,107.5,yolo,1,1,0,0.000,0,-1,0
1785731640.779,3.487,0.008,13.209,0.9981,0,-1.083,0.138,-1.025,0.2721,12.836,0.230,1.251,1.000,1.025,4.570,0.0532,0.0066,-0.340,-0.340,1.043,2.123,1.200,0.145,0.0076,1.261,nan,0.00,1,1,1,0,0,0.0000,0.000,0,0.000,0,0.000,0,0,yolo,107.5,yolo,1,1,0,0.000,0,-1,0
1785731640.812,3.487,0.008,13.209,0.9981,0,-1.083,0.186,-1.025,0.2721,12.836,0.230,1.251,1.000,1.025,4.570,0.0532,0.0066,-0.340,-0.340,1.043,2.123,1.200,0.194,0.0076,1.261,nan,0.00,1,1,1,0,0,0.0000,0.000,0,0.000,0,0.000,0,0,yolo,107.5,yolo,1,1,0,0.000,0,-1,0
1785731640.841,3.595,0.017,13.290,0.9980,0,-0.716,0.149,-1.025,0.2722,12.836,0.230,1.251,1.000,1.025,4.311,0.0754,0.0020,-0.318,-0.318,1.039,2.118,1.200,0.166,0.0076,1.259,nan,0.00,1,1,1,0,0,0.0000,0.000,0,0.000,0,0.000,1,0,yolo,107.5,yolo,1,1,0,0.000,0,-1,0
1785731640.887,3.781,0.039,13.451,0.9978,0,-0.141,-0.016,-0.993,0.2722,12.634,0.219,1.223,1.000,0.993,3.922,0.0721,0.3329,-0.274,-0.265,1.016,2.109,1.224,0.023,0.0076,1.226,nan,0.00,1,1,1,1,0,0.0000,0.000,0,0.000,0,0.000,0,0,yolo,106.5,yolo,1,1,0,0.000,0,-1,0
1785731640.918,3.781,0.039,13.451,0.9978,0,-0.606,0.041,-0.993,0.2722,12.634,0.219,1.223,1.000,0.993,4.387,-0.0089,0.0000,-0.274,-0.274,1.016,2.109,1.224,0.080,0.0076,1.226,nan,0.00,1,1,1,0,0,0.0000,0.000,0,0.000,0,0.000,1,0,yolo,106.5,yolo,1,1,0,0.000,0,-1,0
1785731640.951,3.803,0.034,13.530,0.9978,0,-0.337,0.033,-0.993,0.2722,12.634,0.219,1.223,1.000,0.993,4.140,0.0121,-0.0134,-0.253,-0.253,1.003,2.105,1.223,0.067,0.0076,1.227,nan,0.00,1,1,1,0,0,0.0000,0.000,0,0.000,0,0.000,0,0,yolo,106.5,yolo,1,1,0,0.000,0,-1,0
1785731640.979,3.871,0.033,13.614,0.9977,0,1.163,-1.336,0.507,0.2889,12.245,-0.335,0.718,1.000,-1.566,-14.000,8.2030,2.0000,-0.229,0.896,0.988,2.100,1.763,-1.302,0.0076,0.687,nan,0.00,1,1,1,1,0,0.0000,0.000,0,0.000,0,0.000,0,0,yolo,105.9,yolo,1,1,0,0.000,0,-1,0
1785731641.015,3.770,-0.091,13.599,0.9978,0,0.728,-1.110,1.566,0.2722,12.245,-0.335,0.718,1.000,-1.566,3.042,-1.1025,-0.0187,-0.206,-0.206,0.969,2.099,1.736,-1.201,0.0075,0.714,nan,0.00,1,1,1,0,0,0.0000,0.000,0,0.000,0,0.000,1,0,yolo,105.9,yolo,1,1,0,0.000,0,-1,0
1785731641.047,3.657,-0.220,13.558,0.9980,0,0.882,-0.875,1.566,0.2720,12.245,-0.335,0.718,1.000,-1.566,2.776,-1.0803,-0.0420,-0.184,-0.184,0.946,2.100,1.708,-1.095,0.0074,0.742,nan,0.00,1,1,1,0,0,0.0000,0.000,0,0.000,0,0.000,0,0,yolo,105.9,yolo,1,1,0,0.000,0,-1,0
1785731641.079,3.581,-0.289,13.380,0.9980,0,2.382,-1.778,3.066,0.2887,12.561,-0.814,0.331,1.000,-3.706,-14.000,3.5188,2.0000,-0.154,1.082,0.922,2.100,2.107,-2.067,0.0074,0.343,nan,0.00,1,1,1,1,0,0.0000,0.000,0,0.000,0,0.000,0,0,yolo,111.2,yolo,1,1,0,0.000,0,-1,0
1785731641.108,3.581,-0.289,13.380,0.9980,0,3.882,-1.763,3.706,0.2720,12.561,-0.814,0.331,1.000,-3.706,-2.037,-1.2362,0.0000,-0.154,-0.154,0.922,2.100,2.107,-2.052,0.0074,0.343,nan,0.00,1,1,1,0,0,0.0000,0.000,0,0.000,0,0.000,1,0,yolo,111.2,yolo,1,1,0,0.000,0,-1,0
1785731641.139,3.367,-0.439,13.155,0.9982,0,5.382,-1.475,3.706,0.2718,12.561,-0.814,0.331,1.000,-3.706,-2.337,-1.2108,-0.0265,-0.128,-0.128,0.895,2.103,2.071,-1.914,0.0073,0.379,nan,0.00,1,1,1,0,0,0.0000,0.000,0,0.000,0,0.000,1,0,yolo,111.2,yolo,1,1,0,0.000,0,-1,0
1785731641.165,2.871,-0.555,12.828,0.9987,0,5.462,-1.236,3.706,0.2716,12.561,-0.814,0.331,1.000,-3.706,-2.591,-1.1893,-0.0483,-0.107,-0.107,0.873,2.106,2.038,-1.791,0.0073,0.412,nan,0.00,1,1,1,0,0,0.0000,0.000,0,0.000,0,0.000,0,0,yolo,111.2,yolo,1,1,0,0.000,0,-1,0
1785731641.202,2.387,-0.646,12.495,0.9991,0,6.962,-1.515,4.975,0.2883,11.982,-1.043,0.091,1.000,-4.975,-14.000,1.5919,1.3722,-0.088,0.903,0.859,2.109,2.200,-2.161,0.0073,0.183,nan,0.00,1,1,1,1,0,0.0000,0.000,0,0.000,0,0.000,2,0,yolo,110.0,yolo,1,1,0,0.000,0,-1,0
1785731641.233,1.784,-0.768,12.124,0.9994,0,8.462,-1.352,4.975,0.2716,11.982,-1.043,0.091,1.000,-4.975,-7.016,-0.9779,-0.0169,-0.075,-0.075,0.842,2.114,2.200,-2.120,0.0072,0.219,nan,0.00,1,1,1,0,0,0.0000,0.000,0,0.000,0,0.000,0,0,yolo,110.0,yolo,1,1,0,0.000,0,-1,0
1785731641.264,1.784,-0.768,12.124,0.9994,0,8.800,-1.381,4.975,0.2714,11.982,-1.043,0.091,1.000,-4.975,-7.016,-0.9779,-0.0169,-0.075,-0.075,0.842,2.114,2.200,-2.149,0.0072,0.219,nan,0.00,1,1,1,0,0,0.0000,0.000,0,0.000,0,0.000,0,0,yolo,110.0,yolo,1,1,0,0.000,0,-1,0
1785731641.292,1.069,-0.874,11.717,0.9997,0,7.300,-0.602,3.714,0.2712,11.614,-0.754,0.339,1.000,-3.714,7.678,-3.8344,-2.0000,-0.066,0.300,0.824,2.119,1.948,-1.476,0.0072,0.502,nan,0.00,1,1,1,1,1,0.0000,0.250,0,0.041,1,0.911,0,0,yolo,108.1,yolo,1,1,0,0.000,0,-1,0
1785731641.323,0.327,-0.985,11.319,0.9998,0,7.332,-0.368,3.714,0.2712,11.614,-0.754,0.339,1.000,-3.714,-7.005,-0.3631,-0.0114,-0.063,-0.063,0.813,2.124,1.916,-1.353,0.0071,0.534,nan,0.00,1,1,1,0,1,0.0000,0.250,0,0.041,1,0.911,0,0,yolo,108.1,yolo,1,1,0,0.000,0,-1,0
1785731641.359,-0.236,-1.036,11.024,0.9998,0,6.756,-0.252,3.714,0.2711,11.614,-0.754,0.339,1.000,-3.714,-6.993,-0.3641,-0.0201,-0.064,-0.064,0.804,2.129,1.898,-1.288,0.0071,0.552,nan,0.00,1,1,1,0,1,0.0000,0.248,0,0.038,1,0.899,1,0,yolo,108.1,yolo,1,1,0,0.000,0,-1,0
1785731641.391,-0.819,-1.067,10.779,0.9997,0,6.092,-0.171,3.714,0.2544,11.614,-0.754,0.339,1.000,-3.714,-6.911,-0.3707,-0.0301,-0.071,-0.071,0.794,2.133,1.884,-1.238,0.0070,0.566,nan,0.00,1,1,1,0,1,0.0000,0.239,0,0.023,1,0.862,0,0,yolo,108.1,yolo,1,1,0,0.000,0,-1,0
1785731641.437,-1.829,-1.121,10.285,0.9993,0,4.592,0.210,2.733,0.2378,11.252,-0.537,0.433,1.000,-2.733,-2.682,-1.1554,-0.6253,-0.088,0.213,0.793,2.141,1.780,-0.911,0.0069,0.670,nan,0.00,1,1,1,1,1,0.0000,0.239,0,0.023,1,0.862,2,0,yolo,114.9,yolo,1,1,0,0.000,0,-1,0
1785731641.465,-2.193,-1.117,10.056,0.9991,0,3.092,0.207,2.733,0.2544,11.252,-0.537,0.433,1.000,-2.733,-4.525,-0.3118,0.0238,-0.098,-0.098,0.817,2.145,1.778,-0.911,0.0069,0.672,nan,0.00,1,1,1,0,1,0.0000,0.329,0,0.037,2,0.873,0,0,yolo,114.9,yolo,1,1,0,0.000,0,-1,0
1785731641.495,-2.449,-1.109,9.874,0.9989,0,1.914,0.197,2.733,0.2711,11.252,-0.537,0.433,1.000,-2.733,-4.364,-0.3245,0.0586,-0.111,-0.111,0.852,2.148,1.777,-0.912,0.0068,0.673,nan,0.00,1,1,1,0,1,0.0000,0.344,0,0.054,2,0.884,0,0,yolo,114.9,yolo,1,1,0,0.000,0,-1,0
1785731641.527,-2.449,-1.109,9.874,0.9989,0,0.414,0.173,1.796,0.2710,11.204,-0.351,0.451,1.000,-1.796,14.000,-5.4972,-0.2886,-0.111,-0.528,0.852,2.148,1.767,-0.936,0.0067,0.683,nan,0.00,1,1,1,1,1,0.0000,0.344,0,0.054,2,0.884,0,0,yolo,99.3,yolo,1,1,0,0.000,0,-1,0
1785731641.551,-2.614,-1.105,9.688,0.9988,0,1.914,0.185,1.796,0.2710,11.204,-0.351,0.451,1.000,-1.796,-5.566,0.4042,0.0370,-0.123,-0.123,0.889,2.152,1.767,-0.919,0.0067,0.683,nan,0.00,1,1,1,0,1,0.0000,0.133,0,0.069,1,0.900,0,0,yolo,99.3,yolo,1,1,0,0.000,0,-1,0
1785731641.573,-2.797,-1.098,9.515,0.9986,0,2.563,0.197,1.796,0.2710,11.204,-0.351,0.451,1.000,-1.796,-5.360,0.3880,0.0794,-0.140,-0.140,0.931,2.156,1.767,-0.901,0.0066,0.683,nan,0.00,1,1,1,0,1,0.0000,0.133,0,0.069,1,0.900,0,0,yolo,99.3,yolo,1,1,0,0.000,0,-1,0
1785731641.605,-3.030,-1.090,9.384,0.9984,0,2.081,0.201,1.796,0.2710,11.204,-0.351,0.451,1.000,-1.796,-5.111,0.3683,0.1101,-0.159,-0.159,0.962,2.160,1.768,-0.888,0.0065,0.682,nan,0.00,1,1,1,0,1,0.0000,0.264,0,0.064,1,0.901,0,0,yolo,99.3,yolo,1,1,0,0.000,0,-1,0
1785731641.632,-3.030,-1.090,9.384,0.9984,0,0.581,0.099,1.092,0.2709,11.136,-0.212,0.435,1.000,-1.092,5.859,-1.0267,0.1903,-0.159,-0.448,0.962,2.160,1.793,-0.991,0.0065,0.657,nan,0.00,1,1,1,1,1,0.0000,0.264,0,0.065,1,0.892,0,0,yolo,114.6,yolo,1,1,0,0.000,0,-1,0
1785731641.673,-3.231,-1.081,9.242,0.9982,0,-0.551,0.113,1.092,0.2709,11.136,-0.212,0.435,1.000,-1.092,-2.680,0.2677,-0.0053,-0.180,-0.180,0.956,2.164,1.794,-0.968,0.0064,0.656,nan,0.00,1,1,1,0,1,0.0000,0.264,0,0.065,1,0.892,1,0,yolo,114.6,yolo,1,1,0,0.000,0,-1,0
1785731641.699,-3.289,-1.080,9.126,0.9982,0,-0.894,0.140,1.092,0.2708,11.136,-0.212,0.435,1.000,-1.092,-2.395,0.2454,-0.0155,-0.202,-0.202,0.946,2.169,1.794,-0.940,0.0063,0.656,nan,0.00,1,1,1,0,1,0.0000,0.263,0,0.063,1,0.893,0,0,yolo,114.6,yolo,1,1,0,0.000,0,-1,0
1785731641.732,-3.211,-1.071,9.039,0.9983,0,-1.085,0.149,1.092,0.2707,11.136,-0.212,0.435,1.000,-1.092,-2.126,0.2242,-0.0276,-0.224,-0.224,0.934,2.173,1.796,-0.922,0.0063,0.654,nan,0.00,1,1,1,0,1,0.0000,0.262,0,0.061,1,0.888,0,0,yolo,114.6,yolo,1,1,0,0.000,0,-1,0
1785731641.763,-3.211,-1.071,9.039,0.9983,0,-2.585,-0.040,0.598,0.2874,10.931,-0.114,0.384,1.000,-0.598,9.619,-1.4120,0.8912,-0.224,-0.516,0.934,2.173,1.855,-1.111,0.0062,0.595,nan,0.00,1,1,1,1,1,0.0000,0.262,0,0.061,1,0.888,0,0,yolo,116.9,yolo,1,1,0,0.000,0,-1,0
1785731641.793,-3.112,-1.062,8.932,0.9984,0,-2.161,-0.021,0.598,0.2707,10.931,-0.114,0.384,1.000,-0.598,-0.951,0.2729,-0.0137,-0.243,-0.243,0.920,2.178,1.857,-1.084,0.0061,0.593,nan,0.00,1,1,1,0,1,0.0000,0.262,0,0.062,1,0.874,0,0,yolo,116.9,yolo,1,1,0,0.000,0,-1,0
1785731641.829,-2.907,-1.069,8.867,0.9985,0,-2.155,0.013,0.598,0.2705,10.931,-0.114,0.384,1.000,-0.598,-0.752,0.2575,-0.0264,-0.258,-0.258,0.908,2.182,1.856,-1.056,0.0061,0.594,nan,0.00,1,1,1,0,1,0.0000,0.262,0,0.062,1,0.874,1,0,yolo,116.9,yolo,1,1,0,0.000,0,-1,0
1785731641.870,-2.724,-1.070,8.830,0.9987,0,-3.655,-0.093,0.209,0.2704,10.804,-0.039,0.342,1.000,-0.209,5.918,-0.5504,0.3616,-0.272,-0.464,0.896,2.186,1.905,-1.163,0.0060,0.545,nan,0.00,1,1,1,1,1,0.0000,0.263,0,0.064,1,0.871,0,0,yolo,103.2,yolo,1,1,0,0.000,0,-1,0
1785731641.902,-2.427,-1.079,8.807,0.9989,0,-3.234,-0.069,0.209,0.2703,10.804,-0.039,0.342,1.000,-0.209,0.807,0.1821,-0.0108,-0.282,-0.282,0.885,2.190,1.903,-1.148,0.0060,0.547,nan,0.00,1,1,1,0,1,0.0000,0.269,0,0.073,1,0.876,0,0,yolo,103.2,yolo,1,1,0,0.000,0,-1,0
1785731641.933,-2.153,-1.086,8.796,0.9991,0,-4.734,-0.256,0.026,0.2869,10.634,-0.005,0.263,1.000,-0.026,5.991,-0.5097,1.2303,-0.290,-0.434,0.875,2.194,1.985,-1.341,0.0059,0.465,nan,0.00,1,1,1,1,1,0.0000,0.269,0,0.073,1,0.876,0,0,yolo,92.3,yolo,1,1,0,0.000,0,-1,0
1785731641.964,-1.688,-1.112,8.793,0.9994,0,-3.311,-0.193,0.026,0.2703,10.634,-0.005,0.263,1.000,-0.026,1.623,0.1391,-0.0166,-0.295,-0.295,0.858,2.199,1.980,-1.305,0.0059,0.470,nan,0.00,1,1,1,0,1,0.0000,0.267,0,0.070,1,0.879,0,0,yolo,92.3,yolo,1,1,0,0.000,0,-1,0
1785731641.995,-1.688,-1.112,8.793,0.9994,0,-3.311,-0.238,0.026,0.2700,10.634,-0.005,0.263,1.000,-0.026,1.623,0.1391,-0.0166,-0.295,-0.295,0.858,2.199,1.980,-1.350,0.0058,0.470,nan,0.00,1,1,1,0,1,0.0000,0.267,0,0.070,1,0.879,0,0,yolo,92.3,yolo,1,1,0,0.000,0,-1,0
1785731642.028,-1.384,-1.130,8.794,0.9995,0,-4.811,-0.332,-0.204,0.2773,10.319,0.037,0.209,1.000,0.204,5.330,-0.3106,0.4374,-0.300,-0.392,0.842,2.204,2.039,-1.461,0.0058,0.411,nan,0.00,1,1,1,1,1,0.0000,0.263,0,0.064,1,0.880,0,0,yolo,95.8,yolo,1,1,0,0.000,0,-1,0
1785731642.059,-1.094,-1.150,8.792,0.9996,0,-3.668,-0.276,-0.204,0.2699,10.319,0.037,0.209,1.000,0.204,2.575,0.0902,-0.0123,-0.302,-0.302,0.830,2.208,2.035,-1.426,0.0058,0.415,nan,0.00,1,1,1,0,1,0.0000,0.263,0,0.064,1,0.880,0,0,yolo,95.8,yolo,1,1,0,0.000,0,-1,0
1785731642.090,-0.774,-1.174,8.802,0.9997,0,-3.351,-0.219,-0.204,0.2698,10.319,0.037,0.209,1.000,0.204,2.578,0.0900,-0.0222,-0.302,-0.302,0.820,2.213,2.030,-1.394,0.0057,0.420,nan,0.00,1,1,1,0,1,0.0000,0.265,0,0.066,1,0.873,0,0,yolo,95.8,yolo,1,1,0,0.000,0,-1,0
1785731642.121,-0.488,-1.193,8.822,0.9997,0,-3.056,-0.175,-0.204,0.2697,10.319,0.037,0.209,1.000,0.204,2.568,0.0907,-0.0308,-0.302,-0.302,0.811,2.218,2.027,-1.368,0.0057,0.423,nan,0.00,1,1,1,0,1,0.0000,0.265,0,0.066,1,0.873,0,0,yolo,95.8,yolo,1,1,0,0.000,0,-1,0
1785731642.153,-0.239,-1.207,8.840,0.9998,0,-3.693,-0.320,-0.224,0.2864,10.219,0.040,0.140,1.000,0.224,3.454,-0.0361,0.6884,-0.300,-0.323,0.808,2.222,2.095,-1.526,0.0056,0.355,nan,0.00,1,1,1,1,1,0.0000,0.132,0,0.063,1,0.867,0,0,yolo,100.6,yolo,1,1,0,0.000,0,-1,0
1785731642.189,-0.006,-1.220,8.855,0.9998,0,-2.942,-0.291,-0.224,0.2697,10.219,0.040,0.140,1.000,0.224,2.936,0.0252,-0.0027,-0.298,-0.298,0.805,2.227,2.093,-1.511,0.0056,0.357,nan,0.00,1,1,1,0,1,0.0000,0.132,0,0.063,1,0.867,2,0,yolo,100.6,yolo,1,1,0,0.000,0,-1,0
1785731642.216,0.232,-1.244,8.870,0.9998,0,-2.653,-0.242,-0.224,0.2582,10.219,0.040,0.140,1.000,0.224,2.885,0.0290,-0.0136,-0.294,-0.294,0.794,2.231,2.089,-1.486,0.0056,0.361,nan,0.00,1,1,1,0,1,0.0000,0.133,0,0.069,1,0.866,0,0,yolo,100.6,yolo,1,1,0,0.000,0,-1,0
1785731642.251,0.429,-1.262,8.886,0.9997,0,-1.153,-0.436,-0.096,0.2748,10.098,0.017,0.049,1.000,0.096,1.555,0.1698,0.6718,-0.290,-0.254,0.790,2.236,2.178,-1.697,0.0055,0.272,nan,0.00,1,1,1,1,1,0.0000,0.266,0,0.069,1,0.866,2,0,yolo,101.5,yolo,1,1,0,0.000,0,-1,0
1785731642.278,0.533,-1.295,8.896,0.9997,0,-2.295,-0.367,-0.096,0.2611,10.098,0.017,0.049,1.000,0.096,2.828,-0.0314,-0.0044,-0.286,-0.286,0.786,2.241,2.172,-1.662,0.0055,0.278,nan,0.00,1,1,1,0,1,0.0000,0.267,0,0.070,1,0.863,0,0,yolo,101.5,yolo,1,1,0,0.000,0,-1,0
1785731642.316,0.725,-1.328,8.901,0.9997,0,-2.013,-0.294,-0.096,0.2609,10.098,0.017,0.049,1.000,0.096,2.738,-0.0247,-0.0043,-0.279,-0.279,0.786,2.246,2.166,-1.622,0.0055,0.284,nan,0.00,1,1,1,0,1,0.0000,0.264,0,0.065,1,0.865,0,0,yolo,101.5,yolo,1,1,0,0.000,0,-1,0
1785731642.357,0.945,-1.358,8.905,0.9996,0,-0.513,-0.320,0.162,0.2775,10.024,-0.028,-0.036,1.000,-0.162,-2.726,0.6768,1.2359,-0.271,-0.124,0.797,2.253,2.200,-1.678,0.0055,0.201,nan,0.00,1,1,1,1,1,0.0000,0.265,0,0.066,1,0.867,0,0,yolo,100.3,yolo,1,1,0,0.000,0,-1,0
1785731642.389,0.991,-1.388,8.898,0.9996,0,-1.561,-0.260,0.162,0.2696,10.024,-0.028,-0.036,1.000,-0.162,2.552,-0.1395,0.0093,-0.264,-0.264,0.806,2.259,2.200,-1.648,0.0054,0.206,nan,0.00,1,1,1,0,1,0.0000,0.265,0,0.066,1,0.867,0,0,yolo,100.3,yolo,1,1,0,0.000,0,-1,0
1785731642.420,0.991,-1.388,8.898,0.9996,0,-1.561,-0.321,0.162,0.2695,10.024,-0.028,-0.036,1.000,-0.162,2.552,-0.1395,0.0093,-0.264,-0.264,0.806,2.259,2.200,-1.709,0.0054,0.206,nan,0.00,1,1,1,0,1,0.0000,0.263,0,0.063,1,0.860,0,0,yolo,100.3,yolo,1,1,0,0.000,0,-1,0
1785731642.456,1.157,-1.413,8.877,0.9995,0,-0.061,-0.246,0.490,0.2862,9.918,-0.085,-0.124,1.000,-0.490,-2.768,0.4258,0.6553,-0.253,-0.068,0.815,2.266,2.200,-1.659,0.0054,0.119,nan,0.00,1,1,1,1,1,0.0000,0.263,0,0.063,1,0.860,2,0,yolo,97.7,yolo,1,1,0,0.000,0,-1,0
1785731642.483,1.309,-1.442,8.862,0.9994,0,-0.439,-0.178,0.490,0.2696,9.918,-0.085,-0.124,1.000,-0.490,1.748,-0.1747,0.0031,-0.242,-0.242,0.818,2.273,2.200,-1.620,0.0054,0.124,nan,0.00,1,1,1,0,1,0.0000,0.399,0,0.124,1,0.869,0,0,yolo,97.7,yolo,1,1,0,0.000,0,-1,0
1785731642.518,1.425,-1.468,8.846,0.9994,0,-0.176,-0.121,0.490,0.2696,9.918,-0.085,-0.124,1.000,-0.490,1.600,-0.1639,-0.0006,-0.232,-0.232,0.815,2.280,2.200,-1.589,0.0054,0.128,nan,0.00,1,1,1,0,1,0.0000,0.401,0,0.126,1,0.864,0,0,yolo,97.7,yolo,1,1,0,0.000,0,-1,0
1785731642.568,1.444,-1.478,8.800,0.9994,0,1.324,-0.086,0.442,0.2862,9.555,-0.074,-0.202,1.000,-0.442,-0.121,-0.0809,0.8562,-0.221,-0.064,0.805,2.286,2.200,-1.563,0.0054,0.043,nan,0.00,1,1,1,1,1,0.0000,0.401,0,0.126,1,0.864,1,0,yolo,99.4,yolo,1,1,0,0.000,0,-1,0
1785731642.594,1.468,-1.488,8.759,0.9993,0,-0.055,-0.054,0.442,0.2696,9.555,-0.074,-0.202,1.000,-0.442,1.522,-0.1463,-0.0086,-0.211,-0.211,0.797,2.293,2.200,-1.542,0.0054,0.044,nan,0.00,1,1,1,0,1,0.0000,0.404,0,0.130,1,0.851,0,0,yolo,99.4,yolo,1,1,0,0.000,0,-1,0
1785731642.628,1.480,-1.492,8.725,0.9993,0,0.094,-0.031,0.442,0.2674,9.555,-0.074,-0.202,1.000,-0.442,1.386,-0.1366,-0.0170,-0.201,-0.201,0.788,2.300,2.200,-1.523,0.0054,0.045,nan,0.00,1,1,1,0,1,0.0000,0.404,0,0.130,1,0.851,2,0,yolo,99.4,yolo,1,1,0,0.000,0,-1,0
1785731642.656,1.477,-1.495,8.690,0.9993,0,1.594,-0.007,0.613,0.2841,9.264,-0.099,-0.277,1.000,-0.613,-3.445,0.4141,1.2362,-0.191,-0.017,0.781,2.306,2.200,-1.502,0.0054,-0.037,nan,0.00,1,1,1,1,1,0.0000,0.405,0,0.131,1,0.841,0,0,yolo,103.7,yolo,1,1,0,0.000,0,-1,0
1785731642.693,1.321,-1.495,8.640,0.9994,0,0.325,0.020,0.613,0.2701,9.264,-0.099,-0.277,1.000,-0.613,0.996,-0.1660,-0.0117,-0.183,-0.183,0.769,2.314,2.200,-1.476,0.0054,-0.037,nan,0.00,1,1,1,0,1,0.0000,0.253,0,0.132,2,0.836,0,0,yolo,103.7,yolo,1,1,0,0.000,0,-1,0
1785731642.718,1.321,-1.495,8.640,0.9994,0,0.325,-0.053,0.613,0.2701,9.264,-0.099,-0.277,1.000,-0.613,0.996,-0.1660,-0.0117,-0.183,-0.183,0.769,2.314,2.200,-1.548,0.0054,-0.037,nan,0.00,1,1,1,0,1,0.0000,0.253,0,0.132,2,0.836,0,0,yolo,103.7,yolo,1,1,0,0.000,0,-1,0
1785731642.756,1.302,-1.493,8.585,0.9994,0,1.825,-0.015,0.751,0.2868,8.992,-0.118,-0.360,1.000,-0.751,-2.492,0.1630,0.6816,-0.174,-0.021,0.757,2.320,2.200,-1.508,0.0054,-0.128,nan,0.00,1,1,1,1,1,0.0000,0.407,0,0.134,1,0.822,0,0,yolo,99.8,yolo,1,1,0,0.000,0,-1,0
1785731642.798,1.126,-1.498,8.480,0.9995,0,0.796,0.110,0.751,0.2722,8.992,-0.118,-0.360,1.000,-0.751,0.330,-0.1379,-0.0254,-0.159,-0.159,0.732,2.334,2.200,-1.388,0.0054,-0.127,nan,0.00,1,1,1,0,1,0.0000,0.407,0,0.134,1,0.822,0,0,yolo,99.8,yolo,1,1,0,0.000,0,-1,0
1785731642.829,1.057,-1.488,8.420,0.9995,0,0.822,0.098,0.751,0.2715,8.992,-0.118,-0.360,1.000,-0.751,0.235,-0.1313,-0.0430,-0.152,-0.152,0.714,2.340,2.200,-1.390,0.0054,-0.128,nan,0.00,1,1,1,0,1,0.0000,0.406,0,0.133,1,0.813,0,0,yolo,99.8,yolo,1,1,0,0.000,0,-1,0
1785731642.861,1.057,-1.488,8.420,0.9995,0,2.322,0.020,1.058,0.2881,8.812,-0.163,-0.396,1.000,-1.058,-6.744,0.7087,0.6256,-0.152,0.057,0.714,2.340,2.200,-1.468,0.0054,-0.170,nan,0.00,1,1,1,1,1,0.0000,0.406,0,0.133,1,0.813,0,0,yolo,105.1,yolo,1,1,0,0.000,0,-1,0
1785731642.897,1.003,-1.479,8.363,0.9995,0,1.208,0.034,1.058,0.2741,8.812,-0.163,-0.396,1.000,-1.058,-0.204,-0.2031,-0.0128,-0.146,-0.146,0.701,2.346,2.200,-1.445,0.0055,-0.171,nan,0.00,1,1,1,0,1,0.0000,0.407,0,0.134,1,0.809,1,0,yolo,105.1,yolo,1,1,0,0.000,0,-1,0
1785731642.926,0.803,-1.477,8.289,0.9996,0,1.069,0.058,1.058,0.2733,8.812,-0.163,-0.396,1.000,-1.058,-0.266,-0.1990,-0.0305,-0.142,-0.142,0.684,2.352,2.200,-1.419,0.0055,-0.171,nan,0.00,1,1,1,0,1,0.0000,0.411,0,0.139,1,0.811,1,0,yolo,105.1,yolo,1,1,0,0.000,0,-1,0
1785731642.954,0.711,-1.471,8.199,0.9996,0,2.569,0.076,1.342,0.2900,8.581,-0.201,-0.462,1.000,-1.342,-6.166,0.4257,0.7352,-0.137,0.068,0.662,2.358,2.200,-1.395,0.0055,-0.244,nan,0.00,1,1,1,1,1,0.0000,0.257,0,0.139,2,0.808,0,0,yolo,105.4,yolo,1,1,0,0.000,0,-1,0
1785731642.990,0.500,-1.464,8.099,0.9996,0,1.513,0.088,1.342,0.2759,8.581,-0.201,-0.462,1.000,-1.342,-1.013,-0.2015,-0.0229,-0.133,-0.133,0.639,2.364,2.200,-1.376,0.0055,-0.245,nan,0.00,1,1,1,0,1,0.0000,0.514,0,0.139,2,0.808,2,0,yolo,105.4,yolo,1,1,0,0.000,0,-1,0
1785731643.017,0.366,-1.456,7.989,0.9997,0,1.432,0.098,1.342,0.2749,8.581,-0.201,-0.462,1.000,-1.342,-1.066,-0.1980,-0.0470,-0.130,-0.130,0.615,2.371,2.200,-1.358,0.0055,-0.246,nan,0.00,1,1,1,0,1,0.0000,0.416,0,0.144,1,0.805,0,0,yolo,105.4,yolo,1,1,0,0.000,0,-1,0
1785731643.055,0.258,-1.447,7.886,0.9997,0,2.932,0.263,1.614,0.2916,8.369,-0.236,-0.525,1.000,-1.614,-6.739,0.3970,0.6897,-0.127,0.070,0.591,2.376,2.136,-1.184,0.0056,-0.314,nan,0.00,1,1,1,1,1,0.0000,0.417,0,0.146,1,0.804,0,0,yolo,103.1,yolo,1,1,0,0.000,0,-1,0
1785731643.099,0.018,-1.426,7.774,0.9997,0,1.775,0.257,1.614,0.2780,8.369,-0.236,-0.525,1.000,-1.614,-1.757,-0.1964,-0.0255,-0.126,-0.126,0.566,2.382,2.133,-1.169,0.0056,-0.317,nan,0.00,1,1,1,0,1,0.0000,0.417,0,0.146,1,0.804,1,0,yolo,103.1,yolo,1,1,0,0.000,0,-1,0
1785731643.132,-0.138,-1.404,7.642,0.9997,0,1.637,0.254,1.614,0.2768,8.369,-0.236,-0.525,1.000,-1.614,-1.775,-0.1952,-0.0547,-0.125,-0.125,0.536,2.388,2.131,-1.149,0.0056,-0.319,nan,0.00,1,1,1,0,1,0.0000,0.419,0,0.148,1,0.794,1,0,yolo,103.1,yolo,1,1,0,0.000,0,-1,0
1785731643.164,-0.279,-1.381,7.504,0.9997,0,3.137,0.408,1.799,0.2935,8.159,-0.256,-0.581,1.000,-1.799,-5.683,0.1582,0.3823,-0.125,0.037,0.510,2.394,2.067,-0.973,0.0057,-0.383,nan,0.00,1,1,1,1,1,0.0000,0.417,0,0.146,1,0.791,3,0,yolo,103.0,yolo,1,1,0,0.000,0,-1,0
1785731643.190,-0.279,-1.381,7.504,0.9997,0,2.096,0.345,1.799,0.2813,8.159,-0.256,-0.581,1.000,-1.799,-2.376,-0.1621,0.0000,-0.125,-0.125,0.510,2.394,2.067,-1.036,0.0057,-0.383,nan,0.00,1,1,1,0,1,0.0000,0.414,0,0.142,1,0.773,0,0,yolo,103.0,yolo,1,1,0,0.000,0,-1,0
1785731643.227,-0.541,-1.349,7.374,0.9997,0,1.804,0.345,1.799,0.2802,8.159,-0.256,-0.581,1.000,-1.799,-2.346,-0.1640,-0.0279,-0.127,-0.127,0.482,2.399,2.064,-1.005,0.0058,-0.386,nan,0.00,1,1,1,0,1,0.0000,0.407,0,0.133,1,0.762,0,0,yolo,103.0,yolo,1,1,0,0.000,0,-1,0
1785731643.253,-0.718,-1.322,7.240,0.9997,0,1.598,0.341,1.799,0.2788,8.159,-0.256,-0.581,1.000,-1.799,-2.316,-0.1659,-0.0607,-0.129,-0.129,0.449,2.403,2.061,-0.981,0.0058,-0.389,nan,0.00,1,1,1,0,1,0.0000,0.407,0,0.133,1,0.762,0,0,yolo,103.0,yolo,1,1,0,0.000,0,-1,0
1785731643.284,-0.856,-1.297,7.104,0.9996,0,2.820,0.556,1.674,0.2955,7.828,-0.229,-0.660,1.000,-1.674,-3.675,-0.1717,0.9011,-0.131,0.032,0.418,2.408,1.970,-0.741,0.0058,-0.480,nan,0.00,1,1,1,1,1,0.0000,0.503,0,0.128,2,0.747,0,0,yolo,106.6,yolo,1,1,0,0.000,0,-1,0
1785731643.315,-0.990,-1.270,6.967,0.9996,0,1.320,0.550,1.674,0.2831,7.828,-0.229,-0.660,1.000,-1.674,-1.885,-0.1658,-0.0296,-0.134,-0.134,0.389,2.413,1.967,-0.720,0.0059,-0.483,nan,0.00,1,1,1,0,1,0.0000,0.503,0,0.128,2,0.747,0,0,yolo,106.6,yolo,1,1,0,0.000,0,-1,0
1785731643.347,-1.099,-1.228,6.840,0.9996,0,0.727,0.528,1.674,0.2819,7.828,-0.229,-0.660,1.000,-1.674,-1.826,-0.1695,-0.0621,-0.138,-0.138,0.356,2.417,1.962,-0.700,0.0059,-0.488,nan,0.00,1,1,1,0,1,0.0000,0.498,0,0.123,2,0.732,0,0,yolo,106.6,yolo,1,1,0,0.000,0,-1,0
1785731643.379,-1.160,-1.187,6.718,0.9996,0,2.227,0.564,1.932,0.2986,7.692,-0.259,-0.682,1.000,-1.932,-8.006,0.5205,0.4372,-0.142,0.051,0.326,2.421,1.933,-0.623,0.0060,-0.517,nan,0.00,1,1,1,1,1,0.0000,0.498,0,0.123,2,0.732,0,0,yolo,102.6,yolo,1,1,0,0.000,0,-1,0
1785731643.410,-1.330,-1.146,6.588,0.9995,0,0.881,0.538,1.932,0.2844,7.692,-0.259,-0.682,1.000,-1.932,-2.211,-0.1975,-0.0323,-0.146,-0.146,0.294,2.425,1.928,-0.608,0.0060,-0.522,nan,0.00,1,1,1,0,1,0.0000,0.495,0,0.120,2,0.729,0,0,yolo,102.6,yolo,1,1,0,0.000,0,-1,0
1785731643.445,-1.413,-1.104,6.434,0.9995,0,0.730,0.514,1.932,0.2829,7.692,-0.259,-0.682,1.000,-1.932,-2.143,-0.2017,-0.0707,-0.150,-0.150,0.255,2.429,1.923,-0.590,0.0061,-0.527,nan,0.00,1,1,1,0,1,0.0000,0.495,0,0.120,2,0.729,2,0,yolo,102.6,yolo,1,1,0,0.000,0,-1,0
1785731643.488,-1.466,-1.064,6.282,0.9995,0,2.230,0.481,2.282,0.2866,7.524,-0.300,-0.676,1.000,-2.282,-8.598,0.4596,0.0111,-0.155,0.052,0.214,2.432,1.922,-0.583,0.0061,-0.528,nan,0.00,1,1,1,1,1,0.0000,0.492,0,0.117,2,0.720,0,0,yolo,102.9,yolo,1,1,0,0.000,0,-1,0
1785731643.519,-1.660,-1.028,6.115,0.9994,0,1.155,0.459,2.282,0.2844,7.524,-0.300,-0.676,1.000,-2.282,-2.814,-0.2125,-0.0430,-0.160,-0.160,0.171,2.436,1.918,-0.570,0.0062,-0.532,nan,0.00,1,1,1,0,1,0.0000,0.484,0,0.109,2,0.706,0,0,yolo,102.9,yolo,1,1,0,0.000,0,-1,0
1785731643.549,-1.763,-0.993,5.928,0.9994,0,0.967,0.439,2.282,0.2826,7.524,-0.300,-0.676,1.000,-2.282,-2.730,-0.2176,-0.0874,-0.165,-0.165,0.127,2.439,1.914,-0.555,0.0063,-0.536,nan,0.00,1,1,1,0,1,0.0000,0.484,0,0.109,2,0.706,0,0,yolo,102.9,yolo,1,1,0,0.000,0,-1,0
1785731643.582,-1.838,-0.960,5.741,0.9993,0,2.467,0.435,2.510,0.2915,7.356,-0.323,-0.680,1.000,-2.510,-8.015,0.2929,0.1019,-0.171,0.023,0.086,2.443,1.904,-0.524,0.0063,-0.546,nan,0.00,1,1,1,1,1,0.0000,0.348,0,0.060,2,0.702,0,0,yolo,101.2,yolo,1,1,0,0.000,0,-1,0
1785731643.613,-2.044,-0.930,5.558,0.9992,0,1.161,0.414,2.510,0.2853,7.356,-0.323,-0.680,1.000,-2.510,-3.205,-0.2007,-0.0387,-0.177,-0.177,0.047,2.446,1.901,-0.515,0.0064,-0.549,nan,0.00,1,1,1,0,1,0.0000,0.348,0,0.060,2,0.702,0,0,yolo,101.2,yolo,1,1,0,0.000,0,-1,0
1785731643.645,-2.149,-0.902,5.370,0.9992,0,0.954,0.396,2.510,0.2837,7.356,-0.323,-0.680,1.000,-2.510,-3.103,-0.2068,-0.0767,-0.183,-0.183,0.009,2.449,1.898,-0.506,0.0064,-0.552,nan,0.00,1,1,1,0,1,0.0000,0.348,0,0.061,2,0.692,0,0,yolo,101.2,yolo,1,1,0,0.000,0,-1,0
1785731643.677,-2.214,-0.877,5.183,0.9991,0,2.454,0.401,2.604,0.2927,7.186,-0.327,-0.686,1.000,-2.604,-6.785,0.1170,0.1130,-0.190,-0.026,-0.028,2.451,1.887,-0.475,0.0065,-0.563,nan,0.00,1,1,1,1,1,0.0000,0.347,0,0.059,2,0.686,0,0,yolo,104.8,yolo,1,1,0,0.000,0,-1,0
1785731643.708,-2.412,-0.851,4.994,0.9990,0,0.954,0.384,2.604,0.2860,7.186,-0.327,-0.686,1.000,-2.604,-3.300,-0.1711,-0.0401,-0.197,-0.197,-0.068,2.454,1.885,-0.468,0.0065,-0.565,nan,0.00,1,1,1,0,1,0.0000,0.347,0,0.059,2,0.686,0,0,yolo,104.8,yolo,1,1,0,0.000,0,-1,0
1785731643.739,-2.412,-0.851,4.994,0.9990,0,0.888,0.351,2.604,0.2860,7.186,-0.327,-0.686,1.000,-2.604,-3.300,-0.1711,-0.0401,-0.197,-0.197,-0.068,2.454,1.885,-0.501,0.0066,-0.565,nan,0.00,1,1,1,0,1,0.0000,0.346,0,0.057,2,0.681,0,0,yolo,104.8,yolo,1,1,0,0.000,0,-1,0
1785731643.772,-2.500,-0.826,4.789,0.9989,0,2.388,0.337,2.723,0.2868,7.006,-0.333,-0.679,1.000,-2.723,-7.259,0.2189,-0.0238,-0.205,-0.053,-0.113,2.457,1.887,-0.489,0.0066,-0.563,nan,0.00,1,1,1,1,1,0.0000,0.346,0,0.057,2,0.681,0,0,yolo,100.4,yolo,1,1,0,0.000,0,-1,0
1785731643.803,-2.565,-0.805,4.586,0.9989,0,0.888,0.332,2.723,0.2860,7.006,-0.333,-0.679,1.000,-2.723,-3.381,-0.1613,-0.0430,-0.214,-0.214,-0.156,2.460,1.885,-0.472,0.0067,-0.565,nan,0.00,1,1,1,0,1,0.0000,0.346,0,0.058,2,0.681,0,0,yolo,100.4,yolo,1,1,0,0.000,0,-1,0
1785731643.839,-2.656,-0.782,4.345,0.9988,0,0.554,0.331,2.723,0.2840,7.006,-0.333,-0.679,1.000,-2.723,-3.210,-0.1712,-0.0911,-0.224,-0.224,-0.204,2.463,1.882,-0.452,0.0068,-0.568,nan,0.00,1,1,1,0,1,0.0000,0.346,0,0.058,2,0.681,2,0,yolo,100.4,yolo,1,1,0,0.000,0,-1,0
1785731643.867,-2.709,-0.760,4.094,0.9988,0,0.323,0.327,2.723,0.2820,7.006,-0.333,-0.679,1.000,-2.723,-3.032,-0.1816,-0.1398,-0.234,-0.234,-0.253,2.466,1.880,-0.432,0.0068,-0.570,nan,0.00,1,1,1,0,1,0.0000,0.346,0,0.057,2,0.689,0,0,yolo,100.4,yolo,1,1,0,0.000,0,-1,0
1785731643.903,-2.739,-0.739,3.860,0.9988,0,1.823,0.320,2.632,0.2888,6.834,-0.314,-0.676,1.000,-2.632,-4.791,-0.0652,0.0100,-0.244,-0.117,-0.293,2.469,1.878,-0.420,0.0069,-0.572,nan,0.00,1,1,1,1,1,0.0000,0.346,0,0.057,2,0.689,2,0,yolo,101.0,yolo,1,1,0,0.000,0,-1,0
1785731643.931,-2.896,-0.721,3.653,0.9986,0,0.323,0.309,2.632,0.2869,6.834,-0.314,-0.676,1.000,-2.632,-2.712,-0.1370,-0.0362,-0.253,-0.253,-0.329,2.472,1.877,-0.413,0.0069,-0.573,nan,0.00,1,1,1,0,1,0.0000,0.347,0,0.058,2,0.691,0,0,yolo,101.0,yolo,1,1,0,0.000,0,-1,0
1785731643.966,-2.896,-0.721,3.653,0.9986,0,-0.185,0.278,2.632,0.2869,6.834,-0.314,-0.676,1.000,-2.632,-2.712,-0.1370,-0.0362,-0.253,-0.253,-0.329,2.472,1.877,-0.443,0.0070,-0.573,nan,0.00,1,1,1,0,1,0.0000,0.345,0,0.056,2,0.697,0,0,yolo,101.0,yolo,1,1,0,0.000,0,-1,0
1785731644.006,-2.905,-0.690,3.245,0.9986,0,0.584,0.278,2.526,0.2855,6.689,-0.295,-0.663,1.000,-2.526,-3.489,-0.1239,-0.0650,-0.274,-0.172,-0.403,2.477,1.884,-0.412,0.0070,-0.566,nan,0.00,1,1,1,1,1,0.0000,0.346,0,0.057,2,0.708,0,0,yolo,104.6,yolo,1,1,0,0.000,0,-1,0
1785731644.038,-2.905,-0.690,3.245,0.9986,0,-0.625,0.247,2.526,0.2885,6.689,-0.295,-0.663,1.000,-2.526,-2.280,-0.1025,0.0000,-0.274,-0.274,-0.403,2.477,1.884,-0.443,0.0071,-0.566,nan,0.00,1,1,1,0,1,0.0000,0.346,0,0.057,2,0.708,0,0,yolo,104.6,yolo,1,1,0,0.000,0,-1,0
1785731644.070,-2.882,-0.676,3.031,0.9987,0,-0.790,0.251,2.526,0.2868,6.689,-0.295,-0.663,1.000,-2.526,-2.092,-0.1130,-0.0404,-0.285,-0.285,-0.444,2.480,1.882,-0.424,0.0072,-0.568,nan,0.00,1,1,1,0,1,0.0000,0.343,0,0.054,2,0.718,0,0,yolo,104.6,yolo,1,1,0,0.000,0,-1,0
1785731644.102,-2.814,-0.662,2.831,0.9987,0,0.710,0.185,2.582,0.2706,6.577,-0.297,-0.634,1.000,-2.582,-4.608,0.0972,-0.3839,-0.296,-0.179,-0.486,2.482,1.907,-0.478,0.0072,-0.543,nan,0.00,1,1,1,1,1,0.0000,0.343,0,0.054,2,0.718,0,0,yolo,102.6,yolo,1,1,0,0.000,0,-1,0
1785731644.139,-2.862,-0.656,2.639,0.9987,0,-0.790,0.187,2.582,0.2866,6.577,-0.297,-0.634,1.000,-2.582,-1.850,-0.1258,-0.0288,-0.305,-0.305,-0.515,2.485,1.907,-0.469,0.0073,-0.543,nan,0.00,1,1,1,0,1,0.0000,0.343,0,0.054,2,0.718,1,0,yolo,102.6,yolo,1,1,0,0.000,0,-1,0
1785731644.169,-2.788,-0.648,2.416,0.9988,0,-1.133,0.195,2.582,0.2853,6.577,-0.297,-0.634,1.000,-2.582,-1.656,-0.1365,-0.0595,-0.315,-0.315,-0.545,2.488,1.906,-0.453,0.0073,-0.544,nan,0.00,1,1,1,0,1,0.0000,0.478,0,0.103,2,0.727,3,0,yolo,102.6,yolo,1,1,0,0.000,0,-1,0
1785731644.212,-2.673,-0.639,2.186,0.9989,0,0.367,0.019,3.446,0.2687,6.043,-0.364,-0.558,1.000,-3.446,-10.245,0.6835,-0.5376,-0.326,-0.126,-0.576,2.491,1.977,-0.620,0.0074,-0.473,nan,0.00,1,1,1,1,1,0.0000,0.479,0,0.104,2,0.741,0,0,yolo,104.6,yolo,1,1,0,0.000,0,-1,0
1785731644.243,-2.723,-0.652,1.889,0.9988,0,0.131,0.043,3.446,0.2851,6.043,-0.364,-0.558,1.000,-3.446,-2.854,-0.2070,-0.0180,-0.333,-0.333,-0.594,2.494,1.979,-0.609,0.0074,-0.471,nan,0.00,1,1,1,0,1,0.0000,0.480,0,0.105,2,0.748,0,0,yolo,104.6,yolo,1,1,0,0.000,0,-1,0
1785731644.274,-2.732,-0.662,1.582,0.9988,0,0.021,0.065,3.446,0.2845,6.043,-0.364,-0.558,1.000,-3.446,-2.752,-0.2122,-0.0318,-0.338,-0.338,-0.608,2.498,1.980,-0.597,0.0075,-0.470,nan,0.00,1,1,1,0,1,0.0000,0.480,0,0.105,2,0.748,0,0,yolo,104.6,yolo,1,1,0,0.000,0,-1,0
1785731644.305,-2.732,-0.662,1.582,0.9988,0,1.521,-0.131,3.917,0.2678,5.690,-0.393,-0.490,0.948,-3.953,-10.092,0.5031,-0.6533,-0.338,-0.117,-0.608,2.498,2.045,-0.793,0.0075,-0.405,nan,0.00,1,1,1,1,1,0.0000,0.483,0,0.108,2,0.772,0,0,yolo,97.2,yolo,1,1,0,0.000,0,-1,0
1785731644.336,-2.729,-0.668,1.321,0.9988,0,0.655,-0.108,3.926,0.2830,5.690,-0.393,-0.490,0.948,-3.953,-3.383,-0.2271,-0.0211,-0.344,-0.344,-0.629,2.501,2.046,-0.776,0.0075,-0.404,nan,0.00,1,1,1,0,1,0.0000,0.483,0,0.108,2,0.772,0,0,yolo,97.2,yolo,1,1,0,0.000,0,-1,0
1785731644.367,-2.851,-0.692,1.039,0.9987,0,0.454,-0.074,3.932,0.2825,5.690,-0.393,-0.490,0.948,-3.953,-3.305,-0.2312,-0.0336,-0.348,-0.348,-0.642,2.504,2.049,-0.766,0.0076,-0.401,nan,0.00,1,1,1,0,1,0.0000,0.388,0,0.110,1,0.792,0,0,yolo,97.2,yolo,1,1,0,0.000,0,-1,0
1785731644.399,-2.894,-0.713,0.730,0.9986,0,1.954,-0.172,4.306,0.2658,5.464,-0.415,-0.434,0.911,-4.341,-10.847,0.5555,-0.8382,-0.352,-0.110,-0.652,2.508,2.105,-0.886,0.0076,-0.345,nan,0.00,1,1,1,1,1,0.0000,0.388,0,0.110,1,0.792,0,0,yolo,101.8,yolo,1,1,0,0.000,0,-1,0
1785731644.431,-3.046,-0.744,0.398,0.9985,0,0.646,-0.130,4.331,0.2818,5.464,-0.415,-0.434,0.911,-4.341,-3.691,-0.2456,-0.0104,-0.355,-0.355,-0.662,2.512,2.109,-0.874,0.0076,-0.341,nan,0.00,1,1,1,0,1,0.0000,0.389,0,0.111,1,0.801,0,0,yolo,101.8,yolo,1,1,0,0.000,0,-1,0
1785731644.461,-3.102,-0.776,0.023,0.9984,0,0.500,-0.079,4.351,0.2813,5.464,-0.415,-0.434,0.911,-4.341,-3.602,-0.2503,-0.0201,-0.360,-0.360,-0.672,2.517,2.113,-0.855,0.0077,-0.337,nan,0.00,1,1,1,0,1,0.0000,0.389,0,0.111,1,0.801,0,0,yolo,101.8,yolo,1,1,0,0.000,0,-1,0
1785731644.492,-3.139,-0.803,-0.350,0.9984,0,2.000,-0.206,4.456,0.2647,5.303,-0.409,-0.362,0.884,-4.407,-7.660,0.0453,-0.5445,-0.366,-0.160,-0.680,2.522,2.185,-1.009,0.0077,-0.265,nan,0.00,1,1,1,1,1,0.0000,0.393,0,0.116,1,0.821,0,0,yolo,106.4,yolo,1,1,0,0.000,0,-1,0
1785731644.524,-3.139,-0.803,-0.350,0.9984,0,0.500,-0.251,4.490,0.2801,5.303,-0.409,-0.362,0.884,-4.407,-3.610,-0.2058,0.0000,-0.366,-0.366,-0.680,2.522,2.185,-1.054,0.0077,-0.265,nan,0.00,1,1,1,0,1,0.0000,0.393,0,0.116,1,0.821,0,0,yolo,106.4,yolo,1,1,0,0.000,0,-1,0
1785731644.554,-3.296,-0.837,-0.679,0.9982,0,0.243,-0.197,4.516,0.2798,5.303,-0.409,-0.362,0.884,-4.407,-3.538,-0.2096,-0.0060,-0.369,-0.369,-0.686,2.526,2.190,-1.035,0.0078,-0.260,nan,0.00,1,1,1,0,1,0.0000,0.264,0,0.066,1,0.846,0,0,yolo,106.4,yolo,1,1,0,0.000,0,-1,0
1785731644.591,-3.346,-0.878,-1.021,0.9982,0,1.743,-0.113,5.015,0.2828,5.948,-0.529,-0.389,0.991,-5.086,-14.000,0.7051,0.0553,-0.375,-0.017,-0.691,2.531,2.184,-0.991,0.0078,-0.266,nan,0.00,1,1,1,1,1,0.0000,0.264,0,0.066,1,0.846,1,0,yolo,98.1,yolo,1,1,0,0.000,0,-1,0
1785731644.631,-3.479,-0.943,-1.700,0.9980,0,1.848,0.031,4.959,0.2790,5.948,-0.529,-0.389,0.991,-5.086,-5.327,-0.3662,-0.0253,-0.383,-0.383,-0.717,2.542,2.192,-0.912,0.0078,-0.258,nan,0.00,1,1,1,0,1,0.0000,0.264,0,0.064,1,0.850,0,0,yolo,98.1,yolo,1,1,0,0.000,0,-1,0
1785731644.663,-3.633,-0.965,-2.083,0.9978,0,1.634,0.061,4.918,0.2783,5.948,-0.529,-0.389,0.991,-5.086,-5.267,-0.3694,-0.0388,-0.386,-0.386,-0.730,2.548,2.196,-0.903,0.0078,-0.254,nan,0.00,1,1,1,0,1,0.0000,0.264,0,0.065,1,0.856,0,0,yolo,98.1,yolo,1,1,0,0.000,0,-1,0
1785731644.702,-3.633,-0.965,-2.083,0.9978,0,3.134,-0.014,5.246,0.2660,6.325,-0.581,-0.369,1.000,-5.246,-13.658,0.1763,-0.2937,-0.386,-0.025,-0.730,2.548,2.200,-0.978,0.0079,-0.225,nan,0.00,1,1,1,1,1,0.0000,0.264,0,0.064,1,0.858,0,0,yolo,102.1,yolo,1,1,0,0.000,0,-1,0
1785731644.740,-4.045,-1.016,-2.893,0.9974,0,1.870,0.174,5.246,0.2774,6.325,-0.581,-0.369,1.000,-5.246,-5.915,-0.3705,-0.0360,-0.396,-0.396,-0.766,2.562,2.200,-0.842,0.0079,-0.215,nan,0.00,1,1,1,0,1,0.0000,0.264,0,0.064,1,0.858,0,0,yolo,102.1,yolo,1,1,0,0.000,0,-1,0
1785731644.776,-4.200,-1.031,-3.298,0.9972,0,1.609,0.206,5.246,0.2769,6.325,-0.581,-0.369,1.000,-5.246,-5.809,-0.3762,-0.0473,-0.401,-0.401,-0.777,2.569,2.200,-0.825,0.0079,-0.211,nan,0.00,1,1,1,0,1,0.0000,0.349,0,0.061,2,0.858,2,0,yolo,102.1,yolo,1,1,0,0.000,0,-1,0
1785731644.817,-4.323,-1.044,-3.718,0.9970,0,3.109,0.243,5.201,0.2602,6.512,-0.593,-0.323,1.000,-5.201,-11.524,-0.0502,-0.5229,-0.409,-0.094,-0.787,2.576,2.200,-0.801,0.0079,-0.159,nan,0.00,1,1,1,1,1,0.0000,0.346,0,0.057,2,0.850,0,0,yolo,104.0,yolo,1,1,0,0.000,0,-1,0
1785731644.848,-4.619,-1.057,-4.162,0.9966,0,1.609,0.287,5.201,0.2769,6.512,-0.593,-0.323,1.000,-5.201,-5.923,-0.3226,0.0034,-0.416,-0.416,-0.784,2.585,2.200,-0.770,0.0079,-0.154,nan,0.00,1,1,1,0,1,0.0000,0.344,0,0.055,2,0.850,0,0,yolo,104.0,yolo,1,1,0,0.000,0,-1,0
1785731644.884,-4.619,-1.057,-4.162,0.9966,0,1.304,0.207,5.201,0.2777,6.512,-0.593,-0.323,1.000,-5.201,-5.923,-0.3226,0.0034,-0.416,-0.416,-0.784,2.585,2.200,-0.850,0.0080,-0.154,nan,0.00,1,1,1,0,1,0.0000,0.344,0,0.055,2,0.850,1,0,yolo,104.0,yolo,1,1,0,0.000,0,-1,0
1785731644.927,-4.869,-1.085,-5.053,0.9962,0,2.804,0.403,4.983,0.2610,6.597,-0.575,-0.270,1.000,-4.983,-7.955,-0.3772,-0.8873,-0.439,-0.202,-0.781,2.601,2.200,-0.682,0.0080,-0.095,nan,0.00,1,1,1,1,1,0.0000,0.345,0,0.056,2,0.853,0,0,yolo,102.2,yolo,1,1,0,0.000,0,-1,0
1785731644.958,-4.869,-1.085,-5.053,0.9962,0,1.304,0.309,4.983,0.2759,6.597,-0.575,-0.270,1.000,-4.983,-5.573,-0.2373,0.0000,-0.439,-0.439,-0.781,2.601,2.200,-0.776,0.0080,-0.095,nan,0.00,1,1,1,0,1,0.0000,0.346,0,0.058,2,0.872,0,0,yolo,102.2,yolo,1,1,0,0.000,0,-1,0
1785731644.993,-4.993,-1.093,-5.499,0.9960,0,0.334,0.371,4.983,0.2757,6.597,-0.575,-0.270,1.000,-4.983,-5.327,-0.2510,-0.0037,-0.453,-0.453,-0.784,2.610,2.200,-0.723,0.0080,-0.093,nan,0.00,1,1,1,0,1,0.0000,0.345,0,0.056,2,0.874,0,0,yolo,102.2,yolo,1,1,0,0.000,0,-1,0
1785731645.039,-5.081,-1.099,-5.887,0.9959,0,-1.166,0.409,3.776,0.2590,6.461,-0.426,-0.154,1.000,-3.776,-3.722,-0.6807,-0.5080,-0.466,-0.175,-0.788,2.619,2.200,-0.690,0.0080,0.009,nan,0.00,1,1,1,1,1,0.0000,0.345,0,0.056,2,0.874,2,0,yolo,105.3,yolo,1,1,0,0.000,0,-1,0
1785731645.066,-5.095,-1.101,-6.252,0.9959,0,-2.666,0.435,3.776,0.2723,6.461,-0.426,-0.154,1.000,-3.776,-1.549,-0.3050,-0.0129,-0.479,-0.479,-0.801,2.626,2.200,-0.666,0.0080,0.009,nan,0.00,1,1,1,0,1,0.0000,0.345,0,0.056,2,0.884,0,0,yolo,105.3,yolo,1,1,0,0.000,0,-1,0
1785731645.103,-4.999,-1.095,-6.577,0.9960,0,-2.650,0.453,3.612,0.2556,6.505,-0.411,-0.099,1.000,-3.612,-2.350,-0.5564,-1.5715,-0.497,-0.296,-0.804,2.634,2.200,-0.643,0.0080,0.061,nan,0.00,1,1,1,1,1,0.0000,0.269,0,0.073,1,0.894,0,0,yolo,102.6,yolo,1,1,0,0.000,0,-1,0
1785731645.145,-4.542,-1.065,-7.126,0.9967,0,-3.793,0.540,3.612,0.2717,6.505,-0.411,-0.099,1.000,-3.612,-0.749,-0.2407,0.0110,-0.537,-0.537,-0.793,2.649,2.200,-0.525,0.0080,0.055,nan,0.00,1,1,1,0,1,0.0000,0.269,0,0.073,1,0.894,0,0,yolo,102.6,yolo,1,1,0,0.000,0,-1,0
1785731645.176,-4.542,-1.065,-7.126,0.9967,0,-3.793,0.434,3.612,0.2717,6.505,-0.411,-0.099,1.000,-3.612,-0.749,-0.2407,0.0110,-0.537,-0.537,-0.793,2.649,2.200,-0.631,0.0080,0.055,nan,0.00,1,1,1,0,1,0.0000,0.358,0,0.072,2,0.897,0,0,yolo,102.6,yolo,1,1,0,0.000,0,-1,0
1785731645.207,-4.227,-1.040,-7.411,0.9971,0,-3.791,0.437,3.612,0.2724,6.505,-0.411,-0.099,1.000,-3.612,-0.436,-0.2579,0.0257,-0.554,-0.554,-0.779,2.657,2.200,-0.604,0.0080,0.049,nan,0.00,1,1,1,0,1,0.0000,0.267,0,0.071,1,0.888,0,0,yolo,102.6,yolo,1,1,0,0.000,0,-1,0
1785731645.238,-3.883,-1.022,-7.710,0.9975,0,-2.291,0.446,3.445,0.2557,6.472,-0.390,-0.042,1.000,-3.445,-2.767,-0.1892,-0.5021,-0.570,-0.370,-0.761,2.665,2.200,-0.576,0.0079,0.100,nan,0.00,1,1,1,1,1,0.0000,0.267,0,0.071,1,0.888,0,0,yolo,107.3,yolo,1,1,0,0.000,0,-1,0
1785731645.268,-3.676,-0.999,-8.015,0.9978,0,-3.791,0.453,3.445,0.2705,6.472,-0.390,-0.042,1.000,-3.445,0.184,-0.2132,0.0185,-0.583,-0.583,-0.743,2.673,2.200,-0.546,0.0079,0.096,nan,0.00,1,1,1,0,1,0.0000,0.267,0,0.071,1,0.886,0,0,yolo,107.3,yolo,1,1,0,0.000,0,-1,0
1785731645.299,-3.297,-0.973,-8.315,0.9982,0,-3.725,0.452,3.445,0.2714,6.472,-0.390,-0.042,1.000,-3.445,0.427,-0.2265,0.0373,-0.596,-0.596,-0.724,2.681,2.200,-0.521,0.0079,0.090,nan,0.00,1,1,1,0,1,0.0000,0.360,0,0.074,2,0.897,0,0,yolo,107.3,yolo,1,1,0,0.000,0,-1,0
1785731645.330,-3.297,-0.973,-8.315,0.9982,0,-4.206,0.369,2.730,0.2547,6.354,-0.303,0.047,1.000,-2.730,0.909,-0.5950,-0.6182,-0.596,-0.352,-0.724,2.681,2.200,-0.604,0.0079,0.173,nan,0.00,1,1,1,1,1,0.0000,0.270,0,0.075,1,0.910,0,0,yolo,100.9,yolo,1,1,0,0.000,0,-1,0
1785731645.365,-2.953,-0.947,-8.600,0.9985,0,-5.587,0.384,2.730,0.2676,6.354,-0.303,0.047,1.000,-2.730,2.634,-0.2537,0.0073,-0.606,-0.606,-0.717,2.688,2.200,-0.563,0.0079,0.168,nan,0.00,1,1,1,0,1,0.0000,0.270,0,0.075,1,0.910,1,0,yolo,100.9,yolo,1,1,0,0.000,0,-1,0
1785731645.391,-2.553,-0.924,-8.850,0.9989,0,-5.371,0.391,2.730,0.2684,6.354,-0.303,0.047,1.000,-2.730,2.818,-0.2636,0.0239,-0.616,-0.616,-0.700,2.695,2.200,-0.534,0.0079,0.163,nan,0.00,1,1,1,0,1,0.0000,0.267,0,0.071,1,0.906,0,0,yolo,100.9,yolo,1,1,0,0.000,0,-1,0
1785731645.423,-2.044,-0.896,-9.063,0.9992,0,-6.871,0.380,2.007,0.2517,6.276,-0.220,0.134,1.000,-2.007,7.239,-1.1878,-1.1497,-0.625,-0.461,-0.682,2.702,2.200,-0.516,0.0079,0.240,nan,0.00,1,1,1,1,1,0.0000,0.264,0,0.066,1,0.885,0,0,yolo,102.8,yolo,1,1,0,0.000,0,-1,0
1785731645.454,-1.583,-0.869,-9.254,0.9995,0,-6.047,0.360,2.007,0.2653,6.276,-0.220,0.134,1.000,-2.007,4.464,-0.1693,0.0092,-0.631,-0.631,-0.673,2.707,2.200,-0.509,0.0078,0.235,nan,0.00,1,1,1,0,1,0.0000,0.264,0,0.066,1,0.885,0,0,yolo,102.8,yolo,1,1,0,0.000,0,-1,0
1785731645.484,-1.583,-0.869,-9.254,0.9995,0,-6.047,0.293,2.007,0.2653,6.276,-0.220,0.134,1.000,-2.007,4.464,-0.1693,0.0092,-0.631,-0.631,-0.673,2.707,2.200,-0.576,0.0078,0.235,nan,0.00,1,1,1,0,1,0.0000,0.254,0,0.048,1,0.868,0,0,yolo,102.8,yolo,1,1,0,0.000,0,-1,0
1785731645.516,-1.042,-0.840,-9.405,0.9997,0,-7.454,0.444,1.376,0.2486,6.340,-0.152,0.216,1.000,-1.376,6.412,-0.6975,-0.7693,-0.636,-0.470,-0.659,2.713,2.138,-0.397,0.0078,0.312,nan,0.00,1,1,1,1,1,0.0000,0.244,0,0.031,1,0.870,0,0,yolo,102.0,yolo,1,1,0,0.000,0,-1,0
1785731645.554,-0.549,-0.817,-9.549,0.9999,0,-6.590,0.424,1.376,0.2631,6.340,-0.152,0.216,1.000,-1.376,6.041,-0.1680,0.0127,-0.638,-0.638,-0.647,2.718,2.142,-0.392,0.0077,0.308,nan,0.00,1,1,1,0,1,0.0000,0.243,0,0.030,1,0.883,0,0,yolo,102.0,yolo,1,1,0,0.000,0,-1,0
1785731645.580,0.096,-0.781,-9.683,0.9999,0,-5.952,0.388,1.376,0.2643,6.340,-0.152,0.216,1.000,-1.376,6.048,-0.1684,0.0375,-0.638,-0.638,-0.622,2.722,2.147,-0.393,0.0077,0.303,nan,0.00,1,1,1,0,1,0.0000,0.243,0,0.030,1,0.883,0,0,yolo,102.0,yolo,1,1,0,0.000,0,-1,0
1785731645.614,0.803,-0.732,-9.817,0.9998,0,-5.106,0.345,1.376,0.2663,6.340,-0.152,0.216,1.000,-1.376,5.909,-0.1609,0.0753,-0.631,-0.631,-0.584,2.728,2.155,-0.387,0.0077,0.295,nan,0.00,1,1,1,0,0,0.0000,0.000,0,0.000,0,0.000,0,0,yolo,102.0,yolo,1,1,0,0.000,0,-1,0
1785731645.646,1.200,-0.704,-9.909,0.9997,0,-4.928,0.533,0.855,0.2496,6.274,-0.094,0.311,1.000,-0.855,6.128,-0.4276,-0.6785,-0.623,-0.447,-0.562,2.731,2.064,-0.170,0.0076,0.386,nan,0.00,1,1,1,1,0,0.0000,0.000,0,0.000,0,0.000,0,0,yolo,104.7,yolo,1,1,0,0.000,0,-1,0
1785731645.677,1.606,-0.660,-9.989,0.9995,0,-5.466,0.471,0.855,0.2617,6.274,-0.094,0.311,1.000,-0.855,7.072,-0.1650,0.0317,-0.612,-0.612,-0.530,2.735,2.070,-0.189,0.0076,0.380,nan,0.00,1,1,1,0,0,0.0000,0.000,0,0.000,0,0.000,1,0,yolo,104.7,yolo,1,1,0,0.000,0,-1,0
1785731645.704,1.606,-0.660,-9.989,0.9995,0,-5.466,0.427,0.855,0.2617,6.274,-0.094,0.311,1.000,-0.855,7.072,-0.1650,0.0317,-0.612,-0.612,-0.530,2.735,2.070,-0.234,0.0076,0.380,nan,0.00,1,1,1,0,0,0.0000,0.000,0,0.000,0,0.000,0,0,yolo,104.7,yolo,1,1,0,0.000,0,-1,0
1785731645.741,2.095,-0.616,-10.045,0.9993,0,-4.729,0.570,0.491,0.2450,6.230,-0.053,0.388,1.000,-0.491,6.824,-0.3962,-0.7268,-0.600,-0.440,-0.502,2.737,1.997,-0.045,0.0075,0.453,nan,0.00,1,1,1,1,0,0.0000,0.000,0,0.000,0,0.000,0,0,yolo,104.3,yolo,1,1,0,0.000,0,-1,0
1785731645.785,2.608,-0.574,-10.109,0.9989,0,-4.907,0.521,0.491,0.2592,6.230,-0.053,0.388,1.000,-0.491,7.515,-0.1423,0.0188,-0.582,-0.582,-0.484,2.740,2.002,-0.054,0.0075,0.448,nan,0.00,1,1,1,0,0,0.0000,0.000,0,0.000,0,0.000,1,0,yolo,104.3,yolo,1,1,0,0.000,0,-1,0
1785731645.816,3.051,-0.519,-10.158,0.9985,0,-4.080,0.449,0.491,0.2608,6.230,-0.053,0.388,1.000,-0.491,7.131,-0.1219,0.0494,-0.562,-0.562,-0.453,2.742,2.009,-0.070,0.0074,0.441,nan,0.00,1,1,1,0,0,0.0000,0.000,0,0.000,0,0.000,0,0,yolo,104.3,yolo,1,1,0,0.000,0,-1,0
1785731645.852,3.517,-0.468,-10.189,0.9981,0,-3.694,0.621,0.078,0.2441,6.123,-0.008,0.484,1.000,-0.078,7.210,-0.3310,-0.6876,-0.539,-0.410,-0.419,2.744,1.917,0.153,0.0074,0.533,nan,0.00,1,1,1,1,0,0.0000,0.000,0,0.000,0,0.000,0,0,yolo,104.1,yolo,1,1,0,0.000,0,-1,0
1785731645.896,3.896,-0.425,-10.223,0.9977,0,-3.633,0.559,0.078,0.2573,6.123,-0.008,0.484,1.000,-0.078,7.529,-0.1038,0.0268,-0.514,-0.514,-0.392,2.745,1.922,0.133,0.0073,0.528,nan,0.00,1,1,1,0,0,0.0000,0.000,0,0.000,0,0.000,1,0,yolo,104.1,yolo,1,1,0,0.000,0,-1,0
1785731645.922,4.225,-0.371,-10.238,0.9973,0,-2.804,0.478,0.078,0.2591,6.123,-0.008,0.484,1.000,-0.078,7.029,-0.0775,0.0617,-0.487,-0.487,-0.357,2.746,1.928,0.107,0.0073,0.522,nan,0.00,1,1,1,0,0,0.0000,0.000,0,0.000,0,0.000,0,0,yolo,104.1,yolo,1,1,0,0.000,0,-1,0
1785731645.954,4.487,-0.327,-10.233,0.9969,0,-3.441,0.632,-0.268,0.2424,6.057,0.028,0.572,1.000,0.268,7.928,-0.3653,-0.8471,-0.460,-0.383,-0.320,2.747,1.843,0.305,0.0072,0.607,nan,0.00,1,1,1,1,0,0.0000,0.000,0,0.000,0,0.000,1,0,yolo,109.1,yolo,1,1,0,0.000,0,-1,0
1785731645.988,4.807,-0.273,-10.212,0.9965,0,-2.196,0.548,-0.268,0.2557,6.057,0.028,0.572,1.000,0.268,7.003,-0.0470,0.0378,-0.430,-0.430,-0.282,2.747,1.849,0.276,0.0072,0.601,nan,0.00,1,1,1,0,0,0.0000,0.000,0,0.000,0,0.000,0,0,yolo,109.1,yolo,1,1,0,0.000,0,-1,0
1785731646.015,5.023,-0.224,-10.180,0.9962,0,-1.386,0.470,-0.268,0.2577,6.057,0.028,0.572,1.000,0.268,6.408,-0.0160,0.0771,-0.399,-0.399,-0.243,2.746,1.854,0.246,0.0071,0.596,nan,0.00,1,1,1,0,0,0.0000,0.000,0,0.000,0,0.000,0,0,yolo,109.1,yolo,1,1,0,0.000,0,-1,0
1785731646.050,5.156,-0.184,-10.154,0.9959,0,-0.635,0.404,-0.268,0.2596,6.057,0.028,0.572,1.000,0.268,5.791,0.0162,0.1173,-0.367,-0.367,-0.202,2.745,1.859,0.220,0.0070,0.591,nan,0.00,1,1,1,0,0,0.0000,0.000,0,0.000,0,0.000,0,0,yolo,109.1,yolo,1,1,0,0.000,0,-1,0
1785731646.099,5.230,-0.147,-10.129,0.9958,0,-1.579,0.526,-0.502,0.2430,6.040,0.053,0.644,1.000,0.502,6.809,-0.2472,-0.6975,-0.332,-0.304,-0.170,2.744,1.789,0.379,0.0070,0.661,nan,0.00,1,1,1,1,0,0.0000,0.000,0,0.000,0,0.000,0,0,yolo,114.1,yolo,1,1,0,0.000,0,-1,0
1785731646.142,5.408,-0.097,-10.083,0.9955,0,-0.079,0.445,-0.502,0.2544,6.040,0.053,0.644,1.000,0.502,5.423,0.0078,0.0444,-0.296,-0.296,-0.125,2.743,1.794,0.348,0.0069,0.656,nan,0.00,1,1,1,0,0,0.0000,0.000,0,0.000,0,0.000,2,0,yolo,114.1,yolo,1,1,0,0.000,0,-1,0
1785731646.176,5.432,-0.060,-10.033,0.9955,0,-0.326,0.566,-0.763,0.2377,5.974,0.066,0.716,0.996,0.634,5.758,-0.1376,-0.6914,-0.263,-0.244,-0.093,2.741,1.725,0.506,0.0068,0.725,nan,0.00,1,1,1,1,0,0.0000,0.000,0,0.000,0,0.000,0,0,yolo,115.0,yolo,1,1,0,0.000,0,-1,0
1785731646.219,5.464,-0.016,-9.973,0.9955,0,0.637,0.494,-0.763,0.2522,5.974,0.066,0.716,0.996,0.634,4.827,0.0128,0.0420,-0.231,-0.231,-0.051,2.739,1.730,0.479,0.0068,0.720,nan,0.00,1,1,1,0,0,0.0000,0.000,0,0.000,0,0.000,0,0,yolo,115.0,yolo,1,1,0,0.000,0,-1,0
1785731646.251,5.425,0.024,-9.902,0.9955,0,1.204,0.428,-0.763,0.2543,5.974,0.066,0.716,0.996,0.634,4.221,0.0442,0.0872,-0.200,-0.200,-0.005,2.737,1.734,0.452,0.0067,0.716,nan,0.00,1,1,1,0,0,0.0000,0.000,0,0.000,0,0.000,1,0,yolo,115.0,yolo,1,1,0,0.000,0,-1,0
1785731646.276,5.323,0.057,-9.835,0.9957,0,1.696,0.371,-0.763,0.2564,5.974,0.066,0.716,0.996,0.634,3.627,0.0750,0.1346,-0.169,-0.169,0.042,2.734,1.737,0.428,0.0066,0.713,nan,0.00,1,1,1,0,0,0.0000,0.000,0,0.000,0,0.000,0,0,yolo,115.0,yolo,1,1,0,0.000,0,-1,0
1785731646.312,5.323,0.057,-9.835,0.9957,0,1.680,0.570,-1.404,0.2397,5.839,0.063,0.788,0.973,0.617,3.643,0.0132,-0.5393,-0.169,-0.154,0.042,2.734,1.665,0.627,0.0065,0.785,nan,0.00,1,1,1,1,0,0.0000,0.000,0,0.000,0,0.000,0,0,yolo,123.2,yolo,1,1,0,0.000,0,-1,0
1785731646.343,5.187,0.085,-9.773,0.9959,0,1.739,0.516,-1.404,0.2497,5.839,0.063,0.788,0.973,0.617,3.448,0.0135,0.0368,-0.141,-0.141,0.079,2.732,1.668,0.601,0.0065,0.782,nan,0.00,1,1,1,0,0,0.0000,0.000,0,0.000,0,0.000,0,0,yolo,123.2,yolo,1,1,0,0.000,0,-1,0
1785731646.375,5.040,0.130,-9.662,0.9961,0,2.119,0.436,-1.404,0.2519,5.839,0.063,0.788,0.973,0.617,2.921,0.0410,0.0848,-0.113,-0.113,0.127,2.729,1.673,0.566,0.0064,0.777,nan,0.00,1,1,1,0,0,0.0000,0.000,0,0.000,0,0.000,0,0,yolo,123.2,yolo,1,1,0,0.000,0,-1,0
1785731646.405,4.878,0.173,-9.529,0.9964,0,2.454,0.358,-1.404,0.2539,5.839,0.063,0.788,0.973,0.617,2.424,0.0669,0.1292,-0.087,-0.087,0.171,2.725,1.677,0.532,0.0063,0.773,nan,0.00,1,1,1,0,0,0.0000,0.000,0,0.000,0,0.000,2,0,yolo,123.2,yolo,1,1,0,0.000,0,-1,0
1785731646.433,4.643,0.198,-9.401,0.9967,0,3.454,0.469,-1.893,0.2372,5.690,0.036,0.855,0.948,0.361,1.189,0.1904,-0.4691,-0.063,-0.086,0.215,2.722,1.615,0.668,0.0062,0.835,nan,0.00,1,1,1,1,0,0.0000,0.000,0,0.000,0,0.000,0,0,yolo,116.7,yolo,1,1,0,0.000,0,-1,0
1785731646.470,4.643,0.198,-9.401,0.9967,0,2.996,0.500,-1.893,0.2459,5.690,0.036,0.855,0.948,0.361,1.647,0.0233,0.0000,-0.063,-0.063,0.215,2.722,1.615,0.698,0.0061,0.835,nan,0.00,1,1,1,0,0,0.0000,0.000,0,0.000,0,0.000,0,0,yolo,116.7,yolo,1,1,0,0.000,0,-1,0
1785731646.502,4.331,0.232,-9.253,0.9971,0,3.041,0.432,-1.893,0.2482,5.690,0.036,0.855,0.948,0.361,1.290,0.0421,0.0524,-0.044,-0.044,0.268,2.718,1.618,0.664,0.0061,0.832,nan,0.00,1,1,1,0,0,0.0000,0.000,0,0.000,0,0.000,0,0,yolo,116.7,yolo,1,1,0,0.000,0,-1,0
1785731646.546,4.078,0.264,-9.093,0.9975,0,4.541,0.477,-2.053,0.2315,5.579,-0.005,0.900,0.930,-0.055,-1.270,0.4051,-0.3918,-0.030,-0.052,0.313,2.715,1.579,0.741,0.0060,0.871,nan,0.00,1,1,1,1,0,0.0000,0.000,0,0.000,0,0.000,0,0,yolo,110.5,yolo,1,1,0,0.000,0,-1,0
1785731646.578,3.839,0.290,-8.946,0.9977,0,3.879,0.428,-2.053,0.2461,5.579,-0.005,0.900,0.930,-0.055,-0.041,0.0345,0.0397,-0.017,-0.017,0.352,2.711,1.581,0.719,0.0059,0.869,nan,0.00,1,1,1,0,0,0.0000,0.000,0,0.000,0,0.000,0,0,yolo,110.5,yolo,1,1,0,0.000,0,-1,0
1785731646.610,3.430,0.324,-8.781,0.9982,0,3.655,0.366,-2.053,0.2485,5.579,-0.005,0.900,0.930,-0.055,-0.225,0.0442,0.0950,-0.008,-0.008,0.408,2.707,1.584,0.690,0.0058,0.866,nan,0.00,1,1,1,0,0,0.0000,0.000,0,0.000,0,0.000,1,0,yolo,110.5,yolo,1,1,0,0.000,0,-1,0
1785731646.639,3.086,0.353,-8.613,0.9985,0,5.155,0.401,-1.683,0.2319,5.501,-0.085,0.939,0.917,-0.885,-8.714,1.1958,-0.4973,-0.001,0.084,0.466,2.703,1.550,0.754,0.0057,0.900,nan,0.00,1,1,1,1,0,0.0000,0.000,0,0.000,0,0.000,0,0,yolo,108.0,yolo,1,1,0,0.000,0,-1,0
1785731646.675,2.599,0.384,-8.457,0.9989,0,4.299,0.342,-1.683,0.2458,5.501,-0.085,0.939,0.917,-0.885,-1.700,-0.0810,0.0638,0.003,0.003,0.529,2.698,1.552,0.726,0.0056,0.898,nan,0.00,1,1,1,0,0,0.0000,0.000,0,0.000,0,0.000,0,0,yolo,108.0,yolo,1,1,0,0.000,0,-1,0
1785731646.703,2.186,0.412,-8.318,0.9992,0,3.920,0.287,-1.683,0.2486,5.501,-0.085,0.939,0.917,-0.885,-1.734,-0.0792,0.1280,0.005,0.005,0.594,2.694,1.554,0.699,0.0055,0.896,nan,0.00,1,1,1,0,0,0.0000,0.000,0,0.000,0,0.000,1,0,yolo,108.0,yolo,1,1,0,0.000,0,-1,0
1785731646.731,2.186,0.412,-8.318,0.9992,0,3.920,0.332,-1.683,0.2485,5.501,-0.085,0.939,0.917,-0.885,-1.734,-0.0792,0.1280,0.005,0.005,0.594,2.694,1.554,0.744,0.0054,0.896,nan,0.00,1,1,1,0,0,0.0000,0.000,0,0.000,0,0.000,0,0,yolo,108.0,yolo,1,1,0,0.000,0,-1,0
1785731646.769,1.830,0.435,-8.178,0.9995,0,5.420,0.323,-1.271,0.2372,5.434,-0.163,0.961,0.906,-1.720,-7.112,0.4751,-0.1079,0.003,0.074,0.655,2.689,1.536,0.758,0.0053,0.914,nan,0.00,1,1,1,1,0,0.0000,0.000,0,0.000,0,0.000,0,0,yolo,106.5,yolo,1,1,0,0.000,0,-1,0
1785731646.795,1.470,0.462,-8.036,0.9996,0,5.014,0.265,-1.271,0.2442,5.434,-0.163,0.961,0.906,-1.720,-3.544,-0.0752,0.0501,-0.001,-0.001,0.705,2.684,1.538,0.727,0.0053,0.912,nan,0.00,1,1,1,0,0,0.0000,0.000,0,0.000,0,0.000,0,0,yolo,106.5,yolo,1,1,0,0.000,0,-1,0
1785731646.832,1.029,0.484,-7.925,0.9998,0,4.436,0.220,-1.271,0.2462,5.434,-0.163,0.961,0.906,-1.720,-3.407,-0.0825,0.0974,-0.008,-0.008,0.752,2.679,1.538,0.704,0.0052,0.912,nan,0.00,1,1,1,0,0,0.0000,0.000,0,0.000,0,0.000,0,0,yolo,106.5,yolo,1,1,0,0.000,0,-1,0
1785731646.877,0.636,0.503,-7.834,0.9999,0,5.936,0.181,0.095,0.2421,5.422,-0.311,0.962,0.904,-3.284,-14.000,1.4798,0.0077,-0.017,0.211,0.791,2.675,1.539,0.684,0.0051,0.911,nan,0.00,1,1,1,1,0,0.0000,0.000,0,0.000,0,0.000,1,0,yolo,109.1,yolo,1,1,0,0.000,0,-1,0
