t,roll,pitch,yaw,up,upset,cmd_roll_deg,cmd_pitch_deg,cmd_yaw_deg,thrust,bx,by,bz,blend,bearing_deg,desired_roll,d_lat,d_vert,vY_imu,vY_fused,vD,vX,v_target,pitch_des,elev_i,elev_err,agl,turn_ff,reliable,vision_valid,elev_fresh,is_new_d,bl_found,bl_hdg,bl_conf,bl_hdg_valid,bl_span,bl_paired,bl_cy,bl_gap,src_switch,source,infer_ms,mode,gate,gate_id,peek_side,peek_strength,peek_active,occ_gap,collision
1785653992.976,0.000,-17.800,0.000,0.9521,0,-0.673,15.800,0.570,0.2740,5.823,0.028,-1.550,0.970,0.277,0.673,-0.0000,-0.0000,-0.000,-0.000,-0.000,-0.000,2.146,-2.000,0.0060,0.304,nan,0.05,1,1,1,1,1,0.0017,1.000,1,0.522,8,0.015,0,0,yolo,112.6,yolo,0,0,0,0.000,0,-1,0
1785653993.015,-0.005,-17.622,-0.001,0.9531,0,-0.691,15.622,0.581,0.2738,5.823,0.028,-1.550,0.970,0.277,0.686,-0.0007,-0.0103,-0.001,-0.001,-0.010,0.018,2.165,-2.000,0.0059,0.285,nan,0.04,1,1,1,0,1,0.0013,1.000,1,0.522,8,0.015,0,0,yolo,112.6,yolo,0,0,0,0.000,0,-1,0
1785653993.046,-0.005,-17.622,-0.001,0.9531,0,-0.691,15.622,1.180,0.2737,5.823,0.028,-1.550,0.970,0.277,0.686,-0.0007,-0.0103,-0.001,-0.001,-0.010,0.018,2.165,-2.000,0.0059,0.285,nan,-0.56,1,1,1,0,1,-0.0196,1.000,1,0.522,8,0.011,0,0,yolo,112.6,yolo,0,0,0,0.000,0,-1,0
1785653993.078,-0.003,-15.160,-0.002,0.9652,0,-0.983,14.122,1.147,0.2904,5.823,0.031,-1.551,0.971,0.309,0.980,-0.0328,2.0000,-0.001,-0.005,-0.028,0.043,2.200,-2.000,0.0059,0.026,nan,-0.56,1,1,1,1,1,-0.0196,1.000,1,0.522,8,0.011,0,0,yolo,120.0,yolo,0,0,0,0.000,0,-1,0
1785653993.113,0.223,-13.395,-0.138,0.9728,0,-0.481,12.622,1.596,0.2816,5.823,0.031,-1.551,0.971,0.309,0.704,0.0061,-0.0180,0.001,0.001,-0.046,0.073,2.200,-2.000,0.0059,-0.159,nan,-1.01,1,1,1,0,1,-0.0353,1.000,1,0.522,8,0.011,3,0,yolo,120.0,yolo,0,0,0,0.000,0,-1,0
1785653993.139,0.223,-13.395,-0.138,0.9728,0,-0.481,11.395,1.428,0.2816,5.823,0.031,-1.551,0.971,0.309,0.704,0.0061,-0.0180,0.001,0.001,-0.046,0.073,2.200,-2.000,0.0059,-0.159,nan,-0.84,1,1,1,0,1,-0.0295,1.000,1,0.520,8,0.116,0,0,yolo,120.0,yolo,0,0,0,0.000,0,-1,0
1785653993.170,0.357,-11.857,-0.315,0.9786,0,-0.286,9.895,1.302,0.2838,5.823,0.031,-1.551,0.971,0.309,0.643,0.0093,-0.0406,0.004,0.004,-0.069,0.108,2.129,-2.000,0.0060,-0.321,nan,-0.72,1,1,1,0,1,-0.0251,1.000,1,0.520,8,0.116,0,0,yolo,120.0,yolo,0,0,0,0.000,0,-1,0
1785653993.202,0.424,-10.655,-0.436,0.9827,0,0.038,8.655,0.700,0.3005,5.823,0.027,-1.550,0.970,0.266,0.386,0.0332,0.9463,0.008,0.007,-0.103,0.178,2.003,-2.000,0.0060,-0.447,nan,-0.07,1,1,1,1,1,-0.0025,1.000,1,0.518,8,0.123,0,0,yolo,119.6,yolo,0,0,0,0.000,0,-1,0
1785653993.233,0.424,-10.655,-0.436,0.9827,0,-0.092,8.655,0.215,0.2885,5.823,0.027,-1.550,0.970,0.266,0.515,0.0017,0.0000,0.008,0.008,-0.103,0.178,2.003,-2.000,0.0061,-0.447,nan,0.41,1,1,1,0,1,0.0145,1.000,1,0.518,8,0.123,0,0,yolo,119.6,yolo,0,0,0,0.000,0,-1,0
1785653993.270,0.436,-9.648,-0.492,0.9858,0,-0.009,7.648,0.287,0.2890,5.823,0.027,-1.550,0.970,0.266,0.445,0.0053,-0.0404,0.012,0.012,-0.144,0.243,1.898,-2.000,0.0061,-0.552,nan,0.34,1,1,1,0,1,0.0119,1.000,1,0.445,7,0.130,0,0,yolo,119.6,yolo,0,0,0,0.000,0,-1,0
1785653993.310,0.458,-8.588,-0.499,0.9888,0,-1.509,6.588,-0.925,0.3056,6.422,0.071,-1.563,1.000,0.637,4.300,-0.4168,0.3311,0.016,-0.047,-0.194,0.306,1.864,-2.000,0.0062,-0.586,nan,0.29,1,1,1,1,1,0.0101,1.000,1,0.445,7,0.130,0,0,yolo,114.6,yolo,0,0,0,0.000,0,-1,0
1785653993.341,0.532,-7.563,-0.482,0.9913,0,-0.462,5.563,-1.045,0.2911,6.422,0.071,-1.563,1.000,0.637,0.994,0.0665,-0.0619,0.020,0.020,-0.256,0.366,1.747,-2.000,0.0062,-0.703,nan,0.41,1,1,1,0,1,0.0142,1.000,1,0.445,7,0.203,0,0,yolo,114.6,yolo,0,0,0,0.000,0,-1,0
1785653993.372,0.551,-6.846,-0.347,0.9928,0,-0.373,4.846,-1.045,0.2898,6.422,0.071,-1.563,1.000,0.637,0.924,0.0703,-0.1370,0.024,0.024,-0.331,0.419,1.665,-2.000,0.0063,-0.785,nan,0.41,1,1,1,0,1,0.0142,1.000,1,0.445,7,0.203,0,0,yolo,114.6,yolo,0,0,0,0.000,0,-1,0
1785653993.410,0.551,-6.846,-0.347,0.9928,0,-0.373,4.846,-0.966,0.2899,6.422,0.071,-1.563,1.000,0.637,0.924,0.0703,-0.1370,0.024,0.024,-0.331,0.419,1.665,-2.000,0.0064,-0.785,nan,0.33,1,1,1,0,1,0.0115,1.000,1,0.373,6,0.244,0,0,yolo,114.6,yolo,0,0,0,0.000,0,-1,0
1785653993.449,0.586,-6.256,-0.244,0.9940,0,1.127,4.256,-0.452,0.2732,6.735,0.029,-1.421,1.000,0.250,-0.936,0.3412,-0.8013,0.028,-0.011,-0.397,0.466,1.772,-2.000,0.0065,-0.678,nan,0.20,1,1,1,1,1,0.0071,1.000,1,0.373,6,0.244,0,0,yolo,112.7,yolo,0,0,0,0.000,0,-1,0
1785653993.480,0.453,-5.757,-0.191,0.9949,0,0.447,3.757,-0.876,0.2899,6.735,0.029,-1.421,1.000,0.250,0.006,0.0430,-0.0460,0.032,0.032,-0.443,0.509,1.712,-2.000,0.0065,-0.738,nan,0.63,1,1,1,0,1,0.0219,1.000,1,0.375,6,0.262,0,0,yolo,112.7,yolo,0,0,0,0.000,0,-1,0
1785653993.512,0.416,-5.315,-0.123,0.9957,0,0.462,3.315,-1.194,0.2917,6.735,0.029,-1.421,1.000,0.250,-0.046,0.0460,-0.0878,0.035,0.035,-0.485,0.547,1.659,-2.000,0.0066,-0.791,nan,0.94,1,1,1,0,1,0.0329,1.000,1,0.375,6,0.262,0,0,yolo,112.7,yolo,0,0,0,0.000,0,-1,0
1785653993.542,0.416,-5.315,-0.123,0.9957,0,-1.038,3.315,-1.083,0.2750,6.462,0.053,-1.109,1.000,0.474,2.432,-0.1893,-2.0000,0.035,-0.023,-0.485,0.547,1.944,-2.000,0.0067,-0.506,nan,0.61,1,1,1,1,1,0.0213,1.000,1,0.361,6,0.275,0,0,yolo,110.1,yolo,0,0,0,0.000,0,-1,0
1785653993.572,0.508,-4.890,0.008,0.9963,0,0.104,2.890,-0.832,0.2871,6.462,0.053,-1.109,1.000,0.474,0.403,0.0591,-0.0298,0.037,0.037,-0.514,0.586,1.896,-2.000,0.0067,-0.554,nan,0.36,1,1,1,0,1,0.0125,1.000,1,0.361,6,0.275,0,0,yolo,110.1,yolo,0,0,0,0.000,0,-1,0
1785653993.610,0.473,-4.512,0.102,0.9969,0,0.128,2.512,-0.716,0.2870,6.462,0.053,-1.109,1.000,0.474,0.345,0.0623,-0.0578,0.040,0.040,-0.542,0.622,1.853,-2.000,0.0068,-0.597,nan,0.24,1,1,1,0,1,0.0084,1.000,1,0.358,6,0.287,0,0,yolo,110.1,yolo,0,0,0,0.000,0,-1,0
1785653993.649,0.458,-4.213,0.165,0.9973,0,-0.711,2.213,-0.609,0.3037,7.807,0.062,-1.327,1.000,0.455,1.169,0.0391,2.0000,0.043,-0.021,-0.569,0.653,1.701,-2.000,0.0069,-0.749,nan,0.15,1,1,1,1,1,0.0054,1.000,1,0.358,6,0.287,0,0,yolo,116.7,yolo,0,0,0,0.000,0,-1,0
1785653993.680,0.458,-4.213,0.165,0.9973,0,0.104,2.213,-0.691,0.2942,7.807,0.062,-1.327,1.000,0.455,0.354,0.0631,0.0000,0.043,0.043,-0.569,0.653,1.701,-2.000,0.0069,-0.749,nan,0.24,1,1,1,0,1,0.0082,1.000,1,0.302,5,0.485,0,0,yolo,116.7,yolo,0,0,0,0.000,0,-1,0
1785653993.732,0.546,-3.936,0.229,0.9976,0,0.233,1.936,-0.752,0.2931,7.807,0.062,-1.327,1.000,0.455,0.312,0.0657,-0.0500,0.045,0.045,-0.619,0.683,1.663,-2.000,0.0070,-0.787,nan,0.30,1,1,1,0,1,0.0103,1.000,1,0.302,5,0.485,2,0,yolo,116.7,yolo,0,0,0,0.000,0,-1,0
1785653993.756,0.515,-3.651,0.302,0.9979,0,0.262,1.651,-0.956,0.2917,7.807,0.062,-1.327,1.000,0.455,0.252,0.0695,-0.1068,0.049,0.049,-0.676,0.711,1.623,-2.000,0.0071,-0.827,nan,0.50,1,1,1,0,1,0.0175,1.000,1,0.294,5,0.502,0,0,yolo,116.7,yolo,0,0,0,0.000,0,-1,0
1785653993.787,0.481,-3.446,0.403,0.9982,0,-0.217,1.446,-1.059,0.3084,8.691,0.061,-1.417,1.000,0.404,0.698,0.0583,0.4861,0.052,0.002,-0.741,0.737,1.559,-2.000,0.0072,-0.891,nan,0.65,1,1,1,1,1,0.0229,1.000,1,0.294,5,0.502,0,0,yolo,111.3,yolo,0,0,0,0.000,0,-1,0
1785653993.818,0.481,-3.446,0.403,0.9982,0,0.235,1.446,-1.820,0.2986,8.691,0.061,-1.417,1.000,0.404,0.246,0.0500,0.0000,0.052,0.052,-0.741,0.737,1.559,-2.000,0.0073,-0.891,nan,1.42,1,1,1,0,1,0.0494,1.000,1,0.289,5,0.533,0,0,yolo,111.3,yolo,0,0,0,0.000,0,-1,0
1785653993.849,0.444,-3.255,0.602,0.9984,0,0.221,1.255,-2.390,0.2962,8.691,0.061,-1.417,1.000,0.404,0.223,0.0514,-0.0733,0.053,0.053,-0.815,0.763,1.529,-2.000,0.0074,-0.921,nan,1.99,1,1,1,0,1,0.0693,1.000,1,0.289,5,0.533,0,0,yolo,111.3,yolo,0,0,0,0.000,0,-1,0
1785653993.886,0.410,-3.110,0.837,0.9985,0,0.838,1.110,-2.935,0.2814,9.221,0.043,-1.374,1.000,0.270,-0.428,0.1613,-0.3702,0.054,0.032,-0.884,0.784,1.579,-2.000,0.0075,-0.871,nan,2.66,1,1,1,1,1,0.0930,1.000,1,0.289,5,0.543,0,0,yolo,110.1,yolo,0,0,0,0.000,0,-1,0
1785653993.926,0.410,-3.110,0.837,0.9985,0,0.344,1.110,-3.444,0.2980,9.221,0.043,-1.374,1.000,0.270,0.066,0.0218,0.0000,0.054,0.054,-0.884,0.784,1.579,-2.000,0.0075,-0.871,nan,3.17,1,1,1,0,1,0.1108,1.000,1,0.289,5,0.543,0,0,yolo,110.1,yolo,0,0,0,0.000,0,-1,0
1785653993.957,0.294,-2.973,1.139,0.9986,0,0.223,0.973,-1.955,0.2962,9.221,0.043,-1.374,1.000,0.270,0.071,0.0214,-0.0583,0.053,0.053,-0.942,0.806,1.556,-2.000,0.0076,-0.894,nan,1.69,1,1,1,0,1,0.0588,1.000,1,0.278,5,0.574,0,0,yolo,110.1,yolo,0,0,0,0.000,0,-1,0
1785653993.988,0.271,-2.851,1.349,0.9988,0,1.157,0.851,-0.739,0.2796,9.606,0.028,-1.261,1.000,0.170,-0.887,0.1685,-1.1230,0.053,0.052,-0.999,0.827,1.669,-2.000,0.0077,-0.781,nan,0.57,1,1,1,1,1,0.0199,1.000,1,0.278,5,0.574,0,0,yolo,116.2,yolo,0,0,0,0.000,0,-1,0
1785653994.019,0.128,-2.747,1.407,0.9988,0,0.208,0.747,-0.170,0.2941,9.606,0.028,-1.261,1.000,0.170,-0.080,0.0026,-0.0453,0.055,0.055,-1.044,0.847,1.651,-2.000,0.0078,-0.799,nan,0.00,1,1,1,0,1,0.0000,0.966,0,0.229,4,0.588,0,0,yolo,116.2,yolo,0,0,0,0.000,0,-1,0
1785653994.051,0.128,-2.747,1.407,0.9988,0,0.208,0.747,-0.170,0.2941,9.606,0.028,-1.261,1.000,0.170,-0.080,0.0026,-0.0453,0.055,0.055,-1.044,0.847,1.651,-2.000,0.0079,-0.799,nan,0.00,1,1,1,0,1,0.0000,0.966,0,0.229,4,0.588,0,0,yolo,116.2,yolo,0,0,0,0.000,0,-1,0
1785653994.087,0.122,-2.650,1.408,0.9989,0,0.213,0.650,-0.170,0.2927,9.606,0.028,-1.261,1.000,0.170,-0.091,0.0033,-0.0886,0.056,0.056,-1.087,0.866,1.635,-2.000,0.0080,-0.815,nan,0.00,1,1,1,0,1,0.0000,0.958,0,0.224,4,0.678,0,0,yolo,116.2,yolo,0,0,0,0.000,0,-1,0
1785653994.114,0.095,-2.571,1.423,0.9990,0,1.713,0.571,0.020,0.2761,9.818,-0.003,-1.136,1.000,-0.020,-1.909,0.2438,-0.9046,0.056,0.073,-1.125,0.883,1.755,-2.000,0.0080,-0.695,nan,0.00,1,1,1,1,1,0.0000,0.958,0,0.224,4,0.678,0,0,yolo,111.6,yolo,0,0,0,0.000,0,-1,0
1785653994.147,0.095,-2.571,1.423,0.9990,0,0.555,0.571,0.020,0.2927,9.818,-0.003,-1.136,1.000,-0.020,-0.460,-0.0167,0.0000,0.056,0.056,-1.125,0.883,1.755,-2.000,0.0081,-0.695,nan,0.00,1,1,1,0,1,0.0000,0.958,0,0.224,4,0.678,1,0,yolo,111.6,yolo,0,0,0,0.000,0,-1,0
1785653994.172,0.025,-2.494,1.429,0.9991,0,0.501,0.494,0.020,0.2912,9.818,-0.003,-1.136,1.000,-0.020,-0.476,-0.0155,-0.0544,0.058,0.058,-1.180,0.901,1.742,-2.000,0.0082,-0.708,nan,0.00,1,1,1,0,1,0.0000,0.958,0,0.224,4,0.767,0,0,yolo,111.6,yolo,0,0,0,0.000,0,-1,0
1785653994.208,0.025,-2.494,1.429,0.9991,0,0.501,0.494,0.020,0.2913,9.818,-0.003,-1.136,1.000,-0.020,-0.476,-0.0155,-0.0544,0.058,0.058,-1.180,0.901,1.742,-2.000,0.0082,-0.708,nan,0.00,1,1,1,0,1,0.0000,0.958,0,0.224,4,0.767,3,0,yolo,111.6,yolo,0,0,0,0.000,0,-1,0
1785653994.252,-0.084,-2.372,1.422,0.9991,0,2.001,0.372,0.347,0.2746,9.884,-0.060,-0.971,1.000,-0.347,-4.028,0.4232,-1.0989,0.059,0.120,-1.300,0.933,1.889,-2.000,0.0083,-0.561,nan,0.00,1,1,1,1,1,0.0000,0.960,0,0.225,4,0.770,0,0,yolo,115.6,yolo,0,0,0,0.000,0,-1,0
1785653994.289,-0.084,-2.372,1.422,0.9991,0,0.987,0.372,0.347,0.2726,9.884,-0.060,-0.971,1.000,-0.347,-1.071,-0.0614,0.0000,0.059,0.059,-1.300,0.933,1.889,-2.000,0.0083,-0.561,nan,0.00,1,1,1,0,1,0.0000,0.951,0,0.219,4,0.748,0,0,yolo,115.6,yolo,0,0,0,0.000,0,-1,0
1785653994.328,-0.328,-2.326,1.389,0.9992,0,2.487,0.326,0.746,0.2726,9.855,-0.128,-1.041,1.000,-0.746,-9.062,1.0283,1.1695,0.062,0.236,-1.343,0.949,1.811,-2.000,0.0084,-0.639,nan,0.00,1,1,1,1,1,0.0000,0.951,0,0.219,4,0.748,0,0,yolo,105.9,yolo,0,0,0,0.000,0,-1,0
1785653994.359,-0.562,-2.286,1.345,0.9992,0,0.997,0.286,0.746,0.2727,9.855,-0.128,-1.041,1.000,-0.746,-1.559,-0.1721,-0.0222,0.064,0.064,-1.365,0.962,1.804,-2.000,0.0085,-0.646,nan,0.00,1,1,1,0,1,0.0000,0.822,0,0.212,3,0.693,0,0,yolo,105.9,yolo,0,0,0,0.000,0,-1,0
1785653994.390,-0.649,-2.250,1.260,0.9992,0,0.877,0.250,0.746,0.2728,9.855,-0.128,-1.041,1.000,-0.746,-1.526,-0.1745,-0.0145,0.061,0.061,-1.357,0.977,1.798,-2.000,0.0085,-0.652,nan,0.00,1,1,1,0,1,0.0000,0.822,0,0.212,3,0.693,0,0,yolo,105.9,yolo,0,0,0,0.000,0,-1,0
1785653994.425,-0.649,-2.250,1.260,0.9992,0,0.877,0.250,0.746,0.2728,9.855,-0.128,-1.041,1.000,-0.746,-1.526,-0.1745,-0.0145,0.061,0.061,-1.357,0.977,1.798,-2.000,0.0086,-0.652,nan,0.00,1,1,1,0,1,0.0000,0.936,0,0.210,4,0.700,0,0,yolo,105.9,yolo,0,0,0,0.000,0,-1,0
1785653994.454,-0.745,-2.220,1.189,0.9992,0,2.377,0.220,0.987,0.2729,9.775,-0.168,-1.045,1.000,-0.987,-5.826,0.3089,0.0876,0.058,0.206,-1.340,0.991,1.787,-2.000,0.0087,-0.663,nan,0.00,1,1,1,1,1,0.0000,0.936,0,0.210,4,0.700,0,0,yolo,111.2,yolo,0,0,0,0.000,0,-1,0
1785653994.487,-0.841,-2.192,1.121,0.9992,0,1.357,0.192,0.987,0.2730,9.775,-0.168,-1.045,1.000,-0.987,-2.198,-0.1512,0.0117,0.055,0.055,-1.328,1.003,1.782,-2.000,0.0087,-0.668,nan,0.00,1,1,1,0,1,0.0000,0.936,0,0.210,4,0.700,1,0,yolo,111.2,yolo,0,0,0,0.000,0,-1,0
1785653994.514,-0.841,-2.192,1.121,0.9992,0,1.357,0.192,0.987,0.2730,9.775,-0.168,-1.045,1.000,-0.987,-2.198,-0.1512,0.0117,0.055,0.055,-1.328,1.003,1.782,-2.000,0.0088,-0.668,nan,0.00,1,1,1,0,1,0.0000,0.817,0,0.209,3,0.701,0,0,yolo,111.2,yolo,0,0,0,0.000,0,-1,0
1785653994.552,-0.974,-2.169,1.012,0.9991,0,2.857,0.169,1.158,0.2564,9.657,-0.195,-0.852,1.000,-1.158,-6.819,0.4316,-2.0000,0.052,0.199,-1.330,1.017,1.968,-2.000,0.0089,-0.482,nan,0.00,1,1,1,1,1,0.0000,0.817,0,0.209,3,0.701,1,0,yolo,114.5,yolo,0,0,0,0.000,0,-1,0
1785653994.601,-1.368,-2.147,0.875,0.9990,0,1.357,0.147,1.158,0.2730,9.657,-0.195,-0.852,1.000,-1.158,-2.596,-0.1486,0.0128,0.050,0.050,-1.317,1.032,1.965,-2.000,0.0089,-0.485,nan,0.00,1,1,1,0,1,0.0000,0.700,0,0.208,2,0.726,0,0,yolo,114.5,yolo,0,0,0,0.000,0,-1,0
1785653994.640,-1.521,-2.128,0.729,0.9990,0,0.938,0.128,1.158,0.2732,9.657,-0.195,-0.852,1.000,-1.158,-2.460,-0.1584,0.0264,0.040,0.040,-1.303,1.047,1.963,-2.000,0.0090,-0.487,nan,0.00,1,1,1,0,1,0.0000,0.697,0,0.206,2,0.723,0,0,yolo,114.5,yolo,0,0,0,0.000,0,-1,0
1785653994.668,-1.521,-2.128,0.729,0.9990,0,2.438,0.128,1.290,0.2566,9.553,-0.215,-0.680,1.000,-1.290,-5.773,0.2203,-1.6838,0.040,0.161,-1.303,1.047,2.131,-2.000,0.0090,-0.319,nan,0.00,1,1,1,1,1,0.0000,0.697,0,0.206,2,0.723,0,0,yolo,107.3,yolo,0,0,0,0.000,0,-1,0
1785653994.703,-1.883,-2.113,0.562,0.9988,0,0.974,0.113,1.290,0.2732,9.553,-0.215,-0.680,1.000,-1.290,-2.856,-0.1297,0.0293,0.031,0.031,-1.274,1.063,2.130,-2.000,0.0090,-0.320,nan,0.00,1,1,1,0,1,0.0000,0.583,0,0.208,1,0.660,0,0,yolo,107.3,yolo,0,0,0,0.000,0,-1,0
1785653994.740,-1.883,-2.113,0.562,0.9988,0,0.974,0.113,1.290,0.2734,9.553,-0.215,-0.680,1.000,-1.290,-2.856,-0.1297,0.0293,0.031,0.031,-1.274,1.063,2.130,-2.000,0.0090,-0.320,nan,0.00,1,1,1,0,1,0.0000,0.302,0,0.128,0,0.586,1,0,yolo,107.3,yolo,0,0,0,0.000,0,-1,0
1785653994.782,-1.997,-2.101,0.391,0.9987,0,1.989,0.101,1.280,0.2567,9.461,-0.211,-0.399,1.000,-1.280,-3.986,-0.0129,-2.0000,0.015,0.094,-1.243,1.078,2.200,-2.000,0.0091,-0.044,nan,0.00,1,1,1,1,1,0.0000,0.302,0,0.128,0,0.586,0,0,yolo,106.9,yolo,0,0,0,0.000,0,-1,0
1785653994.813,-1.997,-2.101,0.391,0.9987,0,0.940,0.101,1.280,0.2734,9.461,-0.211,-0.399,1.000,-1.280,-2.937,-0.0791,0.0000,0.015,0.015,-1.243,1.078,2.200,-2.000,0.0091,-0.044,nan,0.00,1,1,1,0,1,0.0000,0.403,0,0.128,1,0.589,0,0,yolo,106.9,yolo,0,0,0,0.000,0,-1,0
1785653994.849,-2.319,-2.090,0.211,0.9985,0,0.379,0.090,1.280,0.2771,9.461,-0.211,-0.399,1.000,-1.280,-2.698,-0.0960,0.0513,-0.002,-0.002,-1.192,1.094,2.200,-2.000,0.0091,-0.045,nan,0.00,1,1,1,0,1,0.0000,0.403,0,0.128,1,0.589,2,0,yolo,106.9,yolo,0,0,0,0.000,0,-1,0
1785653994.891,-2.347,-2.083,0.044,0.9985,0,0.108,0.083,1.195,0.2605,9.281,-0.194,-0.164,1.000,-1.195,-2.455,-0.1364,-2.0000,-0.024,0.016,-1.166,1.109,2.200,-2.000,0.0090,0.182,nan,0.00,1,1,1,1,1,0.0000,0.410,0,0.137,1,0.590,0,0,yolo,102.4,yolo,0,0,0,0.000,0,-1,0
1785653994.922,-2.347,-2.083,0.044,0.9985,0,0.218,0.083,1.195,0.2680,9.281,-0.194,-0.164,1.000,-1.195,-2.565,-0.0401,0.0000,-0.024,-0.024,-1.166,1.109,2.200,-2.000,0.0090,0.182,nan,0.00,1,1,1,0,1,0.0000,0.561,0,0.186,1,0.623,0,0,yolo,102.4,yolo,0,0,0,0.000,0,-1,0
1785653994.953,-2.382,-2.076,-0.111,0.9985,0,-0.131,0.076,1.195,0.2692,9.281,-0.194,-0.164,1.000,-1.195,-2.251,-0.0621,0.0274,-0.046,-0.046,-1.138,1.124,2.200,-2.000,0.0090,0.181,nan,0.00,1,1,1,0,1,0.0000,0.561,0,0.186,1,0.623,0,0,yolo,102.4,yolo,0,0,0,0.000,0,-1,0
1785653994.992,-2.382,-2.076,-0.111,0.9985,0,0.431,0.076,1.183,0.2526,9.418,-0.194,0.034,1.000,-1.183,-2.814,-0.0157,-1.5191,-0.046,-0.007,-1.138,1.124,2.066,-2.000,0.0090,0.384,nan,0.00,1,1,1,1,1,0.0000,0.464,0,0.205,0,0.725,0,0,yolo,106.3,yolo,0,0,0,0.000,0,-1,0
1785653995.042,-2.362,-2.071,-0.252,0.9985,0,-0.309,0.071,1.183,0.2624,9.418,-0.194,0.034,1.000,-1.183,-2.053,-0.0594,0.0113,-0.066,-0.066,-1.127,1.137,2.067,-2.000,0.0089,0.383,nan,0.00,1,1,1,0,1,0.0000,0.465,0,0.207,0,0.786,0,0,yolo,106.3,yolo,0,0,0,0.000,0,-1,0
1785653995.081,-2.426,-2.067,-0.385,0.9985,0,-1.809,0.067,0.959,0.2457,9.225,-0.154,0.182,1.000,-0.959,0.887,-0.5393,-2.0000,-0.084,-0.063,-1.098,1.149,1.929,-2.000,0.0089,0.521,nan,0.00,1,1,1,1,1,0.0000,0.465,0,0.207,0,0.786,0,0,yolo,107.8,yolo,0,0,0,0.000,0,-1,0
1785653995.112,-2.189,-2.063,-0.486,0.9986,0,-0.982,0.063,0.959,0.2592,9.225,-0.154,0.182,1.000,-0.959,-1.207,-0.0421,0.0361,-0.105,-0.105,-1.062,1.161,1.931,-2.000,0.0088,0.519,nan,0.00,1,1,1,0,1,0.0000,0.325,0,0.167,0,0.818,0,0,yolo,107.8,yolo,0,0,0,0.000,0,-1,0
1785653995.148,-2.189,-2.063,-0.486,0.9986,0,-0.982,0.063,0.959,0.2592,9.225,-0.154,0.182,1.000,-0.959,-1.207,-0.0421,0.0361,-0.105,-0.105,-1.062,1.161,1.931,-2.000,0.0088,0.519,nan,0.00,1,1,1,0,1,0.0000,0.430,0,0.162,1,0.819,1,0,yolo,107.8,yolo,0,0,0,0.000,0,-1,0
1785653995.178,-2.091,-2.058,-0.591,0.9987,0,-1.143,0.058,0.959,0.2613,9.225,-0.154,0.182,1.000,-0.959,-0.948,-0.0602,0.0841,-0.123,-0.123,-1.014,1.173,1.932,-2.000,0.0087,0.518,nan,0.00,1,1,1,0,1,0.0000,0.430,0,0.162,1,0.819,1,0,yolo,107.8,yolo,0,0,0,0.000,0,-1,0
1785653995.208,-1.956,-2.055,-0.692,0.9988,0,-2.643,0.055,0.534,0.2446,8.928,-0.083,0.406,1.000,-0.534,1.238,-0.3311,-1.0484,-0.139,-0.095,-0.966,1.184,1.722,-2.000,0.0086,0.728,nan,0.00,1,1,1,1,1,0.0000,0.422,0,0.153,1,0.802,2,0,yolo,110.5,yolo,0,0,0,0.000,0,-1,0
1785653995.234,-1.956,-2.055,-0.692,0.9988,0,-2.182,0.055,0.534,0.2510,8.928,-0.083,0.406,1.000,-0.534,0.226,-0.0439,0.0000,-0.139,-0.139,-0.966,1.184,1.722,-2.000,0.0086,0.728,nan,0.00,1,1,1,0,1,0.0000,0.420,0,0.150,1,0.803,0,0,yolo,110.5,yolo,0,0,0,0.000,0,-1,0
1785653995.271,-1.685,-2.050,-0.749,0.9989,0,-2.162,0.050,0.534,0.2537,8.928,-0.083,0.406,1.000,-0.534,0.477,-0.0611,0.0610,-0.157,-0.157,-0.905,1.195,1.723,-2.000,0.0085,0.727,nan,0.00,1,1,1,0,1,0.0000,0.522,0,0.147,2,0.808,0,0,yolo,110.5,yolo,0,0,0,0.000,0,-1,0
1785653995.304,-1.432,-2.045,-0.794,0.9991,0,-3.662,0.045,0.324,0.2370,8.519,-0.048,0.525,1.000,-0.324,6.272,-0.9381,-2.0000,-0.171,-0.237,-0.852,1.206,1.620,-2.000,0.0084,0.830,nan,0.00,1,1,1,1,1,0.0000,0.522,0,0.147,2,0.808,0,0,yolo,110.6,yolo,0,0,0,0.000,0,-1,0
1785653995.334,-1.432,-2.045,-0.794,0.9991,0,-2.162,0.045,0.324,0.2477,8.519,-0.048,0.525,1.000,-0.324,0.584,0.0661,0.0000,-0.171,-0.171,-0.852,1.206,1.620,-2.000,0.0083,0.830,nan,0.00,1,1,1,0,1,0.0000,0.521,0,0.146,2,0.813,0,0,yolo,110.6,yolo,0,0,0,0.000,0,-1,0
1785653995.372,-1.014,-2.040,-0.832,0.9992,0,-1.792,0.040,0.324,0.2501,8.519,-0.048,0.525,1.000,-0.324,0.778,0.0532,0.0564,-0.184,-0.184,-0.796,1.216,1.621,-2.000,0.0083,0.829,nan,0.00,1,1,1,0,1,0.0000,0.517,0,0.142,2,0.787,0,0,yolo,110.6,yolo,0,0,0,0.000,0,-1,0
1785653995.411,-0.840,-2.036,-0.860,0.9993,0,-3.292,0.036,0.125,0.2335,8.231,-0.018,0.632,1.000,-0.125,3.538,-0.2853,-0.9507,-0.191,-0.232,-0.732,1.226,1.526,-2.000,0.0082,0.924,nan,0.00,1,1,1,1,1,0.0000,0.517,0,0.142,2,0.787,0,0,yolo,107.0,yolo,0,0,0,0.000,0,-1,0
1785653995.441,-0.462,-2.032,-0.875,0.9993,0,-2.058,-0.383,0.125,0.2478,8.231,-0.018,0.632,1.000,-0.125,1.596,0.0334,0.0717,-0.199,-0.199,-0.661,1.236,1.527,-2.415,0.0081,0.923,nan,0.00,1,1,1,0,1,0.0000,0.402,0,0.128,1,0.773,0,0,yolo,107.0,yolo,0,0,0,0.000,0,-1,0
1785653995.479,-0.462,-2.032,-0.875,0.9993,0,-2.058,-0.468,0.125,0.2477,8.231,-0.018,0.632,1.000,-0.125,1.596,0.0334,0.0717,-0.199,-0.199,-0.661,1.236,1.527,-2.500,0.0080,0.923,nan,0.00,1,1,1,0,1,0.0000,0.401,0,0.126,1,0.743,0,0,yolo,107.0,yolo,0,0,0,0.000,0,-1,0
1785653995.510,-0.258,-2.074,-0.883,0.9993,0,-3.558,-0.102,-0.160,0.2310,8.080,0.023,0.744,1.000,0.160,4.421,-0.3017,-0.8423,-0.202,-0.236,-0.592,1.245,1.414,-2.175,0.0080,1.036,nan,0.00,1,1,1,1,1,0.0000,0.509,0,0.134,2,0.716,0,0,yolo,104.5,yolo,0,0,0,0.000,0,-1,0
1785653995.556,-0.051,-2.120,-0.895,0.9993,0,-2.444,0.005,-0.160,0.2439,8.080,0.023,0.744,1.000,0.160,2.393,0.0332,0.0677,-0.203,-0.203,-0.525,1.254,1.408,-2.115,0.0080,1.042,nan,0.00,1,1,1,0,1,0.0000,0.509,0,0.134,2,0.716,2,0,yolo,104.5,yolo,0,0,0,0.000,0,-1,0
1785653995.597,0.546,-2.126,-0.865,0.9993,0,-1.819,0.173,-0.160,0.2500,8.080,0.023,0.744,1.000,0.160,2.365,0.0350,0.2025,-0.201,-0.201,-0.390,1.272,1.407,-1.953,0.0080,1.043,nan,0.00,1,1,1,0,1,0.0000,0.316,0,0.152,0,0.687,0,0,yolo,104.5,yolo,0,0,0,0.000,0,-1,0
1785653995.629,0.546,-2.126,-0.865,0.9993,0,-3.319,0.257,-0.519,0.2333,7.823,0.071,0.833,1.000,0.519,6.640,-0.4904,-0.7956,-0.201,-0.263,-0.390,1.272,1.327,-1.869,0.0080,1.123,nan,0.00,1,1,1,1,1,0.0000,0.316,0,0.152,0,0.687,0,0,yolo,109.3,yolo,0,0,0,0.000,0,-1,0
1785653995.661,0.871,-2.102,-0.825,0.9992,0,-2.266,0.263,-0.519,0.2415,7.823,0.071,0.833,1.000,0.519,3.137,0.0658,0.0649,-0.197,-0.197,-0.325,1.281,1.330,-1.840,0.0080,1.120,nan,0.00,1,1,1,0,1,0.0000,0.422,0,0.152,1,0.681,0,0,yolo,109.3,yolo,0,0,0,0.000,0,-1,0
1785653995.697,1.108,-2.076,-0.767,0.9992,0,-1.920,0.267,-0.519,0.2449,7.823,0.071,0.833,1.000,0.519,3.027,0.0727,0.1378,-0.191,-0.191,-0.252,1.290,1.333,-1.809,0.0080,1.117,nan,0.00,1,1,1,0,1,0.0000,0.318,0,0.155,0,0.679,0,0,yolo,109.3,yolo,0,0,0,0.000,0,-1,0
1785653995.744,1.311,-2.050,-0.718,0.9991,0,-3.420,0.431,-0.869,0.2282,7.597,0.115,0.908,1.000,0.869,6.266,-0.2784,-0.3912,-0.182,-0.239,-0.180,1.299,1.268,-1.620,0.0080,1.182,nan,0.00,1,1,1,1,1,0.0000,0.318,0,0.155,0,0.679,1,0,yolo,108.3,yolo,0,0,0,0.000,0,-1,0
1785653995.785,1.707,-2.005,-0.634,0.9989,0,-2.050,0.396,-0.869,0.2404,7.597,0.115,0.908,1.000,0.869,3.757,0.0685,0.0769,-0.170,-0.170,-0.103,1.307,1.274,-1.609,0.0080,1.176,nan,0.00,1,1,1,0,1,0.0000,0.318,0,0.155,0,0.672,0,0,yolo,108.3,yolo,0,0,0,0.000,0,-1,0
1785653995.818,1.920,-1.965,-0.536,0.9989,0,-1.611,0.361,-0.869,0.2441,7.597,0.115,0.908,1.000,0.869,3.531,0.0824,0.1554,-0.157,-0.157,-0.025,1.316,1.278,-1.604,0.0080,1.172,nan,0.00,1,1,1,0,1,0.0000,0.324,0,0.165,0,0.657,0,0,yolo,108.3,yolo,0,0,0,0.000,0,-1,0
1785653995.855,1.920,-1.965,-0.536,0.9989,0,-3.111,0.405,-1.231,0.2274,7.337,0.158,0.970,1.000,1.231,8.179,-0.4637,-0.5392,-0.157,-0.238,-0.025,1.316,1.225,-1.560,0.0080,1.225,nan,0.00,1,1,1,1,1,0.0000,0.324,0,0.165,0,0.657,2,0,yolo,108.3,yolo,0,0,0,0.000,0,-1,0
1785653995.881,2.270,-1.927,-0.418,0.9987,0,-1.969,0.392,-1.231,0.2393,7.337,0.158,0.970,1.000,1.231,4.239,0.0971,0.0802,-0.141,-0.141,0.056,1.323,1.229,-1.534,0.0080,1.221,nan,0.00,1,1,1,0,1,0.0000,0.323,0,0.163,0,0.662,0,0,yolo,108.3,yolo,0,0,0,0.000,0,-1,0
1785653995.913,2.461,-1.893,-0.301,0.9985,0,-1.518,0.365,-1.231,0.2427,7.337,0.158,0.970,1.000,1.231,3.979,0.1127,0.1534,-0.125,-0.125,0.129,1.330,1.233,-1.528,0.0080,1.217,nan,0.00,1,1,1,0,1,0.0000,0.466,0,0.208,0,0.653,0,0,yolo,108.3,yolo,0,0,0,0.000,0,-1,0
1785653995.944,2.461,-1.893,-0.301,0.9985,0,-3.018,0.378,-1.454,0.2260,7.173,0.182,1.022,1.000,1.454,11.055,-0.8360,-1.4235,-0.125,-0.271,0.129,1.330,1.200,-1.516,0.0080,1.265,nan,0.00,1,1,1,1,1,0.0000,0.466,0,0.208,0,0.653,0,0,yolo,104.5,yolo,0,0,0,0.000,0,-1,0
1785653995.974,2.623,-1.860,-0.180,0.9984,0,-1.518,0.385,-1.454,0.2382,7.173,0.182,1.022,1.000,1.454,4.085,0.1645,0.0819,-0.106,-0.106,0.211,1.336,1.200,-1.475,0.0080,1.261,nan,0.00,1,1,1,0,1,0.0000,0.353,0,0.213,0,0.642,0,0,yolo,104.5,yolo,0,0,0,0.000,0,-1,0
1785653996.005,2.798,-1.823,-0.034,0.9983,0,-0.937,0.380,-1.454,0.2417,7.173,0.182,1.022,1.000,1.454,3.735,0.1851,0.1561,-0.086,-0.086,0.285,1.343,1.200,-1.444,0.0080,1.257,nan,0.00,1,1,1,0,1,0.0000,0.353,0,0.213,0,0.642,0,0,yolo,104.5,yolo,0,0,0,0.000,0,-1,0
1785653996.042,2.798,-1.823,-0.034,0.9983,0,-0.937,0.320,-1.454,0.2417,7.173,0.182,1.022,1.000,1.454,3.735,0.1851,0.1561,-0.086,-0.086,0.285,1.343,1.200,-1.504,0.0080,1.257,nan,0.00,1,1,1,0,1,0.0000,0.353,0,0.213,0,0.642,1,0,yolo,104.5,yolo,0,0,0,0.000,0,-1,0
1785653996.077,2.897,-1.790,0.112,0.9982,0,-2.437,0.322,-1.616,0.2264,6.981,0.197,1.058,1.000,1.616,6.840,-0.1187,-0.1659,-0.066,-0.179,0.353,1.349,1.200,-1.468,0.0080,1.285,nan,0.00,1,1,1,1,1,0.0000,0.351,0,0.211,0,0.651,0,0,yolo,106.7,yolo,0,0,0,0.000,0,-1,0
1785653996.114,3.172,-1.764,0.268,0.9980,0,-0.937,0.324,-1.616,0.2373,6.981,0.197,1.058,1.000,1.616,3.888,0.1364,0.0726,-0.043,-0.043,0.426,1.354,1.200,-1.441,0.0080,1.282,nan,0.00,1,1,1,0,1,0.0000,0.351,0,0.211,0,0.651,0,0,yolo,106.7,yolo,0,0,0,0.000,0,-1,0
1785653996.146,3.261,-1.737,0.434,0.9979,0,-0.226,0.318,-1.616,0.2408,6.981,0.197,1.058,1.000,1.616,3.488,0.1595,0.1479,-0.020,-0.020,0.501,1.360,1.200,-1.419,0.0080,1.279,nan,0.00,1,1,1,0,1,0.0000,0.219,0,0.172,0,0.762,0,0,yolo,106.7,yolo,0,0,0,0.000,0,-1,0
1785653996.183,3.283,-1.714,0.577,0.9979,0,-1.726,0.303,-1.734,0.2241,7.080,0.214,1.109,1.000,1.734,6.462,-0.1460,-0.5202,0.000,-0.115,0.568,1.364,1.200,-1.411,0.0080,1.331,nan,0.00,1,1,1,1,1,0.0000,0.217,0,0.167,0,0.817,0,0,yolo,114.7,yolo,0,0,0,0.000,0,-1,0
1785653996.229,3.483,-1.691,0.746,0.9977,0,-0.226,0.294,-1.734,0.2366,7.080,0.214,1.109,1.000,1.734,3.327,0.1405,0.0871,0.025,0.025,0.656,1.369,1.200,-1.397,0.0080,1.329,nan,0.00,1,1,1,0,1,0.0000,0.217,0,0.167,0,0.817,3,0,yolo,114.7,yolo,0,0,0,0.000,0,-1,0
1785653996.270,3.497,-1.669,0.920,0.9977,0,-1.726,0.283,-1.821,0.2199,7.075,0.225,1.139,1.000,1.821,5.820,-0.1070,-0.2758,0.049,-0.060,0.746,1.374,1.200,-1.386,0.0080,1.356,nan,0.00,1,1,1,1,1,0.0000,0.467,0,0.208,0,0.809,0,0,yolo,109.9,yolo,0,0,0,0.000,0,-1,0
1785653996.301,3.497,-1.669,0.920,0.9977,0,-0.226,0.230,-1.821,0.2318,7.075,0.225,1.139,1.000,1.821,3.414,0.1092,0.0000,0.049,0.049,0.746,1.374,1.200,-1.440,0.0080,1.356,nan,0.00,1,1,1,0,1,0.0000,0.321,0,0.159,0,0.827,0,0,yolo,109.9,yolo,0,0,0,0.000,0,-1,0
1785653996.338,3.674,-1.651,1.086,0.9975,0,0.693,0.233,-1.821,0.2485,7.075,0.225,1.139,1.000,1.821,2.981,0.1344,0.0877,0.074,0.074,0.834,1.379,1.200,-1.418,0.0080,1.355,nan,0.00,1,1,1,0,1,0.0000,0.321,0,0.159,0,0.827,1,0,yolo,109.9,yolo,0,0,0,0.000,0,-1,0
1785653996.364,3.584,-1.636,1.267,0.9976,0,0.987,0.240,-1.821,0.2651,7.075,0.225,1.139,1.000,1.821,2.597,0.1568,0.1787,0.096,0.096,0.925,1.383,1.200,-1.396,0.0080,1.353,nan,0.00,1,1,1,0,1,0.0000,0.321,0,0.161,0,0.824,0,0,yolo,109.9,yolo,0,0,0,0.000,0,-1,0
1785653996.402,3.476,-1.619,1.452,0.9978,0,-0.513,0.241,-1.779,0.2726,7.047,0.219,1.142,1.000,1.779,4.019,0.0390,0.0083,0.118,0.019,1.010,1.388,1.200,-1.378,0.0080,1.351,nan,0.00,1,1,1,1,1,0.0000,0.322,0,0.161,0,0.822,0,0,yolo,107.2,yolo,0,0,0,0.000,0,-1,0
1785653996.446,3.551,-1.603,1.626,0.9977,0,0.987,0.237,-1.779,0.2726,7.047,0.219,1.142,1.000,1.779,2.090,0.1236,0.0562,0.143,0.143,1.066,1.392,1.200,-1.366,0.0080,1.350,nan,0.00,1,1,1,0,1,0.0000,0.322,0,0.161,0,0.822,2,0,yolo,107.2,yolo,0,0,0,0.000,0,-1,0
1785653996.473,3.551,-1.603,1.626,0.9977,0,1.461,0.191,-1.779,0.2726,7.047,0.219,1.142,1.000,1.779,2.090,0.1236,0.0562,0.143,0.143,1.066,1.392,1.200,-1.412,0.0080,1.350,nan,0.00,1,1,1,0,1,0.0000,0.316,0,0.151,0,0.774,0,0,yolo,107.2,yolo,0,0,0,0.000,0,-1,0
1785653996.511,3.434,-1.591,1.800,0.9978,0,1.766,0.189,-1.460,0.2726,6.924,0.176,1.043,1.000,1.460,1.669,0.2887,0.7928,0.163,0.043,1.105,1.397,1.206,-1.402,0.0080,1.244,nan,0.00,1,1,1,1,1,0.0000,0.470,0,0.213,0,0.718,0,0,yolo,110.7,yolo,0,0,0,0.000,0,-1,0
1785653996.537,3.243,-1.578,1.949,0.9980,0,2.523,0.190,-1.460,0.2725,6.924,0.176,1.043,1.000,1.460,0.720,0.1374,-0.0064,0.181,0.181,1.098,1.401,1.208,-1.387,0.0080,1.242,nan,0.00,1,1,1,0,1,0.0000,0.470,0,0.213,0,0.718,0,0,yolo,110.7,yolo,0,0,0,0.000,0,-1,0
1785653996.565,3.243,-1.578,1.949,0.9980,0,2.523,0.151,-1.460,0.2725,6.924,0.176,1.043,1.000,1.460,0.720,0.1374,-0.0064,0.181,0.181,1.098,1.401,1.208,-1.426,0.0080,1.242,nan,0.00,1,1,1,0,1,0.0000,0.324,0,0.166,0,0.716,0,0,yolo,110.7,yolo,0,0,0,0.000,0,-1,0
1785653996.596,2.979,-1.565,2.079,0.9983,0,2.176,0.081,-1.377,0.2799,6.753,0.162,1.018,1.000,1.377,0.803,0.2952,0.9727,0.194,0.091,1.085,1.405,1.240,-1.484,0.0080,1.210,nan,0.00,1,1,1,1,1,0.0000,0.324,0,0.166,0,0.716,0,0,yolo,108.0,yolo,0,0,0,0.000,0,-1,0
1785653996.626,2.757,-1.563,2.213,0.9985,0,2.525,0.102,-1.377,0.2724,6.753,0.162,1.018,1.000,1.377,0.231,0.1155,-0.0187,0.207,0.207,1.066,1.409,1.241,-1.462,0.0080,1.209,nan,0.00,1,1,1,0,1,0.0000,0.458,0,0.198,0,0.713,0,0,yolo,108.0,yolo,0,0,0,0.000,0,-1,0
1785653996.658,2.757,-1.563,2.213,0.9985,0,2.525,0.066,-1.377,0.2724,6.753,0.162,1.018,1.000,1.377,0.231,0.1155,-0.0187,0.207,0.207,1.066,1.409,1.241,-1.497,0.0080,1.209,nan,0.00,1,1,1,0,1,0.0000,0.458,0,0.198,0,0.713,0,0,yolo,108.0,yolo,0,0,0,0.000,0,-1,0
1785653996.683,2.485,-1.557,2.345,0.9987,0,2.426,0.085,-1.377,0.2723,6.753,0.162,1.018,1.000,1.377,0.059,0.1252,-0.0384,0.217,0.217,1.046,1.413,1.242,-1.472,0.0080,1.208,nan,0.00,1,1,1,0,1,0.0000,0.459,0,0.198,0,0.695,0,0,yolo,108.0,yolo,0,0,0,0.000,0,-1,0
1785653996.705,2.252,-1.553,2.464,0.9989,0,2.323,0.097,-1.377,0.2723,6.753,0.162,1.018,1.000,1.377,-0.071,0.1326,-0.0556,0.224,0.224,1.029,1.417,1.243,-1.456,0.0080,1.207,nan,0.00,1,1,1,0,1,0.0000,0.459,0,0.198,0,0.695,0,0,yolo,108.0,yolo,0,0,0,0.000,0,-1,0
1785653996.739,2.252,-1.553,2.464,0.9989,0,1.458,-0.091,-1.156,0.2723,6.336,0.128,0.969,1.000,1.156,0.794,0.1461,0.3710,0.224,0.101,1.029,1.417,1.305,-1.644,0.0080,1.145,nan,0.00,1,1,1,1,1,0.0000,0.458,0,0.198,0,0.699,0,0,yolo,113.8,yolo,0,0,0,0.000,0,-1,0
1785653996.769,2.020,-1.547,2.589,0.9990,0,2.897,-0.073,-1.156,0.2722,6.336,0.128,0.969,1.000,1.156,-0.877,0.1293,-0.0171,0.230,0.230,1.012,1.420,1.306,-1.620,0.0080,1.144,nan,0.00,1,1,1,0,1,0.0000,0.458,0,0.198,0,0.699,0,0,yolo,113.8,yolo,0,0,0,0.000,0,-1,0
1785653996.805,1.707,-1.559,2.701,0.9992,0,2.647,-0.030,-1.156,0.2722,6.336,0.128,0.969,1.000,1.156,-0.941,0.1328,-0.0347,0.234,0.234,0.994,1.425,1.305,-1.589,0.0080,1.145,nan,0.00,1,1,1,0,1,0.0000,0.461,0,0.201,0,0.703,1,0,yolo,113.8,yolo,0,0,0,0.000,0,-1,0
1785653996.834,1.433,-1.564,2.804,0.9993,0,3.120,-0.190,-0.819,0.2734,6.236,0.089,0.899,1.000,0.819,-1.687,0.3676,0.7407,0.236,0.138,0.980,1.429,1.379,-1.754,0.0080,1.071,nan,0.00,1,1,1,1,1,0.0000,0.467,0,0.209,0,0.674,0,0,yolo,109.6,yolo,0,0,0,0.000,0,-1,0
1785653996.871,1.433,-1.564,2.804,0.9993,0,3.126,-0.227,-0.819,0.2722,6.236,0.089,0.899,1.000,0.819,-1.693,0.0982,0.0000,0.236,0.236,0.980,1.429,1.379,-1.791,0.0080,1.071,nan,0.00,1,1,1,0,1,0.0000,0.465,0,0.207,0,0.666,0,0,yolo,109.6,yolo,0,0,0,0.000,0,-1,0
1785653996.908,1.099,-1.586,2.885,0.9994,0,2.779,-0.166,-0.819,0.2721,6.236,0.089,0.899,1.000,0.819,-1.680,0.0975,-0.0154,0.235,0.235,0.964,1.433,1.377,-1.752,0.0080,1.073,nan,0.00,1,1,1,0,1,0.0000,0.465,0,0.207,0,0.666,0,0,yolo,109.6,yolo,0,0,0,0.000,0,-1,0
1785653996.936,0.791,-1.604,2.961,0.9995,0,4.279,-0.378,-0.276,0.2888,6.230,0.030,0.794,1.000,0.276,-6.992,0.8843,1.5697,0.233,0.236,0.947,1.438,1.482,-1.982,0.0079,0.968,nan,0.00,1,1,1,1,1,0.0000,0.585,0,0.210,1,0.676,0,0,yolo,106.6,yolo,0,0,0,0.000,0,-1,0
1785653996.980,0.324,-1.645,2.995,0.9996,0,2.779,-0.298,-0.276,0.2721,6.230,0.030,0.794,1.000,0.276,-2.361,-0.0112,-0.0224,0.225,0.225,0.924,1.443,1.478,-1.943,0.0078,0.972,nan,0.00,1,1,1,0,1,0.0000,0.586,0,0.211,1,0.668,0,0,yolo,106.6,yolo,0,0,0,0.000,0,-1,0
1785653997.019,0.057,-1.674,3.008,0.9996,0,2.309,-0.242,-0.276,0.2718,6.230,0.030,0.794,1.000,0.276,-2.252,-0.0170,-0.0440,0.220,0.220,0.903,1.448,1.475,-1.915,0.0077,0.975,nan,0.00,1,1,1,0,1,0.0000,0.821,0,0.212,3,0.712,0,0,yolo,106.6,yolo,0,0,0,0.000,0,-1,0
1785653997.045,0.057,-1.674,3.008,0.9996,0,3.809,-0.534,0.285,0.2885,5.747,-0.015,0.709,0.958,-0.150,-6.032,0.4276,0.9847,0.220,0.253,0.903,1.448,1.573,-2.207,0.0076,0.877,nan,0.00,1,1,1,1,1,0.0000,0.821,0,0.212,3,0.712,0,0,yolo,114.1,yolo,0,0,0,0.000,0,-1,0
1785653997.082,-0.177,-1.697,3.034,0.9996,0,3.028,-0.471,0.251,0.2718,5.747,-0.015,0.709,0.958,-0.150,-3.205,-0.0408,-0.0186,0.212,0.212,0.884,1.453,1.571,-2.168,0.0075,0.879,nan,0.00,1,1,1,0,1,0.0000,0.710,0,0.217,2,0.819,0,0,yolo,114.1,yolo,0,0,0,0.000,0,-1,0
1785653997.114,-0.536,-1.753,3.015,0.9995,0,2.458,-0.357,0.226,0.2716,5.747,-0.015,0.709,0.958,-0.150,-2.994,-0.0518,-0.0366,0.201,0.201,0.866,1.459,1.565,-2.111,0.0074,0.885,nan,0.00,1,1,1,0,1,0.0000,0.710,0,0.217,2,0.819,0,0,yolo,114.1,yolo,0,0,0,0.000,0,-1,0
1785653997.150,-0.802,-1.790,2.980,0.9994,0,1.982,-0.279,0.207,0.2715,5.747,-0.015,0.709,0.958,-0.150,-2.783,-0.0629,-0.0531,0.190,0.190,0.850,1.465,1.561,-2.069,0.0073,0.889,nan,0.00,1,1,1,0,1,0.0000,0.710,0,0.217,2,0.819,1,0,yolo,114.1,yolo,0,0,0,0.000,0,-1,0
1785653997.191,-1.066,-1.827,2.949,0.9993,0,3.482,-0.427,0.711,0.2763,5.430,-0.060,0.629,0.905,-0.635,-6.336,0.3451,0.6433,0.178,0.233,0.840,1.471,1.647,-2.254,0.0073,0.803,nan,0.00,1,1,1,1,1,0.0000,0.585,0,0.210,1,0.816,0,0,yolo,119.4,yolo,0,0,0,0.000,0,-1,0
1785653997.222,-1.070,-1.828,2.949,0.9993,0,2.658,-0.481,0.706,0.2714,5.430,-0.060,0.629,0.905,-0.635,-3.728,-0.0555,-0.0002,0.178,0.178,0.840,1.471,1.647,-2.309,0.0072,0.803,nan,0.00,1,1,1,0,1,0.0000,0.347,0,0.203,2,0.808,0,0,yolo,119.4,yolo,0,0,0,0.000,0,-1,0
1785653997.253,-1.394,-1.888,2.879,0.9992,0,2.043,-0.352,0.703,0.2713,5.430,-0.060,0.629,0.905,-0.635,-3.437,-0.0710,-0.0130,0.162,0.162,0.827,1.478,1.641,-2.240,0.0071,0.809,nan,0.00,1,1,1,0,1,0.0000,0.347,0,0.203,2,0.808,0,0,yolo,119.4,yolo,0,0,0,0.000,0,-1,0
1785653997.285,-1.394,-1.888,2.879,0.9992,0,3.543,-0.612,1.268,0.2817,5.114,-0.101,0.544,0.852,-1.129,-6.990,0.3304,0.7079,0.162,0.222,0.827,1.478,1.736,-2.500,0.0070,0.714,nan,0.00,1,1,1,1,1,0.0000,0.288,0,0.200,1,0.797,0,0,yolo,120.2,yolo,0,0,0,0.000,0,-1,0
1785653997.320,-1.615,-1.927,2.798,0.9990,0,2.578,-0.536,1.348,0.2712,5.114,-0.101,0.544,0.852,-1.129,-4.193,-0.0748,-0.0139,0.147,0.147,0.813,1.485,1.732,-2.463,0.0069,0.718,nan,0.00,1,1,1,0,1,0.0000,0.288,0,0.200,1,0.797,2,0,yolo,120.2,yolo,0,0,0,0.000,0,-1,0
1785653997.362,-2.020,-2.000,2.686,0.9988,0,1.817,-0.393,1.409,0.2545,5.114,-0.101,0.544,0.852,-1.129,-3.837,-0.0940,-0.0315,0.128,0.128,0.795,1.492,1.725,-2.394,0.0069,0.725,nan,0.00,1,1,1,0,1,0.0000,0.567,0,0.192,1,0.765,0,0,yolo,120.2,yolo,0,0,0,0.000,0,-1,0
1785653997.393,-2.264,-2.057,2.557,0.9986,0,1.251,-0.286,1.454,0.2471,5.114,-0.101,0.544,0.852,-1.129,-3.516,-0.1113,-0.0480,0.111,0.111,0.779,1.499,1.719,-2.343,0.0068,0.731,nan,0.00,1,1,1,0,1,0.0000,0.701,0,0.209,2,0.735,0,0,yolo,120.2,yolo,0,0,0,0.000,0,-1,0
1785653997.439,-2.504,-2.114,2.425,0.9984,0,2.751,-0.351,1.937,0.2637,4.854,-0.140,0.465,0.809,-1.648,-7.198,0.3297,0.6098,0.092,0.177,0.764,1.507,1.783,-2.466,0.0067,0.649,nan,0.00,1,1,1,1,1,0.0000,0.701,0,0.209,2,0.735,0,0,yolo,117.8,yolo,0,0,0,0.000,0,-1,0
1785653997.471,-2.830,-2.164,2.236,0.9981,0,1.251,-0.249,1.912,0.2521,4.854,-0.140,0.465,0.809,-1.648,-3.893,-0.1075,0.0137,0.070,0.070,0.777,1.515,1.778,-2.413,0.0067,0.654,nan,0.00,1,1,1,0,1,0.0000,0.821,0,0.211,3,0.706,0,0,yolo,117.8,yolo,0,0,0,0.000,0,-1,0
1785653997.501,-2.830,-2.164,2.236,0.9981,0,1.063,-0.322,1.893,0.2521,4.854,-0.140,0.465,0.809,-1.648,-3.893,-0.1075,0.0137,0.070,0.070,0.777,1.515,1.778,-2.487,0.0066,0.654,nan,0.00,1,1,1,0,1,0.0000,0.817,0,0.209,3,0.700,0,0,yolo,117.8,yolo,0,0,0,0.000,0,-1,0
1785653997.533,-2.942,-2.199,2.050,0.9979,0,2.563,-0.301,2.016,0.2687,4.913,-0.184,0.336,0.819,-2.142,-8.570,0.4237,1.2069,0.051,0.172,0.806,1.522,1.904,-2.500,0.0066,0.534,nan,0.00,1,1,1,1,1,0.0000,0.817,0,0.209,3,0.700,0,0,yolo,111.6,yolo,0,0,0,0.000,0,-1,0
1785653997.566,-3.045,-2.240,1.885,0.9978,0,1.226,-0.260,1.815,0.2711,4.913,-0.184,0.336,0.819,-2.142,-4.271,-0.1395,0.0393,0.032,0.032,0.845,1.530,1.900,-2.500,0.0065,0.537,nan,0.00,1,1,1,0,1,0.0000,0.712,0,0.218,2,0.704,0,0,yolo,111.6,yolo,0,0,0,0.000,0,-1,0
1785653997.597,-3.182,-2.278,1.712,0.9977,0,0.676,-0.222,1.663,0.2711,4.913,-0.184,0.336,0.819,-2.142,-3.858,-0.1620,0.0845,0.010,0.010,0.891,1.539,1.897,-2.500,0.0064,0.541,nan,0.00,1,1,1,0,1,0.0000,0.712,0,0.218,2,0.704,0,0,yolo,111.6,yolo,0,0,0,0.000,0,-1,0
1785653997.634,-3.182,-2.278,1.712,0.9977,0,2.176,-0.222,1.866,0.2836,4.619,-0.195,0.269,0.770,-2.418,-6.856,0.1668,0.5861,0.010,0.109,0.891,1.539,1.927,-2.500,0.0064,0.463,nan,0.00,1,1,1,1,1,0.0000,0.712,0,0.218,2,0.704,2,0,yolo,109.2,yolo,0,0,0,0.000,0,-1,0
1785653997.677,-3.503,-2.348,1.371,0.9973,0,0.676,-0.152,1.956,0.2711,4.619,-0.195,0.269,0.770,-2.418,-3.505,-0.1493,0.0351,-0.040,-0.040,0.926,1.557,1.921,-2.500,0.0064,0.470,nan,0.00,1,1,1,0,1,0.0000,0.840,0,0.225,3,0.683,0,0,yolo,109.2,yolo,0,0,0,0.000,0,-1,0
1785653997.709,-3.503,-2.348,1.371,0.9973,0,0.001,-0.152,2.024,0.2710,4.619,-0.195,0.269,0.770,-2.418,-3.505,-0.1493,0.0351,-0.040,-0.040,0.926,1.557,1.921,-2.500,0.0063,0.470,nan,0.00,1,1,1,0,1,0.0000,0.840,0,0.225,3,0.683,0,0,yolo,109.2,yolo,0,0,0,0.000,0,-1,0
1785653997.739,-3.466,-2.378,1.161,0.9973,0,1.501,-0.122,2.150,0.2877,4.398,-0.195,0.202,0.733,-2.542,-5.617,0.1432,1.1043,-0.062,0.030,0.924,1.567,1.951,-2.500,0.0063,0.396,nan,0.00,1,1,1,1,1,0.0000,0.835,0,0.221,3,0.681,0,0,yolo,114.7,yolo,0,0,0,0.000,0,-1,0
1785653997.770,-3.653,-2.406,0.948,0.9971,0,0.001,-0.094,2.223,0.2710,4.398,-0.195,0.202,0.733,-2.542,-2.957,-0.1188,-0.0202,-0.089,-0.089,0.904,1.576,1.949,-2.500,0.0062,0.399,nan,0.00,1,1,1,0,1,0.0000,0.835,0,0.221,3,0.681,0,0,yolo,114.7,yolo,0,0,0,0.000,0,-1,0
1785653997.803,-3.653,-2.406,0.948,0.9971,0,-0.696,-0.094,2.278,0.2710,4.398,-0.195,0.202,0.733,-2.542,-2.957,-0.1188,-0.0202,-0.089,-0.089,0.904,1.576,1.949,-2.500,0.0062,0.399,nan,0.00,1,1,1,0,1,0.0000,0.629,0,0.149,3,0.696,0,0,yolo,114.7,yolo,0,0,0,0.000,0,-1,0
1785653997.840,-3.536,-2.432,0.716,0.9972,0,-0.956,-0.068,2.320,0.2709,4.398,-0.195,0.202,0.733,-2.542,-2.580,-0.1398,-0.0418,-0.109,-0.109,0.883,1.586,1.948,-2.500,0.0061,0.400,nan,0.00,1,1,1,0,1,0.0000,0.797,0,0.194,3,0.673,0,0,yolo,114.7,yolo,0,0,0,0.000,0,-1,0
1785653997.884,-3.439,-2.453,0.498,0.9973,0,-0.662,-0.047,1.883,0.2876,4.070,-0.163,0.064,0.678,-2.287,-2.777,-0.0907,0.7630,-0.128,-0.056,0.865,1.596,2.014,-2.500,0.0061,0.248,nan,0.00,1,1,1,1,1,0.0000,0.797,0,0.194,3,0.673,1,0,yolo,119.6,yolo,0,0,0,0.000,0,-1,0
1785653997.912,-3.374,-2.469,0.320,0.9973,0,-1.896,-0.031,1.720,0.2709,4.070,-0.163,0.064,0.678,-2.287,-1.478,-0.0907,-0.0186,-0.146,-0.146,0.847,1.605,2.014,-2.500,0.0061,0.249,nan,0.00,1,1,1,0,1,0.0000,0.800,0,0.197,3,0.683,0,0,yolo,119.6,yolo,0,0,0,0.000,0,-1,0
1785653997.948,-3.156,-2.482,0.163,0.9975,0,-1.972,-0.018,1.597,0.2707,4.070,-0.163,0.064,0.678,-2.287,-1.184,-0.1073,-0.0368,-0.163,-0.163,0.828,1.614,2.014,-2.500,0.0061,0.249,nan,0.00,1,1,1,0,1,0.0000,0.528,0,0.153,2,0.798,0,0,yolo,119.6,yolo,0,0,0,0.000,0,-1,0
1785653997.975,-3.156,-2.482,0.163,0.9975,0,-2.782,-0.018,1.418,0.2874,3.883,-0.143,-0.004,0.647,-2.112,-0.374,-0.3564,2.0000,-0.163,-0.132,0.828,1.614,1.977,-2.500,0.0061,0.172,nan,0.00,1,1,1,1,1,0.0000,0.528,0,0.153,2,0.798,0,0,yolo,117.9,yolo,0,0,0,0.000,0,-1,0
1785653998.006,-2.847,-2.492,0.024,0.9978,0,-2.096,-0.008,1.420,0.2707,3.883,-0.143,-0.004,0.647,-2.112,-0.752,-0.0442,-0.0187,-0.176,-0.176,0.810,1.624,1.977,-2.500,0.0060,0.172,nan,0.00,1,1,1,0,1,0.0000,0.684,0,0.195,2,0.799,0,0,yolo,117.9,yolo,0,0,0,0.000,0,-1,0
1785653998.037,-2.847,-2.492,0.024,0.9978,0,-2.096,-0.008,1.421,0.2706,3.883,-0.143,-0.004,0.647,-2.112,-0.752,-0.0442,-0.0187,-0.176,-0.176,0.810,1.624,1.977,-2.500,0.0060,0.172,nan,0.00,1,1,1,0,1,0.0000,0.684,0,0.195,2,0.799,0,0,yolo,117.9,yolo,0,0,0,0.000,0,-1,0
1785653998.074,-2.633,-2.500,-0.111,0.9980,0,-2.107,-0.000,1.422,0.2637,3.883,-0.143,-0.004,0.647,-2.112,-0.525,-0.0571,-0.0372,-0.189,-0.189,0.791,1.633,1.977,-2.500,0.0060,0.171,nan,0.00,1,1,1,0,1,0.0000,0.794,0,0.192,3,0.778,1,0,yolo,117.9,yolo,0,0,0,0.000,0,-1,0
1785653998.117,-2.391,-2.506,-0.258,0.9982,0,-1.994,0.039,1.112,0.2804,3.684,-0.118,-0.071,0.614,-1.836,-0.397,-0.1329,0.5690,-0.200,-0.141,0.779,1.643,1.937,-2.467,0.0060,0.096,nan,0.00,1,1,1,1,1,0.0000,0.563,0,0.188,1,0.751,0,0,yolo,116.9,yolo,0,0,0,0.000,0,-1,0
1785653998.147,-2.182,-2.507,-0.366,0.9983,0,-2.572,0.078,1.056,0.2672,3.684,-0.118,-0.071,0.614,-1.836,0.390,-0.0687,-0.0083,-0.209,-0.209,0.771,1.652,1.937,-2.429,0.0060,0.095,nan,0.00,1,1,1,0,1,0.0000,0.400,0,0.125,1,0.721,0,0,yolo,116.9,yolo,0,0,0,0.000,0,-1,0
1785653998.183,-1.908,-2.502,-0.458,0.9985,0,-2.417,0.104,1.013,0.2669,3.684,-0.118,-0.071,0.614,-1.836,0.509,-0.0756,-0.0154,-0.216,-0.216,0.763,1.661,1.937,-2.399,0.0060,0.094,nan,0.00,1,1,1,0,1,0.0000,0.382,0,0.103,1,0.619,0,0,yolo,116.9,yolo,0,0,0,0.000,0,-1,0
1785653998.229,-1.660,-2.495,-0.552,0.9986,0,-3.299,0.286,0.490,0.2835,3.352,-0.060,-0.213,0.559,-1.029,1.638,-0.2360,0.7953,-0.221,-0.169,0.767,1.669,1.870,-2.209,0.0060,-0.065,nan,0.00,1,1,1,1,1,0.0000,0.382,0,0.103,1,0.619,2,0,yolo,121.2,yolo,0,0,0,0.000,0,-1,0
1785653998.257,-1.287,-2.464,-0.607,0.9988,0,-3.210,0.275,0.523,0.2722,3.352,-0.060,-0.213,0.559,-1.029,1.923,-0.0551,-0.0036,-0.224,-0.224,0.763,1.677,1.870,-2.190,0.0060,-0.067,nan,0.00,1,1,1,0,1,0.0000,0.379,0,0.099,1,0.585,0,0,yolo,121.2,yolo,0,0,0,0.000,0,-1,0
1785653998.287,-1.287,-2.464,-0.607,0.9988,0,-3.210,0.187,0.549,0.2722,3.352,-0.060,-0.213,0.559,-1.029,1.923,-0.0551,-0.0036,-0.224,-0.224,0.763,1.677,1.870,-2.278,0.0060,-0.067,nan,0.00,1,1,1,0,1,0.0000,0.251,0,0.043,1,0.561,0,0,yolo,121.2,yolo,0,0,0,0.000,0,-1,0
1785653998.318,-0.958,-2.448,-0.645,0.9989,0,-4.710,0.296,0.327,0.2888,3.178,-0.036,-0.274,0.530,-0.654,4.393,-0.6248,2.0000,-0.224,-0.252,0.748,1.685,1.836,-2.151,0.0060,-0.137,nan,0.00,1,1,1,1,1,0.0000,0.251,0,0.043,1,0.561,0,0,yolo,108.3,yolo,0,0,0,0.000,0,-1,0
1785653998.348,-0.467,-2.418,-0.682,0.9991,0,-3.210,0.290,0.334,0.2736,3.178,-0.036,-0.274,0.530,-0.654,2.187,0.0325,-0.0182,-0.219,-0.219,0.730,1.692,1.836,-2.128,0.0060,-0.139,nan,0.00,1,1,1,0,1,0.0000,0.248,0,0.038,1,0.536,0,0,yolo,108.3,yolo,0,0,0,0.000,0,-1,0
1785653998.379,-0.467,-2.418,-0.682,0.9991,0,-2.654,0.221,0.339,0.2736,3.178,-0.036,-0.274,0.530,-0.654,2.187,0.0325,-0.0182,-0.219,-0.219,0.730,1.692,1.836,-2.197,0.0060,-0.139,nan,0.00,1,1,1,0,1,0.0000,0.247,0,0.037,1,0.507,0,0,yolo,108.3,yolo,0,0,0,0.000,0,-1,0
1785653998.415,-0.151,-2.389,-0.712,0.9991,0,-2.246,0.241,0.343,0.2726,3.178,-0.036,-0.274,0.530,-0.654,2.095,0.0379,-0.0423,-0.214,-0.214,0.706,1.699,1.836,-2.148,0.0061,-0.141,nan,0.00,1,1,1,0,1,0.0000,0.247,0,0.037,1,0.494,0,0,yolo,108.3,yolo,0,0,0,0.000,0,-1,0
1785653998.445,0.118,-2.364,-0.740,0.9991,0,-2.941,0.341,-0.059,0.2893,2.990,-0.016,-0.331,0.498,-0.306,3.059,-0.1362,0.4990,-0.208,-0.217,0.680,1.706,1.798,-2.023,0.0061,-0.208,nan,0.00,1,1,1,1,1,0.0000,0.247,0,0.037,1,0.494,0,0,yolo,108.5,yolo,0,0,0,0.000,0,-1,0
1785653998.471,0.118,-2.364,-0.740,0.9991,0,-2.451,0.279,-0.216,0.2766,2.990,-0.016,-0.331,0.498,-0.306,2.569,0.0090,0.0000,-0.208,-0.208,0.680,1.706,1.798,-2.085,0.0061,-0.208,nan,0.00,1,1,1,0,1,0.0000,0.248,0,0.038,1,0.485,0,0,yolo,108.5,yolo,0,0,0,0.000,0,-1,0
1785653998.508,0.442,-2.328,-0.741,0.9991,0,-1.989,0.281,-0.333,0.2754,2.990,-0.016,-0.331,0.498,-0.306,2.431,0.0172,-0.0264,-0.199,-0.199,0.654,1.712,1.798,-2.047,0.0061,-0.210,nan,0.00,1,1,1,0,1,0.0000,0.248,0,0.038,1,0.485,1,0,yolo,108.5,yolo,0,0,0,0.000,0,-1,0
1785653998.535,0.651,-2.299,-0.700,0.9991,0,-1.656,0.283,-0.421,0.2745,2.990,-0.016,-0.331,0.498,-0.306,2.306,0.0246,-0.0494,-0.192,-0.192,0.631,1.718,1.798,-2.015,0.0061,-0.211,nan,0.00,1,1,1,0,1,0.0000,0.372,0,0.090,1,0.466,0,0,yolo,108.5,yolo,0,0,0,0.000,0,-1,0
1785653998.566,0.834,-2.268,-0.655,0.9991,0,-1.338,0.274,-0.487,0.2736,2.990,-0.016,-0.331,0.498,-0.306,2.172,0.0326,-0.0714,-0.184,-0.184,0.609,1.724,1.798,-1.994,0.0062,-0.213,nan,0.00,1,1,1,0,1,0.0000,0.373,0,0.091,1,0.457,0,0,yolo,108.5,yolo,0,0,0,0.000,0,-1,0
1785653998.598,0.834,-2.268,-0.655,0.9991,0,-1.338,0.217,-0.536,0.2736,2.990,-0.016,-0.331,0.498,-0.306,2.172,0.0326,-0.0714,-0.184,-0.184,0.609,1.724,1.798,-2.051,0.0062,-0.213,nan,0.00,1,1,1,0,1,0.0000,0.373,0,0.091,1,0.457,0,0,yolo,108.5,yolo,0,0,0,0.000,0,-1,0
1785653998.628,0.980,-2.246,-0.605,0.9991,0,-1.045,0.226,-0.573,0.2727,2.990,-0.016,-0.331,0.498,-0.306,2.025,0.0413,-0.0933,-0.175,-0.175,0.587,1.729,1.798,-2.021,0.0062,-0.214,nan,0.00,1,1,1,0,1,0.0000,0.374,0,0.093,1,0.448,0,0,yolo,108.5,yolo,0,0,0,0.000,0,-1,0
1785653998.666,0.980,-2.246,-0.605,0.9991,0,-1.045,0.180,-0.601,0.2727,2.990,-0.016,-0.331,0.498,-0.306,2.025,0.0413,-0.0933,-0.175,-0.175,0.587,1.729,1.798,-2.066,0.0062,-0.214,nan,0.00,1,1,1,0,1,0.0000,0.379,0,0.099,1,0.431,0,0,yolo,108.5,yolo,0,0,0,0.000,0,-1,0
1785653998.693,1.104,-2.221,-0.543,0.9991,0,-0.758,0.195,-0.622,0.2716,2.990,-0.016,-0.331,0.498,-0.306,1.862,0.0511,-0.1189,-0.165,-0.165,0.561,1.735,1.798,-2.025,0.0062,-0.215,nan,0.00,1,1,1,0,1,0.0000,0.381,0,0.102,1,0.423,0,0,yolo,108.5,yolo,0,0,0,0.000,0,-1,0
1785653998.722,1.190,-2.200,-0.480,0.9990,0,-0.515,0.202,-0.638,0.2709,2.990,-0.016,-0.331,0.498,-0.306,1.705,0.0604,-0.1358,-0.156,-0.156,0.544,1.740,1.798,-1.998,0.0063,-0.216,nan,0.00,1,1,1,0,1,0.0000,0.477,0,0.102,2,0.416,0,0,yolo,108.5,yolo,0,0,0,0.000,0,-1,0
1785653998.755,1.250,-2.179,-0.416,0.9990,0,-2.015,1.695,-2.138,0.2876,4.000,0.713,0.000,0.233,10.102,6.604,-0.0000,0.5299,-0.147,-0.147,0.530,1.744,1.200,-0.484,0.0063,-0.210,nan,0.00,0,1,0,1,1,0.0000,0.477,0,0.102,2,0.416,0,1,blueline,,BLUELINE,0,0,0,0.000,0,-1,0
1785653998.787,1.250,-2.179,-0.416,0.9990,0,-0.515,2.148,-0.638,0.3005,nan,nan,nan,0.000,0.000,1.175,0.0000,0.5299,-0.147,-0.147,0.530,1.744,1.000,-0.031,0.0063,-0.204,nan,0.00,0,0,0,0,1,0.0000,0.477,0,0.102,2,0.416,2,0,,,FLYING,0,0,0,0.000,0,-1,0
1785653998.821,1.350,-2.116,-0.336,0.9990,0,0.247,2.102,0.000,0.2996,nan,nan,nan,0.000,0.000,1.102,0.0000,0.5135,-0.138,-0.138,0.513,1.748,1.000,-0.014,0.0063,-0.197,nan,0.00,0,0,0,0,1,0.0000,0.483,0,0.108,2,0.398,0,0,,,FLYING,0,0,0,0.000,0,-1,0
1785653998.868,1.441,-1.909,-0.151,0.9991,0,0.389,1.867,0.000,0.2980,nan,nan,nan,0.000,0.000,1.052,0.0000,0.4821,-0.131,-0.131,0.482,1.749,1.000,-0.042,0.0063,-0.192,nan,0.00,0,0,0,0,1,0.0000,0.586,0,0.113,3,0.383,0,0,,,FLYING,0,0,0,0.000,0,-1,0
1785653998.916,1.411,-1.715,-0.203,0.9992,0,0.460,1.638,0.000,0.2951,nan,nan,nan,0.000,0.000,0.951,0.0000,0.4227,-0.119,-0.119,0.423,1.748,1.000,-0.077,0.0063,-0.186,nan,0.00,0,0,0,0,1,0.0000,0.588,0,0.115,3,0.373,0,0,,,FLYING,0,0,0,0.000,0,-1,0
1785653998.955,1.364,-1.529,-0.192,0.9994,0,0.501,1.406,0.000,0.2914,nan,nan,nan,0.000,0.000,0.863,0.0000,0.3464,-0.108,-0.108,0.346,1.746,1.000,-0.123,0.0063,-0.180,nan,0.00,0,0,0,0,1,0.0000,0.588,0,0.115,3,0.373,0,0,,,FLYING,0,0,0,0.000,0,-1,0
1785653998.995,1.317,-1.385,-0.179,0.9994,0,-0.647,0.720,-1.500,0.2880,4.000,0.176,0.000,0.233,2.523,1.964,-0.0000,0.2734,-0.099,-0.099,0.273,1.743,1.200,-0.665,0.0063,-0.175,nan,8.00,0,1,0,1,1,0.9778,0.800,1,0.251,3,0.248,0,1,track,,TRACK,0,0,0,0.000,0,-1,0
1785653999.034,1.400,-1.319,-0.056,0.9994,0,-0.520,0.618,-3.000,0.2846,4.000,0.176,0.000,0.233,2.523,1.920,0.0071,0.2027,-0.091,-0.091,0.203,1.740,1.200,-0.701,0.0063,-0.170,nan,8.00,0,1,0,0,1,0.9778,0.800,1,0.251,3,0.248,0,0,track,,TRACK,0,0,0,0.000,0,-1,0
1785653999.072,1.446,-1.256,0.264,0.9994,0,-2.020,0.520,-3.645,0.3010,4.806,4.173,-1.230,0.801,25.000,14.000,-0.0000,-0.0000,-0.090,-0.090,0.137,1.736,1.200,-0.736,0.0063,-1.018,nan,0.00,1,1,1,1,1,0.9206,0.800,1,0.273,3,0.254,1,1,yolo,116.5,yolo,0,0,0,0.000,0,-1,0
1785653999.114,1.691,-1.206,0.666,0.9993,0,-3.520,0.437,-5.145,0.3032,4.000,2.920,0.000,0.667,25.000,14.000,-0.0000,0.0697,-0.087,-0.087,0.070,1.732,1.200,-0.769,0.0063,-0.988,nan,8.00,1,1,0,1,1,0.7777,0.900,1,0.261,4,0.142,0,1,blueline,,BLUELINE,0,0,0,0.000,0,-1,0
1785653999.146,1.691,-1.206,0.666,0.9993,0,-5.020,0.466,-6.645,0.3023,4.000,2.920,0.000,0.667,25.000,14.000,0.0000,0.0697,-0.087,-0.087,0.070,1.732,1.200,-0.740,0.0063,-0.958,nan,8.00,1,1,0,0,1,0.7026,0.900,1,0.261,4,0.142,0,0,blueline,,BLUELINE,0,0,0,0.000,0,-1,0
1785653999.181,2.347,-1.174,1.457,0.9990,0,-3.520,0.385,-7.779,0.2981,4.000,0.546,0.000,0.233,7.779,4.973,-0.0000,-0.0075,-0.089,-0.089,-0.008,1.726,1.200,-0.789,0.0063,-0.930,nan,0.00,0,1,0,1,1,0.0000,0.805,0,0.200,3,0.152,0,1,track,,TRACK,0,0,0,0.000,0,-1,0
1785653999.222,2.694,-1.166,2.325,0.9987,0,-2.294,0.343,-7.779,0.2939,4.000,0.546,0.000,0.233,7.779,4.989,-0.0025,-0.0838,-0.091,-0.091,-0.084,1.721,1.200,-0.823,0.0063,-0.902,nan,0.00,0,1,0,0,1,0.0000,0.805,0,0.200,3,0.152,0,0,track,,TRACK,0,0,0,0.000,0,-1,0
1785653999.253,2.694,-1.166,2.325,0.9987,0,-3.794,-0.212,-8.513,0.2931,4.000,0.599,0.000,0.667,8.513,14.000,-0.0000,-0.0838,-0.091,-0.091,-0.084,1.721,1.437,-1.379,0.0063,-0.875,nan,0.00,1,1,0,1,1,0.0000,0.804,0,0.199,3,0.153,0,1,blueline,,BLUELINE,0,0,0,0.000,0,-1,0
1785653999.291,2.936,-1.164,3.172,0.9985,0,-2.294,0.340,-7.013,0.2887,4.000,0.438,0.000,0.233,6.254,4.093,-0.0000,-0.1664,-0.090,-0.090,-0.166,1.717,1.200,-0.824,0.0063,-0.848,nan,0.00,0,1,0,1,1,0.0000,0.804,0,0.199,3,0.153,2,1,track,,TRACK,0,0,0,0.000,0,-1,0
1785653999.331,3.224,-1.161,3.983,0.9982,0,-0.826,0.304,-8.513,0.2839,4.000,0.438,0.000,0.233,6.254,4.050,0.0071,-0.2569,-0.083,-0.083,-0.257,1.711,1.200,-0.856,0.0063,-0.823,nan,8.00,0,1,0,0,1,0.3446,0.800,1,0.277,3,0.111,0,0,track,,TRACK,0,0,0,0.000,0,-1,0
1785653999.361,3.224,-1.161,3.983,0.9982,0,-2.326,-0.559,-7.013,0.2832,4.000,0.211,0.000,0.667,3.012,6.204,-0.0000,-0.2569,-0.083,-0.083,-0.257,1.711,1.561,-1.720,0.0063,-0.798,nan,0.00,1,1,0,1,1,0.0000,0.781,0,0.183,3,0.195,0,1,blueline,,BLUELINE,0,0,0,0.000,0,-1,0
1785653999.392,3.286,-1.178,4.954,0.9981,0,-2.887,-0.625,-5.513,0.2792,4.000,0.211,0.000,0.667,3.012,6.173,0.0018,-0.3294,-0.081,-0.081,-0.329,1.707,1.581,-1.802,0.0063,-0.774,nan,0.00,1,1,0,0,1,0.0000,0.781,0,0.183,3,0.195,0,0,blueline,,BLUELINE,0,0,0,0.000,0,-1,0
1785653999.424,3.657,-1.296,5.555,0.9977,0,-1.387,-0.563,-4.013,0.2763,4.000,0.135,0.000,0.667,1.928,0.411,1.1361,-0.3809,-0.069,-0.069,-0.381,1.703,1.599,-1.860,0.0063,-0.751,nan,0.00,1,1,0,1,1,0.0000,0.597,0,0.123,3,0.372,0,0,blueline,,BLUELINE,0,0,0,0.000,0,0,0
1785653999.455,3.657,-1.296,5.555,0.9977,0,-0.541,-0.572,-2.513,0.2756,4.000,0.135,0.000,0.667,1.928,4.198,0.0000,-0.3809,-0.069,-0.069,-0.381,1.703,1.617,-1.869,0.0063,-0.728,nan,0.00,1,1,0,0,1,0.0000,0.597,0,0.123,3,0.372,0,0,blueline,,BLUELINE,0,0,0,0.000,0,0,0
1785653999.487,3.680,-1.375,5.752,0.9977,0,-2.041,0.548,-4.013,0.2733,4.000,0.443,0.000,0.233,6.326,8.772,-4.1888,-0.4172,-0.039,-0.039,-0.417,1.701,1.200,-0.826,0.0063,-0.707,nan,0.00,0,1,0,1,1,0.0000,0.251,0,0.127,2,0.384,0,0,blueline,,BLUELINE,0,0,0,0.000,0,0,0
1785653999.533,3.964,-1.318,6.224,0.9973,0,-3.541,0.499,-5.513,0.2718,4.000,0.733,0.000,0.233,10.388,11.036,-4.1888,-0.4382,-0.018,-0.018,-0.438,1.700,1.200,-0.820,0.0063,-0.685,nan,0.00,0,1,0,1,1,0.0000,0.499,0,0.124,2,0.394,0,0,blueline,,BLUELINE,0,0,0,0.000,0,0,0
1785653999.564,3.964,-1.318,6.224,0.9973,0,-5.041,-0.103,-7.013,0.2712,4.000,0.822,0.000,0.667,11.617,14.000,-2.5731,-0.4382,-0.018,-0.018,-0.438,1.700,1.449,-1.421,0.0063,-0.665,nan,0.00,1,1,0,1,1,0.0000,0.500,0,0.125,2,0.395,0,0,blueline,,BLUELINE,0,0,0,0.000,0,-1,0
1785653999.596,4.721,-1.425,7.289,0.9963,0,-6.541,-0.024,-8.513,0.2703,4.000,0.822,0.000,0.667,11.617,14.000,0.0140,-0.4518,-0.005,-0.005,-0.452,1.698,1.457,-1.448,0.0063,-0.645,nan,0.00,1,1,0,0,1,0.0000,0.500,0,0.125,2,0.395,0,0,blueline,,BLUELINE,0,0,0,0.000,0,-1,0
1785653999.635,4.721,-1.425,7.289,0.9963,0,-8.041,0.635,-10.013,0.2869,11.823,5.448,-2.392,1.000,24.739,14.000,-0.0000,-0.0000,-0.005,-0.005,-0.452,1.698,1.200,-0.789,0.0063,-1.641,nan,0.00,1,1,1,1,1,0.0000,0.500,0,0.125,2,0.395,2,1,yolo,136.2,yolo,0,0,0,0.000,0,-1,0
1785653999.676,5.944,-1.455,8.782,0.9943,0,-8.056,0.673,-11.513,0.3036,11.823,5.448,-2.392,1.000,24.739,14.000,0.0137,-0.0180,0.009,0.009,-0.470,1.698,1.200,-0.782,0.0063,-1.514,nan,0.00,1,1,1,0,1,0.0000,0.403,0,0.128,1,0.389,0,0,yolo,136.2,yolo,0,0,0,0.000,0,-1,0
1785653999.712,7.053,-1.537,10.322,0.9921,0,-6.947,0.772,-12.000,0.3120,11.823,5.448,-2.392,1.000,24.739,14.000,0.0344,-0.0524,0.030,0.030,-0.504,1.699,1.200,-0.765,0.0063,-1.387,nan,0.00,1,1,1,0,1,0.0000,0.251,0,0.127,2,0.386,0,0,yolo,136.2,yolo,1,1,0,0.000,0,-1,0
1785653999.754,7.053,-1.537,10.322,0.9921,0,-6.947,0.776,-12.000,0.3120,11.823,5.448,-2.392,1.000,24.739,14.000,0.0344,-0.0524,0.030,0.030,-0.504,1.699,1.200,-0.761,0.0063,-1.387,nan,0.00,1,1,1,0,1,0.0000,0.502,0,0.127,2,0.386,0,0,yolo,136.2,yolo,1,1,0,0.000,0,-1,0
1785653999.784,7.986,-1.631,11.863,0.9899,0,-6.014,0.902,-12.000,0.2953,11.811,5.308,-2.401,1.000,24.201,14.000,0.6658,-0.5055,0.060,0.093,-0.562,1.701,1.200,-0.729,0.0063,-1.303,nan,0.00,1,1,1,1,1,0.0000,0.515,0,0.140,2,0.397,0,0,yolo,130.2,yolo,1,1,0,0.000,0,-1,0
1785653999.820,8.642,-1.712,13.142,0.9882,0,-5.358,1.022,-12.000,0.3069,11.811,5.308,-2.401,1.000,24.201,14.000,-0.0015,-0.0817,0.091,0.091,-0.644,1.704,1.200,-0.690,0.0063,-1.222,nan,0.00,1,1,1,0,1,0.0000,0.515,0,0.140,2,0.397,0,0,yolo,130.2,yolo,1,1,0,0.000,0,-1,0
1785653999.856,8.642,-1.712,13.142,0.9882,0,-5.358,1.007,-12.000,0.3069,11.811,5.308,-2.401,1.000,24.201,14.000,-0.0015,-0.0817,0.091,0.091,-0.644,1.704,1.200,-0.705,0.0063,-1.222,nan,0.00,1,1,1,0,1,0.0000,0.630,0,0.150,3,0.408,0,0,yolo,130.2,yolo,1,1,0,0.000,0,-1,0
1785653999.895,9.283,-1.800,14.532,0.9864,0,-4.717,1.157,-12.000,0.3004,11.811,5.308,-2.401,1.000,24.201,14.000,0.0375,-0.1814,0.130,0.130,-0.744,1.710,1.200,-0.643,0.0063,-1.141,nan,0.00,1,1,1,0,1,0.0000,0.630,0,0.150,3,0.408,0,0,yolo,130.2,yolo,1,1,0,0.000,0,-1,0
1785653999.941,9.778,-1.875,15.773,0.9849,0,-4.222,1.298,-12.000,0.3171,11.806,5.005,-2.444,1.000,22.973,14.000,1.8968,0.2258,0.168,0.457,-0.831,1.717,1.200,-0.577,0.0063,-1.171,nan,0.00,1,1,1,1,1,0.0000,0.615,0,0.137,3,0.424,0,0,yolo,143.7,yolo,1,1,0,0.000,0,-1,0
1785653999.972,10.258,-1.950,17.114,0.9834,0,-3.742,1.455,-12.000,0.3043,11.806,5.005,-2.444,1.000,22.973,14.000,-0.2447,-0.0958,0.212,0.212,-0.927,1.726,1.200,-0.495,0.0063,-1.111,nan,0.00,1,1,1,0,1,1.1585,0.450,1,0.305,4,0.504,0,0,yolo,143.7,yolo,1,1,0,0.000,0,-1,0
1785654000.003,10.258,-1.950,17.114,0.9834,0,-3.742,1.398,-12.000,0.3043,11.806,5.005,-2.444,1.000,22.973,14.000,-0.2447,-0.0958,0.212,0.212,-0.927,1.726,1.200,-0.552,0.0063,-1.111,nan,0.00,1,1,1,0,1,1.1566,0.450,1,0.305,4,0.511,0,0,yolo,143.7,yolo,1,1,0,0.000,0,-1,0
1785654000.036,10.713,-2.032,18.389,0.9820,0,-3.287,1.585,-12.000,0.2987,11.806,5.005,-2.444,1.000,22.973,14.000,-0.2011,-0.1890,0.256,0.256,-1.020,1.737,1.200,-0.446,0.0063,-1.052,nan,0.00,1,1,1,0,1,1.1566,0.450,1,0.305,4,0.511,0,0,yolo,143.7,yolo,1,1,0,0.000,0,-1,0
1785654000.074,11.076,-2.095,19.749,0.9807,0,-2.924,1.770,-12.000,0.3154,12.860,4.460,-2.792,1.000,19.128,14.000,4.3153,1.7986,0.305,0.796,-1.115,1.751,1.200,-0.325,0.0063,-1.411,nan,0.00,1,1,1,1,1,1.1551,0.450,1,0.305,4,0.511,3,0,yolo,147.4,yolo,1,1,0,0.000,0,-1,0
1785654000.113,11.387,-2.139,21.070,0.9796,0,-2.613,1.934,-12.000,0.2987,12.860,4.460,-2.792,1.000,19.128,14.000,-0.4404,-0.0977,0.355,0.355,-1.213,1.766,1.200,-0.205,0.0063,-1.375,nan,0.00,1,1,1,0,1,0.0000,1.000,0,0.304,5,0.606,0,0,yolo,147.4,yolo,1,1,0,0.000,0,-1,0
1785654000.143,11.387,-2.139,21.070,0.9796,0,-2.613,1.821,-12.000,0.2820,12.860,4.460,-2.792,1.000,19.128,14.000,-0.4404,-0.0977,0.355,0.355,-1.213,1.766,1.200,-0.319,0.0063,-1.375,nan,0.00,1,1,1,0,1,0.0000,1.000,0,0.304,5,0.606,0,0,yolo,147.4,yolo,1,1,0,0.000,0,-1,0
1785654000.175,11.669,-2.193,22.463,0.9786,0,-2.331,2.042,-12.000,0.2762,12.860,4.460,-2.792,1.000,19.128,14.000,-0.3856,-0.1682,0.410,0.410,-1.283,1.785,1.200,-0.151,0.0063,-1.338,nan,0.00,1,1,1,0,1,0.0000,1.000,0,0.301,5,0.767,0,0,yolo,147.4,yolo,1,1,0,0.000,0,-1,0
1785654000.207,11.669,-2.193,22.463,0.9786,0,-2.331,1.926,-12.000,0.2762,12.860,4.460,-2.792,1.000,19.128,14.000,-0.3856,-0.1682,0.410,0.410,-1.283,1.785,1.200,-0.267,0.0063,-1.338,nan,0.00,1,1,1,0,1,0.0000,1.000,0,0.301,5,0.767,0,0,yolo,147.4,yolo,1,1,0,0.000,0,-1,0
1785654000.249,11.913,-2.222,23.857,0.9777,0,-0.831,2.150,-12.000,0.2764,13.614,3.769,-2.999,1.000,15.473,3.043,6.5127,2.0000,0.467,0.522,-1.316,1.806,1.200,-0.072,0.0063,-1.628,nan,0.00,1,1,1,1,1,0.9770,0.450,1,0.300,4,0.792,0,0,yolo,161.2,yolo,1,1,0,0.000,0,-1,0
1785654000.275,11.952,-2.243,25.240,0.9776,0,-2.048,2.346,-12.000,0.2765,13.614,3.769,-2.999,1.000,15.473,14.000,0.0051,-0.0109,0.527,0.527,-1.327,1.828,1.200,0.103,0.0063,-1.620,nan,0.00,1,1,1,0,1,0.9770,0.450,1,0.300,4,0.792,0,0,yolo,161.2,yolo,1,1,0,0.000,0,-1,0
1785654000.299,11.952,-2.243,25.240,0.9776,0,-2.048,2.186,-13.500,0.2765,13.614,3.769,-2.999,1.000,15.473,14.000,0.0051,-0.0109,0.527,0.527,-1.327,1.828,1.200,-0.057,0.0063,-1.620,nan,8.00,1,1,1,0,1,0.9770,0.900,1,0.300,4,0.792,0,0,yolo,161.2,yolo,1,1,0,0.000,0,-1,0
1785654000.341,12.167,-2.300,26.734,0.9767,0,-1.833,2.461,-15.000,0.2767,13.614,3.769,-2.999,1.000,15.473,14.000,0.0523,-0.0107,0.574,0.574,-1.327,1.853,1.200,0.161,0.0063,-1.590,nan,8.00,1,1,1,0,1,0.9110,0.700,1,0.305,2,0.774,0,0,yolo,161.2,yolo,1,1,0,0.000,0,-1,0
1785654000.375,12.321,-2.371,28.506,0.9761,0,-1.679,2.779,-16.500,0.2769,13.614,3.769,-2.999,1.000,15.473,14.000,0.0972,0.0106,0.619,0.619,-1.306,1.884,1.200,0.408,0.0063,-1.561,nan,8.00,1,1,1,0,1,0.9110,0.700,1,0.305,2,0.774,1,0,yolo,161.2,yolo,1,1,0,0.000,0,-1,0
1785654000.405,12.321,-2.371,28.506,0.9761,0,-0.179,2.569,-15.000,0.2769,13.304,2.708,-2.896,1.000,11.506,-14.000,9.2117,1.3830,0.619,0.899,-1.306,1.884,1.200,0.198,0.0063,-1.700,nan,0.00,1,1,1,1,1,0.0000,0.727,0,0.231,2,0.768,0,0,yolo,159.2,yolo,1,1,0,0.000,0,-1,0
1785654000.440,12.455,-2.444,30.491,0.9756,0,-1.545,2.968,-13.500,0.2770,13.304,2.708,-2.896,1.000,11.506,14.000,-0.2391,0.0127,0.660,0.660,-1.293,1.919,1.200,0.524,0.0063,-1.675,nan,0.00,1,1,1,0,1,0.0000,0.719,0,0.224,2,0.759,0,0,yolo,159.2,yolo,1,1,0,0.000,0,-1,0
1785654000.471,12.588,-2.404,32.035,0.9751,0,-1.412,3.134,-12.000,0.2772,13.304,2.708,-2.896,1.000,11.506,14.000,-0.1837,0.0131,0.715,0.715,-1.293,1.951,1.200,0.731,0.0063,-1.677,nan,0.00,1,1,1,0,1,0.0000,0.719,0,0.224,2,0.759,0,0,yolo,159.2,yolo,1,1,0,0.000,0,-1,0
1785654000.510,12.588,-2.404,32.035,0.9751,0,-1.412,2.878,-11.506,0.2772,13.304,2.708,-2.896,1.000,11.506,14.000,-0.1837,0.0131,0.715,0.715,-1.293,1.951,1.200,0.475,0.0063,-1.677,nan,0.00,1,1,1,0,1,0.0000,0.709,0,0.216,2,0.740,0,0,yolo,159.2,yolo,1,1,0,0.000,0,-1,0
1785654000.554,12.709,-2.307,33.341,0.9747,0,0.088,2.994,-13.006,0.2773,14.647,2.406,-3.157,1.000,9.327,0.498,3.3420,1.6941,0.776,1.063,-1.298,1.980,1.200,0.687,0.0063,-1.959,nan,8.00,1,1,1,1,1,1.1183,0.700,1,0.278,2,0.733,0,0,yolo,148.4,yolo,1,1,0,0.000,0,-1,0
1785654000.596,12.670,-2.264,34.725,0.9749,0,-1.330,3.132,-11.506,0.2772,14.647,2.406,-3.157,1.000,9.327,14.000,-0.2293,-0.0073,0.833,0.833,-1.305,2.011,1.200,0.868,0.0063,-1.972,nan,0.00,1,1,1,0,1,0.0000,0.696,0,0.205,2,0.745,0,0,yolo,148.4,yolo,1,1,0,0.000,0,-1,0
1785654000.623,12.800,-2.180,36.028,0.9744,0,-1.200,3.196,-10.006,0.2774,14.647,2.406,-3.157,1.000,9.327,14.000,-0.1738,-0.0150,0.889,0.889,-1.313,2.041,1.200,1.016,0.0063,-1.987,nan,0.00,1,1,1,0,1,0.0000,0.701,0,0.209,2,0.757,0,0,yolo,148.4,yolo,1,1,0,0.000,0,-1,0
1785654000.658,12.800,-2.180,36.028,0.9744,0,-1.200,2.922,-9.327,0.2774,14.647,2.406,-3.157,1.000,9.327,14.000,-0.1738,-0.0150,0.889,0.889,-1.313,2.041,1.200,0.742,0.0063,-1.987,nan,0.00,1,1,1,0,1,0.0000,0.701,0,0.209,2,0.757,0,0,yolo,148.4,yolo,1,1,0,0.000,0,-1,0
1785654000.697,12.908,-2.025,37.187,0.9741,0,0.300,2.956,-7.827,0.2774,13.882,1.601,-2.746,1.000,6.578,-14.000,4.9960,-1.1944,0.961,1.103,-1.321,2.069,1.200,0.932,0.0063,-1.828,nan,0.00,1,1,1,1,1,0.0000,0.701,0,0.209,2,0.757,1,0,yolo,145.7,yolo,1,1,0,0.000,0,-1,0
1785654000.741,12.823,-1.853,38.108,0.9746,0,1.800,2.872,-6.578,0.2773,13.882,1.601,-2.746,1.000,6.578,10.319,-0.0575,-0.0084,1.045,1.045,-1.329,2.093,1.200,1.018,0.0063,-1.873,nan,0.00,1,1,1,0,1,0.0000,0.709,0,0.216,2,0.747,2,0,yolo,145.7,yolo,1,1,0,0.000,0,-1,0
1785654000.768,12.585,-1.670,38.836,0.9756,0,3.208,2.706,-6.578,0.2770,13.882,1.601,-2.746,1.000,6.578,9.377,0.0269,-0.0165,1.129,1.129,-1.338,2.112,1.200,1.036,0.0063,-1.926,nan,0.00,1,1,1,0,1,0.0000,0.706,0,0.213,2,0.736,0,0,yolo,145.7,yolo,1,1,0,0.000,0,-1,0
1785654000.799,12.585,-1.670,38.836,0.9756,0,3.208,2.480,-6.578,0.2770,13.882,1.601,-2.746,1.000,6.578,9.377,0.0269,-0.0165,1.129,1.129,-1.338,2.112,1.200,0.809,0.0063,-1.926,nan,0.00,1,1,1,0,1,0.0000,0.706,0,0.213,2,0.764,0,0,yolo,145.7,yolo,1,1,0,0.000,0,-1,0
1785654000.835,12.206,-1.540,39.535,0.9770,0,4.708,2.417,-5.078,0.2766,13.167,0.508,-2.294,1.000,2.210,-14.000,6.0230,-0.8742,1.211,1.530,-1.346,2.129,1.200,0.877,0.0063,-1.780,nan,0.00,1,1,1,1,1,0.0000,0.296,0,0.218,1,0.800,0,0,yolo,146.1,yolo,1,1,0,0.000,0,-1,0
1785654000.878,11.689,-1.388,40.087,0.9790,0,6.208,2.278,-3.578,0.2761,13.167,0.508,-2.294,1.000,2.210,-1.726,-0.2370,-0.0080,1.293,1.293,-1.354,2.143,1.200,0.890,0.0063,-1.824,nan,0.00,1,1,1,0,1,0.0000,0.231,0,0.203,0,0.820,0,0,yolo,146.1,yolo,1,1,0,0.000,0,-1,0
1785654000.908,10.992,-1.203,40.459,0.9814,0,7.708,2.044,-2.210,0.2754,13.167,0.508,-2.294,1.000,2.210,-2.772,-0.1462,-0.0163,1.384,1.384,-1.362,2.151,1.200,0.842,0.0063,-1.878,nan,0.00,1,1,1,0,1,0.0000,0.231,0,0.203,0,0.820,0,0,yolo,146.1,yolo,1,1,0,0.000,0,-1,0
1785654000.944,10.992,-1.203,40.459,0.9814,0,9.208,1.905,-2.210,0.2754,13.167,0.508,-2.294,1.000,2.210,-2.772,-0.1462,-0.0163,1.384,1.384,-1.362,2.151,1.200,0.702,0.0063,-1.878,nan,0.00,1,1,1,0,1,0.0000,0.231,0,0.203,0,0.820,1,0,yolo,146.1,yolo,1,1,0,0.000,0,-1,0
1785654000.971,10.216,-1.034,40.686,0.9840,0,10.708,1.689,-0.710,0.2656,12.756,-0.308,-1.907,1.000,-1.383,-14.000,5.9990,-1.3314,1.468,2.116,-1.369,2.155,1.200,0.655,0.0063,-1.701,nan,0.00,1,1,1,1,1,0.0000,0.287,0,0.199,1,0.831,0,0,yolo,150.7,yolo,1,1,0,0.000,0,-1,0
1785654001.002,9.030,-0.865,40.780,0.9875,0,12.208,1.415,0.790,0.2737,12.756,-0.308,-1.907,1.000,-1.383,-11.199,-0.5511,0.0008,1.564,1.564,-1.368,2.153,1.200,0.550,0.0063,-1.739,nan,0.00,1,1,1,0,1,0.0000,0.574,0,0.199,1,0.831,0,0,yolo,150.7,yolo,1,1,0,0.000,0,-1,0
1785654001.034,7.621,-0.687,40.705,0.9911,0,13.708,1.070,1.383,0.2727,12.756,-0.308,-1.907,1.000,-1.383,-12.363,-0.4513,0.0023,1.664,1.664,-1.367,2.144,1.200,0.383,0.0063,-1.778,nan,0.00,1,1,1,0,1,0.0000,0.159,0,0.154,0,0.864,0,0,yolo,150.7,yolo,1,1,0,0.000,0,-1,0
1785654001.061,7.621,-0.687,40.705,0.9911,0,15.208,1.064,1.383,0.2727,12.756,-0.308,-1.907,1.000,-1.383,-12.363,-0.4513,0.0023,1.664,1.664,-1.367,2.144,1.200,0.376,0.0063,-1.778,nan,0.00,1,1,1,0,1,0.0000,0.159,0,0.154,0,0.864,0,0,yolo,150.7,yolo,1,1,0,0.000,0,-1,0
1785654001.103,6.009,-0.557,40.576,0.9945,0,16.708,0.775,1.383,0.2718,12.756,-0.308,-1.907,1.000,-1.383,-13.381,-0.3640,0.0035,1.751,1.751,-1.366,2.133,1.200,0.218,0.0063,-1.805,nan,0.00,1,1,1,0,1,0.0000,0.317,0,0.154,0,0.864,2,0,yolo,150.7,yolo,1,1,0,0.000,0,-1,0
1785654001.131,4.227,-0.458,40.449,0.9972,0,18.208,0.536,2.883,0.2551,12.409,-1.024,-1.532,1.000,-4.715,-14.000,4.3302,-1.8045,1.827,2.500,-1.364,2.120,1.200,0.078,0.0063,-1.504,nan,0.00,1,1,1,1,1,0.0000,0.428,0,0.159,1,0.873,0,0,yolo,153.5,yolo,1,1,0,0.000,0,-1,0
1785654001.180,2.281,-0.389,40.199,0.9992,0,16.708,0.289,4.383,0.2705,12.409,-1.024,-1.532,1.000,-4.715,-14.000,-0.6059,0.0167,1.894,1.894,-1.347,2.101,1.200,-0.100,0.0063,-1.487,nan,0.00,1,1,1,0,1,0.0000,0.428,0,0.159,1,0.873,3,0,yolo,153.5,yolo,1,1,0,0.000,0,-1,0
1785654001.220,0.626,-0.347,39.794,0.9999,0,15.208,0.037,4.715,0.2703,12.409,-1.024,-1.532,1.000,-4.715,-14.000,-0.5563,0.0271,1.944,1.944,-1.337,2.077,1.200,-0.310,0.0063,-1.468,nan,0.00,1,1,1,0,1,0.0000,0.268,0,0.161,2,0.893,0,0,yolo,153.5,yolo,1,1,0,0.000,0,-1,0
1785654001.257,-0.940,-0.339,39.328,0.9998,0,13.708,-0.178,4.715,0.2703,12.409,-1.024,-1.532,1.000,-4.715,-14.000,-0.5210,0.0390,1.979,1.979,-1.325,2.051,1.200,-0.517,0.0063,-1.442,nan,0.00,1,1,1,0,1,0.0000,0.268,0,0.161,2,0.893,3,0,yolo,153.5,yolo,1,1,0,0.000,0,-1,0
1785654001.297,-2.407,-0.365,38.882,0.9991,0,12.208,-0.922,6.215,0.2536,11.995,-1.613,-1.114,1.000,-7.658,-14.000,3.0807,-2.0000,1.998,2.524,-1.311,2.024,1.443,-1.287,0.0064,-0.968,nan,0.00,1,1,1,1,1,0.0000,0.270,0,0.164,2,0.870,0,0,yolo,137.5,yolo,1,1,0,0.000,0,-1,0
1785654001.328,-2.407,-0.365,38.882,0.9991,0,11.593,-0.700,7.658,0.2703,11.995,-1.613,-1.114,1.000,-7.658,-14.000,-0.5260,0.0000,1.998,1.998,-1.311,2.024,1.443,-1.065,0.0065,-0.968,nan,0.00,1,1,1,0,1,0.0000,0.539,0,0.164,2,0.870,0,0,yolo,137.5,yolo,1,1,0,0.000,0,-1,0
1785654001.366,-3.697,-0.495,38.314,0.9979,0,10.303,-0.979,7.658,0.2711,11.995,-1.613,-1.114,1.000,-7.658,-14.000,-0.5175,0.0283,2.006,2.006,-1.283,1.992,1.499,-1.474,0.0065,-0.904,nan,0.00,1,1,1,0,1,0.0000,0.539,0,0.164,2,0.870,1,0,yolo,137.5,yolo,1,1,0,0.000,0,-1,0
1785654001.415,-4.792,-0.648,37.564,0.9964,0,9.208,-1.234,9.158,0.2545,12.645,-2.095,-1.082,1.000,-9.408,-14.000,2.8952,-1.0719,2.007,2.572,-1.267,1.955,1.550,-1.882,0.0066,-0.761,nan,0.00,1,1,1,1,1,0.0000,0.263,0,0.152,2,0.852,0,0,yolo,128.5,yolo,1,1,0,0.000,0,-1,0
1785654001.444,-5.957,-0.819,36.794,0.9945,0,8.043,-1.424,9.408,0.2711,12.645,-2.095,-1.082,1.000,-9.408,-14.000,-0.5733,0.0155,1.998,1.998,-1.252,1.919,1.609,-2.242,0.0067,-0.678,nan,0.00,1,1,1,0,1,0.0000,0.263,0,0.152,2,0.852,0,0,yolo,128.5,yolo,1,1,0,0.000,0,-1,0
1785654001.474,-6.736,-1.040,36.026,0.9929,0,7.264,-1.460,9.408,0.2727,12.645,-2.095,-1.082,1.000,-9.408,-14.000,-0.5879,0.0288,1.984,1.984,-1.238,1.885,1.666,-2.500,0.0068,-0.600,nan,0.00,1,1,1,0,1,0.0000,0.527,0,0.152,2,0.852,2,0,yolo,128.5,yolo,1,1,0,0.000,0,-1,0
1785654001.499,-6.736,-1.040,36.026,0.9929,0,7.264,-1.169,9.408,0.2727,12.645,-2.095,-1.082,1.000,-9.408,-14.000,-0.5879,0.0288,1.984,1.984,-1.238,1.885,1.666,-2.209,0.0068,-0.600,nan,0.00,1,1,1,0,1,0.0000,0.407,0,0.134,1,0.842,0,0,yolo,128.5,yolo,1,1,0,0.000,0,-1,0
1785654001.530,-7.456,-1.283,35.181,0.9913,0,6.544,-1.217,10.395,0.2561,13.045,-2.393,-1.074,1.000,-10.395,-14.000,3.3716,-2.0000,1.965,2.694,-1.226,1.850,1.699,-2.500,0.0069,-0.463,nan,0.00,1,1,1,1,1,0.0000,0.407,0,0.134,1,0.842,0,0,yolo,123.0,yolo,1,1,0,0.000,0,-1,0
1785654001.560,-8.171,-1.545,34.184,0.9895,0,5.829,-0.955,10.395,0.2727,13.045,-2.393,-1.074,1.000,-10.395,-14.000,-0.7552,0.0135,1.939,1.939,-1.212,1.812,1.757,-2.500,0.0069,-0.371,nan,0.00,1,1,1,0,1,0.0000,0.415,0,0.144,1,0.833,0,0,yolo,123.0,yolo,1,1,0,0.000,0,-1,0
1785654001.591,-8.769,-1.780,33.232,0.9878,0,5.231,-0.720,10.395,0.2843,13.045,-2.393,-1.074,1.000,-10.395,-14.000,-0.7855,0.0259,1.908,1.908,-1.200,1.780,1.808,-2.500,0.0069,-0.291,nan,0.00,1,1,1,0,1,0.0000,0.415,0,0.144,1,0.833,0,0,yolo,123.0,yolo,1,1,0,0.000,0,-1,0
1785654001.629,-8.769,-1.780,33.232,0.9878,0,5.231,-0.720,10.395,0.2843,13.045,-2.393,-1.074,1.000,-10.395,-14.000,-0.7855,0.0259,1.908,1.908,-1.200,1.780,1.808,-2.500,0.0070,-0.291,nan,0.00,1,1,1,0,1,0.0000,0.415,0,0.144,1,0.833,3,0,yolo,123.0,yolo,1,1,0,0.000,0,-1,0
1785654001.658,-9.307,-2.002,32.289,0.9862,0,4.693,-0.498,10.772,0.2677,12.930,-2.460,-1.055,1.000,-10.772,-14.000,0.6387,-0.7512,1.872,2.178,-1.191,1.750,1.802,-2.500,0.0070,-0.191,nan,0.00,1,1,1,1,1,0.0000,0.575,0,0.200,1,0.815,0,0,yolo,131.6,yolo,1,1,0,0.000,0,-1,0
1785654001.683,-9.768,-2.212,31.333,0.9848,0,4.232,-0.288,10.772,0.2794,12.930,-2.460,-1.055,1.000,-10.772,-14.000,-0.3447,0.0108,1.833,1.833,-1.180,1.723,1.802,-2.500,0.0070,-0.123,nan,0.00,1,1,1,0,1,0.0000,0.575,0,0.200,1,0.815,0,0,yolo,131.6,yolo,1,1,0,0.000,0,-1,0
1785654001.715,-9.768,-2.212,31.333,0.9848,0,4.232,-0.288,10.772,0.2794,12.930,-2.460,-1.055,1.000,-10.772,-14.000,-0.3447,0.0108,1.833,1.833,-1.180,1.723,1.802,-2.500,0.0070,-0.123,nan,0.00,1,1,1,0,1,0.0000,0.236,0,0.215,0,0.802,0,0,yolo,131.6,yolo,1,1,0,0.000,0,-1,0
1785654001.746,-10.228,-2.435,30.245,0.9832,0,3.772,-0.065,10.772,0.2782,12.930,-2.460,-1.055,1.000,-10.772,-14.000,-0.3923,0.0210,1.786,1.786,-1.170,1.695,1.802,-2.500,0.0070,-0.052,nan,0.00,1,1,1,0,1,0.0000,0.236,0,0.215,0,0.802,0,0,yolo,131.6,yolo,1,1,0,0.000,0,-1,0
1785654001.786,-10.611,-2.631,29.215,0.9819,0,3.389,0.131,10.257,0.2798,12.982,-2.349,-1.107,1.000,-10.257,-14.000,-0.7007,0.0434,1.736,1.634,-1.176,1.671,1.845,-2.500,0.0070,-0.059,nan,0.00,1,1,1,1,1,0.0000,0.603,0,0.228,1,0.799,0,0,yolo,128.7,yolo,1,1,0,0.000,0,-1,0
1785654001.825,-10.945,-2.801,28.249,0.9806,0,3.055,0.301,10.257,0.2760,12.982,-2.349,-1.107,1.000,-10.257,-14.000,0.0487,-0.0106,1.683,1.683,-1.186,1.652,1.845,-2.500,0.0070,-0.006,nan,0.00,1,1,1,0,1,0.0000,0.603,0,0.228,1,0.799,0,0,yolo,128.7,yolo,1,1,0,0.000,0,-1,0
1785654001.857,-11.261,-2.971,27.214,0.9794,0,2.739,0.471,10.257,0.2744,12.982,-2.349,-1.107,1.000,-10.257,-14.000,-0.0119,-0.0192,1.622,1.622,-1.195,1.634,1.845,-2.500,0.0070,0.047,nan,0.00,1,1,1,0,1,0.0000,0.611,0,0.236,1,0.798,0,0,yolo,128.7,yolo,1,1,0,0.000,0,-1,0
1785654001.888,-11.261,-2.971,27.214,0.9794,0,2.739,0.471,10.257,0.2744,12.982,-2.349,-1.107,1.000,-10.257,-14.000,-0.0119,-0.0192,1.622,1.622,-1.195,1.634,1.845,-2.500,0.0070,0.047,nan,0.00,1,1,1,0,1,0.0000,0.611,0,0.236,1,0.798,0,0,yolo,128.7,yolo,1,1,0,0.000,0,-1,0
1785654001.927,-11.526,-3.124,26.200,0.9784,0,2.474,0.624,9.112,0.2770,12.811,-2.055,-1.106,1.000,-9.112,-14.000,-1.9196,0.1550,1.562,1.013,-1.205,1.620,1.941,-2.500,0.0070,0.026,nan,0.00,1,1,1,1,1,0.0000,0.619,0,0.244,1,0.777,0,0,yolo,125.2,yolo,1,1,0,0.000,0,-1,0
1785654001.966,-11.769,-3.261,25.244,0.9774,0,2.231,0.761,9.112,0.2749,12.811,-2.055,-1.106,1.000,-9.112,-14.000,0.4865,-0.0081,1.499,1.499,-1.213,1.609,1.941,-2.500,0.0070,0.066,nan,0.00,1,1,1,0,1,0.0000,0.619,0,0.244,1,0.777,0,0,yolo,125.2,yolo,1,1,0,0.000,0,-1,0
1785654002.003,-11.992,-3.370,24.301,0.9765,0,2.008,0.870,9.112,0.2739,12.811,-2.055,-1.106,1.000,-9.112,-14.000,0.4139,-0.0125,1.427,1.427,-1.217,1.602,1.941,-2.500,0.0070,0.099,nan,0.00,1,1,1,0,1,0.0000,0.600,0,0.290,1,0.776,0,0,yolo,125.2,yolo,1,1,0,0.000,0,-1,0
1785654002.043,-12.194,-3.476,23.394,0.9756,0,0.508,0.976,8.037,0.2777,12.710,-1.795,-1.100,1.000,-8.037,13.102,-7.1525,0.6981,1.357,0.388,-1.220,1.598,2.030,-2.500,0.0070,0.076,nan,0.00,1,1,1,1,1,0.0000,0.600,0,0.290,1,0.776,0,0,yolo,131.3,yolo,1,1,0,0.000,0,-1,0
1785654002.081,-12.196,-3.477,23.380,0.9756,0,1.804,0.977,8.037,0.2754,12.710,-1.795,-1.100,1.000,-8.037,-14.000,0.9681,-0.0000,1.356,1.356,-1.220,1.598,2.030,-2.500,0.0070,0.076,nan,0.00,1,1,1,0,1,0.0000,0.700,0,0.296,2,0.766,0,0,yolo,131.3,yolo,1,1,0,0.000,0,-1,0
1785654002.122,-12.200,-3.549,22.472,0.9755,0,1.800,1.049,8.037,0.2747,12.710,-1.795,-1.100,1.000,-8.037,-14.000,0.8820,-0.0047,1.270,1.270,-1.225,1.598,2.030,-2.500,0.0070,0.093,nan,0.00,1,1,1,0,1,0.0000,0.700,0,0.296,2,0.766,0,0,yolo,131.3,yolo,1,1,0,0.000,0,-1,0
1785654002.162,-12.418,-3.616,21.529,0.9747,0,1.582,1.116,8.037,0.2741,12.710,-1.795,-1.100,1.000,-8.037,-14.000,0.7956,-0.0074,1.184,1.184,-1.228,1.601,2.030,-2.500,0.0069,0.115,nan,0.00,1,1,1,0,1,0.0000,0.800,0,0.285,3,0.745,0,0,yolo,131.3,yolo,1,1,0,0.000,0,-1,0
1785654002.202,-12.562,-3.681,20.583,0.9740,0,0.082,1.181,6.537,0.2782,12.574,-1.441,-1.054,1.000,-6.537,-10.714,-1.9755,0.1272,1.098,0.632,-1.229,1.605,2.155,-2.500,0.0069,0.094,nan,0.00,1,1,1,1,1,0.0000,0.800,0,0.285,3,0.745,0,0,yolo,143.8,yolo,1,1,0,0.000,0,-1,0
1785654002.239,-12.562,-3.681,20.583,0.9740,0,1.438,1.181,6.537,0.2753,12.574,-1.441,-1.054,1.000,-6.537,-14.000,0.4658,0.0000,1.098,1.098,-1.229,1.605,2.155,-2.500,0.0069,0.094,nan,0.00,1,1,1,0,1,0.0000,0.350,0,0.269,2,0.765,0,0,yolo,143.8,yolo,1,1,0,0.000,0,-1,0
1785654002.278,-12.718,-3.692,19.794,0.9734,0,1.282,1.192,6.537,0.2751,12.574,-1.441,-1.054,1.000,-6.537,-14.000,0.3653,-0.0021,0.997,0.997,-1.231,1.615,2.155,-2.500,0.0069,0.101,nan,0.00,1,1,1,0,1,0.0000,0.350,0,0.269,2,0.765,0,0,yolo,143.8,yolo,1,1,0,0.000,0,-1,0
1785654002.311,-12.834,-3.708,19.071,0.9730,0,-0.218,1.208,5.037,0.2658,12.573,-1.068,-0.949,1.000,-4.853,-2.111,-2.7715,-0.1900,0.908,0.567,-1.234,1.626,2.200,-2.500,0.0069,0.126,nan,0.00,1,1,1,1,1,0.0000,0.800,0,0.271,3,0.767,0,0,yolo,134.3,yolo,1,1,0,0.000,0,-1,0
1785654002.341,-12.834,-3.708,19.071,0.9730,0,1.166,1.208,4.853,0.2745,12.573,-1.068,-0.949,1.000,-4.853,-14.000,0.3412,0.0000,0.908,0.908,-1.234,1.626,2.200,-2.500,0.0069,0.126,nan,0.00,1,1,1,0,1,0.0000,0.800,0,0.271,3,0.767,0,0,yolo,134.3,yolo,1,1,0,0.000,0,-1,0
1785654002.379,-12.947,-3.683,18.517,0.9726,0,1.053,1.183,4.853,0.2747,12.573,-1.068,-0.949,1.000,-4.853,-14.000,0.2461,-0.0011,0.813,0.813,-1.235,1.639,2.200,-2.500,0.0069,0.123,nan,0.00,1,1,1,0,1,0.0000,0.800,0,0.271,3,0.767,4,0,yolo,134.3,yolo,1,1,0,0.000,0,-1,0
1785654002.417,-13.046,-3.657,18.001,0.9722,0,0.954,1.157,4.853,0.2748,12.573,-1.068,-0.949,1.000,-4.853,-14.000,0.1508,-0.0023,0.717,0.717,-1.237,1.654,2.200,-2.500,0.0069,0.119,nan,0.00,1,1,1,0,1,0.0000,0.863,0,0.241,3,0.813,0,0,yolo,134.3,yolo,1,1,0,0.000,0,-1,0
1785654002.456,-13.129,-3.643,17.458,0.9719,0,-0.546,1.143,3.353,0.2657,12.446,-0.649,-0.812,1.000,-2.986,2.168,-2.4331,-0.1800,0.625,0.368,-1.238,1.668,2.200,-2.500,0.0069,0.149,nan,0.00,1,1,1,1,1,0.0000,0.746,0,0.247,2,0.780,0,0,yolo,121.0,yolo,1,1,0,0.000,0,-1,0
1785654002.483,-13.129,-3.643,17.458,0.9719,0,-0.079,1.143,2.986,0.2741,12.446,-0.649,-0.812,1.000,-2.986,-13.050,0.2573,0.0000,0.625,0.625,-1.238,1.668,2.200,-2.500,0.0068,0.149,nan,0.00,1,1,1,0,1,0.0000,0.746,0,0.247,2,0.780,0,0,yolo,121.0,yolo,1,1,0,0.000,0,-1,0
1785654002.518,-13.150,-3.614,16.942,0.9718,0,-1.315,1.114,2.986,0.2742,12.446,-0.649,-0.812,1.000,-2.986,-11.834,0.1548,-0.0012,0.523,0.523,-1.240,1.685,2.200,-2.500,0.0068,0.143,nan,0.00,1,1,1,0,1,0.0000,0.746,0,0.247,2,0.780,3,0,yolo,121.0,yolo,1,1,0,0.000,0,-1,0
1785654002.543,-13.150,-3.614,16.942,0.9718,0,-1.315,1.114,2.986,0.2742,12.446,-0.649,-0.812,1.000,-2.986,-11.834,0.1548,-0.0012,0.523,0.523,-1.240,1.685,2.200,-2.500,0.0068,0.143,nan,0.00,1,1,1,0,1,0.0000,0.732,0,0.235,2,0.697,0,0,yolo,121.0,yolo,1,1,0,0.000,0,-1,0
1785654002.574,-12.971,-3.549,16.632,0.9726,0,-2.815,1.049,1.486,0.2575,12.280,-0.295,-0.647,1.000,-1.375,14.000,-3.4532,-0.5394,0.420,-0.073,-1.240,1.703,2.200,-2.500,0.0068,0.197,nan,0.00,1,1,1,1,1,0.0000,0.732,0,0.235,2,0.697,0,0,yolo,116.5,yolo,1,1,0,0.000,0,-1,0
1785654002.605,-12.637,-3.472,16.436,0.9740,0,-4.315,0.972,1.375,0.2732,12.280,-0.295,-0.647,1.000,-1.375,-7.597,0.3895,0.0154,0.316,0.316,-1.224,1.720,2.200,-2.500,0.0068,0.178,nan,0.00,1,1,1,0,1,0.0000,0.611,0,0.236,1,0.690,0,0,yolo,116.5,yolo,1,1,0,0.000,0,-1,0
1785654002.637,-12.637,-3.472,16.436,0.9740,0,-5.040,0.972,1.375,0.2732,12.280,-0.295,-0.647,1.000,-1.375,-7.597,0.3895,0.0154,0.316,0.316,-1.224,1.720,2.200,-2.500,0.0068,0.178,nan,0.00,1,1,1,0,1,0.0000,0.611,0,0.236,1,0.690,0,0,yolo,116.5,yolo,1,1,0,0.000,0,-1,0
1785654002.669,-12.154,-3.389,16.310,0.9759,0,-6.540,0.889,-0.125,0.2565,12.415,0.035,-0.432,1.000,0.160,14.000,-2.4937,-0.9553,0.216,-0.358,-1.208,1.736,2.145,-2.500,0.0067,0.305,nan,0.00,1,1,1,1,1,0.0000,0.744,0,0.245,2,0.750,0,0,yolo,118.0,yolo,1,1,0,0.000,0,-1,0
1785654002.699,-11.429,-3.296,16.284,0.9785,0,-8.040,0.796,-0.160,0.2692,12.415,0.035,-0.432,1.000,0.160,-2.733,0.4703,0.0282,0.113,0.113,-1.180,1.752,2.165,-2.500,0.0067,0.285,nan,0.00,1,1,1,0,1,0.0000,0.744,0,0.245,2,0.750,0,0,yolo,118.0,yolo,1,1,0,0.000,0,-1,0
1785654002.732,-11.429,-3.296,16.284,0.9785,0,-8.697,0.796,-0.160,0.2692,12.415,0.035,-0.432,1.000,0.160,-2.733,0.4703,0.0282,0.113,0.113,-1.180,1.752,2.165,-2.500,0.0067,0.285,nan,0.00,1,1,1,0,1,0.0000,0.744,0,0.245,2,0.757,0,0,yolo,118.0,yolo,1,1,0,0.000,0,-1,0
1785654002.769,-10.538,-3.199,16.310,0.9816,0,-9.013,0.699,-0.160,0.2704,12.415,0.035,-0.432,1.000,0.160,-1.525,0.3690,0.0588,0.011,0.011,-1.149,1.767,2.187,-2.500,0.0066,0.263,nan,0.00,1,1,1,0,1,0.0000,0.744,0,0.245,2,0.757,1,0,yolo,118.0,yolo,1,1,0,0.000,0,-1,0
1785654002.811,-9.584,-3.122,16.307,0.9846,0,-10.513,0.936,-1.347,0.2537,12.598,0.296,-0.209,1.000,1.347,14.000,-2.6101,-1.6874,-0.079,-0.730,-1.119,1.780,2.018,-2.186,0.0066,0.432,nan,0.00,1,1,1,1,1,0.0000,0.856,0,0.237,3,0.799,0,0,yolo,118.1,yolo,1,1,0,0.000,0,-1,0
1785654002.842,-8.475,-3.007,16.400,0.9877,0,-10.149,0.815,-1.347,0.2627,12.598,0.296,-0.209,1.000,1.347,1.675,0.5642,0.0281,-0.166,-0.166,-1.091,1.793,2.039,-2.192,0.0066,0.411,nan,0.00,1,1,1,0,1,0.0000,0.599,0,0.224,1,0.765,0,0,yolo,118.1,yolo,1,1,0,0.000,0,-1,0
1785654002.873,-7.436,-2.900,16.542,0.9903,0,-10.027,0.678,-1.347,0.2640,12.598,0.296,-0.209,1.000,1.347,2.591,0.4867,0.0590,-0.243,-0.243,-1.060,1.804,2.058,-2.222,0.0065,0.392,nan,0.00,1,1,1,0,1,0.0000,0.599,0,0.224,1,0.765,0,0,yolo,118.1,yolo,1,1,0,0.000,0,-1,0
1785654002.904,-7.436,-2.900,16.542,0.9903,0,-11.527,1.003,-2.169,0.2473,12.794,0.485,-0.013,1.000,2.169,14.000,-1.3781,-1.3442,-0.243,-0.788,-1.060,1.804,1.878,-1.897,0.0065,0.572,nan,0.00,1,1,1,1,1,0.0000,0.581,0,0.206,1,0.710,0,0,yolo,113.8,yolo,1,1,0,0.000,0,-1,0
1785654002.934,-6.447,-2.818,16.652,0.9925,0,-11.541,0.932,-2.169,0.2564,12.794,0.485,-0.013,1.000,2.169,5.095,0.4793,0.0215,-0.308,-0.308,-1.038,1.813,1.888,-1.886,0.0064,0.562,nan,0.00,1,1,1,0,1,0.0000,0.581,0,0.206,1,0.710,0,0,yolo,113.8,yolo,1,1,0,0.000,0,-1,0
1785654002.966,-5.185,-2.697,16.838,0.9948,0,-11.056,0.799,-2.169,0.2576,12.794,0.485,-0.013,1.000,2.169,5.870,0.4130,0.0506,-0.375,-0.375,-1.009,1.822,1.905,-1.898,0.0063,0.545,nan,0.00,1,1,1,0,1,0.0000,0.311,0,0.143,0,0.718,0,0,yolo,113.8,yolo,1,1,0,0.000,0,-1,0
1785654002.995,-5.185,-2.697,16.838,0.9948,0,-11.056,0.706,-2.169,0.2575,12.794,0.485,-0.013,1.000,2.169,5.870,0.4130,0.0506,-0.375,-0.375,-1.009,1.822,1.905,-1.990,0.0063,0.545,nan,0.00,1,1,1,0,1,0.0000,0.311,0,0.143,0,0.718,0,0,yolo,113.8,yolo,1,1,0,0.000,0,-1,0
1785654003.027,-4.001,-2.591,17.063,0.9965,0,-12.556,1.026,-3.044,0.2409,12.527,0.666,0.183,1.000,3.044,14.000,-1.4333,-1.1785,-0.431,-0.866,-0.974,1.829,1.748,-1.565,0.0062,0.702,nan,0.00,1,1,1,1,1,0.0000,0.404,0,0.130,1,0.800,0,0,yolo,120.9,yolo,1,1,0,0.000,0,-1,0
1785654003.062,-2.698,-2.472,17.325,0.9980,0,-11.633,0.887,-3.044,0.2518,12.527,0.666,0.183,1.000,3.044,8.935,0.3879,0.0408,-0.478,-0.478,-0.933,1.835,1.758,-1.585,0.0062,0.692,nan,0.00,1,1,1,0,1,0.0000,0.404,0,0.130,1,0.800,1,0,yolo,120.9,yolo,1,1,0,0.000,0,-1,0
1785654003.088,-1.429,-2.362,17.641,0.9988,0,-10.814,0.746,-3.044,0.2539,12.527,0.666,0.183,1.000,3.044,9.384,0.3499,0.0889,-0.516,-0.516,-0.885,1.839,1.767,-1.616,0.0061,0.683,nan,0.00,1,1,1,0,1,0.0000,0.397,0,0.121,1,0.822,0,0,yolo,120.9,yolo,1,1,0,0.000,0,-1,0
1785654003.125,-1.429,-2.362,17.641,0.9988,0,-10.814,0.685,-3.044,0.2538,12.527,0.666,0.183,1.000,3.044,9.384,0.3499,0.0889,-0.516,-0.516,-0.885,1.839,1.767,-1.677,0.0060,0.683,nan,0.00,1,1,1,0,1,0.0000,0.269,0,0.074,1,0.839,0,0,yolo,120.9,yolo,1,1,0,0.000,0,-1,0
1785654003.170,-0.308,-2.281,17.922,0.9992,0,-12.314,0.989,-3.738,0.2372,12.121,0.792,0.360,1.000,3.738,14.000,-1.1019,-1.1635,-0.540,-0.851,-0.836,1.843,1.612,-1.292,0.0059,0.838,nan,0.00,1,1,1,1,1,0.0000,0.269,0,0.074,1,0.839,1,0,yolo,120.6,yolo,1,1,0,0.000,0,-1,0
1785654003.197,0.773,-2.213,18.189,0.9992,0,-10.996,0.912,-3.738,0.2470,12.121,0.792,0.360,1.000,3.738,11.769,0.2966,0.0457,-0.554,-0.554,-0.790,1.845,1.612,-1.301,0.0058,0.838,nan,0.00,1,1,1,0,1,0.0000,0.346,0,0.057,2,0.848,0,0,yolo,120.6,yolo,1,1,0,0.000,0,-1,0
1785654003.234,1.981,-2.138,18.500,0.9987,0,-9.872,0.827,-3.738,0.2493,12.121,0.792,0.360,1.000,3.738,11.853,0.2897,0.0976,-0.561,-0.561,-0.738,1.846,1.611,-1.311,0.0058,0.839,nan,0.00,1,1,1,0,1,0.0000,0.337,0,0.046,2,0.868,0,0,yolo,120.6,yolo,1,1,0,0.000,0,-1,0
1785654003.273,3.025,-2.064,18.869,0.9980,0,-10.975,1.185,-4.084,0.2326,12.226,0.873,0.536,1.000,4.084,14.000,-0.7379,-1.8265,-0.561,-0.792,-0.696,1.847,1.428,-0.880,0.0058,1.022,nan,0.00,1,1,1,1,1,0.0000,0.240,0,0.024,1,0.878,0,0,yolo,125.1,yolo,1,1,0,0.000,0,-1,0
1785654003.309,4.095,-1.974,19.221,0.9969,0,-9.475,1.062,-4.084,0.2425,12.226,0.873,0.536,1.000,4.084,12.877,0.2390,0.0561,-0.553,-0.553,-0.640,1.847,1.432,-0.911,0.0058,1.018,nan,0.00,1,1,1,0,1,0.0000,0.240,0,0.024,1,0.878,1,0,yolo,125.1,yolo,1,1,0,0.000,0,-1,0
1785654003.339,4.095,-1.974,19.221,0.9969,0,-8.783,1.047,-4.084,0.2425,12.226,0.873,0.536,1.000,4.084,12.877,0.2390,0.0561,-0.553,-0.553,-0.640,1.847,1.432,-0.927,0.0058,1.018,nan,0.00,1,1,1,0,0,0.0000,0.000,0,0.000,0,0.000,0,0,yolo,125.1,yolo,1,1,0,0.000,0,-1,0
1785654003.371,5.072,-1.895,19.614,0.9955,0,-7.580,0.936,-4.084,0.2459,12.226,0.873,0.536,1.000,4.084,12.652,0.2578,0.1224,-0.535,-0.535,-0.574,1.846,1.435,-0.958,0.0058,1.015,nan,0.00,1,1,1,0,0,0.0000,0.000,0,0.000,0,0.000,0,0,yolo,125.1,yolo,1,1,0,0.000,0,-1,0
1785654003.417,5.864,-1.835,20.008,0.9943,0,-8.136,1.054,-4.607,0.2292,11.314,0.912,0.645,1.000,4.607,14.000,-0.6199,-0.4889,-0.507,-0.633,-0.508,1.844,1.353,-0.780,0.0058,1.097,nan,0.00,1,1,1,1,0,0.0000,0.000,0,0.000,0,0.000,0,0,yolo,118.3,yolo,1,1,0,0.000,0,-1,0
1785654003.447,6.664,-1.779,20.393,0.9928,0,-7.336,0.978,-4.607,0.2415,11.314,0.912,0.645,1.000,4.607,14.000,0.1608,0.0650,-0.472,-0.472,-0.443,1.842,1.352,-0.801,0.0058,1.098,nan,0.00,1,1,1,0,0,0.0000,0.000,0,0.000,0,0.000,0,0,yolo,118.3,yolo,1,1,0,0.000,0,-1,0
1785654003.473,7.498,-1.726,20.838,0.9910,0,-6.233,0.903,-4.607,0.2452,11.314,0.912,0.645,1.000,4.607,13.731,0.2038,0.1374,-0.429,-0.429,-0.370,1.840,1.351,-0.823,0.0058,1.099,nan,0.00,1,1,1,0,0,0.0000,0.000,0,0.000,0,0.000,0,0,yolo,118.3,yolo,1,1,0,0.000,0,-1,0
1785654003.501,7.507,-1.726,20.843,0.9910,0,-6.218,0.916,-4.607,0.2452,11.314,0.912,0.645,1.000,4.607,13.725,0.2043,0.1381,-0.429,-0.429,-0.369,1.840,1.351,-0.810,0.0058,1.099,nan,0.00,1,1,1,0,0,0.0000,0.000,0,0.000,0,0.000,0,0,yolo,118.3,yolo,1,1,0,0.000,0,-1,0
1785654003.539,8.183,-1.689,21.312,0.9894,0,-5.817,1.071,-4.621,0.2285,10.474,0.847,0.765,1.000,4.621,14.000,-0.0195,-0.6549,-0.381,-0.374,-0.312,1.837,1.263,-0.619,0.0058,1.187,nan,0.00,1,1,1,1,0,0.0000,0.000,0,0.000,0,0.000,0,0,yolo,133.1,yolo,1,1,0,0.000,0,-1,0
1785654003.565,8.824,-1.640,21.773,0.9878,0,-5.154,0.999,-4.621,0.2404,10.474,0.847,0.765,1.000,4.621,13.978,0.0471,0.0716,-0.327,-0.327,-0.240,1.834,1.264,-0.641,0.0058,1.186,nan,0.00,1,1,1,0,0,0.0000,0.000,0,0.000,0,0.000,0,0,yolo,133.1,yolo,1,1,0,0.000,0,-1,0
1785654003.601,8.824,-1.640,21.773,0.9878,0,-5.154,1.018,-4.621,0.2404,10.474,0.847,0.765,1.000,4.621,13.978,0.0471,0.0716,-0.327,-0.327,-0.240,1.834,1.264,-0.621,0.0058,1.186,nan,0.00,1,1,1,0,0,0.0000,0.000,0,0.000,0,0.000,1,0,yolo,133.1,yolo,1,1,0,0.000,0,-1,0
1785654003.633,9.339,-1.606,22.188,0.9864,0,-3.950,0.969,-4.621,0.2438,10.474,0.847,0.765,1.000,4.621,13.289,0.0996,0.1392,-0.274,-0.274,-0.173,1.832,1.264,-0.638,0.0058,1.186,nan,0.00,1,1,1,0,0,0.0000,0.000,0,0.000,0,0.000,0,0,yolo,133.1,yolo,1,1,0,0.000,0,-1,0
1785654003.664,9.838,-1.577,22.593,0.9849,0,-4.162,1.087,-4.817,0.2271,10.455,0.881,0.878,1.000,4.817,14.000,-0.3572,-1.1740,-0.220,-0.275,-0.107,1.830,1.200,-0.489,0.0058,1.303,nan,0.00,1,1,1,1,0,0.0000,0.000,0,0.000,0,0.000,1,0,yolo,121.4,yolo,1,1,0,0.000,0,-1,0
1785654003.690,10.277,-1.543,23.059,0.9836,0,-2.662,1.041,-4.817,0.2383,10.455,0.881,0.878,1.000,4.817,12.725,0.1184,0.0830,-0.156,-0.156,-0.024,1.827,1.200,-0.502,0.0058,1.303,nan,0.00,1,1,1,0,0,0.0000,0.000,0,0.000,0,0.000,0,0,yolo,121.4,yolo,1,1,0,0.000,0,-1,0
1785654003.726,10.560,-1.518,23.530,0.9827,0,-1.303,1.009,-4.817,0.2425,10.455,0.881,0.878,1.000,4.817,11.863,0.1839,0.1695,-0.091,-0.091,0.063,1.825,1.200,-0.510,0.0058,1.302,nan,0.00,1,1,1,0,0,0.0000,0.000,0,0.000,0,0.000,0,0,yolo,121.4,yolo,1,1,0,0.000,0,-1,0
1785654003.758,10.560,-1.518,23.530,0.9827,0,-2.803,1.030,-4.908,0.2259,10.283,0.883,0.968,1.000,4.908,14.000,-0.1625,-0.8421,-0.091,-0.150,0.063,1.825,1.200,-0.488,0.0058,1.386,nan,0.00,1,1,1,1,0,0.0000,0.000,0,0.000,0,0.000,0,0,yolo,119.5,yolo,1,1,0,0.000,0,-1,0
1785654003.787,10.696,-1.499,23.956,0.9823,0,-1.303,1.003,-4.908,0.2355,10.283,0.883,0.968,1.000,4.908,11.915,0.1202,0.0688,-0.030,-0.030,0.132,1.823,1.200,-0.495,0.0058,1.384,nan,0.00,1,1,1,0,0,0.0000,0.000,0,0.000,0,0.000,0,0,yolo,119.5,yolo,1,1,0,0.000,0,-1,0
1785654003.815,10.826,-1.481,24.380,0.9819,0,-0.280,0.984,-4.908,0.2388,10.283,0.883,0.968,1.000,4.908,11.106,0.1810,0.1366,0.031,0.031,0.199,1.822,1.200,-0.497,0.0058,1.382,nan,0.00,1,1,1,0,0,0.0000,0.000,0,0.000,0,0.000,0,0,yolo,119.5,yolo,1,1,0,0.000,0,-1,0
1785654003.851,10.826,-1.481,24.380,0.9819,0,-0.280,1.000,-4.908,0.2388,10.283,0.883,0.968,1.000,4.908,11.106,0.1810,0.1366,0.031,0.031,0.199,1.822,1.200,-0.481,0.0058,1.382,nan,0.00,1,1,1,0,0,0.0000,0.000,0,0.000,0,0.000,0,0,yolo,119.5,yolo,1,1,0,0.000,0,-1,0
1785654003.884,10.866,-1.466,24.866,0.9817,0,-1.780,0.980,-5.146,0.2266,9.670,0.871,1.005,1.000,5.146,14.000,-0.3020,-0.1191,0.099,0.010,0.268,1.821,1.200,-0.486,0.0058,1.398,nan,0.00,1,1,1,1,0,0.0000,0.000,0,0.000,0,0.000,2,0,yolo,112.3,yolo,1,1,0,0.000,0,-1,0
1785654003.909,10.908,-1.449,25.341,0.9816,0,-0.280,0.964,-5.146,0.2352,9.670,0.871,1.005,1.000,5.146,10.631,0.1554,0.0659,0.165,0.165,0.334,1.820,1.200,-0.486,0.0058,1.396,nan,0.00,1,1,1,0,0,0.0000,0.000,0,0.000,0,0.000,0,0,yolo,112.3,yolo,1,1,0,0.000,0,-1,0
1785654003.943,10.946,-1.441,25.817,0.9815,0,1.195,0.962,-5.146,0.2383,9.670,0.871,1.005,1.000,5.146,9.751,0.2190,0.1327,0.229,0.229,0.400,1.820,1.200,-0.479,0.0058,1.395,nan,0.00,1,1,1,0,0,0.0000,0.000,0,0.000,0,0.000,1,0,yolo,112.3,yolo,1,1,0,0.000,0,-1,0
1785654003.975,10.830,-1.433,26.294,0.9819,0,1.918,0.964,-5.146,0.2413,9.670,0.871,1.005,1.000,5.146,8.912,0.2797,0.1987,0.289,0.289,0.466,1.820,1.200,-0.470,0.0058,1.392,nan,0.00,1,1,1,0,0,0.0000,0.000,0,0.000,0,0.000,0,0,yolo,112.3,yolo,1,1,0,0.000,0,-1,0
1785654004.007,10.830,-1.433,26.294,0.9819,0,0.418,0.970,-5.118,0.2258,9.164,0.821,1.041,1.000,5.118,10.596,0.0452,-0.1313,0.289,0.212,0.466,1.820,1.200,-0.464,0.0058,1.406,nan,0.00,1,1,1,1,0,0.0000,0.000,0,0.000,0,0.000,0,0,yolo,116.5,yolo,1,1,0,0.000,0,-1,0
1785654004.039,10.653,-1.424,26.744,0.9825,0,1.748,0.969,-5.118,0.2346,9.164,0.821,1.041,1.000,5.118,8.906,0.1337,0.0613,0.345,0.345,0.528,1.820,1.200,-0.455,0.0058,1.402,nan,0.00,1,1,1,0,0,0.0000,0.000,0,0.000,0,0.000,0,0,yolo,116.5,yolo,1,1,0,0.000,0,-1,0
1785654004.070,10.485,-1.412,27.226,0.9830,0,2.426,0.968,-5.118,0.2377,9.164,0.821,1.041,1.000,5.118,8.058,0.1928,0.1301,0.405,0.405,0.597,1.821,1.200,-0.443,0.0058,1.398,nan,0.00,1,1,1,0,0,0.0000,0.000,0,0.000,0,0.000,0,0,yolo,116.5,yolo,1,1,0,0.000,0,-1,0
1785654004.101,10.256,-1.399,27.681,0.9837,0,2.960,0.967,-5.118,0.2407,9.164,0.821,1.041,1.000,5.118,7.295,0.2460,0.1957,0.458,0.458,0.662,1.822,1.200,-0.431,0.0058,1.394,nan,0.00,1,1,1,0,0,0.0000,0.000,0,0.000,0,0.000,1,0,yolo,116.5,yolo,1,1,0,0.000,0,-1,0
1785654004.126,10.256,-1.399,27.681,0.9837,0,3.442,0.963,-4.858,0.2339,8.640,0.734,1.064,1.000,4.858,6.814,0.2940,0.0444,0.458,0.390,0.662,1.822,1.200,-0.436,0.0058,1.388,nan,0.00,1,1,1,1,0,0.0000,0.000,0,0.000,0,0.000,0,0,yolo,122.8,yolo,1,1,0,0.000,0,-1,0
1785654004.166,9.971,-1.383,28.138,0.9846,0,3.449,0.962,-4.858,0.2347,8.640,0.734,1.064,1.000,4.858,6.522,0.1181,0.0631,0.508,0.508,0.725,1.823,1.200,-0.422,0.0058,1.383,nan,0.00,1,1,1,0,0,0.0000,0.000,0,0.000,0,0.000,0,0,yolo,122.8,yolo,1,1,0,0.000,0,-1,0
1785654004.192,9.607,-1.361,28.609,0.9857,0,3.862,0.950,-4.858,0.2379,8.640,0.734,1.064,1.000,4.858,5.745,0.1702,0.1343,0.560,0.560,0.796,1.825,1.200,-0.410,0.0058,1.376,nan,0.00,1,1,1,0,0,0.0000,0.000,0,0.000,0,0.000,0,0,yolo,122.8,yolo,1,1,0,0.000,0,-1,0
1785654004.228,9.224,-1.336,29.052,0.9868,0,5.362,0.935,-4.377,0.2546,8.288,0.634,1.084,1.000,4.377,3.680,0.6960,0.1183,0.606,0.366,0.865,1.826,1.200,-0.401,0.0058,1.364,nan,0.00,1,1,1,1,0,0.0000,0.000,0,0.000,0,0.000,0,0,yolo,116.7,yolo,1,1,0,0.000,0,-1,0
1785654004.259,9.224,-1.336,29.052,0.9868,0,5.745,0.925,-4.377,0.2713,8.288,0.634,1.084,1.000,4.377,3.479,0.2398,0.0000,0.606,0.606,0.865,1.826,1.200,-0.411,0.0058,1.364,nan,0.00,1,1,1,0,0,0.0000,0.000,0,0.000,0,0.000,0,0,yolo,116.7,yolo,1,1,0,0.000,0,-1,0
1785654004.291,8.727,-1.308,29.435,0.9882,0,5.821,0.903,-4.377,0.2730,8.288,0.634,1.084,1.000,4.377,2.906,0.2771,0.0570,0.643,0.643,0.922,1.827,1.200,-0.405,0.0058,1.356,nan,0.00,1,1,1,0,0,0.0000,0.000,0,0.000,0,0.000,0,0,yolo,116.7,yolo,1,1,0,0.000,0,-1,0
1785654004.322,8.173,-1.272,29.810,0.9896,0,5.791,0.869,-4.377,0.2726,8.288,0.634,1.084,1.000,4.377,2.381,0.3112,0.1052,0.677,0.677,0.970,1.828,1.200,-0.403,0.0058,1.346,nan,0.00,1,1,1,0,0,0.0000,0.000,0,0.000,0,0.000,0,0,yolo,116.7,yolo,1,1,0,0.000,0,-1,0
1785654004.348,7.639,-1.240,30.179,0.9909,0,7.291,0.841,-3.635,0.2722,7.931,0.504,1.078,1.000,3.635,-0.627,1.0265,0.3981,0.706,0.424,1.004,1.829,1.200,-0.399,0.0058,1.307,nan,0.00,1,1,1,1,0,0.0000,0.000,0,0.000,0,0.000,0,0,yolo,112.4,yolo,1,1,0,0.000,0,-1,0
1785654004.386,6.884,-1.198,30.530,0.9926,0,7.229,0.793,-3.635,0.2718,7.931,0.504,1.078,1.000,3.635,-0.345,0.3064,0.0196,0.730,0.730,1.024,1.829,1.200,-0.405,0.0058,1.296,nan,0.00,1,1,1,0,0,0.0000,0.000,0,0.000,0,0.000,0,0,yolo,112.4,yolo,1,1,0,0.000,0,-1,0
1785654004.417,6.884,-1.198,30.530,0.9926,0,7.229,0.786,-3.635,0.2718,7.931,0.504,1.078,1.000,3.635,-0.345,0.3064,0.0196,0.730,0.730,1.024,1.829,1.200,-0.412,0.0058,1.296,nan,0.00,1,1,1,0,0,0.0000,0.000,0,0.000,0,0.000,0,0,yolo,112.4,yolo,1,1,0,0.000,0,-1,0
1785654004.451,6.164,-1.152,30.845,0.9940,0,8.577,0.719,-2.780,0.2714,7.597,0.369,1.059,1.000,2.780,-2.413,0.8500,0.3836,0.750,0.453,1.028,1.828,1.205,-0.434,0.0058,1.245,nan,0.00,1,1,1,1,0,0.0000,0.000,0,0.000,0,0.000,0,0,yolo,104.1,yolo,1,1,0,0.000,0,-1,0
1785654004.497,5.439,-1.105,31.177,0.9953,0,8.665,0.641,-2.780,0.2710,7.597,0.369,1.059,1.000,2.780,-3.227,0.3104,-0.0079,0.763,0.763,1.020,1.828,1.215,-0.464,0.0058,1.235,nan,0.00,1,1,1,0,0,0.0000,0.000,0,0.000,0,0.000,0,0,yolo,104.1,yolo,1,1,0,0.000,0,-1,0
1785654004.528,4.697,-1.053,31.516,0.9965,0,8.087,0.555,-2.780,0.2707,7.597,0.369,1.059,1.000,2.780,-3.390,0.3204,-0.0214,0.773,0.773,1.006,1.828,1.225,-0.498,0.0058,1.225,nan,0.00,1,1,1,0,0,0.0000,0.000,0,0.000,0,0.000,0,0,yolo,104.1,yolo,1,1,0,0.000,0,-1,0
1785654004.558,3.864,-1.012,31.756,0.9976,0,9.587,0.333,-1.598,0.2788,7.296,0.204,1.021,1.000,1.598,-14.000,2.2582,0.9600,0.778,0.717,0.991,1.826,1.289,-0.679,0.0058,1.161,nan,0.00,1,1,1,1,0,0.0000,0.000,0,0.000,0,0.000,0,0,yolo,109.2,yolo,1,1,0,0.000,0,-1,0
1785654004.593,2.906,-0.990,31.920,0.9986,0,8.342,0.276,-1.598,0.2702,7.296,0.204,1.021,1.000,1.598,-5.436,0.0588,-0.0165,0.776,0.776,0.974,1.824,1.294,-0.714,0.0058,1.156,nan,0.00,1,1,1,0,0,0.0000,0.000,0,0.000,0,0.000,0,0,yolo,109.2,yolo,1,1,0,0.000,0,-1,0
1785654004.625,2.906,-0.990,31.920,0.9986,0,8.342,0.287,-1.598,0.2702,7.296,0.204,1.021,1.000,1.598,-5.436,0.0588,-0.0165,0.776,0.776,0.974,1.824,1.294,-0.702,0.0058,1.156,nan,0.00,1,1,1,0,0,0.0000,0.000,0,0.000,0,0.000,0,0,yolo,109.2,yolo,1,1,0,0.000,0,-1,0
1785654004.655,2.072,-0.964,32.041,0.9992,0,7.431,0.217,-1.598,0.2700,7.296,0.204,1.021,1.000,1.598,-5.359,0.0542,-0.0327,0.771,0.771,0.958,1.821,1.300,-0.747,0.0058,1.150,nan,0.00,1,1,1,0,0,0.0000,0.000,0,0.000,0,0.000,0,0,yolo,109.2,yolo,1,1,0,0.000,0,-1,0
1785654004.685,1.286,-0.938,32.167,0.9996,0,8.931,0.044,-0.449,0.2699,7.134,0.056,0.982,1.000,0.449,-11.389,0.8583,0.3022,0.760,0.683,0.946,1.818,1.350,-0.894,0.0058,1.100,nan,0.00,1,1,1,1,0,0.0000,0.000,0,0.000,0,0.000,0,0,yolo,113.5,yolo,1,1,0,0.000,0,-1,0
1785654004.719,0.440,-0.936,32.237,0.9998,0,8.582,0.021,-0.449,0.2698,7.134,0.056,0.982,1.000,0.449,-8.142,0.0614,-0.0093,0.744,0.744,0.936,1.815,1.351,-0.915,0.0058,1.099,nan,0.00,1,1,1,0,0,0.0000,0.000,0,0.000,0,0.000,0,0,yolo,113.5,yolo,1,1,0,0.000,0,-1,0
1785654004.746,-0.471,-0.930,32.249,0.9998,0,7.295,-0.020,-0.449,0.2698,7.134,0.056,0.982,1.000,0.449,-7.766,0.0393,-0.0161,0.722,0.722,0.929,1.811,1.353,-0.950,0.0058,1.097,nan,0.00,1,1,1,0,0,0.0000,0.000,0,0.000,0,0.000,0,0,yolo,113.5,yolo,1,1,0,0.000,0,-1,0
1785654004.782,-0.471,-0.930,32.249,0.9998,0,8.795,-0.164,0.700,0.2701,7.071,-0.086,0.913,1.000,-0.700,-14.000,1.4190,0.6926,0.722,0.775,0.929,1.811,1.422,-1.094,0.0058,1.028,nan,0.00,1,1,1,1,0,0.0000,0.000,0,0.000,0,0.000,1,0,yolo,109.9,yolo,1,1,0,0.000,0,-1,0
1785654004.830,-1.201,-0.929,32.288,0.9996,0,8.621,-0.189,0.700,0.2699,7.071,-0.086,0.913,1.000,-0.700,-9.822,-0.0777,-0.0065,0.697,0.697,0.923,1.808,1.421,-1.117,0.0058,1.029,nan,0.00,1,1,1,0,0,0.0000,0.000,0,0.000,0,0.000,0,0,yolo,109.9,yolo,1,1,0,0.000,0,-1,0
1785654004.860,-2.126,-0.948,32.251,0.9992,0,7.137,-0.188,0.700,0.2700,7.071,-0.086,0.913,1.000,-0.700,-9.263,-0.1104,-0.0142,0.665,0.665,0.915,1.804,1.418,-1.136,0.0058,1.032,nan,0.00,1,1,1,0,0,0.0000,0.000,0,0.000,0,0.000,0,0,yolo,109.9,yolo,1,1,0,0.000,0,-1,0
1785654004.892,-2.813,-0.967,32.164,0.9987,0,8.637,-0.387,1.903,0.2761,6.618,-0.220,0.834,1.000,-1.903,-14.000,1.3887,0.7720,0.634,0.789,0.907,1.800,1.495,-1.354,0.0057,0.955,nan,0.00,1,1,1,1,0,0.0000,0.000,0,0.000,0,0.000,1,0,yolo,110.5,yolo,1,1,0,0.000,0,-1,0
1785654004.938,-3.791,-1.021,31.993,0.9977,0,7.602,-0.335,1.903,0.2702,6.618,-0.220,0.834,1.000,-1.903,-11.393,-0.1992,-0.0124,0.590,0.590,0.894,1.795,1.486,-1.356,0.0056,0.964,nan,0.00,1,1,1,0,0,0.0000,0.000,0,0.000,0,0.000,0,0,yolo,110.5,yolo,1,1,0,0.000,0,-1,0
1785654004.964,-4.561,-1.065,31.801,0.9967,0,6.102,-0.289,1.903,0.2704,6.618,-0.220,0.834,1.000,-1.903,-10.628,-0.2419,-0.0242,0.547,0.547,0.882,1.791,1.479,-1.355,0.0055,0.971,nan,0.00,1,1,1,0,0,0.0000,0.000,0,0.000,0,0.000,0,0,yolo,110.5,yolo,1,1,0,0.000,0,-1,0
1785654005.003,-4.561,-1.065,31.801,0.9967,0,7.602,-0.471,3.202,0.2838,6.537,-0.366,0.734,1.000,-3.202,-14.000,1.4825,0.8877,0.547,0.798,0.882,1.791,1.567,-1.536,0.0054,0.883,nan,0.00,1,1,1,1,0,0.0000,0.000,0,0.000,0,0.000,0,0,yolo,118.2,yolo,1,1,0,0.000,0,-1,0
1785654005.034,-5.149,-1.105,31.641,0.9958,0,7.976,-0.428,3.202,0.2704,6.537,-0.366,0.734,1.000,-3.202,-13.125,-0.2940,-0.0105,0.504,0.504,0.872,1.788,1.560,-1.533,0.0053,0.890,nan,0.00,1,1,1,0,0,0.0000,0.000,0,0.000,0,0.000,0,0,yolo,118.2,yolo,1,1,0,0.000,0,-1,0
1785654005.059,-5.912,-1.176,31.398,0.9945,0,6.476,-0.338,3.202,0.2707,6.537,-0.366,0.734,1.000,-3.202,-12.264,-0.3417,-0.0243,0.457,0.457,0.858,1.785,1.548,-1.513,0.0052,0.902,nan,0.00,1,1,1,0,0,0.0000,0.000,0,0.000,0,0.000,0,0,yolo,118.2,yolo,1,1,0,0.000,0,-1,0
1785654005.091,-6.602,-1.245,31.059,0.9931,0,4.976,-0.255,3.202,0.2710,6.537,-0.366,0.734,1.000,-3.202,-11.291,-0.3957,-0.0387,0.403,0.403,0.844,1.781,1.537,-1.500,0.0051,0.913,nan,0.00,1,1,1,0,1,0.0000,0.332,0,0.040,2,0.902,0,0,yolo,118.2,yolo,1,1,0,0.000,0,-1,0
1785654005.128,-7.090,-1.303,30.782,0.9921,0,6.476,-0.390,4.232,0.2712,6.459,-0.478,0.635,1.000,-4.232,-14.000,0.6966,0.4662,0.352,0.611,0.834,1.779,1.614,-1.693,0.0050,0.836,nan,0.00,1,1,1,1,1,0.0000,0.332,0,0.040,2,0.902,3,0,yolo,108.1,yolo,1,1,0,0.000,0,-1,0
1785654005.168,-7.801,-1.396,30.408,0.9905,0,5.045,-0.252,4.232,0.2715,6.459,-0.478,0.635,1.000,-4.232,-12.845,-0.3186,-0.0092,0.292,0.292,0.825,1.777,1.599,-1.647,0.0049,0.851,nan,0.00,1,1,1,0,1,0.0000,0.265,0,0.067,1,0.889,0,0,yolo,108.1,yolo,1,1,0,0.000,0,-1,0
1785654005.199,-7.801,-1.396,30.408,0.9905,0,5.045,-0.224,4.232,0.2715,6.459,-0.478,0.635,1.000,-4.232,-12.845,-0.3186,-0.0092,0.292,0.292,0.825,1.777,1.599,-1.619,0.0049,0.851,nan,0.00,1,1,1,0,1,0.0000,0.271,0,0.077,1,0.886,0,0,yolo,108.1,yolo,1,1,0,0.000,0,-1,0
1785654005.231,-8.294,-1.474,30.011,0.9892,0,5.706,-0.319,4.916,0.2881,6.019,-0.518,0.557,1.000,-4.916,-14.000,2.1540,2.0000,0.237,0.569,0.816,1.776,1.669,-1.793,0.0048,0.781,nan,0.00,1,1,1,1,1,0.0000,0.271,0,0.077,1,0.886,0,0,yolo,119.7,yolo,1,1,0,0.000,0,-1,0
1785654005.269,-8.898,-1.575,29.575,0.9876,0,4.206,-0.165,4.916,0.2721,6.019,-0.518,0.557,1.000,-4.916,-12.785,-0.3943,-0.0107,0.174,0.174,0.805,1.776,1.654,-1.740,0.0047,0.796,nan,0.00,1,1,1,0,1,0.0000,0.272,0,0.079,1,0.865,0,0,yolo,119.7,yolo,1,1,0,0.000,0,-1,0
1785654005.301,-9.352,-1.672,29.073,0.9863,0,2.706,-0.011,4.916,0.2554,6.019,-0.518,0.557,1.000,-4.916,-11.487,-0.4621,-0.0224,0.106,0.106,0.793,1.776,1.641,-1.683,0.0046,0.809,nan,0.00,1,1,1,0,1,0.0000,0.402,0,0.128,1,0.840,0,0,yolo,119.7,yolo,1,1,0,0.000,0,-1,0
1785654005.328,-9.352,-1.672,29.073,0.9863,0,2.134,-0.005,4.916,0.2466,6.019,-0.518,0.557,1.000,-4.916,-11.487,-0.4621,-0.0224,0.106,0.106,0.793,1.776,1.641,-1.677,0.0045,0.809,nan,0.00,1,1,1,0,1,0.0000,0.402,0,0.128,1,0.840,0,0,yolo,119.7,yolo,1,1,0,0.000,0,-1,0
1785654005.358,-9.579,-1.747,28.624,0.9856,0,3.634,-0.118,5.307,0.2633,5.872,-0.555,0.459,0.979,-5.397,-14.000,0.2961,0.5134,0.045,0.336,0.803,1.778,1.726,-1.865,0.0045,0.724,nan,0.00,1,1,1,1,1,0.0000,0.255,0,0.135,2,0.807,0,0,yolo,122.8,yolo,1,1,0,0.000,0,-1,0
1785654005.390,-9.978,-1.847,28.134,0.9844,0,2.134,0.052,5.270,0.2727,5.872,-0.555,0.459,0.979,-5.397,-11.168,-0.3564,0.0173,-0.021,-0.021,0.820,1.781,1.713,-1.794,0.0044,0.737,nan,0.00,1,1,1,0,1,0.0000,0.255,0,0.135,2,0.807,0,0,yolo,122.8,yolo,1,1,0,0.000,0,-1,0
1785654005.421,-9.978,-1.847,28.134,0.9844,0,1.190,0.042,5.243,0.2726,5.872,-0.555,0.459,0.979,-5.397,-11.168,-0.3564,0.0173,-0.021,-0.021,0.820,1.781,1.713,-1.805,0.0043,0.737,nan,0.00,1,1,1,0,1,0.0000,0.515,0,0.140,2,0.787,0,0,yolo,122.8,yolo,1,1,0,0.000,0,-1,0
1785654005.452,-10.195,-1.932,27.608,0.9837,0,-0.310,0.199,5.222,0.2727,5.872,-0.555,0.459,0.979,-5.397,-9.882,-0.4238,0.0367,-0.088,-0.088,0.840,1.785,1.702,-1.733,0.0042,0.748,nan,0.00,1,1,1,0,1,0.0000,0.515,0,0.140,2,0.787,0,0,yolo,122.8,yolo,1,1,0,0.000,0,-1,0
1785654005.481,-10.157,-1.994,27.156,0.9837,0,1.190,0.036,4.706,0.2894,5.561,-0.514,0.365,0.927,-5.280,-12.516,-0.1137,1.0485,-0.144,0.057,0.861,1.789,1.807,-1.958,0.0042,0.643,nan,0.00,1,1,1,1,1,0.0000,0.517,0,0.142,2,0.784,0,0,yolo,115.3,yolo,1,1,0,0.000,0,-1,0
1785654005.514,-10.279,-2.064,26.757,0.9833,0,-0.310,0.166,4.722,0.2727,5.561,-0.514,0.365,0.927,-5.280,-8.168,-0.2585,0.0158,-0.202,-0.202,0.877,1.794,1.800,-1.898,0.0041,0.650,nan,0.00,1,1,1,0,1,0.0000,0.521,0,0.146,2,0.773,0,0,yolo,115.3,yolo,1,1,0,0.000,0,-1,0
1785654005.553,-10.279,-2.064,26.757,0.9833,0,-1.810,0.131,4.733,0.2726,5.561,-0.514,0.365,0.927,-5.280,-8.168,-0.2585,0.0158,-0.202,-0.202,0.877,1.794,1.800,-1.932,0.0041,0.650,nan,0.00,1,1,1,0,1,0.0000,0.521,0,0.146,2,0.773,1,0,yolo,115.3,yolo,1,1,0,0.000,0,-1,0
1785654005.592,-10.238,-2.123,26.329,0.9834,0,-2.950,-0.027,3.911,0.2893,5.305,-0.452,0.268,0.884,-4.867,-7.288,-0.5741,1.6460,-0.263,-0.065,0.871,1.800,1.909,-2.149,0.0040,0.541,nan,0.00,1,1,1,1,1,0.0000,0.525,0,0.150,2,0.759,0,0,yolo,119.2,yolo,1,1,0,0.000,0,-1,0
1785654005.623,-10.039,-2.189,25.889,0.9840,0,-4.450,0.108,3.806,0.2726,5.305,-0.452,0.268,0.884,-4.867,-5.074,-0.2543,-0.0136,-0.320,-0.320,0.857,1.807,1.905,-2.080,0.0039,0.545,nan,0.00,1,1,1,0,1,0.0000,0.677,0,0.189,2,0.761,0,0,yolo,119.2,yolo,1,1,0,0.000,0,-1,0
1785654005.655,-9.739,-2.256,25.528,0.9848,0,-5.652,0.238,3.728,0.2720,5.305,-0.452,0.268,0.884,-4.867,-4.088,-0.3070,-0.0343,-0.372,-0.372,0.836,1.815,1.901,-2.018,0.0039,0.549,nan,0.00,1,1,1,0,1,0.0000,0.677,0,0.189,2,0.761,0,0,yolo,119.2,yolo,1,1,0,0.000,0,-1,0
1785654005.687,-9.336,-2.307,25.196,0.9860,0,-6.170,0.340,3.669,0.2717,5.305,-0.452,0.268,0.884,-4.867,-3.166,-0.3562,-0.0603,-0.422,-0.422,0.810,1.823,1.899,-1.967,0.0038,0.551,nan,0.00,1,1,1,0,1,0.0000,0.678,0,0.190,2,0.755,0,0,yolo,119.2,yolo,1,1,0,0.000,0,-1,0
1785654005.722,-8.695,-2.326,24.848,0.9877,0,-6.890,-0.034,2.169,0.2883,4.965,-0.308,0.125,0.827,-3.553,-1.805,-0.5692,0.9018,-0.465,-0.223,0.792,1.831,2.073,-2.360,0.0038,0.371,nan,0.00,1,1,1,1,1,0.0000,0.678,0,0.190,2,0.755,2,0,yolo,117.5,yolo,1,1,0,0.000,0,-1,0
1785654005.763,-8.695,-2.326,24.848,0.9877,0,-8.390,-0.108,1.695,0.2717,4.965,-0.308,0.125,0.827,-3.553,0.309,-0.2422,0.0000,-0.465,-0.465,0.792,1.831,2.073,-2.433,0.0038,0.371,nan,0.00,1,1,1,0,1,0.0000,0.672,0,0.185,2,0.756,0,0,yolo,117.5,yolo,1,1,0,0.000,0,-1,0
1785654005.794,-7.929,-2.370,24.624,0.9896,0,-9.025,0.001,1.598,0.2580,4.965,-0.308,0.125,0.827,-3.553,1.096,-0.2848,-0.0283,-0.508,-0.508,0.764,1.840,2.073,-2.369,0.0037,0.371,nan,0.00,1,1,1,0,1,0.0000,0.668,0,0.182,2,0.752,0,0,yolo,117.5,yolo,1,1,0,0.000,0,-1,0
1785654005.826,-6.947,-2.384,24.499,0.9918,0,-10.030,-0.048,0.687,0.2747,4.799,-0.243,0.070,0.800,-2.901,3.083,-0.8186,1.0832,-0.542,-0.392,0.755,1.847,2.113,-2.433,0.0037,0.299,nan,0.00,1,1,1,1,1,0.0000,0.668,0,0.182,2,0.752,0,0,yolo,113.6,yolo,1,1,0,0.000,0,-1,0
1785654005.858,-5.866,-2.399,24.429,0.9939,0,-8.887,-0.014,0.628,0.2602,4.799,-0.243,0.070,0.800,-2.901,3.020,-0.1753,-0.0042,-0.567,-0.567,0.751,1.855,2.116,-2.412,0.0037,0.296,nan,0.00,1,1,1,0,1,0.0000,0.509,0,0.134,2,0.756,0,0,yolo,113.6,yolo,1,1,0,0.000,0,-1,0
1785654005.898,-5.866,-2.399,24.429,0.9939,0,-8.887,-0.086,0.584,0.2602,4.799,-0.243,0.070,0.800,-2.901,3.020,-0.1753,-0.0042,-0.567,-0.567,0.751,1.855,2.116,-2.485,0.0036,0.296,nan,0.00,1,1,1,0,1,0.0000,0.506,0,0.131,2,0.763,0,0,yolo,113.6,yolo,1,1,0,0.000,0,-1,0
1785654005.937,-4.960,-2.403,24.383,0.9954,0,-10.387,-0.051,-0.916,0.2768,4.602,-0.137,0.017,0.767,-1.705,8.038,-0.9604,0.7428,-0.587,-0.533,0.755,1.862,2.120,-2.455,0.0036,0.221,nan,0.00,1,1,1,1,1,0.0000,0.506,0,0.131,2,0.763,0,0,yolo,115.8,yolo,1,1,0,0.000,0,-1,0
1785654005.969,-4.130,-2.415,24.334,0.9965,0,-9.681,-0.013,-1.285,0.2623,4.602,-0.137,0.017,0.767,-1.705,5.551,-0.0660,0.0088,-0.599,-0.599,0.764,1.868,2.120,-2.428,0.0036,0.220,nan,0.00,1,1,1,0,1,0.0000,0.597,0,0.122,3,0.813,0,0,yolo,115.8,yolo,1,1,0,0.000,0,-1,0
1785654006.009,-3.098,-2.420,24.383,0.9976,0,-8.750,0.005,-1.468,0.2627,4.602,-0.137,0.017,0.767,-1.705,5.652,-0.0715,0.0234,-0.604,-0.604,0.779,1.873,2.120,-2.415,0.0036,0.218,nan,0.00,1,1,1,0,1,0.0000,0.485,0,0.110,2,0.809,0,0,yolo,115.8,yolo,1,1,0,0.000,0,-1,0
1785654006.055,-2.184,-2.410,24.559,0.9984,0,-10.250,0.099,-2.862,0.2794,4.397,-0.020,-0.040,0.733,-0.257,10.281,-0.6668,0.4357,-0.609,-0.581,0.785,1.878,2.079,-2.312,0.0036,0.146,nan,0.00,1,1,1,1,1,0.0000,0.485,0,0.110,2,0.809,2,0,yolo,115.3,yolo,1,1,0,0.000,0,-1,0
1785654006.096,-1.257,-2.405,24.707,0.9989,0,-9.538,0.098,-2.763,0.2641,4.397,-0.020,-0.040,0.733,-0.257,8.281,-0.0248,0.0129,-0.606,-0.606,0.798,1.883,2.079,-2.307,0.0035,0.145,nan,0.00,1,1,1,0,1,0.0000,0.380,0,0.101,1,0.800,0,0,yolo,115.3,yolo,1,1,0,0.000,0,-1,0
1785654006.127,-0.229,-2.394,24.949,0.9991,0,-8.337,0.078,-2.689,0.2678,4.397,-0.020,-0.040,0.733,-0.257,8.108,-0.0151,0.0206,-0.596,-0.596,0.806,1.886,2.079,-2.316,0.0035,0.144,nan,0.00,1,1,1,0,1,0.0000,0.255,0,0.049,1,0.794,0,0,yolo,115.3,yolo,1,1,0,0.000,0,-1,0
1785654006.163,0.699,-2.386,25.255,0.9991,0,-9.837,0.212,-4.090,0.2844,4.098,0.102,-0.113,0.683,1.425,14.000,-0.9025,0.6342,-0.581,-0.617,0.806,1.889,2.020,-2.174,0.0035,0.059,nan,0.00,1,1,1,1,1,0.0000,0.251,0,0.043,1,0.783,2,0,yolo,111.5,yolo,1,1,0,0.000,0,-1,0
1785654006.205,1.748,-2.374,25.616,0.9987,0,-8.472,0.180,-3.865,0.2679,4.098,0.102,-0.113,0.683,1.425,10.220,0.0569,-0.0027,-0.560,-0.560,0.804,1.891,2.020,-2.195,0.0035,0.060,nan,0.00,1,1,1,0,1,0.0000,0.254,0,0.048,1,0.774,0,0,yolo,111.5,yolo,1,1,0,0.000,0,-1,0
1785654006.236,1.748,-2.374,25.616,0.9987,0,-8.472,0.142,-3.697,0.2679,4.098,0.102,-0.113,0.683,1.425,10.220,0.0569,-0.0027,-0.560,-0.560,0.804,1.891,2.020,-2.233,0.0035,0.060,nan,0.00,1,1,1,0,1,0.0000,0.250,0,0.042,1,0.774,0,0,yolo,111.5,yolo,1,1,0,0.000,0,-1,0
1785654006.271,2.582,-2.370,25.998,0.9981,0,-7.228,0.132,-3.571,0.2658,4.098,0.102,-0.113,0.683,1.425,9.810,0.0802,-0.0083,-0.537,-0.537,0.798,1.893,2.020,-2.238,0.0035,0.061,nan,0.00,1,1,1,0,1,0.0000,0.250,0,0.042,1,0.774,1,0,yolo,111.5,yolo,1,1,0,0.000,0,-1,0
1785654006.313,3.328,-2.374,26.330,0.9975,0,-5.951,0.145,-3.476,0.2656,4.098,0.102,-0.113,0.683,1.425,9.279,0.1104,-0.0141,-0.506,-0.506,0.792,1.895,2.020,-2.229,0.0035,0.063,nan,0.00,1,1,1,0,1,0.0000,0.460,0,0.085,2,0.769,0,0,yolo,111.5,yolo,1,1,0,0.000,0,-1,0
1785654006.343,3.945,-2.379,26.645,0.9968,0,-4.752,0.163,-3.405,0.2656,4.098,0.102,-0.113,0.683,1.425,8.697,0.1434,-0.0185,-0.473,-0.473,0.788,1.898,2.020,-2.216,0.0035,0.065,nan,0.00,1,1,1,0,1,0.0000,0.236,0,0.096,2,0.772,0,0,yolo,111.5,yolo,1,1,0,0.000,0,-1,0
1785654006.380,4.421,-2.385,26.954,0.9962,0,-3.699,0.180,-3.352,0.2656,4.098,0.102,-0.113,0.683,1.425,8.119,0.1762,-0.0207,-0.441,-0.441,0.786,1.901,2.020,-2.205,0.0035,0.066,nan,0.00,1,1,1,0,1,0.0000,0.252,0,0.128,2,0.751,0,0,yolo,111.5,yolo,1,1,0,0.000,0,-1,0
1785654006.427,4.791,-2.391,27.255,0.9956,0,-5.199,1.022,-4.852,0.2760,3.086,0.459,-0.412,0.514,8.461,14.000,-0.0000,-0.0000,-0.407,-0.407,0.790,1.904,1.691,-1.370,0.0035,-0.243,nan,0.00,1,1,1,1,1,0.0000,0.515,0,0.140,2,0.748,0,0,yolo,113.3,yolo,1,1,0,0.000,0,-1,0
1785654006.472,5.373,-2.318,27.720,0.9948,0,-6.699,0.927,-6.352,0.2764,3.086,0.459,-0.412,0.514,8.461,14.000,0.0379,0.0032,-0.369,-0.369,0.793,1.905,1.691,-1.391,0.0035,-0.242,nan,0.00,1,1,1,0,1,0.0000,0.515,0,0.140,2,0.748,2,0,yolo,113.3,yolo,1,1,0,0.000,0,-1,0
1785654006.500,6.111,-2.290,28.379,0.9935,0,-7.889,0.872,-6.723,0.2764,3.086,0.459,-0.412,0.514,8.461,14.000,0.0777,-0.0010,-0.330,-0.330,0.789,1.904,1.691,-1.417,0.0036,-0.237,nan,0.00,1,1,1,0,1,0.0000,0.264,0,0.153,2,0.749,0,0,yolo,113.3,yolo,1,1,0,0.000,0,-1,0
1785654006.531,6.111,-2.290,28.379,0.9935,0,-7.889,0.858,-6.491,0.2764,3.086,0.459,-0.412,0.514,8.461,14.000,0.0777,-0.0010,-0.330,-0.330,0.789,1.904,1.691,-1.432,0.0036,-0.237,nan,0.00,1,1,1,0,1,0.0000,0.534,0,0.159,2,0.747,0,0,yolo,113.3,yolo,1,1,0,0.000,0,-1,0
1785654006.562,6.857,-2.277,28.985,0.9921,0,-7.143,0.833,-6.317,0.2762,3.086,0.459,-0.412,0.514,8.461,14.000,0.1178,-0.0108,-0.290,-0.290,0.779,1.904,1.691,-1.444,0.0036,-0.231,nan,0.00,1,1,1,0,1,0.0000,0.434,0,0.168,1,0.750,0,0,yolo,113.3,yolo,1,1,0,0.000,0,-1,0
1785654006.594,7.599,-2.267,29.603,0.9904,0,-6.150,0.823,-6.187,0.2758,3.086,0.459,-0.412,0.514,8.461,13.750,0.1696,-0.0276,-0.238,-0.238,0.762,1.905,1.691,-1.444,0.0036,-0.225,nan,0.00,1,1,1,0,1,0.0000,0.434,0,0.168,1,0.750,0,0,yolo,113.3,yolo,1,1,0,0.000,0,-1,0
1785654006.622,8.158,-2.261,30.119,0.9891,0,-4.801,0.825,-6.089,0.2751,3.086,0.459,-0.412,0.514,8.461,12.959,0.2178,-0.0467,-0.190,-0.190,0.743,1.906,1.691,-1.436,0.0036,-0.220,nan,0.00,1,1,1,0,1,0.0000,0.330,0,0.175,0,0.700,0,0,yolo,113.3,yolo,1,1,0,0.000,0,-1,0
1785654006.663,8.590,-2.260,30.635,0.9880,0,-3.569,0.836,-6.015,0.2745,3.086,0.459,-0.412,0.514,8.461,12.159,0.2665,-0.0663,-0.141,-0.141,0.724,1.907,1.691,-1.424,0.0037,-0.216,nan,0.00,1,1,1,0,1,0.0000,0.364,0,0.231,0,0.643,0,0,yolo,113.3,yolo,1,1,0,0.000,0,-1,0
1785654006.711,8.911,-2.260,31.148,0.9872,0,-2.441,0.853,-5.960,0.2738,3.086,0.459,-0.412,0.514,8.461,11.351,0.3155,-0.0849,-0.092,-0.092,0.705,1.909,1.691,-1.407,0.0037,-0.214,nan,0.00,1,1,1,0,1,0.0000,0.370,0,0.242,0,0.577,0,0,yolo,113.3,yolo,1,1,0,0.000,0,-1,0
1785654006.751,9.124,-2.260,31.631,0.9866,0,-3.941,1.601,-6.403,0.2905,2.341,0.536,-0.672,0.390,12.907,13.204,-0.0000,0.6888,-0.045,-0.045,0.689,1.912,1.399,-0.660,0.0037,-0.207,nan,0.00,1,1,0,1,1,0.0000,0.167,0,0.042,0,0.533,0,0,yolo,112.5,yolo,1,1,0,0.000,0,-1,0
1785654006.781,9.496,-2.197,32.179,0.9856,0,-2.911,1.543,-6.179,0.3071,2.341,0.536,-0.672,0.390,12.907,12.407,0.0513,0.6688,0.006,0.006,0.669,1.913,1.399,-0.654,0.0037,-0.201,nan,0.00,1,1,0,0,1,0.0000,0.171,0,0.051,0,0.485,0,0,yolo,112.5,yolo,1,1,0,0.000,0,-1,0
1785654006.812,9.796,-2.137,32.776,0.9847,0,-1.745,1.492,-6.011,0.3069,2.341,0.536,-0.672,0.390,12.907,11.541,0.1068,0.6377,0.062,0.062,0.638,1.915,1.399,-0.645,0.0037,-0.195,nan,0.00,1,1,0,0,1,0.0000,0.295,0,0.117,0,0.419,0,0,yolo,112.5,yolo,1,1,0,0.000,0,-1,0
1785654006.843,9.800,-2.136,32.783,0.9847,0,-0.245,1.970,-5.713,0.3067,4.000,0.400,0.000,0.233,5.713,3.024,-0.0000,0.6372,0.062,0.062,0.637,1.915,1.200,-0.167,0.0037,-0.189,nan,0.00,0,1,0,1,1,0.0000,0.295,0,0.117,0,0.419,0,1,blueline,,BLUELINE,1,1,0,0.000,0,-1,0
1785654006.875,9.956,-2.085,33.320,0.9843,0,-1.745,1.934,-7.213,0.3042,4.000,2.750,0.000,0.667,25.000,14.000,-4.1888,0.5821,0.116,0.116,0.582,1.918,1.200,-0.151,0.0037,-0.183,nan,8.00,1,1,0,1,1,1.0327,0.500,1,0.251,0,0.228,0,0,blueline,,BLUELINE,1,1,0,0.000,0,-1,0
1785654006.907,10.123,-2.003,33.965,0.9838,0,-3.245,1.861,-8.713,0.3009,4.000,2.750,0.000,0.667,25.000,14.000,0.0524,0.5106,0.168,0.168,0.511,1.919,1.200,-0.142,0.0037,-0.178,nan,8.00,1,1,0,0,1,1.0327,0.500,1,0.251,0,0.228,0,0,blueline,,BLUELINE,1,1,0,0.000,0,-1,0
1785654006.944,10.419,-1.968,34.716,0.9829,0,-3.581,1.846,-10.213,0.2976,4.000,3.310,0.000,0.667,25.000,14.000,-0.0000,0.4358,0.215,0.215,0.436,1.922,1.200,-0.122,0.0037,-0.173,nan,8.00,1,1,0,1,1,1.0235,0.500,1,0.317,0,0.166,0,1,track,,TRACK,1,1,0,0.000,0,-1,0
1785654006.985,10.714,-1.963,35.553,0.9820,0,-3.286,1.870,-11.713,0.2945,4.000,2.887,0.000,0.667,25.000,14.000,-0.0000,0.3660,0.256,0.256,0.366,1.926,1.200,-0.093,0.0037,-0.167,nan,8.00,1,1,0,1,1,1.0163,0.500,1,0.277,0,0.127,0,1,blueline,,BLUELINE,1,1,0,0.000,0,-1,0
1785654007.021,10.984,-1.983,36.567,0.9811,0,-3.016,1.936,-13.213,0.2914,4.000,3.542,0.000,0.667,25.000,14.000,-0.0000,0.2966,0.296,0.296,0.297,1.932,1.200,-0.047,0.0037,-0.162,nan,8.00,1,1,0,1,1,1.0109,0.500,1,0.277,0,0.127,2,1,track,,TRACK,1,1,0,0.000,0,-1,0
1785654007.063,11.238,-2.028,37.770,0.9802,0,-2.762,2.047,-14.713,0.2886,4.000,3.542,0.000,0.667,25.000,14.000,0.0386,0.2328,0.334,0.334,0.233,1.939,1.200,0.018,0.0037,-0.157,nan,8.00,1,1,0,0,1,0.9590,0.500,1,0.348,0,0.075,0,0,track,,TRACK,1,1,0,0.000,0,-1,0
1785654007.095,11.447,-2.088,38.997,0.9795,0,-2.553,2.177,-16.213,0.2864,4.000,2.864,0.000,0.667,25.000,14.000,-0.0000,0.1839,0.367,0.367,0.184,1.948,1.200,0.089,0.0037,-0.153,nan,8.00,1,1,0,1,1,0.9389,0.500,1,0.358,0,0.057,0,1,blueline,,BLUELINE,1,1,0,0.000,0,-1,0
1785654007.127,11.625,-2.164,40.315,0.9788,0,-2.375,2.333,-17.713,0.2847,4.000,2.864,0.000,0.667,25.000,14.000,0.0279,0.1454,0.395,0.395,0.145,1.959,1.200,0.169,0.0037,-0.148,nan,8.00,1,1,0,0,1,0.9239,0.500,1,0.358,0,0.057,0,0,blueline,,BLUELINE,1,1,0,0.000,0,-1,0
1785654007.158,11.781,-2.256,41.752,0.9782,0,-2.219,2.516,-19.213,0.2833,4.000,2.780,0.000,0.667,25.000,14.000,-0.0000,0.1136,0.418,0.418,0.114,1.972,1.200,0.260,0.0037,-0.144,nan,8.00,1,1,0,1,1,0.8984,0.500,1,0.416,0,0.036,0,0,blueline,,BLUELINE,1,1,0,0.000,0,-1,0
1785654007.189,11.781,-2.256,41.752,0.9782,0,-2.219,2.417,-20.000,0.2832,4.000,2.666,0.000,0.667,25.000,14.000,-0.0000,0.1136,0.418,0.418,0.114,1.972,1.200,0.161,0.0037,-0.139,nan,8.00,1,1,0,1,1,0.8795,0.500,1,0.426,0,0.003,0,0,blueline,,BLUELINE,1,1,0,0.000,0,-1,0
1785654007.228,11.914,-2.360,43.299,0.9776,0,-2.086,2.652,-20.000,0.2819,4.000,2.789,0.000,0.667,25.000,14.000,-0.0000,0.0864,0.438,0.438,0.086,1.987,1.200,0.292,0.0037,-0.135,nan,8.00,1,1,0,1,1,0.8695,0.500,1,0.433,0,-0.049,1,1,track,,TRACK,1,1,0,0.000,0,-1,0
1785654007.267,12.151,-2.604,46.490,0.9766,0,-1.849,3.259,-18.500,0.2799,4.000,2.608,0.000,0.233,25.000,14.000,-0.0000,0.0389,0.471,0.471,0.039,2.022,1.200,0.656,0.0037,-0.131,nan,0.00,0,1,0,1,1,0.7620,0.281,1,0.500,1,-0.190,0,1,blueline,,BLUELINE,1,1,0,0.000,0,-1,0
1785654007.297,12.245,-2.643,48.005,0.9762,0,-1.755,3.361,-17.000,0.2789,4.000,2.608,0.000,0.233,25.000,14.000,0.0213,0.0174,0.493,0.493,0.017,2.040,1.200,0.719,0.0037,-0.127,nan,0.00,0,1,0,0,1,0.6876,0.281,1,0.500,1,-0.190,0,0,blueline,,BLUELINE,1,1,0,0.000,0,-1,0
1785654007.333,12.245,-2.643,48.005,0.9762,0,-1.755,3.176,-18.500,0.2788,4.000,2.463,0.000,0.667,25.000,14.000,-0.0000,0.0174,0.493,0.493,0.017,2.040,1.200,0.533,0.0037,-0.123,nan,8.00,1,1,0,1,1,0.6124,0.562,1,0.507,1,-0.152,1,1,track,,TRACK,1,1,0,0.000,0,-1,0
1785654007.369,12.338,-2.642,49.370,0.9759,0,-1.662,3.281,-17.000,0.2779,4.000,2.350,0.000,0.667,25.000,14.000,-0.0000,-0.0023,0.520,0.520,-0.002,2.058,1.200,0.639,0.0037,-0.120,nan,0.00,1,1,0,1,1,0.6095,0.278,1,0.574,1,-0.145,0,0,track,,TRACK,1,1,0,0.000,0,-1,0
1785654007.408,12.507,-2.708,52.223,0.9752,0,-1.493,3.718,-15.500,0.2764,4.000,2.350,0.000,0.667,25.000,14.000,0.0481,-0.0373,0.568,0.568,-0.037,2.097,1.200,1.010,0.0037,-0.116,nan,0.00,1,1,0,0,1,0.6545,0.278,1,0.574,1,-0.145,0,0,track,,TRACK,1,1,0,0.000,0,-1,0
1785654007.439,12.580,-2.663,53.492,0.9749,0,-1.420,3.694,-17.000,0.2757,4.000,2.334,0.000,0.667,25.000,14.000,-0.0000,-0.0512,0.598,0.598,-0.051,2.116,1.200,1.031,0.0037,-0.113,nan,8.00,1,1,0,1,1,0.6653,0.556,1,0.575,1,-0.136,0,1,blueline,,BLUELINE,1,1,0,0.000,0,-1,0
1785654007.475,12.580,-2.663,53.492,0.9749,0,-1.420,3.472,-18.500,0.2756,4.000,1.729,0.000,0.667,23.379,14.000,-0.0000,-0.0512,0.598,0.598,-0.051,2.116,1.200,0.808,0.0037,-0.109,nan,8.00,1,1,0,1,1,0.6913,0.667,1,0.586,3,-0.120,2,1,track,,TRACK,1,1,0,0.000,0,-1,0
1785654007.516,14.412,-3.794,34.344,0.9664,0,0.080,1.972,-20.000,0.2759,4.000,1.729,0.000,0.667,23.379,14.000,0.7855,-0.0945,1.383,1.383,-0.095,1.778,1.200,-2.500,0.0037,-0.106,nan,8.00,1,1,0,0,1,0.5947,0.562,1,0.497,1,-0.075,0,0,track,,TRACK,1,1,0,0.000,0,-1,0
1785654007.546,14.543,-0.261,26.263,0.9680,0,1.580,0.472,-18.500,0.2688,4.000,2.132,0.000,0.233,25.000,8.909,-0.0000,-0.2355,1.732,1.732,-0.235,1.558,1.200,-2.500,0.0037,-0.103,nan,0.00,0,1,0,1,1,0.7037,0.312,1,0.505,2,-0.039,0,1,blueline,,BLUELINE,1,1,0,0.000,0,-1,0
1785654007.577,14.543,-0.261,26.263,0.9680,0,3.080,-1.028,-20.000,0.2687,4.000,2.132,0.000,0.233,25.000,8.909,0.0000,-0.2355,1.732,1.732,-0.235,1.558,1.200,-2.500,0.0037,-0.100,nan,8.00,0,1,0,0,1,0.7953,0.625,1,0.505,2,-0.039,0,0,blueline,,BLUELINE,1,1,0,0.000,0,-1,0
1785654007.608,14.672,-0.747,29.857,0.9673,0,4.580,-1.163,-18.500,0.2599,4.000,2.162,0.000,0.233,25.000,9.174,-0.0000,-0.4270,1.727,1.727,-0.427,1.670,1.200,-1.910,0.0037,-0.097,nan,0.00,0,1,0,1,1,0.6863,0.250,1,0.509,0,-0.008,0,0,blueline,,BLUELINE,1,1,0,0.000,0,-1,0
1785654007.639,14.035,-1.704,33.621,0.9697,0,4.768,0.337,-17.000,0.2529,4.000,2.162,0.000,0.233,25.000,9.267,-0.0159,-0.5608,1.711,1.711,-0.561,1.793,1.200,0.050,0.0037,-0.094,nan,0.00,0,1,0,0,1,0.5772,0.250,1,0.509,0,-0.008,0,0,blueline,,BLUELINE,1,1,0,0.000,0,-1,0
1785654007.678,13.603,-1.679,34.439,0.9715,0,3.268,1.837,-18.500,0.2488,4.000,2.034,0.000,0.667,25.000,14.000,-0.0000,-0.6389,1.777,1.777,-0.639,1.831,1.200,0.389,0.0037,-0.091,nan,8.00,1,1,0,1,1,0.5139,0.611,1,0.577,2,0.086,0,1,track,,TRACK,1,1,0,0.000,0,-1,0
1785654007.716,13.279,-1.566,35.363,0.9729,0,4.768,2.248,-17.000,0.2474,4.000,1.246,0.000,0.233,17.299,1.221,-0.0000,-0.6577,1.833,1.833,-0.658,1.871,1.200,0.681,0.0037,-0.088,nan,0.00,0,1,0,1,1,0.4048,0.300,1,0.297,1,0.700,0,1,blueline,,BLUELINE,1,1,0,0.000,0,-1,0
1785654007.747,12.780,-1.610,37.116,0.9748,0,6.268,2.921,-18.500,0.2522,4.000,1.246,0.000,0.233,17.299,1.010,0.0342,-0.5414,1.867,1.867,-0.541,1.941,1.200,1.311,0.0037,-0.086,nan,8.00,0,1,0,0,1,0.2972,0.600,1,0.297,1,0.700,0,0,blueline,,BLUELINE,1,1,0,0.000,0,-1,0
1785654007.778,12.137,-1.604,38.842,0.9773,0,7.768,1.421,-17.000,0.2596,4.000,-0.292,0.000,0.667,-4.170,-14.000,4.1888,-0.3666,1.895,1.895,-0.367,2.011,2.000,-0.195,0.0037,-0.083,nan,0.00,1,1,0,1,1,0.0000,0.619,0,0.141,3,0.833,0,0,blueline,,BLUELINE,1,1,0,0.000,0,-1,0
1785654007.816,12.137,-1.604,38.842,0.9773,0,9.268,2.921,-15.500,0.2595,nan,nan,nan,0.000,0.000,-10.000,0.0000,-0.3666,1.895,1.895,-0.367,2.011,1.000,1.772,0.0037,-0.081,nan,0.00,0,0,0,0,1,0.0000,0.359,0,0.074,2,0.866,0,0,,,FLYING,1,1,0,0.000,0,-1,0
1785654007.843,11.338,-1.684,40.344,0.9801,0,10.768,3.902,-14.000,0.2646,nan,nan,nan,0.000,0.000,-10.000,0.0000,-0.2374,1.925,1.925,-0.237,2.073,1.000,2.218,0.0037,-0.078,nan,0.00,0,0,0,0,1,0.0000,0.359,0,0.074,2,0.866,0,0,,,FLYING,1,1,0,0.000,0,-1,0
1785654007.873,10.428,-1.581,41.670,0.9831,0,12.268,3.573,-12.500,0.2677,7.419,-2.609,0.425,1.000,-19.374,-14.000,-0.0000,-0.0000,1.952,1.952,-0.158,2.128,1.200,1.992,0.0037,0.150,nan,0.00,1,1,1,1,1,0.0000,0.256,0,0.052,1,0.876,0,1,yolo,101.2,yolo,1,1,0,0.000,0,-1,0
1785654007.904,9.281,-1.377,42.755,0.9866,0,13.768,3.468,-11.000,0.2510,7.676,-2.592,0.476,1.000,-18.660,-14.000,-2.8699,-2.0000,1.977,0.943,-0.114,2.173,1.200,2.092,0.0037,0.236,nan,0.00,1,1,1,1,1,0.0000,0.252,0,0.045,1,0.907,0,0,yolo,100.8,yolo,1,1,0,0.000,0,-1,0
1785654007.940,8.009,-1.147,43.660,0.9900,0,15.268,3.239,-9.500,0.2636,7.676,-2.592,0.476,1.000,-18.660,-14.000,1.0555,0.0289,1.998,1.998,-0.085,2.211,1.200,2.092,0.0036,0.264,nan,0.00,1,1,1,0,0,0.0000,0.000,0,0.000,0,0.000,0,0,yolo,100.8,yolo,1,1,0,0.000,0,-1,0
1785654007.972,6.637,-0.916,44.443,0.9932,0,16.768,2.956,-8.000,0.2626,7.676,-2.592,0.476,1.000,-18.660,-14.000,1.0694,0.0473,2.012,2.012,-0.067,2.242,1.200,2.041,0.0036,0.296,nan,0.00,1,1,1,0,0,0.0000,0.000,0,0.000,0,0.000,0,0,yolo,100.8,yolo,1,1,0,0.000,0,-1,0
1785654008.003,5.155,-0.689,45.103,0.9959,0,18.268,2.638,-6.500,0.2460,7.724,-2.707,0.548,1.000,-19.317,-14.000,0.8861,-0.9940,2.019,1.214,-0.052,2.268,1.200,1.949,0.0036,0.395,nan,0.00,1,1,1,1,0,0.0000,0.000,0,0.000,0,0.000,0,0,yolo,102.2,yolo,1,1,0,0.000,0,-1,0
1785654008.033,5.155,-0.689,45.103,0.9959,0,19.155,2.254,-5.000,0.2567,7.724,-2.707,0.548,1.000,-19.317,-14.000,0.8043,0.0000,2.019,2.019,-0.052,2.268,1.200,1.565,0.0035,0.395,nan,0.00,1,1,1,0,0,0.0000,0.000,0,0.000,0,0.000,0,0,yolo,102.2,yolo,1,1,0,0.000,0,-1,0
1785654008.066,3.671,-0.486,45.597,0.9979,0,17.671,2.024,-3.500,0.2558,7.724,-2.707,0.548,1.000,-19.317,-14.000,0.8042,0.0204,2.018,2.018,-0.032,2.286,1.200,1.538,0.0035,0.439,nan,0.00,1,1,1,0,1,0.0000,0.283,0,0.097,1,0.827,0,0,yolo,102.2,yolo,1,1,0,0.000,0,-1,0
1785654008.092,2.031,-0.288,45.986,0.9994,0,16.171,1.754,-2.000,0.2391,7.536,-3.058,0.616,1.000,-22.087,-14.000,5.4645,-1.5922,2.011,1.744,-0.006,2.299,1.200,1.467,0.0034,0.545,nan,0.00,1,1,1,1,1,0.0000,0.283,0,0.097,1,0.827,0,0,yolo,103.7,yolo,1,1,0,0.000,0,-1,0
1785654008.129,0.476,-0.093,46.262,1.0000,0,14.671,1.449,-0.500,0.2503,7.536,-3.058,0.616,1.000,-22.087,-14.000,0.2511,0.0224,1.995,1.995,0.016,2.307,1.200,1.356,0.0034,0.603,nan,0.00,1,1,1,0,0,0.0000,0.000,0,0.000,0,0.000,0,0,yolo,103.7,yolo,1,1,0,0.000,0,-1,0
1785654008.176,-0.989,0.089,46.422,0.9998,0,13.171,1.125,1.000,0.2503,7.536,-3.058,0.616,1.000,-22.087,-14.000,0.2277,0.0595,1.971,1.971,0.053,2.310,1.200,1.213,0.0033,0.657,nan,0.00,1,1,1,0,0,0.0000,0.000,0,0.000,0,0.000,0,0,yolo,103.7,yolo,1,1,0,0.000,0,-1,0
1785654008.209,-2.433,0.251,46.457,0.9991,0,11.671,0.789,2.500,0.2336,7.373,-3.414,0.639,1.000,-24.848,-14.000,2.1322,-0.5663,1.939,1.794,0.100,2.306,1.200,1.040,0.0032,0.751,nan,0.00,1,1,1,1,0,0.0000,0.000,0,0.000,0,0.000,0,0,yolo,111.2,yolo,1,1,0,0.000,0,-1,0
1785654008.239,-3.679,0.370,46.373,0.9979,0,10.321,0.484,4.000,0.2451,7.373,-3.414,0.639,1.000,-24.848,-14.000,0.1096,0.0396,1.904,1.904,0.139,2.299,1.200,0.854,0.0031,0.809,nan,0.00,1,1,1,0,0,0.0000,0.000,0,0.000,0,0.000,0,0,yolo,111.2,yolo,2,2,0,0.000,0,-1,0
1785654008.271,1.821,5.785,42.832,0.9944,0,11.821,-1.016,5.500,0.2618,7.373,-3.414,0.639,1.000,-24.848,-14.000,-0.1439,0.0087,1.650,1.650,0.109,1.809,1.200,-2.500,0.0032,-0.216,nan,0.00,1,1,1,0,0,0.0000,0.000,0,0.000,0,0.000,0,0,yolo,111.2,yolo,2,2,0,0.000,0,-1,0
1785654008.296,0.873,4.182,41.275,0.9972,0,13.321,-2.516,7.000,0.2646,7.373,-3.414,0.639,1.000,-24.848,-14.000,-0.5121,-0.0421,1.282,1.282,0.058,1.457,1.200,-2.500,0.0032,0.048,nan,0.00,1,1,1,0,0,0.0000,0.000,0,0.000,0,0.000,0,0,yolo,111.2,yolo,2,2,0,0.000,0,-1,0
1785654008.328,0.873,4.182,41.275,0.9972,0,14.821,-4.016,8.500,0.2812,7.283,-3.891,0.546,1.000,-25.000,-14.000,0.1926,0.9362,1.282,1.846,0.058,1.457,1.200,-2.500,0.0032,-0.046,nan,0.00,1,1,1,1,1,0.0000,0.249,0,0.039,1,0.898,0,0,yolo,123.4,yolo,2,2,0,0.000,0,-1,0
1785654008.364,-1.130,4.303,41.099,0.9970,0,13.321,-5.516,10.000,0.2646,7.283,-3.891,0.546,1.000,-25.000,-14.000,-0.9902,-0.0332,0.856,0.856,0.025,1.141,1.200,-2.500,0.0031,0.074,nan,0.00,1,1,1,0,0,0.0000,0.000,0,0.000,0,0.000,0,0,yolo,123.4,yolo,2,2,0,0.000,0,-1,1
1785654008.393,-2.748,3.991,40.859,0.9964,0,11.821,-6.491,11.500,0.2587,7.283,-3.891,0.546,1.000,-25.000,-14.000,-1.4411,-0.0584,0.405,0.405,-0.001,0.816,1.200,-2.500,0.0031,0.223,nan,0.00,1,1,1,0,0,0.0000,0.000,0,0.000,0,0.000,1,0,yolo,123.4,yolo,2,2,0,0.000,0,-1,0
1785654008.420,-4.278,3.571,40.461,0.9953,0,10.321,-6.071,12.000,0.2535,7.283,-3.891,0.546,1.000,-25.000,-14.000,-1.8890,-0.0750,-0.043,-0.043,-0.017,0.500,1.200,-2.500,0.0031,0.379,nan,0.00,1,1,1,0,0,0.0000,0.000,0,0.000,0,0.000,0,0,yolo,123.4,yolo,2,2,0,0.000,0,-1,0
1785654008.456,-5.486,2.911,39.251,0.9941,0,8.821,-4.911,12.000,0.2404,6.961,-4.137,0.396,1.000,-25.000,-14.000,-0.0000,-0.3343,-0.079,0.859,0.049,0.481,1.200,-2.000,0.0030,0.435,nan,0.00,1,1,1,1,0,0.0000,0.000,0,0.000,0,0.000,0,0,yolo,103.8,yolo,2,2,0,0.000,0,-1,0
1785654008.482,-5.486,2.911,39.251,0.9941,0,8.514,-4.911,12.000,0.2554,6.961,-4.137,0.396,1.000,-25.000,-14.000,-0.9383,0.0000,-0.079,-0.079,0.049,0.481,1.200,-2.000,0.0030,0.435,nan,0.00,1,1,1,0,0,0.0000,0.000,0,0.000,0,0.000,0,0,yolo,103.8,yolo,2,2,0,0.000,0,-1,0
1785654008.522,-6.618,2.288,38.154,0.9925,0,7.382,-4.288,12.000,0.2545,6.961,-4.137,0.396,1.000,-25.000,-14.000,-0.9824,0.0755,-0.124,-0.124,0.125,0.467,1.200,-2.000,0.0029,0.592,nan,0.00,1,1,1,0,1,0.0000,0.349,0,0.061,2,0.892,0,0,yolo,103.8,yolo,2,2,0,0.000,0,-1,0
1785654008.562,-7.559,1.711,37.210,0.9909,0,6.441,-3.711,12.000,0.2378,6.895,-4.155,0.367,1.000,-25.000,-14.000,-0.0000,-1.6950,-0.171,0.526,0.211,0.461,1.200,-2.000,0.0029,0.705,nan,0.00,1,1,1,1,1,0.0000,0.362,0,0.078,2,0.874,0,0,yolo,100.6,yolo,2,2,0,0.000,0,-1,0
1785654008.593,-8.358,1.180,36.236,0.9892,0,5.642,-3.180,12.000,0.2481,6.895,-4.155,0.367,1.000,-25.000,-14.000,-0.7493,0.0747,-0.223,-0.223,0.285,0.459,1.200,-2.000,0.0028,0.825,nan,0.00,1,1,1,0,1,0.0000,0.362,0,0.078,2,0.874,0,0,yolo,100.6,yolo,2,2,0,0.000,0,-1,0
1785654008.624,-8.989,0.727,35.229,0.9876,0,5.011,-2.727,12.000,0.2485,6.895,-4.155,0.367,1.000,-25.000,-14.000,-0.8074,0.1439,-0.281,-0.281,0.355,0.461,1.200,-2.000,0.0027,0.925,nan,0.00,1,1,1,0,1,0.0000,0.370,0,0.088,2,0.872,0,0,yolo,100.6,yolo,2,2,0,0.000,0,-1,0
1785654008.655,-9.570,0.287,34.202,0.9861,0,4.430,-2.287,12.000,0.2531,7.006,-4.229,0.252,1.000,-25.000,-14.000,-0.0000,0.2318,-0.345,0.511,0.412,0.467,1.200,-2.000,0.0026,0.917,nan,0.00,1,1,1,1,1,0.0000,0.370,0,0.088,2,0.872,0,0,yolo,102.7,yolo,2,2,0,0.000,0,-1,0
1785654008.687,-9.570,0.287,34.202,0.9861,0,4.430,-2.287,12.000,0.2424,7.006,-4.229,0.252,1.000,-25.000,-14.000,-0.8565,0.0000,-0.345,-0.345,0.412,0.467,1.200,-2.000,0.0025,0.917,nan,0.00,1,1,1,0,1,0.0000,0.595,0,0.121,3,0.837,0,0,yolo,102.7,yolo,2,2,0,0.000,0,-1,0
1785654008.720,-10.137,-0.173,33.041,0.9844,0,3.863,-1.827,12.000,0.2420,7.006,-4.229,0.252,1.000,-25.000,-14.000,-0.9324,0.0463,-0.421,-0.421,0.459,0.479,1.200,-2.000,0.0025,1.014,nan,0.00,1,1,1,0,1,0.0000,0.599,0,0.124,3,0.792,0,0,yolo,102.7,yolo,2,2,0,0.000,0,-1,0
1785654008.752,-10.563,-0.544,32.019,0.9830,0,3.437,-1.456,12.000,0.2586,7.198,-4.176,0.053,1.000,-25.000,-14.000,-0.0000,0.9598,-0.490,0.118,0.506,0.493,1.200,-2.000,0.0024,0.886,nan,0.00,1,1,1,1,1,0.0000,0.595,0,0.121,3,0.763,0,0,yolo,101.0,yolo,2,2,0,0.000,0,-1,0
1785654008.787,-10.938,-0.888,30.995,0.9817,0,3.062,-1.612,12.000,0.2443,7.198,-4.176,0.053,1.000,-25.000,-14.000,-0.6774,0.0479,-0.560,-0.560,0.554,0.510,1.200,-2.500,0.0023,0.956,nan,0.00,1,1,1,0,1,0.0000,0.595,0,0.121,3,0.763,1,0,yolo,101.0,yolo,2,2,0,0.000,0,-1,0
1785654008.813,-10.938,-0.888,30.995,0.9817,0,3.062,-1.612,12.000,0.2442,7.198,-4.176,0.053,1.000,-25.000,-14.000,-0.6774,0.0479,-0.560,-0.560,0.554,0.510,1.200,-2.500,0.0022,0.956,nan,0.00,1,1,1,0,1,0.0000,0.590,0,0.117,3,0.722,0,0,yolo,101.0,yolo,2,2,0,0.000,0,-1,0
1785654008.838,-11.282,-1.280,29.909,0.9804,0,2.718,-1.220,12.000,0.2608,7.047,-3.897,-0.122,1.000,-25.000,-14.000,-0.0000,2.0000,-0.636,-0.244,0.607,0.533,1.200,-2.500,0.0022,0.800,nan,0.00,1,1,1,1,1,0.0000,0.351,0,0.063,2,0.671,0,0,yolo,102.4,yolo,2,2,0,0.000,0,-1,0
1785654008.880,-11.578,-1.633,28.822,0.9793,0,2.422,-0.867,12.000,0.2475,7.047,-3.897,-0.122,1.000,-25.000,-14.000,-0.4686,0.0486,-0.713,-0.713,0.656,0.559,1.200,-2.500,0.0021,0.863,nan,0.00,1,1,1,0,1,0.0000,0.381,0,0.101,1,0.642,1,0,yolo,102.4,yolo,2,2,0,0.000,0,-1,0
1785654008.906,-11.826,-1.947,27.769,0.9782,0,2.174,-0.553,12.000,0.2482,7.047,-3.897,-0.122,1.000,-25.000,-14.000,-0.5430,0.0971,-0.787,-0.787,0.704,0.588,1.200,-2.500,0.0020,0.919,nan,0.00,1,1,1,0,1,0.0000,0.287,0,0.103,3,0.625,0,0,yolo,102.4,yolo,2,2,0,0.000,0,-1,0
1785654008.937,-11.826,-1.947,27.769,0.9782,0,2.174,-0.553,12.000,0.2481,7.047,-3.897,-0.122,1.000,-25.000,-14.000,-0.5430,0.0971,-0.787,-0.787,0.704,0.588,1.200,-2.500,0.0019,0.919,nan,0.00,1,1,1,0,1,0.0000,0.573,0,0.103,3,0.625,0,0,yolo,102.4,yolo,2,2,0,0.000,0,-1,0
1785654008.968,-12.028,-2.224,26.746,0.9773,0,1.972,-0.276,12.000,0.2648,7.059,-3.622,-0.295,1.000,-25.000,-14.000,-0.0000,1.0731,-0.859,-0.200,0.751,0.619,1.200,-2.500,0.0018,0.740,nan,0.00,1,1,1,1,1,0.0000,0.574,0,0.103,3,0.599,0,0,yolo,105.1,yolo,2,2,0,0.000,0,-1,0
1785654008.999,-12.210,-2.486,25.683,0.9765,0,1.790,-0.014,12.000,0.2500,7.059,-3.622,-0.295,1.000,-25.000,-14.000,-0.7334,0.0410,-0.933,-0.933,0.792,0.653,1.200,-2.500,0.0017,0.783,nan,0.00,1,1,1,0,1,0.0000,0.574,0,0.103,3,0.599,0,0,yolo,105.1,yolo,2,2,0,0.000,0,-1,0
1785654009.034,-8.865,0.744,24.147,0.9880,0,3.290,-1.514,12.000,0.2635,7.059,-3.622,-0.295,1.000,-25.000,-14.000,-0.7148,-0.0030,-0.914,-0.914,0.748,0.618,1.200,-2.500,0.0017,0.175,nan,0.00,1,1,1,0,1,0.0000,0.574,0,0.103,3,0.599,2,0,yolo,105.1,yolo,2,2,0,0.000,0,-1,0
1785654009.076,-9.172,0.793,23.920,0.9871,0,4.790,-3.014,12.000,0.2802,7.226,-3.212,-0.503,1.000,-23.968,-14.000,-1.3018,2.0000,-0.912,-0.819,0.636,0.611,1.200,-2.500,0.0017,-0.085,nan,0.00,1,1,1,1,1,0.0000,0.482,0,0.107,2,0.562,0,0,yolo,106.6,yolo,2,2,0,0.000,0,-1,0
1785654009.115,-9.978,0.408,23.798,0.9849,0,4.022,-2.908,12.000,0.2635,7.226,-3.212,-0.503,1.000,-23.968,-14.000,-0.0749,-0.1891,-0.894,-0.894,0.447,0.620,1.200,-2.500,0.0017,0.009,nan,0.00,1,1,1,0,1,0.0000,0.750,0,0.350,3,0.119,0,0,yolo,106.6,yolo,2,2,0,0.000,0,-1,0
1785654009.151,-10.012,0.369,23.768,0.9847,0,3.988,-2.869,12.000,0.2604,7.226,-3.212,-0.503,1.000,-23.968,-14.000,-0.0740,-0.1946,-0.893,-0.893,0.441,0.620,1.200,-2.500,0.0017,0.016,nan,0.00,1,1,1,0,1,0.0000,0.833,0,0.348,4,0.169,0,0,yolo,106.6,yolo,2,2,0,0.000,0,-1,0
1785654009.185,-10.463,-0.184,22.263,0.9834,0,3.537,-2.316,12.000,0.2771,7.354,-2.887,-0.663,1.000,-21.433,-14.000,-4.8803,1.8074,-0.857,-0.764,0.239,0.652,1.200,-2.500,0.0017,-0.104,nan,0.00,1,1,1,1,1,0.0000,0.833,0,0.348,4,0.169,0,0,yolo,110.9,yolo,2,2,0,0.000,0,-1,0
1785654009.221,-10.868,-0.638,21.381,0.9820,0,3.132,-1.862,12.000,0.2663,7.354,-2.887,-0.663,1.000,-21.433,-14.000,-0.0990,-0.1108,-0.863,-0.863,0.128,0.681,1.200,-2.500,0.0017,-0.025,nan,0.00,1,1,1,0,1,0.0000,0.796,0,0.193,3,0.653,0,0,yolo,110.9,yolo,2,2,0,0.000,0,-1,0
1785654009.263,-11.206,-1.053,20.415,0.9808,0,2.794,-1.420,12.000,0.2496,7.690,-2.533,-0.450,1.000,-18.229,-14.000,-4.2999,-2.0000,-0.898,-0.726,0.088,0.711,1.200,-2.473,0.0017,0.192,nan,0.00,1,1,1,1,1,0.0000,0.796,0,0.193,3,0.653,0,0,yolo,104.7,yolo,2,2,0,0.000,0,-1,0
1785654009.294,-10.903,-1.466,19.805,0.9816,0,3.097,-1.004,12.000,0.2640,7.690,-2.533,-0.450,1.000,-18.229,-14.000,-0.2265,0.0104,-0.953,-0.953,0.098,0.728,1.200,-2.470,0.0017,0.234,nan,0.00,1,1,1,0,1,0.0000,0.796,0,0.193,3,0.653,0,0,yolo,104.7,yolo,2,2,0,0.000,0,-1,0
1785654009.325,-10.903,-1.466,19.805,0.9816,0,3.097,-1.034,12.000,0.2640,7.690,-2.533,-0.450,1.000,-18.229,-14.000,-0.2265,0.0104,-0.953,-0.953,0.098,0.728,1.200,-2.500,0.0017,0.234,nan,0.00,1,1,1,0,1,0.0000,0.589,0,0.116,3,0.731,0,0,yolo,104.7,yolo,2,2,0,0.000,0,-1,0
1785654009.356,-11.105,-1.692,19.309,0.9808,0,2.895,-0.808,12.000,0.2628,7.690,-2.533,-0.450,1.000,-18.229,-14.000,-0.2695,0.0075,-0.996,-0.996,0.096,0.744,1.200,-2.500,0.0016,0.273,nan,0.00,1,1,1,0,1,0.0000,0.589,0,0.116,3,0.731,0,0,yolo,104.7,yolo,2,2,0,0.000,0,-1,0
1785654009.387,-11.650,-2.013,18.091,0.9788,0,2.350,-0.487,12.000,0.2523,7.880,-2.147,-0.411,1.000,-15.243,-14.000,-2.4644,-0.2102,-1.027,-0.473,0.079,0.774,1.416,-2.500,0.0016,0.308,nan,0.00,1,1,1,1,1,0.0000,0.483,0,0.108,2,0.755,0,0,yolo,109.1,yolo,2,2,0,0.000,0,-1,0
1785654009.418,-12.178,-2.413,16.748,0.9766,0,1.822,-0.087,12.000,0.2595,7.880,-2.147,-0.411,1.000,-15.243,-14.000,-0.5902,-0.0139,-1.064,-1.064,0.065,0.811,1.399,-2.500,0.0016,0.383,nan,0.00,1,1,1,0,1,0.0000,0.483,0,0.108,2,0.755,0,0,yolo,109.1,yolo,2,2,0,0.000,0,-1,0
1785654009.455,-12.178,-2.413,16.748,0.9766,0,1.822,-0.087,12.000,0.2595,7.880,-2.147,-0.411,1.000,-15.243,-14.000,-0.5902,-0.0139,-1.064,-1.064,0.065,0.811,1.399,-2.500,0.0015,0.383,nan,0.00,1,1,1,0,1,-0.8862,0.375,1,0.303,2,0.257,0,0,yolo,109.1,yolo,2,2,0,0.000,0,-1,0
1785654009.496,-12.513,-2.870,14.991,0.9750,0,0.322,0.370,13.500,0.2428,8.011,-1.740,-0.303,1.000,-12.253,11.142,-6.2699,-1.4819,-1.167,-1.004,0.049,0.875,1.568,-2.500,0.0015,0.482,nan,-8.00,1,1,1,1,1,-0.8862,0.750,1,0.303,2,0.257,0,0,yolo,115.7,yolo,2,2,0,0.000,0,-1,0
1785654009.526,-12.516,-2.873,14.979,0.9750,0,1.484,0.373,12.000,0.2574,8.011,-1.740,-0.303,1.000,-12.253,-14.000,-0.1642,0.0000,-1.168,-1.168,0.049,0.876,1.567,-2.500,0.0014,0.483,nan,0.00,1,1,1,0,1,-0.7771,0.250,1,0.290,1,0.289,0,0,yolo,115.7,yolo,2,2,0,0.000,0,-1,0
1785654009.557,-12.703,-3.107,13.814,0.9741,0,1.297,0.607,12.000,0.2565,8.011,-1.740,-0.303,1.000,-12.253,-14.000,-0.2174,0.0033,-1.221,-1.221,0.053,0.919,1.549,-2.500,0.0014,0.521,nan,0.00,1,1,1,0,1,-0.6680,0.250,1,0.290,1,0.289,0,0,yolo,115.7,yolo,2,2,0,0.000,0,-1,0
1785654009.588,-12.783,-3.316,12.723,0.9736,0,1.217,1.087,13.500,0.2556,8.011,-1.740,-0.303,1.000,-12.253,-14.000,-0.2742,0.0028,-1.278,-1.278,0.052,0.963,1.534,-2.230,0.0013,0.553,nan,-8.00,1,1,1,0,1,-0.5762,0.500,1,0.290,1,0.289,0,0,yolo,115.7,yolo,2,2,0,0.000,0,-1,0
1785654009.625,-12.783,-3.319,12.711,0.9736,0,-0.283,0.819,12.000,0.2498,8.099,-1.458,-0.226,1.000,-10.207,-9.286,-1.7358,-0.1102,-1.278,-0.728,0.052,0.964,1.641,-2.500,0.0013,0.571,nan,0.00,1,1,1,1,1,0.0000,0.375,0,0.339,3,0.195,2,0,yolo,108.0,yolo,2,2,0,0.000,0,-1,0
1785654009.663,-12.549,-3.526,11.586,0.9743,0,-1.783,1.142,10.500,0.2543,8.099,-1.458,-0.226,1.000,-10.207,-8.400,-0.6171,0.0093,-1.346,-1.346,0.061,1.015,1.626,-2.383,0.0012,0.594,nan,0.00,1,1,1,0,1,0.0000,0.375,0,0.353,3,0.170,0,0,yolo,108.0,yolo,2,2,0,0.000,0,-1,0
1785654009.694,-12.696,-4.155,9.727,0.9730,0,-3.283,2.132,10.207,0.2506,8.099,-1.458,-0.226,1.000,-10.207,-8.031,-0.6409,-0.0148,-1.369,-1.369,0.037,1.057,1.566,-2.023,0.0011,0.687,nan,0.00,1,1,1,0,1,0.0000,0.321,0,0.435,2,0.234,0,0,yolo,108.0,yolo,2,2,0,0.000,0,-1,0
1785654009.726,-12.696,-4.155,9.727,0.9730,0,-4.783,1.655,8.707,0.2616,8.126,-1.098,-0.161,1.000,-7.692,14.000,-5.3500,0.2144,-1.369,-0.736,0.037,1.057,1.696,-2.500,0.0011,0.672,nan,0.00,1,1,1,1,1,0.0000,0.321,0,0.435,2,0.234,0,0,yolo,108.5,yolo,2,2,0,0.000,0,-1,0
1785654009.756,-12.596,-3.895,9.169,0.9737,0,-6.283,1.395,7.692,0.2523,8.126,-1.098,-0.161,1.000,-7.692,-0.857,-0.6871,-0.0083,-1.423,-1.423,0.029,1.067,1.729,-2.500,0.0010,0.634,nan,0.00,1,1,1,0,1,0.0000,0.321,0,0.428,2,0.230,0,0,yolo,108.5,yolo,2,2,0,0.000,0,-1,0
1785654009.787,-12.343,-4.757,9.142,0.9735,0,-7.783,2.257,7.692,0.2480,8.126,-1.098,-0.161,1.000,-7.692,0.072,-0.7468,-0.0223,-1.483,-1.483,0.015,1.057,1.629,-2.500,0.0009,0.751,nan,0.00,1,1,1,0,1,0.0000,0.643,0,0.428,2,0.230,0,0,yolo,108.5,yolo,2,2,0,0.000,0,-1,0
1785654009.819,-12.329,-4.733,8.922,0.9736,0,-9.283,2.233,6.192,0.2640,8.191,-0.663,-0.099,1.000,-4.625,14.000,-4.3848,0.3057,-1.546,-1.383,-0.003,1.049,1.730,-2.500,0.0009,0.720,nan,0.00,1,1,1,1,1,0.0000,0.643,0,0.428,2,0.215,0,0,yolo,112.3,yolo,2,2,0,0.000,0,-1,0
1785654009.849,-12.329,-4.730,8.920,0.9736,0,-10.783,2.230,4.692,0.2498,8.191,-0.663,-0.099,1.000,-4.625,5.464,-0.1639,-0.0002,-1.547,-1.547,-0.003,1.049,1.730,-2.500,0.0008,0.720,nan,0.00,1,1,1,0,1,0.0000,0.643,0,0.428,2,0.215,0,0,yolo,112.3,yolo,2,2,0,0.000,0,-1,0
1785654009.880,-11.521,-4.530,8.720,0.9768,0,-12.283,2.030,4.625,0.2501,8.191,-0.663,-0.099,1.000,-4.625,6.774,-0.2485,0.0009,-1.632,-1.632,-0.002,1.064,1.768,-2.500,0.0007,0.682,nan,0.00,1,1,1,0,1,0.0000,0.643,0,0.429,2,0.213,0,0,yolo,112.3,yolo,2,2,0,0.000,0,-1,0
1785654009.912,-10.400,-4.371,8.512,0.9807,0,-13.783,1.871,4.625,0.2494,8.191,-0.663,-0.099,1.000,-4.625,7.938,-0.3237,-0.0146,-1.707,-1.707,-0.017,1.078,1.804,-2.500,0.0007,0.646,nan,0.00,1,1,1,0,1,0.0000,0.643,0,0.429,2,0.213,0,0,yolo,112.3,yolo,2,2,0,0.000,0,-1,0
1785654009.944,-9.235,-4.198,8.435,0.9844,0,-15.283,1.698,3.125,0.2661,8.236,-0.197,-0.086,1.000,-1.371,14.000,-3.5078,0.7192,-1.775,-1.826,-0.028,1.099,1.900,-2.500,0.0006,0.550,nan,0.00,1,1,1,1,1,0.0000,0.643,0,0.432,2,0.209,0,0,yolo,113.7,yolo,2,2,0,0.000,0,-1,0
1785654009.975,-9.235,-4.198,8.435,0.9844,0,-16.783,1.698,1.625,0.2520,8.236,-0.197,-0.086,1.000,-1.371,14.000,0.0513,0.0000,-1.775,-1.775,-0.028,1.099,1.900,-2.500,0.0006,0.550,nan,0.00,1,1,1,0,1,0.0000,0.643,0,0.432,2,0.209,0,0,yolo,113.7,yolo,2,2,0,0.000,0,-1,0
1785654010.006,-7.478,-3.943,8.358,0.9891,0,-18.283,1.443,1.371,0.2513,8.236,-0.197,-0.086,1.000,-1.371,14.000,-0.0154,-0.0164,-1.842,-1.842,-0.045,1.127,1.943,-2.500,0.0005,0.507,nan,0.00,1,1,1,0,1,0.0000,0.688,0,0.503,3,0.202,0,0,yolo,113.7,yolo,2,2,0,0.000,0,-1,0
1785654010.037,-5.473,-3.754,8.311,0.9933,0,-19.473,1.254,1.371,0.2506,8.236,-0.197,-0.086,1.000,-1.371,14.000,-0.0688,-0.0296,-1.895,-1.895,-0.058,1.158,1.977,-2.500,0.0005,0.473,nan,0.00,1,1,1,0,1,0.0000,0.688,0,0.503,3,0.202,0,0,yolo,113.7,yolo,2,2,0,0.000,0,-1,0
1785654010.070,-3.598,-3.679,8.271,0.9960,0,-17.973,1.179,-0.129,0.2594,8.238,0.178,-0.062,1.000,1.237,14.000,-3.7506,0.1689,-1.932,-2.163,-0.061,1.187,1.994,-2.500,0.0004,0.456,nan,0.00,1,1,1,1,1,0.0000,0.688,0,0.503,3,0.202,0,0,yolo,126.0,yolo,2,2,0,0.000,0,-1,0
1785654010.115,-1.497,-3.454,8.246,0.9978,0,-16.473,0.954,-1.237,0.2520,8.238,0.178,-0.062,1.000,1.237,14.000,0.2078,-0.0011,-1.955,-1.955,-0.062,1.216,2.020,-2.500,0.0004,0.430,nan,0.00,1,1,1,0,1,0.0000,0.312,0,0.487,2,0.100,0,0,yolo,126.0,yolo,2,2,0,0.000,0,-1,0
1785654010.145,-1.497,-3.454,8.246,0.9978,0,-15.497,0.954,-1.237,0.2519,8.238,0.178,-0.062,1.000,1.237,14.000,0.2078,-0.0011,-1.955,-1.955,-0.062,1.216,2.020,-2.500,0.0003,0.430,nan,0.00,1,1,1,0,1,0.0000,0.312,0,0.487,2,0.100,0,0,yolo,126.0,yolo,2,2,0,0.000,0,-1,0
1785654010.188,0.474,-3.241,8.366,0.9984,0,-13.997,0.741,-2.737,0.2528,8.238,0.178,-0.062,1.000,1.237,14.000,0.2031,0.0065,-1.959,-1.959,-0.054,1.240,2.044,-2.500,0.0003,0.406,nan,8.00,1,1,1,0,1,0.9252,0.625,1,0.487,2,0.189,0,0,yolo,126.0,yolo,2,2,0,0.000,0,-1,0
1785654010.226,2.046,-3.153,8.650,0.9978,0,-12.497,0.653,-4.237,0.2441,8.242,0.430,-0.035,1.000,2.987,14.000,-1.5101,-0.1699,-1.951,-2.034,-0.037,1.256,2.016,-2.500,0.0002,0.434,nan,8.00,1,1,1,1,1,0.9252,0.625,1,0.487,2,0.189,0,0,yolo,164.8,yolo,2,2,0,0.000,0,-1,0
1785654010.263,3.226,-3.206,9.038,0.9969,0,-10.997,0.706,-5.737,0.2526,8.242,0.430,-0.035,1.000,2.987,14.000,0.1014,0.0246,-1.933,-1.933,-0.012,1.272,2.000,-2.500,0.0002,0.450,nan,8.00,1,1,1,0,1,0.9252,0.625,1,0.487,2,0.189,2,0,yolo,164.8,yolo,2,2,0,0.000,0,-1,0
1785654010.304,3.226,-3.206,9.038,0.9969,0,-10.774,0.706,-7.237,0.2525,8.242,0.430,-0.035,1.000,2.987,14.000,0.1014,0.0246,-1.933,-1.933,-0.012,1.272,2.000,-2.500,0.0001,0.450,nan,8.00,1,1,1,0,1,0.7411,0.571,1,0.457,1,0.058,0,0,yolo,164.8,yolo,2,2,0,0.000,0,-1,0
1785654010.335,4.298,-3.216,9.576,0.9956,0,-9.702,0.716,-8.737,0.2532,8.242,0.430,-0.035,1.000,2.987,14.000,0.1179,0.0402,-1.917,-1.917,0.004,1.295,1.990,-2.500,0.0001,0.460,nan,8.00,1,1,1,0,1,0.7411,0.571,1,0.457,1,0.058,0,0,yolo,164.8,yolo,2,2,0,0.000,0,-1,0
1785654010.372,5.493,-3.140,10.464,0.9939,0,-8.507,0.640,-10.237,0.2486,8.113,0.534,-0.023,1.000,3.767,14.000,-0.5521,-0.0626,-1.904,-1.777,0.019,1.306,1.978,-2.500,0.0001,0.472,nan,8.00,1,1,1,1,1,0.7428,0.643,1,0.445,2,0.066,0,0,yolo,148.1,yolo,2,2,0,0.000,0,-1,0
1785654010.414,6.502,-3.149,11.664,0.9921,0,-7.498,0.649,-11.737,0.2522,8.113,0.534,-0.023,1.000,3.767,14.000,-0.1142,0.0149,-1.891,-1.891,0.033,1.314,1.967,-2.500,0.0000,0.483,nan,8.00,1,1,1,0,1,0.7885,0.643,1,0.445,2,0.066,0,0,yolo,148.1,yolo,2,2,0,0.000,0,-1,0
1785654010.445,7.243,-3.221,12.782,0.9905,0,-6.757,0.721,-11.767,0.2525,8.113,0.534,-0.023,1.000,3.767,14.000,-0.1031,0.0257,-1.880,-1.880,0.044,1.321,1.950,-2.500,-0.0000,0.500,nan,8.00,1,1,1,0,1,0.8227,0.643,1,0.445,2,0.066,0,0,yolo,148.1,yolo,2,2,0,0.000,0,-1,0
1785654010.477,7.243,-3.221,12.782,0.9905,0,-6.757,0.721,-11.767,0.2525,8.113,0.534,-0.023,1.000,3.767,14.000,-0.1031,0.0257,-1.880,-1.880,0.044,1.321,1.950,-2.500,-0.0001,0.500,nan,8.00,1,1,1,0,1,0.8410,0.643,1,0.440,2,0.064,0,0,yolo,148.1,yolo,2,2,0,0.000,0,-1,0
1785654010.508,7.979,-3.295,14.034,0.9887,0,-6.021,0.795,-10.267,0.2509,8.135,0.619,-0.053,1.000,4.352,14.000,-1.2454,-0.0175,-1.865,-1.710,0.051,1.329,1.949,-2.500,-0.0001,0.501,nan,0.00,1,1,1,1,1,0.0000,0.714,0,0.432,3,0.070,0,0,yolo,114.8,yolo,2,2,0,0.000,0,-1,0
1785654010.540,8.643,-3.361,15.132,0.9869,0,-5.357,0.861,-8.767,0.2523,8.135,0.619,-0.053,1.000,4.352,14.000,-0.1287,0.0169,-1.838,-1.838,0.068,1.333,1.932,-2.500,-0.0002,0.518,nan,0.00,1,1,1,0,1,0.0000,0.786,0,0.419,4,0.085,0,0,yolo,114.8,yolo,2,2,0,0.000,0,-1,0
1785654010.571,9.430,-3.273,16.102,0.9849,0,-4.570,0.773,-7.267,0.2538,8.135,0.619,-0.053,1.000,4.352,14.000,-0.0904,0.0370,-1.800,-1.800,0.088,1.338,1.936,-2.500,-0.0002,0.514,nan,0.00,1,1,1,0,1,0.0000,0.786,0,0.419,4,0.085,0,0,yolo,114.8,yolo,2,2,0,0.000,0,-1,0
1785654010.602,9.441,-3.272,16.117,0.9848,0,-4.559,0.772,-5.767,0.2538,8.135,0.619,-0.053,1.000,4.352,14.000,-0.0896,0.0375,-1.799,-1.799,0.089,1.338,1.936,-2.500,-0.0003,0.514,nan,0.00,1,1,1,0,1,0.0000,0.714,0,0.418,3,0.095,0,0,yolo,114.8,yolo,2,2,0,0.000,0,-1,0
1785654010.629,10.132,-3.110,16.712,0.9830,0,-3.868,0.610,-7.267,0.2705,8.141,0.600,-0.111,1.000,4.214,14.000,0.1467,0.5697,-1.740,-1.408,0.117,1.350,2.012,-2.500,-0.0003,0.438,nan,8.00,1,1,1,1,1,0.6490,0.750,1,0.351,3,0.114,0,0,yolo,121.3,yolo,2,2,0,0.000,0,-1,0
1785654010.656,10.132,-3.110,16.712,0.9830,0,-3.868,0.610,-8.767,0.2548,8.141,0.600,-0.111,1.000,4.214,14.000,-0.3321,0.0000,-1.740,-1.740,0.117,1.350,2.012,-2.500,-0.0004,0.438,nan,8.00,1,1,1,0,1,0.6490,0.750,1,0.351,3,0.114,0,0,yolo,121.3,yolo,2,2,0,0.000,0,-1,0
1785654010.679,10.715,-3.076,17.412,0.9811,0,-3.285,0.576,-10.267,0.2568,8.141,0.600,-0.111,1.000,4.214,14.000,-0.2627,0.0341,-1.670,-1.670,0.151,1.358,2.011,-2.500,-0.0004,0.439,nan,8.00,1,1,1,0,1,0.6490,0.750,1,0.351,3,0.114,0,0,yolo,121.3,yolo,2,2,0,0.000,0,-1,0
1785654010.710,10.715,-3.076,17.412,0.9811,0,-3.285,0.576,-8.767,0.2567,8.141,0.600,-0.111,1.000,4.214,14.000,-0.2627,0.0341,-1.670,-1.670,0.151,1.358,2.011,-2.500,-0.0005,0.439,nan,0.00,1,1,1,0,1,0.0000,0.750,0,0.362,3,0.245,0,0,yolo,121.3,yolo,2,2,0,0.000,0,-1,0
1785654010.747,11.119,-3.183,18.567,0.9797,0,-1.785,0.683,-7.267,0.2734,8.059,0.434,-0.182,1.000,3.079,9.951,1.5959,0.8693,-1.607,-0.968,0.185,1.349,2.098,-2.500,-0.0005,0.352,nan,0.00,1,1,1,1,1,0.0000,0.833,0,0.337,4,0.250,0,0,yolo,126.4,yolo,2,2,0,0.000,0,-1,0
1785654010.782,11.338,-3.214,19.315,0.9789,0,-2.662,0.714,-5.767,0.2594,8.059,0.434,-0.182,1.000,3.079,14.000,-0.5677,0.0267,-1.535,-1.535,0.212,1.352,2.091,-2.500,-0.0005,0.359,nan,0.00,1,1,1,0,1,0.0000,0.417,0,0.337,4,0.264,0,0,yolo,126.4,yolo,2,2,0,0.000,0,-1,0
1785654010.808,11.662,-3.208,19.818,0.9778,0,-2.338,0.708,-4.267,0.2606,8.059,0.434,-0.182,1.000,3.079,14.000,-0.4910,0.0483,-1.459,-1.459,0.234,1.361,2.090,-2.500,-0.0006,0.360,nan,0.00,1,1,1,0,1,0.0000,0.417,0,0.337,4,0.264,0,0,yolo,126.4,yolo,2,2,0,0.000,0,-1,0
1785654010.840,11.665,-3.208,19.824,0.9778,0,-2.335,0.708,-3.079,0.2605,8.059,0.434,-0.182,1.000,3.079,14.000,-0.4901,0.0485,-1.458,-1.458,0.234,1.361,2.090,-2.500,-0.0006,0.360,nan,0.00,1,1,1,0,1,0.0000,0.833,0,0.337,4,0.264,1,0,yolo,126.4,yolo,2,2,0,0.000,0,-1,0
1785654010.868,11.941,-3.186,20.208,0.9768,0,-0.835,0.686,-1.579,0.2772,7.974,0.121,-0.368,1.000,0.872,-2.175,2.3045,1.8895,-1.378,-0.666,0.251,1.374,2.200,-2.500,-0.0006,0.108,nan,0.00,1,1,1,1,1,0.0000,0.800,0,0.299,3,0.250,0,0,yolo,130.6,yolo,2,2,0,0.000,0,-1,0
1785654010.898,12.056,-3.119,20.349,0.9765,0,-1.944,0.619,-0.872,0.2671,7.974,0.121,-0.368,1.000,0.872,14.000,-0.6257,0.0103,-1.292,-1.292,0.262,1.393,2.200,-2.500,-0.0006,0.099,nan,0.00,1,1,1,0,1,0.0000,0.800,0,0.299,3,0.250,0,0,yolo,130.6,yolo,2,2,0,0.000,0,-1,0
1785654010.929,12.056,-3.119,20.349,0.9765,0,-1.944,0.619,-0.872,0.2671,7.974,0.121,-0.368,1.000,0.872,14.000,-0.6257,0.0103,-1.292,-1.292,0.262,1.393,2.200,-2.500,-0.0006,0.099,nan,0.00,1,1,1,0,1,0.0000,0.900,0,0.294,4,0.268,0,0,yolo,130.6,yolo,2,2,0,0.000,0,-1,0
1785654010.962,12.286,-3.056,20.412,0.9757,0,-1.714,0.556,-0.872,0.2680,7.974,0.121,-0.368,1.000,0.872,14.000,-0.5455,0.0189,-1.212,-1.212,0.270,1.410,2.200,-2.500,-0.0007,0.091,nan,0.00,1,1,1,0,1,0.0000,0.900,0,0.294,4,0.268,0,0,yolo,130.6,yolo,2,2,0,0.000,0,-1,0
1785654011.001,12.490,-3.003,20.502,0.9750,0,-0.214,0.503,0.628,0.2846,7.865,-0.234,-0.436,1.000,-1.708,-11.532,2.1240,0.9309,-1.126,-0.307,0.278,1.429,2.200,-2.500,-0.0007,-0.064,nan,0.00,1,1,1,1,1,0.0000,0.900,0,0.294,4,0.268,2,0,yolo,122.0,yolo,2,2,0,0.000,0,-1,0
1785654011.038,12.527,-2.932,20.481,0.9749,0,1.286,0.432,1.708,0.2723,7.865,-0.234,-0.436,1.000,-1.708,10.716,-0.7304,-0.0015,-1.038,-1.038,0.276,1.449,2.200,-2.500,-0.0006,-0.074,nan,0.00,1,1,1,0,1,0.0000,0.857,0,0.472,5,0.221,0,0,yolo,122.0,yolo,2,2,0,0.000,0,-1,0
1785654011.079,12.423,-2.841,20.319,0.9754,0,2.786,0.341,1.708,0.2722,7.865,-0.234,-0.436,1.000,-1.708,9.341,-0.6439,-0.0109,-0.951,-0.951,0.267,1.471,2.200,-2.500,-0.0006,-0.086,nan,0.00,1,1,1,0,1,0.0000,0.857,0,0.472,5,0.221,2,0,yolo,122.0,yolo,2,2,0,0.000,0,-1,0
1785654011.116,12.157,-2.759,20.151,0.9764,0,4.286,0.259,3.208,0.2888,7.706,-0.650,-0.442,1.000,-4.819,-14.000,6.2763,1.6746,-0.867,0.591,0.258,1.492,2.200,-2.500,-0.0006,-0.198,nan,0.00,1,1,1,1,1,0.0000,0.722,0,0.606,4,0.152,0,0,yolo,120.2,yolo,2,2,0,0.000,0,-1,0
1785654011.158,12.157,-2.759,20.151,0.9764,0,5.786,0.259,4.708,0.2758,7.706,-0.650,-0.442,1.000,-4.819,4.890,-1.4583,0.0000,-0.867,-0.867,0.258,1.492,2.200,-2.500,-0.0006,-0.198,nan,0.00,1,1,1,0,1,0.0000,0.400,0,0.710,6,-0.056,0,0,yolo,120.2,yolo,2,2,0,0.000,0,-1,0
1785654011.202,11.220,-2.555,19.513,0.9799,0,7.286,0.055,4.819,0.2738,7.706,-0.650,-0.442,1.000,-4.819,2.265,-1.2957,-0.0363,-0.705,-0.705,0.222,1.536,2.200,-2.500,-0.0006,-0.216,nan,0.00,1,1,1,0,1,0.0000,0.900,0,0.651,8,0.032,0,0,yolo,120.2,yolo,2,2,0,0.000,0,-1,0
1785654011.235,11.220,-2.555,19.513,0.9799,0,8.786,0.055,6.319,0.2904,7.584,-0.946,-0.439,1.000,-7.111,-14.000,1.8206,0.3592,-0.705,0.549,0.222,1.536,2.084,-2.500,-0.0005,-0.276,nan,0.00,1,1,1,1,1,0.0000,0.900,0,0.651,8,0.032,3,0,yolo,119.5,yolo,2,2,0,0.000,0,-1,0
1785654011.271,10.447,-2.448,19.014,0.9825,0,10.286,-0.052,7.111,0.2757,7.584,-0.946,-0.439,1.000,-7.111,-4.850,-1.1765,-0.0214,-0.628,-0.628,0.200,1.559,2.081,-2.500,-0.0005,-0.279,nan,0.00,1,1,1,0,1,0.0000,0.708,0,0.796,5,0.076,0,0,yolo,119.5,yolo,2,2,0,0.000,0,-1,0
1785654011.302,9.323,-2.335,18.325,0.9860,0,11.786,-0.165,7.111,0.2736,7.584,-0.946,-0.439,1.000,-7.111,-6.001,-1.1058,-0.0467,-0.557,-0.557,0.175,1.583,2.083,-2.500,-0.0005,-0.277,nan,0.00,1,1,1,0,1,0.0000,0.708,0,0.796,5,0.076,0,0,yolo,119.5,yolo,2,2,0,0.000,0,-1,0
1785654011.333,8.097,-2.235,17.598,0.9893,0,13.286,-0.250,7.111,0.2715,7.584,-0.946,-0.439,1.000,-7.111,-6.972,-1.0460,-0.0692,-0.497,-0.497,0.152,1.604,2.088,-2.485,-0.0005,-0.272,nan,0.00,1,1,1,0,1,0.0000,0.364,0,0.734,5,-0.088,0,0,yolo,119.5,yolo,2,2,0,0.000,0,-1,0
1785654011.365,6.971,-2.181,17.046,0.9919,0,14.786,0.051,8.611,0.2548,7.624,-1.216,-0.262,1.000,-9.059,-14.000,2.5924,-1.5487,-0.458,0.734,0.139,1.621,1.945,-2.130,-0.0005,-0.117,nan,0.00,1,1,1,1,1,0.0000,0.364,0,0.734,5,-0.088,0,0,yolo,121.5,yolo,2,2,0,0.000,0,-1,0
1785654011.396,6.971,-2.181,17.046,0.9919,0,16.286,-0.154,9.059,0.2692,7.624,-1.216,-0.262,1.000,-9.059,-11.631,-1.1917,0.0000,-0.458,-0.458,0.139,1.621,1.945,-2.334,-0.0004,-0.117,nan,0.00,1,1,1,0,1,0.0000,0.727,0,0.734,5,-0.088,0,0,yolo,121.5,yolo,2,2,0,0.000,0,-1,0
1785654011.427,5.346,-2.128,16.301,0.9950,0,17.596,-0.088,9.059,0.2671,7.624,-1.216,-0.262,1.000,-9.059,-12.251,-1.1533,-0.0123,-0.419,-0.419,0.127,1.640,1.945,-2.216,-0.0004,-0.090,nan,0.00,1,1,1,0,1,0.0000,0.700,0,0.640,4,-0.062,0,0,yolo,121.5,yolo,2,2,0,0.000,0,-1,0
1785654011.458,3.561,-2.069,15.388,0.9974,0,16.285,-0.048,9.059,0.2652,7.624,-1.216,-0.262,1.000,-9.059,-12.724,-1.1238,-0.0193,-0.390,-0.390,0.120,1.660,1.945,-2.117,-0.0004,-0.061,nan,0.00,1,1,1,0,1,0.0000,0.700,0,0.640,4,-0.062,0,0,yolo,121.5,yolo,2,2,0,0.000,0,-1,0
1785654011.494,3.561,-2.069,15.388,0.9974,0,17.561,0.098,10.559,0.2486,7.651,-1.434,-0.118,1.000,-10.617,-14.000,2.0806,-1.3105,-0.390,0.728,0.120,1.660,1.815,-1.972,-0.0004,0.070,nan,0.00,1,1,1,1,1,0.0000,0.700,0,0.640,4,-0.062,1,0,yolo,128.1,yolo,2,2,0,0.000,0,-1,0
1785654011.522,1.832,-2.031,14.503,0.9989,0,16.061,0.188,10.617,0.2606,7.651,-1.434,-0.118,1.000,-10.617,-14.000,-1.1037,0.0002,-0.376,-0.376,0.120,1.679,1.815,-1.843,-0.0004,0.108,nan,0.00,1,1,1,0,1,0.0000,0.722,0,0.560,4,-0.009,0,0,yolo,128.1,yolo,2,2,0,0.000,0,-1,0
1785654011.554,0.062,-1.996,13.423,0.9994,0,14.561,0.269,10.617,0.2596,7.651,-1.434,-0.118,1.000,-10.617,-14.000,-1.0995,0.0064,-0.372,-0.372,0.126,1.699,1.815,-1.727,-0.0005,0.148,nan,0.00,1,1,1,0,1,0.0000,0.714,0,0.452,3,0.094,0,0,yolo,128.1,yolo,2,2,0,0.000,0,-1,0
1785654011.586,0.062,-1.996,13.423,0.9994,0,14.062,0.100,10.617,0.2595,7.651,-1.434,-0.118,1.000,-10.617,-14.000,-1.0995,0.0064,-0.372,-0.372,0.126,1.699,1.815,-1.896,-0.0005,0.148,nan,0.00,1,1,1,0,1,0.0000,0.714,0,0.452,3,0.094,0,0,yolo,128.1,yolo,2,2,0,0.000,0,-1,0
1785654011.623,-1.607,-1.978,12.254,0.9990,0,12.562,0.145,9.783,0.2429,7.542,-1.300,-0.001,1.000,-9.783,-14.000,-0.5490,-0.7414,-0.380,0.304,0.139,1.720,1.853,-1.832,-0.0005,0.296,nan,0.00,1,1,1,1,1,0.0000,0.714,0,0.452,3,0.094,3,0,yolo,130.1,yolo,2,2,0,0.000,0,-1,0
1785654011.664,-2.934,-1.999,11.301,0.9981,0,11.066,0.324,11.283,0.2555,7.542,-1.300,-0.001,1.000,-9.783,-14.000,-0.7058,0.0313,-0.402,-0.402,0.170,1.739,1.831,-1.675,-0.0005,0.329,nan,-8.00,1,1,1,0,1,-0.8693,0.714,1,0.417,3,0.129,0,0,yolo,130.1,yolo,2,2,0,0.000,0,-1,0
1785654011.703,-4.207,-2.039,10.098,0.9967,0,9.793,0.551,12.783,0.2566,7.542,-1.300,-0.001,1.000,-9.783,-14.000,-0.7348,0.0708,-0.431,-0.431,0.210,1.761,1.808,-1.488,-0.0006,0.363,nan,-8.00,1,1,1,0,1,-0.8693,0.714,1,0.417,3,0.129,3,0,yolo,130.1,yolo,2,2,0,0.000,0,-1,0
1785654011.741,-5.236,-2.087,8.804,0.9952,0,8.764,0.506,11.283,0.2733,7.300,-1.251,-0.195,1.000,-9.726,-14.000,-0.0722,1.7713,-0.459,0.001,0.249,1.783,1.889,-1.582,-0.0006,0.186,nan,0.00,1,1,1,1,1,0.0000,0.714,0,0.394,3,0.143,0,0,yolo,109.8,yolo,2,2,0,0.000,0,-1,0
1785654011.772,-5.236,-2.087,8.804,0.9952,0,8.764,0.300,12.783,0.2591,7.300,-1.251,-0.195,1.000,-9.726,-14.000,-0.4602,0.0000,-0.459,-0.459,0.249,1.783,1.889,-1.787,-0.0006,0.186,nan,-8.00,1,1,1,0,1,-1.1852,0.750,1,0.338,3,0.141,0,0,yolo,109.8,yolo,2,2,0,0.000,0,-1,0
1785654011.803,-6.170,-2.141,7.681,0.9935,0,7.830,0.508,14.283,0.2602,7.300,-1.251,-0.195,1.000,-9.726,-14.000,-0.4991,0.0343,-0.498,-0.498,0.284,1.806,1.889,-1.633,-0.0006,0.213,nan,-8.00,1,1,1,0,1,-1.1852,0.750,1,0.338,3,0.141,0,0,yolo,109.8,yolo,2,2,0,0.000,0,-1,0
1785654011.839,-7.047,-2.263,6.190,0.9917,0,6.953,1.176,15.783,0.2769,7.250,-1.459,-0.396,1.000,-11.380,-14.000,1.5694,1.0559,-0.536,0.077,0.318,1.834,1.752,-1.087,-0.0006,0.072,nan,-8.00,1,1,1,1,1,-1.1852,0.750,1,0.338,3,0.141,3,0,yolo,105.0,yolo,2,2,0,0.000,0,-1,0
1785654011.880,-7.767,-2.341,4.541,0.9900,0,6.233,1.439,17.283,0.2634,7.250,-1.459,-0.396,1.000,-11.380,-14.000,-0.6450,0.0105,-0.568,-0.568,0.329,1.864,1.752,-0.903,-0.0006,0.101,nan,-8.00,1,1,1,0,1,-0.9914,0.667,1,0.334,2,0.123,0,0,yolo,105.0,yolo,2,2,0,0.000,0,-1,0
1785654011.912,-7.767,-2.341,4.541,0.9900,0,6.233,1.194,18.783,0.2634,7.250,-1.459,-0.396,1.000,-11.380,-14.000,-0.6450,0.0105,-0.568,-0.568,0.329,1.864,1.752,-1.148,-0.0007,0.101,nan,-8.00,1,1,1,0,1,-0.9280,0.667,1,0.334,2,0.123,0,0,yolo,105.0,yolo,2,2,0,0.000,0,-1,0
1785654011.943,-8.382,-2.432,2.841,0.9884,0,5.618,1.750,20.000,0.2801,7.218,-1.592,-0.549,1.000,-12.438,-14.000,3.9977,2.0000,-0.599,0.456,0.335,1.895,1.664,-0.682,-0.0007,-0.005,nan,-8.00,1,1,1,1,1,-0.9467,0.667,1,0.335,2,0.115,0,0,yolo,105.3,yolo,2,2,0,0.000,0,-1,0
1785654011.980,-8.953,-2.557,0.727,0.9868,0,5.047,2.159,20.000,0.2659,7.218,-1.592,-0.549,1.000,-12.438,-14.000,-1.0805,-0.0020,-0.624,-0.624,0.333,1.933,1.664,-0.399,-0.0007,0.028,nan,-8.00,1,1,1,0,1,-0.9417,0.667,1,0.342,2,0.109,0,0,yolo,105.3,yolo,2,2,0,0.000,0,-1,0
1785654012.020,-9.487,-2.692,-1.399,0.9852,0,4.513,2.548,20.000,0.2651,7.218,-1.592,-0.549,1.000,-12.438,-14.000,-1.1043,-0.0069,-0.648,-0.648,0.328,1.973,1.664,-0.145,-0.0007,0.060,nan,-8.00,1,1,1,0,1,-0.9457,0.583,1,0.342,1,0.099,0,0,yolo,105.3,yolo,2,2,0,0.000,0,-1,0
1785654012.052,-9.941,-2.761,-3.579,0.9838,0,4.059,2.918,20.000,0.2818,7.224,-1.629,-0.702,1.000,-12.705,-14.000,0.3375,1.2152,-0.677,0.176,0.330,2.016,1.641,0.157,-0.0007,-0.062,nan,-8.00,1,1,1,1,1,-0.9487,0.583,1,0.342,1,0.099,0,0,yolo,106.3,yolo,2,2,0,0.000,0,-1,0
1785654012.083,-9.941,-2.761,-3.579,0.9838,0,4.059,2.552,20.000,0.2695,7.224,-1.629,-0.702,1.000,-12.705,-14.000,-0.8527,0.0000,-0.677,-0.677,0.330,2.016,1.641,-0.209,-0.0007,-0.062,nan,-8.00,1,1,1,0,1,-0.9547,0.583,1,0.339,1,0.093,0,0,yolo,106.3,yolo,2,2,0,0.000,0,-1,0
1785654012.114,-10.364,-2.861,-5.939,0.9825,0,3.636,3.035,20.000,0.2691,7.224,-1.629,-0.702,1.000,-12.705,-14.000,-0.8839,-0.0003,-0.708,-0.708,0.330,2.064,1.641,0.174,-0.0006,-0.036,nan,-8.00,1,1,1,0,1,-0.9626,0.583,1,0.338,1,0.081,0,0,yolo,106.3,yolo,2,2,0,0.000,0,-1,0
1785654012.148,-10.364,-2.861,-5.939,0.9825,0,3.636,2.637,18.500,0.2858,7.252,-1.595,-0.826,1.000,-12.405,-14.000,-0.2854,0.9526,-0.708,-0.082,0.330,2.064,1.666,-0.224,-0.0006,-0.163,nan,0.00,1,1,1,1,1,0.0000,0.292,0,0.341,1,0.072,0,0,yolo,103.5,yolo,2,2,0,0.000,0,-1,0
1785654012.193,-10.719,-2.907,-8.259,0.9813,0,3.281,3.093,17.000,0.2731,7.252,-1.595,-0.826,1.000,-12.405,-14.000,-0.6566,0.0043,-0.739,-0.739,0.334,2.113,1.666,0.187,-0.0006,-0.147,nan,0.00,1,1,1,0,1,0.0000,0.292,0,0.341,1,0.072,0,0,yolo,103.5,yolo,2,2,0,0.000,0,-1,0
1785654012.224,-11.074,-2.984,-10.279,0.9800,0,2.926,3.460,15.500,0.2729,7.252,-1.595,-0.826,1.000,-12.405,-14.000,-0.6939,0.0061,-0.776,-0.776,0.336,2.158,1.666,0.476,-0.0006,-0.126,nan,0.00,1,1,1,0,1,-1.0025,0.292,1,0.342,1,0.068,0,0,yolo,103.5,yolo,2,2,0,0.000,0,-1,0
1785654012.255,-11.342,-2.885,-11.939,0.9792,0,1.489,3.263,14.000,0.2896,7.320,-1.416,-0.937,1.000,-10.950,-12.831,-2.7880,2.0000,-0.826,-0.053,0.334,2.200,1.775,0.378,-0.0006,-0.271,nan,0.00,1,1,1,1,1,-1.0025,0.292,1,0.342,1,0.068,0,0,yolo,106.0,yolo,2,2,0,0.000,0,-1,0
1785654012.286,-11.342,-2.885,-11.939,0.9792,0,2.658,2.868,15.500,0.2773,7.320,-1.416,-0.937,1.000,-10.950,-14.000,-0.7730,0.0000,-0.826,-0.826,0.334,2.200,1.775,-0.017,-0.0006,-0.271,nan,-8.00,1,1,1,0,1,-1.0083,0.571,1,0.399,1,0.051,0,0,yolo,106.0,yolo,2,2,0,0.000,0,-1,0
1785654012.316,-11.592,-2.892,-13.620,0.9784,0,1.634,3.168,17.000,0.2768,7.320,-1.416,-0.937,1.000,-10.950,-13.227,-0.8228,-0.0115,-0.876,-0.876,0.322,2.243,1.780,0.276,-0.0005,-0.263,nan,-8.00,1,1,1,0,1,-1.0127,0.571,1,0.399,1,0.051,0,0,yolo,106.0,yolo,2,2,0,0.000,0,-1,0
1785654012.347,-11.592,-2.892,-13.620,0.9784,0,1.634,2.832,18.500,0.2769,7.320,-1.416,-0.937,1.000,-10.950,-13.227,-0.8228,-0.0115,-0.876,-0.876,0.322,2.243,1.780,-0.059,-0.0005,-0.263,nan,-8.00,1,1,1,0,1,-1.0174,0.571,1,0.404,1,0.039,0,0,yolo,106.0,yolo,2,2,0,0.000,0,-1,0
1785654012.378,-11.691,-2.899,-15.507,0.9780,0,0.134,3.120,17.439,0.2935,7.369,-1.225,-1.013,1.000,-9.439,-11.053,-1.4569,0.8044,-0.913,-0.461,0.307,2.291,1.828,0.221,-0.0005,-0.370,nan,-8.00,1,1,1,1,1,-1.0209,0.571,1,0.404,1,0.039,0,0,yolo,116.4,yolo,2,2,0,0.000,0,-1,0
1785654012.409,-11.613,-2.924,-17.447,0.9783,0,-1.286,3.494,17.439,0.2795,7.369,-1.225,-1.013,1.000,-9.439,-10.326,-0.4848,-0.0262,-0.946,-0.946,0.280,2.341,1.829,0.570,-0.0004,-0.369,nan,-8.00,1,1,1,0,1,-1.0402,0.643,1,0.405,2,0.012,0,0,yolo,116.4,yolo,2,2,0,0.000,0,-1,0
1785654012.439,-11.408,-2.898,-19.323,0.9790,0,-1.554,3.763,17.439,0.2783,7.369,-1.225,-1.013,1.000,-9.439,-9.854,-0.5132,-0.0547,-0.974,-0.974,0.252,2.392,1.823,0.865,-0.0004,-0.377,nan,-8.00,1,1,1,0,1,-1.0547,0.643,1,0.405,2,0.012,0,0,yolo,116.4,yolo,2,2,0,0.000,0,-1,0
1785654012.478,-11.405,-2.897,-19.343,0.9790,0,-3.054,3.107,15.939,0.2950,7.376,-0.923,-1.038,1.000,-7.135,3.053,-2.2252,0.6269,-0.974,-0.845,0.252,2.392,1.915,0.210,-0.0003,-0.461,nan,-8.00,1,1,1,1,1,-1.0680,0.643,1,0.406,2,0.011,0,0,yolo,103.0,yolo,2,2,0,0.000,0,-1,0
1785654012.516,-10.960,-2.872,-21.088,0.9805,0,-4.554,3.465,15.135,0.2815,7.376,-0.923,-1.038,1.000,-7.135,-5.429,-0.1590,-0.0423,-1.004,-1.004,0.209,2.442,1.904,0.593,-0.0003,-0.473,nan,-8.00,1,1,1,0,1,-1.0779,0.643,1,0.406,2,0.011,0,0,yolo,103.0,yolo,2,2,0,0.000,0,-1,0
1785654012.548,-10.383,-2.763,-22.659,0.9825,0,-5.379,3.650,15.135,0.2798,7.376,-0.923,-1.038,1.000,-7.135,-5.004,-0.1846,-0.0846,-1.030,-1.030,0.167,2.488,1.881,0.887,-0.0002,-0.498,nan,-8.00,1,1,1,0,1,-1.0868,0.643,1,0.407,2,0.029,0,0,yolo,103.0,yolo,2,2,0,0.000,0,-1,0
1785654012.579,-10.383,-2.763,-22.659,0.9825,0,-6.879,3.232,13.635,0.2965,7.346,-0.565,-1.040,1.000,-4.400,14.000,-5.2596,1.0243,-1.030,-0.946,0.167,2.488,1.884,0.469,-0.0002,-0.566,nan,-8.00,1,1,1,1,1,-1.0868,0.643,1,0.407,2,0.029,0,0,yolo,102.8,yolo,2,2,0,0.000,0,-1,0
1785654012.617,-9.699,-2.621,-24.313,0.9847,0,-8.379,3.506,12.400,0.2843,7.346,-0.565,-1.040,1.000,-4.400,1.740,-0.1012,-0.0372,-1.048,-1.048,0.130,2.536,1.857,0.885,-0.0001,-0.593,nan,-8.00,1,1,1,0,1,-1.1033,0.643,1,0.406,2,0.081,0,0,yolo,102.8,yolo,2,2,0,0.000,0,-1,0
1785654012.658,-8.969,-2.449,-26.075,0.9869,0,-9.879,3.738,12.400,0.2831,7.346,-0.565,-1.040,1.000,-4.400,1.952,-0.1139,-0.0726,-1.060,-1.060,0.094,2.587,1.825,1.288,-0.0001,-0.625,nan,-8.00,1,1,1,0,1,-1.1107,0.643,1,0.406,2,0.081,0,0,yolo,102.8,yolo,2,2,0,0.000,0,-1,0
1785654012.689,-7.754,-2.189,-27.417,0.9901,0,-11.379,3.776,10.900,0.2998,7.323,-0.293,-1.020,1.000,-2.289,12.250,-2.0234,0.4969,-1.075,-0.670,0.060,2.628,1.759,1.587,0.0000,-0.691,nan,-8.00,1,1,1,1,1,-1.1230,0.667,1,0.354,2,0.114,0,0,yolo,103.0,yolo,2,2,0,0.000,0,-1,0
1785654012.721,-7.754,-2.189,-27.417,0.9901,0,-12.879,3.352,10.289,0.2876,7.323,-0.293,-1.020,1.000,-2.289,8.912,-0.4054,0.0000,-1.075,-1.075,0.060,2.628,1.759,1.162,0.0001,-0.691,nan,-8.00,1,1,1,0,1,-1.1323,0.667,1,0.354,2,0.114,0,0,yolo,103.0,yolo,2,2,0,0.000,0,-1,0
1785654012.757,-6.025,-1.913,-28.639,0.9939,0,-14.379,3.408,10.289,0.2860,7.323,-0.293,-1.020,1.000,-2.289,9.059,-0.4142,-0.0456,-1.084,-1.084,0.014,2.666,1.711,1.495,0.0001,-0.739,nan,-8.00,1,1,1,0,1,-1.1282,0.667,1,0.339,2,0.171,0,0,yolo,103.0,yolo,2,2,0,0.000,0,-1,0
1785654012.799,-4.501,-1.628,-29.700,0.9965,0,-15.879,3.359,8.789,0.3027,7.208,0.081,-0.997,1.000,0.647,14.000,-3.6942,0.5613,-1.081,-0.801,-0.035,2.699,1.655,1.732,0.0002,-0.795,nan,-8.00,1,1,1,1,1,-1.1252,0.667,1,0.339,2,0.171,0,0,yolo,109.4,yolo,2,2,0,0.000,0,-1,0
1785654012.850,-2.649,-1.305,-30.630,0.9987,0,-16.649,3.148,7.353,0.2869,7.208,0.081,-0.997,1.000,0.647,14.000,-0.2628,-0.0638,-1.064,-1.064,-0.099,2.725,1.615,1.843,0.0003,-0.835,nan,-8.00,1,1,1,0,1,-1.1229,0.667,1,0.339,2,0.171,2,0,yolo,109.4,yolo,2,2,0,0.000,0,-1,0
1785654012.893,-0.861,-0.994,-31.317,0.9997,0,-15.149,2.863,7.353,0.2850,7.208,0.081,-0.997,1.000,0.647,14.000,-0.2414,-0.1247,-1.042,-1.042,-0.160,2.744,1.577,1.869,0.0004,-0.873,nan,-8.00,1,1,1,0,1,-1.0906,0.700,1,0.264,2,0.209,0,0,yolo,109.4,yolo,2,2,0,0.000,0,-1,0
1785654012.924,0.842,-0.666,-32.040,0.9998,0,-13.649,2.410,5.853,0.2799,7.148,0.332,-0.931,1.000,2.658,14.000,-1.8811,-0.2209,-1.006,-0.693,-0.220,2.761,1.607,1.743,0.0005,-0.843,nan,-8.00,1,1,1,1,1,-1.1310,0.700,1,0.263,2,0.248,0,0,yolo,119.7,yolo,2,2,0,0.000,0,-1,0
1785654012.951,0.842,-0.666,-32.040,0.9998,0,-13.158,2.153,5.342,0.2899,7.148,0.332,-0.931,1.000,2.658,14.000,-0.3123,0.0000,-1.006,-1.006,-0.220,2.761,1.607,1.486,0.0006,-0.843,nan,-8.00,1,1,1,0,1,-1.1310,0.700,1,0.263,2,0.248,0,0,yolo,119.7,yolo,2,2,0,0.000,0,-1,0
1785654012.994,2.362,-0.410,-32.603,0.9991,0,-11.658,1.932,3.842,0.2881,7.148,0.332,-0.931,1.000,2.658,14.000,-0.2677,-0.0618,-0.961,-0.961,-0.281,2.773,1.584,1.522,0.0007,-0.866,nan,0.00,1,1,1,0,1,0.0000,0.571,0,0.196,1,0.493,0,0,yolo,119.7,yolo,2,2,0,0.000,0,-1,0
1785654013.024,3.556,-0.193,-32.916,0.9981,0,-10.444,3.193,2.342,0.2714,7.099,0.534,-0.867,1.000,4.305,14.000,-2.0405,-0.5777,-0.922,-0.761,-0.335,2.779,1.642,3.000,0.0007,-0.808,nan,0.00,1,1,1,1,1,0.0000,0.571,0,0.196,1,0.493,0,0,yolo,115.9,yolo,2,2,0,0.000,0,-1,0
1785654013.055,3.556,-0.193,-32.916,0.9981,0,-10.444,3.193,0.842,0.2881,7.099,0.534,-0.867,1.000,4.305,14.000,-0.1617,0.0000,-0.922,-0.922,-0.335,2.779,1.642,3.000,0.0008,-0.808,nan,0.00,1,1,1,0,1,0.0000,0.571,0,0.196,1,0.493,1,0,yolo,115.9,yolo,2,2,0,0.000,0,-1,0
1785654013.082,4.727,0.196,-33.105,0.9966,0,-9.273,2.804,-0.658,0.2896,7.099,0.534,-0.867,1.000,4.305,14.000,-0.1178,-0.0356,-0.878,-0.878,-0.370,2.781,1.606,3.000,0.0009,-0.844,nan,0.00,1,1,1,0,1,0.0000,0.566,0,0.191,1,0.538,0,0,yolo,115.9,yolo,2,2,0,0.000,0,-1,0
1785654013.113,5.844,0.528,-33.113,0.9948,0,-8.156,1.304,-2.158,0.2896,7.099,0.534,-0.867,1.000,4.305,14.000,-0.0733,-0.0696,-0.834,-0.834,-0.404,2.778,1.577,1.131,0.0010,-0.873,nan,0.00,1,1,1,0,1,0.0000,0.406,0,0.133,1,0.584,0,0,yolo,115.9,yolo,2,2,0,0.000,0,-1,0
1785654013.145,5.844,0.528,-33.113,0.9948,0,-8.156,0.349,-3.658,0.2729,7.049,0.683,-0.796,1.000,5.537,14.000,-1.1375,-0.6447,-0.834,-0.792,-0.404,2.778,1.663,0.877,0.0011,-0.787,nan,0.00,1,1,1,1,1,0.0000,0.293,0,0.113,1,0.702,0,0,yolo,120.2,yolo,2,2,0,0.000,0,-1,0
1785654013.175,6.771,0.630,-32.844,0.9930,0,-7.229,0.095,-5.158,0.2893,7.049,0.683,-0.796,1.000,5.537,14.000,-0.0083,-0.0336,-0.800,-0.800,-0.438,2.768,1.663,0.725,0.0011,-0.787,nan,0.00,1,1,1,0,1,0.0000,0.243,0,0.031,1,0.670,0,0,yolo,120.2,yolo,2,2,0,0.000,0,-1,0
1785654013.212,7.637,0.565,-32.296,0.9911,0,-6.363,-0.060,-5.537,0.2878,7.049,0.683,-0.796,1.000,5.537,14.000,0.0199,-0.0678,-0.772,-0.772,-0.472,2.755,1.683,0.505,0.0012,-0.767,nan,0.00,1,1,1,0,1,0.0000,0.243,0,0.031,1,0.670,1,0,yolo,120.2,yolo,2,2,0,0.000,0,-1,0
1785654013.238,7.637,0.565,-32.296,0.9911,0,-6.363,-0.007,-5.537,0.2878,7.049,0.683,-0.796,1.000,5.537,14.000,0.0199,-0.0678,-0.772,-0.772,-0.472,2.755,1.683,0.558,0.0013,-0.767,nan,0.00,1,1,1,0,1,0.0000,0.127,0,0.048,1,0.719,0,0,yolo,120.2,yolo,2,2,0,0.000,0,-1,0
1785654013.267,8.334,0.493,-31.731,0.9894,0,-5.666,-0.418,-5.016,0.2712,6.622,0.581,-0.659,1.000,5.016,14.000,0.6023,-1.4244,-0.745,-0.706,-0.517,2.742,1.825,0.075,0.0014,-0.625,nan,0.00,1,1,1,1,1,0.0000,0.254,0,0.048,1,0.719,0,0,yolo,122.8,yolo,2,2,0,0.000,0,-1,0
1785654013.300,8.982,0.381,-31.252,0.9877,0,-5.018,-0.430,-5.016,0.2856,6.622,0.581,-0.659,1.000,5.016,14.000,-0.0004,-0.0322,-0.707,-0.707,-0.549,2.732,1.845,-0.048,0.0014,-0.605,nan,0.00,1,1,1,0,1,0.0000,0.380,0,0.101,1,0.762,0,0,yolo,122.8,yolo,2,2,0,0.000,0,-1,0
1785654013.330,9.563,0.267,-30.784,0.9861,0,-4.437,-0.401,-5.016,0.2842,6.622,0.581,-0.659,1.000,5.016,14.000,0.0417,-0.0616,-0.664,-0.664,-0.579,2.723,1.866,-0.134,0.0015,-0.584,nan,0.00,1,1,1,0,1,0.0000,0.479,0,0.104,2,0.800,0,0,yolo,122.8,yolo,2,2,0,0.000,0,-1,0
1785654013.361,9.563,0.267,-30.784,0.9861,0,-4.437,-0.317,-5.016,0.2842,6.622,0.581,-0.659,1.000,5.016,14.000,0.0417,-0.0616,-0.664,-0.664,-0.579,2.723,1.866,-0.050,0.0015,-0.584,nan,0.00,1,1,1,0,1,0.0000,0.491,0,0.116,2,0.837,0,0,yolo,122.8,yolo,2,2,0,0.000,0,-1,0
1785654013.391,10.058,0.160,-30.309,0.9846,0,-3.942,-0.332,-5.213,0.2771,6.968,0.636,-0.652,1.000,5.213,14.000,-0.1438,-0.2061,-0.622,-0.588,-0.604,2.716,1.900,-0.172,0.0016,-0.550,nan,0.00,1,1,1,1,1,0.0000,0.505,0,0.130,2,0.873,0,0,yolo,111.5,yolo,2,2,0,0.000,0,-1,0
1785654013.419,10.058,0.160,-30.309,0.9846,0,-3.942,-0.268,-5.213,0.2866,6.968,0.636,-0.652,1.000,5.213,14.000,-0.0345,0.0000,-0.622,-0.622,-0.604,2.716,1.900,-0.108,0.0016,-0.550,nan,0.00,1,1,1,0,1,0.0000,0.505,0,0.130,2,0.873,0,0,yolo,111.5,yolo,2,2,0,0.000,0,-1,0
1785654013.460,10.542,0.029,-29.772,0.9831,0,-3.458,-0.235,-5.213,0.2856,6.968,0.636,-0.652,1.000,5.213,14.000,0.0140,-0.0170,-0.574,-0.574,-0.621,2.710,1.922,-0.206,0.0017,-0.528,nan,0.00,1,1,1,0,1,0.0000,0.506,0,0.131,2,0.873,0,0,yolo,111.5,yolo,2,2,0,0.000,0,-1,0
1785654013.489,10.988,-0.095,-29.242,0.9817,0,-1.958,-0.211,-4.094,0.2696,7.131,0.510,-0.613,1.000,4.094,8.971,1.3932,-0.3524,-0.523,-0.477,-0.634,2.705,1.957,-0.306,0.0017,-0.493,nan,0.00,1,1,1,1,1,0.0000,0.400,0,0.125,1,0.865,0,0,yolo,113.1,yolo,2,2,0,0.000,0,-1,0
1785654013.539,11.206,-0.193,-28.840,0.9809,0,-2.794,-0.128,-4.094,0.2850,7.131,0.510,-0.613,1.000,4.094,14.000,0.0099,-0.0137,-0.467,-0.467,-0.648,2.703,1.972,-0.321,0.0018,-0.478,nan,0.00,1,1,1,0,1,0.0000,0.400,0,0.125,1,0.865,2,0,yolo,113.1,yolo,2,2,0,0.000,0,-1,0
1785654013.571,11.562,-0.281,-28.455,0.9797,0,-2.438,-0.046,-4.094,0.2843,7.131,0.510,-0.613,1.000,4.094,14.000,0.0682,-0.0262,-0.409,-0.409,-0.660,2.701,1.987,-0.327,0.0018,-0.463,nan,0.00,1,1,1,0,1,0.0000,0.398,0,0.123,1,0.863,1,0,yolo,113.1,yolo,2,2,0,0.000,0,-1,0
1785654013.596,11.562,-0.281,-28.455,0.9797,0,-0.938,-0.058,-2.594,0.2765,7.222,0.244,-0.540,1.000,1.933,-7.283,2.7238,-0.1851,-0.409,-0.126,-0.660,2.701,2.005,-0.339,0.0019,-0.445,nan,0.00,1,1,1,1,1,0.0000,0.365,0,0.081,2,0.862,0,0,yolo,110.5,yolo,2,2,0,0.000,0,-1,0
1785654013.636,11.824,-0.362,-28.077,0.9788,0,0.562,0.015,-1.933,0.2845,7.222,0.244,-0.540,1.000,1.933,10.203,-0.2293,-0.0105,-0.356,-0.356,-0.671,2.701,2.017,-0.347,0.0019,-0.433,nan,0.00,1,1,1,0,1,0.0000,0.362,0,0.077,2,0.857,0,0,yolo,110.5,yolo,2,2,0,0.000,0,-1,0
1785654013.681,11.736,-0.400,-27.875,0.9791,0,2.062,0.089,-1.933,0.2835,7.222,0.244,-0.540,1.000,1.933,8.956,-0.1553,-0.0291,-0.282,-0.282,-0.689,2.703,2.021,-0.312,0.0020,-0.429,nan,0.00,1,1,1,0,1,0.0000,0.362,0,0.077,2,0.857,1,0,yolo,110.5,yolo,2,2,0,0.000,0,-1,0
1785654013.712,11.517,-0.419,-27.724,0.9798,0,3.562,0.145,-1.933,0.2824,7.222,0.244,-0.540,1.000,1.933,7.772,-0.0851,-0.0469,-0.212,-0.212,-0.707,2.706,2.022,-0.273,0.0020,-0.428,nan,0.00,1,1,1,0,1,0.0000,0.090,0,0.076,0,0.868,1,0,yolo,110.5,yolo,2,2,0,0.000,0,-1,0
1785654013.754,11.166,-0.440,-27.536,0.9810,0,5.062,0.134,-0.433,0.2750,7.291,-0.058,-0.456,1.000,-0.456,-14.000,2.2799,-0.1855,-0.153,0.222,-0.734,2.709,2.047,-0.306,0.0021,-0.403,nan,0.00,1,1,1,1,1,0.0000,0.179,0,0.073,0,0.880,0,0,yolo,134.4,yolo,2,2,0,0.000,0,-1,0
1785654013.790,11.166,-0.440,-27.536,0.9810,0,6.562,0.122,0.456,0.2836,7.291,-0.058,-0.456,1.000,-0.456,2.537,-0.3751,0.0000,-0.153,-0.153,-0.734,2.709,2.047,-0.318,0.0021,-0.403,nan,0.00,1,1,1,0,1,0.0000,0.179,0,0.073,0,0.880,1,0,yolo,134.4,yolo,2,2,0,0.000,0,-1,0
1785654013.816,10.566,-0.435,-27.487,0.9830,0,8.062,0.159,0.456,0.2819,7.291,-0.058,-0.456,1.000,-0.456,1.313,-0.3022,-0.0249,-0.080,-0.080,-0.759,2.712,2.046,-0.277,0.0021,-0.404,nan,0.00,1,1,1,0,1,0.0000,0.266,0,0.068,1,0.876,0,0,yolo,134.4,yolo,2,2,0,0.000,0,-1,0
1785654013.855,9.647,-0.405,-27.555,0.9858,0,9.562,0.040,1.956,0.2653,7.304,-0.386,-0.350,1.000,-3.029,-14.000,2.4596,-0.3441,-0.011,0.542,-0.782,2.716,2.092,-0.365,0.0022,-0.358,nan,0.00,1,1,1,1,1,0.0000,0.254,0,0.048,1,0.887,0,0,yolo,115.5,yolo,2,2,0,0.000,0,-1,0
1785654013.893,8.708,-0.376,-27.644,0.9885,0,11.062,0.022,3.029,0.2794,7.304,-0.386,-0.350,1.000,-3.029,-5.686,-0.4929,-0.0167,0.049,0.049,-0.798,2.718,2.094,-0.354,0.0022,-0.356,nan,0.00,1,1,1,0,1,0.0000,0.254,0,0.048,1,0.887,0,0,yolo,115.5,yolo,2,2,0,0.000,0,-1,0
1785654013.924,8.708,-0.376,-27.644,0.9885,0,12.562,-0.003,3.029,0.2794,7.304,-0.386,-0.350,1.000,-3.029,-5.686,-0.4929,-0.0167,0.049,0.049,-0.798,2.718,2.094,-0.379,0.0022,-0.356,nan,0.00,1,1,1,0,1,0.0000,0.247,0,0.037,1,0.889,0,0,yolo,115.5,yolo,2,2,0,0.000,0,-1,0
1785654013.959,7.469,-0.329,-27.965,0.9915,0,14.062,-0.045,3.029,0.2785,7.304,-0.386,-0.350,1.000,-3.029,-6.745,-0.4295,-0.0176,0.113,0.113,-0.799,2.720,2.095,-0.374,0.0023,-0.355,nan,0.00,1,1,1,0,1,0.0000,0.247,0,0.037,1,0.889,1,0,yolo,115.5,yolo,2,2,0,0.000,0,-1,0
1785654013.988,5.983,-0.298,-28.262,0.9945,0,15.562,-0.343,4.529,0.2618,7.193,-0.673,-0.196,1.000,-5.344,-14.000,2.9070,-1.2758,0.163,0.856,-0.806,2.722,2.200,-0.640,0.0023,-0.228,nan,0.00,1,1,1,1,0,0.0000,0.000,0,0.000,0,0.000,0,0,yolo,128.2,yolo,2,2,0,0.000,0,-1,0
1785654014.023,5.983,-0.298,-28.262,0.9945,0,17.062,-0.359,5.344,0.2746,7.193,-0.673,-0.196,1.000,-5.344,-11.831,-0.6924,0.0000,0.163,0.163,-0.806,2.722,2.200,-0.657,0.0023,-0.228,nan,0.00,1,1,1,0,0,0.0000,0.000,0,0.000,0,0.000,0,0,yolo,128.2,yolo,2,2,0,0.000,0,-1,0
1785654014.054,4.189,-0.305,-28.723,0.9973,0,16.828,-0.364,5.344,0.2736,7.193,-0.673,-0.196,1.000,-5.344,-12.639,-0.6444,0.0073,0.211,0.211,-0.799,2.722,2.200,-0.669,0.0023,-0.206,nan,0.00,1,1,1,0,0,0.0000,0.000,0,0.000,0,0.000,1,0,yolo,128.2,yolo,2,2,0,0.000,0,-1,0
1785654014.085,2.278,-0.312,-29.294,0.9992,0,16.278,0.193,6.844,0.2569,7.238,-1.111,-0.058,1.000,-8.724,-14.000,4.2698,-1.4344,0.247,1.254,-0.793,2.721,1.973,-0.120,0.0024,-0.063,nan,0.00,1,1,1,1,0,0.0000,0.000,0,0.000,0,0.000,0,0,yolo,112.4,yolo,2,2,0,0.000,0,-1,0
1785654014.128,0.611,-0.277,-29.931,0.9999,0,14.778,0.140,8.344,0.2678,7.238,-1.111,-0.058,1.000,-8.724,-14.000,-0.9838,0.0087,0.270,0.270,-0.784,2.720,1.973,-0.136,0.0024,-0.035,nan,0.00,1,1,1,0,1,0.0000,0.254,0,0.048,1,0.919,0,0,yolo,112.4,yolo,2,2,0,0.000,0,-1,0
1785654014.158,-1.024,-0.270,-30.798,0.9998,0,13.278,0.100,8.724,0.2676,7.238,-1.111,-0.058,1.000,-8.724,-14.000,-0.9679,0.0233,0.286,0.286,-0.769,2.717,1.973,-0.170,0.0024,-0.004,nan,0.00,1,1,1,0,1,0.0000,0.253,0,0.047,1,0.923,0,0,yolo,112.4,yolo,2,2,0,0.000,0,-1,0
1785654014.189,-1.024,-0.270,-30.798,0.9998,0,12.976,0.109,8.724,0.2676,7.238,-1.111,-0.058,1.000,-8.724,-14.000,-0.9679,0.0233,0.286,0.286,-0.769,2.717,1.973,-0.161,0.0024,-0.004,nan,0.00,1,1,1,0,1,0.0000,0.253,0,0.047,1,0.923,0,0,yolo,112.4,yolo,2,2,0,0.000,0,-1,0
1785654014.219,-2.436,-0.286,-31.684,0.9991,0,11.564,0.676,10.224,0.2509,7.281,-1.485,0.045,1.000,-11.526,-14.000,2.1361,-0.8881,0.288,1.206,-0.750,2.714,1.740,0.391,0.0023,0.144,nan,0.00,1,1,1,1,1,0.0000,0.252,0,0.046,1,0.922,0,0,yolo,113.3,yolo,2,2,0,0.000,0,-1,0
1785654014.250,-3.646,-0.268,-32.649,0.9980,0,10.354,0.634,11.526,0.2627,7.281,-1.485,0.045,1.000,-11.526,-14.000,-0.9216,0.0239,0.284,0.284,-0.726,2.711,1.740,0.366,0.0023,0.173,nan,0.00,1,1,1,0,1,0.0000,0.252,0,0.046,1,0.922,0,0,yolo,113.3,yolo,2,2,0,0.000,0,-1,0
1785654014.282,-3.646,-0.268,-32.649,0.9980,0,10.354,0.653,11.526,0.2627,7.281,-1.485,0.045,1.000,-11.526,-14.000,-0.9216,0.0239,0.284,0.284,-0.726,2.711,1.740,0.385,0.0023,0.173,nan,0.00,1,1,1,0,1,0.0000,0.167,0,0.043,2,0.913,0,0,yolo,113.3,yolo,2,2,0,0.000,0,-1,0
1785654014.312,-4.860,-0.294,-33.906,0.9964,0,9.140,0.634,11.526,0.2635,7.281,-1.485,0.045,1.000,-11.526,-14.000,-0.9290,0.0561,0.277,0.277,-0.694,2.707,1.740,0.340,0.0023,0.207,nan,0.00,1,1,1,0,1,0.0000,0.334,0,0.043,2,0.913,0,0,yolo,113.3,yolo,2,2,0,0.000,0,-1,0
1785654014.344,-5.841,-0.333,-35.032,0.9948,0,8.159,1.029,12.000,0.2469,7.419,-1.686,0.140,1.000,-12.807,-14.000,1.6586,-1.4606,0.260,1.110,-0.672,2.704,1.588,0.697,0.0022,0.354,nan,0.00,1,1,1,1,1,0.0000,0.336,0,0.044,2,0.909,0,0,yolo,124.2,yolo,2,2,0,0.000,0,-1,0
1785654014.381,-5.841,-0.333,-35.032,0.9948,0,8.159,1.057,12.000,0.2569,7.419,-1.686,0.140,1.000,-12.807,-14.000,-0.8496,0.0000,0.260,0.260,-0.672,2.704,1.588,0.724,0.0022,0.354,nan,0.00,1,1,1,0,1,0.0000,0.336,0,0.044,2,0.909,1,0,yolo,124.2,yolo,2,2,0,0.000,0,-1,0
1785654014.426,-6.731,-0.350,-36.200,0.9931,0,7.269,1.089,12.000,0.2582,7.419,-1.686,0.140,1.000,-12.807,-14.000,-0.8732,0.0373,0.237,0.237,-0.635,2.701,1.576,0.738,0.0022,0.382,nan,0.00,1,1,1,0,1,0.0000,0.333,0,0.041,2,0.901,1,0,yolo,124.2,yolo,2,2,0,0.000,0,-1,0
1785654014.466,-7.709,-0.392,-37.481,0.9909,0,6.291,1.653,12.000,0.2415,7.631,-2.126,0.108,1.000,-15.570,-14.000,2.7610,-0.4748,0.205,1.205,-0.588,2.698,1.363,1.260,0.0021,0.445,nan,0.00,1,1,1,1,1,0.0000,0.319,0,0.024,2,0.870,0,0,yolo,124.3,yolo,2,2,0,0.000,0,-1,0
1785654014.497,-8.514,-0.444,-38.675,0.9889,0,5.486,1.731,12.000,0.2561,7.631,-2.126,0.108,1.000,-15.570,-14.000,-1.0372,0.0350,0.168,0.168,-0.553,2.697,1.356,1.287,0.0021,0.481,nan,0.00,1,1,1,0,1,0.0000,0.319,0,0.024,2,0.870,0,0,yolo,124.3,yolo,2,2,0,0.000,0,-1,0
1785654014.528,-9.140,-0.436,-39.934,0.9873,0,4.860,1.756,12.000,0.2576,7.631,-2.126,0.108,1.000,-15.570,-14.000,-1.0822,0.0740,0.123,0.123,-0.514,2.697,1.351,1.320,0.0020,0.503,nan,0.00,1,1,1,0,1,0.0000,0.316,0,0.021,2,0.858,0,0,yolo,124.3,yolo,2,2,0,0.000,0,-1,0
1785654014.563,-9.643,-0.444,-41.031,0.9858,0,4.357,1.802,12.000,0.2589,7.631,-2.126,0.108,1.000,-15.570,-14.000,-1.1241,0.1104,0.081,0.081,-0.478,2.698,1.347,1.357,0.0020,0.522,nan,0.00,1,1,1,0,1,0.0000,0.316,0,0.021,2,0.858,3,0,yolo,124.3,yolo,2,2,0,0.000,0,-1,0
1785654014.606,-10.090,-0.456,-42.120,0.9845,0,3.910,1.878,12.000,0.2479,7.929,-2.234,0.086,1.000,-15.739,-14.000,0.1747,-0.1256,0.037,0.839,-0.452,2.700,1.334,1.422,0.0019,0.539,nan,0.00,1,1,1,1,1,0.0000,0.312,0,0.015,2,0.831,0,0,yolo,129.7,yolo,2,2,0,0.000,0,-1,0
1785654014.637,-10.090,-0.456,-42.120,0.9845,0,3.910,1.876,12.000,0.2536,7.929,-2.234,0.086,1.000,-15.739,-14.000,-0.8018,0.0000,0.037,0.037,-0.452,2.700,1.334,1.420,0.0019,0.539,nan,0.00,1,1,1,0,1,0.0000,0.316,0,0.020,2,0.821,0,0,yolo,129.7,yolo,2,2,0,0.000,0,-1,0
1785654014.668,-10.090,-0.456,-42.120,0.9845,0,3.910,1.875,12.000,0.2536,7.929,-2.234,0.086,1.000,-15.739,-14.000,-0.8018,0.0000,0.037,0.037,-0.452,2.700,1.334,1.419,0.0018,0.539,nan,0.00,1,1,1,0,1,0.0000,0.316,0,0.020,2,0.821,0,0,yolo,129.7,yolo,2,2,0,0.000,0,-1,0
1785654014.711,-10.801,-0.483,-44.058,0.9822,0,3.199,2.179,12.000,0.2369,7.885,-2.436,0.072,1.000,-17.167,-14.000,2.9480,-0.8157,-0.049,0.924,-0.401,2.705,1.246,1.696,0.0018,0.593,nan,0.00,1,1,1,1,1,0.0000,0.239,0,0.023,1,0.812,0,0,yolo,113.8,yolo,2,2,0,0.000,0,-1,0
1785654014.746,-11.256,-0.477,-45.628,0.9807,0,2.744,2.244,12.000,0.2536,7.885,-2.436,0.072,1.000,-17.167,-14.000,-1.0452,0.0650,-0.121,-0.121,-0.336,2.711,1.244,1.767,0.0017,0.611,nan,0.00,1,1,1,0,1,0.0000,0.243,0,0.029,1,0.809,0,0,yolo,113.8,yolo,2,2,0,0.000,0,-1,0
1785654014.778,-11.256,-0.477,-45.628,0.9807,0,2.744,2.214,12.000,0.2551,7.885,-2.436,0.072,1.000,-17.167,-14.000,-1.0452,0.0650,-0.121,-0.121,-0.336,2.711,1.244,1.737,0.0016,0.611,nan,0.00,1,1,1,0,1,0.0000,0.243,0,0.029,1,0.809,0,0,yolo,113.8,yolo,2,2,0,0.000,0,-1,0
1785654014.809,-11.622,-0.474,-47.073,0.9795,0,2.378,2.400,12.000,0.2392,7.971,-2.590,0.060,1.000,-18.003,-14.000,0.8728,-0.2648,-0.189,0.669,-0.272,2.718,1.200,1.926,0.0016,0.647,nan,0.00,1,1,1,1,1,0.0000,0.248,0,0.038,1,0.798,0,0,yolo,122.0,yolo,2,2,0,0.000,0,-1,0
1785654014.847,-11.924,-0.468,-48.364,0.9784,0,2.076,2.467,12.000,0.2541,7.971,-2.590,0.060,1.000,-18.003,-14.000,-0.9193,0.0643,-0.250,-0.250,-0.208,2.727,1.200,1.999,0.0015,0.659,nan,0.00,1,1,1,0,1,0.0000,0.251,0,0.044,1,0.787,0,0,yolo,122.0,yolo,2,2,0,0.000,0,-1,0
1785654014.888,-12.163,-0.453,-49.614,0.9775,0,1.837,2.527,12.000,0.2574,7.971,-2.590,0.060,1.000,-18.003,-14.000,-0.9774,0.1385,-0.309,-0.309,-0.134,2.737,1.200,2.074,0.0014,0.668,nan,0.00,1,1,1,0,1,0.0000,0.251,0,0.044,1,0.787,0,0,yolo,122.0,yolo,2,2,0,0.000,0,-1,0
1785654014.919,-12.163,-0.453,-49.614,0.9775,0,1.837,2.457,12.000,0.2574,7.971,-2.590,0.060,1.000,-18.003,-14.000,-0.9774,0.1385,-0.309,-0.309,-0.134,2.737,1.200,2.004,0.0014,0.668,nan,0.00,1,1,1,0,1,0.0000,0.248,0,0.038,1,0.776,0,0,yolo,122.0,yolo,2,2,0,0.000,0,-1,0
1785654014.956,-12.374,-0.436,-50.862,0.9767,0,1.626,2.534,12.000,0.2444,8.107,-2.681,0.055,1.000,-18.296,-14.000,0.2486,-0.1306,-0.367,0.364,-0.077,2.747,1.200,2.098,0.0013,0.689,nan,0.00,1,1,1,1,1,0.0000,0.248,0,0.038,1,0.776,2,0,yolo,128.0,yolo,2,2,0,0.000,0,-1,0
1785654014.996,-12.581,-0.423,-52.094,0.9760,0,1.419,2.614,12.000,0.2528,8.107,-2.681,0.055,1.000,-18.296,-14.000,-0.7892,0.0537,-0.425,-0.425,-0.023,2.759,1.200,2.191,0.0012,0.697,nan,0.00,1,1,1,0,1,0.0000,0.334,0,0.042,2,0.778,0,0,yolo,128.0,yolo,2,2,0,0.000,0,-1,0
1785654015.027,-12.737,-0.405,-53.298,0.9754,0,1.263,2.680,12.000,0.2549,8.107,-2.681,0.055,1.000,-18.296,-14.000,-0.8452,0.0992,-0.481,-0.481,0.022,2.772,1.200,2.275,0.0012,0.702,nan,0.00,1,1,1,0,1,0.0000,0.334,0,0.042,2,0.778,0,0,yolo,128.0,yolo,2,2,0,0.000,0,-1,0
1785654015.057,-12.737,-0.405,-53.298,0.9754,0,1.263,2.577,12.000,0.2548,8.107,-2.681,0.055,1.000,-18.296,-14.000,-0.8452,0.0992,-0.481,-0.481,0.022,2.772,1.200,2.172,0.0011,0.702,nan,0.00,1,1,1,0,1,0.0000,0.335,0,0.043,2,0.781,0,0,yolo,128.0,yolo,2,2,0,0.000,0,-1,0
1785654015.089,-12.876,-0.383,-54.505,0.9748,0,1.124,3.383,12.000,0.2704,8.180,-2.412,0.057,1.000,-16.430,-14.000,-1.9981,0.4011,-0.537,0.306,0.066,2.786,1.279,3.000,0.0010,0.648,nan,0.00,1,1,1,1,1,0.0000,0.335,0,0.043,2,0.785,0,0,yolo,126.0,yolo,2,2,0,0.000,0,-1,0
1785654015.115,-13.009,-0.354,-55.689,0.9743,0,0.991,3.354,12.000,0.2539,8.180,-2.412,0.057,1.000,-16.430,-14.000,-0.8975,0.0420,-0.592,-0.592,0.108,2.801,1.279,3.000,0.0010,0.649,nan,0.00,1,1,1,0,1,0.0000,0.335,0,0.044,2,0.789,0,0,yolo,126.0,yolo,2,2,0,0.000,0,-1,0
1785654015.150,-13.112,-0.262,-56.870,0.9739,0,0.888,3.262,12.000,0.2561,8.180,-2.412,0.057,1.000,-16.430,-14.000,-0.9504,0.0833,-0.644,-0.644,0.150,2.816,1.280,3.000,0.0009,0.640,nan,0.00,1,1,1,0,1,0.0000,0.335,0,0.044,2,0.789,0,0,yolo,126.0,yolo,2,2,0,0.000,0,-1,0
1785654015.181,-13.112,-0.262,-56.870,0.9739,0,0.888,3.262,12.000,0.2560,8.180,-2.412,0.057,1.000,-16.430,-14.000,-0.9504,0.0833,-0.644,-0.644,0.150,2.816,1.280,3.000,0.0008,0.640,nan,0.00,1,1,1,0,1,0.0000,0.335,0,0.044,2,0.794,0,0,yolo,126.0,yolo,2,2,0,0.000,0,-1,0
1785654015.212,-13.212,-0.191,-58.094,0.9735,0,0.788,3.191,12.000,0.2727,8.268,-2.157,0.057,1.000,-14.622,-14.000,-1.9565,0.4795,-0.699,0.257,0.185,2.831,1.390,3.000,0.0008,0.577,nan,0.00,1,1,1,1,1,0.0000,0.336,0,0.045,2,0.801,0,0,yolo,123.2,yolo,2,2,0,0.000,0,-1,0
1785654015.243,-13.301,-0.124,-59.314,0.9732,0,0.699,3.124,12.000,0.2560,8.268,-2.157,0.057,1.000,-14.622,-14.000,-1.0092,0.0277,-0.752,-0.752,0.212,2.847,1.391,3.000,0.0007,0.570,nan,0.00,1,1,1,0,1,0.0000,0.336,0,0.045,2,0.801,0,0,yolo,123.2,yolo,2,2,0,0.000,0,-1,0
1785654015.282,-13.301,-0.124,-59.314,0.9732,0,0.699,3.124,12.000,0.2557,8.268,-2.157,0.057,1.000,-14.622,-14.000,-1.0092,0.0277,-0.752,-0.752,0.212,2.847,1.391,3.000,0.0007,0.570,nan,0.00,1,1,1,0,1,0.0000,0.337,0,0.046,2,0.807,1,0,yolo,123.2,yolo,2,2,0,0.000,0,-1,0
1785654015.322,-13.466,-0.010,-61.814,0.9725,0,0.534,3.010,12.000,0.2390,8.667,-2.268,0.089,1.000,-14.664,-14.000,0.0949,-0.6857,-0.860,0.157,0.274,2.883,1.376,3.000,0.0006,0.616,nan,0.00,1,1,1,1,1,0.0000,0.337,0,0.046,2,0.817,0,0,yolo,121.9,yolo,2,2,0,0.000,0,-1,0
1785654015.353,-13.466,-0.010,-61.814,0.9725,0,0.534,3.010,12.000,0.2530,8.667,-2.268,0.089,1.000,-14.664,-14.000,-1.0162,0.0000,-0.860,-0.860,0.274,2.883,1.376,3.000,0.0005,0.616,nan,0.00,1,1,1,0,1,0.0000,0.254,0,0.048,1,0.824,0,0,yolo,121.9,yolo,2,2,0,0.000,0,-1,0
1785654015.384,-13.540,0.040,-63.193,0.9722,0,0.460,2.960,12.000,0.2551,8.667,-2.268,0.089,1.000,-14.664,-14.000,-1.0740,0.0410,-0.917,-0.917,0.315,2.905,1.378,3.000,0.0005,0.611,nan,0.00,1,1,1,0,1,0.0000,0.254,0,0.049,1,0.832,0,0,yolo,121.9,yolo,2,2,0,0.000,0,-1,0
1785654015.415,-13.540,0.040,-63.193,0.9722,0,0.460,2.960,12.000,0.2550,8.667,-2.268,0.089,1.000,-14.664,-14.000,-1.0740,0.0410,-0.917,-0.917,0.315,2.905,1.378,3.000,0.0004,0.611,nan,0.00,1,1,1,0,1,0.0000,0.254,0,0.049,1,0.832,0,0,yolo,121.9,yolo,2,2,0,0.000,0,-1,0
1785654015.444,-13.600,0.079,-64.502,0.9720,0,0.400,2.921,12.000,0.2439,9.045,-2.258,0.126,1.000,-14.018,-14.000,-0.6117,-0.1793,-0.971,-0.154,0.365,2.927,1.402,3.000,0.0004,0.641,nan,0.00,1,1,1,1,1,0.0000,0.255,0,0.050,1,0.837,0,0,yolo,124.9,yolo,2,2,0,0.000,0,-1,0
1785654015.477,-13.651,0.110,-65.762,0.9717,0,0.349,2.890,12.000,0.2550,9.045,-2.258,0.126,1.000,-14.018,-14.000,-0.8677,0.0578,-1.021,-1.021,0.423,2.949,1.403,3.000,0.0003,0.638,nan,0.00,1,1,1,0,1,0.0000,0.255,0,0.050,1,0.837,0,0,yolo,124.9,yolo,2,2,0,0.000,0,-1,0
1785654015.509,-13.692,0.136,-66.891,0.9716,0,0.308,2.864,12.000,0.2574,9.045,-2.258,0.126,1.000,-14.018,-14.000,-0.9123,0.1088,-1.066,-1.066,0.473,2.969,1.404,3.000,0.0002,0.636,nan,0.00,1,1,1,0,1,0.0000,0.258,0,0.055,1,0.848,0,0,yolo,124.9,yolo,2,2,0,0.000,0,-1,0
1785654015.540,-13.692,0.136,-66.891,0.9716,0,0.308,2.864,12.000,0.2573,9.045,-2.258,0.126,1.000,-14.018,-14.000,-0.9123,0.1088,-1.066,-1.066,0.473,2.969,1.404,3.000,0.0002,0.636,nan,0.00,1,1,1,0,1,0.0000,0.258,0,0.056,1,0.856,0,0,yolo,124.9,yolo,2,2,0,0.000,0,-1,0
1785654015.572,-13.731,0.160,-68.075,0.9714,0,0.269,2.840,12.000,0.2475,9.316,-2.102,0.174,1.000,-12.718,-14.000,-3.1702,-0.0984,-1.112,-0.111,0.523,2.992,1.468,3.000,0.0001,0.642,nan,0.00,1,1,1,1,1,0.0000,0.258,0,0.056,1,0.856,0,0,yolo,114.7,yolo,2,2,0,0.000,0,-1,0
1785654015.610,-13.762,0.178,-69.139,0.9713,0,0.238,2.822,12.000,0.2542,9.316,-2.102,0.174,1.000,-12.718,-14.000,-1.0409,0.0460,-1.152,-1.152,0.569,3.013,1.468,3.000,0.0000,0.640,nan,0.00,1,1,1,0,1,0.0000,0.258,0,0.054,1,0.859,1,0,yolo,114.7,yolo,2,2,0,0.000,0,-1,0
1785654015.641,-13.792,0.195,-70.235,0.9712,0,0.208,2.805,12.000,0.2564,9.316,-2.102,0.174,1.000,-12.718,-14.000,-1.0819,0.0941,-1.193,-1.193,0.617,3.035,1.469,3.000,-0.0000,0.639,nan,0.00,1,1,1,0,1,0.0000,0.258,0,0.055,1,0.863,1,0,yolo,114.7,yolo,2,2,0,0.000,0,-1,0
1785654015.667,-13.818,0.210,-71.299,0.9711,0,0.182,2.790,12.000,0.2582,9.316,-2.102,0.174,1.000,-12.718,-14.000,-1.1209,0.1323,-1.232,-1.232,0.655,3.058,1.470,3.000,-0.0001,0.637,nan,0.00,1,1,1,0,1,0.0000,0.257,0,0.053,1,0.868,0,0,yolo,114.7,yolo,2,2,0,0.000,0,-1,0
1785654015.705,-13.818,0.210,-71.299,0.9711,0,0.182,2.790,11.231,0.2491,9.522,-1.891,0.237,1.000,-11.231,-14.000,-1.4835,-0.0567,-1.232,-0.556,0.655,3.058,1.540,3.000,-0.0002,0.647,nan,0.00,1,1,1,1,1,0.0000,0.258,0,0.056,1,0.872,0,0,yolo,122.6,yolo,2,2,0,0.000,0,-1,0
1785654015.746,-13.865,0.250,-73.384,0.9709,0,-1.127,2.750,11.231,0.2555,9.522,-1.891,0.237,1.000,-11.231,-12.738,-0.7565,0.0779,-1.313,-1.313,0.733,3.104,1.543,3.000,-0.0002,0.641,nan,0.00,1,1,1,0,1,0.0000,0.257,0,0.053,1,0.870,0,0,yolo,122.6,yolo,2,2,0,0.000,0,-1,0
1785654015.777,-13.865,0.250,-73.384,0.9709,0,-1.127,2.750,11.231,0.2554,9.522,-1.891,0.237,1.000,-11.231,-12.738,-0.7565,0.0779,-1.313,-1.313,0.733,3.104,1.543,3.000,-0.0003,0.641,nan,0.00,1,1,1,0,1,0.0000,0.257,0,0.053,1,0.870,0,0,yolo,122.6,yolo,2,2,0,0.000,0,-1,0
1785654015.813,-13.751,0.283,-74.452,0.9713,0,-2.627,2.717,9.731,0.2630,9.609,-1.591,0.289,1.000,-9.401,-8.177,-2.3008,0.2263,-1.356,-0.437,0.773,3.128,1.658,3.000,-0.0003,0.611,nan,0.00,1,1,1,1,1,0.0000,0.257,0,0.053,1,0.870,1,0,yolo,113.5,yolo,2,2,0,0.000,0,-1,0
1785654015.845,-13.501,0.337,-75.366,0.9724,0,-4.127,2.663,9.401,0.2711,9.609,-1.591,0.289,1.000,-9.401,-6.382,-0.9611,0.0344,-1.398,-1.398,0.808,3.150,1.669,3.000,-0.0004,0.595,nan,0.00,1,1,1,0,1,0.0000,0.256,0,0.052,1,0.872,1,0,yolo,113.5,yolo,2,2,0,0.000,0,-1,0
1785654015.876,-13.111,0.410,-76.195,0.9739,0,-5.627,2.590,9.401,0.2706,9.609,-1.591,0.289,1.000,-9.401,-5.809,-1.0023,0.0628,-1.440,-1.440,0.836,3.169,1.685,3.000,-0.0005,0.573,nan,0.00,1,1,1,0,1,0.0000,0.254,0,0.049,1,0.868,1,0,yolo,113.5,yolo,2,2,0,0.000,0,-1,0
1785654015.903,-13.111,0.410,-76.195,0.9739,0,-7.127,2.590,9.401,0.2705,9.609,-1.591,0.289,1.000,-9.401,-5.809,-1.0023,0.0628,-1.440,-1.440,0.836,3.169,1.685,3.000,-0.0005,0.573,nan,0.00,1,1,1,0,1,0.0000,0.254,0,0.048,1,0.869,0,0,yolo,113.5,yolo,2,2,0,0.000,0,-1,0
1785654015.938,-12.627,0.473,-76.973,0.9758,0,-7.261,2.527,9.401,0.2700,9.609,-1.591,0.289,1.000,-9.401,-5.366,-1.0342,0.0834,-1.471,-1.471,0.857,3.188,1.702,3.000,-0.0006,0.550,nan,0.00,1,1,1,0,1,0.0000,0.254,0,0.048,1,0.869,1,0,yolo,113.5,yolo,2,2,0,0.000,0,-1,0
1785654015.979,-11.871,0.555,-77.933,0.9786,0,-6.900,4.027,9.401,0.2691,9.609,-1.591,0.289,1.000,-9.401,-4.971,-1.0626,0.0948,-1.500,-1.500,0.868,3.211,1.725,6.000,-0.0006,0.517,nan,0.00,1,1,1,0,1,0.0000,0.253,0,0.046,1,0.877,0,0,yolo,113.5,yolo,2,2,0,0.000,0,-1,0
1785654016.013,-11.187,0.787,-78.875,0.9809,0,-6.520,5.213,9.401,0.2685,9.609,-1.591,0.289,1.000,-9.401,-4.667,-1.0845,0.0975,-1.522,-1.522,0.871,3.230,1.766,6.000,-0.0007,0.460,nan,0.00,1,1,1,0,1,0.0000,0.253,0,0.046,1,0.880,0,0,yolo,113.5,yolo,2,2,0,0.000,0,-1,0
1785654016.055,-10.581,1.142,-79.787,0.9828,0,-6.137,4.858,9.401,0.2679,9.609,-1.591,0.289,1.000,-9.401,-4.444,-1.1005,0.0953,-1.538,-1.538,0.868,3.244,1.820,6.000,-0.0007,0.384,nan,0.00,1,1,1,0,1,0.0000,0.253,0,0.046,1,0.880,0,0,yolo,113.5,yolo,2,2,0,0.000,0,-1,0
1785654016.086,-9.963,1.479,-80.766,0.9846,0,-5.688,4.521,9.401,0.2674,9.609,-1.591,0.289,1.000,-9.401,-4.275,-1.1127,0.0917,-1.550,-1.550,0.865,3.257,1.873,6.000,-0.0007,0.311,nan,0.00,1,1,1,0,1,0.0000,0.251,0,0.043,1,0.886,0,0,yolo,113.5,yolo,2,2,0,0.000,0,-1,0
1785654016.117,-9.406,1.789,-81.716,0.9861,0,-5.238,4.211,9.401,0.2670,9.609,-1.591,0.289,1.000,-9.401,-4.169,-1.1204,0.0887,-1.558,-1.558,0.862,3.269,1.917,6.000,-0.0008,0.245,nan,0.00,1,1,1,0,1,0.0000,0.249,0,0.040,1,0.892,0,0,yolo,113.5,yolo,2,2,0,0.000,0,-1,0
1785654016.149,-9.406,1.789,-81.716,0.9861,0,-3.738,4.211,10.901,0.2794,10.590,-8.182,-1.432,1.000,-25.000,-14.000,-0.0000,-0.0000,-1.558,-1.558,0.862,3.269,1.200,6.000,-0.0007,-0.407,nan,0.00,1,1,1,1,1,0.0000,0.247,0,0.037,1,0.903,0,0,yolo,109.1,yolo,2,2,0,0.000,0,-1,0
1785654016.186,-8.910,2.071,-82.634,0.9873,0,-2.238,3.929,12.000,0.2828,10.590,-8.182,-1.432,1.000,-25.000,-14.000,-0.0000,-0.0000,-1.562,-1.562,0.860,3.278,1.200,6.000,-0.0007,-0.531,nan,0.00,1,1,1,1,0,0.0000,0.000,0,0.000,0,0.000,0,0,yolo,109.1,yolo,2,2,0,0.000,0,-1,0
1785654016.216,-8.744,2.288,-83.698,0.9876,0,-0.738,3.712,12.000,0.2848,10.590,-8.182,-1.432,1.000,-25.000,-14.000,-0.0000,-0.0000,-1.557,-1.557,0.855,3.291,1.200,6.000,-0.0006,-0.595,nan,0.00,1,1,1,1,0,0.0000,0.000,0,0.000,0,0.000,0,0,yolo,109.1,yolo,2,2,0,0.000,0,-1,0
1785654016.244,-8.718,2.469,-84.813,0.9875,0,0.762,3.531,12.000,0.2681,10.728,-8.065,-1.341,1.000,-25.000,-14.000,-0.0000,-0.4379,-1.549,-0.929,0.844,3.305,1.200,6.000,-0.0006,-0.565,nan,0.00,1,1,1,1,0,0.0000,0.000,0,0.000,0,0.000,0,0,yolo,112.9,yolo,2,2,0,0.000,0,-1,0
1785654016.278,-8.823,2.643,-85.883,0.9871,0,2.262,3.357,12.000,0.2842,10.728,-8.065,-1.341,1.000,-25.000,-14.000,-0.6177,-0.0103,-1.546,-1.546,0.834,3.317,1.200,6.000,-0.0005,-0.583,nan,0.00,1,1,1,0,0,0.0000,0.000,0,0.000,0,0.000,1,0,yolo,112.9,yolo,2,2,0,0.000,0,-1,0
1785654016.311,-8.823,2.643,-85.883,0.9871,0,3.762,3.357,12.000,0.2842,10.728,-8.065,-1.341,1.000,-25.000,-14.000,-0.6177,-0.0103,-1.546,-1.546,0.834,3.317,1.200,6.000,-0.0004,-0.583,nan,0.00,1,1,1,0,0,0.0000,0.000,0,0.000,0,0.000,1,0,yolo,112.9,yolo,2,2,0,0.000,0,-1,0
1785654016.343,-9.098,2.816,-87.022,0.9862,0,4.902,3.184,12.000,0.2835,10.728,-8.065,-1.341,1.000,-25.000,-14.000,-0.6210,-0.0279,-1.550,-1.550,0.816,3.329,1.200,6.000,-0.0004,-0.576,nan,0.00,1,1,1,0,0,0.0000,0.000,0,0.000,0,0.000,1,0,yolo,112.9,yolo,2,2,0,0.000,0,-1,0
1785654016.375,-9.599,2.947,-88.075,0.9847,0,4.401,3.053,12.000,0.2669,11.064,-7.837,-1.122,1.000,-25.000,-14.000,-0.0000,-1.2422,-1.559,-1.127,0.793,3.340,1.200,6.000,-0.0003,-0.369,nan,0.00,1,1,1,1,0,0.0000,0.000,0,0.000,0,0.000,0,0,yolo,115.7,yolo,2,2,0,0.000,0,-1,0
1785654016.400,-10.025,3.054,-89.097,0.9833,0,3.975,2.946,12.000,0.2776,11.064,-7.837,-1.122,1.000,-25.000,-14.000,-0.4419,-0.0143,-1.569,-1.569,0.779,3.351,1.200,6.000,-0.0003,-0.331,nan,0.00,1,1,1,0,0,0.0000,0.000,0,0.000,0,0.000,0,0,yolo,115.7,yolo,2,2,0,0.000,0,-1,0
1785654016.437,-10.025,3.054,-89.097,0.9833,0,3.975,2.946,12.000,0.2776,11.064,-7.837,-1.122,1.000,-25.000,-14.000,-0.4419,-0.0143,-1.569,-1.569,0.779,3.351,1.200,6.000,-0.0003,-0.331,nan,0.00,1,1,1,0,0,0.0000,0.000,0,0.000,0,0.000,1,0,yolo,115.7,yolo,2,2,0,0.000,0,-1,0
1785654016.463,-10.426,3.149,-90.152,0.9820,0,3.574,2.851,12.000,0.2764,11.064,-7.837,-1.122,1.000,-25.000,-14.000,-0.4549,-0.0256,-1.582,-1.582,0.768,3.363,1.200,6.000,-0.0002,-0.294,nan,0.00,1,1,1,0,0,0.0000,0.000,0,0.000,0,0.000,0,0,yolo,115.7,yolo,2,2,0,0.000,0,-1,0
1785654016.500,-10.820,3.233,-91.155,0.9807,0,3.180,2.767,12.000,0.2597,11.589,-7.393,-0.852,1.000,-25.000,-14.000,-0.0000,-1.9079,-1.597,-0.953,0.752,3.373,1.200,6.000,-0.0002,-0.103,nan,0.00,1,1,1,1,0,0.0000,0.000,0,0.000,0,0.000,0,0,yolo,110.2,yolo,2,2,0,0.000,0,-1,0
1785654016.530,-11.212,3.307,-92.245,0.9793,0,2.788,2.693,12.000,0.2707,11.589,-7.393,-0.852,1.000,-25.000,-14.000,-0.6610,-0.0149,-1.614,-1.614,0.737,3.385,1.200,6.000,-0.0002,-0.068,nan,0.00,1,1,1,0,0,0.0000,0.000,0,0.000,0,0.000,0,0,yolo,110.2,yolo,2,2,0,0.000,0,-1,0
1785654016.561,-11.550,3.360,-93.402,0.9781,0,2.450,2.640,12.000,0.2697,11.589,-7.393,-0.852,1.000,-25.000,-14.000,-0.6804,-0.0228,-1.634,-1.634,0.730,3.398,1.200,6.000,-0.0002,-0.035,nan,0.00,1,1,1,0,0,0.0000,0.000,0,0.000,0,0.000,2,0,yolo,110.2,yolo,2,2,0,0.000,0,-1,0
1785654016.589,-11.832,3.399,-94.443,0.9770,0,2.168,2.601,12.000,0.2530,12.342,-7.014,-0.674,1.000,-25.000,-14.000,-0.0000,-0.8028,-1.652,-0.719,0.720,3.410,1.200,6.000,-0.0002,0.045,nan,0.00,1,1,1,1,0,0.0000,0.000,0,0.000,0,0.000,0,0,yolo,108.2,yolo,2,2,0,0.000,0,-1,0
1785654016.623,-12.094,3.429,-95.499,0.9761,0,1.906,2.571,12.000,0.2684,12.342,-7.014,-0.674,1.000,-25.000,-14.000,-0.9528,0.0067,-1.671,-1.671,0.727,3.423,1.200,6.000,-0.0002,0.071,nan,0.00,1,1,1,0,0,0.0000,0.000,0,0.000,0,0.000,0,0,yolo,108.2,yolo,2,2,0,0.000,0,-1,0
1785654016.656,-12.094,3.429,-95.499,0.9761,0,1.906,2.571,12.000,0.2683,12.342,-7.014,-0.674,1.000,-25.000,-14.000,-0.9528,0.0067,-1.671,-1.671,0.727,3.423,1.200,6.000,-0.0002,0.071,nan,0.00,1,1,1,0,0,0.0000,0.000,0,0.000,0,0.000,0,0,yolo,108.2,yolo,2,2,0,0.000,0,-1,0
1785654016.688,-12.338,3.453,-96.570,0.9751,0,1.662,2.547,12.000,0.2684,12.997,-6.461,-0.538,1.000,-25.000,-14.000,-0.0000,0.0020,-1.692,-0.769,0.739,3.437,1.200,6.000,-0.0003,0.071,nan,0.00,1,1,1,1,0,0.0000,0.000,0,0.000,0,0.000,0,0,yolo,105.6,yolo,2,2,0,0.000,0,-1,0
1785654016.734,-12.547,3.470,-97.569,0.9743,0,1.453,2.530,12.000,0.2686,12.997,-6.461,-0.538,1.000,-25.000,-14.000,-0.9411,0.0154,-1.711,-1.711,0.755,3.450,1.200,6.000,-0.0003,0.090,nan,0.00,1,1,1,0,0,0.0000,0.000,0,0.000,0,0.000,0,0,yolo,105.6,yolo,2,2,0,0.000,0,-1,0
1785654016.781,-12.783,3.483,-98.693,0.9734,0,1.217,2.517,12.000,0.2689,12.997,-6.461,-0.538,1.000,-25.000,-14.000,-0.9631,0.0321,-1.733,-1.733,0.771,3.465,1.200,6.000,-0.0003,0.114,nan,0.00,1,1,1,0,0,0.0000,0.000,0,0.000,0,0.000,0,0,yolo,105.6,yolo,2,2,0,0.000,0,-1,0
1785654016.825,-13.000,3.491,-99.832,0.9726,0,1.000,2.509,12.000,0.2801,13.358,-5.716,-0.400,1.000,-23.166,-14.000,-3.2075,0.2465,-1.755,-0.810,0.786,3.480,1.200,6.000,-0.0003,0.081,nan,0.00,1,1,1,1,0,0.0000,0.000,0,0.000,0,0.000,0,0,yolo,106.8,yolo,2,2,0,0.000,0,-1,0
1785654016.856,-13.181,3.492,-100.889,0.9718,0,0.819,2.508,12.000,0.2683,13.358,-5.716,-0.400,1.000,-23.166,-14.000,-0.9658,0.0006,-1.776,-1.776,0.787,3.495,1.200,6.000,-0.0003,0.098,nan,0.00,1,1,1,0,0,0.0000,0.000,0,0.000,0,0.000,0,0,yolo,106.8,yolo,2,2,0,0.000,0,-1,0
1785654016.887,-13.343,3.491,-101.952,0.9712,0,0.657,2.509,12.000,0.2678,13.358,-5.716,-0.400,1.000,-23.166,-14.000,-0.9867,-0.0033,-1.797,-1.797,0.783,3.511,1.200,6.000,-0.0003,0.115,nan,0.00,1,1,1,0,0,0.0000,0.000,0,0.000,0,0.000,1,0,yolo,106.8,yolo,2,2,0,0.000,0,-1,0
1785654016.933,-13.470,3.486,-102.989,0.9707,0,-0.843,2.514,12.000,0.2845,13.978,-4.945,-0.271,1.000,-19.481,2.381,-8.9903,0.7761,-1.817,-1.106,0.779,3.526,1.200,6.000,-0.0003,0.037,nan,0.00,1,1,1,1,0,0.0000,0.000,0,0.000,0,0.000,0,0,yolo,106.7,yolo,2,2,0,0.000,0,-1,0
1785654016.962,-13.592,3.479,-103.990,0.9702,0,0.408,2.521,12.000,0.2702,13.978,-4.945,-0.271,1.000,-19.481,-14.000,-0.7298,-0.0021,-1.836,-1.836,0.777,3.542,1.200,6.000,-0.0003,0.049,nan,0.00,1,1,1,0,0,0.0000,0.000,0,0.000,0,0.000,0,0,yolo,106.7,yolo,2,2,0,0.000,0,-1,0
1785654016.994,-13.702,3.470,-105.086,0.9698,0,0.298,2.530,12.000,0.2698,13.978,-4.945,-0.271,1.000,-19.481,-14.000,-0.7495,-0.0045,-1.855,-1.855,0.774,3.559,1.200,6.000,-0.0003,0.061,nan,0.00,1,1,1,0,0,0.0000,0.000,0,0.000,0,0.000,1,0,yolo,106.7,yolo,2,2,0,0.000,0,-1,0
1785654017.026,-13.702,3.470,-105.086,0.9698,0,-1.202,2.530,12.000,0.2865,14.602,-4.204,-0.141,1.000,-16.061,10.105,-8.7152,0.8746,-1.855,-1.214,0.774,3.559,1.362,6.000,-0.0003,-0.027,nan,0.00,1,1,1,1,0,0.0000,0.000,0,0.000,0,0.000,0,0,yolo,108.8,yolo,2,2,0,0.000,0,-1,0
1785654017.057,-13.816,3.458,-106.343,0.9693,0,0.184,2.542,12.000,0.2724,14.602,-4.204,-0.141,1.000,-16.061,-14.000,-0.6633,-0.0031,-1.877,-1.877,0.771,3.580,1.362,6.000,-0.0003,-0.016,nan,0.00,1,1,1,0,0,0.0000,0.000,0,0.000,0,0.000,0,0,yolo,108.8,yolo,2,2,0,0.000,0,-1,0
1785654017.087,-13.754,3.448,-107.503,0.9696,0,0.246,2.552,12.000,0.2721,14.602,-4.204,-0.141,1.000,-16.061,-14.000,-0.6796,-0.0086,-1.893,-1.893,0.766,3.599,1.362,6.000,-0.0003,-0.018,nan,0.00,1,1,1,0,0,0.0000,0.000,0,0.000,0,0.000,1,0,yolo,108.8,yolo,2,2,0,0.000,0,-1,0
1785654017.114,-13.854,3.438,-108.564,0.9692,0,-1.254,2.562,12.000,0.2888,15.094,-3.337,0.008,1.000,-12.468,14.000,-14.1987,1.2262,-1.909,-2.053,0.758,3.617,1.661,6.000,-0.0003,-0.099,nan,0.00,1,1,1,1,0,0.0000,0.000,0,0.000,0,0.000,0,0,yolo,106.5,yolo,2,2,0,0.000,0,-1,0
1785654017.148,-13.786,3.431,-109.726,0.9695,0,0.214,2.569,12.000,0.2743,15.094,-3.337,0.008,1.000,-12.468,-14.000,0.1303,-0.0178,-1.922,-1.922,0.741,3.637,1.661,6.000,-0.0003,-0.101,nan,0.00,1,1,1,0,0,0.0000,0.000,0,0.000,0,0.000,1,0,yolo,106.5,yolo,2,2,0,0.000,0,-1,0
1785654017.182,-13.786,3.431,-109.726,0.9695,0,0.214,2.569,12.000,0.2743,15.094,-3.337,0.008,1.000,-12.468,-14.000,0.1303,-0.0178,-1.922,-1.922,0.741,3.637,1.661,6.000,-0.0003,-0.101,nan,0.00,1,1,1,0,0,0.0000,0.000,0,0.000,0,0.000,1,0,yolo,106.5,yolo,2,2,0,0.000,0,-1,0
1785654017.212,-13.885,3.421,-110.823,0.9690,0,0.115,2.579,12.000,0.2733,15.094,-3.337,0.008,1.000,-12.468,-14.000,0.1172,-0.0363,-1.935,-1.935,0.722,3.657,1.661,6.000,-0.0003,-0.093,nan,0.00,1,1,1,0,0,0.0000,0.000,0,0.000,0,0.000,1,0,yolo,106.5,yolo,2,2,0,0.000,0,-1,0
1785654017.241,-13.992,3.409,-111.887,0.9686,0,-1.385,2.591,10.500,0.2900,15.542,-2.515,0.159,1.000,-9.192,14.000,-6.6636,0.5289,-1.948,-1.614,0.704,3.676,1.934,6.000,-0.0003,-0.164,nan,0.00,1,1,1,1,0,0.0000,0.000,0,0.000,0,0.000,0,0,yolo,102.7,yolo,2,2,0,0.000,0,-1,0
1785654017.276,-13.905,3.432,-112.873,0.9690,0,-2.885,2.568,9.192,0.2768,15.542,-2.515,0.159,1.000,-9.192,-10.539,-0.3499,-0.0177,-1.964,-1.964,0.686,3.692,1.934,6.000,-0.0002,-0.173,nan,0.00,1,1,1,0,0,0.0000,0.000,0,0.000,0,0.000,0,0,yolo,102.7,yolo,2,2,0,0.000,0,-1,0
1785654017.306,-13.905,3.432,-112.873,0.9690,0,-3.366,2.568,9.192,0.2768,15.542,-2.515,0.159,1.000,-9.192,-10.539,-0.3499,-0.0177,-1.964,-1.964,0.686,3.692,1.934,6.000,-0.0002,-0.173,nan,0.00,1,1,1,0,0,0.0000,0.000,0,0.000,0,0.000,0,0,yolo,102.7,yolo,2,2,0,0.000,0,-1,0
1785654017.334,-13.679,3.487,-113.677,0.9698,0,-4.866,2.513,7.692,0.2934,15.901,-1.522,0.352,1.000,-5.466,14.000,-15.5098,1.4039,-1.985,-2.802,0.672,3.702,2.183,6.000,-0.0002,-0.267,nan,0.00,1,1,1,1,0,0.0000,0.000,0,0.000,0,0.000,0,0,yolo,104.0,yolo,2,2,0,0.000,0,-1,0
1785654017.369,-13.188,3.586,-114.450,0.9717,0,-6.366,2.414,6.192,0.2798,15.901,-1.522,0.352,1.000,-5.466,-6.783,0.7904,-0.0252,-2.012,-2.012,0.647,3.708,2.144,6.000,-0.0002,-0.306,nan,0.00,1,1,1,0,0,0.0000,0.000,0,0.000,0,0.000,2,0,yolo,104.0,yolo,2,2,0,0.000,0,-1,0
1785654017.401,-12.614,3.695,-115.024,0.9738,0,-6.084,2.305,5.466,0.2793,15.901,-1.522,0.352,1.000,-5.466,-6.530,0.7660,-0.0522,-2.036,-2.036,0.620,3.709,2.099,6.000,-0.0001,-0.351,nan,0.00,1,1,1,0,0,0.0000,0.000,0,0.000,0,0.000,0,0,yolo,104.0,yolo,2,2,0,0.000,0,-1,0
1785654017.433,-12.097,3.812,-115.503,0.9756,0,-7.584,2.188,3.966,0.2960,16.174,-0.569,0.541,1.000,-2.014,14.000,-5.8469,0.4678,-2.060,-2.628,0.590,3.707,2.021,6.000,-0.0001,-0.429,nan,0.00,1,1,1,1,0,0.0000,0.000,0,0.000,0,0.000,1,0,yolo,102.0,yolo,2,2,0,0.000,0,-1,0
1785654017.464,-12.097,3.812,-115.503,0.9756,0,-9.084,2.188,2.466,0.2837,16.174,-0.569,0.541,1.000,-2.014,3.067,0.5678,0.0000,-2.060,-2.060,0.590,3.707,2.021,6.000,-0.0000,-0.429,nan,0.00,1,1,1,0,0,0.0000,0.000,0,0.000,0,0.000,0,0,yolo,102.0,yolo,2,2,0,0.000,0,-1,0
1785654017.496,-11.396,3.947,-115.891,0.9780,0,-10.584,2.053,2.014,0.2829,16.174,-0.569,0.541,1.000,-2.014,3.306,0.5446,-0.0339,-2.083,-2.083,0.556,3.701,1.978,6.000,0.0000,-0.472,nan,0.00,1,1,1,0,0,0.0000,0.000,0,0.000,0,0.000,0,0,yolo,102.0,yolo,2,2,0,0.000,0,-1,0
1785654017.524,-10.543,4.113,-116.136,0.9806,0,-12.084,1.887,2.014,0.2821,16.174,-0.569,0.541,1.000,-2.014,3.555,0.5204,-0.0723,-2.107,-2.107,0.518,3.689,1.924,6.000,0.0001,-0.526,nan,0.00,1,1,1,0,0,0.0000,0.000,0,0.000,0,0.000,0,0,yolo,102.0,yolo,2,2,0,0.000,0,-1,0
1785654017.559,-9.377,4.268,-116.311,0.9839,0,-13.584,1.732,0.514,0.2960,16.506,0.488,0.763,1.000,1.694,14.000,-8.0125,0.2318,-2.124,-3.140,0.483,3.673,1.893,6.000,0.0001,-0.557,nan,0.00,1,1,1,1,0,0.0000,0.000,0,0.000,0,0.000,0,0,yolo,108.9,yolo,2,2,0,0.000,0,-1,0
1785654017.586,-8.027,4.427,-116.405,0.9872,0,-15.084,1.573,-0.986,0.2835,16.506,0.488,0.763,1.000,1.694,10.267,1.0051,-0.0431,-2.135,-2.135,0.439,3.654,1.861,6.000,0.0002,-0.589,nan,0.00,1,1,1,0,0,0.0000,0.000,0,0.000,0,0.000,0,0,yolo,108.9,yolo,2,2,0,0.000,0,-1,0
1785654017.622,-8.027,4.427,-116.405,0.9872,0,-16.584,1.573,-1.694,0.2836,16.506,0.488,0.763,1.000,1.694,10.267,1.0051,-0.0431,-2.135,-2.135,0.439,3.654,1.861,6.000,0.0002,-0.589,nan,0.00,1,1,1,0,0,0.0000,0.000,0,0.000,0,0.000,0,0,yolo,108.9,yolo,2,2,0,0.000,0,-1,0
1785654017.654,-6.576,4.586,-116.344,0.9902,0,-18.084,1.414,-3.194,0.2669,16.818,1.537,0.986,1.000,5.221,14.000,-15.5271,-0.6734,-2.141,-4.699,0.393,3.629,1.906,6.000,0.0003,-0.544,nan,0.00,1,1,1,1,0,0.0000,0.000,0,0.000,0,0.000,0,0,yolo,100.4,yolo,2,2,0,0.000,0,-1,0
1785654017.681,-5.000,4.751,-116.197,0.9928,0,-16.584,1.249,-4.694,0.2809,16.818,1.537,0.986,1.000,5.221,11.004,2.5592,-0.0415,-2.140,-2.140,0.352,3.601,1.902,6.000,0.0003,-0.548,nan,0.00,1,1,1,0,0,0.0000,0.000,0,0.000,0,0.000,0,0,yolo,100.4,yolo,2,2,0,0.000,0,-1,0
1785654017.716,-3.443,4.886,-115.861,0.9946,0,-15.084,1.114,-5.221,0.2787,16.818,1.537,0.986,1.000,5.221,10.987,2.5609,-0.0787,-2.138,-2.138,0.314,3.566,1.906,6.000,0.0004,-0.544,nan,0.00,1,1,1,0,0,0.0000,0.000,0,0.000,0,0.000,0,0,yolo,100.4,yolo,2,2,0,0.000,0,-1,0
1785654017.740,-2.085,5.009,-115.403,0.9955,0,-16.085,0.991,-6.721,0.2620,17.085,2.396,1.160,1.000,7.982,14.000,-12.3510,-1.7969,-2.136,-5.305,0.281,3.528,1.890,6.000,0.0004,-0.424,nan,0.00,1,1,1,1,0,0.0000,0.000,0,0.000,0,0.000,0,0,yolo,105.8,yolo,2,2,0,0.000,0,-1,0
1785654017.780,-0.574,5.126,-114.881,0.9960,0,-14.585,0.874,-7.982,0.2764,17.085,2.396,1.160,1.000,7.982,14.000,3.1795,-0.0228,-2.125,-2.125,0.258,3.485,1.914,6.000,0.0005,-0.395,nan,0.00,1,1,1,0,0,0.0000,0.000,0,0.000,0,0.000,0,0,yolo,105.8,yolo,2,2,0,0.000,0,-1,0
1785654017.813,-0.554,5.127,-114.874,0.9960,0,-14.554,0.873,-7.982,0.2764,17.085,2.396,1.160,1.000,7.982,14.000,3.1796,-0.0229,-2.125,-2.125,0.258,3.485,1.914,6.000,0.0005,-0.395,nan,0.00,1,1,1,0,0,0.0000,0.000,0,0.000,0,0.000,0,0,yolo,105.8,yolo,2,2,0,0.000,0,-1,0
1785654017.844,0.890,5.209,-114.189,0.9958,0,-13.110,0.791,-9.482,0.2598,17.394,3.193,1.264,1.000,10.401,14.000,-5.5067,-0.9255,-2.115,-4.721,0.255,3.437,1.820,6.000,0.0005,-0.271,nan,0.00,1,1,1,1,0,0.0000,0.000,0,0.000,0,0.000,0,0,yolo,104.3,yolo,2,2,0,0.000,0,-1,0
1785654017.892,2.320,5.272,-113.441,0.9950,0,-11.680,0.728,-10.401,0.2724,17.394,3.193,1.264,1.000,10.401,14.000,2.6240,0.0018,-2.097,-2.097,0.257,3.387,1.833,6.000,0.0006,-0.212,nan,0.00,1,1,1,0,0,0.0000,0.000,0,0.000,0,0.000,0,0,yolo,104.3,yolo,2,2,0,0.000,0,-1,0
1785654017.923,3.670,5.310,-112.646,0.9937,0,-10.330,0.690,-10.401,0.2714,17.394,3.193,1.264,1.000,10.401,14.000,2.6474,0.0132,-2.073,-2.073,0.268,3.337,1.833,6.000,0.0006,-0.150,nan,0.00,1,1,1,0,0,0.0000,0.000,0,0.000,0,0.000,1,0,yolo,104.3,yolo,2,2,0,0.000,0,-1,0
1785654017.951,4.761,5.312,-111.718,0.9923,0,-9.239,0.688,-11.901,0.2547,17.998,3.882,1.268,1.000,12.173,14.000,-8.3501,-0.9470,-2.052,-4.923,0.275,3.282,1.686,6.000,0.0006,-0.087,nan,0.00,1,1,1,1,0,0.0000,0.000,0,0.000,0,0.000,0,0,yolo,105.3,yolo,2,2,0,0.000,0,-1,0
1785654017.981,5.708,5.285,-110.736,0.9908,0,-8.292,0.715,-12.000,0.2684,17.998,3.882,1.268,1.000,12.173,14.000,2.8903,0.0176,-2.033,-2.033,0.293,3.229,1.686,6.000,0.0006,-0.017,nan,0.00,1,1,1,0,1,0.0000,0.154,0,0.010,0,0.842,0,0,yolo,105.3,yolo,2,2,0,0.000,0,-1,0
1785654018.014,6.662,5.239,-109.613,0.9891,0,-7.338,-0.785,-12.000,0.2674,17.998,3.882,1.268,1.000,12.173,14.000,2.9137,0.0380,-2.009,-2.009,0.313,3.170,1.686,3.000,0.0006,0.059,nan,0.00,1,1,1,0,1,0.0000,0.154,0,0.010,0,0.842,0,0,yolo,105.3,yolo,2,2,0,0.000,0,-1,0
1785654018.050,6.662,5.239,-109.613,0.9891,0,-7.338,-2.239,-12.000,0.2674,17.998,3.882,1.268,1.000,12.173,14.000,2.9137,0.0380,-2.009,-2.009,0.313,3.170,1.686,3.000,0.0006,0.059,nan,0.00,1,1,1,0,0,0.0000,0.000,0,0.000,0,0.000,0,0,yolo,105.3,yolo,2,2,0,0.000,0,-1,0
1785654018.081,7.476,5.040,-108.598,0.9877,0,-6.524,-2.040,-12.000,0.2508,18.374,4.288,1.217,1.000,13.137,14.000,-1.8557,-0.5043,-1.980,-3.929,0.327,3.120,1.605,3.000,0.0006,0.143,nan,0.00,1,1,1,1,0,0.0000,0.000,0,0.000,0,0.000,0,0,yolo,110.4,yolo,2,2,0,0.000,0,-1,0
1785654018.113,8.303,4.682,-107.592,0.9862,0,-5.697,-1.682,-12.000,0.2588,18.374,4.288,1.217,1.000,13.137,14.000,1.9838,0.0059,-1.945,-1.945,0.333,3.076,1.578,3.000,0.0005,0.317,nan,0.00,1,1,1,0,0,0.0000,0.000,0,0.000,0,0.000,1,0,yolo,110.4,yolo,2,2,0,0.000,0,-1,0
1785654018.155,8.952,4.379,-106.568,0.9849,0,-5.048,-1.379,-12.000,0.2553,18.374,4.288,1.217,1.000,13.137,14.000,2.0189,0.0187,-1.910,-1.910,0.346,3.035,1.520,3.000,0.0005,0.461,nan,0.00,1,1,1,0,1,0.0000,0.123,0,0.035,1,0.698,0,0,yolo,110.4,yolo,2,2,0,0.000,0,-1,0
1785654018.188,9.535,4.092,-105.550,0.9837,0,-4.465,-1.092,-12.000,0.2599,18.100,4.246,1.058,1.000,13.201,14.000,-0.2019,0.1042,-1.873,-2.846,0.359,2.997,1.520,3.000,0.0004,0.451,nan,0.00,1,1,1,1,1,0.0000,0.123,0,0.035,1,0.698,1,0,yolo,119.7,yolo,2,2,0,0.000,0,-1,0
1785654018.221,10.117,3.787,-104.420,0.9823,0,-3.883,-0.787,-12.000,0.2520,18.100,4.246,1.058,1.000,13.201,14.000,1.0156,0.0185,-1.830,-1.830,0.377,2.960,1.465,3.000,0.0004,0.588,nan,0.00,1,1,1,0,1,0.0000,0.249,0,0.041,1,0.666,2,0,yolo,119.7,yolo,2,2,0,0.000,0,-1,0
