t,roll,pitch,yaw,up,upset,cmd_roll_deg,cmd_pitch_deg,cmd_yaw_deg,thrust,bx,by,bz,blend,bearing_deg,desired_roll,d_lat,d_vert,vY_imu,vY_fused,vD,vX,v_target,pitch_des,elev_i,elev_err,agl,turn_ff,reliable,vision_valid,elev_fresh,is_new_d,bl_found,bl_hdg,bl_conf,bl_hdg_valid,bl_span,bl_paired,bl_cy,bl_gap,src_switch,source,infer_ms,mode,gate,gate_id,peek_side,peek_strength,peek_active,occ_gap,collision
1785654530.178,0.000,-17.800,0.000,0.9521,0,-0.449,15.800,1.669,0.2740,5.822,0.019,-1.550,0.970,0.185,0.449,-0.0000,-0.0000,-0.000,-0.000,0.000,-0.000,2.146,-2.000,0.0060,0.304,nan,-0.96,1,1,1,1,1,-0.0334,1.000,1,0.521,8,0.113,2,0,yolo,110.9,yolo,0,0,0,0.000,0,-1,0
1785654530.214,0.000,-17.800,0.000,0.9521,0,-0.449,15.800,1.281,0.2739,5.822,0.019,-1.550,0.970,0.185,0.449,0.0000,0.0000,-0.000,-0.000,0.000,-0.000,2.146,-2.000,0.0059,0.304,nan,-0.57,1,1,1,0,1,-0.0198,1.000,1,0.519,8,0.097,1,0,yolo,110.9,yolo,0,0,0,0.000,0,-1,0
1785654530.260,-0.005,-17.654,-0.003,0.9529,0,1.051,15.654,0.376,0.2573,6.500,-0.042,-1.670,1.000,-0.368,-5.169,0.6270,-0.7635,-0.001,0.084,-0.008,0.018,2.070,-2.000,0.0059,0.380,nan,-0.01,1,1,1,1,1,-0.0003,1.000,1,0.525,8,0.060,2,0,yolo,121.3,yolo,0,0,0,0.000,0,-1,0
1785654530.301,-0.030,-15.619,-0.006,0.9631,0,0.425,14.154,-0.139,0.2739,6.500,-0.042,-1.670,1.000,-0.368,-0.455,-0.0867,-0.0170,-0.002,-0.002,-0.025,0.041,2.200,-2.000,0.0059,0.142,nan,0.51,1,1,1,0,1,0.0177,1.000,1,0.525,8,-0.009,0,0,yolo,121.3,yolo,0,0,0,0.000,0,-1,0
1785654530.338,-0.055,-13.516,-0.098,0.9723,0,0.374,12.654,-0.524,0.2797,6.500,-0.042,-1.670,1.000,-0.368,-0.429,-0.0881,-0.0236,-0.004,-0.004,-0.032,0.071,2.200,-2.000,0.0059,-0.104,nan,0.89,1,1,1,0,1,0.0312,1.000,1,0.525,8,-0.009,2,0,yolo,121.3,yolo,0,0,0,0.000,0,-1,0
1785654530.378,-0.098,-11.986,-0.071,0.9782,0,-1.126,11.154,-1.181,0.2964,6.874,0.034,-1.767,1.000,0.281,7.878,-1.1680,2.0000,-0.006,-0.107,-0.040,0.104,2.149,-2.000,0.0059,-0.301,nan,0.90,1,1,1,1,1,0.0314,1.000,1,0.583,9,-0.012,0,0,yolo,117.9,yolo,0,0,0,0.000,0,-1,0
1785654530.415,0.021,-10.614,0.078,0.9829,0,-0.267,9.654,-1.187,0.2881,6.874,0.034,-1.767,1.000,0.281,0.288,0.1000,-0.0206,-0.007,-0.007,-0.061,0.151,1.979,-2.000,0.0060,-0.471,nan,0.91,1,1,1,0,1,0.0316,1.000,1,0.583,9,-0.012,3,0,yolo,117.9,yolo,0,0,0,0.000,0,-1,0
1785654530.442,0.015,-9.469,0.203,0.9864,0,-0.287,8.154,-0.923,0.2901,6.874,0.034,-1.767,1.000,0.281,0.303,0.0992,-0.0497,-0.008,-0.008,-0.090,0.207,1.838,-2.000,0.0060,-0.612,nan,0.64,1,1,1,0,1,0.0224,1.000,1,0.451,7,0.092,0,0,yolo,117.9,yolo,0,0,0,0.000,0,-1,0
1785654530.473,0.015,-9.469,0.203,0.9864,0,-0.287,7.469,-0.725,0.2902,6.874,0.034,-1.767,1.000,0.281,0.303,0.0992,-0.0497,-0.008,-0.008,-0.090,0.207,1.838,-2.000,0.0061,-0.612,nan,0.44,1,1,1,0,1,0.0155,1.000,1,0.451,7,0.092,0,0,yolo,117.9,yolo,0,0,0,0.000,0,-1,0
1785654530.505,0.041,-8.567,0.270,0.9888,0,-0.352,6.567,-0.404,0.3068,6.835,0.009,-1.815,1.000,0.074,0.393,0.1482,0.9845,-0.008,-0.075,-0.124,0.266,1.674,-2.000,0.0062,-0.776,nan,0.33,1,1,1,1,1,0.0115,1.000,1,0.435,7,0.156,0,0,yolo,124.3,yolo,0,0,0,0.000,0,-1,0
1785654530.536,0.076,-7.783,0.304,0.9908,0,0.143,5.783,-0.318,0.2967,6.835,0.009,-1.815,1.000,0.074,-0.068,0.0684,-0.0545,-0.007,-0.007,-0.178,0.318,1.578,-2.000,0.0063,-0.872,nan,0.24,1,1,1,0,1,0.0085,1.000,1,0.435,7,0.156,0,0,yolo,124.3,yolo,0,0,0,0.000,0,-1,0
1785654530.576,0.076,-7.783,0.304,0.9908,0,0.143,5.783,-0.233,0.2968,6.835,0.009,-1.815,1.000,0.074,-0.068,0.0684,-0.0545,-0.007,-0.007,-0.178,0.318,1.578,-2.000,0.0063,-0.872,nan,0.16,1,1,1,0,1,0.0056,1.000,1,0.445,7,0.184,0,0,yolo,124.3,yolo,0,0,0,0.000,0,-1,0
1785654530.613,0.040,-6.443,0.355,0.9937,0,-1.357,4.443,-0.230,0.2801,6.522,0.015,-1.453,1.000,0.135,1.692,-0.1037,-2.0000,-0.006,-0.064,-0.315,0.410,1.738,-2.000,0.0064,-0.712,nan,0.10,1,1,1,1,1,0.0033,1.000,1,0.445,7,0.184,0,0,yolo,117.1,yolo,0,0,0,0.000,0,-1,0
1785654530.650,0.040,-6.443,0.355,0.9937,0,-0.092,4.443,-0.230,0.2937,6.522,0.015,-1.453,1.000,0.135,0.132,0.0573,0.0000,-0.006,-0.006,-0.315,0.410,1.738,-2.000,0.0065,-0.712,nan,0.10,1,1,1,0,1,0.0033,1.000,1,0.445,7,0.184,3,0,yolo,117.1,yolo,0,0,0,0.000,0,-1,0
1785654530.691,0.165,-5.995,0.373,0.9945,0,0.037,3.995,-1.096,0.2927,6.522,0.015,-1.453,1.000,0.135,0.128,0.0575,-0.0527,-0.006,-0.006,-0.368,0.447,1.686,-2.000,0.0066,-0.764,nan,0.96,1,1,1,0,1,0.0336,1.000,1,0.372,6,0.241,0,0,yolo,117.1,yolo,0,0,0,0.000,0,-1,0
1785654530.731,0.163,-5.499,0.395,0.9954,0,0.055,3.499,-0.877,0.2916,6.522,0.015,-1.453,1.000,0.135,0.108,0.0586,-0.1110,-0.005,-0.005,-0.427,0.484,1.629,-2.000,0.0067,-0.821,nan,0.74,1,1,1,0,1,0.0259,1.000,1,0.365,6,0.281,0,0,yolo,117.1,yolo,0,0,0,0.000,0,-1,0
1785654530.769,0.151,-5.066,0.475,0.9961,0,-1.042,3.066,-0.755,0.2750,6.331,0.020,-1.172,1.000,0.177,1.193,-0.0280,-1.2757,-0.004,-0.045,-0.479,0.519,1.841,-2.000,0.0067,-0.609,nan,0.58,1,1,1,1,1,0.0202,1.000,1,0.365,6,0.281,0,0,yolo,129.2,yolo,0,0,0,0.000,0,-1,0
1785654530.806,0.140,-4.702,0.575,0.9966,0,-0.155,2.702,-1.190,0.2891,6.331,0.020,-1.172,1.000,0.177,0.296,0.0408,-0.0476,-0.004,-0.004,-0.527,0.549,1.801,-2.000,0.0068,-0.649,nan,1.01,1,1,1,0,1,0.0354,1.000,1,0.361,6,0.196,0,0,yolo,129.2,yolo,0,0,0,0.000,0,-1,0
1785654530.847,0.236,-4.341,0.650,0.9971,0,-0.054,2.341,-1.516,0.2883,6.331,0.020,-1.172,1.000,0.177,0.290,0.0411,-0.0902,-0.004,-0.004,-0.570,0.583,1.760,-2.000,0.0068,-0.690,nan,1.34,1,1,1,0,1,0.0468,1.000,1,0.361,6,0.196,0,0,yolo,129.2,yolo,0,0,0,0.000,0,-1,0
1785654530.878,0.218,-4.065,0.791,0.9975,0,-0.064,2.065,-1.323,0.2869,6.331,0.020,-1.172,1.000,0.177,0.282,0.0415,-0.1406,-0.003,-0.003,-0.620,0.612,1.729,-2.000,0.0069,-0.721,nan,1.15,1,1,1,0,1,0.0400,1.000,1,0.298,5,0.498,0,0,yolo,129.2,yolo,0,0,0,0.000,0,-1,0
1785654530.911,0.218,-3.818,0.936,0.9978,0,-0.063,1.818,-1.323,0.2856,6.331,0.020,-1.172,1.000,0.177,0.281,0.0416,-0.1885,-0.003,-0.003,-0.668,0.640,1.702,-2.000,0.0070,-0.748,nan,1.15,1,1,1,0,1,0.0400,1.000,1,0.298,5,0.498,0,0,yolo,129.2,yolo,0,0,0,0.000,0,-1,0
1785654530.949,0.218,-3.818,0.936,0.9978,0,-0.063,1.818,-1.177,0.2857,6.331,0.020,-1.172,1.000,0.177,0.281,0.0416,-0.1885,-0.003,-0.003,-0.668,0.640,1.702,-2.000,0.0071,-0.748,nan,1.00,1,1,1,0,1,0.0349,1.000,1,0.298,5,0.498,1,0,yolo,129.2,yolo,0,0,0,0.000,0,-1,0
1785654530.991,0.218,-3.595,1.057,0.9980,0,-0.057,1.595,-1.179,0.2844,6.331,0.020,-1.172,1.000,0.177,0.275,0.0419,-0.2337,-0.003,-0.003,-0.713,0.666,1.677,-2.000,0.0071,-0.773,nan,1.00,1,1,1,0,1,0.0350,1.000,1,0.293,5,0.510,0,0,yolo,129.2,yolo,0,0,0,0.000,0,-1,0
1785654531.026,0.219,-3.369,1.174,0.9983,0,-0.049,1.369,-1.180,0.2833,6.331,0.020,-1.172,1.000,0.177,0.268,0.0423,-0.2754,-0.003,-0.003,-0.755,0.691,1.652,-2.000,0.0072,-0.798,nan,1.00,1,1,1,0,1,0.0350,1.000,1,0.293,5,0.510,3,0,yolo,129.2,yolo,0,0,0,0.000,0,-1,0
1785654531.052,0.219,-3.187,1.283,0.9984,0,-0.044,1.187,-1.860,0.2819,6.331,0.020,-1.172,1.000,0.177,0.264,0.0425,-0.3199,-0.003,-0.003,-0.799,0.714,1.632,-2.000,0.0073,-0.818,nan,1.68,1,1,1,0,1,0.0588,1.000,1,0.287,5,0.537,0,0,yolo,129.2,yolo,0,0,0,0.000,0,-1,0
1785654531.084,0.215,-3.044,1.460,0.9986,0,0.541,1.044,-2.053,0.2916,10.330,-0.025,-1.210,1.000,-0.141,-0.326,-0.0000,-0.0000,-0.003,-0.003,-0.841,0.735,1.791,-2.000,0.0074,-0.659,nan,2.19,1,1,1,1,1,0.0766,1.000,1,0.287,5,0.537,0,0,yolo,116.2,yolo,0,0,0,0.000,0,-1,0
1785654531.115,0.215,-3.044,1.460,0.9986,0,0.541,1.044,-1.684,0.2916,10.330,-0.025,-1.210,1.000,-0.141,-0.326,-0.0000,-0.0000,-0.003,-0.003,-0.841,0.735,1.791,-2.000,0.0074,-0.659,nan,1.82,1,1,1,1,1,0.0637,1.000,1,0.286,5,0.718,0,0,yolo,116.2,yolo,0,0,0,0.000,0,-1,0
1785654531.146,0.141,-2.914,1.643,0.9987,0,0.465,0.914,-1.407,0.2924,10.330,-0.025,-1.210,1.000,-0.141,-0.324,-0.0000,-0.0000,-0.003,-0.003,-0.884,0.756,1.767,-2.000,0.0075,-0.683,nan,1.55,1,1,1,1,1,0.0540,1.000,1,0.286,5,0.718,0,0,yolo,116.2,yolo,0,0,0,0.000,0,-1,0
1785654531.184,0.092,-2.811,1.765,0.9988,0,0.413,0.811,-1.274,0.2930,10.330,-0.025,-1.210,1.000,-0.141,-0.321,-0.0000,-0.0000,-0.004,-0.004,-0.925,0.774,1.748,-2.000,0.0076,-0.702,nan,1.42,1,1,1,1,1,0.0494,1.000,1,0.281,5,0.716,0,0,yolo,116.2,yolo,0,0,0,0.000,0,-1,0
1785654531.225,0.048,-2.718,1.874,0.9989,0,1.212,0.718,-1.077,0.2858,10.354,-0.043,-1.174,1.000,-0.239,-1.164,0.1326,-0.1464,-0.004,-0.012,-0.971,0.791,1.768,-2.000,0.0076,-0.682,nan,1.32,1,1,1,1,1,0.0459,1.000,1,0.281,5,0.716,0,0,yolo,114.6,yolo,0,0,0,0.000,0,-1,0
1785654531.260,-0.104,-2.625,1.984,0.9989,0,0.492,0.625,-1.315,0.2907,10.354,-0.043,-1.174,1.000,-0.239,-0.596,0.0072,-0.0503,-0.004,-0.004,-1.021,0.810,1.751,-2.000,0.0077,-0.699,nan,1.55,1,1,1,0,1,0.0542,1.000,1,0.273,5,0.675,0,0,yolo,114.6,yolo,0,0,0,0.000,0,-1,0
1785654531.288,-0.104,-2.625,1.984,0.9989,0,0.492,0.625,-1.315,0.2908,10.354,-0.043,-1.174,1.000,-0.239,-0.596,0.0072,-0.0503,-0.004,-0.004,-1.021,0.810,1.751,-2.000,0.0078,-0.699,nan,1.55,1,1,1,0,1,0.0542,1.000,1,0.273,5,0.675,0,0,yolo,114.6,yolo,0,0,0,0.000,0,-1,0
1785654531.325,-0.149,-2.548,2.108,0.9990,0,1.992,0.548,-1.299,0.2741,10.228,-0.077,-1.071,1.000,-0.434,-2.287,0.2089,-0.5040,-0.007,0.019,-1.074,0.828,1.835,-2.000,0.0078,-0.615,nan,1.73,1,1,1,1,1,0.0605,1.000,1,0.273,5,0.675,3,0,yolo,119.3,yolo,0,0,0,0.000,0,-1,0
1785654531.366,-0.351,-2.488,2.225,0.9990,0,0.538,0.488,0.201,0.2894,10.228,-0.077,-1.071,1.000,-0.434,-0.889,-0.0264,-0.0346,-0.008,-0.008,-1.109,0.842,1.825,-2.000,0.0079,-0.625,nan,0.00,1,1,1,0,1,0.0000,0.966,0,0.229,4,0.591,0,0,yolo,119.3,yolo,0,0,0,0.000,0,-1,0
1785654531.401,-0.388,-2.428,2.221,0.9991,0,0.466,0.428,0.434,0.2881,10.228,-0.077,-1.071,1.000,-0.434,-0.853,-0.0290,-0.0705,-0.010,-0.010,-1.145,0.858,1.814,-2.000,0.0080,-0.636,nan,0.00,1,1,1,0,1,0.0000,0.966,0,0.229,4,0.591,3,0,yolo,119.3,yolo,0,0,0,0.000,0,-1,0
1785654531.427,-0.435,-2.378,2.147,0.9991,0,0.397,0.378,0.434,0.2870,10.228,-0.077,-1.071,1.000,-0.434,-0.832,-0.0306,-0.1027,-0.012,-0.012,-1.177,0.873,1.805,-2.000,0.0080,-0.645,nan,0.00,1,1,1,0,1,0.0000,0.948,0,0.217,4,0.604,0,0,yolo,119.3,yolo,0,0,0,0.000,0,-1,0
1785654531.464,-0.435,-2.378,2.147,0.9991,0,1.897,0.378,0.728,0.2703,10.099,-0.128,-0.907,1.000,-0.728,-4.289,0.3893,-1.1906,-0.012,0.061,-1.177,0.873,1.964,-2.000,0.0081,-0.486,nan,0.00,1,1,1,1,1,0.0000,0.948,0,0.217,4,0.604,1,0,yolo,126.9,yolo,0,0,0,0.000,0,-1,0
1785654531.491,-0.474,-2.335,2.107,0.9991,0,0.849,0.335,0.728,0.2724,10.099,-0.128,-0.907,1.000,-0.728,-1.324,-0.0754,-0.0331,-0.014,-0.014,-1.210,0.887,1.957,-2.000,0.0081,-0.493,nan,0.00,1,1,1,0,1,0.0000,0.944,0,0.215,4,0.618,0,0,yolo,126.9,yolo,0,0,0,0.000,0,-1,0
1785654531.520,-0.519,-2.286,2.066,0.9992,0,0.764,0.286,0.728,0.2724,10.099,-0.128,-0.907,1.000,-0.728,-1.283,-0.0784,-0.0698,-0.017,-0.017,-1.247,0.903,1.948,-2.000,0.0082,-0.502,nan,0.00,1,1,1,0,1,0.0000,0.944,0,0.215,4,0.618,0,0,yolo,126.9,yolo,0,0,0,0.000,0,-1,0
1785654531.550,-0.521,-2.285,2.065,0.9992,0,0.762,0.285,0.728,0.2725,10.099,-0.128,-0.907,1.000,-0.728,-1.283,-0.0784,-0.0704,-0.017,-0.017,-1.248,0.903,1.948,-2.000,0.0082,-0.502,nan,0.00,1,1,1,0,1,0.0000,0.951,0,0.219,4,0.656,0,0,yolo,126.9,yolo,0,0,0,0.000,0,-1,0
1785654531.583,-0.597,-2.252,1.986,0.9992,0,2.262,0.252,1.030,0.2558,9.990,-0.180,-0.756,1.000,-1.030,-6.113,0.5269,-1.4094,-0.019,0.105,-1.268,0.918,2.089,-2.000,0.0083,-0.361,nan,0.00,1,1,1,1,1,0.0000,0.951,0,0.219,4,0.656,0,0,yolo,123.1,yolo,0,0,0,0.000,0,-1,0
1785654531.618,-0.670,-2.221,1.914,0.9992,0,1.099,0.221,1.030,0.2725,9.990,-0.180,-0.756,1.000,-1.030,-1.768,-0.1258,-0.0073,-0.021,-0.021,-1.275,0.930,2.084,-2.000,0.0083,-0.366,nan,0.00,1,1,1,0,1,0.0000,0.951,0,0.219,4,0.656,2,0,yolo,123.1,yolo,0,0,0,0.000,0,-1,0
1785654531.660,-0.813,-2.195,1.811,0.9992,0,0.938,0.195,1.030,0.2726,9.990,-0.180,-0.756,1.000,-1.030,-1.751,-0.1270,0.0209,-0.022,-0.022,-1.247,0.943,2.080,-2.000,0.0083,-0.370,nan,0.00,1,1,1,0,1,0.0000,0.938,0,0.211,4,0.696,0,0,yolo,123.1,yolo,0,0,0,0.000,0,-1,0
1785654531.698,-0.900,-2.170,1.708,0.9992,0,2.438,0.170,1.288,0.2559,9.407,-0.211,-0.540,1.000,-1.288,-5.661,0.3170,-1.4301,-0.025,0.094,-1.226,0.956,2.200,-2.000,0.0084,-0.180,nan,0.00,1,1,1,1,1,0.0000,0.938,0,0.211,4,0.696,2,0,yolo,113.2,yolo,0,0,0,0.000,0,-1,0
1785654531.738,-1.166,-2.152,1.589,0.9991,0,1.207,0.152,1.288,0.2726,9.407,-0.211,-0.540,1.000,-1.288,-2.373,-0.1205,0.0125,-0.027,-0.027,-1.214,0.968,2.200,-2.000,0.0084,-0.182,nan,0.00,1,1,1,0,1,0.0000,0.817,0,0.209,3,0.710,0,0,yolo,113.2,yolo,0,0,0,0.000,0,-1,0
1785654531.774,-1.166,-2.152,1.589,0.9991,0,1.207,0.152,1.288,0.2726,9.407,-0.211,-0.540,1.000,-1.288,-2.373,-0.1205,0.0125,-0.027,-0.027,-1.214,0.968,2.200,-2.000,0.0084,-0.182,nan,0.00,1,1,1,0,1,0.0000,0.817,0,0.209,3,0.710,2,0,yolo,113.2,yolo,0,0,0,0.000,0,-1,0
1785654531.799,-1.271,-2.138,1.467,0.9991,0,2.707,0.138,1.493,0.2560,8.743,-0.228,-0.331,1.000,-1.493,-6.931,0.4701,-2.0000,-0.032,0.086,-1.204,0.980,2.200,-2.000,0.0084,0.001,nan,0.00,1,1,1,1,1,0.0000,0.815,0,0.207,3,0.721,0,0,yolo,120.3,yolo,0,0,0,0.000,0,-1,0
1785654531.831,-1.519,-2.126,1.346,0.9990,0,1.267,0.126,1.493,0.2726,8.743,-0.228,-0.331,1.000,-1.493,-2.786,-0.1211,0.0169,-0.035,-0.035,-1.187,0.991,2.200,-2.000,0.0084,0.000,nan,0.00,1,1,1,0,1,0.0000,0.815,0,0.207,3,0.721,0,0,yolo,120.3,yolo,0,0,0,0.000,0,-1,0
1785654531.862,-1.636,-2.115,1.200,0.9989,0,1.033,0.115,1.493,0.2744,8.743,-0.228,-0.331,1.000,-1.493,-2.669,-0.1290,0.0366,-0.043,-0.043,-1.168,1.003,2.200,-2.000,0.0084,-0.001,nan,0.00,1,1,1,0,1,0.0000,0.580,0,0.205,1,0.670,0,0,yolo,120.3,yolo,0,0,0,0.000,0,-1,0
1785654531.893,-1.636,-2.115,1.200,0.9989,0,1.033,0.115,1.493,0.2744,8.743,-0.228,-0.331,1.000,-1.493,-2.669,-0.1290,0.0366,-0.043,-0.043,-1.168,1.003,2.200,-2.000,0.0084,-0.001,nan,0.00,1,1,1,0,1,0.0000,0.580,0,0.205,1,0.670,0,0,yolo,120.3,yolo,0,0,0,0.000,0,-1,0
1785654531.926,-1.735,-2.106,1.064,0.9989,0,2.437,0.106,1.497,0.2577,8.966,-0.234,-0.204,1.000,-1.497,-4.172,0.0034,-0.8038,-0.051,0.043,-1.149,1.014,2.200,-2.000,0.0084,0.133,nan,0.00,1,1,1,1,1,0.0000,0.553,0,0.178,1,0.668,0,0,yolo,115.0,yolo,0,0,0,0.000,0,-1,0
1785654531.956,-1.977,-2.099,0.933,0.9987,0,0.937,0.099,1.497,0.2694,8.966,-0.234,-0.204,1.000,-1.497,-2.678,-0.1013,0.0152,-0.058,-0.058,-1.134,1.025,2.200,-2.000,0.0084,0.133,nan,0.00,1,1,1,0,1,0.0000,0.553,0,0.178,1,0.668,0,0,yolo,115.0,yolo,0,0,0,0.000,0,-1,0
1785654531.987,-2.056,-2.092,0.782,0.9987,0,0.438,0.092,1.497,0.2702,8.966,-0.234,-0.204,1.000,-1.497,-2.495,-0.1139,0.0328,-0.071,-0.071,-1.117,1.037,2.200,-2.000,0.0084,0.132,nan,0.00,1,1,1,0,1,0.0000,0.551,0,0.176,1,0.698,0,0,yolo,115.0,yolo,0,0,0,0.000,0,-1,0
1785654532.019,-2.056,-2.092,0.782,0.9987,0,0.438,0.092,1.497,0.2702,8.966,-0.234,-0.204,1.000,-1.497,-2.495,-0.1139,0.0328,-0.071,-0.071,-1.117,1.037,2.200,-2.000,0.0083,0.132,nan,0.00,1,1,1,0,1,0.0000,0.551,0,0.176,1,0.698,0,0,yolo,115.0,yolo,0,0,0,0.000,0,-1,0
1785654532.050,-2.099,-2.086,0.638,0.9987,0,-0.002,0.086,1.367,0.2536,8.900,-0.212,-0.071,1.000,-1.367,-2.098,-0.2009,-1.2899,-0.084,-0.033,-1.109,1.049,2.189,-2.000,0.0083,0.261,nan,0.00,1,1,1,1,1,0.0000,0.554,0,0.179,1,0.718,0,0,yolo,107.7,yolo,0,0,0,0.000,0,-1,0
1785654532.081,-2.099,-2.082,0.518,0.9987,0,0.075,0.082,1.367,0.2656,8.900,-0.212,-0.071,1.000,-1.367,-2.174,-0.0633,0.0176,-0.096,-0.096,-1.092,1.059,2.190,-2.000,0.0083,0.260,nan,0.00,1,1,1,0,1,0.0000,0.554,0,0.179,1,0.718,0,0,yolo,107.7,yolo,0,0,0,0.000,0,-1,0
1785654532.113,-2.109,-2.077,0.394,0.9987,0,-0.128,0.077,1.367,0.2667,8.900,-0.212,-0.071,1.000,-1.367,-1.980,-0.0766,0.0406,-0.109,-0.109,-1.069,1.070,2.191,-2.000,0.0083,0.259,nan,0.00,1,1,1,0,1,0.0000,0.553,0,0.178,1,0.727,0,0,yolo,107.7,yolo,0,0,0,0.000,0,-1,0
1785654532.140,-2.109,-2.077,0.394,0.9987,0,-0.840,0.077,1.144,0.2500,8.754,-0.175,0.204,1.000,-1.144,-1.269,-0.2557,-2.0000,-0.109,-0.032,-1.069,1.070,1.923,-2.000,0.0082,0.527,nan,0.00,1,1,1,1,1,0.0000,0.442,0,0.178,0,0.740,0,0,yolo,113.7,yolo,0,0,0,0.000,0,-1,0
1785654532.182,-2.011,-2.072,0.279,0.9987,0,-0.840,0.072,1.144,0.2580,8.754,-0.175,0.204,1.000,-1.144,-1.172,-0.0929,0.0295,-0.125,-0.125,-1.039,1.082,1.924,-2.000,0.0082,0.526,nan,0.00,1,1,1,0,1,0.0000,0.442,0,0.178,0,0.740,1,0,yolo,113.7,yolo,0,0,0,0.000,0,-1,0
1785654532.223,-1.928,-2.068,0.176,0.9988,0,-0.960,0.068,1.144,0.2595,8.754,-0.175,0.204,1.000,-1.144,-0.968,-0.1066,0.0630,-0.139,-0.139,-1.006,1.093,1.925,-2.000,0.0081,0.525,nan,0.00,1,1,1,0,1,0.0000,0.555,0,0.180,1,0.749,0,0,yolo,113.7,yolo,0,0,0,0.000,0,-1,0
1785654532.256,-1.834,-2.064,0.073,0.9988,0,-2.460,0.064,0.803,0.2428,8.791,-0.123,0.280,1.000,-0.803,3.122,-0.7847,-1.1243,-0.151,-0.123,-0.969,1.103,1.850,-2.000,0.0080,0.600,nan,0.00,1,1,1,1,1,0.0000,0.414,0,0.143,1,0.756,0,0,yolo,111.7,yolo,0,0,0,0.000,0,-1,0
1785654532.285,-1.567,-2.059,-0.008,0.9990,0,-1.386,0.059,0.803,0.2563,8.791,-0.123,0.280,1.000,-0.803,-0.182,-0.0419,0.0438,-0.165,-0.165,-0.925,1.114,1.851,-2.000,0.0080,0.599,nan,0.00,1,1,1,0,1,0.0000,0.414,0,0.143,1,0.756,0,0,yolo,111.7,yolo,0,0,0,0.000,0,-1,0
1785654532.316,-1.567,-2.059,-0.008,0.9990,0,-1.386,0.059,0.803,0.2562,8.791,-0.123,0.280,1.000,-0.803,-0.182,-0.0419,0.0438,-0.165,-0.165,-0.925,1.114,1.851,-2.000,0.0079,0.599,nan,0.00,1,1,1,0,1,0.0000,0.220,0,0.176,0,0.744,0,0,yolo,111.7,yolo,0,0,0,0.000,0,-1,0
1785654532.348,-1.430,-2.054,-0.082,0.9990,0,-1.422,0.054,0.803,0.2585,8.791,-0.123,0.280,1.000,-0.803,-0.008,-0.0537,0.0956,-0.177,-0.177,-0.874,1.125,1.852,-2.000,0.0079,0.598,nan,0.00,1,1,1,0,1,0.0000,0.441,0,0.176,0,0.744,0,0,yolo,111.7,yolo,0,0,0,0.000,0,-1,0
1785654532.380,-1.282,-2.050,-0.159,0.9991,0,-2.922,0.050,0.490,0.2418,8.765,-0.075,0.360,1.000,-0.490,2.004,-0.3593,-0.5785,-0.187,-0.146,-0.835,1.136,1.775,-2.000,0.0078,0.675,nan,0.00,1,1,1,1,1,0.0000,0.306,0,0.135,0,0.744,0,0,yolo,109.0,yolo,0,0,0,0.000,0,-1,0
1785654532.406,-1.282,-2.050,-0.159,0.9991,0,-2.091,0.050,0.490,0.2517,8.765,-0.075,0.360,1.000,-0.490,0.809,-0.0406,0.0000,-0.187,-0.187,-0.835,1.136,1.775,-2.000,0.0077,0.675,nan,0.00,1,1,1,0,1,0.0000,0.306,0,0.135,0,0.744,0,0,yolo,109.0,yolo,0,0,0,0.000,0,-1,0
1785654532.433,-1.039,-2.045,-0.212,0.9992,0,-1.998,0.045,0.490,0.2536,8.765,-0.075,0.360,1.000,-0.490,0.959,-0.0508,0.0443,-0.197,-0.197,-0.791,1.147,1.776,-2.000,0.0077,0.674,nan,0.00,1,1,1,0,1,0.0000,0.454,0,0.192,0,0.729,0,0,yolo,109.0,yolo,0,0,0,0.000,0,-1,0
1785654532.457,-1.039,-2.045,-0.212,0.9992,0,-1.998,0.045,0.490,0.2536,8.765,-0.075,0.360,1.000,-0.490,0.959,-0.0508,0.0443,-0.197,-0.197,-0.791,1.147,1.776,-2.000,0.0076,0.674,nan,0.00,1,1,1,0,1,0.0000,0.454,0,0.192,0,0.729,0,0,yolo,109.0,yolo,0,0,0,0.000,0,-1,0
1785654532.493,-0.830,-2.040,-0.251,0.9993,0,-3.460,0.040,0.221,0.2369,8.980,-0.035,0.487,1.000,-0.221,2.630,-0.3160,-1.0006,-0.204,-0.168,-0.746,1.157,1.643,-2.000,0.0075,0.807,nan,0.00,1,1,1,1,1,0.0000,0.310,0,0.142,0,0.724,0,0,yolo,110.8,yolo,0,0,0,0.000,0,-1,0
1785654532.519,-0.464,-2.036,-0.277,0.9993,0,-2.153,0.036,0.221,0.2495,8.980,-0.035,0.487,1.000,-0.221,1.690,-0.0439,0.0464,-0.211,-0.211,-0.700,1.167,1.644,-2.000,0.0074,0.806,nan,0.00,1,1,1,0,1,0.0000,0.310,0,0.142,0,0.724,0,0,yolo,110.8,yolo,0,0,0,0.000,0,-1,0
1785654532.550,-0.464,-2.036,-0.277,0.9993,0,-2.153,0.036,0.221,0.2494,8.980,-0.035,0.487,1.000,-0.221,1.690,-0.0439,0.0464,-0.211,-0.211,-0.700,1.167,1.644,-2.000,0.0074,0.806,nan,0.00,1,1,1,0,1,0.0000,0.310,0,0.141,0,0.726,0,0,yolo,110.8,yolo,0,0,0,0.000,0,-1,0
1785654532.581,-0.255,-2.033,-0.293,0.9994,0,-3.653,0.033,-0.008,0.2328,8.717,0.001,0.533,1.000,0.008,8.211,-1.0452,-1.0571,-0.215,-0.301,-0.652,1.177,1.608,-2.000,0.0073,0.842,nan,0.00,1,1,1,1,1,0.0000,0.310,0,0.141,0,0.726,0,0,yolo,113.7,yolo,0,0,0,0.000,0,-1,0
1785654532.612,0.134,-2.029,-0.295,0.9994,0,-2.153,0.029,-0.008,0.2491,8.717,0.001,0.533,1.000,0.008,1.740,0.0838,0.0657,-0.217,-0.217,-0.586,1.187,1.609,-2.000,0.0072,0.841,nan,0.00,1,1,1,0,1,0.0000,0.312,0,0.146,0,0.719,0,0,yolo,113.7,yolo,0,0,0,0.000,0,-1,0
1785654532.644,0.345,-2.026,-0.290,0.9994,0,-1.377,-0.474,-0.008,0.2519,8.717,0.001,0.533,1.000,0.008,1.721,0.0851,0.1308,-0.216,-0.216,-0.521,1.196,1.609,-2.500,0.0071,0.841,nan,0.00,1,1,1,0,1,0.0000,0.312,0,0.146,0,0.719,0,0,yolo,113.7,yolo,0,0,0,0.000,0,-1,0
1785654532.675,0.345,-2.026,-0.290,0.9994,0,-1.377,-0.474,-0.008,0.2518,8.717,0.001,0.533,1.000,0.008,1.721,0.0851,0.1308,-0.216,-0.216,-0.521,1.196,1.609,-2.500,0.0070,0.841,nan,0.00,1,1,1,0,1,0.0000,0.570,0,0.195,1,0.716,0,0,yolo,113.7,yolo,0,0,0,0.000,0,-1,0
1785654532.718,0.482,-2.077,-0.290,0.9993,0,-2.877,-0.423,-0.482,0.2352,8.635,0.073,0.628,1.000,0.482,5.868,-0.3571,-0.5018,-0.212,-0.289,-0.454,1.205,1.509,-2.500,0.0069,0.941,nan,0.00,1,1,1,1,1,0.0000,0.310,0,0.142,0,0.714,0,0,yolo,110.0,yolo,0,0,0,0.000,0,-1,0
1785654532.752,0.631,-2.124,-0.291,0.9993,0,-2.235,-0.316,-0.482,0.2450,8.635,0.073,0.628,1.000,0.482,2.866,0.0813,0.0530,-0.208,-0.208,-0.401,1.215,1.502,-2.440,0.0068,0.948,nan,0.00,1,1,1,0,1,0.0000,0.310,0,0.142,0,0.714,0,0,yolo,110.0,yolo,0,0,0,0.000,0,-1,0
1785654532.783,0.861,-2.154,-0.256,0.9992,0,-1.938,-0.230,-0.482,0.2471,8.635,0.073,0.628,1.000,0.482,2.799,0.0859,0.1056,-0.203,-0.203,-0.349,1.225,1.497,-2.384,0.0067,0.953,nan,0.00,1,1,1,0,1,0.0000,0.309,0,0.140,0,0.711,0,0,yolo,110.0,yolo,0,0,0,0.000,0,-1,0
1785654532.814,1.040,-2.175,-0.206,0.9991,0,-3.438,-0.026,-0.843,0.2304,8.595,0.126,0.686,1.000,0.843,9.540,-0.8128,-0.9190,-0.198,-0.337,-0.310,1.234,1.436,-2.201,0.0067,1.014,nan,0.00,1,1,1,1,1,0.0000,0.310,0,0.142,0,0.710,0,0,yolo,105.1,yolo,0,0,0,0.000,0,-1,0
1785654532.845,1.040,-2.175,-0.206,0.9991,0,-2.353,-0.117,-0.843,0.2405,8.595,0.126,0.686,1.000,0.843,3.392,0.1390,0.0000,-0.198,-0.198,-0.310,1.234,1.436,-2.292,0.0067,1.014,nan,0.00,1,1,1,0,1,0.0000,0.446,0,0.183,0,0.702,0,0,yolo,105.1,yolo,0,0,0,0.000,0,-1,0
1785654532.882,1.409,-2.178,-0.131,0.9990,0,-1.870,-0.037,-0.843,0.2431,8.595,0.126,0.686,1.000,0.843,3.279,0.1466,0.0580,-0.191,-0.191,-0.252,1.244,1.434,-2.215,0.0067,1.016,nan,0.00,1,1,1,0,1,0.0000,0.446,0,0.183,0,0.702,2,0,yolo,105.1,yolo,0,0,0,0.000,0,-1,0
1785654532.922,1.642,-2.193,-0.047,0.9989,0,-3.370,0.119,-1.070,0.2265,8.136,0.152,0.735,1.000,1.070,7.306,-0.3226,-0.3417,-0.181,-0.286,-0.190,1.254,1.400,-2.075,0.0067,1.050,nan,0.00,1,1,1,1,1,0.0000,0.312,0,0.145,0,0.720,0,0,yolo,106.1,yolo,0,0,0,0.000,0,-1,0
1785654532.953,1.819,-2.200,0.026,0.9988,0,-2.063,0.167,-1.070,0.2423,8.136,0.152,0.735,1.000,1.070,3.882,0.1165,0.0621,-0.169,-0.169,-0.128,1.264,1.399,-2.032,0.0067,1.051,nan,0.00,1,1,1,0,1,0.0000,0.448,0,0.185,0,0.698,0,0,yolo,106.1,yolo,0,0,0,0.000,0,-1,0
1785654532.984,2.019,-2.187,0.114,0.9987,0,-1.673,0.182,-1.070,0.2451,8.136,0.152,0.735,1.000,1.070,3.692,0.1287,0.1234,-0.157,-0.157,-0.067,1.273,1.400,-2.005,0.0067,1.050,nan,0.00,1,1,1,0,1,0.0000,0.448,0,0.185,0,0.698,0,0,yolo,106.1,yolo,0,0,0,0.000,0,-1,0
1785654533.014,2.019,-2.187,0.114,0.9987,0,-3.173,0.200,-1.338,0.2285,8.150,0.190,0.778,1.000,1.338,8.023,-0.3807,-0.4483,-0.157,-0.264,-0.067,1.273,1.356,-1.987,0.0067,1.094,nan,0.00,1,1,1,1,1,0.0000,0.315,0,0.149,0,0.727,0,0,yolo,111.8,yolo,0,0,0,0.000,0,-1,0
1785654533.050,2.195,-2.172,0.223,0.9985,0,-2.044,0.249,-1.338,0.2413,8.150,0.190,0.778,1.000,1.338,4.239,0.1211,0.0677,-0.142,-0.142,0.001,1.283,1.357,-1.924,0.0067,1.093,nan,0.00,1,1,1,0,1,0.0000,0.315,0,0.149,0,0.727,2,0,yolo,111.8,yolo,0,0,0,0.000,0,-1,0
1785654533.092,2.529,-2.158,0.344,0.9983,0,-1.452,0.279,-1.338,0.2444,8.150,0.190,0.778,1.000,1.338,3.981,0.1377,0.1325,-0.126,-0.126,0.066,1.292,1.358,-1.879,0.0067,1.092,nan,0.00,1,1,1,0,1,0.0000,0.326,0,0.168,0,0.793,0,0,yolo,111.8,yolo,0,0,0,0.000,0,-1,0
1785654533.123,2.723,-2.141,0.466,0.9982,0,-2.952,0.323,-1.554,0.2337,7.779,0.211,0.806,1.000,1.554,7.162,-0.2204,-0.0962,-0.109,-0.197,0.126,1.301,1.345,-1.818,0.0067,1.105,nan,0.00,1,1,1,1,1,0.0000,0.325,0,0.167,0,0.827,0,0,yolo,107.9,yolo,0,0,0,0.000,0,-1,0
1785654533.154,2.997,-2.118,0.596,0.9980,0,-1.452,0.315,-1.554,0.2410,7.779,0.211,0.806,1.000,1.554,4.350,0.1066,0.0633,-0.090,-0.090,0.189,1.309,1.348,-1.802,0.0067,1.102,nan,0.00,1,1,1,0,1,0.0000,0.325,0,0.167,0,0.827,0,0,yolo,107.9,yolo,0,0,0,0.000,0,-1,0
1785654533.185,3.142,-2.093,0.753,0.9978,0,-0.857,0.316,-1.554,0.2444,7.779,0.211,0.806,1.000,1.554,3.999,0.1286,0.1370,-0.069,-0.069,0.263,1.318,1.351,-1.777,0.0067,1.099,nan,0.00,1,1,1,0,1,0.0000,0.324,0,0.165,0,0.831,0,0,yolo,107.9,yolo,0,0,0,0.000,0,-1,0
1785654533.216,3.142,-2.093,0.753,0.9978,0,-0.857,0.225,-1.554,0.2444,7.779,0.211,0.806,1.000,1.554,3.999,0.1286,0.1370,-0.069,-0.069,0.263,1.318,1.351,-1.868,0.0067,1.099,nan,0.00,1,1,1,0,1,0.0000,0.324,0,0.165,0,0.831,0,0,yolo,107.9,yolo,0,0,0,0.000,0,-1,0
1785654533.247,3.279,-2.068,0.912,0.9977,0,-2.357,0.264,-1.707,0.2367,7.453,0.222,0.823,1.000,1.707,6.743,-0.1993,-0.0332,-0.045,-0.128,0.339,1.327,1.347,-1.805,0.0067,1.103,nan,0.00,1,1,1,1,1,0.0000,0.325,0,0.167,0,0.832,0,0,yolo,112.8,yolo,0,0,0,0.000,0,-1,0
1785654533.284,3.519,-2.052,1.062,0.9975,0,-0.857,0.275,-1.707,0.2410,7.453,0.222,0.823,1.000,1.707,3.998,0.1059,0.0598,-0.022,-0.022,0.399,1.335,1.349,-1.777,0.0067,1.101,nan,0.00,1,1,1,0,1,0.0000,0.325,0,0.167,0,0.832,2,0,yolo,112.8,yolo,0,0,0,0.000,0,-1,0
1785654533.324,3.599,-2.033,1.227,0.9974,0,-0.007,0.282,-1.707,0.2437,7.453,0.222,0.823,1.000,1.707,3.607,0.1296,0.1189,0.001,0.001,0.458,1.343,1.351,-1.752,0.0067,1.099,nan,0.00,1,1,1,0,1,0.0000,0.461,0,0.201,0,0.819,0,0,yolo,112.8,yolo,0,0,0,0.000,0,-1,0
1785654533.354,3.599,-2.033,1.227,0.9974,0,-1.507,0.236,-1.814,0.2332,7.471,0.237,0.835,1.000,1.814,5.975,-0.1040,-0.1048,0.001,-0.080,0.458,1.343,1.337,-1.797,0.0067,1.113,nan,0.00,1,1,1,1,1,0.0000,0.324,0,0.165,0,0.825,0,0,yolo,106.2,yolo,0,0,0,0.000,0,-1,0
1785654533.387,3.596,-2.015,1.384,0.9974,0,-0.146,0.259,-1.814,0.2406,7.471,0.237,0.835,1.000,1.814,3.742,0.1039,0.0567,0.024,0.024,0.515,1.351,1.339,-1.756,0.0067,1.111,nan,0.00,1,1,1,0,1,0.0000,0.324,0,0.165,0,0.825,0,0,yolo,106.2,yolo,0,0,0,0.000,0,-1,0
1785654533.418,3.660,-1.999,1.556,0.9974,0,0.322,0.281,-1.814,0.2434,7.471,0.237,0.835,1.000,1.814,3.338,0.1284,0.1168,0.048,0.048,0.575,1.359,1.341,-1.718,0.0067,1.109,nan,0.00,1,1,1,0,1,0.0000,0.321,0,0.160,0,0.805,0,0,yolo,106.2,yolo,0,0,0,0.000,0,-1,0
1785654533.456,3.619,-1.981,1.724,0.9974,0,0.641,0.284,-1.814,0.2460,7.471,0.237,0.835,1.000,1.814,2.979,0.1502,0.1741,0.070,0.070,0.632,1.366,1.343,-1.697,0.0067,1.107,nan,0.00,1,1,1,0,1,0.0000,0.317,0,0.153,0,0.781,0,0,yolo,106.2,yolo,0,0,0,0.000,0,-1,0
1785654533.498,3.554,-1.962,1.896,0.9975,0,-0.859,0.240,-1.810,0.2480,7.432,0.235,0.819,1.000,1.810,4.440,0.0053,0.2048,0.092,0.005,0.688,1.374,1.364,-1.722,0.0067,1.086,nan,0.00,1,1,1,1,1,0.0000,0.317,0,0.153,0,0.772,0,0,yolo,122.3,yolo,0,0,0,0.000,0,-1,0
1785654533.529,3.484,-1.941,2.081,0.9976,0,0.641,0.240,-1.810,0.2414,7.432,0.235,0.819,1.000,1.810,2.662,0.1090,0.0563,0.114,0.114,0.744,1.382,1.367,-1.702,0.0067,1.083,nan,0.00,1,1,1,0,1,0.0000,0.317,0,0.154,0,0.762,0,0,yolo,122.3,yolo,0,0,0,0.000,0,-1,0
1785654533.566,3.485,-1.941,2.085,0.9976,0,0.830,0.163,-1.810,0.2414,7.432,0.235,0.819,1.000,1.810,2.655,0.1094,0.0572,0.114,0.114,0.745,1.382,1.367,-1.778,0.0067,1.083,nan,0.00,1,1,1,0,1,0.0000,0.317,0,0.154,0,0.762,1,0,yolo,122.3,yolo,0,0,0,0.000,0,-1,0
1785654533.608,3.328,-1.920,2.413,0.9978,0,0.519,0.161,-1.739,0.2581,6.989,0.212,0.796,1.000,1.739,2.809,0.0866,0.4277,0.151,0.090,0.842,1.395,1.410,-1.759,0.0067,1.040,nan,0.00,1,1,1,1,1,0.0000,0.447,0,0.183,0,0.748,0,0,yolo,111.3,yolo,0,0,0,0.000,0,-1,0
1785654533.639,3.328,-1.920,2.413,0.9978,0,1.147,0.078,-1.739,0.2713,6.989,0.212,0.796,1.000,1.739,2.180,0.0614,0.0000,0.151,0.151,0.842,1.395,1.410,-1.842,0.0067,1.040,nan,0.00,1,1,1,0,1,0.0000,0.448,0,0.185,0,0.733,0,0,yolo,111.3,yolo,0,0,0,0.000,0,-1,0
1785654533.670,3.214,-1.921,2.569,0.9979,0,1.322,0.112,-1.739,0.2713,6.989,0.212,0.796,1.000,1.739,1.893,0.0780,0.0425,0.168,0.168,0.885,1.402,1.410,-1.809,0.0067,1.040,nan,0.00,1,1,1,0,1,0.0000,0.448,0,0.185,0,0.733,0,0,yolo,111.3,yolo,0,0,0,0.000,0,-1,0
1785654533.701,3.078,-1.917,2.728,0.9980,0,1.191,0.039,-1.610,0.2712,6.994,0.197,0.757,1.000,1.610,1.887,0.1176,0.3030,0.184,0.126,0.919,1.409,1.450,-1.878,0.0066,1.000,nan,0.00,1,1,1,1,1,0.0000,0.452,0,0.190,0,0.723,0,0,yolo,108.8,yolo,0,0,0,0.000,0,-1,0
1785654533.732,3.078,-1.917,2.728,0.9980,0,1.604,-0.028,-1.610,0.2711,6.994,0.197,0.757,1.000,1.610,1.474,0.0579,0.0000,0.184,0.184,0.919,1.409,1.450,-1.945,0.0065,1.000,nan,0.00,1,1,1,0,1,0.0000,0.456,0,0.195,0,0.718,0,0,yolo,108.8,yolo,0,0,0,0.000,0,-1,0
1785654533.764,2.955,-1.921,2.881,0.9981,0,1.756,0.027,-1.610,0.2710,6.994,0.197,0.757,1.000,1.610,1.199,0.0738,0.0241,0.200,0.200,0.943,1.417,1.450,-1.893,0.0064,1.000,nan,0.00,1,1,1,0,1,0.0000,0.456,0,0.195,0,0.718,0,0,yolo,108.8,yolo,0,0,0,0.000,0,-1,0
1785654533.796,2.748,-1.925,3.041,0.9983,0,1.794,0.081,-1.610,0.2708,6.994,0.197,0.757,1.000,1.610,0.954,0.0880,0.0338,0.214,0.214,0.953,1.425,1.450,-1.843,0.0063,1.000,nan,0.00,1,1,1,0,1,0.0000,0.461,0,0.201,0,0.694,0,0,yolo,108.8,yolo,0,0,0,0.000,0,-1,0
1785654533.832,2.748,-1.925,3.041,0.9983,0,3.180,-0.162,-1.225,0.2707,6.631,0.142,0.701,1.000,1.225,-0.432,0.3343,0.5305,0.214,0.141,0.953,1.425,1.521,-2.086,0.0062,0.929,nan,0.00,1,1,1,1,1,0.0000,0.461,0,0.201,0,0.694,2,0,yolo,117.3,yolo,0,0,0,0.000,0,-1,0
1785654533.858,2.539,-1.921,3.211,0.9985,0,2.849,-0.104,-1.225,0.2706,6.631,0.142,0.701,1.000,1.225,-0.310,0.0863,-0.0073,0.227,0.227,0.945,1.433,1.522,-2.026,0.0062,0.928,nan,0.00,1,1,1,0,1,0.0000,0.293,0,0.211,1,0.696,0,0,yolo,117.3,yolo,0,0,0,0.000,0,-1,0
1785654533.895,2.197,-1.941,3.338,0.9987,0,2.657,-0.028,-1.225,0.2704,6.631,0.142,0.701,1.000,1.225,-0.460,0.0946,-0.0205,0.235,0.235,0.932,1.442,1.520,-1.968,0.0061,0.930,nan,0.00,1,1,1,0,1,0.0000,0.586,0,0.211,1,0.696,2,0,yolo,117.3,yolo,0,0,0,0.000,0,-1,0
1785654533.921,2.197,-1.941,3.338,0.9987,0,4.157,-0.300,-0.872,0.2871,6.302,0.096,0.632,1.000,0.872,-3.518,0.5828,1.2254,0.235,0.204,0.932,1.442,1.602,-2.241,0.0060,0.848,nan,0.00,1,1,1,1,1,0.0000,0.585,0,0.210,1,0.669,0,0,yolo,115.8,yolo,0,0,0,0.000,0,-1,0
1785654533.956,1.921,-1.945,3.446,0.9989,0,3.225,-0.243,-0.872,0.2704,6.302,0.096,0.632,1.000,0.872,-1.304,0.0375,-0.0135,0.242,0.242,0.919,1.449,1.602,-2.188,0.0059,0.848,nan,0.00,1,1,1,0,1,0.0000,0.585,0,0.210,1,0.669,2,0,yolo,115.8,yolo,0,0,0,0.000,0,-1,0
1785654533.997,1.568,-1.976,3.535,0.9990,0,2.927,-0.154,-0.872,0.2701,6.302,0.096,0.632,1.000,0.872,-1.359,0.0405,-0.0274,0.245,0.245,0.905,1.457,1.599,-2.130,0.0058,0.851,nan,0.00,1,1,1,0,1,0.0000,0.719,0,0.224,2,0.733,0,0,yolo,115.8,yolo,0,0,0,0.000,0,-1,0
1785654534.029,1.257,-1.992,3.612,0.9992,0,2.644,-0.095,-0.872,0.2699,6.302,0.096,0.632,1.000,0.872,-1.387,0.0420,-0.0409,0.246,0.246,0.891,1.465,1.598,-2.087,0.0057,0.852,nan,0.00,1,1,1,0,1,0.0000,0.599,0,0.224,1,0.808,0,0,yolo,115.8,yolo,0,0,0,0.000,0,-1,0
1785654534.059,0.985,-2.002,3.693,0.9992,0,4.144,-0.300,-0.440,0.2866,6.110,0.047,0.541,1.000,0.440,-4.412,0.4601,0.9783,0.246,0.228,0.879,1.473,1.695,-2.303,0.0056,0.755,nan,0.00,1,1,1,1,1,0.0000,0.599,0,0.224,1,0.808,0,0,yolo,114.3,yolo,0,0,0,0.000,0,-1,0
1785654534.090,0.985,-2.002,3.693,0.9992,0,3.426,-0.376,-0.440,0.2699,6.110,0.047,0.541,1.000,0.440,-2.441,0.0173,0.0000,0.246,0.246,0.879,1.473,1.695,-2.379,0.0056,0.755,nan,0.00,1,1,1,0,1,0.0000,0.588,0,0.213,1,0.833,0,0,yolo,114.3,yolo,0,0,0,0.000,0,-1,0
1785654534.121,0.610,-2.045,3.741,0.9993,0,2.980,-0.262,-0.440,0.2697,6.110,0.047,0.541,1.000,0.440,-2.371,0.0136,-0.0123,0.242,0.242,0.867,1.482,1.691,-2.308,0.0055,0.759,nan,0.00,1,1,1,0,1,0.0000,0.588,0,0.213,1,0.833,0,0,yolo,114.3,yolo,0,0,0,0.000,0,-1,0
1785654534.155,0.320,-2.070,3.770,0.9993,0,4.480,-0.416,-0.029,0.2785,5.941,0.002,0.459,0.990,0.022,-4.879,0.3253,0.6459,0.238,0.232,0.856,1.489,1.777,-2.485,0.0054,0.673,nan,0.00,1,1,1,1,1,0.0000,0.351,0,0.210,2,0.824,0,0,yolo,120.4,yolo,0,0,0,0.000,0,-1,0
1785654534.185,0.320,-2.070,3.770,0.9993,0,3.700,-0.430,-0.024,0.2695,5.941,0.002,0.459,0.990,0.022,-3.380,0.0058,0.0000,0.238,0.238,0.856,1.489,1.777,-2.500,0.0054,0.673,nan,0.00,1,1,1,0,1,0.0000,0.351,0,0.210,2,0.824,0,0,yolo,120.4,yolo,0,0,0,0.000,0,-1,0
1785654534.216,-0.152,-2.113,3.779,0.9993,0,3.043,-0.370,-0.021,0.2695,5.941,0.002,0.459,0.990,0.022,-3.195,-0.0038,-0.0136,0.228,0.228,0.842,1.498,1.773,-2.482,0.0053,0.677,nan,0.00,1,1,1,0,1,0.0000,0.576,0,0.201,1,0.781,0,0,yolo,120.4,yolo,0,0,0,0.000,0,-1,0
1785654534.252,-0.486,-2.151,3.775,0.9993,0,2.532,-0.281,-0.018,0.2694,5.941,0.002,0.459,0.990,0.022,-3.018,-0.0130,-0.0257,0.219,0.219,0.830,1.505,1.769,-2.432,0.0052,0.681,nan,0.00,1,1,1,0,1,0.0000,0.576,0,0.201,1,0.781,1,0,yolo,120.4,yolo,0,0,0,0.000,0,-1,0
1785654534.294,-0.755,-2.183,3.775,0.9992,0,4.032,-0.317,0.518,0.2838,5.717,-0.049,0.368,0.953,-0.495,-6.429,0.3871,0.7119,0.209,0.238,0.820,1.513,1.864,-2.500,0.0052,0.586,nan,0.00,1,1,1,1,1,0.0000,0.801,0,0.197,3,0.759,0,0,yolo,125.8,yolo,0,0,0,0.000,0,-1,0
1785654534.324,-1.005,-2.210,3.779,0.9991,0,2.805,-0.290,0.539,0.2693,5.717,-0.049,0.368,0.953,-0.495,-3.810,-0.0406,-0.0101,0.197,0.197,0.810,1.521,1.861,-2.500,0.0051,0.589,nan,0.00,1,1,1,0,1,0.0000,0.577,0,0.202,1,0.710,0,0,yolo,125.8,yolo,0,0,0,0.000,0,-1,0
1785654534.355,-1.306,-2.242,3.736,0.9990,0,2.235,-0.258,0.556,0.2527,5.717,-0.049,0.368,0.953,-0.495,-3.541,-0.0547,-0.0202,0.183,0.183,0.799,1.530,1.857,-2.500,0.0050,0.593,nan,0.00,1,1,1,0,1,0.0000,0.577,0,0.202,1,0.710,0,0,yolo,125.8,yolo,0,0,0,0.000,0,-1,0
1785654534.386,-1.529,-2.269,3.673,0.9989,0,1.754,-0.231,0.568,0.2693,5.717,-0.049,0.368,0.953,-0.495,-3.283,-0.0682,-0.0128,0.170,0.170,0.807,1.539,1.855,-2.500,0.0050,0.595,nan,0.00,1,1,1,0,1,0.0000,0.694,0,0.203,2,0.691,0,0,yolo,125.8,yolo,0,0,0,0.000,0,-1,0
1785654534.418,-1.529,-2.269,3.673,0.9989,0,3.254,-0.231,1.378,0.2860,5.611,-0.110,0.269,0.935,-1.121,-9.196,0.6128,1.0189,0.170,0.259,0.807,1.539,1.957,-2.500,0.0049,0.493,nan,0.00,1,1,1,1,1,0.0000,0.694,0,0.203,2,0.691,0,0,yolo,126.5,yolo,0,0,0,0.000,0,-1,0
1785654534.449,-1.700,-2.293,3.625,0.9988,0,2.667,-0.207,1.525,0.2693,5.611,-0.110,0.269,0.935,-1.121,-4.367,-0.1035,0.0094,0.156,0.156,0.816,1.547,1.954,-2.500,0.0049,0.496,nan,0.00,1,1,1,0,1,0.0000,0.805,0,0.200,3,0.673,0,0,yolo,126.5,yolo,0,0,0,0.000,0,-1,0
1785654534.479,-2.006,-2.321,3.485,0.9986,0,2.035,-0.179,1.636,0.2692,5.611,-0.110,0.269,0.935,-1.121,-4.041,-0.1207,0.0191,0.139,0.139,0.826,1.557,1.951,-2.500,0.0048,0.499,nan,0.00,1,1,1,0,1,0.0000,0.805,0,0.200,3,0.673,0,0,yolo,126.5,yolo,0,0,0,0.000,0,-1,0
1785654534.510,-2.006,-2.321,3.485,0.9986,0,2.035,-0.179,1.720,0.2692,5.611,-0.110,0.269,0.935,-1.121,-4.041,-0.1207,0.0191,0.139,0.139,0.826,1.557,1.951,-2.500,0.0048,0.499,nan,0.00,1,1,1,0,1,0.0000,0.804,0,0.199,3,0.671,0,0,yolo,126.5,yolo,0,0,0,0.000,0,-1,0
1785654534.542,-2.216,-2.347,3.305,0.9984,0,3.535,-0.153,2.112,0.2858,5.417,-0.143,0.181,0.903,-1.516,-7.704,0.2800,0.6866,0.122,0.211,0.835,1.566,2.042,-2.500,0.0047,0.408,nan,0.00,1,1,1,1,1,0.0000,0.804,0,0.199,3,0.671,0,0,yolo,116.0,yolo,0,0,0,0.000,0,-1,0
1785654534.573,-2.583,-2.371,3.123,0.9981,0,2.035,-0.129,1.915,0.2692,5.417,-0.143,0.181,0.903,-1.516,-4.402,-0.1083,0.0029,0.103,0.103,0.838,1.575,2.039,-2.500,0.0047,0.411,nan,0.00,1,1,1,0,1,0.0000,0.688,0,0.198,2,0.642,0,0,yolo,116.0,yolo,0,0,0,0.000,0,-1,0
1785654534.604,-2.766,-2.392,2.946,0.9980,0,1.300,-0.108,1.767,0.2692,5.417,-0.143,0.181,0.903,-1.516,-4.066,-0.1262,-0.0081,0.085,0.085,0.827,1.583,2.037,-2.500,0.0047,0.413,nan,0.00,1,1,1,0,1,0.0000,0.802,0,0.198,3,0.637,0,0,yolo,116.0,yolo,0,0,0,0.000,0,-1,0
1785654534.635,-2.766,-2.392,2.946,0.9980,0,1.300,-0.108,1.657,0.2692,5.417,-0.143,0.181,0.903,-1.516,-4.066,-0.1262,-0.0081,0.085,0.085,0.827,1.583,2.037,-2.500,0.0046,0.413,nan,0.00,1,1,1,0,1,0.0000,0.574,0,0.199,1,0.627,0,0,yolo,116.0,yolo,0,0,0,0.000,0,-1,0
1785654534.664,-2.885,-2.411,2.794,0.9978,0,2.800,-0.089,2.022,0.2858,5.244,-0.170,0.083,0.874,-1.862,-7.360,0.2372,0.7574,0.066,0.158,0.816,1.592,2.138,-2.500,0.0046,0.312,nan,0.00,1,1,1,1,1,0.0000,0.574,0,0.199,1,0.627,0,0,yolo,123.5,yolo,0,0,0,0.000,0,-1,0
1785654534.698,-3.179,-2.430,2.622,0.9976,0,1.300,-0.070,2.038,0.2692,5.244,-0.170,0.083,0.874,-1.862,-4.194,-0.1141,-0.0162,0.044,0.044,0.800,1.601,2.135,-2.500,0.0046,0.315,nan,0.00,1,1,1,0,1,0.0000,0.522,0,0.147,2,0.606,0,0,yolo,123.5,yolo,0,0,0,0.000,0,-1,0
1785654534.731,-3.296,-2.449,2.417,0.9974,0,0.482,-0.051,2.051,0.2582,5.244,-0.170,0.083,0.874,-1.862,-3.779,-0.1363,-0.0320,0.021,0.021,0.784,1.611,2.133,-2.500,0.0045,0.317,nan,0.00,1,1,1,0,1,0.0000,0.522,0,0.147,2,0.606,0,0,yolo,123.5,yolo,0,0,0,0.000,0,-1,0
1785654534.761,-3.337,-2.465,2.243,0.9974,0,0.091,-0.035,0.551,0.2583,5.244,-0.170,0.083,0.874,-1.862,-3.428,-0.1551,-0.0299,0.003,0.003,0.786,1.619,2.131,-2.500,0.0045,0.319,nan,8.00,1,1,1,0,1,1.0190,0.500,1,0.275,0,0.626,0,0,yolo,123.5,yolo,0,0,0,0.000,0,-1,0
1785654534.797,-3.337,-2.465,2.243,0.9974,0,1.591,-0.035,-0.949,0.2749,5.027,-0.179,-0.024,0.838,-2.035,-5.859,0.0910,0.6966,0.003,0.085,0.786,1.619,2.200,-2.500,0.0045,0.203,nan,8.00,1,1,1,1,1,1.0190,0.500,1,0.275,0,0.626,1,0,yolo,120.6,yolo,0,0,0,0.000,0,-1,0
1785654534.825,-3.350,-2.473,2.169,0.9974,0,0.192,-0.027,0.551,0.2636,5.027,-0.179,-0.024,0.838,-2.035,-3.542,-0.1047,0.0132,-0.020,-0.020,0.799,1.628,2.200,-2.500,0.0045,0.203,nan,0.00,1,1,1,0,1,0.0000,0.312,0,0.252,1,0.765,0,0,yolo,120.6,yolo,0,0,0,0.000,0,-1,0
1785654534.862,-3.380,-2.477,2.154,0.9973,0,-0.312,-0.023,2.051,0.2692,5.027,-0.179,-0.024,0.838,-2.035,-3.068,-0.1303,0.0281,-0.045,-0.045,0.814,1.638,2.200,-2.500,0.0044,0.204,nan,0.00,1,1,1,0,1,0.0000,0.438,0,0.172,1,0.656,0,0,yolo,120.6,yolo,0,0,0,0.000,0,-1,0
1785654534.902,-3.343,-2.490,1.970,0.9974,0,0.319,-0.010,2.601,0.2858,4.792,-0.165,-0.116,0.799,-1.970,-3.662,-0.0537,1.0186,-0.065,-0.004,0.836,1.648,2.158,-2.500,0.0044,0.102,nan,0.00,1,1,1,1,1,0.0000,0.438,0,0.172,1,0.656,0,0,yolo,112.9,yolo,0,0,0,0.000,0,-1,0
1785654534.933,-3.343,-2.490,1.970,0.9974,0,-0.584,-0.010,2.512,0.2692,4.792,-0.165,-0.116,0.799,-1.970,-2.759,-0.0611,0.0000,-0.065,-0.065,0.836,1.648,2.158,-2.500,0.0044,0.102,nan,0.00,1,1,1,0,1,0.0000,0.624,0,0.145,3,0.646,0,0,yolo,112.9,yolo,0,0,0,0.000,0,-1,0
1785654534.970,-3.376,-2.508,1.695,0.9973,0,-0.934,0.008,2.445,0.2691,4.792,-0.165,-0.116,0.799,-1.970,-2.442,-0.0784,0.0144,-0.082,-0.082,0.850,1.657,2.158,-2.500,0.0044,0.103,nan,0.00,1,1,1,0,1,0.0000,0.624,0,0.145,3,0.646,1,0,yolo,112.9,yolo,0,0,0,0.000,0,-1,0
1785654534.995,-3.306,-2.523,1.459,0.9974,0,-1.158,0.023,2.394,0.2691,4.792,-0.165,-0.116,0.799,-1.970,-2.148,-0.0944,0.0156,-0.098,-0.098,0.851,1.667,2.158,-2.500,0.0044,0.105,nan,0.00,1,1,1,0,1,0.0000,0.570,0,0.100,3,0.630,0,0,yolo,112.9,yolo,0,0,0,0.000,0,-1,0
1785654535.027,-3.178,-2.533,1.244,0.9975,0,-0.202,0.033,2.560,0.2858,4.586,-0.157,-0.214,0.764,-1.959,-2.976,-0.0052,0.6426,-0.114,-0.052,0.843,1.676,2.117,-2.500,0.0044,-0.003,nan,0.00,1,1,1,1,1,0.0000,0.129,0,0.055,1,0.604,2,0,yolo,122.5,yolo,0,0,0,0.000,0,-1,0
1785654535.057,-3.178,-2.533,1.244,0.9975,0,-1.300,0.033,2.636,0.2691,4.586,-0.157,-0.214,0.764,-1.959,-1.878,-0.0616,0.0000,-0.114,-0.114,0.843,1.676,2.117,-2.500,0.0044,-0.003,nan,0.00,1,1,1,0,1,0.0000,0.251,0,0.043,1,0.580,0,0,yolo,122.5,yolo,0,0,0,0.000,0,-1,0
1785654535.088,-3.016,-2.545,0.957,0.9976,0,-1.411,0.045,2.693,0.2690,4.586,-0.157,-0.214,0.764,-1.959,-1.605,-0.0767,-0.0117,-0.129,-0.129,0.832,1.688,2.117,-2.500,0.0044,-0.002,nan,0.00,1,1,1,0,1,0.0000,0.251,0,0.043,1,0.580,0,0,yolo,122.5,yolo,0,0,0,0.000,0,-1,0
1785654535.124,-2.852,-2.554,0.679,0.9978,0,-2.219,0.054,2.442,0.2857,4.354,-0.126,-0.329,0.726,-1.651,-0.632,-0.3510,1.8818,-0.141,-0.076,0.820,1.698,2.071,-2.500,0.0044,-0.128,nan,0.00,1,1,1,1,1,0.0000,0.241,0,0.027,1,0.543,0,0,yolo,114.2,yolo,0,0,0,0.000,0,-1,0
1785654535.172,-2.605,-2.560,0.447,0.9980,0,-2.018,0.060,2.331,0.2723,4.354,-0.126,-0.329,0.726,-1.651,-0.587,-0.0735,-0.0112,-0.150,-0.150,0.809,1.708,2.071,-2.500,0.0044,-0.128,nan,0.00,1,1,1,0,1,0.0000,0.241,0,0.027,1,0.543,2,0,yolo,114.2,yolo,0,0,0,0.000,0,-1,0
1785654535.200,-2.605,-2.560,0.447,0.9980,0,-2.018,0.060,2.248,0.2723,4.354,-0.126,-0.329,0.726,-1.651,-0.587,-0.0735,-0.0112,-0.150,-0.150,0.809,1.708,2.071,-2.500,0.0044,-0.128,nan,0.00,1,1,1,0,1,0.0000,0.079,0,0.022,0,0.525,0,0,yolo,114.2,yolo,0,0,0,0.000,0,-1,0
1785654535.238,-2.392,-2.563,0.231,0.9981,0,-2.479,0.076,1.930,0.2890,4.089,-0.090,-0.425,0.682,-1.260,0.087,-0.2792,1.1030,-0.158,-0.090,0.796,1.718,2.018,-2.487,0.0045,-0.238,nan,0.00,1,1,1,1,1,0.0000,0.158,0,0.021,2,0.505,0,0,yolo,120.2,yolo,0,0,0,0.000,0,-1,0
1785654535.284,-2.177,-2.566,0.020,0.9983,0,-2.627,0.128,1.819,0.2754,4.089,-0.090,-0.425,0.682,-1.260,0.450,-0.0741,-0.0148,-0.164,-0.164,0.782,1.728,2.018,-2.437,0.0045,-0.238,nan,0.00,1,1,1,0,1,0.0000,0.317,0,0.021,2,0.505,2,0,yolo,120.2,yolo,0,0,0,0.000,0,-1,0
1785654535.325,-1.898,-2.564,-0.169,0.9985,0,-2.424,0.170,1.736,0.2743,4.089,-0.090,-0.425,0.682,-1.260,0.526,-0.0784,-0.0389,-0.168,-0.168,0.758,1.738,2.018,-2.394,0.0045,-0.239,nan,0.00,1,1,1,0,1,0.0000,0.239,0,0.023,1,0.494,0,0,yolo,120.2,yolo,0,0,0,0.000,0,-1,0
1785654535.356,-1.620,-2.556,-0.334,0.9986,0,-2.826,0.481,1.277,0.2910,3.851,-0.049,-0.512,0.642,-0.730,1.206,-0.2673,0.7442,-0.170,-0.106,0.730,1.747,1.902,-2.075,0.0045,-0.338,nan,0.00,1,1,1,1,1,0.0000,0.300,0,0.300,1,0.041,0,0,yolo,118.5,yolo,0,0,0,0.000,0,-1,0
1785654535.388,-1.365,-2.538,-0.476,0.9987,0,-2.858,0.477,1.143,0.2780,3.851,-0.049,-0.512,0.642,-0.730,1.493,-0.0653,-0.0254,-0.171,-0.171,0.705,1.755,1.901,-2.061,0.0046,-0.340,nan,0.00,1,1,1,0,1,0.0000,0.300,0,0.300,1,0.041,0,0,yolo,118.5,yolo,0,0,0,0.000,0,-1,0
1785654535.419,-1.051,-2.490,-0.578,0.9989,0,-2.550,0.453,1.043,0.2762,3.851,-0.049,-0.512,0.642,-0.730,1.500,-0.0657,-0.0659,-0.172,-0.172,0.664,1.763,1.898,-2.036,0.0046,-0.343,nan,0.00,1,1,1,0,1,0.5777,0.750,1,0.304,2,0.024,0,0,yolo,118.5,yolo,0,0,0,0.000,0,-1,0
1785654535.449,-1.051,-2.490,-0.578,0.9989,0,-2.550,0.362,0.968,0.2763,3.851,-0.049,-0.512,0.642,-0.730,1.500,-0.0657,-0.0659,-0.172,-0.172,0.664,1.763,1.898,-2.127,0.0046,-0.343,nan,0.00,1,1,1,0,1,0.5777,0.750,1,0.304,2,0.024,0,0,yolo,118.5,yolo,0,0,0,0.000,0,-1,0
1785654535.482,-0.769,-2.454,-0.675,0.9990,0,-3.455,0.680,0.428,0.2929,3.585,-0.012,-0.602,0.597,-0.195,2.686,-0.3346,1.0502,-0.171,-0.138,0.630,1.771,1.775,-1.773,0.0047,-0.448,nan,0.00,1,1,1,1,1,0.4686,0.250,1,0.380,5,-0.111,0,0,yolo,117.4,yolo,0,0,0,0.000,0,-1,0
1785654535.512,-0.419,-2.386,-0.722,0.9991,0,-2.615,0.632,0.240,0.2809,3.585,-0.012,-0.602,0.597,-0.195,2.197,-0.0295,-0.0363,-0.168,-0.168,0.593,1.777,1.772,-1.754,0.0047,-0.453,nan,0.00,1,1,1,0,1,0.4268,0.688,1,0.504,3,-0.162,0,0,yolo,117.4,yolo,0,0,0,0.000,0,-1,0
1785654535.544,-0.145,-2.319,-0.735,0.9992,0,-2.282,0.586,0.099,0.2792,3.585,-0.012,-0.602,0.597,-0.195,2.137,-0.0260,-0.0775,-0.164,-0.164,0.552,1.783,1.769,-1.733,0.0048,-0.457,nan,0.00,1,1,1,0,1,0.3955,0.688,1,0.504,3,-0.162,0,0,yolo,117.4,yolo,0,0,0,0.000,0,-1,0
1785654535.585,-0.145,-2.319,-0.735,0.9992,0,-2.282,0.517,-0.006,0.2793,3.585,-0.012,-0.602,0.597,-0.195,2.137,-0.0260,-0.0775,-0.164,-0.164,0.552,1.783,1.769,-1.802,0.0048,-0.457,nan,0.00,1,1,1,0,1,0.3594,0.875,1,0.544,6,-0.233,2,0,yolo,117.4,yolo,0,0,0,0.000,0,-1,0
1785654535.630,0.103,-2.258,-0.745,0.9992,0,-3.338,0.725,-0.267,0.2959,3.348,0.027,-0.679,0.558,0.463,3.441,-0.2308,0.5356,-0.160,-0.150,0.517,1.789,1.671,-1.533,0.0049,-0.546,nan,0.00,1,1,1,1,1,0.3052,0.778,1,0.578,5,-0.300,0,0,yolo,120.2,yolo,0,0,0,0.000,0,-1,0
1785654535.670,0.326,-2.209,-0.746,0.9992,0,-2.542,0.691,-0.173,0.2841,3.348,0.027,-0.679,0.558,0.463,2.868,-0.0041,-0.0345,-0.154,-0.154,0.482,1.794,1.669,-1.518,0.0049,-0.549,nan,0.00,1,1,1,0,1,0.2873,0.778,1,0.578,5,-0.300,0,0,yolo,120.2,yolo,0,0,0,0.000,0,-1,0
1785654535.702,0.668,-2.136,-0.724,0.9992,0,-2.068,0.627,-0.102,0.2826,3.348,0.027,-0.679,0.558,0.463,2.737,0.0035,-0.0713,-0.147,-0.147,0.446,1.798,1.667,-1.509,0.0050,-0.553,nan,0.00,1,1,1,0,1,0.2703,0.812,1,0.569,5,-0.296,0,0,yolo,120.2,yolo,0,0,0,0.000,0,-1,0
1785654535.733,0.869,-2.073,-0.705,0.9992,0,-3.568,0.775,-0.436,0.2992,3.107,0.062,-0.747,0.518,1.134,5.610,-0.5459,1.1984,-0.138,-0.191,0.405,1.802,1.583,-1.298,0.0051,-0.633,nan,0.00,1,1,1,1,1,0.2576,0.812,1,0.569,5,-0.296,0,0,yolo,117.1,yolo,0,0,0,0.000,0,-1,0
1785654535.771,1.272,-1.990,-0.672,0.9992,0,-2.068,0.693,-0.450,0.2862,3.107,0.062,-0.747,0.518,1.134,3.100,0.0650,-0.0498,-0.126,-0.126,0.356,1.805,1.581,-1.297,0.0051,-0.637,nan,0.00,1,1,1,0,1,0.2463,0.778,1,0.577,5,-0.248,0,0,yolo,117.1,yolo,0,0,0,0.000,0,-1,0
1785654535.811,1.458,-1.924,-0.625,0.9991,0,-1.457,0.623,-0.461,0.2841,3.107,0.062,-0.747,0.518,1.134,2.915,0.0759,-0.1010,-0.115,-0.115,0.304,1.807,1.579,-1.302,0.0052,-0.640,nan,0.00,1,1,1,0,1,0.2379,0.778,1,0.577,5,-0.248,0,0,yolo,117.1,yolo,0,0,0,0.000,0,-1,0
1785654535.839,1.458,-1.924,-0.625,0.9991,0,-2.957,1.134,-1.961,0.3008,4.000,1.013,0.000,0.667,14.209,14.000,-0.0000,0.3044,-0.115,-0.115,0.304,1.807,1.359,-0.790,0.0052,-0.621,nan,6.74,1,1,0,1,1,0.2352,0.778,1,0.578,5,-0.148,0,1,blueline,,BLUELINE,0,0,0,0.000,0,-1,0
1785654535.872,1.598,-1.866,-0.582,0.9991,0,-4.457,1.102,-3.461,0.2989,4.000,1.038,0.000,0.667,14.546,14.000,-0.3526,0.2525,-0.103,-0.103,0.252,1.809,1.349,-0.764,0.0052,-0.602,nan,6.77,1,1,0,1,1,0.2362,0.667,1,0.595,3,-0.132,0,0,blueline,,BLUELINE,0,0,0,0.000,0,-1,0
1785654535.904,2.128,-1.752,-0.252,0.9988,0,-5.957,0.962,-4.961,0.2956,4.000,1.038,0.000,0.667,14.546,14.000,0.0098,0.1908,-0.093,-0.093,0.191,1.810,1.353,-0.790,0.0052,-0.584,nan,6.79,1,1,0,0,1,0.2370,0.667,1,0.595,3,-0.132,0,0,blueline,,BLUELINE,0,0,0,0.000,0,-1,0
1785654535.935,2.759,-1.676,0.285,0.9984,0,-4.457,-0.119,-4.116,0.2923,4.000,0.288,0.000,0.667,4.116,-5.881,4.1888,0.1246,-0.086,-0.086,0.125,1.810,1.747,-1.795,0.0052,-0.567,nan,0.00,1,1,0,1,1,0.0000,0.833,0,0.584,6,-0.224,0,0,blueline,,BLUELINE,0,0,0,0.000,0,-1,0
1785654535.965,2.759,-1.676,0.285,0.9984,0,-5.323,-0.167,-4.116,0.2917,4.000,0.288,0.000,0.667,4.116,8.082,0.0000,0.1246,-0.086,-0.086,0.125,1.810,1.760,-1.843,0.0052,-0.550,nan,0.00,1,1,0,0,1,0.0000,0.833,0,0.584,6,-0.224,0,0,blueline,,BLUELINE,0,0,0,0.000,0,-1,0
1785654535.997,3.153,-1.712,0.675,0.9980,0,-6.823,1.268,-5.616,0.2887,4.000,1.463,0.000,0.667,20.096,14.000,-4.1888,0.0667,-0.075,-0.075,0.067,1.811,1.200,-0.443,0.0052,-0.533,nan,8.00,1,1,0,1,1,0.3421,0.875,1,0.531,6,-0.082,0,0,blueline,,BLUELINE,0,0,0,0.000,0,-1,0
1785654536.028,3.830,-1.606,1.120,0.9974,0,-8.323,1.152,-7.116,0.2858,4.000,1.463,0.000,0.667,20.096,14.000,0.0150,0.0085,-0.060,-0.060,0.008,1.811,1.200,-0.454,0.0052,-0.517,nan,8.00,1,1,0,0,1,0.3421,0.875,1,0.531,6,-0.082,0,0,blueline,,BLUELINE,0,0,0,0.000,0,-1,0
1785654536.059,4.617,-1.546,1.749,0.9964,0,-9.383,1.078,-8.616,0.2831,4.000,1.506,0.000,0.667,20.629,14.000,-0.5577,-0.0485,-0.046,-0.046,-0.048,1.810,1.200,-0.468,0.0052,-0.502,nan,8.00,1,1,0,1,1,0.3679,0.875,1,0.524,6,-0.052,0,0,blueline,,BLUELINE,0,0,0,0.000,0,-1,0
1785654536.090,5.491,-1.517,2.524,0.9951,0,-8.509,1.036,-10.116,0.2808,4.000,1.506,0.000,0.667,20.629,14.000,0.0140,-0.0961,-0.032,-0.032,-0.096,1.809,1.200,-0.480,0.0052,-0.487,nan,8.00,1,1,0,0,1,0.3873,0.875,1,0.524,6,-0.052,0,0,blueline,,BLUELINE,0,0,0,0.000,0,-1,0
1785654536.121,5.491,-1.517,2.524,0.9951,0,-7.009,-0.464,-8.616,0.2804,4.000,0.241,0.000,0.667,3.446,-7.763,4.1888,-0.0961,-0.032,-0.032,-0.096,1.809,1.822,-2.035,0.0052,-0.472,nan,0.00,1,1,0,1,1,0.0000,0.875,0,0.528,6,0.008,0,0,blueline,,BLUELINE,0,0,0,0.000,0,-1,0
1785654536.153,6.236,-1.511,3.381,0.9937,0,-5.509,1.024,-7.912,0.2787,4.000,0.556,0.000,0.233,7.912,9.588,-4.1888,-0.1321,-0.017,-0.017,-0.132,1.809,1.200,-0.486,0.0052,-0.458,nan,0.00,0,1,0,1,1,0.0000,0.393,0,0.517,4,0.081,0,0,blueline,,BLUELINE,0,0,0,0.000,0,-1,0
1785654536.185,6.828,-1.633,4.117,0.9925,0,-7.009,1.151,-9.412,0.2774,4.000,1.321,0.000,0.667,18.273,14.000,-4.1888,-0.1590,0.003,0.003,-0.159,1.809,1.200,-0.482,0.0052,-0.444,nan,7.61,1,1,0,1,1,0.2658,0.750,1,0.524,4,0.083,0,0,blueline,,BLUELINE,0,0,0,0.000,0,-1,0
1785654536.216,7.438,-1.621,4.843,0.9912,0,-6.562,1.152,-10.912,0.2764,4.000,1.321,0.000,0.667,18.273,14.000,0.0251,-0.1806,0.028,0.028,-0.181,1.810,1.200,-0.469,0.0052,-0.431,nan,7.61,1,1,0,0,1,0.2658,0.750,1,0.524,4,0.083,0,0,blueline,,BLUELINE,0,0,0,0.000,0,-1,0
1785654536.247,8.002,-1.608,5.612,0.9899,0,-5.998,0.968,-12.412,0.2756,4.000,1.197,0.000,0.667,16.661,14.000,3.3747,-0.1971,0.052,0.052,-0.197,1.811,1.274,-0.640,0.0052,-0.418,nan,7.75,1,1,0,1,1,0.2704,0.750,1,0.515,4,-0.018,0,0,blueline,,BLUELINE,0,0,0,0.000,0,-1,0
1785654536.279,8.484,-1.672,6.591,0.9886,0,-5.516,1.049,-13.912,0.2750,4.000,1.197,0.000,0.667,16.661,14.000,0.0190,-0.2099,0.071,0.071,-0.210,1.813,1.275,-0.623,0.0052,-0.405,nan,7.85,1,1,0,0,1,0.2740,0.750,1,0.515,4,-0.018,0,0,blueline,,BLUELINE,0,0,0,0.000,0,-1,0
1785654536.310,8.969,-1.762,7.813,0.9873,0,-4.235,0.799,-15.412,0.2745,4.000,1.003,0.000,0.667,14.075,13.204,2.7084,-0.2220,0.091,0.091,-0.222,1.816,1.424,-0.963,0.0052,-0.393,nan,7.47,1,1,0,1,1,0.2609,0.786,1,0.527,4,-0.096,0,0,blueline,,BLUELINE,0,0,0,0.000,0,-1,0
1785654536.349,8.969,-1.762,7.813,0.9873,0,-2.735,1.342,-13.912,0.2741,4.000,-2.413,0.000,0.667,-25.000,-14.000,-0.0000,-0.2220,0.091,0.091,-0.222,1.816,1.200,-0.420,0.0052,-0.381,nan,5.79,1,1,0,1,1,0.2022,0.833,1,0.363,4,-0.094,0,1,track,,TRACK,0,0,0,0.000,0,-1,0
1785654536.388,9.524,-1.971,10.235,0.9856,0,-1.235,1.663,-12.412,0.2732,4.000,-2.413,0.000,0.667,-25.000,-14.000,0.0390,-0.2435,0.130,0.130,-0.243,1.825,1.200,-0.308,0.0052,-0.370,nan,4.74,1,1,0,0,1,0.1654,0.833,1,0.363,4,-0.094,0,0,track,,TRACK,0,0,0,0.000,0,-1,0
1785654536.419,9.610,-1.988,11.177,0.9854,0,0.265,0.163,-10.912,0.2725,4.000,0.123,0.000,0.667,1.756,0.686,-0.0000,-0.2532,0.157,0.157,-0.253,1.831,1.913,-2.058,0.0052,-0.359,nan,2.15,1,1,0,1,1,0.0749,0.786,1,0.415,4,-0.111,0,1,blueline,,BLUELINE,0,0,0,0.000,0,-1,0
1785654536.459,9.572,-2.115,12.020,0.9854,0,1.765,1.663,-9.412,0.2717,4.000,-3.415,0.000,0.667,-25.000,-14.000,-0.0000,-0.2631,0.191,0.191,-0.263,1.836,1.200,-0.242,0.0052,-0.348,nan,0.20,1,1,0,1,1,0.0070,0.786,1,0.415,4,-0.111,1,1,track,,TRACK,0,0,0,0.000,0,-1,0
1785654536.497,9.414,-2.103,12.756,0.9859,0,3.265,0.179,-7.912,0.2709,4.000,-0.470,0.000,0.667,-6.697,-14.000,-0.0000,-0.2717,0.225,0.225,-0.272,1.843,1.887,-1.924,0.0052,-0.338,nan,0.00,1,1,0,1,1,0.0000,0.833,1,0.337,4,-0.067,0,1,blueline,,BLUELINE,0,0,0,0.000,0,-1,0
1785654536.527,9.129,-2.173,13.376,0.9866,0,4.765,0.623,-6.412,0.2701,4.000,-0.638,0.000,0.667,-9.063,-14.000,4.1888,-0.2791,0.263,0.263,-0.279,1.849,1.750,-1.550,0.0052,-0.328,nan,-0.31,1,1,0,1,1,-0.0107,0.833,1,0.332,4,-0.074,0,0,blueline,,BLUELINE,0,0,0,0.000,0,-1,0
1785654536.558,8.725,-2.207,13.870,0.9877,0,6.265,1.298,-4.912,0.2692,4.000,-0.932,0.000,0.667,-13.111,-14.000,4.1888,-0.2850,0.301,0.301,-0.285,1.856,1.504,-0.909,0.0052,-0.318,nan,-2.00,1,1,0,1,1,-0.0699,0.800,1,0.280,3,-0.055,0,0,blueline,,BLUELINE,0,0,0,0.000,0,-1,0
1785654536.594,8.208,-2.151,14.252,0.9891,0,7.765,2.022,-3.412,0.2683,4.000,-2.001,0.000,0.233,-25.000,-14.000,-0.0000,-0.2894,0.340,0.340,-0.289,1.862,1.200,-0.128,0.0052,-0.308,nan,-3.28,0,1,0,1,1,-0.1144,0.800,1,0.280,3,-0.055,1,1,track,,TRACK,0,0,0,0.000,0,-1,0
1785654536.634,7.586,-2.026,14.529,0.9906,0,9.265,0.522,-1.912,0.2675,4.000,-0.585,0.000,0.667,-8.321,-14.000,-0.0000,-0.2924,0.378,0.378,-0.292,1.868,1.814,-1.655,0.0052,-0.299,nan,0.00,1,1,0,1,1,0.0000,0.583,0,0.354,1,-0.034,0,1,blueline,,BLUELINE,0,0,0,0.000,0,-1,0
1785654536.665,6.773,-1.997,14.686,0.9924,0,10.765,0.318,-0.412,0.2666,4.000,-0.585,0.000,0.667,-8.321,-14.000,0.0413,-0.2944,0.420,0.420,-0.294,1.872,1.819,-1.678,0.0052,-0.290,nan,0.00,1,1,0,0,1,0.0000,0.583,0,0.354,1,-0.034,0,0,blueline,,BLUELINE,0,0,0,0.000,0,-1,0
1785654536.703,5.936,-1.407,3.389,0.9943,0,12.265,-0.405,1.088,0.2632,4.000,-0.994,0.000,0.233,-13.956,-11.865,-0.0000,-0.3544,0.815,0.815,-0.354,1.750,1.200,-1.811,0.0052,-0.281,nan,0.00,0,1,0,1,1,0.5312,0.300,1,0.282,1,-0.061,1,1,track,,TRACK,0,0,0,0.000,0,-1,0
1785654536.742,5.455,-0.773,1.948,0.9954,0,13.765,-0.927,2.588,0.2558,4.000,-1.042,0.000,0.233,-14.597,-12.539,-0.0000,-0.5062,0.889,0.889,-0.506,1.731,1.200,-1.700,0.0052,-0.273,nan,0.00,0,1,0,1,1,0.0000,0.301,0,0.126,0,-0.134,0,1,blueline,,BLUELINE,0,0,0,0.000,0,-1,0
1785654536.778,4.254,-1.114,4.684,0.9971,0,12.265,0.573,1.088,0.2494,nan,nan,nan,0.000,0.000,-6.679,0.0000,-0.6329,0.835,0.835,-0.633,1.775,1.000,-0.315,0.0052,-0.265,nan,0.00,0,0,0,0,1,0.0000,0.175,0,0.062,0,-0.233,0,0,,,FLYING,0,0,0,0.000,0,-1,0
1785654536.821,3.233,-1.174,5.052,0.9982,0,12.581,0.580,2.588,0.2450,4.000,-0.641,0.000,0.233,-9.102,-9.348,-0.0000,-0.7187,0.847,0.847,-0.719,1.786,1.200,-0.594,0.0052,-0.257,nan,0.00,0,1,0,1,1,0.0000,0.171,0,0.053,0,-0.199,0,0,blueline,,BLUELINE,0,0,0,0.000,0,-1,0
1785654536.851,1.981,-1.012,3.977,0.9992,0,11.081,0.346,1.088,0.2418,0.709,0.046,-0.239,0.041,3.693,-2.464,-0.0000,-0.7793,0.900,0.900,-0.779,1.779,1.200,-0.667,0.0052,-0.249,nan,0.00,0,1,0,1,1,0.0000,0.171,0,0.053,0,-0.199,1,1,hsv,,hsv,0,0,0,0.000,0,-1,0
1785654536.883,1.981,-1.012,3.977,0.9992,0,9.581,0.380,2.588,0.2415,4.000,-0.265,0.000,0.233,-3.785,-6.635,-0.0000,-0.7793,0.900,0.900,-0.779,1.779,1.200,-0.632,0.0052,-0.242,nan,0.00,0,1,0,1,1,0.0000,0.284,0,0.193,1,0.094,0,1,blueline,,BLUELINE,0,0,0,0.000,0,-1,0
1785654536.914,0.667,-0.875,3.001,0.9998,0,8.081,0.160,3.785,0.2437,4.000,-0.265,0.000,0.233,-3.785,-6.918,0.0473,-0.7244,0.947,0.947,-0.724,1.771,1.200,-0.715,0.0052,-0.234,nan,0.00,0,1,0,0,1,0.0000,0.284,0,0.193,1,0.094,0,0,blueline,,BLUELINE,0,0,0,0.000,0,-1,0
1785654536.946,-0.148,-0.857,3.010,0.9999,0,6.581,-1.340,2.285,0.2510,4.000,0.005,0.000,0.667,0.070,0.563,-4.1888,-0.5553,0.950,0.950,-0.555,1.777,2.000,-2.500,0.0052,-0.227,nan,0.00,1,1,0,1,1,0.0000,0.677,0,0.189,2,0.181,0,0,blueline,,BLUELINE,0,0,0,0.000,0,-1,0
1785654536.977,-0.785,-0.989,2.668,0.9998,0,8.081,-1.511,0.785,0.2554,4.000,0.005,0.000,0.667,0.070,-13.476,0.0044,-0.4540,0.954,0.954,-0.454,1.777,2.000,-2.500,0.0052,-0.220,nan,0.00,1,1,0,0,1,0.0000,0.677,0,0.189,2,0.181,0,0,blueline,,BLUELINE,0,0,0,0.000,0,-1,0
1785654537.010,-0.785,-0.989,2.668,0.9998,0,6.581,-0.011,-0.715,0.2552,4.000,0.302,0.000,0.233,4.313,2.627,-4.1888,-0.4540,0.954,0.954,-0.454,1.777,1.200,-0.572,0.0052,-0.214,nan,0.00,0,1,0,1,1,0.0000,0.391,0,0.183,3,0.195,0,0,blueline,,BLUELINE,0,0,0,0.000,0,-1,0
1785654537.040,-1.503,-0.961,2.726,0.9995,0,5.703,-1.493,-2.215,0.2586,4.000,0.285,0.000,0.667,4.068,-7.206,0.1710,-0.3762,0.938,0.938,-0.376,1.786,2.000,-2.454,0.0052,-0.207,nan,0.00,1,1,0,1,1,0.0000,0.750,0,0.274,2,0.142,0,0,blueline,,BLUELINE,0,0,0,0.000,0,-1,0
1785654537.071,-1.914,-2.638,-4.661,0.9984,0,7.203,0.007,-3.715,0.2577,4.000,0.285,0.000,0.667,4.068,-9.724,0.1759,-0.3982,1.114,1.114,-0.398,1.661,2.000,-2.500,0.0052,-0.201,nan,0.00,1,1,0,0,1,0.0000,0.750,0,0.274,2,0.142,0,0,blueline,,BLUELINE,0,0,0,0.000,0,-1,0
1785654537.101,-1.914,-2.638,-4.661,0.9984,0,8.703,0.138,-3.636,0.2575,4.000,0.254,0.000,0.667,3.636,-12.870,0.9049,-0.3982,1.114,1.114,-0.398,1.661,2.000,-2.500,0.0052,-0.195,nan,0.00,1,1,0,1,1,0.0000,0.700,0,0.345,2,0.097,0,0,blueline,,BLUELINE,0,0,0,0.000,0,-1,0
1785654537.130,-3.684,-1.752,-3.216,0.9975,0,7.203,-0.748,-3.636,0.2535,4.000,0.254,0.000,0.667,3.636,-8.229,-0.0927,-0.4894,1.021,1.021,-0.489,1.710,2.000,-2.500,0.0052,-0.189,nan,0.00,1,1,0,0,1,0.0000,0.700,0,0.345,2,0.097,0,0,blueline,,BLUELINE,0,0,0,0.000,0,-1,0
1785654537.169,-4.596,-1.992,-1.165,0.9962,0,8.681,0.752,-2.136,0.2515,4.000,-1.136,0.000,0.233,-15.858,-13.277,-0.0000,-0.5375,0.903,0.903,-0.538,1.757,1.200,-0.170,0.0052,-0.184,nan,0.00,0,1,0,1,1,0.0000,0.700,0,0.345,2,0.097,2,1,track,,TRACK,0,0,0,0.000,0,-1,0
1785654537.201,-4.596,-1.992,-1.165,0.9962,0,7.181,1.691,-0.636,0.2513,4.000,-0.429,0.000,0.233,-6.119,-3.070,-4.1888,-0.5375,0.903,0.903,-0.538,1.757,1.200,-0.301,0.0052,-0.178,nan,0.00,0,1,0,1,1,0.0000,0.438,0,0.284,3,0.220,1,0,track,,TRACK,0,0,0,0.000,0,-1,0
1785654537.241,-5.569,-2.063,-1.573,0.9946,0,5.681,1.790,0.864,0.2510,4.000,-0.429,0.000,0.233,-6.119,-7.678,-0.0473,-0.5491,0.856,0.856,-0.549,1.766,1.200,-0.273,0.0052,-0.173,nan,0.00,0,1,0,0,1,0.0000,0.400,0,0.256,3,0.156,0,0,track,,TRACK,0,0,0,0.000,0,-1,0
1785654537.272,-6.387,-1.978,-1.758,0.9932,0,7.181,0.361,2.364,0.2516,4.000,-0.663,0.000,0.667,-9.407,-14.000,-0.0000,-0.5404,0.795,0.795,-0.540,1.780,1.773,-1.617,0.0052,-0.168,nan,0.00,1,1,0,1,1,0.0000,0.781,0,0.183,3,0.186,0,1,blueline,,BLUELINE,0,0,0,0.000,0,-1,0
1785654537.304,-7.211,-2.047,-1.777,0.9915,0,5.681,1.861,0.864,0.2683,15.250,8.298,-3.092,1.000,25.000,14.000,-0.0000,-0.0000,0.746,0.746,-0.451,1.795,1.200,-0.093,0.0052,-3.562,nan,0.00,1,1,1,1,1,0.0000,0.196,0,0.116,1,0.505,0,1,yolo,118.2,yolo,0,0,0,0.000,0,-1,0
1785654537.335,-7.871,-1.922,-1.955,0.9900,0,4.181,1.889,-0.636,0.2849,15.250,8.298,-3.092,1.000,25.000,14.000,-0.0524,0.1433,0.693,0.693,-0.308,1.809,1.200,-0.033,0.0052,-3.686,nan,0.00,1,1,1,0,1,0.0000,0.393,0,0.116,1,0.505,0,0,yolo,118.2,yolo,0,0,0,0.000,0,-1,0
1785654537.366,-7.871,-1.922,-1.955,0.9900,0,2.681,1.755,-2.136,0.3016,15.250,8.298,-3.092,1.000,25.000,14.000,-0.0524,0.1433,0.693,0.693,-0.308,1.809,1.200,-0.167,0.0052,-3.686,nan,0.00,1,1,1,0,1,0.0000,0.195,0,0.112,1,0.522,0,0,yolo,118.2,yolo,0,0,0,0.000,0,-1,0
1785654537.407,-8.345,-1.783,-1.937,0.9889,0,1.181,1.709,-3.636,0.3183,15.250,8.298,-3.092,1.000,25.000,14.000,-0.1131,0.2210,0.633,0.633,-0.230,1.823,1.200,-0.074,0.0052,-3.787,nan,0.00,1,1,1,0,1,0.0000,0.245,0,0.115,2,0.523,0,0,yolo,118.2,yolo,0,0,0,0.000,0,-1,0
1785654537.446,-8.651,-1.605,-1.690,0.9882,0,-0.319,1.632,-5.136,0.3349,15.250,8.298,-3.092,1.000,25.000,14.000,-0.1908,0.2451,0.555,0.555,-0.206,1.839,1.200,0.027,0.0052,-3.876,nan,0.00,1,1,1,0,1,0.0000,0.392,0,0.116,1,0.529,0,0,yolo,118.2,yolo,0,0,0,0.000,0,-1,0
1785654537.477,-8.670,-1.400,-1.224,0.9883,0,-1.819,1.504,-6.636,0.3428,15.250,8.298,-3.092,1.000,25.000,14.000,-0.2734,0.2143,0.472,0.472,-0.237,1.854,1.200,0.104,0.0052,-3.934,nan,0.00,1,1,1,0,1,0.0000,0.392,0,0.116,1,0.529,0,0,yolo,118.2,yolo,0,0,0,0.000,0,-1,0
1785654537.509,-8.670,-1.400,-1.224,0.9883,0,-3.319,1.364,-8.136,0.3428,15.250,8.298,-3.092,1.000,25.000,14.000,-0.2734,0.2143,0.472,0.472,-0.237,1.854,1.200,-0.037,0.0052,-3.934,nan,0.00,1,1,1,0,1,0.0000,0.245,0,0.115,2,0.537,0,0,yolo,118.2,yolo,0,0,0,0.000,0,-1,0
1785654537.541,-8.531,-1.167,-0.562,0.9887,0,-4.819,1.226,-9.636,0.3374,15.250,8.298,-3.092,1.000,25.000,14.000,-0.3628,0.0973,0.383,0.383,-0.354,1.869,1.200,0.060,0.0052,-3.977,nan,0.00,1,1,1,0,1,0.0000,0.245,0,0.115,2,0.537,0,0,yolo,118.2,yolo,0,0,0,0.000,0,-1,0
1785654537.572,-8.222,-0.931,0.217,0.9896,0,-4.125,1.040,-8.136,0.3207,4.000,-0.317,0.000,0.233,-4.536,-4.096,-0.0000,-0.5050,0.292,0.292,-0.505,1.881,1.200,0.110,0.0052,-3.858,nan,0.00,0,1,0,1,1,0.0000,0.391,0,0.114,1,0.598,0,1,blueline,,BLUELINE,0,0,0,0.000,0,-1,0
1785654537.603,-7.838,-0.733,0.997,0.9906,0,-5.625,0.850,-6.636,0.3040,4.000,-0.213,0.000,0.233,-3.048,0.831,-3.1146,-0.6615,0.205,0.205,-0.662,1.891,1.200,0.117,0.0052,-3.742,nan,0.00,0,1,0,1,1,0.0000,0.391,0,0.114,1,0.598,0,0,blueline,,BLUELINE,0,0,0,0.000,0,-1,0
1785654537.634,-7.838,-0.733,0.997,0.9906,0,-4.125,0.733,-5.136,0.3023,4.000,-0.528,0.000,0.233,-7.520,-10.281,4.1888,-0.6615,0.205,0.205,-0.662,1.891,1.200,-0.000,0.0052,-3.630,nan,0.00,0,1,0,1,1,0.0000,0.269,0,0.163,1,0.656,0,0,blueline,,BLUELINE,0,0,0,0.000,0,-1,0
1785654537.665,-7.284,-0.579,1.608,0.9919,0,-2.625,0.588,-3.636,0.2958,4.000,-0.528,0.000,0.233,-7.520,-4.915,-0.0790,-0.7949,0.126,0.126,-0.795,1.898,1.200,0.009,0.0052,-3.521,nan,0.00,0,1,0,0,1,0.0000,0.269,0,0.163,1,0.656,0,0,blueline,,BLUELINE,0,0,0,0.000,0,-1,0
1785654537.697,-7.089,-0.490,1.932,0.9923,0,-1.125,0.483,-2.136,0.2907,4.000,-0.672,0.000,0.233,-9.541,-10.750,4.1888,-0.9036,0.061,0.061,-0.904,1.903,1.200,-0.007,0.0052,-3.416,nan,0.00,0,1,0,1,1,0.0000,0.298,0,0.121,0,0.750,0,0,blueline,,BLUELINE,0,0,0,0.000,0,-1,0
1785654537.734,-7.003,-0.427,2.087,0.9925,0,-2.625,0.903,-0.636,0.2873,nan,nan,nan,0.000,0.000,-0.023,0.0000,-0.9779,0.003,0.003,-0.978,1.907,1.000,0.476,0.0052,-3.313,nan,0.00,0,0,0,0,1,0.0000,0.309,0,0.141,0,0.836,0,0,,,FLYING,0,0,0,0.000,0,-1,0
1785654537.781,-6.744,-0.334,2.143,0.9931,0,-4.125,0.798,0.000,0.2857,nan,nan,nan,0.000,0.000,0.392,0.0000,-1.0110,-0.049,-0.049,-1.011,1.911,1.000,0.464,0.0052,-3.214,nan,0.00,0,0,0,0,1,0.0000,0.309,0,0.141,0,0.836,1,0,,,FLYING,0,0,0,0.000,0,-1,0
1785654537.807,-6.744,-0.334,2.143,0.9931,0,-5.625,0.742,0.000,0.2857,nan,nan,nan,0.000,0.000,0.392,0.0000,-1.0110,-0.049,-0.049,-1.011,1.911,1.000,0.408,0.0052,-3.117,nan,0.00,0,0,0,0,1,0.0000,0.205,0,0.138,1,0.824,0,0,,,FLYING,0,0,0,0.000,0,-1,0
1785654537.840,-6.317,-0.261,2.120,0.9939,0,-7.124,0.674,0.000,0.2847,nan,nan,nan,0.000,0.000,0.806,0.0000,-1.0270,-0.101,-0.101,-1.027,1.914,1.000,0.412,0.0052,-3.024,nan,0.00,0,0,0,0,1,0.0000,0.205,0,0.138,1,0.824,0,0,,,FLYING,0,0,0,0.000,0,-1,0
1785654537.871,-5.540,-0.199,2.102,0.9953,0,-5.624,0.109,1.500,0.2836,4.000,-1.183,0.000,0.667,-16.469,-14.000,-0.0000,-1.0431,-0.154,-0.154,-1.043,1.917,1.200,-0.089,0.0052,-2.933,nan,0.00,1,1,0,1,1,0.0000,0.500,0,0.125,2,0.832,0,0,blueline,,BLUELINE,0,0,0,0.000,0,-1,0
1785654537.902,-5.004,-0.204,1.990,0.9962,0,-4.124,0.105,3.000,0.2824,4.000,-1.012,0.000,0.667,-14.204,-13.126,-2.3721,-1.0631,-0.195,-0.195,-1.063,1.919,1.200,-0.099,0.0052,-2.845,nan,0.00,1,1,0,1,1,0.0000,0.624,0,0.145,3,0.863,0,0,blueline,,BLUELINE,0,0,0,0.000,0,-1,0
1785654537.933,-4.610,-0.218,1.703,0.9968,0,-2.624,0.126,4.500,0.2812,4.000,-1.012,0.000,0.667,-14.204,-14.000,-0.0283,-1.0862,-0.223,-0.223,-1.086,1.921,1.200,-0.092,0.0052,-2.760,nan,0.00,1,1,0,0,1,0.0000,0.624,0,0.145,3,0.863,0,0,blueline,,BLUELINE,0,0,0,0.000,0,-1,0
1785654537.966,-4.610,-0.218,1.703,0.9968,0,-4.124,0.094,6.000,0.2812,4.000,-0.686,0.000,0.667,-9.725,0.874,-4.1888,-1.0862,-0.223,-0.223,-1.086,1.921,1.200,-0.123,0.0052,-2.677,nan,0.00,1,1,0,1,1,0.0000,0.622,0,0.144,3,0.816,0,0,blueline,,BLUELINE,0,0,0,0.000,0,-1,0
1785654538.009,-4.188,-0.249,1.139,0.9973,0,-5.624,0.162,4.500,0.2799,4.000,-0.305,0.000,0.667,-4.353,8.669,-3.7504,-1.1120,-0.240,-0.240,-1.112,1.926,1.200,-0.087,0.0052,-2.597,nan,0.00,1,1,0,1,1,0.0000,0.518,0,0.143,2,0.786,0,0,blueline,,BLUELINE,0,0,0,0.000,0,-1,0
1785654538.043,-3.595,-0.269,0.648,0.9980,0,-4.124,0.213,4.353,0.2785,4.000,-0.305,0.000,0.667,-4.353,-3.511,-0.0182,-1.1378,-0.258,-0.258,-1.138,1.930,1.200,-0.056,0.0052,-2.519,nan,0.00,1,1,0,0,1,0.0000,0.518,0,0.143,2,0.786,0,0,blueline,,BLUELINE,0,0,0,0.000,0,-1,0
1785654538.074,-3.219,-0.269,0.321,0.9984,0,-5.624,0.230,2.853,0.2774,4.000,-0.064,0.000,0.233,-0.915,5.724,-4.1888,-1.1595,-0.273,-0.273,-1.160,1.934,1.200,-0.039,0.0052,-2.443,nan,0.00,0,1,0,1,1,0.0000,0.424,0,0.155,1,0.837,0,0,blueline,,BLUELINE,0,0,0,0.000,0,-1,0
1785654538.105,-2.706,-0.263,0.011,0.9989,0,-7.124,0.242,1.353,0.2764,4.000,0.110,0.000,0.667,1.575,14.000,-4.1888,-1.1804,-0.291,-0.291,-1.180,1.938,1.200,-0.021,0.0052,-2.370,nan,0.00,1,1,0,1,1,0.0000,0.524,0,0.149,2,0.836,0,0,blueline,,BLUELINE,0,0,0,0.000,0,-1,0
1785654538.136,-2.706,-0.263,0.011,0.9989,0,-8.624,0.202,-0.147,0.2764,4.000,0.110,0.000,0.667,1.575,6.778,0.0000,-1.1804,-0.291,-0.291,-1.180,1.938,1.200,-0.061,0.0052,-2.299,nan,0.00,1,1,0,0,1,0.0000,0.524,0,0.149,2,0.836,0,0,blueline,,BLUELINE,0,0,0,0.000,0,-1,0
1785654538.178,-1.976,-0.246,-0.111,0.9994,0,-7.124,0.699,0.000,0.2755,nan,nan,nan,0.000,0.000,2.507,0.0000,-1.1963,-0.313,-0.313,-1.196,1.942,1.000,0.453,0.0052,-2.230,nan,0.00,0,0,0,0,1,0.0000,0.415,0,0.143,1,0.836,1,0,,,FLYING,0,0,0,0.000,0,-1,0
1785654538.213,-1.097,-0.213,-0.086,0.9998,0,-5.624,0.669,0.000,0.2692,nan,nan,nan,0.000,0.000,2.703,0.0000,-1.2118,-0.338,-0.338,-1.212,1.944,1.000,0.456,0.0052,-2.163,nan,0.00,0,0,0,0,1,0.0000,0.414,0,0.142,1,0.828,0,0,,,FLYING,0,0,0,0.000,0,-1,0
1785654538.243,-0.527,-0.134,-0.053,1.0000,0,-5.863,0.099,-1.500,0.2692,4.000,0.433,0.000,0.233,6.176,5.336,-0.0000,-1.2209,-0.352,-0.352,-1.221,1.947,1.200,-0.036,0.0052,-2.098,nan,0.00,0,1,0,1,1,0.0000,0.414,0,0.142,1,0.815,0,0,blueline,,BLUELINE,0,0,0,0.000,0,-1,0
1785654538.277,0.069,-0.132,0.045,1.0000,0,-5.340,0.075,-3.000,0.2692,4.000,0.433,0.000,0.233,6.176,5.409,-0.0121,-1.2187,-0.364,-0.364,-1.219,1.947,1.200,-0.057,0.0052,-2.035,nan,0.00,0,1,0,0,1,0.0000,0.414,0,0.142,1,0.815,0,0,blueline,,BLUELINE,0,0,0,0.000,0,-1,0
1785654538.307,0.069,-0.132,0.045,1.0000,0,-6.710,0.053,-4.495,0.2692,4.000,0.314,0.000,0.667,4.495,6.779,1.7605,-1.2187,-0.364,-0.364,-1.219,1.947,1.200,-0.079,0.0052,-1.974,nan,0.00,1,1,0,1,1,0.0000,0.518,0,0.143,2,0.811,0,0,blueline,,BLUELINE,0,0,0,0.000,0,-1,0
1785654538.346,0.819,-0.134,0.508,0.9999,0,-5.210,0.516,-2.995,0.2692,nan,nan,nan,0.000,0.000,3.084,0.0000,-1.2126,-0.386,-0.386,-1.213,1.946,1.000,0.382,0.0052,-1.915,nan,0.00,0,0,0,0,1,0.0000,0.519,0,0.144,2,0.810,0,0,,,FLYING,0,0,0,0.000,0,-1,0
1785654538.387,1.363,-0.077,0.873,0.9997,0,-3.710,0.449,-1.495,0.2693,nan,nan,nan,0.000,0.000,3.164,0.0000,-1.2035,-0.396,-0.396,-1.203,1.945,1.000,0.372,0.0052,-1.857,nan,0.00,0,0,0,0,1,0.0000,0.519,0,0.144,2,0.810,0,0,,,FLYING,0,0,0,0.000,0,-1,0
1785654538.418,1.743,-0.035,0.978,0.9995,0,-5.210,-0.086,-2.995,0.2695,4.000,0.212,0.000,0.667,3.030,10.611,-0.0000,-1.1975,-0.391,-0.391,-1.197,1.946,1.200,-0.121,0.0052,-1.802,nan,0.00,1,1,0,1,1,0.0000,0.691,0,0.201,2,0.805,0,0,blueline,,BLUELINE,0,0,0,0.000,0,-1,0
1785654538.457,1.743,-0.035,0.978,0.9995,0,-6.710,-0.090,-4.495,0.2678,4.000,0.855,0.000,0.233,12.070,8.891,-0.0000,-1.1975,-0.391,-0.391,-1.197,1.946,1.200,-0.125,0.0052,-1.748,nan,0.00,0,1,0,1,1,0.0000,0.690,0,0.200,2,0.758,0,1,track,,TRACK,0,0,0,0.000,0,-1,0
1785654538.496,3.056,-0.092,1.674,0.9986,0,-5.858,-0.084,-5.995,0.2667,4.000,0.855,0.000,0.233,12.070,8.914,-0.0038,-1.1932,-0.395,-0.395,-1.193,1.942,1.200,-0.176,0.0052,-1.695,nan,0.00,0,1,0,0,1,0.0000,0.690,0,0.200,2,0.758,0,0,track,,TRACK,0,0,0,0.000,0,-1,0
1785654538.527,3.056,-0.092,1.674,0.9986,0,-7.358,-0.075,-5.975,0.2652,4.000,0.419,0.000,0.667,5.975,14.000,-0.0000,-1.1932,-0.395,-0.395,-1.193,1.942,1.200,-0.166,0.0052,-1.644,nan,0.00,1,1,0,1,1,0.0000,0.683,0,0.194,2,0.743,0,1,blueline,,BLUELINE,0,0,0,0.000,0,-1,0
1785654538.558,3.671,-0.134,2.272,0.9979,0,-8.858,-0.066,-5.975,0.2640,4.000,0.419,0.000,0.667,5.975,14.000,-0.0021,-1.1905,-0.397,-0.397,-1.191,1.939,1.200,-0.200,0.0052,-1.595,nan,0.00,1,1,0,0,1,0.0000,0.683,0,0.194,2,0.743,0,0,blueline,,BLUELINE,0,0,0,0.000,0,-1,0
1785654538.588,4.664,-0.183,2.866,0.9967,0,-9.336,-0.037,-5.975,0.2632,4.000,0.419,0.000,0.667,5.975,14.000,-0.0037,-1.1835,-0.399,-0.399,-1.184,1.937,1.200,-0.220,0.0052,-1.547,nan,0.00,1,1,0,0,1,0.0000,0.683,0,0.194,2,0.743,0,0,blueline,,BLUELINE,0,0,0,0.000,0,-1,0
1785654538.625,4.664,-0.183,2.866,0.9967,0,-7.836,-0.018,-7.475,0.2618,4.000,0.958,0.000,0.233,13.471,9.721,-0.0000,-1.1835,-0.399,-0.399,-1.184,1.937,1.200,-0.201,0.0052,-1.501,nan,0.00,0,1,0,1,1,0.0000,0.676,0,0.188,2,0.730,2,1,track,,TRACK,0,0,0,0.000,0,-1,0
1785654538.662,5.679,-0.238,3.439,0.9951,0,-6.336,0.025,-8.975,0.2614,4.000,0.925,0.000,0.233,13.017,8.320,0.9499,-1.1713,-0.391,-0.391,-1.171,1.935,1.200,-0.213,0.0052,-1.456,nan,0.00,0,1,0,1,1,0.0000,0.681,0,0.192,2,0.733,0,0,track,,TRACK,0,0,0,0.000,0,-1,0
1785654538.690,6.467,-0.315,4.121,0.9936,0,-4.836,0.088,-10.475,0.2613,4.000,0.925,0.000,0.233,13.017,9.359,0.0120,-1.1543,-0.379,-0.379,-1.154,1.933,1.200,-0.227,0.0052,-1.412,nan,0.00,0,1,0,0,1,0.0000,0.681,0,0.192,2,0.733,0,0,track,,TRACK,0,0,0,0.000,0,-1,0
1785654538.713,6.935,-0.422,5.103,0.9927,0,-6.088,0.170,-8.975,0.2612,4.000,0.328,0.000,0.667,4.688,13.024,-0.0000,-1.1338,-0.368,-0.368,-1.134,1.930,1.200,-0.252,0.0052,-1.370,nan,0.00,1,1,0,1,1,0.0000,0.571,0,0.196,1,0.736,0,1,blueline,,BLUELINE,0,0,0,0.000,0,-1,0
1785654538.745,6.935,-0.422,5.103,0.9927,0,-7.065,0.193,-7.475,0.2599,4.000,0.356,0.000,0.667,5.088,14.000,-0.8384,-1.1338,-0.368,-0.368,-1.134,1.930,1.200,-0.229,0.0052,-1.329,nan,0.00,1,1,0,1,1,0.0000,0.686,0,0.197,2,0.737,0,0,blueline,,BLUELINE,0,0,0,0.000,0,-1,0
1785654538.777,7.613,-0.519,6.038,0.9911,0,-5.783,0.286,-5.975,0.2602,4.000,0.356,0.000,0.667,5.088,13.396,0.0165,-1.1093,-0.352,-0.352,-1.109,1.928,1.200,-0.233,0.0052,-1.289,nan,0.00,1,1,0,0,1,0.0000,0.686,0,0.197,2,0.737,0,0,blueline,,BLUELINE,0,0,0,0.000,0,-1,0
1785654538.809,8.241,-0.559,6.574,0.9896,0,-4.283,0.369,-4.475,0.2606,4.000,0.296,0.000,0.667,4.231,8.534,0.8978,-1.0835,-0.315,-0.315,-1.083,1.930,1.200,-0.190,0.0052,-1.250,nan,0.00,1,1,0,1,1,0.0000,0.687,0,0.198,2,0.743,0,0,blueline,,BLUELINE,0,0,0,0.000,0,-1,0
1785654538.839,8.702,-0.576,6.958,0.9884,0,-2.783,0.362,-4.231,0.2610,4.000,0.296,0.000,0.667,4.231,10.682,0.0484,-1.0571,-0.267,-0.267,-1.057,1.934,1.230,-0.214,0.0052,-1.213,nan,0.00,1,1,0,0,1,0.0000,0.687,0,0.198,2,0.743,0,0,blueline,,BLUELINE,0,0,0,0.000,0,-1,0
1785654538.878,8.702,-0.576,6.958,0.9884,0,-1.283,0.429,-5.731,0.2599,4.000,0.683,0.000,0.233,9.696,6.948,-0.0000,-1.0571,-0.267,-0.267,-1.057,1.934,1.200,-0.147,0.0052,-1.176,nan,0.00,0,1,0,1,1,0.0000,0.688,0,0.199,2,0.783,0,1,track,,TRACK,0,0,0,0.000,0,-1,0
1785654538.916,8.830,-0.617,7.541,0.9881,0,0.217,0.511,-4.231,0.2602,4.000,0.206,0.000,0.233,2.950,2.800,-0.0000,-1.0300,-0.216,-0.216,-1.030,1.937,1.200,-0.107,0.0052,-1.141,nan,0.00,0,1,0,1,1,0.0000,0.305,0,0.134,0,0.823,0,1,blueline,,BLUELINE,0,0,0,0.000,0,-1,0
1785654538.947,8.937,-0.658,8.073,0.9878,0,1.717,0.585,-2.950,0.2603,4.000,0.206,0.000,0.233,2.950,2.534,0.0432,-1.0066,-0.173,-0.173,-1.007,1.941,1.200,-0.073,0.0052,-1.107,nan,0.00,0,1,0,0,1,0.0000,0.305,0,0.134,0,0.823,0,0,blueline,,BLUELINE,0,0,0,0.000,0,-1,0
1785654538.977,8.802,-0.641,8.310,0.9882,0,3.217,0.609,-1.784,0.2601,4.000,0.125,0.000,0.233,1.784,-1.197,2.4418,-0.9860,-0.122,-0.122,-0.986,1.946,1.200,-0.032,0.0052,-1.073,nan,0.00,0,1,0,1,1,0.0000,0.180,0,0.074,0,0.858,0,0,blueline,,BLUELINE,0,0,0,0.000,0,-1,0
1785654539.015,8.523,-0.606,8.449,0.9889,0,4.717,1.109,-0.284,0.2598,nan,nan,nan,0.000,0.000,0.537,0.0000,-0.9656,-0.067,-0.067,-0.966,1.951,1.000,0.503,0.0052,-1.041,nan,0.00,0,0,0,0,1,0.0000,0.170,0,0.050,0,0.895,0,0,,,FLYING,0,0,0,0.000,0,-1,0
1785654539.060,8.099,-0.509,8.499,0.9900,0,6.217,1.047,0.000,0.2595,nan,nan,nan,0.000,0.000,0.071,0.0000,-0.9456,-0.009,-0.009,-0.946,1.956,1.000,0.538,0.0052,-1.010,nan,0.00,0,0,0,0,0,0.0000,0.000,0,0.000,0,0.000,0,0,,,FLYING,0,0,0,0.000,0,-1,0
1785654539.087,7.491,-0.403,8.489,0.9914,0,7.717,0.961,0.000,0.2592,nan,nan,nan,0.000,0.000,-0.432,0.0000,-0.9247,0.054,0.054,-0.925,1.961,1.000,0.558,0.0052,-0.980,nan,0.00,0,0,0,0,0,0.0000,0.000,0,0.000,0,0.000,0,0,,,FLYING,0,0,0,0.000,0,-1,0
1785654539.117,7.491,-0.403,8.489,0.9914,0,7.923,0.914,0.000,0.2583,nan,nan,nan,0.000,0.000,-0.432,0.0000,-0.9247,0.054,0.054,-0.925,1.961,1.000,0.511,0.0052,-0.950,nan,0.00,0,0,0,0,0,0.0000,0.000,0,0.000,0,0.000,0,0,,,FLYING,0,0,0,0.000,0,-1,0
1785654539.154,6.751,-0.311,8.496,0.9931,0,7.639,0.841,0.000,0.2579,nan,nan,nan,0.000,0.000,-0.889,0.0000,-0.9046,0.111,0.111,-0.905,1.965,1.000,0.530,0.0052,-0.922,nan,0.00,0,0,0,0,0,0.0000,0.000,0,0.000,0,0.000,0,0,,,FLYING,0,0,0,0.000,0,-1,0
1785654539.185,6.028,-0.231,8.512,0.9945,0,6.931,0.267,1.500,0.2577,0.780,-0.045,-0.235,0.046,-3.274,-0.903,-0.0000,-0.8835,0.162,0.162,-0.884,1.968,1.200,0.036,0.0052,-0.894,nan,0.00,0,1,0,1,0,0.0000,0.000,0,0.000,0,0.000,0,1,hsv,,hsv,0,0,0,0.000,0,-1,0
1785654539.212,5.414,-0.199,8.425,0.9955,0,6.462,0.221,3.000,0.2575,0.780,-0.045,-0.235,0.046,-3.274,-1.048,-0.0000,-0.8628,0.207,0.207,-0.863,1.969,1.200,0.022,0.0052,-0.867,nan,0.00,0,1,0,1,0,0.0000,0.000,0,0.000,0,0.000,0,0,hsv,,hsv,0,0,0,0.000,0,-1,0
1785654539.248,5.414,-0.199,8.425,0.9955,0,5.946,0.192,3.158,0.2567,0.787,-0.043,-0.240,0.046,-3.158,-0.532,-0.0159,-0.8628,0.207,0.052,-0.863,1.969,1.200,-0.008,0.0052,-0.841,nan,0.00,0,1,0,1,0,0.0000,0.000,0,0.000,0,0.000,2,0,hsv,,hsv,0,0,0,0.000,0,-1,0
1785654539.279,4.802,-0.155,8.152,0.9965,0,6.134,0.134,3.480,0.2568,0.817,-0.050,-0.265,0.048,-3.480,-1.332,0.2030,-0.8400,0.255,0.255,-0.840,1.970,1.200,-0.021,0.0052,-0.816,nan,0.00,0,1,0,0,0,0.0000,0.000,0,0.000,0,0.000,0,0,hsv,,hsv,0,0,0,0.000,0,-1,0
1785654539.304,4.252,-0.109,7.852,0.9972,0,5.739,0.071,3.480,0.2569,0.817,-0.050,-0.265,0.048,-3.480,-1.487,0.2464,-0.8171,0.299,0.299,-0.817,1.970,1.200,-0.038,0.0052,-0.792,nan,0.00,0,1,0,0,0,0.0000,0.000,0,0.000,0,0.000,0,0,hsv,,hsv,0,0,0,0.000,0,-1,0
1785654539.343,3.714,-0.069,7.564,0.9979,0,4.812,0.014,3.989,0.2570,0.822,-0.057,-0.271,0.048,-3.989,-1.098,0.1097,-0.7937,0.338,0.172,-0.794,1.970,1.200,-0.055,0.0052,-0.768,nan,0.00,0,1,0,1,0,0.0000,0.000,0,0.000,0,0.000,1,0,hsv,,hsv,0,0,0,0.000,0,-1,0
1785654539.374,3.269,-0.046,7.242,0.9984,0,4.817,-0.030,4.787,0.2573,0.832,-0.070,-0.282,0.049,-4.787,-1.549,0.3474,-0.7707,0.374,0.256,-0.771,1.968,1.200,-0.077,0.0052,-0.745,nan,0.00,0,1,0,1,0,0.0000,0.000,0,0.000,0,0.000,1,0,hsv,,hsv,0,0,0,0.000,0,-1,0
1785654539.406,2.845,-0.028,6.867,0.9988,0,4.837,-0.075,5.852,0.2574,0.842,-0.086,-0.295,0.049,-5.852,-1.991,0.4696,-0.7496,0.408,0.335,-0.750,1.966,1.200,-0.103,0.0052,-0.722,nan,0.00,0,1,0,1,0,0.0000,0.000,0,0.000,0,0.000,1,0,hsv,,hsv,0,0,0,0.000,0,-1,0
1785654539.438,2.845,-0.028,6.867,0.9988,0,5.151,-0.069,6.973,0.2568,0.854,-0.104,-0.310,0.050,-6.973,-2.305,0.5016,-0.7496,0.408,0.380,-0.750,1.966,1.200,-0.097,0.0052,-0.701,nan,0.00,0,1,0,1,0,0.0000,0.000,0,0.000,0,0.000,1,0,hsv,,hsv,0,0,0,0.000,0,-1,0
1785654539.468,2.407,-0.012,6.396,0.9991,0,4.809,-0.121,6.973,0.2570,0.854,-0.104,-0.310,0.050,-6.973,-2.402,0.0624,-0.7291,0.442,0.442,-0.729,1.963,1.200,-0.132,0.0052,-0.680,nan,0.00,0,1,0,0,0,0.0000,0.000,0,0.000,0,0.000,0,0,hsv,,hsv,0,0,0,0.000,0,-1,0
1785654539.500,1.947,0.004,5.835,0.9994,0,4.470,-0.178,6.973,0.2572,0.854,-0.104,-0.310,0.050,-6.973,-2.523,0.0963,-0.7097,0.476,0.476,-0.710,1.959,1.200,-0.174,0.0052,-0.659,nan,0.00,0,1,0,0,0,0.0000,0.000,0,0.000,0,0.000,0,0,hsv,,hsv,0,0,0,0.000,0,-1,0
1785654539.526,1.475,0.014,5.200,0.9997,0,4.119,-0.234,6.973,0.2574,0.854,-0.104,-0.310,0.050,-6.973,-2.644,0.1302,-0.6893,0.510,0.510,-0.689,1.954,1.200,-0.219,0.0052,-0.640,nan,0.00,0,1,0,0,0,0.0000,0.000,0,0.000,0,0.000,0,0,hsv,,hsv,0,0,0,0.000,0,-1,0
1785654539.562,1.083,0.006,4.604,0.9998,0,3.829,-0.262,6.973,0.2577,0.854,-0.104,-0.310,0.050,-6.973,-2.746,0.1587,-0.6694,0.538,0.538,-0.669,1.949,1.200,-0.255,0.0052,-0.620,nan,0.00,0,1,0,0,0,0.0000,0.000,0,0.000,0,0.000,0,0,hsv,,hsv,0,0,0,0.000,0,-1,0
1785654539.594,1.083,0.006,4.604,0.9998,0,3.829,-0.223,6.973,0.2572,0.854,-0.104,-0.310,0.050,-6.973,-2.746,0.1587,-0.6694,0.538,0.538,-0.669,1.949,1.200,-0.217,0.0052,-0.602,nan,0.00,0,1,0,0,0,0.0000,0.000,0,0.000,0,0.000,0,0,hsv,,hsv,0,0,0,0.000,0,-1,0
1785654539.639,0.328,-0.022,3.392,1.0000,0,3.249,-0.311,6.973,0.2583,0.854,-0.104,-0.310,0.050,-6.973,-2.921,0.2077,-0.6301,0.587,0.587,-0.630,1.939,1.200,-0.333,0.0052,-0.584,nan,0.00,0,1,0,0,0,0.0000,0.000,0,0.000,0,0.000,0,0,hsv,,hsv,0,0,0,0.000,0,-1,0
1785654539.671,0.328,-0.022,3.392,1.0000,0,3.249,-0.257,6.973,0.2578,0.854,-0.104,-0.310,0.050,-6.973,-2.921,0.2077,-0.6301,0.587,0.587,-0.630,1.939,1.200,-0.280,0.0052,-0.566,nan,0.00,0,1,0,0,0,0.0000,0.000,0,0.000,0,0.000,0,0,hsv,,hsv,0,0,0,0.000,0,-1,0
1785654539.698,0.015,-0.048,2.799,1.0000,0,1.749,-0.266,5.473,0.2581,4.000,1.499,0.000,0.233,20.542,9.238,-0.0000,-0.6118,0.607,0.607,-0.612,1.933,1.200,-0.314,0.0052,-0.549,nan,0.00,0,1,0,1,1,0.0000,0.247,0,0.037,1,0.667,0,1,blueline,,BLUELINE,0,0,0,0.000,0,-1,0
1785654539.728,-0.300,-0.073,2.203,1.0000,0,0.249,-0.268,3.973,0.2584,4.000,1.499,0.000,0.233,20.542,9.137,0.0175,-0.5941,0.624,0.624,-0.594,1.928,1.200,-0.342,0.0052,-0.533,nan,0.00,0,1,0,0,1,0.0000,0.247,0,0.037,1,0.667,0,0,blueline,,BLUELINE,0,0,0,0.000,0,-1,0
1785654539.759,-0.319,-0.102,1.799,1.0000,0,-1.251,-0.231,2.473,0.2588,4.000,1.470,0.000,0.233,20.179,8.014,0.7598,-0.5752,0.632,0.632,-0.575,1.925,1.200,-0.334,0.0052,-0.517,nan,0.00,0,1,0,1,1,0.0000,0.253,0,0.047,1,0.692,0,0,blueline,,BLUELINE,0,0,0,0.000,0,-1,0
1785654539.796,-0.204,-0.125,1.625,1.0000,0,0.249,-0.169,3.973,0.2591,0.854,-0.104,-0.310,0.050,-6.973,-3.020,-0.0000,-0.5579,0.631,0.631,-0.558,1.924,1.200,-0.294,0.0052,-0.501,nan,0.00,0,1,0,1,1,0.0000,0.253,0,0.047,1,0.692,2,1,hsv,,hsv,0,0,0,0.000,0,-1,0
1785654539.837,-0.204,-0.125,1.625,1.0000,0,-1.251,-0.138,2.473,0.2587,4.000,1.145,0.000,0.233,15.976,6.328,-0.0000,-0.5579,0.631,0.631,-0.558,1.924,1.200,-0.263,0.0052,-0.486,nan,0.00,0,1,0,1,1,0.0000,0.297,0,0.120,0,0.738,0,1,blueline,,BLUELINE,0,0,0,0.000,0,-1,0
1785654539.868,-0.266,-0.144,1.284,1.0000,0,-2.751,-0.121,0.973,0.2590,4.000,1.251,0.000,0.233,17.367,10.545,-2.9137,-0.5403,0.638,0.638,-0.540,1.923,1.200,-0.265,0.0052,-0.472,nan,0.00,0,1,0,1,1,0.0000,0.414,0,0.143,1,0.764,0,0,blueline,,BLUELINE,0,0,0,0.000,0,-1,0
1785654539.901,-0.132,-0.160,0.980,1.0000,0,-4.251,-0.100,-0.527,0.2594,4.000,1.251,0.000,0.233,17.367,7.119,0.0045,-0.5232,0.642,0.642,-0.523,1.921,1.200,-0.260,0.0052,-0.458,nan,0.00,0,1,0,0,1,0.0000,0.414,0,0.143,1,0.764,0,0,blueline,,BLUELINE,0,0,0,0.000,0,-1,0
1785654539.932,0.341,-0.174,1.043,1.0000,0,-2.751,-0.027,-2.027,0.2597,4.000,1.033,0.000,0.233,14.486,0.515,4.1888,-0.5067,0.635,0.635,-0.507,1.924,1.200,-0.200,0.0052,-0.444,nan,0.00,0,1,0,1,1,0.0000,0.317,0,0.153,0,0.803,0,0,blueline,,BLUELINE,0,0,0,0.000,0,-1,0
1785654539.962,0.341,-0.174,1.043,1.0000,0,-4.251,-0.023,-3.527,0.2593,4.000,1.033,0.000,0.233,14.486,5.402,0.0000,-0.5067,0.635,0.635,-0.507,1.924,1.200,-0.197,0.0052,-0.430,nan,0.00,0,1,0,0,1,0.0000,0.317,0,0.153,0,0.803,0,0,blueline,,BLUELINE,0,0,0,0.000,0,-1,0
1785654539.993,0.585,-0.177,1.281,0.9999,0,-2.751,0.048,-5.027,0.2596,4.000,0.840,0.000,0.233,11.866,1.728,1.8289,-0.4919,0.627,0.627,-0.492,1.929,1.200,-0.128,0.0052,-0.418,nan,0.00,0,1,0,1,1,0.0000,0.324,0,0.165,0,0.833,0,0,blueline,,BLUELINE,0,0,0,0.000,0,-1,0
1785654540.025,0.841,-0.179,1.712,0.9999,0,-3.102,0.129,-6.527,0.2598,4.000,0.840,0.000,0.233,11.866,3.942,-0.0131,-0.4781,0.614,0.614,-0.478,1.936,1.200,-0.050,0.0052,-0.405,nan,0.00,0,1,0,0,1,0.0000,0.324,0,0.165,0,0.833,0,0,blueline,,BLUELINE,0,0,0,0.000,0,-1,0
1785654540.055,1.162,-0.178,2.393,0.9998,0,-1.602,0.224,-8.027,0.2602,4.000,0.676,0.000,0.233,9.599,-2.221,4.1888,-0.4637,0.595,0.595,-0.464,1.946,1.200,0.047,0.0052,-0.393,nan,0.00,0,1,0,1,1,0.0000,0.439,0,0.174,1,0.832,0,0,blueline,,BLUELINE,0,0,0,0.000,0,-1,0
1785654540.085,1.162,-0.178,2.393,0.9998,0,-1.503,0.170,-9.527,0.2598,4.000,0.676,0.000,0.233,9.599,2.666,0.0000,-0.4637,0.595,0.595,-0.464,1.946,1.200,-0.008,0.0052,-0.381,nan,0.00,0,1,0,0,1,0.0000,0.439,0,0.174,1,0.832,0,0,blueline,,BLUELINE,0,0,0,0.000,0,-1,0
1785654540.116,1.307,-0.182,3.482,0.9997,0,-0.003,0.321,-8.027,0.2602,4.000,0.555,0.000,0.233,7.900,-0.271,1.7786,-0.4483,0.565,0.565,-0.448,1.960,1.200,0.138,0.0052,-0.370,nan,0.00,0,1,0,1,1,0.0000,0.439,0,0.173,1,0.833,0,0,blueline,,BLUELINE,0,0,0,0.000,0,-1,0
1785654540.152,1.296,-0.167,4.288,0.9997,0,1.497,0.870,-6.527,0.2604,nan,nan,nan,0.000,0.000,-4.356,0.0000,-0.4353,0.545,0.545,-0.435,1.970,1.000,0.703,0.0052,-0.359,nan,0.00,0,0,0,0,1,0.0000,0.439,0,0.173,1,0.833,2,0,,,FLYING,0,0,0,0.000,0,-1,0
1785654540.192,1.131,-0.085,4.868,0.9998,0,2.997,0.807,-5.027,0.2606,nan,nan,nan,0.000,0.000,-4.250,0.0000,-0.4227,0.531,0.531,-0.423,1.978,1.000,0.722,0.0052,-0.348,nan,0.00,0,0,0,0,1,0.0000,0.435,0,0.169,1,0.832,0,0,,,FLYING,0,0,0,0.000,0,-1,0
1785654540.224,1.131,-0.085,4.868,0.9998,0,1.497,0.224,-6.527,0.2773,15.516,7.071,-1.022,1.000,24.501,14.000,-0.0000,-0.0000,0.531,0.531,-0.423,1.978,1.200,0.139,0.0053,-0.859,nan,0.00,1,1,1,1,1,0.0000,0.547,0,0.172,2,0.823,0,1,yolo,111.2,yolo,0,0,0,0.000,0,-1,0
1785654540.255,0.841,-0.025,5.370,0.9999,0,-0.003,0.187,-8.027,0.2940,15.516,7.071,-1.022,1.000,24.501,14.000,-0.0125,0.0108,0.519,0.519,-0.412,1.984,1.200,0.162,0.0054,-0.911,nan,0.00,1,1,1,0,1,0.0000,0.547,0,0.172,2,0.823,0,0,yolo,111.2,yolo,0,0,0,0.000,0,-1,0
1785654540.286,0.876,-0.027,6.052,0.9999,0,-1.503,0.220,-9.527,0.3106,15.354,7.218,-1.043,1.000,25.000,14.000,-4.0124,0.4332,0.497,-0.231,-0.413,1.991,1.200,0.194,0.0054,-0.926,nan,0.00,1,1,1,1,1,0.0000,0.411,0,0.139,1,0.846,0,0,yolo,114.8,yolo,0,0,0,0.000,0,-1,0
1785654540.317,0.876,-0.027,6.052,0.9999,0,-3.003,0.155,-11.027,0.2973,15.354,7.218,-1.043,1.000,25.000,14.000,0.7280,0.0000,0.497,0.497,-0.413,1.991,1.200,0.129,0.0055,-0.926,nan,0.00,1,1,1,0,1,0.0000,0.411,0,0.139,1,0.846,0,0,yolo,114.8,yolo,0,0,0,0.000,0,-1,0
1785654540.348,1.050,-0.016,7.052,0.9998,0,-4.503,0.224,-12.000,0.2959,15.354,7.218,-1.043,1.000,25.000,14.000,0.6952,-0.0225,0.464,0.464,-0.435,2.000,1.200,0.208,0.0056,-0.907,nan,0.00,1,1,1,0,1,0.0000,0.533,0,0.158,2,0.845,0,0,yolo,114.8,yolo,0,0,0,0.000,0,-1,0
1785654540.379,1.567,-0.021,8.257,0.9996,0,-6.003,0.304,-12.000,0.2855,15.481,7.120,-1.083,1.000,24.699,14.000,0.8139,-0.2406,0.425,0.049,-0.478,2.011,1.200,0.283,0.0057,-0.883,nan,0.00,1,1,1,1,1,0.0000,0.533,0,0.158,2,0.845,0,0,yolo,113.0,yolo,0,0,0,0.000,0,-1,0
1785654540.415,2.136,-0.026,9.341,0.9993,0,-7.503,0.347,-12.000,0.2923,15.481,7.120,-1.083,1.000,24.699,14.000,0.3447,-0.0452,0.393,0.393,-0.523,2.019,1.200,0.321,0.0058,-0.810,nan,0.00,1,1,1,0,1,0.0000,0.401,0,0.127,1,0.864,0,0,yolo,113.0,yolo,0,0,0,0.000,0,-1,0
1785654540.456,2.880,-0.039,10.413,0.9987,0,-9.003,0.386,-12.000,0.2870,15.481,7.120,-1.083,1.000,24.699,14.000,0.3171,-0.1028,0.366,0.366,-0.580,2.027,1.200,0.347,0.0059,-0.714,nan,0.00,1,1,1,0,1,0.0000,0.401,0,0.127,1,0.864,0,0,yolo,113.0,yolo,0,0,0,0.000,0,-1,0
1785654540.494,3.674,-0.068,11.547,0.9979,0,-10.326,0.441,-12.000,0.2704,15.715,6.833,-1.065,1.000,23.498,14.000,3.2922,-1.0713,0.342,0.473,-0.646,2.036,1.200,0.373,0.0059,-0.607,nan,0.00,1,1,1,1,1,0.0000,0.402,0,0.128,1,0.852,0,0,yolo,117.5,yolo,0,0,0,0.000,0,-1,0
1785654540.534,3.674,-0.068,11.547,0.9979,0,-10.326,0.355,-12.000,0.2870,15.715,6.833,-1.065,1.000,23.498,14.000,-0.1312,0.0000,0.342,0.342,-0.646,2.036,1.200,0.288,0.0060,-0.607,nan,0.00,1,1,1,0,1,0.0000,0.402,0,0.128,1,0.852,0,0,yolo,117.5,yolo,0,0,0,0.000,0,-1,0
1785654540.564,4.744,-0.107,12.689,0.9966,0,-9.256,0.442,-12.000,0.2836,15.715,6.833,-1.065,1.000,23.498,14.000,-0.1513,-0.0316,0.321,0.321,-0.677,2.044,1.200,0.335,0.0060,-0.467,nan,0.00,1,1,1,0,1,0.0000,0.426,0,0.157,1,0.831,0,0,yolo,117.5,yolo,0,0,0,0.000,0,-1,0
1785654540.594,5.790,-0.175,13.808,0.9949,0,-8.210,0.546,-12.000,0.2783,15.715,6.833,-1.065,1.000,23.498,14.000,-0.1638,-0.0637,0.309,0.309,-0.709,2.051,1.200,0.371,0.0061,-0.322,nan,0.00,1,1,1,0,1,0.0000,0.426,0,0.157,1,0.831,0,0,yolo,117.5,yolo,0,0,0,0.000,0,-1,0
1785654540.631,6.643,-0.244,14.998,0.9933,0,-7.357,0.660,-12.000,0.2616,16.191,6.373,-1.046,1.000,21.485,14.000,3.4145,-0.5399,0.305,0.743,-0.736,2.060,1.200,0.416,0.0061,-0.232,nan,0.00,1,1,1,1,1,0.0000,0.401,0,0.127,1,0.831,0,0,yolo,108.9,yolo,0,0,0,0.000,0,-1,0
1785654540.664,6.643,-0.244,14.998,0.9933,0,-7.357,0.580,-12.000,0.2783,16.191,6.373,-1.046,1.000,21.485,14.000,-0.4384,0.0000,0.305,0.305,-0.736,2.060,1.200,0.336,0.0061,-0.232,nan,0.00,1,1,1,0,1,0.0000,0.401,0,0.127,1,0.831,0,0,yolo,108.9,yolo,0,0,0,0.000,0,-1,0
1785654540.703,7.517,-0.329,16.319,0.9914,0,-6.483,0.749,-12.000,0.2758,16.191,6.373,-1.046,1.000,21.485,14.000,-0.4356,0.0001,0.307,0.307,-0.736,2.071,1.200,0.420,0.0061,-0.110,nan,0.00,1,1,1,0,1,0.0000,0.503,0,0.128,2,0.824,0,0,yolo,108.9,yolo,0,0,0,0.000,0,-1,0
1785654540.735,8.288,-0.427,17.455,0.9895,0,-4.983,0.903,-12.000,0.2591,16.571,5.795,-1.055,1.000,19.274,-2.992,9.5900,-0.3803,0.314,0.693,-0.730,2.080,1.200,0.476,0.0061,-0.085,nan,0.00,1,1,1,1,1,0.0000,0.503,0,0.128,2,0.824,0,0,yolo,112.7,yolo,0,0,0,0.000,0,-1,0
1785654540.766,8.782,-0.502,18.603,0.9882,0,-5.218,1.040,-12.000,0.2741,16.571,5.795,-1.055,1.000,19.274,14.000,-0.3654,0.0084,0.328,0.328,-0.721,2.091,1.200,0.538,0.0061,-0.012,nan,0.00,1,1,1,0,1,0.0000,0.505,0,0.130,2,0.821,0,0,yolo,112.7,yolo,0,0,0,0.000,0,-1,0
1785654540.798,9.374,-0.580,19.820,0.9866,0,-4.626,1.191,-12.000,0.2728,16.571,5.795,-1.055,1.000,19.274,14.000,-0.3491,0.0245,0.344,0.344,-0.705,2.104,1.200,0.611,0.0061,0.071,nan,0.00,1,1,1,0,1,0.0000,0.503,0,0.128,2,0.826,0,0,yolo,112.7,yolo,0,0,0,0.000,0,-1,0
1785654540.830,9.374,-0.580,19.820,0.9866,0,-3.126,0.738,-12.000,0.2894,17.024,4.989,-1.100,1.000,16.333,-5.470,8.7382,1.7169,0.344,0.559,-0.705,2.104,1.339,0.158,0.0061,-0.101,nan,0.00,1,1,1,1,1,0.0000,0.503,0,0.128,2,0.826,0,0,yolo,103.3,yolo,0,0,0,0.000,0,-1,0
1785654540.866,9.806,-0.657,20.946,0.9853,0,-4.194,0.907,-12.000,0.2761,17.024,4.989,-1.100,1.000,16.333,14.000,-0.1964,0.0156,0.363,0.363,-0.690,2.116,1.339,0.250,0.0061,-0.039,nan,0.00,1,1,1,0,1,0.0000,0.503,0,0.128,2,0.826,2,0,yolo,103.3,yolo,0,0,0,0.000,0,-1,0
1785654540.892,10.279,-0.776,22.179,0.9839,0,-3.721,1.127,-12.000,0.2742,17.024,4.989,-1.100,1.000,16.333,14.000,-0.1735,0.0167,0.385,0.385,-0.689,2.131,1.339,0.351,0.0061,0.038,nan,0.00,1,1,1,0,1,0.0000,0.526,0,0.151,2,0.806,0,0,yolo,103.3,yolo,0,0,0,0.000,0,-1,0
1785654540.923,10.279,-0.776,22.179,0.9839,0,-3.721,1.015,-12.000,0.2742,17.024,4.989,-1.100,1.000,16.333,14.000,-0.1735,0.0167,0.385,0.385,-0.689,2.131,1.339,0.239,0.0061,0.038,nan,0.00,1,1,1,0,1,0.0000,0.526,0,0.151,2,0.806,0,0,yolo,103.3,yolo,0,0,0,0.000,0,-1,0
1785654540.955,10.655,-0.863,23.300,0.9826,0,-2.221,0.620,-12.000,0.2908,16.913,4.047,-1.065,1.000,13.457,7.364,5.0934,0.4888,0.408,0.169,-0.687,2.145,1.579,-0.243,0.0061,-0.043,nan,0.00,1,1,1,1,1,0.0000,0.421,0,0.151,1,0.818,0,0,yolo,116.2,yolo,0,0,0,0.000,0,-1,0
1785654540.981,10.858,-1.002,24.340,0.9819,0,-3.142,0.847,-12.000,0.2742,16.913,4.047,-1.065,1.000,13.457,14.000,0.2628,-0.0135,0.432,0.432,-0.701,2.160,1.579,-0.154,0.0061,0.013,nan,0.00,1,1,1,0,1,0.0000,0.421,0,0.151,1,0.818,0,0,yolo,116.2,yolo,0,0,0,0.000,0,-1,0
1785654541.017,11.185,-1.129,25.462,0.9808,0,-2.815,1.086,-12.000,0.2719,16.913,4.047,-1.065,1.000,13.457,14.000,0.2873,-0.0282,0.456,0.456,-0.715,2.177,1.579,-0.044,0.0061,0.074,nan,0.00,1,1,1,0,1,0.0000,0.528,0,0.153,2,0.814,0,0,yolo,116.2,yolo,0,0,0,0.000,0,-1,0
1785654541.049,11.185,-1.129,25.462,0.9808,0,-1.315,0.072,-10.500,0.2885,17.504,2.852,-1.056,1.000,9.254,-14.000,18.3300,2.0000,0.456,4.109,-0.715,2.177,1.929,-1.058,0.0061,-0.138,nan,0.00,1,1,1,1,1,0.0000,0.528,0,0.153,2,0.814,0,0,yolo,112.7,yolo,0,0,0,0.000,0,-1,0
1785654541.085,11.464,-1.239,26.603,0.9798,0,-2.536,0.339,-9.254,0.2781,17.504,2.852,-1.056,1.000,9.254,14.000,-3.6268,-0.0090,0.482,0.482,-0.724,2.196,1.929,-0.900,0.0062,-0.090,nan,0.00,1,1,1,0,1,0.0000,0.419,0,0.149,1,0.810,0,0,yolo,112.7,yolo,0,0,0,0.000,0,-1,0
1785654541.116,11.718,-1.386,27.474,0.9789,0,-2.282,0.590,-9.254,0.2762,17.504,2.852,-1.056,1.000,9.254,14.000,-3.5901,-0.0173,0.519,0.519,-0.733,2.213,1.929,-0.797,0.0062,-0.031,nan,0.00,1,1,1,0,1,0.0000,0.422,0,0.152,1,0.837,0,0,yolo,112.7,yolo,0,0,0,0.000,0,-1,0
1785654541.157,11.941,-1.486,28.266,0.9780,0,-0.782,0.157,-7.754,0.2928,17.372,1.896,-0.957,1.000,6.228,-14.000,6.8807,0.4607,0.558,3.033,-0.741,2.232,2.181,-1.329,0.0062,-0.093,nan,0.00,1,1,1,1,1,0.0000,0.416,0,0.144,1,0.844,0,0,yolo,113.6,yolo,0,0,0,0.000,0,-1,0
1785654541.189,12.003,-1.629,29.016,0.9777,0,-1.997,0.395,-6.254,0.2773,17.372,1.896,-0.957,1.000,6.228,14.000,-2.4291,-0.0101,0.603,0.603,-0.752,2.251,2.181,-1.234,0.0062,-0.047,nan,0.00,1,1,1,0,1,0.0000,0.416,0,0.144,1,0.844,0,0,yolo,113.6,yolo,0,0,0,0.000,0,-1,0
1785654541.221,12.003,-1.629,29.016,0.9777,0,-1.997,0.218,-6.228,0.2773,17.372,1.896,-0.957,1.000,6.228,14.000,-2.4291,-0.0101,0.603,0.603,-0.752,2.251,2.181,-1.411,0.0062,-0.047,nan,0.00,1,1,1,0,1,0.0000,0.410,0,0.137,1,0.845,0,0,yolo,113.6,yolo,0,0,0,0.000,0,-1,0
1785654541.253,12.248,-1.708,29.633,0.9768,0,-1.752,0.449,-6.228,0.2760,17.372,1.896,-0.957,1.000,6.228,14.000,-2.3746,-0.0218,0.658,0.658,-0.763,2.272,2.181,-1.258,0.0062,-0.015,nan,0.00,1,1,1,0,1,0.0000,0.405,0,0.132,1,0.862,0,0,yolo,113.6,yolo,0,0,0,0.000,0,-1,0
1785654541.285,12.410,-1.775,30.159,0.9762,0,-0.252,0.567,-4.728,0.2927,18.051,0.779,-0.891,1.000,2.472,-14.000,8.8756,0.9624,0.706,2.779,-0.776,2.291,2.200,-1.208,0.0062,-0.143,nan,0.00,1,1,1,1,1,0.0000,0.405,0,0.132,1,0.862,0,0,yolo,103.6,yolo,0,0,0,0.000,0,-1,0
1785654541.317,12.416,-1.816,30.646,0.9761,0,-0.207,0.713,-3.228,0.2799,18.051,0.779,-0.891,1.000,2.472,12.623,-2.0153,-0.0187,0.764,0.764,-0.794,2.312,2.200,-1.103,0.0062,-0.130,nan,0.00,1,1,1,0,1,0.0000,0.404,0,0.130,1,0.871,0,0,yolo,103.6,yolo,0,0,0,0.000,0,-1,0
1785654541.347,12.416,-1.816,30.646,0.9761,0,-0.207,0.528,-2.472,0.2800,18.051,0.779,-0.891,1.000,2.472,12.623,-2.0153,-0.0187,0.764,0.764,-0.794,2.312,2.200,-1.288,0.0062,-0.130,nan,0.00,1,1,1,0,1,0.0000,0.404,0,0.130,1,0.871,0,0,yolo,103.6,yolo,0,0,0,0.000,0,-1,0
1785654541.378,12.446,-1.809,30.881,0.9760,0,1.293,0.624,-0.972,0.2966,18.354,-0.401,-0.754,1.000,-1.253,-14.000,11.9320,1.1273,0.831,3.454,-0.814,2.329,2.200,-1.185,0.0062,-0.243,nan,0.00,1,1,1,1,1,0.0000,0.400,0,0.125,1,0.860,0,0,yolo,114.3,yolo,0,0,0,0.000,0,-1,0
1785654541.410,12.323,-1.764,30.957,0.9765,0,2.793,0.627,0.528,0.2838,18.354,-0.401,-0.754,1.000,-1.253,5.473,-2.5585,-0.0193,0.896,0.896,-0.833,2.343,2.193,-1.136,0.0063,-0.257,nan,0.00,1,1,1,0,1,0.0000,0.398,0,0.123,1,0.873,0,0,yolo,114.3,yolo,0,0,0,0.000,0,-1,0
1785654541.442,12.040,-1.690,30.920,0.9776,0,4.293,0.623,1.253,0.2830,18.354,-0.401,-0.754,1.000,-1.253,4.757,-2.4844,-0.0443,0.970,0.970,-0.858,2.355,2.171,-1.067,0.0063,-0.279,nan,0.00,1,1,1,0,1,0.0000,0.086,0,0.054,0,0.896,0,0,yolo,114.3,yolo,0,0,0,0.000,0,-1,0
1785654541.480,12.040,-1.690,30.920,0.9776,0,5.793,0.481,1.253,0.2831,18.354,-0.401,-0.754,1.000,-1.253,4.757,-2.4844,-0.0443,0.970,0.970,-0.858,2.355,2.171,-1.209,0.0063,-0.279,nan,0.00,1,1,1,0,1,0.0000,0.172,0,0.055,0,0.904,0,0,yolo,114.3,yolo,0,0,0,0.000,0,-1,0
1785654541.521,11.586,-1.596,30.799,0.9792,0,7.293,0.583,2.753,0.2997,18.401,-1.412,-0.584,1.000,-4.387,-14.000,10.0666,0.6311,1.049,3.965,-0.889,2.365,2.108,-1.013,0.0064,-0.342,nan,0.00,1,1,1,1,1,0.0000,0.172,0,0.055,0,0.904,0,0,yolo,109.2,yolo,0,0,0,0.000,0,-1,0
1785654541.552,10.983,-1.522,30.684,0.9813,0,8.793,0.554,4.253,0.2851,18.401,-1.412,-0.584,1.000,-4.387,-1.961,-2.8415,-0.0278,1.124,1.124,-0.917,2.374,2.097,-0.968,0.0064,-0.353,nan,0.00,1,1,1,0,1,0.0000,0.131,0,0.061,1,0.922,0,0,yolo,109.2,yolo,0,0,0,0.000,0,-1,0
1785654541.589,10.071,-1.406,30.345,0.9843,0,10.293,0.424,4.387,0.2833,18.401,-1.412,-0.584,1.000,-4.387,-2.738,-2.7606,-0.0586,1.204,1.204,-0.948,2.378,2.080,-0.983,0.0064,-0.370,nan,0.00,1,1,1,0,1,0.0000,0.189,0,0.098,0,0.913,0,0,yolo,109.2,yolo,0,0,0,0.000,0,-1,0
1785654541.630,9.026,-1.283,29.885,0.9874,0,11.793,0.393,5.887,0.2793,18.353,-2.319,-0.406,1.000,-7.201,-14.000,6.7596,-0.1180,1.284,3.891,-0.976,2.377,2.006,-0.890,0.0065,-0.354,nan,0.00,1,1,1,1,1,0.0000,0.189,0,0.098,0,0.913,0,0,yolo,114.0,yolo,0,0,0,0.000,0,-1,0
1785654541.661,7.772,-1.163,29.342,0.9906,0,13.293,0.141,7.201,0.2823,18.353,-2.319,-0.406,1.000,-7.201,-11.584,-2.5303,-0.0266,1.361,1.361,-1.003,2.373,2.016,-1.022,0.0065,-0.344,nan,0.00,1,1,1,0,1,0.0000,0.285,0,0.100,1,0.928,0,0,yolo,114.0,yolo,0,0,0,0.000,0,-1,0
1785654541.698,7.772,-1.163,29.342,0.9906,0,14.793,0.115,7.201,0.2823,18.353,-2.319,-0.406,1.000,-7.201,-11.584,-2.5303,-0.0266,1.361,1.361,-1.003,2.373,2.016,-1.047,0.0065,-0.344,nan,0.00,1,1,1,0,1,0.0000,0.186,0,0.089,0,0.907,0,0,yolo,114.0,yolo,0,0,0,0.000,0,-1,0
1785654541.728,6.322,-1.063,28.620,0.9937,0,16.293,0.113,8.701,0.2656,18.330,-3.040,-0.212,1.000,-9.418,-14.000,7.0921,-1.3827,1.436,3.900,-1.033,2.363,1.915,-0.950,0.0066,-0.205,nan,0.00,1,1,1,1,1,0.0000,0.186,0,0.089,0,0.907,0,0,yolo,115.2,yolo,0,0,0,0.000,0,-1,0
1785654541.759,4.663,-0.977,27.815,0.9965,0,17.793,-0.145,9.418,0.2752,18.330,-3.040,-0.212,1.000,-9.418,-14.000,-2.3968,-0.0159,1.503,1.503,-1.049,2.348,1.915,-1.122,0.0066,-0.146,nan,0.00,1,1,1,0,0,0.0000,0.000,0,0.000,0,0.000,0,0,yolo,115.2,yolo,0,0,0,0.000,0,-1,0
1785654541.790,2.748,-0.933,26.877,0.9987,0,16.748,-0.385,9.418,0.2715,18.330,-3.040,-0.212,1.000,-9.418,-14.000,-2.3368,-0.0270,1.563,1.563,-1.060,2.329,1.915,-1.319,0.0066,-0.059,nan,0.00,1,1,1,0,0,0.0000,0.000,0,0.000,0,0.000,0,0,yolo,115.2,yolo,0,0,0,0.000,0,-1,0
1785654541.822,2.748,-0.933,26.877,0.9987,0,16.748,-0.279,9.418,0.2715,18.330,-3.040,-0.212,1.000,-9.418,-14.000,-2.3368,-0.0270,1.563,1.563,-1.060,2.329,1.915,-1.213,0.0066,-0.059,nan,0.00,1,1,1,0,0,0.0000,0.000,0,0.000,0,0.000,0,0,yolo,115.2,yolo,0,0,0,0.000,0,-1,0
1785654541.866,-0.397,-0.941,25.309,0.9998,0,15.248,-0.280,10.918,0.2548,18.225,-3.558,-0.053,1.000,-11.046,-14.000,3.1071,-1.9771,1.627,3.386,-1.065,2.295,1.767,-1.222,0.0066,0.271,nan,0.00,1,1,1,1,1,0.0000,0.169,0,0.047,0,0.771,0,0,yolo,124.3,yolo,0,0,0,0.000,0,-1,0
1785654541.898,-0.397,-0.941,25.309,0.9998,0,13.748,-0.118,11.046,0.2624,18.225,-3.558,-0.053,1.000,-11.046,-14.000,-1.7591,0.0000,1.627,1.627,-1.065,2.295,1.767,-1.060,0.0065,0.271,nan,0.00,1,1,1,0,1,0.0000,0.169,0,0.047,0,0.771,0,0,yolo,124.3,yolo,0,0,0,0.000,0,-1,0
1785654541.929,-1.971,-0.995,24.275,0.9993,0,12.248,-0.100,11.046,0.2595,18.225,-3.558,-0.053,1.000,-11.046,-14.000,-1.7431,0.0076,1.643,1.643,-1.057,2.271,1.701,-1.095,0.0065,0.386,nan,0.00,1,1,1,0,1,0.0000,0.175,0,0.063,2,0.817,0,0,yolo,124.3,yolo,0,0,0,0.000,0,-1,0
1785654541.960,-3.238,-1.052,23.171,0.9982,0,10.762,-0.079,11.046,0.2576,18.225,-3.558,-0.053,1.000,-11.046,-14.000,-1.7415,0.0257,1.644,1.644,-1.039,2.246,1.645,-1.131,0.0064,0.482,nan,0.00,1,1,1,0,1,0.0000,0.175,0,0.063,2,0.817,0,0,yolo,124.3,yolo,0,0,0,0.000,0,-1,0
1785654541.997,-4.418,-1.133,22.078,0.9968,0,9.582,0.018,11.046,0.2538,18.225,-3.558,-0.053,1.000,-11.046,-14.000,-0.0000,-0.0000,1.629,1.629,-1.010,2.222,1.588,-1.114,0.0064,0.581,nan,0.00,1,1,1,1,1,0.0000,0.398,0,0.122,1,0.806,0,1,anduril,,anduril,0,0,0,0.000,0,-1,0
1785654542.023,-4.418,-1.133,22.078,0.9968,0,9.582,0.229,11.046,0.2537,18.225,-3.558,-0.053,1.000,-11.046,-14.000,-0.0000,-0.0000,1.629,1.629,-1.010,2.222,1.588,-0.904,0.0063,0.581,nan,0.00,1,1,1,1,1,0.0000,0.398,0,0.122,1,0.806,0,0,anduril,,anduril,0,0,0,0.000,0,-1,0
1785654542.061,-5.403,-1.195,21.055,0.9953,0,8.597,0.844,12.000,0.2438,19.736,-4.882,0.047,1.000,-13.893,-14.000,-0.0000,-0.0000,1.605,1.605,-0.972,2.201,1.313,-0.351,0.0062,0.918,nan,0.00,1,1,1,1,1,0.0000,0.400,0,0.125,1,0.797,0,0,anduril,,anduril,0,0,0,0.000,0,-1,0
1785654542.103,-6.321,-1.225,19.877,0.9937,0,7.679,0.808,12.000,0.2416,19.736,-4.882,0.047,1.000,-13.893,-14.000,-0.0000,-0.0000,1.575,1.575,-0.915,2.178,1.283,-0.416,0.0062,1.006,nan,0.00,1,1,1,1,1,0.0000,0.400,0,0.125,1,0.797,0,0,anduril,,anduril,0,0,0,0.000,0,-1,0
1785654542.135,-7.248,-1.272,18.670,0.9918,0,6.752,0.806,12.000,0.2404,19.870,-5.049,-0.016,1.000,-14.258,-14.000,-0.0000,-0.0000,1.538,1.538,-0.853,2.155,1.259,-0.466,0.0062,1.062,nan,0.00,1,1,1,1,1,0.0000,0.402,0,0.127,1,0.808,0,1,yolo,116.5,yolo,0,0,0,0.000,0,-1,0
1785654542.165,-7.925,-1.339,17.579,0.9902,0,6.075,0.885,12.000,0.2383,19.870,-5.049,-0.016,1.000,-14.258,-14.000,-0.0000,-0.0000,1.498,1.498,-0.780,2.135,1.233,-0.454,0.0062,1.144,nan,0.00,1,1,1,1,1,0.0000,0.402,0,0.127,1,0.808,0,0,yolo,116.5,yolo,0,0,0,0.000,0,-1,0
1785654542.202,-7.925,-1.339,17.579,0.9902,0,6.075,0.991,12.000,0.2419,19.702,-4.900,-0.112,1.000,-13.967,-14.000,-0.0000,-0.0000,1.498,1.498,-0.780,2.135,1.276,-0.347,0.0062,1.025,nan,0.00,1,1,1,1,1,0.0000,0.402,0,0.127,1,0.808,2,0,yolo,115.7,yolo,0,0,0,0.000,0,-1,0
1785654542.235,-8.512,-1.406,16.529,0.9887,0,5.488,1.031,12.000,0.2400,19.702,-4.900,-0.112,1.000,-13.967,-14.000,-0.0000,-0.0000,1.453,1.453,-0.703,2.117,1.251,-0.375,0.0062,1.098,nan,0.00,1,1,1,1,1,0.0000,0.190,0,0.100,0,0.839,0,0,yolo,115.7,yolo,0,0,0,0.000,0,-1,0
1785654542.260,-9.085,-1.475,15.380,0.9871,0,4.915,1.082,12.000,0.2382,19.702,-4.900,-0.112,1.000,-13.967,-14.000,-0.0000,-0.0000,1.401,1.401,-0.622,2.099,1.227,-0.393,0.0062,1.170,nan,0.00,1,1,1,1,1,0.0000,0.190,0,0.100,0,0.839,0,0,yolo,115.7,yolo,0,0,0,0.000,0,-1,0
1785654542.286,-9.085,-1.475,15.380,0.9871,0,4.915,1.044,12.000,0.2432,19.242,-4.279,-0.166,1.000,-12.538,-14.000,-0.0000,-0.0000,1.401,1.401,-0.622,2.099,1.311,-0.431,0.0062,1.007,nan,0.00,1,1,1,1,1,0.0000,0.306,0,0.136,0,0.862,0,0,yolo,112.7,yolo,0,0,0,0.000,0,-1,0
1785654542.323,-9.618,-1.555,14.179,0.9856,0,4.382,1.086,12.000,0.2415,19.242,-4.279,-0.166,1.000,-12.538,-14.000,-0.0000,-0.0000,1.340,1.340,-0.540,2.081,1.281,-0.468,0.0062,1.073,nan,0.00,1,1,1,1,1,0.0000,0.306,0,0.136,0,0.862,0,0,yolo,112.7,yolo,0,0,0,0.000,0,-1,0
1785654542.353,-10.093,-1.644,12.972,0.9841,0,3.907,1.120,11.938,0.2411,19.091,-4.036,-0.158,1.000,-11.938,-14.000,-0.0000,-0.0000,1.275,1.275,-0.462,2.066,1.276,-0.524,0.0062,1.099,nan,0.00,1,1,1,1,1,0.0000,0.411,0,0.139,1,0.867,0,0,yolo,112.7,yolo,0,0,0,0.000,0,-1,0
1785654542.385,-10.093,-1.644,12.972,0.9841,0,3.907,1.269,11.938,0.2411,19.091,-4.036,-0.158,1.000,-11.938,-14.000,-0.0000,-0.0000,1.275,1.275,-0.462,2.066,1.276,-0.375,0.0062,1.099,nan,0.00,1,1,1,1,1,0.0000,0.411,0,0.139,1,0.867,0,0,yolo,112.7,yolo,0,0,0,0.000,0,-1,0
1785654542.417,-10.523,-1.740,11.739,0.9827,0,3.477,1.127,10.438,0.2468,18.635,-3.306,-0.133,1.000,-10.061,-14.000,-0.0700,0.0760,1.205,1.205,-0.386,2.052,1.340,-0.614,0.0062,1.039,nan,0.00,1,1,1,0,1,0.0000,0.307,0,0.137,0,0.892,0,0,yolo,112.7,yolo,0,0,0,0.000,0,-1,0
1785654542.447,-10.883,-1.808,10.732,0.9815,0,3.117,1.279,10.061,0.2488,18.635,-3.306,-0.133,1.000,-10.061,-14.000,-0.1426,0.1416,1.132,1.132,-0.321,2.044,1.312,-0.530,0.0062,1.081,nan,0.00,1,1,1,0,1,0.0000,0.307,0,0.137,0,0.892,0,0,yolo,112.7,yolo,0,0,0,0.000,0,-1,0
1785654542.485,-11.191,-1.852,9.832,0.9805,0,2.809,1.422,10.061,0.2508,18.635,-3.306,-0.133,1.000,-10.061,-14.000,-0.2157,0.2006,1.059,1.059,-0.262,2.039,1.291,-0.430,0.0062,1.113,nan,0.00,1,1,1,0,1,0.0000,0.307,0,0.137,0,0.885,0,0,yolo,112.7,yolo,0,0,0,0.000,0,-1,0
1785654542.527,-11.477,-1.893,8.857,0.9795,0,2.523,1.552,10.061,0.2527,18.635,-3.306,-0.133,1.000,-10.061,-14.000,-0.2919,0.2566,0.983,0.983,-0.206,2.036,1.271,-0.341,0.0062,1.143,nan,0.00,1,1,1,0,1,0.0000,0.307,0,0.137,0,0.885,0,0,yolo,112.7,yolo,0,0,0,0.000,0,-1,0
1785654542.557,-11.477,-1.893,8.857,0.9795,0,2.523,1.628,10.061,0.2527,18.635,-3.306,-0.133,1.000,-10.061,-14.000,-0.2919,0.2566,0.983,0.983,-0.206,2.036,1.271,-0.265,0.0062,1.143,nan,0.00,1,1,1,0,1,0.0000,0.310,0,0.141,0,0.876,0,0,yolo,112.7,yolo,0,0,0,0.000,0,-1,0
1785654542.589,-11.757,-1.931,7.760,0.9785,0,2.243,1.729,10.061,0.2547,18.635,-3.306,-0.133,1.000,-10.061,-14.000,-0.3774,0.3135,0.898,0.898,-0.149,2.033,1.252,-0.202,0.0062,1.171,nan,0.00,1,1,1,0,1,0.0000,0.310,0,0.141,0,0.876,0,0,yolo,112.7,yolo,0,0,0,0.000,0,-1,0
1785654542.628,-11.971,-1.950,6.811,0.9777,0,0.743,2.415,8.561,0.2380,nan,nan,nan,0.000,0.000,-6.582,0.0000,-0.1045,0.823,0.823,-0.104,2.032,1.000,0.465,0.0062,1.136,nan,0.00,0,0,0,0,1,0.0000,0.175,0,0.063,0,0.875,0,0,,,FLYING,0,0,0,0.000,0,-1,0
1785654542.668,-12.029,-1.869,5.956,0.9775,0,1.971,1.896,10.061,0.2403,4.000,-2.205,0.000,0.233,-25.000,-14.000,-0.0000,-0.0507,0.742,0.742,-0.051,2.034,1.200,0.026,0.0062,1.102,nan,0.00,0,1,0,1,1,0.0000,0.174,0,0.061,0,0.874,0,1,blueline,,BLUELINE,0,0,0,0.000,0,-1,0
1785654542.698,-12.214,-1.872,5.082,0.9768,0,1.786,1.940,11.561,0.2441,4.000,-2.226,0.000,0.233,-25.000,-14.000,-0.0000,0.0072,0.669,0.669,0.007,2.036,1.200,0.068,0.0062,1.069,nan,0.00,0,1,0,1,1,0.0000,0.174,0,0.059,0,0.875,0,0,blueline,,BLUELINE,0,0,0,0.000,0,-1,0
1785654542.735,-12.364,-1.912,4.048,0.9763,0,0.286,2.494,10.061,0.2480,nan,nan,nan,0.000,0.000,-4.853,0.0000,0.0657,0.607,0.607,0.066,2.036,1.000,0.582,0.0062,1.037,nan,0.00,0,0,0,0,1,0.0000,0.173,0,0.058,0,0.875,0,0,,,FLYING,0,0,0,0.000,0,-1,0
1785654542.761,-12.364,-1.912,4.048,0.9763,0,-1.214,2.497,8.561,0.2489,nan,nan,nan,0.000,0.000,-4.853,0.0000,0.0657,0.607,0.607,0.066,2.036,1.000,0.585,0.0062,1.006,nan,0.00,0,0,0,0,1,0.0000,0.173,0,0.058,0,0.875,0,0,,,FLYING,0,0,0,0.000,0,-1,0
1785654542.799,-12.368,-1.876,3.078,0.9763,0,-2.714,2.495,7.061,0.2527,nan,nan,nan,0.000,0.000,-4.325,0.0000,0.1280,0.541,0.541,0.128,2.039,1.000,0.619,0.0062,0.976,nan,0.00,0,0,0,0,1,0.0000,0.170,0,0.050,0,0.894,0,0,,,FLYING,0,0,0,0.000,0,-1,0
1785654542.839,-12.075,-1.764,2.420,0.9774,0,-4.214,2.460,5.561,0.2564,nan,nan,nan,0.000,0.000,-3.708,0.0000,0.1943,0.464,0.464,0.194,2.045,1.000,0.696,0.0062,0.946,nan,0.00,0,0,0,0,1,0.0000,0.170,0,0.050,0,0.894,0,0,,,FLYING,0,0,0,0.000,0,-1,0
1785654542.871,-11.677,-1.622,1.957,0.9789,0,-2.714,1.887,7.061,0.2592,4.000,-2.396,0.000,0.233,-25.000,-14.000,-0.0000,0.2452,0.389,0.389,0.245,2.052,1.200,0.265,0.0062,0.918,nan,0.00,0,1,0,1,1,0.0000,0.170,0,0.050,0,0.893,0,0,blueline,,BLUELINE,0,0,0,0.000,0,-1,0
1785654542.903,-11.423,-1.558,1.331,0.9798,0,-1.214,1.872,8.561,0.2617,4.000,-2.396,0.000,0.233,-25.000,-14.000,-0.0696,0.2868,0.320,0.320,0.287,2.059,1.200,0.313,0.0062,0.890,nan,0.00,0,1,0,0,1,0.0000,0.170,0,0.050,0,0.893,0,0,blueline,,BLUELINE,0,0,0,0.000,0,-1,0
1785654542.935,-11.304,-1.533,0.498,0.9802,0,0.286,1.874,10.061,0.2640,4.000,-2.404,0.000,0.233,-25.000,-14.000,-0.0000,0.3208,0.260,0.260,0.321,2.065,1.200,0.341,0.0062,0.864,nan,0.00,0,1,0,1,1,0.0000,0.170,0,0.049,0,0.905,0,0,blueline,,BLUELINE,0,0,0,0.000,0,-1,0
1785654542.960,-11.304,-1.533,0.498,0.9802,0,1.786,1.821,11.561,0.2648,4.000,-2.404,0.000,0.233,-25.000,-14.000,0.0000,0.3208,0.260,0.260,0.321,2.065,1.200,0.287,0.0062,0.838,nan,0.00,0,1,0,0,1,0.0000,0.170,0,0.049,0,0.905,0,0,blueline,,BLUELINE,0,0,0,0.000,0,-1,0
1785654542.982,-11.491,-1.570,-0.672,0.9796,0,2.509,1.899,12.000,0.2670,4.000,-2.404,0.000,0.233,-25.000,-14.000,-0.0564,0.3495,0.203,0.203,0.350,2.071,1.200,0.330,0.0062,0.813,nan,0.00,0,1,0,0,1,0.0000,0.170,0,0.049,0,0.905,0,0,blueline,,BLUELINE,0,0,0,0.000,0,-1,0
1785654543.012,-11.491,-1.570,-0.672,0.9796,0,2.509,1.853,12.000,0.2678,4.000,-2.383,0.000,0.233,-25.000,-14.000,-0.0000,0.3495,0.203,0.203,0.350,2.071,1.200,0.284,0.0062,0.788,nan,0.00,0,1,0,1,1,0.0000,0.169,0,0.048,0,0.920,0,0,blueline,,BLUELINE,0,0,0,0.000,0,-1,0
1785654543.045,-11.730,-1.612,-1.948,0.9787,0,2.270,1.963,12.000,0.2698,4.000,-2.383,0.000,0.233,-25.000,-14.000,-0.0581,0.3724,0.145,0.145,0.372,2.078,1.200,0.351,0.0062,0.765,nan,0.00,0,1,0,0,1,0.0000,0.169,0,0.048,0,0.920,0,0,blueline,,BLUELINE,0,0,0,0.000,0,-1,0
1785654543.077,-11.935,-1.641,-3.169,0.9780,0,2.065,2.068,12.000,0.2715,4.000,-2.356,0.000,0.233,-25.000,-14.000,-0.0000,0.3887,0.084,0.084,0.389,2.087,1.200,0.427,0.0062,0.742,nan,0.00,0,1,0,1,1,0.0000,0.169,0,0.048,0,0.922,0,0,blueline,,BLUELINE,0,0,0,0.000,0,-1,0
1785654543.109,-11.935,-1.641,-3.169,0.9780,0,2.065,2.005,12.000,0.2721,4.000,-2.356,0.000,0.233,-25.000,-14.000,0.0000,0.3887,0.084,0.084,0.389,2.087,1.200,0.365,0.0062,0.719,nan,0.00,0,1,0,0,1,0.0000,0.169,0,0.048,0,0.922,0,0,blueline,,BLUELINE,0,0,0,0.000,0,-1,0
1785654543.142,-12.113,-1.663,-4.340,0.9773,0,1.887,2.120,12.000,0.2734,4.000,-2.361,0.000,0.233,-25.000,-14.000,-0.0000,0.3986,0.025,0.025,0.399,2.098,1.200,0.456,0.0062,0.698,nan,0.00,0,1,0,1,1,0.0000,0.169,0,0.048,0,0.922,0,0,blueline,,BLUELINE,0,0,0,0.000,0,-1,0
1785654543.167,-12.271,-1.686,-5.502,0.9767,0,1.729,2.231,12.000,0.2744,4.000,-2.361,0.000,0.233,-25.000,-14.000,-0.0578,0.4028,-0.033,-0.033,0.403,2.109,1.200,0.545,0.0062,0.677,nan,0.00,0,1,0,0,1,0.0000,0.169,0,0.048,0,0.922,0,0,blueline,,BLUELINE,0,0,0,0.000,0,-1,0
1785654543.210,-12.413,-1.699,-6.654,0.9762,0,0.229,2.831,10.500,0.2752,nan,nan,nan,0.000,0.000,0.723,0.0000,0.4024,-0.090,-0.090,0.402,2.122,1.000,1.131,0.0062,0.657,nan,0.00,0,0,0,0,1,0.0000,0.129,0,0.057,1,0.920,0,0,,,FLYING,0,0,0,0.000,0,-1,0
1785654543.250,-12.401,-1.627,-7.627,0.9763,0,-1.271,2.822,9.000,0.2756,nan,nan,nan,0.000,0.000,1.174,0.0000,0.3979,-0.147,-0.147,0.398,2.134,1.000,1.195,0.0062,0.637,nan,0.00,0,0,0,0,1,0.0000,0.259,0,0.057,1,0.920,0,0,,,FLYING,0,0,0,0.000,0,-1,0
1785654543.286,-12.401,-1.627,-7.627,0.9763,0,-2.771,2.714,7.500,0.2762,nan,nan,nan,0.000,0.000,1.174,0.0000,0.3979,-0.147,-0.147,0.398,2.134,1.000,1.087,0.0062,0.618,nan,0.00,0,0,0,0,1,0.0000,0.169,0,0.047,0,0.919,0,0,,,FLYING,0,0,0,0.000,0,-1,0
1785654543.328,-11.903,-1.364,-9.340,0.9782,0,-1.271,2.241,9.000,0.2752,4.000,-1.681,0.000,0.233,-22.791,-12.060,-0.0000,0.3760,-0.285,-0.285,0.376,2.161,1.200,0.877,0.0062,0.599,nan,0.00,0,1,0,1,1,0.0000,0.257,0,0.053,1,0.904,0,0,blueline,,BLUELINE,0,0,0,0.000,0,-1,0
1785654543.359,-11.903,-1.364,-9.340,0.9782,0,-2.771,0.741,7.500,0.2628,18.452,3.063,0.642,1.000,9.424,14.000,-0.0000,-0.0000,-0.285,-0.285,0.376,2.161,1.782,-0.719,0.0062,0.436,nan,0.00,1,1,1,1,1,0.0000,0.257,0,0.053,1,0.904,0,1,yolo,110.0,yolo,0,0,0,0.000,0,-1,0
1785654543.396,-11.783,-1.307,-10.097,0.9787,0,-4.271,0.638,6.000,0.2630,18.452,3.063,0.642,1.000,9.424,14.000,-0.0000,-0.0000,-0.339,-0.339,0.364,2.174,1.790,-0.669,0.0061,0.424,nan,0.00,1,1,1,1,1,0.0000,0.260,0,0.058,1,0.907,0,0,yolo,110.0,yolo,0,0,0,0.000,0,-1,0
1785654543.437,-11.527,-1.377,-10.780,0.9795,0,-5.771,0.850,4.500,0.2616,18.452,3.063,0.642,1.000,9.424,14.000,-0.0000,-0.0000,-0.389,-0.389,0.359,2.188,1.764,-0.526,0.0061,0.461,nan,0.00,1,1,1,1,1,0.0000,0.260,0,0.058,1,0.907,0,0,yolo,110.0,yolo,0,0,0,0.000,0,-1,0
1785654543.469,-11.085,-1.414,-11.306,0.9810,0,-7.271,0.993,3.000,0.2783,16.957,3.014,0.583,1.000,10.078,14.000,-1.4506,0.3750,-0.446,1.350,0.364,2.204,1.754,-0.421,0.0061,0.411,nan,0.00,1,1,1,1,1,0.0000,0.268,0,0.072,1,0.921,0,0,yolo,111.3,yolo,0,0,0,0.000,0,-1,0
1785654543.500,-10.338,-1.358,-11.587,0.9835,0,-8.771,1.022,1.500,0.2616,16.957,3.014,0.583,1.000,10.078,14.000,-1.8569,0.0045,-0.507,-0.507,0.368,2.218,1.739,-0.336,0.0060,0.434,nan,0.00,1,1,1,0,1,0.0000,0.268,0,0.072,1,0.921,0,0,yolo,111.3,yolo,0,0,0,0.000,0,-1,0
1785654543.538,-9.468,-1.270,-11.703,0.9861,0,-10.271,0.990,0.000,0.2607,16.957,3.014,0.583,1.000,10.078,14.000,-1.9165,0.0162,-0.567,-0.567,0.380,2.230,1.725,-0.280,0.0060,0.455,nan,0.00,1,1,1,0,1,0.0000,0.177,0,0.066,2,0.917,0,0,yolo,111.3,yolo,0,0,0,0.000,0,-1,0
1785654543.565,-9.468,-1.270,-11.703,0.9861,0,-11.771,1.265,-1.500,0.2440,16.994,3.499,0.781,1.000,11.633,14.000,-6.9184,-1.7514,-0.567,-0.206,0.380,2.230,1.560,-0.005,0.0059,0.571,nan,0.00,1,1,1,1,1,0.0000,0.177,0,0.066,2,0.917,0,0,yolo,114.5,yolo,0,0,0,0.000,0,-1,0
1785654543.597,-8.409,-1.166,-11.719,0.9890,0,-13.271,1.261,-3.000,0.2554,16.994,3.499,0.781,1.000,11.633,14.000,-0.4171,0.0216,-0.623,-0.623,0.402,2.241,1.541,0.094,0.0059,0.607,nan,0.00,1,1,1,0,1,0.0000,0.353,0,0.066,2,0.917,2,0,yolo,114.5,yolo,0,0,0,0.000,0,-1,0
1785654543.639,-6.876,-1.001,-11.523,0.9927,0,-14.771,1.172,-4.500,0.2542,16.994,3.499,0.781,1.000,11.633,14.000,-0.4739,0.0481,-0.680,-0.680,0.428,2.250,1.517,0.171,0.0058,0.653,nan,0.00,1,1,1,0,1,0.0000,0.269,0,0.073,1,0.916,0,0,yolo,114.5,yolo,0,0,0,0.000,0,-1,0
1785654543.671,-5.206,-0.816,-11.031,0.9958,0,-16.271,0.996,-6.000,0.2543,15.355,3.342,0.733,1.000,12.277,14.000,-1.2953,0.0639,-0.728,-0.185,0.468,2.253,1.489,0.180,0.0057,0.645,nan,0.00,1,1,1,1,1,0.0000,0.270,0,0.074,1,0.921,0,0,yolo,108.2,yolo,0,0,0,0.000,0,-1,0
1785654543.703,-5.206,-0.816,-11.031,0.9958,0,-17.771,0.915,-7.500,0.2514,15.355,3.342,0.733,1.000,12.277,14.000,-0.5433,0.0000,-0.728,-0.728,0.468,2.253,1.489,0.100,0.0057,0.645,nan,0.00,1,1,1,0,1,0.0000,0.270,0,0.074,1,0.921,0,0,yolo,108.2,yolo,0,0,0,0.000,0,-1,0
1785654543.736,-3.580,-0.679,-10.506,0.9980,0,-17.580,0.796,-9.000,0.2506,15.355,3.342,0.733,1.000,12.277,14.000,-0.5749,0.0373,-0.760,-0.760,0.506,2.253,1.460,0.117,0.0056,0.704,nan,0.00,1,1,1,0,1,0.0000,0.278,0,0.088,1,0.914,0,0,yolo,108.2,yolo,0,0,0,0.000,0,-1,0
1785654543.767,-1.633,-0.560,-9.587,0.9995,0,-16.080,0.663,-10.500,0.2497,15.355,3.342,0.733,1.000,12.277,14.000,-0.6037,0.0809,-0.789,-0.789,0.549,2.248,1.421,0.103,0.0055,0.787,nan,0.00,1,1,1,0,1,0.0000,0.278,0,0.088,1,0.914,0,0,yolo,108.2,yolo,0,0,0,0.000,0,-1,0
1785654543.798,0.057,-0.473,-8.514,1.0000,0,-14.580,0.416,-11.848,0.2422,17.578,3.688,0.648,1.000,11.848,14.000,0.9877,-0.0742,-0.809,-0.685,0.592,2.239,1.432,-0.057,0.0054,0.797,nan,0.00,1,1,1,1,1,0.0000,0.291,0,0.110,1,0.929,0,0,yolo,107.1,yolo,0,0,0,0.000,0,-1,0
1785654543.828,0.057,-0.473,-8.514,1.0000,0,-13.943,0.438,-11.848,0.2454,17.578,3.688,0.648,1.000,11.848,14.000,-0.1242,0.0000,-0.809,-0.809,0.592,2.239,1.432,-0.035,0.0054,0.797,nan,0.00,1,1,1,0,1,0.0000,0.291,0,0.110,1,0.929,0,0,yolo,107.1,yolo,0,0,0,0.000,0,-1,0
1785654543.864,1.513,-0.443,-7.359,0.9996,0,-12.487,0.390,-11.848,0.2449,17.578,3.688,0.648,1.000,11.848,14.000,-0.1375,0.0452,-0.823,-0.823,0.637,2.228,1.389,-0.053,0.0053,0.881,nan,0.00,1,1,1,0,1,0.0000,0.151,0,0.128,1,0.804,0,0,yolo,107.1,yolo,0,0,0,0.000,0,-1,0
1785654543.905,2.938,-0.443,-6.114,0.9987,0,-11.062,0.253,-11.474,0.2407,18.984,3.853,0.541,1.000,11.474,14.000,1.8589,-0.0504,-0.825,-0.973,0.690,2.216,1.399,-0.190,0.0052,0.885,nan,0.00,1,1,1,1,1,0.0000,0.151,0,0.128,1,0.804,0,0,yolo,108.1,yolo,0,0,0,0.000,0,-1,0
1785654543.941,4.130,-0.481,-5.002,0.9974,0,-9.870,0.354,-11.474,0.2430,18.984,3.853,0.541,1.000,11.474,14.000,0.1560,0.0577,-0.817,-0.817,0.747,2.206,1.349,-0.126,0.0051,0.977,nan,0.00,1,1,1,0,0,0.0000,0.000,0,0.000,0,0.000,0,0,yolo,108.1,yolo,0,0,0,0.000,0,-1,0
1785654543.972,4.130,-0.481,-5.002,0.9974,0,-9.870,0.435,-11.474,0.2429,18.984,3.853,0.541,1.000,11.474,14.000,0.1560,0.0577,-0.817,-0.817,0.747,2.206,1.349,-0.045,0.0050,0.977,nan,0.00,1,1,1,0,0,0.0000,0.000,0,0.000,0,0.000,0,0,yolo,108.1,yolo,0,0,0,0.000,0,-1,0
1785654544.003,5.187,-0.529,-3.908,0.9959,0,-8.813,0.193,-10.438,0.2596,19.543,3.600,0.369,1.000,10.438,14.000,2.6506,0.7741,-0.802,-0.526,0.807,2.197,1.437,-0.336,0.0049,0.873,nan,0.00,1,1,1,1,0,0.0000,0.000,0,0.000,0,0.000,1,0,yolo,113.3,yolo,0,0,0,0.000,0,-1,0
1785654544.045,6.136,-0.603,-2.909,0.9942,0,-7.864,0.374,-10.438,0.2704,19.543,3.600,0.369,1.000,10.438,14.000,-0.2520,0.0565,-0.778,-0.778,0.864,2.190,1.384,-0.229,0.0048,0.957,nan,0.00,1,1,1,0,1,0.0000,0.235,0,0.017,1,0.705,0,0,yolo,113.3,yolo,0,0,0,0.000,0,-1,0
1785654544.082,7.035,-0.675,-1.878,0.9924,0,-6.965,0.557,-10.438,0.2709,19.543,3.600,0.369,1.000,10.438,14.000,-0.2197,0.1044,-0.746,-0.746,0.912,2.183,1.334,-0.118,0.0048,1.037,nan,0.00,1,1,1,0,1,0.0000,0.317,0,0.021,2,0.700,0,0,yolo,113.3,yolo,0,0,0,0.000,0,-1,0
1785654544.122,7.781,-0.742,-0.887,0.9907,0,-5.465,0.240,-8.938,0.2875,20.097,3.139,0.193,1.000,8.879,-1.209,5.4689,1.6133,-0.713,-0.948,0.944,2.177,1.484,-0.502,0.0047,0.876,nan,0.00,1,1,1,1,1,0.0000,0.317,0,0.021,2,0.700,0,0,yolo,120.7,yolo,0,0,0,0.000,0,-1,0
1785654544.154,8.356,-0.833,-0.055,0.9893,0,-5.644,0.488,-8.879,0.2715,20.097,3.139,0.193,1.000,8.879,14.000,0.2733,0.0112,-0.674,-0.674,0.955,2.174,1.436,-0.345,0.0046,0.939,nan,0.00,1,1,1,0,1,0.0000,0.239,0,0.023,1,0.698,0,0,yolo,120.7,yolo,0,0,0,0.000,0,-1,0
1785654544.185,8.356,-0.833,-0.055,0.9893,0,-5.644,0.545,-8.879,0.2714,20.097,3.139,0.193,1.000,8.879,14.000,0.2733,0.0112,-0.674,-0.674,0.955,2.174,1.436,-0.288,0.0045,0.939,nan,0.00,1,1,1,0,1,0.0000,0.246,0,0.034,1,0.699,0,0,yolo,120.7,yolo,0,0,0,0.000,0,-1,0
1785654544.216,8.988,-0.901,0.763,0.9876,0,-5.012,0.743,-8.879,0.2718,20.097,3.139,0.193,1.000,8.879,14.000,0.3200,0.0080,-0.628,-0.628,0.952,2.173,1.392,-0.158,0.0044,0.997,nan,0.00,1,1,1,0,1,0.0000,0.246,0,0.034,1,0.699,0,0,yolo,120.7,yolo,0,0,0,0.000,0,-1,0
1785654544.252,9.552,-0.960,1.656,0.9860,0,-3.512,0.092,-7.379,0.2885,20.567,2.333,0.017,1.000,6.472,-12.812,6.4793,1.8584,-0.580,-0.828,0.942,2.171,1.681,-0.868,0.0043,0.749,nan,0.00,1,1,1,1,0,0.0000,0.000,0,0.000,0,0.000,0,0,yolo,112.4,yolo,0,0,0,0.000,0,-1,0
1785654544.281,9.552,-0.960,1.656,0.9860,0,-4.448,0.120,-6.472,0.2721,20.567,2.333,0.017,1.000,6.472,14.000,0.2479,0.0000,-0.580,-0.580,0.942,2.171,1.681,-0.840,0.0043,0.749,nan,0.00,1,1,1,0,0,0.0000,0.000,0,0.000,0,0.000,1,0,yolo,112.4,yolo,0,0,0,0.000,0,-1,0
1785654544.310,9.963,-1.087,2.416,0.9847,0,-4.037,0.459,-6.472,0.2723,20.567,2.333,0.017,1.000,6.472,14.000,0.3035,-0.0208,-0.524,-0.524,0.921,2.175,1.622,-0.628,0.0042,0.811,nan,0.00,1,1,1,0,1,0.0000,0.335,0,0.044,2,0.699,0,0,yolo,112.4,yolo,0,0,0,0.000,0,-1,0
1785654544.348,10.489,-1.141,3.092,0.9831,0,-2.537,-0.039,-4.972,0.2890,20.952,1.488,-0.110,1.000,4.062,-14.000,8.8119,2.0000,-0.456,-0.089,0.900,2.180,1.870,-1.180,0.0041,0.580,nan,0.00,1,1,1,1,1,0.0000,0.335,0,0.044,2,0.699,2,0,yolo,110.5,yolo,0,0,0,0.000,0,-1,0
1785654544.377,10.489,-1.141,3.092,0.9831,0,-3.358,-0.053,-4.062,0.2727,20.952,1.488,-0.110,1.000,4.062,13.848,-0.3668,0.0000,-0.456,-0.456,0.900,2.180,1.870,-1.194,0.0041,0.580,nan,0.00,1,1,1,0,0,0.0000,0.000,0,0.000,0,0.000,0,0,yolo,110.5,yolo,0,0,0,0.000,0,-1,0
1785654544.409,10.767,-1.240,3.576,0.9822,0,-2.508,0.251,-4.062,0.2729,20.952,1.488,-0.110,1.000,4.062,13.275,-0.3036,-0.0215,-0.392,-0.392,0.878,2.188,1.826,-0.989,0.0040,0.624,nan,0.00,1,1,1,0,0,0.0000,0.000,0,0.000,0,0.000,2,0,yolo,110.5,yolo,0,0,0,0.000,0,-1,0
1785654544.435,11.077,-1.279,3.971,0.9811,0,-1.547,0.434,-4.062,0.2731,20.952,1.488,-0.110,1.000,4.062,12.624,-0.2319,-0.0409,-0.321,-0.321,0.859,2.197,1.804,-0.845,0.0039,0.646,nan,0.00,1,1,1,0,1,0.0000,0.257,0,0.054,1,0.698,0,0,yolo,110.5,yolo,0,0,0,0.000,0,-1,0
1785654544.481,11.246,-1.304,4.348,0.9805,0,-0.047,-0.136,-2.562,0.2898,21.072,0.505,-0.199,1.000,1.372,-14.000,7.4224,1.9763,-0.257,0.556,0.841,2.205,2.068,-1.440,0.0039,0.382,nan,0.00,1,1,1,1,1,0.0000,0.259,0,0.056,1,0.732,0,0,yolo,109.6,yolo,0,0,-1,0.035,1,0,0
1785654544.519,11.246,-1.304,4.348,0.9805,0,1.453,-0.201,-1.372,0.2732,21.072,0.505,-0.199,1.000,1.372,8.226,-0.8138,0.0000,-0.257,-0.257,0.841,2.205,2.068,-1.505,0.0039,0.382,nan,0.00,1,1,1,0,1,0.0000,0.259,0,0.056,1,0.732,1,0,yolo,109.6,yolo,0,0,-1,0.059,1,1,0
1785654544.553,11.253,-1.381,4.618,0.9805,0,2.953,0.073,-1.372,0.2732,21.072,0.505,-0.199,1.000,1.372,7.476,-0.7410,-0.0215,-0.185,-0.185,0.820,2.218,2.039,-1.309,0.0038,0.411,nan,0.00,1,1,1,0,1,0.0000,0.173,0,0.058,0,0.703,0,0,yolo,109.6,yolo,0,0,-1,0.075,1,0,0
1785654544.597,10.926,-1.390,4.732,0.9816,0,4.453,-0.236,0.128,0.2898,21.251,-0.567,-0.257,1.000,-1.529,-14.000,8.0683,1.9168,-0.123,1.381,0.799,2.230,2.200,-1.626,0.0038,0.155,nan,0.00,1,1,1,1,1,0.0000,0.340,0,0.050,2,0.705,0,0,yolo,115.6,yolo,0,0,-1,0.073,1,0,0
1785654544.635,10.673,-1.399,4.828,0.9824,0,5.953,-0.176,1.529,0.2732,21.251,-0.567,-0.257,1.000,-1.529,3.307,-1.4518,-0.0111,-0.071,-0.071,0.788,2.241,2.200,-1.575,0.0038,0.161,nan,0.00,1,1,1,0,1,0.0000,0.340,0,0.050,2,0.705,0,0,yolo,115.6,yolo,0,0,-1,0.077,1,0,0
1785654544.666,10.040,-1.404,4.723,0.9844,0,7.237,-0.101,1.529,0.2657,21.251,-0.567,-0.257,1.000,-1.529,2.803,-1.3970,-0.0256,-0.016,-0.016,0.773,2.253,2.200,-1.505,0.0038,0.168,nan,0.00,1,1,1,0,1,0.0000,0.173,0,0.057,0,0.728,0,0,yolo,115.6,yolo,0,0,-1,0.079,1,0,0
1785654544.698,9.312,-1.375,4.517,0.9865,0,8.737,-0.081,3.029,0.2824,21.155,-1.226,-0.338,1.000,-3.317,-14.000,6.6035,1.9266,0.034,1.889,0.762,2.265,2.200,-1.456,0.0038,-0.024,nan,0.00,1,1,1,1,1,0.0000,0.173,0,0.057,0,0.728,0,0,yolo,111.0,yolo,0,0,-1,0.078,1,0,0
1785654544.734,9.312,-1.375,4.517,0.9865,0,8.832,-0.196,3.317,0.2722,21.155,-1.226,-0.338,1.000,-3.317,0.480,-1.8545,0.0000,0.034,0.034,0.762,2.265,2.200,-1.571,0.0038,-0.024,nan,0.00,1,1,1,0,1,0.0000,0.257,0,0.054,1,0.725,0,0,yolo,111.0,yolo,0,0,-1,0.067,0,0,0
1785654544.760,8.363,-1.342,4.239,0.9891,0,8.219,-0.149,3.317,0.2708,21.155,-1.226,-0.338,1.000,-3.317,0.144,-1.8107,-0.0093,0.078,0.078,0.752,2.277,2.200,-1.491,0.0038,-0.017,nan,0.00,1,1,1,0,1,0.0000,0.257,0,0.054,1,0.725,0,0,yolo,111.0,yolo,0,0,-1,0.056,0,0,0
1785654544.799,7.532,-1.310,3.905,0.9911,0,9.719,-0.127,4.817,0.2875,21.276,-2.081,-0.330,1.000,-5.585,-14.000,6.3157,0.7186,0.116,2.181,0.742,2.288,2.200,-1.438,0.0038,-0.113,nan,0.00,1,1,1,1,1,0.0000,0.257,0,0.053,1,0.720,0,0,yolo,109.0,yolo,0,0,-1,0.045,0,0,0
1785654544.837,6.441,-1.267,3.423,0.9934,0,11.020,-0.129,5.585,0.2714,21.276,-2.081,-0.330,1.000,-5.585,-4.579,-2.0318,-0.0207,0.149,0.149,0.721,2.299,2.200,-1.396,0.0038,-0.091,nan,0.00,1,1,1,0,1,0.0000,0.257,0,0.053,1,0.720,0,0,yolo,109.0,yolo,0,0,-1,0.033,0,0,0
1785654544.868,6.441,-1.267,3.423,0.9934,0,10.961,-0.236,5.585,0.2714,21.276,-2.081,-0.330,1.000,-5.585,-4.520,-2.0318,-0.0207,0.149,0.149,0.721,2.299,2.200,-1.503,0.0038,-0.091,nan,0.00,1,1,1,0,1,0.0000,0.257,0,0.053,1,0.720,0,0,yolo,109.0,yolo,0,0,-1,0.022,0,0,0
1785654544.901,5.181,-1.220,2.818,0.9957,0,12.461,0.054,7.085,0.2881,21.482,-2.760,-0.372,1.000,-7.322,-14.000,9.7684,1.0657,0.175,2.905,0.700,2.309,2.090,-1.167,0.0038,-0.162,nan,0.00,1,1,1,1,1,0.0000,0.257,0,0.053,1,0.705,0,0,yolo,105.5,yolo,0,0,-1,0.011,0,-1,0
1785654544.932,3.804,-1.160,2.113,0.9976,0,10.961,0.020,7.322,0.2714,21.482,-2.760,-0.372,1.000,-7.322,-5.950,-2.7140,-0.0338,0.191,0.191,0.667,2.318,2.090,-1.140,0.0038,-0.119,nan,0.00,1,1,1,0,1,0.0000,0.257,0,0.053,1,0.705,0,0,yolo,105.5,yolo,0,0,-1,0.089,1,0,0
1785654544.963,3.804,-1.160,2.113,0.9976,0,9.882,-0.067,7.322,0.2706,21.482,-2.760,-0.372,1.000,-7.322,-6.078,-2.7140,-0.0338,0.191,0.191,0.667,2.318,2.090,-1.227,0.0039,-0.119,nan,0.00,1,1,1,0,1,0.0000,0.337,0,0.046,2,0.710,0,0,yolo,105.5,yolo,0,0,-1,0.113,1,0,0
1785654544.995,2.538,-1.114,1.294,0.9988,0,8.793,-0.062,7.322,0.2676,21.482,-2.760,-0.372,1.000,-7.322,-6.255,-2.7030,-0.0636,0.202,0.202,0.637,2.326,2.090,-1.176,0.0039,-0.076,nan,0.00,1,1,1,0,1,0.0000,0.337,0,0.046,2,0.710,0,0,yolo,105.5,yolo,0,0,-1,0.128,1,0,0
1785654545.032,1.624,-1.095,0.585,0.9994,0,10.293,0.187,8.456,0.2843,21.853,-3.249,-0.459,1.000,-8.456,-14.000,2.5957,0.3442,0.206,2.354,0.616,2.334,1.995,-0.908,0.0039,-0.133,nan,0.00,1,1,1,1,1,0.0000,0.333,0,0.042,2,0.676,0,0,yolo,113.0,yolo,0,0,-1,0.136,1,0,0
1785654545.072,0.448,-1.059,-0.264,0.9998,0,11.793,0.168,8.456,0.2695,21.853,-3.249,-0.459,1.000,-8.456,-11.885,-2.1501,-0.0189,0.204,0.204,0.597,2.341,1.995,-0.891,0.0039,-0.081,nan,0.00,1,1,1,0,1,0.0000,0.333,0,0.042,2,0.676,0,0,yolo,113.0,yolo,0,0,-1,0.139,1,0,0
1785654545.103,-0.837,-1.045,-1.114,0.9997,0,10.937,0.167,8.456,0.2667,21.853,-3.249,-0.459,1.000,-8.456,-11.774,-2.1620,-0.0363,0.192,0.192,0.580,2.347,1.995,-0.878,0.0039,-0.013,nan,0.00,1,1,1,0,1,0.0000,0.332,0,0.040,2,0.658,0,0,yolo,113.0,yolo,0,0,-1,0.138,1,0,0
1785654545.155,-2.093,-1.048,-1.960,0.9992,0,11.797,0.034,7.698,0.2834,21.737,-2.938,-0.586,1.000,-7.698,-13.891,-2.1563,0.5027,0.172,1.227,0.574,2.354,2.058,-1.014,0.0039,-0.080,nan,0.00,1,1,1,1,1,0.0000,0.332,0,0.040,2,0.658,3,0,yolo,112.1,yolo,0,0,-1,0.134,1,3,0
1785654545.195,-3.428,-1.081,-2.730,0.9980,0,10.572,0.107,7.698,0.2678,21.737,-2.938,-0.586,1.000,-7.698,-14.000,-1.0893,-0.0123,0.138,0.138,0.562,2.363,2.058,-0.975,0.0039,0.001,nan,0.00,1,1,1,0,1,0.0000,0.269,0,0.163,2,0.745,0,0,yolo,112.1,yolo,0,0,-1,0.109,1,0,0
1785654545.233,-3.428,-1.081,-2.730,0.9980,0,10.572,0.139,8.236,0.2845,22.168,-3.209,-0.748,1.000,-8.236,-14.000,6.2424,2.0000,0.138,1.949,0.562,2.363,2.014,-0.942,0.0039,-0.136,nan,0.00,1,1,1,1,1,0.0000,0.538,0,0.163,2,0.745,1,0,yolo,110.7,yolo,0,0,-1,0.376,1,0,0
1785654545.275,-4.528,-1.120,-3.451,0.9967,0,9.272,0.242,8.236,0.2704,22.168,-3.209,-0.748,1.000,-8.236,-13.800,-1.8506,-0.0034,0.098,0.098,0.559,2.372,2.014,-0.878,0.0039,-0.059,nan,0.00,1,1,1,0,1,0.0000,0.310,0,0.141,1,0.746,0,0,yolo,110.7,yolo,0,0,-1,0.414,1,0,0
1785654545.308,-5.611,-1.171,-4.340,0.9950,0,7.873,0.368,8.236,0.2683,22.168,-3.209,-0.748,1.000,-8.236,-13.485,-1.8978,-0.0064,0.051,0.051,0.556,2.382,2.014,-0.803,0.0039,0.022,nan,0.00,1,1,1,0,1,0.0000,0.394,0,0.118,1,0.713,0,0,yolo,110.7,yolo,0,0,-1,0.434,1,0,0
1785654545.340,-6.450,-1.216,-5.153,0.9934,0,7.550,0.434,8.041,0.2850,22.265,-3.145,-0.927,1.000,-8.041,-14.000,-0.7606,1.1800,0.003,1.126,0.552,2.393,2.030,-0.782,0.0039,-0.096,nan,0.00,1,1,1,1,1,0.0000,0.394,0,0.118,1,0.713,0,0,yolo,113.1,yolo,0,0,-1,0.470,1,0,0
1785654545.372,-7.252,-1.261,-5.909,0.9918,0,6.748,0.541,8.041,0.2706,22.265,-3.145,-0.927,1.000,-8.041,-14.000,-1.1754,-0.0119,-0.050,-0.050,0.541,2.405,2.030,-0.719,0.0039,-0.033,nan,0.00,1,1,1,0,1,0.0000,0.371,0,0.089,2,0.685,0,0,yolo,113.1,yolo,0,0,-1,0.430,1,0,0
1785654545.404,-7.252,-1.261,-5.909,0.9918,0,6.748,0.439,8.041,0.2706,22.265,-3.145,-0.927,1.000,-8.041,-14.000,-1.1754,-0.0119,-0.050,-0.050,0.541,2.405,2.030,-0.822,0.0039,-0.033,nan,0.00,1,1,1,0,1,0.0000,0.371,0,0.089,2,0.685,0,0,yolo,113.1,yolo,0,0,-1,0.392,1,0,0
1785654545.439,-7.943,-1.315,-6.646,0.9901,0,6.057,0.589,8.041,0.2689,22.265,-3.145,-0.927,1.000,-8.041,-14.000,-1.2291,-0.0187,-0.103,-0.103,0.534,2.418,2.030,-0.726,0.0039,0.027,nan,0.00,1,1,1,0,1,0.0000,0.371,0,0.089,2,0.685,3,0,yolo,113.1,yolo,0,0,-1,0.355,1,0,0
1785654545.469,-8.546,-1.361,-7.373,0.9886,0,5.425,0.605,7.481,0.2856,22.626,-2.971,-1.125,1.000,-7.481,-13.971,-1.6580,1.2092,-0.157,0.453,0.529,2.431,2.077,-0.756,0.0039,-0.134,nan,0.00,1,1,1,1,1,0.0000,0.263,0,0.063,1,0.656,0,0,yolo,117.4,yolo,0,0,-1,0.377,1,0,0
1785654545.495,-9.032,-1.400,-7.980,0.9873,0,4.968,0.706,7.481,0.2738,22.626,-2.971,-1.125,1.000,-7.481,-14.000,-0.6606,-0.0087,-0.207,-0.207,0.520,2.444,2.077,-0.694,0.0039,-0.092,nan,0.00,1,1,1,0,1,0.0000,0.263,0,0.063,1,0.656,0,0,yolo,117.4,yolo,0,0,-1,0.340,1,0,0
1785654545.526,-9.032,-1.400,-7.980,0.9873,0,4.968,0.590,7.481,0.2738,22.626,-2.971,-1.125,1.000,-7.481,-14.000,-0.6606,-0.0087,-0.207,-0.207,0.520,2.444,2.077,-0.810,0.0040,-0.092,nan,0.00,1,1,1,0,1,0.0000,0.246,0,0.036,1,0.622,0,0,yolo,117.4,yolo,0,0,-1,0.289,1,0,0
1785654545.557,-9.496,-1.435,-8.596,0.9860,0,4.504,0.733,7.481,0.2724,22.626,-2.971,-1.125,1.000,-7.481,-14.000,-0.7158,-0.0218,-0.262,-0.262,0.507,2.458,2.077,-0.703,0.0040,-0.053,nan,0.00,1,1,1,0,1,0.0000,0.246,0,0.036,1,0.622,0,0,yolo,117.4,yolo,0,0,-1,0.245,1,0,0
1785654545.594,-9.940,-1.476,-9.258,0.9847,0,3.004,0.688,6.532,0.2891,22.858,-2.617,-1.308,1.000,-6.532,-2.405,-2.8372,1.4558,-0.321,-0.208,0.498,2.474,2.156,-0.789,0.0040,-0.247,nan,0.00,1,1,1,1,0,0.0000,0.000,0,0.000,0,0.000,0,0,yolo,114.9,yolo,0,0,-1,0.209,1,0,0
1785654545.639,-10.243,-1.515,-9.875,0.9837,0,3.757,0.835,6.532,0.2784,22.858,-2.617,-1.308,1.000,-6.532,-14.000,-0.1773,-0.0145,-0.385,-0.385,0.484,2.492,2.156,-0.680,0.0040,-0.217,nan,0.00,1,1,1,0,0,0.0000,0.000,0,0.000,0,0.000,2,0,yolo,114.9,yolo,0,0,-1,0.197,0,0,0
1785654545.666,-10.660,-1.536,-10.483,0.9824,0,3.340,0.965,6.532,0.2769,22.858,-2.617,-1.308,1.000,-6.532,-14.000,-0.2479,-0.0374,-0.456,-0.456,0.461,2.511,2.156,-0.571,0.0040,-0.188,nan,0.00,1,1,1,0,0,0.0000,0.000,0,0.000,0,0.000,0,0,yolo,114.9,yolo,0,0,-1,0.185,0,0,0
1785654545.695,-10.660,-1.536,-10.483,0.9824,0,1.840,1.102,5.505,0.2935,23.609,-2.275,-1.494,1.000,-5.505,14.000,-6.3520,2.0000,-0.456,-0.208,0.461,2.511,2.036,-0.434,0.0041,-0.414,nan,0.00,1,1,1,1,0,0.0000,0.000,0,0.000,0,0.000,0,0,yolo,111.9,yolo,0,0,-1,0.174,0,0,0
1785654545.734,-10.992,-1.552,-11.081,0.9813,0,0.340,1.203,5.505,0.2844,23.609,-2.275,-1.494,1.000,-5.505,-11.091,-0.3137,-0.0187,-0.522,-0.522,0.442,2.530,2.057,-0.349,0.0041,-0.393,nan,0.00,1,1,1,0,0,0.0000,0.000,0,0.000,0,0.000,1,0,yolo,111.9,yolo,0,0,-1,0.162,0,1,0
1785654545.760,-11.184,-1.538,-11.651,0.9807,0,-0.807,1.318,5.505,0.2833,23.609,-2.275,-1.494,1.000,-5.505,-10.377,-0.3901,-0.0454,-0.598,-0.598,0.416,2.550,2.060,-0.219,0.0041,-0.390,nan,0.00,1,1,1,0,0,0.0000,0.000,0,0.000,0,0.000,0,0,yolo,111.9,yolo,0,0,-1,0.151,0,0,0
1785654545.795,-11.088,-1.497,-12.157,0.9810,0,-1.365,1.425,5.505,0.2824,23.609,-2.275,-1.494,1.000,-5.505,-9.722,-0.4597,-0.0788,-0.668,-0.668,0.382,2.570,2.039,-0.073,0.0042,-0.411,nan,0.00,1,1,1,0,0,0.0000,0.000,0,0.000,0,0.000,1,0,yolo,111.9,yolo,0,0,-1,0.139,0,0,0
1785654545.842,-10.962,-1.453,-12.674,0.9814,0,-2.865,2.029,4.327,0.2990,24.430,-1.849,-1.640,1.000,-4.327,6.288,-3.0120,1.3602,-0.731,-0.754,0.351,2.590,1.812,0.575,0.0043,-0.638,nan,0.00,1,1,1,1,0,0.0000,0.000,0,0.000,0,0.000,0,0,yolo,123.4,yolo,0,0,-1,0.127,0,-1,0
1785654545.870,-10.660,-1.318,-13.131,0.9825,0,-2.316,2.127,4.327,0.2929,24.430,-1.849,-1.640,1.000,-4.327,-8.343,-0.0440,-0.0403,-0.798,-0.798,0.311,2.608,1.743,0.809,0.0043,-0.707,nan,0.00,1,1,1,0,0,0.0000,0.000,0,0.000,0,0.000,0,0,yolo,123.4,yolo,0,0,-1,0.116,0,-1,0
1785654545.908,-10.660,-1.318,-13.131,0.9825,0,-2.370,1.933,4.327,0.2929,24.430,-1.849,-1.640,1.000,-4.327,-8.289,-0.0440,-0.0403,-0.798,-0.798,0.311,2.608,1.743,0.615,0.0044,-0.707,nan,0.00,1,1,1,0,0,0.0000,0.000,0,0.000,0,0.000,0,0,yolo,123.4,yolo,0,0,-1,0.104,0,-1,0
1785654545.940,-10.435,-1.165,-13.559,0.9833,0,-3.870,2.576,2.827,0.3096,23.948,-1.060,-1.689,1.000,-2.535,14.000,-5.6183,2.0000,-0.867,-1.040,0.258,2.627,1.468,1.410,0.0045,-0.982,nan,0.00,1,1,1,1,0,0.0000,0.000,0,0.000,0,0.000,2,0,yolo,123.0,yolo,0,0,-1,0.093,0,-1,0
1785654545.987,-10.029,-0.952,-13.886,0.9846,0,-5.370,2.654,2.535,0.3029,23.948,-1.060,-1.689,1.000,-2.535,-3.924,0.1079,-0.0586,-0.932,-0.932,0.200,2.642,1.369,1.702,0.0045,-1.081,nan,0.00,1,1,1,0,0,0.0000,0.000,0,0.000,0,0.000,1,0,yolo,123.0,yolo,0,0,-1,0.081,0,-1,0
1785654546.012,-9.619,-0.732,-14.190,0.9859,0,-6.288,2.717,2.535,0.3025,23.948,-1.060,-1.689,1.000,-2.535,-3.331,0.0453,-0.1279,-0.995,-0.995,0.130,2.656,1.268,1.985,0.0045,-1.182,nan,0.00,1,1,1,0,0,0.0000,0.000,0,0.000,0,0.000,0,0,yolo,123.0,yolo,0,0,-1,0.070,0,-1,0
1785654546.050,-9.001,-0.502,-14.449,0.9876,0,-7.788,2.656,1.580,0.3192,23.996,-0.662,-1.687,1.000,-1.580,14.000,-6.0023,2.0000,-1.052,-1.492,0.046,2.667,1.200,2.154,0.0045,-1.353,nan,0.00,1,1,1,1,0,0.0000,0.000,0,0.000,0,0.000,0,0,yolo,118.2,yolo,0,0,-1,0.058,0,-1,0
1785654546.096,-8.174,-0.253,-14.657,0.9898,0,-6.288,2.392,1.580,0.3112,23.996,-0.662,-1.687,1.000,-1.580,-2.116,0.3831,-0.1013,-1.109,-1.109,-0.056,2.677,1.200,2.139,0.0045,-1.470,nan,0.00,1,1,1,0,0,0.0000,0.000,0,0.000,0,0.000,2,0,yolo,118.2,yolo,0,0,-1,0.046,0,-1,0
1785654546.129,-8.174,-0.253,-14.657,0.9898,0,-6.114,2.258,1.580,0.3112,23.996,-0.662,-1.687,1.000,-1.580,-2.060,0.3831,-0.1013,-1.109,-1.109,-0.056,2.677,1.200,2.005,0.0045,-1.470,nan,0.00,1,1,1,0,1,0.0000,0.246,0,0.034,1,0.625,1,0,yolo,118.2,yolo,0,0,-1,0.035,0,-1,0
1785654546.175,-7.503,-0.005,-14.829,0.9914,0,-7.614,2.027,0.717,0.3279,24.625,-0.308,-1.663,1.000,-0.717,14.000,-2.7812,1.0210,-1.167,-1.455,-0.171,2.685,1.200,2.022,0.0045,-1.606,nan,0.00,1,1,1,1,1,0.0000,0.328,0,0.035,2,0.647,0,0,yolo,114.3,yolo,0,0,-1,0.023,0,-1,0
1785654546.215,-6.858,0.214,-15.011,0.9928,0,-8.053,1.805,0.717,0.3169,24.625,-0.308,-1.663,1.000,-0.717,1.195,0.2400,-0.1119,-1.215,-1.215,-0.283,2.692,1.200,2.019,0.0045,-1.706,nan,0.00,1,1,1,0,1,0.0000,0.328,0,0.035,2,0.647,0,0,yolo,114.3,yolo,0,0,-1,0.012,0,-1,0
1785654546.246,-5.944,0.439,-15.118,0.9946,0,-7.628,1.550,0.717,0.3134,24.625,-0.308,-1.663,1.000,-0.717,1.684,0.1888,-0.2460,-1.267,-1.267,-0.417,2.696,1.200,1.988,0.0045,-1.810,nan,0.00,1,1,1,0,1,0.0000,0.255,0,0.050,1,0.694,0,0,yolo,114.3,yolo,0,0,0,0.000,0,-1,0
1785654546.278,-5.146,0.595,-15.181,0.9959,0,-7.189,1.349,0.717,0.3095,24.625,-0.308,-1.663,1.000,-0.717,2.043,0.1464,-0.3725,-1.309,-1.309,-0.544,2.699,1.200,1.943,0.0045,-1.884,nan,0.00,1,1,1,0,1,0.0000,0.255,0,0.050,1,0.694,0,0,yolo,114.3,yolo,0,0,0,0.000,0,-1,0
1785654546.309,-5.146,0.595,-15.181,0.9959,0,-5.689,1.290,2.217,0.3001,4.000,-1.195,0.000,0.233,-16.636,-3.412,-0.0000,-0.5437,-1.309,-1.309,-0.544,2.699,1.200,1.884,0.0045,-1.828,nan,0.00,0,1,0,1,1,0.0000,0.172,0,0.056,2,0.713,0,1,blueline,,BLUELINE,0,0,0,0.000,0,-1,0
1785654546.341,-4.407,0.731,-15.263,0.9970,0,-4.189,1.140,3.717,0.2928,4.000,-1.195,0.000,0.233,-16.636,-3.192,-0.0359,-0.6612,-1.345,-1.345,-0.661,2.701,1.200,1.871,0.0045,-1.773,nan,0.00,0,1,0,0,1,0.0000,0.172,0,0.056,2,0.713,0,0,blueline,,BLUELINE,0,0,0,0.000,0,-1,0
1785654546.379,-3.986,0.835,-15.639,0.9975,0,-5.689,1.614,2.217,0.2863,nan,nan,nan,0.000,0.000,10.000,0.0000,-0.7658,-1.363,-1.363,-0.766,2.709,1.000,2.449,0.0045,-1.720,nan,0.00,0,0,0,0,1,0.0000,0.472,0,0.097,2,0.762,0,0,,,FLYING,0,0,0,0.000,0,-1,0
1785654546.403,-3.358,0.992,-15.938,0.9981,0,-7.189,1.495,0.717,0.2812,nan,nan,nan,0.000,0.000,10.000,0.0000,-0.8401,-1.383,-1.383,-0.840,2.716,1.000,2.487,0.0045,-1.668,nan,0.00,0,0,0,0,1,0.0000,0.472,0,0.097,2,0.762,0,0,,,FLYING,0,0,0,0.000,0,-1,0
1785654546.439,-3.358,0.992,-15.938,0.9981,0,-8.689,1.435,0.000,0.2797,nan,nan,nan,0.000,0.000,10.000,0.0000,-0.8401,-1.383,-1.383,-0.840,2.716,1.000,2.428,0.0045,-1.618,nan,0.00,0,0,0,0,1,0.0000,0.472,0,0.097,2,0.762,1,0,,,FLYING,0,0,0,0.000,0,-1,0
1785654546.466,-2.651,1.132,-15.993,0.9987,0,-10.189,1.258,0.000,0.2763,nan,nan,nan,0.000,0.000,10.000,0.0000,-0.8799,-1.409,-1.409,-0.880,2.716,1.000,2.390,0.0045,-1.569,nan,0.00,0,0,0,0,1,0.0000,0.477,0,0.102,2,0.801,0,0,,,FLYING,0,0,0,0.000,0,-1,0
1785654546.496,-1.529,1.267,-15.961,0.9994,0,-11.529,1.054,0.000,0.2739,nan,nan,nan,0.000,0.000,10.000,0.0000,-0.8973,-1.439,-1.439,-0.897,2.713,1.000,2.321,0.0045,-1.522,nan,0.00,0,0,0,0,1,0.0000,0.477,0,0.102,2,0.801,0,0,,,FLYING,0,0,0,0.000,0,-1,0
1785654546.526,-0.388,1.372,-15.960,0.9997,0,-10.029,0.400,1.500,0.2726,4.000,-0.508,0.000,0.233,-7.235,3.057,-0.0000,-0.8945,-1.458,-1.458,-0.895,2.710,1.200,1.772,0.0045,-1.477,nan,0.00,0,1,0,1,1,0.0000,0.494,0,0.119,2,0.824,0,0,blueline,,BLUELINE,0,0,0,0.000,0,0,0
1785654546.558,0.575,1.415,-16.074,0.9996,0,-8.529,0.346,3.000,0.2716,4.000,-0.508,0.000,0.233,-7.235,3.078,-0.0034,-0.8877,-1.461,-1.461,-0.888,2.710,1.200,1.760,0.0045,-1.432,nan,0.00,0,1,0,0,1,0.0000,0.494,0,0.119,2,0.824,0,0,blueline,,BLUELINE,0,0,0,0.000,0,0,0
1785654546.595,0.575,1.415,-16.074,0.9996,0,-9.425,0.850,1.500,0.2703,nan,nan,nan,0.000,0.000,10.000,0.0000,-0.8877,-1.461,-1.461,-0.888,2.710,1.000,2.264,0.0045,-1.389,nan,0.00,0,0,0,0,1,0.0000,0.288,0,0.106,1,0.845,0,0,,,FLYING,0,0,0,0.000,0,0,0
1785654546.636,1.430,1.462,-16.366,0.9994,0,-8.570,0.849,0.000,0.2695,nan,nan,nan,0.000,0.000,10.000,0.0000,-0.8803,-1.447,-1.447,-0.880,2.713,1.000,2.310,0.0045,-1.348,nan,0.00,0,0,0,0,1,0.0000,0.288,0,0.106,1,0.845,0,0,,,FLYING,0,0,0,0.000,0,0,0
1785654546.686,3.212,1.639,-16.357,0.9980,0,-7.070,0.047,1.500,0.2693,4.000,-0.665,0.000,0.233,-9.436,1.598,-0.0000,-0.8663,-1.427,-1.427,-0.866,2.704,1.200,1.686,0.0045,-1.307,nan,0.00,0,1,0,1,1,0.0000,0.184,0,0.085,2,0.783,0,0,blueline,,BLUELINE,0,0,0,0.000,0,0,0
1785654546.715,3.212,1.639,-16.357,0.9980,0,-5.570,0.069,3.000,0.2681,4.000,-0.665,0.000,0.233,-9.436,1.598,0.0000,-0.8663,-1.427,-1.427,-0.866,2.704,1.200,1.708,0.0045,-1.268,nan,0.00,0,1,0,0,1,0.0000,0.368,0,0.085,2,0.783,0,0,blueline,,BLUELINE,0,0,0,0.000,0,0,0
1785654546.747,3.759,1.661,-16.591,0.9974,0,-5.631,0.066,4.205,0.2674,4.000,-0.294,0.000,0.233,-4.205,9.391,-4.1888,-0.8606,-1.394,-1.394,-0.861,2.704,1.200,1.727,0.0045,-1.230,nan,0.00,0,1,0,1,1,0.0000,0.259,0,0.056,1,0.770,0,0,blueline,,BLUELINE,0,0,0,0.000,0,0,0
1785654546.798,4.334,1.705,-17.045,0.9967,0,-5.666,0.605,2.705,0.2667,nan,nan,nan,0.000,0.000,10.000,0.0000,-0.8545,-1.348,-1.348,-0.854,2.710,1.000,2.309,0.0045,-1.193,nan,0.00,0,0,0,0,1,0.0000,0.259,0,0.056,1,0.770,2,0,,,FLYING,0,0,0,0.000,0,2,0
1785654546.841,5.012,1.807,-17.331,0.9957,0,-4.988,0.498,1.205,0.2663,nan,nan,nan,0.000,0.000,10.000,0.0000,-0.8455,-1.299,-1.299,-0.846,2.710,1.000,2.305,0.0045,-1.157,nan,0.00,0,0,0,0,1,0.0000,0.262,0,0.062,1,0.795,0,0,,,FLYING,0,0,0,0.000,0,0,0
1785654546.878,5.576,1.868,-17.407,0.9947,0,-4.424,0.363,0.000,0.2659,nan,nan,nan,0.000,0.000,10.000,0.0000,-0.8364,-1.258,-1.258,-0.836,2.705,1.000,2.231,0.0045,-1.123,nan,0.00,0,0,0,0,1,0.0000,0.263,0,0.063,1,0.803,0,0,,,FLYING,0,0,0,0.000,0,0,0
1785654546.918,6.035,1.904,-17.403,0.9939,0,-3.727,0.254,0.000,0.2656,nan,nan,nan,0.000,0.000,9.761,0.0000,-0.8269,-1.220,-1.220,-0.827,2.699,1.000,2.158,0.0045,-1.089,nan,0.00,0,0,0,0,1,0.0000,0.263,0,0.063,1,0.803,0,0,,,FLYING,0,0,0,0.000,0,0,0
1785654546.949,6.035,1.904,-17.403,0.9939,0,-2.227,-0.219,1.500,0.2646,4.000,-0.176,0.000,0.233,-2.525,4.614,-0.0000,-0.8269,-1.220,-1.220,-0.827,2.699,1.200,1.685,0.0045,-1.056,nan,0.00,0,1,0,1,1,0.0000,0.266,0,0.069,1,0.820,0,0,blueline,,BLUELINE,0,0,0,0.000,0,0,0
1785654546.993,6.472,1.933,-17.384,0.9931,0,-2.921,0.171,0.000,0.2644,nan,nan,nan,0.000,0.000,9.394,0.0000,-0.8151,-1.174,-1.174,-0.815,2.692,1.000,2.104,0.0045,-1.025,nan,0.00,0,0,0,0,1,0.0000,0.266,0,0.069,1,0.820,2,0,,,FLYING,0,0,0,0.000,0,0,0
1785654547.028,6.713,1.924,-17.521,0.9926,0,-2.252,0.160,0.000,0.2641,nan,nan,nan,0.000,0.000,8.965,0.0000,-0.8029,-1.121,-1.121,-0.803,2.687,1.000,2.084,0.0045,-0.994,nan,0.00,0,0,0,0,1,0.0000,0.270,0,0.075,1,0.830,0,0,,,FLYING,0,0,0,0.000,0,0,0
1785654547.065,6.941,1.946,-17.619,0.9921,0,-1.644,0.124,0.000,0.2639,nan,nan,nan,0.000,0.000,8.585,0.0000,-0.7909,-1.073,-1.073,-0.791,2.683,1.000,2.071,0.0045,-0.964,nan,0.00,0,0,0,0,1,0.0000,0.271,0,0.077,1,0.846,0,0,,,FLYING,0,0,0,0.000,0,0,0
1785654547.105,7.194,1.974,-17.654,0.9915,0,-0.994,0.061,0.000,0.2639,nan,nan,nan,0.000,0.000,8.188,0.0000,-0.7757,-1.023,-1.023,-0.776,2.677,1.000,2.034,0.0045,-0.935,nan,0.00,0,0,0,0,1,0.0000,0.271,0,0.077,1,0.846,0,0,,,FLYING,0,0,0,0.000,0,0,0
1785654547.136,7.340,1.980,-17.623,0.9912,0,0.506,-0.490,1.500,0.2638,4.000,-0.223,0.000,0.233,-3.189,3.024,-0.0000,-0.7598,-0.976,-0.976,-0.760,2.670,1.200,1.489,0.0045,-0.907,nan,0.00,0,1,0,1,1,0.0000,0.273,0,0.079,1,0.848,0,0,blueline,,BLUELINE,0,0,0,0.000,0,0,0
1785654547.167,7.298,1.946,-17.744,0.9913,0,2.006,-0.459,3.000,0.2636,4.000,-0.223,0.000,0.233,-3.189,2.697,0.0532,-0.7451,-0.923,-0.923,-0.745,2.666,1.200,1.487,0.0045,-0.880,nan,0.00,0,1,0,0,1,0.0000,0.273,0,0.079,1,0.848,0,0,blueline,,BLUELINE,0,0,0,0.000,0,0,0
1785654547.199,7.298,1.946,-17.744,0.9913,0,2.630,-0.406,2.130,0.2628,4.000,-0.149,0.000,0.233,-2.130,4.668,-1.1097,-0.7451,-0.923,-0.923,-0.745,2.666,1.200,1.540,0.0045,-0.853,nan,0.00,0,1,0,1,1,0.0000,0.365,0,0.081,2,0.857,0,0,blueline,,BLUELINE,0,0,0,0.000,0,0,0
1785654547.230,7.102,1.938,-18.027,0.9918,0,4.094,-0.377,2.130,0.2626,4.000,-0.149,0.000,0.233,-2.130,3.007,0.0596,-0.7312,-0.863,-0.863,-0.731,2.665,1.200,1.560,0.0045,-0.828,nan,0.00,0,1,0,0,1,0.0000,0.365,0,0.081,2,0.857,0,0,blueline,,BLUELINE,0,0,0,0.000,0,0,0
1785654547.266,6.661,1.932,-18.275,0.9927,0,2.594,0.129,0.630,0.2623,nan,nan,nan,0.000,0.000,6.429,0.0000,-0.7160,-0.804,-0.804,-0.716,2.662,1.000,2.061,0.0045,-0.803,nan,0.00,0,0,0,0,1,0.0000,0.264,0,0.066,1,0.807,0,0,,,FLYING,0,0,0,0.000,0,0,0
1785654547.308,6.425,1.957,-18.320,0.9931,0,2.988,-0.428,0.600,0.2621,4.000,-0.042,0.000,0.233,-0.600,3.437,-0.0000,-0.7005,-0.758,-0.758,-0.701,2.658,1.200,1.528,0.0045,-0.779,nan,0.00,0,1,0,1,1,0.0000,0.275,0,0.084,1,0.849,0,0,blueline,,BLUELINE,0,0,0,0.000,0,0,0
1785654547.340,6.154,1.916,-18.340,0.9937,0,4.488,-0.415,1.904,0.2619,4.000,-0.133,0.000,0.233,-1.904,0.901,1.3649,-0.6861,-0.720,-0.720,-0.686,2.653,1.200,1.501,0.0045,-0.756,nan,0.00,0,1,0,1,1,0.0000,0.275,0,0.083,1,0.849,0,0,blueline,,BLUELINE,0,0,0,0.000,0,0,0
1785654547.372,5.725,1.890,-18.489,0.9945,0,3.488,-0.384,1.904,0.2617,4.000,-0.133,0.000,0.233,-1.904,2.237,0.0416,-0.6714,-0.678,-0.678,-0.671,2.651,1.200,1.506,0.0045,-0.733,nan,0.00,0,1,0,0,1,0.0000,0.275,0,0.083,1,0.849,0,0,blueline,,BLUELINE,0,0,0,0.000,0,0,0
1785654547.407,5.725,1.890,-18.489,0.9945,0,1.988,0.152,0.404,0.2611,nan,nan,nan,0.000,0.000,5.426,0.0000,-0.6714,-0.678,-0.678,-0.671,2.651,1.000,2.042,0.0045,-0.711,nan,0.00,0,0,0,0,1,0.0000,0.183,0,0.082,0,0.874,0,0,,,FLYING,0,0,0,0.000,0,0,0
1785654547.435,5.378,1.874,-18.710,0.9951,0,0.488,0.168,0.000,0.2610,nan,nan,nan,0.000,0.000,5.075,0.0000,-0.6548,-0.634,-0.634,-0.655,2.649,1.000,2.042,0.0045,-0.690,nan,0.00,0,0,0,0,1,0.0000,0.183,0,0.082,0,0.874,0,0,,,FLYING,0,0,0,0.000,0,0,0
1785654547.474,5.361,1.899,-18.719,0.9951,0,0.547,0.114,0.000,0.2612,nan,nan,nan,0.000,0.000,4.814,0.0000,-0.6369,-0.602,-0.602,-0.637,2.645,1.000,2.012,0.0045,-0.669,nan,0.00,0,0,0,0,1,0.0000,0.271,0,0.076,1,0.853,0,0,,,FLYING,0,0,0,0.000,0,0,0
1785654547.503,5.311,1.904,-18.669,0.9952,0,0.692,0.085,0.000,0.2612,nan,nan,nan,0.000,0.000,4.619,0.0000,-0.6220,-0.577,-0.577,-0.622,2.641,1.000,1.989,0.0045,-0.649,nan,0.00,0,0,0,0,1,0.0000,0.271,0,0.076,1,0.853,0,0,,,FLYING,0,0,0,0.000,0,0,0
1785654547.545,5.238,1.911,-18.671,0.9953,0,2.192,-0.434,1.500,0.2613,4.000,-0.146,0.000,0.233,-2.087,1.538,-0.0000,-0.6067,-0.550,-0.550,-0.607,2.637,1.200,1.476,0.0045,-0.629,nan,0.00,0,1,0,1,1,0.0000,0.271,0,0.077,1,0.865,0,0,blueline,,BLUELINE,0,0,0,0.000,0,0,0
1785654547.575,5.238,1.911,-18.671,0.9953,0,3.692,-0.400,2.087,0.2607,4.000,-0.146,0.000,0.233,-2.087,1.538,0.0000,-0.6067,-0.550,-0.550,-0.607,2.637,1.200,1.511,0.0045,-0.610,nan,0.00,0,1,0,0,1,0.0000,0.271,0,0.077,1,0.865,0,0,blueline,,BLUELINE,0,0,0,0.000,0,0,0
1785654547.610,5.001,1.874,-18.801,0.9957,0,2.192,0.127,0.587,0.2608,nan,nan,nan,0.000,0.000,4.128,0.0000,-0.5907,-0.516,-0.516,-0.591,2.635,1.000,2.002,0.0045,-0.592,nan,0.00,0,0,0,0,1,0.0000,0.266,0,0.068,1,0.862,0,0,,,FLYING,0,0,0,0.000,0,0,0
1785654547.655,4.774,1.901,-18.900,0.9960,0,0.894,0.094,0.000,0.2609,nan,nan,nan,0.000,0.000,3.880,0.0000,-0.5746,-0.485,-0.485,-0.575,2.632,1.000,1.995,0.0045,-0.574,nan,0.00,0,0,0,0,1,0.0000,0.266,0,0.068,1,0.862,0,0,,,FLYING,0,0,0,0.000,0,0,0
1785654547.686,4.694,1.909,-18.881,0.9961,0,2.394,-0.434,1.500,0.2611,4.000,-0.198,0.000,0.233,-2.833,0.659,-0.0000,-0.5589,-0.461,-0.461,-0.559,2.629,1.200,1.474,0.0045,-0.557,nan,0.00,0,1,0,1,1,0.0000,0.265,0,0.066,1,0.861,0,0,blueline,,BLUELINE,0,0,0,0.000,0,0,0
1785654547.718,4.417,1.865,-18.998,0.9965,0,3.894,-0.394,2.833,0.2612,4.000,-0.198,0.000,0.233,-2.833,0.479,0.0291,-0.5434,-0.432,-0.432,-0.543,2.626,1.200,1.471,0.0045,-0.540,nan,0.00,0,1,0,0,1,0.0000,0.265,0,0.066,1,0.861,0,0,blueline,,BLUELINE,0,0,0,0.000,0,0,0
1785654547.750,4.417,1.865,-18.998,0.9965,0,3.483,-0.365,2.600,0.2607,4.000,-0.182,0.000,0.233,-2.600,0.934,-0.2444,-0.5434,-0.432,-0.432,-0.543,2.626,1.200,1.500,0.0045,-0.524,nan,0.00,0,1,0,1,1,0.0000,0.267,0,0.071,1,0.872,0,0,blueline,,BLUELINE,0,0,0,0.000,0,0,0
1785654547.780,3.963,1.847,-19.319,0.9971,0,3.538,-0.335,2.600,0.2608,4.000,-0.182,0.000,0.233,-2.600,0.425,0.0363,-0.5278,-0.396,-0.396,-0.528,2.626,1.200,1.511,0.0045,-0.508,nan,0.00,0,1,0,0,1,0.0000,0.267,0,0.071,1,0.872,0,0,blueline,,BLUELINE,0,0,0,0.000,0,0,0
1785654547.816,3.545,1.828,-19.617,0.9976,0,2.038,0.189,1.100,0.2609,nan,nan,nan,0.000,0.000,2.911,0.0000,-0.5111,-0.364,-0.364,-0.511,2.625,1.000,2.018,0.0045,-0.493,nan,0.00,0,0,0,0,1,0.0000,0.266,0,0.068,1,0.878,0,0,,,FLYING,0,0,0,0.000,0,0,0
1785654547.843,3.545,1.828,-19.617,0.9976,0,0.633,0.203,0.000,0.2605,nan,nan,nan,0.000,0.000,2.911,0.0000,-0.5111,-0.364,-0.364,-0.511,2.625,1.000,2.031,0.0045,-0.478,nan,0.00,0,0,0,0,1,0.0000,0.266,0,0.068,1,0.878,0,0,,,FLYING,0,0,0,0.000,0,0,0
1785654547.879,3.505,1.856,-19.620,0.9976,0,0.707,0.158,0.000,0.2607,nan,nan,nan,0.000,0.000,2.798,0.0000,-0.4958,-0.350,-0.350,-0.496,2.623,1.000,2.014,0.0045,-0.464,nan,0.00,0,0,0,0,1,0.0000,0.266,0,0.068,1,0.878,3,0,,,FLYING,0,0,0,0.000,0,0,0
1785654547.907,3.415,1.867,-19.564,0.9977,0,0.703,0.129,0.000,0.2610,nan,nan,nan,0.000,0.000,2.713,0.0000,-0.4808,-0.339,-0.339,-0.481,2.621,1.000,1.996,0.0045,-0.450,nan,0.00,0,0,0,0,1,0.0000,0.265,0,0.066,1,0.895,0,0,,,FLYING,0,0,0,0.000,0,0,0
1785654547.943,3.332,1.881,-19.579,0.9978,0,0.720,0.109,0.000,0.2612,nan,nan,nan,0.000,0.000,2.612,0.0000,-0.4665,-0.326,-0.326,-0.467,2.619,1.000,1.990,0.0045,-0.437,nan,0.00,0,0,0,0,1,0.0000,0.265,0,0.066,1,0.895,1,0,,,FLYING,0,0,0,0.000,0,1,0
1785654547.970,3.332,1.881,-19.579,0.9978,0,0.720,0.126,0.000,0.2608,nan,nan,nan,0.000,0.000,2.612,0.0000,-0.4665,-0.326,-0.326,-0.467,2.619,1.000,2.007,0.0045,-0.424,nan,0.00,0,0,0,0,1,0.0000,0.265,0,0.066,1,0.880,0,0,,,FLYING,0,0,0,0.000,0,0,0
1785654548.000,3.249,1.894,-19.585,0.9978,0,0.729,0.102,0.000,0.2610,nan,nan,nan,0.000,0.000,2.520,0.0000,-0.4524,-0.315,-0.315,-0.452,2.617,1.000,1.996,0.0045,-0.411,nan,0.00,0,0,0,0,1,0.0000,0.265,0,0.066,1,0.880,0,0,,,FLYING,0,0,0,0.000,0,0,0
1785654548.032,3.249,1.894,-19.585,0.9978,0,2.229,-0.384,1.500,0.2607,4.000,-0.361,0.000,0.233,-5.156,-1.436,-0.0000,-0.4524,-0.315,-0.315,-0.452,2.617,1.200,1.510,0.0045,-0.399,nan,0.00,0,1,0,1,1,0.0000,0.264,0,0.065,1,0.905,0,0,blueline,,BLUELINE,0,0,0,0.000,0,0,0
1785654548.063,3.158,1.905,-19.579,0.9979,0,3.729,-0.410,3.000,0.2609,4.000,-0.361,0.000,0.233,-5.156,-1.505,0.0111,-0.4375,-0.304,-0.304,-0.437,2.615,1.200,1.494,0.0045,-0.387,nan,0.00,0,1,0,0,1,0.0000,0.264,0,0.065,1,0.905,0,0,blueline,,BLUELINE,0,0,0,0.000,0,0,0
1785654548.100,2.727,1.867,-19.838,0.9983,0,2.229,0.137,1.500,0.2611,nan,nan,nan,0.000,0.000,2.269,0.0000,-0.4248,-0.284,-0.284,-0.425,2.615,1.000,2.004,0.0045,-0.375,nan,0.00,0,0,0,0,1,0.0000,0.259,0,0.057,1,0.885,0,0,,,FLYING,0,0,0,0.000,0,0,0
1785654548.142,2.516,1.895,-20.064,0.9985,0,3.729,-0.380,3.000,0.2612,4.000,-0.331,0.000,0.233,-4.729,-1.418,-0.0000,-0.4137,-0.268,-0.268,-0.414,2.615,1.200,1.515,0.0045,-0.364,nan,0.00,0,1,0,1,1,0.0000,0.173,0,0.058,0,0.878,0,0,blueline,,BLUELINE,0,0,0,0.000,0,0,0
1785654548.173,2.084,1.856,-20.304,0.9988,0,4.208,-0.334,4.500,0.2613,4.000,-0.356,0.000,0.233,-5.082,-2.124,0.3693,-0.4014,-0.255,-0.255,-0.401,2.615,1.200,1.522,0.0045,-0.353,nan,0.00,0,1,0,1,1,0.0000,0.260,0,0.058,1,0.887,0,0,blueline,,BLUELINE,0,0,0,0.000,0,0,0
1785654548.206,2.084,1.856,-20.304,0.9988,0,3.777,-0.329,5.082,0.2610,4.000,-0.356,0.000,0.233,-5.082,-1.693,0.0000,-0.4014,-0.255,-0.255,-0.401,2.615,1.200,1.527,0.0045,-0.342,nan,0.00,0,1,0,0,1,0.0000,0.260,0,0.058,1,0.887,0,0,blueline,,BLUELINE,0,0,0,0.000,0,0,0
1785654548.241,1.633,1.836,-20.739,0.9991,0,2.277,0.212,3.582,0.2611,nan,nan,nan,0.000,0.000,1.891,0.0000,-0.3903,-0.236,-0.236,-0.390,2.616,1.000,2.048,0.0045,-0.332,nan,0.00,0,0,0,0,1,0.0000,0.260,0,0.058,1,0.887,1,0,,,FLYING,0,0,0,0.000,0,0,0
1785654548.272,1.391,1.878,-21.143,0.9992,0,0.777,0.187,2.082,0.2613,nan,nan,nan,0.000,0.000,1.785,0.0000,-0.3786,-0.223,-0.223,-0.379,2.618,1.000,2.064,0.0045,-0.322,nan,0.00,0,0,0,0,1,0.0000,0.259,0,0.057,1,0.898,1,0,,,FLYING,0,0,0,0.000,0,1,0
1785654548.313,1.308,1.899,-21.321,0.9992,0,2.277,-0.334,3.582,0.2615,4.000,-0.370,0.000,0.233,-5.281,-1.979,-0.0000,-0.3681,-0.221,-0.221,-0.368,2.618,1.200,1.566,0.0045,-0.312,nan,0.00,0,1,0,1,1,0.0000,0.260,0,0.059,1,0.904,0,0,blueline,,BLUELINE,0,0,0,0.000,0,0,0
1785654548.350,1.063,1.868,-21.577,0.9993,0,0.777,0.206,2.082,0.2616,nan,nan,nan,0.000,0.000,1.727,0.0000,-0.3588,-0.216,-0.216,-0.359,2.619,1.000,2.074,0.0045,-0.303,nan,0.00,0,0,0,0,1,0.0000,0.260,0,0.059,1,0.898,0,0,,,FLYING,0,0,0,0.000,0,0,0
1785654548.392,0.980,1.897,-21.832,0.9993,0,-0.718,0.188,0.582,0.2618,nan,nan,nan,0.000,0.000,1.697,0.0000,-0.3496,-0.212,-0.212,-0.350,2.621,1.000,2.085,0.0045,-0.294,nan,0.00,0,0,0,0,1,0.0000,0.260,0,0.059,1,0.898,0,0,,,FLYING,0,0,0,0.000,0,0,0
1785654548.423,1.058,1.916,-21.871,0.9993,0,0.782,-0.331,2.082,0.2619,4.000,-0.450,0.000,0.233,-6.424,-2.662,-0.0000,-0.3403,-0.219,-0.219,-0.340,2.622,1.200,1.585,0.0045,-0.285,nan,0.00,0,1,0,1,1,0.0000,0.172,0,0.054,0,0.905,0,0,blueline,,BLUELINE,0,0,0,0.000,0,0,0
1785654548.455,1.058,1.916,-21.871,0.9993,0,-0.718,-0.341,3.582,0.2617,4.000,-0.256,0.000,0.233,-3.655,2.343,-2.8993,-0.3403,-0.219,-0.219,-0.340,2.622,1.200,1.575,0.0045,-0.277,nan,0.00,0,1,0,1,1,0.0000,0.339,0,0.049,2,0.898,0,0,blueline,,BLUELINE,0,0,0,0.000,0,0,0
1785654548.495,0.960,1.882,-21.987,0.9993,0,0.096,-0.297,2.607,0.2618,4.000,-0.182,0.000,0.233,-2.607,0.864,-1.0973,-0.3321,-0.221,-0.221,-0.332,2.623,1.200,1.585,0.0045,-0.268,nan,0.00,0,1,0,1,1,0.0000,0.338,0,0.047,2,0.900,0,0,blueline,,BLUELINE,0,0,0,0.000,0,0,0
1785654548.534,0.940,1.858,-22.280,0.9993,0,1.388,-0.248,2.607,0.2619,4.000,-0.182,0.000,0.233,-2.607,-0.447,0.0050,-0.3237,-0.216,-0.216,-0.324,2.625,1.200,1.610,0.0045,-0.260,nan,0.00,0,1,0,0,1,0.0000,0.338,0,0.047,2,0.900,0,0,blueline,,BLUELINE,0,0,0,0.000,0,0,0
1785654548.566,0.759,1.836,-22.551,0.9994,0,2.888,-0.202,3.724,0.2620,4.000,-0.260,0.000,0.233,-3.724,-3.837,2.3383,-0.3153,-0.213,-0.213,-0.315,2.628,1.200,1.635,0.0045,-0.252,nan,0.00,0,1,0,1,1,0.0000,0.253,0,0.046,1,0.901,0,0,blueline,,BLUELINE,0,0,0,0.000,0,0,0
1785654548.595,0.447,1.819,-22.864,0.9995,0,1.580,-0.160,3.724,0.2621,4.000,-0.260,0.000,0.233,-3.724,-1.133,0.0039,-0.3078,-0.209,-0.209,-0.308,2.631,1.200,1.659,0.0045,-0.245,nan,0.00,0,1,0,0,1,0.0000,0.253,0,0.046,1,0.901,0,0,blueline,,BLUELINE,0,0,0,0.000,0,0,0
1785654548.633,0.447,1.819,-22.864,0.9995,0,0.080,0.316,2.224,0.2619,nan,nan,nan,0.000,0.000,1.670,0.0000,-0.3078,-0.209,-0.209,-0.308,2.631,1.000,2.135,0.0045,-0.237,nan,0.00,0,0,0,0,1,0.0000,0.251,0,0.044,1,0.897,0,0,,,FLYING,0,0,0,0.000,0,0,0
1785654548.674,0.288,1.806,-23.232,0.9995,0,-1.347,0.364,0.724,0.2620,nan,nan,nan,0.000,0.000,1.635,0.0000,-0.3006,-0.204,-0.204,-0.301,2.635,1.000,2.170,0.0045,-0.230,nan,0.00,0,0,0,0,1,0.0000,0.251,0,0.044,1,0.897,0,0,,,FLYING,0,0,0,0.000,0,0,0
1785654548.705,0.282,1.843,-23.457,0.9995,0,0.153,-0.149,2.224,0.2621,4.000,-0.354,0.000,0.233,-5.063,-1.919,-0.0000,-0.2933,-0.207,-0.207,-0.293,2.639,1.200,1.694,0.0045,-0.223,nan,0.00,0,1,0,1,1,0.0000,0.254,0,0.048,1,0.906,0,0,blueline,,BLUELINE,0,0,0,0.000,0,0,0
1785654548.735,0.251,1.823,-23.629,0.9995,0,1.653,-0.108,3.724,0.2623,4.000,-0.354,0.000,0.233,-5.063,-1.882,-0.0059,-0.2862,-0.213,-0.213,-0.286,2.643,1.200,1.715,0.0045,-0.217,nan,0.00,0,1,0,0,1,0.0000,0.254,0,0.048,1,0.906,0,0,blueline,,BLUELINE,0,0,0,0.000,0,0,0
1785654548.767,0.049,1.812,-23.977,0.9995,0,1.940,-0.066,5.063,0.2624,4.000,-0.354,0.000,0.233,-5.063,-1.891,-0.0045,-0.2794,-0.212,-0.212,-0.279,2.648,1.200,1.746,0.0045,-0.210,nan,0.00,0,1,0,0,1,0.0000,0.254,0,0.048,1,0.906,0,0,blueline,,BLUELINE,0,0,0,0.000,0,0,0
1785654548.805,0.049,1.812,-23.977,0.9995,0,0.440,0.396,3.563,0.2622,nan,nan,nan,0.000,0.000,1.696,0.0000,-0.2794,-0.212,-0.212,-0.279,2.648,1.000,2.208,0.0045,-0.204,nan,0.00,0,0,0,0,1,0.0000,0.336,0,0.046,2,0.902,0,0,,,FLYING,0,0,0,0.000,0,0,0
1785654548.839,-0.159,1.805,-24.453,0.9995,0,-1.060,0.446,2.063,0.2623,nan,nan,nan,0.000,0.000,1.639,0.0000,-0.2733,-0.205,-0.205,-0.273,2.653,1.000,2.252,0.0045,-0.198,nan,0.00,0,0,0,0,1,0.0000,0.250,0,0.042,1,0.900,0,0,,,FLYING,0,0,0,0.000,0,0,0
1785654548.881,0.019,1.870,-24.668,0.9995,0,-1.697,0.420,0.563,0.2624,nan,nan,nan,0.000,0.000,1.716,0.0000,-0.2653,-0.215,-0.215,-0.265,2.658,1.000,2.290,0.0045,-0.192,nan,0.00,0,0,0,0,0,0.0000,0.000,0,0.000,0,0.000,0,0,,,FLYING,0,0,0,0.000,0,0,0
1785654548.915,0.019,1.870,-24.668,0.9995,0,-1.697,0.377,0.000,0.2623,nan,nan,nan,0.000,0.000,1.716,0.0000,-0.2653,-0.215,-0.215,-0.265,2.658,1.000,2.247,0.0045,-0.186,nan,0.00,0,0,0,0,0,0.0000,0.000,0,0.000,0,0.000,0,0,,,FLYING,0,0,0,0.000,0,0,0
1785654548.945,0.214,1.918,-24.677,0.9994,0,-1.624,0.356,0.000,0.2624,nan,nan,nan,0.000,0.000,1.838,0.0000,-0.2586,-0.230,-0.230,-0.259,2.663,1.000,2.274,0.0045,-0.181,nan,0.00,0,0,0,0,0,0.0000,0.000,0,0.000,0,0.000,1,0,,,FLYING,0,0,0,0.000,0,1,0
1785654548.986,0.384,1.956,-24.678,0.9994,0,-1.556,0.335,0.000,0.2625,nan,nan,nan,0.000,0.000,1.940,0.0000,-0.2527,-0.242,-0.242,-0.253,2.667,1.000,2.291,0.0045,-0.175,nan,0.00,0,0,0,0,1,0.0000,0.248,0,0.039,1,0.901,0,0,,,FLYING,0,0,0,0.000,0,0,0
1785654549.025,0.540,1.990,-24.676,0.9994,0,-1.484,0.311,0.000,0.2626,nan,nan,nan,0.000,0.000,2.024,0.0000,-0.2473,-0.253,-0.253,-0.247,2.670,1.000,2.302,0.0045,-0.170,nan,0.00,0,0,0,0,1,0.0000,0.248,0,0.039,1,0.901,3,0,,,FLYING,0,0,0,0.000,0,0,0
1785654549.063,0.688,2.022,-24.676,0.9993,0,-1.407,0.288,0.000,0.2627,nan,nan,nan,0.000,0.000,2.095,0.0000,-0.2421,-0.262,-0.262,-0.242,2.674,1.000,2.310,0.0045,-0.165,nan,0.00,0,0,0,0,1,0.0000,0.248,0,0.039,1,0.905,0,0,,,FLYING,0,0,0,0.000,0,0,0
1785654549.099,0.836,2.053,-24.676,0.9993,0,-1.322,0.268,0.000,0.2628,nan,nan,nan,0.000,0.000,2.158,0.0000,-0.2369,-0.270,-0.270,-0.237,2.677,1.000,2.321,0.0045,-0.160,nan,0.00,0,0,0,0,1,0.0000,0.251,0,0.044,1,0.913,0,0,,,FLYING,0,0,0,0.000,0,0,0
1785654549.142,0.959,2.079,-24.675,0.9992,0,-1.249,0.246,0.000,0.2629,nan,nan,nan,0.000,0.000,2.208,0.0000,-0.2325,-0.276,-0.276,-0.232,2.681,1.000,2.325,0.0045,-0.155,nan,0.00,0,0,0,0,1,0.0000,0.251,0,0.044,1,0.913,0,0,,,FLYING,0,0,0,0.000,0,0,0
1785654549.179,1.068,2.100,-24.675,0.9992,0,-1.182,0.226,0.000,0.2629,nan,nan,nan,0.000,0.000,2.250,0.0000,-0.2286,-0.281,-0.281,-0.229,2.683,1.000,2.326,0.0045,-0.150,nan,0.00,0,0,0,0,0,0.0000,0.000,0,0.000,0,0.000,1,0,,,FLYING,0,0,0,0.000,0,1,0
1785654549.224,1.179,2.122,-24.674,0.9991,0,-1.110,0.211,0.000,0.2630,nan,nan,nan,0.000,0.000,2.289,0.0000,-0.2245,-0.286,-0.286,-0.225,2.687,1.000,2.333,0.0045,-0.146,nan,0.00,0,0,0,0,0,0.0000,0.000,0,0.000,0,0.000,0,0,,,FLYING,0,0,0,0.000,0,0,0
1785654549.251,1.294,2.144,-24.674,0.9990,0,-1.033,0.199,0.000,0.2631,nan,nan,nan,0.000,0.000,2.327,0.0000,-0.2203,-0.291,-0.291,-0.220,2.690,1.000,2.343,0.0045,-0.141,nan,0.00,0,0,0,0,0,0.0000,0.000,0,0.000,0,0.000,0,0,,,FLYING,0,0,0,0.000,0,0,0
1785654549.288,1.294,2.144,-24.674,0.9990,0,-1.033,0.163,0.000,0.2629,nan,nan,nan,0.000,0.000,2.327,0.0000,-0.2203,-0.291,-0.291,-0.220,2.690,1.000,2.308,0.0045,-0.137,nan,0.00,0,0,0,0,0,0.0000,0.000,0,0.000,0,0.000,0,0,,,FLYING,0,0,0,0.000,0,0,0
1785654549.319,1.408,2.167,-24.673,0.9990,0,-0.952,0.164,0.000,0.2630,nan,nan,nan,0.000,0.000,2.360,0.0000,-0.2160,-0.295,-0.295,-0.216,2.694,1.000,2.331,0.0045,-0.133,nan,0.00,0,0,0,0,0,0.0000,0.000,0,0.000,0,0.000,1,0,,,FLYING,0,0,0,0.000,0,1,0
1785654549.345,1.507,2.184,-24.673,0.9989,0,-0.879,0.163,0.000,0.2631,nan,nan,nan,0.000,0.000,2.386,0.0000,-0.2121,-0.298,-0.298,-0.212,2.697,1.000,2.347,0.0045,-0.129,nan,0.00,0,0,0,0,0,0.0000,0.000,0,0.000,0,0.000,0,0,,,FLYING,0,0,0,0.000,0,0,0
1785654549.378,1.507,2.184,-24.673,0.9989,0,-0.879,0.132,0.000,0.2630,nan,nan,nan,0.000,0.000,2.386,0.0000,-0.2121,-0.298,-0.298,-0.212,2.697,1.000,2.315,0.0045,-0.125,nan,0.00,0,0,0,0,0,0.0000,0.000,0,0.000,0,0.000,0,0,,,FLYING,0,0,0,0.000,0,0,0
1785654549.415,1.602,2.202,-24.672,0.9989,0,-0.806,0.138,0.000,0.2631,nan,nan,nan,0.000,0.000,2.408,0.0000,-0.2082,-0.301,-0.301,-0.208,2.700,1.000,2.340,0.0045,-0.121,nan,0.00,0,0,0,0,0,0.0000,0.000,0,0.000,0,0.000,0,0,,,FLYING,0,0,0,0.000,0,0,0
1785654549.441,1.699,2.218,-24.672,0.9988,0,-0.729,0.147,0.000,0.2632,nan,nan,nan,0.000,0.000,2.427,0.0000,-0.2039,-0.303,-0.303,-0.204,2.704,1.000,2.366,0.0045,-0.118,nan,0.00,0,0,0,0,0,0.0000,0.000,0,0.000,0,0.000,0,0,,,FLYING,0,0,0,0.000,0,0,0
1785654549.477,1.776,2.234,-24.671,0.9988,0,-0.665,0.146,0.000,0.2632,nan,nan,nan,0.000,0.000,2.441,0.0000,-0.2003,-0.305,-0.305,-0.200,2.708,1.000,2.381,0.0045,-0.114,nan,0.00,0,0,0,0,0,0.0000,0.000,0,0.000,0,0.000,0,0,,,FLYING,0,0,0,0.000,0,0,0
1785654549.524,1.849,2.251,-24.671,0.9987,0,-0.602,0.146,0.000,0.2633,nan,nan,nan,0.000,0.000,2.452,0.0000,-0.1966,-0.306,-0.306,-0.197,2.712,1.000,2.396,0.0045,-0.111,nan,0.00,0,0,0,0,0,0.0000,0.000,0,0.000,0,0.000,0,0,,,FLYING,0,0,0,0.000,0,0,0
1785654549.572,1.918,2.267,-24.670,0.9987,0,-0.542,0.145,0.000,0.2634,nan,nan,nan,0.000,0.000,2.460,0.0000,-0.1930,-0.307,-0.307,-0.193,2.715,1.000,2.412,0.0045,-0.108,nan,0.00,0,0,0,0,0,0.0000,0.000,0,0.000,0,0.000,0,0,,,FLYING,0,0,0,0.000,0,0,0
1785654549.601,1.918,2.267,-24.670,0.9987,0,-0.542,0.108,0.000,0.2633,nan,nan,nan,0.000,0.000,2.460,0.0000,-0.1930,-0.307,-0.307,-0.193,2.715,1.000,2.375,0.0045,-0.104,nan,0.00,0,0,0,0,0,0.0000,0.000,0,0.000,0,0.000,0,0,,,FLYING,0,0,0,0.000,0,0,0
1785654549.632,1.974,2.282,-24.670,0.9986,0,-0.492,0.113,0.000,0.2633,nan,nan,nan,0.000,0.000,2.466,0.0000,-0.1899,-0.308,-0.308,-0.190,2.719,1.000,2.395,0.0045,-0.101,nan,0.00,0,0,0,0,0,0.0000,0.000,0,0.000,0,0.000,1,0,,,FLYING,0,0,0,0.000,0,1,0
1785654549.664,2.030,2.295,-24.669,0.9986,0,-0.440,0.123,0.000,0.2634,nan,nan,nan,0.000,0.000,2.470,0.0000,-0.1866,-0.309,-0.309,-0.187,2.723,1.000,2.418,0.0045,-0.098,nan,0.00,0,0,0,0,0,0.0000,0.000,0,0.000,0,0.000,2,0,,,FLYING,0,0,0,0.000,0,2,0
1785654549.706,2.080,2.309,-24.669,0.9985,0,-0.394,0.128,0.000,0.2635,nan,nan,nan,0.000,0.000,2.474,0.0000,-0.1835,-0.309,-0.309,-0.184,2.727,1.000,2.437,0.0045,-0.095,nan,0.00,0,0,0,0,0,0.0000,0.000,0,0.000,0,0.000,0,0,,,FLYING,0,0,0,0.000,0,0,0
1785654549.742,2.080,2.309,-24.669,0.9985,0,-0.394,0.092,0.000,0.2634,nan,nan,nan,0.000,0.000,2.474,0.0000,-0.1835,-0.309,-0.309,-0.184,2.727,1.000,2.401,0.0045,-0.092,nan,0.00,0,0,0,0,0,0.0000,0.000,0,0.000,0,0.000,1,0,,,FLYING,0,0,0,0.000,0,1,0
1785654549.788,2.124,2.323,-24.668,0.9985,0,-0.352,0.105,0.000,0.2634,nan,nan,nan,0.000,0.000,2.476,0.0000,-0.1807,-0.309,-0.309,-0.181,2.731,1.000,2.427,0.0045,-0.090,nan,0.00,0,0,0,0,0,0.0000,0.000,0,0.000,0,0.000,0,0,,,FLYING,0,0,0,0.000,0,0,0
1785654549.815,2.169,2.333,-24.668,0.9985,0,-0.308,0.118,0.000,0.2635,nan,nan,nan,0.000,0.000,2.477,0.0000,-0.1778,-0.310,-0.310,-0.178,2.735,1.000,2.451,0.0045,-0.087,nan,0.00,0,0,0,0,0,0.0000,0.000,0,0.000,0,0.000,0,0,,,FLYING,0,0,0,0.000,0,0,0
1785654549.851,2.202,2.345,-24.667,0.9984,0,-0.276,0.123,0.000,0.2636,nan,nan,nan,0.000,0.000,2.478,0.0000,-0.1752,-0.310,-0.310,-0.175,2.739,1.000,2.469,0.0045,-0.084,nan,0.00,0,0,0,0,0,0.0000,0.000,0,0.000,0,0.000,0,0,,,FLYING,0,0,0,0.000,0,0,0
1785654549.882,2.230,2.358,-24.667,0.9984,0,-0.248,0.124,0.000,0.2636,nan,nan,nan,0.000,0.000,2.478,0.0000,-0.1728,-0.310,-0.310,-0.173,2.742,1.000,2.482,0.0045,-0.082,nan,0.00,0,0,0,0,0,0.0000,0.000,0,0.000,0,0.000,2,0,,,FLYING,0,0,0,0.000,0,2,0
1785654549.910,2.230,2.358,-24.667,0.9984,0,-0.248,0.087,0.000,0.2635,nan,nan,nan,0.000,0.000,2.478,0.0000,-0.1728,-0.310,-0.310,-0.173,2.742,1.000,2.444,0.0045,-0.079,nan,0.00,0,0,0,0,0,0.0000,0.000,0,0.000,0,0.000,0,0,,,FLYING,0,0,0,0.000,0,0,0
1785654549.946,2.258,2.371,-24.666,0.9984,0,-0.221,0.102,0.000,0.2636,nan,nan,nan,0.000,0.000,2.479,0.0000,-0.1704,-0.310,-0.310,-0.170,2.746,1.000,2.473,0.0045,-0.077,nan,0.00,0,0,0,0,0,0.0000,0.000,0,0.000,0,0.000,0,0,,,FLYING,0,0,0,0.000,0,0,0
1785654549.993,2.283,2.381,-24.666,0.9983,0,-0.197,0.114,0.000,0.2636,nan,nan,nan,0.000,0.000,2.480,0.0000,-0.1681,-0.310,-0.310,-0.168,2.751,1.000,2.496,0.0045,-0.075,nan,0.00,0,0,0,0,0,0.0000,0.000,0,0.000,0,0.000,1,0,,,FLYING,0,0,0,0.000,0,0,0
1785654550.020,2.305,2.392,-24.666,0.9983,0,-0.176,0.120,0.000,0.2636,nan,nan,nan,0.000,0.000,2.481,0.0000,-0.1661,-0.310,-0.310,-0.166,2.754,1.000,2.512,0.0045,-0.072,nan,0.00,0,0,0,0,0,0.0000,0.000,0,0.000,0,0.000,0,0,,,FLYING,0,0,0,0.000,0,0,0
1785654550.058,2.328,2.402,-24.665,0.9983,0,-0.155,0.125,0.000,0.2637,nan,nan,nan,0.000,0.000,2.483,0.0000,-0.1641,-0.310,-0.310,-0.164,2.758,1.000,2.527,0.0045,-0.070,nan,0.00,0,0,0,0,0,0.0000,0.000,0,0.000,0,0.000,1,0,,,FLYING,0,0,0,0.000,0,1,0
1785654550.107,2.344,2.414,-24.665,0.9983,0,-0.142,0.129,0.000,0.2637,nan,nan,nan,0.000,0.000,2.486,0.0000,-0.1622,-0.311,-0.311,-0.162,2.763,1.000,2.543,0.0045,-0.068,nan,0.00,0,0,0,0,0,0.0000,0.000,0,0.000,0,0.000,0,0,,,FLYING,0,0,0,0.000,0,0,0
1785654550.140,2.361,2.429,-24.664,0.9983,0,-0.128,0.136,0.000,0.2637,nan,nan,nan,0.000,0.000,2.489,0.0000,-0.1602,-0.311,-0.311,-0.160,2.767,1.000,2.564,0.0045,-0.066,nan,0.00,0,0,0,0,0,0.0000,0.000,0,0.000,0,0.000,0,0,,,FLYING,0,0,0,0.000,0,0,0
1785654550.185,2.376,2.444,-24.664,0.9982,0,-0.117,0.139,0.000,0.2638,nan,nan,nan,0.000,0.000,2.493,0.0000,-0.1583,-0.312,-0.312,-0.158,2.772,1.000,2.582,0.0045,-0.064,nan,0.00,0,0,0,0,0,0.0000,0.000,0,0.000,0,0.000,0,0,,,FLYING,0,0,0,0.000,0,0,0
1785654550.233,2.389,2.458,-24.663,0.9982,0,-0.109,0.137,0.000,0.2638,nan,nan,nan,0.000,0.000,2.498,0.0000,-0.1566,-0.312,-0.312,-0.157,2.776,1.000,2.595,0.0045,-0.062,nan,0.00,0,0,0,0,0,0.0000,0.000,0,0.000,0,0.000,0,0,,,FLYING,0,0,0,0.000,0,0,0
1785654550.278,2.403,2.473,-24.662,0.9982,0,-0.102,0.527,0.000,0.2638,nan,nan,nan,0.000,0.000,2.505,0.0000,-0.1550,-0.313,-0.313,-0.155,2.781,1.000,3.000,0.0045,-0.060,nan,0.00,0,0,0,0,0,0.0000,0.000,0,0.000,0,0.000,2,0,,,FLYING,0,0,0,0.000,0,2,0
1785654550.305,2.414,2.532,-24.660,0.9981,0,-0.099,0.468,0.000,0.2638,nan,nan,nan,0.000,0.000,2.513,0.0000,-0.1536,-0.314,-0.314,-0.154,2.786,1.000,3.000,0.0045,-0.058,nan,0.00,0,0,0,0,0,0.0000,0.000,0,0.000,0,0.000,0,0,,,FLYING,0,0,0,0.000,0,0,0
1785654550.342,2.425,2.579,-24.658,0.9981,0,-0.097,0.421,0.000,0.2638,nan,nan,nan,0.000,0.000,2.522,0.0000,-0.1523,-0.315,-0.315,-0.152,2.789,1.000,3.000,0.0045,-0.057,nan,0.00,0,0,0,0,0,0.0000,0.000,0,0.000,0,0.000,1,0,,,FLYING,0,0,0,0.000,0,1,0
1785654550.382,2.425,2.580,-24.658,0.9981,0,-0.097,0.420,0.000,0.2638,nan,nan,nan,0.000,0.000,2.522,0.0000,-0.1523,-0.315,-0.315,-0.152,2.789,1.000,3.000,0.0045,-0.055,nan,0.00,0,0,0,0,0,0.0000,0.000,0,0.000,0,0.000,0,0,,,FLYING,0,0,0,0.000,0,0,0
1785654550.418,2.437,2.626,-24.656,0.9980,0,-0.096,0.374,0.000,0.2638,nan,nan,nan,0.000,0.000,2.532,0.0000,-0.1509,-0.317,-0.317,-0.151,2.794,1.000,3.000,0.0045,-0.053,nan,0.00,0,0,0,0,0,0.0000,0.000,0,0.000,0,0.000,0,0,,,FLYING,0,0,0,0.000,0,0,0
1785654550.467,2.448,2.667,-24.654,0.9980,0,-0.095,0.333,0.000,0.2638,nan,nan,nan,0.000,0.000,2.543,0.0000,-0.1497,-0.318,-0.318,-0.150,2.797,1.000,3.000,0.0045,-0.052,nan,0.00,0,0,0,0,0,0.0000,0.000,0,0.000,0,0.000,0,0,,,FLYING,0,0,0,0.000,0,0,0
1785654550.514,2.458,2.704,-24.653,0.9980,0,-0.095,0.296,0.000,0.2639,nan,nan,nan,0.000,0.000,2.553,0.0000,-0.1485,-0.319,-0.319,-0.149,2.801,1.000,3.000,0.0045,-0.050,nan,0.00,0,0,0,0,0,0.0000,0.000,0,0.000,0,0.000,1,0,,,FLYING,0,0,0,0.000,0,0,0
1785654550.541,2.469,2.739,-24.651,0.9979,0,-0.096,0.261,0.000,0.2639,nan,nan,nan,0.000,0.000,2.565,0.0000,-0.1474,-0.321,-0.321,-0.147,2.804,1.000,3.000,0.0045,-0.049,nan,0.00,0,0,0,0,0,0.0000,0.000,0,0.000,0,0.000,0,0,,,FLYING,0,0,0,0.000,0,0,0
1785654550.577,2.479,2.766,-24.650,0.9979,0,-0.098,0.234,0.000,0.2639,nan,nan,nan,0.000,0.000,2.578,0.0000,-0.1463,-0.322,-0.322,-0.146,2.807,1.000,3.000,0.0045,-0.047,nan,0.00,0,0,0,0,0,0.0000,0.000,0,0.000,0,0.000,0,0,,,FLYING,0,0,0,0.000,0,0,0
1785654550.611,2.490,2.791,-24.649,0.9979,0,-0.101,0.209,0.000,0.2639,nan,nan,nan,0.000,0.000,2.591,0.0000,-0.1452,-0.324,-0.324,-0.145,2.811,1.000,3.000,0.0045,-0.046,nan,0.00,0,0,0,0,0,0.0000,0.000,0,0.000,0,0.000,1,0,,,FLYING,0,0,0,0.000,0,0,0
1785654550.658,2.501,2.816,-24.648,0.9978,0,-0.107,0.184,0.000,0.2639,nan,nan,nan,0.000,0.000,2.608,0.0000,-0.1442,-0.326,-0.326,-0.144,2.814,1.000,3.000,0.0045,-0.044,nan,0.00,0,0,0,0,0,0.0000,0.000,0,0.000,0,0.000,0,0,,,FLYING,0,0,0,0.000,0,0,0
1785654550.703,2.513,2.837,-24.647,0.9978,0,-0.114,0.163,0.000,0.2639,nan,nan,nan,0.000,0.000,2.627,0.0000,-0.1432,-0.328,-0.328,-0.143,2.818,1.000,3.000,0.0045,-0.043,nan,0.00,0,0,0,0,0,0.0000,0.000,0,0.000,0,0.000,0,0,,,FLYING,0,0,0,0.000,0,0,0
1785654550.737,2.513,2.837,-24.647,0.9978,0,-0.114,0.163,0.000,0.2639,nan,nan,nan,0.000,0.000,2.627,0.0000,-0.1432,-0.328,-0.328,-0.143,2.818,1.000,3.000,0.0045,-0.042,nan,0.00,0,0,0,0,0,0.0000,0.000,0,0.000,0,0.000,0,0,,,FLYING,0,0,0,0.000,0,0,0
1785654550.767,2.526,2.855,-24.646,0.9978,0,-0.120,0.145,0.000,0.2639,nan,nan,nan,0.000,0.000,2.646,0.0000,-0.1424,-0.331,-0.331,-0.142,2.822,1.000,3.000,0.0045,-0.041,nan,0.00,0,0,0,0,0,0.0000,0.000,0,0.000,0,0.000,0,0,,,FLYING,0,0,0,0.000,0,0,0
1785654550.815,2.539,2.872,-24.645,0.9978,0,-0.127,0.128,0.000,0.2639,nan,nan,nan,0.000,0.000,2.666,0.0000,-0.1415,-0.333,-0.333,-0.142,2.825,1.000,3.000,0.0045,-0.039,nan,0.00,0,0,0,0,0,0.0000,0.000,0,0.000,0,0.000,0,0,,,FLYING,0,0,0,0.000,0,0,0
1785654550.841,2.554,2.887,-24.645,0.9977,0,-0.131,0.113,0.000,0.2639,nan,nan,nan,0.000,0.000,2.685,0.0000,-0.1406,-0.336,-0.336,-0.141,2.829,1.000,3.000,0.0045,-0.038,nan,0.00,0,0,0,0,0,0.0000,0.000,0,0.000,0,0.000,0,0,,,FLYING,0,0,0,0.000,0,0,0
1785654550.877,2.567,2.899,-24.644,0.9977,0,-0.136,0.101,0.000,0.2639,nan,nan,nan,0.000,0.000,2.703,0.0000,-0.1399,-0.338,-0.338,-0.140,2.833,1.000,3.000,0.0045,-0.037,nan,0.00,0,0,0,0,0,0.0000,0.000,0,0.000,0,0.000,0,0,,,FLYING,0,0,0,0.000,0,0,0
1785654550.923,2.581,2.910,-24.643,0.9977,0,-0.141,0.090,0.000,0.2639,nan,nan,nan,0.000,0.000,2.722,0.0000,-0.1392,-0.340,-0.340,-0.139,2.836,1.000,3.000,0.0045,-0.036,nan,0.00,0,0,0,0,0,0.0000,0.000,0,0.000,0,0.000,0,0,,,FLYING,0,0,0,0.000,0,0,0
1785654550.955,2.581,2.910,-24.643,0.9977,0,-0.141,0.090,0.000,0.2639,nan,nan,nan,0.000,0.000,2.722,0.0000,-0.1392,-0.340,-0.340,-0.139,2.836,1.000,3.000,0.0045,-0.035,nan,0.00,0,0,0,0,0,0.0000,0.000,0,0.000,0,0.000,0,0,,,FLYING,0,0,0,0.000,0,0,0
1785654550.986,2.597,2.920,-24.643,0.9977,0,-0.146,0.080,0.000,0.2639,nan,nan,nan,0.000,0.000,2.743,0.0000,-0.1385,-0.343,-0.343,-0.138,2.840,1.000,3.000,0.0045,-0.034,nan,0.00,0,0,0,0,0,0.0000,0.000,0,0.000,0,0.000,1,0,,,FLYING,0,0,0,0.000,0,0,0
1785654551.013,2.611,2.928,-24.643,0.9977,0,-0.151,0.072,0.000,0.2639,nan,nan,nan,0.000,0.000,2.762,0.0000,-0.1378,-0.345,-0.345,-0.138,2.844,1.000,3.000,0.0045,-0.033,nan,0.00,0,0,0,0,0,0.0000,0.000,0,0.000,0,0.000,0,0,,,FLYING,0,0,0,0.000,0,0,0
1785654551.048,2.611,2.928,-24.643,0.9977,0,-0.151,0.072,0.000,0.2639,nan,nan,nan,0.000,0.000,2.762,0.0000,-0.1378,-0.345,-0.345,-0.138,2.844,1.000,3.000,0.0045,-0.032,nan,0.00,0,0,0,0,0,0.0000,0.000,0,0.000,0,0.000,0,0,,,FLYING,0,0,0,0.000,0,0,0
1785654551.084,2.626,2.936,-24.642,0.9976,0,-0.156,0.064,0.000,0.2639,nan,nan,nan,0.000,0.000,2.783,0.0000,-0.1372,-0.348,-0.348,-0.137,2.848,1.000,3.000,0.0045,-0.031,nan,0.00,0,0,0,0,0,0.0000,0.000,0,0.000,0,0.000,0,0,,,FLYING,0,0,0,0.000,0,0,0
1785654551.126,2.643,2.944,-24.642,0.9976,0,-0.163,0.056,0.000,0.2639,nan,nan,nan,0.000,0.000,2.806,0.0000,-0.1365,-0.351,-0.351,-0.137,2.852,1.000,3.000,0.0045,-0.030,nan,0.00,0,0,0,0,0,0.0000,0.000,0,0.000,0,0.000,1,0,,,FLYING,0,0,0,0.000,0,0,0
1785654551.155,2.660,2.952,-24.642,0.9976,0,-0.169,0.048,0.000,0.2639,nan,nan,nan,0.000,0.000,2.829,0.0000,-0.1359,-0.354,-0.354,-0.136,2.856,1.000,3.000,0.0045,-0.029,nan,0.00,0,0,0,0,0,0.0000,0.000,0,0.000,0,0.000,0,0,,,FLYING,0,0,0,0.000,0,0,0
1785654551.188,2.676,2.957,-24.641,0.9976,0,-0.173,0.043,0.000,0.2639,nan,nan,nan,0.000,0.000,2.850,0.0000,-0.1353,-0.356,-0.356,-0.135,2.860,1.000,3.000,0.0045,-0.028,nan,0.00,0,0,0,0,0,0.0000,0.000,0,0.000,0,0.000,0,0,,,FLYING,0,0,0,0.000,0,0,0
1785654551.222,2.676,2.957,-24.641,0.9976,0,-0.173,0.043,0.000,0.2639,nan,nan,nan,0.000,0.000,2.850,0.0000,-0.1353,-0.356,-0.356,-0.135,2.860,1.000,3.000,0.0045,-0.027,nan,0.00,0,0,0,0,0,0.0000,0.000,0,0.000,0,0.000,0,0,,,FLYING,0,0,0,0.000,0,0,0
1785654551.268,2.696,2.962,-24.641,0.9976,0,-0.179,0.038,0.000,0.2639,nan,nan,nan,0.000,0.000,2.874,0.0000,-0.1346,-0.359,-0.359,-0.135,2.865,1.000,3.000,0.0045,-0.026,nan,0.00,0,0,0,0,0,0.0000,0.000,0,0.000,0,0.000,0,0,,,FLYING,0,0,0,0.000,0,0,0
