t,roll,pitch,yaw,up,upset,cmd_roll_deg,cmd_pitch_deg,cmd_yaw_deg,thrust,bx,by,bz,blend,bearing_deg,desired_roll,d_lat,d_vert,vY_imu,vY_fused,vD,vX,v_target,pitch_des,elev_i,elev_err,agl,turn_ff,reliable,vision_valid,elev_fresh,is_new_d,bl_found,bl_hdg,bl_conf,bl_hdg_valid,bl_span,bl_paired,bl_cy,bl_gap,src_switch,source,infer_ms,mode,gate,gate_id,peek_side,peek_strength,peek_active,occ_gap,collision
1785731884.789,0.000,-17.800,0.000,0.9521,0,-0.831,15.800,-0.462,0.3034,10.116,0.059,-3.908,1.000,0.332,0.831,-0.0000,-0.0000,-0.000,-0.000,-0.000,-0.000,1.822,-2.000,0.0061,-0.628,nan,0.13,1,1,1,1,1,0.0045,1.000,1,0.529,8,0.041,0,0,yolo,108.1,yolo,0,0,0,0.000,0,-1,0
1785731884.829,-0.001,-17.652,0.001,0.9529,0,-1.044,15.652,-0.466,0.3135,10.087,0.061,-3.891,1.000,0.348,1.043,-0.0280,0.2036,-0.000,-0.004,-0.007,0.019,1.801,-2.000,0.0061,-0.649,nan,0.12,1,1,1,1,1,0.0041,1.000,1,0.529,8,0.041,3,0,yolo,121.5,yolo,0,0,0,0.000,0,-1,0
1785731884.871,-0.000,-15.718,0.002,0.9626,0,-0.851,14.152,-0.245,0.3112,10.087,0.061,-3.891,1.000,0.348,0.851,0.0039,-0.0215,0.000,0.000,-0.028,0.047,1.437,-2.000,0.0061,-1.013,nan,-0.10,1,1,1,0,1,-0.0036,1.000,1,0.530,8,0.004,0,0,yolo,121.5,yolo,0,0,0,0.000,0,-1,0
1785731884.907,0.149,-14.129,0.055,0.9697,0,-0.684,12.652,-0.079,0.3165,10.087,0.061,-3.891,1.000,0.348,0.833,0.0051,-0.0566,0.001,0.001,-0.063,0.084,1.200,-2.000,0.0061,-1.311,nan,-0.27,1,1,1,0,1,-0.0094,1.000,1,0.530,8,0.004,2,0,yolo,121.5,yolo,0,0,0,0.000,0,-1,0
1785731884.933,0.211,-12.762,0.073,0.9753,0,-0.597,11.152,-1.052,0.3202,10.087,0.061,-3.891,1.000,0.348,0.808,0.0070,-0.1078,0.003,0.003,-0.115,0.125,1.200,-2.000,0.0061,-1.566,nan,0.70,1,1,1,0,1,0.0246,1.000,1,0.369,6,0.136,0,0,yolo,121.5,yolo,0,0,0,0.000,0,-1,0
1785731884.965,0.265,-11.544,0.148,0.9798,0,-0.705,9.652,-1.787,0.3368,10.051,0.062,-3.875,1.000,0.354,0.970,-0.0155,2.0000,0.005,-0.001,-0.190,0.181,1.200,-2.000,0.0061,-1.785,nan,1.43,1,1,1,1,1,0.0500,1.000,1,0.369,6,0.136,0,0,yolo,115.3,yolo,0,0,0,0.000,0,-1,0
1785731884.996,0.265,-11.544,0.148,0.9798,0,-0.544,9.544,-1.514,0.3304,10.051,0.062,-3.875,1.000,0.354,0.809,0.0062,0.0000,0.005,0.005,-0.190,0.181,1.200,-2.000,0.0061,-1.785,nan,1.16,1,1,1,0,1,0.0405,1.000,1,0.512,8,0.158,0,0,yolo,115.3,yolo,0,0,0,0.000,0,-1,0
1785731885.027,0.296,-10.560,0.299,0.9831,0,-0.487,8.560,-1.514,0.3304,10.051,0.062,-3.875,1.000,0.354,0.783,0.0081,-0.0967,0.007,0.007,-0.287,0.244,1.200,-2.000,0.0061,-1.967,nan,1.16,1,1,1,0,1,0.0405,1.000,1,0.512,8,0.158,0,0,yolo,115.3,yolo,0,0,0,0.000,0,-1,0
1785731885.063,0.322,-9.691,0.447,0.9857,0,-1.987,7.691,-1.818,0.3137,9.958,0.150,-3.205,1.000,0.862,6.243,-0.6629,-2.0000,0.009,-0.090,-0.398,0.305,1.200,-2.000,0.0061,-1.482,nan,0.96,1,1,1,1,1,0.0333,1.000,1,0.512,8,0.158,1,0,yolo,115.2,yolo,0,0,0,0.000,0,-1,0
1785731885.110,0.500,-8.914,0.595,0.9879,0,-1.070,6.914,-1.815,0.3174,9.958,0.150,-3.205,1.000,0.862,1.570,0.0997,-0.1171,0.010,0.010,-0.516,0.364,1.200,-2.000,0.0061,-1.622,nan,0.95,1,1,1,0,1,0.0333,1.000,1,0.444,7,0.185,0,0,yolo,115.2,yolo,0,0,0,0.000,0,-1,0
1785731885.149,0.641,-8.091,0.777,0.9900,0,-0.896,6.091,-1.804,0.3152,9.958,0.150,-3.205,1.000,0.862,1.537,0.1021,-0.2487,0.013,0.013,-0.647,0.426,1.200,-2.000,0.0061,-1.770,nan,0.94,1,1,1,0,1,0.0329,1.000,1,0.435,7,0.204,0,0,yolo,115.2,yolo,0,0,0,0.000,0,-1,0
1785731885.185,0.709,-7.446,0.947,0.9915,0,-0.250,5.567,-1.422,0.3241,9.849,0.121,-3.069,1.000,0.707,0.959,0.2008,-0.0375,0.016,-0.022,-0.758,0.481,1.200,-1.880,0.0061,-1.765,nan,0.72,1,1,1,1,1,0.0250,1.000,1,0.429,7,0.227,0,0,yolo,111.2,yolo,0,0,0,0.000,0,-1,0
1785731885.210,0.716,-6.881,1.081,0.9927,0,-0.672,5.081,-1.422,0.3239,9.849,0.121,-3.069,1.000,0.707,1.388,0.0419,-0.1015,0.019,0.019,-0.860,0.531,1.200,-1.799,0.0061,-1.865,nan,0.72,1,1,1,0,1,0.0250,1.000,1,0.429,7,0.227,0,0,yolo,111.2,yolo,0,0,0,0.000,0,-1,0
1785731885.247,0.721,-6.303,1.211,0.9939,0,-0.616,4.582,-1.253,0.3217,9.849,0.121,-3.069,1.000,0.707,1.337,0.0456,-0.2100,0.023,0.023,-0.968,0.579,1.200,-1.720,0.0061,-1.967,nan,0.55,1,1,1,0,1,0.0191,1.000,1,0.429,7,0.227,2,0,yolo,111.2,yolo,0,0,0,0.000,0,-1,0
1785731885.272,0.721,-6.295,1.213,0.9939,0,-0.994,4.295,-1.851,0.3050,8.902,0.111,-2.202,1.000,0.714,1.716,-0.0162,-2.0000,0.023,0.015,-0.970,0.579,1.239,-2.000,0.0061,-1.211,nan,1.14,1,1,1,1,1,0.0397,1.000,1,0.374,6,0.235,0,0,yolo,105.9,yolo,0,0,0,0.000,0,-1,0
1785731885.305,0.803,-5.861,1.366,0.9947,0,-0.685,3.861,-2.294,0.3055,8.902,0.111,-2.202,1.000,0.714,1.489,0.0100,-0.1040,0.025,0.025,-1.074,0.622,1.200,-2.000,0.0061,-1.280,nan,1.58,1,1,1,0,1,0.0552,1.000,1,0.374,6,0.235,0,0,yolo,105.9,yolo,0,0,0,0.000,0,-1,0
1785731885.336,0.853,-5.395,1.617,0.9955,0,-0.594,3.541,-1.271,0.3023,8.902,0.111,-2.202,1.000,0.714,1.446,0.0129,-0.2178,0.028,0.028,-1.188,0.670,1.200,-1.854,0.0061,-1.354,nan,0.56,1,1,1,0,1,0.0194,1.000,1,0.355,6,0.272,0,0,yolo,105.9,yolo,0,0,0,0.000,0,-1,0
1785731885.367,0.853,-5.395,1.617,0.9955,0,-0.594,3.395,-0.503,0.3023,8.902,0.111,-2.202,1.000,0.714,1.446,0.0129,-0.2178,0.028,0.028,-1.188,0.670,1.200,-2.000,0.0061,-1.354,nan,-0.21,1,1,1,0,1,-0.0073,1.000,1,0.355,6,0.272,0,0,yolo,105.9,yolo,0,0,0,0.000,0,-1,0
1785731885.400,0.904,-4.996,1.762,0.9961,0,0.074,2.996,-0.788,0.2856,7.836,0.087,-1.566,1.000,0.636,0.830,0.0635,-2.0000,0.032,0.040,-1.279,0.712,1.574,-2.000,0.0062,-0.876,nan,0.15,1,1,1,1,1,0.0053,1.000,1,0.303,5,0.477,0,0,yolo,107.7,yolo,0,0,0,0.000,0,-1,0
1785731885.431,0.890,-4.686,1.818,0.9965,0,-0.293,2.686,-0.788,0.2712,7.836,0.087,-1.566,1.000,0.636,1.183,-0.0022,-0.0589,0.038,0.038,-1.338,0.747,1.531,-2.000,0.0063,-0.919,nan,0.15,1,1,1,0,1,0.0053,1.000,1,0.303,5,0.477,0,0,yolo,107.7,yolo,0,0,0,0.000,0,-1,0
1785731885.463,0.918,-4.412,1.876,0.9969,0,-0.187,2.412,-1.594,0.2712,7.836,0.087,-1.566,1.000,0.636,1.105,0.0027,-0.0802,0.043,0.043,-1.359,0.779,1.493,-2.000,0.0064,-0.957,nan,0.96,1,1,1,0,1,0.0334,1.000,1,0.297,5,0.487,0,0,yolo,107.7,yolo,0,0,0,0.000,0,-1,0
1785731885.494,0.928,-4.147,2.023,0.9973,0,1.313,2.147,-1.030,0.2712,8.715,0.011,-1.606,1.000,0.073,-14.000,2.5714,0.4165,0.048,0.290,-1.361,0.812,1.479,-2.000,0.0065,-0.971,nan,0.96,1,1,1,1,1,0.0334,1.000,1,0.297,5,0.487,0,0,yolo,104.5,yolo,0,0,0,0.000,0,-1,0
1785731885.534,0.928,-4.147,2.023,0.9973,0,0.003,2.147,-1.430,0.2713,8.715,0.011,-1.606,1.000,0.073,0.925,-0.2423,0.0000,0.048,0.048,-1.361,0.812,1.479,-2.000,0.0066,-0.971,nan,1.36,1,1,1,0,1,0.0474,1.000,1,0.297,5,0.487,3,0,yolo,104.5,yolo,0,0,0,0.000,0,-1,0
1785731885.573,0.767,-3.900,2.153,0.9976,0,-0.041,1.900,-2.930,0.2712,8.715,0.011,-1.606,1.000,0.073,0.808,-0.2345,0.0147,0.055,0.055,-1.346,0.843,1.441,-2.000,0.0066,-1.009,nan,4.79,1,1,1,0,1,0.1672,1.000,1,0.282,5,0.530,0,0,yolo,104.5,yolo,0,0,0,0.000,0,-1,0
1785731885.613,0.775,-3.668,2.262,0.9979,0,1.459,1.668,-4.430,0.2669,9.255,-0.068,-1.488,1.000,-0.422,-5.438,0.4794,-0.6927,0.059,0.214,-1.320,0.871,1.557,-2.000,0.0067,-0.893,nan,6.59,1,1,1,1,1,0.2301,0.900,1,0.278,4,0.576,0,0,yolo,117.1,yolo,0,0,0,0.000,0,-1,0
1785731885.653,0.768,-3.479,2.488,0.9981,0,1.614,1.479,-5.930,0.2713,9.255,-0.068,-1.488,1.000,-0.422,-0.846,-0.1537,0.0235,0.060,0.060,-1.296,0.895,1.526,-2.000,0.0068,-0.924,nan,7.95,1,1,1,0,1,0.2773,0.900,1,0.278,4,0.576,0,0,yolo,117.1,yolo,0,0,0,0.000,0,-1,0
1785731885.684,0.542,-3.314,3.101,0.9983,0,1.371,1.314,-4.430,0.2713,9.255,-0.068,-1.488,1.000,-0.422,-0.829,-0.1549,0.0369,0.059,0.059,-1.283,0.921,1.499,-2.000,0.0069,-0.951,nan,0.00,1,1,1,0,1,0.0000,0.954,0,0.221,4,0.617,0,0,yolo,117.1,yolo,0,0,0,0.000,0,-1,0
1785731885.716,0.386,-3.173,3.586,0.9984,0,2.871,1.173,-2.930,0.2547,9.581,-0.149,-1.240,1.000,-0.891,-8.517,0.7853,-2.0000,0.057,0.263,-1.280,0.943,1.741,-2.000,0.0069,-0.709,nan,0.00,1,1,1,1,1,0.0000,0.954,0,0.221,4,0.617,0,0,yolo,113.8,yolo,0,0,0,0.000,0,-1,0
1785731885.751,0.118,-3.058,3.812,0.9986,0,1.857,1.058,-1.430,0.2713,9.581,-0.149,-1.240,1.000,-0.891,-1.740,-0.2042,0.0110,0.059,0.059,-1.269,0.962,1.723,-2.000,0.0070,-0.727,nan,0.00,1,1,1,0,1,0.0000,0.966,0,0.228,4,0.636,0,0,yolo,113.8,yolo,0,0,0,0.000,0,-1,0
1785731885.792,-0.055,-2.951,3.911,0.9987,0,1.703,0.951,0.070,0.2715,9.581,-0.149,-1.240,1.000,-0.891,-1.758,-0.2029,0.0220,0.061,0.061,-1.258,0.980,1.705,-2.000,0.0071,-0.745,nan,0.00,1,1,1,0,1,0.0000,0.966,0,0.228,4,0.636,0,0,yolo,113.8,yolo,0,0,0,0.000,0,-1,0
1785731885.826,-0.055,-2.951,3.911,0.9987,0,1.703,0.951,0.891,0.2715,9.581,-0.149,-1.240,1.000,-0.891,-1.758,-0.2029,0.0220,0.061,0.061,-1.258,0.980,1.705,-2.000,0.0072,-0.745,nan,0.00,1,1,1,0,1,0.0000,0.847,0,0.230,3,0.676,0,0,yolo,113.8,yolo,0,0,0,0.000,0,-1,0
1785731885.855,-0.211,-2.850,3.908,0.9988,0,3.203,0.850,1.292,0.2549,9.750,-0.220,-1.005,1.000,-1.292,-9.147,0.6808,-2.0000,0.062,0.285,-1.246,0.998,1.932,-2.000,0.0072,-0.518,nan,0.00,1,1,1,1,1,0.0000,0.847,0,0.230,3,0.676,0,0,yolo,118.5,yolo,0,0,0,0.000,0,-1,0
1785731885.889,-0.365,-2.753,3.824,0.9988,0,2.321,0.753,1.292,0.2715,9.750,-0.220,-1.005,1.000,-1.292,-2.686,-0.2214,0.0106,0.064,0.064,-1.236,1.014,1.916,-2.000,0.0073,-0.534,nan,0.00,1,1,1,0,1,0.0000,0.847,0,0.230,3,0.676,3,0,yolo,118.5,yolo,0,0,0,0.000,0,-1,0
1785731885.916,-0.586,-2.674,3.701,0.9989,0,2.134,0.674,1.292,0.2716,9.750,-0.220,-1.005,1.000,-1.292,-2.720,-0.2189,0.0215,0.067,0.067,-1.225,1.030,1.903,-2.000,0.0073,-0.547,nan,0.00,1,1,1,0,1,0.0000,0.719,0,0.224,2,0.692,0,0,yolo,118.5,yolo,0,0,0,0.000,0,-1,0
1785731885.947,-0.770,-2.609,3.592,0.9989,0,3.634,0.609,1.999,0.2550,9.801,-0.342,-0.776,1.000,-1.999,-14.000,1.2096,-2.0000,0.067,0.373,-1.227,1.044,2.125,-2.000,0.0074,-0.325,nan,0.00,1,1,1,1,1,0.0000,0.719,0,0.224,2,0.692,0,0,yolo,108.9,yolo,0,0,0,0.000,0,-1,0
1785731885.978,-1.060,-2.554,3.461,0.9988,0,3.024,0.554,1.999,0.2716,9.801,-0.342,-0.776,1.000,-1.999,-4.083,-0.3036,0.0066,0.069,0.069,-1.221,1.057,2.118,-2.000,0.0074,-0.332,nan,0.00,1,1,1,0,1,0.0000,0.828,0,0.216,3,0.717,0,0,yolo,108.9,yolo,0,0,0,0.000,0,-1,0
1785731886.010,-1.324,-2.503,3.287,0.9988,0,2.761,0.503,1.999,0.2718,9.801,-0.342,-0.776,1.000,-1.999,-4.085,-0.3035,0.0146,0.069,0.069,-1.213,1.070,2.111,-2.000,0.0074,-0.339,nan,0.00,1,1,1,0,1,0.0000,0.828,0,0.216,3,0.717,0,0,yolo,108.9,yolo,0,0,0,0.000,0,-1,0
1785731886.047,-1.324,-2.503,3.287,0.9988,0,2.761,0.503,1.999,0.2718,9.801,-0.342,-0.776,1.000,-1.999,-4.085,-0.3035,0.0146,0.069,0.069,-1.213,1.070,2.111,-2.000,0.0075,-0.339,nan,0.00,1,1,1,0,1,0.0000,0.835,0,0.222,3,0.769,0,0,yolo,108.9,yolo,0,0,0,0.000,0,-1,0
1785731886.088,-1.814,-2.409,2.950,0.9986,0,4.261,0.409,2.598,0.2551,9.735,-0.442,-0.571,1.000,-2.598,-13.462,0.7633,-1.4428,0.062,0.358,-1.195,1.095,2.200,-2.000,0.0075,-0.147,nan,0.00,1,1,1,1,1,0.0000,0.835,0,0.222,3,0.769,0,0,yolo,116.3,yolo,0,0,0,0.000,0,-1,0
1785731886.120,-1.814,-2.409,2.950,0.9986,0,3.752,0.409,2.598,0.2718,9.735,-0.442,-0.571,1.000,-2.598,-5.566,-0.2957,0.0000,0.062,0.062,-1.195,1.095,2.200,-2.000,0.0075,-0.147,nan,0.00,1,1,1,0,1,0.0000,0.303,0,0.230,1,0.769,0,0,yolo,116.3,yolo,0,0,0,0.000,0,-1,0
1785731886.150,-2.220,-2.372,2.712,0.9984,0,3.289,0.372,2.598,0.2770,9.735,-0.442,-0.571,1.000,-2.598,-5.509,-0.2998,0.0112,0.058,0.058,-1.184,1.109,2.200,-2.000,0.0075,-0.150,nan,0.00,1,1,1,0,1,0.0000,0.605,0,0.230,1,0.769,0,0,yolo,116.3,yolo,0,0,0,0.000,0,-1,0
1785731886.187,-2.547,-2.339,2.448,0.9982,0,4.789,0.339,3.002,0.2603,9.770,-0.512,-0.376,1.000,-3.002,-12.835,0.5175,-1.4730,0.050,0.313,-1.187,1.122,2.200,-2.000,0.0075,0.046,nan,0.00,1,1,1,1,1,0.0000,0.708,0,0.215,2,0.761,0,0,yolo,99.4,yolo,0,0,0,0.000,0,-1,0
1785731886.213,-2.547,-2.339,2.448,0.9982,0,4.085,0.339,3.002,0.2706,9.770,-0.512,-0.376,1.000,-3.002,-6.632,-0.2627,0.0000,0.050,0.050,-1.187,1.122,2.200,-2.000,0.0075,0.046,nan,0.00,1,1,1,0,1,0.0000,0.708,0,0.215,2,0.761,0,0,yolo,99.4,yolo,0,0,0,0.000,0,-1,0
1785731886.250,-3.092,-2.313,2.148,0.9977,0,3.424,0.313,3.002,0.2709,9.770,-0.512,-0.376,1.000,-3.002,-6.516,-0.2712,0.0050,0.042,0.042,-1.182,1.136,2.200,-2.000,0.0075,0.047,nan,0.00,1,1,1,0,1,0.0000,0.406,0,0.132,1,0.741,0,0,yolo,99.4,yolo,0,0,0,0.000,0,-1,0
1785731886.297,-3.429,-2.293,1.849,0.9974,0,3.174,0.293,2.751,0.2543,9.591,-0.461,-0.117,1.000,-2.751,-6.603,-0.3156,-1.8564,0.027,0.146,-1.177,1.149,2.156,-2.000,0.0075,0.294,nan,0.00,1,1,1,1,1,0.0000,0.406,0,0.132,1,0.741,2,0,yolo,108.9,yolo,0,0,0,0.000,0,-1,0
1785731886.338,-3.747,-2.276,1.589,0.9971,0,2.541,0.276,2.751,0.2642,9.591,-0.461,-0.117,1.000,-2.751,-6.288,-0.1358,0.0185,0.010,0.010,-1.158,1.161,2.156,-2.000,0.0074,0.294,nan,0.00,1,1,1,0,1,0.0000,0.445,0,0.182,0,0.747,0,0,yolo,108.9,yolo,0,0,0,0.000,0,-1,0
1785731886.370,-4.046,-2.262,1.350,0.9967,0,3.950,0.262,2.779,0.2476,9.468,-0.460,0.027,1.000,-2.779,-7.996,0.0696,-2.0000,-0.007,0.077,-1.130,1.172,2.017,-2.000,0.0074,0.433,nan,0.00,1,1,1,1,1,0.0000,0.549,0,0.174,1,0.725,0,0,yolo,105.1,yolo,0,0,0,0.000,0,-1,0
1785731886.401,-4.414,-2.251,1.098,0.9963,0,2.450,0.251,2.779,0.2615,9.468,-0.460,0.027,1.000,-2.779,-6.192,-0.1036,0.0495,-0.026,-0.026,-1.081,1.184,2.016,-2.000,0.0073,0.434,nan,0.00,1,1,1,0,1,0.0000,0.549,0,0.174,1,0.725,0,0,yolo,105.1,yolo,0,0,0,0.000,0,-1,0
1785731886.432,-4.414,-2.251,1.098,0.9963,0,1.778,0.251,2.779,0.2615,9.468,-0.460,0.027,1.000,-2.779,-6.192,-0.1036,0.0495,-0.026,-0.026,-1.081,1.184,2.016,-2.000,0.0073,0.434,nan,0.00,1,1,1,0,1,0.0000,0.304,0,0.132,0,0.713,0,0,yolo,105.1,yolo,0,0,0,0.000,0,-1,0
1785731886.470,-4.658,-2.243,0.821,0.9959,0,0.456,0.243,2.623,0.2448,9.400,-0.431,0.174,1.000,-2.623,-5.113,-0.2553,-1.4269,-0.052,-0.018,-1.019,1.196,1.873,-2.000,0.0072,0.577,nan,0.00,1,1,1,1,1,0.0000,0.304,0,0.132,0,0.713,2,0,yolo,96.7,yolo,0,0,0,0.000,0,-1,0
1785731886.495,-4.836,-2.237,0.561,0.9957,0,0.695,0.237,2.623,0.2573,9.400,-0.431,0.174,1.000,-2.623,-5.531,-0.0608,0.0507,-0.079,-0.079,-0.969,1.208,1.873,-2.000,0.0072,0.577,nan,0.00,1,1,1,0,1,0.0000,0.201,0,0.128,1,0.728,0,0,yolo,96.7,yolo,0,0,0,0.000,0,-1,0
1785731886.530,-4.941,-2.232,0.320,0.9955,0,0.193,0.232,2.623,0.2591,9.400,-0.431,0.174,1.000,-2.623,-5.134,-0.0889,0.0915,-0.107,-0.107,-0.928,1.219,1.873,-2.000,0.0071,0.577,nan,0.00,1,1,1,0,1,0.0000,0.403,0,0.128,1,0.728,2,0,yolo,96.7,yolo,0,0,0,0.000,0,-1,0
1785731886.556,-4.941,-2.232,0.320,0.9955,0,0.193,0.232,2.623,0.2590,9.400,-0.431,0.174,1.000,-2.623,-5.134,-0.0889,0.0915,-0.107,-0.107,-0.928,1.219,1.873,-2.000,0.0071,0.577,nan,0.00,1,1,1,0,1,0.0000,0.405,0,0.131,1,0.742,0,0,yolo,96.7,yolo,0,0,0,0.000,0,-1,0
1785731886.592,-4.961,-2.227,0.063,0.9955,0,-1.307,0.227,2.356,0.2424,9.282,-0.382,0.310,1.000,-2.356,-3.086,-0.3251,-0.9434,-0.141,-0.127,-0.904,1.232,1.747,-2.000,0.0070,0.703,nan,0.00,1,1,1,1,1,0.0000,0.405,0,0.131,1,0.742,2,0,yolo,104.6,yolo,0,0,0,0.000,0,-1,0
1785731886.620,-4.821,-2.221,-0.164,0.9957,0,-0.772,0.221,2.356,0.2526,9.282,-0.382,0.310,1.000,-2.356,-4.048,-0.0465,0.0360,-0.174,-0.174,-0.868,1.244,1.749,-2.000,0.0069,0.701,nan,0.00,1,1,1,0,1,0.0000,0.405,0,0.132,1,0.730,0,0,yolo,104.6,yolo,0,0,0,0.000,0,-1,0
1785731886.656,-4.754,-2.216,-0.341,0.9958,0,-1.075,0.216,2.356,0.2541,9.282,-0.382,0.310,1.000,-2.356,-3.680,-0.0724,0.0702,-0.200,-0.200,-0.834,1.253,1.750,-2.000,0.0069,0.700,nan,0.00,1,1,1,0,1,0.0000,0.405,0,0.132,1,0.730,2,0,yolo,104.6,yolo,0,0,0,0.000,0,-1,0
1785731886.689,-4.671,-2.212,-0.526,0.9959,0,-2.575,0.212,2.059,0.2374,8.948,-0.322,0.412,1.000,-2.059,-1.519,-0.4638,-0.8240,-0.226,-0.136,-0.797,1.263,1.668,-2.000,0.0068,0.782,nan,0.00,1,1,1,1,1,0.0000,0.413,0,0.142,1,0.776,0,0,yolo,107.5,yolo,0,0,0,0.000,0,-1,0
1785731886.735,-4.447,-2.206,-0.700,0.9963,0,-2.311,0.206,2.059,0.2505,8.948,-0.322,0.412,1.000,-2.059,-2.136,-0.1166,0.0496,-0.253,-0.253,-0.747,1.273,1.670,-2.000,0.0067,0.780,nan,0.00,1,1,1,0,1,0.0000,0.413,0,0.142,1,0.776,1,0,yolo,107.5,yolo,0,0,0,0.000,0,-1,0
1785731886.761,-4.200,-2.197,-0.897,0.9966,0,-2.518,0.197,2.059,0.2534,8.948,-0.322,0.412,1.000,-2.059,-1.682,-0.1476,0.1153,-0.284,-0.284,-0.681,1.286,1.673,-2.000,0.0066,0.777,nan,0.00,1,1,1,0,1,0.0000,0.419,0,0.149,1,0.800,0,0,yolo,107.5,yolo,0,0,0,0.000,0,-1,0
1785731886.793,-4.200,-2.197,-0.897,0.9966,0,-4.018,0.197,1.562,0.2367,8.637,-0.236,0.529,1.000,-1.562,4.309,-1.1232,-1.4690,-0.284,-0.261,-0.681,1.286,1.575,-2.000,0.0065,0.875,nan,0.00,1,1,1,1,1,0.0000,0.419,0,0.149,1,0.814,0,0,yolo,107.6,yolo,0,0,0,0.000,0,-1,0
1785731886.824,-3.951,-2.190,-1.085,0.9969,0,-3.380,0.190,1.562,0.2472,8.637,-0.236,0.529,1.000,-1.562,-0.570,-0.0493,0.0491,-0.310,-0.310,-0.632,1.297,1.577,-2.000,0.0065,0.873,nan,0.00,1,1,1,0,1,0.0000,0.419,0,0.149,1,0.814,0,0,yolo,107.6,yolo,0,0,0,0.000,0,-1,0
1785731886.856,-3.593,-2.180,-1.240,0.9973,0,-3.419,0.180,1.562,0.2494,8.637,-0.236,0.529,1.000,-1.562,-0.175,-0.0757,0.0999,-0.337,-0.337,-0.582,1.308,1.579,-2.000,0.0064,0.871,nan,0.00,1,1,1,0,1,0.0000,0.414,0,0.143,1,0.831,0,0,yolo,107.6,yolo,0,0,0,0.000,0,-1,0
1785731886.887,-3.284,-2.170,-1.358,0.9976,0,-4.919,0.170,1.021,0.2327,8.389,-0.149,0.626,1.000,-1.021,7.397,-1.1886,-1.1958,-0.358,-0.391,-0.536,1.318,1.500,-2.000,0.0063,0.950,nan,0.00,1,1,1,1,1,0.0000,0.414,0,0.143,1,0.831,0,0,yolo,95.9,yolo,0,0,0,0.000,0,-1,0
1785731886.924,-3.284,-2.170,-1.358,0.9976,0,-4.233,0.170,1.021,0.2422,8.389,-0.149,0.626,1.000,-1.021,0.949,0.0331,0.0000,-0.358,-0.358,-0.536,1.318,1.500,-2.000,0.0062,0.950,nan,0.00,1,1,1,0,1,0.0000,0.415,0,0.143,1,0.841,1,0,yolo,95.9,yolo,0,0,0,0.000,0,-1,0
1785731886.959,-2.799,-2.158,-1.458,0.9981,0,-4.068,0.158,1.021,0.2445,8.389,-0.149,0.626,1.000,-1.021,1.269,0.0121,0.0519,-0.379,-0.379,-0.484,1.328,1.502,-2.000,0.0061,0.948,nan,0.00,1,1,1,0,1,0.0000,0.521,0,0.146,2,0.843,0,0,yolo,95.9,yolo,0,0,0,0.000,0,-1,0
1785731887.000,-2.397,-2.145,-1.538,0.9984,0,-5.568,0.166,0.502,0.2278,8.180,-0.072,0.693,1.000,-0.502,4.939,-0.4444,-0.3197,-0.396,-0.378,-0.429,1.338,1.449,-1.979,0.0061,1.001,nan,0.00,1,1,1,1,1,0.0000,0.519,0,0.144,2,0.845,0,0,yolo,100.3,yolo,0,0,0,0.000,0,-1,0
1785731887.035,-2.015,-2.132,-1.625,0.9987,0,-5.214,0.185,0.502,0.2429,8.180,-0.072,0.693,1.000,-0.502,3.199,-0.0311,0.0573,-0.409,-0.409,-0.372,1.347,1.451,-1.948,0.0060,0.999,nan,0.00,1,1,1,0,1,0.0000,0.519,0,0.144,2,0.845,1,0,yolo,100.3,yolo,0,0,0,0.000,0,-1,0
1785731887.061,-1.448,-2.118,-1.681,0.9990,0,-4.827,0.198,0.502,0.2461,8.180,-0.072,0.693,1.000,-0.502,3.379,-0.0427,0.1307,-0.421,-0.421,-0.298,1.357,1.454,-1.919,0.0059,0.996,nan,0.00,1,1,1,0,1,0.0000,0.529,0,0.154,2,0.862,0,0,yolo,100.3,yolo,0,0,0,0.000,0,-1,0
1785731887.098,-0.981,-2.098,-1.713,0.9992,0,-6.327,0.382,-0.166,0.2295,8.012,0.023,0.776,1.000,0.166,10.077,-0.9340,-0.7232,-0.428,-0.466,-0.225,1.366,1.381,-1.716,0.0059,1.069,nan,0.00,1,1,1,1,1,0.0000,0.529,0,0.154,2,0.862,2,0,yolo,112.0,yolo,0,0,0,0.000,0,-1,0
1785731887.140,-0.323,-2.059,-1.708,0.9993,0,-5.194,0.352,-0.166,0.2415,8.012,0.023,0.776,1.000,0.166,4.871,0.0341,0.0751,-0.432,-0.432,-0.150,1.375,1.387,-1.707,0.0059,1.063,nan,0.00,1,1,1,0,1,0.0000,0.419,0,0.148,1,0.843,0,0,yolo,112.0,yolo,0,0,0,0.000,0,-1,0
1785731887.171,0.210,-2.022,-1.680,0.9994,0,-4.639,0.318,-0.166,0.2450,8.012,0.023,0.776,1.000,0.166,4.849,0.0355,0.1497,-0.430,-0.430,-0.075,1.383,1.391,-1.704,0.0059,1.059,nan,0.00,1,1,1,0,1,0.0000,0.421,0,0.151,1,0.838,0,0,yolo,112.0,yolo,0,0,0,0.000,0,-1,0
1785731887.200,0.210,-2.022,-1.680,0.9994,0,-6.139,0.364,-0.834,0.2284,7.790,0.113,0.840,1.000,0.834,14.000,-1.3625,-0.8446,-0.430,-0.583,-0.075,1.383,1.335,-1.658,0.0059,1.115,nan,0.00,1,1,1,1,1,0.0000,0.421,0,0.151,1,0.838,0,0,yolo,94.3,yolo,0,0,0,0.000,0,-1,0
1785731887.234,0.825,-1.988,-1.616,0.9993,0,-5.149,0.354,-0.834,0.2403,7.790,0.113,0.840,1.000,0.834,5.974,0.1585,0.0803,-0.425,-0.425,0.005,1.391,1.339,-1.634,0.0059,1.111,nan,0.00,1,1,1,0,1,0.0000,0.527,0,0.152,2,0.845,0,0,yolo,94.3,yolo,0,0,0,0.000,0,-1,0
1785731887.271,1.345,-1.953,-1.526,0.9991,0,-4.473,0.332,-0.834,0.2437,7.790,0.113,0.840,1.000,0.834,5.818,0.1682,0.1522,-0.415,-0.415,0.077,1.398,1.342,-1.621,0.0059,1.108,nan,0.00,1,1,1,0,1,0.0000,0.411,0,0.139,1,0.846,0,0,yolo,94.3,yolo,0,0,0,0.000,0,-1,0
1785731887.299,1.794,-1.922,-1.450,0.9989,0,-5.973,0.407,-1.409,0.2270,7.614,0.187,0.883,1.000,1.409,13.604,-0.7647,-0.3561,-0.401,-0.556,0.148,1.405,1.307,-1.515,0.0059,1.143,nan,0.00,1,1,1,1,1,0.0000,0.411,0,0.139,1,0.846,0,0,yolo,96.9,yolo,0,0,0,0.000,0,-1,0
1785731887.327,1.794,-1.922,-1.450,0.9989,0,-5.480,0.334,-1.409,0.2358,7.614,0.187,0.883,1.000,1.409,7.273,0.1544,0.0000,-0.401,-0.401,0.148,1.405,1.307,-1.588,0.0059,1.143,nan,0.00,1,1,1,0,1,0.0000,0.413,0,0.141,1,0.850,0,0,yolo,96.9,yolo,0,0,0,0.000,0,-1,0
1785731887.359,2.394,-1.892,-1.322,0.9986,0,-4.572,0.334,-1.409,0.2392,7.614,0.187,0.883,1.000,1.409,6.966,0.1733,0.0702,-0.382,-0.382,0.218,1.411,1.309,-1.558,0.0059,1.141,nan,0.00,1,1,1,0,1,0.0000,0.413,0,0.141,1,0.850,0,0,yolo,96.9,yolo,0,0,0,0.000,0,-1,0
1785731887.390,2.835,-1.865,-1.185,0.9982,0,-3.810,0.318,-1.409,0.2422,7.614,0.187,0.883,1.000,1.409,6.645,0.1930,0.1337,-0.363,-0.363,0.282,1.416,1.312,-1.547,0.0059,1.138,nan,0.00,1,1,1,0,1,0.0000,0.312,0,0.145,0,0.844,0,0,yolo,96.9,yolo,0,0,0,0.000,0,-1,0
1785731887.422,3.190,-1.842,-1.066,0.9979,0,-5.310,0.444,-2.027,0.2255,7.743,0.274,0.932,1.000,2.027,13.735,-0.6263,-0.4161,-0.341,-0.500,0.335,1.422,1.256,-1.397,0.0059,1.194,nan,0.00,1,1,1,1,1,0.0000,0.315,0,0.150,0,0.835,0,0,yolo,108.4,yolo,0,0,0,0.000,0,-1,0
1785731887.458,3.190,-1.842,-1.066,0.9979,0,-4.856,0.388,-2.027,0.2345,7.743,0.274,0.932,1.000,2.027,8.046,0.1594,0.0000,-0.341,-0.341,0.335,1.422,1.256,-1.454,0.0059,1.194,nan,0.00,1,1,1,0,1,0.0000,0.315,0,0.150,0,0.835,1,0,yolo,108.4,yolo,0,0,0,0.000,0,-1,0
1785731887.483,3.759,-1.807,-0.883,0.9974,0,-3.826,0.376,-2.027,0.2380,7.743,0.274,0.932,1.000,2.027,7.585,0.1881,0.0717,-0.312,-0.312,0.407,1.427,1.259,-1.431,0.0059,1.191,nan,0.00,1,1,1,0,1,0.0000,0.320,0,0.159,0,0.819,0,0,yolo,108.4,yolo,0,0,0,0.000,0,-1,0
1785731887.514,4.130,-1.783,-0.689,0.9969,0,-5.326,0.348,-2.473,0.2387,7.395,0.319,0.933,1.000,2.473,13.994,-0.5754,0.0806,-0.284,-0.426,0.477,1.431,1.267,-1.435,0.0059,1.183,nan,0.00,1,1,1,1,1,0.0000,0.322,0,0.162,0,0.822,0,0,yolo,102.2,yolo,0,0,0,0.000,0,-1,0
1785731887.546,4.591,-1.767,-0.500,0.9963,0,-3.826,0.339,-2.473,0.2381,7.395,0.319,0.933,1.000,2.473,8.279,0.1713,0.0624,-0.255,-0.255,0.539,1.435,1.267,-1.428,0.0059,1.183,nan,0.00,1,1,1,0,1,0.0000,0.324,0,0.165,0,0.819,0,0,yolo,102.2,yolo,0,0,0,0.000,0,-1,0
1785731887.577,4.914,-1.755,-0.323,0.9959,0,-2.924,0.327,-2.473,0.2407,7.395,0.319,0.933,1.000,2.473,7.838,0.1979,0.1176,-0.228,-0.228,0.594,1.439,1.267,-1.428,0.0059,1.183,nan,0.00,1,1,1,0,1,0.0000,0.464,0,0.205,0,0.811,0,0,yolo,102.2,yolo,0,0,0,0.000,0,-1,0
1785731887.608,5.143,-1.745,-0.141,0.9955,0,-4.424,0.318,-2.875,0.2360,7.198,0.361,0.935,1.000,2.875,14.000,-0.7568,0.0122,-0.200,-0.375,0.652,1.442,1.268,-1.427,0.0059,1.182,nan,0.00,1,1,1,1,1,0.0000,0.464,0,0.205,0,0.811,0,0,yolo,108.0,yolo,0,0,0,0.000,0,-1,0
1785731887.640,5.480,-1.738,0.053,0.9950,0,-2.924,0.318,-2.875,0.2378,7.198,0.361,0.935,1.000,2.875,8.183,0.2049,0.0500,-0.170,-0.170,0.702,1.446,1.267,-1.420,0.0059,1.183,nan,0.00,1,1,1,0,1,0.0000,0.471,0,0.214,0,0.806,0,0,yolo,108.0,yolo,0,0,0,0.000,0,-1,0
1785731887.670,5.756,-1.732,0.287,0.9945,0,-1.853,0.324,-2.875,0.2404,7.198,0.361,0.935,1.000,2.875,7.610,0.2389,0.1045,-0.136,-0.136,0.756,1.449,1.266,-1.408,0.0059,1.184,nan,0.00,1,1,1,0,1,0.0000,0.472,0,0.215,0,0.822,0,0,yolo,108.0,yolo,0,0,0,0.000,0,-1,0
1785731887.702,5.756,-1.732,0.287,0.9945,0,-1.853,0.284,-2.875,0.2404,7.198,0.361,0.935,1.000,2.875,7.610,0.2389,0.1045,-0.136,-0.136,0.756,1.449,1.266,-1.448,0.0059,1.184,nan,0.00,1,1,1,0,1,0.0000,0.474,0,0.218,0,0.813,0,0,yolo,108.0,yolo,0,0,0,0.000,0,-1,0
1785731887.730,5.919,-1.727,0.527,0.9942,0,-3.353,0.328,-3.248,0.2571,7.324,0.416,0.935,1.000,3.248,13.210,-0.3575,-0.0725,-0.101,-0.283,0.812,1.453,1.257,-1.399,0.0059,1.193,nan,0.00,1,1,1,1,1,0.0000,0.474,0,0.218,0,0.813,0,0,yolo,107.9,yolo,0,0,0,0.000,0,-1,0
1785731887.769,6.206,-1.724,0.770,0.9937,0,-1.853,0.347,-3.248,0.2716,7.324,0.416,0.935,1.000,3.248,7.779,0.2185,0.0493,-0.064,-0.064,0.862,1.457,1.255,-1.377,0.0059,1.195,nan,0.00,1,1,1,0,1,0.0000,0.476,0,0.220,0,0.835,0,0,yolo,107.9,yolo,0,0,0,0.000,0,-1,0
1785731887.800,6.388,-1.722,1.038,0.9933,0,-0.777,0.363,-3.248,0.2717,7.324,0.416,0.935,1.000,3.248,7.164,0.2553,0.0909,-0.028,-0.028,0.903,1.461,1.255,-1.358,0.0059,1.195,nan,0.00,1,1,1,0,1,0.0000,0.476,0,0.220,0,0.835,2,0,yolo,107.9,yolo,0,0,0,0.000,0,-1,0
1785731887.828,6.452,-1.718,1.295,0.9932,0,-2.277,0.241,-3.391,0.2717,6.983,0.414,0.892,1.000,3.391,11.039,-0.1748,0.5338,0.007,-0.138,0.932,1.465,1.308,-1.477,0.0059,1.142,nan,0.00,1,1,1,1,1,0.0000,0.481,0,0.226,0,0.834,0,0,yolo,106.7,yolo,0,0,0,0.000,0,-1,0
1785731887.865,6.672,-1.728,1.574,0.9928,0,-0.777,0.279,-3.391,0.2718,6.983,0.414,0.892,1.000,3.391,6.963,0.1856,0.0172,0.048,0.048,0.949,1.470,1.306,-1.449,0.0059,1.144,nan,0.00,1,1,1,0,1,0.0000,0.466,0,0.208,0,0.865,0,0,yolo,106.7,yolo,0,0,0,0.000,0,-1,0
1785731887.907,6.750,-1.734,1.852,0.9926,0,0.440,0.307,-3.391,0.2719,6.983,0.414,0.892,1.000,3.391,6.310,0.2234,0.0211,0.086,0.086,0.953,1.474,1.305,-1.427,0.0059,1.145,nan,0.00,1,1,1,0,1,0.0000,0.466,0,0.208,0,0.865,0,0,yolo,106.7,yolo,0,0,0,0.000,0,-1,0
1785731887.937,6.708,-1.738,2.123,0.9927,0,-1.060,0.211,-3.357,0.2719,7.014,0.411,0.844,1.000,3.357,8.452,0.0312,0.3504,0.120,-0.018,0.948,1.479,1.351,-1.527,0.0059,1.099,nan,0.00,1,1,1,1,1,0.0000,0.485,0,0.232,0,0.836,0,0,yolo,107.2,yolo,0,0,0,0.000,0,-1,0
1785731887.975,6.800,-1.750,2.390,0.9925,0,0.440,0.249,-3.357,0.2719,7.014,0.411,0.844,1.000,3.357,5.592,0.1751,-0.0090,0.157,0.157,0.939,1.484,1.349,-1.501,0.0059,1.101,nan,0.00,1,1,1,0,1,0.0000,0.485,0,0.232,0,0.836,2,0,yolo,107.2,yolo,0,0,0,0.000,0,-1,0
1785731888.001,6.842,-1.761,2.653,0.9924,0,1.877,0.284,-3.357,0.2719,7.014,0.411,0.844,1.000,3.357,4.965,0.2116,-0.0195,0.194,0.194,0.928,1.489,1.348,-1.477,0.0059,1.102,nan,0.00,1,1,1,0,1,0.0000,0.176,0,0.066,0,0.878,0,0,yolo,107.2,yolo,0,0,0,0.000,0,-1,0
1785731888.038,6.842,-1.761,2.657,0.9924,0,1.885,0.235,-3.357,0.2719,7.014,0.411,0.844,1.000,3.357,4.956,0.2120,-0.0196,0.194,0.194,0.928,1.489,1.348,-1.527,0.0059,1.102,nan,0.00,1,1,1,0,1,0.0000,0.176,0,0.066,0,0.878,1,0,yolo,107.2,yolo,0,0,0,0.000,0,-1,0
1785731888.078,6.511,-1.776,3.188,0.9931,0,0.936,0.201,-3.211,0.2718,6.937,0.389,0.786,1.000,3.211,5.575,0.1766,0.6263,0.257,0.127,0.905,1.500,1.410,-1.576,0.0059,1.040,nan,0.00,1,1,1,1,1,0.0000,0.375,0,0.249,0,0.851,0,0,yolo,119.6,yolo,0,0,0,0.000,0,-1,0
1785731888.109,6.433,-1.788,3.455,0.9932,0,2.436,0.234,-3.211,0.2717,6.937,0.389,0.786,1.000,3.211,3.624,0.1631,-0.0122,0.290,0.290,0.893,1.506,1.409,-1.554,0.0059,1.041,nan,0.00,1,1,1,0,1,0.0000,0.409,0,0.137,1,0.840,0,0,yolo,119.6,yolo,0,0,0,0.000,0,-1,0
1785731888.145,6.433,-1.788,3.455,0.9932,0,2.809,0.173,-3.211,0.2717,6.937,0.389,0.786,1.000,3.211,3.624,0.1631,-0.0122,0.290,0.290,0.893,1.506,1.409,-1.615,0.0059,1.041,nan,0.00,1,1,1,0,1,0.0000,0.409,0,0.137,1,0.840,1,0,yolo,119.6,yolo,0,0,0,0.000,0,-1,0
1785731888.187,5.938,-1.807,3.991,0.9941,0,3.250,0.079,-2.837,0.2858,6.516,0.323,0.711,1.000,2.837,2.689,0.4256,0.9494,0.348,0.173,0.867,1.519,1.504,-1.727,0.0058,0.946,nan,0.00,1,1,1,1,1,0.0000,0.582,0,0.207,1,0.821,0,0,yolo,103.8,yolo,0,0,0,0.000,0,-1,0
1785731888.217,5.938,-1.807,3.991,0.9941,0,4.306,0.008,-2.837,0.2713,6.516,0.323,0.711,1.000,2.837,1.632,0.1752,0.0000,0.348,0.348,0.867,1.519,1.504,-1.798,0.0057,0.946,nan,0.00,1,1,1,0,1,0.0000,0.151,0,0.128,0,0.815,0,0,yolo,103.8,yolo,0,0,0,0.000,0,-1,0
1785731888.249,5.517,-1.831,4.244,0.9949,0,4.324,0.079,-2.837,0.2710,6.516,0.323,0.711,1.000,2.837,1.193,0.1993,-0.0130,0.372,0.372,0.854,1.526,1.503,-1.752,0.0056,0.947,nan,0.00,1,1,1,0,1,0.0000,0.302,0,0.128,0,0.815,0,0,yolo,103.8,yolo,0,0,0,0.000,0,-1,0
1785731888.273,5.127,-1.844,4.466,0.9955,0,4.378,-0.124,-2.289,0.2786,6.241,0.249,0.628,1.000,2.289,0.749,0.4478,0.7384,0.393,0.199,0.843,1.532,1.602,-1.968,0.0055,0.848,nan,0.00,1,1,1,1,1,0.0000,0.401,0,0.126,1,0.808,0,0,yolo,117.5,yolo,0,0,0,0.000,0,-1,0
1785731888.312,4.751,-1.869,4.655,0.9960,0,5.736,-0.069,-2.289,0.2705,6.241,0.249,0.628,1.000,2.289,-0.985,0.2117,-0.0129,0.410,0.410,0.830,1.539,1.600,-1.939,0.0054,0.850,nan,0.00,1,1,1,0,1,0.0000,0.463,0,0.204,0,0.793,0,0,yolo,117.5,yolo,0,0,0,0.000,0,-1,0
1785731888.344,4.236,-1.889,4.828,0.9967,0,5.478,-0.024,-2.289,0.2702,6.241,0.249,0.628,1.000,2.289,-1.242,0.2254,-0.0260,0.424,0.424,0.817,1.546,1.600,-1.913,0.0053,0.850,nan,0.00,1,1,1,0,1,0.0000,0.463,0,0.204,0,0.793,0,0,yolo,117.5,yolo,0,0,0,0.000,0,-1,0
1785731888.375,3.744,-1.902,5.009,0.9973,0,5.186,0.012,-2.289,0.2700,6.241,0.249,0.628,1.000,2.289,-1.442,0.2360,-0.0376,0.435,0.435,0.805,1.553,1.600,-1.890,0.0053,0.850,nan,0.00,1,1,1,0,1,0.0000,0.574,0,0.199,1,0.769,0,0,yolo,117.5,yolo,0,0,0,0.000,0,-1,0
1785731888.406,3.744,-1.902,5.009,0.9973,0,6.686,-0.294,-1.570,0.2866,6.093,0.167,0.543,1.000,1.570,-3.843,0.7647,0.9486,0.435,0.280,0.805,1.553,1.695,-2.196,0.0052,0.755,nan,0.00,1,1,1,1,1,0.0000,0.574,0,0.199,1,0.769,0,0,yolo,115.6,yolo,0,0,0,0.000,0,-1,0
1785731888.442,3.286,-1.912,5.193,0.9978,0,6.421,-0.242,-1.570,0.2700,6.093,0.167,0.543,1.000,1.570,-3.135,0.1631,-0.0101,0.443,0.443,0.795,1.559,1.695,-2.154,0.0051,0.755,nan,0.00,1,1,1,0,1,0.0000,0.574,0,0.199,1,0.769,1,0,yolo,115.6,yolo,0,0,0,0.000,0,-1,0
1785731888.473,2.657,-1.947,5.337,0.9983,0,5.853,-0.160,-1.570,0.2533,6.093,0.167,0.543,1.000,1.570,-3.197,0.1663,-0.0215,0.446,0.446,0.784,1.567,1.693,-2.107,0.0050,0.757,nan,0.00,1,1,1,0,1,0.0000,0.576,0,0.201,1,0.773,2,0,yolo,115.6,yolo,0,0,0,0.000,0,-1,0
1785731888.499,2.101,-1.966,5.455,0.9987,0,7.353,-0.313,-0.705,0.2700,5.883,0.072,0.471,0.981,0.705,-7.931,0.8874,0.8246,0.448,0.371,0.785,1.574,1.776,-2.279,0.0050,0.674,nan,0.00,1,1,1,1,1,0.0000,0.466,0,0.208,0,0.765,0,0,yolo,112.9,yolo,0,0,0,0.000,0,-1,0
1785731888.534,1.415,-1.996,5.529,0.9991,0,6.405,-0.250,-0.699,0.2533,5.883,0.072,0.471,0.981,0.705,-4.990,0.0734,0.0032,0.444,0.444,0.789,1.581,1.773,-2.246,0.0049,0.677,nan,0.00,1,1,1,0,1,0.0000,0.466,0,0.208,0,0.765,3,0,yolo,112.9,yolo,0,0,0,0.000,0,-1,0
1785731888.562,0.871,-2.018,5.568,0.9993,0,5.764,-0.211,-0.694,0.2690,5.883,0.072,0.471,0.981,0.705,-4.893,0.0683,0.0154,0.439,0.439,0.801,1.587,1.771,-2.229,0.0048,0.679,nan,0.00,1,1,1,0,1,0.0000,0.586,0,0.211,1,0.774,0,0,yolo,112.9,yolo,0,0,0,0.000,0,-1,0
1785731888.599,0.871,-2.018,5.568,0.9993,0,5.764,-0.280,-0.690,0.2690,5.883,0.072,0.471,0.981,0.705,-4.893,0.0683,0.0154,0.439,0.439,0.801,1.587,1.771,-2.298,0.0048,0.679,nan,0.00,1,1,1,0,1,0.0000,0.586,0,0.211,1,0.774,1,0,yolo,112.9,yolo,0,0,0,0.000,0,-1,0
1785731888.628,0.373,-2.036,5.617,0.9993,0,7.264,-0.421,0.230,0.2775,5.640,-0.016,0.400,0.940,-0.161,-9.095,0.6395,0.5915,0.431,0.399,0.815,1.594,1.850,-2.457,0.0047,0.600,nan,0.00,1,1,1,1,1,0.0000,0.593,0,0.218,1,0.759,0,0,yolo,117.7,yolo,0,0,0,0.000,0,-1,0
1785731888.662,-0.142,-2.060,5.675,0.9994,0,6.337,-0.354,0.286,0.2688,5.640,-0.016,0.400,0.940,-0.161,-6.479,0.0205,0.0191,0.420,0.420,0.834,1.601,1.848,-2.414,0.0046,0.602,nan,0.00,1,1,1,0,1,0.0000,0.593,0,0.218,1,0.759,2,0,yolo,117.7,yolo,0,0,0,0.000,0,-1,0
1785731888.703,-0.769,-2.096,5.670,0.9992,0,5.400,-0.271,0.328,0.2688,5.640,-0.016,0.400,0.940,-0.161,-6.169,0.0042,0.0272,0.403,0.403,0.842,1.608,1.844,-2.367,0.0046,0.606,nan,0.00,1,1,1,0,1,0.0000,0.712,0,0.218,2,0.748,0,0,yolo,117.7,yolo,0,0,0,0.000,0,-1,0
1785731888.734,-1.272,-2.121,5.620,0.9991,0,6.900,-0.379,1.344,0.2779,5.407,-0.105,0.329,0.901,-1.115,-11.518,0.6753,0.5577,0.387,0.417,0.848,1.615,1.918,-2.500,0.0045,0.532,nan,0.00,1,1,1,1,1,0.0000,0.600,0,0.225,1,0.798,0,0,yolo,118.4,yolo,0,0,0,0.000,0,-1,0
1785731888.766,-1.838,-2.154,5.546,0.9988,0,5.717,-0.346,1.380,0.2688,5.407,-0.105,0.329,0.901,-1.115,-7.555,-0.0490,-0.0064,0.368,0.368,0.841,1.621,1.914,-2.500,0.0045,0.536,nan,0.00,1,1,1,0,1,0.0000,0.600,0,0.225,1,0.798,0,0,yolo,118.4,yolo,0,0,0,0.000,0,-1,0
1785731888.798,-2.412,-2.188,5.462,0.9984,0,4.748,-0.294,1.407,0.2689,5.407,-0.105,0.329,0.901,-1.115,-7.160,-0.0701,-0.0163,0.347,0.347,0.831,1.627,1.910,-2.483,0.0044,0.540,nan,0.00,1,1,1,0,1,0.0000,0.578,0,0.203,1,0.824,0,0,yolo,118.4,yolo,0,0,0,0.000,0,-1,0
1785731888.834,-2.817,-2.219,5.344,0.9980,0,3.943,-0.237,1.428,0.2689,5.407,-0.105,0.329,0.901,-1.115,-6.761,-0.0913,-0.0277,0.326,0.326,0.820,1.634,1.907,-2.456,0.0044,0.543,nan,0.00,1,1,1,0,1,0.0000,0.578,0,0.203,1,0.824,2,0,yolo,118.4,yolo,0,0,0,0.000,0,-1,0
1785731888.876,-3.183,-2.246,5.231,0.9977,0,5.443,-0.254,2.293,0.2856,5.203,-0.188,0.234,0.867,-2.072,-14.000,0.8696,0.9522,0.302,0.418,0.809,1.641,2.002,-2.500,0.0043,0.448,nan,0.00,1,1,1,1,1,0.0000,0.689,0,0.199,2,0.789,0,0,yolo,114.6,yolo,0,0,0,0.000,0,-1,0
1785731888.907,-3.716,-2.282,5.057,0.9971,0,4.053,-0.218,2.239,0.2689,5.203,-0.188,0.234,0.867,-2.072,-7.769,-0.1445,-0.0135,0.273,0.273,0.795,1.648,1.997,-2.500,0.0043,0.453,nan,0.00,1,1,1,0,1,0.0000,0.230,0,0.201,0,0.797,0,0,yolo,114.6,yolo,0,0,0,0.000,0,-1,0
1785731888.937,-4.082,-2.315,4.855,0.9966,0,3.185,-0.185,2.198,0.2543,5.203,-0.188,0.234,0.867,-2.072,-7.266,-0.1715,-0.0242,0.246,0.246,0.785,1.655,1.993,-2.500,0.0042,0.457,nan,0.00,1,1,1,0,1,0.0000,0.461,0,0.201,0,0.797,0,0,yolo,114.6,yolo,0,0,0,0.000,0,-1,0
1785731888.969,-4.082,-2.315,4.855,0.9966,0,4.685,-0.185,3.040,0.2709,5.046,-0.262,0.128,0.841,-2.976,-14.000,0.5967,0.8039,0.246,0.379,0.785,1.655,2.100,-2.500,0.0042,0.350,nan,0.00,1,1,1,1,1,0.0000,0.454,0,0.192,0,0.760,0,0,yolo,106.5,yolo,0,0,0,0.000,0,-1,0
1785731889.000,-4.753,-2.378,4.476,0.9957,0,3.398,-0.122,3.084,0.2588,5.046,-0.262,0.128,0.841,-2.976,-8.151,-0.1903,0.0073,0.189,0.189,0.792,1.669,2.092,-2.500,0.0042,0.358,nan,0.00,1,1,1,0,1,0.0000,0.454,0,0.192,0,0.760,0,0,yolo,106.5,yolo,0,0,0,0.000,0,-1,0
1785731889.037,-4.753,-2.378,4.476,0.9957,0,3.398,-0.122,3.116,0.2588,5.046,-0.262,0.128,0.841,-2.976,-8.151,-0.1903,0.0073,0.189,0.189,0.792,1.669,2.092,-2.500,0.0041,0.358,nan,0.00,1,1,1,0,1,0.0000,0.292,0,0.112,0,0.744,1,0,yolo,106.5,yolo,0,0,0,0.000,0,-1,0
1785731889.068,-5.045,-2.409,4.239,0.9952,0,2.600,-0.091,3.141,0.2694,5.046,-0.262,0.128,0.841,-2.976,-7.646,-0.2177,0.0159,0.161,0.161,0.800,1.675,2.088,-2.500,0.0041,0.362,nan,0.00,1,1,1,0,1,0.0000,0.450,0,0.187,0,0.713,1,0,yolo,106.5,yolo,0,0,0,0.000,0,-1,0
1785731889.109,-5.559,-2.474,3.747,0.9944,0,4.100,-0.026,3.810,0.2860,4.865,-0.313,0.036,0.811,-3.686,-13.061,0.4522,0.6478,0.100,0.264,0.842,1.690,2.148,-2.500,0.0041,0.276,nan,0.00,1,1,1,1,1,0.0000,0.506,0,0.131,2,0.672,0,0,yolo,120.8,yolo,0,0,0,0.000,0,-1,0
1785731889.140,-5.913,-2.506,3.468,0.9937,0,2.600,0.006,3.857,0.2697,4.865,-0.313,0.036,0.811,-3.686,-7.602,-0.1984,0.0063,0.066,0.066,0.848,1.698,2.143,-2.500,0.0040,0.281,nan,0.00,1,1,1,0,1,0.0000,0.402,0,0.127,1,0.660,0,0,yolo,120.8,yolo,0,0,0,0.000,0,-1,0
1785731889.171,-5.913,-2.506,3.468,0.9937,0,1.689,0.006,3.892,0.2697,4.865,-0.313,0.036,0.811,-3.686,-7.602,-0.1984,0.0063,0.066,0.066,0.848,1.698,2.143,-2.500,0.0040,0.281,nan,0.00,1,1,1,0,1,0.0000,0.257,0,0.054,1,0.653,0,0,yolo,120.8,yolo,0,0,0,0.000,0,-1,0
1785731889.203,-6.130,-2.535,3.183,0.9933,0,3.189,0.035,4.183,0.2864,4.679,-0.340,-0.059,0.780,-4.151,-12.291,0.3801,0.9566,0.036,0.191,0.851,1.705,2.136,-2.500,0.0040,0.185,nan,0.00,1,1,1,1,1,0.0000,0.257,0,0.053,1,0.640,0,0,yolo,118.2,yolo,0,0,0,0.000,0,-1,0
1785731889.233,-6.251,-2.565,2.907,0.9931,0,1.689,0.065,4.103,0.2698,4.679,-0.340,-0.059,0.780,-4.151,-7.484,-0.1835,-0.0022,0.007,0.007,0.849,1.712,2.136,-2.500,0.0040,0.188,nan,0.00,1,1,1,0,1,0.0000,0.200,0,0.124,1,0.623,0,0,yolo,118.2,yolo,0,0,0,0.000,0,-1,0
1785731889.265,-6.413,-2.594,2.618,0.9927,0,0.515,0.094,4.044,0.2699,4.679,-0.340,-0.059,0.780,-4.151,-6.928,-0.2141,-0.0118,-0.023,-0.023,0.839,1.720,2.136,-2.500,0.0039,0.191,nan,0.00,1,1,1,0,1,0.0000,0.599,0,0.124,3,0.614,0,0,yolo,118.2,yolo,0,0,0,0.000,0,-1,0
1785731889.296,-6.455,-2.619,2.322,0.9926,0,-0.057,0.119,4.000,0.2699,4.679,-0.340,-0.059,0.780,-4.151,-6.398,-0.2433,-0.0223,-0.052,-0.052,0.829,1.728,2.136,-2.500,0.0039,0.194,nan,0.00,1,1,1,0,1,0.0000,0.588,0,0.115,3,0.605,0,0,yolo,118.2,yolo,0,0,0,0.000,0,-1,0
1785731889.328,-6.446,-2.643,2.038,0.9926,0,1.443,0.143,4.088,0.2866,4.472,-0.337,-0.166,0.745,-4.305,-9.195,0.0898,0.8557,-0.080,0.059,0.822,1.736,2.094,-2.500,0.0039,0.080,nan,0.00,1,1,1,1,1,0.0000,0.486,0,0.111,2,0.594,0,0,yolo,115.9,yolo,0,0,0,0.000,0,-1,0
1785731889.358,-6.551,-2.666,1.746,0.9924,0,-0.057,0.166,4.087,0.2700,4.472,-0.337,-0.166,0.745,-4.305,-5.821,-0.1691,-0.0087,-0.110,-0.110,0.813,1.745,2.094,-2.500,0.0039,0.082,nan,0.00,1,1,1,0,1,0.0000,0.486,0,0.111,2,0.594,0,0,yolo,115.9,yolo,0,0,0,0.000,0,-1,0
1785731889.392,-6.560,-2.686,1.449,0.9924,0,-1.256,0.186,4.086,0.2700,4.472,-0.337,-0.166,0.745,-4.305,-5.304,-0.1978,-0.0192,-0.139,-0.139,0.803,1.753,2.094,-2.500,0.0039,0.084,nan,0.00,1,1,1,0,1,0.0000,0.343,0,0.054,2,0.580,0,0,yolo,115.9,yolo,0,0,0,0.000,0,-1,0
1785731889.421,-6.434,-2.708,1.119,0.9926,0,-1.654,0.208,4.085,0.2661,4.472,-0.337,-0.166,0.745,-4.305,-4.779,-0.2269,-0.0282,-0.168,-0.168,0.794,1.763,2.094,-2.500,0.0039,0.085,nan,0.00,1,1,1,0,1,0.0000,0.341,0,0.052,2,0.568,0,0,yolo,115.9,yolo,0,0,0,0.000,0,-1,0
1785731889.453,-6.287,-2.726,0.799,0.9929,0,-0.707,0.332,3.953,0.2827,4.289,-0.308,-0.278,0.715,-4.110,-5.580,-0.1457,1.2336,-0.195,-0.087,0.788,1.773,2.058,-2.394,0.0039,-0.039,nan,0.00,1,1,1,1,1,0.0000,0.339,0,0.049,2,0.558,0,0,yolo,116.3,yolo,0,0,0,0.000,0,-1,0
1785731889.486,-6.220,-2.732,0.463,0.9930,0,-2.207,0.379,3.978,0.2705,4.289,-0.308,-0.278,0.715,-4.110,-3.643,-0.1376,-0.0100,-0.225,-0.225,0.778,1.783,2.058,-2.352,0.0039,-0.039,nan,0.00,1,1,1,0,1,0.0000,0.336,0,0.044,2,0.549,0,0,yolo,116.3,yolo,0,0,0,0.000,0,-1,0
1785731889.523,-6.220,-2.732,0.463,0.9930,0,-2.577,0.279,3.996,0.2705,4.289,-0.308,-0.278,0.715,-4.110,-3.643,-0.1376,-0.0100,-0.225,-0.225,0.778,1.783,2.058,-2.453,0.0039,-0.039,nan,0.00,1,1,1,0,1,0.0000,0.336,0,0.044,2,0.549,1,0,yolo,116.3,yolo,0,0,0,0.000,0,-1,0
1785731889.556,-5.983,-2.732,0.106,0.9934,0,-1.716,0.448,3.786,0.2872,4.105,-0.285,-0.363,0.684,-3.964,-4.267,-0.0783,0.7248,-0.253,-0.157,0.771,1.794,2.021,-2.284,0.0039,-0.135,nan,0.00,1,1,1,1,1,0.0000,0.246,0,0.034,1,0.534,0,0,yolo,116.9,yolo,0,0,0,0.000,0,-1,0
1785731889.596,-5.808,-2.723,-0.243,0.9937,0,-3.216,0.501,3.713,0.2732,4.105,-0.285,-0.363,0.684,-3.964,-2.346,-0.1235,-0.0116,-0.281,-0.281,0.759,1.805,2.021,-2.223,0.0039,-0.137,nan,0.00,1,1,1,0,1,0.0000,0.241,0,0.027,1,0.525,0,0,yolo,116.9,yolo,0,0,0,0.000,0,-1,0
1785731889.631,-5.610,-2.712,-0.545,0.9941,0,-3.675,0.524,3.658,0.2724,4.105,-0.285,-0.363,0.684,-3.964,-1.935,-0.1466,-0.0294,-0.304,-0.304,0.741,1.815,2.021,-2.188,0.0039,-0.139,nan,0.00,1,1,1,0,1,0.0000,0.241,0,0.027,1,0.525,1,0,yolo,116.9,yolo,0,0,0,0.000,0,-1,0
1785731889.664,-5.251,-2.693,-0.848,0.9947,0,-3.744,0.670,3.263,0.2891,3.838,-0.230,-0.444,0.640,-3.433,-1.506,-0.3562,1.0129,-0.324,-0.199,0.720,1.824,1.968,-2.024,0.0040,-0.240,nan,0.00,1,1,1,1,1,0.0000,0.203,0,0.133,1,0.428,0,0,yolo,117.5,yolo,0,0,0,0.000,0,-1,0
1785731889.704,-4.917,-2.659,-1.118,0.9952,0,-4.764,0.655,3.254,0.2755,3.838,-0.230,-0.444,0.640,-3.433,-0.153,-0.1423,-0.0240,-0.341,-0.341,0.696,1.833,1.968,-2.004,0.0040,-0.244,nan,0.00,1,1,1,0,1,0.0000,0.680,0,0.192,2,0.270,0,0,yolo,117.5,yolo,0,0,0,0.000,0,-1,0
1785731889.735,-4.458,-2.620,-1.390,0.9959,0,-4.574,0.639,3.247,0.2743,3.838,-0.230,-0.444,0.640,-3.433,0.115,-0.1576,-0.0520,-0.357,-0.357,0.668,1.843,1.968,-1.980,0.0040,-0.249,nan,0.00,1,1,1,0,1,0.0000,0.680,0,0.192,2,0.270,0,0,yolo,117.5,yolo,0,0,0,0.000,0,-1,0
1785731889.766,-4.026,-2.581,-1.666,0.9965,0,-4.356,0.628,3.242,0.2732,3.838,-0.230,-0.444,0.640,-3.433,0.330,-0.1698,-0.0746,-0.369,-0.369,0.645,1.852,1.965,-1.953,0.0040,-0.253,nan,0.00,1,1,1,0,1,0.0000,0.700,0,0.252,2,0.114,0,0,yolo,117.5,yolo,0,0,0,0.000,0,-1,0
1785731889.793,-3.614,-2.541,-1.946,0.9970,0,-5.822,0.916,2.623,0.2899,3.593,-0.170,-0.529,0.599,-2.707,2.208,-0.6828,1.5640,-0.378,-0.295,0.629,1.861,1.841,-1.626,0.0041,-0.358,nan,0.00,1,1,1,1,1,0.0000,0.700,0,0.252,2,0.114,0,0,yolo,113.1,yolo,0,0,0,0.000,0,-1,0
1785731889.836,-3.614,-2.541,-1.946,0.9970,0,-5.230,0.818,2.500,0.2797,3.593,-0.170,-0.529,0.599,-2.707,1.616,-0.0839,0.0000,-0.378,-0.378,0.629,1.861,1.841,-1.724,0.0041,-0.358,nan,0.00,1,1,1,0,1,0.0000,0.700,0,0.272,2,0.229,0,0,yolo,113.1,yolo,0,0,0,0.000,0,-1,0
1785731889.873,-2.570,-2.404,-2.375,0.9981,0,-4.349,0.827,2.409,0.2776,3.593,-0.170,-0.529,0.599,-2.707,1.779,-0.0933,-0.0485,-0.388,-0.388,0.580,1.875,1.832,-1.577,0.0042,-0.370,nan,0.00,1,1,1,0,1,0.0000,0.700,0,0.272,2,0.229,0,0,yolo,113.1,yolo,0,0,0,0.000,0,-1,0
1785731889.904,-2.570,-2.404,-2.375,0.9981,0,-4.706,0.956,1.832,0.2943,3.375,-0.113,-0.594,0.563,-1.915,2.136,-0.2800,0.4556,-0.388,-0.282,0.580,1.875,1.743,-1.448,0.0042,-0.446,nan,0.00,1,1,1,1,1,0.0000,0.800,0,0.267,3,0.024,0,0,yolo,116.6,yolo,0,0,0,0.000,0,-1,0
1785731889.935,-2.181,-2.339,-2.568,0.9984,0,-5.378,0.917,1.755,0.2811,3.375,-0.113,-0.594,0.563,-1.915,3.197,-0.1079,-0.0241,-0.390,-0.390,0.556,1.881,1.740,-1.422,0.0042,-0.451,nan,0.00,1,1,1,0,1,0.0000,0.800,0,0.267,3,0.024,0,0,yolo,116.6,yolo,0,0,0,0.000,0,-1,0
1785731889.966,-1.646,-2.257,-2.735,0.9988,0,-4.830,0.856,1.697,0.2798,3.375,-0.113,-0.594,0.563,-1.915,3.184,-0.1072,-0.0555,-0.389,-0.389,0.525,1.887,1.735,-1.400,0.0043,-0.457,nan,0.00,1,1,1,0,1,0.0000,0.700,0,0.348,2,-0.072,0,0,yolo,116.6,yolo,0,0,0,0.000,0,-1,0
1785731890.005,-1.193,-2.181,-2.866,0.9991,0,-5.771,0.999,1.010,0.2965,3.130,-0.055,-0.655,0.522,-1.002,4.579,-0.4984,0.7770,-0.387,-0.320,0.489,1.892,1.648,-1.181,0.0043,-0.534,nan,0.00,1,1,1,1,1,0.0000,0.700,0,0.348,2,-0.072,2,0,yolo,107.1,yolo,0,0,0,0.000,0,-1,0
1785731890.042,-0.615,-2.085,-2.966,0.9993,0,-4.932,0.906,0.867,0.2830,3.130,-0.055,-0.655,0.522,-1.002,4.316,-0.0614,-0.0403,-0.382,-0.382,0.449,1.896,1.644,-1.179,0.0044,-0.540,nan,0.00,1,1,1,0,1,-0.6323,0.929,1,0.409,6,-0.097,0,0,yolo,107.1,yolo,0,0,0,0.000,0,-1,0
1785731890.074,-0.173,-2.004,-3.027,0.9994,0,-4.388,0.818,0.760,0.2814,3.130,-0.055,-0.655,0.522,-1.002,4.214,-0.0554,-0.0794,-0.376,-0.376,0.409,1.900,1.641,-1.186,0.0045,-0.545,nan,0.00,1,1,1,0,1,-0.5950,0.917,1,0.408,5,0.087,0,0,yolo,107.1,yolo,0,0,0,0.000,0,-1,0
1785731890.105,0.224,-1.931,-3.086,0.9994,0,-5.888,0.900,-0.085,0.2981,2.928,-0.010,-0.711,0.488,-0.203,6.392,-0.6126,1.0027,-0.368,-0.360,0.369,1.902,1.574,-1.030,0.0045,-0.612,nan,0.00,1,1,1,1,1,-0.5670,0.917,1,0.408,5,0.087,0,0,yolo,105.6,yolo,0,0,0,0.000,0,-1,0
1785731890.136,0.747,-1.853,-3.101,0.9994,0,-4.388,0.810,-0.414,0.2853,2.928,-0.010,-0.711,0.488,-0.203,4.862,0.0021,-0.0436,-0.358,-0.358,0.325,1.904,1.571,-1.043,0.0046,-0.616,nan,0.00,1,1,1,0,1,-0.5098,0.786,1,0.411,4,0.069,0,0,yolo,105.6,yolo,0,0,0,0.000,0,-1,0
1785731890.172,0.747,-1.853,-3.101,0.9994,0,-4.114,0.772,-0.660,0.2853,2.928,-0.010,-0.711,0.488,-0.203,4.862,0.0021,-0.0436,-0.358,-0.358,0.325,1.904,1.571,-1.081,0.0046,-0.616,nan,0.00,1,1,1,0,1,0.0000,0.812,0,0.514,5,-0.101,1,0,yolo,105.6,yolo,0,0,0,0.000,0,-1,0
1785731890.198,1.131,-1.783,-3.060,0.9993,0,-3.571,0.697,-0.845,0.2834,2.928,-0.010,-0.711,0.488,-0.203,4.702,0.0117,-0.0905,-0.348,-0.348,0.278,1.905,1.569,-1.086,0.0047,-0.620,nan,0.00,1,1,1,0,1,0.0000,0.857,0,0.444,5,-0.161,0,0,yolo,105.6,yolo,0,0,0,0.000,0,-1,0
1785731890.238,1.443,-1.722,-2.988,0.9992,0,-4.245,0.734,-1.306,0.3001,2.782,0.021,-0.750,0.464,0.428,5.689,-0.2299,0.3429,-0.338,-0.326,0.234,1.906,1.525,-0.988,0.0048,-0.665,nan,0.00,1,1,1,1,1,0.0279,0.857,1,0.492,5,-0.291,0,0,yolo,108.3,yolo,0,0,0,0.000,0,-1,0
1785731890.270,1.751,-1.665,-2.915,0.9991,0,-3.424,0.668,-1.396,0.2874,2.782,0.021,-0.750,0.464,0.428,5.176,-0.0012,-0.0388,-0.327,-0.327,0.195,1.907,1.524,-0.997,0.0048,-0.668,nan,0.00,1,1,1,0,1,0.0457,0.917,1,0.507,5,-0.310,0,0,yolo,108.3,yolo,0,0,0,0.000,0,-1,0
1785731890.309,2.112,-1.606,-2.829,0.9989,0,-2.862,0.599,-1.463,0.2856,2.782,0.021,-0.750,0.464,0.428,4.974,0.0110,-0.0830,-0.315,-0.315,0.151,1.907,1.522,-1.007,0.0049,-0.671,nan,0.00,1,1,1,0,1,0.0590,0.917,1,0.507,5,-0.310,0,0,yolo,108.3,yolo,0,0,0,0.000,0,-1,0
1785731890.338,2.395,-1.555,-2.723,0.9988,0,-3.404,0.645,-1.839,0.3023,2.600,0.049,-0.789,0.433,1.075,5.799,-0.2202,0.3370,-0.303,-0.291,0.109,1.906,1.478,-0.910,0.0050,-0.716,nan,0.00,1,1,1,1,1,0.0687,0.900,1,0.433,4,-0.206,0,0,yolo,111.5,yolo,0,0,0,0.000,0,-1,0
1785731890.372,2.632,-1.510,-2.608,0.9986,0,-2.664,0.589,-1.867,0.2891,2.600,0.049,-0.789,0.433,1.075,5.297,0.0016,-0.0417,-0.290,-0.290,0.067,1.906,1.477,-0.920,0.0050,-0.717,nan,0.00,1,1,1,0,1,0.0760,0.900,1,0.433,4,-0.206,0,0,yolo,111.5,yolo,0,0,0,0.000,0,-1,0
1785731890.410,2.912,-1.461,-2.479,0.9984,0,-2.138,0.530,-1.888,0.2870,2.600,0.049,-0.789,0.433,1.075,5.049,0.0167,-0.0913,-0.275,-0.275,0.017,1.905,1.476,-0.931,0.0051,-0.719,nan,0.00,1,1,1,0,1,0.1014,0.917,1,0.515,5,-0.232,0,0,yolo,111.5,yolo,0,0,0,0.000,0,-1,0
1785731890.455,3.135,-1.418,-2.329,0.9982,0,-1.673,0.476,-1.904,0.2849,2.600,0.049,-0.789,0.433,1.075,4.808,0.0314,-0.1429,-0.260,-0.260,-0.034,1.904,1.475,-0.942,0.0052,-0.721,nan,0.00,1,1,1,0,1,0.1403,0.750,1,0.541,3,-0.013,3,0,yolo,111.5,yolo,0,0,0,0.000,0,-1,0
1785731890.498,3.482,-1.344,-2.018,0.9979,0,-0.758,0.374,-1.915,0.2805,2.600,0.049,-0.789,0.433,1.075,4.241,0.0660,-0.2452,-0.225,-0.225,-0.136,1.901,1.474,-0.970,0.0053,-0.724,nan,0.00,1,1,1,0,1,0.0000,0.643,0,0.565,2,-0.055,0,0,yolo,111.5,yolo,0,0,0,0.000,0,-1,0
1785731890.529,3.482,-1.344,-2.018,0.9979,0,-0.758,0.385,-1.924,0.2806,2.600,0.049,-0.789,0.433,1.075,4.241,0.0660,-0.2452,-0.225,-0.225,-0.136,1.901,1.474,-0.959,0.0053,-0.724,nan,0.00,1,1,1,0,1,0.4386,0.800,1,0.392,3,0.027,0,0,yolo,111.5,yolo,0,0,0,0.000,0,-1,0
1785731890.561,3.557,-1.317,-1.848,0.9978,0,-0.358,0.346,-1.931,0.2787,2.600,0.049,-0.789,0.433,1.075,3.915,0.0858,-0.2907,-0.205,-0.205,-0.182,1.900,1.473,-0.971,0.0054,-0.725,nan,0.00,1,1,1,0,1,0.4386,0.800,1,0.392,3,0.027,0,0,yolo,111.5,yolo,0,0,0,0.000,0,-1,0
1785731890.593,3.630,-1.292,-1.693,0.9977,0,0.012,0.312,-1.936,0.2773,2.600,0.049,-0.789,0.433,1.075,3.618,0.1038,-0.3240,-0.187,-0.187,-0.215,1.898,1.473,-0.980,0.0055,-0.726,nan,0.00,1,1,1,0,1,0.4353,0.800,1,0.253,3,0.222,0,0,yolo,111.5,yolo,0,0,0,0.000,0,-1,0
1785731890.625,3.668,-1.271,-1.547,0.9977,0,0.333,0.285,-1.940,0.2763,2.600,0.049,-0.789,0.433,1.075,3.335,0.1211,-0.3492,-0.170,-0.170,-0.241,1.896,1.472,-0.986,0.0055,-0.727,nan,0.00,1,1,1,0,1,0.3237,0.400,1,0.264,3,0.194,0,0,yolo,111.5,yolo,0,0,0,0.000,0,-1,0
1785731890.652,3.647,-1.255,-1.400,0.9977,0,-1.167,0.943,-3.440,0.2929,5.189,4.411,-1.947,0.865,25.000,14.000,-0.0000,-0.0000,-0.153,-0.153,-0.261,1.895,1.200,-0.312,0.0055,-1.548,nan,0.00,1,1,1,1,1,0.2146,0.400,1,0.264,3,0.194,0,0,yolo,101.4,yolo,0,0,0,0.000,0,-1,0
1785731890.687,3.732,-1.197,-1.192,0.9977,0,-2.667,0.877,-4.940,0.3096,5.189,4.411,-1.947,0.865,25.000,14.000,-0.0000,-0.0000,-0.139,-0.139,-0.281,1.893,1.200,-0.320,0.0055,-1.547,nan,7.75,1,1,1,1,1,0.2706,0.800,1,0.281,3,0.161,0,0,yolo,101.4,yolo,0,0,0,0.000,0,-1,0
1785731890.721,3.948,-1.147,-0.847,0.9974,0,-4.167,0.813,-6.440,0.3164,5.189,4.411,-1.947,0.865,25.000,14.000,-0.0000,-0.0000,-0.129,-0.129,-0.311,1.891,1.200,-0.334,0.0055,-1.534,nan,8.00,1,1,1,1,1,0.3125,0.800,1,0.281,3,0.161,0,0,yolo,101.4,yolo,0,0,0,0.000,0,-1,0
1785731890.751,4.293,-1.118,-0.345,0.9970,0,-5.667,0.764,-6.320,0.3158,5.189,4.411,-1.947,0.865,25.000,14.000,-0.0000,-0.0000,-0.122,-0.122,-0.356,1.888,1.200,-0.354,0.0055,-1.510,nan,0.00,1,1,1,1,1,0.2034,0.400,1,0.283,3,0.024,0,0,yolo,101.4,yolo,0,0,0,0.000,0,-1,0
1785731890.782,4.740,-1.096,0.155,0.9964,0,-7.167,0.726,-6.320,0.3150,5.189,4.411,-1.947,0.865,25.000,14.000,-0.0000,-0.0000,-0.114,-0.114,-0.414,1.885,1.200,-0.369,0.0055,-1.476,nan,0.00,1,1,1,1,1,0.0944,0.400,1,0.283,3,0.024,0,0,yolo,101.4,yolo,0,0,0,0.000,0,-1,0
1785731890.812,5.388,-1.075,0.670,0.9954,0,-8.612,0.689,-6.320,0.3138,5.189,4.411,-1.947,0.865,25.000,14.000,-0.0000,-0.0000,-0.100,-0.100,-0.498,1.882,1.200,-0.386,0.0055,-1.426,nan,0.00,1,1,1,1,1,0.0000,0.900,0,0.330,4,0.182,0,0,yolo,101.4,yolo,0,0,0,0.000,0,-1,0
1785731890.843,6.142,-1.065,1.162,0.9941,0,-7.858,0.667,-4.820,0.3124,5.189,4.411,-1.947,0.865,25.000,14.000,-0.0000,-0.0000,-0.083,-0.083,-0.590,1.879,1.200,-0.398,0.0055,-1.367,nan,-8.00,1,1,1,1,1,-0.4370,0.875,1,0.264,3,0.209,0,0,yolo,101.4,yolo,0,0,0,0.000,0,-1,0
1785731890.874,6.142,-1.065,1.162,0.9941,0,-7.858,0.695,-3.320,0.3124,5.189,4.411,-1.947,0.865,25.000,14.000,-0.0000,-0.0000,-0.083,-0.083,-0.590,1.879,1.200,-0.369,0.0055,-1.367,nan,-8.00,1,1,1,1,1,-0.4370,0.875,1,0.264,3,0.209,0,0,yolo,101.4,yolo,0,0,0,0.000,0,-1,0
1785731890.904,6.804,-1.051,1.576,0.9928,0,-7.196,0.668,-4.820,0.3112,5.189,4.411,-1.947,0.865,25.000,14.000,-0.0000,-0.0000,-0.060,-0.060,-0.686,1.877,1.200,-0.384,0.0055,-1.315,nan,0.00,1,1,1,1,1,0.0000,1.000,0,0.258,5,0.143,0,0,yolo,101.4,yolo,0,0,0,0.000,0,-1,0
1785731890.937,7.437,-1.036,1.942,0.9914,0,-6.563,0.643,-6.320,0.3102,5.189,4.411,-1.947,0.865,25.000,14.000,-0.0000,-0.0000,-0.029,-0.029,-0.786,1.874,1.200,-0.394,0.0055,-1.265,nan,0.00,1,1,1,1,1,0.0000,1.000,0,0.258,5,0.143,0,0,yolo,101.4,yolo,0,0,0,0.000,0,-1,0
1785731890.968,8.006,-1.044,2.410,0.9901,0,-5.994,0.645,-7.820,0.3268,16.282,8.928,-4.169,1.000,25.000,14.000,-0.0000,-0.0000,0.000,0.000,-0.880,1.872,1.200,-0.399,0.0055,-2.587,nan,0.00,1,1,1,1,1,0.0000,0.789,0,0.188,3,0.207,0,0,yolo,112.4,yolo,0,0,0,0.000,0,-1,0
1785731891.003,8.540,-1.081,3.075,0.9887,0,-5.460,0.684,-9.320,0.3333,16.282,8.928,-4.169,1.000,25.000,14.000,-0.0000,-0.0000,0.027,0.027,-0.977,1.870,1.200,-0.397,0.0055,-2.489,nan,0.00,1,1,1,1,1,0.0000,0.789,0,0.188,3,0.207,3,0,yolo,112.4,yolo,0,0,0,0.000,0,-1,0
1785731891.050,9.012,-1.138,3.841,0.9875,0,-4.988,0.752,-10.820,0.3337,16.282,8.928,-4.169,1.000,25.000,14.000,-0.0000,-0.0000,0.053,0.053,-1.076,1.869,1.200,-0.386,0.0055,-2.395,nan,0.00,1,1,1,1,1,0.0000,0.673,0,0.186,2,0.200,0,0,yolo,112.4,yolo,0,0,0,0.000,0,-1,0
1785731891.076,9.433,-1.211,4.702,0.9863,0,-4.567,0.847,-12.000,0.3342,16.281,8.706,-4.224,1.000,25.000,14.000,-0.0000,0.0010,0.076,0.208,-1.181,1.870,1.200,-0.364,0.0055,-2.395,nan,0.00,1,1,1,1,1,0.0000,0.673,0,0.186,2,0.200,0,0,yolo,112.0,yolo,0,0,0,0.000,0,-1,0
1785731891.111,9.804,-1.296,5.629,0.9851,0,-4.196,0.963,-12.000,0.3175,16.281,8.706,-4.224,1.000,25.000,14.000,-0.1105,-0.1099,0.097,0.097,-1.291,1.871,1.200,-0.332,0.0055,-2.311,nan,0.00,1,1,1,0,1,0.0000,0.673,0,0.186,2,0.200,2,0,yolo,112.0,yolo,0,0,0,0.000,0,-1,0
1785731891.137,10.145,-1.382,6.581,0.9841,0,-3.855,1.089,-12.000,0.3009,16.281,8.706,-4.224,1.000,25.000,14.000,-0.0883,-0.2221,0.119,0.119,-1.403,1.874,1.200,-0.292,0.0055,-2.231,nan,0.00,1,1,1,0,1,0.0000,0.335,0,0.183,2,0.199,0,0,yolo,112.0,yolo,0,0,0,0.000,0,-1,0
1785731891.174,10.464,-1.459,7.538,0.9831,0,-3.536,1.215,-12.000,0.2842,16.281,8.706,-4.224,1.000,25.000,14.000,-0.0627,-0.3120,0.145,0.145,-1.493,1.878,1.200,-0.245,0.0055,-2.157,nan,0.00,1,1,1,0,1,0.0000,0.669,0,0.183,2,0.199,2,0,yolo,112.0,yolo,0,0,0,0.000,0,-1,0
1785731891.202,10.464,-1.459,7.538,0.9831,0,-3.536,1.197,-12.000,0.2742,16.545,8.505,-4.388,1.000,25.000,14.000,-0.0000,1.4320,0.145,0.403,-1.493,1.878,1.200,-0.263,0.0055,-2.348,nan,0.00,1,1,1,1,1,1.0009,0.375,1,0.348,3,0.202,0,0,yolo,116.1,yolo,0,0,0,0.000,0,-1,0
1785731891.234,10.763,-1.533,8.524,0.9821,0,-3.237,1.332,-13.500,0.2745,16.545,8.505,-4.388,1.000,25.000,14.000,-0.2297,-0.0565,0.173,0.173,-1.549,1.884,1.200,-0.201,0.0055,-2.279,nan,8.00,1,1,1,0,1,1.0009,0.750,1,0.348,3,0.202,0,0,yolo,116.1,yolo,0,0,0,0.000,0,-1,0
1785731891.265,11.076,-1.620,9.566,0.9810,0,-2.924,1.486,-12.000,0.2748,16.545,8.505,-4.388,1.000,25.000,14.000,-0.1988,-0.0724,0.204,0.204,-1.565,1.891,1.200,-0.134,0.0055,-2.203,nan,0.00,1,1,1,0,1,0.0000,0.833,0,0.347,4,0.207,0,0,yolo,116.1,yolo,1,1,0,0.000,0,-1,0
1785731891.296,11.319,-1.683,10.576,0.9801,0,-2.681,1.620,-12.000,0.2750,16.545,8.505,-4.388,1.000,25.000,14.000,-0.1661,-0.0595,0.237,0.237,-1.552,1.899,1.200,-0.063,0.0055,-2.146,nan,0.00,1,1,1,0,1,0.0000,0.833,0,0.347,4,0.207,0,0,yolo,116.1,yolo,1,1,0,0.000,0,-1,0
1785731891.333,11.547,-1.739,11.625,0.9793,0,-2.453,1.754,-12.000,0.2752,15.995,7.646,-4.304,1.000,25.000,14.000,-0.0000,0.5390,0.273,0.536,-1.516,1.909,1.200,0.015,0.0055,-2.200,nan,0.00,1,1,1,1,1,0.0000,0.900,0,0.301,4,0.761,0,0,yolo,108.6,yolo,1,1,0,0.000,0,-1,0
1785731891.373,11.784,-1.793,12.827,0.9784,0,-2.216,1.907,-12.000,0.2755,15.995,7.646,-4.304,1.000,25.000,14.000,-0.2195,0.0454,0.316,0.316,-1.471,1.922,1.200,0.113,0.0055,-2.150,nan,0.00,1,1,1,0,1,0.0000,0.900,0,0.301,4,0.761,0,0,yolo,108.6,yolo,1,1,0,0.000,0,-1,0
1785731891.408,11.784,-1.793,12.827,0.9784,0,-2.216,1.814,-12.000,0.2755,15.995,7.646,-4.304,1.000,25.000,14.000,-0.2195,0.0454,0.316,0.316,-1.471,1.922,1.200,0.021,0.0055,-2.150,nan,0.00,1,1,1,0,1,0.0000,0.900,0,0.305,4,0.738,0,0,yolo,108.6,yolo,1,1,0,0.000,0,-1,0
1785731891.452,12.171,-1.886,15.050,0.9770,0,-1.829,2.201,-12.000,0.2759,15.722,6.915,-4.238,1.000,23.742,14.000,3.4514,0.1567,0.401,0.486,-1.423,1.949,1.200,0.315,0.0055,-2.166,nan,0.00,1,1,1,1,1,0.0000,0.900,0,0.305,4,0.738,0,0,yolo,115.8,yolo,1,1,0,0.000,0,-1,0
1785731891.482,12.171,-1.886,15.050,0.9770,0,-1.829,2.068,-12.000,0.2759,15.722,6.915,-4.238,1.000,23.742,14.000,-0.0856,0.0000,0.401,0.401,-1.423,1.949,1.200,0.183,0.0055,-2.166,nan,0.00,1,1,1,0,1,0.0000,0.900,0,0.299,4,0.609,0,0,yolo,115.8,yolo,1,1,0,0.000,0,-1,0
1785731891.514,12.318,-1.901,16.138,0.9764,0,-1.682,2.195,-12.000,0.2761,15.722,6.915,-4.238,1.000,23.742,14.000,-0.0422,0.0052,0.444,0.444,-1.418,1.965,1.200,0.294,0.0055,-2.142,nan,0.00,1,1,1,0,1,0.0000,0.900,0,0.299,4,0.609,0,0,yolo,115.8,yolo,1,1,0,0.000,0,-1,0
1785731891.547,12.457,-1.923,17.261,0.9759,0,-1.543,2.322,-13.500,0.2762,14.972,5.910,-3.911,1.000,21.541,14.000,5.7510,-1.0134,0.490,0.890,-1.418,1.981,1.200,0.399,0.0055,-2.041,nan,8.00,1,1,1,1,1,0.3605,0.800,1,0.300,3,0.624,0,0,yolo,110.6,yolo,1,1,0,0.000,0,-1,0
1785731891.580,12.578,-1.964,18.542,0.9754,0,-1.422,2.487,-12.000,0.2763,14.972,5.910,-3.911,1.000,21.541,14.000,-0.3581,-0.0020,0.532,0.532,-1.420,2.000,1.200,0.523,0.0055,-2.016,nan,0.00,1,1,1,0,1,0.4696,0.350,1,0.299,2,0.655,0,0,yolo,110.6,yolo,1,1,0,0.000,0,-1,0
1785731891.609,12.578,-1.964,18.542,0.9754,0,-1.422,2.331,-12.000,0.2763,14.972,5.910,-3.911,1.000,21.541,14.000,-0.3581,-0.0020,0.532,0.532,-1.420,2.000,1.200,0.366,0.0055,-2.016,nan,0.00,1,1,1,0,1,0.5786,0.350,1,0.299,2,0.655,0,0,yolo,110.6,yolo,1,1,0,0.000,0,-1,0
1785731891.641,12.686,-1.969,19.698,0.9750,0,-1.314,2.483,-13.500,0.2765,14.454,4.946,-3.609,1.000,18.891,14.000,5.0145,-0.5977,0.577,0.771,-1.422,2.020,1.200,0.514,0.0055,-1.936,nan,8.00,1,1,1,1,1,0.6702,0.800,1,0.288,3,0.710,0,0,yolo,106.2,yolo,1,1,0,0.000,0,-1,0
1785731891.673,12.779,-1.988,20.882,0.9746,0,-1.221,2.633,-15.000,0.2766,14.454,4.946,-3.609,1.000,18.891,14.000,-0.1510,-0.0029,0.620,0.620,-1.425,2.040,1.200,0.646,0.0055,-1.922,nan,8.00,1,1,1,0,1,0.6702,0.800,1,0.288,3,0.710,0,0,yolo,106.2,yolo,1,1,0,0.000,0,-1,0
1785731891.711,12.862,-2.049,22.444,0.9743,0,-1.138,2.886,-16.500,0.2767,14.454,4.946,-3.609,1.000,18.891,14.000,-0.1121,-0.0063,0.659,0.659,-1.429,2.067,1.200,0.838,0.0055,-1.899,nan,8.00,1,1,1,0,1,0.7875,0.800,1,0.295,3,0.754,0,0,yolo,106.2,yolo,1,1,0,0.000,0,-1,0
1785731891.745,12.862,-2.049,22.444,0.9743,0,0.362,2.685,-18.000,0.2600,13.944,4.026,-3.190,1.000,16.103,-14.000,10.1773,-2.0000,0.659,1.436,-1.429,2.067,1.200,0.637,0.0055,-1.714,nan,8.00,1,1,1,1,1,0.8269,0.800,1,0.299,3,0.778,0,0,yolo,106.7,yolo,1,1,0,0.000,0,-1,0
1785731891.783,12.944,-2.120,24.183,0.9739,0,-1.056,3.034,-19.500,0.2767,13.944,4.026,-3.190,1.000,16.103,14.000,-0.7376,-0.0039,0.698,0.698,-1.433,2.098,1.200,0.914,0.0055,-1.690,nan,8.00,1,1,1,0,1,0.8719,0.800,1,0.295,3,0.734,0,0,yolo,106.7,yolo,1,1,0,0.000,0,-1,0
1785731891.815,12.829,-2.243,26.000,0.9743,0,-1.171,3.394,-20.000,0.2767,13.944,4.026,-3.190,1.000,16.103,14.000,-0.7063,0.0067,0.730,0.730,-1.422,2.131,1.200,1.151,0.0055,-1.669,nan,8.00,1,1,1,0,1,0.9057,0.800,1,0.295,3,0.734,0,0,yolo,106.7,yolo,1,1,0,0.000,0,-1,0
1785731891.847,12.895,-2.328,28.042,0.9740,0,0.329,3.752,-18.500,0.2767,13.790,3.230,-2.978,1.000,13.183,4.059,5.2714,-0.3659,0.746,0.428,-1.410,2.170,1.200,1.424,0.0055,-1.620,nan,0.00,1,1,1,1,1,0.0000,0.723,0,0.228,2,0.722,0,0,yolo,102.1,yolo,1,1,0,0.000,0,-1,0
1785731891.877,12.895,-2.328,28.042,0.9740,0,-1.105,3.453,-17.000,0.2767,13.790,3.230,-2.978,1.000,13.183,14.000,0.3178,0.0000,0.746,0.746,-1.410,2.170,1.200,1.124,0.0055,-1.620,nan,0.00,1,1,1,0,1,0.0000,0.723,0,0.228,2,0.722,0,0,yolo,102.1,yolo,1,1,0,0.000,0,-1,0
1785731891.915,12.784,-2.348,29.846,0.9744,0,-1.216,3.751,-15.500,0.2766,13.790,3.230,-2.978,1.000,13.183,14.000,0.3412,0.0119,0.770,0.770,-1.398,2.207,1.200,1.403,0.0055,-1.623,nan,0.00,1,1,1,0,1,0.0000,0.723,0,0.228,2,0.722,2,0,yolo,102.1,yolo,1,1,0,0.000,0,-1,0
1785731891.940,12.837,-2.353,31.333,0.9742,0,-1.163,3.904,-14.000,0.2767,13.790,3.230,-2.978,1.000,13.183,14.000,0.3663,0.0233,0.795,0.795,-1.386,2.238,1.200,1.551,0.0055,-1.618,nan,0.00,1,1,1,0,1,0.0000,0.722,0,0.227,2,0.722,0,0,yolo,102.1,yolo,1,1,0,0.000,0,-1,0
1785731891.979,12.900,-2.267,32.517,0.9740,0,0.337,3.894,-12.500,0.2634,13.610,2.343,-2.619,1.000,9.770,-14.000,8.1067,-1.2810,0.826,0.693,-1.376,2.265,1.200,1.627,0.0055,-1.490,nan,0.00,1,1,1,1,1,0.0000,0.722,0,0.227,2,0.722,1,0,yolo,111.7,yolo,1,1,0,0.000,0,-1,0
1785731892.009,12.823,-2.136,33.599,0.9744,0,-1.163,3.820,-11.000,0.2766,13.610,2.343,-2.619,1.000,9.770,14.000,0.1782,0.0080,0.871,0.871,-1.368,2.291,1.200,1.684,0.0055,-1.525,nan,0.00,1,1,1,0,1,0.0000,0.742,0,0.243,2,0.733,1,0,yolo,111.7,yolo,1,1,0,0.000,0,-1,0
1785731892.041,12.909,-1.986,34.615,0.9741,0,-1.091,3.711,-9.770,0.2767,13.610,2.343,-2.619,1.000,9.770,14.000,0.2235,0.0161,0.916,0.916,-1.360,2.316,1.200,1.724,0.0055,-1.556,nan,0.00,1,1,1,0,1,0.0000,0.739,0,0.241,2,0.767,3,0,yolo,111.7,yolo,1,1,0,0.000,0,-1,0
1785731892.068,12.984,-1.837,35.465,0.9739,0,0.409,3.556,-8.270,0.2768,13.489,1.618,-2.347,1.000,6.842,-13.533,5.1699,-0.4996,0.962,0.760,-1.352,2.337,1.200,1.719,0.0055,-1.490,nan,0.00,1,1,1,1,1,0.0000,0.719,0,0.224,2,0.797,0,0,yolo,108.8,yolo,1,1,0,0.000,0,-1,0
1785731892.100,12.984,-1.837,35.465,0.9739,0,1.909,3.293,-6.842,0.2768,13.489,1.618,-2.347,1.000,6.842,10.025,0.2023,0.0000,0.962,0.962,-1.352,2.337,1.200,1.456,0.0055,-1.490,nan,0.00,1,1,1,0,1,0.0000,0.719,0,0.224,2,0.797,0,0,yolo,108.8,yolo,1,1,0,0.000,0,-1,0
1785731892.130,12.929,-1.679,36.175,0.9742,0,3.409,3.180,-6.842,0.2767,13.489,1.618,-2.347,1.000,6.842,9.432,0.2547,0.0073,1.014,1.014,-1.345,2.354,1.200,1.501,0.0055,-1.529,nan,0.00,1,1,1,0,1,0.0000,0.581,0,0.206,1,0.826,0,0,yolo,108.8,yolo,1,1,0,0.000,0,-1,0
1785731892.161,12.742,-1.511,36.770,0.9750,0,4.004,3.015,-6.842,0.2764,13.489,1.618,-2.347,1.000,6.842,8.738,0.3158,0.0143,1.075,1.075,-1.338,2.368,1.200,1.504,0.0055,-1.576,nan,0.00,1,1,1,0,1,0.0000,0.581,0,0.206,1,0.826,0,0,yolo,108.8,yolo,1,1,0,0.000,0,-1,0
1785731892.197,12.390,-1.366,37.300,0.9764,0,5.504,2.851,-5.342,0.2761,13.304,0.599,-1.989,1.000,2.578,-14.000,9.9016,-0.7851,1.137,1.772,-1.340,2.380,1.200,1.485,0.0055,-1.497,nan,0.00,1,1,1,1,1,0.0000,0.353,0,0.067,2,0.878,0,0,yolo,116.6,yolo,1,1,0,0.000,0,-1,0
1785731892.240,11.941,-1.224,37.771,0.9781,0,7.004,2.680,-3.842,0.2756,13.304,0.599,-1.989,1.000,2.578,1.575,-0.5739,-0.0041,1.199,1.199,-1.344,2.390,1.200,1.456,0.0055,-1.538,nan,0.00,1,1,1,0,1,0.0000,0.451,0,0.189,1,0.893,0,0,yolo,116.6,yolo,1,1,0,0.000,0,-1,0
1785731892.270,11.468,-1.058,38.206,0.9799,0,8.504,2.484,-2.578,0.2751,13.304,0.599,-1.989,1.000,2.578,0.841,-0.5099,-0.0092,1.263,1.263,-1.349,2.398,1.200,1.426,0.0055,-1.585,nan,0.00,1,1,1,0,1,0.0000,0.451,0,0.189,1,0.893,0,0,yolo,116.6,yolo,1,1,0,0.000,0,-1,0
1785731892.301,10.906,-0.898,38.553,0.9818,0,10.004,2.272,-1.078,0.2584,13.100,-0.307,-1.621,1.000,-1.342,-14.000,8.9612,-1.4045,1.326,2.479,-1.354,2.404,1.200,1.374,0.0055,-1.444,nan,0.00,1,1,1,1,1,0.0000,0.088,0,0.066,0,0.923,0,0,yolo,114.2,yolo,1,1,0,0.000,0,-1,0
1785731892.333,10.084,-0.738,38.718,0.9845,0,11.504,2.003,0.422,0.2738,13.100,-0.307,-1.621,1.000,-1.342,-7.101,-1.0802,0.0051,1.399,1.399,-1.349,2.404,1.200,1.265,0.0055,-1.481,nan,0.00,1,1,1,0,1,0.0000,0.172,0,0.056,0,0.918,0,0,yolo,114.2,yolo,1,1,0,0.000,0,-1,0
1785731892.364,9.074,-0.553,38.688,0.9874,0,13.004,1.654,1.342,0.2730,13.100,-0.307,-1.621,1.000,-1.342,-8.054,-0.9973,0.0118,1.482,1.482,-1.343,2.398,1.200,1.102,0.0055,-1.523,nan,0.00,1,1,1,0,1,0.0000,0.172,0,0.056,0,0.918,0,0,yolo,114.2,yolo,1,1,0,0.000,0,-1,0
1785731892.396,7.976,-0.387,38.584,0.9903,0,14.504,1.324,1.342,0.2722,13.100,-0.307,-1.621,1.000,-1.342,-8.960,-0.9186,0.0188,1.561,1.561,-1.336,2.388,1.200,0.937,0.0055,-1.559,nan,0.00,1,1,1,0,1,0.0000,0.172,0,0.054,0,0.908,0,0,yolo,114.2,yolo,1,1,0,0.000,0,-1,0
1785731892.428,6.783,-0.257,38.486,0.9930,0,16.004,1.056,2.842,0.2555,12.850,-1.046,-1.271,1.000,-4.653,-14.000,7.4256,-2.0000,1.632,3.108,-1.329,2.377,1.200,0.799,0.0055,-1.328,nan,0.00,1,1,1,1,1,0.0000,0.172,0,0.054,0,0.908,0,0,yolo,111.4,yolo,1,1,0,0.000,0,-1,0
1785731892.458,5.391,-0.145,38.318,0.9956,0,17.504,0.788,4.342,0.2707,12.850,-1.046,-1.271,1.000,-4.653,-14.000,-1.4056,0.0182,1.702,1.702,-1.311,2.362,1.200,0.643,0.0055,-1.331,nan,0.00,1,1,1,0,1,0.0000,0.175,0,0.062,0,0.898,0,0,yolo,111.4,yolo,1,1,0,0.000,0,-1,0
1785731892.489,3.892,-0.051,38.004,0.9977,0,17.892,0.501,4.653,0.2702,12.850,-1.046,-1.271,1.000,-4.653,-14.000,-1.3383,0.0270,1.770,1.770,-1.302,2.341,1.200,0.450,0.0055,-1.328,nan,0.00,1,1,1,0,1,0.0000,0.175,0,0.062,0,0.898,0,0,yolo,111.4,yolo,1,1,0,0.000,0,-1,0
1785731892.528,2.350,0.022,37.613,0.9992,0,16.392,-0.070,6.153,0.2535,13.110,-1.699,-1.039,1.000,-7.382,-14.000,3.7471,-1.2878,1.829,3.030,-1.293,2.317,1.321,-0.048,0.0055,-1.113,nan,0.00,1,1,1,1,1,0.0000,0.132,0,0.065,1,0.892,0,0,yolo,110.3,yolo,1,1,0,0.000,0,-1,0
1785731892.568,0.975,0.036,37.167,0.9999,0,14.975,-0.360,7.382,0.2696,13.110,-1.699,-1.039,1.000,-7.382,-14.000,-1.1530,0.0181,1.877,1.877,-1.275,2.291,1.354,-0.324,0.0055,-1.076,nan,0.00,1,1,1,0,1,0.0000,0.132,0,0.065,1,0.892,0,0,yolo,110.3,yolo,1,1,0,0.000,0,-1,0
1785731892.600,-0.325,0.011,36.592,1.0000,0,13.675,-0.659,7.382,0.2696,13.110,-1.699,-1.039,1.000,-7.382,-14.000,-1.1123,0.0391,1.918,1.918,-1.254,2.259,1.393,-0.648,0.0055,-1.032,nan,0.00,1,1,1,0,1,0.0000,0.507,0,0.132,2,0.861,0,0,yolo,110.3,yolo,1,1,0,0.000,0,-1,0
1785731892.632,-1.467,-0.042,36.011,0.9997,0,12.533,-1.229,8.882,0.2529,12.862,-2.116,-0.800,1.000,-9.343,-14.000,6.6032,-2.0000,1.947,3.301,-1.243,2.227,1.570,-1.270,0.0056,-0.737,nan,0.00,1,1,1,1,1,0.0000,0.507,0,0.132,2,0.861,0,0,yolo,107.2,yolo,1,1,0,0.000,0,-1,0
1785731892.667,-2.581,-0.167,35.330,0.9990,0,11.419,-1.440,9.343,0.2696,12.862,-2.116,-0.800,1.000,-9.343,-14.000,-1.3307,0.0204,1.970,1.970,-1.223,2.190,1.621,-1.607,0.0057,-0.667,nan,0.00,1,1,1,0,1,0.0000,0.399,0,0.124,1,0.839,0,0,yolo,107.2,yolo,1,1,0,0.000,0,-1,0
1785731892.700,-3.645,-0.325,34.590,0.9980,0,10.355,-1.613,9.343,0.2862,12.862,-2.116,-0.800,1.000,-9.343,-14.000,-1.3136,0.0442,1.987,1.987,-1.199,2.153,1.675,-1.938,0.0057,-0.591,nan,0.00,1,1,1,0,1,0.0000,0.404,0,0.130,1,0.811,0,0,yolo,107.2,yolo,1,1,0,0.000,0,-1,0
1785731892.731,-3.659,-0.327,34.580,0.9979,0,10.341,-1.280,9.343,0.2901,12.862,-2.116,-0.800,1.000,-9.343,-14.000,-1.3134,0.0444,1.988,1.988,-1.199,2.152,1.676,-1.608,0.0058,-0.590,nan,0.00,1,1,1,0,1,0.0000,0.509,0,0.134,2,0.787,0,0,yolo,107.2,yolo,1,1,0,0.000,0,-1,0
1785731892.773,-5.360,-0.649,33.238,0.9956,0,8.841,-1.780,10.512,0.2734,13.424,-2.491,-0.748,1.000,-10.512,-14.000,1.6430,-1.3810,1.998,2.900,-1.185,2.087,1.755,-2.429,0.0058,-0.360,nan,0.00,1,1,1,1,1,0.0000,0.517,0,0.142,2,0.756,0,0,yolo,112.7,yolo,1,1,0,0.000,0,-1,0
1785731892.803,-6.238,-0.863,32.453,0.9940,0,7.762,-1.637,10.512,0.2792,13.424,-2.491,-0.748,1.000,-10.512,-14.000,-0.9063,-0.0095,1.994,1.994,-1.194,2.051,1.811,-2.500,0.0059,-0.271,nan,0.00,1,1,1,0,1,0.0000,0.517,0,0.142,2,0.756,0,0,yolo,112.7,yolo,1,1,0,0.000,0,-1,0
1785731892.834,-6.248,-0.867,32.442,0.9939,0,7.752,-1.429,10.512,0.2792,13.424,-2.491,-0.748,1.000,-10.512,-14.000,-0.9063,-0.0098,1.993,1.993,-1.195,2.051,1.812,-2.296,0.0059,-0.269,nan,0.00,1,1,1,0,1,0.0000,0.257,0,0.139,2,0.744,0,0,yolo,112.7,yolo,1,1,0,0.000,0,-1,0
1785731892.866,-6.946,-1.106,31.591,0.9925,0,7.054,-1.344,10.938,0.2626,13.710,-2.650,-0.758,1.000,-10.938,-14.000,1.5313,-1.5301,1.985,2.630,-1.215,2.015,1.788,-2.450,0.0059,-0.167,nan,0.00,1,1,1,1,1,0.0000,0.257,0,0.139,2,0.744,0,0,yolo,109.1,yolo,1,1,0,0.000,0,-1,0
1785731892.897,-7.620,-1.325,30.794,0.9909,0,6.380,-1.175,10.938,0.2724,13.710,-2.650,-0.758,1.000,-10.938,-14.000,-0.6592,-0.0204,1.971,1.971,-1.236,1.983,1.788,-2.500,0.0059,-0.083,nan,0.00,1,1,1,0,1,0.0000,0.417,0,0.146,1,0.730,0,0,yolo,109.1,yolo,1,1,0,0.000,0,-1,0
1785731892.929,-8.201,-1.547,29.934,0.9894,0,5.799,-0.953,10.938,0.2713,13.710,-2.650,-0.758,1.000,-10.938,-14.000,-0.6794,-0.0347,1.951,1.951,-1.250,1.950,1.788,-2.500,0.0059,-0.002,nan,0.00,1,1,1,0,1,0.0000,0.417,0,0.146,1,0.730,0,0,yolo,109.1,yolo,1,1,0,0.000,0,-1,0
1785731892.967,-8.729,-1.765,29.040,0.9879,0,5.271,-0.735,10.767,0.2546,13.453,-2.558,-0.741,1.000,-10.767,-14.000,-0.3021,-0.5446,1.926,1.995,-1.257,1.919,1.803,-2.500,0.0059,0.070,nan,0.00,1,1,1,1,1,0.0000,0.417,0,0.146,1,0.730,2,0,yolo,103.5,yolo,1,1,0,0.000,0,-1,0
1785731893.007,-9.237,-1.983,28.106,0.9864,0,4.763,-0.517,10.767,0.2697,13.453,-2.558,-0.741,1.000,-10.767,-14.000,-0.1003,0.0106,1.895,1.895,-1.247,1.889,1.803,-2.500,0.0059,0.145,nan,0.00,1,1,1,0,1,0.0000,0.425,0,0.156,1,0.719,0,0,yolo,103.5,yolo,1,1,0,0.000,0,-1,0
1785731893.038,-9.704,-2.192,27.159,0.9850,0,4.296,-0.308,10.767,0.2687,13.453,-2.558,-0.741,1.000,-10.767,-14.000,-0.1372,0.0275,1.858,1.858,-1.230,1.862,1.803,-2.500,0.0059,0.215,nan,0.00,1,1,1,0,1,0.0000,0.577,0,0.202,1,0.717,0,0,yolo,103.5,yolo,1,1,0,0.000,0,-1,0
1785731893.066,-9.704,-2.192,27.159,0.9850,0,4.296,-0.308,9.754,0.2740,13.608,-2.339,-0.804,1.000,-9.754,-14.000,-3.6076,1.3979,1.858,1.985,-1.230,1.862,1.887,-2.500,0.0059,0.122,nan,0.00,1,1,1,1,1,0.0000,0.577,0,0.202,1,0.717,0,0,yolo,101.6,yolo,1,1,0,0.000,0,-1,0
1785731893.107,-10.453,-2.542,25.504,0.9824,0,3.547,0.042,9.754,0.2692,13.608,-2.339,-0.804,1.000,-9.754,-14.000,-0.2040,0.0391,1.781,1.781,-1.191,1.820,1.887,-2.500,0.0058,0.237,nan,0.00,1,1,1,0,1,0.0000,0.590,0,0.215,1,0.705,0,0,yolo,101.6,yolo,1,1,0,0.000,0,-1,0
1785731893.147,-10.808,-2.707,24.736,0.9812,0,3.192,0.207,9.754,0.2686,13.608,-2.339,-0.804,1.000,-9.754,-14.000,-0.2480,0.0557,1.737,1.737,-1.174,1.803,1.858,-2.500,0.0058,0.292,nan,0.00,1,1,1,0,1,0.0000,0.590,0,0.215,1,0.705,0,0,yolo,101.6,yolo,1,1,0,0.000,0,-1,0
1785731893.179,-10.808,-2.707,24.736,0.9812,0,3.192,0.207,8.857,0.2853,13.668,-2.130,-0.846,1.000,-8.857,-14.000,-2.1396,0.7748,1.737,1.315,-1.174,1.803,1.962,-2.500,0.0058,0.214,nan,0.00,1,1,1,1,1,0.0000,0.594,0,0.219,1,0.705,0,0,yolo,103.9,yolo,1,1,0,0.000,0,-1,0
1785731893.212,-11.084,-2.845,23.928,0.9801,0,2.916,0.345,8.857,0.2686,13.668,-2.130,-0.846,1.000,-8.857,-14.000,0.3739,0.0032,1.688,1.688,-1.171,1.789,1.956,-2.500,0.0058,0.258,nan,0.00,1,1,1,0,1,0.0000,0.360,0,0.224,2,0.708,0,0,yolo,103.9,yolo,1,1,0,0.000,0,-1,0
1785731893.241,-11.380,-2.983,23.141,0.9790,0,2.620,0.483,8.857,0.2664,13.668,-2.130,-0.846,1.000,-8.857,-14.000,0.3192,0.0022,1.634,1.634,-1.172,1.777,1.922,-2.500,0.0057,0.303,nan,0.00,1,1,1,0,1,0.0000,0.360,0,0.224,2,0.708,0,0,yolo,103.9,yolo,1,1,0,0.000,0,-1,0
1785731893.278,-11.588,-3.079,22.474,0.9782,0,2.412,0.579,7.705,0.2830,13.752,-1.861,-0.883,1.000,-7.705,-14.000,-1.6591,0.3294,1.583,0.900,-1.170,1.769,2.058,-2.500,0.0057,0.248,nan,0.00,1,1,1,1,1,0.0000,0.732,0,0.235,2,0.753,0,0,yolo,104.8,yolo,1,1,0,0.000,0,-1,0
1785731893.319,-11.769,-3.154,21.878,0.9775,0,2.231,0.654,7.705,0.2675,13.752,-1.861,-0.883,1.000,-7.705,-14.000,0.6302,-0.0006,1.531,1.531,-1.171,1.764,2.039,-2.500,0.0057,0.272,nan,0.00,1,1,1,0,1,0.0000,0.732,0,0.235,2,0.753,0,0,yolo,104.8,yolo,1,1,0,0.000,0,-1,0
1785731893.351,-11.960,-3.226,21.303,0.9767,0,2.040,0.726,7.705,0.2667,13.752,-1.861,-0.883,1.000,-7.705,-14.000,0.5744,-0.0051,1.475,1.475,-1.175,1.761,2.018,-2.500,0.0057,0.296,nan,0.00,1,1,1,0,1,0.0000,0.422,0,0.228,3,0.829,0,0,yolo,104.8,yolo,1,1,0,0.000,0,-1,0
1785731893.382,-12.121,-3.294,20.685,0.9761,0,0.540,0.794,6.215,0.2834,13.582,-1.479,-0.882,1.000,-6.215,7.397,-5.2989,0.9938,1.416,0.571,-1.177,1.759,2.182,-2.500,0.0056,0.230,nan,0.00,1,1,1,1,1,0.0000,0.844,0,0.228,3,0.829,0,0,yolo,111.7,yolo,1,1,0,0.000,0,-1,0
1785731893.414,-12.152,-3.339,20.142,0.9759,0,1.848,0.839,6.215,0.2688,13.582,-1.479,-0.882,1.000,-6.215,-14.000,0.7806,-0.0012,1.351,1.351,-1.178,1.760,2.182,-2.500,0.0056,0.241,nan,0.00,1,1,1,0,1,0.0000,0.607,0,0.232,1,0.818,0,0,yolo,111.7,yolo,1,1,0,0.000,0,-1,0
1785731893.447,-12.310,-3.368,19.650,0.9753,0,1.690,0.868,6.215,0.2686,13.582,-1.479,-0.882,1.000,-6.215,-14.000,0.7139,-0.0016,1.285,1.285,-1.178,1.764,2.179,-2.500,0.0056,0.253,nan,0.00,1,1,1,0,1,0.0000,0.597,0,0.222,1,0.824,0,0,yolo,111.7,yolo,1,1,0,0.000,0,-1,0
1785731893.479,-12.453,-3.402,19.121,0.9748,0,1.547,0.902,6.215,0.2686,13.582,-1.479,-0.882,1.000,-6.215,-14.000,0.6463,0.0053,1.217,1.217,-1.172,1.767,2.168,-2.500,0.0056,0.265,nan,0.00,1,1,1,0,1,0.0000,0.723,0,0.227,2,0.822,0,0,yolo,111.7,yolo,1,1,0,0.000,0,-1,0
1785731893.607,-12.453,-3.402,19.121,0.9748,0,0.047,0.902,4.915,0.2599,13.549,-1.165,-0.793,1.000,-4.915,-0.399,-3.0744,-0.1717,1.217,0.555,-1.172,1.767,2.168,-2.500,0.0055,0.282,nan,0.00,1,1,1,1,1,0.0000,0.723,0,0.227,2,0.822,0,0,yolo,112.6,yolo,1,1,0,0.000,0,-1,0
1785731893.642,-12.873,-3.523,17.256,0.9730,0,1.127,1.023,4.915,0.2695,13.549,-1.165,-0.793,1.000,-4.915,-14.000,0.4254,0.0515,0.980,0.980,-1.120,1.787,2.130,-2.500,0.0055,0.320,nan,0.00,1,1,1,0,1,0.0000,0.723,0,0.227,2,0.822,5,0,yolo,112.6,yolo,1,1,0,0.000,0,-1,0
1785731893.668,-12.871,-3.540,16.854,0.9730,0,1.129,1.040,4.915,0.2701,13.549,-1.165,-0.793,1.000,-4.915,-14.000,0.3625,0.0678,0.917,0.917,-1.104,1.794,2.126,-2.500,0.0055,0.324,nan,0.00,1,1,1,0,1,0.0000,0.724,0,0.228,2,0.810,0,0,yolo,112.6,yolo,1,1,0,0.000,0,-1,0
1785731893.699,-12.939,-3.532,16.494,0.9728,0,-0.371,1.032,3.656,0.2714,13.415,-0.857,-0.728,1.000,-3.656,-3.244,-1.7689,0.0866,0.850,0.463,-1.088,1.803,2.140,-2.500,0.0054,0.310,nan,0.00,1,1,1,1,1,0.0000,0.724,0,0.228,2,0.810,0,0,yolo,209.1,yolo,1,1,0,0.000,0,-1,0
1785731893.731,-12.899,-3.510,16.160,0.9729,0,1.101,1.010,3.656,0.2683,13.415,-0.857,-0.728,1.000,-3.656,-14.000,0.3108,0.0156,0.774,0.774,-1.072,1.815,2.146,-2.500,0.0054,0.304,nan,0.00,1,1,1,0,1,0.0000,0.711,0,0.217,2,0.782,0,0,yolo,209.1,yolo,1,1,0,0.000,0,-1,0
1785731893.763,-13.004,-3.481,15.836,0.9726,0,0.996,1.024,3.656,0.2692,13.415,-0.857,-0.728,1.000,-3.656,-14.000,0.2292,0.0318,0.692,0.692,-1.056,1.828,2.151,-2.457,0.0054,0.299,nan,0.00,1,1,1,0,1,0.0000,0.711,0,0.217,2,0.782,0,0,yolo,209.1,yolo,1,1,0,0.000,0,-1,0
1785731893.795,-13.004,-3.481,15.836,0.9726,0,0.996,0.981,3.656,0.2692,13.415,-0.857,-0.728,1.000,-3.656,-14.000,0.2292,0.0318,0.692,0.692,-1.056,1.828,2.151,-2.500,0.0053,0.299,nan,0.00,1,1,1,0,1,0.0000,0.714,0,0.220,2,0.793,0,0,yolo,209.1,yolo,1,1,0,0.000,0,-1,0
1785731893.824,-13.089,-3.455,15.484,0.9722,0,-0.504,1.138,2.361,0.2525,12.931,-0.533,-0.558,1.000,-2.361,0.772,-1.7530,-0.3518,0.610,0.315,-1.040,1.841,2.093,-2.318,0.0053,0.357,nan,0.00,1,1,1,1,1,0.0000,0.714,0,0.220,2,0.793,0,0,yolo,114.7,yolo,1,1,0,0.000,0,-1,0
1785731893.858,-13.028,-3.403,15.237,0.9725,0,-2.004,1.134,2.361,0.2672,12.931,-0.533,-0.558,1.000,-2.361,-10.478,0.2138,0.0204,0.529,0.529,-1.020,1.854,2.105,-2.270,0.0053,0.345,nan,0.00,1,1,1,0,1,0.0000,0.715,0,0.221,2,0.803,0,0,yolo,114.7,yolo,1,1,0,0.000,0,-1,0
1785731893.894,-12.821,-3.334,15.042,0.9734,0,-3.349,1.096,2.361,0.2685,12.931,-0.533,-0.558,1.000,-2.361,-9.472,0.1272,0.0427,0.443,0.443,-0.997,1.867,2.123,-2.238,0.0052,0.327,nan,0.00,1,1,1,0,1,0.0000,0.719,0,0.224,2,0.816,0,0,yolo,114.7,yolo,1,1,0,0.000,0,-1,0
1785731893.936,-12.506,-3.277,14.832,0.9747,0,-4.849,1.320,1.095,0.2518,12.933,-0.247,-0.382,1.000,-1.095,11.933,-2.8580,-0.9313,0.362,-0.057,-0.976,1.880,2.030,-1.957,0.0052,0.420,nan,0.00,1,1,1,1,1,0.0000,0.844,0,0.228,3,0.828,0,0,yolo,100.9,yolo,1,1,0,0.000,0,-1,0
1785731893.964,-12.171,-3.217,14.610,0.9760,0,-5.882,1.268,1.095,0.2644,12.933,-0.247,-0.382,1.000,-1.095,-6.289,0.3378,0.0230,0.281,0.281,-0.953,1.893,2.045,-1.949,0.0052,0.405,nan,0.00,1,1,1,0,1,0.0000,0.844,0,0.228,3,0.828,0,0,yolo,100.9,yolo,1,1,0,0.000,0,-1,0
1785731894.002,-11.621,-3.113,14.523,0.9781,0,-6.303,1.140,1.095,0.2657,12.933,-0.247,-0.382,1.000,-1.095,-5.318,0.2544,0.0463,0.197,0.197,-0.929,1.906,2.072,-1.972,0.0051,0.378,nan,0.00,1,1,1,0,1,0.0000,0.712,0,0.219,2,0.841,0,0,yolo,100.9,yolo,1,1,0,0.000,0,-1,0
1785731894.028,-11.621,-3.113,14.523,0.9781,0,-7.803,1.276,0.099,0.2490,12.401,-0.021,-0.197,1.000,-0.099,12.789,-2.1546,-1.0725,0.197,-0.327,-0.929,1.906,1.965,-1.837,0.0051,0.485,nan,0.00,1,1,1,1,1,0.0000,0.712,0,0.219,2,0.841,0,0,yolo,110.4,yolo,1,1,0,0.000,0,-1,0
1785731894.065,-11.063,-3.028,14.423,0.9800,0,-7.726,1.204,0.099,0.2612,12.401,-0.021,-0.197,1.000,-0.099,-3.337,0.4487,0.0211,0.122,0.122,-0.908,1.918,1.984,-1.824,0.0050,0.466,nan,0.00,1,1,1,0,1,0.0000,0.718,0,0.223,2,0.794,0,0,yolo,110.4,yolo,1,1,0,0.000,0,-1,0
1785731894.091,-10.324,-2.917,14.365,0.9825,0,-7.928,1.087,0.099,0.2627,12.401,-0.021,-0.197,1.000,-0.099,-2.396,0.3698,0.0540,0.043,0.043,-0.875,1.929,2.008,-1.830,0.0050,0.442,nan,0.00,1,1,1,0,1,0.0000,0.718,0,0.223,2,0.794,0,0,yolo,110.4,yolo,1,1,0,0.000,0,-1,0
1785731894.127,-9.603,-2.815,14.360,0.9848,0,-8.078,0.956,0.099,0.2643,12.401,-0.021,-0.197,1.000,-0.099,-1.525,0.2968,0.0881,-0.030,-0.030,-0.841,1.940,2.031,-1.859,0.0049,0.419,nan,0.00,1,1,1,0,1,0.0000,0.544,0,0.169,2,0.765,0,0,yolo,110.4,yolo,1,1,0,0.000,0,-1,0
1785731894.154,-8.898,-2.731,14.345,0.9868,0,-9.578,1.175,-0.633,0.2477,12.316,0.136,-0.031,1.000,0.633,11.046,-1.1807,-0.8747,-0.095,-0.510,-0.817,1.949,1.914,-1.556,0.0049,0.536,nan,0.00,1,1,1,1,1,0.0000,0.544,0,0.169,2,0.765,0,0,yolo,109.9,yolo,1,1,0,0.000,0,-1,0
1785731894.186,-8.011,-2.620,14.359,0.9892,0,-8.957,1.022,-0.633,0.2577,12.316,0.136,-0.031,1.000,0.633,0.946,0.3505,0.0332,-0.160,-0.160,-0.784,1.958,1.936,-1.598,0.0048,0.514,nan,0.00,1,1,1,0,1,0.0000,0.548,0,0.173,2,0.761,0,0,yolo,109.9,yolo,1,1,0,0.000,0,-1,0
1785731894.216,-8.011,-2.620,14.359,0.9892,0,-8.957,0.917,-0.633,0.2576,12.316,0.136,-0.031,1.000,0.633,0.946,0.3505,0.0332,-0.160,-0.160,-0.784,1.958,1.936,-1.702,0.0048,0.514,nan,0.00,1,1,1,0,1,0.0000,0.548,0,0.173,2,0.761,0,0,yolo,109.9,yolo,1,1,0,0.000,0,-1,0
1785731894.248,-7.150,-2.521,14.418,0.9913,0,-10.457,1.203,-1.192,0.2410,12.218,0.254,0.149,1.000,1.192,11.333,-0.8946,-1.0473,-0.222,-0.552,-0.746,1.966,1.797,-1.318,0.0047,0.653,nan,0.00,1,1,1,1,1,0.0000,0.535,0,0.160,2,0.727,0,0,yolo,108.5,yolo,1,1,0,0.000,0,-1,0
1785731894.279,-6.128,-2.393,14.501,0.9934,0,-9.715,1.040,-1.192,0.2533,12.218,0.254,0.149,1.000,1.192,3.587,0.2723,0.0415,-0.280,-0.280,-0.705,1.973,1.819,-1.353,0.0047,0.631,nan,0.00,1,1,1,0,1,0.0000,0.535,0,0.160,2,0.727,0,0,yolo,108.5,yolo,1,1,0,0.000,0,-1,0
1785731894.311,-5.168,-2.277,14.605,0.9951,0,-9.365,0.878,-1.192,0.2554,12.218,0.254,0.149,1.000,1.192,4.198,0.2215,0.0867,-0.331,-0.331,-0.659,1.980,1.839,-1.400,0.0046,0.611,nan,0.00,1,1,1,0,1,0.0000,0.431,0,0.164,1,0.733,0,0,yolo,108.5,yolo,1,1,0,0.000,0,-1,0
1785731894.342,-5.168,-2.277,14.605,0.9951,0,-9.365,0.803,-1.192,0.2553,12.218,0.254,0.149,1.000,1.192,4.198,0.2215,0.0867,-0.331,-0.331,-0.659,1.980,1.839,-1.475,0.0045,0.611,nan,0.00,1,1,1,0,1,0.0000,0.431,0,0.164,1,0.733,0,0,yolo,108.5,yolo,1,1,0,0.000,0,-1,0
1785731894.380,-4.284,-2.186,14.699,0.9965,0,-10.865,1.073,-1.660,0.2387,12.085,0.350,0.317,1.000,1.660,13.546,-0.9860,-1.3985,-0.371,-0.629,-0.614,1.984,1.699,-1.113,0.0045,0.751,nan,0.00,1,1,1,1,1,0.0000,0.498,0,0.123,2,0.736,1,0,yolo,106.6,yolo,1,1,0,0.000,0,-1,0
1785731894.420,-3.438,-2.106,14.788,0.9975,0,-9.365,0.964,-1.660,0.2485,12.085,0.350,0.317,1.000,1.660,5.888,0.2257,0.0365,-0.404,-0.404,-0.577,1.988,1.711,-1.143,0.0044,0.739,nan,0.00,1,1,1,0,1,0.0000,0.370,0,0.087,1,0.764,0,0,yolo,106.6,yolo,1,1,0,0.000,0,-1,0
1785731894.451,-2.330,-1.991,14.924,0.9986,0,-8.590,0.800,-1.660,0.2510,12.085,0.350,0.317,1.000,1.660,6.260,0.1949,0.0891,-0.434,-0.434,-0.525,1.992,1.728,-1.190,0.0043,0.722,nan,0.00,1,1,1,0,1,0.0000,0.370,0,0.087,1,0.764,0,0,yolo,106.6,yolo,1,1,0,0.000,0,-1,0
1785731894.482,-1.498,-1.905,15.079,0.9991,0,-10.090,1.003,-1.933,0.2343,11.979,0.404,0.457,1.000,1.933,12.079,-0.5713,-1.2238,-0.456,-0.613,-0.482,1.994,1.605,-0.903,0.0042,0.845,nan,0.00,1,1,1,1,1,0.0000,0.261,0,0.060,1,0.808,0,0,yolo,106.0,yolo,1,1,0,0.000,0,-1,0
1785731894.512,-0.596,-1.817,15.232,0.9994,0,-8.590,0.865,-1.933,0.2455,11.979,0.404,0.457,1.000,1.933,7.489,0.1427,0.0486,-0.471,-0.471,-0.434,1.995,1.617,-0.952,0.0041,0.833,nan,0.00,1,1,1,0,1,0.0000,0.261,0,0.060,1,0.808,0,0,yolo,106.0,yolo,1,1,0,0.000,0,-1,0
1785731894.543,0.157,-1.739,15.384,0.9995,0,-7.432,0.735,-1.933,0.2484,11.979,0.404,0.457,1.000,1.933,7.589,0.1344,0.1075,-0.479,-0.479,-0.375,1.995,1.628,-1.004,0.0041,0.822,nan,0.00,1,1,1,0,1,0.0000,0.334,0,0.043,2,0.847,0,0,yolo,106.0,yolo,1,1,0,0.000,0,-1,0
1785731894.581,0.157,-1.739,15.384,0.9995,0,-8.932,1.021,-2.186,0.2317,11.971,0.457,0.581,1.000,2.186,12.275,-0.5285,-1.2362,-0.479,-0.582,-0.375,1.995,1.505,-0.718,0.0040,0.945,nan,0.00,1,1,1,1,1,0.0000,0.334,0,0.043,2,0.847,1,0,yolo,115.4,yolo,1,1,0,0.000,0,-1,0
1785731894.621,1.572,-1.594,15.698,0.9992,0,-7.432,0.803,-2.186,0.2453,11.971,0.457,0.581,1.000,2.186,8.396,0.1018,0.1114,-0.480,-0.480,-0.264,1.995,1.524,-0.791,0.0039,0.926,nan,0.00,1,1,1,0,1,0.0000,0.242,0,0.028,1,0.885,0,0,yolo,115.4,yolo,1,1,0,0.000,0,-1,0
1785731894.656,2.179,-1.531,15.855,0.9989,0,-6.150,0.695,-2.186,0.2478,11.971,0.457,0.581,1.000,2.186,8.328,0.1073,0.1618,-0.475,-0.475,-0.213,1.994,1.532,-0.837,0.0038,0.918,nan,0.00,1,1,1,0,0,0.0000,0.000,0,0.000,0,0.000,0,0,yolo,115.4,yolo,1,1,0,0.000,0,-1,0
1785731894.688,2.752,-1.475,16.031,0.9985,0,-5.451,0.595,-2.186,0.2502,11.971,0.457,0.581,1.000,2.186,8.203,0.1177,0.2099,-0.464,-0.464,-0.165,1.992,1.540,-0.880,0.0037,0.910,nan,0.00,1,1,1,0,0,0.0000,0.000,0,0.000,0,0.000,1,0,yolo,115.4,yolo,1,1,0,0.000,0,-1,0
1785731894.721,3.228,-1.431,16.197,0.9981,0,-6.827,0.778,-2.314,0.2335,11.706,0.473,0.692,1.000,2.314,10.055,-0.1573,-0.5968,-0.451,-0.476,-0.120,1.990,1.440,-0.653,0.0037,1.010,nan,0.00,1,1,1,1,0,0.0000,0.000,0,0.000,0,0.000,1,0,yolo,132.6,yolo,1,1,0,0.000,0,-1,0
1785731894.753,3.851,-1.373,16.382,0.9975,0,-5.327,0.680,-2.314,0.2402,11.706,0.473,0.692,1.000,2.314,8.740,0.0429,0.0442,-0.433,-0.433,-0.076,1.988,1.447,-0.693,0.0037,1.003,nan,0.00,1,1,1,0,0,0.0000,0.000,0,0.000,0,0.000,0,0,yolo,132.6,yolo,1,1,0,0.000,0,-1,0
1785731894.798,4.381,-1.319,16.591,0.9968,0,-4.061,0.582,-2.314,0.2428,11.706,0.473,0.692,1.000,2.314,8.442,0.0671,0.0962,-0.409,-0.409,-0.024,1.985,1.454,-0.737,0.0036,0.996,nan,0.00,1,1,1,0,0,0.0000,0.000,0,0.000,0,0.000,2,0,yolo,132.6,yolo,1,1,0,0.000,0,-1,0
1785731894.832,4.381,-1.319,16.591,0.9968,0,-4.061,0.601,-2.314,0.2427,11.706,0.473,0.692,1.000,2.314,8.442,0.0671,0.0962,-0.409,-0.409,-0.024,1.985,1.454,-0.718,0.0035,0.996,nan,0.00,1,1,1,0,0,0.0000,0.000,0,0.000,0,0.000,0,0,yolo,132.6,yolo,1,1,0,0.000,0,-1,0
1785731894.877,5.190,-1.236,17.000,0.9957,0,-3.737,0.643,-2.376,0.2261,12.003,0.498,0.775,1.000,2.376,8.927,-0.0770,-0.4791,-0.350,-0.365,0.085,1.978,1.375,-0.594,0.0035,1.075,nan,0.00,1,1,1,1,0,0.0000,0.000,0,0.000,0,0.000,1,0,yolo,139.3,yolo,1,1,0,0.000,0,-1,0
1785731894.911,5.190,-1.236,17.000,0.9957,0,-3.182,0.674,-2.376,0.2363,12.003,0.498,0.775,1.000,2.376,8.372,0.0140,0.0000,-0.350,-0.350,0.085,1.978,1.375,-0.563,0.0035,1.075,nan,0.00,1,1,1,0,0,0.0000,0.000,0,0.000,0,0.000,0,0,yolo,139.3,yolo,1,1,0,0.000,0,-1,0
1785731894.954,5.912,-1.150,17.416,0.9945,0,-1.682,0.478,-2.376,0.2433,12.003,0.498,0.775,1.000,2.376,7.550,0.0818,0.1419,-0.283,-0.283,0.227,1.971,1.387,-0.672,0.0035,1.063,nan,0.00,1,1,1,0,0,0.0000,0.000,0,0.000,0,0.000,1,0,yolo,139.3,yolo,1,1,0,0.000,0,-1,0
1785731894.989,5.916,-1.150,17.419,0.9945,0,-3.182,0.663,-2.485,0.2267,11.373,0.493,0.847,1.000,2.485,9.796,-0.3246,-0.8774,-0.282,-0.260,0.228,1.971,1.329,-0.487,0.0035,1.121,nan,0.00,1,1,1,1,0,0.0000,0.000,0,0.000,0,0.000,0,0,yolo,120.0,yolo,1,1,0,0.000,0,-1,0
1785731895.017,6.087,-1.125,17.616,0.9942,0,-1.937,0.607,-2.485,0.2386,11.373,0.493,0.847,1.000,2.485,8.025,0.0118,0.0713,-0.248,-0.248,0.299,1.967,1.333,-0.517,0.0035,1.117,nan,0.00,1,1,1,0,0,0.0000,0.000,0,0.000,0,0.000,0,0,yolo,120.0,yolo,1,1,0,0.000,0,-1,0
1785731895.050,6.311,-1.084,17.857,0.9938,0,-1.196,0.521,-2.485,0.2427,11.373,0.493,0.847,1.000,2.485,7.507,0.0532,0.1566,-0.207,-0.207,0.384,1.963,1.339,-0.563,0.0035,1.111,nan,0.00,1,1,1,0,0,0.0000,0.000,0,0.000,0,0.000,0,0,yolo,120.0,yolo,1,1,0,0.000,0,-1,0
1785731895.084,6.447,-1.056,18.090,0.9935,0,0.304,0.528,-2.376,0.2272,10.807,0.448,0.890,1.000,2.376,6.059,0.1539,-0.1729,-0.167,-0.112,0.453,1.958,1.316,-0.528,0.0035,1.134,nan,0.00,1,1,1,1,0,0.0000,0.000,0,0.000,0,0.000,0,0,yolo,114.1,yolo,1,1,0,0.000,0,-1,0
1785731895.124,6.435,-1.028,18.297,0.9935,0,-0.635,0.472,-2.376,0.2381,10.807,0.448,0.890,1.000,2.376,7.070,-0.0187,0.0647,-0.131,-0.131,0.518,1.954,1.321,-0.557,0.0035,1.129,nan,0.00,1,1,1,0,0,0.0000,0.000,0,0.000,0,0.000,0,0,yolo,114.1,yolo,1,1,0,0.000,0,-1,0
1785731895.160,6.485,-1.004,18.500,0.9934,0,-0.098,0.423,-2.376,0.2412,10.807,0.448,0.890,1.000,2.376,6.584,0.0189,0.1295,-0.093,-0.093,0.583,1.950,1.325,-0.581,0.0035,1.125,nan,0.00,1,1,1,0,0,0.0000,0.000,0,0.000,0,0.000,0,0,yolo,114.1,yolo,1,1,0,0.000,0,-1,0
1785731895.189,6.513,-0.985,18.709,0.9934,0,0.419,0.383,-2.376,0.2444,10.807,0.448,0.890,1.000,2.376,6.094,0.0568,0.1975,-0.055,-0.055,0.651,1.946,1.329,-0.603,0.0035,1.121,nan,0.00,1,1,1,0,0,0.0000,0.000,0,0.000,0,0.000,2,0,yolo,114.1,yolo,1,1,0,0.000,0,-1,0
1785731895.216,6.513,-0.985,18.709,0.9934,0,1.919,0.471,-2.257,0.2277,10.346,0.408,0.921,1.000,2.257,4.441,0.2139,-0.1779,-0.055,0.016,0.651,1.946,1.311,-0.515,0.0035,1.139,nan,0.00,1,1,1,1,0,0.0000,0.000,0,0.000,0,0.000,0,0,yolo,117.9,yolo,1,1,0,0.000,0,-1,0
1785731895.261,6.339,-0.961,18.910,0.9937,0,0.419,0.408,-2.257,0.2384,10.346,0.408,0.921,1.000,2.257,6.000,-0.0368,0.0763,-0.021,-0.021,0.727,1.941,1.316,-0.554,0.0035,1.134,nan,0.00,1,1,1,0,0,0.0000,0.000,0,0.000,0,0.000,1,0,yolo,117.9,yolo,1,1,0,0.000,0,-1,0
1785731895.299,6.168,-0.936,19.105,0.9941,0,0.606,0.347,-2.257,0.2551,10.346,0.408,0.921,1.000,2.257,5.562,-0.0039,0.1517,0.012,0.012,0.802,1.937,1.322,-0.589,0.0035,1.128,nan,0.00,1,1,1,0,0,0.0000,0.000,0,0.000,0,0.000,1,0,yolo,117.9,yolo,1,1,0,0.000,0,-1,0
1785731895.329,6.140,-0.918,19.294,0.9941,0,2.106,0.310,-1.982,0.2691,9.895,0.342,0.938,1.000,1.982,2.291,0.4762,0.0116,0.045,0.032,0.875,1.933,1.323,-0.608,0.0035,1.127,nan,0.00,1,1,1,1,0,0.0000,0.000,0,0.000,0,0.000,0,0,yolo,114.7,yolo,1,1,0,0.000,0,-1,0
1785731895.362,5.964,-0.906,19.465,0.9945,0,1.874,0.279,-1.982,0.2690,9.895,0.342,0.938,1.000,1.982,4.090,0.0426,0.0641,0.075,0.075,0.939,1.929,1.326,-0.627,0.0035,1.124,nan,0.00,1,1,1,0,0,0.0000,0.000,0,0.000,0,0.000,1,0,yolo,114.7,yolo,1,1,0,0.000,0,-1,0
1785731895.392,5.789,-0.895,19.626,0.9948,0,2.103,0.250,-1.982,0.2689,9.895,0.342,0.938,1.000,1.982,3.686,0.0721,0.1197,0.105,0.105,0.994,1.925,1.328,-0.646,0.0035,1.122,nan,0.00,1,1,1,0,0,0.0000,0.000,0,0.000,0,0.000,0,0,yolo,114.7,yolo,1,1,0,0.000,0,-1,0
1785731895.426,5.789,-0.895,19.626,0.9948,0,3.603,0.268,-1.728,0.2689,9.504,0.287,0.940,1.000,1.728,1.788,0.4201,0.0931,0.105,0.048,0.994,1.925,1.338,-0.628,0.0035,1.112,nan,0.00,1,1,1,1,0,0.0000,0.000,0,0.000,0,0.000,1,0,yolo,108.4,yolo,1,1,0,0.000,0,-1,0
1785731895.471,5.238,-0.873,19.962,0.9957,0,2.890,0.153,-1.728,0.2686,9.504,0.287,0.940,1.000,1.728,2.348,0.1098,0.0557,0.158,0.158,1.050,1.917,1.343,-0.721,0.0035,1.107,nan,0.00,1,1,1,0,0,0.0000,0.000,0,0.000,0,0.000,0,0,yolo,108.4,yolo,1,1,0,0.000,0,-1,0
1785731895.503,5.238,-0.873,19.962,0.9957,0,2.890,0.200,-1.728,0.2686,9.504,0.287,0.940,1.000,1.728,2.348,0.1098,0.0557,0.158,0.158,1.050,1.917,1.343,-0.674,0.0035,1.107,nan,0.00,1,1,1,0,0,0.0000,0.000,0,0.000,0,0.000,1,0,yolo,108.4,yolo,1,1,0,0.000,0,-1,0
1785731895.549,4.721,-0.863,20.243,0.9965,0,4.390,0.143,-1.209,0.2684,10.212,0.216,0.946,1.000,1.209,-1.227,0.6942,-0.0542,0.201,0.093,1.048,1.910,1.336,-0.720,0.0035,1.114,nan,0.00,1,1,1,1,0,0.0000,0.000,0,0.000,0,0.000,0,0,yolo,110.4,yolo,1,1,0,0.000,0,-1,0
1785731895.594,4.361,-0.858,20.350,0.9970,0,3.764,0.137,-1.209,0.2683,10.212,0.216,0.946,1.000,1.209,0.597,0.1227,-0.0056,0.215,0.215,1.043,1.907,1.338,-0.721,0.0035,1.112,nan,0.00,1,1,1,0,0,0.0000,0.000,0,0.000,0,0.000,1,0,yolo,110.4,yolo,1,1,0,0.000,0,-1,0
1785731895.627,4.025,-0.852,20.425,0.9974,0,3.590,0.131,-1.209,0.2682,10.212,0.216,0.946,1.000,1.209,0.435,0.1348,-0.0112,0.227,0.227,1.037,1.904,1.339,-0.721,0.0035,1.111,nan,0.00,1,1,1,0,0,0.0000,0.000,0,0.000,0,0.000,0,0,yolo,110.4,yolo,1,1,0,0.000,0,-1,0
1785731895.659,3.693,-0.845,20.502,0.9978,0,3.724,-0.094,-0.988,0.2681,9.470,0.163,0.876,1.000,0.988,-0.031,0.2744,0.6500,0.239,0.124,1.031,1.901,1.426,-0.939,0.0035,1.024,nan,0.00,1,1,1,1,0,0.0000,0.000,0,0.000,0,0.000,1,0,yolo,116.3,yolo,1,1,0,0.000,0,-1,0
1785731895.707,3.385,-0.856,20.583,0.9981,0,3.809,-0.080,-0.988,0.2680,9.470,0.163,0.876,1.000,0.988,-0.424,0.1254,-0.0059,0.250,0.250,1.025,1.898,1.425,-0.936,0.0035,1.025,nan,0.00,1,1,1,0,0,0.0000,0.000,0,0.000,0,0.000,0,0,yolo,116.3,yolo,1,1,0,0.000,0,-1,0
1785731895.737,3.046,-0.869,20.660,0.9985,0,3.609,-0.066,-0.988,0.2679,9.470,0.163,0.876,1.000,0.988,-0.563,0.1353,-0.0121,0.260,0.260,1.019,1.895,1.424,-0.935,0.0035,1.026,nan,0.00,1,1,1,0,0,0.0000,0.000,0,0.000,0,0.000,1,0,yolo,116.3,yolo,1,1,0,0.000,0,-1,0
1785731895.763,2.717,-0.877,20.734,0.9988,0,3.382,-0.057,-0.988,0.2678,9.470,0.163,0.876,1.000,0.988,-0.665,0.1426,-0.0179,0.267,0.267,1.013,1.892,1.423,-0.935,0.0035,1.027,nan,0.00,1,1,1,0,0,0.0000,0.000,0,0.000,0,0.000,0,0,yolo,116.3,yolo,1,1,0,0.000,0,-1,0
1785731895.799,2.386,-0.886,20.809,0.9990,0,4.882,-0.346,-0.616,0.2845,8.974,0.096,0.767,1.000,0.616,-3.264,0.5826,1.1793,0.272,0.197,1.008,1.890,1.541,-1.232,0.0034,0.909,nan,0.00,1,1,1,1,0,0.0000,0.000,0,0.000,0,0.000,0,0,yolo,119.0,yolo,1,1,0,0.000,0,-1,0
1785731895.829,1.931,-0.919,20.868,0.9993,0,3.400,-0.299,-0.616,0.2678,8.974,0.096,0.767,1.000,0.616,-1.469,0.0767,-0.0100,0.274,0.274,0.998,1.887,1.536,-1.218,0.0033,0.914,nan,0.00,1,1,1,0,0,0.0000,0.000,0,0.000,0,0.000,0,0,yolo,119.0,yolo,1,1,0,0.000,0,-1,0
1785731895.860,1.931,-0.919,20.868,0.9993,0,3.400,-0.270,-0.616,0.2674,8.974,0.096,0.767,1.000,0.616,-1.469,0.0767,-0.0100,0.274,0.274,0.998,1.887,1.536,-1.189,0.0032,0.914,nan,0.00,1,1,1,0,0,0.0000,0.000,0,0.000,0,0.000,1,0,yolo,119.0,yolo,1,1,0,0.000,0,-1,0
1785731895.893,1.602,-0.949,20.913,0.9995,0,4.900,-0.498,-0.058,0.2762,8.630,0.009,0.672,1.000,0.058,-5.561,0.6297,0.7423,0.277,0.257,0.987,1.885,1.635,-1.447,0.0031,0.815,nan,0.00,1,1,1,1,0,0.0000,0.000,0,0.000,0,0.000,1,0,yolo,118.3,yolo,1,1,0,0.000,0,-1,0
1785731895.926,1.273,-0.974,20.964,0.9996,0,3.988,-0.468,-0.058,0.2672,8.630,0.009,0.672,1.000,0.058,-2.715,0.0203,-0.0077,0.277,0.277,0.979,1.883,1.631,-1.442,0.0031,0.819,nan,0.00,1,1,1,0,0,0.0000,0.000,0,0.000,0,0.000,0,0,yolo,118.3,yolo,1,1,0,0.000,0,-1,0
1785731895.951,0.832,-1.018,20.984,0.9997,0,3.481,-0.404,-0.058,0.2670,8.630,0.009,0.672,1.000,0.058,-2.649,0.0159,-0.0169,0.273,0.273,0.970,1.882,1.625,-1.422,0.0030,0.825,nan,0.00,1,1,1,0,1,0.0000,0.252,0,0.045,1,0.919,0,0,yolo,118.3,yolo,1,1,0,0.000,0,-1,0
1785731895.981,0.550,-1.049,20.979,0.9998,0,3.155,-0.356,-0.058,0.2669,8.630,0.009,0.672,1.000,0.058,-2.605,0.0129,-0.0245,0.270,0.270,0.962,1.881,1.620,-1.405,0.0029,0.830,nan,0.00,1,1,1,0,1,0.0000,0.252,0,0.045,1,0.919,0,0,yolo,118.3,yolo,1,1,0,0.000,0,-1,0
1785731896.012,0.298,-1.076,20.977,0.9998,0,4.655,-0.624,0.492,0.2836,8.205,-0.070,0.558,1.000,-0.492,-8.617,0.7876,1.1885,0.266,0.330,0.960,1.880,1.739,-1.700,0.0028,0.711,nan,0.00,1,1,1,1,1,0.0000,0.247,0,0.036,1,0.891,0,0,yolo,109.6,yolo,1,1,0,0.000,0,-1,0
1785731896.048,-0.118,-1.130,20.955,0.9998,0,3.453,-0.541,0.492,0.2669,8.205,-0.070,0.558,1.000,-0.492,-3.571,-0.0716,-0.0065,0.258,0.258,0.953,1.879,1.730,-1.671,0.0027,0.720,nan,0.00,1,1,1,0,1,0.0000,0.247,0,0.036,1,0.891,2,0,yolo,109.6,yolo,1,1,0,0.000,0,-1,0
1785731896.089,-0.406,-1.174,20.914,0.9998,0,3.060,-0.474,0.492,0.2667,8.205,-0.070,0.558,1.000,-0.492,-3.466,-0.0784,-0.0151,0.251,0.251,0.945,1.879,1.724,-1.647,0.0027,0.726,nan,0.00,1,1,1,0,1,0.0000,0.244,0,0.032,1,0.875,0,0,yolo,109.6,yolo,1,1,0,0.000,0,-1,0
1785731896.121,-0.657,-1.213,20.870,0.9997,0,4.560,-0.707,1.017,0.2834,7.883,-0.140,0.447,1.000,-1.017,-10.007,0.7226,1.1115,0.243,0.354,0.940,1.878,1.835,-1.919,0.0026,0.615,nan,0.00,1,1,1,1,1,0.0000,0.244,0,0.031,1,0.870,0,0,yolo,110.1,yolo,1,1,0,0.000,0,-1,0
1785731896.152,-1.042,-1.271,20.811,0.9996,0,3.413,-0.613,1.017,0.2667,7.883,-0.140,0.447,1.000,-1.017,-4.455,-0.1220,-0.0081,0.232,0.232,0.932,1.879,1.826,-1.885,0.0025,0.624,nan,0.00,1,1,1,0,1,0.0000,0.244,0,0.031,1,0.870,0,0,yolo,110.1,yolo,1,1,0,0.000,0,-1,0
1785731896.182,-1.359,-1.329,20.720,0.9994,0,2.901,-0.522,1.017,0.2666,7.883,-0.140,0.447,1.000,-1.017,-4.259,-0.1344,-0.0179,0.219,0.219,0.922,1.879,1.817,-1.851,0.0025,0.633,nan,0.00,1,1,1,0,1,0.0000,0.239,0,0.023,1,0.850,0,0,yolo,110.1,yolo,1,1,0,0.000,0,-1,0
1785731896.214,-1.359,-1.329,20.720,0.9994,0,2.901,-0.520,1.017,0.2666,7.883,-0.140,0.447,1.000,-1.017,-4.259,-0.1344,-0.0179,0.219,0.219,0.922,1.879,1.817,-1.850,0.0024,0.633,nan,0.00,1,1,1,0,1,0.0000,0.316,0,0.020,2,0.838,0,0,yolo,110.1,yolo,1,1,0,0.000,0,-1,0
1785731896.245,-1.613,-1.377,20.635,0.9993,0,4.401,-0.701,1.449,0.2832,7.575,-0.192,0.350,1.000,-1.449,-10.231,0.5712,0.9521,0.207,0.331,0.920,1.880,1.913,-2.077,0.0024,0.537,nan,0.00,1,1,1,1,1,0.0000,0.316,0,0.020,2,0.838,0,0,yolo,111.8,yolo,1,1,0,0.000,0,-1,0
1785731896.281,-1.871,-1.424,20.559,0.9992,0,3.232,-0.623,1.449,0.2666,7.575,-0.192,0.350,1.000,-1.449,-5.104,-0.1392,0.0003,0.192,0.192,0.920,1.881,1.905,-2.047,0.0023,0.545,nan,0.00,1,1,1,0,1,0.0000,0.313,0,0.016,2,0.828,1,0,yolo,111.8,yolo,1,1,0,0.000,0,-1,0
1785731896.313,-2.316,-1.498,20.445,0.9988,0,2.451,-0.500,1.449,0.2666,7.575,-0.192,0.350,1.000,-1.449,-4.767,-0.1598,-0.0064,0.172,0.172,0.913,1.883,1.894,-1.998,0.0023,0.556,nan,0.00,1,1,1,0,1,0.0000,0.336,0,0.045,2,0.821,0,0,yolo,111.8,yolo,1,1,0,0.000,0,-1,0
1785731896.340,-2.541,-1.551,20.311,0.9987,0,3.951,-0.666,1.821,0.2832,7.270,-0.231,0.255,1.000,-1.821,-9.491,0.3541,0.7024,0.154,0.269,0.911,1.885,1.988,-2.217,0.0022,0.462,nan,0.00,1,1,1,1,1,0.0000,0.336,0,0.045,2,0.821,0,0,yolo,104.9,yolo,1,1,0,0.000,0,-1,0
1785731896.374,-2.890,-1.616,20.178,0.9983,0,2.562,-0.558,1.821,0.2666,7.270,-0.231,0.255,1.000,-1.821,-5.452,-0.1351,-0.0065,0.133,0.133,0.905,1.887,1.978,-2.174,0.0022,0.472,nan,0.00,1,1,1,0,1,0.0000,0.277,0,0.086,1,0.817,0,0,yolo,104.9,yolo,1,1,0,0.000,0,-1,0
1785731896.402,-2.890,-1.616,20.178,0.9983,0,2.562,-0.574,1.821,0.2666,7.270,-0.231,0.255,1.000,-1.821,-5.452,-0.1351,-0.0065,0.133,0.133,0.905,1.887,1.978,-2.190,0.0021,0.472,nan,0.00,1,1,1,0,1,0.0000,0.277,0,0.086,1,0.817,0,0,yolo,104.9,yolo,1,1,0,0.000,0,-1,0
1785731896.434,-3.121,-1.672,20.035,0.9981,0,4.062,-0.716,2.156,0.2832,6.932,-0.261,0.167,1.000,-2.156,-10.204,0.4059,0.8830,0.114,0.225,0.897,1.890,2.067,-2.389,0.0021,0.383,nan,0.00,1,1,1,1,1,0.0000,0.280,0,0.092,1,0.807,0,0,yolo,99.5,yolo,1,1,0,0.000,0,-1,0
1785731896.466,-3.341,-1.731,19.890,0.9978,0,2.562,-0.613,2.156,0.2666,6.932,-0.261,0.167,1.000,-2.156,-5.890,-0.1316,-0.0069,0.093,0.093,0.890,1.893,2.059,-2.344,0.0020,0.391,nan,0.00,1,1,1,0,1,0.0000,0.280,0,0.092,1,0.807,0,0,yolo,99.5,yolo,1,1,0,0.000,0,-1,0
1785731896.497,-3.652,-1.795,19.755,0.9975,0,1.872,-0.506,2.156,0.2667,6.932,-0.261,0.167,1.000,-2.156,-5.525,-0.1526,-0.0124,0.072,0.072,0.885,1.896,2.050,-2.301,0.0020,0.400,nan,0.00,1,1,1,0,1,0.0000,0.377,0,0.096,2,0.789,0,0,yolo,99.5,yolo,1,1,0,0.000,0,-1,0
1785731896.529,-3.867,-1.853,19.606,0.9972,0,3.372,-0.647,2.437,0.2833,6.646,-0.283,0.061,1.000,-2.437,-10.837,0.4875,1.5869,0.053,0.179,0.878,1.899,2.155,-2.500,0.0020,0.295,nan,0.00,1,1,1,1,1,0.0000,0.377,0,0.096,2,0.789,0,0,yolo,103.9,yolo,1,1,0,0.000,0,-1,0
1785731896.559,-4.003,-1.902,19.455,0.9970,0,1.872,-0.598,2.437,0.2667,6.646,-0.283,0.061,1.000,-2.437,-5.785,-0.1461,-0.0002,0.033,0.033,0.878,1.903,2.149,-2.500,0.0019,0.301,nan,0.00,1,1,1,0,1,0.0000,0.378,0,0.097,2,0.789,0,0,yolo,103.9,yolo,1,1,0,0.000,0,-1,0
1785731896.591,-4.275,-1.968,19.287,0.9966,0,1.081,-0.495,2.437,0.2668,6.646,-0.283,0.061,1.000,-2.437,-5.356,-0.1701,-0.0050,0.009,0.009,0.873,1.907,2.140,-2.463,0.0019,0.310,nan,0.00,1,1,1,0,1,0.0000,0.378,0,0.097,2,0.789,0,0,yolo,103.9,yolo,1,1,0,0.000,0,-1,0
1785731896.622,-4.381,-2.027,19.094,0.9965,0,0.558,-0.387,2.437,0.2668,6.646,-0.283,0.061,1.000,-2.437,-4.939,-0.1933,-0.0130,-0.014,-0.014,0.865,1.912,2.133,-2.415,0.0019,0.317,nan,0.00,1,1,1,0,1,0.0000,0.141,0,0.097,1,0.861,0,0,yolo,103.9,yolo,1,1,0,0.000,0,-1,0
1785731896.649,-4.419,-2.076,18.901,0.9964,0,2.058,-0.424,2.776,0.2835,6.469,-0.314,-0.063,1.000,-2.776,-10.403,0.3829,1.2145,-0.037,0.117,0.864,1.917,2.200,-2.500,0.0019,0.196,nan,0.00,1,1,1,1,1,0.0000,0.283,0,0.097,1,0.861,0,0,yolo,109.4,yolo,1,1,0,0.000,0,-1,0
1785731896.686,-4.463,-2.125,18.711,0.9963,0,0.813,-0.375,2.776,0.2668,6.469,-0.314,-0.063,1.000,-2.776,-5.275,-0.1760,0.0010,-0.059,-0.059,0.865,1.922,2.200,-2.500,0.0018,0.202,nan,0.00,1,1,1,0,1,0.0000,0.251,0,0.126,2,0.852,0,0,yolo,109.4,yolo,1,1,0,0.000,0,-1,0
1785731896.723,-4.539,-2.177,18.485,0.9961,0,0.322,-0.323,2.776,0.2668,6.469,-0.314,-0.063,1.000,-2.776,-4.861,-0.1987,-0.0002,-0.082,-0.082,0.863,1.928,2.200,-2.500,0.0018,0.208,nan,0.00,1,1,1,0,1,0.0000,0.501,0,0.126,2,0.852,2,0,yolo,109.4,yolo,1,1,0,0.000,0,-1,0
1785731896.747,-4.539,-2.177,18.485,0.9961,0,1.822,-0.323,2.935,0.2835,6.287,-0.322,-0.175,1.000,-2.935,-8.679,0.1310,0.8870,-0.082,0.050,0.863,1.928,2.200,-2.500,0.0018,0.090,nan,0.00,1,1,1,1,1,0.0000,0.500,0,0.125,2,0.833,0,0,yolo,108.0,yolo,1,1,0,0.000,0,-1,0
1785731896.780,-4.739,-2.235,18.207,0.9958,0,0.322,-0.257,2.935,0.2669,6.287,-0.322,-0.175,1.000,-2.935,-5.006,-0.1620,-0.0079,-0.112,-0.112,0.855,1.936,2.200,-2.492,0.0018,0.097,nan,0.00,1,1,1,0,1,0.0000,0.500,0,0.125,2,0.833,0,0,yolo,108.0,yolo,1,1,0,0.000,0,-1,0
1785731896.817,-4.756,-2.285,17.935,0.9958,0,-0.244,-0.157,2.935,0.2669,6.287,-0.322,-0.175,1.000,-2.935,-4.512,-0.1884,-0.0162,-0.138,-0.138,0.847,1.943,2.200,-2.442,0.0018,0.103,nan,0.00,1,1,1,0,1,0.0000,0.497,0,0.122,2,0.794,0,0,yolo,108.0,yolo,1,1,0,0.000,0,-1,0
1785731896.843,-4.724,-2.323,17.672,0.9958,0,-0.676,-0.077,2.935,0.2669,6.287,-0.322,-0.175,1.000,-2.935,-4.049,-0.2133,-0.0236,-0.163,-0.163,0.840,1.951,2.200,-2.400,0.0018,0.107,nan,0.00,1,1,1,0,1,0.0000,0.497,0,0.122,2,0.794,0,0,yolo,108.0,yolo,1,1,0,0.000,0,-1,0
1785731896.880,-4.724,-2.323,17.672,0.9958,0,0.824,-0.144,2.976,0.2836,6.039,-0.314,-0.274,1.000,-2.976,-7.007,0.0323,0.8153,-0.163,-0.042,0.840,1.951,2.200,-2.467,0.0018,-0.002,nan,0.00,1,1,1,1,1,0.0000,0.502,0,0.127,2,0.779,0,0,yolo,108.7,yolo,1,1,0,0.000,0,-1,0
1785731896.906,-4.659,-2.352,17.423,0.9959,0,-0.566,-0.064,2.976,0.2669,6.039,-0.314,-0.274,1.000,-2.976,-4.093,-0.1433,-0.0007,-0.185,-0.185,0.839,1.958,2.200,-2.416,0.0018,0.001,nan,0.00,1,1,1,0,1,0.0000,0.502,0,0.127,2,0.779,0,0,yolo,108.7,yolo,1,1,0,0.000,0,-1,0
1785731896.945,-4.607,-2.377,17.191,0.9959,0,-0.900,-0.003,2.976,0.2669,6.039,-0.314,-0.274,1.000,-2.976,-3.707,-0.1634,-0.0008,-0.205,-0.205,0.839,1.965,2.200,-2.380,0.0018,0.003,nan,0.00,1,1,1,0,1,0.0000,0.206,0,0.141,1,0.767,0,0,yolo,108.7,yolo,1,1,0,0.000,0,-1,0
1785731896.974,-4.518,-2.399,16.937,0.9960,0,0.600,0.059,2.449,0.2835,5.762,-0.299,-0.345,0.960,-2.975,-5.287,-0.0010,1.2344,-0.226,-0.130,0.845,1.973,2.200,-2.341,0.0018,-0.079,nan,0.00,1,1,1,1,1,0.0000,0.206,0,0.141,1,0.767,0,0,yolo,109.4,yolo,1,1,0,0.000,0,-1,0
1785731897.004,-4.571,-2.412,16.724,0.9959,0,-0.900,0.100,2.461,0.2692,5.762,-0.299,-0.345,0.960,-2.975,-3.014,-0.1191,-0.0007,-0.249,-0.249,0.844,1.980,2.200,-2.312,0.0018,-0.078,nan,0.00,1,1,1,0,1,0.0000,0.413,0,0.141,1,0.767,3,0,yolo,109.4,yolo,1,1,0,0.000,0,-1,0
1785731897.032,-4.571,-2.412,16.724,0.9959,0,-1.557,0.029,2.471,0.2692,5.762,-0.299,-0.345,0.960,-2.975,-3.014,-0.1191,-0.0007,-0.249,-0.249,0.844,1.980,2.200,-2.383,0.0018,-0.078,nan,0.00,1,1,1,0,1,0.0000,0.418,0,0.148,1,0.769,0,0,yolo,109.4,yolo,1,1,0,0.000,0,-1,0
1785731897.063,-4.492,-2.419,16.539,0.9960,0,-1.875,0.078,2.478,0.2689,5.762,-0.299,-0.345,0.960,-2.975,-2.617,-0.1399,-0.0069,-0.269,-0.269,0.838,1.987,2.200,-2.341,0.0018,-0.077,nan,0.00,1,1,1,0,1,0.0000,0.418,0,0.148,1,0.769,0,0,yolo,109.4,yolo,1,1,0,0.000,0,-1,0
1785731897.092,-4.350,-2.431,16.355,0.9962,0,-0.830,0.124,1.974,0.2855,5.572,-0.276,-0.436,0.929,-2.837,-3.520,-0.0809,0.5988,-0.287,-0.188,0.830,1.994,2.200,-2.307,0.0018,-0.177,nan,0.00,1,1,1,1,1,0.0000,0.424,0,0.155,1,0.778,0,0,yolo,117.0,yolo,1,1,0,0.000,0,-1,0
1785731897.126,-4.275,-2.435,16.187,0.9963,0,-2.330,0.155,1.990,0.2716,5.572,-0.276,-0.436,0.929,-2.837,-1.659,-0.1180,-0.0134,-0.306,-0.306,0.817,2.001,2.200,-2.280,0.0018,-0.177,nan,0.00,1,1,1,0,1,0.0000,0.424,0,0.155,1,0.778,0,0,yolo,117.0,yolo,1,1,0,0.000,0,-1,0
1785731897.157,-4.080,-2.432,16.042,0.9966,0,-2.745,0.175,2.001,0.2708,5.572,-0.276,-0.436,0.929,-2.837,-1.335,-0.1351,-0.0303,-0.323,-0.323,0.800,2.007,2.200,-2.258,0.0019,-0.178,nan,0.00,1,1,1,0,1,0.0000,0.213,0,0.157,1,0.773,0,0,yolo,117.0,yolo,1,1,0,0.000,0,-1,0
1785731897.187,-3.826,-2.428,15.885,0.9969,0,-2.781,0.195,2.010,0.2701,5.572,-0.276,-0.436,0.929,-2.837,-1.046,-0.1503,-0.0440,-0.338,-0.338,0.786,2.014,2.200,-2.234,0.0019,-0.180,nan,0.00,1,1,1,0,1,0.0000,0.213,0,0.157,1,0.773,0,0,yolo,117.0,yolo,1,1,0,0.000,0,-1,0
1785731897.223,-3.579,-2.422,15.720,0.9972,0,-2.959,0.211,1.384,0.2868,5.309,-0.228,-0.467,0.885,-2.463,-0.620,-0.3458,0.4703,-0.352,-0.231,0.775,2.021,2.200,-2.212,0.0019,-0.227,nan,0.00,1,1,1,1,1,0.0000,0.425,0,0.157,1,0.773,1,0,yolo,112.2,yolo,1,1,0,0.000,0,-1,0
1785731897.256,-3.579,-2.422,15.720,0.9972,0,-3.702,0.140,1.544,0.2735,5.309,-0.228,-0.467,0.885,-2.463,0.123,-0.1212,0.0000,-0.352,-0.352,0.775,2.021,2.200,-2.283,0.0019,-0.227,nan,0.00,1,1,1,0,1,0.0000,0.570,0,0.195,1,0.764,1,0,yolo,112.2,yolo,1,1,0,0.000,0,-1,0
1785731897.281,-3.296,-2.411,15.588,0.9975,0,-3.670,0.171,1.664,0.2727,5.309,-0.228,-0.467,0.885,-2.463,0.374,-0.1346,-0.0187,-0.365,-0.365,0.756,2.028,2.200,-2.240,0.0019,-0.230,nan,0.00,1,1,1,0,1,0.0000,0.569,0,0.194,1,0.754,0,0,yolo,112.2,yolo,1,1,0,0.000,0,-1,0
1785731897.313,-2.931,-2.402,15.461,0.9978,0,-5.170,0.256,1.271,0.2893,5.082,-0.192,-0.497,0.847,-2.166,3.805,-0.7921,1.3119,-0.376,-0.352,0.739,2.035,2.177,-2.146,0.0020,-0.273,nan,0.00,1,1,1,1,1,0.0000,0.569,0,0.194,1,0.754,0,0,yolo,110.3,yolo,1,1,0,0.000,0,-1,0
1785731897.344,-2.426,-2.384,15.338,0.9982,0,-3.670,0.271,1.362,0.2738,5.082,-0.192,-0.497,0.847,-2.166,0.993,-0.0292,-0.0215,-0.381,-0.381,0.718,2.041,2.173,-2.113,0.0020,-0.277,nan,0.00,1,1,1,0,1,0.0000,0.339,0,0.191,2,0.739,0,0,yolo,110.3,yolo,1,1,0,0.000,0,-1,0
1785731897.375,-2.088,-2.363,15.227,0.9985,0,-3.175,0.276,1.430,0.2728,5.082,-0.192,-0.497,0.847,-2.166,1.087,-0.0343,-0.0458,-0.386,-0.386,0.693,2.048,2.170,-2.086,0.0020,-0.280,nan,0.00,1,1,1,0,1,0.0000,0.337,0,0.186,2,0.716,0,0,yolo,110.3,yolo,1,1,0,0.000,0,-1,0
1785731897.407,-1.796,-2.341,15.110,0.9987,0,-2.941,0.276,1.481,0.2718,5.082,-0.192,-0.497,0.847,-2.166,1.145,-0.0374,-0.0696,-0.389,-0.389,0.669,2.054,2.167,-2.065,0.0021,-0.283,nan,0.00,1,1,1,0,1,0.0000,0.333,0,0.180,2,0.672,0,0,yolo,110.3,yolo,1,1,0,0.000,0,-1,0
1785731897.439,-1.796,-2.341,15.110,0.9987,0,-3.465,0.389,1.090,0.2884,4.886,-0.152,-0.538,0.814,-1.779,1.668,-0.1979,0.3030,-0.389,-0.313,0.669,2.054,2.096,-1.952,0.0021,-0.333,nan,0.00,1,1,1,1,1,0.0000,0.333,0,0.180,2,0.672,0,0,yolo,110.8,yolo,1,1,0,0.000,0,-1,0
1785731897.474,-1.526,-2.321,14.988,0.9988,0,-3.810,0.405,1.143,0.2758,4.886,-0.152,-0.538,0.814,-1.779,2.284,-0.0773,-0.0171,-0.390,-0.390,0.652,2.059,2.093,-1.916,0.0021,-0.336,nan,0.00,1,1,1,0,1,0.0000,0.666,0,0.180,2,0.672,2,0,yolo,110.8,yolo,1,1,0,0.000,0,-1,0
1785731897.515,-1.203,-2.288,14.887,0.9990,0,-3.480,0.401,1.182,0.2749,4.886,-0.152,-0.538,0.814,-1.779,2.276,-0.0769,-0.0383,-0.390,-0.390,0.631,2.065,2.090,-1.888,0.0022,-0.340,nan,0.00,1,1,1,0,1,0.0000,0.596,0,0.122,3,0.630,0,0,yolo,110.8,yolo,1,1,0,0.000,0,-1,0
1785731897.554,-0.849,-2.253,14.804,0.9991,0,-3.526,0.623,0.835,0.2916,4.641,-0.117,-0.582,0.774,-1.442,2.677,-0.2727,0.5766,-0.388,-0.308,0.613,2.070,1.992,-1.630,0.0022,-0.397,nan,0.00,1,1,1,1,1,0.0000,0.495,0,0.120,2,0.603,0,0,yolo,111.1,yolo,1,1,0,0.000,0,-1,0
1785731897.592,-0.263,-2.171,14.647,0.9993,0,-3.183,0.611,0.868,0.2767,4.641,-0.117,-0.582,0.774,-1.442,2.920,-0.0713,-0.0411,-0.379,-0.379,0.572,2.077,1.984,-1.559,0.0022,-0.405,nan,0.00,1,1,1,0,1,0.0000,0.491,0,0.116,2,0.545,0,0,yolo,111.1,yolo,1,1,0,0.000,0,-1,0
1785731897.623,-0.263,-2.171,14.647,0.9993,0,-3.183,0.549,0.893,0.2768,4.641,-0.117,-0.582,0.774,-1.442,2.920,-0.0713,-0.0411,-0.379,-0.379,0.572,2.077,1.984,-1.622,0.0023,-0.405,nan,0.00,1,1,1,0,1,0.0000,0.491,0,0.116,2,0.545,0,0,yolo,111.1,yolo,1,1,0,0.000,0,-1,0
1785731897.659,0.022,-2.117,14.586,0.9993,0,-4.683,0.908,0.077,0.2935,4.267,-0.029,-0.682,0.711,-0.393,5.678,-0.4687,0.7105,-0.373,-0.329,0.541,2.081,1.820,-1.209,0.0023,-0.524,nan,0.00,1,1,1,1,1,0.0000,0.491,0,0.116,2,0.545,2,0,yolo,110.4,yolo,1,1,0,0.000,0,-1,0
1785731897.685,0.302,-2.070,14.520,0.9993,0,-4.364,0.870,0.138,0.2812,4.267,-0.029,-0.682,0.711,-0.393,4.666,-0.0367,-0.0269,-0.366,-0.366,0.514,2.084,1.817,-1.200,0.0024,-0.527,nan,0.00,1,1,1,0,1,0.0000,0.666,0,0.180,2,0.502,0,0,yolo,110.4,yolo,1,1,0,0.000,0,-1,0
1785731897.719,0.701,-1.993,14.488,0.9993,0,-3.787,0.797,0.183,0.2801,4.267,-0.029,-0.682,0.711,-0.393,4.489,-0.0268,-0.0560,-0.356,-0.356,0.485,2.086,1.812,-1.197,0.0024,-0.533,nan,0.00,1,1,1,0,1,0.0000,0.666,0,0.180,2,0.502,2,0,yolo,110.4,yolo,1,1,0,0.000,0,-1,0
1785731897.746,1.033,-1.924,14.491,0.9993,0,-2.364,0.986,-1.222,0.2968,4.098,-0.027,-0.774,0.683,-0.382,3.397,-0.0123,1.5498,-0.346,-0.280,0.454,2.088,1.703,-0.938,0.0025,-0.637,nan,0.00,1,1,1,1,1,0.0000,0.798,0,0.195,3,0.447,0,0,yolo,111.3,yolo,1,1,0,0.000,0,-1,0
1785731897.776,1.235,-1.841,14.557,0.9993,0,-3.148,0.894,-2.255,0.2845,4.098,-0.027,-0.774,0.683,-0.382,4.384,-0.0580,-0.0335,-0.338,-0.338,0.420,2.089,1.698,-0.947,0.0026,-0.643,nan,0.00,1,1,1,0,1,0.0000,0.798,0,0.195,3,0.447,0,0,yolo,111.3,yolo,1,1,0,0.000,0,-1,0
1785731897.807,1.459,-1.755,14.674,0.9992,0,-2.786,0.796,-3.029,0.2830,4.098,-0.027,-0.774,0.683,-0.382,4.245,-0.0502,-0.0736,-0.330,-0.330,0.380,2.088,1.693,-0.959,0.0026,-0.649,nan,0.00,1,1,1,0,1,0.0000,0.713,0,0.219,3,0.384,0,0,yolo,111.3,yolo,1,1,0,0.000,0,-1,0
1785731897.839,1.463,-1.754,14.676,0.9992,0,-2.781,0.780,-3.610,0.2830,4.098,-0.027,-0.774,0.683,-0.382,4.244,-0.0502,-0.0742,-0.330,-0.330,0.380,2.088,1.693,-0.974,0.0027,-0.649,nan,0.00,1,1,1,0,1,0.0000,0.713,0,0.219,3,0.384,0,0,yolo,111.3,yolo,1,1,0,0.000,0,-1,0
1785731897.876,1.709,-1.692,14.931,0.9991,0,-2.196,0.920,-4.537,0.2997,3.918,-0.010,-0.855,0.653,-0.143,3.905,-0.1224,0.6738,-0.326,-0.261,0.334,2.087,1.601,-0.772,0.0028,-0.739,nan,0.00,1,1,1,1,1,0.0000,0.875,0,0.287,3,0.291,0,0,yolo,113.8,yolo,1,1,0,0.000,0,-1,0
1785731897.904,1.944,-1.634,15.217,0.9990,0,-2.639,0.844,-4.832,0.2874,3.918,-0.010,-0.855,0.653,-0.143,4.583,-0.0614,-0.0445,-0.323,-0.323,0.290,2.085,1.598,-0.790,0.0028,-0.743,nan,0.00,1,1,1,0,1,0.0000,0.875,0,0.287,3,0.291,0,0,yolo,113.8,yolo,1,1,0,0.000,0,-1,0
1785731897.941,2.186,-1.569,15.617,0.9989,0,-2.362,0.754,-5.053,0.2855,3.918,-0.010,-0.855,0.653,-0.143,4.548,-0.0594,-0.0910,-0.321,-0.321,0.243,2.083,1.594,-0.815,0.0029,-0.747,nan,0.00,1,1,1,0,1,0.0000,0.875,0,0.287,3,0.291,2,0,yolo,113.8,yolo,1,1,0,0.000,0,-1,0
1785731897.966,2.395,-1.518,16.061,0.9988,0,-2.129,0.676,-5.219,0.2838,3.918,-0.010,-0.855,0.653,-0.143,4.524,-0.0580,-0.1351,-0.319,-0.319,0.199,2.079,1.591,-0.842,0.0030,-0.750,nan,0.00,1,1,1,0,1,0.0000,1.000,0,0.316,4,0.236,0,0,yolo,113.8,yolo,1,1,0,0.000,0,-1,0
1785731897.998,2.585,-1.474,16.502,0.9987,0,-0.629,0.780,-5.903,0.3004,3.679,-0.017,-0.908,0.613,-0.264,2.352,0.1164,0.9393,-0.317,-0.217,0.157,2.076,1.522,-0.695,0.0031,-0.813,nan,0.00,1,1,1,1,1,0.0000,1.000,0,0.316,4,0.236,0,0,yolo,112.4,yolo,1,1,0,0.000,0,-1,0
1785731898.030,2.585,-1.474,16.502,0.9987,0,-1.846,0.804,-6.010,0.2919,3.679,-0.017,-0.908,0.613,-0.264,4.431,-0.0991,0.0000,-0.317,-0.317,0.157,2.076,1.522,-0.670,0.0032,-0.813,nan,0.00,1,1,1,0,1,0.0000,0.833,0,0.405,4,0.183,0,0,yolo,112.4,yolo,1,1,0,0.000,0,-1,0
1785731898.060,2.630,-1.420,17.010,0.9986,0,-1.787,0.716,-6.091,0.2898,3.679,-0.017,-0.908,0.613,-0.264,4.417,-0.0983,-0.0507,-0.316,-0.316,0.106,2.072,1.519,-0.703,0.0032,-0.817,nan,0.00,1,1,1,0,1,0.0000,0.833,0,0.405,4,0.183,0,0,yolo,112.4,yolo,1,1,0,0.000,0,-1,0
1785731898.092,2.790,-1.379,17.520,0.9985,0,-0.287,0.764,-6.576,0.3048,3.461,-0.031,-0.942,0.577,-0.521,1.772,0.0930,0.2511,-0.315,-0.195,0.054,2.067,1.471,-0.616,0.0033,-0.858,nan,0.00,1,1,1,1,1,0.0000,0.786,0,0.479,4,0.120,0,0,yolo,109.4,yolo,1,1,0,0.000,0,-1,0
1785731898.122,2.818,-1.339,18.015,0.9985,0,-1.302,0.702,-6.604,0.2913,3.461,-0.031,-0.942,0.577,-0.521,4.120,-0.1210,-0.0532,-0.316,-0.316,0.001,2.063,1.469,-0.637,0.0034,-0.861,nan,0.00,1,1,1,0,1,0.0000,0.786,0,0.479,4,0.120,0,0,yolo,109.4,yolo,1,1,0,0.000,0,-1,0
1785731898.160,2.879,-1.304,18.509,0.9985,0,-1.255,0.649,-6.625,0.2889,3.461,-0.031,-0.942,0.577,-0.521,4.133,-0.1217,-0.1092,-0.317,-0.317,-0.055,2.059,1.468,-0.655,0.0035,-0.863,nan,0.00,1,1,1,0,1,0.0000,0.786,0,0.479,4,0.120,2,0,yolo,109.4,yolo,1,1,0,0.000,0,-1,0
1785731898.209,2.985,-1.275,19.018,0.9984,0,-1.129,0.622,-5.836,0.2837,3.162,-0.001,-0.914,0.527,-0.012,4.115,-0.2805,-0.2120,-0.317,-0.237,-0.112,2.054,1.458,-0.652,0.0036,-0.842,nan,0.00,1,1,1,1,1,0.0000,0.750,0,0.564,4,0.042,0,0,yolo,110.4,yolo,1,1,0,0.000,0,-1,0
1785731898.247,3.080,-1.246,19.518,0.9983,0,-1.643,0.578,-4.413,0.2911,3.162,-0.001,-0.914,0.527,-0.012,4.724,-0.0797,-0.0532,-0.317,-0.317,-0.166,2.049,1.457,-0.669,0.0037,-0.843,nan,0.00,1,1,1,0,1,0.0000,0.750,0,0.564,4,0.042,0,0,yolo,110.4,yolo,1,1,0,0.000,0,-1,0
1785731898.278,3.173,-1.217,19.998,0.9982,0,-1.508,0.533,-3.346,0.2891,3.162,-0.001,-0.914,0.527,-0.012,4.681,-0.0772,-0.0995,-0.314,-0.314,-0.212,2.045,1.456,-0.684,0.0037,-0.845,nan,0.00,1,1,1,0,1,0.0000,0.393,0,0.582,4,0.004,0,0,yolo,110.4,yolo,1,1,0,0.000,0,-1,0
1785731898.309,3.313,-1.186,20.362,0.9981,0,-1.242,0.495,-2.545,0.2874,3.162,-0.001,-0.914,0.527,-0.012,4.556,-0.0697,-0.1422,-0.307,-0.307,-0.255,2.041,1.455,-0.691,0.0038,-0.846,nan,0.00,1,1,1,0,1,0.0000,0.786,0,0.582,4,0.004,0,0,yolo,110.4,yolo,1,1,0,0.000,0,-1,0
1785731898.338,3.441,-1.154,20.611,0.9980,0,0.258,1.100,-1.045,0.2798,4.000,-1.711,0.000,0.667,-23.160,-14.000,-0.0000,-0.2934,-0.295,-0.295,-0.293,2.037,1.200,-0.054,0.0038,-0.821,nan,0.00,1,1,0,1,1,0.0000,0.786,0,0.590,4,0.012,0,1,blueline,,BLUELINE,1,1,0,0.000,0,-1,0
1785731898.371,3.416,-1.062,20.728,0.9981,0,1.758,1.010,0.455,0.2774,4.000,-1.711,0.000,0.667,-23.160,-14.000,0.0180,-0.3294,-0.277,-0.277,-0.329,2.034,1.200,-0.053,0.0038,-0.796,nan,0.00,1,1,0,0,1,0.0000,0.786,0,0.590,4,0.012,0,0,blueline,,BLUELINE,1,1,0,0.000,0,-1,0
1785731898.402,3.249,-0.965,20.679,0.9983,0,3.258,0.911,1.955,0.2753,4.000,-1.581,0.000,0.667,-21.572,-14.000,-1.6634,-0.3603,-0.252,-0.252,-0.360,2.031,1.200,-0.053,0.0038,-0.773,nan,0.00,1,1,0,1,1,0.0000,0.786,0,0.594,4,0.019,0,0,blueline,,BLUELINE,1,1,0,0.000,0,-1,0
1785731898.433,2.992,-0.883,20.539,0.9985,0,4.758,0.830,3.455,0.2734,4.000,-1.581,0.000,0.667,-21.572,-14.000,0.0245,-0.3838,-0.228,-0.228,-0.384,2.028,1.200,-0.053,0.0038,-0.749,nan,0.00,1,1,0,0,1,0.0000,0.786,0,0.594,4,0.019,0,0,blueline,,BLUELINE,1,1,0,0.000,0,-1,0
1785731898.464,2.729,-0.803,20.386,0.9988,0,6.258,0.744,4.955,0.2721,4.000,-1.537,0.000,0.667,-21.015,-14.000,-0.5834,-0.3982,-0.204,-0.204,-0.398,2.025,1.200,-0.059,0.0038,-0.727,nan,0.00,1,1,0,1,1,0.0000,0.643,0,0.617,2,0.121,0,0,blueline,,BLUELINE,1,1,0,0.000,0,-1,0
1785731898.503,2.190,-0.722,19.994,0.9992,0,4.758,0.246,3.455,0.2711,4.000,0.960,0.000,0.667,13.491,14.000,-0.0000,-0.4014,-0.174,-0.174,-0.401,2.021,1.364,-0.477,0.0038,-0.705,nan,0.00,1,1,0,1,1,0.0000,0.583,0,0.518,1,0.132,0,1,track,,TRACK,1,1,0,0.000,0,-1,0
1785731898.542,1.801,-0.685,19.656,0.9994,0,3.258,0.176,1.955,0.2703,4.000,0.960,0.000,0.667,13.491,14.000,0.0248,-0.4039,-0.149,-0.149,-0.404,2.017,1.370,-0.509,0.0038,-0.684,nan,0.00,1,1,0,0,1,0.0000,0.583,0,0.518,1,0.132,0,0,track,,TRACK,1,1,0,0.000,0,-1,0
1785731898.574,1.543,-0.665,19.497,0.9996,0,4.758,0.557,3.455,0.2696,4.000,-1.596,0.000,0.667,-21.754,-14.000,-0.0000,-0.4063,-0.133,-0.133,-0.406,2.013,1.200,-0.108,0.0038,-0.663,nan,0.00,1,1,0,1,1,0.0000,0.583,0,0.518,1,0.112,0,1,blueline,,BLUELINE,1,1,0,0.000,0,-1,0
1785731898.610,1.148,-0.614,19.324,0.9997,0,3.258,0.485,1.955,0.2688,4.000,1.759,0.000,0.667,23.733,14.000,-0.0000,-0.4085,-0.118,-0.118,-0.408,2.008,1.200,-0.129,0.0038,-0.643,nan,0.00,1,1,0,1,1,0.0000,0.583,0,0.518,1,0.112,2,1,track,,TRACK,1,1,0,0.000,0,-1,0
1785731898.636,0.868,-0.565,19.116,0.9998,0,1.758,0.416,0.455,0.2681,4.000,1.759,0.000,0.667,23.733,14.000,0.0132,-0.4105,-0.105,-0.105,-0.411,2.003,1.200,-0.149,0.0038,-0.624,nan,0.00,1,1,0,0,1,0.0000,0.286,0,0.505,1,0.127,0,0,track,,TRACK,1,1,0,0.000,0,-1,0
1785731898.672,0.868,-0.565,19.116,0.9998,0,0.258,0.463,-1.045,0.2676,4.000,2.112,0.000,0.667,25.000,14.000,-2.6544,-0.4105,-0.105,-0.105,-0.411,2.003,1.200,-0.102,0.0038,-0.605,nan,0.00,1,1,0,1,1,0.0000,0.286,0,0.505,1,0.127,1,0,track,,TRACK,1,1,0,0.000,0,-1,0
1785731898.700,0.730,-0.530,19.038,0.9999,0,-1.242,0.391,-2.545,0.2669,4.000,2.112,0.000,0.667,25.000,14.000,0.0068,-0.4124,-0.098,-0.098,-0.412,1.998,1.200,-0.139,0.0038,-0.587,nan,0.00,1,1,0,0,1,0.0000,0.286,0,0.503,1,0.152,0,0,track,,TRACK,1,1,0,0.000,0,-1,0
1785731898.736,0.706,-0.486,19.148,0.9999,0,0.258,0.300,-1.045,0.2663,4.000,-0.108,0.000,0.233,-1.549,-5.298,4.1888,-0.4140,-0.098,-0.098,-0.414,1.991,1.200,-0.187,0.0038,-0.570,nan,-8.00,0,1,0,1,1,-0.5165,0.600,1,0.278,1,0.214,0,0,track,,TRACK,1,1,0,0.000,0,-1,0
1785731898.763,0.675,-0.459,19.277,0.9999,0,1.081,0.234,0.455,0.2658,4.000,-0.108,0.000,0.233,-1.549,-0.407,-0.0007,-0.4145,-0.099,-0.099,-0.414,1.985,1.200,-0.225,0.0038,-0.553,nan,-8.00,0,1,0,0,1,-0.5165,0.600,1,0.278,1,0.214,0,0,track,,TRACK,1,1,0,0.000,0,-1,0
1785731898.793,0.566,-0.438,19.269,0.9999,0,2.581,0.181,1.955,0.2653,4.000,-2.490,0.000,0.233,-25.000,-14.000,-0.0000,-0.4136,-0.095,-0.095,-0.414,1.978,1.200,-0.256,0.0038,-0.536,nan,0.00,0,1,0,1,1,-0.6256,0.175,1,0.273,2,0.235,0,1,blueline,,BLUELINE,1,1,0,0.000,0,-1,0
1785731898.824,0.346,-0.419,19.126,1.0000,0,4.081,0.138,3.455,0.2649,4.000,-2.490,0.000,0.233,-25.000,-14.000,0.0083,-0.4116,-0.087,-0.087,-0.412,1.972,1.200,-0.281,0.0038,-0.520,nan,0.00,0,1,0,0,1,-0.7347,0.175,1,0.273,2,0.235,0,0,blueline,,BLUELINE,1,1,0,0.000,0,-1,0
1785731898.856,0.342,-0.419,19.124,1.0000,0,2.581,0.200,1.955,0.2816,4.693,3.134,-1.396,0.782,25.000,14.000,-0.0000,-0.0000,-0.086,-0.086,-0.412,1.972,1.200,-0.219,0.0038,-1.343,nan,0.00,1,1,1,1,1,-0.7731,0.600,1,0.263,1,0.275,0,1,yolo,107.6,yolo,1,1,0,0.000,0,-1,0
1785731898.887,-0.029,-0.405,18.836,1.0000,0,4.081,0.148,3.455,0.2886,4.000,-2.946,0.000,0.667,-25.000,-14.000,-0.0000,-0.4078,-0.075,-0.075,-0.408,1.965,1.200,-0.256,0.0038,-1.302,nan,-8.00,1,1,0,1,1,-0.8019,0.600,1,0.263,1,0.275,0,1,blueline,,BLUELINE,1,1,0,0.000,0,-1,0
1785731898.918,-0.252,-0.386,18.617,1.0000,0,2.581,0.101,4.955,0.2874,4.000,-0.498,0.000,0.233,-7.102,1.079,-4.1888,-0.4082,-0.068,-0.068,-0.408,1.959,1.200,-0.285,0.0038,-1.263,nan,0.00,0,1,0,1,1,0.0000,0.426,0,0.233,3,0.574,0,0,blueline,,BLUELINE,1,1,0,0.000,0,-1,0
1785731898.949,-0.480,-0.379,18.297,0.9999,0,3.380,0.063,6.455,0.2859,4.000,-0.498,0.000,0.233,-7.102,-3.860,0.0085,-0.4166,-0.059,-0.059,-0.417,1.953,1.200,-0.315,0.0038,-1.225,nan,0.00,0,1,0,0,1,0.0000,0.426,0,0.233,3,0.574,0,0,blueline,,BLUELINE,1,1,0,0.000,0,-1,0
1785731898.986,-0.768,-0.380,17.788,0.9999,0,1.880,0.047,4.955,0.2841,4.000,-0.011,0.000,0.233,-0.154,0.138,-0.0000,-0.4327,-0.045,-0.045,-0.433,1.947,1.200,-0.333,0.0038,-1.189,nan,0.00,0,1,0,1,1,0.0000,0.852,0,0.233,3,0.574,2,1,track,,TRACK,1,1,0,0.000,0,-1,0
1785731899.012,-0.928,-0.380,17.330,0.9998,0,0.380,0.033,3.455,0.2820,4.000,-0.011,0.000,0.233,-0.154,0.073,0.0105,-0.4559,-0.035,-0.035,-0.456,1.942,1.200,-0.346,0.0038,-1.153,nan,0.00,0,1,0,0,1,0.0000,0.670,0,0.183,2,0.715,0,0,track,,TRACK,1,1,0,0.000,0,-1,0
1785731899.050,-0.955,-0.381,17.053,0.9998,0,-1.120,0.514,1.955,0.2795,nan,nan,nan,0.000,0.000,0.257,0.0000,-0.4882,-0.032,-0.032,-0.488,1.936,1.000,0.133,0.0038,-1.118,nan,0.00,0,0,0,0,1,0.0000,0.670,0,0.183,2,0.715,2,0,,,FLYING,1,1,0,0.000,0,-1,0
1785731899.075,-0.876,-0.344,16.928,0.9999,0,-1.150,0.465,0.455,0.2771,nan,nan,nan,0.000,0.000,0.275,0.0000,-0.5188,-0.034,-0.034,-0.519,1.930,1.000,0.122,0.0038,-1.085,nan,0.00,0,0,0,0,1,0.0000,0.489,0,0.114,2,0.765,0,0,,,FLYING,1,1,0,0.000,0,-1,0
1785731899.113,-0.789,-0.303,16.828,0.9999,0,-1.082,0.414,0.000,0.2749,nan,nan,nan,0.000,0.000,0.293,0.0000,-0.5457,-0.037,-0.037,-0.546,1.925,1.000,0.111,0.0038,-1.052,nan,0.00,0,0,0,0,1,0.0000,0.480,0,0.105,2,0.795,0,0,,,FLYING,1,1,0,0.000,0,-1,0
1785731899.153,-0.706,-0.267,16.846,0.9999,0,0.418,-0.151,1.500,0.2730,4.000,-0.383,0.000,0.233,-5.476,-2.982,-0.0000,-0.5655,-0.043,-0.043,-0.566,1.918,1.200,-0.418,0.0038,-1.021,nan,0.00,0,1,0,1,1,0.0000,0.337,0,0.047,2,0.823,0,1,blueline,,BLUELINE,1,1,0,0.000,0,-1,0
1785731899.184,-0.755,-0.282,16.770,0.9999,0,1.918,-0.167,3.000,0.2715,4.000,-0.514,0.000,0.233,-7.318,-8.550,3.8581,-0.5792,-0.045,-0.045,-0.579,1.911,1.200,-0.449,0.0038,-0.990,nan,0.00,0,1,0,1,1,0.0000,0.335,0,0.044,2,0.852,0,0,blueline,,BLUELINE,1,1,0,0.000,0,-1,0
1785731899.221,-0.887,-0.304,16.591,0.9999,0,0.418,0.333,1.500,0.2702,nan,nan,nan,0.000,0.000,0.344,0.0000,-0.5881,-0.043,-0.043,-0.588,1.904,1.000,0.029,0.0038,-0.960,nan,0.00,0,0,0,0,1,0.0000,0.335,0,0.044,2,0.852,2,0,,,FLYING,1,1,0,0.000,0,-1,0
1785731899.247,-0.890,-0.305,16.588,0.9999,0,-1.082,0.402,0.000,0.2694,nan,nan,nan,0.000,0.000,0.344,0.0000,-0.5882,-0.043,-0.043,-0.588,1.904,1.000,0.097,0.0038,-0.932,nan,0.00,0,0,0,0,1,0.0000,0.334,0,0.043,2,0.902,0,0,,,FLYING,1,1,0,0.000,0,-1,0
1785731899.283,-0.922,-0.271,16.383,0.9999,0,-1.263,0.326,0.000,0.2684,nan,nan,nan,0.000,0.000,0.340,0.0000,-0.5901,-0.043,-0.043,-0.590,1.897,1.000,0.055,0.0038,-0.904,nan,0.00,0,0,0,0,1,0.0000,0.334,0,0.043,2,0.902,1,0,,,FLYING,1,1,0,0.000,0,-1,0
1785731899.325,-0.790,-0.236,16.379,0.9999,0,-1.191,0.244,0.000,0.2676,nan,nan,nan,0.000,0.000,0.401,0.0000,-0.5898,-0.050,-0.050,-0.590,1.889,1.000,0.008,0.0038,-0.877,nan,0.00,0,0,0,0,1,0.0000,0.250,0,0.042,1,0.912,0,0,,,FLYING,1,1,0,0.000,0,-1,0
1785731899.356,-0.679,-0.204,16.420,0.9999,0,0.309,-0.319,1.500,0.2669,4.000,-1.170,0.000,0.233,-16.310,-9.248,-0.0000,-0.5879,-0.057,-0.057,-0.588,1.882,1.200,-0.523,0.0038,-0.850,nan,0.00,0,1,0,1,1,0.0000,0.249,0,0.040,1,0.911,0,0,blueline,,BLUELINE,1,1,0,0.000,0,-1,0
1785731899.390,-0.721,-0.239,16.309,0.9999,0,-1.187,0.184,0.000,0.2663,nan,nan,nan,0.000,0.000,0.466,0.0000,-0.5850,-0.058,-0.058,-0.585,1.875,1.000,-0.055,0.0038,-0.825,nan,0.00,0,0,0,0,0,0.0000,0.000,0,0.000,0,0.000,0,0,,,FLYING,1,1,0,0.000,0,-1,0
1785731899.421,-0.618,-0.223,16.229,0.9999,0,-1.103,0.152,0.000,0.2657,nan,nan,nan,0.000,0.000,0.485,0.0000,-0.5815,-0.061,-0.061,-0.581,1.868,1.000,-0.072,0.0038,-0.800,nan,0.00,0,0,0,0,0,0.0000,0.000,0,0.000,0,0.000,0,0,,,FLYING,1,1,0,0.000,0,-1,0
1785731899.456,-0.517,-0.206,16.258,1.0000,0,0.397,-1.348,0.688,0.2583,8.622,-0.103,0.287,1.000,-0.688,-1.063,-0.0000,-0.0000,-0.066,-0.066,-0.578,1.861,2.131,-2.500,0.0038,0.319,nan,0.00,1,1,1,1,0,0.0000,0.000,0,0.000,0,0.000,0,1,yolo,104.8,yolo,1,1,0,0.000,0,-1,0
1785731899.481,-0.517,-0.206,16.258,1.0000,0,0.547,-2.294,0.688,0.2582,8.622,-0.103,0.287,1.000,-0.688,-1.063,0.0000,0.0000,-0.066,-0.066,-0.578,1.861,2.131,-2.500,0.0038,0.319,nan,0.00,1,1,1,0,0,0.0000,0.000,0,0.000,0,0.000,0,0,yolo,104.8,yolo,1,1,0,0.000,0,-1,0
1785731899.518,-0.563,-0.335,16.237,0.9999,0,-0.402,-2.165,0.608,0.2416,8.583,-0.091,0.313,1.000,-0.608,-0.161,-0.1187,-0.4522,-0.068,-0.077,-0.568,1.854,2.086,-2.500,0.0037,0.364,nan,0.00,1,1,1,1,0,0.0000,0.000,0,0.000,0,0.000,1,0,yolo,108.4,yolo,1,1,0,0.000,0,-1,0
1785731899.551,-0.539,-0.547,16.157,0.9999,0,0.317,-1.953,0.608,0.2572,8.583,-0.091,0.313,1.000,-0.608,-0.856,0.0067,0.0298,-0.070,-0.070,-0.538,1.847,2.055,-2.500,0.0037,0.395,nan,0.00,1,1,1,0,0,0.0000,0.000,0,0.000,0,0.000,0,0,yolo,108.4,yolo,2,2,0,0.000,0,-1,0
1785731899.580,-0.572,-0.735,16.102,0.9999,0,0.254,-1.765,0.608,0.2587,8.583,-0.091,0.313,1.000,-0.608,-0.825,0.0047,0.0837,-0.072,-0.072,-0.484,1.842,2.026,-2.500,0.0037,0.424,nan,0.00,1,1,1,0,0,0.0000,0.000,0,0.000,0,0.000,0,0,yolo,108.4,yolo,2,2,0,0.000,0,-1,0
1785731899.613,-0.572,-0.735,16.102,0.9999,0,0.254,-1.765,0.608,0.2587,8.583,-0.091,0.313,1.000,-0.608,-0.825,0.0047,0.0837,-0.072,-0.072,-0.484,1.842,2.026,-2.500,0.0036,0.424,nan,0.00,1,1,1,0,0,0.0000,0.000,0,0.000,0,0.000,0,0,yolo,108.4,yolo,2,2,0,0.000,0,-1,0
1785731899.645,-0.596,-0.890,16.060,0.9998,0,0.296,-1.537,0.616,0.2420,8.420,-0.090,0.363,1.000,-0.616,-0.892,0.0106,-0.7075,-0.074,-0.069,-0.433,1.838,1.956,-2.427,0.0036,0.494,nan,0.00,1,1,1,1,0,0.0000,0.000,0,0.000,0,0.000,1,0,yolo,109.2,yolo,2,2,0,0.000,0,-1,0
1785731899.670,-0.615,-1.043,16.014,0.9998,0,0.102,-1.312,0.616,0.2542,8.420,-0.090,0.363,1.000,-0.616,-0.717,-0.0080,0.0468,-0.077,-0.077,-0.386,1.837,1.933,-2.355,0.0035,0.517,nan,0.00,1,1,1,0,0,0.0000,0.000,0,0.000,0,0.000,0,0,yolo,109.2,yolo,2,2,0,0.000,0,-1,0
1785731899.706,-0.622,-1.166,15.961,0.9997,0,0.054,-1.118,0.616,0.2553,8.420,-0.090,0.363,1.000,-0.616,-0.676,-0.0107,0.0844,-0.079,-0.079,-0.349,1.836,1.915,-2.284,0.0035,0.535,nan,0.00,1,1,1,0,0,0.0000,0.000,0,0.000,0,0.000,0,0,yolo,109.2,yolo,2,2,0,0.000,0,-1,0
1785731899.737,-0.626,-1.262,15.914,0.9997,0,0.626,-0.848,0.657,0.2386,8.300,-0.095,0.409,1.000,-0.657,-1.252,0.0454,-0.4356,-0.082,-0.060,-0.328,1.836,1.857,-2.111,0.0034,0.593,nan,0.00,1,1,1,1,0,0.0000,0.000,0,0.000,0,0.000,0,0,yolo,113.8,yolo,2,2,0,0.000,0,-1,0
1785731899.769,-0.667,-1.332,15.870,0.9997,0,-0.015,-0.728,0.657,0.2506,8.300,-0.095,0.409,1.000,-0.657,-0.652,-0.0243,0.0282,-0.084,-0.084,-0.300,1.837,1.847,-2.060,0.0033,0.603,nan,0.00,1,1,1,0,0,0.0000,0.000,0,0.000,0,0.000,0,0,yolo,113.8,yolo,2,2,0,0.000,0,-1,0
1785731899.796,-0.668,-1.399,15.817,0.9996,0,-0.059,-0.610,0.657,0.2519,8.300,-0.095,0.409,1.000,-0.657,-0.609,-0.0271,0.0655,-0.087,-0.087,-0.262,1.838,1.837,-2.009,0.0033,0.613,nan,0.00,1,1,1,0,0,0.0000,0.000,0,0.000,0,0.000,0,0,yolo,113.8,yolo,2,2,0,0.000,0,-1,0
1785731899.833,-0.656,-1.460,15.762,0.9996,0,-0.090,-0.502,0.657,0.2534,8.300,-0.095,0.409,1.000,-0.657,-0.566,-0.0299,0.1062,-0.090,-0.090,-0.222,1.840,1.828,-1.962,0.0032,0.622,nan,0.00,1,1,1,0,0,0.0000,0.000,0,0.000,0,0.000,0,0,yolo,113.8,yolo,2,2,0,0.000,0,-1,0
1785731899.877,-0.648,-1.507,15.711,0.9996,0,1.063,-0.416,0.738,0.2462,8.093,-0.104,0.414,1.000,-0.738,-1.712,0.0855,-0.0491,-0.092,-0.053,-0.181,1.842,1.822,-1.923,0.0031,0.628,nan,0.00,1,1,1,1,0,0.0000,0.000,0,0.000,0,0.000,1,0,yolo,104.6,yolo,2,2,0,0.000,0,-1,0
1785731899.909,-0.752,-1.551,15.649,0.9995,0,-0.130,-0.333,0.738,0.2498,8.093,-0.104,0.414,1.000,-0.738,-0.622,-0.0424,0.0365,-0.095,-0.095,-0.145,1.844,1.816,-1.884,0.0031,0.634,nan,0.00,1,1,1,0,0,0.0000,0.000,0,0.000,0,0.000,0,0,yolo,104.6,yolo,2,2,0,0.000,0,-1,0
1785731899.939,-0.752,-1.551,15.649,0.9995,0,-0.130,-0.347,0.738,0.2497,8.093,-0.104,0.414,1.000,-0.738,-0.622,-0.0424,0.0365,-0.095,-0.095,-0.145,1.844,1.816,-1.897,0.0030,0.634,nan,0.00,1,1,1,0,0,0.0000,0.000,0,0.000,0,0.000,1,0,yolo,104.6,yolo,2,2,0,0.000,0,-1,0
1785731899.966,-0.742,-1.584,15.588,0.9995,0,1.370,-0.282,0.959,0.2442,7.936,-0.133,0.416,1.000,-0.959,-7.670,0.9184,-0.0840,-0.098,0.063,-0.112,1.846,1.813,-1.866,0.0030,0.637,nan,0.00,1,1,1,1,0,0.0000,0.000,0,0.000,0,0.000,0,0,yolo,108.8,yolo,2,2,0,0.000,0,-1,0
1785731900.003,-0.850,-1.613,15.517,0.9995,0,-0.130,-0.222,0.959,0.2494,7.936,-0.133,0.416,1.000,-0.959,-0.481,-0.1641,0.0360,-0.101,-0.101,-0.076,1.849,1.809,-1.835,0.0029,0.641,nan,0.00,1,1,1,0,0,0.0000,0.000,0,0.000,0,0.000,0,0,yolo,108.8,yolo,2,2,0,0.000,0,-1,0
1785731900.050,-0.967,-1.657,15.383,0.9994,0,-0.584,-0.115,0.959,0.2523,7.936,-0.133,0.416,1.000,-0.959,-0.382,-0.1703,0.1052,-0.107,-0.107,-0.007,1.854,1.802,-1.772,0.0028,0.648,nan,0.00,1,1,1,0,0,0.0000,0.000,0,0.000,0,0.000,1,0,yolo,108.8,yolo,2,2,0,0.000,0,-1,0
1785731900.097,-0.910,-1.670,15.314,0.9994,0,0.916,-0.096,1.064,0.2476,7.645,-0.142,0.422,1.000,-1.064,-3.311,0.0842,0.0029,-0.111,0.020,0.028,1.857,1.803,-1.766,0.0028,0.647,nan,0.00,1,1,1,1,0,0.0000,0.000,0,0.000,0,0.000,1,0,yolo,116.7,yolo,2,2,0,0.000,0,-1,0
1785731900.122,-0.966,-1.680,15.243,0.9994,0,-0.259,-0.075,1.064,0.2489,7.645,-0.142,0.422,1.000,-1.064,-0.706,-0.1345,0.0337,-0.114,-0.114,0.062,1.860,1.801,-1.756,0.0027,0.649,nan,0.00,1,1,1,0,0,0.0000,0.000,0,0.000,0,0.000,0,0,yolo,116.7,yolo,2,2,0,0.000,0,-1,0
1785731900.161,-0.962,-1.690,15.161,0.9994,0,-0.309,-0.052,1.064,0.2503,7.645,-0.142,0.422,1.000,-1.064,-0.652,-0.1378,0.0665,-0.117,-0.117,0.095,1.863,1.800,-1.742,0.0026,0.650,nan,0.00,1,1,1,0,0,0.0000,0.000,0,0.000,0,0.000,0,0,yolo,116.7,yolo,2,2,0,0.000,0,-1,0
1785731900.193,-0.924,-1.698,15.081,0.9994,0,1.191,-0.032,1.094,0.2462,7.302,-0.139,0.433,1.000,-1.094,-2.770,0.0568,-0.0204,-0.120,-0.021,0.123,1.866,1.799,-1.730,0.0026,0.651,nan,0.00,1,1,1,1,0,0.0000,0.000,0,0.000,0,0.000,0,0,yolo,107.6,yolo,2,2,0,0.000,0,-1,0
1785731900.222,-1.003,-1.703,15.006,0.9994,0,-0.235,-0.017,1.094,0.2483,7.302,-0.139,0.433,1.000,-1.094,-0.767,-0.1025,0.0273,-0.124,-0.124,0.150,1.868,1.798,-1.721,0.0025,0.652,nan,0.00,1,1,1,0,0,0.0000,0.000,0,0.000,0,0.000,0,0,yolo,107.6,yolo,2,2,0,0.000,0,-1,0
1785731900.254,-0.999,-1.707,14.922,0.9994,0,-0.291,-0.001,1.094,0.2496,7.302,-0.139,0.433,1.000,-1.094,-0.708,-0.1060,0.0580,-0.127,-0.127,0.181,1.872,1.797,-1.709,0.0024,0.653,nan,0.00,1,1,1,0,0,0.0000,0.000,0,0.000,0,0.000,0,0,yolo,107.6,yolo,2,2,0,0.000,0,-1,0
1785731900.286,-0.961,-1.710,14.839,0.9994,0,1.209,0.012,1.135,0.2467,6.960,-0.138,0.444,1.000,-1.135,-2.504,0.0498,-0.0047,-0.130,-0.047,0.211,1.875,1.797,-1.698,0.0024,0.653,nan,0.00,1,1,1,1,0,0.0000,0.000,0,0.000,0,0.000,0,0,yolo,109.2,yolo,2,2,0,0.000,0,-1,0
1785731900.341,-1.058,-1.712,14.753,0.9994,0,-0.291,0.025,1.135,0.2483,6.960,-0.138,0.444,1.000,-1.135,-0.742,-0.0872,0.0322,-0.134,-0.134,0.243,1.878,1.796,-1.688,0.0023,0.654,nan,0.00,1,1,1,0,0,0.0000,0.000,0,0.000,0,0.000,0,0,yolo,109.2,yolo,2,2,0,0.000,0,-1,0
1785731900.378,-1.064,-1.713,14.660,0.9994,0,-0.392,0.037,1.135,0.2498,6.960,-0.138,0.444,1.000,-1.135,-0.672,-0.0913,0.0668,-0.138,-0.138,0.278,1.881,1.796,-1.676,0.0022,0.654,nan,0.00,1,1,1,0,0,0.0000,0.000,0,0.000,0,0.000,1,0,yolo,109.2,yolo,2,2,0,0.000,0,-1,0
1785731900.402,-1.008,-1.712,14.552,0.9994,0,-0.407,0.053,1.135,0.2515,6.960,-0.138,0.444,1.000,-1.135,-0.601,-0.0954,0.1054,-0.143,-0.143,0.316,1.885,1.796,-1.660,0.0022,0.654,nan,0.00,1,1,1,0,0,0.0000,0.000,0,0.000,0,0.000,0,0,yolo,109.2,yolo,2,2,0,0.000,0,-1,0
1785731900.440,-1.008,-1.712,14.552,0.9994,0,-0.407,0.017,1.135,0.2514,6.960,-0.138,0.444,1.000,-1.135,-0.601,-0.0954,0.1054,-0.143,-0.143,0.316,1.885,1.796,-1.695,0.0021,0.654,nan,0.00,1,1,1,0,0,0.0000,0.000,0,0.000,0,0.000,0,0,yolo,109.2,yolo,2,2,0,0.000,0,-1,0
1785731900.471,-0.971,-1.710,14.451,0.9994,0,0.178,-0.043,0.940,0.2546,6.567,-0.108,0.425,1.000,-0.940,-1.149,-0.1117,0.1572,-0.146,-0.049,0.351,1.888,1.828,-1.752,0.0020,0.622,nan,0.00,1,1,1,1,0,0.0000,0.000,0,0.000,0,0.000,1,0,yolo,175.3,yolo,2,2,0,0.000,0,-1,0
1785731900.515,-0.931,-1.710,14.353,0.9994,0,-1.032,-0.025,0.940,0.2489,6.567,-0.108,0.425,1.000,-0.940,0.101,-0.1000,0.0327,-0.149,-0.149,0.383,1.892,1.828,-1.735,0.0020,0.622,nan,0.00,1,1,1,0,0,0.0000,0.000,0,0.000,0,0.000,0,0,yolo,175.3,yolo,2,2,0,0.000,0,-1,0
1785731900.547,-0.945,-1.716,14.273,0.9994,0,-1.110,-0.006,0.940,0.2501,6.567,-0.108,0.425,1.000,-0.940,0.166,-0.1036,0.0605,-0.153,-0.153,0.411,1.895,1.827,-1.722,0.0019,0.623,nan,0.00,1,1,1,0,0,0.0000,0.000,0,0.000,0,0.000,0,0,yolo,175.3,yolo,2,2,0,0.000,0,-1,0
1785731900.594,-0.758,-1.722,14.131,0.9995,0,0.390,0.055,1.200,0.2464,6.331,-0.133,0.433,1.000,-1.200,-3.967,0.2868,-0.0198,-0.157,-0.034,0.465,1.901,1.825,-1.666,0.0019,0.625,nan,0.00,1,1,1,1,0,0.0000,0.000,0,0.000,0,0.000,0,0,yolo,103.3,yolo,2,2,0,0.000,0,-1,0
1785731900.625,-0.758,-1.722,14.131,0.9995,0,-0.501,0.012,1.200,0.2472,6.331,-0.133,0.433,1.000,-1.200,-0.257,-0.1225,0.0000,-0.157,-0.157,0.465,1.901,1.825,-1.709,0.0018,0.625,nan,0.00,1,1,1,0,0,0.0000,0.000,0,0.000,0,0.000,0,0,yolo,103.3,yolo,2,2,0,0.000,0,-1,0
1785731900.651,-0.818,-1.717,14.010,0.9994,0,-0.616,0.030,1.200,0.2489,6.331,-0.133,0.433,1.000,-1.200,-0.202,-0.1255,0.0393,-0.160,-0.160,0.504,1.905,1.825,-1.687,0.0017,0.625,nan,0.00,1,1,1,0,0,0.0000,0.000,0,0.000,0,0.000,0,0,yolo,103.3,yolo,2,2,0,0.000,0,-1,0
1785731900.682,-0.748,-1.716,13.898,0.9995,0,0.884,0.034,1.307,0.2486,6.208,-0.142,0.434,1.000,-1.307,-3.228,0.1165,0.0313,-0.161,-0.045,0.540,1.909,1.829,-1.682,0.0017,0.621,nan,0.00,1,1,1,1,0,0.0000,0.000,0,0.000,0,0.000,0,0,yolo,99.7,yolo,2,2,0,0.000,0,-1,0
1785731900.717,-0.816,-1.715,13.796,0.9995,0,-0.400,0.040,1.307,0.2487,6.208,-0.142,0.434,1.000,-1.307,-0.416,-0.1184,0.0346,-0.163,-0.163,0.575,1.912,1.829,-1.675,0.0016,0.621,nan,0.00,1,1,1,0,0,0.0000,0.000,0,0.000,0,0.000,0,0,yolo,99.7,yolo,2,2,0,0.000,0,-1,0
1785731900.748,-0.816,-1.715,13.796,0.9995,0,-0.400,0.005,1.307,0.2486,6.208,-0.142,0.434,1.000,-1.307,-0.416,-0.1184,0.0346,-0.163,-0.163,0.575,1.912,1.829,-1.710,0.0016,0.621,nan,0.00,1,1,1,0,0,0.0000,0.000,0,0.000,0,0.000,0,0,yolo,99.7,yolo,2,2,0,0.000,0,-1,0
1785731900.794,-0.749,-1.714,13.592,0.9995,0,1.100,0.012,1.502,0.2563,6.022,-0.158,0.420,1.000,-1.502,-4.163,0.2046,0.1949,-0.166,-0.043,0.641,1.918,1.848,-1.702,0.0015,0.602,nan,0.00,1,1,1,1,0,0.0000,0.000,0,0.000,0,0.000,0,0,yolo,98.5,yolo,2,2,0,0.000,0,-1,0
1785731900.824,-0.848,-1.715,13.473,0.9994,0,-0.120,0.020,1.502,0.2489,6.022,-0.158,0.420,1.000,-1.502,-0.727,-0.1252,0.0307,-0.168,-0.168,0.671,1.921,1.848,-1.695,0.0014,0.602,nan,0.00,1,1,1,0,0,0.0000,0.000,0,0.000,0,0.000,0,0,yolo,98.5,yolo,2,2,0,0.000,0,-1,0
1785731900.857,-0.848,-1.715,13.473,0.9994,0,-0.120,-0.016,1.502,0.2488,6.022,-0.158,0.420,1.000,-1.502,-0.727,-0.1252,0.0307,-0.168,-0.168,0.671,1.921,1.848,-1.731,0.0014,0.602,nan,0.00,1,1,1,0,0,0.0000,0.000,0,0.000,0,0.000,2,0,yolo,98.5,yolo,2,2,0,0.000,0,-1,0
1785731900.890,-0.842,-1.715,13.350,0.9994,0,1.380,-0.050,1.662,0.2548,5.830,-0.166,0.406,0.972,-1.629,-3.610,0.0967,0.1504,-0.170,-0.057,0.700,1.924,1.868,-1.765,0.0013,0.582,nan,0.00,1,1,1,1,0,0.0000,0.000,0,0.000,0,0.000,0,0,yolo,108.4,yolo,2,2,0,0.000,0,-1,0
1785731900.919,-0.817,-1.718,13.226,0.9994,0,0.142,-0.030,1.673,0.2493,5.830,-0.166,0.406,0.972,-1.629,-0.959,-0.1137,0.0308,-0.171,-0.171,0.731,1.928,1.867,-1.748,0.0013,0.583,nan,0.00,1,1,1,0,0,0.0000,0.000,0,0.000,0,0.000,0,0,yolo,108.4,yolo,2,2,0,0.000,0,-1,0
1785731900.950,-0.831,-1.724,13.083,0.9994,0,0.103,-0.006,1.682,0.2507,5.830,-0.166,0.406,0.972,-1.629,-0.933,-0.1151,0.0645,-0.172,-0.172,0.765,1.931,1.867,-1.729,0.0012,0.583,nan,0.00,1,1,1,0,0,0.0000,0.000,0,0.000,0,0.000,0,0,yolo,108.4,yolo,2,2,0,0.000,0,-1,0
1785731900.982,-0.836,-1.726,12.945,0.9994,0,1.603,-0.081,1.912,0.2647,5.603,-0.177,0.377,0.934,-1.807,-4.183,0.1742,0.3528,-0.173,-0.059,0.795,1.935,1.902,-1.807,0.0011,0.548,nan,0.00,1,1,1,1,0,0.0000,0.000,0,0.000,0,0.000,0,0,yolo,102.7,yolo,2,2,0,0.000,0,-1,0
1785731901.029,-0.960,-1.735,12.803,0.9994,0,0.196,-0.058,1.906,0.2652,5.603,-0.177,0.377,0.934,-1.807,-1.156,-0.1166,0.0272,-0.176,-0.176,0.822,1.938,1.901,-1.793,0.0011,0.549,nan,0.00,1,1,1,0,0,0.0000,0.000,0,0.000,0,0.000,0,0,yolo,102.7,yolo,2,2,0,0.000,0,-1,0
1785731901.060,-0.972,-1.743,12.634,0.9994,0,0.157,-0.032,1.902,0.2652,5.603,-0.177,0.377,0.934,-1.807,-1.129,-0.1180,0.0524,-0.177,-0.177,0.847,1.942,1.900,-1.775,0.0010,0.550,nan,0.00,1,1,1,0,0,0.0000,0.000,0,0.000,0,0.000,0,0,yolo,102.7,yolo,2,2,0,0.000,0,-1,0
1785731901.090,-0.972,-1.743,12.634,0.9994,0,1.657,-0.179,2.018,0.2700,5.363,-0.179,0.340,0.894,-1.913,-3.656,0.0992,0.4446,-0.177,-0.074,0.847,1.942,1.945,-1.922,0.0010,0.505,nan,0.00,1,1,1,1,0,0.0000,0.000,0,0.000,0,0.000,1,0,yolo,105.2,yolo,2,2,0,0.000,0,-1,0
1785731901.118,-0.974,-1.748,12.483,0.9994,0,0.276,-0.152,1.991,0.2651,5.363,-0.179,0.340,0.894,-1.913,-1.250,-0.1044,0.0161,-0.179,-0.179,0.863,1.945,1.944,-1.901,0.0009,0.506,nan,0.00,1,1,1,0,0,0.0000,0.000,0,0.000,0,0.000,0,0,yolo,105.2,yolo,2,2,0,0.000,0,-1,0
1785731901.155,-1.111,-1.766,12.330,0.9993,0,0.065,-0.109,1.970,0.2651,5.363,-0.179,0.340,0.894,-1.913,-1.176,-0.1084,0.0245,-0.183,-0.183,0.871,1.949,1.942,-1.875,0.0009,0.508,nan,0.00,1,1,1,0,0,0.0000,0.000,0,0.000,0,0.000,0,0,yolo,105.2,yolo,2,2,0,0.000,0,-1,0
1785731901.187,-1.198,-1.787,12.155,0.9993,0,1.565,-0.180,2.030,0.2721,5.190,-0.180,0.296,0.865,-1.991,-3.336,0.0708,0.4651,-0.187,-0.089,0.874,1.953,1.988,-1.967,0.0008,0.462,nan,0.00,1,1,1,1,0,0.0000,0.000,0,0.000,0,0.000,2,0,yolo,96.5,yolo,2,2,0,0.000,0,-1,0
1785731901.216,-1.358,-1.809,11.970,0.9992,0,0.065,-0.126,2.013,0.2650,5.190,-0.180,0.296,0.865,-1.991,-1.097,-0.1037,-0.0049,-0.193,-0.193,0.869,1.958,1.986,-1.935,0.0008,0.464,nan,0.00,1,1,1,0,0,0.0000,0.000,0,0.000,0,0.000,0,0,yolo,96.5,yolo,2,2,0,0.000,0,-1,0
1785731901.244,-1.351,-1.825,11.792,0.9992,0,-0.325,-0.086,2.000,0.2649,5.190,-0.180,0.296,0.865,-1.991,-1.026,-0.1075,-0.0095,-0.197,-0.197,0.864,1.962,1.985,-1.911,0.0007,0.465,nan,0.00,1,1,1,0,0,0.0000,0.000,0,0.000,0,0.000,0,0,yolo,96.5,yolo,2,2,0,0.000,0,-1,0
1785731901.280,-1.351,-1.825,11.792,0.9992,0,1.175,-0.268,1.981,0.2816,5.167,-0.184,0.241,0.861,-2.035,-3.256,0.0596,0.8325,-0.197,-0.097,0.864,1.962,2.040,-2.093,0.0007,0.410,nan,0.00,1,1,1,1,0,0.0000,0.000,0,0.000,0,0.000,0,0,yolo,102.9,yolo,2,2,0,0.000,0,-1,0
1785731901.314,-1.314,-1.836,11.628,0.9992,0,-0.231,-0.228,1.938,0.2649,5.167,-0.184,0.241,0.861,-2.035,-1.083,-0.1029,-0.0019,-0.199,-0.199,0.862,1.967,2.039,-2.065,0.0007,0.411,nan,0.00,1,1,1,0,0,0.0000,0.000,0,0.000,0,0.000,0,0,yolo,102.9,yolo,2,2,0,0.000,0,-1,0
1785731901.344,-1.420,-1.864,11.468,0.9992,0,-0.438,-0.166,1.906,0.2648,5.167,-0.184,0.241,0.861,-2.035,-0.981,-0.1084,-0.0072,-0.205,-0.205,0.857,1.971,2.036,-2.031,0.0006,0.414,nan,0.00,1,1,1,0,0,0.0000,0.000,0,0.000,0,0.000,0,0,yolo,102.9,yolo,2,2,0,0.000,0,-1,0
1785731901.375,-1.395,-1.889,11.307,0.9992,0,-0.482,-0.111,1.882,0.2648,5.167,-0.184,0.241,0.861,-2.035,-0.913,-0.1120,-0.0120,-0.209,-0.209,0.852,1.976,2.034,-2.000,0.0006,0.416,nan,0.00,1,1,1,0,0,0.0000,0.000,0,0.000,0,0.000,0,0,yolo,102.9,yolo,2,2,0,0.000,0,-1,0
1785731901.422,-1.335,-1.905,11.138,0.9992,0,1.018,-0.175,1.953,0.2684,4.932,-0.182,0.194,0.822,-2.113,-2.871,0.0403,0.3231,-0.212,-0.114,0.852,1.981,2.076,-2.080,0.0005,0.362,nan,0.00,1,1,1,1,0,0.0000,0.000,0,0.000,0,0.000,0,0,yolo,102.7,yolo,2,2,0,0.000,0,-1,0
1785731901.448,-1.453,-1.929,10.956,0.9991,0,-0.482,-0.117,1.990,0.2647,4.932,-0.182,0.194,0.822,-2.113,-0.794,-0.1037,-0.0006,-0.218,-0.218,0.851,1.987,2.074,-2.046,0.0005,0.364,nan,0.00,1,1,1,0,0,0.0000,0.000,0,0.000,0,0.000,0,0,yolo,102.7,yolo,2,2,0,0.000,0,-1,0
1785731901.483,-1.391,-1.944,10.781,0.9991,0,-0.651,-0.080,2.018,0.2647,4.932,-0.182,0.194,0.822,-2.113,-0.740,-0.1066,0.0044,-0.221,-0.221,0.856,1.992,2.072,-2.024,0.0005,0.366,nan,0.00,1,1,1,0,0,0.0000,0.000,0,0.000,0,0.000,0,0,yolo,102.7,yolo,2,2,0,0.000,0,-1,0
1785731901.515,-1.391,-1.944,10.781,0.9991,0,0.849,-0.188,2.055,0.2814,4.727,-0.176,0.139,0.788,-2.131,-2.317,0.0218,0.9293,-0.221,-0.137,0.856,1.992,2.095,-2.132,0.0004,0.304,nan,0.00,1,1,1,1,0,0.0000,0.000,0,0.000,0,0.000,1,0,yolo,102.8,yolo,2,2,0,0.000,0,-1,0
1785731901.540,-1.321,-1.958,10.613,0.9992,0,-0.651,-0.140,2.085,0.2647,4.727,-0.176,0.139,0.788,-2.131,-0.661,-0.0860,0.0059,-0.223,-0.223,0.862,1.997,2.094,-2.098,0.0004,0.305,nan,0.00,1,1,1,0,0,0.0000,0.000,0,0.000,0,0.000,0,0,yolo,102.8,yolo,2,2,0,0.000,0,-1,0
1785731901.572,-1.254,-1.972,10.428,0.9992,0,-0.630,-0.091,2.109,0.2646,4.727,-0.176,0.139,0.788,-2.131,-0.624,-0.0880,0.0089,-0.225,-0.225,0.865,2.003,2.093,-2.063,0.0004,0.306,nan,0.00,1,1,1,0,1,0.0000,0.245,0,0.033,1,0.896,0,0,yolo,102.8,yolo,2,2,0,0.000,0,-1,0
1785731901.600,-1.190,-1.985,10.245,0.9992,0,0.378,-0.110,2.031,0.2813,4.576,-0.166,0.074,0.763,-2.073,-1.568,-0.1373,2.0000,-0.226,-0.130,0.869,2.009,2.115,-2.095,0.0004,0.236,nan,0.00,1,1,1,1,1,0.0000,0.245,0,0.033,1,0.896,0,0,yolo,102.0,yolo,2,2,0,0.000,0,-1,0
1785731901.635,-1.190,-1.985,10.245,0.9992,0,-0.843,-0.161,2.007,0.2646,4.576,-0.166,0.074,0.763,-2.073,-0.346,-0.0962,0.0000,-0.226,-0.226,0.869,2.009,2.115,-2.146,0.0003,0.236,nan,0.00,1,1,1,0,1,0.0000,0.245,0,0.034,1,0.886,0,0,yolo,102.0,yolo,2,2,0,0.000,0,-1,0
1785731901.666,-1.225,-1.999,10.069,0.9992,0,-0.927,-0.110,1.989,0.2645,4.576,-0.166,0.074,0.763,-2.073,-0.298,-0.0989,-0.0014,-0.229,-0.229,0.868,2.014,2.115,-2.110,0.0003,0.237,nan,0.00,1,1,1,0,1,0.0000,0.245,0,0.034,1,0.886,0,0,yolo,102.0,yolo,2,2,0,0.000,0,-1,0
1785731901.698,-1.125,-2.014,9.898,0.9992,0,0.573,0.016,2.001,0.2759,4.415,-0.163,0.018,0.736,-2.118,-2.029,0.0208,0.3694,-0.229,-0.136,0.866,2.020,2.083,-1.997,0.0003,0.176,nan,0.00,1,1,1,1,1,0.0000,0.245,0,0.034,1,0.876,0,0,yolo,95.0,yolo,2,2,0,0.000,0,-1,0
1785731901.730,-1.171,-2.016,9.734,0.9992,0,-0.927,0.039,1.992,0.2645,4.415,-0.163,0.018,0.736,-2.118,-0.223,-0.0961,-0.0065,-0.232,-0.232,0.859,2.025,2.083,-1.977,0.0003,0.176,nan,0.00,1,1,1,0,1,0.0000,0.245,0,0.034,1,0.876,0,0,yolo,95.0,yolo,2,2,0,0.000,0,-1,0
1785731901.761,-1.171,-2.016,9.734,0.9992,0,-0.949,-0.012,1.985,0.2645,4.415,-0.163,0.018,0.736,-2.118,-0.223,-0.0961,-0.0065,-0.232,-0.232,0.859,2.025,2.083,-2.027,0.0003,0.176,nan,0.00,1,1,1,0,1,0.0000,0.246,0,0.035,1,0.869,0,0,yolo,95.0,yolo,2,2,0,0.000,0,-1,0
1785731901.798,-1.038,-2.016,9.528,0.9992,0,0.526,0.143,1.882,0.2811,4.206,-0.156,-0.062,0.701,-2.125,-1.564,0.0077,1.3155,-0.231,-0.153,0.853,2.031,2.041,-1.873,0.0002,0.089,nan,0.00,1,1,1,1,1,0.0000,0.246,0,0.035,1,0.869,1,0,yolo,96.0,yolo,2,2,0,0.000,0,-1,0
1785731901.824,-0.936,-2.021,9.339,0.9992,0,-0.782,0.182,1.813,0.2645,4.206,-0.156,-0.062,0.701,-2.125,-0.154,-0.0776,-0.0034,-0.230,-0.230,0.850,2.037,2.041,-1.839,0.0002,0.089,nan,0.00,1,1,1,0,1,0.0000,0.247,0,0.036,1,0.866,0,0,yolo,96.0,yolo,2,2,0,0.000,0,-1,0
1785731901.861,-0.865,-2.008,9.192,0.9993,0,-0.697,0.179,1.762,0.2644,4.206,-0.156,-0.062,0.701,-2.125,-0.168,-0.0768,-0.0008,-0.230,-0.230,0.852,2.042,2.041,-1.829,0.0002,0.088,nan,0.00,1,1,1,0,1,0.0000,0.326,0,0.032,2,0.848,0,0,yolo,96.0,yolo,2,2,0,0.000,0,-1,0
1785731901.901,-0.808,-1.996,9.072,0.9993,0,0.803,0.253,1.774,0.2811,4.035,-0.155,-0.119,0.672,-2.195,-1.728,0.0490,0.6364,-0.229,-0.149,0.855,2.046,2.007,-1.743,0.0002,0.024,nan,0.00,1,1,1,1,1,0.0000,0.326,0,0.032,2,0.848,0,0,yolo,115.1,yolo,2,2,0,0.000,0,-1,0
1785731901.932,-0.746,-1.984,8.941,0.9993,0,-0.586,0.248,1.773,0.2644,4.035,-0.155,-0.119,0.672,-2.195,-0.160,-0.0793,0.0067,-0.228,-0.228,0.862,2.050,2.007,-1.736,0.0002,0.023,nan,0.00,1,1,1,0,1,0.0000,0.328,0,0.035,2,0.834,0,0,yolo,115.1,yolo,2,2,0,0.000,0,-1,0
1785731901.964,-0.693,-1.966,8.809,0.9993,0,-0.507,0.234,1.773,0.2644,4.035,-0.155,-0.119,0.672,-2.195,-0.185,-0.0779,0.0115,-0.226,-0.226,0.866,2.054,2.007,-1.731,0.0002,0.021,nan,0.00,1,1,1,0,1,0.0000,0.329,0,0.037,2,0.826,0,0,yolo,115.1,yolo,2,2,0,0.000,0,-1,0
1785731901.996,-0.645,-1.948,8.672,0.9994,0,-0.431,0.222,1.773,0.2644,4.035,-0.155,-0.119,0.672,-2.195,-0.214,-0.0763,0.0144,-0.225,-0.225,0.869,2.058,2.007,-1.726,0.0002,0.020,nan,0.00,1,1,1,0,1,0.0000,0.331,0,0.039,2,0.819,0,0,yolo,115.1,yolo,2,2,0,0.000,0,-1,0
1785731902.031,-0.603,-1.931,8.535,0.9994,0,0.850,0.304,1.678,0.2811,3.849,-0.148,-0.190,0.642,-2.205,-1.453,0.0041,0.4730,-0.223,-0.146,0.871,2.061,1.970,-1.627,0.0002,-0.059,nan,0.00,1,1,1,1,1,0.0000,0.331,0,0.039,2,0.819,2,0,yolo,115.8,yolo,2,2,0,0.000,0,-1,0
1785731902.058,-0.662,-1.908,8.407,0.9994,0,-0.568,0.282,1.631,0.2661,3.849,-0.148,-0.190,0.642,-2.205,-0.094,-0.0768,-0.0024,-0.223,-0.223,0.869,2.065,1.970,-1.626,0.0002,-0.060,nan,0.00,1,1,1,0,1,0.0000,0.337,0,0.047,2,0.818,0,0,yolo,115.8,yolo,2,2,0,0.000,0,-1,0
1785731902.095,-0.609,-1.884,8.276,0.9994,0,-0.491,0.263,1.596,0.2659,3.849,-0.148,-0.190,0.642,-2.205,-0.118,-0.0754,-0.0073,-0.222,-0.222,0.864,2.068,1.970,-1.621,0.0002,-0.062,nan,0.00,1,1,1,0,1,0.0000,0.338,0,0.047,2,0.822,0,0,yolo,115.8,yolo,2,2,0,0.000,0,-1,0
1785731902.141,-0.552,-1.862,8.144,0.9994,0,0.198,0.422,1.343,0.2826,3.497,-0.124,-0.316,0.583,-2.024,-0.750,-0.0829,1.0408,-0.220,-0.137,0.859,2.072,1.899,-1.439,0.0003,-0.201,nan,0.00,1,1,1,1,1,0.0000,0.338,0,0.047,2,0.822,1,0,yolo,109.7,yolo,2,2,0,0.000,0,-1,0
1785731902.185,-0.563,-1.831,8.041,0.9994,0,-1.003,0.386,1.307,0.2702,3.497,-0.124,-0.316,0.583,-2.024,0.441,-0.0831,-0.0078,-0.220,-0.220,0.852,2.074,1.899,-1.445,0.0003,-0.203,nan,0.00,1,1,1,0,1,0.0000,0.338,0,0.048,2,0.811,0,0,yolo,109.7,yolo,2,2,0,0.000,0,-1,0
1785731902.216,-0.578,-1.794,7.940,0.9995,0,-1.026,0.347,1.279,0.2696,3.497,-0.124,-0.316,0.583,-2.024,0.448,-0.0835,-0.0227,-0.220,-0.220,0.837,2.077,1.899,-1.448,0.0003,-0.205,nan,0.00,1,1,1,0,1,0.0000,0.341,0,0.052,2,0.803,0,0,yolo,109.7,yolo,2,2,0,0.000,0,-1,0
1785731902.253,-0.500,-1.765,7.848,0.9995,0,-0.924,0.313,1.259,0.2691,3.497,-0.124,-0.316,0.583,-2.024,0.424,-0.0821,-0.0355,-0.219,-0.219,0.824,2.079,1.899,-1.452,0.0003,-0.207,nan,0.00,1,1,1,0,1,0.0000,0.341,0,0.052,2,0.803,1,0,yolo,109.7,yolo,2,2,0,0.000,0,-1,0
1785731902.280,-0.405,-1.737,7.756,0.9995,0,-0.791,0.282,1.244,0.2686,3.497,-0.124,-0.316,0.583,-2.024,0.386,-0.0799,-0.0472,-0.217,-0.217,0.812,2.081,1.899,-1.456,0.0003,-0.209,nan,0.00,1,1,1,0,1,0.0000,0.340,0,0.050,2,0.801,0,0,yolo,109.7,yolo,2,2,0,0.000,0,-1,0
1785731902.316,-0.340,-1.715,7.668,0.9995,0,-0.691,0.257,1.232,0.2683,3.497,-0.124,-0.316,0.583,-2.024,0.351,-0.0779,-0.0546,-0.215,-0.215,0.805,2.083,1.899,-1.458,0.0004,-0.210,nan,0.00,1,1,1,0,1,0.0000,0.467,0,0.092,2,0.796,0,0,yolo,109.7,yolo,2,2,0,0.000,0,-1,0
1785731902.341,-0.282,-1.695,7.585,0.9996,0,-0.595,0.235,1.224,0.2683,3.497,-0.124,-0.316,0.583,-2.024,0.313,-0.0757,-0.0563,-0.212,-0.212,0.803,2.084,1.899,-1.460,0.0004,-0.212,nan,0.00,1,1,1,0,1,0.0000,0.467,0,0.092,2,0.796,0,0,yolo,109.7,yolo,2,2,0,0.000,0,-1,0
1785731902.374,-0.228,-1.676,7.505,0.9996,0,-0.501,0.214,1.217,0.2684,3.497,-0.124,-0.316,0.583,-2.024,0.273,-0.0734,-0.0560,-0.210,-0.210,0.803,2.086,1.899,-1.462,0.0004,-0.213,nan,0.00,1,1,1,0,1,0.0000,0.467,0,0.092,2,0.796,0,0,yolo,109.7,yolo,2,2,0,0.000,0,-1,0
1785731902.405,-0.180,-1.658,7.420,0.9996,0,-0.406,0.196,1.212,0.2684,3.497,-0.124,-0.316,0.583,-2.024,0.226,-0.0707,-0.0560,-0.207,-0.207,0.803,2.088,1.899,-1.462,0.0004,-0.214,nan,0.00,1,1,1,0,1,0.0000,0.471,0,0.096,2,0.789,0,0,yolo,109.7,yolo,2,2,0,0.000,0,-1,0
1785731902.436,-0.145,-1.642,7.335,0.9996,0,-0.325,0.181,1.209,0.2684,3.497,-0.124,-0.316,0.583,-2.024,0.180,-0.0680,-0.0575,-0.205,-0.205,0.802,2.089,1.899,-1.462,0.0004,-0.215,nan,0.00,1,1,1,0,1,0.0000,0.471,0,0.096,2,0.789,0,0,yolo,109.7,yolo,2,2,0,0.000,0,-1,0
1785731902.466,-0.111,-1.625,7.233,0.9996,0,-0.236,0.169,1.206,0.2683,3.497,-0.124,-0.316,0.583,-2.024,0.124,-0.0648,-0.0620,-0.202,-0.202,0.798,2.091,1.899,-1.457,0.0005,-0.216,nan,0.00,1,1,1,0,1,0.0000,0.236,0,0.098,2,0.783,0,0,yolo,109.7,yolo,2,2,0,0.000,0,-1,0
1785731902.506,-0.111,-1.625,7.233,0.9996,0,-1.736,1.669,-0.294,0.2782,8.994,3.076,-0.703,1.000,18.881,14.000,-0.0000,-0.0000,-0.202,-0.202,0.798,2.091,1.200,0.273,0.0005,-0.454,nan,0.00,1,1,1,1,1,0.0000,0.475,0,0.100,2,0.785,0,0,yolo,117.7,yolo,2,2,0,0.000,0,-1,0
1785731902.542,0.047,-1.488,7.062,0.9997,0,-3.236,1.768,-1.794,0.2787,8.994,3.076,-0.703,1.000,18.881,14.000,-0.0000,-0.0000,-0.194,-0.194,0.779,2.093,1.200,0.281,0.0006,-0.467,nan,0.00,1,1,1,1,1,0.0000,0.475,0,0.100,2,0.785,0,0,yolo,117.7,yolo,2,2,0,0.000,0,-1,0
1785731902.573,0.306,-1.340,7.177,0.9997,0,-4.736,1.572,-3.294,0.2790,8.994,3.076,-0.703,1.000,18.881,14.000,-0.0000,-0.0000,-0.193,-0.193,0.766,2.090,1.200,0.232,0.0006,-0.476,nan,0.00,1,1,1,1,1,0.0000,0.490,0,0.115,2,0.752,0,0,yolo,117.7,yolo,2,2,0,0.000,0,-1,0
1785731902.613,0.306,-1.340,7.177,0.9997,0,-6.236,1.570,-4.794,0.2956,8.663,3.044,-0.793,1.000,19.362,14.000,-0.7276,0.9744,-0.193,-0.147,0.766,2.090,1.200,0.230,0.0007,-0.574,nan,0.00,1,1,1,1,1,0.0000,0.150,0,0.126,0,0.714,0,0,yolo,123.3,yolo,2,2,0,0.000,0,-1,0
1785731902.652,1.258,-1.086,7.841,0.9996,0,-7.736,1.196,-6.294,0.2797,8.663,3.044,-0.793,1.000,19.362,14.000,-0.0451,-0.0437,-0.192,-0.192,0.723,2.081,1.200,0.110,0.0007,-0.561,nan,0.00,1,1,1,0,1,0.0000,0.301,0,0.126,0,0.714,0,0,yolo,123.3,yolo,2,2,0,0.000,0,-1,0
1785731902.684,1.258,-1.086,7.841,0.9996,0,-9.236,1.224,-7.794,0.2798,8.663,3.044,-0.793,1.000,19.362,14.000,-0.0451,-0.0437,-0.192,-0.192,0.723,2.081,1.200,0.138,0.0008,-0.561,nan,0.00,1,1,1,0,1,0.0000,0.440,0,0.175,0,0.706,0,0,yolo,123.3,yolo,2,2,0,0.000,0,-1,0
1785731902.724,1.960,-0.995,8.373,0.9993,0,-10.736,1.073,-9.294,0.2964,8.189,3.001,-0.925,1.000,20.127,14.000,-1.0939,1.1762,-0.188,-0.073,0.689,2.075,1.200,0.078,0.0008,-0.679,nan,0.00,1,1,1,1,1,0.0000,0.129,0,0.056,1,0.487,0,0,yolo,118.4,yolo,2,2,0,0.000,0,-1,0
1785731902.762,2.860,-0.909,9.084,0.9986,0,-11.140,0.920,-10.794,0.2829,8.189,3.001,-0.925,1.000,20.127,14.000,-0.1087,-0.0373,-0.182,-0.182,0.651,2.068,1.200,0.011,0.0009,-0.644,nan,0.00,1,1,1,0,1,0.0000,0.129,0,0.056,1,0.487,0,0,yolo,118.4,yolo,2,2,0,0.000,0,-1,0
1785731902.801,3.891,-0.857,9.912,0.9976,0,-10.109,0.811,-12.000,0.2799,8.189,3.001,-0.925,1.000,20.127,14.000,-0.0978,-0.0798,-0.171,-0.171,0.609,2.060,1.200,-0.046,0.0010,-0.596,nan,0.00,1,1,1,0,1,0.0000,0.137,0,0.080,1,0.294,0,0,yolo,118.4,yolo,2,2,0,0.000,0,-1,0
1785731902.826,4.814,-0.845,10.746,0.9964,0,-8.609,1.266,-10.500,0.2966,nan,nan,nan,0.000,0.000,1.274,0.0000,0.5687,-0.159,-0.159,0.569,2.053,1.000,0.421,0.0010,-0.578,nan,0.00,0,0,0,0,1,0.0000,0.273,0,0.080,1,0.294,0,0,,,FLYING,2,2,0,0.000,0,-1,0
1785731902.858,5.580,-0.859,11.600,0.9951,0,-7.109,-0.198,-9.000,0.3074,4.000,-0.680,0.000,0.667,-9.655,-14.000,-0.0000,0.5370,-0.149,-0.149,0.537,2.047,1.583,-1.057,0.0010,-0.561,nan,0.00,1,1,0,1,1,0.0000,0.625,0,0.146,3,0.217,0,1,blueline,,BLUELINE,2,2,0,0.000,0,-1,0
1785731902.889,6.236,-0.843,12.418,0.9940,0,-5.609,0.724,-7.500,0.3058,4.000,-2.737,0.000,0.667,-25.000,-14.000,4.1888,0.5029,-0.135,-0.135,0.503,2.040,1.200,-0.119,0.0010,-0.544,nan,-8.00,1,1,0,1,1,-0.5305,0.833,1,0.360,4,0.067,0,0,blueline,,BLUELINE,2,2,0,0.000,0,-1,0
1785731902.920,6.793,-0.921,13.067,0.9929,0,-4.109,0.809,-6.000,0.3037,4.000,-2.946,0.000,0.667,-25.000,-14.000,-0.0000,0.4598,-0.113,-0.113,0.460,2.036,1.200,-0.111,0.0010,-0.528,nan,-8.00,1,1,0,1,1,-0.5448,0.786,1,0.428,4,0.054,0,0,blueline,,BLUELINE,2,2,0,0.000,0,-1,0
1785731902.952,7.234,-0.936,13.586,0.9919,0,-2.609,0.726,-4.500,0.3013,4.000,-1.234,0.000,0.667,-17.140,-13.483,-4.1888,0.4120,-0.085,-0.085,0.412,2.032,1.242,-0.211,0.0010,-0.512,nan,0.00,1,1,0,1,1,0.0000,0.917,0,0.366,5,0.123,0,0,blueline,,BLUELINE,2,2,0,0.000,0,-1,0
1785731902.982,7.626,-0.924,14.068,0.9910,0,-1.109,0.715,-3.000,0.2986,4.000,-1.234,0.000,0.667,-17.140,-14.000,0.0301,0.3565,-0.055,-0.055,0.357,2.028,1.243,-0.209,0.0010,-0.497,nan,0.00,1,1,0,0,1,0.0000,0.917,0,0.366,5,0.123,0,0,blueline,,BLUELINE,2,2,0,0.000,0,-1,0
1785731903.013,7.716,-0.899,14.316,0.9908,0,0.391,0.802,-1.500,0.2949,4.000,-1.408,0.000,0.667,-19.387,-14.000,4.1888,0.2836,-0.018,-0.018,0.284,2.024,1.200,-0.096,0.0010,-0.482,nan,0.00,1,1,0,1,1,0.0000,0.917,0,0.339,5,0.177,0,0,blueline,,BLUELINE,2,2,0,0.000,0,-1,0
1785731903.044,7.702,-0.844,14.414,0.9909,0,1.891,0.747,0.000,0.2913,4.000,-1.509,0.000,0.667,-20.666,-14.000,2.6772,0.2144,0.025,0.025,0.214,2.021,1.200,-0.097,0.0010,-0.467,nan,0.00,1,1,0,1,1,0.0000,0.786,0,0.421,4,0.026,0,0,blueline,,BLUELINE,2,2,0,0.000,0,-1,0
1785731903.075,7.680,-0.785,14.496,0.9909,0,3.391,0.683,1.500,0.2879,4.000,-1.448,0.000,0.667,-19.906,-14.000,-1.5918,0.1505,0.067,0.067,0.150,2.017,1.200,-0.102,0.0010,-0.453,nan,0.00,1,1,0,1,1,0.0000,0.688,0,0.503,3,-0.104,0,0,blueline,,BLUELINE,2,2,0,0.000,0,-1,0
1785731903.106,7.430,-0.718,14.414,0.9915,0,4.891,0.606,3.000,0.2854,4.000,-1.598,0.000,0.667,-21.783,-14.000,3.9316,0.1063,0.111,0.111,0.106,2.013,1.200,-0.112,0.0010,-0.440,nan,-0.34,1,1,0,1,1,-0.0117,0.562,1,0.513,1,-0.187,0,0,blueline,,BLUELINE,2,2,0,0.000,0,-1,0
1785731903.138,7.064,-0.644,14.217,0.9923,0,6.391,0.513,4.500,0.2831,4.000,-1.598,0.000,0.667,-21.783,-14.000,0.0457,0.0708,0.157,0.157,0.071,2.008,1.200,-0.131,0.0010,-0.426,nan,-0.34,1,1,0,0,1,-0.0117,0.562,1,0.513,1,-0.187,0,0,blueline,,BLUELINE,2,2,0,0.000,0,-1,0
1785731903.168,6.572,-0.564,13.899,0.9934,0,7.891,0.405,6.000,0.2811,4.000,-1.806,0.000,0.667,-24.297,-14.000,4.1888,0.0405,0.204,0.204,0.041,2.003,1.200,-0.160,0.0010,-0.414,nan,0.19,1,1,0,1,1,0.0068,0.562,1,0.523,1,-0.132,0,0,blueline,,BLUELINE,2,2,0,0.000,0,-1,0
1785731903.199,5.973,-0.486,13.480,0.9945,0,9.391,0.290,7.500,0.2793,4.000,-1.513,0.000,0.233,-20.714,-8.283,-4.1888,0.0167,0.251,0.251,0.017,1.996,1.200,-0.196,0.0010,-0.401,nan,0.00,0,1,0,1,1,0.0000,0.250,0,0.524,0,-0.138,0,0,blueline,,BLUELINE,2,2,0,0.000,0,-1,0
1785731903.229,5.973,-0.486,13.480,0.9945,0,10.891,0.346,9.000,0.2789,4.000,-1.816,0.000,0.233,-24.414,-14.000,3.8745,0.0167,0.251,0.251,0.017,1.996,1.200,-0.140,0.0010,-0.389,nan,0.00,0,1,0,1,1,-0.1908,0.250,1,0.447,0,-0.131,0,0,blueline,,BLUELINE,2,2,0,0.000,0,-1,0
1785731903.268,4.377,-0.332,12.291,0.9971,0,12.391,-0.001,10.500,0.2761,4.000,-1.924,0.000,0.667,-25.000,-14.000,-0.0000,-0.0232,0.345,0.345,-0.023,1.979,1.200,-0.333,0.0010,-0.378,nan,0.00,1,1,0,1,1,-0.1908,0.250,1,0.447,0,-0.131,1,1,track,,TRACK,2,2,0,0.000,0,-1,0
1785731903.308,3.428,-0.279,11.551,0.9982,0,13.891,-0.107,12.000,0.2747,4.000,-1.924,0.000,0.667,-25.000,-14.000,0.0423,-0.0390,0.387,0.387,-0.039,1.968,1.200,-0.387,0.0010,-0.366,nan,0.00,1,1,0,0,1,-0.2228,0.250,1,0.436,0,-0.118,0,0,track,,TRACK,2,2,0,0.000,0,-1,0
1785731903.339,2.356,-0.248,10.697,0.9991,0,15.391,-0.500,13.500,0.2734,4.000,-1.147,0.000,0.667,-16.005,-14.000,-0.0000,-0.0535,0.427,0.427,-0.054,1.957,1.319,-0.748,0.0010,-0.355,nan,-7.91,1,1,0,1,1,-0.2760,0.500,1,0.326,0,-0.111,0,1,blueline,,BLUELINE,2,2,0,0.000,0,-1,0
1785731903.370,1.151,-0.257,9.720,0.9998,0,15.151,-0.568,15.000,0.2724,4.000,-1.147,0.000,0.667,-16.005,-14.000,0.0374,-0.0669,0.464,0.464,-0.067,1.943,1.320,-0.826,0.0010,-0.345,nan,-8.00,1,1,0,0,1,-0.3160,0.500,1,0.326,0,-0.111,0,0,blueline,,BLUELINE,2,2,0,0.000,0,-1,0
1785731903.407,-0.007,-0.292,8.661,1.0000,0,13.993,-0.307,13.500,0.2715,4.000,-1.960,0.000,0.233,-25.000,-14.000,-0.0000,-0.0780,0.497,0.497,-0.078,1.929,1.200,-0.598,0.0010,-0.334,nan,0.00,0,1,0,1,1,-0.3974,0.250,1,0.271,0,-0.116,0,1,track,,TRACK,2,2,0,0.000,0,-1,0
1785731903.448,-2.130,-3.698,16.056,0.9972,0,12.493,1.193,12.000,0.2644,4.000,-0.864,0.000,0.233,-12.195,-2.852,-0.0000,-0.2451,-0.871,-0.871,-0.245,0.350,1.200,-2.000,0.0010,-0.324,nan,0.00,0,1,0,1,1,0.0000,0.235,0,0.213,0,-0.142,0,1,blueline,,BLUELINE,2,2,0,0.000,0,-1,0
1785731903.479,-3.224,-3.199,13.925,0.9969,0,10.993,0.699,12.000,0.2565,4.000,-0.864,0.000,0.233,-12.195,4.245,-1.1507,-0.4151,-2.021,-2.021,-0.415,-1.350,1.200,-2.500,0.0010,-0.314,nan,0.00,0,1,0,0,1,0.0000,0.470,0,0.213,0,-0.142,0,0,blueline,,BLUELINE,2,2,0,0.000,0,-1,0
1785731903.510,-3.843,-2.733,13.930,0.9966,0,9.493,0.233,12.000,0.2495,4.000,-0.864,0.000,0.233,-12.195,11.396,-2.3389,-0.5650,-3.209,-3.209,-0.565,-3.124,1.200,-2.500,0.0010,-0.305,nan,0.00,0,1,0,0,1,0.0000,0.470,0,0.213,0,-0.142,0,0,blueline,,BLUELINE,2,2,0,0.000,0,-1,0
1785731903.542,-4.424,-2.361,12.576,0.9962,0,7.993,-0.139,12.000,0.2453,4.000,-1.364,0.000,0.233,-18.833,5.562,4.1888,-0.6562,-4.429,-4.429,-0.656,-4.761,1.200,-2.500,0.0010,-0.296,nan,0.00,0,1,0,1,1,0.0000,0.441,0,0.176,0,-0.243,0,0,blueline,,BLUELINE,2,2,0,0.000,0,-1,0
1785731903.577,-5.067,-2.464,11.036,0.9952,0,6.493,-0.036,10.500,0.2462,0.744,0.006,-0.060,0.043,0.495,2.714,-0.0000,-0.6349,-4.572,-2.647,-0.635,-4.693,1.200,-2.500,0.0010,-0.287,nan,0.00,0,1,0,1,0,0.0000,0.000,0,0.000,0,0.000,0,1,hsv,,hsv,2,2,0,0.000,0,-1,0
1785731903.605,-5.583,-2.459,10.281,0.9943,0,4.993,-0.041,9.000,0.2483,0.744,0.006,-0.060,0.043,0.495,3.149,-2.0050,-0.5876,-4.652,-4.652,-0.588,-4.617,1.200,-2.500,0.0010,-0.278,nan,0.00,0,1,0,0,0,0.0000,0.000,0,0.000,0,0.000,0,0,hsv,,hsv,2,2,0,0.000,0,-1,0
1785731903.639,-6.066,-2.431,9.722,0.9935,0,3.493,-0.069,7.500,0.2533,0.746,-0.012,-0.048,0.043,-0.945,2.596,0.5622,-0.4758,-4.720,-2.691,-0.476,-4.554,1.200,-2.500,0.0010,-0.270,nan,0.00,0,1,0,1,0,0.0000,0.000,0,0.000,0,0.000,0,0,hsv,,hsv,2,2,0,0.000,0,-1,0
1785731903.667,-6.393,-2.437,9.177,0.9929,0,1.993,-0.063,9.000,0.2575,4.000,-2.104,0.000,0.233,-25.000,6.388,-0.0000,-0.3812,-4.796,-4.796,-0.381,-4.495,1.200,-2.500,0.0010,-0.262,nan,0.00,0,1,0,1,1,0.0000,0.314,0,0.148,0,-0.168,0,1,blueline,,BLUELINE,2,2,0,0.000,0,-1,0
1785731903.698,-6.393,-2.437,9.177,0.9929,0,0.493,-0.063,10.500,0.2573,4.000,-1.976,0.000,0.233,-25.000,7.410,-0.0000,-0.3812,-4.796,-4.796,-0.381,-4.495,1.200,-2.500,0.0010,-0.254,nan,0.00,0,1,0,1,1,0.0000,0.443,0,0.179,0,-0.074,0,0,blueline,,BLUELINE,2,2,0,0.000,0,-1,0
1785731903.730,-6.554,-2.472,8.457,0.9925,0,-1.007,-0.028,12.000,0.2596,4.000,-1.976,0.000,0.233,-25.000,7.974,-0.0952,-0.3268,-4.891,-4.891,-0.327,-4.418,1.200,-2.500,0.0010,-0.246,nan,0.00,0,1,0,0,1,0.0000,0.443,0,0.179,0,-0.074,0,0,blueline,,BLUELINE,2,2,0,0.000,0,-1,0
1785731903.770,-6.587,-2.526,7.653,0.9924,0,-2.507,0.026,12.000,0.2611,4.000,-2.897,0.000,0.233,-25.000,0.816,-0.0000,-0.2890,-4.991,-4.991,-0.289,-4.334,1.200,-2.500,0.0010,-0.239,nan,0.00,0,1,0,1,1,0.0000,0.446,0,0.183,0,-0.021,0,1,track,,TRACK,2,2,0,0.000,0,-1,0
1785731903.814,-6.229,-2.680,5.645,0.9930,0,-4.007,0.180,12.000,0.2629,4.000,-1.382,0.000,0.667,-19.063,14.000,-3.1088,-0.2403,-5.224,-5.224,-0.240,-4.121,1.200,-2.500,0.0010,-0.232,nan,0.00,1,1,0,1,1,0.0000,0.446,0,0.183,0,-0.021,4,0,track,,TRACK,2,2,0,0.000,0,-1,0
1785731903.840,-6.229,-2.680,5.645,0.9930,0,-5.507,0.180,12.000,0.2627,4.000,-1.382,0.000,0.667,-19.063,14.000,0.0000,-0.2403,-5.224,-5.224,-0.240,-4.121,1.200,-2.500,0.0010,-0.225,nan,0.00,1,1,0,0,1,0.1340,0.292,1,0.415,1,0.105,0,0,track,,TRACK,2,2,0,0.000,0,-1,0
1785731903.870,-5.832,-2.741,4.634,0.9937,0,-7.007,0.241,10.500,0.2630,4.000,-1.382,0.000,0.667,-19.063,14.000,-0.1135,-0.2252,-5.337,-5.337,-0.225,-4.010,1.200,-2.500,0.0010,-0.218,nan,3.84,1,1,0,0,1,0.1340,0.583,1,0.415,1,0.105,0,0,track,,TRACK,2,2,0,0.000,0,-1,0
1785731903.907,-5.168,-2.780,3.754,0.9948,0,-8.507,0.280,9.000,0.2631,4.000,-0.515,0.000,0.667,-7.340,14.000,-4.1888,-0.2140,-5.437,-5.437,-0.214,-3.910,1.911,-2.500,0.0010,-0.212,nan,2.61,1,1,0,1,1,0.0909,0.583,1,0.340,1,0.175,0,0,track,,TRACK,2,2,0,0.000,0,-1,0
1785731903.934,-4.332,-2.797,2.989,0.9960,0,-10.007,0.297,7.500,0.2629,4.000,-0.515,0.000,0.667,-7.340,14.000,-0.0859,-0.2057,-5.522,-5.522,-0.206,-3.818,1.911,-2.500,0.0010,-0.205,nan,1.68,1,1,0,0,1,0.0586,0.583,1,0.340,1,0.175,0,0,track,,TRACK,2,2,0,0.000,0,-1,0
1785731903.966,-3.353,-2.795,2.349,0.9971,0,-11.507,0.295,6.354,0.2627,4.000,-0.515,0.000,0.667,-7.340,14.000,-0.1549,-0.1998,-5.591,-5.591,-0.200,-3.737,1.911,-2.500,0.0010,-0.199,nan,0.99,1,1,0,0,1,0.0344,0.583,1,0.340,1,0.175,0,0,track,,TRACK,2,2,0,0.000,0,-1,0
1785731903.997,-2.292,-2.780,1.833,0.9980,0,-13.007,0.280,7.854,0.2625,4.000,-2.299,0.000,0.667,-25.000,14.000,-0.0000,-0.1958,-5.642,-5.642,-0.196,-3.669,1.200,-2.500,0.0010,-0.193,nan,-1.36,1,1,0,1,1,-0.0475,0.750,1,0.339,3,0.221,0,1,blueline,,BLUELINE,2,2,0,0.000,0,-1,0
1785731904.028,-2.292,-2.780,1.833,0.9980,0,-14.507,0.280,9.354,0.2623,4.000,-2.299,0.000,0.667,-25.000,14.000,0.0000,-0.1958,-5.642,-5.642,-0.196,-3.669,1.200,-2.500,0.0010,-0.187,nan,-3.12,1,1,0,0,1,-0.1088,0.750,1,0.339,3,0.221,0,0,blueline,,BLUELINE,2,2,0,0.000,0,-1,0
1785731904.060,-1.101,-2.755,1.241,0.9987,0,-15.101,0.255,10.854,0.2621,4.000,-2.299,0.000,0.667,-25.000,14.000,-0.0448,-0.1924,-5.687,-5.687,-0.192,-3.593,1.200,-2.500,0.0010,-0.182,nan,-4.44,1,1,0,0,1,-0.1549,0.750,1,0.339,3,0.221,0,0,blueline,,BLUELINE,2,2,0,0.000,0,-1,0
1785731904.085,0.319,-2.716,0.344,0.9989,0,-13.681,0.216,12.000,0.2621,4.000,-1.915,0.000,0.667,-25.000,14.000,-0.0000,-0.1889,-5.737,-5.737,-0.189,-3.486,1.200,-2.500,0.0010,-0.176,nan,0.00,1,1,0,1,1,0.0000,0.800,0,0.297,3,0.260,0,0,blueline,,BLUELINE,2,2,0,0.000,0,-1,0
1785731904.122,1.616,-2.671,-0.740,0.9985,0,-12.384,0.171,12.000,0.2622,4.000,-1.915,0.000,0.667,-25.000,14.000,-0.0481,-0.1846,-5.785,-5.785,-0.185,-3.360,1.200,-2.500,0.0010,-0.171,nan,0.00,1,1,0,0,1,0.0000,0.800,0,0.297,3,0.260,0,0,blueline,,BLUELINE,2,2,0,0.000,0,-1,0
1785731904.152,2.768,-2.611,-1.754,0.9978,0,-10.884,0.111,12.000,0.2624,4.000,-2.174,0.000,0.233,-25.000,10.631,-0.0000,-0.1798,-5.818,-5.818,-0.180,-3.240,1.200,-2.500,0.0010,-0.166,nan,0.00,0,1,0,1,1,0.0000,0.292,0,0.340,1,0.172,0,0,blueline,,BLUELINE,2,2,0,0.000,0,-1,0
1785731904.191,2.768,-2.611,-1.754,0.9978,0,-11.232,0.111,10.500,0.2623,4.000,0.614,0.000,0.667,8.728,14.000,-0.0000,-0.1798,-5.818,-5.818,-0.180,-3.240,1.818,-2.500,0.0010,-0.161,nan,0.00,1,1,0,1,1,0.0000,0.583,0,0.340,1,0.172,1,1,track,,TRACK,2,2,0,0.000,0,-1,0
1785731904.221,3.870,-2.532,-2.800,0.9967,0,-10.130,0.032,9.000,0.2627,4.000,0.637,0.000,0.667,9.046,14.000,-0.6671,-0.1740,-5.839,-5.839,-0.174,-3.116,1.797,-2.500,0.0010,-0.156,nan,0.00,1,1,0,1,1,0.0000,0.583,0,0.350,1,0.170,1,0,track,,TRACK,2,2,0,0.000,0,-1,0
1785731904.253,5.047,-2.443,-3.750,0.9952,0,-8.953,-0.057,7.500,0.2632,4.000,0.667,0.000,0.667,9.461,14.000,-0.4351,-0.1673,-5.841,-5.841,-0.167,-3.002,1.769,-2.500,0.0010,-0.151,nan,0.00,1,1,0,1,1,0.0000,0.583,0,0.359,1,0.172,2,0,track,,TRACK,2,2,0,0.000,0,-1,0
1785731904.294,5.865,-2.388,-4.370,0.9939,0,-8.135,-0.112,6.000,0.2637,4.000,0.667,0.000,0.667,9.461,14.000,0.0155,-0.1612,-5.825,-5.825,-0.161,-2.924,1.769,-2.500,0.0010,-0.147,nan,0.00,1,1,0,0,1,0.0000,0.583,0,0.373,1,0.161,0,0,track,,TRACK,2,2,0,0.000,0,-1,0
1785731904.325,6.630,-2.347,-4.815,0.9925,0,-7.370,-0.153,7.500,0.2643,4.000,-2.366,0.000,0.667,-25.000,14.000,-0.0000,-0.1549,-5.794,-5.794,-0.155,-2.863,1.200,-2.500,0.0010,-0.142,nan,0.00,1,1,0,1,1,0.0000,0.667,0,0.364,2,0.191,0,1,blueline,,BLUELINE,2,2,0,0.000,0,-1,0
1785731904.355,7.389,-2.301,-5.243,0.9909,0,-6.611,-0.199,9.000,0.2648,4.000,-2.366,0.000,0.667,-25.000,14.000,0.0371,-0.1488,-5.757,-5.757,-0.149,-2.805,1.200,-2.500,0.0010,-0.138,nan,0.00,1,1,0,0,1,0.0000,0.667,0,0.364,2,0.191,0,0,blueline,,BLUELINE,2,2,0,0.000,0,-1,0
1785731904.387,7.999,-2.219,-5.947,0.9895,0,-6.001,-0.281,10.500,0.2653,4.000,-2.243,0.000,0.667,-25.000,14.000,-0.0000,-0.1439,-5.733,-5.733,-0.144,-2.720,1.200,-2.500,0.0010,-0.134,nan,0.00,1,1,0,1,1,0.0000,0.700,0,0.300,2,0.697,0,0,blueline,,BLUELINE,2,2,0,0.000,0,-1,0
1785731904.417,8.588,-2.112,-6.828,0.9881,0,-5.412,-0.388,12.000,0.2658,4.000,-2.243,0.000,0.667,-25.000,14.000,0.0222,-0.1393,-5.711,-5.711,-0.139,-2.618,1.200,-2.500,0.0010,-0.130,nan,0.00,1,1,0,0,1,0.0000,0.700,0,0.300,2,0.697,0,0,blueline,,BLUELINE,2,2,0,0.000,0,-1,0
1785731904.448,8.588,-2.112,-6.828,0.9881,0,-5.412,-0.388,12.000,0.2656,4.000,-1.907,0.000,0.667,-25.000,14.000,-0.0000,-0.1393,-5.711,-5.711,-0.139,-2.618,1.200,-2.500,0.0010,-0.126,nan,0.00,1,1,0,1,1,0.0000,0.700,0,0.300,2,0.714,0,0,blueline,,BLUELINE,2,2,0,0.000,0,-1,0
1785731904.480,9.092,-2.000,-7.740,0.9868,0,-4.908,-0.500,12.000,0.2660,4.000,-1.907,0.000,0.667,-25.000,14.000,0.0205,-0.1353,-5.691,-5.691,-0.135,-2.514,1.200,-2.500,0.0010,-0.122,nan,0.00,1,1,0,0,1,0.0000,0.700,0,0.300,2,0.714,0,0,blueline,,BLUELINE,2,2,0,0.000,0,-1,0
1785731904.510,9.599,-1.876,-8.684,0.9855,0,-4.401,-0.624,12.000,0.2665,4.000,-1.654,0.000,0.667,-22.470,14.000,-2.6497,-0.1317,-5.665,-5.665,-0.132,-2.407,1.200,-2.500,0.0010,-0.119,nan,0.00,1,1,0,1,1,0.0000,0.700,0,0.306,2,0.707,0,0,blueline,,BLUELINE,2,2,0,0.000,0,-1,0
1785731904.542,10.096,-1.748,-9.751,0.9841,0,-3.904,-0.752,12.000,0.2669,4.000,-1.654,0.000,0.667,-22.470,14.000,0.0348,-0.1278,-5.631,-5.631,-0.128,-2.288,1.200,-2.500,0.0010,-0.115,nan,0.00,1,1,0,0,1,0.0000,0.700,0,0.306,2,0.707,0,0,blueline,,BLUELINE,2,2,0,0.000,0,-1,0
1785731904.573,10.409,-1.612,-10.681,0.9832,0,-3.591,-0.888,12.000,0.2671,4.000,-1.418,0.000,0.667,-19.525,14.000,-3.0834,-0.1275,-5.586,-5.586,-0.128,-2.186,1.200,-2.500,0.0010,-0.112,nan,0.00,1,1,0,1,1,0.0000,0.700,0,0.303,2,0.708,0,0,blueline,,BLUELINE,2,2,0,0.000,0,-1,0
1785731904.604,10.409,-1.612,-10.681,0.9832,0,-3.591,-0.888,12.000,0.2670,4.000,-1.418,0.000,0.667,-19.525,14.000,0.0000,-0.1275,-5.586,-5.586,-0.128,-2.186,1.200,-2.500,0.0010,-0.108,nan,0.00,1,1,0,0,1,0.0000,0.700,0,0.303,2,0.708,0,0,blueline,,BLUELINE,2,2,0,0.000,0,-1,0
1785731904.636,10.915,-1.535,-11.746,0.9816,0,-3.085,-0.965,12.000,0.2673,4.000,-1.209,0.000,0.667,-16.812,14.000,-2.8418,-0.1273,-5.542,-5.542,-0.127,-2.072,1.279,-2.500,0.0010,-0.105,nan,0.00,1,1,0,1,1,0.0000,0.700,0,0.303,2,0.720,0,0,blueline,,BLUELINE,2,2,0,0.000,0,-1,0
1785731904.666,11.301,-1.415,-12.808,0.9803,0,-2.699,-1.085,12.000,0.2676,4.000,-1.209,0.000,0.667,-16.812,14.000,0.0434,-0.1272,-5.499,-5.499,-0.127,-1.960,1.279,-2.500,0.0010,-0.102,nan,0.00,1,1,0,0,1,0.0000,0.700,0,0.303,2,0.720,0,0,blueline,,BLUELINE,2,2,0,0.000,0,-1,0
1785731904.696,11.578,-1.324,-13.731,0.9794,0,-2.422,-1.176,12.000,0.2677,4.000,-1.034,0.000,0.667,-14.493,14.000,-4.1888,-0.1273,-5.455,-5.455,-0.127,-1.863,1.434,-2.500,0.0010,-0.099,nan,0.00,1,1,0,1,1,0.0000,0.700,0,0.302,2,0.693,0,0,blueline,,BLUELINE,2,2,0,0.000,0,-1,0
1785731904.729,11.825,-1.242,-14.634,0.9785,0,-2.175,-1.258,12.000,0.2678,4.000,-1.034,0.000,0.667,-14.493,14.000,0.0460,-0.1275,-5.409,-5.409,-0.128,-1.770,1.434,-2.500,0.0010,-0.096,nan,0.00,1,1,0,0,1,0.0000,0.700,0,0.302,2,0.693,0,0,blueline,,BLUELINE,2,2,0,0.000,0,-1,0
1785731904.761,11.981,-1.188,-13.173,0.9780,0,-2.019,-1.312,10.500,0.2674,4.000,1.518,0.000,0.233,20.786,14.000,-4.1888,-0.1377,-5.446,-5.446,-0.138,-1.923,1.200,-2.500,0.0010,-0.093,nan,0.00,0,1,0,1,1,0.8210,0.350,1,0.306,2,0.627,0,0,blueline,,BLUELINE,2,2,0,0.000,0,-1,0
1785731904.794,12.093,-1.423,-12.348,0.9775,0,-1.907,-1.077,9.000,0.2669,4.000,1.518,0.000,0.233,20.786,14.000,-0.0800,-0.1506,-5.526,-5.526,-0.151,-2.031,1.200,-2.500,0.0010,-0.090,nan,8.00,0,1,0,0,1,0.8210,0.700,1,0.306,2,0.627,0,0,blueline,,BLUELINE,2,2,0,0.000,0,-1,0
1785731904.823,12.074,-1.450,-13.198,0.9776,0,-1.926,-1.050,7.500,0.2655,4.000,1.800,0.000,0.667,24.225,14.000,-3.6022,-0.1797,-5.708,-5.708,-0.180,-2.003,1.200,-2.500,0.0010,-0.087,nan,8.00,1,1,0,1,1,0.8071,0.700,1,0.306,2,0.619,0,0,blueline,,BLUELINE,2,2,0,0.000,0,-1,0
1785731904.855,12.081,-1.451,-13.208,0.9775,0,-1.919,-1.049,6.000,0.2654,4.000,1.800,0.000,0.667,24.225,14.000,-0.0027,-0.1801,-5.711,-5.711,-0.180,-2.003,1.200,-2.500,0.0010,-0.085,nan,8.00,1,1,0,0,1,0.7967,0.700,1,0.306,2,0.619,0,0,blueline,,BLUELINE,2,2,0,0.000,0,-1,0
1785731904.886,12.311,-1.539,-14.009,0.9767,0,-1.689,-0.961,4.500,0.2651,4.000,1.876,0.000,0.667,25.000,14.000,-0.8111,-0.1901,-5.736,-5.736,-0.190,-1.971,1.200,-2.500,0.0010,-0.082,nan,8.00,1,1,0,1,1,0.7857,0.700,1,0.300,2,0.606,0,0,blueline,,BLUELINE,2,2,0,0.000,0,-1,0
1785731904.924,12.321,-1.593,-14.603,0.9766,0,-1.679,-0.907,3.564,0.2647,4.000,-0.818,0.000,0.233,-11.564,14.000,-0.0000,-0.1964,-5.747,-5.747,-0.196,-1.937,1.200,-2.500,0.0010,-0.080,nan,8.00,0,1,0,1,1,0.7775,0.700,1,0.300,2,0.606,2,1,track,,TRACK,2,2,0,0.000,0,-1,0
1785731904.970,12.349,-1.632,-14.973,0.9765,0,-1.651,-0.868,5.064,0.2648,4.000,-0.494,0.000,0.233,-7.042,14.000,-4.1888,-0.1942,-5.755,-5.755,-0.194,-1.914,1.200,-2.500,0.0010,-0.077,nan,0.00,0,1,0,1,1,0.0000,0.700,0,0.304,2,0.644,0,0,track,,TRACK,2,2,0,0.000,0,-1,0
1785731904.995,12.470,-1.673,-15.315,0.9760,0,-1.530,-0.827,6.564,0.2651,4.000,-0.494,0.000,0.233,-7.042,14.000,-0.0054,-0.1884,-5.761,-5.761,-0.188,-1.881,1.200,-2.500,0.0010,-0.075,nan,0.00,0,1,0,0,1,0.0000,0.700,0,0.304,2,0.644,0,0,track,,TRACK,2,2,0,0.000,0,-1,0
1785731905.032,12.470,-1.673,-15.315,0.9760,0,-1.530,-0.827,5.238,0.2650,4.000,-0.367,0.000,0.233,-5.238,14.000,-1.8896,-0.1884,-5.761,-5.761,-0.188,-1.881,1.200,-2.500,0.0010,-0.073,nan,0.00,0,1,0,1,1,0.0000,0.700,0,0.304,2,0.636,0,0,track,,TRACK,2,2,0,0.000,0,-1,1
1785731905.072,12.775,-1.733,-16.196,0.9748,0,-1.225,-0.767,6.738,0.2654,4.000,-0.539,0.000,0.667,-7.677,14.000,-0.0000,-0.1855,-5.766,-5.766,-0.186,-1.774,1.888,-2.500,0.0010,-0.071,nan,0.00,1,1,0,1,1,0.0000,0.750,0,0.362,3,0.205,0,1,blueline,,BLUELINE,2,2,0,0.000,0,-1,0
1785731905.103,12.775,-1.733,-16.196,0.9748,0,-1.225,-0.767,7.677,0.2654,4.000,-0.539,0.000,0.667,-7.677,14.000,0.0000,-0.1855,-5.766,-5.766,-0.186,-1.774,1.888,-2.500,0.0010,-0.069,nan,0.00,1,1,0,0,1,0.0000,0.750,0,0.362,3,0.205,0,0,blueline,,BLUELINE,2,2,0,0.000,0,-1,0
1785731905.133,13.016,-1.760,-17.092,0.9738,0,-0.984,-0.740,9.177,0.2655,4.000,-0.699,0.000,0.667,-9.917,14.000,2.3463,-0.1875,-5.776,-5.776,-0.188,-1.676,1.739,-2.500,0.0010,-0.067,nan,0.00,1,1,0,1,1,0.0000,0.583,0,0.363,1,0.204,0,0,blueline,,BLUELINE,2,2,0,0.000,0,-1,0
1785731905.165,13.016,-1.760,-17.092,0.9738,0,-0.984,-0.740,9.917,0.2654,4.000,-0.699,0.000,0.667,-9.917,14.000,0.0000,-0.1875,-5.776,-5.776,-0.188,-1.676,1.739,-2.500,0.0010,-0.065,nan,0.00,1,1,0,0,1,0.0000,0.583,0,0.363,1,0.204,0,0,blueline,,BLUELINE,2,2,0,0.000,0,-1,0
1785731905.197,13.132,-1.731,-17.629,0.9734,0,-0.868,-0.769,10.331,0.2655,4.000,-0.729,0.000,0.667,-10.331,14.000,0.4328,-0.1874,-5.782,-5.782,-0.187,-1.621,1.711,-2.500,0.0010,-0.063,nan,0.00,1,1,0,1,1,0.0000,0.583,0,0.361,1,0.196,0,0,blueline,,BLUELINE,2,2,0,0.000,0,-1,0
1785731905.227,13.246,-1.668,-18.277,0.9730,0,-0.754,-0.832,10.584,0.2656,4.000,-0.747,0.000,0.667,-10.584,14.000,0.5311,-0.1869,-5.791,-5.791,-0.187,-1.554,1.694,-2.500,0.0010,-0.061,nan,0.00,1,1,0,1,1,0.0000,0.583,0,0.364,1,0.188,0,0,blueline,,BLUELINE,2,2,0,0.000,0,-1,0
1785731905.264,13.346,-1.612,-19.013,0.9726,0,-0.654,-0.888,9.084,0.2656,4.000,2.025,0.000,0.667,25.000,14.000,-0.0000,-0.1861,-5.803,-5.803,-0.186,-1.479,1.200,-2.500,0.0010,-0.059,nan,0.00,1,1,0,1,1,0.6954,0.292,1,0.353,1,0.208,0,1,track,,TRACK,2,2,0,0.000,0,-1,0
1785731905.292,13.437,-1.539,-19.773,0.9723,0,-0.563,-0.961,7.584,0.2657,4.000,2.040,0.000,0.667,25.000,14.000,-0.0000,-0.1855,-5.814,-5.814,-0.185,-1.401,1.200,-2.500,0.0010,-0.057,nan,8.00,1,1,0,1,1,0.6935,0.583,1,0.358,1,0.198,0,1,blueline,,BLUELINE,2,2,0,0.000,0,-1,0
1785731905.326,13.506,-1.492,-20.435,0.9720,0,-0.494,-1.008,6.084,0.2658,4.000,2.064,0.000,0.667,25.000,14.000,-0.0000,-0.1845,-5.823,-5.823,-0.185,-1.331,1.200,-2.500,0.0010,-0.055,nan,8.00,1,1,0,1,1,0.6484,0.500,1,0.366,0,0.184,0,1,track,,TRACK,2,2,0,0.000,0,-1,0
1785731905.360,13.562,-1.454,-20.968,0.9718,0,-0.438,-1.046,4.584,0.2658,4.000,2.090,0.000,0.667,25.000,14.000,-0.0000,-0.1835,-5.828,-5.828,-0.184,-1.270,1.200,-2.500,0.0010,-0.054,nan,8.00,1,1,0,1,1,0.6228,0.500,1,0.363,0,0.189,0,0,track,,TRACK,2,2,0,0.000,0,-1,0
1785731905.399,13.608,-1.455,-21.361,0.9716,0,-0.392,-1.045,3.084,0.2659,4.000,1.915,0.000,0.667,25.000,14.000,-0.0000,-0.1825,-5.830,-5.830,-0.183,-1.220,1.200,-2.500,0.0010,-0.052,nan,8.00,1,1,0,1,1,0.6677,0.600,1,0.365,1,0.185,0,1,blueline,,BLUELINE,2,2,0,0.000,0,-1,0
1785731905.429,13.642,-1.473,-21.596,0.9715,0,-0.358,-1.027,1.584,0.2659,4.000,1.915,0.000,0.667,25.000,14.000,0.0015,-0.1817,-5.828,-5.828,-0.182,-1.185,1.200,-2.500,0.0010,-0.051,nan,8.00,1,1,0,0,1,0.7014,0.600,1,0.365,1,0.185,0,0,blueline,,BLUELINE,2,2,0,0.000,0,-1,0
1785731905.466,13.675,-1.489,-21.761,0.9713,0,-0.325,-1.011,0.084,0.2659,4.000,2.118,0.000,0.667,25.000,14.000,-0.0000,-0.1807,-5.825,-5.825,-0.181,-1.153,1.200,-2.500,0.0010,-0.049,nan,8.00,1,1,0,1,1,0.6538,0.500,1,0.364,0,0.187,0,1,track,,TRACK,2,2,0,0.000,0,-1,0
1785731905.492,13.675,-1.489,-21.761,0.9713,0,-0.325,-1.011,1.467,0.2659,4.000,-0.102,0.000,0.667,-1.467,14.000,-0.0000,-0.1807,-5.825,-5.825,-0.181,-1.153,2.000,-2.500,0.0010,-0.048,nan,0.00,1,1,0,1,1,0.0000,0.500,0,0.373,0,0.170,0,1,blueline,,BLUELINE,2,2,0,0.000,0,-1,0
1785731905.523,13.700,-1.502,-21.778,0.9712,0,-0.300,-0.998,-0.033,0.2659,4.000,2.021,0.000,0.667,25.000,14.000,-4.1888,-0.1801,-5.819,-5.819,-0.180,-1.137,1.200,-2.500,0.0010,-0.046,nan,8.00,1,1,0,1,1,0.5552,0.500,1,0.362,0,0.193,0,0,blueline,,BLUELINE,2,2,0,0.000,0,-1,0
1785731905.559,13.712,-1.507,-21.716,0.9712,0,-0.288,-0.993,-1.533,0.2659,4.000,2.044,0.000,0.667,25.000,14.000,-0.0000,-0.1794,-5.811,-5.811,-0.179,-1.131,1.200,-2.500,0.0010,-0.045,nan,0.00,1,1,0,1,1,0.0000,0.500,0,0.368,0,0.182,0,1,track,,TRACK,2,2,0,0.000,0,-1,0
1785731905.586,13.721,-1.510,-21.617,0.9711,0,-0.279,-0.990,-3.033,0.2659,4.000,2.044,0.000,0.667,25.000,14.000,0.0076,-0.1789,-5.804,-5.804,-0.179,-1.131,1.200,-2.500,0.0010,-0.043,nan,0.00,1,1,0,0,1,0.0000,0.500,0,0.368,0,0.182,0,0,track,,TRACK,2,2,0,0.000,0,-1,0
1785731905.617,13.731,-1.504,-21.439,0.9711,0,-0.269,-0.996,-1.533,0.2659,4.000,-0.013,0.000,0.667,-0.184,14.000,-0.0000,-0.1786,-5.795,-5.795,-0.179,-1.140,2.000,-2.500,0.0010,-0.042,nan,0.00,1,1,0,1,1,0.0000,0.583,0,0.371,1,0.176,0,1,blueline,,BLUELINE,2,2,0,0.000,0,-1,0
1785731905.649,13.731,-1.504,-21.439,0.9711,0,-0.269,-0.996,-3.033,0.2658,4.000,2.318,0.000,0.667,25.000,14.000,-4.1888,-0.1786,-5.795,-5.795,-0.179,-1.140,1.200,-2.500,0.0010,-0.041,nan,8.00,1,1,0,1,1,0.6500,0.600,1,0.373,1,0.177,0,0,blueline,,BLUELINE,2,2,0,0.000,0,-1,0
1785731905.679,13.754,-1.509,-21.240,0.9710,0,-0.246,-0.991,-1.533,0.2658,4.000,0.040,0.000,0.667,0.575,14.000,4.1888,-0.1786,-5.785,-5.785,-0.179,-1.152,2.000,-2.500,0.0010,-0.040,nan,0.00,1,1,0,1,1,0.0000,0.583,0,0.373,1,0.177,0,0,blueline,,BLUELINE,2,2,0,0.000,0,-1,0
1785731905.710,13.792,-1.557,-21.052,0.9708,0,1.254,-0.943,-0.033,0.2492,11.545,-3.068,1.248,1.000,-14.882,4.918,-0.0000,-0.0000,-5.774,-5.774,-0.179,-1.164,1.318,-2.500,0.0009,0.794,nan,0.00,1,1,1,1,1,0.0000,0.700,0,0.380,2,0.173,0,1,yolo,120.8,yolo,2,2,0,0.000,0,-1,0
1785731905.743,13.432,-1.599,-20.956,0.9723,0,2.754,-0.901,1.467,0.2473,11.545,-3.068,1.248,1.000,-14.882,4.930,-0.0010,0.0081,-5.775,-5.775,-0.171,-1.168,1.311,-2.500,0.0008,0.823,nan,0.00,1,1,1,0,1,0.0000,0.700,0,0.380,2,0.173,0,0,yolo,120.8,yolo,2,2,0,0.000,0,-1,0
1785731905.779,12.761,-1.657,-20.949,0.9749,0,4.254,-0.843,2.967,0.2640,11.528,-3.404,1.234,1.000,-16.452,-14.000,9.4762,1.1571,-5.789,-1.987,-0.160,-1.166,1.260,-2.500,0.0007,0.785,nan,0.00,1,1,1,1,1,0.0000,0.700,0,0.380,2,0.176,0,0,yolo,116.0,yolo,2,2,0,0.000,0,-1,0
1785731905.819,12.237,-1.678,-21.043,0.9769,0,2.754,-0.822,4.467,0.2473,11.528,-3.404,1.234,1.000,-16.452,14.000,-3.8201,0.0064,-5.807,-5.807,-0.153,-1.155,1.255,-2.500,0.0006,0.822,nan,0.00,1,1,1,0,1,0.0000,0.700,0,0.377,2,0.184,0,0,yolo,116.0,yolo,2,2,0,0.000,0,-1,0
1785731905.847,11.868,-1.702,-21.279,0.9782,0,1.254,-0.798,5.967,0.2451,11.528,-3.404,1.234,1.000,-16.452,14.000,-3.8397,0.0143,-5.826,-5.826,-0.145,-1.132,1.252,-2.500,0.0006,0.850,nan,0.00,1,1,1,0,1,0.0000,0.375,0,0.388,3,0.164,0,0,yolo,116.0,yolo,2,2,0,0.000,0,-1,0
1785731905.882,11.418,-1.740,-21.625,0.9798,0,2.754,-0.760,7.467,0.2561,11.524,-3.642,1.220,1.000,-17.538,-14.000,2.1828,0.2493,-5.850,-2.211,-0.138,-1.099,1.216,-2.500,0.0005,0.825,nan,0.00,1,1,1,1,1,0.0000,0.700,0,0.380,2,0.177,0,0,yolo,121.9,yolo,2,2,0,0.000,0,-1,0
1785731905.912,11.418,-1.740,-21.625,0.9798,0,1.254,-0.760,8.967,0.2446,11.524,-3.642,1.220,1.000,-17.538,14.000,-3.6390,0.0000,-5.850,-5.850,-0.138,-1.099,1.216,-2.500,0.0004,0.825,nan,0.00,1,1,1,0,1,0.0000,0.750,0,0.375,3,0.181,0,0,yolo,121.9,yolo,2,2,0,0.000,0,-1,0
1785731905.944,11.176,-1.775,-22.099,0.9806,0,-0.246,-0.725,10.467,0.2434,11.524,-3.642,1.220,1.000,-17.538,14.000,-3.6604,-0.0040,-5.871,-5.871,-0.142,-1.053,1.215,-2.500,0.0003,0.848,nan,0.00,1,1,1,0,1,0.0000,0.375,0,0.367,3,0.182,0,0,yolo,121.9,yolo,2,2,0,0.000,0,-1,0
1785731905.978,10.986,-1.823,-22.725,0.9812,0,-1.746,-0.677,8.967,0.2422,11.524,-3.642,1.220,1.000,-17.538,14.000,-3.6809,-0.0113,-5.892,-5.892,-0.149,-0.992,1.215,-2.500,0.0002,0.870,nan,8.00,1,1,1,0,1,1.1662,0.750,1,0.365,3,0.177,0,0,yolo,121.9,yolo,2,2,0,0.000,0,-1,0
1785731906.007,10.799,-1.760,-23.488,0.9818,0,-0.246,-0.740,10.467,0.2588,11.414,-3.814,1.194,1.000,-18.478,-14.000,1.1237,0.3684,-5.909,-2.557,-0.152,-0.915,1.200,-2.500,0.0001,0.809,nan,0.00,1,1,1,1,1,0.0000,0.667,0,0.367,2,0.170,0,0,yolo,114.9,yolo,2,2,0,0.000,0,-1,0
1785731906.038,10.919,-1.775,-24.281,0.9814,0,-1.746,-0.725,11.967,0.2442,11.414,-3.814,1.194,1.000,-18.478,13.503,-3.3614,-0.0075,-5.918,-5.918,-0.159,-0.834,1.200,-2.500,0.0001,0.803,nan,0.00,1,1,1,0,1,0.0000,0.667,0,0.367,2,0.170,0,0,yolo,114.9,yolo,2,2,0,0.000,0,-1,0
1785731906.074,10.919,-1.775,-24.281,0.9814,0,-2.585,-0.725,12.000,0.2441,11.414,-3.814,1.194,1.000,-18.478,13.503,-3.3614,-0.0075,-5.918,-5.918,-0.159,-0.834,1.200,-2.500,-0.0000,0.803,nan,0.00,1,1,1,0,1,0.0000,0.375,0,0.362,3,0.175,0,0,yolo,114.9,yolo,2,2,0,0.000,0,-1,0
1785731906.106,11.131,-1.690,-25.165,0.9808,0,-2.414,-0.810,12.000,0.2449,11.414,-3.814,1.194,1.000,-18.478,13.545,-3.3648,-0.0133,-5.921,-5.921,-0.165,-0.743,1.200,-2.500,-0.0001,0.772,nan,0.00,1,1,1,0,1,0.0000,0.375,0,0.366,3,0.165,0,0,yolo,114.9,yolo,2,2,0,0.000,0,-1,1
1785731906.147,11.297,-1.617,-27.039,0.9802,0,-0.914,-0.883,12.000,0.2615,11.490,-3.922,1.133,1.000,-18.845,-14.000,0.7368,1.0467,-5.929,-2.764,-0.168,-0.549,1.200,-2.500,-0.0002,0.667,nan,0.00,1,1,1,1,1,0.0000,0.583,0,0.369,1,0.269,0,0,yolo,124.7,yolo,2,2,0,0.000,0,-1,0
1785731906.177,11.299,-1.616,-27.054,0.9802,0,0.014,-0.884,12.000,0.2487,11.490,-3.922,1.133,1.000,-18.845,11.285,-3.1648,-0.0001,-5.929,-5.929,-0.168,-0.547,1.200,-2.500,-0.0002,0.667,nan,0.00,1,1,1,0,1,0.0000,0.667,0,0.358,2,0.276,0,0,yolo,124.7,yolo,2,2,0,0.000,0,-1,0
1785731906.208,11.493,-1.515,-28.108,0.9796,0,0.236,-0.485,12.000,0.2498,11.490,-3.922,1.133,1.000,-18.845,11.257,-3.1626,0.0002,-5.927,-5.927,-0.168,-0.436,1.200,-2.000,-0.0003,0.633,nan,0.00,1,1,1,0,1,0.0000,0.583,0,0.365,1,0.269,0,0,yolo,124.7,yolo,2,2,0,0.000,0,-1,0
1785731906.239,11.585,-1.425,-29.064,0.9793,0,0.355,-0.575,12.000,0.2506,11.490,-3.922,1.133,1.000,-18.845,11.229,-3.1604,-0.0004,-5.924,-5.924,-0.169,-0.333,1.200,-2.000,-0.0004,0.608,nan,0.00,1,1,1,0,1,0.0000,0.583,0,0.365,1,0.269,0,0,yolo,124.7,yolo,2,2,0,0.000,0,-1,0
1785731906.277,11.585,-1.425,-29.064,0.9793,0,1.855,-0.575,12.000,0.2672,11.489,-3.865,1.071,1.000,-18.593,-14.000,-0.3796,0.3691,-5.924,-3.099,-0.169,-0.333,1.200,-2.000,-0.0004,0.559,nan,0.00,1,1,1,1,1,0.0000,0.583,0,0.366,1,0.257,0,0,yolo,121.6,yolo,2,2,0,0.000,0,-1,0
1785731906.317,11.726,-1.035,-30.986,0.9790,0,1.583,-0.515,12.000,0.2548,11.489,-3.865,1.071,1.000,-18.593,10.144,-2.8160,0.0005,-5.915,-5.915,-0.168,-0.127,1.200,-1.550,-0.0005,0.471,nan,0.00,1,1,1,0,1,0.0000,0.667,0,0.359,2,0.267,0,0,yolo,121.6,yolo,2,2,0,0.000,0,-1,0
1785731906.348,11.726,-1.035,-30.986,0.9790,0,1.583,-0.965,12.000,0.2547,11.489,-3.865,1.071,1.000,-18.593,10.144,-2.8160,0.0005,-5.915,-5.915,-0.168,-0.127,1.200,-2.000,-0.0005,0.471,nan,0.00,1,1,1,0,1,0.0000,0.667,0,0.354,2,0.261,0,0,yolo,121.6,yolo,2,2,0,0.000,0,-1,0
1785731906.379,11.780,-0.974,-31.943,0.9788,0,3.083,-1.026,12.000,0.2714,11.692,-3.678,1.004,1.000,-17.460,-7.590,-2.3105,0.4057,-5.907,-3.510,-0.166,-0.026,1.237,-2.000,-0.0005,0.430,nan,0.00,1,1,1,1,1,0.0000,0.643,0,0.406,2,0.249,0,0,yolo,121.0,yolo,2,2,0,0.000,0,-1,0
1785731906.412,11.722,-0.901,-32.777,0.9790,0,1.583,-1.039,12.000,0.2563,11.692,-3.678,1.004,1.000,-17.460,10.276,-2.3912,0.0031,-5.901,-5.901,-0.163,0.061,1.237,-1.940,-0.0006,0.419,nan,0.00,1,1,1,0,1,0.0000,0.643,0,0.410,2,0.248,0,0,yolo,121.0,yolo,2,2,0,0.000,0,-1,0
1785731906.442,11.666,-0.848,-33.640,0.9792,0,1.465,-0.788,12.000,0.2565,11.692,-3.678,1.004,1.000,-17.460,10.201,-2.3852,0.0045,-5.895,-5.895,-0.162,0.152,1.238,-1.636,-0.0006,0.412,nan,0.00,1,1,1,0,1,0.0000,0.286,0,0.404,1,0.249,0,0,yolo,121.0,yolo,2,2,0,0.000,0,-1,0
1785731906.473,11.619,-0.752,-34.631,0.9794,0,1.526,-0.427,12.000,0.2570,11.692,-3.678,1.004,1.000,-17.460,10.093,-2.3764,0.0068,-5.886,-5.886,-0.159,0.256,1.238,-1.179,-0.0007,0.396,nan,0.00,1,1,1,0,1,0.0000,0.750,0,0.351,3,0.252,0,0,yolo,121.0,yolo,2,2,0,0.000,0,-1,0
1785731906.520,11.455,-0.631,-35.607,0.9800,0,3.026,-0.523,12.000,0.2562,11.850,-3.275,0.935,1.000,-15.448,-0.736,-3.1209,-0.0065,-5.878,-3.195,-0.155,0.359,1.381,-1.153,-0.0007,0.397,nan,0.00,1,1,1,1,1,0.0000,0.750,0,0.351,3,0.252,0,0,yolo,122.3,yolo,2,2,0,0.000,0,-1,0
1785731906.551,11.216,-0.515,-36.544,0.9809,0,1.526,-0.363,12.000,0.2567,11.850,-3.275,0.935,1.000,-15.448,14.000,-2.6757,0.0040,-5.871,-5.871,-0.151,0.456,1.384,-0.878,-0.0007,0.387,nan,0.00,1,1,1,0,1,0.0000,0.643,0,0.410,2,0.243,0,0,yolo,122.3,yolo,2,2,0,0.000,0,-1,0
1785731906.582,11.017,-0.398,-37.434,0.9815,0,0.026,-0.294,12.000,0.2569,11.850,-3.275,0.935,1.000,-15.448,14.000,-2.6673,0.0051,-5.863,-5.863,-0.150,0.549,1.386,-0.691,-0.0008,0.374,nan,0.00,1,1,1,0,1,0.0000,0.643,0,0.409,2,0.227,0,0,yolo,122.3,yolo,2,2,0,0.000,0,-1,0
1785731906.614,10.954,-0.269,-38.356,0.9818,0,-1.474,-0.602,12.000,0.2523,11.946,-2.785,0.872,1.000,-13.125,14.000,-4.8447,-0.0891,-5.850,-3.245,-0.150,0.643,1.552,-0.870,-0.0008,0.383,nan,0.00,1,1,1,1,1,0.0000,0.643,0,0.412,2,0.238,0,0,yolo,124.7,yolo,2,2,0,0.000,0,-1,0
1785731906.644,10.967,-0.157,-39.291,0.9817,0,-2.974,-0.494,12.000,0.2570,11.946,-2.785,0.872,1.000,-13.125,14.000,-2.5890,-0.0015,-5.834,-5.834,-0.152,0.738,1.562,-0.651,-0.0009,0.359,nan,0.00,1,1,1,0,1,0.0000,0.714,0,0.407,3,0.234,0,0,yolo,124.7,yolo,2,2,0,0.000,0,-1,0
1785731906.676,10.967,-0.157,-39.291,0.9817,0,-3.033,-1.517,12.000,0.2569,11.946,-2.785,0.872,1.000,-13.125,14.000,-2.5890,-0.0015,-5.834,-5.834,-0.152,0.738,1.562,-1.673,-0.0009,0.359,nan,0.00,1,1,1,0,1,0.0000,0.714,0,0.407,3,0.229,0,0,yolo,124.7,yolo,2,2,0,0.000,0,-1,0
1785731906.709,11.164,-0.024,-40.315,0.9811,0,-2.836,-1.019,12.000,0.2580,11.946,-2.785,0.872,1.000,-13.125,14.000,-2.5660,-0.0074,-5.811,-5.811,-0.158,0.842,1.577,-1.043,-0.0009,0.322,nan,0.00,1,1,1,0,1,0.0000,0.714,0,0.408,3,0.223,0,0,yolo,124.7,yolo,2,2,0,0.000,0,-1,0
1785731906.741,11.523,0.048,-41.352,0.9798,0,-2.477,-1.000,10.634,0.2560,12.036,-2.260,0.805,1.000,-10.634,14.000,-5.2327,-0.0522,-5.782,-3.224,-0.165,0.948,1.767,-0.952,-0.0010,0.327,nan,0.00,1,1,1,1,1,0.0000,0.714,0,0.408,3,0.223,0,0,yolo,120.1,yolo,2,2,0,0.000,0,-1,0
1785731906.771,11.901,0.166,-42.455,0.9785,0,-2.099,-0.600,10.634,0.2597,12.036,-2.260,0.805,1.000,-10.634,14.000,-2.5203,-0.0073,-5.744,-5.744,-0.173,1.061,1.791,-0.434,-0.0010,0.286,nan,0.00,1,1,1,0,1,0.0000,0.714,0,0.411,3,0.225,0,0,yolo,120.1,yolo,2,2,0,0.000,0,-1,0
1785731906.803,11.901,0.166,-42.455,0.9785,0,-2.099,-1.618,10.634,0.2596,12.036,-2.260,0.805,1.000,-10.634,14.000,-2.5203,-0.0073,-5.744,-5.744,-0.173,1.061,1.791,-1.452,-0.0010,0.286,nan,0.00,1,1,1,0,1,0.0000,0.714,0,0.412,3,0.217,0,0,yolo,120.1,yolo,2,2,0,0.000,0,-1,0
1785731906.834,12.216,0.309,-43.532,0.9773,0,-1.784,-1.059,10.634,0.2610,12.036,-2.260,0.805,1.000,-10.634,14.000,-2.4796,-0.0115,-5.704,-5.704,-0.177,1.172,1.814,-0.750,-0.0010,0.244,nan,0.00,1,1,1,0,1,0.0000,0.714,0,0.412,3,0.217,0,0,yolo,120.1,yolo,2,2,0,0.000,0,-1,0
1785731906.866,12.469,0.398,-44.459,0.9764,0,-1.531,-1.228,9.134,0.2473,12.187,-1.708,0.753,1.000,-7.979,14.000,-4.2343,-0.2897,-5.667,-3.120,-0.180,1.267,2.008,-0.831,-0.0011,0.282,nan,0.00,1,1,1,1,1,0.0000,0.714,0,0.415,3,0.216,0,0,yolo,114.2,yolo,2,2,0,0.000,0,-1,0
1785731906.897,12.416,0.501,-45.391,0.9766,0,-1.584,-1.014,7.979,0.2615,12.187,-1.708,0.753,1.000,-7.979,14.000,-2.5143,0.0063,-5.634,-5.634,-0.174,1.362,2.025,-0.513,-0.0011,0.262,nan,0.00,1,1,1,0,1,0.0000,0.714,0,0.420,3,0.200,0,0,yolo,114.2,yolo,2,2,0,0.000,0,-1,0
1785731906.927,12.276,0.601,-46.325,0.9771,0,-1.724,-0.812,7.979,0.2624,12.187,-1.708,0.753,1.000,-7.979,14.000,-2.4821,0.0190,-5.602,-5.602,-0.161,1.457,2.035,-0.211,-0.0011,0.245,nan,0.00,1,1,1,0,1,0.0000,0.357,0,0.417,3,0.189,0,0,yolo,114.2,yolo,2,2,0,0.000,0,-1,0
1785731906.957,12.277,0.602,-46.342,0.9771,0,-1.723,-1.760,7.979,0.2624,12.187,-1.708,0.753,1.000,-7.979,14.000,-2.4815,0.0192,-5.601,-5.601,-0.161,1.459,2.035,-1.158,-0.0011,0.245,nan,0.00,1,1,1,0,1,0.0000,0.393,0,0.419,4,0.177,0,0,yolo,114.2,yolo,2,2,0,0.000,0,-1,0
1785731906.990,12.544,0.608,-47.066,0.9761,0,-1.456,-1.695,6.479,0.2457,12.244,-1.122,0.707,1.000,-5.237,14.000,-4.3949,-0.5368,-5.569,-3.218,-0.156,1.534,2.134,-1.087,-0.0012,0.316,nan,0.00,1,1,1,1,1,0.0000,0.786,0,0.419,4,0.177,0,0,yolo,118.1,yolo,2,2,0,0.000,0,-1,0
1785731907.021,12.602,0.615,-47.699,0.9759,0,-1.398,-1.539,5.237,0.2601,12.244,-1.122,0.707,1.000,-5.237,14.000,-2.3235,0.0101,-5.541,-5.541,-0.146,1.601,2.136,-0.924,-0.0012,0.314,nan,0.00,1,1,1,0,1,0.0000,0.714,0,0.421,3,0.172,0,0,yolo,118.1,yolo,2,2,0,0.000,0,-1,0
1785731907.052,12.625,0.623,-48.254,0.9758,0,-1.375,-1.480,5.237,0.2603,12.244,-1.122,0.707,1.000,-5.237,14.000,-2.3011,0.0125,-5.519,-5.519,-0.144,1.661,2.139,-0.857,-0.0012,0.311,nan,0.00,1,1,1,0,1,0.0000,0.714,0,0.416,3,0.169,0,0,yolo,118.1,yolo,2,2,0,0.000,0,-1,0
1785731907.083,12.834,0.626,-48.749,0.9750,0,-1.166,-1.479,5.237,0.2604,12.244,-1.122,0.707,1.000,-5.237,14.000,-2.2768,0.0084,-5.494,-5.494,-0.148,1.715,2.144,-0.853,-0.0013,0.306,nan,0.00,1,1,1,0,1,0.0000,0.321,0,0.418,2,0.159,0,0,yolo,118.1,yolo,2,2,0,0.000,0,-1,0
1785731907.116,12.834,0.626,-48.749,0.9750,0,-1.166,-1.932,3.737,0.2438,12.348,-0.485,0.650,1.000,-2.250,14.000,-6.4370,-0.8481,-5.494,-3.720,-0.148,1.715,2.059,-1.306,-0.0013,0.391,nan,0.00,1,1,1,1,1,0.0000,0.643,0,0.418,2,0.159,0,0,yolo,121.5,yolo,2,2,0,0.000,0,-1,0
1785731907.146,13.084,0.624,-49.214,0.9740,0,-0.916,-1.732,2.250,0.2577,12.348,-0.485,0.650,1.000,-2.250,14.000,-1.7477,-0.0003,-5.468,-5.468,-0.148,1.766,2.061,-1.108,-0.0013,0.389,nan,0.00,1,1,1,0,1,0.0000,0.286,0,0.451,1,0.128,0,0,yolo,121.5,yolo,2,2,0,0.000,0,-1,0
1785731907.177,13.261,0.617,-49.643,0.9733,0,-0.739,-1.576,2.250,0.2580,12.348,-0.485,0.650,1.000,-2.250,14.000,-1.7213,0.0035,-5.442,-5.442,-0.144,1.814,2.062,-0.959,-0.0014,0.388,nan,0.00,1,1,1,0,1,0.0000,0.286,0,0.451,1,0.128,0,0,yolo,121.5,yolo,2,2,0,0.000,0,-1,0
1785731907.208,13.323,0.620,-49.938,0.9730,0,-0.677,-1.419,0.750,0.2413,12.504,0.127,0.589,1.000,0.582,14.000,-4.6361,-0.5920,-5.424,-3.940,-0.146,1.848,1.983,-0.799,-0.0014,0.467,nan,0.00,1,1,1,1,1,0.0000,0.571,0,0.430,1,0.112,0,0,yolo,116.6,yolo,2,2,0,0.000,0,-1,0
1785731907.245,13.048,0.616,-50.140,0.9741,0,-0.952,-1.537,-0.582,0.2554,12.504,0.127,0.589,1.000,0.582,14.000,-1.4768,0.0069,-5.417,-5.417,-0.139,1.874,1.982,-0.921,-0.0015,0.468,nan,0.00,1,1,1,0,1,0.0000,0.571,0,0.430,1,0.112,2,0,yolo,116.6,yolo,2,2,0,0.000,0,-1,0
1785731907.271,13.048,0.616,-50.140,0.9741,0,-0.952,-1.942,-0.582,0.2553,12.504,0.127,0.589,1.000,0.582,14.000,-1.4768,0.0069,-5.417,-5.417,-0.139,1.874,1.982,-1.326,-0.0015,0.468,nan,0.00,1,1,1,0,1,0.0000,0.571,0,0.427,1,0.082,0,0,yolo,116.6,yolo,2,2,0,0.000,0,-1,0
1785731907.310,12.870,0.612,-50.249,0.9748,0,-1.130,-1.989,-0.582,0.2552,12.504,0.127,0.589,1.000,0.582,14.000,-1.4730,0.0101,-5.413,-5.413,-0.136,1.891,1.981,-1.377,-0.0016,0.469,nan,0.00,1,1,1,0,1,0.0000,0.571,0,0.425,1,0.078,0,0,yolo,116.6,yolo,2,2,0,0.000,0,-1,0
1785731907.350,13.266,0.463,-50.312,0.9733,0,-0.734,-1.629,-2.082,0.2386,12.617,0.669,0.516,1.000,3.035,14.000,-5.4014,-0.8477,-5.396,-4.437,-0.138,1.910,1.896,-1.165,-0.0016,0.554,nan,0.00,1,1,1,1,1,0.0000,0.571,0,0.425,1,0.078,0,0,yolo,120.1,yolo,2,2,0,0.000,0,-1,0
1785731907.381,13.266,0.463,-50.312,0.9733,0,-0.734,-1.868,-3.035,0.2524,12.617,0.669,0.516,1.000,3.035,14.000,-0.9588,0.0000,-5.396,-5.396,-0.138,1.910,1.896,-1.405,-0.0017,0.554,nan,0.00,1,1,1,0,1,0.0000,0.571,0,0.424,1,0.075,0,0,yolo,120.1,yolo,2,2,0,0.000,0,-1,0
1785731907.419,13.082,0.384,-50.299,0.9740,0,-0.918,-1.850,-3.035,0.2519,12.617,0.669,0.516,1.000,3.035,14.000,-0.9574,0.0049,-5.395,-5.395,-0.133,1.915,1.880,-1.466,-0.0017,0.570,nan,0.00,1,1,1,0,1,0.0000,0.571,0,0.424,1,0.075,1,0,yolo,120.1,yolo,2,2,0,0.000,0,-1,1
1785731907.447,12.916,0.224,-50.202,0.9747,0,-1.084,-1.740,-4.535,0.2353,12.568,1.093,0.435,1.000,4.968,14.000,-4.2416,-0.4963,-5.400,-4.613,-0.139,1.912,1.831,-1.516,-0.0018,0.619,nan,0.00,1,1,1,1,1,0.0000,0.571,0,0.424,1,0.068,0,0,yolo,113.9,yolo,2,2,0,0.000,0,-1,0
1785731907.481,12.798,-0.001,-50.016,0.9752,0,-1.202,-1.621,-4.968,0.2484,12.568,1.093,0.435,1.000,4.968,14.000,-0.7931,0.0029,-5.406,-5.406,-0.136,1.902,1.783,-1.623,-0.0019,0.667,nan,0.00,1,1,1,0,1,0.0000,0.583,0,0.427,1,0.056,0,0,yolo,113.9,yolo,2,2,0,0.000,0,-1,0
1785731907.520,12.772,-0.134,-49.713,0.9753,0,-1.228,-1.715,-4.968,0.2475,12.568,1.093,0.435,1.000,4.968,14.000,-0.8010,0.0047,-5.414,-5.414,-0.134,1.881,1.754,-1.850,-0.0019,0.696,nan,0.00,1,1,1,0,1,0.0000,0.583,0,0.427,1,0.055,0,0,yolo,113.9,yolo,2,2,0,0.000,0,-1,0
1785731907.551,12.953,-0.331,-49.345,0.9745,0,-1.047,-1.649,-6.339,0.2309,12.530,1.392,0.374,1.000,6.339,14.000,-2.2488,-0.4025,-5.419,-4.458,-0.134,1.855,1.687,-1.980,-0.0020,0.749,nan,0.00,1,1,1,1,1,0.0000,0.583,0,0.427,1,0.055,0,0,yolo,110.7,yolo,2,2,0,0.000,0,-1,0
1785731907.582,12.912,-0.523,-48.990,0.9747,0,-1.088,-1.559,-6.339,0.2444,12.530,1.392,0.374,1.000,6.339,14.000,-0.9699,-0.0003,-5.428,-5.428,-0.134,1.830,1.647,-2.082,-0.0021,0.790,nan,0.00,1,1,1,0,1,0.0000,0.583,0,0.427,1,0.055,0,0,yolo,110.7,yolo,2,2,0,0.000,0,-1,0
1785731907.614,12.814,-0.746,-48.534,0.9750,0,-1.186,-1.508,-6.339,0.2428,12.530,1.392,0.374,1.000,6.339,14.000,-0.9842,0.0007,-5.442,-5.442,-0.133,1.797,1.602,-2.253,-0.0022,0.837,nan,0.00,1,1,1,0,1,0.0000,0.571,0,0.425,1,0.063,0,0,yolo,110.7,yolo,2,2,0,0.000,0,-1,0
1785731907.650,12.914,-0.936,-48.029,0.9746,0,-1.086,-1.511,-6.339,0.2413,12.530,1.392,0.374,1.000,6.339,14.000,-0.9941,-0.0038,-5.452,-5.452,-0.138,1.758,1.559,-2.448,-0.0023,0.881,nan,0.00,1,1,1,0,1,0.0000,0.571,0,0.425,1,0.063,1,0,yolo,110.7,yolo,2,2,0,0.000,0,-1,0
1785731907.692,13.023,-1.124,-47.526,0.9741,0,-0.977,-1.376,-7.197,0.2316,12.443,1.571,0.311,1.000,7.197,14.000,-1.8632,-0.2010,-5.461,-4.312,-0.140,1.717,1.514,-2.500,-0.0024,0.901,nan,0.00,1,1,1,1,1,0.0000,0.643,0,0.423,2,0.063,0,0,yolo,113.3,yolo,2,2,0,0.000,0,-1,0
1785731907.724,12.977,-1.402,-47.001,0.9742,0,-1.023,-1.098,-7.197,0.2388,12.443,1.571,0.311,1.000,7.197,14.000,-1.1626,-0.0022,-5.475,-5.475,-0.142,1.672,1.461,-2.500,-0.0025,0.960,nan,0.00,1,1,1,0,1,0.0000,0.643,0,0.422,2,0.074,0,0,yolo,113.3,yolo,2,2,0,0.000,0,-1,0
1785731907.755,12.977,-1.402,-47.001,0.9742,0,-1.023,-0.950,-7.197,0.2387,12.443,1.571,0.311,1.000,7.197,14.000,-1.1626,-0.0022,-5.475,-5.475,-0.142,1.672,1.461,-2.352,-0.0025,0.960,nan,0.00,1,1,1,0,1,0.0000,0.643,0,0.422,2,0.074,0,0,yolo,113.3,yolo,2,2,0,0.000,0,-1,0
1785731907.787,12.932,-1.536,-46.539,0.9743,0,-1.068,-0.964,-7.463,0.2445,12.504,1.638,0.245,1.000,7.463,14.000,-0.3482,0.1134,-5.488,-4.022,-0.155,1.625,1.472,-2.500,-0.0026,0.941,nan,0.00,1,1,1,1,1,0.0000,0.643,0,0.421,2,0.089,0,0,yolo,110.6,yolo,2,2,0,0.000,0,-1,0
1785731907.813,13.174,-1.592,-46.137,0.9733,0,-0.826,-0.908,-7.463,0.2384,12.504,1.638,0.245,1.000,7.463,14.000,-1.4726,-0.0102,-5.495,-5.495,-0.165,1.582,1.455,-2.500,-0.0027,0.960,nan,0.00,1,1,1,0,1,0.0000,0.643,0,0.421,2,0.089,0,0,yolo,110.6,yolo,2,2,0,0.000,0,-1,0
1785731907.848,13.312,-1.707,-45.732,0.9727,0,-0.688,-0.793,-7.463,0.2372,12.504,1.638,0.245,1.000,7.463,14.000,-1.4791,-0.0176,-5.501,-5.501,-0.173,1.540,1.430,-2.500,-0.0028,0.988,nan,0.00,1,1,1,0,1,0.0000,0.321,0,0.417,2,0.083,0,0,yolo,110.6,yolo,2,2,0,0.000,0,-1,0
1785731907.880,13.469,-1.845,-45.323,0.9720,0,-0.531,-0.655,-7.463,0.2359,12.504,1.638,0.245,1.000,7.463,14.000,-1.4845,-0.0258,-5.507,-5.507,-0.181,1.495,1.400,-2.500,-0.0028,1.023,nan,0.00,1,1,1,0,1,0.0000,0.643,0,0.417,2,0.083,0,0,yolo,110.6,yolo,2,2,0,0.000,0,-1,0
1785731907.911,13.590,-1.989,-44.949,0.9714,0,-0.410,-0.511,-6.957,0.2526,12.525,1.528,0.175,1.000,6.957,14.000,1.1061,0.5931,-5.512,-3.628,-0.193,1.453,1.464,-2.500,-0.0029,0.963,nan,0.00,1,1,1,1,1,0.0000,0.643,0,0.415,2,0.088,0,0,yolo,118.8,yolo,2,2,0,0.000,0,-1,0
1785731907.942,13.758,-2.100,-44.547,0.9707,0,-0.242,-0.400,-6.957,0.2383,12.525,1.528,0.175,1.000,6.957,14.000,-1.8848,0.0012,-5.513,-5.513,-0.191,1.417,1.438,-2.500,-0.0030,0.992,nan,0.00,1,1,1,0,1,0.0000,0.643,0,0.415,2,0.088,0,0,yolo,118.8,yolo,2,2,0,0.000,0,-1,0
1785731907.973,13.877,-2.249,-44.118,0.9701,0,-0.123,-0.251,-6.957,0.2373,12.525,1.528,0.175,1.000,6.957,14.000,-1.8856,0.0018,-5.513,-5.513,-0.191,1.377,1.405,-2.500,-0.0030,1.027,nan,0.00,1,1,1,0,1,0.0000,0.714,0,0.418,3,0.064,0,0,yolo,118.8,yolo,2,2,0,0.000,0,-1,0
1785731908.003,13.907,-2.362,-43.709,0.9699,0,-0.093,-0.138,-6.957,0.2367,12.525,1.528,0.175,1.000,6.957,14.000,-1.8868,0.0041,-5.515,-5.515,-0.189,1.340,1.382,-2.500,-0.0030,1.053,nan,0.00,1,1,1,0,1,0.0000,0.714,0,0.418,3,0.064,0,0,yolo,118.8,yolo,2,2,0,0.000,0,-1,0
1785731908.035,13.927,-2.444,-43.395,0.9697,0,-0.073,-0.056,-6.092,0.2534,12.527,1.337,0.109,1.000,6.092,14.000,1.4186,0.6850,-5.514,-3.628,-0.186,1.311,1.487,-2.500,-0.0031,0.961,nan,0.00,1,1,1,1,1,0.0000,0.321,0,0.417,2,0.068,0,0,yolo,126.0,yolo,2,2,0,0.000,0,-1,0
1785731908.066,13.994,-2.538,-43.031,0.9694,0,-0.006,0.038,-6.092,0.2386,12.527,1.337,0.109,1.000,6.092,14.000,-1.8864,0.0009,-5.515,-5.515,-0.185,1.278,1.465,-2.500,-0.0032,0.983,nan,0.00,1,1,1,0,1,0.0000,0.643,0,0.417,2,0.068,0,0,yolo,126.0,yolo,2,2,0,0.000,0,-1,0
1785731908.098,14.105,-2.637,-42.650,0.9688,0,0.105,0.137,-6.092,0.2381,12.527,1.337,0.109,1.000,6.092,14.000,-1.8858,0.0032,-5.514,-5.514,-0.183,1.244,1.441,-2.500,-0.0032,1.007,nan,0.00,1,1,1,0,1,0.0000,0.321,0,0.415,2,0.065,0,0,yolo,126.0,yolo,2,2,0,0.000,0,-1,0
1785731908.129,14.105,-2.637,-42.650,0.9688,0,0.105,0.137,-6.092,0.2381,12.527,1.337,0.109,1.000,6.092,14.000,-1.8858,0.0032,-5.514,-5.514,-0.183,1.244,1.441,-2.500,-0.0032,1.007,nan,0.00,1,1,1,0,1,0.0000,0.321,0,0.414,2,0.068,0,0,yolo,126.0,yolo,2,2,0,0.000,0,-1,0
1785731908.162,14.086,-2.734,-42.259,0.9688,0,0.086,0.234,-4.980,0.2548,12.501,1.089,0.057,1.000,4.980,14.000,1.8202,0.6819,-5.515,-3.595,-0.180,1.207,1.534,-2.500,-0.0033,0.916,nan,0.00,1,1,1,1,1,0.0000,0.357,0,0.415,3,0.066,0,0,yolo,127.2,yolo,2,2,0,0.000,0,-1,0
1785731908.192,14.000,-2.823,-41.852,0.9691,0,0.000,0.323,-4.980,0.2400,12.501,1.089,0.057,1.000,4.980,14.000,-1.9234,0.0010,-5.518,-5.518,-0.179,1.168,1.516,-2.500,-0.0034,0.934,nan,0.00,1,1,1,0,1,0.0000,0.714,0,0.415,3,0.066,0,0,yolo,127.2,yolo,2,2,0,0.000,0,-1,0
1785731908.224,14.023,-2.891,-41.497,0.9690,0,0.023,0.391,-4.980,0.2395,12.501,1.089,0.057,1.000,4.980,14.000,-1.9250,0.0017,-5.520,-5.520,-0.178,1.135,1.501,-2.500,-0.0035,0.949,nan,0.00,1,1,1,0,1,0.0000,0.643,0,0.416,2,0.094,0,0,yolo,127.2,yolo,2,2,0,0.000,0,-1,0
1785731908.261,14.083,-2.960,-41.137,0.9686,0,0.083,0.460,-4.980,0.2390,12.501,1.089,0.057,1.000,4.980,14.000,-1.9243,0.0022,-5.519,-5.519,-0.178,1.099,1.485,-2.500,-0.0036,0.965,nan,0.00,1,1,1,0,1,0.0000,0.643,0,0.414,2,0.087,0,0,yolo,127.2,yolo,2,2,0,0.000,0,-1,0
1785731908.301,14.034,-3.032,-40.704,0.9688,0,0.034,0.532,-4.980,0.2384,12.501,1.089,0.057,1.000,4.980,14.000,-1.9277,0.0026,-5.522,-5.522,-0.177,1.057,1.470,-2.500,-0.0037,0.980,nan,0.00,1,1,1,0,1,0.0000,0.643,0,0.414,2,0.083,0,0,yolo,127.2,yolo,2,2,0,0.000,0,-1,0
1785731908.332,14.003,-3.099,-40.284,0.9689,0,0.003,0.599,-3.572,0.2551,12.655,0.790,0.018,1.000,3.572,14.000,2.3328,0.6581,-5.525,-3.504,-0.176,1.017,1.558,-2.500,-0.0038,0.892,nan,0.00,1,1,1,1,1,0.0000,0.571,0,0.419,1,0.088,0,0,yolo,162.7,yolo,2,2,0,0.000,0,-1,0
1785731908.362,14.003,-3.099,-40.284,0.9689,0,0.003,0.599,-3.572,0.2408,12.655,0.790,0.018,1.000,3.572,14.000,-2.0216,0.0000,-5.525,-5.525,-0.176,1.017,1.558,-2.500,-0.0039,0.892,nan,0.00,1,1,1,0,1,0.0000,0.500,0,0.413,0,0.092,0,0,yolo,162.7,yolo,2,2,0,0.000,0,-1,0
1785731908.394,14.123,-3.152,-39.927,0.9683,0,0.123,0.652,-3.572,0.2404,12.655,0.790,0.018,1.000,3.572,14.000,-2.0176,-0.0007,-5.521,-5.521,-0.177,0.983,1.544,-2.500,-0.0040,0.906,nan,0.00,1,1,1,0,1,0.0000,0.643,0,0.416,2,0.089,0,0,yolo,162.7,yolo,2,2,0,0.000,0,-1,0
1785731908.425,14.116,-3.215,-39.541,0.9683,0,0.116,0.715,-3.572,0.2400,12.655,0.790,0.018,1.000,3.572,14.000,-2.0158,0.0007,-5.519,-5.519,-0.175,0.944,1.530,-2.500,-0.0041,0.920,nan,0.00,1,1,1,0,1,0.0000,0.643,0,0.411,2,0.098,0,0,yolo,162.7,yolo,2,2,0,0.000,0,-1,0
1785731908.456,14.019,-3.253,-39.224,0.9687,0,0.019,0.753,-2.315,0.2567,12.683,0.513,-0.010,1.000,2.315,14.000,2.0868,0.6407,-5.519,-3.399,-0.172,0.912,1.616,-2.500,-0.0041,0.834,nan,0.00,1,1,1,1,1,0.0000,0.643,0,0.411,2,0.098,0,0,yolo,119.5,yolo,2,2,0,0.000,0,-1,0
1785731908.488,14.029,-3.263,-38.867,0.9686,0,0.029,0.763,-2.315,0.2423,12.683,0.513,-0.010,1.000,2.315,14.000,-2.1172,0.0013,-5.517,-5.517,-0.171,0.876,1.614,-2.500,-0.0042,0.836,nan,0.00,1,1,1,0,1,0.0000,0.643,0,0.417,2,0.095,0,0,yolo,119.5,yolo,2,2,0,0.000,0,-1,0
1785731908.518,14.029,-3.263,-38.867,0.9686,0,0.029,0.763,-2.315,0.2423,12.683,0.513,-0.010,1.000,2.315,14.000,-2.1172,0.0013,-5.517,-5.517,-0.171,0.876,1.614,-2.500,-0.0043,0.836,nan,0.00,1,1,1,0,1,0.0000,0.571,0,0.417,1,0.097,0,0,yolo,119.5,yolo,2,2,0,0.000,0,-1,0
1785731908.556,14.129,-3.261,-38.546,0.9682,0,1.529,0.761,-0.878,0.2589,12.721,0.195,-0.026,1.000,0.878,11.880,2.3923,0.6758,-5.509,-3.237,-0.175,0.840,1.704,-2.500,-0.0044,0.746,nan,0.00,1,1,1,1,1,0.0000,0.571,0,0.417,1,0.097,2,0,yolo,117.3,yolo,2,2,0,0.000,0,-1,0
1785731908.596,14.038,-3.250,-38.252,0.9686,0,0.038,0.750,-0.878,0.2449,12.721,0.195,-0.026,1.000,0.878,14.000,-2.2690,-0.0004,-5.506,-5.506,-0.175,0.808,1.707,-2.500,-0.0045,0.743,nan,0.00,1,1,1,0,1,0.0000,0.571,0,0.414,1,0.108,0,0,yolo,117.3,yolo,2,2,0,0.000,0,-1,0
1785731908.629,13.994,-3.220,-38.046,0.9688,0,-0.006,0.720,-0.878,0.2448,12.721,0.195,-0.026,1.000,0.878,14.000,-2.2650,-0.0053,-5.502,-5.502,-0.180,0.785,1.713,-2.500,-0.0045,0.737,nan,0.00,1,1,1,0,1,0.0000,0.357,0,0.416,3,0.108,0,0,yolo,117.3,yolo,2,2,0,0.000,0,-1,0
1785731908.660,13.944,-3.211,-37.913,0.9690,0,-0.056,0.711,-0.878,0.2446,12.721,0.195,-0.026,1.000,0.878,14.000,-2.2604,-0.0084,-5.497,-5.497,-0.183,0.767,1.716,-2.500,-0.0046,0.734,nan,0.00,1,1,1,0,1,0.0000,0.714,0,0.416,3,0.108,0,0,yolo,117.3,yolo,2,2,0,0.000,0,-1,0
1785731908.692,13.854,-3.214,-37.755,0.9694,0,1.444,0.714,0.252,0.2612,12.630,-0.055,-0.025,1.000,-0.252,7.397,2.4906,0.6426,-5.495,-3.028,-0.182,0.751,1.780,-2.500,-0.0047,0.670,nan,0.00,1,1,1,1,1,0.0000,0.643,0,0.416,2,0.103,0,0,yolo,124.0,yolo,2,2,0,0.000,0,-1,0
1785731908.723,13.854,-3.214,-37.755,0.9694,0,-0.056,0.714,0.252,0.2467,12.630,-0.055,-0.025,1.000,-0.252,14.000,-2.4670,0.0000,-5.495,-5.495,-0.182,0.751,1.780,-2.500,-0.0047,0.670,nan,0.00,1,1,1,0,1,0.0000,0.571,0,0.413,1,0.111,0,0,yolo,124.0,yolo,2,2,0,0.000,0,-1,0
1785731908.754,13.845,-3.209,-37.552,0.9694,0,-0.155,0.709,0.252,0.2466,12.630,-0.055,-0.025,1.000,-0.252,14.000,-2.4634,-0.0022,-5.492,-5.492,-0.184,0.730,1.781,-2.500,-0.0048,0.669,nan,0.00,1,1,1,0,1,0.0000,0.571,0,0.410,1,0.124,0,0,yolo,124.0,yolo,2,2,0,0.000,0,-1,0
1785731908.786,13.866,-3.201,-37.405,0.9693,0,-0.134,0.701,0.252,0.2464,12.630,-0.055,-0.025,1.000,-0.252,14.000,-2.4582,-0.0051,-5.487,-5.487,-0.187,0.712,1.783,-2.500,-0.0049,0.667,nan,0.00,1,1,1,0,1,0.0000,0.571,0,0.410,1,0.124,0,0,yolo,124.0,yolo,2,2,0,0.000,0,-1,0
1785731908.818,13.838,-3.177,-37.424,0.9695,0,1.366,0.677,1.477,0.2631,12.545,-0.323,-0.004,1.000,-1.477,5.588,2.0116,0.3986,-5.480,-2.832,-0.186,0.712,1.836,-2.500,-0.0049,0.614,nan,0.00,1,1,1,1,1,0.0000,0.643,0,0.422,2,0.119,0,0,yolo,125.7,yolo,2,2,0,0.000,0,-1,0
1785731908.849,13.867,-3.189,-37.414,0.9694,0,-0.133,0.689,1.477,0.2481,12.545,-0.323,-0.004,1.000,-1.477,14.000,-2.6403,0.0003,-5.472,-5.472,-0.186,0.709,1.833,-2.500,-0.0050,0.617,nan,0.00,1,1,1,0,1,0.0000,0.571,0,0.419,1,0.119,0,0,yolo,125.7,yolo,2,2,0,0.000,0,-1,0
1785731908.880,13.867,-3.189,-37.414,0.9694,0,-0.133,0.689,1.477,0.2480,12.545,-0.323,-0.004,1.000,-1.477,14.000,-2.6403,0.0003,-5.472,-5.472,-0.186,0.709,1.833,-2.500,-0.0051,0.617,nan,0.00,1,1,1,0,1,0.0000,0.583,0,0.353,1,0.131,0,0,yolo,125.7,yolo,2,2,0,0.000,0,-1,0
1785731908.918,13.852,-3.187,-37.422,0.9694,0,1.367,0.687,2.485,0.2608,12.580,-0.546,0.015,1.000,-2.485,4.231,1.6598,0.2540,-5.464,-2.749,-0.185,0.707,1.867,-2.500,-0.0051,0.583,nan,0.00,1,1,1,1,1,0.0000,0.583,0,0.353,1,0.131,2,0,yolo,114.5,yolo,2,2,0,0.000,0,-1,0
1785731908.963,13.860,-3.191,-37.420,0.9694,0,-0.133,0.691,2.485,0.2490,12.580,-0.546,0.015,1.000,-2.485,14.000,-2.7074,0.0009,-5.456,-5.456,-0.184,0.704,1.866,-2.500,-0.0052,0.584,nan,0.00,1,1,1,0,1,0.0000,0.643,0,0.414,2,0.097,0,0,yolo,114.5,yolo,2,2,0,0.000,0,-1,0
1785731909.003,13.820,-3.171,-37.447,0.9696,0,-0.180,0.671,2.485,0.2491,12.580,-0.546,0.015,1.000,-2.485,14.000,-2.6995,0.0027,-5.448,-5.448,-0.182,0.705,1.870,-2.500,-0.0052,0.580,nan,0.00,1,1,1,0,1,0.0000,0.643,0,0.409,2,0.096,0,0,yolo,114.5,yolo,2,2,0,0.000,0,-1,0
1785731909.035,13.747,-3.129,-37.485,0.9699,0,1.320,0.629,3.260,0.2657,12.564,-0.716,0.035,1.000,-3.260,-3.390,2.5504,0.4489,-5.441,-2.563,-0.180,0.708,1.900,-2.500,-0.0053,0.550,nan,0.00,1,1,1,1,1,0.0000,0.643,0,0.409,2,0.096,0,0,yolo,120.8,yolo,2,2,0,0.000,0,-1,0
1785731909.067,13.766,-3.137,-37.498,0.9698,0,-0.180,0.637,3.260,0.2497,12.564,-0.716,0.035,1.000,-3.260,14.000,-2.8680,0.0005,-5.431,-5.431,-0.179,0.709,1.898,-2.500,-0.0053,0.552,nan,0.00,1,1,1,0,1,0.0000,0.643,0,0.411,2,0.095,0,0,yolo,120.8,yolo,2,2,0,0.000,0,-1,0
1785731909.098,13.739,-3.119,-37.515,0.9699,0,-0.261,0.619,3.260,0.2498,12.564,-0.716,0.035,1.000,-3.260,14.000,-2.8585,0.0037,-5.422,-5.422,-0.176,0.709,1.902,-2.500,-0.0054,0.548,nan,0.00,1,1,1,0,1,0.0000,0.321,0,0.413,2,0.099,0,0,yolo,120.8,yolo,2,2,0,0.000,0,-1,0
1785731909.130,13.739,-3.119,-37.515,0.9699,0,-0.261,0.619,3.260,0.2498,12.564,-0.716,0.035,1.000,-3.260,14.000,-2.8585,0.0037,-5.422,-5.422,-0.176,0.709,1.902,-2.500,-0.0055,0.548,nan,0.00,1,1,1,0,1,0.0000,0.571,0,0.413,1,0.141,0,0,yolo,120.8,yolo,2,2,0,0.000,0,-1,0
1785731909.169,13.639,-3.037,-37.582,0.9704,0,1.239,0.537,3.759,0.2605,12.503,-0.821,0.044,1.000,-3.759,5.900,0.6529,0.2158,-5.414,-2.704,-0.174,0.715,1.938,-2.500,-0.0055,0.512,nan,0.00,1,1,1,1,1,0.0000,0.571,0,0.413,1,0.141,1,0,yolo,119.8,yolo,2,2,0,0.000,0,-1,0
1785731909.208,13.573,-2.987,-37.626,0.9707,0,-0.261,0.487,3.759,0.2507,12.503,-0.821,0.044,1.000,-3.759,14.000,-2.7042,0.0004,-5.408,-5.408,-0.174,0.719,1.948,-2.500,-0.0056,0.502,nan,0.00,1,1,1,0,1,0.0000,0.571,0,0.412,1,0.120,0,0,yolo,119.8,yolo,2,2,0,0.000,0,-1,0
1785731909.239,13.572,-2.976,-37.639,0.9708,0,-0.428,0.476,3.759,0.2508,12.503,-0.821,0.044,1.000,-3.759,14.000,-2.6973,0.0006,-5.401,-5.401,-0.173,0.721,1.950,-2.500,-0.0056,0.500,nan,0.00,1,1,1,0,1,0.0000,0.500,0,0.414,0,0.130,0,0,yolo,119.8,yolo,2,2,0,0.000,0,-1,0
1785731909.270,13.573,-2.972,-37.653,0.9708,0,1.072,0.472,4.060,0.2529,12.505,-0.888,0.057,1.000,-4.060,5.702,0.6581,0.0440,-5.394,-2.790,-0.172,0.722,1.955,-2.500,-0.0057,0.495,nan,0.00,1,1,1,1,1,0.0000,0.571,0,0.416,1,0.134,0,0,yolo,117.8,yolo,2,2,0,0.000,0,-1,0
1785731909.301,13.570,-2.941,-37.701,0.9708,0,-0.428,0.441,4.060,0.2510,12.505,-0.888,0.057,1.000,-4.060,14.000,-2.5967,0.0002,-5.386,-5.386,-0.172,0.726,1.961,-2.500,-0.0057,0.489,nan,0.00,1,1,1,0,1,0.0000,0.571,0,0.416,1,0.134,0,0,yolo,117.8,yolo,2,2,0,0.000,0,-1,0
1785731909.331,13.570,-2.941,-37.701,0.9708,0,-0.430,0.441,4.060,0.2509,12.505,-0.888,0.057,1.000,-4.060,14.000,-2.5967,0.0002,-5.386,-5.386,-0.172,0.726,1.961,-2.500,-0.0058,0.489,nan,0.00,1,1,1,0,1,0.0000,0.571,0,0.415,1,0.128,0,0,yolo,117.8,yolo,2,2,0,0.000,0,-1,0
1785731909.363,13.551,-2.898,-37.783,0.9709,0,-0.449,0.398,4.060,0.2511,12.505,-0.888,0.057,1.000,-4.060,14.000,-2.5888,-0.0002,-5.378,-5.378,-0.172,0.733,1.970,-2.500,-0.0058,0.480,nan,0.00,1,1,1,0,1,0.0000,0.583,0,0.355,1,0.142,0,0,yolo,117.8,yolo,2,2,0,0.000,0,-1,0
1785731909.395,13.537,-2.856,-37.850,0.9710,0,1.051,0.356,4.214,0.2510,12.524,-0.923,0.074,1.000,-4.214,8.036,0.2527,-0.0005,-5.371,-2.895,-0.171,0.739,1.970,-2.500,-0.0059,0.480,nan,0.00,1,1,1,1,1,0.0000,0.571,0,0.413,1,0.139,0,0,yolo,119.7,yolo,2,2,0,0.000,0,-1,0
1785731909.425,13.515,-2.823,-37.911,0.9711,0,-0.449,0.323,4.214,0.2512,12.524,-0.923,0.074,1.000,-4.214,14.000,-2.4687,0.0009,-5.364,-5.364,-0.171,0.744,1.977,-2.500,-0.0059,0.473,nan,0.00,1,1,1,0,1,0.0000,0.571,0,0.418,1,0.128,0,0,yolo,119.7,yolo,2,2,0,0.000,0,-1,0
1785731909.457,13.500,-2.781,-37.985,0.9712,0,-0.500,0.281,4.214,0.2514,12.524,-0.923,0.074,1.000,-4.214,14.000,-2.4612,0.0011,-5.356,-5.356,-0.170,0.751,1.986,-2.500,-0.0059,0.464,nan,0.00,1,1,1,0,1,0.0000,0.571,0,0.418,1,0.128,0,0,yolo,119.7,yolo,2,2,0,0.000,0,-1,0
1785731909.489,13.506,-2.753,-38.051,0.9712,0,-0.494,0.253,4.214,0.2516,12.524,-0.923,0.074,1.000,-4.214,14.000,-2.4533,0.0009,-5.348,-5.348,-0.171,0.757,1.992,-2.500,-0.0060,0.458,nan,0.00,1,1,1,0,1,0.0000,0.571,0,0.419,1,0.132,0,0,yolo,119.7,yolo,2,2,0,0.000,0,-1,0
1785731909.521,13.545,-2.716,-38.118,0.9711,0,1.006,0.216,4.289,0.2527,12.554,-0.941,0.083,1.000,-4.289,8.726,0.1631,0.0235,-5.340,-2.965,-0.171,0.763,1.995,-2.500,-0.0060,0.455,nan,0.00,1,1,1,1,1,0.0000,0.571,0,0.414,1,0.133,0,0,yolo,119.2,yolo,2,2,0,0.000,0,-1,0
