t,roll,pitch,yaw,up,upset,cmd_roll_deg,cmd_pitch_deg,cmd_yaw_deg,thrust,bx,by,bz,blend,bearing_deg,desired_roll,d_lat,d_vert,vY_imu,vY_fused,vD,vX,v_target,pitch_des,elev_i,elev_err,agl,turn_ff,reliable,vision_valid,elev_fresh,is_new_d,bl_found,bl_hdg,bl_conf,bl_hdg_valid,bl_span,bl_paired,bl_cy,bl_gap,src_switch,source,infer_ms,mode,gate,gate_id,peek_side,peek_strength,peek_active,occ_gap,collision
1785653189.825,0.000,-17.800,0.000,0.9521,0,-0.448,15.800,-1.499,0.2740,5.822,0.019,-1.550,0.970,0.185,0.448,-0.0000,-0.0000,-0.000,-0.000,-0.000,-0.000,2.146,-2.000,0.0060,0.304,nan,2.21,1,1,1,1,1,0.0772,1.000,1,0.521,8,0.098,2,0,yolo,118.1,yolo,0,0,0,0.000,0,-1,0
1785653189.865,-0.000,-17.799,-0.000,0.9521,0,-0.448,15.799,-1.390,0.2739,5.822,0.019,-1.550,0.970,0.185,0.448,-0.0000,0.0001,-0.000,-0.000,0.000,0.000,2.146,-2.000,0.0059,0.304,nan,2.10,1,1,1,0,1,0.0734,1.000,1,0.527,8,0.015,0,0,yolo,118.1,yolo,0,0,0,0.000,0,-1,0
1785653189.895,-0.005,-17.590,0.004,0.9532,0,-0.452,15.590,-1.308,0.2740,5.822,0.019,-1.550,0.970,0.185,0.448,-0.0000,-0.0056,-0.000,-0.000,-0.006,0.017,2.168,-2.000,0.0059,0.282,nan,2.02,1,1,1,0,1,0.0706,1.000,1,0.527,8,0.015,0,0,yolo,118.1,yolo,0,0,0,0.000,0,-1,0
1785653189.927,-0.005,-17.552,0.004,0.9534,0,-0.452,15.552,-1.234,0.2740,5.822,0.019,-1.550,0.970,0.185,0.448,-0.0000,-0.0058,-0.000,-0.000,-0.006,0.017,2.172,-2.000,0.0059,0.278,nan,1.95,1,1,1,0,1,0.0680,1.000,1,0.525,8,0.001,0,0,yolo,118.1,yolo,0,0,0,0.000,0,-1,0
1785653189.958,0.063,-15.297,0.186,0.9646,0,-0.378,14.052,-1.179,0.2777,5.822,0.019,-1.550,0.970,0.185,0.441,0.0004,-0.0179,0.000,0.000,-0.018,0.055,2.200,-2.000,0.0059,0.041,nan,1.89,1,1,1,0,1,0.0660,1.000,1,0.525,8,0.001,0,0,yolo,118.1,yolo,0,0,0,0.000,0,-1,0
1785653189.989,0.069,-13.727,0.353,0.9714,0,-0.365,12.552,-1.040,0.2801,5.822,0.019,-1.550,0.970,0.185,0.433,0.0008,-0.0335,0.001,0.001,-0.034,0.105,2.200,-2.000,0.0059,-0.124,nan,1.75,1,1,1,0,1,0.0612,1.000,1,0.584,9,0.002,0,0,yolo,118.1,yolo,0,0,0,0.000,0,-1,0
1785653190.022,0.069,-13.727,0.353,0.9714,0,-0.365,11.727,-0.936,0.2801,5.822,0.019,-1.550,0.970,0.185,0.433,0.0008,-0.0335,0.001,0.001,-0.034,0.105,2.200,-2.000,0.0059,-0.124,nan,1.65,1,1,1,0,1,0.0576,1.000,1,0.584,9,0.002,0,0,yolo,118.1,yolo,0,0,0,0.000,0,-1,0
1785653190.059,0.093,-12.153,0.450,0.9776,0,-0.330,10.227,-0.936,0.2824,5.822,0.019,-1.550,0.970,0.185,0.422,0.0013,-0.0577,0.001,0.001,-0.058,0.166,2.160,-2.000,0.0059,-0.290,nan,1.65,1,1,1,0,1,0.0576,1.000,1,0.584,9,0.002,3,0,yolo,118.1,yolo,0,0,0,0.000,0,-1,0
1785653190.098,0.118,-10.873,0.546,0.9820,0,-0.288,8.873,-0.566,0.2842,5.822,0.019,-1.550,0.970,0.185,0.406,0.0022,-0.0797,0.002,0.002,-0.080,0.247,2.026,-2.000,0.0060,-0.424,nan,1.28,1,1,1,0,1,0.0447,1.000,1,0.521,8,0.090,0,0,yolo,118.1,yolo,0,0,0,0.000,0,-1,0
1785653190.130,0.143,-9.833,0.613,0.9853,0,1.212,7.833,-0.241,0.2827,10.286,-0.111,-2.070,1.000,-0.616,-1.567,-0.0000,-0.0000,0.003,0.003,-0.110,0.315,2.167,-2.000,0.0060,-0.283,nan,0.86,1,1,1,1,1,0.0299,1.000,1,0.446,7,0.144,0,0,yolo,115.2,yolo,0,0,0,0.000,0,-1,0
1785653190.162,0.143,-9.833,0.613,0.9853,0,1.710,7.833,-0.241,0.2827,10.286,-0.111,-2.070,1.000,-0.616,-1.567,-0.0000,-0.0000,0.003,0.003,-0.110,0.315,2.167,-2.000,0.0060,-0.283,nan,0.86,1,1,1,1,1,0.0299,1.000,1,0.446,7,0.144,0,0,yolo,115.2,yolo,0,0,0,0.000,0,-1,0
1785653190.197,-0.010,-8.854,0.632,0.9881,0,1.560,6.854,0.244,0.2874,10.286,-0.111,-2.070,1.000,-0.616,-1.570,-0.0000,-0.0000,0.003,0.003,-0.147,0.382,1.988,-2.000,0.0061,-0.462,nan,0.37,1,1,1,1,1,0.0130,1.000,1,0.435,7,0.192,0,0,yolo,115.2,yolo,0,0,0,0.000,0,-1,0
1785653190.224,-0.172,-8.001,0.603,0.9903,0,0.060,6.001,0.058,0.3040,10.271,-0.077,-2.364,1.000,-0.430,0.851,-0.3340,2.0000,0.003,-0.031,-0.190,0.441,1.539,-2.000,0.0062,-0.911,nan,0.37,1,1,1,1,1,0.0130,1.000,1,0.435,7,0.192,0,0,yolo,106.3,yolo,0,0,0,0.000,0,-1,0
1785653190.260,-0.172,-8.001,0.603,0.9903,0,1.093,6.001,0.184,0.3005,10.271,-0.077,-2.364,1.000,-0.430,-1.265,0.0333,0.0000,0.003,0.003,-0.190,0.441,1.539,-2.000,0.0063,-0.911,nan,0.25,1,1,1,0,1,0.0086,1.000,1,0.435,7,0.192,1,0,yolo,106.3,yolo,0,0,0,0.000,0,-1,0
1785653190.286,-0.331,-7.148,0.567,0.9922,0,0.910,5.148,0.228,0.3025,10.271,-0.077,-2.364,1.000,-0.430,-1.241,0.0315,-0.0478,0.001,0.001,-0.238,0.496,1.383,-2.000,0.0063,-1.067,nan,0.20,1,1,1,0,1,0.0071,1.000,1,0.377,6,0.223,0,0,yolo,106.3,yolo,0,0,0,0.000,0,-1,0
1785653190.317,-0.449,-6.484,0.547,0.9936,0,0.748,4.484,0.261,0.3026,10.271,-0.077,-2.364,1.000,-0.430,-1.196,0.0282,-0.1169,-0.002,-0.002,-0.307,0.547,1.262,-2.000,0.0063,-1.188,nan,0.17,1,1,1,0,1,0.0059,1.000,1,0.377,6,0.223,0,0,yolo,106.3,yolo,0,0,0,0.000,0,-1,0
1785653190.348,-0.449,-6.484,0.547,0.9936,0,-0.222,4.484,0.170,0.3113,10.358,-0.065,-2.383,1.000,-0.362,-0.226,-0.0921,0.0684,-0.002,-0.026,-0.307,0.547,1.252,-2.000,0.0063,-1.198,nan,0.19,1,1,1,1,1,0.0067,1.000,1,0.365,6,0.272,0,0,yolo,106.4,yolo,0,0,0,0.000,0,-1,0
1785653190.387,-0.515,-5.962,0.514,0.9946,0,0.445,3.962,0.153,0.3075,10.358,-0.065,-2.383,1.000,-0.362,-0.960,0.0205,-0.0718,-0.006,-0.006,-0.379,0.591,1.200,-2.000,0.0063,-1.294,nan,0.21,1,1,1,0,1,0.0073,1.000,1,0.365,6,0.272,0,0,yolo,106.4,yolo,0,0,0,0.000,0,-1,0
1785653190.410,-0.559,-5.445,0.492,0.9954,0,0.342,3.445,0.125,0.3059,10.358,-0.065,-2.383,1.000,-0.362,-0.901,0.0161,-0.1640,-0.010,-0.010,-0.471,0.635,1.200,-2.000,0.0063,-1.389,nan,0.24,1,1,1,0,1,0.0083,1.000,1,0.355,6,0.287,0,0,yolo,106.4,yolo,0,0,0,0.000,0,-1,0
1785653190.442,-0.559,-5.445,0.492,0.9954,0,-1.158,3.445,0.055,0.2893,10.342,-0.053,-2.159,1.000,-0.293,1.704,-0.3764,-2.0000,-0.010,-0.067,-0.471,0.635,1.283,-2.000,0.0063,-1.167,nan,0.24,1,1,1,1,1,0.0083,1.000,1,0.355,6,0.287,0,0,yolo,107.4,yolo,0,0,0,0.000,0,-1,0
1785653190.476,-0.595,-5.008,0.478,0.9961,0,0.271,3.008,0.034,0.3043,10.342,-0.053,-2.159,1.000,-0.293,-0.866,0.0517,-0.1006,-0.015,-0.015,-0.572,0.674,1.203,-2.000,0.0063,-1.247,nan,0.26,1,1,1,0,1,0.0090,1.000,1,0.355,6,0.287,3,0,yolo,107.4,yolo,0,0,0,0.000,0,-1,0
1785653190.504,-0.628,-4.586,0.465,0.9967,0,0.167,2.586,-0.123,0.3015,10.342,-0.053,-2.159,1.000,-0.293,-0.795,0.0464,-0.2114,-0.020,-0.020,-0.682,0.713,1.200,-2.000,0.0063,-1.324,nan,0.42,1,1,1,0,1,0.0145,1.000,1,0.301,5,0.494,0,0,yolo,107.4,yolo,0,0,0,0.000,0,-1,0
1785653190.541,-0.628,-4.586,0.465,0.9967,0,0.167,2.586,-0.240,0.3015,10.342,-0.053,-2.159,1.000,-0.293,-0.795,0.0464,-0.2114,-0.020,-0.020,-0.682,0.713,1.200,-2.000,0.0063,-1.324,nan,0.53,1,1,1,0,1,0.0186,1.000,1,0.301,5,0.494,2,0,yolo,107.4,yolo,0,0,0,0.000,0,-1,0
1785653190.582,-0.663,-4.006,0.491,0.9975,0,-0.476,2.140,-0.363,0.2864,10.340,-0.051,-1.971,1.000,-0.285,-0.187,-0.0081,-0.4867,-0.030,-0.058,-0.858,0.773,1.207,-1.866,0.0063,-1.243,nan,0.65,1,1,1,1,1,0.0226,1.000,1,0.296,5,0.508,0,0,yolo,118.3,yolo,0,0,0,0.000,0,-1,0
1785653190.621,-0.663,-4.006,0.491,0.9975,0,-0.056,2.006,-0.450,0.3030,10.340,-0.051,-1.971,1.000,-0.285,-0.607,0.0285,0.0000,-0.030,-0.030,-0.858,0.773,1.207,-2.000,0.0063,-1.243,nan,0.73,1,1,1,0,1,0.0257,1.000,1,0.296,5,0.508,2,0,yolo,118.3,yolo,0,0,0,0.000,0,-1,0
1785653190.660,-0.608,-3.757,0.524,0.9978,0,-0.082,1.757,-1.714,0.3063,10.340,-0.051,-1.971,1.000,-0.285,-0.526,0.0224,-0.0724,-0.036,-0.036,-0.930,0.801,1.200,-2.000,0.0063,-1.288,nan,2.00,1,1,1,0,1,0.0698,1.000,1,0.289,5,0.556,0,0,yolo,118.3,yolo,0,0,0,0.000,0,-1,0
1785653190.698,-0.566,-3.523,0.574,0.9981,0,-0.992,1.523,-1.792,0.2897,10.358,-0.038,-1.712,1.000,-0.207,0.426,-0.0842,-1.3025,-0.042,-0.063,-0.992,0.828,1.379,-2.000,0.0063,-1.071,nan,2.00,1,1,1,1,1,0.0698,1.000,1,0.289,5,0.556,3,0,yolo,118.2,yolo,0,0,0,0.000,0,-1,0
1785653190.739,-0.482,-3.364,0.750,0.9982,0,-0.301,1.364,-0.292,0.3017,10.358,-0.038,-1.712,1.000,-0.207,-0.181,0.0140,-0.0462,-0.049,-0.049,-1.038,0.850,1.349,-2.000,0.0063,-1.101,nan,-0.69,1,1,1,0,1,-0.0241,1.000,1,0.277,5,0.748,0,0,yolo,118.2,yolo,0,0,0,0.000,0,-1,0
1785653190.777,-0.463,-3.210,0.802,0.9984,0,-0.339,1.210,0.207,0.3003,10.358,-0.038,-1.712,1.000,-0.207,-0.124,0.0096,-0.0956,-0.053,-0.053,-1.087,0.872,1.321,-2.000,0.0063,-1.129,nan,0.00,1,1,1,0,1,0.0000,0.960,0,0.225,4,0.755,0,0,yolo,118.2,yolo,0,0,0,0.000,0,-1,0
1785653190.816,-0.423,-3.067,0.743,0.9985,0,-1.245,1.067,0.149,0.2836,10.354,-0.027,-1.455,1.000,-0.149,0.822,-0.1595,-2.0000,-0.056,-0.048,-1.153,0.895,1.551,-2.000,0.0064,-0.899,nan,0.00,1,1,1,1,1,0.0000,0.960,0,0.225,4,0.755,0,0,yolo,118.7,yolo,0,0,0,0.000,0,-1,0
1785653190.846,-0.279,-2.940,0.723,0.9987,0,-0.478,0.940,0.149,0.2708,10.354,-0.027,-1.455,1.000,-0.149,0.199,-0.0131,-0.0583,-0.061,-0.061,-1.212,0.917,1.528,-2.000,0.0064,-0.922,nan,0.00,1,1,1,0,1,0.0000,0.948,0,0.217,4,0.730,0,0,yolo,118.7,yolo,0,0,0,0.000,0,-1,0
1785653190.878,-0.279,-2.940,0.723,0.9987,0,-0.478,0.940,0.149,0.2709,10.354,-0.027,-1.455,1.000,-0.149,0.199,-0.0131,-0.0583,-0.061,-0.061,-1.212,0.917,1.528,-2.000,0.0065,-0.922,nan,0.00,1,1,1,0,1,0.0000,0.948,0,0.217,4,0.730,0,0,yolo,118.7,yolo,0,0,0,0.000,0,-1,0
1785653190.915,-0.240,-2.833,0.719,0.9988,0,-1.978,0.833,-0.073,0.2709,10.744,0.014,-1.572,1.000,0.073,2.441,-0.3116,0.8755,-0.063,-0.088,-1.241,0.937,1.411,-2.000,0.0065,-1.039,nan,0.00,1,1,1,1,1,0.0000,0.962,0,0.226,4,0.666,0,0,yolo,115.1,yolo,0,0,0,0.000,0,-1,0
1785653190.956,-0.191,-2.726,0.704,0.9989,0,-0.780,0.726,-0.073,0.2708,10.744,0.014,-1.572,1.000,0.073,0.589,0.0226,-0.0145,-0.065,-0.065,-1.256,0.956,1.391,-2.000,0.0065,-1.059,nan,0.00,1,1,1,0,1,0.0000,0.962,0,0.226,4,0.666,0,0,yolo,115.1,yolo,0,0,0,0.000,0,-1,0
1785653190.987,0.010,-2.637,0.704,0.9989,0,-0.633,0.637,-0.073,0.2708,10.744,0.014,-1.572,1.000,0.073,0.643,0.0184,-0.0114,-0.069,-0.069,-1.253,0.973,1.374,-2.000,0.0065,-1.076,nan,0.00,1,1,1,0,1,0.0000,0.928,0,0.205,4,0.658,0,0,yolo,115.1,yolo,0,0,0,0.000,0,-1,0
1785653191.019,0.064,-2.572,0.715,0.9990,0,-0.587,0.572,-0.073,0.2708,10.744,0.014,-1.572,1.000,0.073,0.651,0.0178,0.0060,-0.070,-0.070,-1.235,0.989,1.362,-2.000,0.0065,-1.088,nan,0.00,1,1,1,0,1,0.0000,0.928,0,0.205,4,0.658,0,0,yolo,115.1,yolo,0,0,0,0.000,0,-1,0
1785653191.050,0.115,-2.510,0.723,0.9990,0,0.913,0.510,0.136,0.2541,10.424,-0.025,-1.152,1.000,-0.136,-1.442,0.2844,-2.0000,-0.070,-0.039,-1.216,1.005,1.756,-2.000,0.0066,-0.694,nan,0.00,1,1,1,1,1,0.0000,0.807,0,0.202,3,0.669,0,0,yolo,118.9,yolo,0,0,0,0.000,0,-1,0
1785653191.081,0.115,-2.510,0.723,0.9990,0,-0.278,0.510,0.136,0.2708,10.424,-0.025,-1.152,1.000,-0.136,0.394,-0.0312,0.0000,-0.070,-0.070,-1.216,1.005,1.756,-2.000,0.0067,-0.694,nan,0.00,1,1,1,0,1,0.0000,0.807,0,0.202,3,0.669,0,0,yolo,118.9,yolo,0,0,0,0.000,0,-1,0
1785653191.112,0.009,-2.449,0.711,0.9991,0,-0.346,0.449,0.136,0.2875,10.424,-0.025,-1.152,1.000,-0.136,0.355,-0.0283,0.0258,-0.067,-0.067,-1.190,1.021,1.745,-2.000,0.0067,-0.705,nan,0.00,1,1,1,0,1,0.0000,0.620,0,0.141,3,0.699,0,0,yolo,118.9,yolo,0,0,0,0.000,0,-1,0
1785653191.144,0.069,-2.394,0.693,0.9991,0,1.154,0.394,0.227,0.2708,10.266,-0.041,-0.822,1.000,-0.227,-1.767,0.2469,-2.0000,-0.067,-0.004,-1.175,1.038,2.057,-2.000,0.0068,-0.393,nan,0.00,1,1,1,1,1,0.0000,0.620,0,0.141,3,0.699,0,0,yolo,109.8,yolo,0,0,0,0.000,0,-1,0
1785653191.181,0.069,-2.394,0.693,0.9991,0,-0.239,0.394,0.227,0.2829,10.266,-0.041,-0.822,1.000,-0.227,0.308,-0.0628,0.0000,-0.067,-0.067,-1.175,1.038,2.057,-2.000,0.0068,-0.393,nan,0.00,1,1,1,0,1,0.0000,0.807,0,0.201,3,0.703,0,0,yolo,109.8,yolo,0,0,0,0.000,0,-1,0
1785653191.222,-0.022,-2.299,0.649,0.9992,0,-0.303,0.299,0.227,0.2839,10.266,-0.041,-0.822,1.000,-0.227,0.281,-0.0608,0.0111,-0.065,-0.065,-1.164,1.069,2.040,-2.000,0.0069,-0.410,nan,0.00,1,1,1,0,1,0.0000,0.807,0,0.201,3,0.703,0,0,yolo,109.8,yolo,0,0,0,0.000,0,-1,0
1785653191.254,-0.022,-2.299,0.649,0.9992,0,0.635,0.299,0.246,0.2672,9.833,-0.042,-0.276,1.000,-0.246,-0.657,0.0321,-2.0000,-0.065,-0.014,-1.164,1.069,2.200,-2.000,0.0069,0.118,nan,0.00,1,1,1,1,1,0.0000,0.794,0,0.192,3,0.725,0,0,yolo,115.7,yolo,0,0,0,0.000,0,-1,0
1785653191.285,-0.099,-2.264,0.626,0.9992,0,-0.294,0.264,0.246,0.2680,9.833,-0.042,-0.276,1.000,-0.246,0.196,-0.0503,0.0065,-0.064,-0.064,-1.158,1.084,2.200,-2.000,0.0068,0.112,nan,0.00,1,1,1,0,1,0.0000,0.805,0,0.200,3,0.741,0,0,yolo,115.7,yolo,0,0,0,0.000,0,-1,0
1785653191.315,-0.050,-2.231,0.601,0.9992,0,-0.260,0.231,0.246,0.2679,9.833,-0.042,-0.276,1.000,-0.246,0.210,-0.0514,0.0020,-0.065,-0.065,-1.162,1.099,2.200,-2.000,0.0068,0.107,nan,0.00,1,1,1,0,1,0.0000,0.672,0,0.185,2,0.760,0,0,yolo,115.7,yolo,0,0,0,0.000,0,-1,0
1785653191.346,-0.050,-2.231,0.601,0.9992,0,-0.260,0.231,0.246,0.2679,9.833,-0.042,-0.276,1.000,-0.246,0.210,-0.0514,0.0020,-0.065,-0.065,-1.162,1.099,2.200,-2.000,0.0068,0.107,nan,0.00,1,1,1,0,1,0.0000,0.672,0,0.185,2,0.760,0,0,yolo,115.7,yolo,0,0,0,0.000,0,-1,0
1785653191.383,-0.025,-2.205,0.579,0.9993,0,0.411,0.205,0.248,0.2512,9.806,-0.043,-0.147,1.000,-0.248,-0.437,0.0024,-0.7403,-0.065,-0.022,-1.160,1.112,2.200,-2.000,0.0068,0.230,nan,0.00,1,1,1,1,1,0.0000,0.548,0,0.173,1,0.749,1,0,yolo,122.5,yolo,0,0,0,0.000,0,-1,0
1785653191.424,-0.071,-2.182,0.557,0.9993,0,-0.226,0.182,0.248,0.2651,9.806,-0.043,-0.147,1.000,-0.248,0.154,-0.0421,0.0203,-0.065,-0.065,-1.140,1.126,2.200,-2.000,0.0068,0.226,nan,0.00,1,1,1,0,1,0.0000,0.438,0,0.173,0,0.764,0,0,yolo,122.5,yolo,0,0,0,0.000,0,-1,0
1785653191.455,-0.034,-2.158,0.531,0.9993,0,-0.196,0.158,0.248,0.2666,9.806,-0.043,-0.147,1.000,-0.248,0.162,-0.0426,0.0520,-0.065,-0.065,-1.108,1.141,2.200,-2.000,0.0068,0.222,nan,0.00,1,1,1,0,1,0.0000,0.554,0,0.179,1,0.763,0,0,yolo,122.5,yolo,0,0,0,0.000,0,-1,0
1785653191.487,-0.015,-2.140,0.508,0.9993,0,0.357,0.140,0.249,0.2500,9.652,-0.042,-0.005,1.000,-0.249,-0.372,0.0019,-1.9994,-0.065,-0.029,-1.083,1.153,2.095,-2.000,0.0067,0.355,nan,0.00,1,1,1,1,1,0.0000,0.554,0,0.179,1,0.763,0,0,yolo,111.7,yolo,0,0,0,0.000,0,-1,0
1785653191.518,-0.015,-2.140,0.508,0.9993,0,-0.150,0.140,0.249,0.2602,9.652,-0.042,-0.005,1.000,-0.249,0.135,-0.0358,0.0000,-0.065,-0.065,-1.083,1.153,2.095,-2.000,0.0067,0.355,nan,0.00,1,1,1,0,1,0.0000,0.448,0,0.185,0,0.760,0,0,yolo,111.7,yolo,0,0,0,0.000,0,-1,0
1785653191.557,0.001,-2.123,0.484,0.9993,0,-0.131,0.123,0.249,0.2615,9.652,-0.042,-0.005,1.000,-0.249,0.131,-0.0355,0.0279,-0.065,-0.065,-1.055,1.167,2.098,-2.000,0.0066,0.352,nan,0.00,1,1,1,0,1,0.0000,0.449,0,0.187,0,0.789,0,0,yolo,111.7,yolo,0,0,0,0.000,0,-1,0
1785653191.597,0.015,-2.108,0.460,0.9993,0,-0.110,0.108,0.249,0.2629,9.652,-0.042,-0.005,1.000,-0.249,0.126,-0.0351,0.0581,-0.064,-0.064,-1.024,1.180,2.100,-2.000,0.0066,0.350,nan,0.00,1,1,1,0,1,0.0000,0.449,0,0.187,0,0.789,0,0,yolo,111.7,yolo,0,0,0,0.000,0,-1,0
1785653191.629,0.027,-2.096,0.438,0.9993,0,-0.502,0.096,0.138,0.2462,9.532,-0.023,0.124,1.000,-0.138,0.529,-0.1110,-0.7338,-0.064,-0.035,-1.009,1.192,1.978,-2.000,0.0066,0.472,nan,0.00,1,1,1,1,1,0.0000,0.312,0,0.146,0,0.804,0,0,yolo,114.8,yolo,0,0,0,0.000,0,-1,0
1785653191.665,0.027,-2.096,0.438,0.9993,0,-0.346,0.096,0.138,0.2565,9.532,-0.023,0.124,1.000,-0.138,0.373,-0.0285,0.0000,-0.064,-0.064,-1.009,1.192,1.978,-2.000,0.0065,0.472,nan,0.00,1,1,1,0,1,0.0000,0.312,0,0.146,0,0.804,1,0,yolo,114.8,yolo,0,0,0,0.000,0,-1,0
1785653191.698,0.089,-2.084,0.423,0.9993,0,-0.284,0.084,0.138,0.2580,9.532,-0.023,0.124,1.000,-0.138,0.373,-0.0285,0.0333,-0.064,-0.064,-0.976,1.206,1.980,-2.000,0.0065,0.470,nan,0.00,1,1,1,0,1,0.0000,0.418,0,0.148,1,0.828,0,0,yolo,114.8,yolo,0,0,0,0.000,0,-1,0
1785653191.738,0.117,-2.073,0.411,0.9993,0,-1.035,0.073,0.019,0.2414,9.322,-0.003,0.287,1.000,-0.019,1.152,-0.1455,-1.1570,-0.063,-0.051,-0.939,1.220,1.826,-2.000,0.0064,0.624,nan,0.00,1,1,1,1,1,0.0000,0.423,0,0.154,1,0.830,0,0,yolo,111.3,yolo,0,0,0,0.000,0,-1,0
1785653191.763,0.231,-2.065,0.407,0.9993,0,-0.362,0.065,0.019,0.2540,9.322,-0.003,0.287,1.000,-0.019,0.593,-0.0119,0.0479,-0.063,-0.063,-0.891,1.232,1.827,-2.000,0.0063,0.623,nan,0.00,1,1,1,0,1,0.0000,0.423,0,0.154,1,0.830,0,0,yolo,111.3,yolo,0,0,0,0.000,0,-1,0
1785653191.791,0.231,-2.065,0.407,0.9993,0,-0.362,0.065,0.019,0.2539,9.322,-0.003,0.287,1.000,-0.019,0.593,-0.0119,0.0479,-0.063,-0.063,-0.891,1.232,1.827,-2.000,0.0063,0.623,nan,0.00,1,1,1,0,1,0.0000,0.524,0,0.149,2,0.840,0,0,yolo,111.3,yolo,0,0,0,0.000,0,-1,0
1785653191.838,0.262,-2.056,0.408,0.9993,0,-1.205,0.056,-0.067,0.2372,9.241,0.011,0.419,1.000,0.067,1.467,-0.1390,-1.2765,-0.061,-0.065,-0.836,1.246,1.699,-2.000,0.0062,0.751,nan,0.00,1,1,1,1,1,0.0000,0.524,0,0.149,2,0.840,2,0,yolo,110.8,yolo,0,0,0,0.000,0,-1,0
1785653191.879,0.303,-2.049,0.406,0.9993,0,-0.388,0.049,-0.067,0.2504,9.241,0.011,0.419,1.000,0.067,0.691,0.0057,0.0567,-0.059,-0.059,-0.780,1.258,1.701,-2.000,0.0061,0.749,nan,0.00,1,1,1,0,1,0.0000,0.526,0,0.151,2,0.845,0,0,yolo,110.8,yolo,0,0,0,0.000,0,-1,0
1785653191.910,0.344,-2.043,0.411,0.9993,0,-0.317,0.043,-0.067,0.2524,9.241,0.011,0.419,1.000,0.067,0.661,0.0078,0.1021,-0.057,-0.057,-0.734,1.271,1.702,-2.000,0.0061,0.748,nan,0.00,1,1,1,0,1,0.0000,0.512,0,0.137,2,0.847,0,0,yolo,110.8,yolo,0,0,0,0.000,0,-1,0
1785653191.941,0.377,-2.038,0.419,0.9993,0,-1.083,0.038,-0.114,0.2357,9.001,0.018,0.514,1.000,0.114,1.460,-0.1094,-1.2769,-0.055,-0.066,-0.687,1.283,1.616,-2.000,0.0060,0.834,nan,0.00,1,1,1,1,1,0.0000,0.512,0,0.137,2,0.847,0,0,yolo,112.1,yolo,0,0,0,0.000,0,-1,0
1785653191.972,0.377,-2.038,0.419,0.9993,0,-0.374,0.038,-0.114,0.2450,9.001,0.018,0.514,1.000,0.114,0.751,0.0111,0.0000,-0.055,-0.055,-0.687,1.283,1.616,-2.000,0.0059,0.834,nan,0.00,1,1,1,0,1,0.0000,0.516,0,0.141,2,0.840,0,0,yolo,112.1,yolo,0,0,0,0.000,0,-1,0
1785653192.010,0.458,-2.033,0.428,0.9993,0,-0.256,0.033,-0.114,0.2471,9.001,0.018,0.514,1.000,0.114,0.714,0.0137,0.0479,-0.052,-0.052,-0.639,1.296,1.617,-2.000,0.0058,0.833,nan,0.00,1,1,1,0,1,0.0000,0.516,0,0.141,2,0.840,1,0,yolo,112.1,yolo,0,0,0,0.000,0,-1,0
1785653192.036,0.478,-2.029,0.440,0.9993,0,-0.189,0.029,-0.114,0.2499,9.001,0.018,0.514,1.000,0.114,0.667,0.0169,0.1102,-0.049,-0.049,-0.576,1.308,1.618,-2.000,0.0057,0.832,nan,0.00,1,1,1,0,1,0.0000,0.518,0,0.143,2,0.841,0,0,yolo,112.1,yolo,0,0,0,0.000,0,-1,0
1785653192.072,0.478,-2.029,0.440,0.9993,0,-0.373,0.029,-0.122,0.2332,8.834,0.019,0.625,1.000,0.122,0.851,-0.0089,-0.7869,-0.049,-0.052,-0.576,1.308,1.513,-2.000,0.0056,0.937,nan,0.00,1,1,1,1,1,0.0000,0.416,0,0.145,1,0.837,0,0,yolo,109.5,yolo,0,0,0,0.000,0,-1,0
1785653192.103,0.499,-2.026,0.451,0.9993,0,-0.215,0.026,-0.122,0.2445,8.834,0.019,0.625,1.000,0.122,0.714,0.0063,0.0647,-0.045,-0.045,-0.512,1.320,1.513,-2.000,0.0055,0.937,nan,0.00,1,1,1,0,1,0.0000,0.416,0,0.145,1,0.837,0,0,yolo,109.5,yolo,0,0,0,0.000,0,-1,0
1785653192.132,0.525,-2.022,0.463,0.9993,0,-0.131,0.022,-0.122,0.2477,8.834,0.019,0.625,1.000,0.122,0.656,0.0102,0.1371,-0.041,-0.041,-0.439,1.333,1.514,-2.000,0.0054,0.936,nan,0.00,1,1,1,0,1,0.0000,0.512,0,0.137,2,0.826,0,0,yolo,109.5,yolo,0,0,0,0.000,0,-1,0
1785653192.163,0.540,-2.020,0.475,0.9993,0,-0.345,0.194,-0.139,0.2310,8.630,0.021,0.716,1.000,0.139,0.884,-0.0270,-0.8401,-0.038,-0.040,-0.379,1.346,1.430,-1.825,0.0054,1.020,nan,0.00,1,1,1,1,1,0.0000,0.512,0,0.137,2,0.817,0,0,yolo,110.5,yolo,0,0,0,0.000,0,-1,0
1785653192.201,0.540,-2.020,0.475,0.9993,0,-0.170,0.079,-0.139,0.2390,8.630,0.021,0.716,1.000,0.139,0.710,0.0027,0.0000,-0.038,-0.038,-0.379,1.346,1.430,-1.941,0.0054,1.020,nan,0.00,1,1,1,0,1,0.0000,0.512,0,0.137,2,0.817,2,0,yolo,110.5,yolo,0,0,0,0.000,0,-1,0
1785653192.232,0.554,-2.017,0.487,0.9993,0,-0.096,0.158,-0.139,0.2412,8.630,0.021,0.716,1.000,0.139,0.650,0.0066,0.0481,-0.034,-0.034,-0.331,1.358,1.430,-1.859,0.0054,1.020,nan,0.00,1,1,1,0,1,0.0000,0.402,0,0.128,1,0.792,0,0,yolo,110.5,yolo,0,0,0,0.000,0,-1,0
1785653192.273,0.563,-2.001,0.501,0.9993,0,0.021,0.401,-0.126,0.2245,8.463,0.019,0.804,1.000,0.126,0.542,0.0202,-0.7926,-0.030,-0.032,-0.268,1.370,1.351,-1.600,0.0054,1.099,nan,0.00,1,1,1,1,1,0.0000,0.402,0,0.128,1,0.792,0,0,yolo,108.3,yolo,0,0,0,0.000,0,-1,0
1785653192.305,0.561,-1.964,0.512,0.9994,0,0.012,0.385,-0.126,0.2399,8.463,0.019,0.804,1.000,0.126,0.549,0.0062,0.0693,-0.026,-0.026,-0.199,1.380,1.357,-1.578,0.0054,1.093,nan,0.00,1,1,1,0,1,0.0000,0.405,0,0.132,1,0.765,0,0,yolo,108.3,yolo,0,0,0,0.000,0,-1,0
1785653192.342,0.561,-1.922,0.525,0.9994,0,0.075,0.378,-0.126,0.2439,8.463,0.019,0.804,1.000,0.126,0.486,0.0104,0.1543,-0.022,-0.022,-0.114,1.392,1.363,-1.544,0.0054,1.087,nan,0.00,1,1,1,0,1,0.0000,0.405,0,0.131,1,0.759,0,0,yolo,108.3,yolo,0,0,0,0.000,0,-1,0
1785653192.384,0.560,-1.884,0.536,0.9994,0,-0.171,0.526,-0.148,0.2272,8.328,0.021,0.877,1.000,0.148,0.731,-0.0240,-0.4700,-0.018,-0.023,-0.031,1.403,1.300,-1.357,0.0054,1.150,nan,0.00,1,1,1,1,1,0.0000,0.405,0,0.131,1,0.759,0,0,yolo,111.8,yolo,0,0,0,0.000,0,-1,0
1785653192.416,0.574,-1.839,0.548,0.9994,0,0.094,0.468,-0.148,0.2383,8.328,0.021,0.877,1.000,0.148,0.480,0.0085,0.0670,-0.015,-0.015,0.036,1.412,1.306,-1.371,0.0054,1.144,nan,0.00,1,1,1,0,1,0.0000,0.411,0,0.138,1,0.743,0,0,yolo,111.8,yolo,0,0,0,0.000,0,-1,0
1785653192.451,0.574,-1.839,0.548,0.9994,0,0.094,0.358,-0.148,0.2383,8.328,0.021,0.877,1.000,0.148,0.480,0.0085,0.0670,-0.015,-0.015,0.036,1.412,1.306,-1.481,0.0054,1.144,nan,0.00,1,1,1,0,1,0.0000,0.410,0,0.137,1,0.749,0,0,yolo,111.8,yolo,0,0,0,0.000,0,-1,0
1785653192.477,0.569,-1.798,0.561,0.9995,0,0.139,0.338,-0.148,0.2411,8.328,0.021,0.877,1.000,0.148,0.430,0.0118,0.1245,-0.012,-0.012,0.093,1.420,1.312,-1.460,0.0054,1.138,nan,0.00,1,1,1,0,1,0.0000,0.410,0,0.137,1,0.749,0,0,yolo,111.8,yolo,0,0,0,0.000,0,-1,0
1785653192.508,0.554,-1.764,0.575,0.9995,0,0.144,0.463,-0.136,0.2244,8.146,0.019,0.931,1.000,0.136,0.410,0.0097,-0.2630,-0.008,-0.011,0.160,1.430,1.269,-1.301,0.0054,1.181,nan,0.00,1,1,1,1,1,0.0000,0.413,0,0.141,1,0.755,0,0,yolo,106.4,yolo,0,0,0,0.000,0,-1,0
1785653192.534,0.554,-1.764,0.575,0.9995,0,0.145,0.375,-0.136,0.2341,8.146,0.019,0.931,1.000,0.136,0.408,0.0032,0.0000,-0.008,-0.008,0.160,1.430,1.269,-1.390,0.0054,1.181,nan,0.00,1,1,1,0,1,0.0000,0.413,0,0.141,1,0.755,0,0,yolo,106.4,yolo,0,0,0,0.000,0,-1,0
1785653192.562,0.540,-1.716,0.588,0.9995,0,0.188,0.372,-0.136,0.2379,8.146,0.019,0.931,1.000,0.136,0.352,0.0069,0.0792,-0.004,-0.004,0.240,1.440,1.275,-1.344,0.0054,1.175,nan,0.00,1,1,1,0,1,0.0000,0.406,0,0.133,1,0.795,0,0,yolo,106.4,yolo,0,0,0,0.000,0,-1,0
1785653192.588,0.521,-1.678,0.601,0.9995,0,0.222,0.366,-0.136,0.2417,8.146,0.019,0.931,1.000,0.136,0.299,0.0102,0.1601,-0.001,-0.001,0.321,1.449,1.281,-1.312,0.0054,1.169,nan,0.00,1,1,1,0,1,0.0000,0.406,0,0.133,1,0.795,0,0,yolo,106.4,yolo,0,0,0,0.000,0,-1,0
1785653192.620,0.500,-1.644,0.613,0.9996,0,0.065,0.425,-0.141,0.2250,7.970,0.020,0.968,1.000,0.141,0.436,-0.0094,-0.4119,0.002,-0.003,0.388,1.456,1.253,-1.218,0.0054,1.197,nan,0.00,1,1,1,1,1,0.0000,0.415,0,0.143,1,0.772,0,0,yolo,108.1,yolo,0,0,0,0.000,0,-1,0
1785653192.650,0.500,-1.644,0.613,0.9996,0,0.197,0.343,-0.141,0.2336,7.970,0.020,0.968,1.000,0.141,0.303,0.0054,0.0000,0.002,0.002,0.388,1.456,1.253,-1.300,0.0054,1.197,nan,0.00,1,1,1,0,1,0.0000,0.415,0,0.143,1,0.772,0,0,yolo,108.1,yolo,0,0,0,0.000,0,-1,0
1785653192.681,0.479,-1.605,0.627,0.9996,0,0.227,0.353,-0.141,0.2375,7.970,0.020,0.968,1.000,0.141,0.253,0.0086,0.0810,0.005,0.005,0.469,1.465,1.259,-1.252,0.0054,1.191,nan,0.00,1,1,1,0,1,0.0000,0.424,0,0.155,1,0.836,0,0,yolo,108.1,yolo,0,0,0,0.000,0,-1,0
1785653192.716,0.459,-1.573,0.639,0.9996,0,0.201,0.474,-0.132,0.2208,8.152,0.019,1.019,1.000,0.132,0.258,0.0093,-0.3828,0.008,0.002,0.538,1.473,1.208,-1.099,0.0054,1.242,nan,0.00,1,1,1,1,1,0.0000,0.424,0,0.155,1,0.836,2,0,yolo,111.6,yolo,0,0,0,0.000,0,-1,0
1785653192.757,0.441,-1.531,0.650,0.9996,0,0.254,0.434,-0.132,0.2355,8.152,0.019,1.019,1.000,0.132,0.188,0.0075,0.0685,0.010,0.010,0.606,1.479,1.214,-1.097,0.0054,1.236,nan,0.00,1,1,1,0,1,0.0000,0.426,0,0.158,1,0.838,0,0,yolo,111.6,yolo,0,0,0,0.000,0,-1,0
1785653192.789,0.416,-1.488,0.662,0.9996,0,0.265,0.397,-0.132,0.2392,8.152,0.019,1.019,1.000,0.132,0.151,0.0099,0.1463,0.012,0.012,0.684,1.486,1.220,-1.090,0.0054,1.230,nan,0.00,1,1,1,0,1,0.0000,0.424,0,0.154,1,0.843,0,0,yolo,111.6,yolo,0,0,0,0.000,0,-1,0
1785653192.822,0.391,-1.450,0.674,0.9997,0,1.014,0.346,-0.075,0.2403,7.858,0.010,1.021,1.000,0.075,-0.623,0.1187,0.1641,0.014,0.020,0.759,1.493,1.231,-1.104,0.0054,1.219,nan,0.00,1,1,1,1,1,0.0000,0.421,0,0.151,1,0.853,0,0,yolo,107.2,yolo,0,0,0,0.000,0,-1,0
1785653192.859,0.391,-1.450,0.674,0.9997,0,0.334,0.273,-0.075,0.2329,7.858,0.010,1.021,1.000,0.075,0.057,-0.0054,0.0000,0.014,0.014,0.759,1.493,1.231,-1.176,0.0054,1.219,nan,0.00,1,1,1,0,1,0.0000,0.421,0,0.151,1,0.853,1,0,yolo,107.2,yolo,0,0,0,0.000,0,-1,0
1785653192.899,0.278,-1.412,0.682,0.9997,0,0.227,0.267,-0.075,0.2496,7.858,0.010,1.021,1.000,0.075,0.051,-0.0051,0.0812,0.015,0.015,0.840,1.500,1.236,-1.146,0.0054,1.214,nan,0.00,1,1,1,0,1,0.0000,0.523,0,0.148,2,0.854,0,0,yolo,107.2,yolo,0,0,0,0.000,0,-1,0
1785653192.931,0.250,-1.383,0.688,0.9997,0,0.612,0.233,-0.040,0.2663,7.703,0.005,1.013,1.000,0.040,-0.362,0.0459,0.1532,0.016,0.021,0.925,1.507,1.251,-1.150,0.0054,1.199,nan,0.00,1,1,1,1,1,0.0000,0.524,0,0.149,2,0.853,0,0,yolo,108.4,yolo,0,0,0,0.000,0,-1,0
1785653192.961,0.186,-1.358,0.692,0.9997,0,0.237,0.222,-0.040,0.2695,7.703,0.005,1.013,1.000,0.040,-0.051,-0.0051,0.0599,0.016,0.016,0.985,1.513,1.254,-1.136,0.0054,1.196,nan,0.00,1,1,1,0,1,0.0000,0.520,0,0.145,2,0.859,0,0,yolo,108.4,yolo,0,0,0,0.000,0,-1,0
1785653192.992,0.186,-1.358,0.692,0.9997,0,0.237,0.157,-0.040,0.2695,7.703,0.005,1.013,1.000,0.040,-0.051,-0.0051,0.0599,0.016,0.016,0.985,1.513,1.254,-1.201,0.0054,1.196,nan,0.00,1,1,1,0,1,0.0000,0.519,0,0.144,2,0.859,0,0,yolo,108.4,yolo,0,0,0,0.000,0,-1,0
1785653193.032,0.163,-1.332,0.696,0.9997,0,0.686,0.112,0.008,0.2695,7.554,-0.001,0.995,1.000,-0.008,-0.523,0.0483,0.1899,0.016,0.023,1.034,1.520,1.280,-1.220,0.0054,1.170,nan,0.00,1,1,1,1,1,0.0000,0.400,0,0.126,1,0.843,0,0,yolo,106.6,yolo,0,0,0,0.000,0,-1,0
1785653193.077,0.139,-1.316,0.699,0.9997,0,0.319,0.116,0.008,0.2695,7.554,-0.001,0.995,1.000,-0.008,-0.180,-0.0062,0.0293,0.017,0.017,1.064,1.526,1.282,-1.200,0.0054,1.168,nan,0.00,1,1,1,0,1,0.0000,0.400,0,0.126,1,0.843,1,0,yolo,106.6,yolo,0,0,0,0.000,0,-1,0
1785653193.103,0.068,-1.304,0.700,0.9997,0,0.231,0.124,0.008,0.2695,7.554,-0.001,0.995,1.000,-0.008,-0.163,-0.0072,0.0459,0.016,0.016,1.080,1.532,1.283,-1.180,0.0054,1.167,nan,0.00,1,1,1,0,1,0.0000,0.399,0,0.123,1,0.834,0,0,yolo,106.6,yolo,0,0,0,0.000,0,-1,0
1785653193.139,0.047,-1.291,0.698,0.9997,0,0.207,0.124,0.008,0.2695,7.554,-0.001,0.995,1.000,-0.008,-0.160,-0.0074,0.0451,0.015,0.015,1.080,1.538,1.285,-1.167,0.0054,1.165,nan,0.00,1,1,1,0,1,0.0000,0.399,0,0.123,1,0.834,2,0,yolo,106.6,yolo,0,0,0,0.000,0,-1,0
1785653193.169,0.024,-1.276,0.697,0.9998,0,1.367,0.020,0.110,0.2695,7.414,-0.014,0.954,1.000,-0.110,-1.343,0.1309,0.4580,0.015,0.036,1.071,1.544,1.331,-1.257,0.0054,1.119,nan,0.00,1,1,1,1,1,0.0000,0.511,0,0.136,2,0.786,0,0,yolo,122.9,yolo,0,0,0,0.000,0,-1,0
1785653193.207,0.024,-1.276,0.697,0.9998,0,0.369,-0.043,0.110,0.2695,7.414,-0.014,0.954,1.000,-0.110,-0.345,-0.0207,0.0000,0.015,0.015,1.071,1.544,1.331,-1.320,0.0054,1.119,nan,0.00,1,1,1,0,1,0.0000,0.509,0,0.134,2,0.798,0,0,yolo,122.9,yolo,0,0,0,0.000,0,-1,0
1785653193.246,-0.150,-1.277,0.678,0.9997,0,0.113,0.075,0.110,0.2695,7.414,-0.014,0.954,1.000,-0.110,-0.263,-0.0256,-0.0197,0.010,0.010,1.052,1.556,1.331,-1.203,0.0054,1.119,nan,0.00,1,1,1,0,1,0.0000,0.509,0,0.134,2,0.798,0,0,yolo,122.9,yolo,0,0,0,0.000,0,-1,0
1785653193.277,-0.150,-1.277,0.678,0.9997,0,0.198,-0.174,0.088,0.2695,7.616,-0.012,0.878,1.000,-0.088,-0.348,-0.0214,0.5355,0.010,0.021,1.052,1.556,1.402,-1.451,0.0054,1.048,nan,0.00,1,1,1,1,1,0.0000,0.524,0,0.149,2,0.804,0,0,yolo,118.2,yolo,0,0,0,0.000,0,-1,0
1785653193.318,-0.157,-1.269,0.668,0.9998,0,0.106,-0.158,0.088,0.2695,7.616,-0.012,0.878,1.000,-0.088,-0.262,-0.0119,-0.0101,0.009,0.009,1.042,1.562,1.403,-1.427,0.0054,1.047,nan,0.00,1,1,1,0,1,0.0000,0.534,0,0.159,2,0.794,0,0,yolo,118.2,yolo,0,0,0,0.000,0,-1,0
1785653193.356,-0.181,-1.289,0.661,0.9997,0,0.053,-0.091,0.088,0.2695,7.616,-0.012,0.878,1.000,-0.088,-0.233,-0.0136,-0.0215,0.007,0.007,1.030,1.569,1.401,-1.380,0.0054,1.049,nan,0.00,1,1,1,0,1,0.0000,0.534,0,0.159,2,0.794,0,0,yolo,118.2,yolo,0,0,0,0.000,0,-1,0
1785653193.387,-0.186,-1.296,0.652,0.9997,0,0.022,-0.042,0.088,0.2695,7.616,-0.012,0.878,1.000,-0.088,-0.208,-0.0152,-0.0336,0.006,0.006,1.018,1.576,1.400,-1.338,0.0054,1.050,nan,0.00,1,1,1,0,1,0.0000,0.536,0,0.161,2,0.798,0,0,yolo,118.2,yolo,0,0,0,0.000,0,-1,0
1785653193.423,-0.190,-1.300,0.644,0.9997,0,0.187,-0.238,0.091,0.2694,7.295,-0.012,0.795,1.000,-0.091,-0.377,0.0019,0.5429,0.004,0.012,1.006,1.584,1.490,-1.537,0.0053,0.960,nan,0.00,1,1,1,1,1,0.0000,0.536,0,0.161,2,0.798,3,0,yolo,121.9,yolo,0,0,0,0.000,0,-1,0
1785653193.450,-0.190,-1.300,0.644,0.9997,0,0.048,-0.306,0.091,0.2693,7.295,-0.012,0.795,1.000,-0.091,-0.238,-0.0078,0.0000,0.004,0.004,1.006,1.584,1.490,-1.606,0.0053,0.960,nan,0.00,1,1,1,0,1,0.0000,0.432,0,0.166,1,0.791,0,0,yolo,121.9,yolo,0,0,0,0.000,0,-1,0
1785653193.481,-0.213,-1.327,0.635,0.9997,0,-0.007,-0.215,0.091,0.2692,7.295,-0.012,0.795,1.000,-0.091,-0.206,-0.0096,-0.0117,0.002,0.002,0.995,1.591,1.487,-1.541,0.0052,0.963,nan,0.00,1,1,1,0,1,0.0000,0.438,0,0.172,1,0.813,0,0,yolo,121.9,yolo,0,0,0,0.000,0,-1,0
1785653193.513,-0.211,-1.349,0.626,0.9997,0,1.493,-0.346,0.192,0.2859,7.037,-0.024,0.717,1.000,-0.192,-3.042,0.3728,2.0000,0.001,0.057,0.983,1.599,1.568,-1.694,0.0051,0.882,nan,0.00,1,1,1,1,1,0.0000,0.438,0,0.172,1,0.813,0,0,yolo,110.3,yolo,0,0,0,0.000,0,-1,0
1785653193.545,-0.211,-1.349,0.626,0.9997,0,-0.001,-0.413,0.192,0.2692,7.037,-0.024,0.717,1.000,-0.192,-0.209,-0.0563,0.0000,0.001,0.001,0.983,1.599,1.568,-1.762,0.0050,0.882,nan,0.00,1,1,1,0,1,0.0000,0.328,0,0.171,0,0.833,0,0,yolo,110.3,yolo,0,0,0,0.000,0,-1,0
1785653193.581,-0.385,-1.386,0.609,0.9997,0,-0.270,-0.300,0.192,0.2690,7.037,-0.024,0.717,1.000,-0.192,-0.115,-0.0617,-0.0164,-0.005,-0.005,0.967,1.608,1.563,-1.686,0.0049,0.887,nan,0.00,1,1,1,0,1,0.0000,0.328,0,0.171,0,0.833,1,0,yolo,110.3,yolo,0,0,0,0.000,0,-1,0
1785653193.607,-0.333,-1.417,0.589,0.9997,0,-0.240,-0.205,0.192,0.2689,7.037,-0.024,0.717,1.000,-0.192,-0.092,-0.0631,-0.0316,-0.006,-0.006,0.952,1.617,1.559,-1.622,0.0048,0.891,nan,0.00,1,1,1,0,1,0.0000,0.588,0,0.213,1,0.827,0,0,yolo,110.3,yolo,0,0,0,0.000,0,-1,0
1785653193.642,-0.312,-1.438,0.571,0.9997,0,0.630,-0.374,0.199,0.2768,6.885,-0.024,0.624,1.000,-0.199,-0.941,0.0069,0.7086,-0.008,0.033,0.940,1.625,1.654,-1.811,0.0047,0.796,nan,0.00,1,1,1,1,1,0.0000,0.582,0,0.207,1,0.832,0,0,yolo,110.5,yolo,0,0,0,0.000,0,-1,0
1785653193.669,-0.312,-1.438,0.571,0.9997,0,-0.109,-0.451,0.199,0.2687,6.885,-0.024,0.624,1.000,-0.199,-0.202,-0.0403,0.0000,-0.008,-0.008,0.940,1.625,1.654,-1.889,0.0046,0.796,nan,0.00,1,1,1,0,1,0.0000,0.572,0,0.197,1,0.823,0,0,yolo,110.5,yolo,0,0,0,0.000,0,-1,0
1785653193.701,-0.302,-1.494,0.550,0.9996,0,-0.134,-0.291,0.199,0.2687,6.885,-0.024,0.624,1.000,-0.199,-0.168,-0.0422,-0.0107,-0.010,-0.010,0.929,1.636,1.647,-1.785,0.0046,0.803,nan,0.00,1,1,1,0,1,0.0000,0.572,0,0.197,1,0.823,0,0,yolo,110.5,yolo,0,0,0,0.000,0,-1,0
1785653193.731,-0.302,-1.494,0.550,0.9996,0,1.366,-0.582,0.305,0.2853,6.818,-0.036,0.538,1.000,-0.305,-1.838,0.1253,0.8737,-0.010,0.036,0.929,1.636,1.734,-2.076,0.0045,0.716,nan,0.00,1,1,1,1,1,0.0000,0.568,0,0.193,1,0.810,0,0,yolo,114.9,yolo,0,0,0,0.000,0,-1,0
1785653193.763,-0.288,-1.523,0.531,0.9996,0,0.100,-0.469,0.305,0.2687,6.818,-0.036,0.538,1.000,-0.305,-0.388,-0.0468,-0.0088,-0.011,-0.011,0.920,1.646,1.731,-1.992,0.0044,0.719,nan,0.00,1,1,1,0,1,0.0000,0.563,0,0.188,1,0.780,0,0,yolo,114.9,yolo,0,0,0,0.000,0,-1,0
1785653193.799,-0.302,-1.576,0.502,0.9996,0,0.056,-0.327,0.305,0.2684,6.818,-0.036,0.538,1.000,-0.305,-0.358,-0.0485,-0.0115,-0.013,-0.013,0.917,1.656,1.724,-1.903,0.0043,0.726,nan,0.00,1,1,1,0,1,0.0000,0.563,0,0.188,1,0.780,1,0,yolo,114.9,yolo,0,0,0,0.000,0,-1,0
1785653193.825,-0.306,-1.610,0.470,0.9996,0,0.025,-0.223,0.305,0.2684,6.818,-0.036,0.538,1.000,-0.305,-0.331,-0.0500,-0.0150,-0.014,-0.014,0.914,1.667,1.720,-1.833,0.0043,0.730,nan,0.00,1,1,1,0,1,0.0000,0.403,0,0.129,1,0.781,0,0,yolo,114.9,yolo,0,0,0,0.000,0,-1,0
1785653193.865,-0.306,-1.610,0.470,0.9996,0,1.251,-0.597,0.372,0.2850,6.696,-0.043,0.428,1.000,-0.372,-1.557,0.0590,0.8511,-0.014,0.026,0.914,1.667,1.834,-2.207,0.0042,0.616,nan,0.00,1,1,1,1,1,0.0000,0.559,0,0.184,1,0.758,0,0,yolo,120.4,yolo,0,0,0,0.000,0,-1,0
1785653193.903,-0.308,-1.633,0.441,0.9996,0,0.209,-0.494,0.372,0.2684,6.696,-0.043,0.428,1.000,-0.372,-0.517,-0.0418,-0.0060,-0.016,-0.016,0.908,1.677,1.831,-2.127,0.0041,0.619,nan,0.00,1,1,1,0,1,0.0000,0.559,0,0.184,1,0.758,0,0,yolo,120.4,yolo,0,0,0,0.000,0,-1,0
1785653193.934,-0.335,-1.698,0.401,0.9995,0,0.143,-0.317,0.372,0.2682,6.696,-0.043,0.428,1.000,-0.372,-0.479,-0.0439,-0.0145,-0.018,-0.018,0.899,1.690,1.824,-2.015,0.0041,0.626,nan,0.00,1,1,1,0,1,0.0000,0.397,0,0.121,1,0.751,0,0,yolo,120.4,yolo,0,0,0,0.000,0,-1,0
1785653193.971,-0.348,-1.730,0.363,0.9995,0,0.729,-0.608,0.375,0.2849,6.492,-0.043,0.278,1.000,-0.375,-1.078,0.0023,0.9109,-0.020,0.010,0.891,1.701,1.975,-2.338,0.0040,0.475,nan,0.00,1,1,1,1,1,0.0000,0.552,0,0.177,1,0.736,2,0,yolo,117.9,yolo,0,0,0,0.000,0,-1,0
1785653194.013,-0.436,-1.803,0.326,0.9995,0,0.021,-0.447,0.375,0.2682,6.492,-0.043,0.278,1.000,-0.375,-0.457,-0.0334,-0.0142,-0.024,-0.024,0.877,1.714,1.967,-2.250,0.0040,0.483,nan,0.00,1,1,1,0,1,0.0000,0.541,0,0.166,1,0.738,0,0,yolo,117.9,yolo,0,0,0,0.000,0,-1,0
1785653194.043,-0.436,-1.803,0.326,0.9995,0,0.021,-0.562,0.375,0.2681,6.492,-0.043,0.278,1.000,-0.375,-0.457,-0.0334,-0.0142,-0.024,-0.024,0.877,1.714,1.967,-2.365,0.0039,0.483,nan,0.00,1,1,1,0,1,0.0000,0.607,0,0.131,3,0.695,0,0,yolo,117.9,yolo,0,0,0,0.000,0,-1,0
1785653194.076,-0.429,-1.847,0.292,0.9995,0,1.521,-0.621,0.522,0.2847,6.448,-0.059,0.202,1.000,-0.522,-4.663,0.4944,2.0000,-0.026,0.067,0.865,1.726,2.040,-2.468,0.0039,0.410,nan,0.00,1,1,1,1,1,0.0000,0.607,0,0.131,3,0.695,0,0,yolo,108.3,yolo,0,0,0,0.000,0,-1,0
1785653194.106,-0.612,-1.918,0.243,0.9994,0,0.021,-0.446,0.522,0.2681,6.448,-0.059,0.202,1.000,-0.522,-0.385,-0.0985,-0.0190,-0.032,-0.032,0.846,1.739,2.032,-2.364,0.0039,0.418,nan,0.00,1,1,1,0,1,0.0000,0.356,0,0.218,3,0.464,0,0,yolo,108.3,yolo,0,0,0,0.000,0,-1,0
1785653194.137,-0.612,-1.918,0.243,0.9994,0,-0.227,-0.556,0.522,0.2680,6.448,-0.059,0.202,1.000,-0.522,-0.385,-0.0985,-0.0190,-0.032,-0.032,0.846,1.739,2.032,-2.474,0.0038,0.418,nan,0.00,1,1,1,0,1,0.0000,0.712,0,0.218,3,0.464,0,0,yolo,108.3,yolo,0,0,0,0.000,0,-1,0
1785653194.168,-0.587,-1.966,0.187,0.9994,0,-0.257,-0.387,0.104,0.2679,6.448,-0.059,0.202,1.000,-0.522,-0.330,-0.1015,-0.0351,-0.035,-0.035,0.830,1.753,2.026,-2.353,0.0038,0.424,nan,0.42,1,1,1,0,1,0.0146,1.000,1,0.345,5,0.231,0,0,yolo,108.3,yolo,0,0,0,0.000,0,-1,0
1785653194.200,-0.562,-2.006,0.173,0.9993,0,1.243,-0.467,0.237,0.2836,6.371,-0.073,0.123,1.000,-0.655,-2.796,0.1107,0.5800,-0.039,0.045,0.819,1.766,2.103,-2.473,0.0037,0.347,nan,0.42,1,1,1,1,1,0.0146,1.000,1,0.345,5,0.231,0,0,yolo,116.7,yolo,0,0,0,0.000,0,-1,0
1785653194.230,-0.562,-2.006,0.173,0.9993,0,0.137,-0.494,0.900,0.2679,6.371,-0.073,0.123,1.000,-0.655,-0.698,-0.0835,0.0000,-0.039,-0.039,0.819,1.766,2.103,-2.500,0.0037,0.347,nan,-0.25,1,1,1,0,1,-0.0086,1.000,1,0.424,5,0.264,0,0,yolo,116.7,yolo,0,0,0,0.000,0,-1,0
1785653194.287,-0.748,-2.069,0.154,0.9993,0,-0.218,-0.349,0.655,0.2679,6.371,-0.073,0.123,1.000,-0.655,-0.529,-0.0927,-0.0140,-0.048,-0.048,0.805,1.783,2.096,-2.418,0.0037,0.354,nan,0.00,1,1,1,0,1,0.0000,0.938,0,0.483,7,0.144,0,0,yolo,116.7,yolo,0,0,0,0.000,0,-1,0
1785653194.326,-0.737,-2.132,0.048,0.9992,0,1.282,-0.368,0.710,0.2845,6.269,-0.078,0.022,1.000,-0.710,-2.360,0.0609,0.9769,-0.051,0.020,0.794,1.800,2.194,-2.500,0.0036,0.256,nan,0.00,1,1,1,1,1,0.0000,0.938,0,0.483,7,0.144,0,0,yolo,112.7,yolo,0,0,0,0.000,0,-1,0
1785653194.351,-0.712,-2.169,-0.029,0.9992,0,-0.050,-0.306,2.210,0.2679,6.269,-0.078,0.022,1.000,-0.710,-0.662,-0.0745,0.0003,-0.054,-0.054,0.794,1.815,2.190,-2.475,0.0036,0.260,nan,-8.00,1,1,1,0,1,-0.3236,1.000,1,0.585,9,-0.130,0,0,yolo,112.7,yolo,0,0,0,0.000,0,-1,0
1785653194.393,-0.703,-2.208,-0.247,0.9992,0,-0.023,-0.180,3.710,0.2598,6.269,-0.078,0.022,1.000,-0.710,-0.680,-0.0736,-0.0011,-0.053,-0.053,0.793,1.831,2.186,-2.388,0.0036,0.264,nan,-8.00,1,1,1,0,1,-0.3236,1.000,1,0.585,9,-0.130,1,0,yolo,112.7,yolo,0,0,0,0.000,0,-1,0
1785653194.420,-0.703,-2.208,-0.247,0.9992,0,0.822,-0.292,5.210,0.2765,6.172,-0.073,-0.073,1.000,-0.679,-1.525,-0.0251,0.7416,-0.053,-0.003,0.793,1.831,2.200,-2.500,0.0036,0.165,nan,-8.00,1,1,1,1,1,-0.3087,1.000,1,0.654,10,-0.096,0,0,yolo,116.1,yolo,0,0,0,0.000,0,-1,0
1785653194.451,-0.686,-2.232,-0.644,0.9992,0,0.159,-0.239,6.710,0.2629,6.172,-0.073,-0.073,1.000,-0.679,-0.845,-0.0426,0.0032,-0.046,-0.046,0.796,1.846,2.200,-2.472,0.0036,0.168,nan,-8.00,1,1,1,0,1,-0.2976,1.000,1,0.654,10,-0.096,0,0,yolo,116.1,yolo,0,0,0,0.000,0,-1,0
1785653194.482,-0.679,-2.272,-1.406,0.9991,0,0.517,-0.095,8.210,0.2678,6.172,-0.073,-0.073,1.000,-0.679,-1.195,-0.0241,0.0175,-0.027,-0.027,0.811,1.863,2.200,-2.367,0.0035,0.172,nan,-8.00,1,1,1,0,1,-0.2892,1.000,1,0.654,10,-0.096,0,0,yolo,116.1,yolo,0,0,0,0.000,0,-1,0
1785653194.513,-0.679,-2.272,-1.406,0.9991,0,0.517,-0.228,8.679,0.2678,6.172,-0.073,-0.073,1.000,-0.679,-1.195,-0.0241,0.0175,-0.027,-0.027,0.811,1.863,2.200,-2.500,0.0035,0.172,nan,-8.00,1,1,1,0,1,-0.3192,0.955,1,0.734,10,-0.113,0,0,yolo,116.1,yolo,0,0,0,0.000,0,-1,0
1785653194.553,-0.703,-2.292,-2.244,0.9991,0,1.668,-0.116,8.739,0.2844,6.083,-0.078,-0.182,1.000,-0.739,-2.371,0.0476,0.8251,-0.006,0.020,0.821,1.879,2.200,-2.408,0.0035,0.062,nan,-8.00,1,1,1,1,1,-0.3285,0.955,1,0.730,10,-0.131,0,0,yolo,112.8,yolo,0,0,0,0.000,0,-1,0
1785653194.590,-0.869,-2.320,-3.162,0.9991,0,1.142,0.006,8.739,0.2678,6.083,-0.078,-0.182,1.000,-0.739,-2.012,-0.0064,0.0023,0.014,0.014,0.824,1.895,2.200,-2.314,0.0035,0.066,nan,-8.00,1,1,1,0,1,-0.3354,0.955,1,0.730,10,-0.131,0,0,yolo,112.8,yolo,0,0,0,0.000,0,-1,0
1785653194.628,-1.006,-2.345,-4.027,0.9990,0,1.359,0.095,8.739,0.2678,6.083,-0.078,-0.182,1.000,-0.739,-2.365,0.0121,-0.0018,0.032,0.032,0.819,1.910,2.200,-2.250,0.0035,0.068,nan,-8.00,1,1,1,0,1,-0.3482,0.955,1,0.728,10,-0.143,0,0,yolo,112.8,yolo,0,0,0,0.000,0,-1,0
1785653194.668,-1.114,-2.351,-4.856,0.9990,0,-0.141,0.144,8.508,0.2844,5.972,-0.054,-0.293,0.995,-0.519,0.509,-0.3444,1.7293,0.049,-0.006,0.807,1.924,2.200,-2.207,0.0035,-0.047,nan,-8.00,1,1,1,1,1,-0.3578,0.955,1,0.728,10,-0.143,0,0,yolo,123.8,yolo,0,0,0,0.000,0,-1,0
1785653194.699,-1.114,-2.351,-4.856,0.9990,0,1.159,-0.001,8.511,0.2692,5.972,-0.054,-0.293,0.995,-0.519,-2.274,0.0554,0.0000,0.049,0.049,0.807,1.924,2.200,-2.352,0.0035,-0.047,nan,-8.00,1,1,1,0,1,-0.3486,0.950,1,0.692,9,-0.155,0,0,yolo,123.8,yolo,0,0,0,0.000,0,-1,0
1785653194.734,-1.047,-2.352,-5.698,0.9990,0,1.614,0.087,8.513,0.2683,5.972,-0.054,-0.293,0.995,-0.519,-2.661,0.0755,-0.0196,0.070,0.070,0.787,1.938,2.200,-2.266,0.0035,-0.047,nan,-8.00,1,1,1,0,1,-0.3417,0.950,1,0.692,9,-0.155,0,0,yolo,123.8,yolo,0,0,0,0.000,0,-1,0
1785653194.768,-1.215,-2.362,-6.544,0.9989,0,1.759,0.168,8.515,0.2677,5.972,-0.054,-0.293,0.995,-0.519,-2.974,0.0916,-0.0324,0.086,0.086,0.775,1.952,2.200,-2.194,0.0035,-0.046,nan,-8.00,1,1,1,0,1,-0.3417,0.950,1,0.692,9,-0.155,3,0,yolo,123.8,yolo,0,0,0,0.000,0,-1,0
1785653194.809,-1.352,-2.363,-7.302,0.9989,0,0.259,0.204,8.200,0.2844,5.908,-0.023,-0.370,0.985,-0.222,0.205,-0.1832,0.4790,0.100,0.010,0.771,1.964,2.200,-2.158,0.0035,-0.126,nan,-8.00,1,1,1,1,1,-0.3316,0.950,1,0.683,9,-0.163,0,0,yolo,126.5,yolo,0,0,0,0.000,0,-1,0
1785653194.849,-1.341,-2.360,-8.134,0.9989,0,1.401,0.253,6.700,0.2712,5.908,-0.023,-0.370,0.985,-0.222,-2.742,0.1062,-0.0103,0.117,0.117,0.760,1.978,2.200,-2.107,0.0035,-0.126,nan,0.00,1,1,1,0,1,0.0000,0.850,0,0.677,7,-0.178,0,0,yolo,126.5,yolo,0,0,0,0.000,0,-1,0
1785653194.886,-1.489,-2.348,-8.803,0.9988,0,1.420,0.289,5.200,0.2706,5.908,-0.023,-0.370,0.985,-0.222,-2.909,0.1149,-0.0243,0.125,0.125,0.746,1.991,2.200,-2.059,0.0036,-0.127,nan,0.00,1,1,1,0,1,0.0000,0.850,0,0.677,7,-0.178,0,0,yolo,126.5,yolo,0,0,0,0.000,0,-1,0
1785653194.922,-1.489,-2.348,-8.803,0.9988,0,-0.080,0.150,3.700,0.2873,5.802,0.114,-0.472,0.967,1.122,6.133,-1.0207,0.8231,0.125,0.106,0.746,1.991,2.200,-2.198,0.0036,-0.237,nan,0.00,1,1,1,1,1,0.0000,0.850,0,0.677,7,-0.178,2,0,yolo,118.2,yolo,0,0,0,0.000,0,-1,0
1785653194.950,-1.615,-2.331,-9.277,0.9988,0,-1.580,0.209,2.200,0.2745,5.802,0.114,-0.472,0.967,1.122,0.779,0.0219,-0.0137,0.128,0.128,0.733,2.004,2.200,-2.123,0.0036,-0.239,nan,0.00,1,1,1,0,1,0.0000,0.850,0,0.675,7,-0.205,0,0,yolo,118.2,yolo,0,0,0,0.000,0,-1,0
1785653194.980,-1.398,-2.317,-9.489,0.9989,0,-2.206,0.276,0.700,0.2736,5.802,0.114,-0.472,0.967,1.122,0.808,0.0203,-0.0347,0.126,0.126,0.712,2.019,2.200,-2.041,0.0036,-0.240,nan,0.00,1,1,1,0,1,0.0000,0.850,0,0.675,7,-0.205,0,0,yolo,118.2,yolo,0,0,0,0.000,0,-1,0
1785653195.011,-1.168,-2.287,-9.518,0.9990,0,-2.081,0.310,2.200,0.2728,5.802,0.114,-0.472,0.967,1.122,0.913,0.0149,-0.0530,0.121,0.121,0.693,2.033,2.200,-1.978,0.0037,-0.242,nan,-8.00,1,1,1,0,1,-0.4453,0.850,1,0.671,7,-0.202,0,0,yolo,118.2,yolo,0,0,0,0.000,0,-1,0
1785653195.047,-1.168,-2.287,-9.518,0.9990,0,-3.581,0.361,3.700,0.2895,5.679,0.261,-0.545,0.946,2.630,14.000,-1.4945,0.8094,0.121,-0.105,0.693,2.033,2.127,-1.926,0.0037,-0.323,nan,-8.00,1,1,1,1,1,-0.4445,0.850,1,0.671,7,-0.208,0,0,yolo,119.1,yolo,0,0,0,0.000,0,-1,0
1785653195.088,-0.955,-2.257,-9.693,0.9991,0,-4.355,0.418,5.195,0.2771,5.679,0.261,-0.545,0.946,2.630,3.400,0.2273,-0.0146,0.122,0.122,0.679,2.046,2.125,-1.839,0.0037,-0.325,nan,-8.00,1,1,1,0,1,-0.4283,0.833,1,0.668,6,-0.232,0,0,yolo,119.1,yolo,0,0,0,0.000,0,-1,0
1785653195.119,-0.526,-2.220,-10.100,0.9992,0,-3.629,0.442,5.179,0.2762,5.679,0.261,-0.545,0.946,2.630,3.103,0.2429,-0.0352,0.138,0.138,0.658,2.058,2.123,-1.779,0.0038,-0.327,nan,-8.00,1,1,1,0,1,-0.4283,0.833,1,0.668,6,-0.232,0,0,yolo,119.1,yolo,0,0,0,0.000,0,-1,0
1785653195.157,-0.156,-2.180,-10.614,0.9993,0,-5.129,0.747,3.679,0.2929,5.404,0.475,-0.659,0.901,5.024,14.000,-1.3552,0.7647,0.160,-0.034,0.634,2.069,1.995,-1.433,0.0038,-0.455,nan,-8.00,1,1,1,1,1,-0.4162,0.833,1,0.668,6,-0.232,3,0,yolo,114.4,yolo,0,0,0,0.000,0,-1,0
1785653195.184,0.385,-2.104,-10.979,0.9993,0,-6.629,0.700,2.687,0.2804,5.404,0.475,-0.659,0.901,5.024,7.745,0.2158,-0.0312,0.182,0.182,0.603,2.079,1.993,-1.403,0.0038,-0.457,nan,-8.00,1,1,1,0,1,-0.4029,0.800,1,0.659,6,-0.249,0,0,yolo,114.4,yolo,0,0,0,0.000,0,-1,0
1785653195.213,0.385,-2.104,-10.979,0.9993,0,-7.359,0.586,2.633,0.2804,5.404,0.475,-0.659,0.901,5.024,7.745,0.2158,-0.0312,0.182,0.182,0.603,2.079,1.993,-1.517,0.0039,-0.457,nan,-8.00,1,1,1,0,1,-0.3928,0.800,1,0.659,6,-0.249,0,0,yolo,114.4,yolo,0,0,0,0.000,0,-1,0
1785653195.244,1.190,-2.043,-11.188,0.9991,0,-6.067,0.589,2.591,0.2788,5.404,0.475,-0.659,0.901,5.024,7.257,0.2418,-0.0676,0.208,0.208,0.566,2.090,1.994,-1.454,0.0039,-0.456,nan,-8.00,1,1,1,0,1,-0.3986,0.889,1,0.623,7,-0.282,0,0,yolo,114.4,yolo,0,0,0,0.000,0,-1,0
1785653195.283,1.796,-1.975,-11.410,0.9989,0,-7.567,0.851,1.091,0.2955,5.198,0.590,-0.742,0.866,6.475,14.000,-1.3163,0.8678,0.237,-0.036,0.530,2.100,1.879,-1.125,0.0040,-0.543,nan,-8.00,1,1,1,1,1,-0.4029,0.889,1,0.623,7,-0.282,0,0,yolo,115.6,yolo,0,0,0,0.000,0,-1,0
1785653195.323,2.681,-1.874,-11.537,0.9984,0,-6.118,0.788,0.953,0.2828,5.198,0.590,-0.742,0.866,6.475,8.799,0.3100,-0.0446,0.274,0.274,0.485,2.111,1.879,-1.086,0.0040,-0.543,nan,-8.00,1,1,1,0,1,-0.4085,0.938,1,0.621,7,-0.366,0,0,yolo,115.6,yolo,0,0,0,0.000,0,-1,0
1785653195.361,2.681,-1.874,-11.537,0.9984,0,-6.118,0.687,-0.547,0.2828,5.198,0.590,-0.742,0.866,6.475,8.799,0.3100,-0.0446,0.274,0.274,0.485,2.111,1.879,-1.187,0.0041,-0.543,nan,0.00,1,1,1,0,1,0.0000,0.938,0,0.617,7,-0.336,0,0,yolo,115.6,yolo,0,0,0,0.000,0,-1,0
1785653195.402,3.937,-1.723,-11.561,0.9972,0,-7.618,0.949,-0.159,0.2995,5.146,0.670,-0.790,0.858,7.423,14.000,-0.8514,0.4469,0.344,-0.022,0.401,2.129,1.784,-0.774,0.0042,-0.587,nan,-8.00,1,1,1,1,1,-0.3306,0.944,1,0.610,8,-0.312,0,0,yolo,123.4,yolo,0,0,0,0.000,0,-1,0
1785653195.442,3.937,-1.723,-11.561,0.9972,0,-6.118,0.840,-1.659,0.2866,5.146,0.670,-0.790,0.858,7.423,9.479,0.3663,0.0000,0.344,0.344,0.401,2.129,1.784,-0.883,0.0042,-0.587,nan,0.00,1,1,1,0,1,0.0000,1.000,0,0.603,9,-0.202,0,0,yolo,123.4,yolo,0,0,0,0.000,0,-1,0
1785653195.480,4.812,-1.617,-11.504,0.9961,0,-4.618,0.772,-3.159,0.2848,5.146,0.670,-0.790,0.858,7.423,8.653,0.4110,-0.0493,0.389,0.389,0.351,2.138,1.785,-0.844,0.0043,-0.586,nan,0.00,1,1,1,0,1,0.0000,0.944,0,0.595,8,-0.116,0,0,yolo,123.4,yolo,0,0,0,0.000,0,-1,0
1785653195.526,5.417,-1.545,-11.376,0.9952,0,-6.118,0.943,-4.659,0.3014,5.082,0.745,-0.839,0.847,8.344,14.000,-0.6129,0.3127,0.430,0.031,0.299,2.146,1.701,-0.603,0.0043,-0.628,nan,0.00,1,1,1,1,1,0.0000,0.944,0,0.598,8,-0.011,0,0,yolo,119.7,yolo,0,0,0,0.000,0,-1,0
1785653195.561,5.900,-1.496,-11.039,0.9944,0,-4.618,0.940,-6.159,0.2865,5.082,0.745,-0.839,0.847,8.344,9.206,0.4376,-0.0493,0.468,0.468,0.250,2.157,1.703,-0.557,0.0044,-0.625,nan,0.00,1,1,1,0,1,0.0000,0.889,0,0.598,7,0.116,0,0,yolo,119.7,yolo,0,0,0,0.000,0,-1,0
1785653195.592,6.395,-1.462,-10.418,0.9935,0,-3.118,0.969,-7.659,0.2845,5.082,0.745,-0.839,0.847,8.344,8.655,0.4675,-0.0991,0.498,0.498,0.200,2.169,1.706,-0.493,0.0045,-0.621,nan,0.00,1,1,1,0,1,0.0000,0.889,0,0.598,7,0.116,1,0,yolo,119.7,yolo,0,0,0,0.000,0,-1,0
1785653195.635,6.690,-1.450,-9.659,0.9929,0,-4.618,1.212,-9.159,0.3012,4.963,0.764,-0.904,0.827,8.752,14.000,-0.3531,0.6245,0.521,0.139,0.151,2.182,1.633,-0.238,0.0045,-0.683,nan,0.00,1,1,1,1,1,-0.4852,0.889,1,0.601,7,0.124,0,0,yolo,113.2,yolo,0,0,0,0.000,0,-1,0
1785653195.671,7.222,-1.428,-8.703,0.9918,0,-3.118,1.273,-9.772,0.2889,4.963,0.764,-0.904,0.827,8.752,8.732,0.4059,-0.0538,0.545,0.545,0.098,2.198,1.638,-0.155,0.0046,-0.677,nan,0.00,1,1,1,0,1,-0.4852,0.889,1,0.601,7,0.124,1,0,yolo,113.2,yolo,0,0,0,0.000,0,-1,0
1785653195.716,7.222,-1.428,-8.703,0.9918,0,-1.618,1.139,-9.946,0.2889,4.963,0.764,-0.904,0.827,8.752,8.732,0.4059,-0.0538,0.545,0.545,0.098,2.198,1.638,-0.289,0.0047,-0.677,nan,0.00,1,1,1,0,1,0.0000,0.833,0,0.603,6,-0.280,0,0,yolo,113.2,yolo,0,0,0,0.000,0,-1,0
1785653195.757,7.676,-1.427,-6.740,0.9907,0,-3.118,1.595,-9.958,0.3056,4.869,0.761,-0.950,0.812,8.884,14.000,-0.0843,0.3054,0.588,0.243,-0.010,2.231,1.594,0.168,0.0047,-0.718,nan,0.00,1,1,1,1,1,0.0000,0.889,0,0.603,7,-0.260,0,0,yolo,119.6,yolo,0,0,0,0.000,0,-1,0
1785653195.789,7.676,-1.427,-6.740,0.9907,0,-1.618,1.423,-9.805,0.2931,4.869,0.761,-0.950,0.812,8.884,8.321,0.3452,0.0000,0.588,0.588,-0.010,2.231,1.594,-0.004,0.0048,-0.718,nan,0.00,1,1,1,0,1,0.0000,0.833,0,0.602,6,-0.248,0,0,yolo,119.6,yolo,0,0,0,0.000,0,-1,0
1785653195.820,7.845,-1.400,-5.759,0.9903,0,-0.118,1.502,-9.691,0.2906,4.869,0.761,-0.950,0.812,8.884,7.897,0.3685,-0.0589,0.611,0.611,-0.069,2.248,1.594,0.102,0.0049,-0.718,nan,0.00,1,1,1,0,1,-0.6835,0.833,1,0.601,6,-0.249,0,0,yolo,119.6,yolo,0,0,0,0.000,0,-1,0
1785653195.852,7.835,-1.370,-4.834,0.9904,0,-1.618,1.518,-9.990,0.2739,4.455,0.715,-0.844,0.742,9.123,12.380,-0.1858,-0.8530,0.634,0.373,-0.128,2.265,1.607,0.148,0.0049,-0.632,nan,0.00,1,1,1,1,1,-0.6835,0.833,1,0.601,6,-0.249,0,0,yolo,117.3,yolo,0,0,0,0.000,0,-1,0
1785653195.890,7.835,-1.370,-4.834,0.9904,0,-0.118,1.366,-9.861,0.2906,4.455,0.715,-0.844,0.742,9.123,7.016,0.2610,0.0000,0.634,0.634,-0.128,2.265,1.607,-0.003,0.0050,-0.632,nan,0.00,1,1,1,0,1,-0.6835,0.833,1,0.601,6,-0.249,1,0,yolo,117.3,yolo,0,0,0,0.000,0,-1,0
1785653195.916,8.005,-1.346,-3.899,0.9900,0,1.356,1.458,-9.764,0.2891,4.455,0.715,-0.844,0.742,9.123,6.650,0.2814,-0.0407,0.654,0.654,-0.169,2.282,1.608,0.113,0.0051,-0.632,nan,0.00,1,1,1,0,1,-0.6613,0.889,1,0.602,7,-0.230,0,0,yolo,117.3,yolo,0,0,0,0.000,0,-1,0
1785653195.947,7.815,-1.323,-2.930,0.9904,0,1.549,1.549,-9.691,0.2873,4.455,0.715,-0.844,0.742,9.123,6.266,0.3027,-0.0815,0.676,0.676,-0.210,2.299,1.605,0.227,0.0051,-0.636,nan,0.00,1,1,1,0,1,-0.6471,0.889,1,0.601,7,-0.233,0,0,yolo,117.3,yolo,0,0,0,0.000,0,-1,0
1785653195.998,7.646,-1.282,-1.969,0.9909,0,3.049,1.565,-8.264,0.3040,4.480,0.592,-0.903,0.747,7.523,3.911,0.7509,0.4761,0.696,0.517,-0.251,2.317,1.618,0.282,0.0052,-0.716,nan,0.00,1,1,1,1,1,-0.6306,0.944,1,0.600,8,-0.205,1,0,yolo,117.0,yolo,0,0,0,0.000,0,-1,0
1785653196.030,7.314,-1.223,-1.177,0.9916,0,4.234,1.567,-8.098,0.2915,4.480,0.592,-0.903,0.747,7.523,3.080,0.2017,-0.0424,0.718,0.718,-0.294,2.332,1.611,0.344,0.0053,-0.724,nan,0.00,1,1,1,0,1,0.0000,0.944,0,0.603,8,-0.200,1,0,yolo,117.0,yolo,0,0,0,0.000,0,-1,0
1785653196.056,6.930,-1.161,-0.536,0.9925,0,4.198,1.532,-7.973,0.2899,4.480,0.592,-0.903,0.747,7.523,2.732,0.2209,-0.0810,0.738,0.738,-0.332,2.345,1.604,0.372,0.0054,-0.734,nan,0.00,1,1,1,0,1,-0.6023,0.944,1,0.605,8,-0.195,0,0,yolo,117.0,yolo,0,0,0,0.000,0,-1,0
1785653196.088,6.930,-1.161,-0.536,0.9925,0,5.698,1.325,-6.473,0.3066,4.426,0.406,-0.916,0.738,5.244,-5.140,1.7605,0.3652,0.738,0.583,-0.332,2.345,1.625,0.164,0.0054,-0.770,nan,0.00,1,1,1,1,1,-0.6145,0.889,1,0.609,7,-0.203,0,0,yolo,123.0,yolo,0,0,0,0.000,0,-1,0
1785653196.120,6.555,-1.099,0.120,0.9933,0,7.198,1.344,-6.294,0.2926,4.426,0.406,-0.916,0.738,5.244,-1.726,0.1710,-0.0501,0.753,0.753,-0.382,2.358,1.617,0.245,0.0055,-0.779,nan,0.00,1,1,1,0,1,-0.6500,0.850,1,0.666,7,-0.159,0,0,yolo,123.0,yolo,0,0,0,0.000,0,-1,0
1785653196.152,6.055,-1.044,0.673,0.9943,0,8.080,1.341,-6.289,0.2902,4.426,0.406,-0.916,0.738,5.244,-2.024,0.1876,-0.1047,0.770,0.770,-0.437,2.369,1.610,0.297,0.0056,-0.787,nan,0.00,1,1,1,0,1,-0.6901,0.850,1,0.663,7,-0.163,0,0,yolo,123.0,yolo,0,0,0,0.000,0,-1,0
1785653196.184,5.243,-0.963,1.203,0.9957,0,7.608,1.319,-6.286,0.2874,4.426,0.406,-0.916,0.738,5.244,-2.364,0.2064,-0.1670,0.789,0.789,-0.499,2.381,1.598,0.356,0.0057,-0.800,nan,0.00,1,1,1,0,1,-0.7223,0.800,1,0.663,6,-0.164,0,0,yolo,123.0,yolo,0,0,0,0.000,0,-1,0
1785653196.214,4.579,-0.886,1.704,0.9967,0,9.108,1.298,-4.786,0.2992,4.349,0.186,-0.895,0.725,2.446,-13.807,2.1231,0.0924,0.800,0.737,-0.548,2.391,1.583,0.411,0.0057,-0.810,nan,0.00,1,1,1,1,1,-0.7464,0.800,1,0.663,6,-0.164,0,0,yolo,116.6,yolo,0,0,0,0.000,0,-1,0
1785653196.249,3.782,-0.800,2.202,0.9977,0,10.608,1.251,-3.664,0.2928,4.349,0.186,-0.895,0.725,2.446,-7.422,0.0732,-0.0511,0.810,0.810,-0.600,2.401,1.574,0.451,0.0058,-0.820,nan,0.00,1,1,1,0,1,-0.7888,0.750,1,0.667,5,-0.173,0,0,yolo,116.6,yolo,0,0,0,0.000,0,-1,0
1785653196.281,2.752,-0.698,2.509,0.9988,0,10.410,1.152,-3.456,0.2905,4.349,0.186,-0.895,0.725,2.446,-7.657,0.0863,-0.1041,0.823,0.823,-0.653,2.408,1.564,0.455,0.0059,-0.832,nan,0.00,1,1,1,0,1,-0.8322,0.700,1,0.673,4,-0.214,0,0,yolo,116.6,yolo,0,0,0,0.000,0,-1,0
1785653196.311,2.752,-0.698,2.509,0.9988,0,10.410,1.049,-3.301,0.2906,4.349,0.186,-0.895,0.725,2.446,-7.657,0.0863,-0.1041,0.823,0.823,-0.653,2.408,1.564,0.351,0.0060,-0.832,nan,0.00,1,1,1,0,1,-0.7232,0.325,1,0.676,3,-0.148,0,0,yolo,116.6,yolo,0,0,0,0.000,0,-1,0
1785653196.358,1.752,-0.594,2.785,0.9995,0,11.910,0.903,-1.801,0.2833,4.257,-0.038,-0.843,0.709,-0.510,-14.000,1.6473,-0.2428,0.831,0.829,-0.706,2.414,1.584,0.309,0.0061,-0.799,nan,0.00,1,1,1,1,1,-0.6141,0.325,1,0.674,3,-0.147,0,0,yolo,116.2,yolo,0,0,0,0.000,0,-1,0
1785653196.390,0.638,-0.488,3.111,0.9999,0,13.364,0.823,-0.512,0.2916,4.257,-0.038,-0.843,0.709,-0.510,-12.726,0.0006,-0.0626,0.830,0.830,-0.768,2.420,1.577,0.335,0.0062,-0.807,nan,0.00,1,1,1,0,1,-0.5050,0.325,1,0.674,3,-0.147,0,0,yolo,116.2,yolo,0,0,0,0.000,0,-1,0
1785653196.427,-0.841,-0.409,3.195,0.9999,0,11.927,0.706,-0.275,0.2891,4.257,-0.038,-0.843,0.709,-0.510,-12.768,0.0030,-0.1235,0.832,0.832,-0.829,2.422,1.573,0.298,0.0062,-0.812,nan,0.00,1,1,1,0,1,0.0000,0.425,0,0.672,7,-0.197,0,0,yolo,116.2,yolo,0,0,0,0.000,0,-1,0
1785653196.468,-2.038,-0.333,3.154,0.9994,0,11.962,0.440,1.225,0.2724,4.158,-0.257,-0.774,0.693,-3.543,-14.000,2.2011,-0.7206,0.828,1.019,-0.883,2.421,1.624,0.107,0.0063,-0.740,nan,0.00,1,1,1,1,1,0.0000,0.450,0,0.676,8,-0.122,0,0,yolo,114.4,yolo,0,0,0,0.000,0,-1,0
1785653196.498,-2.038,-0.333,3.154,0.9994,0,11.962,0.405,2.076,0.2891,4.158,-0.257,-0.774,0.693,-3.543,-14.000,-0.1912,0.0000,0.828,0.828,-0.883,2.421,1.624,0.073,0.0064,-0.740,nan,0.00,1,1,1,0,1,0.0000,0.450,0,0.676,8,-0.122,0,0,yolo,114.4,yolo,0,0,0,0.000,0,-1,0
1785653196.530,-3.468,-0.290,3.031,0.9982,0,10.532,0.293,2.171,0.2913,4.158,-0.257,-0.774,0.693,-3.543,-14.000,-0.2038,-0.0399,0.815,0.815,-0.923,2.418,1.628,0.003,0.0065,-0.736,nan,0.00,1,1,1,0,1,0.0000,0.833,0,0.591,6,-0.031,0,0,yolo,114.4,yolo,0,0,0,0.000,0,-1,0
1785653196.558,-4.641,-0.273,2.798,0.9967,0,9.359,0.076,3.671,0.2746,4.052,-0.432,-0.709,0.675,-6.091,-14.000,1.8025,-0.8336,0.796,1.062,-0.959,2.414,1.681,-0.197,0.0065,-0.652,nan,0.00,1,1,1,1,1,0.0000,0.688,0,0.573,3,0.035,0,0,yolo,106.7,yolo,0,0,0,0.000,0,-1,0
1785653196.593,-5.610,-0.296,2.458,0.9952,0,8.390,0.010,3.993,0.2902,4.052,-0.432,-0.709,0.675,-6.091,-14.000,-0.2863,-0.0225,0.776,0.776,-0.981,2.408,1.689,-0.286,0.0066,-0.642,nan,0.00,1,1,1,0,1,0.0000,0.688,0,0.573,3,0.035,0,0,yolo,106.7,yolo,0,0,0,0.000,0,-1,0
1785653196.623,-5.610,-0.296,2.458,0.9952,0,8.390,0.035,4.050,0.2903,4.052,-0.432,-0.709,0.675,-6.091,-14.000,-0.2863,-0.0225,0.776,0.776,-0.981,2.408,1.689,-0.261,0.0067,-0.642,nan,0.00,1,1,1,0,1,0.0000,0.800,0,0.262,3,0.193,0,0,yolo,106.7,yolo,0,0,0,0.000,0,-1,0
1785653196.655,-6.560,-0.334,2.027,0.9934,0,7.440,0.112,5.550,0.2736,3.773,-0.587,-0.570,0.629,-8.839,-14.000,1.3569,-1.2340,0.749,0.991,-1.002,2.401,1.645,-0.222,0.0067,-0.478,nan,0.00,1,1,1,1,1,0.0000,0.599,0,0.124,3,0.642,0,0,yolo,113.6,yolo,0,0,0,0.000,0,-1,0
1785653196.685,-7.454,-0.378,1.590,0.9915,0,6.546,0.092,6.228,0.2863,3.773,-0.587,-0.570,0.629,-8.839,-14.000,-0.2743,-0.0176,0.717,0.717,-1.019,2.395,1.653,-0.287,0.0067,-0.465,nan,0.00,1,1,1,0,1,0.0000,0.599,0,0.124,3,0.642,0,0,yolo,113.6,yolo,0,0,0,0.000,0,-1,0
1785653196.717,-7.454,-0.378,1.590,0.9915,0,6.546,0.135,6.467,0.2864,3.773,-0.587,-0.570,0.629,-8.839,-14.000,-0.2743,-0.0176,0.717,0.717,-1.019,2.395,1.653,-0.243,0.0068,-0.465,nan,0.00,1,1,1,0,1,0.0000,0.324,0,0.165,2,0.731,0,0,yolo,113.6,yolo,0,0,0,0.000,0,-1,0
1785653196.753,-8.235,-0.442,1.019,0.9897,0,5.765,0.121,6.646,0.2859,3.773,-0.587,-0.570,0.629,-8.839,-14.000,-0.3052,-0.0329,0.686,0.686,-1.035,2.389,1.660,-0.321,0.0068,-0.451,nan,0.00,1,1,1,0,1,0.0000,0.647,0,0.165,2,0.731,1,0,yolo,113.6,yolo,0,0,0,0.000,0,-1,0
1785653196.780,-8.828,-0.519,0.414,0.9881,0,5.172,0.303,7.682,0.2692,3.701,-0.698,-0.506,0.617,-10.680,-14.000,1.7839,-1.3829,0.655,0.979,-1.054,2.382,1.602,-0.216,0.0069,-0.359,nan,0.00,1,1,1,1,1,0.0000,0.618,0,0.140,3,0.797,0,0,yolo,114.5,yolo,0,0,0,0.000,0,-1,0
1785653196.810,-8.828,-0.519,0.414,0.9881,0,5.172,0.353,7.662,0.2851,3.701,-0.698,-0.506,0.617,-10.680,-14.000,-0.3240,0.0000,0.655,0.655,-1.054,2.382,1.602,-0.166,0.0069,-0.359,nan,0.00,1,1,1,0,1,0.0000,0.614,0,0.137,3,0.803,0,0,yolo,114.5,yolo,0,0,0,0.000,0,-1,0
1785653196.841,-9.424,-0.609,-0.374,0.9864,0,4.576,0.372,7.646,0.2849,3.701,-0.698,-0.506,0.617,-10.680,-14.000,-0.3613,-0.0068,0.617,0.617,-1.061,2.376,1.608,-0.236,0.0069,-0.345,nan,0.00,1,1,1,0,1,0.0000,0.623,0,0.144,3,0.788,0,0,yolo,114.5,yolo,0,0,0,0.000,0,-1,0
1785653196.871,-9.949,-0.700,-1.165,0.9849,0,4.051,0.424,7.634,0.2843,3.701,-0.698,-0.506,0.617,-10.680,-14.000,-0.4025,-0.0203,0.576,0.576,-1.074,2.370,1.614,-0.276,0.0070,-0.332,nan,0.00,1,1,1,0,1,0.0000,0.623,0,0.144,3,0.788,0,0,yolo,114.5,yolo,0,0,0,0.000,0,-1,0
1785653196.897,-9.949,-0.700,-1.165,0.9849,0,4.051,0.696,8.195,0.2677,3.618,-0.806,-0.449,0.603,-12.558,-14.000,0.8899,-0.5514,0.576,0.840,-1.074,2.370,1.525,-0.004,0.0070,-0.259,nan,0.00,1,1,1,1,1,0.0000,0.252,0,0.129,2,0.773,0,0,yolo,124.3,yolo,0,0,0,0.000,0,-1,0
1785653196.928,-10.372,-0.779,-1.859,0.9836,0,3.628,0.759,8.101,0.2824,3.618,-0.806,-0.449,0.603,-12.558,-14.000,-0.3065,-0.0159,0.533,0.533,-1.090,2.367,1.528,-0.021,0.0070,-0.247,nan,0.00,1,1,1,0,1,0.0000,0.255,0,0.136,2,0.788,0,0,yolo,124.3,yolo,0,0,0,0.000,0,-1,0
1785653196.950,-10.733,-0.835,-2.570,0.9824,0,3.267,0.822,8.030,0.2818,3.618,-0.806,-0.449,0.603,-12.558,-14.000,-0.3481,-0.0303,0.492,0.492,-1.105,2.365,1.528,-0.013,0.0071,-0.238,nan,0.00,1,1,1,0,1,0.0000,0.255,0,0.136,2,0.788,0,0,yolo,124.3,yolo,0,0,0,0.000,0,-1,0
1785653196.981,-11.035,-0.889,-3.240,0.9814,0,2.965,0.893,7.977,0.2813,3.618,-0.806,-0.449,0.603,-12.558,-14.000,-0.3878,-0.0416,0.452,0.452,-1.116,2.364,1.528,0.004,0.0071,-0.230,nan,0.00,1,1,1,0,1,0.0000,0.203,0,0.133,1,0.798,0,0,yolo,124.3,yolo,0,0,0,0.000,0,-1,0
1785653197.012,-11.035,-0.889,-3.240,0.9814,0,2.965,1.115,7.651,0.2647,3.509,-0.858,-0.370,0.585,-13.734,-14.000,0.5398,-0.6456,0.452,0.647,-1.116,2.364,1.450,0.226,0.0071,-0.144,nan,0.00,1,1,1,1,1,0.0000,0.400,0,0.125,1,0.797,0,0,yolo,118.1,yolo,0,0,0,0.000,0,-1,0
1785653197.043,-11.308,-0.937,-3.896,0.9805,0,2.692,1.181,7.545,0.2798,3.509,-0.858,-0.370,0.585,-13.734,-14.000,-0.2368,-0.0204,0.410,0.410,-1.136,2.364,1.450,0.244,0.0071,-0.137,nan,0.00,1,1,1,0,1,0.0000,0.250,0,0.125,2,0.799,0,0,yolo,118.1,yolo,0,0,0,0.000,0,-1,0
1785653197.075,-11.564,-0.963,-4.495,0.9796,0,2.436,1.236,7.466,0.2795,3.509,-0.858,-0.370,0.585,-13.734,-14.000,-0.2787,-0.0279,0.368,0.368,-1.144,2.365,1.450,0.273,0.0071,-0.131,nan,0.00,1,1,1,0,1,0.0000,0.500,0,0.125,2,0.802,0,0,yolo,118.1,yolo,0,0,0,0.000,0,-1,0
1785653197.108,-11.820,-0.978,-5.211,0.9787,0,2.180,1.291,7.407,0.2794,3.509,-0.858,-0.370,0.585,-13.734,-14.000,-0.3342,-0.0333,0.312,0.312,-1.149,2.368,1.450,0.313,0.0071,-0.126,nan,0.00,1,1,1,0,1,0.0000,0.500,0,0.125,2,0.802,0,0,yolo,118.1,yolo,0,0,0,0.000,0,-1,0
1785653197.139,-12.035,-0.991,-5.873,0.9779,0,1.965,1.342,7.362,0.2794,3.509,-0.858,-0.370,0.585,-13.734,-14.000,-0.3870,-0.0358,0.260,0.260,-1.152,2.371,1.450,0.351,0.0071,-0.122,nan,0.00,1,1,1,0,1,0.0000,0.499,0,0.124,2,0.812,0,0,yolo,118.1,yolo,0,0,0,0.000,0,-1,0
1785653197.170,-12.035,-0.991,-5.873,0.9779,0,1.965,1.328,7.329,0.2794,3.509,-0.858,-0.370,0.585,-13.734,-14.000,-0.3870,-0.0358,0.260,0.260,-1.152,2.371,1.450,0.337,0.0072,-0.122,nan,0.00,1,1,1,0,1,0.0000,0.496,0,0.121,2,0.811,0,0,yolo,118.1,yolo,0,0,0,0.000,0,-1,0
1785653197.200,-12.259,-1.002,-6.648,0.9770,0,1.741,1.392,7.304,0.2795,3.509,-0.858,-0.370,0.585,-13.734,-14.000,-0.4509,-0.0369,0.196,0.196,-1.153,2.376,1.450,0.390,0.0072,-0.118,nan,0.00,1,1,1,0,1,0.0000,0.364,0,0.080,2,0.798,0,0,yolo,118.1,yolo,0,0,0,0.000,0,-1,0
1785653197.231,-12.452,-1.008,-7.398,0.9763,0,1.548,1.451,7.285,0.2796,3.509,-0.858,-0.370,0.585,-13.734,-14.000,-0.5152,-0.0369,0.131,0.131,-1.153,2.381,1.450,0.443,0.0072,-0.114,nan,0.00,1,1,1,0,1,0.0000,0.364,0,0.080,2,0.798,0,0,yolo,118.1,yolo,0,0,0,0.000,0,-1,0
1785653197.269,-12.452,-1.008,-7.398,0.9763,0,1.548,1.417,7.271,0.2796,3.509,-0.858,-0.370,0.585,-13.734,-14.000,-0.5152,-0.0369,0.131,0.131,-1.153,2.381,1.450,0.409,0.0072,-0.114,nan,0.00,1,1,1,0,1,0.0000,0.364,0,0.080,2,0.798,1,0,yolo,118.1,yolo,0,0,0,0.000,0,-1,0
1785653197.310,-12.640,-1.010,-8.230,0.9756,0,1.360,1.842,5.814,0.2692,2.983,-0.840,0.048,0.497,-15.729,-14.000,-0.0000,-0.0000,0.058,0.058,-1.168,2.389,1.309,0.832,0.0072,0.283,nan,0.00,1,1,1,1,1,0.0000,0.185,0,0.087,2,0.823,0,0,yolo,157.6,yolo,0,0,0,0.000,0,-1,0
1785653197.340,-12.798,-0.977,-8.933,0.9750,0,1.202,1.877,5.471,0.2690,2.983,-0.840,0.048,0.497,-15.729,-14.000,-0.0688,-0.0078,-0.011,-0.011,-1.175,2.397,1.309,0.900,0.0071,0.284,nan,0.00,1,1,1,0,1,0.0000,0.274,0,0.082,1,0.840,0,0,yolo,157.6,yolo,0,0,0,0.000,0,-1,0
1785653197.372,-12.948,-0.881,-9.558,0.9745,0,1.052,1.855,5.213,0.2697,2.983,-0.840,0.048,0.497,-15.729,-14.000,-0.1558,0.0038,-0.098,-0.098,-1.164,2.406,1.309,0.974,0.0071,0.281,nan,0.00,1,1,1,0,1,0.0000,0.274,0,0.082,1,0.840,0,0,yolo,157.6,yolo,0,0,0,0.000,0,-1,0
1785653197.403,-12.948,-0.881,-9.558,0.9745,0,1.052,1.785,5.020,0.2697,2.983,-0.840,0.048,0.497,-15.729,-14.000,-0.1558,0.0038,-0.098,-0.098,-1.164,2.406,1.309,0.904,0.0071,0.281,nan,0.00,1,1,1,0,1,0.0000,0.255,0,0.051,1,0.827,0,0,yolo,157.6,yolo,0,0,0,0.000,0,-1,0
1785653197.433,-13.068,-0.802,-10.114,0.9740,0,0.932,1.759,4.684,0.2530,2.966,-0.820,0.107,0.494,-15.459,-14.000,-0.1393,-0.5008,-0.179,0.109,-1.147,2.415,1.315,0.957,0.0070,0.331,nan,0.00,1,1,1,1,1,0.0000,0.255,0,0.051,1,0.827,0,0,yolo,132.3,yolo,0,0,0,0.000,0,-1,0
1785653197.464,-13.068,-0.802,-10.114,0.9740,0,0.932,1.697,4.463,0.2681,2.966,-0.820,0.107,0.494,-15.459,-14.000,-0.2876,0.0000,-0.179,-0.179,-1.147,2.415,1.315,0.895,0.0070,0.331,nan,0.00,1,1,1,0,1,0.0000,0.168,0,0.046,2,0.841,0,0,yolo,132.3,yolo,0,0,0,0.000,0,-1,0
1785653197.496,-13.174,-0.716,-10.621,0.9736,0,0.826,1.681,4.296,0.2700,2.966,-0.820,0.107,0.494,-15.459,-14.000,-0.3706,0.0385,-0.262,-0.262,-1.108,2.424,1.316,0.965,0.0070,0.328,nan,0.00,1,1,1,0,1,0.0000,0.166,0,0.040,2,0.855,0,0,yolo,132.3,yolo,0,0,0,0.000,0,-1,0
1785653197.533,-13.266,-0.633,-11.070,0.9733,0,0.065,1.642,4.172,0.2719,2.966,-0.820,0.107,0.494,-15.459,-13.330,-0.4530,0.0761,-0.344,-0.344,-1.070,2.432,1.316,1.009,0.0069,0.325,nan,0.00,1,1,1,0,1,0.0000,0.334,0,0.043,2,0.885,0,0,yolo,132.3,yolo,0,0,0,0.000,0,-1,0
1785653197.574,-13.272,-0.560,-11.455,0.9732,0,0.728,1.584,3.631,0.2552,2.902,-0.783,0.192,0.484,-15.107,-14.000,-0.1337,-0.5290,-0.419,-0.086,-1.041,2.438,1.320,1.024,0.0069,0.395,nan,0.00,1,1,1,1,1,0.0000,0.334,0,0.043,2,0.885,0,0,yolo,111.7,yolo,0,0,0,0.000,0,-1,0
1785653197.606,-13.365,-0.471,-11.854,0.9729,0,-0.772,1.523,3.349,0.2683,2.902,-0.783,0.192,0.484,-15.107,-10.326,-0.4208,0.0422,-0.506,-0.506,-0.999,2.446,1.320,1.052,0.0069,0.392,nan,0.00,1,1,1,0,1,0.0000,0.335,0,0.043,2,0.904,0,0,yolo,111.7,yolo,0,0,0,0.000,0,-1,0
1785653197.645,-13.365,-0.471,-11.854,0.9729,0,-2.272,1.452,3.138,0.2682,2.902,-0.783,0.192,0.484,-15.107,-10.326,-0.4208,0.0422,-0.506,-0.506,-0.999,2.446,1.320,0.981,0.0068,0.392,nan,0.00,1,1,1,0,1,0.0000,0.254,0,0.048,1,0.925,0,0,yolo,111.7,yolo,0,0,0,0.000,0,-1,0
1785653197.690,-13.263,-0.378,-12.217,0.9733,0,-0.772,1.397,3.058,0.2516,2.778,-0.724,0.308,0.463,-14.610,-12.878,-0.1808,-0.6888,-0.600,-0.266,-0.956,2.452,1.320,1.019,0.0068,0.484,nan,0.00,1,1,1,1,0,0.0000,0.000,0,0.000,0,0.000,0,0,yolo,115.0,yolo,0,0,0,0.000,0,-1,0
1785653197.719,-13.034,-0.298,-12.528,0.9742,0,-2.272,1.332,3.263,0.2643,2.778,-0.724,0.308,0.463,-14.610,-6.497,-0.4176,0.0243,-0.684,-0.684,-0.932,2.458,1.321,1.034,0.0067,0.477,nan,0.00,1,1,1,0,0,0.0000,0.000,0,0.000,0,0.000,1,0,yolo,115.0,yolo,0,0,0,0.000,0,-1,0
1785653197.745,-12.806,-0.228,-12.859,0.9751,0,-3.772,1.277,3.417,0.2654,2.778,-0.724,0.308,0.463,-14.610,-5.085,-0.5033,0.0503,-0.769,-0.769,-0.906,2.464,1.322,1.049,0.0067,0.472,nan,0.00,1,1,1,0,0,0.0000,0.000,0,0.000,0,0.000,0,0,yolo,115.0,yolo,0,0,0,0.000,0,-1,0
1785653197.782,-12.407,-0.165,-13.207,0.9766,0,-3.744,1.234,2.639,0.2487,2.691,-0.674,0.420,0.448,-14.054,-8.662,-0.2610,-0.9162,-0.853,-0.473,-0.879,2.469,1.322,1.069,0.0066,0.563,nan,0.00,1,1,1,1,0,0.0000,0.000,0,0.000,0,0.000,0,0,yolo,110.7,yolo,0,0,0,0.000,0,-1,0
1785653197.828,-12.054,-0.099,-13.476,0.9779,0,-5.244,1.165,2.230,0.2609,2.691,-0.674,0.420,0.448,-14.054,-1.733,-0.4574,0.0293,-0.930,-0.930,-0.850,2.474,1.323,1.066,0.0066,0.557,nan,0.00,1,1,1,0,0,0.0000,0.000,0,0.000,0,0.000,0,0,yolo,110.7,yolo,0,0,0,0.000,0,-1,0
1785653197.854,-12.054,-0.099,-13.476,0.9779,0,-6.744,1.108,1.924,0.2609,2.691,-0.674,0.420,0.448,-14.054,-1.733,-0.4574,0.0293,-0.930,-0.930,-0.850,2.474,1.323,1.010,0.0065,0.557,nan,0.00,1,1,1,0,0,0.0000,0.000,0,0.000,0,0.000,0,0,yolo,110.7,yolo,0,0,0,0.000,0,-1,0
1785653197.890,-11.458,-0.010,-13.704,0.9801,0,-6.179,1.033,1.328,0.2442,2.598,-0.616,0.545,0.433,-13.328,-5.279,-0.2470,-0.7532,-1.020,-0.619,-0.814,2.477,1.320,1.023,0.0064,0.657,nan,0.00,1,1,1,1,0,0.0000,0.000,0,0.000,0,0.000,2,0,yolo,109.9,yolo,0,0,0,0.000,0,-1,0
1785653197.918,-10.859,0.066,-13.847,0.9821,0,-7.679,0.934,1.093,0.2576,2.598,-0.616,0.545,0.433,-13.328,2.051,-0.4781,0.0453,-1.097,-1.097,-0.769,2.479,1.322,1.000,0.0064,0.648,nan,0.00,1,1,1,0,0,0.0000,0.000,0,0.000,0,0.000,0,0,yolo,109.9,yolo,0,0,0,0.000,0,-1,0
1785653197.955,-10.115,0.142,-13.946,0.9845,0,-9.179,0.824,0.916,0.2594,2.598,-0.616,0.545,0.433,-13.328,3.277,-0.5524,0.0924,-1.171,-1.171,-0.721,2.479,1.324,0.966,0.0063,0.638,nan,0.00,1,1,1,0,0,0.0000,0.000,0,0.000,0,0.000,1,0,yolo,109.9,yolo,0,0,0,0.000,0,-1,0
1785653197.985,-10.115,0.142,-13.946,0.9845,0,-10.679,0.800,0.784,0.2593,2.598,-0.616,0.545,0.433,-13.328,3.277,-0.5524,0.0924,-1.171,-1.171,-0.721,2.479,1.324,0.943,0.0063,0.638,nan,0.00,1,1,1,0,0,0.0000,0.000,0,0.000,0,0.000,0,0,yolo,109.9,yolo,0,0,0,0.000,0,-1,0
1785653198.017,-9.183,0.213,-14.040,0.9872,0,-9.565,0.646,1.333,0.2426,2.459,-0.535,0.653,0.410,-12.267,0.382,-0.4554,-0.6708,-1.243,-0.852,-0.671,2.479,1.348,0.860,0.0063,0.619,nan,0.00,1,1,0,1,0,0.0000,0.000,0,0.000,0,0.000,0,0,yolo,114.5,yolo,0,0,0,0.000,0,-1,0
1785653198.047,-8.087,0.286,-14.126,0.9900,0,-11.065,0.537,2.090,0.2260,2.459,-0.535,0.653,0.410,-12.267,6.903,-0.4565,-0.6322,-1.309,-1.309,-0.632,2.477,1.353,0.823,0.0063,0.601,nan,0.00,1,1,0,0,0,0.0000,0.000,0,0.000,0,0.000,0,0,yolo,114.5,yolo,0,0,0,0.000,0,-1,0
1785653198.074,-7.024,0.322,-14.290,0.9925,0,-12.565,0.493,2.658,0.2288,2.459,-0.535,0.653,0.410,-12.267,7.717,-0.5068,-0.5715,-1.359,-1.359,-0.572,2.478,1.357,0.816,0.0063,0.583,nan,0.00,1,1,0,0,0,0.0000,0.000,0,0.000,0,0.000,0,0,yolo,114.5,yolo,0,0,0,0.000,0,-1,0
1785653198.110,-5.947,0.348,-14.502,0.9946,0,-14.065,0.478,3.084,0.2319,2.459,-0.535,0.653,0.410,-12.267,8.312,-0.5436,-0.5035,-1.396,-1.396,-0.503,2.480,1.361,0.825,0.0063,0.565,nan,0.00,1,1,0,0,0,0.0000,0.000,0,0.000,0,0.000,0,0,yolo,114.5,yolo,0,0,0,0.000,0,-1,0
1785653198.142,-5.931,0.348,-14.505,0.9946,0,-14.251,0.459,3.404,0.2325,2.459,-0.535,0.653,0.410,-12.267,8.319,-0.5440,-0.5023,-1.396,-1.396,-0.502,2.480,1.365,0.807,0.0063,0.548,nan,0.00,1,1,0,0,0,0.0000,0.000,0,0.000,0,0.000,0,0,yolo,114.5,yolo,0,0,0,0.000,0,-1,0
1785653198.172,-4.594,0.372,-14.779,0.9968,0,-13.343,0.463,3.644,0.2372,2.459,-0.535,0.653,0.410,-12.267,8.749,-0.5706,-0.3978,-1.423,-1.423,-0.398,2.483,1.369,0.834,0.0063,0.532,nan,0.00,1,1,0,0,0,0.0000,0.000,0,0.000,0,0.000,0,0,yolo,114.5,yolo,0,0,0,0.000,0,-1,0
1785653198.198,-3.320,0.399,-15.090,0.9983,0,-12.275,0.464,3.823,0.2424,2.459,-0.535,0.653,0.410,-12.267,8.955,-0.5834,-0.2833,-1.436,-1.436,-0.283,2.487,1.373,0.863,0.0063,0.516,nan,0.00,1,1,0,0,0,0.0000,0.000,0,0.000,0,0.000,0,0,yolo,114.5,yolo,0,0,0,0.000,0,-1,0
1785653198.228,-2.110,0.431,-15.440,0.9993,0,-11.047,0.460,3.958,0.2472,2.459,-0.535,0.653,0.410,-12.267,8.937,-0.5823,-0.1836,-1.435,-1.435,-0.184,2.491,1.376,0.891,0.0063,0.500,nan,0.00,1,1,0,0,0,0.0000,0.000,0,0.000,0,0.000,0,0,yolo,114.5,yolo,0,0,0,0.000,0,-1,0
1785653198.266,-2.110,0.431,-15.440,0.9993,0,-11.047,0.420,4.059,0.2476,2.459,-0.535,0.653,0.410,-12.267,8.937,-0.5823,-0.1836,-1.435,-1.435,-0.184,2.491,1.380,0.851,0.0063,0.485,nan,0.00,1,1,0,0,0,0.0000,0.000,0,0.000,0,0.000,0,0,yolo,114.5,yolo,0,0,0,0.000,0,-1,0
1785653198.293,-0.790,0.478,-15.868,0.9999,0,-9.547,0.411,4.135,0.2522,2.459,-0.535,0.653,0.410,-12.267,8.645,-0.5642,-0.0882,-1.417,-1.417,-0.088,2.497,1.383,0.889,0.0063,0.471,nan,0.00,1,1,0,0,0,0.0000,0.000,0,0.000,0,0.000,0,0,yolo,114.5,yolo,0,0,0,0.000,0,-1,0
1785653198.328,0.245,0.522,-16.267,0.9999,0,-9.755,1.350,2.635,0.2555,nan,nan,nan,0.000,0.000,10.000,0.0000,-0.0243,-1.389,-1.389,-0.024,2.501,1.000,1.872,0.0063,0.457,nan,0.00,0,0,0,0,0,0.0000,0.000,0,0.000,0,0.000,0,0,,,FLYING,0,0,0,0.000,0,-1,0
1785653198.358,0.245,0.522,-16.267,0.9999,0,-9.755,1.314,1.135,0.2559,nan,nan,nan,0.000,0.000,10.000,0.0000,-0.0243,-1.389,-1.389,-0.024,2.501,1.000,1.836,0.0063,0.443,nan,0.00,0,0,0,0,0,0.0000,0.000,0,0.000,0,0.000,0,0,,,FLYING,0,0,0,0.000,0,-1,0
1785653198.388,1.357,0.681,-16.537,0.9996,0,-8.643,1.124,0.000,0.2586,nan,nan,nan,0.000,0.000,10.000,0.0000,0.0253,-1.355,-1.355,0.025,2.500,1.000,1.805,0.0063,0.430,nan,0.00,0,0,0,0,0,0.0000,0.000,0,0.000,0,0.000,0,0,,,FLYING,0,0,0,0.000,0,-1,0
1785653198.421,2.317,0.795,-16.528,0.9991,0,-7.683,0.886,0.000,0.2609,nan,nan,nan,0.000,0.000,10.000,0.0000,0.0637,-1.325,-1.325,0.064,2.492,1.000,1.681,0.0063,0.417,nan,0.00,0,0,0,0,0,0.0000,0.000,0,0.000,0,0.000,1,0,,,FLYING,0,0,0,0.000,0,-1,0
1785653198.448,3.122,0.881,-16.469,0.9984,0,-6.878,0.689,0.000,0.2626,nan,nan,nan,0.000,0.000,10.000,0.0000,0.0905,-1.293,-1.293,0.091,2.483,1.000,1.570,0.0063,0.404,nan,0.00,0,0,0,0,1,0.0000,0.154,0,0.011,0,0.671,0,0,,,FLYING,0,0,0,0.000,0,-1,0
1785653198.485,3.122,0.881,-16.469,0.9984,0,-6.878,0.730,0.000,0.2630,nan,nan,nan,0.000,0.000,10.000,0.0000,0.0905,-1.293,-1.293,0.091,2.483,1.000,1.611,0.0063,0.392,nan,0.00,0,0,0,0,0,0.0000,0.000,0,0.000,0,0.000,0,0,,,FLYING,0,0,0,0.000,0,-1,0
1785653198.531,3.937,0.965,-16.482,0.9975,0,-6.040,0.548,0.000,0.2646,nan,nan,nan,0.000,0.000,9.977,0.0000,0.1124,-1.247,-1.247,0.112,2.473,1.000,1.513,0.0063,0.380,nan,0.00,0,0,0,0,0,0.0000,0.000,0,0.000,0,0.000,0,0,,,FLYING,0,0,0,0.000,0,-1,0
1785653198.561,4.621,1.025,-16.484,0.9966,0,-4.969,0.410,0.000,0.2658,nan,nan,nan,0.000,0.000,9.591,0.0000,0.1267,-1.199,-1.199,0.127,2.464,1.000,1.435,0.0063,0.369,nan,0.00,0,0,0,0,0,0.0000,0.000,0,0.000,0,0.000,0,0,,,FLYING,0,0,0,0.000,0,-1,0
1785653198.587,5.142,1.067,-16.475,0.9958,0,-4.076,0.312,0.000,0.2667,nan,nan,nan,0.000,0.000,9.217,0.0000,0.1349,-1.152,-1.152,0.135,2.454,1.000,1.378,0.0063,0.358,nan,0.00,0,0,0,0,0,0.0000,0.000,0,0.000,0,0.000,0,0,,,FLYING,0,0,0,0.000,0,-1,0
1785653198.622,5.142,1.067,-16.475,0.9958,0,-4.076,0.389,0.000,0.2670,nan,nan,nan,0.000,0.000,9.217,0.0000,0.1349,-1.152,-1.152,0.135,2.454,1.000,1.456,0.0063,0.347,nan,0.00,0,0,0,0,0,0.0000,0.000,0,0.000,0,0.000,0,0,,,FLYING,0,0,0,0.000,0,-1,0
1785653198.654,5.555,1.098,-16.472,0.9951,0,-5.576,-0.206,-1.500,0.2569,11.804,11.206,-0.373,1.000,25.000,14.000,-0.0000,-0.0000,-1.106,-1.106,0.139,2.445,1.200,0.892,0.0062,0.487,nan,0.00,1,1,1,1,0,0.0000,0.000,0,0.000,0,0.000,0,0,yolo,113.3,yolo,0,0,0,0.000,0,-1,0
1785653198.686,5.990,1.139,-16.469,0.9943,0,-7.076,-0.305,-3.000,0.2735,12.105,11.359,-0.568,1.000,25.000,14.000,-0.0000,2.0000,-1.055,-1.344,0.141,2.436,1.200,0.834,0.0062,0.380,nan,0.00,1,1,1,1,0,0.0000,0.000,0,0.000,0,0.000,0,0,yolo,119.9,yolo,0,0,0,0.000,0,-1,0
1785653198.709,6.514,1.154,-16.431,0.9933,0,-7.486,-0.370,-4.500,0.2574,12.105,11.359,-0.568,1.000,25.000,14.000,0.3401,-0.0011,-1.004,-1.004,0.139,2.427,1.200,0.784,0.0061,0.481,nan,0.00,1,1,1,0,0,0.0000,0.000,0,0.000,0,0.000,0,0,yolo,119.9,yolo,0,0,0,0.000,0,-1,0
1785653198.746,6.514,1.154,-16.431,0.9933,0,-7.486,-0.285,-6.000,0.2573,12.105,11.359,-0.568,1.000,25.000,14.000,0.3401,-0.0011,-1.004,-1.004,0.139,2.427,1.200,0.868,0.0061,0.481,nan,0.00,1,1,1,0,0,0.0000,0.000,0,0.000,0,0.000,0,0,yolo,119.9,yolo,0,0,0,0.000,0,-1,0
1785653198.777,7.297,1.063,-15.972,0.9917,0,-6.703,-0.355,-7.500,0.2525,12.105,11.359,-0.568,1.000,25.000,14.000,0.3820,0.0022,-0.962,-0.962,0.143,2.410,1.200,0.708,0.0060,0.655,nan,0.00,1,1,1,0,0,0.0000,0.000,0,0.000,0,0.000,0,0,yolo,119.9,yolo,0,0,0,0.000,0,-1,0
1785653198.810,8.044,0.967,-15.437,0.9900,0,-5.956,-0.382,-9.000,0.2692,12.358,11.536,-0.837,1.000,25.000,14.000,-0.0000,0.7788,-0.921,-1.262,0.155,2.394,1.200,0.585,0.0060,0.577,nan,0.00,1,1,1,1,0,0.0000,0.000,0,0.000,0,0.000,0,0,yolo,112.0,yolo,0,0,0,0.000,0,-1,0
1785653198.838,8.686,0.799,-14.580,0.9884,0,-5.314,-0.369,-10.500,0.2525,12.358,11.536,-0.837,1.000,25.000,14.000,0.3794,0.0145,-0.883,-0.883,0.169,2.373,1.200,0.430,0.0059,0.743,nan,0.00,1,1,1,0,0,0.0000,0.000,0,0.000,0,0.000,2,0,yolo,112.0,yolo,0,0,0,0.000,0,-1,0
1785653198.866,8.686,0.799,-14.580,0.9884,0,-5.314,-0.218,-12.000,0.2511,12.358,11.536,-0.837,1.000,25.000,14.000,0.3794,0.0145,-0.883,-0.883,0.169,2.373,1.200,0.580,0.0058,0.743,nan,0.00,1,1,1,0,0,0.0000,0.000,0,0.000,0,0.000,0,0,yolo,112.0,yolo,0,0,0,0.000,0,-1,0
1785653198.902,9.304,0.583,-13.467,0.9868,0,-4.696,-0.201,-12.000,0.2677,12.484,11.687,-1.073,1.000,25.000,14.000,-0.0000,0.3946,-0.846,-1.181,0.198,2.350,1.200,0.382,0.0057,0.703,nan,0.00,1,1,1,1,0,0.0000,0.000,0,0.000,0,0.000,0,0,yolo,110.3,yolo,0,0,0,0.000,0,-1,0
1785653198.948,9.796,0.383,-12.387,0.9854,0,-4.204,-0.115,-12.000,0.2511,12.484,11.687,-1.073,1.000,25.000,14.000,0.3668,0.0295,-0.814,-0.814,0.227,2.330,1.200,0.268,0.0056,0.847,nan,0.00,1,1,1,0,0,0.0000,0.000,0,0.000,0,0.000,0,0,yolo,110.3,yolo,0,0,0,0.000,0,-1,0
1785653198.978,10.283,0.156,-11.168,0.9839,0,-3.717,0.016,-12.000,0.2466,12.484,11.687,-1.073,1.000,25.000,14.000,0.4059,0.0666,-0.775,-0.775,0.264,2.311,1.200,0.173,0.0055,0.996,nan,0.00,1,1,1,0,0,0.0000,0.000,0,0.000,0,0.000,0,0,yolo,110.3,yolo,0,0,0,0.000,0,-1,0
1785653199.005,10.695,-0.052,-10.035,0.9826,0,-3.305,0.192,-12.000,0.2449,12.484,11.687,-1.073,1.000,25.000,14.000,0.4466,0.1086,-0.734,-0.734,0.306,2.295,1.200,0.141,0.0055,1.125,nan,0.00,1,1,1,0,0,0.0000,0.000,0,0.000,0,0.000,0,0,yolo,110.3,yolo,0,0,0,0.000,0,-1,0
1785653199.042,10.699,-0.054,-10.022,0.9826,0,-3.301,0.371,-12.000,0.2616,12.225,11.351,-1.315,1.000,25.000,14.000,-0.0000,2.0000,-0.734,-0.525,0.307,2.294,1.200,0.317,0.0055,0.827,nan,0.00,1,1,1,1,0,0.0000,0.000,0,0.000,0,0.000,0,0,yolo,115.9,yolo,0,0,0,0.000,0,-1,0
1785653199.074,11.046,-0.244,-8.926,0.9815,0,-2.954,0.509,-12.000,0.2485,12.225,11.351,-1.315,1.000,25.000,14.000,-0.1681,0.0588,-0.693,-0.693,0.366,2.281,1.200,0.265,0.0054,0.936,nan,0.00,1,1,1,0,0,0.0000,0.000,0,0.000,0,0.000,0,0,yolo,115.9,yolo,0,0,0,0.000,0,-1,0
1785653199.105,11.330,-0.397,-7.910,0.9805,0,-2.670,0.649,-12.000,0.2489,12.225,11.351,-1.315,1.000,25.000,14.000,-0.1291,0.1205,-0.654,-0.654,0.428,2.270,1.200,0.251,0.0054,1.025,nan,0.00,1,1,1,0,0,0.0000,0.000,0,0.000,0,0.000,0,0,yolo,115.9,yolo,0,0,0,0.000,0,-1,0
1785653199.133,11.590,-0.545,-6.875,0.9796,0,-2.410,0.797,-12.000,0.2656,12.992,11.803,-1.739,1.000,25.000,14.000,-0.0000,1.7525,-0.613,-0.898,0.488,2.261,1.200,0.252,0.0053,0.792,nan,0.00,1,1,1,1,0,0.0000,0.000,0,0.000,0,0.000,1,0,yolo,117.2,yolo,0,0,0,0.000,0,-1,0
1785653199.163,11.590,-0.545,-6.875,0.9796,0,-2.410,0.917,-12.000,0.2506,12.992,11.803,-1.739,1.000,25.000,14.000,0.2850,0.0000,-0.613,-0.613,0.488,2.261,1.200,0.372,0.0052,0.792,nan,0.00,1,1,1,0,0,0.0000,0.000,0,0.000,0,0.000,0,0,yolo,117.2,yolo,0,0,0,0.000,0,-1,0
1785653199.200,11.810,-0.676,-5.899,0.9788,0,-2.190,1.030,-12.000,0.2506,12.992,11.803,-1.739,1.000,25.000,14.000,0.3252,0.0481,-0.573,-0.573,0.537,2.253,1.200,0.354,0.0051,0.867,nan,0.00,1,1,1,0,0,0.0000,0.000,0,0.000,0,0.000,0,0,yolo,117.2,yolo,0,0,0,0.000,0,-1,0
1785653199.229,12.041,-0.809,-4.853,0.9779,0,-1.959,1.157,-12.000,0.2503,12.992,11.803,-1.739,1.000,25.000,14.000,0.3696,0.0919,-0.528,-0.528,0.580,2.246,1.200,0.348,0.0050,0.945,nan,0.00,1,1,1,0,0,0.0000,0.000,0,0.000,0,0.000,0,0,yolo,117.2,yolo,0,0,0,0.000,0,-1,0
1785653199.259,12.247,-0.938,-3.649,0.9771,0,-1.753,1.283,-12.000,0.2670,13.389,11.543,-2.050,1.000,25.000,14.000,-0.0000,2.0000,-0.476,-0.266,0.626,2.240,1.200,0.344,0.0050,0.665,nan,0.00,1,1,1,1,0,0.0000,0.000,0,0.000,0,0.000,1,0,yolo,111.9,yolo,0,0,0,0.000,0,-1,0
1785653199.283,12.247,-0.938,-3.649,0.9771,0,-1.753,1.359,-12.000,0.2548,13.389,11.543,-2.050,1.000,25.000,14.000,-0.2105,0.0000,-0.476,-0.476,0.626,2.240,1.200,0.421,0.0049,0.665,nan,0.00,1,1,1,0,0,0.0000,0.000,0,0.000,0,0.000,0,0,yolo,111.9,yolo,0,0,0,0.000,0,-1,0
1785653199.321,12.426,-1.055,-2.482,0.9764,0,-1.574,1.470,-12.000,0.2546,13.389,11.543,-2.050,1.000,25.000,14.000,-0.1593,0.0367,-0.425,-0.425,0.662,2.235,1.200,0.415,0.0048,0.729,nan,0.00,1,1,1,0,0,0.0000,0.000,0,0.000,0,0.000,0,0,yolo,111.9,yolo,0,0,0,0.000,0,-1,0
1785653199.352,12.583,-1.157,-1.296,0.9758,0,-1.417,1.583,-12.000,0.2546,13.389,11.543,-2.050,1.000,25.000,14.000,-0.1065,0.0711,-0.372,-0.372,0.697,2.232,1.200,0.426,0.0047,0.784,nan,0.00,1,1,1,0,0,0.0000,0.000,0,0.000,0,0.000,2,0,yolo,111.9,yolo,0,0,0,0.000,0,-1,0
1785653199.381,12.733,-1.258,-0.148,0.9752,0,-1.267,1.715,-12.000,0.2712,14.048,11.265,-2.367,1.000,25.000,14.000,-0.0000,2.0000,-0.320,0.211,0.733,2.231,1.200,0.457,0.0047,0.482,nan,0.00,1,1,1,1,0,0.0000,0.000,0,0.000,0,0.000,0,0,yolo,115.8,yolo,0,0,0,0.000,0,-1,0
1785653199.417,12.735,-1.260,-0.127,0.9752,0,-1.265,1.753,-12.000,0.2607,14.048,11.265,-2.367,1.000,25.000,14.000,-0.5295,0.0007,-0.319,-0.319,0.733,2.231,1.200,0.493,0.0047,0.483,nan,0.00,1,1,1,0,0,0.0000,0.000,0,0.000,0,0.000,0,0,yolo,115.8,yolo,0,0,0,0.000,0,-1,0
1785653199.448,12.853,-1.340,1.055,0.9747,0,-1.147,1.858,-12.000,0.2607,14.048,11.265,-2.367,1.000,25.000,14.000,-0.4755,0.0293,-0.265,-0.265,0.762,2.231,1.200,0.518,0.0046,0.527,nan,0.00,1,1,1,0,0,0.0000,0.000,0,0.000,0,0.000,0,0,yolo,115.8,yolo,0,0,0,0.000,0,-1,0
1785653199.494,12.953,-1.407,2.207,0.9743,0,-1.047,1.959,-12.000,0.2774,14.381,10.592,-2.530,1.000,25.000,14.000,-0.0000,1.9858,-0.212,-0.091,0.789,2.232,1.200,0.552,0.0046,0.262,nan,0.00,1,1,1,1,0,0.0000,0.000,0,0.000,0,0.000,0,0,yolo,108.2,yolo,0,0,0,0.000,0,-1,0
1785653199.525,13.045,-1.466,3.407,0.9739,0,-0.955,2.061,-12.000,0.2757,14.381,10.592,-2.530,1.000,25.000,14.000,-0.0657,0.0201,-0.157,-0.157,0.809,2.235,1.200,0.594,0.0045,0.294,nan,0.00,1,1,1,0,0,0.0000,0.000,0,0.000,0,0.000,0,0,yolo,108.2,yolo,0,0,0,0.000,0,-1,0
1785653199.553,13.045,-1.466,3.407,0.9739,0,-0.955,2.059,-12.000,0.2757,14.381,10.592,-2.530,1.000,25.000,14.000,-0.0657,0.0201,-0.157,-0.157,0.809,2.235,1.200,0.592,0.0045,0.294,nan,0.00,1,1,1,0,0,0.0000,0.000,0,0.000,0,0.000,0,0,yolo,108.2,yolo,0,0,0,0.000,0,-1,0
1785653199.588,13.120,-1.515,4.551,0.9736,0,-0.880,2.151,-12.000,0.2924,14.882,10.023,-2.676,1.000,25.000,14.000,-0.0000,2.0000,-0.104,0.190,0.818,2.238,1.200,0.637,0.0045,0.062,nan,0.00,1,1,1,1,0,0.0000,0.000,0,0.000,0,0.000,0,0,yolo,109.4,yolo,0,0,0,0.000,0,-1,0
1785653199.620,13.195,-1.564,5.737,0.9732,0,-0.805,2.253,-12.000,0.2759,14.882,10.023,-2.676,1.000,25.000,14.000,-0.2393,-0.0036,-0.049,-0.049,0.815,2.243,1.200,0.689,0.0045,0.089,nan,0.00,1,1,1,0,0,0.0000,0.000,0,0.000,0,0.000,0,0,yolo,109.4,yolo,0,0,0,0.000,0,-1,0
1785653199.646,13.256,-1.597,7.008,0.9730,0,-0.744,2.346,-12.000,0.2759,14.882,10.023,-2.676,1.000,25.000,14.000,-0.1808,-0.0137,0.009,0.009,0.805,2.250,1.200,0.749,0.0045,0.108,nan,0.00,1,1,1,0,0,0.0000,0.000,0,0.000,0,0.000,0,0,yolo,109.4,yolo,0,0,0,0.000,0,-1,0
1785653199.684,13.256,-1.597,7.008,0.9730,0,-0.744,2.309,-12.000,0.2926,16.301,9.688,-3.032,1.000,25.000,14.000,-0.0000,2.0000,0.009,0.639,0.805,2.250,1.200,0.711,0.0045,-0.275,nan,0.00,1,1,1,1,0,0.0000,0.000,0,0.000,0,0.000,0,0,yolo,98.3,yolo,0,0,0,0.000,0,-1,0
1785653199.713,13.306,-1.621,8.154,0.9728,0,-0.694,2.399,-12.000,0.2834,16.301,9.688,-3.032,1.000,25.000,14.000,-0.5770,-0.0144,0.062,0.062,0.790,2.257,1.200,0.778,0.0045,-0.260,nan,0.00,1,1,1,0,0,0.0000,0.000,0,0.000,0,0.000,0,0,yolo,98.3,yolo,0,0,0,0.000,0,-1,0
1785653199.744,13.353,-1.641,9.427,0.9726,0,-0.647,2.496,-12.000,0.2821,16.301,9.688,-3.032,1.000,25.000,14.000,-0.5188,-0.0351,0.120,0.120,0.770,2.265,1.200,0.856,0.0046,-0.246,nan,0.00,1,1,1,0,0,0.0000,0.000,0,0.000,0,0.000,0,0,yolo,98.3,yolo,0,0,0,0.000,0,-1,0
1785653199.778,13.353,-1.641,9.427,0.9726,0,-0.647,2.439,-12.000,0.2821,16.301,9.688,-3.032,1.000,25.000,14.000,-0.5188,-0.0351,0.120,0.120,0.770,2.265,1.200,0.798,0.0046,-0.246,nan,0.00,1,1,1,0,0,0.0000,0.000,0,0.000,0,0.000,0,0,yolo,98.3,yolo,0,0,0,0.000,0,-1,0
1785653199.824,13.393,-1.650,10.652,0.9724,0,-0.607,2.538,-12.000,0.2808,16.301,9.688,-3.032,1.000,25.000,14.000,-0.4633,-0.0585,0.176,0.176,0.746,2.275,1.200,0.888,0.0046,-0.236,nan,0.00,1,1,1,0,0,0.0000,0.000,0,0.000,0,0.000,0,0,yolo,98.3,yolo,0,0,0,0.000,0,-1,0
1785653199.854,13.430,-1.667,11.818,0.9722,0,-0.570,2.639,-12.000,0.2794,16.301,9.688,-3.032,1.000,25.000,14.000,-0.4106,-0.0826,0.228,0.228,0.722,2.286,1.200,0.972,0.0046,-0.225,nan,0.00,1,1,1,0,0,0.0000,0.000,0,0.000,0,0.000,0,0,yolo,98.3,yolo,0,0,0,0.000,0,-1,0
1785653199.885,13.458,-1.661,13.020,0.9721,0,-0.542,2.715,-12.000,0.2782,16.301,9.688,-3.032,1.000,25.000,14.000,-0.3572,-0.1076,0.282,0.282,0.697,2.298,1.200,1.054,0.0047,-0.221,nan,0.00,1,1,1,0,0,0.0000,0.000,0,0.000,0,0.000,0,0,yolo,98.3,yolo,0,0,0,0.000,0,-1,0
1785653199.934,13.484,-1.650,14.223,0.9720,0,-0.516,2.784,-12.000,0.2770,16.301,9.688,-3.032,1.000,25.000,14.000,-0.3043,-0.1334,0.335,0.335,0.671,2.311,1.200,1.134,0.0047,-0.220,nan,0.00,1,1,1,0,0,0.0000,0.000,0,0.000,0,0.000,0,0,yolo,98.3,yolo,0,0,0,0.000,0,-1,0
1785653199.960,13.506,-1.633,15.351,0.9720,0,-0.494,2.836,-12.000,0.2761,16.301,9.688,-3.032,1.000,25.000,14.000,-0.2553,-0.1547,0.384,0.384,0.650,2.324,1.200,1.203,0.0047,-0.221,nan,0.00,1,1,1,0,0,0.0000,0.000,0,0.000,0,0.000,0,0,yolo,98.3,yolo,0,0,0,0.000,0,-1,0
1785653199.996,13.506,-1.633,15.351,0.9720,0,1.006,1.336,-10.500,0.2692,10.373,-1.268,0.243,1.000,-6.970,-14.000,-0.0000,-0.0000,0.384,0.384,0.650,2.324,2.119,-1.213,0.0047,0.236,nan,0.00,1,1,1,1,0,0.0000,0.000,0,0.000,0,0.000,0,0,yolo,103.8,yolo,0,0,0,0.000,0,-1,0
1785653200.027,13.526,-1.611,16.528,0.9719,0,2.506,0.511,-9.000,0.2693,10.373,-1.268,0.243,1.000,-6.970,-14.000,-0.0000,-0.0000,0.434,0.434,0.631,2.339,2.119,-1.100,0.0047,0.231,nan,0.00,1,1,1,1,0,0.0000,0.000,0,0.000,0,0.000,0,0,yolo,103.8,yolo,0,0,0,0.000,0,-1,0
1785653200.058,13.192,-1.790,17.412,0.9731,0,4.006,0.882,-7.500,0.2677,10.373,-1.268,0.243,1.000,-6.970,-14.000,-0.0000,-0.0000,0.494,0.494,0.620,2.358,2.100,-0.908,0.0046,0.271,nan,0.00,1,1,1,1,0,0.0000,0.000,0,0.000,0,0.000,0,0,yolo,103.8,yolo,0,0,0,0.000,0,-1,0
1785653200.084,12.785,-1.832,18.035,0.9747,0,5.506,1.037,-6.000,0.2667,10.373,-1.268,0.243,1.000,-6.970,-14.000,-0.0000,-0.0000,0.550,0.550,0.618,2.373,2.084,-0.795,0.0046,0.288,nan,0.00,1,1,1,1,0,0.0000,0.000,0,0.000,0,0.000,0,0,yolo,103.8,yolo,0,0,0,0.000,0,-1,0
1785653200.121,12.785,-1.832,18.035,0.9747,0,7.006,1.151,-4.500,0.2834,10.261,-1.558,0.251,1.000,-8.631,-14.000,2.2304,0.4482,0.550,0.663,0.618,2.373,1.981,-0.681,0.0046,0.228,nan,0.00,1,1,1,1,0,0.0000,0.000,0,0.000,0,0.000,0,0,yolo,108.4,yolo,0,0,0,0.000,0,-1,0
1785653200.167,12.210,-1.838,18.591,0.9769,0,8.506,1.272,-3.000,0.2675,10.261,-1.558,0.251,1.000,-8.631,-14.000,-0.0581,0.0025,0.605,0.605,0.620,2.389,1.981,-0.567,0.0046,0.245,nan,0.00,1,1,1,0,0,0.0000,0.000,0,0.000,0,0.000,1,0,yolo,108.4,yolo,0,0,0,0.000,0,-1,0
1785653200.199,11.437,-1.799,19.035,0.9797,0,10.006,1.923,-1.500,0.2842,10.062,-2.051,0.282,1.000,-11.523,-14.000,5.0791,0.5979,0.662,1.069,0.620,2.405,1.740,0.124,0.0045,0.185,nan,0.00,1,1,1,1,1,0.0000,0.170,0,0.050,0,0.923,0,0,yolo,107.1,yolo,0,0,0,0.000,0,-1,0
1785653200.238,10.632,-1.727,19.308,0.9824,0,11.506,1.880,0.000,0.2675,10.062,-2.051,0.282,1.000,-11.523,-14.000,-0.3608,0.0013,0.708,0.708,0.621,2.418,1.740,0.153,0.0045,0.202,nan,0.00,1,1,1,0,1,0.0000,0.171,0,0.053,0,0.922,0,0,yolo,107.1,yolo,0,0,0,0.000,0,-1,0
1785653200.275,9.741,-1.580,19.461,0.9852,0,13.006,1.718,1.500,0.2659,10.062,-2.051,0.282,1.000,-11.523,-14.000,-0.3197,-0.0055,0.749,0.749,0.614,2.427,1.740,0.138,0.0045,0.208,nan,0.00,1,1,1,0,1,0.0000,0.173,0,0.059,0,0.925,0,0,yolo,107.1,yolo,0,0,0,0.000,0,-1,0
1785653200.316,7.670,-1.269,19.408,0.9908,0,14.506,1.419,3.000,0.2630,10.062,-2.051,0.282,1.000,-11.523,-14.000,-0.2504,-0.0240,0.819,0.819,0.596,2.438,1.740,0.150,0.0045,0.228,nan,0.00,1,1,1,0,1,0.0000,0.174,0,0.059,0,0.926,0,0,yolo,107.1,yolo,0,0,0,0.000,0,-1,0
1785653200.352,7.670,-1.269,19.408,0.9908,0,16.006,1.297,4.500,0.2629,10.062,-2.051,0.282,1.000,-11.523,-14.000,-0.2504,-0.0240,0.819,0.819,0.596,2.438,1.740,0.029,0.0044,0.228,nan,0.00,1,1,1,0,1,0.0000,0.174,0,0.059,0,0.926,1,0,yolo,107.1,yolo,0,0,0,0.000,0,-1,0
1785653200.392,6.157,-1.090,19.128,0.9941,0,17.506,1.054,6.000,0.2613,10.062,-2.051,0.282,1.000,-11.523,-14.000,-0.2165,-0.0250,0.853,0.853,0.595,2.439,1.739,-0.037,0.0044,0.252,nan,0.00,1,1,1,0,1,0.0000,0.175,0,0.063,0,0.930,0,0,yolo,107.1,yolo,0,0,0,0.000,0,-1,0
1785653200.431,4.483,-0.918,18.708,0.9968,0,18.483,1.865,7.500,0.2780,1.961,-0.514,-0.066,0.327,-14.679,-14.000,-0.0000,0.5970,0.877,0.877,0.597,2.437,1.309,0.946,0.0044,0.244,nan,0.00,1,1,0,1,1,0.0000,0.178,0,0.070,0,0.931,0,1,anduril,,anduril,0,0,0,0.000,0,-1,0
1785653200.470,2.740,-0.784,18.175,0.9988,0,16.983,1.650,9.000,0.2891,1.978,-0.530,-0.064,0.330,-14.994,-14.000,0.3264,0.6086,0.890,1.039,0.609,2.432,1.299,0.866,0.0044,0.237,nan,0.00,1,1,0,1,1,0.0000,0.178,0,0.071,0,0.929,0,0,anduril,,anduril,0,0,0,0.000,0,-1,0
1785653200.498,1.004,-0.591,17.547,0.9998,0,15.483,1.330,10.500,0.2894,1.978,-0.530,-0.064,0.330,-14.994,-14.000,-0.1466,0.6174,0.893,0.893,0.617,2.423,1.299,0.739,0.0044,0.230,nan,0.00,1,1,0,0,1,0.0000,0.178,0,0.071,0,0.929,0,0,anduril,,anduril,0,0,0,0.000,0,-1,0
1785653200.532,-0.490,-0.463,16.608,0.9999,0,13.983,1.093,12.000,0.2894,2.022,-0.570,-0.061,0.337,-15.737,-14.000,0.7862,0.6154,0.898,1.034,0.615,2.409,1.276,0.630,0.0044,0.223,nan,0.00,1,1,0,1,1,0.0000,0.181,0,0.077,0,0.924,0,0,anduril,,anduril,0,0,0,0.000,0,-1,0
1785653200.563,-1.872,-0.381,15.476,0.9994,0,12.483,0.903,12.000,0.2890,2.068,-0.615,-0.065,0.345,-16.561,-14.000,0.4459,0.5988,0.902,0.958,0.599,2.391,1.250,0.522,0.0044,0.216,nan,0.00,1,1,0,1,1,0.0000,0.178,0,0.070,0,0.925,0,0,anduril,,anduril,0,0,0,0.000,0,-1,0
1785653200.595,-1.872,-0.381,15.476,0.9994,0,10.983,1.127,12.000,0.2892,4.000,-1.010,0.000,0.233,-14.172,-12.365,-0.0000,0.5988,0.902,0.902,0.599,2.391,1.200,0.746,0.0044,0.210,nan,0.00,0,1,0,1,1,0.0000,0.178,0,0.070,0,0.925,0,1,blueline,,BLUELINE,0,0,0,0.000,0,-1,0
1785653200.627,-3.313,-0.331,14.209,0.9983,0,9.678,0.880,12.000,0.2882,4.000,-1.027,0.000,0.233,-14.394,-12.992,0.4655,0.5638,0.894,0.894,0.564,2.371,1.200,0.549,0.0044,0.203,nan,0.00,0,1,0,1,1,0.0000,0.172,0,0.055,0,0.927,0,0,blueline,,BLUELINE,0,0,0,0.000,0,-1,0
1785653200.658,-4.317,-0.311,13.087,0.9971,0,8.178,0.739,12.000,0.2866,4.000,-1.027,0.000,0.233,-14.394,-12.378,-0.0127,0.5176,0.881,0.881,0.518,2.354,1.200,0.428,0.0044,0.197,nan,0.00,0,1,0,0,1,0.0000,0.172,0,0.055,0,0.927,0,0,blueline,,BLUELINE,0,0,0,0.000,0,-1,0
1785653200.691,-5.181,-0.326,11.959,0.9959,0,6.678,0.664,12.000,0.2848,4.000,-0.923,0.000,0.233,-12.991,-8.135,-2.9386,0.4656,0.865,0.865,0.466,2.336,1.200,0.337,0.0044,0.191,nan,0.00,0,1,0,1,1,0.0000,0.292,0,0.112,1,0.892,0,0,blueline,,BLUELINE,0,0,0,0.000,0,-1,0
1785653200.722,-5.181,-0.326,11.959,0.9959,0,5.178,0.815,11.385,0.2850,4.000,-0.805,0.000,0.233,-11.385,-6.764,-3.3633,0.4656,0.865,0.865,0.466,2.336,1.200,0.488,0.0044,0.186,nan,0.00,0,1,0,1,1,0.0000,0.294,0,0.114,1,0.898,0,0,blueline,,BLUELINE,0,0,0,0.000,0,-1,0
1785653200.755,-5.741,-0.340,10.832,0.9950,0,4.840,0.713,11.385,0.2830,4.000,-0.805,0.000,0.233,-11.385,-10.581,-0.0187,0.4113,0.846,0.846,0.411,2.320,1.200,0.374,0.0044,0.180,nan,0.00,0,1,0,0,1,0.0000,0.294,0,0.114,1,0.898,0,0,blueline,,BLUELINE,0,0,0,0.000,0,-1,0
1785653200.786,-6.315,-0.378,9.707,0.9939,0,3.340,0.672,10.160,0.2811,4.000,-0.717,0.000,0.233,-10.160,-8.327,-1.2834,0.3608,0.823,0.823,0.361,2.304,1.200,0.294,0.0044,0.175,nan,0.00,0,1,0,1,1,0.0000,0.437,0,0.171,1,0.865,0,0,blueline,,BLUELINE,0,0,0,0.000,0,-1,0
1785653200.822,-6.676,-0.413,8.748,0.9932,0,1.840,1.183,8.660,0.2796,nan,nan,nan,0.000,0.000,-6.389,0.0000,0.3192,0.799,0.799,0.319,2.292,1.000,0.770,0.0044,0.169,nan,0.00,0,0,0,0,1,0.0000,0.437,0,0.171,1,0.865,1,0,,,FLYING,0,0,0,0.000,0,-1,0
1785653200.862,-6.676,-0.413,8.748,0.9932,0,0.340,1.321,7.160,0.2798,nan,nan,nan,0.000,0.000,-6.389,0.0000,0.3192,0.799,0.799,0.319,2.292,1.000,0.908,0.0044,0.164,nan,0.00,0,0,0,0,1,0.0000,0.204,0,0.136,1,0.908,0,0,,,FLYING,0,0,0,0.000,0,-1,0
1785653200.893,-7.011,-0.434,7.767,0.9925,0,-1.160,0.782,5.660,0.2784,4.000,0.015,0.000,0.233,0.214,-3.716,-0.0000,0.2808,0.769,0.769,0.281,2.280,1.200,0.348,0.0044,0.159,nan,0.00,0,1,0,1,1,0.0000,0.431,0,0.164,1,0.849,0,0,blueline,,BLUELINE,0,0,0,0.000,0,-1,0
1785653200.932,-6.990,-0.418,7.148,0.9925,0,-1.109,1.287,4.160,0.2773,nan,nan,nan,0.000,0.000,-5.881,0.0000,0.2540,0.735,0.735,0.254,2.274,1.000,0.869,0.0044,0.155,nan,0.00,0,0,0,0,1,0.0000,0.432,0,0.164,1,0.782,0,0,,,FLYING,0,0,0,0.000,0,-1,0
1785653200.958,-6.921,-0.339,6.829,0.9927,0,-1.335,1.265,2.660,0.2764,nan,nan,nan,0.000,0.000,-5.586,0.0000,0.2335,0.698,0.698,0.233,2.271,1.000,0.926,0.0044,0.150,nan,0.00,0,0,0,0,1,0.0000,0.432,0,0.164,1,0.782,0,0,,,FLYING,0,0,0,0.000,0,-1,0
1785653200.987,-6.828,-0.243,6.594,0.9929,0,-2.835,0.714,1.160,0.2756,4.000,0.195,0.000,0.233,2.797,-1.652,-0.0000,0.2125,0.655,0.655,0.213,2.269,1.200,0.471,0.0044,0.145,nan,0.00,0,1,0,1,1,0.0000,0.328,0,0.035,2,0.682,0,0,blueline,,BLUELINE,0,0,0,0.000,0,-1,0
1785653201.018,-6.828,-0.243,6.594,0.9929,0,-4.335,0.774,-0.340,0.2757,4.000,0.195,0.000,0.233,2.797,-1.652,0.0000,0.2125,0.655,0.655,0.213,2.269,1.200,0.531,0.0044,0.141,nan,0.00,0,1,0,0,1,0.0000,0.328,0,0.035,2,0.682,0,0,blueline,,BLUELINE,0,0,0,0.000,0,-1,0
1785653201.050,-6.575,-0.190,6.483,0.9934,0,-5.835,0.755,-1.840,0.2924,18.656,4.905,-0.976,1.000,14.732,14.000,-0.0000,-0.0000,0.611,0.611,0.192,2.268,1.200,0.565,0.0044,-1.469,nan,0.00,1,1,1,1,1,0.0000,0.339,0,0.049,2,0.726,0,1,yolo,112.5,yolo,0,0,0,0.000,0,-1,0
1785653201.087,-5.996,-0.100,6.616,0.9945,0,-7.335,0.716,-3.340,0.3090,18.656,4.905,-0.976,1.000,14.732,14.000,-0.0498,-0.0265,0.561,0.561,0.166,2.269,1.200,0.615,0.0044,-1.450,nan,0.00,1,1,1,0,1,0.0000,0.339,0,0.049,2,0.726,1,0,yolo,112.5,yolo,0,0,0,0.000,0,-1,0
1785653201.115,-5.281,0.007,6.950,0.9958,0,-8.835,0.660,-4.840,0.3095,18.656,4.905,-0.976,1.000,14.732,14.000,-0.1014,-0.0659,0.509,0.509,0.127,2.272,1.200,0.667,0.0044,-1.425,nan,0.00,1,1,1,0,1,0.0000,0.341,0,0.051,2,0.738,0,0,yolo,112.5,yolo,0,0,0,0.000,0,-1,0
1785653201.153,-5.281,0.007,6.950,0.9958,0,-10.335,0.664,-6.340,0.3058,18.809,5.148,-0.944,1.000,15.306,14.000,-2.8232,-0.1426,0.509,0.068,0.127,2.272,1.200,0.671,0.0044,-1.416,nan,0.00,1,1,1,1,1,0.0000,0.384,0,0.105,1,0.747,0,0,yolo,109.4,yolo,0,0,0,0.000,0,-1,0
1785653201.193,-3.409,0.212,7.940,0.9982,0,-11.835,0.528,-7.840,0.3028,18.809,5.148,-0.944,1.000,15.306,14.000,0.3478,-0.1262,0.416,0.416,0.000,2.277,1.200,0.740,0.0044,-1.318,nan,0.00,1,1,1,0,1,0.0000,0.384,0,0.105,1,0.747,0,0,yolo,109.4,yolo,0,0,0,0.000,0,-1,0
1785653201.224,-3.409,0.212,7.940,0.9982,0,-13.335,0.514,-9.340,0.3028,18.809,5.148,-0.944,1.000,15.306,14.000,0.3478,-0.1262,0.416,0.416,0.000,2.277,1.200,0.726,0.0044,-1.318,nan,0.00,1,1,1,0,1,0.0000,0.146,0,0.111,0,0.757,0,0,yolo,109.4,yolo,0,0,0,0.000,0,-1,0
1785653201.262,-1.870,0.310,8.929,0.9995,0,-14.835,0.432,-10.840,0.2862,18.919,5.377,-0.911,1.000,15.866,14.000,-1.3880,-0.9721,0.363,-0.178,-0.098,2.281,1.211,0.742,0.0044,-1.188,nan,0.00,1,1,1,1,1,0.0000,0.401,0,0.126,1,0.751,0,0,yolo,109.5,yolo,0,0,0,0.000,0,-1,0
1785653201.302,-0.298,0.376,10.020,1.0000,0,-14.298,0.335,-12.000,0.2966,18.919,5.377,-0.911,1.000,15.866,14.000,0.4940,-0.0839,0.316,0.316,-0.181,2.284,1.233,0.711,0.0044,-1.063,nan,0.00,1,1,1,0,1,0.0000,0.401,0,0.126,1,0.751,0,0,yolo,109.5,yolo,0,0,0,0.000,0,-1,0
1785653201.333,1.158,0.401,11.149,0.9998,0,-12.842,0.263,-12.000,0.2894,18.919,5.377,-0.911,1.000,15.866,14.000,0.4557,-0.1598,0.278,0.278,-0.257,2.287,1.256,0.664,0.0045,-0.935,nan,0.00,1,1,1,0,1,0.0000,0.256,0,0.136,2,0.767,0,0,yolo,109.5,yolo,0,0,0,0.000,0,-1,0
1785653201.372,1.158,0.401,11.149,0.9998,0,-12.842,0.234,-12.000,0.2850,18.759,5.352,-0.895,1.000,15.922,14.000,-0.2752,-0.2486,0.278,-0.037,-0.257,2.287,1.257,0.635,0.0046,-0.918,nan,0.00,1,1,1,1,1,0.0000,0.418,0,0.147,1,0.773,0,0,yolo,113.7,yolo,0,0,0,0.000,0,-1,0
1785653201.400,2.540,0.392,12.350,0.9990,0,-11.460,0.195,-12.000,0.2895,18.759,5.352,-0.895,1.000,15.922,14.000,0.2838,-0.0673,0.247,0.247,-0.325,2.289,1.280,0.587,0.0047,-0.785,nan,0.00,1,1,1,0,1,0.0000,0.420,0,0.150,1,0.762,0,0,yolo,113.7,yolo,0,0,0,0.000,0,-1,0
1785653201.427,3.881,0.344,13.623,0.9977,0,-10.119,0.187,-12.000,0.2830,18.759,5.352,-0.895,1.000,15.922,14.000,0.2617,-0.1260,0.225,0.225,-0.383,2.291,1.305,0.531,0.0048,-0.643,nan,0.00,1,1,1,0,1,0.0000,0.420,0,0.150,1,0.762,0,0,yolo,113.7,yolo,0,0,0,0.000,0,-1,0
1785653201.458,4.836,0.286,14.646,0.9964,0,-9.164,0.201,-12.000,0.2786,18.759,5.352,-0.895,1.000,15.922,14.000,0.2491,-0.1596,0.212,0.212,-0.417,2.293,1.324,0.486,0.0048,-0.534,nan,0.00,1,1,1,0,1,0.0000,0.416,0,0.145,1,0.749,0,0,yolo,113.7,yolo,0,0,0,0.000,0,-1,0
1785653201.490,4.836,0.286,14.646,0.9964,0,-9.164,0.133,-12.000,0.2953,18.713,5.168,-0.924,1.000,15.439,14.000,1.5778,0.4400,0.212,0.252,-0.417,2.293,1.343,0.418,0.0049,-0.578,nan,0.00,1,1,1,1,1,0.0000,0.416,0,0.145,1,0.749,0,0,yolo,115.6,yolo,0,0,0,0.000,0,-1,0
1785653201.526,5.802,0.202,15.785,0.9949,0,-8.198,0.171,-12.000,0.2827,18.713,5.168,-0.924,1.000,15.439,14.000,-0.0473,-0.0348,0.205,0.205,-0.452,2.295,1.368,0.373,0.0049,-0.463,nan,0.00,1,1,1,0,1,0.0000,0.417,0,0.146,1,0.747,2,0,yolo,115.6,yolo,0,0,0,0.000,0,-1,0
1785653201.552,6.717,0.091,16.982,0.9931,0,-7.283,0.242,-12.000,0.2783,18.713,5.168,-0.924,1.000,15.439,14.000,-0.0490,-0.0636,0.203,0.203,-0.481,2.298,1.394,0.333,0.0049,-0.343,nan,0.00,1,1,1,0,1,0.0000,0.420,0,0.150,1,0.758,0,0,yolo,115.6,yolo,0,0,0,0.000,0,-1,0
1785653201.592,7.453,-0.017,18.061,0.9916,0,-5.783,0.115,-12.000,0.2949,18.781,4.625,-1.005,1.000,13.835,11.508,3.9437,0.3619,0.206,0.775,-0.501,2.302,1.498,0.098,0.0050,-0.391,nan,0.00,1,1,1,1,1,0.0000,0.521,0,0.146,2,0.760,0,0,yolo,115.5,yolo,0,0,0,0.000,0,-1,0
1785653201.631,8.003,-0.141,19.068,0.9903,0,-5.997,0.193,-12.000,0.2800,18.781,4.625,-1.005,1.000,13.835,14.000,-0.5627,-0.0190,0.212,0.212,-0.520,2.306,1.528,0.052,0.0050,-0.305,nan,0.00,1,1,1,0,1,0.0000,0.416,0,0.145,1,0.782,0,0,yolo,115.5,yolo,0,0,0,0.000,0,-1,0
1785653201.662,8.657,-0.286,20.208,0.9886,0,-5.343,0.337,-12.000,0.2765,18.781,4.625,-1.005,1.000,13.835,14.000,-0.5522,-0.0406,0.222,0.222,-0.541,2.312,1.547,0.051,0.0050,-0.204,nan,0.00,1,1,1,0,1,0.0000,0.416,0,0.145,1,0.782,0,0,yolo,115.5,yolo,0,0,0,0.000,0,-1,0
1785653201.693,8.657,-0.286,20.208,0.9886,0,-5.343,0.295,-12.000,0.2765,18.781,4.625,-1.005,1.000,13.835,14.000,-0.5522,-0.0406,0.222,0.222,-0.541,2.312,1.547,0.009,0.0051,-0.204,nan,0.00,1,1,1,0,1,0.0000,0.519,0,0.144,2,0.797,0,0,yolo,115.5,yolo,0,0,0,0.000,0,-1,0
1785653201.728,9.238,-0.433,21.355,0.9870,0,-3.843,0.120,-11.311,0.2932,18.957,3.792,-1.113,1.000,11.311,3.069,5.0100,0.8582,0.237,0.037,-0.562,2.319,1.703,-0.313,0.0051,-0.347,nan,0.00,1,1,1,1,1,0.0000,0.519,0,0.144,2,0.797,1,0,yolo,122.1,yolo,0,0,0,0.000,0,-1,0
1785653201.754,9.781,-0.585,22.457,0.9854,0,-4.219,0.219,-11.311,0.2805,18.957,3.792,-1.113,1.000,11.311,14.000,0.2164,-0.0107,0.253,0.253,-0.573,2.328,1.752,-0.366,0.0051,-0.259,nan,0.00,1,1,1,0,1,0.0000,0.412,0,0.140,1,0.794,0,0,yolo,122.1,yolo,0,0,0,0.000,0,-1,0
1785653201.790,10.220,-0.739,23.462,0.9841,0,-3.780,0.426,-11.311,0.2780,18.957,3.792,-1.113,1.000,11.311,14.000,0.2386,-0.0203,0.275,0.275,-0.582,2.337,1.757,-0.313,0.0051,-0.178,nan,0.00,1,1,1,0,1,0.0000,0.412,0,0.140,1,0.794,1,0,yolo,122.1,yolo,0,0,0,0.000,0,-1,0
1785653201.816,10.220,-0.739,23.462,0.9841,0,-3.780,0.355,-11.311,0.2780,18.957,3.792,-1.113,1.000,11.311,14.000,0.2386,-0.0203,0.275,0.275,-0.582,2.337,1.757,-0.384,0.0051,-0.178,nan,0.00,1,1,1,0,1,0.0000,0.412,0,0.140,1,0.797,0,0,yolo,122.1,yolo,0,0,0,0.000,0,-1,0
1785653201.847,10.616,-0.896,24.534,0.9828,0,-2.280,0.071,-9.811,0.2947,19.024,2.753,-1.121,1.000,8.235,-14.000,19.9218,2.0000,0.301,3.310,-0.593,2.349,1.976,-0.825,0.0052,-0.297,nan,0.00,1,1,1,1,1,0.0000,0.412,0,0.140,1,0.797,0,0,yolo,122.8,yolo,0,0,0,0.000,0,-1,0
1785653201.877,10.885,-1.068,25.529,0.9818,0,-3.115,0.246,-8.311,0.2802,19.024,2.753,-1.121,1.000,8.235,14.000,-2.9777,-0.0188,0.332,0.332,-0.612,2.361,2.014,-0.822,0.0052,-0.226,nan,0.00,1,1,1,0,1,0.0000,0.406,0,0.132,1,0.808,0,0,yolo,122.8,yolo,0,0,0,0.000,0,-1,0
1785653201.909,10.888,-1.070,25.539,0.9818,0,-3.112,0.158,-8.235,0.2802,19.024,2.753,-1.121,1.000,8.235,14.000,-2.9773,-0.0191,0.333,0.333,-0.612,2.362,2.014,-0.913,0.0052,-0.225,nan,0.00,1,1,1,0,1,0.0000,0.406,0,0.132,1,0.808,0,0,yolo,122.8,yolo,0,0,0,0.000,0,-1,0
1785653201.941,11.222,-1.185,26.277,0.9807,0,-1.612,0.130,-6.735,0.2969,19.105,1.770,-1.098,1.000,5.294,-14.000,7.3552,0.8406,0.373,2.466,-0.634,2.374,2.113,-1.055,0.0053,-0.337,nan,0.00,1,1,1,1,1,0.0000,0.410,0,0.138,1,0.837,0,0,yolo,108.2,yolo,0,0,0,0.000,0,-1,0
1785653201.973,11.399,-1.293,26.898,0.9800,0,-2.601,0.223,-5.294,0.2826,19.105,1.770,-1.098,1.000,5.294,14.000,-2.0458,-0.0270,0.421,0.421,-0.661,2.388,2.155,-1.070,0.0053,-0.295,nan,0.00,1,1,1,0,1,0.0000,0.410,0,0.138,1,0.837,0,0,yolo,108.2,yolo,0,0,0,0.000,0,-1,0
1785653202.005,11.399,-1.293,26.898,0.9800,0,-2.601,0.119,-5.294,0.2826,19.105,1.770,-1.098,1.000,5.294,14.000,-2.0458,-0.0270,0.421,0.421,-0.661,2.388,2.155,-1.174,0.0053,-0.295,nan,0.00,1,1,1,0,1,0.0000,0.414,0,0.143,1,0.842,0,0,yolo,108.2,yolo,0,0,0,0.000,0,-1,0
1785653202.036,11.708,-1.368,27.401,0.9789,0,-2.292,0.223,-5.294,0.2803,19.105,1.770,-1.098,1.000,5.294,14.000,-1.9879,-0.0612,0.479,0.479,-0.695,2.402,2.190,-1.145,0.0053,-0.260,nan,0.00,1,1,1,0,1,0.0000,0.414,0,0.142,1,0.844,0,0,yolo,108.2,yolo,0,0,0,0.000,0,-1,0
1785653202.072,11.969,-1.439,27.823,0.9780,0,-0.792,0.520,-3.794,0.2970,18.688,0.721,-0.959,1.000,2.210,-14.000,7.5432,0.4433,0.531,2.376,-0.719,2.415,2.131,-0.919,0.0054,-0.319,nan,0.00,1,1,1,1,1,0.0000,0.410,0,0.138,1,0.853,0,0,yolo,111.5,yolo,0,0,0,0.000,0,-1,0
1785653202.102,12.036,-1.461,28.188,0.9777,0,0.272,0.594,-2.294,0.2841,18.688,0.721,-0.959,1.000,2.210,11.764,-1.7881,-0.0218,0.588,0.588,-0.741,2.429,2.139,-0.868,0.0054,-0.311,nan,0.00,1,1,1,0,1,0.0000,0.414,0,0.142,1,0.883,0,0,yolo,111.5,yolo,0,0,0,0.000,0,-1,0
1785653202.134,12.068,-1.469,28.479,0.9776,0,0.845,0.643,-2.210,0.2831,18.688,0.721,-0.959,1.000,2.210,11.223,-1.7317,-0.0416,0.644,0.644,-0.760,2.442,2.142,-0.826,0.0054,-0.308,nan,0.00,1,1,1,0,1,0.0000,0.411,0,0.139,1,0.884,0,0,yolo,111.5,yolo,0,0,0,0.000,0,-1,0
1785653202.174,11.998,-1.441,28.635,0.9778,0,2.345,0.870,-0.710,0.2998,18.475,-0.246,-0.830,1.000,-0.762,-14.000,9.5835,0.9083,0.709,2.945,-0.784,2.454,2.052,-0.571,0.0055,-0.398,nan,0.00,1,1,1,1,1,0.0000,0.408,0,0.135,1,0.883,0,0,yolo,112.8,yolo,0,0,0,0.000,0,-1,0
1785653202.207,11.790,-1.382,28.742,0.9786,0,3.845,0.877,0.762,0.2868,18.475,-0.246,-0.830,1.000,-0.762,5.350,-2.1710,-0.0305,0.774,0.774,-0.814,2.465,2.033,-0.504,0.0055,-0.417,nan,0.00,1,1,1,0,1,0.0000,0.408,0,0.135,1,0.883,0,0,yolo,112.8,yolo,0,0,0,0.000,0,-1,0
1785653202.237,11.454,-1.296,28.710,0.9798,0,5.345,0.847,0.762,0.2860,18.475,-0.246,-0.830,1.000,-0.762,4.675,-2.1011,-0.0596,0.844,0.844,-0.843,2.473,2.006,-0.450,0.0056,-0.444,nan,0.00,1,1,1,0,1,0.0000,0.402,0,0.128,1,0.883,0,0,yolo,112.8,yolo,0,0,0,0.000,0,-1,0
1785653202.269,11.066,-1.203,28.636,0.9812,0,6.845,0.809,0.762,0.2853,18.475,-0.246,-0.830,1.000,-0.762,3.995,-2.0306,-0.0868,0.915,0.915,-0.870,2.480,1.976,-0.394,0.0056,-0.474,nan,0.00,1,1,1,0,1,0.0000,0.402,0,0.128,1,0.883,0,0,yolo,112.8,yolo,0,0,0,0.000,0,-1,0
1785653202.300,11.059,-1.202,28.634,0.9812,0,8.345,0.736,2.262,0.2939,18.356,-1.266,-0.641,1.000,-3.945,-14.000,7.6470,0.0917,0.916,3.259,-0.871,2.480,1.964,-0.466,0.0057,-0.486,nan,0.00,1,1,1,1,1,0.0000,0.358,0,0.072,2,0.885,0,0,yolo,112.1,yolo,0,0,0,0.000,0,-1,0
1785653202.331,10.234,-1.103,28.479,0.9839,0,9.845,0.676,3.762,0.2878,18.356,-1.266,-0.641,1.000,-3.945,-3.168,-2.2637,-0.0349,0.995,0.995,-0.906,2.486,1.948,-0.428,0.0057,-0.502,nan,0.00,1,1,1,0,1,0.0000,0.271,0,0.077,1,0.892,0,0,yolo,112.1,yolo,0,0,0,0.000,0,-1,0
1785653202.362,9.203,-0.973,28.123,0.9870,0,11.345,0.547,3.945,0.2860,18.356,-1.266,-0.641,1.000,-3.945,-4.016,-2.1756,-0.0711,1.083,1.083,-0.942,2.487,1.927,-0.426,0.0058,-0.523,nan,0.00,1,1,1,0,1,0.0000,0.176,0,0.065,0,0.903,0,0,yolo,112.1,yolo,0,0,0,0.000,0,-1,0
1785653202.395,9.203,-0.973,28.123,0.9870,0,12.845,0.585,5.445,0.2871,18.690,-2.178,-0.495,1.000,-6.647,-14.000,13.2230,-0.0454,1.083,4.327,-0.942,2.487,1.891,-0.387,0.0058,-0.520,nan,0.00,1,1,1,1,1,0.0000,0.176,0,0.065,0,0.903,0,0,yolo,121.5,yolo,0,0,0,0.000,0,-1,0
1785653202.427,8.046,-0.858,27.741,0.9900,0,14.099,0.410,6.647,0.2867,18.690,-2.178,-0.495,1.000,-6.647,-6.053,-3.1635,-0.0332,1.163,1.163,-0.975,2.486,1.895,-0.448,0.0059,-0.516,nan,0.00,1,1,1,0,1,0.0000,0.359,0,0.073,2,0.891,0,0,yolo,121.5,yolo,0,0,0,0.000,0,-1,0
1785653202.457,6.523,-0.745,27.132,0.9934,0,13.384,0.132,6.647,0.2835,18.690,-2.178,-0.495,1.000,-6.647,-6.861,-3.0783,-0.0694,1.248,1.248,-1.011,2.479,1.913,-0.613,0.0059,-0.497,nan,0.00,1,1,1,0,1,0.0000,0.359,0,0.073,2,0.891,0,0,yolo,121.5,yolo,0,0,0,0.000,0,-1,0
1785653202.493,5.078,-0.646,26.517,0.9960,0,12.627,-0.131,6.647,0.2806,18.690,-2.178,-0.495,1.000,-6.647,-7.549,-3.0058,-0.1063,1.321,1.321,-1.048,2.470,1.933,-0.778,0.0060,-0.475,nan,0.00,1,1,1,0,1,0.0000,0.359,0,0.073,2,0.891,1,0,yolo,121.5,yolo,0,0,0,0.000,0,-1,0
1785653202.535,3.697,-0.611,25.863,0.9979,0,14.127,-0.350,8.147,0.2639,18.489,-2.828,-0.287,1.000,-8.696,-14.000,3.9670,-1.2255,1.381,3.764,-1.078,2.458,1.959,-0.961,0.0060,-0.271,nan,0.00,1,1,1,1,1,0.0000,0.355,0,0.069,2,0.877,0,0,yolo,109.2,yolo,0,0,0,0.000,0,-1,0
1785653202.575,3.697,-0.611,25.863,0.9979,0,15.627,-0.287,8.696,0.2787,18.489,-2.828,-0.287,1.000,-8.696,-14.000,-2.3834,0.0000,1.381,1.381,-1.078,2.458,1.959,-0.898,0.0060,-0.271,nan,0.00,1,1,1,0,1,0.0000,0.266,0,0.068,1,0.863,0,0,yolo,109.2,yolo,0,0,0,0.000,0,-1,0
1785653202.613,2.022,-0.614,24.997,0.9993,0,16.022,-0.241,10.029,0.2621,17.664,-3.124,-0.100,1.000,-10.029,-14.000,6.1627,-2.0000,1.441,3.394,-1.091,2.440,1.864,-0.855,0.0060,-0.021,nan,0.00,1,1,1,1,1,0.0000,0.266,0,0.068,1,0.863,0,0,yolo,106.3,yolo,0,0,0,0.000,0,-1,0
1785653202.645,0.298,-0.621,23.997,0.9999,0,14.522,-0.440,10.029,0.2681,17.664,-3.124,-0.100,1.000,-10.029,-14.000,-1.8998,0.0065,1.494,1.494,-1.084,2.418,1.864,-1.060,0.0060,0.075,nan,0.00,1,1,1,0,1,0.0000,0.264,0,0.065,1,0.859,0,0,yolo,106.3,yolo,0,0,0,0.000,0,-1,0
1785653202.682,-1.346,-0.678,22.922,0.9997,0,13.022,-0.575,10.029,0.2657,17.664,-3.124,-0.100,1.000,-10.029,-14.000,-1.8658,0.0241,1.528,1.528,-1.067,2.393,1.864,-1.254,0.0060,0.183,nan,0.00,1,1,1,0,1,0.0000,0.351,0,0.063,2,0.854,0,0,yolo,106.3,yolo,0,0,0,0.000,0,-1,0
1785653202.722,-2.785,-0.778,21.930,0.9987,0,11.522,-0.192,10.905,0.2490,17.232,-3.320,0.009,1.000,-10.905,-14.000,1.9766,-1.6592,1.543,2.776,-1.042,2.371,1.700,-0.969,0.0060,0.404,nan,0.00,1,1,1,1,1,0.0000,0.342,0,0.052,2,0.843,0,0,yolo,109.0,yolo,0,0,0,0.000,0,-1,0
1785653202.753,-2.785,-0.778,21.930,0.9987,0,11.215,0.002,10.905,0.2581,17.232,-3.320,0.009,1.000,-10.905,-14.000,-1.2330,0.0000,1.543,1.543,-1.042,2.371,1.700,-0.776,0.0059,0.404,nan,0.00,1,1,1,0,1,0.0000,0.342,0,0.052,2,0.843,0,0,yolo,109.0,yolo,0,0,0,0.000,0,-1,0
1785653202.799,-4.038,-0.839,20.803,0.9974,0,9.962,0.008,10.905,0.2574,17.232,-3.320,0.009,1.000,-10.905,-14.000,-1.2293,0.0381,1.546,1.546,-1.004,2.347,1.647,-0.831,0.0059,0.495,nan,0.00,1,1,1,0,1,0.0000,0.347,0,0.058,2,0.829,0,0,yolo,109.0,yolo,0,0,0,0.000,0,-1,0
1785653202.831,-5.155,-0.929,19.676,0.9958,0,8.845,0.173,11.172,0.2407,17.133,-3.384,0.039,1.000,-11.172,-14.000,0.7968,-1.2564,1.538,2.215,-0.969,2.322,1.558,-0.756,0.0058,0.620,nan,0.00,1,1,1,1,1,0.0000,0.267,0,0.070,1,0.821,0,0,yolo,105.6,yolo,0,0,0,0.000,0,-1,0
1785653202.862,-6.003,-1.007,18.714,0.9944,0,7.997,0.295,11.172,0.2521,17.133,-3.384,0.039,1.000,-11.172,-14.000,-0.6914,0.0398,1.523,1.523,-0.929,2.303,1.517,-0.712,0.0057,0.693,nan,0.00,1,1,1,0,1,0.0000,0.272,0,0.079,1,0.808,0,0,yolo,105.6,yolo,0,0,0,0.000,0,-1,0
1785653202.899,-6.003,-1.007,18.714,0.9944,0,7.997,0.499,11.172,0.2521,17.133,-3.384,0.039,1.000,-11.172,-14.000,-0.6914,0.0398,1.523,1.523,-0.929,2.303,1.517,-0.508,0.0057,0.693,nan,0.00,1,1,1,0,1,0.0000,0.272,0,0.079,1,0.808,1,0,yolo,105.6,yolo,0,0,0,0.000,0,-1,0
1785653202.939,-7.564,-1.167,16.749,0.9911,0,6.497,0.462,10.949,0.2354,17.848,-3.453,-0.003,1.000,-10.949,-14.000,-0.6932,-1.2193,1.476,1.822,-0.828,2.266,1.455,-0.705,0.0056,0.815,nan,0.00,1,1,1,1,1,0.0000,0.275,0,0.083,1,0.821,0,0,yolo,112.5,yolo,0,0,0,0.000,0,-1,0
1785653202.971,-8.176,-1.252,15.812,0.9896,0,5.824,0.647,10.949,0.2486,17.848,-3.453,-0.003,1.000,-10.949,-14.000,-0.3783,0.0633,1.444,1.444,-0.765,2.250,1.418,-0.606,0.0055,0.878,nan,0.00,1,1,1,0,1,0.0000,0.275,0,0.083,1,0.821,0,0,yolo,112.5,yolo,0,0,0,0.000,0,-1,0
1785653203.008,-8.176,-1.252,15.812,0.9896,0,5.824,0.852,10.949,0.2485,17.848,-3.453,-0.003,1.000,-10.949,-14.000,-0.3783,0.0633,1.444,1.444,-0.765,2.250,1.418,-0.400,0.0054,0.878,nan,0.00,1,1,1,0,1,0.0000,0.277,0,0.086,1,0.827,1,0,yolo,112.5,yolo,0,0,0,0.000,0,-1,0
1785653203.049,-8.760,-1.336,14.822,0.9881,0,5.240,0.962,10.949,0.2501,17.848,-3.453,-0.003,1.000,-10.949,-14.000,-0.4175,0.1325,1.405,1.405,-0.695,2.234,1.383,-0.374,0.0053,0.939,nan,0.00,1,1,1,0,1,0.0000,0.306,0,0.134,0,0.916,0,0,yolo,112.5,yolo,0,0,0,0.000,0,-1,0
1785653203.086,-9.339,-1.408,13.843,0.9864,0,4.661,1.081,10.949,0.2513,17.848,-3.453,-0.003,1.000,-10.949,-14.000,-0.4596,0.1898,1.363,1.363,-0.638,2.220,1.349,-0.326,0.0052,0.996,nan,0.00,1,1,1,0,0,0.0000,0.000,0,0.000,0,0.000,1,0,yolo,112.5,yolo,0,0,0,0.000,0,-1,0
1785653203.112,-9.878,-1.478,12.658,0.9848,0,4.122,1.176,10.949,0.2531,17.848,-3.453,-0.003,1.000,-10.949,-14.000,-0.5161,0.2575,1.306,1.306,-0.570,2.205,1.317,-0.302,0.0052,1.050,nan,0.00,1,1,1,0,1,0.0000,0.206,0,0.139,0,0.915,0,0,yolo,112.5,yolo,0,0,0,0.000,0,-1,0
1785653203.148,-10.337,-1.546,11.540,0.9834,0,3.663,1.298,10.949,0.2549,17.848,-3.453,-0.003,1.000,-10.949,-14.000,-0.5731,0.3209,1.249,1.249,-0.507,2.192,1.289,-0.248,0.0052,1.098,nan,0.00,1,1,1,0,1,0.0000,0.206,0,0.139,0,0.915,2,0,yolo,112.5,yolo,0,0,0,0.000,0,-1,0
1785653203.175,-10.337,-1.546,11.540,0.9834,0,3.663,1.449,10.949,0.2549,17.848,-3.453,-0.003,1.000,-10.949,-14.000,-0.5731,0.3209,1.249,1.249,-0.507,2.192,1.289,-0.097,0.0052,1.098,nan,0.00,1,1,1,0,0,0.0000,0.000,0,0.000,0,0.000,0,0,yolo,112.5,yolo,0,0,0,0.000,0,-1,0
1785653203.211,-10.708,-1.587,10.511,0.9822,0,3.292,1.506,10.949,0.2562,17.848,-3.453,-0.003,1.000,-10.949,-14.000,-0.6278,0.3651,1.194,1.194,-0.463,2.181,1.269,-0.080,0.0052,1.133,nan,0.00,1,1,1,0,0,0.0000,0.000,0,0.000,0,0.000,0,0,yolo,112.5,yolo,0,0,0,0.000,0,-1,0
1785653203.238,-11.050,-1.631,9.445,0.9811,0,2.950,1.702,12.000,0.2729,4.255,-2.272,-2.604,0.709,-25.000,-14.000,-0.0000,-0.0000,1.136,1.136,-0.422,2.172,1.200,0.072,0.0052,-1.998,nan,0.00,1,1,1,1,1,0.0000,0.252,0,0.044,1,0.758,0,1,anduril,,anduril,0,0,0,0.000,0,-1,0
1785653203.270,-11.050,-1.631,9.445,0.9811,0,2.950,1.809,12.000,0.2895,4.255,-2.272,-2.604,0.709,-25.000,-14.000,-0.0000,-0.0000,1.136,1.136,-0.422,2.172,1.200,0.179,0.0052,-1.998,nan,0.00,1,1,1,1,1,0.0000,0.252,0,0.044,1,0.758,0,0,anduril,,anduril,0,0,0,0.000,0,-1,0
1785653203.301,-11.355,-1.679,8.258,0.9800,0,2.645,1.793,12.000,0.3062,4.340,-2.503,-2.696,0.723,-25.000,-14.000,-0.0000,0.2430,1.079,1.581,-0.389,2.161,1.200,0.114,0.0052,-2.023,nan,0.00,1,1,1,1,1,0.0000,0.389,0,0.111,1,0.794,0,0,anduril,,anduril,0,0,0,0.000,0,-1,0
1785653203.332,-11.631,-1.728,7.026,0.9790,0,2.369,1.800,12.000,0.3229,4.340,-2.503,-2.696,0.723,-25.000,-14.000,-0.5599,0.0121,1.021,1.021,-0.377,2.151,1.200,0.073,0.0052,-2.004,nan,0.00,1,1,1,0,1,0.0000,0.389,0,0.111,1,0.794,0,0,anduril,,anduril,0,0,0,0.000,0,-1,0
1785653203.363,-11.882,-1.777,5.791,0.9781,0,2.118,1.839,10.500,0.3322,4.353,-2.797,-2.773,0.726,-25.000,-14.000,-0.0000,-0.0948,0.958,2.416,-0.396,2.144,1.200,0.062,0.0052,-2.001,nan,0.00,1,1,1,1,1,0.0000,0.294,0,0.114,0,0.797,0,0,anduril,,anduril,0,0,0,0.000,0,-1,0
1785653203.394,-11.882,-1.777,5.791,0.9781,0,2.118,1.928,9.000,0.3366,4.353,-2.797,-2.773,0.726,-25.000,-14.000,-1.4574,0.0000,0.958,0.958,-0.396,2.144,1.200,0.152,0.0052,-2.001,nan,0.00,1,1,1,0,1,0.0000,0.294,0,0.114,0,0.797,0,0,anduril,,anduril,0,0,0,0.000,0,-1,0
1785653203.426,-12.102,-1.751,4.883,0.9773,0,1.898,1.950,7.500,0.3339,4.353,-2.797,-2.773,0.726,-25.000,-14.000,-1.5284,-0.0573,0.887,0.887,-0.454,2.143,1.200,0.199,0.0052,-1.990,nan,0.00,1,1,1,0,1,0.0000,0.401,0,0.126,1,0.802,0,0,anduril,,anduril,0,0,0,0.000,0,-1,0
1785653203.456,-12.322,-1.722,4.022,0.9765,0,1.678,1.981,9.000,0.3506,4.715,-3.335,-2.990,0.786,-25.000,-14.000,-0.0000,1.1394,0.816,2.815,-0.548,2.144,1.200,0.260,0.0052,-2.066,nan,0.00,1,1,1,1,1,0.0000,0.401,0,0.126,1,0.802,0,0,anduril,,anduril,0,0,0,0.000,0,-1,0
1785653203.487,-12.325,-1.721,4.010,0.9765,0,1.675,2.011,10.500,0.3370,4.715,-3.335,-2.990,0.786,-25.000,-14.000,-2.0000,-0.0022,0.815,0.815,-0.550,2.144,1.200,0.291,0.0052,-2.066,nan,0.00,1,1,1,0,1,0.0000,0.303,0,0.130,0,0.815,0,0,anduril,,anduril,0,0,0,0.000,0,-1,0
1785653203.540,-12.483,-1.723,3.015,0.9759,0,1.517,2.036,12.000,0.3305,4.715,-3.335,-2.990,0.786,-25.000,-14.000,-2.0633,-0.1492,0.751,0.751,-0.697,2.144,1.200,0.313,0.0052,-2.055,nan,0.00,1,1,1,0,1,0.0000,0.178,0,0.069,0,0.831,0,0,anduril,,anduril,0,0,0,0.000,0,-1,0
1785653203.580,-12.653,-1.752,1.831,0.9753,0,1.347,2.088,12.000,0.3228,4.715,-3.335,-2.990,0.786,-25.000,-14.000,-2.1273,-0.3201,0.687,0.687,-0.868,2.145,1.200,0.336,0.0052,-2.041,nan,0.00,1,1,1,0,1,0.0000,0.178,0,0.069,0,0.831,0,0,anduril,,anduril,0,0,0,0.000,0,-1,0
1785653203.610,-12.775,-1.785,0.792,0.9748,0,1.225,2.159,12.000,0.3163,4.715,-3.335,-2.990,0.786,-25.000,-14.000,-2.1801,-0.4634,0.634,0.634,-1.011,2.147,1.200,0.373,0.0052,-2.030,nan,0.00,1,1,1,0,1,0.0000,0.177,0,0.068,0,0.846,0,0,anduril,,anduril,0,0,0,0.000,0,-1,0
1785653203.640,-12.876,-1.823,-0.437,0.9744,0,1.124,2.245,12.000,0.3097,4.715,-3.335,-2.990,0.786,-25.000,-14.000,-2.2386,-0.6090,0.576,0.576,-1.157,2.151,1.200,0.422,0.0052,-2.020,nan,0.00,1,1,1,0,1,0.0000,0.177,0,0.068,0,0.846,0,0,anduril,,anduril,0,0,0,0.000,0,-1,0
1785653203.673,-12.966,-1.850,-1.625,0.9740,0,1.034,2.342,12.000,0.2931,4.715,-3.335,-2.990,0.786,-25.000,-14.000,-2.2964,-0.7294,0.518,0.518,-1.277,2.157,1.200,0.493,0.0052,-2.012,nan,0.00,1,1,1,0,1,0.0000,0.175,0,0.063,0,0.853,0,0,anduril,,anduril,0,0,0,0.000,0,-1,0
1785653203.705,-12.966,-1.850,-1.625,0.9740,0,1.034,2.312,12.000,0.2764,4.715,-3.335,-2.990,0.786,-25.000,-14.000,-2.2964,-0.7294,0.518,0.518,-1.277,2.157,1.200,0.463,0.0052,-2.012,nan,0.00,1,1,1,0,1,0.0000,0.175,0,0.063,0,0.853,0,0,anduril,,anduril,0,0,0,0.000,0,-1,0
1785653203.751,-13.039,-1.866,-2.726,0.9737,0,0.961,2.415,12.000,0.2765,4.715,-3.335,-2.990,0.786,-25.000,-14.000,-2.3496,-0.8073,0.465,0.465,-1.355,2.165,1.200,0.549,0.0052,-2.005,nan,0.00,1,1,1,0,1,0.0000,0.259,0,0.057,1,0.862,1,0,anduril,,anduril,0,0,0,0.000,0,-1,0
1785653203.781,-13.117,-1.893,-3.934,0.9734,0,0.883,2.540,12.000,0.2766,4.715,-3.335,-2.990,0.786,-25.000,-14.000,-2.4069,-0.8433,0.408,0.408,-1.391,2.175,1.200,0.647,0.0052,-1.998,nan,0.00,1,1,1,0,1,0.0000,0.255,0,0.051,1,0.866,0,0,anduril,,anduril,0,0,0,0.000,0,-1,0
1785653203.813,-13.177,-1.893,-5.175,0.9731,0,0.823,2.649,12.000,0.2766,4.715,-3.335,-2.990,0.786,-25.000,-14.000,-2.4651,-0.8413,0.349,0.349,-1.389,2.188,1.200,0.756,0.0052,-1.994,nan,0.00,1,1,1,0,1,0.0000,0.255,0,0.051,1,0.866,1,0,anduril,,anduril,0,0,0,0.000,0,-1,0
1785653203.848,-13.177,-1.893,-5.175,0.9731,0,0.823,2.564,12.000,0.2766,4.715,-3.335,-2.990,0.786,-25.000,-14.000,-2.4651,-0.8413,0.349,0.349,-1.389,2.188,1.200,0.671,0.0052,-1.994,nan,0.00,1,1,1,0,1,0.0000,0.255,0,0.050,1,0.875,2,0,anduril,,anduril,0,0,0,0.000,0,-1,0
1785653203.876,-13.231,-1.884,-6.397,0.9729,0,0.769,2.684,12.000,0.2767,4.715,-3.335,-2.990,0.786,-25.000,-14.000,-2.5220,-0.8211,0.293,0.293,-1.369,2.203,1.200,0.800,0.0052,-1.991,nan,0.00,1,1,1,0,1,0.0000,0.168,0,0.046,0,0.896,0,0,anduril,,anduril,0,0,0,0.000,0,-1,0
1785653203.912,-13.278,-1.874,-7.598,0.9727,0,-0.731,3.287,10.500,0.2744,nan,nan,nan,0.000,0.000,-1.897,0.0000,-1.3386,0.237,0.237,-1.339,2.218,1.000,1.413,0.0052,-1.931,nan,0.00,0,0,0,0,1,0.0000,0.168,0,0.046,0,0.896,1,0,,,FLYING,0,0,0,0.000,0,-1,0
1785653203.958,-13.165,-1.767,-8.632,0.9733,0,-2.231,3.295,9.000,0.2737,nan,nan,nan,0.000,0.000,-1.413,0.0000,-1.3106,0.177,0.177,-1.311,2.235,1.000,1.529,0.0052,-1.873,nan,0.00,0,0,0,0,0,0.0000,0.000,0,0.000,0,0.000,0,0,,,FLYING,0,0,0,0.000,0,-1,0
1785653203.991,-12.884,-1.607,-9.564,0.9744,0,-3.731,3.253,7.500,0.2725,nan,nan,nan,0.000,0.000,-0.815,0.0000,-1.2937,0.102,0.102,-1.294,2.254,1.000,1.646,0.0052,-1.817,nan,0.00,0,0,0,0,0,0.0000,0.000,0,0.000,0,0.000,0,0,,,FLYING,0,0,0,0.000,0,-1,0
1785653204.024,-12.884,-1.607,-9.564,0.9744,0,-5.231,3.099,6.000,0.2708,nan,nan,nan,0.000,0.000,-0.815,0.0000,-1.2937,0.102,0.102,-1.294,2.254,1.000,1.492,0.0052,-1.762,nan,0.00,0,0,0,0,0,0.0000,0.000,0,0.000,0,0.000,0,0,,,FLYING,0,0,0,0.000,0,-1,0
1785653204.068,-12.467,-1.425,-10.331,0.9761,0,-6.731,3.046,4.500,0.2691,nan,nan,nan,0.000,0.000,-0.209,0.0000,-1.2847,0.026,0.026,-1.285,2.271,1.000,1.621,0.0052,-1.710,nan,0.00,0,0,0,0,0,0.0000,0.000,0,0.000,0,0.000,1,0,,,FLYING,0,0,0,0.000,0,-1,0
1785653204.096,-11.822,-1.194,-11.019,0.9786,0,-8.231,2.932,3.000,0.2673,nan,nan,nan,0.000,0.000,0.509,0.0000,-1.2757,-0.064,-0.064,-1.276,2.290,1.000,1.737,0.0052,-1.658,nan,0.00,0,0,0,0,1,0.0000,0.182,0,0.081,0,0.939,0,0,,,FLYING,0,0,0,0.000,0,-1,0
1785653204.132,-10.830,-0.921,-11.377,0.9821,0,-9.731,2.718,1.500,0.2654,nan,nan,nan,0.000,0.000,1.302,0.0000,-1.2629,-0.163,-0.163,-1.263,2.306,1.000,1.797,0.0052,-1.609,nan,0.00,0,0,0,0,1,0.0000,0.182,0,0.081,0,0.939,2,0,,,FLYING,0,0,0,0.000,0,-1,0
1785653204.176,-9.752,-0.643,-11.540,0.9855,0,-11.231,2.448,0.000,0.2637,nan,nan,nan,0.000,0.000,2.057,0.0000,-1.2471,-0.257,-0.257,-1.247,2.319,1.000,1.805,0.0052,-1.560,nan,0.00,0,0,0,0,0,0.0000,0.000,0,0.000,0,0.000,0,0,,,FLYING,0,0,0,0.000,0,-1,0
1785653204.210,-9.752,-0.643,-11.540,0.9855,0,-11.809,2.295,0.000,0.2623,nan,nan,nan,0.000,0.000,2.057,0.0000,-1.2471,-0.257,-0.257,-1.247,2.319,1.000,1.652,0.0052,-1.513,nan,0.00,0,0,0,0,0,0.0000,0.000,0,0.000,0,0.000,1,0,,,FLYING,0,0,0,0.000,0,-1,0
1785653204.241,-8.485,-0.373,-11.582,0.9890,0,-11.284,2.044,0.000,0.2609,nan,nan,nan,0.000,0.000,2.800,0.0000,-1.2270,-0.350,-0.350,-1.227,2.328,1.000,1.671,0.0052,-1.468,nan,0.00,0,0,0,0,0,0.0000,0.000,0,0.000,0,0.000,0,0,,,FLYING,0,0,0,0.000,0,-1,0
1785653204.272,-7.140,-0.124,-11.597,0.9922,0,-10.633,1.781,0.000,0.2600,nan,nan,nan,0.000,0.000,3.493,0.0000,-1.1995,-0.437,-0.437,-1.199,2.335,1.000,1.657,0.0052,-1.424,nan,0.00,0,0,0,0,0,0.0000,0.000,0,0.000,0,0.000,0,0,,,FLYING,0,0,0,0.000,0,-1,0
1785653204.304,-7.140,-0.124,-11.597,0.9922,0,-10.633,1.685,0.000,0.2587,nan,nan,nan,0.000,0.000,3.493,0.0000,-1.1995,-0.437,-0.437,-1.199,2.335,1.000,1.561,0.0052,-1.381,nan,0.00,0,0,0,0,0,0.0000,0.000,0,0.000,0,0.000,0,0,,,FLYING,0,0,0,0.000,0,-1,0
1785653204.335,-5.974,0.075,-11.628,0.9946,0,-9.999,1.476,0.000,0.2582,nan,nan,nan,0.000,0.000,4.026,0.0000,-1.1696,-0.503,-0.503,-1.170,2.339,1.000,1.552,0.0052,-1.340,nan,0.00,0,0,0,0,0,0.0000,0.000,0,0.000,0,0.000,0,0,,,FLYING,0,0,0,0.000,0,-1,0
1785653204.366,-4.858,0.243,-11.645,0.9964,0,-9.334,1.277,0.000,0.2580,nan,nan,nan,0.000,0.000,4.476,0.0000,-1.1364,-0.559,-0.559,-1.136,2.342,1.000,1.521,0.0052,-1.300,nan,0.00,0,0,0,0,0,0.0000,0.000,0,0.000,0,0.000,1,0,,,FLYING,0,0,0,0.000,0,-1,0
1785653204.393,-4.858,0.243,-11.645,0.9964,0,-9.334,1.227,0.000,0.2568,nan,nan,nan,0.000,0.000,4.476,0.0000,-1.1364,-0.559,-0.559,-1.136,2.342,1.000,1.471,0.0052,-1.261,nan,0.00,0,0,0,0,0,0.0000,0.000,0,0.000,0,0.000,0,0,,,FLYING,0,0,0,0.000,0,-1,0
1785653204.428,-3.753,0.393,-11.655,0.9978,0,-8.610,1.050,0.000,0.2570,nan,nan,nan,0.000,0.000,4.858,0.0000,-1.0986,-0.607,-0.607,-1.099,2.342,1.000,1.443,0.0052,-1.223,nan,0.00,0,0,0,0,0,0.0000,0.000,0,0.000,0,0.000,0,0,,,FLYING,0,0,0,0.000,0,-1,0
1785653204.459,-2.781,0.516,-11.662,0.9988,0,-7.921,0.891,0.000,0.2573,nan,nan,nan,0.000,0.000,5.139,0.0000,-1.0615,-0.642,-0.642,-1.061,2.341,1.000,1.407,0.0052,-1.186,nan,0.00,0,0,0,0,0,0.0000,0.000,0,0.000,0,0.000,0,0,,,FLYING,0,0,0,0.000,0,-1,0
1785653204.490,-2.781,0.516,-11.662,0.9988,0,-7.921,0.875,0.000,0.2563,nan,nan,nan,0.000,0.000,5.139,0.0000,-1.0615,-0.642,-0.642,-1.061,2.341,1.000,1.391,0.0052,-1.151,nan,0.00,0,0,0,0,0,0.0000,0.000,0,0.000,0,0.000,0,0,,,FLYING,0,0,0,0.000,0,-1,0
1785653204.517,-1.827,0.628,-11.667,0.9994,0,-7.185,0.725,0.000,0.2568,nan,nan,nan,0.000,0.000,5.358,0.0000,-1.0232,-0.670,-0.670,-1.023,2.339,1.000,1.353,0.0052,-1.116,nan,0.00,0,0,0,0,0,0.0000,0.000,0,0.000,0,0.000,0,0,,,FLYING,0,0,0,0.000,0,-1,0
1785653204.553,-1.177,0.698,-11.668,0.9997,0,-6.654,0.626,0.000,0.2570,nan,nan,nan,0.000,0.000,5.477,0.0000,-0.9952,-0.685,-0.685,-0.995,2.337,1.000,1.324,0.0052,-1.083,nan,0.00,0,0,0,0,0,0.0000,0.000,0,0.000,0,0.000,0,0,,,FLYING,0,0,0,0.000,0,-1,0
1785653204.583,-0.569,0.762,-11.669,0.9999,0,-6.135,0.536,0.000,0.2571,nan,nan,nan,0.000,0.000,5.566,0.0000,-0.9695,-0.696,-0.696,-0.969,2.335,1.000,1.298,0.0052,-1.050,nan,0.00,0,0,0,0,0,0.0000,0.000,0,0.000,0,0.000,0,0,,,FLYING,0,0,0,0.000,0,-1,0
1785653204.615,-0.016,0.814,-11.670,0.9999,0,-5.639,0.457,0.000,0.2573,nan,nan,nan,0.000,0.000,5.622,0.0000,-0.9448,-0.703,-0.703,-0.945,2.332,1.000,1.271,0.0052,-1.019,nan,0.00,0,0,0,0,0,0.0000,0.000,0,0.000,0,0.000,0,0,,,FLYING,0,0,0,0.000,0,-1,0
1785653204.649,-0.016,0.814,-11.670,0.9999,0,-5.639,0.475,0.000,0.2564,nan,nan,nan,0.000,0.000,5.622,0.0000,-0.9448,-0.703,-0.703,-0.945,2.332,1.000,1.289,0.0052,-0.988,nan,0.00,0,0,0,0,0,0.0000,0.000,0,0.000,0,0.000,1,0,,,FLYING,0,0,0,0.000,0,-1,0
1785653204.693,1.127,0.914,-11.669,0.9997,0,-4.512,0.284,0.000,0.2580,nan,nan,nan,0.000,0.000,5.639,0.0000,-0.8897,-0.705,-0.705,-0.890,2.324,1.000,1.199,0.0052,-0.958,nan,0.00,0,0,0,0,0,0.0000,0.000,0,0.000,0,0.000,2,0,,,FLYING,0,0,0,0.000,0,-1,0
1785653204.725,1.127,0.914,-11.669,0.9997,0,-4.512,0.318,0.000,0.2571,nan,nan,nan,0.000,0.000,5.639,0.0000,-0.8897,-0.705,-0.705,-0.890,2.324,1.000,1.232,0.0052,-0.930,nan,0.00,0,0,0,0,0,0.0000,0.000,0,0.000,0,0.000,0,0,,,FLYING,0,0,0,0.000,0,-1,0
1785653204.756,1.589,0.946,-11.668,0.9995,0,-3.992,0.250,0.000,0.2576,nan,nan,nan,0.000,0.000,5.582,0.0000,-0.8627,-0.698,-0.698,-0.863,2.320,1.000,1.196,0.0052,-0.902,nan,0.00,0,0,0,0,0,0.0000,0.000,0,0.000,0,0.000,1,0,,,FLYING,0,0,0,0.000,0,-1,0
1785653204.803,1.989,0.974,-11.667,0.9993,0,-3.509,0.194,0.000,0.2580,nan,nan,nan,0.000,0.000,5.499,0.0000,-0.8372,-0.687,-0.687,-0.837,2.315,1.000,1.168,0.0052,-0.875,nan,0.00,0,0,0,0,0,0.0000,0.000,0,0.000,0,0.000,0,0,,,FLYING,0,0,0,0.000,0,-1,0
1785653204.835,2.394,1.002,-11.666,0.9990,0,-2.998,0.141,0.000,0.2584,nan,nan,nan,0.000,0.000,5.393,0.0000,-0.8121,-0.674,-0.674,-0.812,2.311,1.000,1.143,0.0052,-0.848,nan,0.00,0,0,0,0,0,0.0000,0.000,0,0.000,0,0.000,0,0,,,FLYING,0,0,0,0.000,0,-1,0
1785653204.860,2.692,1.018,-11.665,0.9987,0,-2.573,0.103,0.000,0.2588,nan,nan,nan,0.000,0.000,5.265,0.0000,-0.7881,-0.658,-0.658,-0.788,2.306,1.000,1.121,0.0052,-0.823,nan,0.00,0,0,0,0,0,0.0000,0.000,0,0.000,0,0.000,0,0,,,FLYING,0,0,0,0.000,0,-1,0
1785653204.895,2.953,1.030,-11.665,0.9985,0,-2.163,0.069,0.000,0.2591,nan,nan,nan,0.000,0.000,5.116,0.0000,-0.7650,-0.640,-0.640,-0.765,2.301,1.000,1.100,0.0052,-0.798,nan,0.00,0,0,0,0,0,0.0000,0.000,0,0.000,0,0.000,0,0,,,FLYING,0,0,0,0.000,0,-1,0
1785653204.927,2.953,1.030,-11.665,0.9985,0,-2.163,0.115,0.000,0.2584,nan,nan,nan,0.000,0.000,5.116,0.0000,-0.7650,-0.640,-0.640,-0.765,2.301,1.000,1.146,0.0052,-0.774,nan,0.00,0,0,0,0,0,0.0000,0.000,0,0.000,0,0.000,0,0,,,FLYING,0,0,0,0.000,0,-1,0
1785653204.958,3.188,1.040,-11.664,0.9983,0,-1.757,0.070,0.000,0.2588,nan,nan,nan,0.000,0.000,4.945,0.0000,-0.7415,-0.618,-0.618,-0.741,2.296,1.000,1.110,0.0052,-0.751,nan,0.00,0,0,0,0,0,0.0000,0.000,0,0.000,0,0.000,0,0,,,FLYING,0,0,0,0.000,0,-1,0
1785653204.986,3.423,1.050,-11.664,0.9980,0,-1.327,0.027,0.000,0.2593,nan,nan,nan,0.000,0.000,4.749,0.0000,-0.7173,-0.594,-0.594,-0.717,2.291,1.000,1.077,0.0052,-0.729,nan,0.00,0,0,0,0,0,0.0000,0.000,0,0.000,0,0.000,0,0,,,FLYING,0,0,0,0.000,0,-1,0
1785653205.021,3.567,1.055,-11.663,0.9979,0,-0.990,0.002,0.000,0.2596,nan,nan,nan,0.000,0.000,4.557,0.0000,-0.6965,-0.570,-0.570,-0.697,2.286,1.000,1.057,0.0052,-0.707,nan,0.00,0,0,0,0,0,0.0000,0.000,0,0.000,0,0.000,0,0,,,FLYING,0,0,0,0.000,0,-1,0
1785653205.055,3.693,1.059,-11.663,0.9978,0,-0.686,-0.016,0.000,0.2598,nan,nan,nan,0.000,0.000,4.379,0.0000,-0.6781,-0.547,-0.547,-0.678,2.281,1.000,1.043,0.0052,-0.686,nan,0.00,0,0,0,0,0,0.0000,0.000,0,0.000,0,0.000,0,0,,,FLYING,0,0,0,0.000,0,-1,0
1785653205.083,3.695,1.059,-11.663,0.9978,0,-0.680,0.031,0.000,0.2592,nan,nan,nan,0.000,0.000,4.375,0.0000,-0.6777,-0.547,-0.547,-0.678,2.281,1.000,1.090,0.0052,-0.665,nan,0.00,0,0,0,0,0,0.0000,0.000,0,0.000,0,0.000,0,0,,,FLYING,0,0,0,0.000,0,-1,0
1785653205.115,3.772,1.059,-11.663,0.9977,0,-0.401,-0.001,0.000,0.2595,nan,nan,nan,0.000,0.000,4.174,0.0000,-0.6585,-0.522,-0.522,-0.658,2.276,1.000,1.058,0.0052,-0.645,nan,0.00,0,0,0,0,0,0.0000,0.000,0,0.000,0,0.000,0,0,,,FLYING,0,0,0,0.000,0,-1,0
1785653205.147,3.846,1.063,-11.663,0.9976,0,-0.130,-0.028,0.000,0.2598,nan,nan,nan,0.000,0.000,3.976,0.0000,-0.6402,-0.497,-0.497,-0.640,2.271,1.000,1.035,0.0052,-0.626,nan,0.00,0,0,0,0,0,0.0000,0.000,0,0.000,0,0.000,0,0,,,FLYING,0,0,0,0.000,0,-1,0
1785653205.178,3.872,1.062,-11.663,0.9975,0,0.094,-0.046,0.000,0.2600,nan,nan,nan,0.000,0.000,3.778,0.0000,-0.6225,-0.472,-0.472,-0.622,2.267,1.000,1.016,0.0052,-0.607,nan,0.00,0,0,0,0,0,0.0000,0.000,0,0.000,0,0.000,0,0,,,FLYING,0,0,0,0.000,0,-1,0
1785653205.206,3.873,1.059,-11.663,0.9975,0,0.299,-0.056,0.000,0.2603,nan,nan,nan,0.000,0.000,3.573,0.0000,-0.6050,-0.447,-0.447,-0.605,2.262,1.000,1.003,0.0052,-0.589,nan,0.00,0,0,0,0,0,0.0000,0.000,0,0.000,0,0.000,0,0,,,FLYING,0,0,0,0.000,0,-1,0
1785653205.242,3.873,1.056,-11.663,0.9975,0,0.475,-0.055,0.000,0.2604,nan,nan,nan,0.000,0.000,3.398,0.0000,-0.5901,-0.425,-0.425,-0.590,2.259,1.000,1.000,0.0052,-0.571,nan,0.00,0,0,0,0,0,0.0000,0.000,0,0.000,0,0.000,0,0,,,FLYING,0,0,0,0.000,0,-1,0
1785653205.273,3.837,1.051,-11.664,0.9976,0,0.649,-0.063,0.000,0.2607,nan,nan,nan,0.000,0.000,3.189,0.0000,-0.5733,-0.399,-0.399,-0.573,2.255,1.000,0.988,0.0052,-0.554,nan,0.00,0,0,0,0,0,0.0000,0.000,0,0.000,0,0.000,0,0,,,FLYING,0,0,0,0.000,0,-1,0
1785653205.304,3.837,1.051,-11.664,0.9976,0,0.649,-0.019,0.000,0.2602,nan,nan,nan,0.000,0.000,3.189,0.0000,-0.5733,-0.399,-0.399,-0.573,2.255,1.000,1.033,0.0052,-0.537,nan,0.00,0,0,0,0,0,0.0000,0.000,0,0.000,0,0.000,0,0,,,FLYING,0,0,0,0.000,0,-1,0
1785653205.346,3.785,1.046,-11.664,0.9977,0,0.801,-0.037,0.000,0.2604,nan,nan,nan,0.000,0.000,2.984,0.0000,-0.5571,-0.373,-0.373,-0.557,2.250,1.000,1.010,0.0052,-0.521,nan,0.00,0,0,0,0,0,0.0000,0.000,0,0.000,0,0.000,0,0,,,FLYING,0,0,0,0.000,0,-1,0
1785653205.381,3.725,1.045,-11.664,0.9977,0,0.967,-0.060,0.000,0.2607,nan,nan,nan,0.000,0.000,2.758,0.0000,-0.5391,-0.345,-0.345,-0.539,2.246,1.000,0.985,0.0052,-0.506,nan,0.00,0,0,0,0,0,0.0000,0.000,0,0.000,0,0.000,0,0,,,FLYING,0,0,0,0.000,0,-1,0
1785653205.407,3.620,1.038,-11.664,0.9978,0,1.101,-0.080,0.000,0.2611,nan,nan,nan,0.000,0.000,2.520,0.0000,-0.5204,-0.315,-0.315,-0.520,2.241,1.000,0.958,0.0052,-0.490,nan,0.00,0,0,0,0,0,0.0000,0.000,0,0.000,0,0.000,1,0,,,FLYING,0,0,0,0.000,0,-1,0
1785653205.445,3.620,1.038,-11.664,0.9978,0,1.101,-0.037,0.000,0.2606,nan,nan,nan,0.000,0.000,2.520,0.0000,-0.5204,-0.315,-0.315,-0.520,2.241,1.000,1.002,0.0052,-0.476,nan,0.00,0,0,0,0,0,0.0000,0.000,0,0.000,0,0.000,0,0,,,FLYING,0,0,0,0.000,0,-1,0
1785653205.476,3.505,1.030,-11.665,0.9980,0,2.601,-0.560,1.500,0.2773,13.688,-3.425,-0.460,0.350,-14.047,-11.697,-0.0000,-0.0000,-0.287,-0.287,-0.503,2.236,1.200,0.470,0.0053,-0.914,nan,0.00,0,1,1,1,0,0.0000,0.000,0,0.000,0,0.000,1,1,hsv,,hsv,0,0,0,0.000,0,-1,0
1785653205.503,3.232,0.976,-11.784,0.9983,0,4.101,-0.518,3.000,0.2940,13.688,-3.425,-0.460,0.350,-14.047,-11.758,-0.0000,-0.0000,-0.257,-0.257,-0.492,2.233,1.200,0.458,0.0054,-0.885,nan,0.00,0,1,1,1,0,0.0000,0.000,0,0.000,0,0.000,0,0,hsv,,hsv,0,0,0,0.000,0,-1,0
1785653205.538,2.795,0.939,-12.084,0.9987,0,5.601,-0.477,4.500,0.3106,13.839,-3.422,-0.563,0.350,-13.889,-12.907,-1.1446,2.0000,-0.223,1.366,-0.493,2.230,1.200,0.462,0.0055,-0.956,nan,0.00,0,1,1,1,0,0.0000,0.000,0,0.000,0,0.000,0,0,hsv,,hsv,0,0,0,0.000,0,-1,0
1785653205.568,2.795,0.939,-12.084,0.9987,0,7.101,-0.443,6.000,0.3273,13.801,-3.344,-0.625,0.350,-13.620,-12.072,-0.9735,0.8484,-0.223,0.911,-0.493,2.230,1.200,0.496,0.0055,-1.013,nan,0.00,0,1,1,1,0,0.0000,0.000,0,0.000,0,0.000,0,0,hsv,,hsv,0,0,0,0.000,0,-1,0
1785653205.600,1.959,0.915,-12.710,0.9993,0,8.601,-0.413,7.500,0.3440,14.077,-3.349,-0.730,0.350,-13.381,-9.815,-1.7624,1.6886,-0.178,0.592,-0.523,2.229,1.200,0.502,0.0055,-1.069,nan,0.00,0,1,1,1,0,0.0000,0.000,0,0.000,0,0.000,0,0,hsv,,hsv,0,0,0,0.000,0,-1,0
1785653205.630,1.040,0.892,-13.460,0.9997,0,8.547,-0.382,9.000,0.3606,15.970,-3.663,-1.007,0.350,-12.918,-7.507,-3.8733,2.0000,-0.137,1.692,-0.589,2.228,1.200,0.509,0.0055,-1.322,nan,0.00,0,1,1,1,0,0.0000,0.000,0,0.000,0,0.000,1,0,hsv,,hsv,0,0,0,0.000,0,-1,0
1785653205.658,1.040,0.892,-13.460,0.9997,0,8.898,-0.364,10.500,0.3440,15.970,-3.663,-1.007,0.350,-12.918,-7.858,-1.8284,0.0000,-0.137,-0.137,-0.589,2.228,1.200,0.528,0.0055,-1.322,nan,0.00,0,1,1,0,0,0.0000,0.000,0,0.000,0,0.000,0,0,hsv,,hsv,0,0,0,0.000,0,-1,0
1785653205.689,-0.007,0.857,-14.608,0.9999,0,8.028,-0.328,12.000,0.3273,15.970,-3.663,-1.007,0.350,-12.918,-8.035,-1.7785,-0.1201,-0.087,-0.087,-0.710,2.227,1.200,0.529,0.0055,-1.246,nan,0.00,0,1,1,0,0,0.0000,0.000,0,0.000,0,0.000,0,0,hsv,,hsv,0,0,0,0.000,0,-1,0
1785653205.718,-0.913,0.809,-15.897,0.9998,0,7.290,-0.285,12.000,0.3106,15.970,-3.663,-1.007,0.350,-12.918,-8.204,-1.7308,-0.2667,-0.039,-0.039,-0.856,2.226,1.200,0.524,0.0055,-1.174,nan,0.00,0,1,1,0,0,0.0000,0.000,0,0.000,0,0.000,0,0,hsv,,hsv,0,0,0,0.000,0,-1,0
1785653205.756,-0.913,0.809,-15.897,0.9998,0,7.290,-0.273,12.000,0.2940,15.970,-3.663,-1.007,0.350,-12.918,-8.204,-1.7308,-0.2667,-0.039,-0.039,-0.856,2.226,1.200,0.536,0.0055,-1.174,nan,0.00,0,1,1,0,0,0.0000,0.000,0,0.000,0,0.000,0,0,hsv,,hsv,0,0,0,0.000,0,-1,0
1785653205.782,-1.768,0.746,-17.175,0.9994,0,6.581,-0.226,12.000,0.2838,15.970,-3.663,-1.007,0.350,-12.918,-8.348,-1.6901,-0.4189,0.002,0.002,-1.008,2.224,1.200,0.520,0.0055,-1.102,nan,0.00,0,1,1,0,0,0.0000,0.000,0,0.000,0,0.000,0,0,hsv,,hsv,0,0,0,0.000,0,-1,0
1785653205.817,-1.768,0.746,-17.175,0.9994,0,6.581,-0.214,12.000,0.2838,15.970,-3.663,-1.007,0.350,-12.918,-8.348,-1.6901,-0.4189,0.002,0.002,-1.008,2.224,1.200,0.532,0.0055,-1.102,nan,0.00,0,1,1,0,0,0.0000,0.000,0,0.000,0,0.000,0,0,hsv,,hsv,0,0,0,0.000,0,-1,0
1785653205.850,-2.553,0.670,-18.463,0.9989,0,5.081,-0.158,10.500,0.2672,17.700,-1.977,4.860,0.350,-6.374,-5.639,-0.0000,-0.0000,0.037,0.037,-1.123,2.222,1.200,0.512,0.0055,4.736,nan,0.00,0,1,1,1,0,0.0000,0.000,0,0.000,0,0.000,0,0,hsv,,hsv,0,0,0,0.000,0,-1,0
1785653205.880,-3.242,0.591,-19.582,0.9983,0,3.581,-0.090,9.000,0.2838,15.596,-1.639,4.042,0.350,-5.998,-1.362,-3.0713,2.0000,0.065,0.783,-1.183,2.220,1.200,0.500,0.0055,3.968,nan,0.00,0,1,1,1,0,0.0000,0.000,0,0.000,0,0.000,0,0,hsv,,hsv,0,0,0,0.000,0,-1,0
1785653205.910,-3.608,0.530,-20.473,0.9980,0,2.081,-0.031,7.500,0.2672,15.596,-1.639,4.042,0.350,-5.998,-4.152,-0.7082,-0.0244,0.075,0.075,-1.207,2.219,1.200,0.500,0.0055,3.993,nan,0.00,0,1,1,0,0,0.0000,0.000,0,0.000,0,0.000,0,0,hsv,,hsv,0,0,0,0.000,0,-1,0
1785653205.945,-3.608,0.530,-20.473,0.9980,0,0.581,-0.016,6.000,0.2700,17.754,-1.571,2.852,0.350,-5.057,2.582,-4.3748,2.0000,0.075,0.386,-1.207,2.219,1.200,0.514,0.0055,2.781,nan,0.00,0,1,1,1,0,0.0000,0.000,0,0.000,0,0.000,0,0,hsv,,hsv,0,0,0,0.000,0,-1,0
1785653205.976,-3.837,0.484,-21.130,0.9977,0,0.162,0.034,5.057,0.2534,17.754,-1.571,2.852,0.350,-5.057,-4.000,-0.3131,0.0168,0.073,0.073,-1.191,2.218,1.200,0.518,0.0055,2.801,nan,0.00,0,1,1,0,0,0.0000,0.000,0,0.000,0,0.000,0,0,hsv,,hsv,0,0,0,0.000,0,-1,0
1785653206.005,-3.909,0.450,-21.616,0.9976,0,-1.338,0.078,4.203,0.2700,16.255,-1.194,2.736,0.350,-4.203,10.504,-7.2689,2.0000,0.067,-0.792,-1.162,2.219,1.200,0.528,0.0055,2.683,nan,0.00,0,1,1,1,0,0.0000,0.000,0,0.000,0,0.000,0,0,hsv,,hsv,0,0,0,0.000,0,-1,0
1785653206.039,-3.791,0.432,-21.989,0.9978,0,0.162,0.111,4.203,0.2534,16.255,-1.194,2.736,0.350,-4.203,-5.251,0.8443,0.0230,0.052,0.052,-1.139,2.219,1.200,0.543,0.0055,2.686,nan,0.00,0,1,1,0,0,0.0000,0.000,0,0.000,0,0.000,0,0,hsv,,hsv,0,0,0,0.000,0,-1,0
1785653206.071,-3.846,0.420,-22.347,0.9977,0,1.352,0.140,4.203,0.2367,16.255,-1.194,2.736,0.350,-4.203,-5.198,0.8298,0.0585,0.037,0.037,-1.104,2.220,1.200,0.559,0.0055,2.691,nan,0.00,0,1,1,0,0,0.0000,0.000,0,0.000,0,0.000,0,0,hsv,,hsv,0,0,0,0.000,0,-1,0
1785653206.101,-3.846,0.420,-22.347,0.9977,0,1.352,0.137,4.203,0.2200,16.255,-1.194,2.736,0.350,-4.203,-5.198,0.8298,0.0585,0.037,0.037,-1.104,2.220,1.200,0.557,0.0055,2.691,nan,0.00,0,1,1,0,0,0.0000,0.000,0,0.000,0,0.000,0,0,hsv,,hsv,0,0,0,0.000,0,-1,0
1785653206.133,-4.021,0.405,-22.773,0.9975,0,1.136,0.168,4.203,0.2157,16.255,-1.194,2.736,0.350,-4.203,-5.156,0.8181,0.1263,0.026,0.026,-1.036,2.222,1.200,0.573,0.0055,2.698,nan,0.00,0,1,1,0,0,0.0000,0.000,0,0.000,0,0.000,0,0,hsv,,hsv,0,0,0,0.000,0,-1,0
1785653206.165,-4.147,0.393,-23.181,0.9974,0,0.962,0.196,4.203,0.2201,16.255,-1.194,2.736,0.350,-4.203,-5.109,0.8049,0.2230,0.013,0.013,-0.939,2.223,1.200,0.589,0.0055,2.704,nan,0.00,0,1,1,0,0,0.0000,0.000,0,0.000,0,0.000,1,0,hsv,,hsv,0,0,0,0.000,0,-1,0
1785653206.192,-4.147,0.393,-23.181,0.9974,0,0.962,0.186,4.203,0.2201,16.255,-1.194,2.736,0.350,-4.203,-5.109,0.8049,0.2230,0.013,0.013,-0.939,2.223,1.200,0.580,0.0055,2.704,nan,0.00,0,1,1,0,0,0.0000,0.000,0,0.000,0,0.000,0,0,hsv,,hsv,0,0,0,0.000,0,-1,0
1785653206.226,-4.264,0.384,-23.606,0.9972,0,-0.538,0.216,2.703,0.2101,21.682,0.744,2.317,0.350,1.964,1.723,-0.0000,-0.0000,-0.003,-0.003,-0.809,2.225,1.200,0.599,0.0055,2.110,nan,0.00,0,1,1,1,0,0.0000,0.000,0,0.000,0,0.000,0,0,hsv,,hsv,0,0,0,0.000,0,-1,0
1785653206.255,-4.199,0.387,-23.890,0.9973,0,-2.038,0.230,1.203,0.2176,21.682,0.744,2.317,0.350,1.964,1.801,-0.0247,0.1681,-0.028,-0.028,-0.641,2.227,1.200,0.617,0.0055,2.110,nan,0.00,0,1,1,0,0,0.0000,0.000,0,0.000,0,0.000,0,0,hsv,,hsv,0,0,0,0.000,0,-1,0
1785653206.291,-4.199,0.387,-23.890,0.9973,0,-3.538,0.215,-0.297,0.2343,21.726,0.734,1.490,0.350,1.936,1.847,0.3223,2.0000,-0.028,-0.519,-0.641,2.227,1.200,0.602,0.0055,1.286,nan,0.00,0,1,1,1,0,0.0000,0.000,0,0.000,0,0.000,0,0,hsv,,hsv,0,0,0,0.000,0,-1,0
1785653206.321,-3.978,0.404,-23.994,0.9976,0,-5.038,0.214,-1.797,0.2176,21.361,0.884,1.849,0.350,2.370,7.104,-2.4247,-2.0000,-0.058,-0.560,-0.474,2.229,1.200,0.618,0.0055,1.632,nan,0.00,0,1,1,1,0,0.0000,0.000,0,0.000,0,0.000,2,0,hsv,,hsv,0,0,0,0.000,0,-1,0
1785653206.349,-3.391,0.437,-23.797,0.9982,0,-4.790,0.186,-2.370,0.2284,21.361,0.884,1.849,0.350,2.370,1.399,0.4634,0.1651,-0.097,-0.097,-0.309,2.231,1.200,0.623,0.0055,1.630,nan,0.00,0,1,1,0,0,0.0000,0.000,0,0.000,0,0.000,0,0,hsv,,hsv,0,0,0,0.000,0,-1,0
1785653206.385,-3.391,0.437,-23.797,0.9982,0,-4.790,0.172,-2.370,0.2284,21.361,0.884,1.849,0.350,2.370,1.399,0.4634,0.1651,-0.097,-0.097,-0.309,2.231,1.200,0.609,0.0055,1.630,nan,0.00,0,1,1,0,0,0.0000,0.000,0,0.000,0,0.000,0,0,hsv,,hsv,0,0,0,0.000,0,-1,0
1785653206.417,-2.934,0.471,-23.541,0.9987,0,-4.434,0.138,-2.370,0.2339,21.361,0.884,1.849,0.350,2.370,1.499,0.4314,0.2862,-0.129,-0.129,-0.188,2.231,1.200,0.609,0.0055,1.626,nan,0.00,0,1,1,0,0,0.0000,0.000,0,0.000,0,0.000,0,0,hsv,,hsv,0,0,0,0.000,0,-1,0
1785653206.470,-2.450,0.498,-23.305,0.9990,0,-4.040,0.110,-2.370,0.2394,21.361,0.884,1.849,0.350,2.370,1.589,0.4029,0.4078,-0.157,-0.157,-0.066,2.232,1.200,0.607,0.0055,1.624,nan,0.00,0,1,1,0,0,0.0000,0.000,0,0.000,0,0.000,0,0,hsv,,hsv,0,0,0,0.000,0,-1,0
1785653206.509,-1.954,0.523,-23.071,0.9994,0,-3.615,0.080,-2.370,0.2439,21.361,0.884,1.849,0.350,2.370,1.662,0.3800,0.5092,-0.180,-0.180,0.035,2.232,1.200,0.603,0.0055,1.623,nan,0.00,0,1,1,0,0,0.0000,0.000,0,0.000,0,0.000,0,0,hsv,,hsv,0,0,0,0.000,0,-1,0
1785653206.534,-1.575,0.539,-22.840,0.9996,0,-3.294,0.059,-2.370,0.2476,21.361,0.884,1.849,0.350,2.370,1.719,0.3619,0.5929,-0.198,-0.198,0.119,2.232,1.200,0.598,0.0055,1.623,nan,0.00,0,1,1,0,0,0.0000,0.000,0,0.000,0,0.000,0,0,hsv,,hsv,0,0,0,0.000,0,-1,0
1785653206.571,-1.217,0.551,-22.608,0.9997,0,-4.645,0.042,-2.525,0.2642,21.176,0.934,0.953,0.350,2.525,3.428,-0.2876,2.0000,-0.213,-0.505,0.190,2.232,1.200,0.593,0.0054,0.729,nan,0.00,0,1,1,1,0,0.0000,0.000,0,0.000,0,0.000,0,0,hsv,,hsv,0,0,0,0.000,0,-1,0
1785653206.602,-1.217,0.551,-22.608,0.9997,0,-3.219,0.038,-2.525,0.2476,21.176,0.934,0.953,0.350,2.525,2.002,0.2914,0.0000,-0.213,-0.213,0.190,2.232,1.200,0.590,0.0053,0.729,nan,0.00,0,1,1,0,0,0.0000,0.000,0,0.000,0,0.000,0,0,hsv,,hsv,0,0,0,0.000,0,-1,0
1785653206.630,-0.702,0.560,-22.369,0.9999,0,-2.736,0.026,-2.525,0.2497,21.176,0.934,0.953,0.350,2.525,2.034,0.2813,0.0542,-0.223,-0.223,0.245,2.232,1.200,0.586,0.0053,0.734,nan,0.00,0,1,1,0,0,0.0000,0.000,0,0.000,0,0.000,0,0,hsv,,hsv,0,0,0,0.000,0,-1,0
1785653206.662,-0.430,0.566,-22.128,0.9999,0,-2.492,0.018,-2.525,0.2515,21.176,0.934,0.953,0.350,2.525,2.061,0.2726,0.0975,-0.232,-0.232,0.288,2.232,1.200,0.584,0.0052,0.737,nan,0.00,0,1,1,0,0,0.0000,0.000,0,0.000,0,0.000,1,0,hsv,,hsv,0,0,0,0.000,0,-1,0
1785653206.695,-0.430,0.566,-22.128,0.9999,0,-2.492,0.017,-2.525,0.2514,21.176,0.934,0.953,0.350,2.525,2.061,0.2726,0.0975,-0.232,-0.232,0.288,2.232,1.200,0.583,0.0051,0.737,nan,0.00,0,1,1,0,0,0.0000,0.000,0,0.000,0,0.000,0,0,hsv,,hsv,0,0,0,0.000,0,-1,0
1785653206.726,-0.161,0.570,-21.889,0.9999,0,-2.243,0.013,-2.525,0.2529,21.176,0.934,0.953,0.350,2.525,2.082,0.2660,0.1332,-0.239,-0.239,0.324,2.232,1.200,0.582,0.0050,0.740,nan,0.00,0,1,1,0,0,0.0000,0.000,0,0.000,0,0.000,0,0,hsv,,hsv,0,0,0,0.000,0,-1,0
1785653206.769,0.094,0.572,-21.641,0.9999,0,-2.004,0.011,-2.525,0.2541,21.176,0.934,0.953,0.350,2.525,2.098,0.2611,0.1642,-0.244,-0.244,0.355,2.232,1.200,0.582,0.0050,0.743,nan,0.00,0,1,1,0,0,0.0000,0.000,0,0.000,0,0.000,0,0,hsv,,hsv,0,0,0,0.000,0,-1,0
1785653206.804,0.304,0.572,-21.412,0.9999,0,-1.805,0.011,-2.525,0.2550,21.176,0.934,0.953,0.350,2.525,2.108,0.2578,0.1891,-0.247,-0.247,0.380,2.232,1.200,0.583,0.0049,0.746,nan,0.00,0,1,1,0,0,0.0000,0.000,0,0.000,0,0.000,0,0,hsv,,hsv,0,0,0,0.000,0,-1,0
1785653206.836,0.501,0.572,-21.175,0.9999,0,-1.614,0.012,-2.525,0.2561,21.176,0.934,0.953,0.350,2.525,2.115,0.2556,0.2164,-0.249,-0.249,0.407,2.233,1.200,0.585,0.0048,0.750,nan,0.00,0,1,1,0,0,0.0000,0.000,0,0.000,0,0.000,0,0,hsv,,hsv,0,0,0,0.000,0,-1,0
1785653206.882,0.684,0.572,-20.931,0.9999,0,-1.435,0.016,-2.525,0.2571,21.176,0.934,0.953,0.350,2.525,2.119,0.2545,0.2432,-0.250,-0.250,0.434,2.233,1.200,0.587,0.0047,0.753,nan,0.00,0,1,1,0,0,0.0000,0.000,0,0.000,0,0.000,0,0,hsv,,hsv,0,0,0,0.000,0,-1,0
1785653206.913,0.684,0.572,-20.931,0.9999,0,-1.435,0.014,-2.525,0.2571,21.176,0.934,0.953,0.350,2.525,2.119,0.2545,0.2432,-0.250,-0.250,0.434,2.233,1.200,0.586,0.0047,0.753,nan,0.00,0,1,1,0,0,0.0000,0.000,0,0.000,0,0.000,0,0,hsv,,hsv,0,0,0,0.000,0,-1,0
1785653206.962,0.840,0.570,-20.697,0.9998,0,-1.278,0.019,-2.525,0.2579,21.176,0.934,0.953,0.350,2.525,2.119,0.2544,0.2659,-0.250,-0.250,0.456,2.233,1.200,0.589,0.0046,0.756,nan,0.00,0,1,1,0,0,0.0000,0.000,0,0.000,0,0.000,0,0,hsv,,hsv,0,0,0,0.000,0,-1,0
1785653207.005,1.008,0.568,-20.448,0.9998,0,-1.107,0.025,-2.525,0.2588,21.176,0.934,0.953,0.350,2.525,2.115,0.2556,0.2879,-0.249,-0.249,0.478,2.234,1.200,0.593,0.0045,0.759,nan,0.00,0,1,1,0,0,0.0000,0.000,0,0.000,0,0.000,0,0,hsv,,hsv,0,0,0,0.000,0,-1,0
1785653207.034,1.151,0.566,-20.209,0.9997,0,-0.958,0.032,-2.525,0.2595,21.176,0.934,0.953,0.350,2.525,2.109,0.2576,0.3073,-0.247,-0.247,0.498,2.234,1.200,0.598,0.0044,0.762,nan,0.00,0,1,1,0,0,0.0000,0.000,0,0.000,0,0.000,0,0,hsv,,hsv,0,0,0,0.000,0,-1,0
1785653207.064,1.256,0.565,-19.981,0.9997,0,-0.846,0.038,-2.525,0.2601,21.176,0.934,0.953,0.350,2.525,2.101,0.2599,0.3239,-0.245,-0.245,0.514,2.235,1.200,0.602,0.0044,0.765,nan,0.00,0,1,1,0,0,0.0000,0.000,0,0.000,0,0.000,0,0,hsv,,hsv,0,0,0,0.000,0,-1,0
1785653207.099,1.350,0.563,-19.749,0.9997,0,-0.743,0.044,-2.525,0.2606,21.176,0.934,0.953,0.350,2.525,2.092,0.2628,0.3389,-0.242,-0.242,0.529,2.236,1.200,0.607,0.0043,0.767,nan,0.00,0,1,1,0,0,0.0000,0.000,0,0.000,0,0.000,0,0,hsv,,hsv,0,0,0,0.000,0,-1,0
1785653207.129,1.350,0.563,-19.749,0.9997,0,-0.743,0.038,-2.525,0.2606,21.176,0.934,0.953,0.350,2.525,2.092,0.2628,0.3389,-0.242,-0.242,0.529,2.236,1.200,0.602,0.0042,0.767,nan,0.00,0,1,1,0,0,0.0000,0.000,0,0.000,0,0.000,0,0,hsv,,hsv,0,0,0,0.000,0,-1,0
1785653207.163,1.437,0.562,-19.508,0.9996,0,-0.645,0.047,-2.525,0.2611,21.176,0.934,0.953,0.350,2.525,2.082,0.2662,0.3528,-0.238,-0.238,0.543,2.236,1.200,0.609,0.0041,0.768,nan,0.00,0,1,1,0,0,0.0000,0.000,0,0.000,0,0.000,0,0,hsv,,hsv,0,0,0,0.000,0,-1,0
1785653207.189,1.523,0.561,-19.234,0.9996,0,-0.545,0.057,-2.525,0.2616,21.176,0.934,0.953,0.350,2.525,2.068,0.2706,0.3666,-0.234,-0.234,0.557,2.237,1.200,0.617,0.0041,0.770,nan,0.00,0,1,1,0,0,0.0000,0.000,0,0.000,0,0.000,0,0,hsv,,hsv,0,0,0,0.000,0,-1,0
1785653207.226,1.585,0.560,-19.006,0.9996,0,-0.471,0.063,-2.525,0.2619,21.176,0.934,0.953,0.350,2.525,2.055,0.2745,0.3763,-0.230,-0.230,0.567,2.238,1.200,0.623,0.0040,0.771,nan,0.00,0,1,1,0,0,0.0000,0.000,0,0.000,0,0.000,0,0,hsv,,hsv,0,0,0,0.000,0,-1,0
1785653207.257,1.585,0.560,-19.006,0.9996,0,-0.471,0.054,-2.525,0.2618,21.176,0.934,0.953,0.350,2.525,2.055,0.2745,0.3763,-0.230,-0.230,0.567,2.238,1.200,0.615,0.0039,0.771,nan,0.00,0,1,1,0,0,0.0000,0.000,0,0.000,0,0.000,1,0,hsv,,hsv,0,0,0,0.000,0,-1,0
1785653207.284,1.646,0.559,-18.746,0.9995,0,-0.395,0.066,-2.525,0.2621,21.176,0.934,0.953,0.350,2.525,2.040,0.2792,0.3859,-0.225,-0.225,0.576,2.240,1.200,0.625,0.0038,0.773,nan,0.00,0,1,1,0,0,0.0000,0.000,0,0.000,0,0.000,0,0,hsv,,hsv,0,0,0,0.000,0,-1,0
1785653207.318,1.646,0.559,-18.746,0.9995,0,-0.395,0.058,-2.525,0.2621,21.176,0.934,0.953,0.350,2.525,2.040,0.2792,0.3859,-0.225,-0.225,0.576,2.240,1.200,0.617,0.0038,0.773,nan,0.00,0,1,1,0,0,0.0000,0.000,0,0.000,0,0.000,0,0,hsv,,hsv,0,0,0,0.000,0,-1,0
1785653207.349,1.696,0.559,-18.493,0.9995,0,-0.329,0.069,-2.525,0.2623,21.176,0.934,0.953,0.350,2.525,2.025,0.2841,0.3941,-0.220,-0.220,0.584,2.241,1.200,0.629,0.0037,0.773,nan,0.00,0,1,1,0,0,0.0000,0.000,0,0.000,0,0.000,1,0,hsv,,hsv,0,0,0,0.000,0,-1,0
1785653207.381,1.738,0.559,-18.246,0.9995,0,-0.271,0.079,-2.525,0.2626,21.176,0.934,0.953,0.350,2.525,2.009,0.2890,0.4011,-0.216,-0.216,0.592,2.242,1.200,0.638,0.0036,0.774,nan,0.00,0,1,1,0,0,0.0000,0.000,0,0.000,0,0.000,0,0,hsv,,hsv,0,0,0,0.000,0,-1,0
1785653207.408,1.773,0.561,-17.999,0.9995,0,-0.220,0.087,-2.525,0.2628,21.176,0.934,0.953,0.350,2.525,1.994,0.2940,0.4073,-0.211,-0.211,0.598,2.244,1.200,0.647,0.0035,0.774,nan,0.00,0,1,1,0,0,0.0000,0.000,0,0.000,0,0.000,0,0,hsv,,hsv,0,0,0,0.000,0,-1,0
1785653207.444,1.773,0.561,-17.999,0.9995,0,-0.220,0.075,-2.525,0.2627,21.176,0.934,0.953,0.350,2.525,1.994,0.2940,0.4073,-0.211,-0.211,0.598,2.244,1.200,0.636,0.0034,0.774,nan,0.00,0,1,1,0,0,0.0000,0.000,0,0.000,0,0.000,1,0,hsv,,hsv,0,0,0,0.000,0,-1,0
1785653207.475,1.801,0.562,-17.767,0.9995,0,-0.177,0.084,-2.525,0.2628,21.176,0.934,0.953,0.350,2.525,1.978,0.2988,0.4125,-0.206,-0.206,0.603,2.245,1.200,0.646,0.0034,0.774,nan,0.00,0,1,1,0,0,0.0000,0.000,0,0.000,0,0.000,1,0,hsv,,hsv,0,0,0,0.000,0,-1,0
1785653207.502,1.825,0.563,-17.523,0.9994,0,-0.137,0.094,-2.525,0.2630,21.176,0.934,0.953,0.350,2.525,1.962,0.3039,0.4175,-0.201,-0.201,0.608,2.247,1.200,0.657,0.0033,0.774,nan,0.00,0,1,1,0,0,0.0000,0.000,0,0.000,0,0.000,0,0,hsv,,hsv,0,0,0,0.000,0,-1,0
1785653207.536,1.825,0.563,-17.523,0.9994,0,-0.137,0.081,-2.525,0.2629,21.176,0.934,0.953,0.350,2.525,1.962,0.3039,0.4175,-0.201,-0.201,0.608,2.247,1.200,0.645,0.0032,0.774,nan,0.00,0,1,1,0,0,0.0000,0.000,0,0.000,0,0.000,0,0,hsv,,hsv,0,0,0,0.000,0,-1,0
1785653207.569,1.846,0.566,-17.263,0.9994,0,-0.099,0.094,-2.525,0.2631,21.176,0.934,0.953,0.350,2.525,1.945,0.3093,0.4222,-0.195,-0.195,0.613,2.248,1.200,0.659,0.0031,0.773,nan,0.00,0,1,1,0,0,0.0000,0.000,0,0.000,0,0.000,0,0,hsv,,hsv,0,0,0,0.000,0,-1,0
1785653207.596,1.865,0.568,-17.023,0.9994,0,-0.028,0.100,-2.525,0.2632,21.176,0.934,0.953,0.350,2.525,1.893,0.3146,0.4263,-0.190,-0.190,0.617,2.250,1.200,0.668,0.0031,0.773,nan,0.00,0,1,1,0,0,0.0000,0.000,0,0.000,0,0.000,0,0,hsv,,hsv,0,0,-1,0.018,1,0,0
1785653207.631,1.865,0.568,-17.023,0.9994,0,-0.013,0.087,-2.525,0.2631,21.176,0.934,0.953,0.350,2.525,1.878,0.3146,0.4263,-0.190,-0.190,0.617,2.250,1.200,0.655,0.0030,0.773,nan,0.00,0,1,1,0,0,0.0000,0.000,0,0.000,0,0.000,0,0,hsv,,hsv,0,0,-1,0.027,1,0,0
1785653207.676,1.872,0.571,-16.777,0.9994,0,-0.014,0.097,-2.525,0.2632,21.176,0.934,0.953,0.350,2.525,1.886,0.3199,0.4300,-0.185,-0.185,0.620,2.252,1.200,0.669,0.0029,0.772,nan,0.00,0,1,1,0,0,0.0000,0.000,0,0.000,0,0.000,0,0,hsv,,hsv,0,0,-1,0.013,0,0,0
1785653207.708,1.878,0.572,-16.537,0.9994,0,-0.017,0.107,-2.525,0.2633,21.176,0.934,0.953,0.350,2.525,1.895,0.3250,0.4334,-0.180,-0.180,0.624,2.253,1.200,0.680,0.0028,0.772,nan,0.00,0,1,1,0,0,0.0000,0.000,0,0.000,0,0.000,1,0,hsv,,hsv,0,0,0,0.000,0,0,0
1785653207.753,1.884,0.574,-16.304,0.9994,0,0.004,0.115,-2.525,0.2634,21.176,0.934,0.953,0.350,2.525,1.880,0.3300,0.4365,-0.175,-0.175,0.627,2.255,1.200,0.689,0.0027,0.771,nan,0.00,0,1,1,0,0,0.0000,0.000,0,0.000,0,0.000,0,0,hsv,,hsv,0,0,0,0.000,0,0,0
1785653207.783,1.889,0.577,-16.081,0.9994,0,0.024,0.121,-2.525,0.2635,21.176,0.934,0.953,0.350,2.525,1.865,0.3345,0.4393,-0.170,-0.170,0.630,2.257,1.200,0.699,0.0027,0.770,nan,0.00,0,1,1,0,0,0.0000,0.000,0,0.000,0,0.000,0,0,hsv,,hsv,0,0,0,0.000,0,0,0
1785653207.818,1.890,0.583,-15.828,0.9994,0,0.041,0.128,-2.525,0.2636,21.176,0.934,0.953,0.350,2.525,1.849,0.3396,0.4422,-0.165,-0.165,0.633,2.259,1.200,0.710,0.0026,0.768,nan,0.00,0,1,1,0,0,0.0000,0.000,0,0.000,0,0.000,0,0,hsv,,hsv,0,0,0,0.000,0,-1,0
1785653207.864,1.889,0.588,-15.592,0.9994,0,0.055,0.131,-2.525,0.2637,21.176,0.934,0.953,0.350,2.525,1.834,0.3443,0.4448,-0.160,-0.160,0.635,2.261,1.200,0.719,0.0025,0.766,nan,0.00,0,1,1,0,0,0.0000,0.000,0,0.000,0,0.000,0,0,hsv,,hsv,0,0,0,0.000,0,-1,0
1785653207.891,1.887,0.594,-15.364,0.9994,0,0.067,0.132,-2.525,0.2638,21.176,0.934,0.953,0.350,2.525,1.820,0.3487,0.4470,-0.156,-0.156,0.637,2.263,1.200,0.725,0.0024,0.764,nan,0.00,0,1,1,0,0,0.0000,0.000,0,0.000,0,0.000,0,0,hsv,,hsv,0,0,0,0.000,0,-1,0
1785653207.928,1.887,0.594,-15.364,0.9994,0,0.067,0.111,-2.525,0.2637,21.176,0.934,0.953,0.350,2.525,1.820,0.3487,0.4470,-0.156,-0.156,0.637,2.263,1.200,0.705,0.0024,0.764,nan,0.00,0,1,1,0,0,0.0000,0.000,0,0.000,0,0.000,0,0,hsv,,hsv,0,0,0,0.000,0,-1,0
1785653207.973,1.883,0.600,-15.121,0.9994,0,0.078,0.120,-2.525,0.2638,21.176,0.934,0.953,0.350,2.525,1.806,0.3534,0.4491,-0.151,-0.151,0.640,2.265,1.200,0.720,0.0023,0.761,nan,0.00,0,1,1,0,0,0.0000,0.000,0,0.000,0,0.000,0,0,hsv,,hsv,0,0,0,0.000,0,-1,0
1785653208.004,1.879,0.604,-14.885,0.9994,0,0.088,0.128,-2.525,0.2639,21.176,0.934,0.953,0.350,2.525,1.791,0.3578,0.4509,-0.147,-0.147,0.641,2.267,1.200,0.732,0.0022,0.760,nan,0.00,0,1,1,0,0,0.0000,0.000,0,0.000,0,0.000,0,0,hsv,,hsv,0,0,0,0.000,0,-1,0
1785653208.031,1.873,0.609,-14.651,0.9994,0,0.734,0.633,-1.025,0.2732,nan,nan,nan,0.000,0.000,1.139,0.0000,0.6429,-0.142,-0.142,0.643,2.270,1.000,1.242,0.0022,0.737,nan,0.00,0,0,0,0,0,0.0000,0.000,0,0.000,0,0.000,0,0,,,FLYING,0,0,0,0.000,0,-1,0
1785653208.067,1.790,0.678,-14.534,0.9994,0,0.716,0.563,0.000,0.2738,nan,nan,nan,0.000,0.000,1.074,0.0000,0.6414,-0.134,-0.134,0.641,2.271,1.000,1.241,0.0022,0.715,nan,0.00,0,0,0,0,0,0.0000,0.000,0,0.000,0,0.000,0,0,,,FLYING,0,0,0,0.000,0,-1,0
1785653208.098,1.790,0.678,-14.534,0.9994,0,0.716,0.544,0.000,0.2744,nan,nan,nan,0.000,0.000,1.074,0.0000,0.6414,-0.134,-0.134,0.641,2.271,1.000,1.222,0.0022,0.694,nan,0.00,0,0,0,0,0,0.0000,0.000,0,0.000,0,0.000,0,0,,,FLYING,0,0,0,0.000,0,-1,0
1785653208.124,1.713,0.739,-14.560,0.9995,0,0.749,0.491,0.000,0.2747,nan,nan,nan,0.000,0.000,0.964,0.0000,0.6351,-0.120,-0.120,0.635,2.273,1.000,1.230,0.0022,0.673,nan,0.00,0,0,0,0,0,0.0000,0.000,0,0.000,0,0.000,0,0,,,FLYING,0,0,0,0.000,0,-1,0
1785653208.155,1.641,0.796,-14.591,0.9995,0,0.780,0.434,0.000,0.2749,nan,nan,nan,0.000,0.000,0.862,0.0000,0.6244,-0.108,-0.108,0.624,2.274,1.000,1.230,0.0022,0.653,nan,0.00,0,0,0,0,0,0.0000,0.000,0,0.000,0,0.000,0,0,,,FLYING,0,0,0,0.000,0,-1,0
1785653208.193,1.640,0.797,-14.592,0.9995,0,0.780,0.420,0.000,0.2754,nan,nan,nan,0.000,0.000,0.860,0.0000,0.6241,-0.107,-0.107,0.624,2.274,1.000,1.217,0.0022,0.633,nan,0.00,0,0,0,0,0,0.0000,0.000,0,0.000,0,0.000,0,0,,,FLYING,0,0,0,0.000,0,-1,0
1785653208.223,1.552,0.846,-14.580,0.9995,0,0.780,0.373,0.000,0.2750,nan,nan,nan,0.000,0.000,0.772,0.0000,0.6010,-0.096,-0.096,0.601,2.275,1.000,1.219,0.0022,0.614,nan,0.00,0,0,0,0,0,0.0000,0.000,0,0.000,0,0.000,0,0,,,FLYING,0,0,0,0.000,0,0,0
1785653208.254,1.474,0.883,-14.579,0.9996,0,0.779,0.335,0.000,0.2745,nan,nan,nan,0.000,0.000,0.695,0.0000,0.5781,-0.087,-0.087,0.578,2.275,1.000,1.218,0.0022,0.596,nan,0.00,0,0,0,0,0,0.0000,0.000,0,0.000,0,0.000,1,0,,,FLYING,0,0,0,0.000,0,1,0
1785653208.282,1.474,0.883,-14.579,0.9996,0,0.779,0.326,0.000,0.2750,nan,nan,nan,0.000,0.000,0.695,0.0000,0.5781,-0.087,-0.087,0.578,2.275,1.000,1.209,0.0022,0.578,nan,0.00,0,0,0,0,0,0.0000,0.000,0,0.000,0,0.000,0,0,,,FLYING,0,0,0,0.000,0,0,0
1785653208.317,1.401,0.915,-14.580,0.9996,0,0.774,0.296,0.000,0.2745,nan,nan,nan,0.000,0.000,0.628,0.0000,0.5559,-0.078,-0.078,0.556,2.276,1.000,1.211,0.0022,0.560,nan,0.00,0,0,0,0,0,0.0000,0.000,0,0.000,0,0.000,0,0,,,FLYING,0,0,0,0.000,0,0,0
1785653208.348,1.326,0.947,-14.579,0.9996,0,0.763,0.264,0.000,0.2740,nan,nan,nan,0.000,0.000,0.563,0.0000,0.5320,-0.070,-0.070,0.532,2.276,1.000,1.211,0.0022,0.544,nan,0.00,0,0,0,0,0,0.0000,0.000,0,0.000,0,0.000,1,0,,,FLYING,0,0,0,0.000,0,0,0
1785653208.375,1.261,0.973,-14.578,0.9996,0,0.750,0.237,0.000,0.2735,nan,nan,nan,0.000,0.000,0.511,0.0000,0.5109,-0.064,-0.064,0.511,2.277,1.000,1.210,0.0022,0.527,nan,0.00,0,0,0,0,0,0.0000,0.000,0,0.000,0,0.000,0,0,,,FLYING,0,0,0,0.000,0,-1,0
1785653208.408,1.186,0.997,-14.578,0.9996,0,0.734,0.214,0.000,0.2729,nan,nan,nan,0.000,0.000,0.452,0.0000,0.4870,-0.056,-0.056,0.487,2.277,1.000,1.211,0.0022,0.512,nan,0.00,0,0,0,0,0,0.0000,0.000,0,0.000,0,0.000,0,0,,,FLYING,0,0,0,0.000,0,-1,0
1785653208.440,1.111,1.019,-14.578,0.9997,0,0.715,0.192,0.000,0.2723,nan,nan,nan,0.000,0.000,0.396,0.0000,0.4641,-0.049,-0.049,0.464,2.278,1.000,1.211,0.0022,0.496,nan,0.00,0,0,0,0,0,0.0000,0.000,0,0.000,0,0.000,0,0,,,FLYING,0,0,0,0.000,0,-1,0
1785653208.473,1.111,1.019,-14.578,0.9997,0,0.715,0.187,0.000,0.2728,nan,nan,nan,0.000,0.000,0.396,0.0000,0.4641,-0.049,-0.049,0.464,2.278,1.000,1.206,0.0022,0.481,nan,0.00,0,0,0,0,0,0.0000,0.000,0,0.000,0,0.000,0,0,,,FLYING,0,0,0,0.000,0,-1,0
1785653208.503,1.041,1.038,-14.577,0.9997,0,0.695,0.169,0.000,0.2723,nan,nan,nan,0.000,0.000,0.346,0.0000,0.4441,-0.043,-0.043,0.444,2.278,1.000,1.207,0.0022,0.467,nan,0.00,0,0,0,0,0,0.0000,0.000,0,0.000,0,0.000,0,0,,,FLYING,0,0,0,0.000,0,-1,0
1785653208.530,0.971,1.056,-14.577,0.9997,0,0.673,0.153,0.000,0.2718,nan,nan,nan,0.000,0.000,0.298,0.0000,0.4249,-0.037,-0.037,0.425,2.278,1.000,1.209,0.0022,0.453,nan,0.00,0,0,0,0,0,0.0000,0.000,0,0.000,0,0.000,0,0,,,FLYING,0,0,0,0.000,0,-1,0
1785653208.560,0.971,1.056,-14.577,0.9997,0,0.673,0.149,0.000,0.2722,nan,nan,nan,0.000,0.000,0.298,0.0000,0.4249,-0.037,-0.037,0.425,2.278,1.000,1.205,0.0022,0.439,nan,0.00,0,0,0,0,0,0.0000,0.000,0,0.000,0,0.000,1,0,,,FLYING,0,0,0,0.000,0,-1,0
1785653208.597,0.910,1.070,-14.577,0.9997,0,-0.827,-0.363,-1.500,0.2719,2.235,0.479,0.649,0.130,12.086,4.094,-0.0000,0.4092,-0.032,-0.032,0.409,2.279,1.200,0.707,0.0022,0.426,nan,0.00,0,1,0,1,0,0.0000,0.000,0,0.000,0,0.000,0,0,hsv,,hsv,0,0,0,0.000,0,0,0
1785653208.623,0.852,1.084,-14.576,0.9997,0,-2.327,-0.375,-3.000,0.2716,2.235,0.479,0.649,0.130,12.086,4.070,0.0045,0.3943,-0.028,-0.028,0.394,2.279,1.200,0.708,0.0022,0.413,nan,0.00,0,1,0,0,0,0.0000,0.000,0,0.000,0,0.000,0,0,hsv,,hsv,0,0,0,0.000,0,0,0
1785653208.658,1.095,1.040,-14.368,0.9997,0,-2.970,-0.320,-4.500,0.2713,2.235,0.479,0.649,0.130,12.086,4.065,0.0053,0.3777,-0.027,-0.027,0.378,2.280,1.200,0.720,0.0022,0.401,nan,0.00,0,1,0,0,0,0.0000,0.000,0,0.000,0,0.000,0,0,hsv,,hsv,0,0,0,0.000,0,0,0
1785653208.689,1.292,1.004,-14.081,0.9996,0,-4.470,-0.275,-6.000,0.2710,2.325,0.615,0.682,0.136,14.822,8.630,-1.6656,0.3633,-0.029,-0.550,0.363,2.281,1.200,0.729,0.0022,0.389,nan,0.00,0,1,0,1,0,0.0000,0.000,0,0.000,0,0.000,0,0,hsv,,hsv,0,0,0,0.000,0,0,0
1785653208.719,1.705,0.967,-13.621,0.9994,0,-3.127,-0.227,-7.500,0.2707,2.325,0.615,0.682,0.136,14.822,4.832,0.5162,0.3478,-0.033,-0.033,0.348,2.283,1.200,0.740,0.0022,0.377,nan,0.00,0,1,0,0,0,0.0000,0.000,0,0.000,0,0.000,0,0,hsv,,hsv,0,0,0,0.000,0,0,0
1785653208.751,2.003,0.925,-12.923,0.9993,0,-2.889,-0.173,-9.000,0.2704,2.325,0.615,0.682,0.136,14.822,4.892,0.5049,0.3318,-0.045,-0.045,0.332,2.284,1.200,0.751,0.0022,0.366,nan,0.00,0,1,0,0,0,0.0000,0.000,0,0.000,0,0.000,0,0,hsv,,hsv,0,0,0,0.000,0,0,0
1785653208.795,2.269,0.880,-12.151,0.9991,0,-2.694,-0.120,-10.500,0.2701,2.325,0.615,0.682,0.136,14.822,4.964,0.4916,0.3178,-0.058,-0.058,0.318,2.286,1.200,0.760,0.0022,0.355,nan,0.00,0,1,0,0,0,0.0000,0.000,0,0.000,0,0.000,0,0,hsv,,hsv,0,0,0,0.000,0,-1,0
1785653208.827,2.269,0.880,-12.151,0.9991,0,-2.694,-0.133,-12.000,0.2704,2.325,0.615,0.682,0.136,14.822,4.964,0.4916,0.3178,-0.058,-0.058,0.318,2.286,1.200,0.747,0.0022,0.344,nan,0.00,0,1,0,0,0,0.0000,0.000,0,0.000,0,0.000,0,0,hsv,,hsv,0,0,0,0.000,0,0,0
1785653208.853,2.566,0.824,-11.112,0.9989,0,-2.499,-0.063,-12.000,0.2701,2.325,0.615,0.682,0.136,14.822,5.065,0.4725,0.3025,-0.077,-0.077,0.303,2.288,1.200,0.761,0.0022,0.334,nan,0.00,0,1,0,0,0,0.0000,0.000,0,0.000,0,0.000,0,0,hsv,,hsv,0,0,0,0.000,0,-1,0
1785653208.888,2.837,0.763,-9.954,0.9987,0,-2.348,0.006,-12.000,0.2698,2.325,0.615,0.682,0.136,14.822,5.185,0.4500,0.2884,-0.100,-0.100,0.288,2.289,1.200,0.769,0.0022,0.324,nan,0.00,0,1,0,0,0,0.0000,0.000,0,0.000,0,0.000,0,0,hsv,,hsv,0,0,0,0.000,0,-1,0
1785653208.921,3.081,0.706,-8.847,0.9985,0,-2.211,0.067,-12.000,0.2696,2.325,0.615,0.682,0.136,14.822,5.292,0.4298,0.2756,-0.120,-0.120,0.276,2.291,1.200,0.774,0.0022,0.314,nan,0.00,0,1,0,0,0,0.0000,0.000,0,0.000,0,0.000,0,0,hsv,,hsv,0,0,0,0.000,0,-1,0
1785653208.953,3.322,0.647,-7.758,0.9983,0,-2.068,0.132,-12.000,0.2694,2.325,0.615,0.682,0.136,14.822,5.390,0.4111,0.2633,-0.138,-0.138,0.263,2.292,1.200,0.779,0.0022,0.305,nan,0.00,0,1,0,0,0,0.0000,0.000,0,0.000,0,0.000,0,0,hsv,,hsv,0,0,0,0.000,0,-1,0
1785653209.001,3.326,0.646,-7.741,0.9983,0,-2.066,0.119,-12.000,0.2697,2.325,0.615,0.682,0.136,14.822,5.392,0.4109,0.2631,-0.139,-0.139,0.263,2.292,1.200,0.765,0.0022,0.296,nan,0.00,0,1,0,0,0,0.0000,0.000,0,0.000,0,0.000,0,0,hsv,,hsv,0,0,0,0.000,0,-1,0
1785653209.031,3.564,0.589,-6.551,0.9980,0,-1.925,0.187,-12.000,0.2694,2.325,0.615,0.682,0.136,14.822,5.489,0.3925,0.2501,-0.157,-0.157,0.250,2.294,1.200,0.776,0.0022,0.287,nan,0.00,0,1,0,0,0,0.0000,0.000,0,0.000,0,0.000,2,0,hsv,,hsv,0,0,0,0.000,0,0,0
1785653209.059,3.797,0.526,-5.385,0.9978,0,-1.779,0.259,-12.000,0.2692,2.325,0.615,0.682,0.136,14.822,5.576,0.3758,0.2378,-0.174,-0.174,0.238,2.295,1.200,0.785,0.0022,0.278,nan,0.00,0,1,0,0,0,0.0000,0.000,0,0.000,0,0.000,0,0,hsv,,hsv,0,0,0,0.000,0,0,0
1785653209.090,3.974,0.480,-4.354,0.9976,0,-0.279,0.810,-10.500,0.2690,nan,nan,nan,0.000,0.000,1.501,0.0000,0.2273,-0.188,-0.188,0.227,2.297,1.000,1.290,0.0022,0.270,nan,0.00,0,0,0,0,0,0.0000,0.000,0,0.000,0,0.000,0,0,,,FLYING,0,0,0,0.000,0,-1,0
1785653209.126,4.006,0.495,-3.408,0.9975,0,1.221,0.796,-9.000,0.2688,nan,nan,nan,0.000,0.000,1.579,0.0000,0.2169,-0.197,-0.197,0.217,2.298,1.000,1.292,0.0022,0.262,nan,0.00,0,0,0,0,0,0.0000,0.000,0,0.000,0,0.000,0,0,,,FLYING,0,0,0,0.000,0,0,0
1785653209.156,4.006,0.495,-3.408,0.9975,0,2.427,0.782,-7.500,0.2690,nan,nan,nan,0.000,0.000,1.579,0.0000,0.2169,-0.197,-0.197,0.217,2.298,1.000,1.278,0.0022,0.254,nan,0.00,0,0,0,0,0,0.0000,0.000,0,0.000,0,0.000,0,0,,,FLYING,0,0,0,0.000,0,0,0
1785653209.184,3.885,0.518,-2.593,0.9977,0,2.267,0.771,-6.000,0.2687,nan,nan,nan,0.000,0.000,1.618,0.0000,0.2064,-0.202,-0.202,0.206,2.300,1.000,1.289,0.0022,0.246,nan,0.00,0,0,0,0,0,0.0000,0.000,0,0.000,0,0.000,0,0,,,FLYING,0,0,0,0.000,0,0,0
1785653209.220,3.652,0.560,-2.022,0.9979,0,2.060,0.748,-4.500,0.2684,nan,nan,nan,0.000,0.000,1.592,0.0000,0.1958,-0.199,-0.199,0.196,2.302,1.000,1.308,0.0022,0.239,nan,0.00,0,0,0,0,0,0.0000,0.000,0,0.000,0,0.000,0,0,,,FLYING,0,0,0,0.000,0,0,0
1785653209.253,3.652,0.560,-2.022,0.9979,0,2.060,0.732,-3.000,0.2686,nan,nan,nan,0.000,0.000,1.592,0.0000,0.1958,-0.199,-0.199,0.196,2.302,1.000,1.292,0.0022,0.232,nan,0.00,0,0,0,0,0,0.0000,0.000,0,0.000,0,0.000,0,0,,,FLYING,0,0,0,0.000,0,0,0
1785653209.283,3.415,0.626,-1.556,0.9982,0,1.901,0.693,-1.500,0.2682,nan,nan,nan,0.000,0.000,1.513,0.0000,0.1839,-0.189,-0.189,0.184,2.305,1.000,1.319,0.0022,0.225,nan,0.00,0,0,0,0,0,0.0000,0.000,0,0.000,0,0.000,0,0,,,FLYING,0,0,0,0.000,0,0,0
1785653209.330,3.226,0.688,-1.383,0.9983,0,1.830,0.650,0.000,0.2680,nan,nan,nan,0.000,0.000,1.396,0.0000,0.1746,-0.174,-0.174,0.175,2.308,1.000,1.338,0.0022,0.218,nan,0.00,0,0,0,0,0,0.0000,0.000,0,0.000,0,0.000,0,0,,,FLYING,0,0,0,0.000,0,0,0
1785653209.362,3.071,0.745,-1.395,0.9985,0,1.813,0.604,0.000,0.2678,nan,nan,nan,0.000,0.000,1.258,0.0000,0.1674,-0.157,-0.157,0.167,2.310,1.000,1.349,0.0022,0.211,nan,0.00,0,0,0,0,0,0.0000,0.000,0,0.000,0,0.000,0,0,,,FLYING,0,0,0,0.000,0,0,0
1785653209.390,2.899,0.806,-1.429,0.9986,0,1.789,0.552,0.000,0.2676,nan,nan,nan,0.000,0.000,1.110,0.0000,0.1598,-0.139,-0.139,0.160,2.312,1.000,1.359,0.0022,0.205,nan,0.00,0,0,0,0,0,0.0000,0.000,0,0.000,0,0.000,0,0,,,FLYING,0,0,0,0.000,0,0,0
1785653209.423,2.899,0.806,-1.429,0.9986,0,1.789,0.529,0.000,0.2678,nan,nan,nan,0.000,0.000,1.110,0.0000,0.1598,-0.139,-0.139,0.160,2.312,1.000,1.335,0.0022,0.199,nan,0.00,0,0,0,0,0,0.0000,0.000,0,0.000,0,0.000,0,0,,,FLYING,0,0,0,0.000,0,0,0
1785653209.448,2.720,0.862,-1.415,0.9988,0,1.738,0.483,0.000,0.2676,nan,nan,nan,0.000,0.000,0.982,0.0000,0.1525,-0.123,-0.123,0.152,2.314,1.000,1.346,0.0022,0.193,nan,0.00,0,0,0,0,0,0.0000,0.000,0,0.000,0,0.000,0,0,,,FLYING,0,0,0,0.000,0,0,0
1785653209.486,2.530,0.916,-1.408,0.9989,0,1.677,0.438,0.000,0.2674,nan,nan,nan,0.000,0.000,0.853,0.0000,0.1448,-0.107,-0.107,0.145,2.316,1.000,1.353,0.0022,0.187,nan,0.00,0,0,0,0,0,0.0000,0.000,0,0.000,0,0.000,0,0,,,FLYING,0,0,0,0.000,0,0,0
1785653209.519,2.366,0.960,-1.409,0.9990,0,1.622,0.395,0.000,0.2673,nan,nan,nan,0.000,0.000,0.744,0.0000,0.1383,-0.093,-0.093,0.138,2.318,1.000,1.355,0.0022,0.182,nan,0.00,0,0,0,0,0,0.0000,0.000,0,0.000,0,0.000,0,0,,,FLYING,0,0,0,0.000,0,0,0
1785653209.550,2.366,0.960,-1.409,0.9990,0,1.622,0.377,0.000,0.2674,nan,nan,nan,0.000,0.000,0.744,0.0000,0.1383,-0.093,-0.093,0.138,2.318,1.000,1.337,0.0022,0.176,nan,0.00,0,0,0,0,0,0.0000,0.000,0,0.000,0,0.000,1,0,,,FLYING,0,0,0,0.000,0,1,0
1785653209.582,2.205,1.000,-1.408,0.9991,0,1.560,0.342,0.000,0.2673,nan,nan,nan,0.000,0.000,0.645,0.0000,0.1321,-0.081,-0.081,0.132,2.319,1.000,1.342,0.0022,0.171,nan,0.00,0,0,0,0,0,0.0000,0.000,0,0.000,0,0.000,0,0,,,FLYING,0,0,0,0.000,0,0,0
1785653209.608,2.039,1.038,-1.406,0.9992,0,1.488,0.308,0.000,0.2671,nan,nan,nan,0.000,0.000,0.550,0.0000,0.1255,-0.069,-0.069,0.125,2.320,1.000,1.346,0.0022,0.166,nan,0.00,0,0,0,0,0,0.0000,0.000,0,0.000,0,0.000,0,0,,,FLYING,0,0,0,0.000,0,0,0
1785653209.643,2.039,1.038,-1.406,0.9992,0,1.488,0.295,0.000,0.2672,nan,nan,nan,0.000,0.000,0.550,0.0000,0.1255,-0.069,-0.069,0.125,2.320,1.000,1.332,0.0022,0.161,nan,0.00,0,0,0,0,0,0.0000,0.000,0,0.000,0,0.000,0,0,,,FLYING,0,0,0,0.000,0,0,0
1785653209.670,1.872,1.073,-1.405,0.9993,0,1.411,0.265,0.000,0.2671,nan,nan,nan,0.000,0.000,0.461,0.0000,0.1187,-0.058,-0.058,0.119,2.322,1.000,1.339,0.0022,0.156,nan,0.00,0,0,0,0,0,0.0000,0.000,0,0.000,0,0.000,0,0,,,FLYING,0,0,0,0.000,0,0,0
1785653209.706,1.719,1.103,-1.404,0.9994,0,1.334,0.239,0.000,0.2669,nan,nan,nan,0.000,0.000,0.385,0.0000,0.1125,-0.048,-0.048,0.112,2.323,1.000,1.342,0.0022,0.151,nan,0.00,0,0,0,0,0,0.0000,0.000,0,0.000,0,0.000,0,0,,,FLYING,0,0,0,0.000,0,-1,0
1785653209.752,1.568,1.131,-1.403,0.9994,0,1.253,0.213,0.000,0.2667,nan,nan,nan,0.000,0.000,0.315,0.0000,0.1062,-0.039,-0.039,0.106,2.324,1.000,1.344,0.0022,0.147,nan,0.00,0,0,0,0,0,0.0000,0.000,0,0.000,0,0.000,2,0,,,FLYING,0,0,0,0.000,0,-1,0
1785653209.782,1.568,1.131,-1.403,0.9994,0,1.253,0.203,0.000,0.2669,nan,nan,nan,0.000,0.000,0.315,0.0000,0.1062,-0.039,-0.039,0.106,2.324,1.000,1.333,0.0022,0.142,nan,0.00,0,0,0,0,0,0.0000,0.000,0,0.000,0,0.000,0,0,,,FLYING,0,0,0,0.000,0,0,0
1785653209.813,1.416,1.157,-1.403,0.9995,0,1.164,0.181,0.000,0.2667,nan,nan,nan,0.000,0.000,0.252,0.0000,0.0997,-0.031,-0.031,0.100,2.324,1.000,1.338,0.0022,0.138,nan,0.00,0,0,0,0,0,0.0000,0.000,0,0.000,0,0.000,0,0,,,FLYING,0,0,0,0.000,0,0,0
1785653209.858,1.279,1.179,-1.402,0.9995,0,1.079,0.162,0.000,0.2665,nan,nan,nan,0.000,0.000,0.199,0.0000,0.0938,-0.025,-0.025,0.094,2.325,1.000,1.342,0.0022,0.134,nan,0.00,0,0,0,0,0,0.0000,0.000,0,0.000,0,0.000,0,0,,,FLYING,0,0,0,0.000,0,-1,0
1785653209.890,1.146,1.200,-1.402,0.9996,0,0.992,0.144,0.000,0.2664,nan,nan,nan,0.000,0.000,0.154,0.0000,0.0879,-0.019,-0.019,0.088,2.326,1.000,1.344,0.0022,0.130,nan,0.00,0,0,0,0,0,0.0000,0.000,0,0.000,0,0.000,0,0,,,FLYING,0,0,0,0.000,0,-1,0
1785653209.917,1.146,1.200,-1.402,0.9996,0,0.992,0.136,0.000,0.2665,nan,nan,nan,0.000,0.000,0.154,0.0000,0.0879,-0.019,-0.019,0.088,2.326,1.000,1.336,0.0022,0.126,nan,0.00,0,0,0,0,0,0.0000,0.000,0,0.000,0,0.000,0,0,,,FLYING,0,0,0,0.000,0,-1,0
1785653209.951,1.021,1.219,-1.401,0.9996,0,0.902,0.123,0.000,0.2664,nan,nan,nan,0.000,0.000,0.119,0.0000,0.0827,-0.015,-0.015,0.083,2.327,1.000,1.342,0.0022,0.122,nan,0.00,0,0,0,0,0,0.0000,0.000,0,0.000,0,0.000,0,0,,,FLYING,0,0,0,0.000,0,-1,0
1785653209.978,0.907,1.236,-1.401,0.9996,0,0.819,0.114,0.000,0.2662,nan,nan,nan,0.000,0.000,0.088,0.0000,0.0776,-0.011,-0.011,0.078,2.328,1.000,1.349,0.0022,0.119,nan,0.00,0,0,0,0,0,0.0000,0.000,0,0.000,0,0.000,0,0,,,FLYING,0,0,0,0.000,0,-1,0
1785653210.013,0.907,1.236,-1.401,0.9996,0,0.819,0.105,0.000,0.2663,nan,nan,nan,0.000,0.000,0.088,0.0000,0.0776,-0.011,-0.011,0.078,2.328,1.000,1.341,0.0022,0.115,nan,0.00,0,0,0,0,0,0.0000,0.000,0,0.000,0,0.000,1,0,,,FLYING,0,0,0,0.000,0,-1,0
1785653210.040,0.817,1.248,-1.401,0.9997,0,0.750,0.100,0.000,0.2662,nan,nan,nan,0.000,0.000,0.067,0.0000,0.0732,-0.008,-0.008,0.073,2.329,1.000,1.347,0.0022,0.112,nan,0.00,0,0,0,0,0,0.0000,0.000,0,0.000,0,0.000,0,0,,,FLYING,0,0,0,0.000,0,-1,0
1785653210.075,0.817,1.248,-1.401,0.9997,0,0.750,0.093,0.000,0.2664,nan,nan,nan,0.000,0.000,0.067,0.0000,0.0732,-0.008,-0.008,0.073,2.329,1.000,1.340,0.0022,0.108,nan,0.00,0,0,0,0,0,0.0000,0.000,0,0.000,0,0.000,0,0,,,FLYING,0,0,0,0.000,0,-1,0
1785653210.106,0.729,1.260,-1.401,0.9997,0,-0.750,-0.411,-1.500,0.2497,5.590,3.618,2.343,0.326,25.000,14.000,-0.0000,-0.0000,-0.006,-0.006,0.069,2.330,1.200,0.849,0.0022,2.265,nan,0.00,0,1,1,1,0,0.0000,0.000,0,0.000,0,0.000,2,0,hsv,,hsv,0,0,0,0.000,0,-1,0
1785653210.134,0.647,1.271,-1.398,0.9997,0,-2.250,-0.419,-3.000,0.2330,5.590,3.618,2.343,0.326,25.000,14.000,-0.0000,-0.0000,-0.005,-0.005,0.065,2.331,1.200,0.852,0.0022,2.259,nan,0.00,0,1,1,1,0,0.0000,0.000,0,0.000,0,0.000,0,0,hsv,,hsv,0,0,0,0.000,0,-1,0
1785653210.169,0.923,1.220,-1.046,0.9996,0,-3.750,-0.355,-4.500,0.2497,4.909,3.201,2.127,0.286,25.000,14.000,-0.0000,2.0000,-0.014,1.308,0.108,2.332,1.200,0.865,0.0022,2.073,nan,0.00,0,1,1,1,0,0.0000,0.000,0,0.000,0,0.000,0,0,hsv,,hsv,0,0,0,0.000,0,-1,0
1785653210.201,0.923,1.220,-1.046,0.9996,0,-5.250,-0.365,-6.000,0.2330,4.706,3.077,2.108,0.275,25.000,14.000,-0.0000,0.2434,-0.014,1.025,0.108,2.332,1.200,0.855,0.0022,2.057,nan,0.00,0,1,1,1,0,0.0000,0.000,0,0.000,0,0.000,0,0,hsv,,hsv,0,0,0,0.000,0,-1,0
1785653210.230,1.583,1.161,-0.363,0.9994,0,-6.750,-0.287,-7.500,0.2164,4.706,3.077,2.108,0.275,25.000,14.000,-1.0544,0.0702,-0.029,-0.029,0.179,2.334,1.200,0.874,0.0022,2.096,nan,0.00,0,1,1,0,0,0.0000,0.000,0,0.000,0,0.000,0,0,hsv,,hsv,0,0,0,0.000,0,-1,0
1785653210.264,1.583,1.161,-0.363,0.9994,0,-8.250,-0.298,-9.000,0.2095,4.706,3.077,2.108,0.275,25.000,14.000,-1.0544,0.0702,-0.029,-0.029,0.179,2.334,1.200,0.862,0.0022,2.096,nan,0.00,0,1,1,0,0,0.0000,0.000,0,0.000,0,0.000,0,0,hsv,,hsv,0,0,0,0.000,0,-1,0
1785653210.296,2.378,1.100,0.486,0.9990,0,-9.750,-0.216,-10.500,0.2144,4.706,3.077,2.108,0.275,25.000,14.000,-1.0683,0.1763,-0.043,-0.043,0.285,2.337,1.200,0.883,0.0022,2.143,nan,0.00,0,1,1,0,0,0.0000,0.000,0,0.000,0,0.000,0,0,hsv,,hsv,0,0,0,0.000,0,-1,0
1785653210.323,3.512,1.011,1.597,0.9980,0,-10.488,-0.109,-12.000,0.2207,4.706,3.077,2.108,0.275,25.000,14.000,-1.0805,0.3118,-0.056,-0.056,0.420,2.339,1.200,0.902,0.0022,2.209,nan,0.00,0,1,1,0,0,0.0000,0.000,0,0.000,0,0.000,0,0,hsv,,hsv,0,0,0,0.000,0,-1,0
1785653210.359,4.685,0.907,2.874,0.9965,0,-9.315,0.012,-12.000,0.2273,4.706,3.077,2.108,0.275,25.000,14.000,-1.0873,0.4517,-0.062,-0.062,0.560,2.341,1.200,0.919,0.0022,2.278,nan,0.00,0,1,1,0,0,0.0000,0.000,0,0.000,0,0.000,0,0,hsv,,hsv,0,0,0,0.000,0,-1,0
1785653210.385,4.685,0.907,2.874,0.9965,0,-9.315,-0.008,-12.000,0.2107,4.741,2.992,2.213,0.277,25.000,14.000,-0.0000,-0.7284,-0.062,0.723,0.560,2.341,1.200,0.899,0.0022,2.375,nan,0.00,0,1,1,1,0,0.0000,0.000,0,0.000,0,0.000,0,0,hsv,,hsv,0,0,0,0.000,0,-1,0
1785653210.415,5.697,0.796,4.092,0.9950,0,-8.303,0.129,-12.000,0.2135,4.741,2.992,2.213,0.277,25.000,14.000,-0.7812,0.1391,-0.058,-0.058,0.699,2.344,1.200,0.926,0.0022,2.433,nan,0.00,0,1,1,0,0,0.0000,0.000,0,0.000,0,0.000,0,0,hsv,,hsv,0,0,0,0.000,0,-1,0
1785653210.451,6.616,0.680,5.287,0.9933,0,-7.384,0.276,-12.000,0.2302,4.741,2.992,2.213,0.277,25.000,14.000,-0.7676,0.2813,-0.044,-0.044,0.841,2.348,1.200,0.956,0.0022,2.487,nan,0.00,0,1,1,0,0,0.0000,0.000,0,0.000,0,0.000,0,0,hsv,,hsv,0,0,0,0.000,0,-1,0
1785653210.478,6.616,0.680,5.287,0.9933,0,-7.384,0.250,-12.000,0.2469,4.741,2.992,2.213,0.277,25.000,14.000,-0.7676,0.2813,-0.044,-0.044,0.841,2.348,1.200,0.930,0.0022,2.487,nan,0.00,0,1,1,0,0,0.0000,0.000,0,0.000,0,0.000,0,0,hsv,,hsv,0,0,0,0.000,0,-1,0
1785653210.513,7.449,0.559,6.495,0.9915,0,-6.551,0.413,-12.000,0.2635,4.741,2.992,2.213,0.277,25.000,14.000,-0.7477,0.4037,-0.024,-0.024,0.964,2.353,1.200,0.971,0.0022,2.536,nan,0.00,0,1,1,0,0,0.0000,0.000,0,0.000,0,0.000,0,0,hsv,,hsv,0,0,0,0.000,0,-1,0
1785653210.543,8.137,0.449,7.606,0.9899,0,-5.863,0.558,-12.000,0.2689,4.741,2.992,2.213,0.277,25.000,14.000,-0.7249,0.4932,-0.001,-0.001,1.053,2.357,1.200,1.006,0.0022,2.577,nan,0.00,0,1,1,0,0,0.0000,0.000,0,0.000,0,0.000,0,0,hsv,,hsv,0,0,0,0.000,0,-1,0
1785653210.576,8.137,0.449,7.606,0.9899,0,-5.863,0.524,-12.000,0.2689,4.741,2.992,2.213,0.277,25.000,14.000,-0.7249,0.4932,-0.001,-0.001,1.053,2.357,1.200,0.972,0.0022,2.577,nan,0.00,0,1,1,0,0,0.0000,0.000,0,0.000,0,0.000,1,0,hsv,,hsv,0,0,0,0.000,0,1,0
1785653210.602,8.744,0.343,8.693,0.9884,0,-5.256,0.674,-12.000,0.2693,4.741,2.992,2.213,0.277,25.000,14.000,-0.6995,0.5628,0.024,0.024,1.123,2.362,1.200,1.017,0.0022,2.614,nan,0.00,0,1,1,0,0,0.0000,0.000,0,0.000,0,0.000,0,0,hsv,,hsv,0,0,0,0.000,0,0,0
1785653210.638,9.300,0.236,9.802,0.9868,0,-4.700,0.826,-12.000,0.2698,4.741,2.992,2.213,0.277,25.000,14.000,-0.6713,0.6062,0.052,0.052,1.166,2.368,1.200,1.062,0.0022,2.648,nan,0.00,0,1,1,0,0,0.0000,0.000,0,0.000,0,0.000,1,0,hsv,,hsv,0,0,0,0.000,0,1,0
1785653210.664,9.835,0.126,10.997,0.9853,0,-4.165,0.987,-12.000,0.2702,4.741,2.992,2.213,0.277,25.000,14.000,-0.6388,0.6260,0.085,0.085,1.186,2.375,1.200,1.113,0.0022,2.681,nan,0.00,0,1,1,0,0,0.0000,0.000,0,0.000,0,0.000,0,0,hsv,,hsv,0,0,0,0.000,0,0,0
1785653210.700,9.835,0.126,10.997,0.9853,0,-4.165,0.935,-12.000,0.2702,4.741,2.992,2.213,0.277,25.000,14.000,-0.6388,0.6260,0.085,0.085,1.186,2.375,1.200,1.061,0.0022,2.681,nan,0.00,0,1,1,0,0,0.0000,0.000,0,0.000,0,0.000,0,0,hsv,,hsv,0,0,0,0.000,0,0,0
1785653210.730,10.209,0.045,11.927,0.9842,0,-3.791,1.058,-12.000,0.2705,4.741,2.992,2.213,0.277,25.000,14.000,-0.6133,0.6286,0.110,0.110,1.189,2.381,1.200,1.103,0.0022,2.705,nan,0.00,0,1,1,0,0,0.0000,0.000,0,0.000,0,0.000,0,0,hsv,,hsv,0,0,0,0.000,0,0,0
1785653210.777,10.598,-0.050,12.906,0.9829,0,-3.402,1.204,-12.000,0.2708,4.741,2.992,2.213,0.277,25.000,14.000,-0.5851,0.6247,0.138,0.138,1.185,2.388,1.200,1.153,0.0022,2.730,nan,0.00,0,1,1,0,0,0.0000,0.000,0,0.000,0,0.000,0,0,hsv,,hsv,0,0,0,0.000,0,0,0
1785653210.807,10.986,-0.151,13.983,0.9817,0,-3.014,1.362,-12.000,0.2712,4.741,2.992,2.213,0.277,25.000,14.000,-0.5536,0.6172,0.170,0.170,1.177,2.397,1.200,1.211,0.0022,2.755,nan,0.00,0,1,1,0,0,0.0000,0.000,0,0.000,0,0.000,0,0,hsv,,hsv,0,0,0,0.000,0,0,0
1785653210.834,11.303,-0.229,15.116,0.9806,0,-2.697,1.495,-12.000,0.2715,4.741,2.992,2.213,0.277,25.000,14.000,-0.5216,0.6077,0.202,0.202,1.168,2.406,1.200,1.265,0.0022,2.776,nan,0.00,0,1,1,0,0,0.0000,0.000,0,0.000,0,0.000,0,0,hsv,,hsv,0,0,0,0.000,0,0,0
