t,roll,pitch,yaw,up,upset,cmd_roll_deg,cmd_pitch_deg,cmd_yaw_deg,thrust,bx,by,bz,blend,bearing_deg,desired_roll,d_lat,d_vert,vY_imu,vY_fused,vD,vX,v_target,pitch_des,elev_i,elev_err,agl,turn_ff,reliable,vision_valid,elev_fresh,is_new_d,bl_found,bl_hdg,bl_conf,bl_hdg_valid,bl_span,bl_paired,bl_cy,bl_gap,src_switch,source,infer_ms,mode,gate,gate_id,peek_side,peek_strength,peek_active,occ_gap,collision
1785653571.355,0.000,-17.800,0.000,0.9521,0,-0.896,15.800,0.099,0.2740,5.817,0.037,-1.549,0.970,0.369,0.896,-0.0000,-0.0000,-0.000,-0.000,-0.000,-0.000,2.147,-2.000,0.0060,0.303,nan,0.46,1,1,1,1,1,0.0159,1.000,1,0.523,8,0.001,2,0,yolo,127.5,yolo,0,0,0,0.000,0,-1,0
1785653571.409,0.007,-17.774,0.003,0.9523,0,-0.890,15.774,0.269,0.2742,5.817,0.037,-1.549,0.970,0.369,0.896,-0.0000,0.0049,-0.000,-0.000,0.005,0.017,2.149,-2.000,0.0059,0.301,nan,0.29,1,1,1,0,1,0.0100,1.000,1,0.522,8,0.006,0,0,yolo,127.5,yolo,0,0,0,0.000,0,-1,0
1785653571.452,0.011,-16.111,0.003,0.9607,0,-0.879,14.274,0.322,0.2766,5.817,0.037,-1.549,0.970,0.369,0.890,0.0003,-0.0089,0.000,0.000,-0.009,0.038,2.200,-2.000,0.0059,0.126,nan,0.23,1,1,1,0,1,0.0081,1.000,1,0.524,8,0.015,0,0,yolo,127.5,yolo,0,0,0,0.000,0,-1,0
1785653571.494,0.266,-12.751,-0.045,0.9753,0,-0.596,12.774,0.350,0.2933,5.820,0.037,-1.550,0.970,0.369,0.862,-0.0000,2.0000,0.004,0.002,-0.026,0.091,2.200,-2.000,0.0059,-0.227,nan,0.19,1,1,1,1,1,0.0067,1.000,1,0.524,8,0.015,0,0,yolo,142.8,yolo,0,0,0,0.000,0,-1,0
1785653571.535,0.266,-12.751,-0.045,0.9753,0,-0.566,11.274,0.103,0.2838,5.820,0.037,-1.550,0.970,0.369,0.832,0.0016,0.0000,0.004,0.004,-0.026,0.091,2.200,-2.000,0.0060,-0.227,nan,0.44,1,1,1,0,1,0.0154,1.000,1,0.520,8,0.054,0,0,yolo,142.8,yolo,0,0,0,0.000,0,-1,0
1785653571.570,0.329,-11.404,-0.071,0.9802,0,-0.446,9.774,-0.082,0.2859,5.820,0.037,-1.550,0.970,0.369,0.775,0.0045,-0.0181,0.007,0.007,-0.044,0.136,2.082,-2.000,0.0060,-0.368,nan,0.63,1,1,1,0,1,0.0218,1.000,1,0.520,8,0.054,0,0,yolo,142.8,yolo,0,0,0,0.000,0,-1,0
1785653571.608,0.400,-10.173,-0.074,0.9843,0,0.021,8.274,-0.022,0.3026,5.820,0.031,-1.550,0.970,0.305,0.379,0.0394,0.7749,0.010,0.012,-0.073,0.190,1.953,-2.000,0.0061,-0.497,nan,0.63,1,1,1,1,1,0.0218,1.000,1,0.520,8,0.054,2,0,yolo,125.6,yolo,0,0,0,0.000,0,-1,0
1785653571.633,0.450,-9.142,-0.057,0.9873,0,-0.077,7.142,-0.031,0.2908,5.820,0.031,-1.550,0.970,0.305,0.527,0.0023,-0.0272,0.014,0.014,-0.101,0.247,1.845,-2.000,0.0061,-0.605,nan,0.63,1,1,1,0,1,0.0221,1.000,1,0.449,7,0.139,0,0,yolo,125.6,yolo,0,0,0,0.000,0,-1,0
1785653571.663,0.463,-8.271,-0.043,0.9896,0,0.012,6.271,-0.037,0.2909,5.820,0.031,-1.550,0.970,0.305,0.451,0.0062,-0.0717,0.018,0.018,-0.145,0.307,1.754,-2.000,0.0062,-0.696,nan,0.64,1,1,1,0,1,0.0223,1.000,1,0.449,7,0.139,0,0,yolo,125.6,yolo,0,0,0,0.000,0,-1,0
1785653571.702,0.463,-8.271,-0.043,0.9896,0,0.012,6.271,0.002,0.2910,5.820,0.031,-1.550,0.970,0.305,0.451,0.0062,-0.0717,0.018,0.018,-0.145,0.307,1.754,-2.000,0.0063,-0.696,nan,0.60,1,1,1,0,1,0.0210,1.000,1,0.362,6,0.226,0,0,yolo,125.6,yolo,0,0,0,0.000,0,-1,0
1785653571.741,0.471,-7.481,-0.035,0.9915,0,-0.235,5.481,-0.058,0.3070,5.834,0.033,-1.496,0.972,0.326,0.706,-0.0219,0.2733,0.022,0.013,-0.200,0.361,1.727,-2.000,0.0063,-0.723,nan,0.57,1,1,1,1,1,0.0199,1.000,1,0.362,6,0.226,0,0,yolo,128.6,yolo,0,0,0,0.000,0,-1,0
1785653571.778,0.477,-6.820,-0.029,0.9929,0,0.099,4.820,-0.058,0.2941,5.834,0.033,-1.496,0.972,0.326,0.377,0.0116,-0.0487,0.025,0.025,-0.248,0.403,1.658,-2.000,0.0064,-0.792,nan,0.57,1,1,1,0,1,0.0199,1.000,1,0.362,6,0.226,2,0,yolo,128.6,yolo,0,0,0,0.000,0,-1,0
1785653571.818,0.483,-6.144,-0.023,0.9942,0,0.169,4.144,0.130,0.2935,5.834,0.033,-1.496,0.972,0.326,0.314,0.0149,-0.1014,0.028,0.028,-0.301,0.444,1.587,-2.000,0.0065,-0.863,nan,0.38,1,1,1,0,1,0.0133,1.000,1,0.376,6,0.246,0,0,yolo,128.6,yolo,0,0,0,0.000,0,-1,0
1785653571.857,0.466,-5.647,-0.028,0.9951,0,-0.166,3.647,-0.577,0.2768,6.553,0.038,-1.253,1.000,0.336,0.632,-0.0066,-1.5682,0.032,0.018,-0.371,0.486,1.849,-2.000,0.0066,-0.601,nan,0.24,1,1,1,1,1,0.0084,1.000,1,0.376,6,0.246,3,0,yolo,128.1,yolo,0,0,0,0.000,0,-1,0
1785653571.897,0.481,-5.233,-0.006,0.9958,0,0.186,3.233,-0.597,0.2890,6.553,0.038,-1.253,1.000,0.336,0.295,0.0168,-0.0511,0.035,0.035,-0.422,0.522,1.801,-2.000,0.0066,-0.649,nan,0.26,1,1,1,0,1,0.0091,1.000,1,0.367,6,0.270,0,0,yolo,128.1,yolo,0,0,0,0.000,0,-1,0
1785653571.935,0.454,-4.842,0.072,0.9964,0,0.212,2.842,-0.613,0.2886,6.553,0.038,-1.253,1.000,0.336,0.242,0.0197,-0.0882,0.038,0.038,-0.459,0.558,1.755,-2.000,0.0067,-0.695,nan,0.28,1,1,1,0,1,0.0097,1.000,1,0.367,6,0.270,2,0,yolo,128.1,yolo,0,0,0,0.000,0,-1,0
1785653571.976,0.428,-4.466,0.145,0.9969,0,1.712,2.466,-0.269,0.2719,7.073,-0.010,-0.965,1.000,-0.084,-5.356,0.7778,-2.0000,0.041,0.103,-0.488,0.591,2.038,-2.000,0.0067,-0.412,nan,0.35,1,1,1,1,1,0.0123,1.000,1,0.361,6,0.196,0,0,yolo,123.6,yolo,0,0,0,0.000,0,-1,0
1785653572.014,0.233,-4.169,0.173,0.9973,0,0.679,2.169,-0.326,0.2839,7.073,-0.010,-0.965,1.000,-0.084,-0.446,-0.0596,-0.0239,0.044,0.044,-0.512,0.622,2.001,-2.000,0.0068,-0.449,nan,0.41,1,1,1,0,1,0.0143,1.000,1,0.361,6,0.196,3,0,yolo,123.6,yolo,0,0,0,0.000,0,-1,0
1785653572.055,0.179,-3.899,0.198,0.9977,0,0.648,1.899,-0.339,0.2833,7.073,-0.010,-0.965,1.000,-0.084,-0.469,-0.0582,-0.0588,0.045,0.045,-0.547,0.652,1.968,-2.000,0.0068,-0.482,nan,0.42,1,1,1,0,1,0.0148,1.000,1,0.304,5,0.480,0,0,yolo,123.6,yolo,0,0,0,0.000,0,-1,0
1785653572.093,0.179,-3.899,0.198,0.9977,0,0.240,1.899,-0.452,0.3000,8.283,0.003,-1.178,1.000,0.019,-0.061,-0.1123,0.9750,0.045,0.065,-0.547,0.652,1.838,-2.000,0.0069,-0.612,nan,0.43,1,1,1,1,1,0.0151,1.000,1,0.304,5,0.480,1,0,yolo,121.7,yolo,0,0,0,0.000,0,-1,0
1785653572.134,0.087,-3.437,0.278,0.9982,0,0.423,1.437,-0.540,0.2887,8.283,0.003,-1.178,1.000,0.019,-0.336,-0.0186,-0.0700,0.046,0.046,-0.617,0.704,1.771,-2.000,0.0070,-0.679,nan,0.52,1,1,1,0,1,0.0182,1.000,1,0.301,5,0.488,0,0,yolo,121.7,yolo,0,0,0,0.000,0,-1,0
1785653572.170,0.087,-3.437,0.278,0.9982,0,0.423,1.437,-0.607,0.2888,8.283,0.003,-1.178,1.000,0.019,-0.336,-0.0186,-0.0700,0.046,0.046,-0.617,0.704,1.771,-2.000,0.0070,-0.679,nan,0.59,1,1,1,0,1,0.0205,1.000,1,0.301,5,0.488,3,0,yolo,121.7,yolo,0,0,0,0.000,0,-1,0
1785653572.213,0.032,-3.257,0.341,0.9984,0,0.603,1.257,-1.943,0.3050,9.040,0.001,-1.222,1.000,0.009,-0.571,0.0165,0.2709,0.046,0.054,-0.657,0.728,1.744,-2.000,0.0071,-0.706,nan,1.93,1,1,1,1,1,0.0675,1.000,1,0.292,5,0.513,0,0,yolo,119.0,yolo,0,0,0,0.000,0,-1,0
1785653572.249,-0.012,-3.094,0.398,0.9985,0,0.350,1.094,-1.943,0.2914,9.040,0.001,-1.222,1.000,0.009,-0.363,-0.0087,-0.0484,0.045,0.045,-0.705,0.749,1.718,-2.000,0.0072,-0.732,nan,1.93,1,1,1,0,1,0.0675,1.000,1,0.292,5,0.513,2,0,yolo,119.0,yolo,0,0,0,0.000,0,-1,0
1785653572.275,-0.063,-2.951,0.601,0.9987,0,0.257,0.951,-1.821,0.2893,9.040,0.001,-1.222,1.000,0.009,-0.320,-0.0116,-0.1098,0.042,0.042,-0.767,0.771,1.695,-2.000,0.0072,-0.755,nan,1.81,1,1,1,0,1,0.0633,1.000,1,0.285,5,0.541,0,0,yolo,119.0,yolo,0,0,0,0.000,0,-1,0
1785653572.306,-0.063,-2.951,0.601,0.9987,0,0.257,0.951,-1.729,0.2894,9.040,0.001,-1.222,1.000,0.009,-0.320,-0.0116,-0.1098,0.042,0.042,-0.767,0.771,1.695,-2.000,0.0073,-0.755,nan,1.72,1,1,1,0,1,0.0601,1.000,1,0.285,5,0.541,0,0,yolo,119.0,yolo,0,0,0,0.000,0,-1,0
1785653572.338,-0.100,-2.832,0.799,0.9988,0,-0.260,0.832,-2.059,0.2825,9.481,0.011,-1.185,1.000,0.066,0.160,-0.0574,-0.2383,0.039,0.032,-0.827,0.791,1.735,-2.000,0.0074,-0.715,nan,1.99,1,1,1,1,1,0.0696,0.900,1,0.282,4,0.575,0,0,yolo,116.9,yolo,0,0,0,0.000,0,-1,0
1785653572.370,-0.075,-2.729,0.986,0.9989,0,0.088,0.729,-2.059,0.2915,9.481,0.011,-1.185,1.000,0.066,-0.164,0.0026,-0.0501,0.035,0.035,-0.877,0.811,1.717,-2.000,0.0075,-0.733,nan,1.99,1,1,1,0,1,0.0696,0.900,1,0.282,4,0.575,0,0,yolo,116.9,yolo,0,0,0,0.000,0,-1,0
1785653572.407,-0.075,-2.729,0.986,0.9989,0,0.088,0.729,-2.264,0.2916,9.481,0.011,-1.185,1.000,0.066,-0.164,0.0026,-0.0501,0.035,0.035,-0.877,0.811,1.717,-2.000,0.0075,-0.733,nan,2.20,1,1,1,0,1,0.0767,0.900,1,0.282,4,0.575,2,0,yolo,116.9,yolo,0,0,0,0.000,0,-1,0
1785653572.433,-0.100,-2.641,1.186,0.9989,0,0.015,0.641,-0.764,0.2900,9.481,0.011,-1.185,1.000,0.066,-0.115,-0.0008,-0.0967,0.031,0.031,-0.923,0.828,1.703,-2.000,0.0076,-0.747,nan,0.00,1,1,1,0,1,0.0000,0.956,0,0.222,4,0.599,0,0,yolo,116.9,yolo,0,0,0,0.000,0,-1,0
1785653572.465,-0.106,-2.570,1.278,0.9990,0,0.144,0.570,-0.055,0.2733,9.679,0.009,-1.058,1.000,0.055,-0.250,0.0294,-1.8671,0.029,0.027,-0.967,0.844,1.827,-2.000,0.0077,-0.623,nan,0.00,1,1,1,1,1,0.0000,0.956,0,0.222,4,0.599,0,0,yolo,117.7,yolo,0,0,0,0.000,0,-1,0
1785653572.496,-0.118,-2.512,1.271,0.9990,0,0.010,0.512,-0.055,0.2897,9.679,0.009,-1.058,1.000,0.055,-0.129,0.0018,-0.0280,0.029,0.029,-0.995,0.858,1.818,-2.000,0.0077,-0.632,nan,0.00,1,1,1,0,1,0.0000,0.971,0,0.232,4,0.686,0,0,yolo,117.7,yolo,0,0,0,0.000,0,-1,0
1785653572.526,-0.119,-2.455,1.254,0.9991,0,0.002,0.455,-0.055,0.2888,9.679,0.009,-1.058,1.000,0.055,-0.121,0.0012,-0.0568,0.028,0.028,-1.024,0.872,1.808,-2.000,0.0078,-0.642,nan,0.00,1,1,1,0,1,0.0000,0.971,0,0.232,4,0.686,0,0,yolo,117.7,yolo,0,0,0,0.000,0,-1,0
1785653572.565,-0.119,-2.455,1.254,0.9991,0,1.073,0.455,0.052,0.2721,9.824,-0.009,-0.966,1.000,-0.052,-1.192,0.1380,-0.7377,0.028,0.042,-1.024,0.872,1.906,-2.000,0.0079,-0.544,nan,0.00,1,1,1,1,1,0.0000,0.971,0,0.232,4,0.686,2,0,yolo,117.8,yolo,0,0,0,0.000,0,-1,0
1785653572.612,-0.120,-2.401,1.267,0.9991,0,0.174,0.401,0.052,0.2871,9.824,-0.009,-0.966,1.000,-0.052,-0.294,-0.0151,-0.0369,0.027,0.027,-1.061,0.888,1.897,-2.000,0.0079,-0.553,nan,0.00,1,1,1,0,1,0.0000,0.960,0,0.225,4,0.650,2,0,yolo,117.8,yolo,0,0,0,0.000,0,-1,0
1785653572.650,-0.246,-2.303,1.257,0.9992,0,0.032,0.303,0.052,0.2858,9.824,-0.009,-0.966,1.000,-0.052,-0.278,-0.0163,-0.0773,0.026,0.026,-1.101,0.916,1.880,-2.000,0.0080,-0.570,nan,0.00,1,1,1,0,1,0.0000,0.959,0,0.224,4,0.659,0,0,yolo,117.8,yolo,0,0,0,0.000,0,-1,0
1785653572.688,-0.246,-2.303,1.257,0.9992,0,1.532,0.303,0.324,0.2692,9.876,-0.056,-0.815,1.000,-0.324,-3.276,0.3515,-1.1457,0.026,0.081,-1.101,0.916,2.033,-2.000,0.0080,-0.417,nan,0.00,1,1,1,1,1,0.0000,0.959,0,0.224,4,0.659,2,0,yolo,119.6,yolo,0,0,0,0.000,0,-1,0
1785653572.727,-0.248,-2.267,1.252,0.9992,0,0.487,0.267,0.324,0.2836,9.876,-0.056,-0.815,1.000,-0.324,-0.736,-0.0572,-0.0300,0.024,0.024,-1.131,0.930,2.027,-2.000,0.0081,-0.423,nan,0.00,1,1,1,0,1,0.0000,0.964,0,0.227,4,0.674,0,0,yolo,119.6,yolo,0,0,0,0.000,0,-1,0
1785653572.763,-0.309,-2.233,1.221,0.9992,0,0.414,0.233,0.324,0.2825,9.876,-0.056,-0.815,1.000,-0.324,-0.723,-0.0581,-0.0606,0.023,0.023,-1.162,0.945,2.021,-2.000,0.0081,-0.429,nan,0.00,1,1,1,0,1,0.0000,0.964,0,0.227,4,0.674,3,0,yolo,119.6,yolo,0,0,0,0.000,0,-1,0
1785653572.789,-0.348,-2.206,1.185,0.9992,0,0.357,0.206,0.324,0.2815,9.876,-0.056,-0.815,1.000,-0.324,-0.705,-0.0594,-0.0850,0.022,0.022,-1.186,0.958,2.016,-2.000,0.0081,-0.434,nan,0.00,1,1,1,0,1,0.0000,0.848,0,0.230,3,0.743,0,0,yolo,119.6,yolo,0,0,0,0.000,0,-1,0
1785653572.821,-0.348,-2.206,1.185,0.9992,0,1.857,0.206,0.627,0.2649,10.112,-0.111,-0.674,1.000,-0.627,-5.358,0.5333,-1.5016,0.022,0.132,-1.186,0.958,2.166,-2.000,0.0082,-0.284,nan,0.00,1,1,1,1,1,0.0000,0.848,0,0.230,3,0.743,0,0,yolo,119.0,yolo,0,0,0,0.000,0,-1,0
1785653572.851,-0.386,-2.180,1.154,0.9993,0,0.790,0.180,0.627,0.2724,10.112,-0.111,-0.674,1.000,-0.627,-1.175,-0.1124,-0.0350,0.020,0.020,-1.221,0.971,2.162,-2.000,0.0082,-0.288,nan,0.00,1,1,1,0,1,0.0000,0.958,0,0.224,4,0.806,0,0,yolo,119.0,yolo,0,0,0,0.000,0,-1,0
1785653572.883,-0.481,-2.157,1.089,0.9993,0,0.681,0.157,0.627,0.2724,10.112,-0.111,-0.674,1.000,-0.627,-1.162,-0.1133,-0.0608,0.019,0.019,-1.247,0.985,2.158,-2.000,0.0082,-0.292,nan,0.00,1,1,1,0,1,0.0000,0.958,0,0.224,4,0.806,0,0,yolo,119.0,yolo,0,0,0,0.000,0,-1,0
1785653572.920,-0.481,-2.157,1.089,0.9993,0,0.681,0.157,0.627,0.2725,10.112,-0.111,-0.674,1.000,-0.627,-1.162,-0.1133,-0.0608,0.019,0.019,-1.247,0.985,2.158,-2.000,0.0083,-0.292,nan,0.00,1,1,1,0,1,0.0000,0.958,0,0.224,4,0.806,1,0,yolo,119.0,yolo,0,0,0,0.000,0,-1,0
1785653572.960,-0.553,-2.138,1.021,0.9993,0,2.181,0.138,0.849,0.2558,9.746,-0.144,-0.469,1.000,-0.849,-4.626,0.2832,-1.4156,0.018,0.123,-1.260,0.998,2.200,-2.000,0.0083,-0.103,nan,0.00,1,1,1,1,1,0.0000,0.837,0,0.223,3,0.787,0,0,yolo,124.9,yolo,0,0,0,0.000,0,-1,0
1785653572.997,-0.622,-2.120,0.963,0.9993,0,1.092,0.120,0.849,0.2725,9.746,-0.144,-0.469,1.000,-0.849,-1.714,-0.1083,0.0023,0.015,0.015,-1.257,1.010,2.200,-2.000,0.0083,-0.106,nan,0.00,1,1,1,0,1,0.0000,0.837,0,0.223,3,0.787,3,0,yolo,124.9,yolo,0,0,0,0.000,0,-1,0
1785653573.023,-0.745,-2.106,0.880,0.9992,0,0.942,0.106,0.849,0.2725,9.746,-0.144,-0.469,1.000,-0.849,-1.687,-0.1103,0.0092,0.013,0.013,-1.250,1.022,2.200,-2.000,0.0083,-0.108,nan,0.00,1,1,1,0,1,0.0000,0.822,0,0.212,3,0.766,0,0,yolo,124.9,yolo,0,0,0,0.000,0,-1,0
1785653573.051,-0.745,-2.106,0.880,0.9992,0,2.442,0.106,0.924,0.2725,9.587,-0.155,-0.466,1.000,-0.924,-3.800,0.1263,0.0292,0.013,0.096,-1.250,1.022,2.200,-2.000,0.0083,-0.111,nan,0.00,1,1,1,1,1,0.0000,0.822,0,0.212,3,0.766,0,0,yolo,115.9,yolo,0,0,0,0.000,0,-1,0
1785653573.085,-0.838,-2.095,0.794,0.9992,0,1.137,0.095,0.924,0.2725,9.587,-0.155,-0.466,1.000,-0.924,-1.974,-0.0855,0.0021,0.010,0.010,-1.248,1.034,2.200,-2.000,0.0083,-0.113,nan,0.00,1,1,1,0,1,0.0000,0.334,0,0.182,2,0.749,0,0,yolo,115.9,yolo,0,0,0,0.000,0,-1,0
1785653573.117,-0.945,-2.083,0.702,0.9992,0,0.974,0.083,0.924,0.2725,9.587,-0.155,-0.466,1.000,-0.924,-1.920,-0.0894,0.0003,0.006,0.006,-1.250,1.047,2.200,-2.000,0.0083,-0.115,nan,0.00,1,1,1,0,1,0.0000,0.668,0,0.182,2,0.749,0,0,yolo,115.9,yolo,0,0,0,0.000,0,-1,0
1785653573.147,-0.945,-2.083,0.702,0.9992,0,0.974,0.083,0.924,0.2725,9.587,-0.155,-0.466,1.000,-0.924,-1.920,-0.0894,0.0003,0.006,0.006,-1.250,1.047,2.200,-2.000,0.0083,-0.115,nan,0.00,1,1,1,0,1,0.0000,0.443,0,0.179,0,0.730,0,0,yolo,115.9,yolo,0,0,0,0.000,0,-1,0
1785653573.178,-1.052,-2.074,0.604,0.9992,0,2.381,0.074,0.984,0.2559,9.479,-0.163,-0.343,1.000,-0.984,-3.433,0.0742,-0.8831,0.001,0.066,-1.257,1.059,2.200,-2.000,0.0083,0.003,nan,0.00,1,1,1,1,1,0.0000,0.443,0,0.179,0,0.730,0,0,yolo,111.4,yolo,0,0,0,0.000,0,-1,0
1785653573.210,-1.334,-2.066,0.504,0.9991,0,0.881,0.066,0.984,0.2725,9.479,-0.163,-0.343,1.000,-0.984,-2.104,-0.0681,0.0087,-0.002,-0.002,-1.249,1.071,2.200,-2.000,0.0083,0.003,nan,0.00,1,1,1,0,1,0.0000,0.557,0,0.182,1,0.732,0,0,yolo,111.4,yolo,0,0,0,0.000,0,-1,0
1785653573.241,-1.420,-2.060,0.400,0.9990,0,0.568,0.060,0.984,0.2726,9.479,-0.163,-0.343,1.000,-0.984,-1.988,-0.0763,0.0197,-0.010,-0.010,-1.238,1.083,2.200,-2.000,0.0083,0.002,nan,0.00,1,1,1,0,1,0.0000,0.557,0,0.182,1,0.732,0,0,yolo,111.4,yolo,0,0,0,0.000,0,-1,0
1785653573.273,-1.421,-2.060,0.399,0.9990,0,0.322,0.060,0.884,0.2559,9.181,-0.142,-0.116,1.000,-0.884,-1.744,-0.1202,-1.6198,-0.010,0.014,-1.237,1.084,2.200,-2.000,0.0083,0.218,nan,0.00,1,1,1,1,1,0.0000,0.566,0,0.191,1,0.752,0,0,yolo,114.2,yolo,0,0,0,0.000,0,-1,0
1785653573.303,-1.452,-2.055,0.315,0.9990,0,0.412,0.055,0.884,0.2671,9.181,-0.142,-0.116,1.000,-0.884,-1.864,-0.0335,0.0231,-0.019,-0.019,-1.214,1.094,2.200,-2.000,0.0083,0.217,nan,0.00,1,1,1,0,1,0.0000,0.566,0,0.191,1,0.752,0,0,yolo,114.2,yolo,0,0,0,0.000,0,-1,0
1785653573.339,-1.503,-2.050,0.225,0.9990,0,0.217,0.050,0.884,0.2684,9.181,-0.142,-0.116,1.000,-0.884,-1.720,-0.0435,0.0526,-0.029,-0.029,-1.185,1.106,2.200,-2.000,0.0083,0.217,nan,0.00,1,1,1,0,1,0.0000,0.566,0,0.191,1,0.752,1,0,yolo,114.2,yolo,0,0,0,0.000,0,-1,0
1785653573.367,-1.503,-2.050,0.225,0.9990,0,0.217,0.050,0.884,0.2684,9.181,-0.142,-0.116,1.000,-0.884,-1.720,-0.0435,0.0526,-0.029,-0.029,-1.185,1.106,2.200,-2.000,0.0082,0.217,nan,0.00,1,1,1,0,1,0.0000,0.459,0,0.198,0,0.761,0,0,yolo,114.2,yolo,0,0,0,0.000,0,-1,0
1785653573.397,-1.525,-2.046,0.134,0.9990,0,-0.702,0.046,0.750,0.2517,9.096,-0.119,0.070,1.000,-0.750,-0.823,-0.2122,-1.8070,-0.040,0.001,-1.170,1.118,2.053,-2.000,0.0082,0.397,nan,0.00,1,1,1,1,1,0.0000,0.573,0,0.198,1,0.761,0,0,yolo,128.4,yolo,0,0,0,0.000,0,-1,0
1785653573.428,-1.525,-2.046,0.134,0.9990,0,-0.226,0.046,0.750,0.2605,9.096,-0.119,0.070,1.000,-0.750,-1.299,-0.0405,0.0000,-0.040,-0.040,-1.170,1.118,2.053,-2.000,0.0082,0.397,nan,0.00,1,1,1,0,1,0.0000,0.573,0,0.198,1,0.761,0,0,yolo,128.4,yolo,0,0,0,0.000,0,-1,0
1785653573.459,-1.436,-2.043,0.055,0.9991,0,-0.314,0.043,0.750,0.2618,9.096,-0.119,0.070,1.000,-0.750,-1.122,-0.0528,0.0299,-0.052,-0.052,-1.140,1.129,2.053,-2.000,0.0081,0.397,nan,0.00,1,1,1,0,1,0.0000,0.463,0,0.204,0,0.786,0,0,yolo,128.4,yolo,0,0,0,0.000,0,-1,0
1785653573.489,-1.410,-2.039,-0.016,0.9991,0,-0.435,0.039,0.750,0.2633,9.096,-0.119,0.070,1.000,-0.750,-0.975,-0.0629,0.0626,-0.062,-0.062,-1.107,1.140,2.054,-2.000,0.0081,0.396,nan,0.00,1,1,1,0,1,0.0000,0.463,0,0.204,0,0.786,0,0,yolo,128.4,yolo,0,0,0,0.000,0,-1,0
1785653573.521,-1.368,-2.037,-0.084,0.9991,0,-1.277,0.037,0.601,0.2466,8.964,-0.094,0.235,1.000,-0.601,-0.091,-0.2331,-1.6005,-0.071,-0.026,-1.084,1.150,1.894,-2.000,0.0080,0.556,nan,0.00,1,1,1,1,1,0.0000,0.463,0,0.204,0,0.786,0,0,yolo,118.3,yolo,0,0,0,0.000,0,-1,0
1785653573.552,-1.368,-2.037,-0.084,0.9991,0,-0.772,0.037,0.601,0.2555,8.964,-0.094,0.235,1.000,-0.601,-0.595,-0.0453,0.0000,-0.071,-0.071,-1.084,1.150,1.894,-2.000,0.0080,0.556,nan,0.00,1,1,1,0,1,0.0000,0.463,0,0.203,0,0.772,0,0,yolo,118.3,yolo,0,0,0,0.000,0,-1,0
1785653573.583,-1.286,-2.034,-0.143,0.9991,0,-0.833,0.034,0.601,0.2568,8.964,-0.094,0.235,1.000,-0.601,-0.453,-0.0551,0.0298,-0.081,-0.081,-1.055,1.161,1.894,-2.000,0.0079,0.556,nan,0.00,1,1,1,0,1,0.0000,0.578,0,0.203,1,0.763,0,0,yolo,118.3,yolo,0,0,0,0.000,0,-1,0
1785653573.619,-1.197,-2.031,-0.198,0.9992,0,-0.883,0.031,0.601,0.2585,8.964,-0.094,0.235,1.000,-0.601,-0.314,-0.0646,0.0674,-0.090,-0.090,-1.017,1.171,1.895,-2.000,0.0079,0.555,nan,0.00,1,1,1,0,1,0.0000,0.578,0,0.203,1,0.763,3,0,yolo,118.3,yolo,0,0,0,0.000,0,-1,0
1785653573.661,-1.108,-2.029,-0.254,0.9992,0,-1.062,0.029,0.451,0.2418,8.945,-0.070,0.365,1.000,-0.451,-0.045,-0.1408,-0.7691,-0.099,-0.039,-0.991,1.181,1.767,-2.000,0.0078,0.683,nan,0.00,1,1,1,1,1,0.0000,0.437,0,0.171,1,0.796,0,0,yolo,117.5,yolo,0,0,0,0.000,0,-1,0
1785653573.693,-1.108,-2.029,-0.254,0.9992,0,-1.224,0.029,0.451,0.2514,8.945,-0.070,0.365,1.000,-0.451,0.116,-0.0592,0.0000,-0.099,-0.099,-0.991,1.181,1.767,-2.000,0.0077,0.683,nan,0.00,1,1,1,0,1,0.0000,0.431,0,0.164,1,0.812,0,0,yolo,117.5,yolo,0,0,0,0.000,0,-1,0
1785653573.724,-0.983,-2.026,-0.302,0.9992,0,-1.231,0.026,0.451,0.2535,8.945,-0.070,0.365,1.000,-0.451,0.248,-0.0682,0.0469,-0.108,-0.108,-0.944,1.192,1.767,-2.000,0.0077,0.683,nan,0.00,1,1,1,0,1,0.0000,0.431,0,0.164,1,0.812,0,0,yolo,117.5,yolo,0,0,0,0.000,0,-1,0
1785653573.755,-0.847,-2.024,-0.344,0.9993,0,-2.196,0.024,0.280,0.2368,8.529,-0.042,0.517,1.000,-0.280,1.349,-0.2538,-1.3628,-0.115,-0.078,-0.895,1.203,1.631,-2.000,0.0076,0.819,nan,0.00,1,1,1,1,1,0.0000,0.322,0,0.161,0,0.809,0,0,yolo,112.7,yolo,0,0,0,0.000,0,-1,0
1785653573.785,-0.621,-2.022,-0.373,0.9993,0,-1.376,0.022,0.280,0.2497,8.529,-0.042,0.517,1.000,-0.280,0.755,-0.0448,0.0567,-0.122,-0.122,-0.838,1.212,1.632,-2.000,0.0075,0.818,nan,0.00,1,1,1,0,1,0.0000,0.322,0,0.161,0,0.809,0,0,yolo,112.7,yolo,0,0,0,0.000,0,-1,0
1785653573.816,-0.621,-2.022,-0.373,0.9993,0,-1.376,-0.478,0.280,0.2496,8.529,-0.042,0.517,1.000,-0.280,0.755,-0.0448,0.0567,-0.122,-0.122,-0.838,1.212,1.632,-2.500,0.0074,0.818,nan,0.00,1,1,1,0,1,0.0000,0.424,0,0.155,1,0.829,0,0,yolo,112.7,yolo,0,0,0,0.000,0,-1,0
1785653573.847,-0.475,-2.082,-0.398,0.9993,0,-1.304,-0.418,0.280,0.2522,8.529,-0.042,0.517,1.000,-0.280,0.829,-0.0497,0.1234,-0.127,-0.127,-0.771,1.222,1.623,-2.500,0.0073,0.827,nan,0.00,1,1,1,0,1,0.0000,0.528,0,0.153,2,0.833,0,0,yolo,112.7,yolo,0,0,0,0.000,0,-1,0
1785653573.879,-0.327,-2.126,-0.427,0.9993,0,-2.804,-0.224,0.048,0.2356,8.300,-0.007,0.649,1.000,-0.048,3.904,-0.5056,-1.9429,-0.131,-0.144,-0.703,1.233,1.493,-2.350,0.0072,0.957,nan,0.00,1,1,1,1,1,0.0000,0.528,0,0.153,2,0.833,0,0,yolo,110.2,yolo,0,0,0,0.000,0,-1,0
1785653573.910,-0.327,-2.126,-0.427,0.9993,0,-1.491,-0.315,0.048,0.2426,8.300,-0.007,0.649,1.000,-0.048,1.164,0.0138,0.0000,-0.131,-0.131,-0.703,1.233,1.493,-2.440,0.0071,0.957,nan,0.00,1,1,1,0,1,0.0000,0.529,0,0.154,2,0.843,0,0,yolo,110.2,yolo,0,0,0,0.000,0,-1,0
1785653573.945,-0.167,-2.163,-0.449,0.9993,0,-1.366,-0.182,0.048,0.2450,8.300,-0.007,0.649,1.000,-0.048,1.199,0.0115,0.0579,-0.133,-0.133,-0.645,1.244,1.488,-2.345,0.0070,0.962,nan,0.00,1,1,1,0,1,0.0000,0.529,0,0.154,2,0.843,2,0,yolo,110.2,yolo,0,0,0,0.000,0,-1,0
1785653573.970,-0.167,-2.163,-0.449,0.9993,0,-2.866,0.005,-0.160,0.2283,8.126,0.023,0.763,1.000,0.160,2.816,-0.1771,-0.6409,-0.133,-0.145,-0.645,1.244,1.381,-2.157,0.0070,1.069,nan,0.00,1,1,1,1,1,0.0000,0.422,0,0.152,1,0.834,0,0,yolo,110.6,yolo,0,0,0,0.000,0,-1,0
1785653574.005,-0.023,-2.181,-0.448,0.9993,0,-1.791,0.116,-0.160,0.2414,8.126,0.023,0.763,1.000,0.160,1.768,0.0104,0.0526,-0.134,-0.134,-0.593,1.254,1.378,-2.065,0.0070,1.072,nan,0.00,1,1,1,0,1,0.0000,0.422,0,0.152,1,0.834,1,0,yolo,110.6,yolo,0,0,0,0.000,0,-1,0
1785653574.037,0.170,-2.167,-0.436,0.9993,0,-1.606,0.167,-0.160,0.2440,8.126,0.023,0.763,1.000,0.160,1.776,0.0099,0.1092,-0.135,-0.135,-0.536,1.265,1.380,-2.000,0.0070,1.070,nan,0.00,1,1,1,0,1,0.0000,0.425,0,0.156,1,0.835,1,0,yolo,110.6,yolo,0,0,0,0.000,0,-1,0
1785653574.063,0.335,-2.151,-0.417,0.9993,0,-1.426,0.195,-0.160,0.2467,8.126,0.023,0.763,1.000,0.160,1.761,0.0109,0.1674,-0.134,-0.134,-0.478,1.275,1.383,-1.956,0.0070,1.067,nan,0.00,1,1,1,0,1,0.0000,0.406,0,0.132,1,0.800,0,0,yolo,110.6,yolo,0,0,0,0.000,0,-1,0
1785653574.103,0.335,-2.151,-0.417,0.9993,0,-2.926,0.348,-0.357,0.2301,7.963,0.050,0.867,1.000,0.357,3.546,-0.2053,-0.7378,-0.134,-0.151,-0.478,1.275,1.284,-1.803,0.0070,1.166,nan,0.00,1,1,1,1,1,0.0000,0.536,0,0.161,2,0.728,0,0,yolo,118.6,yolo,0,0,0,0.000,0,-1,0
1785653574.143,0.757,-2.101,-0.377,0.9992,0,-1.426,0.471,-0.357,0.2418,7.963,0.050,0.867,1.000,0.357,2.162,0.0226,0.1183,-0.128,-0.128,-0.360,1.295,1.291,-1.630,0.0070,1.159,nan,0.00,1,1,1,0,1,0.0000,0.536,0,0.161,2,0.728,0,0,yolo,118.6,yolo,0,0,0,0.000,0,-1,0
1785653574.174,0.757,-2.101,-0.377,0.9992,0,-1.405,0.363,-0.357,0.2418,7.963,0.050,0.867,1.000,0.357,2.162,0.0226,0.1183,-0.128,-0.128,-0.360,1.295,1.291,-1.738,0.0070,1.159,nan,0.00,1,1,1,0,1,0.0000,0.426,0,0.158,1,0.679,0,0,yolo,118.6,yolo,0,0,0,0.000,0,-1,0
1785653574.212,0.894,-2.055,-0.339,0.9992,0,-2.905,0.541,-0.587,0.2251,7.774,0.080,0.952,1.000,0.587,4.804,-0.3110,-0.7207,-0.123,-0.161,-0.296,1.304,1.219,-1.514,0.0070,1.231,nan,0.00,1,1,1,1,1,0.0000,0.426,0,0.158,1,0.679,1,0,yolo,117.8,yolo,0,0,0,0.000,0,-1,0
1785653574.254,1.188,-2.003,-0.288,0.9992,0,-1.405,0.505,-0.587,0.2378,7.774,0.080,0.952,1.000,0.587,2.528,0.0450,0.0743,-0.116,-0.116,-0.222,1.312,1.225,-1.499,0.0070,1.225,nan,0.00,1,1,1,0,1,0.0000,0.163,0,0.032,0,0.655,0,0,yolo,117.8,yolo,0,0,0,0.000,0,-1,0
1785653574.286,1.388,-1.948,-0.223,0.9991,0,-0.988,0.466,-0.587,0.2420,7.774,0.080,0.952,1.000,0.587,2.376,0.0544,0.1614,-0.107,-0.107,-0.135,1.321,1.233,-1.483,0.0070,1.217,nan,0.00,1,1,1,0,1,0.0000,0.322,0,0.162,0,0.672,0,0,yolo,117.8,yolo,0,0,0,0.000,0,-1,0
1785653574.318,1.491,-1.902,-0.167,0.9991,0,-2.488,0.515,-0.784,0.2253,7.468,0.102,1.017,1.000,0.784,5.758,-0.3858,-0.7361,-0.097,-0.162,-0.060,1.329,1.200,-1.388,0.0070,1.267,nan,0.00,1,1,1,1,1,0.0000,0.322,0,0.162,0,0.672,0,0,yolo,117.0,yolo,0,0,0,0.000,0,-1,0
1785653574.348,1.491,-1.902,-0.167,0.9991,0,-1.253,0.428,-0.784,0.2333,7.468,0.102,1.017,1.000,0.784,2.743,0.0658,0.0000,-0.097,-0.097,-0.060,1.329,1.200,-1.475,0.0070,1.267,nan,0.00,1,1,1,0,1,0.0000,0.166,0,0.039,0,0.641,0,0,yolo,117.0,yolo,0,0,0,0.000,0,-1,0
1785653574.379,1.625,-1.861,-0.097,0.9991,0,-0.942,0.421,-0.784,0.2369,7.468,0.102,1.017,1.000,0.784,2.566,0.0765,0.0773,-0.086,-0.086,0.017,1.336,1.200,-1.440,0.0070,1.261,nan,0.00,1,1,1,0,1,0.0000,0.166,0,0.039,0,0.641,0,0,yolo,117.0,yolo,0,0,0,0.000,0,-1,0
1785653574.410,1.724,-1.819,-0.016,0.9990,0,-0.651,0.405,-0.784,0.2401,7.468,0.102,1.017,1.000,0.784,2.375,0.0881,0.1453,-0.074,-0.074,0.085,1.343,1.200,-1.415,0.0070,1.256,nan,0.00,1,1,1,0,1,0.0000,0.328,0,0.171,0,0.658,0,0,yolo,117.0,yolo,0,0,0,0.000,0,-1,0
1785653574.441,1.724,-1.819,-0.016,0.9990,0,-2.151,0.336,-1.017,0.2235,7.232,0.128,1.076,1.000,1.017,5.304,-0.2201,-0.3902,-0.074,-0.140,0.085,1.343,1.200,-1.483,0.0070,1.308,nan,0.00,1,1,1,1,1,0.0000,0.328,0,0.171,0,0.658,0,0,yolo,119.1,yolo,0,0,0,0.000,0,-1,0
1785653574.474,1.789,-1.782,0.054,0.9990,0,-1.114,0.332,-1.017,0.2349,7.232,0.128,1.076,1.000,1.017,2.903,0.0770,0.0611,-0.063,-0.063,0.146,1.349,1.200,-1.450,0.0070,1.303,nan,0.00,1,1,1,0,1,0.0000,0.329,0,0.174,0,0.657,0,0,yolo,119.1,yolo,0,0,0,0.000,0,-1,0
1785653574.504,1.902,-1.752,0.141,0.9990,0,-0.799,0.326,-1.017,0.2378,7.232,0.128,1.076,1.000,1.017,2.701,0.0890,0.1234,-0.051,-0.051,0.209,1.355,1.200,-1.426,0.0070,1.300,nan,0.00,1,1,1,0,1,0.0000,0.329,0,0.174,0,0.657,0,0,yolo,119.1,yolo,0,0,0,0.000,0,-1,0
1785653574.537,1.986,-1.721,0.244,0.9989,0,-0.495,0.317,-1.017,0.2410,7.232,0.128,1.076,1.000,1.017,2.481,0.1021,0.1908,-0.038,-0.038,0.276,1.361,1.200,-1.403,0.0070,1.296,nan,0.00,1,1,1,0,1,0.0000,0.170,0,0.050,0,0.616,0,0,yolo,119.1,yolo,0,0,0,0.000,0,-1,0
1785653574.577,2.035,-1.691,0.337,0.9989,0,-1.995,0.301,-1.120,0.2243,6.945,0.136,1.114,1.000,1.120,4.202,-0.0750,-0.1618,-0.025,-0.083,0.337,1.366,1.200,-1.390,0.0070,1.323,nan,0.00,1,1,1,1,1,0.0000,0.170,0,0.049,0,0.617,0,0,yolo,121.3,yolo,0,0,0,0.000,0,-1,0
1785653574.617,2.208,-1.663,0.438,0.9988,0,-0.495,0.286,-1.120,0.2350,6.945,0.136,1.114,1.000,1.120,2.549,0.0736,0.0725,-0.010,-0.010,0.409,1.372,1.200,-1.377,0.0070,1.320,nan,0.00,1,1,1,0,1,0.0000,0.169,0,0.048,0,0.618,0,0,yolo,121.3,yolo,0,0,0,0.000,0,-1,0
1785653574.649,2.208,-1.663,0.438,0.9988,0,-0.341,0.228,-1.120,0.2350,6.945,0.136,1.114,1.000,1.120,2.549,0.0736,0.0725,-0.010,-0.010,0.409,1.372,1.200,-1.435,0.0070,1.320,nan,0.00,1,1,1,0,1,0.0000,0.169,0,0.048,0,0.618,0,0,yolo,121.3,yolo,0,0,0,0.000,0,-1,0
1785653574.679,2.255,-1.638,0.539,0.9988,0,-1.841,0.225,-1.249,0.2200,6.709,0.146,1.148,1.000,1.249,4.609,-0.1520,-0.2428,0.004,-0.057,0.488,1.376,1.200,-1.413,0.0070,1.344,nan,0.00,1,1,1,1,1,0.0000,0.434,0,0.168,1,0.678,0,0,yolo,121.5,yolo,0,0,0,0.000,0,-1,0
1785653574.711,2.440,-1.620,0.652,0.9987,0,-0.341,0.227,-1.249,0.2354,6.709,0.146,1.148,1.000,1.249,2.467,0.0776,0.0952,0.021,0.021,0.583,1.381,1.200,-1.392,0.0070,1.342,nan,0.00,1,1,1,0,1,0.0000,0.434,0,0.168,1,0.678,0,0,yolo,121.5,yolo,0,0,0,0.000,0,-1,0
1785653574.743,2.440,-1.620,0.652,0.9987,0,-0.026,0.181,-1.249,0.2354,6.709,0.146,1.148,1.000,1.249,2.467,0.0776,0.0952,0.021,0.021,0.583,1.381,1.200,-1.439,0.0070,1.342,nan,0.00,1,1,1,0,1,0.0000,0.472,0,0.215,0,0.686,0,0,yolo,121.5,yolo,0,0,0,0.000,0,-1,0
1785653574.776,2.466,-1.598,0.783,0.9987,0,0.309,0.196,-1.249,0.2404,6.709,0.146,1.148,1.000,1.249,2.157,0.0950,0.2051,0.038,0.038,0.693,1.386,1.200,-1.402,0.0070,1.340,nan,0.00,1,1,1,0,1,0.0000,0.474,0,0.218,0,0.790,0,0,yolo,121.5,yolo,0,0,0,0.000,0,-1,0
1785653574.807,2.467,-1.586,0.883,0.9987,0,-1.066,0.196,-1.276,0.2237,6.812,0.152,1.189,1.000,1.276,3.534,-0.0313,-0.4293,0.052,-0.015,0.773,1.390,1.200,-1.389,0.0070,1.383,nan,0.00,1,1,1,1,1,0.0000,0.474,0,0.218,0,0.790,0,0,yolo,119.9,yolo,0,0,0,0.000,0,-1,0
1785653574.843,2.564,-1.572,0.988,0.9986,0,0.434,0.195,-1.276,0.2404,6.812,0.152,1.189,1.000,1.276,1.926,0.0824,0.0802,0.068,0.068,0.853,1.394,1.200,-1.377,0.0070,1.381,nan,0.00,1,1,1,0,1,0.0000,0.474,0,0.218,0,0.790,2,0,yolo,119.9,yolo,0,0,0,0.000,0,-1,0
1785653574.884,2.508,-1.555,1.116,0.9987,0,0.864,0.198,-1.276,0.2571,6.812,0.152,1.189,1.000,1.276,1.645,0.0984,0.1749,0.083,0.083,0.948,1.399,1.200,-1.357,0.0070,1.379,nan,0.00,1,1,1,0,1,0.0000,0.578,0,0.203,1,0.826,0,0,yolo,119.9,yolo,0,0,0,0.000,0,-1,0
1785653574.915,2.416,-1.539,1.238,0.9988,0,1.015,0.194,-1.276,0.2714,6.812,0.152,1.189,1.000,1.276,1.402,0.1122,0.2472,0.097,0.097,1.020,1.403,1.200,-1.344,0.0070,1.377,nan,0.00,1,1,1,0,1,0.0000,0.694,0,0.203,2,0.832,0,0,yolo,119.9,yolo,0,0,0,0.000,0,-1,0
1785653574.948,2.339,-1.526,1.331,0.9988,0,-0.251,0.179,-1.257,0.2714,6.806,0.149,1.204,1.000,1.257,2.590,0.0171,-0.0971,0.107,0.037,1.064,1.406,1.200,-1.347,0.0070,1.390,nan,0.00,1,1,1,1,1,0.0000,0.694,0,0.203,2,0.832,0,0,yolo,120.5,yolo,0,0,0,0.000,0,-1,0
1785653574.979,2.339,-1.526,1.331,0.9988,0,0.900,0.138,-1.257,0.2714,6.806,0.149,1.204,1.000,1.257,1.439,0.0702,0.0000,0.107,0.107,1.064,1.406,1.200,-1.388,0.0070,1.390,nan,0.00,1,1,1,0,1,0.0000,0.462,0,0.203,0,0.839,0,0,yolo,120.5,yolo,0,0,0,0.000,0,-1,0
1785653575.011,2.372,-1.512,1.442,0.9988,0,1.184,0.145,-1.257,0.2714,6.806,0.149,1.204,1.000,1.257,1.188,0.0844,0.0396,0.121,0.121,1.104,1.410,1.200,-1.367,0.0070,1.389,nan,0.00,1,1,1,0,1,0.0000,0.462,0,0.203,0,0.839,0,0,yolo,120.5,yolo,0,0,0,0.000,0,-1,0
1785653575.041,2.246,-1.502,1.554,0.9989,0,1.244,0.152,-1.257,0.2713,6.806,0.149,1.204,1.000,1.257,1.002,0.0950,0.0570,0.132,0.132,1.121,1.414,1.200,-1.350,0.0070,1.387,nan,0.00,1,1,1,0,1,0.0000,0.453,0,0.191,0,0.772,0,0,yolo,120.5,yolo,0,0,0,0.000,0,-1,0
1785653575.074,2.118,-1.490,1.672,0.9990,0,1.364,0.155,-1.022,0.2713,6.423,0.115,1.165,1.000,1.022,0.754,0.1972,0.3933,0.142,0.061,1.123,1.417,1.200,-1.334,0.0070,1.335,nan,0.00,1,1,1,1,1,0.0000,0.453,0,0.191,0,0.772,0,0,yolo,122.0,yolo,0,0,0,0.000,0,-1,0
1785653575.105,2.118,-1.490,1.672,0.9990,0,1.864,0.119,-1.022,0.2713,6.423,0.115,1.165,1.000,1.022,0.254,0.0808,0.0000,0.142,0.142,1.123,1.417,1.200,-1.371,0.0070,1.335,nan,0.00,1,1,1,0,1,0.0000,0.459,0,0.199,0,0.734,0,0,yolo,122.0,yolo,0,0,0,0.000,0,-1,0
1785653575.136,1.961,-1.475,1.780,0.9991,0,1.892,0.132,-1.022,0.2713,6.423,0.115,1.165,1.000,1.022,0.069,0.0909,-0.0092,0.152,0.152,1.114,1.422,1.200,-1.343,0.0070,1.333,nan,0.00,1,1,1,0,1,0.0000,0.459,0,0.199,0,0.734,0,0,yolo,122.0,yolo,0,0,0,0.000,0,-1,0
1785653575.168,1.759,-1.464,1.872,0.9992,0,2.366,0.133,-0.782,0.2719,6.116,0.084,1.090,1.000,0.782,-0.607,0.2558,0.8470,0.158,0.091,1.101,1.425,1.202,-1.331,0.0070,1.248,nan,0.00,1,1,1,1,1,0.0000,0.212,0,0.154,0,0.718,0,0,yolo,119.5,yolo,0,0,0,0.000,0,-1,0
1785653575.200,1.759,-1.464,1.872,0.9992,0,2.363,0.099,-0.782,0.2713,6.116,0.084,1.090,1.000,0.782,-0.604,0.0670,0.0000,0.158,0.158,1.101,1.425,1.202,-1.364,0.0070,1.248,nan,0.00,1,1,1,0,1,0.0000,0.212,0,0.154,0,0.718,0,0,yolo,119.5,yolo,0,0,0,0.000,0,-1,0
1785653575.231,1.470,-1.449,1.959,0.9994,0,2.153,0.110,-0.782,0.2712,6.116,0.084,1.090,1.000,0.782,-0.683,0.0711,-0.0175,0.163,0.163,1.084,1.429,1.204,-1.340,0.0070,1.246,nan,0.00,1,1,1,0,1,0.0000,0.349,0,0.207,0,0.658,0,0,yolo,119.5,yolo,0,0,0,0.000,0,-1,0
1785653575.263,1.197,-1.437,2.047,0.9995,0,1.928,0.119,-0.782,0.2712,6.116,0.084,1.090,1.000,0.782,-0.731,0.0736,-0.0368,0.165,0.165,1.064,1.433,1.205,-1.318,0.0070,1.245,nan,0.00,1,1,1,0,1,0.0000,0.349,0,0.207,0,0.658,0,0,yolo,119.5,yolo,0,0,0,0.000,0,-1,0
1785653575.293,1.197,-1.437,2.047,0.9995,0,3.106,-0.057,-0.429,0.2712,6.171,0.046,1.033,1.000,0.429,-1.910,0.2859,0.4258,0.165,0.111,1.064,1.433,1.262,-1.494,0.0070,1.188,nan,0.00,1,1,1,1,1,0.0000,0.350,0,0.208,0,0.651,0,0,yolo,116.2,yolo,0,0,0,0.000,0,-1,0
1785653575.331,0.829,-1.446,2.094,0.9996,0,2.278,-0.017,-0.429,0.2712,6.171,0.046,1.033,1.000,0.429,-1.449,0.0512,-0.0169,0.163,0.163,1.047,1.437,1.261,-1.463,0.0070,1.189,nan,0.00,1,1,1,0,1,0.0000,0.350,0,0.208,0,0.651,2,0,yolo,116.2,yolo,0,0,0,0.000,0,-1,0
1785653575.372,0.589,-1.446,2.129,0.9996,0,2.000,0.003,-0.429,0.2711,6.171,0.046,1.033,1.000,0.429,-1.411,0.0492,-0.0334,0.161,0.161,1.031,1.441,1.261,-1.443,0.0070,1.189,nan,0.00,1,1,1,0,1,0.0000,0.343,0,0.196,0,0.672,0,0,yolo,116.2,yolo,0,0,0,0.000,0,-1,0
1785653575.403,0.371,-1.445,2.173,0.9997,0,3.500,-0.199,-0.119,0.2771,6.104,0.013,0.948,1.000,0.119,-3.251,0.3303,0.8666,0.157,0.135,1.015,1.444,1.348,-1.645,0.0070,1.102,nan,0.00,1,1,1,1,1,0.0000,0.465,0,0.207,0,0.650,0,0,yolo,114.4,yolo,0,0,0,0.000,0,-1,0
1785653575.434,0.371,-1.445,2.173,0.9997,0,2.396,-0.234,-0.119,0.2711,6.104,0.013,0.948,1.000,0.119,-2.025,0.0223,0.0000,0.157,0.157,1.015,1.444,1.348,-1.679,0.0070,1.102,nan,0.00,1,1,1,0,1,0.0000,0.465,0,0.207,0,0.650,0,0,yolo,114.4,yolo,0,0,0,0.000,0,-1,0
1785653575.465,-0.015,-1.468,2.189,0.9997,0,1.845,-0.177,-0.119,0.2711,6.104,0.013,0.948,1.000,0.119,-1.860,0.0136,-0.0168,0.148,0.148,0.998,1.448,1.346,-1.645,0.0070,1.104,nan,0.00,1,1,1,0,1,0.0000,0.464,0,0.205,0,0.655,0,0,yolo,114.4,yolo,0,0,0,0.000,0,-1,0
1785653575.497,-0.189,-1.485,2.193,0.9997,0,1.557,-0.133,-0.119,0.2711,6.104,0.013,0.948,1.000,0.119,-1.746,0.0077,-0.0334,0.142,0.142,0.981,1.452,1.344,-1.618,0.0070,1.106,nan,0.00,1,1,1,0,1,0.0000,0.464,0,0.205,0,0.655,0,0,yolo,114.4,yolo,0,0,0,0.000,0,-1,0
1785653575.528,-0.189,-1.485,2.193,0.9997,0,3.057,-0.422,0.411,0.2755,5.681,-0.025,0.857,0.947,-0.249,-4.028,0.2731,0.7655,0.142,0.150,0.981,1.452,1.446,-1.907,0.0070,1.004,nan,0.00,1,1,1,1,1,0.0000,0.582,0,0.207,1,0.651,0,0,yolo,121.8,yolo,0,0,0,0.000,0,-1,0
1785653575.566,-0.354,-1.497,2.205,0.9996,0,2.106,-0.377,0.305,0.2711,5.681,-0.025,0.857,0.947,-0.249,-2.459,-0.0145,-0.0155,0.135,0.135,0.966,1.456,1.445,-1.875,0.0070,1.005,nan,0.00,1,1,1,0,1,0.0000,0.582,0,0.207,1,0.651,2,0,yolo,121.8,yolo,0,0,0,0.000,0,-1,0
1785653575.592,-0.610,-1.544,2.176,0.9996,0,1.661,-0.279,0.225,0.2712,5.681,-0.025,0.857,0.947,-0.249,-2.271,-0.0244,-0.0321,0.126,0.126,0.949,1.461,1.440,-1.823,0.0070,1.010,nan,0.00,1,1,1,0,1,0.0000,0.581,0,0.206,1,0.654,0,0,yolo,121.8,yolo,0,0,0,0.000,0,-1,0
1785653575.629,-0.610,-1.544,2.176,0.9996,0,1.661,-0.316,0.166,0.2712,5.681,-0.025,0.857,0.947,-0.249,-2.271,-0.0244,-0.0321,0.126,0.126,0.949,1.461,1.440,-1.860,0.0070,1.010,nan,0.00,1,1,1,0,1,0.0000,0.581,0,0.206,1,0.654,2,0,yolo,121.8,yolo,0,0,0,0.000,0,-1,0
1785653575.670,-0.963,-1.605,2.132,0.9995,0,3.161,-0.419,0.560,0.2799,5.346,-0.066,0.753,0.891,-0.707,-5.132,0.3207,0.7984,0.106,0.149,0.922,1.471,1.546,-2.024,0.0069,0.904,nan,0.00,1,1,1,1,1,0.0000,0.601,0,0.226,1,0.762,0,0,yolo,128.4,yolo,0,0,0,0.000,0,-1,0
1785653575.701,-0.963,-1.605,2.132,0.9995,0,1.932,-0.469,0.614,0.2710,5.346,-0.066,0.753,0.891,-0.707,-2.895,-0.0430,0.0000,0.106,0.106,0.922,1.471,1.546,-2.074,0.0069,0.904,nan,0.00,1,1,1,0,1,0.0000,0.601,0,0.226,1,0.762,0,0,yolo,128.4,yolo,0,0,0,0.000,0,-1,0
1785653575.734,-1.191,-1.661,2.073,0.9994,0,1.462,-0.352,0.655,0.2709,5.346,-0.066,0.753,0.891,-0.707,-2.653,-0.0559,-0.0141,0.093,0.093,0.907,1.477,1.541,-2.013,0.0068,0.909,nan,0.00,1,1,1,0,1,0.0000,0.597,0,0.222,1,0.843,0,0,yolo,128.4,yolo,0,0,0,0.000,0,-1,0
1785653575.766,-1.334,-1.696,2.005,0.9993,0,2.962,-0.564,1.082,0.2876,5.057,-0.106,0.648,0.843,-1.197,-7.939,0.6480,1.6363,0.082,0.188,0.894,1.482,1.650,-2.260,0.0067,0.800,nan,0.00,1,1,1,1,1,0.0000,0.597,0,0.222,1,0.843,0,0,yolo,117.8,yolo,0,0,0,0.000,0,-1,0
1785653575.795,-1.334,-1.696,2.005,0.9993,0,1.912,-0.612,1.109,0.2709,5.057,-0.106,0.648,0.843,-1.197,-3.246,-0.1060,0.0000,0.082,0.082,0.894,1.482,1.650,-2.308,0.0066,0.800,nan,0.00,1,1,1,0,1,0.0000,0.591,0,0.216,1,0.834,0,0,yolo,117.8,yolo,0,0,0,0.000,0,-1,0
1785653575.834,-1.669,-1.761,1.909,0.9991,0,1.276,-0.479,1.130,0.2708,5.057,-0.106,0.648,0.843,-1.197,-2.945,-0.1222,-0.0196,0.066,0.066,0.875,1.489,1.644,-2.240,0.0065,0.806,nan,0.00,1,1,1,0,1,0.0000,0.591,0,0.216,1,0.834,2,0,yolo,117.8,yolo,0,0,0,0.000,0,-1,0
1785653575.875,-1.840,-1.827,1.794,0.9990,0,0.828,-0.348,1.145,0.2707,5.057,-0.106,0.648,0.843,-1.197,-2.668,-0.1372,-0.0385,0.051,0.051,0.856,1.496,1.638,-2.175,0.0064,0.812,nan,0.00,1,1,1,0,1,0.0000,0.594,0,0.219,1,0.830,0,0,yolo,117.8,yolo,0,0,0,0.000,0,-1,0
1785653575.905,-1.960,-1.876,1.695,0.9989,0,2.328,-0.548,1.423,0.2831,4.731,-0.117,0.510,0.788,-1.419,-4.879,0.0917,0.7214,0.037,0.120,0.842,1.502,1.751,-2.424,0.0064,0.668,nan,0.00,1,1,1,1,1,0.0000,0.599,0,0.224,1,0.824,0,0,yolo,126.0,yolo,0,0,0,0.000,0,-1,0
1785653575.938,-2.216,-1.939,1.568,0.9987,0,0.828,-0.431,1.513,0.2707,4.731,-0.117,0.510,0.788,-1.419,-2.671,-0.1012,-0.0188,0.019,0.019,0.823,1.510,1.745,-2.370,0.0063,0.674,nan,0.00,1,1,1,0,1,0.0000,0.599,0,0.224,1,0.824,0,0,yolo,126.0,yolo,0,0,0,0.000,0,-1,0
1785653575.969,-2.216,-1.939,1.568,0.9987,0,0.454,-0.497,1.580,0.2706,4.731,-0.117,0.510,0.788,-1.419,-2.671,-0.1012,-0.0188,0.019,0.019,0.823,1.510,1.745,-2.436,0.0062,0.674,nan,0.00,1,1,1,0,1,0.0000,0.588,0,0.213,1,0.828,0,0,yolo,126.0,yolo,0,0,0,0.000,0,-1,0
1785653576.000,-2.285,-1.989,1.418,0.9986,0,0.105,-0.378,1.631,0.2706,4.731,-0.117,0.510,0.788,-1.419,-2.389,-0.1166,-0.0364,0.004,0.004,0.805,1.518,1.741,-2.367,0.0062,0.678,nan,0.00,1,1,1,0,1,0.0000,0.588,0,0.213,1,0.828,0,0,yolo,126.0,yolo,0,0,0,0.000,0,-1,0
1785653576.031,-2.293,-2.031,1.281,0.9986,0,1.605,-0.469,1.686,0.2872,4.795,-0.165,0.395,0.799,-1.967,-6.854,0.3440,0.8052,-0.009,0.108,0.797,1.525,1.852,-2.500,0.0061,0.570,nan,0.00,1,1,1,1,1,0.0000,0.712,0,0.218,2,0.830,0,0,yolo,120.0,yolo,0,0,0,0.000,0,-1,0
1785653576.062,-2.427,-2.076,1.154,0.9984,0,0.661,-0.424,1.407,0.2706,4.795,-0.165,0.395,0.799,-1.967,-3.087,-0.1308,-0.0122,-0.022,-0.022,0.785,1.532,1.848,-2.500,0.0061,0.575,nan,0.00,1,1,1,0,1,0.0000,0.712,0,0.218,2,0.830,0,0,yolo,120.0,yolo,0,0,0,0.000,0,-1,0
1785653576.092,-2.491,-2.120,1.035,0.9984,0,0.341,-0.380,1.198,0.2539,4.795,-0.165,0.395,0.799,-1.967,-2.833,-0.1447,-0.0275,-0.036,-0.036,0.770,1.539,1.844,-2.500,0.0060,0.578,nan,0.00,1,1,1,0,1,0.0000,0.633,0,0.153,3,0.842,0,0,yolo,120.0,yolo,0,0,0,0.000,0,-1,0
1785653576.124,-2.491,-2.120,1.035,0.9984,0,0.341,-0.380,1.041,0.2518,4.795,-0.165,0.395,0.799,-1.967,-2.833,-0.1447,-0.0275,-0.036,-0.036,0.770,1.539,1.844,-2.500,0.0059,0.578,nan,0.00,1,1,1,0,1,0.0000,0.633,0,0.153,3,0.842,0,0,yolo,120.0,yolo,0,0,0,0.000,0,-1,0
1785653576.163,-2.519,-2.162,0.932,0.9983,0,1.841,-0.338,1.180,0.2684,4.456,-0.162,0.279,0.743,-2.080,-4.672,0.0658,0.9338,-0.052,0.040,0.773,1.547,1.909,-2.500,0.0059,0.454,nan,0.00,1,1,1,1,1,0.0000,0.717,0,0.223,2,0.839,0,0,yolo,128.0,yolo,0,0,0,0.000,0,-1,0
1785653576.202,-2.557,-2.206,0.841,0.9983,0,0.341,-0.294,1.417,0.2575,4.456,-0.162,0.279,0.743,-2.080,-2.469,-0.1087,0.0198,-0.069,-0.069,0.793,1.556,1.906,-2.500,0.0059,0.457,nan,0.00,1,1,1,0,1,0.0000,0.717,0,0.223,2,0.839,0,0,yolo,128.0,yolo,0,0,0,0.000,0,-1,0
1785653576.233,-2.610,-2.243,0.717,0.9982,0,-0.451,-0.257,1.595,0.2703,4.456,-0.162,0.279,0.743,-2.080,-2.158,-0.1259,0.0458,-0.086,-0.086,0.819,1.565,1.904,-2.500,0.0058,0.460,nan,0.00,1,1,1,0,1,0.0000,0.959,0,0.224,4,0.831,0,0,yolo,128.0,yolo,0,0,0,0.000,0,-1,0
1785653576.264,-2.554,-2.276,0.568,0.9982,0,-0.639,-0.224,1.728,0.2702,4.456,-0.162,0.279,0.743,-2.080,-1.916,-0.1394,0.0771,-0.100,-0.100,0.850,1.574,1.901,-2.500,0.0058,0.463,nan,0.00,1,1,1,0,1,0.0000,0.729,0,0.232,2,0.836,0,0,yolo,128.0,yolo,0,0,0,0.000,0,-1,0
1785653576.296,-2.486,-2.307,0.404,0.9982,0,0.840,-0.193,1.637,0.2869,4.170,-0.147,0.167,0.695,-2.023,-3.326,-0.0414,1.2231,-0.113,-0.003,0.884,1.583,1.959,-2.500,0.0057,0.340,nan,0.00,1,1,1,1,1,0.0000,0.728,0,0.232,2,0.839,0,0,yolo,134.2,yolo,0,0,0,0.000,0,-1,0
1785653576.327,-2.486,-2.307,0.404,0.9982,0,-0.660,-0.193,1.647,0.2702,4.170,-0.147,0.167,0.695,-2.023,-1.518,-0.1098,0.0000,-0.113,-0.113,0.884,1.583,1.959,-2.500,0.0057,0.340,nan,0.00,1,1,1,0,1,0.0000,0.728,0,0.232,2,0.839,0,0,yolo,134.2,yolo,0,0,0,0.000,0,-1,0
1785653576.359,-2.410,-2.337,0.235,0.9983,0,-1.138,-0.163,1.654,0.2701,4.170,-0.147,0.167,0.695,-2.023,-1.272,-0.1236,0.0183,-0.127,-0.127,0.903,1.594,1.957,-2.500,0.0057,0.342,nan,0.00,1,1,1,0,1,0.0000,0.951,0,0.220,4,0.807,0,0,yolo,134.2,yolo,0,0,0,0.000,0,-1,0
1785653576.396,-2.291,-2.361,0.089,0.9984,0,0.362,-0.139,1.735,0.2829,3.984,-0.145,0.110,0.664,-2.080,-2.935,0.0296,0.4709,-0.137,-0.043,0.902,1.603,1.973,-2.500,0.0056,0.280,nan,0.00,1,1,1,1,1,0.0000,0.951,0,0.220,4,0.807,2,0,yolo,123.3,yolo,0,0,0,0.000,0,-1,0
1785653576.437,-2.341,-2.383,-0.076,0.9983,0,-1.138,-0.117,1.796,0.2701,3.984,-0.145,0.110,0.664,-2.080,-0.940,-0.1076,-0.0128,-0.151,-0.151,0.889,1.613,1.972,-2.500,0.0056,0.281,nan,0.00,1,1,1,0,1,0.0000,0.825,0,0.214,3,0.779,0,0,yolo,123.3,yolo,0,0,0,0.000,0,-1,0
1785653576.467,-2.341,-2.383,-0.076,0.9983,0,-1.401,-0.117,1.841,0.2700,3.984,-0.145,0.110,0.664,-2.080,-0.940,-0.1076,-0.0128,-0.151,-0.151,0.889,1.613,1.972,-2.500,0.0056,0.281,nan,0.00,1,1,1,0,1,0.0000,0.682,0,0.193,2,0.774,0,0,yolo,123.3,yolo,0,0,0,0.000,0,-1,0
1785653576.500,-2.183,-2.404,-0.260,0.9984,0,-1.417,-0.096,1.875,0.2700,3.984,-0.145,0.110,0.664,-2.080,-0.767,-0.1174,-0.0282,-0.160,-0.160,0.874,1.623,1.971,-2.500,0.0055,0.282,nan,0.00,1,1,1,0,1,0.0000,0.682,0,0.193,2,0.774,0,0,yolo,123.3,yolo,0,0,0,0.000,0,-1,0
1785653576.533,-2.038,-2.421,-0.429,0.9985,0,-0.085,-0.079,1.553,0.2866,3.768,-0.136,0.049,0.628,-2.064,-1.952,-0.0105,0.6931,-0.168,-0.088,0.861,1.633,1.954,-2.500,0.0055,0.213,nan,0.00,1,1,1,1,1,0.0000,0.686,0,0.196,2,0.764,0,0,yolo,129.3,yolo,0,0,0,0.000,0,-1,0
1785653576.563,-2.037,-2.435,-0.579,0.9985,0,-1.585,-0.038,1.336,0.2700,3.768,-0.136,0.049,0.628,-2.064,-0.406,-0.0904,-0.0180,-0.178,-0.178,0.843,1.643,1.954,-2.473,0.0055,0.214,nan,0.00,1,1,1,0,1,0.0000,0.697,0,0.205,2,0.841,0,0,yolo,129.3,yolo,0,0,0,0.000,0,-1,0
1785653576.593,-2.037,-2.435,-0.579,0.9985,0,-1.631,-0.065,1.173,0.2699,3.768,-0.136,0.049,0.628,-2.064,-0.406,-0.0904,-0.0180,-0.178,-0.178,0.843,1.643,1.954,-2.500,0.0055,0.214,nan,0.00,1,1,1,0,1,0.0000,0.578,0,0.203,1,0.831,0,0,yolo,129.3,yolo,0,0,0,0.000,0,-1,0
1785653576.626,-1.896,-2.447,-0.701,0.9985,0,-1.640,-0.050,1.051,0.2699,3.768,-0.136,0.049,0.628,-2.064,-0.256,-0.0990,-0.0385,-0.187,-0.187,0.823,1.652,1.954,-2.498,0.0055,0.215,nan,0.00,1,1,1,0,1,0.0000,0.578,0,0.203,1,0.831,0,0,yolo,129.3,yolo,0,0,0,0.000,0,-1,0
1785653576.657,-1.730,-2.456,-0.791,0.9986,0,-1.600,0.004,0.959,0.2698,3.768,-0.136,0.049,0.628,-2.064,-0.130,-0.1062,-0.0509,-0.194,-0.194,0.811,1.662,1.954,-2.452,0.0054,0.215,nan,0.00,1,1,1,0,1,0.0000,0.577,0,0.202,1,0.809,0,0,yolo,129.3,yolo,0,0,0,0.000,0,-1,0
1785653576.689,-1.589,-2.458,-0.868,0.9987,0,-0.670,0.100,1.112,0.2865,3.625,-0.118,-0.020,0.604,-1.859,-0.919,-0.0971,0.5676,-0.199,-0.112,0.800,1.670,1.925,-2.358,0.0054,0.139,nan,0.00,1,1,1,1,1,0.0000,0.577,0,0.202,1,0.809,0,0,yolo,135.1,yolo,0,0,0,0.000,0,-1,0
1785653576.720,-1.589,-2.458,-0.868,0.9987,0,-1.902,0.016,1.373,0.2698,3.625,-0.118,-0.020,0.604,-1.859,0.313,-0.0879,0.0000,-0.199,-0.199,0.800,1.670,1.925,-2.442,0.0054,0.139,nan,0.00,1,1,1,0,1,0.0000,0.572,0,0.197,1,0.781,0,0,yolo,135.1,yolo,0,0,0,0.000,0,-1,0
1785653576.751,-1.442,-2.455,-0.984,0.9988,0,-1.850,0.082,1.568,0.2651,3.625,-0.118,-0.020,0.604,-1.859,0.407,-0.0934,-0.0106,-0.205,-0.205,0.789,1.679,1.925,-2.373,0.0054,0.139,nan,0.00,1,1,1,0,1,0.0000,0.339,0,0.189,2,0.761,0,0,yolo,135.1,yolo,0,0,0,0.000,0,-1,0
1785653576.788,-1.247,-2.452,-1.125,0.9988,0,-1.679,0.121,1.715,0.2650,3.625,-0.118,-0.020,0.604,-1.859,0.432,-0.0947,-0.0129,-0.206,-0.206,0.787,1.688,1.925,-2.331,0.0054,0.138,nan,0.00,1,1,1,0,1,0.0000,0.677,0,0.189,2,0.761,3,0,yolo,135.1,yolo,0,0,0,0.000,0,-1,0
1785653576.829,-1.085,-2.444,-1.278,0.9989,0,-0.774,0.246,1.185,0.2816,3.424,-0.092,-0.115,0.571,-1.536,-0.311,-0.1160,0.6324,-0.206,-0.108,0.788,1.696,1.885,-2.198,0.0054,0.033,nan,0.00,1,1,1,1,1,0.0000,0.548,0,0.173,1,0.681,0,0,yolo,133.1,yolo,0,0,0,0.000,0,-1,0
1785653576.860,-1.006,-2.420,-1.399,0.9990,0,-2.092,0.253,0.936,0.2685,3.424,-0.092,-0.115,0.571,-1.536,1.086,-0.1006,-0.0043,-0.209,-0.209,0.784,1.705,1.885,-2.167,0.0054,0.031,nan,0.00,1,1,1,0,1,0.0000,0.488,0,0.113,2,0.648,0,0,yolo,133.1,yolo,0,0,0,0.000,0,-1,0
1785653576.891,-1.006,-2.420,-1.399,0.9990,0,-2.092,0.168,0.748,0.2685,3.424,-0.092,-0.115,0.571,-1.536,1.086,-0.1006,-0.0043,-0.209,-0.209,0.784,1.705,1.885,-2.252,0.0054,0.031,nan,0.00,1,1,1,0,1,0.0000,0.384,0,0.105,1,0.613,0,0,yolo,133.1,yolo,0,0,0,0.000,0,-1,0
1785653576.922,-0.748,-2.394,-1.481,0.9990,0,-2.338,0.307,0.425,0.2852,3.204,-0.064,-0.208,0.534,-1.152,1.590,-0.3218,1.5671,-0.208,-0.158,0.779,1.713,1.841,-2.087,0.0054,-0.073,nan,0.00,1,1,1,1,1,0.0000,0.384,0,0.105,1,0.613,0,0,yolo,124.5,yolo,0,0,0,0.000,0,-1,0
1785653576.955,-0.480,-2.360,-1.525,0.9991,0,-2.028,0.312,0.386,0.2715,3.204,-0.064,-0.208,0.534,-1.152,1.548,-0.0481,-0.0088,-0.207,-0.207,0.770,1.721,1.841,-2.048,0.0054,-0.076,nan,0.00,1,1,1,0,1,0.0000,0.286,0,0.102,0,0.580,0,0,yolo,124.5,yolo,0,0,0,0.000,0,-1,0
1785653576.986,-0.278,-2.329,-1.553,0.9992,0,-1.787,0.297,0.357,0.2709,3.204,-0.064,-0.208,0.534,-1.152,1.510,-0.0458,-0.0224,-0.204,-0.204,0.756,1.728,1.841,-2.032,0.0054,-0.078,nan,0.00,1,1,1,0,1,0.0000,0.286,0,0.102,0,0.580,0,0,yolo,124.5,yolo,0,0,0,0.000,0,-1,0
1785653577.018,-0.278,-2.329,-1.553,0.9992,0,-1.787,0.223,0.335,0.2710,3.204,-0.064,-0.208,0.534,-1.152,1.510,-0.0458,-0.0224,-0.204,-0.204,0.756,1.728,1.841,-2.107,0.0054,-0.078,nan,0.00,1,1,1,0,1,0.0000,0.171,0,0.052,0,0.514,0,0,yolo,124.5,yolo,0,0,0,0.000,0,-1,0
1785653577.049,-0.084,-2.307,-1.587,0.9992,0,-1.831,0.351,-0.090,0.2876,2.989,-0.040,-0.288,0.498,-0.765,1.747,-0.1513,0.6743,-0.200,-0.162,0.738,1.735,1.798,-1.956,0.0054,-0.168,nan,0.00,1,1,1,1,1,0.0000,0.171,0,0.052,0,0.514,0,0,yolo,113.5,yolo,0,0,0,0.000,0,-1,0
1785653577.080,0.110,-2.269,-1.585,0.9992,0,-1.833,0.337,-0.218,0.2738,2.989,-0.040,-0.288,0.498,-0.765,1.943,-0.0341,-0.0211,-0.196,-0.196,0.716,1.742,1.798,-1.932,0.0054,-0.170,nan,0.00,1,1,1,0,1,0.0000,0.255,0,0.051,1,0.495,0,0,yolo,113.5,yolo,0,0,0,0.000,0,-1,0
1785653577.118,0.110,-2.269,-1.585,0.9992,0,-1.833,0.275,-0.313,0.2738,2.989,-0.040,-0.288,0.498,-0.765,1.943,-0.0341,-0.0211,-0.196,-0.196,0.716,1.742,1.798,-1.995,0.0055,-0.170,nan,0.00,1,1,1,0,1,0.0000,0.253,0,0.047,1,0.471,0,0,yolo,113.5,yolo,0,0,0,0.000,0,-1,0
1785653577.158,0.473,-2.210,-1.529,0.9992,0,-1.305,0.318,-0.385,0.2721,2.989,-0.040,-0.288,0.498,-0.765,1.778,-0.0243,-0.0622,-0.186,-0.186,0.675,1.753,1.798,-1.892,0.0055,-0.173,nan,0.00,1,1,1,0,1,0.0000,0.253,0,0.047,1,0.471,0,0,yolo,113.5,yolo,0,0,0,0.000,0,-1,0
1785653577.189,0.473,-2.210,-1.529,0.9992,0,-1.305,0.252,-0.438,0.2721,2.989,-0.040,-0.288,0.498,-0.765,1.778,-0.0243,-0.0622,-0.186,-0.186,0.675,1.753,1.798,-1.958,0.0055,-0.173,nan,0.00,1,1,1,0,1,0.0000,0.372,0,0.090,1,0.450,0,0,yolo,113.5,yolo,0,0,0,0.000,0,-1,0
1785653577.220,0.600,-2.185,-1.492,0.9992,0,-1.088,0.251,-0.479,0.2714,2.989,-0.040,-0.288,0.498,-0.765,1.688,-0.0189,-0.0794,-0.181,-0.181,0.658,1.758,1.798,-1.934,0.0055,-0.174,nan,0.00,1,1,1,0,1,0.0000,0.372,0,0.090,1,0.450,0,0,yolo,113.5,yolo,0,0,0,0.000,0,-1,0
1785653577.257,0.706,-2.161,-1.448,0.9992,0,-0.890,0.243,-0.509,0.2706,2.989,-0.040,-0.288,0.498,-0.765,1.596,-0.0135,-0.0974,-0.176,-0.176,0.640,1.763,1.798,-1.919,0.0055,-0.176,nan,0.00,1,1,1,0,1,0.0000,0.378,0,0.098,1,0.428,0,0,yolo,113.5,yolo,0,0,0,0.000,0,-1,0
1785653577.287,0.786,-2.141,-1.407,0.9992,0,-0.726,0.227,-0.532,0.2702,2.989,-0.040,-0.288,0.498,-0.765,1.512,-0.0085,-0.1078,-0.171,-0.171,0.630,1.767,1.798,-1.913,0.0055,-0.177,nan,0.00,1,1,1,0,1,0.0000,0.378,0,0.098,1,0.428,0,0,yolo,113.5,yolo,0,0,0,0.000,0,-1,0
1785653577.314,0.846,-2.123,-1.369,0.9992,0,-0.587,0.211,-0.549,0.2699,2.989,-0.040,-0.288,0.498,-0.765,1.433,-0.0038,-0.1157,-0.166,-0.166,0.622,1.771,1.798,-1.912,0.0056,-0.178,nan,0.00,1,1,1,0,1,0.0000,0.382,0,0.102,1,0.425,0,0,yolo,113.5,yolo,0,0,0,0.000,0,-1,0
1785653577.345,0.900,-2.105,-1.326,0.9992,0,-0.447,0.199,-0.561,0.2696,2.989,-0.040,-0.288,0.498,-0.765,1.347,0.0014,-0.1239,-0.161,-0.161,0.614,1.775,1.798,-1.906,0.0056,-0.179,nan,0.00,1,1,1,0,1,0.0000,0.382,0,0.102,1,0.425,0,0,yolo,113.5,yolo,0,0,0,0.000,0,-1,0
1785653577.376,0.953,-2.087,-1.282,0.9992,0,-0.303,0.188,-0.571,0.2692,2.989,-0.040,-0.288,0.498,-0.765,1.256,0.0068,-0.1325,-0.155,-0.155,0.605,1.779,1.798,-1.899,0.0056,-0.180,nan,0.00,1,1,1,0,1,0.0000,0.386,0,0.107,1,0.407,0,0,yolo,113.5,yolo,0,0,0,0.000,0,-1,0
1785653577.407,0.954,-2.086,-1.281,0.9992,0,-1.803,1.638,-2.071,0.2859,4.000,0.739,0.000,0.233,10.464,6.854,-0.0000,0.6049,-0.155,-0.155,0.605,1.779,1.200,-0.448,0.0056,-0.174,nan,0.00,0,1,0,1,1,0.0000,0.386,0,0.107,1,0.407,0,1,blueline,,BLUELINE,0,0,0,0.000,0,-1,0
1785653577.439,1.111,-1.945,-1.150,0.9992,0,-0.303,1.485,-3.571,0.3015,4.000,0.569,0.000,0.233,8.103,0.577,4.1888,0.5916,-0.151,-0.151,0.592,1.780,1.200,-0.460,0.0056,-0.169,nan,0.00,0,1,0,1,1,0.0000,0.482,0,0.107,2,0.403,0,0,blueline,,BLUELINE,0,0,0,0.000,0,-1,0
1785653577.470,1.123,-1.806,-0.817,0.9993,0,-1.803,-0.015,-5.071,0.3002,4.000,0.499,0.000,0.667,7.110,10.533,1.0391,0.5651,-0.153,-0.153,0.565,1.780,1.926,-2.300,0.0056,-0.164,nan,0.00,1,1,0,1,1,0.0000,0.575,0,0.104,3,0.389,0,0,blueline,,BLUELINE,0,0,0,0.000,0,-1,0
1785653577.501,1.123,-1.806,-0.817,0.9993,0,-3.303,-0.513,-6.571,0.3000,4.000,0.499,0.000,0.667,7.110,13.997,0.0000,0.5651,-0.153,-0.153,0.565,1.780,1.926,-2.319,0.0056,-0.159,nan,0.00,1,1,0,0,1,0.0000,0.575,0,0.104,3,0.389,0,0,blueline,,BLUELINE,0,0,0,0.000,0,-1,0
1785653577.534,1.304,-1.834,-0.346,0.9992,0,-4.803,-0.665,-5.693,0.2981,4.000,0.399,0.000,0.667,5.693,6.749,1.4844,0.5243,-0.156,-0.156,0.524,1.782,2.000,-2.499,0.0056,-0.154,nan,0.00,1,1,0,1,1,0.0000,0.773,0,0.177,3,0.284,0,0,blueline,,BLUELINE,0,0,0,0.000,0,-1,0
1785653577.573,1.635,-1.903,0.269,0.9990,0,-3.303,0.835,-4.193,0.2954,4.000,-2.079,0.000,0.667,-25.000,-14.000,-0.0000,0.4667,-0.160,-0.160,0.467,1.784,1.200,-0.488,0.0056,-0.150,nan,0.00,1,1,0,1,1,0.0000,0.773,0,0.177,3,0.284,1,1,track,,TRACK,0,0,0,0.000,0,-1,0
1785653577.613,1.967,-1.804,0.718,0.9989,0,-1.803,1.306,-2.693,0.2919,4.000,-2.079,0.000,0.667,-25.000,-14.000,0.0047,0.3916,-0.155,-0.155,0.392,1.784,1.200,-0.498,0.0056,-0.145,nan,0.00,1,1,0,0,1,0.0000,0.833,0,0.318,4,0.160,0,0,track,,TRACK,0,0,0,0.000,0,-1,0
1785653577.644,2.133,-1.670,0.933,0.9989,0,-3.303,-0.194,-4.193,0.2882,4.000,0.488,0.000,0.667,6.961,13.617,-0.0000,0.3118,-0.143,-0.143,0.312,1.784,1.936,-2.351,0.0056,-0.141,nan,0.00,1,1,0,1,1,0.0000,0.917,0,0.340,5,0.113,0,1,blueline,,BLUELINE,0,0,0,0.000,0,-1,0
1785653577.674,2.133,-1.670,0.933,0.9989,0,-4.803,-0.707,-5.693,0.2881,4.000,0.481,0.000,0.667,6.854,12.690,0.2249,0.3118,-0.143,-0.143,0.312,1.784,1.943,-2.377,0.0056,-0.137,nan,0.00,1,1,0,1,1,0.0000,0.917,0,0.340,5,0.113,0,0,blueline,,BLUELINE,0,0,0,0.000,0,-1,0
1785653577.705,2.484,-1.722,1.276,0.9986,0,-3.303,-0.737,-4.193,0.2848,4.000,-0.442,0.000,0.667,-6.312,-14.000,4.1888,0.2408,-0.133,-0.133,0.241,1.785,1.979,-2.458,0.0056,-0.133,nan,-7.82,1,1,0,1,1,-0.2728,1.000,1,0.265,5,0.136,0,0,blueline,,BLUELINE,0,0,0,0.000,0,-1,0
1785653577.736,2.806,-1.818,1.713,0.9983,0,-1.803,-0.625,-2.693,0.2820,4.000,-0.442,0.000,0.667,-6.312,-8.804,0.0095,0.1800,-0.123,-0.123,0.180,1.787,1.979,-2.442,0.0056,-0.129,nan,-7.82,1,1,0,0,1,-0.2728,1.000,1,0.265,5,0.136,0,0,blueline,,BLUELINE,0,0,0,0.000,0,-1,0
1785653577.774,2.968,-1.889,1.976,0.9981,0,-0.303,0.875,-3.110,0.2797,4.000,0.217,0.000,0.233,3.110,2.352,-0.0000,0.1307,-0.108,-0.108,0.131,1.790,1.200,-0.469,0.0056,-0.125,nan,0.00,0,1,0,1,1,-0.3819,0.400,1,0.259,3,0.032,0,1,track,,TRACK,0,0,0,0.000,0,-1,0
1785653577.815,3.054,-1.875,2.191,0.9980,0,1.197,1.424,-1.610,0.2780,4.000,-1.423,0.000,0.233,-19.578,-11.015,-0.0000,0.0931,-0.091,-0.091,0.093,1.792,1.200,-0.450,0.0056,-0.121,nan,0.00,0,1,0,1,1,-0.4910,0.400,1,0.259,3,0.032,0,1,blueline,,BLUELINE,0,0,0,0.000,0,-1,0
1785653577.846,2.928,-1.742,2.382,0.9982,0,2.697,1.293,-0.110,0.2767,4.000,-1.383,0.000,0.667,-19.076,-14.000,-1.0504,0.0682,-0.075,-0.075,0.068,1.794,1.200,-0.449,0.0056,-0.117,nan,-8.00,1,1,0,1,1,-0.4724,0.800,1,0.261,3,0.015,0,0,blueline,,BLUELINE,0,0,0,0.000,0,-1,0
1785653577.876,2.748,-1.652,2.427,0.9984,0,4.197,1.194,1.390,0.2758,4.000,-1.383,0.000,0.667,-19.076,-14.000,0.0131,0.0517,-0.062,-0.062,0.052,1.795,1.200,-0.458,0.0056,-0.114,nan,-8.00,1,1,0,0,1,-0.4584,0.800,1,0.261,3,0.015,0,0,blueline,,BLUELINE,0,0,0,0.000,0,-1,0
1785653577.908,2.748,-1.652,2.427,0.9984,0,2.697,-0.306,-0.110,0.2757,4.000,0.151,0.000,0.667,2.165,14.000,-4.1888,0.0517,-0.062,-0.062,0.052,1.795,2.000,-2.474,0.0056,-0.110,nan,0.00,1,1,0,1,1,0.0000,0.697,0,0.206,2,0.187,0,0,blueline,,BLUELINE,0,0,0,0.000,0,-1,0
1785653577.947,2.415,-1.554,2.332,0.9987,0,3.059,1.074,1.390,0.2747,4.000,-0.104,0.000,0.233,-1.493,-0.644,-0.0000,0.0346,-0.045,-0.045,0.035,1.795,1.200,-0.480,0.0056,-0.107,nan,0.00,0,1,0,1,1,0.0000,0.697,0,0.206,2,0.187,1,1,track,,TRACK,0,0,0,0.000,0,-1,1
1785653577.986,2.172,-1.592,2.267,0.9989,0,2.921,1.112,1.493,0.2736,4.000,-0.104,0.000,0.233,-1.493,-0.749,0.0170,0.0139,-0.028,-0.028,0.014,1.796,1.200,-0.480,0.0056,-0.104,nan,0.00,0,1,0,0,1,0.0000,0.682,0,0.193,2,0.190,0,0,track,,TRACK,0,0,0,0.000,0,-1,0
1785653578.016,1.198,-2.081,4.474,0.9991,0,1.597,-0.388,1.005,0.2698,4.000,-0.070,0.000,0.667,-1.005,-0.399,-0.0000,-0.0673,-0.089,-0.089,-0.067,1.793,2.000,-2.500,0.0056,-0.101,nan,0.00,1,1,0,1,1,0.0000,0.543,0,0.168,1,0.088,0,1,blueline,,BLUELINE,0,0,0,0.000,0,-1,0
1785653578.048,1.370,-2.221,2.796,0.9990,0,2.840,-0.234,1.005,0.2670,4.000,-0.070,0.000,0.667,-1.005,-1.470,0.0607,-0.1294,-0.028,-0.028,-0.129,1.798,2.000,-2.456,0.0056,-0.098,nan,0.00,1,1,0,0,1,0.0000,0.543,0,0.168,1,0.088,0,0,blueline,,BLUELINE,0,0,0,0.000,0,-1,0
1785653578.079,1.469,-2.198,1.271,0.9989,0,4.340,1.266,2.505,0.2651,4.000,-0.354,0.000,0.233,-5.056,-7.977,4.1888,-0.1704,0.028,0.028,-0.170,1.804,1.200,-0.397,0.0056,-0.095,nan,0.00,0,1,0,1,1,0.0000,0.286,0,0.102,0,0.018,0,0,blueline,,BLUELINE,0,0,0,0.000,0,-1,0
1785653578.119,1.078,-2.123,1.500,0.9991,0,2.840,1.813,1.005,0.2817,16.920,8.450,-4.272,1.000,25.000,14.000,-0.0000,-0.0000,0.029,0.029,-0.171,1.813,1.200,-0.309,0.0056,-3.483,nan,0.00,1,1,1,1,1,0.0000,0.170,0,0.049,0,0.020,0,1,yolo,115.7,yolo,0,0,0,0.000,0,-1,0
1785653578.165,0.841,-1.967,1.440,0.9993,0,1.340,1.786,-0.495,0.2984,16.920,8.450,-4.272,1.000,25.000,14.000,0.0077,0.0483,0.037,0.037,-0.123,1.826,1.200,-0.180,0.0056,-3.565,nan,0.00,1,1,1,0,1,0.0000,0.170,0,0.049,0,0.020,1,0,yolo,115.7,yolo,0,0,0,0.000,0,-1,0
1785653578.205,0.746,-1.840,1.355,0.9994,0,-0.160,1.714,-1.995,0.3151,16.920,8.450,-4.272,1.000,25.000,14.000,0.0144,0.0748,0.044,0.044,-0.096,1.836,1.200,-0.126,0.0056,-3.616,nan,0.00,1,1,1,0,1,0.0000,0.167,0,0.043,0,0.034,0,0,yolo,115.7,yolo,0,0,0,0.000,0,-1,0
1785653578.233,0.663,-1.727,1.374,0.9995,0,-1.660,1.628,-3.495,0.3317,16.920,8.450,-4.272,1.000,25.000,14.000,0.0168,0.0790,0.046,0.046,-0.092,1.844,1.200,-0.099,0.0056,-3.662,nan,0.00,1,1,1,0,1,0.0000,0.305,0,0.134,0,-0.081,0,0,yolo,115.7,yolo,0,0,0,0.000,0,-1,0
1785653578.262,0.659,-1.601,1.510,0.9995,0,-3.160,1.535,-4.995,0.3321,16.920,8.450,-4.272,1.000,25.000,14.000,0.0157,0.0526,0.045,0.045,-0.118,1.853,1.200,-0.066,0.0056,-3.700,nan,0.00,1,1,1,0,1,0.0000,0.174,0,0.060,0,-0.098,0,0,yolo,115.7,yolo,0,0,0,0.000,0,-1,0
1785653578.297,0.680,-1.459,1.694,0.9996,0,-4.660,1.429,-6.495,0.3292,16.920,8.450,-4.272,1.000,25.000,14.000,0.0138,-0.0119,0.043,0.043,-0.183,1.863,1.200,-0.030,0.0056,-3.740,nan,0.00,1,1,1,0,1,0.0000,0.174,0,0.060,0,-0.098,0,0,yolo,115.7,yolo,0,0,0,0.000,0,-1,0
1785653578.329,1.077,-1.347,2.251,0.9995,0,-6.160,1.340,-7.995,0.3246,16.920,8.450,-4.272,1.000,25.000,14.000,0.0014,-0.1135,0.031,0.031,-0.284,1.872,1.200,-0.007,0.0056,-3.714,nan,0.00,1,1,1,0,1,0.0000,0.305,0,0.133,0,-0.121,0,0,yolo,115.7,yolo,0,0,0,0.000,0,-1,0
1785653578.366,1.616,-1.247,2.919,0.9994,0,-7.660,1.257,-9.495,0.3194,16.920,8.450,-4.272,1.000,25.000,14.000,-0.0120,-0.2321,0.017,0.017,-0.403,1.880,1.200,0.010,0.0056,-3.663,nan,0.00,1,1,1,0,1,0.0000,0.305,0,0.133,0,-0.121,2,0,yolo,115.7,yolo,0,0,0,0.000,0,-1,0
1785653578.405,2.277,-1.167,3.685,0.9990,0,-9.160,1.187,-10.995,0.3140,16.920,8.450,-4.272,1.000,25.000,14.000,-0.0261,-0.3546,0.003,0.003,-0.526,1.888,1.200,0.020,0.0056,-3.588,nan,0.00,1,1,1,0,1,0.0000,0.312,0,0.144,0,-0.100,0,0,yolo,115.7,yolo,0,0,0,0.000,0,-1,0
1785653578.437,3.148,-1.099,4.659,0.9983,0,-7.660,1.136,-9.495,0.3002,4.000,-0.119,0.000,0.233,-1.702,-0.928,-0.0000,-0.6640,-0.013,-0.013,-0.664,1.896,1.200,0.038,0.0056,-3.480,nan,0.00,0,1,0,1,1,0.0000,0.296,0,0.118,0,-0.005,0,1,blueline,,BLUELINE,0,0,0,0.000,0,-1,0
1785653578.468,3.836,-1.042,5.545,0.9976,0,-6.160,1.090,-7.995,0.2958,4.000,-0.119,0.000,0.233,-1.702,-0.877,-0.0083,-0.7671,-0.021,-0.021,-0.767,1.903,1.200,0.049,0.0056,-3.376,nan,0.00,0,1,0,0,1,0.0000,0.296,0,0.118,0,-0.005,0,0,blueline,,BLUELINE,0,0,0,0.000,0,-1,0
1785653578.499,3.836,-1.042,5.545,0.9976,0,-4.660,1.003,-6.495,0.2958,4.000,0.062,0.000,0.667,0.893,7.835,-1.8123,-0.7671,-0.021,-0.021,-0.767,1.903,1.200,-0.039,0.0056,-3.275,nan,0.00,1,1,0,1,1,0.0000,0.687,0,0.197,2,0.091,0,0,blueline,,BLUELINE,0,0,0,0.000,0,-1,0
1785653578.528,4.392,-0.986,6.217,0.9969,0,-3.160,0.984,-4.995,0.2925,4.000,0.062,0.000,0.667,0.893,1.744,0.0028,-0.8454,-0.018,-0.018,-0.845,1.911,1.200,-0.002,0.0056,-3.176,nan,0.00,1,1,0,0,1,0.0000,0.687,0,0.197,2,0.091,0,0,blueline,,BLUELINE,0,0,0,0.000,0,-1,0
1785653578.561,4.659,-0.929,6.655,0.9966,0,-4.660,0.954,-3.495,0.2900,4.000,0.193,0.000,0.667,2.764,14.000,-3.9186,-0.9024,-0.003,-0.003,-0.902,1.918,1.200,0.025,0.0056,-3.081,nan,0.00,1,1,0,1,1,0.0000,0.714,0,0.220,2,0.165,0,0,blueline,,BLUELINE,0,0,0,0.000,0,-1,0
1785653578.591,5.142,-0.857,6.934,0.9959,0,-3.160,0.907,-2.764,0.2882,4.000,0.193,0.000,0.667,2.764,4.268,0.0221,-0.9471,0.019,0.019,-0.947,1.925,1.200,0.051,0.0056,-2.989,nan,0.00,1,1,0,0,1,0.0000,0.714,0,0.220,2,0.165,0,0,blueline,,BLUELINE,0,0,0,0.000,0,-1,0
1785653578.622,5.142,-0.857,6.934,0.9959,0,-1.660,0.836,-1.548,0.2882,4.000,0.108,0.000,0.667,1.548,-1.934,1.2740,-0.9471,0.019,0.019,-0.947,1.925,1.200,-0.021,0.0056,-2.899,nan,0.00,1,1,0,1,1,0.0000,0.589,0,0.116,3,0.465,0,0,blueline,,BLUELINE,0,0,0,0.000,0,-1,0
1785653578.649,5.450,-0.786,7.181,0.9954,0,-0.160,0.808,-1.548,0.2868,4.000,0.108,0.000,0.667,1.548,1.805,0.0288,-0.9794,0.047,0.047,-0.979,1.932,1.200,0.022,0.0056,-2.812,nan,0.00,1,1,0,0,1,0.0000,0.589,0,0.116,3,0.465,0,0,blueline,,BLUELINE,0,0,0,0.000,0,-1,0
1785653578.685,5.445,-0.717,7.347,0.9954,0,1.340,0.768,-1.370,0.2854,4.000,0.096,0.000,0.667,1.370,0.453,0.1865,-1.0107,0.084,0.084,-1.011,1.938,1.200,0.052,0.0056,-2.728,nan,0.00,1,1,0,1,1,0.0000,0.783,0,0.184,3,0.527,0,0,blueline,,BLUELINE,0,0,0,0.000,0,-1,0
1785653578.717,5.326,-0.653,7.449,0.9956,0,-0.160,0.716,-2.870,0.2841,4.000,0.346,0.000,0.667,4.941,14.000,-4.1888,-1.0397,0.120,0.120,-1.040,1.944,1.200,0.064,0.0056,-2.646,nan,0.00,1,1,0,1,1,0.0000,0.673,0,0.186,2,0.480,0,0,blueline,,BLUELINE,0,0,0,0.000,0,-1,0
1785653578.755,5.366,-0.604,7.675,0.9956,0,1.340,0.681,-4.370,0.2827,4.000,0.491,0.000,0.233,7.003,3.347,-0.0000,-1.0699,0.149,0.149,-1.070,1.950,1.200,0.078,0.0056,-2.566,nan,0.00,0,1,0,1,1,0.0000,0.671,0,0.184,2,0.484,0,1,track,,TRACK,0,0,0,0.000,0,-1,0
1785653578.796,5.220,-0.571,8.121,0.9958,0,2.036,0.674,-5.870,0.2812,4.000,0.491,0.000,0.233,7.003,3.183,0.0267,-1.1020,0.176,0.176,-1.102,1.956,1.200,0.103,0.0056,-2.489,nan,0.00,0,1,0,0,1,0.0000,0.671,0,0.184,2,0.484,0,0,track,,TRACK,0,0,0,0.000,0,-1,0
1785653578.829,5.220,-0.571,8.121,0.9958,0,3.127,0.610,-4.370,0.2812,4.000,0.193,0.000,0.667,2.765,2.093,-0.0000,-1.1020,0.176,0.176,-1.102,1.956,1.200,0.039,0.0056,-2.415,nan,0.00,1,1,0,1,1,0.0000,0.661,0,0.176,2,0.556,0,1,blueline,,BLUELINE,0,0,0,0.000,0,-1,0
1785653578.859,5.017,-0.551,8.678,0.9961,0,3.288,0.635,-2.870,0.2798,4.000,0.193,0.000,0.667,2.765,1.729,0.0206,-1.1312,0.196,0.196,-1.131,1.963,1.200,0.084,0.0056,-2.342,nan,0.00,1,1,0,0,1,0.0000,0.661,0,0.176,2,0.556,0,0,blueline,,BLUELINE,0,0,0,0.000,0,-1,0
1785653578.889,4.693,-0.517,9.007,0.9966,0,4.788,0.626,-1.370,0.2785,4.000,-0.008,0.000,0.667,-0.113,-14.000,4.1888,-1.1571,0.224,0.224,-1.157,1.969,1.200,0.108,0.0056,-2.272,nan,0.00,1,1,0,1,1,0.0000,0.662,0,0.176,2,0.579,0,0,blueline,,BLUELINE,0,0,0,0.000,0,-1,0
1785653578.929,4.226,-0.461,9.080,0.9972,0,3.288,0.575,-2.870,0.2951,12.620,4.011,-1.968,1.000,17.629,14.000,-0.0000,-0.0000,0.260,0.260,-1.180,1.973,1.200,0.114,0.0056,-1.565,nan,8.00,1,1,1,1,1,1.2169,0.700,1,0.281,2,0.597,0,1,yolo,123.0,yolo,0,0,0,0.000,0,-1,0
1785653578.968,3.890,-0.411,9.343,0.9977,0,1.788,0.548,-4.370,0.2785,12.620,4.011,-1.968,1.000,17.629,14.000,-0.0000,-0.0000,0.288,0.288,-1.211,1.979,1.200,0.136,0.0056,-1.600,nan,8.00,1,1,1,1,1,1.2169,0.700,1,0.281,2,0.597,0,0,yolo,123.0,yolo,0,0,0,0.000,0,-1,0
1785653578.999,3.890,-0.411,9.343,0.9977,0,0.288,0.491,-5.870,0.2702,12.620,4.011,-1.968,1.000,17.629,14.000,-0.0000,-0.0000,0.288,0.288,-1.211,1.979,1.200,0.080,0.0056,-1.600,nan,0.00,1,1,1,1,1,0.0000,0.824,0,0.213,3,0.616,0,0,yolo,123.0,yolo,0,0,0,0.000,0,-1,0
1785653579.029,3.723,-0.383,9.787,0.9979,0,-1.212,0.504,-7.370,0.2702,13.741,4.361,-2.241,1.000,17.607,14.000,0.0536,2.0000,0.301,-0.337,-1.237,1.985,1.200,0.121,0.0056,-1.861,nan,0.00,1,1,1,1,1,0.0000,0.824,0,0.213,3,0.616,0,0,yolo,122.2,yolo,0,0,0,0.000,0,-1,0
1785653579.063,3.843,-0.378,10.405,0.9977,0,-2.712,0.539,-8.870,0.2702,13.741,4.361,-2.241,1.000,17.607,14.000,0.6381,-0.0146,0.301,0.301,-1.252,1.992,1.200,0.161,0.0056,-1.853,nan,0.00,1,1,1,0,1,0.0000,0.834,0,0.221,3,0.621,0,0,yolo,122.2,yolo,0,0,0,0.000,0,-1,0
1785653579.094,4.112,-0.382,11.267,0.9974,0,-4.212,0.598,-10.370,0.2703,13.741,4.361,-2.241,1.000,17.607,14.000,0.6301,-0.0218,0.293,0.293,-1.259,2.000,1.200,0.215,0.0056,-1.831,nan,0.00,1,1,1,0,1,0.0000,0.822,0,0.212,3,0.630,0,0,yolo,122.2,yolo,0,0,0,0.000,0,-1,0
1785653579.125,4.112,-0.382,11.267,0.9974,0,-5.712,0.533,-11.870,0.2703,13.741,4.361,-2.241,1.000,17.607,14.000,0.6301,-0.0218,0.293,0.293,-1.259,2.000,1.200,0.151,0.0056,-1.831,nan,0.00,1,1,1,0,1,0.0000,0.945,0,0.215,4,0.636,0,0,yolo,122.2,yolo,0,0,0,0.000,0,-1,0
1785653579.156,4.519,-0.395,12.223,0.9969,0,-7.212,0.615,-12.000,0.2704,15.136,4.673,-2.475,1.000,17.158,14.000,1.1854,1.6378,0.282,-0.605,-1.261,2.008,1.200,0.220,0.0056,-1.994,nan,0.00,1,1,1,1,1,0.0000,0.945,0,0.215,4,0.636,0,0,yolo,119.0,yolo,0,0,0,0.000,0,-1,0
1785653579.187,5.273,-0.433,13.376,0.9957,0,-8.712,0.721,-12.000,0.2708,15.136,4.673,-2.475,1.000,17.158,14.000,0.8682,0.0092,0.263,0.263,-1.252,2.018,1.200,0.289,0.0056,-1.921,nan,0.00,1,1,1,0,1,0.0000,0.936,0,0.210,4,0.658,0,0,yolo,119.0,yolo,0,0,0,0.000,0,-1,0
1785653579.218,6.129,-0.471,14.502,0.9943,0,-7.871,0.814,-12.000,0.2712,15.136,4.673,-2.475,1.000,17.158,14.000,0.8536,0.0212,0.249,0.249,-1.240,2.028,1.200,0.343,0.0056,-1.837,nan,0.00,1,1,1,0,1,0.0000,0.413,0,0.215,3,0.657,0,0,yolo,119.0,yolo,0,0,0,0.000,0,-1,0
1785653579.249,6.129,-0.471,14.502,0.9943,0,-7.871,0.732,-12.000,0.2712,15.136,4.673,-2.475,1.000,17.158,14.000,0.8536,0.0212,0.249,0.249,-1.240,2.028,1.200,0.261,0.0056,-1.837,nan,0.00,1,1,1,0,1,0.0000,0.701,0,0.209,2,0.651,0,0,yolo,119.0,yolo,0,0,0,0.000,0,-1,0
1785653579.281,6.881,-0.513,15.595,0.9928,0,-7.119,0.845,-12.000,0.2716,15.917,4.751,-2.504,1.000,16.620,14.000,1.1211,-0.4747,0.244,-0.439,-1.233,2.037,1.200,0.332,0.0056,-1.774,nan,0.00,1,1,1,1,1,0.0000,0.701,0,0.209,2,0.651,0,0,yolo,125.3,yolo,0,0,0,0.000,0,-1,0
1785653579.312,7.612,-0.571,16.763,0.9911,0,-6.388,0.973,-12.000,0.2720,15.917,4.751,-2.504,1.000,16.620,14.000,0.6841,0.0017,0.246,0.246,-1.232,2.048,1.200,0.402,0.0056,-1.694,nan,0.00,1,1,1,0,1,0.0000,0.937,0,0.211,4,0.665,0,0,yolo,125.3,yolo,0,0,0,0.000,0,-1,0
1785653579.344,8.241,-0.627,17.884,0.9896,0,-5.759,1.089,-12.000,0.2724,15.917,4.751,-2.504,1.000,16.620,14.000,0.6915,0.0009,0.253,0.253,-1.232,2.059,1.200,0.462,0.0056,-1.623,nan,0.00,1,1,1,0,1,0.0000,0.937,0,0.211,4,0.665,0,0,yolo,125.3,yolo,0,0,0,0.000,0,-1,0
1785653579.375,8.241,-0.627,17.884,0.9896,0,-5.759,0.995,-12.000,0.2724,15.917,4.751,-2.504,1.000,16.620,14.000,0.6915,0.0009,0.253,0.253,-1.232,2.059,1.200,0.368,0.0056,-1.623,nan,0.00,1,1,1,0,1,0.0000,0.805,0,0.200,3,0.674,0,0,yolo,125.3,yolo,0,0,0,0.000,0,-1,0
1785653579.406,8.796,-0.681,18.976,0.9882,0,-5.204,1.134,-12.000,0.2728,16.649,4.572,-2.501,1.000,15.354,14.000,2.7600,-0.3575,0.265,-0.033,-1.234,2.070,1.200,0.453,0.0056,-1.575,nan,0.00,1,1,1,1,1,0.0000,0.805,0,0.200,3,0.674,0,0,yolo,125.0,yolo,0,0,0,0.000,0,-1,0
1785653579.437,9.291,-0.740,20.046,0.9868,0,-4.709,1.267,-12.000,0.2732,16.649,4.572,-2.501,1.000,15.354,14.000,0.3130,-0.0023,0.280,0.280,-1.237,2.082,1.200,0.528,0.0056,-1.515,nan,0.00,1,1,1,0,1,0.0000,0.349,0,0.207,2,0.683,0,0,yolo,125.0,yolo,0,0,0,0.000,0,-1,0
1785653579.478,9.771,-0.798,21.199,0.9854,0,-4.229,1.413,-12.000,0.2736,16.649,4.572,-2.501,1.000,15.354,14.000,0.3336,-0.0049,0.301,0.301,-1.239,2.096,1.200,0.615,0.0056,-1.457,nan,0.00,1,1,1,0,1,0.0000,0.698,0,0.207,2,0.683,3,0,yolo,125.0,yolo,0,0,0,0.000,0,-1,0
1785653579.516,10.189,-0.849,22.318,0.9841,0,-2.729,1.544,-12.000,0.2739,17.249,4.032,-2.491,1.000,13.157,10.365,4.9594,0.1943,0.324,-0.482,-1.242,2.110,1.200,0.695,0.0056,-1.483,nan,0.00,1,1,1,1,1,0.0000,0.703,0,0.211,2,0.691,0,0,yolo,118.1,yolo,0,0,0,0.000,0,-1,0
1785653579.546,10.449,-0.893,23.441,0.9833,0,-3.551,1.670,-12.000,0.2742,17.249,4.032,-2.491,1.000,13.157,14.000,0.8340,-0.0032,0.352,0.352,-1.245,2.126,1.200,0.776,0.0056,-1.450,nan,0.00,1,1,1,0,1,0.0000,0.690,0,0.200,2,0.712,0,0,yolo,118.1,yolo,0,0,0,0.000,0,-1,0
1785653579.575,10.449,-0.893,23.441,0.9833,0,-3.551,1.531,-12.000,0.2742,17.249,4.032,-2.491,1.000,13.157,14.000,0.8340,-0.0032,0.352,0.352,-1.245,2.126,1.200,0.638,0.0056,-1.450,nan,0.00,1,1,1,0,1,0.0000,0.690,0,0.200,2,0.712,0,0,yolo,118.1,yolo,0,0,0,0.000,0,-1,0
1785653579.608,10.795,-0.945,24.517,0.9822,0,-3.205,1.695,-12.000,0.2745,17.249,4.032,-2.491,1.000,13.157,14.000,0.8598,-0.0065,0.378,0.378,-1.249,2.142,1.200,0.750,0.0056,-1.408,nan,0.00,1,1,1,0,1,0.0000,0.531,0,0.156,2,0.736,0,0,yolo,118.1,yolo,0,0,0,0.000,0,-1,0
1785653579.638,11.112,-0.986,25.647,0.9811,0,-1.705,1.852,-10.500,0.2748,17.754,3.250,-2.429,1.000,10.375,-14.000,8.6218,0.4416,0.407,-0.252,-1.252,2.159,1.200,0.866,0.0056,-1.452,nan,0.00,1,1,1,1,1,0.0000,0.536,0,0.161,2,0.749,0,0,yolo,129.7,yolo,0,0,0,0.000,0,-1,0
1785653579.670,11.112,-0.986,25.647,0.9811,0,-2.888,1.712,-10.375,0.2748,17.754,3.250,-2.429,1.000,10.375,14.000,0.6592,0.0000,0.407,0.407,-1.252,2.159,1.200,0.726,0.0056,-1.452,nan,0.00,1,1,1,0,1,0.0000,0.213,0,0.158,1,0.781,0,0,yolo,129.7,yolo,0,0,0,0.000,0,-1,0
1785653579.707,11.270,-0.989,26.668,0.9806,0,-2.730,1.858,-10.375,0.2749,17.754,3.250,-2.429,1.000,10.375,14.000,0.6990,-0.0041,0.447,0.447,-1.256,2.178,1.200,0.870,0.0056,-1.441,nan,0.00,1,1,1,0,1,0.0000,0.426,0,0.158,1,0.781,1,0,yolo,129.7,yolo,0,0,0,0.000,0,-1,0
1785653579.748,11.568,-1.003,27.603,0.9795,0,-2.432,1.979,-10.375,0.2752,17.754,3.250,-2.429,1.000,10.375,14.000,0.7371,-0.0080,0.485,0.485,-1.260,2.195,1.200,0.975,0.0056,-1.417,nan,0.00,1,1,1,0,1,0.0000,0.580,0,0.205,1,0.765,0,0,yolo,129.7,yolo,0,0,0,0.000,0,-1,0
1785653579.779,11.816,-1.011,28.498,0.9787,0,-0.932,2.073,-8.875,0.2755,17.913,2.298,-2.274,1.000,7.312,-14.000,7.1829,0.1655,0.520,-0.012,-1.264,2.213,1.200,1.061,0.0056,-1.439,nan,0.00,1,1,1,1,1,0.0000,0.573,0,0.198,1,0.771,0,0,yolo,120.2,yolo,0,0,0,0.000,0,-1,0
1785653579.810,11.890,-0.976,29.343,0.9784,0,-0.811,2.125,-7.375,0.2756,17.913,2.298,-2.274,1.000,7.312,12.701,0.5793,-0.0041,0.567,0.567,-1.268,2.231,1.200,1.149,0.0056,-1.447,nan,0.00,1,1,1,0,1,0.0000,0.401,0,0.126,1,0.811,0,0,yolo,120.2,yolo,0,0,0,0.000,0,-1,0
1785653579.848,11.974,-0.899,30.024,0.9781,0,-0.198,2.109,-7.312,0.2756,17.913,2.298,-2.274,1.000,7.312,12.172,0.6336,-0.0085,0.621,0.621,-1.272,2.249,1.200,1.209,0.0056,-1.467,nan,0.00,1,1,1,0,1,0.0000,0.393,0,0.116,1,0.835,0,0,yolo,120.2,yolo,0,0,0,0.000,0,-1,0
1785653579.878,11.995,-0.829,30.628,0.9781,0,1.302,2.071,-5.812,0.2756,18.074,1.378,-2.121,1.000,4.361,-14.000,6.9809,0.4481,0.672,0.488,-1.277,2.264,1.200,1.243,0.0056,-1.526,nan,0.00,1,1,1,1,1,0.0000,0.250,0,0.041,1,0.881,0,0,yolo,124.7,yolo,0,0,0,0.000,0,-1,0
1785653579.927,11.885,-0.753,31.150,0.9785,0,2.802,2.013,-4.361,0.2755,18.074,1.378,-2.121,1.000,4.361,6.298,0.2354,-0.0045,0.724,0.724,-1.281,2.279,1.200,1.260,0.0056,-1.554,nan,0.00,1,1,1,0,0,0.0000,0.000,0,0.000,0,0.000,0,0,yolo,124.7,yolo,0,0,0,0.000,0,-1,0
1785653579.971,11.636,-0.648,31.539,0.9794,0,4.302,1.907,-4.361,0.2753,18.074,1.378,-2.121,1.000,4.361,5.703,0.2964,-0.0097,0.785,0.785,-1.286,2.291,1.200,1.259,0.0056,-1.595,nan,0.00,1,1,1,0,0,0.0000,0.000,0,0.000,0,0.000,0,0,yolo,124.7,yolo,0,0,0,0.000,0,-1,0
1785653579.999,11.260,-0.540,31.874,0.9807,0,5.802,1.792,-4.361,0.2749,18.074,1.378,-2.121,1.000,4.361,5.098,0.3586,-0.0152,0.847,0.847,-1.292,2.303,1.200,1.252,0.0056,-1.640,nan,0.00,1,1,1,0,0,0.0000,0.000,0,0.000,0,0.000,0,0,yolo,124.7,yolo,0,0,0,0.000,0,-1,0
1785653580.048,10.697,-0.439,32.287,0.9826,0,6.234,1.711,-4.361,0.2744,18.074,1.378,-2.121,1.000,4.361,4.463,0.4238,-0.0216,0.912,0.912,-1.298,2.315,1.200,1.271,0.0056,-1.689,nan,0.00,1,1,1,0,0,0.0000,0.000,0,0.000,0,0.000,0,0,yolo,124.7,yolo,0,0,0,0.000,0,-1,0
1785653580.074,10.055,-0.332,32.749,0.9846,0,6.235,1.642,-4.361,0.2738,18.074,1.378,-2.121,1.000,4.361,3.820,0.4897,-0.0286,0.978,0.978,-1.305,2.329,1.200,1.309,0.0056,-1.743,nan,0.00,1,1,1,0,0,0.0000,0.000,0,0.000,0,0.000,0,0,yolo,124.7,yolo,0,0,0,0.000,0,-1,0
1785653580.111,9.461,-0.236,33.152,0.9864,0,6.176,1.556,-4.361,0.2733,18.074,1.378,-2.121,1.000,4.361,3.285,0.5446,-0.0338,1.033,1.033,-1.310,2.341,1.200,1.320,0.0056,-1.791,nan,0.00,1,1,1,0,0,0.0000,0.000,0,0.000,0,0.000,0,0,yolo,124.7,yolo,0,0,0,0.000,0,-1,0
1785653580.157,8.914,-0.151,33.523,0.9879,0,6.081,1.471,-4.361,0.2729,18.074,1.378,-2.121,1.000,4.361,2.833,0.5910,-0.0381,1.079,1.079,-1.315,2.351,1.200,1.320,0.0056,-1.834,nan,0.00,1,1,1,0,0,0.0000,0.000,0,0.000,0,0.000,0,0,yolo,124.7,yolo,0,0,0,0.000,0,-1,0
1785653580.187,8.372,-0.070,33.894,0.9893,0,5.950,1.393,-4.361,0.2725,18.074,1.378,-2.121,1.000,4.361,2.422,0.6331,-0.0419,1.122,1.122,-1.318,2.362,1.200,1.323,0.0056,-1.875,nan,0.00,1,1,1,0,0,0.0000,0.000,0,0.000,0,0.000,0,0,yolo,124.7,yolo,0,0,0,0.000,0,-1,0
1785653580.215,8.372,-0.070,33.894,0.9893,0,5.950,1.268,-4.361,0.2725,18.074,1.378,-2.121,1.000,4.361,2.422,0.6331,-0.0419,1.122,1.122,-1.318,2.362,1.200,1.197,0.0056,-1.875,nan,0.00,1,1,1,0,1,0.0000,0.165,0,0.037,0,0.798,0,0,yolo,124.7,yolo,0,0,0,0.000,0,-1,0
1785653580.246,7.730,0.018,34.338,0.9909,0,5.743,1.245,-4.361,0.2721,18.074,1.378,-2.121,1.000,4.361,1.987,0.6778,-0.0460,1.166,1.166,-1.323,2.373,1.200,1.262,0.0056,-1.922,nan,0.00,1,1,1,0,1,0.0000,0.165,0,0.037,0,0.798,0,0,yolo,124.7,yolo,0,0,0,0.000,0,-1,0
1785653580.278,7.085,0.105,34.797,0.9924,0,5.481,1.210,-4.361,0.2717,18.074,1.378,-2.121,1.000,4.361,1.603,0.7171,-0.0494,1.206,1.206,-1.326,2.385,1.200,1.315,0.0056,-1.968,nan,0.00,1,1,1,0,1,0.0000,0.172,0,0.056,0,0.853,0,0,yolo,124.7,yolo,0,0,0,0.000,0,-1,0
1785653580.309,7.085,0.105,34.797,0.9924,0,5.481,1.104,-4.361,0.2717,18.074,1.378,-2.121,1.000,4.361,1.603,0.7171,-0.0494,1.206,1.206,-1.326,2.385,1.200,1.209,0.0056,-1.968,nan,0.00,1,1,1,0,1,0.0000,0.172,0,0.056,0,0.853,0,0,yolo,124.7,yolo,0,0,0,0.000,0,-1,0
1785653580.340,6.569,0.177,35.178,0.9934,0,5.240,1.080,-4.361,0.2714,18.074,1.378,-2.121,1.000,4.361,1.329,0.7452,-0.0521,1.234,1.234,-1.329,2.394,1.200,1.256,0.0056,-2.005,nan,0.00,1,1,1,0,1,0.0000,0.177,0,0.068,0,0.893,0,0,yolo,124.7,yolo,0,0,0,0.000,0,-1,0
1785653580.371,6.073,0.240,35.552,0.9944,0,4.974,1.048,-4.361,0.2711,18.074,1.378,-2.121,1.000,4.361,1.100,0.7688,-0.0548,1.257,1.257,-1.331,2.402,1.200,1.288,0.0056,-2.039,nan,0.00,1,1,1,0,1,0.0000,0.177,0,0.068,0,0.893,0,0,yolo,124.7,yolo,0,0,0,0.000,0,-1,0
1785653580.403,5.577,0.307,35.954,0.9953,0,4.672,1.011,-4.361,0.2709,18.074,1.378,-2.121,1.000,4.361,0.905,0.7887,-0.0577,1.277,1.277,-1.334,2.411,1.200,1.319,0.0056,-2.074,nan,0.00,1,1,1,0,1,0.0000,0.271,0,0.077,1,0.884,0,0,yolo,124.7,yolo,0,0,0,0.000,0,-1,0
1785653580.428,5.118,0.373,36.346,0.9960,0,4.360,0.966,-4.361,0.2707,18.074,1.378,-2.121,1.000,4.361,0.757,0.8039,-0.0604,1.292,1.292,-1.337,2.419,1.200,1.339,0.0056,-2.107,nan,0.00,1,1,1,0,1,0.0000,0.271,0,0.077,1,0.884,0,0,yolo,124.7,yolo,0,0,0,0.000,0,-1,0
1785653580.472,5.118,0.373,36.346,0.9960,0,4.360,0.878,-4.361,0.2707,18.074,1.378,-2.121,1.000,4.361,0.757,0.8039,-0.0604,1.292,1.292,-1.337,2.419,1.200,1.251,0.0056,-2.107,nan,0.00,1,1,1,0,1,0.0000,0.181,0,0.077,0,0.882,0,0,yolo,124.7,yolo,0,0,0,0.000,0,-1,0
1785653580.514,4.332,0.485,37.059,0.9971,0,3.748,0.887,-4.361,0.2704,18.074,1.378,-2.121,1.000,4.361,0.584,0.8217,-0.0653,1.310,1.310,-1.342,2.433,1.200,1.372,0.0056,-2.163,nan,0.00,1,1,1,0,1,0.0000,0.181,0,0.077,0,0.882,0,0,yolo,124.7,yolo,0,0,0,0.000,0,-1,0
1785653580.545,3.992,0.540,37.416,0.9975,0,3.443,0.828,-4.361,0.2703,18.074,1.378,-2.121,1.000,4.361,0.549,0.8253,-0.0678,1.314,1.314,-1.344,2.439,1.200,1.369,0.0056,-2.190,nan,0.00,1,1,1,0,1,0.0000,0.181,0,0.077,0,0.886,0,0,yolo,124.7,yolo,0,0,0,0.000,0,-1,0
1785653580.573,3.734,0.585,37.710,0.9978,0,4.943,0.509,-2.861,0.2702,17.111,-4.898,-0.141,1.000,-15.975,-14.000,-0.0000,-0.0000,1.315,1.315,-1.346,2.444,1.304,1.093,0.0057,-0.635,nan,0.00,1,1,1,1,1,0.0000,0.181,0,0.077,0,0.886,0,0,yolo,113.1,yolo,0,0,0,0.000,0,-1,0
1785653580.614,3.354,0.624,38.021,0.9982,0,6.443,0.447,-1.361,0.2702,17.111,-4.898,-0.141,1.000,-15.975,-14.000,-0.0000,-0.0000,1.317,1.317,-1.349,2.448,1.307,1.071,0.0057,-0.614,nan,0.00,1,1,1,1,1,0.0000,0.181,0,0.077,0,0.886,2,0,yolo,113.1,yolo,0,0,0,0.000,0,-1,0
1785653580.655,2.738,0.660,38.138,0.9988,0,7.943,0.317,0.139,0.2701,17.111,-4.898,-0.141,1.000,-15.975,-14.000,-0.0000,-0.0000,1.328,1.328,-1.352,2.447,1.314,0.976,0.0058,-0.572,nan,0.00,1,1,1,1,1,0.0000,0.135,0,0.076,1,0.887,0,0,yolo,113.1,yolo,0,0,0,0.000,0,-1,0
1785653580.694,2.052,0.690,38.128,0.9993,0,9.443,0.195,1.639,0.2534,16.118,-4.759,-0.010,1.000,-16.450,-14.000,1.3343,-1.9817,1.342,0.678,-1.355,2.444,1.313,0.885,0.0058,-0.374,nan,0.00,1,1,1,1,1,0.0000,0.270,0,0.075,1,0.896,0,0,yolo,129.7,yolo,0,0,0,0.000,0,-1,0
1785653580.733,1.164,0.712,37.991,0.9997,0,10.943,0.032,3.139,0.2699,16.118,-4.759,-0.010,1.000,-16.450,-14.000,0.6813,0.0093,1.359,1.359,-1.345,2.436,1.322,0.744,0.0058,-0.306,nan,0.00,1,1,1,0,1,0.0000,0.359,0,0.074,2,0.893,0,0,yolo,129.7,yolo,0,0,0,0.000,0,-1,0
1785653580.764,0.156,0.718,37.735,0.9999,0,12.443,-0.124,4.639,0.2699,16.118,-4.759,-0.010,1.000,-16.450,-14.000,0.6984,0.0201,1.376,1.376,-1.334,2.425,1.329,0.595,0.0059,-0.225,nan,0.00,1,1,1,0,1,0.0000,0.359,0,0.074,2,0.893,0,0,yolo,129.7,yolo,0,0,0,0.000,0,-1,0
1785653580.800,-0.849,0.720,37.464,0.9998,0,13.151,-0.230,6.139,0.2699,16.118,-4.759,-0.010,1.000,-16.450,-14.000,0.7096,0.0321,1.387,1.387,-1.322,2.414,1.329,0.490,0.0059,-0.142,nan,0.00,1,1,1,0,1,0.0000,0.359,0,0.074,2,0.893,3,0,yolo,129.7,yolo,0,0,0,0.000,0,-1,0
1785653580.826,-0.869,0.720,37.457,0.9998,0,13.131,0.036,7.639,0.2533,15.477,-4.857,0.097,1.000,-17.422,-14.000,1.5760,-0.7062,1.388,0.832,-1.322,2.414,1.248,0.756,0.0059,-0.024,nan,0.00,1,1,1,1,1,0.0000,0.352,0,0.065,2,0.872,0,0,yolo,129.2,yolo,0,0,0,0.000,0,-1,0
1785653580.857,-2.011,0.689,36.983,0.9993,0,11.989,-0.102,9.139,0.2682,15.477,-4.857,0.097,1.000,-17.422,-14.000,0.5705,0.0119,1.402,1.402,-1.310,2.398,1.248,0.587,0.0059,0.081,nan,0.00,1,1,1,0,1,0.0000,0.352,0,0.065,2,0.872,0,0,yolo,129.2,yolo,0,0,0,0.000,0,-1,0
1785653580.888,-3.137,0.642,36.210,0.9984,0,10.863,-0.286,10.639,0.2652,15.477,-4.857,0.097,1.000,-17.422,-14.000,0.5859,0.0131,1.418,1.418,-1.309,2.374,1.248,0.356,0.0059,0.189,nan,0.00,1,1,1,0,1,0.0000,0.350,0,0.062,2,0.864,0,0,yolo,129.2,yolo,0,0,0,0.000,0,-1,0
1785653580.919,-4.176,0.554,35.240,0.9973,0,9.824,-0.439,12.000,0.2622,15.477,-4.857,0.097,1.000,-17.422,-14.000,0.5992,0.0158,1.431,1.431,-1.306,2.345,1.246,0.115,0.0058,0.301,nan,0.00,1,1,1,0,1,0.0000,0.350,0,0.062,2,0.864,0,0,yolo,129.2,yolo,0,0,0,0.000,0,-1,0
1785653580.950,-5.096,0.432,34.223,0.9960,0,8.904,-0.408,12.000,0.2456,15.019,-5.089,0.164,1.000,-18.717,-14.000,2.5451,-1.5085,1.438,1.106,-1.300,2.315,1.200,0.024,0.0058,0.502,nan,0.00,1,1,1,1,1,0.0000,0.262,0,0.062,1,0.836,0,0,yolo,123.1,yolo,0,0,0,0.000,0,-1,0
1785653580.980,-5.096,0.432,34.223,0.9960,0,8.904,-0.179,12.000,0.2557,15.019,-5.089,0.164,1.000,-18.717,-14.000,0.3320,0.0000,1.438,1.438,-1.300,2.315,1.200,0.253,0.0057,0.502,nan,0.00,1,1,1,0,1,0.0000,0.262,0,0.062,1,0.836,0,0,yolo,123.1,yolo,0,0,0,0.000,0,-1,0
1785653581.010,-5.923,0.300,33.214,0.9946,0,8.077,-0.267,12.000,0.2538,15.019,-5.089,0.164,1.000,-18.717,-14.000,0.3312,0.0234,1.437,1.437,-1.276,2.286,1.200,0.032,0.0057,0.609,nan,0.00,1,1,1,0,1,0.0000,0.133,0,0.068,1,0.826,0,0,yolo,123.1,yolo,0,0,0,0.000,0,-1,0
1785653581.049,-6.664,0.179,32.286,0.9932,0,7.336,-0.278,12.000,0.2526,15.019,-5.089,0.164,1.000,-18.717,-14.000,0.3241,0.0552,1.430,1.430,-1.244,2.261,1.200,-0.098,0.0056,0.706,nan,0.00,1,1,1,0,1,0.0000,0.406,0,0.133,1,0.854,0,0,yolo,123.1,yolo,0,0,0,0.000,0,-1,0
1785653581.090,-7.412,0.043,31.331,0.9916,0,6.588,-0.247,12.000,0.2394,16.140,-5.800,0.006,1.000,-19.765,-14.000,1.7718,-0.2182,1.418,1.606,-1.203,2.236,1.200,-0.204,0.0055,0.742,nan,0.00,1,1,1,1,1,0.0000,0.252,0,0.129,2,0.834,0,0,yolo,120.5,yolo,0,0,0,0.000,0,-1,0
1785653581.117,-8.064,-0.109,30.392,0.9901,0,5.936,-0.168,12.000,0.2486,16.140,-5.800,0.006,1.000,-19.765,-14.000,-0.2043,0.0485,1.402,1.402,-1.154,2.213,1.200,-0.277,0.0054,0.851,nan,0.00,1,1,1,0,1,0.0000,0.252,0,0.129,2,0.834,0,0,yolo,120.5,yolo,0,0,0,0.000,0,-1,0
1785653581.161,-8.693,-0.265,29.486,0.9885,0,5.307,-0.053,12.000,0.2474,16.140,-5.800,0.006,1.000,-19.765,-14.000,-0.2243,0.0873,1.382,1.382,-1.115,2.192,1.200,-0.318,0.0053,0.958,nan,0.00,1,1,1,0,1,0.0000,0.202,0,0.129,1,0.822,0,0,yolo,120.5,yolo,0,0,0,0.000,0,-1,0
1785653581.188,-9.246,-0.436,28.496,0.9870,0,4.754,0.069,12.000,0.2307,17.028,-6.169,-0.136,1.000,-19.914,-14.000,0.6635,-0.4313,1.353,2.078,-1.072,2.170,1.200,-0.367,0.0052,0.986,nan,0.00,1,1,1,1,1,0.0000,0.202,0,0.129,1,0.822,0,0,yolo,120.7,yolo,0,0,0,0.000,0,-1,0
1785653581.234,-9.711,-0.602,27.461,0.9856,0,4.289,0.199,12.000,0.2429,17.028,-6.169,-0.136,1.000,-19.914,-14.000,-0.7592,0.0597,1.319,1.319,-1.012,2.149,1.200,-0.403,0.0052,1.085,nan,0.00,1,1,1,0,1,0.0000,0.203,0,0.133,1,0.811,0,0,yolo,120.7,yolo,0,0,0,0.000,0,-1,0
1785653581.262,-10.160,-0.776,26.345,0.9842,0,3.840,0.341,12.000,0.2434,17.028,-6.169,-0.136,1.000,-19.914,-14.000,-0.8006,0.1295,1.277,1.277,-0.943,2.129,1.200,-0.435,0.0052,1.185,nan,0.00,1,1,1,0,1,0.0000,0.203,0,0.133,1,0.811,0,0,yolo,120.7,yolo,0,0,0,0.000,0,-1,0
1785653581.298,-10.552,-0.940,25.255,0.9830,0,3.448,0.505,12.000,0.2442,17.028,-6.169,-0.136,1.000,-19.914,-14.000,-0.8444,0.2008,1.233,1.233,-0.871,2.112,1.200,-0.435,0.0052,1.275,nan,0.00,1,1,1,0,1,0.0000,0.407,0,0.133,1,0.811,1,0,yolo,120.7,yolo,0,0,0,0.000,0,-1,0
1785653581.342,-10.938,-1.114,24.037,0.9816,0,3.062,0.673,12.000,0.2609,16.728,-5.778,-0.255,1.000,-19.057,-14.000,-2.5021,1.0417,1.181,2.069,-0.792,2.096,1.200,-0.441,0.0052,1.171,nan,0.00,1,1,1,1,1,0.0000,0.408,0,0.136,1,0.806,0,0,yolo,120.9,yolo,0,0,0,0.000,0,-1,0
1785653581.379,-10.938,-1.114,24.037,0.9816,0,3.062,0.877,12.000,0.2442,16.728,-5.778,-0.255,1.000,-19.057,-14.000,-0.8884,0.0000,1.181,1.181,-0.792,2.096,1.200,-0.237,0.0052,1.171,nan,0.00,1,1,1,0,1,0.0000,0.204,0,0.135,1,0.805,0,0,yolo,120.9,yolo,0,0,0,0.000,0,-1,0
1785653581.419,-11.291,-1.283,22.768,0.9804,0,2.709,0.997,12.000,0.2398,16.728,-5.778,-0.255,1.000,-19.057,-14.000,-0.9460,0.0771,1.123,1.123,-0.715,2.081,1.200,-0.286,0.0052,1.255,nan,0.00,1,1,1,0,1,0.0000,0.409,0,0.136,1,0.799,0,0,yolo,120.9,yolo,0,0,0,0.000,0,-1,0
1785653581.451,-11.582,-1.416,21.548,0.9793,0,2.418,1.119,12.000,0.2564,17.437,-5.545,-0.427,1.000,-17.641,-14.000,-3.2306,0.9748,1.066,1.279,-0.650,2.070,1.204,-0.296,0.0052,1.125,nan,0.00,1,1,1,1,1,0.0000,0.409,0,0.136,1,0.790,0,0,yolo,122.4,yolo,0,0,0,0.000,0,-1,0
1785653581.484,-11.832,-1.538,20.395,0.9784,0,2.168,1.275,12.000,0.2413,17.437,-5.545,-0.427,1.000,-17.641,-14.000,-0.2686,0.0554,1.011,1.011,-0.595,2.062,1.202,-0.263,0.0052,1.187,nan,0.00,1,1,1,0,1,0.0000,0.405,0,0.131,1,0.786,0,0,yolo,122.4,yolo,0,0,0,0.000,0,-1,0
1785653581.514,-12.042,-1.647,19.245,0.9776,0,1.958,1.431,12.000,0.2424,17.437,-5.545,-0.427,1.000,-17.641,-14.000,-0.3240,0.1097,0.955,0.955,-0.540,2.056,1.200,-0.216,0.0052,1.240,nan,0.00,1,1,1,0,1,0.0000,0.405,0,0.131,1,0.786,0,0,yolo,122.4,yolo,0,0,0,0.000,0,-1,0
1785653581.551,-12.042,-1.647,19.245,0.9776,0,1.958,1.442,12.000,0.2591,17.435,-4.966,-0.520,1.000,-15.898,-14.000,-3.9777,1.5864,0.955,1.511,-0.540,2.056,1.239,-0.206,0.0052,1.029,nan,0.00,1,1,1,1,1,0.0000,0.405,0,0.131,1,0.786,2,0,yolo,114.4,yolo,0,0,0,0.000,0,-1,0
1785653581.592,-12.255,-1.762,18.020,0.9768,0,1.745,1.598,12.000,0.2456,17.435,-4.966,-0.520,1.000,-15.898,-14.000,-0.6158,0.0681,0.895,0.895,-0.472,2.052,1.229,-0.164,0.0052,1.082,nan,0.00,1,1,1,0,1,0.0000,0.406,0,0.132,1,0.775,0,0,yolo,114.4,yolo,0,0,0,0.000,0,-1,0
1785653581.630,-12.436,-1.857,16.692,0.9760,0,1.564,1.747,12.000,0.2475,17.435,-4.966,-0.520,1.000,-15.898,-14.000,-0.6813,0.1356,0.830,0.830,-0.405,2.049,1.222,-0.110,0.0052,1.126,nan,0.00,1,1,1,0,1,0.0000,0.405,0,0.131,1,0.772,0,0,yolo,114.4,yolo,0,0,0,0.000,0,-1,0
1785653581.671,-12.594,-1.945,15.517,0.9754,0,0.064,1.690,12.000,0.2642,17.644,-4.294,-0.583,1.000,-13.677,-5.792,-6.8394,1.6036,0.769,1.273,-0.339,2.049,1.302,-0.255,0.0051,0.966,nan,0.00,1,1,1,1,1,0.0000,0.403,0,0.129,1,0.773,0,0,yolo,121.0,yolo,0,0,0,0.000,0,-1,0
1785653581.703,-12.562,-2.025,14.321,0.9755,0,1.438,1.852,12.000,0.2478,17.644,-4.294,-0.583,1.000,-13.677,-14.000,-0.5656,0.0507,0.708,0.708,-0.289,2.051,1.294,-0.173,0.0050,0.988,nan,0.00,1,1,1,0,1,0.0000,0.403,0,0.129,1,0.773,0,0,yolo,121.0,yolo,0,0,0,0.000,0,-1,0
1785653581.735,-12.562,-2.025,14.321,0.9755,0,1.438,1.872,12.000,0.2477,17.644,-4.294,-0.583,1.000,-13.677,-14.000,-0.5656,0.0507,0.708,0.708,-0.289,2.051,1.294,-0.153,0.0050,0.988,nan,0.00,1,1,1,0,1,0.0000,0.403,0,0.128,1,0.773,0,0,yolo,121.0,yolo,0,0,0,0.000,0,-1,0
1785653581.772,-12.705,-2.088,13.099,0.9749,0,1.295,2.026,12.000,0.2494,17.644,-4.294,-0.583,1.000,-13.677,-14.000,-0.6277,0.1057,0.646,0.646,-0.234,2.055,1.283,-0.062,0.0050,1.019,nan,0.00,1,1,1,0,1,0.0000,0.400,0,0.124,1,0.781,0,0,yolo,121.0,yolo,0,0,0,0.000,0,-1,0
1785653581.812,-12.804,-2.134,11.935,0.9745,0,-0.205,1.841,11.535,0.2661,17.886,-3.650,-0.616,1.000,-11.535,-9.996,-5.0148,1.0788,0.587,1.364,-0.182,2.060,1.402,-0.293,0.0049,0.875,nan,0.00,1,1,1,1,1,0.0000,0.400,0,0.124,1,0.781,0,0,yolo,114.4,yolo,0,0,0,0.000,0,-1,0
1785653581.850,-12.729,-2.195,10.735,0.9747,0,1.271,2.001,11.535,0.2505,17.886,-3.650,-0.616,1.000,-11.535,-14.000,-0.8396,0.0455,0.524,0.524,-0.136,2.068,1.395,-0.194,0.0048,0.889,nan,0.00,1,1,1,0,1,0.0000,0.411,0,0.138,1,0.820,0,0,yolo,114.4,yolo,0,0,0,0.000,0,-1,0
1785653581.890,-12.855,-2.234,9.533,0.9742,0,1.145,2.152,11.535,0.2520,17.886,-3.650,-0.616,1.000,-11.535,-14.000,-0.9021,0.0907,0.462,0.462,-0.091,2.077,1.384,-0.082,0.0047,0.909,nan,0.00,1,1,1,0,1,0.0000,0.411,0,0.138,1,0.820,0,0,yolo,114.4,yolo,0,0,0,0.000,0,-1,0
1785653581.922,-12.855,-2.234,9.533,0.9742,0,-0.355,1.670,10.035,0.2687,18.187,-2.883,-0.588,1.000,-9.006,1.857,-6.0208,0.9894,0.462,1.252,-0.091,2.077,1.554,-0.564,0.0046,0.777,nan,0.00,1,1,1,1,1,0.0000,0.404,0,0.131,1,0.842,0,0,yolo,116.5,yolo,0,0,0,0.000,0,-1,0
1785653581.960,-12.936,-2.262,8.330,0.9739,0,1.064,1.820,9.006,0.2537,18.187,-2.883,-0.588,1.000,-9.006,-14.000,-0.8518,0.0501,0.400,0.400,-0.041,2.087,1.545,-0.441,0.0045,0.790,nan,0.00,1,1,1,0,1,0.0000,0.407,0,0.134,1,0.848,0,0,yolo,116.5,yolo,0,0,0,0.000,0,-1,0
1785653582.000,-13.026,-2.268,7.372,0.9735,0,0.974,1.969,9.006,0.2557,18.187,-2.883,-0.588,1.000,-9.006,-14.000,-0.9266,0.0984,0.325,0.325,0.007,2.101,1.540,-0.299,0.0044,0.797,nan,0.00,1,1,1,0,1,0.0000,0.407,0,0.134,1,0.848,0,0,yolo,116.5,yolo,0,0,0,0.000,0,-1,0
1785653582.031,-13.097,-2.246,6.558,0.9732,0,-0.526,1.217,7.506,0.2724,18.744,-1.862,-0.591,1.000,-5.673,14.000,-10.9062,2.0000,0.258,0.211,0.046,2.115,1.869,-1.029,0.0044,0.581,nan,0.00,1,1,1,1,1,0.0000,0.404,0,0.130,1,0.844,0,0,yolo,121.3,yolo,0,0,0,0.000,0,-1,0
1785653582.063,-13.019,-2.287,5.860,0.9735,0,0.974,1.369,6.006,0.2590,18.744,-1.862,-0.591,1.000,-5.673,-14.000,-0.0167,0.0342,0.194,0.194,0.080,2.130,1.859,-0.918,0.0043,0.591,nan,0.00,1,1,1,0,1,0.0000,0.404,0,0.130,1,0.844,0,0,yolo,121.3,yolo,0,0,0,0.000,0,-1,0
1785653582.102,-13.019,-2.287,5.860,0.9735,0,0.981,1.248,5.673,0.2589,18.744,-1.862,-0.591,1.000,-5.673,-14.000,-0.0167,0.0342,0.194,0.194,0.080,2.130,1.859,-1.039,0.0043,0.591,nan,0.00,1,1,1,0,1,0.0000,0.400,0,0.125,1,0.840,0,0,yolo,121.3,yolo,0,0,0,0.000,0,-1,0
1785653582.141,-13.176,-2.256,4.899,0.9729,0,-0.519,1.362,4.173,0.2756,19.250,-1.101,-0.501,1.000,-3.272,14.000,-8.0651,0.7075,0.059,-0.454,0.130,2.160,1.929,-0.895,0.0042,0.521,nan,0.00,1,1,1,1,1,0.0000,0.400,0,0.125,1,0.840,0,0,yolo,122.8,yolo,0,0,0,0.000,0,-1,0
1785653582.180,-13.117,-2.217,4.520,0.9732,0,-2.019,1.337,3.272,0.2607,19.250,-1.101,-0.501,1.000,-3.272,-10.359,0.4445,0.0165,-0.010,-0.010,0.146,2.176,1.944,-0.881,0.0042,0.506,nan,0.00,1,1,1,0,1,0.0000,0.395,0,0.119,1,0.810,0,0,yolo,122.8,yolo,0,0,0,0.000,0,-1,0
1785653582.219,-12.895,-2.145,4.212,0.9741,0,-3.305,1.270,3.272,0.2620,19.250,-1.101,-0.501,1.000,-3.272,-9.590,0.3631,0.0325,-0.091,-0.091,0.162,2.194,1.973,-0.875,0.0041,0.477,nan,0.00,1,1,1,0,1,0.0000,0.395,0,0.119,1,0.810,0,0,yolo,122.8,yolo,0,0,0,0.000,0,-1,0
1785653582.250,-12.895,-2.145,4.212,0.9741,0,-3.305,1.098,3.272,0.2620,19.250,-1.101,-0.501,1.000,-3.272,-9.590,0.3631,0.0325,-0.091,-0.091,0.162,2.194,1.973,-1.047,0.0041,0.477,nan,0.00,1,1,1,0,1,0.0000,0.265,0,0.067,1,0.810,0,0,yolo,122.8,yolo,0,0,0,0.000,0,-1,0
1785653582.281,-12.584,-2.082,3.940,0.9753,0,-4.805,0.889,1.772,0.2787,19.144,-0.408,-0.415,1.000,-1.221,14.000,-5.1414,0.7323,-0.163,-0.838,0.179,2.210,2.070,-1.194,0.0040,0.380,nan,0.00,1,1,1,1,1,0.0000,0.265,0,0.067,1,0.810,0,0,yolo,116.8,yolo,0,0,0,0.000,0,-1,0
1785653582.312,-12.281,-2.040,3.648,0.9765,0,-6.305,0.885,1.221,0.2641,19.144,-0.408,-0.415,1.000,-1.221,-5.049,0.6070,0.0171,-0.231,-0.231,0.196,2.226,2.087,-1.155,0.0040,0.363,nan,0.00,1,1,1,0,1,0.0000,0.266,0,0.068,1,0.813,0,0,yolo,116.8,yolo,0,0,0,0.000,0,-1,0
1785653582.343,-11.615,-1.983,3.485,0.9789,0,-7.286,0.850,1.221,0.2648,19.144,-0.408,-0.415,1.000,-1.221,-4.329,0.5312,0.0317,-0.307,-0.307,0.211,2.244,2.111,-1.133,0.0040,0.339,nan,0.00,1,1,1,0,1,0.0000,0.266,0,0.068,1,0.813,0,0,yolo,116.8,yolo,0,0,0,0.000,0,-1,0
1785653582.374,-11.615,-1.983,3.485,0.9789,0,-7.286,0.690,1.221,0.2648,19.144,-0.408,-0.415,1.000,-1.221,-4.329,0.5312,0.0317,-0.307,-0.307,0.211,2.244,2.111,-1.294,0.0039,0.339,nan,0.00,1,1,1,0,1,0.0000,0.266,0,0.068,1,0.815,0,0,yolo,116.8,yolo,0,0,0,0.000,0,-1,0
1785653582.406,-10.881,-1.906,3.409,0.9815,0,-8.786,0.650,-0.279,0.2728,19.633,0.376,-0.276,1.000,1.097,14.000,-5.9571,0.2045,-0.379,-1.464,0.226,2.260,2.139,-1.256,0.0039,0.311,nan,0.00,1,1,1,1,1,0.0000,0.266,0,0.068,1,0.815,0,0,yolo,122.6,yolo,0,0,0,0.000,0,-1,0
1785653582.437,-10.213,-1.857,3.298,0.9836,0,-9.756,0.639,-1.097,0.2637,19.633,0.376,-0.276,1.000,1.097,-0.457,1.0244,0.0114,-0.439,-0.439,0.238,2.276,2.152,-1.217,0.0039,0.298,nan,0.00,1,1,1,0,1,0.0000,0.299,0,0.124,0,0.813,0,0,yolo,122.6,yolo,0,0,0,0.000,0,-1,0
1785653582.468,-9.273,-1.793,3.322,0.9864,0,-9.372,0.583,-1.097,0.2638,19.633,0.376,-0.276,1.000,1.097,0.099,0.9651,0.0197,-0.498,-0.498,0.246,2.290,2.168,-1.211,0.0038,0.282,nan,0.00,1,1,1,0,1,0.0000,0.299,0,0.124,0,0.813,0,0,yolo,122.6,yolo,0,0,0,0.000,0,-1,0
1785653582.499,-8.315,-1.703,3.473,0.9891,0,-10.872,0.519,-2.597,0.2646,19.592,0.963,-0.168,1.000,2.814,14.000,-5.8693,0.0492,-0.561,-1.961,0.252,2.304,2.173,-1.184,0.0038,0.277,nan,0.00,1,1,1,1,1,0.0000,0.298,0,0.121,0,0.815,0,0,yolo,121.1,yolo,0,0,0,0.000,0,-1,0
1785653582.533,-7.279,-1.627,3.648,0.9915,0,-10.243,0.431,-2.814,0.2622,19.592,0.963,-0.168,1.000,2.814,2.964,1.3493,0.0043,-0.612,-0.612,0.256,2.316,2.182,-1.196,0.0038,0.268,nan,0.00,1,1,1,0,1,0.0000,0.298,0,0.121,0,0.815,0,0,yolo,121.1,yolo,0,0,0,0.000,0,-1,0
1785653582.565,-7.265,-1.626,3.650,0.9916,0,-10.236,0.290,-2.814,0.2621,19.592,0.963,-0.168,1.000,2.814,2.970,1.3487,0.0043,-0.613,-0.613,0.256,2.316,2.182,-1.336,0.0038,0.268,nan,0.00,1,1,1,0,1,0.0000,0.182,0,0.080,0,0.821,0,0,yolo,121.1,yolo,0,0,0,0.000,0,-1,0
1785653582.597,-6.255,-1.563,3.918,0.9937,0,-9.682,0.260,-2.814,0.2619,19.592,0.963,-0.168,1.000,2.814,3.427,1.2999,0.0096,-0.661,-0.661,0.262,2.327,2.187,-1.303,0.0037,0.263,nan,0.00,1,1,1,0,1,0.0000,0.182,0,0.080,0,0.821,0,0,yolo,121.1,yolo,0,0,0,0.000,0,-1,0
1785653582.629,-5.317,-1.508,4.168,0.9954,0,-11.182,0.252,-4.178,0.2588,20.224,1.477,-0.127,1.000,4.178,14.000,-3.6122,-0.0466,-0.702,-2.018,0.268,2.337,2.181,-1.256,0.0037,0.269,nan,0.00,1,1,1,1,1,0.0000,0.184,0,0.085,0,0.830,0,0,yolo,125.9,yolo,0,0,0,0.000,0,-1,0
1785653582.664,-5.317,-1.508,4.168,0.9954,0,-12.147,0.146,-4.178,0.2608,20.224,1.477,-0.127,1.000,4.178,6.830,1.3157,0.0000,-0.702,-0.702,0.268,2.337,2.181,-1.363,0.0037,0.269,nan,0.00,1,1,1,0,1,0.0000,0.184,0,0.085,0,0.830,2,0,yolo,125.9,yolo,0,0,0,0.000,0,-1,0
1785653582.696,-4.129,-1.452,4.539,0.9971,0,-11.305,0.162,-4.178,0.2605,20.224,1.477,-0.127,1.000,4.178,7.177,1.2781,0.0100,-0.740,-0.740,0.278,2.346,2.171,-1.290,0.0037,0.279,nan,0.00,1,1,1,0,1,0.0000,0.400,0,0.125,1,0.833,1,0,yolo,125.9,yolo,0,0,0,0.000,0,-1,0
1785653582.738,-2.877,-1.405,4.980,0.9984,0,-10.335,0.179,-4.178,0.2602,20.224,1.477,-0.127,1.000,4.178,7.458,1.2475,0.0225,-0.770,-0.770,0.290,2.354,2.156,-1.225,0.0036,0.294,nan,0.00,1,1,1,0,1,0.0000,0.302,0,0.128,0,0.829,0,0,yolo,125.9,yolo,0,0,0,0.000,0,-1,0
1785653582.770,-1.864,-1.373,5.316,0.9992,0,-11.835,0.187,-5.009,0.2542,20.534,1.800,-0.126,1.000,5.009,14.000,-2.2330,-0.0982,-0.787,-1.849,0.302,2.361,2.142,-1.186,0.0036,0.308,nan,0.00,1,1,1,1,1,0.0000,0.302,0,0.128,0,0.829,0,0,yolo,122.7,yolo,0,0,0,0.000,0,-1,0
1785653582.800,-0.929,-1.347,5.649,0.9996,0,-11.510,0.219,-5.009,0.2584,20.534,1.800,-0.126,1.000,5.009,10.580,1.0502,0.0123,-0.798,-0.798,0.315,2.367,2.122,-1.128,0.0036,0.328,nan,0.00,1,1,1,0,1,0.0000,0.406,0,0.133,1,0.830,0,0,yolo,122.7,yolo,0,0,0,0.000,0,-1,0
1785653582.832,0.250,-1.324,6.094,0.9997,0,-10.382,0.270,-5.009,0.2582,20.534,1.800,-0.126,1.000,5.009,10.633,1.0445,0.0277,-0.804,-0.804,0.330,2.374,2.094,-1.054,0.0035,0.356,nan,0.00,1,1,1,0,1,0.0000,0.406,0,0.133,1,0.830,0,0,yolo,122.7,yolo,0,0,0,0.000,0,-1,0
1785653582.864,1.294,-1.300,6.572,0.9995,0,-9.336,0.306,-5.009,0.2581,20.534,1.800,-0.126,1.000,5.009,10.630,1.0448,0.0428,-0.804,-0.804,0.345,2.379,2.070,-0.994,0.0035,0.380,nan,0.00,1,1,1,0,1,0.0000,0.406,0,0.133,1,0.830,0,0,yolo,122.7,yolo,0,0,0,0.000,0,-1,0
1785653582.901,1.294,-1.300,6.572,0.9995,0,-10.836,0.169,-5.332,0.2643,20.718,1.934,-0.160,1.000,5.332,14.000,-0.6997,0.1621,-0.804,-1.489,0.345,2.379,2.097,-1.131,0.0035,0.353,nan,0.00,1,1,1,1,1,0.0000,0.308,0,0.138,0,0.824,0,0,yolo,122.1,yolo,0,0,0,0.000,0,-1,0
1785653582.942,2.217,-1.282,7.017,0.9990,0,-10.918,0.238,-5.332,0.2570,20.718,1.934,-0.160,1.000,5.332,13.134,0.6926,0.0161,-0.796,-0.796,0.361,2.385,2.072,-1.045,0.0034,0.378,nan,0.00,1,1,1,0,1,0.0000,0.308,0,0.138,0,0.824,0,0,yolo,122.1,yolo,0,0,0,0.000,0,-1,0
1785653582.971,3.346,-1.290,7.494,0.9980,0,-9.643,0.369,-5.332,0.2568,20.718,1.934,-0.160,1.000,5.332,12.988,0.7086,0.0322,-0.780,-0.780,0.377,2.390,2.031,-0.921,0.0034,0.419,nan,0.00,1,1,1,0,1,0.0000,0.277,0,0.087,1,0.855,0,0,yolo,122.1,yolo,0,0,0,0.000,0,-1,0
1785653583.003,4.294,-1.283,7.979,0.9969,0,-9.706,0.722,-5.539,0.2401,22.520,2.184,-0.111,1.000,5.539,14.000,-1.2225,-2.0000,-0.759,-1.636,0.396,2.395,1.893,-0.561,0.0033,0.557,nan,0.00,1,1,1,1,1,0.0000,0.277,0,0.087,1,0.855,0,0,yolo,128.3,yolo,0,0,0,0.000,0,-1,0
1785653583.039,5.311,-1.251,8.502,0.9955,0,-8.206,0.767,-5.539,0.2525,22.520,2.184,-0.111,1.000,5.539,12.071,0.9062,0.0360,-0.730,-0.730,0.432,2.400,1.867,-0.484,0.0033,0.583,nan,0.00,1,1,1,0,1,0.0000,0.405,0,0.131,1,0.837,0,0,yolo,128.3,yolo,0,0,0,0.000,0,-1,0
1785653583.063,5.311,-1.251,8.502,0.9955,0,-6.760,0.712,-5.539,0.2525,22.520,2.184,-0.111,1.000,5.539,12.071,0.9062,0.0360,-0.730,-0.730,0.432,2.400,1.867,-0.539,0.0032,0.583,nan,0.00,1,1,1,0,1,0.0000,0.405,0,0.131,1,0.837,0,0,yolo,128.3,yolo,0,0,0,0.000,0,-1,0
1785653583.101,6.296,-1.224,9.064,0.9937,0,-5.441,0.786,-5.539,0.2544,22.520,2.184,-0.111,1.000,5.539,11.737,0.9442,0.0876,-0.692,-0.692,0.483,2.406,1.840,-0.438,0.0031,0.610,nan,0.00,1,1,1,0,1,0.0000,0.405,0,0.131,1,0.837,3,0,yolo,128.3,yolo,0,0,0,0.000,0,-1,0
1785653583.125,6.846,-1.204,9.564,0.9927,0,-4.584,0.818,-5.539,0.2566,22.520,2.184,-0.111,1.000,5.539,11.429,0.9793,0.1412,-0.657,-0.657,0.537,2.410,1.826,-0.386,0.0031,0.624,nan,0.00,1,1,1,0,1,0.0000,0.406,0,0.133,1,0.839,0,0,yolo,128.3,yolo,0,0,0,0.000,0,-1,0
1785653583.158,7.355,-1.183,10.109,0.9916,0,-3.084,0.384,-4.954,0.2733,22.132,1.919,-0.256,1.000,4.954,7.215,1.6940,1.3103,-0.615,-0.858,0.596,2.416,2.001,-0.799,0.0030,0.449,nan,0.00,1,1,1,1,1,0.0000,0.406,0,0.133,1,0.839,0,0,yolo,128.4,yolo,0,0,0,0.000,0,-1,0
1785653583.189,7.355,-1.183,10.109,0.9916,0,-4.584,0.335,-4.954,0.2566,22.132,1.919,-0.256,1.000,4.954,13.542,0.2424,0.0000,-0.615,-0.615,0.596,2.416,2.001,-0.849,0.0030,0.449,nan,0.00,1,1,1,0,1,0.0000,0.408,0,0.134,1,0.845,0,0,yolo,128.4,yolo,0,0,0,0.000,0,-1,0
1785653583.221,7.907,-1.218,10.621,0.9903,0,-5.182,0.515,-4.954,0.2571,22.132,1.919,-0.256,1.000,4.954,13.089,0.2937,0.0457,-0.564,-0.564,0.641,2.423,1.969,-0.703,0.0029,0.481,nan,0.00,1,1,1,0,1,0.0000,0.408,0,0.134,1,0.845,0,0,yolo,128.4,yolo,0,0,0,0.000,0,-1,0
1785653583.252,8.430,-1.226,11.045,0.9890,0,-3.682,0.228,-4.188,0.2737,21.680,1.588,-0.354,1.000,4.188,2.888,2.1746,1.0043,-0.515,-0.836,0.669,2.430,2.103,-0.998,0.0029,0.347,nan,0.00,1,1,1,1,1,0.0000,0.409,0,0.137,1,0.843,0,0,yolo,118.0,yolo,0,0,0,0.000,0,-1,0
1785653583.284,8.792,-1.259,11.420,0.9880,0,-2.182,0.366,-4.188,0.2598,21.680,1.588,-0.354,1.000,4.188,10.449,0.3708,0.0207,-0.465,-0.465,0.690,2.438,2.081,-0.893,0.0029,0.369,nan,0.00,1,1,1,0,1,0.0000,0.409,0,0.137,1,0.843,0,0,yolo,118.0,yolo,0,0,0,0.000,0,-1,0
1785653583.315,8.792,-1.259,11.420,0.9880,0,-1.658,0.301,-4.188,0.2598,21.680,1.588,-0.354,1.000,4.188,10.449,0.3708,0.0207,-0.465,-0.465,0.690,2.438,2.081,-0.957,0.0028,0.369,nan,0.00,1,1,1,0,1,0.0000,0.301,0,0.127,0,0.839,0,0,yolo,118.0,yolo,0,0,0,0.000,0,-1,0
1785653583.347,8.968,-1.284,11.808,0.9875,0,-0.983,0.446,-4.188,0.2603,21.680,1.588,-0.354,1.000,4.188,9.951,0.4266,0.0402,-0.410,-0.410,0.710,2.447,2.066,-0.838,0.0028,0.384,nan,0.00,1,1,1,0,1,0.0000,0.301,0,0.127,0,0.839,0,0,yolo,118.0,yolo,0,0,0,0.000,0,-1,0
1785653583.377,8.968,-1.284,11.808,0.9875,0,0.517,0.049,-3.121,0.2770,21.410,1.167,-0.423,1.000,3.121,-4.726,2.9896,1.0495,-0.410,-0.605,0.710,2.447,2.200,-1.236,0.0028,0.244,nan,0.00,1,1,1,1,1,0.0000,0.302,0,0.128,0,0.819,0,0,yolo,115.6,yolo,0,0,0,0.000,0,-1,0
1785653583.410,9.092,-1.298,12.222,0.9872,0,1.127,0.155,-3.121,0.2634,21.410,1.167,-0.423,1.000,3.121,7.966,0.2508,0.0188,-0.354,-0.354,0.728,2.457,2.198,-1.143,0.0027,0.252,nan,0.00,1,1,1,0,1,0.0000,0.302,0,0.128,0,0.819,0,0,yolo,115.6,yolo,0,0,0,0.000,0,-1,0
1785653583.441,8.970,-1.333,12.540,0.9875,0,1.509,0.313,-3.121,0.2637,21.410,1.167,-0.423,1.000,3.121,7.461,0.3069,0.0347,-0.298,-0.298,0.744,2.469,2.188,-1.021,0.0027,0.262,nan,0.00,1,1,1,0,1,0.0000,0.303,0,0.131,0,0.810,0,0,yolo,115.6,yolo,0,0,0,0.000,0,-1,0
1785653583.477,8.829,-1.339,12.826,0.9879,0,1.861,0.394,-3.121,0.2641,21.410,1.167,-0.423,1.000,3.121,6.968,0.3617,0.0469,-0.243,-0.243,0.757,2.481,2.188,-0.945,0.0027,0.262,nan,0.00,1,1,1,0,1,0.0000,0.403,0,0.129,1,0.808,0,0,yolo,115.6,yolo,0,0,0,0.000,0,-1,0
1785653583.504,8.829,-1.339,12.826,0.9879,0,3.361,0.268,-1.879,0.2808,21.294,0.699,-0.475,1.000,1.879,-14.000,6.9240,1.8872,-0.243,0.280,0.757,2.481,2.200,-1.071,0.0027,0.136,nan,0.00,1,1,1,1,1,0.0000,0.403,0,0.129,1,0.808,0,0,yolo,118.3,yolo,0,0,0,0.000,0,-1,0
1785653583.540,8.453,-1.340,13.030,0.9889,0,1.861,0.375,-1.879,0.2660,21.294,0.699,-0.475,1.000,1.879,7.818,-0.4703,0.0077,-0.190,-0.190,0.764,2.494,2.200,-0.965,0.0027,0.131,nan,0.00,1,1,1,0,1,0.0000,0.305,0,0.134,0,0.792,0,0,yolo,118.3,yolo,0,0,0,0.000,0,-1,0
1785653583.580,8.299,-1.322,13.184,0.9893,0,0.943,0.427,-1.879,0.2664,21.294,0.699,-0.475,1.000,1.879,7.356,-0.4192,0.0120,-0.139,-0.139,0.769,2.506,2.200,-0.894,0.0026,0.122,nan,0.00,1,1,1,0,1,0.0000,0.305,0,0.134,0,0.792,0,0,yolo,118.3,yolo,0,0,0,0.000,0,-1,0
1785653583.612,8.220,-1.302,13.373,0.9895,0,2.443,0.470,-0.695,0.2830,21.579,0.262,-0.576,1.000,0.695,-14.000,3.3448,1.2313,-0.088,0.463,0.771,2.519,2.200,-0.832,0.0027,-0.042,nan,0.00,1,1,1,1,1,0.0000,0.305,0,0.133,0,0.793,0,0,yolo,113.6,yolo,0,0,0,0.000,0,-1,0
1785653583.642,8.220,-1.302,13.373,0.9895,0,3.378,0.358,-0.695,0.2708,21.579,0.262,-0.576,1.000,0.695,4.842,-0.5509,0.0000,-0.088,-0.088,0.771,2.519,2.200,-0.943,0.0027,-0.042,nan,0.00,1,1,1,0,1,0.0000,0.305,0,0.133,0,0.793,0,0,yolo,113.6,yolo,0,0,0,0.000,0,-1,0
1785653583.673,7.939,-1.262,13.463,0.9902,0,3.572,0.409,-0.695,0.2708,21.579,0.262,-0.576,1.000,0.695,4.367,-0.4981,-0.0058,-0.035,-0.035,0.765,2.531,2.200,-0.852,0.0027,-0.059,nan,0.00,1,1,1,0,1,0.0000,0.303,0,0.130,0,0.786,0,0,yolo,113.6,yolo,0,0,0,0.000,0,-1,0
1785653583.705,7.570,-1.224,13.505,0.9911,0,3.631,0.435,-0.695,0.2706,21.579,0.262,-0.576,1.000,0.695,3.939,-0.4504,-0.0156,0.013,0.013,0.755,2.543,2.200,-0.789,0.0027,-0.075,nan,0.00,1,1,1,0,1,0.0000,0.303,0,0.130,0,0.786,0,0,yolo,113.6,yolo,0,0,0,0.000,0,-1,0
1785653583.736,7.195,-1.186,13.582,0.9919,0,5.131,0.450,0.263,0.2873,20.641,-0.095,-0.550,1.000,-0.263,-14.000,2.5897,0.4148,0.057,0.662,0.748,2.555,2.200,-0.736,0.0027,-0.130,nan,0.00,1,1,1,1,1,0.0000,0.300,0,0.125,0,0.795,0,0,yolo,117.7,yolo,0,0,0,0.000,0,-1,0
1785653583.769,7.195,-1.186,13.582,0.9919,0,5.064,0.337,0.263,0.2728,20.641,-0.095,-0.550,1.000,-0.263,2.132,-0.6055,0.0000,0.057,0.057,0.748,2.555,2.200,-0.849,0.0027,-0.130,nan,0.00,1,1,1,0,1,0.0000,0.300,0,0.125,0,0.795,0,0,yolo,117.7,yolo,0,0,0,0.000,0,-1,0
1785653583.798,6.606,-1.148,13.568,0.9932,0,4.879,0.388,0.263,0.2724,20.641,-0.095,-0.550,1.000,-0.263,1.727,-0.5613,-0.0108,0.101,0.101,0.737,2.568,2.200,-0.760,0.0027,-0.144,nan,0.00,1,1,1,0,1,0.0000,0.413,0,0.141,1,0.780,0,0,yolo,117.7,yolo,0,0,0,0.000,0,-1,0
1785653583.829,6.123,-1.101,13.526,0.9941,0,4.738,0.389,0.263,0.2720,20.641,-0.095,-0.550,1.000,-0.263,1.385,-0.5240,-0.0257,0.139,0.139,0.723,2.579,2.200,-0.713,0.0027,-0.160,nan,0.00,1,1,1,0,1,0.0000,0.305,0,0.134,0,0.779,0,0,yolo,117.7,yolo,0,0,0,0.000,0,-1,0
1785653583.860,6.123,-1.101,13.526,0.9941,0,6.238,0.393,1.254,0.2886,21.215,-0.464,-0.655,1.000,-1.254,-14.000,2.7511,0.9923,0.139,0.879,0.723,2.579,2.157,-0.708,0.0028,-0.293,nan,0.00,1,1,1,1,1,0.0000,0.405,0,0.132,1,0.794,0,0,yolo,119.9,yolo,0,0,0,0.000,0,-1,0
1785653583.890,5.627,-1.054,13.487,0.9950,0,5.932,0.454,1.254,0.2768,21.215,-0.464,-0.655,1.000,-1.254,-0.305,-0.7063,-0.0131,0.173,0.173,0.710,2.589,2.143,-0.601,0.0028,-0.307,nan,0.00,1,1,1,0,1,0.0000,0.405,0,0.132,1,0.794,0,0,yolo,119.9,yolo,0,0,0,0.000,0,-1,0
1785653583.921,4.963,-0.994,13.380,0.9961,0,5.555,0.493,1.254,0.2762,21.215,-0.464,-0.655,1.000,-1.254,-0.592,-0.6745,-0.0314,0.205,0.205,0.691,2.600,2.126,-0.501,0.0028,-0.324,nan,0.00,1,1,1,0,1,0.0000,0.416,0,0.145,1,0.814,0,0,yolo,119.9,yolo,0,0,0,0.000,0,-1,0
1785653583.956,4.409,-0.932,13.246,0.9969,0,7.055,0.810,2.053,0.2929,21.764,-0.780,-0.761,1.000,-2.053,-14.000,4.5549,2.0000,0.233,1.321,0.672,2.609,1.985,-0.122,0.0029,-0.465,nan,0.00,1,1,1,1,1,0.0000,0.416,0,0.145,1,0.814,0,0,yolo,121.4,yolo,0,0,0,0.000,0,-1,0
1785653583.984,4.409,-0.932,13.246,0.9969,0,5.555,0.715,2.053,0.2817,21.764,-0.780,-0.761,1.000,-2.053,-0.610,-1.0881,0.0000,0.233,0.233,0.672,2.609,1.985,-0.217,0.0029,-0.465,nan,0.00,1,1,1,0,1,0.0000,0.410,0,0.137,1,0.828,0,0,yolo,121.4,yolo,0,0,0,0.000,0,-1,0
1785653584.016,3.801,-0.838,13.060,0.9977,0,4.651,0.738,2.053,0.2813,21.764,-0.780,-0.761,1.000,-2.053,-0.850,-1.0612,-0.0246,0.259,0.259,0.648,2.618,1.957,-0.100,0.0030,-0.493,nan,0.00,1,1,1,0,1,0.0000,0.410,0,0.138,1,0.824,0,0,yolo,121.4,yolo,0,0,0,0.000,0,-1,0
1785653584.048,3.299,-0.744,12.847,0.9983,0,4.373,0.745,2.053,0.2807,21.764,-0.780,-0.761,1.000,-2.053,-1.074,-1.0362,-0.0542,0.285,0.285,0.618,2.625,1.928,0.001,0.0030,-0.522,nan,0.00,1,1,1,0,1,0.0000,0.410,0,0.138,1,0.824,0,0,yolo,121.4,yolo,0,0,0,0.000,0,-1,0
1785653584.079,3.299,-0.744,12.847,0.9983,0,5.873,0.843,2.612,0.2974,21.740,-0.992,-0.819,1.000,-2.612,-14.000,1.2715,0.4204,0.285,1.116,0.618,2.625,1.858,0.099,0.0031,-0.592,nan,0.00,1,1,1,1,1,0.0000,0.410,0,0.137,1,0.822,0,0,yolo,123.6,yolo,0,0,0,0.000,0,-1,0
1785653584.109,2.858,-0.659,12.667,0.9987,0,6.524,0.851,2.612,0.2846,21.740,-0.992,-0.819,1.000,-2.612,-3.667,-0.8122,-0.0314,0.304,0.304,0.587,2.632,1.833,0.192,0.0031,-0.617,nan,0.00,1,1,1,0,1,0.0000,0.410,0,0.137,1,0.822,0,0,yolo,123.6,yolo,0,0,0,0.000,0,-1,0
1785653584.141,2.086,-0.552,12.413,0.9993,0,5.890,0.833,2.612,0.2835,21.740,-0.992,-0.819,1.000,-2.612,-3.803,-0.7969,-0.0712,0.319,0.319,0.547,2.638,1.805,0.281,0.0032,-0.645,nan,0.00,1,1,1,0,1,0.0000,0.410,0,0.138,1,0.824,0,0,yolo,123.6,yolo,0,0,0,0.000,0,-1,0
1785653584.178,2.086,-0.552,12.413,0.9993,0,5.890,0.773,2.612,0.2836,21.740,-0.992,-0.819,1.000,-2.612,-3.803,-0.7969,-0.0712,0.319,0.319,0.547,2.638,1.805,0.221,0.0033,-0.645,nan,0.00,1,1,1,0,1,0.0000,0.410,0,0.138,1,0.824,2,0,yolo,123.6,yolo,0,0,0,0.000,0,-1,0
1785653584.205,1.417,-0.449,12.136,0.9997,0,7.390,0.908,2.956,0.3003,21.598,-1.115,-0.872,1.000,-2.956,-14.000,1.2962,0.8539,0.332,0.986,0.503,2.643,1.720,0.458,0.0033,-0.730,nan,0.00,1,1,1,1,1,0.0000,0.305,0,0.133,0,0.826,0,0,yolo,122.8,yolo,0,0,0,0.000,0,-1,0
1785653584.235,0.630,-0.351,11.872,0.9999,0,6.105,0.871,2.956,0.2878,21.598,-1.115,-0.872,1.000,-2.956,-5.475,-0.6498,-0.0497,0.336,0.336,0.453,2.647,1.698,0.520,0.0034,-0.752,nan,0.00,1,1,1,0,1,0.0000,0.305,0,0.133,0,0.826,0,0,yolo,122.8,yolo,0,0,0,0.000,0,-1,0
1785653584.267,0.630,-0.351,11.872,0.9999,0,6.105,0.826,2.956,0.2878,21.598,-1.115,-0.872,1.000,-2.956,-5.475,-0.6498,-0.0497,0.336,0.336,0.453,2.647,1.698,0.476,0.0035,-0.752,nan,0.00,1,1,1,0,1,0.0000,0.303,0,0.131,0,0.816,0,0,yolo,122.8,yolo,0,0,0,0.000,0,-1,0
1785653584.306,-0.020,-0.254,11.574,1.0000,0,5.476,0.802,2.956,0.2858,21.598,-1.115,-0.872,1.000,-2.956,-5.496,-0.6474,-0.1127,0.339,0.339,0.390,2.650,1.674,0.549,0.0036,-0.776,nan,0.00,1,1,1,0,1,0.0000,0.303,0,0.131,0,0.816,2,0,yolo,122.8,yolo,0,0,0,0.000,0,-1,0
1785653584.336,-0.621,-0.175,11.316,0.9999,0,6.976,0.840,3.050,0.3024,21.962,-1.170,-0.902,1.000,-3.050,-11.981,0.2701,0.3448,0.337,0.771,0.333,2.652,1.628,0.665,0.0036,-0.822,nan,0.00,1,1,1,1,1,0.0000,0.304,0,0.131,0,0.795,0,0,yolo,122.6,yolo,0,0,0,0.000,0,-1,0
1785653584.366,-1.302,-0.099,11.058,0.9997,0,5.476,0.799,3.050,0.2901,21.962,-1.170,-0.902,1.000,-3.050,-6.708,-0.4410,-0.0617,0.330,0.330,0.271,2.654,1.613,0.699,0.0037,-0.837,nan,0.00,1,1,1,0,1,0.0000,0.304,0,0.131,0,0.795,2,0,yolo,122.6,yolo,0,0,0,0.000,0,-1,0
1785653584.409,-1.837,-0.027,10.781,0.9995,0,4.794,0.764,3.050,0.2879,21.962,-1.170,-0.902,1.000,-3.050,-6.632,-0.4496,-0.1259,0.322,0.322,0.207,2.656,1.596,0.737,0.0038,-0.854,nan,0.00,1,1,1,0,1,0.0000,0.506,0,0.131,2,0.789,0,0,yolo,122.6,yolo,0,0,0,0.000,0,-1,0
1785653584.440,-2.368,0.046,10.478,0.9991,0,4.152,0.730,3.050,0.2857,21.962,-1.170,-0.902,1.000,-3.050,-6.520,-0.4621,-0.1904,0.309,0.309,0.143,2.658,1.579,0.776,0.0039,-0.871,nan,0.00,1,1,1,0,1,0.0000,0.302,0,0.128,0,0.776,0,0,yolo,122.6,yolo,0,0,0,0.000,0,-1,0
1785653584.471,-2.368,0.046,10.478,0.9991,0,4.726,0.933,2.936,0.3024,22.057,-1.131,-0.991,1.000,-2.936,-7.094,-0.4384,0.9084,0.309,0.501,0.143,2.658,1.489,0.979,0.0040,-0.961,nan,0.00,1,1,1,1,1,0.0000,0.302,0,0.128,0,0.776,0,0,yolo,122.0,yolo,0,0,0,0.000,0,-1,0
1785653584.502,-2.828,0.112,10.176,0.9988,0,4.622,0.910,2.936,0.2951,22.057,-1.131,-0.991,1.000,-2.936,-7.450,-0.2068,-0.0597,0.294,0.294,0.083,2.660,1.472,1.023,0.0041,-0.978,nan,0.00,1,1,1,0,1,0.0000,0.297,0,0.120,0,0.754,0,0,yolo,122.0,yolo,0,0,0,0.000,0,-1,0
1785653584.534,-3.315,0.192,9.904,0.9983,0,3.983,0.879,2.936,0.2933,22.057,-1.131,-0.991,1.000,-2.936,-7.297,-0.2239,-0.1178,0.277,0.277,0.025,2.661,1.452,1.072,0.0042,-0.998,nan,0.00,1,1,1,0,1,0.0000,0.297,0,0.120,0,0.754,0,0,yolo,122.0,yolo,0,0,0,0.000,0,-1,0
1785653584.567,-3.731,0.266,9.630,0.9979,0,3.389,0.850,2.936,0.2915,22.057,-1.131,-0.991,1.000,-2.936,-7.120,-0.2439,-0.1755,0.257,0.257,-0.033,2.661,1.432,1.117,0.0042,-1.018,nan,0.00,1,1,1,0,1,0.0000,0.296,0,0.118,0,0.755,0,0,yolo,122.0,yolo,0,0,0,0.000,0,-1,0
1785653584.598,-3.731,0.266,9.630,0.9979,0,3.389,0.838,2.936,0.2915,22.057,-1.131,-0.991,1.000,-2.936,-7.120,-0.2439,-0.1755,0.257,0.257,-0.033,2.661,1.432,1.104,0.0042,-1.018,nan,0.00,1,1,1,0,1,0.0000,0.296,0,0.118,0,0.755,0,0,yolo,122.0,yolo,0,0,0,0.000,0,-1,0
1785653584.628,-4.093,0.336,9.350,0.9974,0,2.832,0.814,2.936,0.2895,22.057,-1.131,-0.991,1.000,-2.936,-6.924,-0.2659,-0.2342,0.235,0.235,-0.092,2.662,1.412,1.150,0.0042,-1.038,nan,0.00,1,1,1,0,1,0.0000,0.210,0,0.150,1,0.829,0,0,yolo,122.0,yolo,0,0,0,0.000,0,-1,0
1785653584.659,-4.380,0.397,9.086,0.9971,0,2.349,0.793,2.936,0.2876,22.057,-1.131,-0.991,1.000,-2.936,-6.729,-0.2879,-0.2913,0.213,0.213,-0.149,2.662,1.395,1.190,0.0042,-1.055,nan,0.00,1,1,1,0,1,0.0000,0.210,0,0.150,1,0.829,0,0,yolo,122.0,yolo,0,0,0,0.000,0,-1,0
1785653584.690,-4.622,0.455,8.821,0.9967,0,1.684,1.041,2.253,0.3043,24.272,-0.955,-1.067,1.000,-2.253,-6.305,-0.0000,-0.0000,0.190,0.190,-0.208,2.662,1.271,1.497,0.0042,-1.179,nan,0.00,1,1,1,1,1,0.0000,0.524,0,0.149,2,0.837,0,0,yolo,120.3,yolo,0,0,0,0.000,0,-1,0
1785653584.722,-4.622,0.455,8.821,0.9967,0,1.684,1.036,2.253,0.3046,24.272,-0.955,-1.067,1.000,-2.253,-6.305,0.0000,0.0000,0.190,0.190,-0.208,2.662,1.271,1.491,0.0042,-1.179,nan,0.00,1,1,1,0,1,0.0000,0.524,0,0.149,2,0.837,0,0,yolo,120.3,yolo,0,0,0,0.000,0,-1,0
1785653584.754,-4.812,0.553,8.589,0.9964,0,1.245,1.030,2.253,0.3028,24.272,-0.955,-1.067,1.000,-2.253,-6.057,-0.0290,-0.0674,0.161,0.161,-0.275,2.663,1.233,1.583,0.0042,-1.217,nan,0.00,1,1,1,0,1,0.0000,0.519,0,0.144,2,0.836,0,0,yolo,120.3,yolo,0,0,0,0.000,0,-1,0
1785653584.785,-4.960,0.647,8.375,0.9962,0,0.830,1.013,2.253,0.3007,24.272,-0.955,-1.067,1.000,-2.253,-5.791,-0.0603,-0.1400,0.130,0.130,-0.347,2.662,1.200,1.660,0.0042,-1.254,nan,0.00,1,1,1,0,1,0.0000,0.519,0,0.144,2,0.836,0,0,yolo,120.3,yolo,0,0,0,0.000,0,-1,0
1785653584.816,-5.058,0.732,8.158,0.9960,0,0.488,0.918,2.253,0.2985,24.272,-0.955,-1.067,1.000,-2.253,-5.545,-0.0890,-0.2120,0.101,0.101,-0.420,2.662,1.200,1.650,0.0042,-1.288,nan,0.00,1,1,1,0,1,0.0000,0.516,0,0.141,2,0.837,0,0,yolo,120.3,yolo,0,0,0,0.000,0,-1,0
1785653584.847,-5.058,0.732,8.158,0.9960,0,0.488,0.919,2.253,0.2985,24.272,-0.955,-1.067,1.000,-2.253,-5.545,-0.0890,-0.2120,0.101,0.101,-0.420,2.662,1.200,1.652,0.0042,-1.288,nan,0.00,1,1,1,0,1,0.0000,0.516,0,0.141,2,0.837,0,0,yolo,120.3,yolo,0,0,0,0.000,0,-1,0
1785653584.878,-5.127,0.816,7.915,0.9959,0,0.139,0.822,2.253,0.2957,24.272,-0.955,-1.067,1.000,-2.253,-5.266,-0.1218,-0.2978,0.068,0.068,-0.505,2.661,1.200,1.638,0.0042,-1.323,nan,0.00,1,1,1,0,1,0.0000,0.410,0,0.137,1,0.830,0,0,yolo,120.3,yolo,0,0,0,0.000,0,-1,0
1785653584.919,-5.154,0.884,7.694,0.9958,0,-0.148,0.741,2.253,0.2928,24.272,-0.955,-1.067,1.000,-2.253,-5.005,-0.1523,-0.3805,0.038,0.038,-0.588,2.659,1.200,1.625,0.0042,-1.351,nan,0.00,1,1,1,0,1,0.0000,0.408,0,0.134,1,0.824,0,0,yolo,120.3,yolo,0,0,0,0.000,0,-1,0
1785653584.958,-5.151,0.941,7.485,0.9958,0,-0.390,0.675,2.253,0.2903,24.272,-0.955,-1.067,1.000,-2.253,-4.761,-0.1810,-0.4526,0.009,0.009,-0.660,2.658,1.200,1.616,0.0042,-1.375,nan,0.00,1,1,1,0,1,0.0000,0.407,0,0.134,1,0.814,0,0,yolo,120.3,yolo,0,0,0,0.000,0,-1,0
1785653584.989,-5.151,0.941,7.485,0.9958,0,-0.390,0.684,2.253,0.2903,24.272,-0.955,-1.067,1.000,-2.253,-4.761,-0.1810,-0.4526,0.009,0.009,-0.660,2.658,1.200,1.624,0.0042,-1.375,nan,0.00,1,1,1,0,1,0.0000,0.406,0,0.133,1,0.806,0,0,yolo,120.3,yolo,0,0,0,0.000,0,-1,0
1785653585.029,-5.119,0.997,7.250,0.9959,0,1.110,0.613,3.753,0.2736,7.717,-5.801,0.409,1.000,-25.000,-14.000,-0.0000,-0.0000,-0.023,-0.023,-0.731,2.657,1.200,1.610,0.0041,0.790,nan,0.00,1,1,1,1,1,0.0000,0.406,0,0.133,1,0.806,2,0,yolo,116.8,yolo,0,0,0,0.000,0,-1,0
1785653585.068,-5.231,1.038,6.943,0.9957,0,2.610,0.562,5.253,0.2570,7.717,-5.801,0.409,1.000,-25.000,-14.000,-0.0000,-0.0000,-0.049,-0.049,-0.778,2.655,1.200,1.600,0.0040,0.796,nan,0.00,1,1,1,1,1,0.0000,0.404,0,0.130,1,0.802,0,0,yolo,116.8,yolo,0,0,0,0.000,0,-1,0
1785653585.099,-5.499,1.048,6.470,0.9952,0,4.110,0.552,6.753,0.2445,7.717,-5.801,0.409,1.000,-25.000,-14.000,-0.0000,-0.0000,-0.062,-0.062,-0.771,2.654,1.200,1.600,0.0040,0.822,nan,0.00,1,1,1,1,1,0.0000,0.396,0,0.120,1,0.804,0,0,yolo,116.8,yolo,0,0,0,0.000,0,-1,0
1785653585.132,-5.888,1.041,5.892,0.9946,0,5.610,0.564,8.253,0.2433,7.717,-5.801,0.409,1.000,-25.000,-14.000,-0.0000,-0.0000,-0.070,-0.070,-0.732,2.654,1.200,1.605,0.0039,0.862,nan,0.00,1,1,1,1,1,0.0000,0.396,0,0.120,1,0.804,0,0,yolo,116.8,yolo,0,0,0,0.000,0,-1,0
1785653585.161,-6.230,1.031,5.384,0.9939,0,7.110,0.583,9.753,0.2267,7.818,-5.805,0.445,1.000,-25.000,-14.000,-0.0000,-0.5216,-0.078,0.162,-0.675,2.654,1.200,1.614,0.0038,0.931,nan,0.00,1,1,1,1,1,0.0000,0.395,0,0.118,1,0.804,0,0,yolo,120.2,yolo,0,0,0,0.000,0,-1,0
1785653585.194,-6.801,0.993,4.669,0.9928,0,7.199,0.634,11.253,0.2433,7.818,-5.805,0.445,1.000,-25.000,-14.000,-0.2398,0.0932,-0.077,-0.077,-0.582,2.654,1.200,1.628,0.0037,0.993,nan,0.00,1,1,1,0,1,0.0000,0.395,0,0.118,1,0.804,0,0,yolo,120.2,yolo,0,0,0,0.000,0,-1,0
1785653585.226,-6.801,0.993,4.669,0.9928,0,7.199,0.637,12.000,0.2437,7.818,-5.805,0.445,1.000,-25.000,-14.000,-0.2398,0.0932,-0.077,-0.077,-0.582,2.654,1.200,1.630,0.0036,0.993,nan,0.00,1,1,1,0,1,0.0000,0.395,0,0.119,1,0.807,0,0,yolo,120.2,yolo,0,0,0,0.000,0,-1,0
1785653585.256,-7.539,0.922,3.592,0.9912,0,6.461,0.728,12.000,0.2468,7.818,-5.805,0.445,1.000,-25.000,-14.000,-0.2379,0.2069,-0.075,-0.075,-0.468,2.656,1.200,1.650,0.0036,1.076,nan,0.00,1,1,1,0,1,0.0000,0.395,0,0.119,1,0.807,0,0,yolo,120.2,yolo,0,0,0,0.000,0,-1,0
1785653585.288,-8.240,0.835,2.378,0.9896,0,5.760,0.840,12.000,0.2301,7.827,-5.682,0.514,1.000,-25.000,-14.000,-0.0000,-1.3240,-0.078,-0.084,-0.362,2.658,1.200,1.675,0.0036,1.209,nan,0.00,1,1,1,1,1,0.0000,0.398,0,0.122,1,0.811,0,0,yolo,119.1,yolo,0,0,0,0.000,0,-1,0
1785653585.314,-8.240,0.835,2.378,0.9896,0,5.760,0.831,12.000,0.2338,7.827,-5.682,0.514,1.000,-25.000,-14.000,0.0056,0.0000,-0.078,-0.078,-0.362,2.658,1.200,1.666,0.0036,1.209,nan,0.00,1,1,1,0,1,0.0000,0.398,0,0.122,1,0.811,0,0,yolo,119.1,yolo,0,0,0,0.000,0,-1,0
1785653585.350,-8.848,0.750,1.224,0.9880,0,5.152,0.942,12.000,0.2366,7.827,-5.682,0.514,1.000,-25.000,-14.000,-0.0053,0.1008,-0.089,-0.089,-0.261,2.660,1.200,1.693,0.0036,1.279,nan,0.00,1,1,1,0,1,0.0000,0.398,0,0.122,1,0.801,0,0,yolo,119.1,yolo,0,0,0,0.000,0,-1,0
1785653585.381,-9.399,0.666,0.079,0.9865,0,4.601,1.058,12.000,0.2392,7.827,-5.682,0.514,1.000,-25.000,-14.000,-0.0219,0.1946,-0.106,-0.106,-0.167,2.664,1.200,1.724,0.0036,1.344,nan,0.00,1,1,1,0,1,0.0000,0.398,0,0.122,1,0.801,0,0,yolo,119.1,yolo,0,0,0,0.000,0,-1,0
1785653585.413,-9.902,0.582,-1.089,0.9851,0,4.098,1.180,12.000,0.2226,7.981,-5.612,0.558,1.000,-25.000,-14.000,-0.0000,-0.6746,-0.127,-0.174,-0.091,2.668,1.200,1.762,0.0036,1.434,nan,0.00,1,1,1,1,1,0.0000,0.399,0,0.124,1,0.802,0,0,yolo,116.6,yolo,0,0,0,0.000,0,-1,0
1785653585.445,-9.902,0.582,-1.089,0.9851,0,4.098,1.152,12.000,0.2280,7.981,-5.612,0.558,1.000,-25.000,-14.000,0.0467,0.0000,-0.127,-0.127,-0.091,2.668,1.200,1.734,0.0036,1.434,nan,0.00,1,1,1,0,1,0.0000,0.399,0,0.124,1,0.802,0,0,yolo,116.6,yolo,0,0,0,0.000,0,-1,0
1785653585.475,-10.341,0.501,-2.236,0.9837,0,3.659,1.283,12.000,0.2307,7.981,-5.612,0.558,1.000,-25.000,-14.000,0.0224,0.0871,-0.151,-0.151,-0.004,2.673,1.200,1.784,0.0036,1.487,nan,0.00,1,1,1,0,1,0.0000,0.278,0,0.088,1,0.839,0,0,yolo,116.6,yolo,0,0,0,0.000,0,-1,0
1785653585.512,-10.730,0.424,-3.361,0.9825,0,3.270,1.409,12.000,0.2194,8.229,-5.496,0.550,1.000,-25.000,-14.000,-0.0000,-0.1551,-0.178,-0.333,0.090,2.679,1.200,1.834,0.0036,1.502,nan,0.00,1,1,1,1,1,0.0000,0.278,0,0.088,1,0.839,2,0,yolo,119.5,yolo,0,0,0,0.000,0,-1,0
1785653585.554,-11.083,0.352,-4.503,0.9813,0,2.917,1.534,12.000,0.2300,8.229,-5.496,0.550,1.000,-25.000,-14.000,0.1248,0.0992,-0.208,-0.208,0.189,2.686,1.200,1.886,0.0036,1.545,nan,0.00,1,1,1,0,1,0.0000,0.264,0,0.066,1,0.831,0,0,yolo,119.5,yolo,0,0,0,0.000,0,-1,0
1785653585.585,-11.432,0.279,-5.766,0.9801,0,2.568,1.670,12.000,0.2341,8.229,-5.496,0.550,1.000,-25.000,-14.000,0.0892,0.2109,-0.243,-0.243,0.301,2.695,1.200,1.949,0.0036,1.588,nan,0.00,1,1,1,0,1,0.0000,0.342,0,0.053,2,0.821,0,0,yolo,119.5,yolo,0,0,0,0.000,0,-1,0
1785653585.616,-11.432,0.279,-5.766,0.9801,0,2.568,1.606,12.000,0.2341,8.229,-5.496,0.550,1.000,-25.000,-14.000,0.0892,0.2109,-0.243,-0.243,0.301,2.695,1.200,1.885,0.0036,1.588,nan,0.00,1,1,1,0,1,0.0000,0.342,0,0.053,2,0.821,0,0,yolo,119.5,yolo,0,0,0,0.000,0,-1,0
1785653585.663,-11.714,0.220,-6.915,0.9792,0,2.286,1.735,12.000,0.2507,8.383,-4.974,0.491,1.000,-25.000,-14.000,-0.0000,0.9723,-0.277,-0.317,0.405,2.703,1.200,1.955,0.0036,1.458,nan,0.00,1,1,1,1,1,0.0000,0.332,0,0.040,2,0.801,0,0,yolo,119.1,yolo,0,0,0,0.000,0,-1,0
1785653585.701,-12.024,0.141,-8.176,0.9781,0,1.976,1.894,12.000,0.2341,8.383,-4.974,0.491,1.000,-25.000,-14.000,0.0000,0.1037,-0.317,-0.317,0.509,2.714,1.200,2.035,0.0036,1.496,nan,0.00,1,1,1,0,1,0.0000,0.334,0,0.042,2,0.786,0,0,yolo,119.1,yolo,0,0,0,0.000,0,-1,0
1785653585.738,-12.257,0.092,-9.442,0.9772,0,1.743,2.014,12.000,0.2365,8.383,-4.974,0.491,1.000,-25.000,-14.000,-0.0407,0.2037,-0.358,-0.358,0.609,2.725,1.200,2.106,0.0036,1.522,nan,0.00,1,1,1,0,1,0.0000,0.334,0,0.042,2,0.786,0,0,yolo,119.1,yolo,0,0,0,0.000,0,-1,0
1785653585.770,-12.473,0.045,-10.694,0.9764,0,1.527,2.129,12.000,0.2399,8.383,-4.974,0.491,1.000,-25.000,-14.000,-0.0820,0.2907,-0.399,-0.399,0.696,2.737,1.200,2.174,0.0036,1.547,nan,0.00,1,1,1,0,1,0.0000,0.233,0,0.092,2,0.770,0,0,yolo,119.1,yolo,0,0,0,0.000,0,-1,0
1785653585.802,-12.473,0.045,-10.694,0.9764,0,1.527,2.029,12.000,0.2399,8.383,-4.974,0.491,1.000,-25.000,-14.000,-0.0820,0.2907,-0.399,-0.399,0.696,2.737,1.200,2.074,0.0036,1.547,nan,0.00,1,1,1,0,1,0.0000,0.467,0,0.092,2,0.770,0,0,yolo,119.1,yolo,0,0,0,0.000,0,-1,0
1785653585.833,-12.661,0.011,-11.982,0.9757,0,1.339,2.160,12.000,0.2433,8.383,-4.974,0.491,1.000,-25.000,-14.000,-0.1244,0.3733,-0.442,-0.442,0.778,2.749,1.200,2.170,0.0036,1.568,nan,0.00,1,1,1,0,1,0.0000,0.476,0,0.101,2,0.735,0,0,yolo,119.1,yolo,0,0,0,0.000,0,-1,0
1785653585.864,-12.814,-0.022,-13.180,0.9751,0,1.186,2.267,12.000,0.2599,8.383,-4.974,0.491,1.000,-25.000,-14.000,-0.1639,0.4465,-0.481,-0.481,0.852,2.761,1.200,2.244,0.0036,1.585,nan,0.00,1,1,1,0,1,0.0000,0.476,0,0.101,2,0.735,0,0,yolo,119.1,yolo,0,0,0,0.000,0,-1,0
1785653585.897,-12.814,-0.022,-13.180,0.9751,0,1.186,2.164,12.000,0.2744,10.066,-3.541,0.345,1.000,-19.383,-14.000,-0.0000,-0.0000,-0.481,-0.481,0.852,2.761,1.200,2.142,0.0036,1.126,nan,0.00,1,1,1,1,1,0.0000,0.481,0,0.106,2,0.723,0,0,yolo,122.2,yolo,0,0,0,0.000,0,-1,0
1785653585.933,-12.950,-0.044,-14.380,0.9746,0,1.050,2.283,12.000,0.2746,10.066,-3.541,0.345,1.000,-19.383,-14.000,-0.0395,0.0644,-0.521,-0.521,0.916,2.774,1.200,2.239,0.0036,1.138,nan,0.00,1,1,1,0,1,0.0000,0.481,0,0.106,2,0.723,0,0,yolo,122.2,yolo,0,0,0,0.000,0,-1,0
1785653585.972,-13.073,-0.067,-15.596,0.9741,0,0.927,3.067,12.000,0.2747,10.066,-3.541,0.345,1.000,-19.383,-14.000,-0.0794,0.1145,-0.561,-0.561,0.966,2.787,1.200,3.000,0.0036,1.149,nan,0.00,1,1,1,0,1,0.0000,0.643,0,0.161,2,0.681,0,0,yolo,122.2,yolo,0,0,0,0.000,0,-1,0
1785653586.009,-13.173,-0.008,-16.746,0.9737,0,0.827,3.008,12.000,0.2748,9.928,-3.316,0.376,1.000,-18.471,-14.000,-1.1855,0.1902,-0.597,-0.693,0.997,2.798,1.200,3.000,0.0036,1.124,nan,0.00,1,1,1,1,1,0.0000,0.643,0,0.161,2,0.681,2,0,yolo,115.7,yolo,0,0,0,0.000,0,-1,0
1785653586.051,-13.270,0.037,-17.967,0.9733,0,0.730,2.963,12.000,0.2749,9.928,-3.316,0.376,1.000,-18.471,-14.000,0.0576,0.0152,-0.636,-0.636,1.012,2.810,1.200,3.000,0.0036,1.121,nan,0.00,1,1,1,0,1,0.0000,0.404,0,0.130,1,0.642,0,0,yolo,115.7,yolo,0,0,0,0.000,0,-1,0
1785653586.082,-13.357,0.076,-19.186,0.9729,0,0.643,2.924,12.000,0.2750,9.928,-3.316,0.376,1.000,-18.471,-14.000,0.0202,0.0143,-0.673,-0.673,1.011,2.822,1.200,3.000,0.0036,1.119,nan,0.00,1,1,1,0,1,0.0000,0.547,0,0.172,1,0.634,0,0,yolo,115.7,yolo,0,0,0,0.000,0,-1,0
1785653586.114,-13.357,0.076,-19.186,0.9729,0,0.643,2.924,12.000,0.2750,9.928,-3.316,0.376,1.000,-18.471,-14.000,0.0202,0.0143,-0.673,-0.673,1.011,2.822,1.200,3.000,0.0036,1.119,nan,0.00,1,1,1,0,1,0.0000,0.657,0,0.173,2,0.635,0,0,yolo,115.7,yolo,0,0,0,0.000,0,-1,0
1785653586.145,-13.430,0.109,-20.334,0.9727,0,0.570,2.891,12.000,0.2751,9.919,-2.982,0.407,1.000,-16.735,-14.000,-3.0050,0.4950,-0.707,-0.466,1.000,2.834,1.219,3.000,0.0036,1.069,nan,0.00,1,1,1,1,1,0.0000,0.657,0,0.173,2,0.635,0,0,yolo,129.1,yolo,0,0,0,0.000,0,-1,0
1785653586.176,-13.498,0.139,-21.521,0.9724,0,0.502,2.861,12.000,0.2752,9.919,-2.982,0.407,1.000,-16.735,-14.000,-0.2753,-0.0158,-0.742,-0.742,0.984,2.846,1.219,3.000,0.0036,1.068,nan,0.00,1,1,1,0,1,0.0000,0.328,0,0.172,2,0.639,0,0,yolo,129.1,yolo,0,0,0,0.000,0,-1,0
1785653586.209,-13.552,0.162,-22.570,0.9722,0,0.448,2.838,12.000,0.2752,9.919,-2.982,0.407,1.000,-16.735,-14.000,-0.3047,-0.0313,-0.771,-0.771,0.968,2.858,1.219,3.000,0.0036,1.066,nan,0.00,1,1,1,0,1,0.0000,0.757,0,0.166,3,0.654,0,0,yolo,129.1,yolo,0,0,0,0.000,0,-1,0
1785653586.240,-13.603,0.183,-23.682,0.9719,0,-1.052,2.817,12.000,0.2914,9.991,-2.375,0.453,1.000,-13.371,1.746,-5.8666,0.9944,-0.801,-0.711,0.951,2.870,1.309,3.000,0.0035,0.967,nan,0.00,1,1,1,1,1,0.0000,0.757,0,0.166,3,0.654,0,0,yolo,121.7,yolo,0,0,0,0.000,0,-1,0
1785653586.272,-13.603,0.183,-23.682,0.9719,0,0.397,2.817,12.000,0.2751,9.991,-2.375,0.453,1.000,-13.371,-14.000,-0.0902,0.0000,-0.801,-0.801,0.951,2.870,1.309,3.000,0.0034,0.967,nan,0.00,1,1,1,0,1,0.0000,0.250,0,0.125,2,0.677,0,0,yolo,121.7,yolo,0,0,0,0.000,0,-1,0
1785653586.303,-13.505,0.205,-24.758,0.9723,0,0.495,2.795,12.000,0.2749,9.991,-2.375,0.453,1.000,-13.371,-14.000,-0.1150,-0.0220,-0.826,-0.826,0.929,2.883,1.312,3.000,0.0033,0.959,nan,0.00,1,1,1,0,1,0.0000,0.250,0,0.125,2,0.677,0,0,yolo,121.7,yolo,0,0,0,0.000,0,-1,0
1785653586.333,-13.477,0.225,-25.919,0.9725,0,0.523,2.775,12.000,0.2748,9.991,-2.375,0.453,1.000,-13.371,-14.000,-0.1413,-0.0497,-0.852,-0.852,0.901,2.897,1.314,3.000,0.0032,0.955,nan,0.00,1,1,1,0,1,0.0000,0.501,0,0.126,2,0.692,0,0,yolo,121.7,yolo,0,0,0,0.000,0,-1,0
1785653586.364,-13.477,0.225,-25.919,0.9725,0,-0.977,2.775,10.500,0.2914,10.294,-1.778,0.495,1.000,-9.798,14.000,-6.4184,0.9899,-0.852,-0.830,0.901,2.897,1.470,3.000,0.0031,0.856,nan,0.00,1,1,1,1,1,0.0000,0.501,0,0.126,2,0.692,0,0,yolo,119.9,yolo,0,0,0,0.000,0,-1,0
1785653586.396,-13.540,0.244,-27.120,0.9722,0,0.460,2.756,9.798,0.2748,10.294,-1.778,0.495,1.000,-9.798,-14.000,-0.0487,-0.0261,-0.878,-0.878,0.875,2.911,1.471,3.000,0.0030,0.854,nan,0.00,1,1,1,0,1,0.0000,0.253,0,0.131,2,0.731,0,0,yolo,119.9,yolo,0,0,0,0.000,0,-1,0
1785653586.427,-13.598,0.316,-28.156,0.9720,0,0.402,2.684,9.798,0.2746,10.294,-1.778,0.495,1.000,-9.798,-14.000,-0.0876,-0.0520,-0.917,-0.917,0.849,2.923,1.478,3.000,0.0029,0.843,nan,0.00,1,1,1,0,1,0.0000,0.253,0,0.131,2,0.731,0,0,yolo,119.9,yolo,0,0,0,0.000,0,-1,0
1785653586.465,-13.645,0.382,-29.053,0.9718,0,0.355,2.618,9.798,0.2746,10.294,-1.778,0.495,1.000,-9.798,-14.000,-0.1237,-0.0702,-0.953,-0.953,0.831,2.934,1.486,3.000,0.0029,0.832,nan,0.00,1,1,1,0,1,0.0000,0.253,0,0.131,2,0.745,0,0,yolo,119.9,yolo,0,0,0,0.000,0,-1,0
1785653586.505,-13.694,0.432,-30.116,0.9715,0,-1.145,2.568,8.298,0.2913,10.602,-1.016,0.539,1.000,-5.473,14.000,-6.0022,1.1119,-0.989,-1.032,0.815,2.946,1.766,3.000,0.0028,0.684,nan,0.00,1,1,1,1,1,0.0000,0.506,0,0.131,2,0.745,0,0,yolo,118.3,yolo,0,0,0,0.000,0,-1,0
1785653586.536,-13.694,0.432,-30.116,0.9715,0,-2.645,2.568,6.798,0.2746,10.602,-1.016,0.539,1.000,-5.473,-5.924,0.0436,0.0000,-0.989,-0.989,0.815,2.946,1.766,3.000,0.0027,0.684,nan,0.00,1,1,1,0,1,0.0000,0.513,0,0.138,2,0.790,0,0,yolo,118.3,yolo,0,0,0,0.000,0,-1,0
1785653586.568,-13.343,0.568,-30.890,0.9730,0,-4.145,2.432,5.473,0.2579,10.602,-1.016,0.539,1.000,-5.473,-5.301,-0.0040,-0.0185,-1.036,-1.036,0.796,2.953,1.796,3.000,0.0027,0.654,nan,0.00,1,1,1,0,1,0.0000,0.513,0,0.138,2,0.790,0,0,yolo,118.3,yolo,0,0,0,0.000,0,-1,0
1785653586.606,-12.888,0.722,-31.437,0.9747,0,-5.645,2.278,5.473,0.2534,10.602,-1.016,0.539,1.000,-5.473,-4.699,-0.0500,-0.0237,-1.082,-1.082,0.791,2.956,1.832,3.000,0.0026,0.618,nan,0.00,1,1,1,0,1,0.0000,0.513,0,0.138,2,0.800,0,0,yolo,118.3,yolo,0,0,0,0.000,0,-1,0
1785653586.646,-12.276,0.853,-32.021,0.9770,0,-7.145,2.147,3.973,0.2701,11.071,-0.176,0.489,1.000,-0.909,14.000,-6.6153,2.0000,-1.116,-1.516,0.801,2.959,2.100,3.000,0.0026,0.350,nan,0.00,1,1,1,1,1,0.0000,0.513,0,0.138,2,0.800,0,0,yolo,130.2,yolo,0,0,0,0.000,0,-1,0
1785653586.676,-12.276,0.853,-32.021,0.9770,0,-8.645,2.147,2.473,0.2728,11.071,-0.176,0.489,1.000,-0.909,4.391,0.3998,0.0000,-1.116,-1.116,0.801,2.959,2.100,3.000,0.0025,0.350,nan,0.00,1,1,1,0,1,0.0000,0.258,0,0.055,1,0.748,0,0,yolo,130.2,yolo,0,0,0,0.000,0,-1,0
1785653586.706,-11.525,0.994,-32.463,0.9797,0,-10.145,2.006,0.973,0.2720,11.071,-0.176,0.489,1.000,-0.909,4.757,0.3711,0.0125,-1.145,-1.145,0.814,2.958,2.128,3.000,0.0025,0.322,nan,0.00,1,1,1,0,1,0.0000,0.085,0,0.051,0,0.752,0,0,yolo,130.2,yolo,0,0,0,0.000,0,-1,0
1785653586.737,-10.493,1.169,-32.601,0.9831,0,-11.645,1.831,-0.527,0.2887,11.462,0.757,0.505,1.000,3.777,14.000,-7.0295,1.4737,-1.173,-2.163,0.826,2.952,2.200,3.000,0.0025,0.125,nan,0.00,1,1,1,1,1,0.0000,0.085,0,0.051,0,0.752,0,0,yolo,122.6,yolo,0,0,0,0.000,0,-1,0
1785653586.769,-9.383,1.358,-32.551,0.9863,0,-13.145,1.642,-2.027,0.2720,11.462,0.757,0.505,1.000,3.777,13.504,0.9657,0.0076,-1.197,-1.197,0.834,2.941,2.200,3.000,0.0025,0.104,nan,0.00,1,1,1,0,1,0.0000,0.085,0,0.048,0,0.749,0,0,yolo,122.6,yolo,0,0,0,0.000,0,-1,0
1785653586.800,-9.383,1.358,-32.551,0.9863,0,-14.645,1.642,-3.527,0.2701,11.462,0.757,0.505,1.000,3.777,13.504,0.9657,0.0076,-1.197,-1.197,0.834,2.941,2.200,3.000,0.0025,0.104,nan,0.00,1,1,1,0,1,0.0000,0.085,0,0.048,0,0.749,0,0,yolo,122.6,yolo,0,0,0,0.000,0,-1,0
1785653586.832,-8.037,1.553,-32.387,0.9898,0,-16.145,1.447,-3.777,0.2692,11.462,0.757,0.505,1.000,3.777,13.718,0.9485,-0.0003,-1.215,-1.215,0.826,2.926,2.200,3.000,0.0024,0.084,nan,0.00,1,1,1,0,1,0.0000,0.200,0,0.125,1,0.820,0,0,yolo,122.6,yolo,0,0,0,0.000,0,-1,0
1785653586.863,-6.498,1.724,-32.102,0.9931,0,-17.645,1.276,-5.277,0.2683,11.483,1.589,0.701,1.000,7.877,14.000,-6.1638,-0.6555,-1.221,-2.555,0.807,2.908,2.044,3.000,0.0024,0.171,nan,0.00,1,1,1,1,1,0.0000,0.200,0,0.125,1,0.820,0,0,yolo,128.5,yolo,0,0,0,0.000,0,-1,0
1785653586.894,-4.824,1.887,-31.663,0.9959,0,-18.824,1.113,-6.777,0.2611,11.483,1.589,0.701,1.000,7.877,14.000,1.3346,-0.0182,-1.220,-1.220,0.789,2.887,2.044,3.000,0.0024,0.187,nan,0.00,1,1,1,0,1,0.0000,0.249,0,0.123,2,0.808,0,0,yolo,128.5,yolo,0,0,0,0.000,0,-1,0
1785653586.924,-4.824,1.887,-31.663,0.9959,0,-18.824,1.113,-7.877,0.2610,11.483,1.589,0.701,1.000,7.877,14.000,1.3346,-0.0182,-1.220,-1.220,0.789,2.887,2.044,3.000,0.0024,0.187,nan,0.00,1,1,1,0,1,0.0000,0.249,0,0.123,2,0.808,0,0,yolo,128.5,yolo,0,0,0,0.000,0,-1,0
1785653586.961,-2.697,2.056,-30.966,0.9982,0,-17.324,0.944,-7.877,0.2590,11.483,1.589,0.701,1.000,7.877,14.000,1.3480,-0.0306,-1.207,-1.207,0.777,2.857,2.044,3.000,0.0024,0.213,nan,0.00,1,1,1,0,1,0.0000,0.247,0,0.118,2,0.772,0,0,yolo,128.5,yolo,0,0,0,0.000,0,-1,0
1785653587.001,-0.736,2.187,-30.149,0.9992,0,-15.824,0.813,-9.377,0.2424,11.503,2.376,0.832,1.000,11.673,14.000,-5.7158,-1.1143,-1.183,-2.722,0.780,2.824,1.668,3.000,0.0023,0.362,nan,0.00,1,1,1,1,1,0.0000,0.493,0,0.118,2,0.772,0,0,yolo,126.0,yolo,0,0,0,0.000,0,-1,0
1785653587.033,1.005,2.271,-29.217,0.9991,0,-14.324,0.729,-10.877,0.2590,11.503,2.376,0.832,1.000,11.673,14.000,1.5669,0.0295,-1.155,-1.155,0.810,2.789,1.639,3.000,0.0023,0.417,nan,0.00,1,1,1,0,1,0.0000,0.487,0,0.112,2,0.752,0,0,yolo,126.0,yolo,0,0,0,0.000,0,-1,0
1785653587.066,2.693,2.317,-28.056,0.9981,0,-12.824,-0.771,-11.673,0.2668,11.503,2.376,0.832,1.000,11.673,14.000,1.6015,0.0659,-1.120,-1.120,0.846,2.750,1.608,-0.198,0.0022,0.477,nan,0.00,1,1,1,0,1,0.0000,0.497,0,0.122,2,0.737,0,0,yolo,126.0,yolo,0,0,0,0.000,0,-1,0
1785653587.097,2.693,2.317,-28.056,0.9981,0,-11.324,-2.199,-11.673,0.2667,11.503,2.376,0.832,1.000,11.673,14.000,1.6015,0.0659,-1.120,-1.120,0.846,2.750,1.608,0.118,0.0022,0.477,nan,0.00,1,1,1,0,1,0.0000,0.506,0,0.131,2,0.725,0,0,yolo,126.0,yolo,0,0,0,0.000,0,-1,0
1785653587.130,4.119,1.940,-26.759,0.9968,0,-9.881,-1.401,-12.000,0.2670,11.484,3.006,0.863,1.000,14.669,14.000,-4.5029,-1.5758,-1.080,-2.617,0.886,2.717,1.356,0.539,0.0021,0.687,nan,0.00,1,1,1,1,1,0.0000,0.506,0,0.131,2,0.725,0,0,yolo,118.4,yolo,0,0,0,0.000,0,-1,0
1785653587.162,5.277,1.717,-25.566,0.9953,0,-8.723,-1.225,-12.000,0.2673,11.484,3.006,0.863,1.000,14.669,14.000,1.5789,0.0305,-1.038,-1.038,0.917,2.689,1.327,0.492,0.0021,0.791,nan,0.00,1,1,1,0,1,0.0000,0.516,0,0.141,2,0.706,0,0,yolo,118.4,yolo,0,0,0,0.000,0,-1,0
1785653587.200,5.277,1.717,-25.566,0.9953,0,-8.723,-0.951,-12.000,0.2672,11.484,3.006,0.863,1.000,14.669,14.000,1.5789,0.0305,-1.038,-1.038,0.917,2.689,1.327,0.766,0.0020,0.791,nan,0.00,1,1,1,0,1,0.0000,0.525,0,0.150,2,0.688,0,0,yolo,118.4,yolo,0,0,0,0.000,0,-1,0
1785653587.241,6.335,1.463,-24.343,0.9936,0,-7.665,-0.635,-12.000,0.2676,11.749,3.529,0.750,1.000,16.718,14.000,-3.1525,-0.3269,-0.989,-2.422,0.942,2.664,1.244,0.829,0.0019,0.835,nan,0.00,1,1,1,1,1,0.0000,0.691,0,0.201,2,0.667,0,0,yolo,126.6,yolo,0,0,0,0.000,0,-1,0
1785653587.279,7.257,1.251,-23.290,0.9918,0,-6.743,-0.433,-12.000,0.2680,11.749,3.529,0.750,1.000,16.718,14.000,1.4802,0.0039,-0.942,-0.942,0.945,2.645,1.234,0.818,0.0018,0.933,nan,0.00,1,1,1,0,1,0.0000,0.697,0,0.205,2,0.650,0,0,yolo,126.6,yolo,0,0,0,0.000,0,-1,0
1785653587.319,7.974,1.072,-22.230,0.9902,0,-6.026,-0.247,-12.000,0.2684,11.749,3.529,0.750,1.000,16.718,14.000,1.5266,0.0039,-0.896,-0.896,0.945,2.628,1.225,0.825,0.0018,1.013,nan,0.00,1,1,1,0,1,0.0000,0.685,0,0.196,2,0.611,0,0,yolo,126.6,yolo,0,0,0,0.000,0,-1,0
1785653587.351,8.678,0.877,-21.064,0.9884,0,-5.322,-0.043,-12.000,0.2689,11.749,3.529,0.750,1.000,16.718,14.000,1.5792,0.0028,-0.843,-0.843,0.944,2.611,1.217,0.835,0.0018,1.094,nan,0.00,1,1,1,0,1,0.0000,0.685,0,0.196,2,0.611,0,0,yolo,126.6,yolo,0,0,0,0.000,0,-1,0
1785653587.383,9.250,0.707,-20.001,0.9869,0,-4.750,0.150,-12.000,0.2856,11.946,3.724,0.458,1.000,17.315,14.000,-0.9331,1.4329,-0.794,-1.870,0.943,2.599,1.220,0.857,0.0017,0.903,nan,0.00,1,1,1,1,1,0.0000,0.672,0,0.185,2,0.584,0,0,yolo,130.8,yolo,0,0,0,0.000,0,-1,0
1785653587.412,9.250,0.707,-20.001,0.9869,0,-4.750,0.327,-12.000,0.2691,11.946,3.724,0.458,1.000,17.315,14.000,1.0758,0.0000,-0.794,-0.794,0.943,2.599,1.220,1.034,0.0016,0.903,nan,0.00,1,1,1,0,1,0.0000,0.511,0,0.136,2,0.555,0,0,yolo,130.8,yolo,0,0,0,0.000,0,-1,0
1785653587.447,9.841,0.538,-18.757,0.9852,0,-4.159,0.465,-12.000,0.2695,11.946,3.724,0.458,1.000,17.315,14.000,1.1337,-0.0020,-0.736,-0.736,0.941,2.586,1.216,1.003,0.0015,0.975,nan,0.00,1,1,1,0,1,0.0000,0.251,0,0.044,1,0.522,0,0,yolo,130.8,yolo,0,0,0,0.000,0,-1,0
1785653587.478,10.371,0.365,-17.479,0.9836,0,-3.629,0.645,-12.000,0.2699,11.946,3.724,0.458,1.000,17.315,14.000,1.1941,-0.0041,-0.676,-0.676,0.939,2.577,1.212,1.010,0.0015,1.045,nan,0.00,1,1,1,0,1,0.0000,0.251,0,0.044,1,0.522,0,0,yolo,130.8,yolo,0,0,0,0.000,0,-1,0
1785653587.509,10.371,0.365,-17.479,0.9836,0,-3.629,0.696,-12.000,0.2866,12.258,3.761,0.151,1.000,17.056,14.000,0.4152,2.0000,-0.676,-1.350,0.939,2.577,1.240,1.061,0.0014,0.748,nan,0.00,1,1,1,1,1,0.0000,0.085,0,0.051,0,0.518,0,0,yolo,120.7,yolo,0,0,0,0.000,0,-1,0
1785653587.539,10.807,0.212,-16.271,0.9823,0,-3.193,0.859,-12.000,0.2702,12.258,3.761,0.151,1.000,17.056,14.000,0.7312,-0.0024,-0.619,-0.619,0.937,2.570,1.235,1.071,0.0014,0.808,nan,0.00,1,1,1,0,1,0.0000,0.085,0,0.051,0,0.518,0,0,yolo,120.7,yolo,0,0,0,0.000,0,-1,0
1785653587.571,11.254,0.045,-15.021,0.9808,0,-2.746,1.073,-12.000,0.2705,12.258,3.761,0.151,1.000,17.056,14.000,0.7909,-0.0053,-0.559,-0.559,0.934,2.567,1.230,1.117,0.0013,0.873,nan,0.00,1,1,1,0,1,0.0000,0.170,0,0.050,0,0.512,0,0,yolo,120.7,yolo,0,0,0,0.000,0,-1,0
1785653587.604,11.254,0.045,-15.021,0.9808,0,-2.746,0.970,-12.000,0.2871,12.779,3.721,-0.134,1.000,16.235,14.000,1.8314,2.0000,-0.559,-0.894,0.934,2.567,1.298,1.015,0.0012,0.585,nan,0.00,1,1,1,1,1,0.0000,0.393,0,0.117,1,0.521,0,0,yolo,116.0,yolo,0,0,0,0.000,0,-1,0
1785653587.653,11.580,-0.080,-13.807,0.9796,0,-2.420,1.144,-12.000,0.2707,12.779,3.721,-0.134,1.000,16.235,14.000,0.3897,-0.0032,-0.504,-0.504,0.931,2.566,1.291,1.065,0.0012,0.634,nan,0.00,1,1,1,0,1,0.0000,0.393,0,0.117,1,0.521,1,0,yolo,116.0,yolo,0,0,0,0.000,0,-1,0
1785653587.687,11.924,-0.232,-12.541,0.9784,0,-2.076,1.380,-12.000,0.2709,12.779,3.721,-0.134,1.000,16.235,14.000,0.4487,-0.0127,-0.445,-0.445,0.921,2.568,1.282,1.148,0.0011,0.690,nan,0.00,1,1,1,0,1,0.0000,0.263,0,0.063,1,0.523,1,0,yolo,116.0,yolo,0,0,0,0.000,0,-1,0
1785653587.713,12.171,-0.337,-11.257,0.9775,0,-1.829,1.567,-12.000,0.2711,12.779,3.721,-0.134,1.000,16.235,14.000,0.5066,-0.0207,-0.387,-0.387,0.913,2.571,1.277,1.230,0.0010,0.729,nan,0.00,1,1,1,0,1,0.0000,0.262,0,0.061,1,0.510,0,0,yolo,116.0,yolo,0,0,0,0.000,0,-1,0
1785653587.746,12.171,-0.337,-11.257,0.9775,0,-1.829,1.217,-12.000,0.2878,13.202,3.512,-0.419,1.000,14.897,14.000,2.3132,2.0000,-0.387,-0.376,0.913,2.571,1.418,0.879,0.0010,0.409,nan,0.00,1,1,1,1,1,0.0000,0.261,0,0.060,1,0.502,0,0,yolo,118.9,yolo,0,0,0,0.000,0,-1,0
1785653587.779,5.668,-5.012,-13.365,0.9913,0,-3.329,2.717,-12.000,0.2711,13.202,3.512,-0.419,1.000,14.897,14.000,-0.0359,-0.1627,-0.411,-0.411,0.750,2.866,1.243,5.242,0.0010,1.084,nan,0.00,1,1,1,0,1,0.0000,0.341,0,0.051,2,0.496,0,0,yolo,118.9,yolo,0,0,0,0.000,0,-1,0
1785653587.810,6.285,-5.063,-13.331,0.9901,0,-4.829,4.217,-12.000,0.2544,13.202,3.512,-0.419,1.000,14.897,14.000,-0.0113,-0.4454,-0.387,-0.387,0.468,3.096,1.230,6.000,0.0010,1.133,nan,0.00,1,1,1,0,1,0.0000,0.341,0,0.051,2,0.496,0,0,yolo,118.9,yolo,0,0,0,0.000,0,-1,0
1785653587.850,6.285,-5.063,-13.331,0.9901,0,-6.329,5.717,-12.000,0.2711,11.981,2.847,-0.374,1.000,13.367,13.451,3.1979,1.3593,-0.387,0.582,0.468,3.096,1.297,5.795,0.0009,0.998,nan,0.00,1,1,1,1,1,0.0000,0.335,0,0.044,2,0.488,0,0,yolo,126.9,yolo,0,0,0,0.000,0,-1,0
1785653587.889,6.144,-4.813,-11.493,0.9908,0,-7.829,7.217,-12.000,0.2544,11.981,2.847,-0.374,1.000,13.367,14.000,-1.0142,-0.4503,-0.432,-0.432,0.017,3.526,1.320,6.000,0.0008,0.938,nan,0.00,1,1,1,0,1,0.0000,0.250,0,0.042,1,0.426,0,0,yolo,126.9,yolo,0,0,0,0.000,0,-1,0
1785653587.916,6.144,-4.813,-11.493,0.9908,0,-7.856,8.717,-12.000,0.2378,11.981,2.847,-0.374,1.000,13.367,14.000,-1.0142,-0.4503,-0.432,-0.432,0.017,3.526,1.320,6.000,0.0007,0.938,nan,0.00,1,1,1,0,1,0.0000,0.250,0,0.042,1,0.426,0,0,yolo,126.9,yolo,0,0,0,0.000,0,-1,0
1785653587.955,5.975,-4.659,-11.497,0.9913,0,-8.025,10.217,-12.000,0.2211,11.981,2.847,-0.374,1.000,13.367,14.000,-0.9818,-0.6869,-0.400,-0.400,-0.219,3.780,1.336,6.000,0.0006,0.898,nan,0.00,1,1,1,0,0,0.0000,0.000,0,0.000,0,0.000,1,0,yolo,126.9,yolo,0,0,0,0.000,0,-1,0
1785653587.987,5.988,-4.223,-11.428,0.9918,0,-8.012,10.223,-12.000,0.2378,11.922,3.440,-0.685,1.000,16.096,14.000,-4.2582,2.0000,-0.325,-0.288,-0.306,3.887,1.310,6.000,0.0005,0.556,nan,0.00,1,1,1,1,0,0.0000,0.000,0,0.000,0,0.000,0,0,yolo,139.0,yolo,0,0,0,0.000,0,-1,0
1785653588.035,6.502,-3.421,-11.090,0.9918,0,-7.498,9.421,-12.000,0.2544,11.922,3.440,-0.685,1.000,16.096,14.000,0.0195,0.0184,-0.269,-0.269,-0.288,3.979,1.332,6.000,0.0005,0.420,nan,0.00,1,1,1,0,0,0.0000,0.000,0,0.000,0,0.000,0,0,yolo,139.0,yolo,0,0,0,0.000,0,-1,0
1785653588.066,6.502,-3.421,-11.090,0.9918,0,-7.498,9.421,-12.000,0.2548,11.922,3.440,-0.685,1.000,16.096,14.000,0.0195,0.0184,-0.269,-0.269,-0.288,3.979,1.332,6.000,0.0005,0.420,nan,0.00,1,1,1,0,0,0.0000,0.000,0,0.000,0,0.000,0,0,yolo,139.0,yolo,0,0,0,0.000,0,-1,1
1785653588.091,7.708,-2.117,-9.985,0.9903,0,-6.292,8.117,-12.000,0.2599,11.922,3.440,-0.685,1.000,16.096,14.000,0.0354,-0.0088,-0.253,-0.253,-0.315,4.068,1.359,6.000,0.0004,0.223,nan,0.00,1,1,1,0,0,0.0000,0.000,0,0.000,0,0.000,0,0,yolo,139.0,yolo,0,0,0,0.000,0,-1,0
1785653588.124,9.150,-0.769,-8.334,0.9872,0,-4.792,6.769,-12.000,0.2765,12.738,2.946,-0.878,1.000,13.024,11.311,5.1228,2.0000,-0.266,-0.687,-0.339,4.131,1.615,6.000,0.0005,-0.228,nan,0.00,1,1,1,1,0,0.0000,0.000,0,0.000,0,0.000,0,0,yolo,119.0,yolo,0,0,0,0.000,0,-1,0
1785653588.152,9.150,-0.769,-8.334,0.9872,0,-4.850,6.769,-12.000,0.2748,12.738,2.946,-0.878,1.000,13.024,14.000,0.4209,0.0000,-0.266,-0.266,-0.339,4.131,1.615,6.000,0.0005,-0.228,nan,0.00,1,1,1,0,0,0.0000,0.000,0,0.000,0,0.000,0,0,yolo,119.0,yolo,0,0,0,0.000,0,-1,0
1785653588.181,10.129,0.156,-6.859,0.9844,0,-3.871,5.844,-12.000,0.2795,12.738,2.946,-0.878,1.000,13.024,14.000,0.4244,-0.0190,-0.262,-0.262,-0.358,4.167,1.560,6.000,0.0005,-0.381,nan,0.00,1,1,1,0,1,0.0000,0.249,0,0.039,1,0.477,0,0,yolo,119.0,yolo,0,0,0,0.000,0,-1,0
1785653588.213,10.997,0.961,-5.474,0.9815,0,-3.003,5.039,-12.000,0.2834,12.738,2.946,-0.878,1.000,13.024,14.000,0.4399,-0.0399,-0.247,-0.247,-0.379,4.182,1.505,6.000,0.0006,-0.514,nan,0.00,1,1,1,0,1,0.0000,0.249,0,0.039,1,0.477,0,0,yolo,119.0,yolo,0,0,0,0.000,0,-1,0
1785653588.244,10.997,0.961,-5.474,0.9815,0,-3.003,5.039,-11.135,0.3001,12.942,2.547,-0.892,1.000,11.135,14.000,3.2003,0.6969,-0.247,-0.866,-0.379,4.182,1.568,6.000,0.0006,-0.607,nan,0.00,1,1,1,1,1,0.0000,0.329,0,0.036,2,0.552,0,0,yolo,120.2,yolo,0,0,0,0.000,0,-1,0
1785653588.276,11.685,1.554,-4.093,0.9789,0,-2.315,4.446,-11.135,0.2914,12.942,2.547,-0.892,1.000,11.135,14.000,0.6291,-0.0165,-0.237,-0.237,-0.396,4.177,1.510,6.000,0.0007,-0.708,nan,0.00,1,1,1,0,1,0.0000,0.329,0,0.036,2,0.552,0,0,yolo,120.2,yolo,0,0,0,0.000,0,-1,0
1785653588.306,12.275,2.065,-2.767,0.9765,0,-1.725,3.935,-11.135,0.2940,12.942,2.547,-0.892,1.000,11.135,14.000,0.6489,-0.0347,-0.217,-0.217,-0.414,4.160,1.460,6.000,0.0008,-0.796,nan,0.00,1,1,1,0,1,0.0000,0.247,0,0.036,1,0.585,0,0,yolo,120.2,yolo,0,0,0,0.000,0,-1,0
1785653588.337,12.275,2.065,-2.767,0.9765,0,-1.725,3.935,-11.135,0.2941,12.942,2.547,-0.892,1.000,11.135,14.000,0.6489,-0.0347,-0.217,-0.217,-0.414,4.160,1.460,6.000,0.0009,-0.796,nan,0.00,1,1,1,0,1,0.0000,0.247,0,0.036,1,0.585,0,0,yolo,120.2,yolo,0,0,0,0.000,0,-1,0
1785653588.383,12.736,2.449,-1.534,0.9745,0,-0.225,3.551,-9.635,0.2824,13.530,2.166,-0.675,1.000,9.097,10.726,3.6097,-0.2779,-0.194,-0.981,-0.446,4.141,1.564,6.000,0.0009,-0.759,nan,0.00,1,1,1,1,1,0.0000,0.338,0,0.048,2,0.663,0,0,yolo,126.9,yolo,0,0,0,0.000,0,-1,0
1785653588.415,13.149,2.771,-0.353,0.9726,0,-0.851,3.229,-9.097,0.2958,13.530,2.166,-0.675,1.000,9.097,14.000,0.8093,-0.0405,-0.172,-0.172,-0.487,4.122,1.520,6.000,0.0010,-0.819,nan,0.00,1,1,1,0,1,0.0000,0.335,0,0.043,2,0.691,0,0,yolo,126.9,yolo,0,0,0,0.000,0,-1,0
1785653588.446,13.430,3.030,0.626,0.9713,0,-0.570,2.970,-9.097,0.2956,13.530,2.166,-0.675,1.000,9.097,14.000,0.8484,-0.0898,-0.133,-0.133,-0.536,4.103,1.483,6.000,0.0011,-0.869,nan,0.00,1,1,1,0,1,0.0000,0.335,0,0.043,2,0.691,0,0,yolo,126.9,yolo,0,0,0,0.000,0,-1,0
1785653588.478,13.645,3.236,1.457,0.9702,0,-0.355,2.764,-9.097,0.2949,13.530,2.166,-0.675,1.000,9.097,14.000,0.8886,-0.1399,-0.093,-0.093,-0.586,4.086,1.453,6.000,0.0012,-0.909,nan,0.00,1,1,1,0,1,0.0000,0.332,0,0.040,2,0.721,0,0,yolo,126.9,yolo,0,0,0,0.000,0,-1,0
1785653588.509,13.645,3.236,1.457,0.9702,0,1.145,2.764,-7.597,0.2783,13.612,1.465,-0.377,1.000,6.142,-7.813,5.2652,-0.9000,-0.093,-0.507,-0.586,4.086,1.656,6.000,0.0013,-0.789,nan,0.00,1,1,1,1,1,0.0000,0.372,0,0.090,1,0.749,0,0,yolo,130.7,yolo,0,0,0,0.000,0,-1,0
1785653588.535,13.821,3.387,2.296,0.9694,0,0.362,2.613,-6.142,0.2949,13.612,1.465,-0.377,1.000,6.142,13.459,0.4503,-0.0502,-0.057,-0.057,-0.636,4.071,1.625,6.000,0.0014,-0.820,nan,0.00,1,1,1,0,1,0.0000,0.372,0,0.090,1,0.749,0,0,yolo,130.7,yolo,0,0,0,0.000,0,-1,0
1785653588.562,13.906,3.573,2.959,0.9688,0,1.068,2.427,-6.142,0.2959,13.612,1.465,-0.377,1.000,6.142,12.838,0.5055,-0.1037,-0.002,-0.002,-0.690,4.054,1.584,6.000,0.0014,-0.862,nan,0.00,1,1,1,0,1,0.0000,0.372,0,0.090,1,0.749,2,0,yolo,130.7,yolo,0,0,0,0.000,0,-1,0
1785653588.604,13.901,3.763,3.519,0.9686,0,1.805,2.237,-6.142,0.2948,13.612,1.465,-0.377,1.000,6.142,12.096,0.5715,-0.1593,0.064,0.064,-0.745,4.038,1.539,6.000,0.0015,-0.907,nan,0.00,1,1,1,0,1,0.0000,0.342,0,0.053,2,0.800,0,0,yolo,130.7,yolo,0,0,0,0.000,0,-1,0
1785653588.635,13.901,3.763,3.519,0.9686,0,3.305,2.237,-4.642,0.2782,13.264,0.954,-0.055,1.000,4.114,-14.000,7.0402,-2.0000,0.064,0.440,-0.745,4.038,1.755,6.000,0.0016,-0.695,nan,0.00,1,1,1,1,1,0.0000,0.342,0,0.053,2,0.800,0,0,yolo,125.8,yolo,0,0,0,0.000,0,-1,0
1785653588.675,13.816,3.903,4.153,0.9688,0,2.751,2.097,-4.114,0.2943,13.264,0.954,-0.055,1.000,4.114,11.065,-0.3157,-0.0546,0.124,0.124,-0.800,4.021,1.721,6.000,0.0017,-0.729,nan,0.00,1,1,1,0,1,0.0000,0.342,0,0.053,2,0.816,1,0,yolo,125.8,yolo,0,0,0,0.000,0,-1,0
1785653588.714,13.599,4.045,4.678,0.9695,0,3.225,1.955,-4.114,0.2935,13.264,0.954,-0.055,1.000,4.114,10.374,-0.2554,-0.0927,0.184,0.184,-0.838,4.006,1.684,6.000,0.0017,-0.766,nan,0.00,1,1,1,0,1,0.0000,0.342,0,0.053,2,0.843,0,0,yolo,125.8,yolo,0,0,0,0.000,0,-1,0
1785653588.743,13.414,4.203,5.050,0.9701,0,4.725,1.797,-2.614,0.2768,14.143,0.368,0.456,1.000,1.489,-14.000,3.8875,-1.5382,0.252,0.622,-0.860,3.991,1.941,6.000,0.0018,-0.509,nan,0.00,1,1,1,1,1,0.0000,0.335,0,0.044,2,0.862,0,0,yolo,122.5,yolo,0,0,0,0.000,0,-1,0
1785653588.775,12.980,4.357,5.338,0.9716,0,6.225,1.643,-1.489,0.2901,14.143,0.368,0.456,1.000,1.489,3.174,-0.2914,-0.0102,0.330,0.330,-0.870,3.974,1.901,6.000,0.0019,-0.549,nan,0.00,1,1,1,0,1,0.0000,0.335,0,0.044,2,0.862,0,0,yolo,122.5,yolo,0,0,0,0.000,0,-1,0
1785653588.806,12.385,4.520,5.505,0.9737,0,7.725,1.480,-1.489,0.2905,14.143,0.368,0.456,1.000,1.489,2.258,-0.2087,-0.0173,0.413,0.413,-0.877,3.955,1.858,6.000,0.0019,-0.592,nan,0.00,1,1,1,0,1,0.0000,0.329,0,0.037,2,0.866,0,0,yolo,122.5,yolo,0,0,0,0.000,0,-1,0
1785653588.837,12.385,4.520,5.505,0.9737,0,9.225,1.480,-1.489,0.2906,14.143,0.368,0.456,1.000,1.489,2.258,-0.2087,-0.0173,0.413,0.413,-0.877,3.955,1.858,6.000,0.0020,-0.592,nan,0.00,1,1,1,0,1,0.0000,0.328,0,0.035,2,0.875,0,0,yolo,122.5,yolo,0,0,0,0.000,0,-1,0
1785653588.873,11.667,4.663,5.644,0.9761,0,10.725,1.337,0.011,0.2739,14.969,-0.274,0.940,1.000,-1.047,-14.000,6.6270,-2.0000,0.489,1.400,-0.894,3.937,2.096,6.000,0.0020,-0.354,nan,0.00,1,1,1,1,1,0.0000,0.328,0,0.035,2,0.875,0,0,yolo,117.8,yolo,0,0,0,0.000,0,-1,0
1785653588.900,10.804,4.799,5.807,0.9788,0,12.225,1.201,1.047,0.2822,14.969,-0.274,0.940,1.000,-1.047,-1.612,-0.8417,-0.0293,0.558,0.558,-0.923,3.919,2.067,6.000,0.0020,-0.383,nan,0.00,1,1,1,0,1,0.0000,0.326,0,0.033,2,0.883,0,0,yolo,117.8,yolo,0,0,0,0.000,0,-1,0
1785653588.933,9.542,4.943,5.757,0.9825,0,12.032,1.057,1.047,0.2809,14.969,-0.274,0.940,1.000,-1.047,-2.491,-0.7599,-0.0550,0.640,0.640,-0.949,3.897,2.039,6.000,0.0021,-0.411,nan,0.00,1,1,1,0,1,0.0000,0.246,0,0.035,1,0.899,0,0,yolo,117.8,yolo,0,0,0,0.000,0,-1,0
1785653588.968,9.542,4.943,5.757,0.9825,0,13.532,1.057,2.547,0.2642,15.622,-0.814,1.328,1.000,-2.982,-14.000,3.9568,-1.7673,0.640,1.671,-0.949,3.897,2.200,6.000,0.0021,-0.175,nan,0.00,1,1,1,1,0,0.0000,0.000,0,0.000,0,0.000,0,0,yolo,115.6,yolo,0,0,0,0.000,0,-1,0
1785653589.014,7.043,5.225,5.454,0.9883,0,14.363,0.775,2.982,0.2737,15.622,-0.814,1.328,1.000,-2.982,-7.320,-0.8862,-0.0423,0.784,0.784,-0.991,3.851,2.200,6.000,0.0021,-0.209,nan,0.00,1,1,1,0,0,0.0000,0.000,0,0.000,0,0.000,0,0,yolo,115.6,yolo,0,0,0,0.000,0,-1,0
1785653589.047,7.043,5.225,5.454,0.9883,0,14.363,0.775,2.982,0.2737,15.622,-0.814,1.328,1.000,-2.982,-7.320,-0.8862,-0.0423,0.784,0.784,-0.991,3.851,2.200,6.000,0.0021,-0.209,nan,0.00,1,1,1,0,0,0.0000,0.000,0,0.000,0,0.000,0,0,yolo,115.6,yolo,0,0,0,0.000,0,-1,0
1785653589.091,4.333,5.441,4.945,0.9926,0,15.863,0.559,4.482,0.2571,16.614,-1.366,1.729,1.000,-4.702,-14.000,3.7394,-1.8552,0.899,1.956,-0.991,3.802,2.200,6.000,0.0021,0.038,nan,0.00,1,1,1,1,0,0.0000,0.000,0,0.000,0,0.000,2,0,yolo,126.8,yolo,0,0,0,0.000,0,-1,0
1785653589.134,2.728,5.522,4.580,0.9942,0,14.363,0.478,4.702,0.2668,16.614,-1.366,1.729,1.000,-4.702,-11.592,-1.0057,0.0173,0.950,0.950,-0.974,3.774,2.200,6.000,0.0021,0.056,nan,0.00,1,1,1,0,0,0.0000,0.000,0,0.000,0,0.000,0,0,yolo,126.8,yolo,0,0,0,0.000,0,-1,0
1785653589.170,1.221,5.597,4.115,0.9950,0,13.253,0.403,4.702,0.2672,16.614,-1.366,1.729,1.000,-4.702,-12.031,-0.9623,0.0407,0.994,0.994,-0.950,3.743,2.200,6.000,0.0021,0.071,nan,0.00,1,1,1,0,0,0.0000,0.000,0,0.000,0,0.000,0,0,yolo,126.8,yolo,0,0,0,0.000,0,0,0
1785653589.197,1.221,5.597,4.115,0.9950,0,13.253,0.403,4.702,0.2672,16.614,-1.366,1.729,1.000,-4.702,-12.031,-0.9623,0.0407,0.994,0.994,-0.950,3.743,2.200,6.000,0.0021,0.071,nan,0.00,1,1,1,0,0,0.0000,0.000,0,0.000,0,0.000,0,0,yolo,126.8,yolo,0,0,0,0.000,0,0,0
1785653589.236,-0.099,5.648,3.701,0.9951,0,13.901,0.352,5.973,0.2505,16.925,-1.771,2.017,1.000,-5.973,-14.000,3.7561,-2.0000,1.021,2.100,-0.937,3.714,2.105,6.000,0.0021,0.345,nan,0.00,1,1,1,1,0,0.0000,0.000,0,0.000,0,0.000,0,0,yolo,111.9,yolo,0,0,0,0.000,0,0,0
1785653589.284,-1.455,5.688,3.294,0.9948,0,12.545,0.312,5.973,0.2568,16.925,-1.771,2.017,1.000,-5.973,-14.000,-1.0621,0.0128,1.038,1.038,-0.924,3.686,2.076,6.000,0.0021,0.374,nan,0.00,1,1,1,0,0,0.0000,0.000,0,0.000,0,0.000,0,0,yolo,111.9,yolo,0,0,-1,0.014,1,0,0
1785653589.328,-2.875,5.704,2.789,0.9938,0,11.125,0.296,6.880,0.2401,17.091,-2.062,2.200,1.000,-6.880,-14.000,2.7049,-2.0000,1.050,2.004,-0.896,3.656,1.812,6.000,0.0020,0.590,nan,0.00,1,1,1,1,0,0.0000,0.000,0,0.000,0,0.000,0,0,yolo,123.7,yolo,0,0,-1,0.031,1,0,0
1785653589.373,-4.153,5.707,2.231,0.9924,0,9.847,0.293,6.880,0.2500,17.091,-2.062,2.200,1.000,-6.880,-14.000,-0.9497,0.0258,1.055,1.055,-0.871,3.626,1.773,6.000,0.0019,0.632,nan,0.00,1,1,1,0,0,0.0000,0.000,0,0.000,0,0.000,0,0,yolo,123.7,yolo,0,0,-1,0.051,1,0,0
1785653589.406,-5.435,5.685,1.557,0.9906,0,8.565,0.315,6.880,0.2511,17.091,-2.062,2.200,1.000,-6.880,-14.000,-0.9533,0.0737,1.051,1.051,-0.823,3.593,1.728,6.000,0.0019,0.680,nan,0.00,1,1,1,0,0,0.0000,0.000,0,0.000,0,0.000,1,0,yolo,123.7,yolo,0,0,-1,0.071,1,0,0
1785653589.431,-6.524,5.652,0.907,0.9887,0,7.476,0.348,6.880,0.2527,17.091,-2.062,2.200,1.000,-6.880,-14.000,-0.9652,0.1281,1.039,1.039,-0.768,3.562,1.687,6.000,0.0018,0.725,nan,0.00,1,1,1,0,0,0.0000,0.000,0,0.000,0,0.000,0,0,yolo,123.7,yolo,0,0,-1,0.089,1,0,0
1785653589.467,-7.428,5.614,0.264,0.9869,0,6.572,0.386,7.406,0.2360,17.285,-2.247,2.316,1.000,-7.406,-14.000,1.1894,-1.1941,1.019,1.698,-0.706,3.533,1.523,6.000,0.0017,0.884,nan,0.00,1,1,1,1,0,0.0000,0.000,0,0.000,0,0.000,0,0,yolo,132.2,yolo,0,0,-1,0.123,1,0,0
1785653589.515,-8.235,5.559,-0.458,0.9850,0,5.765,0.441,7.406,0.2446,17.285,-2.247,2.316,1.000,-7.406,-14.000,-0.7053,0.0696,0.993,0.993,-0.637,3.503,1.485,6.000,0.0016,0.927,nan,0.00,1,1,1,0,0,0.0000,0.000,0,0.000,0,0.000,0,0,yolo,132.2,yolo,0,0,-1,0.128,1,0,0
1785653589.564,-8.964,5.499,-1.199,0.9832,0,5.036,0.501,7.406,0.2464,17.285,-2.247,2.316,1.000,-7.406,-14.000,-0.7364,0.1305,0.962,0.962,-0.576,3.475,1.448,6.000,0.0015,0.969,nan,0.00,1,1,1,0,0,0.0000,0.000,0,0.000,0,0.000,0,0,yolo,132.2,yolo,0,0,-1,0.151,1,0,0
1785653589.607,-9.581,5.441,-1.892,0.9816,0,4.419,0.559,7.715,0.2298,17.636,-2.389,2.386,1.000,-7.715,-14.000,0.5715,-0.5762,0.927,1.382,-0.518,3.450,1.358,6.000,0.0015,1.065,nan,0.00,1,1,1,1,0,0.0000,0.000,0,0.000,0,0.000,1,0,yolo,126.7,yolo,0,0,-1,0.186,1,0,0
1785653589.653,-10.164,5.372,-2.658,0.9800,0,3.836,0.628,7.715,0.2406,17.636,-2.389,2.386,1.000,-7.715,-14.000,-0.4959,0.0773,0.886,0.886,-0.440,3.425,1.323,6.000,0.0015,1.107,nan,0.00,1,1,1,0,0,0.0000,0.000,0,0.000,0,0.000,2,0,yolo,126.7,yolo,0,0,-1,0.206,1,2,0
1785653589.682,-10.682,5.301,-3.430,0.9785,0,3.318,0.699,7.715,0.2436,17.636,-2.389,2.386,1.000,-7.715,-14.000,-0.5392,0.1597,0.843,0.843,-0.358,3.402,1.289,6.000,0.0015,1.146,nan,0.00,1,1,1,0,0,0.0000,0.000,0,0.000,0,0.000,0,0,yolo,126.7,yolo,0,0,-1,0.259,1,0,0
1785653589.714,-10.682,5.301,-3.430,0.9785,0,3.318,0.699,7.602,0.2269,18.098,-2.415,2.461,1.000,-7.602,-14.000,-0.3587,-0.3546,0.843,1.080,-0.358,3.402,1.260,6.000,0.0015,1.181,nan,0.00,1,1,1,1,0,0.0000,0.000,0,0.000,0,0.000,0,0,yolo,117.3,yolo,0,0,-1,0.289,1,0,0
1785653589.747,-11.112,5.238,-4.143,0.9772,0,2.888,0.762,7.602,0.2376,18.098,-2.415,2.461,1.000,-7.602,-14.000,-0.2804,0.0688,0.799,0.799,-0.289,3.382,1.230,6.000,0.0015,1.216,nan,0.00,1,1,1,0,0,0.0000,0.000,0,0.000,0,0.000,1,0,yolo,117.3,yolo,0,0,-1,0.314,1,1,0
1785653589.794,-11.543,5.170,-4.941,0.9758,0,2.457,0.830,7.602,0.2405,18.098,-2.415,2.461,1.000,-7.602,-14.000,-0.3338,0.1495,0.746,0.746,-0.208,3.362,1.200,6.000,0.0015,1.251,nan,0.00,1,1,1,0,0,0.0000,0.000,0,0.000,0,0.000,0,0,yolo,117.3,yolo,0,0,-1,0.331,1,0,0
1785653589.824,-11.933,5.101,-5.757,0.9745,0,2.067,0.899,7.602,0.2437,18.098,-2.415,2.461,1.000,-7.602,-14.000,-0.3912,0.2341,0.688,0.688,-0.124,3.344,1.200,6.000,0.0015,1.286,nan,0.00,1,1,1,0,0,0.0000,0.000,0,0.000,0,0.000,1,0,yolo,117.3,yolo,0,0,-1,0.354,1,1,0
1785653589.851,-11.933,5.101,-5.757,0.9745,0,1.939,0.899,6.909,0.2444,18.696,-2.265,2.515,1.000,-6.909,-13.871,-1.6961,0.2302,0.688,0.628,-0.124,3.344,1.200,6.000,0.0015,1.255,nan,0.00,1,1,1,1,0,0.0000,0.000,0,0.000,0,0.000,0,0,yolo,140.7,yolo,0,0,-1,0.374,1,0,0
1785653589.887,-12.212,5.048,-6.425,0.9736,0,1.788,0.952,6.909,0.2359,18.696,-2.265,2.515,1.000,-6.909,-14.000,0.0123,0.0575,0.641,0.641,-0.066,3.332,1.200,6.000,0.0015,1.281,nan,0.00,1,1,1,0,0,0.0000,0.000,0,0.000,0,0.000,0,0,yolo,140.7,yolo,0,0,-1,0.374,1,0,0
1785653589.936,-12.528,4.983,-7.194,0.9725,0,1.472,1.017,6.909,0.2383,18.696,-2.265,2.515,1.000,-6.909,-14.000,-0.0456,0.1241,0.583,0.583,0.000,3.319,1.200,6.000,0.0015,1.312,nan,0.00,1,1,1,0,0,0.0000,0.000,0,0.000,0,0.000,0,0,yolo,140.7,yolo,0,0,-1,0.345,1,0,0
1785653589.984,-12.806,4.937,-7.881,0.9715,0,1.194,1.063,6.909,0.2412,18.696,-2.265,2.515,1.000,-6.909,-14.000,-0.1101,0.1961,0.518,0.518,0.072,3.309,1.200,6.000,0.0015,1.335,nan,0.00,1,1,1,0,0,0.0000,0.000,0,0.000,0,0.000,0,0,yolo,140.7,yolo,0,0,-1,0.310,1,0,0
1785653590.028,-13.025,4.895,-8.527,0.9707,0,0.975,1.105,6.909,0.2438,18.696,-2.265,2.515,1.000,-6.909,-14.000,-0.1691,0.2628,0.459,0.459,0.139,3.301,1.200,6.000,0.0015,1.355,nan,0.00,1,1,1,0,0,0.0000,0.000,0,0.000,0,0.000,0,0,yolo,140.7,yolo,0,0,-1,0.286,1,0,0
1785653590.061,-13.244,4.850,-9.278,0.9699,0,0.756,1.150,6.909,0.2470,18.696,-2.265,2.515,1.000,-6.909,-14.000,-0.2395,0.3415,0.389,0.389,0.218,3.293,1.200,6.000,0.0015,1.376,nan,0.00,1,1,1,0,0,0.0000,0.000,0,0.000,0,0.000,0,0,yolo,140.7,yolo,0,0,-1,0.277,1,0,0
1785653590.111,-13.403,4.815,-10.002,0.9693,0,-0.744,1.185,5.409,0.2390,19.975,-0.773,2.708,1.000,-2.217,-8.107,-0.0000,-0.0000,0.321,0.321,0.292,3.288,1.323,6.000,0.0015,1.127,nan,0.00,1,1,1,1,0,0.0000,0.000,0,0.000,0,0.000,0,0,yolo,120.8,yolo,0,0,-1,0.208,1,0,0
1785653590.148,-13.364,4.820,-10.600,0.9695,0,-2.244,1.180,3.909,0.2425,19.975,-0.773,2.708,1.000,-2.217,-7.373,-0.0790,0.0752,0.242,0.242,0.367,3.284,1.325,6.000,0.0015,1.125,nan,0.00,1,1,1,0,0,0.0000,0.000,0,0.000,0,0.000,0,0,yolo,120.8,yolo,0,0,-1,0.208,1,0,0
1785653590.185,-13.232,4.846,-11.117,0.9700,0,-3.744,1.154,2.409,0.2460,19.975,-0.773,2.708,1.000,-2.217,-6.543,-0.1612,0.1462,0.160,0.160,0.438,3.283,1.334,6.000,0.0015,1.116,nan,0.00,1,1,1,0,0,0.0000,0.000,0,0.000,0,0.000,0,0,yolo,120.8,yolo,0,0,-1,0.196,0,0,0
1785653590.232,-13.229,4.846,-11.122,0.9700,0,-5.244,1.154,2.217,0.2461,19.975,-0.773,2.708,1.000,-2.217,-6.466,-0.1624,0.1472,0.158,0.158,0.439,3.283,1.335,6.000,0.0015,1.115,nan,0.00,1,1,1,0,0,0.0000,0.000,0,0.000,0,0.000,0,0,yolo,120.8,yolo,0,0,-1,0.184,0,0,0
1785653590.277,-12.825,4.923,-11.385,0.9715,0,-6.744,1.077,1.409,0.2620,20.044,-0.493,2.729,1.000,-1.409,3.142,-1.6957,0.4502,0.074,0.193,0.501,3.283,1.410,6.000,0.0015,1.040,nan,0.00,1,1,1,1,0,0.0000,0.000,0,0.000,0,0.000,0,0,yolo,143.5,yolo,0,0,-1,0.173,0,0,0
1785653590.303,-11.823,5.048,-11.572,0.9750,0,-8.244,0.952,1.409,0.2454,20.044,-0.493,2.729,1.000,-1.409,-3.272,-0.2152,0.0683,-0.022,-0.022,0.569,3.284,1.452,6.000,0.0014,0.998,nan,0.00,1,1,1,0,0,0.0000,0.000,0,0.000,0,0.000,0,0,yolo,143.5,yolo,0,0,-1,0.161,0,0,0
1785653590.339,-11.823,5.048,-11.572,0.9750,0,-8.617,0.952,1.409,0.2446,20.044,-0.493,2.729,1.000,-1.409,-3.206,-0.2152,0.0683,-0.022,-0.022,0.569,3.284,1.452,6.000,0.0013,0.998,nan,0.00,1,1,1,0,0,0.0000,0.000,0,0.000,0,0.000,0,0,yolo,143.5,yolo,0,0,-1,0.150,0,0,0
1785653590.386,-10.873,5.130,-11.741,0.9781,0,-10.117,0.870,0.527,0.2466,20.771,-0.191,2.870,1.000,-0.527,14.000,-3.1988,0.1230,-0.086,-0.224,0.621,3.285,1.464,6.000,0.0012,0.986,nan,0.00,1,1,1,1,0,0.0000,0.000,0,0.000,0,0.000,0,0,yolo,119.0,yolo,0,0,-1,0.138,0,0,0
1785653590.427,-8.821,5.295,-11.978,0.9840,0,-8.617,0.705,0.527,0.2452,20.771,-0.191,2.870,1.000,-0.527,-1.514,0.0463,0.0932,-0.178,-0.178,0.714,3.287,1.514,6.000,0.0011,0.936,nan,0.00,1,1,1,0,0,0.0000,0.000,0,0.000,0,0.000,0,0,yolo,119.0,yolo,0,0,-1,0.127,0,0,0
1785653590.466,-8.821,5.295,-11.978,0.9840,0,-7.372,0.705,0.527,0.2451,20.771,-0.191,2.870,1.000,-0.527,-1.450,0.0463,0.0932,-0.178,-0.178,0.714,3.287,1.514,6.000,0.0010,0.936,nan,0.00,1,1,1,0,0,0.0000,0.000,0,0.000,0,0.000,0,0,yolo,119.0,yolo,0,0,-1,0.115,0,0,0
1785653590.513,-7.742,5.380,-12.032,0.9865,0,-8.872,0.620,-0.552,0.2493,21.067,0.203,2.954,1.000,0.552,14.000,-2.9734,0.1866,-0.210,-0.616,0.756,3.287,1.538,6.000,0.0009,0.912,nan,0.00,1,1,1,1,0,0.0000,0.000,0,0.000,0,0.000,0,0,yolo,119.5,yolo,0,0,-1,0.104,0,0,0
1785653590.562,-7.010,5.448,-12.088,0.9880,0,-7.372,0.552,-0.552,0.2660,21.067,0.203,2.954,1.000,0.552,-0.019,0.3755,0.0442,-0.241,-0.241,0.801,3.289,1.556,6.000,0.0008,0.894,nan,0.00,1,1,1,0,0,0.0000,0.000,0,0.000,0,0.000,0,0,yolo,119.5,yolo,0,0,-1,0.092,0,0,0
1785653590.614,-5.972,5.522,-12.049,0.9900,0,-8.872,0.478,-1.550,0.2674,21.634,0.586,3.067,1.000,1.550,14.000,-3.7716,0.0020,-0.267,-1.014,0.843,3.291,1.556,6.000,0.0008,0.894,nan,0.00,1,1,1,1,0,0.0000,0.000,0,0.000,0,0.000,0,0,yolo,121.4,yolo,0,0,-1,0.081,0,0,1
1785653590.657,-1.320,-2.371,-12.051,0.9989,0,-7.372,1.978,-1.550,0.2508,21.634,0.586,3.067,1.000,1.550,-0.926,0.9434,-0.1613,-0.071,-0.071,0.682,3.621,1.200,6.000,0.0008,3.945,nan,0.00,1,1,1,0,0,0.0000,0.000,0,0.000,0,0.000,0,0,yolo,121.4,yolo,0,0,-1,0.069,0,0,1
1785653590.707,-1.331,0.622,-11.982,0.9997,0,-5.872,3.478,-1.550,0.2341,21.634,0.586,3.067,1.000,1.550,-1.628,1.0285,-0.3699,0.014,0.014,0.473,3.765,1.200,6.000,0.0008,2.817,nan,0.00,1,1,1,0,0,0.0000,0.000,0,0.000,0,0.000,0,0,yolo,121.4,yolo,0,0,-1,0.058,0,0,1
1785653590.738,-0.499,0.319,-11.667,0.9999,0,-7.372,4.978,-2.470,0.2174,21.924,0.946,3.113,1.000,2.470,14.000,-2.6392,-1.2399,0.109,-0.868,0.292,3.957,1.200,6.000,0.0008,2.983,nan,0.00,1,1,1,1,1,0.0000,0.323,0,0.028,2,0.715,0,0,yolo,126.5,yolo,0,0,-1,0.046,0,0,0
1785653590.778,-0.940,-1.195,-11.679,0.9996,0,-5.872,6.478,-2.470,0.2008,21.924,0.946,3.113,1.000,2.470,-0.086,1.0633,-0.1883,0.195,0.195,0.103,4.195,1.200,6.000,0.0008,3.554,nan,0.00,1,1,1,0,1,0.0000,0.323,0,0.028,2,0.715,0,0,yolo,126.5,yolo,0,0,-1,0.035,0,0,0
1785653590.812,-0.937,-1.798,-11.671,0.9994,0,-4.372,7.798,-2.470,0.1869,21.924,0.946,3.113,1.000,2.470,-0.896,1.1610,-0.3994,0.293,0.293,-0.108,4.488,1.200,6.000,0.0008,3.784,nan,0.00,1,1,1,0,0,0.0000,0.000,0,0.000,0,0.000,0,0,yolo,126.5,yolo,0,0,-1,0.023,0,0,0
1785653590.845,-0.937,-1.798,-11.671,0.9994,0,-5.872,7.798,-3.970,0.2036,20.119,1.432,2.208,1.000,4.072,14.000,-5.6271,2.0000,0.293,-1.110,-0.108,4.488,1.200,6.000,0.0008,2.815,nan,0.00,1,1,1,1,0,0.0000,0.000,0,0.000,0,0.000,2,0,yolo,120.6,yolo,0,0,-1,0.012,0,2,0
1785653590.885,-0.932,-1.866,-11.672,0.9993,0,-4.372,7.866,-4.072,0.2047,20.119,1.432,2.208,1.000,4.072,1.880,1.4073,-0.0034,0.297,0.297,-0.111,4.665,1.200,6.000,0.0008,2.838,nan,0.00,1,1,1,0,1,0.0000,0.321,0,0.026,2,0.689,0,0,yolo,120.6,yolo,0,0,0,0.000,0,0,0
1785653590.916,-0.929,-1.077,-11.686,0.9997,0,-2.872,7.077,-4.072,0.2056,20.119,1.432,2.208,1.000,4.072,1.796,1.4163,0.0163,0.307,0.307,-0.091,4.854,1.200,6.000,0.0008,2.562,nan,0.00,1,1,1,0,1,0.0000,0.321,0,0.026,2,0.689,0,0,yolo,120.6,yolo,0,0,0,0.000,0,0,0
1785653590.953,-0.926,-0.122,-11.702,0.9999,0,-2.560,6.122,-4.072,0.2042,20.119,1.432,2.208,1.000,4.072,1.634,1.4339,-0.0119,0.324,0.324,-0.120,5.052,1.200,6.000,0.0008,2.228,nan,0.00,1,1,1,0,1,0.0000,0.325,0,0.031,2,0.654,0,0,yolo,120.6,yolo,0,0,0,0.000,0,-1,0
1785653590.994,-0.925,0.582,-11.714,0.9998,0,-4.060,5.418,-5.200,0.2209,19.268,1.753,1.738,1.000,5.200,14.000,-2.8436,2.0000,0.359,-0.956,-0.130,5.212,1.200,6.000,0.0008,1.513,nan,0.00,1,1,1,1,1,0.0000,0.325,0,0.031,2,0.654,0,0,yolo,118.2,yolo,0,0,0,0.000,0,-1,0
1785653591.026,-0.793,1.313,-11.712,0.9996,0,-5.266,4.687,-5.200,0.2264,19.268,1.753,1.738,1.000,5.200,4.473,1.3535,-0.0061,0.397,0.397,-0.136,5.337,1.200,6.000,0.0008,1.271,nan,0.00,1,1,1,0,1,0.0000,0.320,0,0.025,2,0.673,0,0,yolo,118.2,yolo,0,0,0,0.000,0,-1,0
1785653591.057,-0.793,1.313,-11.712,0.9996,0,-5.266,4.687,-5.200,0.2264,19.268,1.753,1.738,1.000,5.200,4.473,1.3535,-0.0061,0.397,0.397,-0.136,5.337,1.200,6.000,0.0008,1.271,nan,0.00,1,1,1,0,1,0.0000,0.320,0,0.025,2,0.673,0,0,yolo,118.2,yolo,0,0,0,0.000,0,-1,0
1785653591.089,-0.255,2.044,-11.530,0.9994,0,-6.766,3.956,-5.634,0.2431,21.715,2.142,1.200,1.000,5.634,14.000,-2.4698,2.0000,0.426,-1.323,-0.144,5.431,2.035,6.000,0.0007,0.415,nan,0.00,1,1,1,1,1,0.0000,0.319,0,0.024,2,0.710,0,0,yolo,119.6,yolo,0,0,0,0.000,0,-1,0
1785653591.120,0.704,2.845,-11.102,0.9987,0,-5.266,3.155,-5.634,0.2598,21.715,2.142,1.200,1.000,5.634,3.541,1.7632,-0.0049,0.441,0.441,-0.149,5.503,2.200,6.000,0.0007,0.147,nan,0.00,1,1,1,0,1,0.0000,0.319,0,0.024,2,0.710,0,0,yolo,119.6,yolo,0,0,0,0.000,0,-1,0
1785653591.156,0.704,2.845,-11.102,0.9987,0,-3.766,3.155,-5.634,0.2604,21.715,2.142,1.200,1.000,5.634,3.541,1.7632,-0.0049,0.441,0.441,-0.149,5.503,2.200,6.000,0.0007,0.147,nan,0.00,1,1,1,0,0,0.0000,0.000,0,0.000,0,0.000,0,0,yolo,119.6,yolo,0,0,0,0.000,0,-1,0
1785653591.182,1.868,3.865,-10.446,0.9972,0,-2.266,2.135,-5.634,0.2708,21.715,2.142,1.200,1.000,5.634,3.497,1.7682,-0.0131,0.445,0.445,-0.157,5.557,2.200,6.000,0.0007,-0.198,nan,0.00,1,1,1,0,0,0.0000,0.000,0,0.000,0,0.000,0,0,yolo,119.6,yolo,0,0,0,0.000,0,-1,0
1785653591.219,2.967,4.791,-9.800,0.9952,0,-3.766,1.209,-5.906,0.2875,23.196,2.400,1.096,1.000,5.906,14.000,-0.6603,2.0000,0.454,-0.970,-0.167,5.584,1.727,6.000,0.0008,-0.723,nan,0.00,1,1,1,1,0,0.0000,0.000,0,0.000,0,0.000,0,0,yolo,122.2,yolo,0,0,0,0.000,0,-1,0
1785653591.260,2.991,4.808,-9.786,0.9951,0,-2.992,1.192,-5.906,0.2881,23.196,2.400,1.096,1.000,5.906,5.983,1.4234,-0.0002,0.454,0.454,-0.167,5.585,1.721,6.000,0.0008,-0.729,nan,0.00,1,1,1,0,1,0.0000,0.325,0,0.032,2,0.817,0,0,yolo,122.2,yolo,0,0,0,0.000,0,-1,0
1785653591.291,3.992,5.320,-9.120,0.9933,0,-1.988,0.680,-5.906,0.2932,23.196,2.400,1.096,1.000,5.906,5.980,1.4238,-0.0128,0.454,0.454,-0.180,5.580,1.554,6.000,0.0009,-0.896,nan,0.00,1,1,1,0,1,0.0000,0.325,0,0.032,2,0.817,0,0,yolo,122.2,yolo,0,0,0,0.000,0,-1,0
1785653591.323,4.646,5.693,-8.482,0.9918,0,-3.488,0.307,-6.340,0.2988,24.067,2.674,1.277,1.000,6.340,14.000,-1.8202,0.0930,0.449,-0.922,-0.200,5.563,1.535,6.000,0.0010,-0.905,nan,0.00,1,1,1,1,1,0.0000,0.319,0,0.024,2,0.832,0,0,yolo,116.5,yolo,0,0,0,0.000,0,-1,0
1785653591.353,4.646,5.693,-8.482,0.9918,0,-2.764,0.307,-6.340,0.2947,24.067,2.674,1.277,1.000,6.340,7.410,1.3707,0.0000,0.449,0.449,-0.200,5.563,1.535,6.000,0.0011,-0.905,nan,0.00,1,1,1,0,1,0.0000,0.319,0,0.024,2,0.832,0,0,yolo,116.5,yolo,0,0,0,0.000,0,-1,0
1785653591.384,5.351,5.920,-7.901,0.9903,0,-2.114,0.080,-6.340,0.2958,24.067,2.674,1.277,1.000,6.340,7.465,1.3643,-0.0294,0.442,0.442,-0.229,5.544,1.473,6.000,0.0012,-0.970,nan,0.00,1,1,1,0,1,0.0000,0.249,0,0.040,1,0.901,0,0,yolo,116.5,yolo,0,0,0,0.000,0,-1,0
1785653591.415,5.873,6.089,-7.266,0.9891,0,-1.669,-0.089,-6.340,0.2956,24.067,2.674,1.277,1.000,6.340,7.542,1.3553,-0.0746,0.433,0.433,-0.274,5.519,1.426,6.000,0.0012,-1.018,nan,0.00,1,1,1,0,1,0.0000,0.249,0,0.040,1,0.901,0,0,yolo,116.5,yolo,0,0,0,0.000,0,-1,0
1785653591.447,6.315,6.198,-6.659,0.9881,0,-3.169,-0.198,-6.105,0.2789,23.778,2.543,1.652,1.000,6.105,13.029,0.7296,-2.0000,0.428,-0.380,-0.333,5.496,1.789,6.000,0.0013,-0.656,nan,0.00,1,1,1,1,1,0.0000,0.250,0,0.042,1,0.905,0,0,yolo,114.0,yolo,0,0,1,0.012,1,0,0
1785653591.478,6.785,6.255,-6.174,0.9871,0,-3.024,-0.255,-6.105,0.2870,23.778,2.543,1.652,1.000,6.105,9.809,0.8076,-0.0426,0.427,0.427,-0.375,5.477,1.784,6.000,0.0013,-0.661,nan,0.00,1,1,1,0,1,0.0000,0.250,0,0.042,1,0.905,0,0,yolo,114.0,yolo,0,0,1,0.023,1,0,0
1785653591.515,7.174,6.285,-5.761,0.9862,0,-2.567,-0.285,-6.105,0.2857,23.778,2.543,1.652,1.000,6.105,9.741,0.8090,-0.0748,0.429,0.429,-0.408,5.462,1.787,6.000,0.0014,-0.658,nan,0.00,1,1,1,0,0,0.0000,0.000,0,0.000,0,0.000,0,0,yolo,114.0,yolo,0,0,1,0.012,0,0,0
1785653591.559,7.532,6.298,-5.309,0.9854,0,-2.129,-0.298,-6.105,0.2844,23.778,2.543,1.652,1.000,6.105,9.661,0.8117,-0.1041,0.431,0.431,-0.437,5.446,1.796,6.000,0.0015,-0.649,nan,0.00,1,1,1,0,0,0.0000,0.000,0,0.000,0,0.000,0,0,yolo,114.0,yolo,0,0,0,0.000,0,0,0
1785653591.608,7.840,6.294,-4.862,0.9847,0,-0.629,-0.294,-5.628,0.2677,24.124,2.377,2.208,1.000,5.628,6.469,1.5056,-2.0000,0.435,0.021,-0.460,5.431,2.200,6.000,0.0015,-0.149,nan,0.00,1,1,1,1,0,0.0000,0.000,0,0.000,0,0.000,0,0,yolo,128.8,yolo,0,0,0,0.000,0,0,0
1785653591.653,8.362,6.245,-3.881,0.9835,0,-1.967,-0.245,-5.628,0.2718,24.124,2.377,2.208,1.000,5.628,10.328,0.4300,-0.0333,0.451,0.451,-0.493,5.400,2.200,6.000,0.0015,-0.109,nan,0.00,1,1,1,0,0,0.0000,0.000,0,0.000,0,0.000,0,0,yolo,128.8,yolo,0,0,0,0.000,0,0,0
1785653591.684,8.362,6.245,-3.881,0.9835,0,-1.967,-0.245,-5.628,0.2718,24.124,2.377,2.208,1.000,5.628,10.328,0.4300,-0.0333,0.451,0.451,-0.493,5.400,2.200,6.000,0.0015,-0.109,nan,0.00,1,1,1,0,0,0.0000,0.000,0,0.000,0,0.000,0,0,yolo,128.8,yolo,0,0,0,0.000,0,0,0
1785653591.731,8.976,6.169,-2.946,0.9820,0,-0.467,-0.169,-4.128,0.2551,nan,nan,nan,0.000,0.000,-3.836,0.0000,-0.4961,0.479,0.479,-0.496,5.372,1.000,6.000,0.0015,-0.106,nan,0.00,0,0,0,0,0,0.0000,0.000,0,0.000,0,0.000,2,0,,,FLYING,0,0,0,0.000,0,2,0
1785653591.767,8.982,6.168,-2.936,0.9820,0,1.033,-0.168,-2.628,0.2508,nan,nan,nan,0.000,0.000,-3.838,0.0000,-0.4959,0.480,0.480,-0.496,5.371,1.000,6.000,0.0015,-0.103,nan,0.00,0,0,0,0,0,0.0000,0.000,0,0.000,0,0.000,0,0,,,FLYING,0,0,0,0.000,0,0,0
1785653591.813,9.110,6.132,-2.546,0.9817,0,2.533,-0.132,-1.128,0.2521,nan,nan,nan,0.000,0.000,-4.036,0.0000,-0.4672,0.504,0.504,-0.467,5.358,1.000,6.000,0.0015,-0.100,nan,0.00,0,0,0,0,0,0.0000,0.000,0,0.000,0,0.000,0,0,,,FLYING,0,0,0,0.000,0,0,0
1785653591.846,8.887,6.117,-2.239,0.9824,0,4.033,-0.117,0.000,0.2555,nan,nan,nan,0.000,0.000,-4.729,0.0000,-0.3870,0.591,0.591,-0.387,5.332,1.000,6.000,0.0015,-0.097,nan,0.00,0,0,0,0,0,0.0000,0.000,0,0.000,0,0.000,0,0,,,FLYING,0,0,0,0.000,0,0,0
1785653591.890,8.530,6.130,-2.244,0.9833,0,5.533,-0.130,0.000,0.2574,nan,nan,nan,0.000,0.000,-5.186,0.0000,-0.3387,0.648,0.648,-0.339,5.316,1.000,6.000,0.0015,-0.094,nan,0.00,0,0,0,0,0,0.0000,0.000,0,0.000,0,0.000,0,0,,,FLYING,0,0,0,0.000,0,0,0
1785653591.922,8.530,6.130,-2.244,0.9833,0,7.033,-0.130,0.000,0.2573,nan,nan,nan,0.000,0.000,-5.186,0.0000,-0.3387,0.648,0.648,-0.339,5.316,1.000,6.000,0.0015,-0.091,nan,0.00,0,0,0,0,0,0.0000,0.000,0,0.000,0,0.000,1,0,,,FLYING,0,0,0,0.000,0,0,0
1785653591.949,8.002,6.142,-2.263,0.9846,0,8.533,-0.142,0.000,0.2593,nan,nan,nan,0.000,0.000,-5.626,0.0000,-0.2852,0.703,0.703,-0.285,5.301,1.000,6.000,0.0015,-0.088,nan,0.00,0,0,0,0,0,0.0000,0.000,0,0.000,0,0.000,0,0,,,FLYING,0,0,0,0.000,0,0,0
1785653591.985,7.118,6.144,-2.256,0.9866,0,10.033,-0.144,0.000,0.2608,nan,nan,nan,0.000,0.000,-5.990,0.0000,-0.2399,0.749,0.749,-0.240,5.286,1.000,6.000,0.0015,-0.086,nan,0.00,0,0,0,0,0,0.0000,0.000,0,0.000,0,0.000,0,0,,,FLYING,0,0,0,0.000,0,-1,0
1785653592.018,6.146,6.144,-2.253,0.9885,0,11.533,-0.144,0.000,0.2615,nan,nan,nan,0.000,0.000,-6.263,0.0000,-0.2103,0.783,0.783,-0.210,5.272,1.000,6.000,0.0015,-0.083,nan,0.00,0,0,0,0,0,0.0000,0.000,0,0.000,0,0.000,0,0,,,FLYING,0,0,0,0.000,0,-1,0
1785653592.060,5.060,6.142,-2.255,0.9904,0,11.514,-0.142,0.000,0.2618,nan,nan,nan,0.000,0.000,-6.453,0.0000,-0.1914,0.807,0.807,-0.191,5.260,1.000,6.000,0.0015,-0.080,nan,0.00,0,0,0,0,0,0.0000,0.000,0,0.000,0,0.000,0,0,,,FLYING,0,0,0,0.000,0,0,0
1785653592.093,5.060,6.142,-2.255,0.9904,0,11.514,-0.142,0.000,0.2618,nan,nan,nan,0.000,0.000,-6.453,0.0000,-0.1914,0.807,0.807,-0.191,5.260,1.000,6.000,0.0015,-0.078,nan,0.00,0,0,0,0,0,0.0000,0.000,0,0.000,0,0.000,1,0,,,FLYING,0,0,0,0.000,0,0,0
1785653592.126,3.944,6.138,-2.256,0.9919,0,10.520,-0.138,0.000,0.2620,nan,nan,nan,0.000,0.000,-6.575,0.0000,-0.1763,0.822,0.822,-0.176,5.248,1.000,6.000,0.0015,-0.076,nan,0.00,0,0,0,0,0,0.0000,0.000,0,0.000,0,0.000,0,0,,,FLYING,0,0,0,0.000,0,0,0
1785653592.172,2.827,6.132,-2.255,0.9931,0,9.450,-0.132,0.000,0.2621,nan,nan,nan,0.000,0.000,-6.623,0.0000,-0.1645,0.828,0.828,-0.164,5.237,1.000,6.000,0.0015,-0.073,nan,0.00,0,0,0,0,0,0.0000,0.000,0,0.000,0,0.000,0,0,,,FLYING,0,0,0,0.000,0,0,0
1785653592.220,1.141,6.121,-2.256,0.9941,0,7.950,-0.121,0.000,0.2625,nan,nan,nan,0.000,0.000,-6.581,0.0000,-0.1489,0.823,0.823,-0.149,5.219,1.000,6.000,0.0015,-0.071,nan,0.00,0,0,0,0,0,0.0000,0.000,0,0.000,0,0.000,0,0,,,FLYING,0,0,0,0.000,0,0,0
1785653592.259,0.480,6.115,-2.256,0.9943,0,6.996,-0.115,0.000,0.2627,nan,nan,nan,0.000,0.000,-6.516,0.0000,-0.1426,0.815,0.815,-0.143,5.212,1.000,6.000,0.0015,-0.069,nan,0.00,0,0,0,0,0,0.0000,0.000,0,0.000,0,0.000,0,0,,,FLYING,0,0,0,0.000,0,0,0
1785653592.297,-0.121,6.110,-2.256,0.9943,0,6.312,-0.110,0.000,0.2628,nan,nan,nan,0.000,0.000,-6.433,0.0000,-0.1375,0.804,0.804,-0.137,5.205,1.000,6.000,0.0015,-0.067,nan,0.00,0,0,0,0,0,0.0000,0.000,0,0.000,0,0.000,0,0,,,FLYING,0,0,0,0.000,0,-1,0
1785653592.342,-1.295,6.096,-2.256,0.9941,0,4.873,-0.096,0.000,0.2633,nan,nan,nan,0.000,0.000,-6.167,0.0000,-0.1271,0.771,0.771,-0.127,5.192,1.000,6.000,0.0015,-0.065,nan,0.00,0,0,0,0,0,0.0000,0.000,0,0.000,0,0.000,0,0,,,FLYING,0,0,0,0.000,0,0,0
1785653592.373,-1.743,6.090,-2.256,0.9939,0,4.262,-0.090,0.000,0.2635,nan,nan,nan,0.000,0.000,-6.005,0.0000,-0.1225,0.751,0.751,-0.122,5.187,1.000,6.000,0.0015,-0.063,nan,0.00,0,0,0,0,0,0.0000,0.000,0,0.000,0,0.000,1,0,,,FLYING,0,0,0,0.000,0,1,0
1785653592.400,-1.743,6.090,-2.256,0.9939,0,4.262,-0.090,0.000,0.2634,nan,nan,nan,0.000,0.000,-6.005,0.0000,-0.1225,0.751,0.751,-0.122,5.187,1.000,6.000,0.0015,-0.061,nan,0.00,0,0,0,0,0,0.0000,0.000,0,0.000,0,0.000,0,0,,,FLYING,0,0,0,0.000,0,0,0
1785653592.435,-2.149,6.084,-2.255,0.9937,0,3.671,-0.084,0.000,0.2636,nan,nan,nan,0.000,0.000,-5.819,0.0000,-0.1183,0.727,0.727,-0.118,5.181,1.000,6.000,0.0015,-0.059,nan,0.00,0,0,0,0,0,0.0000,0.000,0,0.000,0,0.000,0,0,,,FLYING,0,0,0,0.000,0,0,0
1785653592.467,-2.509,6.078,-2.255,0.9934,0,3.107,-0.078,0.000,0.2638,nan,nan,nan,0.000,0.000,-5.617,0.0000,-0.1146,0.702,0.702,-0.115,5.176,1.000,6.000,0.0015,-0.058,nan,0.00,0,0,0,0,0,0.0000,0.000,0,0.000,0,0.000,1,0,,,FLYING,0,0,0,0.000,0,1,0
1785653592.494,-2.834,6.072,-2.255,0.9932,0,2.555,-0.072,0.000,0.2640,nan,nan,nan,0.000,0.000,-5.389,0.0000,-0.1112,0.674,0.674,-0.111,5.172,1.000,6.000,0.0015,-0.056,nan,0.00,0,0,0,0,0,0.0000,0.000,0,0.000,0,0.000,0,0,,,FLYING,0,0,0,0.000,0,-1,0
1785653592.526,-2.834,6.072,-2.255,0.9932,0,2.555,-0.072,0.000,0.2639,nan,nan,nan,0.000,0.000,-5.389,0.0000,-0.1112,0.674,0.674,-0.111,5.172,1.000,6.000,0.0015,-0.054,nan,0.00,0,0,0,0,0,0.0000,0.000,0,0.000,0,0.000,0,0,,,FLYING,0,0,0,0.000,0,0,0
1785653592.557,-3.116,6.066,-2.255,0.9929,0,2.023,-0.066,0.000,0.2641,nan,nan,nan,0.000,0.000,-5.138,0.0000,-0.1083,0.642,0.642,-0.108,5.168,1.000,6.000,0.0015,-0.053,nan,0.00,0,0,0,0,0,0.0000,0.000,0,0.000,0,0.000,0,0,,,FLYING,0,0,0,0.000,0,0,0
1785653592.592,-3.333,6.060,-2.254,0.9927,0,1.559,-0.060,0.000,0.2642,nan,nan,nan,0.000,0.000,-4.892,0.0000,-0.1061,0.612,0.612,-0.106,5.165,1.000,6.000,0.0015,-0.051,nan,0.00,0,0,0,0,0,0.0000,0.000,0,0.000,0,0.000,0,0,,,FLYING,0,0,0,0.000,0,-1,0
1785653592.624,-3.507,6.055,-2.254,0.9926,0,1.130,-0.055,0.000,0.2643,nan,nan,nan,0.000,0.000,-4.636,0.0000,-0.1043,0.580,0.580,-0.104,5.162,1.000,6.000,0.0015,-0.049,nan,0.00,0,0,0,0,0,0.0000,0.000,0,0.000,0,0.000,1,0,,,FLYING,0,0,0,0.000,0,-1,0
1785653592.670,-3.645,6.050,-2.254,0.9924,0,0.714,-0.050,0.000,0.2643,nan,nan,nan,0.000,0.000,-4.359,0.0000,-0.1028,0.545,0.545,-0.103,5.160,1.000,6.000,0.0015,-0.048,nan,0.00,0,0,0,0,0,0.0000,0.000,0,0.000,0,0.000,2,0,,,FLYING,0,0,0,0.000,0,0,0
1785653592.697,-3.645,6.050,-2.254,0.9924,0,0.714,-0.050,0.000,0.2643,nan,nan,nan,0.000,0.000,-4.359,0.0000,-0.1028,0.545,0.545,-0.103,5.160,1.000,6.000,0.0015,-0.047,nan,0.00,0,0,0,0,0,0.0000,0.000,0,0.000,0,0.000,0,0,,,FLYING,0,0,0,0.000,0,0,0
1785653592.729,-3.737,6.045,-2.253,0.9923,0,0.344,-0.045,0.000,0.2643,nan,nan,nan,0.000,0.000,-4.081,0.0000,-0.1017,0.510,0.510,-0.102,5.159,1.000,6.000,0.0015,-0.045,nan,0.00,0,0,0,0,0,0.0000,0.000,0,0.000,0,0.000,0,0,,,FLYING,0,0,0,0.000,0,0,0
1785653592.765,-3.785,6.041,-2.253,0.9923,0,0.040,-0.041,0.000,0.2643,nan,nan,nan,0.000,0.000,-3.825,0.0000,-0.1010,0.478,0.478,-0.101,5.159,1.000,6.000,0.0015,-0.044,nan,0.00,0,0,0,0,0,0.0000,0.000,0,0.000,0,0.000,0,0,,,FLYING,0,0,0,0.000,0,0,0
1785653592.799,-3.818,6.036,-2.253,0.9922,0,-0.270,-0.036,0.000,0.2643,nan,nan,nan,0.000,0.000,-3.548,0.0000,-0.1005,0.443,0.443,-0.101,5.159,1.000,6.000,0.0015,-0.042,nan,0.00,0,0,0,0,0,0.0000,0.000,0,0.000,0,0.000,0,0,,,FLYING,0,0,0,0.000,0,0,0
1785653592.845,-3.818,6.036,-2.253,0.9922,0,-0.273,-0.036,0.000,0.2643,nan,nan,nan,0.000,0.000,-3.545,0.0000,-0.1005,0.443,0.443,-0.101,5.159,1.000,6.000,0.0015,-0.041,nan,0.00,0,0,0,0,0,0.0000,0.000,0,0.000,0,0.000,0,0,,,FLYING,0,0,0,0.000,0,0,0
1785653592.890,-3.785,6.029,-2.252,0.9923,0,-0.744,-0.029,0.000,0.2642,nan,nan,nan,0.000,0.000,-3.041,0.0000,-0.1003,0.380,0.380,-0.100,5.163,1.000,6.000,0.0015,-0.040,nan,0.00,0,0,0,0,0,0.0000,0.000,0,0.000,0,0.000,0,0,,,FLYING,0,0,0,0.000,0,0,0
