t,roll,pitch,yaw,up,upset,cmd_roll_deg,cmd_pitch_deg,cmd_yaw_deg,thrust,bx,by,bz,blend,bearing_deg,desired_roll,d_lat,d_vert,vY_imu,vY_fused,vD,vX,v_target,pitch_des,elev_i,elev_err,agl,turn_ff,reliable,vision_valid,elev_fresh,is_new_d,bl_found,bl_hdg,bl_conf,bl_hdg_valid,bl_span,bl_paired,bl_cy,bl_gap,src_switch,source,infer_ms,mode,gate,gate_id,peek_side,peek_strength,peek_active,occ_gap,collision
1785731595.823,0.000,-17.800,0.000,0.9521,0,-0.673,15.800,1.194,0.2740,5.823,0.028,-1.550,0.970,0.277,0.673,-0.0000,-0.0000,-0.000,-0.000,-0.000,-0.000,2.146,-2.000,0.0060,0.304,nan,-0.58,1,1,1,1,1,-0.0201,1.000,1,0.519,8,-0.028,0,0,yolo,95.0,yolo,0,0,0,0.000,0,-1,0
1785731595.855,0.000,-17.800,0.000,0.9521,0,-0.450,15.800,1.795,0.2739,5.822,0.019,-1.550,0.970,0.185,0.450,-0.0001,-0.0000,-0.000,-0.000,-0.000,-0.000,2.146,-2.000,0.0059,0.304,nan,-1.08,1,1,1,0,1,-0.0377,1.000,1,0.519,8,-0.028,0,0,yolo,108.9,yolo,0,0,0,0.000,0,-1,0
1785731595.886,0.001,-17.786,0.003,0.9522,0,-0.447,15.786,0.717,0.2740,5.822,0.019,-1.550,0.970,0.185,0.448,0.0000,0.0013,-0.000,-0.000,0.001,0.005,2.148,-2.000,0.0059,0.302,nan,-0.00,1,1,1,0,1,-0.0001,1.000,1,0.366,6,0.119,0,0,yolo,108.9,yolo,0,0,0,0.000,0,-1,0
1785731595.917,0.006,-16.734,0.001,0.9577,0,-0.438,14.734,0.717,0.2753,5.822,0.019,-1.550,0.970,0.185,0.444,0.0003,-0.0102,0.000,0.000,-0.010,0.014,2.200,-2.000,0.0059,0.192,nan,-0.00,1,1,1,0,1,-0.0001,1.000,1,0.366,6,0.119,0,0,yolo,108.9,yolo,0,0,0,0.000,0,-1,0
1785731595.956,0.012,-14.889,-0.002,0.9664,0,-0.429,13.234,-0.091,0.2920,5.822,0.019,-1.550,0.970,0.185,0.441,-0.0000,1.4543,0.001,0.000,-0.020,0.026,2.200,-2.000,0.0059,-0.002,nan,0.80,1,1,1,1,1,0.0281,1.000,1,0.366,6,0.119,2,0,yolo,99.1,yolo,0,0,0,0.000,0,-1,0
1785731595.995,0.107,-13.369,-0.062,0.9729,0,-0.300,11.734,-1.167,0.2816,5.822,0.019,-1.550,0.970,0.185,0.408,0.0018,-0.0187,0.002,0.002,-0.039,0.055,2.200,-2.000,0.0059,-0.162,nan,1.88,1,1,1,0,1,0.0657,1.000,1,0.517,8,0.096,0,0,yolo,99.1,yolo,0,0,0,0.000,0,-1,0
1785731596.026,0.110,-11.986,0.063,0.9782,0,-0.269,10.234,-0.996,0.2833,5.822,0.019,-1.550,0.970,0.185,0.379,0.0032,-0.0461,0.004,0.004,-0.066,0.100,2.143,-2.000,0.0059,-0.307,nan,1.71,1,1,1,0,1,0.0597,1.000,1,0.522,8,0.079,0,0,yolo,99.1,yolo,0,0,0,0.000,0,-1,0
1785731596.051,0.110,-11.986,0.063,0.9782,0,-0.269,9.986,-0.868,0.2833,5.822,0.019,-1.550,0.970,0.185,0.379,0.0032,-0.0461,0.004,0.004,-0.066,0.100,2.143,-2.000,0.0060,-0.307,nan,1.58,1,1,1,0,1,0.0552,1.000,1,0.522,8,0.079,0,0,yolo,99.1,yolo,0,0,0,0.000,0,-1,0
1785731596.077,0.123,-10.824,0.188,0.9822,0,-0.231,8.824,-0.868,0.2842,5.822,0.019,-1.550,0.970,0.185,0.354,0.0046,-0.0825,0.005,0.005,-0.103,0.157,2.021,-2.000,0.0060,-0.429,nan,1.58,1,1,1,0,1,0.0552,1.000,1,0.522,8,0.079,2,0,yolo,99.1,yolo,0,0,0,0.000,0,-1,0
1785731596.109,0.123,-10.824,0.188,0.9822,0,-0.231,8.824,-0.551,0.2843,5.822,0.019,-1.550,0.970,0.185,0.354,0.0046,-0.0825,0.005,0.005,-0.103,0.157,2.021,-2.000,0.0061,-0.429,nan,1.26,1,1,1,0,1,0.0441,1.000,1,0.525,8,0.065,1,0,yolo,99.1,yolo,0,0,0,0.000,0,-1,0
1785731596.138,0.138,-9.872,0.252,0.9852,0,-1.731,7.872,-1.913,0.2904,6.913,0.097,-1.648,1.000,0.804,5.789,-0.5607,0.0642,0.006,-0.078,-0.132,0.217,2.012,-2.000,0.0061,-0.438,nan,1.11,1,1,1,1,1,0.0387,1.000,1,0.511,8,0.087,0,0,yolo,96.5,yolo,0,0,0,0.000,0,-1,0
1785731596.170,0.300,-9.001,0.404,0.9877,0,-1.187,7.001,-1.797,0.2883,6.913,0.097,-1.648,1.000,0.804,1.487,0.0860,-0.0395,0.008,0.008,-0.172,0.276,1.905,-2.000,0.0062,-0.545,nan,0.99,1,1,1,0,1,0.0346,1.000,1,0.511,8,0.087,1,0,yolo,96.5,yolo,0,0,0,0.000,0,-1,0
1785731596.201,0.385,-8.202,0.608,0.9897,0,-1.071,6.202,-1.616,0.2887,6.913,0.097,-1.648,1.000,0.804,1.456,0.0877,-0.0844,0.009,0.009,-0.217,0.332,1.806,-2.000,0.0062,-0.644,nan,0.81,1,1,1,0,1,0.0283,1.000,1,0.442,7,0.127,3,0,yolo,96.5,yolo,0,0,0,0.000,0,-1,0
1785731596.229,0.464,-7.463,0.790,0.9915,0,-0.956,5.463,-1.825,0.2889,6.913,0.097,-1.648,1.000,0.804,1.420,0.0898,-0.1313,0.011,0.011,-0.264,0.383,1.715,-2.000,0.0063,-0.735,nan,1.02,1,1,1,0,1,0.0356,1.000,1,0.438,7,0.204,0,0,yolo,96.5,yolo,0,0,0,0.000,0,-1,0
1785731596.264,0.465,-7.455,0.792,0.9915,0,-2.456,5.455,-2.285,0.2722,7.467,0.144,-1.526,1.000,1.107,4.943,-0.2367,-1.1521,0.011,-0.086,-0.264,0.383,1.907,-2.000,0.0063,-0.543,nan,1.18,1,1,1,1,1,0.0411,1.000,1,0.438,7,0.204,1,0,yolo,97.5,yolo,0,0,0,0.000,0,-1,0
1785731596.291,0.627,-6.880,0.951,0.9927,0,-1.477,4.880,-1.978,0.2889,7.467,0.144,-1.526,1.000,1.107,2.105,0.1003,-0.0406,0.014,0.014,-0.305,0.429,1.831,-2.000,0.0064,-0.619,nan,0.87,1,1,1,0,1,0.0304,1.000,1,0.431,7,0.216,0,0,yolo,97.5,yolo,0,0,0,0.000,0,-1,0
1785731596.325,0.750,-6.377,1.142,0.9937,0,-1.304,4.377,-1.747,0.2893,7.467,0.144,-1.526,1.000,1.107,2.054,0.1033,-0.0792,0.017,0.017,-0.343,0.470,1.765,-2.000,0.0065,-0.685,nan,0.64,1,1,1,0,1,0.0224,1.000,1,0.431,7,0.216,2,0,yolo,97.5,yolo,0,0,0,0.000,0,-1,0
1785731596.367,0.848,-5.927,1.301,0.9945,0,-2.220,3.927,-1.230,0.2726,7.712,0.146,-1.255,1.000,1.085,3.068,0.0441,-2.0000,0.021,-0.052,-0.382,0.509,2.000,-2.000,0.0065,-0.450,nan,0.14,1,1,1,1,1,0.0050,1.000,1,0.369,6,0.260,0,0,yolo,104.5,yolo,0,0,0,0.000,0,-1,0
1785731596.399,1.075,-5.479,1.418,0.9953,0,-0.949,3.479,-1.707,0.2859,7.712,0.146,-1.255,1.000,1.085,2.024,0.0784,-0.0303,0.027,0.027,-0.412,0.548,1.940,-2.000,0.0066,-0.510,nan,0.62,1,1,1,0,1,0.0217,1.000,1,0.364,6,0.271,0,0,yolo,104.5,yolo,0,0,0,0.000,0,-1,0
1785731596.430,1.075,-5.479,1.418,0.9953,0,0.551,3.479,-1.670,0.2692,7.080,0.085,-0.946,1.000,0.690,-7.853,1.4652,-2.0000,0.027,0.185,-0.412,0.548,2.186,-2.000,0.0066,-0.264,nan,0.98,1,1,1,1,1,0.0342,1.000,1,0.364,6,0.271,0,0,yolo,92.0,yolo,0,0,0,0.000,0,-1,0
1785731596.462,1.145,-5.098,1.558,0.9958,0,-0.935,3.098,-1.979,0.2799,7.080,0.085,-0.946,1.000,0.690,2.080,-0.1521,-0.0260,0.033,0.033,-0.438,0.583,2.139,-2.000,0.0066,-0.311,nan,1.29,1,1,1,0,1,0.0450,1.000,1,0.364,6,0.192,0,0,yolo,92.0,yolo,0,0,0,0.000,0,-1,0
1785731596.493,1.116,-4.746,1.726,0.9964,0,-0.852,2.746,-2.211,0.2800,7.080,0.085,-0.946,1.000,0.690,1.968,-0.1456,-0.0510,0.040,0.040,-0.463,0.615,2.095,-2.000,0.0067,-0.355,nan,1.52,1,1,1,0,1,0.0531,1.000,1,0.364,6,0.192,0,0,yolo,92.0,yolo,0,0,0,0.000,0,-1,0
1785731596.525,1.199,-4.471,1.915,0.9967,0,0.648,2.471,-1.325,0.2967,8.274,0.020,-1.271,1.000,0.140,-3.755,0.5956,1.9990,0.045,0.108,-0.484,0.643,1.829,-2.000,0.0067,-0.621,nan,1.18,1,1,1,1,1,0.0414,1.000,1,0.358,6,0.203,0,0,yolo,86.2,yolo,0,0,0,0.000,0,-1,0
1785731596.557,1.129,-4.220,2.056,0.9971,0,1.036,2.220,-1.072,0.2904,8.274,0.020,-1.271,1.000,0.140,0.093,-0.0566,-0.0215,0.052,0.052,-0.506,0.669,1.792,-2.000,0.0068,-0.658,nan,0.93,1,1,1,0,1,0.0326,1.000,1,0.358,6,0.203,0,0,yolo,86.2,yolo,0,0,0,0.000,0,-1,0
1785731596.588,1.028,-3.990,2.135,0.9974,0,1.041,1.990,-1.123,0.2898,8.274,0.020,-1.271,1.000,0.140,-0.013,-0.0497,-0.0559,0.059,0.059,-0.540,0.695,1.758,-2.000,0.0069,-0.692,nan,0.98,1,1,1,0,1,0.0343,1.000,1,0.294,5,0.514,0,0,yolo,86.2,yolo,0,0,0,0.000,0,-1,0
1785731596.620,1.028,-3.990,2.135,0.9974,0,2.541,1.990,-0.671,0.3065,9.049,-0.055,-1.348,1.000,-0.349,-8.603,1.1589,0.3651,0.059,0.204,-0.540,0.695,1.734,-2.000,0.0069,-0.716,nan,1.02,1,1,1,1,1,0.0356,1.000,1,0.294,5,0.514,0,0,yolo,99.5,yolo,0,0,0,0.000,0,-1,0
1785731596.650,0.924,-3.764,2.230,0.9977,0,1.725,1.764,-0.812,0.2924,9.049,-0.055,-1.348,1.000,-0.349,-0.801,-0.1385,-0.0414,0.065,0.065,-0.582,0.721,1.698,-2.000,0.0070,-0.752,nan,1.16,1,1,1,0,1,0.0405,1.000,1,0.292,5,0.540,0,0,yolo,99.5,yolo,0,0,0,0.000,0,-1,0
1785731596.680,0.743,-3.565,2.319,0.9980,0,1.629,1.565,-0.917,0.2910,9.049,-0.055,-1.348,1.000,-0.349,-0.886,-0.1326,-0.0933,0.071,0.071,-0.634,0.745,1.667,-2.000,0.0071,-0.783,nan,1.27,1,1,1,0,1,0.0442,1.000,1,0.292,5,0.540,0,0,yolo,99.5,yolo,0,0,0,0.000,0,-1,0
1785731596.713,0.593,-3.402,2.390,0.9982,0,3.129,1.402,-0.617,0.2875,9.475,-0.120,-1.331,1.000,-0.728,-6.810,0.6266,-0.1608,0.075,0.205,-0.687,0.766,1.683,-2.000,0.0072,-0.767,nan,1.35,1,1,1,1,1,0.0470,1.000,1,0.292,5,0.540,0,0,yolo,93.0,yolo,0,0,0,0.000,0,-1,0
1785731596.745,0.300,-3.257,2.450,0.9984,0,2.218,1.257,-1.556,0.2932,9.475,-0.120,-1.331,1.000,-0.728,-1.918,-0.1250,-0.0501,0.080,0.080,-0.737,0.786,1.659,-2.000,0.0072,-0.791,nan,2.28,1,1,1,0,1,0.0797,1.000,1,0.291,5,0.563,0,0,yolo,93.0,yolo,0,0,0,0.000,0,-1,0
1785731596.772,0.300,-3.257,2.450,0.9984,0,2.218,1.257,-2.259,0.2933,9.475,-0.120,-1.331,1.000,-0.728,-1.918,-0.1250,-0.0501,0.080,0.080,-0.737,0.786,1.659,-2.000,0.0073,-0.791,nan,2.99,1,1,1,0,1,0.1043,1.000,1,0.291,5,0.563,0,0,yolo,93.0,yolo,0,0,0,0.000,0,-1,0
1785731596.811,0.100,-3.131,2.589,0.9985,0,3.718,1.131,-2.508,0.2766,9.727,-0.182,-1.261,1.000,-1.074,-6.014,0.4406,-0.4698,0.080,0.127,-0.785,0.805,1.722,-2.000,0.0074,-0.728,nan,3.58,1,1,1,1,1,0.1250,1.000,1,0.290,5,0.629,0,0,yolo,92.4,yolo,0,0,0,0.000,0,-1,0
1785731596.837,-0.290,-3.004,2.850,0.9986,0,2.850,1.004,-2.508,0.2924,9.727,-0.182,-1.261,1.000,-1.074,-3.140,-0.0485,-0.0426,0.079,0.079,-0.828,0.825,1.702,-2.000,0.0075,-0.748,nan,3.58,1,1,1,0,1,0.1250,1.000,1,0.290,5,0.629,0,0,yolo,92.4,yolo,0,0,0,0.000,0,-1,0
1785731596.874,-0.570,-2.892,3.083,0.9987,0,2.509,0.892,-4.008,0.2912,9.727,-0.182,-1.261,1.000,-1.074,-3.079,-0.0530,-0.0826,0.074,0.074,-0.868,0.843,1.683,-2.000,0.0075,-0.767,nan,5.79,1,1,1,0,1,0.2020,0.900,1,0.286,4,0.604,0,0,yolo,92.4,yolo,0,0,0,0.000,0,-1,0
1785731596.899,-0.570,-2.892,3.083,0.9987,0,2.509,0.892,-4.712,0.2913,9.727,-0.182,-1.261,1.000,-1.074,-3.079,-0.0530,-0.0826,0.074,0.074,-0.868,0.843,1.683,-2.000,0.0076,-0.767,nan,5.79,1,1,1,0,1,0.2020,0.900,1,0.286,4,0.604,0,0,yolo,92.4,yolo,0,0,0,0.000,0,-1,0
1785731596.935,-0.802,-2.799,3.362,0.9987,0,4.009,0.799,-5.706,0.2746,9.864,-0.241,-1.137,1.000,-1.398,-6.924,0.4184,-0.8684,0.068,0.153,-0.903,0.860,1.799,-2.000,0.0077,-0.651,nan,7.10,1,1,1,1,1,0.2480,0.900,1,0.286,4,0.604,2,0,yolo,99.3,yolo,0,0,0,0.000,0,-1,0
1785731596.963,-1.050,-2.702,3.767,0.9987,0,2.509,0.702,-4.206,0.2904,9.864,-0.241,-1.137,1.000,-1.398,-3.516,-0.0960,-0.0383,0.057,0.057,-0.941,0.876,1.783,-2.000,0.0078,-0.667,nan,0.00,1,1,1,0,1,0.0000,0.962,0,0.226,4,0.783,0,0,yolo,99.3,yolo,0,0,0,0.000,0,-1,0
1785731596.999,-1.299,-2.622,4.152,0.9987,0,2.058,0.622,-2.706,0.2891,9.864,-0.241,-1.137,1.000,-1.398,-3.358,-0.1076,-0.0765,0.046,0.046,-0.979,0.891,1.771,-2.000,0.0078,-0.679,nan,0.00,1,1,1,0,1,0.0000,0.951,0,0.219,4,0.749,0,0,yolo,99.3,yolo,0,0,0,0.000,0,-1,0
1785731597.040,-1.494,-2.554,4.385,0.9987,0,3.558,0.554,-1.206,0.2725,9.857,-0.275,-1.027,1.000,-1.599,-8.040,0.5182,-1.5005,0.035,0.167,-1.026,0.905,1.871,-2.000,0.0079,-0.579,nan,0.00,1,1,1,1,1,0.0000,0.951,0,0.219,4,0.749,0,0,yolo,102.0,yolo,0,0,0,0.000,0,-1,0
1785731597.070,-1.870,-2.490,4.472,0.9985,0,2.058,0.490,0.294,0.2883,9.857,-0.275,-1.027,1.000,-1.599,-3.523,-0.1405,-0.0369,0.026,0.026,-1.063,0.921,1.862,-2.000,0.0079,-0.588,nan,0.00,1,1,1,0,1,0.0000,0.952,0,0.220,4,0.735,0,0,yolo,102.0,yolo,0,0,0,0.000,0,-1,0
1785731597.101,-2.062,-2.435,4.435,0.9985,0,3.558,0.435,1.794,0.2717,9.811,-0.359,-0.885,1.000,-2.095,-14.000,2.5484,-2.0000,0.014,0.455,-1.097,0.935,1.996,-2.000,0.0080,-0.454,nan,0.00,1,1,1,1,1,0.0000,0.952,0,0.220,4,0.735,0,0,yolo,92.8,yolo,0,0,0,0.000,0,-1,0
1785731597.133,-2.062,-2.435,4.435,0.9985,0,2.058,0.435,2.095,0.2861,9.811,-0.359,-0.885,1.000,-2.095,-3.160,-0.4407,0.0000,0.014,0.014,-1.097,0.935,1.996,-2.000,0.0080,-0.454,nan,0.00,1,1,1,0,1,0.0000,0.950,0,0.219,4,0.676,0,0,yolo,92.8,yolo,0,0,0,0.000,0,-1,0
1785731597.169,-2.409,-2.396,4.281,0.9982,0,0.641,0.396,2.095,0.2855,9.811,-0.359,-0.885,1.000,-2.095,-3.049,-0.4487,-0.0193,0.006,0.006,-1.116,0.949,1.992,-2.000,0.0081,-0.458,nan,0.00,1,1,1,0,1,0.0000,0.950,0,0.219,4,0.676,1,0,yolo,92.8,yolo,0,0,0,0.000,0,-1,0
1785731597.195,-2.587,-2.360,4.088,0.9981,0,0.318,0.360,2.095,0.2851,9.811,-0.359,-0.885,1.000,-2.095,-2.905,-0.4592,-0.0331,-0.004,-0.004,-1.130,0.961,1.987,-2.000,0.0081,-0.463,nan,0.00,1,1,1,0,1,0.0000,0.941,0,0.213,4,0.654,0,0,yolo,92.8,yolo,0,0,0,0.000,0,-1,0
1785731597.230,-2.602,-2.331,3.908,0.9981,0,1.818,0.331,2.195,0.2684,9.737,-0.373,-0.705,1.000,-2.195,-8.455,0.0845,-0.8591,-0.019,0.289,-1.142,0.973,2.159,-2.000,0.0081,-0.291,nan,0.00,1,1,1,1,1,0.0000,0.941,0,0.213,4,0.654,2,0,yolo,101.2,yolo,0,0,0,0.000,0,-1,0
1785731597.257,-2.790,-2.304,3.721,0.9980,0,0.815,0.304,2.195,0.2810,9.737,-0.373,-0.705,1.000,-2.195,-3.605,-0.3206,-0.0128,-0.032,-0.032,-1.154,0.986,2.156,-2.000,0.0082,-0.294,nan,0.00,1,1,1,0,1,0.0000,0.930,0,0.206,4,0.661,0,0,yolo,101.2,yolo,0,0,0,0.000,0,-1,0
1785731597.292,-2.790,-2.304,3.721,0.9980,0,0.815,0.304,2.195,0.2810,9.737,-0.373,-0.705,1.000,-2.195,-3.605,-0.3206,-0.0128,-0.032,-0.032,-1.154,0.986,2.156,-2.000,0.0082,-0.294,nan,0.00,1,1,1,0,1,0.0000,0.930,0,0.206,4,0.661,1,0,yolo,101.2,yolo,0,0,0,0.000,0,-1,0
1785731597.319,-2.862,-2.279,3.514,0.9980,0,2.315,0.279,2.892,0.2644,9.655,-0.488,-0.607,1.000,-2.892,-14.000,3.5264,-2.0000,-0.048,0.648,-1.165,1.000,2.200,-2.000,0.0082,-0.198,nan,0.00,1,1,1,1,1,0.0000,0.923,0,0.202,4,0.671,0,0,yolo,98.5,yolo,0,0,0,0.000,0,-1,0
1785731597.355,-3.093,-2.263,3.265,0.9978,0,0.815,0.263,2.892,0.2786,9.655,-0.488,-0.607,1.000,-2.892,-3.147,-0.7085,-0.0054,-0.061,-0.061,-1.170,1.012,2.200,-2.000,0.0082,-0.198,nan,0.00,1,1,1,0,1,0.0000,0.923,0,0.202,4,0.671,3,0,yolo,98.5,yolo,0,0,0,0.000,0,-1,0
1785731597.382,-3.160,-2.249,3.008,0.9977,0,-0.221,0.249,2.892,0.2786,9.655,-0.488,-0.607,1.000,-2.892,-2.939,-0.7236,-0.0073,-0.076,-0.076,-1.172,1.024,2.200,-2.000,0.0083,-0.200,nan,0.00,1,1,1,0,1,0.0000,0.931,0,0.207,4,0.695,0,0,yolo,98.5,yolo,0,0,0,0.000,0,-1,0
1785731597.418,-3.160,-2.249,3.008,0.9977,0,1.279,0.249,3.224,0.2619,9.590,-0.540,-0.492,1.000,-3.224,-14.000,0.4160,-0.8637,-0.076,0.449,-1.172,1.024,2.200,-2.000,0.0083,-0.085,nan,0.00,1,1,1,1,1,0.0000,0.931,0,0.207,4,0.695,1,0,yolo,97.5,yolo,0,0,0,0.000,0,-1,0
1785731597.459,-3.270,-2.226,2.458,0.9976,0,1.016,0.226,3.224,0.2758,9.590,-0.540,-0.492,1.000,-3.224,-4.286,-0.5588,0.0058,-0.110,-0.110,-1.166,1.049,2.200,-2.000,0.0083,-0.088,nan,0.00,1,1,1,0,1,0.0000,0.813,0,0.205,3,0.710,0,0,yolo,97.5,yolo,0,0,0,0.000,0,-1,0
1785731597.490,-3.270,-2.226,2.458,0.9976,0,1.016,0.226,3.224,0.2758,9.590,-0.540,-0.492,1.000,-3.224,-4.286,-0.5588,0.0058,-0.110,-0.110,-1.166,1.049,2.200,-2.000,0.0083,-0.088,nan,0.00,1,1,1,0,1,0.0000,0.813,0,0.205,3,0.710,0,0,yolo,97.5,yolo,0,0,0,0.000,0,-1,0
1785731597.521,-3.359,-2.219,2.169,0.9975,0,2.516,0.219,3.538,0.2592,9.185,-0.568,-0.322,1.000,-3.538,-13.294,0.3774,-1.1680,-0.126,0.275,-1.159,1.062,2.200,-2.000,0.0083,0.068,nan,0.00,1,1,1,1,1,0.0000,0.693,0,0.203,2,0.724,0,0,yolo,99.1,yolo,0,0,0,0.000,0,-1,0
1785731597.552,-3.589,-2.215,1.872,0.9973,0,1.882,0.215,3.538,0.2713,9.185,-0.568,-0.322,1.000,-3.538,-5.471,-0.4146,0.0082,-0.139,-0.139,-1.151,1.073,2.200,-2.000,0.0083,0.070,nan,0.00,1,1,1,0,1,0.0000,0.693,0,0.203,2,0.724,0,0,yolo,99.1,yolo,0,0,0,0.000,0,-1,0
1785731597.584,-3.750,-2.213,1.579,0.9971,0,1.504,0.213,3.538,0.2718,9.185,-0.568,-0.322,1.000,-3.538,-5.254,-0.4298,0.0188,-0.155,-0.155,-1.140,1.085,2.200,-2.000,0.0083,0.071,nan,0.00,1,1,1,0,1,0.0000,0.693,0,0.203,2,0.718,0,0,yolo,99.1,yolo,0,0,0,0.000,0,-1,0
1785731597.615,-3.871,-2.212,1.286,0.9970,0,3.004,0.212,3.692,0.2551,9.375,-0.605,-0.244,1.000,-3.692,-14.000,0.7576,-2.0000,-0.172,0.281,-1.127,1.096,2.200,-2.000,0.0083,0.159,nan,0.00,1,1,1,1,1,0.0000,0.693,0,0.203,2,0.718,0,0,yolo,95.2,yolo,0,0,0,0.000,0,-1,0
1785731597.646,-3.871,-2.212,1.286,0.9970,0,1.528,0.212,3.692,0.2683,9.375,-0.605,-0.244,1.000,-3.692,-5.399,-0.4525,0.0000,-0.172,-0.172,-1.127,1.096,2.200,-2.000,0.0082,0.159,nan,0.00,1,1,1,0,1,0.0000,0.670,0,0.184,2,0.736,0,0,yolo,95.2,yolo,0,0,0,0.000,0,-1,0
1785731597.677,-4.143,-2.213,0.981,0.9966,0,1.028,0.213,3.692,0.2690,9.375,-0.605,-0.244,1.000,-3.692,-5.171,-0.4686,0.0163,-0.188,-0.188,-1.111,1.108,2.200,-2.000,0.0082,0.162,nan,0.00,1,1,1,0,1,0.0000,0.670,0,0.184,2,0.736,0,0,yolo,95.2,yolo,0,0,0,0.000,0,-1,0
1785731597.708,-4.226,-2.215,0.672,0.9965,0,2.228,0.215,3.257,0.2523,9.210,-0.524,-0.147,1.000,-3.257,-6.454,-0.6992,-0.8560,-0.208,0.195,-1.092,1.119,2.200,-2.000,0.0082,0.248,nan,0.00,1,1,1,1,1,0.0000,0.666,0,0.180,2,0.748,0,0,yolo,97.2,yolo,0,0,0,0.000,0,-1,0
1785731597.745,-4.386,-2.216,0.413,0.9963,0,0.728,0.216,3.257,0.2665,9.210,-0.524,-0.147,1.000,-3.257,-3.936,-0.4205,0.0193,-0.226,-0.226,-1.072,1.130,2.200,-2.000,0.0082,0.250,nan,0.00,1,1,1,0,1,0.0000,0.220,0,0.175,0,0.758,0,0,yolo,97.2,yolo,0,0,0,0.000,0,-1,0
1785731597.770,-4.461,-2.215,0.185,0.9962,0,-0.772,0.215,3.257,0.2675,9.210,-0.524,-0.147,1.000,-3.257,-3.654,-0.4402,0.0400,-0.246,-0.246,-1.052,1.140,2.200,-2.000,0.0082,0.250,nan,0.00,1,1,1,0,1,0.0000,0.440,0,0.175,0,0.758,0,0,yolo,97.2,yolo,0,0,0,0.000,0,-1,0
1785731597.801,-4.385,-2.215,-0.064,0.9963,0,0.211,0.215,2.723,0.2508,9.022,-0.429,-0.026,1.000,-2.723,-4.596,-0.6310,-0.7891,-0.269,0.099,-1.028,1.151,2.095,-2.000,0.0081,0.355,nan,0.00,1,1,1,1,1,0.0000,0.553,0,0.178,1,0.760,0,0,yolo,90.9,yolo,0,0,0,0.000,0,-1,0
1785731597.832,-4.404,-2.213,-0.310,0.9963,0,-1.289,0.213,2.723,0.2636,9.022,-0.429,-0.026,1.000,-2.723,-2.050,-0.3929,0.0276,-0.294,-0.294,-1.000,1.162,2.095,-2.000,0.0081,0.355,nan,0.00,1,1,1,0,1,0.0000,0.553,0,0.178,1,0.760,0,0,yolo,90.9,yolo,0,0,0,0.000,0,-1,0
1785731597.863,-4.404,-2.213,-0.310,0.9963,0,-2.354,0.213,2.723,0.2636,9.022,-0.429,-0.026,1.000,-2.723,-2.050,-0.3929,0.0276,-0.294,-0.294,-1.000,1.162,2.095,-2.000,0.0080,0.355,nan,0.00,1,1,1,0,1,0.0000,0.316,0,0.151,0,0.782,0,0,yolo,90.9,yolo,0,0,0,0.000,0,-1,0
1785731597.894,-4.300,-2.209,-0.515,0.9964,0,-1.843,0.209,2.302,0.2469,8.745,-0.352,0.122,1.000,-2.302,-2.456,-0.6416,-1.2964,-0.318,-0.009,-0.973,1.173,1.965,-2.000,0.0080,0.485,nan,0.00,1,1,1,1,1,0.0000,0.422,0,0.152,1,0.798,0,0,yolo,95.3,yolo,0,0,0,0.000,0,-1,0
1785731597.925,-4.093,-2.205,-0.722,0.9967,0,-3.343,0.205,2.302,0.2592,8.745,-0.352,0.122,1.000,-2.302,-0.738,-0.3324,0.0194,-0.342,-0.342,-0.954,1.184,1.967,-2.000,0.0079,0.483,nan,0.00,1,1,1,0,1,0.0000,0.422,0,0.152,1,0.798,0,0,yolo,95.3,yolo,0,0,0,0.000,0,-1,0
1785731597.956,-3.814,-2.200,-0.912,0.9970,0,-3.422,0.200,2.302,0.2600,8.745,-0.352,0.122,1.000,-2.302,-0.392,-0.3558,0.0395,-0.365,-0.365,-0.934,1.194,1.969,-2.000,0.0079,0.481,nan,0.00,1,1,1,0,1,0.0000,0.158,0,0.152,0,0.805,0,0,yolo,95.3,yolo,0,0,0,0.000,0,-1,0
1785731597.987,-3.530,-2.194,-1.078,0.9974,0,-4.922,0.194,1.416,0.2434,8.717,-0.216,0.227,1.000,-1.416,9.504,-2.0219,-1.3867,-0.387,-0.298,-0.912,1.204,1.877,-2.000,0.0078,0.573,nan,0.00,1,1,1,1,1,0.0000,0.423,0,0.154,1,0.819,0,0,yolo,94.4,yolo,0,0,0,0.000,0,-1,0
1785731598.012,-3.131,-2.185,-1.205,0.9978,0,-4.172,0.185,1.416,0.2564,8.717,-0.216,0.227,1.000,-1.416,1.041,-0.1108,0.0259,-0.409,-0.409,-0.886,1.214,1.880,-2.000,0.0078,0.570,nan,0.00,1,1,1,0,1,0.0000,0.318,0,0.154,0,0.824,0,0,yolo,94.4,yolo,0,0,0,0.000,0,-1,0
1785731598.034,-3.131,-2.185,-1.205,0.9978,0,-4.172,0.185,1.416,0.2564,8.717,-0.216,0.227,1.000,-1.416,1.041,-0.1108,0.0259,-0.409,-0.409,-0.886,1.214,1.880,-2.000,0.0077,0.570,nan,0.00,1,1,1,0,1,0.0000,0.318,0,0.154,0,0.824,0,0,yolo,94.4,yolo,0,0,0,0.000,0,-1,0
1785731598.064,-2.755,-2.173,-1.304,0.9981,0,-5.672,0.173,0.616,0.2397,8.663,-0.093,0.339,1.000,-0.616,12.505,-1.8139,-1.5127,-0.429,-0.502,-0.855,1.224,1.779,-2.000,0.0077,0.671,nan,0.00,1,1,1,1,1,0.0000,0.317,0,0.153,0,0.821,0,0,yolo,92.8,yolo,0,0,0,0.000,0,-1,0
1785731598.104,-2.263,-2.160,-1.368,0.9985,0,-4.906,0.160,0.616,0.2539,8.663,-0.093,0.339,1.000,-0.616,2.643,0.0532,0.0437,-0.449,-0.449,-0.811,1.234,1.781,-2.000,0.0076,0.669,nan,0.00,1,1,1,0,1,0.0000,0.314,0,0.148,0,0.841,0,0,yolo,92.8,yolo,0,0,0,0.000,0,-1,0
1785731598.147,-1.770,-2.145,-1.410,0.9988,0,-4.674,0.145,0.616,0.2562,8.663,-0.093,0.339,1.000,-0.616,2.904,0.0356,0.0971,-0.466,-0.466,-0.758,1.245,1.784,-2.000,0.0075,0.666,nan,0.00,1,1,1,0,1,0.0000,0.314,0,0.148,0,0.841,2,0,yolo,92.8,yolo,0,0,0,0.000,0,-1,0
1785731598.189,-1.322,-2.132,-1.463,0.9990,0,-6.174,0.132,-0.124,0.2396,8.667,0.019,0.423,1.000,0.124,9.821,-0.8403,-0.5935,-0.479,-0.536,-0.705,1.255,1.705,-2.000,0.0075,0.745,nan,0.00,1,1,1,1,1,0.0000,0.314,0,0.149,0,0.812,0,0,yolo,92.2,yolo,0,0,0,0.000,0,-1,0
1785731598.220,-0.825,-2.119,-1.511,0.9992,0,-5.734,0.119,-0.124,0.2512,8.667,0.019,0.423,1.000,0.124,4.908,0.0477,0.0434,-0.488,-0.488,-0.662,1.264,1.707,-2.000,0.0074,0.743,nan,0.00,1,1,1,0,1,0.0000,0.317,0,0.154,0,0.805,0,0,yolo,92.2,yolo,0,0,0,0.000,0,-1,0
1785731598.256,-0.299,-2.107,-1.484,0.9993,0,-7.234,0.107,-0.827,0.2346,8.566,0.124,0.508,1.000,0.827,13.391,-1.0510,-0.7909,-0.495,-0.606,-0.621,1.273,1.628,-2.000,0.0073,0.822,nan,0.00,1,1,1,1,1,0.0000,0.321,0,0.160,0,0.835,0,0,yolo,91.5,yolo,0,0,0,0.000,0,-1,0
1785731598.300,0.311,-2.098,-1.435,0.9993,0,-6.239,-0.402,-0.827,0.2489,8.566,0.124,0.508,1.000,0.827,6.550,0.1057,0.0476,-0.500,-0.500,-0.573,1.280,1.628,-2.500,0.0072,0.822,nan,0.00,1,1,1,0,1,0.0000,0.321,0,0.160,0,0.835,1,0,yolo,91.5,yolo,0,0,0,0.000,0,-1,0
1785731598.327,0.854,-2.129,-1.361,0.9992,0,-5.705,-0.371,-0.827,0.2509,8.566,0.124,0.508,1.000,0.827,6.559,0.1051,0.0984,-0.501,-0.501,-0.522,1.288,1.622,-2.500,0.0071,0.828,nan,0.00,1,1,1,0,1,0.0000,0.294,0,0.212,1,0.821,0,0,yolo,91.5,yolo,0,0,0,0.000,0,-1,0
1785731598.359,1.347,-2.164,-1.292,0.9990,0,-7.205,-0.143,-1.490,0.2343,8.473,0.220,0.591,1.000,1.490,14.000,-1.4710,-1.3209,-0.496,-0.702,-0.471,1.295,1.534,-2.308,0.0070,0.916,nan,0.00,1,1,1,1,1,0.0000,0.473,0,0.216,0,0.802,0,0,yolo,93.6,yolo,0,0,0,0.000,0,-1,0
1785731598.389,2.086,-2.180,-1.170,0.9986,0,-5.705,-0.086,-1.490,0.2464,8.473,0.220,0.591,1.000,1.490,7.602,0.2133,0.0618,-0.488,-0.488,-0.409,1.304,1.529,-2.266,0.0069,0.921,nan,0.00,1,1,1,0,1,0.0000,0.473,0,0.216,0,0.802,0,0,yolo,93.6,yolo,0,0,0,0.000,0,-1,0
1785731598.420,2.086,-2.180,-1.170,0.9986,0,-5.516,-0.175,-1.490,0.2463,8.473,0.220,0.591,1.000,1.490,7.602,0.2133,0.0618,-0.488,-0.488,-0.409,1.304,1.529,-2.355,0.0069,0.921,nan,0.00,1,1,1,0,1,0.0000,0.332,0,0.178,0,0.794,0,0,yolo,93.6,yolo,0,0,0,0.000,0,-1,0
1785731598.457,2.607,-2.201,-1.028,0.9982,0,-7.016,0.060,-2.004,0.2297,8.423,0.295,0.653,1.000,2.004,14.000,-0.5659,-0.5059,-0.475,-0.626,-0.349,1.312,1.462,-2.141,0.0068,0.988,nan,0.00,1,1,1,1,1,0.0000,0.335,0,0.183,0,0.780,0,0,yolo,93.5,yolo,0,0,0,0.000,0,-1,0
1785731598.482,3.213,-2.206,-0.880,0.9977,0,-5.657,0.102,-2.004,0.2440,8.423,0.295,0.653,1.000,2.004,8.870,0.1650,0.0567,-0.461,-0.461,-0.292,1.319,1.458,-2.103,0.0067,0.992,nan,0.00,1,1,1,0,1,0.0000,0.335,0,0.183,0,0.780,0,0,yolo,93.5,yolo,0,0,0,0.000,0,-1,0
1785731598.515,3.725,-2.205,-0.712,0.9971,0,-4.859,0.132,-2.004,0.2466,8.423,0.295,0.653,1.000,2.004,8.584,0.1839,0.1152,-0.442,-0.442,-0.234,1.327,1.456,-2.073,0.0066,0.994,nan,0.00,1,1,1,0,1,0.0000,0.480,0,0.225,0,0.745,0,0,yolo,93.5,yolo,0,0,0,0.000,0,-1,0
1785731598.550,4.156,-2.205,-0.547,0.9966,0,-6.359,0.246,-2.414,0.2300,7.995,0.337,0.700,1.000,2.414,14.000,-0.5725,-0.3544,-0.419,-0.532,-0.172,1.334,1.421,-1.960,0.0066,1.029,nan,0.00,1,1,1,1,1,0.0000,0.480,0,0.225,0,0.745,2,0,yolo,92.7,yolo,0,0,0,0.000,0,-1,0
1785731598.578,4.156,-2.205,-0.547,0.9966,0,-5.800,0.169,-2.414,0.2405,7.995,0.337,0.700,1.000,2.414,9.957,0.1130,0.0000,-0.419,-0.419,-0.172,1.334,1.421,-2.036,0.0066,1.029,nan,0.00,1,1,1,0,1,0.0000,0.484,0,0.231,0,0.709,0,0,yolo,92.7,yolo,0,0,0,0.000,0,-1,0
1785731598.608,4.711,-2.200,-0.368,0.9959,0,-4.852,0.210,-2.414,0.2433,7.995,0.337,0.700,1.000,2.414,9.563,0.1381,0.0598,-0.394,-0.394,-0.113,1.341,1.419,-1.990,0.0066,1.031,nan,0.00,1,1,1,0,1,0.0000,0.486,0,0.233,0,0.709,0,0,yolo,92.7,yolo,0,0,0,0.000,0,-1,0
1785731598.639,5.242,-2.202,-0.163,0.9951,0,-6.352,0.362,-2.931,0.2266,8.042,0.412,0.734,1.000,2.931,14.000,-2.1775,-1.3790,-0.364,-0.715,-0.049,1.349,1.373,-1.840,0.0066,1.077,nan,0.00,1,1,1,1,1,0.0000,0.486,0,0.233,0,0.709,0,0,yolo,91.4,yolo,0,0,0,0.000,0,-1,0
1785731598.669,5.796,-2.204,0.056,0.9942,0,-4.852,0.407,-2.931,0.2424,8.042,0.412,0.734,1.000,2.931,8.916,0.3848,0.0625,-0.330,-0.330,0.013,1.356,1.369,-1.797,0.0066,1.081,nan,0.00,1,1,1,0,1,0.0000,0.485,0,0.231,0,0.698,0,0,yolo,91.4,yolo,0,0,0,0.000,0,-1,0
1785731598.705,6.252,-2.193,0.316,0.9933,0,-3.352,0.424,-2.931,0.2459,8.042,0.412,0.734,1.000,2.931,8.338,0.4218,0.1369,-0.293,-0.293,0.088,1.363,1.368,-1.769,0.0066,1.082,nan,0.00,1,1,1,0,1,0.0000,0.487,0,0.234,0,0.675,0,0,yolo,91.4,yolo,0,0,0,0.000,0,-1,0
1785731598.733,6.541,-2.183,0.545,0.9928,0,-4.852,0.510,-3.285,0.2292,8.017,0.460,0.762,1.000,3.285,14.000,-0.3718,-0.2407,-0.257,-0.528,0.148,1.370,1.336,-1.673,0.0066,1.114,nan,0.00,1,1,1,1,1,0.0000,0.487,0,0.234,0,0.675,0,0,yolo,92.5,yolo,0,0,0,0.000,0,-1,0
1785731598.764,6.978,-2.170,0.806,0.9919,0,-3.352,0.518,-3.285,0.2422,8.017,0.460,0.762,1.000,3.285,8.970,0.3112,0.0700,-0.217,-0.217,0.218,1.377,1.335,-1.652,0.0066,1.115,nan,0.00,1,1,1,0,1,0.0000,0.487,0,0.234,0,0.641,0,0,yolo,92.5,yolo,0,0,0,0.000,0,-1,0
1785731598.801,6.978,-2.170,0.806,0.9919,0,-4.852,0.441,-3.535,0.2402,7.552,0.467,0.777,1.000,3.535,14.000,-0.4945,0.0248,-0.217,-0.386,0.218,1.377,1.337,-1.729,0.0066,1.113,nan,0.00,1,1,1,1,1,0.0000,0.487,0,0.234,0,0.641,1,0,yolo,91.0,yolo,0,0,0,0.000,0,-1,0
1785731598.827,7.292,-2.158,1.081,0.9912,0,-3.352,0.468,-3.535,0.2422,7.552,0.467,0.777,1.000,3.535,9.760,0.2115,0.0658,-0.175,-0.175,0.284,1.384,1.336,-1.690,0.0066,1.114,nan,0.00,1,1,1,0,1,0.0000,0.487,0,0.233,0,0.669,0,0,yolo,91.0,yolo,0,0,0,0.000,0,-1,0
1785731598.858,7.681,-2.156,1.347,0.9903,0,-1.852,0.500,-3.535,0.2448,7.552,0.467,0.777,1.000,3.535,9.072,0.2536,0.1200,-0.133,-0.133,0.338,1.390,1.334,-1.657,0.0066,1.116,nan,0.00,1,1,1,0,1,0.0000,0.491,0,0.239,0,0.778,0,0,yolo,91.0,yolo,0,0,0,0.000,0,-1,0
1785731598.889,7.870,-2.151,1.634,0.9899,0,-3.352,0.559,-3.691,0.2293,7.512,0.485,0.790,1.000,3.691,13.682,-0.3057,-0.2139,-0.088,-0.257,0.393,1.397,1.320,-1.592,0.0066,1.130,nan,0.00,1,1,1,1,1,0.0000,0.491,0,0.239,0,0.778,0,0,yolo,89.2,yolo,0,0,0,0.000,0,-1,0
1785731598.919,8.147,-2.144,1.933,0.9892,0,-1.852,0.582,-3.691,0.2421,7.512,0.485,0.790,1.000,3.691,8.618,0.2160,0.0642,-0.041,-0.041,0.458,1.404,1.319,-1.563,0.0066,1.131,nan,0.00,1,1,1,0,1,0.0000,0.477,0,0.222,0,0.853,0,0,yolo,89.2,yolo,0,0,0,0.000,0,-1,0
1785731598.950,8.332,-2.135,2.237,0.9888,0,-0.352,0.598,-3.691,0.2449,7.512,0.485,0.790,1.000,3.691,7.839,0.2635,0.1230,0.006,0.006,0.516,1.411,1.319,-1.537,0.0066,1.131,nan,0.00,1,1,1,0,1,0.0000,0.477,0,0.222,0,0.853,0,0,yolo,89.2,yolo,0,0,0,0.000,0,-1,0
1785731598.982,8.332,-2.135,2.237,0.9888,0,-1.852,0.488,-3.723,0.2471,7.220,0.470,0.787,1.000,3.723,10.796,-0.0408,0.1604,0.006,-0.108,0.516,1.411,1.335,-1.647,0.0066,1.115,nan,0.00,1,1,1,1,1,0.0000,0.484,0,0.230,0,0.836,0,0,yolo,91.4,yolo,0,0,0,0.000,0,-1,0
1785731599.018,8.364,-2.126,2.536,0.9887,0,-0.352,0.520,-3.723,0.2424,7.220,0.470,0.787,1.000,3.723,7.887,0.1606,0.0571,0.052,0.052,0.573,1.418,1.336,-1.606,0.0066,1.114,nan,0.00,1,1,1,0,1,0.0000,0.467,0,0.209,0,0.853,0,0,yolo,91.4,yolo,0,0,0,0.000,0,-1,0
1785731599.045,8.534,-2.127,2.847,0.9882,0,1.148,0.567,-3.723,0.2452,7.220,0.470,0.787,1.000,3.723,7.041,0.2107,0.1149,0.102,0.102,0.631,1.425,1.335,-1.560,0.0066,1.115,nan,0.00,1,1,1,0,1,0.0000,0.467,0,0.209,0,0.853,0,0,yolo,91.4,yolo,0,0,0,0.000,0,-1,0
1785731599.077,8.430,-2.120,3.175,0.9885,0,0.703,0.568,-3.597,0.2463,7.225,0.454,0.777,1.000,3.597,7.728,0.1590,0.1325,0.151,0.040,0.691,1.433,1.348,-1.552,0.0066,1.102,nan,0.00,1,1,1,1,1,0.0000,0.489,0,0.236,0,0.829,0,0,yolo,93.8,yolo,0,0,0,0.000,0,-1,0
1785731599.112,8.360,-2.112,3.471,0.9887,0,2.203,0.584,-3.597,0.2423,7.225,0.454,0.777,1.000,3.597,5.891,0.1561,0.0459,0.196,0.196,0.737,1.440,1.349,-1.528,0.0066,1.101,nan,0.00,1,1,1,0,1,0.0000,0.366,0,0.235,0,0.826,0,0,yolo,93.8,yolo,0,0,0,0.000,0,-1,0
1785731599.137,8.179,-2.102,3.765,0.9892,0,3.011,0.594,-3.597,0.2444,7.225,0.454,0.777,1.000,3.597,5.168,0.1989,0.0919,0.239,0.239,0.783,1.448,1.352,-1.507,0.0066,1.098,nan,0.00,1,1,1,0,1,0.0000,0.609,0,0.234,1,0.811,0,0,yolo,93.8,yolo,0,0,0,0.000,0,-1,0
1785731599.168,8.179,-2.102,3.765,0.9892,0,3.011,0.519,-3.597,0.2444,7.225,0.454,0.777,1.000,3.597,5.168,0.1989,0.0919,0.239,0.239,0.783,1.448,1.352,-1.583,0.0066,1.098,nan,0.00,1,1,1,0,1,0.0000,0.609,0,0.234,1,0.811,0,0,yolo,93.8,yolo,0,0,0,0.000,0,-1,0
1785731599.199,7.913,-2.089,4.057,0.9898,0,2.847,0.486,-3.338,0.2611,7.148,0.417,0.762,1.000,3.338,5.066,0.2422,0.1977,0.277,0.172,0.827,1.455,1.378,-1.603,0.0066,1.072,nan,0.00,1,1,1,1,1,0.0000,0.481,0,0.226,0,0.809,0,0,yolo,103.1,yolo,0,0,0,0.000,0,-1,0
1785731599.231,7.666,-2.082,4.333,0.9904,0,3.766,0.508,-3.338,0.2732,7.148,0.417,0.762,1.000,3.338,3.899,0.1398,0.0422,0.312,0.312,0.869,1.463,1.380,-1.574,0.0066,1.070,nan,0.00,1,1,1,0,1,0.0000,0.481,0,0.226,0,0.809,0,0,yolo,103.1,yolo,0,0,0,0.000,0,-1,0
1785731599.261,7.329,-2.072,4.615,0.9912,0,4.015,0.527,-3.338,0.2730,7.148,0.417,0.762,1.000,3.338,3.314,0.1742,0.0813,0.347,0.347,0.908,1.470,1.383,-1.545,0.0066,1.067,nan,0.00,1,1,1,0,1,0.0000,0.483,0,0.229,0,0.791,0,0,yolo,103.1,yolo,0,0,0,0.000,0,-1,0
1785731599.299,6.998,-2.058,4.860,0.9919,0,4.237,0.446,-2.946,0.2728,7.075,0.364,0.739,1.000,2.946,2.761,0.4838,0.3486,0.376,0.180,0.935,1.477,1.418,-1.612,0.0066,1.032,nan,0.00,1,1,1,1,1,0.0000,0.609,0,0.234,1,0.768,0,0,yolo,99.4,yolo,0,0,0,0.000,0,-1,0
1785731599.325,6.681,-2.048,5.073,0.9926,0,5.269,0.441,-2.946,0.2726,7.075,0.364,0.739,1.000,2.946,1.411,0.2199,0.0145,0.400,0.400,0.950,1.484,1.421,-1.607,0.0066,1.029,nan,0.00,1,1,1,0,1,0.0000,0.609,0,0.234,1,0.768,0,0,yolo,99.4,yolo,0,0,0,0.000,0,-1,0
1785731599.356,6.264,-2.036,5.281,0.9934,0,5.240,0.437,-2.946,0.2724,7.075,0.364,0.739,1.000,2.946,1.024,0.2424,0.0194,0.423,0.423,0.955,1.490,1.425,-1.599,0.0066,1.025,nan,0.00,1,1,1,0,1,0.0000,0.602,0,0.227,1,0.765,0,0,yolo,99.4,yolo,0,0,0,0.000,0,-1,0
1785731599.385,5.824,-2.021,5.500,0.9942,0,6.740,0.309,-2.382,0.2789,6.955,0.289,0.702,1.000,2.382,-2.730,1.0282,0.8001,0.443,0.287,0.949,1.497,1.478,-1.712,0.0065,0.972,nan,0.00,1,1,1,1,1,0.0000,0.607,0,0.232,1,0.778,0,0,yolo,98.1,yolo,0,0,0,0.000,0,-1,0
1785731599.421,5.265,-2.013,5.697,0.9952,0,5.844,0.312,-2.382,0.2717,6.955,0.289,0.702,1.000,2.382,-0.580,0.1723,-0.0118,0.459,0.459,0.938,1.504,1.481,-1.701,0.0064,0.969,nan,0.00,1,1,1,0,1,0.0000,0.607,0,0.232,1,0.778,2,0,yolo,98.1,yolo,0,0,0,0.000,0,-1,0
1785731599.448,5.265,-2.013,5.697,0.9952,0,5.844,0.239,-2.382,0.2716,6.955,0.289,0.702,1.000,2.382,-0.580,0.1723,-0.0118,0.459,0.459,0.938,1.504,1.481,-1.774,0.0063,0.969,nan,0.00,1,1,1,0,1,0.0000,0.610,0,0.235,1,0.785,0,0,yolo,98.1,yolo,0,0,0,0.000,0,-1,0
1785731599.480,4.747,-2.001,5.876,0.9960,0,7.344,0.049,-1.488,0.2845,6.565,0.171,0.640,1.000,1.488,-6.451,1.0235,0.8794,0.475,0.386,0.923,1.511,1.569,-1.952,0.0062,0.881,nan,0.00,1,1,1,1,1,0.0000,0.611,0,0.236,1,0.752,0,0,yolo,104.9,yolo,0,0,0,0.000,0,-1,0
1785731599.511,4.253,-1.992,6.055,0.9966,0,7.397,0.068,-1.488,0.2710,6.565,0.171,0.640,1.000,1.488,-3.145,0.1001,-0.0141,0.486,0.486,0.909,1.518,1.571,-1.924,0.0061,0.879,nan,0.00,1,1,1,0,1,0.0000,0.611,0,0.236,1,0.752,0,0,yolo,104.9,yolo,0,0,0,0.000,0,-1,0
1785731599.547,3.575,-1.996,6.198,0.9974,0,6.841,0.102,-1.488,0.2707,6.565,0.171,0.640,1.000,1.488,-3.266,0.1068,-0.0290,0.493,0.493,0.894,1.525,1.572,-1.895,0.0060,0.878,nan,0.00,1,1,1,0,1,0.0000,0.618,0,0.243,1,0.740,1,0,yolo,104.9,yolo,0,0,0,0.000,0,-1,0
1785731599.581,2.928,-1.994,6.299,0.9981,0,8.341,-0.089,-0.473,0.2749,6.217,0.051,0.576,1.000,0.473,-9.134,0.8261,0.6282,0.497,0.448,0.880,1.531,1.656,-2.083,0.0059,0.794,nan,0.00,1,1,1,1,1,0.0000,0.618,0,0.243,1,0.740,1,0,yolo,98.6,yolo,0,0,0,0.000,0,-1,0
1785731599.621,2.196,-2.003,6.356,0.9987,0,8.106,-0.061,-0.473,0.2702,6.217,0.051,0.576,1.000,0.473,-5.910,0.0482,-0.0126,0.496,0.496,0.868,1.538,1.655,-2.064,0.0058,0.795,nan,0.00,1,1,1,0,1,0.0000,0.618,0,0.243,1,0.750,0,0,yolo,98.6,yolo,0,0,0,0.000,0,-1,0
1785731599.652,1.411,-2.008,6.378,0.9991,0,7.223,-0.035,-0.473,0.2700,6.217,0.051,0.576,1.000,0.473,-5.812,0.0430,-0.0246,0.491,0.491,0.856,1.544,1.655,-2.044,0.0058,0.795,nan,0.00,1,1,1,0,1,0.0000,0.617,0,0.242,1,0.737,0,0,yolo,98.6,yolo,0,0,0,0.000,0,-1,0
1785731599.689,0.743,-2.010,6.414,0.9993,0,8.723,-0.206,0.610,0.2867,5.956,-0.063,0.511,0.993,-0.608,-14.000,1.6865,1.1380,0.482,0.613,0.845,1.551,1.731,-2.216,0.0057,0.719,nan,0.00,1,1,1,1,1,0.0000,0.613,0,0.238,1,0.753,0,0,yolo,98.2,yolo,0,0,0,0.000,0,-1,0
1785731599.731,-0.044,-2.029,6.398,0.9994,0,7.439,-0.169,0.614,0.2700,5.956,-0.063,0.511,0.993,-0.608,-7.482,-0.1454,-0.0136,0.468,0.468,0.831,1.557,1.728,-2.198,0.0056,0.722,nan,0.00,1,1,1,0,1,0.0000,0.611,0,0.236,1,0.773,0,0,yolo,98.2,yolo,0,0,0,0.000,0,-1,0
1785731599.768,-0.721,-2.043,6.325,0.9993,0,6.465,-0.140,0.617,0.2697,5.956,-0.063,0.511,0.993,-0.608,-7.186,-0.1608,-0.0285,0.453,0.453,0.816,1.563,1.726,-2.184,0.0055,0.724,nan,0.00,1,1,1,0,1,0.0000,0.612,0,0.237,1,0.808,0,0,yolo,98.2,yolo,0,0,0,0.000,0,-1,0
1785731599.795,-1.252,-2.054,6.271,0.9991,0,7.965,-0.287,1.596,0.2718,5.732,-0.156,0.451,0.955,-1.563,-14.000,0.7161,0.4856,0.437,0.571,0.807,1.568,1.790,-2.341,0.0055,0.660,nan,0.00,1,1,1,1,1,0.0000,0.482,0,0.228,1,0.861,0,0,yolo,108.3,yolo,0,0,0,0.000,0,-1,0
1785731599.826,-1.917,-2.080,6.185,0.9988,0,7.020,-0.242,1.611,0.2551,5.732,-0.156,0.451,0.955,-1.563,-8.937,-0.1545,-0.0095,0.416,0.416,0.797,1.574,1.786,-2.322,0.0054,0.664,nan,0.00,1,1,1,0,1,0.0000,0.482,0,0.228,1,0.861,0,0,yolo,108.3,yolo,0,0,0,0.000,0,-1,0
1785731599.857,-2.556,-2.107,6.038,0.9983,0,5.928,-0.191,1.622,0.2493,5.732,-0.156,0.451,0.955,-1.563,-8.484,-0.1784,-0.0089,0.392,0.392,0.798,1.579,1.782,-2.298,0.0053,0.668,nan,0.00,1,1,1,0,1,0.0000,0.704,0,0.212,2,0.873,0,0,yolo,108.3,yolo,0,0,0,0.000,0,-1,0
1785731599.888,-2.556,-2.107,6.038,0.9983,0,7.428,-0.393,2.805,0.2660,5.532,-0.262,0.367,0.922,-2.711,-14.000,1.6631,1.2932,0.392,0.658,0.798,1.579,1.868,-2.500,0.0053,0.582,nan,0.00,1,1,1,1,1,0.0000,0.298,0,0.222,1,0.841,0,0,yolo,97.7,yolo,0,0,0,0.000,0,-1,0
1785731599.928,-3.133,-2.132,5.886,0.9978,0,6.944,-0.368,2.864,0.2698,5.532,-0.262,0.367,0.922,-2.711,-10.077,-0.2940,0.0232,0.364,0.364,0.821,1.586,1.863,-2.500,0.0052,0.587,nan,0.00,1,1,1,0,1,0.0000,0.594,0,0.219,1,0.841,0,0,yolo,97.7,yolo,0,0,0,0.000,0,-1,0
1785731599.966,-3.911,-2.189,5.655,0.9969,0,5.499,-0.271,2.909,0.2700,5.532,-0.262,0.367,0.922,-2.711,-9.410,-0.3294,0.0515,0.328,0.328,0.849,1.593,1.855,-2.460,0.0052,0.595,nan,0.00,1,1,1,0,1,0.0000,0.594,0,0.219,1,0.841,0,0,yolo,97.7,yolo,0,0,0,0.000,0,-1,0
1785731600.002,-4.575,-2.243,5.387,0.9961,0,6.999,-0.257,3.726,0.2775,5.447,-0.347,0.287,0.908,-3.648,-14.000,0.6678,0.5124,0.292,0.539,0.875,1.599,1.923,-2.500,0.0051,0.527,nan,0.00,1,1,1,1,1,0.0000,0.597,0,0.222,1,0.837,1,0,yolo,100.0,yolo,0,0,0,0.000,0,-1,0
1785731600.028,-5.059,-2.285,5.154,0.9953,0,5.600,-0.215,3.674,0.2703,5.447,-0.347,0.287,0.908,-3.648,-10.659,-0.2822,0.0242,0.257,0.257,0.899,1.606,1.916,-2.500,0.0051,0.534,nan,0.00,1,1,1,0,1,0.0000,0.580,0,0.205,1,0.803,0,0,yolo,100.0,yolo,0,0,0,0.000,0,-1,0
1785731600.060,-5.561,-2.330,4.883,0.9945,0,4.388,-0.170,3.635,0.2705,5.447,-0.347,0.287,0.908,-3.648,-9.950,-0.3200,0.0374,0.219,0.219,0.913,1.613,1.909,-2.500,0.0050,0.541,nan,0.00,1,1,1,0,1,0.0000,0.572,0,0.197,1,0.758,0,0,yolo,100.0,yolo,0,0,0,0.000,0,-1,0
1785731600.091,-5.939,-2.373,4.594,0.9938,0,5.888,-0.127,4.116,0.2872,5.305,-0.394,0.224,0.884,-4.252,-14.000,0.8390,0.8679,0.184,0.446,0.910,1.619,1.967,-2.500,0.0050,0.483,nan,0.00,1,1,1,1,1,0.0000,0.572,0,0.197,1,0.758,0,0,yolo,104.3,yolo,0,0,0,0.000,0,-1,0
1785731600.121,-6.457,-2.420,4.277,0.9928,0,4.388,-0.080,4.079,0.2709,5.305,-0.394,0.224,0.884,-4.252,-10.088,-0.3032,-0.0097,0.143,0.143,0.900,1.626,1.959,-2.500,0.0049,0.491,nan,0.00,1,1,1,0,1,0.0000,0.566,0,0.191,1,0.743,0,0,yolo,104.3,yolo,0,0,0,0.000,0,-1,0
1785731600.152,-6.832,-2.462,3.968,0.9920,0,2.888,-0.038,4.051,0.2710,5.305,-0.394,0.224,0.884,-4.252,-9.365,-0.3420,-0.0218,0.104,0.104,0.888,1.633,1.953,-2.500,0.0049,0.497,nan,0.00,1,1,1,0,1,0.0000,0.566,0,0.191,1,0.743,0,0,yolo,104.3,yolo,0,0,0,0.000,0,-1,0
1785731600.183,-7.069,-2.504,3.657,0.9915,0,1.567,0.004,4.030,0.2711,5.305,-0.394,0.224,0.884,-4.252,-8.636,-0.3812,-0.0335,0.065,0.065,0.877,1.641,1.948,-2.500,0.0048,0.502,nan,0.00,1,1,1,0,1,0.0000,0.665,0,0.179,2,0.713,0,0,yolo,104.3,yolo,0,0,0,0.000,0,-1,0
1785731600.219,-7.069,-2.504,3.657,0.9915,0,3.067,0.004,4.600,0.2848,5.154,-0.435,0.129,0.859,-4.820,-14.000,0.3068,0.5737,0.065,0.291,0.877,1.641,2.043,-2.500,0.0048,0.407,nan,0.00,1,1,1,1,1,0.0000,0.665,0,0.179,2,0.713,1,0,yolo,100.2,yolo,0,0,0,0.000,0,-1,0
1785731600.246,-7.204,-2.541,3.359,0.9911,0,2.408,0.041,4.698,0.2711,5.154,-0.435,0.129,0.859,-4.820,-9.613,-0.2633,-0.0104,0.028,0.028,0.866,1.649,2.039,-2.500,0.0047,0.411,nan,0.00,1,1,1,0,1,0.0000,0.555,0,0.180,1,0.707,0,0,yolo,100.2,yolo,0,0,0,0.000,0,-1,0
1785731600.283,-7.379,-2.583,3.023,0.9907,0,1.484,0.083,4.771,0.2712,5.154,-0.435,0.129,0.859,-4.820,-8.863,-0.3038,-0.0205,-0.013,-0.013,0.856,1.658,2.034,-2.500,0.0047,0.416,nan,0.00,1,1,1,0,1,0.0000,0.555,0,0.180,1,0.707,2,0,yolo,100.2,yolo,0,0,0,0.000,0,-1,0
1785731600.325,-7.516,-2.628,2.618,0.9904,0,2.984,0.128,4.942,0.2879,4.960,-0.442,0.040,0.827,-5.090,-13.503,0.2334,0.9072,-0.052,0.142,0.852,1.667,2.117,-2.500,0.0047,0.325,nan,0.00,1,1,1,1,1,0.0000,0.509,0,0.134,2,0.689,0,0,yolo,106.4,yolo,0,0,0,0.000,0,-1,0
1785731600.360,-7.638,-2.672,2.237,0.9900,0,1.484,0.172,4.911,0.2713,4.960,-0.442,0.040,0.827,-5.090,-8.262,-0.2332,-0.0050,-0.091,-0.091,0.847,1.676,2.113,-2.500,0.0046,0.330,nan,0.00,1,1,1,0,1,0.0000,0.509,0,0.134,2,0.689,1,0,yolo,106.4,yolo,0,0,0,0.000,0,-1,0
1785731600.393,-7.896,-2.713,1.860,0.9894,0,2.207,0.213,4.781,0.2880,4.777,-0.425,-0.051,0.796,-5.088,-10.102,-0.0028,1.4405,-0.132,-0.001,0.837,1.686,2.155,-2.500,0.0046,0.234,nan,0.00,1,1,1,1,1,0.0000,0.506,0,0.131,2,0.651,0,0,yolo,99.0,yolo,0,0,0,0.000,0,-1,0
1785731600.419,-8.084,-2.747,1.488,0.9889,0,0.707,0.247,4.709,0.2716,4.777,-0.425,-0.051,0.796,-5.088,-6.975,-0.1723,-0.0163,-0.173,-0.173,0.821,1.696,2.155,-2.500,0.0046,0.238,nan,0.00,1,1,1,0,1,0.0000,0.603,0,0.127,3,0.647,0,0,yolo,99.0,yolo,0,0,0,0.000,0,-1,0
1785731600.451,-8.131,-2.778,1.124,0.9888,0,-0.793,0.278,4.654,0.2716,4.777,-0.425,-0.051,0.796,-5.088,-6.249,-0.2121,-0.0330,-0.213,-0.213,0.804,1.706,2.155,-2.500,0.0046,0.241,nan,0.00,1,1,1,0,1,0.0000,0.603,0,0.127,3,0.647,0,0,yolo,99.0,yolo,0,0,0,0.000,0,-1,0
1785731600.481,-8.055,-2.806,0.761,0.9889,0,-2.293,0.306,4.614,0.2620,4.777,-0.425,-0.051,0.796,-5.088,-5.549,-0.2504,-0.0472,-0.251,-0.251,0.790,1.717,2.155,-2.500,0.0045,0.243,nan,0.00,1,1,1,0,1,0.0000,0.598,0,0.123,3,0.631,0,0,yolo,99.0,yolo,0,0,0,0.000,0,-1,0
1785731600.514,-7.854,-2.830,0.400,0.9894,0,-2.047,0.330,4.353,0.2787,4.584,-0.386,-0.143,0.764,-4.807,-5.806,-0.2243,1.0575,-0.287,-0.177,0.784,1.728,2.117,-2.500,0.0045,0.137,nan,0.00,1,1,1,1,1,0.0000,0.598,0,0.123,3,0.626,0,0,yolo,96.8,yolo,0,0,0,0.000,0,-1,0
1785731600.545,-7.854,-2.830,0.400,0.9894,0,-3.181,0.330,4.374,0.2672,4.584,-0.386,-0.143,0.764,-4.807,-4.673,-0.1100,0.0000,-0.287,-0.287,0.784,1.728,2.117,-2.500,0.0045,0.137,nan,0.00,1,1,1,0,1,0.0000,0.604,0,0.128,3,0.627,0,0,yolo,96.8,yolo,0,0,0,0.000,0,-1,0
1785731600.580,-7.671,-2.849,0.054,0.9898,0,-3.623,0.349,4.389,0.2669,4.584,-0.386,-0.143,0.764,-4.807,-4.049,-0.1444,-0.0031,-0.321,-0.321,0.781,1.739,2.117,-2.500,0.0045,0.137,nan,0.00,1,1,1,0,1,0.0000,0.298,0,0.122,3,0.657,0,0,yolo,96.8,yolo,0,0,0,0.000,0,-1,0
1785731600.621,-7.111,-2.877,-0.591,0.9911,0,-2.827,0.509,4.074,0.2836,4.417,-0.341,-0.227,0.736,-4.412,-4.284,-0.3043,0.9838,-0.379,-0.190,0.791,1.760,2.083,-2.367,0.0045,0.039,nan,0.00,1,1,1,1,1,0.0000,0.597,0,0.122,3,0.618,0,0,yolo,98.9,yolo,0,0,0,0.000,0,-1,0
1785731600.657,-6.837,-2.883,-0.904,0.9916,0,-4.327,0.525,4.092,0.2697,4.417,-0.341,-0.227,0.736,-4.412,-1.560,-0.2137,0.0027,-0.404,-0.404,0.794,1.771,2.083,-2.358,0.0045,0.038,nan,0.00,1,1,1,0,1,0.0000,0.309,0,0.139,3,0.623,1,0,yolo,98.9,yolo,0,0,0,0.000,0,-1,0
1785731600.683,-6.519,-2.875,-1.186,0.9923,0,-5.365,0.522,4.106,0.2693,4.417,-0.341,-0.227,0.736,-4.412,-1.154,-0.2363,-0.0047,-0.427,-0.427,0.787,1.781,2.083,-2.353,0.0045,0.035,nan,0.00,1,1,1,0,1,0.0000,0.250,0,0.124,2,0.608,0,0,yolo,98.9,yolo,0,0,0,0.000,0,-1,0
1785731600.715,-6.061,-2.866,-1.491,0.9932,0,-4.674,0.634,3.586,0.2860,4.217,-0.276,-0.303,0.703,-3.748,-1.387,-0.4891,0.9572,-0.447,-0.244,0.778,1.791,2.043,-2.231,0.0045,-0.061,nan,0.00,1,1,1,1,1,0.0000,0.490,0,0.115,2,0.596,0,0,yolo,100.4,yolo,0,0,0,0.000,0,-1,0
1785731600.748,-6.061,-2.866,-1.491,0.9932,0,-6.174,0.515,3.576,0.2722,4.217,-0.276,-0.303,0.703,-3.748,0.520,-0.2033,0.0000,-0.447,-0.447,0.778,1.791,2.043,-2.351,0.0045,-0.061,nan,0.00,1,1,1,0,1,0.0000,0.358,0,0.072,2,0.581,0,0,yolo,100.4,yolo,0,0,0,0.000,0,-1,0
1785731600.779,-5.656,-2.843,-1.784,0.9939,0,-6.522,0.550,3.569,0.2714,4.217,-0.276,-0.303,0.703,-3.748,0.866,-0.2227,-0.0155,-0.466,-0.466,0.763,1.802,2.043,-2.293,0.0045,-0.065,nan,0.00,1,1,1,0,1,0.0000,0.352,0,0.065,2,0.570,0,0,yolo,100.4,yolo,0,0,0,0.000,0,-1,0
1785731600.811,-5.117,-2.823,-2.057,0.9948,0,-5.248,0.681,2.977,0.2881,4.014,-0.220,-0.370,0.669,-3.143,0.131,-0.4237,0.8615,-0.482,-0.277,0.746,1.813,2.003,-2.142,0.0045,-0.151,nan,0.00,1,1,1,1,1,0.0000,0.255,0,0.050,1,0.559,0,0,yolo,106.1,yolo,0,0,0,0.000,0,-1,0
1785731600.848,-4.621,-2.788,-2.318,0.9956,0,-6.748,0.685,2.852,0.2735,4.014,-0.220,-0.370,0.669,-3.143,2.567,-0.2181,-0.0202,-0.496,-0.496,0.725,1.823,2.003,-2.103,0.0045,-0.155,nan,0.00,1,1,1,0,1,0.0000,0.255,0,0.051,1,0.552,0,0,yolo,106.1,yolo,0,0,0,0.000,0,-1,0
1785731600.874,-3.933,-2.738,-2.569,0.9965,0,-6.683,0.676,2.759,0.2724,4.014,-0.220,-0.370,0.669,-3.143,2.751,-0.2285,-0.0429,-0.506,-0.506,0.703,1.834,2.003,-2.062,0.0045,-0.162,nan,0.00,1,1,1,0,1,0.0000,0.255,0,0.051,1,0.552,0,0,yolo,106.1,yolo,0,0,0,0.000,0,-1,0
1785731600.905,-3.268,-2.687,-2.806,0.9973,0,-6.394,0.769,1.934,0.2891,3.800,-0.151,-0.443,0.633,-2.275,3.126,-0.5758,0.9300,-0.512,-0.342,0.679,1.844,1.956,-1.918,0.0046,-0.255,nan,0.00,1,1,1,1,1,0.0000,0.241,0,0.027,1,0.550,0,0,yolo,106.6,yolo,0,0,0,0.000,0,-1,0
1785731600.935,-3.268,-2.687,-2.806,0.9973,0,-7.540,0.661,1.759,0.2770,3.800,-0.151,-0.443,0.633,-2.275,4.272,-0.1699,0.0000,-0.512,-0.512,0.679,1.844,1.956,-2.027,0.0046,-0.255,nan,0.00,1,1,1,0,1,0.0000,0.120,0,0.024,1,0.539,0,0,yolo,106.6,yolo,0,0,0,0.000,0,-1,0
1785731600.969,-2.665,-2.626,-2.990,0.9979,0,-7.009,0.654,1.628,0.2760,3.800,-0.151,-0.443,0.633,-2.275,4.344,-0.1740,-0.0228,-0.517,-0.517,0.656,1.853,1.952,-1.972,0.0046,-0.261,nan,0.00,1,1,1,0,1,0.0000,0.120,0,0.024,1,0.539,1,0,yolo,106.6,yolo,0,0,0,0.000,0,-1,0
1785731600.997,-1.842,-2.559,-3.140,0.9985,0,-6.182,0.649,1.530,0.2749,3.800,-0.151,-0.443,0.633,-2.275,4.339,-0.1738,-0.0483,-0.516,-0.516,0.630,1.863,1.947,-1.909,0.0046,-0.268,nan,0.00,1,1,1,0,1,0.0000,0.236,0,0.018,1,0.525,0,0,yolo,106.6,yolo,0,0,0,0.000,0,-1,0
1785731601.028,-1.842,-2.559,-3.140,0.9985,0,-6.744,0.783,0.765,0.2916,3.619,-0.092,-0.507,0.603,-1.458,4.902,-0.5157,0.7436,-0.516,-0.387,0.630,1.863,1.857,-1.775,0.0047,-0.342,nan,0.00,1,1,1,1,1,0.0000,0.373,0,0.091,1,0.497,0,0,yolo,102.2,yolo,0,0,0,0.000,0,-1,0
1785731601.063,-1.193,-2.493,-3.284,0.9988,0,-6.699,0.779,0.608,0.2784,3.619,-0.092,-0.507,0.603,-1.458,5.506,-0.1248,-0.0228,-0.512,-0.512,0.607,1.872,1.853,-1.714,0.0047,-0.347,nan,0.00,1,1,1,0,1,0.0000,0.373,0,0.091,1,0.497,2,0,yolo,102.2,yolo,0,0,0,0.000,0,-1,0
1785731601.090,-0.564,-2.423,-3.368,0.9991,0,-5.934,0.731,0.489,0.2774,3.619,-0.092,-0.507,0.603,-1.458,5.371,-0.1170,-0.0487,-0.504,-0.504,0.582,1.878,1.849,-1.692,0.0048,-0.353,nan,0.00,1,1,1,0,1,0.0000,0.377,0,0.096,1,0.485,0,0,yolo,102.2,yolo,0,0,0,0.000,0,-1,0
1785731601.121,0.055,-2.351,-3.426,0.9992,0,-5.541,0.852,-0.152,0.2941,3.446,-0.042,-0.558,0.574,-0.701,5.596,-0.3418,0.4774,-0.494,-0.393,0.548,1.884,1.774,-1.500,0.0048,-0.417,nan,0.00,1,1,1,1,1,0.0000,0.148,0,0.117,0,0.482,0,0,yolo,99.7,yolo,0,0,0,0.000,0,-1,0
1785731601.151,0.540,-2.278,-3.421,0.9992,0,-5.651,0.775,-0.254,0.2801,3.446,-0.042,-0.558,0.574,-0.701,6.191,-0.0920,-0.0356,-0.485,-0.485,0.512,1.888,1.771,-1.503,0.0048,-0.421,nan,0.00,1,1,1,0,1,0.0000,0.148,0,0.117,0,0.482,0,0,yolo,99.7,yolo,0,0,0,0.000,0,-1,0
1785731601.183,1.053,-2.209,-3.391,0.9991,0,-4.937,0.703,-0.330,0.2785,3.446,-0.042,-0.558,0.574,-0.701,5.990,-0.0803,-0.0765,-0.473,-0.473,0.471,1.892,1.768,-1.506,0.0049,-0.426,nan,0.00,1,1,1,0,1,0.0000,0.408,0,0.135,1,0.267,0,0,yolo,99.7,yolo,0,0,0,0.000,0,-1,0
1785731601.217,1.053,-2.209,-3.391,0.9991,0,-6.437,0.798,-0.944,0.2951,3.275,-0.001,-0.601,0.546,-0.009,7.806,-0.5928,0.7334,-0.473,-0.434,0.471,1.892,1.708,-1.410,0.0049,-0.475,nan,0.00,1,1,1,1,1,0.0000,0.325,0,0.031,2,0.477,0,0,yolo,96.6,yolo,0,0,0,0.000,0,-1,0
1785731601.246,1.530,-2.142,-3.359,0.9989,0,-5.069,0.749,-1.070,0.2819,3.275,-0.001,-0.601,0.546,-0.009,6.600,-0.0243,-0.0385,-0.458,-0.458,0.433,1.896,1.705,-1.393,0.0050,-0.478,nan,0.00,1,1,1,0,1,0.0000,0.325,0,0.031,2,0.477,0,0,yolo,96.6,yolo,0,0,0,0.000,0,-1,0
1785731601.275,2.094,-2.064,-3.260,0.9987,0,-4.173,0.678,-1.164,0.2803,3.275,-0.001,-0.601,0.546,-0.009,6.267,-0.0047,-0.0801,-0.438,-0.438,0.391,1.899,1.703,-1.386,0.0050,-0.483,nan,0.00,1,1,1,0,1,0.0000,0.163,0,0.034,0,0.469,0,0,yolo,96.6,yolo,0,0,0,0.000,0,-1,0
1785731601.311,2.497,-2.003,-3.142,0.9984,0,-5.002,0.769,-1.756,0.2969,3.069,0.036,-0.646,0.511,0.668,7.499,-0.3625,0.5346,-0.420,-0.400,0.354,1.901,1.638,-1.234,0.0051,-0.536,nan,0.00,1,1,1,1,1,0.0000,0.656,0,0.172,2,0.193,1,0,yolo,97.6,yolo,0,0,0,0.000,0,-1,0
1785731601.353,2.973,-1.937,-3.004,0.9981,0,-3.598,0.694,-1.875,0.2842,3.069,0.036,-0.646,0.511,0.668,6.571,0.0001,-0.0364,-0.400,-0.400,0.317,1.902,1.636,-1.243,0.0051,-0.539,nan,0.00,1,1,1,0,1,0.0000,0.701,0,0.209,2,0.125,0,0,yolo,97.6,yolo,0,0,0,0.000,0,-1,0
1785731601.390,3.309,-1.881,-2.834,0.9978,0,-2.919,0.626,-1.963,0.2826,3.069,0.036,-0.646,0.511,0.668,6.227,0.0205,-0.0764,-0.380,-0.380,0.277,1.903,1.635,-1.254,0.0052,-0.542,nan,0.00,1,1,1,0,1,0.1998,0.875,1,0.275,3,-0.004,0,0,yolo,97.6,yolo,0,0,0,0.000,0,-1,0
1785731601.431,3.560,-1.836,-2.677,0.9976,0,-3.654,0.708,-2.413,0.2993,2.862,0.063,-0.686,0.477,1.261,7.215,-0.2962,0.4668,-0.360,-0.351,0.238,1.904,1.579,-1.128,0.0052,-0.588,nan,0.00,1,1,1,1,1,0.1998,0.875,1,0.275,3,-0.004,0,0,yolo,98.7,yolo,0,0,0,0.000,0,-1,0
1785731601.468,3.913,-1.782,-2.482,0.9972,0,-2.386,0.643,-2.469,0.2857,2.862,0.063,-0.686,0.477,1.261,6.299,0.0126,-0.0478,-0.338,-0.338,0.191,1.904,1.577,-1.139,0.0053,-0.591,nan,0.00,1,1,1,0,1,0.0908,0.350,1,0.325,2,-0.043,0,0,yolo,98.7,yolo,0,0,0,0.000,0,-1,0
1785731601.497,4.133,-1.736,-2.263,0.9969,0,-2.332,0.721,-2.782,0.3023,2.629,0.077,-0.724,0.438,1.670,6.465,-0.1880,0.4621,-0.316,-0.296,0.139,1.904,1.523,-1.015,0.0054,-0.637,nan,0.00,1,1,1,1,1,0.0265,0.700,1,0.343,2,-0.119,0,0,yolo,87.8,yolo,0,0,0,0.000,0,-1,0
1785731601.526,4.133,-1.736,-2.263,0.9969,0,-2.243,0.712,-2.815,0.2894,2.629,0.077,-0.724,0.438,1.670,6.376,-0.0197,0.0000,-0.316,-0.316,0.139,1.904,1.523,-1.024,0.0054,-0.637,nan,0.00,1,1,1,0,1,-0.0216,0.700,1,0.343,2,-0.119,0,0,yolo,87.8,yolo,0,0,0,0.000,0,-1,0
1785731601.564,4.360,-1.684,-2.022,0.9967,0,-1.630,0.651,-2.839,0.2871,2.629,0.077,-0.724,0.438,1.670,5.991,0.0038,-0.0559,-0.292,-0.292,0.083,1.904,1.522,-1.033,0.0055,-0.639,nan,0.00,1,1,1,0,1,0.0000,0.760,0,0.168,3,0.265,0,0,yolo,87.8,yolo,0,0,0,0.000,0,-1,0
1785731601.606,4.577,-1.635,-1.775,0.9964,0,-1.021,0.593,-2.858,0.2847,2.629,0.077,-0.724,0.438,1.670,5.598,0.0277,-0.1122,-0.268,-0.268,0.027,1.903,1.521,-1.042,0.0056,-0.640,nan,0.00,1,1,1,0,1,0.0000,0.597,0,0.123,3,0.182,0,0,yolo,87.8,yolo,0,0,0,0.000,0,-1,0
1785731601.634,4.725,-1.595,-1.541,0.9962,0,-0.488,0.546,-2.871,0.2825,2.629,0.077,-0.724,0.438,1.670,5.213,0.0512,-0.1666,-0.245,-0.245,-0.027,1.903,1.520,-1.049,0.0056,-0.642,nan,0.00,1,1,1,0,1,0.0000,0.597,0,0.123,3,0.182,0,0,yolo,87.8,yolo,0,0,0,0.000,0,-1,0
1785731601.668,4.770,-1.565,-1.306,0.9962,0,-0.056,0.510,-2.882,0.2805,2.629,0.077,-0.724,0.438,1.670,4.826,0.0748,-0.2128,-0.221,-0.221,-0.074,1.902,1.519,-1.055,0.0057,-0.643,nan,0.00,1,1,1,0,1,0.0000,0.786,0,0.186,3,0.291,0,0,yolo,87.8,yolo,0,0,0,0.000,0,-1,0
1785731601.699,4.778,-1.536,-1.060,0.9962,0,0.350,0.477,-2.890,0.2787,2.629,0.077,-0.724,0.438,1.670,4.428,0.0990,-0.2540,-0.197,-0.197,-0.115,1.901,1.518,-1.060,0.0057,-0.644,nan,0.00,1,1,1,0,1,0.0000,0.659,0,0.174,2,0.191,0,0,yolo,87.8,yolo,0,0,0,0.000,0,-1,0
1785731601.731,4.746,-1.509,-0.787,0.9962,0,0.751,0.444,-2.896,0.2773,2.629,0.077,-0.724,0.438,1.670,3.995,0.1253,-0.2870,-0.171,-0.171,-0.148,1.900,1.518,-1.065,0.0058,-0.646,nan,0.00,1,1,1,0,1,0.0000,0.660,0,0.175,2,0.286,0,0,yolo,87.8,yolo,0,0,0,0.000,0,-1,0
1785731601.761,4.746,-1.509,-0.787,0.9962,0,0.751,0.450,-2.900,0.2774,2.629,0.077,-0.724,0.438,1.670,3.995,0.1253,-0.2870,-0.171,-0.171,-0.148,1.900,1.518,-1.059,0.0059,-0.646,nan,0.00,1,1,1,0,1,0.7303,0.750,1,0.336,3,0.135,0,0,yolo,87.8,yolo,0,0,0,0.000,0,-1,0
1785731601.796,4.686,-1.488,-0.559,0.9963,0,-0.749,1.218,-4.400,0.2821,4.000,2.240,0.000,0.667,25.000,14.000,-0.0000,-0.1681,-0.149,-0.149,-0.168,1.899,1.200,-0.269,0.0059,-0.626,nan,8.00,1,1,0,1,1,0.7303,0.750,1,0.336,3,0.135,1,1,track,,TRACK,0,0,0,0.000,0,-1,0
1785731601.823,4.629,-1.468,-0.347,0.9964,0,-2.249,1.195,-5.900,0.2808,4.000,2.240,0.000,0.667,25.000,14.000,0.0196,-0.1838,-0.130,-0.130,-0.184,1.899,1.200,-0.273,0.0059,-0.608,nan,8.00,1,1,0,0,1,0.6947,0.857,1,0.414,5,0.157,0,0,track,,TRACK,0,0,0,0.000,0,-1,0
1785731601.855,4.832,-1.398,0.080,0.9962,0,-3.749,1.113,-7.400,0.2795,4.000,2.382,0.000,0.233,25.000,14.000,-0.0000,-0.2032,-0.114,-0.114,-0.203,1.897,1.200,-0.284,0.0059,-0.589,nan,0.00,0,1,0,1,1,0.5589,0.458,1,0.337,5,0.188,0,1,blueline,,BLUELINE,0,0,0,0.000,0,-1,0
1785731601.882,5.133,-1.355,0.665,0.9957,0,-2.249,-0.268,-6.292,0.2782,4.000,0.441,0.000,0.667,6.292,-2.001,4.1888,-0.2233,-0.104,-0.104,-0.223,1.896,1.729,-1.624,0.0059,-0.572,nan,0.00,1,1,0,1,1,0.0000,0.795,0,0.193,3,0.270,0,0,blueline,,BLUELINE,0,0,0,0.000,0,-1,0
1785731601.916,5.307,-1.419,1.202,0.9954,0,-3.749,-0.249,-6.292,0.2768,4.000,0.441,0.000,0.667,6.292,11.755,0.0118,-0.2449,-0.093,-0.093,-0.245,1.894,1.743,-1.668,0.0059,-0.555,nan,0.00,1,1,0,0,1,0.0000,0.795,0,0.193,3,0.270,0,0,blueline,,BLUELINE,0,0,0,0.000,0,-1,0
1785731601.953,5.602,-1.488,1.655,0.9949,0,-2.249,1.177,-4.792,0.2754,4.000,0.300,0.000,0.233,4.284,2.872,-0.0000,-0.2682,-0.075,-0.075,-0.268,1.893,1.200,-0.311,0.0059,-0.538,nan,0.00,0,1,0,1,1,0.0000,0.766,0,0.172,3,0.206,0,1,track,,TRACK,0,0,0,0.000,0,-1,0
1785731601.992,5.795,-1.418,2.050,0.9946,0,-3.749,-0.323,-5.398,0.2739,4.000,0.378,0.000,0.667,5.398,9.736,-0.0000,-0.2914,-0.052,-0.052,-0.291,1.892,1.783,-1.761,0.0059,-0.522,nan,0.00,1,1,0,1,1,0.0000,0.764,0,0.171,3,0.211,0,1,blueline,,BLUELINE,0,0,0,0.000,0,-1,0
1785731602.030,6.121,-1.487,2.446,0.9940,0,-2.249,1.177,-6.898,0.2727,4.000,0.962,0.000,0.233,13.520,8.016,-0.0000,-0.3109,-0.027,-0.027,-0.311,1.892,1.200,-0.303,0.0059,-0.506,nan,0.00,0,1,0,1,1,0.0000,0.382,0,0.171,3,0.208,0,1,track,,TRACK,0,0,0,0.000,0,-1,0
1785731602.055,6.307,-1.452,2.969,0.9936,0,-1.587,1.159,-8.398,0.2717,4.000,0.962,0.000,0.233,13.520,7.894,0.0208,-0.3250,-0.007,-0.007,-0.325,1.892,1.200,-0.293,0.0059,-0.491,nan,0.00,0,1,0,0,1,0.0000,0.382,0,0.171,3,0.208,0,0,track,,TRACK,0,0,0,0.000,0,-1,0
1785731602.086,6.421,-1.418,3.665,0.9934,0,-3.087,0.159,-9.898,0.2709,4.000,0.738,0.000,0.667,10.460,14.000,-0.0000,-0.3355,0.011,0.011,-0.335,1.892,1.589,-1.259,0.0059,-0.476,nan,0.00,1,1,0,1,1,0.0000,0.553,0,0.178,1,0.208,0,1,blueline,,BLUELINE,0,0,0,0.000,0,-1,0
1785731602.124,6.671,-1.499,4.453,0.9929,0,-1.587,1.216,-11.398,0.2702,4.000,0.832,0.000,0.233,11.746,6.737,-0.0000,-0.3428,0.024,0.024,-0.343,1.892,1.200,-0.283,0.0059,-0.462,nan,0.00,0,1,0,1,1,0.0000,0.770,0,0.175,3,0.207,0,1,track,,TRACK,0,0,0,0.000,0,-1,0
1785731602.150,6.671,-1.499,4.453,0.9929,0,-3.087,1.220,-12.000,0.2869,16.988,7.403,-4.286,1.000,23.546,14.000,-0.0000,-0.0000,0.024,0.024,-0.343,1.892,1.200,-0.279,0.0059,-2.951,nan,0.00,1,1,1,1,1,0.0000,0.670,0,0.184,2,0.206,0,1,yolo,97.8,yolo,0,0,0,0.000,0,-1,0
1785731602.182,6.793,-1.504,5.388,0.9926,0,-4.587,1.238,-12.000,0.3036,16.561,8.085,-4.345,1.000,25.000,14.000,0.0114,-0.0055,0.035,0.035,-0.348,1.892,1.200,-0.266,0.0059,-2.923,nan,0.00,1,1,1,0,1,0.0000,0.670,0,0.184,2,0.206,0,0,yolo,96.1,yolo,0,0,0,0.000,0,-1,0
1785731602.213,7.220,-1.515,6.461,0.9917,0,-6.087,1.262,-12.000,0.3202,16.561,8.085,-4.345,1.000,25.000,14.000,0.0222,-0.0198,0.046,0.046,-0.363,1.894,1.200,-0.253,0.0059,-2.856,nan,0.00,1,1,1,0,1,0.0000,0.665,0,0.179,2,0.207,0,0,yolo,96.1,yolo,0,0,0,0.000,0,-1,0
1785731602.246,7.660,-1.537,7.506,0.9907,0,-6.340,1.299,-12.000,0.3310,16.561,8.085,-4.345,1.000,25.000,14.000,0.0350,-0.0440,0.059,0.059,-0.387,1.895,1.200,-0.238,0.0059,-2.784,nan,0.00,1,1,1,0,1,0.0000,0.670,0,0.183,2,0.208,0,0,yolo,96.1,yolo,0,0,0,0.000,0,-1,0
1785731602.282,8.248,-1.558,8.572,0.9893,0,-5.752,1.336,-12.000,0.3182,16.606,7.963,-4.379,1.000,25.000,14.000,-0.0000,-0.3358,0.077,0.105,-0.456,1.897,1.200,-0.221,0.0059,-2.739,nan,0.00,1,1,1,1,1,0.0000,0.679,0,0.190,2,0.208,0,0,yolo,93.5,yolo,0,0,0,0.000,0,-1,0
1785731602.314,8.248,-1.558,8.572,0.9893,0,-5.752,1.325,-12.000,0.3335,16.606,7.963,-4.379,1.000,25.000,14.000,-0.0275,0.0000,0.077,0.077,-0.456,1.897,1.200,-0.232,0.0059,-2.739,nan,0.00,1,1,1,0,1,0.0000,0.669,0,0.183,2,0.211,0,0,yolo,93.5,yolo,0,0,0,0.000,0,-1,0
1785731602.345,8.765,-1.586,9.635,0.9879,0,-5.235,1.378,-12.000,0.3297,16.606,7.963,-4.379,1.000,25.000,14.000,-0.0058,-0.0923,0.099,0.099,-0.548,1.899,1.200,-0.208,0.0059,-2.654,nan,0.00,1,1,1,0,1,0.0000,0.675,0,0.188,2,0.211,0,0,yolo,93.5,yolo,0,0,0,0.000,0,-1,0
1785731602.393,9.650,-1.657,11.509,0.9854,0,-4.350,1.520,-12.000,0.3130,16.641,7.738,-4.386,1.000,24.938,14.000,0.1797,-1.0946,0.144,0.440,-0.755,1.906,1.200,-0.137,0.0059,-2.544,nan,0.00,1,1,1,1,1,0.0000,0.675,0,0.188,2,0.211,1,0,yolo,101.0,yolo,0,0,0,0.000,0,-1,0
1785731602.434,9.972,-1.686,12.395,0.9845,0,-4.028,1.576,-12.000,0.3297,16.641,7.738,-4.386,1.000,24.938,14.000,-0.2723,-0.1031,0.168,0.168,-0.858,1.910,1.200,-0.111,0.0059,-2.489,nan,0.00,1,1,1,0,1,0.0000,0.687,0,0.197,2,0.211,0,0,yolo,101.0,yolo,0,0,0,0.000,0,-1,0
1785731602.465,10.275,-1.716,13.290,0.9835,0,-3.725,1.638,-12.000,0.3130,15.118,6.585,-3.820,1.000,23.536,14.000,5.5489,-2.0000,0.193,1.787,-0.961,1.915,1.200,-0.078,0.0059,-2.131,nan,0.00,1,1,1,1,1,0.0000,0.522,0,0.147,2,0.401,0,0,yolo,101.2,yolo,0,0,0,0.000,0,-1,0
1785731602.496,10.559,-1.746,14.198,0.9826,0,-3.441,1.708,-12.000,0.3297,15.118,6.585,-3.820,1.000,23.536,14.000,-1.5676,-0.0987,0.220,0.220,-1.060,1.921,1.200,-0.038,0.0059,-2.087,nan,0.00,1,1,1,0,1,0.0000,0.507,0,0.132,2,0.410,0,0,yolo,101.2,yolo,0,0,0,0.000,0,-1,0
1785731602.527,10.838,-1.776,15.174,0.9817,0,-3.162,1.788,-12.000,0.3268,15.118,6.585,-3.820,1.000,23.536,14.000,-1.5377,-0.2019,0.250,0.250,-1.163,1.928,1.200,0.012,0.0059,-2.044,nan,0.00,1,1,1,0,1,0.0000,0.507,0,0.132,2,0.410,0,0,yolo,101.2,yolo,1,1,0,0.000,0,-1,0
1785731602.558,11.089,-1.804,16.137,0.9808,0,-2.911,1.869,-12.000,0.3101,14.173,5.582,-3.451,1.000,21.496,14.000,5.0476,-1.7873,0.280,1.740,-1.262,1.937,1.200,0.066,0.0059,-1.865,nan,0.00,1,1,1,1,1,0.0000,0.839,0,0.224,3,0.461,0,0,yolo,105.4,yolo,1,1,0,0.000,0,-1,0
1785731602.589,11.089,-1.804,16.137,0.9808,0,-2.911,1.802,-12.000,0.2934,14.173,5.582,-3.451,1.000,21.496,14.000,-1.4603,0.0000,0.280,0.280,-1.262,1.937,1.200,-0.002,0.0059,-1.865,nan,0.00,1,1,1,0,1,0.0000,0.839,0,0.224,3,0.461,0,0,yolo,105.4,yolo,1,1,0,0.000,0,-1,0
1785731602.620,11.319,-1.830,17.116,0.9800,0,-2.681,1.907,-12.000,0.2768,14.173,5.582,-3.451,1.000,21.496,14.000,-1.4281,-0.0961,0.312,0.312,-1.358,1.946,1.200,0.077,0.0059,-1.834,nan,0.00,1,1,1,0,1,0.8102,0.350,1,0.298,2,0.541,0,0,yolo,105.4,yolo,1,1,0,0.000,0,-1,0
1785731602.656,11.742,-1.900,18.911,0.9785,0,-2.258,2.179,-13.500,0.2758,14.651,5.022,-3.558,1.000,18.919,14.000,4.9410,1.0523,0.373,0.884,-1.474,1.966,1.200,0.279,0.0059,-1.975,nan,8.00,1,1,1,1,1,0.8102,0.700,1,0.298,2,0.541,1,0,yolo,96.9,yolo,1,1,0,0.000,0,-1,0
1785731602.698,11.898,-1.929,19.907,0.9780,0,-2.102,2.267,-15.000,0.2760,14.651,5.022,-3.558,1.000,18.919,14.000,-0.4816,0.0138,0.403,0.403,-1.460,1.979,1.200,0.339,0.0059,-1.952,nan,8.00,1,1,1,0,1,0.8379,0.900,1,0.298,4,0.561,0,0,yolo,96.9,yolo,1,1,0,0.000,0,-1,0
1785731602.733,12.034,-1.982,21.041,0.9774,0,-1.966,2.397,-16.500,0.2761,14.651,5.022,-3.558,1.000,18.919,14.000,-0.4567,0.0453,0.427,0.427,-1.429,1.993,1.200,0.414,0.0059,-1.925,nan,8.00,1,1,1,0,1,0.9057,0.900,1,0.280,4,0.611,0,0,yolo,96.9,yolo,1,1,0,0.000,0,-1,0
1785731602.775,12.155,-2.057,22.313,0.9770,0,-0.466,2.561,-18.000,0.2762,14.686,4.258,-3.491,1.000,16.169,-14.000,10.5748,0.9366,0.449,0.962,-1.395,2.010,1.200,0.505,0.0059,-1.987,nan,8.00,1,1,1,1,1,0.9409,0.900,1,0.280,4,0.611,0,0,yolo,95.1,yolo,1,1,0,0.000,0,-1,0
1785731602.806,12.152,-2.144,23.768,0.9769,0,-1.848,2.761,-19.500,0.2763,14.686,4.258,-3.491,1.000,16.169,14.000,-0.4924,0.0346,0.470,0.470,-1.360,2.029,1.200,0.617,0.0059,-1.965,nan,8.00,1,1,1,0,1,0.9784,0.700,1,0.305,2,0.628,0,0,yolo,95.1,yolo,1,1,0,0.000,0,-1,0
1785731602.842,12.220,-2.231,25.121,0.9766,0,-1.780,2.930,-20.000,0.2763,14.686,4.258,-3.491,1.000,16.169,14.000,-0.4794,0.0542,0.483,0.483,-1.341,2.047,1.200,0.699,0.0059,-1.937,nan,8.00,1,1,1,0,1,1.0065,0.700,1,0.305,2,0.628,2,0,yolo,95.1,yolo,1,1,0,0.000,0,-1,0
1785731602.884,12.317,-2.318,26.578,0.9762,0,-0.280,3.115,-20.000,0.2765,15.043,3.668,-3.480,1.000,13.705,2.552,4.8517,0.5273,0.493,1.366,-1.331,2.068,1.200,0.796,0.0059,-2.007,nan,8.00,1,1,1,1,1,0.9897,0.700,1,0.294,2,0.641,0,0,yolo,105.6,yolo,1,1,0,0.000,0,-1,0
1785731602.920,12.375,-2.479,29.479,0.9759,0,-1.625,3.659,-20.000,0.2766,15.043,3.668,-3.480,1.000,13.705,14.000,-0.8483,0.0024,0.517,0.517,-1.328,2.111,1.200,1.179,0.0059,-1.960,nan,8.00,1,1,1,0,1,0.9896,0.700,1,0.285,2,0.658,0,0,yolo,105.6,yolo,1,1,0,0.000,0,-1,0
1785731602.947,12.375,-2.479,29.479,0.9759,0,-1.625,3.388,-20.000,0.2766,15.043,3.668,-3.480,1.000,13.705,14.000,-0.8483,0.0024,0.517,0.517,-1.328,2.111,1.200,0.909,0.0059,-1.960,nan,8.00,1,1,1,0,1,0.9895,0.700,1,0.285,2,0.658,0,0,yolo,105.6,yolo,1,1,0,0.000,0,-1,0
1785731602.978,12.417,-2.513,30.900,0.9757,0,-0.125,3.536,-18.637,0.2766,14.613,2.745,-3.209,1.000,10.637,-4.962,5.8675,-0.4452,0.529,0.389,-1.331,2.134,1.200,1.023,0.0059,-1.901,nan,8.00,1,1,1,1,1,1.0238,0.700,1,0.280,2,0.700,0,0,yolo,98.0,yolo,1,1,0,0.000,0,-1,0
1785731603.009,12.494,-2.561,32.342,0.9753,0,-1.506,3.686,-18.637,0.2767,14.613,2.745,-3.209,1.000,10.637,14.000,0.1496,-0.0033,0.539,0.539,-1.334,2.157,1.200,1.125,0.0059,-1.884,nan,8.00,1,1,1,0,1,1.0495,0.700,1,0.280,2,0.700,0,0,yolo,98.0,yolo,1,1,0,0.000,0,-1,0
1785731603.040,12.450,-2.591,33.809,0.9755,0,-1.550,3.822,-17.137,0.2767,14.613,2.745,-3.209,1.000,10.637,14.000,0.1659,-0.0073,0.555,0.555,-1.338,2.181,1.200,1.232,0.0059,-1.879,nan,0.00,1,1,1,0,1,0.0000,0.713,0,0.219,2,0.771,0,0,yolo,98.0,yolo,1,1,0,0.000,0,-1,0
1785731603.071,12.498,-2.596,35.401,0.9753,0,-0.050,3.967,-15.637,0.2767,14.332,1.901,-2.976,1.000,7.556,-14.000,11.5612,-0.5511,0.573,0.734,-1.343,2.209,1.200,1.371,0.0059,-1.842,nan,0.00,1,1,1,1,1,0.0000,0.713,0,0.219,2,0.771,0,0,yolo,92.5,yolo,1,1,0,0.000,0,-1,0
1785731603.102,12.418,-2.494,37.061,0.9757,0,-1.550,4.034,-14.137,0.2766,14.332,1.901,-2.976,1.000,7.556,14.000,-0.1207,-0.0062,0.613,0.613,-1.349,2.241,1.200,1.540,0.0059,-1.872,nan,0.00,1,1,1,0,1,0.0000,0.832,0,0.219,3,0.789,0,0,yolo,92.5,yolo,1,1,0,0.000,0,-1,0
1785731603.133,12.465,-2.413,38.003,0.9756,0,-1.535,3.927,-12.637,0.2766,14.332,1.901,-2.976,1.000,7.556,14.000,-0.0956,-0.0099,0.638,0.638,-1.353,2.260,1.200,1.514,0.0059,-1.890,nan,0.00,1,1,1,0,1,0.0000,0.832,0,0.219,3,0.789,0,0,yolo,92.5,yolo,1,1,0,0.000,0,-1,0
1785731603.164,12.557,-2.315,38.878,0.9753,0,-0.035,3.815,-11.137,0.2767,14.106,0.855,-2.696,1.000,3.468,-14.000,14.7716,-0.2511,0.666,1.882,-1.357,2.279,1.200,1.499,0.0059,-1.873,nan,0.00,1,1,1,1,1,0.0000,0.579,0,0.204,1,0.825,0,0,yolo,100.5,yolo,1,1,0,0.000,0,-1,0
1785731603.195,12.536,-2.191,39.730,0.9754,0,1.465,3.695,-9.637,0.2767,14.106,0.855,-2.696,1.000,3.468,10.260,-1.1760,-0.0040,0.706,0.706,-1.360,2.297,1.200,1.503,0.0059,-1.905,nan,0.00,1,1,1,0,1,0.0000,0.610,0,0.235,1,0.823,0,0,yolo,100.5,yolo,1,1,0,0.000,0,-1,0
1785731603.226,12.396,-2.050,40.470,0.9761,0,2.627,3.540,-8.137,0.2765,14.106,0.855,-2.696,1.000,3.468,9.769,-1.1316,-0.0079,0.750,0.750,-1.364,2.313,1.200,1.489,0.0059,-1.943,nan,0.00,1,1,1,0,1,0.0000,0.428,0,0.160,1,0.835,0,0,yolo,100.5,yolo,1,1,0,0.000,0,-1,0
1785731603.258,12.396,-2.050,40.470,0.9761,0,4.127,3.328,-6.637,0.2632,13.583,-0.128,-2.262,1.000,-0.541,-14.000,7.1281,-1.4545,0.750,1.748,-1.364,2.313,1.200,1.278,0.0059,-1.749,nan,0.00,1,1,1,1,1,0.0000,0.414,0,0.142,1,0.845,0,0,yolo,100.5,yolo,1,1,0,0.000,0,-1,0
1785731603.294,12.178,-1.899,41.096,0.9770,0,5.627,3.214,-5.137,0.2762,13.583,-0.128,-2.262,1.000,-0.541,-1.654,-0.9493,-0.0040,0.799,0.799,-1.368,2.327,1.200,1.315,0.0059,-1.786,nan,0.00,1,1,1,0,1,0.0000,0.414,0,0.142,1,0.845,2,0,yolo,100.5,yolo,1,1,0,0.000,0,-1,0
1785731603.335,11.457,-1.579,42.004,0.9797,0,7.127,3.015,-3.637,0.2755,13.583,-0.128,-2.262,1.000,-0.541,-2.877,-0.8413,0.0039,0.907,0.907,-1.360,2.348,1.200,1.435,0.0059,-1.867,nan,0.00,1,1,1,0,1,0.0000,0.231,0,0.201,0,0.832,0,0,yolo,100.5,yolo,1,1,0,0.000,0,-1,0
1785731603.365,10.942,-1.407,42.296,0.9815,0,8.627,2.755,-2.137,0.2664,13.105,-1.061,-1.846,1.000,-4.631,-14.000,7.0156,-1.3143,0.966,2.135,-1.356,2.354,1.200,1.348,0.0059,-1.692,nan,0.00,1,1,1,1,1,0.0000,0.201,0,0.127,1,0.852,0,0,yolo,99.3,yolo,1,1,0,0.000,0,-1,0
1785731603.396,10.182,-1.194,42.521,0.9840,0,10.127,2.454,-0.637,0.2743,13.105,-1.061,-1.846,1.000,-4.631,-12.873,-1.0927,0.0111,1.042,1.042,-1.345,2.358,1.200,1.260,0.0059,-1.731,nan,0.00,1,1,1,0,1,0.0000,0.402,0,0.127,1,0.852,0,0,yolo,99.3,yolo,1,1,0,0.000,0,-1,0
1785731603.428,10.182,-1.194,42.521,0.9840,0,11.627,2.344,0.863,0.2743,13.105,-1.061,-1.846,1.000,-4.631,-12.873,-1.0927,0.0111,1.042,1.042,-1.345,2.358,1.200,1.150,0.0059,-1.731,nan,0.00,1,1,1,0,1,0.0000,0.151,0,0.127,0,0.861,0,0,yolo,99.3,yolo,1,1,0,0.000,0,-1,0
1785731603.459,8.286,-0.762,42.609,0.9895,0,13.127,1.769,2.363,0.2576,12.704,-1.783,-1.503,1.000,-7.988,-14.000,13.3036,-2.0000,1.200,4.760,-1.332,2.353,1.200,1.006,0.0059,-1.575,nan,0.00,1,1,1,1,1,0.0000,0.301,0,0.127,0,0.861,0,0,yolo,99.7,yolo,1,1,0,0.000,0,-1,0
1785731603.490,7.247,-0.599,42.486,0.9920,0,14.627,1.457,3.863,0.2721,12.704,-1.783,-1.503,1.000,-7.988,-10.895,-3.4877,0.0127,1.273,1.273,-1.319,2.344,1.200,0.858,0.0059,-1.583,nan,0.00,1,1,1,0,1,0.0000,0.414,0,0.143,1,0.858,0,0,yolo,99.7,yolo,1,1,0,0.000,0,-1,0
1785731603.526,7.247,-0.599,42.486,0.9920,0,16.127,1.458,5.363,0.2721,12.704,-1.783,-1.503,1.000,-7.988,-10.895,-3.4877,0.0127,1.273,1.273,-1.319,2.344,1.200,0.859,0.0059,-1.583,nan,0.00,1,1,1,0,1,0.0000,0.414,0,0.143,1,0.858,1,0,yolo,99.7,yolo,1,1,0,0.000,0,-1,0
1785731603.552,6.051,-0.446,42.213,0.9944,0,17.627,1.123,6.863,0.2554,12.380,-2.373,-1.206,1.000,-10.851,-14.000,6.1855,-2.0000,1.348,4.261,-1.309,2.331,1.200,0.678,0.0059,-1.353,nan,0.00,1,1,1,1,1,0.0000,0.421,0,0.151,1,0.853,0,0,yolo,99.2,yolo,1,1,0,0.000,0,-1,0
1785731603.586,4.808,-0.297,41.857,0.9965,0,18.808,0.801,8.363,0.2708,12.380,-2.373,-1.206,1.000,-10.851,-14.000,-2.8453,0.0055,1.416,1.416,-1.303,2.314,1.200,0.504,0.0059,-1.337,nan,0.00,1,1,1,0,1,0.0000,0.421,0,0.151,1,0.853,2,0,yolo,99.2,yolo,1,1,0,0.000,0,-1,0
1785731603.615,3.304,-0.160,41.335,0.9983,0,17.308,0.441,9.863,0.2703,12.380,-2.373,-1.206,1.000,-10.851,-14.000,-2.7725,0.0206,1.489,1.489,-1.288,2.291,1.200,0.281,0.0059,-1.306,nan,0.00,1,1,1,0,1,0.0000,0.416,0,0.144,1,0.834,0,0,yolo,99.2,yolo,1,1,0,0.000,0,-1,0
1785731603.652,1.800,-0.089,40.580,0.9995,0,15.808,-0.139,11.363,0.2537,12.111,-2.813,-0.967,1.000,-13.075,-14.000,3.5271,-2.0000,1.559,3.641,-1.271,2.259,1.288,-0.228,0.0059,-1.036,nan,0.00,1,1,1,1,1,0.0000,0.410,0,0.138,1,0.813,0,0,yolo,91.5,yolo,1,1,0,0.000,0,-1,0
1785731603.679,0.497,-0.075,39.690,1.0000,0,14.497,-0.507,12.000,0.2700,12.111,-2.813,-0.967,1.000,-13.075,-14.000,-2.0220,0.0168,1.619,1.619,-1.254,2.222,1.313,-0.582,0.0060,-0.975,nan,0.00,1,1,1,0,1,0.0000,0.410,0,0.138,1,0.813,0,0,yolo,91.5,yolo,1,1,0,0.000,0,-1,0
1785731603.711,-0.734,-0.110,38.729,0.9999,0,13.266,-0.818,12.000,0.2701,12.111,-2.813,-0.967,1.000,-13.075,-14.000,-1.9701,0.0350,1.671,1.671,-1.236,2.182,1.341,-0.928,0.0061,-0.907,nan,0.00,1,1,1,0,1,0.0000,0.254,0,0.133,2,0.796,0,0,yolo,91.5,yolo,1,1,0,0.000,0,-1,0
1785731603.740,-1.835,-0.186,37.830,0.9995,0,12.165,-0.907,12.000,0.2534,12.795,-3.287,-0.976,1.000,-14.408,-14.000,8.9259,-2.0000,1.710,4.776,-1.218,2.144,1.326,-1.093,0.0062,-0.828,nan,0.00,1,1,1,1,1,0.0000,0.508,0,0.133,2,0.796,0,0,yolo,90.8,yolo,1,1,0,0.000,0,-1,0
1785731603.773,-2.903,-0.295,36.893,0.9987,0,11.097,-1.054,12.000,0.2701,12.795,-3.287,-0.976,1.000,-14.408,-14.000,-3.0362,0.0197,1.740,1.740,-1.198,2.104,1.352,-1.349,0.0062,-0.742,nan,0.00,1,1,1,0,1,0.0000,0.511,0,0.136,2,0.763,0,0,yolo,90.8,yolo,1,1,0,0.000,0,-1,0
1785731603.804,-2.903,-0.295,36.893,0.9987,0,11.097,-0.685,12.000,0.2868,12.795,-3.287,-0.976,1.000,-14.408,-14.000,-3.0362,0.0197,1.740,1.740,-1.198,2.104,1.352,-0.981,0.0063,-0.742,nan,0.00,1,1,1,0,1,0.0000,0.511,0,0.136,2,0.763,0,0,yolo,90.8,yolo,1,1,0,0.000,0,-1,0
1785731603.831,-3.878,-0.433,35.960,0.9977,0,10.122,-0.785,12.000,0.2701,13.289,-3.590,-1.008,1.000,-15.119,-14.000,1.2379,-0.5977,1.761,3.813,-1.178,2.065,1.341,-1.218,0.0064,-0.662,nan,0.00,1,1,1,1,1,0.0000,0.514,0,0.139,2,0.745,0,0,yolo,92.7,yolo,1,1,0,0.000,0,-1,0
1785731603.866,-4.891,-0.562,34.996,0.9963,0,9.109,-0.925,12.000,0.2868,13.289,-3.590,-1.008,1.000,-15.119,-14.000,-2.0376,0.0086,1.776,1.776,-1.169,2.025,1.364,-1.487,0.0064,-0.568,nan,0.00,1,1,1,0,1,0.0000,0.514,0,0.139,2,0.745,0,0,yolo,92.7,yolo,1,1,0,0.000,0,-1,0
1785731603.902,-5.738,-0.731,34.006,0.9949,0,8.262,-0.994,12.000,0.2866,13.289,-3.590,-1.008,1.000,-15.119,-14.000,-2.0333,0.0101,1.780,1.780,-1.168,1.986,1.386,-1.725,0.0065,-0.474,nan,0.00,1,1,1,0,1,0.0000,0.414,0,0.142,1,0.730,0,0,yolo,92.7,yolo,1,1,0,0.000,0,-1,0
1785731603.948,-6.468,-0.913,33.075,0.9935,0,7.532,-1.024,12.000,0.2877,13.753,-3.551,-1.104,1.000,-14.475,-14.000,-1.1594,0.0227,1.778,2.816,-1.173,1.950,1.427,-1.937,0.0065,-0.477,nan,0.00,1,1,1,1,1,0.0000,0.414,0,0.142,1,0.730,2,0,yolo,95.1,yolo,1,1,0,0.000,0,-1,0
1785731603.975,-7.161,-1.095,32.198,0.9920,0,6.839,-0.965,12.000,0.2836,13.753,-3.551,-1.104,1.000,-14.475,-14.000,-1.0456,-0.0192,1.771,1.771,-1.192,1.918,1.453,-2.060,0.0066,-0.389,nan,0.00,1,1,1,0,1,0.0000,0.420,0,0.150,1,0.711,0,0,yolo,95.1,yolo,1,1,0,0.000,0,-1,0
1785731604.012,-7.817,-1.299,31.284,0.9905,0,6.183,-1.028,12.000,0.2670,13.260,-3.261,-1.046,1.000,-13.818,-14.000,-4.5652,-2.0000,1.758,1.838,-1.220,1.885,1.534,-2.327,0.0066,-0.292,nan,0.00,1,1,1,1,1,0.0000,0.420,0,0.150,1,0.711,1,0,yolo,90.8,yolo,1,1,0,0.000,0,-1,0
1785731604.053,-8.468,-1.533,30.266,0.9887,0,5.532,-0.920,12.000,0.2737,13.260,-3.261,-1.046,1.000,-13.818,-14.000,-0.0999,-0.0327,1.738,1.738,-1.253,1.851,1.549,-2.452,0.0066,-0.199,nan,0.00,1,1,1,0,1,0.0000,0.422,0,0.152,1,0.710,0,0,yolo,90.8,yolo,1,1,0,0.000,0,-1,0
1785731604.084,-9.086,-1.801,29.190,0.9870,0,4.914,-0.699,12.000,0.2742,13.260,-3.261,-1.046,1.000,-13.818,-14.000,-0.1268,-0.0515,1.711,1.711,-1.271,1.818,1.549,-2.500,0.0066,-0.101,nan,0.00,1,1,1,0,1,0.0000,0.289,0,0.203,1,0.705,0,0,yolo,90.8,yolo,1,1,0,0.000,0,-1,0
1785731604.116,-9.536,-2.027,28.187,0.9856,0,4.464,-0.473,12.000,0.2746,13.360,-2.946,-1.098,1.000,-12.436,-14.000,-3.2225,0.2102,1.681,1.942,-1.279,1.790,1.664,-2.500,0.0066,-0.122,nan,0.00,1,1,1,1,1,0.0000,0.578,0,0.203,1,0.705,0,0,yolo,100.0,yolo,1,1,0,0.000,0,-1,0
1785731604.148,-9.926,-2.233,27.224,0.9843,0,4.074,-0.267,12.000,0.2750,13.360,-2.946,-1.098,1.000,-12.436,-14.000,-0.2932,-0.0014,1.649,1.649,-1.281,1.765,1.664,-2.500,0.0066,-0.052,nan,0.00,1,1,1,0,1,0.0000,0.584,0,0.209,1,0.699,0,0,yolo,100.0,yolo,1,1,0,0.000,0,-1,0
1785731604.182,-9.926,-2.233,27.224,0.9843,0,4.074,-0.264,12.000,0.2750,13.360,-2.946,-1.098,1.000,-12.436,-14.000,-0.2932,-0.0014,1.649,1.649,-1.281,1.765,1.664,-2.498,0.0066,-0.052,nan,0.00,1,1,1,0,1,0.0000,0.584,0,0.209,1,0.699,2,0,yolo,100.0,yolo,1,1,0,0.000,0,-1,0
1785731604.209,-10.281,-2.430,26.253,0.9831,0,3.719,-0.070,11.037,0.2753,13.340,-2.602,-1.142,1.000,-11.037,-14.000,-3.2562,0.4053,1.613,1.958,-1.277,1.742,1.780,-2.500,0.0066,-0.093,nan,0.00,1,1,1,1,1,0.0000,0.364,0,0.232,2,0.719,0,0,yolo,90.8,yolo,1,1,0,0.000,0,-1,0
1785731604.246,-10.637,-2.637,25.269,0.9818,0,3.363,0.137,11.037,0.2757,13.340,-2.602,-1.142,1.000,-11.037,-14.000,-0.3826,0.0082,1.575,1.575,-1.268,1.722,1.780,-2.500,0.0066,-0.028,nan,0.00,1,1,1,0,1,0.0000,0.729,0,0.232,2,0.719,1,0,yolo,90.8,yolo,1,1,0,0.000,0,-1,0
1785731604.272,-11.004,-2.859,24.241,0.9804,0,2.996,0.359,11.037,0.2751,13.340,-2.602,-1.142,1.000,-11.037,-14.000,-0.4240,0.0069,1.534,1.534,-1.270,1.702,1.780,-2.500,0.0066,0.042,nan,0.00,1,1,1,0,1,0.0000,0.731,0,0.234,2,0.768,0,0,yolo,90.8,yolo,1,1,0,0.000,0,-1,0
1785731604.308,-11.246,-2.998,23.375,0.9795,0,2.754,0.498,9.537,0.2763,13.353,-2.191,-1.184,1.000,-9.317,-14.000,-3.0067,0.5725,1.489,1.879,-1.275,1.690,1.924,-2.500,0.0066,-0.034,nan,0.00,1,1,1,1,1,0.0000,0.731,0,0.234,2,0.768,3,0,yolo,92.4,yolo,1,1,0,0.000,0,-1,0
1785731604.334,-11.481,-3.116,22.545,0.9785,0,2.519,0.616,9.317,0.2762,13.353,-2.191,-1.184,1.000,-9.317,-14.000,-0.4420,-0.0062,1.437,1.437,-1.282,1.681,1.924,-2.500,0.0066,0.003,nan,0.00,1,1,1,0,1,0.0000,0.736,0,0.238,2,0.786,0,0,yolo,92.4,yolo,1,1,0,0.000,0,-1,0
1785731604.369,-11.481,-3.116,22.545,0.9785,0,2.519,0.616,9.317,0.2762,13.353,-2.191,-1.184,1.000,-9.317,-14.000,-0.4420,-0.0062,1.437,1.437,-1.282,1.681,1.924,-2.500,0.0066,0.003,nan,0.00,1,1,1,0,1,0.0000,0.736,0,0.238,2,0.786,2,0,yolo,92.4,yolo,1,1,0,0.000,0,-1,0
1785731604.397,-11.692,-3.215,21.788,0.9777,0,1.019,0.715,7.879,0.2768,13.543,-1.874,-1.216,1.000,-7.879,-3.200,-5.0995,0.8003,1.383,1.460,-1.288,1.675,2.043,-2.500,0.0067,-0.050,nan,0.00,1,1,1,1,1,0.0000,0.738,0,0.240,2,0.791,0,0,yolo,96.8,yolo,1,1,0,0.000,0,-1,0
1785731604.439,-11.898,-3.320,21.019,0.9769,0,2.102,0.820,7.879,0.2771,13.543,-1.874,-1.216,1.000,-7.879,-14.000,-0.1326,-0.0062,1.327,1.327,-1.294,1.671,2.043,-2.500,0.0067,-0.018,nan,0.00,1,1,1,0,1,0.0000,0.738,0,0.240,2,0.791,1,0,yolo,96.8,yolo,1,1,0,0.000,0,-1,0
1785731604.473,-11.963,-3.402,20.288,0.9766,0,2.037,0.902,7.879,0.2764,13.543,-1.874,-1.216,1.000,-7.879,-14.000,-0.1986,-0.0133,1.261,1.261,-1.301,1.670,2.043,-2.500,0.0067,0.004,nan,0.00,1,1,1,0,1,0.0000,0.739,0,0.241,2,0.792,0,0,yolo,96.8,yolo,1,1,0,0.000,0,-1,0
1785731604.510,-12.125,-3.452,19.675,0.9759,0,0.537,0.952,6.379,0.2773,13.593,-1.414,-1.192,1.000,-5.938,1.756,-4.6040,0.5209,1.202,1.032,-1.308,1.672,2.200,-2.500,0.0067,-0.048,nan,0.00,1,1,1,1,1,0.0000,0.744,0,0.245,2,0.802,0,0,yolo,98.0,yolo,1,1,0,0.000,0,-1,0
1785731604.550,-12.155,-3.484,19.106,0.9758,0,1.845,0.984,5.938,0.2774,13.593,-1.414,-1.192,1.000,-5.938,-14.000,0.1033,-0.0072,1.135,1.135,-1.315,1.677,2.200,-2.500,0.0067,-0.040,nan,0.00,1,1,1,0,1,0.0000,0.744,0,0.245,2,0.802,0,0,yolo,98.0,yolo,1,1,0,0.000,0,-1,0
1785731604.581,-12.287,-3.500,18.612,0.9753,0,1.713,1.000,5.938,0.2775,13.593,-1.414,-1.192,1.000,-5.938,-14.000,0.0370,-0.0144,1.069,1.069,-1.322,1.684,2.200,-2.500,0.0067,-0.032,nan,0.00,1,1,1,0,1,0.0000,0.743,0,0.244,2,0.806,0,0,yolo,98.0,yolo,1,1,0,0.000,0,-1,0
1785731604.618,-12.440,-3.513,18.142,0.9747,0,0.213,1.013,4.438,0.2751,13.494,-0.936,-1.078,1.000,-3.968,2.938,-3.4800,-0.0722,1.005,0.718,-1.329,1.691,2.200,-2.500,0.0067,-0.023,nan,0.00,1,1,1,1,1,0.0000,0.743,0,0.244,2,0.806,2,0,yolo,102.6,yolo,1,1,0,0.000,0,-1,0
1785731604.645,-12.435,-3.508,17.723,0.9747,0,1.565,1.008,3.968,0.2777,13.494,-0.936,-1.078,1.000,-3.968,-14.000,0.2130,-0.0063,0.931,0.931,-1.336,1.701,2.200,-2.500,0.0067,-0.024,nan,0.00,1,1,1,0,1,0.0000,0.367,0,0.237,2,0.792,0,0,yolo,102.6,yolo,1,1,0,0.000,0,-1,0
1785731604.680,-12.561,-3.486,17.414,0.9743,0,1.439,0.986,3.968,0.2778,13.494,-0.936,-1.078,1.000,-3.968,-14.000,0.1440,-0.0120,0.862,0.862,-1.341,1.712,2.200,-2.500,0.0067,-0.027,nan,0.00,1,1,1,0,1,0.0000,0.734,0,0.237,2,0.792,1,0,yolo,102.6,yolo,1,1,0,0.000,0,-1,0
1785731604.714,-12.683,-3.466,17.108,0.9738,0,-0.061,0.966,2.720,0.2780,13.242,-0.629,-0.995,1.000,-2.720,13.729,-4.3265,0.0530,0.794,0.170,-1.347,1.722,2.200,-2.500,0.0067,-0.030,nan,0.00,1,1,1,1,1,0.0000,0.364,0,0.232,2,0.774,1,0,yolo,100.0,yolo,1,1,0,0.000,0,-1,0
1785731604.745,-12.683,-3.466,17.108,0.9738,0,1.317,0.966,2.720,0.2780,13.242,-0.629,-0.995,1.000,-2.720,-14.000,0.6234,0.0000,0.794,0.794,-1.347,1.722,2.200,-2.500,0.0067,-0.030,nan,0.00,1,1,1,0,1,0.0000,0.358,0,0.221,2,0.781,1,0,yolo,100.0,yolo,1,1,0,0.000,0,-1,0
1785731604.771,-12.660,-3.435,16.833,0.9739,0,1.340,0.935,2.720,0.2779,13.242,-0.629,-0.995,1.000,-2.720,-14.000,0.5449,-0.0058,0.715,0.715,-1.352,1.735,2.200,-2.500,0.0067,-0.038,nan,0.00,1,1,1,0,1,0.0000,0.596,0,0.221,1,0.785,0,0,yolo,100.0,yolo,1,1,0,0.000,0,-1,0
1785731604.807,-12.757,-3.399,16.639,0.9736,0,-0.160,0.899,1.563,0.2618,13.135,-0.358,-0.884,1.000,-1.563,9.487,-2.6527,-0.3528,0.647,-0.020,-1.358,1.747,2.200,-2.500,0.0067,-0.003,nan,0.00,1,1,1,1,1,0.0000,0.596,0,0.221,1,0.785,2,0,yolo,97.6,yolo,1,1,0,0.000,0,-1,0
1785731604.835,-12.756,-3.355,16.484,0.9736,0,-1.660,0.855,1.563,0.2780,13.135,-0.358,-0.884,1.000,-1.563,-10.614,0.5928,0.0037,0.573,0.573,-1.354,1.759,2.200,-2.500,0.0067,-0.013,nan,0.00,1,1,1,0,1,0.0000,0.724,0,0.228,2,0.811,0,0,yolo,97.6,yolo,1,1,0,0.000,0,-1,0
1785731604.870,-12.602,-3.304,16.365,0.9743,0,-2.904,0.804,1.563,0.2778,13.135,-0.358,-0.884,1.000,-1.563,-9.698,0.5134,0.0086,0.493,0.493,-1.349,1.772,2.200,-2.500,0.0067,-0.026,nan,0.00,1,1,1,0,1,0.0000,0.839,0,0.224,3,0.831,0,0,yolo,97.6,yolo,1,1,0,0.000,0,-1,0
1785731604.913,-12.348,-3.259,16.236,0.9753,0,-4.404,0.759,0.576,0.2640,13.033,-0.131,-0.785,1.000,-0.576,11.319,-2.2449,-0.2919,0.414,-0.233,-1.344,1.785,2.200,-2.500,0.0067,0.003,nan,0.00,1,1,1,1,1,0.0000,0.839,0,0.224,3,0.831,0,0,yolo,95.9,yolo,1,1,0,0.000,0,-1,0
1785731604.943,-11.975,-3.211,16.148,0.9767,0,-5.494,0.711,0.576,0.2771,13.033,-0.131,-0.785,1.000,-0.576,-6.481,0.5672,0.0122,0.334,0.334,-1.332,1.797,2.200,-2.500,0.0067,-0.010,nan,0.00,1,1,1,0,1,0.0000,0.722,0,0.227,2,0.832,0,0,yolo,95.9,yolo,1,1,0,0.000,0,-1,0
1785731604.980,-11.492,-3.154,16.109,0.9785,0,-6.994,0.654,-0.229,0.2605,12.811,0.051,-0.604,1.000,0.229,12.211,-1.7995,-1.1312,0.252,-0.394,-1.318,1.810,2.200,-2.500,0.0067,0.104,nan,0.00,1,1,1,1,1,0.0000,0.722,0,0.227,2,0.832,2,0,yolo,91.8,yolo,1,1,0,0.000,0,-1,0
1785731605.020,-10.912,-3.098,16.102,0.9805,0,-7.488,0.598,-0.229,0.2738,12.811,0.051,-0.604,1.000,0.229,-3.424,0.5669,0.0112,0.173,0.173,-1.307,1.821,2.200,-2.500,0.0067,0.090,nan,0.00,1,1,1,0,1,0.0000,0.714,0,0.220,2,0.844,0,0,yolo,91.8,yolo,1,1,0,0.000,0,-1,0
1785731605.052,-10.322,-3.045,16.119,0.9824,0,-7.745,0.545,-0.229,0.2741,12.811,0.051,-0.604,1.000,0.229,-2.578,0.4946,0.0223,0.101,0.101,-1.296,1.832,2.200,-2.500,0.0067,0.078,nan,0.00,1,1,1,0,1,0.0000,0.710,0,0.217,2,0.846,0,0,yolo,91.8,yolo,1,1,0,0.000,0,-1,0
1785731605.084,-9.699,-2.995,16.133,0.9844,0,-9.245,0.500,-0.839,0.2575,12.609,0.185,-0.431,1.000,0.839,14.000,-2.0144,-1.8878,0.030,-0.616,-1.284,1.842,2.200,-2.496,0.0066,0.204,nan,0.00,1,1,1,1,1,0.0000,0.710,0,0.217,2,0.846,0,0,yolo,94.3,yolo,1,1,0,0.000,0,-1,0
1785731605.115,-8.947,-2.947,16.168,0.9865,0,-8.434,0.464,-0.839,0.2691,12.609,0.185,-0.431,1.000,0.839,-0.513,0.5765,0.0146,-0.040,-0.040,-1.269,1.852,2.200,-2.484,0.0066,0.195,nan,0.00,1,1,1,0,1,0.0000,0.297,0,0.219,1,0.851,0,0,yolo,94.3,yolo,1,1,0,0.000,0,-1,0
1785731605.146,-8.198,-2.893,16.239,0.9885,0,-8.518,0.429,-0.839,0.2696,12.609,0.185,-0.431,1.000,0.839,0.320,0.5060,0.0327,-0.110,-0.110,-1.251,1.862,2.200,-2.464,0.0066,0.184,nan,0.00,1,1,1,0,1,0.0000,0.714,0,0.220,2,0.838,0,0,yolo,94.3,yolo,1,1,0,0.000,0,-1,0
1785731605.176,-7.483,-2.845,16.304,0.9903,0,-10.018,0.551,-1.241,0.2530,12.446,0.270,-0.271,1.000,1.241,11.852,-0.8738,-1.3027,-0.173,-0.635,-1.240,1.871,2.135,-2.295,0.0066,0.315,nan,0.00,1,1,1,1,1,0.0000,0.711,0,0.217,2,0.836,0,0,yolo,102.0,yolo,1,1,0,0.000,0,-1,0
1785731605.214,-7.483,-2.845,16.304,0.9903,0,-9.466,0.441,-1.241,0.2637,12.446,0.270,-0.271,1.000,1.241,1.982,0.4625,0.0000,-0.173,-0.173,-1.240,1.871,2.135,-2.405,0.0065,0.315,nan,0.00,1,1,1,0,1,0.0000,0.711,0,0.217,2,0.836,2,0,yolo,102.0,yolo,1,1,0,0.000,0,-1,0
1785731605.240,-6.634,-2.790,16.379,0.9921,0,-9.335,0.404,-1.241,0.2643,12.446,0.270,-0.271,1.000,1.241,2.701,0.4021,0.0203,-0.233,-0.233,-1.220,1.880,2.144,-2.386,0.0065,0.306,nan,0.00,1,1,1,0,1,0.0000,0.222,0,0.179,1,0.780,0,0,yolo,102.0,yolo,1,1,0,0.000,0,-1,0
1785731605.272,-5.813,-2.738,16.477,0.9937,0,-10.835,0.800,-1.528,0.2477,12.252,0.327,-0.079,1.000,1.528,11.074,-0.6126,-1.6794,-0.289,-0.599,-1.194,1.888,1.976,-1.938,0.0065,0.474,nan,0.00,1,1,1,1,1,0.0000,0.547,0,0.172,2,0.730,0,0,yolo,94.5,yolo,1,1,0,0.000,0,-1,0
1785731605.304,-4.984,-2.692,16.577,0.9951,0,-9.892,0.761,-1.528,0.2585,12.252,0.327,-0.079,1.000,1.528,4.908,0.2587,0.0202,-0.340,-0.340,-1.174,1.896,1.982,-1.931,0.0064,0.468,nan,0.00,1,1,1,0,1,0.0000,0.547,0,0.172,2,0.730,0,0,yolo,94.5,yolo,1,1,0,0.000,0,-1,0
1785731605.334,-4.077,-2.626,16.683,0.9964,0,-9.569,0.695,-1.528,0.2595,12.252,0.327,-0.079,1.000,1.528,5.492,0.2100,0.0437,-0.389,-0.389,-1.151,1.904,1.991,-1.931,0.0064,0.459,nan,0.00,1,1,1,0,1,0.0000,0.216,0,0.166,1,0.715,0,0,yolo,94.5,yolo,1,1,0,0.000,0,-1,0
1785731605.371,-3.154,-2.549,16.817,0.9975,0,-9.703,1.058,-1.445,0.2428,12.412,0.313,0.094,1.000,1.445,6.549,0.1340,-1.2728,-0.432,-0.522,-1.127,1.912,1.821,-1.491,0.0063,0.629,nan,0.00,1,1,1,1,1,0.0000,0.245,0,0.034,1,0.717,0,0,yolo,99.6,yolo,1,1,0,0.000,0,-1,0
1785731605.415,-2.237,-2.445,16.938,0.9983,0,-8.822,0.922,-1.445,0.2539,12.412,0.313,0.094,1.000,1.445,6.585,0.0533,0.0353,-0.468,-0.468,-1.092,1.919,1.838,-1.523,0.0062,0.612,nan,0.00,1,1,1,0,1,0.0000,0.245,0,0.034,1,0.717,1,0,yolo,99.6,yolo,1,1,0,0.000,0,-1,0
1785731605.443,-1.441,-2.357,17.048,0.9988,0,-8.344,0.795,-1.445,0.2559,12.412,0.313,0.094,1.000,1.445,6.904,0.0265,0.0745,-0.495,-0.495,-1.053,1.925,1.853,-1.562,0.0062,0.597,nan,0.00,1,1,1,0,0,0.0000,0.000,0,0.000,0,0.000,0,0,yolo,99.6,yolo,1,1,0,0.000,0,-1,0
1785731605.481,-0.739,-2.290,17.154,0.9991,0,-6.844,1.090,-1.387,0.2393,12.591,0.305,0.249,1.000,1.387,6.013,0.1280,-1.5101,-0.514,-0.467,-1.015,1.930,1.702,-1.200,0.0061,0.748,nan,0.00,1,1,1,1,0,0.0000,0.000,0,0.000,0,0.000,1,0,yolo,100.2,yolo,1,1,0,0.000,0,-1,0
1785731605.508,-0.167,-2.203,17.257,0.9993,0,-7.525,0.953,-1.387,0.2503,12.591,0.305,0.249,1.000,1.387,7.358,-0.0597,0.0456,-0.527,-0.527,-0.969,1.934,1.718,-1.251,0.0060,0.732,nan,0.00,1,1,1,0,0,0.0000,0.000,0,0.000,0,0.000,0,0,yolo,100.2,yolo,1,1,0,0.000,0,-1,0
1785731605.540,0.486,-2.119,17.364,0.9993,0,-6.990,0.819,-1.387,0.2530,12.591,0.305,0.249,1.000,1.387,7.476,-0.0697,0.0975,-0.537,-0.537,-0.918,1.938,1.733,-1.300,0.0060,0.717,nan,0.00,1,1,1,0,1,0.0000,0.239,0,0.023,1,0.813,0,0,yolo,100.2,yolo,1,1,0,0.000,0,-1,0
1785731605.572,0.486,-2.119,17.364,0.9993,0,-5.490,1.162,-1.335,0.2364,12.685,0.296,0.405,1.000,1.335,5.213,0.1741,-2.0000,-0.537,-0.406,-0.918,1.938,1.573,-0.957,0.0059,0.877,nan,0.00,1,1,1,1,1,0.0000,0.315,0,0.019,2,0.835,0,0,yolo,99.0,yolo,1,1,0,0.000,0,-1,0
1785731605.602,1.097,-2.052,17.469,0.9992,0,-6.588,1.065,-1.335,0.2459,12.685,0.296,0.405,1.000,1.335,7.685,-0.1362,0.0415,-0.542,-0.542,-0.876,1.941,1.585,-0.986,0.0058,0.865,nan,0.00,1,1,1,0,1,0.0000,0.315,0,0.019,2,0.835,0,0,yolo,99.0,yolo,1,1,0,0.000,0,-1,0
1785731605.640,1.562,-1.962,17.571,0.9990,0,-6.121,0.931,-1.335,0.2485,12.685,0.296,0.405,1.000,1.335,7.682,-0.1360,0.0885,-0.542,-0.542,-0.829,1.944,1.603,-1.031,0.0057,0.847,nan,0.00,1,1,1,0,0,0.0000,0.000,0,0.000,0,0.000,0,0,yolo,99.0,yolo,1,1,0,0.000,0,-1,0
1785731605.669,2.055,-1.865,17.677,0.9988,0,-5.590,0.782,-1.335,0.2516,12.685,0.296,0.405,1.000,1.335,7.645,-0.1328,0.1457,-0.539,-0.539,-0.772,1.946,1.622,-1.083,0.0056,0.828,nan,0.00,1,1,1,0,0,0.0000,0.000,0,0.000,0,0.000,0,0,yolo,99.0,yolo,1,1,0,0.000,0,-1,0
1785731605.716,2.628,-1.786,17.785,0.9985,0,-4.090,1.029,-1.413,0.2350,12.687,0.313,0.555,1.000,1.413,6.679,-0.1038,-0.8138,-0.532,-0.388,-0.718,1.947,1.486,-0.757,0.0055,0.964,nan,0.00,1,1,1,1,0,0.0000,0.000,0,0.000,0,0.000,1,0,yolo,110.1,yolo,1,1,0,0.000,0,-1,0
1785731605.746,3.105,-1.725,17.888,0.9981,0,-4.629,0.923,-1.413,0.2433,12.687,0.313,0.555,1.000,1.413,7.734,-0.1339,0.0444,-0.522,-0.522,-0.674,1.948,1.497,-0.802,0.0054,0.953,nan,0.00,1,1,1,0,0,0.0000,0.000,0,0.000,0,0.000,0,0,yolo,110.1,yolo,1,1,0,0.000,0,-1,0
1785731605.776,3.469,-1.645,17.999,0.9978,0,-4.092,0.786,-1.413,0.2459,12.687,0.313,0.555,1.000,1.413,7.562,-0.1192,0.0914,-0.508,-0.508,-0.627,1.948,1.513,-0.859,0.0053,0.937,nan,0.00,1,1,1,0,0,0.0000,0.000,0,0.000,0,0.000,0,0,yolo,110.1,yolo,1,1,0,0.000,0,-1,0
1785731605.809,3.880,-1.569,18.116,0.9973,0,-2.714,1.049,-1.445,0.2292,12.947,0.327,0.705,1.000,1.445,6.594,-0.1087,-2.0000,-0.490,-0.368,-0.578,1.948,1.370,-0.520,0.0053,1.080,nan,0.00,1,1,1,1,0,0.0000,0.000,0,0.000,0,0.000,0,0,yolo,105.7,yolo,1,1,0,0.000,0,-1,0
1785731605.837,4.153,-1.481,18.244,0.9970,0,-3.064,0.893,-1.445,0.2411,12.947,0.327,0.705,1.000,1.445,7.218,-0.1004,0.0639,-0.468,-0.468,-0.514,1.947,1.388,-0.588,0.0053,1.062,nan,0.00,1,1,1,0,0,0.0000,0.000,0,0.000,0,0.000,0,0,yolo,105.7,yolo,1,1,0,0.000,0,-1,0
1785731605.866,4.462,-1.403,18.376,0.9967,0,-2.464,0.749,-1.445,0.2448,12.947,0.327,0.705,1.000,1.445,6.926,-0.0753,0.1335,-0.443,-0.443,-0.444,1.946,1.405,-0.654,0.0053,1.045,nan,0.00,1,1,1,0,0,0.0000,0.000,0,0.000,0,0.000,0,0,yolo,105.7,yolo,1,1,0,0.000,0,-1,0
1785731605.900,4.731,-1.340,18.497,0.9963,0,-0.964,0.894,-1.341,0.2281,12.223,0.286,0.832,1.000,1.341,4.605,0.2212,-0.9287,-0.418,-0.336,-0.377,1.944,1.312,-0.446,0.0053,1.138,nan,0.00,1,1,1,1,0,0.0000,0.000,0,0.000,0,0.000,0,0,yolo,101.6,yolo,1,1,0,0.000,0,-1,0
1785731605.929,4.734,-1.339,18.499,0.9963,0,-1.962,0.900,-1.341,0.2361,12.223,0.286,0.832,1.000,1.341,6.696,-0.0819,0.0008,-0.418,-0.418,-0.376,1.944,1.312,-0.439,0.0053,1.138,nan,0.00,1,1,1,0,0,0.0000,0.000,0,0.000,0,0.000,1,0,yolo,101.6,yolo,1,1,0,0.000,0,-1,0
1785731605.967,4.837,-1.265,18.620,0.9962,0,-1.517,0.760,-1.341,0.2398,12.223,0.286,0.832,1.000,1.341,6.355,-0.0535,0.0714,-0.389,-0.389,-0.306,1.941,1.327,-0.505,0.0053,1.123,nan,0.00,1,1,1,0,0,0.0000,0.000,0,0.000,0,0.000,0,0,yolo,101.6,yolo,1,1,0,0.000,0,-1,0
1785731605.998,5.012,-1.194,18.728,0.9960,0,-0.030,0.877,-1.328,0.2231,11.819,0.274,0.941,1.000,1.328,5.042,0.0270,-0.8476,-0.362,-0.256,-0.246,1.939,1.243,-0.317,0.0053,1.207,nan,0.00,1,1,1,1,0,0.0000,0.000,0,0.000,0,0.000,0,0,yolo,99.8,yolo,1,1,0,0.000,0,-1,0
1785731606.023,5.178,-1.134,18.836,0.9957,0,-0.966,0.763,-1.328,0.2371,11.819,0.274,0.941,1.000,1.328,6.144,-0.0789,0.0591,-0.334,-0.334,-0.187,1.935,1.254,-0.371,0.0053,1.196,nan,0.00,1,1,1,0,0,0.0000,0.000,0,0.000,0,0.000,0,0,yolo,99.8,yolo,1,1,0,0.000,0,-1,0
1785731606.057,5.260,-1.075,18.949,0.9956,0,-0.521,0.648,-1.328,0.2404,11.819,0.274,0.941,1.000,1.328,5.780,-0.0492,0.1231,-0.305,-0.305,-0.123,1.932,1.266,-0.427,0.0053,1.184,nan,0.00,1,1,1,0,0,0.0000,0.000,0,0.000,0,0.000,0,0,yolo,99.8,yolo,1,1,0,0.000,0,-1,0
1785731606.091,5.322,-1.027,19.056,0.9955,0,0.979,0.742,-1.298,0.2238,12.296,0.279,1.057,1.000,1.298,4.160,0.0963,-1.7179,-0.275,-0.200,-0.068,1.928,1.200,-0.285,0.0053,1.298,nan,0.00,1,1,1,1,0,0.0000,0.000,0,0.000,0,0.000,0,0,yolo,93.0,yolo,1,1,0,0.000,0,-1,0
1785731606.120,5.322,-1.027,19.056,0.9955,0,-0.225,0.773,-1.298,0.2314,12.296,0.279,1.057,1.000,1.298,5.547,-0.0756,0.0000,-0.275,-0.275,-0.068,1.928,1.200,-0.253,0.0053,1.298,nan,0.00,1,1,1,0,0,0.0000,0.000,0,0.000,0,0.000,0,0,yolo,93.0,yolo,1,1,0,0.000,0,-1,0
1785731606.153,5.260,-0.973,19.162,0.9956,0,0.059,0.687,-1.298,0.2345,12.296,0.279,1.057,1.000,1.298,5.201,-0.0468,0.0601,-0.247,-0.247,-0.008,1.924,1.200,-0.285,0.0053,1.286,nan,0.00,1,1,1,0,0,0.0000,0.000,0,0.000,0,0.000,0,0,yolo,93.0,yolo,1,1,0,0.000,0,-1,0
1785731606.183,5.286,-0.908,19.277,0.9956,0,1.559,-0.520,0.202,0.2511,12.667,-0.562,0.661,1.000,-2.539,-14.000,6.3620,2.0000,-0.215,0.644,0.063,1.919,1.642,-1.428,0.0053,0.808,nan,0.00,1,1,1,1,0,0.0000,0.000,0,0.000,0,0.000,0,0,yolo,93.6,yolo,1,1,0,0.000,0,-1,0
1785731606.214,5.157,-0.957,19.288,0.9958,0,3.059,-0.460,1.702,0.2487,12.667,-0.562,0.661,1.000,-2.539,-0.999,-0.8249,0.0691,-0.181,-0.181,0.132,1.915,1.630,-1.417,0.0052,0.820,nan,0.00,1,1,1,0,0,0.0000,0.000,0,0.000,0,0.000,1,0,yolo,93.6,yolo,1,1,0,0.000,0,-1,0
1785731606.246,4.894,-0.987,19.148,0.9962,0,4.559,-0.408,2.539,0.2510,12.667,-0.562,0.661,1.000,-2.539,-1.411,-0.7900,0.1299,-0.146,-0.146,0.193,1.912,1.621,-1.395,0.0051,0.829,nan,0.00,1,1,1,0,0,0.0000,0.000,0,0.000,0,0.000,1,0,yolo,93.6,yolo,1,1,0,0.000,0,-1,0
1785731606.273,4.622,-1.011,18.988,0.9966,0,3.059,0.387,1.316,0.2343,12.742,-0.293,0.940,1.000,-1.316,14.000,-4.0793,-2.0000,-0.112,0.060,0.250,1.909,1.312,-0.624,0.0051,1.138,nan,0.00,1,1,1,1,0,0.0000,0.000,0,0.000,0,0.000,0,0,yolo,91.5,yolo,1,1,0,0.000,0,-1,0
1785731606.308,4.622,-1.011,18.988,0.9966,0,4.559,0.422,1.316,0.2358,12.742,-0.293,0.940,1.000,-1.316,-1.673,-0.1723,0.0000,-0.112,-0.112,0.250,1.909,1.312,-0.589,0.0051,1.138,nan,0.00,1,1,1,0,0,0.0000,0.000,0,0.000,0,0.000,1,0,yolo,91.5,yolo,1,1,0,0.000,0,-1,0
1785731606.338,4.369,-0.965,18.839,0.9970,0,6.059,0.337,1.316,0.2378,12.742,-0.293,0.940,1.000,-1.316,-2.032,-0.1418,0.0419,-0.081,-0.081,0.292,1.906,1.320,-0.628,0.0051,1.130,nan,0.00,1,1,1,0,0,0.0000,0.000,0,0.000,0,0.000,0,0,yolo,91.5,yolo,1,1,0,0.000,0,-1,0
1785731606.369,3.995,-0.917,18.769,0.9974,0,4.559,0.566,0.552,0.2211,13.046,-0.126,1.161,1.000,-0.552,8.107,-1.7383,-2.0000,-0.056,-0.121,0.341,1.902,1.200,-0.351,0.0051,1.358,nan,0.00,1,1,1,1,0,0.0000,0.000,0,0.000,0,0.000,1,0,yolo,99.7,yolo,1,1,0,0.000,0,-1,0
1785731606.400,3.462,-0.883,18.680,0.9981,0,5.041,0.509,0.552,0.2314,13.046,-0.126,1.161,1.000,-0.552,-1.579,0.0859,0.0547,-0.035,-0.035,0.396,1.898,1.200,-0.373,0.0051,1.352,nan,0.00,1,1,1,0,0,0.0000,0.000,0,0.000,0,0.000,1,0,yolo,99.7,yolo,1,1,0,0.000,0,-1,0
1785731606.430,3.013,-0.832,18.611,0.9985,0,4.799,0.431,0.552,0.2346,13.046,-0.126,1.161,1.000,-0.552,-1.785,0.1037,0.1200,-0.017,-0.017,0.461,1.893,1.200,-0.401,0.0051,1.342,nan,0.00,1,1,1,0,0,0.0000,0.000,0,0.000,0,0.000,1,0,yolo,99.7,yolo,1,1,0,0.000,0,-1,0
1785731606.462,2.574,-0.788,18.581,0.9989,0,3.299,0.358,0.103,0.2179,13.198,-0.024,1.303,1.000,-0.103,6.057,-1.0349,-1.3980,-0.004,-0.175,0.536,1.888,1.200,-0.430,0.0051,1.482,nan,0.00,1,1,1,1,0,0.0000,0.000,0,0.000,0,0.000,0,0,yolo,88.9,yolo,1,1,0,0.000,0,-1,0
1785731606.492,2.574,-0.788,18.581,0.9989,0,3.667,0.403,0.103,0.2249,13.198,-0.024,1.303,1.000,-0.103,-1.093,0.1716,0.0000,-0.004,-0.004,0.536,1.888,1.200,-0.385,0.0051,1.482,nan,0.00,1,1,1,0,0,0.0000,0.000,0,0.000,0,0.000,0,0,yolo,88.9,yolo,1,1,0,0.000,0,-1,0
1785731606.524,2.275,-0.755,18.568,0.9991,0,3.497,0.333,0.103,0.2287,13.198,-0.024,1.303,1.000,-0.103,-1.223,0.1829,0.0817,0.008,0.008,0.618,1.883,1.200,-0.423,0.0051,1.475,nan,0.00,1,1,1,0,0,0.0000,0.000,0,0.000,0,0.000,0,0,yolo,88.9,yolo,1,1,0,0.000,0,-1,0
1785731606.556,1.954,-0.719,18.567,0.9993,0,1.997,0.263,-0.369,0.2121,15.323,0.099,1.589,1.000,0.369,8.759,-1.2621,-2.0000,0.016,-0.272,0.702,1.877,1.200,-0.456,0.0051,1.783,nan,0.00,1,1,1,1,0,0.0000,0.000,0,0.000,0,0.000,0,0,yolo,94.3,yolo,1,1,0,0.000,0,-1,0
1785731606.589,1.672,-0.691,18.563,0.9995,0,2.332,0.216,-0.369,0.2193,15.323,0.099,1.589,1.000,0.369,-0.660,0.2930,0.0758,0.021,0.021,0.778,1.873,1.200,-0.475,0.0051,1.776,nan,0.00,1,1,1,0,0,0.0000,0.000,0,0.000,0,0.000,0,0,yolo,94.3,yolo,1,1,0,0.000,0,-1,0
1785731606.618,1.466,-0.672,18.577,0.9996,0,2.176,0.176,-0.369,0.2360,15.323,0.099,1.589,1.000,0.369,-0.710,0.2977,0.1603,0.026,0.026,0.862,1.867,1.200,-0.496,0.0051,1.770,nan,0.00,1,1,1,0,0,0.0000,0.000,0,0.000,0,0.000,0,0,yolo,94.3,yolo,1,1,0,0.000,0,-1,0
1785731606.649,1.273,-0.657,18.616,0.9997,0,0.676,0.138,-0.594,0.2527,14.672,0.152,1.563,1.000,0.594,5.781,-0.5772,0.3682,0.029,-0.241,0.952,1.862,1.200,-0.519,0.0051,1.734,nan,0.00,1,1,1,1,0,0.0000,0.000,0,0.000,0,0.000,0,0,yolo,97.9,yolo,1,1,0,0.000,0,-1,0
1785731606.679,1.192,-0.646,18.654,0.9997,0,1.258,0.118,-0.594,0.2692,14.672,0.152,1.563,1.000,0.594,-0.066,0.2727,0.0640,0.032,0.032,1.016,1.857,1.200,-0.527,0.0051,1.731,nan,0.00,1,1,1,0,0,0.0000,0.000,0,0.000,0,0.000,0,0,yolo,97.9,yolo,1,1,0,0.000,0,-1,0
1785731606.712,1.093,-0.636,18.700,0.9998,0,1.188,0.093,-0.594,0.2692,14.672,0.152,1.563,1.000,0.594,-0.095,0.2754,0.1196,0.035,0.035,1.072,1.852,1.200,-0.543,0.0051,1.728,nan,0.00,1,1,1,0,0,0.0000,0.000,0,0.000,0,0.000,0,0,yolo,97.9,yolo,1,1,0,0.000,0,-1,0
1785731606.742,0.976,-0.627,18.746,0.9998,0,1.089,0.069,-0.594,0.2691,14.672,0.152,1.563,1.000,0.594,-0.113,0.2771,0.1624,0.036,0.036,1.115,1.847,1.200,-0.558,0.0051,1.725,nan,0.00,1,1,1,0,0,0.0000,0.000,0,0.000,0,0.000,0,0,yolo,97.9,yolo,1,1,0,0.000,0,-1,0
1785731606.773,0.876,-0.621,18.791,0.9998,0,1.005,0.049,-0.594,0.2691,14.672,0.152,1.563,1.000,0.594,-0.129,0.2785,0.1862,0.038,0.038,1.138,1.842,1.200,-0.572,0.0051,1.724,nan,0.00,1,1,1,0,0,0.0000,0.000,0,0.000,0,0.000,1,0,yolo,97.9,yolo,1,1,0,0.000,0,-1,0
1785731606.801,0.876,-0.621,18.791,0.9998,0,1.005,0.102,-0.594,0.2691,14.672,0.152,1.563,1.000,0.594,-0.129,0.2785,0.1862,0.038,0.038,1.138,1.842,1.200,-0.519,0.0051,1.724,nan,0.00,1,1,1,0,0,0.0000,0.000,0,0.000,0,0.000,0,0,yolo,97.9,yolo,1,1,0,0.000,0,-1,0
1785731606.830,0.779,-0.616,18.838,0.9998,0,0.920,0.065,-0.594,0.2691,14.672,0.152,1.563,1.000,0.594,-0.141,0.2796,0.1963,0.039,0.039,1.148,1.837,1.200,-0.551,0.0051,1.722,nan,0.00,1,1,1,0,0,0.0000,0.000,0,0.000,0,0.000,0,0,yolo,97.9,yolo,1,1,0,0.000,0,-1,0
1785731606.865,0.690,-0.610,18.885,0.9999,0,0.838,0.033,-0.594,0.2691,14.672,0.152,1.563,1.000,0.594,-0.148,0.2803,0.1955,0.040,0.040,1.148,1.832,1.200,-0.577,0.0051,1.720,nan,0.00,1,1,1,0,0,0.0000,0.000,0,0.000,0,0.000,0,0,yolo,97.9,yolo,1,1,0,0.000,0,-1,0
1785731606.897,0.611,-0.607,18.931,0.9999,0,0.762,0.010,-0.594,0.2691,14.672,0.152,1.563,1.000,0.594,-0.151,0.2806,0.1900,0.040,0.040,1.142,1.827,1.200,-0.597,0.0051,1.719,nan,0.00,1,1,1,0,0,0.0000,0.000,0,0.000,0,0.000,0,0,yolo,97.9,yolo,1,1,0,0.000,0,-1,0
1785731606.927,0.540,-0.606,18.976,0.9999,0,0.691,-0.007,-0.594,0.2691,14.672,0.152,1.563,1.000,0.594,-0.151,0.2806,0.1827,0.040,0.040,1.135,1.822,1.200,-0.613,0.0051,1.719,nan,0.00,1,1,1,0,0,0.0000,0.000,0,0.000,0,0.000,0,0,yolo,97.9,yolo,1,1,0,0.000,0,-1,0
1785731606.958,0.476,-0.606,19.021,0.9999,0,-0.809,-0.234,-1.355,0.2691,8.085,0.191,1.077,1.000,1.355,2.965,-0.0000,-0.0000,0.040,0.040,1.127,1.817,1.286,-0.840,0.0051,1.164,nan,0.00,1,1,1,1,0,0.0000,0.000,0,0.000,0,0.000,0,0,yolo,105.5,yolo,1,1,0,0.000,0,-1,0
1785731606.991,0.537,-0.626,19.108,0.9999,0,-2.309,-0.214,-1.355,0.2691,8.085,0.191,1.077,1.000,1.355,2.950,-0.0000,-0.0000,0.041,0.041,1.118,1.813,1.282,-0.840,0.0051,1.168,nan,0.00,1,1,1,1,0,0.0000,0.000,0,0.000,0,0.000,0,0,yolo,105.5,yolo,1,1,0,0.000,0,-1,0
1785731607.022,0.537,-0.626,19.108,0.9999,0,-2.413,-0.164,-1.355,0.2691,8.085,0.191,1.077,1.000,1.355,2.950,-0.0000,-0.0000,0.041,0.041,1.118,1.813,1.282,-0.790,0.0051,1.168,nan,0.00,1,1,1,1,0,0.0000,0.000,0,0.000,0,0.000,0,0,yolo,105.5,yolo,1,1,0,0.000,0,-1,0
1785731607.055,0.749,-0.647,19.238,0.9999,0,-3.757,-0.231,-1.316,0.2691,8.021,0.184,1.049,1.000,1.316,4.507,0.0409,0.1920,0.046,-0.133,1.109,1.808,1.308,-0.878,0.0051,1.142,nan,0.00,1,1,1,1,0,0.0000,0.000,0,0.000,0,0.000,0,0,yolo,98.0,yolo,1,1,0,0.000,0,-1,0
1785731607.101,0.963,-0.663,19.356,0.9998,0,-2.257,-0.229,-1.316,0.2691,8.021,0.184,1.049,1.000,1.316,1.795,0.1856,-0.0093,0.053,0.053,1.100,1.804,1.305,-0.892,0.0051,1.145,nan,0.00,1,1,1,0,0,0.0000,0.000,0,0.000,0,0.000,0,0,yolo,98.0,yolo,1,1,0,0.000,0,-1,0
1785731607.132,1.312,-0.686,19.464,0.9997,0,-0.757,-0.208,-1.316,0.2692,8.021,0.184,1.049,1.000,1.316,1.600,0.1980,-0.0186,0.065,0.065,1.090,1.800,1.301,-0.894,0.0051,1.149,nan,0.00,1,1,1,0,0,0.0000,0.000,0,0.000,0,0.000,0,0,yolo,98.0,yolo,1,1,0,0.000,0,-1,0
1785731607.163,1.611,-0.709,19.565,0.9995,0,0.215,-0.181,-1.316,0.2692,8.021,0.184,1.049,1.000,1.316,1.396,0.2111,-0.0274,0.078,0.078,1.082,1.796,1.297,-0.890,0.0051,1.153,nan,0.00,1,1,1,0,0,0.0000,0.000,0,0.000,0,0.000,0,0,yolo,98.0,yolo,1,1,0,0.000,0,-1,0
1785731607.190,1.585,-0.727,19.667,0.9995,0,0.292,-0.162,-1.316,0.2692,8.021,0.184,1.049,1.000,1.316,1.292,0.2176,-0.0358,0.085,0.085,1.073,1.793,1.295,-0.889,0.0051,1.155,nan,0.00,1,1,1,0,0,0.0000,0.000,0,0.000,0,0.000,0,0,yolo,98.0,yolo,1,1,0,0.000,0,-1,0
1785731607.227,1.550,-0.743,19.769,0.9995,0,0.352,-0.144,-1.316,0.2692,8.021,0.184,1.049,1.000,1.316,1.198,0.2236,-0.0443,0.091,0.091,1.065,1.789,1.292,-0.887,0.0051,1.158,nan,0.00,1,1,1,0,0,0.0000,0.000,0,0.000,0,0.000,0,0,yolo,98.0,yolo,1,1,0,0.000,0,-1,0
1785731607.259,1.528,-0.758,19.866,0.9996,0,-1.148,-0.359,-1.173,0.2692,7.712,0.158,0.961,1.000,1.173,2.759,0.0965,0.4536,0.097,-0.028,1.057,1.786,1.383,-1.117,0.0051,1.067,nan,0.00,1,1,1,1,0,0.0000,0.000,0,0.000,0,0.000,0,0,yolo,98.3,yolo,1,1,0,0.000,0,-1,0
1785731607.284,1.615,-0.788,19.957,0.9995,0,0.352,-0.315,-1.173,0.2692,7.712,0.158,0.961,1.000,1.173,1.099,0.1327,-0.0082,0.105,0.105,1.048,1.784,1.379,-1.103,0.0051,1.071,nan,0.00,1,1,1,0,0,0.0000,0.000,0,0.000,0,0.000,0,0,yolo,98.3,yolo,1,1,0,0.000,0,-1,0
1785731607.320,1.603,-0.818,20.041,0.9995,0,0.609,-0.273,-1.173,0.2692,7.712,0.158,0.961,1.000,1.173,0.993,0.1393,-0.0164,0.111,0.111,1.040,1.781,1.375,-1.091,0.0051,1.075,nan,0.00,1,1,1,0,0,0.0000,0.000,0,0.000,0,0.000,0,0,yolo,98.3,yolo,1,1,0,0.000,0,-1,0
1785731607.351,1.541,-0.842,20.127,0.9995,0,2.109,-0.512,-0.924,0.2859,7.240,0.117,0.861,1.000,0.924,-0.709,0.4705,1.5815,0.117,0.056,1.032,1.779,1.480,-1.354,0.0050,0.970,nan,0.00,1,1,1,1,0,0.0000,0.000,0,0.000,0,0.000,0,0,yolo,100.6,yolo,1,1,0,0.000,0,-1,0
1785731607.396,1.367,-0.887,20.204,0.9996,0,0.789,-0.447,-0.924,0.2692,7.240,0.117,0.861,1.000,0.924,0.578,0.0631,-0.0122,0.119,0.119,1.020,1.777,1.475,-1.334,0.0049,0.975,nan,0.00,1,1,1,0,0,0.0000,0.000,0,0.000,0,0.000,1,0,yolo,100.6,yolo,1,1,0,0.000,0,-1,0
1785731607.428,1.163,-0.938,20.285,0.9997,0,0.608,-0.374,-0.924,0.2689,7.240,0.117,0.861,1.000,0.924,0.555,0.0645,-0.0294,0.121,0.121,1.002,1.776,1.469,-1.312,0.0048,0.981,nan,0.00,1,1,1,0,0,0.0000,0.000,0,0.000,0,0.000,0,0,yolo,100.6,yolo,1,1,0,0.000,0,-1,0
1785731607.456,1.162,-0.939,20.286,0.9997,0,0.510,-0.657,-0.776,0.2845,7.275,0.099,0.737,1.000,0.776,0.652,0.1409,0.9211,0.121,0.049,1.002,1.775,1.592,-1.596,0.0047,0.858,nan,0.00,1,1,1,1,0,0.0000,0.000,0,0.000,0,0.000,0,0,yolo,101.7,yolo,1,1,0,0.000,0,-1,0
1785731607.491,1.112,-0.974,20.361,0.9997,0,1.017,-0.614,-0.776,0.2687,7.275,0.099,0.737,1.000,0.776,0.096,0.0750,-0.0150,0.124,0.124,0.987,1.774,1.587,-1.588,0.0046,0.863,nan,0.00,1,1,1,0,0,0.0000,0.000,0,0.000,0,0.000,0,0,yolo,101.7,yolo,1,1,0,0.000,0,-1,0
1785731607.521,1.067,-1.030,20.424,0.9997,0,1.025,-0.532,-0.776,0.2686,7.275,0.099,0.737,1.000,0.776,0.042,0.0782,-0.0324,0.128,0.128,0.970,1.773,1.580,-1.562,0.0045,0.870,nan,0.00,1,1,1,0,0,0.0000,0.000,0,0.000,0,0.000,1,0,yolo,101.7,yolo,1,1,0,0.000,0,-1,0
1785731607.550,0.982,-1.077,20.480,0.9997,0,2.525,-0.744,-0.515,0.2853,7.148,0.064,0.628,1.000,0.515,-2.439,0.4885,1.6017,0.130,0.107,0.957,1.773,1.687,-1.821,0.0045,0.763,nan,0.00,1,1,1,1,0,0.0000,0.000,0,0.000,0,0.000,0,0,yolo,92.4,yolo,1,1,0,0.000,0,-1,0
1785731607.587,0.801,-1.130,20.520,0.9997,0,1.187,-0.664,-0.515,0.2686,7.148,0.064,0.628,1.000,0.515,-0.386,0.0229,-0.0121,0.130,0.130,0.945,1.773,1.680,-1.794,0.0044,0.770,nan,0.00,1,1,1,0,0,0.0000,0.000,0,0.000,0,0.000,1,0,yolo,92.4,yolo,1,1,0,0.000,0,-1,0
1785731607.616,0.598,-1.190,20.552,0.9997,0,0.961,-0.573,-0.515,0.2684,7.148,0.064,0.628,1.000,0.515,-0.363,0.0215,-0.0291,0.128,0.128,0.927,1.773,1.673,-1.763,0.0043,0.777,nan,0.00,1,1,1,0,0,0.0000,0.000,0,0.000,0,0.000,0,0,yolo,92.4,yolo,1,1,0,0.000,0,-1,0
1785731607.649,0.518,-1.237,20.586,0.9997,0,2.461,-0.727,-0.188,0.2850,7.008,0.023,0.541,1.000,0.188,-3.203,0.4006,0.8432,0.129,0.136,0.909,1.774,1.758,-1.964,0.0042,0.692,nan,0.00,1,1,1,1,0,0.0000,0.000,0,0.000,0,0.000,0,0,yolo,101.5,yolo,1,1,0,0.000,0,-1,0
1785731607.675,0.334,-1.294,20.610,0.9997,0,1.367,-0.638,-0.188,0.2684,7.008,0.023,0.541,1.000,0.188,-1.032,-0.0097,-0.0192,0.126,0.126,0.890,1.775,1.751,-1.933,0.0042,0.699,nan,0.00,1,1,1,0,1,0.0000,0.248,0,0.038,1,0.906,0,0,yolo,101.5,yolo,1,1,0,0.000,0,-1,0
1785731607.710,0.203,-1.354,20.619,0.9997,0,1.208,-0.546,-0.188,0.2682,7.008,0.023,0.541,1.000,0.188,-1.005,-0.0113,-0.0381,0.125,0.125,0.871,1.776,1.743,-1.900,0.0041,0.707,nan,0.00,1,1,1,0,1,0.0000,0.248,0,0.038,1,0.906,2,0,yolo,101.5,yolo,1,1,0,0.000,0,-1,0
1785731607.738,0.102,-1.402,20.631,0.9997,0,1.074,-0.470,-0.188,0.2681,7.008,0.023,0.541,1.000,0.188,-0.972,-0.0132,-0.0483,0.123,0.123,0.861,1.777,1.738,-1.872,0.0040,0.712,nan,0.00,1,1,1,0,1,0.0000,0.248,0,0.038,1,0.900,0,0,yolo,101.5,yolo,1,1,0,0.000,0,-1,0
1785731607.768,0.005,-1.443,20.647,0.9997,0,2.574,-0.678,0.137,0.2848,6.545,-0.016,0.443,1.000,-0.137,-3.620,0.2778,0.7828,0.120,0.144,0.859,1.779,1.842,-2.121,0.0040,0.608,nan,0.00,1,1,1,1,1,0.0000,0.247,0,0.037,1,0.896,0,0,yolo,100.9,yolo,1,1,0,0.000,0,-1,0
1785731607.799,0.005,-1.443,20.647,0.9997,0,1.811,-0.689,0.137,0.2681,6.545,-0.016,0.443,1.000,-0.137,-1.806,-0.0234,0.0000,0.120,0.120,0.859,1.779,1.842,-2.132,0.0039,0.608,nan,0.00,1,1,1,0,1,0.0000,0.247,0,0.037,1,0.896,0,0,yolo,100.9,yolo,1,1,0,0.000,0,-1,0
1785731607.831,-0.160,-1.506,20.645,0.9997,0,1.575,-0.585,0.137,0.2679,6.545,-0.016,0.443,1.000,-0.137,-1.735,-0.0274,-0.0016,0.117,0.117,0.858,1.781,1.835,-2.091,0.0038,0.615,nan,0.00,1,1,1,0,1,0.0000,0.321,0,0.027,2,0.868,0,0,yolo,100.9,yolo,1,1,0,0.000,0,-1,0
1785731607.868,-0.297,-1.557,20.628,0.9996,0,3.075,-0.755,0.507,0.2846,6.360,-0.056,0.347,1.000,-0.507,-5.632,0.4108,0.9513,0.113,0.171,0.862,1.784,1.930,-2.312,0.0038,0.520,nan,0.00,1,1,1,1,1,0.0000,0.238,0,0.022,1,0.851,0,0,yolo,101.0,yolo,1,1,0,0.000,0,-1,0
1785731607.892,-0.540,-1.618,20.598,0.9996,0,1.842,-0.657,0.507,0.2679,6.360,-0.056,0.347,1.000,-0.507,-2.382,-0.0646,-0.0016,0.107,0.107,0.860,1.786,1.923,-2.275,0.0037,0.527,nan,0.00,1,1,1,0,1,0.0000,0.238,0,0.022,1,0.851,0,0,yolo,101.0,yolo,1,1,0,0.000,0,-1,0
1785731607.924,-0.707,-1.677,20.554,0.9995,0,1.563,-0.560,0.507,0.2678,6.360,-0.056,0.347,1.000,-0.507,-2.270,-0.0707,-0.0077,0.100,0.100,0.854,1.789,1.916,-2.237,0.0037,0.534,nan,0.00,1,1,1,0,1,0.0000,0.317,0,0.021,2,0.846,0,0,yolo,101.0,yolo,1,1,0,0.000,0,-1,0
1785731607.957,-0.845,-1.732,20.507,0.9994,0,3.063,-0.707,0.971,0.2845,6.210,-0.105,0.254,1.000,-0.971,-14.000,1.5111,2.0000,0.093,0.329,0.847,1.793,2.006,-2.439,0.0036,0.444,nan,0.00,1,1,1,1,1,0.0000,0.317,0,0.021,2,0.846,0,0,yolo,94.0,yolo,1,1,0,0.000,0,-1,0
1785731607.988,-0.847,-1.733,20.507,0.9994,0,1.693,-0.734,0.971,0.2678,6.210,-0.105,0.254,1.000,-0.971,-2.540,-0.2360,-0.0001,0.093,0.093,0.847,1.793,2.006,-2.466,0.0036,0.444,nan,0.00,1,1,1,0,1,0.0000,0.314,0,0.017,2,0.828,0,0,yolo,94.0,yolo,1,1,0,0.000,0,-1,0
1785731608.027,-1.034,-1.817,20.418,0.9993,0,1.341,-0.580,0.971,0.2677,6.210,-0.105,0.254,1.000,-0.971,-2.376,-0.2447,-0.0063,0.085,0.085,0.841,1.798,1.997,-2.396,0.0036,0.453,nan,0.00,1,1,1,0,1,0.0000,0.316,0,0.020,2,0.821,0,0,yolo,94.0,yolo,1,1,0,0.000,0,-1,0
1785731608.065,-1.156,-1.872,20.329,0.9993,0,2.841,-0.628,1.346,0.2801,6.031,-0.142,0.183,1.000,-1.346,-8.576,0.2956,0.5299,0.077,0.262,0.840,1.802,2.068,-2.500,0.0035,0.382,nan,0.00,1,1,1,1,1,0.0000,0.316,0,0.020,2,0.821,0,0,yolo,99.9,yolo,1,1,0,0.000,0,-1,0
1785731608.097,-1.426,-1.934,20.225,0.9991,0,1.915,-0.565,1.346,0.2677,6.031,-0.142,0.183,1.000,-1.346,-3.340,-0.1954,-0.0028,0.067,0.067,0.838,1.807,2.060,-2.499,0.0035,0.390,nan,0.00,1,1,1,0,1,0.0000,0.238,0,0.022,1,0.802,0,0,yolo,99.9,yolo,1,1,0,0.000,0,-1,0
1785731608.128,-1.602,-1.991,20.105,0.9990,0,1.541,-0.462,1.346,0.2677,6.031,-0.142,0.183,1.000,-1.346,-3.143,-0.2057,-0.0076,0.057,0.057,0.833,1.812,2.054,-2.454,0.0034,0.396,nan,0.00,1,1,1,0,1,0.0000,0.238,0,0.022,1,0.802,0,0,yolo,99.9,yolo,1,1,0,0.000,0,-1,0
1785731608.161,-1.602,-1.991,20.105,0.9990,0,3.041,-0.509,1.557,0.2844,5.841,-0.175,0.090,0.974,-1.715,-9.158,0.3758,0.9793,0.057,0.221,0.833,1.812,2.152,-2.500,0.0034,0.298,nan,0.00,1,1,1,1,0,0.0000,0.000,0,0.000,0,0.000,0,0,yolo,106.2,yolo,1,1,0,0.000,0,-1,0
1785731608.193,-1.747,-2.041,19.985,0.9989,0,2.220,-0.459,1.541,0.2677,5.841,-0.175,0.090,0.974,-1.715,-3.966,-0.1754,-0.0053,0.045,0.045,0.827,1.818,2.146,-2.500,0.0034,0.304,nan,0.00,1,1,1,0,0,0.0000,0.000,0,0.000,0,0.000,0,0,yolo,106.2,yolo,1,1,0,0.000,0,-1,0
1785731608.221,-2.059,-2.098,19.854,0.9987,0,1.612,-0.402,1.529,0.2677,5.841,-0.175,0.090,0.974,-1.715,-3.672,-0.1908,-0.0171,0.030,0.030,0.816,1.824,2.140,-2.500,0.0033,0.310,nan,0.00,1,1,1,0,0,0.0000,0.000,0,0.000,0,0.000,0,0,yolo,106.2,yolo,1,1,0,0.000,0,-1,0
1785731608.251,-2.199,-2.140,19.724,0.9986,0,3.112,-0.360,1.553,0.2844,5.624,-0.204,0.000,0.937,-2.079,-9.019,0.3582,0.9196,0.017,0.173,0.804,1.830,2.200,-2.500,0.0033,0.218,nan,0.00,1,1,1,1,0,0.0000,0.000,0,0.000,0,0.000,0,0,yolo,94.3,yolo,1,1,0,0.000,0,-1,0
1785731608.287,-2.460,-2.177,19.605,0.9984,0,1.631,-0.323,1.504,0.2677,5.624,-0.204,0.000,0.937,-2.079,-4.091,-0.1712,-0.0124,0.001,0.001,0.792,1.835,2.200,-2.500,0.0033,0.223,nan,0.00,1,1,1,0,0,0.0000,0.000,0,0.000,0,0.000,0,0,yolo,94.3,yolo,1,1,0,0.000,0,-1,0
1785731608.319,-2.609,-2.212,19.487,0.9982,0,1.195,-0.288,1.468,0.2599,5.624,-0.204,0.000,0.937,-2.079,-3.804,-0.1863,-0.0239,-0.014,-0.014,0.780,1.841,2.200,-2.500,0.0033,0.227,nan,0.00,1,1,1,0,0,0.0000,0.000,0,0.000,0,0.000,0,0,yolo,94.3,yolo,1,1,0,0.000,0,-1,0
1785731608.352,-2.703,-2.244,19.372,0.9981,0,2.695,-0.256,1.277,0.2765,5.403,-0.215,-0.078,0.900,-2.275,-7.420,0.1842,0.8311,-0.029,0.103,0.776,1.847,2.200,-2.500,0.0033,0.144,nan,0.00,1,1,1,1,0,0.0000,0.000,0,0.000,0,0.000,0,0,yolo,93.5,yolo,1,1,0,0.000,0,-1,0
1785731608.383,-2.703,-2.244,19.372,0.9981,0,1.411,-0.256,1.271,0.2634,5.403,-0.215,-0.078,0.900,-2.275,-4.114,-0.1317,0.0000,-0.029,-0.029,0.776,1.847,2.200,-2.500,0.0033,0.144,nan,0.00,1,1,1,0,0,0.0000,0.000,0,0.000,0,0.000,0,0,yolo,93.5,yolo,1,1,0,0.000,0,-1,0
1785731608.408,-2.966,-2.275,19.262,0.9979,0,0.766,-0.225,1.266,0.2633,5.403,-0.215,-0.078,0.900,-2.275,-3.732,-0.1521,-0.0021,-0.049,-0.049,0.773,1.853,2.200,-2.500,0.0032,0.148,nan,0.00,1,1,1,0,0,0.0000,0.000,0,0.000,0,0.000,0,0,yolo,93.5,yolo,1,1,0,0.000,0,-1,0
1785731608.446,-3.029,-2.303,19.157,0.9978,0,2.266,-0.197,0.936,0.2799,5.178,-0.211,-0.150,0.863,-2.339,-5.719,0.0435,0.5861,-0.068,0.034,0.775,1.860,2.200,-2.500,0.0032,0.069,nan,0.00,1,1,1,1,0,0.0000,0.000,0,0.000,0,0.000,2,0,yolo,103.6,yolo,1,1,0,0.000,0,-1,0
1785731608.476,-3.241,-2.327,19.073,0.9976,0,0.766,-0.173,0.931,0.2658,5.178,-0.211,-0.150,0.863,-2.339,-3.222,-0.1240,0.0033,-0.090,-0.090,0.778,1.867,2.200,-2.500,0.0032,0.072,nan,0.00,1,1,1,0,0,0.0000,0.000,0,0.000,0,0.000,1,0,yolo,103.6,yolo,1,1,0,0.000,0,-1,0
1785731608.508,-3.315,-2.347,19.006,0.9975,0,-0.471,-0.153,0.928,0.2659,5.178,-0.211,-0.150,0.863,-2.339,-2.845,-0.1443,0.0063,-0.110,-0.110,0.781,1.873,2.200,-2.500,0.0032,0.075,nan,0.00,1,1,1,0,0,0.0000,0.000,0,0.000,0,0.000,0,0,yolo,103.6,yolo,1,1,0,0.000,0,-1,0
1785731608.537,-3.277,-2.364,18.941,0.9975,0,-0.744,-0.136,0.925,0.2658,5.178,-0.211,-0.150,0.863,-2.339,-2.533,-0.1610,0.0036,-0.127,-0.127,0.778,1.879,2.200,-2.500,0.0032,0.076,nan,0.00,1,1,1,0,0,0.0000,0.000,0,0.000,0,0.000,2,0,yolo,103.6,yolo,1,1,0,0.000,0,-1,0
1785731608.566,-3.222,-2.379,18.878,0.9976,0,0.755,-0.121,0.627,0.2824,4.970,-0.197,-0.228,0.828,-2.267,-3.977,-0.0622,0.8615,-0.142,-0.032,0.779,1.885,2.194,-2.500,0.0032,-0.010,nan,0.00,1,1,1,1,1,0.0000,0.318,0,0.023,2,0.715,0,0,yolo,104.1,yolo,1,1,0,0.000,0,-1,0
1785731608.601,-3.278,-2.393,18.824,0.9975,0,-0.745,-0.107,0.716,0.2679,4.970,-0.197,-0.228,0.828,-2.267,-1.890,-0.1271,-0.0046,-0.159,-0.159,0.775,1.890,2.194,-2.500,0.0032,-0.009,nan,0.00,1,1,1,0,1,0.0000,0.607,0,0.131,3,0.790,0,0,yolo,104.1,yolo,1,1,0,0.000,0,-1,0
1785731608.628,-3.236,-2.405,18.780,0.9975,0,-1.661,-0.095,0.783,0.2677,4.970,-0.197,-0.228,0.828,-2.267,-1.574,-0.1442,-0.0083,-0.176,-0.176,0.771,1.896,2.194,-2.500,0.0032,-0.008,nan,0.00,1,1,1,0,1,0.0000,0.607,0,0.131,3,0.790,0,0,yolo,104.1,yolo,1,1,0,0.000,0,-1,0
1785731608.659,-3.236,-2.405,18.780,0.9975,0,-0.161,-0.076,0.315,0.2844,4.738,-0.192,-0.321,0.790,-2.323,-3.910,0.0685,1.5435,-0.176,-0.066,0.771,1.896,2.148,-2.481,0.0032,-0.111,nan,0.00,1,1,1,1,1,0.0000,0.507,0,0.132,2,0.835,0,0,yolo,98.7,yolo,1,1,0,0.000,0,-1,0
1785731608.697,-3.093,-2.416,18.726,0.9977,0,-1.661,-0.027,0.182,0.2710,4.738,-0.192,-0.321,0.790,-2.323,-1.359,-0.1249,-0.0035,-0.191,-0.191,0.768,1.902,2.148,-2.444,0.0032,-0.110,nan,0.00,1,1,1,0,1,0.0000,0.507,0,0.132,2,0.841,1,0,yolo,98.7,yolo,1,1,0,0.000,0,-1,0
1785731608.726,-3.081,-2.426,18.686,0.9977,0,-2.043,0.017,0.082,0.2705,4.738,-0.192,-0.321,0.790,-2.323,-1.038,-0.1425,-0.0142,-0.208,-0.208,0.757,1.909,2.148,-2.409,0.0032,-0.110,nan,0.00,1,1,1,0,1,0.0000,0.507,0,0.132,2,0.816,0,0,yolo,98.7,yolo,1,1,0,0.000,0,-1,0
1785731608.772,-2.919,-2.426,18.682,0.9978,0,-0.543,0.165,-0.458,0.2872,4.489,-0.189,-0.381,0.748,-2.410,-3.114,0.0513,0.5317,-0.224,-0.111,0.742,1.915,2.098,-2.261,0.0033,-0.180,nan,0.00,1,1,1,1,1,0.0000,0.507,0,0.132,2,0.816,1,0,yolo,103.5,yolo,1,1,0,0.000,0,-1,0
1785731608.798,-2.737,-2.425,18.685,0.9980,0,-2.043,0.184,-0.580,0.2727,4.489,-0.189,-0.381,0.748,-2.410,-0.613,-0.1279,-0.0123,-0.239,-0.239,0.729,1.921,2.098,-2.240,0.0033,-0.181,nan,0.00,1,1,1,0,1,0.0000,0.614,0,0.136,3,0.797,0,0,yolo,103.5,yolo,1,1,0,0.000,0,-1,0
1785731608.829,-2.696,-2.412,18.704,0.9980,0,-2.367,0.183,-0.672,0.2721,4.489,-0.189,-0.381,0.748,-2.410,-0.330,-0.1436,-0.0278,-0.254,-0.254,0.714,1.926,2.098,-2.229,0.0033,-0.182,nan,0.00,1,1,1,0,1,0.0000,0.526,0,0.151,2,0.763,0,0,yolo,103.5,yolo,1,1,0,0.000,0,-1,0
1785731608.861,-2.524,-2.395,18.753,0.9982,0,-0.994,0.278,-1.136,0.2887,4.285,-0.176,-0.439,0.714,-2.356,-1.529,-0.0602,1.0386,-0.268,-0.172,0.695,1.931,2.056,-2.117,0.0033,-0.252,nan,0.00,1,1,1,1,1,0.0000,0.526,0,0.151,2,0.763,0,0,yolo,98.4,yolo,1,1,0,0.000,0,-1,0
1785731608.891,-2.429,-2.369,18.835,0.9982,0,-2.494,0.261,-1.144,0.2745,4.285,-0.176,-0.439,0.714,-2.356,0.260,-0.1121,-0.0220,-0.284,-0.284,0.673,1.936,2.054,-2.108,0.0033,-0.254,nan,0.00,1,1,1,0,1,0.0000,0.529,0,0.154,2,0.788,0,0,yolo,98.4,yolo,1,1,0,0.000,0,-1,0
1785731608.923,-2.239,-2.344,18.931,0.9984,0,-2.752,0.244,-1.149,0.2735,4.285,-0.176,-0.439,0.714,-2.356,0.514,-0.1262,-0.0452,-0.298,-0.298,0.650,1.940,2.052,-2.100,0.0034,-0.256,nan,0.00,1,1,1,0,1,0.0000,0.531,0,0.156,2,0.801,0,0,yolo,98.4,yolo,1,1,0,0.000,0,-1,0
1785731608.958,-2.030,-2.324,19.010,0.9986,0,-1.252,0.470,-1.620,0.2901,4.045,-0.168,-0.491,0.674,-2.371,-1.134,0.0081,0.4807,-0.309,-0.202,0.628,1.944,1.952,-1.853,0.0034,-0.321,nan,0.00,1,1,1,1,1,0.0000,0.531,0,0.156,2,0.801,2,0,yolo,97.1,yolo,1,1,0,0.000,0,-1,0
1785731608.985,-1.930,-2.286,19.105,0.9986,0,-2.752,0.435,-1.612,0.2765,4.045,-0.168,-0.491,0.674,-2.371,1.010,-0.1196,-0.0229,-0.322,-0.322,0.606,1.948,1.949,-1.851,0.0034,-0.324,nan,0.00,1,1,1,0,1,0.0000,0.536,0,0.161,2,0.811,0,0,yolo,97.1,yolo,1,1,0,0.000,0,-1,0
1785731609.018,-1.731,-2.247,19.227,0.9988,0,-2.946,0.399,-1.607,0.2754,4.045,-0.168,-0.491,0.674,-2.371,1.215,-0.1312,-0.0486,-0.333,-0.333,0.580,1.951,1.947,-1.848,0.0035,-0.327,nan,0.00,1,1,1,0,1,0.0000,0.215,0,0.162,1,0.805,0,0,yolo,97.1,yolo,1,1,0,0.000,0,-1,0
1785731609.049,-1.484,-2.212,19.352,0.9989,0,-1.446,0.600,-2.160,0.2921,3.810,-0.163,-0.547,0.635,-2.457,-0.950,0.0856,1.0166,-0.343,-0.225,0.558,1.954,1.852,-1.613,0.0035,-0.395,nan,0.00,1,1,1,1,1,0.0000,0.570,0,0.195,1,0.797,0,0,yolo,104.5,yolo,1,1,0,0.000,0,-1,0
1785731609.081,-1.368,-2.161,19.494,0.9990,0,-2.946,0.548,-2.257,0.2786,3.810,-0.163,-0.547,0.635,-2.457,1.585,-0.1294,-0.0259,-0.354,-0.354,0.532,1.956,1.849,-1.613,0.0035,-0.398,nan,0.00,1,1,1,0,1,0.0000,0.570,0,0.195,1,0.780,0,0,yolo,104.5,yolo,1,1,0,0.000,0,-1,0
1785731609.112,-1.235,-2.105,19.657,0.9991,0,-3.020,0.493,-2.330,0.2772,3.810,-0.163,-0.547,0.635,-2.457,1.785,-0.1408,-0.0598,-0.366,-0.366,0.498,1.958,1.846,-1.613,0.0036,-0.403,nan,0.00,1,1,1,0,1,0.0000,0.571,0,0.196,1,0.761,0,0,yolo,104.5,yolo,1,1,0,0.000,0,-1,0
1785731609.144,-1.231,-2.105,19.659,0.9991,0,-1.520,0.667,-2.700,0.2939,3.568,-0.166,-0.596,0.595,-2.663,-1.283,0.1921,0.8739,-0.366,-0.227,0.497,1.958,1.763,-1.438,0.0036,-0.461,nan,0.00,1,1,1,1,1,0.0000,0.571,0,0.196,1,0.761,0,0,yolo,96.2,yolo,1,1,0,0.000,0,-1,0
1785731609.176,-0.969,-2.060,19.846,0.9992,0,-2.830,0.628,-2.673,0.2804,3.568,-0.166,-0.596,0.595,-2.663,1.861,-0.1488,-0.0309,-0.376,-0.376,0.466,1.960,1.761,-1.431,0.0037,-0.464,nan,0.00,1,1,1,0,1,0.0000,0.341,0,0.194,2,0.704,0,0,yolo,96.2,yolo,1,1,0,0.000,0,-1,0
1785731609.206,-0.722,-1.999,20.059,0.9993,0,-2.746,0.570,-2.652,0.2790,3.568,-0.166,-0.596,0.595,-2.663,2.024,-0.1582,-0.0673,-0.385,-0.385,0.430,1.961,1.757,-1.429,0.0037,-0.469,nan,0.00,1,1,1,0,1,0.0000,0.341,0,0.194,2,0.704,0,0,yolo,96.2,yolo,1,1,0,0.000,0,-1,0
1785731609.238,-0.451,-1.939,20.309,0.9994,0,-1.246,0.662,-2.968,0.2956,3.374,-0.172,-0.635,0.562,-2.911,-1.165,0.1461,0.5003,-0.394,-0.233,0.393,1.962,1.693,-1.277,0.0038,-0.519,nan,0.00,1,1,1,1,1,0.0000,0.789,0,0.189,3,0.674,0,0,yolo,94.8,yolo,1,1,0,0.000,0,-1,0
1785731609.270,-0.348,-1.875,20.554,0.9994,0,-2.503,0.590,-2.991,0.2821,3.374,-0.172,-0.635,0.562,-2.911,2.155,-0.1698,-0.0362,-0.403,-0.403,0.357,1.962,1.690,-1.285,0.0038,-0.523,nan,0.00,1,1,1,0,1,0.0000,0.784,0,0.185,3,0.652,0,0,yolo,94.8,yolo,1,1,0,0.000,0,-1,0
1785731609.306,-0.348,-1.875,20.554,0.9994,0,-2.503,0.579,-3.009,0.2821,3.374,-0.172,-0.635,0.562,-2.911,2.155,-0.1698,-0.0362,-0.403,-0.403,0.357,1.962,1.690,-1.296,0.0039,-0.523,nan,0.00,1,1,1,0,1,0.0000,0.784,0,0.185,3,0.652,1,0,yolo,94.8,yolo,1,1,0,0.000,0,-1,0
1785731609.332,-0.116,-1.820,20.808,0.9995,0,-2.393,0.518,-3.022,0.2806,3.374,-0.172,-0.635,0.562,-2.911,2.277,-0.1769,-0.0736,-0.410,-0.410,0.320,1.962,1.688,-1.302,0.0039,-0.527,nan,0.00,1,1,1,0,1,0.0000,0.777,0,0.180,3,0.614,0,0,yolo,94.8,yolo,1,1,0,0.000,0,-1,0
1785731609.362,0.097,-1.774,21.053,0.9995,0,-0.893,0.614,-3.467,0.2972,3.157,-0.180,-0.674,0.526,-3.266,-1.168,0.1175,0.2929,-0.416,-0.240,0.282,1.961,1.626,-1.160,0.0040,-0.576,nan,0.00,1,1,1,1,1,0.0000,0.614,0,0.136,3,0.537,0,0,yolo,103.1,yolo,1,1,0,0.000,0,-1,0
1785731609.393,0.166,-1.720,21.318,0.9995,0,-2.066,0.549,-3.573,0.2837,3.157,-0.180,-0.674,0.526,-3.266,2.232,-0.1824,-0.0423,-0.423,-0.423,0.239,1.960,1.624,-1.171,0.0041,-0.579,nan,0.00,1,1,1,0,1,0.0000,0.614,0,0.136,3,0.537,0,0,yolo,103.1,yolo,1,1,0,0.000,0,-1,0
1785731609.425,0.335,-1.674,21.600,0.9996,0,-2.003,0.490,-3.653,0.2818,3.157,-0.180,-0.674,0.526,-3.266,2.338,-0.1886,-0.0867,-0.429,-0.429,0.195,1.958,1.622,-1.184,0.0041,-0.582,nan,0.00,1,1,1,0,1,0.0000,0.909,0,0.193,4,0.507,0,0,yolo,103.1,yolo,1,1,0,0.000,0,-1,0
1785731609.456,0.505,-1.635,21.880,0.9996,0,-0.503,0.535,-3.642,0.2985,3.016,-0.188,-0.702,0.503,-3.566,-1.671,0.2369,0.5315,-0.434,-0.238,0.156,1.956,1.581,-1.100,0.0042,-0.618,nan,0.00,1,1,1,1,1,0.0000,0.959,0,0.224,4,0.471,0,0,yolo,99.8,yolo,1,1,0,0.000,0,-1,0
1785731609.486,0.535,-1.585,22.197,0.9996,0,-1.794,0.469,-3.490,0.2848,3.016,-0.188,-0.702,0.503,-3.566,2.330,-0.2023,-0.0481,-0.440,-0.440,0.108,1.954,1.580,-1.116,0.0042,-0.620,nan,0.00,1,1,1,0,1,0.0000,0.959,0,0.224,4,0.471,0,0,yolo,99.8,yolo,1,1,0,0.000,0,-1,0
1785731609.518,0.535,-1.585,22.197,0.9996,0,-1.794,0.484,-3.376,0.2849,3.016,-0.188,-0.702,0.503,-3.566,2.330,-0.2023,-0.0481,-0.440,-0.440,0.108,1.954,1.580,-1.101,0.0043,-0.620,nan,0.00,1,1,1,0,1,0.0000,0.900,0,0.299,4,0.211,0,0,yolo,99.8,yolo,1,1,0,0.000,0,-1,0
1785731609.555,0.714,-1.542,22.492,0.9996,0,-0.294,0.521,-3.436,0.2974,2.817,-0.207,-0.722,0.469,-4.202,-2.162,0.2342,0.2101,-0.445,-0.232,0.057,1.951,1.539,-1.021,0.0044,-0.648,nan,0.00,1,1,1,1,1,0.0000,0.900,0,0.312,4,0.196,0,0,yolo,94.9,yolo,1,1,0,0.000,0,-1,0
1785731609.581,0.870,-1.503,22.753,0.9995,0,-1.102,0.469,-3.357,0.2862,2.817,-0.207,-0.722,0.469,-4.202,1.972,-0.2151,-0.0425,-0.447,-0.447,0.014,1.949,1.538,-1.034,0.0044,-0.651,nan,0.00,1,1,1,0,1,0.0000,0.900,0,0.312,4,0.196,0,0,yolo,94.9,yolo,1,1,0,0.000,0,-1,0
1785731609.612,0.941,-1.467,22.999,0.9995,0,-1.070,0.423,-3.299,0.2845,2.817,-0.207,-0.722,0.469,-4.202,2.011,-0.2174,-0.0815,-0.450,-0.450,-0.025,1.947,1.536,-1.045,0.0045,-0.653,nan,0.00,1,1,1,0,1,0.0000,0.400,0,0.308,3,0.209,0,0,yolo,94.9,yolo,1,1,0,0.000,0,-1,0
1785731609.643,1.026,-1.437,23.245,0.9995,0,0.430,0.462,-3.199,0.3012,2.618,-0.226,-0.733,0.436,-4.929,-4.471,0.9968,0.5397,-0.452,-0.216,-0.065,1.944,1.503,-0.975,0.0046,-0.671,nan,0.00,1,1,1,1,1,0.0000,0.800,0,0.308,3,0.209,0,0,yolo,92.6,yolo,1,1,0,0.000,0,-1,0
1785731609.674,0.997,-1.403,23.481,0.9995,0,-0.624,0.417,-3.010,0.2871,2.618,-0.226,-0.733,0.436,-4.929,1.621,-0.2374,-0.0408,-0.453,-0.453,-0.106,1.941,1.502,-0.985,0.0046,-0.672,nan,0.00,1,1,1,0,1,0.0000,0.333,0,0.331,2,0.280,0,0,yolo,92.6,yolo,1,1,0,0.000,0,-1,0
1785731609.706,1.033,-1.372,23.703,0.9996,0,-0.608,0.378,-2.868,0.2853,2.618,-0.226,-0.733,0.436,-4.929,1.641,-0.2386,-0.0833,-0.455,-0.455,-0.149,1.939,1.502,-0.994,0.0047,-0.674,nan,0.00,1,1,1,0,1,0.0000,0.350,0,0.336,2,0.272,0,0,yolo,92.6,yolo,1,1,0,0.000,0,-1,0
1785731609.734,1.095,-1.344,23.915,0.9995,0,-0.558,0.342,-2.762,0.2835,2.618,-0.226,-0.733,0.436,-4.929,1.653,-0.2393,-0.1264,-0.455,-0.455,-0.192,1.936,1.501,-1.002,0.0048,-0.675,nan,0.00,1,1,1,0,1,0.0000,0.350,0,0.336,2,0.272,0,0,yolo,92.6,yolo,1,1,0,0.000,0,-1,0
1785731609.773,1.096,-1.344,23.918,0.9995,0,-0.557,0.368,-2.683,0.2835,2.618,-0.226,-0.733,0.436,-4.929,1.653,-0.2393,-0.1270,-0.455,-0.455,-0.192,1.936,1.501,-0.976,0.0048,-0.675,nan,0.00,1,1,1,0,1,0.0000,0.600,0,0.342,1,0.268,1,0,yolo,92.6,yolo,1,1,0,0.000,0,-1,0
1785731609.821,1.186,-1.289,24.343,0.9995,0,-0.463,0.257,-2.623,0.2802,2.618,-0.226,-0.733,0.436,-4.929,1.649,-0.2391,-0.2045,-0.455,-0.455,-0.270,1.930,1.499,-1.032,0.0049,-0.678,nan,0.00,1,1,1,0,1,0.0000,0.573,0,0.198,1,0.263,1,0,yolo,92.6,yolo,1,1,0,0.000,0,-1,0
1785731609.861,1.225,-1.270,24.552,0.9995,0,-0.411,0.230,-2.578,0.2790,2.618,-0.226,-0.733,0.436,-4.929,1.635,-0.2383,-0.2338,-0.454,-0.454,-0.299,1.927,1.499,-1.040,0.0050,-0.679,nan,0.00,1,1,1,0,1,0.0000,0.343,0,0.196,2,0.185,0,0,yolo,92.6,yolo,1,1,0,0.000,0,-1,0
1785731609.898,1.258,-1.254,24.755,0.9995,0,-0.358,0.206,-2.545,0.2779,2.618,-0.226,-0.733,0.436,-4.929,1.616,-0.2371,-0.2594,-0.453,-0.453,-0.325,1.924,1.498,-1.048,0.0050,-0.680,nan,0.00,1,1,1,0,1,0.0000,0.681,0,0.192,2,0.518,0,0,yolo,92.6,yolo,1,1,0,0.000,0,-1,0
1785731609.946,1.286,-1.240,24.946,0.9995,0,-0.308,0.185,-2.519,0.2770,2.618,-0.226,-0.733,0.436,-4.929,1.594,-0.2358,-0.2805,-0.452,-0.452,-0.346,1.921,1.498,-1.054,0.0051,-0.681,nan,0.00,1,1,1,0,1,0.0000,0.339,0,0.190,2,0.621,0,0,yolo,92.6,yolo,1,1,0,0.000,0,-1,0
1785731609.991,1.336,-1.215,25.318,0.9995,0,-0.207,0.115,-2.501,0.2755,2.618,-0.226,-0.733,0.436,-4.929,1.543,-0.2327,-0.3173,-0.449,-0.449,-0.383,1.915,1.497,-1.100,0.0052,-0.682,nan,0.00,1,1,1,0,1,0.0000,0.678,0,0.190,2,0.621,2,0,yolo,92.6,yolo,1,1,0,0.000,0,-1,0
1785731610.038,1.352,-1.209,25.507,0.9995,0,-1.707,1.353,-1.001,0.2712,nan,nan,nan,0.000,0.000,3.574,0.0000,-0.3994,-0.447,-0.447,-0.399,1.911,1.000,0.144,0.0052,-0.662,nan,0.00,0,0,0,0,1,0.0000,0.341,0,0.052,2,0.716,1,0,,,FLYING,1,1,0,0.000,0,-1,0
1785731610.065,1.513,-1.082,25.627,0.9995,0,-2.019,1.230,0.000,0.2699,nan,nan,nan,0.000,0.000,3.532,0.0000,-0.4142,-0.441,-0.441,-0.414,1.909,1.000,0.148,0.0052,-0.642,nan,0.00,0,0,0,0,1,0.0000,0.335,0,0.043,2,0.728,0,0,,,FLYING,1,1,0,0.000,0,-1,0
1785731610.097,1.708,-0.965,25.615,0.9994,0,-0.519,0.614,0.567,0.2689,4.000,-0.040,0.000,0.233,-0.567,1.825,-0.0000,-0.4251,-0.430,-0.430,-0.425,1.906,1.200,-0.351,0.0052,-0.623,nan,0.00,0,1,0,1,1,0.0000,0.249,0,0.039,1,0.745,0,1,blueline,,BLUELINE,1,1,0,0.000,0,-1,0
1785731610.135,1.708,-0.965,25.615,0.9994,0,-1.735,1.149,0.000,0.2683,nan,nan,nan,0.000,0.000,3.443,0.0000,-0.4251,-0.430,-0.430,-0.425,1.906,1.000,0.184,0.0052,-0.604,nan,0.00,0,0,0,0,1,0.0000,0.358,0,0.072,2,0.768,0,0,,,FLYING,1,1,0,0.000,0,-1,0
1785731610.180,1.905,-0.807,25.535,0.9993,0,-1.326,0.924,0.000,0.2674,nan,nan,nan,0.000,0.000,3.231,0.0000,-0.4327,-0.404,-0.404,-0.433,1.899,1.000,0.117,0.0052,-0.586,nan,0.00,0,0,0,0,1,0.0000,0.342,0,0.052,2,0.797,0,0,,,FLYING,1,1,0,0.000,0,-1,0
1785731610.222,2.028,-0.724,25.554,0.9993,0,0.174,0.320,1.500,0.2670,4.000,-0.596,0.000,0.233,-8.477,-3.008,-0.0000,-0.4309,-0.392,-0.392,-0.431,1.895,1.200,-0.404,0.0052,-0.568,nan,0.00,0,1,0,1,1,0.0000,0.335,0,0.044,2,0.827,0,0,blueline,,BLUELINE,1,1,0,0.000,0,-1,0
1785731610.253,2.017,-0.695,25.488,0.9993,0,1.674,0.277,3.000,0.2666,4.000,-0.771,0.000,0.233,-10.912,-9.411,4.1888,-0.4290,-0.377,-0.377,-0.429,1.890,1.200,-0.418,0.0052,-0.551,nan,0.00,0,1,0,1,1,0.0000,0.326,0,0.033,2,0.848,0,0,blueline,,BLUELINE,1,1,0,0.000,0,-1,0
1785731610.284,1.885,-0.667,25.272,0.9994,0,3.174,0.248,4.500,0.2661,4.000,-0.980,0.000,0.233,-13.772,-11.209,4.1888,-0.4274,-0.358,-0.358,-0.427,1.887,1.200,-0.419,0.0052,-0.535,nan,0.00,0,1,0,1,1,0.0000,0.323,0,0.029,2,0.869,0,0,blueline,,BLUELINE,1,1,0,0.000,0,-1,0
1785731610.316,1.637,-0.634,24.930,0.9995,0,1.674,0.220,6.000,0.2657,4.000,-0.665,0.000,0.233,-9.445,1.023,-4.1888,-0.4260,-0.335,-0.335,-0.426,1.884,1.200,-0.414,0.0052,-0.519,nan,0.00,0,1,0,1,1,0.0000,0.164,0,0.034,2,0.888,0,0,blueline,,BLUELINE,1,1,0,0.000,0,-1,0
1785731610.354,1.499,-0.601,24.485,0.9996,0,0.174,0.693,4.500,0.2653,nan,nan,nan,0.000,0.000,2.484,0.0000,-0.4243,-0.310,-0.310,-0.424,1.882,1.000,0.092,0.0052,-0.503,nan,0.00,0,0,0,0,1,0.0000,0.252,0,0.045,1,0.914,0,0,,,FLYING,1,1,0,0.000,0,-1,0
1785731610.395,1.499,-0.535,24.078,0.9996,0,1.674,0.121,5.257,0.2649,4.000,-0.368,0.000,0.233,-5.257,-1.628,-0.0000,-0.4223,-0.288,-0.288,-0.422,1.879,1.200,-0.413,0.0052,-0.488,nan,0.00,0,1,0,1,1,0.0000,0.257,0,0.053,1,0.932,0,0,blueline,,BLUELINE,1,1,0,0.000,0,-1,0
1785731610.430,1.338,-0.513,23.666,0.9997,0,0.174,0.574,3.757,0.2646,nan,nan,nan,0.000,0.000,2.119,0.0000,-0.4194,-0.265,-0.265,-0.419,1.875,1.000,0.062,0.0052,-0.473,nan,0.00,0,0,0,0,0,0.0000,0.000,0,0.000,0,0.000,0,0,,,FLYING,1,1,0,0.000,0,-1,0
1785731610.458,1.326,-0.451,23.323,0.9997,0,-0.636,0.488,2.257,0.2643,nan,nan,nan,0.000,0.000,1.961,0.0000,-0.4161,-0.245,-0.245,-0.416,1.870,1.000,0.037,0.0052,-0.459,nan,0.00,0,0,0,0,0,0.0000,0.000,0,0.000,0,0.000,0,0,,,FLYING,1,1,0,0.000,0,-1,0
1785731610.495,1.326,-0.451,23.323,0.9997,0,-0.636,0.529,0.757,0.2639,nan,nan,nan,0.000,0.000,1.961,0.0000,-0.4161,-0.245,-0.245,-0.416,1.870,1.000,0.078,0.0052,-0.445,nan,0.00,0,0,0,0,0,0.0000,0.000,0,0.000,0,0.000,0,0,,,FLYING,1,1,0,0.000,0,-1,0
1785731610.525,1.391,-0.399,23.129,0.9997,0,0.864,-0.971,2.257,0.2587,8.528,-0.940,0.313,1.000,-6.290,-13.426,-0.0000,-0.0000,-0.231,-0.231,-0.412,1.864,2.079,-2.500,0.0051,0.349,nan,0.00,1,1,1,1,0,0.0000,0.000,0,0.000,0,0.000,0,1,yolo,90.3,yolo,1,1,0,0.000,0,-1,0
1785731610.550,1.443,-0.353,23.072,0.9997,0,2.364,-2.147,3.757,0.2596,8.414,-0.972,0.298,1.000,-6.587,-14.000,0.0103,0.0042,-0.220,-0.220,-0.408,1.858,2.079,-2.500,0.0051,0.325,nan,0.00,1,1,1,0,0,0.0000,0.000,0,0.000,0,0.000,0,0,yolo,86.4,yolo,2,2,0,0.000,0,-1,0
1785731610.587,1.239,-0.531,22.876,0.9997,0,3.864,-1.969,5.257,0.2590,8.414,-0.972,0.298,1.000,-6.587,-14.000,0.0256,0.0115,-0.205,-0.205,-0.401,1.852,2.051,-2.500,0.0051,0.355,nan,0.00,1,1,1,0,0,0.0000,0.000,0,0.000,0,0.000,1,0,yolo,86.4,yolo,2,2,0,0.000,0,-1,0
1785731610.614,0.899,-0.702,22.421,0.9998,0,5.364,-1.798,6.587,0.2585,8.414,-0.972,0.298,1.000,-6.587,-14.000,0.0481,0.0224,-0.182,-0.182,-0.390,1.848,2.022,-2.500,0.0050,0.386,nan,0.00,1,1,1,0,0,0.0000,0.000,0,0.000,0,0.000,0,0,yolo,86.4,yolo,2,2,0,0.000,0,-1,0
1785731610.650,0.552,-0.865,21.935,0.9998,0,6.864,-1.635,6.290,0.2418,8.439,-0.930,0.315,1.000,-6.290,-12.344,-0.4372,-0.4763,-0.161,-0.119,-0.375,1.845,1.997,-2.500,0.0050,0.434,nan,0.00,1,1,1,1,0,0.0000,0.000,0,0.000,0,0.000,0,0,yolo,84.7,yolo,2,2,0,0.000,0,-1,0
1785731610.682,-0.031,-1.000,21.406,0.9998,0,8.364,-1.436,6.290,0.2565,8.439,-0.930,0.315,1.000,-6.290,-14.000,-0.0220,0.0314,-0.141,-0.141,-0.344,1.843,1.968,-2.435,0.0049,0.463,nan,0.00,1,1,1,0,0,0.0000,0.000,0,0.000,0,0.000,0,0,yolo,84.7,yolo,2,2,0,0.000,0,-1,0
1785731610.714,-0.031,-1.000,21.406,0.9998,0,9.864,-1.355,5.853,0.2398,8.373,-0.858,0.353,1.000,-5.853,-10.334,-0.9579,-0.5515,-0.141,0.048,-0.344,1.843,1.950,-2.354,0.0049,0.500,nan,0.00,1,1,1,1,0,0.0000,0.000,0,0.000,0,0.000,0,0,yolo,90.1,yolo,2,2,0,0.000,0,-1,0
1785731610.743,-0.787,-1.131,20.903,0.9997,0,11.364,-1.134,5.853,0.2545,8.373,-0.858,0.353,1.000,-5.853,-12.484,-0.1740,0.0339,-0.126,-0.126,-0.310,1.842,1.920,-2.265,0.0048,0.530,nan,0.00,1,1,1,0,0,0.0000,0.000,0,0.000,0,0.000,1,0,yolo,90.1,yolo,2,2,0,0.000,0,-1,0
1785731610.770,-1.572,-1.248,20.469,0.9994,0,11.040,-0.927,5.853,0.2554,8.373,-0.858,0.353,1.000,-5.853,-12.612,-0.1656,0.0727,-0.117,-0.117,-0.271,1.842,1.891,-2.175,0.0048,0.559,nan,0.00,1,1,1,0,0,0.0000,0.000,0,0.000,0,0.000,0,0,yolo,90.1,yolo,2,2,0,0.000,0,-1,0
1785731610.812,-2.518,-1.346,20.019,0.9988,0,9.540,-0.701,5.438,0.2388,8.284,-0.789,0.371,1.000,-5.438,-9.766,-0.6004,-0.4146,-0.115,-0.080,-0.229,1.843,1.850,-2.047,0.0047,0.600,nan,0.00,1,1,1,1,0,0.0000,0.000,0,0.000,0,0.000,1,0,yolo,83.9,yolo,2,2,0,0.000,0,-1,0
1785731610.852,-3.435,-1.441,19.528,0.9979,0,8.709,-0.514,5.438,0.2530,8.284,-0.789,0.371,1.000,-5.438,-12.144,-0.0408,0.0574,-0.121,-0.121,-0.171,1.844,1.824,-1.954,0.0047,0.626,nan,0.00,1,1,1,0,0,0.0000,0.000,0,0.000,0,0.000,0,0,yolo,83.9,yolo,2,2,0,0.000,0,-1,0
1785731610.884,-4.304,-1.527,19.037,0.9968,0,7.209,-0.344,4.860,0.2409,8.177,-0.695,0.377,1.000,-4.860,-8.164,-0.8245,-0.2023,-0.136,0.013,-0.121,1.846,1.804,-1.872,0.0046,0.646,nan,0.00,1,1,1,1,0,0.0000,0.000,0,0.000,0,0.000,0,0,yolo,84.3,yolo,2,2,0,0.000,0,-1,0
1785731610.915,-4.964,-1.594,18.622,0.9959,0,5.709,-0.206,4.860,0.2520,8.177,-0.695,0.377,1.000,-4.860,-9.667,-0.1696,0.0524,-0.157,-0.157,-0.069,1.849,1.786,-1.800,0.0045,0.664,nan,0.00,1,1,1,0,0,0.0000,0.000,0,0.000,0,0.000,1,0,yolo,84.3,yolo,2,2,0,0.000,0,-1,0
1785731610.941,-4.964,-1.594,18.622,0.9959,0,4.703,-0.219,4.860,0.2520,8.177,-0.695,0.377,1.000,-4.860,-9.667,-0.1696,0.0524,-0.157,-0.157,-0.069,1.849,1.786,-1.813,0.0045,0.664,nan,0.00,1,1,1,0,1,0.0000,0.244,0,0.031,1,0.887,0,0,yolo,84.3,yolo,2,2,0,0.000,0,-1,0
1785731610.974,-5.478,-1.651,18.237,0.9950,0,3.203,-0.210,4.053,0.2686,7.930,-0.562,0.352,1.000,-4.053,-0.374,-1.6766,0.4677,-0.181,-0.127,-0.025,1.852,1.818,-1.860,0.0044,0.632,nan,0.00,1,1,1,1,1,0.0000,0.126,0,0.044,1,0.884,0,0,yolo,84.2,yolo,2,2,0,0.000,0,-1,0
1785731611.008,-5.907,-1.712,17.841,0.9942,0,1.703,-0.085,4.053,0.2524,7.930,-0.562,0.352,1.000,-4.053,-7.483,-0.0806,0.0442,-0.208,-0.208,0.019,1.856,1.805,-1.797,0.0043,0.645,nan,0.00,1,1,1,0,1,0.0000,0.126,0,0.044,1,0.884,1,0,yolo,84.2,yolo,2,2,0,0.000,0,-1,0
1785731611.037,-6.084,-1.769,17.405,0.9939,0,0.762,0.041,4.053,0.2544,7.930,-0.562,0.352,1.000,-4.053,-6.847,-0.1209,0.0925,-0.248,-0.248,0.068,1.861,1.796,-1.728,0.0043,0.654,nan,0.00,1,1,1,0,0,0.0000,0.000,0,0.000,0,0.000,1,0,yolo,84.2,yolo,2,2,0,0.000,0,-1,0
1785731611.066,-6.174,-1.803,17.076,0.9937,0,-0.738,0.077,3.292,0.2569,7.823,-0.450,0.353,1.000,-3.292,2.351,-1.5581,0.1419,-0.281,-0.255,0.104,1.865,1.805,-1.726,0.0042,0.645,nan,0.00,1,1,1,1,0,0.0000,0.000,0,0.000,0,0.000,0,0,yolo,88.8,yolo,2,2,0,0.000,0,-1,0
1785731611.102,-6.174,-1.803,17.076,0.9937,0,-1.149,0.040,3.292,0.2504,7.823,-0.450,0.353,1.000,-3.292,-5.025,-0.0259,0.0000,-0.281,-0.281,0.104,1.865,1.805,-1.763,0.0041,0.645,nan,0.00,1,1,1,0,0,0.0000,0.000,0,0.000,0,0.000,0,0,yolo,88.8,yolo,2,2,0,0.000,0,-1,0
1785731611.128,-6.124,-1.828,16.789,0.9938,0,-1.594,0.105,3.292,0.2514,7.823,-0.450,0.353,1.000,-3.292,-4.530,-0.0569,0.0266,-0.312,-0.312,0.131,1.870,1.802,-1.723,0.0041,0.648,nan,0.00,1,1,1,0,0,0.0000,0.000,0,0.000,0,0.000,0,0,yolo,88.8,yolo,2,2,0,0.000,0,-1,0
1785731611.160,-6.004,-1.846,16.553,0.9940,0,-3.094,0.114,2.561,0.2562,7.706,-0.345,0.353,1.000,-2.561,1.625,-0.9836,0.1270,-0.340,-0.279,0.154,1.874,1.815,-1.732,0.0040,0.635,nan,0.00,1,1,1,1,1,0.0000,0.281,0,0.093,1,0.875,0,0,yolo,91.2,yolo,2,2,0,0.000,0,-1,0
1785731611.190,-5.788,-1.859,16.358,0.9944,0,-3.889,0.143,2.561,0.2512,7.706,-0.345,0.353,1.000,-2.561,-1.899,-0.0863,0.0202,-0.365,-0.365,0.174,1.878,1.814,-1.716,0.0039,0.636,nan,0.00,1,1,1,0,1,0.0000,0.281,0,0.093,1,0.865,0,0,yolo,91.2,yolo,2,2,0,0.000,0,-1,0
1785731611.221,-5.494,-1.866,16.186,0.9949,0,-3.991,0.162,2.561,0.2520,7.706,-0.345,0.353,1.000,-2.561,-1.503,-0.1108,0.0411,-0.390,-0.390,0.195,1.881,1.815,-1.704,0.0039,0.635,nan,0.00,1,1,1,0,1,0.0000,0.281,0,0.093,1,0.865,0,0,yolo,91.2,yolo,2,2,0,0.000,0,-1,0
1785731611.252,-5.177,-1.871,15.999,0.9954,0,-5.491,0.131,1.770,0.2599,7.573,-0.234,0.348,1.000,-1.770,4.801,-1.0458,0.2063,-0.413,-0.352,0.218,1.886,1.835,-1.740,0.0038,0.615,nan,0.00,1,1,1,1,1,0.0000,0.281,0,0.093,1,0.868,0,0,yolo,86.4,yolo,2,2,0,0.000,0,-1,0
1785731611.276,-4.795,-1.875,15.854,0.9960,0,-5.678,0.140,1.770,0.2513,7.573,-0.234,0.348,1.000,-1.770,0.882,-0.0801,0.0202,-0.432,-0.432,0.238,1.889,1.836,-1.735,0.0038,0.614,nan,0.00,1,1,1,0,1,0.0000,0.281,0,0.093,1,0.868,0,0,yolo,86.4,yolo,2,2,0,0.000,0,-1,0
1785731611.320,-4.367,-1.874,15.741,0.9966,0,-5.542,0.141,1.770,0.2520,7.573,-0.234,0.348,1.000,-1.770,1.176,-0.0981,0.0402,-0.450,-0.450,0.258,1.893,1.838,-1.733,0.0037,0.612,nan,0.00,1,1,1,0,1,0.0000,0.275,0,0.083,1,0.877,0,0,yolo,86.4,yolo,2,2,0,0.000,0,-1,0
1785731611.347,-3.925,-1.872,15.621,0.9971,0,-7.042,0.086,1.137,0.2621,7.274,-0.144,0.340,1.000,-1.137,6.024,-0.8028,0.2517,-0.467,-0.411,0.282,1.896,1.863,-1.786,0.0036,0.587,nan,0.00,1,1,1,1,1,0.0000,0.275,0,0.083,1,0.877,0,0,yolo,94.5,yolo,2,2,0,0.000,0,-1,0
1785731611.376,-3.340,-1.872,15.515,0.9978,0,-6.515,0.093,1.137,0.2515,7.274,-0.144,0.340,1.000,-1.137,3.175,-0.0694,0.0209,-0.480,-0.480,0.303,1.900,1.864,-1.779,0.0036,0.586,nan,0.00,1,1,1,0,1,0.0000,0.274,0,0.081,1,0.887,0,0,yolo,94.5,yolo,2,2,0,0.000,0,-1,0
1785731611.412,-2.776,-1.869,15.436,0.9983,0,-6.132,0.093,1.137,0.2523,7.274,-0.144,0.340,1.000,-1.137,3.356,-0.0801,0.0417,-0.491,-0.491,0.323,1.903,1.866,-1.776,0.0035,0.584,nan,0.00,1,1,1,0,1,0.0000,0.274,0,0.081,1,0.887,2,0,yolo,94.5,yolo,2,2,0,0.000,0,-1,0
1785731611.439,-2.776,-1.869,15.436,0.9983,0,-7.632,-0.008,0.396,0.2622,7.061,-0.049,0.327,1.000,-0.396,9.359,-0.9133,0.2461,-0.491,-0.475,0.323,1.903,1.891,-1.876,0.0035,0.559,nan,0.00,1,1,1,1,0,0.0000,0.000,0,0.000,0,0.000,0,0,yolo,92.1,yolo,2,2,0,0.000,0,-1,0
1785731611.474,-2.254,-1.864,15.352,0.9987,0,-7.437,0.005,0.396,0.2520,7.061,-0.049,0.327,1.000,-0.396,5.183,-0.0228,0.0234,-0.498,-0.498,0.347,1.907,1.891,-1.859,0.0034,0.559,nan,0.00,1,1,1,0,0,0.0000,0.000,0,0.000,0,0.000,0,0,yolo,92.1,yolo,2,2,0,0.000,0,-1,0
1785731611.504,-1.630,-1.867,15.300,0.9991,0,-6.865,0.019,0.396,0.2528,7.061,-0.049,0.327,1.000,-0.396,5.234,-0.0258,0.0435,-0.501,-0.501,0.367,1.910,1.891,-1.848,0.0034,0.559,nan,0.00,1,1,1,0,0,0.0000,0.000,0,0.000,0,0.000,0,0,yolo,92.1,yolo,2,2,0,0.000,0,-1,0
1785731611.536,-1.085,-1.868,15.282,0.9993,0,-8.365,-0.044,-0.404,0.2635,6.983,0.049,0.306,1.000,0.404,12.595,-0.9751,0.2655,-0.502,-0.546,0.383,1.913,1.918,-1.913,0.0033,0.532,nan,0.00,1,1,1,1,0,0.0000,0.000,0,0.000,0,0.000,0,0,yolo,88.2,yolo,2,2,0,0.000,0,-1,0
1785731611.567,-0.561,-1.866,15.265,0.9994,0,-7.481,-0.041,-0.404,0.2523,6.983,0.049,0.306,1.000,0.404,6.920,0.0463,0.0200,-0.499,-0.499,0.403,1.915,1.918,-1.907,0.0032,0.532,nan,0.00,1,1,1,0,0,0.0000,0.000,0,0.000,0,0.000,0,0,yolo,88.2,yolo,2,2,0,0.000,0,-1,0
1785731611.599,0.100,-1.870,15.269,0.9995,0,-8.981,-0.047,-1.089,0.2556,6.640,0.126,0.310,1.000,1.089,14.000,-1.1918,0.0896,-0.493,-0.617,0.421,1.918,1.924,-1.918,0.0032,0.526,nan,0.00,1,1,1,1,0,0.0000,0.000,0,0.000,0,0.000,0,0,yolo,88.9,yolo,2,2,0,0.000,0,-1,0
1785731611.629,0.770,-1.875,15.285,0.9994,0,-7.545,-0.034,-1.089,0.2521,6.640,0.126,0.310,1.000,1.089,8.315,0.1328,0.0142,-0.484,-0.484,0.435,1.920,1.922,-1.909,0.0031,0.528,nan,0.00,1,1,1,0,0,0.0000,0.000,0,0.000,0,0.000,0,0,yolo,88.9,yolo,2,2,0,0.000,0,-1,0
1785731611.656,1.463,-1.880,15.350,0.9991,0,-6.641,-0.024,-1.089,0.2528,6.640,0.126,0.310,1.000,1.089,8.104,0.1446,0.0302,-0.472,-0.472,0.451,1.922,1.920,-1.905,0.0031,0.530,nan,0.00,1,1,1,0,0,0.0000,0.000,0,0.000,0,0.000,0,0,yolo,88.9,yolo,2,2,0,0.000,0,-1,0
1785731611.693,2.024,-1.885,15.441,0.9988,0,-5.830,-0.016,-1.089,0.2535,6.640,0.126,0.310,1.000,1.089,7.854,0.1586,0.0467,-0.458,-0.458,0.468,1.924,1.918,-1.901,0.0030,0.532,nan,0.00,1,1,1,0,0,0.0000,0.000,0,0.000,0,0.000,0,0,yolo,88.9,yolo,2,2,0,0.000,0,-1,0
1785731611.725,2.538,-1.890,15.534,0.9985,0,-7.330,-0.038,-1.765,0.2575,6.331,0.195,0.302,1.000,1.765,14.000,-0.7461,0.1275,-0.440,-0.569,0.490,1.927,1.931,-1.927,0.0030,0.519,nan,0.00,1,1,1,1,0,0.0000,0.000,0,0.000,0,0.000,0,0,yolo,97.8,yolo,2,2,0,0.000,0,-1,0
1785731611.756,3.201,-1.900,15.655,0.9979,0,-6.086,-0.016,-1.765,0.2528,6.331,0.195,0.302,1.000,1.765,9.288,0.1524,0.0229,-0.416,-0.416,0.512,1.929,1.927,-1.916,0.0029,0.523,nan,0.00,1,1,1,0,0,0.0000,0.000,0,0.000,0,0.000,0,0,yolo,97.8,yolo,2,2,0,0.000,0,-1,0
1785731611.787,3.746,-1.911,15.807,0.9973,0,-5.082,0.003,-1.765,0.2539,6.331,0.195,0.302,1.000,1.765,8.828,0.1772,0.0461,-0.392,-0.392,0.536,1.931,1.925,-1.908,0.0029,0.525,nan,0.00,1,1,1,0,0,0.0000,0.000,0,0.000,0,0.000,0,0,yolo,97.8,yolo,2,2,0,0.000,0,-1,0
1785731611.818,3.746,-1.911,15.807,0.9973,0,-6.582,-0.061,-2.289,0.2596,6.114,0.244,0.290,1.000,2.289,14.000,-0.5597,0.1637,-0.392,-0.502,0.536,1.931,1.941,-1.972,0.0028,0.509,nan,0.00,1,1,1,1,0,0.0000,0.000,0,0.000,0,0.000,0,0,yolo,95.0,yolo,2,2,0,0.000,0,-1,0
1785731611.849,4.210,-1.921,15.958,0.9967,0,-5.900,-0.031,-2.289,0.2534,6.114,0.244,0.290,1.000,2.289,10.110,0.1394,0.0250,-0.363,-0.363,0.561,1.933,1.938,-1.952,0.0028,0.512,nan,0.00,1,1,1,0,0,0.0000,0.000,0,0.000,0,0.000,0,0,yolo,95.0,yolo,2,2,0,0.000,0,-1,0
1785731611.879,4.684,-1.935,16.089,0.9961,0,-4.936,-0.002,-2.289,0.2542,6.114,0.244,0.290,1.000,2.289,9.620,0.1652,0.0428,-0.337,-0.337,0.579,1.935,1.935,-1.938,0.0027,0.515,nan,0.00,1,1,1,0,0,0.0000,0.000,0,0.000,0,0.000,0,0,yolo,95.0,yolo,2,2,0,0.000,0,-1,0
1785731611.911,5.223,-1.955,16.272,0.9953,0,-6.436,-0.046,-2.576,0.2632,5.971,0.272,0.259,0.995,2.608,13.226,-0.2490,0.2193,-0.305,-0.386,0.599,1.937,1.964,-2.001,0.0027,0.486,nan,0.00,1,1,1,1,0,0.0000,0.000,0,0.000,0,0.000,1,0,yolo,95.6,yolo,2,2,0,0.000,0,-1,0
1785731611.942,5.957,-1.986,16.534,0.9940,0,-4.936,0.021,-2.576,0.2545,5.971,0.272,0.259,0.995,2.608,9.516,0.1286,0.0240,-0.257,-0.257,0.623,1.940,1.958,-1.964,0.0026,0.492,nan,0.00,1,1,1,0,0,0.0000,0.000,0,0.000,0,0.000,1,0,yolo,95.6,yolo,2,2,0,0.000,0,-1,0
1785731611.969,6.326,-2.003,16.699,0.9933,0,-3.436,0.050,-2.576,0.2551,5.971,0.272,0.259,0.995,2.608,8.923,0.1595,0.0380,-0.226,-0.226,0.637,1.942,1.954,-1.952,0.0026,0.496,nan,0.00,1,1,1,0,0,0.0000,0.000,0,0.000,0,0.000,0,0,yolo,95.6,yolo,2,2,0,0.000,0,-1,0
1785731612.001,6.576,-2.017,16.859,0.9928,0,-4.936,-0.017,-2.579,0.2718,5.774,0.290,0.226,0.962,2.879,13.003,-0.4099,0.5202,-0.196,-0.288,0.652,1.944,1.989,-2.034,0.0025,0.461,nan,0.00,1,1,1,1,0,0.0000,0.000,0,0.000,0,0.000,0,0,yolo,98.2,yolo,2,2,0,0.000,0,-1,0
1785731612.036,6.910,-2.037,17.024,0.9921,0,-3.436,0.021,-2.543,0.2552,5.774,0.290,0.226,0.962,2.879,8.622,0.1264,0.0134,-0.161,-0.161,0.665,1.947,1.985,-2.016,0.0025,0.465,nan,0.00,1,1,1,0,0,0.0000,0.000,0,0.000,0,0.000,0,0,yolo,98.2,yolo,2,2,0,0.000,0,-1,0
1785731612.069,7.209,-2.058,17.200,0.9915,0,-1.936,0.064,-2.516,0.2558,5.774,0.290,0.226,0.962,2.879,7.901,0.1642,0.0262,-0.124,-0.124,0.678,1.949,1.982,-1.994,0.0024,0.468,nan,0.00,1,1,1,0,0,0.0000,0.000,0,0.000,0,0.000,0,0,yolo,98.2,yolo,2,2,0,0.000,0,-1,0
1785731612.114,7.365,-2.075,17.373,0.9911,0,-2.778,-0.013,-2.353,0.2705,5.601,0.298,0.186,0.933,3.049,10.143,-0.1246,0.3206,-0.087,-0.171,0.694,1.952,2.025,-2.088,0.0024,0.425,nan,0.00,1,1,1,1,0,0.0000,0.000,0,0.000,0,0.000,1,0,yolo,96.2,yolo,2,2,0,0.000,0,-1,0
1785731612.145,7.517,-2.093,17.549,0.9907,0,-1.278,0.026,-2.321,0.2567,5.601,0.298,0.186,0.933,3.049,7.244,0.1224,0.0182,-0.049,-0.049,0.712,1.956,2.022,-2.067,0.0024,0.428,nan,0.00,1,1,1,0,0,0.0000,0.000,0,0.000,0,0.000,1,0,yolo,96.2,yolo,2,2,0,0.000,0,-1,0
1785731612.172,7.742,-2.116,17.719,0.9902,0,-0.891,-0.050,-1.838,0.2734,5.389,0.288,0.145,0.898,3.063,8.633,-0.0406,1.3993,-0.009,-0.110,0.727,1.959,2.069,-2.167,0.0023,0.381,nan,0.00,1,1,1,1,1,0.0000,0.244,0,0.031,1,0.894,0,0,yolo,88.2,yolo,2,2,0,0.000,0,-1,0
1785731612.208,7.842,-2.140,17.864,0.9900,0,0.609,0.000,-1.754,0.2579,5.389,0.288,0.145,0.898,3.063,5.754,0.1437,0.0131,0.034,0.034,0.740,1.963,2.066,-2.140,0.0023,0.384,nan,0.00,1,1,1,0,1,0.0000,0.244,0,0.031,1,0.892,0,0,yolo,88.2,yolo,2,2,0,0.000,0,-1,0
1785731612.248,7.786,-2.158,17.996,0.9901,0,2.109,0.047,-1.692,0.2585,5.389,0.288,0.145,0.898,3.063,4.900,0.1892,0.0282,0.079,0.079,0.755,1.968,2.065,-2.111,0.0022,0.385,nan,0.00,1,1,1,0,1,0.0000,0.244,0,0.032,1,0.892,0,0,yolo,88.2,yolo,2,2,0,0.000,0,-1,0
1785731612.278,7.740,-2.175,18.124,0.9902,0,2.086,-0.025,-1.170,0.2734,5.225,0.268,0.108,0.871,2.939,5.654,0.0853,0.3277,0.122,0.026,0.770,1.972,2.109,-2.200,0.0022,0.341,nan,0.00,1,1,1,1,1,0.0000,0.245,0,0.033,1,0.885,0,0,yolo,89.7,yolo,2,2,0,0.000,0,-1,0
1785731612.313,7.599,-2.190,18.226,0.9905,0,3.586,0.007,-1.135,0.2589,5.225,0.268,0.108,0.871,2.939,3.540,0.1332,0.0123,0.159,0.159,0.782,1.976,2.108,-2.184,0.0022,0.342,nan,0.00,1,1,1,0,1,0.0000,0.245,0,0.033,1,0.885,1,0,yolo,89.7,yolo,2,2,0,0.000,0,-1,0
1785731612.340,7.304,-2.200,18.304,0.9912,0,4.461,0.032,-1.109,0.2595,5.225,0.268,0.108,0.871,2.939,2.843,0.1706,0.0291,0.197,0.197,0.799,1.981,2.108,-2.168,0.0021,0.342,nan,0.00,1,1,1,0,1,0.0000,0.245,0,0.033,1,0.883,0,0,yolo,89.7,yolo,2,2,0,0.000,0,-1,0
1785731612.371,6.955,-2.206,18.378,0.9919,0,3.801,-0.107,-0.413,0.2762,5.030,0.239,0.056,0.838,2.718,3.154,0.1939,0.6361,0.229,0.121,0.815,1.985,2.172,-2.314,0.0021,0.278,nan,0.00,1,1,1,1,1,0.0000,0.247,0,0.036,1,0.881,0,0,yolo,91.0,yolo,2,2,0,0.000,0,-1,0
1785731612.402,6.650,-2.221,18.428,0.9925,0,5.289,-0.078,-0.375,0.2681,5.030,0.239,0.056,0.838,2.718,1.362,0.1408,0.0097,0.262,0.262,0.825,1.990,2.172,-2.299,0.0021,0.278,nan,0.00,1,1,1,0,1,0.0000,0.247,0,0.036,1,0.881,0,0,yolo,91.0,yolo,2,2,0,0.000,0,-1,0
1785731612.434,6.208,-2.230,18.446,0.9934,0,5.416,-0.055,-0.346,0.2678,5.030,0.239,0.056,0.838,2.718,0.792,0.1715,0.0124,0.292,0.292,0.828,1.995,2.173,-2.285,0.0021,0.277,nan,0.00,1,1,1,0,1,0.0000,0.247,0,0.036,1,0.877,0,0,yolo,91.0,yolo,2,2,0,0.000,0,-1,0
1785731612.466,5.762,-2.236,18.464,0.9942,0,6.293,-0.047,-0.011,0.2845,4.882,0.202,0.016,0.814,2.375,-0.531,0.4383,0.7573,0.319,0.250,0.829,1.999,2.176,-2.283,0.0020,0.227,nan,0.00,1,1,1,1,1,0.0000,0.248,0,0.038,1,0.877,0,0,yolo,89.1,yolo,2,2,0,0.000,0,-1,0
1785731612.497,5.274,-2.242,18.485,0.9950,0,5.729,-0.026,-0.241,0.2678,4.882,0.202,0.016,0.814,2.375,-0.455,0.0928,-0.0037,0.343,0.343,0.826,2.004,2.176,-2.268,0.0020,0.226,nan,0.00,1,1,1,0,1,0.0000,0.248,0,0.038,1,0.877,0,0,yolo,89.1,yolo,2,2,0,0.000,0,-1,0
1785731612.527,5.266,-2.242,18.486,0.9950,0,7.137,0.023,0.602,0.2845,4.688,0.169,-0.024,0.781,2.069,-1.870,0.3758,0.7547,0.343,0.310,0.825,2.004,2.138,-2.219,0.0020,0.175,nan,0.00,1,1,1,1,1,0.0000,0.250,0,0.042,1,0.876,0,0,yolo,86.6,yolo,2,2,0,0.000,0,-1,0
1785731612.558,4.788,-2.245,18.493,0.9957,0,6.166,0.050,0.777,0.2678,4.688,0.169,-0.024,0.781,2.069,-1.379,0.0536,-0.0133,0.364,0.364,0.812,2.008,2.138,-2.195,0.0020,0.174,nan,0.00,1,1,1,0,1,0.0000,0.250,0,0.042,1,0.876,0,0,yolo,86.6,yolo,2,2,0,0.000,0,-1,0
1785731612.590,4.218,-2.238,18.452,0.9965,0,5.967,0.064,0.908,0.2605,4.688,0.169,-0.024,0.781,2.069,-1.749,0.0739,-0.0257,0.384,0.384,0.800,2.013,2.138,-2.174,0.0020,0.172,nan,0.00,1,1,1,0,1,0.0000,0.252,0,0.045,1,0.875,0,0,yolo,86.6,yolo,2,2,0,0.000,0,-1,0
1785731612.628,3.685,-2.226,18.361,0.9972,0,7.166,0.159,1.500,0.2772,4.494,0.128,-0.069,0.749,1.632,-3.481,0.3422,0.5828,0.402,0.367,0.795,2.017,2.099,-2.067,0.0019,0.114,nan,0.00,1,1,1,1,1,0.0000,0.256,0,0.051,1,0.877,0,0,yolo,92.0,yolo,2,2,0,0.000,0,-1,0
1785731612.672,3.095,-2.208,18.257,0.9978,0,6.155,0.141,1.368,0.2630,4.494,0.128,-0.069,0.749,1.632,-3.061,0.0477,-0.0045,0.415,0.415,0.790,2.020,2.099,-2.067,0.0019,0.111,nan,0.00,1,1,1,0,1,0.0000,0.260,0,0.058,1,0.881,0,0,yolo,92.0,yolo,2,2,0,0.000,0,-1,0
1785731612.699,2.542,-2.189,18.135,0.9983,0,5.805,0.124,1.270,0.2630,4.494,0.128,-0.069,0.749,1.632,-3.263,0.0589,-0.0029,0.426,0.426,0.792,2.023,2.099,-2.065,0.0019,0.108,nan,0.00,1,1,1,0,1,0.0000,0.260,0,0.058,1,0.881,0,0,yolo,92.0,yolo,2,2,0,0.000,0,-1,0
1785731612.731,2.017,-2.174,18.029,0.9987,0,6.628,0.208,1.795,0.2797,4.306,0.100,-0.124,0.718,1.326,-4.611,0.3458,0.9797,0.434,0.401,0.799,2.026,2.061,-1.966,0.0019,0.043,nan,0.00,1,1,1,1,1,0.0000,0.262,0,0.061,1,0.885,0,0,yolo,90.6,yolo,2,2,0,0.000,0,-1,0
1785731612.764,2.017,-2.174,18.029,0.9987,0,5.962,0.171,1.751,0.2650,4.306,0.100,-0.124,0.718,1.326,-3.946,0.0321,0.0000,0.434,0.434,0.799,2.026,2.061,-2.002,0.0019,0.043,nan,0.00,1,1,1,0,1,0.0000,0.262,0,0.061,1,0.885,2,0,yolo,90.6,yolo,2,2,0,0.000,0,-1,0
1785731612.792,1.336,-2.149,17.881,0.9990,0,5.337,0.160,1.719,0.2662,4.306,0.100,-0.124,0.718,1.326,-4.001,0.0352,0.0024,0.437,0.437,0.801,2.029,2.061,-1.989,0.0019,0.040,nan,0.00,1,1,1,0,1,0.0000,0.132,0,0.064,1,0.897,0,0,yolo,90.6,yolo,2,2,0,0.000,0,-1,0
1785731612.823,0.848,-2.131,17.723,0.9992,0,5.141,0.227,2.102,0.2828,4.147,0.074,-0.166,0.691,1.018,-4.294,0.1671,0.3758,0.439,0.382,0.796,2.031,2.029,-1.904,0.0019,-0.010,nan,0.00,1,1,1,1,1,0.0000,0.132,0,0.065,1,0.885,0,0,yolo,93.9,yolo,2,2,0,0.000,0,-1,0
1785731612.854,0.378,-2.109,17.558,0.9993,0,5.084,0.205,2.016,0.2662,4.147,0.074,-0.166,0.691,1.018,-4.706,0.0557,-0.0073,0.438,0.438,0.789,2.033,2.029,-1.904,0.0019,-0.013,nan,0.00,1,1,1,0,1,0.0000,0.264,0,0.065,1,0.885,0,0,yolo,93.9,yolo,2,2,0,0.000,0,-1,0
1785731612.885,-0.067,-2.091,17.394,0.9993,0,4.587,0.185,1.951,0.2658,4.147,0.074,-0.166,0.691,1.018,-4.654,0.0528,-0.0157,0.435,0.435,0.781,2.035,2.029,-1.906,0.0019,-0.015,nan,0.00,1,1,1,0,1,0.0000,0.265,0,0.067,1,0.870,0,0,yolo,93.9,yolo,2,2,0,0.000,0,-1,0
1785731612.916,-0.484,-2.075,17.233,0.9993,0,4.976,0.270,2.349,0.2825,3.949,0.049,-0.208,0.658,0.705,-5.460,0.3237,0.7599,0.430,0.388,0.772,2.037,1.990,-1.806,0.0019,-0.065,nan,0.00,1,1,1,1,1,0.0000,0.267,0,0.069,1,0.860,0,0,yolo,88.7,yolo,2,2,0,0.000,0,-1,0
1785731612.948,-0.484,-2.075,17.233,0.9993,0,4.645,0.247,2.256,0.2681,3.949,0.049,-0.208,0.658,0.705,-5.129,0.0417,0.0000,0.430,0.430,0.772,2.037,1.990,-1.828,0.0019,-0.065,nan,0.00,1,1,1,0,1,0.0000,0.267,0,0.069,1,0.860,0,0,yolo,88.7,yolo,2,2,0,0.000,0,-1,0
1785731612.978,-0.929,-2.054,17.058,0.9992,0,5.137,0.325,2.667,0.2847,3.758,0.024,-0.253,0.626,0.363,-6.066,0.3367,0.7944,0.422,0.390,0.762,2.039,1.952,-1.729,0.0019,-0.118,nan,0.00,1,1,1,1,1,0.0000,0.264,0,0.065,1,0.818,0,0,yolo,87.4,yolo,2,2,0,0.000,0,-1,0
1785731613.010,-1.429,-2.029,16.840,0.9991,0,3.957,0.300,2.609,0.2691,3.758,0.024,-0.253,0.626,0.363,-5.386,0.0215,-0.0166,0.411,0.411,0.745,2.040,1.952,-1.729,0.0020,-0.120,nan,0.00,1,1,1,0,1,0.0000,0.264,0,0.065,1,0.818,0,0,yolo,87.4,yolo,2,2,0,0.000,0,-1,0
1785731613.042,-1.814,-2.006,16.593,0.9989,0,3.372,0.275,2.565,0.2683,3.758,0.024,-0.253,0.626,0.363,-5.186,0.0100,-0.0357,0.400,0.400,0.726,2.041,1.952,-1.731,0.0020,-0.122,nan,0.00,1,1,1,0,1,0.0000,0.263,0,0.064,1,0.811,0,0,yolo,87.4,yolo,2,2,0,0.000,0,-1,0
1785731613.073,-2.114,-1.989,16.390,0.9987,0,3.984,0.364,3.123,0.2850,3.543,-0.005,-0.297,0.590,-0.079,-6.099,0.2731,0.5233,0.388,0.362,0.708,2.042,1.909,-1.625,0.0020,-0.174,nan,0.00,1,1,1,1,1,0.0000,0.262,0,0.062,1,0.799,0,0,yolo,89.2,yolo,2,2,0,0.000,0,-1,0
1785731613.107,-2.451,-1.969,16.171,0.9985,0,3.073,0.338,3.135,0.2709,3.543,-0.005,-0.297,0.590,-0.079,-5.524,0.0135,-0.0173,0.375,0.375,0.691,2.042,1.909,-1.630,0.0020,-0.175,nan,0.00,1,1,1,0,1,0.0000,0.262,0,0.062,1,0.799,2,0,yolo,89.2,yolo,2,2,0,0.000,0,-1,0
1785731613.136,-2.451,-1.969,16.171,0.9985,0,3.073,0.328,3.144,0.2709,3.543,-0.005,-0.297,0.590,-0.079,-5.524,0.0135,-0.0173,0.375,0.375,0.691,2.042,1.909,-1.641,0.0020,-0.175,nan,0.00,1,1,1,0,1,0.0000,0.257,0,0.053,1,0.780,0,0,yolo,89.2,yolo,2,2,0,0.000,0,-1,0
1785731613.167,-2.712,-1.951,15.927,0.9983,0,3.929,0.401,3.499,0.2876,3.353,-0.028,-0.340,0.559,-0.476,-6.641,0.3484,0.7388,0.363,0.350,0.677,2.043,1.871,-1.550,0.0020,-0.224,nan,0.00,1,1,1,1,1,0.0000,0.257,0,0.053,1,0.780,0,0,yolo,94.7,yolo,2,2,0,0.000,0,-1,0
1785731613.199,-2.970,-1.936,15.676,0.9981,0,2.683,0.384,3.421,0.2730,3.353,-0.028,-0.340,0.559,-0.476,-5.653,-0.0008,-0.0085,0.349,0.349,0.669,2.043,1.871,-1.552,0.0021,-0.225,nan,0.00,1,1,1,0,1,0.0000,0.458,0,0.083,2,0.769,0,0,yolo,94.7,yolo,2,2,0,0.000,0,-1,0
1785731613.230,-3.325,-1.915,15.406,0.9978,0,2.037,0.360,3.362,0.2724,3.353,-0.028,-0.340,0.559,-0.476,-5.362,-0.0179,-0.0238,0.332,0.332,0.653,2.043,1.871,-1.555,0.0021,-0.226,nan,0.00,1,1,1,0,1,0.0000,0.338,0,0.047,2,0.760,0,0,yolo,94.7,yolo,2,2,0,0.000,0,-1,0
1785731613.268,-3.503,-1.900,15.138,0.9976,0,1.598,0.341,3.318,0.2716,3.353,-0.028,-0.340,0.559,-0.476,-5.101,-0.0332,-0.0441,0.317,0.317,0.633,2.043,1.871,-1.558,0.0021,-0.227,nan,0.00,1,1,1,0,1,0.0000,0.338,0,0.047,2,0.760,1,0,yolo,94.7,yolo,2,2,0,0.000,0,-1,0
1785731613.293,-3.637,-1.887,14.870,0.9974,0,1.184,0.328,3.285,0.2709,3.353,-0.028,-0.340,0.559,-0.476,-4.820,-0.0497,-0.0602,0.300,0.300,0.617,2.043,1.871,-1.559,0.0021,-0.227,nan,0.00,1,1,1,0,1,0.0000,0.251,0,0.044,1,0.749,0,0,yolo,94.7,yolo,2,2,0,0.000,0,-1,0
1785731613.323,-3.749,-1.874,14.603,0.9973,0,0.775,0.315,3.261,0.2704,3.353,-0.028,-0.340,0.559,-0.476,-4.525,-0.0670,-0.0740,0.283,0.283,0.603,2.044,1.871,-1.558,0.0022,-0.228,nan,0.00,1,1,1,0,1,0.0000,0.251,0,0.043,1,0.741,0,0,yolo,94.7,yolo,2,2,0,0.000,0,-1,0
1785731613.354,-3.749,-1.874,14.603,0.9973,0,0.775,0.312,3.242,0.2704,3.353,-0.028,-0.340,0.559,-0.476,-4.525,-0.0670,-0.0740,0.283,0.283,0.603,2.044,1.871,-1.561,0.0022,-0.228,nan,0.00,1,1,1,0,1,0.0000,0.251,0,0.043,1,0.736,0,0,yolo,94.7,yolo,2,2,0,0.000,0,-1,0
1785731613.384,-3.824,-1.862,14.323,0.9972,0,0.394,0.303,3.228,0.2698,3.353,-0.028,-0.340,0.559,-0.476,-4.218,-0.0850,-0.0885,0.265,0.265,0.589,2.044,1.871,-1.559,0.0022,-0.229,nan,0.00,1,1,1,0,1,0.0000,0.250,0,0.041,1,0.729,0,0,yolo,94.7,yolo,2,2,0,0.000,0,-1,0
1785731613.417,-3.863,-1.851,14.038,0.9972,0,0.044,0.294,3.218,0.2695,3.353,-0.028,-0.340,0.559,-0.476,-3.908,-0.1031,-0.0972,0.247,0.247,0.580,2.044,1.871,-1.557,0.0022,-0.229,nan,0.00,1,1,1,0,1,0.0000,0.250,0,0.041,1,0.729,0,0,yolo,94.7,yolo,2,2,0,0.000,0,-1,0
1785731613.449,-3.870,-1.842,13.786,0.9972,0,-1.456,1.794,1.718,0.2759,8.852,3.212,-0.366,1.000,19.941,14.000,-0.0000,-0.0000,0.231,0.231,0.575,2.045,1.200,0.122,0.0022,-0.297,nan,0.00,1,1,1,1,1,0.0000,0.247,0,0.037,1,0.713,0,0,yolo,96.2,yolo,2,2,0,0.000,0,-1,0
1785731613.486,-3.755,-1.706,13.607,0.9974,0,-2.956,1.808,0.218,0.2763,8.852,3.212,-0.366,1.000,19.941,14.000,-0.0000,-0.0000,0.215,0.215,0.567,2.043,1.200,0.102,0.0023,-0.312,nan,0.00,1,1,1,1,1,0.0000,0.247,0,0.037,1,0.707,0,0,yolo,96.2,yolo,2,2,0,0.000,0,-1,0
1785731613.512,-3.505,-1.548,13.571,0.9978,0,-4.456,1.628,-1.282,0.2766,8.852,3.212,-0.366,1.000,19.941,14.000,-0.0000,-0.0000,0.196,0.196,0.555,2.042,1.200,0.080,0.0023,-0.322,nan,0.00,1,1,1,1,1,0.0000,0.247,0,0.037,1,0.707,0,0,yolo,96.2,yolo,2,2,0,0.000,0,-1,0
1785731613.543,-3.112,-1.402,13.676,0.9982,0,-5.956,1.461,-2.782,0.2933,8.537,3.188,-0.405,1.000,20.476,14.000,-1.1952,0.6858,0.176,0.178,0.538,2.039,1.200,0.059,0.0023,-0.368,nan,0.00,1,1,1,1,1,0.0000,0.246,0,0.035,1,0.696,0,0,yolo,96.2,yolo,2,2,0,0.000,0,-1,0
1785731613.578,-3.112,-1.402,13.676,0.9982,0,-7.456,1.473,-4.282,0.2779,8.537,3.188,-0.405,1.000,20.476,14.000,-0.0023,0.0000,0.176,0.176,0.538,2.039,1.200,0.071,0.0024,-0.368,nan,0.00,1,1,1,0,1,0.0000,0.246,0,0.035,1,0.696,2,0,yolo,96.2,yolo,2,2,0,0.000,0,-1,0
1785731613.606,-2.634,-1.273,13.872,0.9987,0,-8.956,1.320,-5.782,0.2766,8.537,3.188,-0.405,1.000,20.476,14.000,-0.0203,-0.0225,0.158,0.158,0.515,2.037,1.200,0.047,0.0024,-0.361,nan,0.00,1,1,1,0,1,0.0000,0.119,0,0.022,1,0.670,0,0,yolo,96.2,yolo,2,2,0,0.000,0,-1,0
1785731613.637,-1.975,-1.130,14.215,0.9992,0,-7.456,1.148,-4.282,0.2933,4.000,-1.189,0.000,0.233,-16.550,-10.293,-0.0000,0.4848,0.139,0.139,0.485,2.034,1.200,0.017,0.0024,-0.350,nan,0.00,0,1,0,1,1,0.0000,0.119,0,0.021,1,0.670,0,1,blueline,,BLUELINE,2,2,0,0.000,0,-1,0
1785731613.672,-1.285,-1.016,14.618,0.9996,0,-5.956,1.510,-2.782,0.2973,nan,nan,nan,0.000,0.000,-0.996,0.0000,0.4577,0.125,0.125,0.458,2.030,1.000,0.494,0.0024,-0.339,nan,0.00,0,0,0,0,1,0.0000,0.159,0,0.023,0,0.674,0,0,,,FLYING,2,2,0,0.000,0,-1,0
1785731613.700,-0.688,-0.912,15.006,0.9998,0,-4.456,1.378,-1.282,0.2955,nan,nan,nan,0.000,0.000,-0.904,0.0000,0.4250,0.113,0.113,0.425,2.027,1.000,0.466,0.0024,-0.329,nan,0.00,0,0,0,0,1,0.0000,0.159,0,0.023,0,0.674,0,0,,,FLYING,2,2,0,0.000,0,-1,0
1785731613.735,-0.359,-0.809,15.170,0.9999,0,-2.956,1.244,0.000,0.2936,nan,nan,nan,0.000,0.000,-0.873,0.0000,0.3897,0.109,0.109,0.390,2.022,1.000,0.435,0.0024,-0.319,nan,0.00,0,0,0,0,1,0.0000,0.239,0,0.023,1,0.682,1,0,,,FLYING,2,2,0,0.000,0,-1,0
1785731613.782,0.230,-0.591,15.183,0.9999,0,-1.456,0.899,0.000,0.2892,nan,nan,nan,0.000,0.000,-0.932,0.0000,0.3002,0.117,0.117,0.300,2.010,1.000,0.307,0.0024,-0.310,nan,0.00,0,0,0,0,1,0.0000,0.239,0,0.024,1,0.690,1,0,,,FLYING,2,2,0,0.000,0,-1,0
1785731613.808,0.230,-0.591,15.183,0.9999,0,0.044,0.464,1.500,0.2890,4.000,-1.056,0.000,0.233,-14.791,-9.172,-0.0000,0.3002,0.117,0.117,0.300,2.010,1.200,-0.128,0.0024,-0.301,nan,0.00,0,1,0,1,1,0.0000,0.327,0,0.034,2,0.699,0,0,blueline,,BLUELINE,2,2,0,0.000,0,-1,0
1785731613.839,0.353,-0.513,15.178,0.9999,0,1.544,0.339,3.000,0.2862,4.000,-1.056,0.000,0.233,-14.791,-9.197,0.0042,0.2442,0.121,0.121,0.244,2.003,1.200,-0.175,0.0024,-0.292,nan,0.00,0,1,0,0,1,0.0000,0.327,0,0.034,2,0.699,0,0,blueline,,BLUELINE,2,2,0,0.000,0,-1,0
1785731613.870,0.231,-0.483,15.021,1.0000,0,3.044,0.269,4.500,0.2835,4.000,-1.069,0.000,0.233,-14.964,-9.746,0.3609,0.1904,0.128,0.128,0.190,1.996,1.200,-0.215,0.0024,-0.283,nan,0.00,0,1,0,1,1,0.0000,0.260,0,0.058,1,0.650,0,0,blueline,,BLUELINE,2,2,0,0.000,0,-1,0
1785731613.900,-0.051,-0.455,14.592,1.0000,0,1.925,0.189,6.000,0.2809,4.000,-0.748,0.000,0.233,-10.591,-1.976,-4.1888,0.1376,0.142,0.142,0.138,1.987,1.200,-0.267,0.0024,-0.274,nan,0.00,0,1,0,1,1,0.0000,0.087,0,0.062,0,0.628,0,0,blueline,,BLUELINE,2,2,0,0.000,0,-1,0
1785731613.930,-0.201,-0.434,14.047,1.0000,0,3.425,0.118,7.500,0.2786,4.000,-0.627,0.000,0.233,-8.904,-3.908,-1.7667,0.0936,0.159,0.159,0.094,1.978,1.200,-0.316,0.0024,-0.266,nan,0.00,0,1,0,1,1,0.0000,0.175,0,0.063,0,0.638,0,0,blueline,,BLUELINE,2,2,0,0.000,0,-1,0
1785731613.965,-0.201,-0.434,14.047,1.0000,0,1.925,0.696,6.000,0.2784,nan,nan,nan,0.000,0.000,-1.272,0.0000,0.0936,0.159,0.159,0.094,1.978,1.000,0.263,0.0024,-0.258,nan,0.00,0,0,0,0,1,0.0000,0.128,0,0.053,1,0.651,0,0,,,FLYING,2,2,0,0.000,0,-1,0
1785731613.992,-0.521,-0.426,13.390,0.9999,0,0.895,0.618,4.500,0.2766,nan,nan,nan,0.000,0.000,-1.416,0.0000,0.0595,0.177,0.177,0.060,1.969,1.000,0.192,0.0024,-0.250,nan,0.00,0,0,0,0,1,0.0000,0.128,0,0.053,1,0.651,0,0,,,FLYING,2,2,0,0.000,0,-1,0
1785731614.024,-0.586,-0.372,12.939,0.9999,0,2.395,0.020,6.000,0.2753,4.000,-0.899,0.000,0.233,-12.662,-8.277,-0.0000,0.0358,0.188,0.188,0.036,1.960,1.200,-0.352,0.0024,-0.243,nan,0.00,0,1,0,1,1,0.0000,0.370,0,0.087,1,0.736,0,0,blueline,,BLUELINE,2,2,0,0.000,0,-1,0
1785731614.058,-0.768,-0.370,12.571,0.9999,0,0.895,0.488,4.500,0.2743,nan,nan,nan,0.000,0.000,-1.558,0.0000,0.0174,0.195,0.195,0.017,1.952,1.000,0.117,0.0024,-0.236,nan,0.00,0,0,0,0,1,0.0000,0.370,0,0.087,1,0.736,1,0,,,FLYING,2,2,0,0.000,0,-1,0
1785731614.084,-0.850,-0.336,12.180,0.9999,0,0.765,0.422,3.000,0.2734,nan,nan,nan,0.000,0.000,-1.615,0.0000,0.0019,0.202,0.202,0.002,1.944,1.000,0.086,0.0024,-0.228,nan,0.00,0,0,0,0,1,0.0000,0.169,0,0.046,0,0.772,0,0,,,FLYING,2,2,0,0.000,0,-1,0
1785731614.115,-0.900,-0.298,11.915,0.9999,0,2.265,-0.140,4.500,0.2726,4.000,-0.961,0.000,0.233,-13.506,-8.841,-0.0000,-0.0116,0.205,0.205,-0.012,1.936,1.200,-0.438,0.0024,-0.222,nan,0.00,0,1,0,1,1,0.0000,0.169,0,0.047,0,0.803,0,0,blueline,,BLUELINE,2,2,0,0.000,0,-1,0
1785731614.151,-1.108,-0.318,11.621,0.9998,0,0.765,0.353,3.000,0.2718,nan,nan,nan,0.000,0.000,-1.653,0.0000,-0.0246,0.207,0.207,-0.025,1.928,1.000,0.035,0.0024,-0.215,nan,0.00,0,0,0,0,1,0.0000,0.169,0,0.047,0,0.803,1,0,,,FLYING,2,2,0,0.000,0,-1,0
1785731614.177,-1.108,-0.318,11.621,0.9998,0,0.546,0.438,1.500,0.2716,nan,nan,nan,0.000,0.000,-1.653,0.0000,-0.0246,0.207,0.207,-0.025,1.928,1.000,0.120,0.0024,-0.209,nan,0.00,0,0,0,0,1,0.0000,0.170,0,0.050,0,0.833,0,0,,,FLYING,2,2,0,0.000,0,-1,0
1785731614.208,-1.175,-0.293,11.328,0.9998,0,2.046,-0.133,3.000,0.2709,4.000,-1.434,0.000,0.233,-19.718,-12.420,-0.0000,-0.0362,0.209,0.209,-0.036,1.920,1.200,-0.426,0.0024,-0.202,nan,0.00,0,1,0,1,1,0.0000,0.169,0,0.048,0,0.867,0,0,blueline,,BLUELINE,2,2,0,0.000,0,-1,0
1785731614.239,-1.347,-0.305,11.099,0.9997,0,3.546,-0.158,4.500,0.2703,4.000,-1.434,0.000,0.233,-19.718,-12.411,-0.0015,-0.0472,0.207,0.207,-0.047,1.912,1.200,-0.463,0.0024,-0.196,nan,0.00,0,1,0,0,1,0.0000,0.169,0,0.048,0,0.867,0,0,blueline,,BLUELINE,2,2,0,0.000,0,-1,0
1785731614.270,-1.656,-0.329,10.799,0.9996,0,5.046,-0.162,6.000,0.2697,4.000,-1.633,0.000,0.233,-22.202,-14.000,2.6013,-0.0570,0.206,0.206,-0.057,1.904,1.200,-0.492,0.0024,-0.190,nan,0.00,0,1,0,1,1,0.0000,0.167,0,0.042,0,0.884,0,0,blueline,,BLUELINE,2,2,0,0.000,0,-1,0
1785731614.301,-2.030,-0.354,10.398,0.9994,0,6.546,-0.156,7.500,0.2692,4.000,-1.723,0.000,0.233,-23.299,-14.000,2.2976,-0.0646,0.208,0.208,-0.065,1.897,1.200,-0.510,0.0024,-0.185,nan,0.00,0,1,0,1,1,0.0000,0.166,0,0.040,0,0.895,0,0,blueline,,BLUELINE,2,2,0,0.000,0,-1,0
1785731614.336,-2.506,-0.387,9.885,0.9990,0,5.046,0.358,6.000,0.2689,nan,nan,nan,0.000,0.000,-1.693,0.0000,-0.0712,0.212,0.212,-0.071,1.890,1.000,-0.029,0.0024,-0.179,nan,0.00,0,0,0,0,1,0.0000,0.166,0,0.040,0,0.895,2,0,,,FLYING,2,2,0,0.000,0,-1,0
1785731614.363,-2.894,-0.384,9.388,0.9987,0,3.546,0.338,4.500,0.2685,nan,nan,nan,0.000,0.000,-1.694,0.0000,-0.0770,0.212,0.212,-0.077,1.883,1.000,-0.046,0.0024,-0.174,nan,0.00,0,0,0,0,1,0.0000,0.167,0,0.043,0,0.910,0,0,,,FLYING,2,2,0,0.000,0,-1,0
1785731614.396,-3.160,-0.371,9.044,0.9985,0,5.046,-0.188,6.000,0.2682,4.000,-1.967,0.000,0.233,-25.000,-14.000,-0.0000,-0.0823,0.204,0.204,-0.082,1.876,1.200,-0.559,0.0024,-0.168,nan,0.00,0,1,0,1,1,0.0000,0.167,0,0.044,0,0.913,0,0,blueline,,BLUELINE,2,2,0,0.000,0,-1,0
1785731614.430,-3.589,-0.411,8.671,0.9980,0,3.546,0.333,4.500,0.2679,nan,nan,nan,0.000,0.000,-1.549,0.0000,-0.0875,0.194,0.194,-0.088,1.869,1.000,-0.078,0.0024,-0.163,nan,0.00,0,0,0,0,1,0.0000,0.167,0,0.044,0,0.913,2,0,,,FLYING,2,2,0,0.000,0,-1,0
1785731614.459,-3.898,-0.411,8.266,0.9977,0,2.046,0.316,3.000,0.2677,nan,nan,nan,0.000,0.000,-1.457,0.0000,-0.0921,0.182,0.182,-0.092,1.862,1.000,-0.094,0.0024,-0.159,nan,0.00,0,0,0,0,0,0.0000,0.000,0,0.000,0,0.000,0,0,,,FLYING,2,2,0,0.000,0,-1,0
1785731614.495,-3.898,-0.411,8.266,0.9977,0,0.546,0.391,1.500,0.2675,nan,nan,nan,0.000,0.000,-1.457,0.0000,-0.0921,0.182,0.182,-0.092,1.862,1.000,-0.019,0.0024,-0.154,nan,0.00,0,0,0,0,0,0.0000,0.000,0,0.000,0,0.000,0,0,,,FLYING,2,2,0,0.000,0,-1,0
1785731614.528,-3.927,-0.382,10.329,0.9976,0,-0.954,0.388,0.000,0.2662,nan,nan,nan,0.000,0.000,-0.693,0.0000,-0.1180,0.087,0.087,-0.118,1.860,1.000,0.006,0.0024,-0.149,nan,0.00,0,0,0,0,0,0.0000,0.000,0,0.000,0,0.000,1,0,,,FLYING,2,2,0,0.000,0,0,0
1785731614.554,-4.260,-0.449,8.865,0.9972,0,-2.454,0.371,0.000,0.2650,nan,nan,nan,0.000,0.000,-0.826,0.0000,-0.1445,0.103,0.103,-0.144,1.851,1.000,-0.078,0.0024,-0.145,nan,0.00,0,0,0,0,1,0.0000,0.256,0,0.052,1,0.903,0,0,,,FLYING,2,2,0,0.000,0,0,0
1785731614.590,-4.049,-0.451,8.158,0.9975,0,-3.271,0.336,0.000,0.2640,nan,nan,nan,0.000,0.000,-0.778,0.0000,-0.1615,0.097,0.097,-0.162,1.843,1.000,-0.115,0.0024,-0.140,nan,0.00,0,0,0,0,1,0.0000,0.256,0,0.052,1,0.903,2,0,,,FLYING,3,3,0,0.000,0,2,0
1785731614.616,-3.805,-0.391,8.499,0.9978,0,-3.328,0.268,0.000,0.2634,nan,nan,nan,0.000,0.000,-0.477,0.0000,-0.1713,0.060,0.060,-0.171,1.838,1.000,-0.123,0.0024,-0.136,nan,0.00,0,0,0,0,0,0.0000,0.000,0,0.000,0,0.000,0,0,,,FLYING,3,3,0,0.000,0,0,0
1785731614.651,-3.565,-0.338,8.720,0.9980,0,-3.346,0.198,0.000,0.2630,nan,nan,nan,0.000,0.000,-0.219,0.0000,-0.1759,0.027,0.027,-0.176,1.831,1.000,-0.140,0.0024,-0.132,nan,0.00,0,0,0,0,0,0.0000,0.000,0,0.000,0,0.000,0,0,,,FLYING,3,3,0,0.000,0,0,0
1785731614.697,-3.315,-0.317,8.634,0.9983,0,-3.240,0.177,0.000,0.2637,nan,nan,nan,0.000,0.000,-0.075,0.0000,-0.1559,0.009,0.009,-0.156,1.827,1.000,-0.140,0.0024,-0.128,nan,0.00,0,0,0,0,0,0.0000,0.000,0,0.000,0,0.000,0,0,,,FLYING,3,3,0,0.000,0,0,0
1785731614.725,-3.063,-0.298,8.564,0.9986,0,-3.116,0.153,0.000,0.2645,nan,nan,nan,0.000,0.000,0.053,0.0000,-0.1335,-0.007,-0.007,-0.133,1.821,1.000,-0.145,0.0024,-0.124,nan,0.00,0,0,0,0,0,0.0000,0.000,0,0.000,0,0.000,0,0,,,FLYING,3,3,0,0.000,0,0,0
1785731614.759,-2.824,-0.277,8.581,0.9988,0,-3.015,0.124,0.000,0.2651,nan,nan,nan,0.000,0.000,0.191,0.0000,-0.1175,-0.024,-0.024,-0.117,1.816,1.000,-0.153,0.0024,-0.121,nan,0.00,0,0,0,0,0,0.0000,0.000,0,0.000,0,0.000,0,0,,,FLYING,3,3,0,0.000,0,0,0
1785731614.790,-2.591,-0.259,8.602,0.9990,0,-2.909,0.095,0.000,0.2654,nan,nan,nan,0.000,0.000,0.318,0.0000,-0.1076,-0.040,-0.040,-0.108,1.811,1.000,-0.164,0.0024,-0.117,nan,0.00,0,0,0,0,0,0.0000,0.000,0,0.000,0,0.000,0,0,,,FLYING,3,3,0,0.000,0,0,0
1785731614.820,-2.357,-0.246,8.598,0.9991,0,-2.786,0.069,0.000,0.2655,nan,nan,nan,0.000,0.000,0.429,0.0000,-0.1022,-0.054,-0.054,-0.102,1.806,1.000,-0.177,0.0024,-0.113,nan,0.00,0,0,0,0,0,0.0000,0.000,0,0.000,0,0.000,0,0,,,FLYING,3,3,0,0.000,0,0,0
1785731614.851,-2.130,-0.235,8.591,0.9993,0,-2.658,0.045,0.000,0.2654,nan,nan,nan,0.000,0.000,0.528,0.0000,-0.1001,-0.066,-0.066,-0.100,1.801,1.000,-0.190,0.0024,-0.110,nan,0.00,0,0,0,0,0,0.0000,0.000,0,0.000,0,0.000,1,0,,,FLYING,3,3,0,0.000,0,1,0
1785731614.879,-1.909,-0.227,8.591,0.9994,0,-2.528,0.023,0.000,0.2653,nan,nan,nan,0.000,0.000,0.619,0.0000,-0.1003,-0.077,-0.077,-0.100,1.795,1.000,-0.204,0.0024,-0.107,nan,0.00,0,0,0,0,0,0.0000,0.000,0,0.000,0,0.000,0,0,,,FLYING,3,3,0,0.000,0,-1,0
1785731614.910,-1.909,-0.227,8.591,0.9994,0,-2.528,0.080,0.000,0.2652,nan,nan,nan,0.000,0.000,0.619,0.0000,-0.1003,-0.077,-0.077,-0.100,1.795,1.000,-0.147,0.0024,-0.103,nan,0.00,0,0,0,0,0,0.0000,0.000,0,0.000,0,0.000,1,0,,,FLYING,3,3,0,0.000,0,-1,0
1785731614.946,-1.675,-0.215,8.593,0.9996,0,-2.382,0.029,0.000,0.2650,nan,nan,nan,0.000,0.000,0.707,0.0000,-0.1011,-0.088,-0.088,-0.101,1.789,1.000,-0.186,0.0024,-0.100,nan,0.00,0,0,0,0,0,0.0000,0.000,0,0.000,0,0.000,0,0,,,FLYING,3,3,0,0.000,0,-1,0
1785731614.973,-1.458,-0.209,8.592,0.9997,0,-0.882,-0.506,1.500,0.2648,4.000,-1.400,0.000,0.667,-19.290,-14.000,-0.0092,-0.1020,-0.098,-0.098,-0.102,1.783,1.200,-0.715,0.0024,-0.097,nan,0.00,1,1,0,0,0,0.0000,0.000,0,0.000,0,0.000,0,1,search,,SEARCH,3,3,0,0.000,0,0,0
1785731615.005,-1.381,-0.252,8.511,0.9997,0,0.618,-0.479,3.000,0.2647,4.000,-1.400,0.000,0.667,-19.290,-14.000,-0.0146,-0.1027,-0.103,-0.103,-0.103,1.778,1.200,-0.731,0.0024,-0.094,nan,0.00,1,1,0,0,0,0.0000,0.000,0,0.000,0,0.000,0,0,search,,SEARCH,3,3,0,0.000,0,0,0
1785731615.051,-1.435,-0.299,8.281,0.9997,0,2.118,-0.437,4.500,0.2646,4.000,-1.400,0.000,0.667,-19.290,-14.000,-0.0156,-0.1030,-0.104,-0.104,-0.103,1.774,1.200,-0.736,0.0024,-0.092,nan,0.00,1,1,0,0,0,0.0000,0.000,0,0.000,0,0.000,0,0,search,,SEARCH,3,3,0,0.000,0,0,0
1785731615.083,-1.621,-0.344,7.903,0.9996,0,3.618,-0.392,6.000,0.2646,4.000,-1.400,0.000,0.667,-19.290,-14.000,-0.0134,-0.1028,-0.102,-0.102,-0.103,1.770,1.200,-0.736,0.0024,-0.089,nan,0.00,1,1,0,0,0,0.0000,0.000,0,0.000,0,0.000,0,0,search,,SEARCH,3,3,0,0.000,0,0,0
1785731615.115,-1.952,-0.395,7.388,0.9994,0,4.217,-0.339,7.500,0.2646,4.000,-1.400,0.000,0.667,-19.290,-14.000,-0.0097,-0.1022,-0.098,-0.098,-0.102,1.767,1.200,-0.733,0.0024,-0.086,nan,0.00,1,1,0,0,0,0.0000,0.000,0,0.000,0,0.000,0,0,search,,SEARCH,3,3,0,0.000,0,0,0
1785731615.147,-2.281,-0.442,6.839,0.9992,0,4.101,-0.280,9.000,0.2646,4.000,-1.400,0.000,0.667,-19.290,-14.000,-0.0056,-0.1015,-0.094,-0.094,-0.101,1.764,1.200,-0.722,0.0024,-0.084,nan,0.00,1,1,0,0,0,0.0000,0.000,0,0.000,0,0.000,0,0,search,,SEARCH,3,3,0,0.000,0,0,0
1785731615.177,-2.281,-0.442,6.839,0.9992,0,4.101,-0.241,10.500,0.2645,4.000,-1.400,0.000,0.667,-19.290,-14.000,-0.0056,-0.1015,-0.094,-0.094,-0.101,1.764,1.200,-0.683,0.0024,-0.081,nan,0.00,1,1,0,0,0,0.0000,0.000,0,0.000,0,0.000,1,0,search,,SEARCH,3,3,0,0.000,0,1,0
1785731615.207,-2.620,-0.496,6.128,0.9989,0,3.983,-0.188,12.000,0.2645,4.000,-1.400,0.000,0.667,-19.290,-14.000,0.0003,-0.1007,-0.088,-0.088,-0.101,1.762,1.200,-0.684,0.0024,-0.079,nan,0.00,1,1,0,0,0,0.0000,0.000,0,0.000,0,0.000,0,0,search,,SEARCH,3,3,0,0.000,0,0,0
1785731615.239,-2.952,-0.559,5.234,0.9986,0,3.867,-0.121,12.000,0.2646,4.000,-1.400,0.000,0.667,-19.290,-14.000,0.0093,-0.0998,-0.079,-0.079,-0.100,1.760,1.200,-0.680,0.0024,-0.076,nan,0.00,1,1,0,0,0,0.0000,0.000,0,0.000,0,0.000,0,0,search,,SEARCH,3,3,0,0.000,0,0,0
1785731615.271,-3.320,-0.634,4.057,0.9983,0,3.738,-0.041,12.000,0.2647,4.000,-1.400,0.000,0.667,-19.290,-14.000,0.0212,-0.0989,-0.067,-0.067,-0.099,1.759,1.200,-0.675,0.0024,-0.074,nan,0.00,1,1,0,0,0,0.0000,0.000,0,0.000,0,0.000,0,0,search,,SEARCH,3,3,0,0.000,0,0,0
1785731615.304,-3.668,-0.703,2.981,0.9979,0,3.616,0.034,12.000,0.2647,4.000,-1.400,0.000,0.667,-19.290,-14.000,0.0283,-0.0979,-0.060,-0.060,-0.098,1.758,1.200,-0.669,0.0024,-0.072,nan,0.00,1,1,0,0,0,0.0000,0.000,0,0.000,0,0.000,1,0,search,,SEARCH,3,3,0,0.000,0,1,0
1785731615.348,-3.997,-0.769,1.952,0.9975,0,3.501,0.108,12.000,0.2648,4.000,-1.400,0.000,0.667,-19.290,-14.000,0.0322,-0.0970,-0.056,-0.056,-0.097,1.757,1.200,-0.661,0.0024,-0.070,nan,0.00,1,1,0,0,0,0.0000,0.000,0,0.000,0,0.000,2,0,search,,SEARCH,3,3,0,0.000,0,2,0
1785731615.376,-3.997,-0.769,1.952,0.9975,0,3.501,0.124,12.000,0.2648,4.000,-1.400,0.000,0.667,-19.290,-14.000,0.0322,-0.0970,-0.056,-0.056,-0.097,1.757,1.200,-0.645,0.0024,-0.068,nan,0.00,1,1,0,0,0,0.0000,0.000,0,0.000,0,0.000,0,0,search,,SEARCH,3,3,0,0.000,0,0,0
1785731615.412,-4.314,-0.835,0.909,0.9971,0,3.390,0.195,12.000,0.2649,4.000,-1.400,0.000,0.667,-19.290,-14.000,0.0345,-0.0959,-0.054,-0.054,-0.096,1.756,1.200,-0.639,0.0024,-0.066,nan,0.00,1,1,0,0,0,0.0000,0.000,0,0.000,0,0.000,0,0,search,,SEARCH,3,3,0,0.000,0,0,0
1785731615.438,-4.610,-0.900,-0.066,0.9966,0,3.286,0.270,12.000,0.2650,4.000,-1.400,0.000,0.667,-19.290,-14.000,0.0350,-0.0948,-0.053,-0.053,-0.095,1.756,1.200,-0.630,0.0024,-0.064,nan,0.00,1,1,0,0,0,0.0000,0.000,0,0.000,0,0.000,0,0,search,,SEARCH,3,3,0,0.000,0,0,0
1785731615.473,-4.887,-0.958,-1.037,0.9962,0,3.190,0.339,12.000,0.2651,4.000,-1.400,0.000,0.667,-19.290,-14.000,0.0336,-0.0937,-0.055,-0.055,-0.094,1.757,1.200,-0.618,0.0024,-0.062,nan,0.00,1,1,0,0,0,0.0000,0.000,0,0.000,0,0.000,0,0,search,,SEARCH,3,3,0,0.000,0,0,0
1785731615.519,-5.174,-1.021,-2.053,0.9958,0,3.089,0.418,12.000,0.2652,4.000,-1.400,0.000,0.667,-19.290,-14.000,0.0309,-0.0925,-0.057,-0.057,-0.093,1.758,1.200,-0.603,0.0024,-0.060,nan,0.00,1,1,0,0,0,0.0000,0.000,0,0.000,0,0.000,0,0,search,,SEARCH,3,3,0,0.000,0,0,0
1785731615.550,-5.444,-1.083,-3.031,0.9953,0,2.995,0.496,12.000,0.2653,4.000,-1.400,0.000,0.667,-19.290,-14.000,0.0267,-0.0915,-0.062,-0.062,-0.091,1.759,1.200,-0.587,0.0024,-0.058,nan,0.00,1,1,0,0,0,0.0000,0.000,0,0.000,0,0.000,1,0,search,,SEARCH,3,3,0,0.000,0,1,0
1785731615.583,-5.702,-1.136,-4.038,0.9949,0,2.904,0.568,12.000,0.2654,4.000,-1.400,0.000,0.667,-19.290,-14.000,0.0207,-0.0903,-0.068,-0.068,-0.090,1.761,1.200,-0.568,0.0024,-0.056,nan,0.00,1,1,0,0,0,0.0000,0.000,0,0.000,0,0.000,1,0,search,,SEARCH,3,3,0,0.000,0,1,0
1785731615.627,-5.943,-1.185,-5.012,0.9944,0,2.820,0.637,12.000,0.2655,4.000,-1.400,0.000,0.667,-19.290,-14.000,0.0134,-0.0893,-0.075,-0.075,-0.089,1.763,1.200,-0.548,0.0024,-0.055,nan,0.00,1,1,0,0,0,0.0000,0.000,0,0.000,0,0.000,0,0,search,,SEARCH,3,3,0,0.000,0,-1,0
1785731615.660,-6.177,-1.233,-5.982,0.9940,0,2.738,0.705,12.000,0.2656,4.000,-1.400,0.000,0.667,-19.290,-14.000,0.0043,-0.0883,-0.084,-0.084,-0.088,1.765,1.200,-0.528,0.0024,-0.053,nan,0.00,1,1,0,0,0,0.0000,0.000,0,0.000,0,0.000,0,0,search,,SEARCH,3,3,0,0.000,0,-1,0
1785731615.687,-6.405,-1.279,-6.970,0.9935,0,2.658,0.774,12.000,0.2658,4.000,-1.400,0.000,0.667,-19.290,-14.000,-0.0064,-0.0873,-0.095,-0.095,-0.087,1.768,1.200,-0.505,0.0024,-0.051,nan,0.00,1,1,0,0,0,0.0000,0.000,0,0.000,0,0.000,0,0,search,,SEARCH,3,3,0,0.000,0,-1,0
1785731615.721,-6.628,-1.323,-7.966,0.9931,0,2.580,0.843,12.000,0.2659,4.000,-1.400,0.000,0.667,-19.290,-14.000,-0.0185,-0.0864,-0.107,-0.107,-0.086,1.772,1.200,-0.481,0.0024,-0.050,nan,0.00,1,1,0,0,0,0.0000,0.000,0,0.000,0,0.000,0,0,search,,SEARCH,3,3,0,0.000,0,-1,0
1785731615.754,-6.836,-1.363,-8.930,0.9926,0,2.507,0.907,12.000,0.2660,4.000,-1.400,0.000,0.667,-19.290,-14.000,-0.0314,-0.0856,-0.120,-0.120,-0.086,1.776,1.200,-0.456,0.0024,-0.048,nan,0.00,1,1,0,0,0,0.0000,0.000,0,0.000,0,0.000,1,0,search,,SEARCH,3,3,0,0.000,0,-1,0
1785731615.782,-6.836,-1.363,-8.930,0.9926,0,2.507,0.876,12.000,0.2659,4.000,-1.400,0.000,0.667,-19.290,-14.000,-0.0314,-0.0856,-0.120,-0.120,-0.086,1.776,1.200,-0.487,0.0024,-0.047,nan,0.00,1,1,0,0,0,0.0000,0.000,0,0.000,0,0.000,0,0,search,,SEARCH,3,3,0,0.000,0,-1,0
1785731615.816,-7.042,-1.402,-9.915,0.9922,0,2.435,0.952,12.000,0.2661,4.000,-1.400,0.000,0.667,-19.290,-14.000,-0.0457,-0.0849,-0.134,-0.134,-0.085,1.780,1.200,-0.451,0.0024,-0.045,nan,0.00,1,1,0,0,0,0.0000,0.000,0,0.000,0,0.000,0,0,search,,SEARCH,3,3,0,0.000,0,-1,0
1785731615.848,-7.261,-1.451,-10.968,0.9917,0,2.359,1.040,12.000,0.2662,4.000,-1.400,0.000,0.667,-19.290,-14.000,-0.0624,-0.0841,-0.151,-0.151,-0.084,1.785,1.200,-0.411,0.0024,-0.044,nan,0.00,1,1,0,0,0,0.0000,0.000,0,0.000,0,0.000,2,0,search,,SEARCH,3,3,0,0.000,0,-1,0
1785731615.880,-7.470,-1.488,-12.057,0.9912,0,2.286,1.119,12.000,0.2663,4.000,-1.400,0.000,0.667,-19.290,-14.000,-0.0811,-0.0833,-0.169,-0.169,-0.083,1.791,1.200,-0.369,0.0024,-0.043,nan,0.00,1,1,0,0,0,0.0000,0.000,0,0.000,0,0.000,0,0,search,,SEARCH,3,3,0,0.000,0,-1,0
1785731615.905,-7.669,-1.521,-13.130,0.9907,0,2.216,1.192,12.000,0.2664,4.000,-1.400,0.000,0.667,-19.290,-14.000,-0.1007,-0.0826,-0.189,-0.189,-0.083,1.798,1.200,-0.328,0.0024,-0.042,nan,0.00,1,1,0,0,0,0.0000,0.000,0,0.000,0,0.000,0,0,search,,SEARCH,3,3,0,0.000,0,-1,0
1785731615.941,-7.669,-1.521,-13.130,0.9907,0,2.216,1.139,12.000,0.2664,4.000,-1.400,0.000,0.667,-19.290,-14.000,-0.1007,-0.0826,-0.189,-0.189,-0.083,1.798,1.200,-0.381,0.0024,-0.040,nan,0.00,1,1,0,0,1,0.0000,0.246,0,0.035,1,0.647,0,0,search,,SEARCH,3,3,0,0.000,0,-1,0
1785731615.968,-7.847,-1.548,-14.127,0.9903,0,2.154,1.217,12.000,0.2665,4.000,-1.400,0.000,0.667,-19.290,-14.000,-0.1198,-0.0820,-0.208,-0.208,-0.082,1.804,1.200,-0.332,0.0024,-0.039,nan,0.00,1,1,0,0,1,0.0000,0.246,0,0.035,1,0.647,0,0,search,,SEARCH,3,3,0,0.000,0,-1,0
1785731615.998,-8.010,-1.575,-15.074,0.9899,0,3.654,1.285,12.000,0.2666,4.000,-2.818,0.000,0.233,-25.000,-14.000,-0.0000,-0.0814,-0.227,-0.227,-0.081,1.811,1.200,-0.290,0.0024,-0.038,nan,0.00,0,1,0,1,1,0.0000,0.252,0,0.045,1,0.685,0,1,blueline,,BLUELINE,3,3,0,0.000,0,-1,0
1785731616.030,-8.383,-1.606,-16.238,0.9889,0,5.154,1.377,12.000,0.2669,4.000,-2.889,0.000,0.233,-25.000,-14.000,-0.0000,-0.0806,-0.253,-0.253,-0.081,1.820,1.200,-0.229,0.0024,-0.037,nan,0.00,0,1,0,1,1,0.0000,0.251,0,0.043,1,0.697,0,0,blueline,,BLUELINE,3,3,0,0.000,0,-1,0
1785731616.062,-8.383,-1.606,-16.238,0.9889,0,5.617,1.311,12.000,0.2668,4.000,-2.889,0.000,0.233,-25.000,-14.000,0.0000,-0.0806,-0.253,-0.253,-0.081,1.820,1.200,-0.295,0.0024,-0.036,nan,0.00,0,1,0,0,1,0.0000,0.251,0,0.043,1,0.697,0,0,blueline,,BLUELINE,3,3,0,0.000,0,-1,0
1785731616.099,-8.897,-1.636,-17.381,0.9876,0,5.103,1.417,12.000,0.2672,4.000,-2.785,0.000,0.233,-25.000,-14.000,-0.0000,-0.0795,-0.281,-0.281,-0.080,1.829,1.200,-0.219,0.0024,-0.035,nan,0.00,0,1,0,1,1,0.0000,0.251,0,0.044,1,0.699,0,0,blueline,,BLUELINE,3,3,0,0.000,0,-1,0
1785731616.124,-9.417,-1.675,-18.598,0.9861,0,4.583,1.534,12.000,0.2676,4.000,-2.785,0.000,0.233,-25.000,-14.000,-0.0344,-0.0780,-0.316,-0.316,-0.078,1.840,1.200,-0.141,0.0024,-0.034,nan,0.00,0,1,0,0,1,0.0000,0.251,0,0.044,1,0.699,0,0,blueline,,BLUELINE,3,3,0,0.000,0,-1,0
1785731616.155,-9.827,-1.707,-19.659,0.9849,0,4.173,1.624,12.000,0.2680,4.000,-2.785,0.000,0.233,-25.000,-14.000,-0.0000,-0.0766,-0.348,-0.348,-0.077,1.850,1.200,-0.083,0.0024,-0.033,nan,0.00,0,1,0,1,1,0.0000,0.251,0,0.044,1,0.699,0,0,blueline,,BLUELINE,3,3,0,0.000,0,-1,0
1785731616.187,-9.827,-1.707,-19.659,0.9849,0,4.173,1.536,12.000,0.2680,4.000,-2.683,0.000,0.233,-25.000,-14.000,-0.0000,-0.0766,-0.348,-0.348,-0.077,1.850,1.200,-0.171,0.0024,-0.032,nan,0.00,0,1,0,1,1,0.0000,0.167,0,0.042,0,0.699,0,0,blueline,,BLUELINE,3,3,0,0.000,0,-1,0
1785731616.219,-10.205,-1.737,-20.755,0.9837,0,3.795,1.655,12.000,0.2683,4.000,-2.647,0.000,0.233,-25.000,-14.000,-0.0000,-0.0755,-0.385,-0.385,-0.075,1.861,1.200,-0.082,0.0024,-0.031,nan,0.00,0,1,0,1,1,0.0000,0.250,0,0.042,1,0.687,0,0,blueline,,BLUELINE,3,3,0,0.000,0,-1,0
1785731616.250,-10.528,-1.776,-21.678,0.9827,0,3.472,1.751,12.000,0.2516,8.167,-6.949,-0.208,1.000,-25.000,-14.000,-0.0000,-0.0000,-0.417,-0.417,-0.075,1.871,1.200,-0.024,0.0024,1.318,nan,0.00,1,1,1,1,1,0.0000,0.250,0,0.042,1,0.687,0,1,yolo,96.3,yolo,3,3,0,0.000,0,-1,0
1785731616.281,-10.819,-1.810,-22.593,0.9817,0,3.181,1.843,12.000,0.2350,8.167,-6.949,-0.208,1.000,-25.000,-14.000,-0.0000,-0.0000,-0.450,-0.450,-0.074,1.882,1.200,0.033,0.0024,1.358,nan,0.00,1,1,1,1,1,0.0000,0.255,0,0.050,1,0.682,0,0,yolo,96.3,yolo,3,3,0,0.000,0,-1,0
1785731616.314,-11.083,-1.836,-23.640,0.9808,0,2.917,1.948,12.000,0.2290,8.167,-6.949,-0.208,1.000,-25.000,-14.000,-0.0000,-0.0000,-0.490,-0.490,-0.048,1.896,1.200,0.112,0.0024,1.393,nan,0.00,1,1,1,1,1,0.0000,0.255,0,0.051,1,0.684,0,0,yolo,96.3,yolo,3,3,0,0.000,0,-1,0
1785731616.346,-11.315,-1.858,-24.637,0.9800,0,2.685,2.037,12.000,0.2307,8.125,-6.791,-0.209,1.000,-25.000,-14.000,-0.0000,0.0311,-0.528,-0.492,0.004,1.909,1.200,0.179,0.0024,1.390,nan,0.00,1,1,1,1,1,0.0000,0.255,0,0.051,1,0.684,0,0,yolo,98.0,yolo,3,3,0,0.000,0,-1,0
1785731616.382,-11.522,-1.875,-25.606,0.9793,0,2.478,2.114,12.000,0.2320,8.125,-6.791,-0.209,1.000,-25.000,-14.000,-0.0747,0.0728,-0.567,-0.567,0.077,1.923,1.200,0.239,0.0024,1.417,nan,0.00,1,1,1,0,1,0.0000,0.169,0,0.048,0,0.685,1,0,yolo,98.0,yolo,3,3,0,0.000,0,-1,0
1785731616.407,-11.722,-1.889,-26.634,0.9786,0,2.278,2.198,12.000,0.2358,8.125,-6.791,-0.209,1.000,-25.000,-14.000,-0.1168,0.1680,-0.609,-0.609,0.172,1.938,1.200,0.310,0.0024,1.442,nan,0.00,1,1,1,0,1,0.0000,0.253,0,0.047,1,0.686,0,0,yolo,98.0,yolo,3,3,0,0.000,0,-1,0
1785731616.437,-11.722,-1.889,-26.634,0.9786,0,2.278,2.059,12.000,0.2358,8.125,-6.791,-0.209,1.000,-25.000,-14.000,-0.1168,0.1680,-0.609,-0.609,0.172,1.938,1.200,0.170,0.0024,1.442,nan,0.00,1,1,1,0,1,0.0000,0.170,0,0.049,0,0.694,0,0,yolo,98.0,yolo,3,3,0,0.000,0,-1,0
1785731616.468,-11.888,-1.898,-27.571,0.9780,0,2.112,2.157,12.000,0.2358,8.166,-6.562,-0.204,1.000,-25.000,-14.000,-0.0000,0.1518,-0.648,-0.743,0.271,1.952,1.200,0.260,0.0024,1.422,nan,0.00,1,1,1,1,1,0.0000,0.257,0,0.054,1,0.697,0,0,yolo,103.1,yolo,3,3,0,0.000,0,-1,0
1785731616.499,-12.044,-1.917,-28.455,0.9774,0,1.956,2.245,12.000,0.2322,8.166,-6.562,-0.204,1.000,-25.000,-14.000,0.0567,0.0835,-0.686,-0.686,0.354,1.966,1.200,0.328,0.0024,1.442,nan,0.00,1,1,1,0,1,0.0000,0.170,0,0.049,0,0.697,0,0,yolo,103.1,yolo,3,3,0,0.000,0,-1,0
1785731616.530,-12.180,-1.928,-29.353,0.9769,0,1.820,2.321,12.000,0.2351,8.166,-6.562,-0.204,1.000,-25.000,-14.000,0.0177,0.1558,-0.725,-0.725,0.427,1.980,1.200,0.393,0.0024,1.459,nan,0.00,1,1,1,0,1,0.0000,0.169,0,0.048,0,0.705,0,0,yolo,103.1,yolo,3,3,0,0.000,0,-1,0
1785731616.560,-12.303,-1.932,-30.268,0.9765,0,1.697,2.389,12.000,0.2377,8.166,-6.562,-0.204,1.000,-25.000,-14.000,-0.0225,0.2204,-0.765,-0.765,0.491,1.995,1.200,0.457,0.0024,1.473,nan,0.00,1,1,1,0,1,0.0000,0.169,0,0.048,0,0.705,0,0,yolo,103.1,yolo,3,3,0,0.000,0,-1,0
1785731616.596,-12.418,-1.933,-31.185,0.9761,0,1.582,2.450,12.000,0.2402,8.166,-6.562,-0.204,1.000,-25.000,-14.000,-0.0631,0.2803,-0.806,-0.806,0.551,2.010,1.200,0.517,0.0024,1.487,nan,0.00,1,1,1,0,1,0.0000,0.320,0,0.158,0,0.794,1,0,yolo,103.1,yolo,3,3,0,0.000,0,-1,0
1785731616.622,-12.528,-1.930,-32.151,0.9756,0,1.472,2.516,12.000,0.2428,8.166,-6.562,-0.204,1.000,-25.000,-14.000,-0.1062,0.3419,-0.849,-0.849,0.613,2.026,1.200,0.586,0.0024,1.499,nan,0.00,1,1,1,0,1,0.0000,0.264,0,0.152,2,0.834,0,0,yolo,103.1,yolo,3,3,0,0.000,0,-1,0
1785731616.654,-12.630,-1.924,-33.133,0.9753,0,1.370,2.577,12.000,0.2560,8.236,-6.073,-0.204,1.000,-25.000,-14.000,-0.0000,0.5635,-0.893,-0.642,0.673,2.043,1.200,0.654,0.0024,1.405,nan,0.00,1,1,1,1,1,0.0000,0.531,0,0.156,2,0.858,0,0,yolo,95.9,yolo,3,3,0,0.000,0,-1,0
1785731616.685,-12.733,-1.911,-34.220,0.9749,0,1.267,2.651,12.000,0.2393,8.236,-6.073,-0.204,1.000,-25.000,-14.000,-0.2994,0.0594,-0.942,-0.942,0.733,2.062,1.200,0.741,0.0024,1.413,nan,0.00,1,1,1,0,1,0.0000,0.527,0,0.152,2,0.851,0,0,yolo,95.9,yolo,3,3,0,0.000,0,-1,0
1785731616.716,-12.733,-1.911,-34.220,0.9749,0,1.267,2.475,12.000,0.2325,8.236,-6.073,-0.204,1.000,-25.000,-14.000,-0.2994,0.0594,-0.942,-0.942,0.733,2.062,1.200,0.565,0.0024,1.413,nan,0.00,1,1,1,0,1,0.0000,0.417,0,0.147,1,0.850,0,0,yolo,95.9,yolo,3,3,0,0.000,0,-1,0
1785731616.748,-12.808,-1.898,-35.102,0.9746,0,1.192,2.548,12.000,0.2476,8.397,-5.708,-0.181,1.000,-25.000,-14.000,-0.0000,0.3536,-0.982,-0.498,0.778,2.078,1.200,0.651,0.0024,1.366,nan,0.00,1,1,1,1,1,0.0000,0.414,0,0.142,1,0.828,0,0,yolo,94.2,yolo,3,3,0,0.000,0,-1,0
1785731616.779,-12.884,-1.898,-36.002,0.9743,0,1.116,2.632,12.000,0.2643,8.397,-5.708,-0.181,1.000,-25.000,-14.000,-0.5244,0.0518,-1.022,-1.022,0.830,2.094,1.200,0.735,0.0024,1.374,nan,0.00,1,1,1,0,1,0.0000,0.259,0,0.143,2,0.795,0,0,yolo,94.2,yolo,3,3,0,0.000,0,-1,0
1785731616.810,-12.956,-1.886,-36.989,0.9740,0,1.044,2.715,12.000,0.2735,8.397,-5.708,-0.181,1.000,-25.000,-14.000,-0.5691,0.1034,-1.067,-1.067,0.882,2.113,1.200,0.829,0.0024,1.379,nan,0.00,1,1,1,0,1,0.0000,0.518,0,0.143,2,0.795,0,0,yolo,94.2,yolo,3,3,0,0.000,0,-1,0
1785731616.848,-13.016,-1.866,-37.910,0.9738,0,0.984,2.761,12.000,0.2787,8.397,-5.205,-0.167,1.000,-25.000,-14.000,-0.0000,0.9665,-1.109,-0.765,0.922,2.130,1.200,0.895,0.0024,1.282,nan,0.00,1,1,1,1,1,0.0000,0.514,0,0.139,2,0.773,1,0,yolo,101.6,yolo,3,3,0,0.000,0,-1,0
1785731616.880,-13.074,-1.849,-38.795,0.9736,0,0.926,2.800,12.000,0.2737,8.397,-5.205,-0.167,1.000,-25.000,-14.000,-0.3831,0.0318,-1.148,-1.148,0.954,2.147,1.200,0.950,0.0024,1.285,nan,0.00,1,1,1,0,1,0.0000,0.248,0,0.038,1,0.723,0,0,yolo,101.6,yolo,3,3,0,0.000,0,-1,0
1785731616.906,-13.127,-1.826,-39.742,0.9734,0,0.873,2.845,12.000,0.2737,8.397,-5.205,-0.167,1.000,-25.000,-14.000,-0.4255,0.0551,-1.191,-1.191,0.977,2.165,1.200,1.019,0.0024,1.286,nan,0.00,1,1,1,0,1,0.0000,0.248,0,0.038,1,0.723,0,0,yolo,101.6,yolo,3,3,0,0.000,0,-1,0
1785731616.938,-13.175,-1.799,-40.712,0.9732,0,0.825,2.889,12.000,0.2904,8.369,-4.745,-0.154,1.000,-25.000,-14.000,-0.0000,1.3828,-1.234,-1.228,0.982,2.184,1.200,1.090,0.0024,1.194,nan,0.00,1,1,1,1,1,0.0000,0.314,0,0.148,0,0.739,0,0,yolo,98.4,yolo,3,3,0,0.000,0,-1,0
1785731616.968,-13.218,-1.770,-41.620,0.9730,0,0.782,2.912,12.000,0.2738,8.369,-4.745,-0.154,1.000,-25.000,-14.000,-0.0459,-0.0064,-1.274,-1.274,0.975,2.202,1.200,1.143,0.0024,1.193,nan,0.00,1,1,1,0,1,0.0000,0.314,0,0.148,0,0.739,0,0,yolo,98.4,yolo,3,3,0,0.000,0,-1,0
1785731616.999,-13.257,-1.740,-42.548,0.9729,0,0.743,2.943,12.000,0.2738,8.369,-4.745,-0.154,1.000,-25.000,-14.000,-0.0866,-0.0184,-1.315,-1.315,0.963,2.221,1.200,1.203,0.0024,1.192,nan,0.00,1,1,1,0,1,0.0000,0.419,0,0.149,1,0.736,0,0,yolo,98.4,yolo,3,3,0,0.000,0,-1,0
1785731617.033,-13.295,-1.708,-43.501,0.9728,0,0.705,2.980,12.000,0.2831,8.345,-4.281,-0.137,1.000,-25.000,-14.000,-0.0000,0.9316,-1.356,-1.240,0.950,2.241,1.200,1.272,0.0024,1.099,nan,0.00,1,1,1,1,1,0.0000,0.247,0,0.037,1,0.726,0,0,yolo,96.1,yolo,3,3,0,0.000,0,-1,0
1785731617.065,-13.330,-1.675,-44.427,0.9726,0,0.670,3.010,12.000,0.2739,8.345,-4.281,-0.137,1.000,-25.000,-14.000,-0.1564,-0.0150,-1.396,-1.396,0.935,2.261,1.200,1.334,0.0024,1.097,nan,0.00,1,1,1,0,1,0.0000,0.247,0,0.037,1,0.726,0,0,yolo,96.1,yolo,3,3,0,0.000,0,-1,0
1785731617.099,-13.330,-1.675,-44.441,0.9726,0,0.670,2.809,12.000,0.2739,8.345,-4.281,-0.137,1.000,-25.000,-14.000,-0.1570,-0.0152,-1.397,-1.397,0.935,2.261,1.200,1.134,0.0024,1.097,nan,0.00,1,1,1,0,1,0.0000,0.313,0,0.147,0,0.747,1,0,yolo,96.1,yolo,3,3,0,0.000,0,-1,0
1785731617.126,-13.362,-1.638,-45.407,0.9725,0,0.638,2.905,12.000,0.2906,8.316,-3.806,-0.131,1.000,-24.593,-14.000,-0.8867,1.6053,-1.438,-1.598,0.920,2.282,1.200,1.267,0.0023,0.990,nan,0.00,1,1,1,1,1,0.0000,0.163,0,0.034,0,0.734,0,0,yolo,95.0,yolo,3,3,0,0.000,0,-1,0
1785731617.156,-13.396,-1.618,-46.415,0.9724,0,0.604,3.017,12.000,0.2739,8.316,-3.806,-0.131,1.000,-24.593,-14.000,0.1177,-0.0124,-1.481,-1.481,0.908,2.305,1.200,1.400,0.0022,0.989,nan,0.00,1,1,1,0,1,0.0000,0.164,0,0.036,0,0.747,0,0,yolo,95.0,yolo,3,3,0,0.000,0,-1,0
1785731617.187,-13.425,-1.577,-47.473,0.9723,0,0.575,3.103,12.000,0.2737,8.316,-3.806,-0.131,1.000,-24.593,-14.000,0.0735,-0.0257,-1.525,-1.525,0.894,2.329,1.200,1.526,0.0021,0.985,nan,0.00,1,1,1,0,1,0.0000,0.164,0,0.036,0,0.747,0,0,yolo,95.0,yolo,3,3,0,0.000,0,-1,0
1785731617.224,-13.452,-1.530,-48.506,0.9722,0,0.548,3.158,12.000,0.2853,8.332,-3.399,-0.116,1.000,-22.194,-14.000,-3.4878,0.8516,-1.567,-1.448,0.884,2.352,1.200,1.627,0.0020,0.900,nan,0.00,1,1,1,1,0,0.0000,0.000,0,0.000,0,0.000,0,0,yolo,97.8,yolo,3,3,0,0.000,0,-1,0
1785731617.253,-13.476,-1.482,-49.484,0.9721,0,0.524,3.185,12.000,0.2736,8.332,-3.399,-0.116,1.000,-22.194,-14.000,-0.1591,-0.0104,-1.607,-1.607,0.873,2.375,1.200,1.703,0.0019,0.894,nan,0.00,1,1,1,0,0,0.0000,0.000,0,0.000,0,0.000,0,0,yolo,97.8,yolo,3,3,0,0.000,0,-1,0
1785731617.284,-13.497,-1.434,-50.441,0.9721,0,0.503,3.204,12.000,0.2735,8.332,-3.399,-0.116,1.000,-22.194,-14.000,-0.1976,-0.0214,-1.646,-1.646,0.862,2.397,1.200,1.770,0.0019,0.889,nan,0.00,1,1,1,0,0,0.0000,0.000,0,0.000,0,0.000,0,0,yolo,97.8,yolo,3,3,0,0.000,0,-1,0
1785731617.317,-13.497,-1.434,-50.441,0.9721,0,0.503,2.971,12.000,0.2734,8.332,-3.399,-0.116,1.000,-22.194,-14.000,-0.1976,-0.0214,-1.646,-1.646,0.862,2.397,1.200,1.537,0.0018,0.889,nan,0.00,1,1,1,0,1,0.0000,0.247,0,0.037,1,0.781,0,0,yolo,97.8,yolo,3,3,0,0.000,0,-1,0
1785731617.345,-13.536,-1.343,-52.210,0.9720,0,0.464,3.280,12.000,0.2886,8.276,-2.950,-0.084,1.000,-19.617,-14.000,-3.7220,0.8640,-1.716,-1.453,0.843,2.439,1.200,1.937,0.0017,0.802,nan,0.00,1,1,1,1,1,0.0000,0.247,0,0.037,1,0.781,0,0,yolo,102.0,yolo,3,3,0,0.000,0,-1,0
1785731617.377,-13.554,-1.288,-53.177,0.9719,0,0.446,3.287,12.000,0.2733,8.276,-2.950,-0.084,1.000,-19.617,-14.000,-0.3016,-0.0106,-1.754,-1.754,0.832,2.463,1.200,1.999,0.0016,0.795,nan,0.00,1,1,1,0,1,0.0000,0.245,0,0.033,1,0.800,0,0,yolo,102.0,yolo,3,3,0,0.000,0,-1,0
1785731617.407,-13.572,-1.230,-54.148,0.9718,0,0.428,3.292,12.000,0.2732,8.276,-2.950,-0.084,1.000,-19.617,-14.000,-0.3394,-0.0211,-1.792,-1.792,0.821,2.487,1.200,2.062,0.0015,0.788,nan,0.00,1,1,1,0,1,0.0000,0.245,0,0.033,1,0.800,0,0,yolo,102.0,yolo,3,3,0,0.000,0,-1,0
1785731617.438,-13.572,-1.230,-54.148,0.9718,0,-0.768,2.891,12.000,0.2769,8.198,-2.457,-0.040,1.000,-16.685,-12.805,-3.1473,0.5562,-1.792,-1.336,0.821,2.487,1.259,1.662,0.0015,0.714,nan,0.00,1,1,1,1,1,0.0000,0.244,0,0.031,1,0.818,0,0,yolo,106.9,yolo,3,3,0,0.000,0,-1,0
1785731617.474,-13.489,-1.205,-55.141,0.9722,0,0.511,3.021,12.000,0.2730,8.198,-2.457,-0.040,1.000,-16.685,-14.000,-0.4933,-0.0129,-1.829,-1.829,0.809,2.512,1.260,1.816,0.0014,0.707,nan,0.00,1,1,1,0,1,0.0000,0.244,0,0.031,1,0.818,1,0,yolo,106.9,yolo,3,3,0,0.000,0,-1,0
1785731617.500,-13.519,-1.166,-56.211,0.9721,0,0.481,3.135,12.000,0.2563,8.198,-2.457,-0.040,1.000,-16.685,-14.000,-0.5325,-0.0266,-1.869,-1.869,0.795,2.539,1.260,1.968,0.0013,0.702,nan,0.00,1,1,1,0,1,0.0000,0.245,0,0.033,1,0.823,0,0,yolo,106.9,yolo,3,3,0,0.000,0,-1,0
1785731617.532,-13.548,-1.120,-57.207,0.9720,0,-1.019,2.719,12.000,0.2730,8.065,-1.888,0.029,1.000,-13.177,8.123,-4.9370,0.7435,-1.904,-1.586,0.794,2.564,1.450,1.599,0.0013,0.628,nan,0.00,1,1,1,1,1,0.0000,0.245,0,0.034,1,0.837,0,0,yolo,97.5,yolo,3,3,0,0.000,0,-1,0
1785731617.562,-13.456,-1.107,-58.128,0.9724,0,-2.337,2.778,12.000,0.2563,8.065,-1.888,0.029,1.000,-13.177,-11.119,-0.3502,0.0040,-1.936,-1.936,0.798,2.588,1.452,1.671,0.0012,0.623,nan,0.00,1,1,1,0,1,0.0000,0.245,0,0.034,1,0.837,0,0,yolo,97.5,yolo,3,3,0,0.000,0,-1,0
1785731617.593,-13.233,-1.091,-59.113,0.9733,0,-2.596,2.850,12.000,0.2724,8.065,-1.888,0.029,1.000,-13.177,-10.637,-0.3811,0.0182,-1.967,-1.967,0.812,2.614,1.456,1.759,0.0011,0.614,nan,0.00,1,1,1,0,1,0.0000,0.249,0,0.040,1,0.882,0,0,yolo,97.5,yolo,3,3,0,0.000,0,-1,0
1785731617.630,-13.233,-1.091,-59.113,0.9733,0,-4.096,2.096,10.500,0.2779,7.928,-1.406,0.094,1.000,-10.056,13.870,-4.3192,0.4953,-1.967,-1.630,0.812,2.614,1.654,1.005,0.0011,0.564,nan,0.00,1,1,1,1,0,0.0000,0.000,0,0.000,0,0.000,0,0,yolo,97.2,yolo,3,3,0,0.000,0,-1,0
1785731617.674,-12.671,-1.066,-60.881,0.9755,0,-5.596,2.489,10.056,0.2717,7.928,-1.406,0.094,1.000,-10.056,-1.526,-0.3918,0.0295,-2.021,-2.021,0.841,2.661,1.665,1.423,0.0010,0.548,nan,0.00,1,1,1,0,0,0.0000,0.000,0,0.000,0,0.000,0,0,yolo,97.2,yolo,3,3,0,0.000,0,-1,0
1785731617.706,-12.158,-1.017,-61.693,0.9774,0,-7.096,2.401,10.056,0.2711,7.928,-1.406,0.094,1.000,-10.056,-1.066,-0.4208,0.0306,-2.051,-2.051,0.843,2.682,1.677,1.384,0.0010,0.529,nan,0.00,1,1,1,0,1,0.0000,0.172,0,0.055,0,0.900,0,0,yolo,97.2,yolo,3,3,0,0.000,0,-1,0
1785731617.734,-11.560,-0.964,-62.463,0.9796,0,-8.596,1.716,8.556,0.2878,7.658,-0.900,0.171,1.000,-6.703,14.000,-6.7207,0.7874,-2.072,-2.195,0.841,2.701,1.928,0.752,0.0009,0.476,nan,0.00,1,1,1,1,1,0.0000,0.172,0,0.055,0,0.900,0,0,yolo,97.2,yolo,3,3,0,0.000,0,-1,0
1785731617.769,-11.560,-0.964,-62.463,0.9796,0,-10.096,1.470,7.056,0.2711,7.658,-0.900,0.171,1.000,-6.703,5.808,0.1226,0.0000,-2.072,-2.072,0.841,2.701,1.928,0.506,0.0009,0.476,nan,0.00,1,1,1,0,0,0.0000,0.000,0,0.000,0,0.000,0,0,yolo,97.2,yolo,3,3,0,0.000,0,-1,0
1785731617.801,-10.763,-0.952,-63.215,0.9823,0,-11.596,1.506,6.703,0.2696,7.658,-0.900,0.171,1.000,-6.703,6.129,0.1027,-0.0161,-2.092,-2.092,0.825,2.720,1.941,0.554,0.0008,0.463,nan,0.00,1,1,1,0,0,0.0000,0.000,0,0.000,0,0.000,0,0,yolo,97.2,yolo,3,3,0,0.000,0,-1,0
1785731617.832,-9.916,-0.925,-63.767,0.9849,0,-13.096,1.258,5.203,0.2688,7.435,-0.452,0.232,1.000,-3.478,14.000,-3.1392,0.2751,-2.110,-2.071,0.807,2.733,2.024,0.332,0.0008,0.426,nan,0.00,1,1,1,1,0,0.0000,0.000,0,0.000,0,0.000,0,0,yolo,98.6,yolo,3,3,0,0.000,0,-1,0
1785731617.865,-9.021,-0.877,-64.217,0.9875,0,-14.596,1.132,3.703,0.2549,7.435,-0.452,0.232,1.000,-3.478,14.000,-0.0524,-0.0143,-2.124,-2.124,0.793,2.742,2.036,0.255,0.0007,0.414,nan,0.00,1,1,1,0,0,0.0000,0.000,0,0.000,0,0.000,1,0,yolo,98.6,yolo,3,3,0,0.000,0,-1,0
1785731617.889,-7.970,-0.830,-64.624,0.9902,0,-16.096,1.001,3.478,0.2540,7.435,-0.452,0.232,1.000,-3.478,14.000,-0.0612,-0.0261,-2.133,-2.133,0.781,2.749,2.050,0.172,0.0007,0.400,nan,0.00,1,1,1,0,1,0.0000,0.173,0,0.057,0,0.925,0,0,yolo,98.6,yolo,3,3,0,0.000,0,-1,0
1785731617.920,-6.786,-0.788,-64.895,0.9929,0,-17.596,0.817,1.978,0.2654,7.284,0.059,0.286,1.000,0.464,14.000,-5.0117,0.2255,-2.137,-2.367,0.780,2.752,2.073,0.028,0.0007,0.377,nan,0.00,1,1,1,1,1,0.0000,0.172,0,0.054,0,0.916,0,0,yolo,97.8,yolo,3,3,0,0.000,0,-1,0
1785731617.951,-5.621,-0.734,-65.090,0.9951,0,-19.096,0.654,0.478,0.2553,7.284,0.059,0.286,1.000,0.464,14.000,0.2297,0.0126,-2.138,-2.138,0.792,2.753,2.078,-0.080,0.0006,0.372,nan,0.00,1,1,1,0,1,0.0000,0.172,0,0.054,0,0.916,0,0,yolo,97.8,yolo,3,3,0,0.000,0,-1,0
1785731617.982,-4.252,-0.679,-65.257,0.9972,0,-18.252,0.493,-0.464,0.2653,7.284,0.059,0.286,1.000,0.464,14.000,0.2371,0.0304,-2.130,-2.130,0.810,2.751,2.083,-0.185,0.0006,0.367,nan,0.00,1,1,1,0,1,0.0000,0.173,0,0.057,0,0.914,0,0,yolo,97.8,yolo,3,3,0,0.000,0,-1,0
1785731618.016,-2.778,-0.642,-65.283,0.9988,0,-16.778,0.322,-1.964,0.2649,7.053,0.532,0.314,1.000,4.310,14.000,-7.1012,0.0033,-2.118,-2.956,0.828,2.744,2.083,-0.320,0.0006,0.367,nan,0.00,1,1,1,1,1,0.0000,0.173,0,0.057,0,0.912,0,0,yolo,91.6,yolo,3,3,0,0.000,0,-1,0
1785731618.051,-1.376,-0.607,-65.124,0.9997,0,-15.376,0.115,-3.464,0.2646,7.053,0.532,0.314,1.000,4.310,14.000,0.8506,0.0175,-2.105,-2.105,0.845,2.730,2.074,-0.492,0.0005,0.376,nan,0.00,1,1,1,0,1,0.0000,0.131,0,0.060,1,0.902,0,0,yolo,91.6,yolo,3,3,0,0.000,0,-1,0
1785731618.095,-0.081,-0.589,-64.847,0.9999,0,-14.081,-0.081,-4.310,0.2645,7.053,0.532,0.314,1.000,4.310,14.000,0.8663,0.0261,-2.089,-2.089,0.854,2.712,2.064,-0.670,0.0005,0.386,nan,0.00,1,1,1,0,1,0.0000,0.261,0,0.060,1,0.902,1,0,yolo,91.6,yolo,3,3,0,0.000,0,-1,0
1785731618.123,1.202,-0.577,-64.560,0.9997,0,-12.798,0.090,-5.810,0.2645,6.814,0.920,0.315,1.000,7.688,14.000,-4.0179,-0.1685,-2.065,-2.878,0.852,2.693,1.928,-0.487,0.0004,0.403,nan,0.00,1,1,1,1,1,0.0000,0.172,0,0.054,0,0.882,0,0,yolo,96.5,yolo,3,3,0,0.000,0,-1,0
1785731618.159,2.387,-0.588,-64.262,0.9991,0,-11.613,0.022,-7.310,0.2646,6.814,0.920,0.315,1.000,7.688,14.000,0.8426,-0.0026,-2.036,-2.036,0.850,2.675,1.911,-0.565,0.0004,0.423,nan,0.00,1,1,1,0,1,0.0000,0.264,0,0.064,1,0.847,0,0,yolo,96.5,yolo,3,3,0,0.000,0,-1,0
1785731618.186,3.488,-0.603,-63.842,0.9981,0,-10.512,-0.077,-7.688,0.2649,6.814,0.920,0.315,1.000,7.688,14.000,0.8737,-0.0048,-2.004,-2.004,0.848,2.653,1.894,-0.680,0.0004,0.442,nan,0.00,1,1,1,0,1,0.0000,0.264,0,0.064,1,0.847,0,0,yolo,96.5,yolo,3,3,0,0.000,0,-1,0
1785731618.218,4.286,-0.637,-63.350,0.9971,0,-9.714,0.296,-9.188,0.2651,6.524,1.231,0.259,1.000,10.687,14.000,-2.5612,0.1408,-1.982,-2.581,0.846,2.630,1.704,-0.341,0.0003,0.423,nan,0.00,1,1,1,1,1,0.0000,0.279,0,0.090,0,0.790,0,0,yolo,91.7,yolo,3,3,0,0.000,0,-1,0
1785731618.256,5.065,-0.686,-62.795,0.9960,0,-8.935,0.245,-10.687,0.2653,6.524,1.231,0.259,1.000,10.687,14.000,0.6226,-0.0009,-1.959,-1.959,0.845,2.605,1.690,-0.442,0.0003,0.445,nan,0.00,1,1,1,0,1,0.0000,0.280,0,0.092,0,0.775,0,0,yolo,91.7,yolo,3,3,0,0.000,0,-1,0
1785731618.280,5.804,-0.724,-62.205,0.9948,0,-8.196,0.188,-10.687,0.2656,6.524,1.231,0.259,1.000,10.687,14.000,0.6474,-0.0012,-1.934,-1.934,0.845,2.579,1.678,-0.536,0.0002,0.465,nan,0.00,1,1,1,0,1,0.0000,0.280,0,0.092,0,0.775,0,0,yolo,91.7,yolo,3,3,0,0.000,0,-1,0
1785731618.311,6.524,-0.782,-61.460,0.9934,0,-7.476,0.471,-12.000,0.2659,6.297,1.485,0.189,1.000,13.271,14.000,-2.8398,0.2282,-1.910,-2.406,0.845,2.548,1.518,-0.310,0.0002,0.442,nan,0.00,1,1,1,1,1,0.0000,0.213,0,0.158,1,0.840,0,0,yolo,94.1,yolo,3,3,0,0.000,0,-1,0
1785731618.349,7.146,-0.853,-60.565,0.9921,0,-6.854,0.360,-12.000,0.2662,6.297,1.485,0.189,1.000,13.271,14.000,0.5176,0.0004,-1.889,-1.889,0.845,2.513,1.509,-0.493,0.0001,0.466,nan,0.00,1,1,1,0,1,0.0000,0.426,0,0.158,1,0.840,1,0,yolo,94.1,yolo,3,3,0,0.000,0,-1,0
1785731618.374,7.741,-0.930,-59.673,0.9908,0,-6.259,0.304,-12.000,0.2665,6.297,1.485,0.189,1.000,13.271,14.000,0.5403,0.0012,-1.866,-1.866,0.846,2.478,1.500,-0.625,0.0001,0.489,nan,0.00,1,1,1,0,1,0.0000,0.210,0,0.149,1,0.872,0,0,yolo,94.1,yolo,3,3,0,0.000,0,-1,0
1785731618.406,8.245,-1.020,-58.837,0.9895,0,-5.755,0.578,-12.000,0.2832,6.054,1.652,0.077,1.000,15.261,14.000,-2.1026,0.6875,-1.840,-2.157,0.847,2.447,1.389,-0.442,0.0000,0.421,nan,0.00,1,1,1,1,1,0.0000,0.419,0,0.149,1,0.872,2,0,yolo,99.5,yolo,3,3,0,0.000,0,-1,0
1785731618.438,8.705,-1.103,-57.996,0.9883,0,-5.295,0.592,-12.000,0.2671,6.054,1.652,0.077,1.000,15.261,14.000,0.3449,-0.0019,-1.812,-1.812,0.845,2.417,1.384,-0.510,-0.0000,0.442,nan,0.00,1,1,1,0,1,0.0000,0.389,0,0.112,1,0.790,0,0,yolo,99.5,yolo,3,3,0,0.000,0,-1,0
1785731618.469,9.141,-1.189,-57.128,0.9871,0,-4.859,0.612,-12.000,0.2674,6.054,1.652,0.077,1.000,15.261,14.000,0.3756,-0.0056,-1.781,-1.781,0.841,2.386,1.380,-0.576,-0.0001,0.464,nan,0.00,1,1,1,0,1,0.0000,0.474,0,0.099,2,0.752,0,0,yolo,99.5,yolo,3,3,0,0.000,0,-1,0
1785731618.500,9.552,-1.286,-56.225,0.9859,0,-4.448,0.884,-12.049,0.2841,5.922,1.801,-0.056,0.987,16.917,14.000,-2.5674,1.3066,-1.748,-2.047,0.839,2.356,1.279,-0.402,-0.0001,0.377,nan,0.00,1,1,1,1,1,0.0000,0.335,0,0.044,2,0.717,0,0,yolo,105.9,yolo,3,3,0,0.000,0,-1,0
1785731618.532,9.928,-1.369,-55.313,0.9847,0,-4.072,0.904,-12.045,0.2680,5.922,1.801,-0.056,0.987,16.917,14.000,0.3339,-0.0063,-1.713,-1.713,0.833,2.326,1.277,-0.465,-0.0001,0.397,nan,0.00,1,1,1,0,1,0.0000,0.323,0,0.029,2,0.684,0,0,yolo,105.9,yolo,3,3,0,0.000,0,-1,0
1785731618.567,10.273,-1.455,-54.388,0.9837,0,-3.727,0.934,-12.042,0.2682,5.922,1.801,-0.056,0.987,16.917,14.000,0.3713,-0.0132,-1.675,-1.675,0.826,2.297,1.275,-0.521,-0.0002,0.416,nan,0.00,1,1,1,0,0,0.0000,0.000,0,0.000,0,0.000,0,0,yolo,105.9,yolo,3,3,0,0.000,0,-1,0
1785731618.600,10.575,-1.543,-53.499,0.9827,0,-3.425,1.163,-12.028,0.2849,5.748,1.859,-0.211,0.958,17.925,14.000,-0.7584,0.9604,-1.638,-1.692,0.824,2.270,1.206,-0.380,-0.0002,0.288,nan,0.00,1,1,1,1,0,0.0000,0.000,0,0.000,0,0.000,1,0,yolo,88.4,yolo,3,3,0,0.000,0,-1,0
1785731618.625,10.854,-1.617,-52.596,0.9817,0,-3.146,1.203,-11.949,0.2687,5.748,1.859,-0.211,0.958,17.925,14.000,0.0934,-0.0039,-1.599,-1.599,0.820,2.244,1.206,-0.415,-0.0002,0.305,nan,0.00,1,1,1,0,1,0.0000,0.250,0,0.042,1,0.590,0,0,yolo,88.4,yolo,3,3,0,0.000,0,-1,0
1785731618.661,10.854,-1.617,-52.596,0.9817,0,-3.146,1.506,-11.889,0.2686,5.748,1.859,-0.211,0.958,17.925,14.000,0.0934,-0.0039,-1.599,-1.599,0.820,2.244,1.206,-0.112,-0.0003,0.305,nan,0.00,1,1,1,0,1,0.0000,0.250,0,0.042,1,0.590,1,0,yolo,88.4,yolo,3,3,0,0.000,0,-1,0
1785731618.704,11.388,-1.752,-50.681,0.9799,0,-2.612,1.176,-11.730,0.2853,5.628,1.882,-0.355,0.938,18.493,14.000,-1.6735,2.0000,-1.511,-1.465,0.814,2.192,1.200,-0.576,-0.0003,0.196,nan,0.00,1,1,1,1,1,0.0000,0.249,0,0.040,1,0.555,0,0,yolo,92.3,yolo,3,3,0,0.000,0,-1,0
1785731618.734,11.388,-1.752,-50.681,0.9799,0,-2.612,1.493,-11.650,0.2691,5.628,1.882,-0.355,0.938,18.493,14.000,-0.0461,0.0000,-1.511,-1.511,0.814,2.192,1.200,-0.259,-0.0003,0.196,nan,0.00,1,1,1,0,1,0.0000,0.338,0,0.047,2,0.505,0,0,yolo,92.3,yolo,3,3,0,0.000,0,-1,0
1785731618.765,11.628,-1.849,-49.640,0.9790,0,-2.372,1.470,-11.590,0.2693,5.628,1.882,-0.355,0.938,18.493,14.000,0.0051,-0.0039,-1.460,-1.460,0.810,2.166,1.200,-0.379,-0.0003,0.213,nan,0.00,1,1,1,0,1,0.0000,0.338,0,0.047,2,0.505,0,0,yolo,92.3,yolo,3,3,0,0.000,0,-1,0
1785731618.797,11.846,-1.912,-48.681,0.9782,0,-2.154,1.472,-11.537,0.2860,5.559,1.882,-0.483,0.926,18.706,14.000,-0.1553,0.8571,-1.411,-1.209,0.805,2.144,1.200,-0.440,-0.0003,0.099,nan,0.00,1,1,1,1,1,0.0000,0.380,0,0.100,1,0.464,0,0,yolo,102.8,yolo,3,3,0,0.000,0,-1,0
1785731618.829,12.022,-1.974,-47.765,0.9775,0,-1.978,1.505,-11.554,0.2693,5.559,1.882,-0.483,0.926,18.706,14.000,-0.1540,-0.0052,-1.363,-1.363,0.800,2.124,1.200,-0.469,-0.0003,0.111,nan,0.00,1,1,1,0,1,0.0000,0.380,0,0.100,1,0.464,0,0,yolo,102.8,yolo,3,3,0,0.000,0,-1,0
1785731618.860,12.180,-2.040,-46.836,0.9769,0,-1.820,1.551,-11.567,0.2655,5.559,1.882,-0.483,0.926,18.706,14.000,-0.1050,-0.0127,-1.314,-1.314,0.792,2.105,1.200,-0.489,-0.0004,0.123,nan,0.00,1,1,1,0,1,0.0000,0.382,0,0.103,1,0.440,0,0,yolo,102.8,yolo,3,3,0,0.000,0,-1,0
1785731618.897,12.317,-2.103,-45.917,0.9763,0,-1.683,1.606,-11.134,0.2822,5.205,1.719,-0.534,0.868,18.273,14.000,0.3937,0.8628,-1.266,-1.091,0.793,2.087,1.200,-0.497,-0.0004,0.036,nan,0.00,1,1,1,1,1,0.0000,0.382,0,0.103,1,0.440,2,0,yolo,104.8,yolo,3,3,0,0.000,0,-1,0
1785731618.938,12.448,-2.165,-45.027,0.9758,0,-1.552,1.676,-11.069,0.2690,5.205,1.719,-0.534,0.868,18.273,14.000,-0.1264,0.0052,-1.218,-1.218,0.798,2.072,1.200,-0.489,-0.0004,0.046,nan,0.00,1,1,1,0,1,0.0000,0.497,0,0.122,2,0.401,0,0,yolo,104.8,yolo,3,3,0,0.000,0,-1,0
1785731618.970,12.560,-2.211,-44.146,0.9753,0,-1.440,1.732,-11.020,0.2703,5.205,1.719,-0.534,0.868,18.273,14.000,-0.0744,0.0145,-1.166,-1.166,0.807,2.057,1.200,-0.478,-0.0004,0.054,nan,0.00,1,1,1,0,1,0.0000,0.682,0,0.193,2,0.288,0,0,yolo,104.8,yolo,3,3,0,0.000,0,-1,0
1785731619.000,12.666,-2.256,-43.213,0.9749,0,-1.334,1.724,-10.630,0.2870,4.944,1.581,-0.572,0.824,17.735,14.000,0.6960,1.0594,-1.110,-0.885,0.817,2.043,1.222,-0.532,-0.0004,-0.017,nan,0.00,1,1,1,1,1,0.0000,0.682,0,0.193,2,0.288,0,0,yolo,99.9,yolo,3,3,0,0.000,0,-1,0
1785731619.031,12.766,-2.298,-42.271,0.9745,0,-1.234,1.773,-10.581,0.2709,4.944,1.581,-0.572,0.824,17.735,14.000,-0.1666,0.0004,-1.052,-1.052,0.818,2.031,1.222,-0.525,-0.0004,-0.010,nan,0.00,1,1,1,0,1,0.0000,0.698,0,0.206,2,0.274,0,0,yolo,99.9,yolo,3,3,0,0.000,0,-1,0
1785731619.061,12.854,-2.334,-41.361,0.9741,0,-1.146,1.825,-10.544,0.2706,4.944,1.581,-0.572,0.824,17.735,14.000,-0.1086,-0.0057,-0.994,-0.994,0.812,2.019,1.222,-0.509,-0.0004,-0.005,nan,0.00,1,1,1,0,1,0.0000,0.698,0,0.206,2,0.274,0,0,yolo,99.9,yolo,3,3,0,0.000,0,-1,0
1785731619.089,12.854,-2.334,-41.361,0.9741,0,-1.146,1.949,-10.168,0.2873,4.894,1.552,-0.670,0.816,17.601,14.000,0.0857,0.7753,-0.994,-0.709,0.812,2.019,1.233,-0.385,-0.0004,-0.108,nan,0.00,1,1,1,1,1,0.0000,0.301,0,0.227,1,0.241,0,0,yolo,94.5,yolo,3,3,0,0.000,0,-1,0
1785731619.124,12.932,-2.348,-40.483,0.9738,0,-1.068,1.939,-9.938,0.2736,4.894,1.552,-0.670,0.816,17.601,14.000,-0.2269,-0.0085,-0.936,-0.936,0.803,2.010,1.233,-0.409,-0.0003,-0.104,nan,0.00,1,1,1,0,1,0.0000,0.602,0,0.227,1,0.241,0,0,yolo,94.5,yolo,3,3,0,0.000,0,-1,0
1785731619.155,12.995,-2.358,-39.726,0.9736,0,-1.005,1.957,-9.766,0.2731,4.894,1.552,-0.670,0.816,17.601,14.000,-0.1742,-0.0179,-0.883,-0.883,0.794,2.002,1.233,-0.400,-0.0003,-0.102,nan,0.00,1,1,1,0,1,0.0000,0.242,0,0.231,0,0.223,0,0,yolo,94.5,yolo,3,3,0,0.000,0,-1,0
1785731619.186,13.055,-2.365,-38.957,0.9733,0,-0.945,1.895,-9.357,0.2898,4.820,1.491,-0.751,0.803,17.189,14.000,1.0401,2.0000,-0.828,-0.563,0.784,1.996,1.265,-0.470,-0.0003,-0.195,nan,0.00,1,1,1,1,1,0.0000,0.485,0,0.231,0,0.223,0,0,yolo,94.1,yolo,3,3,0,0.000,0,-1,0
1785731619.217,13.109,-2.371,-38.235,0.9731,0,-0.891,1.923,-9.164,0.2765,4.820,1.491,-0.751,0.803,17.189,14.000,-0.2108,-0.0107,-0.774,-0.774,0.773,1.991,1.265,-0.448,-0.0003,-0.193,nan,0.00,1,1,1,0,1,1.1647,0.600,1,0.285,1,0.185,0,0,yolo,94.1,yolo,3,3,0,0.000,0,-1,0
1785731619.252,13.161,-2.371,-37.502,0.9729,0,-0.839,1.947,-9.018,0.2758,4.820,1.491,-0.751,0.803,17.189,14.000,-0.1531,-0.0250,-0.716,-0.716,0.759,1.987,1.265,-0.424,-0.0003,-0.192,nan,0.00,1,1,1,0,1,1.1647,0.600,1,0.285,1,0.185,2,0,yolo,94.1,yolo,3,3,0,0.000,0,-1,0
1785731619.294,13.204,-2.367,-36.846,0.9727,0,-0.796,1.865,-8.729,0.2925,4.757,1.418,-0.819,0.793,16.596,14.000,0.3689,0.6313,-0.664,-0.365,0.749,1.984,1.308,-0.501,-0.0003,-0.276,nan,0.00,1,1,1,1,1,1.1621,0.600,1,0.292,1,0.159,0,0,yolo,96.8,yolo,3,3,0,0.000,0,-1,0
1785731619.325,13.245,-2.365,-36.200,0.9726,0,-0.755,1.894,-8.630,0.2791,4.757,1.418,-0.819,0.793,16.596,14.000,-0.2456,-0.0136,-0.610,-0.610,0.735,1.982,1.308,-0.471,-0.0002,-0.275,nan,0.00,1,1,1,0,1,1.1588,0.600,1,0.299,1,0.138,0,0,yolo,96.8,yolo,3,3,0,0.000,0,-1,0
1785731619.356,13.285,-2.359,-35.525,0.9724,0,-0.715,1.918,-8.555,0.2782,4.757,1.418,-0.819,0.793,16.596,14.000,-0.1879,-0.0340,-0.552,-0.552,0.715,1.981,1.309,-0.441,-0.0002,-0.275,nan,0.00,1,1,1,0,1,1.1564,0.600,1,0.299,1,0.138,0,0,yolo,96.8,yolo,3,3,0,0.000,0,-1,0
1785731619.387,13.321,-2.350,-34.861,0.9723,0,-0.679,1.846,-7.977,0.2949,4.652,1.327,-0.869,0.775,15.916,14.000,0.5521,0.7419,-0.495,-0.360,0.698,1.980,1.346,-0.504,-0.0002,-0.349,nan,0.00,1,1,1,1,1,1.1533,0.600,1,0.304,1,0.128,0,0,yolo,93.6,yolo,3,3,0,0.000,0,-1,0
1785731619.418,13.356,-2.339,-34.215,0.9721,0,-0.644,1.869,-7.763,0.2812,4.652,1.327,-0.869,0.775,15.916,14.000,-0.0754,-0.0214,-0.436,-0.436,0.676,1.981,1.346,-0.470,-0.0001,-0.349,nan,0.00,1,1,1,0,1,1.1509,0.600,1,0.304,1,0.128,0,0,yolo,93.6,yolo,3,3,0,0.000,0,-1,0
1785731619.449,13.390,-2.318,-33.579,0.9720,0,-0.610,1.885,-7.602,0.2801,4.652,1.327,-0.869,0.775,15.916,14.000,-0.0122,-0.0483,-0.373,-0.373,0.650,1.982,1.345,-0.434,-0.0001,-0.350,nan,0.00,1,1,1,0,1,1.1475,0.571,1,0.395,1,0.106,0,0,yolo,93.6,yolo,3,3,0,0.000,0,-1,0
1785731619.480,13.390,-2.318,-33.579,0.9720,0,-0.610,1.776,-7.068,0.2967,4.551,1.212,-0.921,0.758,14.912,14.000,1.1967,1.2141,-0.373,-0.210,0.650,1.982,1.392,-0.542,-0.0000,-0.431,nan,0.00,1,1,1,1,1,1.1449,0.571,1,0.395,1,0.106,0,0,yolo,98.8,yolo,3,3,0,0.000,0,-1,0
1785731619.511,13.422,-2.294,-32.945,0.9719,0,-0.578,1.786,-6.917,0.2839,4.551,1.212,-0.921,0.758,14.912,14.000,-0.0980,-0.0237,-0.308,-0.308,0.626,1.984,1.392,-0.508,-0.0000,-0.432,nan,0.00,1,1,1,0,1,1.1412,0.571,1,0.404,1,0.044,0,0,yolo,98.8,yolo,3,3,0,0.000,0,-1,0
1785731619.543,13.458,-2.268,-32.242,0.9718,0,-0.542,1.801,-6.803,0.2828,4.551,1.212,-0.921,0.758,14.912,14.000,-0.0253,-0.0489,-0.236,-0.236,0.601,1.988,1.391,-0.466,0.0000,-0.433,nan,0.00,1,1,1,0,1,1.1385,0.571,1,0.404,1,0.044,0,0,yolo,98.8,yolo,3,3,0,0.000,0,-1,0
1785731619.574,13.490,-2.230,-31.620,0.9717,0,-0.510,1.697,-6.320,0.2995,4.434,1.082,-0.957,0.739,13.718,14.000,0.6932,0.5412,-0.162,-0.110,0.574,1.992,1.436,-0.533,0.0001,-0.505,nan,0.00,1,1,1,1,1,1.1346,0.571,1,0.407,1,0.031,0,0,yolo,93.9,yolo,3,3,0,0.000,0,-1,0
1785731619.606,13.490,-2.230,-31.620,0.9717,0,-0.510,1.674,-6.270,0.2874,4.434,1.082,-0.957,0.739,13.718,14.000,-0.0514,0.0000,-0.162,-0.162,0.574,1.992,1.436,-0.556,0.0001,-0.505,nan,0.00,1,1,1,0,1,1.1316,0.571,1,0.407,1,0.031,0,0,yolo,93.9,yolo,3,3,0,0.000,0,-1,0
1785731619.638,13.520,-2.197,-31.025,0.9716,0,-0.480,1.694,-6.233,0.2861,4.434,1.082,-0.957,0.739,13.718,14.000,0.0235,-0.0313,-0.087,-0.087,0.543,1.997,1.435,-0.503,0.0002,-0.507,nan,0.00,1,1,1,0,1,1.1279,0.571,1,0.417,1,0.010,0,0,yolo,93.9,yolo,3,3,0,0.000,0,-1,0
1785731619.670,13.550,-2.164,-30.461,0.9715,0,-0.450,1.609,-5.720,0.3028,4.307,0.945,-0.981,0.718,12.370,14.000,1.5199,0.9329,-0.013,0.130,0.505,2.003,1.475,-0.555,0.0002,-0.569,nan,0.00,1,1,1,1,1,1.1252,0.571,1,0.417,1,0.010,0,0,yolo,96.2,yolo,3,3,0,0.000,0,-1,0
1785731619.701,13.575,-2.131,-29.963,0.9714,0,-0.425,1.617,-5.687,0.2876,4.307,0.945,-0.981,0.718,12.370,14.000,-0.0741,-0.0463,0.056,0.056,0.459,2.008,1.474,-0.514,0.0003,-0.571,nan,0.00,1,1,1,0,1,1.1220,0.571,1,0.424,1,0.002,0,0,yolo,96.2,yolo,3,3,0,0.000,0,-1,0
1785731619.734,13.599,-2.093,-29.453,0.9713,0,-0.401,1.627,-5.663,0.2852,4.307,0.945,-0.981,0.718,12.370,14.000,-0.0001,-0.1010,0.130,0.130,0.404,2.015,1.473,-0.467,0.0004,-0.574,nan,0.00,1,1,1,0,1,1.1180,0.571,1,0.427,1,0.009,0,0,yolo,96.2,yolo,3,3,0,0.000,0,-1,0
1785731619.768,13.621,-2.054,-28.941,0.9712,0,-0.379,1.592,-5.350,0.2829,4.189,0.894,-0.942,0.698,12.048,14.000,0.1762,-0.1409,0.205,0.266,0.358,2.023,1.489,-0.462,0.0004,-0.555,nan,0.00,1,1,1,1,1,1.1129,0.571,1,0.427,1,0.008,0,0,yolo,95.9,yolo,3,3,0,0.000,0,-1,0
1785731619.798,13.621,-2.054,-28.941,0.9712,0,-0.379,1.531,-5.446,0.2894,4.189,0.894,-0.942,0.698,12.048,14.000,-0.0610,0.0000,0.205,0.205,0.358,2.023,1.489,-0.523,0.0005,-0.555,nan,0.00,1,1,1,0,1,1.1062,0.562,1,0.484,1,0.002,0,0,yolo,95.9,yolo,3,3,0,0.000,0,-1,0
1785731619.830,13.642,-2.014,-28.443,0.9712,0,-0.358,1.555,-5.518,0.2877,4.189,0.894,-0.942,0.698,12.048,14.000,0.0149,-0.0402,0.281,0.281,0.318,2.030,1.488,-0.459,0.0005,-0.557,nan,0.00,1,1,1,0,1,1.1004,0.562,1,0.486,1,-0.003,0,0,yolo,95.9,yolo,3,3,0,0.000,0,-1,0
1785731619.862,13.660,-1.979,-27.970,0.9711,0,1.142,1.490,-4.018,0.3044,4.038,0.741,-0.967,0.673,10.399,4.470,1.7441,1.0089,0.353,0.510,0.284,2.038,1.520,-0.488,0.0006,-0.625,nan,0.00,1,1,1,1,1,1.0960,0.562,1,0.486,1,-0.003,0,0,yolo,93.9,yolo,3,3,0,0.000,0,-1,0
1785731619.893,13.540,-1.930,-27.585,0.9717,0,1.729,1.484,-3.528,0.2903,4.038,0.741,-0.967,0.673,10.399,11.811,-0.0841,-0.0332,0.426,0.426,0.251,2.046,1.517,-0.445,0.0007,-0.630,nan,0.00,1,1,1,0,1,1.0928,0.562,1,0.489,1,-0.009,0,0,yolo,93.9,yolo,3,3,0,0.000,0,-1,0
1785731619.924,13.381,-1.862,-27.305,0.9723,0,2.826,1.445,-3.409,0.2888,4.038,0.741,-0.967,0.673,10.399,10.556,-0.0124,-0.0680,0.498,0.498,0.216,2.053,1.513,-0.416,0.0007,-0.637,nan,0.00,1,1,1,0,1,1.0884,0.562,1,0.479,1,-0.017,0,0,yolo,93.9,yolo,3,3,0,0.000,0,-1,0
1785731619.955,13.144,-1.792,-27.032,0.9733,0,4.326,1.344,-1.909,0.3054,3.906,0.608,-0.976,0.651,8.851,1.699,1.0547,0.5258,0.569,0.655,0.177,2.059,1.534,-0.448,0.0008,-0.690,nan,0.00,1,1,1,1,1,1.0844,0.562,1,0.484,1,-0.022,0,0,yolo,100.6,yolo,3,3,0,0.000,0,-1,0
1785731619.986,13.144,-1.792,-27.032,0.9733,0,5.826,1.273,-1.218,0.2934,3.906,0.608,-0.976,0.651,8.851,6.635,-0.0857,0.0000,0.569,0.569,0.177,2.059,1.534,-0.519,0.0009,-0.690,nan,0.00,1,1,1,0,1,1.0808,0.562,1,0.493,1,-0.026,0,0,yolo,100.6,yolo,3,3,0,0.000,0,-1,0
1785731620.023,12.715,-1.709,-26.811,0.9750,0,7.326,1.243,-0.988,0.2908,3.906,0.608,-0.976,0.651,8.851,5.285,-0.0087,-0.0532,0.646,0.646,0.124,2.066,1.527,-0.466,0.0009,-0.702,nan,0.00,1,1,1,0,1,1.0807,0.562,1,0.485,1,-0.025,0,0,yolo,100.6,yolo,3,3,0,0.000,0,-1,0
1785731620.051,12.118,-1.600,-26.697,0.9773,0,6.559,1.236,0.039,0.3075,3.867,0.609,-1.011,0.645,8.956,5.559,-0.0527,0.3776,0.728,0.639,0.068,2.071,1.490,-0.364,0.0010,-0.752,nan,0.00,1,1,1,1,1,1.0834,0.562,1,0.494,1,-0.013,0,0,yolo,97.6,yolo,3,3,0,0.000,0,-1,0
1785731620.081,11.556,-1.497,-26.615,0.9794,0,8.059,1.152,0.751,0.2917,3.867,0.609,-1.011,0.645,8.956,2.586,0.1600,-0.0530,0.799,0.799,0.015,2.075,1.482,-0.345,0.0011,-0.767,nan,0.00,1,1,1,0,1,1.1028,0.625,1,0.494,2,-0.013,0,0,yolo,97.6,yolo,3,3,0,0.000,0,-1,0
1785731620.111,10.814,-1.379,-26.660,0.9820,0,9.479,1.030,1.285,0.2887,3.867,0.609,-1.011,0.645,8.956,1.334,0.2314,-0.1155,0.871,0.871,-0.047,2.076,1.471,-0.349,0.0012,-0.785,nan,0.00,1,1,1,0,1,1.1174,0.625,1,0.494,2,-0.013,0,0,yolo,97.6,yolo,3,3,0,0.000,0,-1,0
1785731620.141,10.814,-1.379,-26.660,0.9820,0,10.051,0.984,2.615,0.3015,3.761,0.558,-1.009,0.627,8.432,0.763,0.5159,0.1553,0.871,0.763,-0.047,2.076,1.473,-0.394,0.0012,-0.796,nan,0.00,1,1,1,1,1,1.1455,0.643,1,0.430,2,-0.000,0,0,yolo,88.4,yolo,3,3,0,0.000,0,-1,0
1785731620.174,9.914,-1.261,-26.756,0.9848,0,10.633,0.868,2.984,0.2917,3.761,0.558,-1.009,0.627,8.432,-0.719,0.1775,-0.0564,0.941,0.941,-0.103,2.076,1.461,-0.393,0.0013,-0.815,nan,0.00,1,1,1,0,1,1.1365,0.571,1,0.436,1,0.014,0,0,yolo,88.4,yolo,3,3,0,0.000,0,-1,0
1785731620.210,8.886,-1.141,-26.979,0.9878,0,10.823,0.720,3.261,0.2890,3.761,0.558,-1.009,0.627,8.432,-1.937,0.2473,-0.1116,1.010,1.010,-0.159,2.074,1.449,-0.421,0.0014,-0.836,nan,0.00,1,1,1,0,1,1.1297,0.571,1,0.436,1,0.014,1,0,yolo,88.4,yolo,3,3,0,0.000,0,-1,0
1785731620.244,7.825,-1.021,-27.288,0.9905,0,9.323,0.522,4.382,0.2983,3.651,0.501,-0.992,0.609,7.818,-1.264,0.2931,0.1009,1.077,0.862,-0.210,2.068,1.448,-0.499,0.0015,-0.849,nan,0.00,1,1,1,1,1,1.1313,0.571,1,0.432,1,0.101,0,0,yolo,97.4,yolo,3,3,0,0.000,0,-1,0
1785731620.270,6.946,-0.923,-27.648,0.9925,0,10.823,0.364,4.513,0.2916,3.651,0.501,-0.992,0.609,7.818,-5.149,0.2753,-0.0472,1.137,1.137,-0.257,2.061,1.439,-0.559,0.0016,-0.865,nan,0.00,1,1,1,0,1,1.1333,0.571,1,0.432,1,0.101,0,0,yolo,97.4,yolo,3,3,0,0.000,0,-1,0
1785731620.301,6.946,-0.923,-27.648,0.9925,0,12.095,0.398,4.610,0.2917,3.651,0.501,-0.992,0.609,7.818,-5.149,0.2753,-0.0472,1.137,1.137,-0.257,2.061,1.439,-0.525,0.0017,-0.865,nan,0.00,1,1,1,0,1,1.1381,0.583,1,0.376,1,0.140,0,0,yolo,97.4,yolo,3,3,0,0.000,0,-1,0
1785731620.330,5.955,-0.845,-28.023,0.9945,0,10.595,0.201,5.628,0.2847,3.535,0.453,-0.957,0.589,7.297,-4.304,0.4828,-0.1828,1.189,0.956,-0.303,2.052,1.450,-0.644,0.0017,-0.853,nan,0.00,1,1,1,1,1,1.1601,0.500,1,0.263,0,0.179,0,0,yolo,93.0,yolo,3,3,0,0.000,0,-1,0
1785731620.364,4.999,-0.784,-28.461,0.9961,0,12.095,0.064,5.699,0.2909,3.535,0.453,-0.957,0.589,7.297,-7.723,0.2811,-0.0456,1.237,1.237,-0.349,2.042,1.442,-0.720,0.0018,-0.866,nan,0.00,1,1,1,0,1,1.1614,0.600,1,0.257,1,0.220,0,0,yolo,93.0,yolo,3,3,0,0.000,0,-1,0
1785731620.394,3.828,-0.736,-28.969,0.9977,0,12.331,-0.066,5.753,0.2887,3.535,0.453,-0.957,0.589,7.297,-8.502,0.3265,-0.0946,1.282,1.282,-0.398,2.029,1.434,-0.802,0.0019,-0.879,nan,0.00,1,1,1,0,1,1.1623,0.600,1,0.257,1,0.220,0,0,yolo,93.0,yolo,3,3,0,0.000,0,-1,0
1785731620.433,2.692,-0.712,-29.447,0.9988,0,10.831,-0.250,6.961,0.2720,3.378,0.401,-0.891,0.563,6.776,-5.889,0.3073,-0.5038,1.318,1.020,-0.446,2.016,1.466,-0.962,0.0020,-0.829,nan,0.00,1,1,1,1,1,1.1630,0.600,1,0.257,1,0.220,2,0,yolo,97.9,yolo,3,3,0,0.000,0,-1,0
1785731620.471,1.684,-0.713,-30.023,0.9995,0,12.323,-0.336,7.025,0.2887,3.378,0.401,-0.891,0.563,6.776,-10.638,0.3299,-0.0336,1.350,1.350,-0.480,2.001,1.461,-1.050,0.0021,-0.836,nan,0.00,1,1,1,0,1,0.0000,0.567,0,0.192,1,0.192,0,0,yolo,97.9,yolo,3,3,0,0.000,0,-1,0
1785731620.502,0.451,-0.732,-30.670,0.9999,0,11.556,-0.412,7.073,0.2887,3.378,0.401,-0.891,0.563,6.776,-11.105,0.3575,-0.0641,1.378,1.378,-0.510,1.984,1.456,-1.143,0.0022,-0.844,nan,0.00,1,1,1,0,1,0.0000,0.506,0,0.131,2,0.456,0,0,yolo,97.9,yolo,3,3,0,0.000,0,-1,0
1785731620.534,-0.630,-0.767,-31.268,0.9999,0,10.056,-0.522,7.966,0.2720,3.247,0.360,-0.835,0.541,6.332,-7.009,0.2515,-0.4895,1.395,1.043,-0.543,1.969,1.487,-1.289,0.0022,-0.795,nan,0.00,1,1,1,1,1,0.0000,0.492,0,0.117,2,0.523,0,0,yolo,94.0,yolo,3,3,0,0.000,0,-1,0
1785731620.564,-0.630,-0.767,-31.268,0.9999,0,11.556,-0.374,7.937,0.2887,3.247,0.360,-0.835,0.541,6.332,-12.247,0.3514,0.0000,1.395,1.395,-0.543,1.969,1.487,-1.141,0.0023,-0.795,nan,0.00,1,1,1,0,1,0.0000,0.492,0,0.117,2,0.523,0,0,yolo,94.0,yolo,3,3,0,0.000,0,-1,0
1785731620.599,-1.540,-0.826,-31.907,0.9995,0,10.896,-0.427,7.915,0.2895,3.247,0.360,-0.835,0.541,6.332,-12.436,0.3627,-0.0210,1.406,1.406,-0.564,1.952,1.486,-1.253,0.0024,-0.798,nan,0.00,1,1,1,0,1,0.0000,0.334,0,0.043,2,0.667,0,0,yolo,94.0,yolo,3,3,0,0.000,0,-1,0
1785731620.631,-2.545,-0.886,-32.574,0.9989,0,9.396,-0.535,8.515,0.2729,3.114,0.313,-0.779,0.519,5.747,-8.324,0.3178,-0.5320,1.413,1.048,-0.583,1.936,1.515,-1.421,0.0025,-0.744,nan,0.00,1,1,1,1,1,0.0000,0.334,0,0.043,2,0.667,1,0,yolo,92.8,yolo,3,3,0,0.000,0,-1,0
1785731620.659,-3.350,-0.962,-33.219,0.9982,0,10.241,-0.526,8.219,0.2885,3.114,0.313,-0.779,0.519,5.747,-13.591,0.3658,-0.0214,1.413,1.413,-0.604,1.920,1.515,-1.488,0.0026,-0.744,nan,0.00,1,1,1,0,1,0.0000,0.477,0,0.102,2,0.756,0,0,yolo,92.8,yolo,3,3,0,0.000,0,-1,0
1785731620.690,-4.155,-1.042,-33.813,0.9972,0,9.384,-0.482,7.998,0.2879,3.114,0.313,-0.779,0.519,5.747,-13.539,0.3627,-0.0402,1.410,1.410,-0.623,1.906,1.516,-1.524,0.0026,-0.743,nan,0.00,1,1,1,0,1,0.0000,0.501,0,0.126,2,0.840,0,0,yolo,92.8,yolo,3,3,0,0.000,0,-1,0
1785731620.722,-4.932,-1.125,-34.397,0.9961,0,7.884,-0.491,8.599,0.2713,2.949,0.264,-0.705,0.491,5.124,-10.199,0.4809,-1.1395,1.401,1.074,-0.641,1.893,1.544,-1.616,0.0027,-0.667,nan,0.00,1,1,1,1,1,0.0000,0.501,0,0.126,2,0.840,0,0,yolo,96.8,yolo,3,3,0,0.000,0,-1,0
1785731620.752,-5.580,-1.221,-35.013,0.9950,0,8.420,-0.425,8.231,0.2873,2.949,0.264,-0.705,0.491,5.124,-14.000,0.3143,-0.0190,1.388,1.388,-0.661,1.880,1.545,-1.646,0.0028,-0.665,nan,0.00,1,1,1,0,1,0.0000,0.493,0,0.118,2,0.827,0,0,yolo,96.8,yolo,3,3,0,0.000,0,-1,0
1785731620.787,-6.272,-1.320,-35.633,0.9938,0,7.641,-0.348,7.955,0.2868,2.949,0.264,-0.705,0.491,5.124,-13.912,0.2981,-0.0366,1.372,1.372,-0.678,1.868,1.547,-1.669,0.0028,-0.662,nan,0.00,1,1,1,0,1,0.0000,0.396,0,0.120,1,0.834,0,0,yolo,96.8,yolo,3,3,0,0.000,0,-1,0
1785731620.815,-6.912,-1.415,-36.222,0.9924,0,6.141,-0.317,8.628,0.2702,2.766,0.206,-0.626,0.461,4.251,-12.000,0.6322,-1.2670,1.350,1.085,-0.701,1.857,1.572,-1.732,0.0029,-0.577,nan,0.00,1,1,1,1,1,0.0000,0.396,0,0.120,1,0.834,0,0,yolo,101.9,yolo,3,3,0,0.000,0,-1,0
1785731620.845,-7.392,-1.512,-36.799,0.9913,0,6.608,-0.220,8.243,0.2860,2.766,0.206,-0.626,0.461,4.251,-14.000,0.2417,-0.0150,1.327,1.327,-0.716,1.848,1.574,-1.732,0.0029,-0.574,nan,0.00,1,1,1,0,1,0.0000,0.299,0,0.124,0,0.838,0,0,yolo,101.9,yolo,3,3,0,0.000,0,-1,0
1785731620.881,-7.392,-1.512,-36.799,0.9913,0,6.608,-0.095,7.955,0.2860,2.766,0.206,-0.626,0.461,4.251,-14.000,0.2417,-0.0150,1.327,1.327,-0.716,1.848,1.574,-1.607,0.0030,-0.574,nan,0.00,1,1,1,0,1,0.0000,0.299,0,0.124,0,0.838,2,0,yolo,101.9,yolo,3,3,0,0.000,0,-1,0
1785731620.908,-7.925,-1.613,-37.414,0.9901,0,5.108,1.403,6.455,0.2694,nan,nan,nan,0.000,0.000,-10.000,0.0000,-0.7297,1.300,1.300,-0.730,1.838,1.000,-0.210,0.0030,-0.557,nan,0.00,0,0,0,0,1,0.0000,0.201,0,0.128,1,0.837,0,0,,,FLYING,3,3,0,0.000,0,-1,0
1785731620.939,-8.486,-1.707,-38.014,0.9886,0,3.608,0.983,4.955,0.2527,4.000,-0.052,0.000,0.233,-0.749,-6.709,-0.0000,-0.7500,1.269,1.269,-0.750,1.830,1.200,-0.724,0.0030,-0.540,nan,0.00,0,1,0,1,1,0.0000,0.202,0,0.129,1,0.846,0,1,blueline,,BLUELINE,3,3,0,0.000,0,-1,0
1785731620.970,-8.909,-1.676,-38.528,0.9875,0,2.108,0.985,3.455,0.2516,4.000,-0.052,0.000,0.233,-0.749,-6.486,-0.0372,-0.7619,1.232,1.232,-0.762,1.826,1.200,-0.691,0.0030,-0.524,nan,0.00,0,1,0,0,1,0.0000,0.403,0,0.129,1,0.846,0,0,blueline,,BLUELINE,3,3,0,0.000,0,-1,0
1785731621.006,-9.099,-1.635,-38.837,0.9870,0,0.608,1.522,1.955,0.2516,nan,nan,nan,0.000,0.000,-9.487,0.0000,-0.7524,1.186,1.186,-0.752,1.826,1.000,-0.114,0.0030,-0.508,nan,0.00,0,0,0,0,1,0.0000,0.410,0,0.137,1,0.844,0,0,,,FLYING,3,3,0,0.000,0,-1,0
1785731621.055,-9.350,-1.515,-39.193,0.9864,0,-0.653,1.519,0.455,0.2541,nan,nan,nan,0.000,0.000,-8.697,0.0000,-0.6919,1.087,1.087,-0.692,1.831,1.000,0.004,0.0030,-0.493,nan,0.00,0,0,0,0,1,0.0000,0.410,0,0.137,1,0.844,2,0,,,FLYING,3,3,0,0.000,0,-1,0
1785731621.079,-9.350,-1.515,-39.193,0.9864,0,-0.653,1.541,0.000,0.2537,nan,nan,nan,0.000,0.000,-8.697,0.0000,-0.6919,1.087,1.087,-0.692,1.831,1.000,0.026,0.0030,-0.478,nan,0.00,0,0,0,0,1,0.0000,0.499,0,0.124,2,0.790,0,0,,,FLYING,3,3,0,0.000,0,-1,0
1785731621.110,-9.284,-1.285,-39.281,0.9867,0,0.068,0.943,1.500,0.2582,4.000,-0.564,0.000,0.233,-8.030,-9.353,-0.0000,-0.5821,0.975,0.975,-0.582,1.840,1.200,-0.342,0.0030,-0.464,nan,0.00,0,1,0,1,1,0.0000,0.495,0,0.120,2,0.794,0,0,blueline,,BLUELINE,3,3,0,0.000,0,-1,0
1785731621.148,-9.303,-1.215,-39.322,0.9866,0,-1.432,1.395,0.000,0.2597,nan,nan,nan,0.000,0.000,-7.391,0.0000,-0.5384,0.924,0.924,-0.538,1.843,1.000,0.180,0.0030,-0.450,nan,0.00,0,0,0,0,1,0.0000,0.495,0,0.120,2,0.794,1,0,,,FLYING,3,3,0,0.000,0,-1,0
1785731621.178,-9.218,-1.121,-39.409,0.9869,0,-2.267,1.308,0.000,0.2609,nan,nan,nan,0.000,0.000,-6.951,0.0000,-0.5025,0.869,0.869,-0.503,1.845,1.000,0.187,0.0030,-0.436,nan,0.00,0,0,0,0,1,0.0000,0.393,0,0.116,1,0.809,0,0,,,FLYING,3,3,0,0.000,0,-1,0
1785731621.205,-9.218,-1.121,-39.409,0.9869,0,-2.267,1.285,0.000,0.2605,nan,nan,nan,0.000,0.000,-6.951,0.0000,-0.5025,0.869,0.869,-0.503,1.845,1.000,0.164,0.0030,-0.423,nan,0.00,0,0,0,0,1,0.0000,0.393,0,0.116,1,0.809,0,0,,,FLYING,3,3,0,0.000,0,-1,0
1785731621.243,-8.898,-0.920,-39.422,0.9878,0,-2.781,1.130,0.000,0.2619,nan,nan,nan,0.000,0.000,-6.117,0.0000,-0.4585,0.765,0.765,-0.458,1.849,1.000,0.210,0.0030,-0.410,nan,0.00,0,0,0,0,1,0.0000,0.171,0,0.054,0,0.834,0,0,,,FLYING,3,3,0,0.000,0,-1,0
1785731621.270,-8.898,-0.920,-39.422,0.9878,0,-2.781,1.104,0.000,0.2615,nan,nan,nan,0.000,0.000,-6.117,0.0000,-0.4585,0.765,0.765,-0.458,1.849,1.000,0.184,0.0030,-0.398,nan,0.00,0,0,0,0,1,0.0000,0.171,0,0.054,0,0.834,0,0,,,FLYING,3,3,0,0.000,0,-1,0
1785731621.300,-8.711,-0.813,-39.420,0.9884,0,-1.281,0.502,1.500,0.2618,4.000,-0.774,0.000,0.233,-10.953,-9.731,-0.0000,-0.4407,0.708,0.708,-0.441,1.851,1.200,-0.311,0.0030,-0.386,nan,0.00,0,1,0,1,1,0.0000,0.298,0,0.122,0,0.866,0,0,blueline,,BLUELINE,3,3,0,0.000,0,-1,0
1785731621.332,-8.584,-0.767,-39.485,0.9887,0,0.219,0.439,3.000,0.2620,4.000,-0.774,0.000,0.233,-10.953,-9.433,-0.0515,-0.4269,0.656,0.656,-0.427,1.851,1.200,-0.328,0.0030,-0.375,nan,0.00,0,1,0,0,1,0.0000,0.298,0,0.122,0,0.866,0,0,blueline,,BLUELINE,3,3,0,0.000,0,-1,0
1785731621.362,-8.614,-0.766,-39.697,0.9886,0,-1.281,0.402,4.500,0.2623,4.000,-0.630,0.000,0.233,-8.954,-5.721,-2.0935,-0.4141,0.611,0.611,-0.414,1.850,1.200,-0.363,0.0030,-0.363,nan,0.00,0,1,0,1,1,0.0000,0.497,0,0.122,2,0.870,0,0,blueline,,BLUELINE,3,3,0,0.000,0,-1,0
1785731621.395,-8.505,-0.782,-40.084,0.9889,0,-0.600,0.372,6.000,0.2624,4.000,-0.630,0.000,0.233,-8.954,-7.905,-0.0438,-0.4011,0.567,0.567,-0.401,1.846,1.200,-0.410,0.0030,-0.352,nan,0.00,0,1,0,0,1,0.0000,0.497,0,0.122,2,0.870,0,0,blueline,,BLUELINE,3,3,0,0.000,0,-1,0
1785731621.425,-8.441,-0.819,-40.564,0.9891,0,0.900,0.367,7.500,0.2626,4.000,-0.730,0.000,0.233,-10.338,-11.941,2.8993,-0.3893,0.529,0.529,-0.389,1.843,1.200,-0.451,0.0030,-0.342,nan,0.00,0,1,0,1,1,0.0000,0.297,0,0.119,0,0.872,0,0,blueline,,BLUELINE,3,3,0,0.000,0,-1,0
1785731621.456,-8.524,-0.877,-41.195,0.9888,0,1.920,0.385,9.000,0.2629,4.000,-0.779,0.000,0.233,-11.022,-10.445,1.4309,-0.3774,0.493,0.493,-0.377,1.838,1.200,-0.492,0.0030,-0.332,nan,0.00,0,1,0,1,1,0.0000,0.391,0,0.114,1,0.863,0,0,blueline,,BLUELINE,3,3,0,0.000,0,-1,0
1785731621.488,-8.524,-0.877,-41.195,0.9888,0,0.420,0.411,10.500,0.2626,4.000,-0.779,0.000,0.233,-11.022,-8.775,0.0000,-0.3774,0.493,0.493,-0.377,1.838,1.200,-0.466,0.0030,-0.322,nan,0.00,0,1,0,0,1,0.0000,0.391,0,0.114,1,0.863,0,0,blueline,,BLUELINE,3,3,0,0.000,0,-1,0
1785731621.518,-8.697,-0.958,-41.983,0.9884,0,-0.436,0.448,10.821,0.2630,4.000,-0.765,0.000,0.233,-10.821,-8.261,-0.2097,-0.3656,0.460,0.460,-0.366,1.834,1.200,-0.510,0.0030,-0.312,nan,0.00,0,1,0,1,1,0.0000,0.259,0,0.057,1,0.877,0,0,blueline,,BLUELINE,3,3,0,0.000,0,-1,0
1785731621.548,-8.644,-1.047,-42.864,0.9885,0,-1.936,1.006,9.321,0.2631,nan,nan,nan,0.000,0.000,-3.458,0.0000,-0.3550,0.432,0.432,-0.355,1.829,1.000,-0.042,0.0030,-0.303,nan,0.00,0,0,0,0,1,0.0000,0.259,0,0.057,1,0.896,0,0,,,FLYING,3,3,0,0.000,0,-1,0
1785731621.581,-8.472,-1.083,-43.622,0.9889,0,-3.436,1.037,7.821,0.2632,nan,nan,nan,0.000,0.000,-3.249,0.0000,-0.3460,0.406,0.406,-0.346,1.826,1.000,-0.046,0.0030,-0.294,nan,0.00,0,0,0,0,1,0.0000,0.259,0,0.057,1,0.896,0,0,,,FLYING,3,3,0,0.000,0,-1,0
1785731621.612,-8.180,-1.081,-44.227,0.9897,0,-1.936,0.554,9.321,0.2631,4.000,-0.792,0.000,0.233,-11.194,-8.314,-0.0000,-0.3371,0.374,0.374,-0.337,1.825,1.200,-0.528,0.0030,-0.285,nan,0.00,0,1,0,1,1,0.0000,0.268,0,0.072,1,0.893,0,0,blueline,,BLUELINE,3,3,0,0.000,0,-1,0
1785731621.643,-8.006,-1.118,-44.823,0.9901,0,-0.436,0.605,10.821,0.2631,4.000,-0.802,0.000,0.233,-11.336,-8.436,0.1487,-0.3290,0.346,0.346,-0.329,1.824,1.200,-0.513,0.0030,-0.276,nan,0.00,0,1,0,1,1,0.0000,0.274,0,0.081,1,0.904,0,0,blueline,,BLUELINE,3,3,0,0.000,0,-1,0
1785731621.674,-7.962,-1.183,-45.603,0.9901,0,0.177,0.672,11.336,0.2632,4.000,-0.802,0.000,0.233,-11.336,-8.140,-0.0209,-0.3213,0.325,0.325,-0.321,1.823,1.200,-0.510,0.0030,-0.268,nan,0.00,0,1,0,0,1,0.0000,0.274,0,0.081,1,0.904,0,0,blueline,,BLUELINE,3,3,0,0.000,0,-1,0
1785731621.705,-7.960,-1.249,-46.468,0.9901,0,-0.936,0.741,10.985,0.2633,4.000,-0.776,0.000,0.233,-10.985,-7.024,-0.7364,-0.3137,0.308,0.308,-0.314,1.821,1.200,-0.508,0.0030,-0.260,nan,0.00,0,1,0,1,1,0.0000,0.278,0,0.089,1,0.905,0,0,blueline,,BLUELINE,3,3,0,0.000,0,-1,0
1785731621.736,-7.872,-1.304,-47.315,0.9903,0,-2.199,0.809,10.282,0.2633,4.000,-0.726,0.000,0.233,-10.282,-5.673,-1.4716,-0.3061,0.289,0.289,-0.306,1.821,1.200,-0.495,0.0030,-0.252,nan,0.00,0,1,0,1,1,0.0000,0.188,0,0.096,0,0.914,0,0,blueline,,BLUELINE,3,3,0,0.000,0,-1,0
1785731621.772,-7.686,-1.340,-48.043,0.9907,0,-3.699,1.367,8.782,0.2633,nan,nan,nan,0.000,0.000,-2.152,0.0000,-0.2990,0.269,0.269,-0.299,1.821,1.000,0.027,0.0030,-0.245,nan,0.00,0,0,0,0,1,0.0000,0.188,0,0.096,0,0.914,2,0,,,FLYING,3,3,0,0.000,0,-1,0
1785731621.798,-7.367,-1.317,-48.718,0.9915,0,-5.199,1.373,7.282,0.2632,nan,nan,nan,0.000,0.000,-1.959,0.0000,-0.2917,0.245,0.245,-0.292,1.823,1.000,0.056,0.0030,-0.237,nan,0.00,0,0,0,0,1,0.0000,0.187,0,0.093,0,0.919,0,0,,,FLYING,3,3,0,0.000,0,-1,0
1785731621.828,-7.367,-1.317,-48.718,0.9915,0,-3.699,0.874,8.136,0.2630,4.000,-0.572,0.000,0.233,-8.136,-5.943,-0.0000,-0.2917,0.245,0.245,-0.292,1.823,1.200,-0.443,0.0030,-0.230,nan,0.00,0,1,0,1,1,0.0000,0.190,0,0.099,0,0.922,0,0,blueline,,BLUELINE,3,3,0,0.000,0,-1,0
1785731621.855,-6.946,-1.272,-49.256,0.9924,0,-2.199,0.856,8.136,0.2629,4.000,-0.572,0.000,0.233,-8.136,-5.795,-0.0245,-0.2850,0.220,0.220,-0.285,1.825,1.200,-0.416,0.0030,-0.223,nan,0.00,0,1,0,0,1,0.0000,0.190,0,0.099,0,0.922,0,0,blueline,,BLUELINE,3,3,0,0.000,0,-1,0
1785731621.890,-6.225,-1.218,-50.330,0.9939,0,-3.639,0.853,7.136,0.2629,4.000,-0.501,0.000,0.233,-7.136,-2.586,-2.0951,-0.2716,0.176,0.176,-0.272,1.829,1.200,-0.366,0.0030,-0.216,nan,0.00,0,1,0,1,1,0.0000,0.190,0,0.099,0,0.926,0,0,blueline,,BLUELINE,3,3,0,0.000,0,-1,0
1785731621.925,-6.223,-1.218,-50.339,0.9939,0,-4.813,1.335,5.636,0.2627,nan,nan,nan,0.000,0.000,-1.410,0.0000,-0.2715,0.176,0.176,-0.272,1.829,1.000,0.116,0.0030,-0.210,nan,0.00,0,0,0,0,1,0.0000,0.191,0,0.102,0,0.927,1,0,,,FLYING,3,3,0,0.000,0,-1,0
1785731621.957,-5.941,-1.208,-50.897,0.9944,0,-4.679,1.341,4.136,0.2627,nan,nan,nan,0.000,0.000,-1.261,0.0000,-0.2644,0.158,0.158,-0.264,1.832,1.000,0.133,0.0030,-0.204,nan,0.00,0,0,0,0,0,0.0000,0.000,0,0.000,0,0.000,0,0,,,FLYING,3,3,0,0.000,0,-1,0
1785731621.990,-5.553,-1.151,-51.324,0.9951,0,-4.454,1.302,2.636,0.2626,nan,nan,nan,0.000,0.000,-1.100,0.0000,-0.2575,0.137,0.137,-0.257,1.834,1.000,0.150,0.0030,-0.198,nan,0.00,0,0,0,0,0,0.0000,0.000,0,0.000,0,0.000,0,0,,,FLYING,3,3,0,0.000,0,-1,0
1785731622.022,-5.166,-1.068,-51.628,0.9958,0,-4.251,1.234,1.136,0.2626,nan,nan,nan,0.000,0.000,-0.914,0.0000,-0.2502,0.114,0.114,-0.250,1.837,1.000,0.166,0.0030,-0.192,nan,0.00,0,0,0,0,0,0.0000,0.000,0,0.000,0,0.000,0,0,,,FLYING,3,3,0,0.000,0,-1,0
1785731622.054,-4.860,-0.995,-51.809,0.9963,0,-4.098,1.166,0.000,0.2626,nan,nan,nan,0.000,0.000,-0.763,0.0000,-0.2443,0.095,0.095,-0.244,1.839,1.000,0.171,0.0030,-0.186,nan,0.00,0,0,0,0,0,0.0000,0.000,0,0.000,0,0.000,0,0,,,FLYING,3,3,0,0.000,0,-1,0
1785731622.084,-4.574,-0.920,-51.907,0.9967,0,-3.968,1.092,0.000,0.2625,nan,nan,nan,0.000,0.000,-0.606,0.0000,-0.2387,0.076,0.076,-0.239,1.841,1.000,0.172,0.0030,-0.180,nan,0.00,0,0,0,0,0,0.0000,0.000,0,0.000,0,0.000,0,0,,,FLYING,3,3,0,0.000,0,-1,0
1785731622.128,-4.221,-0.819,-51.906,0.9972,0,-2.468,0.496,1.500,0.2459,24.273,-0.913,0.889,1.000,-2.155,-5.558,-0.0000,-0.0000,0.048,0.048,-0.231,1.842,1.200,-0.324,0.0030,1.301,nan,0.00,1,1,1,1,0,0.0000,0.000,0,0.000,0,0.000,0,1,yolo,91.9,yolo,3,3,0,0.000,0,-1,0
1785731622.162,-3.789,-0.698,-51.882,0.9977,0,-0.968,0.353,2.155,0.2306,24.273,-0.913,0.889,1.000,-2.155,-5.288,-0.0316,0.0089,0.017,0.017,-0.223,1.844,1.207,-0.345,0.0030,1.243,nan,0.00,1,1,1,0,0,0.0000,0.000,0,0.000,0,0.000,0,0,yolo,91.9,yolo,3,3,0,0.000,0,-1,0
1785731622.191,-3.518,-0.642,-52.042,0.9981,0,0.532,0.220,2.155,0.2332,24.273,-0.913,0.889,1.000,-2.155,-5.048,-0.0598,0.0491,-0.011,-0.011,-0.182,1.845,1.235,-0.421,0.0030,1.215,nan,0.00,1,1,1,0,0,0.0000,0.000,0,0.000,0,0.000,0,0,yolo,91.9,yolo,3,3,0,0.000,0,-1,0
1785731622.223,-3.538,-0.634,-52.218,0.9980,0,1.404,0.195,2.155,0.2355,24.273,-0.913,0.889,1.000,-2.155,-4.942,-0.0721,0.0981,-0.024,-0.024,-0.133,1.845,1.238,-0.439,0.0030,1.212,nan,0.00,1,1,1,0,0,0.0000,0.000,0,0.000,0,0.000,0,0,yolo,91.9,yolo,3,3,0,0.000,0,-1,0
1785731622.254,-3.633,-0.626,-52.383,0.9979,0,1.189,0.175,2.155,0.2386,24.273,-0.913,0.889,1.000,-2.155,-4.822,-0.0862,0.1651,-0.038,-0.038,-0.066,1.846,1.240,-0.452,0.0030,1.210,nan,0.00,1,1,1,0,0,0.0000,0.000,0,0.000,0,0.000,0,0,yolo,91.9,yolo,3,3,0,0.000,0,-1,0
1785731622.286,-3.715,-0.619,-52.524,0.9978,0,0.974,0.158,2.155,0.2421,24.273,-0.913,0.889,1.000,-2.155,-4.689,-0.1018,0.2411,-0.053,-0.053,0.010,1.846,1.242,-0.461,0.0030,1.208,nan,0.00,1,1,1,0,0,0.0000,0.000,0,0.000,0,0.000,0,0,yolo,91.9,yolo,3,3,0,0.000,0,-1,0
1785731622.317,-3.731,-0.617,-52.553,0.9978,0,0.929,0.148,2.155,0.2429,24.273,-0.913,0.889,1.000,-2.155,-4.660,-0.1052,0.2571,-0.057,-0.057,0.026,1.846,1.242,-0.469,0.0030,1.208,nan,0.00,1,1,1,0,0,0.0000,0.000,0,0.000,0,0.000,0,0,yolo,91.9,yolo,3,3,0,0.000,0,-1,0
1785731622.346,-3.809,-0.612,-52.761,0.9977,0,0.650,0.142,2.155,0.2471,24.273,-0.913,0.889,1.000,-2.155,-4.459,-0.1287,0.3501,-0.080,-0.080,0.119,1.847,1.243,-0.470,0.0030,1.207,nan,0.00,1,1,1,0,0,0.0000,0.000,0,0.000,0,0.000,0,0,yolo,91.9,yolo,3,3,0,0.000,0,-1,0
1785731622.381,-3.781,0.148,-53.632,0.9978,0,0.049,-1.358,2.155,0.2602,24.273,-0.913,0.889,1.000,-2.155,-3.830,-0.2025,0.4280,-0.154,-0.154,0.197,1.181,1.566,-2.500,0.0029,0.884,nan,0.00,1,1,1,0,0,0.0000,0.000,0,0.000,0,0.000,1,0,yolo,91.9,yolo,3,3,0,0.000,0,-1,0
1785731622.410,-3.825,-0.029,-53.437,0.9978,0,-1.451,-1.971,0.655,0.2541,0.749,0.037,0.013,0.044,2.863,1.156,-0.0000,0.2746,-0.274,-0.274,0.275,0.417,1.200,-2.000,0.0029,0.858,nan,0.00,0,1,0,1,0,0.0000,0.000,0,0.000,0,0.000,0,1,hsv,,hsv,3,3,0,0.000,0,-1,0
1785731622.439,-3.751,-0.331,-53.403,0.9978,0,-2.951,-1.669,-0.845,0.2579,0.749,0.037,0.013,0.044,2.863,1.494,-0.0000,0.3410,-0.387,-0.387,0.341,-0.332,1.200,-2.000,0.0029,0.832,nan,0.00,0,1,0,1,0,0.0000,0.000,0,0.000,0,0.000,0,0,hsv,,hsv,3,3,0,0.000,0,-1,0
1785731622.474,-3.620,-0.492,-53.495,0.9980,0,-4.222,-2.008,-2.345,0.2612,0.749,0.032,0.011,0.044,2.449,0.601,0.0812,0.3999,-0.505,-0.113,0.400,-1.117,1.200,-2.500,0.0029,0.807,nan,0.00,0,1,0,1,0,0.0000,0.000,0,0.000,0,0.000,1,0,hsv,,hsv,3,3,0,0.000,0,-1,0
1785731622.502,-3.170,-0.719,-53.302,0.9984,0,-5.101,-1.781,-2.449,0.2631,0.749,0.032,0.011,0.044,2.449,1.931,-0.4078,0.4271,-0.521,-0.521,0.427,-1.111,1.200,-2.500,0.0029,0.783,nan,0.00,0,1,0,0,0,0.0000,0.000,0,0.000,0,0.000,0,0,hsv,,hsv,3,3,0,0.000,0,-1,0
1785731622.536,-2.998,-0.703,-53.144,0.9986,0,-3.839,-1.797,-2.344,0.2642,0.749,0.031,0.010,0.044,2.344,0.842,0.0205,0.4384,-0.527,-0.190,0.438,-1.111,1.200,-2.500,0.0029,0.759,nan,0.00,0,1,0,1,0,0.0000,0.000,0,0.000,0,0.000,0,0,hsv,,hsv,3,3,0,0.000,0,-1,0
1785731622.563,-2.662,-0.841,-52.942,0.9988,0,-4.605,-1.659,-2.344,0.2653,0.749,0.031,0.010,0.044,2.344,1.943,-0.3430,0.4476,-0.533,-0.533,0.448,-1.111,1.200,-2.500,0.0029,0.737,nan,0.00,0,1,0,0,0,0.0000,0.000,0,0.000,0,0.000,0,0,hsv,,hsv,3,3,0,0.000,0,-1,0
1785731622.595,-2.243,-1.024,-52.745,0.9991,0,-4.200,-1.476,-2.344,0.2660,0.749,0.031,0.010,0.044,2.344,1.957,-0.3478,0.4509,-0.538,-0.538,0.451,-1.109,1.200,-2.500,0.0029,0.715,nan,0.00,0,1,0,0,0,0.0000,0.000,0,0.000,0,0.000,0,0,hsv,,hsv,3,3,0,0.000,0,-1,0
1785731622.630,-1.938,-1.132,-52.595,0.9992,0,-3.011,-1.368,-2.633,0.2666,0.749,0.034,0.011,0.044,2.633,1.073,-0.0566,0.4511,-0.541,-0.250,0.451,-1.108,1.200,-2.500,0.0029,0.693,nan,0.00,0,1,0,1,0,0.0000,0.000,0,0.000,0,0.000,1,0,hsv,,hsv,3,3,0,0.000,0,-1,0
1785731622.657,-1.938,-1.132,-52.595,0.9992,0,-3.919,-1.368,-2.633,0.2673,0.749,0.034,0.011,0.044,2.633,1.982,-0.2906,0.4511,-0.541,-0.541,0.451,-1.108,1.200,-2.500,0.0029,0.672,nan,0.00,0,1,0,0,0,0.0000,0.000,0,0.000,0,0.000,0,0,hsv,,hsv,3,3,0,0.000,0,-1,0
1785731622.691,-1.439,-1.324,-52.202,0.9994,0,-2.663,-1.176,-2.854,0.2675,0.749,0.037,0.012,0.044,2.854,1.224,-0.0866,0.4450,-0.544,-0.290,0.445,-1.103,1.200,-2.500,0.0029,0.652,nan,0.00,0,1,0,1,0,0.0000,0.000,0,0.000,0,0.000,0,0,hsv,,hsv,3,3,0,0.000,0,-1,0
1785731622.719,-1.223,-1.400,-52.016,0.9995,0,-2.573,-1.100,-3.333,0.2679,0.749,0.044,0.014,0.044,3.333,1.350,-0.0940,0.4400,-0.542,-0.315,0.440,-1.101,1.200,-2.500,0.0029,0.633,nan,0.00,0,1,0,1,0,0.0000,0.000,0,0.000,0,0.000,0,0,hsv,,hsv,3,3,0,0.000,0,-1,0
1785731622.741,-1.223,-1.400,-52.016,0.9995,0,-3.263,-1.100,-3.333,0.2684,0.749,0.044,0.014,0.044,3.333,2.040,-0.2273,0.4400,-0.542,-0.542,0.440,-1.101,1.200,-2.500,0.0029,0.614,nan,0.00,0,1,0,0,0,0.0000,0.000,0,0.000,0,0.000,0,0,hsv,,hsv,3,3,0,0.000,0,-1,0
1785731622.768,-1.039,-1.447,-51.803,0.9995,0,-2.579,-1.053,-3.920,0.2687,0.748,0.051,0.016,0.044,3.920,1.541,-0.2295,0.4330,-0.540,-0.349,0.433,-1.100,1.200,-2.500,0.0029,0.595,nan,0.00,0,1,0,1,0,0.0000,0.000,0,0.000,0,0.000,0,0,hsv,,hsv,3,3,0,0.000,0,-1,0
1785731622.801,-0.804,-1.496,-51.467,0.9996,0,-2.450,-1.004,-4.477,0.2687,0.747,0.059,0.018,0.044,4.477,1.646,-0.2183,0.4218,-0.533,-0.367,0.422,-1.099,1.200,-2.500,0.0029,0.577,nan,0.00,0,1,0,1,0,0.0000,0.000,0,0.000,0,0.000,0,0,hsv,,hsv,3,3,0,0.000,0,-1,0
1785731622.831,-0.804,-1.496,-51.467,0.9996,0,-2.540,-1.004,-5.017,0.2692,0.747,0.066,0.020,0.044,5.017,1.736,-0.2109,0.4218,-0.533,-0.380,0.422,-1.099,1.200,-2.500,0.0029,0.560,nan,0.00,0,1,0,1,0,0.0000,0.000,0,0.000,0,0.000,0,0,hsv,,hsv,3,3,0,0.000,0,-1,0
1785731622.862,-0.571,-1.571,-50.981,0.9996,0,-2.421,-0.929,-5.725,0.2689,0.746,0.075,0.024,0.043,5.725,1.850,-0.2765,0.4046,-0.521,-0.390,0.405,-1.100,1.200,-2.500,0.0029,0.543,nan,0.00,0,1,0,1,0,0.0000,0.000,0,0.000,0,0.000,0,0,hsv,,hsv,3,3,0,0.000,0,-1,0
1785731622.890,-0.395,-1.638,-50.673,0.9996,0,-2.554,-0.862,-5.725,0.2689,0.746,0.075,0.024,0.043,5.725,2.159,-0.1219,0.3932,-0.512,-0.512,0.393,-1.101,1.200,-2.500,0.0029,0.527,nan,0.00,0,1,0,0,0,0.0000,0.000,0,0.000,0,0.000,0,0,hsv,,hsv,3,3,0,0.000,0,-1,0
1785731622.925,-0.220,-1.695,-50.257,0.9996,0,-1.054,-0.805,-4.225,0.2688,4.000,-1.400,0.000,0.667,-19.290,-14.000,-0.1092,0.3791,-0.500,-0.500,0.379,-1.102,1.200,-2.500,0.0029,0.511,nan,0.00,1,1,0,0,0,0.0000,0.000,0,0.000,0,0.000,0,1,search,,SEARCH,3,3,0,0.000,0,-1,0
1785731622.955,-0.033,-1.775,-49.779,0.9995,0,0.446,-0.725,-2.725,0.2686,4.000,-1.400,0.000,0.667,-19.290,-14.000,-0.0938,0.3645,-0.484,-0.484,0.365,-1.103,1.200,-2.500,0.0029,0.496,nan,0.00,1,1,0,0,0,0.0000,0.000,0,0.000,0,0.000,0,0,search,,SEARCH,3,3,0,0.000,0,-1,0
1785731622.983,0.073,-1.874,-49.414,0.9995,0,1.946,-0.626,-1.225,0.2684,4.000,-1.400,0.000,0.667,-19.290,-14.000,-0.0805,0.3513,-0.471,-0.471,0.351,-1.101,1.200,-2.500,0.0029,0.481,nan,0.00,1,1,0,0,0,0.0000,0.000,0,0.000,0,0.000,0,0,search,,SEARCH,3,3,0,0.000,0,-1,0
1785731623.017,-0.033,-1.978,-49.257,0.9994,0,3.446,-0.522,0.275,0.2683,4.000,-1.400,0.000,0.667,-19.290,-14.000,-0.0730,0.3387,-0.463,-0.463,0.339,-1.097,1.200,-2.500,0.0029,0.466,nan,0.00,1,1,0,0,0,0.0000,0.000,0,0.000,0,0.000,0,0,search,,SEARCH,3,3,0,0.000,0,-1,0
1785731623.050,-0.125,-2.044,-49.203,0.9994,0,4.856,-0.456,1.775,0.2684,4.000,-1.400,0.000,0.667,-19.290,-14.000,-0.0688,0.3303,-0.459,-0.459,0.330,-1.094,1.200,-2.500,0.0029,0.452,nan,0.00,1,1,0,0,0,0.0000,0.000,0,0.000,0,0.000,1,0,search,,SEARCH,3,3,0,0.000,0,-1,1
1785731623.079,-0.344,-2.114,-49.144,0.9993,0,4.780,-0.386,3.275,0.2684,4.000,-1.400,0.000,0.667,-19.290,-14.000,-0.0653,0.3213,-0.456,-0.456,0.321,-1.089,1.200,-2.500,0.0029,0.439,nan,0.00,1,1,0,0,0,0.0000,0.000,0,0.000,0,0.000,0,0,search,,SEARCH,3,3,0,0.000,0,-1,0
1785731623.107,-0.818,-2.196,-49.380,0.9992,0,4.614,-0.304,4.775,0.2684,4.000,-1.400,0.000,0.667,-19.290,-14.000,-0.0710,0.3127,-0.461,-0.461,0.313,-1.082,1.200,-2.500,0.0029,0.426,nan,0.00,1,1,0,0,0,0.0000,0.000,0,0.000,0,0.000,0,0,search,,SEARCH,3,3,0,0.000,0,-1,0
1785731623.141,-1.090,-2.241,-49.620,0.9991,0,4.519,-0.259,6.275,0.2686,4.000,-1.400,0.000,0.667,-19.290,-14.000,-0.0772,0.3074,-0.467,-0.467,0.307,-1.077,1.200,-2.500,0.0029,0.413,nan,0.00,1,1,0,0,0,0.0000,0.000,0,0.000,0,0.000,0,0,search,,SEARCH,3,3,0,0.000,0,-1,0
1785731623.174,-1.395,-2.294,-49.992,0.9989,0,4.412,-0.206,7.775,0.2688,4.000,-1.400,0.000,0.667,-19.290,-14.000,-0.0868,0.3013,-0.477,-0.477,0.301,-1.072,1.200,-2.500,0.0029,0.401,nan,0.00,1,1,0,0,0,0.0000,0.000,0,0.000,0,0.000,1,0,search,,SEARCH,3,3,0,0.000,0,-1,0
1785731623.202,-1.708,-2.349,-50.468,0.9987,0,4.302,-0.151,9.275,0.2689,4.000,-1.400,0.000,0.667,-19.290,-14.000,-0.1000,0.2953,-0.490,-0.490,0.295,-1.067,1.200,-2.500,0.0029,0.389,nan,0.00,1,1,0,0,0,0.0000,0.000,0,0.000,0,0.000,0,0,search,,SEARCH,3,3,0,0.000,0,-1,0
1785731623.237,-2.005,-2.403,-51.050,0.9985,0,4.198,-0.097,10.775,0.2690,4.000,-1.400,0.000,0.667,-19.290,-14.000,-0.1163,0.2894,-0.507,-0.507,0.289,-1.061,1.200,-2.500,0.0029,0.377,nan,0.00,1,1,0,0,0,0.0000,0.000,0,0.000,0,0.000,0,0,search,,SEARCH,3,3,0,0.000,0,-1,0
1785731623.269,-2.298,-2.437,-51.700,0.9983,0,4.096,-0.063,12.000,0.2692,4.000,-1.400,0.000,0.667,-19.290,-14.000,-0.1343,0.2836,-0.525,-0.525,0.284,-1.056,1.200,-2.500,0.0029,0.366,nan,0.00,1,1,0,0,0,0.0000,0.000,0,0.000,0,0.000,0,0,search,,SEARCH,3,3,0,0.000,0,-1,0
1785731623.295,-2.619,-2.450,-52.380,0.9980,0,2.596,-0.050,10.500,0.2693,4.000,-0.154,0.000,0.233,-2.201,1.440,-0.0000,0.2770,-0.544,-0.544,0.277,-1.052,1.200,-2.500,0.0029,0.355,nan,0.00,0,1,0,1,1,0.0000,0.180,0,0.074,0,0.908,0,1,blueline,,BLUELINE,3,3,0,0.000,0,-1,0
1785731623.328,-2.619,-2.450,-52.380,0.9980,0,1.096,-0.050,9.000,0.2696,4.000,-0.154,0.000,0.233,-2.201,1.440,0.0000,0.2770,-0.544,-0.544,0.277,-1.052,1.200,-2.500,0.0029,0.344,nan,0.00,0,1,0,0,1,0.0000,0.180,0,0.074,0,0.908,0,0,blueline,,BLUELINE,3,3,0,0.000,0,-1,0
1785731623.359,-2.871,-2.427,-53.047,0.9978,0,-0.404,-0.073,7.500,0.2696,4.000,-0.122,0.000,0.233,-1.753,2.893,-0.9385,0.2688,-0.563,-0.563,0.269,-1.047,1.200,-2.500,0.0029,0.334,nan,0.00,0,1,0,1,1,0.0000,0.178,0,0.070,0,0.901,0,0,blueline,,BLUELINE,3,3,0,0.000,0,-1,0
1785731623.396,-2.960,-2.448,-53.615,0.9978,0,-1.904,-0.052,6.000,0.2694,0.732,0.144,0.072,0.043,11.095,2.306,-0.0000,0.2582,-0.579,-0.399,0.258,-1.044,1.200,-2.500,0.0029,0.324,nan,0.00,0,1,0,1,1,0.0000,0.180,0,0.075,0,0.899,1,1,hsv,,hsv,3,3,0,0.000,0,-1,1
1785731623.421,-2.930,-2.477,-54.048,0.9978,0,-3.404,-0.023,4.500,0.2692,0.732,0.144,0.072,0.043,11.095,2.712,-0.1926,0.2465,-0.592,-0.592,0.247,-1.041,1.200,-2.500,0.0029,0.314,nan,0.00,0,1,0,0,1,0.0000,0.179,0,0.074,0,0.898,0,0,hsv,,hsv,3,3,0,0.000,0,-1,0
1785731623.452,-2.680,-2.500,-54.322,0.9980,0,-4.904,0.000,3.000,0.2689,4.000,0.018,0.000,0.233,0.257,3.144,-0.0000,0.2350,-0.599,-0.599,0.235,-1.037,1.200,-2.500,0.0029,0.305,nan,0.00,0,1,0,1,1,0.0000,0.180,0,0.074,0,0.900,0,1,blueline,,BLUELINE,3,3,0,0.000,0,-1,0
1785731623.483,-2.282,-2.511,-54.448,0.9982,0,-6.404,0.011,1.500,0.2686,4.000,0.043,0.000,0.233,0.614,4.237,-0.7482,0.2232,-0.602,-0.602,0.223,-1.033,1.200,-2.500,0.0029,0.295,nan,0.00,0,1,0,1,1,0.0000,0.274,0,0.082,1,0.882,0,0,blueline,,BLUELINE,3,3,0,0.000,0,-1,0
1785731623.514,-1.804,-2.515,-54.467,0.9985,0,-7.503,0.015,0.000,0.2683,4.000,0.097,0.000,0.233,1.390,5.699,-1.6241,0.2131,-0.600,-0.600,0.213,-1.029,1.200,-2.500,0.0029,0.287,nan,0.00,0,1,0,1,1,0.0000,0.278,0,0.089,1,0.881,0,0,blueline,,BLUELINE,3,3,0,0.000,0,-1,0
1785731623.545,-1.318,-2.517,-54.413,0.9988,0,-6.003,0.017,-1.500,0.2682,4.000,0.112,0.000,0.233,1.610,4.449,-0.4611,0.2056,-0.596,-0.596,0.206,-1.024,1.200,-2.500,0.0029,0.278,nan,0.00,0,1,0,1,1,0.0000,0.283,0,0.096,1,0.883,0,0,blueline,,BLUELINE,3,3,0,0.000,0,-1,0
1785731623.576,-0.876,-2.520,-54.287,0.9989,0,-6.564,0.020,-2.209,0.2681,4.000,0.154,0.000,0.233,2.209,5.688,-1.2548,0.1989,-0.590,-0.590,0.199,-1.019,1.200,-2.500,0.0029,0.270,nan,0.00,0,1,0,1,1,0.0000,0.290,0,0.108,1,0.873,0,0,blueline,,BLUELINE,3,3,0,0.000,0,-1,0
1785731623.607,-0.405,-2.528,-54.065,0.9990,0,-5.064,0.028,-2.365,0.2680,4.000,0.165,0.000,0.233,2.365,4.641,-0.3268,0.1922,-0.579,-0.579,0.192,-1.014,1.200,-2.500,0.0029,0.262,nan,0.00,0,1,0,1,1,0.0000,0.292,0,0.112,1,0.869,0,0,blueline,,BLUELINE,3,3,0,0.000,0,-1,0
1785731623.639,-0.021,-2.531,-53.779,0.9990,0,-6.564,0.031,-3.865,0.2680,4.000,0.271,0.000,0.233,3.874,8.747,-3.1607,0.1863,-0.566,-0.566,0.186,-1.009,1.200,-2.500,0.0029,0.254,nan,0.00,0,1,0,1,1,0.0000,0.289,0,0.107,1,0.857,0,0,blueline,,BLUELINE,3,3,0,0.000,0,-1,0
1785731623.670,0.434,-2.535,-53.468,0.9990,0,-5.064,0.035,-3.874,0.2679,4.000,0.271,0.000,0.233,3.874,4.962,0.0161,0.1809,-0.550,-0.550,0.181,-1.003,1.200,-2.500,0.0029,0.246,nan,0.00,0,1,0,0,1,0.0000,0.289,0,0.107,1,0.857,0,0,blueline,,BLUELINE,3,3,0,0.000,0,-1,0
1785731623.705,0.864,-2.583,-53.090,0.9989,0,-3.564,0.083,-2.374,0.2680,nan,nan,nan,0.000,0.000,4.240,0.0000,0.1761,-0.530,-0.530,0.176,-0.998,1.000,-2.500,0.0029,0.239,nan,0.00,0,0,0,0,1,0.0000,0.290,0,0.108,1,0.824,0,0,,,FLYING,3,3,0,0.000,0,-1,0
1785731623.732,1.294,-2.627,-52.645,0.9987,0,-2.756,0.127,-0.874,0.2681,nan,nan,nan,0.000,0.000,4.050,0.0000,0.1723,-0.506,-0.506,0.172,-0.994,1.000,-2.500,0.0029,0.232,nan,0.00,0,0,0,0,1,0.0000,0.290,0,0.108,1,0.824,0,0,,,FLYING,3,3,0,0.000,0,-1,0
1785731623.769,1.294,-2.627,-52.645,0.9987,0,-2.756,0.127,0.000,0.2683,nan,nan,nan,0.000,0.000,4.050,0.0000,0.1723,-0.506,-0.506,0.172,-0.994,1.000,-2.500,0.0029,0.225,nan,0.00,0,0,0,0,1,0.0000,0.282,0,0.095,1,0.800,0,0,,,FLYING,3,3,0,0.000,0,-1,1
1785731623.794,1.030,-3.785,-52.187,0.9977,0,-2.602,1.285,0.000,0.2698,nan,nan,nan,0.000,0.000,3.632,0.0000,0.1955,-0.454,-0.454,0.195,-0.987,1.000,-2.500,0.0029,0.218,nan,0.00,0,0,0,0,1,0.0000,0.282,0,0.095,1,0.800,0,0,,,FLYING,3,3,0,0.000,0,-1,0
1785731623.830,0.833,-4.606,-51.995,0.9967,0,-2.121,2.106,0.000,0.2733,nan,nan,nan,0.000,0.000,2.954,0.0000,0.2623,-0.369,-0.369,0.262,-0.978,1.000,-2.500,0.0029,0.211,nan,0.00,0,0,0,0,1,0.0000,0.400,0,0.125,1,0.783,0,0,,,FLYING,3,3,0,0.000,0,-1,0
1785731623.857,0.833,-4.606,-51.995,0.9967,0,-2.745,2.106,-1.500,0.2735,4.000,0.208,0.000,0.233,2.981,3.577,-0.0000,0.2623,-0.369,-0.369,0.262,-0.978,1.200,-2.500,0.0029,0.205,nan,0.00,0,1,0,1,1,0.0000,0.401,0,0.126,1,0.792,0,0,blueline,,BLUELINE,3,3,0,0.000,0,-1,0
1785731623.896,0.977,-4.260,-52.154,0.9971,0,-1.581,1.760,0.000,0.2758,nan,nan,nan,0.000,0.000,2.558,0.0000,0.3128,-0.320,-0.320,0.313,-0.973,1.000,-2.500,0.0029,0.199,nan,0.00,0,0,0,0,1,0.0000,0.412,0,0.140,1,0.801,0,0,,,FLYING,3,3,0,0.000,0,-1,0
1785731623.935,1.284,-3.696,-52.250,0.9977,0,-1.731,1.196,-1.500,0.2795,4.000,0.214,0.000,0.233,3.056,3.015,-0.0000,0.3935,-0.247,-0.247,0.393,-0.962,1.200,-2.500,0.0029,0.193,nan,0.00,0,1,0,1,1,0.0000,0.423,0,0.153,1,0.831,0,0,blueline,,BLUELINE,3,3,0,0.000,0,-1,0
1785731623.965,1.403,-3.519,-52.285,0.9978,0,-0.231,1.019,-1.338,0.2803,4.000,0.093,0.000,0.233,1.338,-2.229,3.5978,0.4080,-0.237,-0.237,0.408,-0.950,1.200,-2.500,0.0029,0.187,nan,0.00,0,1,0,1,1,0.0000,0.423,0,0.154,1,0.838,0,0,blueline,,BLUELINE,3,3,0,0.000,0,-1,0
1785731623.996,1.416,-3.409,-52.286,0.9979,0,-1.731,0.909,-2.333,0.2804,4.000,0.163,0.000,0.233,2.333,4.968,-2.0820,0.4082,-0.236,-0.236,0.408,-0.944,1.200,-2.500,0.0029,0.181,nan,0.00,0,1,0,1,1,0.0000,0.426,0,0.157,1,0.846,0,0,blueline,,BLUELINE,3,3,0,0.000,0,-1,0
1785731624.027,1.421,-3.397,-52.283,0.9979,0,-1.882,0.897,-2.584,0.2804,4.000,0.181,0.000,0.233,2.584,3.303,-0.5269,0.4031,-0.236,-0.236,0.403,-0.940,1.200,-2.500,0.0029,0.176,nan,0.00,0,1,0,1,1,0.0000,0.422,0,0.152,1,0.810,0,0,blueline,,BLUELINE,3,3,0,0.000,0,-1,0
1785731624.064,1.451,-3.440,-52.269,0.9979,0,-0.382,0.940,-1.084,0.2637,22.322,-0.458,0.212,1.000,-1.176,-2.032,-0.0000,-0.0000,-0.236,-0.236,0.396,-0.935,1.200,-2.500,0.0029,1.540,nan,0.00,1,1,1,1,1,0.0000,0.312,0,0.145,0,0.849,1,1,yolo,88.6,yolo,3,3,0,0.000,0,-1,0
1785731624.090,1.550,-3.267,-52.232,0.9980,0,1.118,0.767,0.416,0.2470,22.322,-0.458,0.212,1.000,-1.176,-2.041,0.0011,0.0007,-0.235,-0.235,0.397,-0.933,1.200,-2.500,0.0029,1.471,nan,0.00,1,1,1,0,1,0.0000,0.311,0,0.144,0,0.876,0,0,yolo,88.6,yolo,3,3,0,0.000,0,-1,0
1785731624.121,1.804,-2.970,-52.152,0.9982,0,2.618,0.470,1.176,0.2304,22.322,-0.458,0.212,1.000,-1.176,-2.090,0.0066,0.0147,-0.229,-0.229,0.411,-0.930,1.200,-2.500,0.0029,1.354,nan,0.00,1,1,1,0,1,0.0000,0.311,0,0.144,0,0.876,0,0,yolo,88.6,yolo,3,3,0,0.000,0,-1,0
1785731624.157,1.858,-2.906,-52.134,0.9982,0,1.931,0.406,1.084,0.2137,22.278,-0.422,0.315,1.000,-1.084,-0.072,-0.3568,-0.7600,-0.228,-0.222,0.418,-0.929,1.200,-2.500,0.0029,1.430,nan,0.00,1,1,1,1,1,0.0000,0.308,0,0.138,0,0.898,0,0,yolo,91.9,yolo,3,3,0,0.000,0,-1,0
1785731624.183,1.689,-2.756,-52.253,0.9984,0,3.431,0.256,1.084,0.2299,22.278,-0.422,0.315,1.000,-1.084,-1.836,-0.0023,0.0853,-0.224,-0.224,0.503,-0.915,1.200,-2.500,0.0029,1.373,nan,0.00,1,1,1,0,1,0.0000,0.308,0,0.138,0,0.898,0,0,yolo,91.9,yolo,3,3,0,0.000,0,-1,0
1785731624.220,1.566,-2.660,-52.357,0.9985,0,3.424,0.160,1.084,0.2342,22.278,-0.422,0.315,1.000,-1.084,-1.858,0.0002,0.1563,-0.221,-0.221,0.574,-0.904,1.200,-2.500,0.0029,1.337,nan,0.00,1,1,1,0,1,0.0000,0.291,0,0.110,1,0.903,0,0,yolo,91.9,yolo,3,3,0,0.000,0,-1,1
1785731624.246,1.314,-2.343,-52.340,0.9989,0,1.924,-0.157,1.040,0.2508,22.166,-0.403,0.402,1.000,-1.040,-0.454,-0.2546,0.5822,-0.217,-0.226,0.662,-0.900,1.200,-2.500,0.0029,1.298,nan,0.00,1,1,1,1,1,0.0000,0.290,0,0.109,1,0.900,0,0,yolo,91.8,yolo,3,3,0,0.000,0,-1,0
1785731624.279,1.082,-2.148,-52.282,0.9991,0,2.903,-0.352,1.040,0.2342,22.166,-0.403,0.402,1.000,-1.040,-1.820,0.0106,0.0815,-0.215,-0.215,0.744,-0.899,1.226,-2.500,0.0029,1.224,nan,0.00,1,1,1,0,1,0.0000,0.289,0,0.107,1,0.904,1,0,yolo,91.8,yolo,3,3,0,0.000,0,-1,0
1785731624.309,1.012,-2.119,-52.272,0.9992,0,2.862,-0.381,1.040,0.2508,22.166,-0.403,0.402,1.000,-1.040,-1.851,0.0140,0.1630,-0.212,-0.212,0.825,-0.897,1.236,-2.500,0.0029,1.214,nan,0.00,1,1,1,0,1,0.0000,0.284,0,0.098,1,0.887,0,0,yolo,91.8,yolo,3,3,0,0.000,0,-1,0
1785731624.348,0.855,-2.093,-52.323,0.9992,0,2.880,-0.407,1.047,0.2671,22.131,-0.404,0.521,1.000,-1.047,-2.025,0.0258,-1.0919,-0.211,-0.186,0.891,-0.897,1.200,-2.500,0.0029,1.323,nan,0.00,1,1,1,1,1,0.0000,0.284,0,0.098,1,0.887,1,0,yolo,92.2,yolo,3,3,0,0.000,0,-1,0
1785731624.389,0.673,-2.092,-52.387,0.9993,0,2.329,-0.408,1.047,0.2671,22.131,-0.404,0.521,1.000,-1.047,-1.655,-0.0270,0.0457,-0.213,-0.213,0.936,-0.897,1.200,-2.500,0.0029,1.324,nan,0.00,1,1,1,0,1,0.0000,0.280,0,0.092,1,0.871,1,0,yolo,92.2,yolo,3,3,0,0.000,0,-1,0
1785731624.418,0.511,-2.099,-52.439,0.9993,0,2.147,-0.401,1.047,0.2671,22.131,-0.404,0.521,1.000,-1.047,-1.636,-0.0293,0.0743,-0.215,-0.215,0.965,-0.893,1.200,-2.500,0.0029,1.328,nan,0.00,1,1,1,0,1,0.0000,0.273,0,0.080,1,0.840,0,0,yolo,92.2,yolo,3,3,0,0.000,0,-1,0
1785731624.449,0.245,-2.100,-52.524,0.9993,0,1.544,-0.400,1.012,0.2671,22.132,-0.391,0.632,1.000,-1.012,-1.299,-0.1029,-0.8482,-0.219,-0.184,0.992,-0.880,1.200,-2.500,0.0029,1.441,nan,0.00,1,1,1,1,1,0.0000,0.268,0,0.072,1,0.837,0,0,yolo,91.8,yolo,3,3,0,0.000,0,-1,0
1785731624.485,0.141,-2.096,-52.561,0.9993,0,1.627,-0.404,1.012,0.2671,22.132,-0.391,0.632,1.000,-1.012,-1.485,-0.0369,0.0043,-0.221,-0.221,0.997,-0.872,1.200,-2.500,0.0029,1.441,nan,0.00,1,1,1,0,1,0.0000,0.267,0,0.071,1,0.831,0,0,yolo,91.8,yolo,3,3,0,0.000,0,-1,0
1785731624.511,0.141,-2.096,-52.561,0.9993,0,1.627,-0.404,1.012,0.2671,22.132,-0.391,0.632,1.000,-1.012,-1.485,-0.0369,0.0043,-0.221,-0.221,0.997,-0.872,1.200,-2.500,0.0029,1.441,nan,0.00,1,1,1,0,1,0.0000,0.267,0,0.071,1,0.831,0,0,yolo,91.8,yolo,3,3,0,0.000,0,-1,0
1785731624.542,0.035,-2.098,-52.595,0.9993,0,1.800,-0.402,1.007,0.2671,22.154,-0.389,0.752,1.000,-1.007,-1.765,-0.0180,-1.2160,-0.224,-0.171,0.994,-0.864,1.200,-2.500,0.0029,1.562,nan,0.00,1,1,1,1,1,0.0000,0.267,0,0.070,1,0.823,0,0,yolo,94.9,yolo,3,3,0,0.000,0,-1,1
1785731624.573,-0.064,-2.109,-52.630,0.9993,0,1.289,-0.391,1.007,0.2671,22.154,-0.389,0.752,1.000,-1.007,-1.353,-0.0565,-0.0052,-0.227,-0.227,0.989,-0.858,1.200,-2.500,0.0029,1.567,nan,0.00,1,1,1,0,1,0.0000,0.281,0,0.094,1,0.810,0,0,yolo,94.9,yolo,3,3,0,0.000,0,-1,0
