t,roll,pitch,yaw,up,upset,cmd_roll_deg,cmd_pitch_deg,cmd_yaw_deg,thrust,bx,by,bz,blend,bearing_deg,desired_roll,d_lat,d_vert,vY_imu,vY_fused,vD,vX,v_target,pitch_des,elev_i,elev_err,agl,turn_ff,reliable,vision_valid,elev_fresh,is_new_d,bl_found,bl_hdg,bl_conf,bl_hdg_valid,bl_span,bl_paired,bl_cy,bl_gap,src_switch,source,infer_ms,mode,gate,gate_id,peek_side,peek_strength,peek_active,occ_gap,collision
1785654215.843,0.000,-17.800,0.000,0.9521,0,-1.052,15.800,-1.331,0.3029,10.059,0.074,-3.871,1.000,0.421,1.052,-0.0000,-0.0000,-0.000,-0.000,-0.000,-0.000,1.839,-2.000,0.0061,-0.611,nan,0.91,1,1,1,1,1,0.0318,1.000,1,0.521,8,-0.019,0,0,yolo,113.1,yolo,0,0,0,0.000,0,-1,0
1785654215.881,-0.006,-17.627,0.000,0.9530,0,-1.067,15.627,-1.254,0.3032,10.059,0.074,-3.871,1.000,0.421,1.061,-0.0007,-0.0110,-0.001,-0.001,-0.011,0.020,1.807,-2.000,0.0061,-0.643,nan,0.83,1,1,1,0,1,0.0291,1.000,1,0.519,8,-0.014,0,0,yolo,113.1,yolo,0,0,0,0.000,0,-1,0
1785654215.922,0.017,-15.149,0.016,0.9652,0,-2.567,14.127,-1.543,0.2865,11.000,0.147,-3.595,1.000,0.766,8.092,-0.9949,-0.7136,-0.000,-0.154,-0.033,0.051,1.855,-2.000,0.0062,-0.595,nan,0.78,1,1,1,1,1,0.0271,1.000,1,0.519,8,-0.014,0,0,yolo,125.3,yolo,0,0,0,0.000,0,-1,0
1785654215.960,0.017,-15.149,0.016,0.9652,0,-1.131,13.149,-1.476,0.2985,11.000,0.147,-3.595,1.000,0.766,1.148,0.1537,0.0000,-0.000,-0.000,-0.033,0.051,1.855,-2.000,0.0062,-0.595,nan,0.71,1,1,1,0,1,0.0248,1.000,1,0.523,8,-0.003,0,0,yolo,125.3,yolo,0,0,0,0.000,0,-1,0
1785654216.001,0.324,-13.536,0.260,0.9722,0,0.369,11.649,-1.198,0.2818,10.937,0.106,-3.081,1.000,0.553,-0.333,0.4065,-1.6029,0.003,-0.040,-0.061,0.090,2.015,-2.000,0.0063,-0.435,nan,0.64,1,1,1,1,1,0.0225,1.000,1,0.513,8,-0.001,0,0,yolo,115.5,yolo,0,0,0,0.000,0,-1,0
1785654216.032,0.386,-12.079,0.419,0.9778,0,-0.722,10.149,-0.553,0.2971,10.937,0.106,-3.081,1.000,0.553,1.107,0.0461,-0.0336,0.006,0.006,-0.094,0.128,1.727,-2.000,0.0064,-0.723,nan,0.00,1,1,1,0,1,-0.0850,0.429,1,0.443,5,0.093,0,0,yolo,115.5,yolo,0,0,0,0.000,0,-1,0
1785654216.063,0.466,-10.907,0.471,0.9819,0,-0.587,8.907,-0.553,0.3007,10.937,0.106,-3.081,1.000,0.553,1.053,0.0503,-0.0856,0.010,0.010,-0.146,0.184,1.495,-2.000,0.0065,-0.955,nan,0.00,1,1,1,0,1,-0.0850,0.429,1,0.443,5,0.093,0,0,yolo,115.5,yolo,0,0,0,0.000,0,-1,0
1785654216.101,0.466,-10.907,0.471,0.9819,0,-0.587,8.907,0.947,0.3008,10.937,0.106,-3.081,1.000,0.553,1.053,0.0503,-0.0856,0.010,0.010,-0.146,0.184,1.495,-2.000,0.0066,-0.955,nan,-4.74,1,1,1,0,1,-0.1656,0.857,1,0.443,5,0.093,2,0,yolo,115.5,yolo,0,0,0,0.000,0,-1,0
1785654216.147,0.615,-8.780,0.468,0.9882,0,-0.547,7.407,-0.519,0.3175,10.622,0.096,-3.353,1.000,0.519,1.161,0.0384,2.0000,0.021,-0.007,-0.283,0.314,1.200,-2.000,0.0066,-1.691,nan,0.00,1,1,1,1,1,0.0000,0.833,0,0.370,4,0.189,1,0,yolo,118.8,yolo,0,0,0,0.000,0,-1,0
1785654216.195,0.615,-8.780,0.468,0.9882,0,-0.378,6.780,0.981,0.3251,10.622,0.096,-3.353,1.000,0.519,0.993,0.0275,0.0000,0.021,0.021,-0.283,0.314,1.200,-2.000,0.0066,-1.691,nan,-8.00,1,1,1,0,1,-0.3889,0.917,1,0.366,5,0.200,1,0,yolo,118.8,yolo,0,0,0,0.000,0,-1,0
1785654216.220,0.682,-7.835,0.501,0.9906,0,-0.235,5.835,2.481,0.3254,10.622,0.096,-3.353,1.000,0.519,0.917,0.0333,-0.0968,0.026,0.026,-0.380,0.377,1.200,-2.000,0.0066,-1.872,nan,-8.00,1,1,1,0,1,-0.2904,1.000,1,0.362,6,0.217,0,0,yolo,118.8,yolo,0,0,0,0.000,0,-1,0
1785654216.252,0.735,-7.151,0.328,0.9921,0,1.265,5.151,3.981,0.3421,10.499,0.056,-3.636,1.000,0.308,-2.869,0.5790,2.0000,0.033,0.091,-0.483,0.429,1.200,-2.000,0.0066,-2.300,nan,-6.97,1,1,1,1,1,-0.2433,1.000,1,0.436,7,0.232,0,0,yolo,121.4,yolo,0,0,0,0.000,0,-1,0
1785654216.292,0.634,-6.510,-0.134,0.9935,0,-0.017,4.510,5.191,0.3269,10.499,0.056,-3.636,1.000,0.308,0.651,-0.0474,-0.1283,0.043,0.043,-0.611,0.478,1.200,-2.000,0.0066,-2.421,nan,-5.50,1,1,1,0,1,-0.1919,1.000,1,0.419,7,0.250,0,0,yolo,121.4,yolo,0,0,0,0.000,0,-1,0
1785654216.331,0.731,-5.928,-0.696,0.9946,0,0.218,3.980,4.087,0.3197,10.499,0.056,-3.636,1.000,0.308,0.514,-0.0370,-0.2805,0.054,0.054,-0.763,0.526,1.200,-1.947,0.0066,-2.531,nan,-4.40,1,1,1,0,1,-0.1534,1.000,1,0.419,7,0.250,0,0,yolo,121.4,yolo,0,0,0,0.000,0,-1,0
1785654216.371,0.731,-5.928,-0.696,0.9946,0,1.718,3.928,2.840,0.3030,10.277,0.027,-3.173,1.000,0.150,-1.335,0.1696,-2.0000,0.054,0.103,-0.763,0.526,1.200,-2.000,0.0066,-2.094,nan,-2.99,1,1,1,1,1,-0.1044,1.000,1,0.368,6,0.181,0,0,yolo,110.4,yolo,0,0,0,0.000,0,-1,0
1785654216.408,0.745,-5.463,-1.095,0.9954,0,0.702,3.463,1.786,0.3197,10.277,0.027,-3.173,1.000,0.150,0.043,-0.0397,-0.1424,0.063,0.063,-0.906,0.567,1.200,-2.000,0.0066,-2.179,nan,-1.94,1,1,1,0,1,-0.0676,1.000,1,0.368,6,0.181,0,0,yolo,110.4,yolo,0,0,0,0.000,0,-1,0
1785654216.445,0.678,-5.031,-1.249,0.9961,0,0.744,3.031,1.211,0.3185,10.277,0.027,-3.173,1.000,0.150,-0.066,-0.0315,-0.2957,0.072,0.072,-1.059,0.609,1.200,-2.000,0.0066,-2.259,nan,-1.36,1,1,1,0,1,-0.0475,1.000,1,0.334,5,0.285,0,0,yolo,110.4,yolo,0,0,0,0.000,0,-1,0
1785654216.485,0.608,-4.660,-1.329,0.9966,0,2.244,2.660,0.899,0.3018,10.301,0.006,-2.698,1.000,0.031,-2.025,0.2150,-2.0000,0.078,0.123,-1.204,0.647,1.200,-2.000,0.0066,-1.852,nan,-0.93,1,1,1,1,1,-0.0325,1.000,1,0.334,5,0.285,0,0,yolo,111.3,yolo,0,0,0,0.000,0,-1,0
1785654216.521,0.366,-4.353,-1.419,0.9971,0,0.838,2.375,0.457,0.2852,10.301,0.006,-2.698,1.000,0.031,-0.472,-0.0358,-0.1095,0.087,0.087,-1.314,0.681,1.200,-1.978,0.0066,-1.908,nan,-0.49,1,1,1,0,1,-0.0170,1.000,1,0.308,5,0.501,0,0,yolo,111.3,yolo,0,0,0,0.000,0,-1,0
1785654216.547,0.366,-4.353,-1.419,0.9971,0,0.838,2.353,0.457,0.2713,10.301,0.006,-2.698,1.000,0.031,-0.472,-0.0358,-0.1095,0.087,0.087,-1.314,0.681,1.200,-2.000,0.0066,-1.908,nan,-0.49,1,1,1,0,1,-0.0170,1.000,1,0.308,5,0.501,0,0,yolo,111.3,yolo,0,0,0,0.000,0,-1,0
1785654216.582,0.305,-4.057,-1.465,0.9975,0,0.831,2.057,0.126,0.2712,10.301,0.006,-2.698,1.000,0.031,-0.526,-0.0318,-0.1744,0.091,0.091,-1.379,0.716,1.200,-2.000,0.0066,-1.962,nan,-0.16,1,1,1,0,1,-0.0055,1.000,1,0.308,5,0.501,3,0,yolo,111.3,yolo,0,0,0,0.000,0,-1,0
1785654216.624,0.220,-3.827,-1.470,0.9978,0,0.789,1.827,-1.374,0.2712,10.301,0.006,-2.698,1.000,0.031,-0.570,-0.0285,-0.1974,0.095,0.095,-1.402,0.746,1.200,-2.000,0.0066,-2.004,nan,2.48,1,1,1,0,1,0.0865,1.000,1,0.285,5,0.526,0,0,yolo,111.3,yolo,0,0,0,0.000,0,-1,0
1785654216.659,0.130,-3.614,-1.348,0.9980,0,0.711,1.614,-2.874,0.2711,10.301,0.006,-2.698,1.000,0.031,-0.582,-0.0276,-0.1921,0.096,0.096,-1.396,0.774,1.200,-2.000,0.0066,-2.043,nan,4.45,1,1,1,0,1,0.1554,1.000,1,0.285,5,0.526,2,0,yolo,111.3,yolo,0,0,0,0.000,0,-1,0
1785654216.686,0.130,-3.614,-1.348,0.9980,0,-0.789,1.614,-4.374,0.2544,10.363,0.107,-2.155,1.000,0.593,3.729,-0.5083,-2.0000,0.096,0.036,-1.396,0.774,1.200,-2.000,0.0066,-1.498,nan,5.98,1,1,1,1,1,0.2088,0.900,1,0.277,4,0.582,0,0,yolo,112.1,yolo,0,0,0,0.000,0,-1,0
1785654216.722,0.038,-3.427,-1.053,0.9982,0,-0.385,1.427,-5.874,0.2710,10.363,0.107,-2.155,1.000,0.593,0.422,0.0576,0.0308,0.093,0.093,-1.366,0.802,1.200,-2.000,0.0066,-1.532,nan,7.13,1,1,1,0,1,0.2488,0.900,1,0.277,4,0.582,2,0,yolo,112.1,yolo,0,0,0,0.000,0,-1,0
1785654216.748,0.056,-3.256,-0.443,0.9984,0,-0.497,1.256,-4.374,0.2710,10.363,0.107,-2.155,1.000,0.593,0.553,0.0478,0.0720,0.083,0.083,-1.325,0.828,1.200,-2.000,0.0066,-1.563,nan,0.00,1,1,1,0,1,0.0000,0.953,0,0.221,4,0.604,0,0,yolo,112.1,yolo,0,0,0,0.000,0,-1,0
1785654216.779,0.056,-3.256,-0.443,0.9984,0,-0.497,1.256,-2.874,0.2710,10.363,0.107,-2.155,1.000,0.593,0.553,0.0478,0.0720,0.083,0.083,-1.325,0.828,1.200,-2.000,0.0066,-1.563,nan,0.00,1,1,1,0,1,0.0000,0.953,0,0.221,4,0.604,0,0,yolo,112.1,yolo,0,0,0,0.000,0,-1,0
1785654216.812,0.079,-3.102,0.055,0.9985,0,-0.652,1.102,-1.374,0.2543,9.353,0.090,-1.632,1.000,0.548,0.732,0.0435,-2.0000,0.075,0.046,-1.303,0.853,1.327,-2.000,0.0066,-1.123,nan,0.00,1,1,1,1,1,0.0000,0.971,0,0.232,4,0.643,0,0,yolo,112.2,yolo,0,0,0,0.000,0,-1,0
1785654216.844,0.140,-2.973,0.167,0.9987,0,-0.424,0.973,-0.548,0.2709,9.353,0.090,-1.632,1.000,0.548,0.565,0.0271,0.0219,0.073,0.073,-1.281,0.874,1.306,-2.000,0.0066,-1.144,nan,0.00,1,1,1,0,1,0.0000,0.971,0,0.232,4,0.643,0,0,yolo,112.2,yolo,0,0,0,0.000,0,-1,0
1785654216.883,0.181,-2.857,0.164,0.9988,0,-0.376,0.857,-0.548,0.2709,9.353,0.090,-1.632,1.000,0.548,0.557,0.0277,0.0393,0.074,0.074,-1.264,0.895,1.287,-2.000,0.0066,-1.163,nan,0.00,1,1,1,0,1,0.0000,0.856,0,0.237,3,0.651,0,0,yolo,112.2,yolo,0,0,0,0.000,0,-1,0
1785654216.909,0.181,-2.857,0.164,0.9988,0,-0.376,0.857,-0.548,0.2709,9.353,0.090,-1.632,1.000,0.548,0.557,0.0277,0.0393,0.074,0.074,-1.264,0.895,1.287,-2.000,0.0066,-1.163,nan,0.00,1,1,1,0,1,0.0000,0.856,0,0.237,3,0.651,0,0,yolo,112.2,yolo,0,0,0,0.000,0,-1,0
1785654216.946,0.215,-2.760,0.218,0.9988,0,-1.876,0.760,-0.853,0.2542,9.633,0.144,-1.271,1.000,0.853,4.164,-0.3846,-2.0000,0.074,-0.012,-1.250,0.913,1.645,-2.000,0.0066,-0.805,nan,0.00,1,1,1,1,1,0.0000,0.856,0,0.237,3,0.651,3,0,yolo,121.4,yolo,0,0,0,0.000,0,-1,0
1785654216.986,0.401,-2.672,0.300,0.9989,0,-0.680,0.672,-0.853,0.2709,9.633,0.144,-1.271,1.000,0.853,1.082,0.0833,0.0255,0.071,0.071,-1.224,0.931,1.631,-2.000,0.0067,-0.819,nan,0.00,1,1,1,0,1,0.0000,0.853,0,0.234,3,0.680,0,0,yolo,121.4,yolo,0,0,0,0.000,0,-1,0
1785654217.021,0.458,-2.600,0.381,0.9989,0,-0.612,0.600,-0.853,0.2876,9.633,0.144,-1.271,1.000,0.853,1.070,0.0841,0.0508,0.072,0.072,-1.199,0.947,1.619,-2.000,0.0068,-0.831,nan,0.00,1,1,1,0,1,0.0000,0.853,0,0.234,3,0.680,2,0,yolo,121.4,yolo,0,0,0,0.000,0,-1,0
1785654217.063,0.499,-2.531,0.457,0.9990,0,-1.558,0.531,-0.851,0.2709,9.776,0.145,-1.009,1.000,0.851,2.057,0.0068,-2.0000,0.074,0.004,-1.189,0.962,1.875,-2.000,0.0069,-0.575,nan,0.00,1,1,1,1,1,0.0000,0.851,0,0.233,3,0.685,0,0,yolo,114.8,yolo,0,0,0,0.000,0,-1,0
1785654217.101,0.666,-2.471,0.536,0.9990,0,-0.464,0.471,-0.851,0.2876,9.776,0.145,-1.009,1.000,0.851,1.130,0.0697,0.0030,0.074,0.074,-1.186,0.977,1.865,-2.000,0.0069,-0.585,nan,0.00,1,1,1,0,1,0.0000,0.838,0,0.223,3,0.690,0,0,yolo,114.8,yolo,0,0,0,0.000,0,-1,0
1785654217.138,0.808,-2.412,0.618,0.9990,0,-0.296,0.412,-0.851,0.2887,9.776,0.145,-1.009,1.000,0.851,1.104,0.0716,-0.0094,0.076,0.076,-1.198,0.992,1.855,-2.000,0.0070,-0.595,nan,0.00,1,1,1,0,1,0.0000,0.838,0,0.223,3,0.690,0,0,yolo,114.8,yolo,0,0,0,0.000,0,-1,0
1785654217.176,0.833,-2.364,0.698,0.9990,0,1.204,0.364,-0.306,0.2720,9.488,0.051,-0.658,1.000,0.306,-3.329,0.6767,-2.0000,0.080,0.078,-1.224,1.007,2.185,-2.000,0.0070,-0.265,nan,0.00,1,1,1,1,1,0.0000,0.714,0,0.220,2,0.693,0,0,yolo,114.8,yolo,0,0,0,0.000,0,-1,0
1785654217.202,0.833,-2.364,0.698,0.9990,0,0.800,0.364,-0.306,0.2713,9.488,0.051,-0.658,1.000,0.306,0.032,0.0016,0.0000,0.080,0.080,-1.224,1.007,2.185,-2.000,0.0070,-0.265,nan,0.00,1,1,1,0,1,0.0000,0.714,0,0.220,2,0.693,0,0,yolo,114.8,yolo,0,0,0,0.000,0,-1,0
1785654217.239,0.716,-2.322,0.734,0.9991,0,0.787,0.322,-0.306,0.2713,9.488,0.051,-0.658,1.000,0.306,-0.071,0.0089,-0.0252,0.087,0.087,-1.250,1.020,2.178,-2.000,0.0071,-0.272,nan,0.00,1,1,1,0,1,0.0000,0.714,0,0.220,2,0.693,2,0,yolo,114.8,yolo,0,0,0,0.000,0,-1,0
1785654217.264,0.639,-2.282,0.753,0.9991,0,0.801,0.282,-0.306,0.2713,9.488,0.051,-0.658,1.000,0.306,-0.163,0.0154,-0.0441,0.094,0.094,-1.268,1.035,2.171,-2.000,0.0071,-0.279,nan,0.00,1,1,1,0,1,0.0000,0.715,0,0.221,2,0.719,0,0,yolo,114.8,yolo,0,0,0,0.000,0,-1,0
1785654217.296,0.639,-2.282,0.753,0.9991,0,2.301,0.282,-0.040,0.2546,9.546,0.007,-0.434,1.000,0.040,-4.662,0.6653,-2.0000,0.094,0.159,-1.268,1.035,2.200,-2.000,0.0071,-0.053,nan,0.00,1,1,1,1,1,0.0000,0.715,0,0.221,2,0.719,0,0,yolo,120.7,yolo,0,0,0,0.000,0,-1,0
1785654217.327,0.554,-2.248,0.786,0.9992,0,1.047,0.248,-0.040,0.2713,9.546,0.007,-0.434,1.000,0.040,-0.494,-0.0601,-0.0097,0.099,0.099,-1.278,1.048,2.200,-2.000,0.0071,-0.059,nan,0.00,1,1,1,0,1,0.0000,0.608,0,0.233,1,0.741,0,0,yolo,120.7,yolo,0,0,0,0.000,0,-1,0
1785654217.358,0.436,-2.217,0.793,0.9992,0,1.010,0.217,-0.040,0.2713,9.546,0.007,-0.434,1.000,0.040,-0.574,-0.0544,-0.0110,0.105,0.105,-1.279,1.062,2.200,-2.000,0.0071,-0.064,nan,0.00,1,1,1,0,1,0.0000,0.608,0,0.233,1,0.741,0,0,yolo,120.7,yolo,0,0,0,0.000,0,-1,0
1785654217.389,0.436,-2.217,0.793,0.9992,0,2.510,0.217,0.222,0.2546,9.536,-0.037,-0.238,1.000,-0.222,-3.330,0.2613,-1.1725,0.105,0.163,-1.279,1.062,2.200,-2.000,0.0071,0.131,nan,0.00,1,1,1,1,1,0.0000,0.552,0,0.177,1,0.726,0,0,yolo,114.3,yolo,0,0,0,0.000,0,-1,0
1785654217.419,0.334,-2.192,0.790,0.9993,0,1.607,0.192,0.222,0.2678,9.536,-0.037,-0.238,1.000,-0.222,-1.272,-0.0536,0.0068,0.109,0.109,-1.273,1.074,2.200,-2.000,0.0071,0.127,nan,0.00,1,1,1,0,1,0.0000,0.552,0,0.177,1,0.726,0,0,yolo,114.3,yolo,0,0,0,0.000,0,-1,0
1785654217.451,0.169,-2.170,0.775,0.9993,0,1.509,0.170,0.222,0.2681,9.536,-0.037,-0.238,1.000,-0.222,-1.340,-0.0488,0.0127,0.114,0.114,-1.267,1.085,2.200,-2.000,0.0071,0.123,nan,0.00,1,1,1,0,1,0.0000,0.558,0,0.183,1,0.725,0,0,yolo,114.3,yolo,0,0,0,0.000,0,-1,0
1785654217.488,0.011,-2.150,0.748,0.9993,0,1.401,0.150,0.222,0.2684,9.536,-0.037,-0.238,1.000,-0.222,-1.390,-0.0452,0.0167,0.118,0.118,-1.263,1.097,2.200,-2.000,0.0070,0.120,nan,0.00,1,1,1,0,1,0.0000,0.558,0,0.183,1,0.725,3,0,yolo,114.3,yolo,0,0,0,0.000,0,-1,0
1785654217.529,-0.133,-2.132,0.728,0.9993,0,2.901,0.132,0.503,0.2517,9.457,-0.083,-0.048,1.000,-0.503,-4.677,0.3476,-1.3825,0.120,0.185,-1.259,1.109,2.146,-2.000,0.0070,0.304,nan,0.00,1,1,1,1,1,0.0000,0.415,0,0.144,1,0.757,0,0,yolo,108.8,yolo,0,0,0,0.000,0,-1,0
1785654217.562,-0.133,-2.132,0.728,0.9993,0,1.884,0.132,0.503,0.2620,9.457,-0.083,-0.048,1.000,-0.503,-2.018,-0.0654,0.0000,0.120,0.120,-1.259,1.109,2.146,-2.000,0.0070,0.304,nan,0.00,1,1,1,0,1,0.0000,0.456,0,0.194,0,0.765,0,0,yolo,108.8,yolo,0,0,0,0.000,0,-1,0
1785654217.596,-0.437,-2.117,0.686,0.9993,0,1.634,0.117,0.503,0.2629,9.457,-0.083,-0.048,1.000,-0.503,-2.071,-0.0617,0.0180,0.124,0.124,-1.241,1.119,2.147,-2.000,0.0070,0.303,nan,0.00,1,1,1,0,1,0.0000,0.456,0,0.194,0,0.765,1,0,yolo,108.8,yolo,0,0,0,0.000,0,-1,0
1785654217.638,-0.586,-2.105,0.635,0.9993,0,3.134,0.105,0.812,0.2462,9.597,-0.136,0.142,1.000,-0.812,-8.230,0.7768,-2.0000,0.123,0.259,-1.219,1.129,1.954,-2.000,0.0069,0.496,nan,0.00,1,1,1,1,1,0.0000,0.421,0,0.151,1,0.778,0,0,yolo,108.4,yolo,0,0,0,0.000,0,-1,0
1785654217.669,-0.920,-2.094,0.562,0.9992,0,1.634,0.094,0.812,0.2579,9.597,-0.136,0.142,1.000,-0.812,-2.467,-0.1348,0.0380,0.124,0.124,-1.181,1.140,1.955,-2.000,0.0069,0.495,nan,0.00,1,1,1,0,1,0.0000,0.468,0,0.210,0,0.806,0,0,yolo,108.4,yolo,0,0,0,0.000,0,-1,0
1785654217.701,-1.075,-2.084,0.480,0.9992,0,1.337,0.084,0.812,0.2598,9.597,-0.136,0.142,1.000,-0.812,-2.412,-0.1387,0.0801,0.120,0.120,-1.139,1.150,1.956,-2.000,0.0068,0.494,nan,0.00,1,1,1,0,1,0.0000,0.468,0,0.210,0,0.806,0,0,yolo,108.4,yolo,0,0,0,0.000,0,-1,0
1785654217.732,-1.075,-2.084,0.480,0.9992,0,2.837,0.084,0.961,0.2432,9.418,-0.158,0.300,1.000,-0.961,-5.291,0.1844,-1.1328,0.120,0.216,-1.139,1.150,1.805,-2.000,0.0067,0.645,nan,0.00,1,1,1,1,1,0.0000,0.469,0,0.211,0,0.800,0,0,yolo,104.8,yolo,0,0,0,0.000,0,-1,0
1785654217.767,-1.209,-2.076,0.405,0.9991,0,1.735,0.076,0.961,0.2537,9.418,-0.158,0.300,1.000,-0.961,-2.944,-0.1009,0.0461,0.115,0.115,-1.093,1.160,1.806,-2.000,0.0067,0.644,nan,0.00,1,1,1,0,1,0.0000,0.469,0,0.211,0,0.800,1,0,yolo,104.8,yolo,0,0,0,0.000,0,-1,0
1785654217.793,-1.403,-2.069,0.313,0.9990,0,1.456,0.069,0.961,0.2555,9.418,-0.158,0.300,1.000,-0.961,-2.859,-0.1070,0.0868,0.109,0.109,-1.052,1.171,1.807,-2.000,0.0066,0.643,nan,0.00,1,1,1,0,1,0.0000,0.432,0,0.165,1,0.805,0,0,yolo,104.8,yolo,0,0,0,0.000,0,-1,0
1785654217.832,-1.550,-2.064,0.220,0.9990,0,2.700,0.064,0.999,0.2388,9.034,-0.158,0.426,1.000,-0.999,-4.250,0.0592,-1.1181,0.101,0.153,-1.012,1.181,1.695,-2.000,0.0065,0.755,nan,0.00,1,1,1,1,1,0.0000,0.581,0,0.206,1,0.786,0,0,yolo,112.6,yolo,0,0,0,0.000,0,-1,0
1785654217.872,-1.830,-2.059,0.129,0.9988,0,1.267,0.059,0.999,0.2501,9.034,-0.158,0.426,1.000,-0.999,-3.096,-0.0591,0.0439,0.094,0.094,-0.968,1.190,1.695,-2.000,0.0065,0.755,nan,0.00,1,1,1,0,1,0.0000,0.581,0,0.206,1,0.786,0,0,yolo,112.6,yolo,0,0,0,0.000,0,-1,0
1785654217.898,-1.830,-2.059,0.129,0.9988,0,1.267,0.059,0.999,0.2500,9.034,-0.158,0.426,1.000,-0.999,-3.096,-0.0591,0.0439,0.094,0.094,-0.968,1.190,1.695,-2.000,0.0064,0.755,nan,0.00,1,1,1,0,1,0.0000,0.322,0,0.162,0,0.783,0,0,yolo,112.6,yolo,0,0,0,0.000,0,-1,0
1785654217.940,-1.949,-2.056,0.038,0.9988,0,1.996,0.056,1.031,0.2333,9.026,-0.162,0.543,1.000,-1.031,-3.945,0.0505,-1.1665,0.083,0.117,-0.922,1.200,1.578,-2.000,0.0063,0.872,nan,0.00,1,1,1,1,1,0.0000,0.322,0,0.162,0,0.783,1,0,yolo,105.3,yolo,0,0,0,0.000,0,-1,0
1785654217.979,-2.159,-2.053,-0.059,0.9986,0,0.882,0.053,1.031,0.2474,9.026,-0.162,0.543,1.000,-1.031,-3.040,-0.0449,0.0658,0.072,0.072,-0.856,1.209,1.578,-2.000,0.0062,0.872,nan,0.00,1,1,1,0,1,0.0000,0.431,0,0.164,1,0.789,0,0,yolo,105.3,yolo,0,0,0,0.000,0,-1,0
1785654218.010,-2.249,-2.050,-0.171,0.9986,0,0.558,0.050,1.031,0.2508,9.026,-0.162,0.543,1.000,-1.031,-2.807,-0.0610,0.1435,0.056,0.056,-0.778,1.220,1.578,-2.000,0.0061,0.872,nan,0.00,1,1,1,0,1,0.0000,0.315,0,0.151,0,0.814,0,0,yolo,105.3,yolo,0,0,0,0.000,0,-1,0
1785654218.042,-2.249,-2.050,-0.171,0.9986,0,2.018,0.050,1.092,0.2341,8.706,-0.166,0.644,1.000,-1.092,-4.267,0.1400,-1.3446,0.056,0.085,-0.778,1.220,1.489,-2.000,0.0060,0.961,nan,0.00,1,1,1,1,1,0.0000,0.315,0,0.151,0,0.814,0,0,yolo,106.2,yolo,0,0,0,0.000,0,-1,0
1785654218.074,-2.313,-2.048,-0.274,0.9985,0,0.593,0.048,1.092,0.2448,8.706,-0.166,0.644,1.000,-1.092,-2.906,-0.0445,0.0746,0.040,0.040,-0.703,1.230,1.489,-2.000,0.0059,0.961,nan,0.00,1,1,1,0,1,0.0000,0.321,0,0.160,0,0.827,0,0,yolo,106.2,yolo,0,0,0,0.000,0,-1,0
1785654218.109,-2.313,-2.048,-0.274,0.9985,0,0.593,0.048,1.092,0.2447,8.706,-0.166,0.644,1.000,-1.092,-2.906,-0.0445,0.0746,0.040,0.040,-0.703,1.230,1.489,-2.000,0.0058,0.961,nan,0.00,1,1,1,0,1,0.0000,0.321,0,0.160,0,0.827,1,0,yolo,106.2,yolo,0,0,0,0.000,0,-1,0
1785654218.151,-2.397,-2.047,-0.408,0.9985,0,0.314,0.047,1.048,0.2281,8.427,-0.154,0.738,1.000,-1.048,-2.711,-0.0491,-0.6241,0.020,0.033,-0.625,1.242,1.406,-2.000,0.0058,1.044,nan,0.00,1,1,1,1,1,0.0000,0.320,0,0.158,0,0.835,0,0,yolo,102.4,yolo,0,0,0,0.000,0,-1,0
1785654218.183,-2.466,-2.046,-0.521,0.9984,0,0.040,0.046,1.048,0.2419,8.427,-0.154,0.738,1.000,-1.048,-2.505,-0.0297,0.0671,0.003,0.003,-0.558,1.253,1.406,-2.000,0.0058,1.044,nan,0.00,1,1,1,0,1,0.0000,0.422,0,0.153,1,0.842,0,0,yolo,102.4,yolo,0,0,0,0.000,0,-1,0
1785654218.215,-2.467,-2.045,-0.625,0.9984,0,-0.224,0.045,1.048,0.2444,8.427,-0.154,0.738,1.000,-1.048,-2.243,-0.0469,0.1223,-0.014,-0.014,-0.503,1.262,1.406,-2.000,0.0058,1.044,nan,0.00,1,1,1,0,1,0.0000,0.422,0,0.153,1,0.842,0,0,yolo,102.4,yolo,0,0,0,0.000,0,-1,0
1785654218.246,-2.446,-2.044,-0.715,0.9985,0,-0.434,0.044,1.048,0.2466,8.427,-0.154,0.738,1.000,-1.048,-2.012,-0.0621,0.1709,-0.029,-0.029,-0.454,1.271,1.406,-2.000,0.0058,1.044,nan,0.00,1,1,1,0,1,0.0000,0.521,0,0.146,2,0.837,0,0,yolo,102.4,yolo,0,0,0,0.000,0,-1,0
1785654218.278,-2.446,-2.044,-0.715,0.9985,0,-0.671,0.113,0.986,0.2299,8.147,-0.140,0.824,1.000,-0.986,-1.776,-0.0882,-0.7578,-0.029,-0.024,-0.454,1.271,1.330,-1.932,0.0058,1.120,nan,0.00,1,1,1,1,1,0.0000,0.521,0,0.146,2,0.837,0,0,yolo,114.6,yolo,0,0,0,0.000,0,-1,0
1785654218.309,-2.403,-2.044,-0.813,0.9985,0,-0.522,0.168,0.986,0.2390,8.147,-0.140,0.824,1.000,-0.986,-1.881,-0.0216,0.0530,-0.045,-0.045,-0.401,1.280,1.330,-1.876,0.0058,1.120,nan,0.00,1,1,1,0,1,0.0000,0.520,0,0.145,2,0.828,0,0,yolo,114.6,yolo,0,0,0,0.000,0,-1,0
1785654218.344,-2.349,-2.028,-0.910,0.9985,0,-0.720,0.197,0.986,0.2417,8.147,-0.140,0.824,1.000,-0.986,-1.629,-0.0378,0.1119,-0.061,-0.061,-0.342,1.289,1.333,-1.831,0.0058,1.117,nan,0.00,1,1,1,0,1,0.0000,0.520,0,0.145,2,0.828,1,0,yolo,114.6,yolo,0,0,0,0.000,0,-1,0
1785654218.386,-2.275,-2.012,-1.001,0.9986,0,-1.244,0.371,0.894,0.2250,7.928,-0.124,0.898,1.000,-0.894,-1.032,-0.0954,-0.4666,-0.076,-0.067,-0.285,1.298,1.270,-1.641,0.0058,1.180,nan,0.00,1,1,1,1,1,0.0000,0.523,0,0.148,2,0.841,0,0,yolo,109.4,yolo,0,0,0,0.000,0,-1,0
1785654218.417,-2.141,-1.975,-1.091,0.9987,0,-1.016,0.353,0.894,0.2382,7.928,-0.124,0.898,1.000,-0.894,-1.125,-0.0242,0.0728,-0.091,-0.091,-0.212,1.307,1.276,-1.622,0.0058,1.174,nan,0.00,1,1,1,0,1,0.0000,0.522,0,0.147,2,0.841,0,0,yolo,109.4,yolo,0,0,0,0.000,0,-1,0
1785654218.448,-2.141,-1.975,-1.091,0.9987,0,-1.016,0.263,0.894,0.2382,7.928,-0.124,0.898,1.000,-0.894,-1.125,-0.0242,0.0728,-0.091,-0.091,-0.212,1.307,1.276,-1.712,0.0058,1.174,nan,0.00,1,1,1,0,1,0.0000,0.520,0,0.145,2,0.840,0,0,yolo,109.4,yolo,0,0,0,0.000,0,-1,0
1785654218.486,-2.036,-1.941,-1.176,0.9988,0,-1.908,0.469,0.712,0.2215,8.032,-0.100,0.986,1.000,-0.712,-0.128,-0.1917,-0.6466,-0.105,-0.065,-0.137,1.316,1.200,-1.473,0.0058,1.261,nan,0.00,1,1,1,1,1,0.0000,0.520,0,0.145,2,0.840,1,0,yolo,112.0,yolo,0,0,0,0.000,0,-1,0
1785654218.524,-1.837,-1.896,-1.247,0.9989,0,-1.574,0.456,0.712,0.2365,8.032,-0.100,0.986,1.000,-0.712,-0.263,-0.0524,0.0888,-0.117,-0.117,-0.048,1.323,1.200,-1.440,0.0058,1.254,nan,0.00,1,1,1,0,1,0.0000,0.527,0,0.152,2,0.809,0,0,yolo,112.0,yolo,0,0,0,0.000,0,-1,0
1785654218.555,-1.677,-1.851,-1.311,0.9990,0,-1.582,0.427,0.712,0.2406,8.032,-0.100,0.986,1.000,-0.712,-0.096,-0.0631,0.1777,-0.128,-0.128,0.041,1.331,1.203,-1.425,0.0058,1.247,nan,0.00,1,1,1,0,1,0.0000,0.428,0,0.159,1,0.803,0,0,yolo,112.0,yolo,0,0,0,0.000,0,-1,0
1785654218.586,-1.677,-1.851,-1.311,0.9990,0,-3.082,0.356,0.561,0.2240,7.702,-0.075,1.031,1.000,-0.561,3.349,-0.6088,-0.9957,-0.128,-0.153,0.041,1.331,1.200,-1.495,0.0058,1.281,nan,0.00,1,1,1,1,1,0.0000,0.428,0,0.159,1,0.803,0,0,yolo,112.8,yolo,0,0,0,0.000,0,-1,0
1785654218.617,-1.511,-1.808,-1.381,0.9992,0,-1.582,0.354,0.561,0.2359,7.702,-0.075,1.031,1.000,-0.561,0.048,0.0159,0.0919,-0.137,-0.137,0.133,1.338,1.200,-1.454,0.0058,1.275,nan,0.00,1,1,1,0,1,0.0000,0.319,0,0.157,0,0.789,0,0,yolo,112.8,yolo,0,0,0,0.000,0,-1,0
1785654218.656,-1.336,-1.766,-1.452,0.9993,0,-1.514,0.342,0.561,0.2397,7.702,-0.075,1.031,1.000,-0.561,0.178,0.0079,0.1733,-0.145,-0.145,0.214,1.345,1.200,-1.423,0.0058,1.269,nan,0.00,1,1,1,0,1,0.0000,0.435,0,0.169,1,0.765,0,0,yolo,112.8,yolo,0,0,0,0.000,0,-1,0
1785654218.696,-1.177,-1.731,-1.501,0.9993,0,-1.460,0.324,0.561,0.2427,7.702,-0.075,1.031,1.000,-0.561,0.284,0.0013,0.2364,-0.152,-0.152,0.277,1.351,1.200,-1.408,0.0058,1.264,nan,0.00,1,1,1,0,1,0.0000,0.435,0,0.169,1,0.765,0,0,yolo,112.8,yolo,0,0,0,0.000,0,-1,0
1785654218.728,-1.023,-1.698,-1.552,0.9994,0,-2.197,0.301,0.411,0.2265,7.433,-0.053,1.062,1.000,-0.411,1.174,-0.1165,-0.1100,-0.157,-0.140,0.337,1.356,1.200,-1.396,0.0058,1.283,nan,0.00,1,1,1,1,1,0.0000,0.327,0,0.169,0,0.753,0,0,yolo,112.5,yolo,0,0,0,0.000,0,-1,0
1785654218.767,-1.023,-1.698,-1.552,0.9994,0,-1.895,0.238,0.411,0.2315,7.433,-0.053,1.062,1.000,-0.411,0.872,-0.0169,0.0000,-0.157,-0.157,0.337,1.356,1.200,-1.460,0.0058,1.283,nan,0.00,1,1,1,0,1,0.0000,0.327,0,0.170,0,0.745,0,0,yolo,112.5,yolo,0,0,0,0.000,0,-1,0
1785654218.813,-0.775,-1.665,-1.595,0.9995,0,-3.363,0.237,0.202,0.2275,7.170,-0.025,1.083,1.000,-0.202,2.587,-0.2616,-0.0839,-0.160,-0.149,0.410,1.362,1.200,-1.428,0.0058,1.291,nan,0.00,1,1,1,1,1,0.0000,0.327,0,0.170,0,0.745,1,0,yolo,109.6,yolo,0,0,0,0.000,0,-1,0
1785654218.845,-0.586,-1.641,-1.629,0.9995,0,-2.084,0.230,0.202,0.2346,7.170,-0.025,1.083,1.000,-0.202,1.498,-0.0129,0.0726,-0.162,-0.162,0.483,1.367,1.200,-1.411,0.0058,1.288,nan,0.00,1,1,1,0,1,0.0000,0.328,0,0.172,0,0.746,1,0,yolo,109.6,yolo,0,0,0,0.000,0,-1,0
1785654218.873,-0.238,-1.617,-1.651,0.9996,0,-1.698,0.219,0.202,0.2383,7.170,-0.025,1.083,1.000,-0.202,1.460,-0.0107,0.1540,-0.160,-0.160,0.564,1.372,1.200,-1.398,0.0058,1.285,nan,0.00,1,1,1,0,1,0.0000,0.329,0,0.174,0,0.730,0,0,yolo,109.6,yolo,0,0,0,0.000,0,-1,0
1785654218.905,-0.043,-1.593,-1.666,0.9996,0,-1.458,0.206,0.202,0.2423,7.170,-0.025,1.083,1.000,-0.202,1.415,-0.0080,0.2404,-0.157,-0.157,0.650,1.377,1.200,-1.387,0.0058,1.282,nan,0.00,1,1,1,0,1,0.0000,0.330,0,0.175,0,0.730,0,0,yolo,109.6,yolo,0,0,0,0.000,0,-1,0
1785654218.933,0.104,-1.571,-1.685,0.9996,0,-2.958,0.190,-0.200,0.2344,6.886,0.024,1.085,1.000,0.200,4.443,-0.3627,0.0592,-0.153,-0.171,0.726,1.381,1.200,-1.381,0.0058,1.274,nan,0.00,1,1,1,1,1,0.0000,0.330,0,0.174,0,0.741,0,0,yolo,110.3,yolo,0,0,0,0.000,0,-1,0
1785654218.965,0.104,-1.571,-1.685,0.9996,0,-2.222,0.140,-0.200,0.2317,6.886,0.024,1.085,1.000,0.200,2.325,0.0174,0.0000,-0.153,-0.153,0.726,1.381,1.200,-1.431,0.0058,1.274,nan,0.00,1,1,1,0,1,0.0000,0.330,0,0.174,0,0.741,0,0,yolo,110.3,yolo,0,0,0,0.000,0,-1,0
1785654219.005,0.348,-1.556,-1.672,0.9996,0,-1.870,0.148,-0.200,0.2484,6.886,0.024,1.085,1.000,0.200,2.217,0.0236,0.0770,-0.147,-0.147,0.803,1.385,1.200,-1.408,0.0058,1.272,nan,0.00,1,1,1,0,1,0.0000,0.332,0,0.178,0,0.744,1,0,yolo,110.3,yolo,0,0,0,0.000,0,-1,0
1785654219.030,0.555,-1.538,-1.642,0.9996,0,-1.532,0.150,-0.200,0.2650,6.886,0.024,1.085,1.000,0.200,2.087,0.0311,0.1479,-0.140,-0.140,0.874,1.390,1.200,-1.388,0.0058,1.270,nan,0.00,1,1,1,0,1,0.0000,0.331,0,0.177,0,0.747,0,0,yolo,110.3,yolo,0,0,0,0.000,0,-1,0
1785654219.066,0.555,-1.538,-1.642,0.9996,0,-3.032,0.109,-0.604,0.2699,7.039,0.074,1.090,1.000,0.604,5.661,-0.3722,-0.0664,-0.140,-0.188,0.874,1.390,1.200,-1.430,0.0058,1.279,nan,0.00,1,1,1,1,1,0.0000,0.331,0,0.177,0,0.747,2,0,yolo,117.3,yolo,0,0,0,0.000,0,-1,0
1785654219.107,0.720,-1.522,-1.624,0.9996,0,-2.109,0.116,-0.604,0.2700,7.039,0.074,1.090,1.000,0.604,2.829,0.0564,0.0567,-0.131,-0.131,0.931,1.394,1.200,-1.405,0.0058,1.277,nan,0.00,1,1,1,0,1,0.0000,0.439,0,0.174,1,0.777,0,0,yolo,117.3,yolo,0,0,0,0.000,0,-1,0
1785654219.139,1.071,-1.511,-1.570,0.9995,0,-1.527,0.125,-0.604,0.2700,7.039,0.074,1.090,1.000,0.604,2.597,0.0699,0.0994,-0.118,-0.118,0.973,1.398,1.200,-1.386,0.0058,1.276,nan,0.00,1,1,1,0,1,0.0000,0.468,0,0.210,1,0.828,0,0,yolo,117.3,yolo,0,0,0,0.000,0,-1,0
1785654219.169,1.283,-1.499,-1.507,0.9994,0,-3.027,0.123,-0.848,0.2700,7.046,0.104,1.071,1.000,0.848,5.724,-0.2992,0.1878,-0.106,-0.173,0.999,1.401,1.200,-1.376,0.0058,1.257,nan,0.00,1,1,1,1,1,0.0000,0.468,0,0.210,1,0.828,0,0,yolo,110.4,yolo,0,0,0,0.000,0,-1,0
1785654219.201,1.562,-1.489,-1.443,0.9993,0,-1.527,0.117,-0.848,0.2700,7.046,0.104,1.071,1.000,0.848,2.831,0.0813,-0.0022,-0.092,-0.092,0.997,1.404,1.200,-1.372,0.0058,1.256,nan,0.00,1,1,1,0,1,0.0000,0.578,0,0.203,1,0.835,0,0,yolo,110.4,yolo,0,0,0,0.000,0,-1,0
1785654219.238,1.706,-1.480,-1.368,0.9992,0,-0.906,0.113,-0.848,0.2700,7.046,0.104,1.071,1.000,0.848,2.611,0.0940,-0.0098,-0.079,-0.079,0.990,1.407,1.200,-1.367,0.0058,1.255,nan,0.00,1,1,1,0,1,0.0000,0.578,0,0.203,1,0.835,2,0,yolo,110.4,yolo,0,0,0,0.000,0,-1,0
1785654219.280,1.785,-1.471,-1.296,0.9992,0,-2.406,-0.007,-1.048,0.2701,6.988,0.128,1.021,1.000,1.048,5.615,-0.2442,0.5216,-0.067,-0.144,0.980,1.410,1.247,-1.478,0.0058,1.203,nan,0.00,1,1,1,1,1,0.0000,0.466,0,0.207,0,0.832,0,0,yolo,108.3,yolo,0,0,0,0.000,0,-1,0
1785654219.311,1.785,-1.471,-1.296,0.9992,0,-1.271,-0.041,-1.048,0.2701,6.988,0.128,1.021,1.000,1.048,3.056,0.0774,0.0000,-0.067,-0.067,0.980,1.410,1.247,-1.512,0.0058,1.203,nan,0.00,1,1,1,0,1,0.0000,0.470,0,0.212,0,0.836,0,0,yolo,108.3,yolo,0,0,0,0.000,0,-1,0
1785654219.347,2.075,-1.476,-1.195,0.9990,0,-0.642,-0.006,-1.048,0.2701,6.988,0.128,1.021,1.000,1.048,2.717,0.0970,-0.0120,-0.047,-0.047,0.968,1.414,1.246,-1.482,0.0058,1.204,nan,0.00,1,1,1,0,1,0.0000,0.470,0,0.212,0,0.836,2,0,yolo,108.3,yolo,0,0,0,0.000,0,-1,0
1785654219.374,2.123,-1.480,-1.086,0.9990,0,-2.142,-0.208,-1.313,0.2776,6.851,0.157,0.932,1.000,1.313,6.471,-0.3174,0.9086,-0.032,-0.128,0.956,1.418,1.337,-1.688,0.0058,1.113,nan,0.00,1,1,1,1,1,0.0000,0.471,0,0.214,0,0.832,0,0,yolo,116.9,yolo,0,0,0,0.000,0,-1,0
1785654219.409,2.348,-1.505,-0.977,0.9988,0,-0.642,-0.154,-1.313,0.2702,6.851,0.157,0.932,1.000,1.313,2.885,0.1140,-0.0135,-0.014,-0.014,0.942,1.422,1.333,-1.659,0.0058,1.117,nan,0.00,1,1,1,0,1,0.0000,0.471,0,0.214,0,0.832,2,0,yolo,116.9,yolo,0,0,0,0.000,0,-1,0
1785654219.436,2.348,-1.505,-0.977,0.9988,0,-0.537,-0.190,-1.313,0.2702,6.851,0.157,0.932,1.000,1.313,2.885,0.1140,-0.0135,-0.014,-0.014,0.942,1.422,1.333,-1.695,0.0058,1.117,nan,0.00,1,1,1,0,1,0.0000,0.442,0,0.177,1,0.846,0,0,yolo,116.9,yolo,0,0,0,0.000,0,-1,0
1785654219.473,2.389,-1.529,-0.846,0.9988,0,-0.211,-0.125,-1.313,0.2702,6.851,0.157,0.932,1.000,1.313,2.600,0.1302,-0.0281,0.003,0.003,0.928,1.426,1.330,-1.654,0.0058,1.120,nan,0.00,1,1,1,0,1,0.0000,0.592,0,0.217,1,0.798,0,0,yolo,116.9,yolo,0,0,0,0.000,0,-1,0
1785654219.513,2.411,-1.545,-0.728,0.9988,0,-1.711,-0.294,-1.507,0.2702,6.718,0.177,0.849,1.000,1.507,5.646,-0.1700,0.6279,0.018,-0.081,0.915,1.430,1.414,-1.839,0.0058,1.036,nan,0.00,1,1,1,1,1,0.0000,0.592,0,0.217,1,0.798,0,0,yolo,114.1,yolo,0,0,0,0.000,0,-1,0
1785654219.546,2.601,-1.582,-0.594,0.9986,0,-0.211,-0.216,-1.507,0.2702,6.718,0.177,0.849,1.000,1.507,2.707,0.1174,-0.0121,0.037,0.037,0.903,1.435,1.409,-1.798,0.0058,1.041,nan,0.00,1,1,1,0,1,0.0000,0.572,0,0.197,1,0.810,0,0,yolo,114.1,yolo,0,0,0,0.000,0,-1,0
1785654219.583,2.613,-1.608,-0.458,0.9986,0,0.179,-0.161,-1.507,0.2702,6.718,0.177,0.849,1.000,1.507,2.434,0.1328,-0.0234,0.052,0.052,0.892,1.440,1.406,-1.769,0.0058,1.044,nan,0.00,1,1,1,0,1,0.0000,0.572,0,0.197,1,0.810,2,0,yolo,114.1,yolo,0,0,0,0.000,0,-1,0
1785654219.624,2.592,-1.631,-0.312,0.9986,0,-1.321,-0.392,-1.547,0.2869,6.611,0.179,0.736,1.000,1.547,4.369,-0.0465,1.1256,0.069,-0.021,0.881,1.445,1.519,-2.023,0.0057,0.931,nan,0.00,1,1,1,1,1,0.0000,0.565,0,0.190,1,0.776,0,0,yolo,117.5,yolo,0,0,0,0.000,0,-1,0
1785654219.655,2.592,-1.631,-0.312,0.9986,0,0.063,-0.440,-1.547,0.2702,6.611,0.179,0.736,1.000,1.547,2.529,0.0893,0.0000,0.069,0.069,0.881,1.445,1.519,-2.071,0.0057,0.931,nan,0.00,1,1,1,0,1,0.0000,0.568,0,0.193,1,0.766,0,0,yolo,117.5,yolo,0,0,0,0.000,0,-1,0
1785654219.686,2.770,-1.687,-0.153,0.9984,0,0.636,-0.311,-1.547,0.2700,6.611,0.179,0.736,1.000,1.547,2.134,0.1113,-0.0174,0.091,0.091,0.864,1.452,1.512,-1.998,0.0056,0.938,nan,0.00,1,1,1,0,1,0.0000,0.568,0,0.193,1,0.766,0,0,yolo,117.5,yolo,0,0,0,0.000,0,-1,0
1785654219.717,2.681,-1.724,-0.009,0.9985,0,0.819,-0.229,-1.547,0.2699,6.611,0.179,0.736,1.000,1.547,1.862,0.1264,-0.0327,0.106,0.106,0.849,1.458,1.508,-1.953,0.0055,0.942,nan,0.00,1,1,1,0,1,0.0000,0.340,0,0.192,2,0.753,0,0,yolo,117.5,yolo,0,0,0,0.000,0,-1,0
1785654219.753,2.681,-1.724,-0.009,0.9985,0,-0.380,-0.582,-1.498,0.2778,6.171,0.161,0.629,1.000,1.498,3.061,0.0318,0.7242,0.106,0.038,0.849,1.458,1.628,-2.306,0.0054,0.822,nan,0.00,1,1,1,1,1,0.0000,0.340,0,0.192,2,0.753,2,0,yolo,120.9,yolo,0,0,0,0.000,0,-1,0
1785654219.794,2.598,-1.754,0.136,0.9985,0,0.941,-0.498,-1.498,0.2697,6.171,0.161,0.629,1.000,1.498,1.656,0.0827,-0.0128,0.120,0.120,0.836,1.464,1.625,-2.252,0.0053,0.825,nan,0.00,1,1,1,0,1,0.0000,0.587,0,0.212,1,0.729,0,0,yolo,120.9,yolo,0,0,0,0.000,0,-1,0
1785654219.825,2.661,-1.834,0.290,0.9984,0,1.365,-0.331,-1.498,0.2696,6.171,0.161,0.629,1.000,1.498,1.295,0.1018,-0.0305,0.139,0.139,0.818,1.473,1.617,-2.165,0.0052,0.833,nan,0.00,1,1,1,0,1,0.0000,0.353,0,0.213,0,0.741,0,0,yolo,120.9,yolo,0,0,0,0.000,0,-1,0
1785654219.856,2.510,-1.869,0.421,0.9985,0,0.798,-0.509,-1.377,0.2863,5.844,0.143,0.539,0.974,1.399,1.713,0.1506,1.4701,0.152,0.067,0.805,1.479,1.715,-2.379,0.0051,0.735,nan,0.00,1,1,1,1,1,0.0000,0.353,0,0.213,0,0.741,0,0,yolo,118.5,yolo,0,0,0,0.000,0,-1,0
1785654219.887,2.382,-1.916,0.556,0.9986,0,1.790,-0.413,-1.389,0.2696,5.844,0.143,0.539,0.974,1.399,0.591,0.0966,-0.0119,0.164,0.164,0.793,1.487,1.710,-2.330,0.0051,0.740,nan,0.00,1,1,1,0,1,0.0000,0.356,0,0.219,0,0.774,0,0,yolo,118.5,yolo,0,0,0,0.000,0,-1,0
1785654219.918,2.382,-1.916,0.556,0.9986,0,1.790,-0.482,-1.398,0.2530,5.844,0.143,0.539,0.974,1.399,0.591,0.0966,-0.0119,0.164,0.164,0.793,1.487,1.710,-2.398,0.0050,0.740,nan,0.00,1,1,1,0,1,0.0000,0.356,0,0.219,0,0.774,0,0,yolo,118.5,yolo,0,0,0,0.000,0,-1,0
1785654219.950,2.178,-1.964,0.686,0.9987,0,1.784,-0.362,-1.405,0.2455,5.844,0.143,0.539,0.974,1.399,0.394,0.1069,-0.0321,0.174,0.174,0.773,1.495,1.706,-2.327,0.0049,0.744,nan,0.00,1,1,1,0,1,0.0000,0.616,0,0.241,1,0.786,0,0,yolo,118.5,yolo,0,0,0,0.000,0,-1,0
1785654219.982,2.006,-2.004,0.809,0.9988,0,0.525,-0.496,-1.323,0.2621,5.500,0.123,0.443,0.917,1.280,1.481,0.0863,0.7864,0.182,0.074,0.780,1.503,1.810,-2.500,0.0049,0.640,nan,0.00,1,1,1,1,1,0.0000,0.735,0,0.237,2,0.836,0,0,yolo,128.2,yolo,0,0,0,0.000,0,-1,0
1785654220.012,2.006,-2.004,0.809,0.9988,0,2.025,-0.496,-1.335,0.2499,5.500,0.123,0.443,0.917,1.280,-0.175,0.1085,0.0000,0.182,0.182,0.780,1.503,1.810,-2.500,0.0048,0.640,nan,0.00,1,1,1,0,1,0.0000,0.729,0,0.232,2,0.845,0,0,yolo,128.2,yolo,0,0,0,0.000,0,-1,0
1785654220.042,1.961,-2.065,0.941,0.9988,0,2.340,-0.435,-1.343,0.2503,5.500,0.123,0.443,0.917,1.280,-0.380,0.1193,0.0144,0.193,0.193,0.795,1.512,1.805,-2.500,0.0047,0.645,nan,0.00,1,1,1,0,1,0.0000,0.729,0,0.232,2,0.845,0,0,yolo,128.2,yolo,0,0,0,0.000,0,-1,0
1785654220.075,1.692,-2.114,1.065,0.9989,0,2.173,-0.340,-1.350,0.2670,5.500,0.123,0.443,0.917,1.280,-0.481,0.1247,0.0454,0.198,0.198,0.826,1.521,1.800,-2.455,0.0047,0.650,nan,0.00,1,1,1,0,1,0.0000,0.733,0,0.236,2,0.845,0,0,yolo,128.2,yolo,0,0,0,0.000,0,-1,0
1785654220.114,1.476,-2.151,1.185,0.9990,0,1.431,-0.349,-1.112,0.2811,5.222,0.088,0.346,0.870,0.962,0.045,0.1738,0.6341,0.202,0.090,0.863,1.530,1.906,-2.500,0.0046,0.544,nan,0.00,1,1,1,1,1,0.0000,0.733,0,0.236,2,0.845,2,0,yolo,122.1,yolo,0,0,0,0.000,0,-1,0
1785654220.153,1.342,-2.188,1.286,0.9990,0,2.704,-0.312,-1.111,0.2688,5.222,0.088,0.346,0.870,0.962,-1.362,0.1158,0.0329,0.206,0.206,0.896,1.538,1.903,-2.500,0.0046,0.547,nan,0.00,1,1,1,0,1,0.0000,0.728,0,0.232,2,0.838,0,0,yolo,122.1,yolo,0,0,0,0.000,0,-1,0
1785654220.185,1.342,-2.188,1.286,0.9990,0,2.704,-0.312,-1.111,0.2688,5.222,0.088,0.346,0.870,0.962,-1.362,0.1158,0.0329,0.206,0.206,0.896,1.538,1.903,-2.500,0.0045,0.547,nan,0.00,1,1,1,0,1,0.0000,0.243,0,0.231,0,0.820,0,0,yolo,122.1,yolo,0,0,0,0.000,0,-1,0
1785654220.217,1.036,-2.224,1.385,0.9991,0,2.394,-0.276,-1.111,0.2687,5.222,0.088,0.346,0.870,0.962,-1.359,0.1157,0.0436,0.206,0.206,0.907,1.548,1.900,-2.500,0.0044,0.550,nan,0.00,1,1,1,0,1,0.0000,0.485,0,0.231,0,0.820,0,0,yolo,122.1,yolo,0,0,0,0.000,0,-1,0
1785654220.248,0.742,-2.257,1.483,0.9991,0,2.496,-0.243,-0.786,0.2854,5.002,0.053,0.254,0.834,0.607,-1.754,0.3094,0.9852,0.203,0.121,0.910,1.557,1.999,-2.500,0.0044,0.451,nan,0.00,1,1,1,1,1,0.0000,0.598,0,0.223,1,0.792,0,0,yolo,124.9,yolo,0,0,0,0.000,0,-1,0
1785654220.278,0.494,-2.285,1.579,0.9992,0,2.424,-0.215,-0.732,0.2687,5.002,0.053,0.254,0.834,0.607,-1.931,0.0793,-0.0158,0.200,0.200,0.894,1.566,1.996,-2.500,0.0044,0.454,nan,0.00,1,1,1,0,1,0.0000,0.733,0,0.236,2,0.769,0,0,yolo,124.9,yolo,0,0,0,0.000,0,-1,0
1785654220.310,0.494,-2.285,1.579,0.9992,0,2.424,-0.215,-0.692,0.2685,5.002,0.053,0.254,0.834,0.607,-1.931,0.0793,-0.0158,0.200,0.200,0.894,1.566,1.996,-2.500,0.0043,0.454,nan,0.00,1,1,1,0,1,0.0000,0.591,0,0.216,1,0.753,0,0,yolo,124.9,yolo,0,0,0,0.000,0,-1,0
1785654220.350,0.230,-2.310,1.643,0.9992,0,3.335,-0.190,-0.264,0.2852,4.834,0.017,0.136,0.806,0.204,-3.105,0.3402,1.2324,0.195,0.150,0.877,1.576,2.089,-2.500,0.0043,0.330,nan,0.00,1,1,1,1,1,0.0000,0.458,0,0.198,0,0.749,0,0,yolo,115.5,yolo,0,0,0,0.000,0,-1,0
1785654220.389,-0.028,-2.333,1.708,0.9992,0,2.418,-0.167,-0.176,0.2685,4.834,0.017,0.136,0.806,0.204,-2.446,0.0388,-0.0126,0.189,0.189,0.864,1.585,2.087,-2.500,0.0042,0.332,nan,0.00,1,1,1,0,1,0.0000,0.458,0,0.198,0,0.749,0,0,yolo,115.5,yolo,0,0,0,0.000,0,-1,0
1785654220.420,-0.286,-2.352,1.732,0.9991,0,2.020,-0.148,-0.110,0.2684,4.834,0.017,0.136,0.806,0.204,-2.307,0.0312,-0.0238,0.181,0.181,0.853,1.595,2.086,-2.500,0.0042,0.334,nan,0.00,1,1,1,0,1,0.0000,0.792,0,0.191,3,0.735,0,0,yolo,115.5,yolo,0,0,0,0.000,0,-1,0
1785654220.456,-0.483,-2.367,1.731,0.9991,0,3.357,-0.133,0.515,0.2851,4.617,-0.019,0.010,0.770,-0.240,-3.840,0.2684,0.9943,0.174,0.164,0.847,1.604,2.123,-2.500,0.0042,0.201,nan,0.00,1,1,1,1,1,0.0000,0.792,0,0.191,3,0.735,2,0,yolo,115.6,yolo,0,0,0,0.000,0,-1,0
1785654220.498,-0.846,-2.382,1.691,0.9990,0,1.936,-0.118,0.715,0.2684,4.617,-0.019,0.010,0.770,-0.240,-2.782,-0.0014,-0.0067,0.162,0.162,0.840,1.613,2.123,-2.500,0.0042,0.202,nan,0.00,1,1,1,0,1,0.0000,0.432,0,0.165,0,0.738,0,0,yolo,115.6,yolo,0,0,0,0.000,0,-1,0
1785654220.529,-0.846,-2.382,1.691,0.9990,0,1.936,-0.118,0.865,0.2684,4.617,-0.019,0.010,0.770,-0.240,-2.782,-0.0014,-0.0067,0.162,0.162,0.840,1.613,2.123,-2.500,0.0041,0.202,nan,0.00,1,1,1,0,1,0.0000,0.406,0,0.133,1,0.722,0,0,yolo,115.6,yolo,0,0,0,0.000,0,-1,0
1785654220.559,-1.033,-2.397,1.612,0.9990,0,1.575,-0.103,0.977,0.2684,4.617,-0.019,0.010,0.770,-0.240,-2.608,-0.0110,-0.0138,0.153,0.153,0.833,1.622,2.123,-2.500,0.0041,0.204,nan,0.00,1,1,1,0,1,0.0000,0.406,0,0.133,1,0.722,0,0,yolo,115.6,yolo,0,0,0,0.000,0,-1,0
1785654220.591,-1.190,-2.410,1.525,0.9989,0,3.075,-0.090,1.339,0.2851,4.379,-0.052,-0.110,0.730,-0.683,-4.454,0.2541,0.9638,0.143,0.159,0.826,1.631,2.076,-2.500,0.0041,0.075,nan,0.00,1,1,1,1,1,0.0000,0.259,0,0.057,1,0.667,0,0,yolo,119.8,yolo,0,0,0,0.000,0,-1,0
1785654220.622,-1.504,-2.422,1.410,0.9988,0,1.575,-0.078,1.273,0.2684,4.379,-0.052,-0.110,0.730,-0.683,-3.017,-0.0284,-0.0128,0.131,0.131,0.813,1.639,2.076,-2.500,0.0041,0.076,nan,0.00,1,1,1,0,1,0.0000,0.259,0,0.057,1,0.667,0,0,yolo,119.8,yolo,0,0,0,0.000,0,-1,0
1785654220.653,-1.642,-2.433,1.296,0.9987,0,1.191,-0.067,1.223,0.2685,4.379,-0.052,-0.110,0.730,-0.683,-2.832,-0.0387,-0.0250,0.121,0.121,0.801,1.647,2.076,-2.500,0.0041,0.077,nan,0.00,1,1,1,0,1,0.0000,0.191,0,0.102,1,0.625,0,0,yolo,119.8,yolo,0,0,0,0.000,0,-1,0
1785654220.690,-1.642,-2.433,1.296,0.9987,0,2.691,-0.067,1.552,0.2851,4.161,-0.077,-0.236,0.693,-1.057,-4.983,0.2714,1.3394,0.121,0.154,0.801,1.647,2.032,-2.500,0.0041,-0.057,nan,0.00,1,1,1,1,1,0.0000,0.382,0,0.102,1,0.625,1,0,yolo,115.8,yolo,0,0,0,0.000,0,-1,0
1785654220.731,-2.012,-2.454,1.073,0.9985,0,1.191,-0.046,1.551,0.2695,4.161,-0.077,-0.236,0.693,-1.057,-2.997,-0.0587,-0.0156,0.096,0.096,0.785,1.663,2.032,-2.500,0.0041,-0.054,nan,0.00,1,1,1,0,1,0.0000,0.249,0,0.039,1,0.590,0,0,yolo,115.8,yolo,0,0,0,0.000,0,-1,0
1785654220.762,-2.012,-2.454,1.073,0.9985,0,0.985,-0.046,1.549,0.2695,4.161,-0.077,-0.236,0.693,-1.057,-2.997,-0.0587,-0.0156,0.096,0.096,0.785,1.663,2.032,-2.500,0.0041,-0.054,nan,0.00,1,1,1,0,1,0.0000,0.337,0,0.046,2,0.524,0,0,yolo,115.8,yolo,0,0,0,0.000,0,-1,0
1785654220.793,-2.116,-2.463,0.936,0.9984,0,0.666,-0.037,1.548,0.2689,4.161,-0.077,-0.236,0.693,-1.057,-2.782,-0.0708,-0.0286,0.083,0.083,0.772,1.671,2.032,-2.500,0.0041,-0.054,nan,0.00,1,1,1,0,1,0.0000,0.165,0,0.038,2,0.533,0,0,yolo,115.8,yolo,0,0,0,0.000,0,-1,0
1785654220.824,-2.171,-2.472,0.804,0.9984,0,2.166,-0.028,1.770,0.2855,3.957,-0.104,-0.338,0.659,-1.503,-5.410,0.3078,1.0904,0.072,0.134,0.766,1.679,1.991,-2.500,0.0041,-0.163,nan,0.00,1,1,1,1,1,0.0000,0.330,0,0.038,2,0.533,0,0,yolo,120.4,yolo,0,0,0,0.000,0,-1,0
1785654220.860,-2.409,-2.482,0.646,0.9982,0,0.666,-0.007,1.674,0.2729,3.957,-0.104,-0.338,0.659,-1.503,-3.004,-0.0791,-0.0125,0.055,0.055,0.754,1.687,1.991,-2.489,0.0042,-0.161,nan,0.00,1,1,1,0,1,0.0000,0.330,0,0.038,2,0.533,3,0,yolo,120.4,yolo,0,0,0,0.000,0,-1,0
1785654220.903,-2.461,-2.489,0.496,0.9981,0,0.305,0.026,1.603,0.2722,3.957,-0.104,-0.338,0.659,-1.503,-2.766,-0.0926,-0.0293,0.041,0.041,0.737,1.696,1.991,-2.463,0.0042,-0.161,nan,0.00,1,1,1,0,1,0.0000,0.398,0,0.123,1,0.464,0,0,yolo,120.4,yolo,0,0,0,0.000,0,-1,0
1785654220.935,-2.486,-2.493,0.354,0.9981,0,1.346,0.205,1.756,0.2889,3.729,-0.106,-0.435,0.622,-1.627,-3.832,0.0607,0.8012,0.027,0.078,0.725,1.704,1.933,-2.288,0.0042,-0.268,nan,0.00,1,1,1,1,1,0.0000,0.350,0,0.251,2,0.246,0,0,yolo,119.6,yolo,0,0,0,0.000,0,-1,0
1785654220.965,-2.486,-2.493,0.354,0.9981,0,0.277,0.120,1.805,0.2768,3.729,-0.106,-0.435,0.622,-1.627,-2.764,-0.0505,0.0000,0.027,0.027,0.725,1.704,1.933,-2.373,0.0042,-0.268,nan,0.00,1,1,1,0,1,0.0000,0.700,0,0.251,2,0.246,0,0,yolo,119.6,yolo,0,0,0,0.000,0,-1,0
1785654220.996,-2.614,-2.480,0.214,0.9980,0,-0.110,0.148,1.841,0.2761,3.729,-0.106,-0.435,0.622,-1.627,-2.504,-0.0654,-0.0176,0.013,0.013,0.707,1.711,1.932,-2.332,0.0043,-0.268,nan,0.00,1,1,1,0,1,0.0000,1.000,0,0.260,5,0.199,0,0,yolo,119.6,yolo,0,0,0,0.000,0,-1,0
1785654221.027,-2.632,-2.477,0.050,0.9980,0,-0.376,0.186,1.868,0.2749,3.729,-0.106,-0.435,0.622,-1.627,-2.256,-0.0797,-0.0441,-0.002,-0.002,0.681,1.719,1.932,-2.291,0.0043,-0.268,nan,0.00,1,1,1,0,1,0.0000,1.000,0,0.260,5,0.199,0,0,yolo,119.6,yolo,0,0,0,0.000,0,-1,0
1785654221.056,-2.584,-2.466,-0.130,0.9981,0,0.569,0.500,1.797,0.2916,3.504,-0.106,-0.525,0.584,-1.732,-3.153,0.0640,1.0001,-0.016,0.031,0.657,1.728,1.818,-1.966,0.0043,-0.368,nan,0.00,1,1,1,1,1,-0.6263,1.000,1,0.284,5,0.182,0,0,yolo,116.4,yolo,0,0,0,0.000,0,-1,0
1785654221.089,-2.584,-2.466,-0.130,0.9981,0,-0.414,0.422,1.680,0.2800,3.504,-0.106,-0.525,0.584,-1.732,-2.170,-0.0462,0.0000,-0.016,-0.016,0.657,1.728,1.818,-2.043,0.0044,-0.368,nan,0.00,1,1,1,0,1,0.0000,0.875,0,0.277,3,0.183,0,0,yolo,116.4,yolo,0,0,0,0.000,0,-1,0
1785654221.120,-2.655,-2.418,-0.304,0.9980,0,-0.755,0.426,1.593,0.2787,3.504,-0.106,-0.525,0.584,-1.732,-1.899,-0.0619,-0.0306,-0.031,-0.031,0.626,1.735,1.816,-1.992,0.0044,-0.371,nan,0.00,1,1,1,0,1,0.0000,0.875,0,0.277,3,0.183,0,0,yolo,116.4,yolo,0,0,0,0.000,0,-1,0
1785654221.151,-2.566,-2.384,-0.450,0.9981,0,-0.892,0.427,1.527,0.2772,3.504,-0.106,-0.525,0.584,-1.732,-1.674,-0.0750,-0.0650,-0.044,-0.044,0.592,1.742,1.814,-1.958,0.0044,-0.373,nan,0.00,1,1,1,0,1,0.0000,0.406,0,0.510,5,0.065,0,0,yolo,116.4,yolo,0,0,0,0.000,0,-1,0
1785654221.184,-2.470,-2.345,-0.598,0.9982,0,-0.390,0.685,1.417,0.2939,3.263,-0.098,-0.611,0.544,-1.721,-2.080,-0.0047,0.7430,-0.058,-0.017,0.559,1.750,1.707,-1.660,0.0045,-0.473,nan,0.00,1,1,1,1,1,0.0000,0.406,0,0.510,5,0.065,0,0,yolo,118.7,yolo,0,0,0,0.000,0,-1,0
1785654221.215,-2.470,-2.345,-0.598,0.9982,0,-1.075,0.615,1.355,0.2832,3.263,-0.098,-0.611,0.544,-1.721,-1.395,-0.0409,0.0000,-0.058,-0.058,0.559,1.750,1.707,-1.731,0.0045,-0.473,nan,0.00,1,1,1,0,1,0.0000,0.812,0,0.506,5,0.124,0,0,yolo,118.7,yolo,0,0,0,0.000,0,-1,0
1785654221.247,-2.357,-2.282,-0.736,0.9984,0,-1.183,0.595,1.307,0.2817,3.263,-0.098,-0.611,0.544,-1.721,-1.174,-0.0539,-0.0353,-0.071,-0.071,0.523,1.756,1.705,-1.687,0.0046,-0.476,nan,0.00,1,1,1,0,1,0.0000,0.812,0,0.506,5,0.124,0,0,yolo,118.7,yolo,0,0,0,0.000,0,-1,0
1785654221.277,-2.235,-2.227,-0.856,0.9985,0,-1.253,0.566,1.272,0.2801,3.263,-0.098,-0.611,0.544,-1.721,-0.981,-0.0652,-0.0741,-0.082,-0.082,0.485,1.762,1.703,-1.661,0.0046,-0.480,nan,0.00,1,1,1,0,1,0.0000,0.938,0,0.512,7,0.048,0,0,yolo,118.7,yolo,0,0,0,0.000,0,-1,0
1785654221.309,-2.119,-2.180,-0.963,0.9986,0,-1.028,0.775,1.225,0.2968,3.024,-0.082,-0.703,0.504,-1.557,-1.091,-0.0867,1.0420,-0.092,-0.046,0.452,1.767,1.603,-1.405,0.0047,-0.584,nan,0.00,1,1,1,1,1,0.0000,0.938,0,0.512,7,0.048,0,0,yolo,119.0,yolo,0,0,0,0.000,0,-1,0
1785654221.340,-2.119,-2.180,-0.963,0.9986,0,-1.590,0.719,1.281,0.2867,3.024,-0.082,-0.703,0.504,-1.557,-0.529,-0.0464,0.0000,-0.092,-0.092,0.452,1.767,1.603,-1.460,0.0047,-0.584,nan,0.00,1,1,1,0,1,0.0000,0.778,0,0.579,5,-0.070,0,0,yolo,119.0,yolo,0,0,0,0.000,0,-1,0
1785654221.378,-2.011,-2.099,-1.084,0.9987,0,-1.654,0.669,1.322,0.2849,3.024,-0.082,-0.703,0.504,-1.557,-0.356,-0.0566,-0.0434,-0.102,-0.102,0.409,1.771,1.600,-1.430,0.0048,-0.588,nan,0.00,1,1,1,0,1,0.0000,0.944,0,0.576,8,-0.255,2,0,yolo,119.0,yolo,0,0,0,0.000,0,-1,0
1785654221.417,-1.838,-2.038,-1.202,0.9989,0,-0.154,1.620,2.822,0.3015,4.000,-1.448,0.000,0.667,-19.906,-14.000,-0.0000,0.3609,-0.110,-0.110,0.361,1.775,1.200,-0.418,0.0048,-0.571,nan,0.00,1,1,0,1,1,0.0000,0.833,0,0.577,6,-0.414,0,1,track,,TRACK,0,0,0,0.000,0,-1,0
1785654221.449,-1.827,-1.885,-1.424,0.9990,0,-1.654,0.120,1.322,0.2996,4.000,0.039,0.000,0.667,0.557,2.573,-0.0000,0.3086,-0.115,-0.115,0.309,1.778,1.757,-1.820,0.0048,-0.554,nan,0.00,1,1,0,1,1,0.0000,0.875,0,0.574,6,-0.123,0,1,blueline,,BLUELINE,0,0,0,0.000,0,-1,0
1785654221.481,-1.664,-1.886,-1.601,0.9990,0,-0.154,0.317,2.822,0.2965,4.000,-0.588,0.000,0.667,-8.368,-14.000,4.1888,0.2509,-0.119,-0.119,0.251,1.781,1.658,-1.569,0.0048,-0.537,nan,-5.23,1,1,0,1,1,-0.1824,0.929,1,0.572,6,-0.070,0,0,blueline,,BLUELINE,0,0,0,0.000,0,-1,0
1785654221.512,-1.653,-1.860,-1.787,0.9991,0,1.346,0.157,4.322,0.2929,4.000,-0.523,0.000,0.667,-7.446,-4.225,-1.9306,0.1815,-0.124,-0.124,0.181,1.784,1.713,-1.704,0.0048,-0.521,nan,-5.00,1,1,0,1,1,-0.1746,0.833,1,0.553,4,0.073,0,0,blueline,,BLUELINE,0,0,0,0.000,0,-1,0
1785654221.551,-1.653,-1.860,-1.787,0.9991,0,2.846,1.403,5.822,0.2924,4.000,-2.004,0.000,0.667,-25.000,-14.000,-0.0000,0.1815,-0.124,-0.124,0.181,1.784,1.200,-0.457,0.0048,-0.505,nan,-4.66,1,1,0,1,1,-0.1626,0.833,1,0.547,4,0.048,0,1,track,,TRACK,0,0,0,0.000,0,-1,0
1785654221.589,-2.037,-1.730,-2.691,0.9989,0,4.346,0.117,7.322,0.2857,4.000,-0.592,0.000,0.667,-8.412,-12.307,-0.0000,0.0419,-0.122,-0.122,0.042,1.790,1.686,-1.614,0.0048,-0.490,nan,-6.53,1,1,0,1,1,-0.2279,0.833,1,0.532,4,0.032,0,1,blueline,,BLUELINE,0,0,0,0.000,0,-1,0
1785654221.620,-2.037,-1.730,-2.691,0.9989,0,5.846,0.056,8.822,0.2853,4.000,-0.592,0.000,0.667,-8.412,-12.307,0.0000,0.0419,-0.122,-0.122,0.042,1.790,1.695,-1.675,0.0048,-0.475,nan,-7.93,1,1,0,0,1,-0.2768,0.833,1,0.532,4,0.032,0,0,blueline,,BLUELINE,0,0,0,0.000,0,-1,0
1785654221.658,-2.420,-1.749,-3.312,0.9986,0,4.346,1.327,7.322,0.2822,4.000,0.122,0.000,0.233,1.742,1.609,-0.0000,-0.0183,-0.119,-0.119,-0.018,1.793,1.200,-0.422,0.0048,-0.461,nan,-8.00,0,1,0,1,1,-0.3134,0.900,1,0.523,4,0.130,1,1,track,,TRACK,0,0,0,0.000,0,-1,0
1785654221.688,-2.960,-1.784,-4.094,0.9982,0,2.846,1.383,5.871,0.2795,4.000,0.149,0.000,0.233,2.129,2.759,-0.8103,-0.0713,-0.114,-0.114,-0.071,1.797,1.200,-0.401,0.0048,-0.447,nan,-8.00,0,1,0,1,1,-0.3448,0.900,1,0.529,4,0.096,1,0,track,,TRACK,0,0,0,0.000,0,-1,0
1785654221.714,-3.178,-1.676,-4.678,0.9980,0,1.346,1.279,4.371,0.2774,4.000,0.149,0.000,0.233,2.129,1.835,-0.0036,-0.1107,-0.118,-0.118,-0.111,1.800,1.200,-0.396,0.0048,-0.434,nan,0.00,0,1,0,0,1,0.0000,0.932,0,0.207,4,0.041,0,0,track,,TRACK,0,0,0,0.000,0,-1,0
1785654221.750,-3.178,-1.676,-4.678,0.9980,0,-0.154,1.248,2.871,0.2770,4.000,0.196,0.000,0.233,2.809,3.889,-1.4242,-0.1107,-0.118,-0.118,-0.111,1.800,1.200,-0.428,0.0048,-0.421,nan,-0.52,0,1,0,1,1,-0.0182,1.000,1,0.251,5,0.027,0,0,track,,TRACK,0,0,0,0.000,0,-1,0
1785654221.777,-3.285,-1.569,-5.018,0.9980,0,-1.654,-0.252,1.371,0.2752,4.000,0.224,0.000,0.667,3.208,7.226,-0.0000,-0.1424,-0.132,-0.132,-0.142,1.801,1.873,-2.111,0.0048,-0.408,nan,-0.38,1,1,0,1,1,-0.0132,1.000,1,0.252,5,0.010,0,1,blueline,,BLUELINE,0,0,0,0.000,0,-1,0
1785654221.808,-3.078,-1.622,-5.142,0.9982,0,-3.154,-0.519,-0.129,0.2737,4.000,0.224,0.000,0.667,3.208,7.603,-0.0215,-0.1659,-0.153,-0.153,-0.166,1.803,1.883,-2.141,0.0048,-0.396,nan,-0.27,1,1,0,0,1,-0.0095,1.000,1,0.252,5,0.010,0,0,blueline,,BLUELINE,0,0,0,0.000,0,-1,0
1785654221.839,-2.801,-1.665,-5.121,0.9984,0,-4.654,-0.504,-1.629,0.2726,4.000,0.218,0.000,0.667,3.122,7.072,0.1809,-0.1810,-0.173,-0.173,-0.181,1.804,1.893,-2.169,0.0048,-0.384,nan,-1.49,1,1,0,1,1,-0.0521,1.000,1,0.258,5,-0.013,0,0,blueline,,BLUELINE,0,0,0,0.000,0,-1,0
1785654221.871,-2.396,-1.700,-4.992,0.9987,0,-6.154,-0.496,-0.714,0.2717,4.000,0.218,0.000,0.667,3.122,8.039,-0.0207,-0.1916,-0.194,-0.194,-0.192,1.805,1.902,-2.196,0.0048,-0.373,nan,-2.41,1,1,0,0,1,-0.0841,1.000,1,0.258,5,-0.013,0,0,blueline,,BLUELINE,0,0,0,0.000,0,-1,0
1785654221.902,-1.921,-1.731,-4.884,0.9990,0,-7.654,-0.488,-2.214,0.2709,4.000,0.307,0.000,0.667,4.390,14.000,-2.6566,-0.2000,-0.210,-0.210,-0.200,1.806,1.911,-2.219,0.0048,-0.361,nan,-1.27,1,1,0,1,1,-0.0445,0.900,1,0.286,4,-0.080,0,0,blueline,,BLUELINE,0,0,0,0.000,0,-1,0
1785654221.937,-1.921,-1.731,-4.884,0.9990,0,-6.154,1.012,-0.714,0.2706,4.000,-1.823,0.000,0.667,-24.502,-14.000,-0.0000,-0.2000,-0.210,-0.210,-0.200,1.806,1.200,-0.455,0.0048,-0.351,nan,-0.09,1,1,0,1,1,-0.0032,0.900,1,0.295,4,-0.098,1,1,track,,TRACK,0,0,0,0.000,0,-1,0
1785654221.978,-0.774,-1.688,-4.657,0.9995,0,-7.654,0.389,-2.214,0.2694,4.000,0.869,0.000,0.667,12.254,14.000,-0.0000,-0.2166,-0.232,-0.232,-0.217,1.808,1.549,-1.299,0.0048,-0.340,nan,2.45,1,1,0,1,1,0.0856,0.929,1,0.443,6,-0.229,0,1,blueline,,BLUELINE,0,0,0,0.000,0,-1,0
1785654222.009,-0.130,-1.646,-4.535,0.9996,0,-9.154,0.334,-3.714,0.2687,4.000,0.869,0.000,0.667,12.254,14.000,-0.0058,-0.2244,-0.237,-0.237,-0.224,1.809,1.552,-1.312,0.0048,-0.330,nan,2.92,1,1,0,0,1,0.1018,0.929,1,0.443,6,-0.229,0,0,blueline,,BLUELINE,0,0,0,0.000,0,-1,0
1785654222.040,-0.130,-1.646,-4.535,0.9996,0,-10.654,0.220,-5.214,0.2684,4.000,0.826,0.000,0.667,11.669,14.000,1.2258,-0.2244,-0.237,-0.237,-0.224,1.809,1.593,-1.426,0.0048,-0.320,nan,0.00,1,1,0,1,1,0.0000,0.800,0,0.433,3,-0.132,0,0,blueline,,BLUELINE,0,0,0,0.000,0,-1,0
1785654222.072,0.710,-1.628,-4.242,0.9995,0,-12.154,1.172,-6.714,0.2678,4.000,1.141,0.000,0.233,15.922,14.000,-4.1888,-0.2318,-0.244,-0.244,-0.232,1.809,1.200,-0.456,0.0048,-0.310,nan,0.00,0,1,0,1,1,0.0000,0.375,0,0.382,2,-0.149,0,0,blueline,,BLUELINE,0,0,0,0.000,0,-1,0
1785654222.099,1.599,-1.618,-3.832,0.9992,0,-10.654,-0.328,-5.214,0.2673,4.000,-0.242,0.000,0.667,-3.465,-14.000,4.1888,-0.2378,-0.249,-0.249,-0.238,1.808,1.959,-2.371,0.0048,-0.301,nan,-8.00,1,1,0,1,1,-0.4197,0.800,1,0.369,3,-0.165,0,0,blueline,,BLUELINE,0,0,0,0.000,0,-1,0
1785654222.134,2.512,-1.660,-3.384,0.9986,0,-9.154,1.171,-3.714,0.2670,4.000,-0.157,0.000,0.233,-2.241,1.436,-1.2816,-0.2427,-0.249,-0.249,-0.243,1.807,1.200,-0.489,0.0048,-0.292,nan,0.00,0,1,0,1,1,-0.3106,0.208,1,0.349,4,-0.224,0,0,blueline,,BLUELINE,0,0,0,0.000,0,-1,0
1785654222.165,3.268,-1.581,-3.061,0.9980,0,-7.654,1.090,-2.214,0.2668,4.000,-0.157,0.000,0.233,-2.241,-0.113,0.0088,-0.2460,-0.240,-0.240,-0.246,1.807,1.200,-0.491,0.0048,-0.283,nan,0.00,0,1,0,0,1,-0.2015,0.208,1,0.349,4,-0.224,0,0,blueline,,BLUELINE,0,0,0,0.000,0,-1,0
1785654222.196,3.907,-1.490,-2.890,0.9973,0,-6.154,0.999,-0.714,0.2666,4.000,-0.157,0.000,0.233,-2.241,-0.225,0.0270,-0.2483,-0.222,-0.222,-0.248,1.807,1.200,-0.491,0.0048,-0.275,nan,0.00,0,1,0,0,1,-0.0924,0.417,1,0.349,4,-0.224,0,0,blueline,,BLUELINE,0,0,0,0.000,0,-1,0
1785654222.230,4.427,-1.415,-2.833,0.9967,0,-6.617,0.923,-2.214,0.2664,4.000,0.627,0.000,0.233,8.908,11.044,-4.1888,-0.2499,-0.197,-0.197,-0.250,1.807,1.200,-0.492,0.0048,-0.267,nan,0.00,0,1,0,1,1,-0.0106,0.450,1,0.293,4,-0.303,0,0,blueline,,BLUELINE,0,0,0,0.000,0,-1,0
1785654222.266,4.567,-0.340,6.024,0.9968,0,-5.117,-0.577,-0.714,0.2689,4.000,-0.691,0.000,0.233,-9.800,-4.643,-0.0000,-0.1897,-0.219,-0.219,-0.190,1.384,1.200,-2.500,0.0048,-0.259,nan,0.00,0,1,0,1,1,0.0000,0.605,0,0.230,1,-0.395,0,1,track,,TRACK,0,0,0,0.000,0,-1,0
1785654222.293,4.899,-0.621,6.364,0.9963,0,-6.617,-1.879,-2.214,0.2686,4.000,1.074,0.000,0.667,15.030,14.000,-0.0000,-0.1941,0.029,0.029,-0.194,1.001,1.398,-2.500,0.0048,-0.251,nan,0.00,1,1,0,1,1,0.0000,0.669,0,0.182,2,-0.463,0,1,blueline,,BLUELINE,0,0,0,0.000,0,-1,0
1785654222.323,4.899,-0.621,6.364,0.9963,0,-5.117,-1.879,-3.714,0.2684,4.000,0.838,0.000,0.233,11.833,1.877,4.1888,-0.1941,0.029,0.029,-0.194,1.001,1.200,-2.500,0.0048,-0.243,nan,0.00,0,1,0,1,1,0.0000,0.174,0,0.059,0,-0.704,0,0,blueline,,BLUELINE,0,0,0,0.000,0,-1,0
1785654222.358,6.210,-0.604,2.611,0.9941,0,-3.617,-1.396,-2.214,0.2710,0.750,0.005,-0.003,0.044,0.388,-1.773,-0.0000,-0.1443,0.595,0.595,-0.144,0.248,1.200,-2.000,0.0048,-0.236,nan,0.00,0,1,0,1,0,0.0000,0.000,0,0.000,0,0.000,0,1,hsv,,hsv,0,0,0,0.000,0,-1,0
1785654222.385,6.216,-0.606,2.611,0.9941,0,-2.117,-1.394,-0.714,0.2708,0.750,0.005,-0.003,0.044,0.388,-1.785,0.0037,-0.1435,0.599,0.599,-0.143,0.243,1.200,-2.000,0.0048,-0.229,nan,0.00,0,1,0,0,0,0.0000,0.000,0,0.000,0,0.000,0,0,hsv,,hsv,0,0,0,0.000,0,-1,0
1785654222.422,6.522,-0.806,3.519,0.9934,0,-0.617,-1.194,-0.221,0.2709,0.750,0.003,-0.002,0.044,0.221,-1.217,0.0657,-0.1402,0.635,0.396,-0.140,0.258,1.200,-2.000,0.0048,-0.222,nan,0.00,0,1,0,1,0,0.0000,0.000,0,0.000,0,0.000,0,0,hsv,,hsv,0,0,0,0.000,0,-1,0
1785654222.449,6.717,-0.930,3.724,0.9930,0,0.883,-1.070,-0.221,0.2741,0.750,0.003,-0.002,0.044,0.221,-2.076,0.2778,-0.0677,0.674,0.674,-0.068,0.266,1.200,-2.000,0.0048,-0.215,nan,0.00,0,1,0,0,0,0.0000,0.000,0,0.000,0,0.000,0,0,hsv,,hsv,0,0,0,0.000,0,-1,0
1785654222.484,6.676,-0.990,3.516,0.9931,0,2.383,-1.010,-0.283,0.2765,0.748,0.004,-0.034,0.044,0.283,-1.318,-0.0060,-0.0105,0.715,0.438,-0.010,0.270,1.200,-2.000,0.0048,-0.209,nan,0.00,0,1,0,1,0,0.0000,0.000,0,0.000,0,0.000,3,0,hsv,,hsv,0,0,0,0.000,0,-1,0
1785654222.510,6.500,-1.053,3.442,0.9934,0,3.883,-0.947,-0.283,0.2777,0.748,0.004,-0.034,0.044,0.283,-2.296,0.3160,0.0225,0.754,0.754,0.023,0.275,1.200,-2.000,0.0048,-0.203,nan,0.00,0,1,0,0,0,0.0000,0.000,0,0.000,0,0.000,0,0,hsv,,hsv,0,0,0,0.000,0,-1,0
1785654222.548,6.196,-1.136,3.511,0.9940,0,5.383,-0.864,-0.386,0.2778,0.746,0.005,-0.061,0.043,0.386,-1.406,-0.0406,0.0327,0.792,0.476,0.033,0.284,1.200,-2.000,0.0048,-0.197,nan,0.00,0,1,0,1,1,0.0000,0.173,0,0.058,0,-0.500,0,0,hsv,,hsv,0,0,0,0.000,0,-1,0
1785654222.587,5.762,-1.211,3.561,0.9947,0,3.924,-0.789,-1.886,0.2771,4.000,0.716,0.000,0.233,10.149,1.838,-0.0000,0.0248,0.826,0.826,0.025,0.292,1.200,-2.000,0.0048,-0.191,nan,0.00,0,1,0,1,1,0.0000,0.197,0,0.117,1,-0.470,0,1,blueline,,BLUELINE,0,0,0,0.000,0,-1,0
1785654222.620,5.451,-1.281,3.647,0.9952,0,5.424,-0.719,-3.386,0.2760,4.000,0.434,0.000,0.667,6.193,-14.000,4.1888,0.0065,0.858,0.858,0.006,0.302,1.987,-2.000,0.0048,-0.185,nan,0.00,1,1,0,1,1,0.0000,0.508,0,0.133,2,-0.432,0,0,blueline,,BLUELINE,0,0,0,0.000,0,-1,0
1785654222.651,5.015,-1.359,3.884,0.9959,0,6.924,-0.641,-4.886,0.2746,4.000,0.384,0.000,0.667,5.487,-8.453,1.4788,-0.0159,0.886,0.886,-0.016,0.314,2.000,-2.000,0.0048,-0.179,nan,0.00,1,1,0,1,1,0.0000,0.571,0,0.196,1,-0.392,0,0,blueline,,BLUELINE,0,0,0,0.000,0,-1,0
1785654222.682,4.368,-1.448,4.306,0.9968,0,5.424,-0.552,-6.386,0.2731,4.000,0.466,0.000,0.667,6.642,6.123,-2.4203,-0.0394,0.912,0.912,-0.039,0.331,1.957,-2.000,0.0048,-0.174,nan,0.00,1,1,0,1,1,0.0000,0.676,0,0.188,2,-0.362,0,0,blueline,,BLUELINE,0,0,0,0.000,0,-1,0
1785654222.714,3.891,-1.535,4.834,0.9973,0,6.924,-0.465,-5.097,0.2719,4.000,0.357,0.000,0.667,5.097,-10.236,1.6181,-0.0597,0.933,0.933,-0.060,0.349,2.000,-2.000,0.0048,-0.169,nan,0.00,1,1,0,1,1,0.0000,0.578,0,0.203,1,-0.329,0,0,blueline,,BLUELINE,0,0,0,0.000,0,-1,0
1785654222.746,3.294,-1.604,5.287,0.9980,0,8.424,-0.396,-5.097,0.2708,4.000,0.357,0.000,0.667,5.097,-5.141,0.0169,-0.0759,0.950,0.950,-0.076,0.367,2.000,-2.000,0.0048,-0.164,nan,0.00,1,1,0,0,1,0.0000,0.578,0,0.203,1,-0.329,0,0,blueline,,BLUELINE,0,0,0,0.000,0,-1,0
1785654222.776,3.294,-1.604,5.287,0.9980,0,6.924,-0.396,-6.071,0.2707,4.000,0.425,0.000,0.233,6.071,1.174,-2.0405,-0.0759,0.950,0.950,-0.076,0.367,1.200,-2.000,0.0048,-0.159,nan,0.00,0,1,0,1,1,0.0000,0.453,0,0.191,0,-0.289,0,0,blueline,,BLUELINE,0,0,0,0.000,0,-1,0
1785654222.808,2.564,-1.655,5.648,0.9986,0,5.424,-0.345,-7.077,0.2698,4.000,0.497,0.000,0.233,7.077,1.781,-2.1071,-0.0881,0.963,0.963,-0.088,0.383,1.200,-2.000,0.0048,-0.154,nan,0.00,0,1,0,1,1,0.0000,0.459,0,0.198,0,-0.247,0,0,blueline,,BLUELINE,0,0,0,0.000,0,-1,0
1785654222.855,1.969,-1.705,6.078,0.9990,0,6.924,-0.295,-5.577,0.2692,4.000,-0.360,0.000,0.233,-5.145,-7.736,-0.0000,-0.0974,0.971,0.971,-0.097,0.401,1.200,-2.000,0.0048,-0.149,nan,-1.74,0,1,0,1,1,-0.0606,0.600,1,0.258,1,-0.154,0,1,track,,TRACK,0,0,0,0.000,0,-1,0
1785654222.885,1.392,-1.761,6.799,0.9992,0,8.424,-0.239,-4.077,0.2685,4.000,0.245,0.000,0.667,3.501,-8.104,-0.0000,-0.1067,0.975,0.975,-0.107,0.427,2.000,-2.000,0.0048,-0.145,nan,-1.68,1,1,0,1,1,-0.0587,0.600,1,0.270,1,-0.119,0,1,blueline,,BLUELINE,0,0,0,0.000,0,-1,0
1785654222.916,0.643,-1.795,7.209,0.9994,0,8.752,-0.205,-2.577,0.2681,4.000,0.245,0.000,0.667,3.501,-8.109,0.0003,-0.1126,0.975,0.975,-0.113,0.445,2.000,-2.000,0.0048,-0.141,nan,-1.64,1,1,0,0,1,-0.0573,0.600,1,0.270,1,-0.119,0,0,blueline,,BLUELINE,0,0,0,0.000,0,-1,0
1785654222.947,-0.168,-1.816,7.377,0.9995,0,7.252,-0.184,-2.899,0.2677,4.000,0.277,0.000,0.667,3.967,-4.027,-0.9777,-0.1175,0.972,0.972,-0.117,0.460,2.000,-2.000,0.0048,-0.136,nan,-1.07,1,1,0,1,1,-0.0373,0.600,1,0.259,1,-0.063,0,0,blueline,,BLUELINE,0,0,0,0.000,0,-1,0
1785654222.978,-0.859,-1.830,7.568,0.9994,0,6.270,-0.170,-3.329,0.2674,4.000,0.277,0.000,0.667,3.967,-7.130,-0.0089,-0.1218,0.963,0.963,-0.122,0.476,2.000,-2.000,0.0048,-0.132,nan,-0.64,1,1,0,0,1,-0.0223,0.600,1,0.259,1,-0.063,0,0,blueline,,BLUELINE,0,0,0,0.000,0,-1,0
1785654223.011,-0.859,-1.830,7.568,0.9994,0,4.770,-0.170,-4.829,0.2673,4.000,0.732,0.000,0.667,10.374,14.000,-4.1888,-0.1218,0.963,0.963,-0.122,0.476,1.708,-2.000,0.0048,-0.128,nan,0.00,1,1,0,1,1,0.0000,0.500,0,0.271,5,0.028,0,0,blueline,,BLUELINE,0,0,0,0.000,0,-1,0
1785654223.042,-1.428,-1.837,8.145,0.9992,0,3.270,-0.663,-6.329,0.2671,4.000,0.732,0.000,0.667,10.374,4.030,-0.0196,-0.1258,0.944,0.944,-0.126,0.502,1.708,-2.500,0.0048,-0.124,nan,0.00,1,1,0,0,1,0.0000,0.500,0,0.271,5,0.028,0,0,blueline,,BLUELINE,0,0,0,0.000,0,-1,0
1785654223.073,-1.818,-1.869,8.687,0.9990,0,1.770,-0.631,-7.829,0.2669,4.000,0.732,0.000,0.667,10.374,4.365,-0.0386,-0.1281,0.924,0.924,-0.128,0.523,1.708,-2.500,0.0048,-0.121,nan,0.00,1,1,0,0,1,0.0000,1.000,0,0.271,5,0.028,0,0,blueline,,BLUELINE,0,0,0,0.000,0,0,0
1785654223.103,-1.818,-1.869,8.687,0.9990,0,0.270,-0.631,-9.329,0.2668,4.000,3.347,0.000,0.667,25.000,14.000,-4.1888,-0.1281,0.924,0.924,-0.128,0.523,1.200,-2.500,0.0048,-0.117,nan,8.00,1,1,0,1,1,0.5822,0.917,1,0.320,5,0.089,0,0,blueline,,BLUELINE,0,0,0,0.000,0,0,0
1785654223.135,-2.003,-1.911,9.563,0.9988,0,-0.335,-0.589,-10.829,0.2666,4.000,0.925,0.000,0.233,13.026,-1.668,4.1888,-0.1308,0.898,0.898,-0.131,0.553,1.200,-2.500,0.0048,-0.114,nan,0.00,0,1,0,1,1,0.0000,0.450,0,0.261,4,0.187,0,0,blueline,,BLUELINE,0,0,0,0.000,0,0,0
1785654223.163,-2.078,-1.945,10.506,0.9988,0,-1.835,-0.555,-12.000,0.2664,4.000,0.925,0.000,0.233,13.026,3.382,-0.0266,-0.1334,0.872,0.872,-0.133,0.583,1.200,-2.500,0.0048,-0.110,nan,0.00,0,1,0,0,1,0.0000,0.900,0,0.261,4,0.187,0,0,blueline,,BLUELINE,0,0,0,0.000,0,0,0
1785654223.190,-2.078,-1.945,10.521,0.9988,0,-0.335,-0.555,-10.500,0.2663,4.000,0.521,0.000,0.667,7.418,-14.000,4.1888,-0.1335,0.871,0.871,-0.133,0.583,1.905,-2.500,0.0048,-0.107,nan,0.00,1,1,0,1,1,0.0000,0.800,0,0.267,3,0.071,0,0,blueline,,BLUELINE,0,0,0,0.000,0,-1,0
1785654223.228,-2.107,-1.965,11.583,0.9987,0,-1.835,-0.535,-9.000,0.2661,4.000,0.521,0.000,0.667,7.418,0.441,-0.0275,-0.1358,0.844,0.844,-0.136,0.615,1.905,-2.500,0.0048,-0.104,nan,0.00,1,1,0,0,1,0.0000,0.800,0,0.267,3,0.071,0,0,blueline,,BLUELINE,0,0,0,0.000,0,-1,0
1785654223.260,-1.935,-1.994,12.466,0.9988,0,-0.335,-0.506,-7.500,0.2659,4.000,0.243,0.000,0.667,3.478,-14.000,4.1888,-0.1379,0.818,0.818,-0.138,0.643,2.000,-2.500,0.0048,-0.101,nan,0.00,1,1,0,1,1,0.0000,0.707,0,0.214,2,0.100,0,0,blueline,,BLUELINE,0,0,0,0.000,0,-1,0
1785654223.291,-1.935,-1.994,12.466,0.9988,0,1.165,-0.506,-6.000,0.2658,4.000,0.243,0.000,0.667,3.478,-5.908,0.0000,-0.1379,0.818,0.818,-0.138,0.643,2.000,-2.500,0.0048,-0.098,nan,0.00,1,1,0,0,1,0.0000,0.707,0,0.214,2,0.100,0,0,blueline,,BLUELINE,0,0,0,0.000,0,-1,0
1785654223.322,-1.757,-2.027,13.369,0.9989,0,2.665,-0.473,-4.500,0.2656,4.000,0.120,0.000,0.667,1.720,-14.000,1.8406,-0.1398,0.793,0.793,-0.140,0.673,2.000,-2.500,0.0048,-0.095,nan,0.00,1,1,0,1,1,0.0000,0.706,0,0.214,2,0.115,0,0,blueline,,BLUELINE,0,0,0,0.000,0,-1,0
1785654223.351,-2.078,-2.064,13.803,0.9987,0,4.165,-0.436,-3.000,0.2656,4.000,0.043,0.000,0.667,0.613,-14.000,2.3197,-0.1403,0.774,0.774,-0.140,0.694,2.000,-2.500,0.0048,-0.092,nan,0.00,1,1,0,1,1,0.0000,0.697,0,0.206,2,0.145,0,0,blueline,,BLUELINE,0,0,0,0.000,0,-1,0
1785654223.384,-2.078,-2.064,13.803,0.9987,0,5.665,-0.436,-1.500,0.2655,4.000,0.043,0.000,0.667,0.613,-10.027,0.0000,-0.1403,0.774,0.774,-0.140,0.694,2.000,-2.500,0.0048,-0.089,nan,0.00,1,1,0,0,1,0.0000,0.697,0,0.206,2,0.145,0,0,blueline,,BLUELINE,0,0,0,0.000,0,-1,0
1785654223.415,-2.548,-2.101,14.047,0.9983,0,7.165,-0.399,-0.206,0.2655,4.000,0.014,0.000,0.667,0.206,-11.339,0.2842,-0.1403,0.752,0.752,-0.140,0.713,2.000,-2.500,0.0048,-0.086,nan,0.00,1,1,0,1,1,0.0000,0.505,0,0.130,2,0.179,0,0,blueline,,BLUELINE,0,0,0,0.000,0,0,0
1785654223.452,-3.374,-2.148,14.074,0.9976,0,5.665,-0.352,-0.476,0.2657,0.716,0.006,-0.222,0.042,0.476,-2.609,-0.0000,-0.1398,0.726,0.726,-0.140,0.730,1.200,-2.500,0.0048,-0.084,nan,0.00,0,1,0,1,1,0.0000,0.505,0,0.130,2,0.179,1,1,hsv,,hsv,0,0,0,0.000,0,-1,0
1785654223.493,-3.925,-2.183,14.068,0.9969,0,4.165,-0.317,-0.476,0.2658,0.716,0.006,-0.222,0.042,0.476,-2.603,-0.0289,-0.1390,0.697,0.697,-0.139,0.746,1.200,-2.500,0.0048,-0.081,nan,0.00,0,1,0,0,1,0.0000,0.490,0,0.115,2,0.194,0,0,hsv,,hsv,0,0,0,0.000,0,-1,0
1785654223.525,-4.391,-2.215,14.141,0.9963,0,2.665,-0.261,1.024,0.2659,4.000,-0.099,0.000,0.233,-1.417,-4.108,-0.0000,-0.1379,0.659,0.659,-0.138,0.765,1.200,-2.476,0.0048,-0.079,nan,0.00,0,1,0,1,1,0.0000,0.493,0,0.118,2,0.191,0,1,blueline,,BLUELINE,0,0,0,0.000,0,-1,0
1785654223.556,-4.391,-2.215,14.141,0.9963,0,1.165,-0.285,1.417,0.2659,4.000,-0.099,0.000,0.233,-1.417,-4.108,0.0000,-0.1379,0.659,0.659,-0.138,0.765,1.200,-2.500,0.0048,-0.076,nan,0.00,0,1,0,0,1,0.0000,0.493,0,0.118,2,0.191,0,0,blueline,,BLUELINE,0,0,0,0.000,0,-1,0
1785654223.585,-4.661,-2.249,14.071,0.9959,0,-0.335,-0.251,0.025,0.2659,4.000,-0.002,0.000,0.233,-0.025,-1.430,-1.4576,-0.1370,0.623,0.623,-0.137,0.781,1.200,-2.500,0.0048,-0.074,nan,0.00,0,1,0,1,1,0.0000,0.487,0,0.112,2,0.202,0,0,blueline,,BLUELINE,0,0,0,0.000,0,0,0
1785654223.624,-4.620,-2.280,14.013,0.9960,0,-1.835,-0.220,-0.476,0.2659,0.716,0.006,-0.222,0.042,0.476,-2.609,-0.0000,-0.1364,0.590,0.590,-0.136,0.796,1.200,-2.500,0.0048,-0.072,nan,0.00,0,1,0,1,1,0.0000,0.487,0,0.112,2,0.202,1,1,hsv,,hsv,0,0,0,0.000,0,0,0
1785654223.666,-4.421,-2.300,14.092,0.9962,0,-0.353,-0.104,1.024,0.2658,4.000,-0.158,0.000,0.233,-2.266,-4.067,-0.0000,-0.1363,0.551,0.551,-0.136,0.816,1.200,-2.404,0.0048,-0.070,nan,0.00,0,1,0,1,1,0.0000,0.485,0,0.110,2,0.403,0,1,blueline,,BLUELINE,0,0,0,0.000,0,0,0
1785654223.696,-4.421,-2.300,14.092,0.9962,0,1.147,-0.200,2.524,0.2657,4.000,-0.243,0.000,0.233,-3.472,-7.708,2.5263,-0.1363,0.551,0.551,-0.136,0.816,1.200,-2.500,0.0048,-0.068,nan,0.00,0,1,0,1,1,0.0000,0.489,0,0.114,2,0.427,0,0,blueline,,BLUELINE,0,0,0,0.000,0,0,0
1785654223.727,-4.419,-2.318,14.011,0.9962,0,1.626,-0.135,3.954,0.2656,4.000,-0.276,0.000,0.233,-3.954,-6.045,1.0088,-0.1361,0.517,0.517,-0.136,0.833,1.200,-2.453,0.0048,-0.066,nan,0.00,0,1,0,1,1,0.0000,0.489,0,0.114,2,0.427,0,0,blueline,,BLUELINE,0,0,0,0.000,0,-1,0
1785654223.757,-4.606,-2.367,13.605,0.9959,0,3.126,-0.033,5.454,0.2657,4.000,-0.591,0.000,0.233,-8.411,-12.160,4.1888,-0.1358,0.488,0.488,-0.136,0.848,1.200,-2.400,0.0048,-0.064,nan,0.00,0,1,0,1,1,0.0000,0.247,0,0.119,2,0.458,0,0,blueline,,BLUELINE,0,0,0,0.000,0,-1,0
1785654223.793,-4.942,-2.421,13.011,0.9954,0,1.626,0.059,4.427,0.2658,4.000,-0.310,0.000,0.233,-4.427,-4.856,-0.0000,-0.1351,0.459,0.459,-0.135,0.862,1.200,-2.361,0.0048,-0.062,nan,0.00,0,1,0,1,1,0.0000,0.494,0,0.119,2,0.458,1,1,track,,TRACK,0,0,0,0.000,0,-1,0
1785654223.833,-5.077,-2.453,12.568,0.9952,0,3.126,0.046,5.927,0.2658,4.000,-1.255,0.000,0.667,-17.416,-14.000,-0.0000,-0.1341,0.428,0.428,-0.134,0.876,1.239,-2.407,0.0048,-0.060,nan,0.00,1,1,0,1,1,0.0000,0.683,0,0.194,2,0.531,0,1,blueline,,BLUELINE,0,0,0,0.000,0,-1,0
1785654223.864,-5.077,-2.453,12.568,0.9952,0,4.626,-0.047,7.427,0.2658,4.000,-1.255,0.000,0.667,-17.416,-14.000,0.0000,-0.1341,0.428,0.428,-0.134,0.876,1.239,-2.500,0.0048,-0.058,nan,0.00,1,1,0,0,1,0.0000,0.683,0,0.194,2,0.531,0,0,blueline,,BLUELINE,0,0,0,0.000,0,-1,0
1785654223.895,-5.566,-2.526,11.919,0.9943,0,3.126,0.143,5.927,0.2660,4.000,0.534,0.000,0.233,7.609,7.354,-4.1888,-0.1328,0.398,0.398,-0.133,0.890,1.200,-2.382,0.0048,-0.056,nan,0.00,0,1,0,1,1,1.3631,0.350,1,0.267,2,0.603,0,0,blueline,,BLUELINE,0,0,0,0.000,0,-1,0
1785654223.927,-5.832,-2.570,11.297,0.9938,0,1.626,0.252,4.427,0.2662,4.000,0.534,0.000,0.233,7.609,2.661,-0.0316,-0.1314,0.366,0.366,-0.131,0.904,1.200,-2.318,0.0048,-0.055,nan,0.00,0,1,0,0,1,1.3631,0.350,1,0.267,2,0.603,0,0,blueline,,BLUELINE,0,0,0,0.000,0,-1,0
1785654223.956,-5.832,-2.570,11.297,0.9938,0,0.126,0.125,2.927,0.2661,4.000,0.534,0.000,0.233,7.609,2.624,-0.0000,-0.1314,0.366,0.366,-0.131,0.904,1.200,-2.445,0.0048,-0.053,nan,0.00,0,1,0,1,1,1.2541,0.150,1,0.278,1,0.641,0,0,blueline,,BLUELINE,0,0,0,0.000,0,-1,0
1785654223.986,-5.968,-2.585,10.912,0.9936,0,-1.374,0.262,1.427,0.2662,4.000,0.534,0.000,0.233,7.609,2.852,-0.0371,-0.1301,0.329,0.329,-0.130,0.920,1.200,-2.322,0.0048,-0.051,nan,0.00,0,1,0,0,1,1.1450,0.300,1,0.278,1,0.641,0,0,blueline,,BLUELINE,0,0,0,0.000,0,-1,0
1785654224.017,-5.814,-2.574,10.782,0.9939,0,0.126,0.367,2.927,0.2661,4.000,-1.658,0.000,0.233,-22.519,-14.000,4.1888,-0.1292,0.289,0.289,-0.129,0.937,1.200,-2.207,0.0048,-0.050,nan,0.00,0,1,0,1,1,0.0000,0.350,0,0.281,2,0.681,0,0,blueline,,BLUELINE,0,0,0,0.000,0,-1,0
1785654224.045,-5.833,-2.557,10.620,0.9938,0,1.626,0.426,4.427,0.2661,4.000,-1.658,0.000,0.233,-22.519,-14.000,-0.0360,-0.1285,0.253,0.253,-0.128,0.953,1.200,-2.131,0.0048,-0.048,nan,0.00,0,1,0,0,1,0.0000,0.350,0,0.281,2,0.681,0,0,blueline,,BLUELINE,0,0,0,0.000,0,-1,0
1785654224.087,-5.833,-2.557,10.620,0.9938,0,0.126,0.280,2.927,0.2828,17.312,4.684,-3.540,1.000,15.139,14.000,-0.0000,-0.0000,0.253,0.253,-0.128,0.953,1.200,-2.277,0.0048,-3.222,nan,0.00,1,1,1,1,1,0.0000,0.400,0,0.281,3,0.712,0,1,yolo,115.2,yolo,0,0,0,0.000,0,-1,0
1785654224.127,-6.588,-2.743,11.561,0.9923,0,-1.374,0.695,1.427,0.2994,17.312,4.684,-3.540,1.000,15.139,14.000,-0.0523,0.0238,0.201,0.201,-0.105,0.978,1.200,-2.048,0.0048,-3.221,nan,0.00,1,1,1,0,1,0.0000,0.400,0,0.281,3,0.712,0,0,yolo,115.2,yolo,0,0,0,0.000,0,-1,0
1785654224.158,-6.588,-2.743,11.561,0.9923,0,-2.874,0.543,-0.073,0.3161,17.338,4.844,-3.522,1.000,15.611,14.000,-2.1408,-0.0100,0.201,-0.069,-0.105,0.978,1.200,-2.200,0.0048,-3.221,nan,0.00,1,1,1,1,1,0.0000,0.400,0,0.284,3,0.723,0,0,yolo,112.0,yolo,0,0,0,0.000,0,-1,0
1785654224.190,-6.220,-2.425,10.854,0.9932,0,-4.374,0.143,-1.573,0.3309,17.338,4.844,-3.522,1.000,15.611,14.000,0.2740,-0.0022,0.205,0.205,-0.107,0.980,1.200,-2.282,0.0048,-3.289,nan,0.00,1,1,1,0,1,0.0000,0.350,0,0.287,2,0.725,0,0,yolo,112.0,yolo,0,0,0,0.000,0,-1,0
1785654224.222,-5.662,-2.306,11.081,0.9943,0,-5.874,-0.005,-3.073,0.3291,17.338,4.844,-3.522,1.000,15.611,14.000,0.2663,-0.0341,0.198,0.198,-0.139,0.983,1.200,-2.311,0.0048,-3.282,nan,0.00,1,1,1,0,1,0.0000,0.400,0,0.296,3,0.697,0,0,yolo,112.0,yolo,0,0,0,0.000,0,-1,0
1785654224.253,-4.955,-2.150,11.516,0.9956,0,-7.374,-0.186,-4.573,0.3257,17.338,4.844,-3.522,1.000,15.611,14.000,0.2604,-0.0999,0.192,0.192,-0.205,0.987,1.200,-2.335,0.0048,-3.274,nan,0.00,1,1,1,0,1,0.0000,0.400,0,0.296,3,0.697,0,0,yolo,112.0,yolo,0,0,0,0.000,0,-1,0
1785654224.288,-4.955,-2.150,11.516,0.9956,0,-8.874,-0.245,-6.073,0.3318,17.388,5.145,-3.504,1.000,16.483,14.000,-1.5880,0.0330,0.192,-0.261,-0.205,0.987,1.200,-2.395,0.0048,-3.280,nan,0.00,1,1,1,1,1,0.0000,0.800,0,0.291,3,0.708,1,0,yolo,113.5,yolo,0,0,0,0.000,0,-1,0
1785654224.319,-3.955,-2.124,11.639,0.9969,0,-10.374,-0.221,-7.573,0.3249,17.388,5.145,-3.504,1.000,16.483,14.000,0.4359,-0.1093,0.175,0.175,-0.314,0.994,1.200,-2.345,0.0048,-3.203,nan,0.00,1,1,1,0,1,0.0000,0.800,0,0.291,3,0.708,1,0,yolo,113.5,yolo,0,0,0,0.000,0,-1,0
1785654224.346,-3.016,-2.208,11.886,0.9979,0,-11.874,-0.137,-9.073,0.3186,17.388,5.145,-3.504,1.000,16.483,14.000,0.4060,-0.2425,0.145,0.145,-0.447,0.998,1.200,-2.345,0.0048,-3.097,nan,0.00,1,1,1,0,1,0.0000,0.350,0,0.289,2,0.712,0,0,yolo,113.5,yolo,0,0,0,0.000,0,-1,0
1785654224.382,-3.005,-2.209,11.889,0.9979,0,-13.374,-0.185,-10.573,0.3349,17.258,5.243,-3.507,1.000,16.898,14.000,-1.2501,0.1206,0.145,-0.294,-0.449,0.997,1.200,-2.394,0.0048,-3.109,nan,0.00,1,1,1,1,1,0.0000,0.350,0,0.289,2,0.712,2,0,yolo,110.2,yolo,0,0,0,0.000,0,-1,0
1785654224.413,-2.726,-3.201,12.425,0.9973,0,-14.874,0.701,-12.000,0.3224,17.258,5.243,-3.507,1.000,16.898,14.000,0.4039,-0.1614,0.110,0.110,-0.610,0.986,1.200,-2.500,0.0048,-2.783,nan,0.00,1,1,1,0,1,0.0000,0.350,0,0.288,2,0.708,1,0,yolo,110.2,yolo,0,0,0,0.000,0,-1,0
1785654224.439,-1.122,-3.145,12.663,0.9983,0,-15.122,0.645,-12.000,0.3154,17.258,5.243,-3.507,1.000,16.898,14.000,0.3671,-0.3091,0.073,0.073,-0.758,0.969,1.200,-2.500,0.0048,-2.657,nan,0.00,1,1,1,0,1,0.0000,0.350,0,0.290,2,0.695,0,0,yolo,110.2,yolo,0,0,0,0.000,0,-1,0
1785654224.475,-1.122,-3.145,12.663,0.9983,0,-15.122,0.645,-12.000,0.3154,17.258,5.243,-3.507,1.000,16.898,14.000,0.3671,-0.3091,0.073,0.073,-0.758,0.969,1.200,-2.500,0.0048,-2.657,nan,0.00,1,1,1,0,1,0.0000,0.350,0,0.290,2,0.695,1,0,yolo,110.2,yolo,0,0,0,0.000,0,-1,0
1785654224.517,1.685,-3.298,13.698,0.9979,0,-13.622,0.798,-12.000,0.2988,17.221,5.315,-3.515,1.000,17.152,14.000,-1.1459,-2.0000,0.012,-0.392,-0.973,0.913,1.200,-2.500,0.0048,-2.361,nan,0.00,1,1,1,1,1,0.0000,0.350,0,0.293,2,0.672,0,0,yolo,118.7,yolo,0,0,0,0.000,0,-1,0
1785654224.548,1.685,-3.298,13.698,0.9979,0,-12.315,0.798,-12.000,0.3154,17.221,5.315,-3.515,1.000,17.152,14.000,0.4043,0.0000,0.012,0.012,-0.973,0.913,1.200,-2.500,0.0048,-2.361,nan,0.00,1,1,1,0,1,0.2407,0.300,1,0.297,1,0.651,0,0,yolo,118.7,yolo,0,0,0,0.000,0,-1,0
1785654224.580,3.059,-3.260,14.495,0.9970,0,-10.941,0.760,-12.000,0.3252,17.221,5.315,-3.515,1.000,17.152,14.000,0.3857,-0.1016,-0.007,-0.007,-1.074,0.880,1.200,-2.500,0.0048,-2.242,nan,0.00,1,1,1,0,1,0.0000,0.350,0,0.301,2,0.633,0,0,yolo,118.7,yolo,0,0,0,0.000,0,-1,0
1785654224.617,4.185,-3.217,15.174,0.9958,0,-9.815,0.717,-12.000,0.3318,17.287,5.328,-3.621,1.000,17.130,14.000,0.0395,0.0359,-0.011,-0.278,-1.142,0.849,1.200,-2.500,0.0048,-2.248,nan,0.00,1,1,1,1,1,0.0000,0.350,0,0.301,2,0.633,2,0,yolo,109.2,yolo,0,0,0,0.000,0,-1,0
1785654224.658,5.288,-3.186,15.896,0.9942,0,-8.712,0.686,-12.000,0.3152,17.287,5.328,-3.621,1.000,17.130,14.000,0.2720,-0.0786,-0.006,-0.006,-1.220,0.819,1.200,-2.500,0.0048,-2.149,nan,0.00,1,1,1,0,1,0.4323,0.300,1,0.305,1,0.610,0,0,yolo,109.2,yolo,0,0,0,0.000,0,-1,0
1785654224.696,6.161,-3.110,16.601,0.9928,0,-7.839,0.610,-12.000,0.2985,17.287,5.328,-3.621,1.000,17.130,14.000,0.2862,-0.1653,0.009,0.009,-1.307,0.797,1.200,-2.500,0.0048,-2.086,nan,0.00,1,1,1,0,1,0.4323,0.300,1,0.305,1,0.610,2,0,yolo,109.2,yolo,0,0,0,0.000,0,-1,0
1785654224.738,6.969,-3.053,17.448,0.9912,0,-7.031,0.553,-12.000,0.2818,17.418,5.257,-3.827,1.000,16.795,14.000,1.0203,1.4216,0.025,-0.062,-1.381,0.781,1.200,-2.500,0.0048,-2.229,nan,0.00,1,1,1,1,1,0.2142,0.175,1,0.305,2,0.598,0,0,yolo,116.0,yolo,0,0,0,0.000,0,-1,0
1785654224.763,6.969,-3.053,17.448,0.9912,0,-7.031,0.553,-12.000,0.2712,17.418,5.257,-3.827,1.000,16.795,14.000,0.0865,0.0000,0.025,0.025,-1.381,0.781,1.200,-2.500,0.0048,-2.229,nan,0.00,1,1,1,0,1,0.1281,0.350,1,0.305,2,0.598,0,0,yolo,116.0,yolo,0,0,0,0.000,0,-1,0
1785654224.786,7.758,-2.994,18.482,0.9895,0,-6.242,0.494,-12.000,0.2717,17.418,5.257,-3.827,1.000,16.795,14.000,0.1081,-0.0362,0.046,0.046,-1.417,0.771,1.200,-2.500,0.0048,-2.168,nan,0.00,1,1,1,0,1,0.0190,0.125,1,0.314,0,0.521,0,0,yolo,116.0,yolo,0,0,0,0.000,0,-1,0
1785654224.817,8.484,-2.977,19.569,0.9877,0,-5.516,0.477,-12.000,0.2721,17.418,5.257,-3.827,1.000,16.795,14.000,0.1381,-0.0331,0.076,0.076,-1.414,0.766,1.200,-2.500,0.0048,-2.101,nan,0.00,1,1,1,0,1,0.0000,0.311,0,0.143,0,0.373,0,0,yolo,116.0,yolo,0,0,0,0.000,0,-1,0
1785654224.848,8.484,-2.977,19.569,0.9877,0,-5.516,0.477,-12.000,0.2721,17.450,4.892,-4.018,1.000,15.660,14.000,5.1824,2.0000,0.076,-0.271,-1.414,0.766,1.200,-2.500,0.0048,-2.342,nan,0.00,1,1,1,1,1,0.0000,0.311,0,0.143,0,0.373,0,0,yolo,111.1,yolo,0,0,0,0.000,0,-1,0
1785654224.887,9.102,-2.998,20.583,0.9861,0,-4.898,0.498,-10.500,0.2726,17.450,4.892,-4.018,1.000,15.660,14.000,0.3853,0.0341,0.114,0.114,-1.380,0.766,1.200,-2.500,0.0048,-2.277,nan,-8.00,1,1,1,0,1,-0.5228,0.500,1,0.312,0,0.478,0,0,yolo,111.1,yolo,0,0,0,0.000,0,-1,0
1785654224.927,9.652,-2.985,21.463,0.9845,0,-4.348,0.485,-9.000,0.2730,17.450,4.892,-4.018,1.000,15.660,14.000,0.4257,0.0824,0.154,0.154,-1.332,0.773,1.200,-2.500,0.0048,-2.228,nan,-8.00,1,1,1,0,1,-0.5228,0.500,1,0.312,0,0.478,0,0,yolo,111.1,yolo,0,0,0,0.000,0,-1,0
1785654224.963,10.078,-3.010,22.136,0.9832,0,-3.922,0.510,-10.500,0.2734,17.501,4.351,-4.123,1.000,13.961,14.000,3.1135,0.8809,0.192,-0.505,-1.290,0.781,1.200,-2.500,0.0048,-2.375,nan,0.00,1,1,1,1,0,0.0000,0.000,0,0.000,0,0.000,0,0,yolo,106.5,yolo,0,0,0,0.000,0,-1,1
1785654224.991,10.479,-3.012,22.768,0.9820,0,-3.521,0.512,-12.000,0.2737,17.501,4.351,-4.123,1.000,13.961,14.000,0.7372,0.0247,0.232,0.232,-1.266,0.792,1.200,-2.500,0.0048,-2.339,nan,0.00,1,1,1,0,0,0.0000,0.000,0,0.000,0,0.000,0,0,yolo,106.5,yolo,0,0,0,0.000,0,-1,0
1785654225.026,10.836,-3.084,23.489,0.9807,0,-3.164,0.584,-12.000,0.2741,17.501,4.351,-4.123,1.000,13.961,14.000,0.7884,0.0404,0.284,0.284,-1.250,0.805,1.200,-2.500,0.0048,-2.286,nan,0.00,1,1,1,0,0,0.0000,0.000,0,0.000,0,0.000,0,0,yolo,106.5,yolo,0,0,0,0.000,0,-1,0
1785654225.057,11.177,-3.138,24.529,0.9796,0,-2.823,0.638,-12.000,0.2744,17.501,4.351,-4.123,1.000,13.961,14.000,0.8392,0.0457,0.334,0.334,-1.245,0.824,1.200,-2.500,0.0048,-2.239,nan,0.00,1,1,1,0,0,0.0000,0.000,0,0.000,0,0.000,0,0,yolo,106.5,yolo,0,0,0,0.000,0,-1,0
1785654225.087,11.471,-3.205,25.599,0.9785,0,-2.529,0.826,-12.000,0.2747,17.501,4.351,-4.123,1.000,13.961,14.000,0.8906,0.0483,0.386,0.386,-1.242,0.846,1.200,-2.379,0.0048,-2.192,nan,0.00,1,1,1,0,0,0.0000,0.000,0,0.000,0,0.000,0,0,yolo,106.5,yolo,0,0,0,0.000,0,-1,0
1785654225.118,11.471,-3.205,25.599,0.9785,0,-2.529,0.705,-12.000,0.2747,17.501,4.351,-4.123,1.000,13.961,14.000,0.8906,0.0483,0.386,0.386,-1.242,0.846,1.200,-2.500,0.0048,-2.192,nan,0.00,1,1,1,0,0,0.0000,0.000,0,0.000,0,0.000,0,0,yolo,106.5,yolo,0,0,0,0.000,0,-1,0
1785654225.145,11.718,-3.273,26.607,0.9776,0,-2.282,0.958,-12.000,0.2750,17.501,4.351,-4.123,1.000,13.961,14.000,0.9430,0.0491,0.438,0.438,-1.241,0.870,1.200,-2.315,0.0048,-2.149,nan,0.00,1,1,1,0,0,0.0000,0.000,0,0.000,0,0.000,0,0,yolo,106.5,yolo,0,0,0,0.000,0,-1,0
1785654225.181,11.931,-3.374,27.538,0.9767,0,-2.069,1.255,-12.000,0.2752,17.501,4.351,-4.123,1.000,13.961,14.000,0.9979,0.0485,0.493,0.493,-1.242,0.897,1.200,-2.119,0.0048,-2.099,nan,0.00,1,1,1,0,0,0.0000,0.000,0,0.000,0,0.000,1,0,yolo,106.5,yolo,0,0,0,0.000,0,-1,0
1785654225.212,12.126,-3.432,28.533,0.9759,0,-1.874,1.539,-12.000,0.2754,17.501,4.351,-4.123,1.000,13.961,14.000,1.0549,0.0468,0.550,0.550,-1.244,0.928,1.200,-1.893,0.0048,-2.064,nan,0.00,1,1,1,0,0,0.0000,0.000,0,0.000,0,0.000,1,0,yolo,106.5,yolo,0,0,0,0.000,0,-1,0
1785654225.244,12.285,-3.462,29.556,0.9753,0,-0.374,1.792,-10.500,0.2756,0.728,-0.170,0.062,0.042,-13.143,-2.653,-0.0000,-1.2460,0.606,0.606,-1.246,0.962,1.200,-1.671,0.0048,-2.002,nan,0.00,0,1,0,1,0,0.0000,0.000,0,0.000,0,0.000,0,1,hsv,,hsv,0,0,0,0.000,0,-1,0
1785654225.275,12.304,-3.461,30.525,0.9752,0,1.126,2.012,-9.000,0.2756,0.729,-0.165,0.065,0.043,-12.727,-1.214,-0.1587,-1.2493,0.673,-0.022,-1.249,1.000,1.200,-1.450,0.0048,-1.942,nan,0.00,0,1,0,1,0,0.0000,0.000,0,0.000,0,0.000,0,0,hsv,,hsv,0,0,0,0.000,0,-1,0
1785654225.307,12.304,-3.461,30.525,0.9752,0,2.626,1.697,-7.500,0.2756,0.730,-0.158,0.067,0.043,-12.204,-1.721,-0.2000,-1.2493,0.673,0.099,-1.249,1.000,1.200,-1.765,0.0048,-1.884,nan,0.00,0,1,0,1,0,0.0000,0.000,0,0.000,0,0.000,0,0,hsv,,hsv,0,0,0,0.000,0,-1,0
1785654225.334,12.190,-3.408,31.295,0.9757,0,4.126,1.892,-6.000,0.2739,0.730,-0.158,0.067,0.043,-12.204,-2.798,0.6427,-1.2529,0.742,0.742,-1.253,1.035,1.200,-1.516,0.0048,-1.827,nan,0.00,0,1,0,0,0,0.0000,0.000,0,0.000,0,0.000,0,0,hsv,,hsv,0,0,0,0.000,0,-1,0
1785654225.366,11.925,-3.356,31.888,0.9767,0,5.626,1.994,-4.500,0.2717,4.000,-0.783,0.000,0.233,-11.069,-10.268,-0.0000,-1.2568,0.811,0.811,-1.257,1.067,1.200,-1.363,0.0048,-1.773,nan,0.00,0,1,0,1,1,0.0000,0.167,0,0.043,0,0.426,0,1,blueline,,BLUELINE,0,0,0,0.000,0,-1,0
1785654225.397,11.395,-3.230,32.282,0.9787,0,7.126,1.986,-3.000,0.2695,4.000,-0.783,0.000,0.233,-11.069,-10.727,0.0805,-1.2590,0.891,0.891,-1.259,1.098,1.200,-1.244,0.0048,-1.719,nan,0.00,0,1,0,0,1,0.0000,0.167,0,0.043,0,0.426,0,0,blueline,,BLUELINE,0,0,0,0.000,0,-1,0
1785654225.428,10.797,-3.085,32.528,0.9809,0,8.626,1.891,-1.500,0.2673,4.000,-1.098,0.000,0.233,-15.343,-14.000,4.1888,-1.2578,0.968,0.968,-1.258,1.124,1.200,-1.194,0.0048,-1.668,nan,0.00,0,1,0,1,1,0.0000,0.148,0,0.118,0,0.841,0,0,blueline,,BLUELINE,0,0,0,0.000,0,-1,0
1785654225.457,10.128,-2.946,32.679,0.9831,0,10.126,1.753,0.000,0.2654,0.731,-0.152,0.068,0.043,-11.709,-2.666,-0.0000,-1.2525,1.039,1.039,-1.253,1.147,1.200,-1.193,0.0048,-1.618,nan,0.00,0,1,0,1,0,0.0000,0.000,0,0.000,0,0.000,0,1,hsv,,hsv,0,0,0,0.000,0,-1,0
1785654225.491,9.297,-2.794,32.719,0.9857,0,11.626,1.588,1.500,0.2638,0.731,-0.152,0.068,0.043,-11.709,-2.682,0.0746,-1.2420,1.114,1.114,-1.242,1.167,1.200,-1.205,0.0048,-1.569,nan,0.00,0,1,0,0,0,0.0000,0.000,0,0.000,0,0.000,0,0,hsv,,hsv,0,0,0,0.000,0,-1,0
1785654225.527,8.335,-2.636,32.632,0.9884,0,11.033,1.388,3.000,0.2623,0.731,-0.152,0.068,0.043,-11.709,-2.698,0.1491,-1.2263,1.188,1.188,-1.226,1.184,1.200,-1.247,0.0048,-1.522,nan,0.00,0,1,0,0,0,0.0000,0.000,0,0.000,0,0.000,0,0,hsv,,hsv,0,0,0,0.000,0,-1,0
1785654225.557,7.419,-2.477,32.421,0.9907,0,10.132,1.161,4.500,0.2612,0.731,-0.152,0.068,0.043,-11.709,-2.713,0.2193,-1.2070,1.258,1.258,-1.207,1.196,1.200,-1.316,0.0048,-1.477,nan,0.00,0,1,0,0,0,0.0000,0.000,0,0.000,0,0.000,0,0,hsv,,hsv,0,0,0,0.000,0,-1,0
1785654225.586,7.419,-2.477,32.421,0.9907,0,10.132,0.953,6.000,0.2599,0.731,-0.152,0.068,0.043,-11.709,-2.713,0.2193,-1.2070,1.258,1.258,-1.207,1.196,1.200,-1.524,0.0048,-1.432,nan,0.00,0,1,0,0,0,0.0000,0.000,0,0.000,0,0.000,0,0,hsv,,hsv,0,0,0,0.000,0,-1,0
1785654225.622,6.605,-2.331,32.095,0.9925,0,9.331,0.771,7.500,0.2590,0.731,-0.152,0.068,0.043,-11.709,-2.726,0.2829,-1.1859,1.322,1.322,-1.186,1.205,1.200,-1.560,0.0048,-1.389,nan,0.00,0,1,0,0,0,0.0000,0.000,0,0.000,0,0.000,1,0,hsv,,hsv,0,0,0,0.000,0,-1,0
1785654225.648,5.783,-2.195,31.649,0.9942,0,8.523,0.557,9.000,0.2584,0.731,-0.152,0.068,0.043,-11.709,-2.739,0.3434,-1.1633,1.382,1.382,-1.163,1.208,1.200,-1.638,0.0048,-1.348,nan,0.00,0,1,0,0,0,0.0000,0.000,0,0.000,0,0.000,0,0,hsv,,hsv,0,0,0,0.000,0,-1,0
1785654225.674,5.095,-2.079,30.995,0.9954,0,7.847,0.296,10.500,0.2579,0.731,-0.152,0.068,0.043,-11.709,-2.752,0.4006,-1.1394,1.440,1.440,-1.139,1.205,1.200,-1.783,0.0048,-1.307,nan,0.00,0,1,0,0,0,0.0000,0.000,0,0.000,0,0.000,0,0,hsv,,hsv,0,0,0,0.000,0,-1,0
1785654225.695,4.431,-1.971,30.313,0.9964,0,7.194,0.055,11.709,0.2576,0.731,-0.152,0.068,0.043,-11.709,-2.763,0.4536,-1.1150,1.493,1.493,-1.115,1.200,1.200,-1.916,0.0048,-1.268,nan,0.00,0,1,0,0,0,0.0000,0.000,0,0.000,0,0.000,0,0,hsv,,hsv,0,0,0,0.000,0,-1,0
1785654225.726,4.419,-1.969,30.296,0.9964,0,7.182,0.025,11.709,0.2565,0.731,-0.152,0.068,0.043,-11.709,-2.763,0.4547,-1.1145,1.494,1.494,-1.115,1.200,1.200,-1.944,0.0048,-1.230,nan,0.00,0,1,0,0,0,0.0000,0.000,0,0.000,0,0.000,0,0,hsv,,hsv,0,0,0,0.000,0,-1,0
1785654225.760,3.832,-1.888,29.361,0.9972,0,6.547,-0.254,10.209,0.2563,0.744,-0.091,-0.001,0.043,-6.946,-2.714,-0.0000,-1.0884,1.547,1.547,-1.088,1.186,1.200,-2.142,0.0048,-1.193,nan,0.00,0,1,0,1,0,0.0000,0.000,0,0.000,0,0.000,0,0,hsv,,hsv,0,0,0,0.000,0,-1,0
1785654225.792,3.251,-1.821,28.440,0.9979,0,5.869,-0.482,8.709,0.2563,0.746,-0.075,-0.012,0.043,-5.762,-2.618,-0.4623,-1.0623,1.596,0.743,-1.062,1.172,1.200,-2.304,0.0048,-1.157,nan,0.00,0,1,0,1,0,0.0000,0.000,0,0.000,0,0.000,0,0,hsv,,hsv,0,0,0,0.000,0,-1,0
1785654225.817,2.699,-1.789,27.616,0.9984,0,5.612,-0.617,7.209,0.2563,0.746,-0.075,-0.012,0.043,-5.762,-2.913,0.8955,-1.0358,1.638,1.638,-1.036,1.159,1.200,-2.406,0.0048,-1.123,nan,0.00,0,1,0,0,0,0.0000,0.000,0,0.000,0,0.000,0,0,hsv,,hsv,0,0,0,0.000,0,-1,0
1785654225.855,2.217,-1.807,27.026,0.9988,0,4.922,-0.601,5.709,0.2564,0.744,-0.074,-0.041,0.043,-5.673,-2.705,-0.0344,-1.0095,1.670,0.857,-1.009,1.152,1.200,-2.409,0.0048,-1.089,nan,0.00,0,1,0,1,0,0.0000,0.000,0,0.000,0,0.000,0,0,hsv,,hsv,0,0,0,0.000,0,-1,0
1785654225.885,1.757,-1.841,26.593,0.9990,0,4.515,-0.505,6.473,0.2565,0.738,-0.084,-0.080,0.043,-6.473,-2.757,0.3089,-0.9820,1.696,0.965,-0.982,1.150,1.200,-2.346,0.0048,-1.056,nan,0.00,0,1,0,1,0,0.0000,0.000,0,0.000,0,0.000,0,0,hsv,,hsv,0,0,0,0.000,0,-1,0
1785654225.917,1.757,-1.841,26.593,0.9990,0,4.431,-0.439,6.706,0.2556,0.731,-0.086,-0.122,0.043,-6.706,-2.674,0.0447,-0.9820,1.696,0.988,-0.982,1.150,1.200,-2.280,0.0048,-1.024,nan,0.00,0,1,0,1,0,0.0000,0.000,0,0.000,0,0.000,0,0,hsv,,hsv,0,0,0,0.000,0,-1,0
1785654225.950,1.342,-1.869,26.100,0.9992,0,3.927,-0.413,6.118,0.2558,0.722,-0.077,-0.166,0.042,-6.118,-2.585,-0.2225,-0.9558,1.719,0.999,-0.956,1.146,1.200,-2.281,0.0048,-0.994,nan,0.00,0,1,0,1,0,0.0000,0.000,0,0.000,0,0.000,0,0,hsv,,hsv,0,0,0,0.000,0,-1,0
1785654225.979,0.897,-1.894,25.446,0.9993,0,5.427,0.061,4.618,0.2561,nan,nan,nan,0.000,0.000,-10.000,0.0000,-0.9277,1.743,1.743,-0.928,1.139,1.000,-1.833,0.0048,-0.964,nan,0.00,0,0,0,0,0,0.0000,0.000,0,0.000,0,0.000,1,0,,,FLYING,0,0,0,0.000,0,-1,0
1785654226.007,0.322,-1.884,24.873,0.9994,0,6.927,0.060,3.118,0.2566,nan,nan,nan,0.000,0.000,-10.000,0.0000,-0.8984,1.764,1.764,-0.898,1.136,1.000,-1.824,0.0048,-0.935,nan,0.00,0,0,0,0,0,0.0000,0.000,0,0.000,0,0.000,0,0,,,FLYING,0,0,0,0.000,0,-1,0
1785654226.039,0.322,-1.884,24.873,0.9994,0,8.427,-0.391,4.618,0.2557,4.000,-0.781,0.000,0.233,-11.052,-14.000,-0.0000,-0.8984,1.764,1.764,-0.898,1.136,1.200,-2.275,0.0048,-0.907,nan,0.00,0,1,0,1,1,0.0000,0.263,0,0.063,1,0.571,0,1,blueline,,BLUELINE,0,0,0,0.000,0,0,0
1785654226.072,-0.334,-1.867,24.490,0.9995,0,9.927,-0.346,6.118,0.2562,4.000,-0.781,0.000,0.233,-11.052,-14.000,0.0127,-0.8705,1.776,1.776,-0.871,1.138,1.200,-2.213,0.0048,-0.880,nan,0.00,0,1,0,0,1,0.0000,0.263,0,0.063,1,0.571,0,0,blueline,,BLUELINE,0,0,0,0.000,0,0,0
1785654226.099,-1.390,-1.922,23.957,0.9991,0,8.427,-0.327,4.618,0.2728,17.948,0.057,-2.217,1.000,0.181,-8.108,-0.0000,-0.0000,1.789,1.789,-0.845,1.134,1.200,-2.249,0.0048,-1.614,nan,0.00,1,1,1,1,1,0.0000,0.286,0,0.198,1,0.694,0,1,yolo,102.8,yolo,0,0,0,0.000,0,0,0
1785654226.133,-2.247,-1.964,23.423,0.9986,0,6.927,-0.303,3.118,0.2895,17.948,0.057,-2.217,1.000,0.181,-8.124,0.0017,0.0211,1.791,1.791,-0.824,1.130,1.200,-2.267,0.0048,-1.601,nan,0.00,1,1,1,0,1,0.0000,0.286,0,0.198,1,0.694,0,0,yolo,102.8,yolo,0,0,0,0.000,0,0,0
1785654226.164,-2.247,-1.964,23.423,0.9986,0,5.985,-0.275,1.618,0.3062,17.948,0.057,-2.217,1.000,0.181,-8.231,0.0017,0.0211,1.791,1.791,-0.824,1.130,1.200,-2.239,0.0048,-1.601,nan,0.00,1,1,1,0,1,0.0000,0.704,0,0.211,2,0.708,0,0,yolo,102.8,yolo,0,0,-1,0.017,1,0,0
1785654226.196,-2.932,-2.002,23.165,0.9981,0,5.301,-0.151,0.118,0.3184,17.948,0.057,-2.217,1.000,0.181,-8.233,-0.0091,0.0297,1.780,1.780,-0.815,1.135,1.200,-2.153,0.0048,-1.588,nan,0.00,1,1,1,0,1,0.0000,0.704,0,0.211,2,0.708,0,0,yolo,102.8,yolo,0,0,-1,0.034,1,0,0
1785654226.233,-3.457,-2.014,23.147,0.9976,0,3.801,0.023,-0.540,0.3237,18.073,0.170,-2.240,1.000,0.540,-0.083,-0.6799,0.1286,1.759,0.959,-0.829,1.148,1.200,-1.991,0.0048,-1.610,nan,0.00,1,1,1,1,1,0.0000,0.820,0,0.211,3,0.731,0,0,yolo,128.1,yolo,0,0,-1,0.043,1,0,0
1785654226.274,-3.861,-2.003,23.245,0.9971,0,5.301,0.194,-0.540,0.3161,18.073,0.170,-2.240,1.000,0.540,-11.023,0.7697,-0.0444,1.729,1.729,-0.873,1.165,1.200,-1.809,0.0048,-1.614,nan,0.00,1,1,1,0,1,0.0000,0.820,0,0.211,3,0.731,0,0,yolo,128.1,yolo,0,0,-1,0.049,1,0,0
1785654226.305,-4.462,-1.977,23.297,0.9964,0,6.189,0.290,-0.540,0.3132,18.073,0.170,-2.240,1.000,0.540,-10.651,0.7395,-0.1185,1.699,1.699,-0.947,1.180,1.200,-1.688,0.0048,-1.622,nan,0.00,1,1,1,0,1,0.0000,0.710,0,0.217,2,0.788,0,0,yolo,128.1,yolo,0,0,-1,0.036,0,0,0
1785654226.337,-5.084,-1.946,23.330,0.9955,0,5.197,0.332,-0.540,0.3097,18.073,0.170,-2.240,1.000,0.540,-10.281,0.7094,-0.2089,1.669,1.669,-1.037,1.194,1.200,-1.614,0.0048,-1.631,nan,0.00,1,1,1,0,1,0.0000,0.710,0,0.217,2,0.788,0,0,yolo,128.1,yolo,0,0,-1,0.024,0,0,0
1785654226.373,-5.084,-1.946,23.330,0.9955,0,3.697,0.211,-0.947,0.2931,16.914,0.280,-2.020,1.000,0.947,2.614,-0.9026,-1.2731,1.669,0.824,-1.037,1.194,1.200,-1.735,0.0048,-1.462,nan,0.00,1,1,1,1,1,0.0000,0.710,0,0.217,2,0.788,2,0,yolo,119.0,yolo,0,0,-1,0.012,0,2,0
1785654226.414,-5.466,-1.916,23.418,0.9949,0,4.438,0.317,-0.947,0.3097,16.914,0.280,-2.020,1.000,0.947,-9.905,0.8026,-0.0988,1.626,1.626,-1.136,1.210,1.200,-1.600,0.0048,-1.471,nan,0.00,1,1,1,0,1,0.0000,0.709,0,0.216,2,0.817,0,0,yolo,119.0,yolo,0,0,-1,0.000,0,0,0
1785654226.449,-5.980,-1.872,23.516,0.9940,0,3.501,0.375,-0.947,0.2931,16.914,0.280,-2.020,1.000,0.947,-9.481,0.7606,-0.1949,1.584,1.584,-1.232,1.226,1.200,-1.497,0.0048,-1.485,nan,0.00,1,1,1,0,1,0.0000,0.709,0,0.216,2,0.817,3,0,yolo,119.0,yolo,0,0,0,0.000,0,3,0
1785654226.490,-6.359,-1.830,23.593,0.9933,0,2.001,0.383,-1.804,0.2764,17.237,0.543,-2.021,1.000,1.804,14.000,-2.5780,0.3225,1.545,0.443,-1.304,1.240,1.200,-1.447,0.0048,-1.517,nan,0.00,1,1,1,1,1,0.0000,0.717,0,0.222,2,0.798,0,0,yolo,125.1,yolo,0,0,0,0.000,0,0,0
1785654226.527,-6.554,-1.780,23.719,0.9930,0,1.705,0.391,-1.804,0.2707,17.237,0.543,-2.021,1.000,1.804,-8.259,1.0577,-0.0282,1.501,1.501,-1.332,1.255,1.200,-1.389,0.0048,-1.533,nan,0.00,1,1,1,0,1,0.0000,0.717,0,0.222,2,0.798,2,0,yolo,125.1,yolo,0,0,0,0.000,0,2,0
1785654226.567,-6.757,-1.717,23.909,0.9926,0,0.973,0.414,-1.804,0.2708,17.237,0.543,-2.021,1.000,1.804,-7.730,1.0047,-0.0459,1.448,1.448,-1.350,1.272,1.200,-1.303,0.0048,-1.554,nan,0.00,1,1,1,0,1,0.0000,0.725,0,0.229,2,0.785,0,0,yolo,125.1,yolo,0,0,0,0.000,0,0,0
1785654226.605,-6.873,-1.656,24.067,0.9924,0,-0.527,0.400,-2.329,0.2709,17.738,0.721,-1.991,1.000,2.329,10.284,-1.2173,-0.0270,1.396,0.336,-1.343,1.287,1.200,-1.256,0.0048,-1.550,nan,0.00,1,1,1,1,1,0.0000,0.725,0,0.229,2,0.785,2,0,yolo,124.4,yolo,0,0,0,0.000,0,0,0
1785654226.646,-6.834,-1.594,24.255,0.9925,0,-1.129,0.378,-2.329,0.2708,17.738,0.721,-1.991,1.000,2.329,-5.705,1.0059,0.0201,1.342,1.342,-1.323,1.302,1.200,-1.216,0.0048,-1.569,nan,0.00,1,1,1,0,1,0.0000,0.728,0,0.232,2,0.791,0,0,yolo,124.4,yolo,0,0,0,0.000,0,-1,0
1785654226.684,-6.739,-1.529,24.478,0.9927,0,-1.594,0.357,-2.329,0.2708,17.738,0.721,-1.991,1.000,2.329,-5.145,0.9490,0.0490,1.285,1.285,-1.294,1.317,1.200,-1.172,0.0048,-1.588,nan,0.00,1,1,1,0,1,0.0000,0.733,0,0.236,2,0.786,0,0,yolo,124.4,yolo,0,0,0,0.000,0,-1,0
1785654226.709,-6.739,-1.529,24.478,0.9927,0,-3.094,0.196,-2.470,0.2541,17.696,0.763,-1.868,1.000,2.470,7.723,-0.6553,-1.7479,1.285,0.356,-1.294,1.317,1.200,-1.333,0.0048,-1.472,nan,0.00,1,1,1,1,1,0.0000,0.733,0,0.236,2,0.786,0,0,yolo,114.5,yolo,0,0,0,0.000,0,-1,0
1785654226.739,-6.548,-1.470,24.696,0.9932,0,-2.422,0.218,-2.470,0.2707,17.696,0.763,-1.868,1.000,2.470,-4.125,0.8699,0.0276,1.226,1.226,-1.266,1.332,1.200,-1.252,0.0048,-1.488,nan,0.00,1,1,1,0,1,0.0000,0.733,0,0.236,2,0.786,0,0,yolo,114.5,yolo,0,0,0,0.000,0,-1,0
1785654226.770,-6.281,-1.416,24.957,0.9937,0,-2.790,0.244,-2.470,0.2705,17.696,0.763,-1.868,1.000,2.470,-3.491,0.8055,0.0464,1.162,1.162,-1.247,1.347,1.200,-1.172,0.0048,-1.502,nan,0.00,1,1,1,0,1,0.0000,0.729,0,0.233,2,0.790,0,0,yolo,114.5,yolo,0,0,0,0.000,0,-1,0
1785654226.801,-6.281,-1.416,24.957,0.9937,0,-2.790,0.106,-2.470,0.2705,17.696,0.763,-1.868,1.000,2.470,-3.491,0.8055,0.0464,1.162,1.162,-1.247,1.347,1.200,-1.310,0.0048,-1.502,nan,0.00,1,1,1,0,1,0.0000,0.729,0,0.233,2,0.790,0,0,yolo,114.5,yolo,0,0,0,0.000,0,-1,0
1785654226.832,-6.009,-1.378,25.189,0.9942,0,-3.059,0.142,-2.470,0.2704,17.696,0.763,-1.868,1.000,2.470,-2.950,0.7506,0.0563,1.107,1.107,-1.237,1.360,1.200,-1.236,0.0048,-1.512,nan,0.00,1,1,1,0,1,0.0000,0.727,0,0.231,2,0.779,0,0,yolo,114.5,yolo,0,0,0,0.000,0,-1,0
1785654226.868,-5.695,-1.337,25.424,0.9948,0,-4.559,0.159,-2.228,0.2676,17.134,0.667,-1.694,1.000,2.228,1.180,0.4339,-0.9584,1.053,0.443,-1.230,1.373,1.200,-1.178,0.0048,-1.352,nan,0.00,1,1,1,1,1,0.0000,0.731,0,0.234,2,0.774,0,0,yolo,131.3,yolo,0,0,0,0.000,0,-1,0
1785654226.911,-5.153,-1.295,25.658,0.9957,0,-3.059,0.169,-2.228,0.2700,17.134,0.667,-1.694,1.000,2.228,-2.167,0.5509,0.0085,0.994,0.994,-1.222,1.385,1.200,-1.126,0.0048,-1.360,nan,0.00,1,1,1,0,1,0.0000,0.731,0,0.234,2,0.774,0,0,yolo,131.3,yolo,0,0,0,0.000,0,-1,0
1785654226.942,-5.153,-1.295,25.658,0.9957,0,-2.985,0.045,-2.228,0.2700,17.134,0.667,-1.694,1.000,2.228,-2.167,0.5509,0.0085,0.994,0.994,-1.222,1.385,1.200,-1.250,0.0048,-1.360,nan,0.00,1,1,1,0,1,0.0000,0.729,0,0.232,2,0.764,0,0,yolo,131.3,yolo,0,0,0,0.000,0,-1,0
1785654226.974,-4.855,-1.257,25.871,0.9962,0,-2.055,-0.150,-1.765,0.2533,16.262,0.501,-1.482,1.000,1.765,-2.800,0.9868,-1.4802,0.947,0.431,-1.220,1.396,1.288,-1.407,0.0048,-1.162,nan,0.00,1,1,1,1,1,0.0000,0.355,0,0.217,2,0.735,0,0,yolo,133.6,yolo,0,0,0,0.000,0,-1,0
1785654227.004,-4.656,-1.260,26.045,0.9965,0,-1.908,-0.128,-1.765,0.2698,16.262,0.501,-1.482,1.000,1.765,-2.748,0.4747,0.0151,0.906,0.906,-1.205,1.405,1.290,-1.388,0.0048,-1.160,nan,0.00,1,1,1,0,1,0.0000,0.711,0,0.217,2,0.735,0,0,yolo,133.6,yolo,0,0,0,0.000,0,-1,0
1785654227.035,-4.468,-1.260,26.194,0.9967,0,-2.106,-0.117,-1.765,0.2864,16.262,0.501,-1.482,1.000,1.765,-2.362,0.4371,0.0317,0.868,0.868,-1.189,1.414,1.291,-1.377,0.0048,-1.159,nan,0.00,1,1,1,0,1,0.0000,0.711,0,0.217,2,0.735,0,0,yolo,133.6,yolo,0,0,0,0.000,0,-1,0
1785654227.071,-4.468,-1.260,26.194,0.9967,0,-2.106,-0.212,-1.765,0.3031,16.262,0.501,-1.482,1.000,1.765,-2.362,0.4371,0.0317,0.868,0.868,-1.189,1.414,1.291,-1.471,0.0048,-1.159,nan,0.00,1,1,1,0,1,0.0000,0.711,0,0.217,2,0.735,2,0,yolo,133.6,yolo,0,0,0,0.000,0,-1,0
1785654227.112,-4.259,-1.258,26.351,0.9970,0,-0.606,-0.667,-1.097,0.2864,15.613,0.299,-1.285,1.000,1.097,-9.362,1.8191,-1.9858,0.832,0.547,-1.176,1.422,1.489,-1.925,0.0049,-0.961,nan,0.00,1,1,1,1,1,0.0000,0.686,0,0.197,2,0.714,0,0,yolo,118.7,yolo,0,0,0,0.000,0,-1,0
1785654227.151,-4.045,-1.267,26.516,0.9973,0,-1.158,-0.630,-1.097,0.2985,15.613,0.299,-1.285,1.000,1.097,-2.887,0.2494,-0.0013,0.796,0.796,-1.178,1.430,1.493,-1.897,0.0050,-0.957,nan,0.00,1,1,1,0,1,0.0000,0.345,0,0.200,2,0.731,0,0,yolo,118.7,yolo,0,0,0,0.000,0,-1,0
1785654227.191,-3.996,-1.332,26.631,0.9973,0,-1.443,-0.595,-1.097,0.2975,15.613,0.299,-1.285,1.000,1.097,-2.553,0.2176,-0.0127,0.765,0.765,-1.189,1.437,1.511,-1.927,0.0051,-0.939,nan,0.00,1,1,1,0,1,0.0000,0.690,0,0.200,2,0.731,0,0,yolo,118.7,yolo,0,0,0,0.000,0,-1,0
1785654227.221,-3.840,-1.382,26.717,0.9975,0,0.057,-0.981,-0.502,0.2808,15.146,0.133,-1.119,1.000,0.502,-6.511,0.9439,-1.0805,0.734,0.537,-1.225,1.444,1.691,-2.364,0.0052,-0.759,nan,0.00,1,1,1,1,1,0.0000,0.288,0,0.201,1,0.752,0,0,yolo,130.4,yolo,0,0,0,0.000,0,-1,0
1785654227.252,-3.853,-1.475,26.779,0.9974,0,-0.242,-0.945,-0.502,0.2699,15.146,0.133,-1.119,1.000,0.502,-3.611,0.1705,-0.0390,0.707,0.707,-1.264,1.450,1.715,-2.420,0.0052,-0.735,nan,0.00,1,1,1,0,1,0.0000,0.288,0,0.201,1,0.752,0,0,yolo,130.4,yolo,0,0,0,0.000,0,-1,0
1785654227.290,-3.853,-1.475,26.779,0.9974,0,-0.242,-1.018,-0.502,0.2700,15.146,0.133,-1.119,1.000,0.502,-3.611,0.1705,-0.0390,0.707,0.707,-1.264,1.450,1.715,-2.493,0.0053,-0.735,nan,0.00,1,1,1,0,1,0.0000,0.215,0,0.162,1,0.752,0,0,yolo,130.4,yolo,0,0,0,0.000,0,-1,0
1785654227.331,-3.815,-1.572,26.824,0.9974,0,-0.522,-0.928,-0.502,0.2701,15.146,0.133,-1.119,1.000,0.502,-3.293,0.1407,-0.0687,0.678,0.678,-1.293,1.457,1.741,-2.500,0.0054,-0.709,nan,0.00,1,1,1,0,1,0.0000,0.215,0,0.162,1,0.752,0,0,yolo,130.4,yolo,0,0,0,0.000,0,-1,0
1785654227.359,-3.787,-1.668,26.875,0.9974,0,0.978,-0.832,0.041,0.2534,14.742,-0.011,-0.957,1.000,-0.041,-8.639,1.0489,-1.3785,0.651,0.565,-1.302,1.464,1.925,-2.500,0.0054,-0.525,nan,0.00,1,1,1,1,1,0.0000,0.212,0,0.155,1,0.755,0,0,yolo,120.3,yolo,0,0,0,0.000,0,-1,0
1785654227.392,-3.735,-1.750,26.925,0.9974,0,0.316,-0.750,0.041,0.2701,14.742,-0.011,-0.957,1.000,-0.041,-4.051,0.0606,0.0034,0.625,0.625,-1.299,1.472,1.946,-2.500,0.0055,-0.504,nan,0.00,1,1,1,0,1,0.0000,0.212,0,0.155,1,0.755,0,0,yolo,120.3,yolo,0,0,0,0.000,0,-1,0
1785654227.423,-3.767,-1.822,26.936,0.9973,0,0.021,-0.678,0.041,0.2702,14.742,-0.011,-0.957,1.000,-0.041,-3.789,0.0364,0.0198,0.601,0.601,-1.282,1.480,1.965,-2.500,0.0055,-0.485,nan,0.00,1,1,1,0,1,0.0000,0.213,0,0.156,1,0.770,0,0,yolo,120.3,yolo,0,0,0,0.000,0,-1,0
1785654227.455,-3.762,-1.893,26.923,0.9973,0,-0.249,-0.607,0.041,0.2703,14.742,-0.011,-0.957,1.000,-0.041,-3.513,0.0109,0.0395,0.576,0.576,-1.263,1.489,1.983,-2.500,0.0056,-0.467,nan,0.00,1,1,1,0,1,0.0000,0.213,0,0.156,1,0.770,0,0,yolo,120.3,yolo,0,0,0,0.000,0,-1,0
1785654227.486,-3.762,-1.893,26.923,0.9973,0,1.251,-0.607,0.432,0.2536,14.914,-0.113,-0.773,1.000,-0.432,-8.155,0.7634,-1.4682,0.576,0.565,-1.263,1.489,2.179,-2.500,0.0056,-0.271,nan,0.00,1,1,1,1,1,0.0000,0.429,0,0.161,1,0.782,0,0,yolo,123.2,yolo,0,0,0,0.000,0,-1,0
1785654227.517,-3.730,-1.956,26.924,0.9973,0,0.436,-0.544,0.432,0.2703,14.914,-0.113,-0.773,1.000,-0.432,-4.166,-0.0160,0.0106,0.549,0.549,-1.252,1.498,2.195,-2.500,0.0056,-0.255,nan,0.00,1,1,1,0,1,0.0000,0.429,0,0.161,1,0.782,0,0,yolo,123.2,yolo,0,0,0,0.000,0,-1,0
1785654227.549,-3.777,-2.015,26.896,0.9972,0,0.137,-0.485,0.432,0.2704,14.914,-0.113,-0.773,1.000,-0.432,-3.913,-0.0395,0.0147,0.526,0.526,-1.248,1.508,2.200,-2.500,0.0057,-0.240,nan,0.00,1,1,1,0,1,0.0000,0.430,0,0.162,1,0.805,0,0,yolo,123.2,yolo,0,0,0,0.000,0,-1,0
1785654227.581,-3.783,-2.069,26.850,0.9972,0,-0.126,-0.431,0.432,0.2704,14.914,-0.113,-0.773,1.000,-0.432,-3.657,-0.0633,0.0154,0.502,0.502,-1.247,1.518,2.200,-2.500,0.0057,-0.226,nan,0.00,1,1,1,0,1,0.0000,0.430,0,0.162,1,0.805,0,0,yolo,123.2,yolo,0,0,0,0.000,0,-1,0
1785654227.618,-3.783,-2.069,26.850,0.9972,0,1.374,-0.431,0.572,0.2538,14.897,-0.149,-0.613,1.000,-0.572,-5.575,0.2725,-1.2140,0.502,0.482,-1.247,1.518,2.200,-2.500,0.0057,-0.064,nan,0.00,1,1,1,1,1,0.0000,0.573,0,0.198,1,0.810,0,0,yolo,121.0,yolo,0,0,0,0.000,0,-1,0
1785654227.645,-3.763,-2.118,26.812,0.9972,0,0.393,-0.382,0.572,0.2704,14.897,-0.149,-0.613,1.000,-0.572,-4.156,-0.0053,-0.0010,0.477,0.477,-1.248,1.528,2.200,-2.500,0.0057,-0.051,nan,0.00,1,1,1,0,1,0.0000,0.573,0,0.198,1,0.810,0,0,yolo,121.0,yolo,0,0,0,0.000,0,-1,0
1785654227.681,-3.804,-2.161,26.767,0.9971,0,0.112,-0.339,0.572,0.2705,14.897,-0.149,-0.613,1.000,-0.572,-3.916,-0.0276,-0.0025,0.455,0.455,-1.250,1.538,2.200,-2.500,0.0057,-0.040,nan,0.00,1,1,1,0,1,0.0000,0.573,0,0.198,1,0.810,2,0,yolo,121.0,yolo,0,0,0,0.000,0,-1,0
1785654227.707,-3.804,-2.161,26.767,0.9971,0,-0.667,-0.339,0.551,0.2538,14.966,-0.144,-0.583,1.000,-0.551,-3.137,-0.0845,-0.4891,0.455,0.380,-1.250,1.538,2.200,-2.500,0.0057,-0.007,nan,0.00,1,1,1,1,1,0.0000,0.426,0,0.158,1,0.802,0,0,yolo,120.4,yolo,0,0,0,0.000,0,-1,0
1785654227.744,-3.810,-2.198,26.717,0.9971,0,0.320,-0.302,0.551,0.2703,14.966,-0.144,-0.583,1.000,-0.551,-4.130,0.0531,-0.0016,0.433,0.433,-1.252,1.548,2.200,-2.500,0.0057,0.003,nan,0.00,1,1,1,0,1,0.0000,0.426,0,0.158,1,0.802,1,0,yolo,120.4,yolo,0,0,0,0.000,0,-1,0
1785654227.785,-3.728,-2.239,26.665,0.9971,0,0.127,-0.261,0.551,0.2705,14.966,-0.144,-0.583,1.000,-0.551,-3.855,0.0275,0.0119,0.408,0.408,-1.238,1.560,2.200,-2.500,0.0057,0.013,nan,0.00,1,1,1,0,1,0.0000,0.431,0,0.163,1,0.810,0,0,yolo,120.4,yolo,0,0,0,0.000,0,-1,0
1785654227.823,-3.749,-2.271,26.615,0.9971,0,-0.141,-0.229,0.551,0.2705,14.966,-0.144,-0.583,1.000,-0.551,-3.608,0.0045,0.0271,0.385,0.385,-1.223,1.571,2.200,-2.500,0.0057,0.022,nan,0.00,1,1,1,0,1,0.0000,0.427,0,0.159,1,0.798,0,0,yolo,120.4,yolo,0,0,0,0.000,0,-1,0
1785654227.864,-3.733,-2.297,26.570,0.9971,0,-1.244,-0.203,0.509,0.2538,14.510,-0.129,-0.471,1.000,-0.509,-2.488,-0.0796,-0.7378,0.364,0.273,-1.209,1.581,2.200,-2.500,0.0057,0.120,nan,0.00,1,1,1,1,1,0.0000,0.427,0,0.159,1,0.798,0,0,yolo,129.8,yolo,0,0,0,0.000,0,-1,0
1785654227.894,-3.595,-2.322,26.523,0.9972,0,0.032,-0.178,0.509,0.2679,14.510,-0.129,-0.471,1.000,-0.509,-3.627,0.0679,0.0274,0.340,0.340,-1.182,1.592,2.200,-2.500,0.0057,0.126,nan,0.00,1,1,1,0,1,0.0000,0.423,0,0.154,1,0.796,0,0,yolo,129.8,yolo,0,0,0,0.000,0,-1,0
1785654227.927,-3.608,-2.345,26.478,0.9972,0,-0.201,-0.155,0.509,0.2690,14.510,-0.129,-0.471,1.000,-0.509,-3.407,0.0477,0.0572,0.320,0.320,-1.152,1.604,2.200,-2.500,0.0056,0.132,nan,0.00,1,1,1,0,1,0.0000,0.423,0,0.154,1,0.796,0,0,yolo,129.8,yolo,0,0,0,0.000,0,-1,0
1785654227.958,-3.588,-2.363,26.436,0.9972,0,-1.701,-0.137,0.241,0.2524,13.925,-0.059,-0.386,1.000,-0.241,0.730,-0.4881,-0.4572,0.301,0.180,-1.137,1.614,2.200,-2.500,0.0056,0.193,nan,0.00,1,1,1,1,1,0.0000,0.423,0,0.153,1,0.795,0,0,yolo,121.3,yolo,0,0,0,0.000,0,-1,0
1785654227.989,-3.588,-2.363,26.436,0.9972,0,-0.518,-0.137,0.241,0.2646,13.925,-0.059,-0.386,1.000,-0.241,-3.069,0.1217,0.0000,0.301,0.301,-1.137,1.614,2.200,-2.500,0.0056,0.193,nan,0.00,1,1,1,0,1,0.0000,0.423,0,0.153,1,0.795,0,0,yolo,121.3,yolo,0,0,0,0.000,0,-1,0
1785654228.019,-3.534,-2.379,26.410,0.9972,0,-0.683,-0.121,0.241,0.2651,13.925,-0.059,-0.386,1.000,-0.241,-2.851,0.1021,0.0156,0.282,0.282,-1.121,1.625,2.200,-2.500,0.0056,0.196,nan,0.00,1,1,1,0,1,0.0000,0.210,0,0.150,1,0.795,0,0,yolo,121.3,yolo,0,0,0,0.000,0,-1,0
1785654228.050,-3.463,-2.393,26.396,0.9973,0,-0.845,-0.107,0.241,0.2658,13.925,-0.059,-0.386,1.000,-0.241,-2.619,0.0813,0.0343,0.261,0.261,-1.102,1.636,2.200,-2.500,0.0056,0.200,nan,0.00,1,1,1,0,1,0.0000,0.420,0,0.150,1,0.795,0,0,yolo,121.3,yolo,0,0,0,0.000,0,-1,0
1785654228.084,-3.463,-2.393,26.396,0.9973,0,-2.345,-0.107,-0.176,0.2492,13.420,0.041,-0.292,1.000,0.176,5.148,-0.9771,-0.6711,0.261,0.028,-1.102,1.636,2.183,-2.500,0.0055,0.267,nan,0.00,1,1,1,1,1,0.0000,0.418,0,0.147,1,0.794,0,0,yolo,110.7,yolo,0,0,0,0.000,0,-1,0
1785654228.113,-3.379,-2.410,26.377,0.9974,0,-1.252,-0.090,-0.176,0.2626,13.420,0.041,-0.292,1.000,0.176,-2.127,0.2094,0.0105,0.237,0.237,-1.092,1.649,2.179,-2.500,0.0055,0.271,nan,0.00,1,1,1,0,1,0.0000,0.418,0,0.147,1,0.794,0,0,yolo,110.7,yolo,0,0,0,0.000,0,-1,0
1785654228.149,-3.273,-2.426,26.350,0.9975,0,-1.400,-0.074,-0.176,0.2629,13.420,0.041,-0.292,1.000,0.176,-1.873,0.1872,0.0212,0.215,0.215,-1.081,1.662,2.175,-2.500,0.0055,0.275,nan,0.00,1,1,1,0,1,0.0000,0.417,0,0.146,1,0.795,0,0,yolo,110.7,yolo,0,0,0,0.000,0,-1,0
1785654228.189,-3.271,-2.426,26.350,0.9975,0,-2.900,-0.074,-0.698,0.2462,12.970,0.158,-0.178,1.000,0.698,11.918,-1.7703,-1.3199,0.215,-0.200,-1.081,1.662,2.087,-2.500,0.0055,0.363,nan,0.00,1,1,1,1,1,0.0000,0.417,0,0.146,1,0.795,0,0,yolo,116.8,yolo,0,0,0,0.000,0,-1,0
1785654228.220,-3.121,-2.433,26.376,0.9976,0,-1.608,-0.067,-0.698,0.2597,12.970,0.158,-0.178,1.000,0.698,-1.514,0.3940,0.0132,0.194,0.194,-1.068,1.674,2.085,-2.500,0.0054,0.365,nan,0.00,1,1,1,0,1,0.0000,0.531,0,0.156,2,0.792,0,0,yolo,116.8,yolo,0,0,0,0.000,0,-1,0
1785654228.251,-2.957,-2.438,26.432,0.9978,0,-1.669,-0.062,-0.698,0.2603,12.970,0.158,-0.178,1.000,0.698,-1.288,0.3746,0.0296,0.175,0.175,-1.051,1.685,2.084,-2.500,0.0054,0.366,nan,0.00,1,1,1,0,1,0.0000,0.531,0,0.156,2,0.792,0,0,yolo,116.8,yolo,0,0,0,0.000,0,-1,0
1785654228.283,-2.788,-2.441,26.509,0.9979,0,-1.715,-0.059,-0.698,0.2611,12.970,0.158,-0.178,1.000,0.698,-1.073,0.3561,0.0491,0.156,0.156,-1.032,1.696,2.083,-2.500,0.0053,0.367,nan,0.00,1,1,1,0,1,0.0000,0.531,0,0.156,2,0.792,0,0,yolo,116.8,yolo,0,0,0,0.000,0,-1,0
1785654228.315,-2.788,-2.441,26.509,0.9979,0,-3.215,-0.059,-1.145,0.2444,12.633,0.253,-0.102,1.000,1.145,8.056,-0.7405,-0.4250,0.156,-0.219,-1.032,1.696,2.026,-2.500,0.0053,0.424,nan,0.00,1,1,1,1,1,0.0000,0.534,0,0.159,2,0.786,0,0,yolo,124.6,yolo,0,0,0,0.000,0,-1,0
1785654228.350,-2.619,-2.445,26.572,0.9980,0,-2.733,-0.055,-1.145,0.2579,12.633,0.253,-0.102,1.000,1.145,0.114,0.3593,0.0209,0.140,0.140,-1.011,1.707,2.024,-2.500,0.0053,0.426,nan,0.00,1,1,1,0,1,0.0000,0.537,0,0.162,2,0.784,0,0,yolo,124.6,yolo,0,0,0,0.000,0,-1,0
1785654228.376,-2.326,-2.447,26.674,0.9983,0,-2.648,0.008,-1.145,0.2588,12.633,0.253,-0.102,1.000,1.145,0.322,0.3417,0.0446,0.123,0.123,-0.987,1.718,2.023,-2.439,0.0052,0.427,nan,0.00,1,1,1,0,1,0.0000,0.537,0,0.162,2,0.784,0,0,yolo,124.6,yolo,0,0,0,0.000,0,-1,0
1785654228.413,-2.064,-2.442,26.790,0.9984,0,-2.560,0.048,-1.145,0.2598,12.633,0.253,-0.102,1.000,1.145,0.496,0.3269,0.0687,0.108,0.108,-0.963,1.729,2.023,-2.394,0.0052,0.427,nan,0.00,1,1,1,0,1,0.0000,0.534,0,0.159,2,0.786,0,0,yolo,124.6,yolo,0,0,0,0.000,0,-1,0
1785654228.454,-1.804,-2.433,26.897,0.9986,0,-4.060,0.250,-1.722,0.2432,12.267,0.369,-0.014,1.000,1.722,10.805,-0.9252,-0.5122,0.096,-0.268,-0.940,1.740,1.954,-2.183,0.0051,0.496,nan,0.00,1,1,1,1,1,0.0000,0.534,0,0.159,2,0.786,0,0,yolo,116.9,yolo,0,0,0,0.000,0,-1,0
1785654228.485,-1.804,-2.433,26.897,0.9986,0,-3.621,0.144,-1.722,0.2546,12.267,0.369,-0.014,1.000,1.722,1.816,0.3636,0.0000,0.096,0.096,-0.940,1.740,1.954,-2.290,0.0051,0.496,nan,0.00,1,1,1,0,1,0.0000,0.269,0,0.162,2,0.761,0,0,yolo,116.9,yolo,0,0,0,0.000,0,-1,0
1785654228.517,-1.352,-2.401,27.060,0.9988,0,-3.329,0.177,-1.722,0.2563,12.267,0.369,-0.014,1.000,1.722,1.977,0.3502,0.0379,0.082,0.082,-0.903,1.751,1.958,-2.224,0.0050,0.492,nan,0.00,1,1,1,0,1,0.0000,0.214,0,0.161,1,0.748,0,0,yolo,116.9,yolo,0,0,0,0.000,0,-1,0
1785654228.547,-1.063,-2.383,27.211,0.9990,0,-3.132,0.181,-1.722,0.2578,12.267,0.369,-0.014,1.000,1.722,2.069,0.3425,0.0714,0.075,0.075,-0.869,1.759,1.960,-2.202,0.0050,0.490,nan,0.00,1,1,1,0,1,0.0000,0.534,0,0.159,2,0.740,0,0,yolo,116.9,yolo,0,0,0,0.000,0,-1,0
1785654228.584,-0.784,-2.365,27.355,0.9991,0,-4.632,0.587,-2.689,0.2411,12.695,0.596,0.133,1.000,2.689,14.000,-1.2859,-0.9560,0.070,-0.361,-0.835,1.768,1.801,-1.778,0.0049,0.649,nan,0.00,1,1,1,1,1,0.0000,0.420,0,0.150,1,0.723,0,0,yolo,128.8,yolo,0,0,0,0.000,0,-1,0
1785654228.625,-0.495,-2.347,27.501,0.9991,0,-4.630,0.587,-2.689,0.2512,12.695,0.596,0.133,1.000,2.689,4.135,0.4274,0.0350,0.067,0.067,-0.800,1.777,1.802,-1.759,0.0048,0.648,nan,0.00,1,1,1,0,1,0.0000,0.420,0,0.150,1,0.723,0,0,yolo,128.8,yolo,0,0,0,0.000,0,-1,0
1785654228.657,-0.020,-2.283,27.765,0.9992,0,-4.217,0.532,-2.689,0.2534,12.695,0.596,0.133,1.000,2.689,4.197,0.4222,0.0787,0.061,0.061,-0.756,1.786,1.811,-1.751,0.0048,0.639,nan,0.00,1,1,1,0,1,0.0000,0.413,0,0.141,1,0.727,0,0,yolo,128.8,yolo,0,0,0,0.000,0,-1,0
1785654228.688,0.381,-2.234,28.004,0.9992,0,-5.717,0.589,-3.142,0.2367,12.257,0.673,0.194,1.000,3.142,14.000,-1.4549,-0.5545,0.061,-0.386,-0.711,1.794,1.774,-1.644,0.0047,0.676,nan,0.00,1,1,1,1,1,0.0000,0.413,0,0.141,1,0.736,0,0,yolo,126.1,yolo,0,0,0,0.000,0,-1,0
1785654228.719,0.381,-2.234,28.004,0.9992,0,-4.810,0.497,-3.142,0.2486,12.257,0.673,0.194,1.000,3.142,5.191,0.4472,0.0000,0.061,0.061,-0.711,1.794,1.774,-1.736,0.0046,0.676,nan,0.00,1,1,1,0,1,0.0000,0.291,0,0.110,1,0.760,0,0,yolo,126.1,yolo,0,0,0,0.000,0,-1,0
1785654228.750,0.838,-2.186,28.261,0.9992,0,-4.315,0.482,-3.142,0.2509,12.257,0.673,0.194,1.000,3.142,5.153,0.4503,0.0496,0.064,0.064,-0.661,1.802,1.779,-1.704,0.0046,0.671,nan,0.00,1,1,1,0,1,0.0000,0.291,0,0.110,1,0.760,0,0,yolo,126.1,yolo,0,0,0,0.000,0,-1,0
1785654228.788,1.317,-2.142,28.557,0.9990,0,-3.767,0.460,-3.142,0.2527,12.257,0.673,0.194,1.000,3.142,5.084,0.4561,0.0878,0.070,0.070,-0.623,1.810,1.783,-1.682,0.0045,0.667,nan,0.00,1,1,1,0,1,0.0000,0.286,0,0.101,1,0.815,0,0,yolo,126.1,yolo,0,0,0,0.000,0,-1,0
1785654228.828,1.695,-2.103,28.850,0.9989,0,-5.267,0.780,-4.002,0.2360,12.329,0.862,0.324,1.000,4.002,14.000,-1.3872,-1.0121,0.081,-0.425,-0.586,1.817,1.648,-1.323,0.0044,0.802,nan,0.00,1,1,1,1,1,0.0000,0.286,0,0.101,1,0.815,0,0,yolo,116.4,yolo,0,0,0,0.000,0,-1,0
1785654228.860,1.695,-2.103,28.850,0.9989,0,-5.219,0.704,-4.002,0.2446,12.329,0.862,0.324,1.000,4.002,6.914,0.5061,0.0000,0.081,0.081,-0.586,1.817,1.648,-1.399,0.0044,0.802,nan,0.00,1,1,1,0,1,0.0000,0.280,0,0.091,1,0.833,0,0,yolo,116.4,yolo,0,0,0,0.000,0,-1,0
1785654228.893,2.284,-2.029,29.248,0.9986,0,-4.489,0.662,-4.002,0.2472,12.329,0.862,0.324,1.000,4.002,6.773,0.5179,0.0535,0.092,0.092,-0.533,1.825,1.655,-1.368,0.0043,0.795,nan,0.00,1,1,1,0,1,0.0000,0.280,0,0.091,1,0.833,0,0,yolo,116.4,yolo,0,0,0,0.000,0,-1,0
1785654228.926,2.712,-1.981,29.626,0.9983,0,-5.989,0.669,-4.309,0.2399,11.778,0.887,0.360,1.000,4.309,14.000,-0.4738,-0.0990,0.107,-0.270,-0.484,1.831,1.642,-1.312,0.0042,0.808,nan,0.00,1,1,1,1,1,0.0000,0.273,0,0.081,1,0.845,0,0,yolo,116.3,yolo,0,0,0,0.000,0,-1,0
1785654228.956,3.234,-1.941,29.968,0.9978,0,-4.689,0.636,-4.309,0.2466,11.778,0.887,0.360,1.000,4.309,7.922,0.3925,0.0482,0.122,0.122,-0.436,1.837,1.642,-1.305,0.0041,0.808,nan,0.00,1,1,1,0,1,0.0000,0.273,0,0.081,1,0.845,0,0,yolo,116.3,yolo,0,0,0,0.000,0,-1,0
1785654228.994,3.678,-1.902,30.350,0.9974,0,-3.984,0.607,-4.309,0.2491,11.778,0.887,0.360,1.000,4.309,7.662,0.4137,0.1026,0.144,0.144,-0.382,1.842,1.643,-1.296,0.0040,0.807,nan,0.00,1,1,1,0,1,0.0000,0.258,0,0.054,1,0.853,0,0,yolo,116.3,yolo,0,0,0,0.000,0,-1,0
1785654229.020,4.019,-1.872,30.699,0.9970,0,-3.368,0.578,-4.309,0.2515,11.778,0.887,0.360,1.000,4.309,7.387,0.4361,0.1537,0.166,0.166,-0.330,1.847,1.645,-1.294,0.0039,0.805,nan,0.00,1,1,1,0,1,0.0000,0.258,0,0.054,1,0.853,0,0,yolo,116.3,yolo,0,0,0,0.000,0,-1,0
1785654229.058,4.330,-1.844,31.056,0.9966,0,-4.868,0.639,-4.584,0.2348,11.138,0.893,0.413,1.000,4.584,13.879,-0.3202,-0.1933,0.192,-0.107,-0.289,1.852,1.612,-1.206,0.0039,0.838,nan,0.00,1,1,1,1,1,0.0000,0.258,0,0.054,1,0.853,2,0,yolo,118.8,yolo,0,0,0,0.000,0,-1,0
1785654229.084,4.334,-1.844,31.061,0.9966,0,-4.158,0.581,-4.584,0.2435,11.138,0.893,0.413,1.000,4.584,8.492,0.2988,0.0005,0.192,0.192,-0.288,1.852,1.612,-1.263,0.0038,0.838,nan,0.00,1,1,1,0,1,0.0000,0.323,0,0.029,2,0.864,0,0,yolo,118.8,yolo,0,0,0,0.000,0,-1,0
1785654229.121,4.748,-1.819,31.471,0.9961,0,-3.367,0.592,-4.584,0.2454,11.138,0.893,0.413,1.000,4.584,8.115,0.3285,0.0414,0.222,0.222,-0.247,1.858,1.611,-1.227,0.0037,0.839,nan,0.00,1,1,1,0,1,0.0000,0.323,0,0.029,2,0.864,2,0,yolo,118.8,yolo,0,0,0,0.000,0,-1,0
1785654229.147,5.069,-1.796,31.885,0.9956,0,-2.645,0.595,-4.584,0.2472,11.138,0.893,0.413,1.000,4.584,7.715,0.3601,0.0823,0.253,0.253,-0.206,1.863,1.611,-1.200,0.0036,0.839,nan,0.00,1,1,1,0,1,0.0000,0.328,0,0.035,2,0.873,0,0,yolo,118.8,yolo,0,0,0,0.000,0,-1,0
1785654229.175,5.314,-1.774,32.281,0.9952,0,-4.145,0.657,-4.876,0.2306,10.591,0.903,0.455,1.000,4.876,14.000,-0.8096,-0.3703,0.286,0.006,-0.166,1.869,1.586,-1.118,0.0035,0.864,nan,0.00,1,1,1,1,1,0.0000,0.328,0,0.035,2,0.873,0,0,yolo,130.6,yolo,0,0,0,0.000,0,-1,0
1785654229.212,5.314,-1.774,32.281,0.9952,0,-3.162,0.604,-4.876,0.2427,10.591,0.903,0.455,1.000,4.876,8.476,0.2807,0.0000,0.286,0.286,-0.166,1.869,1.586,-1.170,0.0034,0.864,nan,0.00,1,1,1,0,1,0.0000,0.334,0,0.042,2,0.887,0,0,yolo,130.6,yolo,0,0,0,0.000,0,-1,0
1785654229.242,5.739,-1.751,32.729,0.9945,0,-2.252,0.627,-4.876,0.2453,10.591,0.903,0.455,1.000,4.876,7.991,0.3178,0.0575,0.323,0.323,-0.109,1.875,1.584,-1.124,0.0034,0.866,nan,0.00,1,1,1,0,1,0.0000,0.334,0,0.042,2,0.887,0,0,yolo,130.6,yolo,0,0,0,0.000,0,-1,0
1785654229.278,5.948,-1.734,33.162,0.9942,0,-1.560,0.640,-4.876,0.2479,10.591,0.903,0.455,1.000,4.876,7.508,0.3547,0.1151,0.360,0.360,-0.051,1.880,1.584,-1.093,0.0033,0.866,nan,0.00,1,1,1,0,1,0.0000,0.334,0,0.042,2,0.887,2,0,yolo,130.6,yolo,0,0,0,0.000,0,-1,0
1785654229.320,6.072,-1.719,33.536,0.9939,0,-3.060,1.155,-6.257,0.2313,11.758,1.289,0.581,1.000,6.257,14.000,-1.7010,-1.2041,0.394,-0.196,-0.002,1.885,1.379,-0.564,0.0033,1.067,nan,0.00,1,1,1,1,1,0.0000,0.339,0,0.049,2,0.903,0,0,yolo,122.0,yolo,0,0,0,0.000,0,-1,0
1785654229.352,6.201,-1.704,33.904,0.9937,0,-3.233,1.157,-6.257,0.2389,11.758,1.289,0.581,1.000,6.257,9.434,0.6232,0.0470,0.427,0.427,0.045,1.891,1.380,-0.548,0.0033,1.066,nan,0.00,1,1,1,0,1,0.0000,0.350,0,0.062,2,0.928,0,0,yolo,122.0,yolo,0,0,0,0.000,0,-1,0
1785654229.383,6.472,-1.660,34.376,0.9932,0,-2.546,1.130,-6.257,0.2415,11.758,1.289,0.581,1.000,6.257,9.018,0.6571,0.1002,0.461,0.461,0.098,1.897,1.383,-0.529,0.0033,1.063,nan,0.00,1,1,1,0,1,0.0000,0.350,0,0.062,2,0.928,0,0,yolo,122.0,yolo,0,0,0,0.000,0,-1,0
1785654229.415,6.696,-1.620,34.908,0.9928,0,-4.046,1.456,-7.057,0.2249,12.453,1.542,0.671,1.000,7.057,14.000,-1.7382,-1.3431,0.495,-0.338,0.143,1.903,1.248,-0.164,0.0033,1.197,nan,0.00,1,1,1,1,1,0.0000,0.345,0,0.056,2,0.936,0,0,yolo,123.4,yolo,0,0,0,0.000,0,-1,0
1785654229.452,7.048,-1.561,35.507,0.9921,0,-2.628,1.420,-7.057,0.2361,12.453,1.542,0.671,1.000,7.057,9.676,0.8688,0.0614,0.531,0.531,0.205,1.910,1.251,-0.141,0.0033,1.194,nan,0.00,1,1,1,0,1,0.0000,0.345,0,0.056,2,0.936,2,0,yolo,123.4,yolo,0,0,0,0.000,0,-1,0
1785654229.477,7.441,-1.501,36.153,0.9912,0,-1.747,1.384,-7.057,0.2400,12.453,1.542,0.671,1.000,7.057,9.188,0.9100,0.1412,0.573,0.573,0.284,1.917,1.254,-0.117,0.0033,1.190,nan,0.00,1,1,1,0,1,0.0000,0.347,0,0.059,2,0.931,0,0,yolo,123.4,yolo,0,0,0,0.000,0,-1,0
1785654229.516,7.444,-1.500,36.163,0.9912,0,-1.737,1.316,-7.057,0.2401,12.453,1.542,0.671,1.000,7.057,9.181,0.9106,0.1424,0.573,0.573,0.286,1.917,1.254,-0.184,0.0033,1.190,nan,0.00,1,1,1,0,1,0.0000,0.345,0,0.057,2,0.927,0,0,yolo,123.4,yolo,0,0,0,0.000,0,-1,0
1785654229.556,7.744,-1.410,37.370,0.9906,0,-3.237,1.492,-7.546,0.2234,12.752,1.689,0.720,1.000,7.546,14.000,-0.8166,-0.4794,0.653,-0.175,0.446,1.930,1.200,0.082,0.0033,1.254,nan,0.00,1,1,1,1,1,0.0000,0.345,0,0.057,2,0.927,0,0,yolo,134.1,yolo,0,0,0,0.000,0,-1,0
1785654229.587,7.744,-1.410,37.370,0.9906,0,-2.636,1.415,-7.546,0.2318,12.752,1.689,0.720,1.000,7.546,10.380,0.8286,0.0000,0.653,0.653,0.446,1.930,1.200,0.005,0.0033,1.254,nan,0.00,1,1,1,0,1,0.0000,0.257,0,0.054,1,0.931,0,0,yolo,134.1,yolo,0,0,0,0.000,0,-1,0
1785654229.623,8.032,-1.363,38.007,0.9899,0,-1.862,1.407,-7.546,0.2356,12.752,1.689,0.720,1.000,7.546,9.894,0.8703,0.0789,0.695,0.695,0.525,1.937,1.200,0.045,0.0033,1.252,nan,0.00,1,1,1,0,1,0.0000,0.257,0,0.054,1,0.931,1,0,yolo,134.1,yolo,0,0,0,0.000,0,-1,0
1785654229.650,8.265,-1.324,38.645,0.9894,0,-1.140,1.404,-7.546,0.2391,12.752,1.689,0.720,1.000,7.546,9.405,0.9121,0.1509,0.737,0.737,0.597,1.945,1.200,0.080,0.0033,1.249,nan,0.00,1,1,1,0,1,0.0000,0.255,0,0.050,1,0.925,0,0,yolo,134.1,yolo,0,0,0,0.000,0,-1,0
1785654229.686,8.358,-1.291,39.235,0.9891,0,-2.640,1.398,-7.787,0.2248,12.852,1.757,0.737,1.000,7.787,14.000,-0.3241,-0.1495,0.776,0.039,0.664,1.952,1.200,0.107,0.0033,1.274,nan,0.00,1,1,1,1,1,0.0000,0.255,0,0.049,1,0.928,0,0,yolo,129.5,yolo,0,0,0,0.000,0,-1,0
1785654229.726,8.562,-1.261,39.854,0.9886,0,-1.616,1.400,-7.787,0.2352,12.852,1.757,0.737,1.000,7.787,10.179,0.7786,0.0759,0.818,0.818,0.740,1.959,1.200,0.138,0.0033,1.274,nan,0.00,1,1,1,0,1,0.0000,0.255,0,0.049,1,0.928,0,0,yolo,129.5,yolo,0,0,0,0.000,0,-1,0
1785654229.761,8.716,-1.231,40.519,0.9882,0,-0.947,1.407,-7.787,0.2518,12.852,1.757,0.737,1.000,7.787,9.663,0.8230,0.1585,0.862,0.862,0.822,1.967,1.200,0.176,0.0033,1.271,nan,0.00,1,1,1,0,0,0.0000,0.000,0,0.000,0,0.000,0,0,yolo,129.5,yolo,0,0,0,0.000,0,-1,0
1785654229.792,8.788,-1.202,41.154,0.9880,0,-0.386,1.409,-7.787,0.2685,12.852,1.757,0.737,1.000,7.787,9.173,0.8651,0.2263,0.905,0.905,0.890,1.975,1.200,0.207,0.0033,1.267,nan,0.00,1,1,1,0,0,0.0000,0.000,0,0.000,0,0.000,0,0,yolo,129.5,yolo,0,0,0,0.000,0,-1,0
1785654229.839,8.818,-1.173,41.762,0.9880,0,-1.886,1.406,-7.588,0.2705,12.921,1.721,0.753,1.000,7.588,14.000,0.3357,-0.0420,0.945,0.328,0.944,1.983,1.200,0.233,0.0033,1.272,nan,0.00,1,1,1,1,0,0.0000,0.000,0,0.000,0,0.000,0,0,yolo,130.3,yolo,0,0,0,0.000,0,-1,0
1785654229.869,8.848,-1.143,42.408,0.9879,0,-0.386,1.409,-7.588,0.2705,12.921,1.721,0.753,1.000,7.588,9.189,0.6592,0.0457,0.987,0.987,0.990,1.992,1.200,0.266,0.0033,1.266,nan,0.00,1,1,1,0,0,0.0000,0.000,0,0.000,0,0.000,1,0,yolo,130.3,yolo,0,0,0,0.000,0,-1,0
1785654229.895,8.879,-1.112,43.032,0.9878,0,0.177,1.407,-7.588,0.2706,12.921,1.721,0.753,1.000,7.588,8.702,0.7012,0.0724,1.029,1.029,1.016,2.001,1.200,0.296,0.0033,1.260,nan,0.00,1,1,1,0,0,0.0000,0.000,0,0.000,0,0.000,0,0,yolo,130.3,yolo,0,0,0,0.000,0,-1,0
1785654229.931,8.861,-1.079,43.652,0.9879,0,-1.323,1.374,-7.296,0.2705,12.884,1.650,0.748,1.000,7.296,11.089,0.6570,0.2408,1.070,0.587,1.029,2.010,1.212,0.294,0.0033,1.236,nan,0.00,1,1,1,1,0,0.0000,0.000,0,0.000,0,0.000,0,0,yolo,119.4,yolo,0,0,0,0.000,0,-1,0
1785654229.958,8.955,-1.051,44.215,0.9876,0,0.177,1.358,-7.296,0.2706,12.884,1.650,0.748,1.000,7.296,8.286,0.5239,0.0020,1.111,1.111,1.031,2.018,1.216,0.307,0.0033,1.232,nan,0.00,1,1,1,0,1,0.0000,0.252,0,0.046,1,0.921,0,0,yolo,119.4,yolo,0,0,0,0.000,0,-1,0
1785654229.989,8.955,-1.051,44.215,0.9876,0,0.669,1.268,-7.296,0.2706,12.884,1.650,0.748,1.000,7.296,8.286,0.5239,0.0020,1.111,1.111,1.031,2.018,1.216,0.216,0.0033,1.232,nan,0.00,1,1,1,0,1,0.0000,0.252,0,0.046,1,0.921,0,0,yolo,119.4,yolo,0,0,0,0.000,0,-1,0
1785654230.020,8.944,-1.020,44.811,0.9877,0,1.152,1.278,-7.296,0.2706,12.884,1.650,0.748,1.000,7.296,7.792,0.5664,-0.0010,1.154,1.154,1.028,2.027,1.222,0.258,0.0033,1.225,nan,0.00,1,1,1,0,1,0.0000,0.253,0,0.047,1,0.909,0,0,yolo,119.4,yolo,0,0,0,0.000,0,-1,0
1785654230.048,8.873,-0.997,45.396,0.9879,0,2.652,1.181,-6.740,0.2705,12.838,1.517,0.723,1.000,6.740,4.877,1.2465,0.5348,1.194,0.866,1.022,2.037,1.274,0.183,0.0033,1.171,nan,0.00,1,1,1,1,1,0.0000,0.253,0,0.047,1,0.909,0,0,yolo,113.5,yolo,0,0,0,0.000,0,-1,0
1785654230.083,8.647,-0.976,45.945,0.9885,0,1.785,1.177,-6.740,0.2704,12.838,1.517,0.723,1.000,6.740,6.862,0.3642,-0.0067,1.230,1.230,1.016,2.046,1.283,0.201,0.0033,1.161,nan,0.00,1,1,1,0,1,0.0000,0.255,0,0.050,1,0.908,0,0,yolo,113.5,yolo,0,0,0,0.000,0,-1,0
1785654230.114,8.483,-0.950,46.480,0.9889,0,2.061,1.164,-6.740,0.2703,12.838,1.517,0.723,1.000,6.740,6.422,0.4019,-0.0141,1.268,1.268,1.008,2.055,1.293,0.214,0.0033,1.151,nan,0.00,1,1,1,0,1,0.0000,0.255,0,0.050,1,0.908,0,0,yolo,113.5,yolo,0,0,0,0.000,0,-1,0
1785654230.144,8.312,-0.924,47.016,0.9894,0,2.303,1.151,-6.740,0.2701,12.838,1.517,0.723,1.000,6.740,6.009,0.4372,-0.0215,1.303,1.303,1.001,2.065,1.302,0.227,0.0033,1.141,nan,0.00,1,1,1,0,1,0.0000,0.255,0,0.050,1,0.903,0,0,yolo,113.5,yolo,0,0,0,0.000,0,-1,0
1785654230.180,8.093,-0.897,47.596,0.9899,0,3.803,0.982,-6.119,0.2700,12.664,1.358,0.687,1.000,6.119,4.207,0.8239,0.4290,1.338,1.034,0.993,2.076,1.378,0.085,0.0033,1.070,nan,0.00,1,1,1,1,1,0.0000,0.255,0,0.050,1,0.903,2,0,yolo,111.0,yolo,0,0,0,0.000,0,-1,0
1785654230.212,8.093,-0.897,47.596,0.9899,0,3.344,0.880,-6.119,0.2700,12.664,1.358,0.687,1.000,6.119,4.749,0.3040,0.0000,1.338,1.338,0.993,2.076,1.378,-0.017,0.0033,1.070,nan,0.00,1,1,1,0,1,0.0000,0.258,0,0.055,1,0.911,1,0,yolo,111.0,yolo,0,0,0,0.000,0,-1,0
1785654230.239,7.743,-0.877,48.120,0.9908,0,3.366,0.895,-6.119,0.2698,12.664,1.358,0.687,1.000,6.119,4.377,0.3355,-0.0077,1.370,1.370,0.985,2.086,1.390,0.017,0.0033,1.058,nan,0.00,1,1,1,0,1,0.0000,0.258,0,0.055,1,0.911,0,0,yolo,111.0,yolo,0,0,0,0.000,0,-1,0
1785654230.276,7.454,-0.862,48.582,0.9914,0,4.866,0.731,-5.431,0.2730,12.556,1.194,0.646,1.000,5.431,0.454,1.5070,0.7335,1.399,0.821,0.978,2.095,1.465,-0.130,0.0032,0.985,nan,0.00,1,1,1,1,1,0.0000,0.259,0,0.057,1,0.920,0,0,yolo,105.5,yolo,0,0,0,0.000,0,-1,0
1785654230.300,7.156,-0.843,49.072,0.9921,0,6.343,0.735,-5.431,0.2692,12.556,1.194,0.646,1.000,5.431,0.813,0.6065,-0.0074,1.428,1.428,0.971,2.106,1.475,-0.108,0.0031,0.975,nan,0.00,1,1,1,0,1,0.0000,0.259,0,0.057,1,0.920,0,0,yolo,105.5,yolo,0,0,0,0.000,0,-1,0
1785654230.334,6.601,-0.829,49.520,0.9933,0,6.036,0.722,-5.431,0.2688,12.556,1.194,0.646,1.000,5.431,0.565,0.6274,-0.0141,1.449,1.449,0.964,2.115,1.489,-0.107,0.0030,0.961,nan,0.00,1,1,1,0,1,0.0000,0.261,0,0.060,1,0.924,0,0,yolo,105.5,yolo,0,0,0,0.000,0,-1,0
1785654230.364,6.079,-0.812,49.927,0.9943,0,5.733,0.689,-5.431,0.2684,12.556,1.194,0.646,1.000,5.431,0.346,0.6459,-0.0204,1.467,1.467,0.958,2.124,1.503,-0.122,0.0029,0.947,nan,0.00,1,1,1,0,1,0.0000,0.347,0,0.059,2,0.926,0,0,yolo,105.5,yolo,0,0,0,0.000,0,-1,0
1785654230.395,5.611,-0.792,50.333,0.9951,0,7.233,0.508,-4.856,0.2851,12.443,1.057,0.601,1.000,4.856,-2.798,1.8738,1.1026,1.483,0.810,0.952,2.133,1.576,-0.284,0.0028,0.874,nan,0.00,1,1,1,1,1,0.0000,0.347,0,0.059,2,0.926,0,0,yolo,113.8,yolo,0,0,0,0.000,0,-1,0
1785654230.428,4.987,-0.782,50.726,0.9961,0,6.550,0.488,-4.856,0.2684,12.443,1.057,0.601,1.000,4.856,-1.562,0.6835,-0.0094,1.493,1.493,0.943,2.142,1.590,-0.295,0.0027,0.860,nan,0.00,1,1,1,0,1,0.0000,0.262,0,0.062,1,0.925,0,0,yolo,113.8,yolo,0,0,0,0.000,0,-1,0
1785654230.460,4.987,-0.782,50.726,0.9961,0,6.550,0.391,-4.856,0.2677,12.443,1.057,0.601,1.000,4.856,-1.562,0.6835,-0.0094,1.493,1.493,0.943,2.142,1.590,-0.392,0.0026,0.860,nan,0.00,1,1,1,0,1,0.0000,0.350,0,0.063,2,0.926,0,0,yolo,113.8,yolo,0,0,0,0.000,0,-1,0
1785654230.492,4.413,-0.769,51.099,0.9969,0,6.663,0.232,-4.168,0.2781,12.357,0.900,0.551,1.000,4.168,-2.250,1.4838,0.7615,1.502,0.757,0.933,2.151,1.666,-0.537,0.0025,0.784,nan,0.00,1,1,1,1,1,0.0000,0.350,0,0.063,2,0.926,0,0,yolo,107.6,yolo,0,0,0,0.000,0,-1,0
1785654230.529,3.840,-0.758,51.481,0.9977,0,7.632,0.238,-4.168,0.2671,12.357,0.900,0.551,1.000,4.168,-3.793,0.7498,-0.0079,1.507,1.507,0.925,2.160,1.677,-0.520,0.0025,0.773,nan,0.00,1,1,1,0,1,0.0000,0.350,0,0.062,2,0.918,0,0,yolo,107.6,yolo,0,0,0,0.000,0,-1,0
1785654230.569,2.638,-0.753,52.135,0.9989,0,6.442,0.314,-4.168,0.2667,12.357,0.900,0.551,1.000,4.168,-3.804,0.7508,-0.0301,1.508,1.508,0.903,2.176,1.696,-0.439,0.0024,0.754,nan,0.00,1,1,1,0,1,0.0000,0.352,0,0.065,2,0.923,0,0,yolo,107.6,yolo,0,0,0,0.000,0,-1,0
1785654230.598,2.628,-0.753,52.140,0.9989,0,6.033,0.054,-3.348,0.2666,12.257,0.717,0.500,1.000,3.348,-3.405,1.3152,0.4596,1.508,0.743,0.902,2.176,1.757,-0.699,0.0023,0.693,nan,0.00,1,1,1,1,1,0.0000,0.351,0,0.064,2,0.913,0,0,yolo,110.2,yolo,0,0,0,0.000,0,-1,0
1785654230.631,2.036,-0.735,52.479,0.9993,0,7.533,0.040,-3.348,0.2664,12.257,0.717,0.500,1.000,3.348,-5.971,0.7611,-0.0039,1.504,1.504,0.899,2.184,1.768,-0.695,0.0023,0.682,nan,0.00,1,1,1,0,1,0.0000,0.351,0,0.064,2,0.913,0,0,yolo,110.2,yolo,0,0,0,0.000,0,-1,0
1785654230.662,1.401,-0.720,52.824,0.9996,0,7.272,0.028,-3.348,0.2663,12.257,0.717,0.500,1.000,3.348,-5.871,0.7529,-0.0077,1.496,1.496,0.895,2.192,1.779,-0.692,0.0022,0.671,nan,0.00,1,1,1,0,1,0.0000,0.348,0,0.060,2,0.898,0,0,yolo,110.2,yolo,0,0,0,0.000,0,-1,0
1785654230.694,0.770,-0.721,53.063,0.9998,0,8.772,-0.162,-2.715,0.2830,12.125,0.575,0.436,1.000,2.715,-9.518,2.0106,1.1233,1.486,0.883,0.899,2.198,1.854,-0.883,0.0021,0.596,nan,0.00,1,1,1,1,1,0.0000,0.348,0,0.060,2,0.898,0,0,yolo,104.2,yolo,0,0,0,0.000,0,-1,0
1785654230.724,0.021,-0.732,53.279,0.9999,0,7.272,-0.165,-2.715,0.2663,12.125,0.575,0.436,1.000,2.715,-6.569,0.5878,-0.0003,1.470,1.470,0.898,2.204,1.859,-0.897,0.0021,0.591,nan,0.00,1,1,1,0,1,0.0000,0.346,0,0.058,2,0.886,0,0,yolo,104.2,yolo,0,0,0,0.000,0,-1,0
1785654230.756,-0.618,-0.745,53.481,0.9999,0,5.772,-0.163,-2.715,0.2660,12.125,0.575,0.436,1.000,2.715,-6.361,0.5706,-0.0032,1.453,1.453,0.895,2.209,1.863,-0.908,0.0020,0.587,nan,0.00,1,1,1,0,1,0.0000,0.346,0,0.058,2,0.886,0,0,yolo,104.2,yolo,0,0,0,0.000,0,-1,0
1785654230.788,-1.112,-0.753,53.686,0.9997,0,5.027,-0.158,-2.715,0.2660,12.125,0.575,0.436,1.000,2.715,-6.139,0.5522,-0.0059,1.435,1.435,0.893,2.215,1.866,-0.911,0.0020,0.584,nan,0.00,1,1,1,0,1,0.0000,0.345,0,0.056,2,0.867,0,0,yolo,104.2,yolo,0,0,0,0.000,0,-1,0
1785654230.819,-1.112,-0.753,53.686,0.9997,0,3.527,-0.363,-2.269,0.2689,12.011,0.476,0.380,1.000,2.269,-3.473,0.7008,0.4178,1.435,0.789,0.893,2.215,1.922,-1.116,0.0019,0.528,nan,0.00,1,1,1,1,1,0.0000,0.345,0,0.056,2,0.867,0,0,yolo,105.1,yolo,0,0,0,0.000,0,-1,0
1785654230.858,-1.552,-0.760,53.897,0.9995,0,5.027,-0.332,-2.269,0.2660,12.011,0.476,0.380,1.000,2.269,-7.576,0.6260,-0.0024,1.415,1.415,0.890,2.220,1.924,-1.092,0.0018,0.526,nan,0.00,1,1,1,0,1,0.0000,0.269,0,0.073,1,0.847,0,0,yolo,105.1,yolo,0,0,0,0.000,0,-1,0
1785654230.897,-2.296,-0.804,54.245,0.9991,0,4.791,-0.193,-2.269,0.2660,12.011,0.476,0.380,1.000,2.269,-7.087,0.5857,-0.0067,1.375,1.375,0.886,2.231,1.921,-0.998,0.0018,0.529,nan,0.00,1,1,1,0,1,0.0000,0.269,0,0.073,1,0.847,0,0,yolo,105.1,yolo,0,0,0,0.000,0,-1,0
1785654230.928,-2.736,-0.812,54.417,0.9988,0,3.291,-0.407,-1.934,0.2825,11.671,0.394,0.295,1.000,1.934,-2.968,0.5122,0.6584,1.350,0.712,0.887,2.236,2.009,-1.219,0.0017,0.441,nan,0.00,1,1,1,1,1,0.0000,0.273,0,0.081,1,0.832,0,0,yolo,112.8,yolo,0,0,0,0.000,0,-1,0
1785654230.954,-2.736,-0.812,54.417,0.9988,0,4.791,-0.472,-1.934,0.2660,11.671,0.394,0.295,1.000,1.934,-8.290,0.6378,0.0000,1.350,1.350,0.887,2.236,2.009,-1.284,0.0017,0.441,nan,0.00,1,1,1,0,1,0.0000,0.273,0,0.081,1,0.832,0,0,yolo,112.8,yolo,0,0,0,0.000,0,-1,0
1785654230.991,-3.034,-0.838,54.580,0.9985,0,4.963,-0.414,-1.934,0.2661,11.671,0.394,0.295,1.000,1.934,-7.997,0.6141,-0.0049,1.326,1.326,0.882,2.241,2.006,-1.252,0.0017,0.444,nan,0.00,1,1,1,0,1,0.0000,0.276,0,0.085,1,0.820,0,0,yolo,112.8,yolo,0,0,0,0.000,0,-1,0
1785654231.023,-3.447,-0.869,54.723,0.9981,0,3.463,-0.565,-1.989,0.2827,11.341,0.394,0.216,1.000,1.989,0.358,-0.1631,1.1996,1.300,0.717,0.875,2.246,2.086,-1.434,0.0016,0.364,nan,0.00,1,1,1,1,1,0.0000,0.278,0,0.089,1,0.819,0,0,yolo,105.7,yolo,0,0,0,0.000,0,-1,0
1785654231.053,-3.767,-0.906,54.872,0.9977,0,3.683,-0.494,-1.989,0.2662,11.341,0.394,0.216,1.000,1.989,-7.450,0.5560,-0.0112,1.273,1.273,0.864,2.251,2.081,-1.400,0.0016,0.369,nan,0.00,1,1,1,0,1,0.0000,0.286,0,0.102,1,0.806,0,0,yolo,105.7,yolo,0,0,0,0.000,0,-1,0
1785654231.084,-4.087,-0.937,55.030,0.9973,0,2.999,-0.430,-1.989,0.2663,11.341,0.394,0.216,1.000,1.989,-7.086,0.5270,-0.0225,1.244,1.244,0.852,2.257,2.077,-1.367,0.0015,0.373,nan,0.00,1,1,1,0,1,0.0000,0.286,0,0.102,1,0.806,0,0,yolo,105.7,yolo,0,0,0,0.000,0,-1,0
1785654231.115,-4.381,-0.963,55.199,0.9969,0,2.304,-0.371,-1.989,0.2663,11.341,0.394,0.216,1.000,1.989,-6.685,0.4951,-0.0326,1.212,1.212,0.842,2.263,2.074,-1.334,0.0015,0.376,nan,0.00,1,1,1,0,1,0.0000,0.250,0,0.125,2,0.795,0,0,yolo,105.7,yolo,0,0,0,0.000,0,-1,0
1785654231.147,-4.592,-0.982,55.355,0.9966,0,0.804,-0.569,-2.079,0.2830,11.078,0.402,0.125,1.000,2.079,0.980,-0.1750,0.9362,1.182,0.657,0.838,2.268,2.168,-1.551,0.0015,0.282,nan,0.00,1,1,1,1,1,0.0000,0.250,0,0.125,2,0.795,0,0,yolo,105.2,yolo,0,0,0,0.000,0,-1,0
1785654231.178,-4.680,-1.019,55.521,0.9965,0,1.560,-0.491,-2.079,0.2664,11.078,0.402,0.125,1.000,2.079,-6.239,0.4974,-0.0076,1.154,1.154,0.830,2.275,2.161,-1.510,0.0015,0.289,nan,0.00,1,1,1,0,1,0.0000,0.251,0,0.127,2,0.789,0,0,yolo,105.2,yolo,0,0,0,0.000,0,-1,0
1785654231.210,-4.680,-1.019,55.521,0.9965,0,1.560,-0.553,-2.079,0.2664,11.078,0.402,0.125,1.000,2.079,-6.239,0.4974,-0.0076,1.154,1.154,0.830,2.275,2.161,-1.572,0.0014,0.289,nan,0.00,1,1,1,0,1,0.0000,0.505,0,0.130,2,0.781,0,0,yolo,105.2,yolo,0,0,0,0.000,0,-1,0
1785654231.240,-4.818,-1.048,55.681,0.9963,0,0.060,-0.584,-2.369,0.2830,10.837,0.448,0.033,1.000,2.369,3.279,-0.4111,0.7153,1.126,0.593,0.827,2.281,2.200,-1.632,0.0014,0.194,nan,0.00,1,1,1,1,1,0.0000,0.511,0,0.136,2,0.778,0,0,yolo,107.8,yolo,0,0,0,0.000,0,-1,0
1785654231.271,-4.978,-1.081,55.850,0.9961,0,0.300,-0.514,-2.369,0.2664,10.837,0.448,0.033,1.000,2.369,-5.278,0.5028,-0.0026,1.096,1.096,0.824,2.287,2.200,-1.594,0.0014,0.199,nan,0.00,1,1,1,0,1,0.0000,0.517,0,0.142,2,0.774,0,0,yolo,107.8,yolo,0,0,0,0.000,0,-1,0
1785654231.301,-5.022,-1.110,56.026,0.9960,0,-0.101,-0.452,-2.369,0.2664,10.837,0.448,0.033,1.000,2.369,-4.921,0.4752,-0.0064,1.068,1.068,0.820,2.294,2.200,-1.562,0.0014,0.204,nan,0.00,1,1,1,0,1,0.0000,0.517,0,0.142,2,0.774,0,0,yolo,107.8,yolo,0,0,0,0.000,0,-1,0
1785654231.341,-5.023,-1.131,56.217,0.9960,0,-1.601,-0.399,-2.894,0.2831,10.639,0.538,-0.047,1.000,2.894,8.523,-0.9756,0.8736,1.041,0.445,0.815,2.301,2.200,-1.530,0.0014,0.116,nan,0.00,1,1,1,1,1,0.0000,0.519,0,0.144,2,0.771,0,0,yolo,111.7,yolo,0,0,0,0.000,0,-1,0
1785654231.379,-4.916,-1.147,56.422,0.9961,0,-1.092,-0.354,-2.894,0.2664,10.639,0.538,-0.047,1.000,2.894,-3.824,0.5712,-0.0047,1.016,1.016,0.811,2.308,2.200,-1.502,0.0013,0.120,nan,0.00,1,1,1,0,1,0.0000,0.519,0,0.144,2,0.759,0,0,yolo,111.7,yolo,0,0,0,0.000,0,-1,0
1785654231.409,-4.832,-1.158,56.653,0.9962,0,-1.338,-0.312,-2.894,0.2663,10.639,0.538,-0.047,1.000,2.894,-3.494,0.5460,-0.0101,0.991,0.991,0.805,2.316,2.200,-1.470,0.0013,0.123,nan,0.00,1,1,1,0,1,0.0000,0.519,0,0.144,2,0.759,0,0,yolo,111.7,yolo,0,0,0,0.000,0,-1,0
1785654231.440,-4.745,-1.166,56.875,0.9964,0,-1.557,-0.281,-2.894,0.2618,10.639,0.538,-0.047,1.000,2.894,-3.188,0.5225,-0.0157,0.968,0.968,0.800,2.323,2.200,-1.446,0.0013,0.125,nan,0.00,1,1,1,0,1,0.0000,0.519,0,0.144,2,0.753,0,0,yolo,111.7,yolo,0,0,0,0.000,0,-1,0
1785654231.471,-4.634,-1.172,57.081,0.9965,0,-3.057,-0.259,-3.593,0.2785,10.445,0.656,-0.127,1.000,3.593,11.070,-0.9553,0.6810,0.947,0.328,0.797,2.330,2.200,-1.431,0.0013,0.034,nan,0.00,1,1,1,1,1,0.0000,0.518,0,0.143,2,0.753,0,0,yolo,111.4,yolo,0,0,0,0.000,0,-1,0
1785654231.502,-4.408,-1.176,57.323,0.9968,0,-2.766,-0.232,-3.593,0.2648,10.445,0.656,-0.127,1.000,3.593,-1.642,0.6002,-0.0059,0.928,0.928,0.791,2.337,2.200,-1.407,0.0013,0.038,nan,0.00,1,1,1,0,1,0.0000,0.518,0,0.143,2,0.753,0,0,yolo,111.4,yolo,0,0,0,0.000,0,-1,0
1785654231.532,-4.160,-1.179,57.583,0.9972,0,-2.779,-0.200,-3.593,0.2643,10.445,0.656,-0.127,1.000,3.593,-1.381,0.5805,-0.0119,0.908,0.908,0.785,2.345,2.200,-1.379,0.0013,0.041,nan,0.00,1,1,1,0,1,0.0000,0.515,0,0.140,2,0.755,0,0,yolo,111.4,yolo,0,0,0,0.000,0,-1,0
1785654231.563,-3.961,-1.177,57.846,0.9974,0,-4.279,-0.180,-4.564,0.2810,10.629,0.849,-0.208,1.000,4.564,14.000,-2.7022,1.3323,0.890,-0.027,0.780,2.352,2.200,-1.357,0.0013,-0.048,nan,0.00,1,1,1,1,1,0.0000,0.515,0,0.140,2,0.755,0,0,yolo,111.7,yolo,0,0,0,0.000,0,-1,0
1785654231.598,-3.624,-1.173,58.161,0.9978,0,-3.493,-0.151,-4.564,0.2667,10.629,0.849,-0.208,1.000,4.564,-0.130,0.9002,-0.0123,0.873,0.873,0.768,2.361,2.200,-1.324,0.0013,-0.044,nan,0.00,1,1,1,0,1,0.0000,0.512,0,0.137,2,0.753,0,0,yolo,111.7,yolo,0,0,0,0.000,0,-1,0
1785654231.624,-3.336,-1.164,58.524,0.9981,0,-3.434,-0.122,-4.564,0.2660,10.629,0.849,-0.208,1.000,4.564,0.097,0.8828,-0.0238,0.856,0.856,0.757,2.370,2.200,-1.286,0.0013,-0.041,nan,0.00,1,1,1,0,1,0.0000,0.512,0,0.137,2,0.753,0,0,yolo,111.7,yolo,0,0,0,0.000,0,-1,0
1785654231.660,-3.336,-1.164,58.524,0.9981,0,-3.434,-0.209,-4.564,0.2660,10.629,0.849,-0.208,1.000,4.564,0.097,0.8828,-0.0238,0.856,0.856,0.757,2.370,2.200,-1.373,0.0013,-0.041,nan,0.00,1,1,1,0,1,0.0000,0.516,0,0.141,2,0.772,0,0,yolo,111.7,yolo,0,0,0,0.000,0,-1,0
1785654231.703,-2.807,-1.156,59.205,0.9986,0,-4.934,-0.057,-5.364,0.2827,10.555,0.991,-0.273,1.000,5.364,14.000,-1.1055,0.5012,0.832,-0.015,0.746,2.386,2.200,-1.212,0.0013,-0.108,nan,0.00,1,1,1,1,1,0.0000,0.516,0,0.141,2,0.772,0,0,yolo,113.0,yolo,0,0,0,0.000,0,-1,0
1785654231.735,-2.403,-1.146,59.590,0.9989,0,-4.956,-0.044,-5.364,0.2682,10.555,0.991,-0.273,1.000,5.364,2.552,0.8383,-0.0110,0.823,0.823,0.735,2.395,2.200,-1.190,0.0013,-0.103,nan,0.00,1,1,1,0,1,0.0000,0.206,0,0.139,1,0.775,0,0,yolo,113.0,yolo,0,0,0,0.000,0,-1,0
1785654231.772,-2.403,-1.146,59.590,0.9989,0,-4.956,-0.141,-5.364,0.2682,10.555,0.991,-0.273,1.000,5.364,2.552,0.8383,-0.0110,0.823,0.823,0.735,2.395,2.200,-1.287,0.0014,-0.103,nan,0.00,1,1,1,0,1,0.0000,0.411,0,0.139,1,0.775,2,0,yolo,113.0,yolo,0,0,0,0.000,0,-1,0
1785654231.800,-1.610,-1.132,60.413,0.9994,0,-6.456,0.080,-6.285,0.2849,10.450,1.151,-0.348,1.000,6.285,14.000,-1.2588,0.5333,0.811,-0.015,0.717,2.413,2.176,-1.052,0.0014,-0.174,nan,0.00,1,1,1,1,1,0.0000,0.411,0,0.138,1,0.770,0,0,yolo,112.7,yolo,0,0,0,0.000,0,-1,0
1785654231.828,-1.610,-1.132,60.413,0.9994,0,-6.572,-0.027,-6.285,0.2708,10.450,1.151,-0.348,1.000,6.285,4.962,0.8263,0.0000,0.811,0.811,0.717,2.413,2.176,-1.159,0.0014,-0.174,nan,0.00,1,1,1,0,1,0.0000,0.411,0,0.138,1,0.770,0,0,yolo,112.7,yolo,0,0,0,0.000,0,-1,0
1785654231.860,-1.059,-1.118,60.881,0.9996,0,-6.038,0.017,-6.285,0.2698,10.450,1.151,-0.348,1.000,6.285,4.979,0.8250,-0.0153,0.810,0.810,0.702,2.423,2.176,-1.101,0.0014,-0.165,nan,0.00,1,1,1,0,1,0.0000,0.408,0,0.135,1,0.771,0,0,yolo,112.7,yolo,0,0,0,0.000,0,-1,0
1785654231.891,-0.514,-1.112,61.374,0.9998,0,-5.486,0.063,-6.285,0.2686,10.450,1.151,-0.348,1.000,6.285,4.972,0.8255,-0.0344,0.810,0.810,0.683,2.434,2.176,-1.049,0.0014,-0.156,nan,0.00,1,1,1,0,1,0.0000,0.408,0,0.135,1,0.771,0,0,yolo,112.7,yolo,0,0,0,0.000,0,-1,0
1785654231.925,-0.060,-1.106,61.870,0.9998,0,-6.986,0.305,-7.203,0.2853,10.088,1.275,-0.449,1.000,7.203,14.000,-1.2124,0.7466,0.813,0.031,0.668,2.444,2.095,-0.801,0.0014,-0.255,nan,0.00,1,1,1,1,1,0.0000,0.508,0,0.133,2,0.761,0,0,yolo,118.0,yolo,0,0,0,0.000,0,-1,0
1785654231.953,0.606,-1.082,62.473,0.9998,0,-6.549,0.330,-7.203,0.2720,10.088,1.275,-0.449,1.000,7.203,7.155,0.7885,-0.0198,0.820,0.820,0.648,2.456,2.100,-0.752,0.0015,-0.245,nan,0.00,1,1,1,0,1,0.0000,0.508,0,0.133,2,0.761,0,0,yolo,118.0,yolo,0,0,0,0.000,0,-1,0
1785654231.991,1.177,-1.062,63.069,0.9996,0,-5.872,0.357,-7.203,0.2708,10.088,1.275,-0.449,1.000,7.203,7.048,0.7965,-0.0413,0.827,0.827,0.627,2.467,2.100,-0.705,0.0015,-0.235,nan,0.00,1,1,1,0,1,0.0000,0.511,0,0.136,2,0.751,0,0,yolo,118.0,yolo,0,0,0,0.000,0,-1,0
1785654232.016,1.662,-1.047,63.629,0.9994,0,-5.249,0.376,-7.203,0.2699,10.088,1.275,-0.449,1.000,7.203,6.911,0.8067,-0.0570,0.838,0.838,0.611,2.478,2.100,-0.672,0.0015,-0.227,nan,0.00,1,1,1,0,1,0.0000,0.511,0,0.136,2,0.751,0,0,yolo,118.0,yolo,0,0,0,0.000,0,-1,0
1785654232.055,2.096,-1.035,64.174,0.9992,0,-6.749,0.741,-8.131,0.2866,9.796,1.400,-0.553,1.000,8.131,14.000,-1.1910,0.7348,0.850,0.082,0.599,2.489,1.961,-0.294,0.0016,-0.325,nan,0.00,1,1,1,1,1,0.0000,0.505,0,0.130,2,0.722,0,0,yolo,115.2,yolo,0,0,0,0.000,0,-1,0
1785654232.094,2.698,-0.999,64.814,0.9987,0,-6.225,0.733,-8.131,0.2745,9.796,1.400,-0.553,1.000,8.131,8.923,0.7832,-0.0192,0.865,0.865,0.580,2.501,1.968,-0.266,0.0016,-0.316,nan,0.00,1,1,1,0,1,0.0000,0.505,0,0.130,2,0.722,0,0,yolo,115.2,yolo,0,0,0,0.000,0,-1,0
1785654232.126,3.241,-0.969,65.485,0.9983,0,-5.464,0.734,-8.131,0.2737,9.796,1.400,-0.553,1.000,8.131,8.706,0.7990,-0.0369,0.881,0.881,0.562,2.514,1.975,-0.235,0.0016,-0.308,nan,0.00,1,1,1,0,1,0.0000,0.246,0,0.118,2,0.699,0,0,yolo,115.2,yolo,0,0,0,0.000,0,-1,0
1785654232.157,3.241,-0.969,65.485,0.9983,0,-6.964,0.888,-8.742,0.2903,9.596,1.476,-0.637,1.000,8.742,14.000,-1.5338,1.2400,0.881,0.091,0.562,2.514,1.863,-0.081,0.0017,-0.390,nan,0.00,1,1,1,1,1,0.0000,0.493,0,0.118,2,0.699,0,0,yolo,112.9,yolo,0,0,0,0.000,0,-1,0
1785654232.188,3.716,-0.946,66.151,0.9978,0,-6.161,0.931,-8.742,0.2770,9.596,1.476,-0.637,1.000,8.742,9.877,0.8087,-0.0167,0.900,0.900,0.545,2.527,1.870,-0.015,0.0017,-0.382,nan,0.00,1,1,1,0,1,0.0000,0.353,0,0.066,2,0.678,0,0,yolo,112.9,yolo,0,0,0,0.000,0,-1,0
1785654232.220,4.336,-0.919,66.839,0.9970,0,-5.235,0.953,-8.742,0.2758,9.596,1.476,-0.637,1.000,8.742,9.571,0.8307,-0.0401,0.922,0.922,0.522,2.540,1.879,0.034,0.0017,-0.370,nan,0.00,1,1,1,0,1,0.0000,0.353,0,0.066,2,0.678,0,0,yolo,112.9,yolo,0,0,0,0.000,0,-1,0
1785654232.258,4.845,-0.896,67.507,0.9963,0,-6.735,1.255,-9.291,0.2925,9.429,1.542,-0.743,1.000,9.291,14.000,-0.6776,0.6942,0.943,0.212,0.495,2.553,1.772,0.359,0.0018,-0.462,nan,0.00,1,1,1,1,1,0.0000,0.357,0,0.071,2,0.664,0,0,yolo,104.5,yolo,0,0,0,0.000,0,-1,0
1785654232.297,5.813,-0.843,68.846,0.9947,0,-5.235,1.398,-9.291,0.2783,9.429,1.542,-0.743,1.000,9.291,10.458,0.7792,-0.0503,0.991,0.991,0.444,2.579,1.785,0.554,0.0018,-0.444,nan,0.00,1,1,1,0,1,0.0000,0.357,0,0.071,2,0.664,0,0,yolo,104.5,yolo,0,0,0,0.000,0,-1,0
1785654232.329,5.813,-0.843,68.846,0.9947,0,-4.644,1.227,-9.291,0.2784,9.429,1.542,-0.743,1.000,9.291,10.458,0.7792,-0.0503,0.991,0.991,0.444,2.579,1.785,0.384,0.0019,-0.444,nan,0.00,1,1,1,0,1,0.0000,0.756,0,0.165,3,0.648,0,0,yolo,104.5,yolo,0,0,0,0.000,0,-1,0
1785654232.360,6.272,-0.800,69.602,0.9939,0,-6.144,1.460,-9.630,0.2950,9.520,1.615,-0.840,1.000,9.630,14.000,-0.8443,1.2196,1.018,0.227,0.413,2.594,1.706,0.661,0.0019,-0.525,nan,0.00,1,1,1,1,1,0.0000,0.756,0,0.165,3,0.648,0,0,yolo,110.2,yolo,0,0,0,0.000,0,-1,0
1785654232.391,6.666,-0.779,70.349,0.9931,0,-4.644,1.495,-9.630,0.2822,9.520,1.615,-0.840,1.000,9.630,10.713,0.8188,-0.0272,1.046,1.046,0.386,2.609,1.711,0.716,0.0020,-0.517,nan,0.00,1,1,1,0,1,0.0000,0.330,0,0.174,2,0.636,0,0,yolo,110.2,yolo,0,0,0,0.000,0,-1,0
1785654232.424,7.067,-0.743,71.102,0.9923,0,-3.241,1.513,-9.630,0.2811,9.520,1.615,-0.840,1.000,9.630,10.309,0.8478,-0.0539,1.075,1.075,0.359,2.625,1.715,0.770,0.0020,-0.511,nan,0.00,1,1,1,0,1,0.0000,0.330,0,0.174,2,0.636,0,0,yolo,110.2,yolo,0,0,0,0.000,0,-1,0
1785654232.459,7.369,-0.705,71.952,0.9917,0,-2.494,1.555,-9.630,0.2797,9.520,1.615,-0.840,1.000,9.630,9.863,0.8798,-0.0869,1.107,1.107,0.326,2.642,1.717,0.851,0.0021,-0.508,nan,0.00,1,1,1,0,1,0.0000,0.659,0,0.174,2,0.636,3,0,yolo,110.2,yolo,0,0,0,0.000,0,-1,0
1785654232.500,7.588,-0.671,72.730,0.9912,0,-3.994,1.735,-9.794,0.2964,9.616,1.660,-0.924,1.000,9.794,14.000,-0.1650,0.4559,1.137,0.396,0.299,2.659,1.655,1.065,0.0021,-0.584,nan,0.00,1,1,1,1,1,0.0000,0.783,0,0.184,3,0.627,0,0,yolo,111.3,yolo,0,0,0,0.000,0,-1,0
1785654232.539,7.958,-0.624,73.540,0.9903,0,-2.494,1.748,-9.794,0.2849,9.616,1.660,-0.924,1.000,9.794,10.361,0.7736,-0.0317,1.169,1.169,0.267,2.676,1.658,1.124,0.0022,-0.581,nan,0.00,1,1,1,0,1,0.0000,0.677,0,0.189,2,0.624,0,0,yolo,111.3,yolo,0,0,0,0.000,0,-1,0
1785654232.577,8.323,-0.583,74.321,0.9894,0,-3.994,1.885,-9.714,0.3016,9.629,1.648,-1.004,1.000,9.714,14.000,0.1341,0.7621,1.201,0.550,0.230,2.694,1.609,1.302,0.0023,-0.657,nan,0.00,1,1,1,1,1,0.0000,0.686,0,0.197,2,0.613,0,0,yolo,110.0,yolo,0,0,0,0.000,0,-1,0
1785654232.624,8.612,-0.542,75.107,0.9887,0,-2.494,1.900,-9.714,0.2873,9.629,1.648,-1.004,1.000,9.714,10.056,0.6830,-0.0437,1.234,1.234,0.186,2.712,1.611,1.358,0.0023,-0.655,nan,0.00,1,1,1,0,1,0.0000,0.686,0,0.197,2,0.613,0,0,yolo,110.0,yolo,0,0,0,0.000,0,-1,0
1785654232.654,8.978,-0.495,75.879,0.9877,0,-0.994,1.902,-9.714,0.2852,9.629,1.648,-1.004,1.000,9.714,9.585,0.7170,-0.0942,1.267,1.267,0.136,2.729,1.613,1.407,0.0024,-0.652,nan,0.00,1,1,1,0,1,0.0000,0.696,0,0.205,2,0.614,0,0,yolo,110.0,yolo,0,0,0,0.000,0,-1,0
1785654232.685,9.188,-0.453,76.656,0.9871,0,-2.494,2.033,-9.559,0.3019,9.338,1.572,-1.066,1.000,9.559,14.000,0.3780,1.1330,1.302,0.830,0.086,2.748,1.568,1.580,0.0025,-0.727,nan,0.00,1,1,1,1,1,0.0000,0.696,0,0.205,2,0.614,0,0,yolo,109.9,yolo,0,0,0,0.000,0,-1,0
1785654232.715,9.271,-0.414,77.404,0.9869,0,-0.994,2.051,-9.559,0.2903,9.338,1.572,-1.066,1.000,9.559,9.279,0.5053,-0.0425,1.335,1.335,0.043,2.766,1.565,1.637,0.0025,-0.731,nan,0.00,1,1,1,0,1,0.0000,0.294,0,0.213,1,0.608,0,0,yolo,109.9,yolo,0,0,0,0.000,0,-1,0
1785654232.746,9.360,-0.361,78.177,0.9867,0,0.506,3.361,-9.559,0.2886,9.338,1.572,-1.066,1.000,9.559,8.788,0.5400,-0.0869,1.370,1.370,-0.001,2.785,1.561,3.000,0.0026,-0.737,nan,0.00,1,1,1,0,1,0.0000,0.588,0,0.213,1,0.608,0,0,yolo,109.9,yolo,0,0,0,0.000,0,-1,0
1785654232.783,9.326,-0.189,78.973,0.9868,0,1.033,3.189,-9.559,0.2876,9.338,1.572,-1.066,1.000,9.559,8.293,0.5750,-0.1303,1.405,1.405,-0.044,2.804,1.541,3.000,0.0027,-0.766,nan,0.00,1,1,1,0,1,0.0000,0.592,0,0.217,1,0.606,0,0,yolo,109.9,yolo,0,0,0,0.000,0,-1,0
1785654232.822,9.247,-0.041,79.725,0.9870,0,-0.467,3.041,-9.343,0.3043,9.791,1.611,-1.165,1.000,9.343,14.000,0.2766,0.8859,1.437,0.853,-0.081,2.821,1.464,3.000,0.0028,-0.884,nan,0.00,1,1,1,1,1,0.0000,0.592,0,0.217,1,0.606,0,0,yolo,108.4,yolo,0,0,0,0.000,0,-1,0
1785654232.852,9.301,0.094,80.492,0.9869,0,1.033,2.906,-9.343,0.2960,9.791,1.611,-1.165,1.000,9.343,7.576,0.6156,-0.0419,1.469,1.469,-0.123,2.839,1.449,3.000,0.0029,-0.905,nan,0.00,1,1,1,0,1,0.0000,0.592,0,0.217,1,0.610,0,0,yolo,108.4,yolo,0,0,0,0.000,0,-1,0
1785654232.885,9.232,0.223,81.235,0.9870,0,2.092,2.777,-9.343,0.2946,9.791,1.611,-1.165,1.000,9.343,7.140,0.6473,-0.0910,1.501,1.501,-0.172,2.856,1.431,3.000,0.0029,-0.930,nan,0.00,1,1,1,0,1,0.0000,0.592,0,0.217,1,0.610,0,0,yolo,108.4,yolo,0,0,0,0.000,0,-1,0
1785654232.917,9.046,0.349,82.030,0.9875,0,0.592,2.651,-8.907,0.3112,10.111,1.585,-1.219,1.000,8.907,10.462,0.7706,0.8651,1.533,0.951,-0.228,2.874,1.377,3.000,0.0029,-1.016,nan,0.00,1,1,1,1,1,0.0000,0.355,0,0.216,2,0.616,0,0,yolo,106.7,yolo,0,0,0,0.000,0,-1,0
1785654232.948,9.011,0.464,82.752,0.9876,0,2.092,2.536,-8.907,0.2991,10.111,1.585,-1.219,1.000,8.907,6.089,0.6119,-0.0596,1.563,1.563,-0.288,2.890,1.361,3.000,0.0029,-1.037,nan,0.00,1,1,1,0,1,0.0000,0.355,0,0.216,2,0.616,0,0,yolo,106.7,yolo,0,0,0,0.000,0,-1,0
1785654232.980,8.858,0.573,83.445,0.9880,0,3.174,2.427,-8.907,0.2967,10.111,1.585,-1.219,1.000,8.907,5.684,0.6420,-0.1250,1.593,1.593,-0.353,2.905,1.343,3.000,0.0029,-1.061,nan,0.00,1,1,1,0,1,0.0000,0.296,0,0.217,1,0.623,0,0,yolo,106.7,yolo,0,0,0,0.000,0,-1,0
1785654233.011,8.593,0.675,84.152,0.9887,0,2.488,2.325,-8.345,0.2943,9.989,1.465,-1.159,1.000,8.345,6.106,0.9794,-0.1622,1.622,1.161,-0.419,2.921,1.365,3.000,0.0029,-1.045,nan,0.00,1,1,1,1,1,0.0000,0.591,0,0.216,1,0.633,0,0,yolo,100.1,yolo,0,0,0,0.000,0,-1,0
1785654233.047,8.401,0.775,84.828,0.9892,0,3.988,2.225,-8.345,0.2995,9.989,1.465,-1.159,1.000,8.345,4.357,0.4898,-0.0616,1.651,1.651,-0.480,2.936,1.347,3.000,0.0029,-1.068,nan,0.00,1,1,1,0,1,0.0000,0.454,0,0.193,1,0.647,0,0,yolo,100.1,yolo,0,0,0,0.000,0,-1,0
1785654233.075,8.401,0.775,84.828,0.9892,0,4.045,2.225,-8.345,0.2995,9.989,1.465,-1.159,1.000,8.345,4.357,0.4898,-0.0616,1.651,1.651,-0.480,2.936,1.347,3.000,0.0029,-1.068,nan,0.00,1,1,1,0,1,0.0000,0.454,0,0.193,1,0.647,0,0,yolo,100.1,yolo,0,0,0,0.000,0,-1,0
1785654233.115,8.208,0.882,85.521,0.9896,0,2.771,2.118,-7.878,0.2943,9.579,1.325,-1.100,1.000,7.878,5.437,0.5854,-0.1573,1.679,1.276,-0.541,2.951,1.371,3.000,0.0029,-1.047,nan,0.00,1,1,1,1,1,0.0000,0.553,0,0.178,2,0.667,0,0,yolo,105.4,yolo,0,0,0,0.000,0,-1,0
1785654233.153,7.949,1.001,86.309,0.9902,0,4.271,1.999,-7.878,0.2992,9.579,1.325,-1.100,1.000,7.878,2.266,0.4370,-0.0647,1.713,1.713,-0.606,2.968,1.349,3.000,0.0029,-1.073,nan,0.00,1,1,1,0,1,0.0000,0.553,0,0.178,2,0.667,0,0,yolo,105.4,yolo,0,0,0,0.000,0,-1,0
1785654233.184,7.715,1.108,86.971,0.9908,0,5.771,1.892,-7.878,0.2973,9.579,1.325,-1.100,1.000,7.878,1.879,0.4647,-0.1183,1.741,1.741,-0.659,2.982,1.329,3.000,0.0029,-1.097,nan,0.00,1,1,1,0,1,0.0000,0.540,0,0.165,2,0.676,0,0,yolo,105.4,yolo,0,0,0,0.000,0,-1,0
1785654233.215,7.247,1.192,87.581,0.9918,0,5.838,1.808,-7.323,0.2806,9.321,1.198,-0.997,1.000,7.323,1.409,1.3542,-0.9809,1.766,1.108,-0.711,2.994,1.394,3.000,0.0029,-1.032,nan,0.00,1,1,1,1,1,0.0000,0.525,0,0.150,2,0.690,0,0,yolo,104.8,yolo,0,0,0,0.000,0,-1,0
1785654233.247,6.763,1.274,88.169,0.9928,0,7.338,1.726,-7.323,0.2973,9.321,1.198,-0.997,1.000,7.323,-1.517,0.6825,-0.0457,1.791,1.791,-0.757,3.006,1.372,3.000,0.0029,-1.056,nan,0.00,1,1,1,0,1,0.0000,0.614,0,0.137,3,0.706,0,0,yolo,104.8,yolo,0,0,0,0.000,0,-1,0
1785654233.278,6.153,1.364,88.741,0.9940,0,8.013,1.636,-7.323,0.2972,9.321,1.198,-0.997,1.000,7.323,-1.860,0.7066,-0.0898,1.815,1.815,-0.801,3.017,1.347,3.000,0.0029,-1.085,nan,0.00,1,1,1,0,1,0.0000,0.605,0,0.130,3,0.719,0,0,yolo,104.8,yolo,0,0,0,0.000,0,-1,0
1785654233.310,5.474,1.451,89.318,0.9951,0,7.623,1.549,-7.323,0.2957,9.321,1.198,-0.997,1.000,7.323,-2.149,0.7269,-0.1354,1.835,1.835,-0.846,3.027,1.321,3.000,0.0029,-1.114,nan,0.00,1,1,1,0,1,0.0000,0.605,0,0.130,3,0.719,0,0,yolo,104.8,yolo,0,0,0,0.000,0,-1,0
1785654233.346,4.789,1.543,89.952,0.9961,0,6.123,1.457,-6.781,0.2791,9.151,1.088,-0.898,1.000,6.781,1.976,0.6493,-0.4771,1.851,1.257,-0.898,3.039,1.386,3.000,0.0029,-1.051,nan,0.00,1,1,1,1,1,0.0000,0.595,0,0.121,3,0.749,0,0,yolo,108.8,yolo,0,0,0,0.000,0,-1,0
1785654233.394,4.225,1.640,90.573,0.9969,0,7.623,1.360,-6.781,0.2957,9.151,1.088,-0.898,1.000,6.781,-3.493,0.6057,-0.0400,1.863,1.863,-0.938,3.049,1.361,3.000,0.0029,-1.077,nan,0.00,1,1,1,0,1,0.0000,0.595,0,0.121,3,0.749,3,0,yolo,108.8,yolo,0,0,0,0.000,0,-1,0
1785654233.436,3.588,1.725,91.087,0.9976,0,6.123,1.275,-6.322,0.2869,9.827,1.089,-0.824,1.000,6.322,1.275,0.7873,-0.2727,1.873,1.218,-0.980,3.056,1.395,3.000,0.0029,-1.050,nan,0.00,1,1,1,1,1,0.0000,0.482,0,0.107,2,0.786,0,0,yolo,107.4,yolo,0,0,0,0.000,0,-1,0
1785654233.466,3.086,1.804,91.574,0.9981,0,6.945,1.196,-6.322,0.2980,9.827,1.089,-0.824,1.000,6.322,-3.859,0.6600,-0.0383,1.878,1.878,-1.018,3.063,1.372,3.000,0.0029,-1.074,nan,0.00,1,1,1,0,1,0.0000,0.346,0,0.058,2,0.804,0,0,yolo,107.4,yolo,0,0,0,0.000,0,-1,0
1785654233.498,2.515,1.886,92.057,0.9985,0,6.428,1.114,-6.322,0.2969,9.827,1.089,-0.824,1.000,6.322,-3.913,0.6639,-0.0764,1.882,1.882,-1.056,3.069,1.347,3.000,0.0029,-1.099,nan,0.00,1,1,1,0,1,0.0000,0.346,0,0.057,2,0.821,0,0,yolo,107.4,yolo,0,0,0,0.000,0,-1,0
1785654233.534,1.978,1.964,92.539,0.9988,0,4.928,1.036,-5.869,0.2803,10.352,1.064,-0.666,1.000,5.869,0.451,0.8195,-1.1585,1.882,1.225,-1.093,3.074,1.467,3.000,0.0030,-0.983,nan,0.00,1,1,1,1,1,0.0000,0.348,0,0.060,2,0.839,0,0,yolo,108.2,yolo,0,0,0,0.000,0,-1,0
1785654233.560,1.584,2.039,92.996,0.9990,0,5.726,0.961,-5.869,0.2957,10.352,1.064,-0.666,1.000,5.869,-4.142,0.6534,-0.0390,1.879,1.879,-1.132,3.079,1.446,3.000,0.0030,-1.004,nan,0.00,1,1,1,0,1,0.0000,0.348,0,0.060,2,0.839,0,0,yolo,108.2,yolo,0,0,0,0.000,0,-1,0
1785654233.599,1.115,2.113,93.434,0.9991,0,5.206,0.887,-5.869,0.2946,10.352,1.064,-0.666,1.000,5.869,-4.091,0.6496,-0.0780,1.875,1.875,-1.171,3.082,1.424,3.000,0.0030,-1.026,nan,0.00,1,1,1,0,1,0.0000,0.346,0,0.057,2,0.863,0,0,yolo,108.2,yolo,0,0,0,0.000,0,-1,0
1785654233.638,0.677,2.183,93.878,0.9992,0,3.706,0.817,-5.443,0.2779,10.476,0.998,-0.476,1.000,5.443,-3.020,1.1660,-2.0000,1.868,1.321,-1.213,3.085,1.587,3.000,0.0031,-0.863,nan,0.00,1,1,1,1,1,0.0000,0.346,0,0.057,2,0.863,0,0,yolo,104.3,yolo,0,0,0,0.000,0,-1,0
1785654233.669,0.378,2.250,94.304,0.9992,0,4.648,0.750,-5.443,0.2674,10.476,0.998,-0.476,1.000,5.443,-4.270,0.5362,-0.0312,1.857,1.857,-1.244,3.087,1.569,3.000,0.0032,-0.881,nan,0.00,1,1,1,0,1,0.0000,0.343,0,0.054,2,0.867,0,0,yolo,104.3,yolo,0,0,0,0.000,0,-1,0
1785654233.700,0.016,2.313,94.699,0.9992,0,4.161,0.687,-5.443,0.2675,10.476,0.998,-0.476,1.000,5.443,-4.144,0.5267,-0.0429,1.848,1.848,-1.256,3.088,1.551,3.000,0.0033,-0.899,nan,0.00,1,1,1,0,1,0.0000,0.340,0,0.050,2,0.874,0,0,yolo,104.3,yolo,0,0,0,0.000,0,-1,0
1785654233.731,0.016,2.313,94.699,0.9992,0,4.161,0.687,-5.443,0.2676,10.476,0.998,-0.476,1.000,5.443,-4.144,0.5267,-0.0429,1.848,1.848,-1.256,3.088,1.551,3.000,0.0034,-0.899,nan,0.00,1,1,1,0,1,0.0000,0.337,0,0.047,2,0.879,0,0,yolo,104.3,yolo,0,0,0,0.000,0,-1,0
1785654233.768,-0.326,2.372,95.096,0.9991,0,2.661,0.628,-5.103,0.2510,10.589,0.946,-0.302,1.000,5.103,0.543,0.3778,-0.9215,1.836,1.276,-1.258,3.088,1.705,3.000,0.0035,-0.745,nan,0.00,1,1,1,1,1,0.0000,0.334,0,0.043,2,0.887,1,0,yolo,107.0,yolo,0,0,0,0.000,0,-1,0
1785654233.808,-0.882,2.495,95.905,0.9989,0,3.606,0.505,-5.103,0.2676,10.589,0.946,-0.302,1.000,5.103,-4.487,0.5276,0.0460,1.804,1.804,-1.212,3.088,1.673,3.000,0.0036,-0.777,nan,0.00,1,1,1,0,1,0.0000,0.329,0,0.037,2,0.897,0,0,yolo,107.0,yolo,0,0,0,0.000,0,-1,0
1785654233.845,-1.153,2.545,96.270,0.9988,0,3.176,0.455,-4.704,0.2510,10.751,0.885,-0.095,1.000,4.704,-4.329,1.1222,-2.0000,1.787,1.314,-1.176,3.086,1.860,3.000,0.0036,-0.590,nan,0.00,1,1,1,1,1,0.0000,0.329,0,0.037,2,0.897,1,0,yolo,100.8,yolo,0,0,0,0.000,0,-1,0
1785654233.889,-1.421,2.592,96.629,0.9987,0,3.216,0.408,-4.704,0.2676,10.751,0.885,-0.095,1.000,4.704,-4.637,0.4556,0.0394,1.770,1.770,-1.136,3.084,1.847,3.000,0.0037,-0.603,nan,0.00,1,1,1,0,0,0.0000,0.000,0,0.000,0,0.000,0,0,yolo,100.8,yolo,0,0,0,0.000,0,-1,0
1785654233.923,-1.665,2.639,96.964,0.9985,0,2.733,0.361,-4.704,0.2843,10.751,0.885,-0.095,1.000,4.704,-4.397,0.4371,0.0766,1.751,1.751,-1.099,3.081,1.834,3.000,0.0037,-0.616,nan,0.00,1,1,1,0,0,0.0000,0.000,0,0.000,0,0.000,0,0,yolo,100.8,yolo,0,0,0,0.000,0,-1,0
1785654233.954,-1.916,2.684,97.300,0.9983,0,2.223,0.316,-4.704,0.2921,10.751,0.885,-0.095,1.000,4.704,-4.139,0.4172,0.1110,1.731,1.731,-1.065,3.077,1.822,3.000,0.0038,-0.628,nan,0.00,1,1,1,0,0,0.0000,0.000,0,0.000,0,0.000,0,0,yolo,100.8,yolo,0,0,0,0.000,0,-1,0
1785654233.984,-2.095,2.724,97.643,0.9982,0,1.752,0.276,-4.704,0.2933,10.751,0.885,-0.095,1.000,4.704,-3.847,0.3947,0.1289,1.709,1.709,-1.047,3.074,1.812,3.000,0.0039,-0.638,nan,0.00,1,1,1,0,0,0.0000,0.000,0,0.000,0,0.000,1,0,yolo,100.8,yolo,0,0,0,0.000,0,-1,0
1785654234.011,-2.230,2.762,97.995,0.9981,0,1.298,0.238,-4.704,0.2941,10.751,0.885,-0.095,1.000,4.704,-3.528,0.3702,0.1371,1.684,1.684,-1.039,3.070,1.802,3.000,0.0039,-0.648,nan,0.00,1,1,1,0,0,0.0000,0.000,0,0.000,0,0.000,0,0,yolo,100.8,yolo,0,0,0,0.000,0,-1,0
1785654234.048,-2.329,2.796,98.331,0.9980,0,0.885,0.204,-4.704,0.2940,10.751,0.885,-0.095,1.000,4.704,-3.214,0.3460,0.1272,1.660,1.660,-1.049,3.066,1.795,3.000,0.0040,-0.655,nan,0.00,1,1,1,0,0,0.0000,0.000,0,0.000,0,0.000,0,0,yolo,100.8,yolo,0,0,0,0.000,0,-1,0
1785654234.093,-2.394,2.828,98.669,0.9979,0,0.494,0.172,-4.704,0.2931,10.751,0.885,-0.095,1.000,4.704,-2.889,0.3210,0.1018,1.635,1.635,-1.074,3.061,1.788,3.000,0.0041,-0.662,nan,0.00,1,1,1,0,0,0.0000,0.000,0,0.000,0,0.000,0,0,yolo,100.8,yolo,0,0,0,0.000,0,-1,0
1785654234.127,-2.459,2.861,99.014,0.9978,0,0.096,0.139,-4.704,0.2917,10.751,0.885,-0.095,1.000,4.704,-2.555,0.2953,0.0646,1.609,1.609,-1.111,3.057,1.780,3.000,0.0041,-0.670,nan,0.00,1,1,1,0,0,0.0000,0.000,0,0.000,0,0.000,0,0,yolo,100.8,yolo,0,0,0,0.000,0,-1,0
1785654234.159,-2.494,2.890,99.348,0.9978,0,-0.266,0.110,-4.704,0.2901,10.751,0.885,-0.095,1.000,4.704,-2.228,0.2701,0.0230,1.584,1.584,-1.153,3.052,1.774,3.000,0.0042,-0.676,nan,0.00,1,1,1,0,0,0.0000,0.000,0,0.000,0,0.000,0,0,yolo,100.8,yolo,0,0,0,0.000,0,-1,0
1785654234.184,-2.494,2.917,99.685,0.9978,0,1.234,0.083,-3.204,0.2735,nan,nan,nan,0.000,0.000,-10.000,0.0000,-1.1960,1.558,1.558,-1.196,3.047,1.000,3.000,0.0042,-0.655,nan,0.00,0,0,0,0,0,0.0000,0.000,0,0.000,0,0.000,0,0,,,FLYING,0,0,0,0.000,0,-1,0
1785654234.220,-2.580,2.937,99.958,0.9977,0,2.734,0.063,-1.704,0.2568,nan,nan,nan,0.000,0.000,-10.000,0.0000,-1.2278,1.537,1.537,-1.228,3.040,1.000,3.000,0.0042,-0.636,nan,0.00,0,0,0,0,0,0.0000,0.000,0,0.000,0,0.000,0,0,,,FLYING,0,0,0,0.000,0,-1,0
1785654234.251,-2.791,2.949,100.097,0.9975,0,4.234,0.051,-0.204,0.2401,nan,nan,nan,0.000,0.000,-10.000,0.0000,-1.2352,1.524,1.524,-1.235,3.030,1.000,3.000,0.0042,-0.617,nan,0.00,0,0,0,0,0,0.0000,0.000,0,0.000,0,0.000,0,0,,,FLYING,0,0,0,0.000,0,-1,0
1785654234.296,-3.124,2.954,100.114,0.9972,0,5.734,0.046,0.000,0.2324,nan,nan,nan,0.000,0.000,-10.000,0.0000,-1.2090,1.518,1.518,-1.209,3.016,1.000,3.000,0.0042,-0.598,nan,0.00,0,0,0,0,0,0.0000,0.000,0,0.000,0,0.000,1,0,,,FLYING,0,0,0,0.000,0,-1,0
1785654234.327,-3.461,2.958,100.091,0.9968,0,6.539,0.042,0.000,0.2345,nan,nan,nan,0.000,0.000,-10.000,0.0000,-1.1518,1.512,1.512,-1.152,3.002,1.000,3.000,0.0042,-0.580,nan,0.00,0,0,0,0,0,0.0000,0.000,0,0.000,0,0.000,0,0,,,FLYING,0,0,0,0.000,0,-1,0
1785654234.358,-3.927,2.964,100.090,0.9963,0,6.073,0.036,0.000,0.2383,nan,nan,nan,0.000,0.000,-10.000,0.0000,-1.0591,1.502,1.502,-1.059,2.987,1.000,3.000,0.0042,-0.563,nan,0.00,0,0,0,0,0,0.0000,0.000,0,0.000,0,0.000,1,0,,,FLYING,0,0,0,0.000,0,-1,0
1785654234.405,-4.977,2.972,100.098,0.9949,0,5.023,0.028,0.000,0.2477,nan,nan,nan,0.000,0.000,-10.000,0.0000,-0.8473,1.473,1.473,-0.847,2.958,1.000,3.000,0.0042,-0.546,nan,0.00,0,0,0,0,0,0.0000,0.000,0,0.000,0,0.000,1,0,,,FLYING,0,0,0,0.000,0,-1,0
1785654234.435,-4.977,2.972,100.098,0.9949,0,5.023,0.028,0.000,0.2472,nan,nan,nan,0.000,0.000,-10.000,0.0000,-0.8473,1.473,1.473,-0.847,2.958,1.000,3.000,0.0042,-0.530,nan,0.00,0,0,0,0,0,0.0000,0.000,0,0.000,0,0.000,0,0,,,FLYING,0,0,0,0.000,0,-1,0
1785654234.469,-5.391,2.975,100.095,0.9942,0,4.609,0.025,0.000,0.2508,nan,nan,nan,0.000,0.000,-10.000,0.0000,-0.7604,1.452,1.452,-0.760,2.944,1.000,3.000,0.0042,-0.514,nan,0.00,0,0,0,0,0,0.0000,0.000,0,0.000,0,0.000,1,0,,,FLYING,0,0,0,0.000,0,-1,0
1785654234.494,-5.812,2.978,100.095,0.9935,0,4.188,0.022,0.000,0.2539,nan,nan,nan,0.000,0.000,-10.000,0.0000,-0.6864,1.427,1.427,-0.686,2.930,1.000,3.000,0.0042,-0.498,nan,0.00,0,0,0,0,0,0.0000,0.000,0,0.000,0,0.000,0,0,,,FLYING,0,0,0,0.000,0,-1,0
1785654234.532,-6.212,2.981,100.095,0.9928,0,3.788,0.019,0.000,0.2565,nan,nan,nan,0.000,0.000,-10.000,0.0000,-0.6228,1.396,1.396,-0.623,2.914,1.000,3.000,0.0042,-0.483,nan,0.00,0,0,0,0,0,0.0000,0.000,0,0.000,0,0.000,1,0,,,FLYING,0,0,0,0.000,0,-1,0
1785654234.577,-6.538,2.983,100.095,0.9921,0,3.462,0.017,0.000,0.2582,nan,nan,nan,0.000,0.000,-10.000,0.0000,-0.5789,1.366,1.366,-0.579,2.900,1.000,3.000,0.0042,-0.469,nan,0.00,0,0,0,0,0,0.0000,0.000,0,0.000,0,0.000,0,0,,,FLYING,0,0,0,0.000,0,-1,0
1785654234.609,-6.861,2.985,100.094,0.9915,0,3.139,0.015,0.000,0.2596,nan,nan,nan,0.000,0.000,-10.000,0.0000,-0.5440,1.334,1.334,-0.544,2.887,1.000,3.000,0.0042,-0.455,nan,0.00,0,0,0,0,0,0.0000,0.000,0,0.000,0,0.000,0,0,,,FLYING,0,0,0,0.000,0,-1,0
1785654234.640,-7.162,2.987,100.094,0.9909,0,2.838,0.013,0.000,0.2607,nan,nan,nan,0.000,0.000,-10.000,0.0000,-0.5141,1.301,1.301,-0.514,2.873,1.000,3.000,0.0042,-0.441,nan,0.00,0,0,0,0,0,0.0000,0.000,0,0.000,0,0.000,1,0,,,FLYING,0,0,0,0.000,0,-1,0
1785654234.687,-7.676,2.990,100.094,0.9897,0,2.169,0.010,0.000,0.2627,nan,nan,nan,0.000,0.000,-9.846,0.0000,-0.4676,1.231,1.231,-0.468,2.847,1.000,3.000,0.0042,-0.428,nan,0.00,0,0,0,0,0,0.0000,0.000,0,0.000,0,0.000,2,0,,,FLYING,0,0,0,0.000,0,-1,0
1785654234.713,-7.865,2.991,100.094,0.9892,0,1.695,0.009,0.000,0.2633,nan,nan,nan,0.000,0.000,-9.560,0.0000,-0.4492,1.195,1.195,-0.449,2.834,1.000,3.000,0.0042,-0.415,nan,0.00,0,0,0,0,0,0.0000,0.000,0,0.000,0,0.000,0,0,,,FLYING,0,0,0,0.000,0,-1,0
1785654234.750,-8.011,2.992,100.093,0.9889,0,1.260,0.008,0.000,0.2637,nan,nan,nan,0.000,0.000,-9.271,0.0000,-0.4334,1.159,1.159,-0.433,2.822,1.000,3.000,0.0042,-0.403,nan,0.00,0,0,0,0,0,0.0000,0.000,0,0.000,0,0.000,0,0,,,FLYING,0,0,0,0.000,0,-1,0
1785654234.781,-8.011,2.992,100.093,0.9889,0,2.760,0.008,1.500,0.2470,18.294,-11.811,1.207,0.350,-25.000,-14.000,-0.0000,-0.0000,1.159,1.159,-0.433,2.822,1.200,3.000,0.0042,1.882,nan,0.00,0,1,1,1,0,0.0000,0.000,0,0.000,0,0.000,0,1,anduril,,anduril,0,0,0,0.000,0,-1,0
1785654234.813,-8.127,2.993,100.093,0.9886,0,4.260,0.007,3.000,0.2342,18.146,-11.535,1.201,0.350,-25.000,-14.000,-0.0000,0.4306,1.122,-0.330,-0.420,2.809,1.200,3.000,0.0042,1.868,nan,0.00,0,1,1,1,0,0.0000,0.000,0,0.000,0,0.000,1,0,anduril,,anduril,0,0,0,0.000,0,-1,0
1785654234.839,-8.355,2.983,100.025,0.9880,0,5.645,0.017,4.500,0.2175,18.146,-11.535,1.201,0.350,-25.000,-14.000,1.4174,0.0214,1.088,1.088,-0.398,2.795,1.200,3.000,0.0042,1.916,nan,0.00,0,1,1,0,0,0.0000,0.000,0,0.000,0,0.000,0,0,anduril,,anduril,0,0,0,0.000,0,-1,0
1785654234.875,-8.831,2.936,99.740,0.9868,0,5.169,-1.480,6.000,0.2009,17.868,-11.081,1.194,0.350,-25.000,-14.000,-0.0000,-0.6905,1.062,-0.600,-0.349,2.778,1.200,1.456,0.0042,1.962,nan,0.00,0,1,1,1,0,0.0000,0.000,0,0.000,0,0.000,0,0,anduril,,anduril,0,0,0,0.000,0,-1,0
1785654234.903,-9.336,2.873,99.326,0.9855,0,4.664,-1.529,7.500,0.2149,17.868,-11.081,1.194,0.350,-25.000,-14.000,1.6391,0.0791,1.039,1.039,-0.270,2.758,1.200,1.343,0.0042,2.077,nan,0.00,0,1,1,0,0,0.0000,0.000,0,0.000,0,0.000,0,0,anduril,,anduril,0,0,0,0.000,0,-1,0
1785654234.939,-9.725,2.694,98.862,0.9845,0,4.275,-1.432,9.000,0.1982,17.543,-10.605,1.183,0.350,-25.000,-14.000,-0.0000,-1.5926,1.020,-1.548,-0.171,2.740,1.200,1.262,0.0042,2.130,nan,0.00,0,1,1,1,0,0.0000,0.000,0,0.000,0,0.000,0,0,anduril,,anduril,0,0,0,0.000,0,-1,0
1785654234.971,-10.093,2.453,98.220,0.9836,0,3.907,-1.288,10.500,0.1815,17.316,-10.223,1.179,0.350,-25.000,-14.000,-0.0000,-2.0000,1.005,-1.559,-0.038,2.719,1.200,1.165,0.0042,2.208,nan,0.00,0,1,1,1,0,0.0000,0.000,0,0.000,0,0.000,0,0,anduril,,anduril,0,0,0,0.000,0,-1,0
1785654235.002,-10.448,2.209,97.430,0.9827,0,3.552,-1.139,12.000,0.1649,17.053,-9.822,1.162,0.350,-25.000,-14.000,-0.0000,-1.7048,0.995,-1.496,0.128,2.698,1.200,1.070,0.0042,2.265,nan,0.00,0,1,1,1,0,0.0000,0.000,0,0.000,0,0.000,0,0,anduril,,anduril,0,0,0,0.000,0,-1,0
1785654235.035,-10.781,1.947,96.526,0.9818,0,3.219,-0.964,12.000,0.1815,16.749,-9.291,1.135,0.350,-25.000,-14.000,-0.0000,-0.2571,0.987,-0.786,0.316,2.676,1.200,0.983,0.0042,2.282,nan,0.00,0,1,1,1,0,0.0000,0.000,0,0.000,0,0.000,2,0,anduril,,anduril,0,0,0,0.000,0,-1,0
1785654235.075,-11.081,1.691,95.614,0.9809,0,2.919,-0.762,12.000,0.1982,16.749,-9.291,1.135,0.350,-25.000,-14.000,1.7633,0.1887,0.978,0.978,0.504,2.656,1.200,0.929,0.0042,2.404,nan,0.00,0,1,1,0,1,0.0000,0.242,0,0.028,1,0.883,0,0,anduril,,anduril,0,0,0,0.000,0,-1,0
1785654235.107,-11.356,1.450,94.728,0.9801,0,2.644,-0.547,12.000,0.2149,4.000,-2.038,0.000,0.233,-25.000,-14.000,-0.0000,0.6906,0.966,0.966,0.691,2.638,1.200,0.903,0.0042,2.332,nan,0.00,0,1,0,1,1,0.0000,0.244,0,0.031,1,0.873,0,1,blueline,,BLUELINE,0,0,0,0.000,0,-1,0
1785654235.138,-11.602,1.228,93.868,0.9793,0,2.398,-0.333,12.000,0.2315,4.000,-1.922,0.000,0.233,-25.000,-14.000,-0.0000,0.8598,0.952,0.952,0.860,2.622,1.200,0.895,0.0042,2.262,nan,0.00,0,1,0,1,1,0.0000,0.251,0,0.044,1,0.862,0,0,blueline,,BLUELINE,0,0,0,0.000,0,-1,0
1785654235.170,-11.828,1.015,92.989,0.9786,0,2.172,-0.127,12.000,0.2482,4.000,-1.965,0.000,0.233,-25.000,-14.000,-0.0000,1.0046,0.938,0.938,1.005,2.606,1.200,0.888,0.0042,2.194,nan,0.00,0,1,0,1,1,0.0000,0.260,0,0.059,1,0.849,0,0,blueline,,BLUELINE,0,0,0,0.000,0,-1,0
1785654235.195,-12.034,0.814,92.099,0.9779,0,1.966,0.068,12.000,0.2649,4.000,-1.965,0.000,0.233,-25.000,-14.000,-0.0144,1.1118,0.924,0.924,1.112,2.592,1.200,0.881,0.0042,2.128,nan,0.00,0,1,0,0,1,0.0000,0.260,0,0.059,1,0.849,0,0,blueline,,BLUELINE,0,0,0,0.000,0,-1,0
1785654235.218,-12.034,0.814,92.099,0.9779,0,1.966,0.247,12.000,0.2742,12.852,-5.503,1.223,1.000,-23.178,-14.000,-0.0000,-0.0000,0.924,0.924,1.112,2.592,1.200,1.061,0.0042,2.161,nan,0.00,1,1,1,1,1,0.0000,0.354,0,0.067,2,0.825,0,1,yolo,102.6,yolo,0,0,0,0.000,0,-1,0
1785654235.249,-12.222,0.623,91.197,0.9773,0,1.778,0.377,12.000,0.2744,12.852,-5.503,1.223,1.000,-23.178,-14.000,-0.0000,-0.0000,0.909,0.909,1.189,2.578,1.200,1.000,0.0042,2.221,nan,0.00,1,1,1,1,1,0.0000,0.354,0,0.067,2,0.825,0,0,yolo,102.6,yolo,0,0,0,0.000,0,-1,0
1785654235.281,-12.393,0.455,90.325,0.9767,0,1.607,0.505,12.000,0.2746,13.164,-5.514,1.107,1.000,-22.726,-14.000,-1.5583,0.9050,0.895,-0.335,1.239,2.565,1.200,0.960,0.0042,2.160,nan,0.00,1,1,1,1,1,0.0000,0.362,0,0.077,2,0.810,0,0,yolo,110.0,yolo,0,0,0,0.000,0,-1,0
1785654235.311,-12.544,0.296,89.415,0.9761,0,1.456,0.624,12.000,0.2748,13.164,-5.514,1.107,1.000,-22.726,-14.000,1.2160,0.0280,0.881,0.881,1.267,2.551,1.200,0.920,0.0042,2.210,nan,0.00,1,1,1,0,1,0.0000,0.362,0,0.077,2,0.810,0,0,yolo,110.0,yolo,0,0,0,0.000,0,-1,0
1785654235.343,-12.678,0.144,88.515,0.9756,0,1.322,0.749,12.000,0.2749,13.164,-5.514,1.107,1.000,-22.726,-14.000,1.2023,0.0362,0.867,0.867,1.275,2.539,1.200,0.893,0.0042,2.257,nan,0.00,1,1,1,0,1,0.0000,0.366,0,0.082,2,0.801,0,0,yolo,110.0,yolo,0,0,0,0.000,0,-1,0
1785654235.374,-12.784,0.019,87.735,0.9752,0,-0.178,0.873,12.000,0.2916,13.337,-5.128,1.003,1.000,-21.030,11.260,-11.8458,2.0000,0.856,-0.810,1.270,2.529,1.200,0.892,0.0042,2.108,nan,0.00,1,1,1,1,1,0.0000,0.366,0,0.082,2,0.801,0,0,yolo,102.3,yolo,0,0,0,0.000,0,-1,0
1785654235.405,-12.794,-0.099,86.931,0.9752,0,1.206,0.982,12.000,0.2750,13.337,-5.128,1.003,1.000,-21.030,-14.000,1.6579,-0.0159,0.847,0.847,1.254,2.518,1.200,0.883,0.0042,2.137,nan,0.00,1,1,1,0,1,0.0000,0.373,0,0.091,2,0.788,0,0,yolo,102.3,yolo,0,0,0,0.000,0,-1,0
1785654235.436,-12.840,-0.218,86.095,0.9750,0,1.160,1.087,12.000,0.2751,13.337,-5.128,1.003,1.000,-21.030,-14.000,1.6491,-0.0384,0.839,0.839,1.232,2.508,1.200,0.870,0.0042,2.168,nan,0.00,1,1,1,0,1,0.0000,0.373,0,0.091,2,0.788,0,0,yolo,102.3,yolo,0,0,0,0.000,0,-1,0
1785654235.475,-12.944,-0.325,85.273,0.9746,0,1.056,1.181,12.000,0.2752,13.472,-4.488,0.910,1.000,-18.425,-14.000,-3.6747,1.1992,0.830,-0.027,1.206,2.498,1.200,0.856,0.0042,1.968,nan,0.00,1,1,1,1,1,0.0000,0.374,0,0.092,2,0.776,0,0,yolo,100.5,yolo,0,0,0,0.000,0,-1,0
1785654235.516,-13.030,-0.433,84.444,0.9742,0,0.970,1.279,12.000,0.2753,13.472,-4.488,0.910,1.000,-18.425,-14.000,0.8479,-0.0250,0.821,0.821,1.181,2.489,1.200,0.846,0.0042,2.000,nan,0.00,1,1,1,0,1,0.0000,0.374,0,0.092,2,0.776,0,0,yolo,100.5,yolo,0,0,0,0.000,0,-1,0
1785654235.548,-13.116,-0.548,83.519,0.9739,0,0.884,1.371,12.000,0.2754,13.472,-4.488,0.910,1.000,-18.425,-14.000,0.8390,-0.0493,0.812,0.812,1.157,2.478,1.200,0.823,0.0042,2.033,nan,0.00,1,1,1,0,1,0.0000,0.502,0,0.127,2,0.768,0,0,yolo,100.5,yolo,0,0,0,0.000,0,-1,0
1785654235.579,-13.193,-0.654,82.602,0.9735,0,-0.616,1.461,12.000,0.2921,13.568,-3.680,0.844,1.000,-15.175,14.000,-11.5431,2.0000,0.804,-0.676,1.135,2.469,1.200,0.806,0.0042,1.816,nan,0.00,1,1,1,1,1,0.0000,0.502,0,0.127,2,0.768,0,0,yolo,101.9,yolo,0,0,0,0.000,0,-1,0
1785654235.611,-13.260,-0.754,81.688,0.9733,0,0.740,1.546,12.000,0.2756,13.568,-3.680,0.844,1.000,-15.175,-14.000,1.4727,-0.0197,0.797,0.797,1.116,2.459,1.200,0.792,0.0042,1.844,nan,0.00,1,1,1,0,1,0.0000,0.506,0,0.131,2,0.758,0,0,yolo,101.9,yolo,0,0,0,0.000,0,-1,0
1785654235.642,-13.314,-0.842,80.749,0.9730,0,0.686,1.616,12.000,0.2756,13.568,-3.680,0.844,1.000,-15.175,-14.000,1.4662,-0.0408,0.790,0.790,1.095,2.450,1.200,0.774,0.0042,1.868,nan,0.00,1,1,1,0,1,0.0000,0.506,0,0.131,2,0.758,0,0,yolo,101.9,yolo,0,0,0,0.000,0,-1,0
1785654235.674,-13.361,-0.922,79.841,0.9728,0,-0.814,1.683,11.248,0.2923,13.883,-2.761,0.789,1.000,-11.248,14.000,-9.5153,2.0000,0.785,-0.669,1.073,2.441,1.200,0.761,0.0042,1.629,nan,0.00,1,1,1,1,1,0.0000,0.509,0,0.134,2,0.754,0,0,yolo,109.3,yolo,0,0,0,0.000,0,-1,0
1785654235.706,-13.287,-0.986,78.957,0.9731,0,0.686,1.740,11.248,0.2756,13.883,-2.761,0.789,1.000,-11.248,-14.000,1.4507,-0.0270,0.782,0.782,1.046,2.433,1.200,0.754,0.0042,1.641,nan,0.00,1,1,1,0,1,0.0000,0.509,0,0.134,2,0.754,0,0,yolo,109.3,yolo,0,0,0,0.000,0,-1,0
1785654235.737,-13.326,-1.042,78.081,0.9729,0,0.674,1.790,11.248,0.2757,13.883,-2.761,0.789,1.000,-11.248,-14.000,1.4448,-0.0563,0.776,0.776,1.016,2.425,1.200,0.748,0.0042,1.657,nan,0.00,1,1,1,0,1,0.0000,0.412,0,0.140,1,0.746,0,0,yolo,109.3,yolo,0,0,0,0.000,0,-1,0
1785654235.774,-13.382,-1.096,77.178,0.9727,0,-0.826,1.832,9.748,0.2923,14.144,-1.772,0.787,1.000,-7.143,14.000,-10.1337,2.0000,0.771,-0.809,0.988,2.417,1.200,0.736,0.0042,1.446,nan,0.00,1,1,1,1,1,0.0000,0.412,0,0.140,1,0.746,1,0,yolo,100.3,yolo,0,0,0,0.000,0,-1,0
1785654235.816,-13.301,-1.125,76.391,0.9730,0,0.674,1.867,8.248,0.2757,14.144,-1.772,0.787,1.000,-7.143,-14.000,1.5761,-0.0310,0.767,0.767,0.957,2.410,1.200,0.741,0.0042,1.451,nan,0.00,1,1,1,0,1,0.0000,0.412,0,0.140,1,0.737,0,0,yolo,100.3,yolo,0,0,0,0.000,0,-1,0
1785654235.847,-13.341,-1.117,75.730,0.9728,0,0.659,1.882,7.143,0.2757,14.144,-1.772,0.787,1.000,-7.143,-14.000,1.5643,-0.0630,0.756,0.756,0.925,2.406,1.200,0.765,0.0042,1.450,nan,0.00,1,1,1,0,1,0.0000,0.298,0,0.122,0,0.729,0,0,yolo,100.3,yolo,0,0,0,0.000,0,-1,0
1785654235.879,-13.399,-1.084,75.177,0.9726,0,-0.841,1.879,5.643,0.2923,14.133,-0.831,0.825,1.000,-3.366,14.000,-13.9743,2.0000,0.740,-1.841,0.899,2.402,1.200,0.795,0.0042,1.262,nan,0.00,1,1,1,1,1,0.0000,0.298,0,0.122,0,0.729,0,0,yolo,107.0,yolo,0,0,0,0.000,0,-1,0
1785654235.911,-13.325,-1.031,74.722,0.9729,0,0.659,1.854,4.143,0.2757,14.133,-0.831,0.825,1.000,-3.366,-14.000,2.5661,-0.0278,0.725,0.725,0.871,2.400,1.201,0.823,0.0042,1.249,nan,0.00,1,1,1,0,1,0.0000,0.403,0,0.129,1,0.728,0,0,yolo,107.0,yolo,0,0,0,0.000,0,-1,0
1785654235.948,-13.372,-0.950,74.362,0.9728,0,0.628,1.758,3.366,0.2757,14.133,-0.831,0.825,1.000,-3.366,-14.000,2.5441,-0.0587,0.703,0.703,0.840,2.399,1.221,0.809,0.0042,1.229,nan,0.00,1,1,1,0,1,0.0000,0.403,0,0.129,1,0.728,1,0,yolo,107.0,yolo,0,0,0,0.000,0,-1,0
1785654235.990,-13.432,-0.860,74.095,0.9725,0,-0.872,1.210,1.866,0.2924,14.041,0.172,0.886,1.000,0.703,14.000,-5.9821,1.1803,0.679,-1.686,0.817,2.398,1.418,0.350,0.0042,1.032,nan,0.00,1,1,1,1,1,0.0000,0.515,0,0.140,2,0.722,0,0,yolo,107.1,yolo,0,0,0,0.000,0,-1,0
1785654236.020,-13.351,-0.793,73.911,0.9729,0,0.599,1.147,0.366,0.2757,14.041,0.172,0.886,1.000,0.703,-13.950,2.3403,-0.0287,0.654,0.654,0.788,2.399,1.433,0.353,0.0042,1.017,nan,0.00,1,1,1,0,1,0.0000,0.515,0,0.140,2,0.722,0,0,yolo,107.1,yolo,0,0,0,0.000,0,-1,0
1785654236.052,-13.396,-0.707,73.848,0.9727,0,0.220,1.050,-0.703,0.2590,14.041,0.172,0.886,1.000,0.703,-13.616,2.3103,-0.0588,0.624,0.624,0.758,2.401,1.455,0.344,0.0041,0.995,nan,0.00,1,1,1,0,1,0.0000,0.568,0,0.193,1,0.718,0,0,yolo,107.1,yolo,0,0,0,0.000,0,-1,0
1785654236.085,-13.427,-0.603,73.886,0.9726,0,-0.181,0.923,-0.703,0.2424,14.041,0.172,0.886,1.000,0.703,-13.247,2.2771,-0.0716,0.591,0.591,0.745,2.404,1.481,0.320,0.0040,0.969,nan,0.00,1,1,1,0,1,0.0000,0.455,0,0.194,0,0.722,0,0,yolo,107.1,yolo,0,0,0,0.000,0,-1,0
1785654236.115,-13.413,-0.513,73.943,0.9727,0,-0.498,0.804,-0.703,0.2434,14.041,0.172,0.886,1.000,0.703,-12.915,2.2472,-0.0612,0.561,0.561,0.756,2.406,1.503,0.292,0.0039,0.947,nan,0.00,1,1,1,0,1,0.0000,0.563,0,0.188,1,0.727,0,0,yolo,107.1,yolo,0,0,0,0.000,0,-1,0
1785654236.153,-13.375,-0.434,73.980,0.9728,0,0.625,1.496,0.797,0.2267,12.495,-8.758,-0.543,1.000,-25.000,-14.000,-0.0000,-0.0000,0.533,0.533,0.785,2.408,1.200,1.062,0.0039,1.592,nan,0.00,1,1,1,1,1,0.0000,0.563,0,0.188,1,0.727,1,1,anduril,,anduril,0,0,0,0.000,0,-1,0
1785654236.194,-13.415,-0.327,73.930,0.9727,0,0.585,1.371,2.297,0.2434,12.515,-8.663,-0.525,1.000,-25.000,-14.000,-0.0000,0.6545,0.507,-1.435,0.846,2.407,1.200,1.045,0.0039,1.571,nan,0.00,1,1,1,1,1,0.0000,0.672,0,0.185,2,0.733,0,0,anduril,,anduril,0,0,0,0.000,0,-1,0
1785654236.225,-13.473,-0.245,73.733,0.9725,0,0.527,1.251,3.797,0.2600,12.604,-8.548,-0.497,1.000,-25.000,-14.000,-0.0000,0.2538,0.486,-1.173,0.927,2.405,1.200,1.006,0.0039,1.562,nan,0.00,1,1,1,1,1,0.0000,0.561,0,0.186,1,0.736,0,0,anduril,,anduril,0,0,0,0.000,0,-1,0
1785654236.255,-13.513,-0.211,73.423,0.9723,0,0.487,1.175,5.297,0.2755,12.604,-8.548,-0.497,1.000,-25.000,-14.000,1.6458,0.0738,0.472,0.472,1.001,2.402,1.200,0.964,0.0039,1.561,nan,0.00,1,1,1,0,1,0.0000,0.561,0,0.186,1,0.736,0,0,anduril,,anduril,0,0,0,0.000,0,-1,0
1785654236.287,-13.555,-0.181,73.084,0.9721,0,0.445,1.107,6.797,0.2756,12.726,-8.324,-0.447,1.000,-25.000,-14.000,-0.0000,0.0650,0.459,-0.868,1.061,2.398,1.200,0.926,0.0039,1.556,nan,0.00,1,1,1,1,1,0.0000,0.452,0,0.190,0,0.737,0,0,anduril,,anduril,0,0,0,0.000,0,-1,0
1785654236.318,-13.556,-0.181,73.077,0.9721,0,0.444,1.127,8.297,0.2756,12.726,-8.324,-0.447,1.000,-25.000,-14.000,1.3277,0.0007,0.459,0.459,1.062,2.398,1.200,0.945,0.0039,1.556,nan,0.00,1,1,1,0,1,0.0000,0.452,0,0.190,0,0.737,0,0,anduril,,anduril,0,0,0,0.000,0,-1,0
1785654236.350,-13.592,-0.211,72.537,0.9720,0,0.408,1.103,9.797,0.2756,12.796,-8.005,-0.391,1.000,-25.000,-14.000,-0.0000,0.2371,0.457,-1.345,1.073,2.393,1.200,0.892,0.0039,1.549,nan,0.00,1,1,1,1,1,0.0000,0.455,0,0.193,0,0.732,0,0,anduril,,anduril,0,0,0,0.000,0,-1,0
1785654236.382,-13.626,-0.265,71.911,0.9718,0,0.374,1.111,11.297,0.2757,12.833,-7.674,-0.338,1.000,-25.000,-14.000,-0.0000,0.2918,0.459,-1.591,1.069,2.387,1.200,0.846,0.0039,1.539,nan,0.00,1,1,1,1,1,0.0000,0.571,0,0.196,1,0.728,0,0,anduril,,anduril,0,0,0,0.000,0,-1,0
1785654236.413,-13.656,-0.348,71.182,0.9717,0,0.344,1.152,12.000,0.2785,4.000,-1.190,0.000,0.667,-16.572,-14.000,-0.0000,1.0562,0.467,0.467,1.056,2.381,1.200,0.804,0.0039,1.493,nan,0.00,1,1,0,1,1,0.0000,0.577,0,0.202,1,0.723,0,1,blueline,,BLUELINE,0,0,0,0.000,0,-1,0
1785654236.444,-13.678,-0.471,70.254,0.9716,0,0.322,1.225,12.000,0.2789,4.000,-1.190,0.000,0.667,-16.572,-14.000,0.0158,1.0333,0.483,0.483,1.033,2.374,1.200,0.754,0.0039,1.448,nan,0.00,1,1,0,0,1,0.0000,0.577,0,0.202,1,0.723,0,0,blueline,,BLUELINE,0,0,0,0.000,0,-1,0
1785654236.477,-13.697,-0.600,69.283,0.9715,0,0.303,1.315,12.000,0.2790,4.000,-1.078,0.000,0.667,-15.083,-14.000,-3.1175,1.0056,0.502,0.502,1.006,2.367,1.200,0.715,0.0039,1.404,nan,0.00,1,1,0,1,1,0.0000,0.583,0,0.208,1,0.720,0,0,blueline,,BLUELINE,0,0,0,0.000,0,-1,0
1785654236.514,-13.712,-0.713,68.335,0.9714,0,-1.197,1.403,12.000,0.2788,4.000,-0.873,0.000,0.233,-12.307,-9.621,-0.0000,0.9743,0.519,0.519,0.974,2.361,1.200,0.690,0.0039,1.362,nan,0.00,0,1,0,1,1,0.0000,0.587,0,0.212,1,0.717,0,1,track,,TRACK,0,0,0,0.000,0,-1,0
1785654236.555,-13.605,-0.810,67.424,0.9718,0,0.303,1.485,12.000,0.2785,4.000,-0.854,0.000,0.667,-12.045,-14.000,-0.0000,0.9419,0.540,0.540,0.942,2.355,1.200,0.675,0.0039,1.321,nan,0.00,1,1,0,1,1,0.0000,0.590,0,0.215,1,0.721,0,1,blueline,,BLUELINE,0,0,0,0.000,0,-1,0
1785654236.586,-13.607,-0.907,66.482,0.9718,0,-1.197,1.566,10.500,0.2781,4.000,-0.720,0.000,0.667,-10.204,-11.787,-3.8562,0.9075,0.559,0.559,0.907,2.349,1.200,0.659,0.0039,1.282,nan,0.00,1,1,0,1,1,0.0000,0.594,0,0.219,1,0.728,0,0,blueline,,BLUELINE,0,0,0,0.000,0,-1,0
1785654236.623,-13.507,-0.973,65.635,0.9722,0,-2.697,1.628,9.000,0.2776,4.000,-0.406,0.000,0.233,-5.798,-6.221,-0.0000,0.8733,0.579,0.579,0.873,2.344,1.200,0.654,0.0039,1.243,nan,0.00,0,1,0,1,1,0.0000,0.594,0,0.219,1,0.728,1,1,track,,TRACK,0,0,0,0.000,0,-1,0
1785654236.657,-13.305,-1.014,64.866,0.9730,0,-4.197,1.671,7.500,0.2770,4.000,-0.287,0.000,0.233,-4.102,-1.203,-3.5520,0.8390,0.598,0.598,0.839,2.339,1.200,0.657,0.0039,1.206,nan,0.00,0,1,0,1,1,0.0000,0.610,0,0.235,1,0.739,0,0,track,,TRACK,0,0,0,0.000,0,-1,0
1785654236.697,-12.915,-1.001,64.252,0.9746,0,-2.697,1.513,6.000,0.2760,4.000,-0.294,0.000,0.667,-4.199,-14.000,-0.0000,0.8046,0.617,0.617,0.805,2.336,1.264,0.512,0.0039,1.170,nan,0.00,1,1,0,1,1,0.0000,0.621,0,0.246,1,0.729,0,1,blueline,,BLUELINE,0,0,0,0.000,0,-1,0
1785654236.727,-12.676,-0.974,63.752,0.9755,0,-1.197,1.438,4.500,0.2754,4.000,-0.294,0.000,0.667,-4.199,-14.000,0.0140,0.7722,0.631,0.631,0.772,2.334,1.292,0.464,0.0039,1.135,nan,0.00,1,1,0,0,1,0.0000,0.621,0,0.246,1,0.729,0,0,blueline,,BLUELINE,0,0,0,0.000,0,-1,0
1785654236.764,-12.577,-0.931,63.380,0.9759,0,0.303,0.787,6.000,0.2631,8.968,-2.117,-0.241,1.000,-13.281,-14.000,-0.0000,-0.0000,0.639,0.639,0.743,2.333,1.545,-0.144,0.0039,0.371,nan,0.00,1,1,1,1,1,0.0000,0.621,0,0.246,1,0.729,1,1,yolo,97.9,yolo,0,0,0,0.000,0,-1,0
1785654236.805,-12.595,-0.950,62.976,0.9758,0,1.405,0.830,7.500,0.2629,8.968,-2.117,-0.241,1.000,-13.281,-14.000,-0.0000,-0.0000,0.647,0.647,0.723,2.332,1.544,-0.120,0.0038,0.375,nan,0.00,1,1,1,1,1,0.0000,0.617,0,0.242,1,0.729,0,0,yolo,97.9,yolo,0,0,0,0.000,0,-1,0
1785654236.836,-12.705,-1.011,62.378,0.9754,0,1.295,0.892,9.000,0.2626,8.968,-2.117,-0.241,1.000,-13.281,-14.000,-0.0000,-0.0000,0.662,0.662,0.712,2.329,1.539,-0.119,0.0038,0.389,nan,0.00,1,1,1,1,1,0.0000,0.494,0,0.242,0,0.726,0,0,yolo,97.9,yolo,0,0,0,0.000,0,-1,0
