t,roll,pitch,yaw,up,upset,cmd_roll_deg,cmd_pitch_deg,cmd_yaw_deg,thrust,bx,by,bz,blend,bearing_deg,desired_roll,d_lat,d_vert,vY_imu,vY_fused,vD,vX,v_target,pitch_des,elev_i,elev_err,agl,turn_ff,reliable,vision_valid,elev_fresh,is_new_d,bl_found,bl_hdg,bl_conf,bl_hdg_valid,bl_span,bl_paired,bl_cy,bl_gap,src_switch,source,infer_ms,mode,gate,gate_id,peek_side,peek_strength,peek_active,occ_gap,collision
1785735197.265,0.000,-17.800,0.000,0.9521,0,-0.903,15.800,-1.289,0.3014,9.709,0.061,-3.711,1.000,0.361,0.903,-0.0000,-0.0000,-0.000,-0.000,0.000,-0.000,1.885,-2.000,0.0061,-0.565,nan,0.93,1,1,1,1,1,0.0324,1.000,1,0.522,8,0.004,0,0,yolo,195.1,yolo,0,0,0,0.000,0,-1,0
1785735197.333,0.001,-17.672,0.002,0.9528,0,-0.904,15.672,-1.289,0.3019,9.709,0.061,-3.711,1.000,0.361,0.905,-0.0001,-0.0034,-0.000,-0.000,-0.003,0.012,1.862,-2.000,0.0061,-0.588,nan,0.93,1,1,1,0,1,0.0324,1.000,1,0.522,8,0.004,5,0,yolo,195.1,yolo,0,0,0,0.000,0,-1,0
1785735197.372,0.001,-15.509,0.004,0.9636,0,-0.903,14.172,-1.472,0.3101,9.709,0.061,-3.711,1.000,0.361,0.903,-0.0000,-0.0170,-0.000,-0.000,-0.017,0.030,1.470,-2.000,0.0062,-0.980,nan,1.11,1,1,1,0,1,0.0388,1.000,1,0.522,8,0.015,0,0,yolo,195.1,yolo,0,0,0,0.000,0,-1,0
1785735197.413,0.126,-13.720,0.205,0.9715,0,-0.763,12.672,-1.472,0.3165,9.709,0.061,-3.711,1.000,0.361,0.890,0.0010,-0.0395,0.001,0.001,-0.039,0.053,1.200,-2.000,0.0062,-1.302,nan,1.11,1,1,1,0,1,0.0388,1.000,1,0.522,8,0.015,3,0,yolo,195.1,yolo,0,0,0,0.000,0,-1,0
1785735197.466,0.223,-12.117,0.403,0.9777,0,-2.263,11.172,-2.214,0.2999,10.275,0.197,-1.999,1.000,1.099,2.728,-0.0000,-0.0000,0.002,0.002,-0.072,0.087,2.200,-2.000,0.0062,0.204,nan,1.12,1,1,1,1,1,0.0389,1.000,1,0.522,8,0.012,0,0,yolo,208.3,yolo,0,0,0,0.000,0,-1,0
1785735197.503,0.475,-9.749,0.693,0.9855,0,-2.194,9.672,-2.214,0.2832,10.275,0.197,-1.999,1.000,1.099,2.669,0.0044,-0.1393,0.007,0.007,-0.211,0.205,2.200,-2.000,0.0062,-0.228,nan,1.12,1,1,1,0,1,0.0389,1.000,1,0.522,8,0.012,2,0,yolo,208.3,yolo,0,0,0,0.000,0,-1,0
1785735197.541,0.705,-8.501,0.915,0.9889,0,-1.917,8.172,-1.920,0.2766,10.275,0.197,-1.999,1.000,1.099,2.622,0.0080,-0.2312,0.010,0.010,-0.303,0.268,1.995,-2.000,0.0063,-0.455,nan,0.82,1,1,1,0,1,0.0287,1.000,1,0.507,8,0.102,0,0,yolo,208.3,yolo,0,0,0,0.000,0,-1,0
1785735197.581,0.847,-7.738,1.085,0.9908,0,-1.782,6.672,-1.920,0.2908,10.275,0.197,-1.999,1.000,1.099,2.629,-0.0000,-0.0000,0.014,0.014,-0.349,0.317,1.856,-2.000,0.0063,-0.594,nan,0.82,1,1,1,1,1,0.0287,1.000,1,0.507,8,0.102,3,1,anduril,,anduril,0,0,0,0.000,0,-1,0
1785735197.619,0.981,-7.123,1.231,0.9921,0,-1.029,5.172,-1.454,0.2843,10.554,0.159,-1.717,1.000,0.865,2.010,-0.0000,-0.0000,0.019,0.019,-0.383,0.361,2.058,-2.000,0.0064,-0.392,nan,0.59,1,1,1,1,1,0.0206,1.000,1,0.442,7,0.177,0,0,anduril,,anduril,0,0,0,0.000,0,-1,0
1785735197.692,1.128,-6.179,1.468,0.9940,0,0.192,4.179,-1.061,0.2992,10.483,0.086,-2.042,1.000,0.471,0.936,-0.0000,-0.0000,0.030,0.030,-0.422,0.438,1.551,-2.000,0.0064,-0.899,nan,0.59,1,1,1,1,1,0.0206,1.000,1,0.442,7,0.177,3,0,anduril,,anduril,0,0,0,0.000,0,-1,0
1785735197.730,1.110,-5.769,1.565,0.9947,0,0.227,3.769,-1.404,0.3014,10.483,0.086,-2.042,1.000,0.471,0.882,-0.0000,-0.0000,0.036,0.036,-0.449,0.473,1.475,-2.000,0.0065,-0.975,nan,0.93,1,1,1,1,1,0.0325,1.000,1,0.366,6,0.262,0,0,anduril,,anduril,0,0,0,0.000,0,-1,0
1785735197.787,1.082,-5.394,1.670,0.9954,0,0.875,3.394,-1.157,0.3177,10.319,0.040,-2.506,1.000,0.224,0.207,-0.0000,-0.0000,0.043,0.043,-0.495,0.508,1.200,-2.000,0.0065,-1.523,nan,0.93,1,1,1,1,1,0.0325,1.000,1,0.366,6,0.262,3,0,anduril,,anduril,0,0,0,0.000,0,-1,0
1785735197.827,0.971,-4.657,1.911,0.9966,0,0.866,2.934,-0.899,0.3214,10.319,0.040,-2.506,1.000,0.224,0.105,-0.0000,-0.0000,0.055,0.055,-0.616,0.572,1.200,-1.723,0.0065,-1.659,nan,0.67,1,1,1,1,1,0.0235,1.000,1,0.365,6,0.189,0,1,yolo,251.7,yolo,0,0,0,0.000,0,-1,0
1785735197.882,0.886,-4.334,1.993,0.9970,0,0.320,2.466,-1.109,0.3189,10.047,0.076,-2.348,1.000,0.435,0.566,-0.0000,-0.0000,0.061,0.061,-0.705,0.602,1.200,-1.869,0.0065,-1.580,nan,0.67,1,1,1,1,1,0.0235,1.000,1,0.365,6,0.189,2,1,anduril,,anduril,0,0,0,0.000,0,-1,0
1785735197.945,0.834,-3.813,2.176,0.9977,0,1.653,2.185,-0.663,0.3180,10.204,-0.016,-2.239,1.000,-0.090,-0.819,-0.0000,-0.0000,0.071,0.071,-0.912,0.657,1.200,-1.628,0.0065,-1.556,nan,0.75,1,1,1,1,1,0.0263,0.917,1,0.358,5,0.205,3,0,anduril,,anduril,0,0,0,0.000,0,-1,0
1785735197.984,0.677,-3.592,2.247,0.9980,0,1.806,1.772,-2.163,0.3163,10.227,-0.035,-2.148,1.000,-0.194,-1.130,-0.0000,-0.0000,0.077,0.077,-1.028,0.682,1.200,-1.820,0.0065,-1.503,nan,2.95,1,1,1,1,1,0.1028,1.000,1,0.293,5,0.723,0,0,anduril,,anduril,0,0,0,0.000,0,-1,0
1785735198.045,0.501,-3.408,2.390,0.9982,0,1.669,1.463,-2.751,0.3172,10.227,-0.035,-2.148,1.000,-0.194,-1.167,-0.0000,-0.0000,0.081,0.081,-1.145,0.706,1.200,-1.945,0.0065,-1.536,nan,2.95,1,1,1,1,1,0.1028,1.000,1,0.293,5,0.723,0,0,anduril,,anduril,0,0,0,0.000,0,-1,0
1785735198.105,0.172,-3.083,2.823,0.9985,0,3.031,1.321,-2.081,0.3005,10.437,-0.158,-2.003,1.000,-0.865,-2.859,-0.0000,-0.0000,0.085,0.085,-1.363,0.748,1.200,-1.762,0.0065,-1.439,nan,2.95,1,1,1,1,1,0.1028,1.000,1,0.293,5,0.723,4,0,anduril,,anduril,0,0,0,0.000,0,-1,0
1785735198.138,-0.149,-2.938,3.025,0.9987,0,3.057,0.939,-3.581,0.2839,10.677,-0.186,-1.757,1.000,-1.000,-3.206,-0.0000,-0.0000,0.088,0.088,-1.464,0.769,1.243,-2.000,0.0065,-1.207,nan,5.00,1,1,1,1,1,0.1744,1.000,1,0.280,5,0.684,0,0,anduril,,anduril,0,0,0,0.000,0,-1,0
1785735198.185,-0.447,-2.835,3.292,0.9987,0,2.758,0.835,-3.996,0.2709,10.677,-0.186,-1.757,1.000,-1.000,-3.205,-0.0000,-0.0000,0.088,0.088,-1.532,0.788,1.224,-2.000,0.0065,-1.226,nan,5.00,1,1,1,1,1,0.1744,1.000,1,0.280,5,0.684,0,0,anduril,,anduril,0,0,0,0.000,0,-1,0
1785735198.224,-0.703,-2.746,3.638,0.9988,0,4.258,0.746,-2.496,0.2542,10.970,-0.274,-1.381,1.000,-1.429,-7.769,0.6166,-2.0000,0.084,0.142,-1.562,0.806,1.600,-2.000,0.0066,-0.850,nan,0.00,1,1,1,1,1,0.0000,0.966,0,0.229,4,0.591,0,0,anduril,,anduril,0,0,0,0.000,0,-1,0
1785735198.324,-1.835,-2.514,4.278,0.9985,0,2.758,0.514,-0.996,0.2709,10.970,-0.274,-1.381,1.000,-1.429,-3.836,-0.0662,0.1416,0.076,0.076,-1.421,0.852,1.561,-2.000,0.0067,-0.889,nan,0.00,1,1,1,0,1,0.0000,0.966,0,0.229,4,0.591,3,0,anduril,,anduril,0,0,0,0.000,0,-1,0
1785735198.358,-2.078,-2.459,4.402,0.9984,0,4.258,0.459,0.504,0.2542,10.865,-0.343,-1.133,1.000,-1.806,-8.884,0.7142,-2.0000,0.067,0.101,-1.350,0.866,1.797,-2.000,0.0068,-0.653,nan,0.00,1,1,1,1,1,0.0000,0.949,0,0.218,4,0.638,0,0,anduril,,anduril,0,0,0,0.000,0,-1,0
1785735198.408,-2.503,-2.411,4.350,0.9982,0,2.758,0.411,1.806,0.2709,10.865,-0.343,-1.133,1.000,-1.806,-4.985,-0.0000,-0.0000,0.059,0.059,-1.281,0.881,1.791,-2.000,0.0069,-0.659,nan,0.00,1,1,1,1,1,0.0000,0.949,0,0.218,4,0.638,0,1,yolo,364.3,yolo,0,0,0,0.000,0,-1,0
1785735198.444,-2.744,-2.376,4.196,0.9980,0,1.575,0.376,1.566,0.2715,10.510,-0.287,-1.013,1.000,-1.566,-4.319,-0.0000,-0.0000,0.050,0.050,-1.241,0.893,1.888,-2.000,0.0069,-0.562,nan,0.00,1,1,1,1,1,0.0000,0.949,0,0.218,4,0.638,4,1,anduril,,anduril,0,0,0,0.000,0,-1,0
1785735198.510,-2.872,-2.345,4.037,0.9979,0,2.632,0.345,2.083,0.2715,10.430,-0.379,-0.866,1.000,-2.083,-5.504,-0.0000,-0.0000,0.036,0.036,-1.217,0.905,2.032,-2.000,0.0070,-0.418,nan,0.00,1,1,1,1,1,0.0000,0.944,0,0.215,4,0.668,2,0,anduril,,anduril,0,0,0,0.000,0,-1,0
1785735198.546,-3.254,-2.285,3.767,0.9976,0,2.010,0.285,2.083,0.2845,10.430,-0.379,-0.866,1.000,-2.083,-5.264,-0.0000,-0.0000,0.007,0.007,-1.197,0.930,2.024,-2.000,0.0070,-0.426,nan,0.00,1,1,1,1,1,0.0000,0.828,0,0.216,3,0.684,0,0,anduril,,anduril,0,0,0,0.000,0,-1,0
1785735198.606,-3.435,-2.266,3.584,0.9974,0,3.090,0.266,2.639,0.2717,10.356,-0.477,-0.694,1.000,-2.639,-6.525,-0.0000,-0.0000,-0.009,-0.009,-1.200,0.941,2.196,-2.000,0.0070,-0.254,nan,0.00,1,1,1,1,1,0.0000,0.828,0,0.216,3,0.684,2,0,anduril,,anduril,0,0,0,0.000,0,-1,0
1785735198.656,-3.862,-2.236,3.229,0.9970,0,2.405,0.236,2.639,0.2719,10.356,-0.477,-0.694,1.000,-2.639,-6.268,-0.0000,-0.0000,-0.040,-0.040,-1.221,0.963,2.194,-2.000,0.0070,-0.256,nan,0.00,1,1,1,1,1,0.0000,0.822,0,0.212,3,0.702,0,0,anduril,,anduril,0,0,0,0.000,0,-1,0
1785735198.695,-4.067,-2.228,3.015,0.9967,0,3.452,0.228,3.197,0.2719,10.328,-0.577,-0.539,1.000,-3.197,-7.519,-0.0000,-0.0000,-0.057,-0.057,-1.229,0.974,2.200,-2.000,0.0071,-0.095,nan,0.00,1,1,1,1,1,0.0000,0.822,0,0.212,3,0.702,3,1,yolo,264.3,yolo,0,0,0,0.000,0,-1,0
1785735198.718,-4.067,-2.228,3.015,0.9967,0,3.452,0.228,3.197,0.2720,10.328,-0.577,-0.539,1.000,-3.197,-7.519,-0.0000,-0.0000,-0.057,-0.057,-1.229,0.974,2.200,-2.000,0.0071,-0.095,nan,0.00,1,1,1,1,1,0.0000,0.696,0,0.205,2,0.702,0,0,yolo,264.3,yolo,0,0,0,0.000,0,-1,0
1785735198.768,-4.706,-2.223,2.460,0.9959,0,2.489,0.223,3.197,0.2722,10.328,-0.577,-0.539,1.000,-3.197,-7.195,-0.0000,-0.0000,-0.096,-0.096,-1.238,0.998,2.200,-2.000,0.0071,-0.089,nan,0.00,1,1,1,1,1,0.0000,0.696,0,0.205,2,0.702,0,0,yolo,264.3,yolo,0,0,0,0.000,0,-1,0
1785735198.805,-4.930,-2.223,2.182,0.9956,0,0.989,0.223,2.299,0.2689,10.009,-0.402,-0.312,1.000,-2.299,-4.715,-0.0000,-0.0000,-0.121,-0.121,-1.236,1.010,2.200,-2.000,0.0071,0.113,nan,0.00,1,1,1,1,1,0.0000,0.696,0,0.205,2,0.702,4,1,anduril,,anduril,0,0,0,0.000,0,-1,0
1785735198.845,-5.014,-2.218,1.971,0.9954,0,-0.511,0.218,2.299,0.2689,10.009,-0.402,-0.312,1.000,-2.299,-4.469,-0.0000,-0.0000,-0.149,-0.149,-1.232,1.022,2.200,-2.000,0.0070,0.112,nan,0.00,1,1,1,1,1,0.0000,0.218,0,0.169,0,0.710,0,0,anduril,,anduril,0,0,0,0.000,0,-1,0
1785735198.877,-4.970,-2.212,1.806,0.9955,0,-0.450,0.212,2.442,0.2659,9.705,-0.414,-0.199,1.000,-2.442,-4.520,-0.0000,-0.0000,-0.179,-0.179,-1.228,1.033,2.200,-2.000,0.0070,0.212,nan,0.00,1,1,1,1,1,0.0000,0.437,0,0.172,0,0.743,0,0,anduril,,anduril,0,0,0,0.000,0,-1,0
1785735198.949,-4.931,-2.208,1.625,0.9956,0,-0.602,0.208,2.490,0.2626,9.369,-0.407,-0.078,1.000,-2.490,-4.328,-0.0000,-0.0000,-0.207,-0.207,-1.223,1.044,2.131,-2.000,0.0070,0.319,nan,0.00,1,1,1,1,1,0.0000,0.437,0,0.172,0,0.743,2,0,anduril,,anduril,0,0,0,0.000,0,-1,0
1785735198.987,-4.899,-2.206,1.430,0.9956,0,-0.813,0.206,2.490,0.2626,9.369,-0.407,-0.078,1.000,-2.490,-4.085,-0.0000,-0.0000,-0.234,-0.234,-1.215,1.054,2.132,-2.000,0.0070,0.318,nan,0.00,1,1,1,1,1,0.0000,0.418,0,0.147,1,0.764,0,1,yolo,288.3,yolo,0,0,0,0.000,0,-1,0
1785735199.027,-4.767,-2.200,1.008,0.9958,0,-1.727,0.200,2.291,0.2597,9.316,-0.373,0.022,1.000,-2.291,-3.039,-0.0000,-0.0000,-0.292,-0.292,-1.183,1.078,2.040,-2.000,0.0069,0.410,nan,0.00,1,1,1,1,1,0.0000,0.418,0,0.147,1,0.764,2,1,anduril,,anduril,0,0,0,0.000,0,-1,0
1785735199.082,-4.616,-2.197,0.821,0.9960,0,-1.836,0.197,2.291,0.2597,9.316,-0.373,0.022,1.000,-2.291,-2.780,-0.0000,-0.0000,-0.320,-0.320,-1.162,1.089,2.041,-2.000,0.0069,0.409,nan,0.00,1,1,1,1,1,0.0000,0.312,0,0.145,0,0.774,0,0,anduril,,anduril,0,0,0,0.000,0,-1,0
1785735199.123,-4.460,-2.193,0.651,0.9962,0,-2.368,0.193,2.158,0.2576,8.995,-0.339,0.103,1.000,-2.158,-2.092,-0.0000,-0.0000,-0.346,-0.346,-1.141,1.099,1.977,-2.000,0.0068,0.473,nan,0.00,1,1,1,1,1,0.0000,0.311,0,0.144,0,0.784,0,0,anduril,,anduril,0,0,0,0.000,0,-1,0
1785735199.176,-4.106,-2.185,0.303,0.9967,0,-2.495,0.185,2.158,0.2576,8.995,-0.339,0.103,1.000,-2.158,-1.611,-0.0000,-0.0000,-0.396,-0.396,-1.093,1.120,1.981,-2.000,0.0068,0.469,nan,0.00,1,1,1,1,1,0.0000,0.311,0,0.144,0,0.784,0,0,anduril,,anduril,0,0,0,0.000,0,-1,0
1785735199.222,-3.896,-2.180,0.142,0.9970,0,-3.421,0.180,1.852,0.2551,8.673,-0.280,0.200,1.000,-1.852,-0.474,-0.0000,-0.0000,-0.420,-0.420,-1.068,1.130,1.901,-2.000,0.0067,0.549,nan,0.00,1,1,1,1,1,0.0000,0.415,0,0.144,1,0.809,0,0,anduril,,anduril,0,0,0,0.000,0,-1,0
1785735199.310,-3.089,-2.159,-0.291,0.9978,0,-4.921,0.159,1.372,0.2384,8.346,-0.200,0.299,1.000,-1.372,2.986,-0.6998,-0.7465,-0.484,-0.283,-0.986,1.161,1.827,-2.000,0.0067,0.623,nan,0.00,1,1,1,1,1,0.0000,0.415,0,0.144,1,0.809,3,0,anduril,,anduril,0,0,0,0.000,0,-1,0
1785735199.366,-2.695,-2.152,-0.408,0.9982,0,-5.554,0.152,1.372,0.2542,8.346,-0.200,0.299,1.000,-1.372,2.859,-0.2205,0.0387,-0.504,-0.504,-0.947,1.170,1.829,-2.000,0.0066,0.621,nan,0.00,1,1,1,0,1,0.0000,0.428,0,0.160,1,0.814,0,0,anduril,,anduril,0,0,0,0.000,0,-1,0
1785735199.403,-2.260,-2.142,-0.507,0.9985,0,-7.054,0.142,0.833,0.2375,8.285,-0.120,0.333,1.000,-0.833,8.117,-1.1687,-0.3903,-0.522,-0.420,-0.895,1.180,1.803,-2.000,0.0065,0.647,nan,0.00,1,1,1,1,1,0.0000,0.433,0,0.166,1,0.775,0,0,anduril,,anduril,0,0,0,0.000,0,-1,0
1785735199.450,-1.711,-2.131,-0.611,0.9989,0,-8.554,0.131,0.256,0.2341,8.231,-0.037,0.364,1.000,-0.256,10.943,-1.2443,-0.3658,-0.538,-0.514,-0.837,1.190,1.779,-2.000,0.0065,0.671,nan,0.00,1,1,1,1,1,0.0000,0.433,0,0.166,1,0.775,2,0,anduril,,anduril,0,0,0,0.000,0,-1,0
1785735199.499,-1.071,-2.120,-0.678,0.9991,0,-7.054,0.120,0.256,0.2508,8.231,-0.037,0.364,1.000,-0.256,5.315,-0.0385,0.0634,-0.552,-0.552,-0.774,1.199,1.781,-2.000,0.0064,0.669,nan,0.00,1,1,1,0,1,0.0000,0.324,0,0.165,0,0.730,0,0,anduril,,anduril,0,0,0,0.000,0,-1,0
1785735199.546,0.445,-2.096,-0.713,0.9993,0,-8.554,0.096,-0.346,0.2393,8.166,0.049,0.394,1.000,0.346,11.238,-0.8577,-0.2326,-0.566,-0.579,-0.621,1.218,1.757,-2.000,0.0063,0.693,nan,0.00,1,1,1,1,1,0.0000,0.324,0,0.165,0,0.730,3,0,anduril,,anduril,0,0,0,0.000,0,-1,0
1785735199.583,1.265,-2.087,-0.697,0.9991,0,-7.054,0.087,-0.346,0.2525,8.166,0.049,0.394,1.000,0.346,6.721,0.0148,0.0623,-0.564,-0.564,-0.558,1.227,1.758,-2.000,0.0063,0.692,nan,0.00,1,1,1,0,1,0.0000,0.313,0,0.147,0,0.668,0,0,anduril,,anduril,0,0,0,0.000,0,-1,0
1785735199.623,1.924,-2.080,-0.657,0.9988,0,-8.554,0.080,-0.976,0.2366,8.074,0.138,0.414,1.000,0.976,14.000,-1.3320,-0.2786,-0.556,-0.674,-0.499,1.235,1.739,-2.000,0.0062,0.711,nan,0.00,1,1,1,1,1,0.0000,0.313,0,0.147,0,0.668,2,0,anduril,,anduril,0,0,0,0.000,0,-1,0
1785735199.667,2.704,-2.076,-0.588,0.9982,0,-7.054,0.076,-0.976,0.2518,8.074,0.138,0.414,1.000,0.976,7.568,0.1305,0.0565,-0.544,-0.544,-0.443,1.243,1.738,-2.000,0.0061,0.712,nan,0.00,1,1,1,0,1,0.0000,0.317,0,0.153,0,0.653,0,0,anduril,,anduril,0,0,0,0.000,0,-1,0
1785735199.732,3.340,-2.073,-0.499,0.9976,0,-5.554,-0.427,-0.976,0.2539,8.074,0.138,0.414,1.000,0.976,7.305,0.1474,0.1025,-0.527,-0.527,-0.397,1.250,1.737,-2.500,0.0061,0.713,nan,0.00,1,1,1,0,1,0.0000,0.317,0,0.153,0,0.653,0,0,anduril,,anduril,0,0,0,0.000,0,-1,0
1785735199.772,4.523,-2.115,-0.340,0.9962,0,-4.054,-0.385,-0.976,0.2579,8.074,0.138,0.414,1.000,0.976,6.517,0.1979,0.1898,-0.476,-0.476,-0.309,1.265,1.729,-2.500,0.0060,0.721,nan,0.00,1,1,1,0,1,0.0000,0.317,0,0.153,0,0.653,0,0,anduril,,anduril,0,0,0,0.000,0,-1,0
1785735199.813,4.903,-2.157,-0.262,0.9956,0,-5.554,-0.343,-1.697,0.2452,7.922,0.235,0.421,1.000,1.697,12.755,-0.4978,-0.0825,-0.446,-0.557,-0.272,1.272,1.713,-2.500,0.0059,0.737,nan,0.00,1,1,1,1,1,0.0000,0.346,0,0.201,0,0.630,0,0,anduril,,anduril,0,0,0,0.000,0,-1,0
1785735199.893,6.017,-2.249,0.032,0.9937,0,-7.054,-0.251,-2.383,0.2361,7.757,0.323,0.420,1.000,2.383,14.000,-1.3931,-0.2785,-0.373,-0.597,-0.194,1.289,1.694,-2.500,0.0058,0.756,nan,0.00,1,1,1,1,1,0.0000,0.346,0,0.201,0,0.630,2,0,anduril,,anduril,0,0,0,0.000,0,-1,0
1785735199.960,6.762,-2.299,0.242,0.9922,0,-5.554,-0.201,-2.383,0.2512,7.757,0.323,0.420,1.000,2.383,8.234,0.2689,0.0551,-0.328,-0.328,-0.139,1.298,1.684,-2.500,0.0058,0.766,nan,0.00,1,1,1,0,1,0.0000,0.350,0,0.208,0,0.627,0,0,anduril,,anduril,0,0,0,0.000,0,-1,0
1785735199.990,7.484,-2.352,0.469,0.9906,0,-4.054,-0.148,-2.383,0.2542,7.757,0.323,0.420,1.000,2.383,7.439,0.3185,0.1209,-0.278,-0.278,-0.074,1.307,1.673,-2.500,0.0057,0.777,nan,0.00,1,1,1,0,1,0.0000,0.350,0,0.208,0,0.627,0,0,anduril,,anduril,0,0,0,0.000,0,-1,0
1785735200.022,7.863,-2.393,0.669,0.9897,0,-5.554,-0.107,-2.993,0.2486,7.559,0.395,0.412,1.000,2.993,14.000,-0.6036,-0.0060,-0.228,-0.456,-0.009,1.316,1.673,-2.500,0.0056,0.777,nan,0.00,1,1,1,1,1,0.0000,0.481,0,0.226,0,0.803,0,0,anduril,,anduril,0,0,0,0.000,0,-1,0
1785735200.093,8.886,-2.482,1.127,0.9871,0,-5.114,0.102,-3.465,0.2460,7.359,0.446,0.400,1.000,3.465,14.000,-0.9093,-0.0711,-0.125,-0.388,0.104,1.335,1.668,-2.380,0.0055,0.782,nan,0.00,1,1,1,1,1,0.0000,0.481,0,0.226,0,0.803,2,0,anduril,,anduril,0,0,0,0.000,0,-1,0
1785735200.147,9.346,-2.518,1.401,0.9858,0,-3.614,0.150,-3.465,0.2511,7.359,0.446,0.400,1.000,3.465,7.878,0.3184,0.0386,-0.070,-0.070,0.143,1.344,1.660,-2.368,0.0054,0.790,nan,0.00,1,1,1,0,1,0.0000,0.478,0,0.223,0,0.812,0,0,anduril,,anduril,0,0,0,0.000,0,-1,0
1785735200.179,9.826,-2.559,1.700,0.9843,0,-4.174,0.181,-3.812,0.2564,7.159,0.477,0.385,1.000,3.812,14.000,-0.6520,0.1434,-0.008,-0.275,0.185,1.355,1.670,-2.378,0.0054,0.780,nan,0.00,1,1,1,1,1,0.0000,0.478,0,0.222,0,0.814,0,0,anduril,,anduril,0,0,0,0.000,0,-1,0
1785735200.241,10.614,-2.643,2.349,0.9818,0,-2.674,0.483,-3.812,0.2536,7.159,0.477,0.385,1.000,3.812,6.108,0.3955,0.0793,0.121,0.121,0.264,1.378,1.654,-2.160,0.0053,0.796,nan,0.00,1,1,1,0,1,0.0000,0.478,0,0.222,0,0.814,0,0,anduril,,anduril,0,0,0,0.000,0,-1,0
1785735200.282,10.614,-2.643,2.349,0.9818,0,-1.327,0.263,-3.966,0.2591,6.954,0.482,0.369,1.000,3.966,11.941,-0.1397,0.1849,0.121,-0.108,0.264,1.378,1.678,-2.381,0.0052,0.772,nan,0.00,1,1,1,1,1,0.0000,0.478,0,0.222,0,0.814,4,0,anduril,,anduril,0,0,0,0.000,0,-1,0
1785735200.318,10.974,-2.697,2.983,0.9806,0,0.173,0.534,-3.966,0.2535,6.954,0.482,0.369,1.000,3.966,5.066,0.3568,0.0648,0.249,0.249,0.329,1.401,1.669,-2.163,0.0051,0.781,nan,0.00,1,1,1,0,1,0.0000,0.347,0,0.203,0,0.799,0,0,anduril,,anduril,0,0,0,0.000,0,-1,0
1785735200.377,10.969,-2.714,3.290,0.9806,0,1.673,0.481,-3.948,0.2700,6.753,0.466,0.352,1.000,3.948,8.440,0.0311,0.4079,0.307,0.101,0.353,1.412,1.697,-2.233,0.0051,0.753,nan,0.00,1,1,1,1,1,0.0000,0.487,0,0.234,0,0.699,0,0,anduril,,anduril,0,0,0,0.000,0,-1,0
1785735200.461,10.902,-2.743,3.933,0.9808,0,3.173,0.701,-3.948,0.2534,6.753,0.466,0.352,1.000,3.948,2.791,0.3280,0.0508,0.429,0.429,0.404,1.437,1.694,-2.042,0.0050,0.756,nan,0.00,1,1,1,0,1,0.0000,0.487,0,0.234,0,0.699,0,0,anduril,,anduril,0,0,0,0.000,0,-1,0
1785735200.500,10.454,-2.758,4.601,0.9823,0,4.673,0.795,-3.660,0.2625,6.546,0.419,0.333,1.000,3.660,4.056,0.1974,0.2323,0.547,0.314,0.441,1.463,1.732,-1.963,0.0049,0.718,nan,0.00,1,1,1,1,1,0.0000,0.487,0,0.234,0,0.699,5,0,anduril,,anduril,0,0,0,0.000,0,-1,0
1785735200.556,10.044,-2.743,4.904,0.9835,0,6.173,0.724,-3.660,0.2523,6.546,0.419,0.333,1.000,3.660,-0.124,0.2851,0.0150,0.599,0.599,0.456,1.476,1.737,-2.018,0.0048,0.713,nan,0.00,1,1,1,0,1,0.0000,0.358,0,0.222,0,0.684,0,0,anduril,,anduril,0,0,0,0.000,0,-1,0
1785735200.601,9.199,-2.711,5.429,0.9860,0,7.673,0.782,-3.660,0.2531,6.546,0.419,0.333,1.000,3.660,-1.667,0.3702,0.0436,0.684,0.684,0.485,1.499,1.746,-1.929,0.0048,0.704,nan,0.00,1,1,1,0,1,0.0000,0.358,0,0.222,0,0.684,0,0,anduril,,anduril,0,0,0,0.000,0,-1,0
1785735200.635,8.611,-2.692,5.691,0.9876,0,9.173,0.689,-3.660,0.2539,6.546,0.419,0.333,1.000,3.660,-2.309,0.4056,0.0673,0.719,0.719,0.509,1.510,1.751,-2.003,0.0047,0.699,nan,0.00,1,1,1,0,1,0.0000,0.358,0,0.222,0,0.684,0,0,anduril,,anduril,0,0,0,0.000,0,-1,0
1785735200.678,7.878,-2.674,5.960,0.9895,0,8.293,0.523,-2.936,0.2649,6.341,0.325,0.313,1.000,2.936,-0.415,0.4808,0.2896,0.751,0.395,0.532,1.521,1.800,-2.151,0.0046,0.650,nan,0.00,1,1,1,1,1,0.0000,0.599,0,0.224,1,0.622,0,0,anduril,,anduril,0,0,0,0.000,0,-1,0
1785735200.726,7.132,-2.662,6.218,0.9912,0,9.793,0.501,-2.936,0.2526,6.341,0.325,0.313,1.000,2.936,-5.186,0.3867,0.0256,0.782,0.782,0.558,1.534,1.805,-2.161,0.0046,0.645,nan,0.00,1,1,1,0,1,0.0000,0.599,0,0.224,1,0.622,0,0,anduril,,anduril,0,0,0,0.000,0,-1,0
1785735200.757,6.452,-2.643,6.425,0.9926,0,11.293,0.370,-2.014,0.2693,6.161,0.217,0.298,1.000,2.014,-10.581,1.4868,0.6137,0.807,0.587,0.580,1.545,1.846,-2.273,0.0045,0.604,nan,0.00,1,1,1,1,1,0.0000,0.467,0,0.209,0,0.647,0,0,anduril,,anduril,0,0,0,0.000,0,-1,0
1785735200.820,4.550,-2.606,6.838,0.9958,0,12.793,0.394,-0.966,0.2786,6.016,0.101,0.286,1.000,0.966,-14.000,1.6519,0.5775,0.838,0.738,0.617,1.567,1.884,-2.211,0.0045,0.566,nan,0.00,1,1,1,1,1,0.0000,0.476,0,0.220,0,0.608,0,0,anduril,,anduril,0,0,0,0.000,0,-1,0
1785735200.853,3.291,-2.575,6.924,0.9973,0,13.419,0.310,-0.966,0.2620,6.016,0.101,0.286,1.000,0.966,-10.128,0.1045,0.0046,0.842,0.842,0.621,1.577,1.889,-2.265,0.0044,0.561,nan,0.00,1,1,1,0,1,0.0000,0.476,0,0.220,0,0.608,0,0,anduril,,anduril,0,0,0,0.000,0,-1,0
1785735200.884,2.166,-2.548,6.970,0.9983,0,12.239,0.225,-0.966,0.2524,6.016,0.101,0.286,1.000,0.966,-10.074,0.1017,0.0069,0.840,0.840,0.623,1.585,1.894,-2.323,0.0043,0.556,nan,0.00,1,1,1,0,1,0.0000,0.476,0,0.220,0,0.608,0,0,anduril,,anduril,0,0,0,0.000,0,-1,0
1785735200.964,0.184,-2.513,7.115,0.9990,0,10.739,0.252,-0.966,0.2535,6.016,0.101,0.286,1.000,0.966,-9.618,0.0780,0.0325,0.816,0.816,0.649,1.602,1.901,-2.260,0.0043,0.549,nan,0.00,1,1,1,0,1,0.0000,0.476,0,0.220,0,0.608,0,0,anduril,,anduril,0,0,0,0.000,0,-1,0
1785735201.033,-0.799,-2.488,7.195,0.9990,0,9.239,0.186,-0.966,0.2547,6.016,0.101,0.286,1.000,0.966,-9.191,0.0557,0.0573,0.794,0.794,0.674,1.610,1.905,-2.302,0.0042,0.545,nan,0.00,1,1,1,0,1,0.0000,0.476,0,0.220,0,0.608,0,0,anduril,,anduril,0,0,0,0.000,0,-1,0
1785735201.084,-1.889,-2.460,7.279,0.9985,0,7.739,0.136,-0.966,0.2523,6.016,0.101,0.286,1.000,0.966,-8.448,-0.0000,-0.0000,0.761,0.761,0.712,1.619,1.910,-2.324,0.0042,0.540,nan,0.00,1,1,1,1,1,0.0000,0.476,0,0.220,0,0.608,0,1,yolo,246.6,yolo,0,0,0,0.000,0,-1,0
1785735201.134,-3.577,-2.419,7.447,0.9972,0,6.239,0.186,-0.966,0.2529,6.016,0.101,0.286,1.000,0.966,-7.324,-0.0000,-0.0000,0.682,0.682,0.793,1.637,1.918,-2.233,0.0041,0.532,nan,0.00,1,1,1,1,1,0.0000,0.476,0,0.220,0,0.608,0,0,yolo,246.6,yolo,0,0,0,0.000,0,-1,0
1785735201.176,-4.194,-2.395,7.528,0.9965,0,4.739,0.117,-0.966,0.2690,6.016,0.101,0.286,1.000,0.966,-6.708,-0.0000,-0.0000,0.639,0.639,0.825,1.645,1.922,-2.278,0.0041,0.528,nan,0.00,1,1,1,1,1,0.0000,0.476,0,0.220,0,0.608,0,0,yolo,246.6,yolo,0,0,0,0.000,0,-1,0
1785735201.212,-4.852,-2.368,7.613,0.9956,0,3.239,0.062,-0.966,0.2692,6.016,0.101,0.286,1.000,0.966,-5.991,-0.0000,-0.0000,0.589,0.589,0.856,1.653,1.926,-2.306,0.0040,0.524,nan,0.00,1,1,1,1,1,0.0000,0.476,0,0.220,0,0.608,0,0,yolo,246.6,yolo,0,0,0,0.000,0,-1,0
1785735201.260,-5.199,-2.354,7.701,0.9950,0,2.197,1.199,-0.131,0.2693,5.947,0.014,0.747,0.991,0.131,-7.396,-0.0000,-0.0000,0.539,0.539,0.882,1.661,1.464,-1.155,0.0039,0.986,nan,0.00,1,1,1,1,1,0.0000,0.230,0,0.199,0,0.813,0,1,anduril,,anduril,0,0,0,0.000,0,-1,0
1785735201.308,-5.532,-2.339,7.789,0.9945,0,1.136,1.179,-0.131,0.2693,5.947,0.014,0.747,0.991,0.131,-6.668,-0.0000,-0.0000,0.489,0.489,0.903,1.669,1.466,-1.160,0.0038,0.984,nan,0.00,1,1,1,1,1,0.0000,0.230,0,0.199,0,0.813,0,0,anduril,,anduril,0,0,0,0.000,0,-1,0
1785735201.371,-5.899,-2.112,7.764,0.9940,0,-0.364,0.882,-0.131,0.2693,5.947,0.014,0.747,0.991,0.131,-5.412,-0.0000,-0.0000,0.401,0.401,0.907,1.676,1.490,-1.230,0.0037,0.960,nan,0.00,1,1,1,1,1,0.0000,0.230,0,0.199,0,0.813,0,0,anduril,,anduril,0,0,0,0.000,0,-1,0
1785735201.416,-5.903,-2.022,7.771,0.9941,0,-1.109,0.717,-0.131,0.2692,5.947,0.014,0.747,0.991,0.131,-4.795,-0.0000,-0.0000,0.357,0.357,0.903,1.679,1.499,-1.305,0.0036,0.951,nan,0.00,1,1,1,1,1,0.0000,0.230,0,0.199,0,0.813,0,0,anduril,,anduril,0,0,0,0.000,0,-1,0
1785735201.461,-5.817,-1.950,7.777,0.9943,0,0.391,-0.528,1.369,0.2691,4.886,-0.601,0.183,0.814,-7.017,-14.000,-0.0000,-0.0000,0.316,0.316,0.896,1.681,1.952,-2.478,0.0036,0.409,nan,0.00,1,1,1,1,1,0.0000,0.284,0,0.193,1,0.678,0,0,anduril,,anduril,0,0,0,0.000,0,-1,0
1785735201.509,-5.892,-2.022,7.677,0.9941,0,1.891,-0.439,2.869,0.2691,4.886,-0.601,0.183,0.814,-7.017,-14.000,-0.0000,-0.0000,0.275,0.275,0.888,1.686,1.946,-2.462,0.0035,0.416,nan,0.00,1,1,1,1,1,0.0000,0.284,0,0.193,1,0.678,0,0,anduril,,anduril,0,0,0,0.000,0,-1,0
1785735201.559,-5.942,-2.083,7.535,0.9940,0,3.391,-0.138,4.369,0.2858,4.607,-0.756,0.030,0.768,-9.317,-14.000,2.7742,2.0000,0.239,0.621,0.881,1.690,1.850,-2.221,0.0035,0.275,nan,0.00,1,1,1,1,1,0.0000,0.571,0,0.196,1,0.667,0,0,anduril,,anduril,0,0,0,0.000,0,-1,0
1785735201.617,-6.522,-2.206,6.859,0.9928,0,4.891,0.085,5.869,0.2694,4.607,-0.756,0.030,0.768,-9.317,-14.000,-0.4644,-0.0207,0.157,0.157,0.860,1.699,1.839,-2.121,0.0035,0.292,nan,0.00,1,1,1,0,1,0.0000,0.571,0,0.196,1,0.667,0,0,anduril,,anduril,0,0,0,0.000,0,-1,0
1785735201.670,-7.002,-2.261,6.314,0.9918,0,6.391,0.148,7.369,0.2697,4.607,-0.756,0.030,0.768,-9.317,-14.000,-0.5059,-0.0321,0.115,0.115,0.849,1.704,1.831,-2.113,0.0035,0.303,nan,0.00,1,1,1,0,1,0.0000,0.571,0,0.196,1,0.667,0,0,anduril,,anduril,0,0,0,0.000,0,-1,0
1785735201.726,-7.611,-2.332,5.655,0.9904,0,6.389,0.409,8.869,0.2702,4.394,-0.797,-0.018,0.732,-10.281,-14.000,0.3697,0.1812,0.072,0.382,0.840,1.709,1.756,-1.922,0.0034,0.267,nan,0.00,1,1,1,1,1,0.0000,0.571,0,0.196,1,0.667,6,0,anduril,,anduril,0,0,0,0.000,0,-1,0
1785735201.762,-8.199,-2.410,4.982,0.9889,0,5.801,0.523,10.281,0.2704,4.394,-0.797,-0.018,0.732,-10.281,-14.000,-0.3565,-0.0062,0.026,0.026,0.834,1.714,1.748,-1.887,0.0034,0.281,nan,0.00,1,1,1,0,1,0.0000,0.575,0,0.200,1,0.660,0,0,anduril,,anduril,0,0,0,0.000,0,-1,0
1785735201.821,-8.861,-2.496,4.105,0.9871,0,5.139,0.819,11.129,0.2830,4.168,-0.820,-0.070,0.695,-11.129,-14.000,0.6168,0.4246,-0.029,0.235,0.828,1.721,1.677,-1.677,0.0034,0.238,nan,0.00,1,1,1,1,1,0.0000,0.575,0,0.200,1,0.660,3,0,anduril,,anduril,0,0,0,0.000,0,-1,0
1785735201.855,-9.908,-2.701,2.010,0.9840,0,4.092,1.210,11.129,0.2717,4.168,-0.820,-0.070,0.695,-11.129,-14.000,-0.3641,-0.0054,-0.129,-0.129,0.823,1.738,1.669,-1.491,0.0034,0.268,nan,0.00,1,1,1,0,1,0.0000,0.577,0,0.202,1,0.679,0,0,anduril,,anduril,0,0,0,0.000,0,-1,0
1785735201.915,-10.281,-2.763,0.935,0.9828,0,3.719,1.426,11.636,0.2884,3.942,-0.812,-0.123,0.657,-11.636,-14.000,0.5234,0.8157,-0.180,0.039,0.814,1.748,1.618,-1.336,0.0033,0.214,nan,0.00,1,1,1,1,1,0.0000,0.350,0,0.208,2,0.825,0,0,anduril,,anduril,0,0,0,0.000,0,-1,0
1785735201.986,-10.621,-2.816,-0.160,0.9817,0,3.379,1.587,11.713,0.2938,3.731,-0.774,-0.172,0.622,-11.713,-14.000,0.0503,0.5732,-0.232,-0.097,0.798,1.758,1.591,-1.230,0.0033,0.157,nan,0.00,1,1,1,1,1,0.0000,0.350,0,0.208,2,0.825,3,0,anduril,,anduril,0,0,0,0.000,0,-1,0
1785735202.028,-10.954,-2.880,-1.248,0.9805,0,2.765,1.700,11.713,0.2771,3.731,-0.774,-0.172,0.622,-11.713,-13.718,-0.1858,-0.0237,-0.283,-0.283,0.775,1.770,1.591,-1.180,0.0033,0.165,nan,0.00,1,1,1,0,1,0.0000,0.461,0,0.201,0,0.844,0,0,anduril,,anduril,0,0,0,0.000,0,-1,0
1785735202.104,-11.516,-2.984,-3.606,0.9785,0,1.265,2.073,11.713,0.2634,3.731,-0.774,-0.172,0.622,-11.713,-11.775,-0.2994,-0.0924,-0.396,-0.396,0.706,1.799,1.591,-0.911,0.0033,0.180,nan,0.00,1,1,1,0,1,0.0000,0.461,0,0.201,0,0.844,0,0,anduril,,anduril,0,0,0,0.000,0,-1,0
1785735202.150,-11.587,-2.995,-4.757,0.9783,0,-0.235,2.116,11.713,0.2626,3.731,-0.774,-0.172,0.622,-11.713,-10.864,-0.3525,-0.1100,-0.449,-0.449,0.688,1.814,1.591,-0.879,0.0033,0.182,nan,0.00,1,1,1,0,1,0.0000,0.461,0,0.201,0,0.844,0,0,anduril,,anduril,0,0,0,0.000,0,-1,0
1785735202.206,-11.589,-3.020,-6.995,0.9783,0,-1.735,2.408,11.713,0.2631,3.731,-0.774,-0.172,0.622,-11.713,-9.138,-0.4528,-0.0962,-0.550,-0.550,0.702,1.847,1.591,-0.613,0.0032,0.183,nan,0.00,1,1,1,0,1,0.0000,0.461,0,0.201,0,0.844,0,0,anduril,,anduril,0,0,0,0.000,0,-1,0
1785735202.259,-11.361,-2.996,-8.105,0.9791,0,-2.988,2.382,11.713,0.2644,3.731,-0.774,-0.172,0.622,-11.713,-8.373,-0.4972,-0.0677,-0.594,-0.594,0.731,1.864,1.591,-0.613,0.0032,0.179,nan,0.00,1,1,1,0,1,0.0000,0.461,0,0.201,0,0.844,0,0,anduril,,anduril,0,0,0,0.000,0,-1,0
1785735202.291,-11.020,-2.970,-9.192,0.9802,0,-3.320,2.370,11.713,0.2656,3.731,-0.774,-0.172,0.622,-11.713,-7.700,-0.5361,-0.0378,-0.633,-0.633,0.761,1.880,1.591,-0.601,0.0032,0.172,nan,0.00,1,1,1,0,1,0.0000,0.461,0,0.201,0,0.844,0,0,anduril,,anduril,0,0,0,0.000,0,-1,0
1785735202.339,-10.631,-2.937,-10.341,0.9815,0,-3.572,2.373,11.713,0.2664,3.731,-0.774,-0.172,0.622,-11.713,-7.058,-0.5733,-0.0173,-0.670,-0.670,0.781,1.898,1.591,-0.565,0.0032,0.165,nan,0.00,1,1,1,0,1,0.0000,0.461,0,0.201,0,0.844,0,0,anduril,,anduril,0,0,0,0.000,0,-1,0
1785735202.399,-10.631,-2.937,-10.341,0.9815,0,-3.572,2.173,11.713,0.2664,3.731,-0.774,-0.172,0.622,-11.713,-7.058,-0.5733,-0.0173,-0.670,-0.670,0.781,1.898,1.591,-0.765,0.0032,0.165,nan,0.00,1,1,1,0,1,0.0000,0.461,0,0.201,0,0.844,0,0,anduril,,anduril,0,0,0,0.000,0,-1,0
1785735202.442,-9.807,-2.865,-12.603,0.9842,0,-3.804,2.439,11.713,0.2669,3.731,-0.774,-0.172,0.622,-11.713,-6.003,-0.6342,-0.0013,-0.731,-0.731,0.797,1.934,1.591,-0.427,0.0032,0.149,nan,0.00,1,1,1,0,1,0.0000,0.314,0,0.148,3,0.798,0,0,anduril,,anduril,0,0,0,0.000,0,-1,0
1785735202.493,-9.356,-2.795,-13.762,0.9855,0,-3.783,2.393,11.713,0.2669,3.731,-0.774,-0.172,0.622,-11.713,-5.573,-0.6591,-0.0005,-0.756,-0.756,0.798,1.952,1.591,-0.401,0.0032,0.138,nan,0.00,1,1,1,0,1,0.0000,0.314,0,0.148,3,0.798,0,0,anduril,,anduril,0,0,0,0.000,0,-1,0
1785735202.540,-8.537,-2.651,-15.878,0.9879,0,-3.583,2.471,11.713,0.2667,3.731,-0.774,-0.172,0.622,-11.713,-4.954,-0.6948,-0.0040,-0.792,-0.792,0.794,1.985,1.591,-0.180,0.0031,0.117,nan,0.00,1,1,1,0,1,0.0000,0.314,0,0.148,3,0.798,0,0,anduril,,anduril,0,0,0,0.000,0,-1,0
1785735202.570,-8.537,-2.651,-15.878,0.9879,0,-3.583,2.221,11.713,0.2667,3.731,-0.774,-0.172,0.622,-11.713,-4.954,-0.6948,-0.0040,-0.792,-0.792,0.794,1.985,1.591,-0.431,0.0031,0.117,nan,0.00,1,1,1,0,1,0.0000,0.314,0,0.148,3,0.798,0,0,anduril,,anduril,0,0,0,0.000,0,-1,0
1785735202.637,-7.806,-2.502,-17.859,0.9898,0,-3.254,2.282,11.713,0.2664,3.731,-0.774,-0.172,0.622,-11.713,-4.551,-0.7180,-0.0106,-0.815,-0.815,0.788,2.014,1.591,-0.219,0.0031,0.097,nan,0.00,1,1,1,0,1,0.0000,0.314,0,0.148,3,0.798,0,0,anduril,,anduril,0,0,0,0.000,0,-1,0
1785735202.684,-7.455,-2.433,-18.803,0.9907,0,-3.034,2.176,11.713,0.2663,3.731,-0.774,-0.172,0.622,-11.713,-4.421,-0.7255,-0.0143,-0.822,-0.822,0.784,2.027,1.591,-0.256,0.0031,0.088,nan,0.00,1,1,1,0,1,0.0000,0.314,0,0.148,3,0.798,0,0,anduril,,anduril,0,0,0,0.000,0,-1,0
1785735202.730,-6.817,-2.270,-20.740,0.9922,0,-2.566,2.167,11.713,0.2661,3.731,-0.774,-0.172,0.622,-11.713,-4.251,-0.7353,-0.0219,-0.832,-0.832,0.776,2.054,1.591,-0.103,0.0031,0.069,nan,0.00,1,1,1,0,1,0.0000,0.314,0,0.148,3,0.798,0,0,anduril,,anduril,0,0,0,0.000,0,-1,0
1785735202.791,-6.533,-2.182,-21.768,0.9928,0,-2.327,2.031,11.713,0.2661,3.731,-0.774,-0.172,0.622,-11.713,-4.206,-0.7379,-0.0257,-0.835,-0.835,0.773,2.067,1.591,-0.151,0.0031,0.059,nan,0.00,1,1,1,0,1,0.0000,0.314,0,0.148,3,0.798,0,0,anduril,,anduril,0,0,0,0.000,0,-1,0
1785735202.834,-6.047,-2.022,-23.586,0.9938,0,-1.840,1.962,11.713,0.2660,3.731,-0.774,-0.172,0.622,-11.713,-4.207,-0.7378,-0.0323,-0.835,-0.835,0.766,2.088,1.591,-0.060,0.0031,0.042,nan,0.00,1,1,1,0,1,0.0000,0.314,0,0.148,3,0.798,0,0,anduril,,anduril,0,0,0,0.000,0,-1,0
1785735202.901,-5.872,-1.956,-24.407,0.9942,0,-1.645,1.811,11.713,0.2660,3.731,-0.774,-0.172,0.622,-11.713,-4.227,-0.7367,-0.0352,-0.833,-0.833,0.763,2.098,1.591,-0.145,0.0031,0.035,nan,0.00,1,1,1,0,1,0.0000,0.314,0,0.148,3,0.798,0,0,anduril,,anduril,0,0,0,0.000,0,-1,0
1785735202.934,-5.522,-1.817,-26.159,0.9949,0,-1.203,1.743,11.713,0.2659,3.731,-0.774,-0.172,0.622,-11.713,-4.319,-0.7314,-0.0415,-0.828,-0.828,0.757,2.116,1.591,-0.074,0.0031,0.021,nan,0.00,1,1,1,0,1,0.0000,0.314,0,0.148,3,0.798,16,0,anduril,,anduril,0,0,0,0.000,0,-1,0
1785735202.975,-5.389,-1.756,-27.039,0.9951,0,-1.008,1.616,11.713,0.2659,3.731,-0.774,-0.172,0.622,-11.713,-4.380,-0.7278,-0.0448,-0.825,-0.825,0.753,2.125,1.591,-0.140,0.0031,0.016,nan,0.00,1,1,1,0,1,0.0000,0.317,0,0.153,3,0.813,0,0,anduril,,anduril,0,0,0,0.000,0,-1,0
1785735203.016,-5.283,-1.705,-27.860,0.9953,0,-2.508,2.491,10.213,0.2826,2.252,0.732,-0.699,0.375,17.994,14.000,-0.0000,0.7504,-0.821,-0.821,0.750,2.133,1.200,0.785,0.0031,0.015,nan,0.00,1,1,0,1,1,0.0000,0.317,0,0.153,3,0.813,3,0,anduril,,anduril,0,0,0,0.000,0,-1,0
1785735203.052,-4.985,-1.531,-28.820,0.9959,0,-4.008,2.262,8.713,0.2992,2.252,0.732,-0.699,0.375,17.994,14.000,-0.0000,0.7414,-0.817,-0.817,0.741,2.139,1.200,0.731,0.0031,0.015,nan,0.00,1,1,0,1,1,0.0000,0.254,0,0.134,2,0.774,0,0,anduril,,anduril,0,0,0,0.000,0,-1,0
1785735203.087,-4.593,-1.383,-29.539,0.9965,0,-5.508,2.034,7.213,0.3002,2.252,0.732,-0.699,0.375,17.994,14.000,-0.0000,0.7228,-0.814,-0.814,0.723,2.142,1.200,0.652,0.0031,0.014,nan,0.00,1,1,0,1,1,0.0000,0.254,0,0.134,2,0.774,0,0,anduril,,anduril,0,0,0,0.000,0,-1,0
1785735203.152,-3.598,-1.103,-30.657,0.9978,0,-7.008,1.655,5.713,0.2965,2.252,0.732,-0.699,0.375,17.994,14.000,-0.0000,0.6475,-0.807,-0.807,0.648,2.141,1.200,0.552,0.0031,0.014,nan,0.00,1,1,0,1,1,0.0000,0.254,0,0.134,2,0.774,0,0,anduril,,anduril,0,0,0,0.000,0,-1,0
1785735203.185,-3.035,-0.993,-31.112,0.9984,0,-8.508,1.461,4.213,0.2939,2.252,0.732,-0.699,0.375,17.994,14.000,-0.0000,0.5940,-0.800,-0.800,0.594,2.139,1.200,0.467,0.0031,0.013,nan,0.00,1,1,0,1,1,0.0000,0.254,0,0.134,2,0.774,4,0,anduril,,anduril,0,0,0,0.000,0,-1,0
1785735203.255,-1.721,-0.791,-31.683,0.9995,0,-10.008,1.109,2.713,0.2883,2.252,0.732,-0.699,0.375,17.994,14.000,-0.0000,0.4771,-0.785,-0.785,0.477,2.131,1.200,0.318,0.0031,0.013,nan,0.00,1,1,0,1,1,0.0000,0.127,0,0.049,1,0.685,0,0,anduril,,anduril,0,0,0,0.000,0,-1,0
1785735203.349,-0.905,-0.701,-31.907,0.9998,0,-11.508,0.942,1.213,0.2856,2.252,0.732,-0.699,0.375,17.994,14.000,-0.0000,0.4192,-0.773,-0.773,0.419,2.125,1.200,0.241,0.0031,0.013,nan,0.00,1,1,0,1,0,0.0000,0.000,0,0.000,0,0.000,0,0,anduril,,anduril,0,0,0,0.000,0,-1,0
1785735203.412,1.444,-0.457,-32.369,0.9997,0,-12.556,0.451,-0.287,0.2800,2.252,0.732,-0.699,0.375,17.994,14.000,-0.0000,0.2930,-0.723,-0.723,0.293,2.105,1.200,-0.006,0.0031,0.012,nan,0.00,1,1,0,1,0,0.0000,0.000,0,0.000,0,0.000,2,0,anduril,,anduril,0,0,0,0.000,0,-1,0
1785735203.467,4.000,-0.271,-32.522,0.9976,0,-11.056,0.011,-1.787,0.2764,2.252,0.732,-0.699,0.375,17.994,14.000,-0.0000,0.2001,-0.651,-0.651,0.200,2.079,1.200,-0.261,0.0031,0.012,nan,0.00,1,1,0,1,0,0.0000,0.000,0,0.000,0,0.000,1,0,anduril,,anduril,0,0,0,0.000,0,-1,0
1785735203.531,5.068,-0.281,-32.401,0.9961,0,-9.556,-0.018,-3.287,0.2754,1.770,1.240,0.078,0.103,25.000,6.453,-0.0000,0.1693,-0.614,-0.614,0.169,2.066,1.200,-0.299,0.0031,0.011,nan,0.00,0,1,0,1,0,0.0000,0.000,0,0.000,0,0.000,2,1,hsv,,hsv,0,0,0,0.000,0,-1,0
1785735203.598,7.039,-0.340,-31.784,0.9924,0,-8.056,-0.238,-4.787,0.2748,1.770,1.240,0.078,0.103,25.000,6.453,-0.0000,0.1328,-0.525,-0.525,0.133,2.035,1.200,-0.578,0.0031,0.011,nan,0.00,0,1,0,1,0,0.0000,0.000,0,0.000,0,0.000,0,0,hsv,,hsv,0,0,0,0.000,0,-1,0
1785735203.643,7.808,-0.368,-31.548,0.9907,0,-6.556,-0.161,-6.287,0.2749,1.770,1.240,0.078,0.103,25.000,6.453,-0.0000,0.1234,-0.484,-0.484,0.123,2.023,1.200,-0.529,0.0031,0.011,nan,0.00,0,1,0,1,0,0.0000,0.000,0,0.000,0,0.000,0,0,hsv,,hsv,0,0,0,0.000,0,-1,0
1785735203.690,8.984,-0.504,-30.832,0.9877,0,-5.056,-0.149,-7.787,0.2747,1.770,1.240,0.078,0.103,25.000,6.453,-0.0000,0.1007,-0.403,-0.403,0.101,2.001,1.200,-0.653,0.0031,0.010,nan,0.00,0,1,0,1,0,0.0000,0.000,0,0.000,0,0.000,0,0,hsv,,hsv,0,0,0,0.000,0,-1,0
1785735203.737,9.852,-0.724,-29.621,0.9852,0,-3.556,-0.038,-9.287,0.2741,1.770,1.240,0.078,0.103,25.000,6.453,-0.0000,0.0719,-0.327,-0.327,0.072,1.978,1.200,-0.763,0.0031,0.010,nan,0.00,0,1,0,1,0,0.0000,0.000,0,0.000,0,0.000,0,0,hsv,,hsv,0,0,0,0.000,0,-1,0
1785735203.778,9.852,-0.724,-29.621,0.9852,0,-2.056,0.174,-10.787,0.2741,1.770,1.240,0.078,0.103,25.000,6.453,-0.0000,0.0719,-0.327,-0.327,0.072,1.978,1.200,-0.551,0.0031,0.010,nan,0.00,0,1,0,1,1,0.0000,0.341,0,0.052,2,0.363,0,0,hsv,,hsv,0,0,0,0.000,0,-1,0
1785735203.873,10.642,-1.167,-27.027,0.9826,0,-0.556,0.353,-12.000,0.2726,1.770,1.240,0.078,0.103,25.000,6.453,-0.0000,0.0235,-0.202,-0.202,0.023,1.947,1.200,-0.814,0.0031,0.010,nan,0.00,0,1,0,1,1,0.0000,0.341,0,0.052,2,0.363,3,0,hsv,,hsv,0,0,0,0.000,0,-1,0
1785735203.912,10.697,-1.307,-26.115,0.9824,0,0.944,0.606,-12.000,0.2721,1.770,1.240,0.078,0.103,25.000,6.453,-0.0000,0.0104,-0.167,-0.167,0.010,1.940,1.200,-0.701,0.0031,0.009,nan,0.00,0,1,0,1,1,0.0000,0.260,0,0.058,1,0.277,0,0,hsv,,hsv,0,0,0,0.000,0,-1,0
1785735203.964,10.620,-1.427,-25.207,0.9826,0,2.444,0.819,-12.000,0.2715,1.770,1.240,0.078,0.103,25.000,6.453,-0.0000,-0.0009,-0.137,-0.137,-0.001,1.935,1.200,-0.608,0.0031,0.009,nan,0.00,0,1,0,1,1,0.0000,0.260,0,0.058,1,0.277,0,0,hsv,,hsv,0,0,0,0.000,0,-1,0
1785735204.007,10.536,-1.546,-24.297,0.9828,0,3.944,1.015,-12.000,0.2710,1.770,1.240,0.078,0.103,25.000,6.453,-0.0000,-0.0112,-0.106,-0.106,-0.011,1.930,1.200,-0.531,0.0031,0.009,nan,0.00,0,1,0,1,1,0.0000,0.260,0,0.058,1,0.277,0,0,hsv,,hsv,0,0,0,0.000,0,-1,0
1785735204.078,9.693,-1.788,-21.656,0.9852,0,3.240,1.277,-12.000,0.2692,1.770,1.240,0.078,0.103,25.000,6.453,-0.0000,-0.0352,-0.025,-0.025,-0.035,1.924,1.200,-0.511,0.0031,0.008,nan,0.00,0,1,0,1,1,0.0000,0.260,0,0.058,1,0.277,7,0,hsv,,hsv,0,0,0,0.000,0,-1,0
1785735204.115,9.407,-1.838,-20.707,0.9860,0,2.954,1.414,-12.000,0.2687,1.770,1.240,0.078,0.103,25.000,6.453,-0.0000,-0.0422,0.000,0.000,-0.042,1.923,1.200,-0.424,0.0031,0.008,nan,0.00,0,1,0,1,1,0.0000,0.390,0,0.112,1,0.240,0,0,hsv,,hsv,0,0,0,0.000,0,-1,0
1785735204.175,9.137,-1.871,-19.747,0.9868,0,2.685,1.515,-12.000,0.2682,1.770,1.240,0.078,0.103,25.000,6.453,-0.0000,-0.0477,0.024,0.024,-0.048,1.923,1.200,-0.356,0.0031,0.008,nan,0.00,0,1,0,1,1,0.0000,0.390,0,0.112,1,0.240,0,0,hsv,,hsv,0,0,0,0.000,0,-1,0
1785735204.217,8.621,-1.915,-17.886,0.9881,0,2.168,1.624,-12.000,0.2675,1.770,1.240,0.078,0.103,25.000,6.453,-0.0000,-0.0555,0.064,0.064,-0.055,1.924,1.200,-0.291,0.0031,0.008,nan,0.00,0,1,0,1,1,0.0000,0.390,0,0.112,1,0.240,4,0,hsv,,hsv,0,0,0,0.000,0,-1,0
1785735204.255,8.363,-1.926,-16.909,0.9888,0,1.910,1.684,-12.000,0.2672,1.770,1.240,0.078,0.103,25.000,6.453,-0.0000,-0.0580,0.083,0.083,-0.058,1.925,1.200,-0.243,0.0031,0.007,nan,0.00,0,1,0,1,1,0.0000,0.479,0,0.104,2,0.271,0,0,hsv,,hsv,0,0,0,0.000,0,-1,0
1785735204.347,7.949,-1.908,-14.858,0.9898,0,1.497,1.727,-12.000,0.2668,1.770,1.240,0.078,0.103,25.000,6.453,-0.0000,-0.0621,0.118,0.118,-0.062,1.929,1.200,-0.181,0.0031,0.007,nan,0.00,0,1,0,1,1,0.0000,0.479,0,0.104,2,0.271,0,0,hsv,,hsv,0,0,0,0.000,0,-1,0
1785735204.388,7.753,-1.894,-13.897,0.9903,0,1.300,1.738,-12.000,0.2666,1.770,1.240,0.078,0.103,25.000,6.453,-0.0000,-0.0639,0.133,0.133,-0.064,1.931,1.200,-0.155,0.0031,0.007,nan,0.00,0,1,0,1,1,0.0000,0.264,0,0.064,1,0.355,0,0,hsv,,hsv,0,0,0,0.000,0,-1,0
1785735204.447,7.406,-1.839,-11.686,0.9911,0,0.953,1.733,-12.000,0.2662,1.770,1.240,0.078,0.103,25.000,6.453,-0.0000,-0.0679,0.164,0.164,-0.068,1.935,1.200,-0.107,0.0031,0.007,nan,0.00,0,1,0,1,1,0.0000,0.264,0,0.064,1,0.355,0,0,hsv,,hsv,0,0,0,0.000,0,-1,0
1785735204.482,7.283,-1.810,-10.659,0.9914,0,2.453,2.213,-10.500,0.2660,nan,nan,nan,0.000,0.000,-1.411,0.0000,-0.0697,0.176,0.176,-0.070,1.937,1.000,0.403,0.0031,0.007,nan,0.00,0,0,0,0,1,0.0000,0.264,0,0.064,1,0.355,4,0,,,FLYING,0,0,0,0.000,0,-1,0
1785735204.578,6.783,-1.623,-8.919,0.9926,0,3.953,2.034,-9.000,0.2656,nan,nan,nan,0.000,0.000,-1.648,0.0000,-0.0723,0.206,0.206,-0.072,1.939,1.000,0.412,0.0031,0.006,nan,0.00,0,0,0,0,1,0.0000,0.254,0,0.049,1,0.377,3,0,,,FLYING,0,0,0,0.000,0,-1,0
1785735204.620,6.164,-1.429,-7.264,0.9939,0,5.453,1.819,-7.500,0.2652,nan,nan,nan,0.000,0.000,-1.852,0.0000,-0.0745,0.231,0.231,-0.074,1.939,1.000,0.391,0.0031,0.006,nan,0.00,0,0,0,0,1,0.0000,0.378,0,0.097,1,0.420,0,0,,,FLYING,0,0,0,0.000,0,-1,0
1785735204.692,5.609,-1.320,-6.608,0.9949,0,6.953,1.673,-6.000,0.2648,nan,nan,nan,0.000,0.000,-1.986,0.0000,-0.0756,0.248,0.248,-0.076,1.937,1.000,0.353,0.0031,0.006,nan,0.00,0,0,0,0,1,0.0000,0.378,0,0.097,1,0.420,0,0,,,FLYING,0,0,0,0.000,0,-1,0
1785735204.723,5.072,-1.206,-5.996,0.9959,0,5.453,1.026,-7.500,0.2646,4.000,3.841,0.000,0.667,25.000,14.000,-0.0000,-0.0765,0.262,0.262,-0.076,1.935,1.200,-0.181,0.0031,0.006,nan,8.00,1,1,0,1,1,1.1116,0.625,1,0.283,1,0.102,0,1,blueline,,BLUELINE,0,0,0,0.000,0,-1,0
1785735204.798,4.029,-1.113,-4.688,0.9973,0,3.953,0.873,-9.000,0.2642,4.000,3.841,0.000,0.667,25.000,14.000,0.0132,-0.0763,0.276,0.276,-0.076,1.930,1.200,-0.240,0.0031,0.006,nan,8.00,1,1,0,0,1,1.1116,0.625,1,0.283,1,0.102,0,0,blueline,,BLUELINE,0,0,0,0.000,0,-1,0
1785735204.829,3.653,-1.076,-3.945,0.9978,0,2.453,0.826,-10.500,0.2641,4.000,1.967,0.000,0.233,25.000,14.000,-0.0000,-0.0759,0.274,0.274,-0.076,1.927,1.200,-0.250,0.0031,0.006,nan,0.00,0,1,0,1,1,0.0000,0.350,0,0.262,2,0.168,0,0,blueline,,BLUELINE,0,0,0,0.000,0,-1,0
1785735204.897,3.408,-1.051,-3.014,0.9981,0,0.953,0.798,-12.000,0.2640,4.000,2.095,0.000,0.233,25.000,14.000,-0.0000,-0.0753,0.264,0.264,-0.075,1.926,1.200,-0.253,0.0031,0.005,nan,0.00,0,1,0,1,1,0.0000,0.350,0,0.262,2,0.168,2,1,track,,TRACK,0,0,0,0.000,0,-1,0
1785735204.961,2.908,-0.987,-0.864,0.9986,0,-0.547,0.687,-12.000,0.2640,4.000,2.095,0.000,0.233,25.000,14.000,-0.0291,-0.0736,0.235,0.235,-0.074,1.921,1.200,-0.299,0.0031,0.005,nan,0.00,0,1,0,0,1,0.0000,0.695,0,0.246,2,0.174,0,0,track,,TRACK,0,0,0,0.000,0,-1,0
1785735205.012,2.934,-0.974,0.214,0.9985,0,-2.047,0.674,-12.000,0.2640,4.000,2.111,0.000,0.233,25.000,14.000,-0.0000,-0.0731,0.218,0.218,-0.073,1.918,1.200,-0.299,0.0031,0.005,nan,0.00,0,1,0,1,1,0.0000,0.597,0,0.222,1,0.112,0,0,track,,TRACK,0,0,0,0.000,0,-1,0
1785735205.092,3.132,-0.948,2.330,0.9984,0,-3.547,0.598,-12.000,0.2641,4.000,2.111,0.000,0.233,25.000,14.000,-0.0304,-0.0724,0.188,0.188,-0.072,1.912,1.200,-0.350,0.0031,0.005,nan,0.00,0,1,0,0,1,0.0000,0.597,0,0.222,1,0.112,0,0,track,,TRACK,0,0,0,0.000,0,-1,0
1785735205.150,3.746,-0.959,4.419,0.9977,0,-5.047,0.552,-12.000,0.2643,4.000,1.658,0.000,0.233,22.514,11.197,1.0414,-0.0715,0.167,0.167,-0.071,1.905,1.200,-0.406,0.0031,0.005,nan,0.00,0,1,0,1,1,0.0000,0.597,0,0.222,1,0.112,5,0,track,,TRACK,0,0,0,0.000,0,-1,0
1785735205.188,4.181,-0.977,5.414,0.9972,0,-6.547,0.577,-12.000,0.2645,4.000,1.658,0.000,0.233,22.514,12.449,-0.0067,-0.0710,0.160,0.160,-0.071,1.902,1.200,-0.399,0.0031,0.005,nan,0.00,0,1,0,0,1,0.0000,0.933,0,0.208,4,0.143,0,0,track,,TRACK,0,0,0,0.000,0,-1,0
1785735205.228,4.771,-1.002,6.442,0.9964,0,-5.047,0.605,-12.000,0.2647,4.000,1.357,0.000,0.233,18.737,5.602,3.9547,-0.0703,0.158,0.158,-0.070,1.899,1.200,-0.397,0.0031,0.004,nan,0.00,0,1,0,1,1,0.0000,0.933,0,0.208,4,0.143,2,0,track,,TRACK,0,0,0,0.000,0,-1,0
1785735205.265,5.296,-1.033,7.424,0.9956,0,-4.915,0.642,-12.000,0.2650,4.000,1.357,0.000,0.233,18.737,10.212,0.0007,-0.0697,0.158,0.158,-0.070,1.896,1.200,-0.392,0.0031,0.004,nan,0.00,0,1,0,0,1,0.0000,0.410,0,0.211,3,0.140,0,0,track,,TRACK,0,0,0,0.000,0,-1,0
1785735205.312,5.720,-1.072,8.448,0.9948,0,-4.468,0.684,-12.000,0.2652,4.000,1.357,0.000,0.233,18.737,10.187,0.0051,-0.0692,0.163,0.163,-0.069,1.893,1.200,-0.387,0.0031,0.004,nan,0.00,0,1,0,0,1,0.0000,0.410,0,0.211,3,0.140,0,0,track,,TRACK,0,0,0,0.000,0,-1,0
1785735205.356,6.084,-1.109,9.393,0.9942,0,-2.968,0.730,-12.000,0.2654,4.000,0.946,0.000,0.233,13.307,3.638,2.8435,-0.0689,0.169,0.169,-0.069,1.891,1.200,-0.379,0.0031,0.004,nan,0.00,0,1,0,1,1,1.2622,0.350,1,0.255,2,0.110,0,0,track,,TRACK,0,0,0,0.000,0,-1,0
1785735205.404,6.450,-1.153,10.352,0.9935,0,-1.468,0.784,-12.000,0.2656,4.000,0.867,0.000,0.233,12.235,4.974,1.1216,-0.0687,0.178,0.178,-0.069,1.889,1.200,-0.369,0.0031,0.004,nan,0.00,0,1,0,1,1,1.2622,0.350,1,0.255,2,0.110,2,0,track,,TRACK,0,0,0,0.000,0,-1,0
1785735205.451,6.796,-1.205,11.360,0.9928,0,-2.968,0.847,-12.000,0.2823,12.865,9.589,-4.047,1.000,25.000,14.000,-0.0000,-0.0000,0.189,0.189,-0.068,1.888,1.200,-0.358,0.0031,-2.612,nan,0.00,1,1,1,1,1,1.2621,0.350,1,0.263,2,0.113,0,1,anduril,,anduril,0,0,0,0.000,0,-1,0
1785735205.494,7.173,-1.301,13.436,0.9919,0,-4.468,0.956,-12.000,0.2989,12.910,9.448,-4.080,1.000,25.000,14.000,-0.0000,-0.5667,0.215,0.453,-0.073,1.887,1.200,-0.345,0.0031,-2.575,nan,0.00,1,1,1,1,1,1.2621,0.350,1,0.263,2,0.113,2,0,anduril,,anduril,0,0,0,0.000,0,-1,0
1785735205.567,7.534,-1.341,14.383,0.9911,0,-5.968,1.021,-12.000,0.3156,12.910,9.448,-4.080,1.000,25.000,14.000,-0.2236,-0.0125,0.229,0.229,-0.086,1.888,1.200,-0.320,0.0031,-2.503,nan,0.00,1,1,1,0,1,1.2632,0.350,1,0.269,2,0.093,0,0,anduril,,anduril,0,0,0,0.000,0,-1,0
1785735205.603,8.439,-1.434,16.338,0.9889,0,-5.561,1.162,-12.000,0.2989,13.023,9.185,-4.135,1.000,25.000,14.000,-0.0000,-0.8796,0.267,0.739,-0.173,1.891,1.200,-0.272,0.0031,-2.415,nan,0.00,1,1,1,1,1,1.2632,0.350,1,0.269,2,0.093,3,0,anduril,,anduril,0,0,0,0.000,0,-1,0
1785735205.650,8.927,-1.480,17.360,0.9876,0,-5.073,1.240,-13.500,0.3156,13.023,9.185,-4.135,1.000,25.000,14.000,-0.4475,-0.0658,0.291,0.291,-0.238,1.893,1.200,-0.239,0.0031,-2.322,nan,8.00,1,1,1,0,1,1.2540,0.700,1,0.281,2,0.076,0,0,anduril,,anduril,0,0,0,0.000,0,-1,0
1785735205.684,9.355,-1.544,18.463,0.9863,0,-4.645,1.348,-15.000,0.3315,13.078,8.804,-4.162,1.000,25.000,14.000,-0.0000,-0.0023,0.314,0.158,-0.312,1.897,1.200,-0.196,0.0031,-2.322,nan,8.00,1,1,1,1,1,1.2540,0.700,1,0.281,2,0.076,3,0,anduril,,anduril,0,0,0,0.000,0,-1,0
1785735205.724,9.746,-1.633,19.737,0.9852,0,-4.254,1.497,-13.500,0.3320,13.078,8.804,-4.162,1.000,25.000,14.000,-0.0000,-0.0000,0.333,0.333,-0.401,1.903,1.200,-0.136,0.0031,-2.238,nan,0.00,1,1,1,1,1,1.2466,0.333,1,0.338,2,0.066,0,1,yolo,291.6,yolo,0,0,0,0.000,0,-1,0
1785735205.779,10.107,-1.699,20.935,0.9840,0,-3.893,1.620,-12.000,0.3324,12.882,7.959,-3.932,1.000,25.000,14.000,-0.0000,-0.0000,0.357,0.357,-0.505,1.910,1.200,-0.079,0.0031,-2.091,nan,0.00,1,1,1,1,1,1.2466,0.333,1,0.338,2,0.066,3,1,anduril,,anduril,0,0,0,0.000,0,-1,0
1785735205.816,10.832,-1.823,23.112,0.9817,0,-3.168,1.910,-12.000,0.3332,12.849,7.257,-3.926,1.000,25.000,14.000,-0.0000,-0.0000,0.414,0.414,-0.741,1.925,1.200,0.086,0.0031,-2.082,nan,0.00,1,1,1,1,1,1.2321,0.292,1,0.361,1,0.042,0,0,anduril,,anduril,0,0,0,0.000,0,-1,0
1785735205.903,11.103,-1.835,24.149,0.9808,0,-2.897,1.969,-12.000,0.3335,12.983,7.039,-4.023,1.000,25.000,14.000,-0.0000,-0.0000,0.450,0.450,-0.883,1.935,1.200,0.134,0.0031,-2.175,nan,0.00,1,1,1,1,1,1.2321,0.292,1,0.361,1,0.042,3,0,anduril,,anduril,0,0,0,0.000,0,-1,0
1785735205.946,11.616,-1.884,26.222,0.9790,0,-2.384,2.234,-12.000,0.3341,12.983,7.039,-4.023,1.000,25.000,14.000,-0.0000,-0.0000,0.519,0.519,-1.159,1.958,1.200,0.349,0.0031,-2.095,nan,0.00,1,1,1,1,1,1.2344,0.357,1,0.414,3,0.018,0,0,anduril,,anduril,0,0,0,0.000,0,-1,0
1785735205.986,11.797,-1.885,27.198,0.9783,0,-2.203,2.267,-13.500,0.3174,13.145,6.685,-4.112,1.000,25.000,14.000,-0.0000,-0.0000,0.555,0.555,-1.291,1.971,1.200,0.382,0.0031,-2.225,nan,8.00,1,1,1,1,1,1.2332,0.750,1,0.368,3,0.037,0,0,anduril,,anduril,0,0,0,0.000,0,-1,0
1785735206.054,12.130,-1.926,29.259,0.9771,0,-1.870,2.574,-15.000,0.3008,13.145,6.685,-4.112,1.000,25.000,14.000,-0.0000,-0.0000,0.620,0.620,-1.522,2.001,1.200,0.648,0.0031,-2.172,nan,8.00,1,1,1,1,1,1.2332,0.750,1,0.368,3,0.037,0,0,anduril,,anduril,0,0,0,0.000,0,-1,0
1785735206.091,12.251,-1.956,30.397,0.9767,0,-1.749,2.655,-16.500,0.2841,13.299,6.222,-4.166,1.000,25.000,14.000,-0.0000,1.2288,0.648,-0.051,-1.600,2.019,1.200,0.699,0.0031,-2.295,nan,8.00,1,1,1,1,1,1.2332,0.750,1,0.368,3,0.037,3,0,anduril,,anduril,0,0,0,0.000,0,-1,0
1785735206.144,12.467,-2.083,33.115,0.9758,0,-1.533,3.199,-15.000,0.2737,13.299,6.222,-4.166,1.000,25.000,14.000,0.7448,-0.0624,0.694,0.694,-1.662,2.065,1.200,1.116,0.0031,-2.239,nan,0.00,1,1,1,0,1,1.2373,0.292,1,0.413,1,0.091,0,0,anduril,,anduril,0,0,0,0.000,0,-1,0
1785735206.174,12.467,-2.083,33.115,0.9758,0,-1.533,2.913,-13.500,0.2737,13.299,6.222,-4.166,1.000,25.000,14.000,0.7448,-0.0624,0.694,0.694,-1.662,2.065,1.200,0.830,0.0031,-2.239,nan,0.00,1,1,1,0,1,1.2373,0.292,1,0.413,1,0.091,0,0,anduril,,anduril,0,0,0,0.000,0,-1,0
1785735206.213,12.634,-2.069,35.199,0.9752,0,-1.366,3.247,-12.000,0.2739,13.299,6.222,-4.166,1.000,25.000,14.000,0.7982,-0.0278,0.748,0.748,-1.628,2.107,1.200,1.178,0.0031,-2.222,nan,0.00,1,1,1,0,1,1.2373,0.292,1,0.413,1,0.091,4,0,anduril,,anduril,0,0,0,0.000,0,-1,0
1785735206.257,12.716,-2.009,36.078,0.9749,0,-1.284,3.170,-12.000,0.2740,13.339,5.582,-4.061,1.000,22.709,14.000,3.9999,0.3061,0.783,0.014,-1.593,2.126,1.200,1.161,0.0031,-2.263,nan,0.00,1,1,1,1,1,1.2389,0.375,1,0.378,3,0.190,0,0,anduril,,anduril,0,0,0,0.000,0,-1,0
1785735206.307,12.860,-1.897,37.698,0.9744,0,-1.140,3.280,-12.000,0.2741,13.339,5.582,-4.061,1.000,22.709,14.000,0.8366,0.0511,0.850,0.850,-1.542,2.162,1.200,1.383,0.0031,-2.274,nan,0.00,1,1,1,0,1,1.2389,0.375,1,0.378,3,0.190,3,0,anduril,,anduril,0,0,0,0.000,0,-1,0
1785735206.353,12.922,-1.844,38.576,0.9742,0,-1.078,3.190,-12.000,0.2742,13.337,4.862,-3.898,1.000,20.031,14.000,6.2348,0.0744,0.884,0.364,-1.525,2.181,1.200,1.346,0.0031,-2.281,nan,0.00,1,1,1,1,1,0.0000,0.700,0,0.365,2,0.275,0,0,anduril,,anduril,0,0,0,0.000,0,-1,0
1785735206.419,13.045,-1.736,40.336,0.9737,0,0.422,3.332,-12.000,0.2743,13.388,4.135,-3.720,1.000,17.164,5.776,6.6977,0.0290,0.954,0.618,-1.508,2.220,1.200,1.596,0.0031,-2.284,nan,0.00,1,1,1,1,1,0.0000,0.700,0,0.365,2,0.275,3,0,anduril,,anduril,0,0,0,0.000,0,-1,0
1785735206.531,12.950,-1.497,43.929,0.9742,0,-1.050,3.868,-12.000,0.2742,13.388,4.135,-3.720,1.000,17.164,14.000,0.4878,0.0114,1.105,1.105,-1.496,2.302,1.200,2.371,0.0031,-2.348,nan,0.00,1,1,1,0,1,0.0000,0.312,0,0.300,1,0.388,0,0,anduril,,anduril,0,0,0,0.000,0,-1,0
1785735206.578,13.000,-1.398,44.821,0.9741,0,0.450,3.572,-12.000,0.2742,13.353,3.350,-3.463,1.000,14.084,10.587,4.3074,-0.3262,1.139,0.507,-1.495,2.323,1.200,2.174,0.0031,-2.294,nan,0.00,1,1,1,1,1,0.0000,0.450,0,0.279,4,0.563,0,0,anduril,,anduril,0,0,0,0.000,0,-1,0
1785735206.659,12.892,-1.224,46.715,0.9746,0,-1.050,3.583,-12.000,0.2741,13.353,3.350,-3.463,1.000,14.084,14.000,0.7087,0.0033,1.216,1.216,-1.491,2.368,1.200,2.360,0.0031,-2.342,nan,0.00,1,1,1,0,1,0.0000,0.450,0,0.279,4,0.563,0,0,anduril,,anduril,0,0,0,0.000,0,-1,0
1785735206.707,12.891,-1.063,48.445,0.9746,0,-1.109,3.536,-12.000,0.2740,13.353,3.350,-3.463,1.000,14.084,14.000,0.7738,0.0064,1.281,1.281,-1.488,2.409,1.200,2.473,0.0031,-2.380,nan,0.00,1,1,1,0,1,0.0000,0.450,0,0.279,4,0.563,0,0,anduril,,anduril,0,0,0,0.000,0,-1,0
1785735206.748,12.979,-0.966,49.473,0.9743,0,0.391,3.331,-10.692,0.2741,13.258,2.503,-3.124,1.000,10.692,-0.136,4.7096,-0.7318,1.317,0.528,-1.486,2.434,1.200,2.365,0.0031,-2.258,nan,0.00,1,1,1,1,1,0.0000,0.416,0,0.219,3,0.719,0,0,anduril,,anduril,0,0,0,0.000,0,-1,0
1785735206.811,12.863,-0.770,51.235,0.9748,0,1.891,3.279,-9.192,0.2575,13.125,1.657,-2.753,1.000,7.194,-14.000,12.0164,-1.7945,1.407,1.723,-1.482,2.473,1.200,2.509,0.0031,-2.138,nan,0.00,1,1,1,1,1,0.0000,0.416,0,0.219,3,0.719,2,0,anduril,,anduril,0,0,0,0.000,0,-1,0
1785735206.858,12.693,-0.591,52.651,0.9755,0,3.158,3.129,-7.692,0.2738,13.125,1.657,-2.753,1.000,7.194,9.534,-0.2379,0.0127,1.485,1.485,-1.469,2.506,1.200,2.539,0.0031,-2.186,nan,0.00,1,1,1,0,1,0.0000,0.465,0,0.206,4,0.730,0,0,anduril,,anduril,0,0,0,0.000,0,-1,0
1785735206.904,12.476,-0.478,53.270,0.9764,0,4.658,2.810,-6.192,0.2726,13.024,0.863,-2.403,1.000,3.791,-14.000,7.7356,-1.3551,1.532,2.047,-1.455,2.519,1.200,2.331,0.0031,-2.051,nan,0.00,1,1,1,1,1,0.0000,0.465,0,0.206,4,0.730,3,0,anduril,,anduril,0,0,0,0.000,0,-1,0
1785735206.954,12.118,-0.350,53.740,0.9777,0,6.158,2.478,-4.692,0.2732,13.024,0.863,-2.403,1.000,3.791,1.284,-0.4570,0.0171,1.590,1.590,-1.438,2.527,1.200,2.128,0.0031,-2.088,nan,0.00,1,1,1,0,1,0.0000,0.534,0,0.159,2,0.753,0,0,anduril,,anduril,0,0,0,0.000,0,-1,0
1785735206.995,11.298,-0.088,54.575,0.9806,0,7.658,2.124,-3.192,0.2724,12.922,0.135,-2.072,1.000,0.598,-14.000,7.2011,-1.0246,1.705,2.415,-1.413,2.538,1.200,2.036,0.0031,-1.986,nan,0.00,1,1,1,1,1,0.0000,0.534,0,0.159,2,0.753,3,0,anduril,,anduril,0,0,0,0.000,0,-1,0
1785735207.034,11.200,-0.062,54.654,0.9810,0,9.158,1.902,-1.692,0.2723,12.922,0.135,-2.072,1.000,0.598,-6.427,-0.6973,0.0008,1.718,1.718,-1.412,2.539,1.200,1.841,0.0031,-1.993,nan,0.00,1,1,1,0,1,0.0000,0.404,0,0.130,1,0.782,0,0,anduril,,anduril,0,0,0,0.000,0,-1,0
1785735207.081,9.796,0.219,55.129,0.9854,0,10.658,1.387,-0.598,0.2710,12.922,0.135,-2.072,1.000,0.598,-8.125,-0.5511,0.0033,1.864,1.864,-1.409,2.533,1.200,1.606,0.0031,-2.068,nan,0.00,1,1,1,0,1,0.0000,0.404,0,0.130,1,0.782,0,0,anduril,,anduril,0,0,0,0.000,0,-1,0
1785735207.126,9.127,0.345,55.238,0.9873,0,12.158,1.092,-0.598,0.2705,12.922,0.135,-2.072,1.000,0.598,-11.289,-0.0000,-0.0000,1.926,1.926,-1.410,2.526,1.200,1.437,0.0031,-2.102,nan,0.00,1,1,1,1,1,0.0000,0.496,0,0.121,2,0.828,0,1,yolo,231.9,yolo,0,0,0,0.000,0,-1,0
1785735207.200,6.336,0.631,55.403,0.9938,0,13.658,0.319,0.902,0.2687,12.489,-0.385,-1.768,1.000,-1.766,-14.000,-0.0000,-0.0000,2.116,2.116,-1.409,2.492,1.200,0.951,0.0031,-1.937,nan,0.00,1,1,1,1,1,0.0000,0.496,0,0.121,2,0.828,3,1,anduril,,anduril,0,0,0,0.000,0,-1,0
1785735207.243,4.805,0.670,55.338,0.9964,0,15.158,0.049,2.402,0.2680,11.601,-1.056,-1.261,1.000,-5.203,-14.000,-0.0000,-0.0000,2.192,2.192,-1.406,2.468,1.200,0.719,0.0031,-1.480,nan,0.00,1,1,1,1,1,0.0000,0.349,0,0.061,2,0.884,0,0,anduril,,anduril,0,0,0,0.000,0,-1,0
1785735207.284,3.834,0.687,55.227,0.9977,0,16.658,-0.057,3.902,0.2677,11.407,-1.524,-1.019,1.000,-7.609,-14.000,-0.0000,-0.0000,2.237,2.237,-1.403,2.452,1.200,0.630,0.0031,-1.255,nan,0.00,1,1,1,1,1,0.0000,0.349,0,0.061,2,0.884,2,0,anduril,,anduril,0,0,0,0.000,0,-1,0
1785735207.339,1.441,0.715,54.792,0.9996,0,15.441,-0.661,5.402,0.2672,11.407,-1.524,-1.019,1.000,-7.609,-14.000,-0.0000,-0.0000,2.328,2.328,-1.395,2.405,1.244,0.054,0.0031,-1.199,nan,0.00,1,1,1,1,1,0.0000,0.179,0,0.073,2,0.901,0,0,anduril,,anduril,0,0,0,0.000,0,-1,0
1785735207.388,0.275,0.681,54.457,0.9999,0,14.275,-1.129,6.902,0.2672,11.380,-1.967,-0.822,1.000,-9.805,-14.000,-0.0000,-0.0000,2.365,2.365,-1.389,2.376,1.394,-0.448,0.0032,-0.966,nan,0.00,1,1,1,1,1,0.0000,0.186,0,0.091,2,0.916,0,1,yolo,244.7,yolo,0,0,0,0.000,0,-1,0
1785735207.451,-2.282,0.520,53.491,0.9992,0,12.775,-2.213,8.402,0.2675,11.175,-1.995,-0.613,1.000,-10.121,-14.000,-0.0000,-0.0000,2.429,2.429,-1.378,2.302,1.604,-1.694,0.0032,-0.635,nan,0.00,1,1,1,1,1,0.0000,0.186,0,0.091,2,0.916,3,1,anduril,,anduril,0,0,0,0.000,0,-1,0
1785735207.492,-3.699,0.228,52.650,0.9979,0,11.275,-2.448,9.902,0.2679,11.175,-1.995,-0.613,1.000,-10.121,-14.000,-0.0000,-0.0000,2.455,2.455,-1.371,2.243,1.674,-2.220,0.0033,-0.528,nan,0.00,1,1,1,1,1,0.0000,0.374,0,0.092,2,0.903,0,0,anduril,,anduril,0,0,0,0.000,0,-1,0
1785735207.549,-5.336,-0.150,51.583,0.9957,0,9.775,-2.350,11.065,0.2685,10.677,-2.088,-0.526,1.000,-11.065,-14.000,-0.0000,-0.0000,2.472,2.472,-1.364,2.173,1.748,-2.500,0.0033,-0.301,nan,0.00,1,1,1,1,1,0.0000,0.401,0,0.126,1,0.882,0,0,anduril,,anduril,0,0,0,0.000,0,-1,0
1785735207.624,-7.665,-0.909,49.488,0.9909,0,8.275,-1.591,12.000,0.2674,10.139,-2.378,-0.404,1.000,-13.201,-14.000,-0.0000,-0.0000,2.469,2.469,-1.352,2.053,1.600,-2.500,0.0033,0.078,nan,0.00,1,1,1,1,1,0.0000,0.401,0,0.126,1,0.882,3,0,anduril,,anduril,0,0,0,0.000,0,-1,0
1785735207.662,-8.737,-1.305,48.156,0.9881,0,6.775,-1.195,12.000,0.2646,10.139,-2.378,-0.404,1.000,-13.201,-14.000,-0.0000,-0.0000,2.449,2.449,-1.345,1.987,1.600,-2.500,0.0033,0.193,nan,0.00,1,1,1,1,1,0.0000,0.250,0,0.126,2,0.853,0,1,yolo,232.8,yolo,0,0,0,0.000,0,-1,0
1785735207.701,-8.737,-1.305,48.156,0.9881,0,5.275,-1.195,12.000,0.2603,9.690,-2.267,-0.232,1.000,-13.168,-14.000,-0.0000,-0.0000,2.449,2.449,-1.345,1.987,1.568,-2.500,0.0033,0.336,nan,0.00,1,1,1,1,1,0.0000,0.250,0,0.126,2,0.853,2,1,anduril,,anduril,0,0,0,0.000,0,-1,0
1785735207.740,-9.600,-1.713,46.668,0.9856,0,4.400,-0.787,12.000,0.2579,9.819,-2.386,-0.258,1.000,-13.657,-14.000,-0.0000,-0.0000,2.414,2.414,-1.328,1.920,1.494,-2.500,0.0032,0.436,nan,0.00,1,1,1,1,1,0.0000,0.412,0,0.140,1,0.837,0,0,anduril,,anduril,0,0,0,0.000,0,-1,0
1785735207.796,-10.272,-2.126,45.033,0.9833,0,3.728,-0.374,12.000,0.2557,9.476,-2.403,-0.259,1.000,-14.228,-14.000,-0.0000,-0.0000,2.360,2.360,-1.285,1.853,1.428,-2.500,0.0032,0.525,nan,0.00,1,1,1,1,1,0.0000,0.412,0,0.140,1,0.837,3,0,anduril,,anduril,0,0,0,0.000,0,-1,0
1785735207.859,-10.583,-2.327,44.142,0.9822,0,3.417,-0.173,12.000,0.2545,9.476,-2.403,-0.259,1.000,-14.228,-14.000,-0.0000,-0.0000,2.327,2.327,-1.248,1.820,1.413,-2.500,0.0031,0.572,nan,0.00,1,1,1,1,1,0.0000,0.422,0,0.153,1,0.781,0,1,yolo,225.1,yolo,0,0,0,0.000,0,-1,0
1785735207.908,-11.113,-2.694,42.480,0.9802,0,2.887,0.194,12.000,0.2488,8.703,-2.292,-0.080,1.000,-14.755,-14.000,-0.0000,-0.0000,2.260,2.260,-1.177,1.764,1.329,-2.500,0.0030,0.772,nan,0.00,1,1,1,1,1,0.0000,0.341,0,0.194,2,0.719,0,1,anduril,,anduril,0,0,0,0.000,0,-1,0
1785735207.966,-11.578,-3.047,40.748,0.9783,0,2.422,0.547,12.000,0.2496,8.711,-2.151,-0.136,1.000,-13.869,-14.000,-0.0000,-0.0000,2.181,2.181,-1.101,1.714,1.368,-2.500,0.0030,0.761,nan,0.00,1,1,1,1,1,0.0000,0.341,0,0.194,2,0.719,2,0,anduril,,anduril,0,0,0,0.000,0,-1,0
1785735208.008,-11.743,-3.186,39.877,0.9776,0,2.257,0.686,12.000,0.2488,8.711,-2.151,-0.136,1.000,-13.869,-14.000,-0.0000,-0.0000,2.139,2.139,-1.060,1.692,1.359,-2.500,0.0029,0.788,nan,0.00,1,1,1,1,1,0.0000,0.568,0,0.193,1,0.728,0,0,anduril,,anduril,0,0,0,0.000,0,-1,0
1785735208.069,-12.052,-3.459,38.133,0.9762,0,1.948,0.959,12.000,0.2475,8.711,-2.151,-0.136,1.000,-13.869,-14.000,-0.0000,-0.0000,2.051,2.051,-0.973,1.652,1.341,-2.500,0.0028,0.841,nan,0.00,1,1,1,1,1,0.0000,0.568,0,0.193,1,0.728,0,0,anduril,,anduril,0,0,0,0.000,0,-1,0
1785735208.140,-12.192,-3.594,37.094,0.9755,0,1.808,1.094,11.945,0.2530,8.713,-1.843,-0.276,1.000,-11.945,-14.000,-0.0000,-0.0000,1.997,1.997,-0.918,1.631,1.495,-2.500,0.0027,0.666,nan,0.00,1,1,1,1,1,0.0000,0.568,0,0.193,1,0.728,5,0,anduril,,anduril,0,0,0,0.000,0,-1,0
1785735208.186,-12.454,-3.865,34.987,0.9742,0,1.546,1.365,11.842,0.2525,8.683,-1.821,-0.297,1.000,-11.842,-14.000,-0.0000,-0.0000,1.878,1.878,-0.807,1.596,1.488,-2.500,0.0027,0.688,nan,0.00,1,1,1,1,1,0.0000,0.416,0,0.220,3,0.730,1,0,anduril,,anduril,0,0,0,0.000,0,-1,0
1785735208.224,-12.530,-3.949,34.122,0.9739,0,1.470,1.449,10.342,0.2543,8.840,-1.586,-0.330,1.000,-10.173,-14.000,-0.0000,-0.0000,1.827,1.827,-0.764,1.584,1.604,-2.500,0.0026,0.631,nan,0.00,1,1,1,1,1,0.0000,0.368,0,0.238,2,0.718,0,0,anduril,,anduril,0,0,0,0.000,0,-1,0
1785735208.294,-12.686,-4.058,32.537,0.9731,0,1.314,1.558,8.842,0.2710,9.025,-1.301,-0.349,1.000,-8.202,-14.000,-3.1042,0.4722,1.715,2.015,-0.685,1.570,1.744,-2.500,0.0025,0.584,nan,0.00,1,1,1,1,1,0.0000,0.368,0,0.238,2,0.718,3,0,anduril,,anduril,0,0,0,0.000,0,-1,0
1785735208.335,-12.759,-4.086,31.816,0.9728,0,1.241,1.586,8.202,0.2572,9.025,-1.301,-0.349,1.000,-8.202,-14.000,-0.3589,0.0315,1.656,1.656,-0.653,1.567,1.739,-2.500,0.0025,0.590,nan,0.00,1,1,1,0,1,0.0000,0.700,0,0.292,2,0.718,0,0,anduril,,anduril,0,0,0,0.000,0,-1,0
1785735208.380,-12.897,-4.115,30.495,0.9723,0,1.103,1.615,8.202,0.2590,9.025,-1.301,-0.349,1.000,-8.202,-14.000,-0.4792,0.0729,1.536,1.536,-0.612,1.567,1.733,-2.500,0.0024,0.598,nan,0.00,1,1,1,0,1,0.0000,0.700,0,0.292,2,0.718,0,0,anduril,,anduril,0,0,0,0.000,0,-1,0
1785735208.421,-12.958,-4.124,29.837,0.9720,0,1.042,1.624,8.202,0.2555,9.025,-1.301,-0.349,1.000,-8.202,-14.000,-0.0000,-0.0000,1.473,1.473,-0.594,1.568,1.730,-2.500,0.0024,0.601,nan,0.00,1,1,1,1,1,0.0000,0.700,0,0.306,2,0.660,0,1,yolo,320.7,yolo,0,0,0,0.000,0,-1,0
1785735208.473,-13.010,-4.133,29.127,0.9718,0,0.990,1.633,8.202,0.2554,9.025,-1.301,-0.349,1.000,-8.202,-14.000,-0.0000,-0.0000,1.405,1.405,-0.565,1.570,1.728,-2.500,0.0023,0.603,nan,0.00,1,1,1,1,1,0.0000,0.700,0,0.306,2,0.660,0,0,yolo,320.7,yolo,0,0,0,0.000,0,-1,0
1785735208.505,-13.057,-4.142,28.426,0.9716,0,0.943,1.650,8.247,0.2555,8.501,-1.232,-0.300,1.000,-8.247,-14.000,-0.0000,-0.0000,1.339,1.339,-0.529,1.573,1.728,-2.492,0.0022,0.601,nan,0.00,1,1,1,1,1,0.0000,0.292,0,0.210,1,0.548,0,1,anduril,,anduril,0,0,0,0.000,0,-1,0
1785735208.597,-13.139,-4.159,27.003,0.9713,0,0.861,1.659,6.747,0.2563,7.931,-0.705,-0.165,1.000,-5.080,-14.000,-0.0000,-0.0000,1.205,1.205,-0.452,1.580,1.875,-2.500,0.0022,0.575,nan,0.00,1,1,1,1,1,0.0000,0.292,0,0.210,1,0.548,4,0,anduril,,anduril,0,0,0,0.000,0,-1,0
1785735208.643,-13.177,-4.167,26.341,0.9711,0,0.823,1.667,5.247,0.2562,7.931,-0.705,-0.165,1.000,-5.080,-14.000,-0.0000,-0.0000,1.143,1.143,-0.417,1.585,1.873,-2.500,0.0021,0.577,nan,0.00,1,1,1,1,1,0.0000,0.479,0,0.224,0,0.557,0,0,anduril,,anduril,0,0,0,0.000,0,-1,0
1785735208.694,-13.214,-4.154,25.762,0.9710,0,0.786,1.654,5.080,0.2563,7.931,-0.705,-0.165,1.000,-5.080,-14.000,-0.0000,-0.0000,1.077,1.077,-0.385,1.591,1.875,-2.500,0.0021,0.575,nan,0.00,1,1,1,1,1,0.0000,0.479,0,0.224,0,0.557,0,0,anduril,,anduril,0,0,0,0.000,0,-1,0
1785735208.735,-13.302,-4.048,24.950,0.9707,0,0.698,1.581,3.580,0.2576,7.484,-0.240,-0.053,1.000,-1.837,-14.000,-0.0000,-0.0000,0.937,0.937,-0.326,1.612,1.918,-2.467,0.0020,0.532,nan,0.00,1,1,1,1,1,-1.2314,0.300,1,0.288,1,0.608,0,0,anduril,,anduril,0,0,0,0.000,0,-1,0
1785735208.795,-13.385,-3.936,24.174,0.9705,0,-0.802,1.572,2.080,0.2743,7.159,0.127,0.033,1.000,1.015,14.000,-5.3449,0.5723,0.793,0.504,-0.270,1.633,1.956,-2.364,0.0020,0.494,nan,0.00,1,1,1,1,1,-1.2314,0.300,1,0.288,1,0.608,2,0,anduril,,anduril,0,0,0,0.000,0,-1,0
1785735208.858,-13.309,-3.840,23.977,0.9710,0,-2.302,1.488,3.580,0.2600,7.159,0.127,0.033,1.000,1.015,-7.098,0.2110,0.0230,0.715,0.715,-0.247,1.647,1.968,-2.351,0.0019,0.482,nan,-8.00,1,1,1,0,1,-1.2276,0.500,1,0.264,0,0.643,0,0,anduril,,anduril,0,0,0,0.000,0,-1,0
1785735208.905,-13.146,-3.613,23.657,0.9719,0,-3.802,1.389,5.080,0.2730,7.075,0.267,0.061,1.000,2.162,6.778,-1.0621,0.2848,0.552,0.324,-0.219,1.673,2.006,-2.223,0.0019,0.444,nan,-8.00,1,1,1,1,1,-1.2276,0.500,1,0.264,0,0.643,4,0,anduril,,anduril,0,0,0,0.000,0,-1,0
1785735208.942,-12.830,-3.576,23.272,0.9731,0,-5.302,1.289,5.838,0.2598,7.075,0.267,0.061,1.000,2.162,-1.323,0.1627,0.0046,0.487,0.487,-0.214,1.683,2.009,-2.288,0.0018,0.441,nan,-8.00,1,1,1,0,1,-1.2214,0.500,1,0.278,0,0.708,0,0,anduril,,anduril,0,0,0,0.000,0,-1,0
1785735208.975,-12.331,-3.571,22.758,0.9750,0,-6.802,1.253,5.838,0.2596,7.075,0.267,0.061,1.000,2.162,-0.237,0.0994,0.0139,0.424,0.424,-0.205,1.692,2.007,-2.317,0.0018,0.443,nan,-8.00,1,1,1,0,1,-1.2168,0.500,1,0.278,0,0.708,0,0,anduril,,anduril,0,0,0,0.000,0,-1,0
1785735209.019,-11.691,-3.560,22.250,0.9774,0,-8.302,1.238,5.838,0.2596,7.075,0.267,0.061,1.000,2.162,0.808,0.0385,0.0304,0.363,0.363,-0.189,1.702,2.005,-2.322,0.0017,0.445,nan,-8.00,1,1,1,0,1,-1.2168,0.500,1,0.278,0,0.708,0,0,anduril,,anduril,0,0,0,0.000,0,-1,0
1785735209.051,-10.987,-3.541,21.807,0.9798,0,-9.802,1.202,4.338,0.2595,6.947,0.417,0.092,1.000,3.439,11.478,-1.1613,0.0386,0.310,0.237,-0.173,1.712,2.010,-2.339,0.0017,0.440,nan,0.00,1,1,1,1,1,0.0000,0.366,0,0.234,2,0.719,0,0,anduril,,anduril,0,0,0,0.000,0,-1,0
1785735209.098,-10.172,-3.509,21.442,0.9824,0,-11.302,1.184,2.838,0.2578,6.947,0.417,0.092,1.000,3.439,5.250,0.0243,0.0185,0.261,0.261,-0.155,1.721,2.008,-2.325,0.0017,0.442,nan,0.00,1,1,1,0,1,0.0000,0.366,0,0.234,2,0.719,0,0,anduril,,anduril,0,0,0,0.000,0,-1,0
1785735209.155,-8.395,-3.397,20.881,0.9875,0,-12.802,1.225,1.338,0.2584,6.947,0.417,0.092,1.000,3.439,6.800,-0.0650,0.0616,0.172,0.172,-0.112,1.742,2.009,-2.172,0.0016,0.441,nan,0.00,1,1,1,0,1,0.0000,0.366,0,0.234,2,0.719,0,0,anduril,,anduril,0,0,0,0.000,0,-1,0
1785735209.186,-7.335,-3.316,20.750,0.9902,0,-14.302,1.121,-0.162,0.2559,6.810,0.579,0.120,1.000,4.859,14.000,-1.2656,0.0207,0.133,0.001,-0.094,1.752,2.011,-2.195,0.0016,0.439,nan,0.00,1,1,1,1,1,0.0000,0.366,0,0.234,2,0.719,4,0,anduril,,anduril,0,0,0,0.000,0,-1,0
1785735209.225,-6.232,-3.230,20.738,0.9925,0,-15.802,1.024,-1.662,0.2550,6.810,0.579,0.120,1.000,4.859,10.423,0.0974,0.0165,0.099,0.099,-0.077,1.761,2.010,-2.207,0.0015,0.440,nan,0.00,1,1,1,0,1,0.0000,0.595,0,0.220,1,0.745,0,0,anduril,,anduril,0,0,0,0.000,0,-1,0
1785735209.272,-4.926,-3.136,20.851,0.9948,0,-17.302,0.983,-3.162,0.2501,6.681,0.732,0.143,1.000,6.252,14.000,-2.4362,-0.0737,0.066,-0.333,-0.059,1.770,1.988,-2.154,0.0015,0.445,nan,0.00,1,1,1,1,1,0.0000,0.439,0,0.173,1,0.767,0,0,anduril,,anduril,0,0,0,0.000,0,-1,0
1785735209.320,-2.202,-2.949,21.205,0.9979,0,-15.802,0.929,-4.662,0.2541,6.681,0.732,0.143,1.000,6.252,13.571,0.3549,0.0427,0.022,0.022,-0.016,1.787,1.975,-2.020,0.0014,0.458,nan,0.00,1,1,1,0,1,0.0000,0.439,0,0.173,1,0.767,0,0,anduril,,anduril,0,0,0,0.000,0,-1,0
1785735209.353,-0.837,-2.862,21.554,0.9986,0,-14.837,0.826,-6.162,0.2518,6.681,0.732,0.143,1.000,6.252,14.000,-0.0000,-0.0000,0.008,0.008,0.010,1.794,1.968,-2.036,0.0014,0.465,nan,0.00,1,1,1,1,1,0.0000,0.439,0,0.173,1,0.767,0,1,yolo,296.4,yolo,0,0,0,0.000,0,-1,0
1785735209.383,0.355,-2.793,22.012,0.9988,0,-13.337,1.019,-4.676,0.2476,6.618,0.541,0.274,1.000,4.676,11.699,-0.0000,-0.0000,-0.001,-0.001,0.035,1.801,1.851,-1.774,0.0013,0.599,nan,0.00,1,1,1,1,1,0.0000,0.281,0,0.094,1,0.824,0,1,anduril,,anduril,0,0,0,0.000,0,-1,0
1785735209.440,1.517,-2.705,22.456,0.9985,0,-12.483,0.869,-6.096,0.2483,6.462,0.690,0.254,1.000,6.096,14.000,-0.0000,-0.0000,-0.001,-0.001,0.065,1.807,1.868,-1.836,0.0013,0.577,nan,0.00,1,1,1,1,1,0.0000,0.281,0,0.094,1,0.824,2,0,anduril,,anduril,0,0,0,0.000,0,-1,0
1785735209.489,2.662,-2.627,22.788,0.9979,0,-11.338,0.785,-6.096,0.2483,6.462,0.690,0.254,1.000,6.096,14.000,-0.0000,-0.0000,0.009,0.009,0.098,1.813,1.863,-1.842,0.0012,0.582,nan,0.00,1,1,1,1,1,0.0000,0.253,0,0.047,1,0.864,0,0,anduril,,anduril,0,0,0,0.000,0,-1,0
1785735209.593,4.783,-2.543,23.650,0.9955,0,-9.838,0.956,-7.595,0.2490,6.271,0.836,0.229,1.000,7.595,14.000,-0.0000,-0.0000,0.043,0.043,0.166,1.824,1.784,-1.587,0.0012,0.576,nan,0.00,1,1,1,1,0,0.0000,0.000,0,0.000,0,0.000,0,0,anduril,,anduril,0,0,0,0.000,0,-1,0
1785735209.659,8.152,-2.488,25.630,0.9890,0,-8.338,1.475,-9.095,0.2508,5.873,1.081,0.162,0.979,10.433,14.000,-0.0000,-0.0000,0.154,0.154,0.292,1.845,1.630,-1.014,0.0011,0.568,nan,0.00,1,1,1,1,0,0.0000,0.000,0,0.000,0,0.000,1,0,anduril,,anduril,0,0,0,0.000,0,-1,0
1785735209.735,8.901,-2.467,26.374,0.9870,0,-6.838,1.425,-10.439,0.2509,5.873,1.081,0.162,0.979,10.433,14.000,-0.0000,-0.0000,0.193,0.193,0.327,1.852,1.623,-1.042,0.0010,0.580,nan,0.00,1,1,1,1,0,0.0000,0.000,0,0.000,0,0.000,0,1,yolo,276.0,yolo,0,0,0,0.000,0,-1,0
1785735209.802,10.263,-2.479,28.006,0.9831,0,-5.338,1.353,-8.939,0.2477,6.223,0.768,0.314,1.000,7.031,13.766,-0.0000,-0.0000,0.279,0.279,0.395,1.867,1.690,-1.126,0.0010,0.714,nan,0.00,1,1,1,1,0,0.0000,0.000,0,0.000,0,0.000,0,1,anduril,,anduril,0,0,0,0.000,0,-1,0
1785735209.845,11.264,-2.536,29.540,0.9798,0,-3.838,1.448,-7.691,0.2502,5.924,0.800,0.244,0.987,7.691,13.792,-0.0000,-0.0000,0.368,0.368,0.458,1.883,1.709,-1.089,0.0009,0.658,nan,0.00,1,1,1,1,0,0.0000,0.000,0,0.000,0,0.000,0,0,anduril,,anduril,0,0,0,0.000,0,-1,0
1785735209.910,11.883,-2.521,30.634,0.9776,0,-2.338,1.395,-8.223,0.2532,5.584,0.807,0.168,0.931,8.223,12.459,-0.0000,-0.0000,0.473,0.473,0.523,1.898,1.749,-1.126,0.0008,0.576,nan,0.00,1,1,1,1,0,0.0000,0.000,0,0.000,0,0.000,2,0,anduril,,anduril,0,0,0,0.000,0,-1,0
1785735210.007,12.436,-2.570,32.455,0.9756,0,-0.838,1.602,-9.187,0.2571,5.110,0.826,0.060,0.852,9.187,10.736,-0.0000,-0.0000,0.626,0.626,0.619,1.927,1.776,-0.968,0.0008,0.465,nan,0.00,1,1,1,1,0,0.0000,0.000,0,0.000,0,0.000,3,0,anduril,,anduril,0,0,0,0.000,0,-1,0
1785735210.050,12.512,-2.582,33.095,0.9753,0,0.662,1.566,-9.187,0.2571,5.110,0.826,0.060,0.852,9.187,10.033,-0.0000,-0.0000,0.675,0.675,0.647,1.938,1.775,-1.016,0.0007,0.468,nan,0.00,1,1,1,1,0,0.0000,0.000,0,0.000,0,0.000,0,0,anduril,,anduril,0,0,0,0.000,0,-1,0
1785735210.104,12.567,-2.606,33.852,0.9750,0,-0.838,1.584,-9.658,0.2737,4.744,0.807,-0.019,0.791,9.658,14.000,-0.5849,1.4203,0.728,0.235,0.676,1.951,1.778,-1.022,0.0007,0.373,nan,0.00,1,1,1,1,0,0.0000,0.000,0,0.000,0,0.000,0,0,anduril,,anduril,0,0,0,0.000,0,-1,0
1785735210.167,12.630,-2.688,36.094,0.9747,0,0.662,2.097,-9.658,0.2626,4.744,0.807,-0.019,0.791,9.658,4.128,0.6439,0.0606,0.879,0.879,0.737,1.995,1.773,-0.591,0.0007,0.381,nan,0.00,1,1,1,0,0,0.0000,0.000,0,0.000,0,0.000,0,0,anduril,,anduril,0,0,0,0.000,0,-1,0
1785735210.219,12.575,-2.684,36.891,0.9749,0,2.162,2.053,-9.658,0.2630,4.744,0.807,-0.019,0.791,9.658,3.212,0.6942,0.0703,0.929,0.929,0.747,2.011,1.774,-0.631,0.0006,0.380,nan,0.00,1,1,1,0,0,0.0000,0.000,0,0.000,0,0.000,0,0,anduril,,anduril,0,0,0,0.000,0,-1,0
1785735210.259,12.370,-2.671,37.659,0.9757,0,3.662,1.788,-8.600,0.2777,4.587,0.694,-0.043,0.765,8.600,6.729,0.5084,0.3552,0.976,0.550,0.752,2.027,1.868,-0.883,0.0006,0.320,nan,0.00,1,1,1,1,0,0.0000,0.000,0,0.000,0,0.000,0,0,anduril,,anduril,0,0,0,0.000,0,-1,0
1785735210.318,11.718,-2.649,39.009,0.9781,0,5.162,1.679,-7.343,0.2944,4.436,0.572,-0.066,0.739,7.343,-1.408,1.4600,0.9601,1.064,0.674,0.755,2.059,1.983,-0.970,0.0006,0.256,nan,0.00,1,1,1,1,0,0.0000,0.000,0,0.000,0,0.000,2,0,anduril,,anduril,0,0,0,0.000,0,-1,0
1785735210.377,10.916,-2.593,40.054,0.9809,0,6.662,1.523,-5.961,0.3052,4.307,0.450,-0.085,0.718,5.961,-6.292,1.5582,0.9034,1.138,0.798,0.733,2.085,2.061,-1.070,0.0006,0.196,nan,0.00,1,1,1,1,0,0.0000,0.000,0,0.000,0,0.000,2,0,anduril,,anduril,0,0,0,0.000,0,-1,0
1785735210.432,10.417,-2.556,40.498,0.9825,0,8.162,1.383,-5.961,0.2885,4.307,0.450,-0.085,0.718,5.961,-7.388,0.3738,-0.0302,1.172,1.172,0.703,2.097,2.061,-1.174,0.0005,0.189,nan,0.00,1,1,1,0,0,0.0000,0.000,0,0.000,0,0.000,0,0,anduril,,anduril,0,0,0,0.000,0,-1,0
1785735210.478,9.305,-2.468,41.288,0.9859,0,9.662,1.366,-5.961,0.2718,4.307,0.450,-0.085,0.718,5.961,-8.493,0.4356,-0.1197,1.234,1.234,0.613,2.119,2.061,-1.102,0.0005,0.174,nan,0.00,1,1,1,0,0,0.0000,0.000,0,0.000,0,0.000,0,0,anduril,,anduril,0,0,0,0.000,0,-1,0
1785735210.533,7.716,-2.375,42.193,0.9901,0,11.162,1.456,-4.461,0.2821,4.160,0.289,-0.105,0.693,3.971,-8.210,0.8672,0.4008,1.281,0.845,0.544,2.144,2.032,-0.919,0.0005,0.107,nan,0.00,1,1,1,1,0,0.0000,0.000,0,0.000,0,0.000,1,0,anduril,,anduril,0,0,0,0.000,0,-1,0
1785735210.588,6.099,-2.239,42.810,0.9936,0,12.662,1.313,-3.971,0.2655,4.160,0.289,-0.105,0.693,3.971,-13.460,0.4670,-0.0271,1.312,1.312,0.517,2.161,2.032,-0.926,0.0005,0.089,nan,0.00,1,1,1,0,0,0.0000,0.000,0,0.000,0,0.000,0,0,anduril,,anduril,0,0,0,0.000,0,-1,0
1785735210.627,5.015,-2.154,43.112,0.9955,0,14.162,1.173,-2.471,0.2821,4.045,0.148,-0.120,0.674,2.096,-14.000,1.3236,0.4318,1.323,0.958,0.519,2.170,2.009,-0.980,0.0005,0.046,nan,0.00,1,1,1,1,0,0.0000,0.000,0,0.000,0,0.000,3,0,anduril,,anduril,0,0,0,0.000,0,-1,0
1785735210.697,2.545,-1.979,43.493,0.9984,0,15.662,0.954,-2.096,0.2655,4.045,0.148,-0.120,0.674,2.096,-14.000,0.3681,-0.0245,1.326,1.326,0.495,2.181,2.009,-1.025,0.0005,0.027,nan,0.00,1,1,1,0,0,0.0000,0.000,0,0.000,0,0.000,0,0,anduril,,anduril,0,0,0,0.000,0,-1,0
1785735210.729,1.584,-1.918,43.610,0.9991,0,15.584,0.768,-2.096,0.2625,4.045,0.148,-0.120,0.674,2.096,-14.000,0.3624,-0.0365,1.321,1.321,0.483,2.183,2.009,-1.150,0.0005,0.020,nan,0.00,1,1,1,0,0,0.0000,0.000,0,0.000,0,0.000,0,0,anduril,,anduril,0,0,0,0.000,0,-1,0
1785735210.780,0.327,-1.856,43.758,0.9995,0,14.327,0.686,-0.596,0.2733,3.932,0.013,-0.133,0.655,0.187,-14.000,0.9823,0.1896,1.307,0.989,0.479,2.187,1.986,-1.170,0.0005,-0.006,nan,0.00,1,1,1,1,0,0.0000,0.000,0,0.000,0,0.000,0,0,anduril,,anduril,0,0,0,0.000,0,-1,0
1785735210.836,-1.917,-1.746,43.950,0.9990,0,12.827,0.591,0.904,0.2857,3.808,-0.120,-0.155,0.635,-1.800,-14.000,1.9812,0.4421,1.264,1.149,0.499,2.191,1.962,-1.155,0.0005,-0.035,nan,0.00,1,1,1,1,0,0.0000,0.000,0,0.000,0,0.000,1,0,anduril,,anduril,0,0,0,0.000,0,-1,0
1785735210.910,-3.878,-1.654,43.924,0.9973,0,11.327,0.392,1.800,0.2691,3.808,-0.120,-0.155,0.635,-1.800,-14.000,0.0594,0.0082,1.209,1.209,0.507,2.189,1.962,-1.262,0.0005,-0.037,nan,0.00,1,1,1,0,0,0.0000,0.000,0,0.000,0,0.000,0,0,anduril,,anduril,0,0,0,0.000,0,-1,0
1785735210.988,-5.697,-1.593,43.734,0.9947,0,9.827,0.257,3.300,0.2782,3.695,-0.228,-0.186,0.616,-3.525,-14.000,1.1126,0.2314,1.137,1.088,0.480,2.183,1.939,-1.335,0.0005,-0.060,nan,0.00,1,1,1,1,0,0.0000,0.000,0,0.000,0,0.000,0,0,anduril,,anduril,0,0,0,0.000,0,-1,0
1785735211.058,-8.338,-1.563,43.266,0.9891,0,8.327,0.108,4.800,0.2747,3.572,-0.312,-0.220,0.595,-4.997,-14.000,0.6884,0.1089,0.995,0.950,0.448,2.171,1.914,-1.455,0.0005,-0.075,nan,0.00,1,1,1,1,0,0.0000,0.000,0,0.000,0,0.000,2,0,anduril,,anduril,0,0,0,0.000,0,-1,0
1785735211.090,-9.119,-1.581,43.012,0.9870,0,6.827,0.658,6.300,0.2724,3.152,-0.487,-0.318,0.525,-8.775,-14.000,-0.0049,-0.0043,0.945,0.945,0.444,2.165,1.685,-0.923,0.0005,-0.150,nan,0.00,1,1,1,0,1,0.0000,0.178,0,0.069,0,0.920,0,0,anduril,,anduril,0,0,0,0.000,0,-1,0
1785735211.137,-10.296,-1.647,42.299,0.9835,0,5.327,0.590,7.800,0.2722,3.152,-0.487,-0.318,0.525,-8.775,-14.000,-0.1001,-0.0190,0.850,0.850,0.429,2.152,1.685,-1.057,0.0005,-0.135,nan,0.00,1,1,1,0,1,0.0000,0.178,0,0.069,0,0.920,0,0,anduril,,anduril,0,0,0,0.000,0,-1,0
1785735211.183,-10.709,-1.695,41.772,0.9822,0,3.827,0.656,9.006,0.2785,3.066,-0.486,-0.333,0.511,-9.006,-14.000,0.1234,0.1033,0.807,0.713,0.418,2.144,1.660,-1.039,0.0006,-0.146,nan,0.00,1,1,1,1,1,0.0000,0.131,0,0.063,1,0.886,0,0,anduril,,anduril,0,0,0,0.000,0,-1,0
1785735211.247,-11.450,-1.837,40.537,0.9796,0,2.550,0.646,9.006,0.2732,3.066,-0.486,-0.333,0.511,-9.006,-14.000,0.0050,-0.0193,0.718,0.718,0.399,2.127,1.660,-1.191,0.0006,-0.131,nan,0.00,1,1,1,0,1,0.0000,0.131,0,0.063,1,0.886,0,0,anduril,,anduril,0,0,0,0.000,0,-1,0
1785735211.279,-11.763,-1.921,39.856,0.9784,0,2.237,0.804,9.182,0.2843,2.931,-0.474,-0.354,0.488,-9.182,-14.000,0.0902,0.2010,0.671,0.534,0.389,2.119,1.631,-1.117,0.0006,-0.151,nan,0.00,1,1,1,1,1,0.0000,0.131,0,0.061,1,0.874,0,0,anduril,,anduril,0,0,0,0.000,0,-1,0
1785735211.338,-12.159,-2.083,38.525,0.9769,0,1.841,0.948,9.143,0.2897,2.785,-0.448,-0.375,0.464,-9.143,-14.000,-0.0285,0.2955,0.578,0.378,0.365,2.106,1.611,-1.135,0.0006,-0.171,nan,0.00,1,1,1,1,1,0.0000,0.417,0,0.146,1,0.851,0,0,anduril,,anduril,0,0,0,0.000,0,-1,0
1785735211.420,-12.585,-2.283,36.574,0.9752,0,1.415,1.098,9.143,0.2730,2.785,-0.448,-0.375,0.464,-9.143,-14.000,0.0611,-0.0697,0.439,0.439,0.295,2.094,1.611,-1.185,0.0006,-0.157,nan,0.00,1,1,1,0,1,0.0000,0.417,0,0.146,1,0.851,0,0,anduril,,anduril,0,0,0,0.000,0,-1,0
1785735211.469,-12.701,-2.350,35.808,0.9747,0,1.299,1.249,9.143,0.2717,2.785,-0.448,-0.375,0.464,-9.143,-14.000,0.0040,-0.0978,0.382,0.382,0.267,2.092,1.611,-1.102,0.0006,-0.153,nan,0.00,1,1,1,0,1,0.0000,0.417,0,0.146,1,0.851,0,0,anduril,,anduril,0,0,0,0.000,0,-1,0
1785735211.511,-12.830,-2.420,34.855,0.9742,0,-0.201,1.374,8.429,0.2883,2.601,-0.386,-0.397,0.434,-8.429,-10.870,-0.1943,0.2328,0.311,0.155,0.243,2.090,1.615,-1.046,0.0007,-0.192,nan,0.00,1,1,1,1,1,0.0000,0.417,0,0.146,1,0.851,5,0,anduril,,anduril,0,0,0,0.000,0,-1,0
1785735211.551,-12.852,-2.455,34.270,0.9741,0,0.215,1.478,8.429,0.2770,2.601,-0.386,-0.397,0.434,-8.429,-13.067,0.1113,-0.0129,0.266,0.266,0.230,2.090,1.615,-0.978,0.0007,-0.190,nan,0.00,1,1,1,0,1,0.0000,0.215,0,0.161,1,0.836,0,0,anduril,,anduril,0,0,0,0.000,0,-1,0
1785735211.598,-12.844,-2.474,33.645,0.9741,0,-0.623,1.553,8.429,0.2766,2.601,-0.386,-0.397,0.434,-8.429,-12.221,0.0581,-0.0209,0.213,0.213,0.222,2.090,1.615,-0.921,0.0007,-0.189,nan,0.00,1,1,1,0,1,0.0000,0.215,0,0.161,1,0.836,0,0,anduril,,anduril,0,0,0,0.000,0,-1,0
1785735211.626,-12.854,-2.492,33.045,0.9740,0,-1.411,1.617,8.429,0.2761,2.601,-0.386,-0.397,0.434,-8.429,-11.443,0.0095,-0.0327,0.164,0.164,0.210,2.091,1.615,-0.875,0.0007,-0.188,nan,0.00,1,1,1,0,1,0.0000,0.215,0,0.161,1,0.836,0,0,anduril,,anduril,0,0,0,0.000,0,-1,0
1785735211.672,-12.666,-2.517,31.800,0.9747,0,-2.911,1.625,6.929,0.2854,2.372,-0.276,-0.416,0.395,-6.648,-6.212,-0.4424,0.1770,0.069,0.037,0.177,2.095,1.649,-0.892,0.0007,-0.183,nan,0.00,1,1,0,1,1,0.0000,0.235,0,0.212,0,0.848,0,0,anduril,,anduril,0,0,0,0.000,0,-1,0
1785735211.719,-12.399,-2.504,31.207,0.9757,0,-4.411,1.651,6.648,0.2841,2.372,-0.276,-0.416,0.395,-6.648,-6.748,-0.0210,0.1591,0.016,0.016,0.159,2.097,1.649,-0.853,0.0007,-0.177,nan,0.00,1,1,0,0,1,0.0000,0.235,0,0.212,0,0.848,0,0,anduril,,anduril,0,0,0,0.000,0,-1,0
1785735211.751,-12.023,-2.470,30.717,0.9772,0,-5.911,1.648,6.648,0.2826,2.372,-0.276,-0.416,0.395,-6.648,-5.929,-0.0719,0.1401,-0.035,-0.035,0.140,2.100,1.649,-0.822,0.0007,-0.172,nan,0.00,1,1,0,0,1,0.0000,0.235,0,0.213,0,0.838,0,0,anduril,,anduril,0,0,0,0.000,0,-1,0
1785735211.799,-10.973,-2.393,29.646,0.9809,0,-6.563,1.644,6.648,0.2791,2.372,-0.276,-0.416,0.395,-6.648,-4.410,-0.1658,0.0890,-0.129,-0.129,0.089,2.107,1.649,-0.749,0.0007,-0.167,nan,0.00,1,1,0,0,1,0.0000,0.235,0,0.213,0,0.838,0,0,anduril,,anduril,0,0,0,0.000,0,-1,0
1785735211.830,-10.973,-2.393,29.646,0.9809,0,-6.563,1.613,6.648,0.2789,2.372,-0.276,-0.416,0.395,-6.648,-4.410,-0.1658,0.0890,-0.129,-0.129,0.089,2.107,1.649,-0.780,0.0007,-0.162,nan,0.00,1,1,0,0,1,0.0000,0.475,0,0.219,0,0.796,0,0,anduril,,anduril,0,0,0,0.000,0,-1,0
1785735211.889,-9.959,-2.315,28.694,0.9841,0,-6.695,1.596,6.648,0.2755,2.372,-0.276,-0.416,0.395,-6.648,-3.264,-0.2365,0.0390,-0.200,-0.200,0.039,2.113,1.649,-0.719,0.0007,-0.157,nan,0.00,1,1,0,0,1,0.0000,0.475,0,0.219,0,0.796,2,0,anduril,,anduril,0,0,0,0.000,0,-1,0
1785735211.972,-8.839,-2.213,27.669,0.9874,0,-6.620,1.549,6.648,0.2725,2.372,-0.276,-0.416,0.395,-6.648,-2.219,-0.3008,-0.0055,-0.264,-0.264,-0.005,2.120,1.649,-0.664,0.0007,-0.152,nan,0.00,1,1,0,0,1,0.0000,0.296,0,0.217,1,0.773,0,0,anduril,,anduril,0,0,0,0.000,0,-1,0
1785735212.011,-7.712,-2.097,26.651,0.9903,0,-6.320,1.470,6.648,0.2702,2.372,-0.276,-0.416,0.395,-6.648,-1.392,-0.3516,-0.0354,-0.315,-0.315,-0.035,2.126,1.649,-0.627,0.0007,-0.148,nan,0.00,1,1,0,0,1,0.0000,0.243,0,0.112,2,0.704,0,0,anduril,,anduril,0,0,0,0.000,0,-1,0
1785735212.061,-7.154,-2.037,26.124,0.9916,0,-6.107,1.396,6.648,0.2692,2.372,-0.276,-0.416,0.395,-6.648,-1.048,-0.3727,-0.0454,-0.336,-0.336,-0.045,2.129,1.649,-0.641,0.0007,-0.143,nan,0.00,1,1,0,0,1,0.0000,0.243,0,0.112,2,0.704,2,0,anduril,,anduril,0,0,0,0.000,0,-1,0
1785735212.097,-6.631,-1.981,25.616,0.9927,0,-5.866,1.327,6.648,0.2686,2.372,-0.276,-0.416,0.395,-6.648,-0.765,-0.3900,-0.0507,-0.353,-0.353,-0.051,2.132,1.649,-0.654,0.0007,-0.139,nan,0.00,1,1,0,0,1,0.0000,0.122,0,0.033,1,0.683,0,0,anduril,,anduril,0,0,0,0.000,0,-1,0
1785735212.154,-5.584,-1.857,24.585,0.9947,0,-5.235,1.220,6.648,0.2677,2.372,-0.276,-0.416,0.395,-6.648,-0.348,-0.4157,-0.0555,-0.379,-0.379,-0.055,2.136,1.649,-0.637,0.0007,-0.135,nan,0.00,1,1,0,0,1,0.0000,0.122,0,0.033,1,0.683,2,0,anduril,,anduril,0,0,0,0.000,0,-1,0
1785735212.202,-5.055,-1.790,24.035,0.9956,0,-4.852,1.134,6.648,0.2673,2.372,-0.276,-0.416,0.395,-6.648,-0.203,-0.4246,-0.0564,-0.388,-0.388,-0.056,2.138,1.649,-0.656,0.0007,-0.131,nan,0.00,1,1,0,0,0,0.0000,0.000,0,0.000,0,0.000,1,0,anduril,,anduril,0,0,0,0.000,0,-1,0
1785735212.247,-4.651,-1.737,23.585,0.9962,0,-4.533,1.060,6.648,0.2669,2.372,-0.276,-0.416,0.395,-6.648,-0.119,-0.4297,-0.0582,-0.393,-0.393,-0.058,2.139,1.649,-0.677,0.0007,-0.127,nan,0.00,1,1,0,0,0,0.0000,0.000,0,0.000,0,0.000,2,0,anduril,,anduril,0,0,0,0.000,0,-1,0
1785735212.293,-3.810,-1.622,22.554,0.9974,0,-3.756,0.937,6.648,0.2662,2.372,-0.276,-0.416,0.395,-6.648,-0.055,-0.4337,-0.0632,-0.397,-0.397,-0.063,2.141,1.649,-0.686,0.0007,-0.123,nan,0.00,1,1,0,0,0,0.0000,0.000,0,0.000,0,0.000,0,0,anduril,,anduril,0,0,0,0.000,0,-1,0
1785735212.330,-3.191,-1.130,43.119,0.9983,0,-5.256,-0.563,6.648,0.2638,2.372,-0.276,-0.416,0.395,-6.648,11.927,-1.1744,-0.1094,-1.138,-1.138,-0.109,1.859,1.649,-2.500,0.0007,-0.119,nan,0.00,1,1,0,0,0,0.0000,0.000,0,0.000,0,0.000,0,0,anduril,,anduril,0,0,0,0.000,0,-1,0
1785735212.372,-3.491,0.190,50.089,0.9981,0,-6.756,-2.063,6.648,0.2569,2.372,-0.276,-0.416,0.395,-6.648,14.000,-1.4091,-0.2618,-1.373,-1.373,-0.262,1.700,1.649,-2.500,0.0007,-0.116,nan,0.00,1,1,0,0,0,0.0000,0.000,0,0.000,0,0.000,2,0,anduril,,anduril,0,0,0,0.000,0,-1,0
1785735212.417,-2.217,0.612,51.902,0.9992,0,-8.256,-3.112,6.648,0.2402,2.372,-0.276,-0.416,0.395,-6.648,14.000,-1.4942,-0.7339,-1.458,-1.458,-0.734,1.652,1.649,-2.500,0.0007,-0.112,nan,0.00,1,1,0,0,0,0.0000,0.000,0,0.000,0,0.000,0,0,anduril,,anduril,0,0,0,0.000,0,-1,0
1785735212.463,-1.916,0.103,49.138,0.9994,0,-9.756,-2.603,6.648,0.2259,2.372,-0.276,-0.416,0.395,-6.648,14.000,-1.4258,-0.9369,-1.389,-1.389,-0.937,1.718,1.649,-2.500,0.0007,-0.109,nan,0.00,1,1,0,0,0,0.0000,0.000,0,0.000,0,0.000,1,0,anduril,,anduril,0,0,0,0.000,0,-1,0
1785735212.510,-0.700,-0.316,48.784,0.9999,0,-11.256,-2.184,6.648,0.2220,2.372,-0.276,-0.416,0.395,-6.648,14.000,-1.4501,-1.0191,-1.414,-1.414,-1.019,1.730,1.649,-2.500,0.0007,-0.106,nan,0.00,1,1,0,0,0,0.0000,0.000,0,0.000,0,0.000,0,0,anduril,,anduril,0,0,0,0.000,0,-1,0
1785735212.554,0.160,-0.433,48.531,1.0000,0,-12.756,-1.906,6.648,0.2306,2.372,-0.276,-0.416,0.395,-6.648,14.000,-1.4554,-0.8260,-1.419,-1.419,-0.826,1.738,1.649,-2.340,0.0007,-0.102,nan,0.00,1,1,0,0,0,0.0000,0.000,0,0.000,0,0.000,3,0,anduril,,anduril,0,0,0,0.000,0,-1,0
1785735212.587,1.017,-0.576,47.862,0.9998,0,-12.983,-1.340,6.648,0.2411,2.372,-0.276,-0.416,0.395,-6.648,14.000,-1.4401,-0.5928,-1.403,-1.403,-0.593,1.757,1.649,-1.915,0.0007,-0.099,nan,0.00,1,1,0,0,0,0.0000,0.000,0,0.000,0,0.000,0,0,anduril,,anduril,0,0,0,0.000,0,-1,0
1785735212.623,1.958,-0.705,47.223,0.9993,0,-12.042,-0.895,6.648,0.2501,2.372,-0.276,-0.416,0.395,-6.648,14.000,-1.4173,-0.3926,-1.381,-1.381,-0.393,1.777,1.649,-1.600,0.0007,-0.096,nan,0.00,1,1,0,0,0,0.0000,0.000,0,0.000,0,0.000,0,0,anduril,,anduril,0,0,0,0.000,0,-1,0
1785735212.653,3.049,-0.776,46.757,0.9985,0,-10.951,-0.623,6.648,0.2560,2.372,-0.276,-0.416,0.395,-6.648,14.000,-1.3886,-0.2636,-1.352,-1.352,-0.264,1.794,1.649,-1.399,0.0007,-0.093,nan,0.00,1,1,0,0,0,0.0000,0.000,0,0.000,0,0.000,0,0,anduril,,anduril,0,0,0,0.000,0,-1,0
1785735212.720,4.052,-0.831,46.334,0.9974,0,-9.948,-0.438,6.648,0.2602,2.372,-0.276,-0.416,0.395,-6.648,14.000,-1.3547,-0.1768,-1.318,-1.318,-0.177,1.809,1.649,-1.270,0.0007,-0.091,nan,0.00,1,1,0,0,0,0.0000,0.000,0,0.000,0,0.000,0,0,anduril,,anduril,0,0,0,0.000,0,-1,0
1785735212.777,6.379,-0.814,44.996,0.9937,0,-8.448,0.038,6.648,0.2659,2.372,-0.276,-0.416,0.395,-6.648,12.657,-1.2205,-0.0689,-1.184,-1.184,-0.069,1.854,1.649,-0.776,0.0007,-0.088,nan,0.00,1,1,0,0,0,0.0000,0.000,0,0.000,0,0.000,0,0,anduril,,anduril,0,0,0,0.000,0,-1,0
1785735212.822,7.147,-0.787,44.539,0.9921,0,-6.948,-0.005,6.648,0.2673,2.372,-0.276,-0.416,0.395,-6.648,11.753,-1.1635,-0.0451,-1.127,-1.127,-0.045,1.868,1.649,-0.793,0.0007,-0.085,nan,0.00,1,1,0,0,0,0.0000,0.000,0,0.000,0,0.000,2,0,anduril,,anduril,0,0,0,0.000,0,-1,0
1785735212.868,8.462,-0.645,43.546,0.9891,0,-5.448,0.045,6.648,0.2696,2.372,-0.276,-0.416,0.395,-6.648,9.569,-1.0268,-0.0121,-0.990,-0.990,-0.012,1.898,1.649,-0.600,0.0007,-0.083,nan,0.00,1,1,0,0,0,0.0000,0.000,0,0.000,0,0.000,0,0,anduril,,anduril,0,0,0,0.000,0,-1,0
1785735212.912,9.074,-0.542,42.907,0.9874,0,-3.948,-0.066,6.648,0.2703,2.372,-0.276,-0.416,0.395,-6.648,8.032,-0.9313,-0.0037,-0.895,-0.895,-0.004,1.915,1.649,-0.609,0.0007,-0.080,nan,0.00,1,1,0,0,0,0.0000,0.000,0,0.000,0,0.000,0,0,anduril,,anduril,0,0,0,0.000,0,-1,0
1785735212.962,9.670,-0.414,42.085,0.9858,0,-2.448,-0.162,6.648,0.2707,2.372,-0.276,-0.416,0.395,-6.648,5.979,-0.8044,-0.0041,-0.768,-0.768,-0.004,1.933,1.649,-0.576,0.0007,-0.078,nan,0.00,1,1,0,0,0,0.0000,0.000,0,0.000,0,0.000,3,0,anduril,,anduril,0,0,0,0.000,0,-1,0
1785735213.000,9.904,-0.342,41.601,0.9851,0,-0.948,-0.324,6.648,0.2707,2.372,-0.276,-0.416,0.395,-6.648,4.750,-0.7286,-0.0067,-0.692,-0.692,-0.007,1.943,1.649,-0.666,0.0007,-0.076,nan,0.00,1,1,0,0,0,0.0000,0.000,0,0.000,0,0.000,0,0,anduril,,anduril,0,0,0,0.000,0,-1,0
1785735213.056,10.003,-0.288,41.158,0.9848,0,0.552,-0.458,6.648,0.2706,2.372,-0.276,-0.416,0.395,-6.648,3.630,-0.6598,-0.0099,-0.623,-0.623,-0.010,1.950,1.649,-0.746,0.0007,-0.073,nan,0.00,1,1,0,0,0,0.0000,0.000,0,0.000,0,0.000,0,0,anduril,,anduril,0,0,0,0.000,0,-1,0
1785735213.112,10.091,-0.181,40.219,0.9845,0,2.052,-0.538,6.648,0.2702,2.372,-0.276,-0.416,0.395,-6.648,1.255,-0.5140,-0.0193,-0.477,-0.477,-0.019,1.964,1.649,-0.719,0.0007,-0.071,nan,0.00,1,1,0,0,0,0.0000,0.000,0,0.000,0,0.000,2,0,anduril,,anduril,0,0,0,0.000,0,-1,0
1785735213.188,9.907,-0.085,39.189,0.9851,0,3.552,-0.642,6.648,0.2694,2.372,-0.276,-0.416,0.395,-6.648,-1.305,-0.3569,-0.0311,-0.320,-0.320,-0.031,1.974,1.649,-0.726,0.0007,-0.069,nan,0.00,1,1,0,0,0,0.0000,0.000,0,0.000,0,0.000,2,0,anduril,,anduril,0,0,0,0.000,0,-1,0
1785735213.247,9.286,-0.016,38.082,0.9869,0,5.052,-0.743,6.648,0.2683,2.372,-0.276,-0.416,0.395,-6.648,-3.952,-0.1940,-0.0426,-0.157,-0.157,-0.043,1.982,1.649,-0.759,0.0007,-0.067,nan,0.00,1,1,0,0,0,0.0000,0.000,0,0.000,0,0.000,0,0,anduril,,anduril,0,0,0,0.000,0,-1,0
1785735213.312,8.554,0.015,37.161,0.9889,0,6.552,-0.849,6.648,0.2674,2.372,-0.276,-0.416,0.395,-6.648,-6.015,-0.0666,-0.0493,-0.030,-0.030,-0.049,1.986,1.649,-0.833,0.0007,-0.065,nan,0.00,1,1,0,0,0,0.0000,0.000,0,0.000,0,0.000,2,0,anduril,,anduril,0,0,0,0.000,0,-1,0
1785735213.359,8.096,0.019,36.710,0.9900,0,8.052,-0.942,6.648,0.2670,2.372,-0.276,-0.416,0.395,-6.648,-6.937,-0.0093,-0.0512,0.027,0.027,-0.051,1.986,1.649,-0.923,0.0007,-0.063,nan,0.00,1,1,0,0,0,0.0000,0.000,0,0.000,0,0.000,2,0,anduril,,anduril,0,0,0,0.000,0,-1,0
1785735213.408,7.585,0.017,36.232,0.9912,0,9.552,-1.008,6.648,0.2665,2.372,-0.276,-0.416,0.395,-6.648,-7.869,0.0487,-0.0528,0.085,0.085,-0.053,1.986,1.649,-0.991,0.0007,-0.061,nan,0.00,1,1,0,0,0,0.0000,0.000,0,0.000,0,0.000,0,0,anduril,,anduril,0,0,0,0.000,0,-1,0
1785735213.442,6.203,-0.021,35.261,0.9941,0,11.052,-1.033,6.648,0.2656,2.372,-0.276,-0.416,0.395,-6.648,-9.568,0.1551,-0.0550,0.192,0.192,-0.055,1.985,1.649,-1.053,0.0007,-0.059,nan,0.00,1,1,0,0,0,0.0000,0.000,0,0.000,0,0.000,0,0,anduril,,anduril,0,0,0,0.000,0,-1,0
1785735213.495,5.409,-0.051,34.818,0.9955,0,12.552,-1.045,6.648,0.2651,2.372,-0.276,-0.416,0.395,-6.648,-10.244,0.1976,-0.0554,0.234,0.234,-0.055,1.985,1.649,-1.096,0.0007,-0.057,nan,0.00,1,1,0,0,0,0.0000,0.000,0,0.000,0,0.000,2,0,anduril,,anduril,0,0,0,0.000,0,-1,0
1785735213.561,3.537,-0.141,33.850,0.9981,0,14.052,-1.004,6.648,0.2644,2.372,-0.276,-0.416,0.395,-6.648,-11.462,0.2746,-0.0554,0.311,0.311,-0.055,1.982,1.649,-1.145,0.0007,-0.056,nan,0.00,1,1,0,0,0,0.0000,0.000,0,0.000,0,0.000,1,0,anduril,,anduril,0,0,0,0.000,0,-1,0
1785735213.624,1.465,-0.261,32.902,0.9997,0,13.751,-0.918,6.648,0.2640,2.372,-0.276,-0.416,0.395,-6.648,-12.286,0.3270,-0.0541,0.364,0.364,-0.054,1.980,1.649,-1.179,0.0007,-0.054,nan,0.00,1,1,0,0,1,0.0000,0.260,0,0.058,1,0.941,0,0,anduril,,anduril,0,0,0,0.000,0,-1,0
1785735213.687,-0.871,-0.417,31.896,0.9999,0,12.251,-0.777,6.648,0.2640,2.372,-0.276,-0.416,0.395,-6.648,-12.716,0.3544,-0.0514,0.391,0.391,-0.051,1.979,1.649,-1.194,0.0007,-0.052,nan,0.00,1,1,0,0,1,0.0000,0.260,0,0.058,1,0.941,2,0,anduril,,anduril,0,0,0,0.000,0,-1,0
1785735213.737,-1.963,-0.502,31.424,0.9994,0,10.804,-0.688,6.648,0.2642,2.372,-0.276,-0.416,0.395,-6.648,-12.766,0.3576,-0.0495,0.394,0.394,-0.050,1.979,1.649,-1.190,0.0007,-0.051,nan,0.00,1,1,0,0,1,0.0000,0.132,0,0.067,1,0.947,0,0,anduril,,anduril,0,0,0,0.000,0,-1,0
1785735213.769,-3.854,-0.673,30.452,0.9977,0,9.304,0.626,5.148,0.2648,4.000,0.023,0.000,0.233,0.328,-1.729,-0.0000,-0.0444,0.383,0.383,-0.044,1.980,1.200,-0.047,0.0007,-0.049,nan,0.00,0,1,0,1,1,0.0000,0.130,0,0.060,1,0.923,0,1,blueline,,BLUELINE,0,0,0,0.000,0,-1,0
1785735213.845,-5.429,-0.639,29.614,0.9955,0,7.804,1.128,3.648,0.2656,nan,nan,nan,0.000,0.000,-2.783,0.0000,-0.0390,0.348,0.348,-0.039,1.983,1.000,0.489,0.0007,-0.048,nan,0.00,0,0,0,0,1,0.0000,0.352,0,0.065,2,0.880,0,0,,,FLYING,0,0,0,0.000,0,-1,0
1785735213.911,-6.815,-0.515,29.034,0.9929,0,6.304,1.038,2.148,0.2664,nan,nan,nan,0.000,0.000,-2.282,0.0000,-0.0351,0.285,0.285,-0.035,1.986,1.000,0.524,0.0007,-0.046,nan,0.00,0,0,0,0,1,0.0000,0.352,0,0.065,2,0.880,0,0,,,FLYING,0,0,0,0.000,0,-1,0
1785735213.953,-7.375,-0.456,28.830,0.9917,0,4.804,0.983,0.648,0.2668,nan,nan,nan,0.000,0.000,-1.976,0.0000,-0.0334,0.247,0.247,-0.033,1.988,1.000,0.527,0.0007,-0.045,nan,0.00,0,0,0,0,1,0.0000,0.500,0,0.125,2,0.825,0,0,,,FLYING,0,0,0,0.000,0,-1,0
1785735214.012,-8.255,-0.301,28.737,0.9896,0,3.304,0.858,0.000,0.2674,nan,nan,nan,0.000,0.000,-1.171,0.0000,-0.0308,0.146,0.146,-0.031,1.991,1.000,0.557,0.0007,-0.044,nan,0.00,0,0,0,0,1,0.0000,0.500,0,0.125,2,0.825,2,0,,,FLYING,0,0,0,0.000,0,-1,0
1785735214.066,-8.566,-0.233,28.715,0.9888,0,1.804,0.782,0.000,0.2676,nan,nan,nan,0.000,0.000,-0.757,0.0000,-0.0301,0.095,0.095,-0.030,1.992,1.000,0.549,0.0007,-0.042,nan,0.00,0,0,0,0,1,0.0000,0.611,0,0.134,3,0.803,0,0,,,FLYING,0,0,0,0.000,0,-1,0
1785735214.121,-9.024,-0.107,28.700,0.9876,0,0.304,-0.718,0.889,0.2612,8.615,-0.134,0.189,1.000,-0.889,-2.171,-0.0000,-0.0000,-0.005,-0.005,-0.030,1.994,2.200,-2.455,0.0007,0.224,nan,0.00,1,1,1,1,1,0.0000,0.611,0,0.134,3,0.803,3,1,yolo,338.9,yolo,0,0,0,0.000,0,-1,0
1785735214.183,-9.150,-0.209,28.603,0.9873,0,-1.196,-2.218,0.889,0.2614,8.615,-0.134,0.189,1.000,-0.889,-0.584,-0.1060,0.0134,-0.111,-0.111,-0.017,1.996,2.200,-2.447,0.0007,0.239,nan,0.00,1,1,1,0,1,0.0000,0.633,0,0.153,3,0.773,0,0,yolo,338.9,yolo,0,0,0,0.000,0,-1,0
1785735214.219,-9.089,-0.385,28.556,0.9874,0,-2.696,-2.012,0.889,0.2612,8.615,-0.134,0.189,1.000,-0.889,0.160,-0.1557,0.0269,-0.161,-0.161,-0.003,1.998,2.185,-2.396,0.0006,0.265,nan,0.00,1,1,1,0,1,0.0000,0.638,0,0.157,3,0.763,0,0,yolo,338.9,yolo,0,0,0,0.000,0,-1,0
1785735214.283,-8.709,-0.705,28.489,0.9884,0,-4.196,-1.493,0.889,0.2608,8.615,-0.134,0.189,1.000,-0.889,1.516,-0.2463,0.0575,-0.251,-0.251,0.028,2.006,2.137,-2.198,0.0006,0.313,nan,0.00,1,1,1,0,1,0.0000,0.639,0,0.157,3,0.769,0,0,yolo,338.9,yolo,0,0,0,0.000,0,-1,0
1785735214.332,-8.130,-0.938,28.401,0.9898,0,-5.696,-1.074,0.889,0.2606,8.615,-0.134,0.189,1.000,-0.889,2.725,-0.3270,0.0830,-0.332,-0.332,0.053,2.016,2.103,-2.013,0.0006,0.347,nan,0.00,1,1,1,0,1,0.0000,0.639,0,0.157,3,0.769,0,0,yolo,338.9,yolo,0,0,0,0.000,0,-1,0
1785735214.371,-7.709,-1.033,28.351,0.9908,0,-7.196,-0.922,0.889,0.2604,8.615,-0.134,0.189,1.000,-0.889,3.307,-0.3658,0.0944,-0.371,-0.371,0.064,2.023,2.090,-1.955,0.0005,0.360,nan,0.00,1,1,1,0,1,0.0000,0.639,0,0.157,3,0.769,0,0,yolo,338.9,yolo,0,0,0,0.000,0,-1,0
1785735214.413,-7.709,-1.033,28.351,0.9908,0,-8.696,-0.986,0.889,0.2603,8.615,-0.134,0.189,1.000,-0.889,3.307,-0.3658,0.0944,-0.371,-0.371,0.064,2.023,2.090,-2.019,0.0005,0.360,nan,0.00,1,1,1,0,1,0.0000,0.639,0,0.157,3,0.769,0,0,yolo,338.9,yolo,0,0,0,0.000,0,-1,0
1785735214.464,-6.459,-1.198,28.243,0.9934,0,-10.196,-0.616,0.889,0.2599,8.615,-0.134,0.189,1.000,-0.889,4.322,-0.4336,0.1159,-0.439,-0.439,0.086,2.037,2.067,-1.814,0.0005,0.383,nan,0.00,1,1,1,0,1,0.0000,0.639,0,0.157,3,0.769,6,0,yolo,338.9,yolo,0,0,0,0.000,0,-1,0
1785735214.521,-4.914,-1.345,28.125,0.9960,0,-11.696,-0.575,-0.611,0.2570,8.592,0.693,0.140,1.000,4.613,14.000,-0.0000,-0.0000,-0.489,-0.489,0.107,2.054,2.168,-1.920,0.0004,0.282,nan,0.00,1,1,1,1,1,0.0000,0.273,0,0.170,2,0.857,0,0,yolo,365.2,yolo,0,0,0,0.000,0,-1,0
1785735214.548,-3.845,-1.399,28.145,0.9975,0,-13.196,-0.456,-2.111,0.2566,8.592,0.693,0.140,1.000,4.613,14.000,-0.0200,0.0131,-0.509,-0.509,0.120,2.063,2.147,-1.855,0.0004,0.303,nan,0.00,1,1,1,0,1,0.0000,0.273,0,0.170,2,0.857,0,0,yolo,365.2,yolo,0,0,0,0.000,0,-1,0
1785735214.594,-2.726,-1.436,28.302,0.9986,0,-14.696,-0.378,-3.611,0.2551,8.592,0.693,0.140,1.000,4.613,14.000,-0.0000,-0.0000,-0.525,-0.525,0.134,2.071,2.128,-1.814,0.0004,0.322,nan,0.00,1,1,1,1,1,0.0000,0.261,0,0.147,2,0.882,0,1,anduril,,anduril,0,0,0,0.000,0,-1,0
1785735214.639,-1.417,-1.463,28.602,0.9994,0,-15.417,-0.476,-5.111,0.2562,8.857,0.796,0.069,1.000,5.135,14.000,-0.0000,-0.0000,-0.538,-0.538,0.152,2.077,2.174,-1.939,0.0003,0.276,nan,0.00,1,1,1,1,1,0.0000,0.261,0,0.147,2,0.882,2,0,anduril,,anduril,0,0,0,0.000,0,-1,0
1785735214.675,-0.065,-1.494,28.939,0.9997,0,-14.065,-0.387,-5.135,0.2554,8.857,0.796,0.069,1.000,5.135,14.000,-0.0000,-0.0000,-0.541,-0.541,0.174,2.084,2.151,-1.881,0.0003,0.299,nan,0.00,1,1,1,1,1,0.0000,0.243,0,0.112,2,0.832,0,0,anduril,,anduril,0,0,0,0.000,0,-1,0
1785735214.720,1.254,-1.544,29.298,0.9994,0,-12.746,-0.406,-5.551,0.2562,9.092,0.884,0.009,1.000,5.551,14.000,-0.0000,-0.0000,-0.537,-0.537,0.196,2.090,2.177,-1.950,0.0003,0.273,nan,0.00,1,1,1,1,1,0.0000,0.243,0,0.112,2,0.832,2,0,anduril,,anduril,0,0,0,0.000,0,-1,0
1785735214.759,3.551,-1.653,30.154,0.9977,0,-11.246,-0.165,-5.677,0.2560,9.144,0.909,-0.026,1.000,5.677,14.000,-0.0000,-0.0000,-0.511,-0.511,0.240,2.102,2.156,-1.817,0.0003,0.294,nan,0.00,1,1,1,1,0,0.0000,0.000,0,0.000,0,0.000,0,0,anduril,,anduril,0,0,0,0.000,0,-1,0
1785735214.787,3.551,-1.653,30.154,0.9977,0,-10.449,-0.260,-5.677,0.2560,9.144,0.909,-0.026,1.000,5.677,14.000,-0.0000,-0.0000,-0.511,-0.511,0.240,2.102,2.156,-1.913,0.0002,0.294,nan,0.00,1,1,1,1,0,0.0000,0.000,0,0.000,0,0.000,0,1,yolo,228.8,yolo,0,0,0,0.000,0,-1,0
1785735214.843,5.496,-1.766,31.067,0.9949,0,-8.949,-0.043,-4.440,0.2569,9.087,0.706,-0.061,1.000,4.440,14.000,-0.0000,-0.0000,-0.460,-0.460,0.283,2.117,2.163,-1.808,0.0002,0.287,nan,0.00,1,1,1,1,0,0.0000,0.000,0,0.000,0,0.000,4,0,yolo,228.8,yolo,0,0,0,0.000,0,-1,0
1785735214.885,6.295,-1.809,31.444,0.9935,0,-7.705,0.060,-4.440,0.2567,9.087,0.706,-0.061,1.000,4.440,14.000,-0.0000,-0.0000,-0.424,-0.424,0.303,2.125,2.146,-1.749,0.0002,0.304,nan,0.00,1,1,1,1,1,0.0000,0.753,0,0.163,3,0.684,0,0,yolo,228.8,yolo,0,0,0,0.000,0,-1,0
1785735214.937,7.002,-1.843,31.776,0.9920,0,-6.205,0.048,-3.499,0.2580,9.044,0.553,-0.086,1.000,3.499,12.365,-0.0000,-0.0000,-0.383,-0.383,0.324,2.134,2.177,-1.795,0.0001,0.273,nan,0.00,1,1,1,1,1,0.0000,0.753,0,0.163,3,0.684,3,1,anduril,,anduril,0,0,0,0.000,0,-1,0
1785735214.975,7.823,-1.893,32.184,0.9902,0,-4.705,0.190,-3.499,0.2580,9.044,0.553,-0.086,1.000,3.499,11.869,-0.0000,-0.0000,-0.330,-0.330,0.349,2.145,2.161,-1.703,0.0001,0.289,nan,0.00,1,1,1,1,1,0.0000,0.700,0,0.266,2,0.610,0,0,anduril,,anduril,0,0,0,0.000,0,-1,0
1785735215.031,8.784,-1.954,32.725,0.9877,0,-3.684,0.318,-4.120,0.2611,9.207,0.663,-0.210,1.000,4.120,12.469,-0.0000,-0.0000,-0.234,-0.234,0.389,2.165,2.200,-1.636,0.0001,0.208,nan,0.00,1,1,1,1,1,0.0000,0.700,0,0.266,2,0.610,2,0,anduril,,anduril,0,0,0,0.000,0,-1,0
1785735215.069,9.125,-1.975,33.029,0.9868,0,-2.870,0.346,-4.120,0.2611,9.207,0.663,-0.210,1.000,4.120,11.995,-0.0000,-0.0000,-0.183,-0.183,0.408,2.176,2.200,-1.629,0.0001,0.215,nan,0.00,1,1,1,1,1,0.0000,0.375,0,0.304,2,0.566,0,0,anduril,,anduril,0,0,0,0.000,0,-1,0
1785735215.113,9.394,-2.001,33.372,0.9860,0,-2.138,0.387,-4.120,0.2610,9.207,0.663,-0.210,1.000,4.120,11.532,-0.0000,-0.0000,-0.133,-0.133,0.426,2.186,2.200,-1.614,0.0000,0.222,nan,0.00,1,1,1,1,1,0.0000,0.375,0,0.304,2,0.566,0,1,yolo,303.8,yolo,0,0,0,0.000,0,-1,0
1785735215.169,9.854,-2.049,34.010,0.9846,0,-0.638,0.607,-3.757,0.2648,9.026,0.593,-0.319,1.000,3.757,9.694,-0.0000,-0.0000,-0.032,-0.032,0.457,2.209,2.200,-1.442,0.0000,0.110,nan,0.00,1,1,1,1,1,0.0000,0.375,0,0.304,2,0.566,5,1,anduril,,anduril,0,0,0,0.000,0,-1,0
1785735215.212,9.925,-2.050,34.304,0.9844,0,0.703,0.598,-5.257,0.2648,9.026,0.593,-0.319,1.000,3.757,9.222,-0.0000,-0.0000,0.018,0.018,0.470,2.220,2.200,-1.452,0.0000,0.111,nan,8.00,1,1,1,1,1,1.2649,0.600,1,0.379,1,0.250,0,0,anduril,,anduril,0,0,0,0.000,0,-1,0
1785735215.248,9.878,-2.062,34.668,0.9845,0,0.098,0.616,-6.757,0.2679,9.195,0.667,-0.444,1.000,4.150,9.779,-0.0000,-0.0000,0.064,0.064,0.481,2.232,2.200,-1.446,0.0000,0.008,nan,8.00,1,1,1,1,1,1.2649,0.600,1,0.379,1,0.250,2,0,anduril,,anduril,0,0,0,0.000,0,-1,0
1785735215.309,9.820,-2.118,35.534,0.9847,0,0.325,0.838,-8.257,0.2747,9.762,0.733,-0.710,1.000,4.294,9.495,-0.0000,-0.0000,0.141,0.141,0.496,2.255,2.200,-1.279,0.0000,-0.213,nan,8.00,1,1,1,1,1,1.2586,0.583,1,0.436,1,0.215,2,0,anduril,,anduril,0,0,0,0.000,0,-1,0
1785735215.368,9.792,-2.157,36.185,0.9847,0,0.601,0.885,-9.757,0.2745,9.762,0.733,-0.710,1.000,4.294,9.191,-0.0000,-0.0000,0.176,0.176,0.500,2.269,2.200,-1.272,0.0001,-0.207,nan,8.00,1,1,1,1,1,1.2534,0.583,1,0.443,1,0.188,0,0,anduril,,anduril,0,0,0,0.000,0,-1,0
1785735215.404,9.707,-2.238,37.388,0.9849,0,-0.821,1.223,-11.257,0.2769,10.008,0.874,-0.839,1.000,4.991,10.528,-0.0000,-0.0000,0.228,0.228,0.495,2.294,2.162,-1.015,0.0001,-0.288,nan,8.00,1,1,1,1,1,1.2534,0.583,1,0.443,1,0.188,3,1,yolo,256.8,yolo,0,0,0,0.000,0,-1,0
1785735215.440,9.634,-2.296,38.192,0.9851,0,-0.657,1.279,-9.757,0.2766,10.008,0.874,-0.839,1.000,4.991,10.291,-0.0000,-0.0000,0.256,0.256,0.485,2.310,2.171,-1.017,0.0001,-0.279,nan,0.00,1,1,1,1,1,1.2501,0.286,1,0.457,1,0.167,0,0,yolo,256.8,yolo,0,0,0,0.000,0,-1,0
1785735215.485,9.698,-2.322,39.241,0.9849,0,0.843,1.534,-8.257,0.2783,9.618,0.597,-0.835,1.000,3.553,6.261,-0.0000,-0.0000,0.294,0.294,0.467,2.332,2.118,-0.788,0.0002,-0.332,nan,0.00,1,1,1,1,1,0.0000,0.281,0,0.511,1,0.148,0,1,anduril,,anduril,0,0,0,0.000,0,-1,0
1785735215.548,9.558,-2.291,40.308,0.9853,0,2.343,2.502,-6.757,0.2887,10.412,0.506,-1.191,1.000,2.783,4.105,-0.0000,-0.0000,0.346,0.346,0.440,2.358,1.776,0.211,0.0002,-0.674,nan,0.00,1,1,1,1,1,0.0000,0.281,0,0.511,1,0.148,3,0,anduril,,anduril,0,0,0,0.000,0,-1,0
1785735215.594,9.480,-2.268,40.782,0.9856,0,3.843,2.436,-5.257,0.2888,10.412,0.506,-1.191,1.000,2.783,3.891,-0.0000,-0.0000,0.372,0.372,0.425,2.370,1.771,0.168,0.0003,-0.679,nan,0.00,1,1,1,1,1,0.0000,0.281,0,0.525,1,0.118,0,0,anduril,,anduril,0,0,0,0.000,0,-1,0
1785735215.641,9.292,-2.167,41.366,0.9862,0,5.343,2.838,-3.757,0.2949,10.893,0.517,-1.394,1.000,2.718,3.614,-0.0000,-0.0000,0.404,0.404,0.402,2.386,1.570,0.671,0.0004,-0.880,nan,0.00,1,1,1,1,1,0.0000,0.281,0,0.531,1,0.104,0,1,yolo,231.9,yolo,0,0,0,0.000,0,-1,0
1785735215.713,8.124,-1.676,42.402,0.9895,0,6.843,2.801,-2.257,0.2962,10.389,0.270,-1.310,1.000,1.487,-0.480,-0.0000,-0.0000,0.508,0.508,0.299,2.420,1.496,1.125,0.0005,-0.954,nan,0.00,1,1,1,1,1,0.0000,0.281,0,0.531,1,0.104,2,1,anduril,,anduril,0,0,0,0.000,0,-1,0
1785735215.753,7.286,-1.341,42.871,0.9917,0,8.205,2.585,-1.487,0.2976,10.389,0.270,-1.310,1.000,1.487,-0.918,-0.0000,-0.0000,0.560,0.560,0.216,2.435,1.428,1.243,0.0005,-1.022,nan,0.00,1,1,1,1,1,0.0000,0.281,0,0.535,1,0.090,0,0,anduril,,anduril,0,0,0,0.000,0,-1,0
1785735215.800,6.207,-1.021,43.070,0.9940,0,9.705,2.733,-0.267,0.3065,11.017,0.051,-1.550,1.000,0.267,-4.081,-0.0000,-0.0000,0.609,0.609,0.124,2.443,1.200,1.712,0.0005,-1.339,nan,0.00,1,1,1,1,1,0.0000,0.562,0,0.525,1,0.074,0,0,anduril,,anduril,0,0,0,0.000,0,-1,0
1785735215.850,5.497,-0.825,43.126,0.9953,0,9.776,2.400,-0.267,0.3073,11.017,0.051,-1.550,1.000,0.267,-4.279,-0.0000,-0.0000,0.634,0.634,0.068,2.447,1.200,1.575,0.0005,-1.379,nan,0.00,1,1,1,1,1,0.0000,0.562,0,0.525,1,0.074,0,1,yolo,232.3,yolo,0,0,0,0.000,0,-1,0
1785735215.889,4.775,-0.645,43.146,0.9965,0,10.162,2.111,0.005,0.3051,10.506,-0.001,-1.442,1.000,-0.005,-5.388,-0.0000,-0.0000,0.657,0.657,0.009,2.449,1.200,1.466,0.0005,-1.318,nan,0.00,1,1,1,1,1,0.0000,0.562,0,0.516,1,0.088,0,0,yolo,232.3,yolo,0,0,0,0.000,0,-1,0
1785735215.957,3.181,-0.283,43.191,0.9984,0,11.662,1.670,1.494,0.3040,10.091,-0.263,-1.338,1.000,-1.494,-9.638,-0.0000,-0.0000,0.695,0.695,-0.136,2.451,1.200,1.387,0.0005,-1.301,nan,0.00,1,1,1,1,1,0.0000,0.562,0,0.491,1,0.098,0,0,yolo,225.0,yolo,0,0,0,0.000,0,-1,0
1785735216.032,1.471,0.017,43.143,0.9997,0,13.162,1.105,2.098,0.3002,9.325,-0.342,-1.176,1.000,-2.098,-11.851,-0.0000,-0.0000,0.719,0.719,-0.291,2.448,1.263,1.122,0.0005,-1.187,nan,0.00,1,1,1,1,1,0.0000,0.562,0,0.491,1,0.098,3,0,yolo,225.0,yolo,0,0,0,0.000,0,-1,0
1785735216.072,-0.493,0.240,42.870,1.0000,0,11.662,0.798,2.098,0.3008,9.325,-0.342,-1.176,1.000,-2.098,-12.011,-0.0000,-0.0000,0.737,0.737,-0.442,2.441,1.238,1.038,0.0005,-1.212,nan,0.00,1,1,1,1,1,0.0000,0.333,0,0.391,2,0.144,0,0,yolo,225.0,yolo,0,0,0,0.000,0,-1,0
1785735216.142,-2.237,0.358,42.579,0.9992,0,11.317,0.288,2.559,0.2979,8.815,-0.394,-1.068,1.000,-2.559,-13.554,-0.0000,-0.0000,0.738,0.738,-0.573,2.432,1.343,0.646,0.0005,-1.107,nan,0.00,1,1,1,1,1,0.0000,0.333,0,0.391,2,0.144,3,1,anduril,,anduril,0,0,0,0.000,0,-1,0
1785735216.191,-3.327,0.428,42.406,0.9983,0,10.161,0.170,2.559,0.2983,8.815,-0.394,-1.068,1.000,-2.559,-13.489,-0.0000,-0.0000,0.731,0.731,-0.649,2.426,1.341,0.598,0.0005,-1.109,nan,0.00,1,1,1,1,1,0.0000,0.292,0,0.346,1,0.217,0,0,anduril,,anduril,0,0,0,0.000,0,-1,0
1785735216.236,-4.482,0.426,42.139,0.9969,0,8.661,0.450,2.425,0.3056,9.379,-0.397,-1.305,1.000,-2.425,-12.570,-0.0000,-0.0000,0.713,0.713,-0.741,2.418,1.200,0.875,0.0005,-1.339,nan,0.00,1,1,1,1,1,1.2493,0.300,1,0.262,1,0.269,0,0,anduril,,anduril,0,0,0,0.000,0,-1,0
1785735216.296,-5.900,0.451,41.792,0.9947,0,7.161,0.340,2.441,0.3174,10.254,-0.437,-1.681,1.000,-2.441,-11.788,-0.0000,-0.0000,0.681,0.681,-0.858,2.408,1.200,0.790,0.0005,-1.708,nan,0.00,1,1,1,1,1,1.2493,0.300,1,0.262,1,0.269,3,0,anduril,,anduril,0,0,0,0.000,0,-1,0
1785735216.332,-7.089,0.480,41.476,0.9923,0,5.661,0.248,2.441,0.3179,10.254,-0.437,-1.681,1.000,-2.441,-11.404,-0.0000,-0.0000,0.635,0.635,-0.978,2.398,1.200,0.727,0.0005,-1.700,nan,0.00,1,1,1,1,1,0.0000,0.203,0,0.132,1,0.491,0,1,yolo,250.2,yolo,0,0,0,0.000,0,-1,0
1785735216.373,-7.577,0.479,41.289,0.9912,0,5.001,0.249,2.943,0.3109,9.874,-0.508,-1.453,1.000,-2.943,-12.578,-0.0000,-0.0000,0.603,0.603,-1.054,2.392,1.200,0.728,0.0005,-1.456,nan,0.00,1,1,1,1,1,0.0000,0.203,0,0.132,1,0.491,2,1,anduril,,anduril,0,0,0,0.000,0,-1,0
1785735216.410,-8.015,0.474,41.080,0.9902,0,4.275,0.250,2.943,0.3110,9.874,-0.508,-1.453,1.000,-2.943,-12.290,-0.0000,-0.0000,0.569,0.569,-1.136,2.386,1.200,0.724,0.0005,-1.450,nan,0.00,1,1,1,1,1,0.0000,0.086,0,0.053,0,0.456,0,0,anduril,,anduril,0,0,0,0.000,0,-1,0
1785735216.440,-8.451,0.466,40.864,0.9891,0,3.542,0.252,2.943,0.2944,9.874,-0.508,-1.453,1.000,-2.943,-11.993,-0.0000,-0.0000,0.535,0.535,-1.222,2.380,1.200,0.718,0.0005,-1.443,nan,0.00,1,1,1,1,1,0.0000,0.086,0,0.053,0,0.456,0,0,anduril,,anduril,0,0,0,0.000,0,-1,0
1785735216.486,-8.780,0.455,40.627,0.9883,0,2.874,0.252,2.943,0.2777,9.874,-0.508,-1.453,1.000,-2.943,-11.654,-0.0000,-0.0000,0.496,0.496,-1.300,2.374,1.200,0.707,0.0005,-1.437,nan,0.00,1,1,1,1,1,0.0000,0.086,0,0.053,0,0.456,0,1,yolo,191.0,yolo,0,0,0,0.000,0,-1,0
1785735216.529,-9.087,0.444,40.415,0.9874,0,3.669,0.040,3.457,0.2678,9.517,-0.575,-1.194,1.000,-3.457,-12.756,-0.0000,-0.0000,0.458,0.458,-1.358,2.369,1.288,0.484,0.0005,-1.162,nan,0.00,1,1,1,1,1,0.0000,0.478,0,0.103,2,0.661,0,0,yolo,191.0,yolo,0,0,0,0.000,0,-1,0
1785735216.574,-9.655,0.397,39.959,0.9858,0,2.381,-0.028,3.457,0.2683,9.517,-0.575,-1.194,1.000,-3.457,-12.036,-0.0000,-0.0000,0.378,0.378,-1.402,2.358,1.304,0.369,0.0005,-1.146,nan,0.00,1,1,1,1,1,0.0000,0.478,0,0.103,2,0.661,0,0,yolo,191.0,yolo,0,0,0,0.000,0,-1,0
1785735216.612,-9.871,0.353,39.709,0.9852,0,0.881,-1.286,1.957,0.2685,8.688,-0.264,-0.621,1.000,-1.739,-7.686,-0.0000,-0.0000,0.338,0.338,-1.385,2.353,1.830,-0.933,0.0005,-0.620,nan,0.00,1,1,1,1,1,0.0000,0.272,0,0.168,1,0.745,0,0,yolo,212.5,yolo,0,0,0,0.000,0,-1,0
1785735216.660,-9.956,0.239,39.540,0.9849,0,-0.619,-1.556,2.001,0.2686,8.510,-0.297,-0.492,1.000,-2.001,-7.742,-0.0444,0.0264,0.294,0.294,-1.359,2.347,1.982,-1.317,0.0006,-0.468,nan,0.00,1,1,1,0,1,0.0000,0.272,0,0.168,1,0.745,2,0,yolo,212.5,yolo,0,0,0,0.000,0,-1,0
1785735216.690,-10.020,-0.009,39.358,0.9847,0,-2.119,-1.452,2.001,0.2687,8.510,-0.297,-0.492,1.000,-2.001,-6.269,-0.1421,0.0898,0.196,0.196,-1.295,2.338,2.019,-1.461,0.0006,-0.431,nan,0.00,1,1,1,0,1,0.0000,0.332,0,0.178,2,0.777,0,0,yolo,212.5,yolo,0,0,0,0.000,0,-1,0
1785735216.733,-10.020,-0.009,39.358,0.9847,0,-3.619,-1.374,2.001,0.2688,8.510,-0.297,-0.492,1.000,-2.001,-6.269,-0.1421,0.0898,0.196,0.196,-1.295,2.338,2.019,-1.383,0.0007,-0.431,nan,0.00,1,1,1,0,1,0.0000,0.332,0,0.178,2,0.777,2,0,yolo,212.5,yolo,0,0,0,0.000,0,-1,0
1785735216.778,-9.635,-0.260,39.116,0.9859,0,-4.867,-1.231,2.001,0.2685,8.510,-0.297,-0.492,1.000,-2.001,-4.768,-0.2416,0.1232,0.096,0.096,-1.262,2.333,2.054,-1.491,0.0007,-0.396,nan,0.00,1,1,1,0,1,0.0000,0.341,0,0.194,2,0.802,0,0,yolo,212.5,yolo,0,0,0,0.000,0,-1,0
1785735216.840,-9.366,-0.385,38.994,0.9866,0,-5.361,-1.113,2.001,0.2683,8.510,-0.297,-0.492,1.000,-2.001,-4.004,-0.2923,0.1313,0.046,0.046,-1.254,2.331,2.071,-1.498,0.0007,-0.379,nan,0.00,1,1,1,0,1,0.0000,0.341,0,0.194,2,0.802,0,0,yolo,212.5,yolo,0,0,0,0.000,0,-1,0
1785735216.892,-8.658,-0.610,38.755,0.9885,0,-6.861,-1.175,0.501,0.2678,8.161,-0.020,-0.200,1.000,-0.138,0.201,-0.0000,-0.0000,-0.052,-0.052,-1.245,2.330,2.200,-1.786,0.0008,-0.108,nan,0.00,1,1,1,1,1,0.0000,0.351,0,0.210,2,0.823,0,0,yolo,278.1,yolo,0,0,0,0.000,0,-1,0
1785735216.967,-7.405,-0.878,38.568,0.9915,0,-8.361,-0.829,0.138,0.2670,8.161,-0.020,-0.200,1.000,-0.138,2.189,-0.1281,0.0072,-0.180,-0.180,-1.238,2.334,2.200,-1.707,0.0008,-0.071,nan,0.00,1,1,1,0,1,0.0000,0.351,0,0.210,2,0.823,2,0,yolo,278.1,yolo,0,0,0,0.000,0,-1,0
1785735217.004,-6.318,-1.025,38.571,0.9938,0,-9.861,-0.607,0.138,0.2664,8.161,-0.020,-0.200,1.000,-0.138,3.575,-0.2173,0.0123,-0.269,-0.269,-1.233,2.338,2.200,-1.632,0.0008,-0.051,nan,0.00,1,1,1,0,1,0.0000,0.428,0,0.160,1,0.808,0,0,yolo,278.1,yolo,0,0,0,0.000,0,-1,0
1785735217.046,-5.609,-1.071,38.565,0.9950,0,-9.845,-0.524,0.138,0.2661,8.161,-0.020,-0.200,1.000,-0.138,4.236,-0.2599,0.0155,-0.312,-0.312,-1.230,2.342,2.200,-1.595,0.0008,-0.045,nan,0.00,1,1,1,0,1,0.0000,0.428,0,0.160,1,0.808,3,0,yolo,278.1,yolo,0,0,0,0.000,0,-1,0
1785735217.102,-4.210,-1.156,38.555,0.9971,0,-9.533,-0.365,0.138,0.2655,8.161,-0.020,-0.200,1.000,-0.138,5.324,-0.3299,0.0229,-0.382,-0.382,-1.222,2.348,2.200,-1.521,0.0008,-0.034,nan,0.00,1,1,1,0,1,0.0000,0.205,0,0.137,1,0.813,0,0,yolo,278.1,yolo,0,0,0,0.000,0,-1,0
1785735217.158,-3.365,-1.203,38.548,0.9981,0,-11.033,-0.290,-1.362,0.2602,7.708,0.277,0.022,1.000,2.055,9.775,-0.0000,-0.0000,-0.417,-0.417,-1.217,2.353,2.200,-1.493,0.0008,0.168,nan,0.00,1,1,1,1,1,0.0000,0.139,0,0.088,1,0.838,0,0,yolo,225.2,yolo,0,0,0,0.000,0,-1,0
1785735217.190,-1.572,-1.268,38.569,0.9994,0,-12.267,-0.126,-2.055,0.2599,7.708,0.277,0.022,1.000,2.055,10.695,-0.0572,0.0131,-0.474,-0.474,-1.204,2.363,2.200,-1.394,0.0007,0.185,nan,0.00,1,1,1,0,1,0.0000,0.139,0,0.088,1,0.838,0,0,yolo,225.2,yolo,0,0,0,0.000,0,-1,0
1785735217.222,-1.572,-1.268,38.569,0.9994,0,-12.267,-0.185,-2.055,0.2599,7.708,0.277,0.022,1.000,2.055,10.695,-0.0572,0.0131,-0.474,-0.474,-1.204,2.363,2.200,-1.453,0.0007,0.185,nan,0.00,1,1,1,0,1,0.0000,0.278,0,0.088,1,0.838,0,0,yolo,225.2,yolo,0,0,0,0.000,0,-1,0
1785735217.263,-0.529,-1.281,38.728,0.9997,0,-11.672,-0.162,-2.055,0.2601,7.708,0.277,0.022,1.000,2.055,11.143,-0.0850,0.0247,-0.502,-0.502,-1.192,2.367,2.200,-1.443,0.0007,0.192,nan,0.00,1,1,1,0,1,0.0000,0.278,0,0.088,1,0.838,3,0,yolo,225.2,yolo,0,0,0,0.000,0,-1,0
1785735217.299,1.282,-1.310,39.046,0.9995,0,-10.391,-0.088,-2.055,0.2611,7.708,0.277,0.022,1.000,2.055,11.673,-0.1180,0.0540,-0.535,-0.535,-1.163,2.374,2.200,-1.398,0.0007,0.205,nan,0.00,1,1,1,0,1,0.0000,0.264,0,0.065,1,0.871,0,0,yolo,225.2,yolo,0,0,0,0.000,0,-1,0
1785735217.344,2.003,-1.322,39.164,0.9991,0,-8.891,-0.084,-2.342,0.2478,7.644,0.313,0.060,1.000,2.342,10.761,-0.1912,-0.2140,-0.541,-0.352,-1.147,2.377,2.200,-1.406,0.0007,0.247,nan,0.00,1,1,1,1,1,0.0000,0.264,0,0.065,1,0.871,3,0,yolo,202.3,yolo,0,0,0,0.000,0,-1,0
1785735217.379,2.961,-1.339,39.327,0.9984,0,-9.909,-0.042,-2.342,0.2583,7.644,0.313,0.060,1.000,2.342,12.870,-0.1895,0.0191,-0.542,-0.542,-1.128,2.381,2.195,-1.381,0.0006,0.255,nan,0.00,1,1,1,0,1,0.0000,0.350,0,0.062,2,0.900,0,0,yolo,202.3,yolo,0,0,0,0.000,0,-1,0
1785735217.408,4.142,-1.362,39.581,0.9971,0,-8.590,0.036,-2.342,0.2593,7.644,0.313,0.060,1.000,2.342,12.732,-0.1810,0.0412,-0.533,-0.533,-1.106,2.387,2.186,-1.326,0.0006,0.264,nan,0.00,1,1,1,0,1,0.0000,0.350,0,0.062,2,0.900,0,0,yolo,202.3,yolo,0,0,0,0.000,0,-1,0
1785735217.439,4.784,-1.373,39.738,0.9962,0,-7.783,0.058,-2.342,0.2599,7.644,0.313,0.060,1.000,2.342,12.567,-0.1707,0.0546,-0.523,-0.523,-1.093,2.391,2.181,-1.315,0.0006,0.269,nan,0.00,1,1,1,0,1,0.0000,0.350,0,0.062,2,0.900,0,0,yolo,202.3,yolo,0,0,0,0.000,0,-1,0
1785735217.481,5.379,-1.384,39.896,0.9953,0,-6.933,0.086,-2.342,0.2607,7.644,0.313,0.060,1.000,2.342,12.313,-0.1550,0.0689,-0.507,-0.507,-1.079,2.395,2.176,-1.298,0.0006,0.274,nan,0.00,1,1,1,0,1,0.0000,0.350,0,0.062,2,0.900,3,0,yolo,202.3,yolo,0,0,0,0.000,0,-1,0
1785735217.520,5.931,-1.395,40.056,0.9944,0,-8.069,0.188,-3.044,0.2440,7.541,0.401,0.082,1.000,3.044,14.000,-0.9241,-0.3259,-0.487,-0.434,-1.063,2.399,2.144,-1.207,0.0005,0.306,nan,0.00,1,1,1,1,1,0.0000,0.347,0,0.059,2,0.899,0,0,yolo,187.8,yolo,0,0,0,0.000,0,-1,0
1785735217.577,7.077,-1.418,40.397,0.9921,0,-6.569,0.293,-3.044,0.2587,7.541,0.401,0.082,1.000,3.044,12.645,-0.0067,0.0368,-0.441,-0.441,-1.027,2.407,2.133,-1.125,0.0005,0.317,nan,0.00,1,1,1,0,1,0.0000,0.347,0,0.059,2,0.899,3,0,yolo,187.8,yolo,0,0,0,0.000,0,-1,0
1785735217.638,7.671,-1.426,40.651,0.9907,0,-5.069,0.314,-3.044,0.2601,7.541,0.401,0.082,1.000,3.044,12.136,0.0244,0.0640,-0.410,-0.410,-0.999,2.411,2.128,-1.112,0.0005,0.322,nan,0.00,1,1,1,0,1,0.0000,0.332,0,0.040,2,0.869,2,0,yolo,187.8,yolo,0,0,0,0.000,0,-1,0
1785735217.685,8.658,-1.443,41.110,0.9883,0,-3.569,0.416,-3.044,0.2629,7.541,0.401,0.082,1.000,3.044,10.967,0.0961,0.1179,-0.338,-0.338,-0.946,2.420,2.119,-1.027,0.0004,0.331,nan,0.00,1,1,1,0,1,0.0000,0.121,0,0.030,1,0.858,0,0,yolo,187.8,yolo,0,0,0,0.000,0,-1,0
1785735217.750,9.233,-1.446,41.543,0.9867,0,-2.069,0.482,-3.044,0.2577,7.541,0.401,0.082,1.000,3.044,10.513,-0.0000,-0.0000,-0.256,-0.256,-0.895,2.429,2.115,-0.964,0.0004,0.335,nan,0.00,1,1,1,1,1,0.0000,0.121,0,0.030,1,0.858,3,1,anduril,,anduril,0,0,0,0.000,0,-1,0
1785735217.824,9.711,-1.450,41.972,0.9854,0,-3.569,0.452,-4.544,0.2610,8.203,0.952,-0.130,1.000,6.619,14.000,-0.0000,-0.0000,-0.169,-0.169,-0.864,2.438,2.148,-0.998,0.0004,0.240,nan,0.00,1,1,1,1,1,0.0000,0.120,0,0.025,1,0.837,3,0,anduril,,anduril,0,0,0,0.000,0,-1,0
1785735217.862,10.127,-1.464,42.436,0.9841,0,-3.873,0.576,-6.044,0.2607,8.258,0.994,-0.130,1.000,6.863,14.000,-0.0000,-0.0000,-0.086,-0.086,-0.833,2.447,2.121,-0.888,0.0003,0.258,nan,0.00,1,1,1,1,1,0.0000,0.120,0,0.026,1,0.832,0,0,anduril,,anduril,0,0,0,0.000,0,-1,0
1785735217.920,10.448,-1.493,42.804,0.9831,0,-3.552,1.066,-7.544,0.2624,8.820,1.434,-0.281,1.000,9.232,14.000,-0.0000,-0.0000,-0.043,-0.043,-0.814,2.453,1.931,-0.427,0.0003,0.213,nan,0.00,1,1,1,1,1,0.0000,0.322,0,0.027,2,0.834,0,0,anduril,,anduril,0,0,0,0.000,0,-1,0
1785735217.986,11.052,-1.541,44.072,0.9811,0,-2.948,1.816,-9.044,0.2646,9.626,2.065,-0.507,1.000,12.108,14.000,-0.0000,-0.0000,0.033,0.033,-0.780,2.467,1.691,0.276,0.0003,0.157,nan,0.00,1,1,1,1,1,0.0000,0.322,0,0.027,2,0.834,3,0,anduril,,anduril,0,0,0,0.000,0,-1,0
1785735218.023,11.287,-1.565,44.554,0.9803,0,-2.713,1.818,-10.544,0.2644,9.626,2.065,-0.507,1.000,12.108,14.000,-0.0000,-0.0000,0.064,0.064,-0.769,2.473,1.691,0.254,0.0003,0.170,nan,0.00,1,1,1,1,1,0.0000,0.322,0,0.028,2,0.845,0,0,anduril,,anduril,0,0,0,0.000,0,-1,0
1785735218.080,11.713,-1.558,45.917,0.9788,0,-2.287,2.096,-12.000,0.2651,9.846,2.249,-0.578,1.000,12.864,14.000,-0.0000,-0.0000,0.132,0.132,-0.747,2.489,1.628,0.537,0.0003,0.159,nan,0.00,1,1,1,1,1,0.0000,0.321,0,0.027,2,0.852,0,1,yolo,205.7,yolo,0,0,0,0.000,0,-1,0
1785735218.134,11.910,-1.587,46.721,0.9781,0,-2.090,2.126,-12.000,0.2649,9.846,2.249,-0.578,1.000,12.864,14.000,-0.0000,-0.0000,0.161,0.161,-0.737,2.498,1.628,0.540,0.0003,0.172,nan,0.00,1,1,1,1,1,0.0000,0.321,0,0.027,2,0.852,0,0,yolo,205.7,yolo,0,0,0,0.000,0,-1,0
1785735218.175,12.257,-1.633,48.673,0.9768,0,-1.743,1.904,-10.639,0.2645,9.724,1.827,-0.479,1.000,10.639,14.000,-0.0000,-0.0000,0.224,0.224,-0.717,2.521,1.813,0.271,0.0002,0.197,nan,0.00,1,1,1,1,1,0.0000,0.321,0,0.027,2,0.852,3,1,anduril,,anduril,0,0,0,0.000,0,-1,0
1785735218.234,12.436,-1.660,49.803,0.9761,0,-1.564,2.093,-11.121,0.2636,9.719,1.911,-0.475,1.000,11.121,14.000,-0.0000,-0.0000,0.278,0.278,-0.705,2.537,1.773,0.433,0.0002,0.230,nan,0.00,1,1,1,1,1,0.0000,0.322,0,0.028,2,0.866,2,0,anduril,,anduril,0,0,0,0.000,0,-1,0
1785735218.271,12.631,-1.679,51.071,0.9754,0,-1.369,2.152,-10.766,0.2631,9.657,1.836,-0.443,1.000,10.766,14.000,-0.0000,-0.0000,0.340,0.340,-0.690,2.557,1.802,0.473,0.0002,0.252,nan,0.00,1,1,1,1,1,0.0000,0.162,0,0.029,0,0.889,0,0,anduril,,anduril,0,0,0,0.000,0,-1,0
1785735218.302,12.719,-1.687,51.857,0.9750,0,-1.281,2.161,-10.766,0.2630,9.657,1.836,-0.443,1.000,10.766,14.000,-0.0000,-0.0000,0.375,0.375,-0.680,2.570,1.799,0.474,0.0002,0.256,nan,0.00,1,1,1,1,1,0.0000,0.162,0,0.029,0,0.889,0,1,yolo,217.1,yolo,0,0,0,0.000,0,-1,0
1785735218.348,12.804,-1.693,52.660,0.9747,0,-1.196,2.182,-10.766,0.2630,9.657,1.836,-0.443,1.000,10.766,14.000,-0.0000,-0.0000,0.410,0.410,-0.669,2.583,1.797,0.489,0.0001,0.260,nan,0.00,1,1,1,1,1,0.0000,0.162,0,0.029,0,0.889,0,0,yolo,217.1,yolo,0,0,0,0.000,0,-1,0
1785735218.396,12.888,-1.698,53.440,0.9744,0,-1.112,1.846,-9.266,0.2629,9.688,1.532,-0.374,1.000,8.984,14.000,-0.0000,-0.0000,0.446,0.446,-0.657,2.596,1.941,0.149,0.0001,0.264,nan,0.00,1,1,1,1,0,0.0000,0.000,0,0.000,0,0.000,0,0,yolo,190.2,yolo,0,0,0,0.000,0,-1,0
1785735218.466,13.122,-1.718,55.681,0.9734,0,-0.878,2.153,-8.422,0.2634,9.815,1.453,-0.376,1.000,8.422,14.000,-0.0000,-0.0000,0.570,0.570,-0.617,2.639,1.992,0.436,0.0001,0.257,nan,0.00,1,1,1,1,0,0.0000,0.000,0,0.000,0,0.000,2,0,yolo,190.2,yolo,0,0,0,0.000,0,-1,0
1785735218.515,13.200,-1.670,56.584,0.9732,0,-0.800,2.056,-8.145,0.2639,9.878,1.414,-0.378,1.000,8.145,14.000,-0.0000,-0.0000,0.637,0.637,-0.599,2.659,2.021,0.387,0.0001,0.243,nan,0.00,1,1,1,1,0,0.0000,0.000,0,0.000,0,0.000,1,0,yolo,190.2,yolo,0,0,0,0.000,0,-1,0
1785735218.560,13.243,-1.646,57.088,0.9730,0,-0.476,1.896,-7.872,0.2647,9.941,1.374,-0.379,1.000,7.872,13.719,0.0392,0.0101,0.676,0.676,-0.589,2.671,2.044,0.250,0.0000,0.232,nan,0.00,1,1,1,0,0,0.0000,0.000,0,0.000,0,0.000,2,0,yolo,190.2,yolo,0,0,0,0.000,0,-1,0
1785735218.597,13.319,-1.604,58.241,0.9727,0,0.864,2.022,-7.872,0.2660,9.941,1.374,-0.379,1.000,7.872,12.454,0.1324,0.0326,0.769,0.769,-0.566,2.699,2.044,0.418,0.0000,0.226,nan,0.00,1,1,1,0,0,0.0000,0.000,0,0.000,0,0.000,0,0,yolo,190.2,yolo,0,0,0,0.000,0,-1,0
1785735218.627,13.243,-1.575,58.841,0.9730,0,1.460,1.954,-7.872,0.2665,9.941,1.374,-0.379,1.000,7.872,11.783,0.1818,0.0429,0.819,0.819,-0.556,2.714,2.044,0.378,-0.0000,0.219,nan,0.00,1,1,1,0,0,0.0000,0.000,0,0.000,0,0.000,0,0,yolo,190.2,yolo,0,0,0,0.000,0,-1,0
1785735218.674,13.243,-1.575,58.841,0.9730,0,1.460,1.742,-7.872,0.2665,9.941,1.374,-0.379,1.000,7.872,11.783,0.1818,0.0429,0.819,0.819,-0.556,2.714,2.044,0.167,-0.0000,0.219,nan,0.00,1,1,1,0,0,0.0000,0.000,0,0.000,0,0.000,2,0,yolo,190.2,yolo,0,0,0,0.000,0,-1,0
1785735218.715,12.980,-1.539,60.065,0.9741,0,2.960,3.242,-6.372,0.2498,20.049,1.552,0.400,0.350,4.425,2.501,-0.0000,-0.0000,0.918,0.918,-0.538,2.744,1.200,2.536,-0.0000,1.277,nan,0.00,0,1,1,1,0,0.0000,0.000,0,0.000,0,0.000,0,1,anduril,,anduril,0,0,0,0.000,0,-1,0
1785735218.765,12.505,-1.241,61.079,0.9760,0,4.460,3.948,-4.872,0.2348,20.049,1.552,0.400,0.350,4.425,2.349,-0.0000,-0.0000,1.019,1.019,-0.497,2.772,1.200,2.707,-0.0000,1.161,nan,0.00,0,1,1,1,0,0.0000,0.000,0,0.000,0,0.000,0,0,anduril,,anduril,0,0,0,0.000,0,-1,0
1785735218.806,12.195,-1.043,61.483,0.9773,0,5.960,4.043,-4.041,0.2514,20.149,1.424,0.424,0.350,4.041,0.088,1.3508,0.7912,1.070,0.729,-0.457,2.783,1.200,3.000,-0.0000,1.081,nan,0.00,0,1,1,1,0,0.0000,0.000,0,0.000,0,0.000,0,0,anduril,,anduril,0,0,0,0.000,0,-1,0
1785735218.844,11.710,-0.779,61.842,0.9791,0,7.460,3.779,-4.041,0.2419,20.149,1.424,0.424,0.350,4.041,1.158,0.3993,0.0516,1.128,1.128,-0.406,2.793,1.200,3.000,-0.0001,0.978,nan,0.00,0,1,1,0,0,0.0000,0.000,0,0.000,0,0.000,0,0,anduril,,anduril,0,0,0,0.000,0,-1,0
