t,roll,pitch,yaw,up,upset,cmd_roll_deg,cmd_pitch_deg,cmd_yaw_deg,thrust,bx,by,bz,blend,bearing_deg,desired_roll,d_lat,d_vert,vY_imu,vY_fused,vD,vX,v_target,pitch_des,elev_i,elev_err,agl,turn_ff,reliable,vision_valid,elev_fresh,is_new_d,bl_found,bl_hdg,bl_conf,bl_hdg_valid,bl_span,bl_paired,bl_cy,bl_gap,src_switch,source,infer_ms,mode,gate,gate_id,peek_side,peek_strength,peek_active,occ_gap,collision
1785651496.499,0.000,-17.800,0.000,0.9521,0,-0.446,15.800,-0.751,0.2740,5.822,0.019,-1.550,0.970,0.184,0.446,-0.0000,-0.0000,0.000,0.000,-0.000,-0.000,2.146,-2.000,0.0060,0.304,nan,1.46,1,1,1,1,1,0.0511,1.000,1,0.364,6,0.134,0,0,yolo,116.7,yolo,0,0,0,0.000,0,-1,0
1785651496.533,0.002,-17.693,-0.001,0.9527,0,-0.437,15.693,-1.143,0.2739,5.822,0.019,-1.550,0.970,0.185,0.439,0.0004,-0.0049,0.000,0.000,-0.005,0.018,2.158,-2.000,0.0059,0.292,nan,1.86,1,1,1,0,1,0.0648,1.000,1,0.364,6,0.134,0,0,yolo,122.6,yolo,0,0,0,0.000,0,-1,0
1785651496.571,0.002,-17.693,-0.001,0.9527,0,-0.437,15.693,-0.969,0.2739,5.822,0.019,-1.550,0.970,0.185,0.439,0.0004,-0.0049,0.000,0.000,-0.005,0.018,2.158,-2.000,0.0059,0.292,nan,1.68,1,1,1,0,1,0.0587,1.000,1,0.523,8,0.099,0,0,yolo,122.6,yolo,0,0,0,0.000,0,-1,0
1785651496.610,0.004,-15.765,0.001,0.9624,0,-0.431,14.193,-0.839,0.2767,5.822,0.019,-1.550,0.970,0.185,0.435,0.0006,-0.0214,0.001,0.001,-0.021,0.040,2.200,-2.000,0.0059,0.090,nan,1.55,1,1,1,0,1,0.0542,1.000,1,0.523,8,0.099,0,0,yolo,122.6,yolo,0,0,0,0.000,0,-1,0
1785651496.648,0.079,-13.592,0.132,0.9720,0,-0.346,12.693,-0.881,0.2804,5.822,0.019,-1.550,0.970,0.185,0.425,0.0011,-0.0331,0.001,0.001,-0.033,0.069,2.200,-2.000,0.0059,-0.139,nan,1.59,1,1,1,0,1,0.0557,1.000,1,0.526,8,0.047,0,0,yolo,122.6,yolo,0,0,0,0.000,0,-1,0
1785651496.689,0.104,-12.102,0.256,0.9778,0,0.665,11.193,-0.676,0.2971,5.822,0.002,-1.549,0.970,0.017,-0.562,0.0854,0.7765,0.002,0.013,-0.045,0.099,2.156,-2.000,0.0059,-0.294,nan,1.55,1,1,1,1,1,0.0540,1.000,1,0.583,9,-0.015,0,0,yolo,124.7,yolo,0,0,0,0.000,0,-1,0
1785651496.728,0.128,-10.762,0.323,0.9824,0,0.078,9.693,-0.280,0.2873,5.822,0.002,-1.549,0.970,0.017,0.050,-0.0103,-0.0167,0.003,0.003,-0.062,0.141,2.015,-2.000,0.0060,-0.435,nan,1.15,1,1,1,0,1,0.0402,1.000,1,0.523,8,0.093,0,0,yolo,124.7,yolo,0,0,0,0.000,0,-1,0
1785651496.766,0.070,-9.701,0.374,0.9857,0,0.030,8.193,-0.280,0.2889,5.822,0.002,-1.549,0.970,0.017,0.040,-0.0098,-0.0365,0.003,0.003,-0.081,0.195,1.904,-2.000,0.0060,-0.546,nan,1.15,1,1,1,0,1,0.0402,1.000,1,0.523,8,0.093,0,0,yolo,124.7,yolo,0,0,0,0.000,0,-1,0
1785651496.804,0.060,-8.795,0.407,0.9882,0,-1.470,6.795,-1.139,0.3056,6.308,0.031,-1.661,1.000,0.284,2.100,-0.2206,0.9831,0.004,-0.021,-0.111,0.244,1.773,-2.000,0.0061,-0.677,nan,0.86,1,1,1,1,1,0.0299,1.000,1,0.523,8,0.093,2,0,yolo,124.7,yolo,0,0,0,0.000,0,-1,0
1785651496.844,0.066,-7.970,0.423,0.9903,0,-0.464,5.970,-1.430,0.2944,6.308,0.031,-1.661,1.000,0.284,0.529,0.0251,-0.0384,0.004,0.004,-0.149,0.292,1.680,-2.000,0.0062,-0.770,nan,1.15,1,1,1,0,1,0.0400,1.000,1,0.444,7,0.181,0,0,yolo,124.7,yolo,0,0,0,0.000,0,-1,0
1785651496.883,0.224,-7.182,0.517,0.9921,0,-0.292,5.182,-1.622,0.2941,6.308,0.031,-1.661,1.000,0.284,0.516,0.0258,-0.0940,0.005,0.005,-0.205,0.341,1.591,-2.000,0.0063,-0.859,nan,1.34,1,1,1,0,1,0.0467,1.000,1,0.431,7,0.209,0,0,yolo,124.7,yolo,0,0,0,0.000,0,-1,0
1785651496.922,0.240,-6.451,0.681,0.9937,0,0.070,4.451,-1.534,0.2775,6.391,0.024,-1.470,1.000,0.214,0.169,0.0774,-1.1628,0.006,-0.001,-0.273,0.388,1.707,-2.000,0.0063,-0.743,nan,1.32,1,1,1,1,1,0.0461,1.000,1,0.431,7,0.209,0,0,yolo,123.8,yolo,0,0,0,0.000,0,-1,0
1785651496.960,0.253,-5.879,0.824,0.9947,0,-0.156,3.879,-1.154,0.2934,6.391,0.024,-1.470,1.000,0.214,0.410,0.0079,-0.0623,0.006,0.006,-0.336,0.426,1.642,-2.000,0.0064,-0.808,nan,0.94,1,1,1,0,1,0.0328,1.000,1,0.370,6,0.257,0,0,yolo,123.8,yolo,0,0,0,0.000,0,-1,0
1785651496.998,0.261,-5.412,0.941,0.9955,0,-0.125,3.412,-0.868,0.2916,6.391,0.024,-1.470,1.000,0.214,0.386,0.0092,-0.1353,0.008,0.008,-0.408,0.466,1.589,-2.000,0.0065,-0.861,nan,0.65,1,1,1,0,1,0.0228,1.000,1,0.370,6,0.257,0,0,yolo,123.8,yolo,0,0,0,0.000,0,-1,0
1785651497.037,0.271,-4.968,1.022,0.9962,0,0.361,2.968,-0.655,0.2749,6.240,0.016,-1.152,1.000,0.143,-0.090,0.0585,-1.9029,0.009,0.011,-0.479,0.504,1.843,-2.000,0.0066,-0.607,nan,0.51,1,1,1,1,1,0.0179,1.000,1,0.361,6,0.283,0,0,yolo,129.9,yolo,0,0,0,0.000,0,-1,0
1785651497.077,0.224,-4.598,1.086,0.9968,0,0.016,2.598,-0.548,0.2888,6.240,0.016,-1.152,1.000,0.143,0.208,-0.0003,-0.0489,0.011,0.011,-0.528,0.539,1.802,-2.000,0.0066,-0.648,nan,0.41,1,1,1,0,1,0.0142,1.000,1,0.361,6,0.283,0,0,yolo,129.9,yolo,0,0,0,0.000,0,-1,0
1785651497.112,0.224,-4.314,1.133,0.9972,0,0.036,2.314,-1.155,0.2880,6.240,0.016,-1.152,1.000,0.143,0.188,0.0008,-0.0873,0.012,0.012,-0.566,0.567,1.771,-2.000,0.0067,-0.679,nan,1.01,1,1,1,0,1,0.0354,1.000,1,0.360,6,0.196,0,0,yolo,129.9,yolo,0,0,0,0.000,0,-1,0
1785651497.140,0.224,-4.314,1.133,0.9972,0,0.036,2.314,-1.155,0.2880,6.240,0.016,-1.152,1.000,0.143,0.188,0.0008,-0.0873,0.012,0.012,-0.566,0.567,1.771,-2.000,0.0068,-0.679,nan,1.01,1,1,1,0,1,0.0354,1.000,1,0.360,6,0.196,0,0,yolo,129.9,yolo,0,0,0,0.000,0,-1,0
1785651497.177,0.215,-4.039,1.231,0.9975,0,0.039,2.039,-1.611,0.2872,6.240,0.016,-1.152,1.000,0.143,0.176,0.0014,-0.1263,0.013,0.013,-0.605,0.596,1.740,-2.000,0.0068,-0.710,nan,1.47,1,1,1,0,1,0.0512,1.000,1,0.360,6,0.196,3,0,yolo,129.9,yolo,0,0,0,0.000,0,-1,0
1785651497.217,0.201,-3.791,1.395,0.9978,0,0.022,1.791,-1.450,0.2863,6.240,0.016,-1.152,1.000,0.143,0.179,0.0012,-0.1640,0.012,0.012,-0.643,0.623,1.713,-2.000,0.0069,-0.737,nan,1.31,1,1,1,0,1,0.0456,1.000,1,0.301,5,0.488,0,0,yolo,129.9,yolo,0,0,0,0.000,0,-1,0
1785651497.255,0.192,-3.588,1.537,0.9980,0,0.008,1.588,-1.329,0.2855,6.240,0.016,-1.152,1.000,0.143,0.183,0.0010,-0.1974,0.012,0.012,-0.676,0.648,1.691,-2.000,0.0070,-0.759,nan,1.19,1,1,1,0,1,0.0414,1.000,1,0.301,5,0.488,2,0,yolo,129.9,yolo,0,0,0,0.000,0,-1,0
1785651497.282,0.185,-3.409,1.649,0.9982,0,0.002,1.409,-1.558,0.2841,6.240,0.016,-1.152,1.000,0.143,0.183,0.0010,-0.2419,0.012,0.012,-0.721,0.671,1.671,-2.000,0.0071,-0.779,nan,1.41,1,1,1,0,1,0.0494,1.000,1,0.295,5,0.520,0,0,yolo,129.9,yolo,0,0,0,0.000,0,-1,0
1785651497.315,0.178,-3.240,1.790,0.9984,0,-0.012,1.240,-1.729,0.2826,6.240,0.016,-1.152,1.000,0.143,0.190,0.0007,-0.2876,0.012,0.012,-0.767,0.694,1.653,-2.000,0.0072,-0.797,nan,1.59,1,1,1,0,1,0.0554,1.000,1,0.295,5,0.520,0,0,yolo,129.9,yolo,0,0,0,0.000,0,-1,0
1785651497.346,0.178,-3.240,1.790,0.9984,0,-0.012,1.240,-2.506,0.2827,6.240,0.016,-1.152,1.000,0.143,0.190,0.0007,-0.2876,0.012,0.012,-0.767,0.694,1.653,-2.000,0.0072,-0.797,nan,2.36,1,1,1,0,1,0.0825,1.000,1,0.288,5,0.540,0,0,yolo,129.9,yolo,0,0,0,0.000,0,-1,0
1785651497.379,0.166,-3.081,2.050,0.9986,0,-0.059,1.081,-2.506,0.2812,6.240,0.016,-1.152,1.000,0.143,0.225,-0.0012,-0.3327,0.010,0.010,-0.812,0.717,1.635,-2.000,0.0073,-0.815,nan,2.36,1,1,1,0,1,0.0825,1.000,1,0.288,5,0.540,0,0,yolo,129.9,yolo,0,0,0,0.000,0,-1,0
1785651497.419,0.160,-2.962,2.286,0.9987,0,1.441,0.962,-3.473,0.2918,10.516,-0.151,-1.212,1.000,-0.825,-2.129,-0.0000,-0.0000,0.008,0.008,-0.845,0.736,1.782,-2.000,0.0074,-0.668,nan,4.30,1,1,1,1,1,0.1500,1.000,1,0.284,5,0.559,0,0,yolo,128.3,yolo,0,0,0,0.000,0,-1,0
1785651497.455,0.151,-2.837,2.536,0.9988,0,2.263,0.837,-4.487,0.2925,10.516,-0.151,-1.212,1.000,-0.825,-2.111,-0.0000,-0.0000,0.006,0.006,-0.879,0.756,1.759,-2.000,0.0075,-0.691,nan,5.31,1,1,1,1,1,0.1854,1.000,1,0.284,5,0.559,0,0,yolo,128.3,yolo,0,0,0,0.000,0,-1,0
1785651497.493,0.151,-2.837,2.536,0.9988,0,2.263,0.837,-2.987,0.2926,10.516,-0.151,-1.212,1.000,-0.825,-2.111,-0.0000,-0.0000,0.006,0.006,-0.879,0.756,1.759,-2.000,0.0075,-0.691,nan,0.00,1,1,1,1,1,0.0000,0.971,0,0.232,4,0.723,0,0,yolo,128.3,yolo,0,0,0,0.000,0,-1,0
1785651497.533,-0.355,-2.636,3.300,0.9989,0,3.416,0.636,-1.487,0.2759,10.451,-0.173,-1.127,1.000,-0.949,-3.772,0.2253,-0.4630,-0.001,0.033,-0.964,0.795,1.806,-2.000,0.0076,-0.644,nan,0.00,1,1,1,1,1,0.0000,0.971,0,0.232,4,0.723,0,0,yolo,117.0,yolo,0,0,0,0.000,0,-1,0
1785651497.570,-0.355,-2.636,3.300,0.9989,0,1.916,0.636,0.013,0.2913,10.451,-0.173,-1.127,1.000,-0.949,-2.192,-0.0343,0.0000,-0.001,-0.001,-0.964,0.795,1.806,-2.000,0.0076,-0.644,nan,0.00,1,1,1,0,1,0.0000,0.960,0,0.225,4,0.740,0,0,yolo,117.0,yolo,0,0,0,0.000,0,-1,0
1785651497.611,-0.859,-2.492,3.393,0.9989,0,1.263,0.492,0.949,0.2886,10.451,-0.173,-1.127,1.000,-0.949,-2.122,-0.0396,-0.0771,-0.006,-0.006,-1.041,0.827,1.781,-2.000,0.0077,-0.669,nan,0.00,1,1,1,0,1,0.0000,0.952,0,0.220,4,0.737,0,0,yolo,117.0,yolo,0,0,0,0.000,0,-1,0
1785651497.642,-0.859,-2.492,3.393,0.9989,0,1.263,0.492,0.949,0.2887,10.451,-0.173,-1.127,1.000,-0.949,-2.122,-0.0396,-0.0771,-0.006,-0.006,-1.041,0.827,1.781,-2.000,0.0078,-0.669,nan,0.00,1,1,1,0,1,0.0000,0.952,0,0.220,4,0.737,0,0,yolo,117.0,yolo,0,0,0,0.000,0,-1,0
1785651497.674,-0.983,-2.435,3.290,0.9990,0,2.188,0.435,1.034,0.2720,10.287,-0.186,-0.949,1.000,-1.034,-3.171,0.0766,-0.8051,-0.011,0.024,-1.083,0.843,1.942,-2.000,0.0078,-0.508,nan,0.00,1,1,1,1,1,0.0000,0.959,0,0.225,4,0.671,0,0,yolo,120.9,yolo,0,0,0,0.000,0,-1,0
1785651497.704,-1.228,-2.383,3.178,0.9989,0,1.034,0.383,1.034,0.2865,10.287,-0.186,-0.949,1.000,-1.034,-2.262,-0.0393,-0.0265,-0.015,-0.015,-1.110,0.859,1.933,-2.000,0.0079,-0.517,nan,0.00,1,1,1,0,1,0.0000,0.959,0,0.225,4,0.671,0,0,yolo,120.9,yolo,0,0,0,0.000,0,-1,0
1785651497.740,-1.228,-2.383,3.178,0.9989,0,1.034,0.383,1.034,0.2866,10.287,-0.186,-0.949,1.000,-1.034,-2.262,-0.0393,-0.0265,-0.015,-0.015,-1.110,0.859,1.933,-2.000,0.0079,-0.517,nan,0.00,1,1,1,0,1,0.0000,0.959,0,0.225,4,0.671,1,0,yolo,120.9,yolo,0,0,0,0.000,0,-1,0
1785651497.783,-1.324,-2.335,3.075,0.9989,0,2.534,0.335,1.525,0.2699,10.121,-0.270,-0.836,1.000,-1.525,-14.000,2.6039,-2.0000,-0.023,0.358,-1.133,0.875,2.033,-2.000,0.0080,-0.417,nan,0.00,1,1,1,1,1,0.0000,0.945,0,0.216,4,0.624,0,0,yolo,116.1,yolo,0,0,0,0.000,0,-1,0
1785651497.818,-1.614,-2.299,2.931,0.9988,0,1.034,0.299,1.525,0.2842,10.121,-0.270,-0.836,1.000,-1.525,-1.637,-0.3868,-0.0185,-0.029,-0.029,-1.151,0.890,2.028,-2.000,0.0080,-0.422,nan,0.00,1,1,1,0,1,0.0000,0.945,0,0.216,4,0.624,3,0,yolo,116.1,yolo,0,0,0,0.000,0,-1,0
1785651497.844,-1.699,-2.268,2.776,0.9988,0,-0.184,0.268,1.525,0.2838,10.121,-0.270,-0.836,1.000,-1.525,-1.515,-0.3958,-0.0323,-0.038,-0.038,-1.165,0.904,2.023,-2.000,0.0081,-0.427,nan,0.00,1,1,1,0,1,0.0000,0.936,0,0.210,4,0.638,0,0,yolo,116.1,yolo,0,0,0,0.000,0,-1,0
1785651497.876,-1.667,-2.240,2.632,0.9988,0,-0.308,0.240,1.525,0.2835,10.121,-0.270,-0.836,1.000,-1.525,-1.359,-0.4074,-0.0432,-0.049,-0.049,-1.176,0.918,2.018,-2.000,0.0081,-0.432,nan,0.00,1,1,1,0,1,0.0000,0.936,0,0.210,4,0.638,0,0,yolo,116.1,yolo,0,0,0,0.000,0,-1,0
1785651497.902,-1.667,-2.240,2.632,0.9988,0,1.192,0.240,1.870,0.2668,9.945,-0.325,-0.637,1.000,-1.870,-8.333,0.2987,-0.9665,-0.049,0.251,-1.176,0.918,2.200,-2.000,0.0081,-0.238,nan,0.00,1,1,1,1,1,0.0000,0.937,0,0.211,4,0.672,0,0,yolo,120.3,yolo,0,0,0,0.000,0,-1,0
1785651497.938,-1.801,-2.217,2.466,0.9988,0,0.838,0.217,1.870,0.2793,9.945,-0.325,-0.637,1.000,-1.870,-2.638,-0.3083,-0.0090,-0.057,-0.057,-1.185,0.931,2.200,-2.000,0.0082,-0.242,nan,0.00,1,1,1,0,1,0.0000,0.937,0,0.211,4,0.672,0,0,yolo,120.3,yolo,0,0,0,0.000,0,-1,0
1785651497.977,-1.881,-2.197,2.277,0.9987,0,0.623,0.197,1.870,0.2792,9.945,-0.325,-0.637,1.000,-1.870,-2.504,-0.3181,-0.0149,-0.067,-0.067,-1.191,0.945,2.200,-2.000,0.0082,-0.245,nan,0.00,1,1,1,0,1,0.0000,0.936,0,0.210,4,0.691,0,0,yolo,120.3,yolo,0,0,0,0.000,0,-1,0
1785651498.016,-1.937,-2.181,2.110,0.9987,0,2.123,0.181,2.216,0.2625,9.345,-0.362,-0.440,1.000,-2.216,-14.000,1.6960,-2.0000,-0.077,0.292,-1.204,0.957,2.200,-2.000,0.0082,-0.072,nan,0.00,1,1,1,1,1,0.0000,0.936,0,0.210,4,0.691,0,0,yolo,118.1,yolo,0,0,0,0.000,0,-1,0
1785651498.050,-2.159,-2.167,1.908,0.9986,0,0.713,0.167,2.216,0.2726,9.345,-0.362,-0.440,1.000,-2.216,-2.872,-0.3769,-0.0007,-0.085,-0.085,-1.205,0.970,2.200,-2.000,0.0082,-0.072,nan,0.00,1,1,1,0,1,0.0000,0.812,0,0.205,3,0.711,0,0,yolo,118.1,yolo,0,0,0,0.000,0,-1,0
1785651498.079,-2.161,-2.167,1.906,0.9986,0,0.710,0.167,2.216,0.2726,9.345,-0.362,-0.440,1.000,-2.216,-2.871,-0.3770,-0.0005,-0.085,-0.085,-1.205,0.970,2.200,-2.000,0.0082,-0.072,nan,0.00,1,1,1,0,1,0.0000,0.812,0,0.205,3,0.711,0,0,yolo,118.1,yolo,0,0,0,0.000,0,-1,0
1785651498.116,-2.212,-2.155,1.674,0.9985,0,0.477,0.155,2.216,0.2752,9.345,-0.362,-0.440,1.000,-2.216,-2.689,-0.3898,0.0079,-0.098,-0.098,-1.196,0.984,2.200,-2.000,0.0082,-0.074,nan,0.00,1,1,1,0,1,0.0000,0.812,0,0.205,3,0.711,3,0,yolo,118.1,yolo,0,0,0,0.000,0,-1,0
1785651498.157,-2.255,-2.145,1.472,0.9985,0,1.977,0.145,2.438,0.2585,8.962,-0.382,-0.302,1.000,-2.438,-8.767,0.2086,-0.7395,-0.110,0.170,-1.187,0.996,2.200,-2.000,0.0082,0.049,nan,0.00,1,1,1,1,1,0.0000,0.686,0,0.196,2,0.714,0,0,yolo,118.2,yolo,0,0,0,0.000,0,-1,0
1785651498.193,-2.489,-2.138,1.226,0.9984,0,0.987,0.138,2.438,0.2724,8.962,-0.382,-0.302,1.000,-2.438,-3.476,-0.2915,0.0266,-0.121,-0.121,-1.161,1.010,2.200,-2.000,0.0082,0.050,nan,0.00,1,1,1,0,1,0.0000,0.686,0,0.196,2,0.714,1,0,yolo,118.2,yolo,0,0,0,0.000,0,-1,0
1785651498.219,-2.489,-2.138,1.226,0.9984,0,0.987,0.138,2.438,0.2723,8.962,-0.382,-0.302,1.000,-2.438,-3.476,-0.2915,0.0266,-0.121,-0.121,-1.161,1.010,2.200,-2.000,0.0082,0.050,nan,0.00,1,1,1,0,1,0.0000,0.456,0,0.195,0,0.706,0,0,yolo,118.2,yolo,0,0,0,0.000,0,-1,0
1785651498.257,-2.683,-2.132,0.978,0.9982,0,2.487,0.132,2.280,0.2557,9.069,-0.361,-0.171,1.000,-2.280,-5.248,-0.1879,-1.0053,-0.134,0.052,-1.137,1.023,2.200,-2.000,0.0082,0.184,nan,0.00,1,1,1,1,1,0.0000,0.456,0,0.195,0,0.706,3,0,yolo,114.4,yolo,0,0,0,0.000,0,-1,0
1785651498.284,-2.941,-2.128,0.767,0.9980,0,0.987,0.128,2.280,0.2682,9.069,-0.361,-0.171,1.000,-2.280,-3.320,-0.1982,0.0244,-0.147,-0.147,-1.112,1.035,2.200,-2.000,0.0082,0.185,nan,0.00,1,1,1,0,1,0.0000,0.663,0,0.178,2,0.695,0,0,yolo,114.4,yolo,0,0,0,0.000,0,-1,0
1785651498.320,-2.941,-2.128,0.767,0.9980,0,0.379,0.128,2.280,0.2682,9.069,-0.361,-0.171,1.000,-2.280,-3.320,-0.1982,0.0244,-0.147,-0.147,-1.112,1.035,2.200,-2.000,0.0081,0.185,nan,0.00,1,1,1,0,1,0.0000,0.663,0,0.178,2,0.695,1,0,yolo,114.4,yolo,0,0,0,0.000,0,-1,0
1785651498.347,-3.023,-2.124,0.540,0.9979,0,0.025,0.124,2.280,0.2696,9.069,-0.361,-0.171,1.000,-2.280,-3.048,-0.2170,0.0552,-0.166,-0.166,-1.081,1.048,2.200,-2.000,0.0081,0.185,nan,0.00,1,1,1,0,1,0.0000,0.551,0,0.176,1,0.693,0,0,yolo,114.4,yolo,0,0,0,0.000,0,-1,0
1785651498.385,-3.021,-2.122,0.356,0.9979,0,-1.475,0.122,1.551,0.2530,9.101,-0.246,0.010,1.000,-1.551,0.773,-0.8683,-1.3160,-0.181,-0.033,-1.066,1.059,2.090,-2.000,0.0081,0.360,nan,0.00,1,1,1,1,1,0.0000,0.551,0,0.176,1,0.693,3,0,yolo,117.0,yolo,0,0,0,0.000,0,-1,0
1785651498.425,-3.019,-2.120,0.184,0.9979,0,-1.812,0.120,1.551,0.2622,9.101,-0.246,0.010,1.000,-1.551,-1.207,-0.1635,0.0097,-0.196,-0.196,-1.056,1.069,2.090,-2.000,0.0080,0.360,nan,0.00,1,1,1,0,1,0.0000,0.444,0,0.180,0,0.752,0,0,yolo,117.0,yolo,0,0,0,0.000,0,-1,0
1785651498.456,-2.980,-2.117,-0.001,0.9980,0,-2.020,0.117,1.551,0.2629,9.101,-0.246,0.010,1.000,-1.551,-0.960,-0.1806,0.0243,-0.213,-0.213,-1.042,1.079,2.091,-2.000,0.0080,0.359,nan,0.00,1,1,1,0,1,0.0000,0.445,0,0.182,0,0.776,0,0,yolo,117.0,yolo,0,0,0,0.000,0,-1,0
1785651498.486,-2.796,-2.112,-0.111,0.9981,0,-2.691,0.112,1.353,0.2462,8.951,-0.211,0.088,1.000,-1.353,-0.106,-0.4640,-1.0258,-0.233,-0.100,-1.023,1.090,2.022,-2.000,0.0080,0.428,nan,0.00,1,1,1,1,1,0.0000,0.445,0,0.182,0,0.776,0,0,yolo,121.9,yolo,0,0,0,0.000,0,-1,0
1785651498.518,-2.532,-2.106,-0.234,0.9983,0,-2.338,0.106,1.353,0.2612,8.951,-0.211,0.088,1.000,-1.353,-0.195,-0.1528,0.0363,-0.253,-0.253,-0.986,1.101,2.024,-2.000,0.0079,0.426,nan,0.00,1,1,1,0,1,0.0000,0.446,0,0.182,0,0.777,0,0,yolo,121.9,yolo,0,0,0,0.000,0,-1,0
1785651498.549,-2.532,-2.106,-0.234,0.9983,0,-2.338,0.106,1.353,0.2612,8.951,-0.211,0.088,1.000,-1.353,-0.195,-0.1528,0.0363,-0.253,-0.253,-0.986,1.101,2.024,-2.000,0.0079,0.426,nan,0.00,1,1,1,0,1,0.0000,0.446,0,0.182,0,0.777,0,0,yolo,121.9,yolo,0,0,0,0.000,0,-1,0
1785651498.581,-2.290,-2.099,-0.365,0.9985,0,-2.365,0.099,1.353,0.2631,8.951,-0.211,0.088,1.000,-1.353,0.076,-0.1713,0.0807,-0.271,-0.271,-0.942,1.113,2.026,-2.000,0.0078,0.424,nan,0.00,1,1,1,0,1,0.0000,0.446,0,0.182,0,0.769,0,0,yolo,121.9,yolo,0,0,0,0.000,0,-1,0
1785651498.613,-2.072,-2.094,-0.479,0.9987,0,-3.865,0.094,0.763,0.2465,8.922,-0.119,0.207,1.000,-0.763,3.261,-0.6893,-0.8450,-0.285,-0.179,-0.905,1.123,1.913,-2.000,0.0078,0.537,nan,0.00,1,1,1,1,1,0.0000,0.446,0,0.182,0,0.769,0,0,yolo,120.5,yolo,0,0,0,0.000,0,-1,0
1785651498.645,-1.680,-2.087,-0.558,0.9989,0,-3.285,0.087,0.763,0.2579,8.922,-0.119,0.207,1.000,-0.763,1.606,-0.1224,0.0419,-0.301,-0.301,-0.863,1.134,1.915,-2.000,0.0077,0.535,nan,0.00,1,1,1,0,1,0.0000,0.446,0,0.183,0,0.766,0,0,yolo,120.5,yolo,0,0,0,0.000,0,-1,0
1785651498.676,-1.260,-2.079,-0.630,0.9991,0,-3.071,0.079,0.763,0.2604,8.922,-0.119,0.207,1.000,-0.763,1.811,-0.1364,0.0982,-0.315,-0.315,-0.806,1.145,1.917,-2.000,0.0077,0.533,nan,0.00,1,1,1,0,1,0.0000,0.446,0,0.183,0,0.766,0,0,yolo,120.5,yolo,0,0,0,0.000,0,-1,0
1785651498.707,-1.255,-2.079,-0.630,0.9991,0,-4.571,0.079,0.177,0.2437,8.816,-0.027,0.332,1.000,-0.177,5.491,-0.6764,-0.8956,-0.315,-0.262,-0.806,1.146,1.798,-2.000,0.0076,0.652,nan,0.00,1,1,1,1,1,0.0000,0.207,0,0.144,1,0.753,0,0,yolo,112.0,yolo,0,0,0,0.000,0,-1,0
1785651498.738,-0.736,-2.071,-0.656,0.9993,0,-3.814,0.071,0.177,0.2549,8.816,-0.027,0.332,1.000,-0.177,3.079,-0.0657,0.0594,-0.328,-0.328,-0.746,1.157,1.799,-2.000,0.0076,0.651,nan,0.00,1,1,1,0,1,0.0000,0.415,0,0.144,1,0.753,0,0,yolo,112.0,yolo,0,0,0,0.000,0,-1,0
1785651498.769,-0.736,-2.071,-0.656,0.9993,0,-3.814,0.071,0.177,0.2548,8.816,-0.027,0.332,1.000,-0.177,3.079,-0.0657,0.0594,-0.328,-0.328,-0.746,1.157,1.799,-2.000,0.0075,0.651,nan,0.00,1,1,1,0,1,0.0000,0.312,0,0.146,0,0.738,0,0,yolo,112.0,yolo,0,0,0,0.000,0,-1,0
1785651498.806,-0.337,-2.063,-0.662,0.9993,0,-3.515,0.063,0.177,0.2575,8.816,-0.027,0.332,1.000,-0.177,3.178,-0.0725,0.1208,-0.334,-0.334,-0.685,1.168,1.801,-2.000,0.0074,0.649,nan,0.00,1,1,1,0,1,0.0000,0.312,0,0.146,0,0.738,1,0,yolo,112.0,yolo,0,0,0,0.000,0,-1,0
1785651498.846,0.047,-2.055,-0.682,0.9994,0,-5.015,0.055,-0.264,0.2409,8.605,0.040,0.444,1.000,0.264,9.432,-0.9939,-1.5419,-0.337,-0.381,-0.632,1.179,1.698,-2.000,0.0073,0.752,nan,0.00,1,1,1,1,1,0.0000,0.313,0,0.147,0,0.741,0,0,yolo,115.6,yolo,0,0,0,0.000,0,-1,0
1785651498.877,0.605,-2.050,-0.662,0.9993,0,-3.515,0.050,-0.264,0.2512,8.605,0.040,0.444,1.000,0.264,3.808,0.0437,0.0519,-0.337,-0.337,-0.581,1.190,1.698,-2.000,0.0073,0.752,nan,0.00,1,1,1,0,1,0.0000,0.315,0,0.150,0,0.695,0,0,yolo,115.6,yolo,0,0,0,0.000,0,-1,0
1785651498.909,0.949,-2.045,-0.627,0.9992,0,-2.791,0.045,-0.264,0.2535,8.605,0.040,0.444,1.000,0.264,3.740,0.0482,0.1030,-0.333,-0.333,-0.529,1.199,1.699,-2.000,0.0072,0.751,nan,0.00,1,1,1,0,1,0.0000,0.315,0,0.150,0,0.695,0,0,yolo,115.6,yolo,0,0,0,0.000,0,-1,0
1785651498.940,0.949,-2.045,-0.627,0.9992,0,-4.291,0.045,-0.780,0.2368,8.648,0.118,0.534,1.000,0.780,10.062,-0.7785,-0.9268,-0.333,-0.425,-0.529,1.199,1.606,-2.000,0.0071,0.844,nan,0.00,1,1,1,1,1,0.0000,0.315,0,0.150,0,0.695,0,0,yolo,117.1,yolo,0,0,0,0.000,0,-1,0
1785651498.971,1.244,-2.040,-0.603,0.9991,0,-3.426,-0.460,-0.780,0.2479,8.648,0.118,0.534,1.000,0.780,4.670,0.1005,0.0446,-0.324,-0.324,-0.485,1.209,1.606,-2.500,0.0070,0.844,nan,0.00,1,1,1,0,1,0.0000,0.427,0,0.159,1,0.694,0,0,yolo,117.1,yolo,0,0,0,0.000,0,-1,0
1785651499.002,1.620,-2.094,-0.537,0.9989,0,-2.908,-0.406,-0.780,0.2498,8.648,0.118,0.534,1.000,0.780,4.529,0.1099,0.0914,-0.315,-0.315,-0.438,1.219,1.598,-2.500,0.0069,0.852,nan,0.00,1,1,1,0,1,0.0000,0.578,0,0.203,1,0.659,0,0,yolo,117.1,yolo,0,0,0,0.000,0,-1,0
1785651499.034,1.620,-2.094,-0.537,0.9989,0,-2.908,-0.406,-0.780,0.2497,8.648,0.118,0.534,1.000,0.780,4.529,0.1099,0.0914,-0.315,-0.315,-0.438,1.219,1.598,-2.500,0.0069,0.852,nan,0.00,1,1,1,0,1,0.0000,0.578,0,0.203,1,0.659,0,0,yolo,117.1,yolo,0,0,0,0.000,0,-1,0
1785651499.063,1.924,-2.137,-0.452,0.9987,0,-4.408,-0.351,-1.205,0.2330,8.272,0.174,0.614,1.000,1.205,8.753,-0.3685,-0.4493,-0.303,-0.376,-0.389,1.228,1.523,-2.488,0.0068,0.927,nan,0.00,1,1,1,1,1,0.0000,0.318,0,0.155,0,0.665,0,0,yolo,112.2,yolo,0,0,0,0.000,0,-1,0
1785651499.095,2.402,-2.176,-0.345,0.9984,0,-3.177,-0.236,-1.205,0.2455,8.272,0.174,0.614,1.000,1.205,5.580,0.0866,0.0547,-0.289,-0.289,-0.334,1.238,1.516,-2.412,0.0067,0.934,nan,0.00,1,1,1,0,1,0.0000,0.318,0,0.155,0,0.665,0,0,yolo,112.2,yolo,0,0,0,0.000,0,-1,0
1785651499.126,2.708,-2.203,-0.233,0.9981,0,-2.627,-0.156,-1.205,0.2477,8.272,0.174,0.614,1.000,1.205,5.334,0.1026,0.1076,-0.273,-0.273,-0.281,1.248,1.511,-2.360,0.0066,0.939,nan,0.00,1,1,1,0,1,0.0000,0.214,0,0.161,0,0.658,0,0,yolo,112.2,yolo,0,0,0,0.000,0,-1,0
1785651499.157,2.912,-2.220,-0.147,0.9980,0,-2.201,-0.120,-1.205,0.2496,8.272,0.174,0.614,1.000,1.205,5.114,0.1169,0.1519,-0.259,-0.259,-0.237,1.255,1.508,-2.340,0.0065,0.942,nan,0.00,1,1,1,0,1,0.0000,0.214,0,0.161,0,0.658,0,0,yolo,112.2,yolo,0,0,0,0.000,0,-1,0
1785651499.188,2.912,-2.220,-0.147,0.9980,0,-3.701,-0.029,-1.709,0.2329,7.946,0.237,0.695,1.000,1.709,10.646,-0.5244,-0.5352,-0.259,-0.347,-0.237,1.255,1.437,-2.249,0.0065,1.013,nan,0.00,1,1,1,1,1,0.0000,0.459,0,0.199,0,0.640,0,0,yolo,118.1,yolo,0,0,0,0.000,0,-1,0
1785651499.220,3.121,-2.236,-0.049,0.9978,0,-3.206,0.056,-1.709,0.2429,7.946,0.237,0.695,1.000,1.709,6.327,0.1075,0.0517,-0.240,-0.240,-0.185,1.265,1.434,-2.180,0.0065,1.016,nan,0.00,1,1,1,0,1,0.0000,0.459,0,0.199,0,0.640,0,0,yolo,118.1,yolo,0,0,0,0.000,0,-1,0
1785651499.250,3.470,-2.248,0.084,0.9974,0,-2.543,0.124,-1.709,0.2457,7.946,0.237,0.695,1.000,1.709,6.013,0.1274,0.1138,-0.220,-0.220,-0.123,1.274,1.431,-2.123,0.0065,1.019,nan,0.00,1,1,1,0,1,0.0000,0.466,0,0.207,0,0.636,0,0,yolo,118.1,yolo,0,0,0,0.000,0,-1,0
1785651499.280,3.749,-2.252,0.223,0.9971,0,-1.955,0.163,-1.709,0.2479,7.946,0.237,0.695,1.000,1.709,5.704,0.1470,0.1632,-0.200,-0.200,-0.074,1.282,1.430,-2.089,0.0065,1.020,nan,0.00,1,1,1,0,1,0.0000,0.466,0,0.207,0,0.636,0,0,yolo,118.1,yolo,0,0,0,0.000,0,-1,0
1785651499.313,3.898,-2.248,0.349,0.9969,0,-3.455,0.374,-2.202,0.2313,8.028,0.309,0.766,1.000,2.202,12.516,-0.6897,-0.7894,-0.181,-0.334,-0.028,1.290,1.351,-1.874,0.0065,1.099,nan,0.00,1,1,1,1,1,0.0000,0.584,0,0.209,1,0.628,0,0,yolo,120.7,yolo,0,0,0,0.000,0,-1,0
1785651499.339,4.197,-2.229,0.511,0.9966,0,-2.117,0.380,-2.202,0.2411,8.028,0.309,0.766,1.000,2.202,6.314,0.1757,0.0602,-0.158,-0.158,0.032,1.298,1.352,-1.849,0.0065,1.098,nan,0.00,1,1,1,0,1,0.0000,0.584,0,0.209,1,0.628,0,0,yolo,120.7,yolo,0,0,0,0.000,0,-1,0
1785651499.372,4.397,-2.209,0.702,0.9963,0,-1.531,0.381,-2.202,0.2437,8.028,0.309,0.766,1.000,2.202,5.928,0.2003,0.1161,-0.133,-0.133,0.088,1.307,1.354,-1.828,0.0065,1.096,nan,0.00,1,1,1,0,1,0.0000,0.465,0,0.206,0,0.621,0,0,yolo,120.7,yolo,0,0,0,0.000,0,-1,0
1785651499.405,4.397,-2.209,0.702,0.9963,0,-3.031,0.440,-2.586,0.2271,8.005,0.362,0.821,1.000,2.586,14.000,-0.8056,-0.8778,-0.133,-0.337,0.088,1.307,1.295,-1.769,0.0065,1.155,nan,0.00,1,1,1,1,1,0.0000,0.465,0,0.206,0,0.621,0,0,yolo,113.2,yolo,0,0,0,0.000,0,-1,0
1785651499.436,4.536,-2.189,0.900,0.9961,0,-1.901,0.472,-2.586,0.2394,8.005,0.362,0.821,1.000,2.586,6.437,0.2319,0.0574,-0.106,-0.106,0.145,1.315,1.297,-1.717,0.0065,1.153,nan,0.00,1,1,1,0,1,0.0000,0.481,0,0.226,0,0.711,0,0,yolo,113.2,yolo,0,0,0,0.000,0,-1,0
1785651499.466,4.743,-2.160,1.145,0.9959,0,-1.198,0.488,-2.586,0.2425,8.005,0.362,0.821,1.000,2.586,5.941,0.2634,0.1221,-0.074,-0.074,0.210,1.325,1.300,-1.671,0.0065,1.150,nan,0.00,1,1,1,0,1,0.0000,0.481,0,0.226,0,0.711,0,0,yolo,113.2,yolo,0,0,0,0.000,0,-1,0
1785651499.499,4.743,-2.160,1.145,0.9959,0,-1.198,0.408,-2.586,0.2425,8.005,0.362,0.821,1.000,2.586,5.941,0.2634,0.1221,-0.074,-0.074,0.210,1.325,1.300,-1.752,0.0065,1.150,nan,0.00,1,1,1,0,1,0.0000,0.479,0,0.224,0,0.776,0,0,yolo,113.2,yolo,0,0,0,0.000,0,-1,0
1785651499.527,4.861,-2.132,1.394,0.9957,0,-2.698,0.470,-2.788,0.2325,7.646,0.372,0.850,1.000,2.788,10.276,-0.2022,-0.0919,-0.044,-0.205,0.273,1.334,1.288,-1.662,0.0065,1.162,nan,0.00,1,1,1,1,1,0.0000,0.479,0,0.224,0,0.776,0,0,yolo,111.1,yolo,0,0,0,0.000,0,-1,0
1785651499.568,5.120,-2.109,1.636,0.9953,0,-1.198,0.483,-2.788,0.2395,7.646,0.372,0.850,1.000,2.788,6.145,0.1925,0.0596,-0.012,-0.012,0.333,1.342,1.290,-1.626,0.0065,1.160,nan,0.00,1,1,1,0,1,0.0000,0.474,0,0.217,0,0.807,0,0,yolo,111.1,yolo,0,0,0,0.000,0,-1,0
1785651499.596,5.235,-2.082,1.917,0.9952,0,-0.338,0.494,-2.788,0.2426,7.646,0.372,0.850,1.000,2.788,5.572,0.2279,0.1265,0.023,0.023,0.400,1.351,1.293,-1.588,0.0065,1.157,nan,0.00,1,1,1,0,1,0.0000,0.474,0,0.217,0,0.807,3,0,yolo,111.1,yolo,0,0,0,0.000,0,-1,0
1785651499.624,5.263,-2.055,2.184,0.9951,0,0.238,0.490,-2.788,0.2457,7.646,0.372,0.850,1.000,2.788,5.024,0.2617,0.1916,0.057,0.057,0.465,1.359,1.296,-1.565,0.0065,1.154,nan,0.00,1,1,1,0,1,0.0000,0.462,0,0.203,0,0.832,0,0,yolo,111.1,yolo,0,0,0,0.000,0,-1,0
1785651499.663,5.263,-2.055,2.184,0.9951,0,-1.262,0.439,-2.855,0.2331,7.396,0.369,0.872,1.000,2.855,8.313,-0.0518,-0.0777,0.057,-0.079,0.465,1.359,1.283,-1.616,0.0065,1.167,nan,0.00,1,1,1,1,1,0.0000,0.462,0,0.203,0,0.832,1,0,yolo,120.6,yolo,0,0,0,0.000,0,-1,0
1785651499.703,5.327,-2.016,2.616,0.9951,0,0.238,0.506,-2.855,0.2416,7.396,0.369,0.872,1.000,2.855,4.896,0.1903,0.1058,0.111,0.111,0.571,1.372,1.288,-1.510,0.0065,1.162,nan,0.00,1,1,1,0,1,0.0000,0.461,0,0.202,0,0.812,0,0,yolo,120.6,yolo,0,0,0,0.000,0,-1,0
1785651499.735,5.334,-1.996,2.824,0.9951,0,0.858,0.477,-2.855,0.2438,7.396,0.369,0.872,1.000,2.855,4.475,0.2157,0.1533,0.137,0.137,0.618,1.378,1.291,-1.519,0.0065,1.159,nan,0.00,1,1,1,0,1,0.0000,0.464,0,0.205,0,0.794,0,0,yolo,120.6,yolo,0,0,0,0.000,0,-1,0
1785651499.760,5.334,-1.996,2.824,0.9951,0,-0.642,0.435,-2.876,0.2271,7.267,0.365,0.891,1.000,2.876,7.191,-0.0392,-0.2161,0.137,0.016,0.618,1.378,1.276,-1.562,0.0065,1.174,nan,0.00,1,1,1,1,1,0.0000,0.464,0,0.205,0,0.794,0,0,yolo,121.6,yolo,0,0,0,0.000,0,-1,0
1785651499.792,5.252,-1.975,3.045,0.9952,0,0.706,0.437,-2.876,0.2387,7.267,0.365,0.891,1.000,2.876,4.546,0.1457,0.0497,0.162,0.162,0.668,1.385,1.279,-1.539,0.0065,1.171,nan,0.00,1,1,1,0,1,0.0000,0.447,0,0.184,0,0.767,0,0,yolo,121.6,yolo,0,0,0,0.000,0,-1,0
1785651499.830,5.185,-1.956,3.296,0.9953,0,1.119,0.448,-2.876,0.2414,7.267,0.365,0.891,1.000,2.876,4.066,0.1742,0.1074,0.191,0.191,0.725,1.392,1.282,-1.508,0.0065,1.168,nan,0.00,1,1,1,0,1,0.0000,0.447,0,0.184,0,0.767,0,0,yolo,121.6,yolo,0,0,0,0.000,0,-1,0
1785651499.862,5.068,-1.933,3.568,0.9955,0,1.494,0.453,-2.876,0.2443,7.267,0.365,0.891,1.000,2.876,3.575,0.2035,0.1710,0.220,0.220,0.789,1.400,1.285,-1.480,0.0065,1.165,nan,0.00,1,1,1,0,1,0.0000,0.452,0,0.190,0,0.762,0,0,yolo,121.6,yolo,0,0,0,0.000,0,-1,0
1785651499.893,4.914,-1.910,3.834,0.9958,0,1.717,0.445,-2.632,0.2610,7.165,0.329,0.897,1.000,2.632,3.197,0.3046,0.0493,0.247,0.155,0.846,1.407,1.290,-1.465,0.0065,1.160,nan,0.00,1,1,1,1,1,0.0000,0.452,0,0.190,0,0.762,0,0,yolo,115.7,yolo,0,0,0,0.000,0,-1,0
1785651499.926,4.914,-1.910,3.834,0.9958,0,1.746,0.372,-2.632,0.2716,7.165,0.329,0.897,1.000,2.632,3.168,0.0914,0.0000,0.247,0.247,0.846,1.407,1.290,-1.538,0.0065,1.160,nan,0.00,1,1,1,0,1,0.0000,0.458,0,0.198,0,0.703,0,0,yolo,115.7,yolo,0,0,0,0.000,0,-1,0
1785651499.957,4.726,-1.883,4.095,0.9961,0,2.013,0.383,-2.632,0.2716,7.165,0.329,0.897,1.000,2.632,2.713,0.1181,0.0525,0.273,0.273,0.898,1.414,1.294,-1.500,0.0065,1.156,nan,0.00,1,1,1,0,1,0.0000,0.458,0,0.198,0,0.703,0,0,yolo,115.7,yolo,0,0,0,0.000,0,-1,0
1785651499.996,4.511,-1.862,4.340,0.9964,0,1.539,0.296,-2.368,0.2715,6.809,0.282,0.874,1.000,2.368,2.972,0.2357,0.3071,0.297,0.140,0.938,1.422,1.335,-1.567,0.0065,1.115,nan,0.00,1,1,1,1,1,0.0000,0.458,0,0.198,0,0.688,0,0,yolo,117.9,yolo,0,0,0,0.000,0,-1,0
1785651500.036,4.314,-1.843,4.576,0.9967,0,3.039,0.296,-2.368,0.2714,6.809,0.282,0.874,1.000,2.368,1.005,0.1786,0.0249,0.319,0.319,0.963,1.429,1.338,-1.548,0.0065,1.112,nan,0.00,1,1,1,0,1,0.0000,0.578,0,0.203,1,0.691,0,0,yolo,117.9,yolo,0,0,0,0.000,0,-1,0
1785651500.068,3.934,-1.825,4.821,0.9971,0,3.274,0.303,-2.368,0.2713,6.809,0.282,0.874,1.000,2.368,0.660,0.1981,0.0241,0.338,0.338,0.962,1.436,1.342,-1.522,0.0065,1.108,nan,0.00,1,1,1,0,1,0.0000,0.578,0,0.203,1,0.691,0,0,yolo,117.9,yolo,0,0,0,0.000,0,-1,0
1785651500.098,3.934,-1.825,4.821,0.9971,0,3.274,0.230,-2.368,0.2713,6.809,0.282,0.874,1.000,2.368,0.660,0.1981,0.0241,0.338,0.338,0.962,1.436,1.342,-1.595,0.0065,1.108,nan,0.00,1,1,1,0,1,0.0000,0.464,0,0.205,0,0.691,0,0,yolo,117.9,yolo,0,0,0,0.000,0,-1,0
1785651500.130,3.677,-1.811,4.989,0.9974,0,2.707,0.138,-1.938,0.2712,6.767,0.229,0.843,1.000,1.938,0.969,0.3805,0.2912,0.350,0.155,0.955,1.441,1.381,-1.674,0.0065,1.069,nan,0.00,1,1,1,1,1,0.0000,0.464,0,0.205,0,0.691,0,0,yolo,123.3,yolo,0,0,0,0.000,0,-1,0
1785651500.167,3.410,-1.802,5.164,0.9977,0,4.165,0.144,-1.938,0.2711,6.767,0.229,0.843,1.000,1.938,-0.755,0.2049,-0.0090,0.360,0.360,0.946,1.447,1.383,-1.658,0.0065,1.067,nan,0.00,1,1,1,0,1,0.0000,0.470,0,0.212,0,0.673,1,0,yolo,123.3,yolo,0,0,0,0.000,0,-1,0
1785651500.207,3.141,-1.799,5.346,0.9980,0,4.115,0.171,-1.938,0.2710,6.767,0.229,0.843,1.000,1.938,-0.974,0.2173,-0.0219,0.373,0.373,0.934,1.454,1.384,-1.628,0.0065,1.066,nan,0.00,1,1,1,0,1,0.0000,0.585,0,0.210,1,0.644,0,0,yolo,123.3,yolo,0,0,0,0.000,0,-1,0
1785651500.240,2.694,-1.788,5.518,0.9984,0,5.615,0.036,-1.351,0.2709,6.653,0.157,0.792,1.000,1.351,-2.993,0.6819,0.6064,0.380,0.229,0.919,1.460,1.445,-1.751,0.0065,1.005,nan,0.00,1,1,1,1,1,0.0000,0.585,0,0.210,1,0.644,0,0,yolo,121.5,yolo,0,0,0,0.000,0,-1,0
1785651500.271,2.127,-1.790,5.648,0.9988,0,4.440,0.057,-1.351,0.2708,6.653,0.157,0.792,1.000,1.351,-2.313,0.1523,-0.0137,0.382,0.382,0.905,1.466,1.446,-1.733,0.0065,1.004,nan,0.00,1,1,1,0,1,0.0000,0.584,0,0.209,1,0.651,0,0,yolo,121.5,yolo,0,0,0,0.000,0,-1,0
1785651500.303,1.672,-1.786,5.765,0.9991,0,4.000,0.071,-1.351,0.2707,6.653,0.157,0.792,1.000,1.351,-2.328,0.1532,-0.0283,0.382,0.382,0.891,1.473,1.447,-1.714,0.0065,1.003,nan,0.00,1,1,1,0,1,0.0000,0.583,0,0.208,1,0.646,0,0,yolo,121.5,yolo,0,0,0,0.000,0,-1,0
1785651500.335,1.672,-1.786,5.765,0.9991,0,4.000,0.005,-1.351,0.2707,6.653,0.157,0.792,1.000,1.351,-2.328,0.1532,-0.0283,0.382,0.382,0.891,1.473,1.447,-1.781,0.0065,1.003,nan,0.00,1,1,1,0,1,0.0000,0.583,0,0.208,1,0.646,0,0,yolo,121.5,yolo,0,0,0,0.000,0,-1,0
1785651500.366,1.238,-1.788,5.898,0.9993,0,5.500,-0.155,-0.529,0.2706,6.331,0.058,0.722,1.000,0.529,-5.006,0.5448,0.4936,0.380,0.266,0.876,1.480,1.529,-1.942,0.0064,0.921,nan,0.00,1,1,1,1,1,0.0000,0.586,0,0.211,1,0.652,0,0,yolo,124.8,yolo,0,0,0,0.000,0,-1,0
1785651500.398,0.667,-1.805,5.961,0.9994,0,4.932,-0.105,-0.529,0.2705,6.331,0.058,0.722,1.000,0.529,-4.266,0.1068,-0.0132,0.372,0.372,0.863,1.486,1.528,-1.910,0.0063,0.922,nan,0.00,1,1,1,0,1,0.0000,0.586,0,0.211,1,0.652,0,0,yolo,124.8,yolo,0,0,0,0.000,0,-1,0
1785651500.429,0.667,-1.805,5.961,0.9994,0,4.932,-0.163,-0.529,0.2704,6.331,0.058,0.722,1.000,0.529,-4.266,0.1068,-0.0132,0.372,0.372,0.863,1.486,1.528,-1.968,0.0062,0.922,nan,0.00,1,1,1,0,1,0.0000,0.600,0,0.225,1,0.756,0,0,yolo,124.8,yolo,0,0,0,0.000,0,-1,0
1785651500.460,0.156,-1.814,5.990,0.9995,0,4.245,-0.111,-0.529,0.2703,6.331,0.058,0.722,1.000,0.529,-4.089,0.0973,-0.0265,0.363,0.363,0.850,1.492,1.527,-1.926,0.0061,0.923,nan,0.00,1,1,1,0,1,0.0000,0.600,0,0.225,1,0.756,0,0,yolo,124.8,yolo,0,0,0,0.000,0,-1,0
1785651500.501,-0.261,-1.824,6.037,0.9995,0,5.745,-0.302,0.349,0.2869,5.960,-0.036,0.641,0.993,-0.345,-10.392,0.9093,0.9259,0.352,0.351,0.838,1.498,1.620,-2.126,0.0060,0.830,nan,0.00,1,1,1,1,1,0.0000,0.597,0,0.222,1,0.807,0,0,yolo,119.3,yolo,0,0,0,0.000,0,-1,0
1785651500.537,-0.897,-1.858,6.020,0.9994,0,4.653,-0.224,0.352,0.2703,5.960,-0.036,0.641,0.993,-0.345,-5.550,-0.0169,-0.0181,0.334,0.334,0.820,1.505,1.616,-2.082,0.0059,0.834,nan,0.00,1,1,1,0,1,0.0000,0.584,0,0.209,1,0.813,0,0,yolo,119.3,yolo,0,0,0,0.000,0,-1,0
1785651500.569,-1.384,-1.881,5.964,0.9992,0,3.808,-0.168,0.354,0.2701,5.960,-0.036,0.641,0.993,-0.345,-5.191,-0.0355,-0.0352,0.315,0.315,0.802,1.511,1.614,-2.049,0.0059,0.836,nan,0.00,1,1,1,0,1,0.0000,0.584,0,0.209,1,0.813,0,0,yolo,119.3,yolo,0,0,0,0.000,0,-1,0
1785651500.600,-1.384,-1.881,5.964,0.9992,0,3.808,-0.230,0.355,0.2700,5.960,-0.036,0.641,0.993,-0.345,-5.191,-0.0355,-0.0352,0.315,0.315,0.802,1.511,1.614,-2.111,0.0058,0.836,nan,0.00,1,1,1,0,1,0.0000,0.347,0,0.203,2,0.811,0,0,yolo,119.3,yolo,0,0,0,0.000,0,-1,0
1785651500.630,-1.758,-1.897,5.935,0.9990,0,5.308,-0.351,1.094,0.2705,5.693,-0.101,0.576,0.949,-1.020,-9.631,0.5031,0.5230,0.296,0.337,0.790,1.517,1.683,-2.248,0.0057,0.767,nan,0.00,1,1,1,1,1,0.0000,0.347,0,0.203,2,0.811,0,0,yolo,123.5,yolo,0,0,0,0.000,0,-1,0
1785651500.661,-2.350,-1.940,5.844,0.9986,0,3.808,-0.255,1.118,0.2538,5.693,-0.101,0.576,0.949,-1.020,-5.972,-0.0668,-0.0121,0.270,0.270,0.778,1.524,1.678,-2.195,0.0056,0.772,nan,0.00,1,1,1,0,1,0.0000,0.288,0,0.201,1,0.793,0,0,yolo,123.5,yolo,0,0,0,0.000,0,-1,0
1785651500.692,-2.742,-1.971,5.718,0.9983,0,2.746,-0.182,1.136,0.2463,5.693,-0.101,0.576,0.949,-1.020,-5.488,-0.0922,-0.0085,0.245,0.245,0.781,1.531,1.675,-2.152,0.0055,0.775,nan,0.00,1,1,1,0,1,0.0000,0.681,0,0.193,2,0.761,0,0,yolo,123.5,yolo,0,0,0,0.000,0,-1,0
1785651500.724,-2.742,-1.971,5.718,0.9983,0,2.746,-0.244,1.149,0.2463,5.693,-0.101,0.576,0.949,-1.020,-5.488,-0.0922,-0.0085,0.245,0.245,0.781,1.531,1.675,-2.214,0.0055,0.775,nan,0.00,1,1,1,0,1,0.0000,0.681,0,0.192,2,0.741,0,0,yolo,123.5,yolo,0,0,0,0.000,0,-1,0
1785651500.755,-3.003,-1.992,5.622,0.9980,0,4.246,-0.385,2.071,0.2629,5.403,-0.166,0.500,0.901,-1.761,-10.683,0.5243,0.6022,0.222,0.305,0.808,1.537,1.755,-2.377,0.0054,0.695,nan,0.00,1,1,1,1,1,0.0000,0.681,0,0.192,2,0.741,0,0,yolo,127.3,yolo,0,0,0,0.000,0,-1,0
1785651500.785,-3.412,-2.038,5.472,0.9976,0,2.866,-0.291,2.171,0.2700,5.403,-0.166,0.500,0.901,-1.761,-6.278,-0.1089,0.0312,0.196,0.196,0.839,1.543,1.750,-2.329,0.0053,0.700,nan,0.00,1,1,1,0,1,0.0000,0.695,0,0.205,2,0.723,0,0,yolo,127.3,yolo,0,0,0,0.000,0,-1,0
1785651500.818,-3.704,-2.082,5.243,0.9973,0,2.055,-0.196,2.245,0.2700,5.403,-0.166,0.500,0.901,-1.761,-5.759,-0.1365,0.0655,0.168,0.168,0.874,1.551,1.745,-2.277,0.0053,0.705,nan,0.00,1,1,1,0,1,0.0000,0.695,0,0.205,2,0.723,0,0,yolo,127.3,yolo,0,0,0,0.000,0,-1,0
1785651500.848,-3.704,-2.082,5.243,0.9973,0,3.555,-0.418,3.037,0.2867,5.170,-0.236,0.421,0.862,-2.610,-14.000,1.1488,1.2355,0.168,0.359,0.874,1.551,1.827,-2.500,0.0052,0.623,nan,0.00,1,1,1,1,1,0.0000,0.698,0,0.207,2,0.710,0,0,yolo,116.8,yolo,0,0,0,0.000,0,-1,0
1785651500.880,-3.893,-2.112,5.056,0.9970,0,2.857,-0.383,2.941,0.2700,5.170,-0.236,0.421,0.862,-2.610,-6.750,-0.2149,0.0297,0.144,0.144,0.903,1.557,1.824,-2.495,0.0051,0.626,nan,0.00,1,1,1,0,1,0.0000,0.697,0,0.206,2,0.687,0,0,yolo,116.8,yolo,0,0,0,0.000,0,-1,0
1785651500.911,-4.189,-2.170,4.807,0.9966,0,2.025,-0.259,2.870,0.2700,5.170,-0.236,0.421,0.862,-2.610,-6.215,-0.2437,0.0474,0.115,0.115,0.921,1.565,1.818,-2.429,0.0051,0.632,nan,0.00,1,1,1,0,1,0.0000,0.697,0,0.206,2,0.687,0,0,yolo,116.8,yolo,0,0,0,0.000,0,-1,0
1785651500.944,-4.490,-2.231,4.544,0.9962,0,1.138,-0.129,2.816,0.2700,5.170,-0.236,0.421,0.862,-2.610,-5.627,-0.2753,0.0453,0.083,0.083,0.919,1.573,1.811,-2.360,0.0050,0.639,nan,0.00,1,1,1,0,1,0.0000,0.809,0,0.203,3,0.684,0,0,yolo,116.8,yolo,0,0,0,0.000,0,-1,0
1785651500.976,-4.597,-2.263,4.293,0.9960,0,2.638,-0.237,3.352,0.2793,5.169,-0.299,0.335,0.861,-3.314,-12.988,0.4761,0.5791,0.054,0.267,0.910,1.582,1.888,-2.500,0.0050,0.562,nan,0.00,1,1,1,1,1,0.0000,0.809,0,0.203,3,0.684,0,0,yolo,128.7,yolo,0,0,0,0.000,0,-1,0
1785651501.007,-4.597,-2.263,4.293,0.9960,0,2.397,-0.237,3.300,0.2700,5.169,-0.299,0.335,0.861,-3.314,-6.994,-0.2126,0.0000,0.054,0.054,0.910,1.582,1.888,-2.500,0.0049,0.562,nan,0.00,1,1,1,0,1,0.0000,0.934,0,0.209,4,0.678,0,0,yolo,128.7,yolo,0,0,0,0.000,0,-1,0
1785651501.038,-4.868,-2.316,3.986,0.9956,0,1.484,-0.184,3.261,0.2700,5.169,-0.299,0.335,0.861,-3.314,-6.353,-0.2471,-0.0106,0.020,0.020,0.899,1.591,1.882,-2.500,0.0048,0.568,nan,0.00,1,1,1,0,1,0.0000,0.934,0,0.209,4,0.678,0,0,yolo,128.7,yolo,0,0,0,0.000,0,-1,0
1785651501.070,-5.005,-2.361,3.680,0.9953,0,0.771,-0.074,3.231,0.2700,5.169,-0.299,0.335,0.861,-3.314,-5.776,-0.2781,-0.0206,-0.011,-0.011,0.889,1.600,1.877,-2.435,0.0048,0.573,nan,0.00,1,1,1,0,1,0.0000,0.810,0,0.203,3,0.675,0,0,yolo,128.7,yolo,0,0,0,0.000,0,-1,0
1785651501.100,-5.005,-2.361,3.680,0.9953,0,2.271,-0.139,3.599,0.2840,4.893,-0.316,0.260,0.815,-3.697,-10.861,0.2455,0.6360,-0.011,0.163,0.889,1.600,1.946,-2.500,0.0047,0.488,nan,0.00,1,1,1,1,1,0.0000,0.810,0,0.203,3,0.675,0,0,yolo,116.9,yolo,0,0,0,0.000,0,-1,0
1785651501.131,-5.069,-2.391,3.418,0.9952,0,1.101,-0.109,3.661,0.2700,4.893,-0.316,0.260,0.815,-3.697,-6.170,-0.2014,-0.0088,-0.038,-0.038,0.880,1.608,1.943,-2.500,0.0047,0.491,nan,0.00,1,1,1,0,1,0.0000,0.813,0,0.205,3,0.671,0,0,yolo,116.9,yolo,0,0,0,0.000,0,-1,0
1785651501.162,-5.300,-2.434,3.110,0.9948,0,0.274,-0.066,3.708,0.2700,4.893,-0.316,0.260,0.815,-3.697,-5.574,-0.2338,-0.0223,-0.071,-0.071,0.867,1.618,1.938,-2.500,0.0046,0.495,nan,0.00,1,1,1,0,1,0.0000,0.813,0,0.205,3,0.671,0,0,yolo,116.9,yolo,0,0,0,0.000,0,-1,0
1785651501.194,-5.296,-2.475,2.737,0.9948,0,-0.297,0.001,3.743,0.2700,4.893,-0.316,0.260,0.815,-3.697,-4.999,-0.2652,-0.0366,-0.102,-0.102,0.853,1.629,1.935,-2.474,0.0046,0.499,nan,0.00,1,1,1,0,1,0.0000,0.814,0,0.206,3,0.668,0,0,yolo,116.9,yolo,0,0,0,0.000,0,-1,0
1785651501.224,-5.266,-2.502,2.455,0.9948,0,1.203,0.002,3.922,0.2867,4.745,-0.316,0.166,0.791,-3.815,-8.438,0.0976,0.9785,-0.125,0.036,0.843,1.637,2.006,-2.500,0.0045,0.401,nan,0.00,1,1,1,1,1,0.0000,0.814,0,0.206,3,0.668,0,0,yolo,129.3,yolo,0,0,0,0.000,0,-1,0
1785651501.256,-5.343,-2.527,2.189,0.9947,0,-0.297,0.027,3.982,0.2700,4.745,-0.316,0.166,0.791,-3.815,-4.702,-0.1838,-0.0118,-0.148,-0.148,0.832,1.645,2.003,-2.500,0.0045,0.404,nan,0.00,1,1,1,0,1,0.0000,0.814,0,0.206,3,0.655,0,0,yolo,129.3,yolo,0,0,0,0.000,0,-1,0
1785651501.286,-5.326,-2.553,1.886,0.9947,0,-1.047,0.053,4.027,0.2699,4.745,-0.316,0.166,0.791,-3.815,-4.279,-0.2070,-0.0251,-0.171,-0.171,0.818,1.654,2.001,-2.500,0.0045,0.406,nan,0.00,1,1,1,0,1,0.0000,0.819,0,0.210,3,0.711,0,0,yolo,129.3,yolo,0,0,0,0.000,0,-1,0
1785651501.317,-5.326,-2.553,1.886,0.9947,0,-1.047,0.053,4.060,0.2699,4.745,-0.316,0.166,0.791,-3.815,-4.279,-0.2070,-0.0251,-0.171,-0.171,0.818,1.654,2.001,-2.500,0.0044,0.406,nan,0.00,1,1,1,0,1,0.0000,0.817,0,0.208,3,0.760,0,0,yolo,129.3,yolo,0,0,0,0.000,0,-1,0
1785651501.350,-5.232,-2.576,1.605,0.9948,0,-0.282,0.076,3.410,0.2865,4.479,-0.246,0.018,0.747,-3.141,-4.950,-0.2635,0.8219,-0.191,0.005,0.811,1.662,2.096,-2.500,0.0044,0.241,nan,0.00,1,1,1,1,1,0.0000,0.624,0,0.145,3,0.780,0,0,yolo,126.6,yolo,0,0,0,0.000,0,-1,0
1785651501.405,-5.112,-2.618,1.022,0.9950,0,-1.782,0.118,3.261,0.2699,4.479,-0.246,0.018,0.747,-3.141,-1.627,-0.2388,-0.0202,-0.234,-0.234,0.791,1.680,2.096,-2.500,0.0044,0.244,nan,0.00,1,1,1,0,1,0.0000,0.614,0,0.137,3,0.759,0,0,yolo,126.6,yolo,0,0,0,0.000,0,-1,0
1785651501.442,-5.086,-2.637,0.737,0.9950,0,-3.282,0.137,3.149,0.2607,4.479,-0.246,0.018,0.747,-3.141,-1.191,-0.2629,-0.0348,-0.258,-0.258,0.776,1.690,2.096,-2.500,0.0044,0.245,nan,0.00,1,1,1,0,1,0.0000,0.614,0,0.137,3,0.759,0,0,yolo,126.6,yolo,0,0,0,0.000,0,-1,0
1785651501.473,-4.793,-2.646,0.494,0.9954,0,-3.934,0.146,3.065,0.2603,4.479,-0.246,0.018,0.747,-3.141,-0.859,-0.2813,-0.0419,-0.276,-0.276,0.769,1.700,2.096,-2.500,0.0043,0.245,nan,0.00,1,1,1,0,1,0.0000,0.766,0,0.172,3,0.738,0,0,yolo,126.6,yolo,0,0,0,0.000,0,-1,0
1785651501.504,-4.431,-2.654,0.240,0.9959,0,-2.434,0.154,2.747,0.2769,4.268,-0.191,-0.072,0.711,-2.559,-2.170,-0.3253,0.7814,-0.292,-0.085,0.768,1.710,2.054,-2.500,0.0043,0.141,nan,0.00,1,1,1,1,1,0.0000,0.196,0,0.116,1,0.715,0,0,yolo,128.1,yolo,0,0,0,0.000,0,-1,0
1785651501.530,-4.431,-2.654,0.240,0.9959,0,-3.934,0.154,2.827,0.2652,4.268,-0.191,-0.072,0.711,-2.559,0.371,-0.2069,0.0000,-0.292,-0.292,0.768,1.710,2.054,-2.500,0.0043,0.141,nan,0.00,1,1,1,0,1,0.0000,0.263,0,0.063,1,0.678,0,0,yolo,128.1,yolo,0,0,0,0.000,0,-1,0
1785651501.568,-4.011,-2.658,-0.034,0.9965,0,-4.670,0.158,2.887,0.2654,4.268,-0.191,-0.072,0.711,-2.559,0.659,-0.2230,0.0077,-0.308,-0.308,0.776,1.721,2.054,-2.500,0.0043,0.140,nan,0.00,1,1,1,0,1,0.0000,0.478,0,0.103,2,0.640,0,0,yolo,128.1,yolo,0,0,0,0.000,0,-1,0
1785651501.599,-3.579,-2.659,-0.266,0.9970,0,-4.876,0.272,2.334,0.2820,4.060,-0.125,-0.153,0.677,-1.759,1.297,-0.5667,0.9641,-0.318,-0.164,0.789,1.731,2.012,-2.387,0.0043,0.043,nan,0.00,1,1,1,1,1,0.0000,0.478,0,0.103,2,0.640,0,0,yolo,118.4,yolo,0,0,0,0.000,0,-1,0
1785651501.630,-3.142,-2.648,-0.466,0.9974,0,-5.368,0.287,2.295,0.2682,4.060,-0.125,-0.153,0.677,-1.759,2.226,-0.1608,0.0104,-0.325,-0.325,0.800,1.740,2.012,-2.360,0.0043,0.041,nan,0.00,1,1,1,0,1,0.0000,0.475,0,0.100,2,0.618,0,0,yolo,118.4,yolo,0,0,0,0.000,0,-1,0
1785651501.661,-2.633,-2.630,-0.651,0.9979,0,-4.927,0.298,2.266,0.2688,4.060,-0.125,-0.153,0.677,-1.759,2.295,-0.1646,0.0114,-0.329,-0.329,0.801,1.749,2.012,-2.332,0.0043,0.039,nan,0.00,1,1,1,0,1,0.0000,0.475,0,0.100,2,0.618,0,0,yolo,118.4,yolo,0,0,0,0.000,0,-1,0
1785651501.692,-2.633,-2.630,-0.651,0.9979,0,-4.927,0.201,2.244,0.2688,4.060,-0.125,-0.153,0.677,-1.759,2.295,-0.1646,0.0114,-0.329,-0.329,0.801,1.749,2.012,-2.429,0.0043,0.039,nan,0.00,1,1,1,0,1,0.0000,0.083,0,0.039,0,0.572,0,0,yolo,118.4,yolo,0,0,0,0.000,0,-1,0
1785651501.723,-2.190,-2.611,-0.831,0.9982,0,-6.149,0.339,1.523,0.2855,3.841,-0.056,-0.227,0.640,-0.836,3.959,-0.6186,0.8853,-0.330,-0.232,0.794,1.758,1.968,-2.272,0.0043,-0.050,nan,0.00,1,1,1,1,1,0.0000,0.165,0,0.039,0,0.572,0,0,yolo,125.6,yolo,0,0,0,0.000,0,-1,0
1785651501.754,-1.591,-2.585,-0.979,0.9986,0,-5.239,0.352,1.384,0.2695,3.841,-0.056,-0.227,0.640,-0.836,3.648,-0.0953,-0.0150,-0.327,-0.327,0.779,1.767,1.968,-2.233,0.0043,-0.052,nan,0.00,1,1,1,0,1,0.0000,0.164,0,0.036,0,0.553,0,0,yolo,125.6,yolo,0,0,0,0.000,0,-1,0
1785651501.790,-1.036,-2.550,-1.096,0.9988,0,-4.595,0.358,1.279,0.2687,3.841,-0.056,-0.227,0.640,-0.836,3.559,-0.0902,-0.0336,-0.322,-0.322,0.760,1.776,1.968,-2.192,0.0043,-0.055,nan,0.00,1,1,1,0,1,0.0000,0.164,0,0.036,0,0.553,3,0,yolo,125.6,yolo,0,0,0,0.000,0,-1,0
1785651501.816,-1.036,-2.550,-1.096,0.9988,0,-4.595,0.272,1.201,0.2687,3.841,-0.056,-0.227,0.640,-0.836,3.559,-0.0902,-0.0336,-0.322,-0.322,0.760,1.776,1.968,-2.279,0.0043,-0.055,nan,0.00,1,1,1,0,1,0.0000,0.246,0,0.034,1,0.513,0,0,yolo,125.6,yolo,0,0,0,0.000,0,-1,0
1785651501.856,-0.546,-2.514,-1.218,0.9990,0,-5.014,0.401,0.437,0.2854,3.621,0.003,-0.293,0.604,0.053,4.467,-0.3370,0.4759,-0.314,-0.235,0.747,1.785,1.924,-2.114,0.0043,-0.134,nan,0.00,1,1,1,1,1,0.0000,0.246,0,0.034,1,0.505,0,0,yolo,115.6,yolo,0,0,0,0.000,0,-1,0
1785651501.892,-0.144,-2.490,-1.316,0.9991,0,-4.794,0.397,0.239,0.2723,3.621,0.003,-0.293,0.604,0.053,4.650,-0.0693,-0.0076,-0.305,-0.305,0.740,1.792,1.924,-2.093,0.0043,-0.136,nan,0.00,1,1,1,0,1,0.0000,0.246,0,0.034,1,0.505,0,0,yolo,115.6,yolo,0,0,0,0.000,0,-1,0
1785651501.931,0.364,-2.451,-1.368,0.9991,0,-4.075,0.380,0.090,0.2720,3.621,0.003,-0.293,0.604,0.053,4.438,-0.0571,-0.0154,-0.293,-0.293,0.732,1.799,1.924,-2.071,0.0043,-0.138,nan,0.00,1,1,1,0,1,0.0000,0.246,0,0.035,1,0.496,1,0,yolo,115.6,yolo,0,0,0,0.000,0,-1,0
1785651501.964,0.776,-2.417,-1.374,0.9990,0,-5.575,0.460,-0.635,0.2887,3.395,0.064,-0.362,0.566,1.081,7.297,-0.6093,0.7971,-0.281,-0.283,0.722,1.804,1.879,-1.957,0.0044,-0.218,nan,0.00,1,1,1,1,1,0.0000,0.250,0,0.042,1,0.468,0,0,yolo,116.1,yolo,0,0,0,0.000,0,-1,0
1785651502.002,1.365,-2.371,-1.321,0.9989,0,-4.075,0.425,-0.753,0.2743,3.395,0.064,-0.362,0.566,1.081,5.246,0.0191,-0.0222,-0.264,-0.264,0.700,1.810,1.879,-1.946,0.0044,-0.220,nan,0.00,1,1,1,0,1,0.0000,0.250,0,0.042,1,0.468,0,0,yolo,116.1,yolo,0,0,0,0.000,0,-1,0
1785651502.033,1.929,-2.324,-1.245,0.9986,0,-2.963,0.388,-0.841,0.2730,3.395,0.064,-0.362,0.566,1.081,4.893,0.0398,-0.0546,-0.243,-0.243,0.667,1.816,1.879,-1.936,0.0044,-0.222,nan,0.00,1,1,1,0,1,0.0000,0.371,0,0.089,1,0.460,0,0,yolo,116.1,yolo,0,0,0,0.000,0,-1,0
1785651502.072,2.200,-2.292,-1.176,0.9985,0,-4.463,0.573,-1.432,0.2896,3.143,0.118,-0.441,0.524,2.141,7.746,-0.4363,0.6617,-0.227,-0.266,0.642,1.821,1.791,-1.719,0.0044,-0.310,nan,0.00,1,1,1,1,1,0.0000,0.283,0,0.096,0,0.437,0,0,yolo,108.7,yolo,0,0,0,0.000,0,-1,0
1785651502.112,2.635,-2.242,-1.067,0.9982,0,-2.963,0.520,-1.475,0.2770,3.143,0.118,-0.441,0.524,2.141,5.591,0.0601,-0.0295,-0.206,-0.206,0.612,1.825,1.790,-1.722,0.0045,-0.312,nan,0.00,1,1,1,0,1,0.0000,0.283,0,0.096,0,0.437,0,0,yolo,108.7,yolo,0,0,0,0.000,0,-1,0
1785651502.143,2.908,-2.200,-0.929,0.9980,0,-2.363,0.475,-1.508,0.2759,3.143,0.118,-0.441,0.524,2.141,5.271,0.0790,-0.0564,-0.187,-0.187,0.586,1.829,1.789,-1.726,0.0045,-0.314,nan,0.00,1,1,1,0,1,0.0000,0.379,0,0.099,1,0.422,0,0,yolo,108.7,yolo,0,0,0,0.000,0,-1,0
1785651502.175,2.908,-2.200,-0.929,0.9980,0,-3.863,0.661,-2.115,0.2926,2.890,0.159,-0.516,0.482,3.152,9.686,-0.7651,1.2409,-0.187,-0.285,0.586,1.829,1.693,-1.540,0.0045,-0.396,nan,0.00,1,1,1,1,1,0.0000,0.240,0,0.106,2,0.431,0,0,yolo,109.7,yolo,0,0,0,0.000,0,-1,0
1785651502.212,3.150,-2.160,-0.785,0.9978,0,-2.704,0.639,-2.248,0.2800,2.890,0.159,-0.516,0.482,3.152,5.854,0.1199,-0.0246,-0.165,-0.165,0.561,1.833,1.693,-1.521,0.0046,-0.398,nan,0.00,1,1,1,0,1,0.0000,0.481,0,0.106,2,0.431,0,0,yolo,109.7,yolo,0,0,0,0.000,0,-1,0
1785651502.244,3.456,-2.101,-0.570,0.9975,0,-1.992,0.590,-2.347,0.2788,2.890,0.159,-0.516,0.482,3.152,5.447,0.1444,-0.0543,-0.140,-0.140,0.531,1.836,1.692,-1.511,0.0046,-0.400,nan,0.00,1,1,1,0,1,0.0000,0.481,0,0.106,2,0.400,0,0,yolo,109.7,yolo,0,0,0,0.000,0,-1,0
1785651502.269,3.456,-2.101,-0.570,0.9975,0,-1.992,0.552,-2.422,0.2789,2.890,0.159,-0.516,0.482,3.152,5.447,0.1444,-0.0543,-0.140,-0.140,0.531,1.836,1.692,-1.549,0.0046,-0.400,nan,0.00,1,1,1,0,1,0.0000,0.481,0,0.106,2,0.400,0,0,yolo,109.7,yolo,0,0,0,0.000,0,-1,0
1785651502.298,3.659,-2.054,-0.327,0.9973,0,-3.492,0.702,-2.797,0.2956,2.665,0.182,-0.574,0.444,3.901,7.837,-0.2613,0.4929,-0.117,-0.206,0.496,1.839,1.618,-1.353,0.0047,-0.465,nan,0.00,1,1,1,1,1,0.0000,0.649,0,0.166,2,0.206,0,0,yolo,112.5,yolo,0,0,0,0.000,0,-1,0
1785651502.332,4.065,-1.995,-0.052,0.9969,0,-1.992,0.649,-2.869,0.2818,2.665,0.182,-0.574,0.444,3.901,5.348,0.1164,-0.0394,-0.089,-0.089,0.457,1.842,1.618,-1.346,0.0047,-0.467,nan,0.00,1,1,1,0,1,0.0000,0.649,0,0.166,2,0.206,0,0,yolo,112.5,yolo,0,0,0,0.000,0,-1,0
1785651502.363,4.254,-1.946,0.238,0.9967,0,-0.660,0.605,-2.923,0.2802,2.665,0.182,-0.574,0.444,3.901,4.914,0.1428,-0.0803,-0.063,-0.063,0.416,1.844,1.617,-1.342,0.0048,-0.468,nan,0.00,1,1,1,0,1,0.0000,0.349,0,0.248,2,0.258,0,0,yolo,112.5,yolo,0,0,0,0.000,0,-1,0
1785651502.394,4.254,-1.946,0.238,0.9967,0,-0.660,0.578,-2.963,0.2802,2.665,0.182,-0.574,0.444,3.901,4.914,0.1428,-0.0803,-0.063,-0.063,0.416,1.844,1.617,-1.369,0.0048,-0.468,nan,0.00,1,1,1,0,1,0.0000,0.349,0,0.248,2,0.258,0,0,yolo,112.5,yolo,0,0,0,0.000,0,-1,0
1785651502.427,4.311,-1.906,0.504,0.9966,0,-0.212,0.547,-2.993,0.2785,2.665,0.182,-0.574,0.444,3.901,4.523,0.1666,-0.1197,-0.039,-0.039,0.377,1.846,1.616,-1.359,0.0049,-0.470,nan,0.00,1,1,1,0,1,0.0000,0.794,0,0.245,3,0.242,0,0,yolo,112.5,yolo,0,0,0,0.000,0,-1,0
1785651502.463,4.333,-1.874,0.756,0.9966,0,0.167,0.520,-3.016,0.2771,2.665,0.182,-0.574,0.444,3.901,4.166,0.1882,-0.1540,-0.018,-0.018,0.342,1.848,1.615,-1.353,0.0049,-0.471,nan,0.00,1,1,1,0,1,0.0000,0.794,0,0.245,3,0.242,2,0,yolo,112.5,yolo,0,0,0,0.000,0,-1,0
1785651502.488,4.316,-1.840,1.049,0.9967,0,0.542,0.495,-3.033,0.2755,2.665,0.182,-0.574,0.444,3.901,3.774,0.2120,-0.1901,0.006,0.006,0.306,1.850,1.614,-1.345,0.0050,-0.473,nan,0.00,1,1,1,0,1,0.0408,0.350,1,0.267,2,0.099,0,0,yolo,112.5,yolo,0,0,0,0.000,0,-1,0
1785651502.526,4.316,-1.840,1.049,0.9967,0,0.542,0.475,-3.046,0.2756,2.665,0.182,-0.574,0.444,3.901,3.774,0.2120,-0.1901,0.006,0.006,0.306,1.850,1.614,-1.365,0.0050,-0.473,nan,0.00,1,1,1,0,1,0.1499,0.188,1,0.340,3,0.063,0,0,yolo,112.5,yolo,0,0,0,0.000,0,-1,0
1785651502.567,4.207,-1.781,1.598,0.9968,0,1.121,0.452,-3.056,0.2736,2.665,0.182,-0.574,0.444,3.901,3.085,0.2538,-0.2362,0.048,0.048,0.260,1.853,1.613,-1.329,0.0051,-0.476,nan,0.00,1,1,1,0,1,0.2590,0.417,1,0.336,4,0.050,0,0,yolo,112.5,yolo,0,0,0,0.000,0,-1,0
1785651502.604,4.206,-1.781,1.602,0.9968,0,1.125,0.431,-3.063,0.2736,2.665,0.182,-0.574,0.444,3.901,3.081,0.2541,-0.2365,0.048,0.048,0.260,1.853,1.613,-1.350,0.0051,-0.476,nan,0.00,1,1,1,0,1,0.3587,0.833,1,0.336,4,0.050,1,0,yolo,112.5,yolo,0,0,0,0.000,0,-1,0
1785651502.645,4.084,-1.754,1.894,0.9970,0,1.333,0.414,-3.068,0.2728,2.665,0.182,-0.574,0.444,3.901,2.751,0.2740,-0.2560,0.068,0.068,0.240,1.855,1.612,-1.339,0.0052,-0.478,nan,0.00,1,1,1,0,1,0.5114,0.714,1,0.405,3,0.010,0,0,yolo,112.5,yolo,0,0,0,0.000,0,-1,0
1785651502.676,3.972,-1.729,2.173,0.9971,0,1.521,0.397,-3.072,0.2720,2.665,0.182,-0.574,0.444,3.901,2.451,0.2922,-0.2743,0.086,0.086,0.222,1.856,1.611,-1.332,0.0052,-0.479,nan,0.00,1,1,1,0,1,0.5470,0.714,1,0.405,3,0.010,0,0,yolo,112.5,yolo,0,0,0,0.000,0,-1,0
1785651502.706,3.832,-1.709,2.428,0.9973,0,1.638,0.382,-3.075,0.2714,2.665,0.182,-0.574,0.444,3.901,2.194,0.3078,-0.2902,0.102,0.102,0.206,1.858,1.610,-1.328,0.0053,-0.481,nan,0.00,1,1,1,0,1,0.5748,0.750,1,0.340,3,0.003,0,0,yolo,112.5,yolo,0,0,0,0.000,0,-1,0
1785651502.737,3.668,-1.689,2.704,0.9975,0,1.736,0.367,-3.077,0.2707,2.665,0.182,-0.574,0.444,3.901,1.931,0.3237,-0.3065,0.118,0.118,0.190,1.859,1.609,-1.322,0.0053,-0.482,nan,0.00,1,1,1,0,1,0.5890,0.800,1,0.277,3,0.017,0,0,yolo,112.5,yolo,0,0,0,0.000,0,-1,0
1785651502.768,3.668,-1.689,2.704,0.9975,0,1.736,0.351,-3.079,0.2707,2.665,0.182,-0.574,0.444,3.901,1.931,0.3237,-0.3065,0.118,0.118,0.190,1.859,1.609,-1.338,0.0054,-0.482,nan,0.00,1,1,1,0,1,0.5996,0.800,1,0.277,3,0.017,0,0,yolo,112.5,yolo,0,0,0,0.000,0,-1,0
1785651502.800,3.508,-1.670,2.958,0.9977,0,0.236,1.362,-4.579,0.2874,4.000,2.711,0.000,0.667,25.000,14.000,-0.0000,0.1767,0.131,0.131,0.177,1.861,1.200,-0.309,0.0054,-0.468,nan,8.00,1,1,0,1,1,0.6148,0.750,1,0.332,3,-0.024,0,1,blueline,,BLUELINE,0,0,0,0.000,0,-1,0
1785651502.831,3.345,-1.653,3.217,0.9979,0,-1.264,1.349,-6.079,0.2910,4.000,2.711,0.000,0.667,25.000,14.000,0.0127,0.1639,0.144,0.144,0.164,1.862,1.200,-0.304,0.0054,-0.454,nan,8.00,1,1,0,0,1,0.6262,0.750,1,0.332,3,-0.024,0,0,blueline,,BLUELINE,0,0,0,0.000,0,-1,0
1785651502.863,3.497,-1.533,3.795,0.9978,0,-2.764,1.230,-7.579,0.2896,4.000,2.648,0.000,0.667,25.000,14.000,-0.0000,0.1430,0.152,0.152,0.143,1.863,1.200,-0.304,0.0054,-0.440,nan,8.00,1,1,0,1,1,0.6391,0.750,1,0.335,3,-0.014,0,0,blueline,,BLUELINE,0,0,0,0.000,0,-1,0
1785651502.898,3.773,-1.459,4.586,0.9975,0,-1.264,1.155,-6.079,0.2880,4.000,-1.705,0.000,0.667,-23.080,-14.000,-0.0000,0.1136,0.154,0.154,0.114,1.864,1.200,-0.303,0.0054,-0.427,nan,8.00,1,1,0,1,1,0.6487,0.750,1,0.335,3,-0.014,2,1,track,,TRACK,0,0,0,0.000,0,-1,0
1785651502.939,3.861,-1.399,5.109,0.9974,0,-2.764,1.087,-7.579,0.2863,4.000,2.214,0.000,0.233,25.000,14.000,-0.0000,0.0832,0.160,0.160,0.083,1.864,1.200,-0.312,0.0054,-0.414,nan,0.00,0,1,0,1,1,0.5213,0.292,1,0.347,1,0.126,0,1,blueline,,BLUELINE,0,0,0,0.000,0,-1,0
1785651502.970,4.090,-1.341,5.664,0.9972,0,-4.264,1.018,-9.079,0.2841,4.000,2.214,0.000,0.233,25.000,14.000,0.0088,0.0421,0.169,0.169,0.042,1.864,1.200,-0.323,0.0054,-0.402,nan,0.00,0,1,0,0,1,0.4123,0.292,1,0.347,1,0.126,0,0,blueline,,BLUELINE,0,0,0,0.000,0,-1,0
1785651503.000,4.476,-1.307,6.434,0.9967,0,-2.764,0.981,-10.579,0.2818,4.000,1.333,0.000,0.233,18.430,5.071,4.1888,-0.0051,0.174,0.174,-0.005,1.864,1.200,-0.325,0.0054,-0.390,nan,0.00,0,1,0,1,1,0.3032,0.300,1,0.266,1,0.155,0,0,blueline,,BLUELINE,0,0,0,0.000,0,-1,0
1785651503.027,4.476,-1.307,6.434,0.9967,0,-1.264,-0.519,-9.079,0.2814,4.000,0.242,0.000,0.667,3.456,-10.694,4.1888,-0.0051,0.174,0.174,-0.005,1.864,1.898,-2.074,0.0054,-0.378,nan,0.00,1,1,0,1,1,0.0000,0.584,0,0.209,1,0.172,0,0,blueline,,BLUELINE,0,0,0,0.000,0,-1,0
1785651503.064,5.088,-1.149,-10.638,0.9959,0,0.236,-0.851,-7.579,0.2894,4.000,0.242,0.000,0.667,3.456,-14.000,1.5354,0.1745,1.710,1.710,0.174,0.044,1.907,-2.000,0.0054,-0.367,nan,0.00,1,1,0,0,1,0.0000,0.584,0,0.209,1,0.172,0,0,blueline,,BLUELINE,0,0,0,0.000,0,-1,0
1785651503.101,5.009,-0.855,-11.217,0.9961,0,1.736,-1.645,-6.079,0.2940,4.000,-0.036,0.000,0.233,-0.511,-13.242,-0.0000,0.2841,2.729,2.729,0.284,-1.697,1.200,-2.500,0.0054,-0.356,nan,0.00,0,1,0,1,1,0.0000,0.575,0,0.200,1,0.152,0,1,track,,TRACK,0,0,0,0.000,0,-1,0
1785651503.130,4.919,-1.225,-7.972,0.9961,0,3.236,-1.275,-4.579,0.2981,4.000,0.174,0.000,0.667,2.494,-14.000,-0.0000,0.3825,3.743,3.743,0.383,-3.094,1.924,-2.500,0.0054,-0.345,nan,0.00,1,1,0,1,1,0.0000,0.565,0,0.190,1,0.091,0,1,blueline,,BLUELINE,0,0,0,0.000,0,-1,0
1785651503.178,4.635,-1.370,-7.523,0.9964,0,4.736,-1.130,-3.079,0.3022,nan,nan,nan,0.000,0.000,-10.000,0.0000,0.4832,4.686,4.686,0.483,-4.615,1.000,-2.500,0.0054,-0.335,nan,0.00,0,0,0,0,1,0.0000,0.304,0,0.132,0,0.047,0,0,,,FLYING,0,0,0,0.000,0,-1,0
1785651503.205,4.261,-1.392,-7.965,0.9969,0,6.236,-1.108,-4.579,0.3059,4.000,0.492,0.000,0.233,7.017,-14.000,-0.0000,0.5740,5.524,5.524,0.574,-6.131,1.200,-2.500,0.0054,-0.325,nan,0.00,0,1,0,1,1,0.0000,0.280,0,0.186,1,0.087,0,0,blueline,,BLUELINE,0,0,0,0.000,0,-1,0
1785651503.238,4.261,-1.392,-7.965,0.9969,0,7.736,-1.108,-6.079,0.3056,4.000,0.492,0.000,0.233,7.017,-14.000,0.0000,0.5740,5.524,5.524,0.574,-6.131,1.200,-2.500,0.0054,-0.315,nan,0.00,0,1,0,0,1,0.0000,0.561,0,0.186,1,0.087,0,0,blueline,,BLUELINE,0,0,0,0.000,0,-1,0
1785651503.269,3.637,-1.499,-7.523,0.9976,0,6.236,-1.001,-7.579,0.3222,17.134,7.145,-4.285,1.000,22.635,14.000,-0.0000,-0.0000,5.591,5.591,0.457,-6.075,1.200,-2.500,0.0054,-3.374,nan,0.00,1,1,1,1,1,0.0000,0.890,0,0.181,4,0.266,0,1,yolo,107.6,yolo,0,0,0,0.000,0,-1,0
1785651503.300,2.946,-1.643,-6.550,0.9983,0,4.736,-0.857,-9.079,0.3274,17.134,7.145,-4.285,1.000,22.635,14.000,0.1189,-0.0557,5.710,5.710,0.401,-5.965,1.200,-2.500,0.0054,-3.420,nan,0.00,1,1,1,0,1,0.0000,0.890,0,0.181,4,0.266,0,0,yolo,107.6,yolo,0,0,0,0.000,0,-1,0
1785651503.331,2.466,-1.754,-5.675,0.9986,0,3.236,-0.746,-10.579,0.3236,17.134,7.145,-4.285,1.000,22.635,14.000,0.2210,-0.1387,5.812,5.812,0.318,-5.862,1.200,-2.500,0.0054,-3.448,nan,0.00,1,1,1,0,1,0.0000,0.331,0,0.176,2,0.275,0,0,yolo,107.6,yolo,0,0,0,0.000,0,-1,0
1785651503.363,2.466,-1.754,-5.675,0.9986,0,1.736,-0.746,-12.000,0.3123,16.223,8.064,-4.271,1.000,25.000,14.000,-10.0442,-0.3881,5.812,1.469,0.318,-5.862,1.200,-2.500,0.0054,-3.422,nan,0.00,1,1,1,1,1,0.0000,0.662,0,0.176,2,0.275,0,0,yolo,108.2,yolo,0,0,0,0.000,0,-1,0
1785651503.393,2.301,-1.866,-4.500,0.9987,0,0.236,-0.634,-12.000,0.3250,16.223,8.064,-4.271,1.000,25.000,14.000,4.4742,-0.1068,5.944,5.944,0.211,-5.727,1.200,-2.500,0.0054,-3.414,nan,0.00,1,1,1,0,1,0.0000,0.770,0,0.175,3,0.284,0,0,yolo,108.2,yolo,0,0,0,0.000,0,-1,0
1785651503.424,2.255,-1.950,-3.498,0.9986,0,-1.264,-0.550,-12.000,0.3204,16.223,8.064,-4.271,1.000,25.000,14.000,4.5833,-0.2081,6.053,6.053,0.110,-5.609,1.200,-2.500,0.0054,-3.396,nan,0.00,1,1,1,0,1,0.0000,0.763,0,0.170,3,0.211,0,0,yolo,108.2,yolo,0,0,0,0.000,0,-1,0
1785651503.456,2.353,-2.034,-2.472,0.9985,0,-2.764,-0.466,-12.000,0.3151,16.223,8.064,-4.271,1.000,25.000,14.000,4.6949,-0.3274,6.164,6.164,-0.009,-5.486,1.200,-2.500,0.0054,-3.358,nan,0.00,1,1,1,0,1,0.0000,0.297,0,0.120,3,0.298,0,0,yolo,108.2,yolo,0,0,0,0.000,0,-1,0
1785651503.487,2.353,-2.034,-2.472,0.9985,0,-4.264,-0.466,-12.000,0.3278,15.957,8.379,-4.269,1.000,25.000,14.000,-0.0000,-0.0446,6.164,2.055,-0.009,-5.486,1.200,-2.500,0.0054,-3.352,nan,0.00,1,1,1,1,1,0.0000,0.297,0,0.120,3,0.298,0,0,yolo,121.1,yolo,0,0,0,0.000,0,-1,0
1785651503.527,2.595,-2.117,-1.420,0.9983,0,-5.764,-0.383,-12.000,0.3245,15.957,8.379,-4.269,1.000,25.000,14.000,4.2233,-0.1205,6.279,6.279,-0.130,-5.357,1.200,-2.500,0.0054,-3.293,nan,0.00,1,1,1,0,1,0.0000,0.299,0,0.123,3,0.368,0,0,yolo,121.1,yolo,0,0,0,0.000,0,-1,0
1785651503.567,3.198,-2.210,-0.257,0.9977,0,-7.264,-0.290,-12.000,0.3189,15.957,8.379,-4.269,1.000,25.000,14.000,4.3503,-0.2480,6.406,6.406,-0.257,-5.211,1.200,-2.500,0.0054,-3.176,nan,0.00,1,1,1,0,1,0.0000,0.589,0,0.115,3,0.439,0,0,yolo,121.1,yolo,0,0,0,0.000,0,-1,0
1785651503.597,3.963,-2.313,0.962,0.9968,0,-8.764,-0.187,-12.000,0.3023,14.434,7.552,-3.661,1.000,25.000,14.000,-0.0000,-2.0000,6.540,3.076,-0.394,-5.055,1.200,-2.500,0.0054,-2.545,nan,0.00,1,1,1,1,1,0.0000,0.589,0,0.115,3,0.439,0,0,yolo,125.5,yolo,0,0,0,0.000,0,-1,0
1785651503.635,4.802,-2.413,2.056,0.9956,0,-9.198,-0.087,-12.000,0.3189,14.434,7.552,-3.661,1.000,25.000,14.000,3.5831,-0.1045,6.659,6.659,-0.499,-4.912,1.200,-2.500,0.0054,-2.405,nan,0.00,1,1,1,0,1,0.0000,0.603,0,0.128,3,0.473,0,0,yolo,125.5,yolo,0,0,0,0.000,0,-1,0
1785651503.662,4.802,-2.413,2.056,0.9956,0,-9.198,-0.087,-12.000,0.3261,14.434,7.552,-3.661,1.000,25.000,14.000,3.5831,-0.1045,6.659,6.659,-0.499,-4.912,1.200,-2.500,0.0054,-2.405,nan,0.00,1,1,1,0,1,0.0000,0.603,0,0.128,3,0.473,0,0,yolo,125.5,yolo,0,0,0,0.000,0,-1,0
1785651503.699,5.671,-2.519,3.145,0.9941,0,-8.329,0.019,-12.000,0.3221,14.434,7.552,-3.661,1.000,25.000,14.000,3.7023,-0.2029,6.778,6.778,-0.597,-4.766,1.200,-2.500,0.0054,-2.259,nan,0.00,1,1,1,0,1,1.0264,0.350,1,0.296,2,0.567,0,0,yolo,125.5,yolo,0,0,0,0.000,0,-1,0
1785651503.727,6.525,-2.640,4.217,0.9925,0,-7.475,0.140,-13.500,0.3055,13.956,6.971,-3.399,1.000,25.000,14.000,-0.0000,-2.0000,6.895,3.292,-0.696,-4.620,1.200,-2.500,0.0054,-1.939,nan,8.00,1,1,1,1,1,1.0264,0.700,1,0.296,2,0.567,0,0,yolo,120.2,yolo,0,0,0,0.000,0,-1,0
1785651503.761,7.437,-2.790,5.369,0.9904,0,-5.975,0.290,-15.000,0.3212,13.956,6.971,-3.399,1.000,25.000,9.297,3.7299,-0.1077,7.022,7.022,-0.803,-4.459,1.200,-2.500,0.0054,-1.786,nan,8.00,1,1,1,0,1,0.9508,0.600,1,0.292,1,0.579,0,0,yolo,120.2,yolo,0,0,0,0.000,0,-1,0
1785651503.800,7.985,-2.959,6.854,0.9890,0,-4.475,0.459,-16.500,0.3132,13.956,6.971,-3.399,1.000,25.000,7.572,3.8877,-0.2194,7.179,7.179,-0.915,-4.251,1.200,-2.500,0.0054,-1.674,nan,8.00,1,1,1,0,1,0.8941,0.600,1,0.292,1,0.579,0,0,yolo,120.2,yolo,0,0,0,0.000,0,-1,0
1785651503.830,7.985,-2.959,6.854,0.9890,0,-5.975,0.459,-15.000,0.3298,15.044,6.773,-3.625,1.000,24.236,14.000,1.5044,1.4620,7.179,3.966,-0.915,-4.251,1.200,-2.500,0.0054,-1.869,nan,0.00,1,1,1,1,1,0.0000,0.350,0,0.293,2,0.592,0,0,yolo,109.1,yolo,0,0,0,0.000,0,-1,0
1785651503.862,8.354,-3.137,8.430,0.9879,0,-4.475,0.637,-16.500,0.3219,15.044,6.773,-3.625,1.000,24.236,5.476,3.3760,-0.1031,7.342,7.342,-1.018,-4.027,1.200,-2.500,0.0054,-1.775,nan,8.00,1,1,1,0,1,1.0204,0.700,1,0.291,2,0.601,0,0,yolo,109.1,yolo,0,0,0,0.000,0,-1,0
1785651503.893,10.030,-6.887,5.652,0.9776,0,-2.975,2.137,-18.000,0.3052,15.044,6.773,-3.625,1.000,24.236,6.712,3.2591,-0.2520,7.225,7.225,-1.167,-4.363,1.200,-2.500,0.0054,-0.569,nan,8.00,1,1,1,0,1,1.0204,0.700,1,0.291,2,0.601,0,0,yolo,109.1,yolo,0,0,0,0.000,0,-1,0
1785651503.925,10.030,-6.887,5.652,0.9776,0,-1.475,3.637,-19.500,0.2885,15.044,6.773,-3.625,1.000,24.236,6.712,3.2591,-0.2520,7.225,7.225,-1.167,-4.363,1.200,-2.500,0.0055,-0.569,nan,8.00,1,1,1,0,1,1.0416,0.700,1,0.289,2,0.620,0,0,yolo,109.1,yolo,0,0,0,0.000,0,-1,0
1785651503.965,10.147,-6.357,8.539,0.9783,0,0.025,3.857,-18.000,0.2755,15.704,6.137,-3.743,1.000,21.347,-1.126,5.9396,2.0000,7.488,4.938,-1.292,-3.923,1.200,-2.500,0.0056,-0.849,nan,0.00,1,1,1,1,1,0.0000,0.602,0,0.227,1,0.661,0,0,yolo,123.3,yolo,0,0,0,0.000,0,-1,0
1785651503.993,9.936,-6.309,11.025,0.9790,0,1.525,3.809,-16.500,0.2754,15.704,6.137,-3.743,1.000,21.347,-0.239,2.7839,-0.0980,7.722,7.722,-1.390,-3.529,1.200,-2.500,0.0056,-0.886,nan,0.00,1,1,1,0,1,0.0000,0.602,0,0.227,1,0.661,0,0,yolo,123.3,yolo,0,0,0,0.000,0,-1,0
1785651504.019,9.936,-6.309,11.025,0.9790,0,3.025,3.809,-15.000,0.2755,15.704,6.137,-3.743,1.000,21.347,-0.239,2.7839,-0.0980,7.722,7.722,-1.390,-3.529,1.200,-2.500,0.0057,-0.886,nan,0.00,1,1,1,0,1,0.0000,0.421,0,0.151,1,0.701,0,0,yolo,123.3,yolo,0,0,0,0.000,0,-1,0
1785651504.050,9.548,-5.936,12.440,0.9809,0,4.525,3.436,-13.500,0.2750,15.704,6.137,-3.743,1.000,21.347,-1.939,2.9469,-0.1561,7.885,7.885,-1.448,-3.269,1.200,-2.500,0.0057,-1.035,nan,0.00,1,1,1,0,1,0.0000,0.421,0,0.151,1,0.701,0,0,yolo,123.3,yolo,0,0,0,0.000,0,-1,0
1785651504.084,9.194,-5.605,13.771,0.9824,0,6.025,3.105,-12.000,0.2746,16.404,5.417,-3.860,1.000,18.274,-14.000,8.7974,2.0000,8.032,4.863,-1.465,-3.022,1.200,-2.500,0.0057,-1.329,nan,0.00,1,1,1,1,0,0.0000,0.000,0,0.000,0,0.000,0,0,yolo,115.0,yolo,0,0,0,0.000,0,-1,0
1785651504.115,8.511,-5.412,14.914,0.9846,0,7.525,2.912,-12.000,0.2740,16.404,5.417,-3.860,1.000,18.274,-11.975,3.3005,0.0666,8.164,8.164,-1.398,-2.815,1.200,-2.500,0.0057,-1.455,nan,0.00,1,1,1,0,0,0.0000,0.000,0,0.000,0,0.000,0,0,yolo,115.0,yolo,0,0,0,0.000,0,-1,0
1785651504.145,7.678,-5.202,15.956,0.9870,0,9.025,2.702,-12.000,0.2733,16.404,5.417,-3.860,1.000,18.274,-13.257,3.4257,0.1237,8.289,8.289,-1.341,-2.622,1.200,-2.500,0.0057,-1.602,nan,0.00,1,1,1,0,0,0.0000,0.000,0,0.000,0,0.000,0,0,yolo,115.0,yolo,0,0,0,0.000,0,-1,0
1785651504.173,7.678,-5.202,15.956,0.9870,0,10.525,2.702,-12.000,0.2733,16.404,5.417,-3.860,1.000,18.274,-13.257,3.4257,0.1237,8.289,8.289,-1.341,-2.622,1.200,-2.500,0.0057,-1.602,nan,0.00,1,1,1,0,0,0.0000,0.000,0,0.000,0,0.000,0,0,yolo,115.0,yolo,0,0,0,0.000,0,-1,0
1785651504.207,6.809,-4.968,17.043,0.9892,0,12.025,2.468,-12.000,0.2727,16.404,5.417,-3.860,1.000,18.274,-14.000,3.5474,0.1662,8.411,8.411,-1.298,-2.420,1.200,-2.500,0.0057,-1.758,nan,0.00,1,1,1,0,0,0.0000,0.000,0,0.000,0,0.000,0,0,yolo,115.0,yolo,0,0,0,0.000,0,-1,0
1785651504.235,5.446,-4.782,18.213,0.9920,0,13.525,2.282,-12.000,0.2719,16.404,5.417,-3.860,1.000,18.274,-14.000,3.6724,0.1819,8.536,8.536,-1.283,-2.206,1.200,-2.500,0.0057,-1.950,nan,0.00,1,1,1,0,0,0.0000,0.000,0,0.000,0,0.000,0,0,yolo,115.0,yolo,0,0,0,0.000,0,-1,0
1785651504.264,4.027,-4.602,19.303,0.9943,0,15.025,2.102,-12.000,0.2713,16.404,5.417,-3.860,1.000,18.274,-14.000,3.7762,0.1919,8.639,8.639,-1.273,-2.006,1.200,-2.500,0.0057,-2.143,nan,0.00,1,1,1,0,0,0.0000,0.000,0,0.000,0,0.000,0,0,yolo,115.0,yolo,0,0,0,0.000,0,-1,0
1785651504.302,4.027,-4.602,19.303,0.9943,0,16.525,2.102,-12.000,0.2713,16.404,5.417,-3.860,1.000,18.274,-14.000,3.7762,0.1919,8.639,8.639,-1.273,-2.006,1.200,-2.500,0.0057,-2.143,nan,0.00,1,1,1,0,0,0.0000,0.000,0,0.000,0,0.000,0,0,yolo,115.0,yolo,0,0,0,0.000,0,-1,0
1785651504.330,2.437,-4.413,20.399,0.9961,0,16.437,1.913,-12.000,0.2708,16.404,5.417,-3.860,1.000,18.274,-14.000,3.8651,0.1998,8.728,8.728,-1.265,-1.804,1.200,-2.500,0.0057,-2.353,nan,0.00,1,1,1,0,0,0.0000,0.000,0,0.000,0,0.000,0,0,yolo,115.0,yolo,0,0,0,0.000,0,-1,0
1785651504.364,0.660,-4.212,21.520,0.9972,0,14.937,1.712,-12.000,0.2705,16.404,5.417,-3.860,1.000,18.274,-14.000,3.9339,0.2061,8.797,8.797,-1.258,-1.599,1.200,-2.500,0.0057,-2.582,nan,0.00,1,1,1,0,0,0.0000,0.000,0,0.000,0,0.000,0,0,yolo,115.0,yolo,0,0,0,0.000,0,-1,0
1785651504.396,-0.998,-4.000,22.525,0.9974,0,13.437,1.624,-12.000,0.2704,16.404,5.417,-3.860,1.000,18.274,-14.000,3.9768,0.2120,8.840,8.840,-1.253,-1.417,1.200,-2.376,0.0057,-2.800,nan,0.00,1,1,1,0,0,0.0000,0.000,0,0.000,0,0.000,0,0,yolo,115.0,yolo,0,0,0,0.000,0,-1,0
1785651504.422,-2.000,-3.546,21.366,0.9975,0,12.000,1.046,-10.500,0.2704,4.000,-0.322,0.000,0.233,-4.604,-14.000,-0.0000,-1.3056,8.775,8.775,-1.306,-1.598,1.200,-2.500,0.0057,-2.716,nan,0.00,0,1,0,1,1,0.0000,0.158,0,0.020,0,0.382,0,1,blueline,,BLUELINE,0,0,0,0.000,0,-1,0
1785651504.452,-2.000,-3.546,21.366,0.9975,0,12.000,1.046,-9.000,0.2704,4.000,-0.322,0.000,0.233,-4.604,-14.000,0.0000,-1.3056,8.775,8.775,-1.306,-1.598,1.200,-2.500,0.0057,-2.634,nan,0.00,0,1,0,0,1,0.0000,0.158,0,0.020,0,0.382,0,0,blueline,,BLUELINE,0,0,0,0.000,0,-1,0
1785651504.484,-3.271,-3.151,24.553,0.9969,0,10.729,1.696,-7.500,0.2702,4.000,-0.322,0.000,0.233,-4.604,-14.000,0.0282,-1.3410,8.803,8.803,-1.341,-1.118,1.200,-1.454,0.0057,-2.555,nan,0.00,0,1,0,0,1,0.0000,0.158,0,0.020,0,0.382,0,0,blueline,,BLUELINE,0,0,0,0.000,0,-1,0
1785651504.516,-4.466,-2.916,25.034,0.9957,0,9.229,0.416,-9.000,0.2700,4.000,1.552,0.000,0.233,21.208,-9.696,-4.1888,-1.3543,8.751,8.751,-1.354,-1.058,1.200,-2.500,0.0057,-2.479,nan,0.00,0,1,0,1,1,0.8835,0.400,1,0.283,3,0.626,0,0,blueline,,BLUELINE,0,0,0,0.000,0,-1,0
1785651504.547,-4.466,-2.916,25.034,0.9957,0,9.534,0.416,-10.500,0.2700,4.000,1.552,0.000,0.233,21.208,-14.000,0.0000,-1.3543,8.751,8.751,-1.354,-1.058,1.200,-2.500,0.0057,-2.404,nan,0.00,0,1,0,0,1,0.8835,0.400,1,0.283,3,0.626,0,0,blueline,,BLUELINE,0,0,0,0.000,0,-1,0
1785651504.572,-5.513,-2.742,25.639,0.9942,0,8.487,0.242,-12.000,0.2704,4.000,1.024,0.000,0.667,14.354,-14.000,4.1888,-1.3539,8.688,8.688,-1.354,-0.981,1.200,-2.500,0.0057,-2.332,nan,8.00,1,1,0,1,1,0.8665,0.900,1,0.280,4,0.624,0,0,blueline,,BLUELINE,0,0,0,0.000,0,-1,0
1785651504.615,-6.444,-2.533,26.991,0.9927,0,7.556,0.423,-10.500,0.2703,4.000,-1.611,0.000,0.233,-21.940,-14.000,-0.0000,-1.3637,8.656,8.656,-1.364,-0.754,1.200,-2.110,0.0057,-2.262,nan,8.00,0,1,0,1,1,0.8538,0.900,1,0.280,4,0.624,2,1,track,,TRACK,0,0,0,0.000,0,-1,0
1785651504.641,-6.444,-2.533,26.991,0.9927,0,7.556,0.033,-9.000,0.2703,4.000,-1.611,0.000,0.233,-21.940,-14.000,0.0000,-1.3637,8.656,8.656,-1.364,-0.754,1.200,-2.500,0.0057,-2.194,nan,0.00,0,1,0,0,1,0.0000,0.800,0,0.290,3,0.739,0,0,track,,TRACK,0,0,0,0.000,0,-1,0
1785651504.677,-7.271,-2.329,28.038,0.9911,0,6.729,0.136,-7.500,0.2721,4.000,-1.611,0.000,0.233,-21.940,-14.000,-0.0446,-1.2981,8.611,8.611,-1.298,-0.577,1.200,-2.193,0.0057,-2.129,nan,0.00,0,1,0,0,1,0.0000,0.800,0,0.290,3,0.739,0,0,track,,TRACK,0,0,0,0.000,0,-1,0
1785651504.705,-8.021,-2.203,28.661,0.9895,0,5.979,0.211,-6.000,0.2726,4.000,-1.170,0.000,0.233,-16.308,-14.000,-0.0000,-1.2497,8.550,8.550,-1.250,-0.466,1.200,-1.992,0.0057,-2.065,nan,0.00,0,1,0,1,1,0.0000,0.300,0,0.279,1,0.761,0,1,blueline,,BLUELINE,0,0,0,0.000,0,-1,0
1785651504.736,-8.652,-2.082,29.152,0.9880,0,5.348,0.082,-4.500,0.2730,4.000,-1.170,0.000,0.233,-16.308,-14.000,-0.0648,-1.2257,8.485,8.485,-1.226,-0.378,1.200,-2.000,0.0057,-2.003,nan,0.00,0,1,0,0,1,0.0000,0.300,0,0.279,1,0.761,0,0,blueline,,BLUELINE,0,0,0,0.000,0,-1,0
1785651504.771,-8.652,-2.082,29.152,0.9880,0,5.348,0.082,-3.000,0.2730,4.000,-1.741,0.000,0.233,-23.519,-14.000,-0.0000,-1.2257,8.485,8.485,-1.226,-0.378,1.200,-2.000,0.0057,-1.943,nan,0.00,0,1,0,1,1,0.0000,0.600,0,0.279,1,0.761,1,1,track,,TRACK,0,0,0,0.000,0,-1,0
1785651504.798,-9.213,-1.989,29.563,0.9865,0,4.787,-0.011,-1.500,0.2734,4.000,-1.741,0.000,0.233,-23.519,-14.000,-0.0694,-1.2140,8.416,8.416,-1.214,-0.303,1.200,-2.000,0.0057,-1.884,nan,0.00,0,1,0,0,1,0.0000,0.700,0,0.285,2,0.766,0,0,track,,TRACK,0,0,0,0.000,0,-1,0
1785651504.830,-9.770,-1.952,29.699,0.9849,0,4.230,-0.048,0.000,0.2739,4.000,-0.924,0.000,0.667,-13.011,-14.000,-0.0000,-1.2072,8.331,8.331,-1.207,-0.268,1.200,-2.000,0.0057,-1.828,nan,0.00,1,1,0,1,1,0.0000,0.600,0,0.286,1,0.761,0,1,blueline,,BLUELINE,0,0,0,0.000,0,-1,0
1785651504.861,-9.770,-1.952,29.699,0.9849,0,4.230,-0.048,1.500,0.2727,4.000,-0.924,0.000,0.667,-13.011,-14.000,0.0000,-1.2072,8.331,8.331,-1.207,-0.268,1.200,-2.000,0.0057,-1.773,nan,0.00,1,1,0,0,1,0.0000,0.600,0,0.286,1,0.761,0,0,blueline,,BLUELINE,0,0,0,0.000,0,-1,0
1785651504.900,-10.241,-1.949,29.654,0.9835,0,3.759,-0.051,3.000,0.2716,4.000,-1.897,0.000,0.233,-25.000,-14.000,-0.0000,-1.2039,8.246,8.246,-1.204,-0.261,1.200,-2.000,0.0057,-1.720,nan,0.00,0,1,0,1,1,0.0000,0.700,0,0.304,2,0.766,0,1,track,,TRACK,0,0,0,0.000,0,-1,0
1785651504.940,-10.649,-1.963,29.541,0.9822,0,3.351,-0.037,4.500,0.2706,4.000,-1.897,0.000,0.233,-25.000,-14.000,-0.0766,-1.2008,8.169,8.169,-1.201,-0.266,1.200,-2.000,0.0057,-1.668,nan,0.00,0,1,0,0,1,0.0000,0.700,0,0.304,2,0.766,0,0,track,,TRACK,0,0,0,0.000,0,-1,0
1785651504.976,-11.022,-2.009,29.279,0.9810,0,2.967,0.009,6.000,0.2696,4.000,-1.804,0.000,0.233,-24.271,-13.989,-0.5092,-1.1962,8.086,8.086,-1.196,-0.292,1.200,-2.000,0.0057,-1.618,nan,0.00,0,1,0,1,1,0.0000,0.700,0,0.308,2,0.293,0,0,track,,TRACK,0,0,0,0.000,0,-1,0
1785651505.018,-11.342,-2.082,28.885,0.9798,0,2.658,0.082,7.500,0.2687,4.000,-1.804,0.000,0.233,-24.271,-14.000,-0.0839,-1.1893,8.002,8.002,-1.189,-0.336,1.200,-2.000,0.0057,-1.570,nan,0.00,0,1,0,0,1,0.0000,0.700,0,0.308,2,0.293,0,0,track,,TRACK,0,0,0,0.000,0,-1,0
1785651505.049,-11.586,-2.165,28.446,0.9789,0,2.414,0.165,9.000,0.2679,4.000,-1.306,0.000,0.667,-18.080,-14.000,-0.0000,-1.1808,7.927,7.927,-1.181,-0.387,1.200,-2.000,0.0057,-1.523,nan,0.00,1,1,0,1,1,0.0000,0.700,0,0.310,2,0.289,0,1,blueline,,BLUELINE,0,0,0,0.000,0,-1,0
1785651505.081,-11.823,-2.284,27.804,0.9780,0,2.177,0.284,10.500,0.2674,4.000,-1.306,0.000,0.667,-18.080,-14.000,-0.0870,-1.1677,7.840,7.840,-1.168,-0.464,1.200,-2.000,0.0057,-1.477,nan,0.00,1,1,0,0,1,0.0000,0.700,0,0.310,2,0.289,0,0,blueline,,BLUELINE,0,0,0,0.000,0,-1,0
1785651505.119,-12.067,-2.521,26.468,0.9770,0,1.933,0.021,12.000,0.2674,4.000,-2.600,0.000,0.667,-25.000,-14.000,-0.0000,-1.1443,7.710,7.710,-1.144,-0.629,1.200,-2.500,0.0057,-1.433,nan,0.00,1,1,0,1,1,0.0000,0.667,0,0.357,2,0.278,0,1,track,,TRACK,0,0,0,0.000,0,-1,0
1785651505.159,-12.067,-2.521,26.468,0.9770,0,1.933,0.021,12.000,0.2661,4.000,-2.600,0.000,0.667,-25.000,-14.000,0.0000,-1.1443,7.710,7.710,-1.144,-0.629,1.200,-2.500,0.0057,-1.390,nan,0.00,1,1,0,0,1,0.0000,0.667,0,0.357,2,0.278,0,0,track,,TRACK,0,0,0,0.000,0,-1,0
1785651505.195,-12.244,-2.790,25.209,0.9761,0,0.433,0.290,12.000,0.2661,4.000,-1.503,0.000,0.233,-20.590,-9.696,-4.1888,-1.1216,7.593,7.593,-1.122,-0.782,1.200,-2.500,0.0057,-1.348,nan,0.00,0,1,0,1,1,0.0000,0.400,0,0.316,3,0.296,0,0,track,,TRACK,0,0,0,0.000,0,-1,0
1785651505.230,-12.404,-3.034,24.059,0.9753,0,1.596,0.534,10.500,0.2827,17.272,-0.370,-1.946,1.000,-1.226,-14.000,-0.0000,-0.0000,7.479,7.479,-1.098,-0.917,1.546,-2.500,0.0058,-0.904,nan,0.00,1,1,1,1,1,0.0000,0.600,0,0.301,1,0.735,0,1,yolo,121.3,yolo,0,0,0,0.000,0,-1,0
1785651505.269,-12.529,-3.189,23.053,0.9747,0,1.471,0.689,9.000,0.2994,17.272,-0.370,-1.946,1.000,-1.226,-14.000,-0.1144,0.0193,7.364,7.364,-1.079,-1.029,1.594,-2.500,0.0059,-0.856,nan,0.00,1,1,1,0,1,0.0000,0.600,0,0.301,1,0.735,0,0,yolo,121.3,yolo,0,0,0,0.000,0,-1,0
1785651505.301,-12.653,-3.300,22.202,0.9741,0,1.347,0.800,7.500,0.3037,17.272,-0.370,-1.946,1.000,-1.226,-14.000,-0.2295,0.0267,7.249,7.249,-1.071,-1.117,1.629,-2.500,0.0060,-0.821,nan,0.00,1,1,1,0,1,0.0000,0.400,0,0.289,3,0.725,0,0,yolo,121.3,yolo,0,0,0,0.000,0,-1,0
1785651505.332,-12.759,-3.368,21.526,0.9736,0,1.241,0.868,6.000,0.3028,17.272,-0.370,-1.946,1.000,-1.226,-14.000,-0.3358,0.0178,7.143,7.143,-1.080,-1.182,1.652,-2.500,0.0061,-0.798,nan,0.00,1,1,1,0,1,0.0000,0.400,0,0.289,3,0.725,0,0,yolo,121.3,yolo,0,0,0,0.000,0,-1,0
1785651505.374,-12.759,-3.368,21.526,0.9736,0,-0.259,0.868,4.500,0.2861,16.782,-0.147,-1.813,1.000,-0.502,-10.993,-2.1196,-0.5169,7.143,4.003,-1.080,-1.182,1.703,-2.500,0.0061,-0.747,nan,0.00,1,1,1,1,1,0.0000,0.350,0,0.304,2,0.282,0,0,yolo,126.7,yolo,0,0,0,0.000,0,-1,0
1785651505.418,-12.854,-3.400,21.011,0.9732,0,1.146,0.900,3.000,0.2993,16.782,-0.147,-1.813,1.000,-0.502,-14.000,3.0427,-0.0232,7.046,7.046,-1.103,-1.227,1.714,-2.500,0.0062,-0.736,nan,0.00,1,1,1,0,1,0.0000,0.600,0,0.280,1,0.780,0,0,yolo,126.7,yolo,0,0,0,0.000,0,-1,0
1785651505.458,-12.787,-3.400,20.558,0.9735,0,1.213,0.900,1.500,0.2977,16.782,-0.147,-1.813,1.000,-0.502,-14.000,2.9286,-0.0579,6.932,6.932,-1.138,-1.259,1.713,-2.500,0.0063,-0.737,nan,0.00,1,1,1,0,1,0.0000,0.600,0,0.280,1,0.780,0,0,yolo,126.7,yolo,0,0,0,0.000,0,-1,0
1785651505.496,-12.924,-3.367,20.261,0.9730,0,-0.287,0.867,0.000,0.2907,16.433,0.228,-1.664,1.000,0.794,-6.912,-2.2301,-0.1925,6.827,3.852,-1.179,-1.273,1.745,-2.500,0.0064,-0.705,nan,0.00,1,1,1,1,1,0.0000,0.481,0,0.226,0,0.826,0,0,yolo,122.3,yolo,0,0,0,0.000,0,-1,0
1785651505.536,-12.885,-3.288,20.216,0.9732,0,1.115,0.788,-0.794,0.2779,16.433,0.228,-1.664,1.000,0.794,-14.000,2.8829,-0.0364,6.734,6.734,-1.215,-1.257,1.722,-2.500,0.0064,-0.728,nan,0.00,1,1,1,0,1,0.0000,0.481,0,0.226,0,0.826,0,0,yolo,122.3,yolo,0,0,0,0.000,0,-1,0
1785651505.573,-13.045,-3.171,20.333,0.9727,0,0.955,0.671,-0.794,0.2781,16.433,0.228,-1.664,1.000,0.794,-14.000,2.7830,-0.0567,6.635,6.635,-1.236,-1.222,1.689,-2.500,0.0065,-0.761,nan,0.00,1,1,1,0,1,0.0000,0.600,0,0.280,1,0.816,0,0,yolo,122.3,yolo,0,0,0,0.000,0,0,0
1785651505.614,-13.148,-3.085,20.393,0.9724,0,-0.545,0.585,-2.294,0.2783,16.499,0.847,-1.459,1.000,2.940,14.000,-6.1809,-0.3756,6.539,2.897,-1.237,-1.196,1.726,-2.500,0.0066,-0.724,nan,0.00,1,1,1,1,1,0.0000,0.400,0,0.289,3,0.810,0,0,yolo,125.1,yolo,0,0,0,0.000,0,0,0
1785651505.644,-13.100,-2.993,20.535,0.9726,0,0.900,0.493,-2.940,0.2783,16.499,0.847,-1.459,1.000,2.940,-14.000,3.5585,0.0004,6.456,6.456,-1.237,-1.163,1.701,-2.500,0.0067,-0.749,nan,0.00,1,1,1,0,1,0.0000,0.400,0,0.289,3,0.810,0,0,yolo,125.1,yolo,0,0,0,0.000,0,0,0
1785651505.681,-13.100,-2.993,20.535,0.9726,0,0.900,0.493,-2.940,0.2784,16.499,0.847,-1.459,1.000,2.940,-14.000,3.5585,0.0004,6.456,6.456,-1.237,-1.163,1.701,-2.500,0.0067,-0.749,nan,0.00,1,1,1,0,1,0.0000,0.800,0,0.289,3,0.810,2,0,yolo,125.1,yolo,0,0,0,0.000,0,2,0
1785651505.723,-13.343,-2.751,21.103,0.9719,0,0.657,0.251,-2.940,0.2787,16.499,0.847,-1.459,1.000,2.940,-14.000,3.3767,0.0272,6.274,6.274,-1.210,-1.065,1.628,-2.500,0.0068,-0.822,nan,0.00,1,1,1,0,1,0.0000,0.467,0,0.209,0,0.863,0,0,yolo,125.1,yolo,0,0,0,0.000,0,0,0
1785651505.757,-13.343,-2.751,21.103,0.9719,0,-0.843,0.251,-4.440,0.2723,16.411,1.338,-1.252,1.000,4.662,14.000,-3.6983,-0.6305,6.274,2.582,-1.210,-1.065,1.712,-2.500,0.0069,-0.738,nan,0.00,1,1,1,1,1,0.0000,0.467,0,0.209,0,0.863,2,0,yolo,127.4,yolo,0,0,0,0.000,0,2,0
1785651505.803,-13.418,-2.668,21.342,0.9716,0,0.582,0.168,-4.662,0.2789,16.411,1.338,-1.252,1.000,4.662,-14.000,3.6063,0.0085,6.188,6.188,-1.202,-1.025,1.687,-2.500,0.0070,-0.763,nan,0.00,1,1,1,0,1,0.0000,0.545,0,0.170,2,0.876,0,0,yolo,127.4,yolo,0,0,0,0.000,0,0,0
1785651505.837,-13.341,-2.550,21.722,0.9721,0,0.659,0.050,-4.662,0.2955,16.411,1.338,-1.252,1.000,4.662,-14.000,3.5209,0.0174,6.103,6.103,-1.193,-0.971,1.655,-2.500,0.0070,-0.795,nan,0.00,1,1,1,0,1,0.0000,0.545,0,0.170,2,0.876,1,0,yolo,127.4,yolo,0,0,0,0.000,0,0,0
1785651505.869,-13.257,-2.421,22.142,0.9725,0,0.743,-0.079,-3.301,0.2789,16.513,0.952,-0.922,1.000,3.301,-14.000,2.3534,-2.0000,6.016,2.722,-1.181,-0.913,2.033,-2.500,0.0071,-0.417,nan,0.00,1,1,1,1,1,0.0000,0.600,0,0.309,1,0.846,3,0,yolo,125.5,yolo,0,0,0,0.000,0,3,0
1785651505.908,-13.350,-2.353,22.464,0.9722,0,0.650,-0.147,-1.801,0.2927,16.513,0.952,-0.922,1.000,3.301,-14.000,3.2057,0.0055,5.927,5.927,-1.176,-0.868,2.012,-2.500,0.0071,-0.438,nan,-8.00,1,1,1,0,1,-0.8375,0.625,1,0.252,1,0.841,0,0,yolo,125.5,yolo,0,0,0,0.000,0,-1,0
1785651505.943,-13.350,-2.353,22.464,0.9722,0,0.650,-0.147,-0.301,0.2927,16.513,0.952,-0.922,1.000,3.301,-14.000,3.2057,0.0055,5.927,5.927,-1.176,-0.868,2.012,-2.500,0.0072,-0.438,nan,-8.00,1,1,1,0,1,-0.8375,0.625,1,0.252,1,0.841,1,0,yolo,125.5,yolo,0,0,0,0.000,0,-1,0
1785651505.969,-13.421,-2.331,22.611,0.9719,0,0.579,-0.169,-1.801,0.2931,16.513,0.952,-0.922,1.000,3.301,-14.000,3.1199,0.0061,5.841,5.841,-1.175,-0.844,2.005,-2.500,0.0072,-0.445,nan,0.00,1,1,1,0,1,0.0000,0.500,0,0.289,0,0.808,0,0,yolo,125.5,yolo,0,0,0,0.000,0,-1,0
1785651506.007,-13.488,-2.332,22.660,0.9716,0,-0.921,-0.168,-0.301,0.2764,16.423,0.956,-0.588,1.000,3.333,-6.335,-0.0695,-2.0000,5.756,2.872,-1.185,-0.830,2.200,-2.500,0.0072,-0.126,nan,-8.00,1,1,1,1,1,-1.0388,0.500,1,0.304,0,0.828,0,0,yolo,127.4,yolo,0,0,0,0.000,0,-1,0
1785651506.049,-13.389,-2.347,22.663,0.9720,0,0.579,-0.153,1.199,0.2823,16.423,0.956,-0.588,1.000,3.333,-14.000,2.7999,-0.0112,5.672,5.672,-1.196,-0.820,2.200,-2.500,0.0072,-0.120,nan,-8.00,1,1,1,0,1,-1.0388,0.500,1,0.304,0,0.828,0,0,yolo,127.4,yolo,0,0,0,0.000,0,-1,0
1785651506.080,-13.309,-2.354,22.694,0.9723,0,0.691,-0.146,-0.301,0.2790,16.423,0.956,-0.588,1.000,3.333,-14.000,2.7228,-0.0162,5.595,5.595,-1.201,-0.809,2.200,-2.500,0.0073,-0.117,nan,0.00,1,1,1,0,1,0.0000,0.500,0,0.299,0,0.805,0,0,yolo,127.4,yolo,0,0,0,0.000,0,-1,0
1785651506.111,-13.383,-2.359,22.727,0.9720,0,0.617,-0.141,-1.801,0.2820,16.423,0.956,-0.588,1.000,3.333,-14.000,2.6458,-0.0150,5.518,5.518,-1.200,-0.798,2.200,-2.500,0.0073,-0.117,nan,0.00,1,1,1,0,1,0.0000,0.500,0,0.299,0,0.805,0,0,yolo,127.4,yolo,0,0,0,0.000,0,-1,0
1785651506.142,-13.449,-2.343,22.847,0.9718,0,-0.883,-0.157,-3.301,0.2653,16.094,1.372,-0.278,1.000,4.874,14.000,-4.3271,-1.8584,5.441,2.304,-1.194,-0.778,2.200,-2.500,0.0073,0.069,nan,0.00,1,1,1,1,1,0.0000,0.500,0,0.297,0,0.829,0,0,yolo,131.3,yolo,0,0,0,0.000,0,-1,0
1785651506.175,-13.449,-2.343,22.847,0.9718,0,0.551,-0.157,-4.801,0.2770,16.094,1.372,-0.278,1.000,4.874,-14.000,3.1366,0.0000,5.441,5.441,-1.194,-0.778,2.200,-2.500,0.0073,0.069,nan,0.00,1,1,1,0,1,0.0000,0.500,0,0.297,0,0.829,0,0,yolo,131.3,yolo,0,0,0,0.000,0,-1,0
1785651506.209,-13.344,-2.273,23.217,0.9722,0,0.656,-0.227,-4.874,0.2786,16.094,1.372,-0.278,1.000,4.874,-14.000,3.0491,0.0267,5.353,5.353,-1.167,-0.733,2.200,-2.500,0.0073,0.052,nan,0.00,1,1,1,0,1,0.0000,0.500,0,0.301,0,0.806,0,0,yolo,131.3,yolo,0,0,0,0.000,0,-1,0
1785651506.235,-13.449,-2.185,23.683,0.9719,0,0.551,-0.315,-4.874,0.2805,16.094,1.372,-0.278,1.000,4.874,-14.000,2.9709,0.0472,5.275,5.275,-1.147,-0.681,2.200,-2.500,0.0072,0.025,nan,0.00,1,1,1,0,1,0.0000,0.500,0,0.301,0,0.806,0,0,yolo,131.3,yolo,0,0,0,0.000,0,-1,0
1785651506.271,-13.518,-2.111,24.120,0.9716,0,-0.295,-0.389,-3.374,0.2639,16.009,1.088,0.049,1.000,3.890,-13.223,2.0621,-2.0000,5.204,2.357,-1.134,-0.634,2.067,-2.500,0.0072,0.383,nan,-8.00,1,1,1,1,1,-1.0522,0.500,1,0.300,0,0.771,0,0,yolo,126.5,yolo,0,0,0,0.000,0,-1,0
1785651506.313,-13.489,-2.074,24.450,0.9718,0,0.511,-0.426,-1.874,0.2686,16.009,1.088,0.049,1.000,3.890,-14.000,2.7675,0.0241,5.124,5.124,-1.110,-0.598,2.077,-2.500,0.0072,0.373,nan,-8.00,1,1,1,0,1,-1.0522,0.500,1,0.300,0,0.771,0,0,yolo,126.5,yolo,0,0,0,0.000,0,-1,0
1785651506.345,-13.489,-2.074,24.450,0.9718,0,0.511,-0.426,-0.374,0.2686,16.009,1.088,0.049,1.000,3.890,-14.000,2.7675,0.0241,5.124,5.124,-1.110,-0.598,2.077,-2.500,0.0071,0.373,nan,-8.00,1,1,1,0,1,-1.0647,0.500,1,0.273,0,0.688,0,0,yolo,126.5,yolo,0,0,0,0.000,0,-1,0
1785651506.382,-13.551,-2.078,24.609,0.9715,0,-0.989,-0.422,1.126,0.2519,15.422,1.558,0.290,1.000,5.768,14.000,-3.7912,-0.7703,5.049,2.039,-1.080,-0.578,1.974,-2.500,0.0071,0.476,nan,-8.00,1,1,1,1,1,-1.0740,0.500,1,0.273,0,0.688,2,0,yolo,121.4,yolo,0,0,0,0.000,0,-1,0
1785651506.422,-13.604,-2.112,24.647,0.9713,0,0.396,-0.388,2.232,0.2652,15.422,1.558,0.290,1.000,5.768,-14.000,2.9340,0.0239,4.973,4.973,-1.056,-0.569,1.966,-2.500,0.0070,0.484,nan,-8.00,1,1,1,0,1,-1.0963,0.500,1,0.262,0,0.675,0,0,yolo,121.4,yolo,0,0,0,0.000,0,-1,0
1785651506.455,-13.635,-2.196,24.467,0.9711,0,0.365,-0.304,2.232,0.2659,15.422,1.558,0.290,1.000,5.768,-14.000,2.8559,0.0537,4.895,4.895,-1.026,-0.579,1.945,-2.500,0.0070,0.505,nan,-8.00,1,1,1,0,1,-1.1067,0.500,1,0.276,0,0.688,0,0,yolo,121.4,yolo,0,0,0,0.000,0,-1,0
1785651506.485,-13.661,-2.282,24.233,0.9709,0,0.339,-0.218,2.232,0.2668,15.422,1.558,0.290,1.000,5.768,-14.000,2.7824,0.0880,4.821,4.821,-0.992,-0.593,1.922,-2.500,0.0069,0.528,nan,-8.00,1,1,1,0,1,-1.1144,0.500,1,0.276,0,0.688,0,0,yolo,121.4,yolo,0,0,0,0.000,0,-1,0
1785651506.517,-13.688,-2.351,24.043,0.9708,0,-1.161,-0.149,0.732,0.2501,15.132,1.948,0.576,1.000,7.336,14.000,-4.1418,-1.9102,4.744,1.829,-0.961,-0.603,1.672,-2.500,0.0069,0.719,nan,-8.00,1,1,1,1,1,-1.1160,0.600,1,0.278,1,0.678,0,0,yolo,130.2,yolo,0,0,0,0.000,0,-1,0
1785651506.548,-13.688,-2.351,24.043,0.9708,0,0.312,-0.149,0.664,0.2567,15.132,1.948,0.576,1.000,7.336,-14.000,2.9151,0.0000,4.744,4.744,-0.961,-0.603,1.672,-2.500,0.0068,0.719,nan,-8.00,1,1,1,0,1,-1.1171,0.600,1,0.278,1,0.678,0,0,yolo,130.2,yolo,0,0,0,0.000,0,-1,0
1785651506.579,-13.721,-2.383,23.983,0.9706,0,0.279,-0.117,0.664,0.2583,15.132,1.948,0.576,1.000,7.336,-14.000,2.8338,0.0398,4.663,4.663,-0.921,-0.600,1.666,-2.500,0.0067,0.726,nan,-8.00,1,1,1,0,1,-1.1144,0.500,1,0.252,0,0.689,0,0,yolo,130.2,yolo,0,0,0,0.000,0,-1,0
1785651506.610,-13.746,-2.400,23.961,0.9705,0,0.254,-0.100,0.664,0.2599,15.132,1.948,0.576,1.000,7.336,-14.000,2.7692,0.0773,4.598,4.598,-0.884,-0.595,1.662,-2.500,0.0066,0.730,nan,-8.00,1,1,1,0,1,-1.1124,0.500,1,0.252,0,0.689,0,0,yolo,130.2,yolo,0,0,0,0.000,0,-1,0
1785651506.641,-13.746,-2.400,23.961,0.9705,0,-1.246,-0.100,-0.575,0.2432,14.813,2.234,0.858,1.000,8.575,14.000,-2.4028,-1.4450,4.598,1.822,-0.884,-0.595,1.457,-2.500,0.0066,0.922,nan,-8.00,1,1,1,1,1,-1.0891,0.750,1,0.251,2,0.695,0,0,yolo,128.8,yolo,0,0,0,0.000,0,-1,0
1785651506.677,-13.770,-2.426,23.898,0.9704,0,0.230,-0.074,-0.575,0.2520,14.813,2.234,0.858,1.000,8.575,-14.000,2.7046,0.0431,4.526,4.526,-0.841,-0.594,1.453,-2.500,0.0065,0.928,nan,-8.00,1,1,1,0,1,-1.0716,0.750,1,0.251,2,0.695,0,0,yolo,128.8,yolo,0,0,0,0.000,0,-1,0
1785651506.728,-13.711,-2.428,23.933,0.9706,0,0.289,-0.072,-2.075,0.2543,14.813,2.234,0.858,1.000,8.575,-14.000,2.6349,0.0969,4.456,4.456,-0.787,-0.584,1.450,-2.500,0.0064,0.931,nan,0.00,1,1,1,0,1,0.0000,0.870,0,0.247,3,0.688,1,0,yolo,128.8,yolo,0,0,-1,0.028,1,1,0
1785651506.768,-13.781,-2.391,24.141,0.9704,0,-1.211,-0.109,-3.575,0.2376,14.445,2.605,1.137,1.000,10.223,14.000,-4.1554,-1.5502,4.342,1.476,-0.685,-0.557,1.306,-2.500,0.0064,1.086,nan,0.00,1,1,1,1,1,0.0000,0.866,0,0.244,3,0.660,0,0,yolo,131.9,yolo,0,0,-1,0.055,1,0,0
1785651506.803,-13.688,-2.334,24.423,0.9708,0,0.289,-0.166,-5.075,0.2480,14.445,2.605,1.137,1.000,10.223,-14.000,2.8133,0.0592,4.289,4.289,-0.625,-0.531,1.313,-2.500,0.0064,1.076,nan,0.00,1,1,1,0,1,0.0000,0.206,0,0.139,1,0.580,0,0,yolo,131.9,yolo,0,0,-1,0.077,1,0,0
1785651506.844,-13.732,-2.239,24.876,0.9707,0,0.234,0.239,-6.575,0.2520,14.445,2.605,1.137,1.000,10.223,-13.966,2.7589,0.1274,4.235,4.235,-0.557,-0.492,1.329,-2.000,0.0064,1.050,nan,0.00,1,1,1,0,1,0.0000,0.206,0,0.139,1,0.580,0,0,yolo,131.9,yolo,0,0,-1,0.102,1,0,0
1785651506.876,-13.732,-2.239,24.876,0.9707,0,0.268,0.239,-8.075,0.2520,14.445,2.605,1.137,1.000,10.223,-14.000,2.7589,0.1274,4.235,4.235,-0.557,-0.492,1.329,-2.000,0.0064,1.050,nan,0.00,1,1,1,0,1,0.0000,0.471,0,0.214,0,0.619,0,0,yolo,131.9,yolo,0,0,-1,0.119,1,0,0
1785651506.909,-13.784,-2.063,25.487,0.9706,0,-1.232,0.063,-9.575,0.2353,14.416,3.050,1.414,1.000,11.947,14.000,-3.2536,-0.8640,4.178,1.305,-0.490,-0.443,1.243,-2.000,0.0064,1.166,nan,0.00,1,1,1,1,1,0.0000,0.471,0,0.214,0,0.619,0,0,yolo,141.1,yolo,0,0,-1,0.143,1,0,0
1785651506.940,-13.676,-1.839,26.392,0.9711,0,-2.732,-0.161,-11.075,0.2475,14.416,3.050,1.414,1.000,11.947,-9.350,2.8212,0.0769,4.127,4.127,-0.413,-0.374,1.268,-2.000,0.0064,1.115,nan,0.00,1,1,1,0,1,0.0000,0.315,0,0.150,0,0.590,0,0,yolo,141.1,yolo,0,0,-1,0.119,0,0,0
1785651506.970,-13.417,-1.596,27.488,0.9723,0,-4.232,-0.404,-11.947,0.2523,14.416,3.050,1.414,1.000,11.947,-8.657,2.7753,0.1560,4.081,4.081,-0.334,-0.293,1.291,-2.000,0.0064,1.069,nan,0.00,1,1,1,0,1,0.0000,0.315,0,0.150,0,0.590,0,0,yolo,141.1,yolo,0,0,-1,0.095,0,0,0
1785651507.002,-13.417,-1.596,27.488,0.9723,0,-5.074,-0.404,-11.947,0.2523,14.416,3.050,1.414,1.000,11.947,-8.343,2.7753,0.1560,4.081,4.081,-0.334,-0.293,1.291,-2.000,0.0064,1.069,nan,0.00,1,1,1,0,1,0.0000,0.604,0,0.229,1,0.636,0,0,yolo,141.1,yolo,0,0,-1,0.056,1,0,0
1785651507.034,-13.014,-1.379,28.599,0.9740,0,-6.574,-0.621,-12.000,0.2356,13.979,3.433,1.676,1.000,13.798,14.000,-3.3861,-0.9545,4.042,1.242,-0.269,-0.214,1.219,-2.000,0.0064,1.196,nan,0.00,1,1,1,1,1,0.0000,0.604,0,0.229,1,0.636,0,0,yolo,123.5,yolo,0,0,-1,0.067,1,0,0
1785651507.064,-12.423,-1.207,29.626,0.9764,0,-8.074,-0.793,-12.000,0.2432,13.979,3.433,1.676,1.000,13.798,-4.077,2.7718,0.0639,4.014,4.014,-0.206,-0.143,1.220,-2.000,0.0064,1.193,nan,0.00,1,1,1,0,1,0.0000,0.213,0,0.158,1,0.614,0,0,yolo,123.5,yolo,0,0,-1,0.086,1,0,0
1785651507.095,-11.717,-1.069,30.612,0.9790,0,-7.755,-0.931,-12.000,0.2451,13.979,3.433,1.676,1.000,13.798,-3.962,2.7525,0.1279,3.995,3.995,-0.142,-0.075,1.216,-2.000,0.0064,1.205,nan,0.00,1,1,1,0,1,0.0000,0.426,0,0.158,1,0.614,0,0,yolo,123.5,yolo,0,0,-1,0.098,1,0,0
1785651507.127,-10.941,-0.935,31.683,0.9817,0,-7.055,-1.065,-12.000,0.2467,13.979,3.433,1.676,1.000,13.798,-3.886,2.7388,0.1882,3.981,3.981,-0.081,-0.003,1.210,-2.000,0.0064,1.222,nan,0.00,1,1,1,0,1,0.0000,0.321,0,0.160,0,0.632,0,0,yolo,123.5,yolo,0,0,-1,0.107,1,0,0
1785651507.158,-10.929,-0.933,31.702,0.9817,0,-8.555,-1.067,-12.000,0.2300,13.665,3.781,1.940,1.000,15.465,14.000,-2.9824,-1.4082,3.981,1.255,-0.080,-0.002,1.200,-2.000,0.0064,1.410,nan,0.00,1,1,1,1,1,0.0000,0.321,0,0.160,0,0.632,0,0,yolo,130.9,yolo,0,0,-1,0.119,1,0,0
1785651507.190,-10.247,-0.841,32.735,0.9839,0,-8.989,-1.159,-12.000,0.2337,13.665,3.781,1.940,1.000,15.465,-1.258,2.7201,0.0605,3.975,3.975,-0.020,0.068,1.200,-2.000,0.0064,1.437,nan,0.00,1,1,1,0,1,0.0000,0.449,0,0.186,0,0.652,0,0,yolo,130.9,yolo,0,0,-1,0.269,1,0,0
1785651507.221,-9.349,-0.767,33.839,0.9866,0,-8.956,-1.233,-12.000,0.2347,13.665,3.781,1.940,1.000,15.465,-0.393,2.7227,0.1255,3.977,3.977,0.045,0.143,1.200,-2.000,0.0064,1.483,nan,0.00,1,1,1,0,1,0.0000,0.448,0,0.184,0,0.661,0,0,yolo,130.9,yolo,0,0,-1,0.162,1,0,0
1785651507.253,-9.349,-0.767,33.839,0.9866,0,-8.844,-1.233,-12.000,0.2347,13.665,3.781,1.940,1.000,15.465,-0.505,2.7227,0.1255,3.977,3.977,0.045,0.143,1.200,-2.000,0.0064,1.483,nan,0.00,1,1,1,0,1,0.0000,0.448,0,0.184,0,0.661,0,0,yolo,130.9,yolo,0,0,-1,0.175,1,0,0
1785651507.284,-8.417,-0.715,35.016,0.9892,0,-7.691,-1.285,-12.000,0.2357,13.665,3.781,1.940,1.000,15.465,-0.725,2.7329,0.1977,3.988,3.988,0.117,0.222,1.200,-2.000,0.0064,1.536,nan,0.00,1,1,1,0,1,0.0000,0.577,0,0.202,1,0.711,0,0,yolo,130.9,yolo,0,0,-1,0.188,1,0,0
1785651507.316,-7.678,-0.687,36.108,0.9910,0,-6.191,-1.313,-12.000,0.2371,13.665,3.781,1.940,1.000,15.465,-2.470,2.7466,0.2664,4.001,4.001,0.186,0.297,1.200,-2.000,0.0064,1.581,nan,0.00,1,1,1,0,1,0.0000,0.342,0,0.195,2,0.709,0,0,yolo,130.9,yolo,0,0,-1,0.379,1,0,0
1785651507.347,-7.116,-0.675,37.129,0.9922,0,-4.691,-1.151,-12.000,0.2386,13.665,3.781,1.940,1.000,15.465,-2.436,2.7623,0.3321,4.017,4.017,0.252,0.367,1.200,-1.826,0.0064,1.617,nan,0.00,1,1,1,0,1,0.0000,0.548,0,0.173,1,0.705,0,0,yolo,130.9,yolo,0,0,-1,0.354,0,0,0
1785651507.378,-6.692,-0.658,38.136,0.9931,0,-4.272,-0.910,-12.000,0.2405,13.665,3.781,1.940,1.000,15.465,-2.420,2.7796,0.3952,4.034,4.034,0.315,0.438,1.200,-1.567,0.0064,1.643,nan,0.00,1,1,1,0,1,0.0000,0.548,0,0.173,1,0.705,0,0,yolo,130.9,yolo,0,0,-1,0.328,0,0,0
1785651507.414,-6.692,-0.658,38.136,0.9931,0,-4.483,-1.342,-12.000,0.2405,13.665,3.781,1.940,1.000,15.465,-2.210,2.7796,0.3952,4.034,4.034,0.315,0.438,1.200,-2.000,0.0064,1.643,nan,0.00,1,1,1,0,1,0.0000,0.412,0,0.140,1,0.738,0,0,yolo,130.9,yolo,0,0,-1,0.303,0,0,0
1785651507.445,-6.256,-0.623,39.257,0.9940,0,-4.006,-1.089,-12.000,0.2425,13.665,3.781,1.940,1.000,15.465,-2.250,2.8019,0.4572,4.057,4.057,0.377,0.517,1.200,-1.711,0.0064,1.665,nan,0.00,1,1,1,0,1,0.0000,0.412,0,0.140,1,0.738,0,0,yolo,130.9,yolo,0,0,-1,0.278,0,0,0
1785651507.473,-5.814,-0.641,40.325,0.9948,0,-2.585,-0.651,-12.000,0.2436,13.665,3.781,1.940,1.000,15.465,-3.229,2.8262,0.5105,4.081,4.081,0.430,0.593,1.200,-1.292,0.0064,1.699,nan,0.00,1,1,1,0,1,0.0000,0.506,0,0.131,2,0.749,0,0,yolo,130.9,yolo,0,0,-1,0.363,1,0,0
1785651507.504,-5.551,-0.590,41.484,0.9953,0,-1.790,-0.264,-12.000,0.2458,13.665,3.781,1.940,1.000,15.465,-3.762,2.8512,0.5640,4.106,4.106,0.484,0.676,1.200,-0.854,0.0064,1.705,nan,0.00,1,1,1,0,1,0.0000,0.506,0,0.131,2,0.749,0,0,yolo,130.9,yolo,0,0,-1,0.393,1,0,0
1785651507.535,-5.551,-0.590,41.484,0.9953,0,-2.042,-1.001,-12.000,0.2458,13.665,3.781,1.940,1.000,15.465,-3.510,2.8512,0.5640,4.106,4.106,0.484,0.676,1.200,-1.591,0.0064,1.705,nan,0.00,1,1,1,0,1,0.0000,0.510,0,0.135,2,0.773,0,0,yolo,130.9,yolo,0,0,-1,0.363,0,0,0
1785651507.566,-5.369,-0.513,42.566,0.9956,0,-3.542,-0.559,-12.000,0.2291,15.012,4.940,2.759,1.000,18.216,14.000,-0.0000,-0.0000,4.129,4.129,0.530,0.754,1.200,-1.071,0.0064,2.419,nan,0.00,1,1,1,1,1,0.0000,0.510,0,0.135,2,0.773,0,0,yolo,119.1,yolo,0,0,-1,0.332,0,0,0
1785651507.596,-5.006,-0.474,43.642,0.9962,0,-5.042,-0.170,-12.000,0.2136,15.012,4.940,2.759,1.000,18.216,14.000,0.0276,0.0534,4.157,4.157,0.583,0.832,1.200,-0.644,0.0064,2.442,nan,0.00,1,1,1,0,1,0.0000,0.497,0,0.122,2,0.776,0,0,yolo,119.1,yolo,0,0,-1,0.317,1,0,0
1785651507.627,-4.479,-0.401,44.769,0.9969,0,-6.542,0.163,-12.000,0.2170,15.012,4.940,2.759,1.000,18.216,14.000,0.0621,0.1319,4.191,4.191,0.662,0.914,1.200,-0.237,0.0064,2.470,nan,0.00,1,1,1,0,1,0.0000,0.497,0,0.122,2,0.776,0,0,yolo,119.1,yolo,0,0,-1,0.343,1,0,0
1785651507.658,-3.906,-0.320,45.737,0.9977,0,-8.042,0.276,-12.000,0.2205,15.012,4.940,2.759,1.000,18.216,14.000,0.0969,0.2143,4.226,4.226,0.744,0.985,1.200,-0.044,0.0064,2.500,nan,0.00,1,1,1,0,1,0.0000,0.386,0,0.107,1,0.768,0,0,yolo,119.1,yolo,0,0,-1,0.376,1,0,0
1785651507.690,-3.250,-0.245,46.637,0.9984,0,-9.542,0.328,-12.000,0.2372,15.120,4.961,2.744,1.000,18.166,14.000,0.0986,-0.1756,4.264,1.800,0.830,1.050,1.200,0.082,0.0064,2.524,nan,0.00,1,1,1,1,1,0.0000,0.386,0,0.107,1,0.768,0,0,yolo,124.9,yolo,0,0,-1,0.402,1,0,0
1785651507.742,-2.354,-0.171,47.652,0.9992,0,-9.195,0.506,-12.000,0.2539,15.120,4.961,2.744,1.000,18.166,6.841,2.5162,0.1026,4.316,4.316,0.933,1.125,1.200,0.335,0.0064,2.583,nan,0.00,1,1,1,0,1,0.0000,0.486,0,0.111,2,0.785,1,0,yolo,124.9,yolo,0,0,-1,0.386,1,0,0
1785651507.784,-1.516,-0.095,48.643,0.9996,0,-7.956,0.643,-12.000,0.2705,15.120,4.961,2.744,1.000,18.166,6.439,2.5711,0.1923,4.371,4.371,1.022,1.198,1.200,0.548,0.0064,2.637,nan,0.00,1,1,1,0,1,0.0000,0.264,0,0.066,1,0.813,0,0,yolo,124.9,yolo,0,0,-1,0.362,0,-1,0
1785651507.815,-0.876,-0.028,49.513,0.9999,0,-9.456,0.666,-12.000,0.2704,15.063,4.888,2.691,1.000,17.979,14.000,0.4924,0.1441,4.420,2.261,1.077,1.262,1.200,0.638,0.0064,2.623,nan,0.00,1,1,1,1,1,0.0000,0.264,0,0.066,1,0.813,0,0,yolo,136.3,yolo,0,0,-1,0.338,0,-1,0
1785651507.845,-0.189,0.027,50.350,1.0000,0,-10.956,0.698,-12.000,0.2704,15.063,4.888,2.691,1.000,17.979,13.640,2.2108,0.0302,4.472,4.472,1.107,1.325,1.200,0.724,0.0064,2.667,nan,0.00,1,1,1,0,1,0.0000,0.252,0,0.045,1,0.847,0,0,yolo,136.3,yolo,0,0,1,0.522,1,0,0
1785651507.878,0.842,0.081,51.344,0.9999,0,-12.315,0.916,-12.000,0.2704,15.063,4.888,2.691,1.000,17.979,13.157,2.2810,0.0309,4.542,4.542,1.107,1.399,1.200,0.997,0.0064,2.741,nan,0.00,1,1,1,0,1,0.0000,0.252,0,0.045,1,0.847,0,0,yolo,136.3,yolo,0,0,1,0.557,1,0,0
1785651507.909,0.842,0.081,51.344,0.9999,0,-12.605,0.167,-12.000,0.2704,15.063,4.888,2.691,1.000,17.979,13.447,2.2810,0.0309,4.542,4.542,1.107,1.399,1.200,0.247,0.0064,2.741,nan,0.00,1,1,1,0,1,0.0000,0.122,0,0.033,1,0.895,0,0,yolo,136.3,yolo,0,0,1,0.596,1,0,0
1785651507.949,2.059,0.140,52.402,0.9994,0,-11.105,0.651,-12.000,0.2705,15.274,4.082,2.585,1.000,14.963,10.661,4.0204,0.2412,4.624,2.094,1.098,1.480,1.200,0.791,0.0064,2.693,nan,0.00,1,1,1,1,0,0.0000,0.000,0,0.000,0,0.000,0,0,yolo,121.5,yolo,0,0,1,0.633,1,0,0
1785651507.994,4.229,0.099,54.389,0.9973,0,-9.605,2.151,-12.000,0.2711,15.274,4.082,2.585,1.000,14.963,2.578,2.6923,-0.0263,4.787,4.787,1.072,1.637,1.200,2.256,0.0064,2.853,nan,0.00,1,1,1,0,0,0.0000,0.000,0,0.000,0,0.000,0,0,yolo,121.5,yolo,0,0,1,0.634,1,0,0
1785651508.025,5.196,0.080,55.349,0.9959,0,-8.105,2.266,-12.000,0.2715,15.274,4.082,2.585,1.000,14.963,1.729,2.7727,-0.0409,4.867,4.867,1.057,1.715,1.200,2.346,0.0064,2.923,nan,0.00,1,1,1,0,0,0.0000,0.000,0,0.000,0,0.000,0,0,yolo,121.5,yolo,0,0,1,0.634,1,0,0
1785651508.069,5.950,0.188,56.358,0.9946,0,-8.050,2.307,-12.000,0.2718,15.534,4.417,2.511,1.000,15.873,14.000,-2.4673,0.1802,4.947,2.057,1.041,1.795,1.200,2.495,0.0064,2.905,nan,0.00,1,1,1,1,0,0.0000,0.000,0,0.000,0,0.000,0,0,yolo,127.4,yolo,0,0,1,0.636,1,0,0
1785651508.115,6.722,0.280,57.388,0.9931,0,-6.550,2.413,-12.000,0.2722,15.534,4.417,2.511,1.000,15.873,2.653,2.9726,-0.0160,5.030,5.030,1.025,1.878,1.200,2.693,0.0064,2.935,nan,0.00,1,1,1,0,0,0.0000,0.000,0,0.000,0,0.000,0,0,yolo,127.4,yolo,0,0,1,0.637,1,0,0
1785651508.148,7.331,0.372,58.383,0.9918,0,-5.050,2.495,-12.000,0.2726,15.534,4.417,2.511,1.000,15.873,1.136,3.0511,-0.0313,5.108,5.108,1.010,1.959,1.200,2.867,0.0064,2.953,nan,0.00,1,1,1,0,0,0.0000,0.000,0,0.000,0,0.000,0,0,yolo,127.4,yolo,0,0,1,0.542,1,0,0
1785651508.174,7.784,0.457,59.329,0.9908,0,-3.550,2.548,-12.000,0.2729,15.534,4.417,2.511,1.000,15.873,-0.227,3.1248,-0.0456,5.182,5.182,0.995,2.036,1.200,3.004,0.0064,2.962,nan,0.00,1,1,1,0,0,0.0000,0.000,0,0.000,0,0.000,0,0,yolo,127.4,yolo,0,0,1,0.461,1,0,0
1785651508.213,8.113,0.540,60.265,0.9899,0,-5.050,2.619,-12.000,0.2731,15.585,4.566,2.319,1.000,16.328,14.000,-0.9293,1.2668,5.253,2.403,0.981,2.113,1.200,3.159,0.0064,2.793,nan,0.00,1,1,1,1,0,0.0000,0.000,0,0.000,0,0.000,0,0,yolo,130.2,yolo,0,0,1,0.333,1,0,0
1785651508.258,8.542,0.617,61.167,0.9889,0,-3.550,2.682,-12.000,0.2734,15.585,4.566,2.319,1.000,16.328,-0.241,2.9169,-0.0140,5.320,5.320,0.967,2.189,1.200,3.299,0.0064,2.803,nan,0.00,1,1,1,0,0,0.0000,0.000,0,0.000,0,0.000,0,0,yolo,130.2,yolo,0,0,1,0.240,1,0,0
1785651508.290,8.894,0.704,62.135,0.9879,0,-2.050,2.835,-12.000,0.2737,15.585,4.566,2.319,1.000,16.328,-1.078,2.9875,-0.0291,5.391,5.391,0.952,2.271,1.200,3.539,0.0064,2.806,nan,0.00,1,1,1,0,0,0.0000,0.000,0,0.000,0,0.000,1,0,yolo,130.2,yolo,0,0,1,0.227,0,0,0
1785651508.315,9.099,0.798,63.116,0.9873,0,-0.550,2.993,-12.000,0.2738,15.585,4.566,2.319,1.000,16.328,-1.894,3.0563,-0.0446,5.460,5.460,0.936,2.354,1.200,3.791,0.0064,2.795,nan,0.00,1,1,1,0,0,0.0000,0.000,0,0.000,0,0.000,0,0,yolo,130.2,yolo,0,0,1,0.214,0,0,0
1785651508.353,9.185,0.898,64.039,0.9871,0,-2.050,3.077,-12.000,0.2739,15.482,4.603,2.118,1.000,16.557,14.000,-0.3701,1.2734,5.521,2.795,0.921,2.434,1.200,3.975,0.0064,2.582,nan,0.00,1,1,1,1,0,0.0000,0.000,0,0.000,0,0.000,0,0,yolo,130.4,yolo,0,0,1,0.200,0,0,0
1785651508.384,9.395,1.007,65.017,0.9864,0,-0.550,3.226,-12.000,0.2741,15.482,4.603,2.118,1.000,16.557,-1.020,2.7898,-0.0159,5.585,5.585,0.905,2.518,1.200,4.232,0.0064,2.568,nan,0.00,1,1,1,0,0,0.0000,0.000,0,0.000,0,0.000,0,0,yolo,130.4,yolo,0,0,1,0.187,0,0,0
1785651508.414,9.495,1.129,66.005,0.9861,0,0.950,3.366,-12.000,0.2742,15.482,4.603,2.118,1.000,16.557,-1.764,2.8513,-0.0321,5.647,5.647,0.889,2.604,1.200,4.495,0.0064,2.542,nan,0.00,1,1,1,0,0,0.0000,0.000,0,0.000,0,0.000,1,0,yolo,130.4,yolo,0,0,1,0.174,0,0,0
1785651508.463,9.451,1.256,66.947,0.9862,0,-0.550,3.440,-12.000,0.2908,15.290,4.430,1.992,1.000,16.159,14.000,1.0601,1.8566,5.702,3.326,0.873,2.687,1.200,4.696,0.0064,2.357,nan,0.00,1,1,1,1,0,0.0000,0.000,0,0.000,0,0.000,0,0,yolo,107.8,yolo,0,0,1,0.160,0,-1,0
1785651508.492,9.542,1.400,67.966,0.9859,0,0.950,3.593,-12.000,0.2742,15.290,4.430,1.992,1.000,16.159,-1.943,2.4328,-0.0211,5.759,5.759,0.852,2.776,1.200,4.993,0.0064,2.325,nan,0.00,1,1,1,0,0,0.0000,0.000,0,0.000,0,0.000,0,0,yolo,107.8,yolo,0,0,1,0.147,0,-1,0
1785651508.524,9.513,1.552,68.950,0.9859,0,2.450,3.679,-12.000,0.2742,15.290,4.430,1.992,1.000,16.159,-2.590,2.4844,-0.0425,5.810,5.810,0.831,2.863,1.200,5.230,0.0064,2.282,nan,0.00,1,1,1,0,0,0.0000,0.000,0,0.000,0,0.000,1,0,yolo,107.8,yolo,0,0,1,0.134,0,-1,0
1785651508.572,9.463,1.708,69.949,0.9860,0,0.950,3.782,-12.000,0.2744,15.077,4.301,1.872,1.000,15.922,14.000,0.4682,1.3371,5.859,3.590,0.809,2.952,1.200,5.490,0.0064,2.104,nan,0.00,1,1,1,1,0,0.0000,0.000,0,0.000,0,0.000,0,0,yolo,108.5,yolo,0,0,1,0.120,0,-1,0
1785651508.617,9.357,1.872,70.936,0.9862,0,2.450,3.861,-12.000,0.2577,15.077,4.301,1.872,1.000,15.922,-3.555,2.3141,-0.0177,5.904,5.904,0.791,3.040,1.200,5.733,0.0064,2.053,nan,0.00,1,1,1,0,0,0.0000,0.000,0,0.000,0,0.000,0,0,yolo,108.5,yolo,0,0,1,0.107,0,-1,0
1785651508.643,9.331,2.045,71.933,0.9861,0,3.950,3.939,-12.000,0.2411,15.077,4.301,1.872,1.000,15.922,-4.095,2.3551,-0.0284,5.945,5.945,0.781,3.130,1.200,5.984,0.0064,2.005,nan,0.00,1,1,1,0,0,0.0000,0.000,0,0.000,0,0.000,0,0,yolo,108.5,yolo,0,0,1,0.094,0,-1,0
1785651508.677,9.037,2.232,72.935,0.9868,0,5.450,3.768,-12.000,0.2244,15.077,4.301,1.872,1.000,15.922,-4.592,2.3922,-0.0165,5.982,5.982,0.793,3.219,1.200,6.000,0.0064,1.935,nan,0.00,1,1,1,0,0,0.0000,0.000,0,0.000,0,0.000,0,0,yolo,108.5,yolo,0,0,1,0.080,0,-1,0
1785651508.710,8.624,2.405,73.907,0.9878,0,6.950,3.595,-12.000,0.2411,15.077,4.301,1.872,1.000,15.922,-5.023,2.4231,0.0273,6.013,6.013,0.837,3.306,1.200,6.000,0.0064,1.861,nan,0.00,1,1,1,0,0,0.0000,0.000,0,0.000,0,0.000,0,0,yolo,108.5,yolo,0,0,1,0.067,0,-1,0
1785651508.739,8.090,2.575,74.889,0.9890,0,8.450,3.425,-12.000,0.2577,15.077,4.301,1.872,1.000,15.922,-5.383,2.4472,0.0898,6.037,6.037,0.899,3.393,1.200,6.000,0.0064,1.779,nan,0.00,1,1,1,0,0,0.0000,0.000,0,0.000,0,0.000,1,0,yolo,108.5,yolo,0,0,1,0.053,0,-1,0
1785651508.771,7.444,2.740,75.832,0.9904,0,6.950,3.260,-12.000,0.2730,16.183,4.275,1.943,1.000,14.798,8.841,1.9053,0.4518,6.052,3.701,0.966,3.476,1.200,6.000,0.0064,1.704,nan,0.00,1,1,1,1,0,0.0000,0.000,0,0.000,0,0.000,0,0,yolo,109.1,yolo,0,0,1,0.040,0,-1,0
1785651508.801,6.904,2.904,76.795,0.9915,0,8.450,3.096,-12.000,0.2727,16.183,4.275,1.943,1.000,14.798,-5.951,2.3588,0.0718,6.060,6.060,1.038,3.561,1.200,6.000,0.0064,1.619,nan,0.00,1,1,1,0,0,0.0000,0.000,0,0.000,0,0.000,0,0,yolo,109.1,yolo,0,0,1,0.027,0,-1,0
1785651508.834,6.904,2.904,76.795,0.9915,0,9.950,3.096,-12.000,0.2727,16.183,4.275,1.943,1.000,14.798,-6.045,2.3588,0.0718,6.060,6.060,1.038,3.561,1.200,6.000,0.0064,1.619,nan,0.00,1,1,1,0,0,0.0000,0.000,0,0.000,0,0.000,0,0,yolo,109.1,yolo,0,0,1,0.013,0,-1,0
1785651508.866,6.203,3.077,77.813,0.9927,0,8.450,2.923,-12.000,0.2724,17.242,4.111,2.128,1.000,13.412,-0.740,3.1281,-0.0829,6.058,3.852,1.091,3.650,1.200,6.000,0.0064,1.630,nan,0.00,1,1,1,1,0,0.0000,0.000,0,0.000,0,0.000,0,0,yolo,104.6,yolo,0,0,0,0.000,0,-1,0
1785651508.898,5.378,3.256,78.795,0.9940,0,9.950,2.744,-12.000,0.2720,17.242,4.111,2.128,1.000,13.412,-6.939,2.1927,0.0160,6.045,6.045,1.107,3.734,1.200,6.000,0.0064,1.520,nan,0.00,1,1,1,0,0,0.0000,0.000,0,0.000,0,0.000,0,0,yolo,104.6,yolo,0,0,0,0.000,0,-1,0
1785651508.925,4.763,3.415,79.676,0.9948,0,11.450,2.585,-12.000,0.2718,17.242,4.111,2.128,1.000,13.412,-6.767,2.1754,0.0116,6.028,6.028,1.103,3.810,1.200,6.000,0.0064,1.430,nan,0.00,1,1,1,0,0,0.0000,0.000,0,0.000,0,0.000,0,0,yolo,104.6,yolo,0,0,0,0.000,0,-1,0
1785651508.960,4.242,3.559,80.443,0.9953,0,10.825,2.441,-12.000,0.2716,17.242,4.111,2.128,1.000,13.412,-6.583,2.1570,-0.0000,6.009,6.009,1.091,3.875,1.200,6.000,0.0064,1.351,nan,0.00,1,1,1,0,0,0.0000,0.000,0,0.000,0,0.000,0,0,yolo,104.6,yolo,0,0,0,0.000,0,-1,0
1785651508.990,3.390,3.704,81.294,0.9962,0,12.325,2.296,-11.856,0.2714,18.246,3.830,2.368,1.000,11.856,-14.000,4.9560,-0.5509,5.977,4.121,1.073,3.947,1.200,6.000,0.0064,1.406,nan,0.00,1,1,1,1,0,0.0000,0.000,0,0.000,0,0.000,0,0,yolo,111.3,yolo,0,0,0,0.000,0,-1,0
1785651509.021,2.486,3.881,82.300,0.9968,0,10.825,2.119,-11.856,0.2712,18.246,3.830,2.368,1.000,11.856,-6.922,1.8107,-0.0220,5.931,5.931,1.051,4.031,1.200,6.000,0.0064,1.291,nan,0.00,1,1,1,0,0,0.0000,0.000,0,0.000,0,0.000,1,0,yolo,111.3,yolo,0,0,0,0.000,0,-1,0
1785651509.052,1.420,4.069,83.440,0.9972,0,9.325,1.931,-11.856,0.2711,18.246,3.830,2.368,1.000,11.856,-6.298,1.7464,-0.0475,5.867,5.867,1.026,4.126,1.245,6.000,0.0064,1.161,nan,0.00,1,1,1,0,0,0.0000,0.000,0,0.000,0,0.000,0,0,yolo,111.3,yolo,0,0,0,0.000,0,-1,0
1785651509.084,0.833,4.189,84.162,0.9972,0,10.825,1.811,-10.356,0.2711,19.180,3.482,2.655,1.000,10.289,-14.000,5.2430,-1.3522,5.822,4.329,1.011,4.185,1.200,6.000,0.0064,1.297,nan,0.00,1,1,1,1,0,0.0000,0.000,0,0.000,0,0.000,0,0,yolo,108.7,yolo,0,0,0,0.000,0,-1,0
1785651509.115,0.135,4.316,84.868,0.9972,0,9.325,1.684,-10.289,0.2711,19.180,3.482,2.655,1.000,10.289,-7.072,1.4428,-0.0159,5.771,5.771,0.995,4.242,1.224,6.000,0.0064,1.212,nan,0.00,1,1,1,0,0,0.0000,0.000,0,0.000,0,0.000,0,0,yolo,108.7,yolo,0,0,0,0.000,0,-1,0
1785651509.147,-0.635,4.470,85.648,0.9969,0,7.825,1.530,-10.289,0.2712,19.180,3.482,2.655,1.000,10.289,-6.492,1.3817,-0.0349,5.710,5.710,0.976,4.302,1.288,6.000,0.0064,1.113,nan,0.00,1,1,1,0,0,0.0000,0.000,0,0.000,0,0.000,0,0,yolo,108.7,yolo,0,0,0,0.000,0,-1,0
1785651509.178,-0.635,4.470,85.648,0.9969,0,6.325,1.530,-10.289,0.2712,19.180,3.482,2.655,1.000,10.289,-6.492,1.3817,-0.0349,5.710,5.710,0.976,4.302,1.288,6.000,0.0064,1.113,nan,0.00,1,1,1,0,0,0.0000,0.000,0,0.000,0,0.000,0,0,yolo,108.7,yolo,0,0,0,0.000,0,-1,0
1785651509.210,-1.213,4.612,86.388,0.9965,0,7.825,1.388,-8.789,0.2713,20.383,2.988,3.012,1.000,8.339,-14.000,5.2040,-1.3980,5.650,4.452,0.959,4.360,1.200,6.000,0.0064,1.299,nan,0.00,1,1,1,1,0,0.0000,0.000,0,0.000,0,0.000,0,0,yolo,105.6,yolo,0,0,0,0.000,0,-1,0
1785651509.242,-1.696,4.767,87.188,0.9961,0,6.503,1.233,-8.339,0.2714,20.383,2.988,3.012,1.000,8.339,-8.199,1.1311,-0.0176,5.583,5.583,0.941,4.421,1.226,6.000,0.0064,1.218,nan,0.00,1,1,1,0,0,0.0000,0.000,0,0.000,0,0.000,0,0,yolo,105.6,yolo,0,0,0,0.000,0,-1,0
1785651509.272,-2.312,4.913,87.894,0.9955,0,5.258,1.087,-8.339,0.2716,20.383,2.988,3.012,1.000,8.339,-7.570,1.0629,-0.0349,5.515,5.515,0.924,4.473,1.294,6.000,0.0064,1.133,nan,0.00,1,1,1,0,0,0.0000,0.000,0,0.000,0,0.000,0,0,yolo,105.6,yolo,0,0,0,0.000,0,-1,0
1785651509.304,-2.839,5.050,88.509,0.9949,0,6.758,0.950,-6.839,0.2718,21.364,2.469,3.340,1.000,6.591,-14.000,6.5163,-1.8793,5.451,3.771,0.907,4.515,1.200,6.000,0.0064,1.321,nan,0.00,1,1,1,1,0,0.0000,0.000,0,0.000,0,0.000,1,0,yolo,100.6,yolo,0,0,0,0.000,0,-1,0
1785651509.331,-3.346,5.167,89.059,0.9942,0,8.258,0.833,-6.591,0.2719,21.364,2.469,3.340,1.000,6.591,-13.225,1.6190,-0.0169,5.390,5.390,0.890,4.552,1.200,6.000,0.0064,1.253,nan,0.00,1,1,1,0,0,0.0000,0.000,0,0.000,0,0.000,0,0,yolo,100.6,yolo,0,0,0,0.000,0,-1,0
1785651509.366,-4.007,5.269,89.528,0.9933,0,8.644,0.731,-6.591,0.2722,21.364,2.469,3.340,1.000,6.591,-12.650,1.5553,-0.0331,5.326,5.326,0.873,4.581,1.263,6.000,0.0064,1.184,nan,0.00,1,1,1,0,0,0.0000,0.000,0,0.000,0,0.000,0,0,yolo,100.6,yolo,0,0,0,0.000,0,-1,0
1785651509.393,-4.699,5.371,89.997,0.9923,0,9.301,0.629,-5.091,0.2725,21.763,1.880,3.582,1.000,4.939,-14.000,9.4169,-2.0000,5.256,3.974,0.857,4.610,1.200,6.000,0.0064,1.364,nan,0.00,1,1,1,1,0,0.0000,0.000,0,0.000,0,0.000,0,0,yolo,97.0,yolo,0,0,0,0.000,0,-1,0
1785651509.429,-5.429,5.461,90.406,0.9910,0,8.571,0.539,-4.939,0.2728,21.763,1.880,3.582,1.000,4.939,-14.000,1.2107,-0.0158,5.185,5.185,0.842,4.634,1.200,6.000,0.0064,1.302,nan,0.00,1,1,1,0,0,0.0000,0.000,0,0.000,0,0.000,0,0,yolo,97.0,yolo,0,0,0,0.000,0,-1,0
1785651509.461,-6.124,5.545,90.751,0.9896,0,7.393,0.455,-4.939,0.2732,21.763,1.880,3.582,1.000,4.939,-13.517,1.1405,-0.0317,5.115,5.115,0.826,4.652,1.207,6.000,0.0064,1.243,nan,0.00,1,1,1,0,0,0.0000,0.000,0,0.000,0,0.000,0,0,yolo,97.0,yolo,0,0,0,0.000,0,-1,0
1785651509.492,-6.704,5.625,91.091,0.9884,0,7.296,0.375,-3.439,0.2735,23.234,1.338,3.942,1.000,3.295,-14.000,6.6651,-2.0000,5.045,3.739,0.810,4.669,1.200,6.000,0.0064,1.463,nan,0.00,1,1,1,1,0,0.0000,0.000,0,0.000,0,0.000,0,0,yolo,103.0,yolo,0,0,0,0.000,0,-1,0
1785651509.539,-7.288,5.694,91.383,0.9870,0,6.712,0.306,-3.295,0.2569,23.234,1.338,3.942,1.000,3.295,-14.000,1.2360,-0.0156,4.975,4.975,0.794,4.682,1.200,6.000,0.0064,1.416,nan,0.00,1,1,1,0,0,0.0000,0.000,0,0.000,0,0.000,1,0,yolo,103.0,yolo,0,0,0,0.000,0,-1,0
1785651509.569,-7.839,5.752,91.605,0.9857,0,6.161,0.248,-3.295,0.2402,23.234,1.338,3.942,1.000,3.295,-14.000,1.1700,-0.0209,4.909,4.909,0.789,4.689,1.200,6.000,0.0064,1.375,nan,0.00,1,1,1,0,0,0.0000,0.000,0,0.000,0,0.000,0,0,yolo,103.0,yolo,0,0,0,0.000,0,0,0
1785651509.604,-8.336,5.808,91.827,0.9844,0,4.661,0.192,-1.795,0.2569,nan,nan,nan,0.000,0.000,-10.000,0.0000,0.8058,4.842,4.842,0.806,4.696,1.000,6.000,0.0064,1.334,nan,0.00,0,0,0,0,0,0.0000,0.000,0,0.000,0,0.000,0,0,,,FLYING,0,0,0,0.000,0,0,0
1785651509.649,-8.729,5.853,92.003,0.9833,0,3.161,0.147,-0.295,0.2735,nan,nan,nan,0.000,0.000,-10.000,0.0000,0.8336,4.780,4.780,0.834,4.700,1.000,6.000,0.0064,1.294,nan,0.00,0,0,0,0,0,0.0000,0.000,0,0.000,0,0.000,0,0,,,FLYING,0,0,0,0.000,0,0,0
1785651509.675,-9.124,5.889,92.112,0.9821,0,1.661,0.111,0.000,0.2767,nan,nan,nan,0.000,0.000,-10.000,0.0000,0.8684,4.722,4.722,0.868,4.698,1.000,6.000,0.0064,1.255,nan,0.00,0,0,0,0,0,0.0000,0.000,0,0.000,0,0.000,0,0,,,FLYING,0,0,0,0.000,0,0,0
1785651509.711,-9.298,5.907,92.146,0.9816,0,0.702,0.093,0.000,0.2797,nan,nan,nan,0.000,0.000,-10.000,0.0000,0.9051,4.678,4.678,0.905,4.690,1.000,6.000,0.0064,1.217,nan,0.00,0,0,0,0,0,0.0000,0.000,0,0.000,0,0.000,0,0,,,FLYING,0,0,0,0.000,0,0,0
1785651509.757,-9.369,5.912,92.116,0.9814,0,0.631,0.088,0.000,0.2821,nan,nan,nan,0.000,0.000,-10.000,0.0000,0.9309,4.643,4.643,0.931,4.677,1.000,6.000,0.0064,1.181,nan,0.00,0,0,0,0,0,0.0000,0.000,0,0.000,0,0.000,0,0,,,FLYING,0,0,0,0.000,0,0,0
1785651509.804,-9.531,5.929,92.106,0.9809,0,0.469,0.071,0.000,0.2829,nan,nan,nan,0.000,0.000,-10.000,0.0000,0.9215,4.570,4.570,0.922,4.658,1.000,6.000,0.0064,1.145,nan,0.00,0,0,0,0,0,0.0000,0.000,0,0.000,0,0.000,0,0,,,FLYING,0,0,0,0.000,0,0,0
1785651509.850,-9.594,5.938,92.111,0.9807,0,0.406,0.062,0.000,0.2830,nan,nan,nan,0.000,0.000,-10.000,0.0000,0.8995,4.534,4.534,0.899,4.649,1.000,6.000,0.0064,1.111,nan,0.00,0,0,0,0,0,0.0000,0.000,0,0.000,0,0.000,0,0,,,FLYING,0,0,0,0.000,0,0,0
1785651509.880,-9.645,5.945,92.108,0.9806,0,0.355,0.055,0.000,0.2827,nan,nan,nan,0.000,0.000,-10.000,0.0000,0.8692,4.500,4.500,0.869,4.641,1.000,6.000,0.0064,1.078,nan,0.00,0,0,0,0,0,0.0000,0.000,0,0.000,0,0.000,0,0,,,FLYING,0,0,0,0.000,0,0,0
1785651509.913,-9.691,5.950,92.106,0.9804,0,0.309,0.050,0.000,0.2822,nan,nan,nan,0.000,0.000,-10.000,0.0000,0.8364,4.466,4.466,0.836,4.632,1.000,6.000,0.0064,1.045,nan,0.00,0,0,0,0,0,0.0000,0.000,0,0.000,0,0.000,2,0,,,FLYING,0,0,0,0.000,0,0,0
1785651509.961,-9.730,5.956,92.105,0.9803,0,0.270,0.044,0.000,0.2817,nan,nan,nan,0.000,0.000,-10.000,0.0000,0.8038,4.434,4.434,0.804,4.624,1.000,6.000,0.0064,1.014,nan,0.00,0,0,0,0,0,0.0000,0.000,0,0.000,0,0.000,0,0,,,FLYING,0,0,0,0.000,0,0,0
1785651510.006,-9.767,5.961,92.105,0.9802,0,0.233,0.039,0.000,0.2810,nan,nan,nan,0.000,0.000,-10.000,0.0000,0.7685,4.400,4.400,0.768,4.616,1.000,6.000,0.0064,0.983,nan,0.00,0,0,0,0,0,0.0000,0.000,0,0.000,0,0.000,0,0,,,FLYING,0,0,0,0.000,0,0,0
1785651510.038,-9.803,5.965,92.104,0.9801,0,0.197,0.035,0.000,0.2803,nan,nan,nan,0.000,0.000,-10.000,0.0000,0.7332,4.366,4.366,0.733,4.609,1.000,6.000,0.0064,0.954,nan,0.00,0,0,0,0,0,0.0000,0.000,0,0.000,0,0.000,1,0,,,FLYING,0,0,0,0.000,0,1,0
1785651510.063,-9.831,5.969,92.103,0.9800,0,0.169,0.031,0.000,0.2798,nan,nan,nan,0.000,0.000,-10.000,0.0000,0.7022,4.336,4.336,0.702,4.602,1.000,6.000,0.0064,0.925,nan,0.00,0,0,0,0,0,0.0000,0.000,0,0.000,0,0.000,0,0,,,FLYING,0,0,0,0.000,0,-1,0
1785651510.099,-9.857,5.973,92.102,0.9799,0,0.143,0.027,0.000,0.2790,nan,nan,nan,0.000,0.000,-10.000,0.0000,0.6662,4.300,4.300,0.666,4.594,1.000,6.000,0.0064,0.898,nan,0.00,0,0,0,0,0,0.0000,0.000,0,0.000,0,0.000,0,0,,,FLYING,0,0,0,0.000,0,0,0
1785651510.132,-9.877,5.976,92.102,0.9798,0,0.123,0.024,0.000,0.2785,nan,nan,nan,0.000,0.000,-10.000,0.0000,0.6356,4.268,4.268,0.636,4.588,1.000,6.000,0.0064,0.871,nan,0.00,0,0,0,0,0,0.0000,0.000,0,0.000,0,0.000,0,0,,,FLYING,0,0,0,0.000,0,0,0
1785651510.178,-9.894,5.979,92.102,0.9798,0,0.106,0.021,0.000,0.2781,nan,nan,nan,0.000,0.000,-10.000,0.0000,0.6087,4.239,4.239,0.609,4.582,1.000,6.000,0.0064,0.844,nan,0.00,0,0,0,0,0,0.0000,0.000,0,0.000,0,0.000,0,0,,,FLYING,0,0,0,0.000,0,0,0
1785651510.211,-9.908,5.981,92.101,0.9797,0,0.092,0.019,0.000,0.2778,nan,nan,nan,0.000,0.000,-10.000,0.0000,0.5851,4.212,4.212,0.585,4.577,1.000,6.000,0.0064,0.819,nan,0.00,0,0,0,0,0,0.0000,0.000,0,0.000,0,0.000,0,0,,,FLYING,0,0,0,0.000,0,0,0
1785651510.255,-9.920,5.983,92.101,0.9797,0,0.080,0.017,0.000,0.2775,nan,nan,nan,0.000,0.000,-10.000,0.0000,0.5636,4.186,4.186,0.564,4.572,1.000,6.000,0.0064,0.795,nan,0.00,0,0,0,0,0,0.0000,0.000,0,0.000,0,0.000,0,0,,,FLYING,0,0,0,0.000,0,0,0
1785651510.287,-9.931,5.985,92.100,0.9796,0,0.069,0.015,0.000,0.2772,nan,nan,nan,0.000,0.000,-10.000,0.0000,0.5403,4.159,4.159,0.540,4.567,1.000,6.000,0.0064,0.771,nan,0.00,0,0,0,0,0,0.0000,0.000,0,0.000,0,0.000,2,0,,,FLYING,0,0,0,0.000,0,2,0
1785651510.314,-9.941,5.987,92.100,0.9796,0,0.059,0.013,0.000,0.2769,nan,nan,nan,0.000,0.000,-10.000,0.0000,0.5175,4.133,4.133,0.517,4.563,1.000,6.000,0.0064,0.748,nan,0.00,0,0,0,0,0,0.0000,0.000,0,0.000,0,0.000,0,0,,,FLYING,0,0,0,0.000,0,0,0
1785651510.349,-9.941,5.987,92.100,0.9796,0,0.059,0.013,0.000,0.2776,nan,nan,nan,0.000,0.000,-10.000,0.0000,0.5175,4.133,4.133,0.517,4.563,1.000,6.000,0.0064,0.725,nan,0.00,0,0,0,0,0,0.0000,0.000,0,0.000,0,0.000,0,0,,,FLYING,0,0,0,0.000,0,0,0
1785651510.383,-9.949,5.988,92.100,0.9796,0,0.051,0.012,0.000,0.2773,nan,nan,nan,0.000,0.000,-10.000,0.0000,0.4970,4.110,4.110,0.497,4.559,1.000,6.000,0.0064,0.703,nan,0.00,0,0,0,0,0,0.0000,0.000,0,0.000,0,0.000,0,0,,,FLYING,0,0,0,0.000,0,0,0
1785651510.428,-9.957,5.990,92.100,0.9796,0,0.043,0.010,0.000,0.2769,nan,nan,nan,0.000,0.000,-10.000,0.0000,0.4745,4.085,4.085,0.475,4.555,1.000,6.000,0.0064,0.682,nan,0.00,0,0,0,0,0,0.0000,0.000,0,0.000,0,0.000,0,0,,,FLYING,0,0,0,0.000,0,0,0
1785651510.457,-9.968,5.992,92.099,0.9795,0,0.032,0.008,0.000,0.2758,nan,nan,nan,0.000,0.000,-10.000,0.0000,0.4363,4.047,4.047,0.436,4.550,1.000,6.000,0.0064,0.662,nan,0.00,0,0,0,0,0,0.0000,0.000,0,0.000,0,0.000,0,0,,,FLYING,0,0,0,0.000,0,0,0
1785651510.489,-9.972,5.992,92.099,0.9795,0,0.028,0.008,0.000,0.2756,nan,nan,nan,0.000,0.000,-10.000,0.0000,0.4186,4.030,4.030,0.419,4.548,1.000,6.000,0.0064,0.642,nan,0.00,0,0,0,0,0,0.0000,0.000,0,0.000,0,0.000,0,0,,,FLYING,0,0,0,0.000,0,0,0
1785651510.522,-9.975,5.993,92.099,0.9795,0,0.025,0.007,0.000,0.2755,nan,nan,nan,0.000,0.000,-10.000,0.0000,0.4038,4.015,4.015,0.404,4.547,1.000,6.000,0.0064,0.623,nan,0.00,0,0,0,0,0,0.0000,0.000,0,0.000,0,0.000,0,0,,,FLYING,0,0,0,0.000,0,0,0
1785651510.567,-9.978,5.994,92.099,0.9795,0,0.022,0.006,0.000,0.2754,nan,nan,nan,0.000,0.000,-10.000,0.0000,0.3891,3.998,3.998,0.389,4.545,1.000,6.000,0.0064,0.604,nan,0.00,0,0,0,0,0,0.0000,0.000,0,0.000,0,0.000,0,0,,,FLYING,0,0,0,0.000,0,0,0
1785651510.614,-9.984,5.995,92.099,0.9795,0,0.016,0.005,0.000,0.2745,nan,nan,nan,0.000,0.000,-10.000,0.0000,0.3569,3.963,3.963,0.357,4.541,1.000,6.000,0.0064,0.586,nan,0.00,0,0,0,0,0,0.0000,0.000,0,0.000,0,0.000,0,0,,,FLYING,0,0,0,0.000,0,0,0
1785651510.646,-9.986,5.995,92.099,0.9795,0,0.014,0.005,0.000,0.2743,nan,nan,nan,0.000,0.000,-10.000,0.0000,0.3409,3.947,3.947,0.341,4.540,1.000,6.000,0.0064,0.568,nan,0.00,0,0,0,0,0,0.0000,0.000,0,0.000,0,0.000,0,0,,,FLYING,0,0,0,0.000,0,0,0
1785651510.695,-9.988,5.996,92.099,0.9795,0,0.012,0.004,0.000,0.2741,nan,nan,nan,0.000,0.000,-10.000,0.0000,0.3255,3.931,3.931,0.325,4.540,1.000,6.000,0.0064,0.551,nan,0.00,0,0,0,0,0,0.0000,0.000,0,0.000,0,0.000,0,0,,,FLYING,0,0,0,0.000,0,0,0
1785651510.742,-9.990,5.996,92.098,0.9795,0,0.010,0.004,0.000,0.2739,nan,nan,nan,0.000,0.000,-10.000,0.0000,0.3104,3.917,3.917,0.310,4.540,1.000,6.000,0.0064,0.535,nan,0.00,0,0,0,0,0,0.0000,0.000,0,0.000,0,0.000,0,0,,,FLYING,0,0,0,0.000,0,0,0
1785651510.789,-9.993,5.997,92.098,0.9794,0,0.007,0.003,0.000,0.2731,nan,nan,nan,0.000,0.000,-10.000,0.0000,0.2815,3.890,3.890,0.282,4.540,1.000,6.000,0.0064,0.519,nan,0.00,0,0,0,0,0,0.0000,0.000,0,0.000,0,0.000,0,0,,,FLYING,0,0,0,0.000,0,0,0
1785651510.833,-9.994,5.997,92.098,0.9794,0,0.006,0.003,0.000,0.2729,nan,nan,nan,0.000,0.000,-10.000,0.0000,0.2675,3.877,3.877,0.267,4.541,1.000,6.000,0.0064,0.503,nan,0.00,0,0,0,0,0,0.0000,0.000,0,0.000,0,0.000,0,0,,,FLYING,0,0,0,0.000,0,-1,0
1785651510.860,-9.995,5.998,92.098,0.9794,0,0.005,0.002,0.000,0.2728,nan,nan,nan,0.000,0.000,-10.000,0.0000,0.2542,3.865,3.865,0.254,4.542,1.000,6.000,0.0064,0.488,nan,0.00,0,0,0,0,0,0.0000,0.000,0,0.000,0,0.000,0,0,,,FLYING,0,0,0,0.000,0,-1,0
1785651510.897,-9.996,5.998,92.098,0.9794,0,0.004,0.002,0.000,0.2726,nan,nan,nan,0.000,0.000,-10.000,0.0000,0.2410,3.854,3.854,0.241,4.544,1.000,6.000,0.0064,0.473,nan,0.00,0,0,0,0,0,0.0000,0.000,0,0.000,0,0.000,0,0,,,FLYING,0,0,0,0.000,0,-1,0
1785651510.928,-9.996,5.998,92.098,0.9794,0,0.004,0.002,0.000,0.2725,nan,nan,nan,0.000,0.000,-10.000,0.0000,0.2279,3.843,3.843,0.228,4.545,1.000,6.000,0.0064,0.459,nan,0.00,0,0,0,0,0,0.0000,0.000,0,0.000,0,0.000,0,0,,,FLYING,0,0,0,0.000,0,-1,0
1785651510.958,-9.996,5.998,92.098,0.9794,0,0.004,0.002,0.000,0.2729,nan,nan,nan,0.000,0.000,-10.000,0.0000,0.2277,3.843,3.843,0.228,4.545,1.000,6.000,0.0064,0.445,nan,0.00,0,0,0,0,0,0.0000,0.000,0,0.000,0,0.000,0,0,,,FLYING,0,0,0,0.000,0,-1,0
1785651510.992,-9.997,5.998,92.098,0.9794,0,0.003,0.002,0.000,0.2727,nan,nan,nan,0.000,0.000,-10.000,0.0000,0.2158,3.834,3.834,0.216,4.548,1.000,6.000,0.0064,0.432,nan,0.00,0,0,0,0,0,0.0000,0.000,0,0.000,0,0.000,0,0,,,FLYING,0,0,0,0.000,0,-1,0
1785651511.037,-11.569,12.370,134.465,0.9569,0,-1.497,-1.498,0.000,0.2770,nan,nan,nan,0.000,0.000,3.785,0.0000,0.1626,-0.473,-0.473,0.163,5.889,1.000,6.000,0.0064,0.419,nan,0.00,0,0,0,0,0,0.0000,0.000,0,0.000,0,0.000,0,0,,,FLYING,0,0,0,0.000,0,-1,0
1785651511.070,-2.757,17.883,160.124,0.9506,0,-2.997,-2.998,0.000,0.2725,nan,nan,nan,0.000,0.000,10.000,0.0000,0.0182,-2.878,-2.878,0.018,5.011,1.000,6.000,0.0064,0.407,nan,0.00,0,0,0,0,0,0.0000,0.000,0,0.000,0,0.000,0,0,,,FLYING,0,0,0,0.000,0,-1,0
1785651511.095,0.584,18.071,169.673,0.9506,0,-4.497,-4.498,0.000,0.2599,nan,nan,nan,0.000,0.000,10.000,0.0000,-0.2545,-3.620,-3.620,-0.255,4.416,1.000,6.000,0.0064,0.394,nan,0.00,0,0,0,0,0,0.0000,0.000,0,0.000,0,0.000,0,0,,,FLYING,0,0,0,0.000,0,-1,0
1785651511.133,0.409,18.302,166.653,0.9494,0,-5.997,-5.998,0.000,0.2485,nan,nan,nan,0.000,0.000,10.000,0.0000,-0.5101,-3.393,-3.393,-0.510,4.503,1.000,6.000,0.0064,0.383,nan,0.00,0,0,0,0,0,0.0000,0.000,0,0.000,0,0.000,0,0,,,FLYING,0,0,0,0.000,0,-1,0
1785651511.163,0.220,18.179,163.941,0.9501,0,-7.497,-7.498,0.000,0.2408,nan,nan,nan,0.000,0.000,10.000,0.0000,-0.6778,-3.203,-3.203,-0.678,4.581,1.000,6.000,0.0064,0.371,nan,0.00,0,0,0,0,0,0.0000,0.000,0,0.000,0,0.000,1,0,,,FLYING,0,0,0,0.000,0,1,0
1785651511.190,1.111,17.771,163.945,0.9521,0,-8.889,-8.998,0.000,0.2360,nan,nan,nan,0.000,0.000,10.000,0.0000,-0.7748,-3.211,-3.211,-0.775,4.485,1.000,6.000,0.0064,0.360,nan,0.00,0,0,0,0,0,0.0000,0.000,0,0.000,0,0.000,0,0,,,FLYING,0,0,0,0.000,0,0,0
1785651511.225,2.337,17.292,164.857,0.9540,0,-7.663,-10.498,0.000,0.2378,nan,nan,nan,0.000,0.000,10.000,0.0000,-0.7336,-3.283,-3.283,-0.734,4.344,1.000,6.000,0.0064,0.349,nan,0.00,0,0,0,0,0,0.0000,0.000,0,0.000,0,0.000,0,0,,,FLYING,0,0,0,0.000,0,0,0
1785651511.256,3.208,16.662,164.971,0.9565,0,-6.792,-10.662,0.000,0.2464,nan,nan,nan,0.000,0.000,10.000,0.0000,-0.5459,-3.295,-3.295,-0.546,4.248,1.000,6.000,0.0064,0.339,nan,0.00,0,0,0,0,0,0.0000,0.000,0,0.000,0,0.000,0,0,,,FLYING,0,0,0,0.000,0,0,0
1785651511.303,3.861,15.984,164.671,0.9592,0,-6.139,-9.984,0.000,0.2555,nan,nan,nan,0.000,0.000,10.000,0.0000,-0.3429,-3.272,-3.272,-0.343,4.183,1.000,6.000,0.0064,0.328,nan,0.00,0,0,0,0,0,0.0000,0.000,0,0.000,0,0.000,0,0,,,FLYING,0,0,0,0.000,0,0,0
1785651511.333,4.549,15.273,164.532,0.9616,0,-5.451,-9.273,0.000,0.2635,nan,nan,nan,0.000,0.000,10.000,0.0000,-0.1657,-3.254,-3.254,-0.166,4.114,1.000,6.000,0.0064,0.319,nan,0.00,0,0,0,0,0,0.0000,0.000,0,0.000,0,0.000,0,0,,,FLYING,0,0,0,0.000,0,0,0
1785651511.365,5.207,14.582,164.537,0.9638,0,-4.793,-8.582,0.000,0.2693,nan,nan,nan,0.000,0.000,10.000,0.0000,-0.0344,-3.243,-3.243,-0.034,4.043,1.000,6.000,0.0064,0.309,nan,0.00,0,0,0,0,0,0.0000,0.000,0,0.000,0,0.000,0,0,,,FLYING,0,0,0,0.000,0,0,0
1785651511.410,5.743,13.966,164.509,0.9656,0,-4.257,-7.966,0.000,0.2732,nan,nan,nan,0.000,0.000,10.000,0.0000,0.0542,-3.226,-3.226,0.054,3.974,1.000,6.000,0.0064,0.300,nan,0.00,0,0,0,0,0,0.0000,0.000,0,0.000,0,0.000,0,0,,,FLYING,0,0,0,0.000,0,0,0
1785651511.440,6.306,13.255,164.411,0.9675,0,-3.694,-7.255,0.000,0.2758,nan,nan,nan,0.000,0.000,10.000,0.0000,0.1144,-3.199,-3.199,0.114,3.908,1.000,6.000,0.0064,0.291,nan,0.00,0,0,0,0,0,0.0000,0.000,0,0.000,0,0.000,0,0,,,FLYING,0,0,0,0.000,0,0,0
1785651511.470,6.706,12.723,164.340,0.9688,0,-3.294,-6.723,0.000,0.2772,nan,nan,nan,0.000,0.000,10.000,0.0000,0.1481,-3.176,-3.176,0.148,3.852,1.000,6.000,0.0064,0.282,nan,0.00,0,0,0,0,0,0.0000,0.000,0,0.000,0,0.000,0,0,,,FLYING,0,0,0,0.000,0,0,0
1785651511.504,7.071,12.205,164.281,0.9700,0,-2.929,-6.205,0.000,0.2781,nan,nan,nan,0.000,0.000,10.000,0.0000,0.1690,-3.153,-3.153,0.169,3.794,1.000,6.000,0.0064,0.274,nan,0.00,0,0,0,0,0,0.0000,0.000,0,0.000,0,0.000,1,0,,,FLYING,0,0,0,0.000,0,0,0
1785651511.531,7.420,11.677,164.215,0.9711,0,-2.580,-5.677,0.000,0.2786,nan,nan,nan,0.000,0.000,10.000,0.0000,0.1805,-3.126,-3.126,0.181,3.736,1.000,6.000,0.0064,0.265,nan,0.00,0,0,0,0,0,0.0000,0.000,0,0.000,0,0.000,0,0,,,FLYING,0,0,0,0.000,0,0,0
1785651511.566,7.735,11.172,164.144,0.9721,0,-2.265,-5.172,0.000,0.2788,nan,nan,nan,0.000,0.000,10.000,0.0000,0.1852,-3.097,-3.097,0.185,3.679,1.000,6.000,0.0064,0.257,nan,0.00,0,0,0,0,0,0.0000,0.000,0,0.000,0,0.000,0,0,,,FLYING,0,0,0,0.000,0,0,0
1785651511.598,7.735,11.172,164.144,0.9721,0,-2.265,-5.172,0.000,0.2790,nan,nan,nan,0.000,0.000,10.000,0.0000,0.1852,-3.097,-3.097,0.185,3.679,1.000,6.000,0.0064,0.250,nan,0.00,0,0,0,0,0,0.0000,0.000,0,0.000,0,0.000,1,0,,,FLYING,0,0,0,0.000,0,1,0
1785651511.625,7.999,10.724,164.081,0.9730,0,-2.001,-4.724,0.000,0.2789,nan,nan,nan,0.000,0.000,10.000,0.0000,0.1845,-3.069,-3.069,0.185,3.626,1.000,6.000,0.0064,0.242,nan,0.00,0,0,0,0,0,0.0000,0.000,0,0.000,0,0.000,0,0,,,FLYING,0,0,0,0.000,0,0,0
1785651511.660,8.266,10.246,164.012,0.9738,0,-1.734,-4.246,0.000,0.2787,nan,nan,nan,0.000,0.000,10.000,0.0000,0.1800,-3.037,-3.037,0.180,3.568,1.000,6.000,0.0064,0.235,nan,0.00,0,0,0,0,0,0.0000,0.000,0,0.000,0,0.000,0,0,,,FLYING,0,0,0,0.000,0,-1,0
1785651511.692,8.266,10.246,164.012,0.9738,0,-1.734,-4.246,0.000,0.2789,nan,nan,nan,0.000,0.000,10.000,0.0000,0.1800,-3.037,-3.037,0.180,3.568,1.000,6.000,0.0064,0.228,nan,0.00,0,0,0,0,0,0.0000,0.000,0,0.000,0,0.000,0,0,,,FLYING,0,0,0,0.000,0,-1,0
1785651511.724,8.476,9.851,163.953,0.9745,0,-1.524,-3.851,0.000,0.2787,nan,nan,nan,0.000,0.000,10.000,0.0000,0.1741,-3.007,-3.007,0.174,3.518,1.000,6.000,0.0064,0.221,nan,0.00,0,0,0,0,0,0.0000,0.000,0,0.000,0,0.000,0,0,,,FLYING,0,0,0,0.000,0,-1,0
1785651511.751,8.684,9.454,163.892,0.9751,0,-1.316,-3.454,0.000,0.2784,nan,nan,nan,0.000,0.000,10.000,0.0000,0.1672,-2.977,-2.977,0.167,3.470,1.000,6.000,0.0064,0.214,nan,0.00,0,0,0,0,0,0.0000,0.000,0,0.000,0,0.000,0,0,,,FLYING,0,0,0,0.000,0,-1,0
1785651511.786,8.825,9.165,163.847,0.9755,0,-1.175,-3.165,0.000,0.2782,nan,nan,nan,0.000,0.000,10.000,0.0000,0.1609,-2.951,-2.951,0.161,3.430,1.000,6.000,0.0064,0.208,nan,0.00,0,0,0,0,0,0.0000,0.000,0,0.000,0,0.000,0,0,,,FLYING,0,0,0,0.000,0,-1,0
1785651511.814,8.955,8.885,163.803,0.9760,0,-1.045,-2.885,0.000,0.2780,nan,nan,nan,0.000,0.000,10.000,0.0000,0.1546,-2.924,-2.924,0.155,3.389,1.000,6.000,0.0064,0.202,nan,0.00,0,0,0,0,0,0.0000,0.000,0,0.000,0,0.000,0,0,,,FLYING,0,0,0,0.000,0,0,0
1785651511.849,9.081,8.603,163.757,0.9764,0,-0.919,-2.603,0.000,0.2777,nan,nan,nan,0.000,0.000,10.000,0.0000,0.1481,-2.895,-2.895,0.148,3.346,1.000,6.000,0.0064,0.196,nan,0.00,0,0,0,0,0,0.0000,0.000,0,0.000,0,0.000,1,0,,,FLYING,0,0,0,0.000,0,1,0
1785651511.877,9.081,8.603,163.757,0.9764,0,-0.919,-2.603,0.000,0.2779,nan,nan,nan,0.000,0.000,10.000,0.0000,0.1481,-2.895,-2.895,0.148,3.346,1.000,6.000,0.0064,0.190,nan,0.00,0,0,0,0,0,0.0000,0.000,0,0.000,0,0.000,0,0,,,FLYING,0,0,0,0.000,0,0,0
1785651511.914,9.189,8.353,163.717,0.9767,0,-0.811,-2.353,0.000,0.2777,nan,nan,nan,0.000,0.000,10.000,0.0000,0.1423,-2.866,-2.866,0.142,3.306,1.000,6.000,0.0064,0.184,nan,0.00,0,0,0,0,0,0.0000,0.000,0,0.000,0,0.000,1,0,,,FLYING,0,0,0,0.000,0,0,0
1785651511.958,9.278,8.140,163.682,0.9770,0,-0.722,-2.140,0.000,0.2776,nan,nan,nan,0.000,0.000,10.000,0.0000,0.1377,-2.842,-2.842,0.138,3.275,1.000,6.000,0.0064,0.179,nan,0.00,0,0,0,0,0,0.0000,0.000,0,0.000,0,0.000,0,0,,,FLYING,0,0,0,0.000,0,0,0
1785651511.986,9.359,7.940,163.649,0.9772,0,-0.641,-1.940,0.000,0.2775,nan,nan,nan,0.000,0.000,10.000,0.0000,0.1331,-2.817,-2.817,0.133,3.244,1.000,6.000,0.0064,0.173,nan,0.00,0,0,0,0,0,0.0000,0.000,0,0.000,0,0.000,0,0,,,FLYING,0,0,0,0.000,0,0,0
1785651512.017,9.431,7.758,163.618,0.9775,0,-0.569,-1.758,0.000,0.2774,nan,nan,nan,0.000,0.000,10.000,0.0000,0.1284,-2.793,-2.793,0.128,3.214,1.000,6.000,0.0064,0.168,nan,0.00,0,0,0,0,0,0.0000,0.000,0,0.000,0,0.000,0,0,,,FLYING,0,0,0,0.000,0,0,0
1785651512.053,9.495,7.592,163.590,0.9777,0,-0.505,-3.258,0.000,0.2772,nan,nan,nan,0.000,0.000,10.000,0.0000,0.1237,-2.769,-2.769,0.124,3.185,1.000,3.000,0.0064,0.163,nan,0.00,0,0,0,0,0,0.0000,0.000,0,0.000,0,0.000,1,0,,,FLYING,0,0,0,0.000,0,0,0
1785651512.081,9.551,7.440,163.564,0.9778,0,-0.449,-4.440,0.000,0.2771,nan,nan,nan,0.000,0.000,10.000,0.0000,0.1189,-2.745,-2.745,0.119,3.158,1.000,3.000,0.0064,0.158,nan,0.00,0,0,0,0,0,0.0000,0.000,0,0.000,0,0.000,0,0,,,FLYING,0,0,0,0.000,0,0,0
1785651512.110,9.591,7.077,163.503,0.9785,0,-0.409,-4.077,0.000,0.2769,nan,nan,nan,0.000,0.000,10.000,0.0000,0.1143,-2.722,-2.722,0.114,3.137,1.000,3.000,0.0064,0.153,nan,0.00,0,0,0,0,0,0.0000,0.000,0,0.000,0,0.000,1,0,,,FLYING,0,0,0,0.000,0,1,0
1785651512.139,9.630,6.706,163.440,0.9792,0,-0.370,-3.706,0.000,0.2766,nan,nan,nan,0.000,0.000,10.000,0.0000,0.1095,-2.698,-2.698,0.109,3.118,1.000,3.000,0.0064,0.149,nan,0.00,0,0,0,0,0,0.0000,0.000,0,0.000,0,0.000,0,0,,,FLYING,0,0,0,0.000,0,0,0
1785651512.175,9.664,6.402,163.388,0.9797,0,-0.336,-3.402,0.000,0.2764,nan,nan,nan,0.000,0.000,10.000,0.0000,0.1051,-2.676,-2.676,0.105,3.101,1.000,3.000,0.0064,0.144,nan,0.00,0,0,0,0,0,0.0000,0.000,0,0.000,0,0.000,0,0,,,FLYING,0,0,0,0.000,0,0,0
1785651512.222,9.694,6.119,163.339,0.9801,0,-0.306,-3.119,0.000,0.2762,nan,nan,nan,0.000,0.000,10.000,0.0000,0.1010,-2.654,-2.654,0.101,3.087,1.000,3.000,0.0064,0.140,nan,0.00,0,0,0,0,0,0.0000,0.000,0,0.000,0,0.000,0,0,,,FLYING,0,0,0,0.000,0,0,0
1785651512.252,9.724,5.827,163.289,0.9805,0,-0.276,-2.827,0.000,0.2760,nan,nan,nan,0.000,0.000,10.000,0.0000,0.0967,-2.630,-2.630,0.097,3.073,1.000,3.000,0.0064,0.136,nan,0.00,0,0,0,0,0,0.0000,0.000,0,0.000,0,0.000,0,0,,,FLYING,0,0,0,0.000,0,0,0
1785651512.285,9.724,5.827,163.289,0.9805,0,-0.276,-2.827,0.000,0.2761,nan,nan,nan,0.000,0.000,10.000,0.0000,0.0967,-2.630,-2.630,0.097,3.073,1.000,3.000,0.0064,0.132,nan,0.00,0,0,0,0,0,0.0000,0.000,0,0.000,0,0.000,0,0,,,FLYING,0,0,0,0.000,0,0,0
1785651512.318,9.753,5.546,163.240,0.9809,0,-0.247,-2.546,0.000,0.2759,nan,nan,nan,0.000,0.000,10.000,0.0000,0.0923,-2.605,-2.605,0.092,3.061,1.000,3.000,0.0064,0.128,nan,0.00,0,0,0,0,0,0.0000,0.000,0,0.000,0,0.000,1,0,,,FLYING,0,0,0,0.000,0,0,0
1785651512.344,9.781,5.264,163.191,0.9813,0,-0.219,-2.264,0.000,0.2758,nan,nan,nan,0.000,0.000,10.000,0.0000,0.0877,-2.581,-2.581,0.088,3.052,1.000,3.000,0.0064,0.124,nan,0.00,0,0,0,0,0,0.0000,0.000,0,0.000,0,0.000,0,0,,,FLYING,0,0,0,0.000,0,0,0
1785651512.380,9.801,5.067,163.157,0.9816,0,-0.199,-2.067,0.000,0.2756,nan,nan,nan,0.000,0.000,10.000,0.0000,0.0837,-2.561,-2.561,0.084,3.045,1.000,3.000,0.0064,0.120,nan,0.00,0,0,0,0,0,0.0000,0.000,0,0.000,0,0.000,0,0,,,FLYING,0,0,0,0.000,0,0,0
1785651512.426,9.819,4.890,163.127,0.9818,0,-0.181,-1.890,0.000,0.2755,nan,nan,nan,0.000,0.000,10.000,0.0000,0.0798,-2.541,-2.541,0.080,3.039,1.000,3.000,0.0064,0.117,nan,0.00,0,0,0,0,0,0.0000,0.000,0,0.000,0,0.000,0,0,,,FLYING,0,0,0,0.000,0,0,0
1785651512.458,9.837,4.710,163.095,0.9820,0,-0.163,-1.710,0.000,0.2753,nan,nan,nan,0.000,0.000,10.000,0.0000,0.0757,-2.522,-2.522,0.076,3.035,1.000,3.000,0.0064,0.113,nan,0.00,0,0,0,0,0,0.0000,0.000,0,0.000,0,0.000,0,0,,,FLYING,0,0,0,0.000,0,0,0
1785651512.489,9.853,4.537,163.065,0.9822,0,-0.147,-1.537,0.000,0.2752,nan,nan,nan,0.000,0.000,10.000,0.0000,0.0713,-2.502,-2.502,0.071,3.032,1.000,3.000,0.0064,0.110,nan,0.00,0,0,0,0,0,0.0000,0.000,0,0.000,0,0.000,0,0,,,FLYING,0,0,0,0.000,0,0,0
1785651512.535,9.868,4.390,163.040,0.9823,0,-0.132,-1.390,0.000,0.2751,nan,nan,nan,0.000,0.000,10.000,0.0000,0.0669,-2.483,-2.483,0.067,3.030,1.000,3.000,0.0064,0.106,nan,0.00,0,0,0,0,0,0.0000,0.000,0,0.000,0,0.000,0,0,,,FLYING,0,0,0,0.000,0,0,0
1785651512.566,9.882,4.241,163.014,0.9825,0,-0.118,-1.241,0.000,0.2749,nan,nan,nan,0.000,0.000,10.000,0.0000,0.0626,-2.463,-2.463,0.063,3.030,1.000,3.000,0.0064,0.103,nan,0.00,0,0,0,0,0,0.0000,0.000,0,0.000,0,0.000,0,0,,,FLYING,0,0,0,0.000,0,0,0
1785651512.615,9.894,4.118,162.992,0.9826,0,-0.106,-1.118,0.000,0.2748,nan,nan,nan,0.000,0.000,10.000,0.0000,0.0583,-2.444,-2.444,0.058,3.031,1.000,3.000,0.0064,0.100,nan,0.00,0,0,0,0,0,0.0000,0.000,0,0.000,0,0.000,0,0,,,FLYING,0,0,0,0.000,0,0,0
1785651512.647,9.904,4.006,162.972,0.9827,0,-0.096,-0.961,0.000,0.2747,nan,nan,nan,0.000,0.000,10.000,0.0000,0.0545,-2.427,-2.427,0.054,3.033,1.000,3.045,0.0064,0.097,nan,0.00,0,0,0,0,0,0.0000,0.000,0,0.000,0,0.000,1,0,,,FLYING,0,0,0,0.000,0,0,0
1785651512.693,9.914,3.909,162.955,0.9828,0,-0.086,-0.819,0.000,0.2746,nan,nan,nan,0.000,0.000,10.000,0.0000,0.0510,-2.411,-2.411,0.051,3.035,1.000,3.090,0.0064,0.094,nan,0.00,0,0,0,0,0,0.0000,0.000,0,0.000,0,0.000,0,0,,,FLYING,0,0,0,0.000,0,0,0
1785651512.723,9.922,3.823,162.940,0.9829,0,-0.974,-0.823,1.220,0.2579,4.471,-0.095,2.352,0.261,-1.220,10.896,-0.0000,-0.0000,-2.396,-2.396,0.047,3.039,1.200,3.000,0.0064,1.997,nan,0.00,0,1,1,1,0,0.0000,0.000,0,0.000,0,0.000,1,1,hsv,,hsv,0,0,0,0.000,0,1,0
1785651512.751,9.930,3.748,162.927,0.9829,0,-0.876,-0.748,1.220,0.2412,4.471,-0.095,2.352,0.261,-1.220,10.806,0.0154,-0.0036,-2.381,-2.381,0.044,3.043,1.200,3.000,0.0064,2.003,nan,0.00,0,1,1,0,0,0.0000,0.000,0,0.000,0,0.000,0,0,hsv,,hsv,0,0,0,0.000,0,0,0
1785651512.787,9.996,3.692,162.857,0.9828,0,0.465,-0.692,-0.017,0.2579,3.909,0.001,2.040,0.228,0.017,9.531,-2.5305,2.0000,-2.362,-1.342,0.060,3.050,1.200,3.000,0.0064,1.753,nan,0.00,0,1,1,1,0,0.0000,0.000,0,0.000,0,0.000,0,0,hsv,,hsv,0,0,0,0.000,0,0,0
1785651512.834,9.916,3.574,162.793,0.9831,0,-1.035,-0.574,-0.017,0.2412,3.909,0.001,2.040,0.228,0.017,12.371,-0.9908,0.0671,-2.333,-2.333,0.127,3.063,1.200,3.000,0.0064,1.762,nan,0.00,0,1,1,0,0,0.0000,0.000,0,0.000,0,0.000,0,0,hsv,,hsv,0,0,0,0.000,0,0,0
1785651512.867,9.916,3.574,162.793,0.9831,0,0.465,-0.574,1.218,0.2579,3.822,-0.081,1.792,0.223,-1.218,4.565,0.8234,2.0000,-2.333,-1.240,0.127,3.063,1.200,3.000,0.0064,1.510,nan,0.00,0,1,1,1,0,0.0000,0.000,0,0.000,0,0.000,0,0,hsv,,hsv,0,0,0,0.000,0,0,0
1785651512.897,9.876,3.509,162.803,0.9833,0,1.965,-0.509,2.718,0.2746,3.799,-0.216,1.582,0.222,-3.253,-2.561,3.9779,2.0000,-2.322,-0.729,0.173,3.069,1.200,3.000,0.0064,1.286,nan,0.00,0,1,1,1,0,0.0000,0.000,0,0.000,0,0.000,0,0,hsv,,hsv,0,0,0,0.000,0,0,0
1785651512.928,9.838,3.466,162.718,0.9835,0,3.465,-0.466,4.218,0.2912,4.125,-0.305,1.508,0.241,-4.234,0.002,1.0594,1.5609,-2.306,-0.764,0.225,3.081,1.200,3.000,0.0064,1.182,nan,0.00,0,1,1,1,0,0.0000,0.000,0,0.000,0,0.000,0,0,hsv,,hsv,0,0,0,0.000,0,0,0
1785651512.961,9.455,3.474,162.355,0.9846,0,1.965,-0.285,4.234,0.2746,4.125,-0.305,1.508,0.241,-4.234,10.526,-1.5184,0.0392,-2.282,-2.282,0.264,3.104,1.200,3.190,0.0064,1.185,nan,0.00,0,1,1,0,0,0.0000,0.000,0,0.000,0,0.000,0,0,hsv,,hsv,0,0,0,0.000,0,0,0
1785651513.002,9.263,3.514,161.952,0.9851,0,0.465,-0.134,4.234,0.2579,4.125,-0.305,1.508,0.241,-4.234,10.369,-1.4918,0.0642,-2.256,-2.256,0.289,3.128,1.200,3.380,0.0064,1.184,nan,0.00,0,1,1,0,0,0.0000,0.000,0,0.000,0,0.000,0,0,hsv,,hsv,0,0,0,0.000,0,-1,0
1785651513.036,9.216,3.556,161.596,0.9852,0,-0.998,-0.042,4.234,0.2427,4.125,-0.305,1.508,0.241,-4.234,10.214,-1.4656,0.0921,-2.229,-2.229,0.317,3.151,1.200,3.514,0.0064,1.182,nan,0.00,0,1,1,0,0,0.0000,0.000,0,0.000,0,0.000,0,0,hsv,,hsv,0,0,0,0.000,0,-1,0
1785651513.065,9.274,3.598,161.297,0.9850,0,0.502,-0.013,5.734,0.2260,7.419,-5.632,3.033,0.350,-25.000,-14.000,-0.0000,-0.0000,-2.205,-2.205,0.345,3.171,1.200,3.585,0.0064,1.616,nan,0.00,0,1,1,1,0,0.0000,0.000,0,0.000,0,0.000,0,0,hsv,,hsv,0,0,0,0.000,0,-1,0
1785651513.100,9.224,3.656,160.906,0.9851,0,2.002,0.043,7.234,0.2427,6.864,-5.543,2.796,0.350,-25.000,-14.000,-0.0000,2.0000,-2.178,-0.897,0.395,3.194,1.200,3.699,0.0064,1.429,nan,0.00,0,1,1,1,0,0.0000,0.000,0,0.000,0,0.000,2,0,hsv,,hsv,0,0,0,0.000,0,-1,0
1785651513.128,9.024,3.741,160.366,0.9855,0,3.502,1.543,8.734,0.2336,6.864,-5.543,2.796,0.350,-25.000,-14.000,-1.2482,0.0671,-2.145,-2.145,0.462,3.223,1.200,6.000,0.0064,1.440,nan,0.00,0,1,1,0,0,0.0000,0.000,0,0.000,0,0.000,0,0,hsv,,hsv,0,0,0,0.000,0,-1,0
1785651513.164,9.024,3.741,160.366,0.9855,0,5.002,2.259,10.234,0.2169,6.151,-5.172,3.072,0.350,-25.000,-14.000,-0.0000,-2.0000,-2.145,-2.342,0.462,3.223,1.200,6.000,0.0064,1.816,nan,0.00,0,1,1,1,0,0.0000,0.000,0,0.000,0,0.000,0,0,hsv,,hsv,0,0,0,0.000,0,-1,0
1785651513.194,8.681,3.968,159.679,0.9862,0,6.502,2.032,11.734,0.2227,6.151,-5.172,3.072,0.350,-25.000,-14.000,0.2346,0.0897,-2.107,-2.107,0.551,3.256,1.200,6.000,0.0064,1.825,nan,0.00,0,1,1,0,0,0.0000,0.000,0,0.000,0,0.000,0,0,hsv,,hsv,0,0,0,0.000,0,-1,0
1785651513.226,8.228,4.263,158.928,0.9870,0,8.002,1.737,12.000,0.2269,6.151,-5.172,3.072,0.350,-25.000,-14.000,0.2720,0.1928,-2.070,-2.070,0.654,3.288,1.200,6.000,0.0064,1.836,nan,0.00,0,1,1,0,0,0.0000,0.000,0,0.000,0,0.000,0,0,hsv,,hsv,0,0,0,0.000,0,-1,0
1785651513.253,7.655,4.540,158.085,0.9880,0,9.502,1.460,12.000,0.2306,6.151,-5.172,3.072,0.350,-25.000,-14.000,0.3087,0.2952,-2.033,-2.033,0.757,3.322,1.200,6.000,0.0064,1.861,nan,0.00,0,1,1,0,0,0.0000,0.000,0,0.000,0,0.000,0,0,hsv,,hsv,0,0,0,0.000,0,-1,0
1785651513.288,6.389,4.936,156.583,0.9901,0,11.002,1.064,12.000,0.2473,6.151,-5.172,3.072,0.350,-25.000,-14.000,0.3587,0.4451,-1.983,-1.983,0.907,3.380,1.200,6.000,0.0064,1.938,nan,0.00,0,1,1,0,0,0.0000,0.000,0,0.000,0,0.000,0,0,hsv,,hsv,0,0,0,0.000,0,-1,0
1785651513.319,6.389,4.936,156.583,0.9901,0,12.502,1.064,12.000,0.2639,6.151,-5.172,3.072,0.350,-25.000,-14.000,0.3587,0.4451,-1.983,-1.983,0.907,3.380,1.200,6.000,0.0064,1.938,nan,0.00,0,1,1,0,0,0.0000,0.000,0,0.000,0,0.000,0,0,hsv,,hsv,0,0,0,0.000,0,-1,0
1785651513.350,5.395,5.114,155.688,0.9916,0,14.002,0.886,12.000,0.2727,6.151,-5.172,3.072,0.350,-25.000,-14.000,0.3743,0.5291,-1.967,-1.967,0.991,3.416,1.200,6.000,0.0064,2.013,nan,0.00,0,1,1,0,0,0.0000,0.000,0,0.000,0,0.000,0,0,hsv,,hsv,0,0,0,0.000,0,-1,0
1785651513.381,4.265,5.275,154.787,0.9930,0,15.502,0.725,12.000,0.2723,6.151,-5.172,3.072,0.350,-25.000,-14.000,0.3797,0.5928,-1.962,-1.962,1.054,3.452,1.200,6.000,0.0064,2.102,nan,0.00,0,1,1,0,0,0.0000,0.000,0,0.000,0,0.000,0,0,hsv,,hsv,0,0,0,0.000,0,-1,0
1785651513.409,2.941,5.412,153.836,0.9942,0,16.941,0.588,12.000,0.2719,6.151,-5.172,3.072,0.350,-25.000,-14.000,0.3740,0.6372,-1.968,-1.968,1.099,3.490,1.200,6.000,0.0064,2.209,nan,0.00,0,1,1,0,0,0.0000,0.000,0,0.000,0,0.000,0,0,hsv,,hsv,0,0,0,0.000,0,-1,0
1785651513.438,1.354,5.497,152.885,0.9951,0,15.441,0.503,12.000,0.2717,6.151,-5.172,3.072,0.350,-25.000,-14.000,0.3523,0.6630,-1.989,-1.989,1.125,3.530,1.200,6.000,0.0064,2.346,nan,0.00,0,1,1,0,0,0.0000,0.000,0,0.000,0,0.000,0,0,hsv,,hsv,0,0,0,0.000,0,-1,0
1785651513.476,-0.082,5.553,151.936,0.9953,0,13.941,0.447,12.000,0.2716,6.151,-5.172,3.072,0.350,-25.000,-14.000,0.3270,0.6727,-2.015,-2.015,1.134,3.572,1.200,6.000,0.0064,2.469,nan,0.00,0,1,1,0,0,0.0000,0.000,0,0.000,0,0.000,0,0,hsv,,hsv,0,0,0,0.000,0,-1,0
1785651513.507,-1.345,5.581,151.007,0.9950,0,12.655,0.419,12.000,0.2717,6.151,-5.172,3.072,0.350,-25.000,-14.000,0.3004,0.6698,-2.041,-2.041,1.131,3.615,1.200,6.000,0.0064,2.579,nan,0.00,0,1,1,0,0,0.0000,0.000,0,0.000,0,0.000,0,0,hsv,,hsv,0,0,0,0.000,0,-1,0
1785651513.536,-1.345,5.581,151.007,0.9950,0,12.655,0.419,12.000,0.2717,6.151,-5.172,3.072,0.350,-25.000,-14.000,0.3004,0.6698,-2.041,-2.041,1.131,3.615,1.200,6.000,0.0064,2.579,nan,0.00,0,1,1,0,0,0.0000,0.000,0,0.000,0,0.000,0,0,hsv,,hsv,0,0,0,0.000,0,-1,0
1785651513.565,-2.567,5.587,150.035,0.9943,0,11.433,0.413,12.000,0.2719,6.151,-5.172,3.072,0.350,-25.000,-14.000,0.2702,0.6593,-2.071,-2.071,1.121,3.662,1.200,6.000,0.0064,2.686,nan,0.00,0,1,1,0,0,0.0000,0.000,0,0.000,0,0.000,0,0,hsv,,hsv,0,0,0,0.000,0,-1,0
1785651513.600,-3.793,5.572,149.071,0.9931,0,10.207,0.428,12.000,0.2722,6.151,-5.172,3.072,0.350,-25.000,-14.000,0.2357,0.6463,-2.106,-2.106,1.108,3.712,1.200,6.000,0.0064,2.794,nan,0.00,0,1,1,0,0,0.0000,0.000,0,0.000,0,0.000,0,0,hsv,,hsv,0,0,0,0.000,0,-1,0
1785651513.632,-5.054,5.531,147.974,0.9915,0,8.946,0.469,12.000,0.2727,6.151,-5.172,3.072,0.350,-25.000,-14.000,0.1949,0.6310,-2.147,-2.147,1.093,3.771,1.200,6.000,0.0064,2.906,nan,0.00,0,1,1,0,0,0.0000,0.000,0,0.000,0,0.000,1,0,hsv,,hsv,0,0,0,0.000,0,-1,0
1785651513.661,-6.015,5.478,146.925,0.9900,0,7.985,0.522,12.000,0.2731,6.151,-5.172,3.072,0.350,-25.000,-14.000,0.1594,0.6160,-2.182,-2.182,1.078,3.830,1.200,6.000,0.0064,2.993,nan,0.00,0,1,1,0,0,0.0000,0.000,0,0.000,0,0.000,0,0,hsv,,hsv,0,0,0,0.000,0,-1,0
1785651513.694,-6.775,5.422,146.029,0.9886,0,7.225,0.578,12.000,0.2735,6.151,-5.172,3.072,0.350,-25.000,-14.000,0.1297,0.6028,-2.212,-2.212,1.064,3.883,1.200,6.000,0.0064,3.063,nan,0.00,0,1,1,0,0,0.0000,0.000,0,0.000,0,0.000,1,0,hsv,,hsv,0,0,0,0.000,0,-1,0
1785651513.722,-7.490,5.358,145.118,0.9871,0,6.510,0.642,12.000,0.2739,6.151,-5.172,3.072,0.350,-25.000,-14.000,0.1002,0.5889,-2.241,-2.241,1.051,3.940,1.200,6.000,0.0064,3.129,nan,0.00,0,1,1,0,0,0.0000,0.000,0,0.000,0,0.000,0,0,hsv,,hsv,0,0,0,0.000,0,-1,0
1785651513.758,-7.490,5.358,145.118,0.9871,0,5.010,0.642,10.500,0.2739,nan,nan,nan,0.000,0.000,10.000,0.0000,1.0506,-2.241,-2.241,1.051,3.940,1.000,6.000,0.0064,3.035,nan,0.00,0,0,0,0,0,0.0000,0.000,0,0.000,0,0.000,0,0,,,FLYING,0,0,0,0.000,0,-1,0
1785651513.788,-8.216,5.280,144.098,0.9855,0,3.510,0.720,9.000,0.2870,11.055,9.930,2.046,0.350,25.000,14.000,-0.0000,-0.0000,-2.274,-2.274,1.035,4.006,1.200,6.000,0.0064,-0.414,nan,0.00,0,1,1,1,0,0.0000,0.000,0,0.000,0,0.000,0,0,hsv,,hsv,0,0,1,0.022,1,0,0
1785651513.835,-9.175,5.166,142.490,0.9832,0,2.010,0.834,7.500,0.2905,11.055,9.930,2.046,0.350,25.000,14.000,-0.0781,-0.0360,-2.352,-2.352,0.999,4.127,1.200,6.000,0.0065,-0.560,nan,0.00,0,1,1,0,0,0.0000,0.000,0,0.000,0,0.000,0,0,hsv,,hsv,0,0,1,0.027,1,0,0
1785651513.867,-9.539,5.123,141.844,0.9822,0,0.510,0.877,6.000,0.2916,11.055,9.930,2.046,0.350,25.000,14.000,-0.1192,-0.0585,-2.393,-2.393,0.976,4.182,1.200,6.000,0.0065,-0.616,nan,0.00,0,1,1,0,0,0.0000,0.000,0,0.000,0,0.000,0,0,hsv,,hsv,0,0,1,0.035,1,0,0
1785651513.899,-9.779,5.102,141.287,0.9816,0,-0.990,0.898,4.500,0.2914,11.055,9.930,2.046,0.350,25.000,14.000,-0.1635,-0.0925,-2.437,-2.437,0.942,4.236,1.200,6.000,0.0066,-0.655,nan,0.00,0,1,1,0,0,0.0000,0.000,0,0.000,0,0.000,0,0,hsv,,hsv,0,0,1,0.023,0,0,0
1785651513.945,-9.757,5.120,140.915,0.9816,0,-2.490,0.880,3.000,0.2894,11.055,9.930,2.046,0.350,25.000,14.000,-0.2181,-0.1386,-2.492,-2.492,0.896,4.285,1.200,6.000,0.0067,-0.654,nan,0.00,0,1,1,0,0,0.0000,0.000,0,0.000,0,0.000,0,0,hsv,,hsv,0,0,1,0.012,0,0,0
1785651513.975,-9.572,5.161,140.658,0.9821,0,-3.990,0.839,1.500,0.2862,11.055,9.930,2.046,0.350,25.000,14.000,-0.2797,-0.1901,-2.553,-2.553,0.845,4.331,1.200,6.000,0.0067,-0.629,nan,0.00,0,1,1,0,0,0.0000,0.000,0,0.000,0,0.000,0,0,hsv,,hsv,0,0,1,0.000,0,-1,0
1785651514.008,-9.572,5.161,140.658,0.9821,0,-5.490,0.839,0.000,0.2862,11.055,9.930,2.046,0.350,25.000,14.000,-0.2797,-0.1901,-2.553,-2.553,0.845,4.331,1.200,6.000,0.0068,-0.629,nan,0.00,0,1,1,0,0,0.0000,0.000,0,0.000,0,0.000,2,0,hsv,,hsv,0,0,0,0.000,0,-1,0
1785651514.035,-9.216,5.222,140.519,0.9830,0,-6.990,0.778,-1.500,0.2821,11.055,9.930,2.046,0.350,25.000,14.000,-0.3479,-0.2429,-2.621,-2.621,0.792,4.374,1.200,6.000,0.0068,-0.578,nan,0.00,0,1,1,0,0,0.0000,0.000,0,0.000,0,0.000,0,0,hsv,,hsv,0,0,0,0.000,0,-1,0
1785651514.070,-8.619,5.297,140.581,0.9845,0,-8.490,0.703,-3.000,0.2770,11.055,9.930,2.046,0.350,25.000,14.000,-0.4140,-0.2857,-2.687,-2.687,0.749,4.404,1.200,6.000,0.0069,-0.488,nan,0.00,0,1,1,0,0,0.0000,0.000,0,0.000,0,0.000,0,0,hsv,,hsv,0,0,0,0.000,0,-1,0
1785651514.103,-7.892,5.392,140.824,0.9861,0,-9.990,0.608,-4.500,0.2717,11.055,9.930,2.046,0.350,25.000,14.000,-0.4848,-0.3193,-2.758,-2.758,0.715,4.424,1.200,6.000,0.0069,-0.378,nan,0.00,0,1,1,0,0,0.0000,0.000,0,0.000,0,0.000,0,0,hsv,,hsv,0,0,0,0.000,0,-1,0
1785651514.134,-7.013,5.492,141.183,0.9880,0,-11.490,0.508,-6.000,0.2883,1.671,0.479,0.600,0.097,15.996,6.093,-0.0000,0.6929,-2.830,-2.830,0.693,4.438,1.200,6.000,0.0069,-0.367,nan,0.00,0,1,0,1,0,0.0000,0.000,0,0.000,0,0.000,0,0,hsv,,hsv,0,0,0,0.000,0,-1,0
1785651514.164,-6.026,5.584,141.611,0.9898,0,-12.096,0.416,-7.500,0.3050,1.758,0.480,0.589,0.103,15.275,6.070,0.6632,0.6744,-2.898,-2.429,0.674,4.447,1.200,6.000,0.0069,-0.356,nan,0.00,0,1,0,1,0,0.0000,0.000,0,0.000,0,0.000,0,0,hsv,,hsv,0,0,0,0.000,0,-1,0
1785651514.196,-6.026,5.584,141.611,0.9898,0,-12.641,0.416,-9.000,0.3149,2.073,0.511,0.607,0.121,13.841,6.616,1.5561,0.6744,-2.898,-2.315,0.674,4.447,1.200,6.000,0.0069,-0.345,nan,0.00,0,1,0,1,0,0.0000,0.000,0,0.000,0,0.000,1,0,hsv,,hsv,0,0,0,0.000,0,-1,0
1785651514.223,-4.873,5.679,142.227,0.9915,0,-12.825,0.321,-10.500,0.3127,2.073,0.511,0.607,0.121,13.841,7.953,-0.6557,0.6469,-2.971,-2.971,0.647,4.448,1.200,6.000,0.0069,-0.335,nan,0.00,0,1,0,0,0,0.0000,0.000,0,0.000,0,0.000,0,0,hsv,,hsv,0,0,0,0.000,0,-1,0
1785651514.258,-3.722,5.767,142.933,0.9928,0,-11.481,0.233,-10.737,0.2961,2.551,0.484,0.572,0.149,10.737,7.758,2.0734,-0.0000,-3.040,-2.142,0.605,4.440,1.200,6.000,0.0069,0.280,nan,0.00,0,1,1,1,0,0.0000,0.000,0,0.000,0,0.000,0,0,hsv,,hsv,0,0,0,0.000,0,-1,0
1785651514.289,-2.502,5.841,143.790,0.9939,0,-10.854,0.159,-9.237,0.3127,3.091,0.453,0.528,0.180,8.336,8.352,3.2372,2.0000,-3.113,-2.123,0.541,4.424,1.200,6.000,0.0069,0.191,nan,0.00,0,1,1,1,0,0.0000,0.000,0,0.000,0,0.000,1,0,hsv,,hsv,0,0,0,0.000,0,-1,0
1785651514.321,-1.495,5.888,144.577,0.9944,0,-12.354,0.112,-8.336,0.2961,3.091,0.453,0.528,0.180,8.336,12.220,-1.0529,-0.0759,-3.176,-3.176,0.465,4.409,1.200,6.000,0.0069,0.196,nan,0.00,0,1,1,0,0,0.0000,0.000,0,0.000,0,0.000,0,0,hsv,,hsv,0,0,0,0.000,0,-1,0
1785651514.351,-0.319,5.911,145.233,0.9947,0,-12.578,0.089,-8.336,0.2794,3.091,0.453,0.528,0.180,8.336,12.259,-1.0961,-0.1555,-3.219,-3.219,0.385,4.401,1.200,6.000,0.0068,0.205,nan,0.00,0,1,1,0,0,0.0000,0.000,0,0.000,0,0.000,1,0,hsv,,hsv,0,0,0,0.000,0,-1,0
1785651514.399,0.929,5.915,145.902,0.9945,0,-11.078,0.085,-6.836,0.2961,11.706,0.144,0.069,0.350,0.703,8.884,-0.0000,-0.0000,-3.255,-3.255,0.320,4.392,1.200,6.000,0.0068,-1.135,nan,0.00,0,1,1,1,0,0.0000,0.000,0,0.000,0,0.000,0,0,hsv,,hsv,0,0,0,0.000,0,-1,0
1785651514.430,2.162,5.911,146.579,0.9940,0,-9.578,0.089,-5.336,0.3066,11.706,0.144,0.069,0.350,0.703,8.954,-0.0000,-0.0000,-3.283,-3.283,0.257,4.386,1.200,6.000,0.0068,-1.132,nan,0.00,0,1,1,1,0,0.0000,0.000,0,0.000,0,0.000,1,0,hsv,,hsv,0,0,0,0.000,0,-1,0
1785651514.457,2.162,5.911,146.579,0.9940,0,-8.078,0.089,-3.836,0.3066,11.706,0.144,0.069,0.350,0.703,8.954,-0.0000,-0.0000,-3.283,-3.283,0.257,4.386,1.200,6.000,0.0068,-1.132,nan,0.00,0,1,1,1,0,0.0000,0.000,0,0.000,0,0.000,0,0,hsv,,hsv,0,0,0,0.000,0,-1,0
1785651514.491,3.137,5.902,147.041,0.9932,0,-6.578,0.098,-2.336,0.3067,11.706,0.144,0.069,0.350,0.703,8.977,-0.0000,-0.0000,-3.292,-3.292,0.205,4.388,1.200,6.000,0.0068,-1.127,nan,0.00,0,1,1,1,0,0.0000,0.000,0,0.000,0,0.000,0,0,hsv,,hsv,0,0,0,0.000,0,-1,0
1785651514.523,3.919,5.894,147.352,0.9924,0,-5.078,0.106,-0.836,0.3133,1.037,-0.182,0.393,0.061,-9.952,3.782,-0.0000,0.1617,-3.289,-3.289,0.162,4.397,1.200,6.000,0.0068,-1.094,nan,0.00,0,1,0,1,0,0.0000,0.000,0,0.000,0,0.000,1,0,hsv,,hsv,0,0,0,0.000,0,-1,0
1785651514.554,4.528,5.892,147.542,0.9916,0,-3.578,0.108,0.664,0.3104,1.009,-0.131,0.366,0.059,-7.376,3.537,-1.0562,0.1145,-3.277,-2.348,0.114,4.412,1.200,6.000,0.0068,-1.061,nan,0.00,0,1,0,1,0,0.0000,0.000,0,0.000,0,0.000,0,0,hsv,,hsv,0,0,0,0.000,0,-1,0
1785651514.584,4.861,5.905,147.526,0.9911,0,-2.078,0.095,2.164,0.3064,1.009,-0.131,0.366,0.059,-7.376,3.943,-0.9020,0.0432,-3.250,-3.250,0.043,4.439,1.200,6.000,0.0068,-1.029,nan,0.00,0,1,0,0,0,0.0000,0.000,0,0.000,0,0.000,0,0,hsv,,hsv,0,0,0,0.000,0,-1,0
1785651514.615,4.861,5.905,147.526,0.9911,0,-0.578,0.095,3.664,0.3054,1.009,-0.131,0.366,0.059,-7.376,3.943,-0.9020,0.0432,-3.250,-3.250,0.043,4.439,1.200,6.000,0.0068,-0.998,nan,0.00,0,1,0,0,0,0.0000,0.000,0,0.000,0,0.000,1,0,hsv,,hsv,0,0,0,0.000,0,-1,0
1785651514.648,5.056,5.936,147.295,0.9908,0,0.922,0.064,5.164,0.3009,1.009,-0.131,0.366,0.059,-7.376,3.930,-0.8596,-0.0382,-3.208,-3.208,-0.038,4.480,1.200,6.000,0.0068,-0.968,nan,0.00,0,1,0,0,0,0.0000,0.000,0,0.000,0,0.000,0,0,hsv,,hsv,0,0,0,0.000,0,-1,0
1785651514.678,5.100,5.974,146.979,0.9906,0,-0.578,0.026,6.664,0.2965,1.961,-0.437,0.177,0.114,-12.568,7.149,-0.0000,-0.1166,-3.162,-3.162,-0.117,4.524,1.200,6.000,0.0068,-0.939,nan,0.00,0,1,0,1,0,0.0000,0.000,0,0.000,0,0.000,0,0,hsv,,hsv,0,0,0,0.000,0,-1,0
1785651514.710,4.994,6.018,146.557,0.9907,0,-2.034,-0.018,8.164,0.2924,1.961,-0.437,0.177,0.114,-12.568,7.028,-0.0000,-0.1888,-3.111,-3.111,-0.189,4.573,1.200,6.000,0.0068,-0.911,nan,0.00,0,1,0,1,0,0.0000,0.000,0,0.000,0,0.000,1,0,hsv,,hsv,0,0,0,0.000,0,-1,0
1785651514.738,5.161,6.082,145.855,0.9903,0,-1.508,-0.082,9.664,0.2888,1.961,-0.437,0.177,0.114,-12.568,6.669,-0.0000,-0.2515,-3.033,-3.033,-0.252,4.637,1.200,6.000,0.0068,-0.884,nan,0.00,0,1,0,1,0,0.0000,0.000,0,0.000,0,0.000,0,0,hsv,,hsv,0,0,0,0.000,0,-1,0
1785651514.774,5.229,6.148,145.037,0.9901,0,-1.054,-0.148,11.164,0.2861,1.961,-0.437,0.177,0.114,-12.568,6.283,-0.0000,-0.2950,-2.947,-2.947,-0.295,4.705,1.200,6.000,0.0068,-0.857,nan,0.00,0,1,0,1,0,0.0000,0.000,0,0.000,0,0.000,0,0,hsv,,hsv,0,0,0,0.000,0,-1,0
1785651514.805,5.231,6.218,144.144,0.9900,0,-0.938,-0.218,9.664,0.2841,2.229,-0.315,0.119,0.130,-8.047,6.169,-1.7587,-0.3240,-2.855,-1.996,-0.324,4.775,1.200,6.000,0.0068,-0.831,nan,0.00,0,1,0,1,0,0.0000,0.000,0,0.000,0,0.000,0,0,hsv,,hsv,0,0,0,0.000,0,-1,0
1785651514.850,5.237,6.276,143.310,0.9899,0,-2.438,-0.276,8.164,0.2825,2.229,-0.315,0.119,0.130,-8.047,8.060,-0.7700,-0.3412,-2.766,-2.766,-0.341,4.842,1.200,6.000,0.0068,-0.806,nan,0.00,0,1,0,0,0,0.0000,0.000,0,0.000,0,0.000,0,0,hsv,,hsv,0,0,0,0.000,0,-1,0
1785651514.882,5.424,6.314,142.607,0.9895,0,-2.194,-0.314,8.047,0.2815,2.229,-0.315,0.119,0.130,-8.047,7.617,-0.6858,-0.3504,-2.682,-2.682,-0.350,4.905,1.200,6.000,0.0068,-0.782,nan,0.00,0,1,0,0,0,0.0000,0.000,0,0.000,0,0.000,0,0,hsv,,hsv,0,0,0,0.000,0,-1,0
1785651514.910,5.424,6.314,142.607,0.9895,0,-2.194,-0.314,8.047,0.2808,2.229,-0.315,0.119,0.130,-8.047,7.617,-0.6858,-0.3504,-2.682,-2.682,-0.350,4.905,1.200,6.000,0.0068,-0.759,nan,0.00,0,1,0,0,0,0.0000,0.000,0,0.000,0,0.000,1,0,hsv,,hsv,0,0,0,0.000,0,-1,0
1785651514.944,5.584,6.355,141.828,0.9891,0,-1.533,-0.355,8.047,0.2799,2.229,-0.315,0.119,0.130,-8.047,7.116,-0.5893,-0.3574,-2.585,-2.585,-0.357,4.976,1.200,6.000,0.0068,-0.736,nan,0.00,0,1,0,0,0,0.0000,0.000,0,0.000,0,0.000,0,0,hsv,,hsv,0,0,0,0.000,0,-1,0
1785651514.976,5.654,6.392,141.110,0.9889,0,-1.010,-0.392,8.047,0.2790,2.229,-0.315,0.119,0.130,-8.047,6.663,-0.5006,-0.3628,-2.497,-2.497,-0.363,5.038,1.200,6.000,0.0068,-0.714,nan,0.00,0,1,0,0,0,0.0000,0.000,0,0.000,0,0.000,0,0,hsv,,hsv,0,0,0,0.000,0,-1,0
1785651515.008,5.676,6.426,140.377,0.9888,0,-0.524,-0.426,8.047,0.2781,2.229,-0.315,0.119,0.130,-8.047,6.200,-0.4088,-0.3684,-2.405,-2.405,-0.368,5.102,1.200,6.000,0.0068,-0.693,nan,0.00,0,1,0,0,0,0.0000,0.000,0,0.000,0,0.000,0,0,hsv,,hsv,0,0,0,0.000,0,-1,0
1785651515.039,5.676,6.426,140.377,0.9888,0,-0.524,-0.426,8.047,0.2775,2.229,-0.315,0.119,0.130,-8.047,6.200,-0.4088,-0.3684,-2.405,-2.405,-0.368,5.102,1.200,6.000,0.0068,-0.672,nan,0.00,0,1,0,0,0,0.0000,0.000,0,0.000,0,0.000,0,0,hsv,,hsv,0,0,0,0.000,0,-1,0
1785651515.070,5.656,6.455,139.689,0.9888,0,-0.109,-0.455,8.047,0.2767,2.229,-0.315,0.119,0.130,-8.047,5.765,-0.3214,-0.3738,-2.317,-2.317,-0.374,5.162,1.200,6.000,0.0068,-0.652,nan,0.00,0,1,0,0,0,0.0000,0.000,0,0.000,0,0.000,0,0,hsv,,hsv,0,0,0,0.000,0,-1,0
1785651515.098,5.576,6.487,138.810,0.9889,0,0.361,-0.487,8.047,0.2758,2.229,-0.315,0.119,0.130,-8.047,5.215,-0.2097,-0.3795,-2.206,-2.206,-0.380,5.238,1.200,6.000,0.0068,-0.632,nan,0.00,0,1,0,0,0,0.0000,0.000,0,0.000,0,0.000,0,0,hsv,,hsv,0,0,0,0.000,0,-1,0
1785651515.130,5.576,6.487,138.810,0.9889,0,0.085,-0.487,9.547,0.2792,3.028,-0.607,0.229,0.177,-11.341,5.491,-0.0000,-0.0000,-2.206,-2.206,-0.380,5.238,1.200,6.000,0.0069,-0.174,nan,0.00,0,1,1,1,0,0.0000,0.000,0,0.000,0,0.000,0,0,hsv,,hsv,0,0,0,0.000,0,-1,0
1785651515.159,5.445,6.512,137.965,0.9891,0,0.676,-0.512,11.047,0.2789,3.028,-0.607,0.229,0.177,-11.341,4.769,0.1071,-0.0043,-2.099,-2.099,-0.384,5.310,1.200,6.000,0.0069,-0.174,nan,0.00,0,1,1,0,0,0.0000,0.000,0,0.000,0,0.000,0,0,hsv,,hsv,0,0,0,0.000,0,-1,0
1785651515.194,5.276,6.552,136.992,0.9893,0,1.256,-0.552,11.341,0.2787,3.028,-0.607,0.229,0.177,-11.341,4.020,0.2216,-0.0089,-1.984,-1.984,-0.388,5.380,1.200,6.000,0.0069,-0.174,nan,0.00,0,1,1,0,0,0.0000,0.000,0,0.000,0,0.000,0,0,hsv,,hsv,0,0,0,0.000,0,-1,0
1785651515.226,5.040,6.595,135.923,0.9895,0,2.756,-0.595,11.006,0.2954,3.161,-0.615,0.046,0.184,-11.006,1.285,-0.1848,1.9734,-1.861,-1.290,-0.394,5.451,1.200,6.000,0.0069,-0.371,nan,0.00,0,1,1,1,0,0.0000,0.000,0,0.000,0,0.000,0,0,hsv,,hsv,0,0,0,0.000,0,-1,0
1785651515.258,4.717,6.618,135.055,0.9900,0,1.256,-0.618,11.006,0.2845,3.161,-0.615,0.046,0.184,-11.006,3.726,-0.4717,-0.0099,-1.762,-1.762,-0.404,5.510,1.200,6.000,0.0070,-0.369,nan,0.00,0,1,1,0,0,0.0000,0.000,0,0.000,0,0.000,0,0,hsv,,hsv,0,0,0,0.000,0,-1,0
1785651515.291,4.717,6.618,135.055,0.9900,0,0.990,-0.618,11.006,0.2845,3.161,-0.615,0.046,0.184,-11.006,3.726,-0.4717,-0.0099,-1.762,-1.762,-0.404,5.510,1.200,6.000,0.0070,-0.369,nan,0.00,0,1,1,0,0,0.0000,0.000,0,0.000,0,0.000,1,0,hsv,,hsv,0,0,0,0.000,0,-1,0
1785651515.317,4.511,6.634,134.209,0.9902,0,1.424,-0.634,11.006,0.2837,3.161,-0.615,0.046,0.184,-11.006,3.087,-0.3731,-0.0250,-1.663,-1.663,-0.419,5.569,1.200,6.000,0.0070,-0.368,nan,0.00,0,1,1,0,0,0.0000,0.000,0,0.000,0,0.000,0,0,hsv,,hsv,0,0,0,0.000,0,-1,0
1785651515.352,4.345,6.647,133.361,0.9904,0,1.889,-0.647,11.006,0.2828,3.161,-0.615,0.046,0.184,-11.006,2.457,-0.2743,-0.0443,-1.565,-1.565,-0.438,5.626,1.200,6.000,0.0071,-0.367,nan,0.00,0,1,1,0,0,0.0000,0.000,0,0.000,0,0.000,0,0,hsv,,hsv,0,0,0,0.000,0,-1,0
1785651515.384,4.135,6.656,132.523,0.9907,0,2.289,-0.656,11.006,0.2818,3.161,-0.615,0.046,0.184,-11.006,1.846,-0.1770,-0.0648,-1.467,-1.467,-0.459,5.681,1.200,6.000,0.0071,-0.365,nan,0.00,0,1,1,0,0,0.0000,0.000,0,0.000,0,0.000,0,0,hsv,,hsv,0,0,0,0.000,0,-1,0
1785651515.414,3.886,6.661,131.689,0.9910,0,2.636,-0.661,11.006,0.2807,3.161,-0.615,0.046,0.184,-11.006,1.250,-0.0805,-0.0862,-1.371,-1.371,-0.480,5.735,1.200,6.000,0.0072,-0.363,nan,0.00,0,1,1,0,0,0.0000,0.000,0,0.000,0,0.000,1,0,hsv,,hsv,0,0,0,0.000,0,-1,0
1785651515.453,3.570,6.660,130.836,0.9913,0,2.917,-0.660,11.006,0.2797,3.161,-0.615,0.046,0.184,-11.006,0.654,0.0174,-0.1043,-1.273,-1.273,-0.498,5.790,1.200,6.000,0.0072,-0.359,nan,0.00,0,1,1,0,0,0.0000,0.000,0,0.000,0,0.000,0,0,hsv,,hsv,0,0,0,0.000,0,-1,0
1785651515.485,3.253,6.654,129.988,0.9917,0,3.179,-0.654,11.006,0.2789,3.161,-0.615,0.046,0.184,-11.006,0.074,0.1141,-0.1189,-1.176,-1.176,-0.513,5.844,1.200,6.000,0.0072,-0.356,nan,0.00,0,1,1,0,0,0.0000,0.000,0,0.000,0,0.000,1,0,hsv,,hsv,0,0,0,0.000,0,-1,0
1785651515.523,2.925,6.644,129.158,0.9920,0,3.405,-0.644,11.006,0.2782,3.161,-0.615,0.046,0.184,-11.006,-0.479,0.2079,-0.1303,-1.082,-1.082,-0.524,5.895,1.200,6.000,0.0073,-0.352,nan,0.00,0,1,1,0,0,0.0000,0.000,0,0.000,0,0.000,0,0,hsv,,hsv,0,0,0,0.000,0,-1,0
1785651515.555,2.621,6.632,128.437,0.9923,0,3.570,-0.632,11.006,0.2776,3.161,-0.615,0.046,0.184,-11.006,-0.950,0.2888,-0.1383,-1.001,-1.001,-0.532,5.940,1.200,6.000,0.0073,-0.348,nan,0.00,0,1,1,0,0,0.0000,0.000,0,0.000,0,0.000,0,0,hsv,,hsv,0,0,0,0.000,0,-1,0
1785651515.588,2.242,6.613,127.591,0.9926,0,3.728,-0.613,11.006,0.2771,3.161,-0.615,0.046,0.184,-11.006,-1.487,0.3824,-0.1459,-0.908,-0.908,-0.540,5.991,1.200,6.000,0.0073,-0.343,nan,0.00,0,1,1,0,0,0.0000,0.000,0,0.000,0,0.000,0,0,hsv,,hsv,0,0,0,0.000,0,-1,0
1785651515.617,1.851,6.590,126.747,0.9929,0,3.858,-0.590,11.006,0.2766,3.161,-0.615,0.046,0.184,-11.006,-2.007,0.4747,-0.1528,-0.816,-0.816,-0.547,6.042,1.200,6.000,0.0074,-0.337,nan,0.00,0,1,1,0,0,0.0000,0.000,0,0.000,0,0.000,1,0,hsv,,hsv,0,0,0,0.000,0,-1,0
1785651515.644,1.453,6.565,125.937,0.9931,0,3.945,-0.565,11.006,0.2761,3.161,-0.615,0.046,0.184,-11.006,-2.492,0.5619,-0.1582,-0.728,-0.728,-0.552,6.089,1.200,6.000,0.0074,-0.331,nan,0.00,0,1,1,0,0,0.0000,0.000,0,0.000,0,0.000,0,0,hsv,,hsv,0,0,0,0.000,0,-1,0
1785651515.674,1.048,6.537,125.130,0.9933,0,4.010,-0.537,11.006,0.2757,3.161,-0.615,0.046,0.184,-11.006,-2.962,0.6477,-0.1625,-0.643,-0.643,-0.557,6.136,1.200,6.000,0.0074,-0.326,nan,0.00,0,1,1,0,0,0.0000,0.000,0,0.000,0,0.000,0,0,hsv,,hsv,0,0,0,0.000,0,-1,0
1785651515.712,0.630,6.504,124.306,0.9935,0,2.510,-0.504,9.506,0.2591,nan,nan,nan,0.000,0.000,4.452,0.0000,-0.5602,-0.557,-0.557,-0.560,6.183,1.000,6.000,0.0074,-0.316,nan,0.00,0,0,0,0,0,0.0000,0.000,0,0.000,0,0.000,0,0,,,FLYING,0,0,0,0.000,0,-1,0
1785651515.741,0.329,6.469,123.548,0.9936,0,1.010,-0.469,8.006,0.2574,nan,nan,nan,0.000,0.000,3.824,0.0000,-0.5527,-0.478,-0.478,-0.553,6.230,1.000,6.000,0.0074,-0.306,nan,0.00,0,0,0,0,0,0.0000,0.000,0,0.000,0,0.000,0,0,,,FLYING,0,0,0,0.000,0,-1,0
1785651515.770,0.188,6.439,123.026,0.9937,0,-0.490,-0.439,6.506,0.2579,nan,nan,nan,0.000,0.000,3.391,0.0000,-0.5359,-0.424,-0.424,-0.536,6.268,1.000,6.000,0.0074,-0.297,nan,0.00,0,0,0,0,0,0.0000,0.000,0,0.000,0,0.000,0,0,,,FLYING,0,0,0,0.000,0,-1,0
1785651515.799,0.114,6.402,122.490,0.9938,0,-1.990,-0.402,5.006,0.2590,nan,nan,nan,0.000,0.000,2.945,0.0000,-0.5038,-0.368,-0.368,-0.504,6.312,1.000,6.000,0.0074,-0.288,nan,0.00,0,0,0,0,0,0.0000,0.000,0,0.000,0,0.000,0,0,,,FLYING,0,0,0,0.000,0,-1,0
1785651515.833,2.292,11.546,156.406,0.9790,0,-3.490,-1.902,3.506,0.2613,nan,nan,nan,0.000,0.000,10.000,0.0000,-0.5333,-3.802,-3.802,-0.533,5.006,1.000,6.000,0.0074,-0.280,nan,0.00,0,0,0,0,0,0.0000,0.000,0,0.000,0,0.000,0,0,,,FLYING,0,0,0,0.000,0,-1,0
1785651515.863,7.874,8.363,177.690,0.9800,0,-2.126,-2.363,2.006,0.2540,nan,nan,nan,0.000,0.000,10.000,0.0000,-0.6797,-5.313,-5.313,-0.680,3.304,1.000,6.000,0.0074,-0.271,nan,0.00,0,0,0,0,0,0.0000,0.000,0,0.000,0,0.000,0,0,,,FLYING,0,0,0,0.000,0,-1,0
1785651515.897,9.981,6.001,-174.318,0.9795,0,-0.626,-3.863,0.506,0.2406,nan,nan,nan,0.000,0.000,10.000,0.0000,-0.9707,-5.684,-5.684,-0.971,2.509,1.000,-2.500,0.0074,-0.263,nan,0.00,0,0,0,0,0,0.0000,0.000,0,0.000,0,0.000,0,0,,,FLYING,0,0,0,0.000,0,-1,0
1785651515.929,10.205,5.618,-175.878,0.9795,0,0.205,-5.363,0.000,0.2269,nan,nan,nan,0.000,0.000,10.000,0.0000,-1.2630,-5.581,-5.581,-1.263,2.626,1.000,-2.500,0.0074,-0.255,nan,0.00,0,0,0,0,0,0.0000,0.000,0,0.000,0,0.000,0,0,,,FLYING,0,0,0,0.000,0,0,0
1785651515.973,10.327,5.475,-178.974,0.9793,0,0.327,-3.863,0.000,0.2158,nan,nan,nan,0.000,0.000,10.000,0.0000,-1.5000,-5.400,-5.400,-1.517,2.866,1.000,3.000,0.0074,-0.248,nan,0.00,0,0,0,0,0,0.0000,0.000,0,0.000,0,0.000,0,0,,,FLYING,0,0,0,0.000,0,0,0
1785651516.009,10.688,4.699,-178.747,0.9793,0,0.688,-5.363,0.000,0.2156,nan,nan,nan,0.000,0.000,10.000,0.0000,-1.5000,-5.353,-5.353,-1.646,2.778,1.000,-2.500,0.0074,-0.240,nan,0.00,0,0,0,0,0,0.0000,0.000,0,0.000,0,0.000,0,0,,,FLYING,0,0,0,0.000,0,0,0
1785651516.036,10.917,3.752,-178.105,0.9798,0,0.917,-6.252,0.000,0.2153,nan,nan,nan,0.000,0.000,10.000,0.0000,-1.5000,-5.326,-5.326,-1.570,2.651,1.000,-2.500,0.0074,-0.233,nan,0.00,0,0,0,0,0,0.0000,0.000,0,0.000,0,0.000,0,0,,,FLYING,0,0,0,0.000,0,0,0
1785651516.069,10.917,3.752,-178.105,0.9798,0,0.917,-6.252,0.000,0.2150,nan,nan,nan,0.000,0.000,10.000,0.0000,-1.5000,-5.326,-5.326,-1.570,2.651,1.000,-2.500,0.0074,-0.226,nan,0.00,0,0,0,0,0,0.0000,0.000,0,0.000,0,0.000,0,0,,,FLYING,0,0,0,0.000,0,0,0
1785651516.096,11.043,2.989,-178.406,0.9801,0,1.043,-4.752,0.000,0.2234,nan,nan,nan,0.000,0.000,10.000,0.0000,-1.3120,-5.259,-5.259,-1.312,2.620,1.000,-1.716,0.0074,-0.219,nan,0.00,0,0,0,0,0,0.0000,0.000,0,0.000,0,0.000,0,0,,,FLYING,0,0,0,0.000,0,0,0
1785651516.131,11.146,2.359,-178.721,0.9803,0,1.146,-3.252,0.000,0.2377,nan,nan,nan,0.000,0.000,10.000,0.0000,-0.9948,-5.186,-5.186,-0.995,2.600,1.000,-0.861,0.0074,-0.213,nan,0.00,0,0,0,0,0,0.0000,0.000,0,0.000,0,0.000,0,0,,,FLYING,0,0,0,0.000,0,0,0
1785651516.163,11.227,1.795,-178.831,0.9804,0,1.227,-2.201,0.000,0.2501,nan,nan,nan,0.000,0.000,10.000,0.0000,-0.7197,-5.120,-5.120,-0.720,2.569,1.000,-0.406,0.0074,-0.206,nan,0.00,0,0,0,0,0,0.0000,0.000,0,0.000,0,0.000,2,0,,,FLYING,0,0,0,0.000,0,-1,0
1785651516.186,11.227,1.795,-178.831,0.9804,0,1.227,-1.502,0.000,0.2499,nan,nan,nan,0.000,0.000,10.000,0.0000,-0.7197,-5.120,-5.120,-0.720,2.569,1.000,0.293,0.0074,-0.200,nan,0.00,0,0,0,0,0,0.0000,0.000,0,0.000,0,0.000,0,0,,,FLYING,0,0,0,0.000,0,-1,0
1785651516.205,11.254,1.430,-178.868,0.9805,0,1.254,-0.975,0.000,0.2555,nan,nan,nan,0.000,0.000,10.000,0.0000,-0.5947,-5.061,-5.061,-0.595,2.545,1.000,0.455,0.0074,-0.194,nan,0.00,0,0,0,0,0,0.0000,0.000,0,0.000,0,0.000,0,0,,,FLYING,0,0,0,0.000,0,-1,0
1785651516.240,11.275,1.084,-178.919,0.9805,0,1.275,-0.472,0.000,0.2594,nan,nan,nan,0.000,0.000,10.000,0.0000,-0.5056,-5.003,-5.003,-0.506,2.525,1.000,0.612,0.0074,-0.188,nan,0.00,0,0,0,0,0,0.0000,0.000,0,0.000,0,0.000,0,0,,,FLYING,0,0,0,0.000,0,-1,0
1785651516.267,11.256,0.914,-178.959,0.9806,0,1.256,-0.186,0.000,0.2621,nan,nan,nan,0.000,0.000,10.000,0.0000,-0.4410,-4.941,-4.941,-0.441,2.507,1.000,0.728,0.0074,-0.183,nan,0.00,0,0,0,0,0,0.0000,0.000,0,0.000,0,0.000,0,0,,,FLYING,0,0,0,0.000,0,-1,0
1785651516.303,11.256,0.914,-178.959,0.9806,0,1.256,0.125,0.000,0.2620,nan,nan,nan,0.000,0.000,10.000,0.0000,-0.4410,-4.941,-4.941,-0.441,2.507,1.000,1.039,0.0074,-0.177,nan,0.00,0,0,0,0,0,0.0000,0.000,0,0.000,0,0.000,0,0,,,FLYING,0,0,0,0.000,0,-1,0
1785651516.334,11.221,0.782,-178.979,0.9808,0,1.221,0.225,0.000,0.2642,nan,nan,nan,0.000,0.000,10.000,0.0000,-0.3876,-4.880,-4.880,-0.388,2.488,1.000,1.008,0.0074,-0.172,nan,0.00,0,0,0,0,0,0.0000,0.000,0,0.000,0,0.000,2,0,,,FLYING,0,0,0,0.000,0,-1,0
1785651516.361,11.167,0.707,-178.995,0.9810,0,1.167,0.251,0.000,0.2663,nan,nan,nan,0.000,0.000,10.000,0.0000,-0.3385,-4.814,-4.814,-0.339,2.468,1.000,0.958,0.0074,-0.167,nan,0.00,0,0,0,0,0,0.0000,0.000,0,0.000,0,0.000,0,0,,,FLYING,0,0,0,0.000,0,-1,0
1785651516.394,11.167,0.707,-178.995,0.9810,0,1.167,0.465,0.000,0.2661,nan,nan,nan,0.000,0.000,10.000,0.0000,-0.3385,-4.814,-4.814,-0.339,2.468,1.000,1.171,0.0074,-0.162,nan,0.00,0,0,0,0,0,0.0000,0.000,0,0.000,0,0.000,0,0,,,FLYING,0,0,0,0.000,0,-1,0
1785651516.427,11.115,0.655,-179.006,0.9812,0,1.115,0.459,0.000,0.2674,nan,nan,nan,0.000,0.000,10.000,0.0000,-0.3060,-4.760,-4.760,-0.306,2.452,1.000,1.114,0.0074,-0.157,nan,0.00,0,0,0,0,0,0.0000,0.000,0,0.000,0,0.000,0,0,,,FLYING,0,0,0,0.000,0,-1,0
1785651516.458,11.059,0.634,-179.010,0.9814,0,1.059,0.448,0.000,0.2683,nan,nan,nan,0.000,0.000,10.000,0.0000,-0.2824,-4.713,-4.713,-0.282,2.438,1.000,1.082,0.0074,-0.152,nan,0.00,0,0,0,0,0,0.0000,0.000,0,0.000,0,0.000,0,0,,,FLYING,0,0,0,0.000,0,-1,0
1785651516.486,11.005,0.622,-179.012,0.9816,0,1.005,0.431,0.000,0.2690,nan,nan,nan,0.000,0.000,10.000,0.0000,-0.2631,-4.667,-4.667,-0.263,2.425,1.000,1.053,0.0074,-0.147,nan,0.00,0,0,0,0,0,0.0000,0.000,0,0.000,0,0.000,0,0,,,FLYING,0,0,0,0.000,0,-1,0
1785651516.520,10.946,0.614,-179.014,0.9817,0,0.946,0.400,0.000,0.2696,nan,nan,nan,0.000,0.000,10.000,0.0000,-0.2461,-4.619,-4.619,-0.246,2.410,1.000,1.013,0.0074,-0.143,nan,0.00,0,0,0,0,0,0.0000,0.000,0,0.000,0,0.000,0,0,,,FLYING,0,0,0,0.000,0,-1,0
1785651516.549,10.946,0.614,-179.014,0.9817,0,0.946,0.553,0.000,0.2694,nan,nan,nan,0.000,0.000,10.000,0.0000,-0.2461,-4.619,-4.619,-0.246,2.410,1.000,1.167,0.0074,-0.139,nan,0.00,0,0,0,0,0,0.0000,0.000,0,0.000,0,0.000,0,0,,,FLYING,0,0,0,0.000,0,-1,0
1785651516.578,10.884,0.611,-179.014,0.9820,0,0.884,0.469,0.000,0.2699,nan,nan,nan,0.000,0.000,10.000,0.0000,-0.2315,-4.570,-4.570,-0.232,2.395,1.000,1.080,0.0074,-0.135,nan,0.00,0,0,0,0,0,0.0000,0.000,0,0.000,0,0.000,0,0,,,FLYING,0,0,0,0.000,0,-1,0
1785651516.616,10.819,0.629,-179.011,0.9822,0,0.819,0.387,0.000,0.2703,nan,nan,nan,0.000,0.000,10.000,0.0000,-0.2196,-4.526,-4.526,-0.220,2.381,1.000,1.016,0.0074,-0.131,nan,0.00,0,0,0,0,0,0.0000,0.000,0,0.000,0,0.000,0,0,,,FLYING,0,0,0,0.000,0,-1,0
1785651516.648,10.761,0.640,-179.009,0.9824,0,0.761,0.329,0.000,0.2706,nan,nan,nan,0.000,0.000,10.000,0.0000,-0.2099,-4.484,-4.484,-0.210,2.368,1.000,0.970,0.0074,-0.127,nan,0.00,0,0,0,0,0,0.0000,0.000,0,0.000,0,0.000,0,0,,,FLYING,0,0,0,0.000,0,-1,0
1785651516.679,10.710,0.645,-179.008,0.9825,0,0.710,0.297,0.000,0.2707,nan,nan,nan,0.000,0.000,10.000,0.0000,-0.2021,-4.446,-4.446,-0.202,2.356,1.000,0.942,0.0074,-0.123,nan,0.00,0,0,0,0,0,0.0000,0.000,0,0.000,0,0.000,0,0,,,FLYING,0,0,0,0.000,0,-1,0
1785651516.709,10.667,0.651,-179.007,0.9827,0,0.667,0.284,0.000,0.2709,nan,nan,nan,0.000,0.000,10.000,0.0000,-0.1962,-4.413,-4.413,-0.196,2.345,1.000,0.935,0.0074,-0.119,nan,0.00,0,0,0,0,0,0.0000,0.000,0,0.000,0,0.000,1,0,,,FLYING,0,0,0,0.000,0,-1,0
1785651516.742,10.621,0.659,-179.005,0.9828,0,0.621,0.254,0.000,0.2710,nan,nan,nan,0.000,0.000,10.000,0.0000,-0.1907,-4.379,-4.379,-0.191,2.334,1.000,0.913,0.0074,-0.116,nan,0.00,0,0,0,0,0,0.0000,0.000,0,0.000,0,0.000,0,0,,,FLYING,0,0,0,0.000,0,-1,0
1785651516.765,10.575,0.668,-179.004,0.9829,0,0.575,0.218,0.000,0.2711,nan,nan,nan,0.000,0.000,10.000,0.0000,-0.1857,-4.344,-4.344,-0.186,2.322,1.000,0.886,0.0074,-0.112,nan,0.00,0,0,0,0,0,0.0000,0.000,0,0.000,0,0.000,0,0,,,FLYING,0,0,0,0.000,0,-1,0
1785651516.803,10.535,0.675,-179.002,0.9831,0,0.535,0.201,0.000,0.2711,nan,nan,nan,0.000,0.000,10.000,0.0000,-0.1817,-4.314,-4.314,-0.182,2.312,1.000,0.876,0.0074,-0.109,nan,0.00,0,0,0,0,0,0.0000,0.000,0,0.000,0,0.000,0,0,,,FLYING,0,0,0,0.000,0,-1,0
1785651516.825,10.535,0.675,-179.002,0.9831,0,0.535,0.323,0.000,0.2710,nan,nan,nan,0.000,0.000,10.000,0.0000,-0.1817,-4.314,-4.314,-0.182,2.312,1.000,0.997,0.0074,-0.105,nan,0.00,0,0,0,0,0,0.0000,0.000,0,0.000,0,0.000,0,0,,,FLYING,0,0,0,0.000,0,-1,0
1785651516.851,10.503,0.680,-179.001,0.9832,0,0.503,0.287,0.000,0.2710,nan,nan,nan,0.000,0.000,10.000,0.0000,-0.1787,-4.289,-4.289,-0.179,2.304,1.000,0.968,0.0074,-0.102,nan,0.00,0,0,0,0,0,0.0000,0.000,0,0.000,0,0.000,0,0,,,FLYING,0,0,0,0.000,0,-1,0
1785651516.877,10.474,0.691,-178.999,0.9833,0,0.474,0.262,0.000,0.2710,nan,nan,nan,0.000,0.000,10.000,0.0000,-0.1763,-4.267,-4.267,-0.176,2.296,1.000,0.953,0.0074,-0.099,nan,0.00,0,0,0,0,0,0.0000,0.000,0,0.000,0,0.000,0,0,,,FLYING,0,0,0,0.000,0,-1,0
1785651516.913,10.440,0.707,-178.996,0.9834,0,0.440,0.212,0.000,0.2710,nan,nan,nan,0.000,0.000,10.000,0.0000,-0.1736,-4.243,-4.243,-0.174,2.287,1.000,0.919,0.0074,-0.096,nan,0.00,0,0,0,0,0,0.0000,0.000,0,0.000,0,0.000,1,0,,,FLYING,0,0,0,0.000,0,-1,0
1785651516.941,10.407,0.721,-178.994,0.9835,0,0.407,0.169,0.000,0.2710,nan,nan,nan,0.000,0.000,10.000,0.0000,-0.1711,-4.219,-4.219,-0.171,2.278,1.000,0.890,0.0074,-0.093,nan,0.00,0,0,0,0,0,0.0000,0.000,0,0.000,0,0.000,0,0,,,FLYING,0,0,0,0.000,0,-1,0
1785651516.975,10.376,0.732,-178.992,0.9836,0,0.376,0.128,0.000,0.2710,nan,nan,nan,0.000,0.000,10.000,0.0000,-0.1686,-4.195,-4.195,-0.169,2.269,1.000,0.860,0.0074,-0.091,nan,0.00,0,0,0,0,0,0.0000,0.000,0,0.000,0,0.000,0,0,,,FLYING,0,0,0,0.000,0,0,0
1785651517.003,10.343,0.741,-178.990,0.9837,0,0.343,0.080,0.000,0.2710,nan,nan,nan,0.000,0.000,10.000,0.0000,-0.1660,-4.170,-4.170,-0.166,2.259,1.000,0.822,0.0074,-0.088,nan,0.00,0,0,0,0,0,0.0000,0.000,0,0.000,0,0.000,0,0,,,FLYING,0,0,0,0.000,0,0,0
1785651517.039,10.316,0.745,-178.989,0.9838,0,0.316,0.049,0.000,0.2710,nan,nan,nan,0.000,0.000,10.000,0.0000,-0.1636,-4.146,-4.146,-0.164,2.249,1.000,0.794,0.0074,-0.085,nan,0.00,0,0,0,0,0,0.0000,0.000,0,0.000,0,0.000,0,0,,,FLYING,0,0,0,0.000,0,0,0
1785651517.069,10.291,0.745,-178.989,0.9838,0,0.291,0.028,0.000,0.2710,nan,nan,nan,0.000,0.000,10.000,0.0000,-0.1614,-4.124,-4.124,-0.161,2.240,1.000,0.773,0.0074,-0.083,nan,0.00,0,0,0,0,0,0.0000,0.000,0,0.000,0,0.000,0,0,,,FLYING,0,0,0,0.000,0,0,0
1785651517.099,10.267,0.745,-178.989,0.9839,0,0.267,0.009,0.000,0.2710,nan,nan,nan,0.000,0.000,10.000,0.0000,-0.1593,-4.103,-4.103,-0.159,2.232,1.000,0.754,0.0074,-0.080,nan,0.00,0,0,0,0,0,0.0000,0.000,0,0.000,0,0.000,1,0,,,FLYING,0,0,0,0.000,0,1,0
1785651517.131,10.245,0.744,-178.990,0.9840,0,0.245,-0.005,0.000,0.2710,nan,nan,nan,0.000,0.000,10.000,0.0000,-0.1574,-4.083,-4.083,-0.157,2.223,1.000,0.739,0.0074,-0.078,nan,0.00,0,0,0,0,0,0.0000,0.000,0,0.000,0,0.000,0,0,,,FLYING,0,0,0,0.000,0,0,0
1785651517.160,10.225,0.742,-178.990,0.9840,0,0.225,-0.018,0.000,0.2710,nan,nan,nan,0.000,0.000,10.000,0.0000,-0.1557,-4.064,-4.064,-0.156,2.215,1.000,0.724,0.0074,-0.075,nan,0.00,0,0,0,0,0,0.0000,0.000,0,0.000,0,0.000,0,0,,,FLYING,0,0,0,0.000,0,0,0
1785651517.194,10.205,0.739,-178.990,0.9841,0,0.205,-0.032,0.000,0.2710,nan,nan,nan,0.000,0.000,10.000,0.0000,-0.1540,-4.046,-4.046,-0.154,2.206,1.000,0.707,0.0074,-0.073,nan,0.00,0,0,0,0,0,0.0000,0.000,0,0.000,0,0.000,0,0,,,FLYING,0,0,0,0.000,0,0,0
1785651517.222,10.205,0.739,-178.990,0.9841,0,0.205,0.059,0.000,0.2709,nan,nan,nan,0.000,0.000,10.000,0.0000,-0.1540,-4.046,-4.046,-0.154,2.206,1.000,0.798,0.0074,-0.071,nan,0.00,0,0,0,0,0,0.0000,0.000,0,0.000,0,0.000,0,0,,,FLYING,0,0,0,0.000,0,0,0
1785651517.258,10.187,0.735,-178.991,0.9842,0,0.187,0.020,0.000,0.2709,nan,nan,nan,0.000,0.000,10.000,0.0000,-0.1525,-4.029,-4.029,-0.152,2.198,1.000,0.755,0.0074,-0.069,nan,0.00,0,0,0,0,0,0.0000,0.000,0,0.000,0,0.000,0,0,,,FLYING,0,0,0,0.000,0,0,0
1785651517.284,10.169,0.736,-178.991,0.9842,0,0.169,-0.021,0.000,0.2709,nan,nan,nan,0.000,0.000,10.000,0.0000,-0.1509,-4.012,-4.012,-0.151,2.190,1.000,0.715,0.0074,-0.067,nan,0.00,0,0,0,0,0,0.0000,0.000,0,0.000,0,0.000,0,0,,,FLYING,0,0,0,0.000,0,0,0
1785651517.314,10.169,0.736,-178.991,0.9842,0,0.169,0.057,0.000,0.2709,nan,nan,nan,0.000,0.000,10.000,0.0000,-0.1509,-4.012,-4.012,-0.151,2.190,1.000,0.793,0.0074,-0.065,nan,0.00,0,0,0,0,0,0.0000,0.000,0,0.000,0,0.000,0,0,,,FLYING,0,0,0,0.000,0,0,0
1785651517.349,10.136,0.729,-178.992,0.9843,0,0.136,-0.128,0.000,0.2709,nan,nan,nan,0.000,0.000,10.000,0.0000,-0.1480,-3.979,-3.979,-0.148,2.171,1.000,0.601,0.0074,-0.063,nan,0.00,0,0,0,0,0,0.0000,0.000,0,0.000,0,0.000,0,0,,,FLYING,0,0,0,0.000,0,0,0
1785651517.378,10.136,0.730,-178.992,0.9843,0,0.136,-0.033,0.000,0.2708,nan,nan,nan,0.000,0.000,10.000,0.0000,-0.1480,-3.979,-3.979,-0.148,2.171,1.000,0.697,0.0074,-0.061,nan,0.00,0,0,0,0,0,0.0000,0.000,0,0.000,0,0.000,0,0,,,FLYING,0,0,0,0.000,0,0,0
1785651517.418,10.123,0.726,-178.993,0.9844,0,0.123,-0.079,0.000,0.2708,nan,nan,nan,0.000,0.000,10.000,0.0000,-0.1468,-3.965,-3.965,-0.147,2.162,1.000,0.647,0.0074,-0.059,nan,0.00,0,0,0,0,0,0.0000,0.000,0,0.000,0,0.000,0,0,,,FLYING,0,0,0,0.000,0,0,0
1785651517.460,10.111,0.722,-178.993,0.9844,0,0.111,-0.109,0.000,0.2708,nan,nan,nan,0.000,0.000,10.000,0.0000,-0.1457,-3.952,-3.952,-0.146,2.154,1.000,0.614,0.0074,-0.057,nan,0.00,0,0,0,0,0,0.0000,0.000,0,0.000,0,0.000,0,0,,,FLYING,0,0,0,0.000,0,0,0
1785651517.487,10.100,0.716,-178.995,0.9844,0,0.100,-0.127,0.000,0.2708,nan,nan,nan,0.000,0.000,10.000,0.0000,-0.1448,-3.941,-3.941,-0.145,2.146,1.000,0.589,0.0074,-0.056,nan,0.00,0,0,0,0,0,0.0000,0.000,0,0.000,0,0.000,0,0,,,FLYING,0,0,0,0.000,0,0,0
1785651517.521,10.091,0.704,-178.997,0.9845,0,0.091,-0.121,0.000,0.2708,nan,nan,nan,0.000,0.000,10.000,0.0000,-0.1438,-3.932,-3.932,-0.144,2.139,1.000,0.583,0.0074,-0.054,nan,0.00,0,0,0,0,0,0.0000,0.000,0,0.000,0,0.000,0,0,,,FLYING,0,0,0,0.000,0,0,0
