t,roll,pitch,yaw,up,upset,cmd_roll_deg,cmd_pitch_deg,cmd_yaw_deg,thrust,bx,by,bz,blend,bearing_deg,desired_roll,d_lat,d_vert,vY_imu,vY_fused,vD,vX,v_target,pitch_des,elev_i,elev_err,agl,turn_ff,reliable,vision_valid,elev_fresh,is_new_d,bl_found,bl_hdg,bl_conf,bl_hdg_valid,bl_span,bl_paired,bl_cy,bl_gap,src_switch,source,infer_ms,mode,gate,gate_id,peek_side,peek_strength,peek_active,occ_gap,collision
1785621122.079,0.000,-17.800,0.000,0.9521,0,-0.900,15.800,-0.842,0.2739,5.845,0.038,-1.556,0.974,0.369,0.900,-0.0000,-0.0000,-0.000,-0.000,-0.000,-0.000,2.145,-2.000,0.0060,0.305,nan,1.26,1,1,1,1,1,0.0439,1.000,1,0.526,8,0.092,0,0,yolo,102.3,yolo,0,0,0,0.000,0,-1,0
1785621122.117,0.002,-17.756,0.003,0.9524,0,-0.902,15.756,-0.959,0.2741,5.845,0.038,-1.556,0.974,0.369,0.904,-0.0002,0.0023,-0.000,-0.000,0.002,0.018,2.150,-2.000,0.0059,0.300,nan,1.38,1,1,1,0,1,0.0480,1.000,1,0.526,8,0.027,0,0,yolo,102.3,yolo,0,0,0,0.000,0,-1,0
1785621122.147,0.002,-17.756,0.003,0.9524,0,-0.902,15.756,-1.024,0.2741,5.845,0.038,-1.556,0.974,0.369,0.904,-0.0002,0.0023,-0.000,-0.000,0.002,0.018,2.150,-2.000,0.0059,0.300,nan,1.44,1,1,1,0,1,0.0503,1.000,1,0.527,8,-0.011,0,0,yolo,102.3,yolo,0,0,0,0.000,0,-1,0
1785621122.180,-0.002,-15.920,0.005,0.9616,0,-2.402,14.256,-2.283,0.2907,6.571,0.092,-1.678,1.000,0.798,4.584,-0.3692,0.8370,-0.000,-0.057,-0.012,0.040,2.200,-2.000,0.0059,0.189,nan,1.48,1,1,1,1,1,0.0518,1.000,1,0.527,8,-0.002,0,0,yolo,111.0,yolo,0,0,0,0.000,0,-1,0
1785621122.211,0.257,-14.008,0.177,0.9703,0,-1.431,12.756,-2.173,0.2782,6.571,0.092,-1.678,1.000,0.798,1.688,0.0581,-0.0243,0.001,0.001,-0.024,0.067,2.200,-2.000,0.0059,-0.037,nan,1.37,1,1,1,0,1,0.0480,1.000,1,0.527,8,0.031,0,0,yolo,111.0,yolo,0,0,0,0.000,0,-1,0
1785621122.242,0.348,-12.650,0.479,0.9757,0,-1.295,11.256,-2.090,0.2809,6.571,0.092,-1.678,1.000,0.798,1.644,0.0605,-0.0403,0.004,0.004,-0.040,0.101,2.200,-2.000,0.0059,-0.198,nan,1.29,1,1,1,0,1,0.0451,1.000,1,0.527,8,0.031,0,0,yolo,111.0,yolo,0,0,0,0.000,0,-1,0
1785621122.276,0.348,-12.650,0.479,0.9757,0,-2.795,10.650,-2.409,0.2975,6.742,0.128,-1.778,1.000,1.086,4.907,-0.2537,0.4475,0.004,-0.073,-0.040,0.101,2.193,-2.000,0.0059,-0.257,nan,1.32,1,1,1,1,1,0.0462,1.000,1,0.519,8,0.054,0,0,yolo,111.6,yolo,0,0,0,0.000,0,-1,0
1785621122.305,0.442,-11.417,0.664,0.9802,0,-1.788,9.417,-2.432,0.2850,6.742,0.128,-1.778,1.000,1.086,2.230,0.0794,-0.0623,0.007,0.007,-0.062,0.148,2.043,-2.000,0.0060,-0.407,nan,1.35,1,1,1,0,1,0.0470,1.000,1,0.519,8,0.054,0,0,yolo,111.6,yolo,0,0,0,0.000,0,-1,0
1785621122.336,0.599,-10.371,0.871,0.9836,0,-1.557,8.371,-2.110,0.2865,6.742,0.128,-1.778,1.000,1.086,2.156,0.0836,-0.0937,0.011,0.011,-0.094,0.206,1.916,-2.000,0.0060,-0.534,nan,1.02,1,1,1,0,1,0.0357,1.000,1,0.512,8,0.084,0,0,yolo,111.6,yolo,0,0,0,0.000,0,-1,0
1785621122.367,0.736,-9.352,1.116,0.9866,0,-1.329,7.352,-1.867,0.2879,6.742,0.128,-1.778,1.000,1.086,2.064,0.0887,-0.1272,0.016,0.016,-0.127,0.272,1.793,-2.000,0.0061,-0.657,nan,0.78,1,1,1,0,1,0.0273,1.000,1,0.512,8,0.084,0,0,yolo,111.6,yolo,0,0,0,0.000,0,-1,0
1785621122.401,0.737,-9.341,1.118,0.9867,0,-0.754,7.341,-1.875,0.2713,6.433,0.099,-1.644,1.000,0.885,1.491,0.1688,-0.5989,0.016,-0.009,-0.128,0.273,1.873,-2.000,0.0062,-0.577,nan,0.99,1,1,1,1,1,0.0345,1.000,1,0.441,7,0.140,0,0,yolo,106.5,yolo,0,0,0,0.000,0,-1,0
1785621122.428,0.855,-8.476,1.305,0.9890,0,-0.906,6.476,-1.875,0.2860,6.433,0.099,-1.644,1.000,0.885,1.762,0.0312,-0.1714,0.022,0.022,-0.171,0.333,1.773,-2.000,0.0062,-0.677,nan,0.99,1,1,1,0,1,0.0345,1.000,1,0.441,7,0.140,0,0,yolo,106.5,yolo,0,0,0,0.000,0,-1,0
1785621122.466,0.927,-7.742,1.481,0.9908,0,-0.723,5.742,-2.031,0.2860,6.433,0.099,-1.644,1.000,0.885,1.650,0.0373,-0.2174,0.028,0.028,-0.217,0.386,1.689,-2.000,0.0063,-0.761,nan,1.15,1,1,1,0,1,0.0400,1.000,1,0.441,7,0.140,1,0,yolo,106.5,yolo,0,0,0,0.000,0,-1,0
1785621122.497,0.927,-7.742,1.481,0.9908,0,0.777,5.742,-1.340,0.2693,6.255,0.058,-1.376,1.000,0.533,-1.990,0.5769,-2.0000,0.028,0.032,-0.217,0.386,1.930,-2.000,0.0064,-0.520,nan,0.81,1,1,1,1,1,0.0282,1.000,1,0.432,7,0.169,1,0,yolo,109.0,yolo,0,0,0,0.000,0,-1,0
1785621122.538,0.986,-7.043,1.696,0.9923,0,0.147,5.043,-1.008,0.2784,6.255,0.058,-1.376,1.000,0.533,0.839,0.0029,-0.2688,0.035,0.035,-0.269,0.438,1.852,-2.000,0.0064,-0.598,nan,0.47,1,1,1,0,1,0.0166,0.929,1,0.428,6,0.220,0,0,yolo,109.0,yolo,0,0,0,0.000,0,-1,0
1785621122.569,0.873,-6.328,1.853,0.9938,0,0.164,4.328,-0.940,0.2788,6.255,0.058,-1.376,1.000,0.533,0.709,0.0099,-0.3059,0.042,0.042,-0.306,0.486,1.773,-2.000,0.0065,-0.677,nan,0.41,1,1,1,0,1,0.0142,0.929,1,0.428,6,0.220,0,0,yolo,109.0,yolo,0,0,0,0.000,0,-1,0
1785621122.608,0.769,-5.658,1.986,0.9950,0,1.664,3.658,-0.422,0.2621,6.137,0.009,-1.114,1.000,0.088,-2.454,0.3578,-1.3051,0.048,0.063,-0.325,0.529,1.947,-2.000,0.0065,-0.503,nan,0.33,1,1,1,1,1,0.0117,1.000,1,0.365,6,0.265,0,0,yolo,106.7,yolo,0,0,0,0.000,0,-1,0
1785621122.648,0.581,-5.220,2.032,0.9958,0,1.049,3.220,-0.367,0.2739,6.137,0.009,-1.114,1.000,0.088,-0.468,-0.0104,-0.3193,0.053,0.053,-0.319,0.568,1.899,-2.000,0.0066,-0.551,nan,0.28,1,1,1,0,1,0.0097,1.000,1,0.365,6,0.265,0,0,yolo,106.7,yolo,0,0,0,0.000,0,-1,0
1785621122.680,0.480,-4.804,2.066,0.9965,0,1.024,2.804,-0.433,0.2758,6.137,0.009,-1.114,1.000,0.088,-0.543,-0.0064,-0.3056,0.057,0.057,-0.306,0.607,1.854,-2.000,0.0066,-0.596,nan,0.35,1,1,1,0,1,0.0121,1.000,1,0.362,6,0.283,0,0,yolo,106.7,yolo,0,0,0,0.000,0,-1,0
1785621122.711,0.480,-4.804,2.066,0.9965,0,1.024,2.804,-0.483,0.2758,6.137,0.009,-1.114,1.000,0.088,-0.543,-0.0064,-0.3056,0.057,0.057,-0.306,0.607,1.854,-2.000,0.0067,-0.596,nan,0.40,1,1,1,0,1,0.0138,1.000,1,0.362,6,0.283,0,0,yolo,106.7,yolo,0,0,0,0.000,0,-1,0
1785621122.744,0.376,-4.475,2.113,0.9969,0,0.970,2.475,-0.701,0.2769,6.137,0.009,-1.114,1.000,0.088,-0.594,-0.0038,-0.3029,0.059,0.059,-0.303,0.639,1.818,-2.000,0.0068,-0.632,nan,0.61,1,1,1,0,1,0.0214,1.000,1,0.362,6,0.195,0,0,yolo,106.7,yolo,0,0,0,0.000,0,-1,0
1785621122.776,0.269,-4.167,2.187,0.9973,0,0.890,2.167,-0.865,0.2775,6.137,0.009,-1.114,1.000,0.088,-0.620,-0.0024,-0.3120,0.061,0.061,-0.312,0.669,1.785,-2.000,0.0068,-0.665,nan,0.78,1,1,1,0,1,0.0271,1.000,1,0.362,6,0.195,0,0,yolo,106.7,yolo,0,0,0,0.000,0,-1,0
1785621122.808,0.269,-4.167,2.187,0.9973,0,0.890,2.167,-0.987,0.2776,6.137,0.009,-1.114,1.000,0.088,-0.620,-0.0024,-0.3120,0.061,0.061,-0.312,0.669,1.785,-2.000,0.0069,-0.665,nan,0.90,1,1,1,0,1,0.0314,1.000,1,0.362,6,0.195,0,0,yolo,106.7,yolo,0,0,0,0.000,0,-1,0
1785621122.838,0.168,-3.893,2.278,0.9977,0,0.794,1.893,-1.375,0.2779,6.137,0.009,-1.114,1.000,0.088,-0.626,-0.0021,-0.3224,0.061,0.061,-0.322,0.698,1.755,-2.000,0.0070,-0.695,nan,1.29,1,1,1,0,1,0.0449,1.000,1,0.302,5,0.521,0,0,yolo,106.7,yolo,0,0,0,0.000,0,-1,0
1785621122.869,0.075,-3.658,2.414,0.9980,0,0.680,1.658,-1.666,0.2776,6.137,0.009,-1.114,1.000,0.088,-0.605,-0.0032,-0.3474,0.060,0.060,-0.347,0.724,1.730,-2.000,0.0070,-0.720,nan,1.58,1,1,1,0,1,0.0551,1.000,1,0.302,5,0.521,0,0,yolo,106.7,yolo,0,0,0,0.000,0,-1,0
1785621122.901,0.075,-3.658,2.414,0.9980,0,2.180,1.658,-0.261,0.2942,10.355,-0.297,-1.512,1.000,-1.644,-4.608,-0.0000,-0.0000,0.060,0.060,-0.347,0.724,1.602,-2.000,0.0071,-0.848,nan,1.91,1,1,1,1,1,0.0665,1.000,1,0.300,5,0.529,0,0,yolo,101.7,yolo,0,0,0,0.000,0,-1,0
1785621122.931,-0.010,-3.448,2.591,0.9982,0,3.680,1.448,-0.507,0.2983,10.355,-0.297,-1.512,1.000,-1.644,-4.589,-0.0000,-0.0000,0.058,0.058,-0.376,0.749,1.564,-2.000,0.0072,-0.886,nan,2.15,1,1,1,1,1,0.0751,1.000,1,0.300,5,0.529,0,0,yolo,101.7,yolo,0,0,0,0.000,0,-1,0
1785621122.967,-0.452,-3.271,2.654,0.9983,0,4.122,1.271,-1.092,0.2993,10.355,-0.297,-1.512,1.000,-1.644,-4.574,-0.0000,-0.0000,0.056,0.056,-0.412,0.772,1.534,-2.000,0.0073,-0.916,nan,2.74,1,1,1,1,1,0.0955,1.000,1,0.297,5,0.694,0,0,yolo,101.7,yolo,0,0,0,0.000,0,-1,0
1785621122.999,-0.452,-3.271,2.654,0.9983,0,4.884,1.271,-2.178,0.2826,10.324,-0.307,-1.424,1.000,-1.701,-5.336,0.1019,-0.8528,0.056,0.069,-0.412,0.772,1.619,-2.000,0.0074,-0.831,nan,3.88,1,1,1,1,1,0.1354,1.000,1,0.294,5,0.672,0,0,yolo,101.7,yolo,0,0,0,0.000,0,-1,0
1785621123.041,-1.419,-2.958,2.936,0.9984,0,3.384,0.958,-3.035,0.2757,10.324,-0.307,-1.424,1.000,-1.701,-4.435,-0.0294,-0.5038,0.040,0.040,-0.504,0.813,1.568,-2.000,0.0075,-0.882,nan,4.74,1,1,1,0,1,0.1653,1.000,1,0.294,5,0.672,0,0,yolo,101.7,yolo,0,0,0,0.000,0,-1,0
1785621123.072,-1.419,-2.958,2.936,0.9984,0,3.016,0.958,-3.902,0.2758,10.324,-0.307,-1.424,1.000,-1.701,-4.435,-0.0294,-0.5038,0.040,0.040,-0.504,0.813,1.568,-2.000,0.0076,-0.882,nan,5.60,1,1,1,0,1,0.1956,1.000,1,0.294,5,0.650,0,0,yolo,101.7,yolo,0,0,0,0.000,0,-1,0
1785621123.104,-1.720,-2.839,3.305,0.9983,0,3.100,0.839,-4.958,0.2591,10.169,-0.306,-1.305,1.000,-1.724,-4.819,0.0410,-0.9191,0.023,0.036,-0.540,0.831,1.660,-2.000,0.0076,-0.790,nan,6.68,1,1,1,1,1,0.2332,1.000,1,0.290,5,0.596,0,0,yolo,97.8,yolo,0,0,0,0.000,0,-1,0
1785621123.134,-2.094,-2.715,3.833,0.9982,0,2.032,0.715,-5.535,0.2715,10.169,-0.306,-1.305,1.000,-1.724,-4.127,-0.0363,-0.5564,-0.000,-0.000,-0.556,0.850,1.640,-2.000,0.0077,-0.810,nan,7.26,1,1,1,0,1,0.2534,1.000,1,0.292,5,0.519,0,0,yolo,97.8,yolo,0,0,0,0.000,0,-1,0
1785621123.161,-2.094,-2.715,3.833,0.9982,0,2.032,0.715,-5.967,0.2715,10.169,-0.306,-1.305,1.000,-1.724,-4.127,-0.0363,-0.5564,-0.000,-0.000,-0.556,0.850,1.640,-2.000,0.0078,-0.810,nan,7.69,1,1,1,0,1,0.2685,1.000,1,0.292,5,0.519,0,0,yolo,97.8,yolo,0,0,0,0.000,0,-1,0
1785621123.197,-2.332,-2.604,4.424,0.9981,0,1.438,0.604,-6.276,0.2721,10.169,-0.306,-1.305,1.000,-1.724,-3.770,-0.0629,-0.5595,-0.027,-0.027,-0.560,0.867,1.622,-2.000,0.0079,-0.828,nan,8.00,1,1,1,0,1,0.2884,1.000,1,0.294,5,0.523,0,0,yolo,97.8,yolo,0,0,0,0.000,0,-1,0
1785621123.228,-2.505,-2.509,5.013,0.9981,0,2.938,0.509,-6.097,0.2656,10.111,-0.336,-1.201,1.000,-1.903,-6.061,0.2373,-0.6463,-0.054,0.014,-0.550,0.881,1.708,-2.000,0.0080,-0.742,nan,8.00,1,1,1,1,1,0.3102,1.000,1,0.290,5,0.547,0,0,yolo,103.0,yolo,0,0,0,0.000,0,-1,0
1785621123.260,-2.505,-2.509,5.013,0.9981,0,1.458,0.509,-6.097,0.2701,10.111,-0.336,-1.201,1.000,-1.903,-3.963,-0.0675,-0.5497,-0.054,-0.054,-0.550,0.881,1.708,-2.000,0.0080,-0.742,nan,8.00,1,1,1,0,1,0.3265,1.000,1,0.290,5,0.547,0,0,yolo,103.0,yolo,0,0,0,0.000,0,-1,0
1785621123.291,-2.900,-2.412,5.651,0.9978,0,0.640,0.412,-5.801,0.2715,10.111,-0.336,-1.201,1.000,-1.903,-3.540,-0.0989,-0.5302,-0.085,-0.085,-0.530,0.897,1.694,-2.000,0.0081,-0.756,nan,7.70,1,1,1,0,1,0.2689,1.000,1,0.281,5,0.578,0,0,yolo,103.0,yolo,0,0,0,0.000,0,-1,0
1785621123.322,-2.967,-2.331,6.219,0.9978,0,2.140,0.331,-4.358,0.2549,10.084,-0.372,-1.103,1.000,-2.110,-7.168,0.3637,-0.8493,-0.118,0.009,-0.516,0.911,1.779,-2.000,0.0082,-0.671,nan,6.47,1,1,1,1,1,0.2258,1.000,1,0.281,5,0.578,0,0,yolo,95.6,yolo,0,0,0,0.000,0,-1,0
1785621123.353,-2.967,-2.331,6.219,0.9978,0,0.669,0.331,-5.049,0.2698,10.084,-0.372,-1.103,1.000,-2.110,-3.636,-0.1268,-0.5159,-0.118,-0.118,-0.516,0.911,1.779,-2.000,0.0082,-0.671,nan,7.16,1,1,1,0,1,0.2499,0.900,1,0.290,4,0.571,0,0,yolo,95.6,yolo,0,0,0,0.000,0,-1,0
1785621123.385,-3.257,-2.264,6.660,0.9976,0,-0.050,0.264,-5.049,0.2707,10.084,-0.372,-1.103,1.000,-2.110,-3.208,-0.1585,-0.5052,-0.150,-0.150,-0.505,0.924,1.769,-2.000,0.0083,-0.681,nan,7.16,1,1,1,0,1,0.2499,0.900,1,0.290,4,0.571,0,0,yolo,95.6,yolo,0,0,0,0.000,0,-1,0
1785621123.423,-3.257,-2.264,6.660,0.9976,0,1.450,0.264,-4.960,0.2540,10.007,-0.475,-0.998,1.000,-2.717,-14.000,1.5913,-1.6122,-0.150,-0.052,-0.505,0.924,1.877,-2.000,0.0084,-0.573,nan,7.68,1,1,1,1,1,0.2680,0.900,1,0.290,4,0.571,1,0,yolo,104.6,yolo,0,0,0,0.000,0,-1,0
1785621123.464,-3.552,-2.156,7.506,0.9974,0,0.667,0.156,-5.283,0.2696,10.007,-0.475,-0.998,1.000,-2.717,-4.219,-0.1571,-0.4719,-0.209,-0.209,-0.472,0.943,1.860,-2.000,0.0084,-0.590,nan,8.00,1,1,1,0,1,0.3112,0.900,1,0.289,4,0.568,0,0,yolo,104.6,yolo,0,0,0,0.000,0,-1,0
1785621123.496,-3.552,-2.156,7.506,0.9974,0,2.167,0.156,-4.681,0.2529,9.922,-0.575,-0.908,1.000,-3.319,-14.000,1.5633,-1.3969,-0.209,-0.162,-0.472,0.943,1.953,-2.000,0.0085,-0.497,nan,8.00,1,1,1,1,1,0.3209,0.900,1,0.288,4,0.572,0,0,yolo,93.4,yolo,0,0,0,0.000,0,-1,0
1785621123.526,-4.001,-2.067,8.290,0.9969,0,1.361,0.067,-4.681,0.2696,9.922,-0.575,-0.908,1.000,-3.319,-5.362,-0.1125,-0.4189,-0.275,-0.275,-0.419,0.962,1.943,-2.000,0.0085,-0.507,nan,8.00,1,1,1,0,1,0.3282,0.900,1,0.288,4,0.572,0,0,yolo,93.4,yolo,0,0,0,0.000,0,-1,0
1785621123.557,-4.001,-2.067,8.290,0.9969,0,1.361,0.067,-3.181,0.2698,9.922,-0.575,-0.908,1.000,-3.319,-5.362,-0.1125,-0.4189,-0.275,-0.275,-0.419,0.962,1.943,-2.000,0.0086,-0.507,nan,0.00,1,1,1,0,1,0.0000,0.959,0,0.224,4,0.580,0,0,yolo,93.4,yolo,0,0,0,0.000,0,-1,0
1785621123.588,-4.306,-2.001,8.865,0.9966,0,0.328,0.001,-1.681,0.2721,9.922,-0.575,-0.908,1.000,-3.319,-4.634,-0.1659,-0.3757,-0.328,-0.328,-0.376,0.974,1.935,-2.000,0.0086,-0.515,nan,0.00,1,1,1,0,1,0.0000,0.959,0,0.224,4,0.580,0,0,yolo,93.4,yolo,0,0,0,0.000,0,-1,0
1785621123.620,-4.306,-2.001,8.865,0.9966,0,1.828,0.001,-0.181,0.2582,9.821,-0.715,-0.831,1.000,-4.166,-13.891,1.0885,-0.6298,-0.328,-0.226,-0.376,0.974,2.019,-2.000,0.0087,-0.431,nan,0.00,1,1,1,1,1,0.0000,0.957,0,0.223,4,0.592,0,0,yolo,98.1,yolo,0,0,0,0.000,0,-1,0
1785621123.651,-4.346,-1.985,9.034,0.9965,0,2.108,-0.015,1.319,0.2708,9.821,-0.715,-0.831,1.000,-4.166,-6.454,-0.1453,-0.3530,-0.371,-0.371,-0.353,0.986,2.017,-2.000,0.0087,-0.433,nan,0.00,1,1,1,0,1,0.0000,0.957,0,0.223,4,0.592,0,0,yolo,98.1,yolo,0,0,0,0.000,0,-1,0
1785621123.686,-4.631,-1.998,8.872,0.9961,0,3.608,-0.002,2.819,0.2541,9.371,-0.834,-0.751,1.000,-5.085,-14.000,2.2551,-1.1885,-0.406,-0.014,-0.345,0.999,2.096,-2.000,0.0088,-0.354,nan,0.00,1,1,1,1,1,0.0000,0.953,0,0.220,4,0.604,0,0,yolo,95.4,yolo,0,0,0,0.000,0,-1,0
1785621123.733,-5.018,-2.023,8.562,0.9955,0,2.108,0.023,4.319,0.2694,9.371,-0.834,-0.751,1.000,-5.085,-6.612,-0.4232,-0.3324,-0.437,-0.437,-0.332,1.012,2.106,-2.000,0.0088,-0.344,nan,0.00,1,1,1,0,1,0.0000,0.953,0,0.221,4,0.624,1,0,yolo,95.4,yolo,0,0,0,0.000,0,-1,0
1785621123.761,-5.018,-2.023,8.562,0.9955,0,1.594,0.023,5.085,0.2694,9.371,-0.834,-0.751,1.000,-5.085,-6.612,-0.4232,-0.3324,-0.437,-0.437,-0.332,1.012,2.106,-2.000,0.0088,-0.344,nan,0.00,1,1,1,0,1,0.0000,0.953,0,0.221,4,0.624,1,0,yolo,95.4,yolo,0,0,0,0.000,0,-1,0
1785621123.791,-5.221,-2.060,8.096,0.9952,0,3.094,0.060,6.029,0.2527,9.307,-0.983,-0.690,1.000,-6.029,-14.000,1.5338,-0.8150,-0.471,0.076,-0.324,1.028,2.185,-2.000,0.0089,-0.263,nan,0.00,1,1,1,1,1,0.0000,0.957,0,0.223,4,0.634,0,0,yolo,96.4,yolo,0,0,0,0.000,0,-1,0
1785621123.821,-5.550,-2.110,7.489,0.9946,0,2.050,0.110,6.029,0.2681,9.307,-0.983,-0.690,1.000,-6.029,-7.599,-0.5769,-0.3045,-0.501,-0.501,-0.305,1.045,2.198,-2.000,0.0089,-0.248,nan,0.00,1,1,1,0,1,0.0000,0.957,0,0.223,4,0.634,0,0,yolo,96.4,yolo,0,0,0,0.000,0,-1,0
1785621123.852,-5.550,-2.110,7.489,0.9946,0,2.050,0.110,6.029,0.2681,9.307,-0.983,-0.690,1.000,-6.029,-7.599,-0.5769,-0.3045,-0.501,-0.501,-0.305,1.045,2.198,-2.000,0.0089,-0.248,nan,0.00,1,1,1,0,1,0.0000,0.952,0,0.220,4,0.637,0,0,yolo,96.4,yolo,0,0,0,0.000,0,-1,0
1785621123.883,-5.724,-2.153,6.927,0.9943,0,3.550,0.153,6.833,0.2591,9.147,-1.096,-0.657,1.000,-6.833,-14.000,1.2836,-0.4747,-0.530,0.073,-0.284,1.060,2.131,-2.000,0.0089,-0.201,nan,0.00,1,1,1,1,1,0.0000,0.952,0,0.220,4,0.637,0,0,yolo,100.5,yolo,0,0,0,0.000,0,-1,0
1785621123.918,-6.088,-2.203,6.291,0.9936,0,2.601,0.203,6.833,0.2687,9.147,-1.096,-0.657,1.000,-6.833,-8.689,-0.6348,-0.2556,-0.561,-0.561,-0.256,1.078,2.131,-2.000,0.0089,-0.186,nan,0.00,1,1,1,0,1,0.0000,0.952,0,0.220,4,0.656,0,0,yolo,100.5,yolo,0,0,0,0.000,0,-1,0
1785621123.960,-6.352,-2.256,5.583,0.9931,0,1.823,0.256,6.833,0.2693,9.147,-1.096,-0.657,1.000,-6.833,-8.175,-0.6706,-0.2378,-0.597,-0.597,-0.238,1.098,2.131,-2.000,0.0090,-0.172,nan,0.00,1,1,1,0,1,0.0000,0.952,0,0.220,4,0.656,0,0,yolo,100.5,yolo,0,0,0,0.000,0,-1,0
1785621123.992,-6.511,-2.300,4.953,0.9927,0,3.323,0.300,7.285,0.2526,8.653,-1.106,-0.545,1.000,-7.285,-14.000,0.5116,-0.7764,-0.632,-0.114,-0.233,1.116,2.093,-2.000,0.0090,-0.068,nan,0.00,1,1,1,1,1,0.0000,0.951,0,0.219,4,0.667,0,0,yolo,105.5,yolo,0,0,0,0.000,0,-1,0
1785621124.024,-6.840,-2.348,4.282,0.9920,0,2.066,0.348,7.285,0.2669,8.653,-1.106,-0.545,1.000,-7.285,-8.906,-0.5523,-0.2183,-0.666,-0.666,-0.218,1.135,2.093,-2.000,0.0090,-0.054,nan,0.00,1,1,1,0,1,0.0000,0.951,0,0.219,4,0.667,0,0,yolo,105.5,yolo,0,0,0,0.000,0,-1,0
1785621124.054,-6.840,-2.348,4.282,0.9920,0,2.066,0.348,7.285,0.2669,8.653,-1.106,-0.545,1.000,-7.285,-8.906,-0.5523,-0.2183,-0.666,-0.666,-0.218,1.135,2.093,-2.000,0.0090,-0.054,nan,0.00,1,1,1,0,1,0.0000,0.953,0,0.221,4,0.744,0,0,yolo,105.5,yolo,0,0,0,0.000,0,-1,0
1785621124.085,-7.023,-2.398,3.547,0.9916,0,1.303,0.398,7.285,0.2673,8.653,-1.106,-0.545,1.000,-7.285,-8.326,-0.5913,-0.2050,-0.705,-0.705,-0.205,1.157,2.093,-2.000,0.0090,-0.043,nan,0.00,1,1,1,0,1,0.0000,0.946,0,0.216,4,0.749,0,0,yolo,105.5,yolo,0,0,0,0.000,0,-1,0
1785621124.117,-7.155,-2.444,2.868,0.9913,0,2.803,0.444,7.005,0.2506,8.311,-1.021,-0.461,1.000,-7.005,-11.469,-0.4068,-0.6742,-0.743,-0.392,-0.193,1.178,2.116,-2.000,0.0090,0.024,nan,0.00,1,1,1,1,1,0.0000,0.946,0,0.216,4,0.749,0,0,yolo,102.8,yolo,0,0,0,0.000,0,-1,0
1785621124.147,-7.155,-2.444,2.868,0.9913,0,1.303,0.444,7.005,0.2659,8.311,-1.021,-0.461,1.000,-7.005,-8.154,-0.3502,-0.1926,-0.743,-0.743,-0.193,1.178,2.116,-2.000,0.0090,0.024,nan,0.00,1,1,1,0,1,0.0000,0.949,0,0.218,4,0.704,0,0,yolo,102.8,yolo,0,0,0,0.000,0,-1,0
1785621124.177,-7.281,-2.484,2.149,0.9910,0,0.224,0.484,7.005,0.2664,8.311,-1.021,-0.461,1.000,-7.005,-7.505,-0.3927,-0.1779,-0.785,-0.785,-0.178,1.202,2.116,-2.000,0.0090,0.033,nan,0.00,1,1,1,0,1,0.0000,0.949,0,0.218,4,0.704,0,0,yolo,102.8,yolo,0,0,0,0.000,0,-1,0
1785621124.209,-7.274,-2.517,1.480,0.9910,0,-1.043,0.517,6.000,0.2544,8.175,-0.859,-0.385,1.000,-6.000,-6.230,-1.0747,-0.4056,-0.825,-0.326,-0.176,1.224,2.200,-2.000,0.0090,0.087,nan,0.00,1,1,1,1,1,0.0000,0.942,0,0.214,4,0.650,0,0,yolo,102.1,yolo,0,0,0,0.000,0,-1,0
1785621124.240,-7.274,-2.517,1.480,0.9910,0,-2.543,0.517,6.000,0.2648,8.175,-0.859,-0.385,1.000,-6.000,-3.885,-0.4989,-0.1758,-0.825,-0.825,-0.176,1.224,2.200,-2.000,0.0090,0.087,nan,0.00,1,1,1,0,1,0.0000,0.942,0,0.214,4,0.650,0,0,yolo,102.1,yolo,0,0,0,0.000,0,-1,0
1785621124.269,-7.025,-2.541,0.845,0.9915,0,-3.771,0.541,6.000,0.2648,8.175,-0.859,-0.385,1.000,-6.000,-3.254,-0.5397,-0.1743,-0.866,-0.866,-0.174,1.247,2.200,-2.000,0.0089,0.086,nan,0.00,1,1,1,0,1,0.0000,0.951,0,0.219,4,0.620,0,0,yolo,102.1,yolo,0,0,0,0.000,0,-1,0
1785621124.301,-6.591,-2.549,0.263,0.9924,0,-5.271,0.549,4.607,0.2814,8.216,-0.662,-0.419,1.000,-4.607,9.654,-2.9968,0.9142,-0.905,-0.594,-0.172,1.269,2.200,-2.000,0.0089,0.025,nan,0.00,1,1,1,1,1,0.0000,0.833,0,0.220,3,0.607,0,0,yolo,105.3,yolo,0,0,0,0.000,0,-1,0
1785621124.332,-6.591,-2.549,0.263,0.9924,0,-6.076,0.549,4.607,0.2665,8.216,-0.662,-0.419,1.000,-4.607,-0.515,-0.3116,-0.1716,-0.905,-0.905,-0.172,1.269,2.200,-2.000,0.0089,0.025,nan,0.00,1,1,1,0,1,0.0000,0.833,0,0.220,3,0.607,0,0,yolo,105.3,yolo,0,0,0,0.000,0,-1,0
1785621124.363,-6.000,-2.542,-0.205,0.9935,0,-6.047,0.542,4.607,0.2663,8.216,-0.662,-0.419,1.000,-4.607,0.047,-0.3480,-0.1742,-0.942,-0.942,-0.174,1.290,2.200,-2.000,0.0089,0.017,nan,0.00,1,1,1,0,1,0.0000,0.833,0,0.220,3,0.628,0,0,yolo,105.3,yolo,0,0,0,0.000,0,-1,0
1785621124.393,-5.351,-2.525,-0.621,0.9947,0,-5.881,0.525,4.607,0.2662,8.216,-0.662,-0.419,1.000,-4.607,0.529,-0.3792,-0.1765,-0.973,-0.973,-0.177,1.309,2.200,-2.000,0.0089,0.006,nan,0.00,1,1,1,0,1,0.0000,0.840,0,0.225,3,0.640,0,0,yolo,105.3,yolo,0,0,0,0.000,0,-1,0
1785621124.425,-5.351,-2.525,-0.621,0.9947,0,-7.381,0.525,3.127,0.2825,8.237,-0.450,-0.418,1.000,-3.127,10.369,-2.1276,0.1709,-0.973,-0.724,-0.177,1.309,2.200,-2.000,0.0089,-0.011,nan,0.00,1,1,1,1,1,0.0000,0.840,0,0.225,3,0.640,0,0,yolo,103.0,yolo,0,0,0,0.000,0,-1,0
1785621124.463,-4.729,-2.508,-1.069,0.9956,0,-8.677,0.508,3.127,0.2666,8.237,-0.450,-0.418,1.000,-3.127,3.948,-0.2732,-0.1782,-0.998,-0.998,-0.178,1.329,2.200,-2.000,0.0089,-0.018,nan,0.00,1,1,1,0,1,0.0000,0.291,0,0.111,3,0.626,0,0,yolo,103.0,yolo,0,0,0,0.000,0,-1,0
1785621124.502,-3.726,-2.479,-1.396,0.9970,0,-8.016,0.479,3.127,0.2665,8.237,-0.450,-0.418,1.000,-3.127,4.290,-0.2954,-0.1810,-1.020,-1.020,-0.181,1.347,2.200,-2.000,0.0089,-0.031,nan,0.00,1,1,1,0,1,0.0000,0.583,0,0.111,3,0.626,0,0,yolo,103.0,yolo,0,0,0,0.000,0,-1,0
1785621124.533,-2.936,-2.444,-1.645,0.9978,0,-9.516,0.444,1.627,0.2780,8.156,-0.224,-0.401,1.000,-1.575,13.087,-1.6568,0.0709,-1.034,-0.830,-0.185,1.362,2.200,-2.000,0.0089,-0.040,nan,0.00,1,1,1,1,1,0.0000,0.582,0,0.110,3,0.640,0,0,yolo,108.1,yolo,0,0,0,0.000,0,-1,0
1785621124.564,-1.886,-2.406,-1.827,0.9986,0,-10.004,-0.094,1.575,0.2664,8.156,-0.224,-0.401,1.000,-1.575,8.118,-0.2136,-0.1884,-1.043,-1.043,-0.188,1.377,2.200,-2.500,0.0090,-0.050,nan,0.00,1,1,1,0,1,0.0000,0.588,0,0.115,3,0.647,0,0,yolo,108.1,yolo,0,0,0,0.000,0,-1,0
1785621124.597,-1.886,-2.406,-1.827,0.9986,0,-10.004,-0.094,1.575,0.2664,8.156,-0.224,-0.401,1.000,-1.575,8.118,-0.2136,-0.1884,-1.043,-1.043,-0.188,1.377,2.200,-2.500,0.0090,-0.050,nan,0.00,1,1,1,0,1,0.0000,0.588,0,0.115,3,0.647,0,0,yolo,108.1,yolo,0,0,0,0.000,0,-1,0
1785621124.627,-0.790,-2.423,-1.952,0.9990,0,-11.504,-0.077,0.075,0.2700,8.067,-0.004,-0.382,1.000,-0.028,14.000,-2.1788,-0.0993,-1.045,-1.017,-0.192,1.390,2.200,-2.500,0.0090,-0.040,nan,0.00,1,1,1,1,1,0.0000,0.593,0,0.119,3,0.642,0,0,yolo,99.9,yolo,0,0,0,0.000,0,-1,0
1785621124.659,0.323,-2.431,-1.990,0.9991,0,-10.800,-0.069,0.028,0.2655,8.067,-0.004,-0.382,1.000,-0.028,11.122,-0.0243,-0.1984,-1.041,-1.041,-0.198,1.400,2.200,-2.500,0.0090,-0.039,nan,0.00,1,1,1,0,1,0.0000,0.496,0,0.121,2,0.643,0,0,yolo,99.9,yolo,0,0,0,0.000,0,-1,0
1785621124.692,1.377,-2.435,-1.964,0.9988,0,-9.578,-0.065,0.028,0.2653,8.067,-0.004,-0.382,1.000,-0.028,10.955,-0.0136,-0.2034,-1.030,-1.030,-0.203,1.410,2.200,-2.500,0.0090,-0.039,nan,0.00,1,1,1,0,1,0.0000,0.496,0,0.121,2,0.643,0,0,yolo,99.9,yolo,0,0,0,0.000,0,-1,0
1785621124.724,1.377,-2.435,-1.964,0.9988,0,-11.078,-0.065,-1.472,0.2612,7.929,0.239,-0.354,1.000,1.726,14.000,-2.4273,-0.2767,-1.030,-1.212,-0.203,1.410,2.200,-2.500,0.0090,-0.011,nan,0.00,1,1,1,1,1,0.0000,0.810,0,0.203,3,0.703,0,0,yolo,105.0,yolo,0,0,0,0.000,0,-1,0
1785621124.756,2.359,-2.439,-1.964,0.9982,0,-11.641,-0.061,-1.726,0.2643,7.929,0.239,-0.354,1.000,1.726,14.000,0.2013,-0.2067,-1.010,-1.010,-0.207,1.420,2.200,-2.500,0.0090,-0.006,nan,0.00,1,1,1,0,1,0.0000,0.810,0,0.203,3,0.703,0,0,yolo,105.0,yolo,0,0,0,0.000,0,-1,0
1785621124.787,3.660,-2.457,-1.821,0.9970,0,-10.141,-0.043,-1.726,0.2645,7.929,0.239,-0.354,1.000,1.726,13.783,0.2281,-0.2035,-0.984,-0.984,-0.204,1.429,2.200,-2.500,0.0090,0.002,nan,0.00,1,1,1,0,1,0.0000,0.822,0,0.212,3,0.699,0,0,yolo,105.0,yolo,0,0,0,0.000,0,-1,0
1785621124.819,4.663,-2.473,-1.625,0.9958,0,-8.641,-0.027,-1.726,0.2648,7.929,0.239,-0.354,1.000,1.726,13.286,0.2596,-0.1996,-0.952,-0.952,-0.200,1.436,2.200,-2.500,0.0090,0.009,nan,0.00,1,1,1,0,1,0.0000,0.822,0,0.212,3,0.699,0,0,yolo,105.0,yolo,0,0,0,0.000,0,-1,0
1785621124.851,4.663,-2.473,-1.625,0.9958,0,-9.337,-0.027,-3.226,0.2632,7.746,0.449,-0.334,1.000,3.320,14.000,-1.6163,-0.2160,-0.952,-1.178,-0.200,1.436,2.200,-2.500,0.0090,0.038,nan,0.00,1,1,1,1,1,0.0000,0.690,0,0.200,2,0.651,0,0,yolo,106.6,yolo,0,0,0,0.000,0,-1,0
1785621124.882,5.522,-2.488,-1.473,0.9944,0,-8.478,-0.012,-3.320,0.2643,7.746,0.449,-0.334,1.000,3.320,14.000,0.2649,-0.1932,-0.913,-0.913,-0.193,1.444,2.200,-2.500,0.0090,0.047,nan,0.00,1,1,1,0,1,0.0000,0.690,0,0.200,2,0.651,0,0,yolo,106.6,yolo,0,0,0,0.000,0,-1,0
1785621124.913,6.459,-2.524,-1.167,0.9927,0,-7.541,0.024,-1.820,0.2647,7.746,0.449,-0.334,1.000,3.320,14.000,0.3112,-0.1867,-0.867,-0.867,-0.187,1.450,2.200,-2.500,0.0090,0.060,nan,-8.00,1,1,1,0,1,-0.4826,0.800,1,0.252,3,0.616,0,0,yolo,106.6,yolo,0,0,0,0.000,0,-1,0
1785621124.944,6.459,-2.524,-1.167,0.9927,0,-7.541,0.024,-0.320,0.2484,7.595,0.597,-0.326,1.000,4.493,14.000,-4.6646,-0.5344,-0.867,-1.534,-0.187,1.450,2.200,-2.500,0.0089,0.078,nan,-8.00,1,1,1,1,1,-0.4826,0.800,1,0.252,3,0.616,0,0,yolo,103.1,yolo,0,0,0,0.000,0,-1,0
1785621124.976,7.279,-2.545,-0.938,0.9910,0,-6.721,0.045,-1.820,0.2645,7.595,0.597,-0.326,1.000,4.493,14.000,0.7216,-0.1807,-0.812,-0.812,-0.181,1.458,2.200,-2.500,0.0089,0.089,nan,0.00,1,1,1,0,1,0.0000,0.786,0,0.186,3,0.553,0,0,yolo,103.1,yolo,0,0,0,0.000,0,-1,0
1785621125.007,8.010,-2.558,-0.805,0.9893,0,-5.990,0.058,-3.320,0.2649,7.595,0.597,-0.326,1.000,4.493,14.000,0.7830,-0.1755,-0.751,-0.751,-0.176,1.468,2.200,-2.500,0.0089,0.099,nan,0.00,1,1,1,0,1,0.0000,0.786,0,0.186,3,0.553,0,0,yolo,103.1,yolo,0,0,0,0.000,0,-1,0
1785621125.039,8.653,-2.598,-0.500,0.9876,0,-5.347,0.098,-4.820,0.2650,7.494,0.744,-0.334,1.000,5.672,14.000,-1.1567,-0.1683,-0.690,-1.228,-0.170,1.475,2.200,-2.500,0.0089,0.122,nan,0.00,1,1,1,1,1,0.0000,0.890,0,0.181,4,0.532,0,0,yolo,102.8,yolo,0,0,0,0.000,0,-1,0
1785621125.070,8.653,-2.598,-0.500,0.9876,0,-5.347,0.098,-5.672,0.2649,7.494,0.744,-0.334,1.000,5.672,14.000,0.5380,-0.1705,-0.690,-0.690,-0.170,1.475,2.200,-2.500,0.0089,0.122,nan,0.00,1,1,1,0,1,0.0000,0.898,0,0.186,4,0.519,0,0,yolo,102.8,yolo,0,0,0,0.000,0,-1,0
1785621125.102,9.232,-2.667,0.005,0.9860,0,-4.768,0.167,-5.672,0.2650,7.494,0.744,-0.334,1.000,5.672,14.000,0.5995,-0.1649,-0.628,-0.628,-0.165,1.481,2.200,-2.500,0.0089,0.139,nan,0.00,1,1,1,0,1,0.0000,0.898,0,0.186,4,0.519,0,0,yolo,102.8,yolo,0,0,0,0.000,0,-1,0
1785621125.133,9.734,-2.743,0.565,0.9845,0,-4.266,0.243,-6.548,0.2630,7.312,0.839,-0.338,1.000,6.548,14.000,-1.1182,-0.2039,-0.566,-1.002,-0.159,1.487,2.154,-2.500,0.0089,0.159,nan,0.00,1,1,1,1,1,0.0000,0.903,0,0.190,4,0.511,0,0,yolo,100.3,yolo,0,0,0,0.000,0,-1,0
1785621125.165,10.176,-2.827,1.192,0.9831,0,-3.824,0.327,-6.548,0.2652,7.312,0.839,-0.338,1.000,6.548,14.000,0.4981,-0.1517,-0.504,-0.504,-0.152,1.494,2.154,-2.500,0.0089,0.177,nan,0.00,1,1,1,0,1,0.0000,0.904,0,0.190,4,0.510,0,0,yolo,100.3,yolo,0,0,0,0.000,0,-1,0
1785621125.201,10.176,-2.827,1.192,0.9831,0,-3.824,0.327,-6.548,0.2652,7.312,0.839,-0.338,1.000,6.548,14.000,0.4981,-0.1517,-0.504,-0.504,-0.152,1.494,2.154,-2.500,0.0088,0.177,nan,0.00,1,1,1,0,1,0.0000,0.790,0,0.189,3,0.516,0,0,yolo,100.3,yolo,0,0,0,0.000,0,-1,0
1785621125.228,10.594,-2.914,1.873,0.9817,0,-3.406,0.414,-6.548,0.2654,7.312,0.839,-0.338,1.000,6.548,14.000,0.5672,-0.1432,-0.435,-0.435,-0.143,1.502,2.154,-2.500,0.0088,0.194,nan,0.00,1,1,1,0,1,0.0000,0.790,0,0.189,3,0.516,0,0,yolo,100.3,yolo,0,0,0,0.000,0,-1,0
1785621125.259,10.925,-2.984,2.463,0.9805,0,-3.075,0.484,-7.142,0.2694,7.165,0.898,-0.348,1.000,7.142,14.000,-0.5563,-0.0566,-0.371,-0.714,-0.135,1.510,2.105,-2.500,0.0088,0.202,nan,0.00,1,1,1,1,1,0.0000,0.785,0,0.186,3,0.524,0,0,yolo,102.8,yolo,0,0,0,0.000,0,-1,0
1785621125.291,10.925,-2.984,2.463,0.9805,0,-3.075,0.484,-7.142,0.2658,7.165,0.898,-0.348,1.000,7.142,14.000,0.3433,-0.1353,-0.371,-0.371,-0.135,1.510,2.105,-2.500,0.0088,0.202,nan,0.00,1,1,1,0,1,0.0000,0.902,0,0.189,4,0.539,0,0,yolo,102.8,yolo,0,0,0,0.000,0,-1,0
1785621125.326,11.246,-3.069,3.174,0.9794,0,-2.754,0.569,-7.142,0.2660,7.165,0.898,-0.348,1.000,7.142,14.000,0.4138,-0.1278,-0.300,-0.300,-0.128,1.521,2.105,-2.500,0.0088,0.218,nan,0.00,1,1,1,0,1,0.0000,0.902,0,0.189,4,0.539,2,0,yolo,102.8,yolo,0,0,0,0.000,0,-1,0
1785621125.369,11.514,-3.147,3.867,0.9784,0,-2.486,0.647,-7.480,0.2737,6.961,0.914,-0.359,1.000,7.480,14.000,-0.3088,0.0313,-0.232,-0.476,-0.121,1.532,2.077,-2.500,0.0087,0.213,nan,0.00,1,1,1,1,1,0.0000,0.789,0,0.189,3,0.581,0,0,yolo,109.4,yolo,0,0,0,0.000,0,-1,0
1785621125.400,11.743,-3.221,4.547,0.9775,0,-2.257,0.721,-7.480,0.2666,6.961,0.914,-0.359,1.000,7.480,14.000,0.3100,-0.1180,-0.166,-0.166,-0.118,1.543,2.077,-2.500,0.0087,0.226,nan,0.00,1,1,1,0,1,0.0000,0.789,0,0.189,3,0.581,0,0,yolo,109.4,yolo,0,0,0,0.000,0,-1,0
1785621125.432,11.949,-3.293,5.253,0.9767,0,-2.051,0.793,-7.480,0.2665,6.961,0.914,-0.359,1.000,7.480,14.000,0.3784,-0.1155,-0.098,-0.098,-0.115,1.557,2.077,-2.500,0.0087,0.239,nan,0.00,1,1,1,0,1,0.0000,0.926,0,0.204,4,0.609,0,0,yolo,109.4,yolo,0,0,0,0.000,0,-1,0
1785621125.463,11.949,-3.293,5.253,0.9767,0,-2.051,0.793,-7.397,0.2802,6.744,0.876,-0.355,1.000,7.397,14.000,0.0977,0.1708,-0.098,-0.224,-0.115,1.557,2.084,-2.500,0.0087,0.221,nan,0.00,1,1,1,1,1,0.0000,0.606,0,0.130,3,0.638,0,0,yolo,101.3,yolo,0,0,0,0.000,0,-1,0
1785621125.499,12.136,-3.360,5.967,0.9760,0,-1.864,0.860,-7.397,0.2671,6.744,0.876,-0.355,1.000,7.397,14.000,0.1968,-0.1119,-0.027,-0.027,-0.112,1.571,2.084,-2.500,0.0086,0.232,nan,0.00,1,1,1,0,1,0.0000,0.606,0,0.130,3,0.638,1,0,yolo,101.3,yolo,0,0,0,0.000,0,-1,0
1785621125.530,12.301,-3.421,6.671,0.9753,0,-1.699,0.921,-7.397,0.2671,6.744,0.876,-0.355,1.000,7.397,14.000,0.2683,-0.1071,0.045,0.045,-0.107,1.587,2.084,-2.500,0.0086,0.242,nan,0.00,1,1,1,0,1,0.0000,0.778,0,0.181,3,0.669,1,0,yolo,101.3,yolo,0,0,0,0.000,0,-1,0
1785621125.572,12.441,-3.474,7.342,0.9747,0,-1.559,0.974,-6.858,0.2795,6.604,0.794,-0.348,1.000,6.858,14.000,0.9332,0.1517,0.113,-0.130,-0.103,1.603,2.129,-2.500,0.0086,0.232,nan,0.00,1,1,1,1,1,0.0000,0.790,0,0.189,3,0.701,0,0,yolo,100.9,yolo,0,0,0,0.000,0,-1,0
1785621125.604,12.582,-3.518,8.037,0.9741,0,-0.488,1.018,-6.858,0.2679,6.604,0.794,-0.348,1.000,6.858,13.070,0.3215,-0.0993,0.192,0.192,-0.099,1.622,2.129,-2.500,0.0086,0.239,nan,0.00,1,1,1,0,1,0.0000,0.689,0,0.199,2,0.735,0,0,yolo,100.9,yolo,0,0,0,0.000,0,-1,0
1785621125.634,12.582,-3.518,8.037,0.9741,0,-0.488,1.018,-6.858,0.2678,6.604,0.794,-0.348,1.000,6.858,13.070,0.3215,-0.0993,0.192,0.192,-0.099,1.622,2.129,-2.500,0.0086,0.239,nan,0.00,1,1,1,0,1,0.0000,0.689,0,0.199,2,0.735,0,0,yolo,100.9,yolo,0,0,0,0.000,0,-1,0
1785621125.675,12.595,-3.553,8.680,0.9741,0,0.762,1.053,-6.115,0.2829,6.437,0.690,-0.340,1.000,6.115,11.833,0.8341,0.2133,0.266,-0.054,-0.097,1.641,2.190,-2.500,0.0085,0.218,nan,0.00,1,1,1,1,1,0.0000,0.691,0,0.201,2,0.759,0,0,yolo,106.9,yolo,0,0,0,0.000,0,-1,0
1785621125.711,12.486,-3.572,9.257,0.9745,0,2.262,1.072,-6.115,0.2683,6.437,0.690,-0.340,1.000,6.115,8.835,0.3932,-0.1006,0.339,0.339,-0.101,1.660,2.190,-2.500,0.0085,0.219,nan,0.00,1,1,1,0,1,0.0000,0.696,0,0.205,2,0.794,0,0,yolo,106.9,yolo,0,0,0,0.000,0,-1,0
1785621125.743,12.218,-3.583,9.832,0.9754,0,3.762,1.083,-6.115,0.2679,6.437,0.690,-0.340,1.000,6.115,7.471,0.4678,-0.1045,0.414,0.414,-0.104,1.680,2.190,-2.500,0.0085,0.216,nan,0.00,1,1,1,0,1,0.0000,0.717,0,0.223,2,0.842,0,0,yolo,106.9,yolo,0,0,0,0.000,0,-1,0
1785621125.775,11.788,-3.592,10.430,0.9770,0,5.262,1.092,-5.142,0.2829,6.268,0.564,-0.321,1.000,5.142,5.864,1.0652,0.2171,0.485,0.122,-0.107,1.701,2.200,-2.500,0.0085,0.195,nan,0.00,1,1,1,1,1,0.0000,0.710,0,0.217,2,0.855,0,0,yolo,106.2,yolo,0,0,0,0.000,0,-1,0
1785621125.806,11.788,-3.592,10.430,0.9770,0,6.762,1.092,-5.142,0.2680,6.268,0.564,-0.321,1.000,5.142,4.417,0.3630,-0.1066,0.485,0.485,-0.107,1.701,2.200,-2.500,0.0084,0.195,nan,0.00,1,1,1,0,1,0.0000,0.838,0,0.224,3,0.856,0,0,yolo,106.2,yolo,0,0,0,0.000,0,-1,0
1785621125.836,11.027,-3.582,10.979,0.9796,0,7.944,1.082,-5.142,0.2676,6.268,0.564,-0.321,1.000,5.142,3.083,0.4343,-0.1044,0.557,0.557,-0.104,1.722,2.200,-2.500,0.0084,0.185,nan,0.00,1,1,1,0,1,0.0000,0.838,0,0.224,3,0.856,0,0,yolo,106.2,yolo,0,0,0,0.000,0,-1,0
1785621125.866,10.107,-3.552,11.498,0.9826,0,8.280,1.052,-5.142,0.2676,6.268,0.564,-0.321,1.000,5.142,1.826,0.5016,-0.0959,0.624,0.624,-0.096,1.744,2.200,-2.500,0.0084,0.172,nan,0.00,1,1,1,0,1,0.0000,0.803,0,0.199,3,0.810,0,0,yolo,106.2,yolo,0,0,0,0.000,0,-1,0
1785621125.904,10.107,-3.552,11.498,0.9826,0,7.055,1.052,-3.977,0.2703,6.053,0.421,-0.276,1.000,3.977,3.052,0.7385,-0.0325,0.624,0.226,-0.096,1.744,2.200,-2.500,0.0084,0.178,nan,0.00,1,1,1,1,1,0.0000,0.692,0,0.202,2,0.831,0,0,yolo,120.3,yolo,0,0,0,0.000,0,-1,0
1785621125.950,9.203,-3.525,12.014,0.9853,0,8.555,1.025,-3.977,0.2672,6.053,0.421,-0.276,1.000,3.977,-1.946,0.4529,-0.0902,0.679,0.679,-0.090,1.766,2.200,-2.500,0.0084,0.167,nan,0.00,1,1,1,0,1,0.0000,0.692,0,0.202,2,0.831,1,0,yolo,120.3,yolo,0,0,0,0.000,0,-1,0
1785621125.980,8.468,-3.476,12.416,0.9873,0,10.055,1.021,-3.977,0.2671,6.053,0.421,-0.276,1.000,3.977,-2.905,0.5029,-0.0892,0.729,0.729,-0.089,1.785,2.200,-2.455,0.0084,0.156,nan,0.00,1,1,1,0,1,0.0000,0.591,0,0.216,1,0.853,1,0,yolo,120.3,yolo,0,0,0,0.000,0,-1,0
1785621126.022,7.373,-3.417,12.769,0.9900,0,11.555,1.031,-2.477,0.2718,5.870,0.267,-0.232,0.978,2.606,-12.161,2.1059,0.0307,0.773,0.575,-0.091,1.803,2.200,-2.386,0.0083,0.154,nan,0.00,1,1,1,1,1,0.0000,0.590,0,0.215,1,0.780,0,0,yolo,107.5,yolo,0,0,0,0.000,0,-1,0
1785621126.052,6.159,-3.344,13.032,0.9925,0,12.526,0.996,-2.428,0.2658,5.870,0.267,-0.232,0.978,2.606,-6.367,0.2347,-0.0958,0.810,0.810,-0.096,1.820,2.200,-2.348,0.0083,0.141,nan,0.00,1,1,1,0,1,0.0000,0.280,0,0.184,1,0.727,0,0,yolo,107.5,yolo,0,0,0,0.000,0,-1,0
1785621126.087,4.897,-3.262,13.229,0.9947,0,11.816,0.927,-2.434,0.2654,5.870,0.267,-0.232,0.978,2.606,-6.920,0.2635,-0.1008,0.839,0.839,-0.101,1.834,2.200,-2.334,0.0083,0.126,nan,0.00,1,1,1,0,1,0.0000,0.285,0,0.194,1,0.678,0,0,yolo,107.5,yolo,0,0,0,0.000,0,-1,0
1785621126.137,3.759,-3.187,13.443,0.9963,0,13.316,0.864,-0.934,0.2674,5.641,0.103,-0.188,0.940,1.046,-11.214,0.9215,-0.0427,0.857,0.653,-0.104,1.848,2.200,-2.323,0.0083,0.133,nan,0.00,1,1,1,1,1,0.0000,0.285,0,0.195,1,0.674,0,0,yolo,104.6,yolo,0,0,0,0.000,0,-1,0
1785621126.181,2.280,-3.104,13.561,0.9977,0,13.286,0.787,-0.551,0.2644,5.641,0.103,-0.188,0.940,1.046,-11.006,0.2174,-0.1074,0.870,0.870,-0.107,1.861,2.200,-2.317,0.0083,0.122,nan,0.00,1,1,1,0,1,0.0000,0.570,0,0.195,1,0.674,2,0,yolo,104.6,yolo,0,0,0,0.000,0,-1,0
1785621126.224,0.846,-3.019,13.584,0.9985,0,14.786,0.685,0.949,0.2539,5.439,-0.074,-0.142,0.906,-0.782,-14.000,2.6032,-0.3223,0.874,0.980,-0.109,1.872,2.200,-2.334,0.0083,0.143,nan,0.00,1,1,1,1,1,0.0000,0.579,0,0.204,1,0.672,0,0,yolo,105.4,yolo,0,0,0,0.000,0,-1,0
1785621126.258,-0.646,-2.954,13.520,0.9986,0,13.286,0.580,1.521,0.2640,5.439,-0.074,-0.142,0.906,-0.782,-13.670,-0.1106,-0.0984,0.870,0.870,-0.098,1.880,2.200,-2.374,0.0083,0.139,nan,0.00,1,1,1,0,1,0.0000,0.579,0,0.204,1,0.672,1,0,yolo,105.4,yolo,0,0,0,0.000,0,-1,0
1785621126.290,-0.646,-2.954,13.520,0.9986,0,13.024,0.454,1.565,0.2640,5.439,-0.074,-0.142,0.906,-0.782,-13.670,-0.1106,-0.0984,0.870,0.870,-0.098,1.880,2.200,-2.500,0.0083,0.139,nan,0.00,1,1,1,0,1,0.0000,0.465,0,0.206,0,0.665,1,0,yolo,105.4,yolo,0,0,0,0.000,0,-1,0
1785621126.332,-3.272,-2.859,13.211,0.9971,0,11.524,0.425,3.065,0.2473,5.223,-0.225,-0.099,0.871,-2.471,-14.000,2.3088,-0.5332,0.835,1.115,-0.075,1.892,2.200,-2.434,0.0082,0.175,nan,0.00,1,1,1,1,1,0.0000,0.701,0,0.209,2,0.651,0,0,yolo,107.5,yolo,0,0,0,0.000,0,-1,0
1785621126.364,-3.272,-2.859,13.211,0.9971,0,10.728,0.359,3.773,0.2640,5.223,-0.225,-0.099,0.871,-2.471,-14.000,-0.2796,-0.0751,0.835,0.835,-0.075,1.892,2.200,-2.500,0.0082,0.175,nan,0.00,1,1,1,0,1,0.0000,0.946,0,0.216,4,0.654,0,0,yolo,107.5,yolo,0,0,0,0.000,0,-1,0
1785621126.399,-4.477,-2.847,12.830,0.9957,0,9.523,0.347,3.914,0.2653,5.223,-0.225,-0.099,0.871,-2.471,-14.000,-0.3096,-0.0598,0.805,0.805,-0.060,1.895,2.200,-2.500,0.0082,0.179,nan,0.00,1,1,1,0,1,0.0000,0.813,0,0.206,3,0.696,0,0,yolo,107.5,yolo,0,0,0,0.000,0,-1,0
1785621126.448,-5.381,-2.844,12.452,0.9944,0,8.619,0.344,5.414,0.2546,5.012,-0.352,-0.058,0.835,-4.021,-14.000,0.8135,-0.2739,0.776,0.971,-0.048,1.897,2.200,-2.500,0.0082,0.224,nan,0.00,1,1,1,1,1,0.0000,0.969,0,0.231,4,0.691,0,0,yolo,114.5,yolo,0,0,0,0.000,0,-1,0
1785621126.475,-6.261,-2.858,11.968,0.9928,0,7.739,0.358,5.445,0.2655,5.012,-0.352,-0.058,0.835,-4.021,-14.000,-0.2300,-0.0361,0.741,0.741,-0.036,1.899,2.200,-2.500,0.0082,0.231,nan,0.00,1,1,1,0,1,0.0000,0.969,0,0.231,4,0.691,0,0,yolo,114.5,yolo,0,0,0,0.000,0,-1,0
1785621126.505,-7.089,-2.882,11.416,0.9911,0,6.911,0.382,5.395,0.2663,5.012,-0.352,-0.058,0.835,-4.021,-14.000,-0.2712,-0.0238,0.700,0.700,-0.024,1.900,2.200,-2.500,0.0081,0.238,nan,0.00,1,1,1,0,1,0.0000,0.813,0,0.206,3,0.702,0,0,yolo,114.5,yolo,0,0,0,0.000,0,-1,0
1785621126.531,-7.089,-2.882,11.416,0.9911,0,6.911,0.391,6.895,0.2496,4.722,-0.466,-0.025,0.787,-5.633,-14.000,1.9939,-0.4793,0.700,0.987,-0.024,1.900,2.125,-2.491,0.0081,0.270,nan,0.00,1,1,1,1,1,0.0000,0.813,0,0.206,3,0.702,0,0,yolo,109.4,yolo,0,0,0,0.000,0,-1,0
1785621126.575,-7.769,-2.922,10.812,0.9895,0,6.231,0.438,7.189,0.2663,4.722,-0.466,-0.025,0.787,-5.633,-14.000,-0.3265,-0.0020,0.661,0.661,-0.002,1.901,2.117,-2.483,0.0081,0.279,nan,0.00,1,1,1,0,1,0.0000,0.827,0,0.216,3,0.686,0,0,yolo,109.4,yolo,0,0,0,0.000,0,-1,0
1785621126.615,-8.420,-2.975,10.096,0.9879,0,5.580,0.505,7.228,0.2676,4.722,-0.466,-0.025,0.787,-5.633,-14.000,-0.3706,0.0226,0.616,0.616,0.023,1.901,2.108,-2.471,0.0080,0.289,nan,0.00,1,1,1,0,1,0.0000,0.827,0,0.216,3,0.686,0,0,yolo,109.4,yolo,0,0,0,0.000,0,-1,0
1785621126.650,-8.996,-3.025,9.408,0.9863,0,5.004,0.763,7.391,0.2696,4.702,-0.586,-0.061,0.784,-7.108,-14.000,0.7261,0.0519,0.568,0.810,0.047,1.903,2.028,-2.262,0.0080,0.280,nan,0.00,1,1,1,1,1,0.0000,0.718,0,0.223,2,0.700,2,0,yolo,101.7,yolo,0,0,0,0.000,0,-1,0
1785621126.678,-9.500,-3.055,8.722,0.9849,0,4.500,0.824,6.628,0.2702,4.702,-0.586,-0.061,0.784,-7.108,-14.000,-0.2935,0.0616,0.517,0.517,0.062,1.905,2.021,-2.231,0.0080,0.288,nan,0.00,1,1,1,0,1,0.0000,0.846,0,0.229,3,0.684,0,0,yolo,101.7,yolo,0,0,0,0.000,0,-1,0
1785621126.709,-9.500,-3.055,8.722,0.9849,0,4.500,0.806,6.055,0.2702,4.702,-0.586,-0.061,0.784,-7.108,-14.000,-0.2935,0.0616,0.517,0.517,0.062,1.905,2.021,-2.249,0.0080,0.288,nan,0.00,1,1,1,0,1,0.0000,0.961,0,0.226,4,0.672,0,0,yolo,101.7,yolo,0,0,0,0.000,0,-1,0
1785621126.740,-9.934,-3.076,8.116,0.9836,0,4.066,1.236,7.090,0.2574,4.334,-0.626,-0.039,0.722,-8.218,-14.000,1.2596,-0.2145,0.464,0.667,0.073,1.908,1.870,-1.840,0.0079,0.302,nan,0.00,1,1,1,1,1,0.0000,0.838,0,0.224,3,0.696,0,0,yolo,107.9,yolo,0,0,0,0.000,0,-1,0
1785621126.772,-10.316,-3.063,7.506,0.9824,0,3.684,1.257,7.488,0.2711,4.334,-0.626,-0.039,0.722,-8.218,-14.000,-0.2570,0.0805,0.410,0.410,0.081,1.912,1.868,-1.806,0.0079,0.305,nan,0.00,1,1,1,0,1,0.0000,0.838,0,0.224,3,0.696,0,0,yolo,107.9,yolo,0,0,0,0.000,0,-1,0
1785621126.807,-10.707,-3.067,6.729,0.9812,0,3.293,1.296,7.786,0.2716,4.334,-0.626,-0.039,0.722,-8.218,-14.000,-0.3186,0.0868,0.349,0.349,0.087,1.916,1.864,-1.771,0.0079,0.310,nan,0.00,1,1,1,0,1,0.0000,0.966,0,0.229,4,0.739,2,0,yolo,107.9,yolo,0,0,0,0.000,0,-1,0
1785621126.834,-10.707,-3.067,6.729,0.9812,0,3.293,1.266,8.010,0.2716,4.334,-0.626,-0.039,0.722,-8.218,-14.000,-0.3186,0.0868,0.349,0.349,0.087,1.916,1.864,-1.801,0.0078,0.310,nan,0.00,1,1,1,0,1,0.0000,0.963,0,0.227,4,0.808,0,0,yolo,107.9,yolo,0,0,0,0.000,0,-1,0
1785621126.867,-11.039,-3.076,5.952,0.9801,0,2.961,1.572,8.669,0.2669,3.985,-0.632,-0.023,0.664,-9.006,-14.000,0.4110,-0.0196,0.288,0.431,0.091,1.920,1.760,-1.503,0.0078,0.312,nan,0.00,1,1,1,1,1,0.0000,0.834,0,0.221,3,0.848,0,0,yolo,107.8,yolo,0,0,0,0.000,0,-1,0
1785621126.897,-11.310,-3.073,5.157,0.9792,0,2.690,1.602,8.803,0.2723,3.985,-0.632,-0.023,0.664,-9.006,-14.000,-0.1991,0.0961,0.232,0.232,0.096,1.924,1.759,-1.471,0.0078,0.315,nan,0.00,1,1,1,0,1,0.0000,0.706,0,0.213,2,0.845,0,0,yolo,107.8,yolo,0,0,0,0.000,0,-1,0
1785621126.929,-11.563,-3.079,4.284,0.9783,0,2.437,1.646,8.904,0.2727,3.985,-0.632,-0.023,0.664,-9.006,-14.000,-0.2579,0.1011,0.173,0.173,0.101,1.930,1.757,-1.433,0.0077,0.318,nan,0.00,1,1,1,0,1,0.0000,0.706,0,0.213,2,0.845,0,0,yolo,107.8,yolo,0,0,0,0.000,0,-1,0
1785621126.962,-11.563,-3.079,4.284,0.9783,0,2.437,1.781,9.184,0.2723,3.695,-0.625,-0.014,0.616,-9.598,-14.000,0.3816,0.0880,0.173,0.262,0.101,1.930,1.687,-1.298,0.0077,0.309,nan,0.00,1,1,1,1,1,0.0000,0.818,0,0.209,3,0.830,0,0,yolo,108.5,yolo,0,0,0,0.000,0,-1,0
1785621127.001,-11.789,-3.082,3.419,0.9775,0,2.211,1.837,9.132,0.2728,3.695,-0.625,-0.014,0.616,-9.598,-14.000,-0.1495,0.0960,0.113,0.113,0.096,1.935,1.685,-1.245,0.0077,0.312,nan,0.00,1,1,1,0,1,0.0000,0.814,0,0.206,3,0.811,0,0,yolo,108.5,yolo,0,0,0,0.000,0,-1,0
1785621127.041,-11.982,-3.071,2.560,0.9768,0,2.018,1.874,9.093,0.2726,3.695,-0.625,-0.014,0.616,-9.598,-14.000,-0.2082,0.0890,0.054,0.054,0.089,1.942,1.685,-1.197,0.0076,0.313,nan,0.00,1,1,1,0,1,0.0000,0.806,0,0.201,3,0.795,0,0,yolo,108.5,yolo,0,0,0,0.000,0,-1,0
1785621127.079,-12.147,-3.062,1.728,0.9762,0,1.853,2.050,9.074,0.2736,3.404,-0.602,-0.005,0.567,-10.029,-14.000,0.2561,0.1021,-0.003,0.070,0.082,1.949,1.628,-1.012,0.0076,0.303,nan,0.00,1,1,1,1,1,0.0000,0.806,0,0.201,3,0.795,1,0,yolo,107.8,yolo,0,0,0,0.000,0,-1,0
1785621127.119,-12.301,-3.035,0.873,0.9757,0,0.678,2.069,8.923,0.2723,3.404,-0.602,-0.005,0.567,-10.029,-12.978,-0.1322,0.0712,-0.063,-0.063,0.071,1.956,1.628,-0.965,0.0076,0.303,nan,0.00,1,1,1,0,1,0.0000,0.790,0,0.190,3,0.751,0,0,yolo,107.8,yolo,0,0,0,0.000,0,-1,0
1785621127.156,-12.329,-3.004,0.005,0.9756,0,-0.394,2.087,8.811,0.2718,3.404,-0.602,-0.005,0.567,-10.029,-11.936,-0.1942,0.0599,-0.125,-0.125,0.060,1.965,1.629,-0.917,0.0076,0.302,nan,0.00,1,1,1,0,1,0.0000,0.790,0,0.190,3,0.751,1,0,yolo,107.8,yolo,0,0,0,0.000,0,-1,0
1785621127.198,-12.264,-2.973,-0.756,0.9759,0,0.111,2.189,8.306,0.2719,3.157,-0.570,0.009,0.526,-10.239,-12.376,0.0869,0.0583,-0.179,-0.095,0.050,1.973,1.590,-0.784,0.0075,0.294,nan,0.00,1,1,1,1,1,0.0000,0.506,0,0.131,2,0.758,0,0,yolo,106.2,yolo,0,0,0,0.000,0,-1,0
1785621127.234,-12.253,-2.921,-1.513,0.9760,0,-1.389,2.175,7.932,0.2711,3.157,-0.570,0.009,0.526,-10.239,-9.776,-0.1425,0.0410,-0.237,-0.237,0.041,1.982,1.592,-0.746,0.0075,0.291,nan,0.00,1,1,1,0,1,0.0000,0.506,0,0.131,2,0.758,1,0,yolo,106.2,yolo,0,0,0,0.000,0,-1,0
1785621127.265,-12.067,-2.853,-2.295,0.9767,0,-2.889,2.149,7.652,0.2706,3.157,-0.570,0.009,0.526,-10.239,-8.708,-0.2064,0.0317,-0.301,-0.301,0.032,1.992,1.594,-0.705,0.0075,0.285,nan,0.00,1,1,1,0,1,0.0000,0.306,0,0.136,3,0.760,0,0,yolo,106.2,yolo,0,0,0,0.000,0,-1,0
1785621127.291,-12.067,-2.853,-2.295,0.9767,0,-1.616,2.122,6.847,0.2726,2.899,-0.519,0.026,0.483,-10.152,-10.452,-0.0438,0.0708,-0.301,-0.122,0.032,1.992,1.568,-0.731,0.0074,0.278,nan,0.00,1,1,1,1,1,0.0000,0.613,0,0.136,3,0.760,0,0,yolo,106.3,yolo,0,0,0,0.000,0,-1,0
1785621127.322,-11.882,-2.772,-2.969,0.9774,0,-3.116,2.096,6.451,0.2704,2.899,-0.519,0.026,0.483,-10.152,-6.549,-0.2429,0.0228,-0.365,-0.365,0.023,2.001,1.571,-0.676,0.0074,0.273,nan,0.00,1,1,1,0,1,0.0000,0.601,0,0.126,3,0.767,0,0,yolo,106.3,yolo,0,0,0,0.000,0,-1,0
1785621127.354,-11.540,-2.678,-3.575,0.9787,0,-4.616,2.038,6.154,0.2699,2.899,-0.519,0.026,0.483,-10.152,-5.513,-0.3053,0.0150,-0.428,-0.428,0.015,2.010,1.574,-0.640,0.0074,0.265,nan,0.00,1,1,1,0,1,0.0000,0.601,0,0.126,3,0.767,0,0,yolo,106.3,yolo,0,0,0,0.000,0,-1,0
1785621127.385,-11.100,-2.593,-4.110,0.9803,0,-4.648,2.007,4.943,0.2783,2.663,-0.462,0.043,0.444,-9.839,-6.452,-0.2182,0.1991,-0.481,-0.284,0.009,2.018,1.562,-0.586,0.0074,0.252,nan,0.00,1,1,1,1,1,0.0000,0.513,0,0.138,2,0.803,0,0,yolo,111.9,yolo,0,0,0,0.000,0,-1,0
1785621127.418,-11.100,-2.593,-4.110,0.9803,0,-6.148,1.925,4.366,0.2695,2.663,-0.462,0.043,0.444,-9.839,-3.686,-0.1977,0.0086,-0.481,-0.481,0.009,2.018,1.562,-0.668,0.0073,0.252,nan,0.00,1,1,1,0,1,0.0000,0.514,0,0.139,2,0.799,0,0,yolo,111.9,yolo,0,0,0,0.000,0,-1,0
1785621127.446,-10.673,-2.494,-4.561,0.9818,0,-7.648,1.860,3.934,0.2689,2.663,-0.462,0.043,0.444,-9.839,-2.814,-0.2506,0.0002,-0.534,-0.534,0.000,2.025,1.562,-0.634,0.0073,0.244,nan,0.00,1,1,1,0,1,0.0000,0.514,0,0.139,2,0.799,0,0,yolo,111.9,yolo,0,0,0,0.000,0,-1,0
1785621127.478,-9.827,-2.363,-4.944,0.9845,0,-8.024,1.749,3.609,0.2681,2.663,-0.462,0.043,0.444,-9.839,-1.803,-0.3119,-0.0092,-0.595,-0.595,-0.009,2.031,1.562,-0.614,0.0073,0.231,nan,0.00,1,1,1,0,1,0.0000,0.517,0,0.142,2,0.805,0,0,yolo,111.9,yolo,0,0,0,0.000,0,-1,0
1785621127.506,-9.827,-2.363,-4.944,0.9845,0,-6.524,1.713,2.442,0.2683,2.451,-0.406,0.064,0.409,-9.407,-4.189,-0.1387,-0.0092,-0.595,-0.364,-0.009,2.031,1.551,-0.650,0.0073,0.224,nan,0.00,1,1,0,1,1,0.0000,0.619,0,0.141,3,0.799,0,0,yolo,103.1,yolo,0,0,0,0.000,0,-1,0
1785621127.546,-9.039,-2.241,-5.271,0.9868,0,-8.024,1.612,1.995,0.2676,2.451,-0.406,0.064,0.409,-9.407,0.160,-0.2835,-0.0151,-0.648,-0.648,-0.015,2.036,1.551,-0.629,0.0073,0.217,nan,0.00,1,1,0,0,1,0.0000,0.510,0,0.135,2,0.786,0,0,yolo,103.1,yolo,0,0,0,0.000,0,-1,0
1785621127.573,-8.382,-2.099,-5.539,0.9887,0,-9.393,1.471,1.659,0.2671,2.451,-0.406,0.064,0.409,-9.407,1.011,-0.3356,-0.0204,-0.700,-0.700,-0.020,2.040,1.551,-0.628,0.0073,0.211,nan,0.00,1,1,0,0,1,0.0000,0.510,0,0.135,2,0.786,0,0,yolo,103.1,yolo,0,0,0,0.000,0,-1,0
1785621127.603,-7.665,-1.976,-5.705,0.9905,0,-10.893,2.204,0.159,0.2666,4.000,0.296,0.000,0.233,4.230,6.121,-0.0000,-0.0245,-0.742,-0.742,-0.025,2.042,1.200,0.228,0.0073,0.204,nan,0.00,0,1,0,1,1,0.0000,0.406,0,0.133,1,0.768,0,1,blueline,,BLUELINE,0,0,0,0.000,0,-1,0
1785621127.635,-6.564,-1.764,-5.768,0.9930,0,-12.393,0.704,-1.341,0.2661,4.000,0.387,0.000,0.667,5.529,14.000,-2.7207,-0.0255,-0.786,-0.786,-0.026,2.041,2.000,-1.822,0.0073,0.198,nan,0.00,1,1,0,1,1,0.0000,0.511,0,0.136,2,0.767,0,0,blueline,,BLUELINE,0,0,0,0.000,0,-1,0
1785621127.665,-5.287,-1.689,-5.635,0.9953,0,-13.893,-0.216,-2.841,0.2656,4.000,0.417,0.000,0.667,5.956,14.000,-0.4474,-0.0263,-0.828,-0.828,-0.026,2.036,2.000,-1.905,0.0073,0.192,nan,0.00,1,1,0,1,1,0.0000,0.508,0,0.133,2,0.759,0,0,blueline,,BLUELINE,0,0,0,0.000,0,-1,0
1785621127.697,-5.287,-1.689,-5.635,0.9953,0,-15.393,-0.217,-4.341,0.2658,4.000,0.417,0.000,0.667,5.956,14.000,0.0000,-0.0263,-0.828,-0.828,-0.026,2.036,2.000,-1.906,0.0073,0.187,nan,0.00,1,1,0,0,1,0.0000,0.508,0,0.133,2,0.759,0,0,blueline,,BLUELINE,0,0,0,0.000,0,-1,0
1785621127.729,-3.930,-1.692,-5.379,0.9972,0,-14.225,1.283,-5.841,0.2653,4.000,0.479,0.000,0.233,6.828,10.295,-1.8260,-0.0280,-0.863,-0.863,-0.028,2.030,1.200,0.010,0.0073,0.181,nan,0.00,0,1,0,1,1,0.0000,0.408,0,0.135,1,0.732,0,0,blueline,,BLUELINE,0,0,0,0.000,0,-1,0
1785621127.761,-2.506,-1.523,-4.860,0.9987,0,-15.725,-0.174,-7.341,0.2650,4.000,0.602,0.000,0.667,8.554,14.000,-3.6146,-0.0297,-0.898,-0.898,-0.030,2.018,1.830,-1.697,0.0073,0.176,nan,0.00,1,1,0,1,1,0.0000,0.514,0,0.139,2,0.729,0,0,blueline,,BLUELINE,0,0,0,0.000,0,-1,0
1785621127.794,-0.908,-1.475,-4.162,0.9995,0,-14.908,-0.406,-8.344,0.2649,4.000,0.587,0.000,0.667,8.344,14.000,0.4401,-0.0312,-0.926,-0.926,-0.031,2.003,1.844,-1.882,0.0073,0.170,nan,0.00,1,1,0,1,1,0.0000,0.528,0,0.153,2,0.705,0,0,blueline,,BLUELINE,0,0,0,0.000,0,-1,0
1785621127.832,-0.908,-1.475,-4.162,0.9995,0,-14.908,1.094,-9.844,0.2651,4.000,1.238,0.000,0.233,17.202,14.000,-0.0000,-0.0312,-0.926,-0.926,-0.031,2.003,1.200,-0.188,0.0073,0.165,nan,0.00,0,1,0,1,1,0.0000,0.580,0,0.205,1,0.669,0,1,track,,TRACK,0,0,0,0.000,0,-1,0
1785621127.877,0.633,-1.513,-3.354,0.9996,0,-13.408,1.161,-11.344,0.2651,4.000,1.215,0.000,0.233,16.895,13.633,0.3211,-0.0327,-0.945,-0.945,-0.033,1.987,1.200,-0.352,0.0073,0.160,nan,0.00,0,1,0,1,1,0.0000,0.413,0,0.215,3,0.664,0,0,track,,TRACK,0,0,0,0.000,0,-1,0
1785621127.904,2.240,-1.404,-2.378,0.9989,0,-11.908,0.874,-12.000,0.2654,4.000,1.215,0.000,0.233,16.895,14.000,-0.0104,-0.0342,-0.956,-0.956,-0.034,1.966,1.200,-0.530,0.0073,0.155,nan,0.00,0,1,0,0,1,0.0000,0.826,0,0.215,3,0.664,0,0,track,,TRACK,0,0,0,0.000,0,-1,0
1785621127.935,3.374,-1.375,-1.283,0.9980,0,-10.626,0.678,-13.500,0.2657,4.000,3.039,0.000,0.667,25.000,14.000,-0.0000,-0.0356,-0.963,-0.963,-0.036,1.943,1.200,-0.697,0.0073,0.151,nan,8.00,1,1,0,1,1,0.6911,0.800,1,0.285,3,0.654,0,1,blueline,,BLUELINE,0,0,0,0.000,0,-1,0
1785621127.964,4.486,-1.400,0.072,0.9966,0,-9.514,0.506,-15.000,0.2661,4.000,3.039,0.000,0.667,25.000,14.000,-0.0043,-0.0370,-0.967,-0.967,-0.037,1.916,1.200,-0.895,0.0073,0.146,nan,8.00,1,1,0,0,1,0.6911,0.800,1,0.285,3,0.654,0,0,blueline,,BLUELINE,0,0,0,0.000,0,-1,0
1785621127.990,4.486,-1.400,0.072,0.9966,0,-9.514,0.711,-16.500,0.2663,4.000,2.829,0.000,0.667,25.000,14.000,-0.0000,-0.0370,-0.967,-0.967,-0.037,1.916,1.200,-0.689,0.0073,0.142,nan,8.00,1,1,0,1,1,0.6165,0.800,1,0.289,3,0.715,0,0,blueline,,BLUELINE,0,0,0,0.000,0,-1,0
1785621128.034,5.532,-1.475,1.803,0.9950,0,-8.014,0.481,-18.000,0.2667,4.000,0.757,0.000,0.233,10.721,10.812,-0.0000,-0.0389,-0.973,-0.973,-0.039,1.882,1.200,-0.994,0.0073,0.138,nan,8.00,0,1,0,1,1,0.6336,0.600,1,0.294,1,0.755,0,1,track,,TRACK,0,0,0,0.000,0,-1,0
1785621128.073,6.406,-1.624,3.731,0.9934,0,-6.514,0.358,-18.721,0.2672,4.000,0.757,0.000,0.233,10.721,10.835,-0.0040,-0.0414,-0.977,-0.977,-0.041,1.846,1.200,-1.267,0.0073,0.133,nan,8.00,0,1,0,0,1,0.6883,0.600,1,0.294,1,0.755,0,0,track,,TRACK,0,0,0,0.000,0,-1,0
1785621128.106,7.135,-1.823,5.770,0.9918,0,-6.865,0.333,-20.000,0.2676,4.000,2.430,0.000,0.667,25.000,14.000,-0.0000,-0.0444,-0.976,-0.976,-0.044,1.809,1.200,-1.490,0.0073,0.129,nan,8.00,1,1,0,1,1,0.7191,0.600,1,0.296,1,0.763,0,1,blueline,,BLUELINE,0,0,0,0.000,0,0,0
1785621128.142,7.135,-1.823,5.770,0.9918,0,-5.365,0.637,-18.500,0.2677,4.000,0.665,0.000,0.233,9.445,10.130,-0.0000,-0.0444,-0.976,-0.976,-0.044,1.809,1.200,-1.186,0.0073,0.126,nan,8.00,0,1,0,1,1,0.7422,0.600,1,0.296,1,0.763,2,1,track,,TRACK,0,0,0,0.000,0,0,0
1785621128.168,7.751,-2.009,7.850,0.9903,0,-3.865,0.565,-17.445,0.2681,4.000,0.665,0.000,0.233,9.445,10.078,0.0090,-0.0481,-0.967,-0.967,-0.048,1.774,1.200,-1.444,0.0073,0.122,nan,8.00,0,1,0,0,1,0.7346,0.600,1,0.281,1,0.760,0,0,track,,TRACK,0,0,0,0.000,0,0,0
1785621128.203,8.182,-2.198,9.714,0.9891,0,-2.365,0.627,-16.700,0.2683,4.000,0.612,0.000,0.233,8.700,7.793,1.5597,-0.0523,-0.952,-0.952,-0.052,1.745,1.200,-1.572,0.0073,0.118,nan,8.00,0,1,0,1,1,0.7289,0.600,1,0.281,1,0.760,1,0,track,,TRACK,0,0,0,0.000,0,1,0
1785621128.235,8.187,-2.201,9.734,0.9891,0,-0.865,0.905,-15.581,0.2684,4.000,0.532,0.000,0.233,7.581,6.260,2.3448,-0.0523,-0.952,-0.952,-0.052,1.744,1.200,-1.296,0.0073,0.115,nan,8.00,0,1,0,1,1,0.7110,0.500,1,0.282,0,0.738,1,0,track,,TRACK,0,0,0,0.000,0,1,0
1785621128.277,8.226,-2.326,11.412,0.9889,0,-2.365,0.910,-17.081,0.2683,4.000,2.040,0.000,0.667,25.000,14.000,-0.0000,-0.0584,-0.928,-0.928,-0.058,1.720,1.200,-1.416,0.0073,0.111,nan,8.00,1,1,0,1,1,0.6675,0.600,1,0.269,1,0.664,0,1,blueline,,BLUELINE,0,0,0,0.000,0,0,0
1785621128.308,8.458,-2.466,13.003,0.9882,0,-3.865,0.984,-18.581,0.2683,4.000,2.040,0.000,0.667,25.000,14.000,0.0175,-0.0641,-0.911,-0.911,-0.064,1.699,1.200,-1.482,0.0073,0.108,nan,8.00,1,1,0,0,1,0.6533,0.600,1,0.269,1,0.664,0,0,blueline,,BLUELINE,1,1,0,0.000,0,0,0
1785621128.340,8.823,-2.642,14.857,0.9871,0,-5.177,1.066,-17.081,0.2850,12.686,4.436,-2.328,1.000,19.272,14.000,-0.0000,-0.0000,-0.897,-0.897,-0.070,1.676,1.200,-1.576,0.0073,-1.033,nan,0.00,1,1,1,1,1,0.5442,0.350,1,0.283,2,0.618,0,1,yolo,102.5,yolo,1,1,0,0.000,0,0,0
1785621128.371,8.823,-2.642,14.857,0.9871,0,-5.177,1.296,-15.581,0.3017,12.686,4.436,-2.328,1.000,19.272,14.000,0.0000,-0.0699,-0.897,-0.897,-0.070,1.676,1.200,-1.347,0.0073,-1.033,nan,0.00,1,1,1,0,1,0.4351,0.350,1,0.283,2,0.618,0,0,yolo,102.5,yolo,1,1,0,0.000,0,0,0
1785621128.401,9.330,-2.794,16.559,0.9856,0,-4.670,1.353,-14.081,0.3183,14.251,5.256,-2.886,1.000,20.246,14.000,-7.2728,2.0000,-0.873,-3.975,-0.080,1.656,1.200,-1.441,0.0073,-1.298,nan,0.00,1,1,1,1,1,0.3261,0.350,1,0.282,2,0.609,0,0,yolo,105.2,yolo,1,1,0,0.000,0,0,0
1785621128.438,9.729,-2.860,17.775,0.9844,0,-4.271,1.449,-12.581,0.3086,14.251,5.256,-2.886,1.000,20.246,14.000,3.1364,-0.1052,-0.839,-0.839,-0.105,1.646,1.200,-1.411,0.0073,-1.242,nan,0.00,1,1,1,0,1,0.2170,0.400,1,0.284,3,0.606,0,0,yolo,105.2,yolo,1,1,0,0.000,0,0,0
1785621128.465,9.729,-2.860,17.775,0.9844,0,-4.271,1.607,-12.000,0.3086,14.251,5.256,-2.886,1.000,20.246,14.000,3.1364,-0.1052,-0.839,-0.839,-0.105,1.646,1.200,-1.253,0.0073,-1.242,nan,0.00,1,1,1,0,1,0.1079,0.400,1,0.282,3,0.609,0,0,yolo,105.2,yolo,1,1,0,0.000,0,0,0
1785621128.509,9.729,-2.860,17.775,0.9844,0,-4.271,1.717,-12.000,0.3253,14.665,5.173,-3.097,1.000,19.430,14.000,3.1329,2.0000,-0.839,-2.572,-0.105,1.646,1.200,-1.143,0.0073,-1.444,nan,0.00,1,1,1,1,1,-0.0012,0.400,1,0.282,3,0.609,0,0,yolo,98.8,yolo,1,1,0,0.000,0,-1,0
1785621128.544,10.669,-2.926,20.483,0.9814,0,-3.331,1.583,-10.500,0.3086,14.665,5.173,-3.097,1.000,19.430,14.000,1.8499,-0.2292,-0.722,-0.722,-0.229,1.625,1.200,-1.343,0.0073,-1.335,nan,-2.56,1,1,1,0,1,-0.0894,0.800,1,0.282,3,0.609,0,0,yolo,98.8,yolo,1,1,0,0.000,0,-1,0
1785621128.578,10.669,-2.926,20.483,0.9814,0,-3.331,1.705,-9.000,0.3067,14.665,5.173,-3.097,1.000,19.430,14.000,1.8499,-0.2292,-0.722,-0.722,-0.229,1.625,1.200,-1.221,0.0073,-1.335,nan,-4.46,1,1,1,0,1,-0.1556,0.800,1,0.282,3,0.609,2,0,yolo,98.8,yolo,1,1,0,0.000,0,-1,0
1785621128.606,10.669,-2.926,20.483,0.9814,0,-3.331,1.790,-7.500,0.3054,14.115,4.516,-2.928,1.000,17.740,14.000,6.2447,-0.2466,-0.722,-1.319,-0.229,1.625,1.200,-1.136,0.0073,-1.318,nan,-6.13,1,1,1,1,1,-0.2140,0.800,1,0.281,3,0.611,0,0,yolo,102.6,yolo,1,1,0,0.000,0,-1,0
1785621128.636,11.432,-2.786,22.028,0.9790,0,-2.568,1.688,-6.000,0.2991,14.115,4.516,-2.928,1.000,17.740,14.000,0.7603,-0.3787,-0.559,-0.559,-0.379,1.623,1.200,-1.099,0.0073,-1.286,nan,-7.39,1,1,1,0,1,-0.2578,0.800,1,0.281,3,0.611,0,0,yolo,102.6,yolo,1,1,0,0.000,0,-1,0
1785621128.672,11.432,-2.786,22.028,0.9790,0,-2.568,1.735,-4.500,0.2991,14.115,4.516,-2.928,1.000,17.740,14.000,0.7603,-0.3787,-0.559,-0.559,-0.379,1.623,1.200,-1.052,0.0073,-1.286,nan,-8.00,1,1,1,0,1,-0.3014,0.800,1,0.298,3,0.613,0,0,yolo,102.6,yolo,1,1,0,0.000,0,-1,0
1785621128.700,11.432,-2.786,22.028,0.9790,0,-2.568,1.767,-4.000,0.3158,13.772,3.946,-2.820,1.000,15.988,14.000,4.2126,0.2378,-0.559,-0.615,-0.379,1.623,1.200,-1.019,0.0073,-1.310,nan,-8.00,1,1,1,1,1,-0.3095,0.800,1,0.298,3,0.613,0,0,yolo,104.0,yolo,1,1,0,0.000,0,-1,0
1785621128.731,12.054,-2.507,22.821,0.9770,0,-1.946,1.590,-4.000,0.2991,13.772,3.946,-2.820,1.000,15.988,14.000,0.2526,-0.5778,-0.363,-0.363,-0.578,1.629,1.200,-0.916,0.0073,-1.330,nan,-8.00,1,1,1,0,1,-0.3155,0.800,1,0.298,3,0.613,0,0,yolo,104.0,yolo,1,1,0,0.000,0,-1,0
1785621128.763,12.054,-2.507,22.821,0.9770,0,-1.946,1.587,-4.000,0.2919,13.772,3.946,-2.820,1.000,15.988,14.000,0.2526,-0.5778,-0.363,-0.363,-0.578,1.629,1.200,-0.919,0.0073,-1.330,nan,-8.00,1,1,1,0,1,-0.3079,0.800,1,0.298,3,0.647,0,0,yolo,104.0,yolo,1,1,0,0.000,0,-1,0
1785621128.794,12.054,-2.507,22.821,0.9770,0,-1.946,1.585,-4.000,0.2919,13.772,3.946,-2.820,1.000,15.988,14.000,0.2526,-0.5778,-0.363,-0.363,-0.578,1.629,1.200,-0.922,0.0073,-1.330,nan,-8.00,1,1,1,0,1,-0.3021,0.800,1,0.298,3,0.647,0,0,yolo,104.0,yolo,1,1,0,0.000,0,-1,0
1785621128.825,12.379,-2.373,23.518,0.9759,0,-1.621,1.490,-5.500,0.3086,13.509,3.342,-2.794,1.000,13.896,14.000,2.4664,0.6096,-0.223,-0.192,-0.721,1.632,1.200,-0.884,0.0073,-1.452,nan,0.00,1,1,1,1,1,0.0000,0.800,0,0.281,3,0.681,0,0,yolo,100.6,yolo,1,1,0,0.000,0,-1,0
1785621128.857,12.379,-2.373,23.518,0.9759,0,-1.621,1.479,-7.000,0.2919,13.509,3.342,-2.794,1.000,13.896,14.000,-0.0308,-0.7207,-0.223,-0.223,-0.721,1.632,1.200,-0.894,0.0073,-1.452,nan,0.00,1,1,1,0,1,0.0000,0.800,0,0.281,3,0.681,0,0,yolo,100.6,yolo,1,1,0,0.000,0,-1,0
1785621128.893,12.616,-2.321,24.396,0.9751,0,-1.384,1.468,-8.500,0.2843,13.509,3.342,-2.794,1.000,13.896,14.000,0.0903,-0.8344,-0.102,-0.102,-0.834,1.636,1.200,-0.853,0.0073,-1.448,nan,0.00,1,1,1,0,1,0.0000,0.800,0,0.281,3,0.681,1,0,yolo,100.6,yolo,1,1,0,0.000,0,-1,0
1785621128.936,12.791,-2.387,25.756,0.9743,0,0.116,1.595,-10.000,0.3009,13.373,2.864,-2.701,1.000,12.089,-3.269,6.3255,-0.1049,0.004,0.302,-0.924,1.642,1.200,-0.792,0.0073,-1.441,nan,8.00,1,1,1,1,1,0.9033,0.800,1,0.290,3,0.745,0,0,yolo,108.9,yolo,1,1,0,0.000,0,-1,0
1785621128.968,12.791,-2.387,25.756,0.9743,0,-1.209,1.564,-11.500,0.2843,13.373,2.864,-2.701,1.000,12.089,14.000,-0.2983,-0.9239,0.004,0.004,-0.924,1.642,1.200,-0.823,0.0073,-1.441,nan,8.00,1,1,1,0,1,0.9033,0.800,1,0.290,3,0.745,0,0,yolo,108.9,yolo,1,1,0,0.000,0,-1,0
1785621128.999,12.908,-2.525,27.424,0.9738,0,-1.092,1.816,-13.000,0.2766,13.373,2.864,-2.701,1.000,12.089,14.000,-0.2107,-0.9784,0.092,0.092,-0.978,1.652,1.200,-0.709,0.0073,-1.402,nan,8.00,1,1,1,0,1,0.8888,0.800,1,0.296,3,0.729,0,0,yolo,108.9,yolo,1,1,0,0.000,0,-1,0
1785621129.031,12.908,-2.525,27.424,0.9738,0,0.408,1.768,-14.500,0.2932,13.168,2.351,-2.545,1.000,10.122,-11.528,6.7795,-0.4177,0.092,0.463,-0.978,1.652,1.200,-0.757,0.0073,-1.374,nan,8.00,1,1,1,1,1,0.8779,0.800,1,0.296,3,0.729,0,0,yolo,97.6,yolo,1,1,0,0.000,0,-1,0
1785621129.062,12.749,-2.714,29.386,0.9743,0,-1.092,2.129,-16.000,0.2766,13.168,2.351,-2.545,1.000,10.122,14.000,-0.2988,-1.0128,0.164,0.164,-1.013,1.667,1.200,-0.585,0.0073,-1.338,nan,8.00,1,1,1,0,1,0.9218,0.800,1,0.279,3,0.705,0,0,yolo,97.6,yolo,1,1,0,0.000,0,-1,0
1785621129.093,12.749,-2.714,29.386,0.9743,0,-1.251,2.055,-17.500,0.2729,13.168,2.351,-2.545,1.000,10.122,14.000,-0.2988,-1.0128,0.164,0.164,-1.013,1.667,1.200,-0.659,0.0073,-1.338,nan,8.00,1,1,1,0,1,0.9547,0.800,1,0.279,3,0.705,0,0,yolo,97.6,yolo,1,1,0,0.000,0,-1,0
1785621129.125,12.830,-2.866,31.304,0.9738,0,0.249,2.408,-16.000,0.2895,12.987,1.951,-2.486,1.000,8.543,2.623,2.6844,0.0071,0.220,0.817,-1.038,1.686,1.200,-0.458,0.0073,-1.339,nan,0.00,1,1,1,1,1,0.0000,0.735,0,0.238,2,0.715,0,0,yolo,101.2,yolo,1,1,0,0.000,0,-1,0
1785621129.156,12.711,-2.959,32.880,0.9742,0,-1.251,2.654,-14.500,0.2729,12.987,1.951,-2.486,1.000,8.543,14.000,-0.5480,-1.0491,0.269,0.269,-1.049,1.705,1.200,-0.306,0.0073,-1.323,nan,0.00,1,1,1,0,1,0.0000,0.733,0,0.235,2,0.725,0,0,yolo,101.2,yolo,1,1,0,0.000,0,-1,0
1785621129.192,12.781,-2.994,34.223,0.9739,0,-1.219,2.812,-13.000,0.2701,12.987,1.951,-2.486,1.000,8.543,14.000,-0.5015,-1.0577,0.315,0.315,-1.058,1.724,1.200,-0.182,0.0073,-1.312,nan,0.00,1,1,1,0,1,0.0000,0.733,0,0.235,2,0.725,1,0,yolo,101.2,yolo,1,1,0,0.000,0,-1,0
1785621129.234,12.842,-2.977,35.420,0.9737,0,0.281,2.905,-11.500,0.2868,12.763,1.536,-2.370,1.000,6.862,-4.238,2.8085,-0.0574,0.368,1.102,-1.058,1.744,1.200,-0.072,0.0073,-1.304,nan,0.00,1,1,1,1,1,0.0000,0.693,0,0.202,2,0.830,0,0,yolo,104.9,yolo,1,1,0,0.000,0,-1,0
1785621129.265,12.842,-2.977,35.420,0.9737,0,-1.158,2.735,-10.000,0.2701,12.763,1.536,-2.370,1.000,6.862,14.000,-0.7339,-1.0577,0.368,0.368,-1.058,1.744,1.200,-0.242,0.0073,-1.304,nan,0.00,1,1,1,0,1,0.0000,0.693,0,0.202,2,0.830,0,0,yolo,104.9,yolo,1,1,0,0.000,0,-1,0
1785621129.296,12.930,-2.884,36.550,0.9734,0,-1.070,2.822,-8.500,0.2713,12.763,1.536,-2.370,1.000,6.862,14.000,-0.6554,-1.0413,0.446,0.446,-1.041,1.767,1.200,-0.062,0.0073,-1.322,nan,0.00,1,1,1,0,1,0.0000,0.527,0,0.152,2,0.821,0,0,yolo,104.9,yolo,1,1,0,0.000,0,-1,0
1785621129.327,13.000,-2.773,37.351,0.9732,0,0.430,2.792,-7.000,0.2880,12.557,1.009,-2.203,1.000,4.593,-14.000,4.9734,-0.1212,0.513,1.066,-1.030,1.784,1.200,0.019,0.0073,-1.310,nan,0.00,1,1,1,1,1,0.0000,0.522,0,0.147,2,0.818,0,0,yolo,97.5,yolo,1,1,0,0.000,0,-1,0
1785621129.358,13.000,-2.773,37.351,0.9732,0,1.930,2.625,-5.500,0.2715,12.557,1.009,-2.203,1.000,4.593,10.752,-0.5530,-1.0297,0.513,0.513,-1.030,1.784,1.200,-0.149,0.0073,-1.310,nan,0.00,1,1,1,0,1,0.0000,0.520,0,0.145,2,0.820,0,0,yolo,97.5,yolo,1,1,0,0.000,0,-1,0
1785621129.389,12.909,-2.632,38.064,0.9737,0,3.060,2.593,-4.593,0.2731,12.557,1.009,-2.203,1.000,4.593,9.849,-0.4767,-1.0155,0.589,0.589,-1.016,1.801,1.200,-0.039,0.0073,-1.343,nan,0.00,1,1,1,0,1,0.0000,0.520,0,0.145,2,0.820,0,0,yolo,97.5,yolo,1,1,0,0.000,0,-1,0
1785621129.421,12.588,-2.481,38.520,0.9750,0,4.560,2.474,-3.093,0.2897,12.365,0.412,-2.008,1.000,1.908,-14.000,5.7940,-0.1023,0.668,1.417,-1.007,1.814,1.200,-0.007,0.0073,-1.333,nan,0.00,1,1,1,1,1,0.0000,0.516,0,0.141,2,0.827,0,0,yolo,99.8,yolo,1,1,0,0.000,0,-1,0
1785621129.452,12.147,-2.302,38.802,0.9768,0,6.060,2.285,-1.908,0.2735,12.365,0.412,-2.008,1.000,1.908,2.896,-0.6669,-1.0114,0.750,0.750,-1.011,1.824,1.200,-0.017,0.0073,-1.378,nan,0.00,1,1,1,0,1,0.0000,0.507,0,0.132,2,0.836,0,0,yolo,99.8,yolo,1,1,0,0.000,0,-1,0
1785621129.483,11.621,-2.134,38.986,0.9788,0,7.560,2.081,-1.908,0.2739,12.365,0.412,-2.008,1.000,1.908,1.972,-0.5896,-1.0191,0.827,0.827,-1.019,1.831,1.200,-0.053,0.0073,-1.422,nan,0.00,1,1,1,0,1,0.0000,0.507,0,0.132,2,0.836,0,0,yolo,99.8,yolo,1,1,0,0.000,0,-1,0
1785621129.514,11.621,-2.134,38.986,0.9788,0,9.060,1.969,-1.908,0.2739,12.365,0.412,-2.008,1.000,1.908,1.972,-0.5896,-1.0191,0.827,0.827,-1.019,1.831,1.200,-0.164,0.0073,-1.422,nan,0.00,1,1,1,0,1,0.0000,0.504,0,0.129,2,0.848,0,0,yolo,99.8,yolo,1,1,0,0.000,0,-1,0
1785621129.545,10.981,-1.982,39.145,0.9811,0,10.560,1.811,-0.408,0.2862,12.159,-0.252,-1.759,1.000,-1.188,-14.000,6.5701,-0.6910,0.901,2.024,-1.027,1.836,1.200,-0.171,0.0073,-1.353,nan,0.00,1,1,1,1,1,0.0000,0.504,0,0.129,2,0.848,0,0,yolo,115.6,yolo,1,1,0,0.000,0,-1,0
1785621129.576,10.146,-1.829,39.334,0.9839,0,12.060,1.655,1.092,0.2709,12.159,-0.252,-1.759,1.000,-1.188,-4.633,-1.0465,-1.0304,0.978,0.978,-1.030,1.841,1.200,-0.175,0.0073,-1.387,nan,0.00,1,1,1,0,1,0.0000,0.503,0,0.128,2,0.852,0,0,yolo,115.6,yolo,1,1,0,0.000,0,-1,0
1785621129.608,9.032,-1.682,39.344,0.9872,0,13.560,1.448,1.188,0.2709,12.159,-0.252,-1.759,1.000,-1.188,-5.598,-0.9663,-1.0322,1.058,1.058,-1.032,1.842,1.200,-0.234,0.0073,-1.419,nan,0.00,1,1,1,0,1,0.0000,0.503,0,0.128,2,0.852,0,0,yolo,115.6,yolo,1,1,0,0.000,0,-1,0
1785621129.639,7.953,-1.544,39.225,0.9900,0,15.060,1.223,2.688,0.2624,11.960,-0.829,-1.494,1.000,-3.964,-14.000,4.3459,-1.1032,1.128,2.246,-1.028,1.839,1.200,-0.321,0.0073,-1.272,nan,0.00,1,1,1,1,1,0.0000,0.534,0,0.159,2,0.850,0,0,yolo,103.3,yolo,1,1,0,0.000,0,-1,0
1785621129.670,6.412,-1.387,38.995,0.9935,0,16.560,0.947,3.964,0.2659,11.960,-0.829,-1.494,1.000,-3.964,-13.335,-1.0363,-1.0166,1.210,1.210,-1.017,1.832,1.200,-0.440,0.0073,-1.287,nan,0.00,1,1,1,0,1,0.0000,0.534,0,0.159,2,0.850,0,0,yolo,103.3,yolo,1,1,0,0.000,0,-1,0
1785621129.701,4.919,-1.271,38.694,0.9961,0,18.060,0.706,3.964,0.2659,11.960,-0.829,-1.494,1.000,-3.964,-14.000,-0.9694,-1.0047,1.277,1.277,-1.005,1.822,1.200,-0.565,0.0073,-1.294,nan,0.00,1,1,1,0,1,0.0000,0.542,0,0.167,2,0.852,0,0,yolo,103.3,yolo,1,1,0,0.000,0,-1,0
1785621129.739,4.919,-1.271,38.694,0.9961,0,18.919,0.375,5.464,0.2493,11.798,-1.249,-1.262,1.000,-6.045,-14.000,4.2857,-1.9129,1.277,2.375,-1.005,1.822,1.347,-0.896,0.0073,-1.103,nan,0.00,1,1,1,1,1,0.0000,0.542,0,0.167,2,0.852,1,0,yolo,103.3,yolo,1,1,0,0.000,0,-1,0
1785621129.779,1.575,-1.127,37.932,0.9994,0,17.419,-0.200,6.045,0.2598,11.798,-1.249,-1.262,1.000,-6.045,-14.000,-0.9909,-0.9674,1.384,1.384,-0.967,1.795,1.385,-1.327,0.0073,-1.064,nan,0.00,1,1,1,0,1,0.0000,0.540,0,0.165,2,0.850,0,0,yolo,103.3,yolo,1,1,0,0.000,0,-1,0
1785621129.810,1.575,-1.127,37.932,0.9994,0,15.919,-0.095,6.045,0.2598,11.798,-1.249,-1.262,1.000,-6.045,-14.000,-0.9909,-0.9674,1.384,1.384,-0.967,1.795,1.385,-1.222,0.0073,-1.064,nan,0.00,1,1,1,0,1,0.0000,0.641,0,0.160,3,0.849,0,0,yolo,103.3,yolo,1,1,0,0.000,0,-1,0
1785621129.842,-0.051,-1.134,37.402,0.9998,0,14.419,-0.694,7.498,0.2432,11.658,-1.534,-1.075,1.000,-7.498,-14.000,2.9551,-2.0000,1.422,2.298,-0.937,1.776,1.556,-1.828,0.0074,-0.843,nan,0.00,1,1,1,1,1,0.0000,0.540,0,0.165,2,0.848,0,0,yolo,104.9,yolo,1,1,0,0.000,0,-1,0
1785621129.873,-1.411,-1.206,36.750,0.9995,0,12.919,-0.924,7.498,0.2550,11.658,-1.534,-1.075,1.000,-7.498,-14.000,-0.8505,-0.8965,1.447,1.447,-0.896,1.753,1.601,-2.129,0.0075,-0.792,nan,0.00,1,1,1,0,1,0.0000,0.540,0,0.165,2,0.848,0,0,yolo,104.9,yolo,1,1,0,0.000,0,-1,0
1785621129.903,-2.694,-1.314,36.051,0.9986,0,11.419,-1.102,7.498,0.2556,11.658,-1.534,-1.075,1.000,-7.498,-14.000,-0.8365,-0.8510,1.461,1.461,-0.851,1.729,1.651,-2.416,0.0075,-0.734,nan,0.00,1,1,1,0,1,0.0000,0.540,0,0.165,2,0.848,0,0,yolo,104.9,yolo,1,1,0,0.000,0,-1,0
1785621129.934,-2.694,-1.314,36.051,0.9986,0,11.306,-1.093,8.199,0.2389,11.595,-1.671,-0.958,1.000,-8.199,-14.000,1.4193,-1.2225,1.461,2.007,-0.851,1.729,1.721,-2.406,0.0076,-0.612,nan,0.00,1,1,1,1,1,0.0000,0.436,0,0.170,1,0.839,0,0,yolo,100.7,yolo,1,1,0,0.000,0,-1,0
1785621129.966,-3.747,-1.440,35.442,0.9975,0,10.253,-1.060,8.199,0.2527,11.595,-1.671,-0.958,1.000,-8.199,-14.000,-0.5435,-0.8054,1.463,1.463,-0.805,1.709,1.768,-2.500,0.0076,-0.555,nan,0.00,1,1,1,0,1,0.0000,0.436,0,0.170,1,0.839,0,0,yolo,100.7,yolo,1,1,0,0.000,0,-1,0
1785621129.998,-4.751,-1.579,34.815,0.9962,0,9.249,-0.921,8.199,0.2534,11.595,-1.671,-0.958,1.000,-8.199,-14.000,-0.5479,-0.7589,1.459,1.459,-0.759,1.690,1.816,-2.500,0.0077,-0.496,nan,0.00,1,1,1,0,1,0.0000,0.402,0,0.128,1,0.825,0,0,yolo,100.7,yolo,1,1,0,0.000,0,-1,0
1785621130.029,-5.607,-1.719,34.127,0.9948,0,8.393,-0.781,8.199,0.2544,11.595,-1.671,-0.958,1.000,-8.199,-14.000,-0.5602,-0.7087,1.447,1.447,-0.709,1.671,1.860,-2.500,0.0077,-0.442,nan,0.00,1,1,1,0,1,0.0000,0.402,0,0.128,1,0.825,0,0,yolo,100.7,yolo,1,1,0,0.000,0,-1,0
1785621130.060,-6.375,-1.855,33.460,0.9933,0,7.625,-0.645,8.166,0.2505,11.923,-1.711,-0.949,1.000,-8.166,-14.000,-0.0679,-0.7551,1.427,1.648,-0.668,1.653,1.924,-2.500,0.0078,-0.366,nan,0.00,1,1,1,1,1,0.0000,0.410,0,0.138,1,0.819,0,0,yolo,97.2,yolo,1,1,0,0.000,0,-1,0
1785621130.090,-7.193,-2.010,32.733,0.9915,0,6.807,-0.490,8.166,0.2552,11.923,-1.711,-0.949,1.000,-8.166,-14.000,-0.2475,-0.6234,1.400,1.400,-0.623,1.635,1.972,-2.500,0.0078,-0.308,nan,0.00,1,1,1,0,1,0.0000,0.410,0,0.138,1,0.819,0,0,yolo,97.2,yolo,1,1,0,0.000,0,-1,0
1785621130.121,-7.193,-2.010,32.733,0.9915,0,6.807,-0.490,8.166,0.2552,11.923,-1.711,-0.949,1.000,-8.166,-14.000,-0.2475,-0.6234,1.400,1.400,-0.623,1.635,1.972,-2.500,0.0078,-0.308,nan,0.00,1,1,1,0,1,0.0000,0.425,0,0.157,1,0.805,0,0,yolo,97.2,yolo,1,1,0,0.000,0,-1,0
1785621130.152,-7.936,-2.163,31.991,0.9897,0,6.064,-0.337,7.459,0.2718,12.525,-1.640,-1.000,1.000,-7.459,-14.000,-2.3187,-0.2586,1.365,1.184,-0.587,1.619,2.042,-2.500,0.0079,-0.291,nan,0.00,1,1,1,1,1,0.0000,0.425,0,0.157,1,0.805,0,0,yolo,94.8,yolo,1,1,0,0.000,0,-1,0
1785621130.183,-8.546,-2.290,31.326,0.9881,0,5.454,-0.210,7.459,0.2572,12.525,-1.640,-1.000,1.000,-7.459,-14.000,0.1406,-0.5579,1.325,1.325,-0.558,1.606,2.078,-2.500,0.0079,-0.244,nan,0.00,1,1,1,0,1,0.0000,0.432,0,0.165,1,0.810,0,0,yolo,94.8,yolo,1,1,0,0.000,0,-1,0
1785621130.215,-9.071,-2.405,30.710,0.9866,0,4.929,-0.095,7.459,0.2574,12.525,-1.640,-1.000,1.000,-7.459,-14.000,0.0959,-0.5332,1.280,1.280,-0.533,1.596,2.078,-2.500,0.0079,-0.203,nan,0.00,1,1,1,0,1,0.0000,0.432,0,0.165,1,0.810,0,0,yolo,94.8,yolo,1,1,0,0.000,0,-1,0
1785621130.247,-9.071,-2.405,30.710,0.9866,0,4.929,-0.095,6.769,0.2741,12.544,-1.489,-1.019,1.000,-6.769,-14.000,-1.1331,0.3120,1.280,0.846,-0.533,1.596,2.136,-2.500,0.0079,-0.245,nan,0.00,1,1,1,1,1,0.0000,0.292,0,0.208,1,0.807,0,0,yolo,98.0,yolo,1,1,0,0.000,0,-1,0
1785621130.279,-9.541,-2.517,30.080,0.9852,0,4.459,0.017,6.769,0.2591,12.544,-1.489,-1.019,1.000,-6.769,-14.000,0.3858,-0.5096,1.232,1.232,-0.510,1.587,2.136,-2.500,0.0080,-0.207,nan,0.00,1,1,1,0,1,0.0000,0.292,0,0.208,1,0.807,0,0,yolo,98.0,yolo,1,1,0,0.000,0,-1,0
1785621130.311,-9.996,-2.622,29.456,0.9838,0,4.004,0.122,6.769,0.2594,12.544,-1.489,-1.019,1.000,-6.769,-14.000,0.3293,-0.4861,1.176,1.176,-0.486,1.580,2.136,-2.500,0.0080,-0.171,nan,0.00,1,1,1,0,1,0.0000,0.298,0,0.221,1,0.818,0,0,yolo,98.0,yolo,1,1,0,0.000,0,-1,0
1785621130.342,-10.401,-2.717,28.860,0.9825,0,2.504,0.217,6.148,0.2761,12.479,-1.344,-1.028,1.000,-6.148,-12.123,-1.3526,0.0546,1.116,0.518,-0.465,1.575,2.188,-2.500,0.0080,-0.176,nan,0.00,1,1,1,1,1,0.0000,0.298,0,0.221,1,0.818,0,0,yolo,97.8,yolo,1,1,0,0.000,0,-1,0
1785621130.373,-10.401,-2.717,28.860,0.9825,0,3.599,0.217,6.148,0.2609,12.479,-1.344,-1.028,1.000,-6.148,-14.000,0.5978,-0.4649,1.116,1.116,-0.465,1.575,2.188,-2.500,0.0080,-0.176,nan,0.00,1,1,1,0,1,0.0000,0.605,0,0.230,1,0.812,0,0,yolo,97.8,yolo,1,1,0,0.000,0,-1,0
1785621130.403,-10.648,-2.800,28.294,0.9816,0,3.352,0.300,6.148,0.2613,12.479,-1.344,-1.028,1.000,-6.148,-14.000,0.5343,-0.4458,1.052,1.052,-0.446,1.571,2.188,-2.500,0.0080,-0.152,nan,0.00,1,1,1,0,1,0.0000,0.605,0,0.230,1,0.812,0,0,yolo,97.8,yolo,1,1,0,0.000,0,-1,0
1785621130.435,-10.982,-2.872,27.764,0.9805,0,1.852,0.372,4.941,0.2780,12.479,-1.079,-1.044,1.000,-4.941,-2.785,-2.6297,0.4131,0.989,0.525,-0.428,1.570,2.200,-2.500,0.0080,-0.193,nan,0.00,1,1,1,1,1,0.0000,0.617,0,0.242,1,0.807,0,0,yolo,93.7,yolo,1,1,0,0.000,0,-1,0
1785621130.461,-11.159,-2.924,27.305,0.9798,0,2.841,0.424,4.941,0.2639,12.479,-1.079,-1.044,1.000,-4.941,-14.000,0.3952,-0.4177,0.920,0.920,-0.418,1.570,2.200,-2.500,0.0081,-0.178,nan,0.00,1,1,1,0,1,0.0000,0.617,0,0.242,1,0.807,0,0,yolo,93.7,yolo,1,1,0,0.000,0,-1,0
1785621130.488,-11.159,-2.924,27.305,0.9798,0,2.841,0.424,4.941,0.2639,12.479,-1.079,-1.044,1.000,-4.941,-14.000,0.3952,-0.4177,0.920,0.920,-0.418,1.570,2.200,-2.500,0.0081,-0.178,nan,0.00,1,1,1,0,1,0.0000,0.617,0,0.242,1,0.807,1,0,yolo,93.7,yolo,1,1,0,0.000,0,-1,0
1785621130.514,-11.467,-2.968,26.865,0.9787,0,2.533,0.468,4.941,0.2642,12.479,-1.079,-1.044,1.000,-4.941,-14.000,0.3211,-0.4085,0.846,0.846,-0.409,1.573,2.200,-2.500,0.0081,-0.161,nan,0.00,1,1,1,0,1,0.0000,0.741,0,0.242,2,0.799,0,0,yolo,93.7,yolo,1,1,0,0.000,0,-1,0
1785621130.545,-11.719,-3.014,26.404,0.9778,0,1.033,0.514,3.657,0.2808,12.467,-0.797,-1.063,1.000,-3.657,14.000,-8.3776,1.8168,0.773,-0.433,-0.399,1.576,2.200,-2.500,0.0081,-0.222,nan,0.00,1,1,1,1,1,0.0000,0.741,0,0.242,2,0.799,0,0,yolo,102.3,yolo,1,1,0,0.000,0,-1,0
1785621130.577,-11.719,-3.014,26.404,0.9778,0,2.281,0.514,3.657,0.2668,12.467,-0.797,-1.063,1.000,-3.657,-14.000,1.2062,-0.3991,0.773,0.773,-0.399,1.576,2.200,-2.500,0.0081,-0.222,nan,0.00,1,1,1,0,1,0.0000,0.600,0,0.278,1,0.797,0,0,yolo,102.3,yolo,1,1,0,0.000,0,-1,0
1785621130.608,-11.810,-3.036,26.050,0.9775,0,2.190,0.536,3.657,0.2670,12.467,-0.797,-1.063,1.000,-3.657,-14.000,1.1313,-0.3922,0.698,0.698,-0.392,1.580,2.200,-2.500,0.0082,-0.216,nan,0.00,1,1,1,0,1,0.0000,0.350,0,0.278,2,0.794,0,0,yolo,102.3,yolo,1,1,0,0.000,0,-1,0
1785621130.636,-12.034,-3.046,25.755,0.9766,0,0.690,0.546,2.667,0.2837,12.466,-0.581,-1.072,1.000,-2.667,2.911,-1.6154,0.3632,0.622,-0.218,-0.387,1.586,2.186,-2.500,0.0082,-0.264,nan,0.00,1,1,1,1,1,0.0000,0.600,0,0.282,1,0.795,0,0,yolo,106.2,yolo,1,1,0,0.000,0,-1,0
1785621130.675,-12.094,-3.045,25.488,0.9764,0,1.906,0.545,2.667,0.2692,12.466,-0.581,-1.072,1.000,-2.667,-14.000,0.7587,-0.3844,0.540,0.540,-0.384,1.593,2.187,-2.500,0.0082,-0.263,nan,0.00,1,1,1,0,1,0.0000,0.600,0,0.282,1,0.795,2,0,yolo,106.2,yolo,1,1,0,0.000,0,-1,0
1785621130.702,-12.094,-3.045,25.488,0.9764,0,1.906,0.545,2.667,0.2692,12.466,-0.581,-1.072,1.000,-2.667,-14.000,0.7587,-0.3844,0.540,0.540,-0.384,1.593,2.187,-2.500,0.0082,-0.263,nan,0.00,1,1,1,0,1,0.0000,0.700,0,0.284,2,0.793,0,0,yolo,106.2,yolo,1,1,0,0.000,0,-1,0
1785621130.734,-12.295,-3.040,25.258,0.9757,0,0.406,0.540,1.653,0.2859,12.407,-0.358,-1.058,1.000,-1.653,8.632,-2.1973,0.3461,0.460,-0.257,-0.384,1.600,2.152,-2.500,0.0083,-0.298,nan,0.00,1,1,1,1,1,0.0000,0.700,0,0.284,2,0.795,0,0,yolo,98.5,yolo,1,1,0,0.000,0,-1,0
1785621130.766,-12.330,-3.023,25.089,0.9756,0,-1.094,0.523,1.653,0.2703,12.407,-0.358,-1.058,1.000,-1.653,-9.940,0.6364,-0.3924,0.380,0.380,-0.392,1.607,2.149,-2.500,0.0083,-0.301,nan,0.00,1,1,1,0,1,0.0000,0.700,0,0.284,2,0.795,0,0,yolo,98.5,yolo,1,1,0,0.000,0,-1,0
1785621130.799,-12.221,-3.000,24.959,0.9760,0,-2.594,0.500,1.653,0.2701,12.407,-0.358,-1.058,1.000,-1.653,-8.974,0.5553,-0.3979,0.299,0.299,-0.398,1.615,2.143,-2.500,0.0083,-0.307,nan,0.00,1,1,1,0,1,0.0000,0.700,0,0.289,2,0.798,0,0,yolo,98.5,yolo,1,1,0,0.000,0,-1,0
1785621130.829,-11.967,-2.982,24.807,0.9769,0,-4.094,0.482,0.868,0.2835,12.053,-0.183,-0.985,1.000,-0.868,8.630,-1.6517,-0.0956,0.218,-0.356,-0.402,1.623,2.152,-2.500,0.0084,-0.298,nan,0.00,1,1,1,1,1,0.0000,0.700,0,0.288,2,0.800,0,0,yolo,105.0,yolo,1,1,0,0.000,0,-1,0
1785621130.860,-11.967,-2.982,24.807,0.9769,0,-5.374,0.482,0.868,0.2694,12.053,-0.183,-0.985,1.000,-0.868,-6.593,0.5742,-0.4021,0.218,0.218,-0.402,1.623,2.152,-2.500,0.0084,-0.298,nan,0.00,1,1,1,0,1,0.0000,0.700,0,0.288,2,0.800,0,0,yolo,105.0,yolo,1,1,0,0.000,0,-1,0
1785621130.891,-11.402,-2.954,24.703,0.9790,0,-5.829,0.454,0.868,0.2693,12.053,-0.183,-0.985,1.000,-0.868,-5.573,0.4900,-0.4008,0.134,0.134,-0.401,1.631,2.143,-2.500,0.0084,-0.307,nan,0.00,1,1,1,0,1,0.0000,0.400,0,0.291,3,0.807,0,0,yolo,105.0,yolo,1,1,0,0.000,0,-1,0
1785621130.922,-10.829,-2.920,24.636,0.9809,0,-6.217,0.420,0.868,0.2691,12.053,-0.183,-0.985,1.000,-0.868,-4.612,0.4108,-0.4001,0.055,0.055,-0.400,1.639,2.132,-2.500,0.0085,-0.318,nan,0.00,1,1,1,0,1,0.0000,0.800,0,0.291,3,0.807,0,0,yolo,105.0,yolo,1,1,0,0.000,0,-1,0
1785621130.949,-10.829,-2.920,24.636,0.9809,0,-7.717,0.420,0.155,0.2730,11.761,-0.032,-0.902,1.000,-0.155,8.035,-1.0976,-0.2901,0.055,-0.401,-0.400,1.639,2.170,-2.500,0.0085,-0.280,nan,0.00,1,1,1,1,1,0.0000,0.350,0,0.290,2,0.804,0,0,yolo,101.2,yolo,1,1,0,0.000,0,-1,0
1785621130.985,-10.224,-2.892,24.552,0.9829,0,-8.055,0.392,0.155,0.2680,11.761,-0.032,-0.902,1.000,-0.155,-2.168,0.3831,-0.3944,-0.018,-0.018,-0.394,1.647,2.163,-2.500,0.0085,-0.287,nan,0.00,1,1,1,0,1,0.0000,0.350,0,0.290,2,0.804,0,0,yolo,101.2,yolo,1,1,0,0.000,0,-1,0
1785621131.015,-9.337,-2.856,24.518,0.9855,0,-8.101,0.356,0.155,0.2678,11.761,-0.032,-0.902,1.000,-0.155,-1.236,0.3074,-0.3888,-0.094,-0.094,-0.389,1.655,2.152,-2.500,0.0085,-0.298,nan,0.00,1,1,1,0,1,0.0000,0.700,0,0.287,2,0.807,0,0,yolo,101.2,yolo,1,1,0,0.000,0,-1,0
1785621131.046,-8.557,-2.820,24.516,0.9877,0,-9.601,0.320,-0.463,0.2512,11.638,0.094,-0.826,1.000,0.463,14.000,-3.7639,-1.2247,-0.157,-0.905,-0.386,1.662,2.193,-2.500,0.0086,-0.257,nan,0.00,1,1,1,1,1,0.0000,0.700,0,0.287,2,0.807,0,0,yolo,103.7,yolo,1,1,0,0.000,0,-1,0
1785621131.076,-7.597,-2.785,24.542,0.9901,0,-8.101,0.285,-0.463,0.2665,11.638,0.094,-0.826,1.000,0.463,-0.682,0.6881,-0.3715,-0.217,-0.217,-0.371,1.668,2.186,-2.500,0.0086,-0.264,nan,0.00,1,1,1,0,1,0.0000,0.369,0,0.240,2,0.771,0,0,yolo,103.7,yolo,1,1,0,0.000,0,-1,0
1785621131.112,-7.597,-2.785,24.542,0.9901,0,-6.916,0.285,-0.463,0.2665,11.638,0.094,-0.826,1.000,0.463,-0.682,0.6881,-0.3715,-0.217,-0.217,-0.371,1.668,2.186,-2.500,0.0086,-0.264,nan,0.00,1,1,1,0,1,0.0000,0.369,0,0.240,2,0.771,1,0,yolo,103.7,yolo,1,1,0,0.000,0,-1,0
1785621131.138,-6.819,-2.749,24.590,0.9918,0,-8.416,0.249,-0.897,0.2711,11.574,0.181,-0.773,1.000,0.897,11.307,-0.6567,-0.2391,-0.269,-0.780,-0.356,1.674,2.200,-2.500,0.0086,-0.233,nan,0.00,1,1,1,1,1,0.0000,0.355,0,0.216,2,0.738,0,0,yolo,100.2,yolo,1,1,0,0.000,0,-1,0
1785621131.173,-5.977,-2.716,24.660,0.9934,0,-8.256,0.216,-0.897,0.2662,11.574,0.181,-0.773,1.000,0.897,2.279,0.4629,-0.3412,-0.317,-0.317,-0.341,1.680,2.200,-2.500,0.0087,-0.238,nan,0.00,1,1,1,0,1,0.0000,0.709,0,0.216,2,0.738,3,0,yolo,100.2,yolo,1,1,0,0.000,0,-1,0
1785621131.201,-5.977,-2.716,24.660,0.9934,0,-8.256,0.216,-0.897,0.2662,11.574,0.181,-0.773,1.000,0.897,2.279,0.4629,-0.3412,-0.317,-0.317,-0.341,1.680,2.200,-2.500,0.0087,-0.238,nan,0.00,1,1,1,0,1,0.0000,0.283,0,0.190,1,0.759,0,0,yolo,100.2,yolo,1,1,0,0.000,0,-1,0
1785621131.238,-5.116,-2.684,24.749,0.9949,0,-9.756,0.184,-1.187,0.2605,11.395,0.236,-0.698,1.000,1.187,10.218,-0.4326,-0.4226,-0.360,-0.676,-0.327,1.685,2.200,-2.500,0.0087,-0.181,nan,0.00,1,1,1,1,1,0.0000,0.565,0,0.190,1,0.759,1,0,yolo,97.1,yolo,1,1,0,0.000,0,-1,0
1785621131.279,-4.292,-2.655,24.827,0.9961,0,-8.837,0.155,-1.187,0.2652,11.395,0.236,-0.698,1.000,1.187,4.546,0.2802,-0.3132,-0.396,-0.396,-0.313,1.690,2.200,-2.500,0.0087,-0.185,nan,0.00,1,1,1,0,1,0.0000,0.673,0,0.186,2,0.772,0,0,yolo,97.1,yolo,1,1,0,0.000,0,-1,0
1785621131.310,-3.274,-2.630,24.928,0.9973,0,-8.197,0.130,-1.187,0.2652,11.395,0.236,-0.698,1.000,1.187,4.923,0.2501,-0.3086,-0.426,-0.426,-0.309,1.694,2.200,-2.500,0.0087,-0.186,nan,0.00,1,1,1,0,1,0.0000,0.514,0,0.139,2,0.810,0,0,yolo,97.1,yolo,1,1,0,0.000,0,-1,0
1785621131.342,-2.432,-2.609,25.046,0.9981,0,-9.697,0.109,-1.321,0.2485,11.037,0.255,-0.607,1.000,1.321,9.964,-0.3887,-1.0781,-0.449,-0.607,-0.305,1.698,2.200,-2.500,0.0088,-0.114,nan,0.00,1,1,1,1,1,0.0000,0.514,0,0.139,2,0.810,0,0,yolo,103.4,yolo,1,1,0,0.000,0,-1,0
1785621131.373,-2.432,-2.609,25.046,0.9981,0,-8.435,0.109,-1.321,0.2630,11.037,0.255,-0.607,1.000,1.321,6.003,0.1580,-0.3049,-0.449,-0.449,-0.305,1.698,2.200,-2.500,0.0088,-0.114,nan,0.00,1,1,1,0,1,0.0000,0.514,0,0.139,2,0.810,0,0,yolo,103.4,yolo,1,1,0,0.000,0,-1,0
1785621131.404,-1.384,-2.593,25.169,0.9987,0,-7.600,0.093,-1.321,0.2637,11.037,0.255,-0.607,1.000,1.321,6.216,0.1413,-0.2859,-0.466,-0.466,-0.286,1.702,2.200,-2.500,0.0088,-0.113,nan,0.00,1,1,1,0,1,0.0000,0.517,0,0.142,2,0.810,0,0,yolo,103.4,yolo,1,1,0,0.000,0,-1,0
1785621131.435,-0.620,-2.581,25.292,0.9989,0,-9.100,0.081,-1.417,0.2480,10.814,0.268,-0.539,1.000,1.417,8.597,-0.1819,-0.5920,-0.474,-0.522,-0.264,1.705,2.200,-2.500,0.0088,-0.054,nan,0.00,1,1,1,1,1,0.0000,0.514,0,0.139,2,0.832,0,0,yolo,94.8,yolo,1,1,0,0.000,0,-1,0
1785621131.466,0.335,-2.572,25.421,0.9990,0,-7.600,0.072,-1.417,0.2642,10.814,0.268,-0.539,1.000,1.417,7.101,0.0454,-0.2310,-0.477,-0.477,-0.231,1.708,2.200,-2.500,0.0088,-0.051,nan,0.00,1,1,1,0,1,0.0000,0.514,0,0.139,2,0.832,0,0,yolo,94.8,yolo,1,1,0,0.000,0,-1,0
1785621131.498,0.335,-2.572,25.421,0.9990,0,-6.766,0.072,-1.417,0.2642,10.814,0.268,-0.539,1.000,1.417,7.101,0.0454,-0.2310,-0.477,-0.477,-0.231,1.708,2.200,-2.500,0.0088,-0.051,nan,0.00,1,1,1,0,1,0.0000,0.146,0,0.112,1,0.842,0,0,yolo,94.8,yolo,1,1,0,0.000,0,-1,0
1785621131.533,1.131,-2.565,25.557,0.9988,0,-6.065,0.065,-1.430,0.2536,10.510,0.262,-0.470,1.000,1.430,7.196,-0.0179,-0.4287,-0.472,-0.432,-0.199,1.712,2.200,-2.500,0.0088,0.006,nan,0.00,1,1,1,1,1,0.0000,0.146,0,0.112,1,0.842,1,0,yolo,97.6,yolo,1,1,0,0.000,0,-1,0
1785621131.576,1.720,-2.561,25.682,0.9986,0,-5.786,0.061,-1.430,0.2655,10.510,0.262,-0.470,1.000,1.430,7.506,-0.0304,-0.1647,-0.463,-0.463,-0.165,1.714,2.200,-2.500,0.0088,0.008,nan,0.00,1,1,1,0,1,0.0000,0.286,0,0.101,1,0.852,0,0,yolo,97.6,yolo,1,1,0,0.000,0,-1,0
1785621131.607,2.340,-2.559,25.810,0.9982,0,-4.982,0.059,-1.430,0.2668,10.510,0.262,-0.470,1.000,1.430,7.322,-0.0164,-0.1361,-0.449,-0.449,-0.136,1.717,2.200,-2.500,0.0088,0.010,nan,0.00,1,1,1,0,1,0.0000,0.278,0,0.088,1,0.857,0,0,yolo,97.6,yolo,1,1,0,0.000,0,-1,0
1785621131.638,2.825,-2.558,25.932,0.9978,0,-3.752,0.058,-1.436,0.2502,10.422,0.261,-0.421,1.000,1.436,6.577,-0.0151,-0.7171,-0.432,-0.353,-0.110,1.720,2.200,-2.500,0.0088,0.058,nan,0.00,1,1,1,1,1,0.0000,0.270,0,0.076,1,0.870,0,0,yolo,102.3,yolo,1,1,0,0.000,0,-1,0
1785621131.668,3.161,-2.558,26.043,0.9975,0,-4.143,0.058,-1.436,0.2668,10.422,0.261,-0.421,1.000,1.436,7.304,-0.0607,-0.0889,-0.414,-0.414,-0.089,1.722,2.200,-2.500,0.0088,0.060,nan,0.00,1,1,1,0,1,0.0000,0.270,0,0.076,1,0.870,0,0,yolo,102.3,yolo,1,1,0,0.000,0,-1,0
1785621131.698,3.161,-2.558,26.043,0.9975,0,-4.143,0.058,-1.436,0.2676,10.422,0.261,-0.421,1.000,1.436,7.304,-0.0607,-0.0889,-0.414,-0.414,-0.089,1.722,2.200,-2.500,0.0088,0.060,nan,0.00,1,1,1,0,1,0.0000,0.352,0,0.065,2,0.879,0,0,yolo,102.3,yolo,1,1,0,0.000,0,-1,0
1785621131.730,3.569,-2.560,26.165,0.9971,0,-2.643,0.060,-1.439,0.2519,10.053,0.252,-0.365,1.000,1.439,6.051,-0.0048,-0.4119,-0.393,-0.285,-0.067,1.725,2.200,-2.500,0.0088,0.101,nan,0.00,1,1,1,1,1,0.0000,0.352,0,0.065,2,0.879,0,0,yolo,97.7,yolo,1,1,0,0.000,0,-1,0
1785621131.760,3.951,-2.561,26.279,0.9966,0,-3.234,0.061,-1.439,0.2682,10.053,0.252,-0.365,1.000,1.439,7.185,-0.0856,-0.0519,-0.370,-0.370,-0.052,1.728,2.200,-2.500,0.0088,0.103,nan,0.00,1,1,1,0,1,0.0000,0.356,0,0.070,2,0.862,0,0,yolo,97.7,yolo,1,1,0,0.000,0,-1,0
1785621131.791,4.265,-2.564,26.401,0.9962,0,-2.564,0.064,-1.439,0.2687,10.053,0.252,-0.365,1.000,1.439,6.830,-0.0593,-0.0430,-0.344,-0.344,-0.043,1.730,2.200,-2.500,0.0087,0.105,nan,0.00,1,1,1,0,1,0.0000,0.359,0,0.073,2,0.858,0,0,yolo,97.7,yolo,1,1,0,0.000,0,-1,0
1785621131.821,4.531,-2.567,26.530,0.9959,0,-1.899,0.067,-1.439,0.2690,10.053,0.252,-0.365,1.000,1.439,6.430,-0.0297,-0.0365,-0.314,-0.314,-0.037,1.733,2.200,-2.500,0.0087,0.107,nan,0.00,1,1,1,0,1,0.0000,0.360,0,0.074,2,0.850,0,0,yolo,97.7,yolo,1,1,0,0.000,0,-1,0
1785621131.853,4.531,-2.567,26.530,0.9959,0,-0.399,0.067,-1.357,0.2548,9.731,0.230,-0.315,1.000,1.357,4.371,0.1391,-0.3272,-0.314,-0.190,-0.037,1.733,2.200,-2.500,0.0087,0.140,nan,0.00,1,1,1,1,1,0.0000,0.360,0,0.074,2,0.850,0,0,yolo,102.6,yolo,1,1,0,0.000,0,-1,0
1785621131.884,4.731,-2.571,26.660,0.9956,0,-1.629,0.071,-1.357,0.2679,9.731,0.230,-0.315,1.000,1.357,6.360,-0.0936,-0.0395,-0.283,-0.283,-0.039,1.736,2.200,-2.500,0.0087,0.141,nan,0.00,1,1,1,0,1,0.0000,0.363,0,0.079,2,0.833,0,0,yolo,102.6,yolo,1,1,0,0.000,0,-1,0
1785621131.918,4.911,-2.574,26.786,0.9953,0,-0.992,0.074,-1.357,0.2676,9.731,0.230,-0.315,1.000,1.357,5.902,-0.0605,-0.0453,-0.250,-0.250,-0.045,1.739,2.200,-2.500,0.0087,0.143,nan,0.00,1,1,1,0,1,0.0000,0.363,0,0.079,2,0.833,1,0,yolo,102.6,yolo,1,1,0,0.000,0,-1,0
1785621131.961,5.014,-2.576,26.899,0.9952,0,0.508,0.076,-1.283,0.2583,9.428,0.211,-0.270,1.000,1.283,3.770,0.0913,-0.2310,-0.219,-0.112,-0.051,1.742,2.200,-2.500,0.0087,0.173,nan,0.00,1,1,1,1,1,0.0000,0.368,0,0.085,2,0.834,0,0,yolo,99.4,yolo,1,1,0,0.000,0,-1,0
1785621131.992,4.955,-2.579,27.031,0.9953,0,-0.264,0.079,-1.283,0.2665,9.428,0.211,-0.270,1.000,1.283,5.219,-0.0703,-0.0493,-0.182,-0.182,-0.049,1.745,2.200,-2.500,0.0087,0.174,nan,0.00,1,1,1,0,1,0.0000,0.371,0,0.088,2,0.842,0,0,yolo,99.4,yolo,1,1,0,0.000,0,-1,0
1785621132.022,4.898,-2.581,27.152,0.9953,0,0.159,0.081,-1.283,0.2670,9.428,0.211,-0.270,1.000,1.283,4.739,-0.0364,-0.0381,-0.148,-0.148,-0.038,1.749,2.200,-2.500,0.0086,0.174,nan,0.00,1,1,1,0,1,0.0000,0.371,0,0.088,2,0.842,0,0,yolo,99.4,yolo,1,1,0,0.000,0,-1,0
1785621132.055,4.899,-2.581,27.154,0.9953,0,1.659,0.081,-1.212,0.2503,9.107,0.193,-0.227,1.000,1.212,3.107,0.1698,-0.4071,-0.148,-0.098,-0.038,1.749,2.200,-2.500,0.0086,0.201,nan,0.00,1,1,1,1,1,0.0000,0.281,0,0.093,1,0.849,0,0,yolo,100.1,yolo,1,1,0,0.000,0,-1,0
1785621132.085,4.734,-2.582,27.264,0.9956,0,0.511,0.082,-1.212,0.2670,9.107,0.193,-0.227,1.000,1.212,4.222,-0.0185,-0.0125,-0.117,-0.117,-0.012,1.752,2.200,-2.500,0.0086,0.200,nan,0.00,1,1,1,0,1,0.0000,0.282,0,0.095,1,0.856,0,0,yolo,100.1,yolo,1,1,0,0.000,0,-1,0
1785621132.115,4.700,-2.583,27.372,0.9956,0,0.919,0.083,-1.212,0.2684,9.107,0.193,-0.227,1.000,1.212,3.781,0.0121,0.0151,-0.086,-0.086,0.015,1.755,2.200,-2.500,0.0086,0.200,nan,0.00,1,1,1,0,1,0.0000,0.282,0,0.095,1,0.856,0,0,yolo,100.1,yolo,1,1,0,0.000,0,-1,0
1785621132.147,4.700,-2.583,27.372,0.9956,0,0.931,0.083,-1.232,0.2601,9.050,0.195,-0.204,1.000,1.232,3.769,-0.0239,-0.1542,-0.086,-0.060,0.015,1.755,2.200,-2.500,0.0086,0.221,nan,0.00,1,1,1,1,1,0.0000,0.282,0,0.095,1,0.878,0,0,yolo,104.6,yolo,1,1,0,0.000,0,-1,0
1785621132.181,4.623,-2.583,27.474,0.9957,0,0.998,0.083,-1.232,0.2686,9.050,0.195,-0.204,1.000,1.232,3.625,0.0017,0.0336,-0.058,-0.058,0.034,1.758,2.200,-2.500,0.0085,0.221,nan,0.00,1,1,1,0,1,0.0000,0.282,0,0.095,1,0.878,1,0,yolo,104.6,yolo,1,1,0,0.000,0,-1,0
1785621132.207,4.519,-2.583,27.594,0.9959,0,1.340,0.083,-1.232,0.2690,9.050,0.195,-0.204,1.000,1.232,3.178,0.0325,0.0452,-0.028,-0.028,0.045,1.762,2.200,-2.500,0.0085,0.220,nan,0.00,1,1,1,0,1,0.0000,0.281,0,0.093,1,0.878,0,0,yolo,104.6,yolo,1,1,0,0.000,0,-1,0
1785621132.243,4.389,-2.583,27.704,0.9961,0,1.594,0.083,-1.201,0.2584,8.880,0.186,-0.172,1.000,1.201,2.795,0.0356,-0.1737,-0.001,0.003,0.054,1.765,2.200,-2.500,0.0085,0.244,nan,0.00,1,1,1,1,1,0.0000,0.281,0,0.093,1,0.878,3,0,yolo,100.2,yolo,1,1,0,0.000,0,-1,0
1785621132.285,4.247,-2.583,27.803,0.9962,0,1.572,0.083,-1.201,0.2687,8.880,0.186,-0.172,1.000,1.201,2.676,0.0203,0.0563,0.023,0.023,0.056,1.768,2.200,-2.500,0.0085,0.243,nan,0.00,1,1,1,0,1,0.0000,0.279,0,0.090,1,0.876,0,0,yolo,100.2,yolo,1,1,0,0.000,0,-1,0
1785621132.317,4.101,-2.583,27.904,0.9964,0,1.776,0.083,-1.201,0.2687,8.880,0.186,-0.172,1.000,1.201,2.325,0.0442,0.0573,0.047,0.047,0.057,1.770,2.200,-2.500,0.0084,0.242,nan,0.00,1,1,1,0,1,0.0000,0.277,0,0.086,1,0.880,0,0,yolo,100.2,yolo,1,1,0,0.000,0,-1,0
1785621132.354,4.101,-2.583,27.904,0.9964,0,0.572,0.083,-1.255,0.2676,8.665,0.190,-0.164,1.000,1.255,3.529,-0.1232,0.0320,0.047,0.023,0.057,1.770,2.200,-2.500,0.0084,0.240,nan,0.00,1,1,1,1,1,0.0000,0.276,0,0.084,1,0.873,0,0,yolo,103.1,yolo,1,1,0,0.000,0,-1,0
1785621132.382,3.942,-2.582,28.002,0.9966,0,1.719,0.082,-1.255,0.2687,8.665,0.190,-0.164,1.000,1.255,2.223,0.0462,0.0576,0.069,0.069,0.058,1.773,2.200,-2.500,0.0084,0.240,nan,0.00,1,1,1,0,1,0.0000,0.276,0,0.084,1,0.873,0,0,yolo,103.1,yolo,1,1,0,0.000,0,-1,0
1785621132.410,3.759,-2.581,28.123,0.9968,0,1.896,0.081,-1.255,0.2686,8.665,0.190,-0.164,1.000,1.255,1.863,0.0704,0.0575,0.093,0.093,0.058,1.777,2.200,-2.500,0.0084,0.239,nan,0.00,1,1,1,0,1,0.0000,0.270,0,0.075,1,0.871,0,0,yolo,103.1,yolo,1,1,0,0.000,0,-1,0
1785621132.442,3.564,-2.580,28.238,0.9971,0,1.823,0.080,-1.201,0.2693,8.406,0.176,-0.158,1.000,1.201,1.741,0.0800,0.0689,0.114,0.084,0.057,1.780,2.200,-2.500,0.0083,0.232,nan,0.00,1,1,1,1,1,0.0000,0.270,0,0.075,1,0.871,0,0,yolo,99.0,yolo,1,1,0,0.000,0,-1,0
1785621132.478,3.564,-2.580,28.238,0.9971,0,1.884,0.080,-1.201,0.2687,8.406,0.176,-0.158,1.000,1.201,1.681,0.0303,0.0574,0.114,0.114,0.057,1.780,2.200,-2.500,0.0083,0.232,nan,0.00,1,1,1,0,1,0.0000,0.269,0,0.073,1,0.869,0,0,yolo,99.0,yolo,1,1,0,0.000,0,-1,0
1785621132.505,3.388,-2.579,28.343,0.9972,0,1.998,0.079,-1.201,0.2683,8.406,0.176,-0.158,1.000,1.201,1.390,0.0494,0.0497,0.134,0.134,0.050,1.783,2.200,-2.500,0.0083,0.231,nan,0.00,1,1,1,0,1,0.0000,0.269,0,0.073,1,0.869,0,0,yolo,99.0,yolo,1,1,0,0.000,0,-1,0
1785621132.536,3.191,-2.577,28.446,0.9974,0,2.076,0.077,-1.201,0.2679,8.406,0.176,-0.158,1.000,1.201,1.115,0.0674,0.0409,0.152,0.152,0.041,1.785,2.200,-2.500,0.0083,0.230,nan,0.00,1,1,1,0,1,0.0000,0.265,0,0.067,1,0.869,0,0,yolo,99.0,yolo,1,1,0,0.000,0,-1,0
1785621132.567,2.977,-2.575,28.556,0.9976,0,2.091,0.075,-1.082,0.2636,8.118,0.153,-0.138,1.000,1.082,0.885,0.1692,-0.0492,0.169,0.092,0.032,1.788,2.200,-2.500,0.0083,0.235,nan,0.00,1,1,1,1,1,0.0000,0.265,0,0.067,1,0.869,0,0,yolo,109.1,yolo,1,1,0,0.000,0,-1,0
1785621132.598,2.977,-2.575,28.556,0.9976,0,2.446,0.075,-1.082,0.2672,8.118,0.153,-0.138,1.000,1.082,0.531,0.0770,0.0320,0.169,0.169,0.032,1.788,2.200,-2.500,0.0082,0.235,nan,0.00,1,1,1,0,1,0.0000,0.263,0,0.064,1,0.865,0,0,yolo,109.1,yolo,1,1,0,0.000,0,-1,0
1785621132.635,2.758,-2.572,28.659,0.9978,0,2.480,0.072,-1.082,0.2670,8.118,0.153,-0.138,1.000,1.082,0.277,0.0933,0.0271,0.185,0.185,0.027,1.791,2.200,-2.500,0.0082,0.234,nan,0.00,1,1,1,0,1,0.0000,0.260,0,0.058,1,0.872,0,0,yolo,109.1,yolo,1,1,0,0.000,0,-1,0
1785621132.682,2.285,-2.566,28.839,0.9982,0,2.561,0.066,-0.855,0.2657,7.801,0.116,-0.120,1.000,0.855,-0.277,0.2314,0.0022,0.210,0.114,0.021,1.797,2.200,-2.500,0.0082,0.234,nan,0.00,1,1,1,1,1,0.0000,0.260,0,0.058,1,0.872,1,0,yolo,97.9,yolo,1,1,0,0.000,0,-1,0
1785621132.723,2.055,-2.563,28.914,0.9984,0,2.875,0.063,-0.855,0.2665,7.801,0.116,-0.120,1.000,0.855,-0.820,0.1061,0.0197,0.220,0.220,0.020,1.799,2.200,-2.500,0.0082,0.233,nan,0.00,1,1,1,0,1,0.0000,0.258,0,0.054,1,0.861,0,0,yolo,97.9,yolo,1,1,0,0.000,0,-1,0
1785621132.755,2.055,-2.563,28.914,0.9984,0,4.375,0.063,-0.552,0.2586,7.514,0.072,-0.096,1.000,0.552,-3.658,0.5965,-0.1472,0.220,0.180,0.020,1.799,2.200,-2.500,0.0081,0.243,nan,0.00,1,1,1,1,1,0.0000,0.258,0,0.054,1,0.861,1,0,yolo,94.6,yolo,1,1,0,0.000,0,-1,0
1785621132.786,1.744,-2.559,28.990,0.9985,0,3.250,0.059,-0.552,0.2661,7.514,0.072,-0.096,1.000,0.552,-1.505,0.0505,0.0185,0.230,0.230,0.019,1.802,2.200,-2.500,0.0081,0.242,nan,0.00,1,1,1,0,1,0.0000,0.252,0,0.045,1,0.869,0,0,yolo,94.6,yolo,1,1,0,0.000,0,-1,0
1785621132.817,1.385,-2.554,29.046,0.9987,0,3.021,0.054,-0.552,0.2658,7.514,0.072,-0.096,1.000,0.552,-1.636,0.0584,0.0140,0.238,0.238,0.014,1.804,2.200,-2.500,0.0081,0.241,nan,0.00,1,1,1,0,1,0.0000,0.336,0,0.045,2,0.857,0,0,yolo,94.6,yolo,1,1,0,0.000,0,-1,0
1785621132.855,1.115,-2.550,29.085,0.9988,0,4.009,0.050,-0.283,0.2583,7.245,0.036,-0.064,1.000,0.283,-2.894,0.2545,-0.1394,0.243,0.196,0.011,1.806,2.191,-2.500,0.0081,0.259,nan,0.00,1,1,1,1,1,0.0000,0.336,0,0.045,2,0.857,2,0,yolo,106.7,yolo,1,1,0,0.000,0,-1,0
1785621132.896,0.787,-2.546,29.117,0.9989,0,3.248,0.046,-0.283,0.2651,7.245,0.036,-0.064,1.000,0.283,-2.461,0.0498,0.0126,0.246,0.246,0.013,1.808,2.191,-2.500,0.0080,0.259,nan,0.00,1,1,1,0,1,0.0000,0.333,0,0.041,2,0.857,0,0,yolo,106.7,yolo,1,1,0,0.000,0,-1,0
1785621132.927,0.490,-2.542,29.136,0.9990,0,2.979,0.042,-0.283,0.2655,7.245,0.036,-0.064,1.000,0.283,-2.489,0.0515,0.0208,0.248,0.248,0.021,1.810,2.192,-2.500,0.0080,0.258,nan,0.00,1,1,1,0,1,0.0000,0.249,0,0.040,1,0.856,0,0,yolo,106.7,yolo,1,1,0,0.000,0,-1,0
1785621132.959,0.230,-2.538,29.156,0.9990,0,4.479,0.038,0.011,0.2511,6.981,-0.001,-0.032,1.000,-0.011,-5.795,0.5380,-0.2846,0.248,0.250,0.029,1.811,2.173,-2.500,0.0080,0.277,nan,0.00,1,1,1,1,1,0.0000,0.249,0,0.040,1,0.855,0,0,yolo,101.7,yolo,1,1,0,0.000,0,-1,0
1785621132.990,-0.123,-2.535,29.173,0.9990,0,2.979,0.035,0.011,0.2659,6.981,-0.001,-0.032,1.000,-0.011,-3.033,-0.0042,0.0446,0.246,0.246,0.045,1.813,2.173,-2.500,0.0080,0.277,nan,0.00,1,1,1,0,1,0.0000,0.330,0,0.038,2,0.854,0,0,yolo,101.7,yolo,1,1,0,0.000,0,-1,0
1785621133.021,-0.129,-2.535,29.173,0.9990,0,2.904,0.035,0.011,0.2659,6.981,-0.001,-0.032,1.000,-0.011,-3.032,-0.0042,0.0449,0.246,0.246,0.045,1.813,2.173,-2.500,0.0079,0.277,nan,0.00,1,1,1,0,1,0.0000,0.327,0,0.034,2,0.850,0,0,yolo,101.7,yolo,1,1,0,0.000,0,-1,0
1785621133.053,-0.416,-2.531,29.165,0.9990,0,4.404,0.031,0.402,0.2577,6.698,-0.047,-0.007,1.000,-0.402,-6.823,0.4576,-0.1292,0.242,0.275,0.063,1.815,2.161,-2.500,0.0079,0.289,nan,0.00,1,1,1,1,1,0.0000,0.327,0,0.034,2,0.850,0,0,yolo,104.9,yolo,1,1,0,0.000,0,-1,0
1785621133.088,-0.699,-2.528,29.156,0.9990,0,3.160,0.028,0.402,0.2670,6.698,-0.047,-0.007,1.000,-0.402,-3.859,-0.0379,0.0795,0.237,0.237,0.080,1.816,2.161,-2.500,0.0079,0.289,nan,0.00,1,1,1,0,1,0.0000,0.326,0,0.033,2,0.849,0,0,yolo,104.9,yolo,1,1,0,0.000,0,-1,0
1785621133.114,-1.007,-2.526,29.113,0.9989,0,2.729,0.026,0.402,0.2677,6.698,-0.047,-0.007,1.000,-0.402,-3.736,-0.0448,0.0947,0.230,0.230,0.095,1.818,2.161,-2.500,0.0078,0.289,nan,0.00,1,1,1,0,1,0.0000,0.324,0,0.030,2,0.850,0,0,yolo,104.9,yolo,1,1,0,0.000,0,-1,0
1785621133.148,-1.007,-2.526,29.113,0.9989,0,2.729,0.026,0.402,0.2677,6.698,-0.047,-0.007,1.000,-0.402,-3.736,-0.0448,0.0947,0.230,0.230,0.095,1.818,2.161,-2.500,0.0078,0.289,nan,0.00,1,1,1,0,1,0.0000,0.324,0,0.030,2,0.850,2,0,yolo,104.9,yolo,1,1,0,0.000,0,-1,0
1785621133.177,-1.267,-2.524,29.077,0.9988,0,4.229,0.024,0.729,0.2581,6.452,-0.082,0.018,1.000,-0.729,-6.585,0.2757,-0.1076,0.222,0.254,0.099,1.819,2.146,-2.500,0.0078,0.304,nan,0.00,1,1,1,1,1,0.0000,0.320,0,0.025,2,0.847,0,0,yolo,103.2,yolo,1,1,0,0.000,0,-1,0
1785621133.207,-1.512,-2.522,29.047,0.9987,0,2.922,0.022,0.729,0.2675,6.452,-0.082,0.018,1.000,-0.729,-4.435,-0.0421,0.1003,0.212,0.212,0.100,1.820,2.146,-2.500,0.0077,0.304,nan,0.00,1,1,1,0,1,0.0000,0.320,0,0.025,2,0.847,0,0,yolo,103.2,yolo,1,1,0,0.000,0,-1,0
1785621133.238,-1.822,-2.522,28.984,0.9985,0,2.374,0.022,0.729,0.2675,6.452,-0.082,0.018,1.000,-0.729,-4.197,-0.0551,0.0994,0.199,0.199,0.099,1.821,2.146,-2.500,0.0077,0.304,nan,0.00,1,1,1,0,1,0.0000,0.320,0,0.025,2,0.850,0,0,yolo,103.2,yolo,1,1,0,0.000,0,-1,0
1785621133.274,-2.054,-2.522,28.912,0.9984,0,3.874,0.022,1.031,0.2572,6.141,-0.111,0.046,1.000,-1.031,-6.871,0.2431,-0.1176,0.186,0.220,0.094,1.822,2.130,-2.500,0.0077,0.320,nan,0.00,1,1,1,1,1,0.0000,0.320,0,0.025,2,0.850,3,0,yolo,96.7,yolo,1,1,0,0.000,0,-1,0
1785621133.301,-2.054,-2.522,28.912,0.9984,0,2.948,0.022,1.031,0.2667,6.141,-0.111,0.046,1.000,-1.031,-5.002,-0.0344,0.0940,0.186,0.186,0.094,1.822,2.130,-2.500,0.0077,0.320,nan,0.00,1,1,1,0,1,0.0000,0.322,0,0.028,2,0.848,0,0,yolo,96.7,yolo,1,1,0,0.000,0,-1,0
1785621133.332,-2.458,-2.523,28.824,0.9981,0,2.237,0.023,1.031,0.2668,6.141,-0.111,0.046,1.000,-1.031,-4.695,-0.0506,0.0956,0.169,0.169,0.096,1.823,2.129,-2.500,0.0076,0.321,nan,0.00,1,1,1,0,1,0.0000,0.326,0,0.032,2,0.850,0,0,yolo,96.7,yolo,1,1,0,0.000,0,-1,0
1785621133.364,-2.665,-2.525,28.728,0.9979,0,3.737,0.025,1.069,0.2535,5.894,-0.121,0.062,0.982,-1.171,-7.917,0.4319,-0.1961,0.153,0.204,0.098,1.824,2.123,-2.500,0.0076,0.327,nan,0.00,1,1,1,1,1,0.0000,0.326,0,0.032,2,0.850,0,0,yolo,100.5,yolo,1,1,0,0.000,0,-1,0
1785621133.395,-2.994,-2.527,28.643,0.9977,0,2.237,0.027,1.064,0.2672,5.894,-0.121,0.062,0.982,-1.171,-4.473,-0.0689,0.1090,0.135,0.135,0.109,1.825,2.122,-2.500,0.0076,0.328,nan,0.00,1,1,1,0,1,0.0000,0.326,0,0.032,2,0.851,0,0,yolo,100.5,yolo,1,1,0,0.000,0,-1,0
1785621133.430,-3.212,-2.529,28.548,0.9975,0,0.858,0.029,1.061,0.2679,5.894,-0.121,0.062,0.982,-1.171,-4.071,-0.0898,0.1228,0.114,0.114,0.123,1.826,2.121,-2.500,0.0075,0.329,nan,0.00,1,1,1,0,1,0.0000,0.326,0,0.032,2,0.851,2,0,yolo,100.5,yolo,1,1,0,0.000,0,-1,0
1785621133.458,-3.212,-2.529,28.548,0.9975,0,0.858,0.029,1.058,0.2678,5.894,-0.121,0.062,0.982,-1.171,-4.071,-0.0898,0.1228,0.114,0.114,0.123,1.826,2.121,-2.500,0.0075,0.329,nan,0.00,1,1,1,0,1,0.0000,0.252,0,0.045,1,0.852,0,0,yolo,100.5,yolo,1,1,0,0.000,0,-1,0
1785621133.491,-3.288,-2.532,28.461,0.9974,0,2.358,0.032,1.002,0.2580,5.558,-0.135,0.090,0.926,-1.389,-5.832,0.1266,-0.0859,0.095,0.142,0.136,1.827,2.107,-2.500,0.0075,0.343,nan,0.00,1,1,1,1,1,0.0000,0.255,0,0.049,1,0.849,0,0,yolo,111.6,yolo,1,1,0,0.000,0,-1,0
1785621133.522,-3.362,-2.534,28.370,0.9973,0,0.858,0.034,1.078,0.2682,5.558,-0.135,0.090,0.926,-1.389,-3.963,-0.0677,0.1419,0.074,0.074,0.142,1.828,2.106,-2.500,0.0074,0.344,nan,0.00,1,1,1,0,1,0.0000,0.255,0,0.049,1,0.849,0,0,yolo,111.6,yolo,1,1,0,0.000,0,-1,0
1785621133.554,-3.446,-2.536,28.282,0.9972,0,0.127,0.036,1.135,0.2683,5.558,-0.135,0.090,0.926,-1.389,-3.573,-0.0883,0.1441,0.053,0.053,0.144,1.829,2.106,-2.500,0.0074,0.344,nan,0.00,1,1,1,0,1,0.0000,0.258,0,0.055,1,0.856,0,0,yolo,111.6,yolo,1,1,0,0.000,0,-1,0
1785621133.589,-3.472,-2.538,28.191,0.9972,0,1.627,0.038,1.142,0.2675,5.467,-0.158,0.085,0.911,-1.651,-7.235,0.3753,0.1223,0.033,0.123,0.145,1.830,2.114,-2.500,0.0074,0.336,nan,0.00,1,1,1,1,1,0.0000,0.258,0,0.055,1,0.850,0,0,yolo,97.4,yolo,1,1,0,0.000,0,-1,0
1785621133.617,-3.472,-2.538,28.191,0.9972,0,0.357,0.038,1.007,0.2685,5.467,-0.158,0.085,0.911,-1.651,-3.830,-0.0899,0.1448,0.033,0.033,0.145,1.830,2.114,-2.500,0.0073,0.336,nan,0.00,1,1,1,0,1,0.0000,0.261,0,0.059,1,0.853,0,0,yolo,97.4,yolo,1,1,0,0.000,0,-1,0
1785621133.649,-3.658,-2.541,28.084,0.9970,0,-0.276,0.041,0.905,0.2685,5.467,-0.158,0.085,0.911,-1.651,-3.382,-0.1136,0.1448,0.010,0.010,0.145,1.831,2.113,-2.500,0.0073,0.337,nan,0.00,1,1,1,0,1,0.0000,0.262,0,0.062,1,0.851,0,0,yolo,97.4,yolo,1,1,0,0.000,0,-1,0
1785621133.687,-3.618,-2.542,27.998,0.9970,0,1.224,0.042,0.765,0.2550,5.141,-0.163,0.118,0.857,-1.815,-5.282,0.1104,-0.1419,-0.014,0.064,0.138,1.832,2.094,-2.500,0.0072,0.356,nan,0.00,1,1,1,1,1,0.0000,0.262,0,0.062,1,0.851,2,0,yolo,96.8,yolo,1,1,0,0.000,0,-1,0
1785621133.727,-3.748,-2.542,27.934,0.9969,0,-0.276,0.042,0.897,0.2677,5.141,-0.163,0.118,0.857,-1.815,-2.901,-0.1026,0.1413,-0.038,-0.038,0.141,1.834,2.094,-2.500,0.0072,0.356,nan,0.00,1,1,1,0,1,0.0000,0.262,0,0.062,1,0.860,0,0,yolo,96.8,yolo,1,1,0,0.000,0,-1,0
1785621133.757,-3.726,-2.542,27.865,0.9969,0,-1.246,0.042,0.995,0.2679,5.141,-0.163,0.118,0.857,-1.815,-2.480,-0.1253,0.1451,-0.061,-0.061,0.145,1.835,2.094,-2.500,0.0072,0.356,nan,0.00,1,1,1,0,1,0.0000,0.264,0,0.064,1,0.858,0,0,yolo,96.8,yolo,1,1,0,0.000,0,-1,0
1785621133.793,-3.609,-2.544,27.782,0.9970,0,0.254,0.069,1.014,0.2547,4.766,-0.162,0.148,0.794,-1.945,-4.244,0.1078,-0.1350,-0.082,-0.003,0.149,1.836,2.039,-2.475,0.0071,0.369,nan,0.00,1,1,1,1,1,0.0000,0.267,0,0.070,1,0.871,0,0,yolo,105.1,yolo,1,1,0,0.000,0,-1,0
1785621133.821,-3.609,-2.544,27.782,0.9970,0,-1.225,0.059,1.218,0.2675,4.766,-0.162,0.148,0.794,-1.945,-2.384,-0.0783,0.1490,-0.082,-0.082,0.149,1.836,2.039,-2.485,0.0071,0.369,nan,0.00,1,1,1,0,1,0.0000,0.267,0,0.070,1,0.871,0,0,yolo,105.1,yolo,1,1,0,0.000,0,-1,0
1785621133.851,-3.649,-2.543,27.686,0.9970,0,-1.691,0.065,1.372,0.2681,4.766,-0.162,0.148,0.794,-1.945,-1.958,-0.1016,0.1628,-0.105,-0.105,0.163,1.837,2.039,-2.478,0.0071,0.369,nan,0.00,1,1,1,0,1,0.0000,0.358,0,0.072,2,0.868,0,0,yolo,105.1,yolo,1,1,0,0.000,0,-1,0
1785621133.883,-3.475,-2.543,27.572,0.9972,0,-0.191,0.245,1.239,0.2515,4.409,-0.159,0.172,0.735,-2.069,-4.061,0.2877,-0.2288,-0.125,-0.056,0.178,1.838,1.970,-2.298,0.0070,0.377,nan,0.00,1,1,1,1,1,0.0000,0.358,0,0.072,2,0.868,0,0,yolo,106.8,yolo,1,1,0,0.000,0,-1,0
1785621133.914,-3.291,-2.544,27.454,0.9974,0,-1.691,0.250,1.194,0.2681,4.409,-0.159,0.172,0.735,-2.069,-1.429,-0.0875,0.1833,-0.143,-0.143,0.183,1.839,1.970,-2.294,0.0070,0.377,nan,0.00,1,1,1,0,1,0.0000,0.269,0,0.074,1,0.878,0,0,yolo,106.8,yolo,1,1,0,0.000,0,-1,0
1785621133.946,-3.134,-2.526,27.353,0.9975,0,-2.017,0.229,1.161,0.2693,4.409,-0.159,0.172,0.735,-2.069,-1.117,-0.1048,0.1988,-0.161,-0.161,0.199,1.840,1.972,-2.296,0.0070,0.375,nan,0.00,1,1,1,0,1,0.0000,0.270,0,0.074,1,0.875,0,0,yolo,106.8,yolo,1,1,0,0.000,0,-1,0
1785621133.977,-2.965,-2.508,27.257,0.9977,0,-0.517,0.365,0.938,0.2581,4.086,-0.159,0.194,0.681,-2.222,-2.711,0.0814,-0.0450,-0.176,-0.094,0.207,1.840,1.910,-2.143,0.0069,0.381,nan,0.00,1,1,1,1,1,0.0000,0.356,0,0.069,2,0.878,0,0,yolo,100.6,yolo,1,1,0,0.000,0,-1,0
1785621134.008,-2.963,-2.508,27.256,0.9977,0,-1.989,0.356,0.831,0.2694,4.086,-0.159,0.194,0.681,-2.222,-0.973,-0.0824,0.2068,-0.177,-0.177,0.207,1.841,1.910,-2.152,0.0069,0.381,nan,0.00,1,1,1,0,1,0.0000,0.356,0,0.069,2,0.878,0,0,yolo,100.6,yolo,1,1,0,0.000,0,-1,0
1785621134.038,-2.782,-2.479,27.178,0.9979,0,-2.077,0.320,0.751,0.2696,4.086,-0.159,0.194,0.681,-2.222,-0.705,-0.0975,0.2121,-0.192,-0.192,0.212,1.841,1.912,-2.159,0.0068,0.378,nan,0.00,1,1,1,0,1,0.0000,0.347,0,0.058,2,0.882,0,0,yolo,100.6,yolo,1,1,0,0.000,0,-1,0
1785621134.076,-2.577,-2.451,27.115,0.9981,0,-0.577,0.402,0.477,0.2596,3.827,-0.150,0.209,0.638,-2.247,-2.028,0.0128,-0.0072,-0.207,-0.112,0.206,1.841,1.867,-2.048,0.0068,0.379,nan,0.00,1,1,1,1,1,0.0000,0.342,0,0.052,2,0.885,0,0,yolo,97.9,yolo,1,1,0,0.000,0,-1,0
1785621134.119,-2.529,-2.413,27.068,0.9981,0,-2.077,0.353,0.408,0.2692,3.827,-0.150,0.209,0.638,-2.247,-0.044,-0.1110,0.2043,-0.223,-0.223,0.204,1.841,1.869,-2.061,0.0068,0.377,nan,0.00,1,1,1,0,1,0.0000,0.342,0,0.052,2,0.885,1,0,yolo,97.9,yolo,1,1,0,0.000,0,-1,0
1785621134.145,-2.325,-2.382,27.035,0.9983,0,-2.518,0.307,0.356,0.2690,3.827,-0.150,0.209,0.638,-2.247,0.193,-0.1245,0.2015,-0.236,-0.236,0.202,1.840,1.871,-2.075,0.0067,0.374,nan,0.00,1,1,1,0,1,0.0000,0.335,0,0.044,2,0.879,0,0,yolo,97.9,yolo,1,1,0,0.000,0,-1,0
1785621134.178,-2.100,-2.356,27.007,0.9985,0,-1.515,0.396,-0.149,0.2574,3.560,-0.134,0.227,0.593,-2.162,-0.585,-0.0797,-0.0522,-0.247,-0.167,0.199,1.840,1.821,-1.961,0.0067,0.378,nan,0.00,1,1,1,1,1,0.0000,0.328,0,0.034,2,0.872,0,0,yolo,104.1,yolo,1,1,0,0.000,0,-1,0
1785621134.208,-2.100,-2.356,27.007,0.9985,0,-2.670,0.398,-0.315,0.2687,3.560,-0.134,0.227,0.593,-2.162,0.570,-0.0805,0.1985,-0.247,-0.247,0.199,1.840,1.821,-1.959,0.0067,0.378,nan,0.00,1,1,1,0,1,0.0000,0.328,0,0.034,2,0.872,0,0,yolo,104.1,yolo,1,1,0,0.000,0,-1,0
1785621134.239,-1.971,-2.323,27.004,0.9986,0,-2.733,0.348,-0.439,0.2688,3.560,-0.134,0.227,0.593,-2.162,0.762,-0.0916,0.2023,-0.258,-0.258,0.202,1.839,1.823,-1.974,0.0066,0.375,nan,0.00,1,1,1,0,1,0.0000,0.236,0,0.018,1,0.857,0,0,yolo,104.1,yolo,1,1,0,0.000,0,-1,0
1785621134.270,-1.804,-2.285,27.020,0.9987,0,-2.773,0.290,-0.533,0.2693,3.560,-0.134,0.227,0.593,-2.162,0.969,-0.1036,0.2115,-0.270,-0.270,0.211,1.837,1.825,-1.994,0.0066,0.372,nan,0.00,1,1,1,0,1,0.0000,0.235,0,0.017,1,0.863,0,0,yolo,104.1,yolo,1,1,0,0.000,0,-1,0
1785621134.301,-1.532,-2.255,27.074,0.9989,0,-1.975,0.342,-0.770,0.2597,3.335,-0.116,0.238,0.556,-1.996,0.443,-0.0961,0.0002,-0.281,-0.206,0.214,1.835,1.785,-1.913,0.0065,0.372,nan,0.00,1,1,1,1,1,0.0000,0.235,0,0.017,1,0.863,0,0,yolo,101.8,yolo,1,1,0,0.000,0,-1,0
1785621134.332,-1.532,-2.255,27.074,0.9989,0,-2.993,0.353,-0.692,0.2693,3.335,-0.116,0.238,0.556,-1.996,1.461,-0.0752,0.2142,-0.281,-0.281,0.214,1.835,1.785,-1.901,0.0065,0.372,nan,0.00,1,1,1,0,1,0.0000,0.237,0,0.020,1,0.870,0,0,yolo,101.8,yolo,1,1,0,0.000,0,-1,0
1785621134.363,-1.327,-2.214,27.148,0.9990,0,-2.984,0.282,-0.633,0.2698,3.335,-0.116,0.238,0.556,-1.996,1.657,-0.0866,0.2247,-0.293,-0.293,0.225,1.833,1.787,-1.932,0.0065,0.370,nan,0.00,1,1,1,0,1,0.0000,0.239,0,0.023,1,0.877,0,0,yolo,101.8,yolo,1,1,0,0.000,0,-1,0
1785621134.394,-1.032,-2.185,27.209,0.9991,0,-2.720,0.405,-1.069,0.2541,2.987,-0.090,0.266,0.498,-1.717,1.688,-0.1458,-0.1136,-0.300,-0.242,0.227,1.830,1.719,-1.780,0.0064,0.381,nan,0.00,1,1,1,1,1,0.0000,0.239,0,0.023,1,0.877,0,0,yolo,95.1,yolo,1,1,0,0.000,0,-1,0
1785621134.429,-0.778,-2.145,27.287,0.9992,0,-3.183,0.342,-1.034,0.2698,2.987,-0.090,0.266,0.498,-1.717,2.405,-0.0643,0.2339,-0.306,-0.306,0.234,1.828,1.721,-1.803,0.0064,0.379,nan,0.00,1,1,1,0,0,0.0000,0.000,0,0.000,0,0.000,0,0,yolo,95.1,yolo,1,1,0,0.000,0,-1,0
1785621134.461,-0.778,-2.145,27.287,0.9992,0,-3.183,0.363,-1.007,0.2697,2.987,-0.090,0.266,0.498,-1.717,2.405,-0.0643,0.2339,-0.306,-0.306,0.234,1.828,1.721,-1.782,0.0064,0.379,nan,0.00,1,1,1,0,0,0.0000,0.000,0,0.000,0,0.000,0,0,yolo,95.1,yolo,1,1,0,0.000,0,-1,0
1785621134.493,-0.458,-2.110,27.391,0.9993,0,-2.717,0.401,-1.481,0.2597,2.746,-0.067,0.276,0.458,-1.391,2.259,-0.1169,0.0120,-0.310,-0.250,0.241,1.824,1.679,-1.709,0.0063,0.377,nan,0.00,1,1,1,1,0,0.0000,0.000,0,0.000,0,0.000,0,0,yolo,101.7,yolo,1,1,0,0.000,0,-1,0
1785621134.520,-0.148,-2.073,27.480,0.9993,0,-3.163,0.337,-1.562,0.2704,2.746,-0.067,0.276,0.458,-1.391,3.015,-0.0617,0.2485,-0.312,-0.312,0.249,1.821,1.681,-1.737,0.0063,0.375,nan,0.00,1,1,1,0,0,0.0000,0.000,0,0.000,0,0.000,0,0,yolo,101.7,yolo,1,1,0,0.000,0,-1,0
1785621134.553,0.144,-2.041,27.607,0.9994,0,-2.884,0.278,-1.622,0.2704,2.746,-0.067,0.276,0.458,-1.391,3.028,-0.0625,0.2489,-0.313,-0.313,0.249,1.817,1.682,-1.763,0.0062,0.373,nan,0.00,1,1,1,0,0,0.0000,0.000,0,0.000,0,0.000,1,0,yolo,101.7,yolo,1,1,0,0.000,0,-1,0
1785621134.586,0.401,-2.017,27.748,0.9994,0,-2.337,0.336,-2.066,0.2581,2.517,-0.049,0.287,0.419,-1.109,2.738,-0.1240,-0.0225,-0.313,-0.254,0.248,1.813,1.640,-1.681,0.0062,0.375,nan,0.00,1,1,1,1,0,0.0000,0.000,0,0.000,0,0.000,1,0,yolo,100.6,yolo,1,1,0,0.000,0,-1,0
1785621134.616,0.401,-2.017,27.748,0.9994,0,-3.031,0.370,-2.150,0.2702,2.517,-0.049,0.287,0.419,-1.109,3.432,-0.0582,0.2478,-0.313,-0.313,0.248,1.813,1.640,-1.647,0.0062,0.375,nan,0.00,1,1,1,0,0,0.0000,0.000,0,0.000,0,0.000,1,0,yolo,100.6,yolo,1,1,0,0.000,0,-1,0
1785621134.648,0.600,-1.989,27.902,0.9993,0,-2.820,0.311,-2.213,0.2701,2.517,-0.049,0.287,0.419,-1.109,3.421,-0.0575,0.2450,-0.312,-0.312,0.245,1.809,1.641,-1.678,0.0061,0.374,nan,0.00,1,1,1,0,0,0.0000,0.000,0,0.000,0,0.000,0,0,yolo,100.6,yolo,1,1,0,0.000,0,-1,0
1785621134.679,0.872,-1.957,28.083,0.9993,0,-1.606,1.811,-0.713,0.2703,nan,nan,nan,0.000,0.000,2.478,0.0000,0.2415,-0.310,-0.310,0.241,1.805,1.000,-0.105,0.0061,0.363,nan,0.00,0,0,0,0,0,0.0000,0.000,0,0.000,0,0.000,1,0,,,FLYING,1,1,0,0.000,0,-1,0
1785621134.711,1.025,-1.770,28.180,0.9994,0,-1.405,1.618,0.000,0.2704,nan,nan,nan,0.000,0.000,2.431,0.0000,0.2372,-0.304,-0.304,0.237,1.799,1.000,-0.152,0.0061,0.352,nan,0.00,0,0,0,0,0,0.0000,0.000,0,0.000,0,0.000,0,0,,,FLYING,1,1,0,0.000,0,-1,0
1785621134.744,1.173,-1.611,28.157,0.9994,0,-1.170,1.413,0.000,0.2705,nan,nan,nan,0.000,0.000,2.343,0.0000,0.2324,-0.293,-0.293,0.232,1.792,1.000,-0.199,0.0061,0.341,nan,0.00,0,0,0,0,0,0.0000,0.000,0,0.000,0,0.000,0,0,,,FLYING,1,1,0,0.000,0,-1,0
1785621134.772,1.288,-1.487,28.143,0.9994,0,-0.974,1.249,0.000,0.2706,nan,nan,nan,0.000,0.000,2.262,0.0000,0.2278,-0.283,-0.283,0.228,1.785,1.000,-0.238,0.0061,0.331,nan,0.00,0,0,0,0,0,0.0000,0.000,0,0.000,0,0.000,0,0,,,FLYING,1,1,0,0.000,0,-1,0
1785621134.806,1.379,-1.379,28.151,0.9994,0,-0.808,1.102,0.000,0.2704,nan,nan,nan,0.000,0.000,2.187,0.0000,0.2157,-0.273,-0.273,0.216,1.777,1.000,-0.277,0.0061,0.321,nan,0.00,0,0,0,0,0,0.0000,0.000,0,0.000,0,0.000,0,0,,,FLYING,1,1,0,0.000,0,-1,0
1785621134.837,1.379,-1.379,28.151,0.9994,0,-0.808,1.168,0.000,0.2707,nan,nan,nan,0.000,0.000,2.187,0.0000,0.2157,-0.273,-0.273,0.216,1.777,1.000,-0.211,0.0061,0.311,nan,0.00,0,0,0,0,0,0.0000,0.000,0,0.000,0,0.000,0,0,,,FLYING,1,1,0,0.000,0,-1,0
1785621134.863,1.457,-1.282,28.158,0.9994,0,-0.650,1.008,0.000,0.2703,nan,nan,nan,0.000,0.000,2.106,0.0000,0.2020,-0.263,-0.263,0.202,1.769,1.000,-0.274,0.0061,0.302,nan,0.00,0,0,0,0,0,0.0000,0.000,0,0.000,0,0.000,0,0,,,FLYING,1,1,0,0.000,0,-1,0
1785621134.899,1.517,-1.197,28.159,0.9994,0,-0.510,0.874,0.000,0.2700,nan,nan,nan,0.000,0.000,2.028,0.0000,0.1887,-0.253,-0.253,0.189,1.761,1.000,-0.323,0.0061,0.293,nan,0.00,0,0,0,0,0,0.0000,0.000,0,0.000,0,0.000,1,0,,,FLYING,1,1,0,0.000,0,-1,0
1785621134.928,1.571,-1.114,28.160,0.9994,0,-0.367,0.733,0.000,0.2696,nan,nan,nan,0.000,0.000,1.938,0.0000,0.1740,-0.242,-0.242,0.174,1.751,1.000,-0.381,0.0061,0.284,nan,0.00,0,0,0,0,0,0.0000,0.000,0,0.000,0,0.000,0,0,,,FLYING,1,1,0,0.000,0,-1,0
1785621134.961,1.571,-1.114,28.160,0.9994,0,-0.367,0.811,0.000,0.2698,nan,nan,nan,0.000,0.000,1.938,0.0000,0.1740,-0.242,-0.242,0.174,1.751,1.000,-0.303,0.0061,0.276,nan,0.00,0,0,0,0,0,0.0000,0.000,0,0.000,0,0.000,1,0,,,FLYING,1,1,0,0.000,0,-1,0
1785621134.992,1.616,-1.035,28.163,0.9994,0,-0.220,0.638,0.000,0.2694,nan,nan,nan,0.000,0.000,1.835,0.0000,0.1581,-0.229,-0.229,0.158,1.740,1.000,-0.398,0.0061,0.267,nan,0.00,0,0,0,0,0,0.0000,0.000,0,0.000,0,0.000,1,0,,,FLYING,1,1,0,0.000,0,-1,0
1785621135.023,1.642,-0.973,28.165,0.9994,0,-0.102,0.515,0.000,0.2690,nan,nan,nan,0.000,0.000,1.743,0.0000,0.1449,-0.218,-0.218,0.145,1.730,1.000,-0.459,0.0061,0.259,nan,0.00,0,0,0,0,0,0.0000,0.000,0,0.000,0,0.000,1,0,,,FLYING,1,1,0,0.000,0,-1,0
1785621135.056,1.661,-0.916,28.166,0.9995,0,0.015,0.395,0.000,0.2687,nan,nan,nan,0.000,0.000,1.645,0.0000,0.1319,-0.206,-0.206,0.132,1.719,1.000,-0.521,0.0061,0.252,nan,0.00,0,0,0,0,0,0.0000,0.000,0,0.000,0,0.000,1,0,,,FLYING,1,1,0,0.000,0,-1,0
1785621135.083,1.663,-0.874,28.167,0.9995,0,0.116,0.299,0.000,0.2684,nan,nan,nan,0.000,0.000,1.547,0.0000,0.1208,-0.193,-0.193,0.121,1.708,1.000,-0.575,0.0061,0.244,nan,0.00,0,0,0,0,0,0.0000,0.000,0,0.000,0,0.000,0,0,,,FLYING,1,1,0,0.000,0,0,0
1785621135.118,1.663,-0.874,28.167,0.9995,0,0.116,0.402,0.000,0.2686,nan,nan,nan,0.000,0.000,1.547,0.0000,0.1208,-0.193,-0.193,0.121,1.708,1.000,-0.472,0.0061,0.237,nan,0.00,0,0,0,0,0,0.0000,0.000,0,0.000,0,0.000,1,0,,,FLYING,1,1,0,0.000,0,1,0
1785621135.145,1.655,-0.830,28.169,0.9995,0,0.207,0.275,0.000,0.2683,nan,nan,nan,0.000,0.000,1.449,0.0000,0.1099,-0.181,-0.181,0.110,1.696,1.000,-0.554,0.0061,0.230,nan,0.00,0,0,0,0,0,0.0000,0.000,0,0.000,0,0.000,0,0,,,FLYING,1,1,0,0.000,0,0,0
1785621135.179,1.642,-0.804,28.169,0.9995,0,0.273,0.209,0.000,0.2681,nan,nan,nan,0.000,0.000,1.369,0.0000,0.1014,-0.171,-0.171,0.101,1.686,1.000,-0.594,0.0061,0.223,nan,0.00,0,0,0,0,0,0.0000,0.000,0,0.000,0,0.000,1,0,,,FLYING,1,1,0,0.000,0,1,0
1785621135.210,1.642,-0.804,28.169,0.9995,0,1.773,-0.197,1.500,0.2683,4.000,-1.400,0.000,0.667,-19.290,-14.000,0.0000,0.1014,-0.171,-0.171,0.101,1.686,1.200,-1.001,0.0061,0.216,nan,0.00,1,1,0,0,0,0.0000,0.000,0,0.000,0,0.000,0,1,search,,SEARCH,1,1,0,0.000,0,0,0
1785621135.242,1.620,-0.783,28.170,0.9995,0,3.273,-0.291,3.000,0.2681,4.000,-1.400,0.000,0.667,-19.290,-14.000,0.0106,0.0926,-0.161,-0.161,0.093,1.676,1.200,-1.074,0.0061,0.210,nan,0.00,1,1,0,0,0,0.0000,0.000,0,0.000,0,0.000,0,0,search,,SEARCH,1,1,0,0.000,0,0,0
1785621135.287,1.163,-0.818,27.829,0.9997,0,4.773,-0.431,4.500,0.2675,4.000,-1.400,0.000,0.667,-19.290,-14.000,0.0367,0.0753,-0.134,-0.134,0.075,1.657,1.200,-1.249,0.0061,0.203,nan,0.00,1,1,0,0,0,0.0000,0.000,0,0.000,0,0.000,0,0,search,,SEARCH,1,1,0,0.000,0,0,0
1785621135.319,1.163,-0.818,27.829,0.9997,0,5.307,-0.314,6.000,0.2677,4.000,-1.400,0.000,0.667,-19.290,-14.000,0.0367,0.0753,-0.134,-0.134,0.075,1.657,1.200,-1.131,0.0061,0.197,nan,0.00,1,1,0,0,0,0.0000,0.000,0,0.000,0,0.000,0,0,search,,SEARCH,2,2,0,0.000,0,0,0
1785621135.351,0.756,-0.847,27.465,0.9998,0,5.165,-0.312,7.500,0.2675,4.000,-1.400,0.000,0.667,-19.290,-14.000,0.0511,0.0675,-0.120,-0.120,0.067,1.649,1.200,-1.159,0.0061,0.191,nan,0.00,1,1,0,0,0,0.0000,0.000,0,0.000,0,0.000,0,0,search,,SEARCH,2,2,0,0.000,0,-1,0
1785621135.381,0.252,-0.871,26.919,0.9999,0,6.665,-0.821,8.499,0.2508,7.968,-1.191,0.881,1.000,-8.499,-14.000,-0.0000,-0.0000,-0.104,-0.104,0.059,1.640,1.400,-1.692,0.0060,0.997,nan,0.00,1,1,1,1,0,0.0000,0.000,0,0.000,0,0.000,0,1,yolo,91.3,yolo,2,2,0,0.000,0,-1,0
1785621135.414,-0.429,-0.962,26.095,0.9998,0,8.165,-0.700,8.499,0.2423,7.968,-1.191,0.881,1.000,-8.499,-14.000,0.0185,0.0650,-0.085,-0.085,0.065,1.632,1.379,-1.662,0.0060,1.024,nan,0.00,1,1,1,0,0,0.0000,0.000,0,0.000,0,0.000,0,0,yolo,91.3,yolo,2,2,0,0.000,0,-1,0
1785621135.440,-1.135,-1.032,25.358,0.9996,0,9.665,-0.576,8.536,0.2256,7.806,-1.172,0.888,1.000,-8.536,-14.000,0.1532,-0.8179,-0.074,-0.168,0.089,1.625,1.357,-1.608,0.0060,1.051,nan,0.00,1,1,1,1,0,0.0000,0.000,0,0.000,0,0.000,0,0,yolo,88.4,yolo,2,2,0,0.000,0,-1,0
1785621135.476,-1.973,-1.098,24.673,0.9992,0,11.165,-0.461,8.536,0.2423,7.806,-1.172,0.888,1.000,-8.536,-14.000,0.0983,0.1404,-0.069,-0.069,0.140,1.618,1.337,-1.559,0.0060,1.077,nan,0.00,1,1,1,0,0,0.0000,0.000,0,0.000,0,0.000,0,0,yolo,88.4,yolo,2,2,0,0.000,0,-1,0
1785621135.507,-1.973,-1.098,24.673,0.9992,0,12.027,-0.382,8.536,0.2442,7.806,-1.172,0.888,1.000,-8.536,-14.000,0.0983,0.1404,-0.069,-0.069,0.140,1.618,1.337,-1.480,0.0060,1.077,nan,0.00,1,1,1,0,0,0.0000,0.000,0,0.000,0,0.000,0,0,yolo,88.4,yolo,2,2,0,0.000,0,-1,0
1785621135.537,-2.979,-1.171,23.978,0.9984,0,11.021,-0.291,8.463,0.2276,7.618,-1.133,0.887,1.000,-8.463,-14.000,-0.0970,-0.2308,-0.073,-0.177,0.208,1.612,1.319,-1.462,0.0060,1.100,nan,0.00,1,1,1,1,0,0.0000,0.000,0,0.000,0,0.000,0,0,yolo,91.7,yolo,2,2,0,0.000,0,-1,0
1785621135.570,-3.979,-1.241,23.261,0.9974,0,10.021,-0.181,8.463,0.2442,7.618,-1.133,0.887,1.000,-8.463,-14.000,0.0929,0.2972,-0.084,-0.084,0.297,1.607,1.297,-1.422,0.0060,1.128,nan,0.00,1,1,1,0,0,0.0000,0.000,0,0.000,0,0.000,0,0,yolo,91.7,yolo,2,2,0,0.000,0,-1,0
1785621135.598,-5.084,-1.332,22.464,0.9958,0,8.916,-0.039,8.463,0.2546,7.618,-1.133,0.887,1.000,-8.463,-14.000,0.0707,0.4078,-0.107,-0.107,0.408,1.601,1.271,-1.371,0.0060,1.161,nan,0.00,1,1,1,0,0,0.0000,0.000,0,0.000,0,0.000,0,0,yolo,91.7,yolo,2,2,0,0.000,0,-1,0
1785621135.633,-5.084,-1.332,22.464,0.9958,0,8.541,-0.045,7.988,0.2492,7.387,-1.037,0.874,1.000,-7.988,-13.625,-0.6131,0.2687,-0.107,-0.286,0.408,1.601,1.297,-1.377,0.0060,1.134,nan,0.00,1,1,1,1,0,0.0000,0.000,0,0.000,0,0.000,0,0,yolo,89.3,yolo,2,2,0,0.000,0,-1,0
1785621135.670,-5.967,-1.412,21.691,0.9943,0,8.033,0.068,7.988,0.2586,7.387,-1.037,0.874,1.000,-7.988,-14.000,0.1501,0.4846,-0.136,-0.136,0.485,1.597,1.276,-1.344,0.0060,1.159,nan,0.00,1,1,1,0,0,0.0000,0.000,0,0.000,0,0.000,0,0,yolo,89.3,yolo,2,2,0,0.000,0,-1,0
1785621135.694,-6.780,-1.494,20.992,0.9927,0,7.220,0.198,7.988,0.2613,7.387,-1.037,0.874,1.000,-7.988,-14.000,0.1143,0.5511,-0.172,-0.172,0.551,1.593,1.256,-1.296,0.0060,1.182,nan,0.00,1,1,1,0,0,0.0000,0.000,0,0.000,0,0.000,0,0,yolo,89.3,yolo,2,2,0,0.000,0,-1,0
1785621135.721,-7.439,-1.558,20.338,0.9912,0,5.720,0.209,7.269,0.2526,7.174,-0.915,0.854,1.000,-7.269,-8.780,-1.3496,0.3357,-0.211,-0.224,0.599,1.591,1.280,-1.349,0.0060,1.160,nan,0.00,1,1,1,1,0,0.0000,0.000,0,0.000,0,0.000,0,0,yolo,92.8,yolo,2,2,0,0.000,0,-1,0
1785621135.755,-7.969,-1.623,19.709,0.9899,0,6.031,0.321,7.269,0.2659,7.174,-0.915,0.854,1.000,-7.269,-14.000,-0.0306,0.6318,-0.254,-0.254,0.632,1.589,1.267,-1.302,0.0060,1.175,nan,0.00,1,1,1,0,0,0.0000,0.000,0,0.000,0,0.000,0,0,yolo,92.8,yolo,2,2,0,0.000,0,-1,0
1785621135.786,-7.969,-1.623,19.709,0.9899,0,6.031,0.353,7.269,0.2659,7.174,-0.915,0.854,1.000,-7.269,-14.000,-0.0306,0.6318,-0.254,-0.254,0.632,1.589,1.267,-1.270,0.0060,1.175,nan,0.00,1,1,1,0,0,0.0000,0.000,0,0.000,0,0.000,0,0,yolo,92.8,yolo,2,2,0,0.000,0,-1,0
1785621135.817,-8.596,-1.687,19.053,0.9883,0,4.531,0.312,6.487,0.2528,6.945,-0.790,0.821,1.000,-6.487,-8.010,-0.7110,0.3088,-0.307,-0.380,0.658,1.588,1.311,-1.375,0.0060,1.134,nan,0.00,1,1,1,1,0,0.0000,0.000,0,0.000,0,0.000,0,0,yolo,92.4,yolo,2,2,0,0.000,0,-1,0
1785621135.847,-9.037,-1.747,18.465,0.9871,0,3.031,0.415,6.487,0.2695,6.945,-0.790,0.821,1.000,-6.487,-11.881,0.0183,0.6827,-0.361,-0.361,0.683,1.587,1.299,-1.332,0.0060,1.146,nan,0.00,1,1,1,0,0,0.0000,0.000,0,0.000,0,0.000,1,0,yolo,92.4,yolo,2,2,0,0.000,0,-1,0
1785621135.878,-9.037,-1.747,18.465,0.9871,0,2.844,0.430,6.487,0.2698,6.945,-0.790,0.821,1.000,-6.487,-11.881,0.0183,0.6827,-0.361,-0.361,0.683,1.587,1.299,-1.316,0.0060,1.146,nan,0.00,1,1,1,0,0,0.0000,0.000,0,0.000,0,0.000,1,0,yolo,92.4,yolo,2,2,0,0.000,0,-1,0
1785621135.921,-9.608,-1.849,17.348,0.9855,0,1.344,0.482,5.472,0.2582,7.051,-0.675,0.791,1.000,-5.472,0.572,-1.8730,0.4002,-0.469,-0.403,0.715,1.588,1.330,-1.367,0.0060,1.120,nan,0.00,1,1,1,1,0,0.0000,0.000,0,0.000,0,0.000,0,0,yolo,93.6,yolo,2,2,0,0.000,0,-1,0
1785621135.957,-9.608,-1.849,17.348,0.9855,0,-0.156,0.486,5.472,0.2726,7.051,-0.675,0.791,1.000,-5.472,-7.665,-0.0658,0.7145,-0.469,-0.469,0.715,1.588,1.330,-1.363,0.0060,1.120,nan,0.00,1,1,1,0,0,0.0000,0.000,0,0.000,0,0.000,1,0,yolo,93.6,yolo,2,2,0,0.000,0,-1,0
1785621135.990,-9.738,-1.886,16.861,0.9851,0,-1.656,0.378,4.488,0.2869,6.732,-0.528,0.755,1.000,-4.488,3.780,-1.7341,0.9818,-0.524,-0.497,0.728,1.590,1.396,-1.508,0.0060,1.054,nan,0.00,1,1,1,1,0,0.0000,0.000,0,0.000,0,0.000,0,0,yolo,90.6,yolo,2,2,0,0.000,0,-1,0
1785621136.018,-9.717,-1.921,16.335,0.9851,0,-3.156,0.444,4.488,0.2756,6.732,-0.528,0.755,1.000,-4.488,-3.311,-0.0890,0.7391,-0.586,-0.586,0.739,1.591,1.392,-1.477,0.0060,1.058,nan,0.00,1,1,1,0,0,0.0000,0.000,0,0.000,0,0.000,0,0,yolo,90.6,yolo,2,2,0,0.000,0,-1,0
1785621136.052,-9.391,-1.947,15.914,0.9860,0,-4.656,0.489,4.488,0.2754,6.732,-0.528,0.755,1.000,-4.488,-2.389,-0.1409,0.7390,-0.638,-0.638,0.739,1.593,1.391,-1.458,0.0060,1.059,nan,0.00,1,1,1,0,0,0.0000,0.000,0,0.000,0,0.000,1,0,yolo,90.6,yolo,2,2,0,0.000,0,-1,0
1785621136.085,-9.391,-1.947,15.914,0.9860,0,-6.156,0.312,3.365,0.2664,6.458,-0.380,0.721,1.000,-3.365,2.960,-0.9492,0.5002,-0.638,-0.499,0.739,1.593,1.458,-1.636,0.0059,0.992,nan,0.00,1,1,1,1,0,0.0000,0.000,0,0.000,0,0.000,1,0,yolo,87.3,yolo,2,2,0,0.000,0,-1,0
1785621136.119,-8.946,-1.960,15.537,0.9873,0,-7.656,0.338,3.365,0.2766,6.458,-0.380,0.721,1.000,-3.365,1.609,-0.1854,0.7335,-0.684,-0.684,0.734,1.595,1.458,-1.622,0.0058,0.992,nan,0.00,1,1,1,0,0,0.0000,0.000,0,0.000,0,0.000,1,0,yolo,87.3,yolo,2,2,0,0.000,0,-1,0
1785621136.149,-8.379,-1.978,15.232,0.9887,0,-9.156,0.364,3.365,0.2759,6.458,-0.380,0.721,1.000,-3.365,2.349,-0.2258,0.7298,-0.725,-0.725,0.730,1.596,1.459,-1.613,0.0057,0.991,nan,0.00,1,1,1,0,0,0.0000,0.000,0,0.000,0,0.000,0,0,yolo,87.3,yolo,2,2,0,0.000,0,-1,0
1785621136.177,-7.432,-1.978,14.946,0.9910,0,-10.656,0.251,2.298,0.2926,6.369,-0.256,0.697,1.000,-2.298,14.000,-3.5596,1.4144,-0.758,-0.947,0.716,1.598,1.506,-1.727,0.0056,0.944,nan,0.00,1,1,1,1,0,0.0000,0.000,0,0.000,0,0.000,0,0,yolo,97.8,yolo,2,2,0,0.000,0,-1,0
1785621136.211,-6.529,-1.974,14.673,0.9929,0,-10.528,0.245,2.298,0.2759,6.369,-0.256,0.697,1.000,-2.298,3.999,0.1636,0.7005,-0.783,-0.783,0.700,1.599,1.509,-1.729,0.0055,0.941,nan,0.00,1,1,1,0,0,0.0000,0.000,0,0.000,0,0.000,0,0,yolo,97.8,yolo,2,2,0,0.000,0,-1,0
1785621136.243,-6.529,-1.974,14.673,0.9929,0,-10.528,0.231,2.298,0.2747,6.369,-0.256,0.697,1.000,-2.298,3.999,0.1636,0.7005,-0.783,-0.783,0.700,1.599,1.509,-1.743,0.0054,0.941,nan,0.00,1,1,1,0,0,0.0000,0.000,0,0.000,0,0.000,0,0,yolo,97.8,yolo,2,2,0,0.000,0,-1,0
1785621136.276,-5.559,-1.968,14.497,0.9947,0,-12.028,0.067,1.244,0.2650,6.061,-0.132,0.662,1.000,-1.244,13.305,-0.8360,0.4588,-0.801,-0.864,0.677,1.599,1.570,-1.901,0.0054,0.880,nan,0.00,1,1,1,1,0,0.0000,0.000,0,0.000,0,0.000,0,0,yolo,94.1,yolo,2,2,0,0.000,0,-1,0
1785621136.308,-4.582,-1.962,14.306,0.9962,0,-12.716,0.056,1.244,0.2732,6.061,-0.132,0.662,1.000,-1.244,8.134,0.0518,0.6503,-0.812,-0.812,0.650,1.600,1.572,-1.906,0.0053,0.878,nan,0.00,1,1,1,0,0,0.0000,0.000,0,0.000,0,0.000,0,0,yolo,94.1,yolo,2,2,0,0.000,0,-1,0
1785621136.337,-3.542,-1.966,14.178,0.9975,0,-11.751,0.052,1.244,0.2720,6.061,-0.132,0.662,1.000,-1.244,8.209,0.0479,0.6330,-0.816,-0.816,0.633,1.600,1.573,-1.914,0.0052,0.877,nan,0.00,1,1,1,0,0,0.0000,0.000,0,0.000,0,0.000,1,0,yolo,94.1,yolo,2,2,0,0.000,0,-1,0
1785621136.369,-2.582,-1.966,14.106,0.9984,0,-13.251,-0.080,-0.098,0.2660,5.779,0.005,0.632,0.963,0.047,14.000,-1.3027,0.4742,-0.816,-0.899,0.619,1.600,1.621,-2.046,0.0051,0.829,nan,0.00,1,1,1,1,0,0.0000,0.000,0,0.000,0,0.000,1,0,yolo,96.4,yolo,2,2,0,0.000,0,-1,0
1785621136.400,-1.510,-1.973,14.086,0.9991,0,-12.773,-0.088,-0.071,0.2720,5.779,0.005,0.632,0.963,0.047,11.262,0.0888,0.6143,-0.810,-0.810,0.614,1.598,1.619,-2.060,0.0050,0.831,nan,0.00,1,1,1,0,0,0.0000,0.000,0,0.000,0,0.000,0,0,yolo,96.4,yolo,2,2,0,0.000,0,-1,0
1785621136.430,-0.381,-1.979,14.114,0.9994,0,-11.418,-0.102,-0.051,0.2717,5.779,0.005,0.632,0.963,0.047,11.037,0.1006,0.6125,-0.798,-0.798,0.613,1.597,1.618,-2.081,0.0049,0.832,nan,0.00,1,1,1,0,0,0.0000,0.000,0,0.000,0,0.000,0,0,yolo,96.4,yolo,2,2,0,0.000,0,-1,0
1785621136.458,0.737,-1.986,14.138,0.9993,0,-12.918,-0.193,-1.095,0.2667,5.514,0.121,0.607,0.919,1.254,14.000,-1.7419,0.4800,-0.779,-0.977,0.610,1.595,1.650,-2.179,0.0049,0.800,nan,0.00,1,1,1,1,0,0.0000,0.000,0,0.000,0,0.000,0,0,yolo,96.4,yolo,2,2,0,0.000,0,-1,0
1785621136.494,0.737,-1.986,14.138,0.9993,0,-12.342,-0.181,-1.042,0.2724,5.514,0.121,0.607,0.919,1.254,13.079,0.1980,0.6101,-0.779,-0.779,0.610,1.595,1.650,-2.167,0.0048,0.800,nan,0.00,1,1,1,0,0,0.0000,0.000,0,0.000,0,0.000,0,0,yolo,96.4,yolo,2,2,0,0.000,0,-1,0
1785621136.526,1.951,-2.007,14.198,0.9988,0,-10.842,-0.168,-1.002,0.2720,5.514,0.121,0.607,0.919,1.254,12.562,0.2255,0.6012,-0.752,-0.752,0.601,1.593,1.646,-2.176,0.0047,0.804,nan,0.00,1,1,1,0,0,0.0000,0.000,0,0.000,0,0.000,0,0,yolo,96.4,yolo,2,2,0,0.000,0,-1,0
1785621136.553,3.033,-2.026,14.300,0.9980,0,-10.967,-0.263,-1.994,0.2630,5.212,0.230,0.571,0.869,2.531,14.000,-1.1611,0.3740,-0.721,-0.917,0.589,1.590,1.684,-2.289,0.0046,0.766,nan,0.00,1,1,1,1,0,0.0000,0.000,0,0.000,0,0.000,0,0,yolo,86.6,yolo,2,2,0,0.000,0,-1,0
1785621136.597,4.141,-2.047,14.406,0.9968,0,-9.859,-0.243,-2.024,0.2722,5.212,0.230,0.571,0.869,2.531,14.000,0.2338,0.5775,-0.683,-0.683,0.578,1.588,1.678,-2.290,0.0045,0.772,nan,0.00,1,1,1,0,0,0.0000,0.000,0,0.000,0,0.000,0,0,yolo,86.6,yolo,2,2,0,0.000,0,-1,0
1785621136.637,5.182,-2.086,14.586,0.9953,0,-8.818,-0.288,-2.918,0.2591,5.000,0.322,0.537,0.833,3.683,14.000,-1.0055,0.2618,-0.640,-0.827,0.577,1.585,1.704,-2.374,0.0045,0.746,nan,0.00,1,1,1,1,0,0.0000,0.000,0,0.000,0,0.000,0,0,yolo,90.3,yolo,2,2,0,0.000,0,-1,0
1785621136.667,6.116,-2.124,14.755,0.9936,0,-7.884,-0.240,-2.969,0.2734,5.000,0.322,0.537,0.833,3.683,14.000,0.2357,0.5754,-0.592,-0.592,0.575,1.582,1.696,-2.364,0.0044,0.754,nan,0.00,1,1,1,0,0,0.0000,0.000,0,0.000,0,0.000,0,0,yolo,90.3,yolo,2,2,0,0.000,0,-1,0
1785621136.695,6.839,-2.171,14.972,0.9922,0,-7.161,-0.182,-3.008,0.2735,5.000,0.322,0.537,0.833,3.683,14.000,0.2840,0.5739,-0.543,-0.543,0.574,1.580,1.689,-2.354,0.0043,0.761,nan,0.00,1,1,1,0,0,0.0000,0.000,0,0.000,0,0.000,0,0,yolo,90.3,yolo,2,2,0,0.000,0,-1,0
1785621136.731,7.524,-2.222,15.243,0.9906,0,-6.476,-0.152,-3.730,0.2693,4.756,0.406,0.498,0.793,4.881,14.000,-1.4919,0.4542,-0.490,-0.759,0.572,1.578,1.694,-2.374,0.0042,0.731,nan,0.00,1,1,1,1,0,0.0000,0.000,0,0.000,0,0.000,0,0,yolo,93.9,yolo,2,2,0,0.000,0,-1,0
1785621136.760,7.524,-2.222,15.243,0.9906,0,-6.476,-0.127,-3.683,0.2746,4.756,0.406,0.498,0.793,4.881,14.000,0.2691,0.5721,-0.490,-0.490,0.572,1.578,1.694,-2.349,0.0042,0.731,nan,0.00,1,1,1,0,0,0.0000,0.000,0,0.000,0,0.000,0,0,yolo,93.9,yolo,2,2,0,0.000,0,-1,0
1785621136.791,8.173,-2.281,15.561,0.9891,0,-5.827,-0.059,-3.648,0.2744,4.756,0.406,0.498,0.793,4.881,14.000,0.3273,0.5665,-0.432,-0.432,0.567,1.575,1.686,-2.340,0.0041,0.739,nan,0.00,1,1,1,0,0,0.0000,0.000,0,0.000,0,0.000,0,0,yolo,93.9,yolo,2,2,0,0.000,0,-1,0
1785621136.824,8.747,-2.334,15.886,0.9875,0,-5.253,-0.086,-4.883,0.2616,4.772,0.508,0.439,0.795,6.080,14.000,-0.7492,0.2560,-0.372,-0.633,0.555,1.574,1.716,-2.420,0.0040,0.705,nan,0.00,1,1,1,1,0,0.0000,0.000,0,0.000,0,0.000,1,0,yolo,91.7,yolo,2,2,0,0.000,0,-1,0
1785621136.854,9.253,-2.406,16.277,0.9861,0,-4.747,0.011,-5.082,0.2751,4.772,0.508,0.439,0.795,6.080,14.000,0.3200,0.5498,-0.313,-0.313,0.550,1.572,1.707,-2.396,0.0040,0.715,nan,0.00,1,1,1,0,0,0.0000,0.000,0,0.000,0,0.000,1,0,yolo,91.7,yolo,2,2,0,0.000,0,-1,0
1785621136.882,9.714,-2.482,16.735,0.9847,0,-4.286,0.115,-5.231,0.2749,4.772,0.508,0.439,0.795,6.080,14.000,0.3800,0.5456,-0.253,-0.253,0.546,1.572,1.698,-2.367,0.0039,0.725,nan,0.00,1,1,1,0,0,0.0000,0.000,0,0.000,0,0.000,0,0,yolo,91.7,yolo,2,2,0,0.000,0,-1,0
1785621136.917,10.128,-2.550,17.184,0.9834,0,-3.872,0.290,-5.346,0.2674,4.531,0.547,0.410,0.755,6.887,14.000,-0.9568,0.3598,-0.192,-0.463,0.542,1.572,1.661,-2.260,0.0038,0.701,nan,0.00,1,1,1,1,0,0.0000,0.000,0,0.000,0,0.000,0,0,yolo,92.1,yolo,2,2,0,0.000,0,-1,0
1785621136.951,10.133,-2.551,17.190,0.9834,0,-3.867,0.302,-5.100,0.2757,4.531,0.547,0.410,0.755,6.887,14.000,0.2722,0.5416,-0.191,-0.191,0.542,1.572,1.661,-2.249,0.0037,0.701,nan,0.00,1,1,1,0,0,0.0000,0.000,0,0.000,0,0.000,0,0,yolo,92.1,yolo,2,2,0,0.000,0,-1,0
1785621136.992,10.561,-2.608,17.693,0.9820,0,-2.776,0.393,-4.916,0.2754,4.531,0.547,0.410,0.755,6.887,13.337,0.3466,0.5338,-0.117,-0.117,0.534,1.572,1.654,-2.214,0.0037,0.709,nan,0.00,1,1,1,0,0,0.0000,0.000,0,0.000,0,0.000,0,0,yolo,92.1,yolo,2,2,0,0.000,0,-1,0
1785621137.025,10.833,-2.652,18.136,0.9811,0,-3.167,0.473,-5.371,0.2684,4.415,0.590,0.354,0.736,7.611,14.000,-0.4183,0.3472,-0.048,-0.300,0.517,1.574,1.649,-2.179,0.0036,0.662,nan,0.00,1,1,1,1,0,0.0000,0.000,0,0.000,0,0.000,1,0,yolo,87.8,yolo,2,2,0,0.000,0,-1,0
1785621137.053,11.134,-2.695,18.583,0.9801,0,-1.667,0.552,-5.431,0.2757,4.415,0.590,0.354,0.736,7.611,12.586,0.3174,0.5056,0.018,0.018,0.506,1.576,1.645,-2.143,0.0035,0.668,nan,0.00,1,1,1,0,0,0.0000,0.000,0,0.000,0,0.000,0,0,yolo,87.8,yolo,2,2,0,0.000,0,-1,0
1785621137.087,11.134,-2.695,18.583,0.9801,0,-1.452,0.544,-5.475,0.2757,4.415,0.590,0.354,0.736,7.611,12.586,0.3174,0.5056,0.018,0.018,0.506,1.576,1.645,-2.151,0.0035,0.668,nan,0.00,1,1,1,0,0,0.0000,0.000,0,0.000,0,0.000,0,0,yolo,87.8,yolo,2,2,0,0.000,0,-1,0
1785621137.121,11.289,-2.739,19.093,0.9795,0,-2.711,0.662,-4.912,0.2812,4.122,0.577,0.325,0.687,7.971,14.000,-0.3881,0.5986,0.087,-0.097,0.493,1.579,1.628,-2.077,0.0034,0.628,nan,0.00,1,1,1,1,0,0.0000,0.000,0,0.000,0,0.000,0,0,yolo,93.0,yolo,2,2,0,0.000,0,-1,0
1785621137.150,11.426,-2.784,19.580,0.9790,0,-1.211,0.749,-4.599,0.2757,4.122,0.577,0.325,0.687,7.971,10.649,0.2516,0.4799,0.154,0.154,0.480,1.583,1.625,-2.035,0.0033,0.633,nan,0.00,1,1,1,0,0,0.0000,0.000,0,0.000,0,0.000,0,0,yolo,93.0,yolo,2,2,0,0.000,0,-1,0
1785621137.183,11.571,-2.831,20.085,0.9785,0,-1.594,0.797,-4.691,0.2773,4.028,0.572,0.277,0.671,8.081,13.165,-0.0779,0.4796,0.228,0.047,0.466,1.587,1.643,-2.034,0.0033,0.585,nan,0.00,1,1,1,1,0,0.0000,0.000,0,0.000,0,0.000,0,0,yolo,93.7,yolo,2,2,0,0.000,0,-1,0
1785621137.212,11.710,-2.834,20.448,0.9780,0,-0.094,0.829,-4.830,0.2759,4.028,0.572,0.277,0.671,8.081,8.567,0.2479,0.4484,0.295,0.295,0.448,1.592,1.642,-2.005,0.0032,0.586,nan,0.00,1,1,1,0,0,0.0000,0.000,0,0.000,0,0.000,0,0,yolo,93.7,yolo,2,2,0,0.000,0,-1,0
1785621137.247,11.708,-2.842,20.864,0.9780,0,1.406,0.870,-4.935,0.2749,4.028,0.572,0.277,0.671,8.081,7.362,0.3166,0.4290,0.364,0.364,0.429,1.597,1.642,-1.972,0.0032,0.587,nan,0.00,1,1,1,0,0,0.0000,0.000,0,0.000,0,0.000,0,0,yolo,93.7,yolo,2,2,0,0.000,0,-1,0
1785621137.278,11.708,-2.842,20.864,0.9780,0,1.415,0.780,-4.725,0.2822,3.874,0.549,0.234,0.646,8.068,10.292,0.0089,0.5512,0.364,0.192,0.429,1.597,1.661,-2.061,0.0031,0.532,nan,0.00,1,1,1,1,0,0.0000,0.000,0,0.000,0,0.000,1,0,yolo,94.3,yolo,2,2,0,0.000,0,-1,0
1785621137.310,11.578,-2.847,21.264,0.9784,0,2.915,0.826,-4.759,0.2756,3.874,0.549,0.234,0.646,8.068,6.260,0.2330,0.4114,0.425,0.425,0.411,1.602,1.661,-2.021,0.0031,0.531,nan,0.00,1,1,1,0,0,0.0000,0.000,0,0.000,0,0.000,0,0,yolo,94.3,yolo,2,2,0,0.000,0,-1,0
1785621137.342,11.441,-2.858,21.673,0.9789,0,4.415,0.876,-4.784,0.2745,3.874,0.549,0.234,0.646,8.068,5.162,0.2958,0.3912,0.488,0.488,0.391,1.608,1.661,-1.982,0.0030,0.531,nan,0.00,1,1,1,0,0,0.0000,0.000,0,0.000,0,0.000,0,0,yolo,94.3,yolo,2,2,0,0.000,0,-1,0
1785621137.372,10.969,-2.853,22.107,0.9805,0,5.915,0.906,-4.803,0.2731,3.874,0.549,0.234,0.646,8.068,4.062,0.3587,0.3698,0.550,0.550,0.370,1.615,1.664,-1.947,0.0030,0.526,nan,0.00,1,1,1,0,0,0.0000,0.000,0,0.000,0,0.000,0,0,yolo,94.3,yolo,2,2,0,0.000,0,-1,0
1785621137.402,10.371,-2.844,22.546,0.9825,0,4.578,1.005,-3.406,0.2671,3.452,0.476,0.250,0.575,7.849,5.793,0.1322,0.2352,0.607,0.361,0.351,1.622,1.636,-1.839,0.0029,0.503,nan,0.00,1,1,1,1,0,0.0000,0.000,0,0.000,0,0.000,0,0,yolo,96.5,yolo,2,2,0,0.000,0,-1,0
1785621137.437,10.371,-2.844,22.546,0.9825,0,6.078,0.946,-2.940,0.2724,3.452,0.476,0.250,0.575,7.849,1.952,0.2461,0.3513,0.607,0.607,0.351,1.622,1.636,-1.899,0.0029,0.503,nan,0.00,1,1,1,0,0,0.0000,0.000,0,0.000,0,0.000,0,0,yolo,96.5,yolo,2,2,0,0.000,0,-1,0
1785621137.469,9.947,-2.807,22.880,0.9838,0,7.578,0.990,-1.440,0.2705,3.099,0.406,0.265,0.516,7.466,1.999,0.3109,0.3053,0.663,0.481,0.340,1.627,1.618,-1.817,0.0028,0.482,nan,0.00,1,1,1,1,0,0.0000,0.000,0,0.000,0,0.000,0,0,yolo,92.0,yolo,2,2,0,0.000,0,-1,0
1785621137.502,9.415,-2.760,23.103,0.9854,0,9.078,0.945,-0.562,0.2713,3.099,0.406,0.265,0.516,7.466,-1.093,0.2304,0.3315,0.712,0.712,0.332,1.632,1.621,-1.815,0.0028,0.476,nan,0.00,1,1,1,0,0,0.0000,0.000,0,0.000,0,0.000,0,0,yolo,92.0,yolo,2,2,0,0.000,0,-1,0
1785621137.533,8.507,-2.687,23.197,0.9879,0,10.456,0.843,-0.079,0.2706,3.099,0.406,0.265,0.516,7.466,-1.949,0.2811,0.3245,0.762,0.762,0.325,1.634,1.626,-1.843,0.0027,0.467,nan,0.00,1,1,1,0,0,0.0000,0.000,0,0.000,0,0.000,0,0,yolo,92.0,yolo,2,2,0,0.000,0,-1,0
1785621137.561,7.499,-2.599,23.207,0.9904,0,10.250,0.710,0.282,0.2699,3.099,0.406,0.265,0.516,7.466,-2.751,0.3285,0.3178,0.810,0.810,0.318,1.635,1.632,-1.889,0.0027,0.456,nan,0.00,1,1,1,0,0,0.0000,0.000,0,0.000,0,0.000,0,0,yolo,92.0,yolo,2,2,0,0.000,0,-1,0
1785621137.595,7.486,-2.598,23.207,0.9905,0,8.750,0.717,1.782,0.2576,2.804,0.337,0.281,0.467,6.862,-1.236,0.2214,0.0450,0.810,0.612,0.318,1.635,1.617,-1.881,0.0026,0.450,nan,0.00,1,1,1,1,0,0.0000,0.000,0,0.000,0,0.000,0,0,yolo,97.1,yolo,2,2,0,0.000,0,-1,0
1785621137.626,6.500,-2.525,23.188,0.9926,0,10.250,0.609,2.640,0.2691,2.804,0.337,0.281,0.467,6.862,-4.656,0.2366,0.3054,0.849,0.849,0.305,1.635,1.621,-1.916,0.0026,0.441,nan,0.00,1,1,1,0,0,0.0000,0.000,0,0.000,0,0.000,0,0,yolo,97.1,yolo,2,2,0,0.000,0,-1,0
1785621137.657,5.507,-2.450,23.003,0.9945,0,11.750,2.030,1.140,0.2684,nan,nan,nan,0.000,0.000,-7.083,0.0000,0.2933,0.885,0.885,0.293,1.632,1.000,-0.420,0.0026,0.428,nan,0.00,0,0,0,0,0,0.0000,0.000,0,0.000,0,0.000,1,0,,,FLYING,2,2,0,0.000,0,-1,0
1785621137.685,4.484,-2.256,22.841,0.9962,0,11.770,1.775,0.000,0.2679,nan,nan,nan,0.000,0.000,-7.286,0.0000,0.2838,0.911,0.911,0.284,1.627,1.000,-0.481,0.0026,0.415,nan,0.00,0,0,0,0,0,0.0000,0.000,0,0.000,0,0.000,0,0,,,FLYING,2,2,0,0.000,0,-1,0
1785621137.720,3.363,-2.084,22.854,0.9976,0,10.759,1.574,0.000,0.2675,nan,nan,nan,0.000,0.000,-7.395,0.0000,0.2746,0.924,0.924,0.275,1.624,1.000,-0.510,0.0026,0.402,nan,0.00,0,0,0,0,0,0.0000,0.000,0,0.000,0,0.000,0,0,,,FLYING,2,2,0,0.000,0,-1,0
1785621137.752,2.456,-1.960,22.908,0.9985,0,9.896,1.433,0.000,0.2673,nan,nan,nan,0.000,0.000,-7.440,0.0000,0.2677,0.930,0.930,0.268,1.621,1.000,-0.527,0.0026,0.390,nan,0.00,0,0,0,0,0,0.0000,0.000,0,0.000,0,0.000,0,0,,,FLYING,2,2,0,0.000,0,-1,0
1785621137.784,2.456,-1.960,22.908,0.9985,0,9.896,1.457,0.000,0.2677,nan,nan,nan,0.000,0.000,-7.440,0.0000,0.2677,0.930,0.930,0.268,1.621,1.000,-0.503,0.0026,0.379,nan,0.00,0,0,0,0,0,0.0000,0.000,0,0.000,0,0.000,0,0,,,FLYING,2,2,0,0.000,0,-1,0
1785621137.816,1.511,-1.825,22.911,0.9991,0,8.963,1.271,0.000,0.2675,nan,nan,nan,0.000,0.000,-7.451,0.0000,0.2608,0.931,0.931,0.261,1.616,1.000,-0.554,0.0026,0.367,nan,0.00,0,0,0,0,0,0.0000,0.000,0,0.000,0,0.000,0,0,,,FLYING,2,2,0,0.000,0,-1,0
1785621137.848,0.630,-1.697,22.900,0.9995,0,8.049,1.094,0.000,0.2675,nan,nan,nan,0.000,0.000,-7.419,0.0000,0.2544,0.927,0.927,0.254,1.610,1.000,-0.602,0.0026,0.356,nan,0.00,0,0,0,0,0,0.0000,0.000,0,0.000,0,0.000,0,0,,,FLYING,2,2,0,0.000,0,-1,0
1785621137.878,-0.094,-1.598,22.901,0.9996,0,7.257,0.953,0.000,0.2675,nan,nan,nan,0.000,0.000,-7.351,0.0000,0.2478,0.919,0.919,0.248,1.604,1.000,-0.646,0.0026,0.346,nan,0.00,0,0,0,0,0,0.0000,0.000,0,0.000,0,0.000,1,0,,,FLYING,2,2,0,0.000,0,-1,0
1785621137.907,-0.788,-1.508,22.904,0.9996,0,6.456,0.818,0.000,0.2675,nan,nan,nan,0.000,0.000,-7.244,0.0000,0.2404,0.906,0.906,0.240,1.597,1.000,-0.691,0.0026,0.335,nan,0.00,0,0,0,0,0,0.0000,0.000,0,0.000,0,0.000,0,0,,,FLYING,2,2,0,0.000,0,-1,0
1785621137.942,-0.788,-1.508,22.904,0.9996,0,6.456,0.873,0.000,0.2678,nan,nan,nan,0.000,0.000,-7.244,0.0000,0.2404,0.906,0.906,0.240,1.597,1.000,-0.636,0.0026,0.325,nan,0.00,0,0,0,0,0,0.0000,0.000,0,0.000,0,0.000,0,0,,,FLYING,2,2,0,0.000,0,-1,0
1785621137.973,-1.411,-1.430,22.902,0.9994,0,5.698,0.735,0.000,0.2677,nan,nan,nan,0.000,0.000,-7.110,0.0000,0.2325,0.889,0.889,0.233,1.590,1.000,-0.695,0.0026,0.315,nan,0.00,0,0,0,0,0,0.0000,0.000,0,0.000,0,0.000,0,0,,,FLYING,2,2,0,0.000,0,-1,0
1785621138.003,-2.013,-1.349,22.899,0.9991,0,4.939,0.605,0.000,0.2677,nan,nan,nan,0.000,0.000,-6.952,0.0000,0.2246,0.869,0.869,0.225,1.582,1.000,-0.744,0.0026,0.306,nan,0.00,0,0,0,0,0,0.0000,0.000,0,0.000,0,0.000,0,0,,,FLYING,2,2,0,0.000,0,-1,0
1785621138.035,-2.488,-1.291,22.897,0.9988,0,4.281,0.500,0.000,0.2677,nan,nan,nan,0.000,0.000,-6.769,0.0000,0.2163,0.846,0.846,0.216,1.574,1.000,-0.791,0.0026,0.297,nan,0.00,0,0,0,0,0,0.0000,0.000,0,0.000,0,0.000,1,0,,,FLYING,2,2,0,0.000,0,-1,0
1785621138.064,-2.903,-1.242,22.895,0.9985,0,3.667,0.412,0.000,0.2677,nan,nan,nan,0.000,0.000,-6.570,0.0000,0.2079,0.821,0.821,0.208,1.566,1.000,-0.831,0.0026,0.288,nan,0.00,0,0,0,0,0,0.0000,0.000,0,0.000,0,0.000,0,0,,,FLYING,2,2,0,0.000,0,-1,0
1785621138.096,-3.268,-1.201,22.892,0.9982,0,3.086,0.332,0.000,0.2677,nan,nan,nan,0.000,0.000,-6.354,0.0000,0.1995,0.794,0.794,0.199,1.558,1.000,-0.869,0.0026,0.279,nan,0.00,0,0,0,0,0,0.0000,0.000,0,0.000,0,0.000,0,0,,,FLYING,2,2,0,0.000,0,-1,0
1785621138.127,-3.268,-1.201,22.892,0.9982,0,3.086,0.411,0.000,0.2679,nan,nan,nan,0.000,0.000,-6.354,0.0000,0.1995,0.794,0.794,0.199,1.558,1.000,-0.790,0.0026,0.271,nan,0.00,0,0,0,0,0,0.0000,0.000,0,0.000,0,0.000,0,0,,,FLYING,2,2,0,0.000,0,-1,0
1785621138.159,-3.594,-1.166,22.890,0.9978,0,2.519,0.312,0.000,0.2679,nan,nan,nan,0.000,0.000,-6.112,0.0000,0.1906,0.764,0.764,0.191,1.549,1.000,-0.854,0.0026,0.263,nan,0.00,0,0,0,0,0,0.0000,0.000,0,0.000,0,0.000,0,0,,,FLYING,2,2,0,0.000,0,-1,0
1785621138.190,-3.864,-1.132,22.888,0.9975,0,1.019,-0.276,-1.500,0.2678,4.000,1.400,0.000,0.667,19.290,14.000,-0.0318,0.1817,0.732,0.732,0.182,1.540,1.200,-1.408,0.0026,0.255,nan,0.00,1,1,0,0,0,0.0000,0.000,0,0.000,0,0.000,0,1,search,,SEARCH,2,2,0,0.000,0,-1,0
1785621138.218,-3.979,-1.151,22.991,0.9974,0,-0.481,-0.275,-3.000,0.2677,4.000,1.400,0.000,0.667,19.290,14.000,-0.0651,0.1732,0.699,0.699,0.173,1.532,1.200,-1.425,0.0026,0.247,nan,0.00,1,1,0,0,0,0.0000,0.000,0,0.000,0,0.000,0,0,search,,SEARCH,2,2,0,0.000,0,-1,0
1785621138.254,-3.979,-1.151,22.991,0.9974,0,-1.981,-0.198,-4.500,0.2679,4.000,1.400,0.000,0.667,19.290,14.000,-0.0651,0.1732,0.699,0.699,0.173,1.532,1.200,-1.348,0.0026,0.240,nan,0.00,1,1,0,0,0,0.0000,0.000,0,0.000,0,0.000,0,0,search,,SEARCH,2,2,0,0.000,0,-1,0
1785621138.283,-1.835,0.107,34.971,0.9995,0,-3.481,-1.698,-6.000,0.2681,4.000,1.400,0.000,0.667,19.290,14.000,-2.5266,0.1860,-1.763,-1.763,0.186,-0.917,1.200,-2.500,0.0026,0.233,nan,0.00,1,1,0,0,0,0.0000,0.000,0,0.000,0,0.000,0,0,search,,SEARCH,2,2,0,0.000,0,-1,0
1785621138.315,-2.018,0.016,37.886,0.9994,0,-4.981,-2.516,-7.500,0.2653,4.000,1.400,0.000,0.667,19.290,14.000,-4.8280,0.1187,-4.064,-4.064,0.119,-3.819,1.200,-2.500,0.0026,0.226,nan,0.00,1,1,0,0,0,0.0000,0.000,0,0.000,0,0.000,0,0,search,,SEARCH,2,2,0,0.000,0,-1,0
1785621138.346,-1.579,-0.287,35.746,0.9996,0,-5.453,-2.213,-9.000,0.2618,4.000,1.400,0.000,0.667,19.290,14.000,-7.2051,0.0385,-6.441,-6.441,0.039,-6.343,1.200,-2.500,0.0026,0.219,nan,0.00,1,1,0,0,0,0.0000,0.000,0,0.000,0,0.000,0,0,search,,SEARCH,2,2,0,0.000,0,-1,0
1785621138.374,-1.170,-0.523,36.077,0.9997,0,-5.309,-1.977,-10.500,0.2586,4.000,1.400,0.000,0.667,19.290,14.000,-9.2395,-0.0369,-8.475,-8.475,-0.037,-8.859,1.200,-2.500,0.0026,0.212,nan,0.00,1,1,0,0,0,0.0000,0.000,0,0.000,0,0.000,0,0,search,,SEARCH,2,2,0,0.000,0,-1,0
1785621138.409,-1.170,-0.523,36.077,0.9997,0,-5.309,-1.977,-12.000,0.2588,4.000,1.400,0.000,0.667,19.290,14.000,-9.2395,-0.0369,-8.475,-8.475,-0.037,-8.859,1.200,-2.500,0.0026,0.206,nan,0.00,1,1,0,0,0,0.0000,0.000,0,0.000,0,0.000,1,0,search,,SEARCH,2,2,0,0.000,0,-1,0
1785621138.439,-0.781,-0.667,37.670,0.9998,0,-5.173,-1.833,-12.000,0.2555,4.000,1.400,0.000,0.667,19.290,14.000,-11.1185,-0.1131,-10.354,-10.354,-0.113,-11.640,1.200,-2.500,0.0026,0.200,nan,0.00,1,1,0,0,0,0.0000,0.000,0,0.000,0,0.000,0,0,search,,SEARCH,2,2,0,0.000,0,-1,0
1785621138.467,-0.390,-0.827,38.751,0.9999,0,-5.036,-1.673,-10.500,0.2553,4.000,-1.400,0.000,0.667,-19.290,14.000,-10.8959,-0.1219,-10.132,-10.132,-0.122,-11.828,1.200,-2.500,0.0026,0.194,nan,0.00,1,1,0,0,0,0.0000,0.000,0,0.000,0,0.000,0,0,search,,SEARCH,2,2,0,0.000,0,0,0
1785621138.502,-0.008,-0.987,39.528,0.9999,0,-4.903,-1.513,-9.000,0.2588,4.000,-1.400,0.000,0.667,-19.290,14.000,-10.7299,-0.0473,-9.966,-9.966,-0.047,-11.957,1.200,-2.500,0.0026,0.188,nan,0.00,1,1,0,0,0,0.0000,0.000,0,0.000,0,0.000,0,0,search,,SEARCH,2,2,0,0.000,0,0,0
1785621138.532,0.351,-1.142,40.261,0.9998,0,-4.777,-1.358,-7.500,0.2620,4.000,-1.400,0.000,0.667,-19.290,14.000,-10.5684,0.0186,-9.804,-9.804,0.019,-12.077,1.200,-2.500,0.0026,0.182,nan,0.00,1,1,0,0,0,0.0000,0.000,0,0.000,0,0.000,1,0,search,,SEARCH,2,2,0,0.000,0,1,0
1785621138.563,0.739,-1.275,40.931,0.9997,0,-4.641,-1.225,-6.000,0.2641,4.000,-1.400,0.000,0.667,-19.290,14.000,-10.4139,0.0604,-9.650,-9.650,0.060,-12.182,1.200,-2.500,0.0026,0.177,nan,0.00,1,1,0,0,0,0.0000,0.000,0,0.000,0,0.000,0,0,search,,SEARCH,2,2,0,0.000,0,0,0
1785621138.592,1.112,-1.395,41.372,0.9995,0,-4.511,-1.105,-4.500,0.2656,4.000,-1.400,0.000,0.667,-19.290,14.000,-10.3042,0.0890,-9.540,-9.540,0.089,-12.246,1.200,-2.500,0.0026,0.172,nan,0.00,1,1,0,0,0,0.0000,0.000,0,0.000,0,0.000,0,0,search,,SEARCH,3,3,0,0.000,0,0,0
1785621138.627,1.112,-1.395,41.372,0.9995,0,-4.511,-1.105,-3.000,0.2657,4.000,-1.400,0.000,0.667,-19.290,14.000,-10.3042,0.0890,-9.540,-9.540,0.089,-12.246,1.200,-2.500,0.0026,0.166,nan,0.00,1,1,0,0,0,0.0000,0.000,0,0.000,0,0.000,0,0,search,,SEARCH,3,3,0,0.000,0,0,0
1785621138.658,1.508,-1.513,41.730,0.9993,0,-4.372,-0.987,-1.500,0.2668,4.000,-1.400,0.000,0.667,-19.290,14.000,-10.2072,0.1091,-9.443,-9.443,0.109,-12.295,1.200,-2.500,0.0026,0.161,nan,0.00,1,1,0,0,0,0.0000,0.000,0,0.000,0,0.000,0,0,search,,SEARCH,3,3,0,0.000,0,0,0
1785621138.704,2.275,-1.724,42.106,0.9988,0,-4.104,-0.776,0.000,0.2677,4.000,-1.400,0.000,0.667,-19.290,14.000,-10.0768,0.1221,-9.313,-9.313,0.122,-12.333,1.200,-2.500,0.0026,0.157,nan,0.00,1,1,0,0,0,0.0000,0.000,0,0.000,0,0.000,0,0,search,,SEARCH,3,3,0,0.000,0,0,0
1785621138.736,2.627,-1.796,42.108,0.9985,0,-3.981,-0.704,1.500,0.2679,4.000,-1.400,0.000,0.667,-19.290,14.000,-10.0487,0.1212,-9.285,-9.285,0.121,-12.321,1.200,-2.500,0.0026,0.152,nan,0.00,1,1,0,0,0,0.0000,0.000,0,0.000,0,0.000,0,0,search,,SEARCH,3,3,0,0.000,0,0,0
1785621138.783,2.977,-1.860,42.037,0.9981,0,-3.858,-0.640,3.000,0.2680,4.000,-1.400,0.000,0.667,-19.290,14.000,-10.0337,0.1182,-9.270,-9.270,0.118,-12.297,1.200,-2.500,0.0026,0.147,nan,0.00,1,1,0,0,0,0.0000,0.000,0,0.000,0,0.000,0,0,search,,SEARCH,3,3,0,0.000,0,0,0
1785621138.813,3.330,-1.908,41.788,0.9978,0,-3.734,-0.592,4.500,0.2680,4.000,-1.400,0.000,0.667,-19.290,14.000,-10.0536,0.1129,-9.290,-9.290,0.113,-12.244,1.200,-2.500,0.0026,0.143,nan,0.00,1,1,0,0,0,0.0000,0.000,0,0.000,0,0.000,0,0,search,,SEARCH,3,3,0,0.000,0,0,0
1785621138.845,3.669,-1.942,41.428,0.9974,0,-3.616,-0.558,6.000,0.2679,4.000,-1.400,0.000,0.667,-19.290,14.000,-10.0960,0.1070,-9.332,-9.332,0.107,-12.172,1.200,-2.500,0.0026,0.139,nan,0.00,1,1,0,0,0,0.0000,0.000,0,0.000,0,0.000,0,0,search,,SEARCH,3,3,0,0.000,0,0,0
1785621138.877,3.669,-1.942,41.428,0.9974,0,-3.616,-0.558,7.500,0.2681,4.000,-1.400,0.000,0.667,-19.290,14.000,-10.0960,0.1070,-9.332,-9.332,0.107,-12.172,1.200,-2.500,0.0026,0.134,nan,0.00,1,1,0,0,0,0.0000,0.000,0,0.000,0,0.000,0,0,search,,SEARCH,3,3,0,0.000,0,0,0
1785621138.907,4.005,-1.962,40.942,0.9970,0,-3.498,-0.538,9.000,0.2680,4.000,-1.400,0.000,0.667,-19.290,14.000,-10.1621,0.1009,-9.398,-9.398,0.101,-12.079,1.200,-2.500,0.0026,0.130,nan,0.00,1,1,0,0,0,0.0000,0.000,0,0.000,0,0.000,0,0,search,,SEARCH,3,3,0,0.000,0,0,0
1785621138.936,4.349,-1.973,40.370,0.9965,0,-3.378,-0.527,10.500,0.2680,4.000,-1.400,0.000,0.667,-19.290,14.000,-10.2418,0.0946,-9.478,-9.478,0.095,-11.972,1.200,-2.500,0.0026,0.126,nan,0.00,1,1,0,0,0,0.0000,0.000,0,0.000,0,0.000,0,0,search,,SEARCH,3,3,0,0.000,0,0,0
1785621138.969,4.725,-1.948,39.347,0.9960,0,-3.246,-0.552,12.000,0.2679,4.000,-1.400,0.000,0.667,-19.290,14.000,-10.4077,0.0874,-9.644,-9.644,0.087,-11.786,1.200,-2.500,0.0026,0.123,nan,0.00,1,1,0,0,0,0.0000,0.000,0,0.000,0,0.000,0,0,search,,SEARCH,3,3,0,0.000,0,0,0
1785621139.000,4.725,-1.948,39.347,0.9960,0,-3.246,-0.552,12.000,0.2680,4.000,-1.400,0.000,0.667,-19.290,14.000,-10.4077,0.0874,-9.644,-9.644,0.087,-11.786,1.200,-2.500,0.0026,0.119,nan,0.00,1,1,0,0,0,0.0000,0.000,0,0.000,0,0.000,0,0,search,,SEARCH,3,3,0,0.000,0,0,0
1785621139.032,5.056,-1.914,38.337,0.9956,0,-3.130,-0.586,12.000,0.2680,4.000,-1.400,0.000,0.667,-19.290,14.000,-10.5698,0.0810,-9.806,-9.806,0.081,-11.600,1.200,-2.500,0.0026,0.115,nan,0.00,1,1,0,0,0,0.0000,0.000,0,0.000,0,0.000,0,0,search,,SEARCH,3,3,0,0.000,0,0,0
1785621139.066,5.401,-1.872,37.282,0.9950,0,-3.010,-0.628,12.000,0.2679,4.000,-1.400,0.000,0.667,-19.290,14.000,-10.7335,0.0746,-9.970,-9.970,0.075,-11.404,1.200,-2.500,0.0026,0.112,nan,0.00,1,1,0,0,0,0.0000,0.000,0,0.000,0,0.000,0,0,search,,SEARCH,3,3,0,0.000,0,0,0
1785621139.091,5.733,-1.830,36.253,0.9945,0,-2.893,-0.670,12.000,0.2679,4.000,-1.400,0.000,0.667,-19.290,14.000,-10.8862,0.0686,-10.122,-10.122,0.069,-11.210,1.200,-2.500,0.0026,0.109,nan,0.00,1,1,0,0,0,0.0000,0.000,0,0.000,0,0.000,0,0,search,,SEARCH,3,3,0,0.000,0,0,0
1785621139.126,6.033,-1.790,35.252,0.9940,0,-2.788,-0.710,12.000,0.2679,4.000,-1.400,0.000,0.667,-19.290,14.000,-11.0299,0.0631,-10.266,-10.266,0.063,-11.018,1.200,-2.500,0.0026,0.105,nan,0.00,1,1,0,0,0,0.0000,0.000,0,0.000,0,0.000,0,0,search,,SEARCH,3,3,0,0.000,0,0,0
1785621139.156,6.324,-1.748,34.244,0.9935,0,-2.687,-0.752,12.000,0.2679,4.000,-1.400,0.000,0.667,-19.290,14.000,-11.1698,0.0579,-10.406,-10.406,0.058,-10.823,1.200,-2.500,0.0026,0.102,nan,0.00,1,1,0,0,0,0.0000,0.000,0,0.000,0,0.000,0,0,search,,SEARCH,3,3,0,0.000,0,0,0
1785621139.187,6.324,-1.748,34.244,0.9935,0,-2.687,-0.752,12.000,0.2680,4.000,-1.400,0.000,0.667,-19.290,14.000,-11.1698,0.0579,-10.406,-10.406,0.058,-10.823,1.200,-2.500,0.0026,0.099,nan,0.00,1,1,0,0,0,0.0000,0.000,0,0.000,0,0.000,0,0,search,,SEARCH,3,3,0,0.000,0,0,0
1785621139.233,6.634,-1.700,33.133,0.9929,0,-2.578,-0.800,12.000,0.2680,4.000,-1.400,0.000,0.667,-19.290,14.000,-11.3180,0.0525,-10.554,-10.554,0.052,-10.606,1.200,-2.500,0.0026,0.096,nan,0.00,1,1,0,0,0,0.0000,0.000,0,0.000,0,0.000,0,0,search,,SEARCH,3,3,0,0.000,0,0,0
1785621139.264,6.922,-1.649,32.100,0.9923,0,-2.477,-0.851,12.000,0.2680,4.000,-1.400,0.000,0.667,-19.290,14.000,-11.4499,0.0477,-10.686,-10.686,0.048,-10.401,1.200,-2.500,0.0026,0.093,nan,0.00,1,1,0,0,0,0.0000,0.000,0,0.000,0,0.000,0,0,search,,SEARCH,3,3,0,0.000,0,0,0
1785621139.291,7.192,-1.599,31.094,0.9917,0,-2.383,-0.901,12.000,0.2680,4.000,-1.400,0.000,0.667,-19.290,14.000,-11.5735,0.0433,-10.809,-10.809,0.043,-10.200,1.200,-2.500,0.0026,0.090,nan,0.00,1,1,0,0,0,0.0000,0.000,0,0.000,0,0.000,0,0,search,,SEARCH,3,3,0,0.000,0,0,0
1785621139.326,7.446,-1.554,30.071,0.9912,0,-2.294,-0.946,12.000,0.2681,4.000,-1.400,0.000,0.667,-19.290,14.000,-11.6943,0.0391,-10.930,-10.930,0.039,-9.993,1.200,-2.500,0.0026,0.088,nan,0.00,1,1,0,0,0,0.0000,0.000,0,0.000,0,0.000,1,0,search,,SEARCH,3,3,0,0.000,0,1,0
1785621139.356,7.684,-1.509,29.080,0.9907,0,-2.211,-0.991,12.000,0.2681,4.000,-1.400,0.000,0.667,-19.290,14.000,-11.8066,0.0351,-11.043,-11.043,0.035,-9.791,1.200,-2.500,0.0026,0.085,nan,0.00,1,1,0,0,0,0.0000,0.000,0,0.000,0,0.000,0,0,search,,SEARCH,3,3,0,0.000,0,0,0
1785621139.389,7.917,-1.463,28.076,0.9901,0,-2.129,-1.037,12.000,0.2681,4.000,-1.400,0.000,0.667,-19.290,14.000,-11.9155,0.0311,-11.152,-11.152,0.031,-9.585,1.200,-2.500,0.0026,0.083,nan,0.00,1,1,0,0,0,0.0000,0.000,0,0.000,0,0.000,0,0,search,,SEARCH,3,3,0,0.000,0,0,0
1785621139.420,7.917,-1.463,28.076,0.9901,0,-2.129,-1.037,12.000,0.2682,4.000,-1.400,0.000,0.667,-19.290,14.000,-11.9155,0.0311,-11.152,-11.152,0.031,-9.585,1.200,-2.500,0.0026,0.080,nan,0.00,1,1,0,0,0,0.0000,0.000,0,0.000,0,0.000,0,0,search,,SEARCH,3,3,0,0.000,0,0,0
1785621139.457,8.173,-1.411,26.929,0.9895,0,-2.040,-1.089,12.000,0.2683,4.000,-1.400,0.000,0.667,-19.290,14.000,-12.0340,0.0269,-11.270,-11.270,0.027,-9.347,1.200,-2.500,0.0026,0.078,nan,0.00,1,1,0,0,0,0.0000,0.000,0,0.000,0,0.000,0,0,search,,SEARCH,3,3,0,0.000,0,0,0
1785621139.498,8.414,-1.360,25.802,0.9890,0,-1.955,-1.140,12.000,0.2683,4.000,-1.400,0.000,0.667,-19.290,14.000,-12.1443,0.0229,-11.380,-11.380,0.023,-9.112,1.200,-2.500,0.0026,0.075,nan,0.00,1,1,0,0,0,0.0000,0.000,0,0.000,0,0.000,0,0,search,,SEARCH,3,3,0,0.000,0,0,0
1785621139.529,8.636,-1.311,24.718,0.9884,0,-1.877,-1.189,12.000,0.2684,4.000,-1.400,0.000,0.667,-19.290,14.000,-12.2448,0.0193,-11.481,-11.481,0.019,-8.883,1.200,-2.500,0.0026,0.073,nan,0.00,1,1,0,0,0,0.0000,0.000,0,0.000,0,0.000,0,0,search,,SEARCH,3,3,0,0.000,0,0,0
1785621139.560,8.838,-1.266,23.698,0.9879,0,-1.807,-1.234,12.000,0.2684,4.000,-1.400,0.000,0.667,-19.290,14.000,-12.3344,0.0160,-11.570,-11.570,0.016,-8.667,1.200,-2.500,0.0026,0.071,nan,0.00,1,1,0,0,0,0.0000,0.000,0,0.000,0,0.000,0,0,search,,SEARCH,3,3,0,0.000,0,0,0
1785621139.593,9.028,-1.223,22.693,0.9874,0,-1.740,-1.277,12.000,0.2685,4.000,-1.400,0.000,0.667,-19.290,14.000,-12.4180,0.0128,-11.654,-11.654,0.013,-8.453,1.200,-2.500,0.0026,0.069,nan,0.00,1,1,0,0,0,0.0000,0.000,0,0.000,0,0.000,0,0,search,,SEARCH,3,3,0,0.000,0,0,0
1785621139.625,9.028,-1.223,22.693,0.9874,0,-1.740,-1.277,12.000,0.2685,4.000,-1.400,0.000,0.667,-19.290,14.000,-12.4180,0.0128,-11.654,-11.654,0.013,-8.453,1.200,-2.500,0.0026,0.067,nan,0.00,1,1,0,0,0,0.0000,0.000,0,0.000,0,0.000,0,0,search,,SEARCH,3,3,0,0.000,0,0,0
1785621139.660,9.236,-1.174,21.558,0.9868,0,-1.667,-1.326,10.500,0.2686,4.000,1.400,0.000,0.667,19.290,14.000,-12.5067,0.0094,-11.743,-11.743,0.009,-8.209,1.200,-2.500,0.0026,0.065,nan,0.00,1,1,0,0,0,0.0000,0.000,0,0.000,0,0.000,0,0,search,,SEARCH,3,3,0,0.000,0,0,0
1785621139.685,9.439,-1.132,20.467,0.9863,0,-1.596,-1.368,9.000,0.2687,4.000,1.400,0.000,0.667,19.290,14.000,-12.5825,0.0063,-11.819,-11.819,0.006,-7.973,1.200,-2.500,0.0026,0.063,nan,0.00,1,1,0,0,0,0.0000,0.000,0,0.000,0,0.000,0,0,search,,SEARCH,3,3,0,0.000,0,0,0
1785621139.720,9.613,-1.137,19.680,0.9858,0,-1.535,-1.363,7.500,0.2687,4.000,1.400,0.000,0.667,19.290,14.000,-12.6162,0.0034,-11.852,-11.852,0.003,-7.800,1.200,-2.500,0.0026,0.061,nan,0.00,1,1,0,0,0,0.0000,0.000,0,0.000,0,0.000,0,0,search,,SEARCH,3,3,0,0.000,0,0,0
1785621139.750,9.767,-1.160,19.087,0.9853,0,-1.482,-1.340,6.000,0.2688,4.000,1.400,0.000,0.667,19.290,14.000,-12.6267,0.0010,-11.863,-11.863,0.001,-7.669,1.200,-2.500,0.0026,0.059,nan,0.00,1,1,0,0,0,0.0000,0.000,0,0.000,0,0.000,0,0,search,,SEARCH,3,3,0,0.000,0,0,0
1785621139.781,9.767,-1.160,19.087,0.9853,0,-1.482,-1.340,4.500,0.2689,4.000,1.400,0.000,0.667,19.290,14.000,-12.6267,0.0010,-11.863,-11.863,0.001,-7.669,1.200,-2.500,0.0026,0.057,nan,0.00,1,1,0,0,0,0.0000,0.000,0,0.000,0,0.000,0,0,search,,SEARCH,3,3,0,0.000,0,0,0
1785621139.814,9.925,-1.200,18.555,0.9848,0,-1.426,-1.300,3.000,0.2689,4.000,1.400,0.000,0.667,19.290,14.000,-12.6210,-0.0015,-11.857,-11.857,-0.001,-7.549,1.200,-2.500,0.0026,0.056,nan,0.00,1,1,0,0,0,0.0000,0.000,0,0.000,0,0.000,0,0,search,,SEARCH,3,3,0,0.000,0,0,0
1785621139.841,10.083,-1.284,18.248,0.9843,0,-1.371,-1.216,1.500,0.2690,4.000,1.400,0.000,0.667,19.290,14.000,-12.5785,-0.0039,-11.815,-11.815,-0.004,-7.476,1.200,-2.500,0.0026,0.054,nan,0.00,1,1,0,0,0,0.0000,0.000,0,0.000,0,0.000,0,0,search,,SEARCH,3,3,0,0.000,0,0,0
1785621139.868,10.083,-1.284,18.248,0.9843,0,-1.371,-1.216,0.000,0.2691,4.000,1.400,0.000,0.667,19.290,14.000,-12.5785,-0.0039,-11.815,-11.815,-0.004,-7.476,1.200,-2.500,0.0026,0.052,nan,0.00,1,1,0,0,0,0.0000,0.000,0,0.000,0,0.000,0,0,search,,SEARCH,3,3,0,0.000,0,0,0
1785621139.906,10.233,-1.393,18.130,0.9838,0,-1.319,-1.107,-1.500,0.2691,4.000,1.400,0.000,0.667,19.290,14.000,-12.5092,-0.0063,-11.745,-11.745,-0.006,-7.441,1.200,-2.500,0.0026,0.051,nan,0.00,1,1,0,0,0,0.0000,0.000,0,0.000,0,0.000,0,0,search,,SEARCH,3,3,0,0.000,0,0,0
1785621139.933,10.374,-1.513,18.107,0.9833,0,-1.269,-0.987,-3.000,0.2692,4.000,1.400,0.000,0.667,19.290,14.000,-12.4301,-0.0084,-11.666,-11.666,-0.008,-7.427,1.200,-2.500,0.0026,0.049,nan,0.00,1,1,0,0,0,0.0000,0.000,0,0.000,0,0.000,0,0,search,,SEARCH,3,3,0,0.000,0,0,0
1785621139.962,10.493,-1.649,18.314,0.9829,0,-1.227,-0.851,-4.500,0.2693,4.000,1.400,0.000,0.667,19.290,14.000,-12.3240,-0.0103,-11.560,-11.560,-0.010,-7.459,1.200,-2.500,0.0026,0.048,nan,0.00,1,1,0,0,0,0.0000,0.000,0,0.000,0,0.000,0,0,search,,SEARCH,3,3,0,0.000,0,0,0
1785621140.000,10.599,-1.806,18.713,0.9825,0,-1.190,-0.694,-6.000,0.2694,4.000,1.400,0.000,0.667,19.290,14.000,-12.1936,-0.0122,-11.430,-11.430,-0.012,-7.530,1.200,-2.500,0.0026,0.046,nan,0.00,1,1,0,0,0,0.0000,0.000,0,0.000,0,0.000,0,0,search,,SEARCH,3,3,0,0.000,0,0,0
1785621140.045,10.702,-1.978,19.244,0.9820,0,-1.154,-0.522,-7.500,0.2694,4.000,1.400,0.000,0.667,19.290,14.000,-12.0405,-0.0141,-11.276,-11.276,-0.014,-7.624,1.200,-2.500,0.0026,0.045,nan,0.00,1,1,0,0,0,0.0000,0.000,0,0.000,0,0.000,0,0,search,,SEARCH,3,3,0,0.000,0,0,0
1785621140.073,10.702,-1.978,19.244,0.9820,0,-1.154,-0.522,-9.000,0.2695,4.000,1.400,0.000,0.667,19.290,14.000,-12.0405,-0.0141,-11.276,-11.276,-0.014,-7.624,1.200,-2.500,0.0026,0.044,nan,0.00,1,1,0,0,0,0.0000,0.000,0,0.000,0,0.000,0,0,search,,SEARCH,3,3,0,0.000,0,0,0
1785621140.107,10.810,-2.189,20.024,0.9815,0,-1.117,-0.311,-10.500,0.2696,4.000,1.400,0.000,0.667,19.290,14.000,-11.8384,-0.0163,-11.074,-11.074,-0.016,-7.763,1.200,-2.500,0.0026,0.042,nan,0.00,1,1,0,0,0,0.0000,0.000,0,0.000,0,0.000,1,0,search,,SEARCH,3,3,0,0.000,0,1,0
1785621140.135,10.894,-2.434,21.105,0.9811,0,-1.087,-0.066,-12.000,0.2696,4.000,1.400,0.000,0.667,19.290,14.000,-11.5944,-0.0184,-10.830,-10.830,-0.018,-7.957,1.200,-2.500,0.0026,0.041,nan,0.00,1,1,0,0,0,0.0000,0.000,0,0.000,0,0.000,0,0,search,,SEARCH,3,3,0,0.000,0,0,0
1785621140.169,10.894,-2.434,21.105,0.9811,0,-1.087,-0.066,-12.000,0.2697,4.000,1.400,0.000,0.667,19.290,14.000,-11.5944,-0.0184,-10.830,-10.830,-0.018,-7.957,1.200,-2.500,0.0026,0.040,nan,0.00,1,1,0,0,0,0.0000,0.000,0,0.000,0,0.000,0,0,search,,SEARCH,3,3,0,0.000,0,0,0
1785621140.199,10.962,-2.686,22.364,0.9807,0,-1.063,0.186,-12.000,0.2697,4.000,1.400,0.000,0.667,19.290,14.000,-11.3220,-0.0204,-10.558,-10.558,-0.020,-8.178,1.200,-2.500,0.0026,0.039,nan,0.00,1,1,0,0,0,0.0000,0.000,0,0.000,0,0.000,0,0,search,,SEARCH,3,3,0,0.000,0,0,0
1785621140.229,11.018,-2.884,23.469,0.9803,0,-1.044,0.384,-12.000,0.2698,4.000,1.400,0.000,0.667,19.290,14.000,-11.0764,-0.0222,-10.312,-10.312,-0.022,-8.365,1.200,-2.500,0.0026,0.037,nan,0.00,1,1,0,0,0,0.0000,0.000,0,0.000,0,0.000,0,0,search,,SEARCH,3,3,0,0.000,0,0,0
1785621140.264,11.070,-3.061,24.562,0.9800,0,-1.025,0.561,-12.000,0.2698,4.000,1.400,0.000,0.667,19.290,14.000,-10.8289,-0.0240,-10.065,-10.065,-0.024,-8.544,1.200,-2.500,0.0026,0.036,nan,0.00,1,1,0,0,0,0.0000,0.000,0,0.000,0,0.000,0,0,search,,SEARCH,3,3,0,0.000,0,0,0
1785621140.292,11.070,-3.061,24.562,0.9800,0,-1.025,0.561,-12.000,0.2698,4.000,1.400,0.000,0.667,19.290,14.000,-10.8289,-0.0240,-10.065,-10.065,-0.024,-8.544,1.200,-2.500,0.0026,0.035,nan,0.00,1,1,0,0,0,0.0000,0.000,0,0.000,0,0.000,0,0,search,,SEARCH,3,3,0,0.000,0,0,0
1785621140.327,11.118,-3.229,25.714,0.9797,0,-1.009,0.729,-12.000,0.2699,4.000,1.400,0.000,0.667,19.290,14.000,-10.5661,-0.0258,-9.802,-9.802,-0.026,-8.727,1.200,-2.500,0.0026,0.034,nan,0.00,1,1,0,0,0,0.0000,0.000,0,0.000,0,0.000,2,0,search,,SEARCH,3,3,0,0.000,0,2,0
1785621140.356,11.158,-3.375,26.826,0.9794,0,-0.995,0.875,-12.000,0.2699,4.000,1.400,0.000,0.667,19.290,14.000,-10.3099,-0.0274,-9.546,-9.546,-0.027,-8.898,1.200,-2.500,0.0026,0.033,nan,0.00,1,1,0,0,0,0.0000,0.000,0,0.000,0,0.000,0,0,search,,SEARCH,3,3,0,0.000,0,0,0
1785621140.390,11.192,-3.501,27.868,0.9792,0,-0.983,1.001,-12.000,0.2699,4.000,1.400,0.000,0.667,19.290,14.000,-10.0671,-0.0288,-9.303,-9.303,-0.029,-9.053,1.200,-2.500,0.0026,0.032,nan,0.00,1,1,0,0,0,0.0000,0.000,0,0.000,0,0.000,0,0,search,,SEARCH,3,3,0,0.000,0,0,0
1785621140.421,11.219,-3.598,28.760,0.9790,0,-0.973,1.098,-12.000,0.2700,4.000,1.400,0.000,0.667,19.290,14.000,-9.8578,-0.0301,-9.094,-9.094,-0.030,-9.182,1.200,-2.500,0.0026,0.031,nan,0.00,1,1,0,0,0,0.0000,0.000,0,0.000,0,0.000,0,0,search,,SEARCH,3,3,0,0.000,0,0,0
1785621140.453,11.243,-3.689,29.674,0.9788,0,-0.965,1.189,-12.000,0.2700,4.000,1.400,0.000,0.667,19.290,14.000,-9.6415,-0.0313,-8.877,-8.877,-0.031,-9.311,1.200,-2.500,0.0026,0.030,nan,0.00,1,1,0,0,0,0.0000,0.000,0,0.000,0,0.000,0,0,search,,SEARCH,3,3,0,0.000,0,0,0
1785621140.482,11.243,-3.689,29.674,0.9788,0,-0.965,1.189,-12.000,0.2700,4.000,1.400,0.000,0.667,19.290,14.000,-9.6415,-0.0313,-8.877,-8.877,-0.031,-9.311,1.200,-2.500,0.0026,0.029,nan,0.00,1,1,0,0,0,0.0000,0.000,0,0.000,0,0.000,0,0,search,,SEARCH,3,3,0,0.000,0,0,0
1785621140.514,11.267,-3.779,30.668,0.9786,0,-0.957,1.279,-12.000,0.2700,4.000,1.400,0.000,0.667,19.290,14.000,-9.4047,-0.0326,-8.641,-8.641,-0.033,-9.447,1.200,-2.500,0.0026,0.028,nan,0.00,1,1,0,0,0,0.0000,0.000,0,0.000,0,0.000,0,0,search,,SEARCH,3,3,0,0.000,0,0,0
1785621140.542,11.288,-3.866,31.640,0.9784,0,-0.949,1.366,-12.000,0.2701,4.000,1.400,0.000,0.667,19.290,14.000,-9.1709,-0.0338,-8.407,-8.407,-0.034,-9.575,1.200,-2.500,0.0026,0.028,nan,0.00,1,1,0,0,0,0.0000,0.000,0,0.000,0,0.000,0,0,search,,SEARCH,3,3,0,0.000,0,0,0
1785621140.577,11.308,-3.941,32.649,0.9783,0,-0.942,1.441,-12.000,0.2701,4.000,1.400,0.000,0.667,19.290,14.000,-8.9265,-0.0350,-8.162,-8.162,-0.035,-9.704,1.200,-2.500,0.0026,0.027,nan,0.00,1,1,0,0,0,0.0000,0.000,0,0.000,0,0.000,0,0,search,,SEARCH,3,3,0,0.000,0,0,0
1785621140.608,11.324,-4.009,33.606,0.9781,0,-0.936,1.509,-12.000,0.2701,4.000,1.400,0.000,0.667,19.290,14.000,-8.6932,-0.0361,-7.929,-7.929,-0.036,-9.822,1.200,-2.500,0.0026,0.026,nan,0.00,1,1,0,0,0,0.0000,0.000,0,0.000,0,0.000,0,0,search,,SEARCH,3,3,0,0.000,0,0,0
1785621140.636,11.340,-4.074,34.641,0.9780,0,-0.931,1.574,-12.000,0.2701,4.000,1.400,0.000,0.667,19.290,14.000,-8.4392,-0.0373,-7.675,-7.675,-0.037,-9.945,1.200,-2.500,0.0026,0.025,nan,0.00,1,1,0,0,0,0.0000,0.000,0,0.000,0,0.000,0,0,search,,SEARCH,3,3,0,0.000,0,0,0
1785621140.670,11.354,-4.134,35.633,0.9779,0,-0.926,1.634,-12.000,0.2701,4.000,1.400,0.000,0.667,19.290,14.000,-8.1941,-0.0383,-7.430,-7.430,-0.038,-10.059,1.200,-2.500,0.0026,0.024,nan,0.00,1,1,0,0,0,0.0000,0.000,0,0.000,0,0.000,0,0,search,,SEARCH,3,3,0,0.000,0,0,0
1785621140.700,11.354,-4.135,35.646,0.9779,0,-0.926,1.635,-12.000,0.2701,4.000,1.400,0.000,0.667,19.290,14.000,-8.1907,-0.0384,-7.427,-7.427,-0.038,-10.060,1.200,-2.500,0.0026,0.024,nan,0.00,1,1,0,0,0,0.0000,0.000,0,0.000,0,0.000,0,0,search,,SEARCH,3,3,0,0.000,0,0,0
1785621140.733,11.366,-4.185,36.626,0.9778,0,-0.922,1.685,-12.000,0.2701,4.000,1.400,0.000,0.667,19.290,14.000,-7.9472,-0.0394,-7.183,-7.183,-0.039,-10.169,1.200,-2.500,0.0026,0.023,nan,0.00,1,1,0,0,0,0.0000,0.000,0,0.000,0,0.000,0,0,search,,SEARCH,3,3,0,0.000,0,0,0
1785621140.761,11.377,-4.233,37.654,0.9777,0,-0.918,1.733,-12.000,0.2701,4.000,1.400,0.000,0.667,19.290,14.000,-7.6901,-0.0404,-6.926,-6.926,-0.040,-10.277,1.200,-2.500,0.0026,0.022,nan,0.00,1,1,0,0,0,0.0000,0.000,0,0.000,0,0.000,0,0,search,,SEARCH,3,3,0,0.000,0,0,0
1785621140.797,11.386,-4.273,38.596,0.9776,0,-0.915,1.773,-12.000,0.2701,4.000,1.400,0.000,0.667,19.290,14.000,-7.4532,-0.0413,-6.689,-6.689,-0.041,-10.373,1.200,-2.500,0.0026,0.022,nan,0.00,1,1,0,0,0,0.0000,0.000,0,0.000,0,0.000,0,0,search,,SEARCH,3,3,0,0.000,0,0,0
1785621140.827,11.395,-4.314,39.656,0.9775,0,-0.912,1.814,-12.000,0.2701,4.000,1.400,0.000,0.667,19.290,14.000,-7.1850,-0.0423,-6.421,-6.421,-0.042,-10.477,1.200,-2.500,0.0026,0.021,nan,0.00,1,1,0,0,0,0.0000,0.000,0,0.000,0,0.000,0,0,search,,SEARCH,3,3,0,0.000,0,0,0
1785621140.859,11.403,-4.351,40.718,0.9774,0,-0.909,1.851,-12.000,0.2701,4.000,1.400,0.000,0.667,19.290,14.000,-6.9147,-0.0433,-6.151,-6.151,-0.043,-10.575,1.200,-2.500,0.0026,0.020,nan,0.00,1,1,0,0,0,0.0000,0.000,0,0.000,0,0.000,0,0,search,,SEARCH,3,3,0,0.000,0,0,0
1785621140.889,11.403,-4.351,40.718,0.9774,0,-0.909,1.851,-12.000,0.2701,4.000,1.400,0.000,0.667,19.290,14.000,-6.9147,-0.0433,-6.151,-6.151,-0.043,-10.575,1.200,-2.500,0.0026,0.020,nan,0.00,1,1,0,0,0,0.0000,0.000,0,0.000,0,0.000,0,0,search,,SEARCH,3,3,0,0.000,0,0,0
1785621140.920,11.410,-4.383,41.722,0.9774,0,-0.907,1.883,-12.000,0.2701,4.000,1.400,0.000,0.667,19.290,14.000,-6.6581,-0.0442,-5.894,-5.894,-0.044,-10.664,1.200,-2.500,0.0026,0.019,nan,0.00,1,1,0,0,0,0.0000,0.000,0,0.000,0,0.000,0,0,search,,SEARCH,3,3,0,0.000,0,0,0
1785621140.953,11.415,-4.411,42.697,0.9773,0,-0.905,1.911,-12.000,0.2701,4.000,1.400,0.000,0.667,19.290,14.000,-6.4077,-0.0450,-5.644,-5.644,-0.045,-10.746,1.200,-2.500,0.0026,0.019,nan,0.00,1,1,0,0,0,0.0000,0.000,0,0.000,0,0.000,0,0,search,,SEARCH,3,3,0,0.000,0,0,0
1785621140.980,11.420,-4.438,43.717,0.9773,0,-0.903,1.938,-12.000,0.2701,4.000,1.400,0.000,0.667,19.290,14.000,-6.1447,-0.0459,-5.381,-5.381,-0.046,-10.827,1.200,-2.500,0.0026,0.018,nan,0.00,1,1,0,0,0,0.0000,0.000,0,0.000,0,0.000,0,0,search,,SEARCH,3,3,0,0.000,0,0,0
1785621141.015,11.424,-4.461,44.676,0.9772,0,-0.902,1.961,-12.000,0.2701,4.000,1.400,0.000,0.667,19.290,14.000,-5.8961,-0.0467,-5.132,-5.132,-0.047,-10.900,1.200,-2.500,0.0026,0.017,nan,0.00,1,1,0,0,0,0.0000,0.000,0,0.000,0,0.000,1,0,search,,SEARCH,3,3,0,0.000,0,0,0
1785621141.043,11.428,-4.481,45.638,0.9772,0,-0.900,1.981,-12.000,0.2701,4.000,1.400,0.000,0.667,19.290,14.000,-5.6462,-0.0474,-4.882,-4.882,-0.047,-10.968,1.200,-2.500,0.0026,0.017,nan,0.00,1,1,0,0,0,0.0000,0.000,0,0.000,0,0.000,0,0,search,,SEARCH,3,3,0,0.000,0,0,0
1785621141.080,11.431,-4.501,46.577,0.9771,0,-0.899,2.001,-10.500,0.2701,4.000,-1.400,0.000,0.667,-19.290,14.000,-5.4014,-0.0481,-4.637,-4.637,-0.048,-11.031,1.200,-2.500,0.0026,0.016,nan,0.00,1,1,0,0,0,0.0000,0.000,0,0.000,0,0.000,1,0,search,,SEARCH,3,3,0,0.000,0,0,0
1785621141.106,11.431,-4.501,46.591,0.9771,0,-0.899,2.001,-9.000,0.2701,4.000,-1.400,0.000,0.667,-19.290,14.000,-5.3978,-0.0482,-4.634,-4.634,-0.048,-11.032,1.200,-2.500,0.0026,0.016,nan,0.00,1,1,0,0,0,0.0000,0.000,0,0.000,0,0.000,0,0,search,,SEARCH,3,3,0,0.000,0,0,0
1785621141.140,11.441,-4.500,47.449,0.9771,0,-0.896,2.000,-7.500,0.2701,4.000,-1.400,0.000,0.667,-19.290,14.000,-5.1677,-0.0488,-4.404,-4.404,-0.049,-11.084,1.200,-2.500,0.0026,0.015,nan,0.00,1,1,0,0,0,0.0000,0.000,0,0.000,0,0.000,0,0,search,,SEARCH,3,3,0,0.000,0,0,0
1785621141.172,11.469,-4.454,48.114,0.9771,0,-0.886,1.954,-6.000,0.2701,4.000,-1.400,0.000,0.667,-19.290,14.000,-4.9729,-0.0494,-4.209,-4.209,-0.049,-11.119,1.200,-2.500,0.0026,0.015,nan,0.00,1,1,0,0,0,0.0000,0.000,0,0.000,0,0.000,0,0,search,,SEARCH,3,3,0,0.000,0,0,0
1785621141.201,11.517,-4.362,48.600,0.9770,0,-0.869,1.862,-4.500,0.2701,4.000,-1.400,0.000,0.667,-19.290,14.000,-4.8075,-0.0500,-4.044,-4.044,-0.050,-11.138,1.200,-2.500,0.0026,0.015,nan,0.00,1,1,0,0,0,0.0000,0.000,0,0.000,0,0.000,0,0,search,,SEARCH,3,3,0,0.000,0,0,0
1785621141.236,11.566,-4.271,48.967,0.9770,0,-0.852,1.771,-3.000,0.2701,4.000,-1.400,0.000,0.667,-19.290,14.000,-4.6719,-0.0505,-3.908,-3.908,-0.050,-11.149,1.200,-2.500,0.0026,0.014,nan,0.00,1,1,0,0,0,0.0000,0.000,0,0.000,0,0.000,0,0,search,,SEARCH,3,3,0,0.000,0,0,0
1785621141.263,11.619,-4.171,49.240,0.9769,0,-0.833,1.671,-1.500,0.2701,4.000,-1.400,0.000,0.667,-19.290,14.000,-4.5549,-0.0509,-3.791,-3.791,-0.051,-11.154,1.200,-2.500,0.0026,0.014,nan,0.00,1,1,0,0,0,0.0000,0.000,0,0.000,0,0.000,0,0,search,,SEARCH,3,3,0,0.000,0,0,0
1785621141.298,11.619,-4.171,49.240,0.9769,0,-0.833,1.671,0.000,0.2701,4.000,-1.400,0.000,0.667,-19.290,14.000,-4.5549,-0.0509,-3.791,-3.791,-0.051,-11.154,1.200,-2.500,0.0026,0.013,nan,0.00,1,1,0,0,0,0.0000,0.000,0,0.000,0,0.000,0,0,search,,SEARCH,3,3,0,0.000,0,0,0
1785621141.329,11.680,-4.057,49.390,0.9768,0,-0.812,1.557,1.500,0.2701,4.000,-1.400,0.000,0.667,-19.290,14.000,-4.4630,-0.0513,-3.699,-3.699,-0.051,-11.151,1.200,-2.500,0.0026,0.013,nan,0.00,1,1,0,0,0,0.0000,0.000,0,0.000,0,0.000,0,0,search,,SEARCH,3,3,0,0.000,0,0,0
1785621141.360,11.750,-3.916,49.423,0.9768,0,-0.788,1.416,3.000,0.2702,4.000,-1.400,0.000,0.667,-19.290,14.000,-4.3932,-0.0517,-3.629,-3.629,-0.052,-11.141,1.200,-2.500,0.0026,0.012,nan,0.00,1,1,0,0,0,0.0000,0.000,0,0.000,0,0.000,0,0,search,,SEARCH,3,3,0,0.000,0,0,0
1785621141.390,11.827,-3.757,49.340,0.9767,0,-0.761,1.257,4.500,0.2702,4.000,-1.400,0.000,0.667,-19.290,14.000,-4.3447,-0.0521,-3.581,-3.581,-0.052,-11.124,1.200,-2.500,0.0026,0.012,nan,0.00,1,1,0,0,0,0.0000,0.000,0,0.000,0,0.000,0,0,search,,SEARCH,3,3,0,0.000,0,0,0
1785621141.424,11.915,-3.578,49.040,0.9765,0,-0.730,1.078,6.000,0.2702,4.000,-1.400,0.000,0.667,-19.290,14.000,-4.3367,-0.0525,-3.573,-3.573,-0.052,-11.094,1.200,-2.500,0.0026,0.012,nan,0.00,1,1,0,0,0,0.0000,0.000,0,0.000,0,0.000,0,0,search,,SEARCH,3,3,0,0.000,0,0,0
1785621141.454,12.005,-3.385,48.579,0.9764,0,-0.698,0.885,7.500,0.2702,4.000,-1.400,0.000,0.667,-19.290,14.000,-4.3626,-0.0529,-3.599,-3.599,-0.053,-11.055,1.200,-2.500,0.0026,0.011,nan,0.00,1,1,0,0,0,0.0000,0.000,0,0.000,0,0.000,0,0,search,,SEARCH,3,3,0,0.000,0,0,0
1785621141.482,12.101,-3.178,47.998,0.9763,0,-0.665,0.678,9.000,0.2703,4.000,-1.400,0.000,0.667,-19.290,14.000,-4.4087,-0.0534,-3.645,-3.645,-0.053,-11.009,1.200,-2.500,0.0026,0.011,nan,0.00,1,1,0,0,0,0.0000,0.000,0,0.000,0,0.000,0,0,search,,SEARCH,3,3,0,0.000,0,0,0
1785621141.517,12.193,-2.974,47.342,0.9761,0,-0.632,0.474,10.500,0.2703,4.000,-1.400,0.000,0.667,-19.290,14.000,-4.4710,-0.0539,-3.707,-3.707,-0.054,-10.958,1.200,-2.500,0.0026,0.011,nan,0.00,1,1,0,0,0,0.0000,0.000,0,0.000,0,0.000,0,0,search,,SEARCH,3,3,0,0.000,0,0,0
1785621141.549,12.289,-2.755,46.543,0.9760,0,-0.599,0.255,12.000,0.2703,4.000,-1.400,0.000,0.667,-19.290,14.000,-4.5585,-0.0545,-3.794,-3.794,-0.054,-10.898,1.200,-2.500,0.0026,0.010,nan,0.00,1,1,0,0,0,0.0000,0.000,0,0.000,0,0.000,0,0,search,,SEARCH,3,3,0,0.000,0,0,0
1785621141.581,12.384,-2.525,45.613,0.9758,0,-0.566,0.025,12.000,0.2703,4.000,-1.400,0.000,0.667,-19.290,14.000,-4.6694,-0.0551,-3.905,-3.905,-0.055,-10.829,1.200,-2.500,0.0026,0.010,nan,0.00,1,1,0,0,0,0.0000,0.000,0,0.000,0,0.000,0,0,search,,SEARCH,3,3,0,0.000,0,0,0
1785621141.613,12.384,-2.525,45.613,0.9758,0,-0.566,0.025,12.000,0.2704,4.000,-1.400,0.000,0.667,-19.290,14.000,-4.6694,-0.0551,-3.905,-3.905,-0.055,-10.829,1.200,-2.500,0.0026,0.010,nan,0.00,1,1,0,0,0,0.0000,0.000,0,0.000,0,0.000,0,0,search,,SEARCH,3,3,0,0.000,0,0,0
1785621141.643,12.473,-2.309,44.664,0.9756,0,-0.534,-0.191,12.000,0.2704,4.000,-1.400,0.000,0.667,-19.290,14.000,-4.7828,-0.0557,-4.019,-4.019,-0.056,-10.757,1.200,-2.500,0.0026,0.009,nan,0.00,1,1,0,0,0,0.0000,0.000,0,0.000,0,0.000,0,0,search,,SEARCH,3,3,0,0.000,0,0,0
1785621141.674,12.561,-2.094,43.724,0.9754,0,-0.504,-0.406,12.000,0.2704,4.000,-1.400,0.000,0.667,-19.290,14.000,-4.8912,-0.0564,-4.127,-4.127,-0.056,-10.684,1.200,-2.500,0.0026,0.009,nan,0.00,1,1,0,0,0,0.0000,0.000,0,0.000,0,0.000,0,0,search,,SEARCH,3,3,0,0.000,0,0,0
1785621141.705,12.646,-1.898,42.682,0.9752,0,-0.474,-0.602,12.000,0.2704,4.000,-1.400,0.000,0.667,-19.290,14.000,-5.0087,-0.0571,-4.245,-4.245,-0.057,-10.603,1.200,-2.500,0.0026,0.009,nan,0.00,1,1,0,0,0,0.0000,0.000,0,0.000,0,0.000,0,0,search,,SEARCH,3,3,0,0.000,0,0,0
1785621141.734,12.718,-1.736,41.744,0.9750,0,-0.449,-0.764,12.000,0.2705,4.000,-1.400,0.000,0.667,-19.290,14.000,-5.1138,-0.0578,-4.350,-4.350,-0.058,-10.529,1.200,-2.500,0.0026,0.009,nan,0.00,1,1,0,0,0,0.0000,0.000,0,0.000,0,0.000,0,0,search,,SEARCH,3,3,0,0.000,0,0,0
1785621141.767,12.787,-1.583,40.785,0.9748,0,-0.425,-0.917,12.000,0.2705,4.000,-1.400,0.000,0.667,-19.290,14.000,-5.2204,-0.0586,-4.456,-4.456,-0.059,-10.452,1.200,-2.500,0.0026,0.008,nan,0.00,1,1,0,0,0,0.0000,0.000,0,0.000,0,0.000,0,0,search,,SEARCH,3,3,0,0.000,0,0,0
1785621141.799,12.787,-1.583,40.785,0.9748,0,-0.425,-0.917,12.000,0.2705,4.000,-1.400,0.000,0.667,-19.290,14.000,-5.2204,-0.0586,-4.456,-4.456,-0.059,-10.452,1.200,-2.500,0.0026,0.008,nan,0.00,1,1,0,0,0,0.0000,0.000,0,0.000,0,0.000,0,0,search,,SEARCH,3,3,0,0.000,0,0,0
1785621141.832,12.912,-1.302,38.857,0.9745,0,-0.381,-1.198,12.000,0.2705,4.000,-1.400,0.000,0.667,-19.290,14.000,-5.4308,-0.0602,-4.667,-4.667,-0.060,-10.292,1.200,-2.500,0.0026,0.008,nan,0.00,1,1,0,0,0,0.0000,0.000,0,0.000,0,0.000,0,0,search,,SEARCH,3,3,0,0.000,0,0,0
1785621141.859,12.913,-1.300,38.844,0.9745,0,-0.380,-1.200,12.000,0.2705,4.000,-1.400,0.000,0.667,-19.290,14.000,-5.4323,-0.0602,-4.668,-4.668,-0.060,-10.291,1.200,-2.500,0.0026,0.008,nan,0.00,1,1,0,0,0,0.0000,0.000,0,0.000,0,0.000,0,0,search,,SEARCH,3,3,0,0.000,0,0,0
1785621141.893,12.964,-1.192,37.969,0.9743,0,-0.363,-1.308,12.000,0.2706,4.000,-1.400,0.000,0.667,-19.290,14.000,-5.5268,-0.0611,-4.763,-4.763,-0.061,-10.217,1.200,-2.500,0.0026,0.007,nan,0.00,1,1,0,0,0,0.0000,0.000,0,0.000,0,0.000,0,0,search,,SEARCH,3,3,0,0.000,0,0,0
1785621141.924,13.014,-1.087,37.026,0.9741,0,-0.345,-1.413,12.000,0.2706,4.000,-1.400,0.000,0.667,-19.290,14.000,-5.6275,-0.0622,-4.863,-4.863,-0.062,-10.136,1.200,-2.500,0.0026,0.007,nan,0.00,1,1,0,0,0,0.0000,0.000,0,0.000,0,0.000,1,0,search,,SEARCH,3,3,0,0.000,0,1,0
1785621141.955,13.061,-0.992,36.110,0.9740,0,-0.329,-1.508,12.000,0.2706,4.000,-1.400,0.000,0.667,-19.290,14.000,-5.7243,-0.0632,-4.960,-4.960,-0.063,-10.056,1.200,-2.500,0.0026,0.007,nan,0.00,1,1,0,0,0,0.0000,0.000,0,0.000,0,0.000,0,0,search,,SEARCH,3,3,0,0.000,0,0,0
1785621141.983,13.108,-0.896,35.101,0.9738,0,-0.312,-1.604,12.000,0.2706,4.000,-1.400,0.000,0.667,-19.290,14.000,-5.8297,-0.0644,-5.066,-5.066,-0.064,-9.966,1.200,-2.500,0.0026,0.007,nan,0.00,1,1,0,0,0,0.0000,0.000,0,0.000,0,0.000,0,0,search,,SEARCH,3,3,0,0.000,0,0,0
1785621142.020,13.152,-0.809,34.105,0.9737,0,-0.297,-1.691,12.000,0.2706,4.000,-1.400,0.000,0.667,-19.290,14.000,-5.9327,-0.0656,-5.169,-5.169,-0.066,-9.875,1.200,-2.500,0.0026,0.007,nan,0.00,1,1,0,0,0,0.0000,0.000,0,0.000,0,0.000,0,0,search,,SEARCH,3,3,0,0.000,0,0,0
1785621142.065,13.193,-0.729,33.098,0.9735,0,-0.282,-1.771,12.000,0.2705,4.000,-1.400,0.000,0.667,-19.290,14.000,-6.0362,-0.0669,-5.272,-5.272,-0.067,-9.782,1.200,-2.500,0.0026,0.006,nan,0.00,1,1,0,0,0,0.0000,0.000,0,0.000,0,0.000,0,0,search,,SEARCH,3,3,0,0.000,0,0,0
1785621142.095,13.232,-0.656,32.096,0.9734,0,-0.269,-1.844,12.000,0.2705,4.000,-1.400,0.000,0.667,-19.290,14.000,-6.1382,-0.0683,-5.374,-5.374,-0.068,-9.687,1.200,-2.500,0.0026,0.006,nan,0.00,1,1,0,0,0,0.0000,0.000,0,0.000,0,0.000,0,0,search,,SEARCH,3,3,0,0.000,0,0,0
1785621142.126,13.232,-0.656,32.096,0.9734,0,-0.269,-1.844,12.000,0.2705,4.000,-1.400,0.000,0.667,-19.290,14.000,-6.1382,-0.0683,-5.374,-5.374,-0.068,-9.687,1.200,-2.500,0.0026,0.006,nan,0.00,1,1,0,0,0,0.0000,0.000,0,0.000,0,0.000,0,0,search,,SEARCH,3,3,0,0.000,0,0,0
1785621142.157,13.269,-0.588,31.061,0.9733,0,-0.256,-1.912,12.000,0.2705,4.000,-1.400,0.000,0.667,-19.290,14.000,-6.2421,-0.0697,-5.478,-5.478,-0.070,-9.588,1.200,-2.500,0.0026,0.006,nan,0.00,1,1,0,0,0,0.0000,0.000,0,0.000,0,0.000,0,0,search,,SEARCH,3,3,0,0.000,0,0,0
1785621142.184,13.304,-0.524,29.998,0.9731,0,-0.244,-1.976,12.000,0.2705,4.000,-1.400,0.000,0.667,-19.290,14.000,-6.3477,-0.0711,-5.584,-5.584,-0.071,-9.484,1.200,-2.500,0.0026,0.006,nan,0.00,1,1,0,0,0,0.0000,0.000,0,0.000,0,0.000,0,0,search,,SEARCH,3,3,0,0.000,0,0,0
1785621142.218,13.335,-0.465,29.026,0.9730,0,-0.233,-2.035,12.000,0.2705,4.000,-1.400,0.000,0.667,-19.290,14.000,-6.4421,-0.0725,-5.678,-5.678,-0.073,-9.387,1.200,-2.500,0.0026,0.005,nan,0.00,1,1,0,0,0,0.0000,0.000,0,0.000,0,0.000,0,0,search,,SEARCH,3,3,0,0.000,0,0,0
1785621142.245,13.366,-0.413,27.993,0.9729,0,-0.222,-2.087,12.000,0.2704,4.000,-1.400,0.000,0.667,-19.290,14.000,-6.5421,-0.0740,-5.778,-5.778,-0.074,-9.282,1.200,-2.500,0.0026,0.005,nan,0.00,1,1,0,0,0,0.0000,0.000,0,0.000,0,0.000,0,0,search,,SEARCH,3,3,0,0.000,0,0,0
1785621142.280,13.392,-0.368,27.018,0.9728,0,-0.213,-2.132,12.000,0.2704,4.000,-1.400,0.000,0.667,-19.290,14.000,-6.6353,-0.0755,-5.871,-5.871,-0.075,-9.181,1.200,-2.500,0.0026,0.005,nan,0.00,1,1,0,0,0,0.0000,0.000,0,0.000,0,0.000,0,0,search,,SEARCH,3,3,0,0.000,0,0,0
1785621142.310,13.392,-0.368,27.018,0.9728,0,-0.213,-2.132,12.000,0.2704,4.000,-1.400,0.000,0.667,-19.290,14.000,-6.6353,-0.0755,-5.871,-5.871,-0.075,-9.181,1.200,-2.500,0.0026,0.005,nan,0.00,1,1,0,0,0,0.0000,0.000,0,0.000,0,0.000,0,0,search,,SEARCH,3,3,0,0.000,0,0,0
1785621142.343,13.417,-0.327,26.036,0.9727,0,-0.204,-2.173,12.000,0.2704,4.000,-1.400,0.000,0.667,-19.290,14.000,-6.7280,-0.0769,-5.964,-5.964,-0.077,-9.079,1.200,-2.500,0.0026,0.005,nan,0.00,1,1,0,0,0,0.0000,0.000,0,0.000,0,0.000,1,0,search,,SEARCH,3,3,0,0.000,0,0,0
1785621142.373,13.443,-0.286,24.970,0.9726,0,-0.195,-2.214,12.000,0.2703,4.000,-1.400,0.000,0.667,-19.290,14.000,-6.8286,-0.0784,-6.065,-6.065,-0.078,-8.965,1.200,-2.500,0.0026,0.005,nan,0.00,1,1,0,0,0,0.0000,0.000,0,0.000,0,0.000,0,0,search,,SEARCH,3,3,0,0.000,0,0,0
1785621142.400,13.467,-0.247,23.911,0.9725,0,-0.186,-2.253,12.000,0.2703,4.000,-1.400,0.000,0.667,-19.290,14.000,-6.9274,-0.0800,-6.163,-6.163,-0.080,-8.850,1.200,-2.500,0.0026,0.005,nan,0.00,1,1,0,0,0,0.0000,0.000,0,0.000,0,0.000,0,0,search,,SEARCH,3,3,0,0.000,0,0,0
1785621142.434,13.491,-0.212,22.797,0.9724,0,-0.178,-2.288,12.000,0.2702,4.000,-1.400,0.000,0.667,-19.290,14.000,-7.0305,-0.0816,-6.266,-6.266,-0.082,-8.727,1.200,-2.500,0.0026,0.004,nan,0.00,1,1,0,0,0,0.0000,0.000,0,0.000,0,0.000,0,0,search,,SEARCH,3,3,0,0.000,0,0,0
1785621142.466,13.491,-0.212,22.797,0.9724,0,-0.178,-2.288,12.000,0.2702,4.000,-1.400,0.000,0.667,-19.290,14.000,-7.0305,-0.0816,-6.266,-6.266,-0.082,-8.727,1.200,-2.500,0.0026,0.004,nan,0.00,1,1,0,0,0,0.0000,0.000,0,0.000,0,0.000,0,0,search,,SEARCH,3,3,0,0.000,0,0,0
1785621142.497,13.512,-0.181,21.743,0.9723,0,-0.171,-2.319,10.500,0.2702,4.000,1.400,0.000,0.667,19.290,14.000,-7.1267,-0.0832,-6.363,-6.363,-0.083,-8.608,1.200,-2.500,0.0026,0.004,nan,0.00,1,1,0,0,0,0.0000,0.000,0,0.000,0,0.000,0,0,search,,SEARCH,3,3,0,0.000,0,0,0
1785621142.529,13.532,-0.182,20.766,0.9722,0,-0.164,-2.318,9.000,0.2701,4.000,1.400,0.000,0.667,19.290,14.000,-7.2068,-0.0848,-6.443,-6.443,-0.085,-8.497,1.200,-2.500,0.0026,0.004,nan,0.00,1,1,0,0,0,0.0000,0.000,0,0.000,0,0.000,0,0,search,,SEARCH,3,3,0,0.000,0,0,0
1785621142.558,13.551,-0.220,19.979,0.9722,0,-0.157,-2.280,7.500,0.2701,4.000,1.400,0.000,0.667,19.290,14.000,-7.2596,-0.0864,-6.496,-6.496,-0.086,-8.405,1.200,-2.500,0.0026,0.004,nan,0.00,1,1,0,0,0,0.0000,0.000,0,0.000,0,0.000,0,0,search,,SEARCH,3,3,0,0.000,0,0,0
1785621142.593,13.551,-0.220,19.979,0.9722,0,-0.157,-2.280,6.000,0.2701,4.000,1.400,0.000,0.667,19.290,14.000,-7.2596,-0.0864,-6.496,-6.496,-0.086,-8.405,1.200,-2.500,0.0026,0.004,nan,0.00,1,1,0,0,0,0.0000,0.000,0,0.000,0,0.000,0,0,search,,SEARCH,3,3,0,0.000,0,0,0
1785621142.623,13.571,-0.289,19.279,0.9721,0,-0.150,-2.211,4.500,0.2701,4.000,1.400,0.000,0.667,19.290,14.000,-7.2952,-0.0880,-6.531,-6.531,-0.088,-8.323,1.200,-2.500,0.0026,0.004,nan,0.00,1,1,0,0,0,0.0000,0.000,0,0.000,0,0.000,0,0,search,,SEARCH,3,3,0,0.000,0,0,0
1785621142.669,13.590,-0.409,18.816,0.9720,0,-0.144,-2.091,3.000,0.2700,4.000,1.400,0.000,0.667,19.290,14.000,-7.2955,-0.0895,-6.532,-6.532,-0.090,-8.267,1.200,-2.500,0.0026,0.004,nan,0.00,1,1,0,0,0,0.0000,0.000,0,0.000,0,0.000,0,0,search,,SEARCH,3,3,0,0.000,0,0,0
1785621142.696,13.608,-0.529,18.416,0.9719,0,-0.137,-1.971,1.500,0.2700,4.000,1.400,0.000,0.667,19.290,14.000,-7.2925,-0.0909,-6.529,-6.529,-0.091,-8.218,1.200,-2.500,0.0026,0.003,nan,0.00,1,1,0,0,0,0.0000,0.000,0,0.000,0,0.000,0,0,search,,SEARCH,3,3,0,0.000,0,0,0
1785621142.729,13.625,-0.663,18.185,0.9718,0,-0.131,-1.837,0.000,0.2699,4.000,1.400,0.000,0.667,19.290,14.000,-7.2681,-0.0923,-6.504,-6.504,-0.092,-8.188,1.200,-2.500,0.0026,0.003,nan,0.00,1,1,0,0,0,0.0000,0.000,0,0.000,0,0.000,1,0,search,,SEARCH,3,3,0,0.000,0,0,0
1785621142.757,13.638,-0.840,18.166,0.9717,0,-0.127,-1.660,-1.500,0.2699,4.000,1.400,0.000,0.667,19.290,14.000,-7.2117,-0.0938,-6.448,-6.448,-0.094,-8.181,1.200,-2.500,0.0026,0.003,nan,0.00,1,1,0,0,0,0.0000,0.000,0,0.000,0,0.000,0,0,search,,SEARCH,3,3,0,0.000,0,0,0
1785621142.791,13.638,-0.840,18.166,0.9717,0,-0.127,-1.660,-3.000,0.2699,4.000,1.400,0.000,0.667,19.290,14.000,-7.2117,-0.0938,-6.448,-6.448,-0.094,-8.181,1.200,-2.500,0.0026,0.003,nan,0.00,1,1,0,0,0,0.0000,0.000,0,0.000,0,0.000,0,0,search,,SEARCH,3,3,0,0.000,0,0,0
1785621142.830,13.650,-1.061,18.295,0.9716,0,-0.122,-1.439,-4.500,0.2699,4.000,1.400,0.000,0.667,19.290,14.000,-7.1262,-0.0954,-6.362,-6.362,-0.095,-8.189,1.200,-2.500,0.0026,0.003,nan,0.00,1,1,0,0,0,0.0000,0.000,0,0.000,0,0.000,0,0,search,,SEARCH,3,3,0,0.000,0,0,0
1785621142.869,13.659,-1.293,18.518,0.9715,0,-0.119,-1.207,-6.000,0.2698,4.000,1.400,0.000,0.667,19.290,14.000,-7.0309,-0.0970,-6.267,-6.267,-0.097,-8.206,1.200,-2.500,0.0026,0.003,nan,0.00,1,1,0,0,0,0.0000,0.000,0,0.000,0,0.000,0,0,search,,SEARCH,3,3,0,0.000,0,0,0
1785621142.896,13.660,-1.533,18.996,0.9714,0,-0.119,-0.967,-7.500,0.2698,4.000,1.400,0.000,0.667,19.290,14.000,-6.9025,-0.0985,-6.138,-6.138,-0.099,-8.249,1.200,-2.500,0.0026,0.003,nan,0.00,1,1,0,0,0,0.0000,0.000,0,0.000,0,0.000,0,0,search,,SEARCH,3,3,0,0.000,0,0,0
1785621142.932,13.652,-1.790,19.650,0.9713,0,-0.122,-0.710,-9.000,0.2697,4.000,1.400,0.000,0.667,19.290,14.000,-6.7508,-0.1000,-5.987,-5.987,-0.100,-8.309,1.200,-2.500,0.0026,0.003,nan,0.00,1,1,0,0,0,0.0000,0.000,0,0.000,0,0.000,0,0,search,,SEARCH,3,3,0,0.000,0,0,0
1785621142.963,13.638,-2.056,20.433,0.9712,0,-0.127,-0.444,-10.500,0.2697,4.000,1.400,0.000,0.667,19.290,14.000,-6.5786,-0.1016,-5.815,-5.815,-0.102,-8.379,1.200,-2.500,0.0026,0.003,nan,0.00,1,1,0,0,0,0.0000,0.000,0,0.000,0,0.000,0,0,search,,SEARCH,3,3,0,0.000,0,0,0
1785621142.994,13.638,-2.056,20.433,0.9712,0,-0.127,-0.444,-12.000,0.2697,4.000,1.400,0.000,0.667,19.290,14.000,-6.5786,-0.1016,-5.815,-5.815,-0.102,-8.379,1.200,-2.500,0.0026,0.003,nan,0.00,1,1,0,0,0,0.0000,0.000,0,0.000,0,0.000,0,0,search,,SEARCH,3,3,0,0.000,0,0,0
1785621143.025,13.611,-2.364,21.488,0.9711,0,-0.136,-0.136,-12.000,0.2697,4.000,1.400,0.000,0.667,19.290,14.000,-6.3629,-0.1032,-5.599,-5.599,-0.103,-8.471,1.200,-2.500,0.0026,0.003,nan,0.00,1,1,0,0,0,0.0000,0.000,0,0.000,0,0.000,0,0,search,,SEARCH,3,3,0,0.000,0,0,0
1785621143.050,13.577,-2.637,22.542,0.9710,0,-0.148,0.137,-12.000,0.2696,4.000,1.400,0.000,0.667,19.290,14.000,-6.1533,-0.1047,-5.389,-5.389,-0.105,-8.560,1.200,-2.500,0.0026,0.002,nan,0.00,1,1,0,0,0,0.0000,0.000,0,0.000,0,0.000,0,0,search,,SEARCH,3,3,0,0.000,0,0,0
1785621143.087,13.543,-2.870,23.542,0.9710,0,-0.160,0.370,-12.000,0.2696,4.000,1.400,0.000,0.667,19.290,14.000,-5.9521,-0.1060,-5.188,-5.188,-0.106,-8.638,1.200,-2.500,0.0026,0.002,nan,0.00,1,1,0,0,0,0.0000,0.000,0,0.000,0,0.000,0,0,search,,SEARCH,3,3,0,0.000,0,0,0
1785621143.119,13.506,-3.093,24.510,0.9709,0,-0.173,0.593,-12.000,0.2695,4.000,1.400,0.000,0.667,19.290,14.000,-5.7563,-0.1072,-4.992,-4.992,-0.107,-8.710,1.200,-2.500,0.0026,0.002,nan,0.00,1,1,0,0,0,0.0000,0.000,0,0.000,0,0.000,0,0,search,,SEARCH,3,3,0,0.000,0,0,0
1785621143.149,13.506,-3.097,24.529,0.9709,0,-0.173,0.597,-12.000,0.2695,4.000,1.400,0.000,0.667,19.290,14.000,-5.7524,-0.1073,-4.988,-4.988,-0.107,-8.711,1.200,-2.500,0.0026,0.002,nan,0.00,1,1,0,0,0,0.0000,0.000,0,0.000,0,0.000,0,0,search,,SEARCH,3,3,0,0.000,0,0,0
1785621143.182,13.461,-3.304,25.636,0.9709,0,-0.189,0.804,-12.000,0.2695,4.000,1.400,0.000,0.667,19.290,14.000,-5.5303,-0.1084,-4.766,-4.766,-0.108,-8.789,1.200,-2.500,0.0026,0.002,nan,0.00,1,1,0,0,0,0.0000,0.000,0,0.000,0,0.000,2,0,search,,SEARCH,3,3,0,0.000,0,2,0
1785621143.228,13.417,-3.482,26.694,0.9709,0,-0.204,0.982,-12.000,0.2694,4.000,1.400,0.000,0.667,19.290,14.000,-5.3180,-0.1094,-4.554,-4.554,-0.109,-8.859,1.200,-2.500,0.0026,0.002,nan,0.00,1,1,0,0,0,0.0000,0.000,0,0.000,0,0.000,1,0,search,,SEARCH,3,3,0,0.000,0,1,0
1785621143.260,13.372,-3.634,27.710,0.9709,0,-0.220,1.134,-12.000,0.2694,4.000,1.400,0.000,0.667,19.290,14.000,-5.1140,-0.1104,-4.350,-4.350,-0.110,-8.922,1.200,-2.500,0.0026,0.002,nan,0.00,1,1,0,0,0,0.0000,0.000,0,0.000,0,0.000,1,0,search,,SEARCH,3,3,0,0.000,0,0,0
1785621143.287,13.329,-3.766,28.689,0.9710,0,-0.235,1.266,-12.000,0.2693,4.000,1.400,0.000,0.667,19.290,14.000,-4.9178,-0.1112,-4.154,-4.154,-0.111,-8.979,1.200,-2.500,0.0026,0.002,nan,0.00,1,1,0,0,0,0.0000,0.000,0,0.000,0,0.000,0,0,search,,SEARCH,3,3,0,0.000,0,0,0
1785621143.321,13.286,-3.880,29.614,0.9710,0,-0.250,1.380,-12.000,0.2693,4.000,1.400,0.000,0.667,19.290,14.000,-4.7322,-0.1120,-3.968,-3.968,-0.112,-9.030,1.200,-2.500,0.0026,0.002,nan,0.00,1,1,0,0,0,0.0000,0.000,0,0.000,0,0.000,0,0,search,,SEARCH,3,3,0,0.000,0,0,0
1785621143.352,13.242,-3.985,30.563,0.9711,0,-0.265,1.485,-12.000,0.2692,4.000,1.400,0.000,0.667,19.290,14.000,-4.5420,-0.1127,-3.778,-3.778,-0.113,-9.079,1.200,-2.500,0.0026,0.002,nan,0.00,1,1,0,0,0,0.0000,0.000,0,0.000,0,0.000,0,0,search,,SEARCH,3,3,0,0.000,0,0,0
1785621143.384,13.242,-3.985,30.563,0.9711,0,-0.265,1.485,-12.000,0.2692,4.000,1.400,0.000,0.667,19.290,14.000,-4.5420,-0.1127,-3.778,-3.778,-0.113,-9.079,1.200,-2.500,0.0026,0.002,nan,0.00,1,1,0,0,0,0.0000,0.000,0,0.000,0,0.000,0,0,search,,SEARCH,3,3,0,0.000,0,0,0
1785621143.415,13.196,-4.083,31.552,0.9711,0,-0.281,1.583,-12.000,0.2692,4.000,1.400,0.000,0.667,19.290,14.000,-4.3436,-0.1134,-3.580,-3.580,-0.113,-9.128,1.200,-2.500,0.0026,0.002,nan,0.00,1,1,0,0,0,0.0000,0.000,0,0.000,0,0.000,0,0,search,,SEARCH,3,3,0,0.000,0,0,0
1785621143.446,13.146,-4.186,32.595,0.9712,0,-0.299,1.686,-12.000,0.2691,4.000,1.400,0.000,0.667,19.290,14.000,-4.1337,-0.1141,-3.370,-3.370,-0.114,-9.175,1.200,-2.500,0.0026,0.002,nan,0.00,1,1,0,0,0,0.0000,0.000,0,0.000,0,0.000,0,0,search,,SEARCH,3,3,0,0.000,0,0,0
1785621143.477,13.097,-4.267,33.625,0.9713,0,-0.316,1.767,-12.000,0.2691,4.000,1.400,0.000,0.667,19.290,14.000,-3.9271,-0.1148,-3.163,-3.163,-0.115,-9.219,1.200,-2.500,0.0026,0.002,nan,0.00,1,1,0,0,0,0.0000,0.000,0,0.000,0,0.000,0,0,search,,SEARCH,3,3,0,0.000,0,0,0
1785621143.509,13.051,-4.338,34.617,0.9714,0,-0.332,1.838,-12.000,0.2690,4.000,1.400,0.000,0.667,19.290,14.000,-3.7275,-0.1154,-2.964,-2.964,-0.115,-9.259,1.200,-2.500,0.0026,0.002,nan,0.00,1,1,0,0,0,0.0000,0.000,0,0.000,0,0.000,0,0,search,,SEARCH,3,3,0,0.000,0,0,0
1785621143.540,13.003,-4.403,35.648,0.9715,0,-0.349,1.903,-12.000,0.2690,4.000,1.400,0.000,0.667,19.290,14.000,-3.5200,-0.1159,-2.756,-2.756,-0.116,-9.297,1.200,-2.500,0.0026,0.002,nan,0.00,1,1,0,0,0,0.0000,0.000,0,0.000,0,0.000,1,0,search,,SEARCH,3,3,0,0.000,0,1,0
1785621143.569,12.958,-4.457,36.604,0.9716,0,-0.365,1.957,-12.000,0.2689,4.000,1.400,0.000,0.667,19.290,14.000,-3.3273,-0.1164,-2.563,-2.563,-0.116,-9.330,1.200,-2.500,0.0026,0.002,nan,0.00,1,1,0,0,0,0.0000,0.000,0,0.000,0,0.000,0,0,search,,SEARCH,3,3,0,0.000,0,0,0
1785621143.605,12.958,-4.457,36.604,0.9716,0,-0.365,1.957,-12.000,0.2689,4.000,1.400,0.000,0.667,19.290,14.000,-3.3273,-0.1164,-2.563,-2.563,-0.116,-9.330,1.200,-2.500,0.0026,0.001,nan,0.00,1,1,0,0,0,0.0000,0.000,0,0.000,0,0.000,1,0,search,,SEARCH,3,3,0,0.000,0,0,0
1785621143.639,12.917,-4.503,37.517,0.9717,0,-0.379,2.003,-12.000,0.2689,4.000,1.400,0.000,0.667,19.290,14.000,-3.1432,-0.1168,-2.379,-2.379,-0.117,-9.359,1.200,-2.500,0.0026,0.001,nan,0.00,1,1,0,0,0,0.0000,0.000,0,0.000,0,0.000,1,0,search,,SEARCH,3,3,0,0.000,0,0,0
1785621143.669,12.872,-4.550,38.474,0.9718,0,-0.395,2.050,-12.000,0.2688,4.000,1.400,0.000,0.667,19.290,14.000,-2.9499,-0.1172,-2.186,-2.186,-0.117,-9.386,1.200,-2.500,0.0026,0.001,nan,0.00,1,1,0,0,0,0.0000,0.000,0,0.000,0,0.000,1,0,search,,SEARCH,3,3,0,0.000,0,1,0
1785621143.698,12.831,-4.590,39.374,0.9719,0,-0.409,2.090,-12.000,0.2688,4.000,1.400,0.000,0.667,19.290,14.000,-2.7679,-0.1177,-2.004,-2.004,-0.118,-9.410,1.200,-2.500,0.0026,0.001,nan,0.00,1,1,0,0,0,0.0000,0.000,0,0.000,0,0.000,0,0,search,,SEARCH,3,3,0,0.000,0,0,0
1785621143.733,12.788,-4.625,40.355,0.9720,0,-0.424,2.125,-12.000,0.2687,4.000,1.400,0.000,0.667,19.290,14.000,-2.5693,-0.1181,-1.805,-1.805,-0.118,-9.433,1.200,-2.500,0.0026,0.001,nan,0.00,1,1,0,0,0,0.0000,0.000,0,0.000,0,0.000,1,0,search,,SEARCH,3,3,0,0.000,0,1,0
1785621143.765,12.748,-4.654,41.280,0.9721,0,-0.438,2.154,-12.000,0.2687,4.000,1.400,0.000,0.667,19.290,14.000,-2.3819,-0.1186,-1.618,-1.618,-0.119,-9.453,1.200,-2.500,0.0026,0.001,nan,0.00,1,1,0,0,0,0.0000,0.000,0,0.000,0,0.000,1,0,search,,SEARCH,3,3,0,0.000,0,1,0
1785621143.795,12.707,-4.681,42.233,0.9723,0,-0.453,2.181,-12.000,0.2686,4.000,1.400,0.000,0.667,19.290,14.000,-2.1884,-0.1190,-1.424,-1.424,-0.119,-9.471,1.200,-2.500,0.0026,0.001,nan,0.00,1,1,0,0,0,0.0000,0.000,0,0.000,0,0.000,0,0,search,,SEARCH,3,3,0,0.000,0,0,0
1785621143.825,12.669,-4.704,43.159,0.9724,0,-0.466,2.204,-12.000,0.2686,4.000,1.400,0.000,0.667,19.290,14.000,-2.0003,-0.1193,-1.236,-1.236,-0.119,-9.487,1.200,-2.500,0.0026,0.001,nan,0.00,1,1,0,0,0,0.0000,0.000,0,0.000,0,0.000,0,0,search,,SEARCH,3,3,0,0.000,0,0,0
1785621143.855,12.631,-4.724,44.069,0.9725,0,-0.479,2.224,-12.000,0.2685,4.000,1.400,0.000,0.667,19.290,14.000,-1.8153,-0.1196,-1.051,-1.051,-0.120,-9.500,1.200,-2.500,0.0026,0.001,nan,0.00,1,1,0,0,0,0.0000,0.000,0,0.000,0,0.000,0,0,search,,SEARCH,3,3,0,0.000,0,0,0
1785621143.889,12.595,-4.741,44.983,0.9726,0,-0.492,2.241,-12.000,0.2685,4.000,1.400,0.000,0.667,19.290,14.000,-1.6290,-0.1199,-0.865,-0.865,-0.120,-9.511,1.200,-2.500,0.0026,0.001,nan,0.00,1,1,0,0,0,0.0000,0.000,0,0.000,0,0.000,0,0,search,,SEARCH,3,3,0,0.000,0,0,0
1785621143.923,12.561,-4.756,45.861,0.9727,0,-0.504,2.256,-12.000,0.2685,4.000,1.400,0.000,0.667,19.290,14.000,-1.4500,-0.1202,-0.686,-0.686,-0.120,-9.519,1.200,-2.500,0.0026,0.001,nan,0.00,1,1,0,0,0,0.0000,0.000,0,0.000,0,0.000,0,0,search,,SEARCH,3,3,0,0.000,0,0,0
1785621143.953,12.561,-4.756,45.861,0.9727,0,0.996,2.256,-10.500,0.2685,4.000,-1.400,0.000,0.667,-19.290,-14.000,-1.4500,-0.1202,-0.686,-0.686,-0.120,-9.519,1.200,-2.500,0.0026,0.001,nan,0.00,1,1,0,0,0,0.0000,0.000,0,0.000,0,0.000,1,0,search,,SEARCH,3,3,0,0.000,0,1,0
1785621143.984,12.395,-4.764,47.565,0.9733,0,2.496,2.264,-9.000,0.2683,4.000,-1.400,0.000,0.667,-19.290,-14.000,-1.1010,-0.1209,-0.337,-0.337,-0.121,-9.531,1.200,-2.500,0.0026,0.001,nan,0.00,1,1,0,0,0,0.0000,0.000,0,0.000,0,0.000,0,0,search,,SEARCH,3,3,0,0.000,0,0,0
1785621144.015,12.138,-4.724,48.258,0.9743,0,3.996,2.224,-7.500,0.2680,4.000,-1.400,0.000,0.667,-19.290,-14.000,-0.9564,-0.1214,-0.192,-0.192,-0.121,-9.533,1.200,-2.500,0.0026,0.001,nan,0.00,1,1,0,0,0,0.0000,0.000,0,0.000,0,0.000,1,0,search,,SEARCH,3,3,0,0.000,0,1,0
1785621144.040,12.138,-4.724,48.258,0.9743,0,5.496,2.224,-6.000,0.2680,4.000,-1.400,0.000,0.667,-19.290,-14.000,-0.9564,-0.1214,-0.192,-0.192,-0.121,-9.533,1.200,-2.500,0.0026,0.001,nan,0.00,1,1,0,0,0,0.0000,0.000,0,0.000,0,0.000,0,0,search,,SEARCH,3,3,0,0.000,0,0,0
1785621144.079,11.786,-4.661,48.813,0.9757,0,6.996,2.161,-4.500,0.2676,4.000,-1.400,0.000,0.667,-19.290,-14.000,-0.8390,-0.1219,-0.075,-0.075,-0.122,-9.535,1.200,-2.500,0.0026,0.001,nan,0.00,1,1,0,0,0,0.0000,0.000,0,0.000,0,0.000,1,0,search,,SEARCH,3,3,0,0.000,0,1,0
1785621144.105,11.331,-4.574,49.267,0.9774,0,8.496,2.074,-3.000,0.2671,4.000,-1.400,0.000,0.667,-19.290,-14.000,-0.7424,-0.1226,0.022,0.022,-0.123,-9.537,1.200,-2.500,0.0026,0.001,nan,0.00,1,1,0,0,0,0.0000,0.000,0,0.000,0,0.000,0,0,search,,SEARCH,3,3,0,0.000,0,0,0
1785621144.140,10.768,-4.470,49.620,0.9794,0,8.669,1.970,-1.500,0.2665,4.000,-1.400,0.000,0.667,-19.290,-14.000,-0.6667,-0.1235,0.097,0.097,-0.123,-9.540,1.200,-2.500,0.0026,0.001,nan,0.00,1,1,0,0,0,0.0000,0.000,0,0.000,0,0.000,0,0,search,,SEARCH,3,3,0,0.000,0,0,0
1785621144.172,10.107,-4.351,49.865,0.9816,0,8.437,1.851,0.000,0.2658,4.000,-1.400,0.000,0.667,-19.290,-14.000,-0.6139,-0.1243,0.150,0.150,-0.124,-9.543,1.200,-2.500,0.0026,0.001,nan,0.00,1,1,0,0,0,0.0000,0.000,0,0.000,0,0.000,0,0,search,,SEARCH,3,3,0,0.000,0,0,0
1785621144.202,9.415,-4.216,50.008,0.9839,0,8.195,1.716,1.500,0.2652,4.000,-1.400,0.000,0.667,-19.290,-14.000,-0.5813,-0.1249,0.183,0.183,-0.125,-9.548,1.200,-2.500,0.0026,0.001,nan,0.00,1,1,0,0,0,0.0000,0.000,0,0.000,0,0.000,0,0,search,,SEARCH,3,3,0,0.000,0,0,0
1785621144.233,8.776,-4.076,50.043,0.9858,0,7.972,1.576,3.000,0.2647,4.000,-1.400,0.000,0.667,-19.290,-14.000,-0.5700,-0.1252,0.194,0.194,-0.125,-9.554,1.200,-2.500,0.0026,0.001,nan,0.00,1,1,0,0,0,0.0000,0.000,0,0.000,0,0.000,0,0,search,,SEARCH,3,3,0,0.000,0,0,0
1785621144.264,8.159,-3.930,49.973,0.9876,0,7.756,1.430,4.500,0.2642,4.000,-1.400,0.000,0.667,-19.290,-14.000,-0.5792,-0.1248,0.185,0.185,-0.125,-9.561,1.200,-2.500,0.0026,0.001,nan,0.00,1,1,0,0,0,0.0000,0.000,0,0.000,0,0.000,0,0,search,,SEARCH,3,3,0,0.000,0,0,0
1785621144.296,7.572,-3.783,49.798,0.9891,0,7.550,1.283,6.000,0.2639,4.000,-1.400,0.000,0.667,-19.290,-14.000,-0.6086,-0.1236,0.155,0.155,-0.124,-9.569,1.200,-2.500,0.0026,0.001,nan,0.00,1,1,0,0,0,0.0000,0.000,0,0.000,0,0.000,1,0,search,,SEARCH,3,3,0,0.000,0,1,0
1785621144.328,6.983,-3.632,49.532,0.9906,0,7.344,1.132,7.500,0.2636,4.000,-1.400,0.000,0.667,-19.290,-14.000,-0.6560,-0.1217,0.108,0.108,-0.122,-9.578,1.200,-2.500,0.0026,0.001,nan,0.00,1,1,0,0,0,0.0000,0.000,0,0.000,0,0.000,0,0,search,,SEARCH,3,3,0,0.000,0,0,0
1785621144.359,6.445,-3.488,49.148,0.9918,0,7.156,0.988,9.000,0.2633,4.000,-1.400,0.000,0.667,-19.290,-14.000,-0.7256,-0.1192,0.038,0.038,-0.119,-9.587,1.200,-2.500,0.0026,0.001,nan,0.00,1,1,0,0,0,0.0000,0.000,0,0.000,0,0.000,0,0,search,,SEARCH,3,3,0,0.000,0,0,0
1785621144.390,5.876,-3.334,48.603,0.9931,0,6.957,0.834,10.500,0.2631,4.000,-1.400,0.000,0.667,-19.290,-14.000,-0.8259,-0.1164,-0.062,-0.062,-0.116,-9.596,1.200,-2.500,0.0026,0.001,nan,0.00,1,1,0,0,0,0.0000,0.000,0,0.000,0,0.000,0,0,search,,SEARCH,3,3,0,0.000,0,0,0
1785621144.422,5.351,-3.193,47.977,0.9941,0,6.773,0.693,12.000,0.2630,4.000,-1.400,0.000,0.667,-19.290,-14.000,-0.9421,-0.1139,-0.178,-0.178,-0.114,-9.605,1.200,-2.500,0.0026,0.001,nan,0.00,1,1,0,0,0,0.0000,0.000,0,0.000,0,0.000,0,0,search,,SEARCH,3,3,0,0.000,0,0,0
1785621144.454,4.828,-3.056,47.289,0.9950,0,6.590,0.556,12.000,0.2628,4.000,-1.400,0.000,0.667,-19.290,-14.000,-1.0716,-0.1115,-0.308,-0.308,-0.112,-9.612,1.200,-2.500,0.0026,0.001,nan,0.00,1,1,0,0,0,0.0000,0.000,0,0.000,0,0.000,0,0,search,,SEARCH,3,3,0,0.000,0,0,0
1785621144.490,4.345,-2.933,46.451,0.9958,0,6.421,0.433,12.000,0.2627,4.000,-1.400,0.000,0.667,-19.290,-14.000,-1.2288,-0.1098,-0.465,-0.465,-0.110,-9.615,1.200,-2.500,0.0026,0.001,nan,0.00,1,1,0,0,0,0.0000,0.000,0,0.000,0,0.000,0,0,search,,SEARCH,3,3,0,0.000,0,0,0
1785621144.519,3.866,-2.820,45.560,0.9965,0,6.253,0.320,12.000,0.2626,4.000,-1.400,0.000,0.667,-19.290,-14.000,-1.3979,-0.1081,-0.634,-0.634,-0.108,-9.616,1.200,-2.500,0.0026,0.001,nan,0.00,1,1,0,0,0,0.0000,0.000,0,0.000,0,0.000,0,0,search,,SEARCH,3,3,0,0.000,0,0,0
1785621144.547,3.360,-2.721,44.638,0.9972,0,6.076,0.221,12.000,0.2625,4.000,-1.400,0.000,0.667,-19.290,-14.000,-1.5769,-0.1065,-0.813,-0.813,-0.106,-9.614,1.200,-2.500,0.0026,0.001,nan,0.00,1,1,0,0,0,0.0000,0.000,0,0.000,0,0.000,0,0,search,,SEARCH,3,3,0,0.000,0,0,0
1785621144.579,2.920,-2.654,43.801,0.9976,0,5.691,0.154,12.000,0.2625,4.000,-1.400,0.000,0.667,-19.290,-13.341,-1.7423,-0.1050,-0.978,-0.978,-0.105,-9.610,1.200,-2.500,0.0026,0.001,nan,0.00,1,1,0,0,0,0.0000,0.000,0,0.000,0,0.000,1,0,search,,SEARCH,3,3,0,0.000,0,0,0
1785621144.607,2.499,-2.597,42.941,0.9980,0,4.510,0.097,12.000,0.2624,4.000,-1.400,0.000,0.667,-19.290,-10.387,-1.9145,-0.1035,-1.150,-1.150,-0.103,-9.602,1.200,-2.500,0.0026,0.001,nan,0.00,1,1,0,0,0,0.0000,0.000,0,0.000,0,0.000,1,0,search,,SEARCH,3,3,0,0.000,0,0,0
1785621144.641,2.163,-2.549,42.065,0.9983,0,3.322,0.049,12.000,0.2624,4.000,-1.400,0.000,0.667,-19.290,-7.330,-2.0914,-0.1020,-1.327,-1.327,-0.102,-9.591,1.200,-2.500,0.0026,0.001,nan,0.00,1,1,0,0,0,0.0000,0.000,0,0.000,0,0.000,0,0,search,,SEARCH,3,3,0,0.000,0,0,0
1785621144.673,1.920,-2.509,41.182,0.9985,0,2.148,0.009,12.000,0.2624,4.000,-1.400,0.000,0.667,-19.290,-4.216,-2.2705,-0.1007,-1.506,-1.506,-0.101,-9.577,1.200,-2.500,0.0026,0.001,nan,0.00,1,1,0,0,0,0.0000,0.000,0,0.000,0,0.000,0,0,search,,SEARCH,3,3,0,0.000,0,0,0
1785621144.704,1.763,-2.474,40.259,0.9986,0,0.946,-0.026,12.000,0.2625,4.000,-1.400,0.000,0.667,-19.290,-0.939,-2.4579,-0.0994,-1.694,-1.694,-0.099,-9.557,1.200,-2.500,0.0026,0.001,nan,0.00,1,1,0,0,0,0.0000,0.000,0,0.000,0,0.000,0,0,search,,SEARCH,3,3,0,0.000,0,0,0
1785621144.735,1.703,-2.445,39.356,0.9986,0,-0.200,-0.055,12.000,0.2625,4.000,-1.400,0.000,0.667,-19.290,2.273,-2.6408,-0.0985,-1.877,-1.877,-0.099,-9.535,1.200,-2.500,0.0026,0.000,nan,0.00,1,1,0,0,0,0.0000,0.000,0,0.000,0,0.000,0,0,search,,SEARCH,3,3,0,0.000,0,0,0
1785621144.766,1.734,-2.419,38.464,0.9987,0,-1.295,-0.081,12.000,0.2625,4.000,-1.400,0.000,0.667,-19.290,5.434,-2.8203,-0.0979,-2.056,-2.056,-0.098,-9.510,1.200,-2.500,0.0026,0.000,nan,0.00,1,1,0,0,0,0.0000,0.000,0,0.000,0,0.000,0,0,search,,SEARCH,3,3,0,0.000,0,0,0
1785621144.803,1.854,-2.394,37.570,0.9986,0,-2.354,-0.106,12.000,0.2625,4.000,-1.400,0.000,0.667,-19.290,8.579,-2.9985,-0.0976,-2.234,-2.234,-0.098,-9.480,1.200,-2.500,0.0026,0.000,nan,0.00,1,1,0,0,0,0.0000,0.000,0,0.000,0,0.000,1,0,search,,SEARCH,3,3,0,0.000,0,1,0
1785621144.832,2.061,-2.368,36.674,0.9985,0,-3.371,-0.132,12.000,0.2626,4.000,-1.400,0.000,0.667,-19.290,11.694,-3.1749,-0.0974,-2.411,-2.411,-0.097,-9.448,1.200,-2.500,0.0026,0.000,nan,0.00,1,1,0,0,0,0.0000,0.000,0,0.000,0,0.000,0,0,search,,SEARCH,3,3,0,0.000,0,0,0
1785621144.860,2.061,-2.368,36.674,0.9985,0,-3.371,-0.132,12.000,0.2626,4.000,-1.400,0.000,0.667,-19.290,11.694,-3.1749,-0.0974,-2.411,-2.411,-0.097,-9.448,1.200,-2.500,0.0026,0.000,nan,0.00,1,1,0,0,0,0.0000,0.000,0,0.000,0,0.000,0,0,search,,SEARCH,3,3,0,0.000,0,0,0
1785621144.897,2.360,-2.340,35.755,0.9983,0,-4.074,-0.160,12.000,0.2626,4.000,-1.400,0.000,0.667,-19.290,14.000,-3.3526,-0.0974,-2.589,-2.589,-0.097,-9.411,1.200,-2.500,0.0026,0.000,nan,0.00,1,1,0,0,0,0.0000,0.000,0,0.000,0,0.000,0,0,search,,SEARCH,3,3,0,0.000,0,0,0
1785621144.942,3.029,-2.273,33.888,0.9978,0,-3.840,-0.227,12.000,0.2627,4.000,-1.400,0.000,0.667,-19.290,14.000,-3.7048,-0.0976,-2.941,-2.941,-0.098,-9.325,1.200,-2.500,0.0026,0.000,nan,0.00,1,1,0,0,0,0.0000,0.000,0,0.000,0,0.000,1,0,search,,SEARCH,3,3,0,0.000,0,1,0
1785621144.975,3.384,-2.237,32.942,0.9975,0,-3.716,-0.263,12.000,0.2628,4.000,-1.400,0.000,0.667,-19.290,14.000,-3.8784,-0.0977,-3.114,-3.114,-0.098,-9.276,1.200,-2.500,0.0026,0.000,nan,0.00,1,1,0,0,0,0.0000,0.000,0,0.000,0,0.000,0,0,search,,SEARCH,3,3,0,0.000,0,0,0
1785621145.003,3.384,-2.237,32.942,0.9975,0,-3.716,-0.263,12.000,0.2628,4.000,-1.400,0.000,0.667,-19.290,14.000,-3.8784,-0.0977,-3.114,-3.114,-0.098,-9.276,1.200,-2.500,0.0026,0.000,nan,0.00,1,1,0,0,0,0.0000,0.000,0,0.000,0,0.000,0,0,search,,SEARCH,3,3,0,0.000,0,0,0
1785621145.037,3.727,-2.199,31.988,0.9971,0,-3.595,-0.301,12.000,0.2629,4.000,-1.400,0.000,0.667,-19.290,14.000,-4.0505,-0.0978,-3.286,-3.286,-0.098,-9.223,1.200,-2.500,0.0026,0.000,nan,0.00,1,1,0,0,0,0.0000,0.000,0,0.000,0,0.000,0,0,search,,SEARCH,3,3,0,0.000,0,0,0
1785621145.068,4.068,-2.156,31.056,0.9968,0,-3.476,-0.344,12.000,0.2630,4.000,-1.400,0.000,0.667,-19.290,14.000,-4.2156,-0.0978,-3.452,-3.452,-0.098,-9.168,1.200,-2.500,0.0026,0.000,nan,0.00,1,1,0,0,0,0.0000,0.000,0,0.000,0,0.000,0,0,search,,SEARCH,3,3,0,0.000,0,0,0
1785621145.096,4.399,-2.111,30.127,0.9964,0,-3.360,-0.389,12.000,0.2631,4.000,-1.400,0.000,0.667,-19.290,14.000,-4.3775,-0.0977,-3.613,-3.613,-0.098,-9.111,1.200,-2.500,0.0026,0.000,nan,0.00,1,1,0,0,0,0.0000,0.000,0,0.000,0,0.000,0,0,search,,SEARCH,3,3,0,0.000,0,0,0
1785621145.130,4.751,-2.063,29.077,0.9959,0,-3.237,-0.437,12.000,0.2633,4.000,-1.400,0.000,0.667,-19.290,14.000,-4.5570,-0.0976,-3.793,-3.793,-0.098,-9.042,1.200,-2.500,0.0026,0.000,nan,0.00,1,1,0,0,0,0.0000,0.000,0,0.000,0,0.000,0,0,search,,SEARCH,3,3,0,0.000,0,0,0
1785621145.161,5.088,-2.014,28.042,0.9954,0,-3.119,-0.486,12.000,0.2634,4.000,-1.400,0.000,0.667,-19.290,14.000,-4.7304,-0.0975,-3.966,-3.966,-0.097,-8.970,1.200,-2.500,0.0026,0.000,nan,0.00,1,1,0,0,0,0.0000,0.000,0,0.000,0,0.000,1,0,search,,SEARCH,3,3,0,0.000,0,1,0
1785621145.189,5.088,-2.014,28.042,0.9954,0,-3.119,-0.486,12.000,0.2634,4.000,-1.400,0.000,0.667,-19.290,14.000,-4.7304,-0.0975,-3.966,-3.966,-0.097,-8.970,1.200,-2.500,0.0026,0.000,nan,0.00,1,1,0,0,0,0.0000,0.000,0,0.000,0,0.000,0,0,search,,SEARCH,3,3,0,0.000,0,0,0
1785621145.221,5.406,-1.966,27.039,0.9950,0,-3.008,-0.534,12.000,0.2635,4.000,-1.400,0.000,0.667,-19.290,14.000,-4.8955,-0.0973,-4.131,-4.131,-0.097,-8.897,1.200,-2.500,0.0026,0.000,nan,0.00,1,1,0,0,0,0.0000,0.000,0,0.000,0,0.000,0,0,search,,SEARCH,3,3,0,0.000,0,0,0
1785621145.254,5.717,-1.913,26.059,0.9945,0,-2.899,-0.587,12.000,0.2637,4.000,-1.400,0.000,0.667,-19.290,14.000,-5.0536,-0.0972,-4.290,-4.290,-0.097,-8.823,1.200,-2.500,0.0026,0.000,nan,0.00,1,1,0,0,0,0.0000,0.000,0,0.000,0,0.000,1,0,search,,SEARCH,3,3,0,0.000,0,1,0
1785621145.286,6.014,-1.863,25.061,0.9940,0,-2.795,-0.637,12.000,0.2638,4.000,-1.400,0.000,0.667,-19.290,14.000,-5.2115,-0.0971,-4.447,-4.447,-0.097,-8.744,1.200,-2.500,0.0026,0.000,nan,0.00,1,1,0,0,0,0.0000,0.000,0,0.000,0,0.000,0,0,search,,SEARCH,3,3,0,0.000,0,0,0
1785621145.317,6.290,-1.814,24.097,0.9935,0,-2.698,-0.686,12.000,0.2639,4.000,-1.400,0.000,0.667,-19.290,14.000,-5.3612,-0.0971,-4.597,-4.597,-0.097,-8.665,1.200,-2.500,0.0026,0.000,nan,0.00,1,1,0,0,0,0.0000,0.000,0,0.000,0,0.000,0,0,search,,SEARCH,3,3,0,0.000,0,0,0
1785621145.348,6.557,-1.766,23.144,0.9930,0,-2.605,-0.734,12.000,0.2640,4.000,-1.400,0.000,0.667,-19.290,14.000,-5.5066,-0.0972,-4.743,-4.743,-0.097,-8.584,1.200,-2.500,0.0026,0.000,nan,0.00,1,1,0,0,0,0.0000,0.000,0,0.000,0,0.000,0,0,search,,SEARCH,3,3,0,0.000,0,0,0
1785621145.380,6.828,-1.714,22.148,0.9925,0,-2.510,-0.786,10.500,0.2642,4.000,1.400,0.000,0.667,19.290,14.000,-5.6555,-0.0972,-4.891,-4.891,-0.097,-8.496,1.200,-2.500,0.0026,0.000,nan,0.00,1,1,0,0,0,0.0000,0.000,0,0.000,0,0.000,0,0,search,,SEARCH,3,3,0,0.000,0,0,0
1785621145.412,6.832,-1.713,22.134,0.9925,0,-2.509,-0.787,9.000,0.2642,4.000,1.400,0.000,0.667,19.290,14.000,-5.6575,-0.0972,-4.893,-4.893,-0.097,-8.495,1.200,-2.500,0.0026,0.000,nan,0.00,1,1,0,0,0,0.0000,0.000,0,0.000,0,0.000,1,0,search,,SEARCH,3,3,0,0.000,0,1,0
1785621145.440,7.086,-1.676,21.251,0.9919,0,-2.420,-0.824,7.500,0.2643,4.000,1.400,0.000,0.667,19.290,14.000,-5.7869,-0.0974,-5.023,-5.023,-0.097,-8.414,1.200,-2.500,0.0026,0.000,nan,0.00,1,1,0,0,0,0.0000,0.000,0,0.000,0,0.000,0,0,search,,SEARCH,3,3,0,0.000,0,0,0
1785621145.475,7.359,-1.646,20.378,0.9914,0,-2.324,-0.854,6.000,0.2645,4.000,1.400,0.000,0.667,19.290,14.000,-5.9119,-0.0977,-5.148,-5.148,-0.098,-8.331,1.200,-2.500,0.0026,0.000,nan,0.00,1,1,0,0,0,0.0000,0.000,0,0.000,0,0.000,0,0,search,,SEARCH,3,3,0,0.000,0,0,0
1785621145.506,7.610,-1.667,19.883,0.9908,0,-2.236,-0.833,4.500,0.2646,4.000,1.400,0.000,0.667,19.290,14.000,-5.9788,-0.0979,-5.215,-5.215,-0.098,-8.280,1.200,-2.500,0.0026,0.000,nan,0.00,1,1,0,0,0,0.0000,0.000,0,0.000,0,0.000,0,0,search,,SEARCH,3,3,0,0.000,0,0,0
1785621145.537,7.836,-1.693,19.490,0.9902,0,-2.157,-0.807,3.000,0.2647,4.000,1.400,0.000,0.667,19.290,14.000,-6.0295,-0.0981,-5.265,-5.265,-0.098,-8.238,1.200,-2.500,0.0026,0.000,nan,0.00,1,1,0,0,0,0.0000,0.000,0,0.000,0,0.000,0,0,search,,SEARCH,3,3,0,0.000,0,0,0
1785621145.570,7.836,-1.693,19.490,0.9902,0,-2.157,-0.807,1.500,0.2647,4.000,1.400,0.000,0.667,19.290,14.000,-6.0295,-0.0981,-5.265,-5.265,-0.098,-8.238,1.200,-2.500,0.0026,0.000,nan,0.00,1,1,0,0,0,0.0000,0.000,0,0.000,0,0.000,1,0,search,,SEARCH,3,3,0,0.000,0,1,0
1785621145.596,8.052,-1.733,19.219,0.9897,0,-2.082,-0.767,0.000,0.2649,4.000,1.400,0.000,0.667,19.290,14.000,-6.0608,-0.0983,-5.297,-5.297,-0.098,-8.207,1.200,-2.500,0.0026,0.000,nan,0.00,1,1,0,0,0,0.0000,0.000,0,0.000,0,0.000,0,0,search,,SEARCH,3,3,0,0.000,0,0,0
1785621145.625,8.247,-1.797,19.170,0.9892,0,-2.014,-0.703,-1.500,0.2650,4.000,1.400,0.000,0.667,19.290,14.000,-6.0589,-0.0985,-5.295,-5.295,-0.099,-8.195,1.200,-2.500,0.0026,0.000,nan,0.00,1,1,0,0,0,0.0000,0.000,0,0.000,0,0.000,0,0,search,,SEARCH,3,3,0,0.000,0,0,0
1785621145.660,8.441,-1.890,19.331,0.9886,0,-1.946,-0.610,-3.000,0.2651,4.000,1.400,0.000,0.667,19.290,14.000,-6.0250,-0.0989,-5.261,-5.261,-0.099,-8.202,1.200,-2.500,0.0026,0.000,nan,0.00,1,1,0,0,0,0.0000,0.000,0,0.000,0,0.000,0,0,search,,SEARCH,3,3,0,0.000,0,0,0
1785621145.692,8.441,-1.890,19.331,0.9886,0,-1.946,-0.610,-4.500,0.2651,4.000,1.400,0.000,0.667,19.290,14.000,-6.0250,-0.0989,-5.261,-5.261,-0.099,-8.202,1.200,-2.500,0.0026,0.000,nan,0.00,1,1,0,0,0,0.0000,0.000,0,0.000,0,0.000,2,0,search,,SEARCH,3,3,0,0.000,0,2,0
1785621145.724,8.625,-1.990,19.592,0.9881,0,-1.881,-0.510,-6.000,0.2653,4.000,1.400,0.000,0.667,19.290,14.000,-5.9752,-0.0992,-5.211,-5.211,-0.099,-8.218,1.200,-2.500,0.0026,0.000,nan,0.00,1,1,0,0,0,0.0000,0.000,0,0.000,0,0.000,0,0,search,,SEARCH,3,3,0,0.000,0,0,0
1785621145.752,8.812,-2.115,19.990,0.9875,0,-1.816,-0.385,-7.500,0.2654,4.000,1.400,0.000,0.667,19.290,14.000,-5.9034,-0.0996,-5.139,-5.139,-0.100,-8.244,1.200,-2.500,0.0026,0.000,nan,0.00,1,1,0,0,0,0.0000,0.000,0,0.000,0,0.000,0,0,search,,SEARCH,3,3,0,0.000,0,0,0
1785621145.783,8.967,-2.253,20.626,0.9870,0,-1.762,-0.247,-9.000,0.2655,4.000,1.400,0.000,0.667,19.290,14.000,-5.7965,-0.1000,-5.032,-5.032,-0.100,-8.291,1.200,-2.500,0.0026,0.000,nan,0.00,1,1,0,0,0,0.0000,0.000,0,0.000,0,0.000,0,0,search,,SEARCH,3,3,0,0.000,0,0,0
1785621145.818,9.104,-2.407,21.435,0.9865,0,-1.714,-0.093,-10.500,0.2656,4.000,1.400,0.000,0.667,19.290,14.000,-5.6629,-0.1005,-4.899,-4.899,-0.100,-8.351,1.200,-2.500,0.0026,0.000,nan,0.00,1,1,0,0,0,0.0000,0.000,0,0.000,0,0.000,1,0,search,,SEARCH,3,3,0,0.000,0,0,0
1785621145.842,9.104,-2.407,21.435,0.9865,0,-1.714,-0.093,-12.000,0.2656,4.000,1.400,0.000,0.667,19.290,14.000,-5.6629,-0.1005,-4.899,-4.899,-0.100,-8.351,1.200,-2.500,0.0026,0.000,nan,0.00,1,1,0,0,0,0.0000,0.000,0,0.000,0,0.000,0,0,search,,SEARCH,3,3,0,0.000,0,0,0
1785621145.881,9.225,-2.557,22.301,0.9861,0,-1.671,0.057,-12.000,0.2657,4.000,1.400,0.000,0.667,19.290,14.000,-5.5200,-0.1009,-4.756,-4.756,-0.101,-8.414,1.200,-2.500,0.0026,0.000,nan,0.00,1,1,0,0,0,0.0000,0.000,0,0.000,0,0.000,0,0,search,,SEARCH,3,3,0,0.000,0,0,0
1785621145.912,9.348,-2.738,23.430,0.9856,0,-1.628,0.238,-12.000,0.2658,4.000,1.400,0.000,0.667,19.290,14.000,-5.3336,-0.1015,-4.570,-4.570,-0.101,-8.494,1.200,-2.500,0.0026,0.000,nan,0.00,1,1,0,0,0,0.0000,0.000,0,0.000,0,0.000,0,0,search,,SEARCH,3,3,0,0.000,0,0,0
1785621145.943,9.456,-2.895,24.507,0.9852,0,-1.590,0.395,-12.000,0.2659,4.000,1.400,0.000,0.667,19.290,14.000,-5.1536,-0.1020,-4.390,-4.390,-0.102,-8.567,1.200,-2.500,0.0026,0.000,nan,0.00,1,1,0,0,0,0.0000,0.000,0,0.000,0,0.000,1,0,search,,SEARCH,3,3,0,0.000,0,1,0
1785621145.976,9.553,-3.025,25.489,0.9848,0,-1.557,0.525,-12.000,0.2660,4.000,1.400,0.000,0.667,19.290,14.000,-4.9872,-0.1025,-4.223,-4.223,-0.102,-8.630,1.200,-2.500,0.0026,0.000,nan,0.00,1,1,0,0,0,0.0000,0.000,0,0.000,0,0.000,0,0,search,,SEARCH,3,3,0,0.000,0,0,0
1785621146.008,9.553,-3.025,25.489,0.9848,0,-1.557,0.525,-12.000,0.2660,4.000,1.400,0.000,0.667,19.290,14.000,-4.9872,-0.1025,-4.223,-4.223,-0.102,-8.630,1.200,-2.500,0.0026,0.000,nan,0.00,1,1,0,0,0,0.0000,0.000,0,0.000,0,0.000,0,0,search,,SEARCH,3,3,0,0.000,0,0,0
1785621146.052,9.734,-3.270,27.473,0.9840,0,-1.493,0.770,-12.000,0.2662,4.000,1.400,0.000,0.667,19.290,14.000,-4.6452,-0.1032,-3.881,-3.881,-0.103,-8.750,1.200,-2.500,0.0026,0.000,nan,0.00,1,1,0,0,0,0.0000,0.000,0,0.000,0,0.000,0,0,search,,SEARCH,3,3,0,0.000,0,0,0
1785621146.080,9.813,-3.372,28.450,0.9837,0,-1.465,0.872,-12.000,0.2663,4.000,1.400,0.000,0.667,19.290,14.000,-4.4743,-0.1035,-3.710,-3.710,-0.103,-8.805,1.200,-2.500,0.0026,0.000,nan,0.00,1,1,0,0,0,0.0000,0.000,0,0.000,0,0.000,0,0,search,,SEARCH,3,3,0,0.000,0,0,0
1785621146.113,9.813,-3.372,28.450,0.9837,0,-1.465,0.872,-12.000,0.2663,4.000,1.400,0.000,0.667,19.290,14.000,-4.4743,-0.1035,-3.710,-3.710,-0.103,-8.805,1.200,-2.500,0.0026,0.000,nan,0.00,1,1,0,0,0,0.0000,0.000,0,0.000,0,0.000,0,0,search,,SEARCH,3,3,0,0.000,0,0,0
1785621146.143,9.892,-3.469,29.478,0.9833,0,-1.438,0.969,-12.000,0.2663,4.000,1.400,0.000,0.667,19.290,14.000,-4.2928,-0.1038,-3.529,-3.529,-0.104,-8.860,1.200,-2.500,0.0026,0.000,nan,0.00,1,1,0,0,0,0.0000,0.000,0,0.000,0,0.000,0,0,search,,SEARCH,3,3,0,0.000,0,0,0
1785621146.178,9.959,-3.551,30.409,0.9830,0,-1.414,1.051,-12.000,0.2664,4.000,1.400,0.000,0.667,19.290,14.000,-4.1268,-0.1040,-3.363,-3.363,-0.104,-8.907,1.200,-2.500,0.0026,0.000,nan,0.00,1,1,0,0,0,0.0000,0.000,0,0.000,0,0.000,0,0,search,,SEARCH,3,3,0,0.000,0,0,0
1785621146.212,10.020,-3.625,31.272,0.9828,0,-1.393,1.125,-12.000,0.2665,4.000,1.400,0.000,0.667,19.290,14.000,-3.9716,-0.1042,-3.208,-3.208,-0.104,-8.949,1.200,-2.500,0.0026,0.000,nan,0.00,1,1,0,0,0,0.0000,0.000,0,0.000,0,0.000,0,0,search,,SEARCH,3,3,0,0.000,0,0,0
1785621146.257,10.079,-3.694,32.175,0.9825,0,-1.372,1.194,-12.000,0.2665,4.000,1.400,0.000,0.667,19.290,14.000,-3.8081,-0.1044,-3.044,-3.044,-0.104,-8.992,1.200,-2.500,0.0026,0.000,nan,0.00,1,1,0,0,0,0.0000,0.000,0,0.000,0,0.000,0,0,search,,SEARCH,3,3,0,0.000,0,0,0
1785621146.283,10.139,-3.765,33.114,0.9823,0,-1.351,1.265,-12.000,0.2666,4.000,1.400,0.000,0.667,19.290,14.000,-3.6364,-0.1046,-2.872,-2.872,-0.105,-9.033,1.200,-2.500,0.0026,0.000,nan,0.00,1,1,0,0,0,0.0000,0.000,0,0.000,0,0.000,0,0,search,,SEARCH,3,3,0,0.000,0,0,0
1785621146.317,10.196,-3.832,34.051,0.9820,0,-1.331,1.332,-12.000,0.2667,4.000,1.400,0.000,0.667,19.290,14.000,-3.4638,-0.1049,-2.700,-2.700,-0.105,-9.073,1.200,-2.500,0.0026,0.000,nan,0.00,1,1,0,0,0,0.0000,0.000,0,0.000,0,0.000,0,0,search,,SEARCH,3,3,0,0.000,0,0,0
1785621146.345,10.249,-3.891,34.963,0.9818,0,-1.313,1.391,-12.000,0.2667,4.000,1.400,0.000,0.667,19.290,14.000,-3.2946,-0.1050,-2.531,-2.531,-0.105,-9.109,1.200,-2.500,0.0026,0.000,nan,0.00,1,1,0,0,0,0.0000,0.000,0,0.000,0,0.000,0,0,search,,SEARCH,3,3,0,0.000,0,0,0
1785621146.379,10.296,-3.941,35.866,0.9816,0,-1.296,1.441,-12.000,0.2668,4.000,1.400,0.000,0.667,19.290,14.000,-3.1261,-0.1052,-2.362,-2.362,-0.105,-9.143,1.200,-2.500,0.0026,0.000,nan,0.00,1,1,0,0,0,0.0000,0.000,0,0.000,0,0.000,0,0,search,,SEARCH,3,3,0,0.000,0,0,0
1785621146.410,10.341,-3.986,36.758,0.9814,0,-1.281,1.486,-12.000,0.2668,4.000,1.400,0.000,0.667,19.290,14.000,-2.9587,-0.1054,-2.195,-2.195,-0.105,-9.174,1.200,-2.500,0.0026,0.000,nan,0.00,1,1,0,0,0,0.0000,0.000,0,0.000,0,0.000,1,0,search,,SEARCH,3,3,0,0.000,0,0,0
1785621146.441,10.384,-4.028,37.651,0.9812,0,-1.266,1.528,-12.000,0.2668,4.000,1.400,0.000,0.667,19.290,14.000,-2.7898,-0.1057,-2.026,-2.026,-0.106,-9.205,1.200,-2.500,0.0026,0.000,nan,0.00,1,1,0,0,0,0.0000,0.000,0,0.000,0,0.000,1,0,search,,SEARCH,3,3,0,0.000,0,1,0
1785621146.472,10.424,-4.067,38.514,0.9810,0,-1.252,1.567,-12.000,0.2669,4.000,1.400,0.000,0.667,19.290,14.000,-2.6254,-0.1060,-1.861,-1.861,-0.106,-9.232,1.200,-2.500,0.0026,0.000,nan,0.00,1,1,0,0,0,0.0000,0.000,0,0.000,0,0.000,0,0,search,,SEARCH,3,3,0,0.000,0,0,0
1785621146.502,10.463,-4.103,39.407,0.9809,0,-1.238,1.603,-12.000,0.2669,4.000,1.400,0.000,0.667,19.290,14.000,-2.4548,-0.1063,-1.691,-1.691,-0.106,-9.258,1.200,-2.500,0.0026,0.000,nan,0.00,1,1,0,0,0,0.0000,0.000,0,0.000,0,0.000,0,0,search,,SEARCH,3,3,0,0.000,0,0,0
1785621146.534,10.499,-4.137,40.283,0.9807,0,-1.225,1.637,-12.000,0.2669,4.000,1.400,0.000,0.667,19.290,14.000,-2.2864,-0.1066,-1.522,-1.522,-0.107,-9.281,1.200,-2.500,0.0026,0.000,nan,0.00,1,1,0,0,0,0.0000,0.000,0,0.000,0,0.000,0,0,search,,SEARCH,3,3,0,0.000,0,0,0
1785621146.565,10.534,-4.169,41.155,0.9805,0,-1.213,1.669,-12.000,0.2670,4.000,1.400,0.000,0.667,19.290,14.000,-2.1179,-0.1069,-1.354,-1.354,-0.107,-9.303,1.200,-2.500,0.0026,0.000,nan,0.00,1,1,0,0,0,0.0000,0.000,0,0.000,0,0.000,0,0,search,,SEARCH,3,3,0,0.000,0,0,0
1785621146.596,10.567,-4.197,42.014,0.9804,0,-1.201,1.697,-12.000,0.2670,4.000,1.400,0.000,0.667,19.290,14.000,-1.9508,-0.1073,-1.187,-1.187,-0.107,-9.323,1.200,-2.500,0.0026,0.000,nan,0.00,1,1,0,0,0,0.0000,0.000,0,0.000,0,0.000,0,0,search,,SEARCH,3,3,0,0.000,0,0,0
1785621146.624,10.599,-4.225,42.896,0.9803,0,-1.190,1.725,-12.000,0.2670,4.000,1.400,0.000,0.667,19.290,14.000,-1.7786,-0.1076,-1.015,-1.015,-0.108,-9.341,1.200,-2.500,0.0026,0.000,nan,0.00,1,1,0,0,0,0.0000,0.000,0,0.000,0,0.000,0,0,search,,SEARCH,3,3,0,0.000,0,0,0
1785621146.657,10.630,-4.250,43.775,0.9801,0,-1.179,1.750,-12.000,0.2670,4.000,1.400,0.000,0.667,19.290,14.000,-1.6061,-0.1080,-0.842,-0.842,-0.108,-9.358,1.200,-2.500,0.0026,0.000,nan,0.00,1,1,0,0,0,0.0000,0.000,0,0.000,0,0.000,0,0,search,,SEARCH,3,3,0,0.000,0,0,0
1785621146.690,10.658,-4.273,44.614,0.9800,0,-1.170,1.773,-12.000,0.2670,4.000,1.400,0.000,0.667,19.290,14.000,-1.4408,-0.1083,-0.677,-0.677,-0.108,-9.371,1.200,-2.500,0.0026,0.000,nan,0.00,1,1,0,0,0,0.0000,0.000,0,0.000,0,0.000,0,0,search,,SEARCH,3,3,0,0.000,0,0,0
1785621146.722,10.685,-4.295,45.450,0.9799,0,-1.160,1.795,-12.000,0.2671,4.000,1.400,0.000,0.667,19.290,14.000,-1.2755,-0.1087,-0.511,-0.511,-0.109,-9.383,1.200,-2.500,0.0026,0.000,nan,0.00,1,1,0,0,0,0.0000,0.000,0,0.000,0,0.000,1,0,search,,SEARCH,3,3,0,0.000,0,1,0
1785621146.752,10.685,-4.295,45.450,0.9799,0,-1.160,1.795,-12.000,0.2671,4.000,1.400,0.000,0.667,19.290,14.000,-1.2755,-0.1087,-0.511,-0.511,-0.109,-9.383,1.200,-2.500,0.0026,0.000,nan,0.00,1,1,0,0,0,0.0000,0.000,0,0.000,0,0.000,1,0,search,,SEARCH,3,3,0,0.000,0,1,0
1785621146.788,10.716,-4.318,46.455,0.9798,0,-1.149,1.818,-12.000,0.2671,4.000,1.400,0.000,0.667,19.290,14.000,-1.0753,-0.1091,-0.311,-0.311,-0.109,-9.395,1.200,-2.500,0.0026,0.000,nan,0.00,1,1,0,0,0,0.0000,0.000,0,0.000,0,0.000,1,0,search,,SEARCH,3,3,0,0.000,0,1,0
1785621146.825,10.774,-4.363,48.428,0.9795,0,0.351,1.863,-10.500,0.2671,4.000,-1.400,0.000,0.667,-19.290,-14.000,-0.6798,-0.1099,0.084,0.084,-0.110,-9.411,1.200,-2.500,0.0026,0.000,nan,0.00,1,1,0,0,0,0.0000,0.000,0,0.000,0,0.000,0,0,search,,SEARCH,3,3,0,0.000,0,0,0
1785621146.861,10.767,-4.376,49.261,0.9795,0,1.851,1.876,-9.000,0.2671,4.000,-1.400,0.000,0.667,-19.290,-14.000,-0.5118,-0.1103,0.252,0.252,-0.110,-9.415,1.200,-2.500,0.0026,0.000,nan,0.00,1,1,0,0,0,0.0000,0.000,0,0.000,0,0.000,0,0,search,,SEARCH,3,3,0,0.000,0,0,0
1785621146.888,10.583,-4.352,49.927,0.9802,0,3.351,1.852,-7.500,0.2669,4.000,-1.400,0.000,0.667,-19.290,-14.000,-0.3736,-0.1107,0.390,0.390,-0.111,-9.419,1.200,-2.500,0.0026,0.000,nan,0.00,1,1,0,0,0,0.0000,0.000,0,0.000,0,0.000,0,0,search,,SEARCH,3,3,0,0.000,0,0,0
1785621146.924,10.309,-4.306,50.444,0.9811,0,4.851,1.806,-6.000,0.2666,4.000,-1.400,0.000,0.667,-19.290,-14.000,-0.2637,-0.1112,0.500,0.500,-0.111,-9.423,1.200,-2.500,0.0026,0.000,nan,0.00,1,1,0,0,0,0.0000,0.000,0,0.000,0,0.000,0,0,search,,SEARCH,3,3,0,0.000,0,0,0
1785621146.955,10.309,-4.306,50.444,0.9811,0,6.351,1.806,-4.500,0.2666,4.000,-1.400,0.000,0.667,-19.290,-14.000,-0.2637,-0.1112,0.500,0.500,-0.111,-9.423,1.200,-2.500,0.0026,0.000,nan,0.00,1,1,0,0,0,0.0000,0.000,0,0.000,0,0.000,0,0,search,,SEARCH,3,3,0,0.000,0,0,0
1785621146.984,9.454,-4.164,51.198,0.9838,0,4.851,1.664,-6.000,0.2658,4.000,1.400,0.000,0.667,19.290,14.000,-0.0989,-0.1124,0.665,0.665,-0.112,-9.435,1.200,-2.500,0.0026,0.000,nan,0.00,1,1,0,0,0,0.0000,0.000,0,0.000,0,0.000,1,0,search,,SEARCH,3,3,0,0.000,0,-1,0
1785621147.013,9.454,-4.164,51.198,0.9838,0,3.351,1.664,-7.500,0.2658,4.000,1.400,0.000,0.667,19.290,14.000,-0.0989,-0.1124,0.665,0.665,-0.112,-9.435,1.200,-2.500,0.0026,0.000,nan,0.00,1,1,0,0,0,0.0000,0.000,0,0.000,0,0.000,0,0,search,,SEARCH,3,3,0,0.000,0,-1,0
1785621147.048,8.985,-4.076,51.617,0.9852,0,1.851,1.576,-9.000,0.2654,4.000,1.400,0.000,0.667,19.290,14.000,-0.0085,-0.1129,0.756,0.756,-0.113,-9.442,1.200,-2.500,0.0026,0.000,nan,0.00,1,1,0,0,0,0.0000,0.000,0,0.000,0,0.000,0,0,search,,SEARCH,3,3,0,0.000,0,-1,0
1785621147.075,8.749,-4.048,52.641,0.9859,0,0.351,1.548,-10.500,0.2653,4.000,1.400,0.000,0.667,19.290,14.000,0.1908,-0.1123,0.955,0.955,-0.112,-9.445,1.200,-2.500,0.0026,0.000,nan,0.00,1,1,0,0,0,0.0000,0.000,0,0.000,0,0.000,0,0,search,,SEARCH,3,3,0,0.000,0,-1,0
1785621147.109,8.655,-4.045,53.417,0.9862,0,-1.149,1.545,-12.000,0.2652,4.000,1.400,0.000,0.667,19.290,14.000,0.3391,-0.1115,1.103,1.103,-0.112,-9.443,1.200,-2.500,0.0026,0.000,nan,0.00,1,1,0,0,0,0.0000,0.000,0,0.000,0,0.000,0,0,search,,SEARCH,3,3,0,0.000,0,-1,0
1785621147.139,8.667,-4.053,54.241,0.9861,0,0.351,1.553,-10.500,0.2653,4.000,-1.400,0.000,0.667,-19.290,-14.000,0.4964,-0.1104,1.260,1.260,-0.110,-9.438,1.200,-2.500,0.0026,0.000,nan,0.00,1,1,0,0,0,0.0000,0.000,0,0.000,0,0.000,0,0,search,,SEARCH,3,3,0,0.000,0,0,0
1785621147.172,8.693,-4.064,55.089,0.9860,0,1.851,1.564,-9.000,0.2654,4.000,-1.400,0.000,0.667,-19.290,-14.000,0.6585,-0.1093,1.423,1.423,-0.109,-9.430,1.200,-2.500,0.0026,0.000,nan,0.00,1,1,0,0,0,0.0000,0.000,0,0.000,0,0.000,0,0,search,,SEARCH,3,3,0,0.000,0,0,0
1785621147.203,8.504,-4.040,55.736,0.9865,0,3.351,1.540,-7.500,0.2653,4.000,-1.400,0.000,0.667,-19.290,-14.000,0.7853,-0.1086,1.549,1.549,-0.109,-9.427,1.200,-2.500,0.0026,0.000,nan,0.00,1,1,0,0,0,0.0000,0.000,0,0.000,0,0.000,0,0,search,,SEARCH,3,3,0,0.000,0,0,0
1785621147.235,8.227,-3.997,56.240,0.9873,0,4.851,1.497,-6.000,0.2651,4.000,-1.400,0.000,0.667,-19.290,-14.000,0.8862,-0.1083,1.650,1.650,-0.108,-9.427,1.200,-2.500,0.0026,0.000,nan,0.00,1,1,0,0,0,0.0000,0.000,0,0.000,0,0.000,0,0,search,,SEARCH,3,3,0,0.000,0,0,0
1785621147.266,7.835,-3.939,56.661,0.9883,0,6.351,1.439,-4.500,0.2648,4.000,-1.400,0.000,0.667,-19.290,-14.000,0.9717,-0.1082,1.736,1.736,-0.108,-9.429,1.200,-2.500,0.0026,0.000,nan,0.00,1,1,0,0,0,0.0000,0.000,0,0.000,0,0.000,0,0,search,,SEARCH,3,3,0,0.000,0,0,0
1785621147.296,7.353,-3.873,56.985,0.9895,0,7.474,1.373,-3.000,0.2645,4.000,-1.400,0.000,0.667,-19.290,-14.000,1.0378,-0.1084,1.802,1.802,-0.108,-9.434,1.200,-2.500,0.0026,0.000,nan,0.00,1,1,0,0,0,0.0000,0.000,0,0.000,0,0.000,0,0,search,,SEARCH,3,3,0,0.000,0,0,0
1785621147.329,6.854,-3.802,57.291,0.9907,0,7.299,1.302,-1.500,0.2642,4.000,-1.400,0.000,0.667,-19.290,-14.000,1.0992,-0.1085,1.863,1.863,-0.109,-9.440,1.200,-2.500,0.0026,0.000,nan,0.00,1,1,0,0,0,0.0000,0.000,0,0.000,0,0.000,0,0,search,,SEARCH,3,3,0,0.000,0,0,0
1785621147.358,6.194,-3.699,57.437,0.9921,0,7.068,1.199,0.000,0.2638,4.000,-1.400,0.000,0.667,-19.290,-14.000,1.1325,-0.1081,1.897,1.897,-0.108,-9.455,1.200,-2.500,0.0026,0.000,nan,0.00,1,1,0,0,0,0.0000,0.000,0,0.000,0,0.000,0,0,search,,SEARCH,3,3,0,0.000,0,0,0
1785621147.390,6.194,-3.699,57.437,0.9921,0,7.068,1.199,1.500,0.2638,4.000,-1.400,0.000,0.667,-19.290,-14.000,1.1325,-0.1081,1.897,1.897,-0.108,-9.455,1.200,-2.500,0.0026,0.000,nan,0.00,1,1,0,0,0,0.0000,0.000,0,0.000,0,0.000,0,0,search,,SEARCH,3,3,0,0.000,0,0,0
1785621147.422,5.432,-3.565,57.431,0.9936,0,6.801,1.065,3.000,0.2635,4.000,-1.400,0.000,0.667,-19.290,-14.000,1.1369,-0.1069,1.901,1.901,-0.107,-9.481,1.200,-2.500,0.0026,0.000,nan,0.00,1,1,0,0,0,0.0000,0.000,0,0.000,0,0.000,0,0,search,,SEARCH,3,3,0,0.000,0,0,0
1785621147.449,4.941,-3.473,57.369,0.9945,0,6.629,0.973,4.500,0.2633,4.000,-1.400,0.000,0.667,-19.290,-14.000,1.1271,-0.1061,1.891,1.891,-0.106,-9.500,1.200,-2.500,0.0026,0.000,nan,0.00,1,1,0,0,0,0.0000,0.000,0,0.000,0,0.000,0,0,search,,SEARCH,3,3,0,0.000,0,0,0
1785621147.477,4.454,-3.379,57.205,0.9952,0,6.459,0.879,6.000,0.2631,4.000,-1.400,0.000,0.667,-19.290,-14.000,1.0983,-0.1052,1.862,1.862,-0.105,-9.524,1.200,-2.500,0.0026,0.000,nan,0.00,1,1,0,0,0,0.0000,0.000,0,0.000,0,0.000,0,0,search,,SEARCH,3,3,0,0.000,0,0,0
1785621147.513,3.988,-3.287,56.925,0.9959,0,6.296,0.787,7.500,0.2629,4.000,-1.400,0.000,0.667,-19.290,-14.000,1.0479,-0.1043,1.812,1.812,-0.104,-9.551,1.200,-2.500,0.0026,0.000,nan,0.00,1,1,0,0,0,0.0000,0.000,0,0.000,0,0.000,1,0,search,,SEARCH,3,3,0,0.000,0,1,0
1785621147.545,3.535,-3.195,56.535,0.9965,0,6.137,0.695,9.000,0.2628,4.000,-1.400,0.000,0.667,-19.290,-14.000,0.9762,-0.1034,1.740,1.740,-0.103,-9.581,1.200,-2.500,0.0026,0.000,nan,0.00,1,1,0,0,0,0.0000,0.000,0,0.000,0,0.000,0,0,search,,SEARCH,3,3,0,0.000,0,0,0
1785621147.574,2.992,-3.086,55.919,0.9972,0,5.947,0.586,10.500,0.2627,4.000,-1.400,0.000,0.667,-19.290,-14.000,0.8622,-0.1023,1.626,1.626,-0.102,-9.621,1.200,-2.500,0.0026,0.000,nan,0.00,1,1,0,0,0,0.0000,0.000,0,0.000,0,0.000,1,0,search,,SEARCH,3,3,0,0.000,0,1,0
1785621147.607,2.368,-2.968,55.091,0.9978,0,5.729,0.468,12.000,0.2626,4.000,-1.400,0.000,0.667,-19.290,-14.000,0.7048,-0.1009,1.469,1.469,-0.101,-9.670,1.200,-2.500,0.0026,0.000,nan,0.00,1,1,0,0,0,0.0000,0.000,0,0.000,0,0.000,0,0,search,,SEARCH,3,3,0,0.000,0,0,0
1785621147.634,2.011,-2.904,54.334,0.9981,0,5.604,0.404,12.000,0.2626,4.000,-1.400,0.000,0.667,-19.290,-14.000,0.5634,-0.1000,1.327,1.327,-0.100,-9.704,1.200,-2.500,0.0026,0.000,nan,0.00,1,1,0,0,0,0.0000,0.000,0,0.000,0,0.000,0,0,search,,SEARCH,3,3,0,0.000,0,0,0
1785621147.668,1.634,-2.842,53.517,0.9984,0,5.472,0.342,12.000,0.2625,4.000,-1.400,0.000,0.667,-19.290,-14.000,0.4090,-0.0991,1.173,1.173,-0.099,-9.739,1.200,-2.500,0.0026,0.000,nan,0.00,1,1,0,0,0,0.0000,0.000,0,0.000,0,0.000,0,0,search,,SEARCH,3,3,0,0.000,0,0,0
1785621147.698,1.257,-2.792,52.689,0.9986,0,5.340,0.292,12.000,0.2625,4.000,-1.400,0.000,0.667,-19.290,-14.000,0.2488,-0.0981,1.013,1.013,-0.098,-9.771,1.200,-2.500,0.0026,0.000,nan,0.00,1,1,0,0,0,0.0000,0.000,0,0.000,0,0.000,0,0,search,,SEARCH,3,3,0,0.000,0,0,0
1785621147.729,0.887,-2.752,51.878,0.9987,0,5.211,0.252,12.000,0.2625,4.000,-1.400,0.000,0.667,-19.290,-14.000,0.0890,-0.0972,0.853,0.853,-0.097,-9.800,1.200,-2.500,0.0026,0.000,nan,0.00,1,1,0,0,0,0.0000,0.000,0,0.000,0,0.000,0,0,search,,SEARCH,3,3,0,0.000,0,0,0
1785621147.760,0.535,-2.721,51.079,0.9988,0,5.087,0.221,12.000,0.2625,4.000,-1.400,0.000,0.667,-19.290,-14.000,-0.0709,-0.0963,0.693,0.693,-0.096,-9.825,1.200,-2.500,0.0026,0.000,nan,0.00,1,1,0,0,0,0.0000,0.000,0,0.000,0,0.000,0,0,search,,SEARCH,3,3,0,0.000,0,0,0
1785621147.792,0.196,-2.698,50.286,0.9989,0,4.969,0.198,12.000,0.2626,4.000,-1.400,0.000,0.667,-19.290,-14.000,-0.2323,-0.0955,0.532,0.532,-0.096,-9.848,1.200,-2.500,0.0026,0.000,nan,0.00,1,1,0,0,0,0.0000,0.000,0,0.000,0,0.000,0,0,search,,SEARCH,3,3,0,0.000,0,0,0
1785621147.823,0.121,-2.693,50.108,0.9989,0,4.942,0.193,12.000,0.2626,4.000,-1.400,0.000,0.667,-19.290,-14.000,-0.2688,-0.0954,0.495,0.495,-0.095,-9.852,1.200,-2.500,0.0026,0.000,nan,0.00,1,1,0,0,0,0.0000,0.000,0,0.000,0,0.000,0,0,search,,SEARCH,3,3,0,0.000,0,0,0
1785621147.852,-0.350,-2.672,48.975,0.9989,0,4.777,0.172,12.000,0.2626,4.000,-1.400,0.000,0.667,-19.290,-14.000,-0.5050,-0.0945,0.259,0.259,-0.094,-9.878,1.200,-2.500,0.0026,0.000,nan,0.00,1,1,0,0,0,0.0000,0.000,0,0.000,0,0.000,0,0,search,,SEARCH,3,3,0,0.000,0,0,0
1785621147.885,-0.684,-2.663,48.171,0.9988,0,4.661,0.163,12.000,0.2627,4.000,-1.400,0.000,0.667,-19.290,-14.000,-0.6755,-0.0939,0.088,0.088,-0.094,-9.893,1.200,-2.500,0.0026,0.000,nan,0.00,1,1,0,0,0,0.0000,0.000,0,0.000,0,0.000,1,0,search,,SEARCH,3,3,0,0.000,0,1,0
1785621147.917,-1.024,-2.661,47.324,0.9988,0,4.542,0.161,12.000,0.2627,4.000,-1.400,0.000,0.667,-19.290,-14.000,-0.8573,-0.0932,-0.093,-0.093,-0.093,-9.905,1.200,-2.500,0.0026,0.000,nan,0.00,1,1,0,0,0,0.0000,0.000,0,0.000,0,0.000,1,0,search,,SEARCH,3,3,0,0.000,0,1,0
1785621147.948,-1.368,-2.663,46.460,0.9986,0,4.421,0.163,12.000,0.2628,4.000,-1.400,0.000,0.667,-19.290,-14.000,-1.0442,-0.0924,-0.280,-0.280,-0.092,-9.913,1.200,-2.500,0.0026,0.000,nan,0.00,1,1,0,0,0,0.0000,0.000,0,0.000,0,0.000,0,0,search,,SEARCH,3,3,0,0.000,0,0,0
1785621147.979,-1.680,-2.672,45.637,0.9985,0,4.312,0.172,12.000,0.2628,4.000,-1.400,0.000,0.667,-19.290,-14.000,-1.2243,-0.0917,-0.460,-0.460,-0.092,-9.917,1.200,-2.500,0.0026,0.000,nan,0.00,1,1,0,0,0,0.0000,0.000,0,0.000,0,0.000,0,0,search,,SEARCH,3,3,0,0.000,0,0,0
1785621148.006,-1.984,-2.684,44.808,0.9983,0,4.205,0.184,12.000,0.2629,4.000,-1.400,0.000,0.667,-19.290,-14.000,-1.4074,-0.0909,-0.643,-0.643,-0.091,-9.918,1.200,-2.500,0.0026,0.000,nan,0.00,1,1,0,0,0,0.0000,0.000,0,0.000,0,0.000,0,0,search,,SEARCH,3,3,0,0.000,0,0,0
1785621148.042,-2.282,-2.701,43.974,0.9981,0,4.101,0.201,12.000,0.2630,4.000,-1.400,0.000,0.667,-19.290,-14.000,-1.5931,-0.0900,-0.829,-0.829,-0.090,-9.916,1.200,-2.500,0.0026,0.000,nan,0.00,1,1,0,0,0,0.0000,0.000,0,0.000,0,0.000,0,0,search,,SEARCH,3,3,0,0.000,0,0,0
1785621148.074,-2.620,-2.725,42.999,0.9978,0,3.331,0.225,12.000,0.2632,4.000,-1.400,0.000,0.667,-19.290,-12.137,-1.8126,-0.0889,-1.049,-1.049,-0.089,-9.909,1.200,-2.500,0.0026,0.000,nan,0.00,1,1,0,0,0,0.0000,0.000,0,0.000,0,0.000,0,0,search,,SEARCH,3,3,0,0.000,0,0,0
1785621148.105,-2.926,-2.756,41.815,0.9975,0,1.831,0.256,10.500,0.2633,4.000,1.400,0.000,0.667,19.290,14.000,-2.0820,-0.0876,-1.318,-1.318,-0.088,-9.893,1.200,-2.500,0.0026,0.000,nan,0.00,1,1,0,0,0,0.0000,0.000,0,0.000,0,0.000,0,0,search,,SEARCH,3,3,0,0.000,0,-1,0
1785621148.133,-3.047,-2.774,41.103,0.9974,0,0.331,0.274,9.000,0.2634,4.000,1.400,0.000,0.667,19.290,14.000,-2.2471,-0.0868,-1.483,-1.483,-0.087,-9.881,1.200,-2.500,0.0026,0.000,nan,0.00,1,1,0,0,0,0.0000,0.000,0,0.000,0,0.000,0,0,search,,SEARCH,3,3,0,0.000,0,-1,0
1785621148.166,-3.059,-2.786,40.471,0.9974,0,-0.392,0.286,10.500,0.2634,4.000,-1.400,0.000,0.667,-19.290,-1.938,-2.4009,-0.0861,-1.637,-1.637,-0.086,-9.869,1.200,-2.500,0.0026,0.000,nan,0.00,1,1,0,0,0,0.0000,0.000,0,0.000,0,0.000,0,0,search,,SEARCH,3,3,0,0.000,0,0,0
1785621148.199,-3.010,-2.797,39.816,0.9974,0,-1.342,0.297,12.000,0.2634,4.000,-1.400,0.000,0.667,-19.290,0.823,-2.5583,-0.0856,-1.794,-1.794,-0.086,-9.853,1.200,-2.500,0.0026,0.000,nan,0.00,1,1,0,0,0,0.0000,0.000,0,0.000,0,0.000,1,0,search,,SEARCH,3,3,0,0.000,0,1,0
1785621148.229,-2.903,-2.813,39.005,0.9975,0,-2.842,0.313,10.500,0.2634,4.000,1.400,0.000,0.667,19.290,14.000,-2.7422,-0.0854,-1.978,-1.978,-0.085,-9.830,1.200,-2.500,0.0026,0.000,nan,0.00,1,1,0,0,0,0.0000,0.000,0,0.000,0,0.000,0,0,search,,SEARCH,3,3,0,0.000,0,0,0
1785621148.260,-2.666,-2.829,38.161,0.9977,0,-4.342,0.329,9.000,0.2633,4.000,1.400,0.000,0.667,19.290,14.000,-2.9277,-0.0856,-2.164,-2.164,-0.086,-9.802,1.200,-2.500,0.0026,0.000,nan,0.00,1,1,0,0,0,0.0000,0.000,0,0.000,0,0.000,1,0,search,,SEARCH,3,3,0,0.000,0,1,0
1785621148.291,-2.317,-2.833,37.501,0.9980,0,-5.711,0.333,7.500,0.2632,4.000,1.400,0.000,0.667,19.290,14.000,-3.0781,-0.0860,-2.314,-2.314,-0.086,-9.779,1.200,-2.500,0.0026,0.000,nan,0.00,1,1,0,0,0,0.0000,0.000,0,0.000,0,0.000,0,0,search,,SEARCH,3,3,0,0.000,0,0,0
1785621148.324,-1.869,-2.825,36.997,0.9983,0,-5.554,0.325,6.000,0.2631,4.000,1.400,0.000,0.667,19.290,14.000,-3.1984,-0.0865,-2.434,-2.434,-0.087,-9.760,1.200,-2.500,0.0026,0.000,nan,0.00,1,1,0,0,0,0.0000,0.000,0,0.000,0,0.000,1,0,search,,SEARCH,3,3,0,0.000,0,0,0
1785621148.355,-1.441,-2.812,36.593,0.9985,0,-5.404,0.312,4.500,0.2631,4.000,1.400,0.000,0.667,19.290,14.000,-3.2979,-0.0868,-2.534,-2.534,-0.087,-9.743,1.200,-2.500,0.0026,0.000,nan,0.00,1,1,0,0,0,0.0000,0.000,0,0.000,0,0.000,0,0,search,,SEARCH,3,3,0,0.000,0,0,0
1785621148.387,-1.025,-2.795,36.265,0.9987,0,-5.259,0.295,3.000,0.2630,4.000,1.400,0.000,0.667,19.290,14.000,-3.3828,-0.0869,-2.619,-2.619,-0.087,-9.730,1.200,-2.500,0.0026,0.000,nan,0.00,1,1,0,0,0,0.0000,0.000,0,0.000,0,0.000,0,0,search,,SEARCH,3,3,0,0.000,0,0,0
1785621148.418,-0.942,-2.791,36.203,0.9987,0,-5.230,0.291,1.500,0.2630,4.000,1.400,0.000,0.667,19.290,14.000,-3.3994,-0.0868,-2.635,-2.635,-0.087,-9.727,1.200,-2.500,0.0026,0.000,nan,0.00,1,1,0,0,0,0.0000,0.000,0,0.000,0,0.000,0,0,search,,SEARCH,3,3,0,0.000,0,0,0
1785621148.445,-0.381,-2.763,36.055,0.9988,0,-5.033,0.263,0.000,0.2630,4.000,1.400,0.000,0.667,19.290,14.000,-3.4612,-0.0862,-2.697,-2.697,-0.086,-9.721,1.200,-2.500,0.0026,0.000,nan,0.00,1,1,0,0,0,0.0000,0.000,0,0.000,0,0.000,0,0,search,,SEARCH,3,3,0,0.000,0,0,0
1785621148.478,-0.008,-2.742,36.060,0.9989,0,-4.903,0.242,-1.500,0.2630,4.000,1.400,0.000,0.667,19.290,14.000,-3.4837,-0.0856,-2.720,-2.720,-0.086,-9.721,1.200,-2.500,0.0026,0.000,nan,0.00,1,1,0,0,0,0.0000,0.000,0,0.000,0,0.000,1,0,search,,SEARCH,3,3,0,0.000,0,1,0
1785621148.509,0.373,-2.722,36.084,0.9989,0,-4.769,0.222,-3.000,0.2631,4.000,1.400,0.000,0.667,19.290,14.000,-3.5012,-0.0850,-2.737,-2.737,-0.085,-9.722,1.200,-2.500,0.0026,0.000,nan,0.00,1,1,0,0,0,0.0000,0.000,0,0.000,0,0.000,1,0,search,,SEARCH,3,3,0,0.000,0,1,0
1785621148.541,0.733,-2.706,36.284,0.9988,0,-4.643,0.206,-4.500,0.2631,4.000,1.400,0.000,0.667,19.290,14.000,-3.4847,-0.0842,-2.721,-2.721,-0.084,-9.732,1.200,-2.500,0.0026,0.000,nan,0.00,1,1,0,0,0,0.0000,0.000,0,0.000,0,0.000,0,0,search,,SEARCH,3,3,0,0.000,0,0,0
1785621148.573,1.076,-2.696,36.590,0.9987,0,-4.524,0.196,-6.000,0.2632,4.000,1.400,0.000,0.667,19.290,14.000,-3.4477,-0.0835,-2.684,-2.684,-0.084,-9.747,1.200,-2.500,0.0026,0.000,nan,0.00,1,1,0,0,0,0.0000,0.000,0,0.000,0,0.000,1,0,search,,SEARCH,3,3,0,0.000,0,1,0
