t,roll,pitch,yaw,up,upset,cmd_roll_deg,cmd_pitch_deg,cmd_yaw_deg,thrust,bx,by,bz,blend,bearing_deg,desired_roll,d_lat,d_vert,vY_imu,vY_fused,vD,vX,v_target,pitch_des,elev_i,elev_err,agl,turn_ff,reliable,vision_valid,elev_fresh,is_new_d,bl_found,bl_hdg,bl_conf,bl_hdg_valid,bl_span,bl_paired,bl_cy,bl_gap,src_switch,source,infer_ms,mode,gate,gate_id,peek_side,peek_strength,peek_active,occ_gap,collision
1785623878.575,0.000,-17.800,0.000,0.9521,0,-0.749,15.800,-1.504,0.3127,10.180,0.052,-4.236,1.000,0.294,0.749,-0.0000,-0.0000,-0.002,-0.002,0.000,-0.000,1.528,-2.000,0.0061,-0.922,nan,1.21,1,1,1,1,1,0.0423,1.000,1,0.529,8,0.040,0,0,yolo,187.5,yolo,0,0,0,0.000,0,-1,0
1785623878.619,0.000,-17.800,0.000,0.9521,0,-0.749,15.800,-1.486,0.3128,10.180,0.052,-4.236,1.000,0.294,0.749,0.0000,0.0000,-0.002,-0.002,0.000,-0.000,1.528,-2.000,0.0062,-0.922,nan,1.19,1,1,1,0,1,0.0416,1.000,1,0.529,8,0.040,0,0,yolo,187.5,yolo,0,0,0,0.000,0,-1,0
1785623878.659,0.004,-15.072,0.002,0.9656,0,-1.572,14.300,-1.506,0.3295,10.084,0.060,-4.089,1.000,0.339,1.576,-0.1182,2.0000,-0.001,-0.016,-0.024,-0.007,1.200,-2.000,0.0062,-1.326,nan,1.17,1,1,1,1,1,0.0407,1.000,1,0.529,8,0.047,0,0,yolo,205.7,yolo,0,0,0,0.000,0,-1,0
1785623878.697,0.004,-15.072,0.002,0.9656,0,-0.779,13.072,-1.506,0.3199,10.084,0.060,-4.089,1.000,0.339,0.783,0.0150,-0.0241,-0.001,-0.001,-0.024,-0.007,1.200,-2.000,0.0062,-1.326,nan,1.17,1,1,1,0,1,0.0407,1.000,1,0.529,8,0.047,2,0,yolo,205.7,yolo,0,0,0,0.000,0,-1,0
1785623878.725,0.215,-12.771,0.359,0.9753,0,-0.523,11.572,-1.497,0.3271,10.084,0.060,-4.089,1.000,0.339,0.738,0.0183,-0.0871,0.002,0.002,-0.087,-0.005,1.200,-2.000,0.0062,-1.758,nan,1.16,1,1,1,0,1,0.0404,1.000,1,0.528,8,0.043,0,0,yolo,205.7,yolo,0,0,0,0.000,0,-1,0
1785623878.762,0.215,-12.771,0.359,0.9753,0,-0.523,10.771,-1.490,0.3271,10.084,0.060,-4.089,1.000,0.339,0.738,0.0183,-0.0871,0.002,0.002,-0.087,-0.005,1.200,-2.000,0.0062,-1.758,nan,1.15,1,1,1,0,1,0.0402,1.000,1,0.528,8,0.043,0,0,yolo,205.7,yolo,0,0,0,0.000,0,-1,0
1785623878.797,0.271,-10.644,0.561,0.9828,0,-0.522,9.271,-1.490,0.3360,10.084,0.060,-4.089,1.000,0.339,0.793,-0.0000,-0.0000,0.006,0.006,-0.203,0.010,1.200,-2.000,0.0062,-2.156,nan,1.15,1,1,1,1,1,0.0402,1.000,1,0.528,8,0.043,4,1,anduril,,anduril,0,0,0,0.000,0,-1,0
1785623878.826,0.271,-10.644,0.561,0.9828,0,-0.522,8.644,-1.182,0.3360,10.084,0.060,-4.089,1.000,0.339,0.793,-0.0000,-0.0000,0.006,0.006,-0.203,0.010,1.200,-2.000,0.0062,-2.156,nan,0.84,1,1,1,1,1,0.0294,1.000,1,0.515,8,-0.022,0,0,anduril,,anduril,0,0,0,0.000,0,-1,0
1785623878.854,0.323,-9.057,0.792,0.9875,0,-0.430,7.144,-1.182,0.3344,10.084,0.060,-4.089,1.000,0.339,0.753,-0.0000,-0.0000,0.011,0.011,-0.366,0.045,1.200,-2.000,0.0062,-2.450,nan,0.84,1,1,1,1,1,0.0294,1.000,1,0.515,8,-0.022,0,0,anduril,,anduril,0,0,0,0.000,0,-1,0
1785623878.890,0.323,-9.057,0.792,0.9875,0,-0.430,7.057,-0.951,0.3344,10.084,0.060,-4.089,1.000,0.339,0.753,-0.0000,-0.0000,0.011,0.011,-0.366,0.045,1.200,-2.000,0.0062,-2.450,nan,0.61,1,1,1,1,1,0.0214,1.000,1,0.515,8,-0.022,0,0,anduril,,anduril,0,0,0,0.000,0,-1,0
1785623878.923,0.384,-7.740,0.930,0.9909,0,-0.391,5.740,-0.980,0.3332,10.061,0.064,-3.966,1.000,0.367,0.775,-0.0000,-0.0000,0.017,0.017,-0.602,0.108,1.200,-2.000,0.0062,-2.574,nan,0.61,1,1,1,1,1,0.0214,1.000,1,0.515,8,-0.022,4,0,anduril,,anduril,0,0,0,0.000,0,-1,0
1785623878.953,0.384,-7.740,0.930,0.9909,0,-0.159,5.740,-0.711,0.3332,10.009,0.048,-3.798,1.000,0.275,0.543,-0.0000,-0.0000,0.017,0.017,-0.602,0.108,1.200,-2.000,0.0062,-2.415,nan,0.44,1,1,1,1,1,0.0152,1.000,1,0.435,7,0.151,0,0,anduril,,anduril,0,0,0,0.000,0,-1,0
1785623878.978,0.384,-7.740,0.930,0.9909,0,-0.159,5.740,-0.711,0.3332,10.009,0.048,-3.798,1.000,0.275,0.543,-0.0000,-0.0000,0.017,0.017,-0.602,0.108,1.200,-2.000,0.0062,-2.415,nan,0.44,1,1,1,1,1,0.0152,1.000,1,0.435,7,0.151,0,0,anduril,,anduril,0,0,0,0.000,0,-1,0
1785623879.008,0.410,-6.464,1.064,0.9936,0,-0.074,4.464,-0.578,0.3323,10.009,0.048,-3.798,1.000,0.275,0.484,-0.0000,-0.0000,0.024,0.024,-0.915,0.183,1.200,-2.000,0.0062,-2.647,nan,0.30,1,1,1,1,1,0.0106,1.000,1,0.435,7,0.151,0,0,anduril,,anduril,0,0,0,0.000,0,-1,0
1785623879.049,0.410,-6.464,1.064,0.9936,0,0.358,4.464,-0.334,0.3323,10.063,0.018,-3.451,1.000,0.101,0.052,-0.0000,-0.0000,0.024,0.024,-0.915,0.183,1.200,-2.000,0.0062,-2.296,nan,0.23,1,1,1,1,1,0.0081,1.000,1,0.430,7,0.203,0,0,anduril,,anduril,0,0,0,0.000,0,-1,0
1785623879.076,0.369,-5.568,1.149,0.9953,0,0.369,3.568,-0.334,0.3156,10.063,0.018,-3.451,1.000,0.101,0.001,-0.0000,-0.0000,0.030,0.030,-1.207,0.247,1.200,-2.000,0.0062,-2.458,nan,0.23,1,1,1,1,1,0.0081,1.000,1,0.430,7,0.203,0,0,anduril,,anduril,0,0,0,0.000,0,-1,0
1785623879.101,0.369,-5.568,1.149,0.9953,0,0.369,3.568,-0.280,0.2990,10.063,0.018,-3.451,1.000,0.101,0.001,-0.0000,-0.0000,0.030,0.030,-1.207,0.247,1.200,-2.000,0.0062,-2.458,nan,0.18,1,1,1,1,1,0.0063,1.000,1,0.430,7,0.203,0,0,anduril,,anduril,0,0,0,0.000,0,-1,0
1785623879.142,0.312,-4.911,1.186,0.9963,0,1.869,2.911,-0.110,0.2823,10.101,-0.012,-3.043,1.000,-0.069,-2.021,0.3001,-2.0000,0.035,0.041,-1.428,0.302,1.200,-2.000,0.0062,-2.167,nan,0.18,1,1,1,1,1,0.0063,1.000,1,0.430,7,0.203,3,0,anduril,,anduril,0,0,0,0.000,0,-1,0
1785623879.171,0.312,-4.911,1.186,0.9963,0,0.750,2.911,-0.633,0.2669,10.101,-0.012,-3.043,1.000,-0.069,-0.438,-0.0061,-1.4283,0.035,0.035,-1.428,0.302,1.200,-2.000,0.0062,-2.167,nan,0.70,1,1,1,0,1,0.0245,1.000,1,0.366,6,0.258,0,0,anduril,,anduril,0,0,0,0.000,0,-1,0
1785623879.209,0.185,-4.407,1.295,0.9970,0,0.687,2.407,-2.009,0.2635,10.101,-0.012,-3.043,1.000,-0.069,-0.501,-0.0014,-1.5000,0.040,0.040,-1.552,0.352,1.200,-2.000,0.0062,-2.257,nan,2.08,1,1,1,0,1,0.0725,0.917,1,0.358,5,0.202,0,0,anduril,,anduril,0,0,0,0.000,0,-1,0
1785623879.245,0.185,-4.407,1.295,0.9970,0,2.187,2.407,-1.728,0.2468,10.192,-0.062,-2.670,1.000,-0.350,-5.478,0.7488,-2.0000,0.040,0.102,-1.552,0.352,1.200,-2.000,0.0062,-1.879,nan,2.08,1,1,1,1,1,0.0725,0.917,1,0.358,5,0.202,1,0,anduril,,anduril,0,0,0,0.000,0,-1,0
1785623879.274,-0.160,-4.036,1.546,0.9975,0,0.808,2.036,-2.760,0.2617,10.192,-0.062,-2.670,1.000,-0.350,-0.968,-0.0571,-1.5000,0.045,0.045,-1.575,0.393,1.200,-2.000,0.0062,-1.946,nan,3.11,1,1,1,0,1,0.1085,0.917,1,0.358,5,0.202,0,0,anduril,,anduril,0,0,0,0.000,0,-1,0
1785623879.302,-0.160,-4.036,1.546,0.9975,0,2.308,2.036,-2.106,0.2450,10.289,-0.096,-2.364,1.000,-0.533,-4.169,0.4944,-2.0000,0.045,0.044,-1.575,0.393,1.200,-2.000,0.0062,-1.634,nan,2.64,1,1,1,1,1,0.0921,1.000,1,0.302,5,0.727,0,0,anduril,,anduril,0,0,0,0.000,0,-1,0
1785623879.338,-0.507,-3.710,1.836,0.9979,0,3.093,1.710,-1.926,0.2617,10.308,-0.128,-2.159,1.000,-0.713,-3.600,0.2426,-1.1032,0.046,0.073,-1.523,0.433,1.200,-2.000,0.0062,-1.487,nan,2.64,1,1,1,1,1,0.0921,1.000,1,0.302,5,0.727,4,0,anduril,,anduril,0,0,0,0.000,0,-1,0
1785623879.373,-0.507,-3.710,1.836,0.9979,0,1.593,1.710,-3.426,0.2478,10.308,-0.128,-2.159,1.000,-0.713,-2.033,-0.0265,-1.5000,0.046,0.046,-1.523,0.433,1.200,-2.000,0.0062,-1.487,nan,4.14,1,1,1,0,1,0.1445,1.000,1,0.277,5,0.728,0,0,anduril,,anduril,0,0,0,0.000,0,-1,0
1785623879.413,-0.980,-3.435,2.079,0.9981,0,1.035,1.435,-4.551,0.2540,10.308,-0.128,-2.159,1.000,-0.713,-2.015,-0.0279,-1.3939,0.045,0.045,-1.394,0.470,1.200,-2.000,0.0062,-1.535,nan,5.26,1,1,1,0,1,0.1837,1.000,1,0.277,5,0.728,0,0,anduril,,anduril,0,0,0,0.000,0,-1,0
1785623879.454,-1.137,-3.189,2.764,0.9983,0,2.535,1.189,-6.016,0.2373,10.309,-0.169,-1.987,1.000,-0.939,-6.488,0.6094,-1.9298,0.028,0.131,-1.283,0.503,1.200,-2.000,0.0062,-1.407,nan,6.95,1,1,1,1,1,0.2428,0.900,1,0.287,4,0.745,0,0,anduril,,anduril,0,0,0,0.000,0,-1,0
1785623879.480,-1.137,-3.189,2.764,0.9983,0,1.035,1.189,-6.016,0.2540,10.309,-0.169,-1.987,1.000,-0.939,-2.063,-0.1034,-1.2826,0.028,0.028,-1.283,0.503,1.200,-2.000,0.0062,-1.407,nan,6.95,1,1,1,0,1,0.2428,0.900,1,0.287,4,0.745,0,0,anduril,,anduril,0,0,0,0.000,0,-1,0
1785623879.506,-1.350,-2.972,3.639,0.9984,0,0.438,0.972,-7.061,0.2601,10.309,-0.169,-1.987,1.000,-0.939,-1.788,-0.1240,-1.1976,0.007,0.007,-1.198,0.534,1.200,-2.000,0.0062,-1.445,nan,8.00,1,1,1,0,1,0.2870,0.900,1,0.287,4,0.745,0,0,anduril,,anduril,0,0,0,0.000,0,-1,0
1785623879.549,-1.350,-2.972,3.639,0.9984,0,1.938,0.972,-5.561,0.2434,10.280,-0.212,-1.802,1.000,-1.180,-7.605,0.6491,-2.0000,0.007,0.169,-1.198,0.534,1.200,-2.000,0.0062,-1.261,nan,0.00,1,1,1,1,1,0.0000,0.960,0,0.225,4,0.678,0,0,anduril,,anduril,0,0,0,0.000,0,-1,0
1785623879.589,-1.738,-2.764,4.480,0.9984,0,3.438,0.764,-4.061,0.2267,10.212,-0.248,-1.616,1.000,-1.391,-8.760,1.1285,-2.0000,-0.017,-0.043,-1.107,0.564,1.337,-2.000,0.0062,-1.113,nan,0.00,1,1,1,1,1,0.0000,0.942,0,0.214,4,0.628,0,0,anduril,,anduril,0,0,0,0.000,0,-1,0
1785623879.623,-1.738,-2.764,4.480,0.9984,0,1.938,0.764,-2.561,0.2434,10.212,-0.248,-1.616,1.000,-1.391,-3.334,-0.0000,-0.0000,-0.017,-0.017,-1.107,0.564,1.337,-2.000,0.0062,-1.113,nan,0.00,1,1,1,1,1,0.0000,0.942,0,0.214,4,0.628,2,1,yolo,207.0,yolo,0,0,0,0.000,0,-1,0
1785623879.661,-2.034,-2.636,4.789,0.9983,0,1.131,0.636,-1.061,0.2601,10.212,-0.248,-1.616,1.000,-1.391,-3.165,-0.0000,-0.0000,-0.037,-0.037,-1.040,0.586,1.315,-2.000,0.0062,-1.135,nan,0.00,1,1,1,1,1,0.0000,0.960,0,0.225,4,0.638,0,0,yolo,207.0,yolo,0,0,0,0.000,0,-1,0
1785623879.690,-2.034,-2.636,4.789,0.9983,0,1.131,0.636,0.439,0.2767,10.212,-0.248,-1.616,1.000,-1.391,-3.165,-0.0000,-0.0000,-0.037,-0.037,-1.040,0.586,1.315,-2.000,0.0062,-1.135,nan,0.00,1,1,1,1,1,0.0000,0.960,0,0.225,4,0.638,0,0,yolo,207.0,yolo,0,0,0,0.000,0,-1,0
1785623879.733,-2.190,-2.533,4.861,0.9983,0,1.661,0.533,1.740,0.2934,10.109,-0.307,-1.433,1.000,-1.740,-3.851,-0.0000,-0.0000,-0.059,-0.059,-0.973,0.607,1.478,-2.000,0.0063,-0.972,nan,0.00,1,1,1,1,1,0.0000,0.832,0,0.219,3,0.655,0,0,yolo,190.4,yolo,0,0,0,0.000,0,-1,0
1785623879.770,-2.447,-2.454,4.546,0.9982,0,1.879,0.454,2.001,0.3002,10.080,-0.352,-1.425,1.000,-2.001,-4.326,-0.0000,-0.0000,-0.079,-0.079,-0.925,0.628,1.474,-2.000,0.0064,-0.976,nan,0.00,1,1,1,1,1,0.0000,0.832,0,0.219,3,0.655,1,0,yolo,190.4,yolo,0,0,0,0.000,0,-1,0
1785623879.798,-2.447,-2.454,4.546,0.9982,0,1.879,0.454,2.001,0.3003,10.080,-0.352,-1.425,1.000,-2.001,-4.326,-0.0000,-0.0000,-0.079,-0.079,-0.925,0.628,1.474,-2.000,0.0065,-0.976,nan,0.00,1,1,1,1,1,0.0000,0.948,0,0.217,4,0.684,0,0,yolo,190.4,yolo,0,0,0,0.000,0,-1,0
1785623879.832,-2.731,-2.388,4.226,0.9980,0,1.396,0.388,2.001,0.3007,10.080,-0.352,-1.425,1.000,-2.001,-4.127,-0.0000,-0.0000,-0.103,-0.103,-0.908,0.648,1.464,-2.000,0.0066,-0.986,nan,0.00,1,1,1,1,1,0.0000,0.948,0,0.217,4,0.684,0,0,yolo,190.4,yolo,0,0,0,0.000,0,-1,0
1785623879.871,-2.731,-2.388,4.226,0.9980,0,2.896,0.388,2.791,0.3001,9.994,-0.487,-1.404,1.000,-2.791,-6.096,-0.0000,-0.0000,-0.103,-0.103,-0.908,0.648,1.489,-2.000,0.0067,-0.961,nan,0.00,1,1,1,1,1,0.0000,0.948,0,0.217,4,0.684,3,0,yolo,190.4,yolo,0,0,0,0.000,0,-1,0
1785623879.897,-3.164,-2.343,3.822,0.9976,0,2.724,0.343,2.791,0.3004,9.994,-0.487,-1.404,1.000,-2.791,-5.888,-0.0000,-0.0000,-0.127,-0.127,-0.979,0.667,1.485,-2.000,0.0068,-0.965,nan,0.00,1,1,1,1,1,0.0000,0.823,0,0.212,3,0.685,0,0,yolo,190.4,yolo,0,0,0,0.000,0,-1,0
1785623879.928,-3.164,-2.343,3.822,0.9976,0,3.399,0.343,3.064,0.2889,9.916,-0.531,-1.017,1.000,-3.064,-6.563,-0.0000,-0.0000,-0.127,-0.127,-0.979,0.667,1.870,-2.000,0.0068,-0.580,nan,0.00,1,1,1,1,1,0.0000,0.823,0,0.212,3,0.685,0,0,yolo,183.6,yolo,0,0,0,0.000,0,-1,0
1785623879.962,-3.684,-2.310,3.378,0.9971,0,3.148,0.310,3.333,0.2722,9.887,-0.576,-1.010,1.000,-3.333,-6.833,-0.0293,-1.0690,-0.156,-0.156,-1.069,0.687,1.879,-2.000,0.0069,-0.571,nan,0.00,1,1,1,0,1,0.0000,0.823,0,0.212,3,0.685,4,0,yolo,183.6,yolo,0,0,0,0.000,0,-1,0
1785623879.989,-3.684,-2.310,3.378,0.9971,0,3.148,0.310,3.333,0.2556,9.887,-0.576,-1.010,1.000,-3.333,-6.833,-0.0293,-1.0690,-0.156,-0.156,-1.069,0.687,1.879,-2.000,0.0069,-0.571,nan,0.00,1,1,1,0,1,0.0000,0.821,0,0.211,3,0.698,0,0,yolo,183.6,yolo,0,0,0,0.000,0,-1,0
1785623880.018,-4.131,-2.291,2.918,0.9966,0,2.258,-0.209,3.333,0.2390,9.887,-0.576,-1.010,1.000,-3.333,-6.389,-0.0617,-1.1099,-0.189,-0.189,-1.110,0.706,1.880,-2.500,0.0070,-0.570,nan,0.00,1,1,1,0,1,0.0000,0.821,0,0.211,3,0.698,0,0,yolo,183.6,yolo,0,0,0,0.000,0,-1,0
1785623880.055,-4.131,-2.291,2.918,0.9966,0,2.258,-0.209,3.333,0.2390,9.887,-0.576,-1.010,1.000,-3.333,-6.389,-0.0617,-1.1099,-0.189,-0.189,-1.110,0.706,1.880,-2.500,0.0071,-0.570,nan,0.00,1,1,1,0,1,0.0000,0.821,0,0.211,3,0.698,2,0,yolo,183.6,yolo,0,0,0,0.000,0,-1,0
1785623880.083,-4.426,-2.357,2.486,0.9962,0,1.464,-0.143,3.333,0.2396,9.887,-0.576,-1.010,1.000,-3.333,-5.889,-0.0983,-1.0911,-0.225,-0.225,-1.091,0.723,1.895,-2.500,0.0071,-0.555,nan,0.00,1,1,1,0,1,0.0000,0.412,0,0.140,1,0.667,0,0,yolo,183.6,yolo,0,0,0,0.000,0,-1,0
1785623880.128,-4.426,-2.357,2.486,0.9962,0,2.933,-0.143,3.436,0.2229,9.145,-0.549,-0.570,1.000,-3.436,-7.359,0.0819,-2.0000,-0.225,-0.175,-1.091,0.723,2.200,-2.500,0.0071,-0.150,nan,0.00,1,1,1,1,1,0.0000,0.412,0,0.140,1,0.667,0,0,yolo,183.4,yolo,0,0,0,0.000,0,-1,0
1785623880.156,-4.613,-2.404,2.057,0.9959,0,1.433,-0.096,3.436,0.2301,9.145,-0.549,-0.570,1.000,-3.436,-5.652,-0.0903,-1.0262,-0.265,-0.265,-1.026,0.741,2.200,-2.500,0.0071,-0.140,nan,0.00,1,1,1,0,1,0.0000,0.548,0,0.173,1,0.716,0,0,yolo,183.4,yolo,0,0,0,0.000,0,-1,0
1785623880.183,-4.613,-2.404,2.057,0.9959,0,1.038,-0.096,3.436,0.2301,9.145,-0.549,-0.570,1.000,-3.436,-5.652,-0.0903,-1.0262,-0.265,-0.265,-1.026,0.741,2.200,-2.500,0.0072,-0.140,nan,0.00,1,1,1,0,1,0.0000,0.548,0,0.173,1,0.716,0,0,yolo,183.4,yolo,0,0,0,0.000,0,-1,0
1785623880.223,-4.754,-2.454,1.582,0.9956,0,0.261,-0.046,3.436,0.2355,9.145,-0.549,-0.570,1.000,-3.436,-5.015,-0.1345,-0.9015,-0.310,-0.310,-0.902,0.761,2.200,-2.500,0.0072,-0.131,nan,0.00,1,1,1,0,1,0.0000,0.548,0,0.173,1,0.716,2,0,yolo,183.4,yolo,0,0,0,0.000,0,-1,0
1785623880.252,-4.754,-2.454,1.582,0.9956,0,0.261,-0.046,3.436,0.2356,9.145,-0.549,-0.570,1.000,-3.436,-5.015,-0.1345,-0.9015,-0.310,-0.310,-0.902,0.761,2.200,-2.500,0.0072,-0.131,nan,0.00,1,1,1,0,1,0.0000,0.550,0,0.175,1,0.720,0,0,yolo,183.4,yolo,0,0,0,0.000,0,-1,0
1785623880.279,-4.776,-2.499,1.091,0.9956,0,1.761,-0.001,3.466,0.2189,9.164,-0.555,-0.378,1.000,-3.466,-6.612,0.0295,-1.2015,-0.357,-0.235,-0.740,0.783,2.200,-2.500,0.0072,0.069,nan,0.00,1,1,1,1,1,0.0000,0.550,0,0.175,1,0.720,0,0,yolo,186.8,yolo,0,0,0,0.000,0,-1,0
1785623880.318,-4.776,-2.499,1.091,0.9956,0,0.261,-0.001,3.466,0.2356,9.164,-0.555,-0.378,1.000,-3.466,-4.711,-0.1221,-0.7402,-0.357,-0.357,-0.740,0.783,2.200,-2.500,0.0072,0.069,nan,0.00,1,1,1,0,1,0.0000,0.547,0,0.172,1,0.729,0,0,yolo,186.8,yolo,0,0,0,0.000,0,-1,0
1785623880.345,-5.052,-2.538,0.610,0.9951,0,-0.989,0.038,3.466,0.2440,9.164,-0.555,-0.378,1.000,-3.466,-4.063,-0.1672,-0.5765,-0.403,-0.403,-0.576,0.805,2.200,-2.500,0.0072,0.079,nan,0.00,1,1,1,0,1,0.0000,0.547,0,0.172,1,0.729,0,0,yolo,186.8,yolo,0,0,0,0.000,0,-1,0
1785623880.379,-5.052,-2.538,0.610,0.9951,0,-0.989,0.038,3.466,0.2440,9.164,-0.555,-0.378,1.000,-3.466,-4.063,-0.1672,-0.5765,-0.403,-0.403,-0.576,0.805,2.200,-2.500,0.0071,0.079,nan,0.00,1,1,1,0,1,0.0000,0.547,0,0.172,1,0.729,2,0,yolo,186.8,yolo,0,0,0,0.000,0,-1,0
1785623880.406,-4.847,-2.572,0.140,0.9954,0,-1.467,0.072,3.466,0.2500,9.164,-0.555,-0.378,1.000,-3.466,-3.380,-0.2148,-0.4398,-0.450,-0.450,-0.440,0.827,2.200,-2.500,0.0071,0.082,nan,0.00,1,1,1,0,1,0.0000,0.547,0,0.172,1,0.731,0,0,yolo,186.8,yolo,0,0,0,0.000,0,-1,0
1785623880.435,-4.847,-2.572,0.140,0.9954,0,-1.467,0.072,3.466,0.2500,9.164,-0.555,-0.378,1.000,-3.466,-3.380,-0.2148,-0.4398,-0.450,-0.450,-0.440,0.827,2.200,-2.500,0.0071,0.082,nan,0.00,1,1,1,0,1,0.0000,0.547,0,0.172,1,0.731,0,0,yolo,186.8,yolo,0,0,0,0.000,0,-1,0
1785623880.464,-4.606,-2.601,-0.356,0.9957,0,-1.890,0.101,3.466,0.2556,9.164,-0.555,-0.378,1.000,-3.466,-2.716,-0.2610,-0.3123,-0.496,-0.496,-0.312,0.850,2.200,-2.500,0.0071,0.084,nan,0.00,1,1,1,0,1,0.0000,0.547,0,0.172,1,0.738,0,0,yolo,186.8,yolo,0,0,0,0.000,0,-1,0
1785623880.505,-4.606,-2.601,-0.356,0.9957,0,-3.390,0.101,1.966,0.2535,8.623,0.032,0.235,1.000,0.211,5.471,-0.0000,-0.0000,-0.496,-0.496,-0.312,0.850,1.828,-2.500,0.0071,0.622,nan,0.00,1,1,1,1,1,0.0000,0.402,0,0.127,1,0.748,0,0,yolo,194.3,yolo,0,0,0,0.000,0,-1,0
1785623880.543,-4.238,-2.620,-0.801,0.9962,0,-4.890,0.120,0.466,0.2434,8.623,0.032,0.235,1.000,0.211,6.069,-0.0400,-0.2160,-0.536,-0.536,-0.216,0.873,1.824,-2.500,0.0070,0.626,nan,0.00,1,1,1,0,1,0.0000,0.404,0,0.130,1,0.751,0,0,yolo,194.3,yolo,0,0,0,0.000,0,-1,0
1785623880.574,-4.238,-2.620,-0.801,0.9962,0,-6.390,0.120,-0.211,0.2434,8.623,0.032,0.235,1.000,0.211,6.069,-0.0400,-0.2160,-0.536,-0.536,-0.216,0.873,1.824,-2.500,0.0069,0.626,nan,0.00,1,1,1,0,1,0.0000,0.404,0,0.130,1,0.751,0,0,yolo,194.3,yolo,0,0,0,0.000,0,-1,0
1785623880.611,-3.463,-2.598,-0.760,0.9971,0,-7.890,0.098,-0.211,0.2477,8.623,0.032,0.235,1.000,0.211,6.689,-0.0815,-0.1159,-0.578,-0.578,-0.116,0.891,1.827,-2.500,0.0069,0.623,nan,0.00,1,1,1,0,1,0.0000,0.554,0,0.179,1,0.738,0,0,yolo,194.3,yolo,0,0,0,0.000,0,-1,0
1785623880.653,-2.271,-2.582,-0.735,0.9982,0,-6.620,0.082,-0.220,0.2501,8.584,0.033,0.246,1.000,0.220,4.349,-0.0080,-0.0489,-0.602,-0.376,-0.051,0.908,1.819,-2.500,0.0068,0.631,nan,0.00,1,1,1,1,1,0.0000,0.554,0,0.179,1,0.738,0,0,yolo,178.3,yolo,0,0,0,0.000,0,-1,0
1785623880.683,-2.271,-2.582,-0.735,0.9982,0,-8.120,0.082,-0.220,0.2500,8.584,0.033,0.246,1.000,0.220,7.701,-0.2262,-0.0514,-0.602,-0.602,-0.051,0.908,1.819,-2.500,0.0067,0.631,nan,0.00,1,1,1,0,1,0.0000,0.408,0,0.135,1,0.739,0,0,yolo,178.3,yolo,0,0,0,0.000,0,-1,0
1785623880.745,-1.211,-2.570,-0.710,0.9988,0,-9.046,0.070,-0.220,0.2521,8.584,0.033,0.246,1.000,0.220,7.835,-0.2351,0.0002,-0.611,-0.611,0.000,0.923,1.820,-2.500,0.0067,0.630,nan,0.00,1,1,1,0,1,0.0000,0.408,0,0.135,1,0.739,1,0,yolo,178.3,yolo,0,0,0,0.000,0,-1,0
1785623880.777,-0.105,-2.559,-0.682,0.9990,0,-7.881,0.059,-0.220,0.2544,8.584,0.033,0.246,1.000,0.220,7.776,-0.2312,0.0524,-0.607,-0.607,0.052,0.937,1.821,-2.500,0.0066,0.629,nan,0.00,1,1,1,0,1,0.0000,0.549,0,0.174,1,0.734,0,0,yolo,178.3,yolo,0,0,0,0.000,0,-1,0
1785623880.808,-0.105,-2.559,-0.682,0.9990,0,-7.881,0.059,-0.220,0.2543,8.584,0.033,0.246,1.000,0.220,7.776,-0.2312,0.0524,-0.607,-0.607,0.052,0.937,1.821,-2.500,0.0066,0.629,nan,0.00,1,1,1,0,1,0.0000,0.549,0,0.174,1,0.734,0,0,yolo,178.3,yolo,0,0,0,0.000,0,-1,0
1785623880.840,1.012,-2.550,-0.654,0.9989,0,-6.938,0.050,-0.672,0.2563,8.341,0.098,0.242,1.000,0.672,7.949,-0.3947,0.0882,-0.589,-0.417,0.107,0.952,1.836,-2.500,0.0065,0.614,nan,0.00,1,1,1,1,1,0.0000,0.669,0,0.183,2,0.710,0,0,yolo,181.7,yolo,0,0,0,0.000,0,-1,0
1785623880.885,1.982,-2.546,-0.560,0.9984,0,-6.193,0.046,-0.672,0.2591,8.341,0.098,0.242,1.000,0.672,8.175,-0.1439,0.1490,-0.561,-0.561,0.149,0.966,1.835,-2.500,0.0064,0.615,nan,0.00,1,1,1,0,1,0.0000,0.556,0,0.181,1,0.707,0,0,yolo,181.7,yolo,0,0,0,0.000,0,-1,0
1785623880.914,1.982,-2.546,-0.560,0.9984,0,-6.193,0.046,-0.672,0.2590,8.341,0.098,0.242,1.000,0.672,8.175,-0.1439,0.1490,-0.561,-0.561,0.149,0.966,1.835,-2.500,0.0064,0.615,nan,0.00,1,1,1,0,1,0.0000,0.556,0,0.181,1,0.707,0,0,yolo,181.7,yolo,0,0,0,0.000,0,-1,0
1785623880.947,2.939,-2.543,-0.467,0.9977,0,-4.693,0.043,-0.672,0.2609,8.341,0.098,0.242,1.000,0.672,7.542,-0.1025,0.1880,-0.520,-0.520,0.188,0.981,1.834,-2.500,0.0063,0.616,nan,0.00,1,1,1,0,1,0.0000,0.565,0,0.190,1,0.689,0,0,yolo,181.7,yolo,0,0,0,0.000,0,-1,0
1785623880.973,2.939,-2.543,-0.467,0.9977,0,-4.603,0.043,-0.672,0.2608,8.341,0.098,0.242,1.000,0.672,7.542,-0.1025,0.1880,-0.520,-0.520,0.188,0.981,1.834,-2.500,0.0063,0.616,nan,0.00,1,1,1,0,1,0.0000,0.565,0,0.190,1,0.689,0,0,yolo,181.7,yolo,0,0,0,0.000,0,-1,0
1785623881.015,3.585,-2.541,-0.383,0.9971,0,-6.103,0.041,-2.172,0.2562,7.349,0.430,0.141,1.000,3.345,13.890,-0.0000,-0.0000,-0.476,-0.476,0.217,0.994,1.957,-2.500,0.0062,0.493,nan,0.00,1,1,1,1,1,0.0000,0.565,0,0.190,1,0.689,3,0,yolo,167.6,yolo,0,0,0,0.000,0,-1,0
1785623881.045,3.585,-2.541,-0.383,0.9971,0,-7.603,0.041,-3.345,0.2659,7.349,0.430,0.141,1.000,3.345,13.890,0.0000,0.2175,-0.476,-0.476,0.217,0.994,1.957,-2.500,0.0062,0.493,nan,0.00,1,1,1,0,1,0.0000,0.464,0,0.205,0,0.690,0,0,yolo,167.6,yolo,0,0,0,0.000,0,-1,0
1785623881.070,4.450,-2.558,-0.090,0.9960,0,-8.644,0.058,-3.345,0.2671,7.349,0.430,0.141,1.000,3.345,13.094,0.0480,0.2446,-0.428,-0.428,0.245,1.005,1.948,-2.500,0.0061,0.502,nan,0.00,1,1,1,0,1,0.0000,0.464,0,0.205,0,0.690,0,0,yolo,167.6,yolo,0,0,0,0.000,0,-1,0
1785623881.102,4.450,-2.558,-0.090,0.9960,0,-8.644,0.058,-3.345,0.2671,7.349,0.430,0.141,1.000,3.345,13.094,0.0480,0.2446,-0.428,-0.428,0.245,1.005,1.948,-2.500,0.0061,0.502,nan,0.00,1,1,1,0,1,0.0000,0.464,0,0.205,0,0.690,0,0,yolo,167.6,yolo,0,0,0,0.000,0,-1,0
1785623881.132,5.754,-2.592,0.389,0.9939,0,-7.144,0.092,-3.345,0.2682,7.349,0.430,0.141,1.000,3.345,12.019,0.1127,0.2676,-0.363,-0.363,0.268,1.017,1.934,-2.500,0.0060,0.516,nan,0.00,1,1,1,0,1,0.0000,0.575,0,0.200,1,0.731,0,0,yolo,167.6,yolo,0,0,0,0.000,0,-1,0
1785623881.168,5.754,-2.592,0.389,0.9939,0,-6.265,0.092,-3.345,0.2682,7.349,0.430,0.141,1.000,3.345,12.019,0.1127,0.2676,-0.363,-0.363,0.268,1.017,1.934,-2.500,0.0059,0.516,nan,0.00,1,1,1,0,1,0.0000,0.706,0,0.213,2,0.731,0,0,yolo,167.6,yolo,0,0,0,0.000,0,-1,0
1785623881.203,6.616,-2.620,0.766,0.9923,0,-4.765,0.120,-2.811,0.2515,7.657,0.376,0.138,1.000,2.811,6.197,0.5360,-0.1086,-0.300,-0.165,0.282,1.027,1.920,-2.500,0.0059,0.530,nan,0.00,1,1,1,1,1,0.0000,0.706,0,0.213,2,0.731,0,0,yolo,177.2,yolo,0,0,0,0.000,0,-1,0
1785623881.249,7.282,-2.645,1.119,0.9909,0,-3.265,0.145,-2.811,0.2682,7.657,0.376,0.138,1.000,2.811,9.778,-0.0557,0.3122,-0.221,-0.221,0.312,1.040,1.912,-2.500,0.0058,0.538,nan,0.00,1,1,1,0,1,0.0000,0.300,0,0.249,1,0.701,0,0,yolo,177.2,yolo,0,0,0,0.000,0,-1,0
1785623881.278,7.282,-2.645,1.119,0.9909,0,-2.496,0.145,-2.811,0.2702,7.657,0.376,0.138,1.000,2.811,9.778,-0.0557,0.3122,-0.221,-0.221,0.312,1.040,1.912,-2.500,0.0058,0.538,nan,0.00,1,1,1,0,1,0.0000,0.300,0,0.249,1,0.701,0,0,yolo,177.2,yolo,0,0,0,0.000,0,-1,0
1785623881.302,7.673,-2.676,1.529,0.9900,0,-0.996,0.176,-2.811,0.2715,7.657,0.376,0.138,1.000,2.811,8.337,0.0333,0.3415,-0.132,-0.132,0.342,1.054,1.906,-2.500,0.0057,0.544,nan,0.00,1,1,1,0,1,0.0000,0.599,0,0.249,1,0.701,0,0,yolo,177.2,yolo,0,0,0,0.000,0,-1,0
1785623881.333,7.673,-2.676,1.529,0.9900,0,-0.664,0.176,-2.811,0.2715,7.657,0.376,0.138,1.000,2.811,8.337,0.0333,0.3415,-0.132,-0.132,0.342,1.054,1.906,-2.500,0.0057,0.544,nan,0.00,1,1,1,0,1,0.0000,0.746,0,0.247,2,0.713,0,0,yolo,177.2,yolo,0,0,0,0.000,0,-1,0
1785623881.365,7.807,-2.707,1.992,0.9896,0,0.836,0.207,-2.811,0.2722,7.657,0.376,0.138,1.000,2.811,6.710,0.1338,0.3605,-0.032,-0.032,0.361,1.072,1.901,-2.500,0.0056,0.549,nan,0.00,1,1,1,0,1,0.0000,0.746,0,0.247,2,0.713,0,0,yolo,177.2,yolo,0,0,0,0.000,0,-1,0
1785623881.396,7.807,-2.707,1.992,0.9896,0,-0.664,0.207,-3.242,0.2690,7.447,0.422,0.097,1.000,3.242,10.336,-0.3363,0.2628,-0.032,-0.048,0.361,1.072,1.945,-2.500,0.0056,0.505,nan,0.00,1,1,1,1,1,0.0000,0.746,0,0.247,2,0.713,0,0,yolo,210.1,yolo,0,0,0,0.000,0,-1,0
1785623881.427,7.918,-2.737,2.442,0.9893,0,0.836,0.237,-3.242,0.2739,7.447,0.422,0.097,1.000,3.242,7.053,0.0971,0.3733,0.049,0.049,0.373,1.087,1.940,-2.500,0.0055,0.510,nan,0.00,1,1,1,0,1,0.0000,0.722,0,0.227,2,0.704,0,0,yolo,210.1,yolo,0,0,0,0.000,0,-1,0
1785623881.458,7.919,-2.737,2.446,0.9893,0,0.877,0.237,-3.242,0.2739,7.447,0.422,0.097,1.000,3.242,7.042,0.0977,0.3734,0.050,0.050,0.373,1.087,1.940,-2.500,0.0055,0.510,nan,0.00,1,1,1,0,1,0.0000,0.722,0,0.227,2,0.704,0,0,yolo,210.1,yolo,0,0,0,0.000,0,-1,0
1785623881.489,7.919,-2.737,2.446,0.9893,0,0.877,0.237,-3.242,0.2739,7.447,0.422,0.097,1.000,3.242,7.042,0.0977,0.3734,0.050,0.050,0.373,1.087,1.940,-2.500,0.0054,0.510,nan,0.00,1,1,1,0,1,0.0000,0.722,0,0.227,2,0.704,0,0,yolo,210.1,yolo,0,0,0,0.000,0,-1,0
1785623881.518,7.765,-2.763,2.917,0.9897,0,2.051,0.263,-3.242,0.2730,7.447,0.422,0.097,1.000,3.242,5.714,0.1781,0.3600,0.130,0.130,0.360,1.103,1.938,-2.500,0.0054,0.512,nan,0.00,1,1,1,0,1,0.0000,0.149,0,0.121,0,0.675,0,0,yolo,210.1,yolo,0,0,0,0.000,0,-1,0
1785623881.553,7.765,-2.763,2.917,0.9897,0,2.051,0.263,-3.242,0.2730,7.447,0.422,0.097,1.000,3.242,5.714,0.1781,0.3600,0.130,0.130,0.360,1.103,1.938,-2.500,0.0053,0.512,nan,0.00,1,1,1,0,1,0.0000,0.149,0,0.121,0,0.675,0,0,yolo,210.1,yolo,0,0,0,0.000,0,-1,0
1785623881.584,7.765,-2.763,2.917,0.9897,0,2.051,0.263,-3.242,0.2729,7.447,0.422,0.097,1.000,3.242,5.714,0.1781,0.3600,0.130,0.130,0.360,1.103,1.938,-2.500,0.0053,0.512,nan,0.00,1,1,1,0,1,0.0000,0.149,0,0.121,0,0.675,0,0,yolo,210.1,yolo,0,0,0,0.000,0,-1,0
1785623881.613,7.296,-2.792,3.609,0.9907,0,3.322,0.292,-3.242,0.2713,7.447,0.422,0.097,1.000,3.242,3.974,0.2835,0.3320,0.236,0.236,0.332,1.128,1.937,-2.500,0.0052,0.513,nan,0.00,1,1,1,0,1,0.0000,0.149,0,0.121,0,0.675,0,0,yolo,210.1,yolo,0,0,0,0.000,0,-1,0
1785623881.644,7.296,-2.792,3.609,0.9907,0,3.322,0.292,-3.242,0.2712,7.447,0.422,0.097,1.000,3.242,3.974,0.2835,0.3320,0.236,0.236,0.332,1.128,1.937,-2.500,0.0052,0.513,nan,0.00,1,1,1,0,1,0.0000,0.298,0,0.121,0,0.675,0,0,yolo,210.1,yolo,0,0,0,0.000,0,-1,0
1785623881.680,6.681,-2.803,4.131,0.9920,0,2.096,0.303,-3.242,0.2559,7.447,0.422,0.097,1.000,3.242,4.586,-0.0000,-0.0000,0.306,0.306,0.310,1.147,1.940,-2.500,0.0051,0.510,nan,0.00,1,1,1,1,1,0.0000,0.331,0,0.176,2,0.732,0,1,anduril,,anduril,0,0,0,0.000,0,-1,0
1785623881.719,6.681,-2.803,4.131,0.9920,0,2.427,0.303,-3.143,0.2572,7.276,0.400,0.061,1.000,3.143,4.254,-0.0000,-0.0000,0.306,0.306,0.310,1.147,1.987,-2.500,0.0051,0.463,nan,0.00,1,1,1,1,1,0.0000,0.331,0,0.176,2,0.732,0,0,anduril,,anduril,0,0,0,0.000,0,-1,0
1785623881.752,6.113,-2.809,4.637,0.9931,0,2.945,0.309,-3.026,0.2585,7.105,0.376,0.024,1.000,3.026,3.168,-0.0000,-0.0000,0.364,0.364,0.286,1.166,2.038,-2.500,0.0050,0.412,nan,0.00,1,1,1,1,1,0.0000,0.331,0,0.176,2,0.732,1,0,anduril,,anduril,0,0,0,0.000,0,-1,0
1785623881.783,6.113,-2.809,4.637,0.9931,0,2.945,0.309,-3.026,0.2584,7.105,0.376,0.024,1.000,3.026,3.168,-0.0000,-0.0000,0.364,0.364,0.286,1.166,2.038,-2.500,0.0050,0.412,nan,0.00,1,1,1,1,1,0.0000,0.331,0,0.176,2,0.732,0,0,anduril,,anduril,0,0,0,0.000,0,-1,0
1785623881.812,5.597,-2.804,5.098,0.9940,0,3.944,0.304,-2.773,0.2611,6.761,0.327,-0.050,1.000,2.773,1.653,-0.0000,-0.0000,0.416,0.416,0.297,1.184,2.137,-2.500,0.0050,0.313,nan,0.00,1,1,1,1,1,0.0000,0.661,0,0.175,2,0.728,0,0,anduril,,anduril,0,0,0,0.000,0,-1,0
1785623881.842,5.597,-2.804,5.098,0.9940,0,3.944,0.304,-2.773,0.2611,6.761,0.327,-0.050,1.000,2.773,1.653,-0.0000,-0.0000,0.416,0.416,0.297,1.184,2.137,-2.500,0.0049,0.313,nan,0.00,1,1,1,1,1,0.0000,0.661,0,0.175,2,0.728,0,0,anduril,,anduril,0,0,0,0.000,0,-1,0
1785623881.883,4.911,-2.791,5.513,0.9951,0,5.444,0.291,-2.329,0.2653,6.164,0.251,-0.160,1.000,2.329,-0.566,-0.0000,-0.0000,0.458,0.458,0.314,1.202,2.200,-2.500,0.0049,0.162,nan,0.00,1,1,1,1,1,0.0000,0.661,0,0.175,2,0.728,3,0,anduril,,anduril,0,0,0,0.000,0,-1,0
1785623881.909,4.911,-2.791,5.513,0.9951,0,5.478,0.291,-3.829,0.2653,6.164,0.251,-0.160,1.000,2.329,-0.566,-0.0000,-0.0000,0.458,0.458,0.314,1.202,2.200,-2.500,0.0049,0.162,nan,8.00,1,1,1,1,1,0.7447,0.800,1,0.252,3,0.675,0,0,anduril,,anduril,0,0,0,0.000,0,-1,0
1785623881.945,4.911,-2.791,5.513,0.9951,0,6.610,0.291,-5.329,0.2672,5.890,0.204,-0.204,0.982,1.983,-1.698,-0.0000,-0.0000,0.458,0.458,0.314,1.202,2.200,-2.500,0.0049,0.101,nan,8.00,1,1,1,1,1,0.7447,0.800,1,0.252,3,0.675,0,0,anduril,,anduril,0,0,0,0.000,0,-1,0
1785623881.982,4.040,-2.789,6.074,0.9963,0,6.676,0.289,-6.829,0.2838,5.627,0.155,-0.250,0.938,1.582,-2.636,0.5904,0.9823,0.482,0.250,0.333,1.219,2.200,-2.500,0.0049,0.035,nan,8.00,1,1,1,1,1,0.7447,0.800,1,0.252,3,0.675,2,0,anduril,,anduril,0,0,0,0.000,0,0,0
1785623882.013,3.017,-2.788,6.880,0.9974,0,7.422,0.288,-5.329,0.2843,5.627,0.155,-0.250,0.938,1.582,-4.405,0.2386,0.3477,0.488,0.488,0.348,1.239,2.200,-2.500,0.0049,0.032,nan,0.00,1,1,1,0,1,0.0000,0.763,0,0.170,3,0.659,0,0,anduril,,anduril,0,0,0,0.000,0,0,0
1785623882.045,3.017,-2.788,6.880,0.9974,0,7.422,0.288,-3.829,0.2843,5.627,0.155,-0.250,0.938,1.582,-4.405,0.2386,0.3477,0.488,0.488,0.348,1.239,2.200,-2.500,0.0049,0.032,nan,0.00,1,1,1,0,1,0.0000,0.763,0,0.170,3,0.659,0,0,anduril,,anduril,0,0,0,0.000,0,0,0
1785623882.077,1.799,-2.763,7.301,0.9983,0,5.922,0.263,-2.329,0.2889,5.524,0.111,-0.267,0.921,1.154,-4.113,0.6188,0.4363,0.487,0.274,0.316,1.255,2.200,-2.500,0.0049,0.003,nan,0.00,1,1,1,1,1,0.0000,0.148,0,0.117,0,0.662,0,0,anduril,,anduril,0,0,0,0.000,0,-1,0
1785623882.117,1.799,-2.763,7.301,0.9983,0,6.110,0.263,-0.899,0.2722,5.524,0.111,-0.267,0.921,1.154,-4.311,-0.0000,-0.0000,0.487,0.487,0.316,1.255,2.200,-2.500,0.0049,0.003,nan,0.00,1,1,1,1,1,0.0000,0.146,0,0.111,0,0.652,0,1,yolo,261.3,yolo,0,0,0,0.000,0,-1,0
1785623882.147,0.828,-2.725,7.355,0.9988,0,5.080,0.225,-0.899,0.2693,5.524,0.111,-0.267,0.921,1.154,-4.252,-0.0000,-0.0000,0.482,0.482,0.281,1.267,2.200,-2.500,0.0049,-0.003,nan,0.00,1,1,1,1,1,0.0000,0.146,0,0.111,0,0.652,0,0,yolo,261.3,yolo,0,0,0,0.000,0,-1,0
1785623882.190,0.828,-2.725,7.355,0.9988,0,6.580,0.225,-0.418,0.2699,5.580,0.041,-0.290,0.930,0.418,-5.934,-0.0000,-0.0000,0.482,0.482,0.281,1.267,2.200,-2.500,0.0049,-0.024,nan,0.00,1,1,1,1,1,0.0000,0.292,0,0.111,0,0.652,2,1,anduril,,anduril,0,0,0,0.000,0,-1,0
1785623882.230,-0.333,-2.686,7.415,0.9989,0,5.339,0.186,-0.418,0.2700,5.580,0.041,-0.290,0.930,0.418,-5.672,-0.0000,-0.0000,0.464,0.464,0.245,1.280,2.200,-2.500,0.0049,-0.028,nan,0.00,1,1,1,1,1,0.0000,0.198,0,0.120,1,0.638,0,0,anduril,,anduril,0,0,0,0.000,0,-1,0
1785623882.273,-0.333,-2.686,7.415,0.9989,0,6.839,0.186,0.346,0.2706,5.425,-0.033,-0.303,0.904,-0.346,-7.422,-0.0000,-0.0000,0.464,0.464,0.245,1.280,2.200,-2.500,0.0049,-0.049,nan,0.00,1,1,1,1,1,0.0000,0.243,0,0.111,2,0.622,0,0,anduril,,anduril,0,0,0,0.000,0,-1,0
1785623882.307,-1.308,-2.651,7.482,0.9987,0,5.656,0.151,0.894,0.2708,5.425,-0.033,-0.303,0.904,-0.346,-6.964,-0.0000,-0.0000,0.432,0.432,0.225,1.292,2.200,-2.500,0.0049,-0.051,nan,0.00,1,1,1,1,1,0.0000,0.486,0,0.111,2,0.622,0,1,yolo,199.9,yolo,0,0,0,0.000,0,-1,0
1785623882.346,-1.308,-2.651,7.482,0.9987,0,6.299,0.151,1.199,0.2713,5.379,-0.060,-0.317,0.896,-0.637,-7.608,-0.0000,-0.0000,0.432,0.432,0.225,1.292,2.200,-2.500,0.0049,-0.067,nan,0.00,1,1,1,1,1,0.0000,0.377,0,0.097,1,0.617,0,0,yolo,199.9,yolo,0,0,0,0.000,0,-1,0
1785623882.373,-2.123,-2.635,7.329,0.9983,0,5.086,0.135,1.199,0.2714,5.379,-0.060,-0.317,0.896,-0.637,-7.209,-0.0000,-0.0000,0.404,0.404,0.217,1.300,2.200,-2.500,0.0049,-0.067,nan,0.00,1,1,1,1,1,0.0000,0.377,0,0.097,1,0.617,0,0,yolo,199.9,yolo,0,0,0,0.000,0,-1,0
1785623882.399,-2.825,-2.623,7.174,0.9977,0,3.910,0.123,1.199,0.2716,5.379,-0.060,-0.317,0.896,-0.637,-6.735,-0.0000,-0.0000,0.371,0.371,0.206,1.307,2.200,-2.500,0.0049,-0.068,nan,0.00,1,1,1,1,1,0.0000,0.377,0,0.097,1,0.617,0,0,yolo,199.9,yolo,0,0,0,0.000,0,-1,0
1785623882.432,-2.825,-2.623,7.174,0.9977,0,5.410,0.123,2.699,0.2737,5.159,-0.144,-0.384,0.860,-1.600,-8.739,-0.0000,-0.0000,0.371,0.371,0.206,1.307,2.200,-2.500,0.0049,-0.140,nan,0.00,1,1,1,1,1,0.0000,0.253,0,0.046,1,0.557,0,0,yolo,187.6,yolo,0,0,0,0.000,0,-1,0
1785623882.463,-3.588,-2.627,6.805,0.9970,0,4.632,0.127,2.941,0.2739,5.159,-0.144,-0.384,0.860,-1.600,-8.220,-0.0000,-0.0000,0.335,0.335,0.188,1.313,2.200,-2.500,0.0049,-0.137,nan,0.00,1,1,1,1,1,0.0000,0.253,0,0.046,1,0.557,0,0,yolo,187.6,yolo,0,0,0,0.000,0,-1,0
1785623882.494,-3.588,-2.627,6.805,0.9970,0,4.632,0.127,2.941,0.2739,5.159,-0.144,-0.384,0.860,-1.600,-8.220,-0.0000,-0.0000,0.335,0.335,0.188,1.313,2.200,-2.500,0.0049,-0.137,nan,0.00,1,1,1,1,1,0.0000,0.253,0,0.046,1,0.557,0,0,yolo,187.6,yolo,0,0,0,0.000,0,-1,0
1785623882.524,-3.588,-2.627,6.805,0.9970,0,4.632,0.127,2.941,0.2739,5.159,-0.144,-0.384,0.860,-1.600,-8.220,-0.0000,-0.0000,0.335,0.335,0.188,1.313,2.200,-2.500,0.0050,-0.137,nan,0.00,1,1,1,1,1,0.0000,0.253,0,0.046,1,0.557,0,0,yolo,187.6,yolo,0,0,0,0.000,0,-1,0
1785623882.554,-4.388,-2.637,6.342,0.9960,0,3.708,0.137,3.285,0.2745,5.113,-0.171,-0.398,0.852,-1.917,-8.097,-0.0000,-0.0000,0.281,0.281,0.159,1.321,2.200,-2.500,0.0050,-0.148,nan,0.00,1,1,1,1,1,0.0000,0.165,0,0.037,0,0.535,0,0,yolo,187.6,yolo,0,0,0,0.000,0,-1,0
1785623882.586,-4.955,-2.650,5.932,0.9952,0,2.547,0.150,3.457,0.2808,5.090,-0.185,-0.405,0.848,-2.078,-7.502,-0.0495,0.1308,0.231,0.231,0.131,1.328,2.200,-2.500,0.0050,-0.152,nan,0.00,1,1,1,0,1,0.0000,0.243,0,0.031,1,0.516,0,0,yolo,187.6,yolo,0,0,0,0.000,0,-1,0
1785623882.616,-4.961,-2.650,5.927,0.9952,0,2.530,0.150,3.457,0.2808,5.090,-0.185,-0.405,0.848,-2.078,-7.492,-0.0500,0.1304,0.231,0.231,0.130,1.328,2.200,-2.500,0.0050,-0.152,nan,0.00,1,1,1,0,1,0.0000,0.243,0,0.031,1,0.516,0,0,yolo,187.6,yolo,0,0,0,0.000,0,-1,0
1785623882.654,-5.294,-2.668,5.492,0.9947,0,1.748,0.168,2.078,0.2750,5.090,-0.185,-0.405,0.848,-2.078,-7.042,-0.0000,-0.0000,0.184,0.184,0.097,1.334,2.200,-2.500,0.0050,-0.149,nan,0.00,1,1,1,1,1,0.0000,0.242,0,0.029,1,0.507,0,1,anduril,,anduril,0,0,0,0.000,0,-1,0
1785623882.683,-5.294,-2.668,5.492,0.9947,0,1.748,0.168,2.078,0.2750,5.090,-0.185,-0.405,0.848,-2.078,-7.042,-0.0000,-0.0000,0.184,0.184,0.097,1.334,2.200,-2.500,0.0050,-0.149,nan,0.00,1,1,1,1,1,0.0000,0.242,0,0.029,1,0.507,0,0,anduril,,anduril,0,0,0,0.000,0,-1,0
1785623882.710,-5.551,-2.666,5.232,0.9942,0,0.692,0.166,2.078,0.2751,5.090,-0.185,-0.405,0.848,-2.078,-6.243,-0.0000,-0.0000,0.128,0.128,0.060,1.341,2.200,-2.500,0.0051,-0.148,nan,0.00,1,1,1,1,1,0.0000,0.242,0,0.029,1,0.507,0,0,anduril,,anduril,0,0,0,0.000,0,-1,0
1785623882.739,-5.553,-2.666,5.230,0.9942,0,0.015,0.166,2.121,0.2769,4.232,-0.157,-0.422,0.705,-2.121,-5.568,-0.0000,-0.0000,0.128,0.128,0.060,1.341,2.046,-2.500,0.0051,-0.207,nan,0.00,1,1,1,1,1,0.0000,0.081,0,0.028,0,0.493,0,0,anduril,,anduril,0,0,0,0.000,0,-1,0
1785623882.775,-5.539,-2.669,4.955,0.9943,0,-0.723,0.169,2.121,0.2769,4.232,-0.157,-0.422,0.705,-2.121,-4.817,-0.0000,-0.0000,0.075,0.075,0.024,1.348,2.046,-2.500,0.0051,-0.207,nan,0.00,1,1,1,1,1,0.0000,0.081,0,0.028,0,0.493,0,0,anduril,,anduril,0,0,0,0.000,0,-1,0
1785623882.802,-5.539,-2.669,4.955,0.9943,0,-0.723,0.169,2.121,0.2769,4.232,-0.157,-0.422,0.705,-2.121,-4.817,-0.0000,-0.0000,0.075,0.075,0.024,1.348,2.046,-2.500,0.0051,-0.207,nan,0.00,1,1,1,1,1,0.0000,0.161,0,0.028,0,0.493,0,0,anduril,,anduril,0,0,0,0.000,0,-1,0
1785623882.833,-5.432,-2.671,4.652,0.9944,0,-1.503,0.171,3.621,0.2772,4.037,-0.152,-0.424,0.673,-2.159,-3.929,-0.0000,-0.0000,0.021,0.021,-0.018,1.356,2.007,-2.500,0.0051,-0.219,nan,0.00,1,1,1,1,1,0.0000,0.247,0,0.037,1,0.489,0,1,yolo,341.2,yolo,0,0,0,0.000,0,-1,0
1785623882.870,-5.432,-2.671,4.652,0.9944,0,-1.119,0.171,2.380,0.2780,4.049,-0.168,-0.451,0.675,-2.380,-4.312,-0.0000,-0.0000,0.021,0.021,-0.018,1.356,2.010,-2.500,0.0052,-0.244,nan,0.00,1,1,1,1,1,0.0000,0.247,0,0.037,1,0.489,2,1,anduril,,anduril,0,0,0,0.000,0,-1,0
1785623882.908,-5.267,-2.675,4.329,0.9947,0,-1.941,0.175,2.377,0.2789,3.759,-0.156,-0.466,0.626,-2.377,-3.326,-0.0000,-0.0000,-0.028,-0.028,-0.058,1.364,1.934,-2.500,0.0052,-0.274,nan,0.00,1,1,1,1,1,0.0000,0.173,0,0.058,0,0.498,2,0,anduril,,anduril,0,0,0,0.000,0,-1,0
1785623882.935,-5.267,-2.675,4.329,0.9947,0,-1.941,0.175,2.377,0.2789,3.759,-0.156,-0.466,0.626,-2.377,-3.326,-0.0000,-0.0000,-0.028,-0.028,-0.058,1.364,1.934,-2.500,0.0052,-0.274,nan,0.00,1,1,1,1,1,0.0000,0.259,0,0.056,1,0.497,0,0,anduril,,anduril,0,0,0,0.000,0,-1,0
1785623882.958,-4.959,-2.678,3.993,0.9952,0,-2.308,0.178,2.377,0.2788,3.759,-0.156,-0.466,0.626,-2.377,-2.651,-0.0000,-0.0000,-0.075,-0.075,-0.104,1.372,1.933,-2.500,0.0052,-0.275,nan,0.00,1,1,1,1,1,0.0000,0.259,0,0.056,1,0.497,0,0,anduril,,anduril,0,0,0,0.000,0,-1,0
1785623882.991,-4.959,-2.678,3.993,0.9952,0,-2.530,0.178,2.442,0.2799,3.441,-0.147,-0.484,0.573,-2.442,-2.429,-0.0000,-0.0000,-0.075,-0.075,-0.104,1.372,1.848,-2.500,0.0053,-0.308,nan,0.00,1,1,1,1,1,0.0000,0.245,0,0.114,2,0.485,0,0,anduril,,anduril,0,0,0,0.000,0,-1,0
1785623883.024,-4.959,-2.678,3.993,0.9952,0,-2.530,0.178,2.442,0.2799,3.441,-0.147,-0.484,0.573,-2.442,-2.429,-0.0000,-0.0000,-0.075,-0.075,-0.104,1.372,1.848,-2.500,0.0053,-0.308,nan,0.00,1,1,1,1,1,0.0000,0.489,0,0.114,2,0.485,0,0,anduril,,anduril,0,0,0,0.000,0,-1,0
1785623883.052,-4.539,-2.678,3.630,0.9958,0,-3.069,0.178,3.795,0.2805,3.181,-0.133,-0.493,0.530,-2.388,-1.470,-0.0000,-0.0000,-0.118,-0.118,-0.158,1.381,1.784,-2.500,0.0053,-0.332,nan,0.00,1,1,1,1,1,0.0000,0.484,0,0.109,2,0.504,0,1,yolo,229.3,yolo,0,0,0,0.000,0,-1,0
1785623883.084,-4.095,-2.691,3.125,0.9963,0,-3.018,0.191,3.795,0.2804,3.181,-0.133,-0.493,0.530,-2.388,-1.076,-0.0000,-0.0000,-0.146,-0.146,-0.206,1.389,1.784,-2.500,0.0054,-0.332,nan,0.00,1,1,1,1,1,0.0000,0.484,0,0.109,2,0.504,0,0,yolo,229.3,yolo,0,0,0,0.000,0,-1,0
1785623883.123,-4.095,-2.691,3.125,0.9963,0,-3.220,0.191,3.676,0.2815,3.224,-0.124,-0.530,0.537,-2.207,-0.875,-0.0000,-0.0000,-0.146,-0.146,-0.206,1.389,1.769,-2.500,0.0054,-0.367,nan,0.00,1,1,1,1,1,0.0000,0.287,0,0.103,3,0.508,0,0,yolo,229.3,yolo,0,0,0,0.000,0,-1,0
1785623883.156,-3.625,-2.695,2.653,0.9969,0,-3.889,0.195,3.975,0.2829,3.091,-0.091,-0.572,0.515,-1.687,0.264,-0.0000,-0.0000,-0.170,-0.170,-0.258,1.396,1.714,-2.500,0.0054,-0.419,nan,0.00,1,1,1,1,1,0.0000,0.126,0,0.044,1,0.503,0,0,yolo,154.2,yolo,0,0,0,0.000,0,-1,0
1785623883.193,-3.088,-2.696,2.186,0.9974,0,-3.598,0.196,3.975,0.2828,3.091,-0.091,-0.572,0.515,-1.687,0.510,-0.0000,-0.0000,-0.187,-0.187,-0.310,1.404,1.713,-2.500,0.0055,-0.420,nan,0.00,1,1,1,1,1,0.0000,0.252,0,0.044,1,0.503,0,0,yolo,154.2,yolo,0,0,0,0.000,0,-1,0
1785623883.223,-3.088,-2.696,2.186,0.9974,0,-3.699,0.196,3.912,0.2834,3.113,-0.087,-0.591,0.519,-1.598,0.611,-0.0000,-0.0000,-0.187,-0.187,-0.310,1.404,1.705,-2.500,0.0055,-0.438,nan,0.00,1,1,1,1,1,0.0000,0.256,0,0.052,1,0.466,0,0,yolo,154.2,yolo,0,0,0,0.000,0,-1,0
1785623883.255,-2.588,-2.694,1.709,0.9979,0,-3.377,0.194,3.912,0.2834,3.113,-0.087,-0.591,0.519,-1.598,0.789,-0.0000,-0.0000,-0.200,-0.200,-0.363,1.411,1.705,-2.500,0.0056,-0.439,nan,0.00,1,1,1,1,1,0.0000,0.256,0,0.052,1,0.466,0,0,yolo,154.2,yolo,0,0,0,0.000,0,-1,0
1785623883.291,-2.588,-2.694,1.709,0.9979,0,-3.579,0.194,3.786,0.2845,3.155,-0.078,-0.627,0.526,-1.422,0.991,-0.0000,-0.0000,-0.200,-0.200,-0.363,1.411,1.690,-2.500,0.0056,-0.474,nan,0.00,1,1,1,1,0,0.0000,0.000,0,0.000,0,0.000,0,0,yolo,154.2,yolo,0,0,0,0.000,0,-1,0
1785623883.329,-2.040,-2.686,1.198,0.9983,0,-2.079,0.315,3.517,0.3011,3.056,-0.086,-0.681,0.509,-1.616,-0.341,0.0621,0.3588,-0.210,-0.131,-0.426,1.419,1.638,-2.371,0.0057,-0.534,nan,0.00,1,1,1,1,0,0.0000,0.000,0,0.000,0,0.000,0,0,yolo,152.5,yolo,0,0,0,0.000,0,-1,0
1785623883.354,-2.040,-2.686,1.198,0.9983,0,-3.186,0.263,3.180,0.2845,3.056,-0.086,-0.681,0.509,-1.616,1.145,-0.0787,-0.4264,-0.210,-0.210,-0.426,1.419,1.638,-2.423,0.0057,-0.534,nan,0.00,1,1,1,0,0,0.0000,0.000,0,0.000,0,0.000,0,0,yolo,152.5,yolo,0,0,0,0.000,0,-1,0
1785623883.377,-2.040,-2.686,1.198,0.9983,0,-3.186,0.226,2.928,0.2678,3.056,-0.086,-0.681,0.509,-1.616,1.145,-0.0787,-0.4264,-0.210,-0.210,-0.426,1.419,1.638,-2.460,0.0058,-0.534,nan,0.00,1,1,1,0,0,0.0000,0.000,0,0.000,0,0.000,0,0,yolo,152.5,yolo,0,0,0,0.000,0,-1,0
1785623883.413,-1.500,-2.657,0.750,0.9986,0,-2.775,0.283,2.738,0.2638,3.056,-0.086,-0.681,0.509,-1.616,1.275,-0.0864,-0.5013,-0.217,-0.217,-0.501,1.427,1.636,-2.373,0.0058,-0.537,nan,0.00,1,1,1,0,0,0.0000,0.000,0,0.000,0,0.000,0,0,yolo,152.5,yolo,0,0,0,0.000,0,-1,0
1785623883.438,-1.089,-2.624,0.403,0.9988,0,-2.421,0.298,2.596,0.2620,3.056,-0.086,-0.681,0.509,-1.616,1.333,-0.0898,-0.5416,-0.221,-0.221,-0.542,1.434,1.635,-2.326,0.0059,-0.539,nan,0.00,1,1,1,0,0,0.0000,0.000,0,0.000,0,0.000,0,0,yolo,152.5,yolo,0,0,0,0.000,0,-1,0
1785623883.475,-1.089,-2.624,0.403,0.9988,0,-0.977,0.332,2.632,0.2787,2.859,-0.084,-0.684,0.476,-1.688,-0.111,0.0358,0.1174,-0.221,-0.139,-0.542,1.434,1.600,-2.292,0.0059,-0.551,nan,0.00,1,1,1,1,0,0.0000,0.000,0,0.000,0,0.000,0,0,yolo,164.5,yolo,0,0,0,0.000,0,-1,0
1785623883.504,-0.940,-2.579,0.048,0.9989,0,-2.285,0.338,2.585,0.2620,2.859,-0.084,-0.684,0.476,-1.688,1.345,-0.0821,-0.5784,-0.221,-0.221,-0.578,1.440,1.598,-2.241,0.0060,-0.553,nan,0.00,1,1,1,0,0,0.0000,0.000,0,0.000,0,0.000,0,0,yolo,164.5,yolo,0,0,0,0.000,0,-1,0
1785623883.537,-0.940,-2.579,0.048,0.9989,0,-2.285,0.292,2.550,0.2609,2.859,-0.084,-0.684,0.476,-1.688,1.345,-0.0821,-0.5784,-0.221,-0.221,-0.578,1.440,1.598,-2.287,0.0061,-0.553,nan,0.00,1,1,1,0,1,0.0000,0.253,0,0.047,1,0.448,0,0,yolo,164.5,yolo,0,0,0,0.000,0,-1,0
1785623883.577,-0.536,-2.538,-0.317,0.9990,0,-1.839,0.298,2.523,0.2605,2.859,-0.084,-0.684,0.476,-1.688,1.303,-0.0795,-0.5906,-0.218,-0.218,-0.591,1.446,1.597,-2.241,0.0061,-0.556,nan,0.00,1,1,1,0,1,0.0000,0.253,0,0.047,1,0.448,0,0,yolo,164.5,yolo,0,0,0,0.000,0,-1,0
1785623883.608,-0.536,-2.538,-0.317,0.9990,0,-1.839,0.257,2.503,0.2605,2.859,-0.084,-0.684,0.476,-1.688,1.303,-0.0795,-0.5906,-0.218,-0.218,-0.591,1.446,1.597,-2.281,0.0062,-0.556,nan,0.00,1,1,1,0,1,0.0000,0.256,0,0.052,1,0.442,0,0,yolo,164.5,yolo,0,0,0,0.000,0,-1,0
1785623883.654,-0.249,-2.503,-0.652,0.9990,0,-1.455,0.257,2.488,0.2611,2.859,-0.084,-0.684,0.476,-1.688,1.206,-0.0738,-0.5810,-0.212,-0.212,-0.581,1.451,1.596,-2.246,0.0062,-0.558,nan,0.00,1,1,1,0,1,0.0000,0.256,0,0.052,1,0.442,0,0,yolo,164.5,yolo,0,0,0,0.000,0,-1,0
1785623883.686,-0.049,-2.470,-0.939,0.9991,0,-1.143,0.238,2.477,0.2622,2.859,-0.084,-0.684,0.476,-1.688,1.094,-0.0670,-0.5577,-0.206,-0.206,-0.558,1.454,1.594,-2.232,0.0063,-0.560,nan,0.00,1,1,1,0,1,0.0000,0.378,0,0.097,1,0.440,0,0,yolo,164.5,yolo,0,0,0,0.000,0,-1,0
1785623883.717,-0.049,-2.470,-0.939,0.9991,0,-1.143,0.202,2.468,0.2623,2.859,-0.084,-0.684,0.476,-1.688,1.094,-0.0670,-0.5577,-0.206,-0.206,-0.558,1.454,1.594,-2.268,0.0063,-0.560,nan,0.00,1,1,1,0,1,0.0000,0.378,0,0.097,1,0.440,0,0,yolo,164.5,yolo,0,0,0,0.000,0,-1,0
1785623883.748,0.132,-2.441,-1.257,0.9991,0,-2.643,1.177,0.968,0.2624,4.000,0.239,0.000,0.233,3.417,2.971,-0.0000,-0.5430,-0.196,-0.196,-0.543,1.457,1.200,-1.264,0.0063,-0.543,nan,0.00,0,1,0,1,1,0.0000,0.474,0,0.099,2,0.441,0,1,blueline,,BLUELINE,0,0,0,0.000,0,-1,0
1785623883.779,0.132,-2.441,-1.257,0.9991,0,-2.838,1.149,-0.532,0.2620,4.000,0.239,0.000,0.233,3.417,2.971,0.0000,-0.5430,-0.196,-0.196,-0.543,1.457,1.200,-1.292,0.0063,-0.527,nan,0.00,0,1,0,0,1,0.0000,0.474,0,0.099,2,0.441,0,0,blueline,,BLUELINE,0,0,0,0.000,0,-1,0
1785623883.815,0.527,-2.281,-1.167,0.9992,0,-1.338,1.487,0.000,0.2624,nan,nan,nan,0.000,0.000,1.566,0.0000,-0.5214,-0.196,-0.196,-0.521,1.459,1.000,-0.794,0.0063,-0.511,nan,0.00,0,0,0,0,1,0.0000,0.579,0,0.108,3,0.434,1,0,,,FLYING,0,0,0,0.000,0,-1,0
1785623883.842,0.527,-2.281,-1.167,0.9992,0,-1.039,1.469,0.000,0.2620,nan,nan,nan,0.000,0.000,1.566,0.0000,-0.5214,-0.196,-0.196,-0.521,1.459,1.000,-0.812,0.0063,-0.496,nan,0.00,0,0,0,0,1,0.0000,0.582,0,0.110,3,0.436,0,0,,,FLYING,0,0,0,0.000,0,-1,0
1785623883.877,0.674,-2.088,-1.134,0.9993,0,-0.847,1.258,0.000,0.2621,nan,nan,nan,0.000,0.000,1.521,0.0000,-0.5083,-0.190,-0.190,-0.508,1.458,1.000,-0.830,0.0063,-0.481,nan,0.00,0,0,0,0,1,0.0000,0.582,0,0.110,3,0.436,2,0,,,FLYING,0,0,0,0.000,0,-1,0
1785623883.907,0.793,-1.926,-1.160,0.9993,0,-0.659,1.056,0.000,0.2620,nan,nan,nan,0.000,0.000,1.452,0.0000,-0.4998,-0.181,-0.181,-0.500,1.456,1.000,-0.870,0.0063,-0.467,nan,0.00,0,0,0,0,1,0.0000,0.295,0,0.116,3,0.443,0,0,,,FLYING,0,0,0,0.000,0,-1,0
1785623883.936,0.793,-1.926,-1.160,0.9993,0,-0.659,1.058,0.000,0.2616,nan,nan,nan,0.000,0.000,1.452,0.0000,-0.4998,-0.181,-0.181,-0.500,1.456,1.000,-0.868,0.0063,-0.453,nan,0.00,0,0,0,0,1,0.0000,0.590,0,0.116,3,0.443,2,0,,,FLYING,0,0,0,0.000,0,-1,0
1785623883.964,0.882,-1.797,-1.154,0.9994,0,-0.507,0.881,0.000,0.2615,nan,nan,nan,0.000,0.000,1.389,0.0000,-0.4934,-0.174,-0.174,-0.493,1.452,1.000,-0.916,0.0063,-0.439,nan,0.00,0,0,0,0,1,0.0000,0.593,0,0.119,3,0.440,0,0,,,FLYING,0,0,0,0.000,0,-1,0
1785623883.993,0.882,-1.797,-1.154,0.9994,0,-0.507,0.895,0.000,0.2611,nan,nan,nan,0.000,0.000,1.389,0.0000,-0.4934,-0.174,-0.174,-0.493,1.452,1.000,-0.902,0.0063,-0.426,nan,0.00,0,0,0,0,1,0.0000,0.593,0,0.119,3,0.440,0,0,,,FLYING,0,0,0,0.000,0,-1,0
1785623884.025,0.956,-1.678,-1.153,0.9994,0,-2.007,-0.004,-1.500,0.2611,4.000,1.183,0.000,0.667,16.475,14.000,-0.0000,-0.4848,-0.164,-0.164,-0.485,1.446,1.285,-1.683,0.0063,-0.413,nan,0.00,1,1,0,1,1,0.0000,0.589,0,0.115,3,0.444,0,0,blueline,,BLUELINE,0,0,0,0.000,0,-1,0
1785623884.056,0.956,-1.678,-1.153,0.9994,0,-3.507,0.018,-3.000,0.2607,4.000,1.183,0.000,0.667,16.475,14.000,0.0000,-0.4848,-0.164,-0.164,-0.485,1.446,1.286,-1.660,0.0063,-0.401,nan,0.00,1,1,0,0,1,0.0000,0.589,0,0.115,3,0.444,0,0,blueline,,BLUELINE,0,0,0,0.000,0,-1,0
1785623884.087,1.235,-1.694,-0.969,0.9993,0,-4.900,0.175,-4.500,0.2608,4.000,0.957,0.000,0.233,13.450,6.136,2.1114,-0.4758,-0.160,-0.160,-0.476,1.439,1.200,-1.519,0.0063,-0.389,nan,0.00,0,1,0,1,1,0.0000,0.400,0,0.308,3,0.506,0,0,blueline,,BLUELINE,0,0,0,0.000,0,-1,0
1785623884.118,1.522,-1.708,-0.754,0.9992,0,-6.400,0.134,-6.000,0.2609,4.000,0.957,0.000,0.233,13.450,8.562,0.0064,-0.4659,-0.153,-0.153,-0.466,1.432,1.200,-1.574,0.0063,-0.377,nan,0.00,0,1,0,0,1,0.0000,0.400,0,0.308,3,0.506,0,0,blueline,,BLUELINE,0,0,0,0.000,0,-1,0
1785623884.149,1.522,-1.708,-0.754,0.9992,0,-7.900,-0.792,-7.500,0.2606,4.000,0.779,0.000,0.667,11.019,11.986,2.5457,-0.4659,-0.153,-0.153,-0.466,1.432,1.612,-2.500,0.0063,-0.366,nan,0.00,1,1,0,1,1,0.0000,1.000,0,0.307,5,0.297,0,0,blueline,,BLUELINE,0,0,0,0.000,0,-1,0
1785623884.181,2.571,-1.861,0.223,0.9985,0,-9.400,-0.639,-9.000,0.2609,4.000,0.779,0.000,0.667,11.019,14.000,-0.0076,-0.4547,-0.161,-0.161,-0.455,1.424,1.617,-2.500,0.0063,-0.355,nan,0.00,1,1,0,0,1,0.0000,1.000,0,0.307,5,0.297,0,0,blueline,,BLUELINE,0,0,0,0.000,0,-1,0
1785623884.218,2.571,-1.861,0.223,0.9985,0,-7.900,0.303,-10.500,0.2606,4.000,0.833,0.000,0.233,11.758,7.628,-0.0000,-0.4547,-0.161,-0.161,-0.455,1.424,1.200,-1.557,0.0063,-0.344,nan,0.00,0,1,0,1,1,0.0000,1.000,0,0.307,5,0.297,2,1,track,,TRACK,0,0,0,0.000,0,-1,0
1785623884.244,3.715,-1.988,1.272,0.9973,0,-6.400,0.377,-11.758,0.2611,4.000,0.833,0.000,0.233,11.758,7.629,-0.0002,-0.4441,-0.161,-0.161,-0.444,1.417,1.200,-1.611,0.0063,-0.334,nan,0.00,0,1,0,0,1,0.0000,0.849,0,0.231,3,0.295,0,0,track,,TRACK,0,0,0,0.000,0,-1,0
1785623884.272,4.466,-2.035,2.801,0.9963,0,-4.900,0.378,-11.758,0.2616,4.000,0.833,0.000,0.233,11.758,7.613,0.0026,-0.4324,-0.158,-0.158,-0.432,1.410,1.200,-1.658,0.0063,-0.324,nan,0.00,0,1,0,0,1,0.0000,0.849,0,0.231,3,0.295,0,0,track,,TRACK,1,1,0,0.000,0,-1,0
1785623884.312,4.466,-2.035,2.801,0.9963,0,-6.400,0.433,-12.000,0.2782,12.546,7.146,-2.868,1.000,25.000,14.000,-0.0000,-0.0000,-0.158,-0.158,-0.432,1.410,1.200,-1.603,0.0063,-1.856,nan,0.00,1,1,1,1,1,0.0000,0.450,0,0.295,4,0.675,0,1,yolo,135.3,yolo,1,1,0,0.000,0,-1,0
1785623884.351,5.263,-2.102,4.242,0.9951,0,-7.900,0.458,-12.000,0.2949,12.546,7.146,-2.868,1.000,25.000,14.000,0.0115,-0.4281,-0.147,-0.147,-0.428,1.404,1.200,-1.644,0.0063,-1.738,nan,0.00,1,1,1,0,1,0.0000,0.900,0,0.295,4,0.675,0,0,yolo,135.3,yolo,1,1,0,0.000,0,-1,0
1785623884.390,5.263,-2.102,4.242,0.9951,0,-8.737,0.505,-12.000,0.3047,12.546,7.146,-2.868,1.000,25.000,14.000,0.0115,-0.4281,-0.147,-0.147,-0.428,1.404,1.200,-1.598,0.0063,-1.738,nan,0.00,1,1,1,0,1,0.0000,0.900,0,0.295,4,0.675,1,0,yolo,135.3,yolo,1,1,0,0.000,0,-1,0
1785623884.428,6.315,-2.188,5.707,0.9932,0,-7.685,0.555,-12.000,0.3000,12.546,7.146,-2.868,1.000,25.000,14.000,0.0335,-0.4409,-0.125,-0.125,-0.441,1.399,1.200,-1.633,0.0063,-1.584,nan,0.00,1,1,1,0,1,0.0000,0.417,0,0.339,4,0.206,0,0,yolo,135.3,yolo,1,1,0,0.000,0,-1,0
1785623884.466,7.329,-2.293,7.228,0.9910,0,-6.671,0.648,-12.000,0.3167,13.070,7.357,-3.156,1.000,25.000,14.000,-0.0000,0.8381,-0.092,-0.355,-0.477,1.395,1.200,-1.644,0.0063,-1.668,nan,0.00,1,1,1,1,1,0.0000,0.833,0,0.339,4,0.206,2,0,yolo,152.0,yolo,1,1,0,0.000,0,-1,0
1785623884.517,8.117,-2.396,8.607,0.9891,0,-5.883,0.769,-13.500,0.3000,13.070,7.357,-3.156,1.000,25.000,14.000,0.3003,-0.5393,-0.055,-0.055,-0.539,1.394,1.200,-1.627,0.0063,-1.538,nan,8.00,1,1,1,0,1,0.7768,0.583,1,0.362,1,0.195,0,0,yolo,152.0,yolo,1,1,0,0.000,0,-1,0
1785623884.556,8.117,-2.396,8.607,0.9891,0,-5.883,0.802,-15.000,0.2954,13.070,7.357,-3.156,1.000,25.000,14.000,0.3003,-0.5393,-0.055,-0.055,-0.539,1.394,1.200,-1.594,0.0063,-1.538,nan,8.00,1,1,1,0,1,0.7768,0.583,1,0.362,1,0.195,1,0,yolo,152.0,yolo,1,1,0,0.000,0,-1,0
1785623884.584,8.911,-2.563,10.469,0.9869,0,-5.089,0.996,-16.500,0.2873,13.070,7.357,-3.156,1.000,25.000,14.000,0.3460,-0.6338,-0.009,-0.009,-0.634,1.394,1.200,-1.566,0.0063,-1.392,nan,8.00,1,1,1,0,1,0.7047,0.583,1,0.368,1,0.183,0,0,yolo,152.0,yolo,1,1,0,0.000,0,-1,0
1785623884.620,9.544,-2.790,12.747,0.9850,0,-4.456,1.292,-18.000,0.3040,13.359,7.210,-3.416,1.000,25.000,14.000,-0.0000,0.7666,0.031,-0.053,-0.724,1.398,1.200,-1.497,0.0063,-1.520,nan,8.00,1,1,1,1,1,0.6506,0.583,1,0.368,1,0.183,2,0,yolo,143.5,yolo,1,1,0,0.000,0,-1,0
1785623884.667,9.544,-2.790,12.747,0.9850,0,-4.456,1.290,-16.500,0.2877,13.359,7.210,-3.416,1.000,25.000,14.000,0.0836,-0.7237,0.031,0.031,-0.724,1.398,1.200,-1.500,0.0063,-1.520,nan,0.00,1,1,1,0,1,0.0000,0.583,0,0.376,1,0.167,0,0,yolo,143.5,yolo,1,1,0,0.000,0,-1,0
1785623884.707,10.072,-3.016,15.151,0.9832,0,-3.928,1.627,-15.000,0.2801,13.359,7.210,-3.416,1.000,25.000,14.000,0.1236,-0.8183,0.071,0.071,-0.818,1.406,1.200,-1.389,0.0063,-1.396,nan,0.00,1,1,1,0,1,0.0000,0.583,0,0.376,1,0.167,0,0,yolo,143.5,yolo,1,1,0,0.000,0,-1,0
1785623884.736,10.501,-3.111,16.889,0.9818,0,-3.499,1.840,-13.500,0.2968,13.668,6.262,-3.588,1.000,24.616,14.000,0.6872,1.8372,0.122,-0.043,-0.883,1.417,1.200,-1.271,0.0063,-1.641,nan,-8.00,1,1,1,1,1,-0.5154,0.667,1,0.378,2,0.164,0,0,yolo,126.9,yolo,1,1,0,0.000,0,-1,0
1785623884.767,10.501,-3.111,16.889,0.9818,0,-3.499,1.784,-12.000,0.2850,13.668,6.262,-3.588,1.000,24.616,14.000,0.1648,-0.8831,0.122,0.122,-0.883,1.417,1.200,-1.327,0.0063,-1.641,nan,-8.00,1,1,1,0,1,-0.5154,0.667,1,0.378,2,0.164,0,0,yolo,126.9,yolo,1,1,0,0.000,0,-1,0
1785623884.805,10.872,-3.130,18.174,0.9806,0,-3.128,1.922,-10.500,0.2821,13.668,6.262,-3.588,1.000,24.616,14.000,0.2240,-0.9226,0.181,0.181,-0.923,1.429,1.200,-1.208,0.0063,-1.593,nan,-8.00,1,1,1,0,1,-0.5154,0.667,1,0.378,2,0.164,1,0,yolo,126.9,yolo,1,1,0,0.000,0,-1,0
1785623884.848,11.213,-3.116,19.370,0.9795,0,-2.787,2.020,-12.000,0.2987,13.817,5.795,-3.757,1.000,22.755,14.000,4.4876,2.0000,0.248,-0.030,-0.951,1.443,1.200,-1.095,0.0063,-1.803,nan,0.00,1,1,1,1,1,0.0000,0.333,0,0.372,2,0.175,0,0,yolo,119.2,yolo,1,1,0,0.000,0,-1,0
1785623884.878,11.479,-3.139,20.691,0.9785,0,-2.521,2.152,-12.000,0.2851,13.817,5.795,-3.757,1.000,22.755,14.000,0.3359,-0.9875,0.306,0.306,-0.987,1.458,1.200,-0.987,0.0063,-1.768,nan,0.00,1,1,1,0,1,0.0000,0.750,0,0.359,3,0.183,0,0,yolo,119.2,yolo,1,1,0,0.000,0,-1,0
1785623884.909,11.479,-3.139,20.691,0.9785,0,-2.521,2.041,-12.000,0.2851,13.817,5.795,-3.757,1.000,22.755,14.000,0.3359,-0.9875,0.306,0.306,-0.987,1.458,1.200,-1.098,0.0063,-1.768,nan,0.00,1,1,1,0,1,0.0000,0.750,0,0.359,3,0.183,0,0,yolo,119.2,yolo,1,1,0,0.000,0,-1,0
1785623884.945,11.712,-3.170,22.034,0.9777,0,-2.288,2.217,-12.000,0.2831,13.817,5.795,-3.757,1.000,22.755,14.000,0.3951,-1.0132,0.365,0.365,-1.013,1.474,1.200,-0.953,0.0063,-1.734,nan,0.00,1,1,1,0,1,0.0000,0.917,0,0.358,5,0.188,0,0,yolo,119.2,yolo,1,1,0,0.000,0,-1,0
1785623884.981,11.712,-3.170,22.034,0.9777,0,-2.288,2.108,-12.000,0.2998,13.358,4.850,-3.665,1.000,19.954,14.000,3.9178,0.7641,0.365,0.010,-1.013,1.474,1.200,-1.061,0.0063,-1.861,nan,0.00,1,1,1,1,1,0.0000,0.833,0,0.364,4,0.192,0,0,yolo,121.8,yolo,1,1,0,0.000,0,-1,0
1785623885.018,11.918,-3.173,23.335,0.9769,0,-2.082,2.279,-12.000,0.2851,13.358,4.850,-3.665,1.000,19.954,14.000,0.4164,-1.0450,0.427,0.427,-1.045,1.493,1.200,-0.894,0.0063,-1.841,nan,0.00,1,1,1,0,1,0.0000,0.833,0,0.373,4,0.197,0,0,yolo,121.8,yolo,1,1,0,0.000,0,-1,0
1785623885.049,12.132,-3.201,24.676,0.9761,0,-1.868,2.461,-12.000,0.2826,13.358,4.850,-3.665,1.000,19.954,14.000,0.4796,-1.0860,0.490,0.490,-1.086,1.513,1.200,-0.739,0.0063,-1.814,nan,0.00,1,1,1,0,1,0.0000,0.833,0,0.373,4,0.197,0,0,yolo,121.8,yolo,1,1,0,0.000,0,-1,0
1785623885.087,12.286,-3.185,26.045,0.9756,0,-0.368,2.605,-12.000,0.2993,12.944,3.852,-3.525,1.000,16.573,-14.000,11.4579,1.3166,0.556,1.453,-1.126,1.535,1.200,-0.580,0.0063,-1.902,nan,0.00,1,1,1,1,1,0.0000,0.833,0,0.342,4,0.203,0,0,yolo,112.5,yolo,1,1,0,0.000,0,-1,0
1785623885.126,12.397,-3.168,27.397,0.9752,0,-1.603,2.739,-12.000,0.2826,12.944,3.852,-3.525,1.000,16.573,14.000,-0.8312,-1.1607,0.621,0.621,-1.161,1.560,1.200,-0.429,0.0063,-1.897,nan,0.00,1,1,1,0,1,0.7004,0.417,1,0.362,4,0.207,0,0,yolo,112.5,yolo,1,1,0,0.000,0,-1,0
1785623885.163,12.396,-3.168,27.417,0.9752,0,-1.604,2.543,-13.500,0.2820,12.944,3.852,-3.525,1.000,16.573,14.000,-0.8302,-1.1613,0.622,0.622,-1.161,1.560,1.200,-0.625,0.0063,-1.897,nan,8.00,1,1,1,0,1,0.7004,0.833,1,0.362,4,0.207,0,0,yolo,112.5,yolo,1,1,0,0.000,0,-1,0
1785623885.193,12.544,-3.199,29.034,0.9746,0,-1.456,2.819,-15.000,0.2774,12.944,3.852,-3.525,1.000,16.573,14.000,-0.7681,-1.2020,0.684,0.684,-1.202,1.589,1.200,-0.379,0.0063,-1.878,nan,8.00,1,1,1,0,1,0.7433,0.900,1,0.312,4,0.293,0,0,yolo,112.5,yolo,1,1,0,0.000,0,-1,0
1785623885.233,12.628,-3.237,30.909,0.9743,0,0.044,3.137,-16.500,0.2775,12.512,2.998,-3.259,1.000,13.474,7.851,4.0604,-0.3836,0.744,0.844,-1.226,1.625,1.200,-0.100,0.0063,-1.814,nan,8.00,1,1,1,1,1,0.7755,0.900,1,0.312,4,0.293,0,0,yolo,127.4,yolo,1,1,0,0.000,0,-1,0
1785623885.266,12.628,-3.237,30.909,0.9743,0,-1.372,2.886,-18.000,0.2767,12.512,2.998,-3.259,1.000,13.474,14.000,-0.1006,-1.2262,0.744,0.744,-1.226,1.625,1.200,-0.352,0.0063,-1.814,nan,8.00,1,1,1,0,1,0.8221,0.800,1,0.316,3,0.280,0,0,yolo,127.4,yolo,1,1,0,0.000,0,-1,0
1785623885.294,12.686,-3.321,32.817,0.9740,0,-1.314,3.293,-19.500,0.2753,12.512,2.998,-3.259,1.000,13.474,14.000,-0.0543,-1.2438,0.790,0.790,-1.244,1.663,1.200,-0.028,0.0063,-1.792,nan,8.00,1,1,1,0,1,0.8221,0.800,1,0.316,3,0.280,0,0,yolo,127.4,yolo,1,1,0,0.000,0,-1,0
1785623885.329,12.686,-3.321,32.817,0.9740,0,-1.314,3.048,-20.000,0.2753,12.512,2.998,-3.259,1.000,13.474,14.000,-0.0543,-1.2438,0.790,0.790,-1.244,1.663,1.200,-0.273,0.0063,-1.792,nan,8.00,1,1,1,0,1,0.8570,0.800,1,0.316,3,0.280,1,0,yolo,127.4,yolo,1,1,0,0.000,0,-1,0
1785623885.357,12.717,-3.426,35.256,0.9737,0,0.186,3.634,-18.500,0.2776,12.169,2.153,-2.997,1.000,10.033,-14.000,7.3090,-0.7426,0.830,0.605,-1.239,1.712,1.200,0.208,0.0063,-1.718,nan,8.00,1,1,1,1,1,0.8914,0.800,1,0.315,3,0.281,0,0,yolo,134.1,yolo,1,1,0,0.000,0,-1,0
1785623885.388,12.571,-3.443,37.168,0.9743,0,-1.314,3.929,-18.033,0.2734,12.169,2.153,-2.997,1.000,10.033,14.000,0.2665,-1.2366,0.872,0.872,-1.237,1.753,1.200,0.486,0.0063,-1.721,nan,8.00,1,1,1,0,1,0.9171,0.800,1,0.315,3,0.281,0,0,yolo,134.1,yolo,1,1,0,0.000,0,-1,0
1785623885.418,12.571,-3.443,37.168,0.9743,0,-1.429,3.598,-16.533,0.2734,12.169,2.153,-2.997,1.000,10.033,14.000,0.2665,-1.2366,0.872,0.872,-1.237,1.753,1.200,0.155,0.0063,-1.721,nan,0.00,1,1,1,0,1,0.9573,0.400,1,0.303,3,0.809,0,0,yolo,134.1,yolo,1,1,0,0.000,0,-1,0
1785623885.449,12.660,-3.416,39.032,0.9740,0,-1.340,3.912,-15.033,0.2735,12.169,2.153,-2.997,1.000,10.033,14.000,0.3099,-1.2361,0.915,0.915,-1.236,1.796,1.200,0.496,0.0063,-1.723,nan,0.00,1,1,1,0,1,0.9874,0.400,1,0.303,3,0.809,0,0,yolo,134.1,yolo,1,1,0,0.000,0,-1,0
1785623885.487,12.716,-3.311,40.610,0.9738,0,0.160,4.024,-14.717,0.2776,11.878,1.399,-2.755,1.000,6.717,-6.290,4.1241,-0.2010,0.964,0.344,-1.236,1.835,1.200,0.713,0.0063,-1.689,nan,8.00,1,1,1,1,1,1.0100,0.800,1,0.296,3,0.811,0,0,yolo,128.6,yolo,1,1,0,0.000,0,-1,0
1785623885.526,12.608,-3.203,42.053,0.9744,0,1.660,4.059,-14.717,0.2730,11.878,1.399,-2.755,1.000,6.717,6.195,0.6677,-1.2397,1.012,1.012,-1.240,1.872,1.200,0.856,0.0063,-1.715,nan,8.00,1,1,1,0,1,1.0269,0.800,1,0.296,3,0.811,0,0,yolo,128.6,yolo,1,1,0,0.000,0,-1,0
1785623885.557,12.608,-3.203,42.053,0.9744,0,3.160,3.706,-14.717,0.2730,11.878,1.399,-2.755,1.000,6.717,6.195,0.6677,-1.2397,1.012,1.012,-1.240,1.872,1.200,0.503,0.0063,-1.715,nan,8.00,1,1,1,0,1,1.0213,0.700,1,0.291,2,0.805,0,0,yolo,128.6,yolo,1,1,0,0.000,0,-1,0
1785623885.588,12.338,-3.090,43.586,0.9755,0,4.660,3.856,-14.717,0.2735,11.878,1.399,-2.755,1.000,6.717,5.584,0.7178,-1.2436,1.062,1.062,-1.244,1.910,1.200,0.766,0.0063,-1.748,nan,8.00,1,1,1,0,1,1.0202,0.700,1,0.278,2,0.786,0,0,yolo,128.6,yolo,1,1,0,0.000,0,-1,0
1785623885.634,11.756,-2.989,45.059,0.9777,0,6.160,3.948,-13.217,0.2765,11.577,0.487,-2.478,1.000,2.411,-14.000,6.5257,-0.2159,1.114,0.547,-1.246,1.947,1.200,0.959,0.0063,-1.720,nan,8.00,1,1,1,1,1,1.0193,0.700,1,0.278,2,0.786,0,0,yolo,129.9,yolo,1,1,0,0.000,0,-1,0
1785623885.665,11.091,-2.842,46.314,0.9801,0,7.660,3.906,-11.717,0.2723,11.577,0.487,-2.478,1.000,2.411,-5.715,0.6187,-1.2515,1.166,1.166,-1.252,1.979,1.200,1.064,0.0063,-1.761,nan,8.00,1,1,1,0,1,1.0187,0.700,1,0.278,2,0.786,0,0,yolo,129.9,yolo,1,1,0,0.000,0,-1,0
1785623885.696,10.244,-2.639,47.449,0.9830,0,9.160,3.766,-10.217,0.2728,11.577,0.487,-2.478,1.000,2.411,-6.427,0.6760,-1.2584,1.223,1.223,-1.258,2.009,1.200,1.127,0.0063,-1.816,nan,0.00,1,1,1,0,1,0.0000,0.734,0,0.236,2,0.762,0,0,yolo,129.9,yolo,1,1,0,0.000,0,-1,0
1785623885.723,10.244,-2.639,47.449,0.9830,0,10.660,3.435,-8.717,0.2750,11.327,-0.494,-2.261,1.000,-2.498,-14.000,11.8616,-0.4139,1.223,2.022,-1.258,2.009,1.200,0.796,0.0063,-1.788,nan,0.00,1,1,1,1,1,0.0000,0.719,0,0.224,2,0.743,0,0,yolo,120.8,yolo,1,1,0,0.000,0,-1,0
1785623885.758,9.316,-2.426,48.385,0.9859,0,12.160,3.315,-7.217,0.2722,11.327,-0.494,-2.261,1.000,-2.498,-12.146,-0.7455,-1.2638,1.277,1.277,-1.264,2.034,1.200,0.889,0.0063,-1.829,nan,0.00,1,1,1,0,1,0.0000,0.723,0,0.227,2,0.730,0,0,yolo,120.8,yolo,1,1,0,0.000,0,-1,0
1785623885.792,8.337,-2.185,49.344,0.9887,0,13.660,3.161,-5.717,0.2725,11.327,-0.494,-2.261,1.000,-2.498,-12.804,-0.6928,-1.2704,1.330,1.330,-1.270,2.058,1.200,0.976,0.0063,-1.875,nan,0.00,1,1,1,0,1,0.0000,0.837,0,0.223,3,0.709,0,0,yolo,120.8,yolo,1,1,0,0.000,0,-1,0
1785623885.822,7.011,-1.942,49.833,0.9920,0,15.160,2.820,-4.217,0.2725,11.327,-0.494,-2.261,1.000,-2.498,-13.609,-0.6283,-1.2760,1.394,1.394,-1.276,2.070,1.200,0.878,0.0063,-1.919,nan,0.00,1,1,1,0,1,0.0000,0.834,0,0.221,3,0.704,0,0,yolo,120.8,yolo,1,1,0,0.000,0,-1,0
1785623885.859,5.442,-1.695,50.239,0.9951,0,16.660,2.458,-2.717,0.2717,11.106,-1.326,-2.053,1.000,-6.809,-14.000,5.0133,-0.4722,1.458,2.167,-1.284,2.077,1.200,0.763,0.0063,-1.840,nan,0.00,1,1,1,1,1,0.0000,0.830,0,0.218,3,0.709,0,0,yolo,115.3,yolo,1,1,0,0.000,0,-1,0
1785623885.885,5.442,-1.695,50.239,0.9951,0,18.160,2.287,-1.217,0.2691,11.106,-1.326,-2.053,1.000,-6.809,-14.000,-0.7092,-1.2841,1.458,1.458,-1.284,2.077,1.200,0.592,0.0063,-1.840,nan,0.00,1,1,1,0,1,0.0000,0.830,0,0.218,3,0.709,0,0,yolo,115.3,yolo,1,1,0,0.000,0,-1,0
1785623885.924,3.381,-1.461,50.383,0.9979,0,17.381,1.896,0.283,0.2681,11.106,-1.326,-2.053,1.000,-6.809,-14.000,-0.6386,-1.2918,1.529,1.529,-1.292,2.074,1.200,0.434,0.0063,-1.844,nan,0.00,1,1,1,0,1,0.0000,0.721,0,0.226,2,0.714,0,0,yolo,115.3,yolo,1,1,0,0.000,0,-1,0
1785623885.954,1.535,-1.251,50.323,0.9994,0,15.881,1.468,1.783,0.2514,10.714,-2.042,-1.739,1.000,-10.790,-14.000,7.4452,-2.0000,1.581,2.791,-1.296,2.063,1.200,0.217,0.0063,-1.558,nan,0.00,1,1,1,1,1,0.0000,0.721,0,0.226,2,0.714,0,0,yolo,106.6,yolo,1,1,0,0.000,0,-1,0
1785623885.984,-0.052,-1.099,50.166,0.9998,0,14.381,1.099,3.283,0.2585,10.714,-2.042,-1.739,1.000,-10.790,-14.000,-1.1746,-1.2844,1.616,1.616,-1.284,2.048,1.200,0.001,0.0063,-1.531,nan,0.00,1,1,1,0,1,0.0000,0.721,0,0.226,2,0.714,1,0,yolo,106.6,yolo,1,1,0,0.000,0,-1,0
1785623886.025,-1.650,-0.956,49.958,0.9994,0,12.881,0.753,4.783,0.2589,10.714,-2.042,-1.739,1.000,-10.790,-14.000,-1.1497,-1.2565,1.641,1.641,-1.256,2.030,1.200,-0.203,0.0063,-1.500,nan,0.00,1,1,1,0,1,0.0000,0.605,0,0.230,1,0.731,0,0,yolo,106.6,yolo,1,1,0,0.000,0,-1,0
1785623886.056,-1.668,-0.955,49.954,0.9994,0,12.332,0.832,6.283,0.2423,10.351,-2.620,-1.510,1.000,-14.205,-14.000,4.6274,-1.7991,1.641,2.790,-1.256,2.030,1.200,-0.122,0.0063,-1.260,nan,0.00,1,1,1,1,1,0.0000,0.737,0,0.240,2,0.728,0,0,yolo,110.6,yolo,1,1,0,0.000,0,-1,0
1785623886.087,-3.114,-0.855,49.624,0.9984,0,10.886,0.470,7.783,0.2524,10.351,-2.620,-1.510,1.000,-14.205,-14.000,-1.1317,-1.2139,1.658,1.658,-1.214,2.008,1.212,-0.385,0.0063,-1.211,nan,0.00,1,1,1,0,1,0.0000,0.737,0,0.240,2,0.728,0,0,yolo,110.6,yolo,1,1,0,0.000,0,-1,0
1785623886.118,-4.191,-0.850,48.881,0.9972,0,9.809,0.073,9.283,0.2536,10.351,-2.620,-1.510,1.000,-14.205,-14.000,-1.1160,-1.1622,1.674,1.674,-1.162,1.973,1.228,-0.776,0.0063,-1.161,nan,0.00,1,1,1,0,1,0.0000,0.619,0,0.244,1,0.721,0,0,yolo,110.6,yolo,1,1,0,0.000,0,-1,0
1785623886.149,-5.218,-0.909,47.997,0.9957,0,8.782,-0.260,10.783,0.2543,10.351,-2.620,-1.510,1.000,-14.205,-14.000,-1.1083,-1.1139,1.681,1.681,-1.114,1.933,1.247,-1.170,0.0063,-1.101,nan,0.00,1,1,1,0,1,0.0000,0.619,0,0.244,1,0.721,0,0,yolo,110.6,yolo,1,1,0,0.000,0,-1,0
1785623886.187,-5.218,-0.909,47.997,0.9957,0,8.782,0.048,12.000,0.2389,10.003,-3.009,-1.403,1.000,-16.744,-14.000,4.4315,-1.3659,1.681,2.727,-1.114,1.933,1.230,-0.861,0.0064,-0.964,nan,0.00,1,1,1,1,1,0.0000,0.368,0,0.239,2,0.717,0,0,yolo,109.9,yolo,1,1,0,0.000,0,-1,0
1785623886.216,-6.138,-1.033,46.974,0.9941,0,7.862,-0.250,12.000,0.2508,10.003,-3.009,-1.403,1.000,-16.744,-14.000,-1.0429,-1.0666,1.684,1.684,-1.067,1.889,1.237,-1.283,0.0065,-0.892,nan,0.00,1,1,1,0,1,0.0000,0.368,0,0.239,2,0.717,0,0,yolo,109.9,yolo,1,1,0,0.000,0,-1,0
1785623886.248,-6.970,-1.185,45.808,0.9924,0,7.030,-0.478,12.000,0.2514,10.003,-3.009,-1.403,1.000,-16.744,-14.000,-1.0472,-1.0161,1.679,1.679,-1.016,1.841,1.245,-1.664,0.0066,-0.820,nan,0.00,1,1,1,0,1,0.0000,0.732,0,0.235,2,0.720,0,0,yolo,109.9,yolo,1,1,0,0.000,0,-1,0
1785623886.289,-7.638,-1.355,44.773,0.9909,0,6.362,-0.400,12.000,0.2347,9.760,-3.249,-1.351,1.000,-18.415,-14.000,4.2694,-2.0000,1.668,2.622,-0.980,1.800,1.200,-1.755,0.0067,-0.676,nan,0.00,1,1,1,1,1,0.0000,0.732,0,0.235,2,0.720,0,0,yolo,111.0,yolo,1,1,0,0.000,0,-1,0
1785623886.319,-8.255,-1.533,43.732,0.9893,0,5.745,-0.379,12.000,0.2498,9.760,-3.249,-1.351,1.000,-18.415,-14.000,-0.9720,-0.9317,1.650,1.650,-0.932,1.760,1.200,-1.911,0.0067,-0.609,nan,0.00,1,1,1,0,1,0.0000,0.301,0,0.226,1,0.721,0,0,yolo,111.0,yolo,1,1,0,0.000,0,-1,0
1785623886.352,-8.255,-1.533,43.732,0.9893,0,5.745,0.014,12.000,0.2498,9.760,-3.249,-1.351,1.000,-18.415,-14.000,-0.9720,-0.9317,1.650,1.650,-0.932,1.760,1.200,-1.518,0.0068,-0.609,nan,0.00,1,1,1,0,1,0.0000,0.301,0,0.226,1,0.721,0,0,yolo,111.0,yolo,1,1,0,0.000,0,-1,0
1785623886.383,-8.866,-1.739,42.588,0.9876,0,5.134,-0.060,12.000,0.2665,9.601,-3.316,-1.372,1.000,-19.052,-14.000,0.6405,-0.3405,1.623,2.083,-0.875,1.718,1.200,-1.799,0.0069,-0.552,nan,0.00,1,1,1,1,1,0.0000,0.301,0,0.228,1,0.713,0,0,yolo,105.3,yolo,1,1,0,0.000,0,-1,0
1785623886.413,-9.376,-1.913,41.504,0.9861,0,4.624,-0.051,12.000,0.2521,9.601,-3.316,-1.372,1.000,-19.052,-14.000,-0.4900,-0.8246,1.593,1.593,-0.825,1.681,1.200,-1.964,0.0069,-0.492,nan,0.00,1,1,1,0,1,0.0000,0.301,0,0.228,1,0.713,0,0,yolo,105.3,yolo,1,1,0,0.000,0,-1,0
1785623886.444,-9.800,-2.085,40.494,0.9848,0,4.200,0.035,12.000,0.2528,9.601,-3.316,-1.372,1.000,-19.052,-14.000,-0.5222,-0.7796,1.561,1.561,-0.780,1.648,1.200,-2.050,0.0069,-0.437,nan,0.00,1,1,1,0,1,0.0000,0.600,0,0.270,1,0.693,0,0,yolo,105.3,yolo,1,1,0,0.000,0,-1,0
1785623886.469,-9.800,-2.085,40.494,0.9848,0,4.200,0.386,12.000,0.2529,9.601,-3.316,-1.372,1.000,-19.052,-14.000,-0.5222,-0.7796,1.561,1.561,-0.780,1.648,1.200,-1.699,0.0070,-0.437,nan,0.00,1,1,1,0,1,0.0000,0.600,0,0.270,1,0.693,0,0,yolo,105.3,yolo,1,1,0,0.000,0,-1,0
1785623886.497,-10.213,-2.236,39.386,0.9834,0,3.787,0.338,12.000,0.2696,9.560,-3.139,-1.453,1.000,-18.175,-14.000,-1.4628,0.6248,1.522,1.386,-0.731,1.615,1.200,-1.898,0.0070,-0.500,nan,0.00,1,1,1,1,1,0.0000,0.600,0,0.270,1,0.693,2,0,yolo,115.0,yolo,1,1,0,0.000,0,-1,0
1785623886.538,-10.635,-2.430,38.115,0.9819,0,3.365,0.332,12.000,0.2576,9.560,-3.139,-1.453,1.000,-18.175,-14.000,0.0848,-0.6971,1.471,1.471,-0.697,1.578,1.200,-2.098,0.0071,-0.443,nan,0.00,1,1,1,0,1,0.0000,0.600,0,0.263,1,0.674,0,0,yolo,115.0,yolo,1,1,0,0.000,0,-1,0
1785623886.575,-10.635,-2.430,38.115,0.9819,0,3.365,0.645,12.000,0.2577,9.560,-3.139,-1.453,1.000,-18.175,-14.000,0.0848,-0.6971,1.471,1.471,-0.697,1.578,1.200,-1.785,0.0071,-0.443,nan,0.00,1,1,1,0,1,1.0467,0.400,1,0.263,3,0.687,0,0,yolo,115.0,yolo,1,1,0,0.000,0,-1,0
1785623886.615,-10.956,-2.608,36.997,0.9808,0,3.044,0.401,12.000,0.2744,10.103,-2.883,-1.711,1.000,-15.924,-14.000,-5.9540,2.0000,1.423,1.279,-0.673,1.549,1.300,-2.207,0.0072,-0.671,nan,0.00,1,1,1,1,1,1.0467,0.400,1,0.263,3,0.687,0,0,yolo,116.3,yolo,1,1,0,0.000,0,-1,0
1785623886.645,-11.273,-2.758,35.875,0.9796,0,2.727,0.422,12.000,0.2664,10.103,-2.883,-1.711,1.000,-15.924,-14.000,0.0939,-0.6461,1.373,1.373,-0.646,1.522,1.308,-2.336,0.0073,-0.627,nan,0.00,1,1,1,0,1,0.0000,0.700,0,0.270,2,0.636,0,0,yolo,116.3,yolo,1,1,0,0.000,0,-1,0
1785623886.676,-11.528,-2.951,34.694,0.9785,0,2.472,0.507,12.000,0.2664,10.103,-2.883,-1.711,1.000,-15.924,-14.000,0.0373,-0.6217,1.316,1.316,-0.622,1.496,1.316,-2.444,0.0073,-0.579,nan,0.00,1,1,1,0,1,0.0000,0.700,0,0.270,2,0.636,0,0,yolo,116.3,yolo,1,1,0,0.000,0,-1,0
1785623886.713,-11.750,-3.133,33.537,0.9776,0,2.250,0.633,12.000,0.2662,10.103,-2.883,-1.711,1.000,-15.924,-14.000,-0.0203,-0.6044,1.258,1.258,-0.604,1.473,1.324,-2.500,0.0074,-0.534,nan,0.00,1,1,1,0,1,0.0000,0.700,0,0.273,2,0.609,0,0,yolo,116.3,yolo,1,1,0,0.000,0,-1,0
1785623886.753,-11.923,-3.287,32.503,0.9768,0,2.077,0.787,12.000,0.2828,9.925,-2.621,-1.719,1.000,-14.792,-14.000,-1.4704,0.2670,1.206,0.725,-0.590,1.454,1.382,-2.500,0.0074,-0.570,nan,0.00,1,1,1,1,1,0.0000,0.700,0,0.273,2,0.609,0,0,yolo,117.7,yolo,1,1,0,0.000,0,-1,0
1785623886.785,-11.923,-3.287,32.503,0.9768,0,2.077,0.902,12.000,0.2683,9.925,-2.621,-1.719,1.000,-14.792,-14.000,0.4810,-0.5896,1.206,1.206,-0.590,1.454,1.382,-2.385,0.0075,-0.570,nan,0.00,1,1,1,0,1,0.0000,0.700,0,0.274,2,0.584,0,0,yolo,117.7,yolo,1,1,0,0.000,0,-1,0
1785623886.816,-12.112,-3.464,31.210,0.9760,0,1.888,0.964,12.000,0.2677,9.925,-2.621,-1.719,1.000,-14.792,-14.000,0.4131,-0.5810,1.138,1.138,-0.581,1.434,1.393,-2.500,0.0075,-0.529,nan,0.00,1,1,1,0,1,0.0000,0.700,0,0.274,2,0.584,0,0,yolo,117.7,yolo,1,1,0,0.000,0,-1,0
1785623886.856,-12.262,-3.617,29.979,0.9752,0,1.738,1.117,12.000,0.2844,10.287,-2.253,-1.878,1.000,-12.354,-14.000,-3.2832,1.3118,1.072,0.925,-0.578,1.418,1.457,-2.500,0.0076,-0.704,nan,0.00,1,1,1,1,1,0.0000,0.800,0,0.268,3,0.558,0,0,yolo,112.2,yolo,1,1,0,0.000,0,-1,0
1785623886.894,-12.398,-3.763,28.685,0.9746,0,1.602,1.263,12.000,0.2725,10.287,-2.253,-1.878,1.000,-12.354,-14.000,0.0765,-0.5836,1.001,1.001,-0.584,1.404,1.472,-2.500,0.0077,-0.672,nan,0.00,1,1,1,0,1,0.0000,0.800,0,0.268,3,0.558,0,0,yolo,112.2,yolo,1,1,0,0.000,0,-1,0
1785623886.924,-12.398,-3.763,28.685,0.9746,0,1.602,1.263,12.000,0.2726,10.287,-2.253,-1.878,1.000,-12.354,-14.000,0.0765,-0.5836,1.001,1.001,-0.584,1.404,1.472,-2.500,0.0077,-0.672,nan,0.00,1,1,1,0,1,0.0000,0.800,0,0.268,3,0.558,0,0,yolo,112.2,yolo,1,1,0,0.000,0,-1,0
1785623886.962,-12.521,-3.907,27.286,0.9740,0,0.102,1.407,10.500,0.2892,10.348,-1.730,-1.946,1.000,-9.492,12.547,-7.7546,2.0000,0.924,0.310,-0.591,1.391,1.507,-2.500,0.0078,-0.816,nan,0.00,1,1,1,1,1,0.0000,0.800,0,0.268,3,0.558,1,0,yolo,110.3,yolo,1,1,0,0.000,0,-1,0
1785623887.007,-12.449,-3.983,26.176,0.9741,0,1.551,1.483,9.492,0.2758,10.348,-1.730,-1.946,1.000,-9.492,-14.000,0.5381,-0.6083,0.848,0.848,-0.608,1.385,1.515,-2.500,0.0079,-0.805,nan,0.00,1,1,1,0,1,0.0000,0.700,0,0.275,2,0.587,0,0,yolo,110.3,yolo,1,1,0,0.000,0,-1,0
1785623887.047,-12.439,-4.055,24.968,0.9741,0,1.561,1.555,9.492,0.2745,10.348,-1.730,-1.946,1.000,-9.492,-14.000,0.4512,-0.6308,0.761,0.761,-0.631,1.381,1.524,-2.500,0.0080,-0.792,nan,0.00,1,1,1,0,1,0.0000,0.700,0,0.275,2,0.587,0,0,yolo,110.3,yolo,1,1,0,0.000,0,-1,0
1785623887.084,-12.439,-4.055,24.968,0.9741,0,0.061,1.568,7.992,0.2912,10.406,-1.307,-1.994,1.000,-7.157,-8.843,-2.5445,0.8001,0.761,0.453,-0.631,1.381,1.493,-2.486,0.0081,-0.926,nan,0.00,1,1,1,1,1,0.0000,0.700,0,0.291,2,0.649,0,0,yolo,121.8,yolo,1,1,0,0.000,0,-1,0
1785623887.124,-12.363,-4.053,24.048,0.9744,0,1.561,1.649,7.157,0.2775,10.406,-1.307,-1.994,1.000,-7.157,-14.000,0.2194,-0.6595,0.673,0.673,-0.660,1.382,1.491,-2.404,0.0082,-0.928,nan,0.00,1,1,1,0,1,0.0000,0.700,0,0.291,2,0.649,0,0,yolo,121.8,yolo,1,1,0,0.000,0,-1,0
1785623887.155,-12.543,-4.019,23.209,0.9737,0,1.457,1.703,7.157,0.2764,10.406,-1.307,-1.994,1.000,-7.157,-14.000,0.1275,-0.6897,0.581,0.581,-0.690,1.385,1.490,-2.316,0.0083,-0.929,nan,0.00,1,1,1,0,1,0.0000,0.700,0,0.302,2,0.668,0,0,yolo,121.8,yolo,1,1,0,0.000,0,-1,0
1785623887.185,-12.543,-4.019,23.209,0.9737,0,1.457,1.719,7.157,0.2765,10.406,-1.307,-1.994,1.000,-7.157,-14.000,0.1275,-0.6897,0.581,0.581,-0.690,1.385,1.490,-2.299,0.0084,-0.929,nan,0.00,1,1,1,0,1,0.0000,0.700,0,0.302,2,0.668,0,0,yolo,121.8,yolo,1,1,0,0.000,0,-1,0
1785623887.222,-12.717,-3.987,22.356,0.9731,0,-0.043,1.929,5.657,0.2931,10.284,-0.802,-1.971,1.000,-4.459,5.726,-3.6312,0.7301,0.486,0.154,-0.712,1.390,1.423,-2.057,0.0084,-1.027,nan,0.00,1,1,1,1,1,0.0000,0.333,0,0.356,2,0.286,0,0,yolo,114.4,yolo,1,1,0,0.000,0,-1,0
1785623887.261,-12.647,-3.877,21.660,0.9735,0,1.353,1.952,4.459,0.2780,10.284,-0.802,-1.971,1.000,-4.459,-14.000,0.2298,-0.7362,0.384,0.384,-0.736,1.397,1.402,-1.925,0.0084,-1.048,nan,0.00,1,1,1,0,1,0.0000,0.333,0,0.356,2,0.286,0,0,yolo,114.4,yolo,1,1,0,0.000,0,-1,0
1785623887.298,-12.647,-3.877,21.660,0.9735,0,1.353,1.925,4.459,0.2780,10.284,-0.802,-1.971,1.000,-4.459,-14.000,0.2298,-0.7362,0.384,0.384,-0.736,1.397,1.402,-1.951,0.0084,-1.048,nan,0.00,1,1,1,0,1,0.0000,0.583,0,0.357,1,0.287,0,0,yolo,114.4,yolo,1,1,0,0.000,0,-1,0
1785623887.328,-12.754,-3.768,21.165,0.9732,0,-0.147,1.861,2.959,0.2947,9.857,-0.436,-1.833,1.000,-2.534,14.000,-4.9699,-0.1160,0.298,-0.455,-0.753,1.403,1.410,-1.906,0.0084,-1.040,nan,0.00,1,1,1,1,1,0.0000,0.583,0,0.357,1,0.287,0,0,yolo,127.4,yolo,1,1,0,0.000,0,-1,0
1785623887.360,-12.696,-3.627,20.834,0.9736,0,-1.286,1.833,2.534,0.2780,9.857,-0.436,-1.833,1.000,-2.534,-11.410,0.6593,-0.7801,0.205,0.205,-0.780,1.409,1.384,-1.795,0.0084,-1.066,nan,0.00,1,1,1,0,1,0.0000,0.583,0,0.357,1,0.287,3,0,yolo,127.4,yolo,1,1,0,0.000,0,-1,0
1785623887.401,-12.538,-3.482,20.568,0.9744,0,-2.390,1.786,2.534,0.2759,9.857,-0.436,-1.833,1.000,-2.534,-10.148,0.5671,-0.8073,0.112,0.112,-0.807,1.415,1.357,-1.696,0.0084,-1.093,nan,0.00,1,1,1,0,1,0.0000,0.600,0,0.311,1,0.297,0,0,yolo,127.4,yolo,1,1,0,0.000,0,-1,0
1785623887.439,-12.538,-3.482,20.568,0.9744,0,-3.890,1.781,1.034,0.2926,9.631,-0.010,-1.742,1.000,-0.059,14.000,-2.4957,0.1034,0.112,-0.584,-0.807,1.415,1.340,-1.701,0.0084,-1.110,nan,0.00,1,1,1,1,1,0.0000,0.600,0,0.307,1,0.721,0,0,yolo,112.2,yolo,1,1,0,0.000,0,-1,0
1785623887.480,-11.884,-3.215,20.402,0.9770,0,-5.390,1.682,0.059,0.2759,9.631,-0.010,-1.742,1.000,-0.059,-2.640,0.5531,-0.8512,-0.031,-0.031,-0.851,1.420,1.290,-1.533,0.0084,-1.160,nan,0.00,1,1,1,0,1,0.0000,0.600,0,0.307,1,0.721,0,0,yolo,112.2,yolo,1,1,0,0.000,0,-1,0
1785623887.510,-11.884,-3.215,20.402,0.9770,0,-6.890,1.640,0.059,0.2752,9.631,-0.010,-1.742,1.000,-0.059,-2.640,0.5531,-0.8512,-0.031,-0.031,-0.851,1.420,1.290,-1.575,0.0084,-1.160,nan,0.00,1,1,1,0,1,0.0000,0.600,0,0.305,1,0.723,0,0,yolo,112.2,yolo,1,1,0,0.000,0,-1,0
1785623887.542,-11.157,-2.993,20.363,0.9798,0,-8.390,1.525,0.059,0.2744,9.631,-0.010,-1.742,1.000,-0.059,-1.035,0.4378,-0.8785,-0.146,-0.146,-0.879,1.423,1.248,-1.467,0.0084,-1.202,nan,0.00,1,1,1,0,1,0.0000,0.600,0,0.305,1,0.723,0,0,yolo,112.2,yolo,1,1,0,0.000,0,-1,0
1785623887.573,-11.157,-2.993,20.363,0.9798,0,-9.890,1.296,-1.441,0.2755,9.179,0.370,-1.561,1.000,2.310,14.000,-3.7949,-0.8026,-0.146,-1.043,-0.879,1.423,1.328,-1.696,0.0084,-1.122,nan,0.00,1,1,1,1,1,0.0000,0.700,0,0.299,2,0.725,0,0,yolo,117.6,yolo,1,1,0,0.000,0,-1,0
1785623887.604,-9.857,-2.763,20.311,0.9841,0,-11.390,1.130,-2.310,0.2706,9.179,0.370,-1.561,1.000,2.310,4.422,0.7737,-0.9070,-0.269,-0.269,-0.907,1.423,1.293,-1.632,0.0084,-1.157,nan,0.00,1,1,1,0,1,0.0000,0.700,0,0.299,2,0.725,0,0,yolo,117.6,yolo,1,1,0,0.000,0,-1,0
1785623887.641,-9.857,-2.763,20.311,0.9841,0,-12.890,1.117,-2.310,0.2706,9.179,0.370,-1.561,1.000,2.310,4.422,0.7737,-0.9070,-0.269,-0.269,-0.907,1.423,1.293,-1.645,0.0084,-1.157,nan,0.00,1,1,1,0,1,0.0000,0.700,0,0.297,2,0.715,0,0,yolo,117.6,yolo,1,1,0,0.000,0,-1,0
1785623887.681,-8.015,-2.519,20.702,0.9893,0,-14.390,0.773,-3.810,0.2872,8.960,0.660,-1.474,1.000,4.214,14.000,-4.4665,-0.0121,-0.396,-1.468,-0.921,1.416,1.294,-1.746,0.0084,-1.156,nan,0.00,1,1,1,1,1,0.0000,0.700,0,0.297,2,0.715,0,0,yolo,115.6,yolo,1,1,0,0.000,0,-1,0
1785623887.712,-5.875,-2.341,21.220,0.9939,0,-15.890,0.491,-4.214,0.2706,8.960,0.660,-1.474,1.000,4.214,10.418,0.9701,-0.9452,-0.498,-0.498,-0.945,1.405,1.284,-1.850,0.0084,-1.166,nan,0.00,1,1,1,0,1,0.0000,0.400,0,0.292,3,0.731,0,0,yolo,115.6,yolo,1,1,0,0.000,0,-1,0
1785623887.744,-5.875,-2.341,21.220,0.9939,0,-16.293,0.537,-4.214,0.2664,8.960,0.660,-1.474,1.000,4.214,10.418,0.9701,-0.9452,-0.498,-0.498,-0.945,1.405,1.284,-1.804,0.0084,-1.166,nan,0.00,1,1,1,0,1,0.0000,0.800,0,0.292,3,0.731,0,0,yolo,115.6,yolo,1,1,0,0.000,0,-1,0
1785623887.779,-3.403,-2.212,21.789,0.9975,0,-15.005,0.245,-4.214,0.2653,8.960,0.660,-1.474,1.000,4.214,11.603,0.8882,-0.9476,-0.579,-0.579,-0.948,1.391,1.286,-1.967,0.0084,-1.164,nan,0.00,1,1,1,0,1,0.0000,0.988,0,0.243,4,0.790,0,0,yolo,115.6,yolo,1,1,0,0.000,0,-1,0
1785623887.821,-3.383,-2.211,21.794,0.9975,0,-16.505,-0.012,-5.714,0.2605,8.554,0.868,-1.317,1.000,5.797,14.000,-1.7735,-0.9672,-0.580,-1.366,-0.948,1.391,1.415,-2.223,0.0084,-1.035,nan,0.00,1,1,1,1,1,0.0000,0.988,0,0.243,4,0.790,0,0,yolo,130.9,yolo,1,1,0,0.000,0,-1,0
1785623887.851,-1.484,-2.158,22.279,0.9990,0,-15.484,-0.242,-5.797,0.2609,8.554,0.868,-1.317,1.000,5.797,14.000,0.7426,-0.9385,-0.624,-0.624,-0.938,1.377,1.434,-2.401,0.0084,-1.016,nan,0.00,1,1,1,0,1,0.0000,0.301,0,0.228,1,0.812,0,0,yolo,130.9,yolo,1,1,0,0.000,0,-1,0
1785623887.882,0.576,-2.191,22.999,0.9992,0,-13.984,-0.309,-5.797,0.2605,8.554,0.868,-1.317,1.000,5.797,14.000,0.7114,-0.9223,-0.655,-0.655,-0.922,1.360,1.470,-2.500,0.0084,-0.980,nan,0.00,1,1,1,0,1,0.0000,0.288,0,0.201,1,0.810,0,0,yolo,130.9,yolo,1,1,0,0.000,0,-1,0
1785623887.912,0.576,-2.191,22.999,0.9992,0,-13.424,-0.309,-6.985,0.2439,8.146,0.998,-1.150,1.000,6.985,14.000,-1.6886,-1.5230,-0.655,-1.236,-0.922,1.360,1.588,-2.500,0.0085,-0.828,nan,0.00,1,1,1,1,1,0.0000,0.288,0,0.201,1,0.810,0,0,yolo,120.2,yolo,1,1,0,0.000,0,-1,0
1785623887.943,0.576,-2.191,22.999,0.9992,0,-13.424,-0.309,-6.985,0.2561,8.146,0.998,-1.150,1.000,6.985,14.000,0.5813,-0.9223,-0.655,-0.655,-0.922,1.360,1.588,-2.500,0.0086,-0.828,nan,0.00,1,1,1,0,1,0.0000,0.418,0,0.148,1,0.825,0,0,yolo,120.2,yolo,1,1,0,0.000,0,-1,0
1785623887.974,2.577,-2.261,24.005,0.9982,0,-11.924,-0.239,-6.985,0.2578,8.146,0.998,-1.150,1.000,6.985,14.000,0.5702,-0.8629,-0.666,-0.666,-0.863,1.339,1.630,-2.500,0.0087,-0.782,nan,0.00,1,1,1,0,1,0.0000,0.418,0,0.148,1,0.825,0,0,yolo,120.2,yolo,1,1,0,0.000,0,-1,0
1785623888.011,4.286,-2.343,24.903,0.9964,0,-10.424,-0.157,-6.985,0.2596,8.146,0.998,-1.150,1.000,6.985,14.000,0.5848,-0.8055,-0.651,-0.651,-0.806,1.321,1.670,-2.500,0.0088,-0.738,nan,0.00,1,1,1,0,1,0.0000,0.418,0,0.148,1,0.825,2,0,yolo,120.2,yolo,1,1,0,0.000,0,-1,0
1785623888.042,4.286,-2.343,24.903,0.9964,0,-9.714,-0.157,-7.781,0.2504,7.717,1.054,-1.012,1.000,7.781,14.000,-0.8036,-0.9286,-0.651,-0.998,-0.806,1.321,1.741,-2.500,0.0088,-0.614,nan,0.00,1,1,1,1,1,0.0000,0.260,0,0.146,2,0.821,0,0,yolo,116.8,yolo,1,1,0,0.000,0,-1,0
1785623888.065,5.521,-2.423,25.652,0.9945,0,-8.479,-0.077,-7.781,0.2575,7.717,1.054,-1.012,1.000,7.781,14.000,0.3725,-0.7602,-0.626,-0.626,-0.760,1.307,1.771,-2.500,0.0089,-0.579,nan,0.00,1,1,1,0,1,0.0000,0.260,0,0.146,2,0.821,0,0,yolo,116.8,yolo,1,1,0,0.000,0,-1,0
1785623888.096,5.521,-2.423,25.652,0.9945,0,-8.479,-0.077,-7.781,0.2575,7.717,1.054,-1.012,1.000,7.781,14.000,0.3725,-0.7602,-0.626,-0.626,-0.760,1.307,1.771,-2.500,0.0089,-0.579,nan,0.00,1,1,1,0,1,0.0000,0.439,0,0.173,1,0.828,0,0,yolo,116.8,yolo,1,1,0,0.000,0,-1,0
1785623888.126,6.575,-2.527,26.555,0.9925,0,-7.425,0.027,-7.781,0.2592,7.717,1.054,-1.012,1.000,7.781,14.000,0.4109,-0.7127,-0.587,-0.587,-0.713,1.293,1.801,-2.500,0.0090,-0.544,nan,0.00,1,1,1,0,1,0.0000,0.439,0,0.173,1,0.828,0,0,yolo,116.8,yolo,1,1,0,0.000,0,-1,0
1785623888.157,7.432,-2.622,27.377,0.9906,0,-6.568,0.122,-8.223,0.2579,7.288,1.053,-0.909,1.000,8.223,14.000,-0.3375,-0.6776,-0.544,-0.720,-0.672,1.282,1.867,-2.500,0.0090,-0.431,nan,0.00,1,1,1,1,1,0.0000,0.554,0,0.179,2,0.801,0,0,yolo,128.2,yolo,1,1,0,0.000,0,-1,0
1785623888.188,7.432,-2.622,27.377,0.9906,0,-6.568,0.122,-8.223,0.2582,7.288,1.053,-0.909,1.000,8.223,14.000,0.1760,-0.6721,-0.544,-0.544,-0.672,1.282,1.867,-2.500,0.0091,-0.431,nan,0.00,1,1,1,0,1,0.0000,0.554,0,0.179,2,0.801,0,0,yolo,128.2,yolo,1,1,0,0.000,0,-1,0
1785623888.225,8.241,-2.732,28.298,0.9885,0,-5.759,0.232,-8.223,0.2590,7.288,1.053,-0.909,1.000,8.223,14.000,0.2299,-0.6465,-0.490,-0.490,-0.646,1.272,1.892,-2.500,0.0091,-0.400,nan,0.00,1,1,1,0,1,0.0000,0.554,0,0.179,2,0.801,3,0,yolo,128.2,yolo,1,1,0,0.000,0,-1,0
1785623888.265,8.874,-2.830,29.134,0.9868,0,-5.126,0.330,-8.223,0.2597,7.288,1.053,-0.909,1.000,8.223,14.000,0.2830,-0.6249,-0.437,-0.437,-0.625,1.265,1.913,-2.500,0.0092,-0.375,nan,0.00,1,1,1,0,1,0.0000,0.677,0,0.189,2,0.766,0,0,yolo,128.2,yolo,1,1,0,0.000,0,-1,0
1785623888.297,8.874,-2.830,29.134,0.9868,0,-5.126,0.330,-8.264,0.2764,6.780,0.985,-0.850,1.000,8.264,14.000,-0.0368,-0.1695,-0.437,-0.446,-0.625,1.265,1.928,-2.500,0.0092,-0.352,nan,0.00,1,1,1,1,1,0.0000,0.684,0,0.195,2,0.781,0,0,yolo,116.1,yolo,1,1,0,0.000,0,-1,0
1785623888.345,9.430,-2.924,29.953,0.9852,0,-4.570,0.424,-8.264,0.2598,6.780,0.985,-0.850,1.000,8.264,14.000,0.0668,-0.6037,-0.380,-0.380,-0.604,1.260,1.946,-2.500,0.0092,-0.330,nan,0.00,1,1,1,0,1,0.0000,0.684,0,0.195,2,0.781,2,0,yolo,116.1,yolo,1,1,0,0.000,0,-1,0
1785623888.374,10.137,-3.056,30.991,0.9830,0,-3.863,0.556,-8.264,0.2604,6.780,0.985,-0.850,1.000,8.264,14.000,0.1453,-0.5851,-0.301,-0.301,-0.585,1.255,1.970,-2.500,0.0093,-0.301,nan,0.00,1,1,1,0,1,0.0000,0.685,0,0.196,2,0.806,0,0,yolo,116.1,yolo,1,1,0,0.000,0,-1,0
1785623888.405,10.561,-3.149,31.884,0.9816,0,-3.439,0.649,-8.057,0.2672,6.330,0.896,-0.799,1.000,8.057,14.000,0.3441,-0.4261,-0.229,-0.352,-0.567,1.254,2.010,-2.500,0.0093,-0.272,nan,0.00,1,1,1,1,1,0.0000,0.685,0,0.196,2,0.806,0,0,yolo,112.7,yolo,1,1,0,0.000,0,-1,0
1785623888.436,10.561,-3.149,31.884,0.9816,0,-3.439,0.649,-8.057,0.2608,6.330,0.896,-0.799,1.000,8.057,14.000,0.1227,-0.5670,-0.229,-0.229,-0.567,1.254,2.010,-2.500,0.0093,-0.272,nan,0.00,1,1,1,0,1,0.0000,0.689,0,0.199,2,0.811,0,0,yolo,112.7,yolo,1,1,0,0.000,0,-1,0
1785623888.468,10.935,-3.232,32.717,0.9803,0,-3.065,0.732,-8.057,0.2616,6.330,0.896,-0.799,1.000,8.057,14.000,0.1950,-0.5476,-0.157,-0.157,-0.548,1.255,2.023,-2.500,0.0093,-0.257,nan,0.00,1,1,1,0,1,0.0000,0.290,0,0.204,1,0.804,0,0,yolo,112.7,yolo,1,1,0,0.000,0,-1,0
1785623888.500,11.257,-3.309,33.541,0.9791,0,-2.743,0.809,-8.057,0.2623,6.330,0.896,-0.799,1.000,8.057,14.000,0.2690,-0.5282,-0.083,-0.083,-0.528,1.258,2.029,-2.500,0.0094,-0.242,nan,0.00,1,1,1,0,1,0.0000,0.579,0,0.204,1,0.804,0,0,yolo,112.7,yolo,1,1,0,0.000,0,-1,0
1785623888.532,11.257,-3.309,33.541,0.9791,0,-2.743,0.809,-7.768,0.2790,6.120,0.835,-0.806,1.000,7.768,14.000,0.2311,0.2311,-0.083,-0.125,-0.528,1.258,2.033,-2.500,0.0094,-0.273,nan,0.00,1,1,1,1,1,0.0000,0.410,0,0.211,3,0.794,0,0,yolo,117.6,yolo,1,1,0,0.000,0,-1,0
1785623888.566,11.522,-3.378,34.316,0.9781,0,-2.478,0.878,-7.768,0.2640,6.120,0.835,-0.806,1.000,7.768,14.000,0.1127,-0.5112,-0.012,-0.012,-0.511,1.262,2.043,-2.500,0.0094,-0.261,nan,0.00,1,1,1,0,1,0.0000,0.583,0,0.208,1,0.759,0,0,yolo,117.6,yolo,1,1,0,0.000,0,-1,0
1785623888.594,11.765,-3.440,35.087,0.9772,0,-2.235,0.940,-7.768,0.2650,6.120,0.835,-0.806,1.000,7.768,14.000,0.1875,-0.4892,0.063,0.063,-0.489,1.268,2.052,-2.500,0.0094,-0.250,nan,0.00,1,1,1,0,1,0.0000,0.583,0,0.208,1,0.748,0,0,yolo,117.6,yolo,1,1,0,0.000,0,-1,0
1785623888.626,11.954,-3.489,35.758,0.9765,0,-2.046,0.989,-7.440,0.2816,5.880,0.765,-0.801,0.980,7.410,14.000,0.3678,0.1625,0.130,0.127,-0.473,1.275,2.068,-2.500,0.0095,-0.267,nan,0.00,1,1,1,1,1,0.0000,0.583,0,0.208,1,0.748,0,0,yolo,116.3,yolo,1,1,0,0.000,0,-1,0
1785623888.662,11.954,-3.489,35.758,0.9765,0,-2.046,0.989,-7.452,0.2665,5.880,0.765,-0.801,0.980,7.410,14.000,0.0025,-0.4735,0.130,0.130,-0.473,1.275,2.068,-2.500,0.0095,-0.267,nan,0.00,1,1,1,0,1,0.0000,0.349,0,0.207,2,0.734,0,0,yolo,116.3,yolo,1,1,0,0.000,0,-1,0
1785623888.697,12.152,-3.537,36.512,0.9757,0,-1.848,1.037,-7.461,0.2668,5.880,0.765,-0.801,0.980,7.410,14.000,0.0818,-0.4654,0.209,0.209,-0.465,1.284,2.075,-2.500,0.0095,-0.258,nan,0.00,1,1,1,0,1,0.0000,0.583,0,0.208,1,0.733,0,0,yolo,116.3,yolo,1,1,0,0.000,0,-1,0
1785623888.735,12.304,-3.577,37.171,0.9751,0,-1.153,1.077,-7.468,0.2670,5.880,0.765,-0.801,0.980,7.410,13.457,0.1523,-0.4620,0.280,0.280,-0.462,1.293,2.081,-2.500,0.0095,-0.252,nan,0.00,1,1,1,0,1,0.0000,0.350,0,0.208,2,0.719,0,0,yolo,116.3,yolo,1,1,0,0.000,0,-1,0
1785623888.772,12.382,-3.614,37.811,0.9748,0,-1.079,1.114,-7.355,0.2836,5.653,0.731,-0.811,0.942,7.372,13.461,0.0223,0.1521,0.348,0.269,-0.459,1.303,2.061,-2.500,0.0096,-0.277,nan,0.00,1,1,1,1,1,0.0000,0.407,0,0.207,3,0.717,0,0,yolo,120.6,yolo,1,1,0,0.000,0,-1,0
1785623888.811,12.460,-3.648,38.487,0.9745,0,0.421,1.148,-7.214,0.2678,5.653,0.731,-0.811,0.942,7.372,10.687,0.1522,-0.4617,0.421,0.421,-0.462,1.315,2.066,-2.500,0.0096,-0.273,nan,0.00,1,1,1,0,1,0.0000,0.547,0,0.172,2,0.717,0,0,yolo,120.6,yolo,1,1,0,0.000,0,-1,0
1785623888.842,12.379,-3.676,39.156,0.9747,0,1.921,1.176,-7.108,0.2676,5.653,0.731,-0.811,0.942,7.372,9.260,0.2276,-0.4655,0.496,0.496,-0.465,1.327,2.067,-2.500,0.0096,-0.271,nan,0.00,1,1,1,0,1,0.0000,0.652,0,0.169,3,0.712,0,0,yolo,120.6,yolo,1,1,0,0.000,0,-1,0
1785623888.878,12.215,-3.697,39.772,0.9753,0,2.086,1.197,-6.540,0.2842,5.363,0.688,-0.791,0.894,7.310,10.129,0.0436,0.0712,0.566,0.424,-0.463,1.340,2.064,-2.500,0.0097,-0.281,nan,0.00,1,1,1,1,1,0.0000,0.652,0,0.169,3,0.712,1,0,yolo,120.6,yolo,1,1,0,0.000,0,-1,0
1785623888.920,11.982,-3.705,40.386,0.9762,0,3.586,1.205,-6.321,0.2676,5.363,0.688,-0.791,0.894,7.310,6.289,0.2155,-0.4657,0.640,0.640,-0.466,1.354,2.061,-2.500,0.0097,-0.283,nan,0.00,1,1,1,0,1,0.0000,0.638,0,0.157,3,0.825,0,0,yolo,120.6,yolo,1,1,0,0.000,0,-1,0
1785623888.951,11.982,-3.705,40.386,0.9762,0,5.086,1.205,-6.157,0.2676,5.363,0.688,-0.791,0.894,7.310,6.289,0.2155,-0.4657,0.640,0.640,-0.466,1.354,2.061,-2.500,0.0097,-0.283,nan,0.00,1,1,1,0,1,0.0000,0.638,0,0.157,3,0.825,0,0,yolo,120.6,yolo,1,1,0,0.000,0,-1,0
1785623888.989,11.606,-3.701,40.944,0.9775,0,5.143,1.201,-5.226,0.2843,5.063,0.633,-0.768,0.844,7.132,6.463,0.1575,0.1363,0.711,0.558,-0.463,1.368,2.063,-2.500,0.0097,-0.297,nan,0.00,1,1,1,1,1,0.0000,0.264,0,0.153,2,0.844,1,0,yolo,118.0,yolo,1,1,0,0.000,0,-1,0
1785623889.028,11.029,-3.690,41.549,0.9795,0,6.643,1.190,-5.047,0.2678,5.063,0.633,-0.768,0.844,7.132,2.910,0.2278,-0.4587,0.785,0.785,-0.459,1.384,2.055,-2.500,0.0098,-0.306,nan,0.00,1,1,1,0,1,0.0000,0.264,0,0.152,2,0.842,0,0,yolo,118.0,yolo,1,1,0,0.000,0,-1,0
1785623889.060,10.264,-3.655,42.071,0.9820,0,8.143,1.155,-4.913,0.2677,5.063,0.633,-0.768,0.844,7.132,1.511,0.3033,-0.4564,0.861,0.861,-0.456,1.400,2.043,-2.500,0.0098,-0.319,nan,0.00,1,1,1,0,1,0.0000,0.527,0,0.152,2,0.821,0,0,yolo,118.0,yolo,1,1,0,0.000,0,-1,0
1785623889.091,9.423,-3.612,42.508,0.9845,0,9.110,1.112,-4.812,0.2674,5.063,0.633,-0.768,0.844,7.132,0.314,0.3679,-0.4573,0.926,0.926,-0.457,1.413,2.030,-2.500,0.0098,-0.334,nan,0.00,1,1,1,0,1,0.0000,0.526,0,0.151,2,0.821,0,0,yolo,118.0,yolo,1,1,0,0.000,0,-1,0
1785623889.122,9.423,-3.612,42.508,0.9845,0,7.610,1.112,-3.821,0.2841,4.767,0.580,-0.738,0.795,6.935,4.640,0.1634,-0.0282,0.926,0.597,-0.457,1.413,2.008,-2.500,0.0099,-0.331,nan,0.00,1,1,1,1,1,0.0000,0.526,0,0.151,2,0.821,0,0,yolo,114.7,yolo,1,1,0,0.000,0,-1,0
1785623889.154,8.337,-3.528,42.999,0.9876,0,9.110,1.028,-3.743,0.2674,4.767,0.580,-0.738,0.795,6.935,-2.194,0.4092,-0.4616,1.006,1.006,-0.462,1.430,1.990,-2.500,0.0099,-0.351,nan,0.00,1,1,1,0,1,0.0000,0.421,0,0.152,1,0.801,0,0,yolo,114.7,yolo,1,1,0,0.000,0,-1,0
1785623889.189,7.238,-3.460,43.393,0.9902,0,10.503,0.960,-3.685,0.2667,4.767,0.580,-0.738,0.795,6.935,-3.265,0.4678,-0.4643,1.065,1.065,-0.464,1.443,1.974,-2.500,0.0099,-0.370,nan,0.00,1,1,1,0,1,0.0000,0.421,0,0.152,1,0.801,2,0,yolo,114.7,yolo,1,1,0,0.000,0,-1,0
1785623889.229,7.238,-3.460,43.393,0.9902,0,9.003,0.960,-2.609,0.2753,4.464,0.539,-0.688,0.744,6.879,3.563,0.0439,-0.2595,1.065,0.637,-0.464,1.443,1.950,-2.500,0.0100,-0.344,nan,0.00,1,1,1,1,1,0.0000,0.513,0,0.138,2,0.714,0,0,yolo,107.3,yolo,1,1,0,0.000,0,-1,0
1785623889.267,6.060,-3.398,43.770,0.9927,0,10.503,0.898,-2.434,0.2658,4.464,0.539,-0.688,0.744,6.879,-4.821,0.4738,-0.4668,1.111,1.111,-0.467,1.455,1.935,-2.500,0.0100,-0.361,nan,0.00,1,1,1,0,1,0.0000,0.247,0,0.036,1,0.684,2,0,yolo,107.3,yolo,1,1,0,0.000,0,-1,0
1785623889.303,5.149,-3.325,44.031,0.9943,0,10.623,0.825,-2.303,0.2656,4.464,0.539,-0.688,0.744,6.879,-5.474,0.5101,-0.4736,1.147,1.147,-0.474,1.464,1.923,-2.500,0.0101,-0.377,nan,0.00,1,1,1,0,1,0.0000,0.246,0,0.035,1,0.708,0,0,yolo,107.3,yolo,1,1,0,0.000,0,-1,0
1785623889.339,4.132,-3.261,44.211,0.9958,0,9.123,0.761,-1.238,0.2780,4.165,0.505,-0.629,0.694,6.912,2.164,-0.0182,-0.1749,1.177,0.695,-0.479,1.471,1.890,-2.500,0.0101,-0.353,nan,0.00,1,1,1,1,1,0.0000,0.246,0,0.036,1,0.730,0,0,yolo,106.5,yolo,1,1,0,0.000,0,-1,0
1785623889.364,3.187,-3.190,44.339,0.9969,0,10.127,0.690,-1.090,0.2643,4.165,0.505,-0.629,0.694,6.912,-6.940,0.5084,-0.4817,1.203,1.203,-0.482,1.477,1.879,-2.500,0.0101,-0.367,nan,0.00,1,1,1,0,1,0.0000,0.486,0,0.111,2,0.757,0,0,yolo,106.5,yolo,1,1,0,0.000,0,-1,0
1785623889.387,3.187,-3.190,44.339,0.9969,0,10.127,0.690,-0.979,0.2643,4.165,0.505,-0.629,0.694,6.912,-6.940,0.5084,-0.4817,1.203,1.203,-0.482,1.477,1.879,-2.500,0.0102,-0.367,nan,0.00,1,1,1,0,1,0.0000,0.486,0,0.111,2,0.757,0,0,yolo,106.5,yolo,1,1,0,0.000,0,-1,0
1785623889.417,2.210,-3.127,44.419,0.9978,0,9.491,0.627,-0.896,0.2644,4.165,0.505,-0.629,0.694,6.912,-7.281,0.5275,-0.4841,1.222,1.222,-0.484,1.481,1.869,-2.500,0.0102,-0.381,nan,0.00,1,1,1,0,1,0.0000,0.257,0,0.054,1,0.770,0,0,yolo,106.5,yolo,1,1,0,0.000,0,-1,0
1785623889.448,1.317,-3.069,44.496,0.9983,0,7.991,0.569,-0.093,0.2742,3.881,0.482,-0.568,0.647,7.082,1.213,-0.0863,-0.2436,1.235,0.739,-0.486,1.484,1.837,-2.500,0.0102,-0.349,nan,0.00,1,1,1,1,1,0.0000,0.255,0,0.050,1,0.794,0,0,yolo,111.2,yolo,1,1,0,0.000,0,-1,0
1785623889.474,0.510,-3.012,44.519,0.9986,0,8.405,0.512,-0.104,0.2635,3.881,0.482,-0.568,0.647,7.082,-7.895,0.5034,-0.4869,1.242,1.242,-0.487,1.486,1.829,-2.500,0.0103,-0.359,nan,0.00,1,1,1,0,1,0.0000,0.255,0,0.050,1,0.794,0,0,yolo,111.2,yolo,1,1,0,0.000,0,-1,0
1785623889.505,0.510,-3.012,44.519,0.9986,0,8.405,0.512,-0.112,0.2636,3.881,0.482,-0.568,0.647,7.082,-7.895,0.5034,-0.4869,1.242,1.242,-0.487,1.486,1.829,-2.500,0.0103,-0.359,nan,0.00,1,1,1,0,1,0.0000,0.342,0,0.053,2,0.827,0,0,yolo,111.2,yolo,1,1,0,0.000,0,-1,0
1785623889.541,-0.335,-2.960,44.509,0.9986,0,6.905,0.460,1.388,0.2469,3.535,0.437,-0.476,0.589,7.053,-1.662,0.0268,-0.9625,1.244,0.839,-0.487,1.487,1.816,-2.500,0.0103,-0.295,nan,0.00,1,1,1,1,1,0.0000,0.340,0,0.050,2,0.849,0,0,yolo,112.7,yolo,1,1,0,0.000,0,-1,0
1785623889.572,-1.231,-2.904,44.488,0.9985,0,7.267,0.404,1.898,0.2627,3.535,0.437,-0.476,0.589,7.053,-8.498,0.4015,-0.4722,1.241,1.241,-0.472,1.487,1.809,-2.500,0.0104,-0.305,nan,0.00,1,1,1,0,1,0.0000,0.171,0,0.052,2,0.870,0,0,yolo,112.7,yolo,1,1,0,0.000,0,-1,0
1785623889.602,-1.950,-2.869,44.301,0.9982,0,6.471,0.369,2.172,0.2642,3.535,0.437,-0.476,0.589,7.053,-8.421,0.3970,-0.4454,1.236,1.236,-0.445,1.483,1.804,-2.500,0.0104,-0.313,nan,0.00,1,1,1,0,1,0.0000,0.170,0,0.050,0,0.893,0,0,yolo,112.7,yolo,1,1,0,0.000,0,-1,0
1785623889.633,-1.950,-2.869,44.301,0.9982,0,6.471,0.369,2.378,0.2643,3.535,0.437,-0.476,0.589,7.053,-8.421,0.3970,-0.4454,1.236,1.236,-0.445,1.483,1.804,-2.500,0.0104,-0.313,nan,0.00,1,1,1,0,1,0.0000,0.170,0,0.050,0,0.893,0,0,yolo,112.7,yolo,1,1,0,0.000,0,-1,0
1785623889.669,-2.595,-2.838,44.100,0.9977,0,4.971,0.338,3.707,0.2659,3.200,0.409,-0.392,0.533,7.280,-1.788,-0.0758,-0.3711,1.226,0.820,-0.414,1.478,1.771,-2.500,0.0105,-0.251,nan,0.00,1,1,1,1,1,0.0000,0.171,0,0.051,0,0.904,1,0,yolo,106.3,yolo,1,1,0,0.000,0,-1,0
1785623889.695,-3.067,-2.820,43.800,0.9974,0,5.606,0.320,3.833,0.2655,3.200,0.409,-0.392,0.533,7.280,-8.672,0.3948,-0.3858,1.215,1.215,-0.386,1.471,1.769,-2.500,0.0105,-0.255,nan,0.00,1,1,1,0,1,0.0000,0.171,0,0.052,0,0.916,0,0,yolo,106.3,yolo,1,1,0,0.000,0,-1,0
1785623889.727,-3.067,-2.820,43.800,0.9974,0,5.606,0.320,3.928,0.2655,3.200,0.409,-0.392,0.533,7.280,-8.672,0.3948,-0.3858,1.215,1.215,-0.386,1.471,1.769,-2.500,0.0105,-0.255,nan,0.00,1,1,1,0,1,0.0000,0.128,0,0.050,1,0.929,0,0,yolo,106.3,yolo,1,1,0,0.000,0,-1,0
1785623889.756,-3.679,-2.808,43.394,0.9967,0,4.106,0.308,4.747,0.2488,2.820,0.404,-0.285,0.470,8.155,1.313,-1.2930,-2.0000,1.199,0.794,-0.364,1.461,1.663,-2.500,0.0105,-0.172,nan,0.00,1,1,1,1,1,0.0000,0.255,0,0.050,1,0.929,0,0,yolo,105.4,yolo,1,1,0,0.000,0,-1,0
1785623889.793,-4.076,-2.805,42.974,0.9963,0,4.075,0.305,4.528,0.2652,2.820,0.404,-0.285,0.470,8.155,-8.151,0.3871,-0.3467,1.181,1.181,-0.347,1.452,1.663,-2.500,0.0105,-0.175,nan,0.00,1,1,1,0,0,0.0000,0.000,0,0.000,0,0.000,0,0,yolo,105.4,yolo,1,1,0,0.000,0,-1,0
1785623889.825,-4.510,-2.804,42.524,0.9957,0,3.277,0.304,4.364,0.2662,2.820,0.404,-0.285,0.470,8.155,-7.787,0.3650,-0.3299,1.159,1.159,-0.330,1.441,1.663,-2.500,0.0106,-0.178,nan,0.00,1,1,1,0,0,0.0000,0.000,0,0.000,0,0.000,0,0,yolo,105.4,yolo,1,1,0,0.000,0,-1,0
1785623889.855,-4.510,-2.804,42.524,0.9957,0,3.277,0.304,4.241,0.2662,2.820,0.404,-0.285,0.470,8.155,-7.787,0.3650,-0.3299,1.159,1.159,-0.330,1.441,1.663,-2.500,0.0106,-0.178,nan,0.00,1,1,1,0,0,0.0000,0.000,0,0.000,0,0.000,0,0,yolo,105.4,yolo,1,1,0,0.000,0,-1,0
1785623889.901,-4.852,-2.804,42.110,0.9952,0,4.211,1.651,2.741,0.2669,nan,nan,nan,0.000,0.000,-9.062,0.0000,-0.3142,1.133,1.133,-0.314,1.432,1.000,-1.153,0.0106,-0.172,nan,0.00,0,0,0,0,0,0.0000,0.000,0,0.000,0,0.000,0,0,,,FLYING,1,1,0,0.000,0,-1,0
1785623889.933,-5.192,-2.806,41.717,0.9947,0,3.644,1.603,1.241,0.2675,nan,nan,nan,0.000,0.000,-8.836,0.0000,-0.2992,1.105,1.105,-0.299,1.423,1.000,-1.203,0.0106,-0.167,nan,0.00,0,0,0,0,0,0.0000,0.000,0,0.000,0,0.000,1,0,,,FLYING,1,1,0,0.000,0,-1,0
1785623889.966,-5.583,-2.677,41.449,0.9942,0,3.021,1.467,0.000,0.2681,nan,nan,nan,0.000,0.000,-8.603,0.0000,-0.2864,1.075,1.075,-0.286,1.416,1.000,-1.211,0.0106,-0.162,nan,0.00,0,0,0,0,0,0.0000,0.000,0,0.000,0,0.000,1,0,,,FLYING,1,1,0,0.000,0,-1,0
1785623890.009,-5.936,-2.535,41.329,0.9937,0,2.371,1.337,0.000,0.2681,nan,nan,nan,0.000,0.000,-8.307,0.0000,-0.2863,1.038,1.038,-0.286,1.412,1.000,-1.198,0.0106,-0.157,nan,0.00,0,0,0,0,0,0.0000,0.000,0,0.000,0,0.000,0,0,,,FLYING,1,1,0,0.000,0,-1,0
1785623890.035,-6.247,-2.392,41.334,0.9932,0,1.701,1.211,0.000,0.2680,nan,nan,nan,0.000,0.000,-7.947,0.0000,-0.2888,0.993,0.993,-0.289,1.408,1.000,-1.181,0.0106,-0.153,nan,0.00,0,0,0,0,0,0.0000,0.000,0,0.000,0,0.000,0,0,,,FLYING,1,1,0,0.000,0,-1,0
1785623890.062,-6.420,-2.275,41.342,0.9929,0,1.164,1.090,0.000,0.2677,nan,nan,nan,0.000,0.000,-7.584,0.0000,-0.2927,0.948,0.948,-0.293,1.403,1.000,-1.185,0.0106,-0.148,nan,0.00,0,0,0,0,0,0.0000,0.000,0,0.000,0,0.000,0,0,,,FLYING,1,1,0,0.000,0,-1,0
1785623890.103,-6.537,-2.180,41.325,0.9928,0,0.717,0.979,0.000,0.2674,nan,nan,nan,0.000,0.000,-7.254,0.0000,-0.2970,0.907,0.907,-0.297,1.397,1.000,-1.200,0.0106,-0.144,nan,0.00,0,0,0,0,0,0.0000,0.000,0,0.000,0,0.000,0,0,,,FLYING,1,1,0,0.000,0,-1,0
1785623890.131,-6.537,-2.180,41.325,0.9928,0,0.717,1.038,0.000,0.2673,nan,nan,nan,0.000,0.000,-7.254,0.0000,-0.2970,0.907,0.907,-0.297,1.397,1.000,-1.142,0.0106,-0.139,nan,0.00,0,0,0,0,0,0.0000,0.000,0,0.000,0,0.000,0,0,,,FLYING,1,1,0,0.000,0,-1,2
1785623890.159,-14.988,-3.090,20.522,0.9646,0,-0.783,0.590,0.000,0.2507,nan,nan,nan,0.000,0.000,-10.000,0.0000,-0.8212,3.214,3.214,-0.821,-2.033,1.000,-2.500,0.0106,-0.135,nan,0.00,0,0,0,0,0,0.0000,0.000,0,0.000,0,0.000,0,0,,,FLYING,1,1,0,0.000,0,-1,0
1785623890.187,-12.941,-6.423,12.308,0.9685,0,-2.283,2.090,0.000,0.2340,nan,nan,nan,0.000,0.000,-10.000,0.0000,-1.5000,4.608,4.608,-1.508,-5.287,1.000,-2.500,0.0106,-0.131,nan,0.00,0,0,0,0,0,0.0000,0.000,0,0.000,0,0.000,0,0,,,FLYING,1,1,0,0.000,0,-1,0
1785623890.225,-12.941,-6.423,12.308,0.9685,0,-2.941,3.590,0.000,0.2178,nan,nan,nan,0.000,0.000,-10.000,0.0000,-1.5000,4.608,4.608,-1.508,-5.287,1.000,-2.500,0.0106,-0.127,nan,0.00,0,0,0,0,0,0.0000,0.000,0,0.000,0,0.000,0,0,,,FLYING,1,1,0,0.000,0,-1,0
1785623890.253,-12.832,-5.185,16.611,0.9710,0,-2.832,2.685,0.000,0.2171,nan,nan,nan,0.000,0.000,-10.000,0.0000,-1.5000,7.388,7.388,-2.304,-8.747,1.000,-2.500,0.0106,-0.123,nan,0.00,0,0,0,0,0,0.0000,0.000,0,0.000,0,0.000,0,0,,,FLYING,1,1,0,0.000,0,-1,0
1785623890.288,-12.381,-4.769,17.413,0.9734,0,-2.381,2.269,0.000,0.2164,nan,nan,nan,0.000,0.000,-10.000,0.0000,-1.5000,9.718,9.718,-2.905,-12.161,1.000,-2.500,0.0106,-0.120,nan,0.00,0,0,0,0,0,0.0000,0.000,0,0.000,0,0.000,0,0,,,FLYING,1,1,0,0.000,0,-1,0
1785623890.317,-12.381,-4.769,17.413,0.9734,0,-2.381,2.269,0.000,0.2163,nan,nan,nan,0.000,0.000,-10.000,0.0000,-1.5000,9.718,9.718,-2.905,-12.161,1.000,-2.500,0.0106,-0.116,nan,0.00,0,0,0,0,0,0.0000,0.000,0,0.000,0,0.000,0,0,,,FLYING,1,1,0,0.000,0,-1,0
1785623890.355,-11.907,-4.827,16.619,0.9750,0,-1.907,2.327,0.000,0.2158,nan,nan,nan,0.000,0.000,-10.000,0.0000,-1.5000,9.460,9.460,-2.750,-12.258,1.000,-2.500,0.0106,-0.113,nan,0.00,0,0,0,0,0,0.0000,0.000,0,0.000,0,0.000,0,0,,,FLYING,1,1,0,0.000,0,-1,0
1785623890.391,-11.562,-4.600,16.833,0.9766,0,-1.562,2.100,0.000,0.2154,nan,nan,nan,0.000,0.000,-10.000,0.0000,-1.5000,9.419,9.419,-2.412,-12.179,1.000,-2.500,0.0106,-0.109,nan,0.00,0,0,0,0,0,0.0000,0.000,0,0.000,0,0.000,0,0,,,FLYING,1,1,0,0.000,0,-1,0
1785623890.422,-11.286,-4.432,16.890,0.9777,0,-0.062,1.932,1.500,0.2150,4.000,-0.551,0.000,0.233,-7.845,-14.000,-0.0000,-1.5000,9.354,9.354,-2.121,-12.132,1.200,-2.500,0.0106,-0.106,nan,0.00,0,1,0,1,1,0.0000,0.246,0,0.035,1,0.802,0,1,blueline,,BLUELINE,1,1,0,0.000,0,-1,0
1785623890.453,-11.170,-4.328,16.671,0.9783,0,1.438,1.828,3.000,0.2148,4.000,-0.551,0.000,0.233,-7.845,-14.000,-0.1233,-1.5000,9.230,9.230,-1.889,-12.134,1.200,-2.500,0.0106,-0.103,nan,0.00,0,1,0,0,1,0.0000,0.246,0,0.035,1,0.802,0,0,blueline,,BLUELINE,1,1,0,0.000,0,-1,0
1785623890.484,-11.170,-4.328,16.671,0.9783,0,2.830,1.828,4.500,0.2147,4.000,-0.551,0.000,0.233,-7.845,-14.000,-0.1233,-1.5000,9.230,9.230,-1.889,-12.134,1.200,-2.500,0.0106,-0.100,nan,0.00,0,1,0,0,1,0.0000,0.246,0,0.035,1,0.802,0,0,blueline,,BLUELINE,1,1,0,0.000,0,-1,0
1785623890.509,-11.381,-4.269,16.156,0.9776,0,1.330,1.769,3.378,0.2148,4.000,-0.236,0.000,0.233,-3.378,-9.696,-4.1888,-1.5000,9.029,9.029,-1.692,-12.181,1.200,-2.500,0.0106,-0.097,nan,0.00,0,1,0,1,1,0.0000,0.080,0,0.027,0,0.823,0,0,blueline,,BLUELINE,1,1,0,0.000,0,-1,0
1785623890.550,-11.401,-4.189,15.750,0.9776,0,-0.170,1.689,1.878,0.2147,nan,nan,nan,0.000,0.000,-10.000,0.0000,-1.5000,8.857,8.857,-1.539,-12.212,1.000,-2.500,0.0106,-0.094,nan,0.00,0,0,0,0,1,0.0000,0.161,0,0.026,0,0.825,0,0,,,FLYING,1,1,0,0.000,0,-1,0
1785623890.596,-11.401,-4.189,15.750,0.9776,0,1.330,1.689,0.872,0.2314,10.911,-0.166,-1.159,1.000,-0.872,-14.000,-0.0000,-0.0000,8.857,8.857,-1.539,-12.212,2.147,-2.500,0.0106,-0.303,nan,0.00,1,1,1,1,1,0.0000,0.161,0,0.026,0,0.825,1,1,yolo,103.6,yolo,1,1,0,0.000,0,-1,0
1785623890.628,-11.286,-4.052,15.565,0.9782,0,2.714,1.552,0.872,0.2270,10.911,-0.166,-1.159,1.000,-0.872,-14.000,-0.1285,-1.3888,8.729,8.729,-1.389,-12.205,2.120,-2.500,0.0106,-0.330,nan,0.00,1,1,1,0,1,0.0000,0.125,0,0.042,1,0.805,2,0,yolo,103.6,yolo,1,1,0,0.000,0,-1,0
1785623890.653,-11.602,-3.902,15.453,0.9773,0,2.398,1.402,0.872,0.2347,10.911,-0.166,-1.159,1.000,-0.872,-14.000,-0.2567,-1.2441,8.601,8.601,-1.244,-12.187,2.093,-2.500,0.0107,-0.357,nan,0.00,1,1,1,0,1,0.0000,0.188,0,0.096,1,0.777,0,0,yolo,103.6,yolo,1,1,0,0.000,0,-1,0
1785623890.684,-11.602,-3.902,15.453,0.9773,0,2.398,1.402,1.322,0.2181,10.058,-0.232,-0.677,1.000,-1.322,-14.000,0.7912,-2.0000,8.601,5.301,-1.244,-12.187,2.200,-2.500,0.0107,0.069,nan,0.00,1,1,1,1,1,0.0000,0.188,0,0.095,1,0.777,0,0,yolo,103.3,yolo,1,1,0,0.000,0,-1,0
1785623890.715,-11.828,-3.779,15.270,0.9766,0,2.172,1.279,1.322,0.2290,10.058,-0.232,-0.677,1.000,-1.322,-14.000,3.1528,-1.1014,8.454,8.454,-1.101,-12.180,2.200,-2.500,0.0107,0.049,nan,0.00,1,1,1,0,1,0.0000,0.188,0,0.095,1,0.777,0,0,yolo,103.3,yolo,1,1,0,0.000,0,-1,0
1785623890.746,-11.828,-3.779,15.270,0.9766,0,2.172,1.279,1.322,0.2290,10.058,-0.232,-0.677,1.000,-1.322,-14.000,3.1528,-1.1014,8.454,8.454,-1.101,-12.180,2.200,-2.500,0.0107,0.049,nan,0.00,1,1,1,0,1,0.0000,0.375,0,0.093,1,0.779,0,0,yolo,103.3,yolo,1,1,0,0.000,0,-1,0
1785623890.772,-12.038,-3.674,15.091,0.9760,0,1.962,1.174,1.672,0.2123,9.539,-0.278,-0.359,1.000,-1.672,-14.000,0.8722,-2.0000,8.312,5.176,-0.973,-12.176,2.131,-2.500,0.0106,0.319,nan,0.00,1,1,1,1,1,0.0000,0.375,0,0.093,1,0.779,0,0,yolo,102.3,yolo,1,1,0,0.000,0,-1,0
1785623890.808,-12.236,-3.580,14.881,0.9754,0,1.764,1.080,1.672,0.2290,9.539,-0.278,-0.359,1.000,-1.672,-14.000,2.9809,-0.8332,8.157,8.157,-0.833,-12.176,2.145,-2.500,0.0106,0.305,nan,0.00,1,1,1,0,1,0.0000,0.375,0,0.094,1,0.779,0,0,yolo,102.3,yolo,1,1,0,0.000,0,-1,0
1785623890.840,-12.236,-3.580,14.881,0.9754,0,1.764,1.080,1.672,0.2337,9.539,-0.278,-0.359,1.000,-1.672,-14.000,2.9809,-0.8332,8.157,8.157,-0.833,-12.176,2.145,-2.500,0.0106,0.305,nan,0.00,1,1,1,0,1,0.0000,0.375,0,0.094,1,0.779,0,0,yolo,102.3,yolo,1,1,0,0.000,0,-1,0
1785623890.871,-12.403,-3.504,14.682,0.9748,0,1.597,1.004,1.672,0.2398,9.539,-0.278,-0.359,1.000,-1.672,-14.000,2.8368,-0.7106,8.013,8.013,-0.711,-12.177,2.157,-2.500,0.0105,0.293,nan,0.00,1,1,1,0,1,0.0000,0.376,0,0.095,1,0.770,0,0,yolo,102.3,yolo,1,1,0,0.000,0,-1,0
1785623890.903,-12.571,-3.426,14.476,0.9743,0,1.429,0.926,1.872,0.2231,9.104,-0.297,-0.170,1.000,-1.872,-14.000,0.3178,-1.4980,7.857,4.863,-0.583,-12.177,2.007,-2.500,0.0105,0.443,nan,0.00,1,1,1,1,1,0.0000,0.376,0,0.095,1,0.770,0,0,yolo,109.0,yolo,1,1,0,0.000,0,-1,0
1785623890.928,-12.571,-3.426,14.476,0.9743,0,1.429,0.926,1.872,0.2398,9.104,-0.297,-0.170,1.000,-1.872,-14.000,2.9932,-0.5832,7.857,7.857,-0.583,-12.177,2.007,-2.500,0.0104,0.443,nan,0.00,1,1,1,0,1,0.0000,0.255,0,0.135,2,0.774,0,0,yolo,109.0,yolo,1,1,0,0.000,0,-1,0
1785623890.964,-12.723,-3.363,14.245,0.9738,0,1.277,0.863,1.872,0.2469,9.104,-0.297,-0.170,1.000,-1.872,-14.000,2.8296,-0.4662,7.693,7.693,-0.466,-12.180,2.017,-2.500,0.0104,0.433,nan,0.00,1,1,1,0,1,0.0000,0.510,0,0.135,2,0.774,0,0,yolo,109.0,yolo,1,1,0,0.000,0,-1,0
1785623891.003,-12.723,-3.363,14.245,0.9738,0,1.277,0.863,2.130,0.2310,8.889,-0.331,-0.063,1.000,-2.130,-14.000,0.3009,-0.7423,7.693,4.748,-0.466,-12.180,1.918,-2.500,0.0104,0.532,nan,0.00,1,1,1,1,1,0.0000,0.531,0,0.156,2,0.805,0,0,yolo,107.7,yolo,1,1,0,0.000,0,-1,0
1785623891.042,-12.848,-3.312,14.034,0.9733,0,1.152,0.812,2.130,0.2477,8.889,-0.331,-0.063,1.000,-2.130,-14.000,2.7958,-0.3685,7.544,7.544,-0.369,-12.184,1.925,-2.500,0.0103,0.525,nan,0.00,1,1,1,0,1,0.0000,0.531,0,0.156,2,0.805,0,0,yolo,107.7,yolo,1,1,0,0.000,0,-1,0
1785623891.073,-12.976,-3.265,13.797,0.9729,0,1.024,0.765,2.130,0.2530,8.889,-0.331,-0.063,1.000,-2.130,-14.000,2.6375,-0.2783,7.385,7.385,-0.278,-12.190,1.931,-2.500,0.0102,0.519,nan,0.00,1,1,1,0,1,0.0000,0.434,0,0.167,1,0.839,0,0,yolo,107.7,yolo,1,1,0,0.000,0,-1,0
1785623891.104,-13.076,-3.230,13.557,0.9725,0,0.924,0.730,2.334,0.2561,8.730,-0.356,-0.035,1.000,-2.334,-14.000,0.3113,-0.1987,7.226,4.457,-0.199,-12.197,1.911,-2.500,0.0102,0.539,nan,0.00,1,1,1,1,1,0.0000,0.434,0,0.167,1,0.839,0,0,yolo,111.8,yolo,1,1,0,0.000,0,-1,0
1785623891.135,-13.076,-3.230,13.557,0.9725,0,0.924,0.730,2.334,0.2561,8.730,-0.356,-0.035,1.000,-2.334,-14.000,2.7693,-0.1991,7.226,7.226,-0.199,-12.197,1.911,-2.500,0.0101,0.539,nan,0.00,1,1,1,0,1,0.0000,0.535,0,0.160,2,0.819,0,0,yolo,111.8,yolo,1,1,0,0.000,0,-1,0
1785623891.166,-13.166,-3.202,13.305,0.9722,0,0.834,0.702,2.334,0.2594,8.730,-0.356,-0.035,1.000,-2.334,-14.000,2.6079,-0.1292,7.065,7.065,-0.129,-12.204,1.915,-2.500,0.0101,0.535,nan,0.00,1,1,1,0,1,0.0000,0.535,0,0.160,2,0.819,0,0,yolo,111.8,yolo,1,1,0,0.000,0,-1,0
1785623891.198,-13.243,-3.179,13.061,0.9719,0,0.757,0.679,2.334,0.2622,8.730,-0.356,-0.035,1.000,-2.334,-14.000,2.4532,-0.0716,6.910,6.910,-0.072,-12.212,1.918,-2.500,0.0100,0.532,nan,0.00,1,1,1,0,1,0.0000,0.637,0,0.155,3,0.761,0,0,yolo,111.8,yolo,1,1,0,0.000,0,-1,0
1785623891.234,-13.243,-3.179,13.061,0.9719,0,0.757,0.679,2.387,0.2783,8.618,-0.359,-0.064,1.000,-2.387,-14.000,0.0587,0.2535,6.910,4.228,-0.072,-12.212,1.952,-2.500,0.0100,0.498,nan,0.00,1,1,1,1,1,0.0000,0.663,0,0.178,2,0.714,0,0,yolo,113.3,yolo,1,1,0,0.000,0,-1,1
1785623891.272,-1.412,-3.980,10.815,0.9973,0,2.257,1.480,2.387,0.2616,8.618,-0.359,-0.064,1.000,-2.387,-14.000,2.6002,-0.3301,6.828,6.828,-0.330,-12.538,1.907,-2.500,0.0099,0.543,nan,0.00,1,1,1,0,1,0.0000,0.663,0,0.178,2,0.714,0,0,yolo,113.3,yolo,1,1,0,0.000,0,-1,0
1785623891.305,-1.924,-4.125,10.679,0.9968,0,3.757,1.625,2.387,0.2449,8.618,-0.359,-0.064,1.000,-2.387,-14.000,2.6373,-0.7805,6.865,6.865,-0.781,-12.575,1.882,-2.500,0.0099,0.568,nan,0.00,1,1,1,0,1,0.0000,0.778,0,0.181,3,0.709,0,0,yolo,113.3,yolo,1,1,0,0.000,0,-1,0
1785623891.342,-1.924,-4.125,10.679,0.9968,0,5.257,1.625,2.367,0.2616,8.539,-0.353,-0.115,1.000,-2.367,-14.000,-0.0292,0.5718,6.865,4.164,-0.781,-12.575,1.939,-2.500,0.0098,0.511,nan,0.00,1,1,1,1,1,0.0000,0.899,0,0.249,4,0.620,0,0,yolo,111.5,yolo,1,1,0,0.000,0,-1,0
1785623891.383,-0.287,-2.622,10.819,0.9989,0,6.757,0.125,2.367,0.2449,8.539,-0.353,-0.115,1.000,-2.367,-14.000,2.8900,-1.3021,7.054,7.054,-1.302,-12.563,2.173,-2.500,0.0098,0.277,nan,0.00,1,1,1,0,1,0.0000,0.307,0,0.136,3,0.703,0,0,yolo,111.5,yolo,1,1,0,0.000,0,-1,0
1785623891.413,-0.341,-2.680,10.818,0.9989,0,8.257,0.180,2.367,0.2283,8.539,-0.353,-0.115,1.000,-2.367,-14.000,3.0202,-1.5000,7.184,7.184,-1.820,-12.562,2.164,-2.500,0.0098,0.286,nan,0.00,1,1,1,0,1,0.0000,0.614,0,0.136,3,0.703,0,0,yolo,111.5,yolo,1,1,0,0.000,0,-1,0
1785623891.450,-0.804,-2.758,10.803,0.9987,0,9.757,0.258,2.478,0.2434,8.515,-0.369,-0.055,1.000,-2.478,-14.000,0.0994,-0.4413,7.202,4.363,-2.056,-12.464,2.090,-2.500,0.0097,0.360,nan,0.00,1,1,1,1,1,0.0000,0.614,0,0.136,3,0.703,3,0,yolo,114.4,yolo,1,1,0,0.000,0,-1,0
1785623891.477,-0.804,-2.758,10.803,0.9987,0,11.257,0.258,2.478,0.2267,8.515,-0.369,-0.055,1.000,-2.478,-14.000,2.8385,-1.5000,7.202,7.202,-2.056,-12.464,2.090,-2.500,0.0097,0.360,nan,0.00,1,1,1,0,1,0.0000,0.598,0,0.123,3,0.792,0,0,yolo,114.4,yolo,1,1,0,0.000,0,-1,0
1785623891.513,-1.945,-2.666,10.787,0.9983,0,12.055,0.166,2.478,0.2100,8.515,-0.369,-0.055,1.000,-2.478,-14.000,2.8736,-1.5000,7.237,7.237,-2.118,-12.395,2.096,-2.500,0.0097,0.354,nan,0.00,1,1,1,0,1,0.0000,0.598,0,0.123,3,0.792,1,0,yolo,114.4,yolo,1,1,0,0.000,0,-1,0
1785623891.539,-2.712,-2.486,10.773,0.9979,0,11.288,-0.014,2.478,0.1966,8.515,-0.369,-0.055,1.000,-2.478,-14.000,2.8542,-1.5000,7.217,7.217,-2.164,-12.347,2.118,-2.500,0.0096,0.332,nan,0.00,1,1,1,0,1,0.0000,0.608,0,0.132,3,0.845,0,0,yolo,114.4,yolo,1,1,0,0.000,0,-1,0
1785623891.577,-2.712,-2.486,10.773,0.9979,0,11.288,-0.014,3.978,0.1799,9.331,-0.818,0.200,1.000,-5.008,-14.000,4.1199,-2.0000,7.217,4.987,-2.164,-12.347,1.807,-2.500,0.0096,0.643,nan,0.00,1,1,1,1,1,0.0000,0.608,0,0.132,3,0.845,2,0,yolo,116.7,yolo,1,1,0,0.000,0,-1,0
1785623891.617,-2.912,-2.301,10.760,0.9979,0,11.088,-0.199,5.008,0.1879,9.331,-0.818,0.200,1.000,-5.008,-14.000,2.2134,-1.5000,7.200,7.200,-2.179,-12.304,1.834,-2.500,0.0095,0.616,nan,0.00,1,1,1,0,1,0.0000,0.598,0,0.124,3,0.865,0,0,yolo,116.7,yolo,1,1,0,0.000,0,-1,0
1785623891.648,-3.370,-2.274,10.756,0.9975,0,10.630,-0.226,5.008,0.1879,9.331,-0.818,0.200,1.000,-5.008,-14.000,2.2105,-1.5000,7.197,7.197,-2.179,-12.265,1.832,-2.500,0.0094,0.618,nan,0.00,1,1,1,0,1,0.0000,0.498,0,0.123,2,0.891,0,0,yolo,116.7,yolo,1,1,0,0.000,0,-1,0
1785623891.680,-4.187,-2.299,10.759,0.9965,0,9.813,-0.201,3.773,0.2045,8.989,-0.593,0.247,1.000,-3.773,-14.000,-5.8126,-0.9876,7.198,3.801,-2.185,-12.230,1.800,-2.500,0.0094,0.650,nan,0.00,1,1,1,1,1,0.0000,0.498,0,0.123,2,0.891,0,0,yolo,113.2,yolo,1,1,0,0.000,0,-1,0
1785623891.710,-4.187,-2.299,10.759,0.9965,0,9.813,-0.201,3.773,0.1879,8.989,-0.593,0.247,1.000,-3.773,-14.000,3.3973,-1.5000,7.198,7.198,-2.185,-12.230,1.800,-2.500,0.0093,0.650,nan,0.00,1,1,1,0,1,0.0000,0.503,0,0.128,2,0.916,0,0,yolo,113.2,yolo,1,1,0,0.000,0,-1,0
1785623891.745,-5.426,-2.336,10.770,0.9947,0,8.574,-0.164,3.773,0.1867,8.989,-0.593,0.247,1.000,-3.773,-14.000,3.4039,-1.5000,7.205,7.205,-2.187,-12.195,1.781,-2.500,0.0092,0.669,nan,0.00,1,1,1,0,1,0.0000,0.503,0,0.128,2,0.916,1,0,yolo,113.2,yolo,1,1,0,0.000,0,-1,0
1785623891.771,-6.596,-2.297,10.787,0.9926,0,7.404,-0.203,3.773,0.1868,8.989,-0.593,0.247,1.000,-3.773,-14.000,3.4051,-1.5000,7.206,7.206,-2.191,-12.152,1.776,-2.500,0.0092,0.674,nan,0.00,1,1,1,0,1,0.0000,0.371,0,0.088,2,0.916,0,0,yolo,113.2,yolo,1,1,0,0.000,0,-1,0
1785623891.810,-7.228,-2.241,10.796,0.9913,0,6.772,-0.259,5.273,0.1857,9.644,-0.965,0.449,1.000,-5.715,-14.000,1.6348,-1.3482,7.200,4.235,-2.193,-12.114,1.506,-2.500,0.0091,0.944,nan,0.00,1,1,1,1,1,0.0000,0.372,0,0.090,2,0.899,0,0,yolo,111.4,yolo,1,1,0,0.000,0,-1,0
1785623891.837,-7.228,-2.241,10.796,0.9913,0,6.772,-0.259,5.715,0.1787,9.644,-0.965,0.449,1.000,-5.715,-14.000,2.9647,-1.5000,7.200,7.200,-2.193,-12.114,1.506,-2.500,0.0090,0.944,nan,0.00,1,1,1,0,1,0.0000,0.372,0,0.090,2,0.899,0,0,yolo,111.4,yolo,1,1,0,0.000,0,-1,0
1785623891.869,-7.691,-2.245,10.808,0.9902,0,6.309,-0.255,5.715,0.1786,9.644,-0.965,0.449,1.000,-5.715,-14.000,2.9579,-1.5000,7.193,7.193,-2.189,-12.072,1.499,-2.500,0.0089,0.951,nan,0.00,1,1,1,0,1,0.0000,0.174,0,0.061,2,0.886,0,0,yolo,111.4,yolo,1,1,0,0.000,0,-1,0
1785623891.911,-8.163,-2.262,10.807,0.9891,0,5.837,-0.238,4.312,0.1953,9.250,-0.697,0.446,1.000,-4.312,-14.000,-3.3985,0.7015,7.190,3.696,-2.184,-12.034,1.545,-2.500,0.0088,0.905,nan,0.00,1,1,1,1,1,0.0000,0.348,0,0.061,2,0.886,0,0,yolo,120.3,yolo,1,1,0,0.000,0,-1,0
1785623891.942,-8.691,-2.288,10.826,0.9877,0,5.309,-0.212,4.312,0.1800,9.250,-0.697,0.446,1.000,-4.312,-14.000,3.4967,-1.5000,7.193,7.193,-2.184,-11.995,1.535,-2.500,0.0087,0.915,nan,0.00,1,1,1,0,1,0.0000,0.358,0,0.073,2,0.875,0,0,yolo,120.3,yolo,1,1,0,0.000,0,-1,0
1785623891.979,-8.710,-2.288,10.826,0.9877,0,5.290,-0.212,4.312,0.1799,9.250,-0.697,0.446,1.000,-4.312,-14.000,3.4967,-1.5000,7.193,7.193,-2.185,-11.994,1.535,-2.500,0.0086,0.915,nan,0.00,1,1,1,0,1,0.0000,0.363,0,0.079,2,0.873,0,0,yolo,120.3,yolo,1,1,0,0.000,0,-1,0
1785623892.019,-9.486,-2.300,10.852,0.9855,0,4.514,-0.200,3.396,0.1965,9.011,-0.535,0.439,1.000,-3.396,-14.000,-1.4400,0.3275,7.195,3.688,-2.186,-11.952,1.568,-2.500,0.0085,0.882,nan,0.00,1,1,1,1,1,0.0000,0.363,0,0.079,2,0.873,0,0,yolo,116.2,yolo,1,1,0,0.000,0,-1,0
1785623892.049,-10.233,-2.317,10.929,0.9833,0,3.767,-0.183,3.396,0.1812,9.011,-0.535,0.439,1.000,-3.396,-14.000,3.5140,-1.5000,7.202,7.202,-2.187,-11.902,1.559,-2.500,0.0084,0.891,nan,0.00,1,1,1,0,1,0.0000,0.370,0,0.087,2,0.869,0,0,yolo,116.2,yolo,1,1,0,0.000,0,-1,0
1785623892.079,-10.233,-2.317,10.929,0.9833,0,3.767,-0.183,3.396,0.1812,9.011,-0.535,0.439,1.000,-3.396,-14.000,3.5140,-1.5000,7.202,7.202,-2.187,-11.902,1.559,-2.500,0.0083,0.891,nan,0.00,1,1,1,0,1,0.0000,0.494,0,0.119,2,0.861,0,0,yolo,116.2,yolo,1,1,0,0.000,0,-1,0
1785623892.110,-10.693,-2.285,11.084,0.9819,0,3.307,-0.215,3.396,0.1814,9.011,-0.535,0.439,1.000,-3.396,-14.000,3.5390,-1.5000,7.227,7.227,-2.182,-11.844,1.561,-2.500,0.0083,0.889,nan,0.00,1,1,1,0,1,0.0000,0.606,0,0.130,3,0.851,0,0,yolo,116.2,yolo,1,1,0,0.000,0,-1,0
1785623892.141,-10.944,-2.208,11.212,0.9811,0,3.056,-0.292,2.800,0.1980,8.857,-0.433,0.440,1.000,-2.800,-14.000,-0.6909,0.2592,7.249,3.834,-2.174,-11.784,1.595,-2.500,0.0082,0.855,nan,0.00,1,1,1,1,1,0.0000,0.606,0,0.130,3,0.851,0,0,yolo,120.5,yolo,1,1,0,0.000,0,-1,0
1785623892.172,-10.944,-2.208,11.212,0.9811,0,3.056,-0.292,4.300,0.1824,8.857,-0.433,0.440,1.000,-2.800,-14.000,3.4153,-1.5000,7.249,7.249,-2.174,-11.784,1.595,-2.500,0.0081,0.855,nan,-8.00,1,1,1,0,1,-1.2670,0.800,1,0.276,3,0.665,0,0,yolo,120.5,yolo,1,1,0,0.000,0,-1,0
1785623892.204,-11.328,-2.224,11.306,0.9798,0,2.672,-0.276,5.800,0.1824,8.857,-0.433,0.440,1.000,-2.800,-14.000,3.4330,-1.5000,7.267,7.267,-2.165,-11.735,1.590,-2.500,0.0080,0.860,nan,-8.00,1,1,1,0,1,-1.2670,0.800,1,0.276,3,0.665,0,0,yolo,120.5,yolo,1,1,0,0.000,0,-1,0
1785623892.235,-11.838,-2.276,11.373,0.9780,0,2.162,-0.224,7.300,0.1823,8.857,-0.433,0.440,1.000,-2.800,-14.000,3.4427,-1.5000,7.277,7.277,-2.162,-11.686,1.580,-2.500,0.0079,0.870,nan,-8.00,1,1,1,0,1,-1.2797,0.800,1,0.264,3,0.732,0,0,yolo,120.5,yolo,1,1,0,0.000,0,-1,0
1785623892.266,-11.838,-2.276,11.373,0.9780,0,2.162,-0.224,8.800,0.1990,8.692,-0.383,0.435,1.000,-2.525,-14.000,-0.4178,0.2116,7.277,3.961,-2.162,-11.686,1.601,-2.500,0.0078,0.849,nan,-8.00,1,1,1,1,1,-1.2891,0.800,1,0.264,3,0.732,0,0,yolo,117.0,yolo,1,1,0,0.000,0,-1,0
1785623892.298,-12.270,-2.327,11.377,0.9763,0,1.730,-0.173,7.300,0.1828,8.692,-0.383,0.435,1.000,-2.525,-14.000,3.3144,-1.5000,7.276,7.276,-2.159,-11.647,1.591,-2.500,0.0077,0.859,nan,0.00,1,1,1,0,1,0.0000,0.796,0,0.193,3,0.800,0,0,yolo,117.0,yolo,1,1,0,0.000,0,-1,0
1785623892.330,-12.727,-2.385,11.358,0.9746,0,1.273,-0.115,5.800,0.1827,8.692,-0.383,0.435,1.000,-2.525,-14.000,3.3063,-1.5000,7.267,7.267,-2.161,-11.608,1.580,-2.500,0.0077,0.870,nan,0.00,1,1,1,0,1,0.0000,0.796,0,0.193,3,0.800,0,0,yolo,117.0,yolo,1,1,0,0.000,0,-1,0
1785623892.361,-12.727,-2.385,11.358,0.9746,0,1.273,-0.115,4.300,0.1826,8.692,-0.383,0.435,1.000,-2.525,-14.000,3.3063,-1.5000,7.267,7.267,-2.161,-11.608,1.580,-2.500,0.0076,0.870,nan,0.00,1,1,1,0,1,0.0000,0.796,0,0.193,3,0.800,0,0,yolo,117.0,yolo,1,1,0,0.000,0,-1,0
1785623892.392,-12.896,-2.427,11.350,0.9739,0,1.104,-0.073,2.800,0.1993,8.586,-0.360,0.430,1.000,-2.402,-14.000,-0.1383,0.0540,7.266,4.080,-2.158,-11.570,1.587,-2.500,0.0075,0.863,nan,0.00,1,1,1,1,1,0.0000,0.616,0,0.138,3,0.825,0,0,yolo,110.8,yolo,1,1,0,0.000,0,-1,0
1785623892.426,-13.119,-2.428,11.459,0.9730,0,0.881,-0.072,2.402,0.1829,8.586,-0.360,0.430,1.000,-2.402,-14.000,3.2072,-1.5000,7.287,7.287,-2.157,-11.523,1.586,-2.500,0.0074,0.864,nan,0.00,1,1,1,0,1,0.0000,0.629,0,0.150,3,0.835,0,0,yolo,110.8,yolo,1,1,0,0.000,0,-1,0
1785623892.453,-13.319,-2.359,11.640,0.9723,0,0.681,-0.141,2.402,0.1832,8.586,-0.360,0.430,1.000,-2.402,-14.000,3.2452,-1.5000,7.325,7.325,-2.153,-11.470,1.595,-2.500,0.0073,0.855,nan,0.00,1,1,1,0,1,0.0000,0.808,0,0.202,3,0.842,0,0,yolo,110.8,yolo,1,1,0,0.000,0,-1,0
1785623892.489,-13.309,-2.240,11.930,0.9724,0,0.691,-0.260,2.418,0.1999,8.543,-0.361,0.427,1.000,-2.418,-14.000,0.0178,0.1703,7.387,4.251,-2.145,-11.401,1.618,-2.500,0.0072,0.832,nan,0.00,1,1,1,1,1,0.0000,0.810,0,0.203,3,0.848,0,0,yolo,121.0,yolo,1,1,0,0.000,0,-1,0
1785623892.516,-13.309,-2.240,11.930,0.9724,0,0.691,-0.260,2.418,0.1838,8.543,-0.361,0.427,1.000,-2.418,-14.000,3.1358,-1.5000,7.387,7.387,-2.145,-11.401,1.618,-2.500,0.0071,0.832,nan,0.00,1,1,1,0,1,0.0000,0.810,0,0.203,3,0.848,0,0,yolo,121.0,yolo,1,1,0,0.000,0,-1,0
1785623892.551,-13.565,-2.195,12.251,0.9714,0,0.435,-0.305,2.418,0.1840,8.543,-0.361,0.427,1.000,-2.418,-14.000,3.1980,-1.5000,7.449,7.449,-2.142,-11.326,1.623,-2.500,0.0071,0.827,nan,0.00,1,1,1,0,1,0.0000,0.405,0,0.204,3,0.835,0,0,yolo,121.0,yolo,1,1,0,0.000,0,-1,0
1785623892.591,-13.728,-2.185,12.485,0.9707,0,0.272,-0.315,2.418,0.1841,8.543,-0.361,0.427,1.000,-2.418,-14.000,3.2402,-1.5000,7.491,7.491,-2.135,-11.262,1.624,-2.500,0.0070,0.826,nan,0.00,1,1,1,0,1,0.0000,0.811,0,0.204,3,0.835,0,0,yolo,121.0,yolo,1,1,0,0.000,0,-1,0
1785623892.622,-13.685,-2.059,12.814,0.9710,0,0.315,-0.441,2.290,0.2008,8.435,-0.337,0.395,1.000,-2.290,-14.000,-0.1407,0.4431,7.562,4.395,-2.127,-11.186,1.683,-2.500,0.0069,0.767,nan,0.00,1,1,1,1,1,0.0000,0.810,0,0.204,3,0.835,0,0,yolo,113.7,yolo,1,1,0,0.000,0,-1,0
1785623892.659,-13.685,-2.059,12.814,0.9710,0,0.315,-0.441,2.290,0.1857,8.435,-0.337,0.395,1.000,-2.290,-14.000,3.1667,-1.5000,7.562,7.562,-2.127,-11.186,1.683,-2.500,0.0068,0.767,nan,0.00,1,1,1,0,1,0.0000,0.810,0,0.204,3,0.835,1,0,yolo,113.7,yolo,1,1,0,0.000,0,-1,1
1785623892.684,-14.022,-2.060,13.218,0.9696,0,-0.022,-0.440,2.290,0.1859,8.435,-0.337,0.395,1.000,-2.290,-14.000,3.2446,-1.5000,7.639,7.639,-2.125,-11.094,1.682,-2.500,0.0068,0.768,nan,0.00,1,1,1,0,1,0.0000,0.538,0,0.163,2,0.848,0,0,yolo,113.7,yolo,1,1,0,0.000,0,-1,0
1785623892.720,-14.195,-2.080,13.417,0.9688,0,-0.195,-0.420,2.392,0.2025,8.348,-0.349,0.366,1.000,-2.392,-14.000,0.1112,0.1865,7.675,4.525,-2.116,-11.036,1.707,-2.500,0.0067,0.743,nan,0.00,1,1,1,1,1,0.0000,0.270,0,0.165,2,0.829,0,0,yolo,111.5,yolo,1,1,0,0.000,0,-1,0
1785623892.762,-14.298,-2.089,13.625,0.9684,0,-0.298,-0.411,2.392,0.1866,8.348,-0.349,0.366,1.000,-2.392,-14.000,3.1872,-1.5000,7.712,7.712,-2.105,-10.977,1.705,-2.500,0.0066,0.745,nan,0.00,1,1,1,0,1,0.0000,0.540,0,0.165,2,0.829,0,0,yolo,111.5,yolo,1,1,0,0.000,0,-1,0
1785623892.793,-14.298,-2.089,13.625,0.9684,0,-0.298,-0.411,2.392,0.1866,8.348,-0.349,0.366,1.000,-2.392,-14.000,3.1872,-1.5000,7.712,7.712,-2.105,-10.977,1.705,-2.500,0.0065,0.745,nan,0.00,1,1,1,0,1,0.0000,0.534,0,0.159,2,0.810,0,0,yolo,111.5,yolo,1,1,0,0.000,0,-1,0
1785623892.830,-14.311,-2.018,13.968,0.9684,0,-0.311,-0.482,2.804,0.2032,8.358,-0.409,0.354,1.000,-2.804,-14.000,0.6004,0.0734,7.767,4.547,-2.089,-10.896,1.712,-2.500,0.0065,0.738,nan,0.00,1,1,1,1,1,0.0000,0.534,0,0.159,2,0.810,2,0,yolo,113.4,yolo,1,1,0,0.000,0,-1,0
1785623892.870,-14.496,-1.968,14.311,0.9676,0,-0.496,-0.532,2.804,0.1870,8.358,-0.409,0.354,1.000,-2.804,-14.000,3.2715,-1.5000,7.818,7.818,-2.070,-10.817,1.719,-2.500,0.0064,0.731,nan,0.00,1,1,1,0,1,0.0000,0.538,0,0.163,2,0.813,0,0,yolo,113.4,yolo,1,1,0,0.000,0,-1,0
1785623892.902,-14.444,-1.946,14.530,0.9678,0,-0.444,-0.554,2.804,0.1870,8.358,-0.409,0.354,1.000,-2.804,-14.000,3.2985,-1.5000,7.845,7.845,-2.048,-10.754,1.722,-2.500,0.0063,0.728,nan,0.00,1,1,1,0,1,0.0000,0.547,0,0.172,2,0.814,0,0,yolo,113.4,yolo,1,1,0,0.000,0,-1,0
1785623892.933,-14.444,-1.946,14.530,0.9678,0,-0.444,-0.554,2.804,0.1869,8.358,-0.409,0.354,1.000,-2.804,-14.000,3.2985,-1.5000,7.845,7.845,-2.048,-10.754,1.722,-2.500,0.0062,0.728,nan,0.00,1,1,1,0,1,0.0000,0.547,0,0.172,2,0.814,0,0,yolo,113.4,yolo,1,1,0,0.000,0,-1,0
1785623892.964,-14.318,-1.724,15.038,0.9685,0,-0.318,-0.776,3.306,0.2036,8.347,-0.482,0.337,1.000,-3.306,-14.000,0.5483,0.2328,7.940,4.767,-2.026,-10.649,1.753,-2.500,0.0062,0.697,nan,0.00,1,1,1,1,1,0.0000,0.546,0,0.171,2,0.819,0,0,yolo,117.7,yolo,1,1,0,0.000,0,-1,0
1785623892.995,-14.505,-1.688,15.403,0.9677,0,-0.505,-0.812,3.306,0.1879,8.347,-0.482,0.337,1.000,-3.306,-14.000,3.2269,-1.5000,7.993,7.993,-2.011,-10.565,1.757,-2.500,0.0061,0.693,nan,0.00,1,1,1,0,1,0.0000,0.546,0,0.171,2,0.819,0,0,yolo,117.7,yolo,1,1,0,0.000,0,-1,0
1785623893.027,-14.505,-1.688,15.403,0.9677,0,-0.505,-0.812,3.306,0.1878,8.347,-0.482,0.337,1.000,-3.306,-14.000,3.2269,-1.5000,7.993,7.993,-2.011,-10.565,1.757,-2.500,0.0060,0.693,nan,0.00,1,1,1,0,1,0.0000,0.544,0,0.169,2,0.809,0,0,yolo,117.7,yolo,1,1,0,0.000,0,-1,0
1785623893.058,-14.534,-1.722,15.561,0.9676,0,-0.534,-0.778,3.711,0.2045,8.347,-0.541,0.323,1.000,-3.711,-14.000,1.7715,-0.1807,8.000,4.990,-1.989,-10.506,1.751,-2.500,0.0060,0.699,nan,0.00,1,1,1,1,1,0.0000,0.544,0,0.169,2,0.809,0,0,yolo,110.9,yolo,1,1,0,0.000,0,-1,0
1785623893.089,-14.638,-1.726,15.771,0.9671,0,-0.638,-0.774,3.711,0.1878,8.347,-0.541,0.323,1.000,-3.711,-14.000,3.0267,-1.5000,8.016,8.016,-1.967,-10.441,1.750,-2.500,0.0059,0.700,nan,0.00,1,1,1,0,1,0.0000,0.538,0,0.163,2,0.808,0,0,yolo,110.9,yolo,1,1,0,0.000,0,-1,0
1785623893.125,-14.638,-1.726,15.771,0.9671,0,-0.638,-0.774,3.711,0.1875,8.347,-0.541,0.323,1.000,-3.711,-14.000,3.0267,-1.5000,8.016,8.016,-1.967,-10.441,1.750,-2.500,0.0058,0.700,nan,0.00,1,1,1,0,1,0.0000,0.538,0,0.163,2,0.808,1,0,yolo,110.9,yolo,1,1,0,0.000,0,-1,1
1785623893.152,-14.080,-1.664,15.567,0.9695,0,-0.080,-0.836,3.711,0.1873,8.347,-0.541,0.323,1.000,-3.711,-14.000,2.9678,-1.5000,7.957,7.957,-1.944,-10.425,1.763,-2.500,0.0057,0.687,nan,0.00,1,1,1,0,1,0.0000,0.537,0,0.162,2,0.825,0,0,yolo,110.9,yolo,1,1,0,0.000,0,-1,0
1785623893.189,-13.499,-1.558,15.415,0.9720,0,0.501,-0.942,5.211,0.1914,9.024,-1.136,0.436,1.000,-7.175,-14.000,2.7276,-1.2360,7.905,5.282,-1.926,-10.407,1.485,-2.500,0.0057,0.934,nan,0.00,1,1,1,1,1,0.0000,0.537,0,0.162,2,0.825,3,0,yolo,107.0,yolo,1,1,0,0.000,0,-1,0
1785623893.228,-13.477,-1.551,15.318,0.9721,0,0.523,-0.949,6.711,0.1791,9.024,-1.136,0.436,1.000,-7.175,-14.000,2.5680,-1.5000,7.850,7.850,-1.913,-10.388,1.486,-2.500,0.0056,0.933,nan,0.00,1,1,1,0,1,0.0000,0.800,0,0.270,3,0.743,0,0,yolo,107.0,yolo,1,1,0,0.000,0,-1,0
1785623893.260,-13.477,-1.551,15.318,0.9721,0,0.523,-0.949,7.175,0.1790,9.024,-1.136,0.436,1.000,-7.175,-14.000,2.5680,-1.5000,7.850,7.850,-1.913,-10.388,1.486,-2.500,0.0055,0.933,nan,0.00,1,1,1,0,1,0.0000,0.800,0,0.270,3,0.743,0,0,yolo,107.0,yolo,1,1,0,0.000,0,-1,0
1785623893.290,-13.314,-1.467,15.128,0.9728,0,0.686,-1.033,6.839,0.1956,8.712,-1.045,0.385,1.000,-6.839,-14.000,-1.5312,2.0000,7.782,4.719,-1.903,-10.381,1.583,-2.500,0.0054,0.838,nan,0.00,1,1,1,1,1,0.0000,0.836,0,0.222,3,0.770,0,0,yolo,110.0,yolo,1,1,0,0.000,0,-1,0
1785623893.321,-13.285,-1.428,14.973,0.9729,0,0.715,-1.072,6.839,0.1818,8.712,-1.045,0.385,1.000,-6.839,-14.000,2.9989,-1.5000,7.718,7.718,-1.899,-10.372,1.589,-2.500,0.0053,0.831,nan,0.00,1,1,1,0,1,0.0000,0.406,0,0.205,3,0.796,0,0,yolo,110.0,yolo,1,1,0,0.000,0,-1,0
1785623893.351,-13.342,-1.403,14.840,0.9727,0,0.658,-1.097,6.839,0.1818,8.712,-1.045,0.385,1.000,-6.839,-14.000,2.9385,-1.5000,7.657,7.657,-1.898,-10.360,1.592,-2.500,0.0052,0.829,nan,0.00,1,1,1,0,1,0.0000,0.509,0,0.134,2,0.829,0,0,yolo,110.0,yolo,1,1,0,0.000,0,-1,0
1785623893.382,-13.268,-1.320,14.661,0.9730,0,0.732,-1.180,6.839,0.1821,8.712,-1.045,0.385,1.000,-6.839,-14.000,2.8688,-1.5000,7.587,7.587,-1.893,-10.348,1.605,-2.500,0.0051,0.815,nan,0.00,1,1,1,0,1,0.0000,0.507,0,0.132,2,0.867,0,0,yolo,110.0,yolo,1,1,0,0.000,0,-1,0
1785623893.414,-13.268,-1.320,14.661,0.9730,0,0.732,-1.180,6.736,0.1988,8.525,-1.007,0.349,1.000,-6.736,-14.000,-0.1150,0.3587,7.587,4.545,-1.893,-10.348,1.653,-2.500,0.0051,0.767,nan,0.00,1,1,1,1,1,0.0000,0.507,0,0.132,2,0.867,0,0,yolo,116.2,yolo,1,1,0,0.000,0,-1,0
1785623893.445,-13.197,-1.219,14.480,0.9734,0,0.803,-1.281,6.736,0.1839,8.525,-1.007,0.349,1.000,-6.736,-14.000,2.9728,-1.5000,7.518,7.518,-1.886,-10.334,1.668,-2.500,0.0050,0.751,nan,0.00,1,1,1,0,1,0.0000,0.374,0,0.093,2,0.900,0,0,yolo,116.2,yolo,1,1,0,0.000,0,-1,0
1785623893.475,-13.291,-1.158,14.321,0.9730,0,0.709,-1.342,6.736,0.1841,8.525,-1.007,0.349,1.000,-6.736,-14.000,2.8972,-1.5000,7.442,7.442,-1.885,-10.314,1.676,-2.500,0.0049,0.743,nan,0.00,1,1,1,0,1,0.0000,0.180,0,0.074,2,0.928,0,0,yolo,116.2,yolo,1,1,0,0.000,0,-1,0
1785623893.506,-13.429,-1.128,14.193,0.9725,0,0.571,-1.372,6.481,0.2007,8.397,-0.954,0.392,1.000,-6.481,-14.000,-0.2807,-0.1881,7.376,4.428,-1.880,-10.297,1.662,-2.500,0.0048,0.768,nan,0.00,1,1,1,1,1,0.0000,0.359,0,0.074,2,0.928,0,0,yolo,105.5,yolo,1,1,0,0.000,0,-1,0
1785623893.538,-13.584,-1.094,14.048,0.9719,0,0.416,-1.406,6.481,0.1841,8.397,-0.954,0.392,1.000,-6.481,-14.000,2.8721,-1.5000,7.300,7.300,-1.875,-10.279,1.665,-2.500,0.0048,0.766,nan,0.00,1,1,1,0,1,0.0000,0.130,0,0.059,1,0.947,0,0,yolo,105.5,yolo,1,1,0,0.000,0,-1,0
1785623893.569,-13.590,-1.094,14.046,0.9718,0,0.410,-1.406,6.481,0.1834,8.397,-0.954,0.392,1.000,-6.481,-14.000,2.8703,-1.5000,7.298,7.298,-1.875,-10.278,1.665,-2.500,0.0047,0.766,nan,0.00,1,1,1,0,1,0.0000,0.260,0,0.059,1,0.947,0,0,yolo,105.5,yolo,1,1,0,0.000,0,-1,0
1785623893.606,-13.738,-1.043,13.895,0.9712,0,0.262,-1.457,6.034,0.2000,8.365,-0.884,0.476,1.000,-6.034,-14.000,-0.9791,-0.8738,7.214,4.246,-1.867,-10.260,1.625,-2.500,0.0046,0.824,nan,0.00,1,1,1,1,0,0.0000,0.000,0,0.000,0,0.000,0,0,yolo,103.4,yolo,1,1,0,0.000,0,-1,0
1785623893.638,-13.738,-1.043,13.895,0.9712,0,0.262,-1.457,6.034,0.1834,8.365,-0.884,0.476,1.000,-6.034,-14.000,2.9682,-1.5000,7.214,7.214,-1.867,-10.260,1.625,-2.500,0.0045,0.824,nan,0.00,1,1,1,0,0,0.0000,0.000,0,0.000,0,0.000,0,0,yolo,103.4,yolo,1,1,0,0.000,0,-1,0
1785623893.667,-13.919,-0.987,13.759,0.9705,0,0.081,-1.513,6.034,0.1817,8.365,-0.884,0.476,1.000,-6.034,-14.000,2.8773,-1.5000,7.123,7.123,-1.856,-10.238,1.631,-2.500,0.0044,0.818,nan,0.00,1,1,1,0,0,0.0000,0.000,0,0.000,0,0.000,0,0,yolo,103.4,yolo,1,1,0,0.000,0,-1,0
1785623893.698,-13.954,-0.789,13.608,0.9704,0,0.046,-1.711,5.589,0.1984,8.315,-0.814,0.572,1.000,-5.589,-14.000,-0.4836,-0.3535,7.042,4.142,-1.840,-10.222,1.585,-2.500,0.0043,0.865,nan,0.00,1,1,1,1,0,0.0000,0.000,0,0.000,0,0.000,0,0,yolo,103.2,yolo,1,1,0,0.000,0,-1,0
1785623893.730,-13.954,-0.789,13.608,0.9704,0,0.046,-1.711,5.589,0.1817,8.315,-0.814,0.572,1.000,-5.589,-14.000,2.8999,-1.5000,7.042,7.042,-1.840,-10.222,1.585,-2.500,0.0043,0.865,nan,0.00,1,1,1,0,0,0.0000,0.000,0,0.000,0,0.000,1,0,yolo,103.2,yolo,1,1,0,0.000,0,-1,0
1785623893.771,-15.645,-2.799,13.386,0.9618,0,-1.454,-0.211,5.589,0.1721,8.315,-0.814,0.572,1.000,-5.589,-14.000,2.6653,-1.5000,6.807,6.807,-1.784,-10.258,1.275,-2.500,0.0043,1.175,nan,0.00,1,1,1,0,0,0.0000,0.000,0,0.000,0,0.000,0,0,yolo,103.2,yolo,1,1,0,0.000,0,-1,0
1785623893.810,-16.215,-3.701,12.810,0.9582,0,-2.215,1.201,4.938,0.1554,8.542,-0.738,0.693,1.000,-4.938,-14.000,-0.9705,-2.0000,6.554,3.772,-1.685,-10.302,1.200,-2.500,0.0043,1.421,nan,0.00,1,1,1,1,0,0.0000,0.000,0,0.000,0,0.000,0,0,yolo,108.6,yolo,1,1,0,0.000,0,-1,0
1785623893.840,-16.494,-4.117,12.482,0.9564,0,-2.494,1.617,4.938,0.1633,8.542,-0.738,0.693,1.000,-4.938,-14.000,2.5791,-1.5000,6.352,6.352,-1.517,-10.304,1.200,-2.500,0.0043,1.485,nan,0.00,1,1,1,0,0,0.0000,0.000,0,0.000,0,0.000,2,0,yolo,108.6,yolo,1,1,0,0.000,0,-1,0
1785623893.866,-16.494,-4.117,12.482,0.9564,0,-2.494,1.617,4.938,0.1633,8.542,-0.738,0.693,1.000,-4.938,-14.000,2.5791,-1.5000,6.352,6.352,-1.517,-10.304,1.200,-2.500,0.0043,1.485,nan,0.00,1,1,1,0,1,0.0000,0.375,0,0.307,0,0.521,0,0,yolo,108.6,yolo,1,1,0,0.000,0,-1,0
1785623893.905,-16.642,-4.491,11.990,0.9552,0,-2.642,1.991,4.938,0.1721,8.542,-0.738,0.693,1.000,-4.938,-14.000,2.3344,-1.2802,6.107,6.107,-1.280,-10.320,1.200,-2.500,0.0043,1.542,nan,0.00,1,1,1,0,1,0.0000,0.250,0,0.357,0,0.278,0,0,yolo,108.6,yolo,1,1,0,0.000,0,-1,0
1785623893.945,-16.663,-4.735,11.457,0.9547,0,-2.663,2.235,4.338,0.1582,8.746,-0.663,0.815,1.000,-4.338,-14.000,-0.9170,-1.4795,5.854,3.304,-1.006,-10.335,1.200,-2.500,0.0043,1.690,nan,0.00,1,1,1,1,1,0.0000,0.250,0,0.357,0,0.278,0,0,yolo,105.1,yolo,1,1,0,0.000,0,-1,0
1785623893.977,-16.663,-4.735,11.457,0.9547,0,-2.663,2.235,4.338,0.1748,8.746,-0.663,0.815,1.000,-4.338,-14.000,2.5499,-1.0065,5.854,5.854,-1.006,-10.335,1.200,-2.500,0.0043,1.690,nan,0.00,1,1,1,0,1,0.0000,0.250,0,0.251,0,0.198,0,0,yolo,105.1,yolo,1,1,0,0.000,0,-1,0
1785623894.014,-16.621,-4.854,11.044,0.9548,0,-2.621,2.354,4.338,0.1915,8.746,-0.663,0.815,1.000,-4.338,-14.000,2.3446,-0.7470,5.648,5.648,-0.747,-10.339,1.200,-2.500,0.0043,1.707,nan,0.00,1,1,1,0,1,0.0000,0.250,0,0.251,0,0.198,1,0,yolo,105.1,yolo,1,1,0,0.000,0,-1,0
1785623894.053,-16.522,-4.917,10.599,0.9552,0,-2.522,2.417,3.532,0.2082,8.915,-0.550,0.784,1.000,-3.532,-14.000,-1.2539,0.3868,5.438,3.170,-0.481,-10.343,1.200,-2.500,0.0043,1.668,nan,0.00,1,1,1,1,1,0.0000,0.244,0,0.235,0,-0.018,0,0,yolo,111.0,yolo,1,1,0,0.000,0,-1,0
1785623894.084,-16.407,-4.920,10.237,0.9557,0,-2.407,2.420,3.532,0.2155,8.915,-0.550,0.784,1.000,-3.532,-14.000,2.0906,-0.2731,5.260,5.260,-0.273,-10.342,1.200,-2.500,0.0043,1.668,nan,0.00,1,1,1,0,1,0.0000,0.289,0,0.107,0,-0.303,0,0,yolo,111.0,yolo,1,1,0,0.000,0,-1,0
1785623894.115,-16.282,-4.890,9.916,0.9564,0,-2.282,2.390,3.532,0.2237,8.915,-0.550,0.784,1.000,-3.532,-14.000,1.9297,-0.0977,5.099,5.099,-0.098,-10.339,1.200,-2.500,0.0043,1.663,nan,0.00,1,1,1,0,1,0.0000,0.202,0,0.131,1,-0.671,0,0,yolo,111.0,yolo,1,1,0,0.000,0,-1,0
1785623894.146,-16.282,-4.890,9.916,0.9564,0,-2.282,2.390,3.532,0.2237,8.915,-0.550,0.784,1.000,-3.532,-14.000,1.9297,-0.0977,5.099,5.099,-0.098,-10.339,1.200,-2.500,0.0043,1.663,nan,0.00,1,1,1,0,1,0.0000,0.202,0,0.131,1,-0.671,0,0,yolo,111.0,yolo,1,1,0,0.000,0,-1,0
1785623894.183,-16.128,-4.842,9.536,0.9572,0,-2.128,2.342,3.532,0.2320,8.915,-0.550,0.784,1.000,-3.532,-14.000,1.7508,0.0759,4.920,4.920,0.076,-10.338,1.200,-2.500,0.0043,1.655,nan,0.00,1,1,1,0,1,0.0000,0.202,0,0.131,1,-0.671,1,0,yolo,111.0,yolo,1,1,0,0.000,0,-1,0
1785623894.209,-15.990,-4.789,9.203,0.9580,0,-1.990,2.289,3.532,0.2378,8.915,-0.550,0.784,1.000,-3.532,-14.000,1.5982,0.1980,4.768,4.768,0.198,-10.338,1.200,-2.500,0.0043,1.646,nan,0.00,1,1,1,0,0,0.0000,0.000,0,0.000,0,0.000,0,0,yolo,111.0,yolo,1,1,0,0.000,0,-1,0
1785623894.245,-15.846,-4.726,8.861,0.9587,0,-1.846,2.226,3.532,0.2430,8.915,-0.550,0.784,1.000,-3.532,-14.000,1.4421,0.3054,4.612,4.612,0.305,-10.337,1.200,-2.500,0.0043,1.635,nan,0.00,1,1,1,0,0,0.0000,0.000,0,0.000,0,0.000,0,0,yolo,111.0,yolo,1,1,0,0.000,0,-1,0
1785623894.276,-15.846,-4.726,8.861,0.9587,0,-1.846,2.226,3.532,0.2430,8.915,-0.550,0.784,1.000,-3.532,-14.000,1.4421,0.3054,4.612,4.612,0.305,-10.337,1.200,-2.500,0.0043,1.635,nan,0.00,1,1,1,0,0,0.0000,0.000,0,0.000,0,0.000,0,0,yolo,111.0,yolo,1,1,0,0.000,0,-1,0
