t,roll,pitch,yaw,up,upset,cmd_roll_deg,cmd_pitch_deg,cmd_yaw_deg,thrust,bx,by,bz,blend,bearing_deg,desired_roll,d_lat,d_vert,vY_imu,vY_fused,vD,vX,v_target,pitch_des,elev_i,elev_err,agl,turn_ff,reliable,vision_valid,elev_fresh,is_new_d,bl_found,bl_hdg,bl_conf,bl_hdg_valid,bl_span,bl_paired,bl_cy,bl_gap,src_switch,source,infer_ms,mode,gate,gate_id,peek_side,peek_strength,peek_active,occ_gap,collision
1785654022.293,0.000,-17.800,0.000,0.9521,0,-1.159,15.800,-2.621,0.2752,6.015,0.049,-1.652,1.000,0.463,1.159,-0.0000,-0.0000,-0.000,-0.000,-0.000,-0.000,2.184,-2.000,0.0060,0.266,nan,2.16,1,1,1,1,1,0.0753,1.000,1,0.527,8,-0.010,0,0,yolo,119.4,yolo,0,0,0,0.000,0,-1,0
1785654022.328,-0.006,-17.632,0.001,0.9530,0,-1.180,15.632,-2.488,0.2750,6.015,0.049,-1.652,1.000,0.463,1.174,-0.0008,-0.0095,-0.001,-0.001,-0.009,0.018,2.200,-2.000,0.0059,0.248,nan,2.02,1,1,1,0,1,0.0707,1.000,1,0.527,8,-0.010,0,0,yolo,119.4,yolo,0,0,0,0.000,0,-1,0
1785654022.359,-0.006,-17.632,0.001,0.9530,0,-1.180,15.632,-2.369,0.2750,6.015,0.049,-1.652,1.000,0.463,1.174,-0.0008,-0.0095,-0.001,-0.001,-0.009,0.018,2.200,-2.000,0.0059,0.248,nan,1.91,1,1,1,0,1,0.0665,1.000,1,0.528,8,-0.003,0,0,yolo,119.4,yolo,0,0,0,0.000,0,-1,0
1785654022.396,0.016,-15.167,0.022,0.9652,0,-1.155,14.132,-2.139,0.2790,6.015,0.049,-1.652,1.000,0.463,1.171,-0.0006,-0.0271,-0.001,-0.001,-0.027,0.044,2.200,-2.000,0.0059,-0.020,nan,1.68,1,1,1,0,1,0.0585,1.000,1,0.526,8,0.026,0,0,yolo,119.4,yolo,0,0,0,0.000,0,-1,0
1785654022.428,0.223,-13.143,0.419,0.9738,0,-0.918,12.632,-1.717,0.2827,6.015,0.049,-1.652,1.000,0.463,1.142,0.0009,-0.0418,0.001,0.001,-0.042,0.076,2.200,-2.000,0.0059,-0.241,nan,1.25,1,1,1,0,1,0.0438,1.000,1,0.526,8,0.024,0,0,yolo,119.4,yolo,0,0,0,0.000,0,-1,0
1785654022.469,0.289,-11.598,0.601,0.9796,0,-0.884,11.132,-1.725,0.2994,6.352,0.051,-1.630,1.000,0.464,1.173,-0.0011,0.4727,0.003,-0.000,-0.063,0.134,2.131,-2.000,0.0060,-0.319,nan,1.26,1,1,1,1,1,0.0440,1.000,1,0.527,8,0.023,0,0,yolo,131.1,yolo,0,0,0,0.000,0,-1,0
1785654022.501,0.289,-11.598,0.601,0.9796,0,-0.808,9.632,-1.402,0.2854,6.352,0.051,-1.630,1.000,0.464,1.098,0.0038,0.0000,0.003,0.003,-0.063,0.134,2.131,-2.000,0.0060,-0.319,nan,0.94,1,1,1,0,1,0.0327,1.000,1,0.513,8,0.050,0,0,yolo,131.1,yolo,0,0,0,0.000,0,-1,0
1785654022.531,0.375,-10.307,0.732,0.9838,0,-0.663,8.307,-1.402,0.2874,6.352,0.051,-1.630,1.000,0.464,1.038,0.0070,-0.0299,0.007,0.007,-0.093,0.195,1.983,-2.000,0.0061,-0.467,nan,0.94,1,1,1,0,1,0.0327,1.000,1,0.513,8,0.050,0,0,yolo,131.1,yolo,0,0,0,0.000,0,-1,0
1785654022.568,0.434,-9.295,0.898,0.9868,0,0.837,7.295,-0.902,0.3040,6.149,0.022,-1.593,1.000,0.206,-0.723,0.1663,0.6723,0.010,0.029,-0.131,0.262,1.871,-2.000,0.0061,-0.579,nan,0.70,1,1,1,1,1,0.0243,1.000,1,0.513,8,0.050,3,0,yolo,122.0,yolo,0,0,0,0.000,0,-1,0
1785654022.609,0.448,-8.337,1.046,0.9894,0,0.040,6.337,-0.652,0.2916,6.149,0.022,-1.593,1.000,0.206,0.408,-0.0158,-0.0489,0.013,0.013,-0.180,0.321,1.766,-2.000,0.0062,-0.684,nan,0.45,1,1,1,0,1,0.0156,1.000,1,0.442,7,0.134,0,0,yolo,122.0,yolo,0,0,0,0.000,0,-1,0
1785654022.645,0.448,-8.337,1.046,0.9894,0,0.040,6.337,-0.464,0.2917,6.149,0.022,-1.593,1.000,0.206,0.408,-0.0158,-0.0489,0.013,0.013,-0.180,0.321,1.766,-2.000,0.0063,-0.684,nan,0.26,1,1,1,0,1,0.0090,1.000,1,0.442,7,0.134,1,0,yolo,122.0,yolo,0,0,0,0.000,0,-1,0
1785654022.671,0.464,-7.577,1.103,0.9912,0,1.540,5.577,-0.544,0.2750,6.079,-0.008,-1.354,1.000,-0.077,-6.617,0.9025,-2.0000,0.017,0.135,-0.248,0.376,1.910,-2.000,0.0063,-0.540,nan,0.62,1,1,1,1,1,0.0217,1.000,1,0.433,7,0.170,0,0,yolo,115.1,yolo,0,0,0,0.000,0,-1,0
1785654022.703,0.285,-6.907,1.160,0.9927,0,0.172,4.907,-0.817,0.2885,6.079,-0.008,-1.354,1.000,-0.077,0.114,-0.1159,-0.0513,0.019,0.019,-0.300,0.427,1.837,-2.000,0.0064,-0.613,nan,0.89,1,1,1,0,1,0.0312,1.000,1,0.433,7,0.170,0,0,yolo,115.1,yolo,0,0,0,0.000,0,-1,0
1785654022.734,0.285,-6.907,1.160,0.9927,0,0.172,4.907,-0.662,0.2886,6.079,-0.008,-1.354,1.000,-0.077,0.114,-0.1159,-0.0513,0.019,0.019,-0.300,0.427,1.837,-2.000,0.0064,-0.613,nan,0.74,1,1,1,0,1,0.0258,1.000,1,0.375,6,0.230,0,0,yolo,115.1,yolo,0,0,0,0.000,0,-1,0
1785654022.766,0.292,-6.269,1.248,0.9940,0,0.205,4.269,-0.546,0.2880,6.079,-0.008,-1.354,1.000,-0.077,0.087,-0.1145,-0.1049,0.021,0.021,-0.353,0.477,1.768,-2.000,0.0065,-0.682,nan,0.62,1,1,1,0,1,0.0217,1.000,1,0.375,6,0.230,0,0,yolo,115.1,yolo,0,0,0,0.000,0,-1,0
1785654022.797,0.259,-5.609,1.318,0.9952,0,1.705,3.609,-0.879,0.2713,6.035,-0.025,-1.148,1.000,-0.233,-2.546,0.1230,-0.9716,0.023,0.095,-0.414,0.529,1.898,-2.000,0.0066,-0.552,nan,1.11,1,1,1,1,1,0.0388,1.000,1,0.370,6,0.256,0,0,yolo,109.5,yolo,0,0,0,0.000,0,-1,0
1785654022.829,0.259,-5.609,1.318,0.9952,0,0.801,3.609,-1.246,0.2880,6.035,-0.025,-1.148,1.000,-0.233,-0.542,-0.0722,0.0000,0.023,0.023,-0.414,0.529,1.898,-2.000,0.0066,-0.552,nan,1.48,1,1,1,0,1,0.0516,1.000,1,0.370,6,0.256,0,0,yolo,109.5,yolo,0,0,0,0.000,0,-1,0
1785654022.868,0.136,-5.079,1.473,0.9961,0,0.685,3.079,-1.044,0.2878,6.035,-0.025,-1.148,1.000,-0.233,-0.549,-0.0719,-0.0511,0.023,0.023,-0.466,0.575,1.841,-2.000,0.0067,-0.609,nan,1.28,1,1,1,0,1,0.0446,1.000,1,0.365,6,0.286,0,0,yolo,109.5,yolo,0,0,0,0.000,0,-1,0
1785654022.906,0.055,-4.677,1.596,0.9967,0,2.185,2.677,-0.783,0.2711,5.988,-0.041,-0.892,0.998,-0.391,-2.544,0.1648,-2.0000,0.022,0.052,-0.508,0.612,2.049,-2.000,0.0067,-0.401,nan,1.13,1,1,1,1,1,0.0393,1.000,1,0.365,6,0.286,0,0,yolo,108.6,yolo,0,0,0,0.000,0,-1,0
1785654022.943,0.055,-4.677,1.596,0.9967,0,1.201,2.677,-0.738,0.2837,5.988,-0.041,-0.892,0.998,-0.391,-1.146,-0.0298,0.0000,0.022,0.022,-0.508,0.612,2.049,-2.000,0.0068,-0.401,nan,1.08,1,1,1,0,1,0.0376,1.000,1,0.366,6,0.187,0,0,yolo,108.6,yolo,0,0,0,0.000,0,-1,0
1785654022.985,-0.219,-4.331,1.669,0.9971,0,0.918,2.331,-0.704,0.2829,5.988,-0.041,-0.892,0.998,-0.391,-1.137,-0.0303,-0.0411,0.022,0.022,-0.549,0.646,2.013,-2.000,0.0068,-0.437,nan,1.04,1,1,1,0,1,0.0364,1.000,1,0.366,6,0.187,0,0,yolo,108.6,yolo,0,0,0,0.000,0,-1,0
1785654023.012,-0.340,-3.975,1.742,0.9976,0,0.736,1.975,-0.877,0.2822,5.988,-0.041,-0.892,0.998,-0.391,-1.076,-0.0334,-0.0800,0.019,0.019,-0.588,0.677,1.976,-2.000,0.0068,-0.474,nan,1.21,1,1,1,0,1,0.0424,1.000,1,0.300,5,0.523,0,0,yolo,108.6,yolo,0,0,0,0.000,0,-1,0
1785654023.047,-0.423,-3.735,1.830,0.9978,0,0.572,1.735,-1.007,0.2814,5.988,-0.041,-0.892,0.998,-0.391,-0.995,-0.0376,-0.1132,0.014,0.014,-0.621,0.705,1.950,-2.000,0.0069,-0.500,nan,1.34,1,1,1,0,1,0.0469,1.000,1,0.300,5,0.523,0,0,yolo,108.6,yolo,0,0,0,0.000,0,-1,0
1785654023.078,-0.423,-3.735,1.830,0.9978,0,0.572,1.735,-1.723,0.2814,5.988,-0.041,-0.892,0.998,-0.391,-0.995,-0.0376,-0.1132,0.014,0.014,-0.621,0.705,1.950,-2.000,0.0069,-0.500,nan,2.06,1,1,1,0,1,0.0718,1.000,1,0.300,5,0.697,0,0,yolo,108.6,yolo,0,0,0,0.000,0,-1,0
1785654023.110,-0.493,-3.509,1.934,0.9981,0,0.400,1.509,-1.723,0.2808,5.988,-0.041,-0.892,0.998,-0.391,-0.893,-0.0429,-0.1436,0.009,0.009,-0.652,0.732,1.927,-2.000,0.0070,-0.523,nan,2.06,1,1,1,0,1,0.0718,1.000,1,0.300,5,0.697,0,0,yolo,108.6,yolo,0,0,0,0.000,0,-1,0
1785654023.147,-0.546,-3.321,2.099,0.9983,0,0.222,1.321,-2.260,0.2802,5.988,-0.041,-0.892,0.998,-0.391,-0.768,-0.0494,-0.1686,0.003,0.003,-0.677,0.756,1.907,-2.000,0.0070,-0.543,nan,2.59,1,1,1,0,1,0.0905,1.000,1,0.300,5,0.697,3,0,yolo,108.6,yolo,0,0,0,0.000,0,-1,0
1785654023.189,-0.583,-3.156,2.333,0.9984,0,0.035,1.156,-3.760,0.2791,5.988,-0.041,-0.892,0.998,-0.391,-0.617,-0.0572,-0.2048,-0.005,-0.005,-0.713,0.779,1.890,-2.000,0.0071,-0.560,nan,5.72,1,1,1,0,1,0.1996,1.000,1,0.288,5,0.687,0,0,yolo,108.6,yolo,0,0,0,0.000,0,-1,0
1785654023.226,-0.583,-3.156,2.333,0.9984,0,0.035,1.156,-5.260,0.2792,5.988,-0.041,-0.892,0.998,-0.391,-0.617,-0.0572,-0.2048,-0.005,-0.005,-0.713,0.779,1.890,-2.000,0.0072,-0.560,nan,5.77,1,1,1,0,1,0.2012,1.000,1,0.284,5,0.663,0,0,yolo,108.6,yolo,0,0,0,0.000,0,-1,0
1785654023.255,-0.609,-2.999,2.742,0.9986,0,1.535,0.999,-4.603,0.2931,10.418,-0.211,-1.264,1.000,-1.162,-2.774,-0.0000,-0.0000,-0.016,-0.016,-0.750,0.801,1.735,-2.000,0.0072,-0.715,nan,5.77,1,1,1,1,1,0.2012,1.000,1,0.284,5,0.663,0,0,yolo,118.2,yolo,0,0,0,0.000,0,-1,0
1785654023.289,-0.814,-2.873,3.203,0.9986,0,1.875,0.873,-4.638,0.2938,10.418,-0.211,-1.264,1.000,-1.162,-2.689,-0.0000,-0.0000,-0.026,-0.026,-0.786,0.821,1.713,-2.000,0.0073,-0.737,nan,5.80,1,1,1,1,1,0.2025,1.000,1,0.284,5,0.663,3,0,yolo,118.2,yolo,0,0,0,0.000,0,-1,0
1785654023.315,-1.055,-2.750,3.699,0.9987,0,1.524,0.750,-4.360,0.2945,10.418,-0.211,-1.264,1.000,-1.162,-2.579,-0.0000,-0.0000,-0.040,-0.040,-0.831,0.841,1.691,-2.000,0.0074,-0.759,nan,5.52,1,1,1,1,1,0.1928,1.000,1,0.283,5,0.559,0,0,yolo,118.2,yolo,0,0,0,0.000,0,-1,0
1785654023.353,-1.055,-2.750,3.699,0.9987,0,2.334,0.750,-4.098,0.2779,10.331,-0.219,-1.179,1.000,-1.215,-3.389,0.0571,-0.4832,-0.040,0.008,-0.831,0.841,1.772,-2.000,0.0075,-0.678,nan,5.31,1,1,1,1,1,0.1855,1.000,1,0.283,5,0.559,2,0,yolo,111.2,yolo,0,0,0,0.000,0,-1,0
1785654023.396,-1.266,-2.647,4.130,0.9987,0,1.017,0.647,-5.484,0.2907,10.331,-0.219,-1.179,1.000,-1.215,-2.283,-0.0617,-0.0468,-0.054,-0.054,-0.878,0.859,1.754,-2.000,0.0075,-0.696,nan,6.70,1,1,1,0,1,0.2338,0.900,1,0.281,4,0.584,0,0,yolo,111.2,yolo,0,0,0,0.000,0,-1,0
1785654023.433,-1.393,-2.553,4.667,0.9987,0,0.647,0.553,-6.523,0.2889,10.331,-0.219,-1.179,1.000,-1.215,-2.040,-0.0799,-0.0983,-0.072,-0.072,-0.929,0.875,1.738,-2.000,0.0076,-0.712,nan,7.74,1,1,1,0,1,0.2701,0.900,1,0.281,4,0.584,2,0,yolo,111.2,yolo,0,0,0,0.000,0,-1,0
1785654023.460,-1.495,-2.465,5.362,0.9987,0,0.249,0.465,-5.023,0.2869,10.331,-0.219,-1.179,1.000,-1.215,-1.744,-0.1021,-0.1555,-0.094,-0.094,-0.986,0.891,1.722,-2.000,0.0077,-0.728,nan,0.00,1,1,1,0,1,0.0000,0.974,0,0.234,4,0.595,0,0,yolo,111.2,yolo,0,0,0,0.000,0,-1,0
1785654023.496,-1.495,-2.465,5.362,0.9987,0,1.749,0.465,-3.523,0.2702,10.221,-0.269,-1.048,1.000,-1.507,-5.859,0.3907,-0.9591,-0.094,0.016,-0.986,0.891,1.850,-2.000,0.0077,-0.600,nan,0.00,1,1,1,1,1,0.0000,0.974,0,0.234,4,0.595,2,0,yolo,114.8,yolo,0,0,0,0.000,0,-1,0
1785654023.523,-1.543,-2.392,5.887,0.9988,0,0.601,0.392,-2.023,0.2869,10.221,-0.269,-1.048,1.000,-1.507,-2.144,-0.1314,-0.0546,-0.115,-0.115,-1.041,0.906,1.837,-2.000,0.0078,-0.613,nan,0.00,1,1,1,0,1,0.0000,0.958,0,0.224,4,0.610,0,0,yolo,114.8,yolo,0,0,0,0.000,0,-1,0
1785654023.555,-1.629,-2.336,6.061,0.9988,0,0.311,0.336,-0.523,0.2861,10.221,-0.269,-1.048,1.000,-1.507,-1.940,-0.1466,-0.1060,-0.130,-0.130,-1.092,0.922,1.828,-2.000,0.0078,-0.622,nan,0.00,1,1,1,0,1,0.0000,0.958,0,0.224,4,0.610,0,0,yolo,114.8,yolo,0,0,0,0.000,0,-1,0
1785654023.585,-1.629,-2.336,6.061,0.9988,0,1.811,0.336,0.977,0.2694,10.087,-0.361,-0.922,1.000,-2.052,-9.998,0.9590,-1.2355,-0.130,0.009,-1.092,0.922,1.951,-2.000,0.0079,-0.499,nan,0.00,1,1,1,1,1,0.0000,0.938,0,0.212,4,0.623,0,0,yolo,107.0,yolo,0,0,0,0.000,0,-1,0
1785654023.616,-1.780,-2.291,6.084,0.9987,0,1.389,0.291,2.052,0.2859,10.087,-0.361,-0.922,1.000,-2.052,-3.169,-0.1505,-0.0361,-0.142,-0.142,-1.128,0.936,1.944,-2.000,0.0079,-0.506,nan,0.00,1,1,1,0,1,0.0000,0.938,0,0.212,4,0.623,0,0,yolo,107.0,yolo,0,0,0,0.000,0,-1,0
1785654023.653,-1.915,-2.262,5.840,0.9987,0,1.138,0.262,2.052,0.2854,10.087,-0.361,-0.922,1.000,-2.052,-3.053,-0.1591,-0.0502,-0.150,-0.150,-1.142,0.951,1.940,-2.000,0.0080,-0.510,nan,0.00,1,1,1,0,1,0.0000,0.947,0,0.217,4,0.643,0,0,yolo,107.0,yolo,0,0,0,0.000,0,-1,0
1785654023.678,-1.915,-2.262,5.840,0.9987,0,1.138,0.262,2.052,0.2855,10.087,-0.361,-0.922,1.000,-2.052,-3.053,-0.1591,-0.0502,-0.150,-0.150,-1.142,0.951,1.940,-2.000,0.0080,-0.510,nan,0.00,1,1,1,0,1,0.0000,0.947,0,0.217,4,0.643,0,0,yolo,107.0,yolo,0,0,0,0.000,0,-1,0
1785654023.716,-2.026,-2.237,5.639,0.9986,0,2.638,0.237,2.876,0.2688,9.902,-0.497,-0.777,1.000,-2.876,-13.425,1.0684,-1.0401,-0.160,0.103,-1.156,0.965,2.079,-2.000,0.0081,-0.371,nan,0.00,1,1,1,1,1,0.0000,0.832,0,0.220,3,0.663,0,0,yolo,119.8,yolo,0,0,0,0.000,0,-1,0
1785654023.740,-2.324,-2.219,5.366,0.9984,0,2.055,0.219,2.876,0.2838,9.902,-0.497,-0.777,1.000,-2.876,-4.378,-0.2712,0.0010,-0.168,-0.168,-1.155,0.979,2.078,-2.000,0.0081,-0.372,nan,0.00,1,1,1,0,1,0.0000,0.832,0,0.220,3,0.663,0,0,yolo,119.8,yolo,0,0,0,0.000,0,-1,0
1785654023.775,-2.324,-2.219,5.366,0.9984,0,2.055,0.219,2.876,0.2838,9.902,-0.497,-0.777,1.000,-2.876,-4.378,-0.2712,0.0010,-0.168,-0.168,-1.155,0.979,2.078,-2.000,0.0082,-0.372,nan,0.00,1,1,1,0,1,0.0000,0.832,0,0.220,3,0.663,1,0,yolo,119.8,yolo,0,0,0,0.000,0,-1,0
1785654023.803,-2.512,-2.205,5.083,0.9983,0,1.732,0.205,2.876,0.2836,9.902,-0.497,-0.777,1.000,-2.876,-4.244,-0.2810,-0.0053,-0.178,-0.178,-1.161,0.992,2.078,-2.000,0.0082,-0.372,nan,0.00,1,1,1,0,1,0.0000,0.823,0,0.213,3,0.694,0,0,yolo,119.8,yolo,0,0,0,0.000,0,-1,0
1785654023.834,-2.689,-2.193,4.797,0.9982,0,3.232,0.193,3.701,0.2669,9.350,-0.605,-0.602,1.000,-3.701,-14.000,4.0388,-2.0000,-0.191,0.466,-1.182,1.006,2.200,-2.000,0.0082,-0.215,nan,0.00,1,1,1,1,1,0.0000,0.823,0,0.213,3,0.694,0,0,yolo,114.7,yolo,0,0,0,0.000,0,-1,0
1785654023.866,-3.053,-2.188,4.431,0.9979,0,1.732,0.188,3.701,0.2789,9.350,-0.605,-0.602,1.000,-3.701,-4.069,-0.6674,-0.0074,-0.202,-0.202,-1.190,1.021,2.200,-2.000,0.0082,-0.212,nan,0.00,1,1,1,0,1,0.0000,0.821,0,0.211,3,0.709,0,0,yolo,114.7,yolo,0,0,0,0.000,0,-1,0
1785654023.898,-3.053,-2.188,4.431,0.9979,0,1.016,0.188,3.701,0.2789,9.350,-0.605,-0.602,1.000,-3.701,-4.069,-0.6674,-0.0074,-0.202,-0.202,-1.190,1.021,2.200,-2.000,0.0083,-0.212,nan,0.00,1,1,1,0,1,0.0000,0.821,0,0.211,3,0.709,0,0,yolo,114.7,yolo,0,0,0,0.000,0,-1,0
1785654023.934,-3.122,-2.186,4.067,0.9978,0,2.516,0.186,4.227,0.2622,8.907,-0.658,-0.432,1.000,-4.227,-14.000,0.4905,-0.9349,-0.217,0.292,-1.192,1.034,2.200,-2.000,0.0083,-0.056,nan,0.00,1,1,1,1,1,0.0000,0.811,0,0.204,3,0.698,0,0,yolo,113.3,yolo,0,0,0,0.000,0,-1,0
1785654023.976,-3.382,-2.188,3.681,0.9975,0,2.369,0.188,4.227,0.2745,8.907,-0.658,-0.432,1.000,-4.227,-5.751,-0.5218,0.0002,-0.230,-0.230,-1.192,1.047,2.200,-2.000,0.0083,-0.052,nan,0.00,1,1,1,0,1,0.0000,0.811,0,0.204,3,0.698,0,0,yolo,113.3,yolo,0,0,0,0.000,0,-1,0
1785654024.007,-3.620,-2.192,3.259,0.9973,0,1.906,0.192,4.227,0.2747,8.907,-0.658,-0.432,1.000,-4.227,-5.526,-0.5372,0.0046,-0.245,-0.245,-1.188,1.062,2.200,-2.000,0.0083,-0.049,nan,0.00,1,1,1,0,1,0.0000,0.810,0,0.203,3,0.705,0,0,yolo,113.3,yolo,0,0,0,0.000,0,-1,0
1785654024.038,-3.620,-2.192,3.259,0.9973,0,3.406,0.192,4.164,0.2580,8.994,-0.655,-0.304,1.000,-4.164,-10.811,-0.1480,-1.9649,-0.245,0.120,-1.188,1.062,2.200,-2.000,0.0083,0.082,nan,0.00,1,1,1,1,1,0.0000,0.810,0,0.203,3,0.705,0,0,yolo,113.5,yolo,0,0,0,0.000,0,-1,0
1785654024.070,-3.795,-2.196,2.870,0.9971,0,2.210,0.196,4.164,0.2709,8.994,-0.655,-0.304,1.000,-4.164,-6.005,-0.3822,0.0084,-0.262,-0.262,-1.180,1.075,2.200,-2.000,0.0083,0.085,nan,0.00,1,1,1,0,1,0.0000,0.684,0,0.195,2,0.722,0,0,yolo,113.5,yolo,0,0,0,0.000,0,-1,0
1785654024.105,-4.036,-2.202,2.446,0.9968,0,1.682,0.202,4.164,0.2709,8.994,-0.655,-0.304,1.000,-4.164,-5.718,-0.4019,0.0103,-0.282,-0.282,-1.178,1.090,2.200,-2.000,0.0083,0.088,nan,0.00,1,1,1,0,1,0.0000,0.684,0,0.195,2,0.722,2,0,yolo,113.5,yolo,0,0,0,0.000,0,-1,0
1785654024.132,-4.036,-2.202,2.446,0.9968,0,1.682,0.202,4.164,0.2709,8.994,-0.655,-0.304,1.000,-4.164,-5.718,-0.4019,0.0103,-0.282,-0.282,-1.178,1.090,2.200,-2.000,0.0082,0.088,nan,0.00,1,1,1,0,1,0.0000,0.545,0,0.170,1,0.723,0,0,yolo,113.5,yolo,0,0,0,0.000,0,-1,0
1785654024.171,-4.202,-2.209,2.026,0.9966,0,3.182,0.209,3.962,0.2543,9.046,-0.626,-0.205,1.000,-3.962,-8.634,-0.1921,-0.6120,-0.304,-0.033,-1.172,1.105,2.200,-2.000,0.0082,0.190,nan,0.00,1,1,1,1,1,0.0000,0.547,0,0.172,1,0.715,0,0,yolo,120.2,yolo,0,0,0,0.000,0,-1,0
1785654024.219,-4.369,-2.216,1.629,0.9963,0,1.682,0.216,3.962,0.2672,9.046,-0.626,-0.205,1.000,-3.962,-5.350,-0.2934,-0.0037,-0.326,-0.326,-1.176,1.119,2.200,-2.000,0.0082,0.193,nan,0.00,1,1,1,0,1,0.0000,0.547,0,0.172,1,0.715,1,0,yolo,120.2,yolo,0,0,0,0.000,0,-1,0
1785654024.259,-4.745,-2.224,1.211,0.9958,0,0.265,0.224,3.962,0.2678,9.046,-0.626,-0.205,1.000,-3.962,-5.010,-0.3168,0.0100,-0.350,-0.350,-1.162,1.134,2.200,-2.000,0.0082,0.199,nan,0.00,1,1,1,0,1,0.0000,0.544,0,0.169,1,0.728,0,0,yolo,120.2,yolo,0,0,0,0.000,0,-1,0
1785654024.305,-4.723,-2.231,0.812,0.9958,0,0.506,0.231,3.448,0.2511,8.858,-0.534,-0.084,1.000,-3.448,-5.229,-0.5952,-0.7930,-0.380,-0.043,-1.145,1.149,2.145,-2.000,0.0082,0.305,nan,0.00,1,1,1,1,1,0.0000,0.551,0,0.176,1,0.754,0,0,yolo,118.3,yolo,0,0,0,0.000,0,-1,0
1785654024.336,-4.749,-2.239,0.429,0.9958,0,-0.994,0.239,3.448,0.2649,8.858,-0.534,-0.084,1.000,-3.448,-2.848,-0.3649,0.0180,-0.408,-0.408,-1.127,1.164,2.144,-2.000,0.0081,0.306,nan,0.00,1,1,1,0,1,0.0000,0.423,0,0.153,1,0.755,0,0,yolo,118.3,yolo,0,0,0,0.000,0,-1,0
1785654024.366,-4.621,-2.240,0.080,0.9960,0,-2.242,0.240,3.448,0.2658,8.858,-0.534,-0.084,1.000,-3.448,-2.380,-0.3967,0.0389,-0.440,-0.440,-1.106,1.179,2.145,-2.000,0.0081,0.305,nan,0.00,1,1,1,0,1,0.0000,0.423,0,0.153,1,0.755,0,0,yolo,118.3,yolo,0,0,0,0.000,0,-1,0
1785654024.398,-4.621,-2.240,0.080,0.9960,0,-3.742,0.240,2.441,0.2491,8.619,-0.367,0.054,1.000,-2.441,3.640,-1.5157,-1.1527,-0.440,-0.217,-1.106,1.179,2.030,-2.000,0.0081,0.420,nan,0.00,1,1,1,1,1,0.0000,0.321,0,0.160,0,0.754,0,0,yolo,106.0,yolo,0,0,0,0.000,0,-1,0
1785654024.434,-4.373,-2.239,-0.239,0.9963,0,-4.229,0.239,2.441,0.2614,8.619,-0.367,0.054,1.000,-2.441,-0.144,-0.2535,0.0218,-0.471,-0.471,-1.084,1.193,2.031,-2.000,0.0080,0.419,nan,0.00,1,1,1,0,1,0.0000,0.321,0,0.160,0,0.754,1,0,yolo,106.0,yolo,0,0,0,0.000,0,-1,0
1785654024.459,-3.864,-2.230,-0.500,0.9970,0,-4.251,0.230,2.441,0.2619,8.619,-0.367,0.054,1.000,-2.441,0.388,-0.2890,0.0352,-0.506,-0.506,-1.070,1.208,2.036,-2.000,0.0080,0.414,nan,0.00,1,1,1,0,1,0.0000,0.325,0,0.166,0,0.770,0,0,yolo,106.0,yolo,0,0,0,0.000,0,-1,0
1785654024.498,-3.864,-2.230,-0.500,0.9970,0,-5.751,0.230,1.362,0.2453,8.624,-0.205,0.220,1.000,-1.362,8.567,-1.6232,-1.5476,-0.506,-0.387,-1.070,1.208,1.881,-2.000,0.0079,0.569,nan,0.00,1,1,1,1,1,0.0000,0.329,0,0.173,0,0.794,0,0,yolo,110.3,yolo,0,0,0,0.000,0,-1,0
1785654024.538,-3.420,-2.219,-0.717,0.9975,0,-6.082,0.219,1.362,0.2562,8.624,-0.205,0.220,1.000,-1.362,2.662,-0.1477,0.0146,-0.535,-0.535,-1.056,1.221,1.884,-2.000,0.0079,0.566,nan,0.00,1,1,1,0,1,0.0000,0.329,0,0.173,0,0.794,0,0,yolo,110.3,yolo,0,0,0,0.000,0,-1,0
1785654024.567,-2.776,-2.202,-0.869,0.9981,0,-5.873,0.202,1.362,0.2576,8.624,-0.205,0.220,1.000,-1.362,3.097,-0.1768,0.0477,-0.564,-0.564,-1.023,1.234,1.889,-2.000,0.0078,0.561,nan,0.00,1,1,1,0,1,0.0000,0.322,0,0.162,0,0.675,0,0,yolo,110.3,yolo,0,0,0,0.000,0,-1,0
1785654024.604,-2.115,-2.184,-0.988,0.9986,0,-7.373,0.184,0.340,0.2409,8.640,-0.051,0.345,1.000,-0.340,10.065,-1.1566,-0.8587,-0.588,-0.516,-0.984,1.247,1.774,-2.000,0.0077,0.676,nan,0.00,1,1,1,1,1,0.0000,0.322,0,0.162,0,0.675,2,0,yolo,107.6,yolo,0,0,0,0.000,0,-1,0
1785654024.646,-1.316,-2.167,-1.037,0.9990,0,-6.980,0.167,0.340,0.2541,8.640,-0.051,0.345,1.000,-0.340,5.664,-0.0925,0.0531,-0.608,-0.608,-0.931,1.258,1.778,-2.000,0.0077,0.672,nan,0.00,1,1,1,0,1,0.0000,0.426,0,0.157,1,0.683,0,0,yolo,107.6,yolo,0,0,0,0.000,0,-1,0
1785654024.677,-1.316,-2.167,-1.037,0.9990,0,-6.980,0.167,0.340,0.2541,8.640,-0.051,0.345,1.000,-0.340,5.664,-0.0925,0.0531,-0.608,-0.608,-0.931,1.258,1.778,-2.000,0.0076,0.672,nan,0.00,1,1,1,0,1,0.0000,0.420,0,0.150,1,0.672,0,0,yolo,107.6,yolo,0,0,0,0.000,0,-1,0
1785654024.708,-0.557,-2.147,-1.050,0.9993,0,-8.480,0.147,-0.497,0.2374,8.364,0.073,0.458,1.000,0.497,14.000,-3.6642,-2.0000,-0.622,-0.993,-0.874,1.268,1.679,-2.000,0.0075,0.771,nan,0.00,1,1,1,1,1,0.0000,0.420,0,0.150,1,0.672,0,0,yolo,107.5,yolo,0,0,0,0.000,0,-1,0
1785654024.738,0.382,-2.133,-1.013,0.9993,0,-6.980,0.133,-0.497,0.2517,8.364,0.073,0.458,1.000,0.497,5.906,0.3624,0.0715,-0.631,-0.631,-0.803,1.278,1.680,-2.000,0.0074,0.770,nan,0.00,1,1,1,0,1,0.0000,0.429,0,0.161,1,0.671,0,0,yolo,107.5,yolo,0,0,0,0.000,0,-1,0
1785654024.769,1.115,-2.118,-0.949,0.9991,0,-5.480,-0.382,-0.497,0.2545,8.364,0.073,0.458,1.000,0.497,5.896,0.3631,0.1323,-0.630,-0.630,-0.742,1.287,1.681,-2.500,0.0074,0.769,nan,0.00,1,1,1,0,1,0.0000,0.423,0,0.154,1,0.663,0,0,yolo,107.5,yolo,0,0,0,0.000,0,-1,0
1785654024.806,1.115,-2.118,-0.949,0.9991,0,-4.781,-0.382,-0.497,0.2544,8.364,0.073,0.458,1.000,0.497,5.896,0.3631,0.1323,-0.630,-0.630,-0.742,1.287,1.681,-2.500,0.0073,0.769,nan,0.00,1,1,1,0,1,0.0000,0.319,0,0.157,0,0.660,0,0,yolo,107.5,yolo,0,0,0,0.000,0,-1,0
1785654024.846,1.640,-2.167,-0.902,0.9989,0,-6.281,-0.275,-1.371,0.2377,8.042,0.192,0.563,1.000,1.371,14.000,-0.9194,-0.7744,-0.621,-0.901,-0.677,1.297,1.578,-2.442,0.0072,0.872,nan,0.00,1,1,1,1,1,0.0000,0.319,0,0.157,0,0.660,0,0,yolo,113.9,yolo,0,0,0,0.000,0,-1,0
1785654024.881,2.364,-2.199,-0.776,0.9984,0,-6.103,-0.189,-1.371,0.2480,8.042,0.192,0.563,1.000,1.371,8.467,0.2918,0.0632,-0.610,-0.610,-0.614,1.305,1.572,-2.388,0.0071,0.878,nan,0.00,1,1,1,0,1,0.0000,0.456,0,0.195,0,0.643,1,0,yolo,113.9,yolo,0,0,0,0.000,0,-1,0
1785654024.908,3.005,-2.223,-0.626,0.9979,0,-5.215,-0.125,-1.371,0.2507,8.042,0.192,0.563,1.000,1.371,8.221,0.3075,0.1250,-0.594,-0.594,-0.552,1.314,1.566,-2.349,0.0070,0.884,nan,0.00,1,1,1,0,1,0.0000,0.457,0,0.196,0,0.648,0,0,yolo,113.9,yolo,0,0,0,0.000,0,-1,0
1785654024.941,3.005,-2.223,-0.626,0.9979,0,-6.715,0.042,-2.394,0.2340,7.796,0.326,0.666,1.000,2.394,14.000,-1.3929,-1.0092,-0.594,-0.887,-0.552,1.314,1.465,-2.181,0.0069,0.985,nan,0.00,1,1,1,1,1,0.0000,0.457,0,0.196,0,0.648,0,0,yolo,105.6,yolo,0,0,0,0.000,0,-1,0
1785654024.971,3.702,-2.245,-0.464,0.9971,0,-6.986,0.139,-2.394,0.2445,7.796,0.326,0.666,1.000,2.394,10.688,0.3152,0.0596,-0.572,-0.572,-0.493,1.323,1.459,-2.107,0.0068,0.991,nan,0.00,1,1,1,0,1,0.0000,0.460,0,0.200,0,0.640,0,0,yolo,105.6,yolo,0,0,0,0.000,0,-1,0
1785654025.003,4.494,-2.247,-0.201,0.9962,0,-5.774,0.190,-2.394,0.2480,7.796,0.326,0.666,1.000,2.394,10.268,0.3415,0.1366,-0.546,-0.546,-0.416,1.331,1.455,-2.057,0.0067,0.995,nan,0.00,1,1,1,0,1,0.0000,0.582,0,0.207,1,0.641,0,0,yolo,105.6,yolo,0,0,0,0.000,0,-1,0
1785654025.035,4.494,-2.247,-0.201,0.9962,0,-7.274,0.323,-3.236,0.2313,7.614,0.430,0.749,1.000,3.236,14.000,-1.1184,-0.8352,-0.546,-0.819,-0.416,1.331,1.371,-1.924,0.0067,1.079,nan,0.00,1,1,1,1,1,0.0000,0.582,0,0.207,1,0.641,0,0,yolo,109.4,yolo,0,0,0,0.000,0,-1,0
1785654025.066,5.085,-2.247,0.019,0.9953,0,-7.257,0.382,-3.236,0.2422,7.614,0.430,0.749,1.000,3.236,12.341,0.3042,0.0620,-0.515,-0.515,-0.354,1.339,1.368,-1.865,0.0067,1.082,nan,0.00,1,1,1,0,1,0.0000,0.471,0,0.214,0,0.656,0,0,yolo,109.4,yolo,0,0,0,0.000,0,-1,0
1785654025.104,5.836,-2.244,0.290,0.9941,0,-5.828,0.447,-3.236,0.2456,7.614,0.430,0.749,1.000,3.236,11.664,0.3460,0.1346,-0.473,-0.473,-0.281,1.348,1.363,-1.797,0.0067,1.087,nan,0.00,1,1,1,0,1,0.0000,0.480,0,0.225,0,0.801,0,0,yolo,109.4,yolo,0,0,0,0.000,0,-1,0
1785654025.144,6.485,-2.231,0.647,0.9928,0,-4.447,0.470,-3.236,0.2485,7.614,0.430,0.749,1.000,3.236,10.933,0.3912,0.1915,-0.428,-0.428,-0.224,1.355,1.361,-1.761,0.0067,1.089,nan,0.00,1,1,1,0,1,0.0000,0.480,0,0.225,0,0.801,0,0,yolo,109.4,yolo,0,0,0,0.000,0,-1,0
1785654025.176,6.485,-2.231,0.647,0.9928,0,-5.947,0.623,-4.067,0.2318,7.681,0.546,0.826,1.000,4.067,14.000,-0.6682,-0.5506,-0.428,-0.673,-0.224,1.355,1.269,-1.607,0.0067,1.181,nan,0.00,1,1,1,1,1,0.0000,0.476,0,0.219,0,0.823,0,0,yolo,115.3,yolo,0,0,0,0.000,0,-1,0
1785654025.207,7.170,-2.211,1.067,0.9914,0,-5.729,0.653,-4.067,0.2403,7.681,0.546,0.826,1.000,4.067,12.898,0.2945,0.0676,-0.379,-0.379,-0.157,1.363,1.267,-1.558,0.0067,1.183,nan,0.00,1,1,1,0,1,0.0000,0.476,0,0.219,0,0.823,0,0,yolo,115.3,yolo,0,0,0,0.000,0,-1,0
1785654025.244,7.750,-2.196,1.463,0.9901,0,-4.381,0.669,-4.067,0.2435,7.681,0.546,0.826,1.000,4.067,12.131,0.3422,0.1310,-0.331,-0.331,-0.093,1.369,1.264,-1.528,0.0067,1.186,nan,0.00,1,1,1,0,1,0.0000,0.461,0,0.201,0,0.839,0,0,yolo,115.3,yolo,0,0,0,0.000,0,-1,0
1785654025.290,8.191,-2.181,1.843,0.9891,0,-5.809,0.757,-4.719,0.2268,7.298,0.602,0.863,1.000,4.719,14.000,-0.6230,-0.2389,-0.278,-0.497,-0.028,1.376,1.232,-1.424,0.0067,1.218,nan,0.00,1,1,1,1,1,0.0000,0.461,0,0.201,0,0.839,1,0,yolo,111.6,yolo,0,0,0,0.000,0,-1,0
1785654025.317,8.873,-2.170,2.338,0.9873,0,-4.309,0.785,-4.719,0.2410,7.298,0.602,0.863,1.000,4.719,12.896,0.2818,0.0870,-0.215,-0.215,0.059,1.383,1.228,-1.385,0.0067,1.222,nan,0.00,1,1,1,0,1,0.0000,0.475,0,0.219,0,0.804,0,0,yolo,111.6,yolo,0,0,0,0.000,0,-1,0
1785654025.352,8.873,-2.170,2.338,0.9873,0,-4.022,0.716,-4.719,0.2410,7.298,0.602,0.863,1.000,4.719,12.896,0.2818,0.0870,-0.215,-0.215,0.059,1.383,1.228,-1.454,0.0067,1.222,nan,0.00,1,1,1,0,1,0.0000,0.462,0,0.203,0,0.817,0,0,yolo,111.6,yolo,0,0,0,0.000,0,-1,0
1785654025.382,9.305,-2.169,2.845,0.9861,0,-4.695,0.823,-5.405,0.2244,7.026,0.665,0.884,1.000,5.405,14.000,-1.2616,-0.3525,-0.149,-0.435,0.149,1.390,1.205,-1.346,0.0067,1.245,nan,0.00,1,1,1,1,1,0.0000,0.462,0,0.203,0,0.817,0,0,yolo,112.3,yolo,0,0,0,0.000,0,-1,0
1785654025.410,9.305,-2.169,2.845,0.9861,0,-4.577,0.766,-5.405,0.2367,7.026,0.665,0.884,1.000,5.405,13.882,0.2859,0.0000,-0.149,-0.149,0.149,1.390,1.205,-1.403,0.0067,1.245,nan,0.00,1,1,1,0,1,0.0000,0.347,0,0.203,0,0.799,0,0,yolo,112.3,yolo,0,0,0,0.000,0,-1,0
1785654025.441,9.818,-2.170,3.378,0.9846,0,-3.077,0.833,-5.405,0.2409,7.026,0.665,0.884,1.000,5.405,12.747,0.3522,0.0889,-0.082,-0.082,0.238,1.397,1.200,-1.336,0.0067,1.250,nan,0.00,1,1,1,0,1,0.0000,0.347,0,0.203,0,0.799,0,0,yolo,112.3,yolo,0,0,0,0.000,0,-1,0
1785654025.473,10.127,-2.174,3.912,0.9837,0,-1.577,0.884,-5.405,0.2450,7.026,0.665,0.884,1.000,5.405,11.629,0.4176,0.1758,-0.017,-0.017,0.325,1.404,1.200,-1.290,0.0067,1.253,nan,0.00,1,1,1,0,1,0.0000,0.343,0,0.197,0,0.774,0,0,yolo,112.3,yolo,0,0,0,0.000,0,-1,0
1785654025.508,10.283,-2.173,4.441,0.9832,0,-3.077,0.928,-5.828,0.2300,6.859,0.700,0.907,1.000,5.828,14.000,-0.3040,-0.1397,0.051,-0.224,0.414,1.412,1.200,-1.246,0.0067,1.276,nan,0.00,1,1,1,1,1,0.0000,0.343,0,0.197,0,0.774,3,0,yolo,124.7,yolo,0,0,0,0.000,0,-1,0
1785654025.549,10.605,-2.178,4.985,0.9822,0,-1.577,0.971,-5.828,0.2403,6.859,0.700,0.907,1.000,5.828,11.399,0.3415,0.0815,0.118,0.118,0.495,1.420,1.200,-1.207,0.0067,1.280,nan,0.00,1,1,1,0,1,0.0000,0.364,0,0.231,0,0.715,0,0,yolo,124.7,yolo,0,0,0,0.000,0,-1,0
1785654025.581,10.605,-2.178,4.985,0.9822,0,-0.795,0.898,-5.828,0.2403,6.859,0.700,0.907,1.000,5.828,11.399,0.3415,0.0815,0.118,0.118,0.495,1.420,1.200,-1.280,0.0067,1.280,nan,0.00,1,1,1,0,1,0.0000,0.351,0,0.210,0,0.727,0,0,yolo,124.7,yolo,0,0,0,0.000,0,-1,0
1785654025.612,10.760,-2.182,5.590,0.9817,0,-2.295,0.972,-5.844,0.2379,6.675,0.683,0.914,1.000,5.844,14.000,-0.0563,0.0274,0.190,0.019,0.584,1.429,1.200,-1.210,0.0067,1.279,nan,0.00,1,1,1,1,1,0.0000,0.351,0,0.210,0,0.727,0,0,yolo,113.9,yolo,0,0,0,0.000,0,-1,0
1785654025.642,11.014,-2.187,6.182,0.9809,0,-0.795,1.038,-5.844,0.2404,6.675,0.683,0.914,1.000,5.844,10.008,0.2451,0.0776,0.264,0.264,0.661,1.439,1.200,-1.149,0.0067,1.282,nan,0.00,1,1,1,0,1,0.0000,0.357,0,0.220,0,0.737,0,0,yolo,113.9,yolo,0,0,0,0.000,0,-1,0
1785654025.677,11.014,-2.187,6.182,0.9809,0,0.705,0.962,-5.844,0.2404,6.675,0.683,0.914,1.000,5.844,10.008,0.2451,0.0776,0.264,0.264,0.661,1.439,1.200,-1.225,0.0067,1.282,nan,0.00,1,1,1,0,1,0.0000,0.357,0,0.220,0,0.737,1,0,yolo,113.9,yolo,0,0,0,0.000,0,-1,0
1785654025.713,11.083,-2.185,6.729,0.9806,0,2.205,1.029,-5.844,0.2436,6.675,0.683,0.914,1.000,5.844,8.806,0.3126,0.1480,0.332,0.332,0.732,1.448,1.200,-1.156,0.0067,1.282,nan,0.00,1,1,1,0,1,0.0000,0.359,0,0.223,0,0.746,0,0,yolo,113.9,yolo,0,0,0,0.000,0,-1,0
1785654025.752,10.988,-2.193,7.318,0.9809,0,3.705,1.019,-4.603,0.2603,6.603,0.532,0.876,1.000,4.603,6.909,0.7150,0.3421,0.402,0.079,0.808,1.458,1.236,-1.174,0.0067,1.214,nan,0.00,1,1,1,1,1,0.0000,0.180,0,0.075,0,0.836,0,0,yolo,115.8,yolo,0,0,0,0.000,0,-1,0
1785654025.788,10.561,-2.169,7.790,0.9824,0,5.205,1.031,-4.603,0.2756,6.603,0.532,0.876,1.000,4.603,3.527,0.3871,0.0625,0.466,0.466,0.871,1.468,1.242,-1.138,0.0067,1.208,nan,0.00,1,1,1,0,1,0.0000,0.180,0,0.075,0,0.836,1,0,yolo,115.8,yolo,0,0,0,0.000,0,-1,0
1785654025.815,10.018,-2.133,8.205,0.9841,0,6.705,1.008,-4.603,0.2751,6.603,0.532,0.876,1.000,4.603,2.532,0.4423,0.1078,0.522,0.522,0.916,1.477,1.249,-1.125,0.0067,1.201,nan,0.00,1,1,1,0,1,0.0000,0.183,0,0.084,0,0.839,0,0,yolo,115.8,yolo,0,0,0,0.000,0,-1,0
1785654025.853,10.018,-2.133,8.205,0.9841,0,5.205,0.940,-4.335,0.2751,6.637,0.503,0.890,1.000,4.335,5.053,0.4664,-0.1427,0.522,0.268,0.916,1.477,1.240,-1.193,0.0067,1.210,nan,0.00,1,1,1,1,1,0.6176,0.375,1,0.257,0,0.725,0,0,yolo,113.0,yolo,0,0,0,0.000,0,-1,0
1785654025.898,9.282,-2.100,8.673,0.9862,0,6.705,0.952,-4.335,0.2745,6.637,0.503,0.890,1.000,4.335,1.982,0.3014,0.0298,0.569,0.569,0.946,1.487,1.248,-1.147,0.0067,1.202,nan,0.00,1,1,1,0,1,0.6176,0.375,1,0.257,0,0.725,2,0,yolo,113.0,yolo,0,0,0,0.000,0,-1,0
1785654025.925,8.261,-2.043,9.281,0.9890,0,7.277,0.961,-4.335,0.2737,6.637,0.503,0.890,1.000,4.335,0.984,0.3570,0.0465,0.625,0.625,0.963,1.500,1.261,-1.083,0.0067,1.189,nan,0.00,1,1,1,0,1,0.6230,0.375,1,0.250,0,0.718,0,0,yolo,113.0,yolo,0,0,0,0.000,0,-1,0
1785654025.957,7.424,-1.993,9.732,0.9910,0,7.026,0.838,-5.835,0.2732,6.557,0.413,0.874,1.000,3.606,0.398,0.8342,0.4134,0.657,0.340,0.957,1.510,1.302,-1.155,0.0067,1.148,nan,8.00,1,1,1,1,1,0.6271,0.500,1,0.251,1,0.715,0,0,yolo,111.7,yolo,0,0,0,0.000,0,-1,0
1785654025.988,7.424,-1.993,9.732,0.9910,0,8.526,0.740,-7.335,0.2732,6.557,0.413,0.874,1.000,3.606,-1.159,0.3164,0.0000,0.657,0.657,0.957,1.510,1.302,-1.253,0.0067,1.148,nan,8.00,1,1,1,0,1,0.6270,0.500,1,0.251,1,0.715,0,0,yolo,111.7,yolo,0,0,0,0.000,0,-1,0
1785654026.018,6.383,-1.998,10.541,0.9932,0,7.757,0.853,-5.835,0.2726,6.557,0.413,0.874,1.000,3.606,-1.374,0.3283,-0.0176,0.668,0.668,0.939,1.524,1.307,-1.145,0.0067,1.143,nan,0.00,1,1,1,0,1,0.0000,0.620,0,0.245,1,0.696,0,0,yolo,111.7,yolo,0,0,0,0.000,0,-1,0
1785654026.050,6.383,-1.998,10.541,0.9932,0,7.757,0.759,-4.335,0.2726,6.557,0.413,0.874,1.000,3.606,-1.374,0.3283,-0.0176,0.668,0.668,0.939,1.524,1.307,-1.239,0.0067,1.143,nan,0.00,1,1,1,0,1,0.0000,0.620,0,0.245,1,0.696,0,0,yolo,111.7,yolo,0,0,0,0.000,0,-1,0
1785654026.082,5.437,-1.996,11.342,0.9949,0,7.196,0.759,-2.835,0.2721,6.436,0.314,0.845,1.000,2.797,-1.759,0.5456,0.2882,0.672,0.451,0.920,1.538,1.355,-1.237,0.0067,1.095,nan,0.00,1,1,1,1,1,0.0000,0.310,0,0.141,0,0.869,0,0,yolo,116.1,yolo,0,0,0,0.000,0,-1,0
1785654026.120,4.631,-1.937,11.593,0.9962,0,7.977,0.681,-2.797,0.2718,6.436,0.314,0.845,1.000,2.797,-3.345,0.2351,-0.0182,0.687,0.687,0.901,1.545,1.365,-1.256,0.0067,1.085,nan,0.00,1,1,1,0,1,0.0000,0.310,0,0.141,0,0.869,1,0,yolo,116.1,yolo,0,0,0,0.000,0,-1,0
1785654026.160,3.695,-1.872,11.829,0.9974,0,7.149,0.591,-2.797,0.2714,6.436,0.314,0.845,1.000,2.797,-3.454,0.2410,-0.0357,0.692,0.692,0.884,1.552,1.377,-1.281,0.0067,1.073,nan,0.00,1,1,1,0,1,0.0000,0.496,0,0.245,0,0.853,0,0,yolo,116.1,yolo,0,0,0,0.000,0,-1,0
1785654026.192,3.695,-1.872,11.829,0.9974,0,8.649,0.341,-1.582,0.2881,6.099,0.168,0.799,1.000,1.582,-14.000,3.8797,1.9884,0.692,0.987,0.884,1.552,1.443,-1.531,0.0067,1.007,nan,0.00,1,1,1,1,1,0.0000,0.496,0,0.245,0,0.853,0,0,yolo,116.0,yolo,0,0,0,0.000,0,-1,0
1785654026.224,2.926,-1.825,12.127,0.9982,0,7.242,0.314,-1.582,0.2714,6.099,0.168,0.799,1.000,1.582,-4.317,-0.2950,-0.0156,0.692,0.692,0.868,1.560,1.450,-1.510,0.0067,1.000,nan,0.00,1,1,1,0,1,0.0000,0.473,0,0.216,0,0.853,0,0,yolo,116.0,yolo,0,0,0,0.000,0,-1,0
1785654026.254,2.106,-1.801,12.297,0.9988,0,6.336,0.294,-1.582,0.2709,6.099,0.168,0.799,1.000,1.582,-4.230,-0.2996,-0.0312,0.687,0.687,0.853,1.565,1.454,-1.507,0.0066,0.996,nan,0.00,1,1,1,0,1,0.0000,0.473,0,0.216,0,0.853,0,0,yolo,116.0,yolo,0,0,0,0.000,0,-1,0
1785654026.284,2.106,-1.801,12.297,0.9988,0,6.336,0.230,-1.582,0.2708,6.099,0.168,0.799,1.000,1.582,-4.230,-0.2996,-0.0312,0.687,0.687,0.853,1.565,1.454,-1.571,0.0065,0.996,nan,0.00,1,1,1,0,1,0.0000,0.409,0,0.136,1,0.826,0,0,yolo,116.0,yolo,0,0,0,0.000,0,-1,0
1785654026.312,1.377,-1.766,12.430,0.9992,0,7.836,0.075,-0.157,0.2706,6.044,0.017,0.751,1.000,0.157,-14.000,1.1273,0.4389,0.680,0.898,0.837,1.571,1.513,-1.692,0.0064,0.937,nan,0.00,1,1,1,1,1,0.0000,0.409,0,0.136,1,0.826,0,0,yolo,119.5,yolo,0,0,0,0.000,0,-1,0
1785654026.348,0.475,-1.761,12.469,0.9995,0,8.363,0.078,-0.157,0.2705,6.044,0.017,0.751,1.000,0.157,-7.888,-0.2328,-0.0146,0.665,0.665,0.822,1.575,1.513,-1.683,0.0063,0.937,nan,0.00,1,1,1,0,1,0.0000,0.407,0,0.134,1,0.807,0,0,yolo,119.5,yolo,0,0,0,0.000,0,-1,0
1785654026.385,-0.432,-1.749,12.454,0.9995,0,7.071,0.060,-0.157,0.2704,6.044,0.017,0.751,1.000,0.157,-7.503,-0.2528,-0.0283,0.645,0.645,0.809,1.579,1.515,-1.689,0.0062,0.935,nan,0.00,1,1,1,0,1,0.0000,0.407,0,0.134,1,0.807,2,0,yolo,119.5,yolo,0,0,0,0.000,0,-1,0
1785654026.425,-0.432,-1.749,12.454,0.9995,0,7.071,0.015,-0.157,0.2703,6.044,0.017,0.751,1.000,0.157,-7.503,-0.2528,-0.0283,0.645,0.645,0.809,1.579,1.515,-1.734,0.0062,0.935,nan,0.00,1,1,1,0,1,0.0000,0.505,0,0.130,2,0.764,0,0,yolo,119.5,yolo,0,0,0,0.000,0,-1,0
1785654026.456,-1.218,-1.740,12.475,0.9993,0,8.571,-0.156,1.343,0.2692,5.607,-0.136,0.689,0.934,-1.386,-14.000,1.1322,0.5503,0.619,0.843,0.795,1.583,1.588,-1.895,0.0061,0.862,nan,0.00,1,1,1,1,1,0.0000,0.505,0,0.130,2,0.764,0,0,yolo,128.3,yolo,0,0,0,0.000,0,-1,0
1785654026.487,-2.177,-1.763,12.365,0.9988,0,8.250,-0.116,1.712,0.2525,5.607,-0.136,0.689,0.934,-1.386,-10.427,-0.2561,-0.0116,0.587,0.587,0.783,1.586,1.584,-1.879,0.0060,0.866,nan,0.00,1,1,1,0,1,0.0000,0.203,0,0.133,1,0.737,0,0,yolo,128.3,yolo,0,0,0,0.000,0,-1,0
1785654026.517,-2.177,-1.763,12.365,0.9988,0,8.250,-0.151,1.695,0.2437,5.607,-0.136,0.689,0.934,-1.386,-10.427,-0.2561,-0.0116,0.587,0.587,0.783,1.586,1.584,-1.914,0.0059,0.866,nan,0.00,1,1,1,0,1,0.0000,0.406,0,0.133,1,0.721,0,0,yolo,128.3,yolo,0,0,0,0.000,0,-1,0
1785654026.555,-3.160,-1.783,12.145,0.9980,0,9.750,-0.296,3.195,0.2603,5.208,-0.277,0.620,0.868,-3.044,-14.000,0.9045,0.4179,0.548,0.754,0.789,1.588,1.654,-2.079,0.0058,0.796,nan,0.00,1,1,1,1,1,0.0000,0.406,0,0.133,1,0.721,2,0,yolo,120.2,yolo,0,0,0,0.000,0,-1,0
1785654026.598,-4.279,-1.837,11.860,0.9967,0,8.355,-0.209,3.655,0.2706,5.208,-0.277,0.620,0.868,-3.044,-12.634,-0.2533,0.0146,0.501,0.501,0.804,1.591,1.644,-2.047,0.0057,0.806,nan,0.00,1,1,1,0,1,0.0000,0.409,0,0.136,1,0.732,0,0,yolo,120.2,yolo,0,0,0,0.000,0,-1,0
1785654026.628,-5.229,-1.893,11.448,0.9953,0,6.855,-0.131,3.722,0.2709,5.208,-0.277,0.620,0.868,-3.044,-11.701,-0.3037,0.0323,0.451,0.451,0.822,1.593,1.635,-2.024,0.0057,0.815,nan,0.00,1,1,1,0,1,0.0000,0.288,0,0.200,1,0.737,0,0,yolo,120.2,yolo,0,0,0,0.000,0,-1,0
1785654026.660,-5.229,-1.893,11.448,0.9953,0,6.472,-0.156,3.772,0.2708,5.208,-0.277,0.620,0.868,-3.044,-11.701,-0.3037,0.0323,0.451,0.451,0.822,1.593,1.635,-2.048,0.0056,0.815,nan,0.00,1,1,1,0,1,0.0000,0.575,0,0.200,1,0.737,0,0,yolo,120.2,yolo,0,0,0,0.000,0,-1,0
1785654026.689,-6.054,-1.947,11.041,0.9938,0,7.946,-0.234,5.272,0.2875,4.922,-0.403,0.538,0.820,-4.679,-14.000,2.1066,1.0531,0.392,0.776,0.841,1.596,1.698,-2.181,0.0055,0.744,nan,0.00,1,1,1,1,1,0.0000,0.575,0,0.200,1,0.737,0,0,yolo,121.1,yolo,0,0,0,0.000,0,-1,0
1785654026.722,-6.986,-2.037,10.515,0.9919,0,6.446,-0.091,5.657,0.2716,4.922,-0.403,0.538,0.820,-4.679,-12.473,-0.4445,0.0119,0.332,0.332,0.853,1.599,1.685,-2.128,0.0054,0.758,nan,0.00,1,1,1,0,1,0.0000,0.350,0,0.208,2,0.710,0,0,yolo,121.1,yolo,0,0,0,0.000,0,-1,0
1785654026.754,-7.606,-2.112,9.982,0.9905,0,4.946,0.023,5.747,0.2719,4.922,-0.403,0.538,0.820,-4.679,-11.519,-0.4969,0.0065,0.279,0.279,0.848,1.602,1.675,-2.089,0.0053,0.768,nan,0.00,1,1,1,0,1,0.0000,0.700,0,0.208,2,0.710,0,0,yolo,121.1,yolo,0,0,0,0.000,0,-1,0
1785654026.783,-7.606,-2.112,9.982,0.9905,0,3.913,-0.005,5.815,0.2718,4.922,-0.403,0.538,0.820,-4.679,-11.519,-0.4969,0.0065,0.279,0.279,0.848,1.602,1.675,-2.117,0.0053,0.768,nan,0.00,1,1,1,0,1,0.0000,0.819,0,0.210,3,0.719,0,0,yolo,121.1,yolo,0,0,0,0.000,0,-1,0
1785654026.821,-7.988,-2.185,9.442,0.9896,0,5.413,-0.225,6.151,0.2855,4.851,-0.487,0.376,0.809,-5.738,-14.000,0.4484,0.7127,0.226,0.547,0.837,1.606,1.806,-2.411,0.0052,0.625,nan,0.00,1,1,1,1,1,0.0000,0.819,0,0.210,3,0.719,1,0,yolo,124.6,yolo,0,0,0,0.000,0,-1,0
1785654026.846,-8.575,-2.294,8.881,0.9880,0,3.913,-0.036,5.706,0.2724,4.851,-0.487,0.376,0.809,-5.738,-12.430,-0.3795,-0.0173,0.167,0.167,0.819,1.612,1.793,-2.330,0.0051,0.639,nan,0.00,1,1,1,0,1,0.0000,0.819,0,0.210,3,0.716,0,0,yolo,124.6,yolo,0,0,0,0.000,0,-1,0
1785654026.885,-8.575,-2.294,8.881,0.9880,0,3.855,-0.073,5.371,0.2723,4.851,-0.487,0.376,0.809,-5.738,-12.430,-0.3795,-0.0173,0.167,0.167,0.819,1.612,1.793,-2.367,0.0051,0.639,nan,0.00,1,1,1,0,1,0.0000,0.822,0,0.212,3,0.705,0,0,yolo,124.6,yolo,0,0,0,0.000,0,-1,0
1785654026.926,-9.364,-2.465,7.851,0.9858,0,4.636,0.260,6.170,0.2890,4.779,-0.595,0.267,0.796,-7.098,-14.000,1.1341,0.7288,0.045,0.445,0.792,1.626,1.794,-2.205,0.0050,0.566,nan,0.00,1,1,1,1,1,0.0000,0.825,0,0.214,3,0.725,0,0,yolo,119.3,yolo,0,0,0,0.000,0,-1,0
1785654026.956,-9.364,-2.465,7.851,0.9858,0,3.817,0.195,5.973,0.2723,4.779,-0.595,0.267,0.796,-7.098,-13.181,-0.3996,0.0000,0.045,0.045,0.792,1.626,1.794,-2.269,0.0050,0.566,nan,0.00,1,1,1,0,1,0.0000,0.946,0,0.217,4,0.824,0,0,yolo,119.3,yolo,0,0,0,0.000,0,-1,0
1785654026.993,-9.832,-2.532,7.286,0.9844,0,2.317,0.350,5.826,0.2556,4.779,-0.595,0.267,0.796,-7.098,-12.002,-0.4648,-0.0131,-0.020,-0.020,0.779,1.635,1.785,-2.182,0.0049,0.576,nan,0.00,1,1,1,0,1,0.0000,0.946,0,0.217,4,0.824,1,0,yolo,119.3,yolo,0,0,0,0.000,0,-1,0
1785654027.024,-10.025,-2.590,6.763,0.9837,0,0.942,0.476,5.716,0.2550,4.779,-0.595,0.267,0.796,-7.098,-10.967,-0.5220,-0.0127,-0.077,-0.077,0.779,1.643,1.780,-2.114,0.0048,0.582,nan,0.00,1,1,1,0,1,0.0000,0.945,0,0.215,4,0.849,1,0,yolo,119.3,yolo,0,0,0,0.000,0,-1,0
1785654027.066,-10.108,-2.634,6.245,0.9834,0,2.442,0.610,6.218,0.2716,4.429,-0.605,0.193,0.738,-7.774,-14.000,0.3919,0.6208,-0.137,0.199,0.800,1.652,1.766,-2.024,0.0048,0.500,nan,0.00,1,1,1,1,1,0.0000,0.346,0,0.201,2,0.825,0,0,yolo,123.6,yolo,0,0,0,0.000,0,-1,0
1785654027.092,-10.108,-2.634,6.245,0.9834,0,1.062,0.532,6.518,0.2733,4.429,-0.605,0.193,0.738,-7.774,-11.170,-0.3365,0.0000,-0.137,-0.137,0.800,1.652,1.766,-2.102,0.0047,0.500,nan,0.00,1,1,1,0,1,0.0000,0.691,0,0.201,2,0.825,0,0,yolo,123.6,yolo,0,0,0,0.000,0,-1,0
1785654027.130,-10.388,-2.677,5.633,0.9825,0,-0.426,0.677,6.742,0.2735,4.429,-0.605,0.193,0.738,-7.774,-9.962,-0.4043,0.0245,-0.205,-0.205,0.825,1.663,1.762,-2.001,0.0047,0.506,nan,0.00,1,1,1,0,1,0.0000,0.805,0,0.200,3,0.795,0,0,yolo,123.6,yolo,0,0,0,0.000,0,-1,0
1785654027.160,-10.471,-2.739,4.999,0.9822,0,-1.613,0.831,6.911,0.2735,4.429,-0.605,0.193,0.738,-7.774,-8.857,-0.4661,0.0464,-0.267,-0.267,0.847,1.675,1.758,-1.908,0.0046,0.511,nan,0.00,1,1,1,0,1,0.0000,0.498,0,0.123,2,0.770,0,0,yolo,123.6,yolo,0,0,0,0.000,0,-1,0
1785654027.191,-10.249,-2.771,4.296,0.9829,0,-0.113,0.894,7.386,0.2902,4.217,-0.608,0.102,0.703,-8.201,-14.000,0.3147,0.9938,-0.325,-0.007,0.873,1.688,1.777,-1.877,0.0046,0.412,nan,0.00,1,1,1,1,1,0.0000,0.498,0,0.123,2,0.770,0,0,yolo,122.7,yolo,0,0,0,0.000,0,-1,0
1785654027.218,-10.249,-2.771,4.296,0.9829,0,-1.533,0.790,7.605,0.2735,4.217,-0.608,0.102,0.703,-8.201,-8.716,-0.3172,0.0000,-0.325,-0.325,0.873,1.688,1.777,-1.981,0.0046,0.412,nan,0.00,1,1,1,0,1,0.0000,0.501,0,0.126,2,0.717,0,0,yolo,122.7,yolo,0,0,0,0.000,0,-1,0
1785654027.262,-10.065,-2.826,3.485,0.9834,0,-2.349,0.973,7.768,0.2731,4.217,-0.608,0.102,0.703,-8.201,-7.716,-0.3737,0.0086,-0.381,-0.381,0.881,1.703,1.776,-1.853,0.0045,0.414,nan,0.00,1,1,1,0,1,0.0000,0.610,0,0.134,3,0.677,0,0,yolo,122.7,yolo,0,0,0,0.000,0,-1,0
1785654027.300,-9.848,-2.861,2.768,0.9840,0,-0.849,0.970,7.416,0.2897,3.960,-0.552,0.019,0.660,-7.941,-9.941,-0.1352,0.7782,-0.427,-0.193,0.872,1.716,1.824,-1.892,0.0045,0.310,nan,0.00,1,1,1,1,1,0.0000,0.624,0,0.145,3,0.664,0,0,yolo,117.7,yolo,0,0,0,0.000,0,-1,0
1785654027.330,-9.744,-2.881,2.018,0.9843,0,-2.349,1.078,7.328,0.2731,3.960,-0.552,0.019,0.660,-7.941,-5.371,-0.2865,-0.0199,-0.479,-0.479,0.852,1.731,1.824,-1.804,0.0045,0.311,nan,0.00,1,1,1,0,1,0.0000,0.624,0,0.145,3,0.664,0,0,yolo,117.7,yolo,0,0,0,0.000,0,-1,0
1785654027.361,-9.744,-2.881,2.018,0.9843,0,-3.849,0.949,7.262,0.2727,3.960,-0.552,0.019,0.660,-7.941,-5.371,-0.2865,-0.0199,-0.479,-0.479,0.852,1.731,1.824,-1.932,0.0044,0.311,nan,0.00,1,1,1,0,1,0.0000,0.794,0,0.192,3,0.646,0,0,yolo,117.7,yolo,0,0,0,0.000,0,-1,0
1785654027.397,-9.438,-2.885,1.279,0.9852,0,-4.895,1.064,7.212,0.2724,3.960,-0.552,0.019,0.660,-7.941,-4.543,-0.3336,-0.0402,-0.526,-0.526,0.831,1.747,1.825,-1.821,0.0044,0.308,nan,0.00,1,1,1,0,1,0.0000,0.794,0,0.192,3,0.646,1,0,yolo,117.7,yolo,0,0,0,0.000,0,-1,0
1785654027.437,-8.920,-2.888,0.596,0.9867,0,-3.395,1.081,6.595,0.2891,3.721,-0.487,-0.065,0.620,-7.457,-5.657,-0.2355,0.8202,-0.563,-0.365,0.815,1.761,1.854,-1.808,0.0044,0.199,nan,0.00,1,1,1,1,1,0.0000,0.789,0,0.188,3,0.633,0,0,yolo,122.1,yolo,0,0,0,0.000,0,-1,0
1785654027.469,-8.549,-2.870,-0.066,0.9876,0,-4.895,1.138,6.421,0.2724,3.721,-0.487,-0.065,0.620,-7.457,-2.253,-0.2378,-0.0238,-0.603,-0.603,0.791,1.777,1.854,-1.732,0.0044,0.194,nan,0.00,1,1,1,0,1,0.0000,0.789,0,0.188,3,0.633,0,0,yolo,122.1,yolo,0,0,0,0.000,0,-1,0
1785654027.506,-7.965,-2.836,-0.706,0.9891,0,-6.307,1.165,6.291,0.2635,3.721,-0.487,-0.065,0.620,-7.457,-1.658,-0.2720,-0.0462,-0.637,-0.637,0.769,1.792,1.854,-1.670,0.0043,0.187,nan,0.00,1,1,1,0,1,0.0000,0.796,0,0.193,3,0.626,1,0,yolo,122.1,yolo,0,0,0,0.000,0,-1,0
1785654027.535,-7.965,-2.836,-0.706,0.9891,0,-5.291,0.992,5.210,0.2802,3.511,-0.409,-0.134,0.585,-6.639,-2.675,-0.5012,0.8926,-0.637,-0.392,0.769,1.792,1.865,-1.843,0.0043,0.098,nan,0.00,1,1,1,1,1,0.0000,0.790,0,0.189,3,0.624,0,0,yolo,119.6,yolo,0,0,0,0.000,0,-1,0
1785654027.568,-7.303,-2.796,-1.290,0.9907,0,-6.791,1.033,4.839,0.2679,3.511,-0.409,-0.134,0.585,-6.639,0.513,-0.2700,-0.0052,-0.662,-0.662,0.763,1.805,1.865,-1.763,0.0043,0.090,nan,0.00,1,1,1,0,1,0.0000,0.679,0,0.191,2,0.605,0,0,yolo,119.6,yolo,0,0,0,0.000,0,-1,0
1785654027.612,-6.499,-2.741,-1.805,0.9924,0,-7.452,1.047,4.561,0.2676,3.511,-0.409,-0.134,0.585,-6.639,0.953,-0.2955,-0.0076,-0.687,-0.687,0.761,1.819,1.865,-1.694,0.0043,0.081,nan,0.00,1,1,1,0,1,0.0000,0.677,0,0.189,2,0.600,1,0,yolo,119.6,yolo,0,0,0,0.000,0,-1,0
1785654027.644,-5.675,-2.672,-2.277,0.9940,0,-6.971,1.024,4.353,0.2674,3.511,-0.409,-0.134,0.585,-6.639,1.296,-0.3154,-0.0094,-0.707,-0.707,0.759,1.832,1.865,-1.648,0.0043,0.071,nan,0.00,1,1,1,0,1,0.0000,0.485,0,0.110,2,0.566,0,0,yolo,119.6,yolo,0,0,0,0.000,0,-1,0
1785654027.693,-4.969,-2.607,-2.684,0.9952,0,-6.364,1.014,2.980,0.2840,3.236,-0.284,-0.189,0.539,-5.010,1.395,-0.5522,0.5229,-0.719,-0.466,0.766,1.843,1.847,-1.592,0.0043,-0.016,nan,0.00,1,1,1,1,1,0.0000,0.485,0,0.110,2,0.566,1,0,yolo,124.0,yolo,0,0,0,0.000,0,-1,0
1785654027.732,-4.232,-2.516,-3.002,0.9963,0,-7.864,0.926,2.800,0.2697,3.236,-0.284,-0.189,0.539,-5.010,4.407,-0.2646,-0.0078,-0.731,-0.731,0.758,1.852,1.847,-1.591,0.0043,-0.025,nan,0.00,1,1,1,0,1,0.0000,0.483,0,0.108,2,0.547,0,0,yolo,124.0,yolo,0,0,0,0.000,0,-1,0
1785654027.764,-4.232,-2.516,-3.002,0.9963,0,-9.364,0.940,1.300,0.2864,2.970,-0.150,-0.242,0.495,-2.890,10.434,-1.6485,1.1186,-0.731,-0.695,0.758,1.852,1.794,-1.576,0.0043,-0.100,nan,0.00,1,1,1,1,1,0.0000,0.251,0,0.043,1,0.531,0,0,yolo,112.4,yolo,0,0,0,0.000,0,-1,0
1785654027.795,-3.351,-2.432,-3.250,0.9974,0,-10.375,0.877,0.698,0.2717,2.970,-0.150,-0.242,0.495,-2.890,7.023,-0.0402,-0.0115,-0.735,-0.735,0.747,1.860,1.794,-1.556,0.0043,-0.107,nan,0.00,1,1,1,0,1,0.0000,0.251,0,0.043,1,0.531,0,0,yolo,112.4,yolo,0,0,0,0.000,0,-1,0
1785654027.828,-2.187,-2.346,-3.347,0.9984,0,-9.136,0.776,0.428,0.2710,2.970,-0.150,-0.242,0.495,-2.890,6.949,-0.0357,-0.0262,-0.730,-0.730,0.732,1.865,1.794,-1.570,0.0043,-0.114,nan,0.00,1,1,1,0,1,0.0000,0.252,0,0.045,1,0.517,0,0,yolo,112.4,yolo,0,0,0,0.000,0,-1,0
1785654027.859,-1.263,-2.264,-3.350,0.9990,0,-8.108,0.662,0.225,0.2704,2.970,-0.150,-0.242,0.495,-2.890,6.845,-0.0295,-0.0421,-0.724,-0.724,0.716,1.869,1.794,-1.602,0.0044,-0.121,nan,0.00,1,1,1,0,1,0.0000,0.255,0,0.050,1,0.500,0,0,yolo,112.4,yolo,0,0,0,0.000,0,-1,0
1785654027.897,-1.263,-2.264,-3.350,0.9990,0,-9.608,0.725,-1.221,0.2870,2.718,-0.039,-0.322,0.453,-0.813,10.970,-0.7387,0.6938,-0.724,-0.718,0.716,1.869,1.744,-1.539,0.0044,-0.214,nan,0.00,1,1,1,1,1,0.0000,0.255,0,0.051,1,0.477,0,0,yolo,104.8,yolo,0,0,0,0.000,0,-1,0
1785654027.942,-0.391,-2.192,-3.374,0.9992,0,-9.576,0.651,-1.435,0.2743,2.718,-0.039,-0.322,0.453,-0.813,9.185,0.0069,-0.0179,-0.711,-0.711,0.698,1.872,1.744,-1.541,0.0044,-0.218,nan,0.00,1,1,1,0,1,0.0000,0.255,0,0.051,1,0.477,1,0,yolo,104.8,yolo,0,0,0,0.000,0,-1,0
1785654027.968,0.668,-2.116,-3.279,0.9993,0,-8.198,0.547,-1.594,0.2736,2.718,-0.039,-0.322,0.453,-0.813,8.866,0.0264,-0.0369,-0.691,-0.691,0.679,1.873,1.744,-1.569,0.0044,-0.222,nan,0.00,1,1,1,0,1,0.0000,0.375,0,0.094,1,0.463,0,0,yolo,104.8,yolo,0,0,0,0.000,0,-1,0
1785654028.004,1.545,-2.058,-3.095,0.9990,0,-6.973,0.454,-1.714,0.2728,2.718,-0.039,-0.322,0.453,-0.813,8.518,0.0477,-0.0597,-0.670,-0.670,0.657,1.873,1.744,-1.604,0.0044,-0.225,nan,0.00,1,1,1,0,1,0.0000,0.288,0,0.104,3,0.430,0,0,yolo,104.8,yolo,0,0,0,0.000,0,-1,0
1785654028.045,2.350,-2.010,-2.915,0.9985,0,-5.708,0.382,-1.804,0.2718,2.718,-0.039,-0.322,0.453,-0.813,8.058,0.0759,-0.0864,-0.642,-0.642,0.630,1.873,1.744,-1.629,0.0045,-0.228,nan,0.00,1,1,1,0,1,0.0000,0.575,0,0.104,3,0.430,0,0,yolo,104.8,yolo,0,0,0,0.000,0,-1,0
1785654028.082,2.350,-2.010,-2.915,0.9985,0,-5.708,0.367,-1.872,0.2718,2.718,-0.039,-0.322,0.453,-0.813,8.058,0.0759,-0.0864,-0.642,-0.642,0.630,1.873,1.744,-1.643,0.0045,-0.228,nan,0.00,1,1,1,0,1,0.0000,0.575,0,0.104,3,0.430,1,0,yolo,104.8,yolo,0,0,0,0.000,0,-1,0
1785654028.123,3.620,-1.941,-2.556,0.9974,0,-4.208,1.867,-0.372,0.2885,nan,nan,nan,0.000,0.000,4.630,0.0000,0.5868,-0.579,-0.579,0.587,1.872,1.000,0.195,0.0045,-0.221,nan,0.00,0,0,0,0,1,0.0000,0.585,0,0.113,3,0.419,0,0,,,FLYING,0,0,0,0.000,0,-1,0
1785654028.161,3.633,-1.940,-2.552,0.9974,0,-2.708,2.130,0.000,0.3021,nan,nan,nan,0.000,0.000,4.625,0.0000,0.5865,-0.578,-0.578,0.586,1.872,1.000,0.190,0.0045,-0.215,nan,0.00,0,0,0,0,1,0.0000,0.590,0,0.117,3,0.402,2,0,,,FLYING,0,0,0,0.000,0,-1,0
1785654028.201,3.917,-1.678,-2.518,0.9972,0,-4.208,0.862,-1.500,0.3009,4.000,1.089,0.000,0.667,15.231,14.000,-0.0000,0.5622,-0.542,-0.542,0.562,1.869,1.385,-0.816,0.0045,-0.208,nan,0.00,1,1,0,1,1,0.0000,0.766,0,0.172,3,0.194,0,1,blueline,,BLUELINE,0,0,0,0.000,0,-1,0
1785654028.232,4.452,-1.616,-2.410,0.9966,0,-5.708,0.773,-3.000,0.2990,4.000,1.089,0.000,0.667,15.231,14.000,0.0404,0.5214,-0.501,-0.501,0.521,1.866,1.385,-0.843,0.0045,-0.202,nan,0.00,1,1,0,0,1,0.0000,0.766,0,0.172,3,0.194,0,0,blueline,,BLUELINE,0,0,0,0.000,0,-1,0
1785654028.264,5.124,-1.554,-2.087,0.9956,0,-7.208,0.657,-4.500,0.2965,4.000,1.089,0.000,0.667,15.231,14.000,0.0801,0.4641,-0.462,-0.462,0.464,1.861,1.385,-0.897,0.0045,-0.196,nan,0.00,1,1,0,0,1,0.0000,0.766,0,0.172,3,0.194,0,0,blueline,,BLUELINE,0,0,0,0.000,0,-1,0
1785654028.289,5.131,-1.553,-2.083,0.9956,0,-8.708,1.144,-6.000,0.2963,4.000,3.238,0.000,0.667,25.000,14.000,-4.1888,0.4634,-0.461,-0.461,0.463,1.861,1.200,-0.410,0.0045,-0.190,nan,8.00,1,1,0,1,1,0.8519,0.800,1,0.250,3,0.152,0,0,blueline,,BLUELINE,0,0,0,0.000,0,-1,0
1785654028.328,5.984,-1.492,-1.626,0.9942,0,-8.016,1.016,-7.500,0.2928,4.000,3.238,0.000,0.667,25.000,14.000,-0.0000,0.3788,-0.420,-0.420,0.379,1.854,1.200,-0.477,0.0045,-0.184,nan,8.00,1,1,0,1,1,0.8624,0.750,1,0.336,3,0.091,0,0,blueline,,BLUELINE,0,0,0,0.000,0,-1,0
1785654028.364,6.951,-1.438,-0.983,0.9923,0,-7.049,0.894,-9.000,0.2893,4.000,2.214,0.000,0.667,25.000,14.000,-0.0000,0.2937,-0.379,-0.379,0.294,1.847,1.200,-0.544,0.0045,-0.179,nan,8.00,1,1,0,1,1,0.8703,0.750,1,0.336,3,0.091,3,1,track,,TRACK,0,0,0,0.000,0,-1,0
1785654028.392,6.951,-1.438,-0.983,0.9923,0,-7.049,0.942,-10.500,0.2891,4.000,2.214,0.000,0.667,25.000,14.000,0.0000,0.2937,-0.379,-0.379,0.294,1.847,1.200,-0.496,0.0045,-0.173,nan,0.00,1,1,0,0,1,0.0000,0.714,0,0.414,3,0.067,0,0,track,,TRACK,0,0,0,0.000,0,-1,0
1785654028.431,7.750,-1.481,0.194,0.9905,0,-6.250,0.879,-9.000,0.2859,4.000,1.700,0.000,0.667,23.030,14.000,4.1263,0.2157,-0.343,-0.343,0.216,1.836,1.200,-0.602,0.0045,-0.168,nan,-8.00,1,1,0,1,1,-0.5297,0.667,1,0.379,2,0.010,0,0,track,,TRACK,0,0,0,0.000,0,-1,0
1785654028.471,8.439,-1.514,1.156,0.9888,0,-5.561,0.863,-7.500,0.2834,4.000,1.700,0.000,0.667,23.030,14.000,0.0441,0.1518,-0.299,-0.299,0.152,1.828,1.200,-0.651,0.0045,-0.163,nan,-8.00,1,1,0,0,1,-0.5297,0.667,1,0.379,2,0.010,0,0,track,,TRACK,0,0,0,0.000,0,-1,0
1785654028.501,9.041,-1.524,1.862,0.9872,0,-4.061,0.867,-6.000,0.2814,4.000,-0.037,0.000,0.233,-0.525,0.926,-0.0000,0.1007,-0.246,-0.246,0.101,1.823,1.200,-0.657,0.0045,-0.158,nan,0.00,0,1,0,1,1,-0.4206,0.321,1,0.405,2,-0.021,0,1,blueline,,BLUELINE,0,0,0,0.000,0,-1,0
1785654028.533,9.041,-1.524,1.862,0.9872,0,-2.561,0.931,-4.500,0.2812,4.000,-0.037,0.000,0.233,-0.525,0.926,0.0000,0.1007,-0.246,-0.246,0.101,1.823,1.200,-0.593,0.0045,-0.153,nan,0.00,0,1,0,0,1,-0.3115,0.321,1,0.405,2,-0.021,0,0,blueline,,BLUELINE,0,0,0,0.000,0,-1,0
1785654028.564,9.461,-1.522,2.439,0.9861,0,-4.061,-0.569,-3.000,0.2797,4.000,0.458,0.000,0.667,6.530,14.000,-4.1888,0.0623,-0.187,-0.187,0.062,1.819,1.965,-2.500,0.0045,-0.149,nan,-7.10,1,1,0,1,1,-0.2480,0.643,1,0.419,2,-0.052,0,0,blueline,,BLUELINE,0,0,0,0.000,0,-1,0
1785654028.596,9.918,-1.644,2.719,0.9847,0,-2.561,0.931,-4.500,0.2785,4.000,0.668,0.000,0.233,9.476,10.981,-4.1888,0.0313,-0.116,-0.116,0.031,1.817,1.200,-0.576,0.0045,-0.144,nan,0.00,0,1,0,1,1,-0.1389,0.312,1,0.511,2,-0.083,0,0,blueline,,BLUELINE,0,0,0,0.000,0,-1,0
1785654028.634,9.918,-1.644,2.719,0.9847,0,-4.061,1.104,-6.000,0.2784,4.000,2.581,0.000,0.667,25.000,14.000,-0.0000,0.0313,-0.116,-0.116,0.031,1.817,1.200,-0.540,0.0045,-0.140,nan,-1.61,1,1,0,1,1,-0.0563,0.625,1,0.511,2,-0.083,2,1,track,,TRACK,0,0,0,0.000,0,-1,0
1785654028.658,10.725,-1.248,-0.906,0.9823,0,-3.275,0.758,-7.500,0.2734,4.000,2.581,0.000,0.667,25.000,14.000,0.1982,-0.0898,0.082,0.082,-0.090,1.819,1.200,-0.490,0.0045,-0.136,nan,0.26,1,1,0,0,1,0.0091,0.643,1,0.417,2,-0.100,0,0,track,,TRACK,0,0,0,0.000,0,-1,0
1785654028.690,10.926,-1.887,2.845,0.9813,0,-3.074,1.223,-9.000,0.2688,4.000,1.170,0.000,0.667,16.309,14.000,-0.0000,-0.1922,0.045,0.045,-0.192,1.826,1.313,-0.664,0.0045,-0.132,nan,3.29,1,1,0,1,1,0.1147,0.571,1,0.410,1,-0.129,0,1,blueline,,BLUELINE,0,0,0,0.000,0,-1,0
1785654028.727,11.252,-1.937,3.851,0.9802,0,-2.748,1.664,-10.500,0.2659,4.000,3.371,0.000,0.667,25.000,14.000,-0.0000,-0.2595,0.094,0.094,-0.260,1.836,1.200,-0.272,0.0045,-0.128,nan,5.56,1,1,0,1,1,0.1940,0.571,1,0.410,1,-0.129,1,1,track,,TRACK,0,0,0,0.000,0,-1,0
1785654028.769,11.553,-1.848,4.267,0.9792,0,-2.447,1.696,-12.000,0.2826,16.260,8.079,-5.010,1.000,25.000,14.000,-0.0000,-0.0000,0.169,0.169,-0.307,1.848,1.200,-0.152,0.0045,-2.764,nan,8.00,1,1,1,1,1,0.3278,0.500,1,0.348,0,-0.203,0,1,yolo,124.5,yolo,0,0,0,0.000,0,-1,0
1785654028.800,11.553,-1.848,4.267,0.9792,0,-2.447,1.627,-12.000,0.2992,16.260,8.079,-5.010,1.000,25.000,14.000,0.0000,0.0000,0.169,0.169,-0.307,1.848,1.200,-0.221,0.0045,-2.764,nan,0.00,1,1,1,0,1,0.3841,0.333,1,0.337,2,-0.100,0,0,yolo,124.5,yolo,0,0,0,0.000,0,-1,0
1785654028.831,11.793,-1.951,5.635,0.9783,0,-2.207,1.925,-13.500,0.2913,16.196,8.035,-5.034,1.000,25.000,14.000,-0.0000,-0.9669,0.212,0.125,-0.354,1.866,1.200,-0.027,0.0045,-2.732,nan,8.00,1,1,1,1,1,0.4263,0.667,1,0.337,2,-0.100,0,0,yolo,114.3,yolo,0,0,0,0.000,0,-1,0
1785654028.861,12.014,-2.050,7.172,0.9775,0,-1.986,2.235,-15.000,0.3080,16.196,8.035,-5.034,1.000,25.000,14.000,0.1302,0.0479,0.255,0.255,-0.306,1.889,1.200,0.185,0.0045,-2.670,nan,8.00,1,1,1,0,1,0.4820,0.667,1,0.344,2,-0.015,0,0,yolo,114.3,yolo,0,0,0,0.000,0,-1,0
1785654028.888,12.014,-2.050,7.172,0.9775,0,-1.986,2.096,-16.500,0.3246,16.196,8.035,-5.034,1.000,25.000,14.000,0.1302,0.0479,0.255,0.255,-0.306,1.889,1.200,0.046,0.0045,-2.670,nan,8.00,1,1,1,0,1,0.5237,0.667,1,0.344,2,-0.015,0,0,yolo,114.3,yolo,0,0,0,0.000,0,-1,0
1785654028.924,12.196,-2.173,8.878,0.9767,0,-1.804,2.456,-15.000,0.3389,16.196,8.035,-5.034,1.000,25.000,14.000,0.1680,0.0570,0.293,0.293,-0.297,1.914,1.200,0.282,0.0045,-2.606,nan,0.00,1,1,1,0,1,0.0000,0.698,0,0.207,2,0.083,0,0,yolo,114.3,yolo,0,0,0,0.000,0,-1,0
1785654028.955,12.335,-2.244,10.335,0.9762,0,-1.665,2.686,-13.500,0.3371,16.196,8.035,-5.034,1.000,25.000,14.000,0.2012,0.0127,0.326,0.326,-0.341,1.937,1.200,0.442,0.0045,-2.564,nan,0.00,1,1,1,0,1,0.0000,0.698,0,0.207,2,0.083,0,0,yolo,114.3,yolo,0,0,0,0.000,0,-1,0
1785654028.986,12.474,-2.236,11.623,0.9756,0,-1.526,2.824,-15.000,0.3315,16.196,8.035,-5.034,1.000,25.000,14.000,0.2465,-0.1127,0.372,0.372,-0.467,1.962,1.200,0.588,0.0045,-2.545,nan,8.00,1,1,1,0,1,0.4769,0.700,1,0.253,2,0.146,0,0,yolo,114.3,yolo,0,0,0,0.000,0,-1,0
1785654029.018,12.474,-2.236,11.623,0.9756,0,-1.526,2.619,-16.500,0.3315,16.196,8.035,-5.034,1.000,25.000,14.000,0.2465,-0.1127,0.372,0.372,-0.467,1.962,1.200,0.383,0.0045,-2.545,nan,8.00,1,1,1,0,1,0.4769,0.700,1,0.253,2,0.146,0,0,yolo,114.3,yolo,0,0,0,0.000,0,-1,0
1785654029.043,12.592,-2.322,13.371,0.9751,0,-1.408,2.969,-18.000,0.3242,16.196,8.035,-5.034,1.000,25.000,14.000,0.2828,-0.2743,0.408,0.408,-0.628,1.992,1.200,0.647,0.0045,-2.502,nan,8.00,1,1,1,0,1,0.4468,0.833,1,0.332,4,0.154,0,0,yolo,114.3,yolo,0,0,0,0.000,0,-1,0
1785654029.080,12.675,-2.414,15.255,0.9748,0,-1.325,3.305,-19.500,0.3172,16.196,8.035,-5.034,1.000,25.000,14.000,0.3071,-0.4280,0.432,0.432,-0.782,2.026,1.200,0.890,0.0045,-2.463,nan,8.00,1,1,1,0,1,0.4242,0.833,1,0.332,4,0.154,0,0,yolo,114.3,yolo,0,0,0,0.000,0,-1,0
1785654029.111,12.675,-2.414,15.255,0.9748,0,-1.325,3.057,-18.000,0.3172,16.196,8.035,-5.034,1.000,25.000,14.000,0.3071,-0.4280,0.432,0.432,-0.782,2.026,1.200,0.643,0.0045,-2.463,nan,0.00,1,1,1,0,1,0.4241,0.417,1,0.365,4,0.221,0,0,yolo,114.3,yolo,0,0,0,0.000,0,-1,0
1785654029.142,12.755,-2.506,17.212,0.9744,0,-1.245,3.473,-19.500,0.3104,16.196,8.035,-5.034,1.000,25.000,14.000,0.3319,-0.5786,0.457,0.457,-0.933,2.063,1.200,0.968,0.0045,-2.424,nan,8.00,1,1,1,0,1,0.4240,0.833,1,0.365,4,0.221,0,0,yolo,114.3,yolo,0,0,0,0.000,0,-1,0
1785654029.173,12.812,-2.569,19.314,0.9741,0,-1.188,3.854,-18.000,0.3051,16.196,8.035,-5.034,1.000,25.000,14.000,0.3516,-0.6952,0.477,0.477,-1.049,2.105,1.200,1.284,0.0045,-2.397,nan,0.00,1,1,1,0,1,0.0000,0.781,0,0.183,3,0.180,0,0,yolo,114.3,yolo,0,0,0,0.000,0,-1,0
1785654029.205,12.812,-2.569,19.314,0.9741,0,0.312,3.547,-16.500,0.2887,4.000,0.009,0.000,0.667,0.127,-6.607,-0.0000,-1.0494,0.477,0.477,-1.049,2.105,1.200,0.978,0.0045,-2.326,nan,0.00,1,1,0,1,1,0.0000,0.711,0,0.218,2,0.184,0,1,blueline,,BLUELINE,0,0,0,0.000,0,-1,0
1785654029.235,12.677,-2.559,21.185,0.9746,0,1.812,3.899,-15.000,0.2849,4.000,0.009,0.000,0.667,0.127,-7.207,0.0341,-1.1296,0.511,0.511,-1.130,2.149,1.200,1.340,0.0045,-2.256,nan,0.00,1,1,0,0,1,0.0000,0.711,0,0.218,2,0.184,0,0,blueline,,BLUELINE,0,0,0,0.000,0,-1,0
1785654029.266,12.677,-2.559,21.185,0.9746,0,3.312,3.608,-13.500,0.2849,4.000,-0.031,0.000,0.667,-0.450,-10.065,0.6047,-1.1296,0.511,0.511,-1.130,2.149,1.200,1.050,0.0045,-2.188,nan,0.00,1,1,0,1,1,0.0000,0.586,0,0.211,1,0.200,0,0,blueline,,BLUELINE,0,0,0,0.000,0,-1,0
1785654029.297,12.381,-2.439,22.836,0.9759,0,4.812,3.863,-12.000,0.2823,4.000,-0.031,0.000,0.667,-0.450,-8.797,0.0426,-1.1787,0.554,0.554,-1.179,2.192,1.200,1.424,0.0045,-2.122,nan,0.00,1,1,0,0,1,0.0000,0.586,0,0.211,1,0.200,0,0,blueline,,BLUELINE,0,0,0,0.000,0,-1,0
1785654029.329,11.756,-2.269,24.130,0.9783,0,6.312,3.919,-10.500,0.2745,4.000,-0.171,0.000,0.233,-2.443,-9.306,4.1730,-1.2038,0.606,0.606,-1.204,2.230,1.200,1.650,0.0045,-2.059,nan,0.00,0,1,0,1,1,0.0000,0.412,0,0.140,1,0.292,0,0,blueline,,BLUELINE,0,0,0,0.000,0,-1,0
1785654029.365,11.756,-2.269,24.130,0.9783,0,7.812,3.597,-9.000,0.2745,4.000,-0.387,0.000,0.233,-5.520,-6.196,-0.0000,-1.2038,0.606,0.606,-1.204,2.230,1.200,1.328,0.0045,-1.997,nan,0.00,0,1,0,1,1,0.0000,0.412,0,0.140,1,0.292,2,1,track,,TRACK,0,0,0,0.000,0,-1,0
1785654029.405,10.100,-1.809,26.201,0.9840,0,9.312,3.816,-7.500,0.2774,4.000,-0.387,0.000,0.233,-5.520,-6.843,0.1080,-1.1920,0.714,0.714,-1.192,2.298,1.200,2.008,0.0045,-1.937,nan,0.00,0,1,0,0,1,0.0000,0.838,0,0.224,3,0.498,0,0,track,,TRACK,0,0,0,0.000,0,-1,0
1785654029.436,10.100,-1.809,26.201,0.9840,0,7.812,3.438,-9.000,0.2756,4.000,1.288,0.000,0.233,17.851,7.077,-0.0000,-1.1920,0.714,0.714,-1.192,2.298,1.200,1.629,0.0045,-1.879,nan,0.00,0,1,0,1,1,0.8902,0.300,1,0.283,1,0.626,0,1,blueline,,BLUELINE,0,0,0,0.000,0,-1,0
1785654029.468,9.217,-1.570,27.129,0.9867,0,7.822,3.340,-10.500,0.2736,4.000,1.104,0.000,0.667,15.429,1.395,4.1888,-1.1825,0.758,0.758,-1.183,2.329,1.200,1.771,0.0045,-1.823,nan,8.00,1,1,0,1,1,0.8588,0.600,1,0.282,1,0.711,0,0,blueline,,BLUELINE,0,0,0,0.000,0,-1,0
1785654029.499,9.217,-1.570,27.129,0.9867,0,9.322,3.056,-9.000,0.2719,4.000,-0.982,0.000,0.233,-13.792,-14.000,4.1888,-1.1825,0.758,0.758,-1.183,2.329,1.200,1.486,0.0045,-1.768,nan,0.00,0,1,0,1,1,0.0000,0.468,0,0.210,0,0.749,0,0,blueline,,BLUELINE,0,0,0,0.000,0,-1,0
1785654029.535,8.333,-1.361,28.246,0.9892,0,10.822,3.569,-7.500,0.2698,nan,nan,nan,0.000,0.000,-6.281,0.0000,-1.1790,0.785,0.785,-1.179,2.361,1.000,2.207,0.0045,-1.715,nan,0.00,0,0,0,0,1,0.0000,0.468,0,0.210,0,0.749,1,0,,,FLYING,0,0,0,0.000,0,-1,0
1785654029.560,7.084,-1.079,29.074,0.9922,0,12.322,3.393,-6.000,0.2674,nan,nan,nan,0.000,0.000,-6.565,0.0000,-1.1786,0.821,0.821,-1.179,2.387,1.000,2.314,0.0045,-1.663,nan,0.00,0,0,0,0,1,0.0000,0.175,0,0.062,0,0.877,0,0,,,FLYING,0,0,0,0.000,0,-1,0
1785654029.594,5.728,-0.769,29.628,0.9949,0,10.822,2.592,-7.075,0.2841,18.899,2.346,-4.059,1.000,7.075,13.839,-0.0000,-0.0000,0.857,0.857,-1.177,2.407,1.200,1.823,0.0045,-3.550,nan,0.00,1,1,1,1,0,0.0000,0.000,0,0.000,0,0.000,0,1,yolo,121.7,yolo,0,0,0,0.000,0,-1,0
1785654029.626,5.728,-0.769,29.628,0.9949,0,9.322,2.350,-7.075,0.3008,18.899,2.346,-4.059,1.000,7.075,13.839,-0.0000,-0.0000,0.857,0.857,-1.177,2.407,1.200,1.581,0.0045,-3.550,nan,0.00,1,1,1,1,0,0.0000,0.000,0,0.000,0,0.000,0,0,yolo,121.7,yolo,0,0,0,0.000,0,-1,0
1785654029.656,4.724,-0.572,30.316,0.9966,0,7.822,2.217,-7.075,0.3174,18.899,2.346,-4.059,1.000,7.075,13.790,-0.0000,-0.0000,0.868,0.868,-1.186,2.424,1.200,1.645,0.0045,-3.663,nan,0.00,1,1,1,1,0,0.0000,0.000,0,0.000,0,0.000,0,0,yolo,121.7,yolo,0,0,0,0.000,0,-1,0
1785654029.682,3.930,-0.392,31.023,0.9976,0,6.322,2.073,-7.075,0.3008,18.899,2.346,-4.059,1.000,7.075,13.801,-0.0000,-0.0000,0.865,0.865,-1.211,2.440,1.200,1.681,0.0045,-3.759,nan,0.00,1,1,1,1,0,0.0000,0.000,0,0.000,0,0.000,0,0,yolo,121.7,yolo,0,0,0,0.000,0,-1,0
1785654029.710,3.930,-0.392,31.023,0.9976,0,4.822,1.899,-7.075,0.2841,18.899,2.346,-4.059,1.000,7.075,13.801,-0.0000,-0.0000,0.865,0.865,-1.211,2.440,1.200,1.507,0.0045,-3.759,nan,0.00,1,1,1,1,0,0.0000,0.000,0,0.000,0,0.000,0,0,yolo,121.7,yolo,0,0,0,0.000,0,-1,0
1785654029.750,3.436,-0.229,31.707,0.9982,0,3.322,1.799,-7.075,0.2690,18.899,2.346,-4.059,1.000,7.075,13.855,-0.0000,-0.0000,0.853,0.853,-1.244,2.454,1.200,1.569,0.0045,-3.835,nan,0.00,1,1,1,1,1,0.0000,0.288,0,0.105,0,0.594,0,0,yolo,121.7,yolo,0,0,0,0.000,0,-1,0
1785654029.800,3.078,-0.073,32.376,0.9986,0,1.822,1.675,-7.075,0.2689,18.899,2.346,-4.059,1.000,7.075,13.931,-0.0000,-0.0000,0.837,0.837,-1.267,2.466,1.200,1.603,0.0045,-3.903,nan,0.00,1,1,1,1,1,0.0000,0.226,0,0.191,0,0.701,0,0,yolo,121.7,yolo,0,0,0,0.000,0,-1,0
1785654029.838,2.710,0.086,33.051,0.9989,0,0.322,1.534,-7.075,0.2688,18.899,2.346,-4.059,1.000,7.075,14.000,-0.0000,-0.0000,0.817,0.817,-1.284,2.477,1.200,1.620,0.0045,-3.972,nan,0.00,1,1,1,1,1,0.0000,0.452,0,0.191,0,0.701,0,0,yolo,121.7,yolo,0,0,0,0.000,0,-1,0
1785654029.871,2.687,0.227,33.778,0.9989,0,1.822,1.397,-5.575,0.2688,18.064,0.204,-2.500,1.000,0.646,-2.138,-0.0000,-0.0000,0.789,0.789,-1.289,2.487,1.200,1.624,0.0045,-2.560,nan,0.00,1,1,1,1,1,0.0000,0.584,0,0.209,1,0.738,0,0,yolo,104.5,yolo,0,0,0,0.000,0,-1,0
1785654029.906,2.460,0.352,34.315,0.9991,0,3.322,1.230,-4.075,0.2687,18.064,0.204,-2.500,1.000,0.646,-1.974,-0.0168,0.0161,0.772,0.772,-1.273,2.493,1.200,1.582,0.0045,-2.600,nan,0.00,1,1,1,0,1,0.0000,0.584,0,0.209,1,0.738,3,0,yolo,104.5,yolo,0,0,0,0.000,0,-1,0
1785654029.932,2.460,0.352,34.315,0.9991,0,4.434,1.125,-2.575,0.2687,18.064,0.204,-2.500,1.000,0.646,-1.974,-0.0168,0.0161,0.772,0.772,-1.273,2.493,1.200,1.477,0.0045,-2.600,nan,0.00,1,1,1,0,1,0.0000,0.347,0,0.203,2,0.753,0,0,yolo,104.5,yolo,0,0,0,0.000,0,-1,0
1785654029.969,2.088,0.469,34.681,0.9993,0,3.976,0.965,-1.075,0.2687,18.064,0.204,-2.500,1.000,0.646,-1.888,-0.0256,0.0396,0.763,0.763,-1.250,2.496,1.200,1.434,0.0045,-2.639,nan,0.00,1,1,1,0,1,0.0000,0.347,0,0.203,2,0.753,1,0,yolo,104.5,yolo,0,0,0,0.000,0,-1,0
1785654030.011,1.647,0.571,34.790,0.9995,0,5.476,0.767,0.076,0.2686,18.119,-0.024,-2.433,1.000,-0.076,-11.553,1.7119,-0.1954,0.763,0.591,-1.237,2.493,1.200,1.338,0.0045,-2.613,nan,0.00,1,1,1,1,1,0.0000,0.573,0,0.198,1,0.763,0,0,yolo,115.5,yolo,0,0,0,0.000,0,-1,0
1785654030.042,1.073,0.654,34.746,0.9998,0,5.793,0.578,0.076,0.2686,18.119,-0.024,-2.433,1.000,-0.076,-4.721,0.1773,0.0035,0.769,0.769,-1.233,2.487,1.200,1.232,0.0045,-2.640,nan,0.00,1,1,1,0,1,0.0000,0.263,0,0.150,2,0.786,0,0,yolo,115.5,yolo,0,0,0,0.000,0,-1,0
1785654030.074,0.486,0.718,34.724,0.9999,0,5.205,0.430,0.076,0.2685,18.119,-0.024,-2.433,1.000,-0.076,-4.719,0.1772,0.0030,0.768,0.768,-1.234,2.481,1.200,1.148,0.0045,-2.660,nan,0.00,1,1,1,0,1,0.0000,0.263,0,0.150,2,0.786,0,0,yolo,115.5,yolo,0,0,0,0.000,0,-1,0
1785654030.109,0.486,0.718,34.724,0.9999,0,6.705,0.447,1.532,0.2567,17.760,-0.475,-2.221,1.000,-1.532,-14.000,3.3860,-1.5949,0.768,1.021,-1.234,2.481,1.200,1.165,0.0045,-2.447,nan,0.00,1,1,1,1,1,0.0000,0.422,0,0.152,1,0.795,0,0,yolo,107.8,yolo,0,0,0,0.000,0,-1,0
1785654030.137,-0.042,0.767,34.729,0.9999,0,6.166,0.326,1.532,0.2685,17.760,-0.475,-2.221,1.000,-1.532,-6.208,-0.2601,-0.0023,0.761,0.761,-1.236,2.475,1.200,1.092,0.0045,-2.458,nan,0.00,1,1,1,0,1,0.0000,0.422,0,0.152,1,0.795,0,0,yolo,107.8,yolo,0,0,0,0.000,0,-1,0
1785654030.172,-0.766,0.805,34.578,0.9998,0,5.395,0.188,1.532,0.2685,17.760,-0.475,-2.221,1.000,-1.532,-6.161,-0.2648,-0.0056,0.756,0.756,-1.239,2.465,1.200,0.993,0.0045,-2.464,nan,0.00,1,1,1,0,1,0.0000,0.422,0,0.153,1,0.799,0,0,yolo,107.8,yolo,0,0,0,0.000,0,-1,0
1785654030.205,-1.311,0.826,34.404,0.9996,0,6.895,0.093,2.987,0.2519,16.778,-0.875,-1.890,1.000,-2.987,-14.000,4.2586,-2.0000,0.748,1.373,-1.243,2.456,1.200,0.920,0.0045,-2.111,nan,0.00,1,1,1,1,1,0.0000,0.523,0,0.148,2,0.786,0,0,yolo,112.6,yolo,0,0,0,0.000,0,-1,0
1785654030.248,-2.052,0.830,34.148,0.9993,0,6.022,0.012,2.987,0.2685,16.778,-0.875,-1.890,1.000,-2.987,-8.074,-0.6332,0.0113,0.740,0.740,-1.231,2.445,1.200,0.842,0.0045,-2.100,nan,0.00,1,1,1,0,1,0.0000,0.415,0,0.144,1,0.778,0,0,yolo,112.6,yolo,0,0,0,0.000,0,-1,0
1785654030.285,-2.052,0.830,34.148,0.9993,0,6.022,0.093,2.987,0.2687,16.778,-0.875,-1.890,1.000,-2.987,-8.074,-0.6332,0.0113,0.740,0.740,-1.231,2.445,1.200,0.923,0.0045,-2.100,nan,0.00,1,1,1,0,1,0.0000,0.415,0,0.144,1,0.778,1,0,yolo,112.6,yolo,0,0,0,0.000,0,-1,0
1785654030.317,-2.722,0.822,33.819,0.9988,0,7.522,-0.004,4.487,0.2688,17.296,-1.394,-1.827,1.000,-4.608,-14.000,4.8933,-0.9354,0.726,1.762,-1.217,2.433,1.200,0.818,0.0045,-2.007,nan,0.00,1,1,1,1,1,0.0000,0.411,0,0.139,1,0.770,1,0,yolo,107.5,yolo,0,0,0,0.000,0,-1,0
1785654030.364,-3.561,0.800,33.401,0.9980,0,6.231,-0.072,4.608,0.2690,17.296,-1.394,-1.827,1.000,-4.608,-9.792,-1.0486,0.0141,0.714,0.714,-1.203,2.420,1.200,0.728,0.0045,-1.978,nan,0.00,1,1,1,0,1,0.0000,0.405,0,0.131,1,0.743,0,0,yolo,107.5,yolo,0,0,0,0.000,0,-1,0
1785654030.403,-4.232,0.763,32.922,0.9972,0,5.371,-0.115,4.608,0.2857,17.296,-1.394,-1.827,1.000,-4.608,-9.604,-1.0676,0.0286,0.695,0.695,-1.189,2.407,1.200,0.648,0.0045,-1.949,nan,0.00,1,1,1,0,1,0.0000,0.405,0,0.131,1,0.743,0,0,yolo,107.5,yolo,0,0,0,0.000,0,-1,0
1785654030.431,-4.823,0.718,32.480,0.9964,0,6.871,-0.122,5.815,0.2690,17.485,-1.781,-1.762,1.000,-5.815,-14.000,3.6842,-1.2434,0.669,1.805,-1.180,2.395,1.200,0.596,0.0045,-1.825,nan,0.00,1,1,1,1,1,0.0000,0.499,0,0.124,2,0.730,0,0,yolo,105.6,yolo,0,0,0,0.000,0,-1,0
1785654030.466,-4.823,0.718,32.480,0.9964,0,7.275,-0.005,5.815,0.2857,17.485,-1.781,-1.762,1.000,-5.815,-12.098,-1.1366,0.0000,0.669,0.669,-1.180,2.395,1.200,0.713,0.0045,-1.825,nan,0.00,1,1,1,0,1,0.0000,0.499,0,0.124,2,0.730,0,0,yolo,105.6,yolo,0,0,0,0.000,0,-1,0
1785654030.496,-5.606,0.655,31.927,0.9952,0,6.255,-0.031,5.815,0.3024,17.485,-1.781,-1.762,1.000,-5.815,-11.861,-1.1607,-0.0052,0.644,0.644,-1.185,2.382,1.200,0.624,0.0045,-1.779,nan,0.00,1,1,1,0,1,0.0000,0.392,0,0.115,1,0.700,0,0,yolo,105.6,yolo,0,0,0,0.000,0,-1,0
1785654030.527,-6.289,0.594,31.338,0.9939,0,5.286,-0.033,5.815,0.2857,17.485,-1.781,-1.762,1.000,-5.815,-11.575,-1.1897,-0.0236,0.615,0.615,-1.203,2.370,1.200,0.561,0.0045,-1.737,nan,0.00,1,1,1,0,1,0.0000,0.392,0,0.115,1,0.700,0,0,yolo,105.6,yolo,0,0,0,0.000,0,-1,0
1785654030.560,-6.884,0.526,30.765,0.9927,0,6.786,-0.006,6.609,0.2690,16.332,-1.892,-1.460,1.000,-6.609,-14.000,1.6981,-2.0000,0.577,1.376,-1.233,2.358,1.200,0.520,0.0045,-1.373,nan,0.00,1,1,1,1,1,0.0000,0.346,0,0.058,2,0.689,0,0,yolo,114.6,yolo,0,0,0,0.000,0,-1,0
1785654030.591,-6.884,0.526,30.765,0.9927,0,7.116,0.107,6.609,0.2705,16.332,-1.892,-1.460,1.000,-6.609,-14.000,-0.7989,0.0000,0.577,0.577,-1.233,2.358,1.200,0.633,0.0045,-1.373,nan,0.00,1,1,1,0,1,0.0000,0.346,0,0.058,2,0.689,0,0,yolo,114.6,yolo,0,0,0,0.000,0,-1,0
1785654030.627,-7.798,0.447,30.041,0.9907,0,6.202,0.106,6.609,0.2710,16.332,-1.892,-1.460,1.000,-6.609,-14.000,-0.8379,-0.0230,0.538,0.538,-1.256,2.346,1.200,0.553,0.0045,-1.317,nan,0.00,1,1,1,0,1,0.0000,0.259,0,0.057,1,0.665,0,0,yolo,114.6,yolo,0,0,0,0.000,0,-1,0
1785654030.669,-8.512,0.359,29.337,0.9890,0,5.488,-0.263,7.093,0.2543,15.576,-1.938,-1.271,1.000,-7.093,-14.000,1.3159,-2.0000,0.493,1.030,-1.266,2.336,1.366,0.096,0.0045,-1.068,nan,0.00,1,1,1,1,1,0.0000,0.259,0,0.057,1,0.665,0,0,yolo,107.8,yolo,0,0,0,0.000,0,-1,0
1785654030.701,-9.268,0.257,28.601,0.9869,0,4.732,-0.314,7.093,0.2710,15.576,-1.938,-1.271,1.000,-7.093,-14.000,-0.5905,-0.0067,0.439,0.439,-1.273,2.327,1.416,-0.057,0.0045,-1.012,nan,0.00,1,1,1,0,1,0.0000,0.259,0,0.057,1,0.657,0,0,yolo,107.8,yolo,0,0,0,0.000,0,-1,0
1785654030.733,-9.281,0.254,28.587,0.9869,0,4.719,-0.217,7.093,0.2721,15.576,-1.938,-1.271,1.000,-7.093,-14.000,-0.5915,-0.0062,0.438,0.438,-1.272,2.326,1.417,0.037,0.0045,-1.011,nan,0.00,1,1,1,0,1,0.0000,0.259,0,0.057,1,0.657,0,0,yolo,107.8,yolo,0,0,0,0.000,0,-1,0
1785654030.764,-9.815,0.114,27.878,0.9854,0,4.185,-0.051,7.237,0.2725,16.244,-2.063,-1.373,1.000,-7.237,-14.000,0.4091,0.2257,0.385,0.882,-1.238,2.319,1.394,0.063,0.0045,-1.033,nan,0.00,1,1,1,1,1,0.0000,0.382,0,0.102,1,0.642,0,0,yolo,104.7,yolo,0,0,0,0.000,0,-1,0
1785654030.796,-10.318,-0.024,27.166,0.9838,0,3.682,-0.047,7.237,0.2730,16.244,-2.063,-1.373,1.000,-7.237,-14.000,-0.5547,0.0271,0.328,0.328,-1.211,2.313,1.447,-0.070,0.0046,-0.974,nan,0.00,1,1,1,0,1,0.0000,0.382,0,0.102,1,0.642,0,0,yolo,104.7,yolo,0,0,0,0.000,0,-1,0
1785654030.832,-10.323,-0.025,27.158,0.9838,0,3.677,0.023,7.237,0.2731,16.244,-2.063,-1.373,1.000,-7.237,-14.000,-0.5553,0.0273,0.327,0.327,-1.211,2.313,1.448,-0.002,0.0047,-0.974,nan,0.00,1,1,1,0,1,0.0000,0.380,0,0.100,1,0.631,0,0,yolo,104.7,yolo,0,0,0,0.000,0,-1,0
1785654030.873,-10.717,-0.155,26.487,0.9826,0,3.283,-0.093,7.305,0.2564,16.036,-2.056,-1.307,1.000,-7.305,-14.000,0.1894,-1.1479,0.272,0.576,-1.196,2.310,1.548,-0.247,0.0048,-0.859,nan,0.00,1,1,1,1,1,0.0000,0.283,0,0.096,0,0.622,0,0,yolo,114.0,yolo,0,0,0,0.000,0,-1,0
1785654030.904,-11.159,-0.333,25.632,0.9811,0,2.841,-0.044,7.305,0.2731,16.036,-2.056,-1.307,1.000,-7.305,-14.000,-0.3791,0.0148,0.197,0.197,-1.181,2.308,1.608,-0.376,0.0048,-0.792,nan,0.00,1,1,1,0,1,0.0000,0.188,0,0.094,1,0.616,0,0,yolo,114.0,yolo,0,0,0,0.000,0,-1,0
1785654030.935,-11.159,-0.333,25.632,0.9811,0,2.841,-0.006,7.305,0.2898,16.036,-2.056,-1.307,1.000,-7.305,-14.000,-0.3791,0.0148,0.197,0.197,-1.181,2.308,1.608,-0.339,0.0049,-0.792,nan,0.00,1,1,1,0,1,0.0000,0.188,0,0.094,1,0.616,0,0,yolo,114.0,yolo,0,0,0,0.000,0,-1,0
1785654030.967,-11.518,-0.498,24.827,0.9798,0,1.341,0.241,6.842,0.3064,16.575,-1.989,-1.398,1.000,-6.842,-11.670,-1.3412,0.3712,0.124,0.249,-1.168,2.309,1.592,-0.257,0.0050,-0.829,nan,0.00,1,1,1,1,1,0.0000,0.187,0,0.092,1,0.612,0,0,yolo,105.0,yolo,0,0,0,0.000,0,-1,0
1785654031.003,-11.845,-0.654,24.086,0.9786,0,2.155,0.323,6.842,0.2991,16.575,-1.989,-1.398,1.000,-6.842,-14.000,-0.1929,0.0108,0.056,0.056,-1.157,2.312,1.645,-0.331,0.0051,-0.771,nan,0.00,1,1,1,0,1,0.0000,0.373,0,0.091,1,0.609,0,0,yolo,105.0,yolo,0,0,0,0.000,0,-1,0
1785654031.034,-11.845,-0.654,24.086,0.9786,0,2.155,0.322,6.842,0.2992,16.575,-1.989,-1.398,1.000,-6.842,-14.000,-0.1929,0.0108,0.056,0.056,-1.157,2.312,1.645,-0.331,0.0052,-0.771,nan,0.00,1,1,1,0,1,0.0000,0.373,0,0.091,1,0.609,2,0,yolo,105.0,yolo,0,0,0,0.000,0,-1,0
1785654031.061,-12.125,-0.766,23.376,0.9776,0,1.875,0.416,6.842,0.2975,16.575,-1.989,-1.398,1.000,-6.842,-14.000,-0.2662,-0.0055,-0.017,-0.017,-1.173,2.319,1.686,-0.350,0.0052,-0.728,nan,0.00,1,1,1,0,1,0.0000,0.465,0,0.090,2,0.606,0,0,yolo,105.0,yolo,0,0,0,0.000,0,-1,0
1785654031.097,-12.333,-0.868,22.684,0.9768,0,0.375,0.662,5.342,0.2808,17.006,-1.528,-1.405,1.000,-5.135,-1.996,-2.5329,0.3030,-0.088,0.364,-1.217,2.326,1.662,-0.206,0.0053,-0.788,nan,0.00,1,1,1,1,1,0.0000,0.465,0,0.090,2,0.606,3,0,yolo,113.3,yolo,0,0,0,0.000,0,-1,0
1785654031.139,-12.361,-0.910,22.150,0.9767,0,-1.125,0.754,5.135,0.2758,17.006,-1.528,-1.405,1.000,-5.135,-9.349,-0.5306,-0.0409,-0.166,-0.166,-1.257,2.336,1.675,-0.156,0.0054,-0.775,nan,0.00,1,1,1,0,1,0.0000,0.465,0,0.090,2,0.606,0,0,yolo,113.3,yolo,0,0,0,0.000,0,-1,0
1785654031.177,-12.361,-0.910,22.150,0.9767,0,-2.625,0.696,5.135,0.2759,17.006,-1.528,-1.405,1.000,-5.135,-9.349,-0.5306,-0.0409,-0.166,-0.166,-1.257,2.336,1.675,-0.214,0.0055,-0.775,nan,0.00,1,1,1,0,1,0.0000,0.258,0,0.056,1,0.610,0,0,yolo,113.3,yolo,0,0,0,0.000,0,-1,0
1785654031.216,-12.234,-0.931,21.676,0.9772,0,-4.125,0.693,4.817,0.2592,16.589,-1.398,-1.324,1.000,-4.817,1.737,-2.7557,-1.3963,-0.250,-0.000,-1.292,2.346,1.722,-0.238,0.0055,-0.728,nan,0.00,1,1,1,1,1,0.0000,0.258,0,0.056,1,0.610,0,0,yolo,115.5,yolo,0,0,0,0.000,0,-1,0
1785654031.246,-11.950,-0.965,21.173,0.9782,0,-3.268,0.807,4.817,0.2756,16.589,-1.398,-1.324,1.000,-4.817,-8.682,-0.3310,-0.0196,-0.331,-0.331,-1.311,2.356,1.723,-0.158,0.0056,-0.727,nan,0.00,1,1,1,0,1,0.0000,0.257,0,0.054,1,0.628,0,0,yolo,115.5,yolo,0,0,0,0.000,0,-1,0
1785654031.277,-11.596,-0.977,20.679,0.9794,0,-3.758,0.920,4.817,0.2754,16.589,-1.398,-1.324,1.000,-4.817,-7.838,-0.4141,-0.0260,-0.414,-0.414,-1.318,2.369,1.717,-0.056,0.0057,-0.733,nan,0.00,1,1,1,0,1,0.0000,0.257,0,0.054,1,0.628,0,0,yolo,115.5,yolo,0,0,0,0.000,0,-1,0
1785654031.307,-11.596,-0.977,20.679,0.9794,0,-5.258,0.637,4.166,0.2694,15.849,-1.154,-1.184,1.000,-4.166,-3.683,-1.3520,-0.5696,-0.414,0.005,-1.318,2.369,1.792,-0.340,0.0058,-0.658,nan,0.00,1,1,1,1,1,0.0000,0.128,0,0.050,1,0.645,0,0,yolo,108.8,yolo,0,0,0,0.000,0,-1,0
1785654031.339,-11.215,-0.970,20.230,0.9808,0,-5.926,0.755,4.166,0.2751,15.849,-1.154,-1.184,1.000,-4.166,-5.289,-0.4956,0.0057,-0.490,-0.490,-1.312,2.381,1.782,-0.216,0.0058,-0.668,nan,0.00,1,1,1,0,1,0.0000,0.128,0,0.050,1,0.645,0,0,yolo,108.8,yolo,0,0,0,0.000,0,-1,0
1785654031.371,-10.686,-0.963,19.729,0.9825,0,-6.267,0.889,4.166,0.2747,15.849,-1.154,-1.184,1.000,-4.166,-4.419,-0.5791,0.0084,-0.574,-0.574,-1.309,2.395,1.767,-0.074,0.0059,-0.683,nan,0.00,1,1,1,0,1,0.0000,0.170,0,0.051,0,0.663,0,0,yolo,108.8,yolo,0,0,0,0.000,0,-1,0
1785654031.402,-10.003,-0.937,19.314,0.9847,0,-6.408,0.995,4.166,0.2742,15.849,-1.154,-1.184,1.000,-4.166,-3.595,-0.6583,-0.0006,-0.653,-0.653,-1.318,2.409,1.744,0.059,0.0060,-0.706,nan,0.00,1,1,1,0,1,0.0000,0.171,0,0.053,0,0.681,0,0,yolo,108.8,yolo,0,0,0,0.000,0,-1,0
1785654031.433,-10.003,-0.937,19.314,0.9847,0,-7.908,0.952,3.285,0.2742,16.072,-0.922,-1.178,1.000,-3.285,1.712,-1.8534,0.2270,-0.653,-0.123,-1.318,2.409,1.713,0.016,0.0060,-0.737,nan,0.00,1,1,1,1,1,0.0000,0.171,0,0.053,0,0.681,1,0,yolo,113.1,yolo,0,0,0,0.000,0,-1,0
1785654031.464,-9.070,-0.887,18.953,0.9874,0,-7.850,1.081,3.285,0.2736,16.072,-0.922,-1.178,1.000,-3.285,-1.220,-0.6128,-0.0116,-0.736,-0.736,-1.330,2.423,1.681,0.194,0.0061,-0.769,nan,0.00,1,1,1,0,1,0.0000,0.173,0,0.058,0,0.697,0,0,yolo,113.1,yolo,0,0,0,0.000,0,-1,0
1785654031.503,-9.070,-0.887,18.953,0.9874,0,-7.850,0.979,3.285,0.2736,16.072,-0.922,-1.178,1.000,-3.285,-1.220,-0.6128,-0.0116,-0.736,-0.736,-1.330,2.423,1.681,0.092,0.0062,-0.769,nan,0.00,1,1,1,0,1,0.0000,0.387,0,0.109,1,0.725,0,0,yolo,113.1,yolo,0,0,0,0.000,0,-1,0
1785654031.528,-8.173,-0.810,18.612,0.9897,0,-9.350,0.951,2.432,0.2731,16.119,-0.685,-1.080,1.000,-2.432,14.000,-3.5994,-0.3671,-0.811,-0.544,-1.342,2.436,1.706,0.141,0.0063,-0.744,nan,0.00,1,1,1,1,1,0.0000,0.387,0,0.109,1,0.725,0,0,yolo,112.2,yolo,0,0,0,0.000,0,-1,0
1785654031.561,-7.181,-0.748,18.359,0.9921,0,-7.850,1.020,2.432,0.2725,16.119,-0.685,-1.080,1.000,-2.432,0.258,-0.3330,-0.0110,-0.877,-0.877,-1.353,2.447,1.674,0.272,0.0063,-0.776,nan,0.00,1,1,1,0,1,0.0000,0.387,0,0.109,1,0.725,2,0,yolo,112.2,yolo,0,0,0,0.000,0,-1,0
1785654031.588,-7.181,-0.748,18.359,0.9921,0,-7.439,0.918,2.432,0.2726,16.119,-0.685,-1.080,1.000,-2.432,0.258,-0.3330,-0.0110,-0.877,-0.877,-1.353,2.447,1.674,0.170,0.0064,-0.776,nan,0.00,1,1,1,0,1,0.0000,0.496,0,0.121,2,0.781,0,0,yolo,112.2,yolo,0,0,0,0.000,0,-1,0
1785654031.619,-6.316,-0.658,18.117,0.9939,0,-7.196,1.001,2.432,0.2722,16.119,-0.685,-1.080,1.000,-2.432,0.880,-0.3932,-0.0221,-0.937,-0.937,-1.364,2.459,1.637,0.344,0.0065,-0.813,nan,0.00,1,1,1,0,1,0.0000,0.496,0,0.121,2,0.781,0,0,yolo,112.2,yolo,0,0,0,0.000,0,-1,0
1785654031.650,-5.502,-0.571,17.857,0.9953,0,-8.696,0.863,1.677,0.2718,16.229,-0.475,-0.980,1.000,-1.677,7.205,-1.6045,-0.3366,-0.988,-0.637,-1.374,2.470,1.681,0.292,0.0066,-0.769,nan,0.00,1,1,1,1,1,0.0000,0.401,0,0.126,1,0.805,0,0,yolo,105.9,yolo,0,0,0,0.000,0,-1,0
1785654031.681,-4.702,-0.483,17.601,0.9966,0,-7.950,0.900,1.677,0.2716,16.229,-0.475,-0.980,1.000,-1.677,3.248,-0.3949,-0.0089,-1.032,-1.032,-1.383,2.480,1.649,0.418,0.0067,-0.801,nan,0.00,1,1,1,0,1,0.0000,0.401,0,0.126,1,0.805,0,0,yolo,105.9,yolo,0,0,0,0.000,0,-1,0
1785654031.712,-4.680,-0.481,17.597,0.9966,0,-7.940,0.801,1.677,0.2717,16.229,-0.475,-0.980,1.000,-1.677,3.260,-0.3960,-0.0091,-1.033,-1.033,-1.383,2.480,1.648,0.320,0.0067,-0.802,nan,0.00,1,1,1,0,1,0.0000,0.399,0,0.123,1,0.806,0,0,yolo,105.9,yolo,0,0,0,0.000,0,-1,0
1785654031.744,-3.810,-0.402,17.442,0.9978,0,-9.440,0.640,1.009,0.2714,16.387,-0.289,-0.893,1.000,-1.009,11.247,-1.9092,-0.4563,-1.076,-0.805,-1.391,2.488,1.694,0.238,0.0068,-0.756,nan,0.00,1,1,1,1,1,0.0000,0.300,0,0.125,0,0.815,0,0,yolo,110.2,yolo,0,0,0,0.000,0,-1,0
1785654031.774,-2.838,-0.345,17.334,0.9988,0,-7.940,0.640,1.009,0.2712,16.387,-0.289,-0.893,1.000,-1.009,4.863,-0.3088,-0.0070,-1.114,-1.114,-1.398,2.494,1.672,0.294,0.0069,-0.778,nan,0.00,1,1,1,0,1,0.0000,0.300,0,0.125,0,0.815,0,0,yolo,110.2,yolo,0,0,0,0.000,0,-1,0
1785654031.806,-2.838,-0.345,17.334,0.9988,0,-7.702,0.568,1.009,0.2713,16.387,-0.289,-0.893,1.000,-1.009,4.863,-0.3088,-0.0070,-1.114,-1.114,-1.398,2.494,1.672,0.223,0.0070,-0.778,nan,0.00,1,1,1,0,1,0.0000,0.300,0,0.125,0,0.831,0,0,yolo,110.2,yolo,0,0,0,0.000,0,-1,0
1785654031.837,-1.700,-0.277,17.220,0.9995,0,-6.938,0.596,1.009,0.2712,16.387,-0.289,-0.893,1.000,-1.009,5.239,-0.3454,-0.0152,-1.151,-1.151,-1.406,2.500,1.645,0.319,0.0071,-0.805,nan,0.00,1,1,1,0,1,0.0000,0.299,0,0.123,0,0.824,0,0,yolo,110.2,yolo,0,0,0,0.000,0,-1,0
1785654031.870,-0.963,-0.214,17.123,0.9999,0,-8.438,0.339,0.529,0.2652,16.521,-0.152,-0.787,1.000,-0.529,8.339,-1.0387,-0.6133,-1.170,-0.859,-1.413,2.505,1.727,0.125,0.0071,-0.723,nan,0.00,1,1,1,1,1,0.0000,0.296,0,0.119,0,0.827,0,0,yolo,113.9,yolo,0,0,0,0.000,0,-1,0
1785654031.898,-0.963,-0.214,17.123,0.9999,0,-7.279,0.285,0.529,0.2712,16.521,-0.152,-0.787,1.000,-0.529,6.315,-0.3109,0.0000,-1.170,-1.170,-1.413,2.505,1.727,0.071,0.0072,-0.723,nan,0.00,1,1,1,0,1,0.0000,0.296,0,0.119,0,0.827,0,0,yolo,113.9,yolo,0,0,0,0.000,0,-1,0
1785654031.929,-0.037,-0.181,17.064,1.0000,0,-6.539,0.286,0.529,0.2713,16.521,-0.152,-0.787,1.000,-0.529,6.501,-0.3291,-0.0015,-1.188,-1.188,-1.414,2.508,1.715,0.106,0.0073,-0.735,nan,0.00,1,1,1,0,1,0.0000,0.297,0,0.120,0,0.831,0,0,yolo,113.9,yolo,0,0,0,0.000,0,-1,0
1785654031.959,0.667,-0.146,17.024,0.9999,0,-5.914,0.279,0.529,0.2714,16.521,-0.152,-0.787,1.000,-0.529,6.581,-0.3369,-0.0024,-1.196,-1.196,-1.415,2.511,1.703,0.133,0.0073,-0.747,nan,0.00,1,1,1,0,1,0.0000,0.397,0,0.121,1,0.842,0,0,yolo,113.9,yolo,0,0,0,0.000,0,-1,0
1785654031.995,0.667,-0.146,17.024,0.9999,0,-7.414,-0.292,0.000,0.2547,16.234,-0.000,-0.574,1.000,-0.000,10.612,-1.1228,-1.6091,-1.196,-0.945,-1.415,2.511,1.918,-0.438,0.0074,-0.532,nan,0.00,1,1,1,1,1,0.0000,0.180,0,0.074,0,0.848,0,0,yolo,117.4,yolo,0,0,0,0.000,0,-1,0
1785654032.036,1.320,-0.113,16.972,0.9997,0,-6.256,-0.291,0.000,0.2714,16.234,-0.000,-0.574,1.000,-0.000,7.577,-0.2507,-0.0005,-1.195,-1.195,-1.416,2.513,1.908,-0.404,0.0075,-0.542,nan,0.00,1,1,1,0,1,0.0000,0.180,0,0.074,0,0.848,0,0,yolo,117.4,yolo,0,0,0,0.000,0,-1,0
1785654032.068,2.166,-0.149,16.964,0.9993,0,-5.409,-0.302,0.000,0.2717,16.234,-0.000,-0.574,1.000,-0.000,7.575,-0.2505,0.0139,-1.195,-1.195,-1.401,2.514,1.919,-0.450,0.0075,-0.531,nan,0.00,1,1,1,0,1,0.0000,0.262,0,0.062,1,0.865,0,0,yolo,117.4,yolo,0,0,0,0.000,0,-1,0
1785654032.099,2.739,-0.177,16.975,0.9989,0,-6.909,-0.603,-0.232,0.2550,16.810,0.068,-0.460,1.000,0.232,10.816,-1.0232,-1.8987,-1.185,-1.002,-1.385,2.514,2.045,-0.780,0.0075,-0.405,nan,0.00,1,1,1,1,1,0.0000,0.262,0,0.062,1,0.865,0,0,yolo,108.3,yolo,0,0,0,0.000,0,-1,0
1785654032.135,3.498,-0.240,16.988,0.9981,0,-5.409,-0.602,-0.232,0.2717,16.810,0.068,-0.460,1.000,0.232,7.441,-0.1723,0.0219,-1.174,-1.174,-1.363,2.514,2.065,-0.842,0.0076,-0.385,nan,0.00,1,1,1,0,1,0.0000,0.262,0,0.062,1,0.865,2,0,yolo,108.3,yolo,0,0,0,0.000,0,-1,0
1785654032.168,3.498,-0.240,16.988,0.9981,0,-3.944,-0.613,-0.232,0.2721,16.810,0.068,-0.460,1.000,0.232,7.441,-0.1723,0.0219,-1.174,-1.174,-1.363,2.514,2.065,-0.852,0.0076,-0.385,nan,0.00,1,1,1,0,1,0.0000,0.176,0,0.066,2,0.865,1,0,yolo,108.3,yolo,0,0,0,0.000,0,-1,0
1785654032.209,4.050,-0.299,17.009,0.9975,0,-5.444,-0.891,-0.610,0.2555,16.547,0.176,-0.299,1.000,0.610,12.356,-1.0926,-1.8580,-1.156,-1.034,-1.341,2.515,2.200,-1.190,0.0076,-0.199,nan,0.00,1,1,1,1,1,0.0000,0.350,0,0.062,2,0.872,0,0,yolo,114.8,yolo,0,0,0,0.000,0,-1,0
1785654032.243,4.493,-0.366,17.027,0.9969,0,-3.944,-0.814,-0.610,0.2721,16.547,0.176,-0.299,1.000,0.610,7.853,-0.0944,0.0252,-1.129,-1.129,-1.316,2.516,2.200,-1.180,0.0077,-0.178,nan,0.00,1,1,1,0,1,0.0000,0.347,0,0.059,2,0.885,0,0,yolo,114.8,yolo,0,0,0,0.000,0,-1,0
1785654032.284,5.000,-0.470,17.085,0.9962,0,-2.528,-0.704,-0.610,0.2727,16.547,0.176,-0.299,1.000,0.610,7.528,-0.0624,0.0360,-1.097,-1.097,-1.305,2.517,2.200,-1.175,0.0077,-0.146,nan,0.00,1,1,1,0,1,0.0000,0.347,0,0.059,2,0.885,0,0,yolo,114.8,yolo,0,0,0,0.000,0,-1,0
1785654032.316,5.265,-0.544,17.142,0.9957,0,-1.028,-0.617,-0.572,0.2561,16.549,0.165,-0.190,1.000,0.572,5.421,0.0828,-0.9745,-1.065,-0.849,-1.298,2.519,2.200,-1.162,0.0077,-0.017,nan,0.00,1,1,1,1,1,0.0000,0.350,0,0.062,2,0.887,0,0,yolo,118.7,yolo,0,0,0,0.000,0,-1,0
1785654032.346,5.265,-0.544,17.142,0.9957,0,-2.528,-0.630,-0.572,0.2727,16.549,0.165,-0.190,1.000,0.572,8.036,-0.2161,0.0000,-1.065,-1.065,-1.298,2.519,2.200,-1.174,0.0077,-0.017,nan,0.00,1,1,1,0,1,0.0000,0.350,0,0.062,2,0.887,0,0,yolo,118.7,yolo,0,0,0,0.000,0,-1,0
1785654032.379,5.381,-0.611,17.188,0.9955,0,-2.281,-0.536,-0.572,0.2729,16.549,0.165,-0.190,1.000,0.572,7.663,-0.1795,0.0093,-1.028,-1.028,-1.288,2.522,2.200,-1.147,0.0077,0.003,nan,0.00,1,1,1,0,1,0.0000,0.264,0,0.064,1,0.887,0,0,yolo,118.7,yolo,0,0,0,0.000,0,-1,0
1785654032.410,5.684,-0.676,17.239,0.9950,0,-1.590,-0.436,-0.572,0.2730,16.549,0.165,-0.190,1.000,0.572,7.274,-0.1412,0.0185,-0.990,-0.990,-1.279,2.525,2.200,-1.112,0.0077,0.023,nan,0.00,1,1,1,0,1,0.0000,0.264,0,0.064,1,0.887,0,0,yolo,118.7,yolo,0,0,0,0.000,0,-1,0
1785654032.441,5.932,-0.732,17.285,0.9946,0,-0.356,-0.353,-0.653,0.2564,16.769,0.191,-0.081,1.000,0.653,6.288,-0.1771,-0.9757,-0.954,-0.736,-1.271,2.529,2.200,-1.085,0.0077,0.153,nan,0.00,1,1,1,1,1,0.0000,0.350,0,0.062,2,0.894,0,0,yolo,115.8,yolo,0,0,0,0.000,0,-1,0
1785654032.471,5.935,-0.733,17.286,0.9946,0,-1.670,-0.379,-0.653,0.2685,16.769,0.191,-0.081,1.000,0.653,7.605,-0.2177,0.0001,-0.954,-0.954,-1.271,2.529,2.200,-1.112,0.0076,0.153,nan,0.00,1,1,1,0,1,0.0000,0.350,0,0.062,2,0.894,0,0,yolo,115.8,yolo,0,0,0,0.000,0,-1,0
1785654032.508,6.151,-0.784,17.350,0.9941,0,-1.010,-0.282,-0.653,0.2687,16.769,0.191,-0.081,1.000,0.653,7.161,-0.1738,0.0125,-0.910,-0.910,-1.258,2.534,2.200,-1.066,0.0076,0.169,nan,0.00,1,1,1,0,1,0.0000,0.169,0,0.048,0,0.909,0,0,yolo,115.8,yolo,0,0,0,0.000,0,-1,0
1785654032.533,6.258,-0.819,17.406,0.9939,0,-0.511,-0.217,-0.653,0.2684,16.769,0.191,-0.081,1.000,0.653,6.769,-0.1351,0.0121,-0.871,-0.871,-1.259,2.539,2.200,-1.035,0.0076,0.179,nan,0.00,1,1,1,0,1,0.0000,0.169,0,0.048,0,0.909,0,0,yolo,115.8,yolo,0,0,0,0.000,0,-1,0
1785654032.571,6.258,-0.819,17.406,0.9939,0,0.989,-0.212,-0.615,0.2517,16.881,0.181,0.005,1.000,0.615,4.262,0.0845,-0.6491,-0.871,-0.619,-1.259,2.539,2.184,-1.031,0.0076,0.266,nan,0.00,1,1,1,1,1,0.0000,0.169,0,0.048,0,0.909,1,0,yolo,110.7,yolo,0,0,0,0.000,0,-1,0
1785654032.612,6.317,-0.846,17.459,0.9938,0,-0.511,-0.125,-0.615,0.2650,16.881,0.181,0.005,1.000,0.615,6.838,-0.2136,0.0004,-0.832,-0.832,-1.258,2.543,2.176,-0.971,0.0076,0.274,nan,0.00,1,1,1,0,1,0.0000,0.267,0,0.070,1,0.901,0,0,yolo,110.7,yolo,0,0,0,0.000,0,-1,0
1785654032.643,6.208,-0.877,17.517,0.9940,0,-0.149,-0.027,-0.615,0.2654,16.881,0.181,0.005,1.000,0.615,6.358,-0.1659,0.0177,-0.785,-0.785,-1.241,2.549,2.167,-0.904,0.0075,0.283,nan,0.00,1,1,1,0,1,0.0000,0.127,0,0.048,1,0.918,0,0,yolo,110.7,yolo,0,0,0,0.000,0,-1,0
1785654032.674,6.247,-0.886,17.573,0.9939,0,1.351,0.208,-0.487,0.2487,16.933,0.144,0.082,1.000,0.487,1.917,0.3780,-0.7544,-0.743,-0.511,-1.221,2.555,2.091,-0.678,0.0075,0.359,nan,0.00,1,1,1,1,1,0.0000,0.254,0,0.048,1,0.918,0,0,yolo,113.5,yolo,0,0,0,0.000,0,-1,0
1785654032.705,6.247,-0.886,17.573,0.9939,0,0.095,0.159,-0.487,0.2623,16.933,0.144,0.082,1.000,0.487,6.152,-0.2329,0.0000,-0.743,-0.743,-1.221,2.555,2.091,-0.727,0.0075,0.359,nan,0.00,1,1,1,0,1,0.0000,0.253,0,0.046,1,0.917,0,0,yolo,113.5,yolo,0,0,0,0.000,0,-1,0
1785654032.737,6.115,-0.871,17.621,0.9942,0,0.394,0.181,-0.487,0.2638,16.933,0.144,0.082,1.000,0.487,5.720,-0.1900,0.0329,-0.701,-0.701,-1.188,2.561,2.096,-0.689,0.0074,0.354,nan,0.00,1,1,1,0,1,0.0000,0.253,0,0.046,1,0.917,0,0,yolo,113.5,yolo,0,0,0,0.000,0,-1,0
1785654032.767,6.118,-0.862,17.661,0.9942,0,0.788,0.201,-0.487,0.2655,16.933,0.144,0.082,1.000,0.487,5.330,-0.1512,0.0681,-0.662,-0.662,-1.153,2.567,2.099,-0.661,0.0074,0.351,nan,0.00,1,1,1,0,1,0.0000,0.255,0,0.050,1,0.908,0,0,yolo,113.5,yolo,0,0,0,0.000,0,-1,0
1785654032.799,6.118,-0.851,17.708,0.9942,0,2.288,0.393,-0.270,0.2488,17.038,0.080,0.157,1.000,0.270,-0.688,0.6443,-0.6665,-0.619,-0.368,-1.111,2.574,2.032,-0.458,0.0073,0.418,nan,0.00,1,1,1,1,1,0.0000,0.255,0,0.050,1,0.908,0,0,yolo,115.4,yolo,0,0,0,0.000,0,-1,0
1785654032.829,6.118,-0.851,17.708,0.9942,0,1.068,0.337,-0.270,0.2603,17.038,0.080,0.157,1.000,0.270,5.049,-0.2506,0.0000,-0.619,-0.619,-1.111,2.574,2.032,-0.514,0.0073,0.418,nan,0.00,1,1,1,0,1,0.0000,0.344,0,0.054,2,0.906,0,0,yolo,115.4,yolo,0,0,0,0.000,0,-1,0
1785654032.860,5.832,-0.807,17.742,0.9947,0,1.299,0.322,-0.270,0.2625,17.038,0.080,0.157,1.000,0.270,4.533,-0.1992,0.0446,-0.568,-0.568,-1.066,2.582,2.046,-0.485,0.0073,0.404,nan,0.00,1,1,1,0,1,0.0000,0.344,0,0.054,2,0.906,0,0,yolo,115.4,yolo,0,0,0,0.000,0,-1,0
1785654032.892,5.712,-0.776,17.768,0.9949,0,2.799,0.482,0.029,0.2459,17.042,-0.009,0.237,1.000,-0.029,-3.468,0.8893,-0.6184,-0.524,-0.208,-1.036,2.588,1.984,-0.294,0.0072,0.466,nan,0.00,1,1,1,1,1,0.0000,0.251,0,0.044,1,0.911,0,0,yolo,109.4,yolo,0,0,0,0.000,0,-1,0
1785654032.924,5.712,-0.776,17.768,0.9949,0,1.564,0.424,0.029,0.2585,17.042,-0.009,0.237,1.000,-0.029,4.148,-0.3156,0.0000,-0.524,-0.524,-1.036,2.588,1.984,-0.352,0.0072,0.466,nan,0.00,1,1,1,0,1,0.0000,0.251,0,0.044,1,0.911,0,0,yolo,109.4,yolo,0,0,0,0.000,0,-1,0
1785654032.954,5.399,-0.724,17.775,0.9955,0,1.693,0.381,0.029,0.2606,17.042,-0.009,0.237,1.000,-0.029,3.706,-0.2716,0.0398,-0.480,-0.480,-0.996,2.595,1.999,-0.343,0.0071,0.451,nan,0.00,1,1,1,0,1,0.0000,0.261,0,0.060,1,0.900,0,0,yolo,109.4,yolo,0,0,0,0.000,0,-1,0
1785654032.985,5.237,-0.685,17.769,0.9958,0,1.927,0.343,0.029,0.2626,17.042,-0.009,0.237,1.000,-0.029,3.310,-0.2322,0.0802,-0.441,-0.441,-0.955,2.601,2.011,-0.342,0.0071,0.439,nan,0.00,1,1,1,0,1,0.0000,0.259,0,0.057,1,0.905,0,0,yolo,109.4,yolo,0,0,0,0.000,0,-1,0
1785654033.017,5.031,-0.649,17.770,0.9961,0,3.427,0.440,0.198,0.2460,16.500,-0.057,0.303,1.000,-0.198,-2.381,0.4866,-0.4486,-0.403,-0.105,-0.914,2.607,1.966,-0.210,0.0070,0.484,nan,0.00,1,1,1,1,1,0.0000,0.259,0,0.057,1,0.905,0,0,yolo,110.1,yolo,0,0,0,0.000,0,-1,0
1785654033.048,5.031,-0.649,17.770,0.9961,0,1.939,0.383,0.198,0.2575,16.500,-0.057,0.303,1.000,-0.198,3.092,-0.2978,0.0000,-0.403,-0.403,-0.914,2.607,1.966,-0.266,0.0070,0.484,nan,0.00,1,1,1,0,1,0.0000,0.263,0,0.063,1,0.902,0,0,yolo,110.1,yolo,0,0,0,0.000,0,-1,0
1785654033.079,4.816,-0.605,17.756,0.9964,0,2.115,0.344,0.198,0.2592,16.500,-0.057,0.303,1.000,-0.198,2.701,-0.2595,0.0329,-0.365,-0.365,-0.882,2.612,1.978,-0.261,0.0069,0.472,nan,0.00,1,1,1,0,1,0.0000,0.263,0,0.064,1,0.905,0,0,yolo,110.1,yolo,0,0,0,0.000,0,-1,0
1785654033.109,4.599,-0.568,17.737,0.9967,0,3.615,0.450,0.458,0.2425,16.093,-0.129,0.373,1.000,-0.458,-4.751,0.7309,-0.4947,-0.331,-0.009,-0.852,2.617,1.929,-0.118,0.0069,0.521,nan,0.00,1,1,1,1,1,0.0000,0.263,0,0.064,1,0.905,0,0,yolo,119.9,yolo,0,0,0,0.000,0,-1,0
1785654033.141,4.599,-0.568,17.737,0.9967,0,2.371,0.402,0.458,0.2560,16.093,-0.129,0.373,1.000,-0.458,2.228,-0.3214,0.0000,-0.331,-0.331,-0.852,2.617,1.929,-0.166,0.0068,0.521,nan,0.00,1,1,1,0,1,0.0000,0.264,0,0.065,1,0.909,0,0,yolo,119.9,yolo,0,0,0,0.000,0,-1,0
1785654033.179,4.213,-0.518,17.701,0.9973,0,2.339,0.351,0.458,0.2578,16.093,-0.129,0.373,1.000,-0.458,1.874,-0.2873,0.0335,-0.296,-0.296,-0.818,2.622,1.942,-0.167,0.0068,0.508,nan,0.00,1,1,1,0,0,0.0000,0.000,0,0.000,0,0.000,0,0,yolo,119.9,yolo,0,0,0,0.000,0,-1,0
1785654033.210,3.974,-0.477,17.653,0.9976,0,2.428,0.305,0.458,0.2596,16.093,-0.129,0.373,1.000,-0.458,1.546,-0.2555,0.0695,-0.265,-0.265,-0.782,2.627,1.953,-0.172,0.0067,0.497,nan,0.00,1,1,1,0,0,0.0000,0.000,0,0.000,0,0.000,0,0,yolo,119.9,yolo,0,0,0,0.000,0,-1,0
1785654033.250,3.720,-0.443,17.614,0.9979,0,3.928,0.527,1.080,0.2429,16.866,-0.318,0.487,1.000,-1.080,-8.903,1.0982,-0.5896,-0.237,0.140,-0.747,2.631,1.855,0.084,0.0067,0.595,nan,0.00,1,1,1,1,0,0.0000,0.000,0,0.000,0,0.000,0,0,yolo,114.0,yolo,0,0,0,0.000,0,-1,0
1785654033.285,3.253,-0.374,17.510,0.9984,0,3.182,0.431,1.080,0.2560,16.866,-0.318,0.487,1.000,-1.080,0.072,-0.3451,0.0510,-0.205,-0.205,-0.696,2.635,1.872,0.057,0.0066,0.578,nan,0.00,1,1,1,0,0,0.0000,0.000,0,0.000,0,0.000,2,0,yolo,114.0,yolo,0,0,0,0.000,0,-1,0
1785654033.315,3.253,-0.374,17.510,0.9984,0,3.182,0.387,1.080,0.2559,16.866,-0.318,0.487,1.000,-1.080,0.072,-0.3451,0.0510,-0.205,-0.205,-0.696,2.635,1.872,0.013,0.0066,0.578,nan,0.00,1,1,1,0,0,0.0000,0.000,0,0.000,0,0.000,0,0,yolo,114.0,yolo,0,0,0,0.000,0,-1,0
1785654033.350,2.919,-0.327,17.393,0.9987,0,4.682,0.556,1.570,0.2393,17.126,-0.469,0.585,1.000,-1.570,-10.594,1.0985,-0.5982,-0.179,0.235,-0.645,2.639,1.792,0.229,0.0065,0.658,nan,0.00,1,1,1,1,0,0.0000,0.000,0,0.000,0,0.000,0,0,yolo,113.1,yolo,0,0,0,0.000,0,-1,0
1785654033.395,2.566,-0.281,17.287,0.9990,0,3.739,0.489,1.570,0.2530,17.126,-0.469,0.585,1.000,-1.570,-1.173,-0.3923,0.0378,-0.158,-0.158,-0.607,2.642,1.803,0.208,0.0064,0.647,nan,0.00,1,1,1,0,0,0.0000,0.000,0,0.000,0,0.000,0,0,yolo,113.1,yolo,0,0,0,0.000,0,-1,0
1785654033.425,2.169,-0.221,17.125,0.9993,0,3.566,0.399,1.570,0.2558,17.126,-0.469,0.585,1.000,-1.570,-1.396,-0.3701,0.0943,-0.135,-0.135,-0.551,2.645,1.817,0.178,0.0064,0.633,nan,0.00,1,1,1,0,0,0.0000,0.000,0,0.000,0,0.000,2,0,yolo,113.1,yolo,0,0,0,0.000,0,-1,0
1785654033.452,2.169,-0.221,17.125,0.9993,0,5.066,0.651,2.148,0.2391,17.264,-0.648,0.705,1.000,-2.148,-14.000,1.7413,-1.1404,-0.135,0.391,-0.551,2.645,1.703,0.430,0.0063,0.747,nan,0.00,1,1,1,1,0,0.0000,0.000,0,0.000,0,0.000,0,0,yolo,108.5,yolo,0,0,0,0.000,0,-1,0
1785654033.498,1.796,-0.175,16.980,0.9995,0,4.038,0.588,2.148,0.2502,17.264,-0.648,0.705,1.000,-2.148,-2.242,-0.5084,0.0433,-0.118,-0.118,-0.508,2.647,1.713,0.414,0.0062,0.737,nan,0.00,1,1,1,0,0,0.0000,0.000,0,0.000,0,0.000,0,0,yolo,108.5,yolo,0,0,0,0.000,0,-1,0
1785654033.534,1.211,-0.095,16.770,0.9998,0,3.630,0.469,2.148,0.2532,17.264,-0.648,0.705,1.000,-2.148,-2.419,-0.4907,0.1013,-0.100,-0.100,-0.450,2.649,1.730,0.375,0.0061,0.720,nan,0.00,1,1,1,0,0,0.0000,0.000,0,0.000,0,0.000,0,0,yolo,108.5,yolo,0,0,0,0.000,0,-1,0
1785654033.567,0.811,-0.038,16.534,0.9999,0,3.361,0.377,2.148,0.2560,17.264,-0.648,0.705,1.000,-2.148,-2.550,-0.4775,0.1588,-0.087,-0.087,-0.392,2.651,1.743,0.339,0.0061,0.707,nan,0.00,1,1,1,0,0,0.0000,0.000,0,0.000,0,0.000,2,0,yolo,108.5,yolo,0,0,0,0.000,0,-1,0
1785654033.593,0.811,-0.038,16.534,0.9999,0,3.361,0.357,2.148,0.2560,17.264,-0.648,0.705,1.000,-2.148,-2.550,-0.4775,0.1588,-0.087,-0.087,-0.392,2.651,1.743,0.318,0.0060,0.707,nan,0.00,1,1,1,0,0,0.0000,0.000,0,0.000,0,0.000,0,0,yolo,108.5,yolo,0,0,0,0.000,0,-1,0
1785654033.628,0.436,0.005,16.327,1.0000,0,3.068,0.287,2.148,0.2580,17.264,-0.648,0.705,1.000,-2.148,-2.632,-0.4694,0.2008,-0.079,-0.079,-0.350,2.652,1.752,0.292,0.0059,0.698,nan,0.00,1,1,1,0,0,0.0000,0.000,0,0.000,0,0.000,0,0,yolo,108.5,yolo,0,0,0,0.000,0,-1,0
1785654033.661,0.113,0.037,16.128,1.0000,0,2.795,0.235,2.148,0.2597,17.264,-0.648,0.705,1.000,-2.148,-2.682,-0.4643,0.2371,-0.074,-0.074,-0.314,2.652,1.757,0.271,0.0059,0.693,nan,0.00,1,1,1,0,0,0.0000,0.000,0,0.000,0,0.000,1,0,yolo,108.5,yolo,0,0,0,0.000,0,-1,0
1785654033.688,-0.212,0.064,15.907,1.0000,0,4.295,0.481,2.601,0.2431,17.289,-0.785,0.821,1.000,-2.601,-11.710,0.6838,-0.5610,-0.071,0.361,-0.277,2.652,1.645,0.545,0.0058,0.805,nan,0.00,1,1,1,1,0,0.0000,0.000,0,0.000,0,0.000,0,0,yolo,110.6,yolo,0,0,0,0.000,0,-1,0
1785654033.717,-0.212,0.064,15.907,1.0000,0,3.781,0.473,2.601,0.2456,17.289,-0.785,0.821,1.000,-2.601,-3.993,-0.4316,0.0000,-0.071,-0.071,-0.277,2.652,1.645,0.537,0.0057,0.805,nan,0.00,1,1,1,0,0,0.0000,0.000,0,0.000,0,0.000,0,0,yolo,110.6,yolo,0,0,0,0.000,0,-1,0
1785654033.753,-0.679,0.121,15.629,0.9999,0,3.329,0.383,2.601,0.2474,17.289,-0.785,0.821,1.000,-2.601,-4.009,-0.4300,0.0352,-0.069,-0.069,-0.241,2.652,1.656,0.504,0.0056,0.794,nan,0.00,1,1,1,0,0,0.0000,0.000,0,0.000,0,0.000,0,0,yolo,110.6,yolo,0,0,0,0.000,0,-1,0
1785654033.780,-0.679,0.121,15.629,0.9999,0,3.329,0.379,2.601,0.2473,17.289,-0.785,0.821,1.000,-2.601,-4.009,-0.4300,0.0352,-0.069,-0.069,-0.241,2.652,1.656,0.500,0.0055,0.794,nan,0.00,1,1,1,0,0,0.0000,0.000,0,0.000,0,0.000,0,0,yolo,110.6,yolo,0,0,0,0.000,0,-1,0
1785654033.816,-1.050,0.159,15.358,0.9998,0,2.943,0.318,2.601,0.2492,17.289,-0.785,0.821,1.000,-2.601,-3.993,-0.4316,0.0736,-0.071,-0.071,-0.203,2.652,1.662,0.477,0.0055,0.788,nan,0.00,1,1,1,0,0,0.0000,0.000,0,0.000,0,0.000,2,0,yolo,110.6,yolo,0,0,0,0.000,0,-1,0
1785654033.842,-1.402,0.191,15.084,0.9997,0,2.537,0.265,2.601,0.2513,17.289,-0.785,0.821,1.000,-2.601,-3.938,-0.4371,0.1175,-0.076,-0.076,-0.159,2.651,1.667,0.456,0.0054,0.783,nan,0.00,1,1,1,0,0,0.0000,0.000,0,0.000,0,0.000,0,0,yolo,110.6,yolo,0,0,0,0.000,0,-1,0
1785654033.879,-1.402,0.191,15.084,0.9997,0,2.537,0.267,2.601,0.2512,17.289,-0.785,0.821,1.000,-2.601,-3.938,-0.4371,0.1175,-0.076,-0.076,-0.159,2.651,1.667,0.458,0.0053,0.783,nan,0.00,1,1,1,0,0,0.0000,0.000,0,0.000,0,0.000,0,0,yolo,110.6,yolo,0,0,0,0.000,0,-1,0
1785654033.905,-1.667,0.212,14.844,0.9996,0,2.203,0.230,2.601,0.2531,17.289,-0.785,0.821,1.000,-2.601,-3.871,-0.4438,0.1585,-0.083,-0.083,-0.118,2.651,1.670,0.443,0.0052,0.780,nan,0.00,1,1,1,0,0,0.0000,0.000,0,0.000,0,0.000,0,0,yolo,110.6,yolo,0,0,0,0.000,0,-1,0
1785654033.939,-1.920,0.231,14.582,0.9994,0,1.858,0.199,2.601,0.2553,17.289,-0.785,0.821,1.000,-2.601,-3.777,-0.4532,0.2067,-0.093,-0.093,-0.070,2.650,1.672,0.430,0.0051,0.778,nan,0.00,1,1,1,0,0,0.0000,0.000,0,0.000,0,0.000,0,0,yolo,110.6,yolo,0,0,0,0.000,0,-1,0
1785654033.970,-2.118,0.243,14.342,0.9993,0,1.558,0.178,2.601,0.2569,17.289,-0.785,0.821,1.000,-2.601,-3.677,-0.4633,0.2426,-0.103,-0.103,-0.034,2.649,1.674,0.422,0.0051,0.776,nan,0.00,1,1,1,0,0,0.0000,0.000,0,0.000,0,0.000,2,0,yolo,110.6,yolo,0,0,0,0.000,0,-1,0
1785654033.997,-2.118,0.243,14.342,0.9993,0,0.058,1.678,1.101,0.2451,nan,nan,nan,0.000,0.000,0.821,0.0000,-0.0341,-0.103,-0.103,-0.034,2.649,1.000,2.111,0.0051,0.753,nan,0.00,0,0,0,0,0,0.0000,0.000,0,0.000,0,0.000,0,0,,,FLYING,0,0,0,0.000,0,-1,0
1785654034.033,-2.273,0.253,14.122,0.9992,0,-1.442,1.854,0.000,0.2470,nan,nan,nan,0.000,0.000,0.902,0.0000,-0.0075,-0.113,-0.113,-0.008,2.649,1.000,2.107,0.0051,0.730,nan,0.00,0,0,0,0,0,0.0000,0.000,0,0.000,0,0.000,1,0,,,FLYING,0,0,0,0.000,0,-1,0
1785654034.065,-2.100,0.469,14.089,0.9993,0,-2.942,1.604,0.000,0.2492,nan,nan,nan,0.000,0.000,1.069,0.0000,0.0275,-0.134,-0.134,0.027,2.646,1.000,2.073,0.0051,0.709,nan,0.00,0,0,0,0,0,0.0000,0.000,0,0.000,0,0.000,2,0,,,FLYING,0,0,0,0.000,0,-1,0
1785654034.092,-1.788,0.638,14.142,0.9995,0,-3.027,1.388,0.000,0.2515,nan,nan,nan,0.000,0.000,1.239,0.0000,0.0648,-0.155,-0.155,0.065,2.641,1.000,2.026,0.0051,0.687,nan,0.00,0,0,0,0,0,0.0000,0.000,0,0.000,0,0.000,0,0,,,FLYING,0,0,0,0.000,0,-1,0
1785654034.127,-1.788,0.638,14.142,0.9995,0,-3.027,1.411,0.000,0.2521,nan,nan,nan,0.000,0.000,1.239,0.0000,0.0648,-0.155,-0.155,0.065,2.641,1.000,2.049,0.0051,0.667,nan,0.00,0,0,0,0,0,0.0000,0.000,0,0.000,0,0.000,0,0,,,FLYING,0,0,0,0.000,0,-1,0
1785654034.154,-1.494,0.778,14.126,0.9996,0,-2.846,1.216,0.000,0.2543,nan,nan,nan,0.000,0.000,1.352,0.0000,0.1015,-0.169,-0.169,0.101,2.636,1.000,1.994,0.0051,0.647,nan,0.00,0,0,0,0,0,0.0000,0.000,0,0.000,0,0.000,0,0,,,FLYING,0,0,0,0.000,0,-1,0
1785654034.188,-1.202,0.908,14.115,0.9997,0,-2.650,1.025,0.000,0.2567,nan,nan,nan,0.000,0.000,1.447,0.0000,0.1405,-0.181,-0.181,0.140,2.629,1.000,1.933,0.0051,0.627,nan,0.00,0,0,0,0,0,0.0000,0.000,0,0.000,0,0.000,0,0,,,FLYING,0,0,0,0.000,0,-1,0
1785654034.219,-1.202,0.908,14.115,0.9997,0,-2.650,1.067,0.000,0.2572,nan,nan,nan,0.000,0.000,1.447,0.0000,0.1405,-0.181,-0.181,0.140,2.629,1.000,1.975,0.0051,0.608,nan,0.00,0,0,0,0,0,0.0000,0.000,0,0.000,0,0.000,2,0,,,FLYING,0,0,0,0.000,0,-1,0
1785654034.265,-0.926,1.019,14.118,0.9997,0,-2.451,0.882,0.000,0.2595,nan,nan,nan,0.000,0.000,1.525,0.0000,0.1800,-0.191,-0.191,0.180,2.622,1.000,1.901,0.0051,0.590,nan,0.00,0,0,0,0,0,0.0000,0.000,0,0.000,0,0.000,0,0,,,FLYING,0,0,0,0.000,0,-1,0
1785654034.297,-0.657,1.132,14.116,0.9997,0,-2.235,0.705,0.000,0.2614,nan,nan,nan,0.000,0.000,1.578,0.0000,0.2104,-0.197,-0.197,0.210,2.613,1.000,1.837,0.0051,0.573,nan,0.00,0,0,0,0,0,0.0000,0.000,0,0.000,0,0.000,0,0,,,FLYING,0,0,0,0.000,0,-1,0
1785654034.342,-0.415,1.210,14.114,0.9998,0,-2.034,0.564,0.000,0.2631,nan,nan,nan,0.000,0.000,1.619,0.0000,0.2359,-0.202,-0.202,0.236,2.604,1.000,1.774,0.0051,0.555,nan,0.00,0,0,0,0,0,0.0000,0.000,0,0.000,0,0.000,0,0,,,FLYING,0,0,0,0.000,0,-1,0
1785654034.368,-0.415,1.210,14.114,0.9998,0,-2.034,0.635,0.000,0.2636,nan,nan,nan,0.000,0.000,1.619,0.0000,0.2359,-0.202,-0.202,0.236,2.604,1.000,1.844,0.0051,0.539,nan,0.00,0,0,0,0,0,0.0000,0.000,0,0.000,0,0.000,0,0,,,FLYING,0,0,0,0.000,0,-1,0
1785654034.404,-0.178,1.279,14.114,0.9997,0,-1.823,0.481,0.000,0.2650,nan,nan,nan,0.000,0.000,1.645,0.0000,0.2567,-0.206,-0.206,0.257,2.594,1.000,1.760,0.0051,0.523,nan,0.00,0,0,0,0,0,0.0000,0.000,0,0.000,0,0.000,0,0,,,FLYING,0,0,0,0.000,0,-1,0
1785654034.432,0.025,1.338,14.115,0.9997,0,-1.635,0.362,0.000,0.2661,nan,nan,nan,0.000,0.000,1.660,0.0000,0.2705,-0.207,-0.207,0.270,2.584,1.000,1.700,0.0051,0.507,nan,0.00,0,0,0,0,0,0.0000,0.000,0,0.000,0,0.000,0,0,,,FLYING,0,0,0,0.000,0,-1,0
1785654034.466,0.208,1.379,14.115,0.9997,0,-1.457,0.255,0.000,0.2669,nan,nan,nan,0.000,0.000,1.666,0.0000,0.2778,-0.208,-0.208,0.278,2.574,1.000,1.634,0.0051,0.492,nan,0.00,0,0,0,0,0,0.0000,0.000,0,0.000,0,0.000,2,0,,,FLYING,0,0,0,0.000,0,-1,0
1785654034.494,0.208,1.379,14.115,0.9997,0,-1.457,0.345,0.000,0.2673,nan,nan,nan,0.000,0.000,1.666,0.0000,0.2778,-0.208,-0.208,0.278,2.574,1.000,1.724,0.0051,0.477,nan,0.00,0,0,0,0,0,0.0000,0.000,0,0.000,0,0.000,0,0,,,FLYING,0,0,0,0.000,0,-1,0
1785654034.538,0.368,1.409,14.115,0.9997,0,-1.295,0.241,0.000,0.2679,nan,nan,nan,0.000,0.000,1.663,0.0000,0.2814,-0.208,-0.208,0.281,2.563,1.000,1.650,0.0051,0.463,nan,0.00,0,0,0,0,0,0.0000,0.000,0,0.000,0,0.000,0,0,,,FLYING,0,0,0,0.000,0,-1,0
1785654034.575,0.524,1.449,14.115,0.9996,0,-1.127,0.142,0.000,0.2684,nan,nan,nan,0.000,0.000,1.651,0.0000,0.2826,-0.206,-0.206,0.283,2.553,1.000,1.591,0.0051,0.449,nan,0.00,0,0,0,0,0,0.0000,0.000,0,0.000,0,0.000,1,0,,,FLYING,0,0,0,0.000,0,-1,0
1785654034.602,0.647,1.465,14.115,0.9996,0,-0.984,0.084,0.000,0.2687,nan,nan,nan,0.000,0.000,1.631,0.0000,0.2806,-0.204,-0.204,0.281,2.543,1.000,1.548,0.0051,0.435,nan,0.00,0,0,0,0,0,0.0000,0.000,0,0.000,0,0.000,0,0,,,FLYING,0,0,0,0.000,0,-1,0
1785654034.638,0.758,1.476,14.115,0.9996,0,-0.846,0.035,0.000,0.2689,nan,nan,nan,0.000,0.000,1.604,0.0000,0.2758,-0.201,-0.201,0.276,2.533,1.000,1.511,0.0051,0.422,nan,0.00,0,0,0,0,0,0.0000,0.000,0,0.000,0,0.000,0,0,,,FLYING,0,0,0,0.000,0,-1,0
1785654034.669,0.758,1.476,14.115,0.9996,0,-0.846,0.131,0.000,0.2693,nan,nan,nan,0.000,0.000,1.604,0.0000,0.2758,-0.201,-0.201,0.276,2.533,1.000,1.608,0.0051,0.410,nan,0.00,0,0,0,0,0,0.0000,0.000,0,0.000,0,0.000,0,0,,,FLYING,0,0,0,0.000,0,-1,0
1785654034.696,0.858,1.495,14.116,0.9995,0,-0.714,0.043,0.000,0.2694,nan,nan,nan,0.000,0.000,1.572,0.0000,0.2686,-0.197,-0.197,0.269,2.523,1.000,1.538,0.0051,0.397,nan,0.00,0,0,0,0,0,0.0000,0.000,0,0.000,0,0.000,0,0,,,FLYING,0,0,0,0.000,0,-1,0
1785654034.732,0.858,1.495,14.116,0.9995,0,-0.714,0.124,0.000,0.2697,nan,nan,nan,0.000,0.000,1.572,0.0000,0.2686,-0.197,-0.197,0.269,2.523,1.000,1.619,0.0051,0.385,nan,0.00,0,0,0,0,0,0.0000,0.000,0,0.000,0,0.000,2,0,,,FLYING,0,0,0,0.000,0,-1,0
1785654034.759,0.936,1.500,14.116,0.9995,0,-0.603,0.053,0.000,0.2697,nan,nan,nan,0.000,0.000,1.540,0.0000,0.2604,-0.192,-0.192,0.260,2.514,1.000,1.553,0.0051,0.374,nan,0.00,0,0,0,0,0,0.0000,0.000,0,0.000,0,0.000,0,0,,,FLYING,0,0,0,0.000,0,-1,0
1785654034.797,1.012,1.515,14.116,0.9995,0,-0.493,-0.012,0.000,0.2696,nan,nan,nan,0.000,0.000,1.505,0.0000,0.2513,-0.188,-0.188,0.251,2.505,1.000,1.503,0.0051,0.363,nan,0.00,0,0,0,0,0,0.0000,0.000,0,0.000,0,0.000,0,0,,,FLYING,0,0,0,0.000,0,-1,0
1785654034.827,1.067,1.514,14.116,0.9995,0,-0.400,-0.056,0.000,0.2695,nan,nan,nan,0.000,0.000,1.467,0.0000,0.2405,-0.183,-0.183,0.241,2.496,1.000,1.458,0.0051,0.352,nan,0.00,0,0,0,0,0,0.0000,0.000,0,0.000,0,0.000,0,0,,,FLYING,0,0,0,0.000,0,-1,0
1785654034.860,1.067,1.514,14.116,0.9995,0,-0.400,0.028,0.000,0.2698,nan,nan,nan,0.000,0.000,1.467,0.0000,0.2405,-0.183,-0.183,0.241,2.496,1.000,1.542,0.0051,0.341,nan,0.00,0,0,0,0,0,0.0000,0.000,0,0.000,0,0.000,0,0,,,FLYING,0,0,0,0.000,0,-1,0
1785654034.887,1.113,1.509,14.116,0.9995,0,-0.314,-0.029,0.000,0.2696,nan,nan,nan,0.000,0.000,1.427,0.0000,0.2291,-0.178,-0.178,0.229,2.487,1.000,1.480,0.0051,0.331,nan,0.00,0,0,0,0,0,0.0000,0.000,0,0.000,0,0.000,0,0,,,FLYING,0,0,0,0.000,0,-1,0
1785654034.923,1.148,1.509,14.116,0.9995,0,-0.243,-0.065,0.000,0.2694,nan,nan,nan,0.000,0.000,1.391,0.0000,0.2185,-0.174,-0.174,0.219,2.478,1.000,1.444,0.0051,0.321,nan,0.00,0,0,0,0,0,0.0000,0.000,0,0.000,0,0.000,0,0,,,FLYING,0,0,0,0.000,0,-1,0
1785654034.951,1.175,1.503,14.116,0.9994,0,-0.176,-0.097,0.000,0.2692,nan,nan,nan,0.000,0.000,1.351,0.0000,0.2070,-0.169,-0.169,0.207,2.470,1.000,1.406,0.0051,0.311,nan,0.00,0,0,0,0,0,0.0000,0.000,0,0.000,0,0.000,0,0,,,FLYING,0,0,0,0.000,0,-1,0
1785654034.987,1.197,1.493,14.116,0.9994,0,-0.112,-0.123,0.000,0.2689,nan,nan,nan,0.000,0.000,1.309,0.0000,0.1950,-0.164,-0.164,0.195,2.461,1.000,1.371,0.0051,0.302,nan,0.00,0,0,0,0,0,0.0000,0.000,0,0.000,0,0.000,0,0,,,FLYING,0,0,0,0.000,0,-1,0
1785654035.018,1.197,1.493,14.116,0.9994,0,-0.112,-0.038,0.000,0.2692,nan,nan,nan,0.000,0.000,1.309,0.0000,0.1950,-0.164,-0.164,0.195,2.461,1.000,1.455,0.0051,0.293,nan,0.00,0,0,0,0,0,0.0000,0.000,0,0.000,0,0.000,0,0,,,FLYING,0,0,0,0.000,0,-1,0
1785654035.045,1.211,1.482,14.115,0.9994,0,-0.062,-0.068,0.000,0.2690,nan,nan,nan,0.000,0.000,1.273,0.0000,0.1847,-0.159,-0.159,0.185,2.454,1.000,1.415,0.0051,0.284,nan,0.00,0,0,0,0,0,0.0000,0.000,0,0.000,0,0.000,0,0,,,FLYING,0,0,0,0.000,0,-1,0
1785654035.072,1.219,1.477,14.115,0.9994,0,-0.017,-0.095,0.000,0.2688,nan,nan,nan,0.000,0.000,1.236,0.0000,0.1747,-0.155,-0.155,0.175,2.446,1.000,1.382,0.0051,0.276,nan,0.00,0,0,0,0,0,0.0000,0.000,0,0.000,0,0.000,0,0,,,FLYING,0,0,0,0.000,0,-1,0
1785654035.112,1.223,1.468,14.115,0.9994,0,0.023,-0.114,0.000,0.2686,nan,nan,nan,0.000,0.000,1.200,0.0000,0.1649,-0.150,-0.150,0.165,2.439,1.000,1.354,0.0051,0.267,nan,0.00,0,0,0,0,0,0.0000,0.000,0,0.000,0,0.000,0,0,,,FLYING,0,0,0,0.000,0,-1,0
1785654035.144,1.223,1.468,14.115,0.9994,0,0.023,-0.041,0.000,0.2689,nan,nan,nan,0.000,0.000,1.200,0.0000,0.1649,-0.150,-0.150,0.165,2.439,1.000,1.427,0.0051,0.259,nan,0.00,0,0,0,0,0,0.0000,0.000,0,0.000,0,0.000,1,0,,,FLYING,0,0,0,0.000,0,-1,0
1785654035.171,1.222,1.455,14.115,0.9994,0,0.064,-0.088,0.000,0.2686,nan,nan,nan,0.000,0.000,1.158,0.0000,0.1539,-0.145,-0.145,0.154,2.431,1.000,1.367,0.0051,0.252,nan,0.00,0,0,0,0,0,0.0000,0.000,0,0.000,0,0.000,0,0,,,FLYING,0,0,0,0.000,0,-1,0
1785654035.202,1.218,1.447,14.115,0.9995,0,0.095,-0.113,0.000,0.2684,nan,nan,nan,0.000,0.000,1.122,0.0000,0.1443,-0.140,-0.140,0.144,2.423,1.000,1.334,0.0051,0.244,nan,0.00,0,0,0,0,0,0.0000,0.000,0,0.000,0,0.000,0,0,,,FLYING,0,0,0,0.000,0,-1,0
1785654035.239,1.209,1.436,14.114,0.9995,0,0.123,-0.130,0.000,0.2682,nan,nan,nan,0.000,0.000,1.087,0.0000,0.1346,-0.136,-0.136,0.135,2.416,1.000,1.306,0.0051,0.237,nan,0.00,0,0,0,0,0,0.0000,0.000,0,0.000,0,0.000,0,0,,,FLYING,0,0,0,0.000,0,-1,0
1785654035.269,1.209,1.436,14.114,0.9995,0,0.123,-0.060,0.000,0.2684,nan,nan,nan,0.000,0.000,1.087,0.0000,0.1346,-0.136,-0.136,0.135,2.416,1.000,1.376,0.0051,0.230,nan,0.00,0,0,0,0,0,0.0000,0.000,0,0.000,0,0.000,1,0,,,FLYING,0,0,0,0.000,0,-1,0
1785654035.297,1.199,1.423,14.114,0.9995,0,0.146,-0.089,0.000,0.2682,nan,nan,nan,0.000,0.000,1.053,0.0000,0.1254,-0.132,-0.132,0.125,2.409,1.000,1.334,0.0051,0.223,nan,0.00,0,0,0,0,0,0.0000,0.000,0,0.000,0,0.000,0,0,,,FLYING,0,0,0,0.000,0,-1,0
1785654035.331,1.184,1.413,14.114,0.9995,0,0.168,-0.123,0.000,0.2679,nan,nan,nan,0.000,0.000,1.016,0.0000,0.1153,-0.127,-0.127,0.115,2.402,1.000,1.290,0.0051,0.216,nan,0.00,0,0,0,0,0,0.0000,0.000,0,0.000,0,0.000,0,0,,,FLYING,0,0,0,0.000,0,-1,0
1785654035.363,1.184,1.413,14.114,0.9995,0,0.168,-0.058,0.000,0.2681,nan,nan,nan,0.000,0.000,1.016,0.0000,0.1153,-0.127,-0.127,0.115,2.402,1.000,1.354,0.0051,0.210,nan,0.00,0,0,0,0,0,0.0000,0.000,0,0.000,0,0.000,0,0,,,FLYING,0,0,0,0.000,0,-1,0
1785654035.392,1.168,1.400,14.114,0.9995,0,0.184,-0.089,0.000,0.2679,nan,nan,nan,0.000,0.000,0.984,0.0000,0.1065,-0.123,-0.123,0.107,2.395,1.000,1.311,0.0051,0.203,nan,0.00,0,0,0,0,0,0.0000,0.000,0,0.000,0,0.000,0,0,,,FLYING,0,0,0,0.000,0,-1,0
1785654035.426,1.150,1.391,14.113,0.9995,0,0.196,-0.114,0.000,0.2677,nan,nan,nan,0.000,0.000,0.953,0.0000,0.0979,-0.119,-0.119,0.098,2.389,1.000,1.277,0.0051,0.197,nan,0.00,0,0,0,0,0,0.0000,0.000,0,0.000,0,0.000,1,0,,,FLYING,0,0,0,0.000,0,-1,0
1785654035.459,1.130,1.379,14.113,0.9995,0,0.206,-0.128,0.000,0.2675,nan,nan,nan,0.000,0.000,0.924,0.0000,0.0893,-0.116,-0.116,0.089,2.382,1.000,1.250,0.0051,0.191,nan,0.00,0,0,0,0,0,0.0000,0.000,0,0.000,0,0.000,0,0,,,FLYING,0,0,0,0.000,0,-1,0
1785654035.489,1.130,1.379,14.113,0.9995,0,0.206,-0.067,0.000,0.2677,nan,nan,nan,0.000,0.000,0.924,0.0000,0.0893,-0.116,-0.116,0.089,2.382,1.000,1.312,0.0051,0.185,nan,0.00,0,0,0,0,0,0.0000,0.000,0,0.000,0,0.000,1,0,,,FLYING,0,0,0,0.000,0,-1,0
1785654035.521,1.108,1.364,14.113,0.9995,0,0.213,-0.097,0.000,0.2674,nan,nan,nan,0.000,0.000,0.895,0.0000,0.0805,-0.112,-0.112,0.081,2.376,1.000,1.267,0.0051,0.180,nan,0.00,0,0,0,0,0,0.0000,0.000,0,0.000,0,0.000,0,0,,,FLYING,0,0,0,0.000,0,-1,0
1785654035.550,1.085,1.354,14.113,0.9995,0,0.217,-0.118,0.000,0.2672,nan,nan,nan,0.000,0.000,0.868,0.0000,0.0724,-0.109,-0.109,0.072,2.369,1.000,1.236,0.0051,0.175,nan,0.00,0,0,0,0,0,0.0000,0.000,0,0.000,0,0.000,0,0,,,FLYING,0,0,0,0.000,0,-1,0
1785654035.582,1.085,1.354,14.113,0.9995,0,0.217,-0.062,0.000,0.2674,nan,nan,nan,0.000,0.000,0.868,0.0000,0.0724,-0.109,-0.109,0.072,2.369,1.000,1.292,0.0051,0.169,nan,0.00,0,0,0,0,0,0.0000,0.000,0,0.000,0,0.000,1,0,,,FLYING,0,0,0,0.000,0,-1,0
1785654035.610,1.061,1.340,14.112,0.9996,0,0.219,-0.094,0.000,0.2671,nan,nan,nan,0.000,0.000,0.841,0.0000,0.0639,-0.105,-0.105,0.064,2.363,1.000,1.246,0.0051,0.164,nan,0.00,0,0,0,0,0,0.0000,0.000,0,0.000,0,0.000,0,0,,,FLYING,0,0,0,0.000,0,-1,0
1785654035.645,1.038,1.331,14.112,0.9996,0,0.219,-0.111,0.000,0.2670,nan,nan,nan,0.000,0.000,0.819,0.0000,0.0566,-0.102,-0.102,0.057,2.357,1.000,1.220,0.0051,0.159,nan,0.00,0,0,0,0,0,0.0000,0.000,0,0.000,0,0.000,0,0,,,FLYING,0,0,0,0.000,0,-1,0
1785654035.676,1.038,1.331,14.112,0.9996,0,0.219,-0.059,0.000,0.2671,nan,nan,nan,0.000,0.000,0.819,0.0000,0.0566,-0.102,-0.102,0.057,2.357,1.000,1.272,0.0051,0.155,nan,0.00,0,0,0,0,0,0.0000,0.000,0,0.000,0,0.000,1,0,,,FLYING,0,0,0,0.000,0,0,0
1785654035.703,1.016,1.319,14.112,0.9996,0,0.218,-0.081,0.000,0.2669,nan,nan,nan,0.000,0.000,0.798,0.0000,0.0497,-0.100,-0.100,0.050,2.352,1.000,1.238,0.0051,0.150,nan,0.00,0,0,0,0,0,0.0000,0.000,0,0.000,0,0.000,0,0,,,FLYING,0,0,0,0.000,0,0,0
1785654035.739,0.993,1.310,14.112,0.9996,0,0.214,-0.102,0.000,0.2667,nan,nan,nan,0.000,0.000,0.779,0.0000,0.0427,-0.097,-0.097,0.043,2.347,1.000,1.209,0.0051,0.145,nan,0.00,0,0,0,0,0,0.0000,0.000,0,0.000,0,0.000,0,0,,,FLYING,0,0,0,0.000,0,0,0
1785654035.768,0.970,1.299,14.112,0.9996,0,0.209,-0.112,0.000,0.2666,nan,nan,nan,0.000,0.000,0.761,0.0000,0.0360,-0.095,-0.095,0.036,2.341,1.000,1.188,0.0051,0.141,nan,0.00,0,0,0,0,0,0.0000,0.000,0,0.000,0,0.000,0,0,,,FLYING,0,0,0,0.000,0,0,0
1785654035.797,0.970,1.299,14.112,0.9996,0,0.209,-0.062,0.000,0.2667,nan,nan,nan,0.000,0.000,0.761,0.0000,0.0360,-0.095,-0.095,0.036,2.341,1.000,1.237,0.0051,0.137,nan,0.00,0,0,0,0,0,0.0000,0.000,0,0.000,0,0.000,0,0,,,FLYING,0,0,0,0.000,0,0,0
1785654035.832,0.948,1.289,14.111,0.9996,0,0.204,-0.082,0.000,0.2665,nan,nan,nan,0.000,0.000,0.744,0.0000,0.0297,-0.093,-0.093,0.030,2.337,1.000,1.207,0.0051,0.133,nan,0.00,0,0,0,0,0,0.0000,0.000,0,0.000,0,0.000,0,0,,,FLYING,0,0,0,0.000,0,0,0
1785654035.864,0.925,1.279,14.111,0.9996,0,0.197,-0.102,0.000,0.2663,nan,nan,nan,0.000,0.000,0.728,0.0000,0.0229,-0.091,-0.091,0.023,2.331,1.000,1.177,0.0051,0.129,nan,0.00,0,0,0,0,0,0.0000,0.000,0,0.000,0,0.000,0,0,,,FLYING,0,0,0,0.000,0,0,0
1785654035.896,0.925,1.279,14.111,0.9996,0,1.697,-1.256,1.500,0.2497,24.402,-1.486,1.539,1.000,-3.485,-8.394,-0.0000,-0.0000,-0.091,-0.091,0.023,2.331,1.480,0.023,0.0050,0.970,nan,0.00,1,1,1,1,0,0.0000,0.000,0,0.000,0,0.000,2,0,yolo,99.6,yolo,0,0,0,0.000,0,0,0
1785654035.937,0.655,1.085,13.878,0.9998,0,3.197,-0.856,3.000,0.2378,24.402,-1.486,1.539,1.000,-3.485,-8.468,0.0087,0.0130,-0.082,-0.082,0.036,2.327,1.390,0.229,0.0050,1.060,nan,0.00,1,1,1,0,0,0.0000,0.000,0,0.000,0,0.000,0,0,yolo,99.6,yolo,0,0,0,0.000,0,0,0
1785654035.973,0.298,0.997,13.579,0.9998,0,4.697,-0.645,3.485,0.2380,24.402,-1.486,1.539,1.000,-3.485,-8.539,0.0170,0.0485,-0.074,-0.074,0.071,2.325,1.343,0.353,0.0050,1.107,nan,0.00,1,1,1,0,0,0.0000,0.000,0,0.000,0,0.000,0,0,yolo,99.6,yolo,0,0,0,0.000,0,0,0
1785654036.018,-0.192,0.933,13.237,0.9999,0,6.197,-0.698,3.778,0.2547,22.913,-1.513,1.420,1.000,-3.778,-14.000,1.1704,0.5487,-0.068,0.259,0.146,2.325,1.398,0.235,0.0050,1.052,nan,0.00,1,1,1,1,0,0.0000,0.000,0,0.000,0,0.000,0,0,yolo,96.1,yolo,0,0,0,0.000,0,0,0
1785654036.052,-0.192,0.933,13.237,0.9999,0,7.364,-0.674,3.778,0.2380,22.913,-1.513,1.420,1.000,-3.778,-7.556,-0.3269,0.0000,-0.068,-0.068,0.146,2.325,1.398,0.259,0.0050,1.052,nan,0.00,1,1,1,0,1,0.0000,0.190,0,0.101,0,0.847,0,0,yolo,96.1,yolo,0,0,0,0.000,0,0,0
1785654036.088,-0.941,0.845,12.832,0.9998,0,6.606,-0.432,3.778,0.2401,22.913,-1.513,1.420,1.000,-3.778,-7.547,-0.3279,0.0947,-0.069,-0.069,0.241,2.325,1.344,0.413,0.0050,1.106,nan,0.00,1,1,1,0,1,0.0000,0.190,0,0.101,0,0.847,0,0,yolo,96.1,yolo,0,0,0,0.000,0,-1,0
1785654036.125,-1.684,0.790,12.444,0.9995,0,5.106,-0.504,3.535,0.2568,21.796,-1.347,1.310,1.000,-3.535,-5.272,-0.6923,0.4368,-0.078,-0.027,0.331,2.325,1.402,0.286,0.0050,1.048,nan,0.00,1,1,1,1,1,0.0000,0.095,0,0.100,0,0.925,0,0,yolo,103.7,yolo,0,0,0,0.000,0,-1,0
1785654036.156,-2.205,0.725,12.110,0.9992,0,5.956,-0.323,3.535,0.2401,21.796,-1.347,1.310,1.000,-3.535,-8.161,-0.0641,0.0678,-0.091,-0.091,0.399,2.326,1.365,0.401,0.0050,1.085,nan,0.00,1,1,1,0,1,0.0000,0.095,0,0.100,0,0.925,0,0,yolo,103.7,yolo,0,0,0,0.000,0,-1,0
1785654036.192,-2.887,0.673,11.760,0.9987,0,5.084,-0.160,3.535,0.2417,21.796,-1.347,1.310,1.000,-3.535,-7.971,-0.0854,0.1326,-0.112,-0.112,0.464,2.328,1.330,0.513,0.0050,1.120,nan,0.00,1,1,1,0,0,0.0000,0.000,0,0.000,0,0.000,0,0,yolo,103.7,yolo,0,0,0,0.000,0,-1,0
1785654036.222,-2.887,0.673,11.760,0.9987,0,4.312,-0.455,3.489,0.2583,20.800,-1.268,1.186,1.000,-3.489,-7.199,-0.1694,1.1553,-0.112,-0.164,0.464,2.328,1.446,0.219,0.0050,1.004,nan,0.00,1,1,1,1,0,0.0000,0.000,0,0.000,0,0.000,2,0,yolo,112.2,yolo,0,0,0,0.000,0,-1,0
1785654036.250,-3.324,0.607,11.437,0.9983,0,5.000,-0.275,3.489,0.2417,20.800,-1.268,1.186,1.000,-3.489,-8.324,0.0305,0.0472,-0.134,-0.134,0.511,2.331,1.413,0.332,0.0050,1.037,nan,0.00,1,1,1,0,1,0.0000,0.196,0,0.116,0,0.931,0,0,yolo,112.2,yolo,0,0,0,0.000,0,-1,0
1785654036.285,-3.800,0.562,11.144,0.9978,0,4.309,-0.138,3.489,0.2419,20.800,-1.268,1.186,1.000,-3.489,-8.109,0.0070,0.0956,-0.157,-0.157,0.560,2.333,1.386,0.424,0.0050,1.064,nan,0.00,1,1,1,0,1,0.0000,0.196,0,0.116,0,0.931,2,0,yolo,112.2,yolo,0,0,0,0.000,0,-1,0
1785654036.312,-3.800,0.562,11.144,0.9978,0,5.809,-0.409,3.785,0.2586,20.278,-1.342,1.074,1.000,-3.785,-14.000,1.5733,1.5271,-0.157,-0.003,0.560,2.333,1.488,0.153,0.0049,0.962,nan,0.00,1,1,1,1,1,0.0000,0.284,0,0.098,1,0.902,0,0,yolo,109.5,yolo,0,0,-1,0.024,1,0,0
1785654036.342,-4.235,0.526,10.833,0.9972,0,4.309,-0.286,3.785,0.2423,20.278,-1.342,1.074,1.000,-3.785,-8.052,-0.1814,0.0519,-0.184,-0.184,0.611,2.337,1.466,0.240,0.0048,0.984,nan,0.00,1,1,1,0,1,0.0000,0.284,0,0.098,1,0.902,0,0,yolo,109.5,yolo,0,0,-1,0.049,1,0,0
1785654036.374,-4.660,0.471,10.510,0.9967,0,3.260,-0.124,3.785,0.2441,20.278,-1.342,1.074,1.000,-3.785,-7.920,-0.2098,0.1084,-0.213,-0.213,0.668,2.341,1.437,0.347,0.0048,1.013,nan,0.00,1,1,1,0,1,0.0000,0.267,0,0.070,1,0.893,0,0,yolo,109.5,yolo,0,0,-1,0.072,1,0,0
1785654036.405,-4.981,0.430,10.178,0.9962,0,2.811,0.003,3.785,0.2459,20.278,-1.342,1.074,1.000,-3.785,-7.792,-0.2383,0.1601,-0.241,-0.241,0.720,2.345,1.415,0.433,0.0048,1.035,nan,0.00,1,1,1,0,1,0.0000,0.267,0,0.070,1,0.893,0,0,yolo,109.5,yolo,0,0,-1,0.096,1,0,0
1785654036.436,-5.263,0.400,9.847,0.9958,0,3.862,-0.255,3.767,0.2625,19.454,-1.281,0.929,1.000,-3.767,-9.125,-0.0455,0.9562,-0.272,-0.167,0.776,2.350,1.543,0.145,0.0047,0.907,nan,0.00,1,1,1,1,1,0.0000,0.285,0,0.100,0,0.849,0,0,yolo,107.1,yolo,0,0,-1,0.114,1,0,0
1785654036.467,-5.263,0.400,9.847,0.9958,0,3.242,-0.293,3.767,0.2459,19.454,-1.281,0.929,1.000,-3.767,-8.505,-0.1044,0.0000,-0.272,-0.272,0.776,2.350,1.543,0.107,0.0046,0.907,nan,0.00,1,1,1,0,1,0.0000,0.285,0,0.100,0,0.849,0,0,yolo,107.1,yolo,0,0,-1,0.137,1,0,0
1785654036.498,-5.656,0.342,9.525,0.9951,0,2.617,-0.117,3.767,0.2625,19.454,-1.281,0.929,1.000,-3.767,-8.273,-0.1389,0.0481,-0.306,-0.306,0.824,2.356,1.515,0.225,0.0045,0.935,nan,0.00,1,1,1,0,1,0.0000,0.190,0,0.100,1,0.806,0,0,yolo,107.1,yolo,0,0,-1,0.153,1,0,0
1785654036.528,-5.922,0.296,9.189,0.9946,0,2.145,0.029,3.767,0.2699,19.454,-1.281,0.929,1.000,-3.767,-8.067,-0.1744,0.0867,-0.342,-0.342,0.862,2.362,1.494,0.325,0.0044,0.956,nan,0.00,1,1,1,0,1,0.0000,0.190,0,0.100,1,0.806,0,0,yolo,107.1,yolo,0,0,-1,0.175,1,0,0
1785654036.565,-5.922,0.296,9.189,0.9946,0,0.645,-0.383,3.562,0.2865,19.118,-1.190,0.790,1.000,-3.562,-6.167,-0.5142,1.0958,-0.342,-0.303,0.862,2.362,1.640,-0.087,0.0043,0.810,nan,0.00,1,1,1,1,1,0.0000,0.244,0,0.032,1,0.796,0,0,yolo,115.5,yolo,0,0,-1,0.200,1,0,0
1785654036.606,-6.226,0.184,8.518,0.9941,0,1.589,0.005,3.562,0.2699,19.118,-1.190,0.790,1.000,-3.562,-7.815,-0.1113,0.0371,-0.415,-0.415,0.899,2.377,1.597,0.190,0.0042,0.853,nan,0.00,1,1,1,0,1,0.0000,0.244,0,0.032,1,0.796,0,0,yolo,115.5,yolo,0,0,-1,0.222,1,0,0
1785654036.639,-6.415,0.152,8.192,0.9937,0,1.089,0.112,3.562,0.2698,19.118,-1.190,0.790,1.000,-3.562,-7.504,-0.1505,0.0348,-0.454,-0.454,0.897,2.385,1.582,0.263,0.0042,0.868,nan,0.00,1,1,1,0,1,0.0000,0.259,0,0.057,1,0.754,0,0,yolo,115.5,yolo,0,0,-1,0.232,1,0,0
1785654036.670,-6.415,0.152,8.192,0.9937,0,2.589,-0.808,5.062,0.2865,19.840,-1.811,0.383,1.000,-5.215,-14.000,8.5882,2.0000,-0.454,0.968,0.897,2.385,1.919,-0.656,0.0041,0.531,nan,0.00,1,1,1,1,1,0.0000,0.259,0,0.057,1,0.754,0,0,yolo,111.7,yolo,0,0,-1,0.253,1,0,0
1785654036.705,-6.674,0.028,7.804,0.9932,0,1.089,-0.471,5.215,0.2699,19.840,-1.811,0.383,1.000,-5.215,-5.204,-1.4551,-0.0129,-0.487,-0.487,0.884,2.396,1.869,-0.443,0.0040,0.581,nan,0.00,1,1,1,0,1,0.0000,0.253,0,0.046,1,0.731,0,0,yolo,111.7,yolo,0,0,-1,0.268,1,0,0
1785654036.746,-6.777,-0.071,7.328,0.9930,0,-0.411,-0.192,5.215,0.2699,19.840,-1.811,0.383,1.000,-5.215,-5.053,-1.4841,-0.0290,-0.516,-0.516,0.868,2.408,1.831,-0.263,0.0040,0.619,nan,0.00,1,1,1,0,1,0.0000,0.253,0,0.046,1,0.731,0,0,yolo,111.7,yolo,0,0,-1,0.289,1,0,0
1785654036.777,-6.731,-0.147,6.833,0.9931,0,-1.911,-0.164,4.193,0.2713,19.058,-1.397,0.354,1.000,-4.193,-2.196,-2.5493,0.4088,-0.547,0.577,0.852,2.421,1.886,-0.311,0.0039,0.564,nan,0.00,1,1,1,1,1,0.0000,0.331,0,0.039,2,0.719,0,0,yolo,104.7,yolo,0,0,-1,0.315,1,0,0
1785654036.809,-6.545,-0.213,6.423,0.9935,0,-2.409,0.017,4.193,0.2696,19.058,-1.397,0.354,1.000,-4.193,-4.137,-1.1537,-0.0108,-0.577,-0.577,0.841,2.434,1.868,-0.196,0.0039,0.582,nan,0.00,1,1,1,0,1,0.0000,0.331,0,0.039,2,0.719,0,0,yolo,104.7,yolo,0,0,-1,0.336,1,0,0
1785654036.840,-6.543,-0.214,6.419,0.9935,0,-2.372,-0.096,4.193,0.2696,19.058,-1.397,0.354,1.000,-4.193,-4.171,-1.1540,-0.0109,-0.577,-0.577,0.841,2.434,1.868,-0.310,0.0038,0.582,nan,0.00,1,1,1,0,1,0.0000,0.323,0,0.029,2,0.696,0,0,yolo,104.7,yolo,0,0,-1,0.342,1,0,0
1785654036.869,-6.296,-0.268,6.029,0.9940,0,-0.872,-0.759,5.162,0.2862,20.136,-1.819,-0.041,1.000,-5.162,-14.000,5.1061,2.0000,-0.607,1.110,0.839,2.448,2.197,-1.027,0.0038,0.253,nan,0.00,1,1,1,1,1,0.0000,0.323,0,0.029,2,0.696,0,0,yolo,101.2,yolo,0,0,-1,0.362,1,0,0
1785654036.903,-6.231,-0.409,5.546,0.9941,0,-2.372,-0.373,5.162,0.2696,20.136,-1.819,-0.041,1.000,-5.162,-3.263,-1.7413,-0.0087,-0.631,-0.631,0.830,2.466,2.149,-0.783,0.0038,0.301,nan,0.00,1,1,1,0,1,0.0000,0.323,0,0.028,2,0.689,0,0,yolo,101.2,yolo,0,0,-1,0.308,1,0,0
1785654036.934,-5.987,-0.494,5.063,0.9945,0,-3.148,-0.142,5.162,0.2692,20.136,-1.819,-0.041,1.000,-5.162,-2.839,-1.7590,-0.0194,-0.649,-0.649,0.819,2.482,2.127,-0.636,0.0037,0.323,nan,0.00,1,1,1,0,1,0.0000,0.323,0,0.028,2,0.689,0,0,yolo,101.2,yolo,0,0,-1,0.262,1,0,0
1785654036.972,-5.987,-0.494,5.063,0.9945,0,-4.648,-0.342,3.704,0.2692,19.139,-1.239,0.006,1.000,-3.704,5.374,-3.6519,0.1721,-0.649,0.515,0.819,2.482,2.150,-0.836,0.0037,0.300,nan,0.00,1,1,1,1,1,0.0000,0.323,0,0.028,2,0.689,2,0,yolo,108.6,yolo,0,0,-1,0.223,1,0,0
1785654037.010,-5.710,-0.578,4.553,0.9950,0,-4.095,-0.058,3.704,0.2690,19.139,-1.239,0.006,1.000,-3.704,-1.614,-1.1828,-0.0103,-0.667,-0.667,0.809,2.501,2.128,-0.636,0.0037,0.322,nan,0.00,1,1,1,0,1,0.0000,0.324,0,0.030,2,0.681,0,0,yolo,108.6,yolo,0,0,-1,0.210,0,0,0
1785654037.046,-5.287,-0.612,4.236,0.9957,0,-3.950,0.071,3.704,0.2688,19.139,-1.239,0.006,1.000,-3.704,-1.337,-1.2043,-0.0172,-0.689,-0.689,0.802,2.517,2.126,-0.542,0.0036,0.324,nan,0.00,1,1,1,0,1,0.0000,0.324,0,0.030,2,0.681,3,0,yolo,108.6,yolo,0,0,-1,0.198,0,0,0
1785654037.087,-4.873,-0.637,3.874,0.9963,0,-2.450,-0.010,4.035,0.2855,20.267,-1.430,-0.385,1.000,-4.035,-14.000,1.1695,2.0000,-0.705,0.432,0.802,2.534,2.200,-0.647,0.0036,-0.037,nan,0.00,1,1,1,1,1,0.0000,0.242,0,0.029,1,0.676,0,0,yolo,112.1,yolo,0,0,-1,0.185,0,0,0
1785654037.126,-4.613,-0.676,3.455,0.9967,0,-2.350,0.126,4.035,0.2691,20.267,-1.430,-0.385,1.000,-4.035,-2.263,-1.1518,-0.0069,-0.720,-0.720,0.795,2.553,2.200,-0.550,0.0036,-0.030,nan,0.00,1,1,1,0,1,0.0000,0.325,0,0.032,2,0.679,0,0,yolo,112.1,yolo,0,0,-1,0.173,0,0,0
1785654037.153,-4.613,-0.676,3.455,0.9967,0,-2.420,-0.045,4.035,0.2691,20.267,-1.430,-0.385,1.000,-4.035,-2.193,-1.1518,-0.0069,-0.720,-0.720,0.795,2.553,2.200,-0.720,0.0036,-0.030,nan,0.00,1,1,1,0,1,0.0000,0.325,0,0.032,2,0.679,0,0,yolo,112.1,yolo,0,0,-1,0.161,0,0,0
1785654037.186,-4.365,-0.711,3.056,0.9970,0,-2.348,0.117,4.035,0.2682,20.267,-1.430,-0.385,1.000,-4.035,-2.017,-1.1634,-0.0219,-0.731,-0.731,0.780,2.571,2.200,-0.594,0.0036,-0.024,nan,0.00,1,1,1,0,1,0.0000,0.325,0,0.032,2,0.679,2,0,yolo,112.1,yolo,0,0,-1,0.148,0,2,0
1785654037.232,-4.110,-0.727,2.672,0.9973,0,-0.848,0.410,3.859,0.2848,21.166,-1.428,-0.695,1.000,-3.859,-9.214,-0.4858,2.0000,-0.741,0.109,0.765,2.589,2.127,-0.316,0.0037,-0.323,nan,0.00,1,1,1,1,1,0.0000,0.326,0,0.032,2,0.682,1,0,yolo,120.8,yolo,0,0,-1,0.288,1,0,0
1785654037.265,-3.826,-0.741,2.237,0.9977,0,0.172,0.544,3.859,0.2774,21.166,-1.428,-0.695,1.000,-3.859,-3.998,-0.8588,-0.0143,-0.750,-0.750,0.751,2.610,2.125,-0.197,0.0037,-0.325,nan,0.00,1,1,1,0,1,0.0000,0.328,0,0.035,2,0.689,3,0,yolo,120.8,yolo,0,0,-1,0.311,1,3,0
1785654037.305,-3.811,-0.708,1.814,0.9977,0,-0.073,0.628,3.859,0.2773,21.166,-1.428,-0.695,1.000,-3.859,-3.738,-0.8710,-0.0274,-0.762,-0.762,0.738,2.630,2.113,-0.080,0.0037,-0.337,nan,0.00,1,1,1,0,1,0.0000,0.326,0,0.033,2,0.694,0,0,yolo,120.8,yolo,0,0,-1,0.283,1,0,0
1785654037.352,-3.811,-0.708,1.810,0.9977,0,1.027,1.044,3.546,0.2939,21.902,-1.357,-0.941,1.000,-3.546,-4.839,-0.8986,1.8062,-0.762,-0.171,0.738,2.630,1.872,0.336,0.0038,-0.578,nan,0.00,1,1,1,1,1,0.0000,0.326,0,0.033,2,0.690,0,0,yolo,119.0,yolo,0,0,-1,0.218,1,0,0
1785654037.384,-3.783,-0.664,1.409,0.9978,0,0.077,1.150,3.546,0.2852,21.902,-1.357,-0.941,1.000,-3.546,-3.860,-0.6016,-0.0266,-0.773,-0.773,0.711,2.648,1.854,0.486,0.0039,-0.596,nan,0.00,1,1,1,0,1,0.0000,0.326,0,0.033,2,0.690,0,0,yolo,119.0,yolo,0,0,-1,0.197,1,0,0
1785654037.421,-3.782,-0.558,1.051,0.9978,0,-0.097,1.198,3.546,0.2848,21.902,-1.357,-0.941,1.000,-3.546,-3.685,-0.6145,-0.0626,-0.786,-0.786,0.675,2.663,1.814,0.640,0.0039,-0.636,nan,0.00,1,1,1,0,1,0.0000,0.247,0,0.036,1,0.668,0,0,yolo,119.0,yolo,0,0,-1,0.185,0,0,0
1785654037.450,-3.762,-0.462,0.732,0.9978,0,-1.597,1.727,2.957,0.3015,22.375,-1.156,-1.136,1.000,-2.957,3.833,-2.2988,2.0000,-0.798,-0.162,0.640,2.676,1.572,1.265,0.0040,-0.878,nan,0.00,1,1,1,1,1,0.0000,0.247,0,0.036,1,0.668,0,0,yolo,117.2,yolo,0,0,-1,0.174,0,0,0
1785654037.482,-3.762,-0.462,0.732,0.9978,0,-1.777,1.576,2.957,0.2951,22.375,-1.156,-1.136,1.000,-2.957,-1.986,-0.6357,0.0000,-0.798,-0.798,0.640,2.676,1.572,1.114,0.0041,-0.878,nan,0.00,1,1,1,0,1,0.0000,0.247,0,0.036,1,0.668,1,0,yolo,117.2,yolo,0,0,-1,0.162,0,1,0
1785654037.523,-3.546,-0.274,0.406,0.9981,0,-1.729,1.644,2.957,0.2952,22.375,-1.156,-1.136,1.000,-2.957,-1.817,-0.6481,-0.0506,-0.810,-0.810,0.590,2.689,1.494,1.370,0.0042,-0.956,nan,0.00,1,1,1,0,1,0.0000,0.326,0,0.032,2,0.666,0,0,yolo,117.2,yolo,0,0,-1,0.151,0,0,0
1785654037.560,-3.346,-0.106,0.094,0.9983,0,-3.229,2.208,2.092,0.3118,23.267,-0.850,-1.330,1.000,-2.092,8.209,-2.6366,2.0000,-0.821,-0.255,0.529,2.700,1.215,2.102,0.0042,-1.235,nan,0.00,1,1,1,1,1,0.0000,0.326,0,0.032,2,0.666,3,0,yolo,114.5,yolo,0,0,-1,0.139,0,3,0
1785654037.602,-2.967,0.133,-0.137,0.9987,0,-3.052,1.985,2.092,0.3054,23.267,-0.850,-1.330,1.000,-2.092,0.085,-0.5755,-0.0739,-0.830,-0.830,0.455,2.707,1.200,2.118,0.0042,-1.338,nan,0.00,1,1,1,0,1,0.0000,0.327,0,0.034,2,0.663,0,0,yolo,114.5,yolo,0,0,-1,0.127,0,0,0
1785654037.638,-2.655,0.328,-0.327,0.9989,0,-2.864,1.758,2.092,0.3041,23.267,-0.850,-1.330,1.000,-2.092,0.209,-0.5832,-0.1576,-0.838,-0.838,0.372,2.713,1.200,2.085,0.0042,-1.422,nan,0.00,1,1,1,0,1,0.0000,0.327,0,0.034,2,0.663,2,0,yolo,114.5,yolo,0,0,-1,0.116,0,0,0
1785654037.680,-2.358,0.501,-0.536,0.9991,0,-4.364,1.556,1.003,0.3208,23.443,-0.410,-1.461,1.000,-1.003,14.000,-4.4553,2.0000,-0.842,-0.702,0.277,2.717,1.200,2.058,0.0042,-1.648,nan,0.00,1,1,1,1,1,0.0000,0.330,0,0.038,2,0.680,0,0,yolo,113.3,yolo,0,0,-1,0.104,0,0,0
1785654037.716,-2.358,0.501,-0.536,0.9991,0,-3.190,1.477,1.003,0.3179,23.443,-0.410,-1.461,1.000,-1.003,0.832,-0.1407,0.0000,-0.842,-0.842,0.277,2.717,1.200,1.978,0.0042,-1.648,nan,0.00,1,1,1,0,1,0.0000,0.165,0,0.037,2,0.697,0,0,yolo,113.3,yolo,0,0,-1,0.093,0,-1,0
1785654037.756,-1.824,0.677,-0.651,0.9994,0,-2.755,1.281,1.003,0.3148,23.443,-0.410,-1.461,1.000,-1.003,0.931,-0.1456,-0.1177,-0.847,-0.847,0.159,2.720,1.200,1.958,0.0042,-1.724,nan,0.00,1,1,1,0,1,0.0000,0.330,0,0.037,2,0.697,0,0,yolo,113.3,yolo,0,0,-1,0.081,0,-1,0
1785654037.789,-1.533,0.824,-0.739,0.9995,0,-4.255,1.107,0.310,0.3314,24.596,-0.133,-1.543,1.000,-0.310,14.000,-2.9731,1.6886,-0.853,-0.924,0.027,2.722,1.200,1.931,0.0042,-1.892,nan,0.00,1,1,1,1,1,0.0000,0.167,0,0.043,2,0.705,0,0,yolo,112.2,yolo,0,0,-1,0.069,0,-1,0
1785654037.819,-1.057,0.940,-0.787,0.9997,0,-2.755,0.961,0.310,0.3208,24.596,-0.133,-1.543,1.000,-0.310,1.596,0.0693,-0.1285,-0.855,-0.855,-0.101,2.722,1.200,1.901,0.0042,-1.943,nan,0.00,1,1,1,0,1,0.0000,0.337,0,0.047,2,0.713,0,0,yolo,112.2,yolo,0,0,-1,0.058,0,-1,0
1785654037.850,-1.057,0.940,-0.787,0.9997,0,-2.707,0.932,0.310,0.3208,24.596,-0.133,-1.543,1.000,-0.310,1.650,0.0693,-0.1285,-0.855,-0.855,-0.101,2.722,1.200,1.872,0.0042,-1.943,nan,0.00,1,1,1,0,1,0.0000,0.171,0,0.054,2,0.726,0,0,yolo,112.2,yolo,0,0,-1,0.046,0,-1,0
1785654037.880,-0.772,1.051,-0.806,0.9997,0,-2.500,0.798,0.310,0.3155,24.596,-0.133,-1.543,1.000,-0.310,1.728,0.0665,-0.2788,-0.858,-0.858,-0.252,2.722,1.200,1.848,0.0042,-1.992,nan,0.00,1,1,1,0,1,0.0000,0.343,0,0.054,2,0.726,0,0,yolo,112.2,yolo,0,0,-1,0.035,0,-1,0
1785654037.908,-0.487,1.141,-0.840,0.9998,0,-1.000,0.690,1.810,0.3081,4.000,-1.536,0.000,0.233,-21.007,-8.498,-0.0000,-0.4018,-0.858,-0.858,-0.402,2.722,1.200,1.831,0.0042,-1.932,nan,0.00,0,1,0,1,1,0.0000,0.175,0,0.061,2,0.744,0,1,blueline,,BLUELINE,0,0,-1,0.023,0,-1,0
1785654037.937,-0.487,1.141,-0.840,0.9998,0,0.500,0.682,3.310,0.3064,4.000,-1.536,0.000,0.233,-21.007,-8.425,0.0000,-0.4018,-0.858,-0.858,-0.402,2.722,1.200,1.823,0.0042,-1.874,nan,0.00,0,1,0,0,1,0.0000,0.349,0,0.061,2,0.744,0,0,blueline,,BLUELINE,0,0,-1,0.012,0,-1,0
1785654037.972,-0.594,1.221,-1.214,0.9997,0,-0.641,0.654,4.810,0.2981,4.000,-1.079,0.000,0.233,-15.102,0.047,-4.1226,-0.5497,-0.843,-0.843,-0.550,2.726,1.200,1.875,0.0042,-1.818,nan,0.00,0,1,0,1,1,0.0000,0.240,0,0.106,2,0.757,0,0,blueline,,BLUELINE,0,0,0,0.000,0,-1,0
1785654038.002,-0.495,1.294,-1.767,0.9997,0,0.859,0.653,6.310,0.2910,4.000,-1.079,0.000,0.233,-15.102,-4.904,0.0232,-0.6713,-0.819,-0.819,-0.671,2.733,1.200,1.947,0.0042,-1.763,nan,0.00,0,1,0,0,1,0.0000,0.481,0,0.106,2,0.757,0,0,blueline,,BLUELINE,0,0,0,0.000,0,-1,0
1785654038.035,-0.495,1.294,-1.767,0.9997,0,-0.641,0.618,4.810,0.3076,24.762,0.783,-1.373,1.000,1.812,7.369,-0.0000,-0.0000,-0.819,-0.819,-0.671,2.733,1.200,1.912,0.0042,-1.939,nan,0.00,1,1,1,1,1,0.0000,0.399,0,0.124,1,0.784,0,1,yolo,119.2,yolo,0,0,0,0.000,0,-1,0
1785654038.062,-0.432,1.361,-2.260,0.9997,0,-2.141,0.600,3.310,0.3226,24.762,0.783,-1.373,1.000,1.812,7.194,0.0207,-0.1050,-0.799,-0.799,-0.776,2.738,1.200,1.961,0.0042,-1.967,nan,0.00,1,1,1,0,1,0.0000,0.399,0,0.124,1,0.784,0,0,yolo,119.2,yolo,0,0,0,0.000,0,-1,0
1785654038.102,-0.432,1.361,-2.260,0.9997,0,-3.641,0.565,1.810,0.3226,24.762,0.783,-1.373,1.000,1.812,7.194,0.0207,-0.1050,-0.799,-0.799,-0.776,2.738,1.200,1.926,0.0042,-1.967,nan,0.00,1,1,1,0,1,0.0000,0.300,0,0.124,0,0.788,0,0,yolo,119.2,yolo,0,0,0,0.000,0,-1,0
1785654038.142,0.247,1.494,-2.755,0.9997,0,-5.141,0.449,0.310,0.3059,24.945,0.815,-1.277,1.000,1.871,9.362,-0.3845,-0.6476,-0.781,-0.803,-0.982,2.741,1.200,1.942,0.0042,-1.924,nan,0.00,1,1,1,1,1,0.0000,0.201,0,0.127,1,0.814,0,0,yolo,123.9,yolo,0,0,0,0.000,0,-1,0
1785654038.173,0.247,1.494,-2.755,0.9997,0,-6.641,0.422,-1.190,0.3226,24.945,0.815,-1.277,1.000,1.871,7.254,0.0220,0.0000,-0.781,-0.781,-0.982,2.741,1.200,1.915,0.0042,-1.924,nan,0.00,1,1,1,0,1,0.0000,0.506,0,0.131,2,0.824,0,0,yolo,123.9,yolo,0,0,0,0.000,0,-1,0
1785654038.205,1.119,1.543,-2.682,0.9994,0,-6.176,0.303,-1.871,0.3203,24.945,0.815,-1.277,1.000,1.871,7.295,0.0171,-0.1349,-0.786,-0.786,-1.117,2.737,1.200,1.846,0.0042,-1.932,nan,0.00,1,1,1,0,1,0.0000,0.506,0,0.131,2,0.824,0,0,yolo,123.9,yolo,0,0,0,0.000,0,-1,0
1785654038.235,1.119,1.543,-2.682,0.9994,0,-6.176,0.302,-1.871,0.3203,24.945,0.815,-1.277,1.000,1.871,7.295,0.0171,-0.1349,-0.786,-0.786,-1.117,2.737,1.200,1.845,0.0042,-1.932,nan,0.00,1,1,1,0,1,0.0000,0.499,0,0.124,2,0.832,0,0,yolo,123.9,yolo,0,0,0,0.000,0,-1,0
1785654038.272,1.843,1.574,-2.442,0.9991,0,-5.487,0.190,-1.871,0.3036,24.945,0.815,-1.277,1.000,1.871,7.330,0.0129,-0.2921,-0.790,-0.790,-1.274,2.731,1.200,1.764,0.0042,-1.935,nan,0.00,1,1,1,0,1,0.0000,0.499,0,0.124,2,0.832,1,0,yolo,123.9,yolo,0,0,0,0.000,0,-1,0
1785654038.299,2.500,1.591,-2.248,0.9987,0,-4.797,0.117,-1.871,0.2869,24.945,0.815,-1.277,1.000,1.871,7.297,0.0170,-0.4326,-0.786,-0.786,-1.415,2.726,1.200,1.708,0.0042,-1.933,nan,0.00,1,1,1,0,1,0.0000,0.513,0,0.138,2,0.850,0,0,yolo,123.9,yolo,0,0,0,0.000,0,-1,0
1785654038.335,2.500,1.591,-2.248,0.9987,0,-4.797,0.149,-1.871,0.2703,24.945,0.815,-1.277,1.000,1.871,7.297,0.0170,-0.4326,-0.786,-0.786,-1.415,2.726,1.200,1.740,0.0042,-1.933,nan,0.00,1,1,1,0,1,0.0000,0.513,0,0.138,2,0.850,2,0,yolo,123.9,yolo,0,0,0,0.000,0,-1,0
1785654038.376,3.020,1.597,-2.066,0.9982,0,-4.211,0.098,-1.871,0.2687,24.945,0.815,-1.277,1.000,1.871,7.231,0.0247,-0.5263,-0.778,-0.778,-1.508,2.721,1.200,1.694,0.0042,-1.927,nan,0.00,1,1,1,0,1,0.0000,0.413,0,0.142,1,0.872,0,0,yolo,123.9,yolo,0,0,0,0.000,0,-1,0
1785654038.407,3.569,1.605,-1.872,0.9977,0,-3.571,0.054,-1.871,0.2688,24.945,0.815,-1.277,1.000,1.871,7.140,0.0355,-0.5763,-0.768,-0.768,-1.559,2.715,1.200,1.659,0.0042,-1.922,nan,0.00,1,1,1,0,1,0.0000,0.408,0,0.134,1,0.870,0,0,yolo,123.9,yolo,0,0,0,0.000,0,-1,0
1785654038.438,3.961,1.599,-1.684,0.9972,0,-3.039,0.032,-1.871,0.2689,24.945,0.815,-1.277,1.000,1.871,6.999,0.0522,-0.5850,-0.751,-0.751,-1.567,2.710,1.200,1.631,0.0042,-1.914,nan,0.00,1,1,1,0,1,0.0000,0.408,0,0.134,1,0.870,0,0,yolo,123.9,yolo,0,0,0,0.000,0,-1,0
1785654038.469,3.961,1.599,-1.684,0.9972,0,-3.039,0.076,-1.871,0.2689,24.945,0.815,-1.277,1.000,1.871,6.999,0.0522,-0.5850,-0.751,-0.751,-1.567,2.710,1.200,1.675,0.0042,-1.914,nan,0.00,1,1,1,0,1,0.0000,0.395,0,0.118,1,0.838,0,0,yolo,123.9,yolo,0,0,0,0.000,0,-1,0
1785654038.500,4.297,1.591,-1.503,0.9968,0,-1.539,0.054,-0.371,0.2689,13.111,-10.909,1.188,1.000,-25.000,-14.000,-0.0000,-0.0000,-0.732,-0.732,-1.543,2.706,1.200,1.645,0.0042,0.004,nan,0.00,1,1,1,1,1,0.0000,0.395,0,0.118,1,0.838,0,0,yolo,124.0,yolo,0,0,0,0.000,0,-1,0
1785654038.532,4.463,1.596,-1.456,0.9966,0,-0.039,0.051,1.129,0.2691,13.111,-10.909,1.188,1.000,-25.000,-14.000,-0.0000,-0.0000,-0.700,-0.700,-1.505,2.703,1.200,1.647,0.0042,-0.029,nan,0.00,1,1,1,1,1,0.0000,0.149,0,0.121,0,0.861,0,0,yolo,124.0,yolo,0,0,0,0.000,0,-1,0
1785654038.569,4.463,1.596,-1.456,0.9966,0,1.461,0.085,2.629,0.2691,13.111,-10.909,1.188,1.000,-25.000,-14.000,-0.0000,-0.0000,-0.700,-0.700,-1.505,2.703,1.200,1.681,0.0042,-0.029,nan,0.00,1,1,1,1,1,0.0000,0.298,0,0.121,0,0.861,2,0,yolo,124.0,yolo,0,0,0,0.000,0,-1,0
1785654038.602,4.463,1.614,-1.601,0.9966,0,2.961,0.086,4.129,0.2691,13.111,-10.909,1.188,1.000,-25.000,-14.000,-0.0000,-0.0000,-0.655,-0.655,-1.470,2.703,1.200,1.701,0.0042,-0.034,nan,0.00,1,1,1,1,1,0.0000,0.396,0,0.119,1,0.862,0,0,yolo,124.0,yolo,0,0,0,0.000,0,-1,0
1785654038.630,4.099,1.656,-2.038,0.9970,0,4.461,0.099,5.629,0.2525,13.150,-10.750,1.504,1.000,-25.000,-14.000,-0.0000,-1.9262,-0.592,-0.684,-1.452,2.706,1.200,1.755,0.0042,0.352,nan,0.00,1,1,1,1,1,0.0000,0.396,0,0.119,1,0.862,3,0,yolo,126.7,yolo,0,0,0,0.000,0,-1,0
1785654038.670,3.617,1.707,-2.629,0.9976,0,5.961,0.100,7.129,0.2568,13.150,-10.750,1.504,1.000,-25.000,-14.000,0.1590,0.0220,-0.525,-0.525,-1.430,2.710,1.200,1.807,0.0041,0.431,nan,0.00,1,1,1,0,1,0.0000,0.400,0,0.125,1,0.863,0,0,yolo,126.7,yolo,0,0,0,0.000,0,-1,0
1785654038.702,3.617,1.707,-2.629,0.9976,0,7.461,0.090,8.629,0.2568,13.150,-10.750,1.504,1.000,-25.000,-14.000,0.1590,0.0220,-0.525,-0.525,-1.430,2.710,1.200,1.797,0.0041,0.431,nan,0.00,1,1,1,0,1,0.0000,0.271,0,0.076,1,0.881,0,0,yolo,126.7,yolo,0,0,0,0.000,0,-1,0
1785654038.734,2.946,1.759,-3.356,0.9982,0,8.961,0.083,10.129,0.2543,13.150,-10.750,1.504,1.000,-25.000,-14.000,0.2308,0.0492,-0.453,-0.453,-1.402,2.713,1.200,1.841,0.0040,0.546,nan,0.00,1,1,1,0,1,0.0000,0.271,0,0.076,1,0.881,0,0,yolo,126.7,yolo,0,0,0,0.000,0,-1,0
1785654038.766,1.963,1.803,-4.342,0.9989,0,10.461,0.080,11.629,0.2377,13.134,-10.661,1.771,1.000,-25.000,-14.000,-0.0000,-2.0000,-0.372,-0.623,-1.370,2.718,1.200,1.883,0.0039,0.991,nan,0.00,1,1,1,1,1,0.0000,0.397,0,0.121,1,0.867,0,0,yolo,115.1,yolo,0,0,0,0.000,0,-1,0
1785654038.801,0.799,1.840,-5.565,0.9994,0,11.961,0.071,12.000,0.2346,13.134,-10.661,1.771,1.000,-25.000,-14.000,0.3384,0.0565,-0.285,-0.285,-1.313,2.722,1.200,1.911,0.0039,1.200,nan,0.00,1,1,1,0,1,0.0000,0.273,0,0.080,1,0.869,0,0,yolo,115.1,yolo,0,0,0,0.000,0,-1,0
1785654038.829,0.799,1.840,-5.565,0.9994,0,13.461,0.039,12.000,0.2346,13.134,-10.661,1.771,1.000,-25.000,-14.000,0.3384,0.0565,-0.285,-0.285,-1.313,2.722,1.200,1.879,0.0039,1.200,nan,0.00,1,1,1,0,1,0.0000,0.273,0,0.080,1,0.869,0,0,yolo,115.1,yolo,0,0,0,0.000,0,-1,0
1785654038.861,-0.476,1.850,-6.723,0.9994,0,13.524,0.035,12.000,0.2179,13.311,-10.617,1.985,1.000,-25.000,-14.000,-0.0000,-2.0000,-0.210,-0.448,-1.236,2.724,1.200,1.885,0.0039,1.643,nan,0.00,1,1,1,1,1,0.0000,0.274,0,0.082,1,0.858,0,0,yolo,113.4,yolo,0,0,0,0.000,0,-1,0
1785654038.892,-1.941,1.828,-7.877,0.9989,0,12.059,0.044,12.000,0.2150,13.311,-10.617,1.985,1.000,-25.000,-14.000,0.3027,0.0972,-0.145,-0.145,-1.139,2.725,1.200,1.872,0.0039,1.918,nan,0.00,1,1,1,0,1,0.0000,0.268,0,0.072,1,0.845,0,0,yolo,113.4,yolo,0,0,0,0.000,0,-1,0
1785654038.929,-1.941,1.828,-7.877,0.9989,0,12.059,0.026,12.000,0.2150,13.311,-10.617,1.985,1.000,-25.000,-14.000,0.3027,0.0972,-0.145,-0.145,-1.139,2.725,1.200,1.854,0.0039,1.918,nan,0.00,1,1,1,0,1,0.0000,0.251,0,0.043,1,0.872,0,0,yolo,113.4,yolo,0,0,0,0.000,0,-1,0
1785654038.961,-3.222,1.779,-9.042,0.9979,0,10.778,0.061,12.000,0.2182,13.311,-10.617,1.985,1.000,-25.000,-14.000,0.3529,0.2182,-0.095,-0.095,-1.018,2.725,1.200,1.841,0.0039,2.164,nan,0.00,1,1,1,0,1,0.0000,0.174,0,0.060,2,0.882,0,0,yolo,113.4,yolo,0,0,0,0.000,0,-1,0
1785654039.006,-4.408,1.710,-10.099,0.9966,0,9.592,0.117,12.000,0.2015,13.381,-10.339,2.078,1.000,-25.000,-14.000,-0.0000,-1.8069,-0.059,-0.478,-0.891,2.724,1.200,1.827,0.0039,2.466,nan,0.00,1,1,1,1,1,0.0000,0.348,0,0.060,2,0.882,1,0,yolo,116.7,yolo,0,0,0,0.000,0,-1,0
1785654039.035,-5.480,1.625,-11.156,0.9950,0,8.520,0.193,12.000,0.2148,13.381,-10.339,2.078,1.000,-25.000,-14.000,0.4435,0.1284,-0.035,-0.035,-0.762,2.724,1.200,1.819,0.0039,2.675,nan,0.00,1,1,1,0,1,0.0000,0.356,0,0.071,2,0.880,0,0,yolo,116.7,yolo,0,0,0,0.000,0,-1,0
1785654039.071,-6.419,1.524,-12.333,0.9934,0,7.581,0.294,12.000,0.2217,13.381,-10.339,2.078,1.000,-25.000,-14.000,0.4582,0.2729,-0.020,-0.020,-0.618,2.724,1.200,1.818,0.0039,2.863,nan,0.00,1,1,1,0,1,0.0000,0.356,0,0.070,2,0.934,0,0,yolo,116.7,yolo,0,0,0,0.000,0,-1,0
1785654039.101,-7.263,1.417,-13.483,0.9917,0,6.737,0.408,12.000,0.2050,13.570,-9.824,2.002,1.000,-25.000,-14.000,-0.0000,-0.2829,-0.014,-0.138,-0.489,2.725,1.200,1.826,0.0039,2.892,nan,0.00,1,1,1,1,1,0.0000,0.356,0,0.070,2,0.934,0,0,yolo,118.9,yolo,0,0,0,0.000,0,-1,0
1785654039.126,-7.263,1.417,-13.483,0.9917,0,6.737,0.404,12.000,0.2097,13.570,-9.824,2.002,1.000,-25.000,-14.000,0.1234,0.0000,-0.014,-0.014,-0.489,2.725,1.200,1.822,0.0039,2.892,nan,0.00,1,1,1,0,1,0.0000,0.171,0,0.053,2,0.894,0,0,yolo,118.9,yolo,0,0,0,0.000,0,-1,0
1785654039.158,-7.973,1.313,-14.564,0.9901,0,6.027,0.525,12.000,0.2155,13.570,-9.824,2.002,1.000,-25.000,-14.000,0.1221,0.1207,-0.016,-0.016,-0.368,2.726,1.200,1.838,0.0039,3.034,nan,0.00,1,1,1,0,1,0.0000,0.343,0,0.053,2,0.894,0,0,yolo,118.9,yolo,0,0,0,0.000,0,-1,0
1785654039.189,-8.685,1.195,-15.769,0.9883,0,5.315,0.669,12.000,0.2218,13.570,-9.824,2.002,1.000,-25.000,-14.000,0.1136,0.2501,-0.024,-0.024,-0.239,2.729,1.200,1.864,0.0039,3.179,nan,0.00,1,1,1,0,1,0.0000,0.326,0,0.032,2,0.856,0,0,yolo,118.9,yolo,0,0,0,0.000,0,-1,0
1785654039.220,-8.685,1.195,-15.769,0.9883,0,5.315,0.656,12.000,0.2384,13.467,-8.917,1.757,1.000,-25.000,-14.000,-0.0000,2.0000,-0.024,-0.177,-0.239,2.729,1.200,1.851,0.0039,2.802,nan,0.00,1,1,1,1,1,0.0000,0.326,0,0.032,2,0.856,0,0,yolo,118.4,yolo,0,0,0,0.000,0,-1,0
1785654039.253,-9.323,1.078,-16.980,0.9866,0,4.677,0.810,12.000,0.2218,13.467,-8.917,1.757,1.000,-25.000,-14.000,0.1389,0.1283,-0.039,-0.039,-0.111,2.732,1.200,1.888,0.0039,2.924,nan,0.00,1,1,1,0,1,0.0000,0.326,0,0.033,2,0.836,0,0,yolo,118.4,yolo,0,0,0,0.000,0,-1,0
1785654039.284,-9.865,0.968,-18.144,0.9851,0,4.135,0.959,12.000,0.2224,13.467,-8.917,1.757,1.000,-25.000,-14.000,0.1203,0.2475,-0.057,-0.057,0.008,2.736,1.200,1.926,0.0039,3.031,nan,0.00,1,1,1,0,1,0.0000,0.326,0,0.033,2,0.836,0,0,yolo,118.4,yolo,0,0,0,0.000,0,-1,0
1785654039.315,-9.865,0.968,-18.144,0.9851,0,4.135,0.933,12.000,0.2224,13.467,-8.917,1.757,1.000,-25.000,-14.000,0.1203,0.2475,-0.057,-0.057,0.008,2.736,1.200,1.901,0.0039,3.031,nan,0.00,1,1,1,0,1,0.0000,0.165,0,0.038,2,0.812,0,0,yolo,118.4,yolo,0,0,0,0.000,0,-1,0
1785654039.345,-10.386,0.854,-19.406,0.9835,0,3.614,1.102,12.000,0.2390,13.754,-8.166,1.535,1.000,-25.000,-14.000,-0.0000,2.0000,-0.082,-0.841,0.136,2.742,1.200,1.956,0.0039,2.777,nan,0.00,1,1,1,1,1,0.0000,0.330,0,0.038,2,0.812,0,0,yolo,121.4,yolo,0,0,0,0.000,0,-1,0
1785654039.377,-10.776,0.764,-20.467,0.9823,0,3.224,1.234,12.000,0.2224,13.754,-8.166,1.535,1.000,-25.000,-14.000,0.7360,0.0927,-0.105,-0.105,0.229,2.747,1.200,1.997,0.0039,2.852,nan,0.00,1,1,1,0,1,0.0000,0.468,0,0.093,2,0.792,0,0,yolo,121.4,yolo,0,0,0,0.000,0,-1,0
1785654039.413,-11.125,0.677,-21.537,0.9811,0,2.875,1.362,12.000,0.2203,13.754,-8.166,1.535,1.000,-25.000,-14.000,0.7108,0.1827,-0.130,-0.130,0.319,2.753,1.200,2.039,0.0039,2.919,nan,0.00,1,1,1,0,1,0.0000,0.468,0,0.093,2,0.792,2,0,yolo,121.4,yolo,0,0,0,0.000,0,-1,0
1785654039.454,-11.450,0.591,-22.550,0.9800,0,2.550,1.489,12.000,0.2370,14.037,-7.437,1.335,1.000,-25.000,-14.000,-0.0000,2.0000,-0.156,-0.464,0.405,2.760,1.200,2.079,0.0039,2.640,nan,0.00,1,1,1,1,1,0.0000,0.478,0,0.103,2,0.749,0,0,yolo,116.4,yolo,0,0,0,0.000,0,-1,0
1785654039.485,-11.745,0.513,-23.670,0.9790,0,2.255,1.613,12.000,0.2203,14.037,-7.437,1.335,1.000,-25.000,-14.000,0.2787,0.0949,-0.185,-0.185,0.500,2.768,1.200,2.126,0.0039,2.695,nan,0.00,1,1,1,0,1,0.0000,0.493,0,0.118,2,0.739,0,0,yolo,116.4,yolo,0,0,0,0.000,0,-1,0
1785654039.516,-11.745,0.513,-23.670,0.9790,0,2.255,1.551,12.000,0.2167,14.037,-7.437,1.335,1.000,-25.000,-14.000,0.2787,0.0949,-0.185,-0.185,0.500,2.768,1.200,2.064,0.0039,2.695,nan,0.00,1,1,1,0,1,0.0000,0.493,0,0.118,2,0.739,0,0,yolo,116.4,yolo,0,0,0,0.000,0,-1,0
1785654039.547,-12.027,0.436,-24.905,0.9780,0,1.973,1.702,12.000,0.2220,14.037,-7.437,1.335,1.000,-25.000,-14.000,0.2459,0.2033,-0.218,-0.218,0.609,2.776,1.200,2.137,0.0039,2.748,nan,0.00,1,1,1,0,1,0.0000,0.495,0,0.120,2,0.731,0,0,yolo,116.4,yolo,0,0,0,0.000,0,-1,0
1785654039.593,-12.247,0.370,-26.002,0.9772,0,1.753,2.630,12.000,0.2386,14.838,-6.709,1.181,1.000,-24.330,-14.000,-1.3011,2.0000,-0.247,-0.192,0.705,2.785,1.200,3.000,0.0039,2.481,nan,0.00,1,1,1,1,1,0.0000,0.243,0,0.110,2,0.716,0,0,yolo,111.0,yolo,0,0,0,0.000,0,-1,0
1785654039.632,-12.445,0.394,-27.126,0.9765,0,1.555,2.606,12.000,0.2220,14.838,-6.709,1.181,1.000,-24.330,-14.000,-0.0852,0.0893,-0.277,-0.277,0.795,2.792,1.200,3.000,0.0039,2.497,nan,0.00,1,1,1,0,1,0.0000,0.250,0,0.126,2,0.718,0,0,yolo,111.0,yolo,0,0,0,0.000,0,-1,0
1785654039.672,-12.636,0.407,-28.332,0.9758,0,0.055,2.593,12.000,0.2386,15.253,-5.794,1.051,1.000,-20.799,14.000,-14.0993,2.0000,-0.310,-1.147,0.896,2.799,1.200,3.000,0.0039,2.185,nan,0.00,1,1,1,1,1,0.0000,0.250,0,0.126,2,0.718,0,0,yolo,112.1,yolo,0,0,0,0.000,0,-1,0
1785654039.703,-12.683,0.418,-29.482,0.9756,0,1.317,2.582,12.000,0.2553,15.253,-5.794,1.051,1.000,-20.799,-14.000,0.8092,0.0954,-0.338,-0.338,0.991,2.806,1.200,3.000,0.0039,2.187,nan,0.00,1,1,1,0,1,0.0000,0.490,0,0.115,2,0.705,0,0,yolo,112.1,yolo,0,0,0,0.000,0,-1,0
1785654039.735,-12.683,0.418,-29.482,0.9756,0,1.317,2.582,12.000,0.2720,15.253,-5.794,1.051,1.000,-20.799,-14.000,0.8092,0.0954,-0.338,-0.338,0.991,2.806,1.200,3.000,0.0039,2.187,nan,0.00,1,1,1,0,1,0.0000,0.490,0,0.115,2,0.705,0,0,yolo,112.1,yolo,0,0,0,0.000,0,-1,0
1785654039.766,-12.859,0.428,-30.690,0.9749,0,1.141,2.572,12.000,0.2748,15.253,-5.794,1.051,1.000,-20.799,-14.000,0.7783,0.1732,-0.369,-0.369,1.069,2.813,1.200,3.000,0.0039,2.200,nan,0.00,1,1,1,0,1,0.0000,0.491,0,0.116,2,0.705,0,0,yolo,112.1,yolo,0,0,0,0.000,0,-1,0
1785654039.796,-13.006,0.438,-31.932,0.9743,0,-0.359,2.562,12.000,0.2915,15.602,-4.904,0.971,1.000,-17.450,-5.450,-6.8394,2.0000,-0.400,-0.787,1.133,2.819,1.200,3.000,0.0039,1.930,nan,0.00,1,1,1,1,1,0.0000,0.247,0,0.118,2,0.705,0,0,yolo,114.6,yolo,0,0,0,0.000,0,-1,0
1785654039.829,-12.971,0.447,-33.185,0.9745,0,1.029,2.553,12.000,0.2749,15.602,-4.904,0.971,1.000,-17.450,-14.000,0.3612,0.0330,-0.426,-0.426,1.166,2.825,1.200,3.000,0.0039,1.925,nan,0.00,1,1,1,0,1,0.0000,0.246,0,0.117,2,0.710,0,0,yolo,114.6,yolo,0,0,0,0.000,0,-1,0
1785654039.861,-12.971,0.447,-33.185,0.9745,0,1.029,2.553,12.000,0.2749,15.602,-4.904,0.971,1.000,-17.450,-14.000,0.3612,0.0330,-0.426,-0.426,1.166,2.825,1.200,3.000,0.0039,1.925,nan,0.00,1,1,1,0,1,0.0000,0.246,0,0.117,2,0.710,0,0,yolo,114.6,yolo,0,0,0,0.000,0,-1,0
1785654039.892,-13.127,0.451,-34.422,0.9738,0,0.873,2.549,12.000,0.2751,15.602,-4.904,0.971,1.000,-17.450,-14.000,0.3317,0.0433,-0.455,-0.455,1.176,2.832,1.200,3.000,0.0039,1.936,nan,0.00,1,1,1,0,1,0.0000,0.250,0,0.126,2,0.726,0,0,yolo,114.6,yolo,0,0,0,0.000,0,-1,0
1785654039.923,-13.234,0.453,-35.647,0.9734,0,-0.627,2.547,12.000,0.2918,16.183,-3.923,0.950,1.000,-13.627,9.596,-8.1004,1.8080,-0.483,-0.627,1.167,2.838,1.200,3.000,0.0039,1.695,nan,0.00,1,1,1,1,1,0.0000,0.501,0,0.126,2,0.726,0,0,yolo,112.2,yolo,0,0,0,0.000,0,-1,0
1785654039.954,-13.234,0.453,-35.647,0.9734,0,0.766,2.547,12.000,0.2752,16.183,-3.923,0.950,1.000,-13.627,-14.000,0.1440,0.0000,-0.483,-0.483,1.167,2.838,1.200,3.000,0.0039,1.695,nan,0.00,1,1,1,0,1,0.0000,0.503,0,0.128,2,0.734,0,0,yolo,112.2,yolo,0,0,0,0.000,0,-1,0
1785654039.985,-13.336,0.452,-36.904,0.9730,0,0.664,2.548,12.000,0.2754,16.183,-3.923,0.950,1.000,-13.627,-14.000,0.1172,-0.0231,-0.510,-0.510,1.144,2.845,1.200,3.000,0.0039,1.702,nan,0.00,1,1,1,0,1,0.0000,0.503,0,0.128,2,0.734,0,0,yolo,112.2,yolo,0,0,0,0.000,0,-1,0
1785654040.016,-13.417,0.450,-38.050,0.9727,0,-0.836,2.550,10.500,0.2920,16.767,-2.797,0.989,1.000,-9.470,14.000,-12.1630,2.0000,-0.533,-1.029,1.118,2.851,1.200,3.000,0.0039,1.480,nan,0.00,1,1,1,1,1,0.0000,0.507,0,0.132,2,0.745,0,0,yolo,111.6,yolo,0,0,0,0.000,0,-1,0
1785654040.052,-13.417,0.450,-38.050,0.9727,0,0.583,2.550,9.470,0.2755,16.767,-2.797,0.989,1.000,-9.470,-14.000,0.4961,0.0000,-0.533,-0.533,1.118,2.851,1.200,3.000,0.0039,1.480,nan,0.00,1,1,1,0,1,0.0000,0.507,0,0.132,2,0.745,1,0,yolo,111.6,yolo,0,0,0,0.000,0,-1,0
1785654040.086,-13.329,0.483,-39.097,0.9730,0,0.671,2.517,9.470,0.2754,16.767,-2.797,0.989,1.000,-9.470,-14.000,0.4706,-0.0293,-0.558,-0.558,1.089,2.857,1.200,3.000,0.0039,1.466,nan,0.00,1,1,1,0,1,0.0000,0.507,0,0.132,2,0.743,2,0,yolo,111.6,yolo,0,0,0,0.000,0,-1,0
1785654040.133,-13.427,0.547,-40.037,0.9726,0,-0.829,2.453,7.970,0.2920,17.332,-1.707,1.055,1.000,-5.625,14.000,-8.7231,1.5646,-0.593,-1.110,1.061,2.861,1.200,3.000,0.0039,1.257,nan,0.00,1,1,1,1,1,0.0000,0.511,0,0.136,2,0.745,0,0,yolo,115.6,yolo,0,0,0,0.000,0,-1,0
1785654040.171,-13.511,0.601,-40.990,0.9723,0,-0.106,2.399,6.470,0.2756,17.332,-1.707,1.055,1.000,-5.625,-13.405,0.4843,-0.0264,-0.626,-0.626,1.034,2.865,1.207,3.000,0.0039,1.243,nan,0.00,1,1,1,0,1,0.0000,0.511,0,0.136,2,0.745,0,0,yolo,115.6,yolo,0,0,0,0.000,0,-1,0
1785654040.201,-13.501,0.711,-41.705,0.9723,0,-0.545,2.289,5.625,0.2756,17.332,-1.707,1.055,1.000,-5.625,-12.957,0.4391,-0.0540,-0.671,-0.671,1.007,2.867,1.241,3.000,0.0039,1.209,nan,0.00,1,1,1,0,1,0.0000,0.515,0,0.140,2,0.756,0,0,yolo,115.6,yolo,0,0,0,0.000,0,-1,0
1785654040.234,-13.452,0.841,-42.237,0.9725,0,-0.968,2.159,5.625,0.2755,17.332,-1.707,1.055,1.000,-5.625,-12.484,0.3915,-0.0806,-0.719,-0.719,0.980,2.866,1.281,3.000,0.0039,1.169,nan,0.00,1,1,1,0,1,0.0000,0.521,0,0.146,2,0.781,0,0,yolo,115.6,yolo,0,0,0,0.000,0,-1,0
1785654040.266,-13.452,0.841,-42.237,0.9725,0,-2.468,2.159,4.125,0.2922,17.854,-0.441,1.160,1.000,-1.415,14.000,-9.8413,1.5028,-0.719,-1.773,0.980,2.866,1.481,3.000,0.0038,0.969,nan,0.00,1,1,1,1,1,0.0000,0.521,0,0.146,2,0.790,0,0,yolo,117.1,yolo,0,0,0,0.000,0,-1,0
1785654040.296,-13.364,0.940,-42.794,0.9728,0,-3.968,2.060,2.625,0.2755,17.854,-0.441,1.160,1.000,-1.415,-4.957,1.0144,-0.0206,-0.759,-0.759,0.960,2.866,1.513,3.000,0.0037,0.937,nan,0.00,1,1,1,0,1,0.0000,0.521,0,0.146,2,0.790,0,0,yolo,117.1,yolo,0,0,0,0.000,0,-1,0
1785654040.332,-12.919,1.089,-43.128,0.9745,0,-5.468,1.911,1.415,0.2746,17.854,-0.441,1.160,1.000,-1.415,-4.530,0.9709,-0.0440,-0.802,-0.802,0.936,2.861,1.560,3.000,0.0036,0.890,nan,0.00,1,1,1,0,1,0.0000,0.521,0,0.146,2,0.790,1,0,yolo,117.1,yolo,0,0,0,0.000,0,-1,0
1785654040.364,-12.369,1.265,-43.245,0.9766,0,-6.968,1.735,-0.085,0.2913,18.162,0.880,1.307,1.000,2.774,14.000,-13.2766,2.0000,-0.846,-3.149,0.911,2.854,1.763,3.000,0.0036,0.687,nan,0.00,1,1,1,1,1,0.0000,0.520,0,0.145,2,0.789,2,0,yolo,104.7,yolo,0,0,0,0.000,0,-1,0
1785654040.398,-12.369,1.265,-43.245,0.9766,0,-8.468,1.735,-1.585,0.2746,18.162,0.880,1.307,1.000,2.774,-0.594,2.3031,0.0000,-0.846,-0.846,0.911,2.854,1.763,3.000,0.0035,0.687,nan,0.00,1,1,1,0,1,0.0000,0.517,0,0.142,2,0.792,1,0,yolo,104.7,yolo,0,0,0,0.000,0,-1,0
1785654040.437,-11.659,1.442,-43.277,0.9791,0,-9.968,1.558,-2.774,0.2732,18.162,0.880,1.307,1.000,2.774,-0.219,2.2644,-0.0324,-0.885,-0.885,0.878,2.844,1.805,3.000,0.0034,0.645,nan,0.00,1,1,1,0,1,0.0000,0.517,0,0.142,2,0.802,0,0,yolo,104.7,yolo,0,0,0,0.000,0,-1,0
1785654040.468,-10.902,1.622,-43.268,0.9816,0,-11.468,1.378,-4.274,0.2898,18.397,1.898,1.423,1.000,5.891,14.000,-15.0118,1.9199,-0.918,-4.406,0.841,2.833,1.933,3.000,0.0034,0.517,nan,0.00,1,1,1,1,1,0.0000,0.517,0,0.142,2,0.802,0,0,yolo,105.6,yolo,0,0,0,0.000,0,-1,0
1785654040.499,-9.749,1.815,-42.932,0.9851,0,-11.572,1.185,-5.774,0.2732,18.397,1.898,1.423,1.000,5.891,1.823,3.4558,-0.0417,-0.950,-0.950,0.800,2.816,1.953,3.000,0.0033,0.497,nan,0.00,1,1,1,0,1,0.0000,0.209,0,0.147,1,0.846,0,0,yolo,105.6,yolo,0,0,0,0.000,0,-1,0
1785654040.530,-8.586,2.026,-42.391,0.9882,0,-10.738,0.974,-5.891,0.2565,18.397,1.898,1.423,1.000,5.891,2.152,3.4215,-0.0829,-0.984,-0.984,0.759,2.794,1.978,3.000,0.0033,0.472,nan,0.00,1,1,1,0,1,0.0000,0.209,0,0.147,1,0.846,0,0,yolo,105.6,yolo,0,0,0,0.000,0,-1,0
1785654040.562,-7.509,2.213,-41.876,0.9907,0,-12.238,-0.526,-7.391,0.2678,18.581,2.914,1.552,1.000,8.914,14.000,-7.3538,0.2488,-1.011,-4.179,0.728,2.773,1.814,-0.169,0.0033,0.439,nan,0.00,1,1,1,1,1,0.0000,0.411,0,0.139,1,0.855,0,0,yolo,98.5,yolo,0,0,0,0.000,0,-1,0
1785654040.593,-7.487,2.217,-41.865,0.9907,0,-13.738,-2.026,-8.891,0.2564,18.581,2.914,1.552,1.000,8.914,10.985,3.1681,-0.0002,-1.011,-1.011,0.728,2.772,1.814,-0.005,0.0032,0.439,nan,0.00,1,1,1,0,1,0.0000,0.411,0,0.139,1,0.855,0,0,yolo,98.5,yolo,0,0,0,0.000,0,-1,0
1785654040.624,-6.314,2.237,-41.275,0.9932,0,-15.238,-2.288,-8.914,0.2539,18.581,2.914,1.552,1.000,8.914,11.161,3.1495,-0.0037,-1.030,-1.030,0.725,2.752,1.771,-0.051,0.0032,0.496,nan,0.00,1,1,1,0,1,0.0000,0.399,0,0.124,1,0.827,0,0,yolo,98.5,yolo,0,0,0,0.000,0,-1,0
1785654040.661,-4.607,2.069,-40.359,0.9961,0,-16.738,-1.703,-10.414,0.2372,18.201,3.633,1.597,1.000,11.289,14.000,-5.6576,-1.1017,-1.043,-3.703,0.742,2.728,1.540,0.366,0.0031,0.642,nan,0.00,1,1,1,1,1,0.0000,0.399,0,0.124,1,0.827,3,0,yolo,103.5,yolo,0,0,0,0.000,0,-1,0
1785654040.700,-2.758,1.974,-39.293,0.9982,0,-16.758,-1.568,-11.289,0.2456,18.201,3.633,1.597,1.000,11.289,14.000,2.6564,0.0442,-1.047,-1.047,0.786,2.702,1.456,0.406,0.0030,0.793,nan,0.00,1,1,1,0,1,0.0000,0.269,0,0.074,1,0.794,0,0,yolo,103.5,yolo,0,0,0,0.000,0,-1,0
1785654040.731,-1.034,1.861,-38.240,0.9993,0,-15.258,-1.361,-11.289,0.2623,18.201,3.633,1.597,1.000,11.289,14.000,2.6664,0.0995,-1.037,-1.037,0.842,2.677,1.374,0.501,0.0029,0.940,nan,0.00,1,1,1,0,1,0.0000,0.346,0,0.057,2,0.791,0,0,yolo,103.5,yolo,0,0,0,0.000,0,-1,0
1785654040.757,-1.034,1.861,-38.240,0.9993,0,-15.034,-1.054,-12.000,0.2790,18.609,4.322,1.588,1.000,13.076,14.000,-17.4154,1.0540,-1.037,-5.516,0.842,2.677,1.342,0.808,0.0028,0.904,nan,0.00,1,1,1,1,1,0.0000,0.346,0,0.057,2,0.791,0,0,yolo,99.5,yolo,0,0,0,0.000,0,-1,0
1785654040.794,0.551,1.766,-37.112,0.9995,0,-13.534,-0.974,-12.000,0.2670,18.609,4.322,1.588,1.000,13.076,14.000,4.4983,0.0424,-1.018,-1.018,0.884,2.653,1.280,0.792,0.0028,1.055,nan,0.00,1,1,1,0,1,0.0000,0.249,0,0.040,1,0.740,0,0,yolo,99.5,yolo,0,0,0,0.000,0,-1,0
1785654040.825,2.189,1.625,-35.821,0.9989,0,-12.034,-0.815,-12.000,0.2671,18.609,4.322,1.588,1.000,13.076,14.000,4.5329,0.0876,-0.983,-0.983,0.929,2.627,1.211,0.810,0.0028,1.223,nan,0.00,1,1,1,0,1,0.0000,0.249,0,0.040,1,0.740,0,0,yolo,99.5,yolo,0,0,0,0.000,0,-1,0
1785654040.866,2.189,1.625,-35.821,0.9989,0,-11.811,-0.597,-12.000,0.2671,18.609,4.322,1.588,1.000,13.076,14.000,4.5329,0.0876,-0.983,-0.983,0.929,2.627,1.211,1.029,0.0028,1.223,nan,0.00,1,1,1,0,1,0.0000,0.328,0,0.035,2,0.713,0,0,yolo,99.5,yolo,0,0,0,0.000,0,-1,0
1785654040.904,3.782,1.452,-34.528,0.9975,0,-10.311,-0.552,-12.000,0.2675,18.328,4.588,1.502,1.000,14.054,14.000,-2.3469,-0.8445,-0.936,-4.022,0.962,2.603,1.200,0.900,0.0028,1.336,nan,0.00,1,1,1,1,1,0.0000,0.328,0,0.035,2,0.713,0,0,yolo,116.6,yolo,0,0,0,0.000,0,-1,0
1785654040.937,5.295,1.256,-33.001,0.9955,0,-8.811,-0.489,-12.000,0.2680,18.328,4.588,1.502,1.000,14.054,14.000,3.1488,-0.0108,-0.873,-0.873,0.951,2.580,1.200,0.768,0.0028,1.516,nan,0.00,1,1,1,0,1,0.0000,0.330,0,0.038,2,0.698,0,0,yolo,116.6,yolo,0,0,0,0.000,0,-1,0
1785654040.968,5.295,1.256,-33.001,0.9955,0,-8.705,-0.284,-12.000,0.2680,18.328,4.588,1.502,1.000,14.054,14.000,3.1488,-0.0108,-0.873,-0.873,0.951,2.580,1.200,0.972,0.0028,1.516,nan,0.00,1,1,1,0,1,0.0000,0.330,0,0.038,2,0.698,0,0,yolo,116.6,yolo,0,0,0,0.000,0,-1,0
1785654041.003,6.492,1.075,-31.576,0.9934,0,-7.508,-0.208,-12.000,0.2686,18.328,4.588,1.502,1.000,14.054,14.000,3.2125,-0.0193,-0.809,-0.809,0.943,2.561,1.200,0.867,0.0028,1.667,nan,0.00,1,1,1,0,1,0.0000,0.330,0,0.038,2,0.698,3,0,yolo,116.6,yolo,0,0,0,0.000,0,-1,0
1785654041.046,7.544,0.870,-30.144,0.9912,0,-6.456,-0.035,-12.000,0.2692,18.985,4.835,1.198,1.000,14.288,14.000,-0.5811,0.9916,-0.741,-2.953,0.936,2.546,1.200,0.835,0.0028,1.534,nan,0.00,1,1,1,1,1,0.0000,0.576,0,0.105,3,0.631,0,0,yolo,135.3,yolo,0,0,0,0.000,0,-1,0
1785654041.083,7.544,0.870,-30.144,0.9912,0,-6.456,0.124,-12.000,0.2692,18.985,4.835,1.198,1.000,14.288,14.000,2.2120,0.0000,-0.741,-0.741,0.936,2.546,1.200,0.994,0.0028,1.534,nan,0.00,1,1,1,0,1,0.0000,0.496,0,0.121,2,0.622,0,0,yolo,135.3,yolo,0,0,0,0.000,0,-1,0
1785654041.109,8.469,0.678,-28.679,0.9890,0,-5.531,0.280,-12.000,0.2698,18.985,4.835,1.198,1.000,14.288,14.000,2.2864,-0.0052,-0.667,-0.667,0.931,2.535,1.200,0.959,0.0028,1.673,nan,0.00,1,1,1,0,1,0.0000,0.496,0,0.121,2,0.622,0,0,yolo,135.3,yolo,0,0,0,0.000,0,-1,0
1785654041.145,8.469,0.678,-28.679,0.9890,0,-5.531,0.384,-12.000,0.2865,18.829,4.595,0.793,1.000,13.713,14.000,1.4176,2.0000,-0.667,-1.778,0.931,2.535,1.204,1.062,0.0028,1.238,nan,0.00,1,1,1,1,1,0.0000,0.496,0,0.121,2,0.622,2,0,yolo,117.9,yolo,0,0,0,0.000,0,-1,0
1785654041.186,9.209,0.501,-27.315,0.9871,0,-4.791,0.568,-12.000,0.2703,18.829,4.595,0.793,1.000,13.713,14.000,1.1812,-0.0046,-0.597,-0.597,0.926,2.529,1.200,1.069,0.0028,1.353,nan,0.00,1,1,1,0,1,0.0000,0.200,0,0.126,1,0.611,0,0,yolo,117.9,yolo,0,0,0,0.000,0,-1,0
1785654041.223,9.886,0.336,-25.876,0.9851,0,-4.114,0.769,-12.000,0.2709,18.829,4.595,0.793,1.000,13.713,14.000,1.2550,-0.0098,-0.523,-0.523,0.921,2.526,1.200,1.105,0.0028,1.459,nan,0.00,1,1,1,0,1,0.0000,0.654,0,0.170,2,0.576,0,0,yolo,117.9,yolo,0,0,0,0.000,0,-1,0
1785654041.265,10.394,0.200,-24.615,0.9836,0,-3.606,0.873,-12.000,0.2875,19.031,4.337,0.445,1.000,12.838,14.000,2.9066,2.0000,-0.459,-0.810,0.916,2.527,1.241,1.073,0.0028,1.154,nan,0.00,1,1,1,1,1,0.0000,0.654,0,0.170,2,0.576,0,0,yolo,115.7,yolo,0,0,0,0.000,0,-1,0
1785654041.297,8.552,0.334,-24.675,0.9889,0,-5.106,2.373,-12.000,0.2709,19.031,4.337,0.445,1.000,12.838,14.000,0.4779,-0.4587,-0.333,-0.333,0.457,2.707,1.319,3.314,0.0027,0.974,nan,0.00,1,1,1,0,1,0.0000,0.657,0,0.173,2,0.565,0,0,yolo,115.7,yolo,0,0,0,0.000,0,-1,0
1785654041.328,8.552,0.334,-24.675,0.9889,0,-5.448,2.427,-12.000,0.2542,19.031,4.337,0.445,1.000,12.838,14.000,0.4779,-0.4587,-0.333,-0.333,0.457,2.707,1.319,2.761,0.0026,0.974,nan,0.00,1,1,1,0,1,0.0000,0.496,0,0.121,2,0.574,0,0,yolo,115.7,yolo,0,0,0,0.000,0,-1,0
1785654041.358,9.399,0.385,-24.619,0.9866,0,-3.948,3.927,-11.099,0.2709,19.506,3.826,0.095,1.000,11.099,-3.080,5.9213,2.0000,-0.133,0.287,-0.158,2.902,1.581,4.312,0.0026,0.588,nan,0.00,1,1,1,1,1,0.0000,0.496,0,0.121,2,0.574,0,0,yolo,114.8,yolo,0,0,0,0.000,0,-1,0
1785654041.393,9.399,0.385,-24.619,0.9866,0,-4.601,3.024,-11.099,0.2542,19.506,3.826,0.095,1.000,11.099,14.000,-0.4201,0.0000,-0.133,-0.133,-0.158,2.902,1.581,3.409,0.0025,0.588,nan,0.00,1,1,1,0,1,0.0000,0.496,0,0.121,2,0.574,1,0,yolo,114.8,yolo,0,0,0,0.000,0,-1,0
1785654041.421,8.039,-0.565,-24.524,0.9901,0,-5.961,4.524,-11.099,0.2375,19.506,3.826,0.095,1.000,11.099,14.000,-0.2380,-0.5711,0.049,0.049,-0.730,3.132,1.446,6.000,0.0024,0.822,nan,0.00,1,1,1,0,1,0.0000,0.358,0,0.072,2,0.567,0,0,yolo,114.8,yolo,0,0,0,0.000,0,-1,0
1785654041.452,8.039,-0.565,-24.524,0.9901,0,-5.961,5.557,-11.099,0.2209,19.506,3.826,0.095,1.000,11.099,14.000,-0.2380,-0.5711,0.049,0.049,-0.730,3.132,1.446,4.992,0.0024,0.822,nan,0.00,1,1,1,0,1,0.0000,0.328,0,0.034,2,0.509,0,0,yolo,114.8,yolo,0,0,0,0.000,0,-1,0
1785654041.485,7.698,-0.574,-24.528,0.9909,0,-4.461,6.574,-9.599,0.2375,20.103,3.317,-0.254,1.000,9.370,-11.485,6.0655,2.0000,0.240,1.096,-1.272,3.366,1.815,6.000,0.0023,0.394,nan,0.00,1,1,1,1,1,0.0000,0.328,0,0.034,2,0.509,0,0,yolo,121.3,yolo,0,0,0,0.000,0,-1,0
1785654041.514,7.822,-0.361,-24.467,0.9907,0,-5.961,6.361,-9.370,0.2542,20.103,3.317,-0.254,1.000,9.370,14.000,-0.7212,-0.1027,0.374,0.374,-1.375,3.446,1.864,6.000,0.0023,0.327,nan,0.00,1,1,1,0,1,0.0000,0.329,0,0.036,2,0.516,0,0,yolo,121.3,yolo,0,0,0,0.000,0,-1,0
1785654041.552,7.822,-0.361,-24.467,0.9907,0,-6.178,6.361,-9.370,0.2542,20.103,3.317,-0.254,1.000,9.370,14.000,-0.7212,-0.1027,0.374,0.374,-1.375,3.446,1.864,6.000,0.0022,0.327,nan,0.00,1,1,1,0,1,0.0000,0.324,0,0.030,2,0.510,0,0,yolo,121.3,yolo,0,0,0,0.000,0,-1,1
1785654041.584,8.827,0.541,-23.895,0.9881,0,-5.173,5.459,-9.370,0.2641,20.103,3.317,-0.254,1.000,9.370,14.000,-0.6417,-0.0706,0.454,0.454,-1.343,3.537,1.919,6.000,0.0022,0.069,nan,0.00,1,1,1,0,1,0.0000,0.327,0,0.033,2,0.505,0,0,yolo,121.3,yolo,0,0,0,0.000,0,-1,0
1785654041.623,10.239,1.590,-22.550,0.9837,0,-3.673,4.410,-8.634,0.2707,19.772,3.002,-0.563,1.000,8.634,8.954,1.5238,2.0000,0.485,1.174,-1.359,3.628,1.731,6.000,0.0023,-0.569,nan,0.00,1,1,1,1,1,0.0000,0.327,0,0.033,2,0.505,0,0,yolo,116.5,yolo,0,0,0,0.000,0,-1,0
1785654041.654,11.281,2.323,-21.208,0.9799,0,-2.719,3.677,-8.634,0.2718,19.772,3.002,-0.563,1.000,8.634,14.000,-0.6442,-0.0212,0.530,0.530,-1.380,3.681,1.577,6.000,0.0024,-0.766,nan,0.00,1,1,1,0,1,0.0000,0.324,0,0.030,2,0.507,0,0,yolo,116.5,yolo,0,0,0,0.000,0,-1,0
1785654041.685,11.291,2.329,-21.195,0.9798,0,-2.709,3.671,-8.634,0.2719,19.772,3.002,-0.563,1.000,8.634,14.000,-0.6438,-0.0213,0.530,0.530,-1.380,3.682,1.576,6.000,0.0025,-0.768,nan,0.00,1,1,1,0,1,0.0000,0.324,0,0.030,2,0.507,0,0,yolo,116.5,yolo,0,0,0,0.000,0,-1,0
1785654041.731,12.026,2.880,-20.255,0.9768,0,-1.209,3.120,-7.629,0.2728,19.722,2.642,-0.779,1.000,7.629,-0.882,3.4599,2.0000,0.584,0.619,-1.389,3.694,1.241,6.000,0.0025,-1.202,nan,0.00,1,1,1,1,1,0.0000,0.322,0,0.027,2,0.539,0,0,yolo,110.4,yolo,0,0,0,0.000,0,-1,0
1785654041.762,12.491,3.279,-19.401,0.9747,0,-1.509,2.721,-7.629,0.2734,19.722,2.642,-0.779,1.000,7.629,14.000,0.0158,0.0008,0.634,0.634,-1.388,3.694,1.200,6.000,0.0025,-1.317,nan,0.00,1,1,1,0,1,0.0000,0.248,0,0.039,1,0.579,0,0,yolo,110.4,yolo,0,0,0,0.000,0,-1,0
1785654041.794,12.491,3.279,-19.401,0.9747,0,-1.509,2.721,-7.629,0.2734,19.722,2.642,-0.779,1.000,7.629,14.000,0.0158,0.0008,0.634,0.634,-1.388,3.694,1.200,6.000,0.0025,-1.317,nan,0.00,1,1,1,0,1,0.0000,0.256,0,0.052,1,0.618,0,0,yolo,110.4,yolo,0,0,0,0.000,0,-1,0
1785654041.831,13.012,3.626,-18.477,0.9724,0,-0.009,2.374,-7.385,0.2740,18.938,2.455,-0.793,1.000,7.385,11.917,0.6050,0.7534,0.693,0.786,-1.389,3.690,1.200,6.000,0.0025,-1.418,nan,0.00,1,1,1,1,1,0.0000,0.323,0,0.029,2,0.646,0,0,yolo,114.2,yolo,0,0,0,0.000,0,-1,0
1785654041.871,13.279,3.887,-17.611,0.9710,0,-0.721,2.113,-7.385,0.2744,18.938,2.455,-0.793,1.000,7.385,14.000,-0.0292,-0.0040,0.757,0.757,-1.393,3.682,1.200,6.000,0.0025,-1.492,nan,0.00,1,1,1,0,1,0.0000,0.329,0,0.036,2,0.659,0,0,yolo,114.2,yolo,0,0,0,0.000,0,0,0
1785654041.903,13.635,4.095,-16.717,0.9693,0,-0.365,1.905,-7.385,0.2749,18.938,2.455,-0.793,1.000,7.385,14.000,0.0393,-0.0113,0.826,0.826,-1.400,3.673,1.200,6.000,0.0025,-1.544,nan,0.00,1,1,1,0,1,0.0000,0.329,0,0.036,2,0.659,0,0,yolo,114.2,yolo,0,0,0,0.000,0,0,0
1785654041.935,13.867,4.232,-15.913,0.9682,0,1.135,1.768,-6.124,0.2582,17.683,1.897,-0.573,1.000,6.124,-8.263,3.8913,-1.3809,0.890,0.854,-1.408,3.665,1.200,6.000,0.0025,-1.406,nan,0.00,1,1,1,1,1,0.0000,0.330,0,0.037,2,0.686,0,0,yolo,114.6,yolo,0,0,0,0.000,0,0,0
1785654041.965,13.867,4.232,-15.913,0.9682,0,2.635,1.768,-6.124,0.2749,17.683,1.897,-0.573,1.000,6.124,10.844,0.0356,0.0000,0.890,0.890,-1.408,3.665,1.200,6.000,0.0025,-1.406,nan,0.00,1,1,1,0,1,0.0000,0.336,0,0.045,2,0.705,0,0,yolo,114.6,yolo,0,0,0,0.000,0,0,0
1785654041.997,13.693,4.372,-15.215,0.9687,0,3.670,1.628,-6.124,0.2750,17.683,1.897,-0.573,1.000,6.124,10.023,0.1191,-0.0103,0.973,0.973,-1.419,3.655,1.200,6.000,0.0025,-1.455,nan,0.00,1,1,1,0,1,0.0000,0.336,0,0.045,2,0.705,0,0,yolo,114.6,yolo,0,0,0,0.000,0,0,0
1785654042.029,13.693,4.372,-15.215,0.9687,0,3.670,1.628,-6.124,0.2750,17.683,1.897,-0.573,1.000,6.124,10.023,0.1191,-0.0103,0.973,0.973,-1.419,3.655,1.200,6.000,0.0025,-1.455,nan,0.00,1,1,1,0,1,0.0000,0.491,0,0.116,2,0.736,0,0,yolo,114.6,yolo,0,0,0,0.000,0,0,0
1785654042.074,13.182,4.587,-13.962,0.9705,0,5.170,1.413,-4.813,0.2715,18.512,1.559,-0.208,1.000,4.813,-6.846,3.1767,-0.9502,1.127,0.649,-1.442,3.635,1.200,6.000,0.0025,-1.328,nan,0.00,1,1,1,1,1,0.0000,0.260,0,0.059,1,0.772,0,0,yolo,109.8,yolo,0,0,0,0.000,0,0,0
1785654042.110,13.177,4.589,-13.950,0.9705,0,6.670,1.411,-4.813,0.2745,18.512,1.559,-0.208,1.000,4.813,4.415,0.4801,-0.0002,1.129,1.129,-1.442,3.635,1.200,6.000,0.0025,-1.329,nan,0.00,1,1,1,0,1,0.0000,0.260,0,0.059,1,0.772,1,0,yolo,109.8,yolo,0,0,0,0.000,0,-1,0
1785654042.136,12.456,4.689,-13.400,0.9732,0,8.170,1.311,-4.813,0.2738,18.512,1.559,-0.208,1.000,4.813,3.506,0.5744,-0.0153,1.223,1.223,-1.457,3.622,1.200,6.000,0.0025,-1.381,nan,0.00,1,1,1,0,1,0.0000,0.401,0,0.127,1,0.767,0,0,yolo,109.8,yolo,0,0,0,0.000,0,-1,0
1785654042.167,12.456,4.689,-13.400,0.9732,0,9.670,1.311,-3.313,0.2571,19.131,1.086,0.204,1.000,3.249,-14.000,5.2216,-2.0000,1.223,0.891,-1.457,3.622,1.318,6.000,0.0025,-1.132,nan,0.00,1,1,1,1,1,0.0000,0.260,0,0.058,1,0.791,0,0,yolo,114.3,yolo,0,0,0,0.000,0,-1,0
1785654042.197,11.629,4.781,-12.907,0.9761,0,11.170,1.219,-3.249,0.2730,19.131,1.086,0.204,1.000,3.249,0.152,0.4190,-0.0146,1.310,1.310,-1.472,3.609,1.272,6.000,0.0025,-1.178,nan,0.00,1,1,1,0,1,0.0000,0.258,0,0.055,1,0.800,0,0,yolo,114.3,yolo,0,0,0,0.000,0,-1,0
1785654042.229,10.744,4.883,-12.381,0.9789,0,11.394,1.117,-3.249,0.2722,19.131,1.086,0.204,1.000,3.249,-0.650,0.5036,-0.0299,1.394,1.394,-1.487,3.597,1.222,6.000,0.0025,-1.228,nan,0.00,1,1,1,0,1,0.0000,0.258,0,0.055,1,0.800,0,0,yolo,114.3,yolo,0,0,0,0.000,0,-1,0
1785654042.261,10.744,4.883,-12.381,0.9789,0,11.394,1.117,-3.249,0.2722,19.131,1.086,0.204,1.000,3.249,-0.650,0.5036,-0.0299,1.394,1.394,-1.487,3.597,1.222,6.000,0.0025,-1.228,nan,0.00,1,1,1,0,1,0.0000,0.388,0,0.110,1,0.791,0,0,yolo,114.3,yolo,0,0,0,0.000,0,-1,0
1785654042.298,9.542,4.985,-12.057,0.9824,0,12.894,1.015,-1.951,0.2555,19.553,0.666,0.548,1.000,1.951,-14.000,3.3233,-1.3260,1.480,1.123,-1.499,3.583,1.399,6.000,0.0025,-1.051,nan,0.00,1,1,1,1,1,0.0000,0.253,0,0.047,1,0.811,0,0,yolo,113.2,yolo,0,0,0,0.000,0,-1,0
1785654042.339,8.171,5.081,-11.830,0.9860,0,12.346,0.919,-1.951,0.2702,19.553,0.666,0.548,1.000,1.951,-4.174,0.4383,0.0041,1.561,1.561,-1.495,3.566,1.353,6.000,0.0025,-1.097,nan,0.00,1,1,1,0,1,0.0000,0.255,0,0.050,1,0.799,0,0,yolo,113.2,yolo,0,0,0,0.000,0,-1,0
1785654042.371,6.790,5.187,-11.638,0.9889,0,11.665,0.813,-1.951,0.2694,19.553,0.666,0.548,1.000,1.951,-4.875,0.5128,0.0102,1.636,1.636,-1.489,3.546,1.303,6.000,0.0025,-1.147,nan,0.00,1,1,1,0,1,0.0000,0.255,0,0.050,1,0.799,0,0,yolo,113.2,yolo,0,0,0,0.000,0,-1,0
1785654042.418,5.524,5.272,-11.425,0.9911,0,13.165,0.728,-0.964,0.2528,19.578,0.329,0.820,1.000,0.964,-14.000,3.3716,-1.9289,1.692,1.430,-1.482,3.527,1.495,6.000,0.0025,-0.955,nan,0.00,1,1,1,1,1,0.0000,0.331,0,0.039,2,0.808,0,0,yolo,112.8,yolo,0,0,0,0.000,0,-1,0
1785654042.450,5.524,5.272,-11.425,0.9911,0,11.847,0.728,-0.964,0.2690,19.578,0.329,0.820,1.000,0.964,-6.324,0.2617,0.0000,1.692,1.692,-1.482,3.527,1.495,6.000,0.0026,-0.955,nan,0.00,1,1,1,0,1,0.0000,0.330,0,0.038,2,0.803,0,0,yolo,112.8,yolo,0,0,0,0.000,0,-1,0
1785654042.481,3.964,5.360,-11.312,0.9932,0,10.819,0.640,-0.964,0.2686,19.578,0.329,0.820,1.000,0.964,-6.856,0.3184,0.0237,1.749,1.749,-1.458,3.504,1.459,6.000,0.0027,-0.991,nan,0.00,1,1,1,0,1,0.0000,0.329,0,0.037,2,0.800,0,0,yolo,112.8,yolo,0,0,0,0.000,0,-1,0
1785654042.513,2.773,5.442,-11.229,0.9943,0,12.319,0.558,0.179,0.2519,18.821,-0.059,0.928,1.000,-0.179,-14.000,3.7542,-1.2681,1.787,1.810,-1.432,3.480,1.585,6.000,0.0028,-0.865,nan,0.00,1,1,1,1,1,0.0000,0.329,0,0.037,2,0.800,0,0,yolo,110.3,yolo,0,0,0,0.000,0,-1,0
1785654042.552,2.773,5.442,-11.229,0.9943,0,11.251,0.558,0.179,0.2684,18.821,-0.059,0.928,1.000,-0.179,-8.479,-0.0235,0.0000,1.787,1.787,-1.432,3.480,1.585,6.000,0.0029,-0.865,nan,0.00,1,1,1,0,1,0.0000,0.325,0,0.031,2,0.798,0,0,yolo,110.3,yolo,0,0,0,0.000,0,-1,0
1785654042.591,1.313,5.513,-11.232,0.9951,0,10.128,0.487,0.179,0.2683,18.821,-0.059,0.928,1.000,-0.179,-8.815,0.0117,0.0242,1.822,1.822,-1.408,3.453,1.564,6.000,0.0030,-0.886,nan,0.00,1,1,1,0,1,0.0000,0.245,0,0.034,1,0.793,0,0,yolo,110.3,yolo,0,0,0,0.000,0,0,0
1785654042.622,0.003,5.589,-11.276,0.9952,0,11.628,0.411,1.016,0.2516,18.283,-0.324,1.047,1.000,-1.016,-14.000,2.0035,-1.1057,1.845,1.866,-1.382,3.424,1.712,6.000,0.0031,-0.738,nan,0.00,1,1,1,1,1,0.0000,0.330,0,0.037,2,0.803,0,0,yolo,120.2,yolo,0,0,0,0.000,0,-1,0
1785654042.652,-1.286,5.636,-11.362,0.9949,0,10.128,0.364,1.016,0.2683,18.283,-0.324,1.047,1.000,-1.016,-11.135,-0.0068,0.0246,1.859,1.859,-1.357,3.397,1.704,6.000,0.0032,-0.746,nan,0.00,1,1,1,0,1,0.0000,0.330,0,0.037,2,0.803,0,0,yolo,120.2,yolo,0,0,1,0.014,1,0,0
1785654042.689,-1.286,5.636,-11.362,0.9949,0,9.757,0.364,1.016,0.2686,18.283,-0.324,1.047,1.000,-1.016,-11.043,-0.0068,0.0246,1.859,1.859,-1.357,3.397,1.704,6.000,0.0032,-0.746,nan,0.00,1,1,1,0,1,0.0000,0.330,0,0.037,2,0.803,1,0,yolo,120.2,yolo,0,0,1,0.029,1,0,0
1785654042.731,-2.520,5.684,-11.490,0.9941,0,8.492,0.316,1.016,0.2689,18.283,-0.324,1.047,1.000,-1.016,-11.012,-0.0049,0.0526,1.861,1.861,-1.329,3.364,1.695,6.000,0.0033,-0.755,nan,0.00,1,1,1,0,1,0.0000,0.336,0,0.045,2,0.805,0,0,yolo,120.2,yolo,0,0,1,0.036,1,0,0
1785654042.767,-3.639,5.725,-11.590,0.9930,0,9.992,0.275,1.839,0.2619,19.842,-0.637,1.274,1.000,-1.839,-14.000,2.1373,-0.6122,1.851,1.932,-1.315,3.335,1.776,6.000,0.0034,-0.674,nan,0.00,1,1,1,1,1,0.0000,0.254,0,0.048,1,0.799,0,0,yolo,123.4,yolo,0,0,1,0.024,0,0,0
1785654042.810,-4.844,5.744,-11.779,0.9914,0,8.492,0.256,1.839,0.2697,19.842,-0.637,1.274,1.000,-1.839,-11.773,-0.0961,0.0174,1.836,1.836,-1.298,3.303,1.781,6.000,0.0034,-0.669,nan,0.00,1,1,1,0,1,0.0000,0.263,0,0.063,1,0.813,0,0,yolo,123.4,yolo,0,0,1,0.047,1,0,0
1785654042.841,-5.848,5.759,-11.989,0.9898,0,6.992,0.241,1.839,0.2703,19.842,-0.637,1.274,1.000,-1.839,-11.450,-0.1212,0.0337,1.811,1.811,-1.281,3.270,1.785,6.000,0.0035,-0.665,nan,0.00,1,1,1,0,1,0.0000,0.263,0,0.063,1,0.813,0,0,yolo,123.4,yolo,0,0,1,0.062,1,0,0
1785654042.873,-5.848,5.759,-11.989,0.9898,0,8.152,0.241,2.289,0.2536,20.820,-0.832,1.440,1.000,-2.289,-14.000,1.6373,-0.8547,1.811,1.894,-1.281,3.270,1.870,6.000,0.0036,-0.580,nan,0.00,1,1,1,1,1,0.0000,0.258,0,0.056,1,0.814,0,0,yolo,113.3,yolo,0,0,1,0.077,1,0,0
1785654042.904,-6.629,5.770,-12.163,0.9883,0,6.652,0.230,2.289,0.2703,20.820,-0.832,1.440,1.000,-2.289,-11.949,-0.1156,0.0040,1.779,1.779,-1.277,3.240,1.875,6.000,0.0036,-0.575,nan,0.00,1,1,1,0,1,0.0000,0.258,0,0.056,1,0.814,0,0,yolo,113.3,yolo,0,0,1,0.092,1,0,0
1785654042.935,-7.484,5.779,-12.354,0.9864,0,5.152,0.221,2.289,0.2714,20.820,-0.832,1.440,1.000,-2.289,-11.661,-0.1549,0.0065,1.739,1.739,-1.275,3.209,1.882,6.000,0.0037,-0.568,nan,0.00,1,1,1,0,1,0.0000,0.260,0,0.059,1,0.810,0,0,yolo,113.3,yolo,0,0,1,0.080,1,0,0
1785654042.971,-7.484,5.779,-12.354,0.9864,0,6.516,0.221,2.492,0.2547,21.831,-0.950,1.630,1.000,-2.492,-14.000,1.1559,-1.5159,1.739,1.815,-1.275,3.209,1.983,6.000,0.0037,-0.467,nan,0.00,1,1,1,1,1,0.0000,0.263,0,0.063,1,0.810,0,0,yolo,110.2,yolo,0,0,1,0.138,1,0,0
1785654043.011,-8.770,5.765,-12.803,0.9833,0,5.016,-1.279,2.492,0.2714,21.831,-0.950,1.630,1.000,-2.492,-11.368,-0.1509,0.0050,1.665,1.665,-1.270,3.154,2.004,3.000,0.0038,-0.446,nan,0.00,1,1,1,0,1,0.0000,0.353,0,0.066,2,0.810,0,0,yolo,110.2,yolo,0,0,1,0.121,0,0,0
1785654043.042,-8.770,5.765,-12.803,0.9833,0,3.516,-2.765,2.492,0.2724,21.831,-0.950,1.630,1.000,-2.492,-11.458,-0.1509,0.0050,1.665,1.665,-1.270,3.154,2.004,3.000,0.0038,-0.446,nan,0.00,1,1,1,0,1,0.0000,0.353,0,0.066,2,0.810,0,0,yolo,110.2,yolo,0,0,1,0.104,0,0,0
1785654043.079,-9.158,5.414,-12.991,0.9828,0,2.016,-2.414,2.459,0.2557,22.634,-0.972,1.776,1.000,-2.459,-10.943,-0.0785,-1.2643,1.618,1.491,-1.260,3.124,2.200,3.000,0.0038,-0.235,nan,0.00,1,1,1,1,1,0.0000,0.269,0,0.073,1,0.811,2,0,yolo,104.7,yolo,0,0,1,0.089,1,2,0
1785654043.120,-9.402,5.148,-13.180,0.9826,0,2.438,-2.148,2.459,0.2724,22.634,-0.972,1.776,1.000,-2.459,-11.840,0.0771,0.0200,1.568,1.568,-1.240,3.098,2.200,3.000,0.0038,-0.127,nan,0.00,1,1,1,0,1,0.0000,0.270,0,0.074,1,0.812,0,0,yolo,104.7,yolo,0,0,1,0.124,1,0,0
1785654043.151,-9.718,4.891,-13.380,0.9821,0,1.630,-1.891,2.459,0.2727,22.634,-0.972,1.776,1.000,-2.459,-11.349,0.0238,0.0427,1.515,1.515,-1.217,3.074,2.200,3.000,0.0038,-0.022,nan,0.00,1,1,1,0,1,0.0000,0.276,0,0.084,1,0.804,0,0,yolo,104.7,yolo,0,0,1,0.128,1,0,0
1785654043.183,-9.718,4.891,-13.380,0.9821,0,0.130,-1.891,2.229,0.2561,23.167,-0.902,1.897,1.000,-2.229,4.408,-2.7830,-1.8306,1.515,1.253,-1.217,3.074,2.200,3.000,0.0038,0.039,nan,0.00,1,1,1,1,1,0.0000,0.276,0,0.084,1,0.804,0,0,yolo,109.2,yolo,0,0,1,0.142,1,0,0
1785654043.214,-9.932,4.651,-13.587,0.9818,0,1.376,-1.651,2.229,0.2690,23.167,-0.902,1.897,1.000,-2.229,-11.308,0.2065,0.0097,1.460,1.460,-1.207,3.053,2.200,3.000,0.0038,0.139,nan,0.00,1,1,1,0,1,0.0000,0.277,0,0.087,1,0.790,0,0,yolo,109.2,yolo,0,0,1,0.141,1,0,0
1785654043.246,-10.123,4.438,-13.777,0.9815,0,0.627,-1.438,2.229,0.2668,23.167,-0.902,1.897,1.000,-2.229,-10.751,0.1496,0.0185,1.403,1.403,-1.198,3.035,2.200,3.000,0.0038,0.227,nan,0.00,1,1,1,0,1,0.0000,0.277,0,0.087,1,0.790,0,0,yolo,109.2,yolo,0,0,1,0.154,1,0,0
1785654043.277,-10.260,4.247,-13.950,0.9813,0,-0.106,-1.247,2.229,0.2644,23.167,-0.902,1.897,1.000,-2.229,-10.154,0.0948,0.0185,1.348,1.348,-1.198,3.020,2.144,3.000,0.0038,0.306,nan,0.00,1,1,1,0,1,0.0000,0.278,0,0.088,1,0.786,0,0,yolo,109.2,yolo,0,0,1,0.178,1,0,0
1785654043.307,-10.261,4.245,-13.952,0.9813,0,-1.606,-1.245,1.850,0.2477,23.662,-0.764,2.004,1.000,-1.850,-2.024,-1.1758,-0.3389,1.347,1.161,-1.198,3.020,2.099,3.000,0.0037,0.351,nan,0.00,1,1,1,1,1,0.0000,0.278,0,0.088,1,0.786,0,0,yolo,105.1,yolo,0,0,1,0.192,1,0,0
1785654043.343,-10.097,4.079,-14.113,0.9820,0,-1.051,-1.079,1.850,0.2607,23.662,-0.764,2.004,1.000,-1.850,-9.045,0.1265,0.0204,1.287,1.287,-1.178,3.007,2.031,3.000,0.0037,0.419,nan,0.00,1,1,1,0,1,0.0000,0.277,0,0.086,1,0.791,0,0,yolo,105.1,yolo,0,0,1,0.182,1,0,0
1785654043.374,-10.027,3.935,-14.262,0.9824,0,-1.404,-0.935,1.850,0.2600,23.662,-0.764,2.004,1.000,-1.850,-8.623,0.0708,0.0463,1.232,1.232,-1.152,2.996,1.972,3.000,0.0037,0.478,nan,0.00,1,1,1,0,1,0.0000,0.277,0,0.086,1,0.791,2,0,yolo,105.1,yolo,0,0,1,0.169,0,0,0
1785654043.417,-9.903,3.804,-14.422,0.9829,0,-2.904,-0.804,1.185,0.2680,24.235,-0.501,2.013,1.000,-1.185,8.976,-2.8114,0.2106,1.178,0.808,-1.122,2.986,1.993,3.000,0.0036,0.457,nan,0.00,1,1,1,1,1,0.0000,0.276,0,0.085,1,0.775,0,0,yolo,105.7,yolo,0,0,1,0.157,0,0,0
1785654043.448,-9.903,3.804,-14.422,0.9829,0,-1.602,-0.804,1.185,0.2583,24.235,-0.501,2.013,1.000,-1.185,-8.301,0.3704,0.0000,1.178,1.178,-1.122,2.986,1.993,3.000,0.0036,0.457,nan,0.00,1,1,1,0,1,0.0000,0.276,0,0.085,1,0.787,0,0,yolo,105.7,yolo,0,0,1,0.145,0,0,0
1785654043.479,-9.763,3.663,-14.597,0.9835,0,-1.869,-0.663,1.185,0.2579,24.235,-0.501,2.013,1.000,-1.185,-7.894,0.3161,0.0356,1.124,1.124,-1.086,2.978,1.933,3.000,0.0035,0.517,nan,0.00,1,1,1,0,1,0.0000,0.276,0,0.085,1,0.787,0,0,yolo,105.7,yolo,0,0,1,0.133,0,0,0
1785654043.526,-9.570,3.570,-14.689,0.9842,0,-3.369,-0.570,0.535,0.2745,23.794,-0.222,1.877,1.000,-0.535,7.386,-2.0235,0.8568,1.071,0.547,-1.064,2.972,2.047,3.000,0.0035,0.403,nan,0.00,1,1,1,1,1,0.0000,0.274,0,0.081,1,0.777,0,0,yolo,105.0,yolo,0,0,1,0.121,0,0,0
1785654043.556,-9.136,3.485,-14.738,0.9855,0,-2.346,-0.485,0.535,0.2588,23.794,-0.222,1.877,1.000,-0.535,-6.790,0.4647,0.0162,1.012,1.012,-1.048,2.969,2.012,3.000,0.0034,0.438,nan,0.00,1,1,1,0,1,0.0000,0.274,0,0.081,1,0.777,0,0,yolo,105.0,yolo,0,0,1,0.109,0,0,0
1785654043.587,-9.136,3.485,-14.738,0.9855,0,-2.287,-0.485,0.535,0.2587,23.794,-0.222,1.877,1.000,-0.535,-6.848,0.4647,0.0162,1.012,1.012,-1.048,2.969,2.012,3.000,0.0034,0.438,nan,0.00,1,1,1,0,1,0.0000,0.273,0,0.079,1,0.781,0,0,yolo,105.0,yolo,0,0,1,0.097,0,-1,0
1785654043.618,-8.883,3.422,-14.767,0.9862,0,-3.787,-0.422,-0.210,0.2653,23.463,0.086,1.862,1.000,0.210,14.000,-3.0505,0.1545,0.964,0.138,-1.036,2.967,2.027,3.000,0.0033,0.423,nan,0.00,1,1,1,1,1,0.0000,0.273,0,0.079,1,0.781,0,0,yolo,103.2,yolo,0,0,1,0.085,0,-1,0
1785654043.656,-8.883,3.422,-14.767,0.9862,0,-2.287,-0.422,-0.210,0.2582,23.463,0.086,1.862,1.000,0.210,-6.787,0.8267,0.0000,0.964,0.964,-1.036,2.967,2.027,3.000,0.0033,0.423,nan,0.00,1,1,1,0,1,0.0000,0.271,0,0.077,1,0.783,0,0,yolo,103.2,yolo,0,0,1,0.073,0,-1,0
1785654043.696,-8.429,3.373,-14.745,0.9875,0,-2.016,-0.373,-0.210,0.2576,23.463,0.086,1.862,1.000,0.210,-6.412,0.7766,0.0106,0.914,0.914,-1.025,2.966,2.004,3.000,0.0033,0.446,nan,0.00,1,1,1,0,1,0.0000,0.271,0,0.077,1,0.783,0,0,yolo,103.2,yolo,0,0,1,0.061,0,-1,0
1785654043.727,-8.195,3.327,-14.701,0.9881,0,-3.516,-0.327,-1.147,0.2742,22.167,0.444,1.668,1.000,1.147,14.000,-2.7196,1.1062,0.869,-0.141,-1.013,2.966,2.152,3.000,0.0032,0.298,nan,0.00,1,1,1,1,1,0.0000,0.272,0,0.078,1,0.797,0,0,yolo,108.1,yolo,0,0,1,0.048,0,-1,0
1785654043.754,-7.773,3.303,-14.590,0.9892,0,-2.812,-0.303,-1.147,0.2611,22.167,0.444,1.668,1.000,1.147,-4.962,0.9647,0.0112,0.824,0.824,-1.002,2.968,2.137,3.000,0.0032,0.313,nan,0.00,1,1,1,0,1,0.0000,0.272,0,0.078,1,0.797,0,0,yolo,108.1,yolo,0,0,1,0.036,0,-1,0
1785654043.791,-7.458,3.285,-14.449,0.9899,0,-2.811,-0.285,-1.147,0.2612,22.167,0.444,1.668,1.000,1.147,-4.647,0.9222,0.0241,0.781,0.781,-0.989,2.970,2.126,3.000,0.0032,0.324,nan,0.00,1,1,1,0,1,0.0000,0.272,0,0.078,1,0.797,0,0,yolo,108.1,yolo,0,0,1,0.024,0,-1,0
