t,roll,pitch,yaw,up,upset,cmd_roll_deg,cmd_pitch_deg,cmd_yaw_deg,thrust,bx,by,bz,blend,bearing_deg,desired_roll,d_lat,d_vert,vY_imu,vY_fused,vD,vX,v_target,pitch_des,elev_i,elev_err,agl,turn_ff,reliable,vision_valid,elev_fresh,is_new_d,bl_found,bl_hdg,bl_conf,bl_hdg_valid,bl_span,bl_paired,bl_cy,bl_gap,src_switch,source,infer_ms,mode,gate,gate_id,peek_side,peek_strength,peek_active,occ_gap,collision
1785653655.065,0.000,-17.800,0.000,0.9521,0,-4.063,15.800,-3.124,0.2602,8.443,0.239,-1.935,1.000,1.625,4.063,-0.0000,-0.0000,-0.000,-0.000,-0.000,-0.000,1.711,-2.000,0.0059,0.739,nan,1.50,1,1,1,1,1,0.0523,1.000,1,0.526,8,-0.009,0,0,yolo,122.6,yolo,0,0,0,0.000,0,-1,0
1785653655.099,0.005,-17.727,0.007,0.9525,0,-4.060,15.727,-3.022,0.2604,8.443,0.239,-1.935,1.000,1.625,4.065,-0.0001,0.0001,-0.000,-0.000,0.000,0.011,1.722,-2.000,0.0059,0.728,nan,1.40,1,1,1,0,1,0.0488,1.000,1,0.526,8,-0.009,0,0,yolo,122.6,yolo,0,0,0,0.000,0,-1,0
1785653655.140,0.005,-17.727,0.007,0.9525,0,-3.315,15.727,-2.908,0.2771,8.005,0.223,-1.940,1.000,1.594,3.320,0.0644,2.0000,-0.000,0.032,0.000,0.011,1.860,-2.000,0.0058,0.590,nan,1.31,1,1,1,1,1,0.0459,1.000,1,0.526,8,-0.007,0,0,yolo,138.8,yolo,0,0,0,0.000,0,-1,0
1785653655.178,0.012,-15.778,0.009,0.9623,0,-4.126,14.227,-2.908,0.2702,8.005,0.223,-1.940,1.000,1.594,4.138,-0.0315,-0.0091,0.000,0.000,-0.009,0.024,2.140,-2.000,0.0058,0.310,nan,1.31,1,1,1,0,1,0.0459,1.000,1,0.526,8,-0.007,0,0,yolo,138.8,yolo,0,0,0,0.000,0,-1,0
1785653655.214,0.497,-13.782,0.382,0.9712,0,-3.549,12.727,-2.846,0.2762,8.005,0.223,-1.940,1.000,1.594,4.046,-0.0257,-0.0177,0.006,0.006,-0.018,0.038,2.200,-2.000,0.0058,0.025,nan,1.25,1,1,1,0,1,0.0437,1.000,1,0.526,8,-0.007,3,0,yolo,138.8,yolo,0,0,0,0.000,0,-1,0
1785653655.240,0.961,-12.160,0.780,0.9774,0,-2.934,11.227,-2.829,0.2811,8.005,0.223,-1.940,1.000,1.594,3.896,-0.0161,-0.0274,0.016,0.016,-0.027,0.064,2.200,-2.000,0.0058,-0.206,nan,1.23,1,1,1,0,1,0.0431,1.000,1,0.525,8,-0.006,0,0,yolo,138.8,yolo,0,0,0,0.000,0,-1,0
1785653655.272,1.270,-10.834,1.036,0.9819,0,-1.434,9.727,-2.471,0.2977,7.241,0.158,-1.804,1.000,1.249,0.483,0.4357,2.0000,0.029,0.039,-0.043,0.107,2.044,-2.000,0.0058,-0.406,nan,1.22,1,1,1,1,1,0.0427,1.000,1,0.525,8,-0.006,0,0,yolo,132.3,yolo,0,0,0,0.000,0,-1,0
1785653655.310,1.270,-10.834,1.036,0.9819,0,-1.561,8.834,-2.471,0.2872,7.241,0.158,-1.804,1.000,1.249,2.831,-0.0100,0.0000,0.029,0.029,-0.043,0.107,2.044,-2.000,0.0059,-0.406,nan,1.22,1,1,1,0,1,0.0427,1.000,1,0.525,8,-0.006,3,0,yolo,132.3,yolo,0,0,0,0.000,0,-1,0
1785653655.349,1.613,-8.598,1.565,0.9884,0,-0.725,7.334,-2.093,0.2914,7.241,0.158,-1.804,1.000,1.249,2.338,0.0192,-0.0614,0.058,0.058,-0.105,0.214,1.754,-2.000,0.0059,-0.696,nan,0.84,1,1,1,0,1,0.0295,1.000,1,0.512,8,0.064,0,0,yolo,132.3,yolo,0,0,0,0.000,0,-1,0
1785653655.387,1.613,-8.598,1.565,0.9884,0,0.775,6.598,-1.426,0.3081,8.229,0.124,-2.528,1.000,0.865,-0.299,0.3311,2.0000,0.058,0.077,-0.105,0.214,1.200,-2.000,0.0059,-1.265,nan,0.56,1,1,1,1,1,0.0196,1.000,1,0.512,8,0.064,2,0,yolo,134.3,yolo,0,0,0,0.000,0,-1,0
1785653655.427,1.693,-7.800,1.778,0.9903,0,0.228,5.800,-1.155,0.3127,8.229,0.124,-2.528,1.000,0.865,1.466,-0.0071,-0.0385,0.070,0.070,-0.143,0.262,1.200,-2.000,0.0059,-1.383,nan,0.29,1,1,1,0,1,0.0101,1.000,1,0.438,7,0.147,0,0,yolo,134.3,yolo,0,0,0,0.000,0,-1,0
1785653655.457,1.608,-6.883,1.950,0.9924,0,0.367,4.883,-0.952,0.3130,8.229,0.124,-2.528,1.000,0.865,1.242,0.0074,-0.1079,0.085,0.085,-0.213,0.316,1.200,-2.000,0.0059,-1.519,nan,0.09,1,1,1,0,1,0.0030,1.000,1,0.438,7,0.147,0,0,yolo,134.3,yolo,0,0,0,0.000,0,-1,0
1785653655.489,1.559,-6.093,2.091,0.9940,0,0.514,4.093,-0.846,0.3124,8.229,0.124,-2.528,1.000,0.865,1.045,0.0202,-0.1897,0.097,0.097,-0.295,0.363,1.200,-2.000,0.0059,-1.636,nan,-0.02,1,1,1,0,1,-0.0007,1.000,1,0.379,6,0.215,0,0,yolo,134.3,yolo,0,0,0,0.000,0,-1,0
1785653655.532,1.559,-6.093,2.091,0.9940,0,2.014,4.093,-0.687,0.2957,7.421,0.048,-1.928,1.000,0.371,-2.996,0.4801,-2.0000,0.097,0.131,-0.295,0.363,1.323,-2.000,0.0059,-1.127,nan,0.32,1,1,1,1,1,0.0110,1.000,1,0.374,6,0.241,0,0,yolo,127.9,yolo,0,0,0,0.000,0,-1,0
1785653655.567,1.522,-5.562,2.186,0.9949,0,1.744,3.562,-0.687,0.3028,7.421,0.048,-1.928,1.000,0.371,-0.222,-0.0225,-0.1018,0.109,0.109,-0.396,0.405,1.253,-2.000,0.0059,-1.197,nan,0.32,1,1,1,0,1,0.0110,1.000,1,0.374,6,0.241,0,0,yolo,127.9,yolo,0,0,0,0.000,0,-1,0
1785653655.603,1.289,-5.010,2.273,0.9959,0,1.702,3.010,-0.938,0.3000,7.421,0.048,-1.928,1.000,0.371,-0.413,-0.0110,-0.2057,0.120,0.120,-0.500,0.446,1.200,-2.000,0.0059,-1.270,nan,0.57,1,1,1,0,1,0.0198,1.000,1,0.374,6,0.241,3,0,yolo,127.9,yolo,0,0,0,0.000,0,-1,0
1785653655.629,1.145,-4.672,2.355,0.9965,0,1.696,2.672,-0.922,0.2975,7.421,0.048,-1.928,1.000,0.371,-0.550,-0.0027,-0.2883,0.129,0.129,-0.583,0.478,1.200,-2.000,0.0059,-1.315,nan,0.55,1,1,1,0,1,0.0192,1.000,1,0.362,6,0.279,0,0,yolo,127.9,yolo,0,0,0,0.000,0,-1,0
1785653655.660,0.976,-4.335,2.457,0.9970,0,3.196,2.335,-0.355,0.2808,6.905,-0.022,-1.412,1.000,-0.184,-6.184,0.6686,-2.0000,0.137,0.191,-0.666,0.510,1.564,-2.000,0.0060,-0.886,nan,0.54,1,1,1,1,1,0.0188,1.000,1,0.362,6,0.279,0,0,yolo,125.0,yolo,0,0,0,0.000,0,-1,0
1785653655.692,0.976,-4.335,2.457,0.9970,0,2.860,2.335,-0.801,0.2975,6.905,-0.022,-1.412,1.000,-0.184,-1.885,-0.0548,0.0000,0.137,0.137,-0.666,0.510,1.564,-2.000,0.0061,-0.886,nan,0.99,1,1,1,0,1,0.0344,0.917,1,0.357,5,0.203,0,0,yolo,125.0,yolo,0,0,0,0.000,0,-1,0
1785653655.722,0.642,-4.024,2.544,0.9975,0,2.658,2.024,-0.801,0.2951,6.905,-0.022,-1.412,1.000,-0.184,-2.017,-0.0473,-0.0800,0.144,0.144,-0.746,0.542,1.526,-2.000,0.0062,-0.924,nan,0.99,1,1,1,0,1,0.0344,0.917,1,0.357,5,0.203,0,0,yolo,125.0,yolo,0,0,0,0.000,0,-1,0
1785653655.753,0.384,-3.780,2.617,0.9978,0,2.478,1.780,-1.136,0.2932,6.905,-0.022,-1.412,1.000,-0.184,-2.094,-0.0428,-0.1409,0.149,0.149,-0.807,0.570,1.496,-2.000,0.0063,-0.954,nan,1.32,1,1,1,0,1,0.0461,0.917,1,0.357,5,0.203,0,0,yolo,125.0,yolo,0,0,0,0.000,0,-1,0
1785653655.785,0.384,-3.780,2.617,0.9978,0,3.978,1.780,-1.185,0.3076,8.110,-0.137,-1.517,1.000,-0.967,-8.112,0.6648,0.1577,0.149,0.224,-0.807,0.570,1.470,-2.000,0.0064,-0.980,nan,2.15,1,1,1,1,1,0.0751,1.000,1,0.296,5,0.648,0,0,yolo,123.9,yolo,0,0,0,0.000,0,-1,0
1785653655.816,-0.064,-3.554,2.731,0.9981,0,3.602,1.554,-1.809,0.2980,8.110,-0.137,-1.517,1.000,-0.967,-3.666,-0.0720,-0.0734,0.152,0.152,-0.881,0.597,1.439,-2.000,0.0064,-1.011,nan,2.78,1,1,1,0,1,0.0969,1.000,1,0.296,5,0.648,0,0,yolo,123.9,yolo,0,0,0,0.000,0,-1,0
1785653655.856,-0.466,-3.346,2.925,0.9983,0,3.176,1.346,-2.289,0.2952,8.110,-0.137,-1.517,1.000,-0.967,-3.642,-0.0735,-0.1527,0.150,0.150,-0.960,0.624,1.410,-2.000,0.0064,-1.040,nan,3.26,1,1,1,0,1,0.1136,1.000,1,0.291,5,0.637,0,0,yolo,123.9,yolo,0,0,0,0.000,0,-1,0
1785653655.893,-0.797,-3.181,3.142,0.9984,0,4.676,1.181,-1.774,0.2786,8.775,-0.227,-1.400,1.000,-1.482,-12.112,1.1829,-1.9828,0.146,0.255,-1.029,0.647,1.542,-2.000,0.0065,-0.908,nan,3.26,1,1,1,1,1,0.1136,1.000,1,0.291,5,0.637,0,0,yolo,129.3,yolo,0,0,0,0.000,0,-1,0
1785653655.931,-0.797,-3.181,3.142,0.9984,0,3.787,1.181,-2.134,0.2952,8.775,-0.227,-1.400,1.000,-1.482,-4.583,-0.1092,0.0000,0.146,0.146,-1.029,0.647,1.542,-2.000,0.0066,-0.908,nan,3.62,1,1,1,0,1,0.1262,1.000,1,0.291,5,0.637,2,0,yolo,129.3,yolo,0,0,0,0.000,0,-1,0
1785653655.973,-1.341,-3.027,3.327,0.9983,0,3.168,1.027,-1.950,0.2966,8.775,-0.227,-1.400,1.000,-1.482,-4.509,-0.1142,-0.0552,0.141,0.141,-1.084,0.670,1.521,-2.000,0.0067,-0.929,nan,3.43,1,1,1,0,1,0.1198,1.000,1,0.287,5,0.679,0,0,yolo,129.3,yolo,0,0,0,0.000,0,-1,0
1785653656.009,-1.758,-2.867,3.525,0.9983,0,2.587,0.867,-1.811,0.2949,8.775,-0.227,-1.400,1.000,-1.482,-4.346,-0.1253,-0.1103,0.130,0.130,-1.139,0.693,1.498,-2.000,0.0068,-0.952,nan,3.29,1,1,1,0,1,0.1150,1.000,1,0.287,5,0.679,3,0,yolo,129.3,yolo,0,0,0,0.000,0,-1,0
1785653656.052,-2.022,-2.760,3.704,0.9982,0,4.087,0.760,-1.713,0.2782,9.264,-0.300,-1.309,1.000,-1.853,-7.758,0.3603,-0.6147,0.116,0.143,-1.184,0.712,1.600,-2.000,0.0069,-0.850,nan,3.57,1,1,1,1,1,0.1245,1.000,1,0.270,5,0.567,0,0,yolo,129.2,yolo,0,0,0,0.000,0,-1,0
1785653656.088,-2.507,-2.656,3.864,0.9980,0,2.863,0.656,-1.917,0.2715,9.264,-0.300,-1.309,1.000,-1.853,-5.371,-0.0411,-0.0310,0.102,0.102,-1.215,0.732,1.586,-2.000,0.0069,-0.864,nan,3.77,1,1,1,0,1,0.1316,1.000,1,0.270,5,0.567,3,0,yolo,129.2,yolo,0,0,0,0.000,0,-1,0
1785653656.129,-2.805,-2.566,4.042,0.9978,0,2.286,0.566,-0.417,0.2716,9.264,-0.300,-1.309,1.000,-1.853,-5.091,-0.0607,-0.0429,0.082,0.082,-1.227,0.750,1.574,-2.000,0.0070,-0.876,nan,0.00,1,1,1,0,1,0.0000,0.966,0,0.229,4,0.577,0,0,yolo,129.2,yolo,0,0,0,0.000,0,-1,0
1785653656.166,-3.038,-2.497,4.108,0.9976,0,3.786,0.497,1.083,0.2550,9.542,-0.385,-1.146,1.000,-2.313,-9.147,0.4593,-1.0135,0.063,0.119,-1.238,0.766,1.742,-2.000,0.0071,-0.708,nan,0.00,1,1,1,1,1,0.0000,0.966,0,0.229,4,0.577,2,0,yolo,117.9,yolo,0,0,0,0.000,0,-1,0
1785653656.208,-3.466,-2.443,3.974,0.9973,0,2.360,0.443,2.313,0.2716,9.542,-0.385,-1.146,1.000,-2.313,-5.826,-0.0733,0.0165,0.046,0.046,-1.221,0.783,1.737,-2.000,0.0072,-0.713,nan,0.00,1,1,1,0,1,0.0000,0.960,0,0.225,4,0.667,0,0,yolo,117.9,yolo,0,0,0,0.000,0,-1,0
1785653656.244,-3.466,-2.443,3.974,0.9973,0,2.360,0.443,2.313,0.2720,9.542,-0.385,-1.146,1.000,-2.313,-5.826,-0.0733,0.0165,0.046,0.046,-1.221,0.783,1.737,-2.000,0.0072,-0.713,nan,0.00,1,1,1,0,1,0.0000,0.960,0,0.225,4,0.667,2,0,yolo,117.9,yolo,0,0,0,0.000,0,-1,0
1785653656.287,-3.698,-2.402,3.718,0.9970,0,3.860,0.402,2.738,0.2553,9.690,-0.463,-0.982,1.000,-2.738,-14.000,1.0792,-2.0000,0.024,0.231,-1.191,0.799,1.906,-2.000,0.0073,-0.544,nan,0.00,1,1,1,1,1,0.0000,0.948,0,0.217,4,0.612,0,0,yolo,120.9,yolo,0,0,0,0.000,0,-1,0
1785653656.324,-3.926,-2.367,3.497,0.9968,0,2.360,0.367,2.738,0.2720,9.690,-0.463,-0.982,1.000,-2.738,-5.737,-0.2276,0.0250,0.003,0.003,-1.166,0.813,1.903,-2.000,0.0073,-0.547,nan,0.00,1,1,1,0,1,0.0000,0.948,0,0.217,4,0.612,2,0,yolo,120.9,yolo,0,0,0,0.000,0,-1,0
1785653656.365,-4.284,-2.337,3.267,0.9964,0,1.160,0.337,2.738,0.2886,9.690,-0.463,-0.982,1.000,-2.738,-5.444,-0.2488,0.0528,-0.018,-0.018,-1.138,0.827,1.901,-2.000,0.0074,-0.549,nan,0.00,1,1,1,0,1,0.0000,0.947,0,0.217,4,0.651,0,0,yolo,120.9,yolo,0,0,0,0.000,0,-1,0
1785653656.403,-4.510,-2.314,2.994,0.9961,0,2.660,0.314,3.499,0.2720,9.466,-0.579,-0.740,1.000,-3.499,-14.000,0.7545,-1.4385,-0.044,0.211,-1.117,0.842,2.140,-2.000,0.0074,-0.310,nan,0.00,1,1,1,1,1,0.0000,0.947,0,0.217,4,0.651,3,0,yolo,117.5,yolo,0,0,0,0.000,0,-1,0
1785653656.443,-4.775,-2.304,2.681,0.9957,0,1.942,0.304,3.499,0.2828,9.466,-0.579,-0.740,1.000,-3.499,-6.717,-0.2807,0.0185,-0.069,-0.069,-1.099,0.856,2.142,-2.000,0.0075,-0.308,nan,0.00,1,1,1,0,1,0.0000,0.830,0,0.218,3,0.663,0,0,yolo,117.5,yolo,0,0,0,0.000,0,-1,0
1785653656.475,-4.968,-2.297,2.324,0.9954,0,1.334,0.297,3.499,0.2835,9.466,-0.579,-0.740,1.000,-3.499,-6.303,-0.3102,0.0341,-0.099,-0.099,-1.083,0.870,2.143,-2.000,0.0075,-0.307,nan,0.00,1,1,1,0,1,0.0000,0.830,0,0.218,3,0.663,0,0,yolo,117.5,yolo,0,0,0,0.000,0,-1,0
1785653656.506,-5.094,-2.292,2.005,0.9953,0,2.834,0.292,3.494,0.2669,9.098,-0.556,-0.529,1.000,-3.494,-9.116,-0.0079,-1.9378,-0.129,0.045,-1.083,0.884,2.200,-2.000,0.0075,-0.113,nan,0.00,1,1,1,1,1,0.0000,0.820,0,0.211,3,0.683,0,0,yolo,115.3,yolo,0,0,0,0.000,0,-1,0
1785653656.539,-5.094,-2.292,2.005,0.9953,0,1.560,0.292,3.494,0.2762,9.098,-0.556,-0.529,1.000,-3.494,-6.654,-0.1735,0.0000,-0.129,-0.129,-1.083,0.884,2.200,-2.000,0.0075,-0.113,nan,0.00,1,1,1,0,1,0.0000,0.820,0,0.211,3,0.683,0,0,yolo,115.3,yolo,0,0,0,0.000,0,-1,0
1785653656.578,-5.272,-2.288,1.691,0.9950,0,0.954,0.288,3.494,0.2756,9.098,-0.556,-0.529,1.000,-3.494,-6.225,-0.2033,-0.0144,-0.159,-0.159,-1.097,0.898,2.200,-2.000,0.0075,-0.112,nan,0.00,1,1,1,0,1,0.0000,0.820,0,0.211,3,0.683,2,0,yolo,115.3,yolo,0,0,0,0.000,0,-1,0
1785653656.626,-5.477,-2.285,1.123,0.9946,0,2.135,0.285,3.432,0.2590,9.265,-0.556,-0.394,1.000,-3.432,-7.613,-0.1012,-1.4292,-0.215,-0.050,-1.115,0.923,2.200,-2.000,0.0075,0.031,nan,0.00,1,1,1,1,1,0.0000,0.694,0,0.204,2,0.713,0,0,yolo,131.7,yolo,0,0,0,0.000,0,-1,0
1785653656.665,-5.700,-2.285,0.803,0.9943,0,0.635,0.285,3.432,0.2724,9.265,-0.556,-0.394,1.000,-3.432,-5.305,-0.1974,0.0076,-0.247,-0.247,-1.108,0.937,2.200,-2.000,0.0075,0.033,nan,0.00,1,1,1,0,1,0.0000,0.694,0,0.204,2,0.713,0,0,yolo,131.7,yolo,0,0,0,0.000,0,-1,0
1785653656.695,-5.700,-2.285,0.803,0.9943,0,-0.395,0.285,3.432,0.2724,9.265,-0.556,-0.394,1.000,-3.432,-5.305,-0.1974,0.0076,-0.247,-0.247,-1.108,0.937,2.200,-2.000,0.0075,0.033,nan,0.00,1,1,1,0,1,0.0000,0.685,0,0.196,2,0.726,0,0,yolo,131.7,yolo,0,0,0,0.000,0,-1,0
1785653656.726,-5.747,-2.286,0.497,0.9942,0,-0.935,0.286,3.432,0.2729,9.265,-0.556,-0.394,1.000,-3.432,-4.812,-0.2320,0.0190,-0.282,-0.282,-1.096,0.951,2.200,-2.000,0.0075,0.034,nan,0.00,1,1,1,0,1,0.0000,0.685,0,0.196,2,0.726,0,0,yolo,131.7,yolo,0,0,0,0.000,0,-1,0
1785653656.763,-5.734,-2.286,0.193,0.9942,0,-1.948,0.286,3.026,0.2563,9.231,-0.488,-0.251,1.000,-3.026,-3.786,-0.3924,-0.8017,-0.317,-0.195,-1.090,0.965,2.200,-2.000,0.0075,0.167,nan,0.00,1,1,1,1,1,0.0000,0.269,0,0.163,1,0.712,0,0,yolo,121.2,yolo,0,0,0,0.000,0,-1,0
1785653656.805,-5.542,-2.284,-0.082,0.9945,0,-2.066,0.284,3.026,0.2689,9.231,-0.488,-0.251,1.000,-3.026,-3.476,-0.1589,0.0194,-0.354,-0.354,-1.071,0.978,2.200,-2.000,0.0075,0.165,nan,0.00,1,1,1,0,1,0.0000,0.538,0,0.163,1,0.712,0,0,yolo,121.2,yolo,0,0,0,0.000,0,-1,0
1785653656.837,-5.318,-2.279,-0.372,0.9949,0,-2.417,0.279,3.026,0.2693,9.231,-0.488,-0.251,1.000,-3.026,-2.901,-0.1991,0.0307,-0.395,-0.395,-1.060,0.994,2.200,-2.000,0.0075,0.162,nan,0.00,1,1,1,0,1,0.0000,0.301,0,0.127,0,0.724,0,0,yolo,121.2,yolo,0,0,0,0.000,0,-1,0
1785653656.876,-5.318,-2.279,-0.372,0.9949,0,-3.917,0.279,2.451,0.2527,9.163,-0.392,-0.096,1.000,-2.451,0.642,-0.9193,-1.4278,-0.395,-0.232,-1.060,0.994,2.145,-2.000,0.0074,0.305,nan,0.00,1,1,1,1,1,0.0000,0.301,0,0.127,0,0.724,2,0,yolo,125.4,yolo,0,0,0,0.000,0,-1,0
1785653656.922,-4.652,-2.266,-0.902,0.9959,0,-4.090,0.266,2.451,0.2651,9.163,-0.392,-0.096,1.000,-2.451,-0.562,-0.2360,0.0346,-0.468,-0.468,-1.025,1.022,2.151,-2.000,0.0074,0.299,nan,0.00,1,1,1,0,1,0.0000,0.399,0,0.124,1,0.727,0,0,yolo,125.4,yolo,0,0,0,0.000,0,-1,0
1785653656.963,-4.224,-2.254,-1.121,0.9965,0,-4.153,0.254,2.451,0.2663,9.163,-0.392,-0.096,1.000,-2.451,-0.071,-0.2701,0.0630,-0.502,-0.502,-0.997,1.037,2.156,-2.000,0.0074,0.294,nan,0.00,1,1,1,0,1,0.0000,0.399,0,0.124,1,0.727,0,0,yolo,125.4,yolo,0,0,0,0.000,0,-1,0
1785653656.994,-4.224,-2.254,-1.121,0.9965,0,-5.653,0.254,1.862,0.2497,9.361,-0.304,0.042,1.000,-1.862,2.969,-0.9617,-1.3923,-0.502,-0.307,-0.997,1.037,2.017,-2.000,0.0073,0.433,nan,0.00,1,1,1,1,1,0.0000,0.400,0,0.125,1,0.736,0,0,yolo,117.9,yolo,0,0,0,0.000,0,-1,0
1785653657.025,-3.781,-2.243,-1.359,0.9971,0,-5.142,0.243,1.862,0.2600,9.361,-0.304,0.042,1.000,-1.862,1.361,-0.2257,0.0188,-0.533,-0.533,-0.978,1.051,2.021,-2.000,0.0073,0.429,nan,0.00,1,1,1,0,1,0.0000,0.400,0,0.125,1,0.736,0,0,yolo,117.9,yolo,0,0,0,0.000,0,-1,0
1785653657.056,-3.182,-2.227,-1.556,0.9977,0,-4.976,0.227,1.862,0.2611,9.361,-0.304,0.042,1.000,-1.862,1.794,-0.2563,0.0431,-0.563,-0.563,-0.954,1.066,2.027,-2.000,0.0072,0.423,nan,0.00,1,1,1,0,1,0.0000,0.148,0,0.117,0,0.752,0,0,yolo,117.9,yolo,0,0,0,0.000,0,-1,0
1785653657.086,-3.182,-2.227,-1.556,0.9977,0,-4.976,0.227,1.862,0.2611,9.361,-0.304,0.042,1.000,-1.862,1.794,-0.2563,0.0431,-0.563,-0.563,-0.954,1.066,2.027,-2.000,0.0072,0.423,nan,0.00,1,1,1,0,1,0.0000,0.295,0,0.117,0,0.752,0,0,yolo,117.9,yolo,0,0,0,0.000,0,-1,0
1785653657.119,-2.650,-2.210,-1.724,0.9982,0,-6.476,0.210,1.004,0.2444,9.476,-0.166,0.218,1.000,-1.004,8.780,-1.4187,-1.6780,-0.587,-0.463,-0.926,1.079,1.859,-2.000,0.0071,0.591,nan,0.00,1,1,1,1,1,0.0000,0.298,0,0.121,0,0.752,0,0,yolo,115.3,yolo,0,0,0,0.000,0,-1,0
1785653657.148,-1.942,-2.193,-1.833,0.9987,0,-5.685,0.193,1.004,0.2553,9.476,-0.166,0.218,1.000,-1.004,3.743,-0.1462,0.0323,-0.609,-0.609,-0.894,1.092,1.864,-2.000,0.0071,0.586,nan,0.00,1,1,1,0,1,0.0000,0.200,0,0.125,1,0.754,0,0,yolo,115.3,yolo,0,0,0,0.000,0,-1,0
1785653657.180,-1.942,-2.193,-1.833,0.9987,0,-5.685,0.193,1.004,0.2552,9.476,-0.166,0.218,1.000,-1.004,3.743,-0.1462,0.0323,-0.609,-0.609,-0.894,1.092,1.864,-2.000,0.0070,0.586,nan,0.00,1,1,1,0,1,0.0000,0.400,0,0.125,1,0.754,0,0,yolo,115.3,yolo,0,0,0,0.000,0,-1,0
1785653657.211,-1.312,-2.172,-1.918,0.9990,0,-5.281,0.172,1.004,0.2570,9.476,-0.166,0.218,1.000,-1.004,3.969,-0.1622,0.0707,-0.625,-0.625,-0.856,1.105,1.869,-2.000,0.0070,0.581,nan,0.00,1,1,1,0,1,0.0000,0.410,0,0.138,1,0.755,0,0,yolo,115.3,yolo,0,0,0,0.000,0,-1,0
1785653657.243,-0.716,-2.154,-2.024,0.9992,0,-6.781,0.154,0.214,0.2403,9.528,-0.036,0.362,1.000,-0.214,9.238,-0.9860,-1.0464,-0.635,-0.537,-0.813,1.118,1.730,-2.000,0.0069,0.720,nan,0.00,1,1,1,1,1,0.0000,0.410,0,0.138,1,0.755,0,0,yolo,124.6,yolo,0,0,0,0.000,0,-1,0
1785653657.274,0.027,-2.139,-2.056,0.9993,0,-5.744,0.139,0.214,0.2519,9.528,-0.036,0.362,1.000,-0.214,5.772,-0.1044,0.0535,-0.641,-0.641,-0.760,1.129,1.733,-2.000,0.0068,0.717,nan,0.00,1,1,1,0,1,0.0000,0.309,0,0.140,0,0.762,0,0,yolo,124.6,yolo,0,0,0,0.000,0,-1,0
1785653657.305,0.027,-2.139,-2.056,0.9993,0,-5.744,0.139,0.214,0.2518,9.528,-0.036,0.362,1.000,-0.214,5.772,-0.1044,0.0535,-0.641,-0.641,-0.760,1.129,1.733,-2.000,0.0068,0.717,nan,0.00,1,1,1,0,1,0.0000,0.309,0,0.140,0,0.762,0,0,yolo,124.6,yolo,0,0,0,0.000,0,-1,0
1785653657.336,0.596,-2.124,-2.056,0.9993,0,-5.182,0.124,0.214,0.2543,9.528,-0.036,0.362,1.000,-0.214,5.778,-0.1049,0.1074,-0.642,-0.642,-0.706,1.139,1.736,-2.000,0.0067,0.714,nan,0.00,1,1,1,0,1,0.0000,0.318,0,0.155,0,0.773,0,0,yolo,124.6,yolo,0,0,0,0.000,0,-1,0
1785653657.367,1.149,-2.110,-2.078,0.9991,0,-6.682,0.110,-0.724,0.2376,9.286,0.117,0.457,1.000,0.724,13.353,-1.1396,-0.6472,-0.637,-0.632,-0.661,1.149,1.649,-2.000,0.0066,0.801,nan,0.00,1,1,1,1,1,0.0000,0.318,0,0.155,0,0.773,0,0,yolo,114.6,yolo,0,0,0,0.000,0,-1,0
1785653657.398,1.149,-2.110,-2.078,0.9991,0,-6.565,0.110,-0.724,0.2467,9.286,0.117,0.457,1.000,0.724,7.714,-0.0041,0.0000,-0.637,-0.637,-0.661,1.149,1.649,-2.000,0.0065,0.801,nan,0.00,1,1,1,0,1,0.0000,0.321,0,0.160,0,0.771,0,0,yolo,114.6,yolo,0,0,0,0.000,0,-1,0
1785653657.429,1.961,-2.100,-2.002,0.9987,0,-5.620,0.100,-0.724,0.2492,9.286,0.117,0.457,1.000,0.724,7.581,0.0052,0.0558,-0.627,-0.627,-0.605,1.159,1.649,-2.000,0.0064,0.801,nan,0.00,1,1,1,0,1,0.0000,0.321,0,0.160,0,0.771,0,0,yolo,114.6,yolo,0,0,0,0.000,0,-1,0
1785653657.461,2.547,-2.092,-1.913,0.9983,0,-4.829,0.092,-0.724,0.2517,9.286,0.117,0.457,1.000,0.724,7.376,0.0196,0.1086,-0.613,-0.613,-0.552,1.168,1.650,-2.000,0.0064,0.800,nan,0.00,1,1,1,0,1,0.0000,0.465,0,0.207,0,0.767,0,0,yolo,114.6,yolo,0,0,0,0.000,0,-1,0
1785653657.493,3.038,-2.085,-1.851,0.9979,0,-6.329,0.085,-1.635,0.2350,9.092,0.259,0.550,1.000,1.635,14.000,-1.4456,-0.9301,-0.594,-0.718,-0.512,1.177,1.557,-2.000,0.0063,0.893,nan,0.00,1,1,1,1,1,0.0000,0.465,0,0.207,0,0.767,0,0,yolo,121.7,yolo,0,0,0,0.000,0,-1,0
1785653657.524,3.038,-2.085,-1.851,0.9979,0,-6.027,-0.415,-1.635,0.2439,9.092,0.259,0.550,1.000,1.635,9.065,0.1243,0.0000,-0.594,-0.594,-0.512,1.177,1.557,-2.500,0.0062,0.893,nan,0.00,1,1,1,0,1,0.0000,0.475,0,0.218,0,0.800,0,0,yolo,121.7,yolo,0,0,0,0.000,0,-1,0
1785653657.555,3.697,-2.141,-1.711,0.9972,0,-5.046,-0.359,-1.635,0.2457,9.092,0.259,0.550,1.000,1.635,8.743,0.1466,0.0466,-0.572,-0.572,-0.466,1.185,1.545,-2.500,0.0061,0.905,nan,0.00,1,1,1,0,1,0.0000,0.475,0,0.218,0,0.800,0,0,yolo,121.7,yolo,0,0,0,0.000,0,-1,0
1785653657.587,4.191,-2.186,-1.546,0.9966,0,-6.546,-0.221,-2.468,0.2291,8.905,0.384,0.633,1.000,2.468,14.000,-0.9713,-0.7034,-0.547,-0.694,-0.418,1.192,1.451,-2.406,0.0060,0.999,nan,0.00,1,1,1,1,1,0.0000,0.480,0,0.224,0,0.803,0,0,yolo,119.9,yolo,0,0,0,0.000,0,-1,0
1785653657.623,4.191,-2.186,-1.546,0.9966,0,-6.500,-0.293,-2.468,0.2408,8.905,0.384,0.633,1.000,2.468,10.691,0.1471,0.0000,-0.547,-0.547,-0.418,1.192,1.451,-2.479,0.0059,0.999,nan,0.00,1,1,1,0,1,0.0000,0.481,0,0.226,0,0.802,0,0,yolo,119.9,yolo,0,0,0,0.000,0,-1,0
1785653657.649,4.807,-2.221,-1.356,0.9957,0,-5.503,-0.190,-2.468,0.2433,8.905,0.384,0.633,1.000,2.468,10.311,0.1731,0.0571,-0.521,-0.521,-0.361,1.199,1.442,-2.411,0.0059,1.008,nan,0.00,1,1,1,0,1,0.0000,0.481,0,0.226,0,0.802,0,0,yolo,119.9,yolo,0,0,0,0.000,0,-1,0
1785653657.680,5.375,-2.261,-1.111,0.9948,0,-4.444,-0.077,-2.468,0.2462,8.905,0.384,0.633,1.000,2.468,9.819,0.2068,0.1238,-0.487,-0.487,-0.294,1.208,1.433,-2.338,0.0059,1.017,nan,0.00,1,1,1,0,1,0.0000,0.330,0,0.175,0,0.844,0,0,yolo,119.9,yolo,0,0,0,0.000,0,-1,0
1785653657.711,5.773,-2.287,-0.911,0.9941,0,-5.944,0.193,-3.296,0.2296,8.716,0.502,0.708,1.000,3.296,14.000,-0.9450,-0.6380,-0.454,-0.634,-0.234,1.215,1.348,-2.094,0.0059,1.102,nan,0.00,1,1,1,1,1,0.0000,0.330,0,0.175,0,0.844,0,0,yolo,121.3,yolo,0,0,0,0.000,0,-1,0
1785653657.743,6.324,-2.298,-0.655,0.9931,0,-4.939,0.247,-3.296,0.2414,8.716,0.502,0.708,1.000,3.296,11.263,0.2161,0.0687,-0.418,-0.418,-0.166,1.222,1.342,-2.052,0.0059,1.108,nan,0.00,1,1,1,0,1,0.0000,0.329,0,0.174,0,0.847,0,0,yolo,121.3,yolo,0,0,0,0.000,0,-1,0
1785653657.774,6.324,-2.298,-0.655,0.9931,0,-4.939,0.172,-3.296,0.2414,8.716,0.502,0.708,1.000,3.296,11.263,0.2161,0.0687,-0.418,-0.418,-0.166,1.222,1.342,-2.126,0.0059,1.108,nan,0.00,1,1,1,0,1,0.0000,0.329,0,0.174,0,0.847,0,0,yolo,121.3,yolo,0,0,0,0.000,0,-1,0
1785653657.811,6.811,-2.310,-0.339,0.9921,0,-3.834,0.249,-3.296,0.2449,8.716,0.502,0.708,1.000,3.296,10.645,0.2579,0.1434,-0.376,-0.376,-0.091,1.230,1.337,-2.060,0.0059,1.113,nan,0.00,1,1,1,0,1,0.0000,0.476,0,0.220,0,0.834,0,0,yolo,121.3,yolo,0,0,0,0.000,0,-1,0
1785653657.852,7.284,-2.330,-0.050,0.9911,0,-5.334,0.490,-3.978,0.2282,8.525,0.593,0.769,1.000,3.978,14.000,-1.0150,-0.7048,-0.332,-0.561,-0.030,1.238,1.266,-1.840,0.0059,1.184,nan,0.00,1,1,1,1,1,0.0000,0.476,0,0.220,0,0.834,0,0,yolo,117.8,yolo,0,0,0,0.000,0,-1,0
1785653657.883,7.661,-2.343,0.240,0.9902,0,-3.834,0.560,-3.978,0.2393,8.525,0.593,0.769,1.000,3.978,11.381,0.2789,0.0618,-0.282,-0.282,0.032,1.247,1.261,-1.784,0.0059,1.189,nan,0.00,1,1,1,0,1,0.0000,0.465,0,0.206,0,0.835,0,0,yolo,117.8,yolo,0,0,0,0.000,0,-1,0
1785653657.914,8.059,-2.338,0.602,0.9893,0,-2.511,0.601,-3.978,0.2426,8.525,0.593,0.769,1.000,3.978,10.571,0.3330,0.1294,-0.228,-0.228,0.100,1.255,1.258,-1.737,0.0059,1.192,nan,0.00,1,1,1,0,1,0.0000,0.465,0,0.206,0,0.835,0,0,yolo,117.8,yolo,0,0,0,0.000,0,-1,0
1785653657.946,8.308,-2.333,0.988,0.9887,0,-4.011,0.717,-4.491,0.2259,8.319,0.653,0.804,1.000,4.491,14.000,-0.7443,-0.3651,-0.175,-0.425,0.157,1.264,1.222,-1.616,0.0059,1.228,nan,0.00,1,1,1,1,1,0.0000,0.465,0,0.206,0,0.835,0,0,yolo,119.7,yolo,0,0,0,0.000,0,-1,0
1785653657.976,8.308,-2.333,0.988,0.9887,0,-3.467,0.633,-4.491,0.2357,8.319,0.653,0.804,1.000,4.491,11.775,0.2502,0.0000,-0.175,-0.175,0.157,1.264,1.222,-1.700,0.0059,1.228,nan,0.00,1,1,1,0,1,0.0000,0.584,0,0.209,1,0.830,0,0,yolo,119.7,yolo,0,0,0,0.000,0,-1,0
1785653658.007,8.655,-2.330,1.382,0.9878,0,-2.303,0.687,-4.491,0.2386,8.319,0.653,0.804,1.000,4.491,10.958,0.3037,0.0601,-0.122,-0.122,0.217,1.272,1.219,-1.643,0.0059,1.231,nan,0.00,1,1,1,0,1,0.0000,0.584,0,0.209,1,0.830,0,0,yolo,119.7,yolo,0,0,0,0.000,0,-1,0
1785653658.039,8.887,-2.326,1.829,0.9872,0,-1.166,0.740,-4.491,0.2418,8.319,0.653,0.804,1.000,4.491,10.053,0.3631,0.1287,-0.062,-0.062,0.285,1.281,1.218,-1.586,0.0059,1.232,nan,0.00,1,1,1,0,1,0.0000,0.715,0,0.221,2,0.830,0,0,yolo,119.7,yolo,0,0,0,0.000,0,-1,0
1785653658.073,8.887,-2.326,1.829,0.9872,0,-2.666,0.706,-4.748,0.2276,8.080,0.671,0.829,1.000,4.748,14.000,-0.3623,-0.1708,-0.062,-0.271,0.285,1.281,1.201,-1.620,0.0059,1.249,nan,0.00,1,1,1,1,1,0.0000,0.715,0,0.221,2,0.830,0,0,yolo,124.3,yolo,0,0,0,0.000,0,-1,0
1785653658.101,9.000,-2.316,2.263,0.9869,0,-1.568,0.762,-4.748,0.2386,8.080,0.671,0.829,1.000,4.748,10.568,0.2672,0.0673,-0.003,-0.003,0.353,1.290,1.201,-1.554,0.0059,1.249,nan,0.00,1,1,1,0,1,0.0000,0.583,0,0.208,1,0.825,0,0,yolo,124.3,yolo,0,0,0,0.000,0,-1,0
1785653658.142,9.159,-2.309,2.698,0.9864,0,-0.513,0.808,-4.748,0.2416,8.080,0.671,0.829,1.000,4.748,9.672,0.3248,0.1321,0.054,0.054,0.417,1.299,1.200,-1.501,0.0059,1.250,nan,0.00,1,1,1,0,1,0.0000,0.583,0,0.208,1,0.825,0,0,yolo,124.3,yolo,0,0,0,0.000,0,-1,0
1785653658.179,9.205,-2.299,3.152,0.9863,0,0.430,0.841,-4.748,0.2447,8.080,0.671,0.829,1.000,4.748,8.775,0.3824,0.1983,0.112,0.112,0.484,1.308,1.201,-1.457,0.0059,1.249,nan,0.00,1,1,1,0,1,0.0000,0.591,0,0.216,1,0.812,0,0,yolo,124.3,yolo,0,0,0,0.000,0,-1,0
1785653658.210,9.154,-2.284,3.592,0.9865,0,-1.070,0.848,-4.812,0.2382,7.878,0.663,0.833,1.000,4.812,12.820,-0.0658,0.0523,0.167,-0.043,0.543,1.317,1.208,-1.436,0.0059,1.242,nan,0.00,1,1,1,1,1,0.0000,0.591,0,0.216,1,0.812,0,0,yolo,124.4,yolo,0,0,0,0.000,0,-1,0
1785653658.242,9.264,-2.271,4.036,0.9862,0,0.430,0.869,-4.812,0.2387,7.878,0.663,0.833,1.000,4.812,8.257,0.2673,0.0601,0.225,0.225,0.603,1.327,1.209,-1.402,0.0059,1.241,nan,0.00,1,1,1,0,1,0.0000,0.721,0,0.226,2,0.790,0,0,yolo,124.4,yolo,0,0,0,0.000,0,-1,0
1785653658.272,9.264,-2.271,4.036,0.9862,0,1.007,0.777,-4.812,0.2387,7.878,0.663,0.833,1.000,4.812,8.257,0.2673,0.0601,0.225,0.225,0.603,1.327,1.209,-1.493,0.0059,1.241,nan,0.00,1,1,1,0,1,0.0000,0.721,0,0.226,2,0.790,0,0,yolo,124.4,yolo,0,0,0,0.000,0,-1,0
1785653658.303,9.150,-2.263,4.488,0.9865,0,1.761,0.830,-4.812,0.2415,7.878,0.663,0.833,1.000,4.812,7.388,0.3220,0.1231,0.279,0.279,0.666,1.336,1.211,-1.433,0.0059,1.239,nan,0.00,1,1,1,0,1,0.0000,0.602,0,0.227,1,0.782,0,0,yolo,124.4,yolo,0,0,0,0.000,0,-1,0
1785653658.335,8.950,-2.249,4.964,0.9871,0,0.512,0.778,-4.601,0.2505,7.415,0.597,0.826,1.000,4.601,8.438,0.2042,0.2970,0.334,0.177,0.732,1.347,1.251,-1.471,0.0059,1.199,nan,0.00,1,1,1,1,1,0.0000,0.602,0,0.227,1,0.782,0,0,yolo,130.1,yolo,0,0,0,0.000,0,-1,0
1785653658.361,8.950,-2.249,4.964,0.9871,0,2.012,0.691,-4.601,0.2370,7.415,0.597,0.826,1.000,4.601,6.861,0.1570,0.0000,0.334,0.334,0.732,1.347,1.251,-1.558,0.0059,1.199,nan,0.00,1,1,1,0,1,0.0000,0.728,0,0.232,2,0.774,0,0,yolo,130.1,yolo,0,0,0,0.000,0,-1,0
1785653658.396,8.902,-2.236,5.408,0.9872,0,2.946,0.747,-4.601,0.2399,7.415,0.597,0.826,1.000,4.601,5.956,0.2117,0.0625,0.389,0.389,0.794,1.357,1.253,-1.489,0.0059,1.197,nan,0.00,1,1,1,0,1,0.0000,0.728,0,0.232,2,0.774,0,0,yolo,130.1,yolo,0,0,0,0.000,0,-1,0
1785653658.426,8.594,-2.224,5.822,0.9880,0,3.405,0.778,-4.601,0.2565,7.415,0.597,0.826,1.000,4.601,5.189,0.2580,0.1204,0.435,0.435,0.852,1.366,1.257,-1.446,0.0059,1.193,nan,0.00,1,1,1,0,1,0.0000,0.485,0,0.232,0,0.773,0,0,yolo,130.1,yolo,0,0,0,0.000,0,-1,0
1785653658.458,8.261,-2.208,6.224,0.9889,0,2.075,0.687,-4.169,0.2729,7.052,0.514,0.810,1.000,4.169,6.186,0.3995,0.3478,0.476,0.184,0.901,1.376,1.303,-1.521,0.0059,1.147,nan,0.00,1,1,1,1,1,0.0000,0.485,0,0.232,0,0.773,0,0,yolo,119.8,yolo,0,0,0,0.000,0,-1,0
1785653658.489,8.261,-2.208,6.224,0.9889,0,3.575,0.598,-4.169,0.2729,7.052,0.514,0.810,1.000,4.169,3.176,0.2918,0.0000,0.476,0.476,0.901,1.376,1.303,-1.610,0.0059,1.147,nan,0.00,1,1,1,0,1,0.0000,0.476,0,0.220,0,0.758,0,0,yolo,119.8,yolo,0,0,0,0.000,0,-1,0
1785653658.520,8.055,-2.193,6.625,0.9894,0,5.075,0.646,-4.169,0.2728,7.052,0.514,0.810,1.000,4.169,2.395,0.3372,0.0419,0.522,0.522,0.943,1.386,1.307,-1.547,0.0059,1.143,nan,0.00,1,1,1,0,1,0.0000,0.476,0,0.220,0,0.758,0,0,yolo,119.8,yolo,0,0,0,0.000,0,-1,0
1785653658.551,7.477,-2.175,7.017,0.9908,0,5.711,0.673,-4.169,0.2724,7.052,0.514,0.810,1.000,4.169,1.766,0.3738,0.0702,0.558,0.558,0.971,1.396,1.313,-1.503,0.0059,1.137,nan,0.00,1,1,1,0,1,0.0000,0.482,0,0.227,0,0.800,0,0,yolo,119.8,yolo,0,0,0,0.000,0,-1,0
1785653658.596,6.940,-2.156,7.377,0.9920,0,4.211,0.572,-3.374,0.2721,6.968,0.411,0.785,1.000,3.374,2.852,0.5800,0.2826,0.587,0.218,0.986,1.405,1.360,-1.584,0.0059,1.090,nan,0.00,1,1,1,1,1,0.0000,0.482,0,0.227,0,0.800,0,0,yolo,118.8,yolo,0,0,0,0.000,0,-1,0
1785653658.628,6.516,-2.135,7.709,0.9928,0,5.711,0.574,-4.874,0.2718,6.968,0.411,0.785,1.000,3.374,-1.171,0.3996,-0.0093,0.618,0.618,0.977,1.415,1.365,-1.561,0.0059,1.085,nan,8.00,1,1,1,0,1,0.7229,0.500,1,0.252,0,0.785,0,0,yolo,118.8,yolo,0,0,0,0.000,0,-1,0
1785653658.665,5.868,-2.117,8.160,0.9941,0,7.211,0.591,-6.374,0.2715,6.968,0.411,0.785,1.000,3.374,-1.525,0.4200,-0.0230,0.638,0.638,0.963,1.426,1.371,-1.526,0.0059,1.079,nan,8.00,1,1,1,0,1,0.7229,0.500,1,0.252,0,0.785,1,0,yolo,118.8,yolo,0,0,0,0.000,0,-1,0
1785653658.698,5.868,-2.117,8.160,0.9941,0,8.711,0.318,-4.874,0.2722,6.799,0.245,0.739,1.000,2.066,-7.147,1.5513,0.6901,0.638,0.361,0.963,1.426,1.440,-1.800,0.0059,1.010,nan,0.00,1,1,1,1,1,0.0000,0.310,0,0.141,0,0.852,1,0,yolo,130.4,yolo,0,0,0,0.000,0,-1,0
1785653658.746,5.028,-2.114,8.661,0.9955,0,9.483,0.392,-6.374,0.2711,6.799,0.245,0.739,1.000,2.066,-4.455,0.2871,-0.0150,0.648,0.648,0.948,1.437,1.442,-1.723,0.0059,1.008,nan,8.00,1,1,1,0,1,0.8403,0.500,1,0.253,0,0.844,0,0,yolo,130.4,yolo,0,0,0,0.000,0,-1,0
1785653658.784,4.067,-2.122,9.149,0.9968,0,8.544,0.465,-7.874,0.2708,6.799,0.245,0.739,1.000,2.066,-4.477,0.2884,-0.0316,0.649,0.649,0.932,1.449,1.445,-1.657,0.0059,1.005,nan,8.00,1,1,1,0,1,0.8403,0.500,1,0.253,0,0.844,0,0,yolo,130.4,yolo,0,0,0,0.000,0,-1,0
1785653658.815,3.113,-2.109,9.921,0.9978,0,7.361,0.535,-6.374,0.2705,6.799,0.245,0.739,1.000,2.066,-4.247,0.2753,-0.0484,0.636,0.636,0.915,1.464,1.449,-1.574,0.0059,1.001,nan,0.00,1,1,1,0,1,0.0000,0.411,0,0.138,1,0.841,0,0,yolo,130.4,yolo,0,0,0,0.000,0,-1,0
1785653658.846,2.242,-2.092,10.666,0.9986,0,8.861,0.353,-4.874,0.2702,6.680,0.044,0.666,1.000,0.379,-8.341,1.1803,0.5402,0.617,0.263,0.901,1.477,1.540,-1.739,0.0058,0.910,nan,0.00,1,1,1,1,1,0.0000,0.411,0,0.138,1,0.841,0,0,yolo,129.9,yolo,0,0,0,0.000,0,-1,0
1785653658.885,2.242,-2.092,10.666,0.9986,0,10.361,0.228,-3.374,0.2701,6.680,0.044,0.666,1.000,0.379,-8.753,0.3537,0.0000,0.617,0.617,0.901,1.477,1.540,-1.864,0.0057,0.910,nan,0.00,1,1,1,0,1,0.0000,0.612,0,0.237,1,0.831,0,0,yolo,129.9,yolo,0,0,0,0.000,0,-1,0
1785653658.924,0.324,-2.053,11.351,0.9993,0,8.861,0.320,-1.874,0.2698,6.680,0.044,0.666,1.000,0.379,-8.009,0.3120,-0.0217,0.575,0.575,0.879,1.495,1.545,-1.734,0.0056,0.905,nan,0.00,1,1,1,0,1,0.0000,0.612,0,0.237,1,0.831,0,0,yolo,129.9,yolo,0,0,0,0.000,0,-1,0
1785653658.957,-0.492,-2.024,11.512,0.9993,0,10.361,0.009,-0.374,0.2865,6.269,-0.132,0.585,1.000,-1.205,-14.000,1.7333,0.9776,0.553,0.443,0.870,1.501,1.643,-2.015,0.0055,0.807,nan,0.00,1,1,1,1,1,0.0000,0.595,0,0.220,1,0.838,0,0,yolo,130.9,yolo,0,0,0,0.000,0,-1,0
1785653658.988,-0.492,-2.024,11.512,0.9993,0,10.621,-0.093,1.126,0.2698,6.269,-0.132,0.585,1.000,-1.205,-11.113,0.1090,0.0000,0.553,0.553,0.870,1.501,1.643,-2.117,0.0055,0.807,nan,0.00,1,1,1,0,1,0.0000,0.411,0,0.139,1,0.838,0,0,yolo,130.9,yolo,0,0,0,0.000,0,-1,0
1785653659.019,-1.498,-2.024,11.547,0.9990,0,9.121,-0.087,1.205,0.2696,6.269,-0.132,0.585,1.000,-1.205,-10.558,0.0793,-0.0139,0.523,0.523,0.856,1.506,1.640,-2.111,0.0054,0.810,nan,0.00,1,1,1,0,1,0.0000,0.411,0,0.139,1,0.838,0,0,yolo,130.9,yolo,0,0,0,0.000,0,-1,0
1785653659.051,-2.312,-2.036,11.456,0.9986,0,7.724,-0.082,1.205,0.2697,6.269,-0.132,0.585,1.000,-1.205,-10.036,0.0513,-0.0274,0.495,0.495,0.842,1.510,1.638,-2.118,0.0053,0.812,nan,0.00,1,1,1,0,1,0.0000,0.464,0,0.205,0,0.830,0,0,yolo,130.9,yolo,0,0,0,0.000,0,-1,0
1785653659.083,-3.027,-2.047,11.320,0.9980,0,9.224,-0.283,2.705,0.2849,5.871,-0.329,0.504,0.979,-3.206,-14.000,2.0509,0.8215,0.464,0.627,0.831,1.514,1.720,-2.330,0.0052,0.730,nan,0.00,1,1,1,1,1,0.0000,0.464,0,0.205,0,0.830,0,0,yolo,124.0,yolo,0,0,0,0.000,0,-1,0
1785653659.115,-3.878,-2.084,11.137,0.9971,0,9.092,-0.227,3.241,0.2699,5.871,-0.329,0.504,0.979,-3.206,-12.970,-0.1987,-0.0148,0.428,0.428,0.816,1.518,1.712,-2.312,0.0052,0.738,nan,0.00,1,1,1,0,1,0.0000,0.580,0,0.205,1,0.815,0,0,yolo,124.0,yolo,0,0,0,0.000,0,-1,0
1785653659.145,-3.878,-2.084,11.137,0.9971,0,9.092,-0.279,3.255,0.2699,5.871,-0.329,0.504,0.979,-3.206,-12.970,-0.1987,-0.0148,0.428,0.428,0.816,1.518,1.712,-2.363,0.0051,0.738,nan,0.00,1,1,1,0,1,0.0000,0.580,0,0.205,1,0.815,0,0,yolo,124.0,yolo,0,0,0,0.000,0,-1,0
1785653659.174,-4.820,-2.131,10.816,0.9958,0,7.592,-0.191,3.265,0.2701,5.871,-0.329,0.504,0.979,-3.206,-12.124,-0.2430,-0.0304,0.384,0.384,0.800,1.522,1.702,-2.322,0.0050,0.748,nan,0.00,1,1,1,0,1,0.0000,0.402,0,0.199,3,0.779,0,0,yolo,124.0,yolo,0,0,0,0.000,0,-1,0
1785653659.206,-5.611,-2.178,10.493,0.9945,0,6.092,-0.097,3.273,0.2535,5.871,-0.329,0.504,0.979,-3.206,-11.189,-0.2920,-0.0387,0.335,0.335,0.792,1.527,1.693,-2.275,0.0049,0.757,nan,0.00,1,1,1,0,1,0.0000,0.804,0,0.199,3,0.779,0,0,yolo,124.0,yolo,0,0,0,0.000,0,-1,0
1785653659.243,-6.216,-2.216,10.206,0.9934,0,7.592,-0.284,4.773,0.2701,5.431,-0.478,0.369,0.905,-5.032,-14.000,0.8654,0.6404,0.286,0.503,0.800,1.532,1.821,-2.500,0.0049,0.629,nan,0.00,1,1,1,1,1,0.0000,0.285,0,0.196,1,0.762,0,0,yolo,132.9,yolo,0,0,0,0.000,0,-1,0
1785653659.269,-6.216,-2.216,10.206,0.9934,0,7.784,-0.284,5.286,0.2706,5.431,-0.478,0.369,0.905,-5.032,-14.000,-0.2166,0.0000,0.286,0.286,0.800,1.532,1.821,-2.500,0.0048,0.629,nan,0.00,1,1,1,0,1,0.0000,0.285,0,0.196,1,0.762,0,0,yolo,132.9,yolo,0,0,0,0.000,0,-1,0
1785653659.305,-7.107,-2.313,9.694,0.9915,0,6.284,-0.187,5.329,0.2710,5.431,-0.478,0.369,0.905,-5.032,-13.379,-0.2748,0.0088,0.228,0.228,0.809,1.538,1.806,-2.500,0.0047,0.644,nan,0.00,1,1,1,0,1,0.0000,0.571,0,0.196,1,0.762,2,0,yolo,132.9,yolo,0,0,0,0.000,0,-1,0
1785653659.331,-7.772,-2.404,9.125,0.9899,0,4.784,-0.050,5.361,0.2714,5.431,-0.478,0.369,0.905,-5.032,-12.282,-0.3335,0.0231,0.169,0.169,0.823,1.544,1.792,-2.454,0.0047,0.658,nan,0.00,1,1,1,0,1,0.0000,0.679,0,0.191,2,0.741,0,0,yolo,132.9,yolo,0,0,0,0.000,0,-1,0
1785653659.360,-7.772,-2.404,9.125,0.9899,0,6.228,-0.096,6.861,0.2881,5.481,-0.684,0.251,0.914,-7.111,-14.000,2.9837,1.3079,0.169,0.749,0.823,1.544,1.816,-2.500,0.0046,0.571,nan,0.00,1,1,1,1,1,0.0000,0.679,0,0.191,2,0.741,0,0,yolo,136.4,yolo,0,0,0,0.000,0,-1,0
1785653659.393,-8.446,-2.507,8.481,0.9882,0,5.554,0.044,6.827,0.2718,5.481,-0.684,0.251,0.914,-7.111,-14.000,-0.6396,0.0076,0.109,0.109,0.831,1.551,1.801,-2.463,0.0046,0.588,nan,0.00,1,1,1,0,1,0.0000,0.785,0,0.186,3,0.716,0,0,yolo,136.4,yolo,0,0,0,0.000,0,-1,0
1785653659.424,-9.029,-2.607,7.788,0.9866,0,4.670,0.243,6.698,0.2721,5.481,-0.684,0.251,0.914,-7.111,-13.699,-0.7018,0.0128,0.047,0.047,0.836,1.560,1.786,-2.364,0.0045,0.604,nan,0.00,1,1,1,0,1,0.0000,0.785,0,0.186,3,0.716,0,0,yolo,136.4,yolo,0,0,0,0.000,0,-1,0
1785653659.456,-9.029,-2.607,7.788,0.9866,0,4.670,0.182,6.601,0.2721,5.481,-0.684,0.251,0.914,-7.111,-13.699,-0.7018,0.0128,0.047,0.047,0.836,1.560,1.786,-2.425,0.0044,0.604,nan,0.00,1,1,1,0,1,0.0000,0.901,0,0.188,4,0.679,0,0,yolo,136.4,yolo,0,0,0,0.000,0,-1,0
1785653659.488,-9.507,-2.683,7.153,0.9852,0,4.493,0.183,6.901,0.2888,5.106,-0.697,0.097,0.851,-7.770,-14.000,0.2935,0.7741,-0.017,0.419,0.827,1.569,1.883,-2.500,0.0044,0.449,nan,0.00,1,1,1,1,1,0.0000,0.791,0,0.190,3,0.693,0,0,yolo,124.8,yolo,0,0,0,0.000,0,-1,0
1785653659.519,-9.980,-2.777,6.500,0.9837,0,3.224,0.302,6.983,0.2728,5.106,-0.697,0.097,0.851,-7.770,-13.204,-0.5034,-0.0171,-0.084,-0.084,0.810,1.579,1.871,-2.476,0.0043,0.463,nan,0.00,1,1,1,0,1,0.0000,0.791,0,0.190,3,0.693,0,0,yolo,124.8,yolo,0,0,0,0.000,0,-1,0
1785653659.550,-10.278,-2.859,5.867,0.9827,0,1.798,0.476,7.045,0.2570,5.106,-0.697,0.097,0.851,-7.770,-12.077,-0.5648,-0.0336,-0.146,-0.146,0.793,1.590,1.862,-2.383,0.0043,0.474,nan,0.00,1,1,1,0,1,0.0000,0.782,0,0.183,3,0.737,0,0,yolo,124.8,yolo,0,0,0,0.000,0,-1,0
1785653659.580,-10.278,-2.859,5.867,0.9827,0,1.798,0.388,7.091,0.2570,5.106,-0.697,0.097,0.851,-7.770,-12.077,-0.5648,-0.0336,-0.146,-0.146,0.793,1.590,1.862,-2.472,0.0042,0.474,nan,0.00,1,1,1,0,1,0.0000,0.671,0,0.184,2,0.744,0,0,yolo,124.8,yolo,0,0,0,0.000,0,-1,0
1785653659.611,-10.436,-2.928,5.229,0.9822,0,3.298,0.554,7.886,0.2736,4.853,-0.739,-0.005,0.809,-8.654,-14.000,0.7487,0.9699,-0.205,0.215,0.797,1.602,1.860,-2.373,0.0042,0.377,nan,0.00,1,1,1,1,1,0.0000,0.334,0,0.182,2,0.729,0,0,yolo,132.6,yolo,0,0,0,0.000,0,-1,0
1785653659.642,-10.777,-3.009,4.492,0.9810,0,1.798,0.756,8.090,0.2734,4.853,-0.739,-0.005,0.809,-8.654,-11.743,-0.4846,0.0048,-0.270,-0.270,0.801,1.616,1.851,-2.253,0.0042,0.388,nan,0.00,1,1,1,0,1,0.0000,0.666,0,0.180,2,0.714,0,0,yolo,132.6,yolo,0,0,0,0.000,0,-1,0
1785653659.676,-10.928,-3.080,3.676,0.9804,0,0.298,0.944,8.242,0.2735,4.853,-0.739,-0.005,0.809,-8.654,-10.578,-0.5487,0.0075,-0.334,-0.334,0.804,1.631,1.845,-2.136,0.0041,0.396,nan,0.00,1,1,1,0,1,0.0000,0.666,0,0.180,2,0.714,0,0,yolo,132.6,yolo,0,0,0,0.000,0,-1,0
1785653659.711,-10.928,-3.080,3.676,0.9804,0,-0.350,0.824,8.357,0.2734,4.853,-0.739,-0.005,0.809,-8.654,-10.578,-0.5487,0.0075,-0.334,-0.334,0.804,1.631,1.845,-2.256,0.0041,0.396,nan,0.00,1,1,1,0,1,0.0000,0.664,0,0.179,2,0.693,0,0,yolo,132.6,yolo,0,0,0,0.000,0,-1,0
1785653659.751,-10.924,-3.131,2.905,0.9804,0,1.150,0.881,8.436,0.2901,4.605,-0.710,-0.112,0.767,-8.764,-14.000,0.0662,0.9015,-0.392,-0.046,0.811,1.646,1.890,-2.250,0.0041,0.276,nan,0.00,1,1,1,1,1,0.0000,0.496,0,0.121,2,0.667,0,0,yolo,130.7,yolo,0,0,0,0.000,0,-1,0
1785653659.781,-10.861,-3.198,2.115,0.9806,0,-0.350,1.071,8.481,0.2734,4.605,-0.710,-0.112,0.767,-8.764,-8.931,-0.4035,0.0058,-0.449,-0.449,0.817,1.663,1.887,-2.127,0.0040,0.281,nan,0.00,1,1,1,0,1,0.0000,0.390,0,0.112,1,0.650,0,0,yolo,130.7,yolo,0,0,0,0.000,0,-1,0
1785653659.812,-10.796,-3.240,1.254,0.9807,0,-1.850,1.234,8.514,0.2733,4.605,-0.710,-0.112,0.767,-8.764,-7.863,-0.4627,-0.0062,-0.509,-0.509,0.805,1.681,1.885,-2.007,0.0040,0.283,nan,0.00,1,1,1,0,1,0.0000,0.390,0,0.112,1,0.650,0,0,yolo,130.7,yolo,0,0,0,0.000,0,-1,0
1785653659.849,-10.796,-3.240,1.254,0.9807,0,-2.932,1.083,8.539,0.2732,4.605,-0.710,-0.112,0.767,-8.764,-7.863,-0.4627,-0.0062,-0.509,-0.509,0.805,1.681,1.885,-2.158,0.0040,0.283,nan,0.00,1,1,1,0,1,0.0000,0.487,0,0.112,2,0.633,0,0,yolo,130.7,yolo,0,0,0,0.000,0,-1,0
1785653659.891,-10.284,-3.290,-0.297,0.9823,0,-1.432,1.462,7.988,0.2899,4.334,-0.634,-0.211,0.722,-8.317,-9.606,-0.2537,0.9617,-0.603,-0.319,0.778,1.717,1.899,-1.829,0.0040,0.155,nan,0.00,1,1,1,1,1,0.0000,0.484,0,0.109,2,0.620,0,0,yolo,125.4,yolo,0,0,0,0.000,0,-1,0
1785653659.921,-10.280,-3.291,-0.306,0.9823,0,-2.932,1.277,7.849,0.2732,4.334,-0.634,-0.211,0.722,-8.317,-5.441,-0.2849,-0.0002,-0.604,-0.604,0.778,1.717,1.899,-2.014,0.0039,0.155,nan,0.00,1,1,1,0,1,0.0000,0.491,0,0.116,2,0.613,0,0,yolo,125.4,yolo,0,0,0,0.000,0,-1,0
1785653659.952,-9.936,-3.289,-1.096,0.9834,0,-4.432,1.401,7.745,0.2671,4.334,-0.634,-0.211,0.722,-8.317,-4.573,-0.3334,-0.0168,-0.652,-0.652,0.761,1.736,1.899,-1.888,0.0039,0.151,nan,0.00,1,1,1,0,1,0.0000,0.492,0,0.117,2,0.602,0,0,yolo,125.4,yolo,0,0,0,0.000,0,-1,0
1785653659.984,-9.427,-3.265,-1.837,0.9849,0,-5.601,1.470,7.667,0.2664,4.334,-0.634,-0.211,0.722,-8.317,-3.826,-0.3751,-0.0283,-0.694,-0.694,0.750,1.755,1.899,-1.794,0.0039,0.143,nan,0.00,1,1,1,0,1,0.0000,0.492,0,0.117,2,0.602,0,0,yolo,125.4,yolo,0,0,0,0.000,0,-1,0
1785653660.019,-9.427,-3.265,-1.837,0.9849,0,-4.101,1.268,6.916,0.2830,4.052,-0.530,-0.305,0.675,-7.451,-6.321,-0.4593,0.9433,-0.694,-0.332,0.750,1.755,1.912,-1.997,0.0039,0.017,nan,0.00,1,1,1,1,1,0.0000,0.495,0,0.120,2,0.595,0,0,yolo,125.8,yolo,0,0,0,0.000,0,-1,0
1785653660.053,-8.832,-3.230,-2.552,0.9866,0,-5.601,1.354,6.874,0.2710,4.052,-0.530,-0.305,0.675,-7.451,-0.892,-0.3953,-0.0062,-0.728,-0.728,0.744,1.773,1.912,-1.876,0.0039,0.009,nan,0.00,1,1,1,0,1,0.0000,0.494,0,0.119,2,0.589,0,0,yolo,125.8,yolo,0,0,0,0.000,0,-1,0
1785653660.093,-8.178,-3.186,-3.269,0.9883,0,-7.101,1.423,6.843,0.2705,4.052,-0.530,-0.305,0.675,-7.451,-0.282,-0.4298,-0.0124,-0.762,-0.762,0.737,1.792,1.912,-1.763,0.0039,-0.001,nan,0.00,1,1,1,0,1,0.0000,0.391,0,0.114,1,0.577,0,0,yolo,125.8,yolo,0,0,0,0.000,0,-1,0
1785653660.124,-7.403,-3.123,-3.907,0.9902,0,-6.480,1.316,5.410,0.2872,3.836,-0.416,-0.373,0.639,-6.188,-0.923,-0.8453,1.0586,-0.786,-0.440,0.732,1.809,1.955,-1.806,0.0039,-0.107,nan,0.00,1,1,1,1,1,0.0000,0.391,0,0.114,1,0.577,0,0,yolo,129.5,yolo,0,0,0,0.000,0,-1,0
1785653660.156,-6.725,-3.054,-4.438,0.9917,0,-7.980,1.281,4.990,0.2733,3.836,-0.416,-0.373,0.639,-6.188,2.835,-0.3689,-0.0096,-0.809,-0.809,0.723,1.824,1.955,-1.773,0.0039,-0.117,nan,0.00,1,1,1,0,1,0.0000,0.327,0,0.034,2,0.563,0,0,yolo,129.5,yolo,0,0,0,0.000,0,-1,0
1785653660.186,-6.725,-3.054,-4.438,0.9917,0,-9.480,1.115,4.676,0.2733,3.836,-0.416,-0.373,0.639,-6.188,2.835,-0.3689,-0.0096,-0.809,-0.809,0.723,1.824,1.955,-1.939,0.0040,-0.117,nan,0.00,1,1,1,0,1,0.0000,0.325,0,0.032,2,0.552,0,0,yolo,129.5,yolo,0,0,0,0.000,0,-1,0
1785653660.218,-5.811,-2.964,-4.914,0.9935,0,-8.949,1.098,4.440,0.2724,3.836,-0.416,-0.373,0.639,-6.188,3.138,-0.3862,-0.0268,-0.826,-0.826,0.705,1.839,1.955,-1.866,0.0040,-0.130,nan,0.00,1,1,1,0,1,0.0000,0.325,0,0.032,2,0.552,0,0,yolo,129.5,yolo,0,0,0,0.000,0,-1,0
1785653660.249,-4.831,-2.888,-5.349,0.9952,0,-7.873,1.158,2.991,0.2891,3.596,-0.287,-0.429,0.599,-4.563,3.043,-0.7649,0.6863,-0.835,-0.531,0.684,1.852,1.919,-1.730,0.0040,-0.221,nan,0.00,1,1,1,1,1,0.0000,0.320,0,0.026,2,0.534,0,0,yolo,130.4,yolo,0,0,0,0.000,0,-1,0
1785653660.281,-4.083,-2.800,-5.632,0.9963,0,-9.373,1.065,2.780,0.2748,3.596,-0.287,-0.429,0.599,-4.563,6.139,-0.3115,-0.0248,-0.842,-0.842,0.660,1.861,1.919,-1.736,0.0040,-0.231,nan,0.00,1,1,1,0,1,0.0000,0.240,0,0.026,1,0.522,0,0,yolo,130.4,yolo,0,0,0,0.000,0,-1,0
1785653660.313,-3.315,-2.702,-5.901,0.9972,0,-9.515,0.961,2.622,0.2735,3.596,-0.287,-0.429,0.599,-4.563,6.200,-0.3150,-0.0566,-0.846,-0.846,0.628,1.870,1.919,-1.742,0.0040,-0.241,nan,0.00,1,1,1,0,1,0.0000,0.240,0,0.026,1,0.522,0,0,yolo,130.4,yolo,0,0,0,0.000,0,-1,0
1785653660.345,-3.300,-2.701,-5.905,0.9972,0,-9.501,0.847,2.503,0.2735,3.596,-0.287,-0.429,0.599,-4.563,6.201,-0.3151,-0.0571,-0.846,-0.846,0.627,1.870,1.919,-1.854,0.0041,-0.242,nan,0.00,1,1,1,0,1,0.0000,0.120,0,0.027,1,0.511,0,0,yolo,130.4,yolo,0,0,0,0.000,0,-1,0
1785653660.381,-2.298,-2.624,-6.143,0.9981,0,-9.096,1.053,1.003,0.2902,3.336,-0.151,-0.483,0.556,-2.598,6.797,-0.6867,0.4884,-0.842,-0.594,0.599,1.878,1.818,-1.572,0.0041,-0.323,nan,0.00,1,1,1,1,1,0.0000,0.120,0,0.026,1,0.502,2,0,yolo,125.2,yolo,0,0,0,0.000,0,-1,0
1785653660.423,-1.328,-2.515,-6.262,0.9988,0,-10.316,0.950,0.476,0.2767,3.336,-0.151,-0.483,0.556,-2.598,8.988,-0.2411,-0.0375,-0.835,-0.835,0.561,1.884,1.812,-1.565,0.0041,-0.332,nan,0.00,1,1,1,0,1,0.0000,0.245,0,0.033,1,0.480,0,0,yolo,125.2,yolo,0,0,0,0.000,0,-1,0
1785653660.455,-0.047,-2.401,-6.279,0.9991,0,-8.816,0.826,0.248,0.2753,3.336,-0.151,-0.483,0.556,-2.598,8.706,-0.2245,-0.0759,-0.818,-0.818,0.523,1.888,1.805,-1.574,0.0042,-0.342,nan,0.00,1,1,1,0,1,0.0000,0.164,0,0.034,0,0.474,0,0,yolo,125.2,yolo,0,0,0,0.000,0,-1,0
1785653660.486,-0.047,-2.401,-6.279,0.9991,0,-8.753,0.760,0.076,0.2753,3.336,-0.151,-0.483,0.556,-2.598,8.706,-0.2245,-0.0759,-0.818,-0.818,0.523,1.888,1.805,-1.640,0.0042,-0.342,nan,0.00,1,1,1,0,1,0.0000,0.164,0,0.034,0,0.474,0,0,yolo,125.2,yolo,0,0,0,0.000,0,-1,0
1785653660.517,0.876,-2.319,-6.288,0.9991,0,-10.253,0.888,-1.424,0.2920,3.066,-0.024,-0.530,0.511,-0.453,14.000,-1.7209,0.9432,-0.798,-0.802,0.495,1.891,1.718,-1.431,0.0042,-0.405,nan,0.00,1,1,1,1,1,0.0000,0.255,0,0.050,1,0.471,0,0,yolo,118.4,yolo,0,0,0,0.000,0,-1,0
1785653660.549,2.027,-2.226,-6.161,0.9986,0,-8.753,0.762,-1.769,0.2795,3.066,-0.024,-0.530,0.511,-0.453,10.316,0.0306,-0.0333,-0.771,-0.771,0.462,1.891,1.715,-1.464,0.0043,-0.411,nan,0.00,1,1,1,0,1,0.0000,0.255,0,0.050,1,0.471,0,0,yolo,118.4,yolo,0,0,0,0.000,0,-1,0
1785653660.580,2.027,-2.226,-6.161,0.9986,0,-8.289,0.733,-1.927,0.2795,3.066,-0.024,-0.530,0.511,-0.453,10.316,0.0306,-0.0333,-0.771,-0.771,0.462,1.891,1.715,-1.493,0.0043,-0.411,nan,0.00,1,1,1,0,1,0.0000,0.190,0,0.100,1,0.433,0,0,yolo,118.4,yolo,0,0,0,0.000,0,-1,0
1785653660.612,2.943,-2.153,-5.957,0.9980,0,-6.889,0.626,-2.046,0.2781,3.066,-0.024,-0.530,0.511,-0.453,9.832,0.0597,-0.0716,-0.742,-0.742,0.423,1.889,1.712,-1.527,0.0044,-0.415,nan,0.00,1,1,1,0,1,0.0000,0.190,0,0.100,1,0.433,0,0,yolo,118.4,yolo,0,0,0,0.000,0,-1,0
1785653660.649,3.671,-2.097,-5.759,0.9973,0,-5.616,0.544,-2.136,0.2770,3.066,-0.024,-0.530,0.511,-0.453,9.287,0.0925,-0.1040,-0.709,-0.709,0.391,1.888,1.710,-1.553,0.0044,-0.418,nan,0.00,1,1,1,0,1,0.0000,0.190,0,0.100,1,0.433,3,0,yolo,118.4,yolo,0,0,0,0.000,0,-1,0
1785653660.676,3.671,-2.097,-5.759,0.9973,0,-5.616,0.543,-2.203,0.2770,3.066,-0.024,-0.530,0.511,-0.453,9.287,0.0925,-0.1040,-0.709,-0.709,0.391,1.888,1.710,-1.554,0.0044,-0.418,nan,0.00,1,1,1,0,1,0.0000,0.201,0,0.129,1,0.172,0,0,yolo,118.4,yolo,0,0,0,0.000,0,-1,0
1785653660.715,4.339,-2.047,-5.528,0.9965,0,-4.289,0.468,-2.253,0.2758,3.066,-0.024,-0.530,0.511,-0.453,8.627,0.1321,-0.1387,-0.669,-0.669,0.356,1.885,1.709,-1.579,0.0045,-0.420,nan,0.00,1,1,1,0,1,0.0000,0.195,0,0.114,1,0.200,0,0,yolo,118.4,yolo,0,0,0,0.000,0,-1,0
1785653660.753,4.843,-2.010,-5.305,0.9958,0,-5.789,0.957,-3.753,0.2925,2.067,0.292,-0.712,0.344,8.029,14.000,-0.0000,0.3234,-0.631,-0.631,0.323,1.883,1.489,-1.052,0.0045,-0.407,nan,0.00,1,1,0,1,1,0.0000,0.195,0,0.114,1,0.200,0,0,yolo,122.9,yolo,0,0,0,0.000,0,-1,0
1785653660.785,5.354,-1.966,-5.063,0.9951,0,-7.289,0.882,-5.253,0.2951,2.067,0.292,-0.712,0.344,8.029,14.000,0.0392,0.2946,-0.592,-0.592,0.295,1.881,1.494,-1.084,0.0045,-0.395,nan,0.00,1,1,0,0,1,-0.8122,0.400,1,0.272,3,0.100,0,0,yolo,122.9,yolo,0,0,0,0.000,0,-1,0
1785653660.816,6.165,-1.928,-4.519,0.9937,0,-7.835,0.770,-6.753,0.2932,2.067,0.292,-0.712,0.344,8.029,14.000,0.0763,0.2526,-0.555,-0.555,0.253,1.875,1.498,-1.157,0.0045,-0.383,nan,0.00,1,1,0,0,1,-0.8122,0.400,1,0.272,3,0.100,0,0,yolo,122.9,yolo,0,0,0,0.000,0,-1,0
1785653660.847,6.165,-1.928,-4.519,0.9937,0,-7.835,0.790,-7.083,0.2929,2.067,0.292,-0.712,0.344,8.029,14.000,0.0763,0.2526,-0.555,-0.555,0.253,1.875,1.502,-1.137,0.0045,-0.372,nan,0.00,1,1,0,0,1,-0.7032,0.400,1,0.279,3,0.072,0,0,yolo,122.9,yolo,0,0,0,0.000,0,-1,0
1785653660.878,6.932,-1.924,-3.906,0.9921,0,-6.896,0.716,-7.197,0.2908,2.067,0.292,-0.712,0.344,8.029,13.828,0.1110,0.2055,-0.520,-0.520,0.206,1.869,1.505,-1.208,0.0045,-0.361,nan,0.00,1,1,0,0,1,-0.5941,0.400,1,0.279,3,0.072,0,0,yolo,122.9,yolo,0,0,0,0.000,0,-1,0
1785653660.909,7.633,-1.938,-3.195,0.9906,0,-5.600,0.668,-7.282,0.2883,2.067,0.292,-0.712,0.344,8.029,13.233,0.1508,0.1467,-0.480,-0.480,0.147,1.862,1.509,-1.270,0.0045,-0.350,nan,0.00,1,1,0,0,1,-0.4850,0.375,1,0.347,3,0.105,0,0,yolo,122.9,yolo,0,0,0,0.000,0,-1,0
1785653660.941,7.633,-1.938,-3.195,0.9906,0,-5.600,0.704,-7.347,0.2880,2.067,0.292,-0.712,0.344,8.029,13.233,0.1508,0.1467,-0.480,-0.480,0.147,1.862,1.513,-1.233,0.0045,-0.339,nan,0.00,1,1,0,0,1,-0.3759,0.375,1,0.347,3,0.105,0,0,yolo,122.9,yolo,0,0,0,0.000,0,-1,0
1785653660.972,8.232,-1.965,-2.456,0.9891,0,-4.293,0.673,-7.395,0.2852,2.067,0.292,-0.712,0.344,8.029,12.525,0.1979,0.0821,-0.433,-0.433,0.082,1.856,1.516,-1.292,0.0045,-0.329,nan,0.00,1,1,0,0,1,-0.2668,0.375,1,0.345,3,0.050,0,0,yolo,122.9,yolo,0,0,0,0.000,0,-1,0
1785653661.003,8.659,-1.996,-1.762,0.9880,0,-2.793,1.473,-5.895,0.2826,4.000,0.074,0.000,0.233,1.061,2.557,-0.0000,0.0257,-0.388,-0.388,0.026,1.851,1.200,-0.523,0.0045,-0.319,nan,0.00,0,1,0,1,1,-0.1578,0.375,1,0.345,3,0.050,0,1,blueline,,BLUELINE,0,0,0,0.000,0,-1,0
1785653661.036,9.074,-2.029,-1.077,0.9869,0,-4.276,1.502,-7.395,0.2804,4.000,0.831,0.000,0.233,11.732,13.350,-4.1888,-0.0235,-0.341,-0.341,-0.024,1.847,1.200,-0.528,0.0045,-0.310,nan,0.00,0,1,0,1,1,-0.0487,0.375,1,0.347,3,0.040,0,0,blueline,,BLUELINE,0,0,0,0.000,0,-1,0
1785653661.068,9.074,-2.029,-1.077,0.9869,0,-2.776,1.545,-8.895,0.2801,4.000,0.831,0.000,0.233,11.732,8.464,0.0000,-0.0235,-0.341,-0.341,-0.024,1.847,1.200,-0.484,0.0045,-0.300,nan,0.00,0,1,0,0,1,0.0604,0.375,1,0.347,3,0.040,0,0,blueline,,BLUELINE,0,0,0,0.000,0,-1,0
1785653661.098,9.535,-1.985,-0.408,0.9856,0,-4.276,1.488,-10.395,0.2787,4.000,1.677,0.000,0.233,22.747,14.000,-4.1888,-0.0566,-0.290,-0.290,-0.057,1.844,1.200,-0.497,0.0045,-0.291,nan,0.00,0,1,0,1,1,0.1695,0.333,1,0.355,2,-0.017,0,0,blueline,,BLUELINE,0,0,0,0.000,0,-1,0
1785653661.128,9.941,-2.006,0.572,0.9844,0,-4.059,1.483,-11.895,0.2776,4.000,1.677,0.000,0.233,22.747,14.000,0.0401,-0.0824,-0.250,-0.250,-0.082,1.840,1.200,-0.523,0.0045,-0.283,nan,0.00,0,1,0,0,1,0.1695,0.333,1,0.355,2,-0.017,0,0,blueline,,BLUELINE,0,0,0,0.000,0,-1,0
1785653661.162,10.317,-2.064,1.739,0.9832,0,-3.683,1.523,-12.000,0.2767,4.000,2.518,0.000,0.233,25.000,14.000,-4.1888,-0.1046,-0.213,-0.213,-0.105,1.836,1.200,-0.541,0.0045,-0.274,nan,0.00,0,1,0,1,1,0.3877,0.333,1,0.355,2,-0.049,0,0,blueline,,BLUELINE,0,0,0,0.000,0,-1,0
1785653661.193,10.317,-2.064,1.739,0.9832,0,-3.683,1.562,-13.500,0.2764,4.000,2.771,0.000,0.667,25.000,14.000,-0.0000,-0.1046,-0.213,-0.213,-0.105,1.836,1.200,-0.502,0.0045,-0.266,nan,8.00,1,1,0,1,1,0.4809,0.667,1,0.357,2,-0.045,0,0,blueline,,BLUELINE,0,0,0,0.000,0,-1,0
1785653661.230,10.650,-2.116,2.851,0.9821,0,-3.350,1.314,-15.000,0.2756,4.000,1.166,0.000,0.667,16.253,14.000,-0.0000,-0.1223,-0.173,-0.173,-0.122,1.833,1.316,-0.802,0.0045,-0.258,nan,8.00,1,1,0,1,1,0.5494,0.667,1,0.355,2,-0.042,0,1,track,,TRACK,0,0,0,0.000,0,-1,0
1785653661.271,10.992,-2.194,4.106,0.9809,0,-3.008,1.393,-16.500,0.2750,4.000,1.166,0.000,0.667,16.253,14.000,0.0401,-0.1388,-0.133,-0.133,-0.139,1.831,1.316,-0.802,0.0045,-0.250,nan,8.00,1,1,0,0,1,0.6008,0.667,1,0.355,2,-0.042,0,0,track,,TRACK,0,0,0,0.000,0,-1,0
1785653661.303,12.695,-8.962,-23.559,0.9636,0,-1.508,2.893,-18.000,0.2683,4.000,3.179,0.000,0.667,25.000,14.000,-0.0000,-0.3820,1.340,1.340,-0.382,-0.041,1.200,-2.000,0.0045,-0.243,nan,8.00,1,1,0,1,1,0.6407,0.667,1,0.359,2,-0.036,0,1,blueline,,BLUELINE,0,0,0,0.000,0,-1,0
1785653661.334,12.619,-6.528,-24.247,0.9695,0,-1.381,4.028,-19.500,0.2546,4.000,3.179,0.000,0.667,25.000,14.000,0.6739,-0.6378,2.014,2.014,-0.638,-1.699,1.200,-2.500,0.0045,-0.235,nan,8.00,1,1,0,0,1,0.6707,0.667,1,0.359,2,-0.036,0,0,blueline,,BLUELINE,0,0,0,0.000,0,-1,0
1785653661.364,12.587,-6.934,-20.162,0.9688,0,-1.413,4.434,-20.000,0.2435,4.000,3.055,0.000,0.667,25.000,14.000,-0.0000,-0.8769,2.817,2.817,-0.877,-3.253,1.200,-2.500,0.0045,-0.228,nan,8.00,1,1,0,1,1,0.6189,0.750,1,0.509,4,0.003,0,0,blueline,,BLUELINE,0,0,0,0.000,0,-1,0
1785653661.396,12.587,-6.934,-20.162,0.9688,0,-1.413,4.434,-20.000,0.2433,4.000,3.055,0.000,0.667,25.000,14.000,0.0000,-0.8769,2.817,2.817,-0.877,-3.253,1.200,-2.500,0.0045,-0.222,nan,8.00,1,1,0,0,1,0.5800,0.750,1,0.509,4,0.003,0,0,blueline,,BLUELINE,0,0,0,0.000,0,-1,0
1785653661.427,12.573,-6.641,-17.972,0.9695,0,-1.427,4.141,-20.000,0.2344,4.000,3.110,0.000,0.667,25.000,14.000,-0.0000,-1.0599,3.660,3.660,-1.060,-4.937,1.200,-2.500,0.0045,-0.215,nan,8.00,1,1,0,1,1,0.6373,0.786,1,0.432,4,-0.083,0,0,blueline,,BLUELINE,0,0,0,0.000,0,-1,0
1785653661.459,12.611,-6.360,-16.441,0.9699,0,0.073,3.860,-20.000,0.2287,4.000,3.110,0.000,0.667,25.000,7.609,0.8027,-1.1760,4.462,4.462,-1.176,-6.518,1.200,-2.500,0.0045,-0.208,nan,8.00,1,1,0,0,1,0.6803,0.786,1,0.432,4,-0.083,0,0,blueline,,BLUELINE,0,0,0,0.000,0,-1,0
1785653661.490,12.611,-6.360,-16.441,0.9699,0,-1.389,3.860,-20.000,0.2454,16.119,7.311,-5.323,1.000,24.399,14.000,-0.0000,-0.0000,4.462,4.462,-1.176,-6.518,1.200,-2.500,0.0045,-1.790,nan,8.00,1,1,1,1,1,0.6953,0.900,1,0.266,4,0.043,0,1,yolo,126.6,yolo,0,0,0,0.000,0,-1,0
1785653661.521,12.434,-6.257,-14.333,0.9707,0,-1.566,3.757,-20.000,0.2620,16.119,7.311,-5.323,1.000,24.399,14.000,0.3200,0.0794,4.782,4.782,-1.097,-6.293,1.200,-2.500,0.0045,-1.845,nan,8.00,1,1,1,0,1,0.7065,0.900,1,0.266,4,0.043,0,0,yolo,126.6,yolo,0,0,0,0.000,0,-1,0
1785653661.565,12.402,-6.183,-12.562,0.9710,0,-1.598,3.683,-18.500,0.2787,16.119,7.311,-5.323,1.000,24.399,14.000,0.5752,0.2344,5.038,5.038,-0.942,-6.100,1.200,-2.500,0.0045,-1.871,nan,0.00,1,1,1,0,1,0.0000,0.702,0,0.210,2,0.139,1,0,yolo,126.6,yolo,0,0,0,0.000,0,-1,0
1785653661.598,12.413,-6.094,-10.709,0.9711,0,-1.587,3.594,-17.000,0.2954,16.119,7.311,-5.323,1.000,24.399,14.000,0.8409,0.3818,5.303,5.303,-0.794,-5.888,1.200,-2.500,0.0045,-1.895,nan,0.00,1,1,1,0,1,0.0000,0.830,0,0.218,3,0.193,0,0,yolo,126.6,yolo,0,0,0,0.000,0,-1,0
1785653661.636,12.422,-6.009,-8.910,0.9712,0,-1.578,3.509,-15.500,0.3120,15.539,8.092,-5.748,1.000,25.000,14.000,-0.9783,1.9773,5.556,2.468,-0.696,-5.675,1.200,-2.500,0.0045,-2.224,nan,0.00,1,1,1,1,1,0.0000,0.830,0,0.218,3,0.193,2,0,yolo,134.0,yolo,0,0,0,0.000,0,-1,0
1785653661.676,12.449,-5.907,-7.561,0.9713,0,-1.551,3.407,-14.000,0.3287,15.539,8.092,-5.748,1.000,25.000,14.000,3.2843,0.0116,5.752,5.752,-0.684,-5.504,1.200,-2.500,0.0045,-2.248,nan,0.00,1,1,1,0,1,0.0000,0.791,0,0.190,3,0.113,0,0,yolo,134.0,yolo,0,0,0,0.000,0,-1,0
1785653661.707,12.481,-5.807,-6.177,0.9714,0,-1.519,3.307,-12.500,0.3380,15.539,8.092,-5.748,1.000,25.000,14.000,3.4838,-0.0036,5.951,5.951,-0.699,-5.324,1.200,-2.500,0.0045,-2.271,nan,0.00,1,1,1,0,1,1.3036,0.400,1,0.253,3,0.091,0,0,yolo,134.0,yolo,0,0,0,0.000,0,-1,0
1785653661.739,12.548,-5.648,-4.907,0.9714,0,-1.452,3.148,-14.000,0.3354,15.539,8.092,-5.748,1.000,25.000,14.000,3.6814,-0.0587,6.149,6.149,-0.754,-5.146,1.200,-2.500,0.0045,-2.304,nan,8.00,1,1,1,0,1,1.3036,0.800,1,0.253,3,0.091,0,0,yolo,134.0,yolo,0,0,0,0.000,0,-1,0
1785653661.786,12.592,-5.546,-3.537,0.9714,0,-1.408,3.046,-12.500,0.3521,15.363,8.153,-5.876,1.000,25.000,14.000,-0.0000,1.4976,6.352,3.163,-0.849,-4.954,1.200,-2.500,0.0045,-2.454,nan,0.00,1,1,1,1,1,0.0000,0.776,0,0.179,3,0.239,0,0,yolo,123.0,yolo,0,0,0,0.000,0,-1,0
1785653661.817,12.637,-5.455,-2.202,0.9714,0,-1.363,2.955,-12.000,0.3354,15.363,8.153,-5.876,1.000,25.000,14.000,3.3836,-0.1301,6.547,6.547,-0.979,-4.761,1.200,-2.500,0.0045,-2.472,nan,0.00,1,1,1,0,1,0.0000,0.806,0,0.201,3,0.247,0,0,yolo,123.0,yolo,0,0,0,0.000,0,-1,0
1785653661.848,12.637,-5.455,-2.202,0.9714,0,-1.363,2.955,-12.000,0.3321,15.363,8.153,-5.876,1.000,25.000,14.000,3.3836,-0.1301,6.547,6.547,-0.979,-4.761,1.200,-2.500,0.0045,-2.472,nan,0.00,1,1,1,0,1,0.0000,0.806,0,0.201,3,0.247,0,0,yolo,123.0,yolo,0,0,0,0.000,0,-1,0
1785653661.879,12.688,-5.351,-0.973,0.9713,0,-1.312,2.851,-12.000,0.3488,15.699,7.488,-5.834,1.000,25.000,14.000,-0.0000,0.9285,6.731,3.565,-1.136,-4.574,1.200,-2.500,0.0045,-2.565,nan,0.00,1,1,1,1,1,0.0000,0.807,0,0.201,3,0.256,0,0,yolo,129.2,yolo,0,0,0,0.000,0,-1,0
1785653661.910,12.688,-5.351,-0.973,0.9713,0,-1.312,2.851,-12.000,0.3382,15.699,7.488,-5.834,1.000,25.000,14.000,3.1662,0.0000,6.731,6.731,-1.136,-4.574,1.200,-2.500,0.0045,-2.565,nan,0.00,1,1,1,0,1,0.0000,0.807,0,0.201,3,0.256,0,0,yolo,129.2,yolo,0,0,0,0.000,0,-1,0
1785653661.941,12.733,-5.271,0.306,0.9713,0,-0.511,2.771,-12.000,0.3215,15.699,7.488,-5.834,1.000,25.000,13.244,3.3523,-0.1829,6.917,6.917,-1.319,-4.377,1.200,-2.500,0.0045,-2.581,nan,0.00,1,1,1,0,1,0.0000,0.696,0,0.205,2,0.152,0,0,yolo,129.2,yolo,0,0,0,0.000,0,-1,0
1785653661.972,12.749,-5.209,1.495,0.9713,0,0.989,2.709,-12.000,0.3048,15.699,7.488,-5.834,1.000,25.000,11.522,3.5203,-0.3496,7.085,7.085,-1.486,-4.189,1.200,-2.500,0.0045,-2.596,nan,0.00,1,1,1,0,1,0.0000,0.696,0,0.205,2,0.152,0,0,yolo,129.2,yolo,0,0,0,0.000,0,-1,0
1785653662.003,12.518,-5.161,2.704,0.9723,0,2.489,2.661,-12.000,0.2882,15.966,6.544,-5.659,1.000,22.288,8.001,5.6682,0.4334,7.263,4.007,-1.626,-3.994,1.200,-2.500,0.0045,-2.653,nan,0.00,1,1,1,1,1,0.0000,0.299,0,0.123,0,0.157,0,0,yolo,125.6,yolo,0,0,0,0.000,0,-1,0
1785653662.033,12.518,-5.161,2.704,0.9723,0,3.989,2.661,-12.000,0.2761,15.966,6.544,-5.659,1.000,22.288,3.214,3.2560,0.0000,7.263,7.263,-1.626,-3.994,1.200,-2.500,0.0045,-2.653,nan,0.00,1,1,1,0,1,0.0000,0.299,0,0.123,0,0.157,0,0,yolo,125.6,yolo,0,0,0,0.000,0,-1,0
1785653662.064,12.149,-5.115,3.912,0.9737,0,5.489,2.615,-12.000,0.2757,15.966,6.544,-5.659,1.000,22.288,1.391,3.4332,-0.0900,7.440,7.440,-1.716,-3.794,1.200,-2.500,0.0045,-2.715,nan,0.00,1,1,1,0,1,0.0000,0.281,0,0.187,1,0.191,0,0,yolo,125.6,yolo,0,0,0,0.000,0,-1,0
1785653662.096,11.512,-5.069,5.015,0.9761,0,6.989,2.569,-12.000,0.2751,15.966,6.544,-5.659,1.000,22.288,-0.349,3.6022,-0.1296,7.609,7.609,-1.755,-3.609,1.200,-2.500,0.0045,-2.812,nan,0.00,1,1,1,0,1,0.0000,0.562,0,0.187,1,0.191,0,0,yolo,125.6,yolo,0,0,0,0.000,0,-1,0
1785653662.127,9.945,-3.360,3.445,0.9833,0,8.489,1.069,-13.500,0.2730,15.966,6.544,-5.659,1.000,22.288,-0.674,3.6337,-0.1984,7.640,7.640,-1.824,-3.756,1.200,-2.500,0.0045,-3.501,nan,8.00,1,1,1,0,1,0.8129,0.500,1,0.260,0,0.205,0,0,yolo,125.6,yolo,0,0,0,0.000,0,-1,0
1785653662.162,9.034,-3.608,6.573,0.9856,0,9.989,1.108,-12.000,0.2724,16.252,5.464,-5.411,1.000,18.584,-12.223,6.3027,-0.2811,7.931,5.437,-1.856,-3.291,1.200,-2.500,0.0045,-3.454,nan,0.00,1,1,1,1,1,0.8443,0.300,1,0.304,1,0.695,0,0,yolo,131.0,yolo,0,0,0,0.000,0,-1,0
1785653662.203,7.967,-3.961,9.953,0.9880,0,11.489,2.266,-13.500,0.2717,16.252,5.464,-5.411,1.000,18.584,-9.166,2.7772,-0.0117,8.214,8.214,-1.868,-2.771,1.200,-1.695,0.0045,-3.467,nan,8.00,1,1,1,0,1,0.8678,0.600,1,0.304,1,0.695,0,0,yolo,131.0,yolo,0,0,0,0.000,0,-1,0
1785653662.237,7.938,-3.959,9.983,0.9881,0,12.989,1.459,-15.000,0.2717,16.252,5.464,-5.411,1.000,18.584,-9.207,2.7812,-0.0117,8.218,8.218,-1.868,-2.765,1.200,-2.500,0.0045,-3.471,nan,8.00,1,1,1,0,1,0.8464,0.500,1,0.378,0,0.165,0,0,yolo,131.0,yolo,0,0,0,0.000,0,-1,0
1785653662.268,6.780,-3.672,10.638,0.9910,0,14.489,1.172,-16.500,0.2709,16.673,4.334,-5.159,1.000,14.572,-14.000,8.7564,0.4732,8.345,5.958,-1.870,-2.630,1.200,-2.500,0.0045,-3.534,nan,8.00,1,1,1,1,1,0.8378,0.500,1,0.376,0,0.169,0,0,yolo,128.3,yolo,0,0,0,0.000,0,-1,0
1785653662.300,5.631,-3.541,11.680,0.9933,0,15.989,1.041,-18.000,0.2703,16.673,4.334,-5.159,1.000,14.572,-14.000,2.5124,0.0541,8.471,8.471,-1.816,-2.449,1.200,-2.500,0.0045,-3.670,nan,8.00,1,1,1,0,1,0.8401,0.500,1,0.306,0,0.617,0,0,yolo,128.3,yolo,0,0,0,0.000,0,-1,0
1785653662.336,4.103,-3.484,13.231,0.9956,0,17.489,0.984,-19.500,0.2697,16.673,4.334,-5.159,1.000,14.572,-14.000,2.6582,0.1049,8.616,8.616,-1.766,-2.190,1.200,-2.500,0.0045,-3.813,nan,8.00,1,1,1,0,1,0.8419,0.500,1,0.306,0,0.617,0,0,yolo,128.3,yolo,0,0,0,0.000,0,-1,0
1785653662.377,2.355,-3.407,14.938,0.9974,0,16.355,1.883,-20.000,0.2692,16.673,4.334,-5.159,1.000,14.572,-14.000,2.7908,0.1416,8.749,8.749,-1.729,-1.904,1.200,-1.524,0.0045,-3.977,nan,8.00,1,1,1,0,1,0.8373,0.600,1,0.301,1,0.613,0,0,yolo,128.3,yolo,0,0,0,0.000,0,-1,0
1785653662.405,0.533,-3.275,16.686,0.9983,0,14.855,3.215,-19.929,0.2689,16.858,3.562,-5.107,1.000,11.929,-14.000,11.6646,1.8798,8.857,5.748,-1.708,-1.608,1.200,-0.060,0.0045,-4.102,nan,8.00,1,1,1,1,1,0.8339,0.600,1,0.301,1,0.613,0,0,yolo,132.7,yolo,0,0,0,0.000,0,-1,0
1785653662.440,-1.038,-2.866,18.477,0.9986,0,13.355,4.233,-19.929,0.2689,16.858,3.562,-5.107,1.000,11.929,-14.000,3.1826,0.0050,8.930,8.930,-1.703,-1.299,1.200,1.366,0.0045,-4.321,nan,8.00,1,1,1,0,1,0.8341,0.600,1,0.279,1,0.641,0,0,yolo,132.7,yolo,0,0,0,0.000,0,-1,0
1785653662.478,-2.595,-2.291,20.436,0.9982,0,11.855,5.276,-18.429,0.2690,16.858,3.562,-5.107,1.000,11.929,-14.000,3.2299,0.0076,8.978,8.978,-1.701,-0.960,1.200,2.985,0.0045,-4.585,nan,0.00,1,1,1,0,1,0.0000,0.601,0,0.226,1,0.648,0,0,yolo,132.7,yolo,0,0,0,0.000,0,-1,0
1785653662.517,-3.885,-1.622,22.118,0.9973,0,10.355,5.379,-16.929,0.2692,20.363,2.682,-4.979,1.000,7.504,-14.000,11.7969,-0.1076,8.993,6.601,-1.700,-0.668,1.200,3.757,0.0045,-4.571,nan,0.00,1,1,1,1,1,0.0000,0.601,0,0.226,1,0.648,0,0,yolo,114.1,yolo,0,0,0,0.000,0,-1,0
1785653662.547,-3.885,-1.622,22.118,0.9973,0,10.115,3.879,-15.429,0.2692,20.363,2.682,-4.979,1.000,7.504,-14.000,2.3919,0.0000,8.993,8.993,-1.700,-0.668,1.200,0.629,0.0045,-4.571,nan,0.00,1,1,1,0,1,0.0000,0.588,0,0.213,1,0.668,0,0,yolo,114.1,yolo,0,0,0,0.000,0,-1,0
1785653662.580,-4.973,-0.952,23.568,0.9961,0,9.027,2.725,-13.929,0.2695,20.363,2.682,-4.979,1.000,7.504,-14.000,2.3826,0.0000,8.983,8.983,-1.700,-0.417,1.200,1.773,0.0045,-4.853,nan,0.00,1,1,1,0,1,0.0000,0.347,0,0.203,2,0.691,0,0,yolo,114.1,yolo,0,0,0,0.000,0,-1,0
1785653662.612,-5.976,-0.545,24.846,0.9945,0,8.024,2.799,-12.429,0.2700,20.363,2.682,-4.979,1.000,7.504,-14.000,2.3522,-0.0006,8.953,8.953,-1.700,-0.205,1.200,2.254,0.0045,-5.037,nan,0.00,1,1,1,0,1,0.0000,0.693,0,0.203,2,0.691,0,0,yolo,114.1,yolo,0,0,0,0.000,0,-1,0
1785653662.644,-6.821,-0.120,25.880,0.9929,0,7.179,2.322,-10.929,0.2704,20.363,2.682,-4.979,1.000,7.504,-14.000,2.3101,-0.0017,8.911,8.911,-1.701,-0.034,1.200,2.203,0.0045,-5.219,nan,0.00,1,1,1,0,1,0.0000,0.797,0,0.194,3,0.718,0,0,yolo,114.1,yolo,0,0,0,0.000,0,-1,0
1785653662.686,-7.567,0.258,26.815,0.9913,0,6.433,1.769,-9.429,0.2708,20.363,2.682,-4.979,1.000,7.504,-14.000,2.2594,-0.0030,8.860,8.860,-1.703,0.118,1.200,2.027,0.0045,-5.380,nan,0.00,1,1,1,0,1,0.0000,0.571,0,0.196,1,0.749,0,0,yolo,114.1,yolo,0,0,0,0.000,0,-1,0
1785653662.723,-8.239,0.566,27.622,0.9896,0,5.761,1.131,-7.929,0.2713,20.363,2.682,-4.979,1.000,7.504,-14.000,2.1998,-0.0050,8.801,8.801,-1.705,0.245,1.200,1.696,0.0045,-5.512,nan,0.00,1,1,1,0,1,0.0000,0.571,0,0.196,1,0.749,0,0,yolo,114.1,yolo,0,0,0,0.000,0,-1,0
1785653662.754,-8.239,0.566,27.622,0.9896,0,5.761,-0.369,-7.504,0.2713,20.363,2.682,-4.979,1.000,7.504,-14.000,2.1998,-0.0050,8.801,8.801,-1.705,0.245,1.200,-0.129,0.0045,-5.512,nan,0.00,1,1,1,0,1,0.0000,0.466,0,0.207,0,0.810,0,0,yolo,114.1,yolo,0,0,0,0.000,0,-1,0
1785653662.786,-8.834,0.795,28.286,0.9880,0,5.166,-0.863,-7.504,0.2717,20.363,2.682,-4.979,1.000,7.504,-14.000,2.1344,-0.0070,8.735,8.735,-1.707,0.345,1.200,-0.068,0.0045,-5.613,nan,0.00,1,1,1,0,1,0.0000,0.466,0,0.207,0,0.810,0,0,yolo,114.1,yolo,0,0,0,0.000,0,-1,0
1785653662.816,-9.376,0.823,28.946,0.9865,0,4.624,-0.871,-7.504,0.2721,20.363,2.682,-4.979,1.000,7.504,-14.000,2.0622,-0.0093,8.663,8.663,-1.709,0.439,1.200,-0.048,0.0045,-5.641,nan,0.00,1,1,1,0,1,0.0000,0.467,0,0.209,0,0.788,0,0,yolo,114.1,yolo,0,0,0,0.000,0,-1,0
1785653662.847,-9.831,0.869,29.579,0.9852,0,4.169,-0.888,-7.504,0.2725,20.363,2.682,-4.979,1.000,7.504,-14.000,1.9902,-0.0116,8.591,8.591,-1.711,0.528,1.200,-0.018,0.0045,-5.672,nan,0.00,1,1,1,0,1,0.0000,0.467,0,0.209,0,0.788,0,0,yolo,114.1,yolo,0,0,0,0.000,0,-1,0
1785653662.884,-10.242,0.922,30.215,0.9839,0,3.758,-0.858,-7.504,0.2729,20.363,2.682,-4.979,1.000,7.504,-14.000,1.9150,-0.0143,8.516,8.516,-1.714,0.617,1.200,0.064,0.0045,-5.703,nan,0.00,1,1,1,0,0,0.0000,0.000,0,0.000,0,0.000,0,0,yolo,114.1,yolo,0,0,0,0.000,0,-1,0
1785653662.917,-10.247,0.923,30.223,0.9839,0,3.753,-1.900,-7.504,0.2729,20.363,2.682,-4.979,1.000,7.504,-14.000,1.9140,-0.0144,8.515,8.515,-1.714,0.618,1.200,-0.977,0.0045,-5.704,nan,0.00,1,1,1,0,0,0.0000,0.000,0,0.000,0,0.000,0,0,yolo,114.1,yolo,0,0,0,0.000,0,-1,0
1785653662.942,-10.621,0.976,30.869,0.9827,0,3.379,-1.509,-7.504,0.2732,20.363,2.682,-4.979,1.000,7.504,-14.000,1.8335,-0.0181,8.434,8.434,-1.718,0.707,1.200,-0.533,0.0045,-5.734,nan,0.00,1,1,1,0,0,0.0000,0.000,0,0.000,0,0.000,0,0,yolo,114.1,yolo,0,0,0,0.000,0,-1,0
1785653662.978,-10.980,1.014,31.518,0.9815,0,3.020,-1.185,-7.504,0.2735,20.363,2.682,-4.979,1.000,7.504,-14.000,1.7498,-0.0220,8.351,8.351,-1.722,0.795,1.200,-0.172,0.0045,-5.758,nan,0.00,1,1,1,0,0,0.0000,0.000,0,0.000,0,0.000,2,0,yolo,114.1,yolo,0,0,0,0.000,0,-1,0
1785653663.009,-11.262,1.037,32.131,0.9806,0,2.738,-0.972,-7.504,0.2738,20.363,2.682,-4.979,1.000,7.504,-14.000,1.6685,-0.0261,8.269,8.269,-1.726,0.877,1.200,0.065,0.0045,-5.774,nan,0.00,1,1,1,0,0,0.0000,0.000,0,0.000,0,0.000,0,0,yolo,114.1,yolo,0,0,0,0.000,0,-1,0
1785653663.046,-11.511,1.083,32.730,0.9797,0,2.489,-0.823,-7.504,0.2740,20.363,2.682,-4.979,1.000,7.504,-14.000,1.5864,-0.0303,8.187,8.187,-1.730,0.956,1.200,0.260,0.0045,-5.798,nan,0.00,1,1,1,0,0,0.0000,0.000,0,0.000,0,0.000,0,0,yolo,114.1,yolo,0,0,0,0.000,0,-1,0
1785653663.075,-11.726,1.136,33.293,0.9789,0,2.274,-0.755,-7.504,0.2743,20.363,2.682,-4.979,1.000,7.504,-14.000,1.5069,-0.0345,8.108,8.108,-1.734,1.030,1.200,0.382,0.0045,-5.823,nan,0.00,1,1,1,0,0,0.0000,0.000,0,0.000,0,0.000,1,0,yolo,114.1,yolo,0,0,0,0.000,0,-1,0
1785653663.100,-11.927,1.199,33.879,0.9782,0,2.073,-0.650,-7.504,0.2745,20.363,2.682,-4.979,1.000,7.504,-14.000,1.4220,-0.0389,8.023,8.023,-1.739,1.106,1.200,0.549,0.0045,-5.850,nan,0.00,1,1,1,0,0,0.0000,0.000,0,0.000,0,0.000,0,0,yolo,114.1,yolo,0,0,0,0.000,0,-1,0
1785653663.138,-12.110,1.270,34.464,0.9775,0,1.890,-0.564,-7.504,0.2747,20.363,2.682,-4.979,1.000,7.504,-14.000,1.3353,-0.0435,7.936,7.936,-1.743,1.181,1.200,0.706,0.0045,-5.881,nan,0.00,1,1,1,0,0,0.0000,0.000,0,0.000,0,0.000,0,0,yolo,114.1,yolo,0,0,0,0.000,0,-1,0
1785653663.168,-12.273,1.349,35.037,0.9769,0,1.727,-0.512,-7.504,0.2748,20.363,2.682,-4.979,1.000,7.504,-14.000,1.2486,-0.0481,7.849,7.849,-1.748,1.253,1.200,0.836,0.0045,-5.913,nan,0.00,1,1,1,0,0,0.0000,0.000,0,0.000,0,0.000,0,0,yolo,114.1,yolo,0,0,0,0.000,0,-1,0
1785653663.199,-12.273,1.349,35.037,0.9769,0,1.727,-1.323,-7.504,0.2748,20.363,2.682,-4.979,1.000,7.504,-14.000,1.2486,-0.0481,7.849,7.849,-1.748,1.253,1.200,0.025,0.0045,-5.913,nan,0.00,1,1,1,0,0,0.0000,0.000,0,0.000,0,0.000,0,0,yolo,114.1,yolo,0,0,0,0.000,0,-1,0
1785653663.229,-12.427,1.437,35.643,0.9763,0,1.573,-0.986,-7.504,0.2750,20.363,2.682,-4.979,1.000,7.504,-14.000,1.1551,-0.0532,7.756,7.756,-1.753,1.327,1.200,0.451,0.0045,-5.948,nan,0.00,1,1,1,0,0,0.0000,0.000,0,0.000,0,0.000,1,0,yolo,114.1,yolo,0,0,0,0.000,0,-1,0
1785653663.256,-12.574,1.523,36.228,0.9757,0,1.426,-0.774,-7.504,0.2752,20.363,2.682,-4.979,1.000,7.504,-14.000,1.0632,-0.0582,7.664,7.664,-1.758,1.398,1.200,0.749,0.0045,-5.982,nan,0.00,1,1,1,0,0,0.0000,0.000,0,0.000,0,0.000,0,0,yolo,114.1,yolo,0,0,0,0.000,0,-1,0
1785653663.297,-12.691,1.585,36.808,0.9752,0,1.309,-0.607,-7.504,0.2753,20.363,2.682,-4.979,1.000,7.504,-14.000,0.9717,-0.0634,7.572,7.572,-1.763,1.466,1.200,0.978,0.0045,-6.007,nan,0.00,1,1,1,0,0,0.0000,0.000,0,0.000,0,0.000,0,0,yolo,114.1,yolo,0,0,0,0.000,0,-1,0
1785653663.341,-12.800,1.668,37.402,0.9747,0,1.200,-0.469,-7.504,0.2754,20.363,2.682,-4.979,1.000,7.504,-14.000,0.8760,-0.0688,7.477,7.477,-1.769,1.535,1.200,1.199,0.0045,-6.040,nan,0.00,1,1,1,0,0,0.0000,0.000,0,0.000,0,0.000,0,0,yolo,114.1,yolo,0,0,0,0.000,0,-1,0
1785653663.389,-12.901,1.761,38.005,0.9743,0,1.099,-0.361,-7.504,0.2756,20.363,2.682,-4.979,1.000,7.504,-14.000,0.7772,-0.0742,7.378,7.378,-1.774,1.603,1.200,1.401,0.0045,-6.075,nan,0.00,1,1,1,0,0,0.0000,0.000,0,0.000,0,0.000,1,0,yolo,114.1,yolo,0,0,0,0.000,0,-1,0
1785653663.435,-13.093,1.973,39.267,0.9734,0,0.907,0.544,-6.004,0.2758,17.186,-5.596,-3.428,1.000,-18.035,-14.000,-0.0000,-0.0000,7.168,7.168,-1.785,1.741,1.200,2.517,0.0045,-2.662,nan,0.00,1,1,1,1,1,0.0000,0.164,0,0.036,0,0.356,0,0,yolo,117.5,yolo,0,0,0,0.000,0,-1,0
1785653663.481,-13.164,2.137,39.758,0.9730,0,0.836,0.109,-4.504,0.2759,17.186,-5.596,-3.428,1.000,-18.035,-14.000,-0.0000,-0.0000,7.069,7.069,-1.790,1.792,1.200,2.246,0.0045,-2.703,nan,0.00,1,1,1,1,1,0.0000,0.164,0,0.036,0,0.356,2,0,yolo,117.5,yolo,0,0,0,0.000,0,-1,0
1785653663.521,-13.229,2.227,40.095,0.9727,0,0.771,-0.418,-3.004,0.2760,17.186,-5.596,-3.428,1.000,-18.035,-14.000,-0.0000,-0.0000,6.978,6.978,-1.795,1.822,1.200,1.809,0.0045,-2.723,nan,0.00,1,1,1,1,1,0.0000,0.166,0,0.039,0,0.350,0,0,yolo,117.5,yolo,0,0,0,0.000,0,-1,0
1785653663.552,-13.293,2.240,40.326,0.9725,0,0.707,-0.922,-1.504,0.2593,16.890,-6.390,-3.286,1.000,-20.723,-14.000,5.9429,-2.0000,6.890,5.488,-1.800,1.836,1.200,1.319,0.0045,-2.388,nan,0.00,1,1,1,1,1,0.0000,0.121,0,0.028,1,0.358,0,0,yolo,124.3,yolo,0,0,0,0.000,0,-1,0
1785653663.578,-13.354,2.191,40.461,0.9722,0,0.646,-1.380,-0.004,0.2760,16.890,-6.390,-3.286,1.000,-20.723,-14.000,1.3175,0.0062,6.805,6.805,-1.794,1.836,1.200,0.810,0.0045,-2.366,nan,0.00,1,1,1,0,1,0.0000,0.121,0,0.028,1,0.358,0,0,yolo,124.3,yolo,0,0,0,0.000,0,-1,0
1785653663.618,-13.415,2.076,40.497,0.9721,0,0.585,-1.793,1.496,0.2762,16.890,-6.390,-3.286,1.000,-20.723,-14.000,1.2349,0.0143,6.722,6.722,-1.786,1.824,1.200,0.284,0.0045,-2.325,nan,0.00,1,1,1,0,0,0.0000,0.000,0,0.000,0,0.000,0,0,yolo,124.3,yolo,0,0,0,0.000,0,-1,0
1785653663.653,-13.471,1.908,40.429,0.9719,0,0.529,-2.159,2.996,0.2762,16.977,-6.542,-3.334,1.000,-21.073,-14.000,1.5567,-0.6286,6.646,5.187,-1.777,1.800,1.200,-0.252,0.0045,-2.283,nan,0.00,1,1,1,1,0,0.0000,0.000,0,0.000,0,0.000,0,0,yolo,118.6,yolo,0,0,0,0.000,0,-1,0
1785653663.701,-13.527,1.678,40.249,0.9718,0,0.473,-2.494,4.496,0.2763,16.977,-6.542,-3.334,1.000,-21.073,-14.000,1.3860,0.0087,6.572,6.572,-1.769,1.764,1.200,-0.816,0.0045,-2.208,nan,0.00,1,1,1,0,0,0.0000,0.000,0,0.000,0,0.000,0,0,yolo,118.6,yolo,0,0,0,0.000,0,-1,0
1785653663.744,-13.579,1.395,39.964,0.9718,0,0.421,-2.783,5.996,0.2763,16.977,-6.542,-3.334,1.000,-21.073,-14.000,1.3159,0.0174,6.502,6.502,-1.760,1.715,1.200,-1.388,0.0045,-2.118,nan,0.00,1,1,1,0,0,0.0000,0.000,0,0.000,0,0.000,0,0,yolo,118.6,yolo,0,0,0,0.000,0,-1,0
1785653663.776,-13.629,1.105,39.646,0.9717,0,0.371,-2.948,7.496,0.2738,16.808,-6.772,-3.303,1.000,-21.945,-14.000,1.9175,-1.3472,6.433,4.881,-1.762,1.666,1.200,-1.844,0.0045,-1.938,nan,0.00,1,1,1,1,0,0.0000,0.000,0,0.000,0,0.000,0,0,yolo,117.7,yolo,0,0,0,0.000,0,-1,0
1785653663.806,-13.679,0.804,39.320,0.9715,0,0.321,-2.998,8.996,0.2763,16.808,-6.772,-3.303,1.000,-21.945,-14.000,1.4800,-0.0039,6.361,6.361,-1.766,1.617,1.200,-2.194,0.0045,-1.844,nan,0.00,1,1,1,0,0,0.0000,0.000,0,0.000,0,0.000,1,0,yolo,117.7,yolo,0,0,0,0.000,0,-1,0
1785653663.832,-13.720,0.356,38.660,0.9714,0,0.280,-2.856,10.496,0.2764,16.808,-6.772,-3.303,1.000,-21.945,-14.000,1.4117,-0.0090,6.293,6.293,-1.771,1.531,1.200,-2.500,0.0045,-1.707,nan,0.00,1,1,1,0,0,0.0000,0.000,0,0.000,0,0.000,0,0,yolo,117.7,yolo,0,0,0,0.000,0,-1,0
1785653663.868,-13.750,-0.118,37.809,0.9713,0,0.250,-2.382,11.996,0.2764,16.808,-6.772,-3.303,1.000,-21.945,-14.000,1.3483,-0.0141,6.229,6.229,-1.776,1.427,1.200,-2.500,0.0045,-1.564,nan,0.00,1,1,1,0,0,0.0000,0.000,0,0.000,0,0.000,0,0,yolo,117.7,yolo,0,0,0,0.000,0,-1,0
1785653663.917,-13.773,-0.597,36.942,0.9712,0,0.227,-1.903,12.000,0.2597,16.510,-6.828,-3.244,1.000,-22.469,-14.000,1.1336,-1.5814,6.164,4.421,-1.781,1.326,1.200,-2.500,0.0045,-1.354,nan,0.00,1,1,1,1,0,0.0000,0.000,0,0.000,0,0.000,0,0,yolo,118.5,yolo,0,0,0,0.000,0,-1,0
1785653663.963,-13.782,-1.020,35.959,0.9711,0,0.218,-1.480,12.000,0.2764,16.510,-6.828,-3.244,1.000,-22.469,-14.000,1.6753,0.0074,6.096,6.096,-1.774,1.219,1.200,-2.500,0.0045,-1.230,nan,0.00,1,1,1,0,0,0.0000,0.000,0,0.000,0,0.000,0,0,yolo,118.5,yolo,0,0,0,0.000,0,-1,0
1785653663.994,-13.784,-1.384,35.040,0.9709,0,0.216,-1.116,12.000,0.2765,16.581,-6.772,-3.270,1.000,-22.216,-14.000,-0.7322,-0.6930,6.030,4.009,-1.765,1.123,1.200,-2.500,0.0045,-1.161,nan,0.00,1,1,1,1,0,0.0000,0.000,0,0.000,0,0.000,0,0,yolo,108.2,yolo,0,0,0,0.000,0,-1,0
1785653664.039,-13.781,-1.748,34.116,0.9708,0,0.219,-0.752,12.000,0.2766,16.581,-6.772,-3.270,1.000,-22.216,-14.000,1.9527,0.0108,5.962,5.962,-1.754,1.030,1.200,-2.500,0.0045,-1.056,nan,0.00,1,1,1,0,0,0.0000,0.000,0,0.000,0,0.000,0,0,yolo,108.2,yolo,0,0,0,0.000,0,-1,0
1785653664.065,-13.771,-2.077,33.201,0.9706,0,0.229,-0.423,12.000,0.2767,16.581,-6.772,-3.270,1.000,-22.216,-14.000,1.8853,0.0223,5.894,5.894,-1.742,0.942,1.200,-2.500,0.0046,-0.962,nan,0.00,1,1,1,0,0,0.0000,0.000,0,0.000,0,0.000,0,0,yolo,108.2,yolo,0,0,0,0.000,0,-1,0
1785653664.102,-13.753,-2.380,32.144,0.9705,0,0.247,-0.120,12.000,0.2768,16.552,-6.439,-3.310,1.000,-21.257,-14.000,-2.7707,0.3392,5.816,3.278,-1.743,0.845,1.200,-2.500,0.0047,-0.996,nan,0.00,1,1,1,1,0,0.0000,0.000,0,0.000,0,0.000,1,0,yolo,111.4,yolo,0,0,0,0.000,0,-1,0
1785653664.149,-13.733,-2.651,31.104,0.9704,0,0.267,0.151,12.000,0.2770,16.552,-6.439,-3.310,1.000,-21.257,-14.000,2.4605,-0.0023,5.738,5.738,-1.745,0.754,1.200,-2.500,0.0048,-0.920,nan,0.00,1,1,1,0,1,0.0000,0.396,0,0.120,1,0.478,0,0,yolo,111.4,yolo,0,0,0,0.000,0,-1,0
1785653664.192,-13.710,-2.890,30.091,0.9703,0,0.290,0.390,12.000,0.2771,16.552,-6.439,-3.310,1.000,-21.257,-14.000,2.3839,-0.0063,5.662,5.662,-1.749,0.669,1.200,-2.500,0.0049,-0.853,nan,0.00,1,1,1,0,1,0.0000,0.396,0,0.120,1,0.478,0,0,yolo,111.4,yolo,0,0,0,0.000,0,-1,0
1785653664.217,-13.685,-3.104,29.079,0.9702,0,0.315,0.604,12.000,0.2772,16.465,-5.959,-3.301,1.000,-19.895,-14.000,-3.9151,0.4960,5.585,3.608,-1.754,0.588,1.200,-2.500,0.0049,-0.903,nan,0.00,1,1,1,1,1,0.0000,0.288,0,0.201,1,0.580,0,0,yolo,114.3,yolo,0,0,0,0.000,0,-1,0
1785653664.347,-13.609,-3.602,26.467,0.9700,0,0.391,1.602,12.000,0.2773,16.465,-5.959,-3.301,1.000,-19.895,-14.000,1.7732,-0.0129,5.381,5.381,-1.767,0.390,1.200,-2.000,0.0050,-0.768,nan,0.00,1,1,1,0,1,0.0000,0.576,0,0.201,1,0.580,0,0,yolo,114.3,yolo,0,0,0,0.000,0,-1,0
1785653664.379,-13.574,-3.790,25.469,0.9699,0,0.426,1.790,12.000,0.2774,16.465,-5.959,-3.301,1.000,-19.895,-14.000,1.6941,-0.0180,5.302,5.302,-1.772,0.319,1.200,-2.000,0.0051,-0.718,nan,0.00,1,1,1,0,1,0.0000,0.800,0,0.304,3,0.672,0,0,yolo,114.3,yolo,0,0,0,0.000,0,-1,0
1785653664.411,-13.540,-3.871,24.323,0.9700,0,0.460,1.871,12.000,0.2775,16.465,-5.959,-3.301,1.000,-19.895,-14.000,1.6049,-0.0237,5.213,5.213,-1.778,0.243,1.200,-2.000,0.0052,-0.698,nan,0.00,1,1,1,0,1,0.0000,0.800,0,0.304,3,0.672,0,0,yolo,114.3,yolo,0,0,0,0.000,0,-1,0
1785653664.441,-13.512,-3.947,23.265,0.9700,0,0.488,1.947,12.000,0.2776,16.465,-5.959,-3.301,1.000,-19.895,-14.000,1.5216,-0.0291,5.130,5.130,-1.783,0.174,1.200,-2.000,0.0052,-0.679,nan,0.00,1,1,1,0,1,0.0000,0.800,0,0.292,3,0.672,0,0,yolo,114.3,yolo,0,0,0,0.000,0,-1,0
1785653664.474,-13.485,-4.015,22.231,0.9700,0,0.515,2.015,11.458,0.2776,17.737,-3.595,-2.939,1.000,-11.458,-14.000,-0.0000,-0.0000,5.048,5.048,-1.788,0.109,1.460,-2.000,0.0053,-0.773,nan,0.00,1,1,1,1,1,0.0000,0.800,0,0.292,3,0.672,0,0,yolo,234.6,yolo,0,0,0,0.000,0,-1,0
1785653664.511,-13.485,-4.015,22.231,0.9700,0,0.515,2.015,11.458,0.2777,17.737,-3.595,-2.939,1.000,-11.458,-14.000,0.0000,0.0000,5.048,5.048,-1.788,0.109,1.460,-2.000,0.0054,-0.773,nan,0.00,1,1,1,0,1,0.0000,0.800,0,0.292,3,0.672,2,0,yolo,234.6,yolo,0,0,0,0.000,0,-1,0
1785653664.553,-13.461,-4.069,21.130,0.9701,0,0.539,2.069,11.458,0.2778,17.737,-3.595,-2.939,1.000,-11.458,-14.000,-0.0920,-0.0059,4.956,4.956,-1.794,0.043,1.468,-2.000,0.0055,-0.758,nan,0.00,1,1,1,0,1,0.0000,0.350,0,0.276,2,0.717,0,0,yolo,234.6,yolo,0,0,0,0.000,0,-1,0
1785653664.593,-13.435,-4.121,19.995,0.9701,0,0.565,2.121,10.051,0.2779,17.429,-3.089,-2.935,1.000,-10.051,-14.000,-2.5677,0.7274,4.859,2.657,-1.800,-0.023,1.446,-2.000,0.0055,-0.879,nan,0.00,1,1,1,1,1,0.0000,0.350,0,0.276,2,0.717,3,0,yolo,136.4,yolo,0,0,-1,0.019,1,0,0
1785653664.631,-13.411,-4.165,18.927,0.9702,0,0.589,2.165,10.051,0.2779,17.429,-3.089,-2.935,1.000,-10.051,-14.000,2.1109,-0.0059,4.768,4.768,-1.806,-0.083,1.454,-2.000,0.0056,-0.867,nan,0.00,1,1,1,0,1,0.0000,0.350,0,0.278,2,0.761,0,0,yolo,136.4,yolo,0,0,-1,0.037,1,0,0
1785653664.663,-13.401,-4.169,17.927,0.9702,0,0.599,2.169,10.051,0.2780,17.429,-3.089,-2.935,1.000,-10.051,-14.000,2.0148,-0.0122,4.672,4.672,-1.813,-0.134,1.454,-2.000,0.0057,-0.866,nan,0.00,1,1,1,0,1,0.0000,0.350,0,0.278,2,0.761,0,0,yolo,136.4,yolo,0,0,-1,0.056,1,0,0
1785653664.694,-13.395,-4.164,17.030,0.9702,0,0.605,2.164,10.051,0.2781,17.429,-3.089,-2.935,1.000,-10.051,-14.000,1.9246,-0.0181,4.582,4.582,-1.819,-0.177,1.453,-2.000,0.0058,-0.868,nan,0.00,1,1,1,0,1,0.0000,0.600,0,0.284,1,0.790,0,0,yolo,136.4,yolo,0,0,-1,0.070,1,0,0
1785653664.726,-13.395,-4.164,17.030,0.9702,0,0.605,2.164,10.051,0.2782,17.429,-3.089,-2.935,1.000,-10.051,-14.000,1.9246,-0.0181,4.582,4.582,-1.819,-0.177,1.453,-2.000,0.0059,-0.868,nan,0.00,1,1,1,0,1,0.0000,0.600,0,0.284,1,0.790,0,0,yolo,136.4,yolo,0,0,-1,0.088,1,0,0
1785653664.767,-13.386,-4.167,16.078,0.9703,0,0.614,2.167,8.551,0.2783,16.529,-2.307,-2.670,1.000,-7.947,-14.000,-3.6408,-0.0721,4.490,2.769,-1.825,-0.224,1.530,-2.000,0.0060,-0.856,nan,0.00,1,1,1,1,1,0.0000,0.747,0,0.247,2,0.753,0,0,yolo,141.7,yolo,0,0,-1,0.090,1,0,0
1785653664.806,-13.377,-4.170,15.031,0.9703,0,0.623,2.170,7.947,0.2783,16.529,-2.307,-2.670,1.000,-7.947,-14.000,1.6190,-0.0069,4.388,4.388,-1.832,-0.273,1.530,-2.000,0.0061,-0.856,nan,0.00,1,1,1,0,1,0.0000,0.747,0,0.247,2,0.753,0,0,yolo,141.7,yolo,0,0,-1,0.089,1,0,0
1785653664.845,-13.380,-4.141,14.220,0.9703,0,0.620,2.141,7.947,0.2784,16.529,-2.307,-2.670,1.000,-7.947,-14.000,1.5277,-0.0132,4.296,4.296,-1.838,-0.306,1.523,-2.000,0.0062,-0.864,nan,0.00,1,1,1,0,1,0.0000,0.605,0,0.230,1,0.660,0,0,yolo,141.7,yolo,0,0,-1,0.076,0,0,0
1785653664.883,-13.390,-4.089,13.506,0.9703,0,-0.880,2.089,6.447,0.2618,15.017,-1.510,-2.268,1.000,-5.743,14.000,-8.6668,-1.2554,4.206,1.510,-1.844,-0.332,1.669,-2.000,0.0062,-0.781,nan,0.00,1,1,1,1,1,0.0000,0.605,0,0.230,1,0.660,0,0,yolo,139.6,yolo,0,0,-1,0.064,0,0,0
1785653664.925,-13.242,-4.018,12.857,0.9710,0,0.620,2.018,5.743,0.2784,15.017,-1.510,-2.268,1.000,-5.743,-14.000,2.5987,0.0071,4.108,4.108,-1.837,-0.350,1.645,-2.000,0.0063,-0.805,nan,0.00,1,1,1,0,1,0.0000,0.359,0,0.223,2,0.644,0,0,yolo,139.6,yolo,0,0,-1,0.051,0,0,0
1785653664.962,-13.292,-3.926,12.274,0.9709,0,0.708,1.926,5.743,0.2785,15.017,-1.510,-2.268,1.000,-5.743,-14.000,2.5006,0.0164,4.010,4.010,-1.828,-0.363,1.623,-2.000,0.0064,-0.827,nan,0.00,1,1,1,0,1,0.0000,0.359,0,0.223,2,0.644,0,0,yolo,139.6,yolo,0,0,-1,0.038,0,0,0
1785653665.000,-13.326,-3.851,11.706,0.9709,0,0.674,1.851,5.743,0.2786,15.017,-1.510,-2.268,1.000,-5.743,-14.000,2.4067,0.0255,3.916,3.916,-1.819,-0.377,1.604,-2.000,0.0065,-0.846,nan,0.00,1,1,1,0,1,0.0000,0.841,0,0.226,3,0.705,0,0,yolo,139.6,yolo,0,0,-1,0.025,0,0,0
1785653665.040,-13.357,-3.786,11.112,0.9708,0,-0.826,1.786,4.243,0.2787,14.826,-0.541,-2.004,1.000,-2.089,14.000,-7.0908,-0.0253,3.820,1.076,-1.809,-0.392,1.608,-2.000,0.0066,-0.842,nan,0.00,1,1,1,1,1,0.0000,0.841,0,0.226,3,0.705,0,0,yolo,138.9,yolo,0,0,-1,0.013,0,0,0
1785653665.079,-13.357,-3.786,11.112,0.9708,0,0.643,1.786,2.743,0.2788,14.826,-0.541,-2.004,1.000,-2.089,-14.000,2.7441,0.0000,3.820,3.820,-1.809,-0.392,1.608,-2.000,0.0066,-0.842,nan,0.00,1,1,1,0,1,0.0000,0.301,0,0.226,1,0.762,0,0,yolo,138.9,yolo,0,0,-1,0.000,0,0,0
1785653665.117,-13.209,-3.681,10.629,0.9715,0,0.791,1.681,2.089,0.2787,14.826,-0.541,-2.004,1.000,-2.089,-14.000,2.6374,0.0097,3.713,3.713,-1.800,-0.397,1.578,-2.000,0.0067,-0.872,nan,0.00,1,1,1,0,1,0.0000,0.601,0,0.226,1,0.762,0,0,yolo,138.9,yolo,0,0,0,0.000,0,0,0
1785653665.154,-13.279,-3.551,10.349,0.9714,0,-0.709,1.551,0.589,0.2788,14.940,0.367,-1.743,1.000,1.405,14.000,-5.4672,-0.1202,3.623,0.826,-1.806,-0.392,1.598,-2.000,0.0068,-0.852,nan,0.00,1,1,1,1,1,0.0000,0.601,0,0.226,1,0.762,2,0,yolo,127.8,yolo,0,0,0,0.000,0,0,0
1785653665.196,-13.189,-3.409,10.253,0.9719,0,0.791,1.409,-0.911,0.2787,14.940,0.367,-1.743,1.000,1.405,-14.000,2.7063,-0.0079,3.533,3.533,-1.813,-0.378,1.560,-2.000,0.0069,-0.890,nan,0.00,1,1,1,0,1,0.0000,0.824,0,0.214,3,0.816,0,0,yolo,127.8,yolo,0,0,0,0.000,0,-1,0
1785653665.232,-13.299,-3.230,10.331,0.9716,0,0.701,1.230,-1.405,0.2789,14.940,0.367,-1.743,1.000,1.405,-14.000,2.6157,-0.0169,3.442,3.442,-1.822,-0.354,1.514,-2.000,0.0070,-0.936,nan,0.00,1,1,1,0,1,0.0000,0.824,0,0.214,3,0.816,3,0,yolo,127.8,yolo,0,0,0,0.000,0,-1,0
1785653665.259,-13.372,-3.074,10.443,0.9715,0,0.628,1.074,-1.405,0.2791,14.940,0.367,-1.743,1.000,1.405,-14.000,2.5311,-0.0253,3.357,3.357,-1.831,-0.331,1.473,-2.000,0.0071,-0.977,nan,0.00,1,1,1,0,1,0.0000,0.289,0,0.203,1,0.825,0,0,yolo,127.8,yolo,0,0,0,0.000,0,-1,0
1785653665.286,-13.372,-3.074,10.443,0.9715,0,-0.872,1.074,-2.905,0.2717,14.907,1.098,-1.489,1.000,4.214,14.000,-7.3070,-0.7624,3.357,0.114,-1.831,-0.331,1.549,-2.000,0.0072,-0.901,nan,0.00,1,1,1,1,1,0.0000,0.578,0,0.203,1,0.825,0,0,yolo,139.3,yolo,0,0,0,0.000,0,-1,0
1785653665.322,-13.403,-2.927,10.560,0.9715,0,0.597,0.927,-4.214,0.2792,14.907,1.098,-1.489,1.000,4.214,-14.000,3.1547,-0.0065,3.269,3.269,-1.837,-0.308,1.510,-2.000,0.0073,-0.940,nan,0.00,1,1,1,0,1,0.0000,0.576,0,0.201,1,0.829,0,0,yolo,139.3,yolo,0,0,0,0.000,0,-1,0
1785653665.353,-13.489,-2.721,10.964,0.9713,0,0.511,0.721,-4.214,0.2794,14.907,1.098,-1.489,1.000,4.214,-14.000,3.0626,-0.0131,3.177,3.177,-1.844,-0.271,1.455,-2.000,0.0074,-0.995,nan,0.00,1,1,1,0,1,0.0000,0.576,0,0.201,1,0.829,0,0,yolo,139.3,yolo,0,0,0,0.000,0,-1,0
1785653665.393,-13.560,-2.545,11.371,0.9712,0,0.440,0.545,-4.214,0.2794,14.907,1.098,-1.489,1.000,4.214,-14.000,2.9777,-0.0192,3.092,3.092,-1.850,-0.238,1.408,-2.000,0.0074,-1.042,nan,0.00,1,1,1,0,1,0.0000,0.572,0,0.197,1,0.808,0,0,yolo,139.3,yolo,0,0,0,0.000,0,-1,0
1785653665.423,-13.560,-2.545,11.371,0.9712,0,-1.060,0.545,-5.714,0.2628,14.011,1.642,-1.123,1.000,6.683,14.000,-4.5295,-1.4106,3.092,0.049,-1.850,-0.238,1.574,-2.000,0.0075,-0.853,nan,0.00,1,1,1,1,1,0.0000,0.572,0,0.197,1,0.808,0,0,yolo,135.9,yolo,0,0,0,0.000,0,-1,0
1785653665.454,-13.616,-2.405,11.708,0.9710,0,0.384,0.405,-6.683,0.2794,14.011,1.642,-1.123,1.000,6.683,-14.000,2.9602,-0.0060,3.009,3.009,-1.856,-0.210,1.540,-2.000,0.0076,-0.889,nan,0.00,1,1,1,0,1,0.0000,0.572,0,0.197,1,0.808,3,0,yolo,135.9,yolo,0,0,0,0.000,0,-1,0
1785653665.500,-13.709,-2.114,12.631,0.9709,0,0.291,0.114,-6.683,0.2798,14.011,1.642,-1.123,1.000,6.683,-14.000,2.8376,-0.0151,2.887,2.887,-1.865,-0.151,1.471,-2.000,0.0077,-0.963,nan,0.00,1,1,1,0,1,0.0000,0.261,0,0.146,2,0.800,1,0,yolo,135.9,yolo,0,0,0,0.000,0,-1,0
1785653665.541,-13.766,-1.931,13.322,0.9707,0,0.234,-0.069,-6.683,0.2798,14.011,1.642,-1.123,1.000,6.683,-14.000,2.7419,-0.0249,2.791,2.791,-1.875,-0.111,1.427,-2.000,0.0077,-1.009,nan,0.00,1,1,1,0,1,0.0000,0.517,0,0.142,2,0.775,0,0,yolo,135.9,yolo,0,0,0,0.000,0,-1,0
1785653665.579,-13.807,-1.798,13.874,0.9706,0,-1.266,-0.202,-6.970,0.2632,13.273,1.623,-0.656,1.000,6.970,14.000,-0.3320,-2.0000,2.710,0.466,-1.884,-0.081,1.790,-2.000,0.0077,-0.608,nan,0.00,1,1,1,1,1,0.0000,0.517,0,0.142,2,0.775,2,0,yolo,135.5,yolo,0,0,0,0.000,0,-1,0
1785653665.629,-13.686,-1.660,14.512,0.9712,0,-2.766,-0.340,-6.970,0.2798,13.273,1.623,-0.656,1.000,6.970,-10.230,2.1549,0.0040,2.620,2.620,-1.880,-0.049,1.764,-2.000,0.0078,-0.637,nan,0.00,1,1,1,0,1,0.0000,0.264,0,0.154,2,0.718,0,0,yolo,135.5,yolo,0,0,0,0.000,0,-1,0
1785653665.666,-13.422,-1.540,15.143,0.9723,0,-4.188,-0.460,-6.970,0.2796,13.273,1.623,-0.656,1.000,6.970,-9.234,2.0681,0.0091,2.534,2.534,-1.875,-0.019,1.744,-2.000,0.0078,-0.658,nan,0.00,1,1,1,0,1,0.0000,0.529,0,0.154,2,0.718,0,0,yolo,135.5,yolo,0,0,0,0.000,0,-1,0
1785653665.706,-13.422,-1.540,15.143,0.9723,0,-5.688,-0.460,-8.470,0.2629,12.624,1.981,-0.399,1.000,8.921,14.000,-6.4469,-2.0000,2.534,0.012,-1.875,-0.019,1.761,-2.000,0.0079,-0.509,nan,0.00,1,1,1,1,1,0.0000,0.538,0,0.163,2,0.728,0,0,yolo,137.3,yolo,0,0,0,0.000,0,-1,0
1785653665.743,-13.000,-1.434,15.791,0.9741,0,-6.686,-0.566,-8.921,0.2792,12.624,1.981,-0.399,1.000,8.921,-6.314,2.4313,0.0049,2.444,2.444,-1.870,0.009,1.754,-2.000,0.0079,-0.518,nan,0.00,1,1,1,0,1,0.0000,0.546,0,0.171,2,0.711,0,0,yolo,137.3,yolo,0,0,0,0.000,0,-1,0
1785653665.782,-12.373,-1.290,16.659,0.9765,0,-7.198,-0.710,-8.921,0.2785,12.624,1.981,-0.399,1.000,8.921,-5.175,2.3348,0.0232,2.347,2.347,-1.852,0.045,1.745,-2.000,0.0080,-0.530,nan,0.00,1,1,1,0,1,0.0000,0.546,0,0.171,2,0.711,3,0,yolo,137.3,yolo,0,0,0,0.000,0,-1,0
1785653665.806,-11.706,-1.165,17.515,0.9790,0,-7.524,-0.835,-8.921,0.2779,12.624,1.981,-0.399,1.000,8.921,-4.181,2.2506,0.0407,2.263,2.263,-1.834,0.078,1.740,-2.000,0.0081,-0.536,nan,0.00,1,1,1,0,1,0.0000,0.357,0,0.071,2,0.705,0,0,yolo,137.3,yolo,0,0,0,0.000,0,-1,0
1785653665.839,-10.969,-1.086,18.330,0.9816,0,-9.024,-0.914,-10.044,0.2612,12.021,2.129,-0.153,1.000,10.044,14.000,-1.7683,-1.5667,2.185,0.176,-1.831,0.107,1.812,-2.000,0.0081,-0.327,nan,0.00,1,1,1,1,1,0.0000,0.357,0,0.071,2,0.705,0,0,yolo,143.7,yolo,0,0,0,0.000,0,-1,0
1785653665.870,-10.969,-1.086,18.330,0.9816,0,-10.524,-0.914,-10.044,0.2772,12.021,2.129,-0.153,1.000,10.044,-0.309,2.0092,0.0000,2.185,2.185,-1.831,0.107,1.812,-2.000,0.0081,-0.327,nan,0.00,1,1,1,0,1,0.0000,0.407,0,0.134,1,0.733,0,0,yolo,143.7,yolo,0,0,0,0.000,0,-1,0
1785653665.902,-10.031,-1.008,19.285,0.9846,0,-10.680,-0.992,-10.044,0.2764,12.021,2.129,-0.153,1.000,10.044,0.649,1.9301,0.0137,2.106,2.106,-1.817,0.139,1.823,-2.000,0.0082,-0.310,nan,0.00,1,1,1,0,1,0.0000,0.407,0,0.134,1,0.733,0,0,yolo,143.7,yolo,0,0,0,0.000,0,-1,0
1785653665.941,-8.916,-0.946,20.270,0.9878,0,-10.467,-1.054,-10.044,0.2755,12.021,2.129,-0.153,1.000,10.044,1.551,1.8556,0.0282,2.031,2.031,-1.803,0.170,1.842,-2.000,0.0082,-0.282,nan,0.00,1,1,1,0,1,0.0000,0.407,0,0.134,1,0.733,2,0,yolo,143.7,yolo,0,0,0,0.000,0,-1,0
1785653665.985,-7.880,-0.915,21.197,0.9904,0,-8.967,-1.085,-8.544,0.2589,10.580,0.765,0.856,1.000,4.137,-5.625,-0.0000,-0.0000,1.968,1.968,-1.801,0.198,1.538,-2.000,0.0081,0.912,nan,0.00,1,1,1,1,1,0.0000,0.506,0,0.131,2,0.773,0,0,yolo,138.5,yolo,0,0,0,0.000,0,-1,0
1785653666.029,-7.008,-0.908,22.010,0.9924,0,-7.467,-1.092,-7.044,0.2465,10.580,0.765,0.856,1.000,4.137,-4.958,-0.0509,0.0082,1.917,1.917,-1.793,0.222,1.526,-2.000,0.0080,0.924,nan,0.00,1,1,1,0,1,0.0000,0.506,0,0.131,2,0.773,0,0,yolo,138.5,yolo,0,0,0,0.000,0,-1,0
1785653666.059,-6.188,-0.928,22.699,0.9940,0,-5.967,-1.072,-5.544,0.2464,10.580,0.765,0.856,1.000,4.137,-4.403,-0.0932,0.0280,1.875,1.875,-1.773,0.241,1.510,-2.000,0.0079,0.940,nan,0.00,1,1,1,0,1,0.0000,0.138,0,0.086,1,0.784,0,0,yolo,138.5,yolo,0,0,0,0.000,0,-1,0
1785653666.096,-5.660,-0.967,23.212,0.9950,0,-4.467,-1.033,-4.137,0.2473,10.580,0.765,0.856,1.000,4.137,-4.011,-0.1231,0.0642,1.845,1.845,-1.737,0.255,1.495,-2.000,0.0078,0.955,nan,0.00,1,1,1,0,1,0.0000,0.139,0,0.087,1,0.808,0,0,yolo,138.5,yolo,0,0,0,0.000,0,-1,0
1785653666.138,-5.276,-1.025,23.516,0.9956,0,-5.967,-0.975,-5.637,0.2640,10.642,1.146,0.740,1.000,6.147,14.000,-2.8013,0.9945,1.823,-0.044,-1.686,0.262,1.622,-2.000,0.0077,0.822,nan,0.00,1,1,1,1,1,0.0000,0.276,0,0.086,1,0.824,0,0,yolo,150.4,yolo,0,0,0,0.000,0,-1,0
1785653666.169,-4.859,-1.093,23.814,0.9962,0,-4.467,-0.907,-6.147,0.2500,10.642,1.146,0.740,1.000,6.147,-8.359,1.8466,0.0596,1.802,1.802,-1.626,0.270,1.601,-2.000,0.0076,0.844,nan,0.00,1,1,1,0,1,0.0000,0.276,0,0.086,1,0.824,0,0,yolo,150.4,yolo,0,0,0,0.000,0,-1,0
1785653666.204,-4.415,-1.140,24.345,0.9968,0,-2.967,-0.860,-6.147,0.2520,10.642,1.146,0.740,1.000,6.147,-8.100,1.8268,0.1220,1.782,1.782,-1.564,0.285,1.584,-2.000,0.0076,0.862,nan,0.00,1,1,1,0,1,0.0000,0.276,0,0.086,1,0.824,2,0,yolo,150.4,yolo,0,0,0,0.000,0,-1,0
1785653666.256,-4.140,-1.174,24.916,0.9972,0,-4.467,-0.826,-6.879,0.2687,10.316,1.245,0.656,1.000,6.879,14.000,-0.9876,0.6406,1.769,0.218,-1.508,0.302,1.639,-2.000,0.0075,0.776,nan,0.00,1,1,1,1,1,0.0000,0.268,0,0.072,1,0.847,0,0,yolo,132.6,yolo,0,0,0,0.000,0,-1,0
1785653666.292,-3.864,-1.214,25.506,0.9975,0,-2.967,-0.786,-6.879,0.2520,10.316,1.245,0.656,1.000,6.879,-5.040,1.5378,0.0484,1.756,1.756,-1.459,0.320,1.627,-2.000,0.0074,0.790,nan,0.00,1,1,1,0,1,0.0000,0.268,0,0.072,1,0.847,0,0,yolo,132.6,yolo,0,0,0,0.000,0,-1,0
1785653666.331,-3.562,-1.254,26.105,0.9978,0,-1.467,-0.746,-6.879,0.2515,10.316,1.245,0.656,1.000,6.879,-4.889,1.5265,0.0838,1.745,1.745,-1.424,0.339,1.614,-2.000,0.0073,0.804,nan,0.00,1,1,1,0,1,0.0000,0.326,0,0.033,2,0.857,0,0,yolo,132.6,yolo,0,0,0,0.000,0,-1,0
1785653666.369,-3.294,-1.291,26.661,0.9981,0,0.033,-0.709,-6.879,0.2524,10.316,1.245,0.656,1.000,6.879,-4.776,1.5180,0.1147,1.736,1.736,-1.393,0.357,1.602,-2.000,0.0072,0.816,nan,0.00,1,1,1,0,1,0.0000,0.326,0,0.033,2,0.857,0,0,yolo,132.6,yolo,0,0,0,0.000,0,-1,0
1785653666.412,-3.274,-1.323,27.221,0.9981,0,-1.467,-0.677,-8.379,0.2357,11.974,1.868,0.695,1.000,8.867,14.000,-3.1164,-0.3519,1.734,-0.162,-1.363,0.375,1.494,-2.000,0.0071,0.863,nan,0.00,1,1,1,1,1,0.0000,0.331,0,0.039,2,0.874,0,0,yolo,136.4,yolo,0,0,0,0.000,0,-1,0
1785653666.456,-3.280,-1.355,27.757,0.9981,0,-2.967,-0.645,-8.867,0.2467,11.974,1.868,0.695,1.000,8.867,0.434,1.8936,0.0284,1.731,1.731,-1.335,0.393,1.490,-2.000,0.0071,0.869,nan,0.00,1,1,1,0,1,0.0000,0.333,0,0.041,2,0.878,0,0,yolo,136.4,yolo,0,0,0,0.000,0,-1,0
1785653666.495,-2.967,-1.396,28.940,0.9984,0,-3.547,-0.604,-8.867,0.2493,11.974,1.868,0.695,1.000,8.867,0.580,1.8816,0.1006,1.719,1.719,-1.263,0.433,1.475,-2.000,0.0070,0.888,nan,0.00,1,1,1,0,1,0.0000,0.333,0,0.041,2,0.878,0,0,yolo,136.4,yolo,0,0,0,0.000,0,-1,0
1785653666.534,-2.686,-1.412,29.623,0.9986,0,-5.047,-0.588,-9.938,0.2326,13.006,2.279,0.724,1.000,9.938,14.000,-2.4304,-0.4834,1.712,-0.330,-1.221,0.455,1.410,-2.000,0.0069,0.937,nan,0.00,1,1,1,1,1,0.0000,0.332,0,0.040,2,0.874,0,0,yolo,144.3,yolo,0,0,0,0.000,0,-1,0
1785653666.572,-2.434,-1.430,30.223,0.9988,0,-6.029,-0.570,-9.938,0.2443,13.006,2.279,0.724,1.000,9.938,3.595,2.0363,0.0390,1.707,1.707,-1.182,0.476,1.401,-2.000,0.0068,0.951,nan,0.00,1,1,1,0,1,0.0000,0.333,0,0.041,2,0.874,0,0,yolo,144.3,yolo,0,0,0,0.000,0,-1,0
1785653666.604,-2.000,-1.457,31.019,0.9991,0,-5.673,-1.043,-9.938,0.2461,13.006,2.279,0.724,1.000,9.938,3.673,2.0296,0.0983,1.700,1.700,-1.123,0.502,1.385,-2.500,0.0067,0.975,nan,0.00,1,1,1,0,1,0.0000,0.333,0,0.041,2,0.874,0,0,yolo,144.3,yolo,0,0,0,0.000,0,-1,0
1785653666.643,-1.472,-1.531,31.915,0.9993,0,-5.204,-0.969,-9.938,0.2474,13.006,2.279,0.724,1.000,9.938,3.732,2.0245,0.1528,1.695,1.695,-1.069,0.532,1.360,-2.500,0.0067,1.013,nan,0.00,1,1,1,0,1,0.0000,0.336,0,0.046,2,0.879,0,0,yolo,144.3,yolo,0,0,0,0.000,0,-1,0
1785653666.682,-0.973,-1.610,32.843,0.9995,0,-4.708,-0.890,-9.938,0.2486,13.006,2.279,0.724,1.000,9.938,3.735,2.0242,0.2069,1.695,1.695,-1.014,0.563,1.334,-2.500,0.0067,1.050,nan,0.00,1,1,1,0,1,0.0000,0.336,0,0.046,2,0.879,0,0,yolo,144.3,yolo,0,0,0,0.000,0,-1,0
1785653666.714,-0.541,-1.684,33.719,0.9995,0,-6.208,-0.816,-8.470,0.2319,13.277,1.977,0.815,1.000,8.470,10.465,1.7004,-0.6801,1.698,0.348,-0.963,0.594,1.250,-2.500,0.0067,1.186,nan,0.00,1,1,1,1,1,0.0000,0.340,0,0.050,2,0.884,0,0,yolo,154.4,yolo,0,0,0,0.000,0,-1,0
1785653666.751,0.029,-1.757,34.466,0.9995,0,-4.708,-0.729,-8.470,0.2368,13.277,1.977,0.815,1.000,8.470,3.508,1.3556,0.0605,1.704,1.704,-0.903,0.622,1.221,-2.486,0.0067,1.223,nan,0.00,1,1,1,0,1,0.0000,0.345,0,0.056,2,0.891,0,0,yolo,154.4,yolo,0,0,0,0.000,0,-1,0
1785653666.792,0.440,-1.826,35.125,0.9995,0,-3.208,-0.569,-8.470,0.2384,13.277,1.977,0.815,1.000,8.470,3.386,1.3662,0.1154,1.714,1.714,-0.848,0.647,1.200,-2.394,0.0067,1.253,nan,0.00,1,1,1,0,1,0.0000,0.345,0,0.056,2,0.891,0,0,yolo,154.4,yolo,0,0,0,0.000,0,-1,0
1785653666.824,0.701,-1.884,35.802,0.9994,0,-2.529,-0.448,-8.470,0.2403,13.277,1.977,0.815,1.000,8.470,3.230,1.3799,0.1716,1.728,1.728,-0.792,0.674,1.200,-2.332,0.0067,1.275,nan,0.00,1,1,1,0,1,0.0000,0.352,0,0.066,2,0.904,0,0,yolo,154.4,yolo,0,0,0,0.000,0,-1,0
1785653666.855,0.906,-1.934,36.481,0.9993,0,-4.029,-0.325,-9.325,0.2236,13.411,2.202,0.816,1.000,9.325,14.000,-2.0013,-0.2727,1.743,0.294,-0.734,0.702,1.200,-2.259,0.0067,1.303,nan,0.00,1,1,1,1,1,0.0000,0.352,0,0.066,2,0.904,0,0,yolo,141.8,yolo,0,0,0,0.000,0,-1,0
1785653666.891,0.906,-1.934,36.481,0.9993,0,-4.177,-0.566,-9.325,0.2318,13.411,2.202,0.816,1.000,9.325,5.083,1.4481,0.0000,1.743,1.743,-0.734,0.702,1.200,-2.500,0.0067,1.303,nan,0.00,1,1,1,0,1,0.0000,0.352,0,0.066,2,0.904,1,0,yolo,141.8,yolo,0,0,0,0.000,0,-1,0
1785653666.937,1.293,-1.985,37.317,0.9991,0,-3.611,-0.323,-9.325,0.2346,13.411,2.202,0.816,1.000,9.325,4.904,1.4638,0.0808,1.758,1.758,-0.654,0.736,1.200,-2.308,0.0067,1.329,nan,0.00,1,1,1,0,1,0.0000,0.355,0,0.069,2,0.904,3,0,yolo,141.8,yolo,0,0,0,0.000,0,-1,0
1785653666.978,1.995,-2.123,38.952,0.9987,0,-5.111,0.473,-9.467,0.2180,13.792,2.300,0.787,1.000,9.467,14.000,-0.2552,-0.3571,1.795,0.486,-0.506,0.805,1.200,-1.650,0.0067,1.377,nan,0.00,1,1,1,1,1,0.0000,0.357,0,0.072,2,0.899,0,0,yolo,126.4,yolo,0,0,0,0.000,0,-1,0
1785653667.015,2.423,-2.116,39.721,0.9984,0,-3.611,0.513,-9.467,0.2329,13.792,2.300,0.787,1.000,9.467,5.912,1.3275,0.0793,1.814,1.814,-0.427,0.838,1.200,-1.604,0.0067,1.392,nan,0.00,1,1,1,0,1,0.0000,0.357,0,0.072,2,0.899,2,0,yolo,126.4,yolo,0,0,0,0.000,0,-1,0
1785653667.057,2.736,-2.105,40.501,0.9982,0,-2.933,0.567,-9.467,0.2364,13.792,2.300,0.787,1.000,9.467,5.668,1.3492,0.1625,1.836,1.836,-0.343,0.873,1.200,-1.538,0.0067,1.402,nan,0.00,1,1,1,0,1,0.0000,0.360,0,0.075,2,0.903,0,0,yolo,126.4,yolo,0,0,0,0.000,0,-1,0
1785653667.094,2.966,-2.098,41.266,0.9980,0,-4.433,0.627,-9.357,0.2420,14.010,2.309,0.736,1.000,9.357,14.000,0.2005,0.2635,1.859,0.722,-0.270,0.907,1.200,-1.472,0.0067,1.367,nan,0.00,1,1,1,1,1,0.0000,0.360,0,0.075,2,0.903,2,0,yolo,130.2,yolo,0,0,0,0.000,0,-1,0
1785653667.135,3.381,-2.088,42.095,0.9976,0,-2.933,0.730,-9.357,0.2332,14.010,2.309,0.736,1.000,9.357,6.195,1.1631,0.0752,1.885,1.885,-0.195,0.944,1.200,-1.358,0.0067,1.381,nan,0.00,1,1,1,0,1,0.0000,0.360,0,0.075,2,0.896,0,0,yolo,130.2,yolo,0,0,0,0.000,0,-1,0
1785653667.173,3.626,-2.072,42.823,0.9973,0,-2.291,0.765,-9.357,0.2360,14.010,2.309,0.736,1.000,9.357,5.916,1.1882,0.1407,1.910,1.910,-0.130,0.976,1.200,-1.307,0.0067,1.386,nan,0.00,1,1,1,0,1,0.0000,0.360,0,0.075,2,0.896,3,0,yolo,130.2,yolo,0,0,0,0.000,0,-1,0
1785653667.225,3.766,-2.060,43.416,0.9972,0,-3.791,0.734,-8.804,0.2527,14.116,2.186,0.666,1.000,8.804,10.723,1.0231,0.5346,1.931,1.032,-0.085,1.003,1.200,-1.326,0.0067,1.315,nan,0.00,1,1,1,1,1,0.0000,0.359,0,0.073,2,0.892,0,0,yolo,130.3,yolo,0,0,0,0.000,0,-1,0
1785653667.267,4.225,-2.036,44.781,0.9967,0,-2.291,1.195,-8.804,0.2360,14.116,2.186,0.666,1.000,8.804,5.352,0.9500,0.0970,1.982,1.982,0.012,1.066,1.200,-0.841,0.0067,1.326,nan,0.00,1,1,1,0,1,0.0000,0.359,0,0.074,2,0.894,0,0,yolo,130.3,yolo,0,0,0,0.000,0,-1,0
1785653667.306,4.457,-1.992,45.504,0.9964,0,-0.791,1.152,-8.804,0.2385,14.116,2.186,0.666,1.000,8.804,5.016,0.9804,0.1484,2.012,2.012,0.064,1.100,1.200,-0.840,0.0067,1.324,nan,0.00,1,1,1,0,1,0.0000,0.359,0,0.074,2,0.894,0,0,yolo,130.3,yolo,0,0,0,0.000,0,-1,0
1785653667.343,4.507,-1.944,46.231,0.9963,0,-0.180,1.132,-8.804,0.2411,14.116,2.186,0.666,1.000,8.804,4.688,1.0101,0.1993,2.042,2.042,0.115,1.134,1.200,-0.813,0.0067,1.314,nan,0.00,1,1,1,0,1,0.0000,0.359,0,0.074,2,0.894,2,0,yolo,130.3,yolo,0,0,0,0.000,0,-1,0
1785653667.379,4.511,-1.904,46.944,0.9964,0,-1.680,1.085,-8.123,0.2575,14.158,2.021,0.603,1.000,8.123,7.482,1.0097,0.5055,2.070,1.298,0.163,1.167,1.216,-0.819,0.0067,1.230,nan,0.00,1,1,1,1,1,0.0000,0.359,0,0.074,2,0.899,1,0,yolo,141.6,yolo,0,0,0,0.000,0,-1,0
1785653667.421,4.648,-1.862,47.622,0.9962,0,-0.180,1.065,-8.123,0.2408,14.158,2.021,0.603,1.000,8.123,3.689,0.8009,0.0476,2.099,2.099,0.210,1.199,1.221,-0.796,0.0067,1.225,nan,0.00,1,1,1,0,1,0.0000,0.358,0,0.073,2,0.897,1,0,yolo,141.6,yolo,0,0,0,0.000,0,-1,0
1785653667.469,4.669,-1.820,48.256,0.9962,0,1.298,1.028,-8.123,0.2394,14.158,2.021,0.603,1.000,8.123,3.370,0.8297,0.0937,2.128,2.128,0.257,1.229,1.229,-0.792,0.0067,1.215,nan,0.00,1,1,1,0,1,0.0000,0.356,0,0.070,2,0.896,2,0,yolo,141.6,yolo,0,0,0,0.000,0,-1,0
1785653667.510,4.662,-1.781,48.895,0.9962,0,2.798,0.825,-7.301,0.2560,14.146,1.812,0.541,1.000,7.301,-1.654,2.0290,0.8927,2.155,1.621,0.303,1.259,1.311,-0.956,0.0067,1.126,nan,0.00,1,1,1,1,1,0.0000,0.353,0,0.066,2,0.886,0,0,yolo,135.4,yolo,0,0,0,0.000,0,-1,0
1785653667.544,4.562,-1.744,49.516,0.9964,0,2.247,0.802,-7.301,0.2402,14.146,1.812,0.541,1.000,7.301,2.316,0.5582,0.0454,2.180,2.180,0.349,1.289,1.322,-0.943,0.0067,1.114,nan,0.00,1,1,1,0,1,0.0000,0.353,0,0.066,2,0.886,2,0,yolo,135.4,yolo,0,0,0,0.000,0,-1,0
1785653667.585,4.116,-1.690,50.650,0.9970,0,2.306,1.081,-7.301,0.2449,14.146,1.812,0.541,1.000,7.301,1.810,0.6040,0.1352,2.225,2.225,0.438,1.344,1.346,-0.609,0.0067,1.087,nan,0.00,1,1,1,0,1,0.0000,0.353,0,0.066,2,0.876,0,0,yolo,135.4,yolo,0,0,0,0.000,0,-1,0
1785653667.620,3.921,-1.637,51.219,0.9973,0,2.334,0.932,-7.301,0.2475,14.146,1.812,0.541,1.000,7.301,1.587,0.6241,0.1822,2.246,2.246,0.485,1.372,1.363,-0.705,0.0067,1.067,nan,0.00,1,1,1,0,1,0.0000,0.353,0,0.066,2,0.876,2,0,yolo,135.4,yolo,0,0,0,0.000,0,-1,0
1785653667.663,3.719,-1.592,51.783,0.9975,0,3.834,0.624,-6.345,0.2642,13.842,1.539,0.500,1.000,6.345,-0.888,1.7324,0.6319,2.263,1.312,0.527,1.399,1.459,-0.969,0.0066,0.983,nan,0.00,1,1,1,1,1,0.0000,0.353,0,0.066,2,0.870,0,0,yolo,137.0,yolo,0,0,0,0.000,0,-1,0
1785653667.700,3.366,-1.569,52.322,0.9979,0,5.334,0.564,-6.345,0.2475,13.842,1.539,0.500,1.000,6.345,-3.056,0.9668,0.0358,2.279,2.279,0.563,1.425,1.474,-1.005,0.0065,0.968,nan,0.00,1,1,1,0,1,0.0000,0.353,0,0.066,2,0.870,3,0,yolo,137.0,yolo,0,0,0,0.000,0,-1,0
1785653667.726,3.366,-1.569,52.322,0.9979,0,6.422,0.229,-6.345,0.2435,13.842,1.539,0.500,1.000,6.345,-3.056,0.9668,0.0358,2.279,2.279,0.563,1.425,1.474,-1.340,0.0064,0.968,nan,0.00,1,1,1,0,1,0.0000,0.353,0,0.067,2,0.865,0,0,yolo,137.0,yolo,0,0,0,0.000,0,-1,0
1785653667.756,2.422,-1.516,53.273,0.9988,0,5.706,0.489,-6.345,0.2472,13.842,1.539,0.500,1.000,6.345,-3.284,0.9872,0.1006,2.299,2.299,0.628,1.473,1.510,-1.027,0.0063,0.930,nan,0.00,1,1,1,0,1,0.0000,0.353,0,0.067,2,0.865,0,0,yolo,137.0,yolo,0,0,0,0.000,0,-1,0
1785653667.788,2.413,-1.516,53.281,0.9988,0,7.206,-0.167,-4.845,0.2639,13.471,0.893,0.410,1.000,3.793,-14.000,2.9996,0.6364,2.299,1.350,0.628,1.474,1.647,-1.682,0.0062,0.803,nan,0.00,1,1,1,1,1,0.0000,0.353,0,0.066,2,0.859,0,0,yolo,135.3,yolo,0,0,0,0.000,0,-1,0
1785653667.819,1.922,-1.495,53.776,0.9991,0,8.706,-0.113,-3.793,0.2482,13.471,0.893,0.410,1.000,3.793,-9.952,0.9524,0.0346,2.302,2.302,0.663,1.499,1.659,-1.608,0.0061,0.791,nan,0.00,1,1,1,0,1,0.0000,0.353,0,0.066,2,0.859,0,0,yolo,135.3,yolo,0,0,0,0.000,0,-1,0
1785653667.857,1.151,-1.511,54.140,0.9995,0,10.206,-0.082,-3.793,0.2501,13.471,0.893,0.410,1.000,3.793,-9.941,0.9514,0.0741,2.301,2.301,0.702,1.519,1.667,-1.593,0.0061,0.783,nan,0.00,1,1,1,0,1,0.0000,0.362,0,0.077,2,0.866,0,0,yolo,135.3,yolo,0,0,0,0.000,0,-1,0
1785653667.897,0.410,-1.523,54.371,0.9996,0,9.411,-0.274,-3.321,0.2667,13.241,0.768,0.358,1.000,3.321,-9.001,1.6374,1.0169,2.298,1.406,0.740,1.534,1.735,-1.797,0.0060,0.715,nan,0.00,1,1,1,1,1,0.0000,0.362,0,0.077,2,0.866,0,0,yolo,122.7,yolo,0,0,0,0.000,0,-1,0
1785653667.935,-0.455,-1.523,54.642,0.9996,0,10.444,-0.302,-3.321,0.2506,13.241,0.768,0.358,1.000,3.321,-10.900,0.8781,0.0373,2.284,2.284,0.778,1.550,1.747,-1.826,0.0059,0.703,nan,0.00,1,1,1,0,1,0.0000,0.363,0,0.079,2,0.862,0,0,yolo,122.7,yolo,0,0,0,0.000,0,-1,0
1785653667.961,-1.281,-1.540,54.926,0.9994,0,9.389,-0.280,-3.321,0.2673,13.241,0.768,0.358,1.000,3.321,-10.670,0.8581,0.0662,2.264,2.264,0.806,1.567,1.754,-1.820,0.0059,0.696,nan,0.00,1,1,1,0,1,0.0000,0.363,0,0.079,2,0.862,0,0,yolo,122.7,yolo,0,0,0,0.000,0,-1,0
1785653667.998,-2.112,-1.556,55.195,0.9990,0,8.269,-0.263,-3.321,0.2701,13.241,0.768,0.358,1.000,3.321,-10.381,0.8329,0.0888,2.239,2.239,0.829,1.583,1.762,-1.819,0.0058,0.688,nan,0.00,1,1,1,0,1,0.0000,0.363,0,0.079,2,0.862,2,0,yolo,122.7,yolo,0,0,0,0.000,0,-1,0
1785653668.040,-3.613,-1.571,55.690,0.9976,0,6.769,-0.217,-2.954,0.2757,13.055,0.674,0.303,1.000,2.954,-5.103,0.6261,0.5293,2.176,1.423,0.845,1.613,1.832,-1.789,0.0057,0.618,nan,0.00,1,1,1,1,1,0.0000,0.360,0,0.075,2,0.850,0,0,yolo,120.4,yolo,0,0,0,0.000,0,-1,0
1785653668.076,-3.613,-1.571,55.690,0.9976,0,7.081,-0.445,-2.954,0.2703,13.055,0.674,0.303,1.000,2.954,-10.694,0.7534,0.0000,2.176,2.176,0.845,1.613,1.832,-2.017,0.0057,0.618,nan,0.00,1,1,1,0,1,0.0000,0.360,0,0.075,2,0.850,2,0,yolo,120.4,yolo,0,0,0,0.000,0,-1,0
1785653668.115,-4.825,-1.591,56.151,0.9961,0,5.581,-0.238,-2.954,0.2707,13.055,0.674,0.303,1.000,2.954,-9.836,0.6792,-0.0054,2.102,2.102,0.840,1.641,1.842,-1.829,0.0056,0.608,nan,0.00,1,1,1,0,1,0.0000,0.356,0,0.070,2,0.822,0,0,yolo,120.4,yolo,0,0,0,0.000,0,-1,0
1785653668.154,-4.825,-1.591,56.151,0.9961,0,4.081,-0.710,-2.697,0.2873,13.155,0.620,0.188,1.000,2.697,-4.571,0.4426,0.8068,2.102,1.394,0.840,1.641,1.950,-2.300,0.0055,0.500,nan,0.00,1,1,1,1,1,0.0000,0.356,0,0.070,2,0.822,2,0,yolo,118.5,yolo,0,0,0,0.000,0,-1,0
1785653668.194,-5.770,-1.598,56.597,0.9945,0,3.814,-0.514,-2.697,0.2710,13.155,0.620,0.188,1.000,2.697,-9.584,0.6270,-0.0213,2.021,2.021,0.818,1.667,1.959,-2.112,0.0055,0.491,nan,0.00,1,1,1,0,1,0.0000,0.245,0,0.115,2,0.797,0,0,yolo,118.5,yolo,0,0,0,0.000,0,-1,0
1785653668.231,-6.124,-1.637,56.812,0.9939,0,2.999,-0.472,-2.697,0.2543,13.155,0.620,0.188,1.000,2.697,-9.123,0.5870,-0.0418,1.981,1.981,0.798,1.680,1.954,-2.108,0.0055,0.496,nan,0.00,1,1,1,0,1,0.0000,0.490,0,0.115,2,0.797,3,0,yolo,118.5,yolo,0,0,0,0.000,0,-1,0
1785653668.272,-6.422,-1.652,57.033,0.9933,0,1.499,-0.703,-2.595,0.2710,13.107,0.594,0.085,1.000,2.595,-3.102,0.2336,1.0075,1.938,1.285,0.789,1.694,2.055,-2.355,0.0054,0.395,nan,0.00,1,1,1,1,1,0.0000,0.502,0,0.127,2,0.795,0,0,yolo,126.8,yolo,0,0,0,0.000,0,-1,0
1785653668.308,-6.581,-1.690,57.251,0.9930,0,2.426,-0.634,-2.595,0.2589,13.107,0.594,0.085,1.000,2.595,-9.007,0.6123,-0.0053,1.897,1.897,0.783,1.707,2.048,-2.323,0.0054,0.402,nan,0.00,1,1,1,0,1,0.0000,0.502,0,0.127,2,0.795,3,0,yolo,126.8,yolo,0,0,0,0.000,0,-1,0
1785653668.334,-6.799,-1.720,57.450,0.9925,0,1.744,-0.587,-2.595,0.2591,13.107,0.594,0.085,1.000,2.595,-8.543,0.5721,-0.0001,1.857,1.857,0.789,1.719,2.043,-2.307,0.0053,0.407,nan,0.00,1,1,1,0,1,0.0000,0.506,0,0.131,2,0.784,0,0,yolo,126.8,yolo,0,0,0,0.000,0,-1,0
1785653668.365,-6.980,-1.744,57.649,0.9921,0,1.095,-0.545,-2.595,0.2714,13.107,0.594,0.085,1.000,2.595,-8.075,0.5315,0.0163,1.817,1.817,0.805,1.731,2.039,-2.289,0.0053,0.411,nan,0.00,1,1,1,0,1,0.0000,0.506,0,0.131,2,0.784,0,0,yolo,126.8,yolo,0,0,0,0.000,0,-1,0
1785653668.397,-7.084,-1.764,57.833,0.9919,0,-0.405,-0.736,-2.844,0.2881,13.115,0.652,-0.057,1.000,2.844,1.627,-0.3424,0.8606,1.780,1.099,0.823,1.742,2.183,-2.500,0.0053,0.267,nan,0.00,1,1,1,1,1,0.0000,0.509,0,0.134,2,0.774,0,0,yolo,122.0,yolo,0,0,0,0.000,0,-1,0
1785653668.438,-7.093,-1.791,58.008,0.9919,0,0.490,-0.709,-2.844,0.2714,13.115,0.652,-0.057,1.000,2.844,-7.584,0.6492,0.0034,1.748,1.748,0.826,1.753,2.177,-2.500,0.0052,0.273,nan,0.00,1,1,1,0,1,0.0000,0.205,0,0.136,1,0.764,0,0,yolo,122.0,yolo,0,0,0,0.000,0,-1,0
1785653668.475,-7.139,-1.823,58.224,0.9917,0,0.012,-0.677,-2.844,0.2714,13.115,0.652,-0.057,1.000,2.844,-7.151,0.6117,0.0038,1.711,1.711,0.827,1.765,2.170,-2.500,0.0052,0.280,nan,0.00,1,1,1,0,1,0.0000,0.413,0,0.141,1,0.756,0,0,yolo,122.0,yolo,0,0,0,0.000,0,-1,0
1785653668.514,-7.227,-1.875,58.607,0.9915,0,-1.488,-0.625,-3.201,0.2881,13.007,0.727,-0.215,1.000,3.201,4.920,-0.6065,1.1954,1.643,0.927,0.808,1.786,2.200,-2.500,0.0052,0.121,nan,0.00,1,1,1,1,1,0.0000,0.413,0,0.141,1,0.756,2,0,yolo,123.9,yolo,0,0,0,0.000,0,-1,0
1785653668.553,-7.230,-1.880,58.644,0.9915,0,-0.876,-0.620,-3.201,0.2715,13.007,0.727,-0.215,1.000,3.201,-6.354,0.7101,-0.0027,1.637,1.637,0.806,1.788,2.200,-2.500,0.0052,0.122,nan,0.00,1,1,1,0,1,0.0000,0.416,0,0.144,1,0.749,0,0,yolo,123.9,yolo,0,0,0,0.000,0,-1,0
1785653668.592,-7.145,-1.909,58.985,0.9917,0,-1.391,-0.591,-3.201,0.2665,13.007,0.727,-0.215,1.000,3.201,-5.754,0.6584,-0.0225,1.585,1.585,0.786,1.806,2.200,-2.500,0.0052,0.129,nan,0.00,1,1,1,0,1,0.0000,0.416,0,0.144,1,0.749,2,0,yolo,123.9,yolo,0,0,0,0.000,0,-1,0
1785653668.633,-7.019,-1.946,59.434,0.9919,0,-2.891,-0.401,-3.663,0.2832,12.535,0.802,-0.357,1.000,3.663,11.852,-1.5177,2.0000,1.520,0.715,0.765,1.829,2.200,-2.347,0.0052,-0.026,nan,0.00,1,1,1,1,1,0.0000,0.415,0,0.144,1,0.712,0,0,yolo,118.6,yolo,0,0,0,0.000,0,-1,0
1785653668.668,-6.820,-1.950,59.676,0.9923,0,-1.910,-0.416,-3.663,0.2714,12.535,0.802,-0.357,1.000,3.663,-4.910,0.7738,-0.0113,1.489,1.489,0.754,1.841,2.200,-2.366,0.0052,-0.023,nan,0.00,1,1,1,0,1,0.0000,0.415,0,0.144,1,0.712,2,0,yolo,118.6,yolo,0,0,0,0.000,0,-1,0
1785653668.717,-6.670,-1.951,59.962,0.9927,0,-2.155,-0.408,-3.663,0.2706,12.535,0.802,-0.357,1.000,3.663,-4.515,0.7405,-0.0253,1.456,1.456,0.740,1.854,2.200,-2.359,0.0052,-0.020,nan,0.00,1,1,1,0,1,0.0000,0.419,0,0.149,1,0.703,0,0,yolo,118.6,yolo,0,0,0,0.000,0,-1,0
1785653668.756,-6.517,-1.954,60.249,0.9930,0,-3.655,-0.393,-4.188,0.2873,12.188,0.892,-0.492,1.000,4.188,9.244,-0.6698,0.9199,1.423,0.651,0.727,1.866,2.200,-2.347,0.0052,-0.174,nan,0.00,1,1,1,1,1,0.0000,0.425,0,0.157,1,0.700,0,0,yolo,124.1,yolo,0,0,0,0.000,0,-1,0
1785653668.788,-6.221,-1.955,60.559,0.9935,0,-3.164,-0.371,-4.188,0.2753,12.188,0.892,-0.492,1.000,4.188,-3.057,0.7431,-0.0179,1.394,1.394,0.709,1.878,2.200,-2.326,0.0052,-0.169,nan,0.00,1,1,1,0,1,0.0000,0.425,0,0.157,1,0.700,0,0,yolo,124.1,yolo,0,0,0,0.000,0,-1,0
1785653668.824,-5.963,-1.952,60.896,0.9940,0,-3.259,-0.345,-4.188,0.2740,12.188,0.892,-0.492,1.000,4.188,-2.704,0.7138,-0.0422,1.365,1.365,0.684,1.891,2.200,-2.297,0.0052,-0.166,nan,0.00,1,1,1,0,1,0.0000,0.425,0,0.157,1,0.700,2,0,yolo,124.1,yolo,0,0,0,0.000,0,-1,0
1785653668.865,-5.708,-1.949,61.226,0.9945,0,-4.759,-0.114,-4.833,0.2906,11.834,1.001,-0.641,1.000,4.833,14.000,-1.9983,2.0000,1.337,0.443,0.662,1.904,2.115,-2.064,0.0053,-0.335,nan,0.00,1,1,1,1,1,0.0000,0.431,0,0.164,1,0.691,0,0,yolo,114.8,yolo,0,0,0,0.000,0,-1,0
1785653668.905,-5.438,-1.948,61.556,0.9949,0,-3.685,-0.104,-4.833,0.2796,11.834,1.001,-0.641,1.000,4.833,-1.753,0.8680,-0.0223,1.311,1.311,0.639,1.916,2.120,-2.052,0.0053,-0.330,nan,0.00,1,1,1,0,1,0.0000,0.435,0,0.169,1,0.692,0,0,yolo,114.8,yolo,0,0,0,0.000,0,-1,0
1785653668.942,-5.040,-1.928,61.917,0.9956,0,-3.565,-0.106,-4.833,0.2781,11.834,1.001,-0.641,1.000,4.833,-1.474,0.8453,-0.0508,1.289,1.289,0.611,1.928,2.122,-2.033,0.0053,-0.328,nan,0.00,1,1,1,0,1,0.0000,0.435,0,0.169,1,0.692,0,0,yolo,114.8,yolo,0,0,0,0.000,0,-1,0
1785653668.982,-4.735,-1.903,62.309,0.9960,0,-5.065,0.244,-5.404,0.2948,11.541,1.092,-0.762,1.000,5.404,14.000,-0.8625,1.0346,1.265,0.430,0.581,1.940,1.984,-1.659,0.0054,-0.466,nan,0.00,1,1,1,1,1,0.0000,0.346,0,0.202,2,0.684,0,0,yolo,116.8,yolo,0,0,0,0.000,0,-1,0
1785653669.020,-4.031,-1.837,63.083,0.9970,0,-4.462,0.348,-5.404,0.2814,11.541,1.092,-0.762,1.000,5.404,0.432,0.7964,-0.0645,1.227,1.227,0.517,1.963,1.983,-1.489,0.0054,-0.467,nan,0.00,1,1,1,0,1,0.0000,0.346,0,0.202,2,0.684,0,0,yolo,116.8,yolo,0,0,0,0.000,0,-1,0
1785653669.060,-4.031,-1.837,63.083,0.9970,0,-4.462,0.179,-5.404,0.2814,11.541,1.092,-0.762,1.000,5.404,0.432,0.7964,-0.0645,1.227,1.227,0.517,1.963,1.983,-1.657,0.0055,-0.467,nan,0.00,1,1,1,0,1,0.0000,0.348,0,0.206,2,0.684,0,0,yolo,116.8,yolo,0,0,0,0.000,0,-1,0
1785653669.099,-3.233,-1.732,64.006,0.9980,0,-5.962,0.703,-5.961,0.2981,11.319,1.182,-0.917,1.000,5.961,14.000,-1.6507,2.0000,1.192,0.312,0.429,1.987,1.810,-1.028,0.0055,-0.640,nan,0.00,1,1,1,1,1,0.0000,0.348,0,0.206,2,0.684,0,0,yolo,120.5,yolo,0,0,0,0.000,0,-1,0
1785653669.137,-2.713,-1.649,64.461,0.9985,0,-4.462,0.614,-5.961,0.2874,11.319,1.182,-0.917,1.000,5.961,1.655,0.8679,-0.0441,1.180,1.180,0.385,1.997,1.804,-1.036,0.0056,-0.646,nan,0.00,1,1,1,0,1,0.0000,0.698,0,0.207,2,0.686,0,0,yolo,120.5,yolo,0,0,0,0.000,0,-1,0
1785653669.177,-2.341,-1.575,64.934,0.9988,0,-4.142,0.546,-5.961,0.2854,11.319,1.182,-0.917,1.000,5.961,1.801,0.8563,-0.0929,1.168,1.168,0.336,2.007,1.797,-1.029,0.0057,-0.653,nan,0.00,1,1,1,0,1,0.0000,0.687,0,0.197,2,0.685,0,0,yolo,120.5,yolo,0,0,0,0.000,0,-1,0
1785653669.209,-2.002,-1.513,65.402,0.9990,0,-3.929,0.490,-5.961,0.2835,11.319,1.182,-0.917,1.000,5.961,1.926,0.8464,-0.1400,1.158,1.158,0.289,2.017,1.792,-1.024,0.0057,-0.658,nan,0.00,1,1,1,0,1,0.0000,0.687,0,0.197,2,0.685,0,0,yolo,120.5,yolo,0,0,0,0.000,0,-1,0
1785653669.243,-1.665,-1.457,65.868,0.9993,0,-5.429,0.795,-5.237,0.3001,10.988,1.007,-1.056,1.000,5.237,5.346,0.6938,0.7339,1.150,0.550,0.243,2.026,1.645,-0.662,0.0058,-0.805,nan,0.00,1,1,1,1,1,0.0000,0.687,0,0.197,2,0.685,2,0,yolo,117.2,yolo,0,0,0,0.000,0,-1,0
1785653669.273,-1.665,-1.457,65.868,0.9993,0,-3.929,0.679,-5.237,0.2943,10.988,1.007,-1.056,1.000,5.237,1.134,0.5998,0.0000,1.150,1.150,0.243,2.026,1.645,-0.778,0.0059,-0.805,nan,0.00,1,1,1,0,1,0.0000,0.391,0,0.183,3,0.673,0,0,yolo,117.2,yolo,0,0,0,0.000,0,-1,0
1785653669.310,-1.192,-1.378,66.291,0.9995,0,-2.429,0.635,-5.237,0.2921,10.988,1.007,-1.056,1.000,5.237,1.180,0.5963,-0.0521,1.146,1.146,0.191,2.033,1.638,-0.743,0.0060,-0.812,nan,0.00,1,1,1,0,1,0.0000,0.391,0,0.183,3,0.673,2,0,yolo,117.2,yolo,0,0,0,0.000,0,-1,0
1785653669.338,-0.558,-1.254,67.045,0.9997,0,-3.929,0.903,-6.110,0.3088,10.835,1.160,-1.161,1.000,6.110,14.000,-2.4753,1.8349,1.145,0.275,0.087,2.045,1.512,-0.351,0.0061,-0.935,nan,0.00,1,1,1,1,1,0.0000,0.387,0,0.178,3,0.647,0,0,yolo,120.6,yolo,0,0,0,0.000,0,-1,0
1785653669.369,-0.554,-1.253,67.052,0.9997,0,-2.458,0.809,-6.110,0.2982,10.835,1.160,-1.161,1.000,6.110,1.904,0.8693,-0.0010,1.145,1.145,0.086,2.045,1.512,-0.445,0.0062,-0.935,nan,0.00,1,1,1,0,1,0.0000,0.299,0,0.124,3,0.636,0,0,yolo,120.6,yolo,0,0,0,0.000,0,-1,0
1785653669.400,-0.225,-1.176,67.502,0.9998,0,-2.146,0.774,-6.110,0.2955,10.835,1.160,-1.161,1.000,6.110,1.921,0.8680,-0.0680,1.143,1.143,0.019,2.052,1.504,-0.402,0.0063,-0.943,nan,0.00,1,1,1,0,1,0.0000,0.294,0,0.115,3,0.609,0,0,yolo,120.6,yolo,0,0,0,0.000,0,-1,0
1785653669.430,-0.038,-1.107,67.991,0.9998,0,-1.986,0.754,-6.110,0.2928,10.835,1.160,-1.161,1.000,6.110,1.949,0.8659,-0.1377,1.141,1.141,-0.051,2.059,1.495,-0.354,0.0063,-0.952,nan,0.00,1,1,1,0,1,0.0000,0.294,0,0.115,3,0.609,0,0,yolo,120.6,yolo,0,0,0,0.000,0,-1,0
1785653669.467,0.119,-1.046,68.466,0.9998,0,-3.486,1.008,-6.836,0.3094,10.631,1.274,-1.259,1.000,6.836,14.000,-0.8084,0.6606,1.140,0.320,-0.118,2.065,1.375,-0.037,0.0063,-1.062,nan,0.00,1,1,1,1,1,0.0000,0.588,0,0.115,3,0.609,2,0,yolo,121.8,yolo,0,0,0,0.000,0,-1,0
1785653669.506,0.428,-0.962,68.980,0.9998,0,-3.433,0.962,-6.836,0.2993,10.631,1.274,-1.259,1.000,6.836,3.860,0.8188,-0.0722,1.139,1.139,-0.190,2.072,1.367,0.000,0.0063,-1.071,nan,0.00,1,1,1,0,1,0.0000,0.586,0,0.113,3,0.593,0,0,yolo,121.8,yolo,0,0,0,0.000,0,-1,0
1785653669.544,0.714,-0.886,69.506,0.9998,0,-3.155,0.921,-6.836,0.2962,10.631,1.274,-1.259,1.000,6.836,3.870,0.8181,-0.1447,1.138,1.138,-0.263,2.079,1.360,0.035,0.0063,-1.078,nan,0.00,1,1,1,0,1,0.0000,0.586,0,0.113,3,0.593,2,0,yolo,121.8,yolo,0,0,0,0.000,0,-1,0
1785653669.584,1.023,-0.808,70.082,0.9997,0,-4.655,1.098,-7.481,0.3129,10.351,1.359,-1.347,1.000,7.481,14.000,-1.7483,1.4705,1.139,0.269,-0.341,2.085,1.264,0.290,0.0063,-1.176,nan,0.00,1,1,1,1,1,0.0000,0.589,0,0.116,3,0.581,0,0,yolo,122.0,yolo,0,0,0,0.000,0,-1,0
1785653669.621,1.320,-0.732,70.672,0.9997,0,-3.623,1.050,-7.481,0.3024,10.351,1.359,-1.347,1.000,7.481,4.943,0.8734,-0.0791,1.142,1.142,-0.421,2.092,1.259,0.317,0.0063,-1.183,nan,0.00,1,1,1,0,1,0.0000,0.589,0,0.116,3,0.581,3,0,yolo,122.0,yolo,0,0,0,0.000,0,-1,0
1785653669.662,1.652,-0.652,71.281,0.9995,0,-3.257,1.002,-7.481,0.2990,10.351,1.359,-1.347,1.000,7.481,4.909,0.8760,-0.1594,1.145,1.145,-0.501,2.098,1.253,0.350,0.0063,-1.189,nan,0.00,1,1,1,0,1,0.0000,0.598,0,0.123,3,0.574,0,0,yolo,122.0,yolo,0,0,0,0.000,0,-1,0
1785653669.699,1.960,-0.581,71.877,0.9994,0,-2.912,0.957,-7.481,0.2959,10.351,1.359,-1.347,1.000,7.481,4.872,0.8788,-0.2335,1.148,1.148,-0.575,2.105,1.248,0.376,0.0063,-1.195,nan,0.00,1,1,1,0,1,0.0000,0.598,0,0.123,3,0.574,2,0,yolo,122.0,yolo,0,0,0,0.000,0,-1,0
1785653669.740,2.472,-0.461,73.019,0.9990,0,-4.412,1.040,-8.070,0.3125,10.657,1.511,-1.482,1.000,8.070,14.000,-0.6574,0.8101,1.159,0.298,-0.715,2.116,1.200,0.579,0.0063,-1.330,nan,0.00,1,1,1,1,1,0.0000,0.506,0,0.131,2,0.569,0,0,yolo,119.8,yolo,0,0,0,0.000,0,-1,0
1785653669.775,2.472,-0.461,73.019,0.9990,0,-4.171,0.953,-8.070,0.3105,10.657,1.511,-1.482,1.000,8.070,6.644,0.8604,0.0000,1.159,1.159,-0.715,2.116,1.200,0.492,0.0063,-1.330,nan,0.00,1,1,1,0,1,0.0000,0.506,0,0.131,2,0.569,2,0,yolo,119.8,yolo,0,0,0,0.000,0,-1,0
1785653669.802,2.849,-0.402,73.628,0.9987,0,-3.731,0.916,-8.070,0.3073,10.657,1.511,-1.482,1.000,8.070,6.581,0.8652,-0.0739,1.163,1.163,-0.789,2.122,1.200,0.514,0.0063,-1.330,nan,0.00,1,1,1,0,1,0.0000,0.512,0,0.137,2,0.566,0,0,yolo,119.8,yolo,0,0,0,0.000,0,-1,0
1785653669.830,3.206,-0.353,74.261,0.9984,0,-5.231,0.893,-8.538,0.3240,10.926,1.640,-1.593,1.000,8.538,14.000,-1.3370,1.5159,1.169,0.172,-0.865,2.129,1.200,0.539,0.0063,-1.431,nan,0.00,1,1,1,1,1,0.0000,0.512,0,0.137,2,0.566,0,0,yolo,115.8,yolo,0,0,0,0.000,0,-1,0
1785653669.864,3.517,-0.312,74.890,0.9981,0,-3.731,0.871,-8.538,0.3103,10.926,1.640,-1.593,1.000,8.538,7.193,1.0048,-0.0791,1.177,1.177,-0.944,2.135,1.200,0.559,0.0063,-1.430,nan,0.00,1,1,1,0,1,0.0000,0.516,0,0.141,2,0.567,0,0,yolo,115.8,yolo,0,0,0,0.000,0,-1,0
1785653669.894,3.844,-0.280,75.541,0.9977,0,-3.246,0.863,-8.538,0.3065,10.926,1.640,-1.593,1.000,8.538,7.090,1.0128,-0.1621,1.185,1.185,-1.027,2.142,1.200,0.583,0.0063,-1.426,nan,0.00,1,1,1,0,1,0.0000,0.516,0,0.141,2,0.567,0,0,yolo,115.8,yolo,0,0,0,0.000,0,-1,0
1785653669.931,4.119,-0.252,76.220,0.9974,0,-2.846,0.864,-8.538,0.3025,10.926,1.640,-1.593,1.000,8.538,6.965,1.0226,-0.2516,1.195,1.195,-1.117,2.150,1.200,0.613,0.0063,-1.423,nan,0.00,1,1,1,0,1,0.0000,0.516,0,0.141,2,0.567,2,0,yolo,115.8,yolo,0,0,0,0.000,0,-1,0
1785653669.982,4.358,-0.227,76.873,0.9971,0,-2.983,0.863,-7.216,0.3077,10.817,1.370,-1.550,1.000,7.216,7.341,1.2473,-0.1226,1.206,0.569,-1.200,2.157,1.200,0.636,0.0063,-1.399,nan,0.00,1,1,1,1,1,0.0000,0.674,0,0.187,2,0.572,0,0,yolo,118.5,yolo,0,0,0,0.000,0,-1,0
1785653670.018,4.859,-0.178,78.119,0.9964,0,-1.483,0.918,-7.216,0.2910,10.817,1.370,-1.550,1.000,7.216,5.008,0.6644,-0.1552,1.233,1.233,-1.355,2.170,1.200,0.741,0.0063,-1.395,nan,0.00,1,1,1,0,1,0.0000,0.674,0,0.187,2,0.572,0,0,yolo,118.5,yolo,0,0,0,0.000,0,-1,0
1785653670.060,4.859,-0.178,78.119,0.9964,0,-2.983,0.824,-7.733,0.2743,10.157,1.379,-1.493,1.000,7.733,14.000,-1.3750,-0.8395,1.233,0.619,-1.355,2.170,1.200,0.646,0.0063,-1.339,nan,0.00,1,1,1,1,1,0.0000,0.676,0,0.188,2,0.584,0,0,yolo,110.9,yolo,0,0,0,0.000,0,-1,0
1785653670.096,5.255,-0.124,79.285,0.9958,0,-1.483,0.860,-7.733,0.2715,10.157,1.379,-1.493,1.000,7.733,5.403,0.6538,-0.1102,1.273,1.273,-1.465,2.182,1.200,0.735,0.0063,-1.338,nan,0.00,1,1,1,0,1,0.0000,0.676,0,0.188,2,0.584,0,0,yolo,110.9,yolo,0,0,0,0.000,0,-1,0
1785653670.134,5.395,-0.108,79.885,0.9956,0,0.017,0.853,-7.733,0.2715,10.157,1.379,-1.493,1.000,7.733,5.160,0.6719,-0.1298,1.291,1.291,-1.485,2.189,1.200,0.745,0.0063,-1.337,nan,0.00,1,1,1,0,1,0.0000,0.395,0,0.190,3,0.598,0,0,yolo,110.9,yolo,0,0,0,0.000,0,-1,0
1785653670.173,5.394,-0.092,80.476,0.9956,0,-1.483,0.848,-8.034,0.2715,9.657,1.363,-1.423,1.000,8.034,14.000,-0.5071,-0.6432,1.313,0.732,-1.488,2.196,1.200,0.756,0.0063,-1.273,nan,0.00,1,1,1,1,1,0.0000,0.395,0,0.190,3,0.598,0,0,yolo,110.4,yolo,0,0,0,0.000,0,-1,0
1785653670.213,5.511,-0.079,81.072,0.9954,0,0.017,0.852,-8.034,0.2716,9.657,1.363,-1.423,1.000,8.034,5.358,0.5998,0.0146,1.332,1.332,-1.473,2.203,1.200,0.773,0.0063,-1.272,nan,0.00,1,1,1,0,1,0.0000,0.397,0,0.192,3,0.610,0,0,yolo,110.4,yolo,0,0,0,0.000,0,-1,0
1785653670.252,5.564,-0.065,81.704,0.9953,0,0.496,0.866,-8.034,0.2716,9.657,1.363,-1.423,1.000,8.034,5.068,0.6206,0.0361,1.353,1.353,-1.452,2.211,1.200,0.801,0.0063,-1.273,nan,0.00,1,1,1,0,1,0.0000,0.796,0,0.193,3,0.611,0,0,yolo,110.4,yolo,0,0,0,0.000,0,-1,0
1785653670.285,5.557,-0.053,82.319,0.9953,0,-1.004,0.795,-8.214,0.2716,9.267,1.338,-1.353,1.000,8.214,14.000,-0.1748,-0.3854,1.374,0.809,-1.445,2.219,1.234,0.741,0.0063,-1.209,nan,0.00,1,1,1,1,1,0.0000,0.796,0,0.193,3,0.611,2,0,yolo,117.9,yolo,0,0,0,0.000,0,-1,0
1785653670.315,5.653,-0.047,82.975,0.9951,0,0.496,0.818,-8.214,0.2717,9.267,1.338,-1.353,1.000,8.214,4.826,0.5841,0.0004,1.393,1.393,-1.445,2.228,1.235,0.770,0.0063,-1.207,nan,0.00,1,1,1,0,1,0.0000,0.791,0,0.190,3,0.619,0,0,yolo,117.9,yolo,0,0,0,0.000,0,-1,0
1785653670.346,5.623,-0.039,83.619,0.9952,0,1.107,0.846,-8.214,0.2717,9.267,1.338,-1.353,1.000,8.214,4.516,0.6059,-0.0027,1.415,1.415,-1.448,2.237,1.233,0.807,0.0063,-1.209,nan,0.00,1,1,1,0,1,0.0000,0.791,0,0.190,3,0.619,0,0,yolo,117.9,yolo,0,0,0,0.000,0,-1,0
1785653670.378,5.529,-0.028,84.249,0.9953,0,1.331,0.873,-8.214,0.2716,9.267,1.338,-1.353,1.000,8.214,4.198,0.6282,-0.0079,1.437,1.437,-1.453,2.246,1.230,0.845,0.0063,-1.213,nan,0.00,1,1,1,0,1,0.0000,0.283,0,0.190,1,0.622,0,0,yolo,117.9,yolo,0,0,0,0.000,0,-1,0
1785653670.413,5.426,-0.014,84.879,0.9955,0,-0.169,0.686,-8.376,0.2589,8.906,1.311,-1.243,1.000,8.376,13.599,-0.2504,-1.0214,1.459,0.903,-1.460,2.255,1.311,0.672,0.0063,-1.111,nan,0.00,1,1,1,1,1,0.0000,0.283,0,0.190,1,0.622,1,0,yolo,119.0,yolo,0,0,0,0.000,0,-1,0
1785653670.443,5.441,-0.016,85.535,0.9955,0,1.331,0.720,-8.376,0.2716,8.906,1.311,-1.243,1.000,8.376,3.955,0.5746,0.0006,1.477,1.477,-1.460,2.264,1.312,0.703,0.0063,-1.110,nan,0.00,1,1,1,0,1,0.0000,0.567,0,0.192,1,0.626,0,0,yolo,119.0,yolo,0,0,0,0.000,0,-1,0
1785653670.474,5.337,-0.015,86.213,0.9957,0,1.685,0.764,-8.376,0.2715,8.906,1.311,-1.243,1.000,8.376,3.652,0.5953,0.0021,1.498,1.498,-1.458,2.275,1.310,0.749,0.0063,-1.113,nan,0.00,1,1,1,0,1,0.0000,0.567,0,0.192,1,0.626,0,0,yolo,119.0,yolo,0,0,0,0.000,0,-1,0
1785653670.505,5.192,-0.009,86.857,0.9959,0,1.829,0.800,-8.376,0.2715,8.906,1.311,-1.243,1.000,8.376,3.363,0.6151,0.0038,1.518,1.518,-1.457,2.285,1.306,0.792,0.0063,-1.118,nan,0.00,1,1,1,0,1,0.0000,0.533,0,0.158,2,0.648,0,0,yolo,119.0,yolo,0,0,0,0.000,0,-1,0
1785653670.536,5.192,-0.009,86.857,0.9959,0,0.329,0.518,-8.480,0.2609,8.635,1.287,-1.149,1.000,8.480,12.543,-0.1573,-0.9171,1.518,0.962,-1.457,2.285,1.378,0.509,0.0063,-1.026,nan,0.00,1,1,1,1,1,0.0000,0.533,0,0.158,2,0.648,0,0,yolo,114.3,yolo,0,0,0,0.000,0,-1,0
1785653670.567,5.046,0.002,87.500,0.9961,0,1.829,0.582,-8.480,0.2714,8.635,1.287,-1.149,1.000,8.480,3.185,0.5747,0.0019,1.537,1.537,-1.455,2.295,1.373,0.584,0.0063,-1.031,nan,0.00,1,1,1,0,1,0.0000,0.533,0,0.158,2,0.663,0,0,yolo,114.3,yolo,0,0,0,0.000,0,-1,0
1785653670.598,5.015,-0.008,88.131,0.9962,0,2.046,0.638,-8.480,0.2714,8.635,1.287,-1.149,1.000,8.480,2.969,0.5892,0.0097,1.551,1.551,-1.447,2.305,1.374,0.630,0.0063,-1.030,nan,0.00,1,1,1,0,1,0.0000,0.533,0,0.158,2,0.663,0,0,yolo,114.3,yolo,0,0,0,0.000,0,-1,0
1785653670.639,4.869,-0.011,88.767,0.9964,0,0.546,0.470,-8.544,0.2608,8.371,1.258,-1.030,1.000,8.544,11.530,-0.0704,-0.8465,1.567,1.005,-1.446,2.315,1.462,0.459,0.0064,-0.918,nan,0.00,1,1,1,1,1,0.0000,0.533,0,0.158,2,0.663,2,0,yolo,112.1,yolo,0,0,0,0.000,0,-1,0
1785653670.677,4.686,-0.009,89.418,0.9967,0,2.046,0.525,-8.544,0.2714,8.371,1.258,-1.030,1.000,8.544,2.365,0.5786,-0.0001,1.584,1.584,-1.446,2.326,1.458,0.516,0.0065,-0.922,nan,0.00,1,1,1,0,1,0.0000,0.530,0,0.155,2,0.683,0,0,yolo,112.1,yolo,0,0,0,0.000,0,-1,0
1785653670.717,4.641,-0.022,90.076,0.9967,0,2.459,0.579,-8.544,0.2715,8.371,1.258,-1.030,1.000,8.544,2.182,0.5906,0.0053,1.596,1.596,-1.441,2.337,1.459,0.557,0.0066,-0.921,nan,0.00,1,1,1,0,1,0.0000,0.483,0,0.108,2,0.695,0,0,yolo,112.1,yolo,0,0,0,0.000,0,-1,0
1785653670.745,4.487,-0.029,90.722,0.9969,0,0.959,0.373,-8.568,0.2548,8.107,1.221,-0.894,1.000,8.568,10.330,-0.0500,-1.9448,1.609,1.083,-1.435,2.349,1.560,0.344,0.0067,-0.792,nan,0.00,1,1,1,1,1,0.0000,0.483,0,0.108,2,0.695,0,0,yolo,112.5,yolo,0,0,0,0.000,0,-1,0
1785653670.770,4.367,-0.046,91.460,0.9971,0,2.459,0.449,-8.568,0.2715,8.107,1.221,-0.894,1.000,8.568,1.695,0.5385,0.0099,1.622,1.622,-1.425,2.361,1.560,0.402,0.0068,-0.792,nan,0.00,1,1,1,0,1,0.0000,0.483,0,0.108,2,0.695,0,0,yolo,112.5,yolo,0,0,0,0.000,0,-1,0
1785653670.801,4.114,-0.057,92.256,0.9974,0,2.649,0.537,-8.568,0.2716,8.107,1.221,-0.894,1.000,8.568,1.465,0.5532,0.0208,1.636,1.636,-1.414,2.376,1.557,0.479,0.0069,-0.796,nan,0.00,1,1,1,0,1,0.0000,0.479,0,0.104,2,0.720,0,0,yolo,112.5,yolo,0,0,0,0.000,0,-1,0
1785653670.832,4.114,-0.057,92.256,0.9974,0,2.649,0.407,-8.568,0.2716,8.107,1.221,-0.894,1.000,8.568,1.465,0.5532,0.0208,1.636,1.636,-1.414,2.376,1.557,0.350,0.0069,-0.796,nan,0.00,1,1,1,0,1,0.0000,0.479,0,0.104,2,0.720,0,0,yolo,112.5,yolo,0,0,0,0.000,0,-1,0
1785653670.870,3.867,-0.056,92.977,0.9977,0,1.149,0.284,-8.570,0.2638,7.903,1.191,-0.780,1.000,8.570,9.711,-0.0016,-0.6345,1.648,1.091,-1.404,2.389,1.640,0.228,0.0070,-0.690,nan,0.00,1,1,1,1,1,0.0000,0.477,0,0.102,2,0.739,0,0,yolo,106.0,yolo,0,0,0,0.000,0,-1,0
1785653670.911,3.548,-0.080,94.290,0.9981,0,2.649,0.527,-8.570,0.2716,7.903,1.191,-0.780,1.000,8.570,0.654,0.5709,0.0092,1.662,1.662,-1.395,2.413,1.637,0.447,0.0071,-0.694,nan,0.00,1,1,1,0,1,0.0000,0.477,0,0.102,2,0.739,0,0,yolo,106.0,yolo,0,0,0,0.000,0,-1,0
1785653670.942,3.337,-0.075,94.946,0.9983,0,2.784,0.547,-8.570,0.2716,7.903,1.191,-0.780,1.000,8.570,0.553,0.5772,0.0073,1.669,1.669,-1.397,2.425,1.633,0.472,0.0071,-0.699,nan,0.00,1,1,1,0,1,0.0000,0.568,0,0.098,3,0.763,0,0,yolo,106.0,yolo,0,0,0,0.000,0,-1,0
1785653670.974,3.088,-0.063,95.611,0.9985,0,1.284,0.370,-8.544,0.2549,7.717,1.159,-0.677,1.000,8.544,8.590,0.0513,-1.4083,1.674,1.137,-1.400,2.438,1.708,0.307,0.0072,-0.605,nan,0.00,1,1,1,1,1,0.0000,0.568,0,0.098,3,0.763,0,0,yolo,109.4,yolo,0,0,0,0.000,0,-1,0
1785653671.012,3.088,-0.063,95.611,0.9985,0,2.784,0.226,-8.544,0.2716,7.717,1.159,-0.677,1.000,8.544,0.190,0.5371,0.0000,1.674,1.674,-1.400,2.438,1.708,0.163,0.0073,-0.605,nan,0.00,1,1,1,0,1,0.0000,0.568,0,0.098,3,0.784,0,0,yolo,109.4,yolo,0,0,0,0.000,0,-1,0
1785653671.051,2.756,-0.078,96.919,0.9988,0,2.632,0.474,-8.544,0.2716,7.717,1.159,-0.677,1.000,8.544,0.124,0.5412,0.0144,1.678,1.678,-1.386,2.463,1.704,0.396,0.0073,-0.610,nan,0.00,1,1,1,0,1,0.0000,0.568,0,0.098,3,0.784,0,0,yolo,109.4,yolo,0,0,0,0.000,0,-1,0
1785653671.081,2.519,-0.069,97.578,0.9990,0,2.419,0.496,-8.544,0.2717,7.717,1.159,-0.677,1.000,8.544,0.100,0.5427,0.0188,1.680,1.680,-1.381,2.475,1.699,0.427,0.0074,-0.616,nan,0.00,1,1,1,0,1,0.0000,0.355,0,0.069,2,0.808,0,0,yolo,109.4,yolo,0,0,0,0.000,0,-1,0
1785653671.113,2.314,-0.053,98.246,0.9992,0,2.200,0.517,-8.544,0.2717,7.717,1.159,-0.677,1.000,8.544,0.115,0.5418,0.0226,1.679,1.679,-1.377,2.488,1.694,0.465,0.0075,-0.623,nan,0.00,1,1,1,0,1,0.0000,0.355,0,0.069,2,0.808,0,0,yolo,109.4,yolo,0,0,0,0.000,0,-1,0
1785653671.149,2.314,-0.053,98.246,0.9992,0,3.700,2.017,-7.044,0.2550,nan,nan,nan,0.000,0.000,-10.000,0.0000,-1.3773,1.679,1.679,-1.377,2.488,1.000,2.057,0.0075,-0.604,nan,0.00,0,0,0,0,1,0.0000,0.356,0,0.070,2,0.830,0,0,,,FLYING,0,0,0,0.000,0,-1,0
1785653671.190,1.789,0.128,99.510,0.9995,0,5.200,2.166,-5.544,0.2383,nan,nan,nan,0.000,0.000,-10.000,0.0000,-1.3694,1.679,1.679,-1.369,2.514,1.000,2.294,0.0075,-0.586,nan,0.00,0,0,0,0,1,0.0000,0.356,0,0.070,2,0.830,0,0,,,FLYING,0,0,0,0.000,0,-1,0
1785653671.224,1.789,0.128,99.510,0.9995,0,6.690,1.513,-5.946,0.2270,4.000,0.417,0.000,0.233,5.946,-4.901,-0.0000,-1.3694,1.679,1.679,-1.369,2.514,1.200,1.641,0.0075,-0.568,nan,0.00,0,1,0,1,1,0.0000,0.357,0,0.071,2,0.856,0,1,blueline,,BLUELINE,0,0,0,0.000,0,-1,0
1785653671.253,1.342,0.303,99.948,0.9997,0,6.297,1.327,-5.946,0.2276,4.000,0.417,0.000,0.233,5.946,-4.956,0.0090,-1.3440,1.688,1.688,-1.344,2.521,1.200,1.631,0.0075,-0.551,nan,0.00,0,1,0,0,1,0.0000,0.357,0,0.071,2,0.856,0,0,blueline,,BLUELINE,0,0,0,0.000,0,-1,0
1785653671.285,0.800,0.421,100.346,0.9999,0,7.797,1.169,-4.446,0.2294,4.000,0.301,0.000,0.233,4.301,-7.940,1.7232,-1.2925,1.697,1.697,-1.292,2.525,1.200,1.591,0.0075,-0.535,nan,0.00,0,1,0,1,1,0.0000,0.355,0,0.069,2,0.882,0,0,blueline,,BLUELINE,0,0,0,0.000,0,-1,0
1785653671.323,0.279,0.522,100.801,0.9999,0,9.297,1.549,-2.946,0.2323,nan,nan,nan,0.000,0.000,-10.000,0.0000,-1.2157,1.698,1.698,-1.216,2.530,1.000,2.072,0.0075,-0.519,nan,0.00,0,0,0,0,0,0.0000,0.000,0,0.000,0,0.000,0,0,,,FLYING,0,0,0,0.000,0,-1,0
1785653671.349,-0.353,0.619,101.191,0.9999,0,9.647,1.404,-1.446,0.2362,nan,nan,nan,0.000,0.000,-10.000,0.0000,-1.1185,1.701,1.701,-1.118,2.532,1.000,2.023,0.0075,-0.503,nan,0.00,0,0,0,0,0,0.0000,0.000,0,0.000,0,0.000,0,0,,,FLYING,0,0,0,0.000,0,-1,0
1785653671.386,-1.169,0.731,101.349,0.9997,0,8.831,1.159,0.000,0.2404,nan,nan,nan,0.000,0.000,-10.000,0.0000,-1.0179,1.710,1.710,-1.018,2.526,1.000,1.891,0.0075,-0.488,nan,0.00,0,0,0,0,0,0.0000,0.000,0,0.000,0,0.000,1,0,,,FLYING,0,0,0,0.000,0,-1,0
1785653671.411,-1.925,0.832,101.308,0.9993,0,8.075,0.870,0.000,0.2441,nan,nan,nan,0.000,0.000,-10.000,0.0000,-0.9274,1.720,1.720,-0.927,2.514,1.000,1.702,0.0075,-0.473,nan,0.00,0,0,0,0,0,0.0000,0.000,0,0.000,0,0.000,0,0,,,FLYING,0,0,0,0.000,0,-1,0
1785653671.448,-2.603,0.906,101.256,0.9988,0,7.397,0.635,0.000,0.2471,nan,nan,nan,0.000,0.000,-10.000,0.0000,-0.8547,1.724,1.724,-0.855,2.500,1.000,1.542,0.0075,-0.459,nan,0.00,0,0,0,0,0,0.0000,0.000,0,0.000,0,0.000,0,0,,,FLYING,0,0,0,0.000,0,-1,0
1785653671.498,-3.245,0.964,101.260,0.9983,0,6.755,0.464,0.000,0.2494,nan,nan,nan,0.000,0.000,-10.000,0.0000,-0.7968,1.720,1.720,-0.797,2.487,1.000,1.428,0.0075,-0.445,nan,0.00,0,0,0,0,0,0.0000,0.000,0,0.000,0,0.000,0,0,,,FLYING,0,0,0,0.000,0,-1,0
1785653671.542,-3.894,1.022,101.271,0.9975,0,6.106,0.312,0.000,0.2513,nan,nan,nan,0.000,0.000,-10.000,0.0000,-0.7498,1.710,1.710,-0.750,2.473,1.000,1.334,0.0075,-0.432,nan,0.00,0,0,0,0,0,0.0000,0.000,0,0.000,0,0.000,0,0,,,FLYING,0,0,0,0.000,0,-1,0
1785653671.588,-5.015,1.094,101.260,0.9960,0,4.985,-0.046,0.000,0.2548,nan,nan,nan,0.000,0.000,-10.000,0.0000,-0.6725,1.680,1.680,-0.672,2.444,1.000,1.049,0.0075,-0.419,nan,0.00,0,0,0,0,0,0.0000,0.000,0,0.000,0,0.000,2,0,,,FLYING,0,0,0,0.000,0,-1,0
1785653671.636,-5.466,1.094,101.261,0.9953,0,4.534,-0.084,0.000,0.2561,nan,nan,nan,0.000,0.000,-10.000,0.0000,-0.6394,1.658,1.658,-0.639,2.428,1.000,1.010,0.0075,-0.407,nan,0.00,0,0,0,0,0,0.0000,0.000,0,0.000,0,0.000,1,0,,,FLYING,0,0,0,0.000,0,-1,0
1785653671.663,-5.884,1.091,101.262,0.9946,0,4.116,-0.115,0.000,0.2572,nan,nan,nan,0.000,0.000,-10.000,0.0000,-0.6107,1.634,1.634,-0.611,2.413,1.000,0.976,0.0075,-0.394,nan,0.00,0,0,0,0,0,0.0000,0.000,0,0.000,0,0.000,0,0,,,FLYING,0,0,0,0.000,0,-1,0
1785653671.698,-6.255,1.085,101.263,0.9939,0,3.745,-0.148,0.000,0.2582,nan,nan,nan,0.000,0.000,-10.000,0.0000,-0.5856,1.608,1.608,-0.586,2.398,1.000,0.938,0.0075,-0.383,nan,0.00,0,0,0,0,0,0.0000,0.000,0,0.000,0,0.000,0,0,,,FLYING,0,0,0,0.000,0,-1,0
1785653671.730,-6.629,1.074,101.264,0.9931,0,3.371,-0.197,0.000,0.2591,nan,nan,nan,0.000,0.000,-10.000,0.0000,-0.5616,1.576,1.576,-0.562,2.381,1.000,0.877,0.0075,-0.371,nan,0.00,0,0,0,0,0,0.0000,0.000,0,0.000,0,0.000,2,0,,,FLYING,0,0,0,0.000,0,-1,0
1785653671.762,-6.629,1.074,101.264,0.9931,0,3.371,-0.025,0.000,0.2588,nan,nan,nan,0.000,0.000,-10.000,0.0000,-0.5616,1.576,1.576,-0.562,2.381,1.000,1.049,0.0075,-0.360,nan,0.00,0,0,0,0,0,0.0000,0.000,0,0.000,0,0.000,0,0,,,FLYING,0,0,0,0.000,0,-1,0
1785653671.805,-7.232,1.056,101.266,0.9919,0,2.768,-0.291,0.000,0.2603,nan,nan,nan,0.000,0.000,-10.000,0.0000,-0.5270,1.514,1.514,-0.527,2.350,1.000,0.765,0.0075,-0.349,nan,0.00,0,0,0,0,0,0.0000,0.000,0,0.000,0,0.000,1,0,,,FLYING,0,0,0,0.000,0,-1,0
1785653671.852,-7.441,1.044,101.267,0.9914,0,2.559,-0.258,0.000,0.2606,nan,nan,nan,0.000,0.000,-10.000,0.0000,-0.5158,1.488,1.488,-0.516,2.338,1.000,0.786,0.0075,-0.339,nan,0.00,0,0,0,0,0,0.0000,0.000,0,0.000,0,0.000,2,0,,,FLYING,0,0,0,0.000,0,-1,0
1785653671.899,-7.885,1.002,101.273,0.9904,0,1.059,-0.927,-1.500,0.2773,21.474,8.113,0.389,0.350,20.696,14.000,-0.0000,-0.0000,1.424,1.424,-0.493,2.309,1.200,0.075,0.0075,-1.103,nan,0.00,0,1,1,1,0,0.0000,0.000,0,0.000,0,0.000,0,1,anduril,,anduril,0,0,0,0.000,0,-1,0
1785653671.947,-8.001,0.916,101.418,0.9901,0,-0.441,-0.844,-3.000,0.2663,20.774,7.997,0.375,0.350,21.056,14.000,-3.9071,-0.8893,1.373,1.246,-0.485,2.293,1.200,0.072,0.0075,-1.074,nan,0.00,0,1,1,1,0,0.0000,0.000,0,0.000,0,0.000,0,0,anduril,,anduril,0,0,0,0.000,0,-1,0
1785653671.977,-8.002,0.880,101.576,0.9901,0,-1.941,-0.712,-4.500,0.2799,19.764,7.855,0.365,0.350,21.674,14.000,-3.2004,-0.5635,1.340,1.107,-0.484,2.286,1.200,0.168,0.0075,-1.036,nan,0.00,0,1,1,1,0,0.0000,0.000,0,0.000,0,0.000,0,0,anduril,,anduril,0,0,0,0.000,0,-1,0
1785653672.002,-7.872,0.869,101.870,0.9905,0,-3.441,-0.619,-6.000,0.2966,19.764,7.855,0.365,0.350,21.674,14.000,0.1912,-0.0032,1.298,1.298,-0.487,2.280,1.200,0.250,0.0075,-1.014,nan,0.00,0,1,1,0,0,0.0000,0.000,0,0.000,0,0.000,0,0,anduril,,anduril,0,0,0,0.000,0,-1,0
1785653672.043,-7.617,0.879,102.292,0.9911,0,-4.941,-0.546,-7.500,0.2799,18.253,7.634,0.348,0.350,22.695,14.000,-9.7621,-2.0000,1.251,1.287,-0.499,2.276,1.200,0.333,0.0075,-0.947,nan,0.00,0,1,1,1,0,0.0000,0.000,0,0.000,0,0.000,0,0,anduril,,anduril,0,0,0,0.000,0,-1,0
1785653672.074,-7.214,0.908,102.870,0.9920,0,-6.441,-0.499,-9.000,0.2633,17.053,7.457,0.332,1.000,23.618,14.000,-8.2375,-2.0000,1.198,1.112,-0.522,2.273,1.200,0.409,0.0076,-0.877,nan,0.00,1,1,1,1,0,0.0000,0.000,0,0.000,0,0.000,0,0,anduril,,anduril,0,0,0,0.000,0,-1,0
1785653672.121,-6.691,0.948,103.551,0.9931,0,-7.941,-0.468,-10.500,0.2466,15.897,7.272,0.315,1.000,24.580,14.000,-8.0076,-2.0000,1.144,0.946,-0.538,2.273,1.200,0.480,0.0077,-0.797,nan,0.00,1,1,1,1,0,0.0000,0.000,0,0.000,0,0.000,0,0,anduril,,anduril,0,0,0,0.000,0,-1,0
1785653672.168,-6.153,0.989,104.276,0.9941,0,-9.441,-0.463,-12.000,0.2425,14.591,7.000,0.284,1.000,25.000,14.000,-1.6042,-1.1623,1.092,0.653,-0.546,2.271,1.200,0.526,0.0078,-0.720,nan,0.00,1,1,1,1,0,0.0000,0.000,0,0.000,0,0.000,0,0,anduril,,anduril,0,0,0,0.000,0,-1,0
1785653672.218,-4.659,1.067,106.026,0.9965,0,-10.941,-0.495,-12.000,0.2258,13.507,6.769,0.257,1.000,25.000,14.000,-0.0000,-2.0000,0.987,0.687,-0.498,2.271,1.200,0.572,0.0078,-0.545,nan,0.00,1,1,1,1,0,0.0000,0.000,0,0.000,0,0.000,0,0,anduril,,anduril,0,0,0,0.000,0,-1,0
1785653672.263,-3.784,1.096,107.014,0.9976,0,-12.441,-0.484,-12.000,0.2425,13.507,6.769,0.257,1.000,25.000,14.000,0.2510,0.0663,0.938,0.938,-0.431,2.272,1.200,0.612,0.0079,-0.448,nan,0.00,1,1,1,0,0,0.0000,0.000,0,0.000,0,0.000,0,0,anduril,,anduril,0,0,0,0.000,0,-1,0
1785653672.305,-2.827,1.109,107.974,0.9986,0,-13.941,-0.482,-12.000,0.2387,12.178,6.396,0.201,1.000,25.000,14.000,-0.0000,-0.9803,0.898,0.331,-0.328,2.272,1.200,0.627,0.0079,-0.350,nan,0.00,1,1,1,1,0,0.0000,0.000,0,0.000,0,0.000,0,0,anduril,,anduril,0,0,0,0.000,0,-1,0
1785653672.331,-0.656,1.080,109.749,0.9998,0,-14.656,-0.460,-12.000,0.2553,12.178,6.396,0.201,1.000,25.000,14.000,0.5157,0.1749,0.846,0.846,-0.153,2.270,1.200,0.620,0.0079,-0.102,nan,0.00,1,1,1,0,0,0.0000,0.000,0,0.000,0,0.000,0,0,anduril,,anduril,0,0,0,0.000,0,-1,0
1785653672.369,-0.656,1.080,109.749,0.9998,0,-14.656,-0.443,-12.000,0.2720,12.178,6.396,0.201,1.000,25.000,14.000,0.5157,0.1749,0.846,0.846,-0.153,2.270,1.200,0.637,0.0079,-0.102,nan,0.00,1,1,1,0,0,0.0000,0.000,0,0.000,0,0.000,0,0,anduril,,anduril,0,0,0,0.000,0,-1,0
1785653672.413,1.665,0.993,111.447,0.9994,0,-13.156,-0.353,-12.000,0.2553,10.793,5.921,0.119,1.000,25.000,14.000,-0.0000,-2.0000,0.829,0.327,-0.042,2.269,1.200,0.640,0.0079,0.104,nan,0.00,1,1,1,1,0,0.0000,0.000,0,0.000,0,0.000,0,0,anduril,,anduril,0,0,0,0.000,0,-1,0
1785653672.445,2.772,0.928,112.350,0.9987,0,-11.656,-0.272,-12.000,0.2470,9.631,5.490,0.026,1.000,25.000,14.000,-0.0000,-0.4705,0.832,0.670,-0.014,2.270,1.200,0.656,0.0079,0.135,nan,0.00,1,1,1,1,0,0.0000,0.000,0,0.000,0,0.000,1,0,anduril,,anduril,0,0,0,0.000,0,-1,0
1785653672.472,3.745,0.854,113.248,0.9978,0,-10.255,-0.176,-12.000,0.2637,9.631,5.490,0.026,1.000,25.000,14.000,0.1721,0.0256,0.842,0.842,0.012,2.271,1.200,0.678,0.0079,0.241,nan,0.00,1,1,1,0,0,0.0000,0.000,0,0.000,0,0.000,0,0,anduril,,anduril,0,0,0,0.000,0,-1,0
1785653672.508,4.623,0.772,114.153,0.9967,0,-9.377,-0.067,-12.000,0.2668,8.717,5.138,-0.057,1.000,25.000,14.000,-0.0000,0.0266,0.856,1.541,0.031,2.273,1.200,0.705,0.0079,0.240,nan,0.00,1,1,1,1,0,0.0000,0.000,0,0.000,0,0.000,0,0,anduril,,anduril,0,0,0,0.000,0,-1,0
1785653672.541,4.623,0.772,114.153,0.9967,0,-9.377,-0.073,-12.000,0.2834,8.002,4.852,-0.126,1.000,25.000,14.000,-0.0000,2.0000,0.856,1.862,0.031,2.273,1.200,0.699,0.0079,0.157,nan,0.00,1,1,1,1,0,0.0000,0.000,0,0.000,0,0.000,1,0,anduril,,anduril,0,0,0,0.000,0,-1,0
1785653672.588,6.269,0.584,115.985,0.9940,0,-7.877,0.208,-12.000,0.2668,8.002,4.852,-0.126,1.000,25.000,14.000,-0.9617,0.0231,0.900,0.900,0.054,2.280,1.200,0.792,0.0078,0.323,nan,0.00,1,1,1,0,1,0.0000,0.332,0,0.039,2,0.865,0,0,anduril,,anduril,0,0,0,0.000,0,-1,0
1785653672.628,7.443,0.420,117.373,0.9915,0,-6.557,0.465,-12.000,0.2553,7.313,4.566,-0.204,1.000,25.000,14.000,-0.0000,-0.1917,0.943,1.570,0.048,2.290,1.200,0.885,0.0078,0.335,nan,0.00,1,1,1,1,1,0.0000,0.332,0,0.039,2,0.865,0,0,anduril,,anduril,0,0,0,0.000,0,-1,0
1785653672.659,7.985,0.339,118.250,0.9903,0,-6.015,0.593,-12.000,0.2719,6.747,4.319,-0.266,1.000,25.000,14.000,-0.0000,0.5862,0.974,1.316,0.045,2.297,1.200,0.932,0.0078,0.296,nan,0.00,1,1,1,1,1,0.0000,0.176,0,0.066,2,0.823,0,0,anduril,,anduril,0,0,0,0.000,0,-1,0
1785653672.690,7.985,0.339,118.250,0.9903,0,-6.015,0.536,-12.000,0.2654,6.747,4.319,-0.266,1.000,25.000,14.000,-0.0000,-0.0000,0.974,0.974,0.045,2.297,1.200,0.875,0.0077,0.296,nan,0.00,1,1,1,1,1,0.0000,0.353,0,0.066,2,0.823,0,1,yolo,125.7,yolo,0,0,0,0.000,0,-1,0
1785653672.725,8.499,0.258,119.131,0.9890,0,-5.501,0.688,-12.000,0.2630,6.379,3.892,-0.164,1.000,25.000,14.000,-0.0000,-0.0000,1.007,1.007,0.042,2.305,1.200,0.946,0.0077,0.385,nan,0.00,1,1,1,1,1,0.0000,0.593,0,0.119,3,0.794,0,0,yolo,125.7,yolo,0,0,0,0.000,0,-1,0
1785653672.767,9.492,0.072,120.897,0.9863,0,-4.508,1.089,-12.000,0.2610,6.379,3.892,-0.164,1.000,25.000,14.000,-0.0000,-0.0000,1.079,1.079,0.053,2.325,1.200,1.161,0.0076,0.472,nan,0.00,1,1,1,1,1,0.0000,0.593,0,0.119,3,0.794,0,0,yolo,125.7,yolo,0,0,0,0.000,0,-1,0
1785653672.799,9.908,0.003,121.858,0.9851,0,-4.092,1.226,-12.000,0.2594,6.011,3.465,-0.061,1.000,25.000,14.000,-0.0000,-0.0000,1.121,1.121,0.070,2.338,1.200,1.229,0.0076,0.536,nan,0.00,1,1,1,1,1,0.0000,0.508,0,0.133,2,0.772,0,0,yolo,125.7,yolo,0,0,0,0.000,0,-1,0
1785653672.830,9.701,-4.990,96.722,0.9820,0,-4.299,2.490,-12.000,0.2447,6.011,3.465,-0.061,1.000,25.000,14.000,-0.0000,-0.0000,2.045,2.045,0.056,1.667,1.200,-2.500,0.0076,1.045,nan,0.00,1,1,1,1,1,0.0000,0.508,0,0.133,2,0.772,0,0,yolo,125.7,yolo,0,0,0,0.000,0,-1,0
1785653672.860,10.963,-1.243,83.272,0.9815,0,-3.037,0.990,-10.500,0.2540,5.643,3.037,0.042,0.940,25.000,14.000,-0.0000,-0.0000,2.460,2.460,-0.060,1.145,1.200,-2.500,0.0075,0.741,nan,0.00,1,1,1,1,1,0.0000,0.523,0,0.148,2,0.756,0,0,yolo,125.7,yolo,0,0,0,0.000,0,-1,0
1785653672.894,10.963,-1.243,83.272,0.9815,0,-3.037,-0.510,-9.000,0.2537,5.459,2.824,0.093,0.910,25.000,14.000,-0.0000,-0.0000,2.460,2.460,-0.060,1.145,1.200,-2.500,0.0074,0.747,nan,0.00,1,1,1,1,1,0.0000,0.422,0,0.152,1,0.752,0,0,yolo,125.7,yolo,0,0,0,0.000,0,-1,0
1785653672.926,11.954,-0.186,81.904,0.9783,0,-2.046,-2.010,-7.500,0.2560,5.275,2.610,0.144,0.879,25.000,14.000,-0.0000,-0.0000,2.562,2.562,-0.300,1.085,1.200,-2.500,0.0074,0.699,nan,0.00,1,1,1,1,1,0.0000,0.237,0,0.219,0,0.713,0,0,yolo,125.7,yolo,0,0,0,0.000,0,-1,0
1785653672.956,12.420,-0.497,85.056,0.9766,0,-1.580,-2.003,-6.924,0.2548,5.275,2.610,0.144,0.879,25.000,14.000,-0.0000,-0.0000,2.569,2.569,-0.548,1.230,1.200,-2.500,0.0073,0.748,nan,0.00,1,1,1,1,1,0.0000,0.475,0,0.219,0,0.713,0,0,yolo,125.7,yolo,0,0,0,0.000,0,-1,0
1785653672.991,12.585,-1.155,88.704,0.9758,0,-1.415,-0.503,-5.636,0.2529,5.091,2.396,0.196,0.848,25.000,14.000,-0.0000,-0.0000,2.554,2.554,-0.679,1.396,1.200,-1.469,0.0072,0.816,nan,0.00,1,1,1,1,1,0.0000,0.086,0,0.057,0,0.890,0,0,yolo,125.7,yolo,0,0,0,0.000,0,-1,0
1785653673.024,12.785,-0.903,88.335,0.9751,0,-1.215,-0.801,-5.636,0.2534,5.091,2.396,0.196,0.848,25.000,14.000,-0.0000,-0.0000,2.634,2.634,-0.502,1.379,1.200,-1.704,0.0071,0.801,nan,0.00,1,1,1,1,1,0.0000,0.152,0,0.131,0,0.838,0,0,yolo,125.7,yolo,0,0,0,0.000,0,-1,0
1785653673.064,12.944,-0.738,88.211,0.9745,0,-1.056,-1.021,-5.636,0.2537,5.091,2.396,0.196,0.848,25.000,14.000,-0.0000,-0.0000,2.710,2.710,-0.286,1.371,1.200,-1.759,0.0071,0.793,nan,0.00,1,1,1,1,1,0.0000,0.152,0,0.131,0,0.838,0,0,yolo,125.7,yolo,0,0,0,0.000,0,-1,0
1785653673.111,13.198,-0.879,89.386,0.9735,0,-0.802,-0.129,-5.636,0.2532,5.091,2.396,0.196,0.848,25.000,14.000,-0.0000,-0.0000,2.824,2.824,-0.002,1.424,1.200,-1.007,0.0070,0.816,nan,0.00,1,1,1,1,1,0.0000,0.201,0,0.126,1,0.809,0,0,yolo,125.7,yolo,0,0,0,0.000,0,-1,0
1785653673.147,13.293,-0.875,89.782,0.9731,0,-0.707,-0.033,-5.636,0.2531,5.091,2.396,0.196,0.848,25.000,14.000,-0.0000,-0.0000,2.889,2.889,0.089,1.441,1.200,-0.908,0.0069,0.819,nan,0.00,1,1,1,1,1,0.0000,0.401,0,0.126,1,0.809,1,0,yolo,125.7,yolo,0,0,0,0.000,0,-1,0
1785653673.181,13.376,-0.866,90.172,0.9728,0,-0.624,0.035,-5.636,0.2531,5.091,2.396,0.196,0.848,25.000,14.000,-0.0000,-0.0000,2.955,2.955,0.160,1.458,1.200,-0.831,0.0068,0.822,nan,0.00,1,1,1,1,1,0.0000,0.397,0,0.121,1,0.820,1,0,yolo,125.7,yolo,0,0,0,0.000,0,-1,0
1785653673.228,13.450,-0.885,90.613,0.9725,0,-0.440,0.162,-5.636,0.2529,5.091,2.396,0.196,0.848,25.000,13.890,-0.0000,-0.0000,3.020,3.020,0.211,1.478,1.200,-0.723,0.0067,0.826,nan,0.00,1,1,1,1,1,0.0000,0.175,0,0.062,0,0.861,0,0,yolo,125.7,yolo,0,0,0,0.000,0,-1,0
1785653673.268,13.503,-0.907,91.049,0.9722,0,0.498,0.277,-5.636,0.2528,5.091,2.396,0.196,0.848,25.000,13.005,-0.0000,-0.0000,3.082,3.082,0.250,1.498,1.200,-0.631,0.0066,0.830,nan,0.00,1,1,1,1,1,0.0000,0.175,0,0.062,0,0.861,0,0,yolo,125.7,yolo,0,0,0,0.000,0,-1,0
1785653673.300,13.552,-0.934,91.477,0.9720,0,1.998,0.382,-7.136,0.2667,4.000,2.263,0.000,0.233,25.000,3.129,-0.0000,0.2841,3.146,3.146,0.284,1.518,1.200,-0.552,0.0066,0.805,nan,0.00,0,1,0,1,1,0.0000,0.172,0,0.056,0,0.897,0,1,blueline,,BLUELINE,0,0,0,0.000,0,-1,0
1785653673.330,13.414,-0.969,91.975,0.9726,0,3.498,0.545,-8.636,0.2686,4.000,2.263,0.000,0.233,25.000,2.749,0.0618,0.3128,3.208,3.208,0.313,1.542,1.200,-0.424,0.0066,0.781,nan,0.00,0,1,0,0,1,0.0000,0.172,0,0.056,0,0.897,0,0,blueline,,BLUELINE,0,0,0,0.000,0,-1,0
1785653673.361,13.128,-1.029,92.620,0.9737,0,4.998,0.833,-10.136,0.2701,4.000,2.544,0.000,0.233,25.000,4.855,-0.0000,0.3351,3.265,3.265,0.335,1.576,1.200,-0.196,0.0066,0.758,nan,0.00,0,1,0,1,1,0.0000,0.129,0,0.055,1,0.910,0,0,blueline,,BLUELINE,0,0,0,0.000,0,0,0
1785653673.391,12.738,-1.096,93.373,0.9752,0,6.498,1.178,-11.636,0.2711,4.000,2.343,0.000,0.233,25.000,2.954,-0.0000,0.3501,3.314,3.314,0.350,1.616,1.200,0.082,0.0066,0.735,nan,0.00,0,1,0,1,1,0.0000,0.173,0,0.057,0,0.918,0,0,blueline,,BLUELINE,0,0,0,0.000,0,0,0
1785653673.424,12.200,-1.162,94.277,0.9772,0,7.998,1.592,-12.000,0.2716,4.000,2.271,0.000,0.233,25.000,2.141,-0.0000,0.3581,3.358,3.358,0.358,1.666,1.200,0.430,0.0066,0.713,nan,0.00,0,1,0,1,1,0.0000,0.173,0,0.059,0,0.923,0,0,blueline,,BLUELINE,0,0,0,0.000,0,0,0
1785653673.454,11.529,-1.199,95.231,0.9796,0,9.498,1.954,-12.000,0.2716,4.000,2.271,0.000,0.233,25.000,1.905,0.0384,0.3583,3.396,3.396,0.358,1.719,1.200,0.755,0.0066,0.692,nan,0.00,0,1,0,0,1,0.0000,0.173,0,0.059,0,0.923,0,0,blueline,,BLUELINE,0,0,0,0.000,0,0,0
1785653673.486,10.729,-1.195,96.172,0.9823,0,7.998,2.206,-12.000,0.2712,4.000,2.513,0.000,0.233,25.000,3.785,-0.0000,0.3531,3.430,3.430,0.353,1.771,1.200,1.011,0.0066,0.671,nan,0.00,0,1,0,1,1,0.0000,0.259,0,0.056,1,0.930,0,0,blueline,,BLUELINE,0,0,0,0.000,0,0,0
1785653673.517,10.729,-1.195,96.172,0.9823,0,6.943,1.731,-12.000,0.2718,4.000,2.513,0.000,0.233,25.000,3.785,0.0000,0.3531,3.430,3.430,0.353,1.771,1.200,0.536,0.0066,0.651,nan,0.00,0,1,0,0,1,0.0000,0.259,0,0.056,1,0.930,0,0,blueline,,BLUELINE,0,0,0,0.000,0,0,0
1785653673.548,10.054,-1.160,97.105,0.9844,0,5.443,2.046,-12.000,0.2714,4.000,2.657,0.000,0.233,25.000,4.832,-0.0000,0.3448,3.457,3.457,0.345,1.822,1.200,0.886,0.0066,0.631,nan,0.00,0,1,0,1,1,0.0000,0.257,0,0.054,1,0.934,0,0,blueline,,BLUELINE,0,0,0,0.000,0,-1,0
1785653673.587,9.403,-1.158,98.159,0.9864,0,6.943,2.918,-10.500,0.2709,nan,nan,nan,0.000,0.000,-10.000,0.0000,0.3328,3.481,3.481,0.333,1.880,1.000,1.760,0.0066,0.612,nan,0.00,0,0,0,0,0,0.0000,0.000,0,0.000,0,0.000,0,0,,,FLYING,0,0,0,0.000,0,-1,0
1785653673.631,8.886,-1.118,99.204,0.9878,0,8.443,3.170,-9.000,0.2705,nan,nan,nan,0.000,0.000,-10.000,0.0000,0.3197,3.500,3.500,0.320,1.937,1.000,2.052,0.0066,0.594,nan,0.00,0,0,0,0,0,0.0000,0.000,0,0.000,0,0.000,0,0,,,FLYING,0,0,0,0.000,0,-1,0
1785653673.679,7.596,-0.822,100.741,0.9911,0,9.943,3.403,-7.500,0.2691,nan,nan,nan,0.000,0.000,-10.000,0.0000,0.2960,3.532,3.532,0.296,2.016,1.000,2.581,0.0066,0.576,nan,0.00,0,0,0,0,0,0.0000,0.000,0,0.000,0,0.000,0,0,,,FLYING,0,0,0,0.000,0,-1,0
1785653673.724,6.772,-0.610,101.314,0.9930,0,11.443,2.911,-6.000,0.2686,nan,nan,nan,0.000,0.000,-10.000,0.0000,0.2850,3.547,3.547,0.285,2.041,1.000,2.300,0.0066,0.559,nan,0.00,0,0,0,0,0,0.0000,0.000,0,0.000,0,0.000,0,0,,,FLYING,0,0,0,0.000,0,-1,0
1785653673.748,5.940,-0.381,101.868,0.9946,0,12.943,2.464,-4.500,0.2682,nan,nan,nan,0.000,0.000,-10.000,0.0000,0.2748,3.558,3.558,0.275,2.063,1.000,2.083,0.0066,0.542,nan,0.00,0,0,0,0,0,0.0000,0.000,0,0.000,0,0.000,0,0,,,FLYING,0,0,0,0.000,0,-1,0
1785653673.786,4.964,-0.183,102.371,0.9962,0,14.443,2.075,-3.000,0.2678,nan,nan,nan,0.000,0.000,-10.000,0.0000,0.2660,3.564,3.564,0.266,2.080,1.000,1.892,0.0066,0.526,nan,0.00,0,0,0,0,0,0.0000,0.000,0,0.000,0,0.000,0,0,,,FLYING,0,0,0,0.000,0,0,0
1785653673.832,2.539,0.143,102.773,0.9990,0,12.943,1.326,-1.500,0.2670,nan,nan,nan,0.000,0.000,-10.000,0.0000,0.2524,3.570,3.570,0.252,2.075,1.000,1.468,0.0066,0.510,nan,0.00,0,0,0,0,0,0.0000,0.000,0,0.000,0,0.000,0,0,,,FLYING,0,0,0,0.000,0,0,0
1785653673.865,2.539,0.143,102.773,0.9990,0,12.539,1.092,0.000,0.2674,nan,nan,nan,0.000,0.000,-10.000,0.0000,0.2524,3.570,3.570,0.252,2.075,1.000,1.235,0.0066,0.495,nan,0.00,0,0,0,0,0,0.0000,0.000,0,0.000,0,0.000,1,0,,,FLYING,0,0,0,0.000,0,1,0
1785653673.893,1.398,0.289,102.949,0.9997,0,11.398,0.709,0.000,0.2674,nan,nan,nan,0.000,0.000,-10.000,0.0000,0.2459,3.562,3.562,0.246,2.070,1.000,0.997,0.0066,0.480,nan,0.00,0,0,0,0,0,0.0000,0.000,0,0.000,0,0.000,0,0,,,FLYING,0,0,0,0.000,0,0,0
1785653673.929,0.323,0.382,102.979,1.0000,0,10.323,0.316,0.000,0.2675,nan,nan,nan,0.000,0.000,-10.000,0.0000,0.2395,3.551,3.551,0.240,2.055,1.000,0.698,0.0066,0.465,nan,0.00,0,0,0,0,0,0.0000,0.000,0,0.000,0,0.000,0,0,,,FLYING,0,0,0,0.000,0,0,0
1785653673.958,-0.656,0.453,102.938,0.9999,0,9.344,-0.036,0.000,0.2676,nan,nan,nan,0.000,0.000,-10.000,0.0000,0.2331,3.536,3.536,0.233,2.035,1.000,0.417,0.0066,0.452,nan,0.00,0,0,0,0,0,0.0000,0.000,0,0.000,0,0.000,0,0,,,FLYING,0,0,0,0.000,0,0,0
1785653673.990,-1.440,0.462,102.926,0.9997,0,8.560,-0.224,0.000,0.2678,nan,nan,nan,0.000,0.000,-10.000,0.0000,0.2267,3.516,3.516,0.227,2.018,1.000,0.238,0.0066,0.438,nan,0.00,0,0,0,0,0,0.0000,0.000,0,0.000,0,0.000,0,0,,,FLYING,0,0,0,0.000,0,0,0
1785653674.022,-2.162,0.450,102.936,0.9993,0,7.838,-0.329,0.000,0.2680,nan,nan,nan,0.000,0.000,-10.000,0.0000,0.2200,3.491,3.491,0.220,2.002,1.000,0.121,0.0066,0.425,nan,0.00,0,0,0,0,0,0.0000,0.000,0,0.000,0,0.000,0,0,,,FLYING,0,0,0,0.000,0,0,0
1785653674.053,-2.847,0.432,102.942,0.9987,0,7.153,-0.410,0.000,0.2682,nan,nan,nan,0.000,0.000,-10.000,0.0000,0.2126,3.462,3.462,0.213,1.986,1.000,0.022,0.0066,0.412,nan,0.00,0,0,0,0,0,0.0000,0.000,0,0.000,0,0.000,1,0,,,FLYING,0,0,0,0.000,0,0,0
1785653674.079,-3.458,0.407,102.941,0.9982,0,6.542,-0.462,0.000,0.2684,nan,nan,nan,0.000,0.000,-10.000,0.0000,0.2051,3.431,3.431,0.205,1.970,1.000,-0.055,0.0066,0.400,nan,0.00,0,0,0,0,0,0.0000,0.000,0,0.000,0,0.000,0,0,,,FLYING,0,0,0,0.000,0,0,0
1785653674.115,-4.039,0.375,102.941,0.9975,0,5.961,-0.499,0.000,0.2686,nan,nan,nan,0.000,0.000,-10.000,0.0000,0.1972,3.395,3.395,0.197,1.954,1.000,-0.125,0.0066,0.388,nan,0.00,0,0,0,0,0,0.0000,0.000,0,0.000,0,0.000,0,0,,,FLYING,0,0,0,0.000,0,0,0
1785653674.147,-4.039,0.375,102.941,0.9975,0,5.961,-0.346,0.000,0.2689,nan,nan,nan,0.000,0.000,-10.000,0.0000,0.1972,3.395,3.395,0.197,1.954,1.000,0.028,0.0066,0.376,nan,0.00,0,0,0,0,0,0.0000,0.000,0,0.000,0,0.000,0,0,,,FLYING,0,0,0,0.000,0,0,0
1785653674.193,-5.071,0.315,102.947,0.9961,0,4.929,-0.583,0.000,0.2689,nan,nan,nan,0.000,0.000,-10.000,0.0000,0.1815,3.319,3.319,0.182,1.924,1.000,-0.267,0.0066,0.365,nan,0.00,0,0,0,0,0,0.0000,0.000,0,0.000,0,0.000,0,0,,,FLYING,0,0,0,0.000,0,0,0
1785653674.239,-5.505,0.274,102.951,0.9954,0,4.495,-0.564,0.000,0.2691,nan,nan,nan,0.000,0.000,-10.000,0.0000,0.1736,3.278,3.278,0.174,1.909,1.000,-0.290,0.0066,0.354,nan,0.00,0,0,0,0,0,0.0000,0.000,0,0.000,0,0.000,0,0,,,FLYING,0,0,0,0.000,0,0,0
1785653674.270,-5.923,0.229,102.955,0.9947,0,4.077,-0.540,0.000,0.2692,nan,nan,nan,0.000,0.000,-10.000,0.0000,0.1657,3.235,3.235,0.166,1.895,1.000,-0.311,0.0066,0.343,nan,0.00,0,0,0,0,0,0.0000,0.000,0,0.000,0,0.000,0,0,,,FLYING,0,0,0,0.000,0,0,0
1785653674.300,-6.317,0.187,102.960,0.9939,0,3.683,-0.521,0.000,0.2694,nan,nan,nan,0.000,0.000,-10.000,0.0000,0.1577,3.191,3.191,0.158,1.881,1.000,-0.334,0.0066,0.333,nan,0.00,0,0,0,0,0,0.0000,0.000,0,0.000,0,0.000,1,0,,,FLYING,0,0,0,0.000,0,1,0
1785653674.327,-6.650,0.146,102.965,0.9933,0,3.350,-0.510,0.000,0.2695,nan,nan,nan,0.000,0.000,-10.000,0.0000,0.1494,3.144,3.144,0.149,1.866,1.000,-0.364,0.0066,0.323,nan,0.00,0,0,0,0,0,0.0000,0.000,0,0.000,0,0.000,0,0,,,FLYING,0,0,0,0.000,0,0,0
1785653674.362,-6.940,0.107,102.969,0.9927,0,3.060,-0.493,0.000,0.2696,nan,nan,nan,0.000,0.000,-10.000,0.0000,0.1413,3.097,3.097,0.141,1.853,1.000,-0.385,0.0066,0.313,nan,0.00,0,0,0,0,0,0.0000,0.000,0,0.000,0,0.000,0,0,,,FLYING,0,0,0,0.000,0,0,0
1785653674.394,-7.213,0.069,102.974,0.9921,0,2.787,-0.480,0.000,0.2697,nan,nan,nan,0.000,0.000,-10.000,0.0000,0.1331,3.049,3.049,0.133,1.839,1.000,-0.411,0.0066,0.304,nan,0.00,0,0,0,0,0,0.0000,0.000,0,0.000,0,0.000,0,0,,,FLYING,0,0,0,0.000,0,0,0
1785653674.442,-7.485,0.027,102.979,0.9915,0,2.515,-0.481,0.000,0.2697,nan,nan,nan,0.000,0.000,-10.000,0.0000,0.1240,2.995,2.995,0.124,1.825,1.000,-0.454,0.0066,0.295,nan,0.00,0,0,0,0,0,0.0000,0.000,0,0.000,0,0.000,0,0,,,FLYING,0,0,0,0.000,0,0,0
1785653674.488,-7.740,-0.016,102.985,0.9909,0,2.260,-0.482,0.000,0.2697,nan,nan,nan,0.000,0.000,-10.000,0.0000,0.1144,2.938,2.938,0.114,1.809,1.000,-0.499,0.0066,0.286,nan,0.00,0,0,0,0,0,0.0000,0.000,0,0.000,0,0.000,0,0,,,FLYING,0,0,0,0.000,0,0,0
1785653674.533,-8.147,-0.090,102.995,0.9899,0,1.853,-0.579,0.000,0.2695,nan,nan,nan,0.000,0.000,-10.000,0.0000,0.0984,2.840,2.840,0.098,1.785,1.000,-0.669,0.0066,0.277,nan,0.00,0,0,0,0,0,0.0000,0.000,0,0.000,0,0.000,0,0,,,FLYING,0,0,0,0.000,0,0,0
1785653674.566,-8.311,-0.136,103.002,0.9895,0,1.689,-0.508,0.000,0.2695,nan,nan,nan,0.000,0.000,-10.000,0.0000,0.0903,2.789,2.789,0.090,1.773,1.000,-0.644,0.0066,0.269,nan,0.00,0,0,0,0,0,0.0000,0.000,0,0.000,0,0.000,0,0,,,FLYING,0,0,0,0.000,0,0,0
1785653674.598,-8.462,-0.178,103.008,0.9891,0,1.538,-0.457,0.000,0.2695,nan,nan,nan,0.000,0.000,-10.000,0.0000,0.0824,2.736,2.736,0.082,1.760,1.000,-0.635,0.0066,0.261,nan,0.00,0,0,0,0,0,0.0000,0.000,0,0.000,0,0.000,0,0,,,FLYING,0,0,0,0.000,0,0,0
1785653674.644,-8.602,-0.215,103.014,0.9887,0,1.398,-0.422,0.000,0.2694,nan,nan,nan,0.000,0.000,-10.000,0.0000,0.0747,2.684,2.684,0.075,1.748,1.000,-0.636,0.0066,0.253,nan,0.00,0,0,0,0,0,0.0000,0.000,0,0.000,0,0.000,0,0,,,FLYING,0,0,0,0.000,0,0,0
1785653674.676,-8.729,-0.249,103.019,0.9884,0,1.271,-0.396,0.000,0.2694,nan,nan,nan,0.000,0.000,-10.000,0.0000,0.0673,2.630,2.630,0.067,1.736,1.000,-0.645,0.0066,0.246,nan,0.00,0,0,0,0,0,0.0000,0.000,0,0.000,0,0.000,2,0,,,FLYING,0,0,0,0.000,0,2,0
1785653674.702,-8.853,-0.284,103.024,0.9881,0,1.147,-0.386,0.000,0.2694,nan,nan,nan,0.000,0.000,-10.000,0.0000,0.0598,2.572,2.572,0.060,1.723,1.000,-0.670,0.0066,0.238,nan,0.00,0,0,0,0,0,0.0000,0.000,0,0.000,0,0.000,0,0,,,FLYING,0,0,0,0.000,0,0,0
1785653674.738,-8.957,-0.316,103.029,0.9878,0,1.043,-0.367,0.000,0.2694,nan,nan,nan,0.000,0.000,-10.000,0.0000,0.0530,2.518,2.518,0.053,1.711,1.000,-0.683,0.0066,0.231,nan,0.00,0,0,0,0,0,0.0000,0.000,0,0.000,0,0.000,0,0,,,FLYING,0,0,0,0.000,0,0,0
1785653674.770,-9.051,-0.346,103.034,0.9875,0,0.949,-0.353,0.000,0.2694,nan,nan,nan,0.000,0.000,-10.000,0.0000,0.0464,2.464,2.464,0.046,1.700,1.000,-0.699,0.0066,0.224,nan,0.00,0,0,0,0,0,0.0000,0.000,0,0.000,0,0.000,1,0,,,FLYING,0,0,0,0.000,0,0,0
1785653674.797,-9.051,-0.346,103.034,0.9875,0,0.949,-0.219,0.000,0.2696,nan,nan,nan,0.000,0.000,-10.000,0.0000,0.0464,2.464,2.464,0.046,1.700,1.000,-0.565,0.0066,0.217,nan,0.00,0,0,0,0,0,0.0000,0.000,0,0.000,0,0.000,0,0,,,FLYING,0,0,0,0.000,0,0,0
1785653674.833,-9.137,-0.375,103.039,0.9873,0,0.863,-0.249,0.000,0.2695,nan,nan,nan,0.000,0.000,-10.000,0.0000,0.0400,2.410,2.410,0.040,1.688,1.000,-0.624,0.0066,0.211,nan,0.00,0,0,0,0,0,0.0000,0.000,0,0.000,0,0.000,0,0,,,FLYING,0,0,0,0.000,0,0,0
1785653674.863,-9.223,-0.394,103.042,0.9870,0,0.777,-0.281,0.000,0.2695,nan,nan,nan,0.000,0.000,-10.000,0.0000,0.0337,2.355,2.355,0.034,1.677,1.000,-0.675,0.0066,0.205,nan,0.00,0,0,0,0,0,0.0000,0.000,0,0.000,0,0.000,0,0,,,FLYING,0,0,0,0.000,0,0,0
1785653674.896,-9.302,-0.414,103.045,0.9868,0,0.698,-0.305,0.000,0.2695,nan,nan,nan,0.000,0.000,-10.000,0.0000,0.0275,2.299,2.299,0.028,1.665,1.000,-0.719,0.0066,0.198,nan,0.00,0,0,0,0,0,0.0000,0.000,0,0.000,0,0.000,0,0,,,FLYING,0,0,0,0.000,0,0,0
1785653674.924,-9.371,-0.438,103.049,0.9866,0,0.629,-0.318,0.000,0.2694,nan,nan,nan,0.000,0.000,-10.000,0.0000,0.0215,2.244,2.244,0.022,1.654,1.000,-0.756,0.0066,0.192,nan,0.00,0,0,0,0,0,0.0000,0.000,0,0.000,0,0.000,0,0,,,FLYING,0,0,0,0.000,0,0,0
1785653674.957,-9.429,-0.464,103.053,0.9865,0,0.571,-0.324,0.000,0.2694,nan,nan,nan,0.000,0.000,-10.000,0.0000,0.0157,2.188,2.188,0.016,1.642,1.000,-0.789,0.0066,0.187,nan,0.00,0,0,0,0,0,0.0000,0.000,0,0.000,0,0.000,0,0,,,FLYING,0,0,0,0.000,0,0,0
1785653674.987,-9.481,-0.491,103.058,0.9863,0,0.519,-0.328,0.000,0.2693,nan,nan,nan,0.000,0.000,-10.000,0.0000,0.0100,2.133,2.133,0.010,1.631,1.000,-0.819,0.0066,0.181,nan,0.00,0,0,0,0,0,0.0000,0.000,0,0.000,0,0.000,0,0,,,FLYING,0,0,0,0.000,0,0,0
1785653675.020,-9.528,-0.518,103.062,0.9862,0,0.472,-0.327,0.000,0.2693,nan,nan,nan,0.000,0.000,-10.000,0.0000,0.0046,2.078,2.078,0.005,1.620,1.000,-0.845,0.0066,0.176,nan,0.00,0,0,0,0,0,0.0000,0.000,0,0.000,0,0.000,2,0,,,FLYING,0,0,0,0.000,0,0,0
1785653675.045,-9.571,-0.544,103.067,0.9860,0,0.429,-0.327,0.000,0.2693,nan,nan,nan,0.000,0.000,-10.000,0.0000,-0.0005,2.022,2.022,-0.001,1.609,1.000,-0.871,0.0066,0.170,nan,0.00,0,0,0,0,0,0.0000,0.000,0,0.000,0,0.000,0,0,,,FLYING,0,0,0,0.000,0,0,0
1785653675.081,-9.610,-0.571,103.071,0.9859,0,0.390,-0.325,0.000,0.2692,nan,nan,nan,0.000,0.000,-10.000,0.0000,-0.0054,1.966,1.966,-0.005,1.599,1.000,-0.896,0.0066,0.165,nan,0.00,0,0,0,0,0,0.0000,0.000,0,0.000,0,0.000,0,0,,,FLYING,0,0,0,0.000,0,0,0
1785653675.113,-9.646,-0.597,103.076,0.9858,0,0.354,-0.322,0.000,0.2692,nan,nan,nan,0.000,0.000,-10.000,0.0000,-0.0099,1.911,1.911,-0.010,1.588,1.000,-0.919,0.0066,0.160,nan,0.00,0,0,0,0,0,0.0000,0.000,0,0.000,0,0.000,0,0,,,FLYING,0,0,0,0.000,0,0,0
1785653675.145,-9.679,-0.623,103.080,0.9857,0,0.321,-0.317,0.000,0.2692,nan,nan,nan,0.000,0.000,-10.000,0.0000,-0.0139,1.860,1.860,-0.014,1.578,1.000,-0.940,0.0066,0.155,nan,0.00,0,0,0,0,0,0.0000,0.000,0,0.000,0,0.000,0,0,,,FLYING,0,0,0,0.000,0,0,0
1785653675.175,-9.709,-0.649,103.085,0.9856,0,0.291,-0.322,0.000,0.2692,nan,nan,nan,0.000,0.000,-10.000,0.0000,-0.0180,1.805,1.805,-0.018,1.567,1.000,-0.972,0.0066,0.151,nan,0.00,0,0,0,0,0,0.0000,0.000,0,0.000,0,0.000,0,0,,,FLYING,0,0,0,0.000,0,0,0
1785653675.208,-9.709,-0.649,103.085,0.9856,0,0.291,-0.206,0.000,0.2693,nan,nan,nan,0.000,0.000,-10.000,0.0000,-0.0180,1.805,1.805,-0.018,1.567,1.000,-0.855,0.0066,0.146,nan,0.00,0,0,0,0,0,0.0000,0.000,0,0.000,0,0.000,0,0,,,FLYING,0,0,0,0.000,0,0,0
1785653675.252,-9.762,-0.693,103.092,0.9854,0,0.238,-0.362,0.000,0.2691,nan,nan,nan,0.000,0.000,-10.000,0.0000,-0.0257,1.700,1.700,-0.026,1.546,1.000,-1.055,0.0066,0.142,nan,0.00,0,0,0,0,0,0.0000,0.000,0,0.000,0,0.000,0,0,,,FLYING,0,0,0,0.000,0,0,0
1785653675.284,-9.784,-0.720,103.097,0.9854,0,0.216,-0.345,0.000,0.2691,nan,nan,nan,0.000,0.000,-10.000,0.0000,-0.0295,1.644,1.644,-0.030,1.535,1.000,-1.065,0.0066,0.138,nan,0.00,0,0,0,0,0,0.0000,0.000,0,0.000,0,0.000,0,0,,,FLYING,0,0,0,0.000,0,0,0
1785653675.311,-9.803,-0.750,103.102,0.9853,0,0.197,-0.329,0.000,0.2691,nan,nan,nan,0.000,0.000,-10.000,0.0000,-0.0333,1.588,1.588,-0.033,1.525,1.000,-1.078,0.0066,0.134,nan,0.00,0,0,0,0,0,0.0000,0.000,0,0.000,0,0.000,0,0,,,FLYING,0,0,0,0.000,0,0,0
1785653675.349,-9.821,-0.776,103.106,0.9853,0,0.179,-0.318,0.000,0.2691,nan,nan,nan,0.000,0.000,-10.000,0.0000,-0.0369,1.533,1.533,-0.037,1.515,1.000,-1.094,0.0066,0.130,nan,0.00,0,0,0,0,0,0.0000,0.000,0,0.000,0,0.000,0,0,,,FLYING,0,0,0,0.000,0,0,0
1785653675.393,-9.838,-0.802,103.111,0.9852,0,0.162,-0.310,0.000,0.2690,nan,nan,nan,0.000,0.000,-10.000,0.0000,-0.0404,1.478,1.478,-0.040,1.505,1.000,-1.112,0.0066,0.126,nan,0.00,0,0,0,0,0,0.0000,0.000,0,0.000,0,0.000,1,0,,,FLYING,0,0,0,0.000,0,1,0
1785653675.439,-9.867,-0.851,103.120,0.9851,0,0.133,-0.406,0.000,0.2689,nan,nan,nan,0.000,0.000,-10.000,0.0000,-0.0467,1.369,1.369,-0.047,1.486,1.000,-1.257,0.0066,0.122,nan,0.00,0,0,0,0,0,0.0000,0.000,0,0.000,0,0.000,1,0,,,FLYING,0,0,0,0.000,0,1,0
1785653675.465,-9.867,-0.851,103.120,0.9851,0,0.133,-0.266,0.000,0.2690,nan,nan,nan,0.000,0.000,-10.000,0.0000,-0.0468,1.369,1.369,-0.047,1.486,1.000,-1.117,0.0066,0.118,nan,0.00,0,0,0,0,0,0.0000,0.000,0,0.000,0,0.000,0,0,,,FLYING,0,0,0,0.000,0,0,0
1785653675.500,-9.883,-0.881,103.125,0.9850,0,0.117,-0.315,0.000,0.2689,nan,nan,nan,0.000,0.000,-10.000,0.0000,-0.0509,1.294,1.294,-0.051,1.472,1.000,-1.195,0.0066,0.115,nan,0.00,0,0,0,0,0,0.0000,0.000,0,0.000,0,0.000,0,0,,,FLYING,0,0,0,0.000,0,0,0
1785653675.529,-9.883,-0.881,103.125,0.9850,0,0.117,-0.202,0.000,0.2690,nan,nan,nan,0.000,0.000,-10.000,0.0000,-0.0509,1.294,1.294,-0.051,1.472,1.000,-1.082,0.0066,0.111,nan,0.00,0,0,0,0,0,0.0000,0.000,0,0.000,0,0.000,0,0,,,FLYING,0,0,0,0.000,0,0,0
1785653675.563,-9.896,-0.912,103.130,0.9850,0,-0.074,-0.246,0.000,0.2690,nan,nan,nan,0.000,0.000,-9.822,0.0000,-0.0544,1.228,1.228,-0.054,1.461,1.000,-1.158,0.0066,0.108,nan,0.00,0,0,0,0,0,0.0000,0.000,0,0.000,0,0.000,0,0,,,FLYING,0,0,0,0.000,0,0,0
1785653675.590,-9.910,-0.936,103.134,0.9849,0,-0.651,-0.294,0.000,0.2689,nan,nan,nan,0.000,0.000,-9.259,0.0000,-0.0582,1.157,1.157,-0.058,1.448,1.000,-1.230,0.0066,0.105,nan,0.00,0,0,0,0,0,0.0000,0.000,0,0.000,0,0.000,0,0,,,FLYING,0,0,0,0.000,0,0,0
1785653675.625,-9.855,-0.962,103.139,0.9851,0,-1.058,-0.300,0.000,0.2688,nan,nan,nan,0.000,0.000,-8.797,0.0000,-0.0613,1.100,1.100,-0.061,1.438,1.000,-1.262,0.0066,0.102,nan,0.00,0,0,0,0,0,0.0000,0.000,0,0.000,0,0.000,0,0,,,FLYING,0,0,0,0.000,0,0,0
1785653675.656,-9.766,-0.988,103.143,0.9854,0,-1.407,-0.298,0.000,0.2687,nan,nan,nan,0.000,0.000,-8.360,0.0000,-0.0643,1.045,1.045,-0.064,1.428,1.000,-1.285,0.0066,0.098,nan,0.00,0,0,0,0,0,0.0000,0.000,0,0.000,0,0.000,0,0,,,FLYING,0,0,0,0.000,0,0,0
1785653675.702,-9.664,-1.010,103.147,0.9857,0,-1.693,-0.286,0.000,0.2686,nan,nan,nan,0.000,0.000,-7.971,0.0000,-0.0670,0.996,0.996,-0.067,1.419,1.000,-1.296,0.0066,0.096,nan,0.00,0,0,0,0,0,0.0000,0.000,0,0.000,0,0.000,0,0,,,FLYING,0,0,0,0.000,0,0,0
1785653675.748,-9.439,-1.054,103.155,0.9863,0,-2.202,-0.366,0.000,0.2683,nan,nan,nan,0.000,0.000,-7.237,0.0000,-0.0720,0.905,0.905,-0.072,1.402,1.000,-1.420,0.0066,0.093,nan,0.00,0,0,0,0,0,0.0000,0.000,0,0.000,0,0.000,0,0,,,FLYING,0,0,0,0.000,0,0,0
1785653675.775,-9.302,-1.077,103.158,0.9867,0,-2.478,-0.335,0.000,0.2682,nan,nan,nan,0.000,0.000,-6.824,0.0000,-0.0748,0.853,0.853,-0.075,1.393,1.000,-1.412,0.0066,0.090,nan,0.00,0,0,0,0,0,0.0000,0.000,0,0.000,0,0.000,0,0,,,FLYING,0,0,0,0.000,0,0,0
1785653675.813,-9.117,-1.107,103.163,0.9872,0,-2.689,-0.304,0.000,0.2680,nan,nan,nan,0.000,0.000,-6.427,0.0000,-0.0771,0.803,0.803,-0.077,1.384,1.000,-1.411,0.0066,0.087,nan,0.00,0,0,0,0,0,0.0000,0.000,0,0.000,0,0.000,0,0,,,FLYING,0,0,0,0.000,0,0,0
1785653675.858,-8.905,-1.131,103.167,0.9878,0,-2.855,-0.284,0.000,0.2678,nan,nan,nan,0.000,0.000,-6.050,0.0000,-0.0791,0.756,0.756,-0.079,1.376,1.000,-1.415,0.0066,0.085,nan,0.00,0,0,0,0,0,0.0000,0.000,0,0.000,0,0.000,0,0,,,FLYING,0,0,0,0.000,0,0,0
1785653675.891,-8.677,-1.154,103.171,0.9884,0,-2.974,-0.275,0.000,0.2677,nan,nan,nan,0.000,0.000,-5.703,0.0000,-0.0807,0.713,0.713,-0.081,1.367,1.000,-1.429,0.0066,0.082,nan,0.00,0,0,0,0,0,0.0000,0.000,0,0.000,0,0.000,0,0,,,FLYING,0,0,0,0.000,0,0,0
1785653675.917,-8.447,-1.176,103.174,0.9889,0,-3.066,-0.264,0.000,0.2675,nan,nan,nan,0.000,0.000,-5.382,0.0000,-0.0823,0.673,0.673,-0.082,1.358,1.000,-1.440,0.0066,0.080,nan,0.00,0,0,0,0,0,0.0000,0.000,0,0.000,0,0.000,0,0,,,FLYING,0,0,0,0.000,0,0,0
1785653675.951,-8.205,-1.197,103.177,0.9895,0,-3.137,-0.258,0.000,0.2673,nan,nan,nan,0.000,0.000,-5.068,0.0000,-0.0839,0.633,0.633,-0.084,1.349,1.000,-1.455,0.0066,0.077,nan,0.00,0,0,0,0,0,0.0000,0.000,0,0.000,0,0.000,0,0,,,FLYING,0,0,0,0.000,0,0,0
1785653675.984,-7.952,-1.218,103.180,0.9902,0,-3.189,-0.256,0.000,0.2672,nan,nan,nan,0.000,0.000,-4.763,0.0000,-0.0854,0.595,0.595,-0.085,1.341,1.000,-1.474,0.0066,0.075,nan,0.00,0,0,0,0,0,0.0000,0.000,0,0.000,0,0.000,0,0,,,FLYING,0,0,0,0.000,0,0,0
1785653676.016,-7.692,-1.239,103.183,0.9908,0,-3.221,-0.256,0.000,0.2670,nan,nan,nan,0.000,0.000,-4.471,0.0000,-0.0870,0.559,0.559,-0.087,1.332,1.000,-1.495,0.0066,0.073,nan,0.00,0,0,0,0,0,0.0000,0.000,0,0.000,0,0.000,0,0,,,FLYING,0,0,0,0.000,0,0,0
1785653676.064,-7.434,-1.260,103.186,0.9914,0,-3.234,-0.253,0.000,0.2669,nan,nan,nan,0.000,0.000,-4.200,0.0000,-0.0884,0.525,0.525,-0.088,1.323,1.000,-1.513,0.0066,0.070,nan,0.00,0,0,0,0,0,0.0000,0.000,0,0.000,0,0.000,0,0,,,FLYING,0,0,0,0.000,0,0,0
