t,roll,pitch,yaw,up,upset,cmd_roll_deg,cmd_pitch_deg,cmd_yaw_deg,thrust,bx,by,bz,blend,bearing_deg,desired_roll,d_lat,d_vert,vY_imu,vY_fused,vD,vX,v_target,pitch_des,elev_i,elev_err,agl,turn_ff,reliable,vision_valid,elev_fresh,is_new_d,bl_found,bl_hdg,bl_conf,bl_hdg_valid,bl_span,bl_paired,bl_cy,bl_gap,src_switch,source,infer_ms,mode,gate,gate_id,peek_side,peek_strength,peek_active,occ_gap,collision
1785622429.218,0.000,-17.800,0.000,0.9521,0,-1.131,15.800,-2.746,0.3029,9.528,0.071,-3.702,1.000,0.429,1.131,-0.0000,-0.0000,-0.006,-0.006,0.000,-0.001,1.838,-2.000,0.0061,-0.612,nan,2.32,1,1,1,1,1,0.0809,1.000,1,0.532,8,0.031,2,0,yolo,191.1,yolo,0,0,0,0.000,0,-1,0
1785622429.249,0.000,-17.800,0.000,0.9521,0,-0.606,15.800,-2.590,0.3035,10.056,0.039,-3.889,1.000,0.220,0.606,0.0000,0.0000,-0.006,-0.006,0.000,-0.001,1.821,-2.000,0.0061,-0.629,nan,2.37,1,1,1,0,1,0.0827,1.000,1,0.529,8,0.008,0,0,yolo,179.8,yolo,0,0,0,0.000,0,-1,0
1785622429.287,-0.171,-17.719,0.005,0.9526,0,-0.846,15.719,-2.618,0.3042,10.056,0.039,-3.889,1.000,0.220,0.676,-0.0051,0.0066,-0.012,-0.012,0.007,-0.001,1.806,-2.000,0.0062,-0.644,nan,2.40,1,1,1,0,1,0.0837,1.000,1,0.526,8,0.003,0,0,yolo,179.8,yolo,0,0,0,0.000,0,-1,0
1785622429.318,-0.171,-17.719,0.005,0.9526,0,-0.846,15.719,-2.618,0.3043,10.056,0.039,-3.889,1.000,0.220,0.676,-0.0051,0.0066,-0.012,-0.012,0.007,-0.001,1.806,-2.000,0.0063,-0.644,nan,2.40,1,1,1,0,1,0.0837,1.000,1,0.526,8,0.003,0,0,yolo,179.8,yolo,0,0,0,0.000,0,-1,0
1785622429.356,-0.093,-15.038,0.609,0.9658,0,-0.821,14.219,-2.639,0.3143,10.056,0.039,-3.889,1.000,0.220,0.727,-0.0089,-0.0257,-0.015,-0.015,-0.026,0.017,1.303,-2.000,0.0063,-1.147,nan,2.42,1,1,1,0,1,0.0844,1.000,1,0.526,8,0.003,3,0,yolo,179.8,yolo,0,0,0,0.000,0,-1,0
1785622429.395,-0.042,-12.775,0.919,0.9752,0,-0.810,12.719,-2.039,0.3213,10.056,0.039,-3.889,1.000,0.220,0.768,-0.0120,-0.0875,-0.018,-0.018,-0.087,0.046,1.200,-2.000,0.0063,-1.569,nan,1.82,1,1,1,0,1,0.0635,1.000,1,0.522,8,0.012,0,0,yolo,179.8,yolo,0,0,0,0.000,0,-1,0
1785622429.422,-0.042,-12.775,0.919,0.9752,0,-1.047,11.219,-1.628,0.3255,10.035,0.046,-3.885,1.000,0.260,1.005,-0.0420,0.0032,-0.018,-0.017,-0.087,0.046,1.200,-2.000,0.0063,-1.569,nan,1.37,1,1,1,1,1,0.0478,1.000,1,0.522,8,0.012,0,0,yolo,174.4,yolo,0,0,0,0.000,0,-1,0
1785622429.457,-0.042,-12.775,0.919,0.9752,0,-0.859,10.775,-1.255,0.3254,10.035,0.046,-3.885,1.000,0.260,0.816,-0.0016,0.0000,-0.018,-0.018,-0.087,0.046,1.200,-2.000,0.0063,-1.569,nan,1.00,1,1,1,0,1,0.0347,1.000,1,0.523,8,0.036,0,0,yolo,174.4,yolo,0,0,0,0.000,0,-1,0
1785622429.492,0.103,-10.675,1.147,0.9827,0,-0.735,9.275,-0.976,0.3292,10.035,0.046,-3.885,1.000,0.260,0.838,-0.0032,-0.1223,-0.020,-0.020,-0.210,0.094,1.200,-2.000,0.0063,-1.958,nan,0.72,1,1,1,0,1,0.0250,1.000,1,0.523,8,0.036,0,0,yolo,174.4,yolo,0,0,0,0.000,0,-1,0
1785622429.527,0.189,-9.271,1.268,0.9869,0,-0.615,7.775,-0.976,0.3221,10.035,0.046,-3.885,1.000,0.260,0.804,-0.0006,-0.2739,-0.018,-0.018,-0.361,0.155,1.200,-2.000,0.0063,-2.217,nan,0.72,1,1,1,0,1,0.0250,1.000,1,0.523,8,0.036,2,0,yolo,174.4,yolo,0,0,0,0.000,0,-1,0
1785622429.560,0.189,-9.271,1.268,0.9869,0,-0.615,7.271,-0.791,0.3221,10.035,0.046,-3.885,1.000,0.260,0.804,-0.0006,-0.2739,-0.018,-0.018,-0.361,0.155,1.200,-2.000,0.0063,-2.217,nan,0.53,1,1,1,0,1,0.0185,1.000,1,0.508,8,0.110,2,0,yolo,174.4,yolo,0,0,0,0.000,0,-1,0
1785622429.588,0.189,-9.271,1.268,0.9869,0,-0.615,7.271,-0.681,0.3221,10.035,0.046,-3.885,1.000,0.260,0.804,-0.0006,-0.2739,-0.018,-0.018,-0.361,0.155,1.200,-2.000,0.0063,-2.217,nan,0.42,1,1,1,0,1,0.0147,1.000,1,0.451,7,0.172,0,0,yolo,174.4,yolo,0,0,0,0.000,0,-1,0
1785622429.613,0.277,-8.006,1.381,0.9902,0,-0.477,6.006,-0.681,0.3124,10.035,0.046,-3.885,1.000,0.260,0.755,0.0030,-0.4638,-0.014,-0.014,-0.551,0.230,1.200,-2.000,0.0063,-2.449,nan,0.42,1,1,1,0,1,0.0147,1.000,1,0.451,7,0.172,0,0,yolo,174.4,yolo,0,0,0,0.000,0,-1,0
1785622429.652,0.277,-8.006,1.381,0.9902,0,-0.477,6.006,-0.600,0.3124,10.035,0.046,-3.885,1.000,0.260,0.755,0.0030,-0.4638,-0.014,-0.014,-0.551,0.230,1.200,-2.000,0.0063,-2.449,nan,0.34,1,1,1,0,1,0.0118,1.000,1,0.451,7,0.172,2,0,yolo,174.4,yolo,0,0,0,0.000,0,-1,0
1785622429.692,0.340,-7.050,1.476,0.9924,0,-0.365,5.050,-0.562,0.3035,10.035,0.046,-3.885,1.000,0.260,0.705,0.0066,-0.6446,-0.010,-0.010,-0.732,0.295,1.200,-2.000,0.0063,-2.623,nan,0.30,1,1,1,0,1,0.0105,1.000,1,0.431,7,0.232,0,0,yolo,174.4,yolo,0,0,0,0.000,0,-1,0
1785622429.723,0.401,-6.056,1.569,0.9944,0,-0.235,4.056,-0.534,0.2937,10.035,0.046,-3.885,1.000,0.260,0.636,0.0117,-0.8486,-0.005,-0.005,-0.936,0.366,1.200,-2.000,0.0063,-2.804,nan,0.27,1,1,1,0,1,0.0096,1.000,1,0.431,7,0.232,0,0,yolo,174.4,yolo,0,0,0,0.000,0,-1,0
1785622429.754,0.401,-6.056,1.569,0.9944,0,-0.235,4.056,-1.218,0.2937,10.035,0.046,-3.885,1.000,0.260,0.636,0.0117,-0.8486,-0.005,-0.005,-0.936,0.366,1.200,-2.000,0.0063,-2.804,nan,0.96,1,1,1,0,1,0.0334,1.000,1,0.363,6,0.193,0,0,yolo,174.4,yolo,0,0,0,0.000,0,-1,0
1785622429.786,0.446,-5.286,1.658,0.9957,0,-0.135,3.286,-1.218,0.2870,10.035,0.046,-3.885,1.000,0.260,0.581,0.0157,-0.9885,-0.001,-0.001,-1.076,0.423,1.200,-2.000,0.0063,-2.943,nan,0.96,1,1,1,0,1,0.0334,1.000,1,0.363,6,0.193,0,0,yolo,174.4,yolo,0,0,0,0.000,0,-1,0
1785622429.817,0.446,-5.273,1.661,0.9957,0,-0.134,3.273,-1.731,0.2869,10.035,0.046,-3.885,1.000,0.260,0.581,0.0158,-0.9905,-0.001,-0.001,-1.078,0.424,1.200,-2.000,0.0063,-2.945,nan,1.47,1,1,1,0,1,0.0514,1.000,1,0.363,6,0.193,0,0,yolo,174.4,yolo,0,0,0,0.000,0,-1,0
1785622429.854,0.447,-4.778,1.897,0.9965,0,-0.097,2.778,-2.116,0.2837,10.035,0.046,-3.885,1.000,0.260,0.544,0.0185,-1.0559,0.002,0.002,-1.143,0.474,1.200,-2.000,0.0063,-3.035,nan,1.86,1,1,1,0,1,0.0648,1.000,1,0.363,6,0.193,2,0,yolo,174.4,yolo,0,0,0,0.000,0,-1,0
1785622429.883,0.447,-4.778,1.897,0.9965,0,1.403,2.778,-0.616,0.3004,10.449,-0.275,-2.157,1.000,-1.510,-3.789,-0.0000,-0.0000,0.002,0.002,-1.143,0.474,1.200,-2.000,0.0063,-1.281,nan,1.62,1,1,1,1,1,0.0566,1.000,1,0.303,5,0.641,0,0,yolo,146.1,yolo,0,0,0,0.000,0,-1,0
1785622429.910,0.235,-4.371,1.959,0.9971,0,2.903,2.371,-0.725,0.2837,10.449,-0.275,-2.157,1.000,-1.510,-3.868,0.0060,-0.0579,0.008,0.008,-1.201,0.517,1.200,-2.000,0.0063,-1.356,nan,2.24,1,1,1,0,1,0.0780,1.000,1,0.291,5,0.597,0,0,yolo,146.1,yolo,0,0,0,0.000,0,-1,0
1785622429.936,0.235,-4.371,1.959,0.9971,0,4.103,2.371,-0.725,0.2710,10.449,-0.275,-2.157,1.000,-1.510,-3.868,0.0060,-0.0579,0.008,0.008,-1.201,0.517,1.200,-2.000,0.0063,-1.356,nan,2.24,1,1,1,0,1,0.0780,1.000,1,0.291,5,0.597,0,0,yolo,146.1,yolo,0,0,0,0.000,0,-1,0
1785622429.976,-0.297,-4.057,2.023,0.9975,0,3.673,2.057,-1.185,0.2709,10.449,-0.275,-2.157,1.000,-1.510,-3.970,0.0137,-0.0855,0.015,0.015,-1.229,0.554,1.200,-2.000,0.0063,-1.411,nan,2.70,1,1,1,0,1,0.0941,1.000,1,0.291,5,0.597,3,0,yolo,146.1,yolo,0,0,0,0.000,0,-1,0
1785622430.003,-0.742,-3.772,2.171,0.9978,0,2.173,1.772,0.315,0.2574,10.309,-0.246,-1.911,1.000,-1.368,-2.496,-0.1533,-1.1150,0.016,-0.019,-1.238,0.588,1.225,-2.000,0.0063,-1.225,nan,0.00,1,1,1,1,1,0.2032,0.450,1,0.273,4,0.573,0,0,yolo,142.9,yolo,0,0,0,0.000,0,-1,0
1785622430.055,-0.742,-3.772,2.171,0.9978,0,2.983,1.772,-1.185,0.2709,10.309,-0.246,-1.911,1.000,-1.368,-3.724,0.0346,0.0000,0.016,0.016,-1.238,0.588,1.225,-2.000,0.0063,-1.225,nan,8.00,1,1,1,0,1,0.2893,0.900,1,0.273,4,0.573,2,0,yolo,142.9,yolo,0,0,0,0.000,0,-1,0
1785622430.095,-0.968,-3.546,2.140,0.9979,0,2.701,1.546,0.315,0.2708,10.309,-0.246,-1.911,1.000,-1.368,-3.669,0.0305,0.0147,0.012,0.012,-1.224,0.618,1.200,-2.000,0.0063,-1.265,nan,0.00,1,1,1,0,1,0.0000,0.977,0,0.236,4,0.649,0,0,yolo,142.9,yolo,0,0,0,0.000,0,-1,0
1785622430.132,-1.325,-3.319,2.049,0.9981,0,2.272,1.319,1.368,0.2708,10.309,-0.246,-1.911,1.000,-1.368,-3.597,0.0251,0.0367,0.006,0.006,-1.202,0.649,1.200,-2.000,0.0063,-1.304,nan,0.00,1,1,1,0,1,0.0000,0.977,0,0.236,4,0.649,3,0,yolo,142.9,yolo,0,0,0,0.000,0,-1,0
1785622430.162,-1.325,-3.319,2.049,0.9981,0,3.384,1.319,1.519,0.2708,10.440,-0.277,-1.892,1.000,-1.519,-4.709,0.1645,-0.1643,0.006,0.011,-1.202,0.649,1.200,-2.000,0.0063,-1.277,nan,0.00,1,1,1,1,1,0.0000,0.940,0,0.213,4,0.625,0,0,yolo,143.3,yolo,0,0,0,0.000,0,-1,0
1785622430.190,-1.605,-3.134,1.884,0.9981,0,2.100,1.134,1.519,0.2874,10.440,-0.277,-1.892,1.000,-1.519,-3.705,-0.0137,0.0273,-0.003,-0.003,-1.174,0.678,1.200,-2.000,0.0063,-1.309,nan,0.00,1,1,1,0,1,0.0000,0.940,0,0.213,4,0.625,0,0,yolo,143.3,yolo,0,0,0,0.000,0,-1,0
1785622430.230,-1.888,-2.967,1.673,0.9981,0,1.660,0.967,1.519,0.3041,10.440,-0.277,-1.892,1.000,-1.519,-3.548,-0.0256,0.0381,-0.015,-0.015,-1.164,0.705,1.200,-2.000,0.0063,-1.339,nan,0.00,1,1,1,0,1,0.0000,0.944,0,0.215,4,0.651,0,0,yolo,143.3,yolo,0,0,0,0.000,0,-1,0
1785622430.269,-1.888,-2.967,1.673,0.9981,0,1.660,0.967,1.519,0.3127,10.440,-0.277,-1.892,1.000,-1.519,-3.548,-0.0256,0.0381,-0.015,-0.015,-1.164,0.705,1.200,-2.000,0.0063,-1.339,nan,0.00,1,1,1,0,1,0.0000,0.944,0,0.215,4,0.651,0,0,yolo,143.3,yolo,0,0,0,0.000,0,-1,0
1785622430.308,-2.120,-2.819,1.475,0.9981,0,3.160,0.819,1.689,0.2960,10.381,-0.306,-1.616,1.000,-1.689,-5.986,0.3082,-2.0000,-0.031,0.027,-1.199,0.732,1.359,-2.000,0.0063,-1.091,nan,0.00,1,1,1,1,1,0.0000,0.941,0,0.213,4,0.672,0,0,yolo,135.0,yolo,0,0,0,0.000,0,-1,0
1785622430.352,-2.556,-2.709,1.266,0.9979,0,1.660,0.709,1.689,0.2794,10.381,-0.306,-1.616,1.000,-1.689,-3.486,-0.0722,-0.0499,-0.045,-0.045,-1.249,0.755,1.342,-2.000,0.0063,-1.108,nan,0.00,1,1,1,0,1,0.0000,0.819,0,0.210,3,0.691,0,0,yolo,135.0,yolo,0,0,0,0.000,0,-1,0
1785622430.380,-2.556,-2.709,1.266,0.9979,0,0.931,0.709,1.689,0.2708,10.381,-0.306,-1.616,1.000,-1.689,-3.486,-0.0722,-0.0499,-0.045,-0.045,-1.249,0.755,1.342,-2.000,0.0063,-1.108,nan,0.00,1,1,1,0,1,0.0000,0.819,0,0.210,3,0.691,0,0,yolo,135.0,yolo,0,0,0,0.000,0,-1,0
1785622430.416,-2.721,-2.623,1.074,0.9978,0,2.331,0.623,1.789,0.2542,10.303,-0.322,-1.281,1.000,-1.789,-5.052,0.1084,-1.9010,-0.064,0.004,-1.290,0.775,1.659,-2.000,0.0063,-0.791,nan,0.00,1,1,1,1,1,0.0000,0.819,0,0.210,3,0.691,3,0,yolo,133.5,yolo,0,0,0,0.000,0,-1,0
1785622430.445,-3.053,-2.540,0.844,0.9976,0,0.831,0.540,1.789,0.2708,10.303,-0.322,-1.281,1.000,-1.789,-3.307,-0.0902,-0.0147,-0.086,-0.086,-1.305,0.798,1.646,-2.000,0.0064,-0.804,nan,0.00,1,1,1,0,1,0.0000,0.691,0,0.201,2,0.715,0,0,yolo,133.5,yolo,0,0,0,0.000,0,-1,0
1785622430.489,-3.053,-2.540,0.844,0.9976,0,0.255,0.540,1.789,0.2711,10.303,-0.322,-1.281,1.000,-1.789,-3.307,-0.0902,-0.0147,-0.086,-0.086,-1.305,0.798,1.646,-2.000,0.0065,-0.804,nan,0.00,1,1,1,0,1,0.0000,0.691,0,0.201,2,0.715,0,0,yolo,133.5,yolo,0,0,0,0.000,0,-1,0
1785622430.525,-3.075,-2.454,0.563,0.9976,0,-0.234,0.454,1.789,0.2712,10.303,-0.322,-1.281,1.000,-1.789,-2.841,-0.1252,-0.0214,-0.121,-0.121,-1.311,0.824,1.631,-2.000,0.0066,-0.819,nan,0.00,1,1,1,0,1,0.0000,0.690,0,0.200,2,0.727,0,0,yolo,133.5,yolo,0,0,0,0.000,0,-1,0
1785622430.570,-3.075,-2.454,0.563,0.9976,0,-0.603,0.454,1.666,0.2545,10.087,-0.293,-0.821,1.000,-1.666,-2.471,-0.3246,-2.0000,-0.121,-0.008,-1.311,0.824,2.079,-2.000,0.0066,-0.371,nan,0.00,1,1,1,1,1,0.0000,0.690,0,0.200,2,0.727,0,0,yolo,135.9,yolo,0,0,0,0.000,0,-1,0
1785622430.616,-3.036,-2.397,0.329,0.9977,0,-0.861,0.397,1.666,0.2712,10.087,-0.293,-0.821,1.000,-1.666,-2.175,-0.1420,0.0188,-0.150,-0.150,-1.293,0.845,2.068,-2.000,0.0067,-0.382,nan,0.00,1,1,1,0,1,0.0000,0.216,0,0.165,0,0.741,0,0,yolo,135.9,yolo,0,0,0,0.000,0,-1,0
1785622430.647,-2.904,-2.345,0.109,0.9979,0,-1.141,0.345,1.666,0.2713,10.087,-0.293,-0.821,1.000,-1.666,-1.764,-0.1724,0.0552,-0.181,-0.181,-1.256,0.866,2.058,-2.000,0.0067,-0.392,nan,0.00,1,1,1,0,1,0.0000,0.432,0,0.165,0,0.741,0,0,yolo,135.9,yolo,0,0,0,0.000,0,-1,0
1785622430.678,-2.904,-2.345,0.109,0.9979,0,-1.141,0.345,1.666,0.2713,10.087,-0.293,-0.821,1.000,-1.666,-1.764,-0.1724,0.0552,-0.181,-0.181,-1.256,0.866,2.058,-2.000,0.0067,-0.392,nan,0.00,1,1,1,0,1,0.0000,0.308,0,0.139,0,0.767,0,0,yolo,135.9,yolo,0,0,0,0.000,0,-1,0
1785622430.709,-2.734,-2.300,-0.116,0.9981,0,-0.650,0.300,1.518,0.2546,9.977,-0.264,-0.490,1.000,-1.518,-2.084,-0.1550,-1.8933,-0.210,-0.109,-1.227,0.887,2.200,-2.000,0.0067,-0.076,nan,0.00,1,1,1,1,1,0.0000,0.308,0,0.139,0,0.767,0,0,yolo,151.0,yolo,0,0,0,0.000,0,-1,0
1785622430.739,-2.734,-2.300,-0.116,0.9981,0,-1.253,0.300,1.518,0.2713,9.977,-0.264,-0.490,1.000,-1.518,-1.481,-0.1012,0.0000,-0.210,-0.210,-1.227,0.887,2.200,-2.000,0.0067,-0.076,nan,0.00,1,1,1,0,1,0.0000,0.407,0,0.134,1,0.784,0,0,yolo,151.0,yolo,0,0,0,0.000,0,-1,0
1785622430.765,-2.530,-2.258,-0.334,0.9982,0,-1.449,0.258,1.518,0.2712,9.977,-0.264,-0.490,1.000,-1.518,-1.081,-0.1306,-0.0065,-0.239,-0.239,-1.233,0.909,2.200,-2.000,0.0068,-0.085,nan,0.00,1,1,1,0,1,0.0000,0.407,0,0.134,1,0.784,0,0,yolo,151.0,yolo,0,0,0,0.000,0,-1,0
1785622430.792,-2.530,-2.258,-0.334,0.9982,0,-1.449,0.258,1.518,0.2712,9.977,-0.264,-0.490,1.000,-1.518,-1.081,-0.1306,-0.0065,-0.239,-0.239,-1.233,0.909,2.200,-2.000,0.0068,-0.085,nan,0.00,1,1,1,0,1,0.0000,0.407,0,0.134,1,0.784,2,0,yolo,151.0,yolo,0,0,0,0.000,0,-1,0
1785622430.833,-2.341,-2.230,-0.510,0.9984,0,-1.555,-0.270,1.518,0.2712,9.977,-0.264,-0.490,1.000,-1.518,-0.786,-0.1522,-0.0127,-0.261,-0.261,-1.240,0.926,2.200,-2.500,0.0068,-0.091,nan,0.00,1,1,1,0,1,0.0000,0.414,0,0.143,1,0.807,0,0,yolo,151.0,yolo,0,0,0,0.000,0,-1,0
1785622430.872,-2.341,-2.230,-0.510,0.9984,0,-3.055,-0.270,0.830,0.2545,9.713,-0.141,-0.104,1.000,-0.830,2.205,-0.5834,-1.8537,-0.261,-0.154,-1.240,0.926,2.170,-2.500,0.0067,0.280,nan,0.00,1,1,1,1,1,0.0000,0.511,0,0.136,2,0.809,0,0,yolo,132.1,yolo,0,0,0,0.000,0,-1,0
1785622430.913,-2.119,-2.279,-0.701,0.9985,0,-3.187,-0.221,0.830,0.2621,9.713,-0.141,-0.104,1.000,-0.830,1.068,-0.1286,-0.0071,-0.283,-0.283,-1.247,0.944,2.162,-2.500,0.0067,0.288,nan,0.00,1,1,1,0,1,0.0000,0.511,0,0.136,2,0.809,0,0,yolo,132.1,yolo,0,0,0,0.000,0,-1,0
1785622430.944,-1.640,-2.308,-0.792,0.9988,0,-3.043,-0.192,0.830,0.2621,9.713,-0.141,-0.104,1.000,-0.830,1.403,-0.1527,-0.0031,-0.307,-0.307,-1.243,0.962,2.158,-2.500,0.0067,0.292,nan,0.00,1,1,1,0,1,0.0000,0.415,0,0.144,1,0.815,0,0,yolo,132.1,yolo,0,0,0,0.000,0,-1,0
1785622430.970,-1.640,-2.308,-0.792,0.9988,0,-3.043,-0.192,0.830,0.2621,9.713,-0.141,-0.104,1.000,-0.830,1.403,-0.1527,-0.0031,-0.307,-0.307,-1.243,0.962,2.158,-2.500,0.0067,0.292,nan,0.00,1,1,1,0,1,0.0000,0.415,0,0.144,1,0.815,0,0,yolo,132.1,yolo,0,0,0,0.000,0,-1,0
1785622431.006,-1.214,-2.334,-0.895,0.9989,0,-4.543,-0.166,0.506,0.2454,9.581,-0.085,0.127,1.000,-0.506,3.501,-0.5404,-2.0000,-0.325,-0.230,-1.230,0.981,1.932,-2.500,0.0066,0.518,nan,0.00,1,1,1,1,1,0.0000,0.515,0,0.140,2,0.834,0,0,yolo,165.1,yolo,0,0,0,0.000,0,-1,0
1785622431.044,-1.214,-2.334,-0.895,0.9989,0,-3.331,-0.166,0.506,0.2553,9.581,-0.085,0.127,1.000,-0.506,2.116,-0.0943,0.0000,-0.325,-0.325,-1.230,0.981,1.932,-2.500,0.0066,0.518,nan,0.00,1,1,1,0,1,0.0000,0.519,0,0.144,2,0.842,0,0,yolo,165.1,yolo,0,0,0,0.000,0,-1,0
1785622431.082,-0.563,-2.356,-0.956,0.9991,0,-2.909,-0.144,0.506,0.2568,9.581,-0.085,0.127,1.000,-0.506,2.346,-0.1108,0.0389,-0.341,-0.341,-1.191,0.999,1.929,-2.500,0.0065,0.521,nan,0.00,1,1,1,0,1,0.0000,0.519,0,0.144,2,0.842,0,0,yolo,165.1,yolo,0,0,0,0.000,0,-1,0
1785622431.113,-0.563,-2.356,-0.956,0.9991,0,-2.909,-0.144,0.506,0.2568,9.581,-0.085,0.127,1.000,-0.506,2.346,-0.1108,0.0389,-0.341,-0.341,-1.191,0.999,1.929,-2.500,0.0064,0.521,nan,0.00,1,1,1,0,1,0.0000,0.517,0,0.142,2,0.835,0,0,yolo,165.1,yolo,0,0,0,0.000,0,-1,0
1785622431.144,-0.113,-2.378,-1.029,0.9991,0,-2.545,-0.122,0.506,0.2592,9.581,-0.085,0.127,1.000,-0.506,2.432,-0.1169,0.0951,-0.347,-0.347,-1.135,1.021,1.926,-2.500,0.0064,0.524,nan,0.00,1,1,1,0,1,0.0000,0.510,0,0.135,2,0.826,0,0,yolo,165.1,yolo,0,0,0,0.000,0,-1,0
1785622431.176,0.282,-2.396,-1.093,0.9991,0,-4.045,-0.104,-0.189,0.2425,9.167,0.030,0.410,1.000,0.189,5.954,-0.5566,-1.3435,-0.349,-0.288,-1.077,1.040,1.657,-2.500,0.0063,0.793,nan,0.00,1,1,1,1,1,0.0000,0.510,0,0.135,2,0.826,0,0,yolo,146.7,yolo,0,0,0,0.000,0,-1,0
1785622431.207,0.289,-2.396,-1.094,0.9991,0,-3.756,-0.104,-0.189,0.2467,9.167,0.030,0.410,1.000,0.189,4.045,-0.0608,0.0010,-0.349,-0.349,-1.076,1.040,1.657,-2.500,0.0062,0.793,nan,0.00,1,1,1,0,1,0.0000,0.512,0,0.137,2,0.810,0,0,yolo,146.7,yolo,0,0,0,0.000,0,-1,0
1785622431.240,0.812,-2.410,-1.061,0.9990,0,-3.241,-0.090,-0.189,0.2495,9.167,0.030,0.410,1.000,0.189,4.054,-0.0614,0.0647,-0.349,-0.349,-1.013,1.058,1.655,-2.500,0.0062,0.795,nan,0.00,1,1,1,0,1,0.0000,0.512,0,0.137,2,0.810,0,0,yolo,146.7,yolo,0,0,0,0.000,0,-1,0
1785622431.279,0.812,-2.410,-1.061,0.9990,0,-3.241,-0.090,-0.189,0.2494,9.167,0.030,0.410,1.000,0.189,4.054,-0.0614,0.0647,-0.349,-0.349,-1.013,1.058,1.655,-2.500,0.0061,0.795,nan,0.00,1,1,1,0,1,0.0000,0.411,0,0.139,1,0.835,0,0,yolo,146.7,yolo,0,0,0,0.000,0,-1,0
1785622431.318,1.239,-2.422,-1.032,0.9989,0,-4.741,-0.078,-0.625,0.2327,8.880,0.097,0.579,1.000,0.625,7.264,-0.5071,-1.2013,-0.343,-0.327,-0.960,1.076,1.495,-2.500,0.0060,0.955,nan,0.00,1,1,1,1,1,0.0000,0.411,0,0.139,1,0.835,0,0,yolo,160.3,yolo,0,0,0,0.000,0,-1,0
1785622431.353,1.239,-2.422,-1.032,0.9989,0,-3.727,-0.078,-0.625,0.2415,8.880,0.097,0.579,1.000,0.625,4.966,-0.0162,0.0000,-0.343,-0.343,-0.960,1.076,1.495,-2.500,0.0059,0.955,nan,0.00,1,1,1,0,1,0.0000,0.413,0,0.141,1,0.827,0,0,yolo,160.3,yolo,0,0,0,0.000,0,-1,0
1785622431.397,2.011,-2.437,-0.935,0.9985,0,-2.806,-0.063,-0.625,0.2454,8.880,0.097,0.579,1.000,0.625,4.817,-0.0060,0.0887,-0.333,-0.333,-0.871,1.097,1.491,-2.500,0.0058,0.959,nan,0.00,1,1,1,0,1,0.0000,0.413,0,0.141,1,0.827,0,0,yolo,160.3,yolo,0,0,0,0.000,0,-1,0
1785622431.429,2.414,-2.450,-0.850,0.9982,0,-2.086,0.039,-0.625,0.2494,8.880,0.097,0.579,1.000,0.625,4.500,0.0155,0.1806,-0.312,-0.312,-0.779,1.117,1.489,-2.411,0.0057,0.961,nan,0.00,1,1,1,0,1,0.0000,0.420,0,0.150,1,0.815,0,0,yolo,160.3,yolo,0,0,0,0.000,0,-1,0
1785622431.457,2.414,-2.450,-0.850,0.9982,0,-2.086,-0.050,-0.625,0.2493,8.880,0.097,0.579,1.000,0.625,4.500,0.0155,0.1806,-0.312,-0.312,-0.779,1.117,1.489,-2.500,0.0056,0.961,nan,0.00,1,1,1,0,1,0.0000,0.420,0,0.150,1,0.815,0,0,yolo,160.3,yolo,0,0,0,0.000,0,-1,0
1785622431.489,2.720,-2.461,-0.769,0.9980,0,-1.403,0.052,-0.625,0.2535,8.880,0.097,0.579,1.000,0.625,4.124,0.0412,0.2748,-0.286,-0.286,-0.685,1.137,1.487,-2.409,0.0055,0.963,nan,0.00,1,1,1,0,1,0.0000,0.421,0,0.151,1,0.806,0,0,yolo,160.3,yolo,0,0,0,0.000,0,-1,0
1785622431.520,2.720,-2.461,-0.769,0.9980,0,-1.403,-0.039,-0.625,0.2534,8.880,0.097,0.579,1.000,0.625,4.124,0.0412,0.2748,-0.286,-0.286,-0.685,1.137,1.487,-2.500,0.0054,0.963,nan,0.00,1,1,1,0,1,0.0000,0.421,0,0.151,1,0.806,0,0,yolo,160.3,yolo,0,0,0,0.000,0,-1,0
1785622431.561,2.932,-2.471,-0.685,0.9978,0,-1.110,0.096,-0.625,0.2409,8.880,0.097,0.579,1.000,0.625,4.042,-0.0000,-0.0000,-0.256,-0.256,-0.601,1.157,1.485,-2.375,0.0053,0.965,nan,0.00,1,1,1,1,1,0.0000,0.321,0,0.160,0,0.817,0,1,anduril,,anduril,0,0,0,0.000,0,-1,0
1785622431.597,2.932,-2.471,-0.685,0.9978,0,-1.110,-0.029,-0.625,0.2408,8.880,0.097,0.579,1.000,0.625,4.042,-0.0000,-0.0000,-0.256,-0.256,-0.601,1.157,1.485,-2.500,0.0052,0.965,nan,0.00,1,1,1,1,1,0.0000,0.321,0,0.160,0,0.817,0,0,anduril,,anduril,0,0,0,0.000,0,-1,0
1785622431.635,3.106,-2.460,-0.599,0.9976,0,-1.313,0.090,-0.889,0.2412,8.751,0.136,0.568,1.000,0.889,4.419,-0.0000,-0.0000,-0.224,-0.224,-0.507,1.177,1.500,-2.369,0.0051,0.950,nan,0.00,1,1,1,1,1,0.0000,0.321,0,0.160,0,0.817,1,0,anduril,,anduril,0,0,0,0.000,0,-1,0
1785622431.664,3.106,-2.460,-0.599,0.9976,0,-1.313,-0.040,-0.889,0.2411,8.751,0.136,0.568,1.000,0.889,4.419,-0.0000,-0.0000,-0.224,-0.224,-0.507,1.177,1.500,-2.500,0.0050,0.950,nan,0.00,1,1,1,1,1,0.0000,0.322,0,0.162,0,0.833,0,1,yolo,279.6,yolo,0,0,0,0.000,0,-1,0
1785622431.689,3.337,-2.454,-0.453,0.9974,0,-0.716,0.158,-0.889,0.2411,8.751,0.136,0.568,1.000,0.889,4.053,-0.0000,-0.0000,-0.187,-0.187,-0.419,1.199,1.501,-2.296,0.0049,0.949,nan,0.00,1,1,1,1,1,0.0000,0.322,0,0.162,0,0.833,0,0,yolo,279.6,yolo,0,0,0,0.000,0,-1,0
1785622431.719,3.337,-2.454,-0.453,0.9974,0,-1.328,0.338,-1.118,0.2373,8.565,0.167,0.702,1.000,1.118,4.665,-0.0000,-0.0000,-0.187,-0.187,-0.419,1.199,1.374,-2.115,0.0049,1.076,nan,0.00,1,1,1,1,1,0.0000,0.323,0,0.164,0,0.836,0,0,yolo,279.6,yolo,0,0,0,0.000,0,-1,0
1785622431.751,3.520,-2.413,-0.310,0.9972,0,-1.604,0.443,-1.427,0.2373,8.556,0.213,0.706,1.000,1.427,5.125,-0.0000,-0.0000,-0.155,-0.155,-0.341,1.217,1.373,-1.970,0.0049,1.077,nan,0.00,1,1,1,1,1,0.0000,0.323,0,0.164,0,0.836,0,0,yolo,149.7,yolo,0,0,0,0.000,0,-1,0
1785622431.781,3.724,-2.369,-0.142,0.9970,0,-1.423,0.630,-1.548,0.2356,8.463,0.229,0.773,1.000,1.548,5.147,-0.0000,-0.0000,-0.126,-0.126,-0.264,1.233,1.315,-1.739,0.0049,1.135,nan,0.00,1,1,1,1,1,0.0000,0.326,0,0.168,0,0.829,0,0,yolo,149.7,yolo,0,0,0,0.000,0,-1,0
1785622431.808,3.724,-2.369,-0.142,0.9970,0,-1.748,0.650,-1.673,0.2337,8.370,0.244,0.839,1.000,1.673,5.473,-0.0000,-0.0000,-0.126,-0.126,-0.264,1.233,1.251,-1.719,0.0049,1.199,nan,0.00,1,1,1,1,1,0.0000,0.326,0,0.168,0,0.829,0,0,yolo,149.7,yolo,0,0,0,0.000,0,-1,0
1785622431.842,3.965,-2.293,0.080,0.9968,0,-1.819,0.828,-1.930,0.2302,8.184,0.276,0.973,1.000,1.930,5.784,-0.0000,-0.0000,-0.091,-0.091,-0.164,1.250,1.200,-1.464,0.0049,1.316,nan,0.00,1,1,1,1,1,0.0000,0.327,0,0.169,0,0.852,0,0,yolo,149.7,yolo,0,0,0,0.000,0,-1,0
1785622431.866,3.965,-2.293,0.080,0.9968,0,-1.819,0.705,-1.930,0.2302,8.184,0.276,0.973,1.000,1.930,5.784,-0.0000,-0.0000,-0.091,-0.091,-0.164,1.250,1.200,-1.587,0.0049,1.316,nan,0.00,1,1,1,1,1,0.0000,0.327,0,0.169,0,0.852,0,0,yolo,149.7,yolo,0,0,0,0.000,0,-1,0
1785622431.897,3.965,-2.293,0.080,0.9968,0,-2.725,0.619,-2.275,0.2257,7.821,0.311,1.133,1.000,2.275,6.689,-0.0000,-0.0000,-0.091,-0.091,-0.164,1.250,1.200,-1.673,0.0049,1.464,nan,0.00,1,1,1,1,1,0.0000,0.436,0,0.170,1,0.847,0,0,yolo,139.4,yolo,0,0,0,0.000,0,-1,0
1785622431.934,4.454,-2.212,0.488,0.9962,0,-1.694,0.753,-2.275,0.2261,7.821,0.311,1.133,1.000,2.275,6.148,-0.0000,-0.0000,-0.042,-0.042,-0.023,1.271,1.200,-1.459,0.0049,1.455,nan,0.00,1,1,1,1,1,0.0000,0.436,0,0.170,1,0.847,0,0,yolo,139.4,yolo,0,0,0,0.000,0,-1,0
1785622431.965,4.454,-2.212,0.488,0.9962,0,-2.058,0.644,-2.418,0.2242,7.728,0.326,1.200,1.000,2.418,6.512,0.0000,0.0000,-0.042,-0.042,-0.023,1.271,1.200,-1.568,0.0049,1.519,nan,0.00,1,1,1,0,1,0.0000,0.416,0,0.145,1,0.884,0,0,yolo,139.4,yolo,0,0,0,0.000,0,-1,0
1785622431.997,4.656,-2.133,0.767,0.9960,0,-1.220,0.679,-2.418,0.2296,7.728,0.326,1.200,1.000,2.418,5.877,0.0395,0.1112,-0.003,-0.003,0.088,1.285,1.200,-1.453,0.0049,1.509,nan,0.00,1,1,1,0,1,0.0000,0.416,0,0.145,1,0.884,0,0,yolo,139.4,yolo,0,0,0,0.000,0,-1,0
1785622432.029,4.802,-2.073,1.047,0.9958,0,-1.195,0.690,-2.350,0.2273,7.567,0.311,1.207,1.000,2.350,5.996,0.0679,0.0556,0.036,-0.041,0.194,1.298,1.200,-1.382,0.0049,1.502,nan,0.00,1,1,1,1,1,0.0000,0.414,0,0.142,1,0.882,0,0,yolo,137.0,yolo,0,0,0,0.000,0,-1,0
1785622432.059,4.802,-2.073,1.047,0.9958,0,-0.287,0.579,-2.350,0.2248,7.567,0.311,1.207,1.000,2.350,5.089,0.0763,0.0000,0.036,0.036,0.194,1.298,1.200,-1.494,0.0049,1.502,nan,0.00,1,1,1,0,1,0.0000,0.414,0,0.142,1,0.870,0,0,yolo,137.0,yolo,0,0,0,0.000,0,-1,0
1785622432.090,4.828,-2.018,1.353,0.9958,0,0.442,0.630,-2.350,0.2308,7.567,0.311,1.207,1.000,2.350,4.387,0.1193,0.1273,0.079,0.079,0.322,1.312,1.200,-1.388,0.0049,1.495,nan,0.00,1,1,1,0,1,0.0000,0.414,0,0.142,1,0.870,0,0,yolo,137.0,yolo,0,0,0,0.000,0,-1,0
1785622432.120,4.828,-2.018,1.353,0.9958,0,0.442,0.531,-2.350,0.2308,7.567,0.311,1.207,1.000,2.350,4.387,0.1193,0.1273,0.079,0.079,0.322,1.312,1.200,-1.487,0.0049,1.495,nan,0.00,1,1,1,0,1,0.0000,0.413,0,0.141,1,0.869,0,0,yolo,137.0,yolo,0,0,0,0.000,0,-1,0
1785622432.152,4.767,-1.973,1.625,0.9960,0,-1.058,0.577,-2.702,0.2141,7.773,0.367,1.259,1.000,2.702,9.693,-0.4782,-0.5651,0.116,-0.050,0.437,1.324,1.200,-1.396,0.0049,1.552,nan,0.00,1,1,1,1,1,0.0000,0.413,0,0.141,1,0.869,0,0,yolo,137.4,yolo,0,0,0,0.000,0,-1,0
1785622432.180,4.767,-1.973,1.625,0.9960,0,0.122,0.489,-2.702,0.2233,7.773,0.367,1.259,1.000,2.702,4.645,0.1657,0.0000,0.116,0.116,0.437,1.324,1.200,-1.484,0.0049,1.552,nan,0.00,1,1,1,0,1,0.0000,0.411,0,0.139,1,0.854,0,0,yolo,137.4,yolo,0,0,0,0.000,0,-1,0
1785622432.215,4.905,-1.929,1.917,0.9958,0,0.832,0.530,-2.702,0.2287,7.773,0.367,1.259,1.000,2.702,4.073,0.2014,0.1145,0.152,0.152,0.551,1.335,1.200,-1.400,0.0049,1.546,nan,0.00,1,1,1,0,1,0.0000,0.411,0,0.139,1,0.854,0,0,yolo,137.4,yolo,0,0,0,0.000,0,-1,0
1785622432.245,4.759,-1.887,2.250,0.9960,0,1.265,0.570,-2.702,0.2346,7.773,0.367,1.259,1.000,2.702,3.494,0.2375,0.2419,0.188,0.188,0.678,1.347,1.200,-1.317,0.0049,1.540,nan,0.00,1,1,1,0,1,0.0000,0.416,0,0.145,1,0.836,0,0,yolo,137.4,yolo,0,0,0,0.000,0,-1,0
1785622432.277,4.759,-1.887,2.250,0.9960,0,1.265,0.475,-2.702,0.2346,7.773,0.367,1.259,1.000,2.702,3.494,0.2375,0.2419,0.188,0.188,0.678,1.347,1.200,-1.412,0.0049,1.540,nan,0.00,1,1,1,0,1,0.0000,0.422,0,0.153,1,0.823,0,0,yolo,137.4,yolo,0,0,0,0.000,0,-1,0
1785622432.308,4.605,-1.852,2.551,0.9963,0,-0.235,0.521,-2.847,0.2303,7.413,0.369,1.253,1.000,2.847,7.075,-0.1127,0.1342,0.219,0.053,0.795,1.358,1.200,-1.331,0.0049,1.517,nan,0.00,1,1,1,1,1,0.0000,0.422,0,0.153,1,0.823,0,0,yolo,134.8,yolo,0,0,0,0.000,0,-1,0
1785622432.340,4.605,-1.852,2.551,0.9963,0,0.858,0.439,-2.847,0.2242,7.413,0.369,1.253,1.000,2.847,3.747,0.1668,0.0000,0.219,0.219,0.795,1.358,1.200,-1.413,0.0049,1.517,nan,0.00,1,1,1,0,1,0.0000,0.320,0,0.158,0,0.816,0,0,yolo,134.8,yolo,0,0,0,0.000,0,-1,0
1785622432.371,4.652,-1.811,2.881,0.9962,0,1.474,0.487,-2.847,0.2409,7.413,0.369,1.253,1.000,2.847,3.177,0.2011,0.1142,0.254,0.254,0.909,1.369,1.200,-1.324,0.0049,1.512,nan,0.00,1,1,1,0,1,0.0000,0.320,0,0.158,0,0.816,0,0,yolo,134.8,yolo,0,0,0,0.000,0,-1,0
1785622432.402,4.438,-1.776,3.204,0.9965,0,1.720,0.517,-2.847,0.2576,7.413,0.369,1.253,1.000,2.847,2.718,0.2288,0.2210,0.281,0.281,1.016,1.380,1.200,-1.259,0.0049,1.507,nan,0.00,1,1,1,0,1,0.0000,0.321,0,0.160,0,0.820,0,0,yolo,134.8,yolo,0,0,0,0.000,0,-1,0
1785622432.432,4.438,-1.776,3.204,0.9965,0,2.294,0.429,-2.513,0.2699,7.542,0.331,1.265,1.000,2.513,2.144,0.4403,-0.1311,0.281,0.170,1.016,1.380,1.200,-1.346,0.0049,1.520,nan,0.00,1,1,1,1,1,0.0000,0.321,0,0.160,0,0.820,0,0,yolo,127.7,yolo,0,0,0,0.000,0,-1,0
1785622432.472,4.131,-1.740,3.496,0.9969,0,2.018,0.475,-2.513,0.2698,7.542,0.331,1.265,1.000,2.513,2.113,0.1363,0.0785,0.306,0.306,1.094,1.391,1.200,-1.265,0.0049,1.514,nan,0.00,1,1,1,0,1,0.0000,0.324,0,0.165,0,0.808,2,0,yolo,127.7,yolo,0,0,0,0.000,0,-1,0
1785622432.498,4.131,-1.740,3.496,0.9969,0,2.018,0.398,-2.513,0.2698,7.542,0.331,1.265,1.000,2.513,2.113,0.1363,0.0785,0.306,0.306,1.094,1.391,1.200,-1.343,0.0049,1.514,nan,0.00,1,1,1,0,1,0.0000,0.349,0,0.207,0,0.807,0,0,yolo,127.7,yolo,0,0,0,0.000,0,-1,0
1785622432.527,3.850,-1.693,3.817,0.9973,0,2.138,0.443,-2.513,0.2697,7.542,0.331,1.265,1.000,2.513,1.712,0.1607,0.1376,0.331,0.331,1.153,1.402,1.200,-1.250,0.0049,1.507,nan,0.00,1,1,1,0,1,0.0000,0.349,0,0.207,0,0.807,0,0,yolo,127.7,yolo,0,0,0,0.000,0,-1,0
1785622432.559,3.850,-1.693,3.817,0.9973,0,2.376,0.369,-2.039,0.2697,7.496,0.267,1.250,1.000,2.039,1.474,0.3719,0.1213,0.331,0.154,1.153,1.402,1.200,-1.324,0.0049,1.486,nan,0.00,1,1,1,1,1,0.0000,0.350,0,0.209,0,0.820,0,0,yolo,141.2,yolo,0,0,0,0.000,0,-1,0
1785622432.588,3.570,-1.654,4.112,0.9976,0,3.452,0.410,-2.039,0.2696,7.496,0.267,1.250,1.000,2.039,0.118,0.1954,0.0325,0.349,0.349,1.186,1.411,1.200,-1.244,0.0049,1.481,nan,0.00,1,1,1,0,1,0.0000,0.350,0,0.209,0,0.820,0,0,yolo,141.2,yolo,0,0,0,0.000,0,-1,0
1785622432.630,3.100,-1.614,4.346,0.9981,0,3.170,0.426,-2.039,0.2694,7.496,0.267,1.250,1.000,2.039,-0.070,0.2068,0.0430,0.361,0.361,1.196,1.421,1.200,-1.188,0.0049,1.474,nan,0.00,1,1,1,0,1,0.0000,0.582,0,0.207,1,0.851,0,0,yolo,141.2,yolo,0,0,0,0.000,0,-1,0
1785622432.668,3.100,-1.614,4.346,0.9981,0,3.170,0.348,-2.039,0.2694,7.496,0.267,1.250,1.000,2.039,-0.070,0.2068,0.0430,0.361,0.361,1.196,1.421,1.200,-1.266,0.0049,1.474,nan,0.00,1,1,1,0,1,0.0000,0.582,0,0.207,1,0.851,0,0,yolo,141.2,yolo,0,0,0,0.000,0,-1,0
1785622432.700,2.582,-1.570,4.650,0.9986,0,2.796,0.404,-2.039,0.2693,7.496,0.267,1.250,1.000,2.039,-0.214,0.2155,0.0330,0.370,0.370,1.186,1.432,1.200,-1.166,0.0049,1.466,nan,0.00,1,1,1,0,1,0.0000,0.348,0,0.205,0,0.853,0,0,yolo,141.2,yolo,0,0,0,0.000,0,-1,0
1785622432.746,2.206,-1.524,4.900,0.9989,0,4.284,0.401,-1.277,0.2692,7.433,0.166,1.195,1.000,1.277,-2.078,0.5933,0.4126,0.374,0.199,1.173,1.441,1.200,-1.123,0.0049,1.397,nan,0.00,1,1,1,1,1,0.0000,0.348,0,0.205,0,0.853,0,0,yolo,151.2,yolo,0,0,0,0.000,0,-1,0
1785622432.776,2.206,-1.524,4.900,0.9989,0,4.208,0.319,-1.277,0.2692,7.433,0.166,1.195,1.000,1.277,-2.002,0.1746,0.0000,0.374,0.374,1.173,1.441,1.200,-1.205,0.0049,1.397,nan,0.00,1,1,1,0,1,0.0000,0.348,0,0.205,0,0.853,0,0,yolo,151.2,yolo,0,0,0,0.000,0,-1,0
1785622432.807,1.609,-1.487,5.045,0.9993,0,3.555,0.335,-1.277,0.2691,7.433,0.166,1.195,1.000,1.277,-1.946,0.1712,-0.0146,0.370,0.370,1.158,1.450,1.200,-1.151,0.0049,1.391,nan,0.00,1,1,1,0,1,0.0000,0.347,0,0.203,0,0.858,0,0,yolo,151.2,yolo,0,0,0,0.000,0,-1,0
1785622432.836,1.609,-1.487,5.045,0.9993,0,3.555,0.268,-1.277,0.2691,7.433,0.166,1.195,1.000,1.277,-1.946,0.1712,-0.0146,0.370,0.370,1.158,1.450,1.200,-1.219,0.0049,1.391,nan,0.00,1,1,1,0,1,0.0000,0.462,0,0.202,0,0.856,0,0,yolo,151.2,yolo,0,0,0,0.000,0,-1,0
1785622432.862,1.045,-1.446,5.229,0.9995,0,5.055,0.309,-0.273,0.2858,7.077,0.034,1.086,1.000,0.273,-9.613,1.2396,1.2617,0.362,0.338,1.141,1.459,1.200,-1.138,0.0049,1.265,nan,0.00,1,1,1,1,1,0.0000,0.462,0,0.202,0,0.856,0,0,yolo,149.3,yolo,0,0,0,0.000,0,-1,0
1785622432.904,1.045,-1.446,5.229,0.9995,0,4.878,0.245,-0.273,0.2691,7.077,0.034,1.086,1.000,0.273,-3.833,0.0244,0.0000,0.362,0.362,1.141,1.459,1.200,-1.202,0.0049,1.265,nan,0.00,1,1,1,0,1,0.0000,0.418,0,0.147,1,0.864,0,0,yolo,149.3,yolo,0,0,0,0.000,0,-1,0
1785622432.932,0.345,-1.413,5.249,0.9997,0,3.919,0.263,-0.273,0.2690,7.077,0.034,1.086,1.000,0.273,-3.575,0.0093,-0.0146,0.347,0.347,1.126,1.467,1.200,-1.150,0.0049,1.261,nan,0.00,1,1,1,0,1,0.0000,0.418,0,0.147,1,0.864,0,0,yolo,149.3,yolo,0,0,0,0.000,0,-1,0
1785622432.971,0.345,-1.413,5.249,0.9997,0,3.919,0.208,-0.273,0.2690,7.077,0.034,1.086,1.000,0.273,-3.575,0.0093,-0.0146,0.347,0.347,1.126,1.467,1.200,-1.205,0.0049,1.261,nan,0.00,1,1,1,0,1,0.0000,0.577,0,0.202,1,0.845,0,0,yolo,149.3,yolo,0,0,0,0.000,0,-1,0
1785622433.010,-0.153,-1.376,5.271,0.9997,0,5.419,-0.075,0.755,0.2785,7.066,-0.093,0.962,1.000,-0.755,-11.544,0.9514,0.9662,0.331,0.403,1.113,1.473,1.318,-1.451,0.0049,1.132,nan,0.00,1,1,1,1,1,0.0000,0.577,0,0.202,1,0.845,0,0,yolo,142.7,yolo,0,0,0,0.000,0,-1,0
1785622433.041,-0.921,-1.393,5.171,0.9996,0,4.189,-0.001,0.755,0.2690,7.066,-0.093,0.962,1.000,-0.755,-5.110,-0.0978,-0.0180,0.305,0.305,1.095,1.481,1.315,-1.394,0.0049,1.135,nan,0.00,1,1,1,0,1,0.0000,0.422,0,0.152,1,0.860,0,0,yolo,142.7,yolo,0,0,0,0.000,0,-1,0
1785622433.071,-0.921,-1.393,5.171,0.9996,0,4.189,-0.059,0.755,0.2690,7.066,-0.093,0.962,1.000,-0.755,-5.110,-0.0978,-0.0180,0.305,0.305,1.095,1.481,1.315,-1.452,0.0049,1.135,nan,0.00,1,1,1,0,1,0.0000,0.422,0,0.152,1,0.860,0,0,yolo,142.7,yolo,0,0,0,0.000,0,-1,0
1785622433.101,-1.496,-1.400,5.066,0.9994,0,3.127,0.014,0.755,0.2691,7.066,-0.093,0.962,1.000,-0.755,-4.623,-0.1263,-0.0341,0.277,0.277,1.079,1.488,1.313,-1.385,0.0049,1.137,nan,0.00,1,1,1,0,1,0.0000,0.421,0,0.151,1,0.842,0,0,yolo,142.7,yolo,0,0,0,0.000,0,-1,0
1785622433.132,-1.496,-1.400,5.066,0.9994,0,3.127,-0.039,0.755,0.2691,7.066,-0.093,0.962,1.000,-0.755,-4.623,-0.1263,-0.0341,0.277,0.277,1.079,1.488,1.313,-1.439,0.0049,1.137,nan,0.00,1,1,1,0,1,0.0000,0.421,0,0.151,1,0.842,0,0,yolo,142.7,yolo,0,0,0,0.000,0,-1,0
1785622433.178,-1.954,-1.406,4.972,0.9991,0,4.627,-0.259,1.743,0.2711,6.729,-0.205,0.845,1.000,-1.743,-12.603,0.6962,0.7198,0.245,0.374,1.064,1.497,1.433,-1.665,0.0049,1.017,nan,0.00,1,1,1,1,1,0.0000,0.421,0,0.151,1,0.842,0,0,yolo,145.5,yolo,0,0,0,0.000,0,-1,0
1785622433.209,-2.720,-1.461,4.684,0.9985,0,3.350,-0.106,1.743,0.2693,6.729,-0.205,0.845,1.000,-1.743,-6.070,-0.1721,-0.0167,0.202,0.202,1.048,1.506,1.425,-1.567,0.0049,1.025,nan,0.00,1,1,1,0,1,0.0000,0.416,0,0.145,1,0.815,0,0,yolo,145.5,yolo,0,0,0,0.000,0,-1,0
1785622433.240,-2.720,-1.461,4.684,0.9985,0,3.350,-0.175,1.743,0.2693,6.729,-0.205,0.845,1.000,-1.743,-6.070,-0.1721,-0.0167,0.202,0.202,1.048,1.506,1.425,-1.635,0.0049,1.025,nan,0.00,1,1,1,0,1,0.0000,0.416,0,0.145,1,0.815,0,0,yolo,145.5,yolo,0,0,0,0.000,0,-1,0
1785622433.272,-3.137,-1.491,4.481,0.9982,0,2.296,-0.070,1.743,0.2694,6.729,-0.205,0.845,1.000,-1.743,-5.433,-0.2080,-0.0297,0.166,0.166,1.035,1.515,1.420,-1.561,0.0049,1.030,nan,0.00,1,1,1,0,1,0.0000,0.563,0,0.188,1,0.788,0,0,yolo,145.5,yolo,0,0,0,0.000,0,-1,0
1785622433.303,-3.137,-1.491,4.481,0.9982,0,3.796,-0.516,2.948,0.2861,6.427,-0.331,0.692,1.000,-2.948,-14.000,1.0139,1.1538,0.166,0.379,1.035,1.515,1.574,-2.006,0.0048,0.876,nan,0.00,1,1,1,1,1,0.0000,0.563,0,0.188,1,0.788,0,0,yolo,142.8,yolo,0,0,0,0.000,0,-1,0
1785622433.353,-3.617,-1.578,4.160,0.9976,0,4.248,-0.316,2.948,0.2694,6.427,-0.331,0.692,1.000,-2.948,-7.865,-0.2490,-0.0148,0.130,0.130,1.020,1.524,1.562,-1.895,0.0048,0.888,nan,0.00,1,1,1,0,1,0.0000,0.417,0,0.146,1,0.773,0,0,yolo,142.8,yolo,0,0,0,0.000,0,-1,0
1785622433.389,-4.159,-1.636,3.805,0.9970,0,2.948,-0.167,2.948,0.2695,6.427,-0.331,0.692,1.000,-2.948,-7.107,-0.2903,-0.0291,0.089,0.089,1.005,1.534,1.552,-1.803,0.0047,0.898,nan,0.00,1,1,1,0,1,0.0000,0.552,0,0.177,1,0.747,0,0,yolo,142.8,yolo,0,0,0,0.000,0,-1,0
1785622433.415,-4.159,-1.636,3.805,0.9970,0,2.948,-0.240,2.948,0.2694,6.427,-0.331,0.692,1.000,-2.948,-7.107,-0.2903,-0.0291,0.089,0.089,1.005,1.534,1.552,-1.876,0.0046,0.898,nan,0.00,1,1,1,0,1,0.0000,0.552,0,0.177,1,0.747,0,0,yolo,142.8,yolo,0,0,0,0.000,0,-1,0
1785622433.446,-4.526,-1.682,3.467,0.9965,0,4.448,-0.439,3.747,0.2828,6.143,-0.402,0.553,1.000,-3.747,-14.000,0.5135,0.8049,0.046,0.269,0.992,1.544,1.687,-2.121,0.0045,0.763,nan,0.00,1,1,1,1,1,0.0000,0.552,0,0.177,1,0.747,0,0,yolo,143.2,yolo,0,0,0,0.000,0,-1,0
1785622433.473,-4.526,-1.682,3.467,0.9965,0,4.357,-0.510,3.747,0.2694,6.143,-0.402,0.553,1.000,-3.747,-8.883,-0.2236,0.0000,0.046,0.046,0.992,1.544,1.687,-2.192,0.0044,0.763,nan,0.00,1,1,1,0,1,0.0000,0.552,0,0.177,1,0.747,0,0,yolo,143.2,yolo,0,0,0,0.000,0,-1,0
1785622433.503,-5.164,-1.799,2.976,0.9955,0,2.857,-0.219,3.747,0.2696,6.143,-0.402,0.553,1.000,-3.747,-7.880,-0.2765,-0.0135,-0.007,-0.007,0.979,1.558,1.670,-2.018,0.0043,0.780,nan,0.00,1,1,1,0,1,0.0000,0.552,0,0.177,1,0.757,0,0,yolo,143.2,yolo,0,0,0,0.000,0,-1,0
1785622433.535,-5.164,-1.799,2.976,0.9955,0,2.717,-0.298,3.747,0.2695,6.143,-0.402,0.553,1.000,-3.747,-7.880,-0.2765,-0.0135,-0.007,-0.007,0.979,1.558,1.670,-2.097,0.0043,0.780,nan,0.00,1,1,1,0,1,0.0000,0.552,0,0.177,1,0.757,0,0,yolo,143.2,yolo,0,0,0,0.000,0,-1,0
1785622433.572,-5.543,-1.871,2.491,0.9948,0,1.324,-0.066,3.747,0.2696,6.143,-0.402,0.553,1.000,-3.747,-6.866,-0.3301,-0.0255,-0.061,-0.061,0.967,1.572,1.660,-1.937,0.0042,0.790,nan,0.00,1,1,1,0,1,0.0000,0.546,0,0.171,1,0.763,0,0,yolo,143.2,yolo,0,0,0,0.000,0,-1,0
1785622433.600,-5.543,-1.871,2.491,0.9948,0,2.824,-0.555,4.530,0.2863,5.936,-0.470,0.391,0.989,-4.531,-14.000,0.4873,0.9683,-0.061,0.178,0.967,1.572,1.822,-2.426,0.0041,0.628,nan,0.00,1,1,1,1,1,0.0000,0.546,0,0.171,1,0.763,0,0,yolo,159.8,yolo,0,0,0,0.000,0,-1,0
1785622433.655,-5.737,-1.934,1.960,0.9944,0,2.324,-0.311,4.526,0.2696,5.936,-0.470,0.391,0.989,-4.531,-8.061,-0.2958,-0.0034,-0.118,-0.118,0.963,1.589,1.814,-2.245,0.0041,0.636,nan,0.00,1,1,1,0,1,0.0000,0.398,0,0.122,1,0.731,0,0,yolo,159.8,yolo,0,0,0,0.000,0,-1,0
1785622433.695,-6.076,-2.043,1.368,0.9937,0,0.966,-0.033,4.522,0.2697,5.936,-0.470,0.391,0.989,-4.531,-7.042,-0.3488,-0.0094,-0.171,-0.171,0.957,1.606,1.800,-2.076,0.0040,0.650,nan,0.00,1,1,1,0,1,0.0000,0.398,0,0.122,1,0.731,1,0,yolo,159.8,yolo,0,0,0,0.000,0,-1,0
1785622433.736,-6.184,-2.107,0.781,0.9935,0,2.466,-0.293,4.924,0.2863,5.782,-0.504,0.209,0.964,-4.983,-14.000,0.4560,1.7567,-0.222,0.053,0.948,1.624,1.975,-2.400,0.0039,0.475,nan,0.00,1,1,1,1,1,0.0000,0.391,0,0.114,1,0.703,0,0,yolo,139.8,yolo,0,0,0,0.000,0,-1,0
1785622433.767,-6.184,-2.107,0.781,0.9935,0,1.325,-0.393,4.913,0.2697,5.782,-0.504,0.209,0.964,-4.983,-7.509,-0.2755,0.0000,-0.222,-0.222,0.948,1.624,1.975,-2.500,0.0039,0.475,nan,0.00,1,1,1,0,1,0.0000,0.487,0,0.112,2,0.669,0,0,yolo,139.8,yolo,0,0,0,0.000,0,-1,0
1785622433.803,-6.357,-2.230,0.202,0.9931,0,0.244,-0.127,3.413,0.2697,5.782,-0.504,0.209,0.964,-4.983,-6.601,-0.3230,-0.0080,-0.270,-0.270,0.940,1.643,1.962,-2.357,0.0038,0.488,nan,8.00,1,1,1,0,1,0.5259,0.667,1,0.354,2,0.020,0,0,yolo,139.8,yolo,0,0,0,0.000,0,-1,0
1785622433.829,-6.357,-2.230,0.202,0.9931,0,0.244,-0.259,1.913,0.2697,5.782,-0.504,0.209,0.964,-4.983,-6.601,-0.3230,-0.0080,-0.270,-0.270,0.940,1.643,1.962,-2.489,0.0038,0.488,nan,8.00,1,1,1,0,1,0.5259,0.667,1,0.354,2,0.020,0,0,yolo,139.8,yolo,0,0,0,0.000,0,-1,0
1785622433.868,-6.366,-2.284,-0.185,0.9930,0,-0.720,-0.039,0.413,0.2696,5.782,-0.504,0.209,0.964,-4.983,-5.647,-0.3730,-0.0181,-0.320,-0.320,0.930,1.661,1.956,-2.323,0.0037,0.494,nan,8.00,1,1,1,0,1,0.5259,0.667,1,0.354,2,0.020,2,0,yolo,139.8,yolo,0,0,0,0.000,0,-1,0
1785622433.909,-6.275,-2.290,-0.188,0.9932,0,-2.220,-0.210,1.913,0.2766,4.989,-0.387,-0.478,0.831,-4.438,-3.849,-0.0000,-0.0000,-0.376,-0.376,0.919,1.677,2.198,-2.500,0.0038,-0.233,nan,0.00,1,1,1,1,1,0.4675,0.643,1,0.513,2,-0.084,0,0,yolo,139.8,yolo,0,0,0,0.000,0,-1,0
1785622433.937,-6.275,-2.290,-0.188,0.9932,0,-2.426,-0.210,3.413,0.2767,4.989,-0.387,-0.478,0.831,-4.438,-3.849,0.0000,0.0000,-0.376,-0.376,0.919,1.677,2.198,-2.500,0.0038,-0.233,nan,0.00,1,1,1,0,1,0.4675,0.643,1,0.513,2,-0.084,0,0,yolo,139.8,yolo,0,0,0,0.000,0,-1,0
1785622433.975,-5.953,-2.348,-0.432,0.9938,0,-2.967,-0.152,4.161,0.2757,4.989,-0.387,-0.478,0.831,-4.438,-2.986,-0.0467,-0.0156,-0.423,-0.423,0.903,1.697,2.198,-2.500,0.0038,-0.230,nan,0.00,1,1,1,0,1,0.4066,0.643,1,0.513,2,-0.084,2,0,yolo,139.8,yolo,0,0,0,0.000,0,-1,0
1785622434.026,-5.530,-2.425,-1.013,0.9945,0,-1.467,-0.075,3.846,0.2729,5.067,-0.368,-0.474,0.845,-4.159,-5.571,-0.1850,-0.0681,-0.453,-0.170,0.884,1.720,2.200,-2.500,0.0038,-0.221,nan,0.00,1,1,1,1,1,0.0000,0.850,0,0.678,7,-0.139,0,0,yolo,136.3,yolo,0,0,0,0.000,0,-1,0
1785622434.062,-5.530,-2.425,-1.013,0.9945,0,-2.967,-0.075,3.771,0.2760,5.067,-0.368,-0.474,0.845,-4.159,-1.112,-0.2828,0.0000,-0.453,-0.453,0.884,1.720,2.200,-2.500,0.0039,-0.221,nan,0.00,1,1,1,0,1,0.0000,0.850,0,0.678,7,-0.139,0,0,yolo,136.3,yolo,0,0,0,0.000,0,-1,0
1785622434.099,-5.302,-2.487,-1.538,0.9948,0,-4.467,-0.013,3.715,0.2747,5.067,-0.368,-0.474,0.845,-4.159,-0.375,-0.3226,-0.0243,-0.493,-0.493,0.859,1.746,2.200,-2.500,0.0039,-0.217,nan,0.00,1,1,1,0,1,0.0000,0.850,0,0.678,7,-0.139,1,0,yolo,136.3,yolo,0,0,0,0.000,0,-1,0
1785622434.146,-5.084,-2.537,-1.986,0.9951,0,-5.306,0.101,5.215,0.2736,5.067,-0.368,-0.474,0.845,-4.159,0.221,-0.3547,-0.0463,-0.525,-0.525,0.837,1.769,2.200,-2.437,0.0039,-0.214,nan,-8.00,1,1,1,0,1,-0.5994,0.900,1,0.675,8,-0.232,2,0,yolo,136.3,yolo,0,0,0,0.000,0,-1,0
1785622434.179,-5.084,-2.537,-1.986,0.9951,0,-3.806,0.037,6.715,0.2903,5.052,-0.311,-0.523,0.842,-3.522,-1.752,-0.5618,0.5500,-0.525,-0.231,0.837,1.769,2.181,-2.500,0.0039,-0.269,nan,-8.00,1,1,1,1,1,-0.6030,0.950,1,0.673,9,-0.058,0,0,yolo,143.4,yolo,0,0,0,0.000,0,-1,0
1785622434.202,-4.380,-2.574,-2.616,0.9961,0,-5.306,0.176,8.215,0.2761,5.052,-0.311,-0.523,0.842,-3.522,1.505,-0.3034,-0.0229,-0.534,-0.534,0.814,1.793,2.180,-2.398,0.0040,-0.270,nan,-8.00,1,1,1,0,1,-0.6056,0.950,1,0.673,9,-0.058,0,0,yolo,143.4,yolo,0,0,0,0.000,0,-1,0
1785622434.242,-3.709,-2.617,-3.565,0.9969,0,-5.053,0.388,6.715,0.2750,5.052,-0.311,-0.523,0.842,-3.522,1.344,-0.2947,-0.0446,-0.525,-0.525,0.793,1.818,2.179,-2.229,0.0040,-0.271,nan,0.00,1,1,1,0,1,0.0000,1.000,0,0.663,10,-0.155,0,0,yolo,143.4,yolo,0,0,0,0.000,0,-1,0
1785622434.280,-3.071,-2.616,-4.323,0.9975,0,-4.262,0.506,5.215,0.2738,5.052,-0.311,-0.523,0.842,-3.522,1.191,-0.2864,-0.0691,-0.517,-0.517,0.768,1.842,2.176,-2.110,0.0040,-0.274,nan,0.00,1,1,1,0,1,0.0000,0.950,0,0.664,9,-0.111,0,0,yolo,143.4,yolo,0,0,0,0.000,0,-1,0
1785622434.323,-3.071,-2.616,-4.323,0.9975,0,-2.781,0.488,3.715,0.2905,4.955,-0.251,-0.587,0.826,-2.902,-0.290,-0.3217,0.4266,-0.517,-0.306,0.768,1.842,2.096,-2.129,0.0040,-0.346,nan,0.00,1,1,1,1,1,-0.3585,0.950,1,0.658,9,-0.212,0,0,yolo,138.6,yolo,0,0,0,0.000,0,-1,0
1785622434.357,-2.522,-2.579,-4.858,0.9980,0,-4.281,0.598,2.542,0.2780,4.955,-0.251,-0.587,0.826,-2.902,2.192,-0.2064,-0.0267,-0.512,-0.512,0.741,1.863,2.090,-1.981,0.0041,-0.351,nan,0.00,1,1,1,0,1,-0.3585,0.950,1,0.658,9,-0.212,0,0,yolo,138.6,yolo,0,0,0,0.000,0,-1,0
1785622434.394,-1.968,-2.518,-5.125,0.9984,0,-4.130,0.622,2.602,0.2769,4.955,-0.251,-0.587,0.826,-2.902,2.162,-0.2049,-0.0547,-0.510,-0.510,0.713,1.881,2.082,-1.896,0.0041,-0.359,nan,0.00,1,1,1,0,1,-0.3585,0.950,1,0.658,9,-0.212,2,0,yolo,138.6,yolo,0,0,0,0.000,0,-1,0
1785622434.441,-1.968,-2.518,-5.125,0.9984,0,-4.575,0.693,1.831,0.2935,4.840,-0.174,-0.663,0.807,-2.064,2.607,-0.5309,0.6290,-0.510,-0.323,0.713,1.881,1.981,-1.824,0.0042,-0.443,nan,0.00,1,1,1,1,1,0.0000,0.450,0,0.662,8,-0.291,2,0,yolo,149.7,yolo,0,0,0,0.000,0,-1,0
1785622434.490,-1.424,-2.447,-5.402,0.9988,0,-5.213,0.750,1.785,0.2807,4.840,-0.174,-0.663,0.807,-2.064,3.790,-0.1811,-0.0311,-0.504,-0.504,0.682,1.899,1.973,-1.696,0.0042,-0.451,nan,0.00,1,1,1,0,1,0.0000,0.944,0,0.606,8,-0.245,1,0,yolo,149.7,yolo,0,0,0,0.000,0,-1,0
1785622434.533,-0.820,-2.365,-5.623,0.9990,0,-4.420,0.757,1.751,0.2792,4.840,-0.174,-0.663,0.807,-2.064,3.600,-0.1707,-0.0697,-0.494,-0.494,0.644,1.915,1.965,-1.608,0.0043,-0.460,nan,0.00,1,1,1,0,1,0.0000,0.944,0,0.606,8,-0.245,1,0,yolo,149.7,yolo,0,0,0,0.000,0,-1,0
1785622434.573,-0.175,-2.258,-5.834,0.9992,0,-3.474,0.743,1.725,0.2775,4.840,-0.174,-0.663,0.807,-2.064,3.299,-0.1543,-0.1137,-0.478,-0.478,0.600,1.932,1.954,-1.515,0.0043,-0.471,nan,0.00,1,1,1,0,1,0.0000,0.944,0,0.607,8,-0.177,0,0,yolo,149.7,yolo,0,0,0,0.000,0,-1,0
1785622434.606,0.312,-2.156,-6.055,0.9993,0,-4.974,1.045,0.225,0.2942,4.627,-0.052,-0.767,0.771,-0.648,12.505,-1.7152,1.8279,-0.458,-0.499,0.557,1.947,1.808,-1.111,0.0044,-0.593,nan,0.00,1,1,1,1,1,0.0000,0.944,0,0.607,8,-0.177,0,0,yolo,148.1,yolo,0,0,0,0.000,0,-1,0
1785622434.641,0.312,-2.156,-6.055,0.9993,0,-4.836,0.883,-0.935,0.2864,4.627,-0.052,-0.767,0.771,-0.648,5.149,0.0409,0.0000,-0.458,-0.458,0.557,1.947,1.808,-1.273,0.0044,-0.593,nan,0.00,1,1,1,0,1,0.0000,0.889,0,0.606,7,0.052,0,0,yolo,148.1,yolo,0,0,0,0.000,0,-1,0
1785622434.682,1.005,-2.037,-5.891,0.9992,0,-3.869,0.813,-1.419,0.2847,4.627,-0.052,-0.767,0.771,-0.648,4.874,0.0560,-0.0469,-0.443,-0.443,0.510,1.958,1.799,-1.224,0.0045,-0.603,nan,0.00,1,1,1,0,1,0.0000,0.889,0,0.606,7,0.052,0,0,yolo,148.1,yolo,0,0,0,0.000,0,-1,0
1785622434.724,1.005,-2.037,-5.891,0.9992,0,-3.869,0.699,-1.782,0.2848,4.627,-0.052,-0.767,0.771,-0.648,4.874,0.0560,-0.0469,-0.443,-0.443,0.510,1.958,1.799,-1.337,0.0045,-0.603,nan,0.00,1,1,1,0,1,-0.5071,0.889,1,0.600,7,0.033,0,0,yolo,148.1,yolo,0,0,0,0.000,0,-1,0
1785622434.758,1.489,-1.937,-5.695,0.9991,0,-5.369,0.894,-2.840,0.3014,4.483,0.042,-0.851,0.747,0.535,9.951,-0.5551,0.5640,-0.427,-0.481,0.461,1.966,1.696,-1.043,0.0046,-0.697,nan,0.00,1,1,1,1,1,-0.5071,0.889,1,0.600,7,0.033,0,0,yolo,137.9,yolo,0,0,0,0.000,0,-1,0
1785622434.794,2.456,-1.794,-5.177,0.9986,0,-3.946,0.800,-2.780,0.2868,4.483,0.042,-0.851,0.747,0.535,6.402,0.0820,-0.0774,-0.399,-0.399,0.384,1.975,1.687,-0.994,0.0047,-0.707,nan,0.00,1,1,1,0,1,-0.5071,0.889,1,0.600,7,0.033,3,0,yolo,137.9,yolo,0,0,0,0.000,0,-1,0
1785622434.843,2.456,-1.794,-5.177,0.9986,0,-3.946,0.714,-2.735,0.2869,4.483,0.042,-0.851,0.747,0.535,6.402,0.0820,-0.0774,-0.399,-0.399,0.384,1.975,1.687,-1.080,0.0048,-0.707,nan,0.00,1,1,1,0,1,-0.4872,0.929,1,0.607,6,-0.041,1,0,yolo,137.9,yolo,0,0,0,0.000,0,-1,0
1785622434.875,2.972,-1.702,-4.835,0.9982,0,-5.446,0.948,-3.861,0.3036,4.200,0.141,-0.949,0.700,1.923,11.417,-0.5090,0.5405,-0.373,-0.440,0.321,1.981,1.565,-0.753,0.0048,-0.815,nan,0.00,1,1,1,1,1,-0.4723,0.929,1,0.607,6,-0.041,2,0,yolo,139.1,yolo,0,0,0,0.000,0,-1,0
1785622434.904,3.662,-1.609,-4.405,0.9976,0,-4.351,0.856,-3.668,0.2910,4.200,0.141,-0.949,0.700,1.923,8.014,0.0915,-0.0716,-0.348,-0.348,0.250,1.985,1.561,-0.753,0.0049,-0.820,nan,0.00,1,1,1,0,1,-0.4503,0.812,1,0.590,5,-0.078,0,0,yolo,139.1,yolo,0,0,0,0.000,0,-1,0
1785622434.929,3.662,-1.609,-4.405,0.9976,0,-4.351,0.799,-3.524,0.2911,4.200,0.141,-0.949,0.700,1.923,8.014,0.0915,-0.0716,-0.348,-0.348,0.250,1.985,1.561,-0.809,0.0050,-0.820,nan,0.00,1,1,1,0,1,-0.4338,0.812,1,0.590,5,-0.078,0,0,yolo,139.1,yolo,0,0,0,0.000,0,-1,0
1785622434.968,4.149,-1.543,-4.004,0.9970,0,-3.374,0.752,-3.416,0.2882,4.200,0.141,-0.949,0.700,1.923,7.524,0.1192,-0.1438,-0.320,-0.320,0.177,1.989,1.559,-0.791,0.0051,-0.823,nan,0.00,1,1,1,0,1,0.0000,0.938,0,0.585,7,-0.132,0,0,yolo,139.1,yolo,0,0,0,0.000,0,-1,0
1785622435.006,4.534,-1.481,-3.653,0.9965,0,-4.874,0.853,-4.286,0.3048,4.100,0.213,-1.012,0.683,2.978,13.565,-0.7544,0.6308,-0.289,-0.415,0.107,1.993,1.498,-0.628,0.0052,-0.886,nan,0.00,1,1,1,1,1,0.0000,0.938,0,0.585,7,-0.132,0,0,yolo,139.5,yolo,0,0,0,0.000,0,-1,0
1785622435.052,5.169,-1.414,-3.159,0.9956,0,-3.374,0.794,-4.336,0.2938,4.100,0.213,-1.012,0.683,2.978,8.193,0.1588,-0.0749,-0.256,-0.256,0.032,1.996,1.497,-0.620,0.0053,-0.888,nan,0.00,1,1,1,0,1,0.0000,0.875,0,0.583,6,-0.149,0,0,yolo,139.5,yolo,0,0,0,0.000,0,-1,0
1785622435.083,5.169,-1.414,-3.159,0.9956,0,-3.025,0.754,-4.373,0.2939,4.100,0.213,-1.012,0.683,2.978,8.193,0.1588,-0.0749,-0.256,-0.256,0.032,1.996,1.497,-0.660,0.0053,-0.888,nan,0.00,1,1,1,0,1,0.0000,0.875,0,0.583,6,-0.160,0,0,yolo,139.5,yolo,0,0,0,0.000,0,-1,0
1785622435.121,5.506,-1.369,-2.645,0.9951,0,-2.074,0.729,-4.402,0.2904,4.100,0.213,-1.012,0.683,2.978,7.580,0.1935,-0.1574,-0.221,-0.221,-0.050,1.999,1.496,-0.640,0.0054,-0.889,nan,0.00,1,1,1,0,1,-0.2034,0.833,1,0.582,6,0.066,0,0,yolo,139.5,yolo,0,0,0,0.000,0,-1,0
1785622435.150,5.732,-1.329,-2.201,0.9947,0,-3.574,0.835,-4.720,0.3071,3.955,0.241,-1.064,0.659,3.493,10.637,-0.2137,0.3220,-0.189,-0.294,-0.116,2.003,1.443,-0.494,0.0055,-0.943,nan,0.00,1,1,1,1,1,-0.2034,0.833,1,0.582,6,0.066,0,0,yolo,137.3,yolo,0,0,0,0.000,0,-1,0
1785622435.201,6.147,-1.284,-1.732,0.9940,0,-2.074,0.801,-4.622,0.2965,3.955,0.241,-1.064,0.659,3.493,7.525,0.1377,-0.0703,-0.156,-0.156,-0.186,2.006,1.443,-0.483,0.0056,-0.943,nan,0.00,1,1,1,0,1,-0.1980,0.833,1,0.582,6,0.087,0,0,yolo,137.3,yolo,0,0,0,0.000,0,-1,0
1785622435.239,6.356,-1.245,-1.235,0.9936,0,-0.574,0.778,-4.548,0.2931,3.955,0.241,-1.064,0.659,3.493,6.886,0.1742,-0.1527,-0.119,-0.119,-0.269,2.009,1.441,-0.468,0.0057,-0.945,nan,0.00,1,1,1,0,1,-0.2005,0.778,1,0.582,5,0.070,0,0,yolo,137.3,yolo,0,0,0,0.000,0,-1,0
1785622435.278,6.356,-1.245,-1.235,0.9936,0,-0.530,0.744,-4.493,0.2932,3.955,0.241,-1.064,0.659,3.493,6.886,0.1742,-0.1527,-0.119,-0.119,-0.269,2.009,1.441,-0.502,0.0058,-0.945,nan,0.00,1,1,1,0,1,-0.2037,0.778,1,0.584,5,-0.149,0,0,yolo,137.3,yolo,0,0,0,0.000,0,-1,0
1785622435.317,6.409,-1.207,-0.752,0.9935,0,-1.442,0.828,-4.475,0.3098,3.799,0.233,-1.096,0.633,3.512,7.850,-0.0073,0.2312,-0.082,-0.159,-0.344,2.013,1.403,-0.379,0.0059,-0.983,nan,0.00,1,1,1,1,1,-0.2047,0.778,1,0.583,5,-0.130,0,0,yolo,140.9,yolo,0,0,0,0.000,0,-1,0
1785622435.352,6.613,-1.158,-0.237,0.9931,0,0.058,0.809,-4.395,0.2977,3.799,0.233,-1.096,0.633,3.512,5.757,0.1189,-0.0879,-0.040,-0.040,-0.432,2.017,1.401,-0.350,0.0060,-0.985,nan,0.00,1,1,1,0,1,-0.2047,0.778,1,0.583,5,-0.130,2,0,yolo,140.9,yolo,0,0,0,0.000,0,-1,0
1785622435.377,6.613,-1.158,-0.237,0.9931,0,0.856,0.775,-4.335,0.2978,3.799,0.233,-1.096,0.633,3.512,5.757,0.1189,-0.0879,-0.040,-0.040,-0.432,2.017,1.401,-0.383,0.0061,-0.985,nan,0.00,1,1,1,0,1,-0.2063,0.778,1,0.586,5,-0.137,0,0,yolo,140.9,yolo,0,0,0,0.000,0,-1,0
1785622435.409,6.470,-1.118,0.252,0.9934,0,1.440,0.774,-4.290,0.2937,3.799,0.233,-1.096,0.633,3.512,5.030,0.1606,-0.1798,0.001,0.001,-0.524,2.021,1.398,-0.345,0.0062,-0.989,nan,0.00,1,1,1,0,1,-0.2074,0.778,1,0.586,5,-0.137,0,0,yolo,140.9,yolo,0,0,0,0.000,0,-1,0
1785622435.463,6.302,-1.076,0.724,0.9938,0,1.959,0.765,-4.257,0.2902,3.799,0.233,-1.096,0.633,3.512,4.343,0.2000,-0.2600,0.041,0.041,-0.604,2.025,1.396,-0.311,0.0063,-0.993,nan,0.00,1,1,1,0,1,-0.1284,0.389,1,0.588,5,-0.002,2,0,yolo,140.9,yolo,0,0,0,0.000,0,-1,0
1785622435.489,6.302,-1.076,0.724,0.9938,0,1.959,0.731,-4.232,0.2903,3.799,0.233,-1.096,0.633,3.512,4.343,0.2000,-0.2600,0.041,0.041,-0.604,2.025,1.396,-0.345,0.0064,-0.993,nan,0.00,1,1,1,0,1,-0.0505,0.778,1,0.594,5,0.069,0,0,yolo,140.9,yolo,0,0,0,0.000,0,-1,0
1785622435.519,6.044,-1.029,1.237,0.9943,0,2.415,0.731,-4.213,0.2868,3.799,0.233,-1.096,0.633,3.512,3.629,0.2410,-0.3382,0.082,0.082,-0.682,2.030,1.392,-0.298,0.0065,-0.997,nan,0.00,1,1,1,0,1,0.0161,0.889,1,0.598,7,-0.090,0,0,yolo,140.9,yolo,0,0,0,0.000,0,-1,0
1785622435.550,5.761,-0.989,1.687,0.9948,0,2.246,0.755,-3.376,0.3032,3.558,0.163,-1.085,0.593,2.616,3.516,0.2780,0.0239,0.116,-0.032,-0.747,2.034,1.376,-0.234,0.0065,-1.002,nan,0.00,1,1,1,1,1,0.0661,0.889,1,0.598,7,-0.090,0,0,yolo,120.8,yolo,0,0,0,0.000,0,-1,0
1785622435.592,5.761,-0.989,1.687,0.9948,0,3.746,0.718,-3.089,0.3021,3.558,0.163,-1.085,0.593,2.616,1.773,0.1487,0.0000,0.116,0.116,-0.747,2.034,1.376,-0.271,0.0065,-1.002,nan,0.00,1,1,1,0,1,0.0201,0.833,1,0.601,6,0.002,0,0,yolo,120.8,yolo,0,0,0,0.000,0,-1,0
1785622435.625,5.525,-0.939,2.028,0.9952,0,4.311,0.702,-2.874,0.2997,3.558,0.163,-1.085,0.593,2.616,1.214,0.1810,-0.0550,0.149,0.149,-0.802,2.038,1.373,-0.237,0.0065,-1.006,nan,0.00,1,1,1,0,1,0.0201,0.833,1,0.601,6,0.002,0,0,yolo,120.8,yolo,0,0,0,0.000,0,-1,0
1785622435.668,4.905,-0.873,2.367,0.9962,0,4.428,0.675,-2.713,0.2963,3.558,0.163,-1.085,0.593,2.616,0.477,0.2237,-0.1273,0.191,0.191,-0.874,2.043,1.368,-0.197,0.0065,-1.013,nan,0.00,1,1,1,0,1,-0.0224,0.889,1,0.600,7,0.154,0,0,yolo,120.8,yolo,0,0,0,0.000,0,-1,0
1785622435.704,4.359,-0.812,2.680,0.9970,0,4.596,0.606,-1.667,0.2931,3.337,0.087,-1.041,0.556,1.486,-0.237,0.3950,-0.1760,0.225,0.084,-0.944,2.046,1.378,-0.206,0.0066,-0.984,nan,0.00,1,1,1,1,1,-0.0285,0.889,1,0.600,7,0.154,0,0,yolo,132.9,yolo,0,0,0,0.000,0,-1,0
1785622435.735,4.359,-0.812,2.680,0.9970,0,5.905,0.569,-1.348,0.3011,3.337,0.087,-1.041,0.556,1.486,-1.546,0.1407,0.0000,0.225,0.225,-0.944,2.046,1.378,-0.243,0.0067,-0.984,nan,0.00,1,1,1,0,1,-0.0442,0.833,1,0.649,6,-0.187,0,0,yolo,132.9,yolo,0,0,0,0.000,0,-1,0
1785622435.767,3.746,-0.752,2.859,0.9978,0,5.862,0.529,-1.109,0.2978,3.337,0.087,-1.041,0.556,1.486,-2.117,0.1741,-0.0751,0.258,0.258,-1.019,2.049,1.374,-0.223,0.0068,-0.989,nan,0.00,1,1,1,0,1,-0.0559,0.833,1,0.649,6,-0.187,0,0,yolo,132.9,yolo,0,0,0,0.000,0,-1,0
1785622435.797,2.971,-0.687,2.967,0.9986,0,5.663,0.475,-0.930,0.2937,3.337,0.087,-1.041,0.556,1.486,-2.692,0.2078,-0.1663,0.292,0.292,-1.110,2.051,1.370,-0.212,0.0069,-0.995,nan,0.00,1,1,1,0,1,-0.1191,0.938,1,0.589,7,-0.236,0,0,yolo,132.9,yolo,0,0,0,0.000,0,-1,0
1785622435.827,2.971,-0.687,2.967,0.9986,0,7.163,0.377,-0.071,0.2770,3.126,0.010,-0.971,0.521,0.191,-4.946,0.7067,-0.6360,0.292,0.234,-1.110,2.051,1.399,-0.310,0.0070,-0.931,nan,0.00,1,1,1,1,1,-0.1665,0.938,1,0.589,7,-0.236,0,0,yolo,134.0,yolo,0,0,0,0.000,0,-1,0
1785622435.859,2.015,-0.640,2.972,0.9993,0,6.639,0.330,0.033,0.2937,3.126,0.010,-0.971,0.521,0.191,-4.624,0.0899,-0.0661,0.324,0.324,-1.177,2.052,1.397,-0.310,0.0071,-0.935,nan,0.00,1,1,1,0,1,-0.0574,0.167,1,0.436,2,-0.042,0,0,yolo,134.0,yolo,0,0,0,0.000,0,-1,0
1785622435.891,2.015,-0.640,2.972,0.9993,0,6.639,0.314,0.112,0.2965,3.126,0.010,-0.971,0.521,0.191,-4.624,0.0899,-0.0661,0.324,0.324,-1.177,2.052,1.397,-0.326,0.0072,-0.935,nan,0.00,1,1,1,0,1,0.0517,0.167,1,0.436,2,-0.042,0,0,yolo,134.0,yolo,0,0,0,0.000,0,-1,0
1785622435.922,1.107,-0.594,2.947,0.9998,0,6.142,0.268,0.171,0.2798,3.126,0.010,-0.971,0.521,0.191,-5.036,0.1143,-0.1302,0.349,0.349,-1.241,2.053,1.395,-0.326,0.0073,-0.938,nan,0.00,1,1,1,0,1,0.0000,0.247,0,0.037,1,0.560,0,0,yolo,134.0,yolo,0,0,0,0.000,0,-1,0
1785622435.952,1.107,-0.594,2.947,0.9998,0,7.642,0.177,1.038,0.2714,2.953,-0.059,-0.894,0.492,-1.144,-6.792,0.4128,-0.4433,0.349,0.306,-1.241,2.053,1.428,-0.417,0.0074,-0.864,nan,0.00,1,1,1,1,1,0.0000,0.085,0,0.050,0,0.585,0,0,yolo,126.8,yolo,0,0,0,0.000,0,-1,0
1785622435.983,0.102,-0.571,2.823,0.9999,0,6.940,0.139,1.178,0.2715,2.953,-0.059,-0.894,0.492,-1.144,-6.838,0.0637,-0.0348,0.370,0.370,-1.275,2.052,1.428,-0.432,0.0074,-0.864,nan,0.00,1,1,1,0,1,0.0000,0.085,0,0.050,0,0.585,0,0,yolo,126.8,yolo,0,0,0,0.000,0,-1,0
1785622436.013,0.102,-0.571,2.823,0.9999,0,6.940,0.137,1.284,0.2715,2.953,-0.059,-0.894,0.492,-1.144,-6.838,0.0637,-0.0348,0.370,0.370,-1.275,2.052,1.428,-0.434,0.0075,-0.864,nan,0.00,1,1,1,0,1,0.0000,0.084,0,0.045,0,0.583,0,0,yolo,126.8,yolo,0,0,0,0.000,0,-1,0
1785622436.045,-0.721,-0.553,2.681,0.9999,0,6.300,0.106,1.363,0.2717,2.953,-0.059,-0.894,0.492,-1.144,-7.021,0.0747,-0.0467,0.381,0.381,-1.287,2.051,1.428,-0.447,0.0076,-0.864,nan,0.00,1,1,1,0,1,0.0000,0.084,0,0.045,0,0.583,0,0,yolo,126.8,yolo,0,0,0,0.000,0,-1,0
1785622436.073,-1.497,-0.542,2.533,0.9996,0,7.800,-0.040,2.215,0.2550,2.778,-0.130,-0.782,0.463,-2.676,-10.389,0.7428,-1.1270,0.384,0.392,-1.281,2.050,1.477,-0.581,0.0077,-0.752,nan,0.00,1,1,1,1,1,0.0000,0.371,0,0.089,1,0.614,0,0,yolo,128.8,yolo,0,0,0,0.000,0,-1,0
1785622436.118,-1.497,-0.542,2.533,0.9996,0,7.032,-0.035,2.311,0.2717,2.778,-0.130,-0.782,0.463,-2.676,-8.529,-0.0086,0.0000,0.384,0.384,-1.281,2.050,1.477,-0.577,0.0078,-0.752,nan,0.00,1,1,1,0,1,0.0000,0.287,0,0.103,0,0.666,0,0,yolo,128.8,yolo,0,0,0,0.000,0,-1,0
1785622436.158,-2.492,-0.557,2.280,0.9990,0,6.086,-0.047,2.384,0.2721,2.778,-0.130,-0.782,0.463,-2.676,-8.578,-0.0056,0.0182,0.387,0.387,-1.263,2.048,1.479,-0.605,0.0078,-0.748,nan,0.00,1,1,1,0,1,0.0000,0.287,0,0.103,0,0.666,0,0,yolo,128.8,yolo,0,0,0,0.000,0,-1,0
1785622436.187,-3.318,-0.577,1.969,0.9983,0,5.086,-0.049,2.439,0.2724,2.778,-0.130,-0.782,0.463,-2.676,-8.404,-0.0162,0.0545,0.376,0.376,-1.227,2.046,1.481,-0.626,0.0079,-0.745,nan,0.00,1,1,1,0,1,0.0000,0.422,0,0.152,1,0.725,0,0,yolo,128.8,yolo,0,0,0,0.000,0,-1,0
1785622436.220,-3.318,-0.577,1.969,0.9983,0,5.086,-0.037,2.480,0.2725,2.778,-0.130,-0.782,0.463,-2.676,-8.404,-0.0162,0.0545,0.376,0.376,-1.227,2.046,1.481,-0.614,0.0080,-0.745,nan,0.00,1,1,1,0,1,0.0000,0.496,0,0.121,2,0.784,0,0,yolo,128.8,yolo,0,0,0,0.000,0,-1,0
1785622436.249,-3.944,-0.599,1.706,0.9976,0,4.171,-0.028,2.510,0.2727,2.778,-0.130,-0.782,0.463,-2.676,-8.115,-0.0338,0.0772,0.359,0.359,-1.204,2.045,1.482,-0.627,0.0081,-0.742,nan,0.00,1,1,1,0,1,0.0000,0.496,0,0.121,2,0.784,0,0,yolo,128.8,yolo,0,0,0,0.000,0,-1,0
1785622436.280,-4.432,-0.620,1.443,0.9970,0,3.317,-0.012,2.533,0.2894,2.778,-0.130,-0.782,0.463,-2.676,-7.749,-0.0561,0.0918,0.336,0.336,-1.189,2.044,1.484,-0.632,0.0081,-0.739,nan,0.00,1,1,1,0,1,0.0000,0.498,0,0.123,2,0.839,0,0,yolo,128.8,yolo,0,0,0,0.000,0,-1,0
1785622436.307,-4.432,-0.620,1.443,0.9970,0,3.317,-0.002,2.551,0.2994,2.778,-0.130,-0.782,0.463,-2.676,-7.749,-0.0561,0.0918,0.336,0.336,-1.189,2.044,1.484,-0.622,0.0082,-0.739,nan,0.00,1,1,1,0,1,0.0000,0.498,0,0.123,2,0.839,0,0,yolo,128.8,yolo,0,0,0,0.000,0,-1,0
1785622436.343,-4.864,-0.643,1.151,0.9963,0,4.817,0.307,4.051,0.2828,2.079,-0.323,-0.177,0.347,-8.820,-11.859,-0.0000,-1.1882,0.306,0.306,-1.188,2.044,1.370,-0.336,0.0082,-0.717,nan,0.00,1,1,0,1,1,0.0000,0.401,0,0.126,1,0.866,0,0,yolo,132.6,yolo,0,0,0,0.000,0,-1,0
1785622436.374,-4.864,-0.643,1.151,0.9963,0,6.317,0.296,4.516,0.2661,2.079,-0.323,-0.177,0.347,-8.820,-11.859,0.0000,-1.1882,0.306,0.306,-1.188,2.044,1.376,-0.347,0.0082,-0.695,nan,0.00,1,1,0,0,1,0.0000,0.403,0,0.129,1,0.865,0,0,yolo,132.6,yolo,0,0,0,0.000,0,-1,0
1785622436.404,-5.551,-0.645,0.634,0.9952,0,5.912,0.279,4.471,0.2494,2.079,-0.323,-0.177,0.347,-8.820,-11.464,-0.0259,-1.2137,0.280,0.280,-1.214,2.043,1.383,-0.366,0.0082,-0.675,nan,0.00,1,1,0,0,1,0.0000,0.403,0,0.129,1,0.865,0,0,yolo,132.6,yolo,0,0,0,0.000,0,-1,0
1785622436.435,-5.551,-0.645,0.634,0.9952,0,5.912,0.267,4.438,0.2384,2.079,-0.323,-0.177,0.347,-8.820,-11.464,-0.0259,-1.2137,0.280,0.280,-1.214,2.043,1.389,-0.377,0.0082,-0.654,nan,0.00,1,1,0,0,1,0.0000,0.408,0,0.135,1,0.877,0,0,yolo,132.6,yolo,0,0,0,0.000,0,-1,0
1785622436.470,-6.403,-0.669,0.041,0.9937,0,4.412,1.262,2.938,0.2385,nan,nan,nan,0.000,0.000,-1.998,0.0000,-1.2054,0.250,0.250,-1.205,2.043,1.000,0.593,0.0082,-0.635,nan,0.00,0,0,0,0,1,0.0000,0.408,0,0.135,1,0.877,2,0,,,FLYING,0,0,0,0.000,0,-1,0
1785622436.511,-6.931,-0.536,-0.292,0.9926,0,2.912,1.167,1.438,0.2401,nan,nan,nan,0.000,0.000,-1.649,0.0000,-1.1628,0.206,0.206,-1.163,2.045,1.000,0.631,0.0082,-0.616,nan,0.00,0,0,0,0,1,0.0000,0.514,0,0.139,2,0.880,0,0,,,FLYING,0,0,0,0.000,0,-1,0
1785622436.542,-7.455,-0.407,-0.601,0.9915,0,1.412,0.556,2.938,0.2432,4.000,-0.231,0.000,0.233,-3.302,-2.718,-0.0000,-1.0878,0.159,0.159,-1.088,2.047,1.200,0.148,0.0082,-0.597,nan,0.00,0,1,0,1,1,0.0000,0.409,0,0.136,1,0.863,0,1,blueline,,BLUELINE,0,0,0,0.000,0,-1,0
1785622436.569,-7.463,-0.405,-0.604,0.9915,0,-0.088,0.544,3.302,0.2428,4.000,-0.231,0.000,0.233,-3.302,-2.710,-0.0014,-1.0852,0.157,0.157,-1.085,2.047,1.200,0.140,0.0082,-0.579,nan,0.00,0,1,0,0,1,0.0000,0.409,0,0.136,1,0.863,0,0,blueline,,BLUELINE,0,0,0,0.000,0,-1,0
1785622436.604,-7.435,-0.395,-0.975,0.9916,0,-1.588,0.519,2.464,0.2482,4.000,-0.172,0.000,0.233,-2.464,-0.932,-0.8772,-0.9544,0.103,0.103,-0.954,2.046,1.200,0.124,0.0082,-0.562,nan,0.00,0,1,0,1,1,0.0000,0.392,0,0.115,1,0.861,0,0,blueline,,BLUELINE,0,0,0,0.000,0,-1,0
1785622436.632,-7.435,-0.395,-0.975,0.9916,0,-3.088,0.517,2.464,0.2477,4.000,-0.172,0.000,0.233,-2.464,-1.955,0.0000,-0.9544,0.103,0.103,-0.954,2.046,1.200,0.121,0.0082,-0.545,nan,0.00,0,1,0,0,1,0.0000,0.392,0,0.115,1,0.861,0,0,blueline,,BLUELINE,0,0,0,0.000,0,-1,0
1785622436.665,-7.073,-0.373,-1.280,0.9924,0,-4.588,0.488,2.222,0.2519,4.000,-0.155,0.000,0.233,-2.222,-1.245,-0.2538,-0.8477,0.049,0.049,-0.848,2.046,1.200,0.115,0.0082,-0.529,nan,0.00,0,1,0,1,1,0.0000,0.292,0,0.112,0,0.866,0,0,blueline,,BLUELINE,0,0,0,0.000,0,-1,0
1785622436.697,-7.073,-0.373,-1.280,0.9924,0,-5.531,0.488,2.222,0.2514,4.000,-0.155,0.000,0.233,-2.222,-1.542,0.0000,-0.8477,0.049,0.049,-0.848,2.046,1.200,0.115,0.0082,-0.513,nan,0.00,0,1,0,0,1,0.0000,0.292,0,0.112,0,0.866,0,0,blueline,,BLUELINE,0,0,0,0.000,0,-1,0
1785622436.733,-6.496,-0.336,-1.511,0.9936,0,-6.586,0.945,0.722,0.2549,nan,nan,nan,0.000,0.000,0.091,0.0000,-0.7537,-0.011,-0.011,-0.754,2.045,1.000,0.609,0.0082,-0.497,nan,0.00,0,0,0,0,0,0.0000,0.000,0,0.000,0,0.000,0,0,,,FLYING,0,0,0,0.000,0,-1,0
1785622436.774,-5.726,-0.230,-1.606,0.9950,0,-6.252,0.834,0.000,0.2569,nan,nan,nan,0.000,0.000,0.527,0.0000,-0.6916,-0.066,-0.066,-0.692,2.045,1.000,0.604,0.0082,-0.483,nan,0.00,0,0,0,0,0,0.0000,0.000,0,0.000,0,0.000,0,0,,,FLYING,0,0,0,0.000,0,-1,0
1785622436.804,-4.860,-0.110,-1.584,0.9964,0,-7.741,0.186,-1.500,0.2586,4.000,0.271,0.000,0.233,3.870,2.881,-0.0000,-0.6348,-0.125,-0.125,-0.635,2.043,1.200,0.076,0.0082,-0.468,nan,0.00,0,1,0,1,1,0.0000,0.203,0,0.132,0,0.937,0,0,blueline,,BLUELINE,0,0,0,0.000,0,-1,0
1785622436.841,-4.860,-0.110,-1.584,0.9964,0,-6.241,0.695,0.000,0.2582,nan,nan,nan,0.000,0.000,1.001,0.0000,-0.6348,-0.125,-0.125,-0.635,2.043,1.000,0.585,0.0082,-0.454,nan,0.00,0,0,0,0,1,0.0000,0.203,0,0.132,0,0.937,2,0,,,FLYING,0,0,0,0.000,0,-1,0
1785622436.866,-4.123,-0.027,-1.593,0.9974,0,-5.446,0.582,0.000,0.2592,nan,nan,nan,0.000,0.000,1.323,0.0000,-0.5973,-0.165,-0.165,-0.597,2.040,1.000,0.555,0.0082,-0.440,nan,0.00,0,0,0,0,1,0.0000,0.193,0,0.109,0,0.931,0,0,,,FLYING,0,0,0,0.000,0,-1,0
1785622436.904,-4.123,-0.027,-1.593,0.9974,0,-5.446,0.596,0.000,0.2588,nan,nan,nan,0.000,0.000,1.323,0.0000,-0.5973,-0.165,-0.165,-0.597,2.040,1.000,0.568,0.0082,-0.427,nan,0.00,0,0,0,0,1,0.0000,0.193,0,0.109,0,0.931,1,0,,,FLYING,0,0,0,0.000,0,-1,0
1785622436.944,-3.436,0.048,-1.601,0.9982,0,-5.037,0.479,0.000,0.2597,nan,nan,nan,0.000,0.000,1.601,0.0000,-0.5650,-0.200,-0.200,-0.565,2.036,1.000,0.526,0.0082,-0.414,nan,0.00,0,0,0,0,1,0.0000,0.291,0,0.111,1,0.922,0,0,,,FLYING,0,0,0,0.000,0,-1,0
1785622436.975,-2.737,0.115,-1.603,0.9989,0,-3.537,-0.136,1.500,0.2604,4.000,-0.176,0.000,0.233,-2.520,-0.320,-0.0000,-0.5366,-0.230,-0.230,-0.537,2.031,1.200,-0.020,0.0082,-0.402,nan,0.00,0,1,0,1,1,0.0000,0.296,0,0.119,1,0.922,0,0,blueline,,BLUELINE,0,0,0,0.000,0,-1,0
1785622437.004,-2.737,0.115,-1.603,0.9989,0,-2.417,-0.106,2.520,0.2601,4.000,-0.176,0.000,0.233,-2.520,-0.320,0.0000,-0.5366,-0.230,-0.230,-0.537,2.031,1.200,0.009,0.0082,-0.390,nan,0.00,0,1,0,0,1,0.0000,0.296,0,0.119,1,0.922,0,0,blueline,,BLUELINE,0,0,0,0.000,0,-1,0
1785622437.036,-2.467,0.084,-1.910,0.9991,0,-2.584,-0.102,2.305,0.2606,4.000,-0.161,0.000,0.233,-2.305,0.116,-0.2252,-0.5148,-0.239,-0.239,-0.515,2.028,1.200,-0.018,0.0082,-0.378,nan,0.00,0,1,0,1,1,0.0000,0.296,0,0.119,1,0.931,0,0,blueline,,BLUELINE,0,0,0,0.000,0,-1,0
1785622437.075,-2.467,0.084,-1.910,0.9991,0,-4.084,0.424,0.805,0.2603,nan,nan,nan,0.000,0.000,1.913,0.0000,-0.5148,-0.239,-0.239,-0.515,2.028,1.000,0.508,0.0082,-0.367,nan,0.00,0,0,0,0,1,0.0000,0.196,0,0.116,0,0.938,0,0,,,FLYING,0,0,0,0.000,0,-1,0
1785622437.114,-2.110,0.064,-2.209,0.9993,0,-4.091,0.421,0.000,0.2608,nan,nan,nan,0.000,0.000,1.981,0.0000,-0.4954,-0.248,-0.248,-0.495,2.024,1.000,0.485,0.0082,-0.356,nan,0.00,0,0,0,0,1,0.0000,0.196,0,0.116,0,0.938,0,0,,,FLYING,0,0,0,0.000,0,-1,0
1785622437.147,-1.600,0.120,-2.276,0.9996,0,-2.591,-0.157,1.500,0.2611,4.000,-0.140,0.000,0.233,-1.997,0.139,-0.0000,-0.4795,-0.260,-0.260,-0.479,2.021,1.200,-0.038,0.0082,-0.345,nan,0.00,0,1,0,1,1,0.0000,0.297,0,0.120,1,0.907,0,0,blueline,,BLUELINE,0,0,0,0.000,0,-1,0
1785622437.180,-1.246,0.084,-2.475,0.9998,0,-3.372,0.353,0.000,0.2616,nan,nan,nan,0.000,0.000,2.126,0.0000,-0.4616,-0.266,-0.266,-0.462,2.017,1.000,0.437,0.0082,-0.335,nan,0.00,0,0,0,0,0,0.0000,0.000,0,0.000,0,0.000,0,0,,,FLYING,0,0,0,0.000,0,-1,0
1785622437.212,-1.246,0.084,-2.475,0.9998,0,-3.372,0.384,0.000,0.2613,nan,nan,nan,0.000,0.000,2.126,0.0000,-0.4616,-0.266,-0.266,-0.462,2.017,1.000,0.469,0.0082,-0.325,nan,0.00,0,0,0,0,0,0.0000,0.000,0,0.000,0,0.000,0,0,,,FLYING,0,0,0,0.000,0,-1,0
1785622437.235,-0.776,0.145,-2.472,0.9999,0,-2.971,0.291,0.000,0.2616,nan,nan,nan,0.000,0.000,2.195,0.0000,-0.4465,-0.274,-0.274,-0.446,2.013,1.000,0.436,0.0082,-0.315,nan,0.00,0,0,0,0,0,0.0000,0.000,0,0.000,0,0.000,0,0,,,FLYING,0,0,0,0.000,0,-1,0
1785622437.274,-0.776,0.145,-2.472,0.9999,0,-2.971,0.320,0.000,0.2613,nan,nan,nan,0.000,0.000,2.195,0.0000,-0.4465,-0.274,-0.274,-0.446,2.013,1.000,0.465,0.0082,-0.306,nan,0.00,0,0,0,0,0,0.0000,0.000,0,0.000,0,0.000,0,0,,,FLYING,0,0,0,0.000,0,-1,0
1785622437.301,-0.399,0.184,-2.446,1.0000,0,-2.633,0.240,0.000,0.2616,nan,nan,nan,0.000,0.000,2.234,0.0000,-0.4327,-0.279,-0.279,-0.433,2.008,1.000,0.424,0.0082,-0.296,nan,0.00,0,0,0,0,0,0.0000,0.000,0,0.000,0,0.000,0,0,,,FLYING,0,0,0,0.000,0,-1,0
1785622437.330,-0.399,0.184,-2.446,1.0000,0,-2.633,0.269,0.000,0.2614,nan,nan,nan,0.000,0.000,2.234,0.0000,-0.4327,-0.279,-0.279,-0.433,2.008,1.000,0.453,0.0082,-0.288,nan,0.00,0,0,0,0,0,0.0000,0.000,0,0.000,0,0.000,0,0,,,FLYING,0,0,0,0.000,0,-1,0
1785622437.369,-0.043,0.220,-2.460,1.0000,0,-1.133,-0.312,1.500,0.2780,5.307,-1.996,-2.627,0.885,-20.607,-14.000,-0.0000,-0.0000,-0.279,-0.279,-0.419,2.003,1.200,-0.092,0.0082,-2.645,nan,0.00,1,1,1,1,0,0.0000,0.000,0,0.000,0,0.000,0,1,yolo,127.7,yolo,0,0,0,0.000,0,-1,0
1785622437.409,0.133,0.167,-2.717,1.0000,0,0.367,-0.290,3.000,0.2947,5.307,-1.996,-2.627,0.885,-20.607,-14.000,0.0121,0.0056,-0.267,-0.267,-0.413,1.999,1.200,-0.123,0.0082,-2.647,nan,0.00,1,1,1,0,0,0.0000,0.000,0,0.000,0,0.000,0,0,yolo,127.7,yolo,0,0,0,0.000,0,-1,0
1785622437.446,0.133,0.167,-2.717,1.0000,0,1.867,-0.254,4.500,0.3114,5.307,-1.996,-2.627,0.885,-20.607,-14.000,0.0121,0.0056,-0.267,-0.267,-0.413,1.999,1.200,-0.087,0.0082,-2.647,nan,0.00,1,1,1,0,0,0.0000,0.000,0,0.000,0,0.000,0,0,yolo,127.7,yolo,0,0,0,0.000,0,-1,0
1785622437.476,-0.120,0.140,-3.225,1.0000,0,3.367,-0.224,6.000,0.3280,5.307,-1.996,-2.627,0.885,-20.607,-14.000,0.0321,-0.0126,-0.247,-0.247,-0.432,1.997,1.200,-0.084,0.0082,-2.635,nan,0.00,1,1,1,0,0,0.0000,0.000,0,0.000,0,0.000,0,0,yolo,127.7,yolo,0,0,0,0.000,0,-1,0
1785622437.523,-0.498,0.113,-3.882,1.0000,0,1.867,0.317,4.500,0.3114,nan,nan,nan,0.000,0.000,1.798,0.0000,-0.4810,-0.225,-0.225,-0.481,1.996,1.000,0.430,0.0082,-2.556,nan,0.00,0,0,0,0,0,0.0000,0.000,0,0.000,0,0.000,0,0,,,FLYING,0,0,0,0.000,0,-1,0
1785622437.546,-0.498,0.113,-3.882,1.0000,0,0.367,0.335,3.000,0.3106,nan,nan,nan,0.000,0.000,1.798,0.0000,-0.4810,-0.225,-0.225,-0.481,1.996,1.000,0.448,0.0082,-2.480,nan,0.00,0,0,0,0,0,0.0000,0.000,0,0.000,0,0.000,0,0,,,FLYING,0,0,0,0.000,0,-1,0
1785622437.585,-0.682,0.157,-4.377,0.9999,0,-1.133,0.284,1.500,0.3067,nan,nan,nan,0.000,0.000,1.699,0.0000,-0.5669,-0.212,-0.212,-0.567,1.995,1.000,0.441,0.0082,-2.405,nan,0.00,0,0,0,0,0,0.0000,0.000,0,0.000,0,0.000,0,0,,,FLYING,0,0,0,0.000,0,-1,0
1785622437.613,-0.492,0.186,-4.499,1.0000,0,-2.212,0.227,0.000,0.3019,nan,nan,nan,0.000,0.000,1.719,0.0000,-0.6731,-0.215,-0.215,-0.673,1.992,1.000,0.413,0.0082,-2.333,nan,0.00,0,0,0,0,0,0.0000,0.000,0,0.000,0,0.000,0,0,,,FLYING,0,0,0,0.000,0,-1,0
1785622437.649,-0.492,0.186,-4.499,1.0000,0,-2.212,0.247,0.000,0.3019,nan,nan,nan,0.000,0.000,1.719,0.0000,-0.6731,-0.215,-0.215,-0.673,1.992,1.000,0.433,0.0082,-2.263,nan,0.00,0,0,0,0,0,0.0000,0.000,0,0.000,0,0.000,0,0,,,FLYING,0,0,0,0.000,0,-1,0
1785622437.679,-0.244,0.210,-4.470,1.0000,0,-2.015,0.189,0.000,0.2972,nan,nan,nan,0.000,0.000,1.771,0.0000,-0.7788,-0.221,-0.221,-0.779,1.988,1.000,0.400,0.0082,-2.195,nan,0.00,0,0,0,0,0,0.0000,0.000,0,0.000,0,0.000,1,0,,,FLYING,0,0,0,0.000,0,-1,0
1785622437.707,0.005,0.234,-4.464,1.0000,0,-1.796,0.129,0.000,0.2920,nan,nan,nan,0.000,0.000,1.801,0.0000,-0.8944,-0.225,-0.225,-0.894,1.984,1.000,0.364,0.0082,-2.129,nan,0.00,0,0,0,0,0,0.0000,0.000,0,0.000,0,0.000,0,0,,,FLYING,0,0,0,0.000,0,-1,0
1785622437.741,0.005,0.234,-4.464,1.0000,0,-1.796,0.158,0.000,0.2920,nan,nan,nan,0.000,0.000,1.801,0.0000,-0.8944,-0.225,-0.225,-0.894,1.984,1.000,0.392,0.0082,-2.065,nan,0.00,0,0,0,0,0,0.0000,0.000,0,0.000,0,0.000,0,0,,,FLYING,0,0,0,0.000,0,-1,0
1785622437.785,0.195,0.248,-4.473,1.0000,0,-1.611,0.116,0.000,0.2886,nan,nan,nan,0.000,0.000,1.806,0.0000,-0.9702,-0.226,-0.226,-0.970,1.980,1.000,0.363,0.0082,-2.004,nan,0.00,0,0,0,0,0,0.0000,0.000,0,0.000,0,0.000,0,0,,,FLYING,0,0,0,0.000,0,-1,0
1785622437.814,0.379,0.262,-4.471,1.0000,0,-1.419,0.074,0.000,0.2841,nan,nan,nan,0.000,0.000,1.798,0.0000,-1.0311,-0.225,-0.225,-1.031,1.976,1.000,0.336,0.0082,-1.943,nan,0.00,0,0,0,0,0,0.0000,0.000,0,0.000,0,0.000,0,0,,,FLYING,0,0,0,0.000,0,-1,0
1785622437.844,0.536,0.270,-4.470,0.9999,0,-1.241,0.045,0.000,0.2804,nan,nan,nan,0.000,0.000,1.777,0.0000,-1.0748,-0.222,-0.222,-1.075,1.972,1.000,0.315,0.0082,-1.885,nan,0.00,0,0,0,0,0,0.0000,0.000,0,0.000,0,0.000,0,0,,,FLYING,0,0,0,0.000,0,-1,0
1785622437.873,0.536,0.270,-4.470,0.9999,0,-1.241,0.080,0.000,0.2787,nan,nan,nan,0.000,0.000,1.777,0.0000,-1.0748,-0.222,-0.222,-1.075,1.972,1.000,0.349,0.0082,-1.829,nan,0.00,0,0,0,0,0,0.0000,0.000,0,0.000,0,0.000,0,0,,,FLYING,0,0,0,0.000,0,-1,0
1785622437.909,0.669,0.279,-4.470,0.9999,0,-1.079,0.045,0.000,0.2758,nan,nan,nan,0.000,0.000,1.748,0.0000,-1.1031,-0.219,-0.219,-1.103,1.968,1.000,0.324,0.0082,-1.774,nan,0.00,0,0,0,0,0,0.0000,0.000,0,0.000,0,0.000,0,0,,,FLYING,0,0,0,0.000,0,-1,0
1785622437.936,1.056,-12.685,-0.605,0.9754,0,-2.579,1.545,0.000,0.2897,nan,nan,nan,0.000,0.000,5.854,0.0000,-0.9159,-0.732,-0.732,-0.916,1.214,1.000,-2.500,0.0082,-1.720,nan,0.00,0,0,0,0,0,0.0000,0.000,0,0.000,0,0.000,0,0,,,FLYING,0,0,0,0.000,0,-1,0
1785622437.970,1.052,-12.836,-0.543,0.9748,0,-1.637,3.045,1.500,0.2885,0.740,-0.100,0.072,0.043,-7.663,2.689,-0.0000,-0.9131,-0.739,-0.739,-0.913,1.203,1.200,-2.500,0.0082,-1.669,nan,0.00,0,1,0,1,0,0.0000,0.000,0,0.000,0,0.000,0,1,hsv,,hsv,0,0,0,0.000,0,-1,0
1785622438.000,1.008,-13.954,0.460,0.9703,0,-0.578,4.545,3.000,0.3007,0.742,-0.089,0.053,0.043,-6.872,1.585,-0.3075,-0.6443,-1.340,-0.741,-0.644,0.397,1.200,-2.000,0.0082,-1.619,nan,0.00,0,1,0,1,0,0.0000,0.000,0,0.000,0,0.000,1,0,hsv,,hsv,0,0,0,0.000,0,-1,0
1785622438.027,1.008,-13.954,0.460,0.9703,0,-1.828,6.045,4.500,0.2992,0.742,-0.089,0.053,0.043,-6.872,2.835,-0.5987,-0.6443,-1.340,-1.340,-0.644,0.397,1.200,-2.000,0.0082,-1.570,nan,0.00,0,1,0,0,0,0.0000,0.000,0,0.000,0,0.000,0,0,hsv,,hsv,0,0,0,0.000,0,-1,0
1785622438.059,1.191,-12.557,-0.150,0.9759,0,-1.632,7.545,5.577,0.3112,0.744,-0.073,0.042,0.043,-5.577,2.824,-0.5047,-0.3162,-1.961,-1.186,-0.316,-0.438,1.200,-2.000,0.0082,-1.523,nan,0.00,0,1,0,1,0,0.0000,0.000,0,0.000,0,0.000,0,0,hsv,,hsv,0,0,0,0.000,0,-1,0
1785622438.090,1.191,-12.557,-0.150,0.9759,0,-1.691,9.045,5.577,0.3098,0.744,-0.073,0.042,0.043,-5.577,2.882,-0.7754,-0.3162,-1.961,-1.961,-0.316,-0.438,1.200,-2.000,0.0082,-1.477,nan,0.00,0,1,0,0,0,0.0000,0.000,0,0.000,0,0.000,0,0,hsv,,hsv,0,0,0,0.000,0,-1,0
1785622438.119,1.256,-25.004,-0.009,0.9061,0,-1.475,10.545,4.254,0.3265,0.734,-0.055,0.107,0.043,-4.254,2.730,-0.2542,-0.1287,-2.598,-1.603,-0.129,-1.223,1.200,-2.500,0.0082,-1.433,nan,0.00,0,1,0,1,0,0.0000,0.000,0,0.000,0,0.000,0,0,hsv,,hsv,0,0,0,0.000,0,-1,0
1785622438.151,1.256,-25.004,-0.009,0.9061,0,-1.633,12.045,4.254,0.3401,0.734,-0.055,0.107,0.043,-4.254,2.889,-0.9955,-0.1287,-2.598,-2.598,-0.129,-1.223,1.200,-2.500,0.0082,-1.390,nan,0.00,0,1,0,0,0,0.0000,0.000,0,0.000,0,0.000,0,0,hsv,,hsv,0,0,0,0.000,0,-1,0
1785622438.183,1.324,-29.998,-0.135,0.8658,0,-1.609,13.545,4.254,0.3567,0.734,-0.055,0.107,0.043,-4.254,2.932,-1.1978,0.0496,-2.801,-2.801,0.050,-1.232,1.200,-2.500,0.0082,-1.348,nan,0.00,0,1,0,0,0,0.0000,0.000,0,0.000,0,0.000,0,0,hsv,,hsv,0,0,0,0.000,0,-1,0
1785622438.218,1.316,-25.819,-0.137,0.8999,0,-1.621,15.045,4.254,0.3577,0.734,-0.055,0.107,0.043,-4.254,2.938,-1.2213,0.2324,-2.824,-2.824,0.232,-1.158,1.200,-2.500,0.0082,-1.308,nan,0.00,0,1,0,0,0,0.0000,0.000,0,0.000,0,0.000,0,0,hsv,,hsv,0,0,0,0.000,0,-1,0
1785622438.250,1.316,-25.819,-0.137,0.8999,0,-1.621,16.545,4.254,0.3564,0.734,-0.055,0.107,0.043,-4.254,2.938,-1.2213,0.2324,-2.824,-2.824,0.232,-1.158,1.200,-2.500,0.0082,-1.269,nan,0.00,0,1,0,0,0,0.0000,0.000,0,0.000,0,0.000,0,0,hsv,,hsv,0,0,0,0.000,0,-1,0
1785622438.277,1.316,-25.819,-0.137,0.8999,0,-1.621,18.000,4.254,0.3551,0.734,-0.055,0.107,0.043,-4.254,2.938,-1.2213,0.2324,-2.824,-2.824,0.232,-1.158,1.200,-2.500,0.0082,-1.231,nan,0.00,0,1,0,0,0,0.0000,0.000,0,0.000,0,0.000,0,0,hsv,,hsv,0,0,0,0.000,0,-1,0
1785622438.308,1.182,-23.789,0.121,0.9148,0,-1.753,18.000,4.254,0.3577,0.734,-0.055,0.107,0.043,-4.254,2.936,-1.2121,0.4260,-2.815,-2.815,0.426,-1.047,1.200,-2.500,0.0082,-1.194,nan,0.00,0,1,0,0,0,0.0000,0.000,0,0.000,0,0.000,0,0,hsv,,hsv,0,0,0,0.000,0,-1,0
1785622438.339,1.182,-23.789,0.121,0.9148,0,-1.482,18.000,2.754,0.3565,0.731,0.002,-0.169,0.043,0.131,2.664,-0.0000,0.4260,-2.815,-2.815,0.426,-1.047,1.200,-2.500,0.0082,-1.158,nan,0.00,0,1,0,1,0,0.0000,0.000,0,0.000,0,0.000,0,0,hsv,,hsv,0,0,0,0.000,0,-1,0
1785622438.371,1.168,-22.781,0.146,0.9218,0,-1.496,18.000,1.254,0.3622,0.731,0.002,-0.169,0.043,0.131,2.664,-0.0000,0.6204,-2.819,-2.819,0.620,-0.949,1.200,-2.500,0.0082,-1.123,nan,0.00,0,1,0,1,0,0.0000,0.000,0,0.000,0,0.000,0,0,hsv,,hsv,0,0,0,0.000,0,-1,0
1785622438.406,1.168,-22.781,0.146,0.9218,0,-1.494,18.000,-0.098,0.3611,0.731,0.001,-0.169,0.043,0.098,2.662,0.0063,0.6204,-2.819,-1.719,0.620,-0.949,1.200,-2.500,0.0082,-1.090,nan,0.00,0,1,0,1,0,0.0000,0.000,0,0.000,0,0.000,0,0,hsv,,hsv,0,0,0,0.000,0,-1,0
1785622438.436,1.160,-21.328,0.179,0.9313,0,-1.503,18.000,-0.079,0.3608,0.731,0.001,-0.169,0.043,0.079,2.663,0.0036,0.7136,-2.813,-1.705,0.714,-0.954,1.200,-2.500,0.0082,-1.057,nan,0.00,0,1,0,1,0,0.0000,0.000,0,0.000,0,0.000,0,0,hsv,,hsv,0,0,0,0.000,0,-1,0
1785622438.462,1.160,-21.328,0.179,0.9313,0,-1.740,18.000,-0.079,0.3598,0.731,0.001,-0.169,0.043,0.079,2.900,-1.1077,0.7136,-2.813,-2.813,0.714,-0.954,1.200,-2.500,0.0082,-1.025,nan,0.00,0,1,0,0,0,0.0000,0.000,0,0.000,0,0.000,0,0,hsv,,hsv,0,0,0,0.000,0,-1,0
1785622438.500,1.162,-19.219,0.232,0.9441,0,-1.499,16.719,-0.054,0.3551,0.731,0.001,-0.170,0.043,0.054,2.662,0.0095,0.7379,-2.804,-1.692,0.738,-1.015,1.200,-2.500,0.0082,-0.994,nan,0.00,0,1,0,1,0,0.0000,0.000,0,0.000,0,0.000,0,0,hsv,,hsv,0,0,0,0.000,0,-1,0
1785622438.533,1.162,-19.219,0.232,0.9441,0,-1.500,16.719,-0.038,0.3542,0.731,0.000,-0.170,0.043,0.038,2.662,0.0062,0.7379,-2.804,-1.688,0.738,-1.015,1.200,-2.500,0.0082,-0.965,nan,0.00,0,1,0,1,0,0.0000,0.000,0,0.000,0,0.000,0,0,hsv,,hsv,0,0,0,0.000,0,-1,0
1785622438.558,1.147,-17.575,0.266,0.9531,0,-1.752,15.219,-0.038,0.3505,0.731,0.000,-0.170,0.043,0.038,2.900,-1.1078,0.7510,-2.796,-2.796,0.751,-1.040,1.200,-2.500,0.0082,-0.936,nan,0.00,0,1,0,0,0,0.0000,0.000,0,0.000,0,0.000,0,0,hsv,,hsv,0,0,0,0.000,0,-1,0
1785622438.594,1.147,-17.575,0.266,0.9531,0,-1.515,15.075,-0.022,0.3496,0.731,0.000,-0.170,0.043,0.022,2.662,0.0062,0.7510,-2.796,-1.680,0.751,-1.040,1.200,-2.500,0.0082,-0.908,nan,0.00,0,1,0,1,0,0.0000,0.000,0,0.000,0,0.000,0,0,hsv,,hsv,0,0,0,0.000,0,-1,0
1785622438.627,1.135,-15.351,0.311,0.9641,0,-1.527,13.575,-0.005,0.3453,0.730,0.000,-0.170,0.043,0.005,2.663,0.0031,0.7621,-2.784,-1.672,0.762,-1.084,1.200,-2.500,0.0082,-0.880,nan,0.00,0,1,0,1,0,0.0000,0.000,0,0.000,0,0.000,0,0,hsv,,hsv,0,0,0,0.000,0,-1,0
1785622438.656,1.117,-13.627,0.341,0.9717,0,-1.545,12.075,0.006,0.3421,0.730,-0.000,-0.170,0.043,-0.006,2.662,0.0043,0.7680,-2.776,-1.666,0.768,-1.123,1.200,-2.500,0.0082,-0.854,nan,0.00,0,1,0,1,0,0.0000,0.000,0,0.000,0,0.000,1,0,hsv,,hsv,0,0,0,0.000,0,-1,0
1785622438.685,1.117,-13.627,0.341,0.9717,0,-1.545,11.127,0.013,0.3413,0.730,-0.000,-0.170,0.043,-0.013,2.662,0.0028,0.7680,-2.776,-1.666,0.768,-1.123,1.200,-2.500,0.0082,-0.828,nan,0.00,0,1,0,1,0,0.0000,0.000,0,0.000,0,0.000,0,0,hsv,,hsv,0,0,0,0.000,0,-1,0
1785622438.715,1.120,-11.991,0.377,0.9780,0,-1.778,9.627,0.013,0.3384,0.730,-0.000,-0.170,0.043,-0.013,2.898,-1.1024,0.7688,-2.768,-2.768,0.769,-1.161,1.200,-2.500,0.0082,-0.803,nan,0.00,0,1,0,0,0,0.0000,0.000,0,0.000,0,0.000,0,0,hsv,,hsv,0,0,0,0.000,0,-1,0
1785622438.751,1.120,-11.991,0.377,0.9780,0,-1.543,9.491,0.011,0.3376,0.730,-0.000,-0.171,0.043,-0.011,2.663,-0.0003,0.7688,-2.768,-1.661,0.769,-1.161,1.200,-2.500,0.0082,-0.779,nan,0.00,0,1,0,1,0,0.0000,0.000,0,0.000,0,0.000,0,0,hsv,,hsv,0,0,0,0.000,0,-1,1
1785622438.777,1.109,-10.582,0.415,0.9828,0,-1.787,8.082,0.011,0.3351,0.730,-0.000,-0.171,0.043,-0.011,2.897,-1.0988,0.7648,-2.760,-2.760,0.765,-1.193,1.200,-2.500,0.0082,-0.756,nan,0.00,0,1,0,0,0,0.0000,0.000,0,0.000,0,0.000,0,0,hsv,,hsv,0,0,0,0.000,0,-1,0
1785622438.803,1.109,-10.582,0.415,0.9828,0,-1.553,8.082,0.014,0.3344,0.730,-0.000,-0.171,0.043,-0.014,2.662,0.0010,0.7648,-2.760,-1.656,0.765,-1.193,1.200,-2.500,0.0082,-0.733,nan,0.00,0,1,0,1,0,0.0000,0.000,0,0.000,0,0.000,0,0,hsv,,hsv,0,0,0,0.000,0,-1,0
1785622438.832,1.105,-9.609,0.401,0.9858,0,-1.558,7.109,0.007,0.3324,0.730,-0.000,-0.171,0.043,-0.007,2.663,-0.0027,0.7577,-2.752,-1.652,0.758,-1.204,1.200,-2.500,0.0082,-0.711,nan,0.00,0,1,0,1,0,0.0000,0.000,0,0.000,0,0.000,0,0,hsv,,hsv,0,0,0,0.000,0,-1,0
1785622438.861,1.102,-8.541,0.421,0.9887,0,-1.560,6.041,0.003,0.3304,0.730,-0.000,-0.172,0.043,-0.003,2.662,-0.0017,0.7492,-2.744,-1.647,0.749,-1.212,1.200,-2.500,0.0082,-0.690,nan,0.00,0,1,0,1,0,0.0000,0.000,0,0.000,0,0.000,0,0,hsv,,hsv,0,0,0,0.000,0,-1,0
1785622438.886,1.102,-8.541,0.421,0.9887,0,-1.793,6.041,0.003,0.3297,0.730,-0.000,-0.172,0.043,-0.003,2.895,-1.0971,0.7492,-2.744,-2.744,0.749,-1.212,1.200,-2.500,0.0082,-0.669,nan,0.00,0,1,0,0,0,0.0000,0.000,0,0.000,0,0.000,0,0,hsv,,hsv,0,0,0,0.000,0,-1,0
1785622438.919,1.104,-7.528,0.436,0.9912,0,-1.558,5.028,0.002,0.3279,0.730,-0.000,-0.172,0.043,-0.002,2.662,-0.0001,0.7394,-2.734,-1.641,0.739,-1.213,1.200,-2.500,0.0082,-0.649,nan,0.00,0,1,0,1,0,0.0000,0.000,0,0.000,0,0.000,0,0,hsv,,hsv,0,0,0,0.000,0,-1,0
1785622438.948,1.104,-7.511,0.436,0.9912,0,-1.558,5.011,0.004,0.3272,0.730,-0.000,-0.172,0.043,-0.004,2.661,0.0003,0.7393,-2.734,-1.640,0.739,-1.212,1.200,-2.500,0.0082,-0.630,nan,0.00,0,1,0,1,0,0.0000,0.000,0,0.000,0,0.000,0,0,hsv,,hsv,0,0,0,0.000,0,-1,0
1785622438.982,1.089,-6.882,0.447,0.9926,0,-1.572,4.382,-0.002,0.3259,0.730,0.000,-0.173,0.043,0.002,2.661,-0.0012,0.7333,-2.727,-1.636,0.733,-1.203,1.200,-2.500,0.0082,-0.611,nan,0.00,0,1,0,1,0,0.0000,0.000,0,0.000,0,0.000,2,0,hsv,,hsv,0,0,0,0.000,0,-1,0
1785622439.007,1.089,-6.882,0.447,0.9926,0,-1.804,4.382,-0.002,0.3254,0.730,0.000,-0.173,0.043,0.002,2.893,-1.0906,0.7333,-2.727,-2.727,0.733,-1.203,1.200,-2.500,0.0082,-0.592,nan,0.00,0,1,0,0,0,0.0000,0.000,0,0.000,0,0.000,0,0,hsv,,hsv,0,0,0,0.000,0,-1,0
1785622439.048,1.204,-6.066,0.320,0.9942,0,-1.457,3.566,-0.007,0.3241,0.730,0.000,-0.173,0.043,0.007,2.661,-0.0018,0.7285,-2.716,-1.630,0.729,-1.191,1.200,-2.500,0.0082,-0.575,nan,0.00,0,1,0,1,0,0.0000,0.000,0,0.000,0,0.000,0,0,hsv,,hsv,0,0,0,0.000,0,-1,0
1785622439.075,1.204,-6.066,0.320,0.9942,0,-1.688,3.566,-0.007,0.3236,0.730,0.000,-0.173,0.043,0.007,2.892,-1.0859,0.7285,-2.716,-2.716,0.729,-1.191,1.200,-2.500,0.0082,-0.557,nan,0.00,0,1,0,0,0,0.0000,0.000,0,0.000,0,0.000,0,0,hsv,,hsv,0,0,0,0.000,0,-1,0
1785622439.105,1.220,-5.568,0.341,0.9951,0,-1.440,3.068,-0.014,0.3226,0.730,0.000,-0.173,0.043,0.014,2.661,-0.0014,0.7235,-2.703,-1.622,0.724,-1.181,1.200,-2.500,0.0082,-0.541,nan,0.00,0,1,0,1,0,0.0000,0.000,0,0.000,0,0.000,0,0,hsv,,hsv,0,0,0,0.000,0,-1,0
1785622439.135,1.220,-5.568,0.341,0.9951,0,-1.670,3.068,-0.014,0.3221,0.730,0.000,-0.173,0.043,0.014,2.891,-1.0808,0.7235,-2.703,-2.703,0.724,-1.181,1.200,-2.500,0.0082,-0.525,nan,0.00,0,1,0,0,0,0.0000,0.000,0,0.000,0,0.000,0,0,hsv,,hsv,0,0,0,0.000,0,-1,0
1785622439.171,1.246,-5.162,0.352,0.9957,0,-1.415,2.662,-0.022,0.3212,0.730,0.000,-0.174,0.043,0.022,2.660,-0.0014,0.7194,-2.691,-1.615,0.719,-1.169,1.200,-2.500,0.0082,-0.509,nan,0.00,0,1,0,1,0,0.0000,0.000,0,0.000,0,0.000,0,0,hsv,,hsv,0,0,0,0.000,0,-1,0
1785622439.195,1.272,-4.835,0.358,0.9962,0,-1.615,2.335,-0.022,0.3205,0.730,0.000,-0.174,0.043,0.022,2.887,-1.0658,0.7158,-2.681,-2.681,0.716,-1.153,1.200,-2.500,0.0082,-0.494,nan,0.00,0,1,0,0,0,0.0000,0.000,0,0.000,0,0.000,0,0,hsv,,hsv,0,0,0,0.000,0,-1,0
1785622439.233,1.272,-4.835,0.358,0.9962,0,-1.389,2.335,-0.040,0.3200,0.730,0.001,-0.174,0.043,0.040,2.661,-0.0069,0.7158,-2.681,-1.610,0.716,-1.153,1.200,-2.500,0.0082,-0.479,nan,0.00,0,1,0,1,0,0.0000,0.000,0,0.000,0,0.000,0,0,hsv,,hsv,0,0,0,0.000,0,-1,1
1785622439.265,1.341,-4.444,0.265,0.9967,0,-1.319,1.944,-0.052,0.3194,0.729,0.001,-0.174,0.043,0.052,2.660,-0.0024,0.7157,-2.664,-1.599,0.716,-1.131,1.200,-2.500,0.0082,-0.464,nan,0.00,0,1,0,1,0,0.0000,0.000,0,0.000,0,0.000,0,0,hsv,,hsv,0,0,0,0.000,0,-1,0
1785622439.291,1.499,-4.240,0.004,0.9969,0,-1.384,1.740,-0.052,0.3188,0.729,0.001,-0.174,0.043,0.052,2.883,-1.0498,0.7140,-2.649,-2.649,0.714,-1.095,1.200,-2.500,0.0082,-0.450,nan,0.00,0,1,0,0,0,0.0000,0.000,0,0.000,0,0.000,0,0,hsv,,hsv,0,0,0,0.000,0,-1,0
1785622439.326,1.499,-4.240,0.004,0.9969,0,-1.161,1.740,-0.061,0.3184,0.729,0.001,-0.175,0.043,0.061,2.660,-0.0032,0.7140,-2.649,-1.591,0.714,-1.095,1.200,-2.500,0.0082,-0.437,nan,0.00,0,1,0,1,0,0.0000,0.000,0,0.000,0,0.000,0,0,hsv,,hsv,0,0,0,0.000,0,-1,0
1785622439.354,1.678,-4.042,-0.289,0.9971,0,-1.203,1.542,-0.061,0.3179,0.729,0.001,-0.175,0.043,0.061,2.881,-1.0419,0.7131,-2.633,-2.633,0.713,-1.055,1.200,-2.500,0.0082,-0.424,nan,0.00,0,1,0,0,0,0.0000,0.000,0,0.000,0,0.000,0,0,hsv,,hsv,0,0,0,0.000,0,-1,0
1785622439.387,1.678,-4.042,-0.289,0.9971,0,-0.982,1.542,-0.078,0.3176,0.729,0.001,-0.175,0.043,0.078,2.660,-0.0034,0.7131,-2.633,-1.581,0.713,-1.055,1.200,-2.500,0.0082,-0.411,nan,0.00,0,1,0,1,0,0.0000,0.000,0,0.000,0,0.000,0,0,hsv,,hsv,0,0,0,0.000,0,-1,1
1785622439.418,1.878,-3.834,-0.615,0.9972,0,-0.784,1.334,-0.125,0.3171,0.729,0.002,-0.175,0.043,0.125,2.662,-0.0178,0.7125,-2.614,-1.572,0.712,-1.013,1.200,-2.500,0.0082,-0.399,nan,0.00,0,1,0,1,0,0.0000,0.000,0,0.000,0,0.000,1,0,hsv,,hsv,0,0,0,0.000,0,-1,0
1785622439.447,2.027,-3.607,-0.883,0.9974,0,-0.850,1.107,-0.125,0.3167,0.729,0.002,-0.175,0.043,0.125,2.877,-1.0250,0.7124,-2.597,-2.597,0.712,-0.978,1.200,-2.500,0.0082,-0.387,nan,0.00,0,1,0,0,0,0.0000,0.000,0,0.000,0,0.000,0,0,hsv,,hsv,0,0,0,0.000,0,-1,0
1785622439.484,2.027,-3.607,-0.883,0.9974,0,-0.634,1.107,-0.205,0.3164,0.729,0.003,-0.176,0.043,0.205,2.661,-0.0152,0.7124,-2.597,-1.562,0.712,-0.978,1.200,-2.500,0.0082,-0.375,nan,0.00,0,1,0,1,0,0.0000,0.000,0,0.000,0,0.000,0,0,hsv,,hsv,0,0,0,0.000,0,-1,0
1785622439.508,1.921,-3.605,-1.034,0.9975,0,-0.955,1.105,-0.205,0.3159,0.729,0.003,-0.176,0.043,0.205,2.877,-1.0296,0.7114,-2.592,-2.592,0.711,-0.923,1.200,-2.500,0.0082,-0.364,nan,0.00,0,1,0,0,0,0.0000,0.000,0,0.000,0,0.000,0,0,hsv,,hsv,0,0,0,0.000,0,-1,0
1785622439.542,1.921,-3.605,-1.034,0.9975,0,-0.743,1.105,-0.304,0.3156,0.729,0.004,-0.178,0.043,0.304,2.664,-0.0379,0.7114,-2.592,-1.558,0.711,-0.923,1.200,-2.500,0.0082,-0.353,nan,0.00,0,1,0,1,0,0.0000,0.000,0,0.000,0,0.000,0,0,hsv,,hsv,0,0,0,0.000,0,-1,1
1785622439.574,1.927,-3.664,-1.040,0.9974,0,-0.733,1.164,-0.417,0.3155,0.728,0.005,-0.180,0.042,0.417,2.659,-0.0216,0.7161,-2.587,-1.557,0.716,-0.869,1.200,-2.500,0.0082,-0.342,nan,0.00,0,1,0,1,0,0.0000,0.000,0,0.000,0,0.000,0,0,hsv,,hsv,0,0,0,0.000,0,-1,0
1785622439.598,1.903,-3.646,-1.044,0.9974,0,-0.971,1.146,-0.417,0.3153,0.728,0.005,-0.180,0.042,0.417,2.873,-1.0297,0.7185,-2.587,-2.587,0.719,-0.824,1.200,-2.500,0.0082,-0.332,nan,0.00,0,1,0,0,0,0.0000,0.000,0,0.000,0,0.000,0,0,hsv,,hsv,0,0,0,0.000,0,-1,0
1785622439.626,1.903,-3.642,-1.042,0.9974,0,-0.755,1.142,-0.537,0.3151,0.728,0.007,-0.181,0.042,0.537,2.658,-0.0228,0.7210,-2.588,-1.559,0.721,-0.784,1.200,-2.500,0.0082,-0.322,nan,0.00,0,1,0,1,0,0.0000,0.000,0,0.000,0,0.000,0,0,hsv,,hsv,0,0,0,0.000,0,-1,0
1785622439.670,1.903,-3.627,-1.039,0.9974,0,-0.755,1.127,-0.615,0.3149,0.727,0.008,-0.182,0.042,0.615,2.658,-0.0300,0.7231,-2.584,-1.559,0.723,-0.755,1.200,-2.500,0.0082,-0.313,nan,0.00,0,1,0,1,0,0.0000,0.000,0,0.000,0,0.000,0,0,hsv,,hsv,0,0,0,0.000,0,-1,0
1785622439.702,1.903,-3.627,-1.039,0.9974,0,-0.752,1.127,-0.664,0.3147,0.727,0.008,-0.183,0.042,0.664,2.655,-0.0184,0.7231,-2.584,-1.559,0.723,-0.755,1.200,-2.500,0.0082,-0.303,nan,0.00,0,1,0,1,0,0.0000,0.000,0,0.000,0,0.000,0,0,hsv,,hsv,0,0,0,0.000,0,-1,0
1785622439.734,1.901,-3.622,-1.039,0.9975,0,-0.753,1.122,-0.695,0.3143,0.727,0.009,-0.184,0.042,0.695,2.653,-0.0120,0.7224,-2.579,-1.554,0.722,-0.727,1.200,-2.500,0.0082,-0.294,nan,0.00,0,1,0,1,0,0.0000,0.000,0,0.000,0,0.000,0,0,hsv,,hsv,0,0,0,0.000,0,-1,0
1785622439.763,1.898,-3.613,-1.038,0.9975,0,-0.969,1.113,-0.695,0.3141,0.727,0.009,-0.184,0.042,0.695,2.867,-1.0182,0.7226,-2.572,-2.572,0.723,-0.697,1.200,-2.500,0.0082,-0.285,nan,0.00,0,1,0,0,0,0.0000,0.000,0,0.000,0,0.000,1,0,hsv,,hsv,0,0,0,0.000,0,-1,0
1785622439.789,1.892,-3.605,-1.037,0.9975,0,-0.760,1.105,-0.716,0.3139,0.727,0.009,-0.184,0.042,0.716,2.652,-0.0079,0.7241,-2.566,-1.545,0.724,-0.665,1.200,-2.500,0.0082,-0.277,nan,0.00,0,1,0,1,0,0.0000,0.000,0,0.000,0,0.000,0,0,hsv,,hsv,0,0,0,0.000,0,-1,0
1785622439.823,1.892,-3.605,-1.037,0.9975,0,-0.759,1.105,-0.730,0.3136,0.727,0.009,-0.184,0.042,0.730,2.651,-0.0026,0.7241,-2.566,-1.544,0.724,-0.665,1.200,-2.500,0.0082,-0.268,nan,0.00,0,1,0,1,0,0.0000,0.000,0,0.000,0,0.000,0,0,hsv,,hsv,0,0,0,0.000,0,-1,1
1785622439.851,1.895,-3.512,-1.004,0.9976,0,-0.971,1.012,-0.730,0.3134,0.727,0.009,-0.184,0.042,0.730,2.866,-1.0151,0.7257,-2.559,-2.559,0.726,-0.636,1.200,-2.500,0.0082,-0.260,nan,0.00,0,1,0,0,0,0.0000,0.000,0,0.000,0,0.000,0,0,hsv,,hsv,0,0,0,0.000,0,-1,0
1785622439.881,1.897,-3.415,-0.972,0.9977,0,-0.754,0.915,-0.738,0.3132,0.727,0.009,-0.184,0.042,0.738,2.651,-0.0017,0.7272,-2.552,-1.534,0.727,-0.609,1.200,-2.500,0.0082,-0.253,nan,0.00,0,1,0,1,0,0.0000,0.000,0,0.000,0,0.000,1,0,hsv,,hsv,0,0,0,0.000,0,-1,0
1785622439.913,1.900,-3.326,-0.944,0.9978,0,-0.964,0.826,-0.754,0.3130,0.727,0.010,-0.185,0.042,0.754,2.864,-1.0112,0.7285,-2.545,-2.545,0.728,-0.583,1.200,-2.500,0.0082,-0.245,nan,0.00,0,1,0,0,0,0.0000,0.000,0,0.000,0,0.000,0,0,hsv,,hsv,0,0,0,0.000,0,-1,0
1785622439.950,1.900,-3.326,-0.944,0.9978,0,-0.750,0.826,-0.753,0.3128,0.727,0.010,-0.185,0.042,0.753,2.650,0.0005,0.7285,-2.545,-1.529,0.728,-0.583,1.200,-2.500,0.0082,-0.238,nan,0.00,0,1,0,1,0,0.0000,0.000,0,0.000,0,0.000,1,0,hsv,,hsv,0,0,0,0.000,0,-1,1
1785622439.973,1.912,-3.249,-0.925,0.9978,0,-0.952,0.749,-0.753,0.3127,0.727,0.010,-0.185,0.042,0.753,2.864,-1.0082,0.7302,-2.537,-2.537,0.730,-0.550,1.200,-2.500,0.0082,-0.230,nan,0.00,0,1,0,0,0,0.0000,0.000,0,0.000,0,0.000,0,0,hsv,,hsv,0,0,0,0.000,0,-1,0
1785622440.010,1.918,-3.181,-0.904,0.9979,0,-0.732,0.681,-0.750,0.3125,0.727,0.010,-0.185,0.042,0.750,2.650,0.0010,0.7317,-2.530,-1.519,0.732,-0.521,1.200,-2.500,0.0082,-0.224,nan,0.00,0,1,0,1,0,0.0000,0.000,0,0.000,0,0.000,0,0,hsv,,hsv,0,0,0,0.000,0,-1,0
1785622440.042,1.918,-3.181,-0.904,0.9979,0,-0.732,0.681,-0.747,0.3123,0.727,0.009,-0.185,0.042,0.747,2.650,0.0012,0.7317,-2.530,-1.518,0.732,-0.521,1.200,-2.500,0.0082,-0.217,nan,0.00,0,1,0,1,0,0.0000,0.000,0,0.000,0,0.000,0,0,hsv,,hsv,0,0,0,0.000,0,-1,1
1785622440.081,1.920,-3.108,-0.868,0.9980,0,-0.729,1.108,-0.743,0.3121,0.727,0.009,-0.185,0.042,0.743,2.650,0.0007,0.7323,-2.522,-1.514,0.732,-0.489,1.200,-2.000,0.0082,-0.210,nan,0.00,0,1,0,1,0,0.0000,0.000,0,0.000,0,0.000,0,0,hsv,,hsv,0,0,0,0.000,0,-1,0
1785622440.114,1.926,-2.997,-0.831,0.9981,0,-0.936,0.997,-0.743,0.3119,0.727,0.009,-0.185,0.042,0.743,2.862,-1.0013,0.7334,-2.515,-2.515,0.733,-0.458,1.200,-2.000,0.0082,-0.204,nan,0.00,0,1,0,0,0,0.0000,0.000,0,0.000,0,0.000,0,0,hsv,,hsv,0,0,0,0.000,0,-1,0
1785622440.143,1.931,-2.886,-0.795,0.9982,0,-0.719,0.886,-0.739,0.3118,0.727,0.009,-0.185,0.042,0.739,2.650,0.0007,0.7344,-2.509,-1.505,0.734,-0.433,1.200,-2.000,0.0082,-0.198,nan,0.00,0,1,0,1,0,0.0000,0.000,0,0.000,0,0.000,0,0,hsv,,hsv,0,0,0,0.000,0,-1,0
1785622440.171,1.931,-2.886,-0.795,0.9982,0,-0.719,0.886,-0.736,0.3116,0.727,0.009,-0.185,0.042,0.736,2.649,0.0014,0.7344,-2.509,-1.505,0.734,-0.433,1.200,-2.000,0.0082,-0.192,nan,0.00,0,1,0,1,0,0.0000,0.000,0,0.000,0,0.000,0,0,hsv,,hsv,0,0,0,0.000,0,-1,0
1785622440.196,1.937,-2.795,-0.769,0.9982,0,-0.924,0.795,-0.736,0.3114,0.727,0.009,-0.185,0.042,0.736,2.861,-0.9969,0.7353,-2.502,-2.502,0.735,-0.404,1.200,-2.000,0.0082,-0.186,nan,0.00,0,1,0,0,0,0.0000,0.000,0,0.000,0,0.000,0,0,hsv,,hsv,0,0,0,0.000,0,-1,0
1785622440.228,1.951,-2.729,-0.756,0.9983,0,-0.698,0.729,-0.732,0.3113,0.727,0.009,-0.185,0.042,0.732,2.649,0.0016,0.7361,-2.495,-1.497,0.736,-0.375,1.200,-2.000,0.0082,-0.181,nan,0.00,0,1,0,1,0,0.0000,0.000,0,0.000,0,0.000,0,0,hsv,,hsv,0,0,0,0.000,0,-1,0
1785622440.272,1.967,-2.686,-0.750,0.9983,0,-0.682,0.686,-0.728,0.3112,0.727,0.009,-0.185,0.042,0.728,2.649,0.0008,0.7375,-2.487,-1.492,0.738,-0.344,1.200,-2.000,0.0082,-0.175,nan,0.00,0,1,0,1,0,0.0000,0.000,0,0.000,0,0.000,0,0,hsv,,hsv,0,0,0,0.000,0,-1,0
1785622440.305,1.967,-2.686,-0.750,0.9983,0,-0.682,0.686,-0.724,0.3110,0.727,0.009,-0.185,0.042,0.724,2.649,0.0013,0.7375,-2.487,-1.492,0.738,-0.344,1.200,-2.000,0.0082,-0.170,nan,0.00,0,1,0,1,0,0.0000,0.000,0,0.000,0,0.000,0,0,hsv,,hsv,0,0,0,0.000,0,-1,1
1785622440.334,1.984,-2.641,-0.744,0.9983,0,-0.665,0.641,-0.720,0.3110,0.727,0.009,-0.185,0.042,0.720,2.649,0.0014,0.7400,-2.479,-1.487,0.740,-0.314,1.200,-2.000,0.0082,-0.165,nan,0.00,0,1,0,1,0,0.0000,0.000,0,0.000,0,0.000,0,0,hsv,,hsv,0,0,0,0.000,0,-1,0
1785622440.361,2.000,-2.612,-0.741,0.9984,0,-0.858,0.612,-0.720,0.3109,0.727,0.009,-0.185,0.042,0.720,2.858,-0.9839,0.7422,-2.471,-2.471,0.742,-0.285,1.200,-2.000,0.0082,-0.160,nan,0.00,0,1,0,0,0,0.0000,0.000,0,0.000,0,0.000,0,0,hsv,,hsv,0,0,0,0.000,0,-1,0
1785622440.396,2.018,-2.571,-0.739,0.9984,0,-0.631,0.571,-0.717,0.3109,0.727,0.009,-0.185,0.042,0.717,2.649,0.0012,0.7441,-2.462,-1.477,0.744,-0.253,1.200,-2.000,0.0082,-0.155,nan,0.00,0,1,0,1,0,0.0000,0.000,0,0.000,0,0.000,0,0,hsv,,hsv,0,0,0,0.000,0,-1,0
1785622440.426,2.018,-2.571,-0.739,0.9984,0,-0.631,0.571,-0.715,0.3107,0.727,0.009,-0.186,0.042,0.715,2.649,0.0005,0.7441,-2.462,-1.477,0.744,-0.253,1.200,-2.000,0.0082,-0.150,nan,0.00,0,1,0,1,0,0.0000,0.000,0,0.000,0,0.000,1,0,hsv,,hsv,0,0,0,0.000,0,-1,0
1785622440.458,2.034,-2.533,-0.737,0.9984,0,-0.615,0.533,-0.713,0.3107,0.727,0.009,-0.186,0.042,0.713,2.649,0.0005,0.7458,-2.454,-1.472,0.746,-0.224,1.200,-2.000,0.0082,-0.146,nan,0.00,0,1,0,1,0,0.0000,0.000,0,0.000,0,0.000,1,0,hsv,,hsv,0,0,0,0.000,0,-1,0
1785622440.484,2.043,-2.496,-0.730,0.9984,0,-0.812,0.496,-0.713,0.3106,0.727,0.009,-0.186,0.042,0.713,2.856,-0.9739,0.7478,-2.446,-2.446,0.748,-0.196,1.200,-2.000,0.0082,-0.142,nan,0.00,0,1,0,0,0,0.0000,0.000,0,0.000,0,0.000,0,0,hsv,,hsv,0,0,0,0.000,0,-1,0
1785622440.520,2.054,-2.468,-0.727,0.9984,0,-0.595,0.468,-0.711,0.3105,0.727,0.009,-0.186,0.042,0.711,2.649,0.0008,0.7482,-2.438,-1.463,0.748,-0.168,1.200,-2.000,0.0082,-0.137,nan,0.00,0,1,0,1,0,0.0000,0.000,0,0.000,0,0.000,0,0,hsv,,hsv,0,0,0,0.000,0,-1,0
1785622440.551,2.054,-2.468,-0.727,0.9984,0,-0.595,0.468,-0.710,0.3104,0.727,0.009,-0.186,0.042,0.710,2.649,0.0005,0.7482,-2.438,-1.463,0.748,-0.168,1.200,-2.000,0.0082,-0.133,nan,0.00,0,1,0,1,0,0.0000,0.000,0,0.000,0,0.000,0,0,hsv,,hsv,0,0,0,0.000,0,-1,1
1785622440.583,2.056,-2.401,-0.702,0.9985,0,-0.593,0.401,-0.708,0.3103,0.727,0.009,-0.186,0.042,0.708,2.649,0.0004,0.7507,-2.432,-1.459,0.751,-0.139,1.200,-2.000,0.0082,-0.129,nan,0.00,0,1,0,1,0,0.0000,0.000,0,0.000,0,0.000,0,0,hsv,,hsv,0,0,0,0.000,0,-1,0
1785622440.609,2.058,-2.347,-0.687,0.9985,0,-0.796,0.347,-0.708,0.3103,0.727,0.009,-0.186,0.042,0.708,2.854,-0.9671,0.7524,-2.426,-2.426,0.752,-0.115,1.200,-2.000,0.0082,-0.125,nan,0.00,0,1,0,0,0,0.0000,0.000,0,0.000,0,0.000,0,0,hsv,,hsv,0,0,0,0.000,0,-1,0
1785622440.639,2.058,-2.347,-0.687,0.9985,0,-0.591,0.347,-0.707,0.3102,0.727,0.009,-0.186,0.042,0.707,2.649,0.0006,0.7524,-2.426,-1.455,0.752,-0.115,1.200,-2.000,0.0082,-0.122,nan,0.00,0,1,0,1,0,0.0000,0.000,0,0.000,0,0.000,0,0,hsv,,hsv,0,0,0,0.000,0,-1,0
1785622440.669,2.061,-2.296,-0.669,0.9986,0,-0.588,0.296,-0.706,0.3100,0.727,0.009,-0.186,0.042,0.706,2.649,0.0002,0.7518,-2.420,-1.452,0.752,-0.088,1.200,-2.000,0.0082,-0.118,nan,0.00,0,1,0,1,0,0.0000,0.000,0,0.000,0,0.000,0,0,hsv,,hsv,0,0,0,0.000,0,-1,0
1785622440.694,2.064,-2.245,-0.655,0.9986,0,-0.789,0.245,-0.706,0.3099,0.727,0.009,-0.186,0.042,0.706,2.853,-0.9608,0.7513,-2.412,-2.412,0.751,-0.061,1.200,-2.000,0.0082,-0.114,nan,0.00,0,1,0,0,0,0.0000,0.000,0,0.000,0,0.000,0,0,hsv,,hsv,0,0,0,0.000,0,-1,0
1785622440.722,2.063,-2.250,-0.653,0.9986,0,-0.586,0.250,-0.706,0.3098,0.727,0.009,-0.186,0.042,0.706,2.649,-0.0001,0.7508,-2.404,-1.442,0.751,-0.030,1.200,-2.000,0.0082,-0.111,nan,0.00,0,1,0,1,0,0.0000,0.000,0,0.000,0,0.000,0,0,hsv,,hsv,0,0,0,0.000,0,-1,0
1785622440.751,2.063,-2.250,-0.653,0.9986,0,-0.586,0.250,-0.707,0.3097,0.727,0.009,-0.186,0.042,0.707,2.649,-0.0002,0.7508,-2.404,-1.442,0.751,-0.030,1.200,-2.000,0.0082,-0.108,nan,0.00,0,1,0,1,0,0.0000,0.000,0,0.000,0,0.000,1,0,hsv,,hsv,0,0,0,0.000,0,-1,0
1785622440.775,2.064,-2.238,-0.650,0.9986,0,-0.787,0.238,-0.707,0.3095,0.727,0.009,-0.186,0.042,0.707,2.851,-0.9532,0.7495,-2.396,-2.396,0.749,-0.002,1.200,-2.000,0.0082,-0.104,nan,0.00,0,1,0,0,0,0.0000,0.000,0,0.000,0,0.000,0,0,hsv,,hsv,0,0,0,0.000,0,-1,0
1785622440.800,2.064,-2.238,-0.650,0.9986,0,-0.585,0.238,-0.709,0.3094,0.727,0.009,-0.186,0.042,0.709,2.649,-0.0006,0.7495,-2.396,-1.437,0.749,-0.002,1.200,-2.000,0.0082,-0.101,nan,0.00,0,1,0,1,0,0.0000,0.000,0,0.000,0,0.000,0,0,hsv,,hsv,0,0,0,0.000,0,-1,0
1785622440.828,2.067,-2.231,-0.648,0.9986,0,-0.783,0.231,-0.709,0.3093,0.727,0.009,-0.186,0.042,0.709,2.850,-0.9501,0.7485,-2.388,-2.388,0.749,0.028,1.200,-2.000,0.0082,-0.098,nan,0.00,0,1,0,0,0,0.0000,0.000,0,0.000,0,0.000,0,0,hsv,,hsv,0,0,0,0.000,0,-1,0
1785622440.861,2.067,-2.238,-0.649,0.9986,0,-0.582,0.238,-0.710,0.3092,0.727,0.009,-0.186,0.042,0.710,2.649,-0.0002,0.7488,-2.380,-1.428,0.749,0.056,1.200,-2.000,0.0082,-0.095,nan,0.00,0,1,0,1,0,0.0000,0.000,0,0.000,0,0.000,0,0,hsv,,hsv,0,0,0,0.000,0,-1,0
1785622440.888,2.069,-2.225,-0.644,0.9986,0,-0.780,0.225,-0.710,0.3092,0.727,0.009,-0.186,0.042,0.710,2.849,-0.9444,0.7497,-2.372,-2.372,0.750,0.086,1.200,-2.000,0.0082,-0.092,nan,0.00,0,1,0,0,0,0.0000,0.000,0,0.000,0,0.000,0,0,hsv,,hsv,0,0,0,0.000,0,-1,0
1785622440.919,2.069,-2.225,-0.644,0.9986,0,-0.780,0.225,-0.710,0.3091,0.727,0.009,-0.186,0.042,0.710,2.849,-0.9444,0.7497,-2.372,-2.372,0.750,0.086,1.200,-2.000,0.0082,-0.090,nan,0.00,0,1,0,0,0,0.0000,0.000,0,0.000,0,0.000,0,0,hsv,,hsv,0,0,0,0.000,0,-1,0
1785622440.951,2.098,-2.170,-0.624,0.9986,0,-0.551,0.170,-0.712,0.3090,0.727,0.009,-0.186,0.042,0.712,2.649,-0.0007,0.7501,-2.364,-1.418,0.750,0.114,1.200,-2.000,0.0082,-0.087,nan,0.00,0,1,0,1,0,0.0000,0.000,0,0.000,0,0.000,0,0,hsv,,hsv,0,0,0,0.000,0,-1,0
1785622440.987,2.106,-2.160,-0.621,0.9986,0,-0.543,0.160,-0.713,0.3089,0.727,0.009,-0.186,0.042,0.713,2.649,-0.0002,0.7500,-2.356,-1.414,0.750,0.144,1.200,-2.000,0.0082,-0.084,nan,0.00,0,1,0,1,0,0.0000,0.000,0,0.000,0,0.000,0,0,hsv,,hsv,0,0,0,0.000,0,-1,0
1785622441.017,2.132,-2.095,-0.592,0.9986,0,-0.517,0.095,-0.714,0.3088,0.727,0.009,-0.186,0.042,0.714,2.649,-0.0005,0.7493,-2.348,-1.409,0.749,0.173,1.200,-2.000,0.0082,-0.082,nan,0.00,0,1,0,1,0,0.0000,0.000,0,0.000,0,0.000,0,0,hsv,,hsv,0,0,0,0.000,0,-1,0
1785622441.040,2.135,-2.093,-0.586,0.9986,0,-0.711,0.093,-0.714,0.3087,0.727,0.009,-0.186,0.042,0.714,2.847,-0.9325,0.7483,-2.341,-2.341,0.748,0.200,1.200,-2.000,0.0082,-0.079,nan,0.00,0,1,0,0,0,0.0000,0.000,0,0.000,0,0.000,0,0,hsv,,hsv,0,0,0,0.000,0,-1,0
1785622441.080,2.135,-2.093,-0.586,0.9986,0,-0.514,0.093,-0.718,0.3086,0.727,0.009,-0.186,0.042,0.718,2.649,-0.0007,0.7483,-2.341,-1.405,0.748,0.200,1.200,-2.000,0.0082,-0.077,nan,0.00,0,1,0,1,0,0.0000,0.000,0,0.000,0,0.000,1,0,hsv,,hsv,0,0,0,0.000,0,-1,0
1785622441.111,2.140,-2.092,-0.578,0.9986,0,-0.510,0.092,-0.723,0.3085,0.727,0.009,-0.186,0.042,0.723,2.649,-0.0020,0.7470,-2.334,-1.401,0.747,0.233,1.200,-2.000,0.0082,-0.075,nan,0.00,0,1,0,1,0,0.0000,0.000,0,0.000,0,0.000,1,0,hsv,,hsv,0,0,0,0.000,0,-1,0
1785622441.143,2.142,-2.091,-0.575,0.9986,0,-0.507,0.091,-0.731,0.3084,0.727,0.009,-0.186,0.042,0.731,2.649,-0.0016,0.7463,-2.328,-1.397,0.746,0.260,1.200,-2.000,0.0082,-0.072,nan,0.00,0,1,0,1,0,0.0000,0.000,0,0.000,0,0.000,1,0,hsv,,hsv,0,0,0,0.000,0,-1,0
1785622441.172,2.145,-2.093,-0.576,0.9986,0,-0.700,0.093,-0.753,0.3083,0.727,0.010,-0.185,0.042,0.753,2.845,-0.9242,0.7452,-2.322,-2.322,0.745,0.290,1.200,-2.000,0.0082,-0.070,nan,0.00,0,1,0,0,0,0.0000,0.000,0,0.000,0,0.000,0,0,hsv,,hsv,0,0,0,0.000,0,-1,0
1785622441.204,2.145,-2.093,-0.576,0.9986,0,-0.504,0.093,-0.753,0.3082,0.727,0.010,-0.185,0.042,0.753,2.649,-0.0003,0.7452,-2.322,-1.393,0.745,0.290,1.200,-2.000,0.0082,-0.068,nan,0.00,0,1,0,1,0,0.0000,0.000,0,0.000,0,0.000,0,0,hsv,,hsv,0,0,0,0.000,0,-1,0
1785622441.234,2.148,-2.093,-0.573,0.9986,0,-0.501,0.093,-0.754,0.3081,0.727,0.010,-0.185,0.042,0.754,2.649,-0.0002,0.7450,-2.315,-1.389,0.745,0.318,1.200,-2.000,0.0082,-0.066,nan,0.00,0,1,0,1,0,0.0000,0.000,0,0.000,0,0.000,0,0,hsv,,hsv,0,0,0,0.000,0,-1,0
1785622441.262,2.155,-2.076,-0.563,0.9986,0,-0.688,0.076,-0.754,0.3081,0.727,0.010,-0.185,0.042,0.754,2.844,-0.9184,0.7451,-2.308,-2.308,0.745,0.348,1.200,-2.000,0.0082,-0.064,nan,0.00,0,1,0,0,0,0.0000,0.000,0,0.000,0,0.000,0,0,hsv,,hsv,0,0,0,0.000,0,-1,0
1785622441.291,2.162,-2.095,-0.564,0.9986,0,-0.488,0.095,-0.755,0.3080,0.727,0.010,-0.185,0.042,0.755,2.649,-0.0003,0.7451,-2.299,-1.380,0.745,0.381,1.200,-2.000,0.0082,-0.062,nan,0.00,0,1,0,1,0,0.0000,0.000,0,0.000,0,0.000,0,0,hsv,,hsv,0,0,0,0.000,0,-1,0
1785622441.329,2.162,-2.095,-0.564,0.9986,0,-0.488,0.095,-0.756,0.3080,0.727,0.010,-0.185,0.042,0.756,2.649,-0.0002,0.7451,-2.299,-1.380,0.745,0.381,1.200,-2.000,0.0082,-0.060,nan,0.00,0,1,0,1,0,0.0000,0.000,0,0.000,0,0.000,2,0,hsv,,hsv,0,0,0,0.000,0,-1,0
1785622441.359,2.167,-2.090,-0.560,0.9986,0,-0.483,0.090,-0.758,0.3079,0.727,0.010,-0.185,0.042,0.758,2.649,-0.0009,0.7446,-2.290,-1.374,0.745,0.414,1.200,-2.000,0.0082,-0.059,nan,0.00,0,1,0,1,0,0.0000,0.000,0,0.000,0,0.000,0,0,hsv,,hsv,0,0,0,0.000,0,-1,0
1785622441.385,2.171,-2.091,-0.562,0.9986,0,-0.671,0.091,-0.758,0.3079,0.727,0.010,-0.185,0.042,0.758,2.842,-0.9086,0.7451,-2.283,-2.283,0.745,0.442,1.200,-2.000,0.0082,-0.057,nan,0.00,0,1,0,0,0,0.0000,0.000,0,0.000,0,0.000,0,0,hsv,,hsv,0,0,0,0.000,0,-1,0
1785622441.419,2.194,-2.088,-0.562,0.9986,0,-0.646,0.088,-0.758,0.3079,0.727,0.010,-0.185,0.042,0.758,2.840,-0.9003,0.7458,-2.275,-2.275,0.746,0.470,1.200,-2.000,0.0082,-0.055,nan,0.00,0,1,0,0,0,0.0000,0.000,0,0.000,0,0.000,1,0,hsv,,hsv,0,0,0,0.000,0,-1,0
1785622441.447,2.194,-2.088,-0.562,0.9986,0,-0.456,0.088,-0.760,0.3078,0.727,0.010,-0.185,0.042,0.760,2.649,-0.0007,0.7458,-2.275,-1.365,0.746,0.470,1.200,-2.000,0.0082,-0.053,nan,0.00,0,1,0,1,0,0.0000,0.000,0,0.000,0,0.000,0,0,hsv,,hsv,0,0,0,0.000,0,-1,0
1785622441.482,2.241,-2.079,-0.560,0.9986,0,-0.408,-0.421,-0.761,0.3078,0.727,0.010,-0.185,0.042,0.761,2.649,-0.0006,0.7468,-2.261,-1.357,0.747,0.512,1.200,-2.500,0.0082,-0.052,nan,0.00,0,1,0,1,0,0.0000,0.000,0,0.000,0,0.000,0,0,hsv,,hsv,0,0,0,0.000,0,-1,0
1785622441.517,2.241,-2.079,-0.560,0.9986,0,-0.408,-0.421,-0.762,0.3078,0.727,0.010,-0.185,0.042,0.762,2.649,-0.0001,0.7468,-2.261,-1.357,0.747,0.512,1.200,-2.500,0.0082,-0.050,nan,0.00,0,1,0,1,0,0.0000,0.000,0,0.000,0,0.000,0,0,hsv,,hsv,0,0,0,0.000,0,-1,1
1785622441.542,2.308,-2.106,-0.565,0.9985,0,-0.531,-0.394,-0.762,0.3079,0.727,0.010,-0.185,0.042,0.762,2.839,-0.8939,0.7509,-2.251,-2.251,0.751,0.546,1.200,-2.500,0.0082,-0.049,nan,0.00,0,1,0,0,0,0.0000,0.000,0,0.000,0,0.000,0,0,hsv,,hsv,0,0,0,0.000,0,-1,0
1785622441.574,2.354,-2.084,-0.559,0.9985,0,-0.296,-0.416,-0.766,0.3080,0.727,0.010,-0.185,0.042,0.766,2.650,-0.0014,0.7544,-2.241,-1.345,0.754,0.578,1.200,-2.500,0.0082,-0.047,nan,0.00,0,1,0,1,0,0.0000,0.000,0,0.000,0,0.000,0,0,hsv,,hsv,0,0,0,0.000,0,-1,0
1785622441.606,2.354,-2.084,-0.559,0.9985,0,-0.296,-0.416,-0.773,0.3080,0.727,0.010,-0.185,0.042,0.773,2.650,-0.0014,0.7544,-2.241,-1.345,0.754,0.578,1.200,-2.500,0.0082,-0.046,nan,0.00,0,1,0,1,0,0.0000,0.000,0,0.000,0,0.000,0,0,hsv,,hsv,0,0,0,0.000,0,-1,0
1785622441.635,2.375,-2.108,-0.565,0.9985,0,-0.275,-0.392,-0.784,0.3081,0.727,0.010,-0.185,0.042,0.784,2.650,-0.0043,0.7581,-2.232,-1.340,0.758,0.610,1.200,-2.500,0.0082,-0.044,nan,0.00,0,1,0,1,0,0.0000,0.000,0,0.000,0,0.000,1,0,hsv,,hsv,0,0,0,0.000,0,-1,0
1785622441.664,2.483,-2.069,-0.547,0.9984,0,-0.353,-0.431,-0.784,0.3083,0.727,0.010,-0.185,0.042,0.784,2.837,-0.8827,0.7618,-2.223,-2.223,0.762,0.639,1.200,-2.500,0.0082,-0.043,nan,0.00,0,1,0,0,0,0.0000,0.000,0,0.000,0,0.000,0,0,hsv,,hsv,0,0,0,0.000,0,-1,0
1785622441.692,2.483,-2.069,-0.547,0.9984,0,-0.167,-0.431,-0.802,0.3082,0.727,0.010,-0.185,0.042,0.802,2.650,-0.0023,0.7618,-2.223,-1.334,0.762,0.639,1.200,-2.500,0.0082,-0.042,nan,0.00,0,1,0,1,0,0.0000,0.000,0,0.000,0,0.000,2,0,hsv,,hsv,0,0,0,0.000,0,-1,0
1785622441.727,2.603,-1.988,-0.534,0.9984,0,-0.233,-0.512,-0.844,0.3084,0.727,0.011,-0.184,0.042,0.844,2.836,-0.8767,0.7668,-2.211,-2.211,0.767,0.672,1.200,-2.500,0.0082,-0.041,nan,0.00,0,1,0,0,0,0.0000,0.000,0,0.000,0,0.000,0,0,hsv,,hsv,0,0,0,0.000,0,-1,0
1785622441.753,2.710,-1.892,-0.494,0.9983,0,-0.124,-0.545,-0.844,0.3086,0.727,0.011,-0.184,0.042,0.844,2.834,-0.8671,0.7704,-2.201,-2.201,0.770,0.697,1.200,-2.437,0.0082,-0.039,nan,0.00,0,1,0,0,0,0.0000,0.000,0,0.000,0,0.000,0,0,hsv,,hsv,0,0,0,0.000,0,-1,0
1785622441.793,3.455,-1.464,-0.869,0.9979,0,0.803,-0.845,-0.878,0.3088,0.727,0.011,-0.184,0.042,0.878,2.652,-0.0066,0.7717,-2.173,-1.305,0.772,0.725,1.200,-2.308,0.0082,-0.038,nan,0.00,0,1,0,1,0,0.0000,0.000,0,0.000,0,0.000,0,0,hsv,,hsv,0,0,0,0.000,0,-1,0
1785622441.821,4.895,0.003,-0.606,0.9964,0,2.070,-2.345,-0.878,0.3084,0.727,0.011,-0.184,0.042,0.878,2.825,-0.8231,0.7536,-2.129,-2.129,0.754,0.701,1.200,-2.500,0.0082,-0.037,nan,0.00,0,1,0,0,0,0.0000,0.000,0,0.000,0,0.000,0,0,hsv,,hsv,0,0,0,0.000,0,-1,0
1785622441.854,4.895,0.003,-0.606,0.9964,0,2.240,-2.503,-0.932,0.3083,0.727,0.012,-0.184,0.042,0.932,2.655,-0.0203,0.7536,-2.129,-1.281,0.754,0.701,1.200,-2.500,0.0082,-0.036,nan,0.00,0,1,0,1,0,0.0000,0.000,0,0.000,0,0.000,0,0,hsv,,hsv,0,0,0,0.000,0,-1,0
1785622441.883,5.375,0.363,-0.321,0.9956,0,2.718,-2.863,-1.095,0.3065,0.727,0.014,-0.184,0.042,1.095,2.657,-0.0311,0.7077,-2.088,-1.260,0.708,0.684,1.200,-2.500,0.0082,-0.035,nan,0.00,0,1,0,1,0,0.0000,0.000,0,0.000,0,0.000,0,0,hsv,,hsv,0,0,0,0.000,0,-1,0
1785622441.912,5.819,0.746,-0.254,0.9948,0,3.139,-3.246,-1.522,0.3040,0.726,0.019,-0.189,0.042,1.522,2.679,-0.1621,0.6493,-2.045,-1.254,0.649,0.670,1.200,-2.500,0.0082,-0.034,nan,0.00,0,1,0,1,0,0.0000,0.000,0,0.000,0,0.000,1,0,hsv,,hsv,0,0,0,0.000,0,-1,0
1785622441.945,6.063,0.939,-0.141,0.9943,0,3.260,-3.439,-1.522,0.3005,0.726,0.019,-0.189,0.042,1.522,2.803,-0.7448,0.5694,-1.999,-1.999,0.569,0.653,1.200,-2.500,0.0082,-0.033,nan,0.00,0,1,0,0,0,0.0000,0.000,0,0.000,0,0.000,0,0,hsv,,hsv,0,0,0,0.000,0,-1,0
1785622441.980,6.063,0.939,-0.141,0.9943,0,3.389,-3.439,-2.012,0.3005,0.723,0.025,-0.199,0.042,2.012,2.673,-0.1854,0.5694,-1.999,-1.242,0.569,0.653,1.200,-2.500,0.0082,-0.032,nan,0.00,0,1,0,1,0,0.0000,0.000,0,0.000,0,0.000,0,0,hsv,,hsv,0,0,0,0.000,0,-1,0
1785622442.011,6.331,1.123,0.108,0.9937,0,3.665,-3.623,-2.644,0.2946,0.718,0.033,-0.214,0.042,2.644,2.666,-0.2375,0.4354,-1.929,-1.218,0.435,0.626,1.200,-2.500,0.0082,-0.031,nan,0.00,0,1,0,1,0,0.0000,0.000,0,0.000,0,0.000,0,0,hsv,,hsv,0,0,0,0.000,0,-1,0
1785622442.034,6.340,1.089,0.323,0.9937,0,3.584,-3.589,-2.644,0.2914,0.718,0.033,-0.214,0.042,2.644,2.756,-0.6697,0.3646,-1.888,-1.888,0.365,0.610,1.200,-2.500,0.0082,-0.030,nan,0.00,0,1,0,0,0,0.0000,0.000,0,0.000,0,0.000,0,0,hsv,,hsv,0,0,0,0.000,0,-1,0
1785622442.072,6.340,1.089,0.323,0.9937,0,3.715,-3.589,-3.627,0.2913,0.710,0.045,-0.235,0.041,3.627,2.625,-0.1827,0.3646,-1.888,-1.197,0.365,0.610,1.200,-2.500,0.0082,-0.029,nan,0.00,0,1,0,1,0,0.0000,0.000,0,0.000,0,0.000,0,0,hsv,,hsv,0,0,0,0.000,0,-1,0
1785622442.103,6.275,0.964,0.609,0.9939,0,2.215,-3.464,-2.127,0.2878,nan,nan,nan,0.000,0.000,10.000,0.0000,0.2891,-1.837,-1.837,0.289,0.593,1.000,-2.500,0.0082,-0.028,nan,0.00,0,0,0,0,0,0.0000,0.000,0,0.000,0,0.000,0,0,,,FLYING,0,0,0,0.000,0,-1,0
1785622442.127,6.275,0.964,0.609,0.9939,0,0.715,-3.464,-0.627,0.2878,nan,nan,nan,0.000,0.000,10.000,0.0000,0.2891,-1.837,-1.837,0.289,0.593,1.000,-2.500,0.0082,-0.027,nan,0.00,0,0,0,0,0,0.0000,0.000,0,0.000,0,0.000,0,0,,,FLYING,0,0,0,0.000,0,-1,0
1785622442.160,6.539,0.779,0.625,0.9934,0,-0.785,-3.279,0.000,0.2846,nan,nan,nan,0.000,0.000,10.000,0.0000,0.2162,-1.769,-1.769,0.216,0.585,1.000,-2.500,0.0082,-0.027,nan,0.00,0,0,0,0,0,0.0000,0.000,0,0.000,0,0.000,0,0,,,FLYING,0,0,0,0.000,0,0,0
1785622442.198,6.779,0.605,0.604,0.9930,0,-2.285,-3.105,-1.500,0.2680,14.666,7.479,-0.301,1.000,25.000,14.000,-0.0000,-0.0000,-1.706,-1.706,0.162,0.582,1.200,-2.500,0.0082,0.429,nan,0.00,1,1,1,1,0,0.0000,0.000,0,0.000,0,0.000,0,1,anduril,,anduril,0,0,-1,0.018,1,0,0
1785622442.226,6.785,0.602,0.603,0.9929,0,-3.785,-3.102,-3.000,0.2610,14.666,7.479,-0.301,1.000,25.000,14.000,0.0011,-0.0008,-1.705,-1.705,0.161,0.582,1.200,-2.500,0.0081,0.431,nan,0.00,1,1,1,0,0,0.0000,0.000,0,0.000,0,0.000,0,0,anduril,,anduril,0,0,-1,0.030,1,0,0
1785622442.273,7.508,0.313,0.989,0.9914,0,-5.285,-2.813,-4.500,0.2443,14.582,7.424,-0.301,1.000,25.000,14.000,-0.0000,-1.6134,-1.631,-0.944,0.148,0.569,1.200,-2.500,0.0081,0.592,nan,0.00,1,1,1,1,1,0.0000,0.255,0,0.050,1,0.907,2,0,anduril,,anduril,0,0,-1,0.038,1,2,0
1785622442.300,7.508,0.313,0.989,0.9914,0,-6.492,-2.813,-6.000,0.2570,14.460,7.293,-0.304,1.000,25.000,14.000,-0.6876,0.0000,-1.631,-1.631,0.148,0.569,1.200,-2.500,0.0080,0.573,nan,0.00,1,1,1,0,1,0.0000,0.258,0,0.055,1,0.900,0,0,anduril,,anduril,0,0,-1,0.025,0,0,0
1785622442.330,8.387,-0.017,1.571,0.9893,0,-5.613,-2.483,-7.500,0.2530,14.460,7.293,-0.304,1.000,25.000,14.000,-0.6030,0.0310,-1.547,-1.547,0.179,0.555,1.200,-2.500,0.0079,0.768,nan,0.00,1,1,1,0,1,0.0000,0.258,0,0.055,1,0.900,0,0,anduril,,anduril,0,0,-1,0.013,0,0,0
1785622442.369,9.166,-0.353,2.383,0.9872,0,-4.834,-2.147,-9.000,0.2363,14.409,7.238,-0.310,1.000,25.000,14.000,-0.0000,-2.0000,-1.468,-0.742,0.227,0.537,1.200,-2.500,0.0078,0.935,nan,0.00,1,1,1,1,1,0.0000,0.258,0,0.055,1,0.895,0,0,anduril,,anduril,0,0,-1,0.000,0,0,0
1785622442.408,9.166,-0.353,2.383,0.9872,0,-4.834,-2.147,-10.500,0.2468,14.409,7.238,-0.310,1.000,25.000,14.000,-0.7259,0.0000,-1.468,-1.468,0.227,0.537,1.200,-2.500,0.0078,0.935,nan,0.00,1,1,1,0,1,0.0000,0.258,0,0.055,1,0.895,0,0,anduril,,anduril,0,0,0,0.000,0,0,0
1785622442.444,9.886,-0.758,3.535,0.9851,0,-4.114,-1.742,-12.000,0.2415,14.409,7.238,-0.310,1.000,25.000,14.000,-0.0000,-0.0000,-1.373,-1.373,0.318,0.518,1.200,-2.500,0.0078,1.128,nan,0.00,1,1,1,1,1,0.0000,0.502,0,0.127,2,0.839,0,1,yolo,144.5,yolo,0,0,0,0.000,0,0,0
1785622442.485,10.488,-1.216,5.077,0.9831,0,-3.512,-0.784,-12.000,0.2336,10.896,6.665,-0.042,1.000,25.000,14.000,-0.0000,-0.0000,-1.275,-1.275,0.433,0.495,1.200,-2.000,0.0078,1.403,nan,0.00,1,1,1,1,1,0.0000,0.502,0,0.127,2,0.839,0,0,yolo,147.0,yolo,0,0,0,0.000,0,0,0
1785622442.518,10.488,-1.216,5.077,0.9831,0,-3.512,-0.784,-12.000,0.2336,10.896,6.665,-0.042,1.000,25.000,14.000,-0.0000,-0.0000,-1.275,-1.275,0.433,0.495,1.200,-2.000,0.0078,1.403,nan,0.00,1,1,1,1,1,0.0000,0.502,0,0.127,2,0.839,0,0,yolo,147.0,yolo,0,0,0,0.000,0,0,0
1785622442.556,10.933,-1.513,6.420,0.9815,0,-3.067,-0.487,-12.000,0.2318,11.266,6.571,-0.068,1.000,25.000,14.000,-0.0000,-0.0000,-1.183,-1.183,0.541,0.480,1.200,-2.000,0.0078,1.476,nan,0.00,1,1,1,1,1,0.0000,0.509,0,0.134,2,0.828,0,0,yolo,147.0,yolo,0,0,0,0.000,0,0,0
1785622442.594,11.345,-1.826,7.840,0.9800,0,-2.655,-0.174,-12.000,0.2293,11.450,6.523,-0.082,1.000,25.000,14.000,-0.0000,-0.0000,-1.080,-1.080,0.650,0.469,1.200,-2.000,0.0078,1.567,nan,0.00,1,1,1,1,1,0.0000,0.515,0,0.140,2,0.811,0,0,yolo,147.0,yolo,0,0,0,0.000,0,0,0
1785622442.631,11.345,-1.826,7.840,0.9800,0,-2.655,-0.174,-12.000,0.2303,11.820,6.429,-0.109,1.000,25.000,14.000,-0.0000,-0.0000,-1.080,-1.080,0.650,0.469,1.200,-2.000,0.0078,1.534,nan,0.00,1,1,1,1,1,0.0000,0.521,0,0.146,2,0.812,0,0,yolo,147.0,yolo,0,0,0,0.000,0,-1,0
1785622442.672,11.679,-2.112,9.260,0.9786,0,-2.321,0.112,-12.000,0.2307,11.976,6.393,-0.205,1.000,25.000,14.000,-0.0000,-0.0000,-0.976,-0.976,0.769,0.463,1.200,-2.000,0.0078,1.534,nan,0.00,1,1,1,1,1,0.0000,0.521,0,0.146,2,0.812,0,0,yolo,153.2,yolo,0,0,0,0.000,0,-1,0
1785622442.709,11.969,-2.378,10.606,0.9774,0,-2.031,0.378,-12.000,0.2473,12.530,6.251,-0.245,1.000,25.000,14.000,-0.0000,-0.0000,-0.877,-0.877,0.877,0.461,1.200,-2.000,0.0078,1.576,nan,0.00,1,1,1,1,1,0.0000,0.530,0,0.155,2,0.807,0,0,yolo,153.2,yolo,0,0,0,0.000,0,-1,0
1785622442.750,12.175,-2.587,11.855,0.9765,0,-1.825,0.587,-12.000,0.2640,12.530,6.251,-0.245,1.000,25.000,14.000,-0.0000,-0.0000,-0.785,-0.785,0.974,0.463,1.200,-2.000,0.0078,1.643,nan,0.00,1,1,1,1,1,0.0000,0.530,0,0.155,2,0.807,0,0,yolo,153.2,yolo,0,0,0,0.000,0,-1,0
1785622442.780,12.175,-2.587,11.855,0.9765,0,-1.825,0.587,-12.000,0.2783,12.530,6.251,-0.245,1.000,25.000,14.000,-0.0000,-0.0000,-0.785,-0.785,0.974,0.463,1.200,-2.000,0.0078,1.643,nan,0.00,1,1,1,1,1,0.0000,0.530,0,0.155,2,0.807,0,0,yolo,153.2,yolo,0,0,0,0.000,0,-1,0
1785622442.818,12.355,-2.785,13.140,0.9757,0,-1.645,0.785,-12.000,0.2950,13.241,5.529,-0.510,1.000,22.665,14.000,2.6981,1.5810,-0.690,-0.677,1.056,0.467,1.200,-2.000,0.0078,1.327,nan,0.00,1,1,1,1,1,0.0000,0.530,0,0.155,2,0.807,3,0,yolo,160.8,yolo,0,0,0,0.000,0,-1,0
1785622442.859,12.524,-2.983,14.562,0.9749,0,-1.476,0.983,-12.000,0.2788,13.241,5.529,-0.510,1.000,22.665,14.000,0.0922,0.0567,-0.585,-0.585,1.113,0.475,1.200,-2.000,0.0078,1.389,nan,0.00,1,1,1,0,1,0.0000,0.531,0,0.156,2,0.810,0,0,yolo,160.8,yolo,0,0,0,0.000,0,-1,0
1785622442.895,12.649,-3.150,15.881,0.9743,0,-1.351,1.150,-12.000,0.2789,13.241,5.529,-0.510,1.000,22.665,14.000,0.1892,0.0808,-0.488,-0.488,1.137,0.486,1.200,-2.000,0.0078,1.439,nan,0.00,1,1,1,0,1,0.0000,0.531,0,0.156,2,0.810,3,0,yolo,160.8,yolo,0,0,0,0.000,0,-1,0
1785622442.936,12.649,-3.150,15.881,0.9743,0,0.149,1.150,-12.000,0.2956,13.766,4.805,-0.723,1.000,19.242,8.876,8.2246,2.0000,-0.488,-0.342,1.137,0.486,1.200,-2.000,0.0078,1.103,nan,0.00,1,1,1,1,1,0.0000,0.538,0,0.163,2,0.817,0,0,yolo,140.0,yolo,0,0,0,0.000,0,-1,0
1785622442.966,12.759,-3.308,17.274,0.9737,0,-1.241,0.808,-12.000,0.2791,13.766,4.805,-0.723,1.000,19.242,14.000,-0.0440,-0.0022,-0.386,-0.386,1.135,0.501,1.200,-2.500,0.0078,1.150,nan,0.00,1,1,1,0,1,0.0000,0.538,0,0.163,2,0.817,0,0,yolo,140.0,yolo,0,0,0,0.000,0,-1,0
1785622442.999,12.840,-3.491,18.493,0.9732,0,-1.160,0.991,-12.000,0.2792,13.766,4.805,-0.723,1.000,19.242,14.000,0.0445,-0.0226,-0.298,-0.298,1.114,0.518,1.200,-2.500,0.0078,1.201,nan,0.00,1,1,1,0,1,0.0000,0.536,0,0.161,2,0.806,0,0,yolo,140.0,yolo,0,0,0,0.000,0,-1,0
1785622443.044,12.909,-3.662,19.807,0.9727,0,-1.091,1.162,-12.000,0.2794,13.766,4.805,-0.723,1.000,19.242,14.000,0.1374,-0.0533,-0.205,-0.205,1.084,0.540,1.200,-2.500,0.0078,1.248,nan,0.00,1,1,1,0,1,0.0000,0.536,0,0.161,2,0.806,0,0,yolo,140.0,yolo,0,0,0,0.000,0,-1,0
1785622443.076,12.909,-3.662,19.807,0.9727,0,-1.091,1.162,-12.000,0.2935,14.316,4.257,-0.809,1.000,16.561,14.000,4.0191,1.0232,-0.205,0.305,1.084,0.540,1.221,-2.500,0.0078,1.077,nan,0.00,1,1,1,1,1,0.0000,0.216,0,0.166,1,0.853,0,0,yolo,139.0,yolo,0,0,0,0.000,0,-1,0
1785622443.108,12.964,-3.816,21.113,0.9724,0,-1.036,1.316,-12.000,0.2795,14.316,4.257,-0.809,1.000,16.561,14.000,-0.4192,-0.0292,-0.114,-0.114,1.054,0.564,1.216,-2.500,0.0078,1.119,nan,0.00,1,1,1,0,1,0.0000,0.433,0,0.166,1,0.853,0,0,yolo,139.0,yolo,0,0,0,0.000,0,-1,0
1785622443.144,13.011,-3.970,22.581,0.9720,0,-0.989,1.470,-12.000,0.2796,14.316,4.257,-0.809,1.000,16.561,14.000,-0.3191,-0.0619,-0.014,-0.014,1.022,0.595,1.211,-2.500,0.0078,1.161,nan,0.00,1,1,1,0,1,0.0000,0.430,0,0.163,1,0.848,0,0,yolo,139.0,yolo,0,0,0,0.000,0,-1,0
1785622443.171,13.011,-3.970,22.581,0.9720,0,-0.989,1.470,-12.000,0.2796,14.316,4.257,-0.809,1.000,16.561,14.000,-0.3191,-0.0619,-0.014,-0.014,1.022,0.595,1.211,-2.500,0.0078,1.161,nan,0.00,1,1,1,0,1,0.0000,0.430,0,0.163,1,0.848,0,0,yolo,139.0,yolo,0,0,0,0.000,0,-1,0
1785622443.205,13.043,-4.087,23.847,0.9717,0,-0.957,1.587,-12.000,0.2797,14.316,4.257,-0.809,1.000,16.561,14.000,-0.2346,-0.0902,0.071,0.071,0.993,0.624,1.207,-2.500,0.0078,1.193,nan,0.00,1,1,1,0,1,0.0000,0.430,0,0.163,1,0.848,3,0,yolo,139.0,yolo,0,0,0,0.000,0,-1,0
1785622443.235,13.068,-4.198,25.183,0.9715,0,0.543,1.698,-12.000,0.2963,13.876,3.274,-0.770,1.000,13.277,0.388,5.9649,1.3996,0.158,0.505,0.963,0.658,1.296,-2.500,0.0078,1.006,nan,0.00,1,1,1,1,1,0.0000,0.422,0,0.152,1,0.843,0,0,yolo,140.3,yolo,0,0,0,0.000,0,-1,0
1785622443.263,13.068,-4.198,25.183,0.9715,0,-0.932,1.698,-12.000,0.2797,13.876,3.274,-0.770,1.000,13.277,14.000,-0.3477,0.0000,0.158,0.158,0.963,0.658,1.296,-2.500,0.0078,1.006,nan,0.00,1,1,1,0,1,0.0000,0.422,0,0.152,1,0.843,0,0,yolo,140.3,yolo,0,0,0,0.000,0,-1,0
1785622443.300,13.086,-4.291,26.452,0.9713,0,-0.914,1.791,-12.000,0.2798,13.876,3.274,-0.770,1.000,13.277,14.000,-0.2673,-0.0284,0.238,0.238,0.935,0.692,1.287,-2.500,0.0078,1.030,nan,0.00,1,1,1,0,1,0.0000,0.414,0,0.143,1,0.842,0,0,yolo,140.3,yolo,0,0,0,0.000,0,-1,0
1785622443.339,13.100,-4.378,27.792,0.9711,0,-0.900,1.966,-12.000,0.2798,13.876,3.274,-0.770,1.000,13.277,14.000,-0.1847,-0.0584,0.321,0.321,0.905,0.731,1.278,-2.413,0.0078,1.052,nan,0.00,1,1,1,0,1,0.0000,0.414,0,0.143,1,0.842,0,0,yolo,140.3,yolo,0,0,0,0.000,0,-1,0
1785622443.377,13.100,-4.378,27.792,0.9711,0,0.600,1.878,-10.500,0.2965,15.079,2.362,-0.877,1.000,8.903,-13.658,6.9064,1.3101,0.321,0.248,0.905,0.731,1.516,-2.500,0.0077,0.833,nan,0.00,1,1,1,1,1,0.0000,0.416,0,0.145,1,0.844,0,0,yolo,134.4,yolo,0,0,0,0.000,0,-1,0
1785622443.418,13.109,-4.446,29.167,0.9710,0,-0.891,1.946,-9.000,0.2798,15.079,2.362,-0.877,1.000,8.903,14.000,0.1544,-0.0305,0.403,0.403,0.875,0.772,1.502,-2.500,0.0076,0.852,nan,0.00,1,1,1,0,1,0.0000,0.416,0,0.145,1,0.844,0,0,yolo,134.4,yolo,0,0,0,0.000,0,-1,0
1785622443.448,13.144,-4.433,30.152,0.9709,0,-0.856,1.933,-8.903,0.2796,15.079,2.362,-0.877,1.000,8.903,14.000,0.2378,-0.0602,0.486,0.486,0.845,0.813,1.503,-2.500,0.0075,0.850,nan,0.00,1,1,1,0,1,0.0000,0.413,0,0.141,1,0.845,0,0,yolo,134.4,yolo,0,0,0,0.000,0,-1,0
1785622443.479,13.144,-4.433,30.152,0.9709,0,-0.856,1.933,-8.903,0.2796,15.079,2.362,-0.877,1.000,8.903,14.000,0.2378,-0.0602,0.486,0.486,0.845,0.813,1.503,-2.500,0.0074,0.850,nan,0.00,1,1,1,0,1,0.0000,0.413,0,0.141,1,0.845,2,0,yolo,134.4,yolo,0,0,0,0.000,0,-1,0
1785622443.509,13.174,-4.416,31.026,0.9708,0,0.644,1.916,-7.403,0.2962,15.724,1.152,-0.974,1.000,4.189,-14.000,12.9369,2.0000,0.561,1.359,0.818,0.851,1.923,-2.500,0.0074,0.527,nan,0.00,1,1,1,1,1,0.0000,0.154,0,0.137,0,0.844,0,0,yolo,142.0,yolo,0,0,0,0.000,0,-1,0
1785622443.544,13.013,-4.375,31.884,0.9715,0,2.144,1.875,-5.903,0.2796,15.724,1.152,-0.974,1.000,4.189,10.595,-0.7200,-0.0360,0.639,0.639,0.782,0.892,1.938,-2.500,0.0073,0.512,nan,0.00,1,1,1,0,1,0.0000,0.307,0,0.137,0,0.844,1,0,yolo,142.0,yolo,0,0,0,0.000,0,-1,0
1785622443.569,13.013,-4.375,31.884,0.9715,0,2.418,1.875,-4.403,0.2629,15.724,1.152,-0.974,1.000,4.189,10.595,-0.7200,-0.0360,0.639,0.639,0.782,0.892,1.938,-2.500,0.0073,0.512,nan,0.00,1,1,1,0,1,0.0000,0.204,0,0.136,1,0.848,0,0,yolo,142.0,yolo,0,0,0,0.000,0,-1,0
1785622443.602,12.854,-4.324,32.723,0.9722,0,3.047,1.824,-4.189,0.2600,15.724,1.152,-0.974,1.000,4.189,9.808,-0.6447,-0.0793,0.714,0.714,0.739,0.935,1.956,-2.500,0.0072,0.494,nan,0.00,1,1,1,0,1,0.0000,0.304,0,0.132,0,0.848,0,0,yolo,142.0,yolo,0,0,0,0.000,0,-1,0
1785622443.633,12.494,-4.217,33.159,0.9737,0,3.363,1.717,-4.189,0.2600,15.724,1.152,-0.974,1.000,4.189,9.131,-0.5800,-0.0951,0.779,0.779,0.723,0.970,1.993,-2.500,0.0072,0.457,nan,0.00,1,1,1,0,1,0.0000,0.304,0,0.132,0,0.861,0,0,yolo,142.0,yolo,0,0,0,0.000,0,-1,0
1785622443.671,12.494,-4.217,33.159,0.9737,0,4.863,1.717,-2.689,0.2767,15.440,-0.048,-0.826,1.000,-0.178,-14.000,5.8843,0.6801,0.779,1.638,0.723,0.970,2.129,-2.500,0.0071,0.321,nan,0.00,1,1,1,1,1,0.0000,0.304,0,0.132,0,0.861,2,0,yolo,144.6,yolo,0,0,0,0.000,0,-1,0
1785622443.702,12.092,-4.112,33.598,0.9753,0,6.363,1.612,-1.189,0.2691,15.440,-0.048,-0.826,1.000,-0.178,-1.137,-0.7974,0.0014,0.841,0.841,0.724,1.006,2.159,-2.500,0.0071,0.291,nan,0.00,1,1,1,0,1,0.0000,0.301,0,0.127,0,0.854,0,0,yolo,144.6,yolo,0,0,0,0.000,0,-1,0
1785622443.726,11.609,-4.009,33.990,0.9771,0,7.863,1.509,0.178,0.2703,15.440,-0.048,-0.826,1.000,-0.178,-1.702,-0.7438,0.0205,0.894,0.894,0.743,1.040,2.188,-2.500,0.0071,0.262,nan,0.00,1,1,1,0,1,0.0000,0.301,0,0.127,0,0.854,0,0,yolo,144.6,yolo,0,0,0,0.000,0,-1,0
1785622443.768,11.609,-4.009,33.990,0.9771,0,9.363,1.509,0.178,0.2703,15.440,-0.048,-0.826,1.000,-0.178,-1.702,-0.7438,0.0205,0.894,0.894,0.743,1.040,2.188,-2.500,0.0070,0.262,nan,0.00,1,1,1,0,1,0.0000,0.301,0,0.127,0,0.854,2,0,yolo,144.6,yolo,0,0,0,0.000,0,-1,0
1785622443.806,10.021,-3.740,33.933,0.9826,0,10.863,1.240,0.178,0.2733,15.440,-0.048,-0.826,1.000,-0.178,-2.369,-0.6807,0.0693,0.958,0.958,0.792,1.079,2.200,-2.500,0.0070,0.187,nan,0.00,1,1,1,0,1,0.0000,0.272,0,0.078,1,0.849,0,0,yolo,144.6,yolo,0,0,0,0.000,0,-1,0
1785622443.834,8.700,-3.592,33.954,0.9866,0,11.337,1.092,0.178,0.2734,15.440,-0.048,-0.826,1.000,-0.178,-2.636,-0.6553,0.0682,0.983,0.983,0.791,1.106,2.200,-2.500,0.0070,0.145,nan,0.00,1,1,1,0,1,0.0000,0.272,0,0.078,1,0.849,0,0,yolo,144.6,yolo,0,0,0,0.000,0,-1,0
1785622443.875,8.700,-3.592,33.954,0.9866,0,12.837,1.092,1.678,0.2731,15.096,-1.108,-0.653,1.000,-4.197,-14.000,5.2951,0.0551,0.983,2.093,0.791,1.106,2.200,-2.500,0.0070,0.134,nan,0.00,1,1,1,1,1,0.0000,0.269,0,0.073,1,0.853,0,0,yolo,201.9,yolo,0,0,0,0.000,0,-1,0
1785622443.903,6.982,-3.420,33.758,0.9908,0,14.337,0.920,3.178,0.2692,15.096,-1.108,-0.653,1.000,-4.197,-10.589,-1.1007,-0.0151,0.992,0.992,0.776,1.132,2.200,-2.500,0.0070,0.119,nan,0.00,1,1,1,0,1,0.0000,0.269,0,0.073,1,0.853,0,0,yolo,201.9,yolo,0,0,0,0.000,0,-1,0
1785622443.949,5.138,-3.260,33.368,0.9944,0,15.629,0.760,4.197,0.2678,15.096,-1.108,-0.653,1.000,-4.197,-10.491,-1.1100,-0.0312,0.983,0.983,0.760,1.152,2.200,-2.500,0.0070,0.110,nan,0.00,1,1,1,0,1,0.0000,0.269,0,0.073,1,0.853,3,0,yolo,201.9,yolo,0,0,0,0.000,0,-1,0
1785622443.976,5.138,-3.260,33.368,0.9944,0,15.629,0.760,4.197,0.2678,15.096,-1.108,-0.653,1.000,-4.197,-10.491,-1.1100,-0.0312,0.983,0.983,0.760,1.152,2.200,-2.500,0.0070,0.110,nan,0.00,1,1,1,0,1,0.0000,0.272,0,0.078,1,0.864,0,0,yolo,201.9,yolo,0,0,0,0.000,0,-1,0
1785622444.005,3.053,-3.122,32.856,0.9971,0,14.129,0.622,4.197,0.2663,15.096,-1.108,-0.653,1.000,-4.197,-10.151,-1.1420,-0.0460,0.951,0.951,0.745,1.170,2.200,-2.500,0.0070,0.112,nan,0.00,1,1,1,0,1,0.0000,0.272,0,0.078,1,0.864,0,0,yolo,201.9,yolo,0,0,0,0.000,0,-1,0
1785622444.043,3.053,-3.122,32.856,0.9971,0,15.629,0.622,5.697,0.2496,14.806,-1.868,-0.458,1.000,-7.190,-14.000,5.7993,-1.0430,0.951,2.345,0.745,1.170,2.100,-2.500,0.0069,0.251,nan,0.00,1,1,1,1,1,0.0000,0.272,0,0.078,1,0.864,1,0,yolo,203.4,yolo,0,0,0,0.000,0,-1,0
1785622444.077,3.053,-3.122,32.856,0.9971,0,17.053,0.622,7.190,0.2641,14.806,-1.868,-0.458,1.000,-7.190,-14.000,-1.3945,0.0000,0.951,0.951,0.745,1.170,2.100,-2.500,0.0069,0.251,nan,0.00,1,1,1,0,1,0.0000,0.365,0,0.082,2,0.867,0,0,yolo,203.4,yolo,0,0,0,0.000,0,-1,0
1785622444.114,-0.211,-2.957,31.718,0.9987,0,15.553,0.457,7.190,0.2623,14.806,-1.868,-0.458,1.000,-7.190,-14.000,-1.4937,0.0104,0.852,0.852,0.755,1.191,2.043,-2.500,0.0069,0.314,nan,0.00,1,1,1,0,1,0.0000,0.365,0,0.082,2,0.867,0,0,yolo,203.4,yolo,0,0,0,0.000,0,-1,0
1785622444.154,-0.211,-2.957,31.718,0.9987,0,14.053,0.457,7.190,0.2623,14.806,-1.868,-0.458,1.000,-7.190,-14.000,-1.4937,0.0104,0.852,0.852,0.755,1.191,2.043,-2.500,0.0068,0.314,nan,0.00,1,1,1,0,1,0.0000,0.500,0,0.125,2,0.876,0,0,yolo,203.4,yolo,0,0,0,0.000,0,-1,0
1785622444.180,-3.051,-2.908,30.467,0.9973,0,12.553,0.408,7.190,0.2611,14.806,-1.868,-0.458,1.000,-7.190,-14.000,-1.6183,0.0321,0.727,0.727,0.777,1.208,1.971,-2.500,0.0068,0.394,nan,0.00,1,1,1,0,1,0.0000,0.500,0,0.125,2,0.876,0,0,yolo,203.4,yolo,0,0,0,0.000,0,-1,0
1785622444.207,-3.051,-2.908,30.467,0.9973,0,11.053,0.408,8.690,0.2445,14.632,-2.786,-0.278,1.000,-10.779,-14.000,13.7480,-2.0000,0.727,3.517,0.777,1.208,1.583,-2.500,0.0067,0.613,nan,0.00,1,1,1,1,1,0.0000,0.500,0,0.125,2,0.876,0,0,yolo,162.6,yolo,0,0,0,0.000,0,-1,0
1785622444.236,-4.700,-2.936,29.179,0.9953,0,9.553,0.501,10.190,0.2611,14.632,-2.786,-0.278,1.000,-10.779,-14.000,-2.9022,0.0499,0.615,0.615,0.827,1.222,1.531,-2.434,0.0067,0.700,nan,0.00,1,1,1,0,1,0.0000,0.405,0,0.131,1,0.828,0,0,yolo,162.6,yolo,0,0,0,0.000,0,-1,0
1785622444.263,-4.700,-2.936,29.179,0.9953,0,9.300,0.436,10.779,0.2719,14.632,-2.786,-0.278,1.000,-10.779,-14.000,-2.9022,0.0499,0.615,0.615,0.827,1.222,1.531,-2.500,0.0066,0.700,nan,0.00,1,1,1,0,1,0.0000,0.405,0,0.131,1,0.828,0,0,yolo,162.6,yolo,0,0,0,0.000,0,-1,0
1785622444.299,-6.030,-3.012,27.671,0.9931,0,7.970,0.699,10.779,0.2724,14.632,-2.786,-0.278,1.000,-10.779,-14.000,-3.0107,0.0975,0.507,0.507,0.875,1.234,1.480,-2.314,0.0065,0.785,nan,0.00,1,1,1,0,1,0.0000,0.405,0,0.131,1,0.828,0,0,yolo,162.6,yolo,0,0,0,0.000,0,-1,0
1785622444.336,-6.030,-3.012,27.671,0.9931,0,7.970,0.608,10.779,0.2723,14.632,-2.786,-0.278,1.000,-10.779,-14.000,-3.0107,0.0975,0.507,0.507,0.875,1.234,1.480,-2.404,0.0064,0.785,nan,0.00,1,1,1,0,1,0.0000,0.405,0,0.131,1,0.828,2,0,yolo,162.6,yolo,0,0,0,0.000,0,-1,0
1785622444.378,-7.145,-3.068,26.266,0.9908,0,6.855,1.160,12.000,0.2729,14.455,-3.280,-0.253,1.000,-12.784,-14.000,-0.0000,-0.0000,0.391,0.391,0.918,1.250,1.339,-1.908,0.0064,0.930,nan,0.00,1,1,1,1,1,0.0000,0.294,0,0.116,0,0.762,0,0,yolo,160.5,yolo,0,0,0,0.000,0,-1,0
1785622444.408,-7.145,-3.068,26.266,0.9908,0,6.855,1.065,12.000,0.2728,14.455,-3.280,-0.253,1.000,-12.784,-14.000,0.0000,0.0000,0.391,0.391,0.918,1.250,1.339,-2.002,0.0063,0.930,nan,0.00,1,1,1,0,1,0.0000,0.386,0,0.108,1,0.716,0,0,yolo,160.5,yolo,0,0,0,0.000,0,-1,0
1785622444.437,-8.262,-3.129,24.337,0.9881,0,5.738,1.401,12.000,0.2735,14.455,-3.280,-0.253,1.000,-12.784,-14.000,-0.1357,0.0247,0.256,0.256,0.943,1.269,1.304,-1.728,0.0063,1.010,nan,0.00,1,1,1,0,1,0.0000,0.386,0,0.108,1,0.716,0,0,yolo,160.5,yolo,0,0,0,0.000,0,-1,0
1785622444.471,-8.262,-3.129,24.337,0.9881,0,5.738,1.293,12.000,0.2735,14.455,-3.280,-0.253,1.000,-12.784,-14.000,-0.1357,0.0247,0.256,0.256,0.943,1.269,1.304,-1.836,0.0063,1.010,nan,0.00,1,1,1,0,1,0.0000,0.254,0,0.048,1,0.680,0,0,yolo,160.5,yolo,0,0,0,0.000,0,-1,0
1785622444.503,-9.189,-3.193,22.469,0.9856,0,4.811,1.681,12.000,0.2742,14.455,-3.280,-0.253,1.000,-12.784,-14.000,-0.2749,0.0413,0.117,0.117,0.960,1.293,1.274,-1.511,0.0063,1.079,nan,0.00,1,1,1,0,1,0.0000,0.254,0,0.048,1,0.680,0,0,yolo,160.5,yolo,0,0,0,0.000,0,-1,0
1785622444.536,-9.189,-3.193,22.469,0.9856,0,4.811,1.275,12.000,0.2909,15.674,-3.467,-0.583,1.000,-12.472,-14.000,-0.4270,1.1407,0.117,2.204,0.960,1.293,1.384,-1.918,0.0062,0.851,nan,0.00,1,1,1,1,0,0.0000,0.000,0,0.000,0,0.000,0,0,yolo,142.7,yolo,0,0,0,0.000,0,-1,0
1785622444.566,-10.010,-3.284,20.634,0.9832,0,3.990,1.758,12.000,0.2747,15.674,-3.467,-0.583,1.000,-12.472,-14.000,-2.2258,-0.0186,-0.022,-0.022,0.941,1.323,1.349,-1.526,0.0061,0.926,nan,0.00,1,1,1,0,0,0.0000,0.000,0,0.000,0,0.000,0,0,yolo,142.7,yolo,0,0,0,0.000,0,-1,0
1785622444.602,-10.490,-3.333,19.307,0.9816,0,3.510,2.026,12.000,0.2750,15.674,-3.467,-0.583,1.000,-12.472,-14.000,-2.3203,-0.0498,-0.117,-0.117,0.910,1.348,1.330,-1.307,0.0060,0.969,nan,0.00,1,1,1,0,0,0.0000,0.000,0,0.000,0,0.000,0,0,yolo,142.7,yolo,0,0,0,0.000,0,-1,0
1785622444.631,-10.497,-3.334,19.284,0.9816,0,3.503,1.839,12.000,0.2749,15.674,-3.467,-0.583,1.000,-12.472,-14.000,-2.3218,-0.0503,-0.118,-0.118,0.909,1.349,1.329,-1.494,0.0059,0.969,nan,0.00,1,1,1,0,0,0.0000,0.000,0,0.000,0,0.000,0,0,yolo,142.7,yolo,0,0,0,0.000,0,-1,0
1785622444.674,-10.887,-3.364,17.870,0.9803,0,3.113,2.159,12.000,0.2753,15.674,-3.467,-0.583,1.000,-12.472,-14.000,-2.4183,-0.0779,-0.215,-0.215,0.882,1.378,1.315,-1.205,0.0059,1.001,nan,0.00,1,1,1,0,0,0.0000,0.000,0,0.000,0,0.000,0,0,yolo,142.7,yolo,0,0,0,0.000,0,-1,0
1785622444.705,-10.887,-3.364,17.870,0.9803,0,3.113,1.968,12.000,0.2753,15.674,-3.467,-0.583,1.000,-12.472,-14.000,-2.4183,-0.0779,-0.215,-0.215,0.882,1.378,1.315,-1.396,0.0059,1.001,nan,0.00,1,1,1,0,1,0.0000,0.160,0,0.025,0,0.570,0,0,yolo,142.7,yolo,0,0,0,0.000,0,-1,0
1785622444.731,-11.280,-3.389,16.218,0.9790,0,2.720,2.384,12.000,0.2757,15.674,-3.467,-0.583,1.000,-12.472,-14.000,-2.5315,-0.1046,-0.328,-0.328,0.855,1.415,1.300,-1.005,0.0059,1.032,nan,0.00,1,1,1,0,1,0.0000,0.160,0,0.025,0,0.570,0,0,yolo,142.7,yolo,0,0,0,0.000,0,-1,0
1785622444.768,-11.563,-3.362,14.782,0.9780,0,2.437,2.608,12.000,0.2760,15.674,-3.467,-0.583,1.000,-12.472,-14.000,-2.6270,-0.1197,-0.423,-0.423,0.840,1.449,1.296,-0.754,0.0059,1.042,nan,0.00,1,1,1,0,1,0.0000,0.161,0,0.028,0,0.574,0,0,yolo,142.7,yolo,0,0,0,0.000,0,-1,0
1785622444.803,-11.563,-3.362,14.782,0.9780,0,2.437,1.492,12.000,0.2759,18.464,-3.979,-1.565,1.000,-12.162,-14.000,-0.0000,-0.0000,-0.423,-0.423,0.840,1.449,1.638,-1.870,0.0059,0.349,nan,0.00,1,1,1,1,1,0.0000,0.161,0,0.028,0,0.574,2,0,yolo,131.7,yolo,0,0,0,0.000,0,-1,0
1785622444.830,-11.852,-3.382,13.279,0.9770,0,2.148,1.890,12.000,0.2762,18.464,-3.979,-1.565,1.000,-12.162,-14.000,-0.1001,-0.0104,-0.524,-0.524,0.829,1.488,1.625,-1.493,0.0058,0.377,nan,0.00,1,1,1,0,1,0.0000,0.162,0,0.029,0,0.577,0,0,yolo,131.7,yolo,0,0,0,0.000,0,-1,0
1785622444.866,-11.852,-3.382,13.279,0.9770,0,2.148,1.635,12.000,0.2761,18.464,-3.979,-1.565,1.000,-12.162,-14.000,-0.1001,-0.0104,-0.524,-0.524,0.829,1.488,1.625,-1.748,0.0058,0.377,nan,0.00,1,1,1,0,1,0.0000,0.162,0,0.029,0,0.577,1,0,yolo,131.7,yolo,0,0,0,0.000,0,-1,0
1785622444.894,-12.071,-3.466,11.774,0.9761,0,1.929,2.185,12.000,0.2763,18.464,-3.979,-1.565,1.000,-12.162,-14.000,-0.1973,-0.0296,-0.621,-0.621,0.810,1.533,1.604,-1.280,0.0057,0.420,nan,0.00,1,1,1,0,0,0.0000,0.000,0,0.000,0,0.000,0,0,yolo,131.7,yolo,0,0,0,0.000,0,-1,0
1785622444.927,-12.071,-3.466,11.774,0.9761,0,1.929,1.710,11.374,0.2881,18.226,-3.666,-1.534,1.000,-11.374,-14.000,-2.5063,0.5019,-0.621,0.576,0.810,1.533,1.686,-1.755,0.0057,0.369,nan,0.00,1,1,1,1,0,0.0000,0.000,0,0.000,0,0.000,0,0,yolo,137.3,yolo,0,0,0,0.000,0,-1,0
1785622444.954,-12.244,-3.477,10.353,0.9755,0,1.756,2.139,11.374,0.2714,18.226,-3.666,-1.534,1.000,-11.374,-14.000,-1.2861,-0.0193,-0.710,-0.710,0.791,1.577,1.678,-1.339,0.0057,0.385,nan,0.00,1,1,1,0,0,0.0000,0.000,0,0.000,0,0.000,0,0,yolo,137.3,yolo,0,0,0,0.000,0,-1,0
1785622444.990,-12.415,-3.495,8.951,0.9748,0,1.585,2.525,11.374,0.2624,18.226,-3.666,-1.534,1.000,-11.374,-14.000,-1.3720,-0.0387,-0.796,-0.796,0.772,1.623,1.668,-0.969,0.0056,0.402,nan,0.00,1,1,1,0,0,0.0000,0.000,0,0.000,0,0.000,0,0,yolo,137.3,yolo,0,0,0,0.000,0,-1,0
1785622445.022,-12.418,-3.495,8.924,0.9748,0,1.582,2.196,11.374,0.2624,18.226,-3.666,-1.534,1.000,-11.374,-14.000,-1.3737,-0.0390,-0.797,-0.797,0.771,1.624,1.668,-1.299,0.0056,0.402,nan,0.00,1,1,1,0,0,0.0000,0.000,0,0.000,0,0.000,0,0,yolo,137.3,yolo,0,0,0,0.000,0,-1,0
1785622445.056,-12.552,-3.506,7.528,0.9743,0,0.082,2.228,9.874,0.2778,18.859,-3.155,-1.518,1.000,-9.498,-3.684,-3.7056,0.2644,-0.887,-0.345,0.771,1.675,1.832,-1.278,0.0055,0.358,nan,0.00,1,1,1,1,0,0.0000,0.000,0,0.000,0,0.000,2,0,yolo,127.2,yolo,0,0,0,0.000,0,-1,0
1785622445.092,-12.484,-3.470,6.378,0.9746,0,1.516,2.462,9.498,0.2660,18.859,-3.155,-1.518,1.000,-9.498,-14.000,-0.6284,0.0004,-0.973,-0.973,0.771,1.722,1.843,-1.007,0.0055,0.342,nan,0.00,1,1,1,0,0,0.0000,0.000,0,0.000,0,0.000,0,0,yolo,127.2,yolo,0,0,0,0.000,0,-1,0
1785622445.128,-12.484,-3.470,6.378,0.9746,0,1.516,2.074,9.498,0.2660,18.859,-3.155,-1.518,1.000,-9.498,-14.000,-0.6284,0.0004,-0.973,-0.973,0.771,1.722,1.843,-1.396,0.0055,0.342,nan,0.00,1,1,1,0,0,0.0000,0.000,0,0.000,0,0.000,0,0,yolo,127.2,yolo,0,0,0,0.000,0,-1,0
1785622445.155,-12.662,-3.444,5.145,0.9739,0,1.338,2.506,9.498,0.2666,18.859,-3.155,-1.518,1.000,-9.498,-14.000,-0.7279,0.0109,-1.073,-1.073,0.782,1.777,1.842,-0.938,0.0054,0.344,nan,0.00,1,1,1,0,0,0.0000,0.000,0,0.000,0,0.000,0,0,yolo,127.2,yolo,0,0,0,0.000,0,-1,0
1785622445.191,-12.662,-3.444,5.145,0.9739,0,1.338,2.139,9.498,0.2665,18.859,-3.155,-1.518,1.000,-9.498,-14.000,-0.7279,0.0109,-1.073,-1.073,0.782,1.777,1.842,-1.305,0.0054,0.344,nan,0.00,1,1,1,0,0,0.0000,0.000,0,0.000,0,0.000,0,0,yolo,127.2,yolo,0,0,0,0.000,0,-1,0
1785622445.221,-12.772,-3.417,3.921,0.9735,0,1.228,2.579,9.498,0.2675,18.859,-3.155,-1.518,1.000,-9.498,-14.000,-0.8221,0.0292,-1.167,-1.167,0.800,1.832,1.843,-0.837,0.0054,0.342,nan,0.00,1,1,1,0,0,0.0000,0.000,0,0.000,0,0.000,2,0,yolo,127.2,yolo,0,0,0,0.000,0,-1,0
1785622445.248,-12.772,-3.417,3.921,0.9735,0,1.228,2.222,9.498,0.2675,18.859,-3.155,-1.518,1.000,-9.498,-14.000,-0.8221,0.0292,-1.167,-1.167,0.800,1.832,1.843,-1.195,0.0053,0.342,nan,0.00,1,1,1,0,0,0.0000,0.000,0,0.000,0,0.000,0,0,yolo,127.2,yolo,0,0,0,0.000,0,-1,0
1785622445.279,-12.870,-3.379,2.738,0.9732,0,0.705,2.652,9.498,0.2767,18.859,-3.155,-1.518,1.000,-9.498,-13.575,-0.9123,0.0470,-1.257,-1.257,0.818,1.887,1.848,-0.727,0.0053,0.336,nan,0.00,1,1,1,0,0,0.0000,0.000,0,0.000,0,0.000,0,0,yolo,127.2,yolo,0,0,0,0.000,0,-1,0
1785622445.313,-12.870,-3.379,2.738,0.9732,0,0.705,2.299,9.498,0.2767,18.859,-3.155,-1.518,1.000,-9.498,-13.575,-0.9123,0.0470,-1.257,-1.257,0.818,1.887,1.848,-1.080,0.0053,0.336,nan,0.00,1,1,1,0,0,0.0000,0.000,0,0.000,0,0.000,1,0,yolo,127.2,yolo,0,0,0,0.000,0,-1,0
1785622445.340,-12.895,-3.277,1.468,0.9732,0,-0.199,2.671,9.498,0.2767,18.859,-3.155,-1.518,1.000,-9.498,-12.696,-1.0050,0.0512,-1.350,-1.350,0.822,1.945,1.871,-0.606,0.0052,0.303,nan,0.00,1,1,1,0,0,0.0000,0.000,0,0.000,0,0.000,0,0,yolo,127.2,yolo,0,0,0,0.000,0,-1,0
1785622445.378,-12.895,-3.277,1.468,0.9732,0,-0.199,2.309,9.498,0.2766,18.859,-3.155,-1.518,1.000,-9.498,-12.696,-1.0050,0.0512,-1.350,-1.350,0.822,1.945,1.871,-0.968,0.0052,0.303,nan,0.00,1,1,1,0,0,0.0000,0.000,0,0.000,0,0.000,0,0,yolo,127.2,yolo,0,0,0,0.000,0,-1,0
1785622445.403,-12.791,-3.178,0.183,0.9737,0,-0.944,2.692,9.498,0.2765,18.859,-3.155,-1.518,1.000,-9.498,-11.847,-1.0945,0.0534,-1.439,-1.439,0.824,2.006,1.898,-0.486,0.0052,0.265,nan,0.00,1,1,1,0,0,0.0000,0.000,0,0.000,0,0.000,0,0,yolo,127.2,yolo,0,0,0,0.000,0,-1,0
1785622445.438,-12.791,-3.178,0.183,0.9737,0,-2.444,4.192,7.998,0.2931,nan,nan,nan,0.000,0.000,10.000,0.0000,0.8242,-1.439,-1.439,0.824,2.006,1.000,1.385,0.0052,0.257,nan,0.00,0,0,0,0,0,0.0000,0.000,0,0.000,0,0.000,0,0,,,FLYING,0,0,0,0.000,0,-1,0
1785622445.498,-12.575,-3.063,-1.202,0.9746,0,-3.944,5.063,6.498,0.3062,nan,nan,nan,0.000,0.000,10.000,0.0000,0.8150,-1.530,-1.530,0.815,2.071,1.000,2.000,0.0052,0.249,nan,0.00,0,0,0,0,0,0.0000,0.000,0,0.000,0,0.000,0,0,,,FLYING,0,0,0,0.000,0,-1,0
1785622445.527,-12.135,-2.640,-2.384,0.9766,0,-5.444,4.972,4.998,0.3044,nan,nan,nan,0.000,0.000,10.000,0.0000,0.7848,-1.621,-1.621,0.785,2.126,1.000,2.331,0.0052,0.242,nan,0.00,0,0,0,0,0,0.0000,0.000,0,0.000,0,0.000,0,0,,,FLYING,0,0,0,0.000,0,-1,0
1785622445.564,-12.135,-2.640,-2.384,0.9766,0,-6.944,4.517,3.498,0.3046,nan,nan,nan,0.000,0.000,10.000,0.0000,0.7848,-1.621,-1.621,0.785,2.126,1.000,1.877,0.0052,0.234,nan,0.00,0,0,0,0,0,0.0000,0.000,0,0.000,0,0.000,0,0,,,FLYING,0,0,0,0.000,0,-1,0
1785622445.590,-11.327,-2.074,-3.074,0.9799,0,-8.444,4.070,1.998,0.3014,nan,nan,nan,0.000,0.000,10.000,0.0000,0.7334,-1.704,-1.704,0.733,2.159,1.000,1.996,0.0052,0.227,nan,0.00,0,0,0,0,0,0.0000,0.000,0,0.000,0,0.000,0,0,,,FLYING,0,0,0,0.000,0,-1,0
1785622445.626,-9.997,-1.496,-3.374,0.9845,0,-9.944,3.421,0.498,0.2965,nan,nan,nan,0.000,0.000,10.000,0.0000,0.6515,-1.794,-1.794,0.651,2.179,1.000,1.925,0.0052,0.220,nan,0.00,0,0,0,0,0,0.0000,0.000,0,0.000,0,0.000,0,0,,,FLYING,0,0,0,0.000,0,-1,0
1785622445.656,-9.997,-1.496,-3.374,0.9845,0,-11.444,3.128,0.000,0.2967,nan,nan,nan,0.000,0.000,10.000,0.0000,0.6515,-1.794,-1.794,0.651,2.179,1.000,1.632,0.0052,0.214,nan,0.00,0,0,0,0,1,0.0000,0.311,0,0.014,2,0.670,0,0,,,FLYING,0,0,0,0.000,0,-1,0
1785622445.686,-9.997,-1.496,-3.374,0.9845,0,-12.944,2.922,0.000,0.2969,nan,nan,nan,0.000,0.000,10.000,0.0000,0.6515,-1.794,-1.794,0.651,2.179,1.000,1.426,0.0052,0.207,nan,0.00,0,0,0,0,1,0.0000,0.311,0,0.014,2,0.670,0,0,,,FLYING,0,0,0,0.000,0,-1,0
1785622445.718,-8.231,-1.022,-3.409,0.9895,0,-14.444,2.415,0.000,0.2911,nan,nan,nan,0.000,0.000,10.000,0.0000,0.5546,-1.867,-1.867,0.555,2.187,1.000,1.393,0.0052,0.201,nan,0.00,0,0,0,0,1,0.0000,0.235,0,0.017,1,0.701,0,0,,,FLYING,0,0,0,0.000,0,-1,0
1785622445.744,-6.300,-0.709,-3.446,0.9939,0,-15.944,2.057,0.000,0.2860,nan,nan,nan,0.000,0.000,10.000,0.0000,0.4649,-1.906,-1.906,0.465,2.193,1.000,1.347,0.0052,0.195,nan,0.00,0,0,0,0,1,0.0000,0.235,0,0.017,1,0.701,0,0,,,FLYING,0,0,0,0.000,0,-1,0
1785622445.780,-6.300,-0.709,-3.446,0.9939,0,-16.300,1.947,0.000,0.2862,nan,nan,nan,0.000,0.000,10.000,0.0000,0.4649,-1.906,-1.906,0.465,2.193,1.000,1.238,0.0052,0.189,nan,0.00,0,0,0,0,0,0.0000,0.000,0,0.000,0,0.000,0,0,,,FLYING,0,0,0,0.000,0,-1,0
1785622445.819,-4.329,-0.414,-3.481,0.9971,0,-14.800,1.643,0.000,0.2816,nan,nan,nan,0.000,0.000,10.000,0.0000,0.3809,-1.927,-1.927,0.381,2.198,1.000,1.229,0.0052,0.184,nan,0.00,0,0,0,0,0,0.0000,0.000,0,0.000,0,0.000,2,0,,,FLYING,0,0,0,0.000,0,-1,0
1785622445.854,-2.611,-0.215,-3.491,0.9990,0,-13.300,1.435,0.000,0.2792,nan,nan,nan,0.000,0.000,10.000,0.0000,0.3340,-1.932,-1.932,0.334,2.203,1.000,1.219,0.0052,0.178,nan,0.00,0,0,0,0,1,0.0000,0.256,0,0.052,1,0.805,0,0,,,FLYING,0,0,0,0.000,0,-1,0
1785622445.894,-2.611,-0.215,-3.491,0.9990,0,-12.611,1.371,0.000,0.2793,nan,nan,nan,0.000,0.000,10.000,0.0000,0.3340,-1.932,-1.932,0.334,2.203,1.000,1.155,0.0052,0.173,nan,0.00,0,0,0,0,1,0.0000,0.265,0,0.067,1,0.861,0,0,,,FLYING,0,0,0,0.000,0,-1,0
1785622445.918,-0.792,-0.010,-3.498,0.9999,0,-11.111,1.180,0.000,0.2773,nan,nan,nan,0.000,0.000,10.000,0.0000,0.2907,-1.919,-1.919,0.291,2.207,1.000,1.170,0.0052,0.168,nan,0.00,0,0,0,0,1,0.0000,0.265,0,0.067,1,0.861,0,0,,,FLYING,0,0,0,0.000,0,-1,0
1785622445.955,-0.792,-0.010,-3.498,0.9999,0,-10.792,1.134,0.000,0.2774,nan,nan,nan,0.000,0.000,10.000,0.0000,0.2907,-1.919,-1.919,0.291,2.207,1.000,1.124,0.0052,0.163,nan,0.00,0,0,0,0,1,0.0000,0.265,0,0.067,1,0.861,2,0,,,FLYING,0,0,0,0.000,0,-1,0
1785622445.982,0.593,0.143,-3.498,0.9999,0,-9.407,0.989,0.000,0.2762,nan,nan,nan,0.000,0.000,10.000,0.0000,0.2611,-1.897,-1.897,0.261,2.210,1.000,1.132,0.0052,0.158,nan,0.00,0,0,0,0,1,0.0000,0.255,0,0.050,1,0.851,0,0,,,FLYING,0,0,0,0.000,0,-1,0
1785622446.008,0.593,0.143,-3.498,0.9999,0,-9.407,0.957,0.000,0.2764,nan,nan,nan,0.000,0.000,10.000,0.0000,0.2611,-1.897,-1.897,0.261,2.210,1.000,1.100,0.0052,0.153,nan,0.00,0,0,0,0,1,0.0000,0.255,0,0.050,1,0.851,0,0,,,FLYING,0,0,0,0.000,0,-1,0
1785622446.039,2.078,0.299,-3.494,0.9993,0,-7.907,0.307,1.500,0.2753,4.000,-1.417,0.000,0.233,-19.507,-2.554,-0.0000,0.2311,-1.851,-1.851,0.231,2.212,1.200,0.605,0.0052,0.148,nan,0.00,0,1,0,1,1,0.0000,0.130,0,0.057,1,0.880,0,1,blueline,,BLUELINE,0,0,0,0.000,0,-1,0
1785622446.070,2.078,0.299,-3.494,0.9993,0,-6.407,0.284,3.000,0.2755,4.000,-1.102,0.000,0.233,-15.403,4.960,-4.1888,0.2311,-1.851,-1.851,0.231,2.212,1.200,0.583,0.0052,0.144,nan,0.00,0,1,0,1,1,0.0000,0.130,0,0.059,1,0.890,0,0,blueline,,BLUELINE,0,0,0,0.000,0,-1,0
1785622446.096,3.042,0.371,-3.987,0.9986,0,-4.907,0.440,4.500,0.2747,4.000,-1.102,0.000,0.233,-15.403,-0.358,0.0698,0.2065,-1.782,-1.782,0.206,2.230,1.200,0.810,0.0052,0.140,nan,0.00,0,1,0,0,1,0.0000,0.130,0,0.059,1,0.890,0,0,blueline,,BLUELINE,0,0,0,0.000,0,-1,0
1785622446.140,3.042,0.371,-3.987,0.9986,0,-6.407,0.870,3.000,0.2748,nan,nan,nan,0.000,0.000,10.000,0.0000,0.2065,-1.782,-1.782,0.206,2.230,1.000,1.240,0.0052,0.135,nan,0.00,0,0,0,0,1,0.0000,0.261,0,0.059,1,0.890,2,0,,,FLYING,0,0,0,0.000,0,-1,0
1785622446.168,3.847,0.494,-4.661,0.9977,0,-6.153,0.997,1.500,0.2740,nan,nan,nan,0.000,0.000,10.000,0.0000,0.1813,-1.695,-1.695,0.181,2.253,1.000,1.491,0.0052,0.131,nan,0.00,0,0,0,0,1,0.0000,0.261,0,0.060,1,0.892,0,0,,,FLYING,0,0,0,0.000,0,-1,0
1785622446.195,3.847,0.494,-4.661,0.9977,0,-6.153,0.889,0.000,0.2742,nan,nan,nan,0.000,0.000,10.000,0.0000,0.1813,-1.695,-1.695,0.181,2.253,1.000,1.383,0.0052,0.127,nan,0.00,0,0,0,0,1,0.0000,0.261,0,0.060,1,0.892,0,0,,,FLYING,0,0,0,0.000,0,-1,0
1785622446.226,4.964,0.637,-4.455,0.9962,0,-4.653,0.095,1.500,0.2735,4.000,-0.407,0.000,0.233,-5.816,4.703,-0.0000,0.1557,-1.623,-1.623,0.156,2.247,1.200,0.732,0.0052,0.124,nan,0.00,0,1,0,1,1,0.0000,0.258,0,0.055,1,0.891,0,0,blueline,,BLUELINE,0,0,0,0.000,0,-1,0
1785622446.278,4.964,0.637,-4.455,0.9962,0,-5.036,0.561,0.000,0.2736,nan,nan,nan,0.000,0.000,10.000,0.0000,0.1557,-1.623,-1.623,0.156,2.247,1.000,1.198,0.0052,0.120,nan,0.00,0,0,0,0,1,0.0000,0.173,0,0.057,0,0.889,0,0,,,FLYING,0,0,0,0.000,0,-1,0
1785622446.319,5.853,0.731,-4.387,0.9947,0,-4.147,0.419,0.000,0.2731,nan,nan,nan,0.000,0.000,10.000,0.0000,0.1316,-1.539,-1.539,0.132,2.246,1.000,1.150,0.0052,0.116,nan,0.00,0,0,0,0,1,0.0000,0.173,0,0.057,0,0.889,0,0,,,FLYING,0,0,0,0.000,0,-1,0
1785622446.351,5.853,0.731,-4.387,0.9947,0,-2.647,-0.092,1.500,0.2732,4.000,-0.198,0.000,0.233,-2.840,5.993,-0.0000,0.1316,-1.539,-1.539,0.132,2.246,1.200,0.639,0.0052,0.113,nan,0.00,0,1,0,1,1,0.0000,0.258,0,0.054,1,0.891,0,0,blueline,,BLUELINE,0,0,0,0.000,0,-1,0
1785622446.380,6.551,0.800,-4.369,0.9934,0,-1.147,-0.172,2.840,0.2728,4.000,-0.198,0.000,0.233,-2.840,5.469,0.0868,0.1121,-1.452,-1.452,0.112,2.245,1.200,0.628,0.0052,0.109,nan,0.00,0,1,0,0,1,0.0000,0.258,0,0.054,1,0.891,0,0,blueline,,BLUELINE,0,0,0,0.000,0,-1,0
1785622446.412,6.551,0.800,-4.369,0.9934,0,-1.067,-0.176,1.695,0.2729,4.000,-0.118,0.000,0.233,-1.695,7.618,-1.1993,0.1121,-1.452,-1.452,0.112,2.245,1.200,0.624,0.0052,0.106,nan,0.00,0,1,0,1,1,0.0000,0.256,0,0.052,1,0.888,0,0,blueline,,BLUELINE,0,0,0,0.000,0,-1,0
1785622446.443,6.714,0.830,-4.841,0.9930,0,0.433,-0.041,1.695,0.2723,4.000,-0.118,0.000,0.233,-1.695,5.633,0.0974,0.0952,-1.355,-1.355,0.095,2.258,1.200,0.788,0.0052,0.103,nan,0.00,0,1,0,0,1,0.0000,0.256,0,0.052,1,0.888,0,0,blueline,,BLUELINE,0,0,0,0.000,0,-1,0
1785622446.475,6.714,0.830,-4.841,0.9930,0,-1.067,-0.084,0.195,0.2724,4.000,-0.005,0.000,0.233,-0.067,8.652,-1.7043,0.0952,-1.355,-1.355,0.095,2.258,1.200,0.745,0.0052,0.100,nan,0.00,0,1,0,1,1,0.0000,0.170,0,0.050,0,0.888,0,0,blueline,,BLUELINE,0,0,0,0.000,0,-1,0
1785622446.505,6.664,0.854,-5.032,0.9931,0,0.433,-0.065,0.067,0.2717,4.000,-0.005,0.000,0.233,-0.067,6.156,0.0846,0.0790,-1.270,-1.270,0.079,2.263,1.200,0.788,0.0052,0.097,nan,0.00,0,1,0,0,1,0.0000,0.170,0,0.050,0,0.888,0,0,blueline,,BLUELINE,0,0,0,0.000,0,-1,0
1785622446.537,6.664,0.854,-5.032,0.9931,0,-1.067,-0.104,-1.026,0.2718,4.000,0.072,0.000,0.233,1.026,8.205,-1.1451,0.0790,-1.270,-1.270,0.079,2.263,1.200,0.749,0.0052,0.094,nan,0.00,0,1,0,1,1,0.0000,0.170,0,0.049,0,0.888,0,0,blueline,,BLUELINE,0,0,0,0.000,0,-1,0
1785622446.563,6.635,0.843,-4.996,0.9932,0,0.199,-0.110,-1.026,0.2712,4.000,0.072,0.000,0.233,1.026,6.436,0.0723,0.0648,-1.198,-1.198,0.065,2.264,1.200,0.733,0.0052,0.091,nan,0.00,0,1,0,0,1,0.0000,0.170,0,0.049,0,0.888,0,0,blueline,,BLUELINE,0,0,0,0.000,0,-1,0
1785622446.598,6.635,0.843,-4.996,0.9932,0,-1.301,-0.132,-1.869,0.2713,4.000,0.131,0.000,0.233,1.869,8.023,-0.8827,0.0648,-1.198,-1.198,0.065,2.264,1.200,0.711,0.0052,0.088,nan,0.00,0,1,0,1,1,0.0000,0.169,0,0.047,0,0.888,0,0,blueline,,BLUELINE,0,0,0,0.000,0,-1,0
1785622446.627,6.636,0.811,-4.839,0.9932,0,0.039,-0.123,-1.869,0.2708,4.000,0.131,0.000,0.233,1.869,6.597,0.0662,0.0524,-1.132,-1.132,0.052,2.264,1.200,0.687,0.0052,0.086,nan,0.00,0,1,0,0,1,0.0000,0.169,0,0.047,0,0.888,0,0,blueline,,BLUELINE,0,0,0,0.000,0,-1,0
1785622446.668,6.646,0.768,-4.597,0.9932,0,-1.461,0.389,-0.369,0.2705,nan,nan,nan,0.000,0.000,8.632,0.0000,0.0430,-1.079,-1.079,0.043,2.262,1.000,1.158,0.0052,0.083,nan,0.00,0,0,0,0,1,0.0000,0.169,0,0.046,0,0.890,0,0,,,FLYING,0,0,0,0.000,0,-1,0
1785622446.694,6.646,0.768,-4.597,0.9932,0,-1.986,0.389,0.000,0.2705,nan,nan,nan,0.000,0.000,8.632,0.0000,0.0430,-1.079,-1.079,0.043,2.262,1.000,1.157,0.0052,0.081,nan,0.00,0,0,0,0,1,0.0000,0.169,0,0.046,0,0.890,0,0,,,FLYING,0,0,0,0.000,0,-1,0
1785622446.734,6.646,0.768,-4.597,0.9932,0,-1.986,0.388,0.000,0.2706,nan,nan,nan,0.000,0.000,8.632,0.0000,0.0430,-1.079,-1.079,0.043,2.262,1.000,1.156,0.0052,0.078,nan,0.00,0,0,0,0,1,0.0000,0.253,0,0.046,1,0.890,0,0,,,FLYING,0,0,0,0.000,0,-1,0
1785622446.768,6.985,0.842,-4.653,0.9925,0,-1.001,0.371,0.000,0.2705,nan,nan,nan,0.000,0.000,7.985,0.0000,0.0342,-0.998,-0.998,0.034,2.266,1.000,1.214,0.0052,0.076,nan,0.00,0,0,0,0,1,0.0000,0.253,0,0.046,1,0.890,0,0,,,FLYING,0,0,0,0.000,0,-1,0
1785622446.805,7.146,0.901,-4.631,0.9921,0,-0.160,0.338,0.000,0.2703,nan,nan,nan,0.000,0.000,7.306,0.0000,0.0263,-0.913,-0.913,0.026,2.269,1.000,1.238,0.0052,0.074,nan,0.00,0,0,0,0,1,0.0000,0.254,0,0.048,1,0.896,0,0,,,FLYING,0,0,0,0.000,0,-1,0
1785622446.845,7.146,0.901,-4.631,0.9921,0,-0.160,0.318,0.000,0.2704,nan,nan,nan,0.000,0.000,7.306,0.0000,0.0263,-0.913,-0.913,0.026,2.269,1.000,1.219,0.0052,0.071,nan,0.00,0,0,0,0,1,0.0000,0.254,0,0.048,1,0.896,0,0,,,FLYING,0,0,0,0.000,0,-1,0
1785622446.876,7.173,0.952,-4.627,0.9920,0,1.340,-0.206,-1.500,0.2701,4.000,0.177,0.000,0.233,2.527,5.574,-0.0000,0.0193,-0.828,-0.828,0.019,2.272,1.200,0.746,0.0052,0.069,nan,0.00,0,1,0,1,1,0.0000,0.167,0,0.042,0,0.894,0,0,blueline,,BLUELINE,0,0,0,0.000,0,-1,0
1785622446.902,7.173,0.952,-4.627,0.9920,0,1.599,-0.226,-2.527,0.2702,4.000,0.177,0.000,0.233,2.527,5.574,0.0000,0.0193,-0.828,-0.828,0.019,2.272,1.200,0.726,0.0052,0.067,nan,0.00,0,1,0,0,1,0.0000,0.167,0,0.042,0,0.894,0,0,blueline,,BLUELINE,0,0,0,0.000,0,-1,0
1785622446.945,6.920,0.857,-4.186,0.9926,0,0.775,0.333,-1.027,0.2698,nan,nan,nan,0.000,0.000,6.145,0.0000,0.0127,-0.768,-0.768,0.013,2.271,1.000,1.190,0.0052,0.065,nan,0.00,0,0,0,0,1,0.0000,0.167,0,0.042,0,0.894,4,0,,,FLYING,0,0,0,0.000,0,-1,0
1785622446.971,6.920,0.857,-4.186,0.9926,0,0.775,0.329,0.000,0.2699,nan,nan,nan,0.000,0.000,6.145,0.0000,0.0127,-0.768,-0.768,0.013,2.271,1.000,1.186,0.0052,0.063,nan,0.00,0,0,0,0,1,0.0000,0.166,0,0.040,0,0.905,0,0,,,FLYING,0,0,0,0.000,0,-1,0
1785622447.002,6.850,0.906,-4.166,0.9927,0,1.186,0.321,0.000,0.2697,nan,nan,nan,0.000,0.000,5.664,0.0000,0.0080,-0.708,-0.708,0.008,2.274,1.000,1.227,0.0052,0.061,nan,0.00,0,0,0,0,1,0.0000,0.166,0,0.040,0,0.905,0,0,,,FLYING,0,0,0,0.000,0,-1,0
1785622447.040,6.850,0.906,-4.166,0.9927,0,1.186,0.309,0.000,0.2697,nan,nan,nan,0.000,0.000,5.664,0.0000,0.0080,-0.708,-0.708,0.008,2.274,1.000,1.215,0.0052,0.059,nan,0.00,0,0,0,0,0,0.0000,0.000,0,0.000,0,0.000,0,0,,,FLYING,0,0,0,0.000,0,-1,0
1785622447.082,6.644,0.961,-4.164,0.9931,0,1.648,0.313,0.000,0.2694,nan,nan,nan,0.000,0.000,4.996,0.0000,0.0014,-0.624,-0.624,0.001,2.279,1.000,1.274,0.0052,0.058,nan,0.00,0,0,0,0,0,0.0000,0.000,0,0.000,0,0.000,0,0,,,FLYING,0,0,0,0.000,0,-1,0
1785622447.105,6.644,0.961,-4.164,0.9931,0,1.648,0.290,0.000,0.2694,nan,nan,nan,0.000,0.000,4.996,0.0000,0.0014,-0.624,-0.624,0.001,2.279,1.000,1.251,0.0052,0.056,nan,0.00,0,0,0,0,0,0.0000,0.000,0,0.000,0,0.000,0,0,,,FLYING,0,0,0,0.000,0,-1,0
1785622447.141,6.404,1.001,-4.149,0.9936,0,1.919,0.289,0.000,0.2691,nan,nan,nan,0.000,0.000,4.485,0.0000,-0.0033,-0.561,-0.561,-0.003,2.283,1.000,1.290,0.0052,0.054,nan,0.00,0,0,0,0,0,0.0000,0.000,0,0.000,0,0.000,0,0,,,FLYING,0,0,0,0.000,0,-1,0
1785622447.193,6.123,1.044,-4.151,0.9941,0,2.134,0.280,0.000,0.2689,nan,nan,nan,0.000,0.000,3.989,0.0000,-0.0073,-0.499,-0.499,-0.007,2.288,1.000,1.324,0.0052,0.053,nan,0.00,0,0,0,0,0,0.0000,0.000,0,0.000,0,0.000,0,0,,,FLYING,0,0,0,0.000,0,-1,0
1785622447.225,6.123,1.044,-4.151,0.9941,0,2.134,0.249,0.000,0.2689,nan,nan,nan,0.000,0.000,3.989,0.0000,-0.0073,-0.499,-0.499,-0.007,2.288,1.000,1.293,0.0052,0.051,nan,0.00,0,0,0,0,0,0.0000,0.000,0,0.000,0,0.000,0,0,,,FLYING,0,0,0,0.000,0,-1,0
1785622447.252,5.832,1.082,-4.145,0.9946,0,2.278,0.243,0.000,0.2687,nan,nan,nan,0.000,0.000,3.555,0.0000,-0.0102,-0.444,-0.444,-0.010,2.292,1.000,1.325,0.0052,0.050,nan,0.00,0,0,0,0,0,0.0000,0.000,0,0.000,0,0.000,0,0,,,FLYING,0,0,0,0.000,0,-1,0
1785622447.288,5.832,1.082,-4.145,0.9946,0,2.278,0.214,0.000,0.2687,nan,nan,nan,0.000,0.000,3.555,0.0000,-0.0102,-0.444,-0.444,-0.010,2.292,1.000,1.296,0.0052,0.048,nan,0.00,0,0,0,0,0,0.0000,0.000,0,0.000,0,0.000,0,0,,,FLYING,0,0,0,0.000,0,0,0
1785622447.325,5.501,1.118,-4.142,0.9952,0,2.378,0.218,0.000,0.2685,nan,nan,nan,0.000,0.000,3.122,0.0000,-0.0128,-0.390,-0.390,-0.013,2.296,1.000,1.336,0.0052,0.047,nan,0.00,0,0,0,0,0,0.0000,0.000,0,0.000,0,0.000,2,0,,,FLYING,0,0,0,0.000,0,0,0
1785622447.353,5.501,1.118,-4.142,0.9952,0,2.378,0.190,0.000,0.2685,nan,nan,nan,0.000,0.000,3.122,0.0000,-0.0128,-0.390,-0.390,-0.013,2.296,1.000,1.307,0.0052,0.045,nan,0.00,0,0,0,0,0,0.0000,0.000,0,0.000,0,0.000,0,0,,,FLYING,0,0,0,0.000,0,0,0
1785622447.397,5.144,1.151,-4.139,0.9958,0,2.432,0.201,0.000,0.2683,nan,nan,nan,0.000,0.000,2.712,0.0000,-0.0150,-0.339,-0.339,-0.015,2.301,1.000,1.352,0.0052,0.044,nan,0.00,0,0,0,0,0,0.0000,0.000,0,0.000,0,0.000,0,0,,,FLYING,0,0,0,0.000,0,0,0
1785622447.443,4.771,1.182,-4.136,0.9963,0,2.443,0.209,0.000,0.2681,nan,nan,nan,0.000,0.000,2.328,0.0000,-0.0168,-0.291,-0.291,-0.017,2.306,1.000,1.391,0.0052,0.043,nan,0.00,0,0,0,0,0,0.0000,0.000,0,0.000,0,0.000,1,0,,,FLYING,0,0,0,0.000,0,1,0
1785622447.479,4.771,1.182,-4.136,0.9963,0,2.443,0.171,0.000,0.2682,nan,nan,nan,0.000,0.000,2.328,0.0000,-0.0168,-0.291,-0.291,-0.017,2.306,1.000,1.353,0.0052,0.041,nan,0.00,0,0,0,0,0,0.0000,0.000,0,0.000,0,0.000,0,0,,,FLYING,0,0,0,0.000,0,0,0
1785622447.516,4.433,1.211,-4.134,0.9968,0,2.422,0.180,0.000,0.2680,nan,nan,nan,0.000,0.000,2.012,0.0000,-0.0182,-0.251,-0.251,-0.018,2.311,1.000,1.391,0.0052,0.040,nan,0.00,0,0,0,0,0,0.0000,0.000,0,0.000,0,0.000,0,0,,,FLYING,0,0,0,0.000,0,0,0
1785622447.550,4.067,1.238,-4.132,0.9972,0,2.368,0.193,0.000,0.2679,nan,nan,nan,0.000,0.000,1.699,0.0000,-0.0196,-0.212,-0.212,-0.020,2.317,1.000,1.432,0.0052,0.039,nan,0.00,0,0,0,0,0,0.0000,0.000,0,0.000,0,0.000,0,0,,,FLYING,0,0,0,0.000,0,0,0
1785622447.587,4.067,1.238,-4.132,0.9972,0,2.368,0.151,0.000,0.2679,nan,nan,nan,0.000,0.000,1.699,0.0000,-0.0196,-0.212,-0.212,-0.020,2.317,1.000,1.390,0.0052,0.038,nan,0.00,0,0,0,0,0,0.0000,0.000,0,0.000,0,0.000,2,0,,,FLYING,0,0,0,0.000,0,0,0
1785622447.620,3.763,1.264,-4.130,0.9976,0,2.306,0.163,0.000,0.2678,nan,nan,nan,0.000,0.000,1.456,0.0000,-0.0206,-0.182,-0.182,-0.021,2.322,1.000,1.427,0.0052,0.037,nan,0.00,0,0,0,0,0,0.0000,0.000,0,0.000,0,0.000,0,0,,,FLYING,0,0,0,0.000,0,0,0
1785622447.652,3.763,1.264,-4.130,0.9976,0,2.306,0.126,0.000,0.2678,nan,nan,nan,0.000,0.000,1.456,0.0000,-0.0206,-0.182,-0.182,-0.021,2.322,1.000,1.390,0.0052,0.035,nan,0.00,0,0,0,0,0,0.0000,0.000,0,0.000,0,0.000,0,0,,,FLYING,0,0,0,0.000,0,0,0
1785622447.695,3.433,1.291,-4.128,0.9980,0,2.215,0.154,0.000,0.2677,nan,nan,nan,0.000,0.000,1.218,0.0000,-0.0215,-0.152,-0.152,-0.021,2.328,1.000,1.445,0.0052,0.034,nan,0.00,0,0,0,0,0,0.0000,0.000,0,0.000,0,0.000,0,0,,,FLYING,0,0,0,0.000,0,0,0
1785622447.719,3.125,1.313,-4.127,0.9983,0,2.119,0.183,0.000,0.2677,nan,nan,nan,0.000,0.000,1.006,0.0000,-0.0221,-0.126,-0.126,-0.022,2.334,1.000,1.496,0.0052,0.033,nan,0.00,0,0,0,0,0,0.0000,0.000,0,0.000,0,0.000,0,0,,,FLYING,0,0,0,0.000,0,0,0
1785622447.759,3.125,1.313,-4.127,0.9983,0,2.119,0.135,0.000,0.2677,nan,nan,nan,0.000,0.000,1.006,0.0000,-0.0221,-0.126,-0.126,-0.022,2.334,1.000,1.448,0.0052,0.032,nan,0.00,0,0,0,0,0,0.0000,0.000,0,0.000,0,0.000,0,0,,,FLYING,0,0,0,0.000,0,0,0
1785622447.790,2.854,1.337,-4.126,0.9985,0,2.024,0.161,0.000,0.2676,nan,nan,nan,0.000,0.000,0.830,0.0000,-0.0227,-0.104,-0.104,-0.023,2.341,1.000,1.498,0.0052,0.031,nan,0.00,0,0,0,0,0,0.0000,0.000,0,0.000,0,0.000,1,0,,,FLYING,0,0,0,0.000,0,0,0
1785622447.816,2.854,1.337,-4.126,0.9985,0,2.024,0.117,0.000,0.2677,nan,nan,nan,0.000,0.000,0.830,0.0000,-0.0227,-0.104,-0.104,-0.023,2.341,1.000,1.454,0.0052,0.030,nan,0.00,0,0,0,0,0,0.0000,0.000,0,0.000,0,0.000,0,0,,,FLYING,0,0,0,0.000,0,0,0
1785622447.851,2.568,1.359,-4.125,0.9987,0,1.908,0.158,0.000,0.2676,nan,nan,nan,0.000,0.000,0.660,0.0000,-0.0235,-0.082,-0.082,-0.024,2.348,1.000,1.517,0.0052,0.030,nan,0.00,0,0,0,0,0,0.0000,0.000,0,0.000,0,0.000,0,0,,,FLYING,0,0,0,0.000,0,0,0
1785622447.877,2.297,1.382,-4.124,0.9989,0,1.786,0.181,0.000,0.2675,nan,nan,nan,0.000,0.000,0.511,0.0000,-0.0244,-0.064,-0.064,-0.024,2.354,1.000,1.563,0.0052,0.029,nan,0.00,0,0,0,0,0,0.0000,0.000,0,0.000,0,0.000,0,0,,,FLYING,0,0,0,0.000,0,0,0
1785622447.914,2.297,1.382,-4.124,0.9989,0,1.786,0.128,0.000,0.2675,nan,nan,nan,0.000,0.000,0.511,0.0000,-0.0244,-0.064,-0.064,-0.024,2.354,1.000,1.510,0.0052,0.028,nan,0.00,0,0,0,0,0,0.0000,0.000,0,0.000,0,0.000,0,0,,,FLYING,0,0,0,0.000,0,0,0
1785622447.946,2.055,1.399,-4.123,0.9991,0,1.667,0.164,0.000,0.2675,nan,nan,nan,0.000,0.000,0.388,0.0000,-0.0253,-0.048,-0.048,-0.025,2.361,1.000,1.563,0.0052,0.027,nan,0.00,0,0,0,0,0,0.0000,0.000,0,0.000,0,0.000,0,0,,,FLYING,0,0,0,0.000,0,0,0
1785622447.980,1.851,1.418,-4.123,0.9992,0,1.561,0.179,0.000,0.2675,nan,nan,nan,0.000,0.000,0.290,0.0000,-0.0261,-0.036,-0.036,-0.026,2.367,1.000,1.598,0.0052,0.026,nan,0.00,0,0,0,0,0,0.0000,0.000,0,0.000,0,0.000,0,0,,,FLYING,0,0,0,0.000,0,0,0
1785622448.019,1.849,1.418,-4.123,0.9992,0,1.560,0.126,0.000,0.2675,nan,nan,nan,0.000,0.000,0.289,0.0000,-0.0261,-0.036,-0.036,-0.026,2.368,1.000,1.545,0.0052,0.025,nan,0.00,0,0,0,0,0,0.0000,0.000,0,0.000,0,0.000,0,0,,,FLYING,0,0,0,0.000,0,0,0
1785622448.050,1.627,1.436,-4.122,0.9993,0,1.436,0.177,0.000,0.2674,nan,nan,nan,0.000,0.000,0.191,0.0000,-0.0270,-0.024,-0.024,-0.027,2.375,1.000,1.613,0.0052,0.025,nan,0.00,0,0,0,0,0,0.0000,0.000,0,0.000,0,0.000,0,0,,,FLYING,0,0,0,0.000,0,0,0
1785622448.085,1.627,1.436,-4.122,0.9993,0,1.436,0.125,0.000,0.2674,nan,nan,nan,0.000,0.000,0.191,0.0000,-0.0270,-0.024,-0.024,-0.027,2.375,1.000,1.561,0.0052,0.024,nan,0.00,0,0,0,0,0,0.0000,0.000,0,0.000,0,0.000,0,0,,,FLYING,0,0,0,0.000,0,0,0
1785622448.113,1.434,1.460,-4.121,0.9994,0,1.321,0.165,0.000,0.2674,nan,nan,nan,0.000,0.000,0.112,0.0000,-0.0278,-0.014,-0.014,-0.028,2.383,1.000,1.626,0.0052,0.023,nan,0.00,0,0,0,0,0,0.0000,0.000,0,0.000,0,0.000,0,0,,,FLYING,0,0,0,0.000,0,0,0
1785622448.143,1.434,1.460,-4.121,0.9994,0,1.321,0.115,0.000,0.2674,nan,nan,nan,0.000,0.000,0.112,0.0000,-0.0278,-0.014,-0.014,-0.028,2.383,1.000,1.575,0.0052,0.022,nan,0.00,0,0,0,0,0,0.0000,0.000,0,0.000,0,0.000,0,0,,,FLYING,0,0,0,0.000,0,0,0
1785622448.180,1.241,1.484,-4.121,0.9994,0,1.197,0.161,0.000,0.2674,nan,nan,nan,0.000,0.000,0.044,0.0000,-0.0286,-0.006,-0.006,-0.029,2.391,1.000,1.645,0.0052,0.022,nan,0.00,0,0,0,0,0,0.0000,0.000,0,0.000,0,0.000,0,0,,,FLYING,0,0,0,0.000,0,0,0
1785622448.207,1.078,1.506,-4.120,0.9995,0,1.088,0.198,0.000,0.2674,nan,nan,nan,0.000,0.000,-0.010,0.0000,-0.0295,0.001,0.001,-0.029,2.399,1.000,1.704,0.0052,0.021,nan,0.00,0,0,0,0,0,0.0000,0.000,0,0.000,0,0.000,0,0,,,FLYING,0,0,0,0.000,0,0,0
1785622448.239,1.078,1.506,-4.120,0.9995,0,1.088,0.136,0.000,0.2674,nan,nan,nan,0.000,0.000,-0.010,0.0000,-0.0295,0.001,0.001,-0.029,2.399,1.000,1.642,0.0052,0.020,nan,0.00,0,0,0,0,0,0.0000,0.000,0,0.000,0,0.000,0,0,,,FLYING,0,0,0,0.000,0,0,0
1785622448.286,0.936,1.523,-4.120,0.9995,0,0.988,0.184,0.000,0.2674,nan,nan,nan,0.000,0.000,-0.052,0.0000,-0.0303,0.007,0.007,-0.030,2.407,1.000,1.707,0.0052,0.020,nan,0.00,0,0,0,0,0,0.0000,0.000,0,0.000,0,0.000,0,0,,,FLYING,0,0,0,0.000,0,0,0
1785622448.315,0.792,1.550,-4.120,0.9995,0,0.880,0.221,0.000,0.2673,nan,nan,nan,0.000,0.000,-0.088,0.0000,-0.0313,0.011,0.011,-0.031,2.416,1.000,1.772,0.0052,0.019,nan,0.00,0,0,0,0,0,0.0000,0.000,0,0.000,0,0.000,0,0,,,FLYING,0,0,0,0.000,0,0,0
