t,roll,pitch,yaw,up,cmd_roll_deg,cmd_pitch_deg,cmd_yaw_deg,thrust,bx,by,bz,blend,bearing_deg,desired_roll,d_lat,d_vert,vY_imu,vY_fused,vD,vX,v_target,pitch_des,elev_i,elev_err,agl,turn_ff,reliable,vision_valid,bl_found,bl_hdg,bl_conf,bl_hdg_valid,bl_span,bl_paired,bl_cy,bl_gap,src_switch,source,infer_ms,mode,gate,gate_id,peek_side,peek_strength,peek_active,occ_gap,collision
1785568409.778,0.000,-17.800,0.000,0.9521,-4.667,15.800,-3.522,0.2551,9.152,0.298,-1.991,1.000,1.867,4.667,-0.0000,-0.0000,-0.000,-0.000,-0.000,-0.000,1.548,-2.000,0.0059,0.902,nan,1.66,1,1,1,0.0578,1.000,1,0.531,8,0.030,0,0,yolo,102.8,yolo,0,0,0,0.000,0,-1,0
1785568409.819,0.016,-17.776,0.001,0.9523,-4.639,15.776,-3.345,0.2557,9.152,0.298,-1.991,1.000,1.867,4.654,0.0009,0.0138,0.001,0.001,0.014,-0.001,1.552,-2.000,0.0058,0.898,nan,1.48,1,1,1,0.0516,1.000,1,0.526,8,0.009,0,0,yolo,102.8,yolo,0,0,0,0.000,0,-1,0
1785568409.845,0.019,-16.561,0.003,0.9585,-4.623,14.561,-3.345,0.2600,9.152,0.298,-1.991,1.000,1.867,4.642,0.0017,0.0102,0.002,0.002,0.010,0.006,1.749,-2.000,0.0057,0.701,nan,1.48,1,1,1,0.0516,1.000,1,0.526,8,0.009,0,0,yolo,102.8,yolo,0,0,0,0.000,0,-1,0
1785568409.882,0.145,-14.996,0.028,0.9659,-5.295,13.061,-3.346,0.2766,8.583,0.295,-1.958,1.000,1.970,5.440,-0.1161,2.0000,0.006,0.007,0.001,0.014,2.120,-2.000,0.0057,0.330,nan,1.38,1,1,1,0.0480,1.000,1,0.526,8,0.009,1,0,yolo,114.7,yolo,0,0,0,0.000,0,-1,0
1785568409.908,0.150,-14.974,0.031,0.9660,-4.724,12.974,-3.257,0.2690,8.583,0.295,-1.958,1.000,1.970,4.874,-0.0009,-0.0001,0.006,0.006,0.001,0.014,2.124,-2.000,0.0057,0.326,nan,1.29,1,1,1,0.0449,1.000,1,0.524,8,0.003,0,0,yolo,114.7,yolo,0,0,0,0.000,0,-1,0
1785568409.942,0.623,-13.123,0.405,0.9738,-4.039,11.474,-3.190,0.2746,8.583,0.295,-1.958,1.000,1.970,4.662,0.0132,-0.0203,0.020,0.020,-0.019,0.050,2.200,-2.000,0.0057,0.045,nan,1.22,1,1,1,0.0426,1.000,1,0.524,8,0.003,2,0,yolo,114.7,yolo,0,0,0,0.000,0,-1,0
1785568409.969,1.000,-11.887,0.694,0.9784,-5.539,9.974,-3.247,0.2913,7.781,0.321,-1.872,1.000,2.360,10.205,-0.7948,2.0000,0.036,-0.030,-0.029,0.106,2.200,-2.000,0.0057,-0.224,nan,0.89,1,1,1,0.0310,1.000,1,0.533,8,0.006,0,0,yolo,112.0,yolo,0,0,0,0.000,0,-1,0
1785568410.004,1.611,-10.707,0.986,0.9822,-4.039,8.707,-2.997,0.2858,7.781,0.321,-1.872,1.000,2.360,4.871,0.0849,-0.0115,0.055,0.055,-0.040,0.169,2.066,-2.000,0.0057,-0.384,nan,0.64,1,1,1,0.0222,1.000,1,0.533,8,0.006,2,0,yolo,112.0,yolo,0,0,0,0.000,0,-1,0
1785568410.037,1.611,-10.707,0.986,0.9822,-3.260,8.707,-2.738,0.2859,7.781,0.321,-1.872,1.000,2.360,4.871,0.0849,-0.0115,0.055,0.055,-0.040,0.169,2.066,-2.000,0.0058,-0.384,nan,0.38,1,1,1,0.0132,1.000,1,0.448,7,0.113,1,0,yolo,112.0,yolo,0,0,0,0.000,0,-1,0
1785568410.067,1.999,-9.732,1.300,0.9850,-2.582,7.732,-2.544,0.2884,7.781,0.321,-1.872,1.000,2.360,4.581,0.1030,-0.0292,0.073,0.073,-0.058,0.228,1.932,-2.000,0.0058,-0.518,nan,0.18,1,1,1,0.0064,1.000,1,0.448,7,0.113,1,0,yolo,112.0,yolo,0,0,0,0.000,0,-1,0
1785568410.107,2.331,-8.808,1.605,0.9874,-1.082,6.808,-1.921,0.3050,8.602,0.225,-2.512,1.000,1.495,-1.128,0.9735,2.0000,0.089,-0.000,-0.084,0.284,1.296,-2.000,0.0058,-1.154,nan,0.43,1,1,1,0.0149,1.000,1,0.442,7,0.149,0,0,yolo,108.9,yolo,0,0,0,0.000,0,-1,0
1785568410.141,2.450,-8.070,1.799,0.9892,0.296,6.070,-1.740,0.3090,8.602,0.225,-2.512,1.000,1.495,2.154,0.1058,-0.0480,0.106,0.106,-0.132,0.335,1.200,-2.000,0.0058,-1.268,nan,0.24,1,1,1,0.0085,1.000,1,0.436,7,0.209,0,0,yolo,108.9,yolo,0,0,0,0.000,0,-1,0
1785568410.174,2.446,-7.462,1.951,0.9906,1.796,5.462,-1.054,0.2924,7.673,0.145,-1.958,1.000,1.082,-3.006,0.8301,-2.0000,0.121,0.139,-0.185,0.380,1.513,-2.000,0.0059,-0.937,nan,-0.03,1,1,1,-0.0010,1.000,1,0.436,7,0.209,0,0,yolo,95.8,yolo,0,0,0,0.000,0,-1,0
1785568410.204,2.282,-6.829,2.082,0.9921,1.104,4.829,-1.305,0.3001,7.673,0.145,-1.958,1.000,1.082,1.178,-0.0021,-0.0658,0.137,0.137,-0.251,0.428,1.425,-2.000,0.0059,-1.025,nan,0.22,1,1,1,0.0078,1.000,1,0.431,7,0.235,0,0,yolo,95.8,yolo,0,0,0,0.000,0,-1,0
1785568410.234,2.282,-6.829,2.082,0.9921,1.104,4.829,-1.493,0.3001,7.673,0.145,-1.958,1.000,1.082,1.178,-0.0021,-0.0658,0.137,0.137,-0.251,0.428,1.425,-2.000,0.0059,-1.025,nan,0.41,1,1,1,0.0144,1.000,1,0.431,7,0.235,0,0,yolo,95.8,yolo,0,0,0,0.000,0,-1,0
1785568410.266,2.213,-6.289,2.201,0.9932,1.280,4.289,-2.013,0.2988,7.673,0.145,-1.958,1.000,1.082,0.933,0.0130,-0.1352,0.152,0.152,-0.320,0.470,1.351,-2.000,0.0059,-1.099,nan,0.93,1,1,1,0.0325,1.000,1,0.371,6,0.266,0,0,yolo,95.8,yolo,0,0,0,0.000,0,-1,0
1785568410.297,2.137,-5.816,2.334,0.9942,2.780,3.816,-1.810,0.2822,7.154,0.061,-1.511,1.000,0.489,-3.643,0.5553,-2.0000,0.165,0.174,-0.387,0.505,1.675,-2.000,0.0060,-0.775,nan,1.32,1,1,1,0.0461,1.000,1,0.371,6,0.266,0,0,yolo,99.1,yolo,0,0,0,0.000,0,-1,0
1785568410.330,1.907,-5.440,2.489,0.9949,2.818,3.440,-1.471,0.2937,7.154,0.061,-1.511,1.000,0.489,-0.911,0.0026,-0.0556,0.177,0.177,-0.442,0.538,1.627,-2.000,0.0061,-0.823,nan,0.98,1,1,1,0.0343,1.000,1,0.363,6,0.287,0,0,yolo,99.1,yolo,0,0,0,0.000,0,-1,0
1785568410.360,1.668,-5.098,2.632,0.9956,2.757,3.098,-1.471,0.2927,7.154,0.061,-1.511,1.000,0.489,-1.089,0.0131,-0.1046,0.187,0.187,-0.491,0.570,1.583,-2.000,0.0062,-0.867,nan,0.98,1,1,1,0.0343,1.000,1,0.363,6,0.287,0,0,yolo,99.1,yolo,0,0,0,0.000,0,-1,0
1785568410.398,1.433,-4.773,2.754,0.9962,4.257,2.773,-0.615,0.3094,8.283,-0.121,-1.667,1.000,-0.835,-12.348,1.4359,0.8118,0.197,0.297,-0.542,0.601,1.475,-2.000,0.0063,-0.975,nan,1.45,1,1,1,0.0506,1.000,1,0.359,6,0.198,0,0,yolo,108.2,yolo,0,0,0,0.000,0,-1,0
1785568410.425,1.044,-4.481,2.827,0.9968,4.808,2.481,-0.615,0.2994,8.283,-0.121,-1.667,1.000,-0.835,-3.764,-0.0914,-0.0529,0.206,0.206,-0.595,0.630,1.433,-2.000,0.0063,-1.017,nan,1.45,1,1,1,0.0506,1.000,1,0.359,6,0.198,0,0,yolo,108.2,yolo,0,0,0,0.000,0,-1,0
1785568410.462,1.044,-4.481,2.827,0.9968,4.808,2.481,-2.115,0.2994,8.283,-0.121,-1.667,1.000,-0.835,-3.764,-0.0914,-0.0529,0.206,0.206,-0.595,0.630,1.433,-2.000,0.0063,-1.017,nan,2.98,1,1,1,0.1040,0.917,1,0.357,5,0.203,0,0,yolo,108.2,yolo,0,0,0,0.000,0,-1,0
1785568410.500,0.620,-4.222,2.864,0.9972,6.308,2.222,-2.058,0.2827,8.900,-0.258,-1.604,1.000,-1.660,-14.000,3.8422,-2.0000,0.213,0.801,-0.648,0.657,1.502,-2.000,0.0064,-0.948,nan,3.72,1,1,1,0.1298,0.917,1,0.357,5,0.203,0,0,yolo,99.6,yolo,0,0,0,0.000,0,-1,0
1785568410.530,0.116,-3.921,3.049,0.9977,4.808,1.921,-3.488,0.2975,8.900,-0.258,-1.604,1.000,-1.660,-3.301,-0.5853,-0.0757,0.216,0.216,-0.724,0.687,1.457,-2.000,0.0065,-0.993,nan,5.15,1,1,1,0.1797,1.000,1,0.301,5,0.505,0,0,yolo,99.6,yolo,0,0,0,0.000,0,-1,0
1785568410.561,-0.448,-3.674,3.450,0.9979,3.308,1.674,-4.560,0.2947,8.900,-0.258,-1.604,1.000,-1.660,-3.246,-0.5891,-0.1612,0.212,0.212,-0.809,0.717,1.421,-2.000,0.0065,-1.029,nan,6.22,1,1,1,0.2171,1.000,1,0.301,5,0.505,0,0,yolo,99.6,yolo,0,0,0,0.000,0,-1,0
1785568410.592,-0.781,-3.476,3.870,0.9981,4.808,1.476,-5.779,0.2780,9.292,-0.360,-1.533,1.000,-2.221,-14.000,0.6830,-0.5001,0.203,0.667,-0.883,0.743,1.488,-2.000,0.0066,-0.962,nan,8.00,1,1,1,0.2844,1.000,1,0.299,5,0.493,0,0,yolo,103.9,yolo,0,0,0,0.000,0,-1,0
1785568410.623,-0.781,-3.476,3.870,0.9981,4.327,1.476,-5.779,0.2947,9.292,-0.360,-1.533,1.000,-2.221,-5.108,-0.4640,0.0000,0.203,0.203,-0.883,0.743,1.488,-2.000,0.0067,-0.962,nan,8.00,1,1,1,0.3348,1.000,1,0.299,5,0.493,0,0,yolo,103.9,yolo,0,0,0,0.000,0,-1,0
1785568410.654,-1.318,-3.293,4.406,0.9981,3.634,1.293,-5.779,0.2985,9.292,-0.360,-1.533,1.000,-2.221,-4.953,-0.4749,-0.0544,0.192,0.192,-0.937,0.768,1.462,-2.000,0.0068,-0.988,nan,8.00,1,1,1,0.3800,1.000,1,0.291,5,0.522,0,0,yolo,103.9,yolo,0,0,0,0.000,0,-1,0
1785568410.686,-1.702,-3.128,4.960,0.9981,5.134,1.128,-5.356,0.2819,9.560,-0.441,-1.408,1.000,-2.644,-14.000,0.7052,-1.1759,0.176,0.573,-0.986,0.791,1.579,-2.000,0.0068,-0.871,nan,8.00,1,1,1,0.4139,1.000,1,0.291,5,0.522,0,0,yolo,100.5,yolo,0,0,0,0.000,0,-1,0
1785568410.717,-2.249,-2.985,5.436,0.9979,3.735,0.985,-5.356,0.2966,9.560,-0.441,-1.408,1.000,-2.644,-5.984,-0.4129,-0.0363,0.161,0.161,-1.023,0.812,1.560,-2.000,0.0069,-0.890,nan,8.00,1,1,1,0.3793,1.000,1,0.285,5,0.542,0,0,yolo,100.5,yolo,0,0,0,0.000,0,-1,0
1785568410.748,-2.249,-2.985,5.436,0.9979,3.735,0.985,-5.356,0.2967,9.560,-0.441,-1.408,1.000,-2.644,-5.984,-0.4129,-0.0363,0.161,0.161,-1.023,0.812,1.560,-2.000,0.0070,-0.890,nan,8.00,1,1,1,0.3533,1.000,1,0.285,5,0.542,0,0,yolo,100.5,yolo,0,0,0,0.000,0,-1,0
1785568410.779,-2.631,-2.851,5.903,0.9977,3.060,0.851,-5.356,0.2959,9.560,-0.441,-1.408,1.000,-2.644,-5.691,-0.4339,-0.0711,0.140,0.140,-1.058,0.832,1.541,-2.000,0.0071,-0.909,nan,8.00,1,1,1,0.3830,0.900,1,0.276,4,0.610,0,0,yolo,100.5,yolo,0,0,0,0.000,0,-1,0
1785568410.808,-2.970,-2.725,6.404,0.9975,4.560,0.725,-4.943,0.2792,9.767,-0.522,-1.277,1.000,-3.057,-14.000,0.7051,-1.2737,0.114,0.485,-1.095,0.852,1.668,-2.000,0.0072,-0.782,nan,8.00,1,1,1,0.4053,0.900,1,0.276,4,0.610,0,0,yolo,109.8,yolo,0,0,0,0.000,0,-1,0
1785568410.844,-3.451,-2.620,6.841,0.9971,3.060,0.620,-3.443,0.2943,9.767,-0.522,-1.277,1.000,-3.057,-6.472,-0.3940,-0.0379,0.091,0.091,-1.133,0.869,1.655,-2.000,0.0073,-0.795,nan,0.00,1,1,1,0.0000,0.953,0,0.221,4,0.598,0,0,yolo,109.8,yolo,0,0,0,0.000,0,-1,0
1785568410.874,-3.451,-2.620,6.841,0.9971,3.021,0.620,-1.943,0.2943,9.767,-0.522,-1.277,1.000,-3.057,-6.472,-0.3940,-0.0379,0.091,0.091,-1.133,0.869,1.655,-2.000,0.0073,-0.795,nan,0.00,1,1,1,0.0000,0.953,0,0.221,4,0.598,0,0,yolo,109.8,yolo,0,0,0,0.000,0,-1,0
1785568410.906,-3.748,-2.533,7.148,0.9969,4.521,0.533,-0.443,0.2777,9.842,-0.681,-1.108,1.000,-3.961,-14.000,1.1639,-1.2752,0.065,0.288,-1.168,0.885,1.825,-2.000,0.0074,-0.625,nan,0.00,1,1,1,0.0000,0.932,0,0.207,4,0.719,0,0,yolo,105.0,yolo,0,0,0,0.000,0,-1,0
1785568410.936,-4.191,-2.472,7.211,0.9964,4.863,0.472,1.057,0.2725,9.842,-0.681,-1.108,1.000,-3.961,-9.055,-0.2446,-0.0319,0.043,0.043,-1.200,0.899,1.820,-2.000,0.0075,-0.630,nan,0.00,1,1,1,0.0000,0.932,0,0.207,4,0.719,0,0,yolo,105.0,yolo,0,0,0,0.000,0,-1,0
1785568410.973,-4.680,-2.429,7.062,0.9958,4.071,0.429,2.557,0.2727,9.842,-0.681,-1.108,1.000,-3.961,-8.751,-0.2668,-0.0491,0.021,0.021,-1.217,0.914,1.819,-2.000,0.0075,-0.631,nan,0.00,1,1,1,0.0000,0.932,0,0.207,4,0.719,1,0,yolo,105.0,yolo,0,0,0,0.000,0,-1,0
1785568411.004,-4.680,-2.429,7.062,0.9958,4.071,0.429,3.961,0.2728,9.842,-0.681,-1.108,1.000,-3.961,-8.751,-0.2668,-0.0491,0.021,0.021,-1.217,0.914,1.819,-2.000,0.0076,-0.631,nan,0.00,1,1,1,0.0000,0.964,0,0.228,4,0.758,1,0,yolo,105.0,yolo,0,0,0,0.000,0,-1,0
1785568411.035,-5.095,-2.399,6.800,0.9952,5.571,0.399,5.028,0.2561,9.479,-0.834,-0.848,1.000,-5.028,-14.000,1.7648,-2.0000,-0.006,0.371,-1.219,0.929,2.077,-2.000,0.0076,-0.373,nan,0.00,1,1,1,0.0000,0.970,0,0.231,4,0.753,1,0,yolo,109.1,yolo,0,0,0,0.000,0,-1,0
1785568411.081,-5.653,-2.399,6.351,0.9943,4.662,0.399,5.028,0.2728,9.479,-0.834,-0.848,1.000,-5.028,-10.314,-0.3998,0.0130,-0.028,-0.028,-1.206,0.943,2.086,-2.000,0.0077,-0.364,nan,0.00,1,1,1,0.0000,0.938,0,0.211,4,0.704,0,0,yolo,109.1,yolo,0,0,0,0.000,0,-1,0
1785568411.107,-6.184,-2.405,5.844,0.9933,3.781,0.405,5.028,0.2864,9.479,-0.834,-0.848,1.000,-5.028,-9.965,-0.4248,0.0485,-0.053,-0.053,-1.171,0.958,2.095,-2.000,0.0077,-0.355,nan,0.00,1,1,1,0.0000,0.938,0,0.211,4,0.704,0,0,yolo,109.1,yolo,0,0,0,0.000,0,-1,0
1785568411.143,-6.556,-2.410,5.364,0.9926,5.281,0.410,5.685,0.2698,9.095,-0.905,-0.654,1.000,-5.685,-14.000,1.0431,-1.9142,-0.089,0.291,-1.135,0.973,2.200,-2.000,0.0077,-0.163,nan,0.00,1,1,1,0.0000,0.971,0,0.232,4,0.781,0,0,yolo,104.5,yolo,0,0,0,0.000,0,-1,0
1785568411.171,-6.556,-2.410,5.364,0.9926,4.925,0.410,5.685,0.2787,9.095,-0.905,-0.654,1.000,-5.685,-11.481,-0.3795,0.0000,-0.089,-0.089,-1.135,0.973,2.200,-2.000,0.0077,-0.163,nan,0.00,1,1,1,0.0000,0.833,0,0.220,3,0.683,0,0,yolo,104.5,yolo,0,0,0,0.000,0,-1,0
1785568411.203,-7.172,-2.430,4.776,0.9913,3.773,0.430,5.685,0.2801,9.095,-0.905,-0.654,1.000,-5.685,-10.945,-0.4169,0.0311,-0.126,-0.126,-1.104,0.990,2.200,-2.000,0.0078,-0.149,nan,0.00,1,1,1,0.0000,0.705,0,0.212,2,0.686,0,0,yolo,104.5,yolo,0,0,0,0.000,0,-1,0
1785568411.231,-7.502,-2.450,4.269,0.9905,5.273,0.450,6.480,0.2634,9.235,-1.049,-0.575,1.000,-6.480,-14.000,1.2815,-1.1197,-0.163,0.327,-1.084,1.005,2.160,-2.000,0.0078,-0.037,nan,0.00,1,1,1,0.0000,0.705,0,0.212,2,0.686,0,0,yolo,97.5,yolo,0,0,0,0.000,0,-1,0
1785568411.265,-8.003,-2.481,3.712,0.9893,3.773,0.481,6.480,0.2760,9.235,-1.049,-0.575,1.000,-6.480,-11.741,-0.5257,0.0127,-0.199,-0.199,-1.071,1.020,2.160,-2.000,0.0078,-0.023,nan,0.00,1,1,1,0.0000,0.705,0,0.212,2,0.686,0,0,yolo,97.5,yolo,0,0,0,0.000,0,-1,0
1785568411.296,-8.003,-2.481,3.712,0.9893,3.738,0.481,6.480,0.2760,9.235,-1.049,-0.575,1.000,-6.480,-11.741,-0.5257,0.0127,-0.199,-0.199,-1.071,1.020,2.160,-2.000,0.0078,-0.023,nan,0.00,1,1,1,0.0000,0.704,0,0.212,2,0.689,0,0,yolo,97.5,yolo,0,0,0,0.000,0,-1,0
1785568411.328,-8.358,-2.517,3.092,0.9884,5.238,0.517,6.669,0.2593,9.305,-1.088,-0.469,1.000,-6.669,-14.000,0.4606,-1.8821,-0.243,0.212,-1.072,1.037,2.144,-2.000,0.0078,0.103,nan,0.00,1,1,1,0.0000,0.702,0,0.210,2,0.705,0,0,yolo,110.1,yolo,0,0,0,0.000,0,-1,0
1785568411.359,-8.863,-2.555,2.496,0.9871,3.738,0.555,6.669,0.2722,9.305,-1.088,-0.469,1.000,-6.669,-11.584,-0.4973,0.0115,-0.285,-0.285,-1.061,1.054,2.144,-2.000,0.0077,0.119,nan,0.00,1,1,1,0.0000,0.694,0,0.204,2,0.714,0,0,yolo,110.1,yolo,0,0,0,0.000,0,-1,0
1785568411.389,-9.236,-2.598,1.818,0.9860,2.238,0.598,6.669,0.2727,9.305,-1.088,-0.469,1.000,-6.669,-10.818,-0.5514,0.0263,-0.339,-0.339,-1.046,1.075,2.144,-2.000,0.0077,0.133,nan,0.00,1,1,1,0.0000,0.694,0,0.204,2,0.714,0,0,yolo,110.1,yolo,0,0,0,0.000,0,-1,0
1785568411.420,-9.236,-2.598,1.818,0.9860,1.582,0.598,6.669,0.2727,9.305,-1.088,-0.469,1.000,-6.669,-10.818,-0.5514,0.0263,-0.339,-0.339,-1.046,1.075,2.144,-2.000,0.0077,0.133,nan,0.00,1,1,1,0.0000,0.689,0,0.199,2,0.721,0,0,yolo,110.1,yolo,0,0,0,0.000,0,-1,0
1785568411.456,-9.429,-2.634,1.226,0.9854,0.082,0.634,5.361,0.2560,9.270,-0.870,-0.295,1.000,-5.361,-6.698,-1.0579,-0.7203,-0.390,-0.154,-1.031,1.093,2.172,-2.000,0.0077,0.278,nan,0.00,1,1,1,0.0000,0.689,0,0.199,2,0.721,2,0,yolo,108.1,yolo,0,0,0,0.000,0,-1,0
1785568411.482,-9.425,-2.653,0.750,0.9854,-1.418,0.653,5.361,0.2680,9.270,-0.870,-0.295,1.000,-5.361,-7.870,-0.2895,0.0189,-0.443,-0.443,-1.012,1.110,2.170,-2.000,0.0077,0.280,nan,0.00,1,1,1,0.0000,0.529,0,0.154,2,0.734,0,0,yolo,108.1,yolo,0,0,0,0.000,0,-1,0
1785568411.517,-9.311,-2.660,0.344,0.9858,-2.199,0.660,5.361,0.2689,9.270,-0.870,-0.295,1.000,-5.361,-7.111,-0.3428,0.0413,-0.497,-0.497,-0.989,1.127,2.170,-2.000,0.0076,0.280,nan,0.00,1,1,1,0.0000,0.529,0,0.154,2,0.734,2,0,yolo,108.1,yolo,0,0,0,0.000,0,-1,0
1785568411.546,-9.113,-2.669,-0.084,0.9863,-3.699,0.669,5.035,0.2523,9.268,-0.817,-0.209,1.000,-5.035,-5.049,-0.7903,-1.1165,-0.549,-0.389,-0.972,1.144,2.096,-2.000,0.0076,0.354,nan,0.00,1,1,1,0.0000,0.533,0,0.158,2,0.793,0,0,yolo,102.5,yolo,0,0,0,0.000,0,-1,0
1785568411.583,-9.113,-2.669,-0.084,0.9863,-2.385,0.669,5.035,0.2646,9.268,-0.817,-0.209,1.000,-5.035,-6.727,-0.1596,0.0000,-0.549,-0.549,-0.972,1.144,2.096,-2.000,0.0076,0.354,nan,0.00,1,1,1,0.0000,0.271,0,0.167,2,0.788,0,0,yolo,102.5,yolo,0,0,0,0.000,0,-1,0
1785568411.627,-8.561,-2.675,-0.943,0.9878,-3.321,0.675,5.035,0.2667,9.268,-0.817,-0.209,1.000,-5.035,-5.239,-0.2640,0.0507,-0.653,-0.653,-0.922,1.181,2.103,-2.000,0.0075,0.347,nan,0.00,1,1,1,0.0000,0.542,0,0.167,2,0.788,1,0,yolo,102.5,yolo,0,0,0,0.000,0,-1,0
1785568411.668,-8.225,-2.673,-1.393,0.9886,-4.821,0.673,4.169,0.2500,9.168,-0.668,-0.093,1.000,-4.169,0.484,-1.3864,-0.8348,-0.706,-0.425,-0.900,1.201,2.019,-2.000,0.0075,0.431,nan,0.00,1,1,1,0.0000,0.526,0,0.151,2,0.776,0,0,yolo,102.3,yolo,0,0,0,0.000,0,-1,0
1785568411.703,-8.225,-2.673,-1.393,0.9886,-5.804,0.673,4.169,0.2615,9.168,-0.668,-0.093,1.000,-4.169,-2.422,-0.2804,0.0000,-0.706,-0.706,-0.900,1.201,2.019,-2.000,0.0074,0.431,nan,0.00,1,1,1,0.0000,0.526,0,0.151,2,0.776,1,0,yolo,102.3,yolo,0,0,0,0.000,0,-1,0
1785568411.737,-7.687,-2.659,-1.814,0.9899,-6.096,0.659,4.169,0.2630,9.168,-0.668,-0.093,1.000,-4.169,-1.591,-0.3381,0.0351,-0.764,-0.764,-0.865,1.222,2.028,-2.000,0.0074,0.422,nan,0.00,1,1,1,0.0000,0.397,0,0.121,1,0.755,0,0,yolo,102.3,yolo,0,0,0,0.000,0,-1,0
1785568411.785,-6.521,-2.616,-2.536,0.9925,-7.545,0.616,3.331,0.2463,9.046,-0.527,0.015,1.000,-3.331,1.024,-0.9922,-0.4920,-0.857,-0.463,-0.805,1.259,1.962,-2.000,0.0073,0.488,nan,0.00,1,1,1,0.0000,0.394,0,0.118,1,0.749,0,0,yolo,108.0,yolo,0,0,0,0.000,0,-1,0
1785568411.824,-5.900,-2.592,-2.886,0.9937,-8.251,0.592,3.331,0.2598,9.046,-0.527,0.015,1.000,-3.331,2.350,-0.4337,0.0273,-0.897,-0.897,-0.778,1.277,1.972,-2.000,0.0073,0.478,nan,0.00,1,1,1,0.0000,0.299,0,0.124,0,0.757,0,0,yolo,108.0,yolo,0,0,0,0.000,0,-1,0
1785568411.860,-5.900,-2.592,-2.886,0.9937,-9.751,0.592,2.259,0.2431,9.158,-0.361,0.142,1.000,-2.259,13.563,-2.5714,-1.7057,-0.897,-0.677,-0.778,1.277,1.858,-2.000,0.0072,0.592,nan,0.00,1,1,1,0.0000,0.201,0,0.127,1,0.767,0,0,yolo,100.1,yolo,0,0,0,0.000,0,-1,0
1785568411.887,-5.032,-2.557,-3.180,0.9952,-9.486,0.557,2.259,0.2565,9.158,-0.361,0.142,1.000,-2.259,4.453,-0.2605,0.0336,-0.938,-0.938,-0.744,1.296,1.869,-2.000,0.0072,0.581,nan,0.00,1,1,1,0.0000,0.402,0,0.127,1,0.767,0,0,yolo,100.1,yolo,0,0,0,0.000,0,-1,0
1785568411.917,-3.987,-2.516,-3.413,0.9966,-8.977,0.516,2.259,0.2580,9.158,-0.361,0.142,1.000,-2.259,4.991,-0.2979,0.0688,-0.975,-0.975,-0.709,1.313,1.882,-2.000,0.0071,0.568,nan,0.00,1,1,1,0.0000,0.304,0,0.132,0,0.772,0,0,yolo,100.1,yolo,0,0,0,0.000,0,-1,0
1785568411.950,-3.073,-2.473,-3.604,0.9976,-10.477,0.473,1.088,0.2414,8.984,-0.171,0.256,1.000,-1.088,14.000,-1.8363,-0.8410,-1.002,-0.861,-0.675,1.329,1.798,-2.000,0.0071,0.652,nan,0.00,1,1,1,0.0000,0.407,0,0.134,1,0.776,0,0,yolo,92.6,yolo,0,0,0,0.000,0,-1,0
1785568411.981,-3.073,-2.473,-3.604,0.9976,-10.638,0.473,1.088,0.2520,8.984,-0.171,0.256,1.000,-1.088,7.565,-0.1408,0.0000,-1.002,-1.002,-0.675,1.329,1.798,-2.000,0.0070,0.652,nan,0.00,1,1,1,0.0000,0.407,0,0.134,1,0.776,0,0,yolo,92.6,yolo,0,0,0,0.000,0,-1,0
1785568412.013,-2.030,-2.434,-3.723,0.9985,-9.893,0.434,1.088,0.2536,8.984,-0.171,0.256,1.000,-1.088,7.864,-0.1614,0.0352,-1.023,-1.023,-0.640,1.342,1.807,-2.000,0.0069,0.643,nan,0.00,1,1,1,0.0000,0.315,0,0.151,0,0.785,0,0,yolo,92.6,yolo,0,0,0,0.000,0,-1,0
1785568412.050,-0.949,-2.387,-3.806,0.9990,-11.393,0.387,-0.060,0.2369,8.822,0.009,0.369,1.000,0.060,14.000,-1.3256,-0.6972,-1.036,-0.940,-0.608,1.356,1.714,-2.000,0.0069,0.736,nan,0.00,1,1,1,0.0000,0.315,0,0.151,0,0.785,2,0,yolo,98.9,yolo,0,0,0,0.000,0,-1,0
1785568412.091,0.199,-2.350,-3.823,0.9992,-10.589,0.350,-0.060,0.2510,8.822,0.009,0.369,1.000,0.060,10.788,-0.1013,0.0437,-1.042,-1.042,-0.564,1.367,1.719,-2.000,0.0068,0.731,nan,0.00,1,1,1,0.0000,0.320,0,0.158,0,0.797,0,0,yolo,98.9,yolo,0,0,0,0.000,0,-1,0
1785568412.122,1.219,-2.315,-3.796,0.9990,-9.536,0.315,-0.060,0.2532,8.822,0.009,0.369,1.000,0.060,10.756,-0.0991,0.0895,-1.040,-1.040,-0.518,1.376,1.724,-2.000,0.0067,0.726,nan,0.00,1,1,1,0.0000,0.456,0,0.195,0,0.806,0,0,yolo,98.9,yolo,0,0,0,0.000,0,-1,0
1785568412.159,1.219,-2.315,-3.796,0.9990,-11.036,0.315,-1.507,0.2366,8.755,0.230,0.460,1.000,1.507,14.000,-3.3170,-1.3853,-1.040,-1.295,-0.518,1.376,1.632,-2.000,0.0066,0.818,nan,0.00,1,1,1,0.0000,0.464,0,0.205,0,0.814,0,0,yolo,100.2,yolo,0,0,0,0.000,0,-1,0
1785568412.206,2.157,-2.283,-3.788,0.9985,-10.327,0.283,-1.507,0.2486,8.755,0.230,0.460,1.000,1.507,12.484,0.2672,0.0492,-1.028,-1.028,-0.469,1.386,1.633,-2.000,0.0065,0.817,nan,0.00,1,1,1,0.0000,0.467,0,0.209,0,0.826,0,0,yolo,100.2,yolo,0,0,0,0.000,0,-1,0
1785568412.231,3.320,-2.259,-3.671,0.9975,-8.906,0.259,-1.507,0.2515,8.755,0.230,0.460,1.000,1.507,12.226,0.2847,0.1095,-1.011,-1.011,-0.409,1.394,1.633,-2.000,0.0065,0.817,nan,0.00,1,1,1,0.0000,0.468,0,0.210,0,0.814,0,0,yolo,100.2,yolo,0,0,0,0.000,0,-1,0
1785568412.262,4.200,-2.242,-3.501,0.9966,-9.800,0.145,-2.698,0.2348,8.674,0.409,0.533,1.000,2.698,14.000,-1.3513,-0.6227,-0.986,-1.215,-0.349,1.400,1.550,-2.097,0.0064,0.900,nan,0.00,1,1,1,0.0000,0.473,0,0.217,0,0.837,0,0,yolo,100.3,yolo,0,0,0,0.000,0,-1,0
1785568412.297,5.113,-2.246,-3.299,0.9953,-8.887,0.150,-2.698,0.2467,8.674,0.409,0.533,1.000,2.698,14.000,0.2575,0.0533,-0.958,-0.958,-0.295,1.405,1.543,-2.097,0.0063,0.907,nan,0.00,1,1,1,0.0000,0.473,0,0.217,0,0.837,1,0,yolo,100.3,yolo,0,0,0,0.000,0,-1,0
1785568412.325,5.955,-2.255,-3.053,0.9938,-8.045,0.160,-2.698,0.2492,8.674,0.409,0.533,1.000,2.698,14.000,0.2916,0.1088,-0.924,-0.924,-0.240,1.410,1.537,-2.095,0.0062,0.913,nan,0.00,1,1,1,0.0000,0.481,0,0.226,0,0.838,0,0,yolo,100.3,yolo,0,0,0,0.000,0,-1,0
1785568412.357,6.740,-2.264,-2.813,0.9923,-7.260,0.381,-3.969,0.2326,8.555,0.593,0.594,1.000,3.969,14.000,-2.8464,-1.2624,-0.882,-1.323,-0.181,1.415,1.453,-1.883,0.0061,0.997,nan,0.00,1,1,1,0.0000,0.484,0,0.229,0,0.834,0,0,yolo,100.2,yolo,0,0,0,0.000,0,-1,0
1785568412.388,6.740,-2.264,-2.813,0.9923,-7.260,0.318,-3.969,0.2419,8.555,0.593,0.594,1.000,3.969,14.000,0.4409,0.0000,-0.882,-0.882,-0.181,1.415,1.453,-1.946,0.0060,0.997,nan,0.00,1,1,1,0.0000,0.484,0,0.229,0,0.834,0,0,yolo,100.2,yolo,0,0,0,0.000,0,-1,0
1785568412.420,7.521,-2.276,-2.443,0.9906,-6.479,0.365,-3.969,0.2448,8.555,0.593,0.594,1.000,3.969,14.000,0.4918,0.0595,-0.831,-0.831,-0.121,1.419,1.444,-1.912,0.0060,1.006,nan,0.00,1,1,1,0.0000,0.470,0,0.213,0,0.847,0,0,yolo,100.2,yolo,0,0,0,0.000,0,-1,0
1785568412.447,8.170,-2.292,-2.056,0.9891,-5.830,0.555,-5.025,0.2281,8.401,0.739,0.641,1.000,5.025,14.000,-1.1614,-0.5123,-0.780,-1.136,-0.064,1.423,1.375,-1.737,0.0060,1.075,nan,0.00,1,1,1,0.0000,0.470,0,0.213,0,0.847,2,0,yolo,102.7,yolo,0,0,0,0.000,0,-1,0
1785568412.483,8.170,-2.292,-2.056,0.9891,-5.830,0.512,-5.025,0.2404,8.401,0.739,0.641,1.000,5.025,14.000,0.3564,0.0000,-0.780,-0.780,-0.064,1.423,1.375,-1.780,0.0060,1.075,nan,0.00,1,1,1,0.0000,0.486,0,0.233,0,0.825,0,0,yolo,102.7,yolo,0,0,0,0.000,0,-1,0
1785568412.516,8.714,-2.302,-1.652,0.9877,-5.286,0.552,-5.025,0.2432,8.401,0.739,0.641,1.000,5.025,14.000,0.4070,0.0583,-0.729,-0.729,-0.006,1.426,1.368,-1.750,0.0060,1.082,nan,0.00,1,1,1,0.0000,0.486,0,0.233,0,0.825,0,0,yolo,102.7,yolo,0,0,0,0.000,0,-1,0
1785568412.552,9.256,-2.323,-1.213,0.9862,-4.744,0.700,-5.855,0.2265,8.174,0.838,0.673,1.000,5.855,14.000,-1.7766,-0.7074,-0.676,-1.049,0.055,1.429,1.321,-1.623,0.0060,1.129,nan,0.00,1,1,1,0.0000,0.615,0,0.240,1,0.824,1,0,yolo,105.8,yolo,0,0,0,0.000,0,-1,0
1785568412.593,9.753,-2.343,-0.785,0.9847,-4.247,0.759,-5.855,0.2424,8.174,0.838,0.673,1.000,5.855,14.000,0.4301,0.0644,-0.619,-0.619,0.119,1.433,1.312,-1.584,0.0060,1.138,nan,0.00,1,1,1,0.0000,0.594,0,0.219,1,0.834,0,0,yolo,105.8,yolo,0,0,0,0.000,0,-1,0
1785568412.623,10.235,-2.366,-0.250,0.9832,-3.765,0.822,-5.855,0.2463,8.174,0.838,0.673,1.000,5.855,14.000,0.4951,0.1464,-0.554,-0.554,0.201,1.437,1.303,-1.544,0.0060,1.147,nan,0.00,1,1,1,0.0000,0.480,0,0.225,0,0.826,0,0,yolo,105.8,yolo,0,0,0,0.000,0,-1,0
1785568412.655,10.627,-2.385,0.336,0.9820,-3.373,0.928,-6.478,0.2296,7.985,0.907,0.685,1.000,6.478,14.000,-0.8687,-0.2447,-0.485,-0.805,0.288,1.441,1.275,-1.456,0.0060,1.172,nan,0.00,1,1,1,0.0000,0.480,0,0.225,0,0.826,0,0,yolo,98.1,yolo,0,0,0,0.000,0,-1,0
1785568412.687,10.957,-2.403,0.916,0.9809,-3.043,0.980,-6.478,0.2427,7.985,0.907,0.685,1.000,6.478,14.000,0.3863,0.0770,-0.419,-0.419,0.365,1.445,1.268,-1.423,0.0060,1.179,nan,0.00,1,1,1,0.0000,0.304,0,0.132,0,0.841,0,0,yolo,98.1,yolo,0,0,0,0.000,0,-1,0
1785568412.719,10.957,-2.403,0.916,0.9809,-3.043,0.939,-6.478,0.2427,7.985,0.907,0.685,1.000,6.478,14.000,0.3863,0.0770,-0.419,-0.419,0.365,1.445,1.268,-1.464,0.0060,1.179,nan,0.00,1,1,1,0.0000,0.305,0,0.134,0,0.840,0,0,yolo,98.1,yolo,0,0,0,0.000,0,-1,0
1785568412.761,11.254,-2.422,1.514,0.9799,-2.746,1.008,-6.858,0.2370,7.842,0.943,0.682,1.000,6.858,14.000,-0.5192,-0.0503,-0.351,-0.596,0.441,1.449,1.261,-1.414,0.0060,1.184,nan,0.00,1,1,1,0.0000,0.306,0,0.135,0,0.838,0,0,yolo,101.8,yolo,0,0,0,0.000,0,-1,0
1785568412.795,11.564,-2.448,2.127,0.9788,-2.436,1.091,-6.858,0.2430,7.842,0.943,0.682,1.000,6.858,14.000,0.3177,0.0799,-0.278,-0.278,0.521,1.455,1.254,-1.356,0.0060,1.192,nan,0.00,1,1,1,0.0000,0.306,0,0.135,0,0.838,0,0,yolo,101.8,yolo,0,0,0,0.000,0,-1,0
1785568412.826,11.808,-2.467,2.787,0.9779,-2.192,1.162,-6.858,0.2463,7.842,0.943,0.682,1.000,6.858,14.000,0.3927,0.1500,-0.203,-0.203,0.591,1.461,1.249,-1.304,0.0060,1.198,nan,0.00,1,1,1,0.0000,0.306,0,0.136,0,0.838,0,0,yolo,101.8,yolo,0,0,0,0.000,0,-1,0
1785568412.858,11.990,-2.481,3.345,0.9773,-2.010,1.178,-8.358,0.2446,7.697,0.938,0.675,1.000,6.946,14.000,-0.1182,0.1043,-0.141,-0.327,0.648,1.467,1.258,-1.303,0.0060,1.187,nan,8.00,1,1,1,0.6751,0.500,1,0.286,0,0.821,0,0,yolo,102.6,yolo,0,0,0,0.000,0,-1,0
1785568412.888,12.149,-2.513,3.969,0.9767,-1.851,1.250,-9.858,0.2420,7.697,0.938,0.675,1.000,6.946,14.000,0.2460,0.0489,-0.081,-0.081,0.697,1.473,1.252,-1.263,0.0060,1.194,nan,8.00,1,1,1,0.6751,0.500,1,0.286,0,0.821,0,0,yolo,102.6,yolo,0,0,0,0.000,0,-1,0
1785568412.920,12.149,-2.513,3.969,0.9767,-1.851,1.194,-8.358,0.2420,7.697,0.938,0.675,1.000,6.946,14.000,0.2460,0.0489,-0.081,-0.081,0.697,1.473,1.252,-1.319,0.0060,1.194,nan,0.00,1,1,1,0.0000,0.492,0,0.239,0,0.828,0,0,yolo,102.6,yolo,0,0,0,0.000,0,-1,0
1785568412.952,12.293,-2.578,4.795,0.9761,-1.707,1.252,-6.858,0.2512,7.530,0.872,0.662,1.000,6.607,14.000,0.4448,0.2301,-0.022,-0.079,0.748,1.479,1.275,-1.326,0.0060,1.170,nan,0.00,1,1,1,0.0000,0.495,0,0.244,0,0.831,0,0,yolo,96.6,yolo,0,0,0,0.000,0,-1,0
1785568412.989,12.457,-2.601,5.529,0.9755,-1.543,1.358,-6.607,0.2679,7.530,0.872,0.662,1.000,6.607,14.000,0.1349,0.0580,0.056,0.056,0.806,1.488,1.271,-1.243,0.0060,1.176,nan,0.00,1,1,1,0.0000,0.498,0,0.247,0,0.839,0,0,yolo,96.6,yolo,0,0,0,0.000,0,-1,0
1785568413.035,12.617,-2.577,6.137,0.9749,-1.172,1.400,-6.607,0.2770,7.530,0.872,0.662,1.000,6.607,13.789,0.2225,0.1109,0.143,0.143,0.859,1.498,1.272,-1.177,0.0060,1.174,nan,0.00,1,1,1,0.0000,0.498,0,0.247,0,0.839,1,0,yolo,96.6,yolo,0,0,0,0.000,0,-1,0
1785568413.078,12.714,-2.571,6.731,0.9745,0.328,1.290,-8.107,0.2771,7.246,0.760,0.643,1.000,5.984,11.164,0.7882,0.5576,0.216,-0.012,0.893,1.508,1.331,-1.281,0.0060,1.119,nan,8.00,1,1,1,0.5918,0.500,1,0.251,0,0.830,0,0,yolo,104.9,yolo,0,0,0,0.000,0,-1,0
1785568413.109,12.802,-2.570,7.280,0.9742,1.828,1.324,-6.607,0.2772,7.246,0.760,0.643,1.000,5.984,10.170,0.2945,0.0195,0.282,0.282,0.913,1.516,1.331,-1.246,0.0060,1.119,nan,0.00,1,1,1,0.0000,0.302,0,0.128,0,0.866,0,0,yolo,104.9,yolo,0,0,0,0.000,0,-1,0
1785568413.145,12.602,-2.570,7.863,0.9749,3.328,1.368,-5.984,0.2769,7.246,0.760,0.643,1.000,5.984,9.048,0.3614,0.0257,0.349,0.349,0.919,1.526,1.333,-1.203,0.0060,1.117,nan,0.00,1,1,1,0.0000,0.306,0,0.134,0,0.867,0,0,yolo,104.9,yolo,0,0,0,0.000,0,-1,0
1785568413.195,12.247,-2.552,8.427,0.9763,4.828,1.240,-5.136,0.2766,7.114,0.639,0.616,1.000,5.136,6.584,0.6317,0.3837,0.416,0.258,0.912,1.537,1.397,-1.312,0.0060,1.053,nan,0.00,1,1,1,0.0000,0.306,0,0.134,0,0.867,1,0,yolo,100.5,yolo,0,0,0,0.000,0,-1,0
1785568413.235,11.733,-2.524,8.918,0.9782,5.794,1.240,-6.636,0.2760,7.114,0.639,0.616,1.000,5.136,5.939,0.2232,-0.0156,0.481,0.481,0.896,1.549,1.404,-1.284,0.0060,1.046,nan,8.00,1,1,1,0.6440,0.500,1,0.284,0,0.854,0,0,yolo,100.5,yolo,0,0,0,0.000,0,-1,0
1785568413.270,11.171,-2.510,9.466,0.9801,7.294,1.077,-8.136,0.2927,6.916,0.470,0.586,1.000,3.886,-7.211,2.2633,1.1597,0.533,0.453,0.879,1.560,1.482,-1.433,0.0059,0.968,nan,8.00,1,1,1,0.6481,0.500,1,0.285,0,0.855,1,0,yolo,103.5,yolo,0,0,0,0.000,0,-1,0
1785568413.297,10.471,-2.539,10.170,0.9824,8.431,1.170,-6.636,0.2760,6.916,0.470,0.586,1.000,3.886,2.040,0.1185,-0.0232,0.571,0.571,0.856,1.573,1.483,-1.369,0.0058,0.967,nan,0.00,1,1,1,0.0000,0.412,0,0.140,1,0.872,0,0,yolo,103.5,yolo,0,0,0,0.000,0,-1,0
1785568413.331,10.471,-2.539,10.170,0.9824,8.431,1.048,-8.136,0.2745,6.916,0.470,0.586,1.000,3.886,2.040,0.1185,-0.0232,0.571,0.571,0.856,1.573,1.483,-1.490,0.0057,0.967,nan,8.00,1,1,1,0.4759,0.500,1,0.282,0,0.857,0,0,yolo,103.5,yolo,0,0,0,0.000,0,-1,0
1785568413.359,9.583,-2.539,10.853,0.9851,8.181,1.139,-9.636,0.2737,6.916,0.470,0.586,1.000,3.886,1.402,0.1552,-0.0503,0.608,0.608,0.828,1.587,1.488,-1.400,0.0056,0.962,nan,8.00,1,1,1,0.4759,0.500,1,0.282,0,0.857,0,0,yolo,103.5,yolo,0,0,0,0.000,0,-1,0
1785568413.391,8.728,-2.549,11.698,0.9874,9.681,1.047,-8.136,0.2851,6.487,0.312,0.548,1.000,2.750,-4.523,1.2866,0.8507,0.634,0.375,0.805,1.604,1.573,-1.502,0.0055,0.877,nan,0.00,1,1,1,0.0000,0.306,0,0.135,0,0.876,0,0,yolo,108.5,yolo,0,0,0,0.000,0,-1,0
1785568413.422,7.687,-2.564,12.538,0.9900,10.785,1.154,-9.636,0.2684,6.487,0.312,0.548,1.000,2.750,-3.098,0.2745,-0.0276,0.649,0.649,0.777,1.621,1.576,-1.410,0.0054,0.874,nan,8.00,1,1,1,0.3206,0.500,1,0.271,0,0.850,0,0,yolo,108.5,yolo,0,0,0,0.000,0,-1,0
1785568413.453,6.620,-2.547,13.335,0.9924,9.824,1.186,-8.136,0.2517,6.487,0.312,0.548,1.000,2.750,-3.205,0.2803,-0.0481,0.655,0.655,0.757,1.636,1.582,-1.361,0.0053,0.868,nan,0.00,1,1,1,0.0000,0.316,0,0.151,0,0.856,0,0,yolo,108.5,yolo,0,0,0,0.000,0,-1,0
1785568413.492,6.620,-2.547,13.335,0.9924,11.324,0.861,-6.636,0.2684,6.533,0.124,0.497,1.000,1.091,-11.099,1.8913,0.6959,0.655,0.332,0.757,1.636,1.652,-1.686,0.0053,0.798,nan,0.00,1,1,1,0.0000,0.415,0,0.144,1,0.854,0,0,yolo,106.5,yolo,0,0,0,0.000,0,-1,0
1785568413.517,5.603,-2.512,14.136,0.9943,12.824,0.920,-5.136,0.2517,6.533,0.124,0.497,1.000,1.091,-7.536,0.3248,0.0041,0.657,0.657,0.761,1.652,1.657,-1.592,0.0052,0.793,nan,0.00,1,1,1,0.0000,0.415,0,0.144,1,0.854,0,0,yolo,106.5,yolo,0,0,0,0.000,0,-1,0
1785568413.547,4.229,-2.468,14.616,0.9964,11.696,0.897,-3.636,0.2476,6.533,0.124,0.497,1.000,1.091,-7.467,0.3210,0.0271,0.653,0.653,0.784,1.665,1.664,-1.571,0.0051,0.786,nan,0.00,1,1,1,0.0000,0.310,0,0.245,1,0.838,0,0,yolo,106.5,yolo,0,0,0,0.000,0,-1,0
1785568413.583,4.229,-2.468,14.616,0.9964,13.196,0.626,-2.136,0.2643,6.177,-0.071,0.470,1.000,-0.658,-14.000,1.8858,0.5712,0.653,0.457,0.784,1.665,1.721,-1.842,0.0050,0.729,nan,0.00,1,1,1,0.0000,0.620,0,0.245,1,0.838,1,0,yolo,109.5,yolo,0,0,0,0.000,0,-1,0
1785568413.626,1.918,-2.350,15.060,0.9986,13.271,0.610,-0.636,0.2693,6.177,-0.071,0.470,1.000,-0.658,-11.353,0.1778,0.0776,0.635,0.635,0.861,1.681,1.730,-1.740,0.0050,0.720,nan,0.00,1,1,1,0.0000,0.413,0,0.141,1,0.830,0,0,yolo,109.5,yolo,0,0,0,0.000,0,-1,0
1785568413.661,0.622,-2.295,15.125,0.9991,11.771,0.508,0.658,0.2691,6.177,-0.071,0.470,1.000,-0.658,-10.959,0.1569,0.1220,0.614,0.614,0.906,1.687,1.734,-1.786,0.0049,0.716,nan,0.00,1,1,1,0.0000,0.413,0,0.141,1,0.830,2,0,yolo,109.5,yolo,0,0,0,0.000,0,-1,0
1785568413.688,0.622,-2.295,15.125,0.9991,13.271,0.279,2.158,0.2724,5.889,-0.313,0.432,0.982,-3.040,-14.000,2.4481,0.5165,0.614,0.726,0.906,1.687,1.786,-2.015,0.0048,0.664,nan,0.00,1,1,1,0.0000,0.413,0,0.141,1,0.831,0,0,yolo,107.1,yolo,0,0,0,0.000,0,-1,0
1785568413.723,-0.661,-2.248,15.032,0.9992,13.339,0.229,3.107,0.2690,5.889,-0.313,0.432,0.982,-3.040,-14.000,-0.1399,0.0298,0.587,0.587,0.935,1.691,1.783,-2.019,0.0048,0.667,nan,0.00,1,1,1,0.0000,0.155,0,0.142,0,0.824,0,0,yolo,107.1,yolo,0,0,0,0.000,0,-1,0
1785568413.749,-2.128,-2.236,14.692,0.9985,11.872,0.201,3.117,0.2691,5.889,-0.313,0.432,0.982,-3.040,-14.000,-0.1761,0.0438,0.550,0.550,0.949,1.693,1.777,-2.034,0.0047,0.673,nan,0.00,1,1,1,0.0000,0.310,0,0.142,0,0.824,0,0,yolo,107.1,yolo,0,0,0,0.000,0,-1,0
1785568413.781,-2.128,-2.236,14.692,0.9985,11.872,0.149,3.125,0.2690,5.889,-0.313,0.432,0.982,-3.040,-14.000,-0.1761,0.0438,0.550,0.550,0.949,1.693,1.777,-2.087,0.0046,0.673,nan,0.00,1,1,1,0.0000,0.307,0,0.136,0,0.819,0,0,yolo,107.1,yolo,0,0,0,0.000,0,-1,0
1785568413.817,-3.319,-2.224,14.374,0.9976,10.681,0.001,4.625,0.2692,5.566,-0.553,0.374,0.928,-5.675,-14.000,1.9196,0.3912,0.510,0.791,0.947,1.696,1.829,-2.223,0.0046,0.621,nan,0.00,1,1,1,0.0000,0.307,0,0.136,0,0.819,1,0,yolo,111.2,yolo,0,0,0,0.000,0,-1,0
1785568413.858,-4.451,-2.225,14.123,0.9962,9.549,0.033,5.941,0.2695,5.566,-0.553,0.374,0.928,-5.675,-14.000,-0.3282,-0.0058,0.463,0.463,0.942,1.699,1.819,-2.192,0.0045,0.631,nan,0.00,1,1,1,0.0000,0.592,0,0.217,1,0.806,0,0,yolo,111.2,yolo,0,0,0,0.000,0,-1,0
1785568413.889,-5.576,-2.264,13.702,0.9945,8.424,0.113,5.982,0.2699,5.566,-0.553,0.374,0.928,-5.675,-14.000,-0.3830,-0.0133,0.408,0.408,0.934,1.701,1.805,-2.151,0.0044,0.645,nan,0.00,1,1,1,0.0000,0.590,0,0.215,1,0.784,0,0,yolo,111.2,yolo,0,0,0,0.000,0,-1,0
1785568413.925,-6.394,-2.309,13.148,0.9930,7.606,0.330,7.482,0.2703,5.563,-0.803,0.285,0.927,-8.215,-14.000,1.8501,0.3701,0.360,0.794,0.927,1.703,1.733,-1.979,0.0044,0.596,nan,0.00,1,1,1,0.0000,0.466,0,0.207,0,0.741,0,0,yolo,104.2,yolo,0,0,0,0.000,0,-1,0
1785568413.954,-7.137,-2.355,12.474,0.9914,6.863,0.398,8.095,0.2706,5.563,-0.803,0.285,0.927,-8.215,-14.000,-0.4806,-0.0066,0.313,0.313,0.921,1.705,1.721,-1.957,0.0043,0.611,nan,0.00,1,1,1,0.0000,0.466,0,0.207,0,0.741,0,0,yolo,104.2,yolo,0,0,0,0.000,0,-1,0
1785568413.985,-7.812,-2.407,11.812,0.9898,6.188,0.481,8.016,0.2710,5.563,-0.803,0.285,0.927,-8.215,-14.000,-0.5265,-0.0128,0.267,0.267,0.915,1.707,1.710,-1.926,0.0043,0.624,nan,0.00,1,1,1,0.0000,0.685,0,0.196,2,0.715,0,0,yolo,104.2,yolo,0,0,0,0.000,0,-1,0
1785568414.018,-7.820,-2.408,11.802,0.9898,6.180,0.539,9.394,0.2877,5.340,-0.945,0.179,0.890,-10.037,-14.000,5.0948,2.0000,0.267,1.132,0.914,1.707,1.678,-1.868,0.0042,0.530,nan,0.00,1,1,1,0.0000,0.685,0,0.196,2,0.715,0,0,yolo,113.8,yolo,0,0,0,0.000,0,-1,0
1785568414.052,-8.397,-2.460,11.112,0.9884,5.603,0.634,9.286,0.2713,5.340,-0.945,0.179,0.890,-10.037,-14.000,-0.9126,-0.0071,0.219,0.219,0.907,1.710,1.668,-1.826,0.0041,0.544,nan,0.00,1,1,1,0.0000,0.693,0,0.202,2,0.703,1,0,yolo,113.8,yolo,0,0,0,0.000,0,-1,0
1785568414.083,-8.951,-2.523,10.280,0.9869,5.049,0.745,9.206,0.2717,5.340,-0.945,0.179,0.890,-10.037,-14.000,-0.9631,-0.0148,0.169,0.169,0.900,1.713,1.659,-1.778,0.0041,0.559,nan,0.00,1,1,1,0.0000,0.681,0,0.192,2,0.678,2,0,yolo,113.8,yolo,0,0,0,0.000,0,-1,0
1785568414.110,-9.441,-2.586,9.417,0.9855,4.559,0.861,9.146,0.2720,5.340,-0.945,0.179,0.890,-10.037,-14.000,-1.0141,-0.0225,0.118,0.118,0.892,1.717,1.650,-1.725,0.0040,0.572,nan,0.00,1,1,1,0.0000,0.794,0,0.192,3,0.674,0,0,yolo,113.8,yolo,0,0,0,0.000,0,-1,0
1785568414.146,-9.441,-2.586,9.417,0.9855,4.559,0.877,10.571,0.2850,5.101,-1.024,0.075,0.850,-11.355,-14.000,0.7038,0.6005,0.118,0.769,0.892,1.717,1.631,-1.709,0.0040,0.472,nan,0.00,1,1,1,0.0000,0.794,0,0.192,3,0.686,0,0,yolo,108.2,yolo,0,0,0,0.000,0,-1,0
1785568414.174,-9.864,-2.638,8.625,0.9842,4.136,0.989,11.042,0.2722,5.101,-1.024,0.075,0.850,-11.355,-14.000,-0.7032,-0.0075,0.066,0.066,0.885,1.722,1.624,-1.649,0.0039,0.484,nan,0.00,1,1,1,0.0000,0.794,0,0.192,3,0.686,0,0,yolo,108.2,yolo,0,0,0,0.000,0,-1,0
1785568414.205,-10.243,-2.711,7.671,0.9830,3.757,1.127,11.395,0.2725,5.101,-1.024,0.075,0.850,-11.355,-14.000,-0.7532,-0.0155,0.016,0.016,0.877,1.728,1.617,-1.584,0.0039,0.497,nan,0.00,1,1,1,0.0000,0.678,0,0.190,2,0.715,0,0,yolo,108.2,yolo,0,0,0,0.000,0,-1,0
1785568414.243,-10.539,-2.784,6.747,0.9820,3.461,1.260,11.983,0.2892,4.849,-1.039,-0.032,0.808,-12.094,-14.000,0.6255,1.0312,-0.026,0.459,0.869,1.734,1.608,-1.524,0.0038,0.394,nan,0.00,1,1,1,0.0000,0.830,0,0.218,3,0.715,1,0,yolo,106.7,yolo,0,0,0,0.000,0,-1,0
1785568414.285,-10.838,-2.860,5.698,0.9809,3.162,1.404,12.025,0.2730,4.849,-1.039,-0.032,0.808,-12.094,-14.000,-0.5322,-0.0129,-0.073,-0.073,0.856,1.742,1.603,-1.456,0.0038,0.406,nan,0.00,1,1,1,0.0000,0.506,0,0.131,2,0.682,0,0,yolo,106.7,yolo,0,0,0,0.000,0,-1,0
1785568414.316,-11.113,-2.931,4.608,0.9800,2.887,1.552,12.056,0.2732,4.849,-1.039,-0.032,0.808,-12.094,-14.000,-0.5824,-0.0270,-0.124,-0.124,0.842,1.751,1.598,-1.379,0.0038,0.417,nan,0.00,1,1,1,0.0000,0.506,0,0.131,2,0.682,0,0,yolo,106.7,yolo,0,0,0,0.000,0,-1,0
1785568414.341,-11.113,-2.931,4.608,0.9800,2.887,1.421,12.070,0.2899,4.581,-0.994,-0.137,0.763,-12.241,-14.000,0.1178,1.2570,-0.124,0.171,0.842,1.751,1.621,-1.510,0.0037,0.291,nan,0.00,1,1,1,0.0000,0.502,0,0.127,2,0.671,0,0,yolo,105.6,yolo,0,0,0,0.000,0,-1,0
1785568414.368,-11.347,-2.990,3.568,0.9791,2.653,1.571,12.071,0.2734,4.581,-0.994,-0.137,0.763,-12.241,-14.000,-0.3431,-0.0119,-0.172,-0.172,0.830,1.761,1.618,-1.418,0.0037,0.300,nan,0.00,1,1,1,0.0000,0.492,0,0.117,2,0.652,0,0,yolo,105.6,yolo,0,0,0,0.000,0,-1,0
1785568414.394,-11.568,-3.055,2.469,0.9783,2.432,1.736,12.071,0.2736,4.581,-0.994,-0.137,0.763,-12.241,-14.000,-0.3947,-0.0233,-0.224,-0.224,0.819,1.773,1.614,-1.319,0.0037,0.309,nan,0.00,1,1,1,0.0000,0.492,0,0.117,2,0.652,0,0,yolo,105.6,yolo,0,0,0,0.000,0,-1,0
1785568414.425,-11.755,-3.105,1.424,0.9776,2.245,1.870,12.072,0.2738,4.581,-0.994,-0.137,0.763,-12.241,-14.000,-0.4442,-0.0339,-0.273,-0.273,0.808,1.785,1.610,-1.234,0.0036,0.316,nan,0.00,1,1,1,0.0000,0.487,0,0.112,2,0.641,0,0,yolo,105.6,yolo,0,0,0,0.000,0,-1,0
1785568414.458,-11.923,-3.146,0.366,0.9770,2.077,1.919,11.855,0.2904,4.338,-0.917,-0.231,0.723,-11.933,-14.000,-0.2338,1.1519,-0.324,-0.143,0.801,1.798,1.639,-1.227,0.0036,0.201,nan,0.00,1,1,1,0.0000,0.490,0,0.115,2,0.633,0,0,yolo,106.1,yolo,0,0,0,0.000,0,-1,0
1785568414.488,-11.923,-3.146,0.366,0.9770,2.077,1.807,11.720,0.2739,4.338,-0.917,-0.231,0.723,-11.933,-14.000,-0.1809,0.0000,-0.324,-0.324,0.801,1.798,1.639,-1.339,0.0036,0.201,nan,0.00,1,1,1,0.0000,0.489,0,0.114,2,0.619,0,0,yolo,106.1,yolo,0,0,0,0.000,0,-1,0
1785568414.520,-12.100,-3.197,-0.828,0.9763,1.900,2.002,11.619,0.2673,4.338,-0.917,-0.231,0.723,-11.933,-14.000,-0.2415,-0.0078,-0.384,-0.384,0.794,1.815,1.639,-1.195,0.0036,0.208,nan,0.00,1,1,1,0.0000,0.490,0,0.115,2,0.606,0,0,yolo,106.1,yolo,0,0,0,0.000,0,-1,0
1785568414.550,-12.234,-3.222,-1.844,0.9757,1.766,2.037,10.733,0.2840,4.091,-0.801,-0.321,0.682,-11.073,-14.000,-0.6138,1.2213,-0.437,-0.136,0.790,1.830,1.672,-1.185,0.0036,0.086,nan,0.00,1,1,1,0.0000,0.490,0,0.115,2,0.606,0,0,yolo,97.7,yolo,0,0,0,0.000,0,-1,0
1785568414.581,-12.357,-3.231,-2.780,0.9753,0.266,2.125,10.543,0.2713,4.091,-0.801,-0.321,0.682,-11.073,-10.822,-0.3542,-0.0072,-0.490,-0.490,0.782,1.846,1.672,-1.106,0.0036,0.088,nan,0.00,1,1,1,0.0000,0.489,0,0.114,2,0.598,0,0,yolo,97.7,yolo,0,0,0,0.000,0,-1,0
1785568414.616,-12.357,-3.231,-2.780,0.9753,-1.234,1.987,10.400,0.2713,4.091,-0.801,-0.321,0.682,-11.073,-10.822,-0.3542,-0.0072,-0.490,-0.490,0.782,1.846,1.672,-1.244,0.0036,0.088,nan,0.00,1,1,1,0.0000,0.485,0,0.110,2,0.593,0,0,yolo,97.7,yolo,0,0,0,0.000,0,-1,0
1785568414.642,-12.123,-3.235,-3.898,0.9761,-1.372,2.019,9.049,0.2880,3.917,-0.684,-0.395,0.653,-9.900,-10.752,-0.8019,1.0956,-0.554,-0.200,0.774,1.866,1.729,-1.216,0.0036,-0.021,nan,0.00,1,1,1,0.0000,0.483,0,0.108,2,0.596,0,0,yolo,100.3,yolo,0,0,0,0.000,0,-1,0
1785568414.673,-12.123,-3.235,-3.898,0.9761,-2.872,1.886,8.655,0.2748,3.917,-0.684,-0.395,0.653,-9.900,-7.205,-0.3545,0.0000,-0.554,-0.554,0.774,1.866,1.729,-1.349,0.0036,-0.021,nan,0.00,1,1,1,0.0000,0.483,0,0.108,2,0.596,0,0,yolo,100.3,yolo,0,0,0,0.000,0,-1,0
1785568414.703,-11.896,-3.233,-5.001,0.9770,-4.372,2.074,8.360,0.2743,3.917,-0.684,-0.395,0.653,-9.900,-6.137,-0.4155,-0.0064,-0.615,-0.615,0.768,1.887,1.729,-1.159,0.0036,-0.024,nan,0.00,1,1,1,0.0000,0.476,0,0.101,2,0.604,0,0,yolo,100.3,yolo,0,0,0,0.000,0,-1,0
1785568414.733,-11.341,-3.171,-5.856,0.9790,-5.872,2.123,8.139,0.2733,3.917,-0.684,-0.395,0.653,-9.900,-5.151,-0.4718,-0.0238,-0.672,-0.672,0.750,1.905,1.729,-1.048,0.0036,-0.036,nan,0.00,1,1,1,0.0000,0.474,0,0.099,2,0.606,0,0,yolo,100.3,yolo,0,0,0,0.000,0,-1,0
1785568414.763,-11.341,-3.171,-5.856,0.9790,-6.683,1.792,6.639,0.2900,3.711,-0.542,-0.455,0.619,-8.305,-4.658,-1.0333,0.9803,-0.672,-0.353,0.750,1.905,1.800,-1.378,0.0036,-0.134,nan,0.00,1,1,1,0.0000,0.474,0,0.099,2,0.606,0,0,yolo,101.2,yolo,0,0,0,0.000,0,-1,0
1785568414.795,-10.692,-3.097,-6.657,0.9812,-8.183,1.843,6.261,0.2766,3.711,-0.542,-0.455,0.619,-8.305,-1.517,-0.3650,-0.0127,-0.718,-0.718,0.737,1.923,1.800,-1.254,0.0036,-0.146,nan,0.00,1,1,1,0.0000,0.476,0,0.101,2,0.602,0,0,yolo,101.2,yolo,0,0,0,0.000,0,-1,0
1785568414.831,-9.850,-3.025,-7.261,0.9839,-9.026,1.838,6.030,0.2755,3.711,-0.542,-0.455,0.619,-8.305,-0.824,-0.4048,-0.0287,-0.758,-0.758,0.721,1.938,1.800,-1.186,0.0036,-0.159,nan,0.00,1,1,1,0.0000,0.480,0,0.105,2,0.588,0,0,yolo,101.2,yolo,0,0,0,0.000,0,-1,0
1785568414.872,-9.033,-2.934,-7.731,0.9863,-8.441,1.607,4.530,0.2922,3.507,-0.407,-0.502,0.584,-6.620,-0.592,-0.7735,0.6944,-0.790,-0.479,0.703,1.950,1.864,-1.327,0.0036,-0.252,nan,0.00,1,1,1,0.0000,0.651,0,0.168,2,0.576,0,0,yolo,105.3,yolo,0,0,0,0.000,0,-1,0
1785568414.904,-8.259,-2.843,-8.201,0.9884,-9.941,1.552,4.158,0.2781,3.507,-0.407,-0.502,0.584,-6.620,2.938,-0.3359,-0.0153,-0.815,-0.815,0.688,1.961,1.856,-1.292,0.0037,-0.264,nan,0.00,1,1,1,0.0000,0.399,0,0.124,1,0.557,0,0,yolo,105.3,yolo,0,0,0,0.000,0,-1,0
1785568414.935,-7.354,-2.759,-8.601,0.9906,-10.679,1.499,3.938,0.2770,3.507,-0.407,-0.502,0.584,-6.620,3.326,-0.3583,-0.0345,-0.837,-0.837,0.669,1.972,1.847,-1.260,0.0037,-0.277,nan,0.00,1,1,1,0.0000,0.399,0,0.124,1,0.557,0,0,yolo,105.3,yolo,0,0,0,0.000,0,-1,0
1785568414.963,-6.364,-2.655,-8.903,0.9928,-12.179,1.541,2.438,0.2937,3.268,-0.273,-0.540,0.545,-4.769,8.375,-1.5836,1.1610,-0.857,-0.738,0.644,1.981,1.786,-1.115,0.0037,-0.354,nan,0.00,1,1,1,0.0000,0.510,0,0.135,2,0.536,0,0,yolo,104.5,yolo,0,0,0,0.000,0,-1,0
1785568415.003,-5.152,-2.527,-9.141,0.9950,-11.450,1.416,2.224,0.2788,3.268,-0.273,-0.540,0.545,-4.769,6.298,-0.1316,-0.0322,-0.870,-0.870,0.612,1.989,1.776,-1.110,0.0038,-0.368,nan,0.00,1,1,1,0.0000,0.505,0,0.130,2,0.509,0,0,yolo,104.5,yolo,0,0,0,0.000,0,-1,0
1785568415.045,-4.026,-2.399,-9.328,0.9967,-10.464,1.284,2.079,0.2771,3.268,-0.273,-0.540,0.545,-4.769,6.438,-0.1399,-0.0680,-0.878,-0.878,0.576,1.995,1.767,-1.115,0.0038,-0.382,nan,0.00,1,1,1,0.0000,0.491,0,0.116,2,0.504,0,0,yolo,104.5,yolo,0,0,0,0.000,0,-1,0
1785568415.076,-2.906,-2.268,-9.512,0.9979,-11.458,1.319,0.814,0.2938,3.053,-0.165,-0.575,0.509,-3.094,8.552,-0.6695,0.4679,-0.880,-0.755,0.539,2.000,1.692,-0.950,0.0038,-0.444,nan,0.00,1,1,1,0.0000,0.490,0,0.115,2,0.487,0,0,yolo,104.8,yolo,0,0,0,0.000,0,-1,0
1785568415.103,-2.888,-2.266,-9.515,0.9979,-11.832,1.234,0.664,0.2818,3.053,-0.165,-0.575,0.509,-3.094,8.944,-0.1254,-0.0006,-0.880,-0.880,0.538,2.000,1.692,-1.032,0.0039,-0.444,nan,0.00,1,1,1,0.0000,0.490,0,0.115,2,0.487,0,0,yolo,104.8,yolo,0,0,0,0.000,0,-1,0
1785568415.125,-1.662,-2.146,-9.605,0.9989,-10.530,1.115,0.552,0.2802,3.053,-0.165,-0.575,0.509,-3.094,8.868,-0.1208,-0.0380,-0.875,-0.875,0.501,2.004,1.685,-1.031,0.0039,-0.455,nan,0.00,1,1,1,0.0000,0.474,0,0.099,2,0.490,0,0,yolo,104.8,yolo,0,0,0,0.000,0,-1,0
1785568415.157,-1.662,-2.146,-9.605,0.9989,-10.530,1.063,0.468,0.2802,3.053,-0.165,-0.575,0.509,-3.094,8.868,-0.1208,-0.0380,-0.875,-0.875,0.501,2.004,1.685,-1.083,0.0040,-0.455,nan,0.00,1,1,1,0.0000,0.474,0,0.099,2,0.490,0,0,yolo,104.8,yolo,0,0,0,0.000,0,-1,0
1785568415.188,-0.641,-2.035,-9.624,0.9993,-10.643,1.070,-1.032,0.2969,2.880,-0.096,-0.604,0.480,-1.909,10.002,-0.5953,0.4555,-0.868,-0.762,0.468,2.005,1.632,-0.965,0.0040,-0.500,nan,0.00,1,1,1,0.0000,0.289,0,0.107,3,0.420,0,0,yolo,109.6,yolo,0,0,0,0.000,0,-1,0
1785568415.223,0.495,-1.923,-9.549,0.9994,-9.608,0.931,-1.812,0.2816,2.880,-0.096,-0.604,0.480,-1.909,10.103,-0.0929,-0.0411,-0.855,-0.855,0.427,2.004,1.627,-0.992,0.0041,-0.508,nan,0.00,1,1,1,0.0000,0.243,0,0.110,2,0.415,0,0,yolo,109.6,yolo,0,0,0,0.000,0,-1,0
1785568415.248,1.482,-1.829,-9.360,0.9992,-8.348,0.787,-2.312,0.2800,2.880,-0.096,-0.604,0.480,-1.909,9.829,-0.0762,-0.0834,-0.838,-0.838,0.384,2.002,1.624,-1.042,0.0041,-0.514,nan,0.00,1,1,1,0.0000,0.243,0,0.110,2,0.415,0,0,yolo,109.6,yolo,0,0,0,0.000,0,-1,0
1785568415.280,1.482,-1.829,-9.360,0.9992,-9.848,0.915,-3.646,0.2967,2.646,-0.038,-0.633,0.441,-0.831,11.819,-0.7468,0.5236,-0.838,-0.780,0.384,2.002,1.571,-0.914,0.0042,-0.549,nan,0.00,1,1,1,0.0000,0.243,0,0.110,2,0.415,0,0,yolo,103.3,yolo,0,0,0,0.000,0,-1,0
1785568415.312,2.308,-1.756,-9.143,0.9987,-8.483,0.796,-4.054,0.2833,2.646,-0.038,-0.633,0.441,-0.831,10.791,-0.0384,-0.0416,-0.819,-0.819,0.343,1.998,1.569,-0.961,0.0042,-0.553,nan,0.00,1,1,1,0.0000,0.285,0,0.100,3,0.436,0,0,yolo,103.3,yolo,0,0,0,0.000,0,-1,0
1785568415.343,3.159,-1.694,-8.802,0.9980,-7.309,0.671,-4.359,0.2818,2.646,-0.038,-0.633,0.441,-0.831,10.467,-0.0183,-0.0830,-0.799,-0.799,0.301,1.992,1.567,-1.023,0.0043,-0.556,nan,0.00,1,1,1,0.0000,0.188,0,0.096,1,0.459,0,0,yolo,103.3,yolo,0,0,0,0.000,0,-1,0
1785568415.374,3.899,-1.650,-8.364,0.9973,-6.216,0.560,-4.588,0.2802,2.646,-0.038,-0.633,0.441,-0.831,10.115,0.0035,-0.1257,-0.777,-0.777,0.259,1.985,1.566,-1.090,0.0044,-0.558,nan,0.00,1,1,1,0.0000,0.188,0,0.096,1,0.459,0,0,yolo,103.3,yolo,0,0,0,0.000,0,-1,0
1785568415.406,3.899,-1.650,-8.364,0.9973,-6.216,0.601,-4.760,0.2803,2.646,-0.038,-0.633,0.441,-0.831,10.115,0.0035,-0.1257,-0.777,-0.777,0.259,1.985,1.566,-1.049,0.0044,-0.558,nan,0.00,1,1,1,0.0000,0.380,0,0.100,1,0.461,0,0,yolo,103.3,yolo,0,0,0,0.000,0,-1,0
1785568415.438,4.489,-1.624,-7.969,0.9965,-5.251,0.520,-4.889,0.2790,2.646,-0.038,-0.633,0.441,-0.831,9.739,0.0267,-0.1594,-0.754,-0.754,0.225,1.979,1.566,-1.104,0.0045,-0.559,nan,0.00,1,1,1,0.0000,0.478,0,0.103,2,0.456,0,0,yolo,103.3,yolo,0,0,0,0.000,0,-1,0
1785568415.469,5.082,-1.598,-7.571,0.9957,-4.238,0.452,-4.986,0.2779,2.646,-0.038,-0.633,0.441,-0.831,9.319,0.0527,-0.1911,-0.728,-0.728,0.193,1.972,1.565,-1.146,0.0045,-0.560,nan,0.00,1,1,1,0.0000,0.478,0,0.103,2,0.456,0,0,yolo,103.3,yolo,0,0,0,0.000,0,-1,0
1785568415.506,5.469,-1.592,-7.161,0.9951,-3.435,0.413,-5.058,0.2767,2.646,-0.038,-0.633,0.441,-0.831,8.904,0.0783,-0.2222,-0.702,-0.702,0.162,1.966,1.565,-1.179,0.0046,-0.560,nan,0.00,1,1,1,0.0000,0.144,0,0.105,0,0.447,1,0,yolo,103.3,yolo,0,0,0,0.000,0,-1,0
1785568415.530,5.791,-1.594,-6.731,0.9945,-2.675,0.387,-5.113,0.2757,2.646,-0.038,-0.633,0.441,-0.831,8.466,0.1052,-0.2503,-0.675,-0.675,0.134,1.960,1.565,-1.208,0.0046,-0.560,nan,0.00,1,1,1,0.0000,0.290,0,0.109,0,0.435,0,0,yolo,103.3,yolo,0,0,0,0.000,0,-1,0
1785568415.565,6.046,-1.600,-6.308,0.9940,-4.175,1.287,-6.613,0.2923,5.414,4.161,-1.409,0.902,25.000,14.000,-0.0000,-0.0000,-0.648,-0.648,0.110,1.954,1.200,-0.313,0.0047,-0.812,nan,0.00,1,1,1,0.0000,0.651,0,0.167,2,0.202,0,0,yolo,94.2,yolo,0,0,0,0.000,0,-1,0
1785568415.596,6.046,-1.600,-6.308,0.9940,-5.675,1.346,-7.900,0.2949,5.414,4.161,-1.409,0.902,25.000,14.000,-0.0000,-0.0000,-0.648,-0.648,0.110,1.954,1.200,-0.254,0.0048,-0.812,nan,0.00,1,1,1,0.0000,0.651,0,0.167,2,0.202,0,0,yolo,94.2,yolo,0,0,0,0.000,0,-1,0
1785568415.633,6.487,-1.528,-5.714,0.9932,-7.175,1.206,-7.900,0.2944,5.414,4.161,-1.409,0.902,25.000,14.000,-0.0000,-0.0000,-0.619,-0.619,0.081,1.946,1.200,-0.322,0.0049,-0.785,nan,0.00,1,1,1,0.0000,0.337,0,0.187,2,0.170,0,0,yolo,94.2,yolo,0,0,0,0.000,0,-1,0
1785568415.660,7.033,-1.485,-5.015,0.9921,-5.675,0.119,-6.400,0.2962,4.000,-0.174,0.000,0.667,-2.497,4.321,-0.0000,0.0479,-0.593,-0.593,0.048,1.936,1.590,-1.366,0.0049,-0.762,nan,0.00,1,1,1,0.0000,0.671,0,0.184,2,0.168,0,1,blueline,,BLUELINE,0,0,0,0.000,0,-1,0
1785568415.689,7.553,-1.535,-4.395,0.9910,-4.175,0.090,-4.900,0.2941,4.000,-0.174,0.000,0.667,-2.497,3.793,0.0300,0.0083,-0.563,-0.563,0.008,1.929,1.609,-1.445,0.0049,-0.739,nan,0.00,1,1,1,0.0000,0.671,0,0.184,2,0.168,0,0,blueline,,BLUELINE,0,0,0,0.000,0,-1,0
1785568415.720,7.942,-1.579,-3.992,0.9900,-2.675,1.165,-3.400,0.2909,4.000,0.083,0.000,0.233,1.195,8.179,-4.1888,-0.0524,-0.520,-0.520,-0.052,1.924,1.200,-0.414,0.0049,-0.717,nan,0.00,0,1,1,0.0000,0.400,0,0.196,3,0.164,0,0,blueline,,BLUELINE,0,0,0,0.000,0,-1,0
1785568415.758,7.942,-1.579,-3.992,0.9900,-1.175,1.232,-4.900,0.2903,4.000,0.536,0.000,0.233,7.627,6.978,-0.0000,-0.0524,-0.520,-0.520,-0.052,1.924,1.200,-0.347,0.0049,-0.695,nan,0.00,0,1,1,0.0000,0.683,0,0.195,2,0.166,0,1,track,,TRACK,0,0,0,0.000,0,-1,0
1785568415.802,8.295,-1.438,-3.374,0.9892,-0.409,1.035,-6.400,0.2847,4.000,0.621,0.000,0.233,8.826,8.704,-1.2562,-0.1655,-0.432,-0.432,-0.166,1.916,1.200,-0.403,0.0049,-0.675,nan,0.00,0,1,1,0.0000,0.683,0,0.195,2,0.166,2,0,track,,TRACK,0,0,0,0.000,0,-1,0
1785568415.829,8.355,-1.407,-2.880,0.9891,1.091,0.991,-7.900,0.2818,4.000,0.621,0.000,0.233,8.826,6.996,0.0407,-0.2175,-0.391,-0.391,-0.217,1.911,1.200,-0.416,0.0049,-0.654,nan,0.00,0,1,1,0.0000,0.345,0,0.201,2,0.165,0,0,track,,TRACK,0,0,0,0.000,0,-1,0
1785568415.861,8.355,-1.407,-2.869,0.9891,-0.409,0.435,-9.400,0.2812,4.000,0.852,0.000,0.667,12.028,14.000,-0.0000,-0.2183,-0.390,-0.390,-0.218,1.911,1.445,-0.972,0.0049,-0.635,nan,0.00,1,1,1,0.0000,0.797,0,0.194,3,0.161,0,1,blueline,,BLUELINE,0,0,0,0.000,0,-1,0
1785568415.887,8.257,-1.415,-2.198,0.9893,-1.909,0.383,-10.900,0.2790,4.000,0.852,0.000,0.667,12.028,14.000,0.0306,-0.2516,-0.360,-0.360,-0.252,1.905,1.453,-1.032,0.0049,-0.616,nan,0.00,1,1,1,0.0000,0.797,0,0.194,3,0.161,0,0,blueline,,BLUELINE,0,0,0,0.000,0,-1,0
1785568415.924,8.423,-1.511,-1.331,0.9889,-3.409,0.507,-12.000,0.2774,4.000,0.911,0.000,0.667,12.834,14.000,-1.6869,-0.2767,-0.336,-0.336,-0.277,1.898,1.425,-1.004,0.0049,-0.597,nan,0.00,1,1,1,0.0000,0.684,0,0.195,2,0.256,0,0,blueline,,BLUELINE,0,0,0,0.000,0,-1,0
1785568415.960,8.737,-1.624,-0.258,0.9880,-2.211,1.147,-12.000,0.2763,4.000,1.170,0.000,0.233,16.300,10.948,-0.0000,-0.2950,-0.316,-0.316,-0.295,1.891,1.200,-0.477,0.0049,-0.579,nan,0.00,0,1,1,0.0000,0.569,0,0.194,1,0.236,0,1,track,,TRACK,0,0,0,0.000,0,-1,0
1785568416.008,8.906,-1.674,0.769,0.9875,-0.711,1.185,-12.000,0.2753,4.000,1.119,0.000,0.233,15.623,8.806,1.4184,-0.3082,-0.293,-0.293,-0.308,1.885,1.200,-0.489,0.0049,-0.562,nan,0.00,0,1,1,0.0000,0.569,0,0.194,1,0.236,1,0,track,,TRACK,0,0,0,0.000,0,-1,0
1785568416.035,8.940,-1.721,1.810,0.9874,-1.370,1.229,-12.000,0.2743,4.000,1.119,0.000,0.233,15.623,10.310,0.0265,-0.3186,-0.267,-0.267,-0.319,1.881,1.200,-0.492,0.0049,-0.545,nan,0.00,0,1,1,0.0000,0.807,0,0.202,3,0.247,0,0,track,,TRACK,0,0,0,0.000,0,-1,0
1785568416.069,9.039,-1.766,2.777,0.9871,0.130,1.283,-12.000,0.2736,4.000,1.039,0.000,0.233,14.560,7.022,2.2273,-0.3267,-0.242,-0.242,-0.327,1.877,1.200,-0.483,0.0049,-0.529,nan,0.00,0,1,1,0.0000,0.807,0,0.202,3,0.247,1,0,track,,TRACK,0,0,0,0.000,0,-1,0
1785568416.113,9.002,-1.808,3.828,0.9872,-1.370,1.334,-12.000,0.2902,15.744,8.884,-4.883,1.000,25.000,14.000,-0.0000,-0.0000,-0.216,-0.216,-0.335,1.874,1.200,-0.474,0.0049,-2.934,nan,0.00,1,1,1,0.0000,0.703,0,0.211,2,0.254,0,1,yolo,110.8,yolo,0,0,0,0.000,0,-1,0
1785568416.143,9.114,-1.848,4.885,0.9869,-2.870,1.387,-12.000,0.3069,15.744,8.884,-4.883,1.000,25.000,14.000,0.0266,-0.0139,-0.189,-0.189,-0.349,1.871,1.200,-0.461,0.0049,-2.904,nan,0.00,1,1,1,0.0000,0.574,0,0.199,1,0.253,0,0,yolo,110.8,yolo,0,0,0,0.000,0,-1,0
1785568416.174,9.114,-1.848,4.885,0.9869,-4.370,1.428,-12.000,0.3236,15.744,8.884,-4.883,1.000,25.000,14.000,0.0266,-0.0139,-0.189,-0.189,-0.349,1.871,1.200,-0.420,0.0049,-2.904,nan,0.00,1,1,1,0.0000,0.574,0,0.199,1,0.253,0,0,yolo,110.8,yolo,0,0,0,0.000,0,-1,0
1785568416.205,9.385,-1.885,5.979,0.9861,-4.615,1.468,-12.000,0.3069,14.262,7.830,-4.261,1.000,25.000,14.000,-0.0000,-2.0000,-0.161,-0.093,-0.376,1.869,1.200,-0.417,0.0049,-2.456,nan,0.00,1,1,1,0.0000,0.698,0,0.207,2,0.167,0,0,yolo,100.0,yolo,0,0,0,0.000,0,-1,0
1785568416.239,9.787,-1.924,7.044,0.9849,-4.213,1.519,-12.000,0.3236,14.262,7.830,-4.261,1.000,25.000,14.000,-0.0378,-0.0450,-0.131,-0.131,-0.420,1.868,1.200,-0.405,0.0049,-2.387,nan,0.00,1,1,1,0.0000,0.698,0,0.207,2,0.167,1,0,yolo,100.0,yolo,0,0,0,0.000,0,-1,0
1785568416.267,10.147,-1.960,8.095,0.9838,-3.853,1.575,-12.000,0.3292,14.262,7.830,-4.261,1.000,25.000,14.000,-0.0061,-0.1111,-0.100,-0.100,-0.487,1.868,1.200,-0.385,0.0049,-2.325,nan,0.00,1,1,1,0.0000,0.704,0,0.211,2,0.172,0,0,yolo,100.0,yolo,1,1,0,0.000,0,-1,0
1785568416.303,10.486,-1.999,9.186,0.9827,-3.514,1.640,-12.000,0.3125,13.404,6.861,-3.837,1.000,25.000,14.000,-0.0000,-2.0000,-0.064,0.112,-0.581,1.868,1.200,-0.359,0.0049,-2.055,nan,0.00,1,1,1,0.0000,0.704,0,0.211,2,0.172,3,0,yolo,107.0,yolo,1,1,0,0.000,0,-1,0
1785568416.332,10.486,-1.999,9.186,0.9827,-3.514,1.649,-12.000,0.3292,13.404,6.861,-3.837,1.000,25.000,14.000,-0.1758,0.0000,-0.064,-0.064,-0.581,1.868,1.200,-0.350,0.0049,-2.055,nan,0.00,1,1,1,0.8901,0.333,1,0.350,2,0.183,0,0,yolo,107.0,yolo,1,1,0,0.000,0,-1,0
1785568416.367,10.791,-2.039,10.277,0.9817,-3.209,1.720,-13.500,0.3302,13.404,6.861,-3.837,1.000,25.000,14.000,-0.1384,-0.1056,-0.027,-0.027,-0.686,1.870,1.200,-0.319,0.0049,-2.006,nan,8.00,1,1,1,0.8901,0.667,1,0.350,2,0.183,1,0,yolo,107.0,yolo,1,1,0,0.000,0,-1,0
1785568416.408,11.100,-2.083,11.369,0.9806,-2.900,1.806,-12.000,0.3135,12.852,6.146,-3.550,1.000,25.000,14.000,-0.0000,-2.0000,0.012,2.272,-0.802,1.874,1.200,-0.277,0.0049,-1.831,nan,0.00,1,1,1,0.0000,0.583,0,0.366,1,0.185,0,0,yolo,102.7,yolo,1,1,0,0.000,0,-1,0
1785568416.445,11.358,-2.152,12.553,0.9797,-2.642,1.922,-12.000,0.3237,12.852,6.146,-3.550,1.000,25.000,14.000,-2.2273,-0.1174,0.045,0.045,-0.920,1.878,1.200,-0.229,0.0049,-1.786,nan,0.00,1,1,1,0.0000,0.833,0,0.358,4,0.196,0,0,yolo,102.7,yolo,1,1,0,0.000,0,-1,0
1785568416.487,11.628,-2.232,13.815,0.9787,-2.372,2.067,-12.000,0.3169,12.852,6.146,-3.550,1.000,25.000,14.000,-2.1929,-0.2400,0.080,0.080,-1.042,1.885,1.200,-0.165,0.0049,-1.736,nan,0.00,1,1,1,0.0000,0.833,0,0.358,4,0.196,0,0,yolo,102.7,yolo,1,1,0,0.000,0,-1,0
1785568416.518,11.830,-2.242,14.911,0.9780,-2.170,2.148,-12.000,0.3336,13.536,5.834,-3.740,1.000,23.315,14.000,3.9817,1.9775,0.124,1.144,-1.167,1.893,1.200,-0.094,0.0049,-1.934,nan,0.00,1,1,1,0.0000,0.292,0,0.356,1,0.201,0,0,yolo,106.6,yolo,1,1,0,0.000,0,-1,0
1785568416.548,11.999,-2.255,15.967,0.9774,-2.001,2.228,-12.000,0.3169,13.536,5.834,-3.740,1.000,23.315,14.000,-0.9788,-0.1155,0.165,0.165,-1.283,1.902,1.200,-0.027,0.0049,-1.911,nan,0.00,1,1,1,0.0000,0.417,0,0.355,4,0.204,0,0,yolo,106.6,yolo,1,1,0,0.000,0,-1,0
1785568416.578,12.151,-2.267,17.044,0.9768,-1.849,2.313,-12.000,0.3002,13.536,5.834,-3.740,1.000,23.315,14.000,-0.9375,-0.2235,0.206,0.206,-1.391,1.912,1.200,0.046,0.0049,-1.891,nan,0.00,1,1,1,0.0000,0.417,0,0.355,4,0.204,0,0,yolo,106.6,yolo,1,1,0,0.000,0,-1,0
1785568416.609,12.151,-2.267,17.044,0.9768,-1.849,2.233,-12.000,0.2836,13.403,5.058,-3.635,1.000,20.674,14.000,6.1763,0.6600,0.206,1.027,-1.391,1.912,1.200,-0.034,0.0049,-1.957,nan,0.00,1,1,1,0.0000,0.917,0,0.346,5,0.208,0,0,yolo,110.9,yolo,1,1,0,0.000,0,-1,0
1785568416.640,12.282,-2.273,18.060,0.9763,-1.718,2.328,-12.000,0.2754,13.403,5.058,-3.635,1.000,20.674,14.000,-0.7798,-0.0815,0.248,0.248,-1.472,1.923,1.200,0.055,0.0049,-1.943,nan,0.00,1,1,1,0.0000,0.900,0,0.315,4,0.288,0,0,yolo,110.9,yolo,1,1,0,0.000,0,-1,0
1785568416.672,12.396,-2.280,19.034,0.9759,-1.604,2.413,-13.500,0.2755,13.403,5.058,-3.635,1.000,20.674,14.000,-0.7399,-0.1243,0.288,0.288,-1.515,1.934,1.200,0.133,0.0049,-1.930,nan,8.00,1,1,1,0.4118,0.800,1,0.323,3,0.293,0,0,yolo,110.9,yolo,1,1,0,0.000,0,-1,0
1785568416.703,12.496,-2.304,20.120,0.9755,-1.504,2.523,-15.000,0.2756,13.403,5.058,-3.635,1.000,20.674,14.000,-0.7026,-0.1391,0.325,0.325,-1.530,1.948,1.200,0.220,0.0049,-1.914,nan,8.00,1,1,1,0.4118,0.800,1,0.323,3,0.293,0,0,yolo,110.9,yolo,1,1,0,0.000,0,-1,0
1785568416.734,12.584,-2.357,21.427,0.9752,-0.539,2.685,-13.500,0.2757,13.886,4.517,-3.745,1.000,18.019,13.122,4.8262,1.3753,0.358,1.370,-1.513,1.964,1.200,0.327,0.0049,-2.098,nan,0.00,1,1,1,0.3028,0.350,1,0.310,2,0.298,0,0,yolo,106.3,yolo,1,1,0,0.000,0,-1,0
1785568416.765,12.682,-2.426,22.953,0.9747,-1.318,2.893,-12.000,0.2758,13.886,4.517,-3.745,1.000,18.019,14.000,-0.9739,0.0468,0.396,0.396,-1.467,1.984,1.200,0.468,0.0049,-2.072,nan,0.00,1,1,1,0.1937,0.350,1,0.310,2,0.298,0,0,yolo,106.3,yolo,1,1,0,0.000,0,-1,0
1785568416.796,12.682,-2.426,22.981,0.9747,-1.318,2.747,-12.000,0.2758,13.886,4.517,-3.745,1.000,18.019,14.000,-0.9729,0.0479,0.397,0.397,-1.465,1.984,1.200,0.321,0.0049,-2.072,nan,0.00,1,1,1,0.0846,0.350,1,0.308,2,0.608,0,0,yolo,106.3,yolo,1,1,0,0.000,0,-1,0
1785568416.827,12.792,-2.385,24.157,0.9743,0.182,2.846,-12.000,0.2760,14.353,3.790,-3.700,1.000,14.792,-9.968,8.0851,0.9702,0.451,1.152,-1.427,2.003,1.200,0.462,0.0049,-2.169,nan,0.00,1,1,1,0.1937,0.400,1,0.301,3,0.589,0,0,yolo,109.1,yolo,1,1,0,0.000,0,-1,0
1785568416.858,12.737,-2.344,25.161,0.9746,-1.263,2.889,-12.000,0.2759,14.353,3.790,-3.700,1.000,14.792,14.000,-0.6534,0.0191,0.499,0.499,-1.408,2.019,1.200,0.545,0.0049,-2.184,nan,0.00,1,1,1,0.3028,0.350,1,0.298,2,0.601,0,0,yolo,109.1,yolo,1,1,0,0.000,0,-1,0
1785568416.890,12.807,-2.313,26.181,0.9743,-1.193,2.931,-12.000,0.2760,14.353,3.790,-3.700,1.000,14.792,14.000,-0.6116,0.0303,0.541,0.541,-1.397,2.036,1.200,0.619,0.0049,-2.186,nan,0.00,1,1,1,0.4118,0.350,1,0.298,2,0.601,0,0,yolo,109.1,yolo,1,1,0,0.000,0,-1,0
1785568416.920,12.807,-2.313,26.181,0.9743,-1.193,2.773,-12.000,0.2760,14.353,3.790,-3.700,1.000,14.792,14.000,-0.6116,0.0303,0.541,0.541,-1.397,2.036,1.200,0.460,0.0049,-2.186,nan,0.00,1,1,1,0.5209,0.350,1,0.282,2,0.626,0,0,yolo,109.1,yolo,1,1,0,0.000,0,-1,0
1785568416.952,12.887,-2.271,27.296,0.9740,0.307,2.866,-12.000,0.2760,15.339,3.279,-3.739,1.000,12.066,-9.758,7.2962,1.1774,0.586,0.640,-1.392,2.055,1.200,0.595,0.0049,-2.304,nan,0.00,1,1,1,0.6300,0.350,1,0.282,2,0.626,0,0,yolo,103.6,yolo,1,1,0,0.000,0,-1,0
1785568416.982,12.818,-2.236,28.328,0.9743,-1.182,2.926,-12.000,0.2760,15.339,3.279,-3.739,1.000,12.066,14.000,-0.0066,0.0008,0.633,0.633,-1.391,2.072,1.200,0.690,0.0049,-2.318,nan,0.00,1,1,1,0.0000,0.714,0,0.220,2,0.656,0,0,yolo,103.6,yolo,1,1,0,0.000,0,-1,0
1785568417.017,12.893,-2.197,29.387,0.9741,-1.107,2.978,-12.000,0.2760,15.339,3.279,-3.739,1.000,12.066,14.000,0.0367,0.0004,0.676,0.676,-1.391,2.090,1.200,0.782,0.0049,-2.323,nan,0.00,1,1,1,0.0000,0.714,0,0.220,2,0.656,2,0,yolo,103.6,yolo,1,1,0,0.000,0,-1,0
1785568417.060,12.961,-2.154,30.409,0.9738,0.393,3.011,-10.500,0.2711,14.558,2.328,-3.286,1.000,9.085,-9.583,5.6824,-1.4415,0.718,0.672,-1.392,2.109,1.200,0.858,0.0049,-2.131,nan,0.00,1,1,1,0.0000,0.835,0,0.221,3,0.676,0,0,yolo,104.2,yolo,1,1,0,0.000,0,-1,0
1785568417.090,12.890,-2.084,31.334,0.9742,-1.107,2.996,-9.085,0.2760,14.558,2.328,-3.286,1.000,9.085,14.000,0.0957,0.0024,0.767,0.767,-1.390,2.126,1.200,0.912,0.0049,-2.153,nan,0.00,1,1,1,0.0000,0.717,0,0.222,2,0.700,0,0,yolo,104.2,yolo,1,1,0,0.000,0,-1,0
1785568417.121,12.970,-1.977,32.129,0.9739,-1.030,2.918,-9.085,0.2761,14.558,2.328,-3.286,1.000,9.085,14.000,0.1485,0.0055,0.820,0.820,-1.387,2.142,1.200,0.940,0.0049,-2.176,nan,0.00,1,1,1,0.0000,0.717,0,0.222,2,0.700,0,0,yolo,104.2,yolo,1,1,0,0.000,0,-1,0
1785568417.153,12.970,-1.977,32.129,0.9739,0.470,2.742,-7.585,0.2594,14.037,1.445,-2.887,1.000,5.877,-14.000,11.7887,-2.0000,0.820,1.835,-1.387,2.142,1.200,0.764,0.0049,-2.003,nan,0.00,1,1,1,0.0000,0.301,0,0.226,1,0.716,0,0,yolo,101.6,yolo,1,1,0,0.000,0,-1,0
1785568417.184,13.042,-1.883,32.832,0.9737,-0.958,2.705,-6.085,0.2761,14.037,1.445,-2.887,1.000,5.877,14.000,-0.9662,0.0031,0.869,0.869,-1.384,2.155,1.200,0.823,0.0049,-2.024,nan,0.00,1,1,1,0.0000,0.725,0,0.229,2,0.737,0,0,yolo,101.6,yolo,1,1,0,0.000,0,-1,0
1785568417.215,12.974,-1.784,33.534,0.9740,-0.608,2.653,-5.877,0.2761,14.037,1.445,-2.887,1.000,5.877,13.582,-0.9070,0.0180,0.928,0.928,-1.369,2.168,1.200,0.869,0.0049,-2.051,nan,0.00,1,1,1,0.0000,0.727,0,0.231,2,0.735,0,0,yolo,101.6,yolo,1,1,0,0.000,0,-1,0
1785568417.247,13.018,-1.650,34.078,0.9739,0.892,2.520,-4.377,0.2594,13.513,0.718,-2.441,1.000,3.040,-14.000,6.6901,-2.0000,0.992,2.062,-1.352,2.179,1.200,0.870,0.0049,-1.827,nan,0.00,1,1,1,0.0000,0.723,0,0.227,2,0.746,0,0,yolo,107.0,yolo,1,1,0,0.000,0,-1,0
1785568417.284,12.934,-1.500,34.467,0.9743,2.392,2.330,-3.040,0.2760,13.513,0.718,-2.441,1.000,3.040,5.843,-0.9988,0.0224,1.063,1.063,-1.329,2.185,1.200,0.830,0.0049,-1.864,nan,0.00,1,1,1,0.0000,0.723,0,0.227,2,0.746,2,0,yolo,107.0,yolo,1,1,0,0.000,0,-1,0
1785568417.314,12.721,-1.352,34.741,0.9752,3.892,2.118,-3.040,0.2757,13.513,0.718,-2.441,1.000,3.040,5.020,-0.9264,0.0446,1.135,1.135,-1.307,2.189,1.200,0.766,0.0049,-1.904,nan,0.00,1,1,1,0.0000,0.711,0,0.218,2,0.751,1,0,yolo,107.0,yolo,1,1,0,0.000,0,-1,0
1785568417.348,12.386,-1.215,34.987,0.9765,5.392,1.916,-1.540,0.2733,13.093,0.019,-2.036,1.000,0.082,-14.000,4.0566,-1.1826,1.209,2.077,-1.285,2.190,1.200,0.702,0.0049,-1.707,nan,0.00,1,1,1,0.0000,0.703,0,0.211,2,0.768,2,0,yolo,103.9,yolo,1,1,0,0.000,0,-1,0
1785568417.387,11.904,-1.077,35.180,0.9783,6.892,1.702,-0.082,0.2748,13.093,0.019,-2.036,1.000,0.082,-4.306,-0.7883,0.0118,1.289,1.289,-1.273,2.190,1.200,0.625,0.0049,-1.742,nan,0.00,1,1,1,0.0000,0.688,0,0.199,2,0.775,0,0,yolo,103.9,yolo,1,1,0,0.000,0,-1,0
1785568417.418,11.298,-0.930,35.229,0.9805,8.392,1.443,-0.082,0.2742,13.093,0.019,-2.036,1.000,0.082,-5.265,-0.7051,0.0213,1.372,1.372,-1.264,2.185,1.200,0.513,0.0049,-1.780,nan,0.00,1,1,1,0.0000,0.535,0,0.160,2,0.786,0,0,yolo,103.9,yolo,1,1,0,0.000,0,-1,0
1785568417.449,10.564,-0.793,35.221,0.9830,9.892,1.188,-0.082,0.2735,13.093,0.019,-2.036,1.000,0.082,-6.220,-0.6224,0.0210,1.455,1.455,-1.264,2.177,1.200,0.396,0.0049,-1.817,nan,0.00,1,1,1,0.0000,0.535,0,0.160,2,0.786,0,0,yolo,103.9,yolo,1,1,0,0.000,0,-1,0
1785568417.480,9.746,-0.689,35.240,0.9855,11.392,0.997,1.418,0.2569,12.748,-0.647,-1.635,1.000,-2.906,-14.000,9.9706,-2.0000,1.530,3.194,-1.266,2.169,1.200,0.309,0.0049,-1.568,nan,0.00,1,1,1,0.0000,0.446,0,0.183,1,0.818,0,0,yolo,107.9,yolo,1,1,0,0.000,0,-1,0
1785568417.505,9.746,-0.689,35.240,0.9855,12.892,1.032,2.906,0.2728,12.748,-0.647,-1.635,1.000,-2.906,-9.174,-1.6642,0.0000,1.530,1.530,-1.266,2.169,1.200,0.343,0.0049,-1.568,nan,0.00,1,1,1,0.0000,0.440,0,0.176,1,0.829,0,0,yolo,107.9,yolo,1,1,0,0.000,0,-1,0
1785568417.542,8.611,-0.580,35.110,0.9887,14.392,0.772,2.906,0.2720,12.748,-0.647,-1.635,1.000,-2.906,-10.144,-1.5809,-0.0032,1.613,1.613,-1.270,2.156,1.200,0.192,0.0049,-1.584,nan,0.00,1,1,1,0.0000,0.440,0,0.176,1,0.829,0,0,yolo,107.9,yolo,1,1,0,0.000,0,-1,0
1785568417.573,7.360,-0.467,34.836,0.9917,15.892,0.476,4.406,0.2553,12.491,-1.101,-1.345,1.000,-5.035,-14.000,4.6416,-2.0000,1.695,3.131,-1.273,2.138,1.200,0.009,0.0049,-1.373,nan,0.00,1,1,1,0.0000,0.435,0,0.169,1,0.823,0,0,yolo,117.1,yolo,1,1,0,0.000,0,-1,0
1785568417.605,5.876,-0.378,34.478,0.9947,17.392,0.180,5.035,0.2703,12.491,-1.101,-1.345,1.000,-5.035,-14.000,-1.3536,0.0093,1.778,1.778,-1.263,2.115,1.200,-0.198,0.0049,-1.368,nan,0.00,1,1,1,0.0000,0.435,0,0.169,1,0.823,0,0,yolo,117.1,yolo,1,1,0,0.000,0,-1,0
1785568417.636,4.105,-0.317,34.017,0.9974,18.105,-0.118,5.035,0.2696,12.491,-1.101,-1.345,1.000,-5.035,-14.000,-1.2735,0.0212,1.858,1.858,-1.252,2.086,1.200,-0.434,0.0049,-1.351,nan,0.00,1,1,1,0.0000,0.263,0,0.063,1,0.864,0,0,yolo,117.1,yolo,1,1,0,0.000,0,-1,0
1785568417.672,4.105,-0.317,34.017,0.9974,18.105,0.077,5.035,0.2696,12.491,-1.101,-1.345,1.000,-5.035,-14.000,-1.2735,0.0212,1.858,1.858,-1.252,2.086,1.200,-0.239,0.0049,-1.351,nan,0.00,1,1,1,0.0000,0.263,0,0.063,1,0.864,1,0,yolo,117.1,yolo,1,1,0,0.000,0,-1,0
1785568417.713,0.887,-0.274,33.209,0.9999,16.605,-1.010,6.535,0.2529,12.287,-1.472,-1.076,1.000,-6.832,-14.000,2.8907,-2.0000,1.961,2.941,-1.228,2.034,1.396,-1.284,0.0049,-1.040,nan,0.00,1,1,1,0.0000,0.261,0,0.060,1,0.873,0,0,yolo,107.4,yolo,1,1,0,0.000,0,-1,0
1785568417.745,0.887,-0.274,33.209,0.9999,15.105,-0.746,6.832,0.2689,12.287,-1.472,-1.076,1.000,-6.832,-14.000,-0.9799,0.0000,1.961,1.961,-1.228,2.034,1.396,-1.020,0.0049,-1.040,nan,0.00,1,1,1,0.0000,0.417,0,0.146,1,0.844,0,0,yolo,107.4,yolo,1,1,0,0.000,0,-1,0
1785568417.775,-0.550,-0.353,32.734,0.9999,13.605,-1.001,6.832,0.2690,12.287,-1.472,-1.076,1.000,-6.832,-14.000,-0.9471,0.0223,1.994,1.994,-1.206,2.005,1.446,-1.354,0.0050,-0.986,nan,0.00,1,1,1,0.0000,0.417,0,0.146,1,0.844,0,0,yolo,107.4,yolo,1,1,0,0.000,0,-1,0
1785568417.806,-1.885,-0.431,32.165,0.9994,12.115,-1.569,8.122,0.2523,12.166,-1.736,-0.886,1.000,-8.122,-14.000,2.7395,-2.0000,2.017,2.727,-1.193,1.972,1.622,-2.000,0.0050,-0.737,nan,0.00,1,1,1,0.0000,0.525,0,0.150,2,0.855,0,0,yolo,100.6,yolo,1,1,0,0.000,0,-1,0
1785568417.837,-3.041,-0.518,31.636,0.9986,10.959,-1.724,8.122,0.2690,12.166,-1.736,-0.886,1.000,-8.122,-14.000,-0.6981,0.0121,2.029,2.029,-1.181,1.943,1.667,-2.242,0.0051,-0.682,nan,0.00,1,1,1,0.0000,0.423,0,0.154,1,0.850,0,0,yolo,100.6,yolo,1,1,0,0.000,0,-1,0
1785568417.869,-4.000,-0.700,31.042,0.9975,10.000,-1.800,8.122,0.2857,12.166,-1.736,-0.886,1.000,-8.122,-14.000,-0.6960,0.0255,2.031,2.031,-1.167,1.910,1.724,-2.500,0.0052,-0.614,nan,0.00,1,1,1,0.0000,0.427,0,0.159,1,0.832,0,0,yolo,100.6,yolo,1,1,0,0.000,0,-1,0
1785568417.896,-4.884,-0.903,30.397,0.9962,9.116,-1.597,8.788,0.2690,12.479,-1.929,-0.820,1.000,-8.788,-14.000,1.4490,-1.5818,2.027,2.472,-1.168,1.877,1.810,-2.500,0.0052,-0.456,nan,0.00,1,1,1,0.0000,0.427,0,0.159,1,0.832,0,0,yolo,106.3,yolo,1,1,0,0.000,0,-1,0
1785568417.932,-5.700,-1.098,29.723,0.9949,8.300,-1.402,8.788,0.2821,12.479,-1.929,-0.820,1.000,-8.788,-14.000,-0.4543,-0.0031,2.018,2.018,-1.171,1.845,1.864,-2.500,0.0053,-0.385,nan,0.00,1,1,1,0.0000,0.513,0,0.138,2,0.820,0,0,yolo,106.3,yolo,1,1,0,0.000,0,-1,0
1785568417.967,-6.437,-1.287,29.042,0.9934,7.563,-1.213,8.788,0.2802,12.479,-1.929,-0.820,1.000,-8.788,-14.000,-0.4699,-0.0101,2.002,2.002,-1.178,1.815,1.916,-2.500,0.0053,-0.318,nan,0.00,1,1,1,0.0000,0.513,0,0.138,2,0.820,2,0,yolo,106.3,yolo,1,1,0,0.000,0,-1,0
1785568418.008,-7.146,-1.479,28.330,0.9919,6.854,-1.021,8.924,0.2635,12.431,-1.952,-0.787,1.000,-8.924,-14.000,0.2952,-1.0092,1.979,2.036,-1.190,1.785,1.956,-2.500,0.0053,-0.217,nan,0.00,1,1,1,0.0000,0.411,0,0.139,1,0.799,0,0,yolo,108.8,yolo,1,1,0,0.000,0,-1,0
1785568418.040,-7.834,-1.680,27.550,0.9902,6.166,-0.820,8.924,0.2763,12.431,-1.952,-0.787,1.000,-8.924,-14.000,-0.0873,-0.0053,1.948,1.948,-1.195,1.755,1.956,-2.500,0.0053,-0.149,nan,0.00,1,1,1,0.0000,0.410,0,0.137,1,0.779,0,0,yolo,108.8,yolo,1,1,0,0.000,0,-1,0
1785568418.070,-8.474,-1.877,26.820,0.9886,5.526,-0.623,8.924,0.2751,12.431,-1.952,-0.787,1.000,-8.924,-14.000,-0.1204,0.0020,1.915,1.915,-1.188,1.728,1.956,-2.500,0.0053,-0.083,nan,0.00,1,1,1,0.0000,0.410,0,0.137,1,0.779,0,0,yolo,108.8,yolo,1,1,0,0.000,0,-1,0
1785568418.102,-8.483,-1.879,26.809,0.9885,5.517,-0.621,8.638,0.2917,12.578,-1.911,-0.841,1.000,-8.638,-14.000,-0.4705,0.4047,1.915,1.657,-1.188,1.728,1.980,-2.500,0.0054,-0.137,nan,0.00,1,1,1,0.0000,0.415,0,0.144,1,0.735,0,0,yolo,97.0,yolo,1,1,0,0.000,0,-1,0
1785568418.138,-9.022,-2.053,26.068,0.9870,4.978,-0.447,8.638,0.2756,12.578,-1.911,-0.841,1.000,-8.638,-14.000,0.2169,0.0049,1.874,1.874,-1.183,1.704,1.980,-2.500,0.0054,-0.080,nan,0.00,1,1,1,0.0000,0.415,0,0.144,1,0.735,1,0,yolo,97.0,yolo,1,1,0,0.000,0,-1,0
1785568418.164,-9.493,-2.212,25.352,0.9856,4.507,-0.288,8.638,0.2747,12.578,-1.911,-0.841,1.000,-8.638,-14.000,0.1725,0.0110,1.830,1.830,-1.177,1.683,1.980,-2.500,0.0054,-0.029,nan,0.00,1,1,1,0.0000,0.346,0,0.201,2,0.731,0,0,yolo,97.0,yolo,1,1,0,0.000,0,-1,0
1785568418.201,-9.894,-2.356,24.670,0.9843,4.106,-0.144,8.065,0.2889,12.747,-1.806,-0.907,1.000,-8.065,-14.000,-1.2751,0.2953,1.785,1.255,-1.177,1.664,2.028,-2.500,0.0054,-0.058,nan,0.00,1,1,1,0.0000,0.346,0,0.201,2,0.731,2,0,yolo,100.8,yolo,1,1,0,0.000,0,-1,0
1785568418.228,-10.275,-2.491,23.990,0.9830,3.725,-0.009,8.065,0.2738,12.747,-1.806,-0.907,1.000,-8.065,-14.000,0.4788,-0.0142,1.733,1.733,-1.192,1.648,2.028,-2.500,0.0054,-0.015,nan,0.00,1,1,1,0.0000,0.584,0,0.209,1,0.731,0,0,yolo,100.8,yolo,1,1,0,0.000,0,-1,0
1785568418.263,-10.275,-2.491,23.990,0.9830,3.725,-0.009,8.065,0.2738,12.747,-1.806,-0.907,1.000,-8.065,-14.000,0.4788,-0.0142,1.733,1.733,-1.192,1.648,2.028,-2.500,0.0054,-0.015,nan,0.00,1,1,1,0.0000,0.584,0,0.209,1,0.731,2,0,yolo,100.8,yolo,1,1,0,0.000,0,-1,0
1785568418.290,-10.626,-2.618,23.312,0.9818,3.374,0.118,8.065,0.2723,12.747,-1.806,-0.907,1.000,-8.065,-14.000,0.4226,-0.0272,1.677,1.677,-1.205,1.634,2.028,-2.500,0.0054,0.025,nan,0.00,1,1,1,0.0000,0.588,0,0.213,1,0.733,0,0,yolo,100.8,yolo,1,1,0,0.000,0,-1,0
1785568418.325,-10.933,-2.737,22.636,0.9807,3.067,0.237,6.867,0.2610,12.749,-1.535,-0.857,1.000,-6.867,-14.000,-2.0000,-0.2584,1.621,1.358,-1.208,1.622,2.128,-2.500,0.0054,0.059,nan,0.00,1,1,1,0.0000,0.588,0,0.213,1,0.733,2,0,yolo,100.8,yolo,1,1,0,0.000,0,-1,0
1785568418.353,-11.231,-2.838,22.000,0.9796,2.769,0.338,6.867,0.2727,12.749,-1.535,-0.857,1.000,-6.867,-14.000,0.1969,0.0110,1.555,1.555,-1.197,1.613,2.128,-2.500,0.0054,0.091,nan,0.00,1,1,1,0.0000,0.705,0,0.212,2,0.755,0,0,yolo,100.8,yolo,1,1,0,0.000,0,-1,0
1785568418.389,-11.231,-2.838,22.000,0.9796,2.769,0.338,6.867,0.2727,12.749,-1.535,-0.857,1.000,-6.867,-14.000,0.1969,0.0110,1.555,1.555,-1.197,1.613,2.128,-2.500,0.0053,0.091,nan,0.00,1,1,1,0.0000,0.705,0,0.212,2,0.755,1,0,yolo,100.8,yolo,1,1,0,0.000,0,-1,0
1785568418.432,-11.767,-3.021,20.783,0.9776,1.269,0.521,6.399,0.2883,12.673,-1.421,-0.898,1.000,-6.399,-7.721,-3.1047,0.3306,1.416,1.089,-1.169,1.602,2.167,-2.500,0.0053,0.080,nan,0.00,1,1,1,0.0000,0.711,0,0.218,2,0.756,0,0,yolo,106.7,yolo,1,1,0,0.000,0,-1,0
1785568418.464,-11.767,-3.021,20.783,0.9776,2.233,0.521,6.399,0.2731,12.673,-1.421,-0.898,1.000,-6.399,-14.000,0.3269,0.0000,1.416,1.416,-1.169,1.602,2.167,-2.500,0.0053,0.080,nan,0.00,1,1,1,0.0000,0.717,0,0.223,2,0.778,0,0,yolo,106.7,yolo,1,1,0,0.000,0,-1,0
1785568418.496,-11.897,-3.092,20.180,0.9771,2.103,0.592,6.399,0.2732,12.673,-1.421,-0.898,1.000,-6.399,-14.000,0.2524,0.0138,1.342,1.342,-1.155,1.599,2.167,-2.500,0.0053,0.099,nan,0.00,1,1,1,0.0000,0.717,0,0.223,2,0.778,0,0,yolo,106.7,yolo,1,1,0,0.000,0,-1,0
1785568418.527,-12.102,-3.153,19.621,0.9763,1.898,0.653,5.773,0.2566,12.877,-1.302,-0.807,1.000,-5.773,-14.000,-1.0540,-0.7020,1.270,0.792,-1.145,1.598,2.200,-2.500,0.0053,0.193,nan,0.00,1,1,1,0.0000,0.716,0,0.222,2,0.792,0,0,yolo,101.0,yolo,1,1,0,0.000,0,-1,0
1785568418.564,-12.275,-3.203,19.083,0.9756,1.725,0.703,5.773,0.2702,12.877,-1.302,-0.807,1.000,-5.773,-14.000,0.4010,0.0132,1.193,1.193,-1.132,1.599,2.200,-2.500,0.0053,0.208,nan,0.00,1,1,1,0.0000,0.716,0,0.222,2,0.792,1,0,yolo,101.0,yolo,1,1,0,0.000,0,-1,0
1785568418.594,-12.275,-3.203,19.083,0.9756,1.725,0.703,5.773,0.2702,12.877,-1.302,-0.807,1.000,-5.773,-14.000,0.4010,0.0132,1.193,1.193,-1.132,1.599,2.200,-2.500,0.0053,0.208,nan,0.00,1,1,1,0.0000,0.602,0,0.227,1,0.795,1,0,yolo,101.0,yolo,1,1,0,0.000,0,-1,0
1785568418.637,-12.444,-3.249,18.522,0.9749,0.225,0.749,5.044,0.2668,12.530,-1.106,-0.751,1.000,-5.044,-12.443,-1.1965,-0.0580,1.110,0.858,-1.116,1.602,2.200,-2.500,0.0052,0.216,nan,0.00,1,1,1,0.0000,0.849,0,0.231,3,0.815,0,0,yolo,104.1,yolo,1,1,0,0.000,0,-1,0
1785568418.668,-12.601,-3.296,17.987,0.9743,1.399,0.796,5.044,0.2700,12.530,-1.106,-0.751,1.000,-5.044,-14.000,0.1736,0.0158,1.032,1.032,-1.100,1.606,2.200,-2.500,0.0052,0.230,nan,0.00,1,1,1,0.0000,0.849,0,0.231,3,0.815,0,0,yolo,104.1,yolo,1,1,0,0.000,0,-1,0
1785568418.700,-12.715,-3.320,17.539,0.9738,-0.101,0.820,4.295,0.2591,12.396,-0.931,-0.697,1.000,-4.295,-3.238,-2.4310,-0.2122,0.958,0.677,-1.082,1.611,2.200,-2.500,0.0052,0.244,nan,0.00,1,1,1,0.0000,0.739,0,0.241,2,0.796,0,0,yolo,91.0,yolo,1,1,0,0.000,0,-1,0
1785568418.732,-12.693,-3.325,17.175,0.9739,1.307,0.825,4.295,0.2701,12.396,-0.931,-0.697,1.000,-4.295,-14.000,0.2030,0.0270,0.880,0.880,-1.055,1.619,2.200,-2.500,0.0052,0.244,nan,0.00,1,1,1,0.0000,0.739,0,0.241,2,0.796,0,0,yolo,91.0,yolo,1,1,0,0.000,0,-1,0
1785568418.763,-12.811,-3.327,16.816,0.9735,1.189,0.827,4.295,0.2709,12.396,-0.931,-0.697,1.000,-4.295,-14.000,0.1250,0.0432,0.802,0.802,-1.039,1.627,2.200,-2.500,0.0051,0.247,nan,0.00,1,1,1,0.0000,0.742,0,0.243,2,0.796,0,0,yolo,91.0,yolo,1,1,0,0.000,0,-1,0
1785568418.795,-12.811,-3.327,16.816,0.9735,-0.311,0.827,3.625,0.2542,12.035,-0.763,-0.579,1.000,-3.625,11.302,-4.2174,-1.6951,0.802,0.101,-1.039,1.627,2.147,-2.500,0.0051,0.303,nan,0.00,1,1,1,0.0000,0.742,0,0.243,2,0.796,0,0,yolo,98.9,yolo,1,1,0,0.000,0,-1,0
1785568418.826,-12.913,-3.333,16.435,0.9731,1.087,0.833,3.625,0.2678,12.035,-0.763,-0.579,1.000,-3.625,-14.000,0.6231,0.0155,0.725,0.725,-1.023,1.635,2.144,-2.500,0.0051,0.306,nan,0.00,1,1,1,0.0000,0.740,0,0.242,2,0.814,0,0,yolo,98.9,yolo,1,1,0,0.000,0,-1,0
1785568418.857,-13.000,-3.329,16.098,0.9727,1.000,0.829,3.625,0.2686,12.035,-0.763,-0.579,1.000,-3.625,-14.000,0.5441,0.0313,0.645,0.645,-1.007,1.644,2.143,-2.500,0.0050,0.307,nan,0.00,1,1,1,0.0000,0.740,0,0.242,2,0.814,0,0,yolo,98.9,yolo,1,1,0,0.000,0,-1,0
1785568418.889,-13.082,-3.319,15.798,0.9724,0.918,0.819,3.625,0.2694,12.035,-0.763,-0.579,1.000,-3.625,-14.000,0.4650,0.0475,0.566,0.566,-0.991,1.654,2.144,-2.500,0.0050,0.306,nan,0.00,1,1,1,0.0000,0.739,0,0.241,2,0.823,0,0,yolo,98.9,yolo,1,1,0,0.000,0,-1,0
1785568418.920,-13.154,-3.313,15.490,0.9721,-0.582,0.813,3.089,0.2527,11.772,-0.635,-0.481,1.000,-3.089,-4.595,-0.8262,-0.3861,0.489,0.138,-0.982,1.664,2.093,-2.500,0.0050,0.357,nan,0.00,1,1,1,0.0000,0.739,0,0.241,2,0.823,0,0,yolo,100.4,yolo,1,1,0,0.000,0,-1,0
1785568418.951,-13.154,-3.313,15.490,0.9721,-0.123,0.813,3.089,0.2656,11.772,-0.635,-0.481,1.000,-3.089,-13.030,0.3510,0.0000,0.489,0.489,-0.982,1.664,2.093,-2.500,0.0049,0.357,nan,0.00,1,1,1,0.0000,0.730,0,0.233,2,0.838,0,0,yolo,100.4,yolo,1,1,0,0.000,0,-1,0
1785568418.982,-13.091,-3.302,15.210,0.9724,-1.031,0.802,3.089,0.2665,11.772,-0.635,-0.481,1.000,-3.089,-12.060,0.2718,0.0195,0.410,0.410,-0.963,1.674,2.096,-2.500,0.0049,0.354,nan,0.00,1,1,1,0.0000,0.729,0,0.232,2,0.838,0,0,yolo,100.4,yolo,1,1,0,0.000,0,-1,0
1785568419.013,-12.982,-3.284,14.949,0.9728,-2.531,0.784,2.574,0.2498,11.715,-0.527,-0.371,1.000,-2.574,-2.095,-1.0535,-0.7392,0.327,0.127,-0.940,1.685,2.022,-2.500,0.0049,0.428,nan,0.00,1,1,1,0.0000,0.729,0,0.232,2,0.838,0,0,yolo,96.5,yolo,1,1,0,0.000,0,-1,0
1785568419.044,-12.733,-3.262,14.709,0.9738,-3.941,0.762,2.574,0.2647,11.715,-0.527,-0.371,1.000,-2.574,-8.792,0.1161,0.0346,0.243,0.243,-0.906,1.697,2.029,-2.500,0.0048,0.421,nan,0.00,1,1,1,0.0000,0.610,0,0.235,1,0.851,0,0,yolo,96.5,yolo,1,1,0,0.000,0,-1,0
1785568419.077,-12.323,-3.234,14.472,0.9754,-4.621,0.771,2.574,0.2663,11.715,-0.527,-0.371,1.000,-2.574,-7.701,0.0275,0.0737,0.154,0.154,-0.867,1.709,2.039,-2.463,0.0048,0.411,nan,0.00,1,1,1,0.0000,0.610,0,0.235,1,0.851,0,0,yolo,96.5,yolo,1,1,0,0.000,0,-1,0
1785568419.121,-11.870,-3.207,14.236,0.9771,-6.121,1.022,2.089,0.2496,11.670,-0.426,-0.242,1.000,-2.089,-1.897,-0.7411,-0.6934,0.072,0.052,-0.828,1.720,1.946,-2.186,0.0047,0.504,nan,0.00,1,1,1,0.0000,0.726,0,0.230,2,0.852,0,0,yolo,94.6,yolo,1,1,0,0.000,0,-1,0
1785568419.152,-11.870,-3.207,14.236,0.9771,-6.012,0.908,2.089,0.2595,11.670,-0.426,-0.242,1.000,-2.089,-5.858,0.0207,0.0000,0.072,0.072,-0.828,1.720,1.946,-2.299,0.0047,0.504,nan,0.00,1,1,1,0.0000,0.725,0,0.229,2,0.850,0,0,yolo,94.6,yolo,1,1,0,0.000,0,-1,0
1785568419.183,-11.281,-3.150,14.029,0.9792,-6.401,0.885,2.089,0.2611,11.670,-0.426,-0.242,1.000,-2.089,-4.880,-0.0584,0.0366,-0.007,-0.007,-0.791,1.732,1.963,-2.265,0.0046,0.487,nan,0.00,1,1,1,0.0000,0.725,0,0.229,2,0.850,0,0,yolo,94.6,yolo,1,1,0,0.000,0,-1,0
1785568419.216,-10.723,-3.097,13.852,0.9811,-7.901,1.235,1.289,0.2444,12.247,-0.275,-0.087,1.000,-1.289,6.216,-1.7109,-1.4038,-0.080,-0.126,-0.754,1.743,1.822,-1.861,0.0046,0.628,nan,0.00,1,1,1,0.0000,0.725,0,0.229,2,0.835,0,0,yolo,100.8,yolo,1,1,0,0.000,0,-1,0
1785568419.253,-9.960,-3.004,13.708,0.9836,-7.954,1.130,1.289,0.2564,12.247,-0.275,-0.087,1.000,-1.289,-2.006,-0.0276,0.0401,-0.154,-0.154,-0.714,1.754,1.846,-1.874,0.0045,0.604,nan,0.00,1,1,1,0.0000,0.854,0,0.235,3,0.847,0,0,yolo,100.8,yolo,1,1,0,0.000,0,-1,0
1785568419.280,-9.151,-2.907,13.589,0.9860,-8.015,1.009,1.289,0.2585,12.247,-0.275,-0.087,1.000,-1.289,-1.136,-0.1000,0.0847,-0.226,-0.226,-0.669,1.765,1.871,-1.898,0.0045,0.579,nan,0.00,1,1,1,0.0000,0.854,0,0.235,3,0.847,0,0,yolo,100.8,yolo,1,1,0,0.000,0,-1,0
1785568419.312,-8.369,-2.827,13.462,0.9881,-9.515,1.144,0.919,0.2418,12.504,-0.201,0.012,1.000,-0.919,3.402,-0.8055,-0.7839,-0.289,-0.243,-0.624,1.775,1.793,-1.683,0.0044,0.657,nan,0.00,1,1,1,0.0000,0.708,0,0.215,2,0.841,0,0,yolo,105.6,yolo,1,1,0,0.000,0,-1,0
1785568419.337,-8.369,-2.827,13.462,0.9881,-8.280,1.035,0.919,0.2516,12.504,-0.201,0.012,1.000,-0.919,-0.089,-0.0452,0.0000,-0.289,-0.289,-0.624,1.775,1.793,-1.792,0.0043,0.657,nan,0.00,1,1,1,0.0000,0.708,0,0.215,2,0.841,0,0,yolo,105.6,yolo,1,1,0,0.000,0,-1,0
1785568419.374,-7.524,-2.736,13.355,0.9903,-8.139,0.934,0.919,0.2536,12.504,-0.201,0.012,1.000,-0.919,0.615,-0.1045,0.0416,-0.348,-0.348,-0.583,1.784,1.815,-1.802,0.0043,0.635,nan,0.00,1,1,1,0.0000,0.698,0,0.206,2,0.819,0,0,yolo,105.6,yolo,1,1,0,0.000,0,-1,0
1785568419.406,-6.655,-2.640,13.253,0.9922,-9.639,1.136,0.658,0.2369,12.184,-0.140,0.165,1.000,-0.658,5.074,-0.8335,-1.5945,-0.402,-0.362,-0.538,1.793,1.709,-1.503,0.0042,0.741,nan,0.00,1,1,1,0.0000,0.536,0,0.161,2,0.811,0,0,yolo,101.5,yolo,1,1,0,0.000,0,-1,0
1785568419.437,-5.684,-2.534,13.178,0.9941,-8.139,0.981,0.658,0.2502,12.184,-0.140,0.165,1.000,-0.658,1.950,-0.0866,0.0470,-0.448,-0.448,-0.491,1.800,1.734,-1.553,0.0041,0.716,nan,0.00,1,1,1,0.0000,0.521,0,0.146,2,0.797,0,0,yolo,101.5,yolo,1,1,0,0.000,0,-1,0
1785568419.467,-5.684,-2.534,13.178,0.9941,-7.635,0.896,0.658,0.2501,12.184,-0.140,0.165,1.000,-0.658,1.950,-0.0866,0.0470,-0.448,-0.448,-0.491,1.800,1.734,-1.637,0.0040,0.716,nan,0.00,1,1,1,0.0000,0.508,0,0.133,2,0.773,0,0,yolo,101.5,yolo,1,1,0,0.000,0,-1,0
1785568419.505,-4.962,-2.453,13.118,0.9953,-6.135,1.007,0.664,0.2335,11.417,-0.132,0.285,1.000,-0.664,1.138,0.0086,-0.5075,-0.485,-0.377,-0.442,1.806,1.666,-1.446,0.0040,0.784,nan,0.00,1,1,1,0.0000,0.203,0,0.134,1,0.786,0,0,yolo,100.5,yolo,1,1,0,0.000,0,-1,0
1785568419.550,-4.399,-2.366,13.057,0.9962,-7.304,0.884,0.664,0.2484,11.417,-0.132,0.285,1.000,-0.664,2.905,-0.1376,0.0570,-0.515,-0.515,-0.385,1.811,1.684,-1.482,0.0039,0.766,nan,0.00,1,1,1,0.0000,0.407,0,0.134,1,0.786,1,0,yolo,100.5,yolo,1,1,0,0.000,0,-1,0
1785568419.578,-3.783,-2.270,12.990,0.9970,-7.026,0.743,0.664,0.2520,11.417,-0.132,0.285,1.000,-0.664,3.243,-0.1646,0.1288,-0.542,-0.542,-0.314,1.816,1.704,-1.527,0.0038,0.746,nan,0.00,1,1,1,0.0000,0.404,0,0.131,1,0.802,0,0,yolo,100.5,yolo,1,1,0,0.000,0,-1,0
1785568419.616,-2.977,-2.193,12.920,0.9979,-6.521,0.625,0.664,0.2559,11.417,-0.132,0.285,1.000,-0.664,3.544,-0.1886,0.2111,-0.566,-0.566,-0.231,1.821,1.721,-1.568,0.0037,0.729,nan,0.00,1,1,1,0.0000,0.276,0,0.084,1,0.837,0,0,yolo,100.5,yolo,1,1,0,0.000,0,-1,0
1785568419.657,-2.006,-2.102,12.835,0.9987,-5.792,0.488,0.664,0.2601,11.417,-0.132,0.285,1.000,-0.664,3.787,-0.2080,0.2958,-0.585,-0.585,-0.147,1.825,1.742,-1.613,0.0037,0.708,nan,0.00,1,1,1,0.0000,0.276,0,0.084,1,0.837,0,0,yolo,100.5,yolo,1,1,0,0.000,0,-1,0
1785568419.682,-1.995,-2.101,12.834,0.9987,-7.292,0.835,-0.073,0.2434,11.872,0.015,0.434,1.000,0.073,9.673,-1.1447,-1.2013,-0.586,-0.521,-0.146,1.825,1.581,-1.266,0.0036,0.869,nan,0.00,1,1,1,0.0000,0.276,0,0.084,1,0.837,0,0,yolo,182.5,yolo,1,1,0,0.000,0,-1,0
1785568419.721,-1.169,-2.006,12.832,0.9992,-6.030,0.683,-0.073,0.2448,11.872,0.015,0.434,1.000,0.073,4.861,-0.0745,0.0564,-0.595,-0.595,-0.089,1.827,1.601,-1.323,0.0035,0.849,nan,0.00,1,1,1,0.0000,0.350,0,0.062,2,0.846,0,0,yolo,182.5,yolo,1,1,0,0.000,0,-1,0
1785568419.748,-1.169,-2.006,12.832,0.9992,-6.030,0.650,-0.073,0.2447,11.872,0.015,0.434,1.000,0.073,4.861,-0.0745,0.0564,-0.595,-0.595,-0.089,1.827,1.601,-1.356,0.0034,0.849,nan,0.00,1,1,1,0.0000,0.350,0,0.062,2,0.846,0,0,yolo,182.5,yolo,1,1,0,0.000,0,-1,0
1785568419.780,-0.525,-1.932,12.854,0.9994,-5.429,0.529,-0.073,0.2471,11.872,0.015,0.434,1.000,0.073,4.904,-0.0780,0.1025,-0.599,-0.599,-0.043,1.828,1.616,-1.403,0.0033,0.834,nan,0.00,1,1,1,0.0000,0.243,0,0.031,1,0.823,0,0,yolo,182.5,yolo,1,1,0,0.000,0,-1,0
1785568419.817,0.034,-1.875,12.858,0.9995,-6.929,0.807,-0.757,0.2304,12.415,0.164,0.567,1.000,0.757,10.443,-0.8894,-0.8323,-0.597,-0.593,-0.002,1.829,1.477,-1.068,0.0032,0.973,nan,0.00,1,1,1,0.0000,0.243,0,0.031,1,0.823,1,0,yolo,110.7,yolo,1,1,0,0.000,0,-1,0
1785568419.843,0.723,-1.797,12.909,0.9994,-5.429,0.670,-0.757,0.2410,12.415,0.164,0.567,1.000,0.757,5.972,0.0020,0.0553,-0.591,-0.591,0.054,1.829,1.492,-1.127,0.0031,0.958,nan,0.00,1,1,1,0.0000,0.241,0,0.027,1,0.843,0,0,yolo,110.7,yolo,1,1,0,0.000,0,-1,0
1785568419.874,1.263,-1.731,12.994,0.9993,-4.605,0.544,-0.757,0.2442,12.415,0.164,0.567,1.000,0.757,5.868,0.0107,0.1178,-0.583,-0.583,0.116,1.827,1.505,-1.187,0.0030,0.945,nan,0.00,1,1,1,0.0000,0.239,0,0.023,1,0.858,0,0,yolo,110.7,yolo,1,1,0,0.000,0,-1,0
1785568419.906,1.263,-1.731,12.994,0.9993,-6.105,0.771,-1.004,0.2275,11.496,0.201,0.686,1.000,1.004,10.569,-0.7440,-1.3735,-0.583,-0.581,0.116,1.827,1.413,-0.960,0.0030,1.037,nan,0.00,1,1,1,0.0000,0.239,0,0.023,1,0.858,0,0,yolo,109.9,yolo,1,1,0,0.000,0,-1,0
1785568419.941,1.700,-1.681,13.060,0.9991,-5.020,0.678,-1.004,0.2390,11.496,0.201,0.686,1.000,1.004,6.720,0.0103,0.0576,-0.571,-0.571,0.174,1.826,1.422,-1.003,0.0030,1.028,nan,0.00,1,1,0,0.0000,0.000,0,0.000,0,0.000,0,0,yolo,109.9,yolo,1,1,0,0.000,0,-1,0
1785568419.969,2.296,-1.610,13.139,0.9988,-4.219,0.551,-1.004,0.2425,11.496,0.201,0.686,1.000,1.004,6.515,0.0268,0.1252,-0.554,-0.554,0.241,1.824,1.434,-1.059,0.0030,1.016,nan,0.00,1,1,0,0.0000,0.000,0,0.000,0,0.000,0,0,yolo,109.9,yolo,1,1,0,0.000,0,-1,0
1785568420.003,2.706,-1.560,13.232,0.9985,-3.579,0.453,-1.004,0.2460,11.496,0.201,0.686,1.000,1.004,6.284,0.0453,0.1948,-0.536,-0.536,0.311,1.821,1.443,-1.107,0.0030,1.007,nan,0.00,1,1,0,0.0000,0.000,0,0.000,0,0.000,0,0,yolo,109.9,yolo,1,1,0,0.000,0,-1,0
1785568420.035,3.044,-1.521,13.320,0.9982,-4.438,0.535,-1.132,0.2293,10.864,0.215,0.766,1.000,1.132,7.482,-0.1823,-0.4278,-0.515,-0.473,0.369,1.818,1.386,-0.986,0.0030,1.064,nan,0.00,1,1,0,0.0000,0.000,0,0.000,0,0.000,0,0,yolo,114.1,yolo,1,1,0,0.000,0,-1,0
1785568420.066,3.044,-1.521,13.320,0.9982,-4.064,0.555,-1.132,0.2355,10.864,0.215,0.766,1.000,1.132,7.108,-0.0416,0.0000,-0.515,-0.515,0.369,1.818,1.386,-0.966,0.0030,1.064,nan,0.00,1,1,0,0.0000,0.000,0,0.000,0,0.000,0,0,yolo,114.1,yolo,1,1,0,0.000,0,-1,0
1785568420.097,3.518,-1.471,13.423,0.9978,-3.242,0.451,-1.132,0.2391,10.864,0.215,0.766,1.000,1.132,6.760,-0.0147,0.0714,-0.488,-0.488,0.441,1.814,1.394,-1.020,0.0030,1.056,nan,0.00,1,1,0,0.0000,0.000,0,0.000,0,0.000,0,0,yolo,114.1,yolo,1,1,0,0.000,0,-1,0
1785568420.130,3.974,-1.423,13.524,0.9973,-3.676,0.491,-1.292,0.2224,10.330,0.233,0.832,1.000,1.292,7.651,-0.2162,-0.3499,-0.460,-0.402,0.516,1.811,1.347,-0.931,0.0030,1.103,nan,0.00,1,1,0,0.0000,0.000,0,0.000,0,0.000,0,0,yolo,108.9,yolo,1,1,0,0.000,0,-1,0
1785568420.175,4.312,-1.385,13.629,0.9969,-2.658,0.418,-1.292,0.2381,10.330,0.233,0.832,1.000,1.292,6.970,-0.0301,0.0725,-0.432,-0.432,0.588,1.807,1.353,-0.968,0.0030,1.097,nan,0.00,1,1,0,0.0000,0.000,0,0.000,0,0.000,0,0,yolo,108.9,yolo,1,1,0,0.000,0,-1,0
1785568420.206,4.662,-1.348,13.742,0.9964,-1.899,0.343,-1.292,0.2424,10.330,0.233,0.832,1.000,1.292,6.562,0.0006,0.1595,-0.401,-0.401,0.675,1.803,1.359,-1.005,0.0030,1.091,nan,0.00,1,1,0,0.0000,0.000,0,0.000,0,0.000,1,0,yolo,108.9,yolo,1,1,0,0.000,0,-1,0
1785568420.237,4.850,-1.323,13.850,0.9962,-3.399,0.393,-1.579,0.2257,9.793,0.270,0.882,1.000,1.579,9.516,-0.4896,-0.3697,-0.371,-0.356,0.756,1.799,1.322,-0.930,0.0030,1.128,nan,0.00,1,1,0,0.0000,0.000,0,0.000,0,0.000,0,0,yolo,114.5,yolo,1,1,0,0.000,0,-1,0
1785568420.264,5.187,-1.296,13.985,0.9956,-1.899,0.333,-1.579,0.2424,9.793,0.270,0.882,1.000,1.579,6.762,0.0223,0.0878,-0.334,-0.334,0.844,1.795,1.325,-0.963,0.0030,1.125,nan,0.00,1,1,0,0.0000,0.000,0,0.000,0,0.000,0,0,yolo,114.5,yolo,1,1,0,0.000,0,-1,0
1785568420.297,5.187,-1.296,13.985,0.9956,-1.574,0.374,-1.579,0.2590,9.793,0.270,0.882,1.000,1.579,6.762,0.0223,0.0878,-0.334,-0.334,0.844,1.795,1.325,-0.923,0.0030,1.125,nan,0.00,1,1,0,0.0000,0.000,0,0.000,0,0.000,0,0,yolo,114.5,yolo,1,1,0,0.000,0,-1,0
1785568420.331,5.390,-1.275,14.139,0.9953,-0.847,0.307,-1.579,0.2683,9.793,0.270,0.882,1.000,1.579,6.238,0.0604,0.1797,-0.296,-0.296,0.936,1.790,1.328,-0.967,0.0030,1.122,nan,0.00,1,1,0,0.0000,0.000,0,0.000,0,0.000,0,0,yolo,114.5,yolo,1,1,0,0.000,0,-1,0
1785568420.377,5.475,-1.257,14.275,0.9952,-1.426,0.285,-1.661,0.2683,9.242,0.268,0.905,1.000,1.661,6.901,-0.1003,-0.0574,-0.262,-0.242,1.003,1.785,1.321,-0.972,0.0030,1.129,nan,0.00,1,1,0,0.0000,0.000,0,0.000,0,0.000,0,0,yolo,105.6,yolo,1,1,0,0.000,0,-1,0
1785568420.409,5.553,-1.241,14.397,0.9951,-0.670,0.247,-1.661,0.2684,9.242,0.268,0.905,1.000,1.661,6.223,0.0124,0.0426,-0.229,-0.229,1.045,1.781,1.323,-0.994,0.0030,1.127,nan,0.00,1,1,0,0.0000,0.000,0,0.000,0,0.000,0,0,yolo,105.6,yolo,1,1,0,0.000,0,-1,0
1785568420.439,5.636,-1.226,14.514,0.9949,-0.143,0.216,-1.661,0.2684,9.242,0.268,0.905,1.000,1.661,5.779,0.0435,0.0592,-0.198,-0.198,1.062,1.777,1.325,-1.010,0.0030,1.125,nan,0.00,1,1,0,0.0000,0.000,0,0.000,0,0.000,0,0,yolo,105.6,yolo,1,1,0,0.000,0,-1,0
1785568420.476,5.740,-1.215,14.644,0.9948,0.422,0.147,-1.649,0.2684,8.756,0.252,0.900,1.000,1.649,5.318,0.0195,0.1803,-0.165,-0.132,1.064,1.773,1.343,-1.067,0.0030,1.107,nan,0.00,1,1,0,0.0000,0.000,0,0.000,0,0.000,0,0,yolo,112.4,yolo,1,1,0,0.000,0,-1,0
1785568420.517,5.757,-1.208,14.776,0.9947,0.324,0.127,-1.649,0.2685,8.756,0.252,0.900,1.000,1.649,5.433,-0.0012,-0.0020,-0.133,-0.133,1.062,1.769,1.344,-1.081,0.0030,1.106,nan,0.00,1,1,0,0.0000,0.000,0,0.000,0,0.000,0,0,yolo,112.4,yolo,1,1,0,0.000,0,-1,0
1785568420.549,5.726,-1.207,14.916,0.9948,0.787,0.114,-1.649,0.2684,8.756,0.252,0.900,1.000,1.649,4.939,0.0322,-0.0060,-0.100,-0.100,1.058,1.765,1.345,-1.093,0.0030,1.105,nan,0.00,1,1,0,0.0000,0.000,0,0.000,0,0.000,0,0,yolo,112.4,yolo,1,1,0,0.000,0,-1,0
1785568420.583,5.656,-1.209,15.062,0.9949,1.642,0.001,-1.509,0.2684,8.211,0.216,0.874,1.000,1.509,4.015,0.1501,0.3089,-0.066,-0.095,1.053,1.761,1.386,-1.208,0.0030,1.064,nan,0.00,1,1,0,0.0000,0.000,0,0.000,0,0.000,0,0,yolo,111.8,yolo,1,1,0,0.000,0,-1,0
1785568420.610,5.502,-1.221,15.196,0.9952,1.663,0.011,-1.509,0.2683,8.211,0.216,0.874,1.000,1.509,3.840,0.0599,-0.0059,-0.035,-0.035,1.047,1.757,1.384,-1.210,0.0030,1.066,nan,0.00,1,1,0,0.0000,0.000,0,0.000,0,0.000,0,0,yolo,111.8,yolo,1,1,0,0.000,0,-1,0
1785568420.645,5.502,-1.221,15.196,0.9952,1.663,0.054,-1.509,0.2683,8.211,0.216,0.874,1.000,1.509,3.840,0.0599,-0.0059,-0.035,-0.035,1.047,1.757,1.384,-1.167,0.0030,1.066,nan,0.00,1,1,0,0.0000,0.000,0,0.000,0,0.000,0,0,yolo,111.8,yolo,1,1,0,0.000,0,-1,0
1785568420.678,5.351,-1.230,15.323,0.9954,3.163,-0.111,-1.238,0.2809,7.857,0.170,0.822,1.000,1.238,0.334,0.5581,0.9469,-0.005,-0.003,1.041,1.754,1.448,-1.342,0.0030,1.002,nan,0.00,1,1,0,0.0000,0.000,0,0.000,0,0.000,0,0,yolo,103.1,yolo,1,1,0,0.000,0,-1,0
1785568420.708,5.207,-1.238,15.447,0.9956,2.480,-0.113,-1.238,0.2682,7.857,0.170,0.822,1.000,1.238,2.727,0.0250,-0.0065,0.022,0.022,1.034,1.750,1.447,-1.351,0.0030,1.003,nan,0.00,1,1,0,0.0000,0.000,0,0.000,0,0.000,0,0,yolo,103.1,yolo,1,1,0,0.000,0,-1,0
1785568420.740,4.963,-1.259,15.561,0.9960,2.654,-0.091,-1.238,0.2681,7.857,0.170,0.822,1.000,1.238,2.308,0.0512,-0.0135,0.048,0.048,1.027,1.747,1.444,-1.350,0.0030,1.006,nan,0.00,1,1,0,0.0000,0.000,0,0.000,0,0.000,1,0,yolo,103.1,yolo,1,1,0,0.000,0,-1,0
1785568420.770,4.700,-1.276,15.666,0.9964,2.791,-0.075,-1.238,0.2680,7.857,0.170,0.822,1.000,1.238,1.909,0.0763,-0.0206,0.074,0.074,1.020,1.745,1.443,-1.351,0.0030,1.007,nan,0.00,1,1,0,0.0000,0.000,0,0.000,0,0.000,2,0,yolo,103.1,yolo,1,1,0,0.000,0,-1,0
1785568420.798,4.700,-1.276,15.666,0.9964,4.291,-0.183,-0.828,0.2679,7.523,0.109,0.778,1.000,0.828,-0.655,0.4033,0.4194,0.074,0.062,1.020,1.745,1.498,-1.459,0.0029,0.952,nan,0.00,1,1,0,0.0000,0.000,0,0.000,0,0.000,0,0,yolo,109.6,yolo,1,1,0,0.000,0,-1,0
1785568420.830,4.421,-1.291,15.779,0.9968,3.619,-0.177,-0.828,0.2677,7.523,0.109,0.778,1.000,0.828,0.802,0.0341,-0.0072,0.096,0.096,1.013,1.742,1.497,-1.468,0.0028,0.953,nan,0.00,1,1,0,0.0000,0.000,0,0.000,0,0.000,0,0,yolo,109.6,yolo,1,1,0,0.000,0,-1,0
1785568420.866,4.072,-1.313,15.851,0.9972,3.560,-0.152,-0.828,0.2675,7.523,0.109,0.778,1.000,0.828,0.512,0.0517,-0.0136,0.114,0.114,1.006,1.740,1.494,-1.465,0.0028,0.956,nan,0.00,1,1,0,0.0000,0.000,0,0.000,0,0.000,0,0,yolo,109.6,yolo,1,1,0,0.000,0,-1,0
1785568420.896,3.760,-1.330,15.908,0.9976,5.060,-0.386,-0.506,0.2842,7.100,0.063,0.689,1.000,0.506,-3.657,0.5993,1.4918,0.129,0.159,1.001,1.738,1.593,-1.716,0.0027,0.857,nan,0.00,1,1,0,0.0000,0.000,0,0.000,0,0.000,0,0,yolo,100.8,yolo,1,1,0,0.000,0,-1,0
1785568420.928,3.310,-1.366,15.953,0.9980,3.637,-0.334,-0.506,0.2675,7.100,0.063,0.689,1.000,0.506,-0.327,-0.0195,-0.0096,0.140,0.140,0.991,1.737,1.589,-1.700,0.0026,0.861,nan,0.00,1,1,0,0.0000,0.000,0,0.000,0,0.000,0,0,yolo,100.8,yolo,1,1,0,0.000,0,-1,0
1785568420.958,2.996,-1.396,15.986,0.9983,3.499,-0.289,-0.506,0.2669,7.100,0.063,0.689,1.000,0.506,-0.503,-0.0092,-0.0198,0.150,0.150,0.981,1.735,1.586,-1.686,0.0025,0.864,nan,0.00,1,1,0,0.0000,0.000,0,0.000,0,0.000,0,0,yolo,100.8,yolo,1,1,0,0.000,0,-1,0
1785568420.991,2.996,-1.396,15.986,0.9983,4.999,-0.496,-0.108,0.2836,6.812,0.013,0.609,1.000,0.108,-4.573,0.4730,0.8991,0.150,0.196,0.981,1.735,1.675,-1.892,0.0024,0.775,nan,0.00,1,1,0,0.0000,0.000,0,0.000,0,0.000,0,0,yolo,103.1,yolo,1,1,0,0.000,0,-1,0
1785568421.023,2.685,-1.423,16.025,0.9986,4.239,-0.464,-0.108,0.2669,6.812,0.013,0.609,1.000,0.108,-1.555,-0.0371,-0.0084,0.159,0.159,0.972,1.734,1.672,-1.887,0.0023,0.778,nan,0.00,1,1,0,0.0000,0.000,0,0.000,0,0.000,0,0,yolo,103.1,yolo,1,1,0,0.000,0,-1,0
1785568421.056,2.219,-1.469,16.042,0.9989,3.850,-0.398,-0.108,0.2665,6.812,0.013,0.609,1.000,0.108,-1.631,-0.0328,-0.0210,0.164,0.164,0.960,1.734,1.667,-1.867,0.0023,0.783,nan,0.00,1,1,1,0.0000,0.255,0,0.050,1,0.931,0,0,yolo,103.1,yolo,1,1,0,0.000,0,-1,0
1785568421.081,1.878,-1.504,16.042,0.9991,3.589,-0.348,-0.108,0.2664,6.812,0.013,0.609,1.000,0.108,-1.710,-0.0283,-0.0327,0.168,0.168,0.948,1.733,1.662,-1.853,0.0022,0.788,nan,0.00,1,1,1,0.0000,0.255,0,0.050,1,0.931,0,0,yolo,103.1,yolo,1,1,0,0.000,0,-1,0
1785568421.111,1.564,-1.534,16.046,0.9993,5.089,-0.499,0.407,0.2698,6.566,-0.047,0.540,1.000,-0.407,-6.264,0.4425,0.5538,0.171,0.232,0.943,1.733,1.736,-2.033,0.0021,0.714,nan,0.00,1,1,1,0.0000,0.254,0,0.049,1,0.926,0,0,yolo,102.7,yolo,1,1,0,0.000,0,-1,0
1785568421.150,1.071,-1.581,16.036,0.9994,3.993,-0.429,0.407,0.2662,6.566,-0.047,0.540,1.000,-0.407,-2.922,-0.0624,-0.0035,0.169,0.169,0.940,1.733,1.730,-2.010,0.0020,0.720,nan,0.00,1,1,1,0.0000,0.252,0,0.044,1,0.915,0,0,yolo,102.7,yolo,1,1,0,0.000,0,-1,0
1785568421.175,1.065,-1.581,16.036,0.9994,3.987,-0.423,0.407,0.2661,6.566,-0.047,0.540,1.000,-0.407,-2.922,-0.0625,-0.0036,0.169,0.169,0.940,1.733,1.730,-2.005,0.0020,0.720,nan,0.00,1,1,1,0.0000,0.252,0,0.044,1,0.915,0,0,yolo,102.7,yolo,1,1,0,0.000,0,-1,0
1785568421.205,0.697,-1.620,15.989,0.9995,5.487,-0.623,0.974,0.2828,6.251,-0.106,0.447,1.000,-0.974,-9.214,0.6190,0.9761,0.168,0.268,0.940,1.733,1.828,-2.243,0.0019,0.622,nan,0.00,1,1,1,0.0000,0.254,0,0.049,1,0.920,0,0,yolo,102.4,yolo,1,1,0,0.000,0,-1,0
1785568421.236,0.199,-1.675,15.922,0.9996,4.315,-0.538,0.974,0.2661,6.251,-0.106,0.447,1.000,-0.974,-4.116,-0.1069,-0.0047,0.161,0.161,0.935,1.734,1.821,-2.213,0.0018,0.629,nan,0.00,1,1,1,0.0000,0.254,0,0.049,1,0.920,0,0,yolo,102.4,yolo,1,1,0,0.000,0,-1,0
1785568421.266,-0.184,-1.723,15.836,0.9995,3.809,-0.465,0.974,0.2659,6.251,-0.106,0.447,1.000,-0.974,-3.993,-0.1135,-0.0120,0.155,0.155,0.928,1.735,1.815,-2.188,0.0018,0.635,nan,0.00,1,1,1,0.0000,0.337,0,0.046,2,0.909,0,0,yolo,102.4,yolo,1,1,0,0.000,0,-1,0
1785568421.303,-0.184,-1.723,15.836,0.9995,5.309,-0.777,1.323,0.2826,5.923,-0.149,0.317,0.987,-1.445,-8.897,0.3647,1.0461,0.155,0.247,0.928,1.735,1.955,-2.500,0.0017,0.495,nan,0.00,1,1,1,0.0000,0.337,0,0.046,2,0.909,3,0,yolo,101.0,yolo,1,1,0,0.000,0,-1,0
1785568421.344,-1.015,-1.837,15.658,0.9993,3.894,-0.630,1.328,0.2659,5.923,-0.149,0.317,0.987,-1.445,-4.909,-0.1138,-0.0135,0.133,0.133,0.914,1.738,1.941,-2.467,0.0017,0.509,nan,0.00,1,1,1,0.0000,0.330,0,0.038,2,0.886,0,0,yolo,101.0,yolo,1,1,0,0.000,0,-1,0
1785568421.375,-1.388,-1.900,15.535,0.9992,3.256,-0.529,1.332,0.2659,5.923,-0.149,0.317,0.987,-1.445,-4.644,-0.1275,-0.0229,0.119,0.119,0.905,1.740,1.933,-2.429,0.0016,0.517,nan,0.00,1,1,1,0.0000,0.332,0,0.040,2,0.874,0,0,yolo,101.0,yolo,1,1,0,0.000,0,-1,0
1785568421.413,-1.388,-1.900,15.535,0.9992,4.756,-0.600,1.571,0.2780,5.711,-0.213,0.283,0.952,-2.134,-14.000,1.0306,0.5897,0.119,0.305,0.905,1.740,1.973,-2.500,0.0016,0.477,nan,0.00,1,1,1,0.0000,0.332,0,0.040,2,0.874,1,0,yolo,106.7,yolo,1,1,0,0.000,0,-1,0
1785568421.454,-2.146,-2.012,15.301,0.9987,3.256,-0.437,1.489,0.2659,5.711,-0.213,0.283,0.952,-2.134,-5.267,-0.2189,-0.0063,0.086,0.086,0.898,1.746,1.959,-2.449,0.0015,0.491,nan,0.00,1,1,1,0.0000,0.328,0,0.036,2,0.854,0,0,yolo,106.7,yolo,1,1,0,0.000,0,-1,0
1785568421.479,-2.146,-2.012,15.301,0.9987,3.121,-0.462,1.428,0.2658,5.711,-0.213,0.283,0.952,-2.134,-5.267,-0.2189,-0.0063,0.086,0.086,0.898,1.746,1.959,-2.474,0.0015,0.491,nan,0.00,1,1,1,0.0000,0.251,0,0.044,1,0.825,0,0,yolo,106.7,yolo,1,1,0,0.000,0,-1,0
1785568421.500,-2.433,-2.060,15.174,0.9985,2.479,-0.376,1.382,0.2658,5.711,-0.213,0.283,0.952,-2.134,-4.912,-0.2376,-0.0127,0.067,0.067,0.892,1.749,1.953,-2.436,0.0014,0.497,nan,0.00,1,1,1,0.0000,0.251,0,0.044,1,0.825,0,0,yolo,106.7,yolo,1,1,0,0.000,0,-1,0
1785568421.532,-2.433,-2.060,15.174,0.9985,3.979,-0.440,1.381,0.2825,5.549,-0.253,0.212,0.925,-2.616,-11.762,0.4668,0.7547,0.067,0.249,0.892,1.749,2.028,-2.500,0.0014,0.422,nan,0.00,1,1,1,0.0000,0.254,0,0.048,1,0.811,0,0,yolo,107.1,yolo,1,1,0,0.000,0,-1,0
1785568421.568,-2.665,-2.101,15.060,0.9982,3.137,-0.399,1.364,0.2658,5.549,-0.253,0.212,0.925,-2.616,-5.802,-0.2012,0.0004,0.048,0.048,0.893,1.752,2.023,-2.500,0.0013,0.427,nan,0.00,1,1,1,0.0000,0.258,0,0.055,1,0.800,0,0,yolo,107.1,yolo,1,1,0,0.000,0,-1,0
1785568421.594,-3.109,-2.155,14.935,0.9978,2.168,-0.345,1.351,0.2659,5.549,-0.253,0.212,0.925,-2.616,-5.277,-0.2290,-0.0053,0.020,0.020,0.887,1.756,2.016,-2.500,0.0013,0.434,nan,0.00,1,1,1,0.0000,0.258,0,0.055,1,0.800,0,0,yolo,107.1,yolo,1,1,0,0.000,0,-1,0
1785568421.625,-3.305,-2.194,14.822,0.9976,3.668,-0.306,1.645,0.2825,5.401,-0.304,0.124,0.900,-3.225,-12.765,0.5740,0.8558,-0.003,0.205,0.880,1.760,2.102,-2.500,0.0013,0.348,nan,0.00,1,1,1,0.0000,0.363,0,0.079,2,0.801,0,0,yolo,101.4,yolo,1,1,0,0.000,0,-1,0
1785568421.651,-3.305,-2.194,14.822,0.9976,2.976,-0.306,1.763,0.2659,5.401,-0.304,0.124,0.900,-3.225,-6.281,-0.2079,0.0000,-0.003,-0.003,0.880,1.760,2.102,-2.500,0.0012,0.348,nan,0.00,1,1,1,0.0000,0.363,0,0.079,2,0.801,0,0,yolo,101.4,yolo,1,1,0,0.000,0,-1,0
1785568421.694,-3.924,-2.269,14.549,0.9969,1.476,-0.231,1.853,0.2660,5.401,-0.304,0.124,0.900,-3.225,-5.294,-0.2604,-0.0166,-0.055,-0.055,0.863,1.768,2.092,-2.500,0.0012,0.358,nan,0.00,1,1,1,0.0000,0.290,0,0.108,1,0.800,0,0,yolo,101.4,yolo,1,1,0,0.000,0,-1,0
1785568421.722,-4.053,-2.302,14.396,0.9967,2.976,-0.198,1.851,0.2827,5.179,-0.341,0.030,0.863,-3.770,-13.657,0.7387,1.4468,-0.080,0.164,0.856,1.773,2.188,-2.500,0.0012,0.262,nan,0.00,1,1,1,0.0000,0.290,0,0.108,1,0.800,0,0,yolo,103.9,yolo,1,1,0,0.000,0,-1,0
1785568421.749,-4.053,-2.302,14.396,0.9967,1.883,-0.198,1.877,0.2660,5.179,-0.341,0.030,0.863,-3.770,-5.936,-0.2441,0.0000,-0.080,-0.080,0.856,1.773,2.188,-2.500,0.0011,0.262,nan,0.00,1,1,1,0.0000,0.416,0,0.145,1,0.826,0,0,yolo,103.9,yolo,1,1,0,0.000,0,-1,0
1785568421.780,-4.246,-2.335,14.229,0.9964,1.157,-0.165,1.897,0.2661,5.179,-0.341,0.030,0.863,-3.770,-5.402,-0.2728,-0.0003,-0.109,-0.109,0.856,1.778,2.184,-2.500,0.0011,0.266,nan,0.00,1,1,1,0.0000,0.416,0,0.145,1,0.826,0,0,yolo,103.9,yolo,1,1,0,0.000,0,-1,0
1785568421.812,-4.362,-2.366,14.057,0.9963,2.657,-0.134,1.780,0.2827,4.967,-0.373,-0.041,0.828,-4.291,-11.531,0.3386,0.5526,-0.138,0.088,0.856,1.783,2.193,-2.500,0.0011,0.192,nan,0.00,1,1,1,0.0000,0.518,0,0.143,2,0.831,0,0,yolo,99.5,yolo,1,1,0,0.000,0,-1,0
1785568421.847,-4.610,-2.391,13.909,0.9959,1.157,-0.109,1.734,0.2662,4.967,-0.373,-0.041,0.828,-4.291,-5.429,-0.2556,0.0008,-0.168,-0.168,0.856,1.788,2.193,-2.500,0.0011,0.196,nan,0.00,1,1,1,0.0000,0.518,0,0.143,2,0.831,1,0,yolo,99.5,yolo,1,1,0,0.000,0,-1,0
1785568421.875,-4.610,-2.391,13.909,0.9959,0.819,-0.109,1.699,0.2662,4.967,-0.373,-0.041,0.828,-4.291,-5.429,-0.2556,0.0008,-0.168,-0.168,0.856,1.788,2.193,-2.500,0.0011,0.196,nan,0.00,1,1,1,0.0000,0.519,0,0.144,2,0.837,0,0,yolo,99.5,yolo,1,1,0,0.000,0,-1,0
1785568421.906,-4.717,-2.411,13.779,0.9957,0.222,-0.089,1.672,0.2662,4.967,-0.373,-0.041,0.828,-4.291,-4.940,-0.2821,-0.0006,-0.194,-0.194,0.855,1.793,2.193,-2.500,0.0010,0.199,nan,0.00,1,1,1,0.0000,0.526,0,0.151,2,0.837,0,0,yolo,99.5,yolo,1,1,0,0.000,0,-1,0
1785568421.938,-4.730,-2.431,13.646,0.9957,1.722,-0.069,1.488,0.2828,4.749,-0.398,-0.119,0.792,-4.785,-11.283,0.4102,0.8323,-0.221,0.013,0.852,1.798,2.150,-2.500,0.0010,0.115,nan,0.00,1,1,1,0.0000,0.526,0,0.151,2,0.837,0,0,yolo,108.6,yolo,1,1,0,0.000,0,-1,0
1785568421.970,-4.889,-2.449,13.523,0.9955,0.222,-0.051,1.470,0.2662,4.749,-0.398,-0.119,0.792,-4.785,-4.845,-0.2643,-0.0090,-0.251,-0.251,0.843,1.803,2.150,-2.500,0.0010,0.118,nan,0.00,1,1,1,0.0000,0.422,0,0.153,1,0.839,0,0,yolo,108.6,yolo,1,1,0,0.000,0,-1,0
1785568422.008,-4.913,-2.464,13.406,0.9954,-0.602,-0.036,1.456,0.2662,4.749,-0.398,-0.119,0.792,-4.785,-4.311,-0.2936,-0.0187,-0.280,-0.280,0.834,1.808,2.150,-2.500,0.0010,0.119,nan,0.00,1,1,1,0.0000,0.529,0,0.154,2,0.841,0,0,yolo,108.6,yolo,1,1,0,0.000,0,-1,0
1785568422.050,-4.852,-2.478,13.286,0.9955,0.898,-0.022,1.091,0.2829,4.504,-0.413,-0.194,0.751,-5.242,-9.806,0.2693,0.6221,-0.308,-0.073,0.830,1.813,2.101,-2.500,0.0010,0.036,nan,0.00,1,1,1,0.0000,0.531,0,0.156,2,0.860,0,0,yolo,102.9,yolo,1,1,0,0.000,0,-1,0
1785568422.080,-4.954,-2.490,13.184,0.9953,-0.602,-0.010,1.050,0.2662,4.504,-0.413,-0.194,0.751,-5.242,-3.985,-0.2670,-0.0074,-0.340,-0.340,0.823,1.819,2.101,-2.500,0.0010,0.038,nan,0.00,1,1,1,0.0000,0.420,0,0.149,1,0.869,0,0,yolo,102.9,yolo,1,1,0,0.000,0,-1,0
1785568422.111,-4.895,-2.498,13.103,0.9954,-1.441,-0.002,1.020,0.2662,4.504,-0.413,-0.194,0.751,-5.242,-3.453,-0.2964,-0.0160,-0.370,-0.370,0.814,1.824,2.101,-2.500,0.0010,0.038,nan,0.00,1,1,1,0.0000,0.420,0,0.149,1,0.869,0,0,yolo,102.9,yolo,1,1,0,0.000,0,-1,0
1785568422.144,-4.895,-2.498,13.103,0.9954,0.059,0.062,0.573,0.2829,4.255,-0.422,-0.271,0.709,-5.669,-9.233,0.3169,0.8678,-0.370,-0.137,0.814,1.824,2.051,-2.437,0.0010,-0.048,nan,0.00,1,1,1,0.0000,0.518,0,0.143,2,0.857,0,0,yolo,106.3,yolo,1,1,0,0.000,0,-1,0
1785568422.175,-4.761,-2.506,13.021,0.9956,-1.279,0.100,0.537,0.2676,4.255,-0.422,-0.271,0.709,-5.669,-3.482,-0.2597,-0.0014,-0.396,-0.396,0.813,1.830,2.051,-2.406,0.0010,-0.049,nan,0.00,1,1,1,0.0000,0.518,0,0.143,2,0.857,0,0,yolo,106.3,yolo,1,1,0,0.000,0,-1,0
1785568422.207,-4.648,-2.502,12.963,0.9958,-1.661,0.119,0.510,0.2675,4.255,-0.422,-0.271,0.709,-5.669,-2.987,-0.2875,-0.0027,-0.424,-0.424,0.812,1.835,2.051,-2.382,0.0010,-0.050,nan,0.00,1,1,1,0.0000,0.254,0,0.134,2,0.834,0,0,yolo,106.3,yolo,1,1,0,0.000,0,-1,0
1785568422.239,-4.499,-2.494,12.930,0.9960,-1.987,0.127,0.490,0.2673,4.255,-0.422,-0.271,0.709,-5.669,-2.512,-0.3141,-0.0068,-0.451,-0.451,0.808,1.840,2.051,-2.367,0.0010,-0.052,nan,0.00,1,1,1,0.0000,0.507,0,0.132,2,0.819,0,0,yolo,106.3,yolo,1,1,0,0.000,0,-1,0
1785568422.275,-4.336,-2.486,12.895,0.9962,-2.224,0.127,0.475,0.2673,4.255,-0.422,-0.271,0.709,-5.669,-2.111,-0.3365,-0.0066,-0.473,-0.473,0.808,1.844,2.051,-2.359,0.0010,-0.054,nan,0.00,1,1,1,0.0000,0.507,0,0.132,2,0.819,2,0,yolo,106.3,yolo,1,1,0,0.000,0,-1,0
1785568422.305,-4.143,-2.479,12.854,0.9965,-2.420,0.130,0.464,0.2673,4.255,-0.422,-0.271,0.709,-5.669,-1.723,-0.3582,-0.0076,-0.495,-0.495,0.807,1.848,2.051,-2.349,0.0010,-0.056,nan,0.00,1,1,1,0.0000,0.506,0,0.131,2,0.807,2,0,yolo,106.3,yolo,1,1,0,0.000,0,-1,0
1785568422.333,-3.935,-2.471,12.816,0.9967,-2.571,0.130,0.455,0.2671,4.255,-0.422,-0.271,0.709,-5.669,-1.364,-0.3784,-0.0119,-0.515,-0.515,0.803,1.852,2.051,-2.340,0.0010,-0.058,nan,0.00,1,1,1,0.0000,0.511,0,0.136,2,0.776,0,0,yolo,106.3,yolo,1,1,0,0.000,0,-1,0
1785568422.364,-3.935,-2.471,12.816,0.9967,-2.571,0.083,0.449,0.2671,4.255,-0.422,-0.271,0.709,-5.669,-1.364,-0.3784,-0.0119,-0.515,-0.515,0.803,1.852,2.051,-2.387,0.0010,-0.058,nan,0.00,1,1,1,0.0000,0.514,0,0.139,2,0.772,0,0,yolo,106.3,yolo,1,1,0,0.000,0,-1,0
1785568422.392,-3.710,-2.462,12.780,0.9970,-2.681,0.097,0.444,0.2669,4.255,-0.422,-0.271,0.709,-5.669,-1.029,-0.3971,-0.0174,-0.534,-0.534,0.797,1.857,2.051,-2.365,0.0010,-0.060,nan,0.00,1,1,1,0.0000,0.514,0,0.139,2,0.772,0,0,yolo,106.3,yolo,1,1,0,0.000,0,-1,0
1785568422.426,-3.486,-2.456,12.746,0.9972,-2.750,0.107,0.441,0.2666,4.255,-0.422,-0.271,0.709,-5.669,-0.736,-0.4135,-0.0229,-0.550,-0.550,0.792,1.860,2.051,-2.349,0.0010,-0.062,nan,0.00,1,1,1,0.0000,0.506,0,0.131,2,0.778,0,0,yolo,106.3,yolo,1,1,0,0.000,0,-1,0
1785568422.464,-3.252,-2.449,12.712,0.9975,-1.250,1.607,1.941,0.2833,7.610,-1.646,-1.595,1.000,-12.202,-14.000,-0.0000,-0.0000,-0.565,-0.565,0.786,1.864,1.237,-0.301,0.0010,-1.173,nan,0.00,1,1,1,0.0000,0.506,0,0.131,2,0.778,1,0,yolo,110.5,yolo,1,1,0,0.000,0,-1,0
1785568422.504,-3.136,-2.328,12.600,0.9977,0.250,2.043,3.441,0.3000,7.610,-1.646,-1.595,1.000,-12.202,-14.000,-0.0000,-0.0000,-0.578,-0.578,0.777,1.867,1.228,-0.286,0.0010,-1.192,nan,0.00,1,1,1,0.0000,0.504,0,0.129,2,0.761,0,0,yolo,110.5,yolo,1,1,0,0.000,0,-1,0
1785568422.542,-3.024,-2.191,12.406,0.9979,1.750,1.925,4.941,0.3021,7.610,-1.646,-1.595,1.000,-12.202,-14.000,-0.0000,-0.0000,-0.589,-0.589,0.762,1.869,1.217,-0.267,0.0010,-1.214,nan,0.00,1,1,1,0.0000,0.500,0,0.125,2,0.737,1,0,yolo,110.5,yolo,1,1,0,0.000,0,-1,0
1785568422.576,-3.032,-2.028,12.141,0.9980,3.250,1.791,6.441,0.3188,7.744,-1.749,-1.660,1.000,-12.727,-14.000,0.7103,0.7653,-0.600,-0.160,0.737,1.870,1.200,-0.237,0.0010,-1.291,nan,0.00,1,1,1,0.0000,0.495,0,0.120,2,0.693,0,0,yolo,116.3,yolo,1,1,0,0.000,0,-1,0
1785568422.615,-3.135,-1.870,11.810,0.9980,4.750,1.622,7.941,0.3031,7.744,-1.749,-1.660,1.000,-12.727,-14.000,-0.4501,-0.0398,-0.610,-0.610,0.697,1.871,1.200,-0.248,0.0010,-1.309,nan,0.00,1,1,1,0.0000,0.495,0,0.120,2,0.693,0,0,yolo,116.3,yolo,1,1,0,0.000,0,-1,0
1785568422.646,-3.572,-1.763,11.044,0.9976,6.250,1.559,9.441,0.2998,7.744,-1.749,-1.660,1.000,-12.727,-14.000,-0.4549,-0.1162,-0.614,-0.614,0.620,1.876,1.200,-0.204,0.0010,-1.309,nan,0.00,1,1,1,0.0000,0.492,0,0.117,2,0.668,0,0,yolo,116.3,yolo,1,1,0,0.000,0,-1,0
1785568422.678,-4.123,-1.672,10.210,0.9970,7.750,1.509,10.941,0.3165,7.535,-1.733,-1.690,1.000,-12.950,-14.000,0.2201,0.2311,-0.621,-0.260,0.535,1.882,1.200,-0.163,0.0010,-1.340,nan,0.00,1,1,1,0.0000,0.476,0,0.101,2,0.617,0,0,yolo,110.6,yolo,1,1,0,0.000,0,-1,0
1785568422.708,-4.798,-1.608,9.306,0.9961,9.202,1.488,12.000,0.3020,7.535,-1.733,-1.690,1.000,-12.950,-14.000,-0.3696,-0.0894,-0.629,-0.629,0.446,1.888,1.200,-0.121,0.0010,-1.327,nan,0.00,1,1,1,0.0000,0.476,0,0.101,2,0.617,0,0,yolo,110.6,yolo,1,1,0,0.000,0,-1,0
1785568422.739,-4.798,-1.608,9.306,0.9961,9.202,1.440,12.000,0.3020,7.535,-1.733,-1.690,1.000,-12.950,-14.000,-0.3696,-0.0894,-0.629,-0.629,0.446,1.888,1.200,-0.168,0.0010,-1.327,nan,0.00,1,1,1,0.0000,0.566,0,0.097,3,0.586,0,0,yolo,110.6,yolo,1,1,0,0.000,0,-1,0
1785568422.778,-5.640,-1.567,8.242,0.9948,8.360,1.468,12.000,0.2976,7.535,-1.733,-1.690,1.000,-12.950,-14.000,-0.3801,-0.1802,-0.640,-0.640,0.355,1.896,1.200,-0.099,0.0010,-1.305,nan,0.00,1,1,1,0.0000,0.482,0,0.107,2,0.554,0,0,yolo,110.6,yolo,1,1,0,0.000,0,-1,0
1785568422.822,-7.137,-1.528,6.234,0.9919,6.863,1.587,12.000,0.3083,7.301,-1.710,-1.730,1.000,-13.183,-14.000,0.2218,0.0339,-0.671,-0.353,0.196,1.911,1.200,0.059,0.0010,-1.309,nan,0.00,1,1,1,0.0000,0.482,0,0.107,2,0.554,2,0,yolo,104.1,yolo,1,1,0,0.000,0,-1,0
1785568422.849,-7.718,-1.511,5.237,0.9906,6.282,1.594,12.000,0.3034,7.301,-1.710,-1.730,1.000,-13.183,-14.000,-0.3380,-0.0734,-0.691,-0.691,0.123,1.919,1.200,0.083,0.0010,-1.292,nan,0.00,1,1,1,0.0000,0.444,0,0.180,1,0.470,0,0,yolo,104.1,yolo,1,1,0,0.000,0,-1,0
1785568422.879,-7.718,-1.511,5.237,0.9906,6.282,1.509,12.000,0.3034,7.301,-1.710,-1.730,1.000,-13.183,-14.000,-0.3380,-0.0734,-0.691,-0.691,0.123,1.919,1.200,-0.002,0.0010,-1.292,nan,0.00,1,1,1,0.0000,0.444,0,0.180,1,0.470,0,0,yolo,104.1,yolo,1,1,0,0.000,0,-1,0
1785568422.911,-8.258,-1.514,4.233,0.9893,5.742,1.568,12.000,0.3200,7.330,-1.677,-1.828,1.000,-12.884,-14.000,-0.5731,1.2314,-0.713,-0.465,0.050,1.928,1.200,0.054,0.0010,-1.374,nan,0.00,1,1,1,0.0000,0.818,0,0.209,3,0.501,0,0,yolo,106.2,yolo,1,1,0,0.000,0,-1,0
1785568422.943,-8.784,-1.519,3.172,0.9879,5.216,1.634,12.000,0.3057,7.330,-1.677,-1.828,1.000,-12.884,-14.000,-0.2732,-0.0832,-0.739,-0.739,-0.033,1.938,1.200,0.115,0.0010,-1.356,nan,0.00,1,1,1,0.0000,0.818,0,0.209,3,0.501,0,0,yolo,106.2,yolo,1,1,0,0.000,0,-1,0
1785568422.976,-9.287,-1.528,2.045,0.9865,4.713,1.710,12.000,0.3014,7.330,-1.677,-1.828,1.000,-12.884,-14.000,-0.3031,-0.1748,-0.769,-0.769,-0.125,1.949,1.200,0.182,0.0010,-1.337,nan,0.00,1,1,1,0.0000,0.750,0,0.260,2,0.479,0,0,yolo,106.2,yolo,1,1,0,0.000,0,-1,0
1785568423.014,-9.287,-1.528,2.045,0.9865,4.702,1.618,11.702,0.3180,7.429,-1.539,-1.907,1.000,-11.702,-13.989,-1.5325,0.9716,-0.769,-0.679,-0.125,1.949,1.200,0.089,0.0010,-1.435,nan,0.00,1,1,1,0.0000,0.750,0,0.265,2,0.541,0,0,yolo,104.4,yolo,1,1,0,0.000,0,-1,0
1785568423.058,-9.732,-1.539,0.939,0.9853,4.268,1.721,11.702,0.3081,7.429,-1.539,-1.907,1.000,-11.702,-14.000,-0.1210,-0.0896,-0.800,-0.800,-0.215,1.961,1.200,0.182,0.0010,-1.419,nan,0.00,1,1,1,0.0000,0.750,0,0.265,2,0.541,1,0,yolo,104.4,yolo,1,1,0,0.000,0,-1,0
1785568423.092,-10.190,-1.564,-0.151,0.9839,3.810,1.829,11.702,0.3038,7.429,-1.539,-1.907,1.000,-11.702,-14.000,-0.1554,-0.1827,-0.834,-0.834,-0.308,1.973,1.200,0.265,0.0010,-1.401,nan,0.00,1,1,1,0.0000,0.461,0,0.202,4,0.692,0,0,yolo,104.4,yolo,1,1,0,0.000,0,-1,0
1785568423.135,-10.578,-1.583,-1.185,0.9826,2.310,2.421,10.202,0.2930,nan,nan,nan,0.000,0.000,6.952,0.0000,-0.3977,-0.869,-0.869,-0.398,1.986,1.000,0.838,0.0010,-1.359,nan,0.00,0,0,1,0.0000,0.923,0,0.202,4,0.692,2,0,,,FLYING,1,1,0,0.000,0,-1,0
1785568423.168,-10.905,-1.599,-2.174,0.9816,0.810,2.504,8.702,0.2885,nan,nan,nan,0.000,0.000,7.226,0.0000,-0.4752,-0.903,-0.903,-0.475,2.000,1.000,0.905,0.0010,-1.318,nan,0.00,0,0,1,0.0000,0.170,0,0.050,2,0.848,0,0,,,FLYING,1,1,0,0.000,0,-1,0
1785568423.194,-11.097,-1.540,-3.100,0.9809,-0.690,2.002,7.202,0.2844,4.000,0.800,0.000,0.233,11.309,11.004,-0.0000,-0.5422,-0.945,-0.945,-0.542,2.013,1.200,0.462,0.0010,-1.279,nan,0.00,0,1,1,0.0000,0.360,0,0.225,2,0.744,0,1,blueline,,BLUELINE,1,1,0,0.000,0,-1,0
1785568423.225,-11.037,-1.486,-3.698,0.9812,-2.190,1.930,5.702,0.2810,4.000,0.800,0.000,0.233,11.309,11.269,-0.0468,-0.5903,-0.991,-0.991,-0.590,2.022,1.200,0.444,0.0010,-1.240,nan,0.00,0,1,1,0.0000,0.360,0,0.225,2,0.744,0,0,blueline,,BLUELINE,1,1,0,0.000,0,-1,0
1785568423.259,-10.832,-1.395,-4.145,0.9819,-3.690,2.296,4.202,0.2782,nan,nan,nan,0.000,0.000,8.396,0.0000,-0.6210,-1.049,-1.049,-0.621,2.027,1.000,0.901,0.0010,-1.203,nan,0.00,0,0,1,0.0000,0.323,0,0.163,3,0.708,1,0,,,FLYING,1,1,0,0.000,0,-1,0
1785568423.288,-10.509,-1.251,-4.509,0.9830,-5.190,2.106,2.702,0.2763,nan,nan,nan,0.000,0.000,8.875,0.0000,-0.6323,-1.109,-1.109,-0.632,2.031,1.000,0.855,0.0010,-1.167,nan,0.00,0,0,1,0.0000,0.190,0,0.099,2,0.771,0,0,,,FLYING,1,1,0,0.000,0,-1,0
1785568423.319,-10.048,-1.104,-4.771,0.9845,-6.690,1.393,2.077,0.2749,4.000,-0.145,0.000,0.233,-2.077,4.632,-0.0000,-0.6300,-1.172,-1.172,-0.630,2.033,1.200,0.289,0.0010,-1.132,nan,0.00,0,1,1,0.0000,0.129,0,0.054,1,0.876,0,0,blueline,,BLUELINE,1,1,0,0.000,0,-1,0
1785568423.356,-9.528,-1.015,-4.929,0.9861,-8.190,1.725,0.577,0.2737,nan,nan,nan,0.000,0.000,9.817,0.0000,-0.6239,-1.227,-1.227,-0.624,2.031,1.000,0.710,0.0010,-1.098,nan,0.00,0,0,1,0.0000,0.129,0,0.054,1,0.876,1,0,,,FLYING,1,1,0,0.000,0,-1,0
1785568423.386,-9.528,-1.015,-4.929,0.9861,-9.690,1.685,0.000,0.2727,nan,nan,nan,0.000,0.000,9.817,0.0000,-0.6239,-1.227,-1.227,-0.624,2.031,1.000,0.670,0.0010,-1.065,nan,0.00,0,0,1,0.0000,0.146,0,0.113,1,0.949,1,0,,,FLYING,1,1,0,0.000,0,-1,0
1785568423.415,-8.790,-0.871,-5.016,0.9881,-11.190,1.462,0.000,0.2714,nan,nan,nan,0.000,0.000,10.000,0.0000,-0.6184,-1.291,-1.291,-0.618,2.027,1.000,0.591,0.0010,-1.033,nan,0.00,0,0,1,0.0000,0.193,0,0.107,0,0.881,0,0,,,FLYING,1,1,0,0.000,0,-1,0
1785568423.446,-7.661,-0.722,-5.017,0.9910,-12.690,0.704,-1.500,0.2699,4.000,0.376,0.000,0.233,5.375,9.676,-0.0000,-0.6147,-1.359,-1.359,-0.615,2.020,1.200,-0.018,0.0010,-1.002,nan,0.00,0,1,1,0.0000,0.284,0,0.099,1,0.895,0,0,blueline,,BLUELINE,1,1,0,0.000,0,-1,0
1785568423.478,-6.349,-0.640,-4.895,0.9938,-14.190,0.476,-3.000,0.2683,4.000,0.376,0.000,0.233,5.375,10.053,-0.0655,-0.6123,-1.424,-1.424,-0.612,2.007,1.200,-0.164,0.0010,-0.972,nan,0.00,0,1,1,0.0000,0.284,0,0.099,1,0.895,0,0,blueline,,BLUELINE,1,1,0,0.000,0,-1,0
1785568423.509,-6.349,-0.640,-4.895,0.9938,-15.690,0.530,-4.500,0.2674,4.000,0.497,0.000,0.233,7.089,14.000,-3.5903,-0.6123,-1.424,-1.424,-0.612,2.007,1.200,-0.109,0.0010,-0.943,nan,0.00,0,1,1,0.0000,0.282,0,0.095,1,0.908,0,0,blueline,,BLUELINE,1,1,0,0.000,0,-1,0
1785568423.539,-5.053,-0.572,-4.658,0.9961,-17.190,0.303,-6.000,0.2508,9.057,3.618,0.780,1.000,21.775,14.000,-0.0000,-0.0000,-1.478,-1.478,-0.610,1.992,1.200,-0.269,0.0010,0.548,nan,0.00,1,1,1,0.0000,0.276,0,0.085,1,0.913,0,1,yolo,97.4,yolo,1,1,0,0.000,0,-1,0
1785568423.571,-3.459,-0.514,-4.179,0.9981,-17.459,0.028,-7.500,0.2468,9.057,3.618,0.780,1.000,21.775,14.000,-0.0545,0.0151,-1.533,-1.533,-0.595,1.970,1.200,-0.486,0.0009,0.641,nan,0.00,1,1,1,0.0000,0.276,0,0.085,1,0.913,0,0,yolo,97.4,yolo,1,1,0,0.000,0,-1,0
1785568423.602,-1.853,-0.477,-3.506,0.9994,-15.959,-0.257,-9.000,0.2450,9.057,3.618,0.780,1.000,21.775,14.000,-0.1028,0.0466,-1.581,-1.581,-0.563,1.942,1.200,-0.734,0.0009,0.738,nan,0.00,1,1,1,0.0000,0.265,0,0.066,1,0.931,0,0,yolo,97.4,yolo,1,1,0,0.000,0,-1,0
1785568423.637,-0.128,-0.458,-2.767,1.0000,-14.459,-0.510,-10.500,0.2283,8.786,3.606,0.806,1.000,22.313,14.000,-1.2379,-1.9498,-1.619,-1.088,-0.514,1.912,1.200,-0.968,0.0008,0.868,nan,0.00,1,1,0,0.0000,0.000,0,0.000,0,0.000,0,0,yolo,96.5,yolo,1,1,0,0.000,0,-1,0
1785568423.667,-0.128,-0.465,-2.950,1.0000,-14.128,-0.213,-12.000,0.2386,8.786,3.606,0.806,1.000,22.313,14.000,-0.5256,-0.0000,-1.613,-1.613,-0.514,1.917,1.200,-0.677,0.0007,0.869,nan,0.00,1,1,0,0.0000,0.000,0,0.000,0,0.000,0,0,yolo,96.5,yolo,1,1,0,0.000,0,-1,0
1785568423.700,1.927,-0.217,-0.535,0.9994,-12.628,-1.279,-12.000,0.2340,8.786,3.606,0.806,1.000,22.313,14.000,-0.6040,-0.0434,-1.692,-1.692,-0.558,1.844,1.200,-1.496,0.0006,0.960,nan,0.00,1,1,0,0.0000,0.000,0,0.000,0,0.000,0,0,yolo,96.5,yolo,1,1,0,0.000,0,-1,0
1785568423.732,3.167,-0.248,2.237,0.9985,-11.128,-2.040,-12.000,0.2173,8.595,3.648,0.804,1.000,23.001,14.000,-0.7735,-0.6173,-1.769,-1.181,-0.558,1.760,1.200,-2.288,0.0006,1.042,nan,0.00,1,1,0,0.0000,0.000,0,0.000,0,0.000,0,0,yolo,98.6,yolo,1,1,0,0.000,0,-1,0
1785568423.760,4.171,-0.363,3.020,0.9973,-9.829,-1.728,-12.000,0.2333,8.595,3.648,0.804,1.000,23.001,14.000,-0.5939,0.0382,-1.775,-1.775,-0.520,1.737,1.200,-2.091,0.0006,1.122,nan,0.00,1,1,1,0.0000,0.262,0,0.061,1,0.886,0,0,yolo,98.6,yolo,1,1,0,0.000,0,-1,0
1785568423.791,5.012,-0.488,3.355,0.9961,-8.988,-1.266,-12.000,0.2339,8.595,3.648,0.804,1.000,23.001,14.000,-0.5822,0.0937,-1.763,-1.763,-0.465,1.730,1.200,-1.754,0.0006,1.193,nan,0.00,1,1,1,0.0000,0.262,0,0.061,1,0.886,0,0,yolo,98.6,yolo,1,1,0,0.000,0,-1,0
1785568423.822,5.834,-0.626,4.218,0.9948,-8.166,-1.120,-12.000,0.2242,8.382,3.660,0.742,1.000,23.590,14.000,-1.2935,-0.1225,-1.757,-1.158,-0.342,1.706,1.200,-1.746,0.0006,1.201,nan,0.00,1,1,1,0.0000,0.252,0,0.045,1,0.864,0,0,yolo,100.9,yolo,1,1,0,0.000,0,-1,0
1785568423.859,6.599,-0.782,5.309,0.9933,-7.401,-1.051,-12.000,0.2361,8.382,3.660,0.742,1.000,23.590,14.000,-0.5941,0.1798,-1.752,-1.752,-0.162,1.677,1.200,-1.833,0.0006,1.272,nan,0.00,1,1,1,0.0000,0.160,0,0.025,2,0.859,0,0,yolo,100.9,yolo,1,1,0,0.000,0,-1,0
1785568423.885,7.310,-0.948,6.287,0.9917,-6.690,-0.904,-12.000,0.2413,8.382,3.660,0.742,1.000,23.590,14.000,-0.5768,0.3304,-1.735,-1.735,-0.012,1.652,1.200,-1.851,0.0006,1.340,nan,0.00,1,1,1,0.0000,0.320,0,0.025,2,0.859,0,0,yolo,100.9,yolo,1,1,0,0.000,0,-1,0
1785568423.922,7.956,-1.115,7.204,0.9902,-6.044,-0.722,-12.000,0.2579,7.960,3.685,0.611,1.000,24.845,14.000,-1.7430,0.6988,-1.709,-1.128,0.095,1.631,1.200,-1.837,0.0006,1.270,nan,0.00,1,1,1,0.0000,0.320,0,0.025,2,0.859,1,0,yolo,102.9,yolo,1,1,0,0.000,0,-1,0
1785568423.965,8.538,-1.287,8.160,0.9887,-5.462,-0.551,-12.000,0.2413,7.960,3.685,0.611,1.000,24.845,14.000,-0.5514,0.0768,-1.679,-1.679,0.171,1.610,1.200,-1.838,0.0006,1.330,nan,0.00,1,1,1,0.0000,0.235,0,0.017,1,0.864,0,0,yolo,102.9,yolo,1,1,0,0.000,0,-1,0
1785568423.997,9.098,-1.475,9.216,0.9871,-4.902,-0.387,-12.000,0.2324,7.960,3.685,0.611,1.000,24.845,14.000,-0.5152,0.1455,-1.643,-1.643,0.240,1.589,1.200,-1.862,0.0006,1.390,nan,0.00,1,1,1,0.0000,0.325,0,0.031,2,0.863,0,0,yolo,102.9,yolo,1,1,0,0.000,0,-1,0
1785568424.032,9.098,-1.475,9.216,0.9871,-4.902,-0.137,-12.000,0.2491,7.753,3.671,0.490,1.000,25.000,14.000,-0.2102,1.2649,-1.643,-1.033,0.240,1.589,1.200,-1.612,0.0006,1.264,nan,0.00,1,1,1,0.0000,0.332,0,0.040,2,0.863,0,0,yolo,111.5,yolo,2,2,0,0.000,0,-1,0
1785568424.082,9.973,-1.794,11.057,0.9844,-4.027,-0.073,-12.000,0.2324,7.753,3.671,0.490,1.000,25.000,14.000,-0.5368,0.1071,-1.570,-1.570,0.347,1.557,1.200,-1.867,0.0006,1.361,nan,0.00,1,1,1,0.0000,0.354,0,0.067,2,0.905,0,0,yolo,111.5,yolo,2,2,0,0.000,0,-1,0
1785568424.122,10.353,-1.962,12.050,0.9831,-3.647,0.121,-12.000,0.2339,7.753,3.671,0.490,1.000,25.000,14.000,-0.4937,0.1677,-1.526,-1.526,0.408,1.541,1.200,-1.841,0.0006,1.407,nan,0.00,1,1,1,0.0000,0.360,0,0.075,2,0.923,0,0,yolo,111.5,yolo,2,2,0,0.000,0,-1,0
1785568424.159,10.678,-2.116,12.926,0.9820,-3.322,0.332,-12.000,0.2505,7.668,3.422,0.331,1.000,24.050,14.000,0.9532,1.2399,-1.486,-1.158,0.472,1.530,1.200,-1.784,0.0006,1.242,nan,0.00,1,1,1,0.0000,0.360,0,0.075,2,0.923,1,0,yolo,117.4,yolo,2,2,0,0.000,0,-1,0
1785568424.201,10.957,-2.255,13.789,0.9810,-3.043,0.519,-12.000,0.2339,7.668,3.422,0.331,1.000,24.050,14.000,-0.2867,0.0644,-1.445,-1.445,0.537,1.520,1.200,-1.736,0.0006,1.276,nan,0.00,1,1,1,0.0000,0.362,0,0.077,2,0.924,0,0,yolo,117.4,yolo,2,2,0,0.000,0,-1,0
1785568424.238,11.218,-2.390,14.661,0.9800,-2.782,0.695,-12.000,0.2355,7.668,3.422,0.331,1.000,24.050,14.000,-0.2440,0.1228,-1.402,-1.402,0.595,1.511,1.200,-1.695,0.0006,1.309,nan,0.00,1,1,1,0.0000,0.363,0,0.079,2,0.924,1,0,yolo,117.4,yolo,2,2,0,0.000,0,-1,0
1785568424.266,11.458,-2.521,15.549,0.9791,-2.542,0.856,-12.000,0.2522,7.760,3.177,0.189,1.000,22.263,14.000,2.4204,1.5179,-1.358,-1.147,0.651,1.503,1.200,-1.665,0.0006,1.157,nan,0.00,1,1,1,0.0000,0.363,0,0.078,2,0.915,0,0,yolo,113.4,yolo,2,2,0,0.000,0,-1,0
1785568424.294,11.677,-2.645,16.474,0.9783,-2.323,1.005,-12.000,0.2367,7.760,3.177,0.189,1.000,22.263,14.000,-0.1639,0.0576,-1.311,-1.311,0.708,1.495,1.200,-1.640,0.0006,1.186,nan,0.00,1,1,1,0.0000,0.365,0,0.082,2,0.884,0,0,yolo,113.4,yolo,2,2,0,0.000,0,-1,0
1785568424.325,11.867,-2.757,17.482,0.9775,-2.133,1.132,-12.000,0.2392,7.760,3.177,0.189,1.000,22.263,14.000,-0.1125,0.1229,-1.260,-1.260,0.774,1.488,1.200,-1.625,0.0006,1.211,nan,0.00,1,1,1,0.0000,0.365,0,0.082,2,0.884,0,0,yolo,113.4,yolo,2,2,0,0.000,0,-1,0
1785568424.356,12.036,-2.861,18.494,0.9768,-1.964,1.257,-12.000,0.2558,7.760,3.177,0.189,1.000,22.263,14.000,-0.0602,0.1902,-1.208,-1.208,0.841,1.481,1.200,-1.604,0.0006,1.234,nan,0.00,1,1,1,0.0000,0.183,0,0.083,2,0.872,0,0,yolo,113.4,yolo,2,2,0,0.000,0,-1,0
1785568424.393,12.036,-2.861,18.494,0.9768,-1.964,1.349,-12.000,0.2725,7.832,2.767,0.052,1.000,19.455,14.000,2.8795,1.6244,-1.208,-1.018,0.841,1.481,1.200,-1.512,0.0006,1.018,nan,0.00,1,1,1,0.0000,0.366,0,0.083,2,0.872,1,0,yolo,104.4,yolo,2,2,0,0.000,0,-1,0
1785568424.425,12.187,-2.957,19.496,0.9762,-1.813,1.442,-12.000,0.2710,7.832,2.767,0.052,1.000,19.455,14.000,-0.1377,0.0662,-1.155,-1.155,0.907,1.476,1.200,-1.515,0.0006,1.038,nan,0.00,1,1,1,0.0000,0.365,0,0.081,2,0.863,1,0,yolo,104.4,yolo,2,2,0,0.000,0,-1,0
1785568424.451,12.348,-3.055,20.599,0.9755,-1.652,1.544,-12.000,0.2712,7.832,2.767,0.052,1.000,19.455,14.000,-0.0790,0.1254,-1.097,-1.097,0.966,1.472,1.200,-1.511,0.0006,1.058,nan,0.00,1,1,1,0.0000,0.370,0,0.088,2,0.885,0,0,yolo,104.4,yolo,2,2,0,0.000,0,-1,0
1785568424.486,12.468,-3.134,21.675,0.9750,-1.532,1.515,-12.000,0.2879,7.882,2.322,-0.051,1.000,16.413,14.000,3.1380,1.3222,-1.040,-0.858,1.006,1.469,1.249,-1.620,0.0005,0.882,nan,0.00,1,1,1,0.0000,0.370,0,0.088,2,0.885,3,0,yolo,105.4,yolo,2,2,0,0.000,0,-1,0
1785568424.513,12.571,-3.217,22.714,0.9745,-1.429,1.629,-12.000,0.2713,7.882,2.322,-0.051,1.000,16.413,14.000,-0.1263,0.0190,-0.984,-0.984,1.025,1.467,1.247,-1.588,0.0004,0.898,nan,0.00,1,1,1,0.0000,0.174,0,0.060,2,0.839,0,0,yolo,105.4,yolo,2,2,0,0.000,0,-1,0
1785568424.549,12.571,-3.217,22.714,0.9745,-1.429,1.670,-12.000,0.2712,7.882,2.322,-0.051,1.000,16.413,14.000,-0.1263,0.0190,-0.984,-0.984,1.025,1.467,1.247,-1.546,0.0003,0.898,nan,0.00,1,1,1,0.0000,0.356,0,0.069,2,0.806,0,0,yolo,105.4,yolo,2,2,0,0.000,0,-1,0
1785568424.591,12.737,-3.354,24.664,0.9737,0.071,1.514,-12.000,0.2879,7.854,1.896,-0.099,1.000,13.570,-13.459,8.2243,2.0000,-0.881,0.600,1.024,1.466,1.374,-1.840,0.0002,0.780,nan,0.00,1,1,1,0.0000,0.356,0,0.069,2,0.806,0,0,yolo,102.8,yolo,2,2,0,0.000,0,-1,0
1785568424.627,12.675,-3.441,25.719,0.9739,-1.325,1.659,-12.000,0.2712,7.854,1.896,-0.099,1.000,13.570,14.000,-1.4278,-0.0132,-0.828,-0.828,1.011,1.468,1.370,-1.782,0.0002,0.790,nan,0.00,1,1,1,0.0000,0.569,0,0.099,3,0.776,1,0,yolo,102.8,yolo,2,2,0,0.000,0,-1,0
1785568424.662,12.675,-3.441,25.719,0.9739,-1.325,1.667,-12.000,0.2712,7.854,1.896,-0.099,1.000,13.570,14.000,-1.4278,-0.0132,-0.828,-0.828,1.011,1.468,1.370,-1.774,0.0001,0.790,nan,0.00,1,1,1,0.0000,0.385,0,0.107,1,0.736,0,0,yolo,102.8,yolo,2,2,0,0.000,0,-1,0
1785568424.702,12.790,-3.532,27.035,0.9733,0.175,1.150,-10.500,0.2878,7.831,1.402,-0.214,1.000,10.152,-2.908,4.6712,2.0000,-0.759,0.461,0.995,1.472,1.636,-2.381,0.0000,0.584,nan,0.00,1,1,1,0.0000,0.385,0,0.107,1,0.736,0,0,yolo,103.3,yolo,2,2,0,0.000,0,-1,0
1785568424.732,12.859,-3.611,28.139,0.9730,-1.141,1.308,-10.152,0.2713,7.831,1.402,-0.214,1.000,10.152,14.000,-1.1624,-0.0067,-0.701,-0.701,0.988,1.477,1.628,-2.302,-0.0000,0.596,nan,0.00,1,1,1,0.0000,0.550,0,0.175,1,0.659,0,0,yolo,103.3,yolo,2,2,0,0.000,0,-1,0
1785568424.764,12.876,-3.708,29.238,0.9728,-1.124,1.520,-10.152,0.2713,7.831,1.402,-0.214,1.000,10.152,14.000,-1.1011,-0.0137,-0.640,-0.640,0.981,1.486,1.619,-2.188,-0.0001,0.610,nan,0.00,1,1,1,0.0000,0.550,0,0.175,1,0.659,0,0,yolo,103.3,yolo,2,2,0,0.000,0,-1,0
1785568424.796,12.939,-3.754,30.146,0.9725,0.376,1.254,-8.652,0.2879,7.766,0.856,-0.214,1.000,6.293,-8.414,3.9232,0.8827,-0.578,0.413,0.980,1.496,1.939,-2.500,-0.0001,0.492,nan,0.00,1,1,1,0.0000,0.800,0,0.197,3,0.588,0,0,yolo,99.9,yolo,2,2,0,0.000,0,-1,0
1785568424.834,12.939,-3.754,30.146,0.9725,-1.061,1.254,-7.152,0.2713,7.766,0.856,-0.214,1.000,6.293,14.000,-0.9909,0.0000,-0.578,-0.578,0.980,1.496,1.939,-2.500,-0.0002,0.492,nan,-5.09,1,1,1,-0.1776,0.750,1,0.334,3,0.275,0,0,yolo,99.9,yolo,2,2,0,0.000,0,-1,0
1785568424.874,12.830,-3.815,31.028,0.9729,0.439,1.315,-5.652,0.2879,7.751,0.272,-0.262,1.000,2.013,-14.000,5.7899,1.7104,-0.513,0.638,0.970,1.511,2.129,-2.500,-0.0002,0.321,nan,0.00,1,1,1,0.0000,0.786,0,0.404,4,0.248,0,0,yolo,99.9,yolo,2,2,0,0.000,0,-1,0
1785568424.910,12.898,-3.832,31.628,0.9726,-1.061,1.332,-4.152,0.2713,7.751,0.272,-0.262,1.000,2.013,14.000,-1.0896,-0.0109,-0.452,-0.452,0.959,1.525,2.126,-2.500,-0.0003,0.324,nan,0.00,1,1,1,0.0000,0.786,0,0.404,4,0.248,1,0,yolo,99.9,yolo,2,2,0,0.000,0,-1,0
1785568424.936,12.829,-3.812,32.114,0.9729,-1.171,1.312,-2.652,0.2711,7.751,0.272,-0.262,1.000,2.013,14.000,-1.0267,-0.0261,-0.389,-0.389,0.944,1.541,2.129,-2.500,-0.0003,0.321,nan,0.00,1,1,1,0.0000,0.786,0,0.418,4,0.218,0,0,yolo,99.9,yolo,2,2,0,0.000,0,-1,0
1785568424.977,12.908,-3.755,32.379,0.9726,0.329,1.255,-1.152,0.2877,7.698,-0.261,-0.293,1.000,-1.945,-14.000,5.3171,1.5972,-0.325,1.037,0.930,1.557,2.200,-2.500,-0.0003,0.161,nan,0.00,1,1,1,0.0000,0.786,0,0.436,4,0.182,0,0,yolo,97.1,yolo,2,2,0,0.000,0,-1,0
1785568425.015,12.890,-3.661,32.470,0.9728,1.829,1.161,0.348,0.2711,7.698,-0.261,-0.293,1.000,-1.945,4.463,-1.2930,-0.0200,-0.256,-0.256,0.910,1.574,2.200,-2.500,-0.0003,0.148,nan,0.00,1,1,1,0.0000,0.786,0,0.436,4,0.182,0,0,yolo,97.1,yolo,2,2,0,0.000,0,-1,0
1785568425.047,12.699,-3.537,32.448,0.9737,3.329,1.037,1.848,0.2708,7.698,-0.261,-0.293,1.000,-1.945,3.238,-1.2172,-0.0356,-0.180,-0.180,0.895,1.592,2.200,-2.500,-0.0003,0.132,nan,0.00,1,1,1,0.0000,0.393,0,0.436,4,0.192,0,0,yolo,97.1,yolo,2,2,0,0.000,0,-1,0
1785568425.079,12.404,-3.411,32.327,0.9749,4.829,0.911,3.348,0.2875,7.530,-0.790,-0.297,1.000,-5.985,-14.000,3.9830,1.0752,-0.111,1.289,0.883,1.610,2.200,-2.500,-0.0003,-0.011,nan,0.00,1,1,1,0.0000,0.786,0,0.436,4,0.192,3,0,yolo,97.9,yolo,2,2,0,0.000,0,-1,0
1785568425.111,12.404,-3.411,32.327,0.9749,6.329,0.911,4.848,0.2708,7.530,-0.790,-0.297,1.000,-5.985,-6.712,-1.3995,0.0000,-0.111,-0.111,0.883,1.610,2.200,-2.500,-0.0003,-0.011,nan,0.00,1,1,1,0.0000,0.643,0,0.434,2,0.224,0,0,yolo,97.9,yolo,2,2,0,0.000,0,-1,0
1785568425.141,11.977,-3.270,32.076,0.9766,7.829,0.770,5.985,0.2702,7.530,-0.790,-0.297,1.000,-5.985,-7.808,-1.3323,-0.0119,-0.044,-0.044,0.871,1.626,2.200,-2.500,-0.0003,-0.024,nan,0.00,1,1,1,0.0000,0.643,0,0.434,2,0.224,0,0,yolo,97.9,yolo,2,2,0,0.000,0,-1,0
1785568425.169,11.481,-3.122,31.738,0.9785,9.329,0.834,7.485,0.2868,7.380,-1.182,-0.295,1.000,-9.101,-14.000,7.7286,2.0000,0.015,2.539,0.858,1.640,1.942,-2.289,-0.0003,-0.121,nan,0.00,1,1,1,0.0000,0.643,0,0.435,2,0.242,0,0,yolo,91.1,yolo,2,2,0,0.000,0,-1,0
1785568425.202,10.785,-2.952,31.244,0.9810,10.829,0.707,8.985,0.2725,7.380,-1.182,-0.295,1.000,-9.101,-11.309,-2.4624,-0.0068,0.077,0.077,0.852,1.653,1.942,-2.246,-0.0003,-0.130,nan,-8.00,1,1,1,-0.5689,0.750,1,0.383,3,0.255,0,0,yolo,91.1,yolo,2,2,0,0.000,0,-1,0
1785568425.243,9.922,-2.784,30.622,0.9839,12.329,0.540,9.101,0.2714,7.380,-1.182,-0.295,1.000,-9.101,-12.149,-2.4110,-0.0153,0.128,0.128,0.843,1.664,1.942,-2.245,-0.0003,-0.135,nan,0.00,1,1,1,-0.4598,0.375,1,0.378,3,0.266,1,0,yolo,91.1,yolo,2,2,0,0.000,0,-1,0
1785568425.283,8.960,-2.579,29.817,0.9868,13.829,0.932,10.601,0.2881,7.239,-1.538,-0.291,1.000,-11.996,-14.000,3.6587,0.6595,0.182,2.252,0.829,1.674,1.700,-1.647,-0.0003,-0.201,nan,0.00,1,1,1,0.0000,0.750,0,0.370,3,0.273,0,0,yolo,100.6,yolo,2,2,0,0.000,0,-1,0
1785568425.315,7.911,-2.422,29.098,0.9896,15.329,0.755,12.101,0.2719,7.239,-1.538,-0.291,1.000,-11.996,-14.000,-2.0294,-0.0101,0.223,0.223,0.819,1.682,1.700,-1.667,-0.0003,-0.194,nan,-8.00,1,1,1,-0.7069,0.750,1,0.354,3,0.278,0,0,yolo,100.6,yolo,2,2,0,0.000,0,-1,0
1785568425.347,6.629,-2.267,28.274,0.9925,16.829,0.580,13.601,0.2702,7.239,-1.538,-0.291,1.000,-11.996,-14.000,-1.9937,-0.0223,0.259,0.259,0.807,1.689,1.700,-1.686,-0.0002,-0.180,nan,-8.00,1,1,1,-0.7069,0.750,1,0.354,3,0.278,0,0,yolo,100.6,yolo,2,2,0,0.000,0,-1,0
1785568425.379,5.084,-2.090,27.063,0.9954,18.329,0.862,15.101,0.2868,7.145,-1.844,-0.312,1.000,-14.471,-14.000,4.6294,0.5011,0.290,2.209,0.790,1.692,1.494,-1.228,-0.0002,-0.213,nan,-8.00,1,1,1,-0.7069,0.750,1,0.354,3,0.278,0,0,yolo,100.5,yolo,2,2,0,0.000,0,-1,0
1785568425.409,3.398,-1.915,25.763,0.9977,17.398,0.616,13.601,0.2702,7.145,-1.844,-0.312,1.000,-14.471,-14.000,-1.8991,-0.0210,0.310,0.310,0.769,1.693,1.494,-1.299,-0.0002,-0.182,nan,0.00,1,1,1,0.0000,0.750,0,0.342,3,0.271,0,0,yolo,100.5,yolo,2,2,0,0.000,0,-1,0
1785568425.446,1.943,-1.802,24.661,0.9989,15.943,0.448,12.101,0.2668,7.145,-1.844,-0.312,1.000,-14.471,-14.000,-1.8912,-0.0408,0.318,0.318,0.749,1.694,1.494,-1.353,-0.0002,-0.150,nan,0.00,1,1,1,0.0000,0.750,0,0.342,3,0.271,2,0,yolo,100.5,yolo,2,2,0,0.000,0,-1,0
1785568425.488,0.492,-1.736,23.661,0.9995,14.492,0.778,13.601,0.2569,6.898,-2.040,-0.303,1.000,-16.477,-14.000,1.4490,-0.2317,0.311,1.675,0.733,1.695,1.327,-0.958,-0.0002,-0.111,nan,-8.00,1,1,1,-0.5615,0.700,1,0.310,2,0.242,0,0,yolo,95.4,yolo,2,2,0,0.000,0,-1,0
1785568425.520,-0.982,-1.690,22.613,0.9994,13.018,0.719,12.101,0.2656,6.898,-2.040,-0.303,1.000,-16.477,-14.000,-1.3782,-0.0063,0.296,0.296,0.727,1.697,1.327,-0.971,-0.0002,-0.064,nan,0.00,1,1,1,0.0000,0.667,0,0.347,2,0.216,0,0,yolo,95.4,yolo,2,2,0,0.000,0,-1,0
1785568425.550,-0.999,-1.689,22.599,0.9994,13.001,0.687,12.000,0.2656,6.898,-2.040,-0.303,1.000,-16.477,-14.000,-1.3783,-0.0062,0.296,0.296,0.727,1.697,1.327,-1.002,-0.0002,-0.064,nan,0.00,1,1,1,0.0000,0.667,0,0.347,2,0.216,0,0,yolo,95.4,yolo,2,2,0,0.000,0,-1,0
1785568425.581,-2.118,-1.648,21.569,0.9989,11.882,0.880,12.000,0.2823,6.772,-2.154,-0.389,1.000,-17.642,-14.000,1.3769,0.5021,0.282,1.295,0.742,1.698,1.230,-0.768,-0.0001,-0.114,nan,0.00,1,1,1,0.0000,0.750,0,0.331,3,0.175,0,0,yolo,101.8,yolo,2,2,0,0.000,0,-1,0
1785568425.612,-3.222,-1.611,20.572,0.9980,10.778,0.846,12.000,0.2674,6.772,-2.154,-0.389,1.000,-17.642,-14.000,-1.0370,0.0157,0.258,0.258,0.757,1.700,1.230,-0.765,-0.0001,-0.076,nan,0.00,1,1,1,0.0000,0.750,0,0.331,3,0.175,0,0,yolo,101.8,yolo,2,2,0,0.000,0,-1,0
1785568425.643,-4.205,-1.597,19.588,0.9969,9.795,0.841,13.500,0.2671,6.772,-2.154,-0.389,1.000,-17.642,-14.000,-1.0655,0.0270,0.229,0.229,0.769,1.702,1.230,-0.756,-0.0001,-0.041,nan,-8.00,1,1,1,-0.9171,0.700,1,0.294,2,0.083,0,0,yolo,101.8,yolo,2,2,0,0.000,0,-1,0
1785568425.674,-5.104,-1.614,18.455,0.9956,8.896,0.941,15.000,0.2838,6.707,-2.205,-0.476,1.000,-18.198,-14.000,0.9769,0.7271,0.199,0.959,0.776,1.704,1.200,-0.672,-0.0001,-0.089,nan,-8.00,1,1,1,-0.9171,0.700,1,0.294,2,0.083,0,0,yolo,97.5,yolo,2,2,0,0.000,0,-1,0
1785568425.706,-5.104,-1.614,18.455,0.9956,8.896,0.921,16.500,0.2677,6.707,-2.205,-0.476,1.000,-18.198,-14.000,-0.7597,0.0000,0.199,0.199,0.776,1.704,1.200,-0.693,-0.0001,-0.089,nan,-8.00,1,1,1,-0.8904,0.583,1,0.353,1,0.158,0,0,yolo,97.5,yolo,2,2,0,0.000,0,-1,0
1785568425.737,-5.986,-1.655,17.043,0.9941,8.014,0.980,18.000,0.2666,6.707,-2.205,-0.476,1.000,-18.198,-14.000,-0.7909,-0.0077,0.168,0.168,0.768,1.706,1.200,-0.675,-0.0001,-0.050,nan,-8.00,1,1,1,-0.8704,0.583,1,0.353,1,0.158,0,0,yolo,97.5,yolo,2,2,0,0.000,0,-1,0
1785568425.768,-6.736,-1.743,15.437,0.9926,7.264,1.088,19.500,0.2833,6.694,-2.188,-0.621,1.000,-18.099,-14.000,-0.1154,1.0659,0.143,0.607,0.759,1.709,1.200,-0.655,-0.0001,-0.156,nan,-8.00,1,1,1,-0.8550,0.583,1,0.347,1,0.129,0,0,yolo,96.0,yolo,2,2,0,0.000,0,-1,0
1785568425.799,-7.377,-1.851,13.752,0.9912,6.623,1.221,20.000,0.2694,6.694,-2.188,-0.621,1.000,-18.099,-14.000,-0.4859,-0.0088,0.121,0.121,0.750,1.713,1.200,-0.630,-0.0001,-0.119,nan,-8.00,1,1,1,-0.8435,0.583,1,0.347,1,0.129,0,0,yolo,96.0,yolo,2,2,0,0.000,0,-1,0
1785568425.832,-7.928,-1.963,12.114,0.9899,6.072,1.368,20.000,0.2685,6.694,-2.188,-0.621,1.000,-18.099,-14.000,-0.5071,-0.0157,0.100,0.100,0.744,1.717,1.200,-0.595,-0.0001,-0.084,nan,-8.00,1,1,1,-0.8703,0.643,1,0.395,2,0.051,0,0,yolo,96.0,yolo,2,2,0,0.000,0,-1,0
1785568425.860,-7.928,-1.963,12.114,0.9899,6.072,1.253,20.000,0.2851,6.713,-2.131,-0.790,1.000,-17.610,-14.000,-0.8601,2.0000,0.100,0.279,0.744,1.717,1.232,-0.709,-0.0000,-0.259,nan,-8.00,1,1,1,-0.8904,0.643,1,0.395,2,0.051,0,0,yolo,95.1,yolo,2,2,0,0.000,0,-1,0
1785568425.898,-8.496,-2.090,10.266,0.9884,5.504,1.447,20.000,0.2735,6.713,-2.131,-0.790,1.000,-17.610,-14.000,-0.2066,-0.0064,0.073,0.073,0.737,1.724,1.233,-0.643,-0.0000,-0.222,nan,-8.00,1,1,1,-0.9124,0.667,1,0.365,2,-0.014,0,0,yolo,95.1,yolo,2,2,0,0.000,0,-1,0
1785568425.928,-9.063,-2.244,8.205,0.9868,4.937,1.693,20.000,0.2726,6.713,-2.131,-0.790,1.000,-17.610,-14.000,-0.2396,-0.0101,0.040,0.040,0.733,1.734,1.233,-0.551,-0.0000,-0.181,nan,-8.00,1,1,1,-0.9289,0.667,1,0.365,2,-0.014,1,0,yolo,95.1,yolo,2,2,0,0.000,0,-1,0
1785568425.970,-9.503,-2.373,6.366,0.9854,4.497,1.762,20.000,0.2893,6.740,-2.043,-0.942,1.000,-16.864,-14.000,-0.6585,0.9795,0.010,0.056,0.727,1.744,1.289,-0.611,0.0000,-0.312,nan,-8.00,1,1,1,-0.9540,0.667,1,0.369,2,-0.040,0,0,yolo,92.1,yolo,2,2,0,0.000,0,-1,0
1785568426.001,-9.911,-2.514,4.464,0.9841,4.089,1.991,20.000,0.2765,6.740,-2.043,-0.942,1.000,-16.864,-14.000,-0.0787,-0.0084,-0.022,-0.022,0.719,1.757,1.292,-0.522,0.0001,-0.280,nan,-8.00,1,1,1,-0.9576,0.643,1,0.430,2,-0.068,0,0,yolo,92.1,yolo,2,2,0,0.000,0,-1,0
1785568426.033,-10.262,-2.641,2.590,0.9830,3.738,2.210,20.000,0.2754,6.740,-2.043,-0.942,1.000,-16.864,-14.000,-0.1110,-0.0208,-0.055,-0.055,0.706,1.772,1.295,-0.431,0.0001,-0.252,nan,-8.00,1,1,1,-0.9602,0.643,1,0.430,2,-0.068,0,0,yolo,92.1,yolo,2,2,0,0.000,0,-1,0
1785568426.069,-10.262,-2.641,2.590,0.9830,3.738,1.855,20.000,0.2920,6.794,-1.842,-1.097,1.000,-15.171,-14.000,-1.5052,1.3956,-0.055,-0.211,0.706,1.772,1.391,-0.786,0.0001,-0.438,nan,-8.00,1,1,1,-0.9644,0.643,1,0.439,2,-0.106,0,0,yolo,100.2,yolo,2,2,0,0.000,0,-1,0
1785568426.096,-10.559,-2.753,0.793,0.9819,3.441,2.081,20.000,0.2809,6.794,-1.842,-1.097,1.000,-15.171,-14.000,0.1254,-0.0159,-0.086,-0.086,0.690,1.787,1.397,-0.673,0.0002,-0.414,nan,-8.00,1,1,1,-0.9644,0.643,1,0.439,2,-0.106,0,0,yolo,100.2,yolo,2,2,0,0.000,0,-1,0
1785568426.132,-10.826,-2.890,-1.020,0.9810,3.174,2.335,20.000,0.2796,6.794,-1.842,-1.097,1.000,-15.171,-14.000,0.0942,-0.0347,-0.117,-0.117,0.672,1.805,1.403,-0.555,0.0002,-0.388,nan,-8.00,1,1,1,-0.9667,0.625,1,0.502,2,-0.126,0,0,yolo,100.2,yolo,2,2,0,0.000,0,-1,0
1785568426.176,-11.063,-3.008,-2.859,0.9801,2.937,2.412,20.000,0.2963,6.832,-1.646,-1.215,1.000,-13.545,-14.000,-2.9086,1.9343,-0.148,0.132,0.650,1.825,1.472,-0.596,0.0003,-0.517,nan,-8.00,1,1,1,-0.9660,0.625,1,0.502,2,-0.126,0,0,yolo,99.5,yolo,2,2,0,0.000,0,-1,0
1785568426.206,-11.275,-3.126,-4.708,0.9792,2.725,2.644,20.000,0.2840,6.832,-1.646,-1.215,1.000,-13.545,-14.000,-0.3109,-0.0250,-0.179,-0.179,0.625,1.847,1.480,-0.482,0.0003,-0.496,nan,-8.00,1,1,1,-0.9657,0.625,1,0.508,2,-0.121,0,0,yolo,99.5,yolo,2,2,0,0.000,0,-1,0
1785568426.237,-11.275,-3.126,-4.708,0.9792,1.225,2.242,18.500,0.3006,6.811,-1.227,-1.320,1.000,-10.215,14.000,-7.1327,2.0000,-0.179,-0.975,0.625,1.847,1.569,-0.884,0.0004,-0.682,nan,-8.00,1,1,1,-0.9655,0.625,1,0.508,2,-0.121,0,0,yolo,98.7,yolo,2,2,0,0.000,0,-1,0
1785568426.269,-11.456,-3.228,-6.543,0.9785,2.544,2.499,18.215,0.2893,6.811,-1.227,-1.320,1.000,-10.215,-14.000,0.7659,-0.0283,-0.209,-0.209,0.596,1.870,1.579,-0.729,0.0004,-0.665,nan,-8.00,1,1,1,-0.9632,0.625,1,0.516,2,-0.097,0,0,yolo,98.7,yolo,2,2,0,0.000,0,-1,0
1785568426.301,-11.491,-3.335,-8.077,0.9783,2.509,2.720,18.215,0.2875,6.811,-1.227,-1.320,1.000,-10.215,-14.000,0.7380,-0.0628,-0.237,-0.237,0.562,1.892,1.588,-0.615,0.0005,-0.651,nan,-8.00,1,1,1,-0.9614,0.625,1,0.516,2,-0.097,0,0,yolo,98.7,yolo,2,2,0,0.000,0,-1,0
1785568426.332,-11.650,-3.391,-9.615,0.9777,2.350,2.896,18.215,0.2855,6.811,-1.227,-1.320,1.000,-10.215,-14.000,0.7055,-0.1034,-0.269,-0.269,0.521,1.917,1.595,-0.495,0.0006,-0.641,nan,-8.00,1,1,1,-0.9584,0.611,1,0.568,2,-0.136,0,0,yolo,98.7,yolo,2,2,0,0.000,0,-1,0
1785568426.363,-11.789,-3.439,-11.182,0.9771,0.850,3.027,16.715,0.3022,6.839,-0.963,-1.390,1.000,-8.012,2.552,-1.9723,0.8322,-0.301,-1.022,0.480,1.943,1.615,-0.411,0.0006,-0.752,nan,-8.00,1,1,1,-0.9561,0.611,1,0.568,2,-0.136,0,0,yolo,99.7,yolo,2,2,0,0.000,0,-1,0
1785568426.394,-11.775,-3.456,-12.829,0.9772,2.225,3.203,16.012,0.2916,6.839,-0.963,-1.390,1.000,-8.012,-14.000,0.6852,-0.0498,-0.337,-0.337,0.430,1.972,1.616,-0.253,0.0007,-0.750,nan,-8.00,1,1,1,-0.9574,0.611,1,0.567,2,-0.139,0,0,yolo,99.7,yolo,2,2,0,0.000,0,-1,0
1785568426.426,-11.775,-3.456,-12.829,0.9772,2.225,2.946,16.012,0.2917,6.839,-0.963,-1.390,1.000,-8.012,-14.000,0.6852,-0.0498,-0.337,-0.337,0.430,1.972,1.616,-0.510,0.0008,-0.750,nan,-8.00,1,1,1,-0.9583,0.611,1,0.567,2,-0.139,0,0,yolo,99.7,yolo,2,2,0,0.000,0,-1,0
1785568426.457,-11.937,-3.436,-14.308,0.9766,0.725,3.243,14.512,0.3084,6.826,-0.606,-1.447,1.000,-5.075,3.960,-2.0993,0.7726,-0.376,-0.491,0.379,2.001,1.571,-0.193,0.0009,-0.879,nan,-8.00,1,1,1,-0.9602,0.625,1,0.513,2,-0.153,0,0,yolo,105.0,yolo,2,2,0,0.000,0,-1,0
1785568426.487,-11.921,-3.386,-15.721,0.9767,-0.775,3.389,13.075,0.2958,6.826,-0.606,-1.447,1.000,-5.075,-7.794,0.0716,-0.0574,-0.419,-0.419,0.322,2.031,1.565,0.003,0.0010,-0.885,nan,-8.00,1,1,1,-0.9616,0.625,1,0.513,2,-0.153,0,0,yolo,105.0,yolo,2,2,0,0.000,0,-1,0
1785568426.517,-11.900,-3.335,-17.005,0.9769,-2.275,3.478,13.075,0.2934,6.826,-0.606,-1.447,1.000,-5.075,-7.150,0.0350,-0.1157,-0.456,-0.456,0.264,2.059,1.559,0.143,0.0011,-0.891,nan,-8.00,1,1,1,-0.9616,0.625,1,0.513,2,-0.153,0,0,yolo,105.0,yolo,2,2,0,0.000,0,-1,0
1785568426.556,-11.900,-3.335,-17.005,0.9769,-3.775,3.556,11.575,0.3100,6.739,-0.134,-1.483,1.000,-1.138,14.000,-7.0571,2.0000,-0.456,-1.958,0.264,2.059,1.421,0.221,0.0011,-1.029,nan,-8.00,1,1,1,-0.9646,0.625,1,0.503,2,-0.153,0,0,yolo,98.0,yolo,2,2,0,0.000,0,-1,0
1785568426.596,-11.614,-3.231,-18.187,0.9780,-5.275,3.675,10.075,0.3001,6.739,-0.134,-1.483,1.000,-1.138,-3.863,1.4640,-0.0644,-0.494,-0.494,0.199,2.088,1.406,0.444,0.0011,-1.044,nan,-8.00,1,1,1,-0.9675,0.625,1,0.500,2,-0.155,0,0,yolo,98.0,yolo,2,2,0,0.000,0,-1,0
1785568426.628,-11.155,-3.082,-19.357,0.9797,-6.775,3.747,9.138,0.2967,6.739,-0.134,-1.483,1.000,-1.138,-3.145,1.4235,-0.1407,-0.535,-0.535,0.123,2.117,1.385,0.665,0.0011,-1.065,nan,-8.00,1,1,1,-0.9710,0.625,1,0.499,2,-0.155,0,0,yolo,98.0,yolo,2,2,0,0.000,0,-1,0
1785568426.660,-10.358,-2.845,-20.281,0.9825,-8.275,3.855,7.638,0.3134,6.675,0.193,-1.482,1.000,1.653,14.000,-2.4387,0.7034,-0.580,-1.468,0.046,2.144,1.291,1.010,0.0011,-1.159,nan,-8.00,1,1,1,-0.9747,0.625,1,0.499,2,-0.144,0,0,yolo,103.0,yolo,2,2,0,0.000,0,-1,0
1785568426.692,-9.539,-2.586,-20.965,0.9852,-9.775,3.709,6.347,0.3019,6.675,0.193,-1.482,1.000,1.653,7.874,0.8467,-0.0734,-0.622,-0.622,-0.027,2.166,1.260,1.123,0.0011,-1.190,nan,-8.00,1,1,1,-0.9775,0.625,1,0.499,2,-0.144,0,0,yolo,103.0,yolo,2,2,0,0.000,0,-1,0
1785568426.722,-8.592,-2.324,-21.550,0.9880,-11.275,3.537,6.347,0.2985,6.675,0.193,-1.482,1.000,1.653,8.554,0.8084,-0.1504,-0.660,-0.660,-0.104,2.187,1.228,1.213,0.0011,-1.222,nan,-8.00,1,1,1,-0.9824,0.643,1,0.452,2,-0.134,0,0,yolo,103.0,yolo,2,2,0,0.000,0,-1,0
1785568426.754,-8.592,-2.324,-21.550,0.9880,-12.775,3.036,5.730,0.2819,5.988,0.240,-1.343,0.998,2.299,14.000,-0.6747,-1.0212,-0.660,-1.191,-0.104,2.187,1.330,0.713,0.0011,-1.120,nan,-8.00,1,1,1,-0.9942,0.625,1,0.480,2,-0.058,0,0,yolo,105.6,yolo,2,2,0,0.000,0,-1,0
1785568426.785,-7.262,-2.070,-22.134,0.9913,-14.275,2.949,5.718,0.2985,5.988,0.240,-1.343,0.998,2.299,13.184,0.4944,-0.0781,-0.696,-0.696,-0.182,2.207,1.305,0.879,0.0011,-1.145,nan,-8.00,1,1,1,-1.0030,0.625,1,0.480,2,-0.058,0,0,yolo,105.6,yolo,2,2,0,0.000,0,-1,0
1785568426.816,-5.551,-1.784,-22.771,0.9948,-15.775,2.829,5.708,0.2953,5.988,0.240,-1.343,0.998,2.299,13.700,0.4675,-0.1434,-0.723,-0.723,-0.247,2.229,1.277,1.045,0.0011,-1.173,nan,-8.00,1,1,1,-1.0053,0.562,1,0.474,1,-0.039,0,0,yolo,105.6,yolo,2,2,0,0.000,0,-1,0
1785568426.852,-5.551,-1.784,-22.771,0.9948,-17.275,2.414,4.522,0.2786,5.529,0.343,-1.232,0.922,3.550,14.000,-1.2081,-0.8603,-0.723,-0.927,-0.247,2.229,1.363,0.630,0.0011,-1.087,nan,-8.00,1,1,1,-1.0071,0.562,1,0.474,1,-0.039,1,0,yolo,100.5,yolo,2,2,0,0.000,0,-1,0
1785568426.902,-2.207,-1.317,-23.786,0.9990,-16.207,2.304,3.022,0.2951,5.529,0.343,-1.232,0.922,3.550,14.000,0.1881,-0.0838,-0.739,-0.739,-0.331,2.260,1.333,0.987,0.0011,-1.117,nan,0.00,1,1,1,0.0000,0.571,0,0.415,1,-0.029,0,0,yolo,100.5,yolo,2,2,0,0.000,0,-1,0
1785568426.942,-0.654,-1.101,-24.052,0.9998,-14.707,2.054,1.522,0.2933,5.529,0.343,-1.232,0.922,3.550,14.000,0.1900,-0.1259,-0.737,-0.737,-0.373,2.270,1.321,0.953,0.0011,-1.129,nan,0.00,1,1,1,0.0000,0.571,0,0.415,1,-0.029,0,0,yolo,100.5,yolo,2,2,0,0.000,0,-1,0
1785568426.974,0.670,-0.914,-24.174,0.9998,-13.330,1.577,0.022,0.2767,5.217,0.420,-1.135,0.869,4.607,14.000,-0.7218,-0.6223,-0.732,-0.799,-0.411,2.277,1.404,0.664,0.0011,-1.046,nan,0.00,1,1,1,0.0000,0.571,0,0.416,1,0.041,0,0,yolo,103.5,yolo,2,2,0,0.000,0,-1,0
1785568427.001,0.670,-0.914,-24.174,0.9998,-13.330,1.433,-1.478,0.2933,5.217,0.420,-1.135,0.869,4.607,14.000,0.0671,0.0000,-0.732,-0.732,-0.411,2.277,1.404,0.520,0.0011,-1.046,nan,0.00,1,1,1,0.0000,0.571,0,0.416,1,0.041,0,0,yolo,103.5,yolo,2,2,0,0.000,0,-1,0
1785568427.038,1.980,-0.781,-24.063,0.9993,-12.020,1.245,0.022,0.2949,5.217,0.420,-1.135,0.869,4.607,14.000,0.0731,-0.0393,-0.726,-0.726,-0.450,2.280,1.402,0.465,0.0011,-1.048,nan,-8.00,1,1,1,-1.1285,0.583,1,0.360,1,0.131,0,0,yolo,103.5,yolo,2,2,0,0.000,0,-1,0
1785568427.069,3.154,-0.660,-23.906,0.9984,-10.846,0.866,-1.478,0.2783,4.987,0.484,-1.054,0.831,5.547,14.000,-1.2264,-1.2048,-0.714,-0.797,-0.497,2.282,1.481,0.207,0.0012,-0.968,nan,0.00,1,1,1,-1.1285,0.583,1,0.360,1,0.131,0,0,yolo,98.7,yolo,2,2,0,0.000,0,-1,0
1785568427.106,4.119,-0.576,-23.863,0.9974,-9.881,0.746,-2.978,0.2929,4.987,0.484,-1.054,0.831,5.547,14.000,0.1018,-0.0463,-0.695,-0.695,-0.544,2.284,1.483,0.170,0.0012,-0.966,nan,0.00,1,1,1,0.0000,0.600,0,0.306,1,0.200,0,0,yolo,98.7,yolo,2,2,0,0.000,0,-1,0
1785568427.131,4.995,-0.526,-23.659,0.9962,-9.005,0.634,-4.478,0.2917,4.987,0.484,-1.054,0.831,5.547,14.000,0.1199,-0.0804,-0.677,-0.677,-0.578,2.284,1.487,0.108,0.0013,-0.962,nan,0.00,1,1,1,0.0000,0.600,0,0.306,1,0.200,0,0,yolo,98.7,yolo,2,2,0,0.000,0,-1,0
1785568427.168,5.816,-0.501,-23.276,0.9948,-8.184,0.522,-5.978,0.2789,4.974,0.610,-1.037,0.829,6.989,14.000,-1.2523,-0.3509,-0.659,-0.810,-0.611,2.282,1.495,0.022,0.0014,-0.927,nan,0.00,1,1,1,-0.8467,0.700,1,0.298,2,0.224,0,0,yolo,102.5,yolo,2,2,0,0.000,0,-1,0
1785568427.210,6.607,-0.505,-22.744,0.9933,-7.393,0.434,-7.156,0.2939,4.974,0.610,-1.037,0.829,6.989,14.000,0.1700,-0.0238,-0.640,-0.640,-0.634,2.278,1.505,-0.071,0.0015,-0.916,nan,0.00,1,1,1,0.0000,0.800,0,0.290,3,0.243,0,0,yolo,102.5,yolo,2,2,0,0.000,0,-1,0
1785568427.241,7.232,-0.529,-22.215,0.9920,-6.768,0.383,-7.133,0.2929,4.974,0.610,-1.037,0.829,6.989,14.000,0.1873,-0.0497,-0.623,-0.623,-0.660,2.274,1.514,-0.146,0.0016,-0.906,nan,0.00,1,1,1,0.0000,0.600,0,0.286,1,0.146,0,0,yolo,102.5,yolo,2,2,0,0.000,0,-1,0
1785568427.270,7.844,-0.568,-21.627,0.9906,-6.156,0.265,-7.211,0.2762,4.961,0.647,-0.985,0.827,7.435,14.000,-0.3862,-0.6786,-0.602,-0.683,-0.697,2.270,1.560,-0.303,0.0017,-0.838,nan,0.00,1,1,1,0.0000,0.600,0,0.286,1,0.146,0,0,yolo,104.9,yolo,2,2,0,0.000,0,-1,0
1785568427.304,7.844,-0.568,-21.627,0.9906,-6.156,0.289,-6.991,0.2929,4.961,0.647,-0.985,0.827,7.435,14.000,0.0818,0.0000,-0.602,-0.602,-0.697,2.270,1.560,-0.279,0.0018,-0.838,nan,0.00,1,1,1,0.0000,0.602,0,0.227,1,0.194,0,0,yolo,104.9,yolo,2,2,0,0.000,0,-1,0
1785568427.342,8.422,-0.624,-21.035,0.9892,-5.578,0.284,-6.826,0.2926,4.961,0.647,-0.985,0.827,7.435,14.000,0.1088,-0.0278,-0.575,-0.575,-0.724,2.266,1.571,-0.340,0.0019,-0.826,nan,0.00,1,1,1,0.0000,0.602,0,0.227,1,0.194,1,0,yolo,104.9,yolo,2,2,0,0.000,0,-1,0
1785568427.376,9.018,-0.682,-20.449,0.9876,-4.982,0.322,-7.130,0.2862,4.928,0.679,-0.981,0.821,7.841,14.000,-0.2619,-0.1658,-0.543,-0.568,-0.751,2.263,1.572,-0.360,0.0020,-0.804,nan,0.00,1,1,1,0.0000,0.715,0,0.220,2,0.210,1,0,yolo,102.4,yolo,2,2,0,0.000,0,-1,0
1785568427.420,9.568,-0.746,-19.864,0.9860,-4.432,0.355,-7.122,0.2923,4.928,0.679,-0.981,0.821,7.841,14.000,0.0623,-0.0347,-0.506,-0.506,-0.785,2.261,1.584,-0.391,0.0020,-0.790,nan,0.00,1,1,1,0.0000,0.106,0,0.157,0,0.393,0,0,yolo,102.4,yolo,2,2,0,0.000,0,-1,0
1785568427.460,10.031,-0.813,-19.291,0.9846,-3.969,0.402,-7.116,0.2910,4.928,0.679,-0.981,0.821,7.841,14.000,0.0998,-0.0653,-0.468,-0.468,-0.816,2.259,1.594,-0.410,0.0021,-0.778,nan,0.00,1,1,1,0.0000,0.301,0,0.126,1,0.585,0,0,yolo,102.4,yolo,2,2,0,0.000,0,-1,0
1785568427.491,10.461,-0.886,-18.678,0.9833,-3.539,0.286,-6.268,0.2743,4.914,0.619,-0.918,0.819,7.174,14.000,0.8584,-0.9496,-0.427,-0.477,-0.846,2.259,1.675,-0.600,0.0022,-0.714,nan,0.00,1,1,1,0.0000,0.301,0,0.126,1,0.585,0,0,yolo,106.0,yolo,2,2,0,0.000,0,-1,0
1785568427.523,10.861,-0.962,-18.046,0.9819,-3.139,0.357,-6.050,0.2907,4.914,0.619,-0.918,0.819,7.174,14.000,0.0969,-0.0412,-0.381,-0.381,-0.887,2.259,1.686,-0.605,0.0022,-0.702,nan,0.00,1,1,1,0.0000,0.470,0,0.095,2,0.532,0,0,yolo,106.0,yolo,2,2,0,0.000,0,-1,0
1785568427.554,11.179,-1.030,-17.497,0.9809,-2.821,0.438,-5.886,0.2889,4.914,0.619,-0.918,0.819,7.174,14.000,0.1501,-0.0829,-0.327,-0.327,-0.929,2.261,1.695,-0.592,0.0023,-0.692,nan,0.00,1,1,1,0.0000,0.470,0,0.095,2,0.532,0,0,yolo,106.0,yolo,2,2,0,0.000,0,-1,0
1785568427.585,11.462,-1.083,-17.007,0.9799,-2.471,0.288,-4.685,0.2758,4.905,0.514,-0.858,0.818,5.978,13.933,0.7678,-0.3447,-0.272,-0.344,-0.967,2.264,1.792,-0.795,0.0024,-0.646,nan,0.00,1,1,1,0.0000,0.477,0,0.102,2,0.568,0,0,yolo,101.5,yolo,2,2,0,0.000,0,-1,0
1785568427.610,11.462,-1.083,-17.007,0.9799,-2.538,0.280,-4.525,0.2917,4.905,0.514,-0.858,0.818,5.978,14.000,0.0722,0.0000,-0.272,-0.272,-0.967,2.264,1.792,-0.803,0.0024,-0.646,nan,0.00,1,1,1,0.0000,0.476,0,0.101,2,0.602,0,0,yolo,101.5,yolo,2,2,0,0.000,0,-1,0
1785568427.648,11.727,-1.140,-16.585,0.9789,-2.273,0.365,-4.406,0.2899,4.905,0.514,-0.858,0.818,5.978,14.000,0.1347,-0.0409,-0.209,-0.209,-1.008,2.268,1.800,-0.775,0.0025,-0.638,nan,0.00,1,1,1,0.0000,0.473,0,0.098,2,0.639,0,0,yolo,101.5,yolo,2,2,0,0.000,0,-1,0
1785568427.679,11.974,-1.180,-16.196,0.9780,-0.773,0.355,-2.995,0.2733,4.897,0.381,-0.792,0.816,4.453,1.555,1.9556,-0.6498,-0.140,-0.032,-1.049,2.273,1.842,-0.825,0.0026,-0.595,nan,0.00,1,1,1,0.0000,0.473,0,0.098,2,0.639,0,0,yolo,112.5,yolo,2,2,0,0.000,0,-1,0
1785568427.710,12.051,-1.204,-15.905,0.9777,0.727,0.420,-2.879,0.2898,4.897,0.381,-0.792,0.816,4.453,10.204,-0.0365,-0.0242,-0.068,-0.068,-1.074,2.279,1.844,-0.784,0.0026,-0.592,nan,0.00,1,1,1,0.0000,0.482,0,0.107,2,0.679,0,0,yolo,112.5,yolo,2,2,0,0.000,0,-1,0
1785568427.740,12.051,-1.204,-15.905,0.9777,1.847,0.381,-2.792,0.2898,4.897,0.381,-0.792,0.816,4.453,10.204,-0.0365,-0.0242,-0.068,-0.068,-1.074,2.279,1.844,-0.823,0.0027,-0.592,nan,0.00,1,1,1,0.0000,0.647,0,0.164,2,0.721,0,0,yolo,112.5,yolo,2,2,0,0.000,0,-1,0
1785568427.771,11.986,-1.210,-15.675,0.9780,3.145,0.442,-2.727,0.2889,4.897,0.381,-0.792,0.816,4.453,8.841,0.0379,-0.0449,0.006,0.006,-1.094,2.285,1.844,-0.768,0.0027,-0.592,nan,0.00,1,1,1,0.0000,0.647,0,0.164,2,0.721,0,0,yolo,112.5,yolo,2,2,0,0.000,0,-1,0
1785568427.803,11.912,-1.215,-15.444,0.9782,4.645,0.392,-1.431,0.2752,4.896,0.252,-0.722,0.816,2.945,-0.040,0.9665,-0.3141,0.080,0.147,-1.114,2.291,1.885,-0.823,0.0028,-0.550,nan,0.00,1,1,1,0.0000,0.407,0,0.133,1,0.766,0,0,yolo,116.3,yolo,2,2,0,0.000,0,-1,0
1785568427.834,11.467,-1.209,-15.287,0.9798,6.145,0.432,-1.383,0.2889,4.896,0.252,-0.722,0.816,2.945,3.654,0.0136,-0.0089,0.161,0.161,-1.123,2.298,1.882,-0.777,0.0029,-0.554,nan,0.00,1,1,1,0.0000,0.407,0,0.133,1,0.766,0,0,yolo,116.3,yolo,2,2,0,0.000,0,-1,0
1785568427.865,11.467,-1.209,-15.287,0.9798,7.645,0.377,-1.346,0.2890,4.896,0.252,-0.722,0.816,2.945,3.654,0.0136,-0.0089,0.161,0.161,-1.123,2.298,1.882,-0.831,0.0029,-0.554,nan,0.00,1,1,1,0.0000,0.422,0,0.152,1,0.835,0,0,yolo,116.3,yolo,2,2,0,0.000,0,-1,0
1785568427.896,10.859,-1.183,-15.187,0.9819,8.741,0.415,-1.319,0.2876,4.896,0.252,-0.722,0.816,2.945,2.118,0.0971,-0.0309,0.244,0.244,-1.145,2.304,1.875,-0.768,0.0030,-0.560,nan,0.00,1,1,1,0.0000,0.422,0,0.152,1,0.835,0,0,yolo,116.3,yolo,2,2,0,0.000,0,-1,0
1785568427.928,10.194,-1.158,-15.085,0.9840,10.241,0.495,-2.424,0.3043,5.324,0.218,-0.761,0.887,2.341,-0.338,0.4210,0.3212,0.320,0.256,-1.167,2.310,1.847,-0.663,0.0030,-0.603,nan,0.00,1,1,1,0.0000,0.260,0,0.145,2,0.835,0,0,yolo,103.1,yolo,2,2,0,0.000,0,-1,0
1785568427.960,9.128,-1.140,-14.863,0.9871,10.248,0.540,-3.182,0.2878,5.324,0.218,-0.761,0.887,2.341,-1.119,0.1412,-0.0305,0.397,0.397,-1.197,2.318,1.839,-0.600,0.0031,-0.611,nan,0.00,1,1,1,0.0000,0.520,0,0.145,2,0.835,0,0,yolo,103.1,yolo,2,2,0,0.000,0,-1,0
1785568427.990,8.074,-1.130,-14.541,0.9899,10.412,0.596,-3.751,0.2711,5.324,0.218,-0.761,0.887,2.341,-2.337,0.2062,-0.0722,0.462,0.462,-1.239,2.326,1.832,-0.535,0.0032,-0.618,nan,0.00,1,1,1,0.0000,0.507,0,0.132,2,0.839,0,0,yolo,103.1,yolo,2,2,0,0.000,0,-1,0
1785568428.027,8.074,-1.130,-14.541,0.9899,11.912,0.486,-2.828,0.2699,5.560,0.153,-0.741,0.927,1.577,-4.210,0.7413,-0.1610,0.462,0.309,-1.239,2.326,1.848,-0.644,0.0032,-0.602,nan,0.00,1,1,1,0.0000,0.507,0,0.132,2,0.839,1,0,yolo,113.2,yolo,2,2,0,0.000,0,-1,0
1785568428.069,7.013,-1.115,-14.198,0.9923,11.763,0.552,-3.036,0.2693,5.560,0.153,-0.741,0.927,1.577,-4.750,0.2097,-0.0317,0.519,0.519,-1.271,2.335,1.842,-0.563,0.0033,-0.608,nan,0.00,1,1,1,0.0000,0.506,0,0.131,2,0.841,0,0,yolo,113.2,yolo,2,2,0,0.000,0,-1,0
1785568428.099,5.729,-1.087,-13.914,0.9948,11.530,0.590,-3.192,0.2687,5.560,0.153,-0.741,0.927,1.577,-5.801,0.2652,-0.0312,0.574,0.574,-1.270,2.343,1.834,-0.496,0.0033,-0.616,nan,0.00,1,1,1,0.0000,0.370,0,0.087,2,0.884,0,0,yolo,113.2,yolo,2,2,0,0.000,0,-1,0
1785568428.130,4.586,-1.051,-13.633,0.9966,11.159,0.607,-3.309,0.2683,5.560,0.153,-0.741,0.927,1.577,-6.573,0.3060,-0.0135,0.615,0.615,-1.253,2.350,1.826,-0.444,0.0034,-0.624,nan,0.00,1,1,1,0.0000,0.370,0,0.087,2,0.884,0,0,yolo,113.2,yolo,2,2,0,0.000,0,-1,0
1785568428.162,4.586,-1.051,-13.633,0.9966,11.714,0.353,-2.118,0.2605,5.661,0.066,-0.663,0.944,0.673,-7.128,0.6702,-0.5418,0.615,0.388,-1.253,2.350,1.898,-0.699,0.0035,-0.552,nan,0.00,1,1,1,0.0000,0.362,0,0.078,2,0.885,0,0,yolo,124.8,yolo,2,2,0,0.000,0,-1,0
1785568428.199,3.423,-1.010,-13.313,0.9981,12.311,0.383,-2.163,0.2680,5.661,0.066,-0.663,0.944,0.673,-8.888,0.2589,0.0293,0.647,0.647,-1.223,2.358,1.892,-0.627,0.0035,-0.558,nan,0.00,1,1,1,0.0000,0.359,0,0.074,2,0.896,0,0,yolo,124.8,yolo,2,2,0,0.000,0,-1,0
1785568428.248,2.064,-0.985,-13.090,0.9992,13.811,0.013,-0.928,0.2514,5.631,-0.082,-0.506,0.938,-0.836,-14.000,1.4821,-1.4619,0.674,0.556,-1.195,2.365,2.038,-0.972,0.0036,-0.412,nan,0.00,1,1,1,0.0000,0.345,0,0.056,2,0.905,0,0,yolo,101.7,yolo,2,2,0,0.000,0,-1,0
1785568428.288,0.813,-0.948,-12.922,0.9998,13.280,-0.013,-0.962,0.2680,5.631,-0.082,-0.506,0.938,-0.836,-12.468,0.1351,0.0185,0.691,0.691,-1.176,2.370,2.036,-0.962,0.0036,-0.414,nan,0.00,1,1,1,0.0000,0.341,0,0.051,2,0.903,0,0,yolo,101.7,yolo,2,2,0,0.000,0,-1,0
1785568428.325,-0.652,-0.952,-12.815,0.9998,12.047,-0.031,-0.987,0.2820,5.631,-0.082,-0.506,0.938,-0.836,-12.699,0.1473,0.0446,0.704,0.704,-1.150,2.373,2.039,-0.982,0.0036,-0.411,nan,0.00,1,1,1,0.0000,0.342,0,0.052,2,0.898,0,0,yolo,101.7,yolo,2,2,0,0.000,0,-1,0
1785568428.351,-1.879,-0.951,-12.750,0.9993,12.121,-0.399,0.132,0.2654,5.566,-0.234,-0.371,0.928,-2.406,-14.000,2.2888,-2.0000,0.703,0.818,-1.131,2.376,2.179,-1.350,0.0037,-0.271,nan,0.00,1,1,1,0.0000,0.342,0,0.052,2,0.898,0,0,yolo,108.2,yolo,2,2,0,0.000,0,-1,0
1785568428.381,-3.171,-0.995,-12.742,0.9983,10.829,-0.406,0.117,0.2768,5.566,-0.234,-0.371,0.928,-2.406,-14.000,-0.1234,0.0176,0.694,0.694,-1.114,2.378,2.189,-1.400,0.0037,-0.261,nan,0.00,1,1,1,0.0000,0.349,0,0.061,2,0.903,0,0,yolo,108.2,yolo,2,2,0,0.000,0,-1,0
1785568428.418,-3.171,-0.995,-12.742,0.9983,10.829,-0.444,0.105,0.2768,5.566,-0.234,-0.371,0.928,-2.406,-14.000,-0.1234,0.0176,0.694,0.694,-1.114,2.378,2.189,-1.439,0.0037,-0.261,nan,0.00,1,1,1,0.0000,0.349,0,0.061,2,0.903,1,0,yolo,108.2,yolo,2,2,0,0.000,0,-1,0
1785568428.448,-4.302,-1.035,-12.772,0.9970,9.698,-0.433,0.096,0.2775,5.566,-0.234,-0.371,0.928,-2.406,-14.000,-0.1416,0.0315,0.676,0.676,-1.100,2.379,2.198,-1.468,0.0037,-0.252,nan,0.00,1,1,1,0.0000,0.407,0,0.134,1,0.908,1,0,yolo,108.2,yolo,2,2,0,0.000,0,-1,0
1785568428.490,-5.328,-1.078,-12.776,0.9955,8.672,-0.392,1.179,0.2609,5.494,-0.386,-0.245,0.916,-4.019,-14.000,1.1600,-1.1061,0.647,0.805,-1.090,2.381,2.200,-1.470,0.0037,-0.104,nan,0.00,1,1,1,0.0000,0.253,0,0.047,1,0.922,0,0,yolo,109.3,yolo,2,2,0,0.000,0,-1,0
1785568428.521,-6.267,-1.129,-12.866,0.9938,7.733,-0.345,1.171,0.2724,5.494,-0.386,-0.245,0.916,-4.019,-14.000,-0.1941,0.0042,0.611,0.611,-1.086,2.383,2.200,-1.473,0.0038,-0.093,nan,0.00,1,1,1,0.0000,0.253,0,0.047,1,0.921,0,0,yolo,109.3,yolo,2,2,0,0.000,0,-1,0
1785568428.552,-7.067,-1.176,-12.993,0.9922,6.933,-0.300,1.166,0.2728,5.494,-0.386,-0.245,0.916,-4.019,-14.000,-0.2326,0.0099,0.573,0.573,-1.080,2.384,2.200,-1.476,0.0038,-0.082,nan,0.00,1,1,1,0.0000,0.162,0,0.165,0,0.911,0,0,yolo,109.3,yolo,2,2,0,0.000,0,-1,0
1785568428.584,-7.067,-1.176,-12.993,0.9922,6.933,-0.319,2.534,0.2561,5.472,-0.531,-0.140,0.912,-5.544,-14.000,1.4564,-1.2175,0.573,0.818,-1.080,2.384,2.200,-1.495,0.0038,0.039,nan,0.00,1,1,1,0.0000,0.162,0,0.165,0,0.911,0,0,yolo,103.1,yolo,2,2,0,0.000,0,-1,0
1785568428.615,-7.730,-1.215,-13.086,0.9907,6.270,-0.270,2.608,0.2690,5.472,-0.531,-0.140,0.912,-5.544,-14.000,-0.2866,0.0039,0.531,0.531,-1.076,2.386,2.200,-1.485,0.0038,0.049,nan,0.00,1,1,1,0.0000,0.166,0,0.041,0,0.906,0,0,yolo,103.1,yolo,2,2,0,0.000,0,-1,0
1785568428.651,-8.390,-1.273,-13.293,0.9891,5.610,-0.208,2.663,0.2694,5.472,-0.531,-0.140,0.912,-5.544,-14.000,-0.3331,0.0113,0.485,0.485,-1.069,2.387,2.200,-1.481,0.0038,0.061,nan,0.00,1,1,1,0.0000,0.167,0,0.042,0,0.902,0,0,yolo,103.1,yolo,2,2,0,0.000,0,-1,0
1785568428.698,-8.985,-1.336,-13.563,0.9875,5.015,0.068,3.145,0.2527,5.325,-0.655,-0.038,0.888,-7.007,-14.000,0.8159,-0.7667,0.437,0.674,-1.057,2.389,2.116,-1.267,0.0037,0.189,nan,0.00,1,1,1,0.0000,0.166,0,0.040,0,0.902,0,0,yolo,105.8,yolo,2,2,0,0.000,0,-1,0
1785568428.746,-9.474,-1.371,-13.821,0.9861,4.526,0.116,3.134,0.2662,5.325,-0.655,-0.038,0.888,-7.007,-14.000,-0.2851,0.0168,0.389,0.389,-1.040,2.391,2.116,-1.255,0.0037,0.198,nan,0.00,1,1,1,0.0000,0.163,0,0.031,0,0.884,0,0,yolo,105.8,yolo,2,2,0,0.000,0,-1,0
1785568428.772,-9.973,-1.412,-14.093,0.9846,4.027,0.700,3.956,0.2496,5.198,-0.809,0.059,0.866,-8.842,-14.000,4.9926,-2.0000,0.338,1.118,-1.009,2.393,1.905,-0.711,0.0037,0.327,nan,0.00,1,1,1,0.0000,0.163,0,0.031,0,0.884,0,0,yolo,104.7,yolo,2,2,0,0.000,0,-1,0
1785568428.802,-10.359,-1.407,-14.414,0.9834,3.641,0.726,3.928,0.2640,5.198,-0.809,0.059,0.866,-8.842,-14.000,-0.8309,0.0428,0.287,0.287,-0.966,2.396,1.901,-0.681,0.0036,0.331,nan,0.00,1,1,1,0.0000,0.162,0,0.031,0,0.887,0,0,yolo,104.7,yolo,2,2,0,0.000,0,-1,0
1785568428.834,-10.772,-1.405,-14.831,0.9821,3.228,0.760,3.907,0.2667,5.198,-0.809,0.059,0.866,-8.842,-14.000,-0.8941,0.0979,0.223,0.223,-0.911,2.400,1.897,-0.645,0.0036,0.337,nan,0.00,1,1,1,0.0000,0.163,0,0.032,0,0.889,0,0,yolo,104.7,yolo,2,2,0,0.000,0,-1,0
1785568428.867,-10.772,-1.405,-14.831,0.9821,3.228,0.731,3.891,0.2667,5.198,-0.809,0.059,0.866,-8.842,-14.000,-0.8941,0.0979,0.223,0.223,-0.911,2.400,1.897,-0.674,0.0036,0.337,nan,0.00,1,1,0,0.0000,0.000,0,0.000,0,0.000,0,0,yolo,104.7,yolo,2,2,0,0.000,0,-1,0
1785568428.896,-11.103,-1.400,-15.183,0.9810,2.897,1.210,4.342,0.2500,5.061,-0.929,0.138,0.843,-10.400,-14.000,1.0326,-0.7601,0.163,0.819,-0.860,2.404,1.714,-0.189,0.0035,0.438,nan,0.00,1,1,0,0.0000,0.000,0,0.000,0,0.000,0,0,yolo,106.0,yolo,2,2,0,0.000,0,-1,0
1785568428.930,-11.387,-1.359,-15.557,0.9800,2.613,1.198,4.331,0.2617,5.061,-0.929,0.138,0.843,-10.400,-14.000,-0.7148,0.0470,0.104,0.104,-0.813,2.408,1.714,-0.162,0.0035,0.439,nan,0.00,1,1,0,0.0000,0.000,0,0.000,0,0.000,0,0,yolo,106.0,yolo,2,2,0,0.000,0,-1,0
1785568428.962,-11.640,-1.327,-15.947,0.9792,2.360,1.185,4.323,0.2635,5.061,-0.929,0.138,0.843,-10.400,-14.000,-0.7738,0.0847,0.045,0.045,-0.775,2.411,1.713,-0.142,0.0034,0.440,nan,0.00,1,1,0,0.0000,0.000,0,0.000,0,0.000,0,0,yolo,106.0,yolo,2,2,0,0.000,0,-1,0
1785568429.009,-11.879,-1.294,-16.345,0.9783,2.121,1.542,5.797,0.2469,5.060,-1.071,0.198,0.843,-11.952,-14.000,1.3704,-0.8792,-0.019,0.656,-0.745,2.415,1.564,0.248,0.0034,0.528,nan,0.00,1,1,0,0.0000,0.000,0,0.000,0,0.000,0,0,yolo,104.3,yolo,2,2,0,0.000,0,-1,0
1785568429.039,-11.879,-1.294,-16.345,0.9783,2.121,1.506,5.926,0.2571,5.060,-1.071,0.198,0.843,-11.952,-14.000,-0.6755,0.0000,-0.019,-0.019,-0.745,2.415,1.564,0.212,0.0033,0.528,nan,0.00,1,1,0,0.0000,0.000,0,0.000,0,0.000,0,0,yolo,104.3,yolo,2,2,0,0.000,0,-1,0
1785568429.069,-12.098,-1.249,-16.882,0.9776,1.902,1.496,6.022,0.2591,5.060,-1.071,0.198,0.843,-11.952,-14.000,-0.7391,0.0414,-0.083,-0.083,-0.704,2.420,1.564,0.246,0.0033,0.528,nan,0.00,1,1,0,0.0000,0.000,0,0.000,0,0.000,0,0,yolo,104.3,yolo,2,2,0,0.000,0,-1,0
1785568429.101,-12.303,-1.226,-17.518,0.9768,1.697,1.789,5.846,0.2425,5.016,-1.178,0.271,0.836,-13.219,-14.000,0.8320,-0.7117,-0.148,0.458,-0.657,2.424,1.450,0.563,0.0032,0.623,nan,0.00,1,1,0,0.0000,0.000,0,0.000,0,0.000,0,0,yolo,108.8,yolo,2,2,0,0.000,0,-1,0
1785568429.146,-12.460,-1.174,-18.033,0.9762,1.540,1.757,5.892,0.2566,5.016,-1.178,0.271,0.836,-13.219,-14.000,-0.6643,0.0445,-0.207,-0.207,-0.612,2.429,1.450,0.583,0.0032,0.621,nan,0.00,1,1,0,0.0000,0.000,0,0.000,0,0.000,0,0,yolo,108.8,yolo,2,2,0,0.000,0,-1,0
1785568429.172,-12.612,-1.120,-18.515,0.9757,1.388,1.716,5.926,0.2592,5.016,-1.178,0.271,0.836,-13.219,-14.000,-0.7227,0.0983,-0.265,-0.265,-0.559,2.433,1.451,0.596,0.0031,0.619,nan,0.00,1,1,1,0.0000,0.183,0,0.083,0,0.891,0,0,yolo,108.8,yolo,2,2,0,0.000,0,-1,0
1785568429.205,-12.756,-1.070,-19.069,0.9751,1.244,1.899,5.205,0.2426,4.913,-1.245,0.357,0.819,-14.221,-14.000,1.2889,-1.4332,-0.331,0.297,-0.494,2.438,1.366,0.829,0.0030,0.715,nan,0.00,1,1,1,0.0000,0.183,0,0.083,0,0.891,0,0,yolo,111.5,yolo,2,2,0,0.000,0,-1,0
1785568429.240,-12.874,-0.999,-19.556,0.9747,1.126,1.835,5.143,0.2548,4.913,-1.245,0.357,0.819,-14.221,-14.000,-0.6923,0.0603,-0.395,-0.395,-0.434,2.442,1.367,0.836,0.0030,0.711,nan,0.00,1,1,1,0.0000,0.183,0,0.083,0,0.891,2,0,yolo,111.5,yolo,2,2,0,0.000,0,-1,0
1785568429.271,-12.874,-0.999,-19.556,0.9747,1.126,1.791,5.097,0.2547,4.913,-1.245,0.357,0.819,-14.221,-14.000,-0.6923,0.0603,-0.395,-0.395,-0.434,2.442,1.367,0.792,0.0029,0.711,nan,0.00,1,1,1,0.0000,0.183,0,0.083,0,0.877,0,0,yolo,111.5,yolo,2,2,0,0.000,0,-1,0
1785568429.298,-12.981,-0.925,-20.001,0.9743,1.019,1.730,5.063,0.2573,4.913,-1.245,0.357,0.819,-14.221,-14.000,-0.7587,0.1124,-0.462,-0.462,-0.382,2.445,1.368,0.804,0.0028,0.707,nan,0.00,1,1,1,0.0000,0.183,0,0.083,0,0.877,0,0,yolo,111.5,yolo,2,2,0,0.000,0,-1,0
1785568429.334,-13.074,-0.866,-20.429,0.9740,0.926,1.812,4.561,0.2406,4.852,-1.290,0.439,0.809,-14.885,-14.000,0.3370,-0.5146,-0.526,0.044,-0.341,2.449,1.315,0.946,0.0027,0.793,nan,0.00,1,1,1,0.0000,0.187,0,0.093,0,0.859,0,0,yolo,105.3,yolo,2,2,0,0.000,0,-1,0
1785568429.360,-13.155,-0.799,-20.821,0.9737,0.845,1.745,4.475,0.2517,4.852,-1.290,0.439,0.809,-14.885,-14.000,-0.6329,0.0455,-0.589,-0.589,-0.296,2.451,1.316,0.946,0.0027,0.789,nan,0.00,1,1,1,0.0000,0.187,0,0.093,0,0.859,0,0,yolo,105.3,yolo,2,2,0,0.000,0,-1,0
1785568429.395,-13.233,-0.726,-21.198,0.9734,0.767,1.668,4.410,0.2541,4.852,-1.290,0.439,0.809,-14.885,-14.000,-0.6999,0.0940,-0.656,-0.656,-0.247,2.454,1.317,0.942,0.0026,0.784,nan,0.00,1,1,1,0.0000,0.187,0,0.093,0,0.859,2,0,yolo,105.3,yolo,2,2,0,0.000,0,-1,0
1785568429.421,-13.303,-0.662,-21.570,0.9731,0.697,1.683,4.179,0.2374,4.827,-1.319,0.519,0.805,-15.281,-14.000,0.5009,-1.2014,-0.723,-0.139,-0.204,2.456,1.284,1.021,0.0025,0.864,nan,0.00,1,1,1,0.0000,0.188,0,0.094,0,0.857,0,0,yolo,112.5,yolo,2,2,0,0.000,0,-1,0
1785568429.452,-13.303,-0.662,-21.570,0.9731,0.697,1.655,4.126,0.2471,4.827,-1.319,0.519,0.805,-15.281,-14.000,-0.5846,0.0000,-0.723,-0.723,-0.204,2.456,1.284,0.993,0.0024,0.864,nan,0.00,1,1,1,0.0000,0.185,0,0.088,0,0.858,0,0,yolo,112.5,yolo,2,2,0,0.000,0,-1,0
1785568429.483,-13.364,-0.597,-21.922,0.9729,0.636,1.592,4.086,0.2495,4.827,-1.319,0.519,0.805,-15.281,-14.000,-0.6502,0.0499,-0.789,-0.789,-0.154,2.457,1.285,0.995,0.0023,0.860,nan,0.00,1,1,1,0.0000,0.185,0,0.088,0,0.858,0,0,yolo,112.5,yolo,2,2,0,0.000,0,-1,0
1785568429.522,-13.429,-0.527,-22.285,0.9726,0.571,1.580,2.940,0.2329,4.670,-1.284,0.624,0.778,-15.376,-14.000,0.0776,-0.8796,-0.860,-0.373,-0.096,2.459,1.262,1.053,0.0022,0.948,nan,0.00,1,1,0,0.0000,0.000,0,0.000,0,0.000,0,0,yolo,99.5,yolo,2,2,0,0.000,0,-1,0
1785568429.565,-13.496,-0.455,-22.683,0.9724,0.504,1.502,2.878,0.2473,4.670,-1.284,0.624,0.778,-15.376,-14.000,-0.5667,0.0577,-0.939,-0.939,-0.039,2.460,1.263,1.048,0.0021,0.944,nan,0.00,1,1,0,0.0000,0.000,0,0.000,0,0.000,0,0,yolo,99.5,yolo,2,2,0,0.000,0,-1,0
1785568429.595,-13.550,-0.368,-22.993,0.9721,-0.211,1.386,2.831,0.2501,4.670,-1.284,0.624,0.778,-15.376,-13.339,-0.6519,0.1168,-1.024,-1.024,0.021,2.459,1.264,1.017,0.0020,0.938,nan,0.00,1,1,0,0.0000,0.000,0,0.000,0,0.000,0,0,yolo,99.5,yolo,2,2,0,0.000,0,-1,0
1785568429.624,-13.530,-0.285,-23.245,0.9722,-1.698,1.263,2.796,0.2529,4.670,-1.284,0.624,0.778,-15.376,-11.832,-0.7359,0.1747,-1.108,-1.108,0.078,2.457,1.265,0.978,0.0019,0.930,nan,0.00,1,1,0,0.0000,0.000,0,0.000,0,0.000,0,0,yolo,99.5,yolo,2,2,0,0.000,0,-1,0
1785568429.659,-13.381,-0.223,-23.496,0.9728,-0.198,1.210,1.645,0.2363,4.501,-1.221,0.724,0.750,-15.177,-14.000,-0.1172,-0.5555,-1.184,-0.617,0.122,2.455,1.252,0.987,0.0019,1.004,nan,0.00,1,1,0,0.0000,0.000,0,0.000,0,0.000,0,0,yolo,115.8,yolo,2,2,0,0.000,0,-1,0
1785568429.690,-13.381,-0.223,-23.496,0.9728,-1.698,1.216,1.657,0.2424,4.501,-1.221,0.724,0.750,-15.177,-10.008,-0.5672,0.0000,-1.184,-1.184,0.122,2.455,1.252,0.993,0.0019,1.004,nan,0.00,1,1,0,0.0000,0.000,0,0.000,0,0.000,0,0,yolo,115.8,yolo,2,2,0,0.000,0,-1,0
1785568429.717,-13.381,-0.134,-23.698,0.9729,-3.198,1.066,1.667,0.2453,4.501,-1.221,0.724,0.750,-15.177,-8.349,-0.6598,0.0602,-1.277,-1.277,0.183,2.451,1.253,0.932,0.0018,0.997,nan,0.00,1,1,0,0.0000,0.000,0,0.000,0,0.000,0,0,yolo,115.8,yolo,2,2,0,0.000,0,-1,0
1785568429.753,-13.067,-0.057,-23.838,0.9741,-1.698,0.949,1.463,0.2286,4.347,-1.131,0.819,0.725,-14.589,-13.978,-0.3348,-0.4541,-1.360,-0.818,0.238,2.445,1.247,0.892,0.0018,1.058,nan,0.00,1,1,0,0.0000,0.000,0,0.000,0,0.000,1,0,yolo,105.6,yolo,2,2,0,0.000,0,-1,0
1785568429.787,-12.912,0.003,-23.983,0.9747,-3.198,0.842,2.107,0.2435,4.347,-1.131,0.819,0.725,-14.589,-4.171,-0.6197,0.0661,-1.437,-1.437,0.304,2.440,1.249,0.846,0.0018,1.051,nan,0.00,1,1,0,0.0000,0.000,0,0.000,0,0.000,1,0,yolo,105.6,yolo,2,2,0,0.000,0,-1,0
1785568429.816,-12.912,0.003,-23.983,0.9747,-4.698,0.882,2.590,0.2435,4.347,-1.131,0.819,0.725,-14.589,-4.171,-0.6197,0.0661,-1.437,-1.437,0.304,2.440,1.249,0.885,0.0018,1.051,nan,0.00,1,1,0,0.0000,0.000,0,0.000,0,0.000,0,0,yolo,105.6,yolo,2,2,0,0.000,0,-1,0
1785568429.847,-12.624,0.048,-24.167,0.9758,-6.198,0.796,2.952,0.2466,4.347,-1.131,0.819,0.725,-14.589,-2.842,-0.6939,0.1358,-1.512,-1.512,0.374,2.435,1.251,0.844,0.0018,1.043,nan,0.00,1,1,0,0.0000,0.000,0,0.000,0,0.000,0,0,yolo,105.6,yolo,2,2,0,0.000,0,-1,0
1785568429.874,-12.002,0.074,-24.440,0.9781,-7.698,0.760,3.223,0.2498,4.347,-1.131,0.819,0.725,-14.589,-1.636,-0.7613,0.2096,-1.579,-1.579,0.448,2.432,1.254,0.834,0.0018,1.031,nan,0.00,1,1,0,0.0000,0.000,0,0.000,0,0.000,0,0,yolo,105.6,yolo,2,2,0,0.000,0,-1,0
1785568429.909,-11.175,0.091,-24.781,0.9810,-9.198,0.743,3.427,0.2527,4.347,-1.131,0.819,0.725,-14.589,-0.499,-0.8247,0.2780,-1.642,-1.642,0.516,2.430,1.258,0.833,0.0018,1.016,nan,0.00,1,1,0,0.0000,0.000,0,0.000,0,0.000,2,0,yolo,105.6,yolo,2,2,0,0.000,0,-1,0
1785568429.941,-11.175,0.091,-24.781,0.9810,-10.675,0.772,3.580,0.2527,4.347,-1.131,0.819,0.725,-14.589,-0.499,-0.8247,0.2780,-1.642,-1.642,0.516,2.430,1.258,0.863,0.0018,1.016,nan,0.00,1,1,0,0.0000,0.000,0,0.000,0,0.000,0,0,yolo,105.6,yolo,2,2,0,0.000,0,-1,0
1785568429.974,-10.328,0.109,-25.074,0.9838,-10.666,0.743,3.694,0.2549,4.347,-1.131,0.819,0.725,-14.589,0.337,-0.8713,0.3320,-1.689,-1.689,0.570,2.429,1.262,0.853,0.0018,1.000,nan,0.00,1,1,0,0.0000,0.000,0,0.000,0,0.000,0,0,yolo,105.6,yolo,2,2,0,0.000,0,-1,0
1785568430.004,-9.409,0.131,-25.357,0.9865,-10.374,0.714,3.780,0.2563,4.347,-1.131,0.819,0.725,-14.589,0.966,-0.9063,0.3677,-1.724,-1.724,0.606,2.427,1.266,0.844,0.0017,0.983,nan,0.00,1,1,0,0.0000,0.000,0,0.000,0,0.000,0,0,yolo,105.6,yolo,2,2,0,0.000,0,-1,0
1785568430.037,-8.410,0.159,-25.666,0.9892,-11.874,1.348,2.280,0.2687,nan,nan,nan,0.000,0.000,10.000,0.0000,0.6381,-1.753,-1.753,0.638,2.426,1.000,1.507,0.0017,0.954,nan,0.00,0,0,0,0.0000,0.000,0,0.000,0,0.000,0,0,,,FLYING,2,2,0,0.000,0,-1,0
1785568430.066,-7.386,0.240,-25.898,0.9917,-13.374,1.230,0.780,0.2698,nan,nan,nan,0.000,0.000,10.000,0.0000,0.6574,-1.773,-1.773,0.657,2.422,1.000,1.471,0.0017,0.925,nan,0.00,0,0,0,0.0000,0.000,0,0.000,0,0.000,0,0,,,FLYING,2,2,0,0.000,0,-1,0
1785568430.094,-6.107,0.347,-25.973,0.9943,-14.874,1.007,0.000,0.2706,nan,nan,nan,0.000,0.000,10.000,0.0000,0.6706,-1.792,-1.792,0.671,2.411,1.000,1.354,0.0017,0.897,nan,0.00,0,0,0,0.0000,0.000,0,0.000,0,0.000,0,0,,,FLYING,2,2,0,0.000,0,-1,0
1785568430.130,-4.703,0.442,-25.956,0.9966,-14.703,0.780,0.000,0.2710,nan,nan,nan,0.000,0.000,10.000,0.0000,0.6757,-1.801,-1.801,0.676,2.397,1.000,1.222,0.0017,0.870,nan,0.00,0,0,0,0.0000,0.000,0,0.000,0,0.000,0,0,,,FLYING,2,2,0,0.000,0,-1,0
1785568430.160,-4.703,0.442,-25.956,0.9966,-14.703,0.862,0.000,0.2718,nan,nan,nan,0.000,0.000,10.000,0.0000,0.6757,-1.801,-1.801,0.676,2.397,1.000,1.303,0.0017,0.844,nan,0.00,0,0,0,0.0000,0.000,0,0.000,0,0.000,0,0,,,FLYING,2,2,0,0.000,0,-1,0
1785568430.189,-3.280,0.519,-25.949,0.9983,-13.280,0.649,0.000,0.2719,nan,nan,nan,0.000,0.000,10.000,0.0000,0.6726,-1.799,-1.799,0.673,2.383,1.000,1.168,0.0017,0.819,nan,0.00,0,0,0,0.0000,0.000,0,0.000,0,0.000,0,0,,,FLYING,2,2,0,0.000,0,-1,0
1785568430.224,-2.015,0.584,-25.955,0.9993,-12.015,0.488,0.000,0.2719,nan,nan,nan,0.000,0.000,10.000,0.0000,0.6625,-1.788,-1.788,0.663,2.369,1.000,1.073,0.0017,0.794,nan,0.00,0,0,0,0.0000,0.000,0,0.000,0,0.000,0,0,,,FLYING,2,2,0,0.000,0,-1,0
1785568430.251,-0.941,0.630,-25.959,0.9998,-10.941,0.370,0.000,0.2718,nan,nan,nan,0.000,0.000,10.000,0.0000,0.6473,-1.771,-1.771,0.647,2.356,1.000,1.000,0.0017,0.770,nan,0.00,0,0,0,0.0000,0.000,0,0.000,0,0.000,0,0,,,FLYING,2,2,0,0.000,0,-1,0
1785568430.285,0.021,0.664,-25.958,0.9999,-9.979,0.276,0.000,0.2718,nan,nan,nan,0.000,0.000,10.000,0.0000,0.6316,-1.750,-1.750,0.632,2.343,1.000,0.940,0.0017,0.747,nan,0.00,0,0,0,0.0000,0.000,0,0.000,0,0.000,1,0,,,FLYING,2,2,0,0.000,0,-1,0
1785568430.319,0.021,0.664,-25.958,0.9999,-11.479,-0.099,-1.500,0.2724,2.315,0.810,0.043,0.386,19.294,14.000,-0.0000,0.6316,-1.750,-1.750,0.632,2.343,1.200,0.565,0.0017,0.725,nan,0.00,1,1,0,0.0000,0.000,0,0.000,0,0.000,1,1,anduril,,anduril,2,2,0,0.000,0,-1,0
1785568430.344,0.919,0.691,-25.956,0.9998,-12.979,-0.219,-3.000,0.2724,2.315,0.810,0.043,0.386,19.294,14.000,-0.0000,0.6152,-1.724,-1.724,0.615,2.329,1.200,0.472,0.0017,0.703,nan,0.00,1,1,0,0.0000,0.000,0,0.000,0,0.000,0,0,anduril,,anduril,2,2,0,0.000,0,-1,0
1785568430.379,2.244,0.656,-25.750,0.9992,-11.756,-0.346,-4.500,0.2724,2.312,0.813,0.026,0.385,19.386,14.000,-0.1110,0.5971,-1.690,-1.029,0.597,2.309,1.200,0.310,0.0017,0.682,nan,0.00,1,1,0,0.0000,0.000,0,0.000,0,0.000,0,0,anduril,,anduril,2,2,0,0.000,0,-1,0
1785568430.409,3.369,0.605,-25.325,0.9982,-10.631,-0.499,-6.000,0.2725,2.307,0.816,0.007,0.385,19.474,14.000,-0.1070,0.5796,-1.660,-1.016,0.580,2.283,1.200,0.106,0.0017,0.662,nan,0.00,1,1,0,0.0000,0.000,0,0.000,0,0.000,1,0,anduril,,anduril,2,2,0,0.000,0,-1,0
1785568430.441,4.397,0.525,-24.798,0.9970,-9.603,-0.608,-7.500,0.2726,2.300,0.818,-0.019,0.383,19.569,14.000,-0.0574,0.5623,-1.628,-0.993,0.562,2.255,1.200,-0.083,0.0017,0.642,nan,0.00,1,1,0,0.0000,0.000,0,0.000,0,0.000,2,0,anduril,,anduril,2,2,0,0.000,0,-1,0
1785568430.469,4.397,0.525,-24.798,0.9970,-9.603,-0.391,-9.000,0.2732,2.300,0.818,-0.019,0.383,19.569,14.000,-0.6347,0.5623,-1.628,-1.628,0.562,2.255,1.200,0.133,0.0017,0.623,nan,0.00,1,1,0,0.0000,0.000,0,0.000,0,0.000,0,0,anduril,,anduril,2,2,0,0.000,0,-1,0
1785568430.507,5.295,0.419,-24.193,0.9957,-8.705,-0.512,-10.500,0.2734,2.286,0.817,-0.055,0.381,19.670,14.000,-0.1202,0.5461,-1.596,-0.967,0.546,2.227,1.200,-0.092,0.0017,0.604,nan,0.00,1,1,0,0.0000,0.000,0,0.000,0,0.000,0,0,anduril,,anduril,2,2,0,0.000,0,-1,0
1785568430.539,6.307,0.297,-23.354,0.9939,-7.693,-0.659,-12.000,0.2736,2.272,0.815,-0.088,0.379,19.732,14.000,-0.0742,0.5283,-1.559,-0.931,0.528,2.192,1.200,-0.362,0.0017,0.586,nan,0.00,1,1,0,0.0000,0.000,0,0.000,0,0.000,0,0,anduril,,anduril,2,2,0,0.000,0,-1,0
1785568430.569,7.111,0.138,-22.438,0.9923,-6.889,-0.708,-12.000,0.2739,2.272,0.815,-0.088,0.379,19.732,14.000,-0.5960,0.5123,-1.527,-1.527,0.512,2.157,1.200,-0.570,0.0017,0.568,nan,0.00,1,1,0,0.0000,0.000,0,0.000,0,0.000,0,0,anduril,,anduril,2,2,0,0.000,0,-1,0
1785568430.601,7.765,-0.067,-21.380,0.9908,-6.235,-0.698,-12.000,0.2741,2.240,0.801,-0.134,0.373,19.670,14.000,0.0363,0.4962,-1.498,-0.867,0.496,2.121,1.200,-0.765,0.0017,0.551,nan,0.00,1,1,0,0.0000,0.000,0,0.000,0,0.000,1,0,anduril,,anduril,2,2,0,0.000,0,-1,0
1785568430.629,8.393,-0.281,-20.328,0.9893,-5.607,-0.623,-12.000,0.2742,2.240,0.801,-0.134,0.373,19.670,14.000,-0.5966,0.4797,-1.463,-1.463,0.480,2.086,1.200,-0.904,0.0017,0.535,nan,0.00,1,1,0,0.0000,0.000,0,0.000,0,0.000,0,0,anduril,,anduril,2,2,0,0.000,0,-1,0
1785568430.660,8.393,-0.281,-20.328,0.9893,-5.607,-0.287,-12.000,0.2747,2.240,0.801,-0.134,0.373,19.670,14.000,-0.5966,0.4797,-1.463,-1.463,0.480,2.086,1.200,-0.568,0.0017,0.519,nan,0.00,1,1,1,0.0000,0.181,0,0.078,0,0.889,0,0,anduril,,anduril,2,2,0,0.000,0,-1,0
1785568430.692,9.014,-0.481,-19.187,0.9876,-4.986,-0.325,-12.000,0.2748,2.201,0.780,-0.180,0.367,19.507,14.000,0.0943,0.4612,-1.419,-0.786,0.461,2.051,1.200,-0.806,0.0017,0.503,nan,0.00,1,1,1,0.0000,0.181,0,0.078,0,0.889,0,0,anduril,,anduril,2,2,0,0.000,0,-1,0
1785568430.727,9.461,-0.659,-18.261,0.9863,-4.539,-0.224,-12.000,0.2749,2.308,0.904,-0.249,0.385,21.384,14.000,-1.1345,0.4462,-1.381,-1.047,0.446,2.024,1.200,-0.883,0.0017,0.488,nan,0.00,1,1,0,0.0000,0.000,0,0.000,0,0.000,0,0,anduril,,anduril,2,2,0,0.000,0,-1,0
1785568430.755,9.888,-0.849,-17.271,0.9850,-4.112,-0.107,-12.000,0.2750,2.308,0.904,-0.249,0.385,21.384,14.000,-0.2928,0.4302,-1.340,-1.340,0.430,1.997,1.200,-0.956,0.0017,0.473,nan,0.00,1,1,0,0.0000,0.000,0,0.000,0,0.000,0,0,anduril,,anduril,2,2,0,0.000,0,-1,0
1785568430.791,10.256,-1.025,-16.329,0.9839,-3.744,0.040,-12.000,0.2751,2.439,1.052,-0.321,0.406,23.325,14.000,-2.4776,0.4148,-1.298,-1.541,0.415,1.974,1.200,-0.985,0.0017,0.459,nan,0.00,1,1,0,0.0000,0.000,0,0.000,0,0.000,0,0,anduril,,anduril,2,2,0,0.000,0,-1,0
1785568430.824,10.256,-1.025,-16.329,0.9839,-3.744,0.316,-12.000,0.2755,2.439,1.052,-0.321,0.406,23.325,14.000,0.2434,0.4148,-1.298,-1.298,0.415,1.974,1.200,-0.710,0.0017,0.445,nan,0.00,1,1,0,0.0000,0.000,0,0.000,0,0.000,0,0,anduril,,anduril,2,2,0,0.000,0,-1,0
1785568430.854,10.600,-1.202,-15.346,0.9827,-3.400,0.383,-12.000,0.2755,2.439,1.052,-0.321,0.406,23.325,14.000,0.2886,0.3987,-1.253,-1.253,0.399,1.951,1.200,-0.820,0.0017,0.432,nan,0.00,1,1,0,0.0000,0.000,0,0.000,0,0.000,0,0,anduril,,anduril,2,2,0,0.000,0,-1,0
1785568430.885,10.939,-1.360,-14.365,0.9816,-3.061,0.469,-12.000,0.2755,2.439,1.052,-0.321,0.406,23.325,14.000,0.3355,0.3828,-1.206,-1.206,0.383,1.930,1.200,-0.891,0.0017,0.419,nan,0.00,1,1,0,0.0000,0.000,0,0.000,0,0.000,0,0,anduril,,anduril,2,2,0,0.000,0,-1,0
1785568430.918,11.239,-1.528,-13.262,0.9805,-2.761,0.564,-12.000,0.2754,2.439,1.052,-0.321,0.406,23.325,14.000,0.3894,0.3651,-1.152,-1.152,0.365,1.908,1.200,-0.964,0.0017,0.406,nan,0.00,1,1,0,0.0000,0.000,0,0.000,0,0.000,0,0,anduril,,anduril,2,2,0,0.000,0,-1,0
1785568430.962,11.500,-1.689,-12.188,0.9795,-2.500,0.694,-12.000,0.2752,2.439,1.052,-0.321,0.406,23.325,14.000,0.4432,0.3481,-1.098,-1.098,0.348,1.889,1.200,-0.995,0.0017,0.394,nan,0.00,1,1,0,0.0000,0.000,0,0.000,0,0.000,0,0,anduril,,anduril,2,2,0,0.000,0,-1,0
1785568430.989,11.747,-1.848,-11.122,0.9785,-2.253,0.849,-12.000,0.2751,2.439,1.052,-0.321,0.406,23.325,14.000,0.4980,0.3313,-1.043,-1.043,0.331,1.873,1.200,-0.999,0.0017,0.382,nan,0.00,1,1,0,0.0000,0.000,0,0.000,0,0.000,0,0,anduril,,anduril,2,2,0,0.000,0,-1,0
1785568431.024,11.945,-1.986,-10.071,0.9778,-0.753,1.499,-10.500,0.2749,nan,nan,nan,0.000,0.000,7.912,0.0000,0.3153,-0.989,-0.989,0.315,1.858,1.000,-0.487,0.0017,0.371,nan,0.00,0,0,0,0.0000,0.000,0,0.000,0,0.000,0,0,,,FLYING,2,2,0,0.000,0,-1,0
1785568431.052,11.945,-1.986,-10.071,0.9778,0.747,1.189,-9.000,0.2753,4.000,-1.002,0.000,0.233,-14.063,-3.402,-0.0000,0.3153,-0.989,-0.989,0.315,1.858,1.200,-0.797,0.0017,0.360,nan,0.00,0,1,1,0.0000,0.164,0,0.035,0,0.885,0,1,blueline,,BLUELINE,2,2,0,0.000,0,-1,0
1785568431.089,11.996,-2.038,-9.191,0.9775,2.247,1.732,-7.500,0.2750,nan,nan,nan,0.000,0.000,7.494,0.0000,0.3010,-0.937,-0.937,0.301,1.848,1.000,-0.305,0.0017,0.349,nan,0.00,0,0,1,0.0000,0.165,0,0.038,0,0.889,0,0,,,FLYING,2,2,0,0.000,0,-1,0
1785568431.114,11.908,-2.086,-8.436,0.9778,3.747,1.816,-6.000,0.2745,nan,nan,nan,0.000,0.000,7.024,0.0000,0.2858,-0.878,-0.878,0.286,1.841,1.000,-0.269,0.0017,0.339,nan,0.00,0,0,1,0.0000,0.165,0,0.038,0,0.889,0,0,,,FLYING,2,2,0,0.000,0,-1,0
1785568431.148,11.549,-2.028,-7.900,0.9791,5.011,1.826,-4.500,0.2738,nan,nan,nan,0.000,0.000,6.538,0.0000,0.2706,-0.817,-0.817,0.271,1.837,1.000,-0.202,0.0017,0.328,nan,0.00,0,0,0,0.0000,0.000,0,0.000,0,0.000,0,0,,,FLYING,2,2,0,0.000,0,-1,0
1785568431.181,11.118,-1.936,-7.552,0.9807,5.046,1.812,-3.000,0.2730,nan,nan,nan,0.000,0.000,6.072,0.0000,0.2567,-0.759,-0.759,0.257,1.837,1.000,-0.125,0.0017,0.319,nan,0.00,0,0,0,0.0000,0.000,0,0.000,0,0.000,0,0,,,FLYING,2,2,0,0.000,0,-1,0
1785568431.213,10.667,-1.821,-7.282,0.9822,5.091,1.763,-1.500,0.2722,nan,nan,nan,0.000,0.000,5.575,0.0000,0.2425,-0.697,-0.697,0.243,1.837,1.000,-0.059,0.0017,0.309,nan,0.00,0,0,0,0.0000,0.000,0,0.000,0,0.000,1,0,,,FLYING,2,2,0,0.000,0,-1,0
1785568431.259,10.202,-1.684,-7.119,0.9838,5.133,1.682,0.000,0.2715,nan,nan,nan,0.000,0.000,5.068,0.0000,0.2291,-0.634,-0.634,0.229,1.838,1.000,-0.002,0.0017,0.300,nan,0.00,0,0,0,0.0000,0.000,0,0.000,0,0.000,1,0,,,FLYING,2,2,0,0.000,0,-1,0
1785568431.292,10.202,-1.684,-7.119,0.9838,5.133,1.711,0.000,0.2717,nan,nan,nan,0.000,0.000,5.068,0.0000,0.2291,-0.634,-0.634,0.229,1.838,1.000,0.027,0.0017,0.291,nan,0.00,0,0,0,0.0000,0.000,0,0.000,0,0.000,0,0,,,FLYING,2,2,0,0.000,0,-1,0
1785568431.324,9.690,-1.514,-7.100,0.9854,5.179,1.583,0.000,0.2710,nan,nan,nan,0.000,0.000,4.511,0.0000,0.2162,-0.564,-0.564,0.216,1.839,1.000,0.068,0.0017,0.282,nan,0.00,0,0,0,0.0000,0.000,0,0.000,0,0.000,0,0,,,FLYING,2,2,0,0.000,0,-1,0
1785568431.350,9.173,-1.334,-7.099,0.9869,5.193,1.416,0.000,0.2703,nan,nan,nan,0.000,0.000,3.980,0.0000,0.2042,-0.497,-0.497,0.204,1.840,1.000,0.082,0.0017,0.274,nan,0.00,0,0,0,0.0000,0.000,0,0.000,0,0.000,0,0,,,FLYING,2,2,0,0.000,0,-1,0
1785568431.387,8.688,-1.204,-7.072,0.9883,6.693,0.781,1.500,0.2536,12.657,-3.448,1.686,1.000,-15.239,-14.000,-0.0000,-0.0000,-0.441,-0.441,0.194,1.839,1.200,-0.423,0.0017,1.412,nan,0.00,1,1,0,0.0000,0.000,0,0.000,0,0.000,0,1,yolo,110.7,yolo,2,2,0,0.000,0,-1,0
1785568431.415,8.156,-1.110,-7.083,0.9897,8.193,0.682,3.000,0.2369,12.657,-3.448,1.686,1.000,-15.239,-14.000,0.0502,-0.0004,-0.391,-0.391,0.194,1.838,1.200,-0.428,0.0017,1.425,nan,0.00,1,1,0,0.0000,0.000,0,0.000,0,0.000,0,0,yolo,110.7,yolo,2,2,0,0.000,0,-1,0
1785568431.446,8.148,-1.109,-7.083,0.9897,9.693,0.688,4.500,0.2253,12.657,-3.448,1.686,1.000,-15.239,-14.000,0.0509,-0.0002,-0.390,-0.390,0.194,1.838,1.200,-0.421,0.0017,1.425,nan,0.00,1,1,0,0.0000,0.000,0,0.000,0,0.000,0,0,yolo,110.7,yolo,2,2,0,0.000,0,-1,0
1785568431.479,7.397,-1.014,-7.329,0.9915,11.193,0.601,6.000,0.2117,12.641,-3.491,1.692,1.000,-15.441,-14.000,0.4438,-0.2729,-0.336,-0.637,0.231,1.838,1.200,-0.414,0.0017,1.452,nan,0.00,1,1,0,0.0000,0.000,0,0.000,0,0.000,0,0,yolo,110.8,yolo,2,2,0,0.000,0,-1,0
1785568431.507,6.568,-0.910,-7.684,0.9933,12.693,0.499,7.500,0.2257,12.641,-3.491,1.692,1.000,-15.441,-14.000,0.3500,0.0648,-0.287,-0.287,0.296,1.838,1.200,-0.411,0.0017,1.482,nan,0.00,1,1,1,0.0000,0.168,0,0.045,0,0.907,0,0,yolo,110.8,yolo,2,2,0,0.000,0,-1,0
1785568431.538,5.425,-0.808,-8.278,0.9954,14.193,0.402,9.000,0.2279,12.641,-3.491,1.692,1.000,-15.441,-14.000,0.3983,0.1580,-0.238,-0.238,0.389,1.838,1.200,-0.407,0.0017,1.533,nan,0.00,1,1,1,0.0000,0.168,0,0.045,0,0.907,0,0,yolo,110.8,yolo,2,2,0,0.000,0,-1,0
1785568431.570,4.123,-0.705,-9.074,0.9973,15.693,0.294,10.500,0.2113,12.567,-3.509,1.714,1.000,-15.599,-14.000,0.5212,-1.1835,-0.195,-0.364,0.496,1.838,1.200,-0.411,0.0017,1.612,nan,0.00,1,1,1,0.0000,0.169,0,0.049,0,0.899,0,0,yolo,114.2,yolo,2,2,1,0.023,1,0,0
1785568431.601,2.636,-0.623,-10.011,0.9989,16.636,0.195,12.000,0.2212,12.567,-3.509,1.714,1.000,-15.599,-14.000,0.2033,0.1293,-0.161,-0.161,0.625,1.837,1.200,-0.427,0.0017,1.687,nan,0.00,1,1,1,0.0000,0.171,0,0.053,0,0.877,0,0,yolo,114.2,yolo,2,2,1,0.047,1,0,0
1785568431.638,2.636,-0.623,-10.011,0.9989,16.636,0.201,12.000,0.2212,12.567,-3.509,1.714,1.000,-15.599,-14.000,0.2033,0.1293,-0.161,-0.161,0.625,1.837,1.200,-0.421,0.0017,1.687,nan,0.00,1,1,1,0.0000,0.169,0,0.047,0,0.868,0,0,yolo,114.2,yolo,2,2,1,0.060,1,0,0
1785568431.683,-0.514,-0.546,-12.132,0.9999,15.136,0.065,12.000,0.2379,12.270,-3.431,1.695,1.000,-15.623,-14.000,0.0308,-0.9301,-0.130,-0.304,0.862,1.832,1.200,-0.480,0.0017,1.842,nan,0.00,1,1,1,0.0000,0.169,0,0.047,0,0.868,2,0,yolo,104.5,yolo,2,2,1,0.057,1,0,0
1785568431.726,-1.919,-0.557,-13.143,0.9994,13.636,0.057,12.000,0.2545,12.270,-3.431,1.695,1.000,-15.623,-14.000,0.1697,0.0983,-0.134,-0.134,0.960,1.829,1.200,-0.500,0.0017,1.928,nan,0.00,1,1,1,0.0000,0.165,0,0.038,0,0.822,0,0,yolo,104.5,yolo,2,2,1,0.061,1,0,0
1785568431.756,-3.049,-0.589,-14.030,0.9985,12.136,0.079,12.000,0.2661,12.270,-3.431,1.695,1.000,-15.623,-14.000,0.1592,0.1763,-0.144,-0.144,1.038,1.827,1.200,-0.510,0.0017,2.001,nan,0.00,1,1,1,0.0000,0.160,0,0.025,0,0.818,0,0,yolo,104.5,yolo,2,2,1,0.049,0,0,0
1785568431.791,-4.084,-0.637,-14.945,0.9974,10.636,0.120,12.000,0.2664,11.976,-3.287,1.650,1.000,-15.346,-14.000,-0.8676,-0.1746,-0.160,-0.546,1.096,1.824,1.200,-0.516,0.0017,2.013,nan,0.00,1,1,0,0.0000,0.000,0,0.000,0,0.000,0,0,yolo,109.8,yolo,2,2,1,0.037,0,0,0
1785568431.832,-5.132,-0.702,-15.881,0.9959,9.136,0.185,12.000,0.2668,11.976,-3.287,1.650,1.000,-15.346,-14.000,0.3635,0.0434,-0.183,-0.183,1.139,1.823,1.200,-0.516,0.0017,2.084,nan,0.00,1,1,1,0.0000,0.316,0,0.152,0,0.794,0,0,yolo,109.8,yolo,2,2,1,0.024,0,0,0
1785568431.864,-5.975,-0.778,-16.866,0.9945,8.025,0.264,12.000,0.2672,11.976,-3.287,1.650,1.000,-15.346,-14.000,0.3392,0.0605,-0.207,-0.207,1.156,1.821,1.200,-0.514,0.0017,2.145,nan,0.00,1,1,1,0.0000,0.316,0,0.152,0,0.794,0,0,yolo,109.8,yolo,2,2,1,0.012,0,0,0
1785568431.894,-5.975,-0.778,-16.866,0.9945,8.025,0.284,12.000,0.2839,11.426,-2.875,1.477,1.000,-14.124,-14.000,-2.4372,2.0000,-0.207,-0.253,1.156,1.821,1.200,-0.494,0.0017,1.924,nan,0.00,1,1,1,0.0000,0.192,0,0.105,0,0.821,0,0,yolo,103.4,yolo,2,2,1,0.000,0,0,0
1785568431.928,-6.803,-0.871,-17.965,0.9928,7.197,0.380,12.000,0.2677,11.426,-2.875,1.477,1.000,-14.124,-14.000,0.0146,0.0095,-0.238,-0.238,1.166,1.820,1.200,-0.492,0.0017,1.981,nan,0.00,1,1,1,0.0000,0.194,0,0.110,0,0.815,0,0,yolo,103.4,yolo,2,2,0,0.000,0,0,0
1785568431.960,-7.633,-0.981,-19.069,0.9910,6.367,0.512,12.000,0.2682,11.426,-2.875,1.477,1.000,-14.124,-14.000,-0.0233,0.0147,-0.276,-0.276,1.171,1.821,1.200,-0.469,0.0017,2.042,nan,0.00,1,1,1,0.0000,0.194,0,0.110,0,0.815,0,0,yolo,103.4,yolo,2,2,0,0.000,0,-1,0
1785568431.991,-8.241,-1.073,-20.083,0.9895,4.902,0.626,12.000,0.2848,11.203,-2.461,1.306,1.000,-12.392,-13.144,-3.3864,1.8701,-0.312,-0.123,1.170,1.822,1.200,-0.447,0.0017,1.854,nan,0.00,1,1,1,0.0000,0.195,0,0.113,0,0.818,0,0,yolo,108.1,yolo,2,2,0,0.000,0,-1,0
1785568432.018,-8.802,-1.171,-21.099,0.9880,5.198,0.754,12.000,0.2690,11.203,-2.461,1.306,1.000,-12.392,-14.000,-0.2272,-0.0033,-0.351,-0.351,1.167,1.824,1.200,-0.417,0.0017,1.895,nan,0.00,1,1,1,0.0000,0.195,0,0.113,0,0.818,0,0,yolo,108.1,yolo,2,2,0,0.000,0,-1,0
1785568432.053,-8.808,-1.172,-21.112,0.9880,5.192,0.749,12.000,0.2690,11.203,-2.461,1.306,1.000,-12.392,-14.000,-0.2277,-0.0034,-0.351,-0.351,1.167,1.825,1.200,-0.423,0.0017,1.896,nan,0.00,1,1,1,0.0000,0.301,0,0.127,0,0.802,0,0,yolo,108.1,yolo,2,2,0,0.000,0,-1,0
1785568432.085,-9.296,-1.261,-22.108,0.9866,4.704,0.864,12.000,0.2694,11.203,-2.461,1.306,1.000,-12.392,-14.000,-0.2653,-0.0132,-0.389,-0.389,1.157,1.827,1.200,-0.397,0.0017,1.932,nan,0.00,1,1,1,0.0000,0.309,0,0.140,0,0.784,0,0,yolo,108.1,yolo,2,2,0,0.000,0,-1,0
1785568432.117,-9.790,-1.361,-23.121,0.9852,3.204,0.999,10.625,0.2860,10.839,-2.033,1.153,1.000,-10.625,-8.978,-3.3436,1.9366,-0.429,-0.113,1.149,1.830,1.200,-0.361,0.0017,1.739,nan,0.00,1,1,1,0.0000,0.309,0,0.140,0,0.784,0,0,yolo,102.9,yolo,2,2,0,0.000,0,-1,0
1785568432.148,-10.096,-1.426,-24.075,0.9842,3.904,1.089,10.625,0.2700,10.839,-2.033,1.153,1.000,-10.625,-14.000,-0.3605,-0.0141,-0.473,-0.473,1.135,1.834,1.200,-0.337,0.0017,1.761,nan,0.00,1,1,1,0.0000,0.300,0,0.125,0,0.805,0,0,yolo,102.9,yolo,2,2,0,0.000,0,-1,0
1785568432.184,-10.498,-1.486,-25.008,0.9829,3.502,1.176,10.625,0.2704,10.839,-2.033,1.153,1.000,-10.625,-14.000,-0.4114,-0.0269,-0.524,-0.524,1.122,1.837,1.200,-0.310,0.0017,1.785,nan,0.00,1,1,1,0.0000,0.298,0,0.121,0,0.835,0,0,yolo,102.9,yolo,2,2,0,0.000,0,-1,0
1785568432.229,-10.829,-1.546,-25.925,0.9818,2.002,1.268,9.125,0.2731,10.623,-1.544,1.040,1.000,-8.267,-7.147,-2.6230,1.1183,-0.572,-0.051,1.115,1.842,1.200,-0.278,0.0017,1.598,nan,0.00,1,1,1,0.0000,0.317,0,0.153,0,0.826,1,0,yolo,101.5,yolo,2,2,0,0.000,0,-1,0
1785568432.257,-11.017,-1.581,-26.770,0.9812,1.822,1.324,8.267,0.2708,10.623,-1.544,1.040,1.000,-8.267,-12.839,-0.5727,-0.0071,-0.624,-0.624,1.108,1.846,1.200,-0.257,0.0017,1.609,nan,0.00,1,1,1,0.0000,0.313,0,0.146,0,0.887,0,0,yolo,101.5,yolo,2,2,0,0.000,0,-1,0
1785568432.289,-11.017,-1.581,-26.770,0.9812,1.822,1.286,8.267,0.2708,10.623,-1.544,1.040,1.000,-8.267,-12.839,-0.5727,-0.0071,-0.624,-0.624,1.108,1.846,1.200,-0.295,0.0017,1.609,nan,0.00,1,1,1,0.0000,0.315,0,0.151,0,0.863,0,0,yolo,101.5,yolo,2,2,0,0.000,0,-1,0
1785568432.318,-11.193,-1.590,-27.464,0.9806,0.322,1.310,6.767,0.2875,10.413,-1.079,0.951,1.000,-5.917,14.000,-10.9040,2.0000,-0.678,-1.723,1.099,1.849,1.200,-0.280,0.0017,1.431,nan,0.00,1,1,1,0.0000,0.315,0,0.151,0,0.863,0,0,yolo,106.3,yolo,2,2,0,0.000,0,-1,0
1785568432.357,-11.226,-1.579,-28.068,0.9805,1.822,1.301,5.917,0.2710,10.413,-1.079,0.951,1.000,-5.917,-13.723,0.9891,-0.0102,-0.734,-0.734,1.089,1.852,1.200,-0.279,0.0017,1.429,nan,0.00,1,1,1,0.0000,0.420,0,0.150,1,0.862,2,0,yolo,106.3,yolo,2,2,0,0.000,0,-1,0
1785568432.383,-11.444,-1.551,-28.631,0.9798,1.370,1.263,5.917,0.2712,10.413,-1.079,0.951,1.000,-5.917,-12.814,0.9204,-0.0216,-0.802,-0.802,1.077,1.853,1.200,-0.288,0.0017,1.427,nan,0.00,1,1,1,0.0000,0.423,0,0.154,1,0.861,0,0,yolo,106.3,yolo,2,2,0,0.000,0,-1,0
1785568432.420,-11.444,-1.551,-28.631,0.9798,-0.130,1.188,4.417,0.2879,10.037,-0.570,0.862,1.000,-3.252,14.000,-3.5010,1.4851,-0.802,-1.566,1.077,1.853,1.221,-0.363,0.0017,1.229,nan,0.00,1,1,1,0.0000,0.271,0,0.077,1,0.899,0,0,yolo,104.9,yolo,2,2,0,0.000,0,-1,0
1785568432.447,-11.573,-1.532,-29.122,0.9793,-1.630,1.166,3.252,0.2714,10.037,-0.570,0.862,1.000,-3.252,-4.288,0.7047,-0.0102,-0.861,-0.861,1.067,1.854,1.223,-0.366,0.0017,1.227,nan,0.00,1,1,1,0.0000,0.271,0,0.077,1,0.899,0,0,yolo,104.9,yolo,2,2,0,0.000,0,-1,0
1785568432.478,-11.563,-1.506,-29.523,0.9794,-3.130,1.119,3.252,0.2713,10.037,-0.570,0.862,1.000,-3.252,-3.532,0.6489,-0.0240,-0.917,-0.917,1.053,1.855,1.228,-0.387,0.0017,1.222,nan,0.00,1,1,1,0.0000,0.422,0,0.153,1,0.856,0,0,yolo,104.9,yolo,2,2,0,0.000,0,-1,0
1785568432.513,-11.430,-1.457,-29.789,0.9799,-4.630,1.013,3.252,0.2712,10.037,-0.570,0.862,1.000,-3.252,-2.777,0.5933,-0.0388,-0.973,-0.973,1.038,1.854,1.237,-0.444,0.0017,1.213,nan,0.00,1,1,1,0.0000,0.422,0,0.153,1,0.856,1,0,yolo,104.9,yolo,2,2,0,0.000,0,-1,0
1785568432.543,-11.185,-1.405,-30.008,0.9807,-6.130,0.501,1.752,0.2879,9.721,-0.060,0.808,1.000,-0.355,14.000,-4.9163,1.7072,-1.023,-1.890,1.030,1.851,1.408,-0.905,0.0017,1.042,nan,0.00,1,1,1,0.0000,0.421,0,0.152,1,0.843,0,0,yolo,109.5,yolo,2,2,0,0.000,0,-1,0
1785568432.579,-10.656,-1.393,-30.185,0.9825,-7.630,0.458,0.355,0.2712,9.721,-0.060,0.808,1.000,-0.355,4.470,0.8195,-0.0149,-1.071,-1.071,1.015,1.849,1.409,-0.935,0.0017,1.041,nan,0.00,1,1,1,0.0000,0.318,0,0.155,0,0.797,0,0,yolo,109.5,yolo,2,2,0,0.000,0,-1,0
1785568432.624,-9.946,-1.359,-30.229,0.9847,-9.130,0.349,0.355,0.2699,9.721,-0.060,0.808,1.000,-0.355,5.140,0.7710,-0.0338,-1.119,-1.119,0.996,1.843,1.414,-1.009,0.0017,1.036,nan,0.00,1,1,1,0.0000,0.318,0,0.155,0,0.797,2,0,yolo,109.5,yolo,2,2,0,0.000,0,-1,0
1785568432.652,-9.077,-1.319,-30.226,0.9872,-10.630,-0.058,-1.145,0.2826,9.423,0.423,0.775,1.000,2.570,14.000,-3.6073,0.9072,-1.162,-2.034,0.984,1.837,1.535,-1.377,0.0017,0.915,nan,0.00,1,1,1,0.0000,0.323,0,0.163,0,0.774,0,0,yolo,111.9,yolo,2,2,0,0.000,0,-1,0
1785568432.682,-8.106,-1.315,-30.168,0.9897,-12.130,-0.094,-2.570,0.2683,9.423,0.423,0.775,1.000,2.570,13.041,0.8394,-0.0155,-1.194,-1.194,0.968,1.830,1.526,-1.409,0.0016,0.924,nan,0.00,1,1,1,0.0000,0.325,0,0.167,0,0.777,0,0,yolo,111.9,yolo,2,2,0,0.000,0,-1,0
1785568432.713,-7.024,-1.298,-29.970,0.9922,-13.630,-0.175,-2.570,0.2675,9.423,0.423,0.775,1.000,2.570,13.416,0.8125,-0.0317,-1.221,-1.221,0.952,1.820,1.519,-1.473,0.0015,0.931,nan,0.00,1,1,1,0.0000,0.315,0,0.150,0,0.806,0,0,yolo,111.9,yolo,2,2,0,0.000,0,-1,0
1785568432.744,-5.793,-1.281,-29.720,0.9946,-15.130,-0.419,-4.070,0.2794,9.119,0.837,0.758,1.000,5.243,14.000,-6.3815,0.8605,-1.239,-2.481,0.944,1.808,1.577,-1.700,0.0014,0.873,nan,0.00,1,1,1,0.0000,0.315,0,0.150,0,0.806,0,0,yolo,104.5,yolo,2,2,0,0.000,0,-1,0
1785568432.775,-5.793,-1.281,-29.720,0.9946,-16.630,-0.335,-5.243,0.2667,9.119,0.837,0.758,1.000,5.243,14.000,1.2424,0.0000,-1.239,-1.239,0.944,1.808,1.577,-1.616,0.0013,0.873,nan,0.00,1,1,1,0.0000,0.193,0,0.106,0,0.823,0,0,yolo,104.5,yolo,2,2,0,0.000,0,-1,0
1785568432.812,-4.203,-1.284,-29.318,0.9971,-18.130,-0.403,-5.243,0.2660,9.119,0.837,0.758,1.000,5.243,14.000,1.2357,-0.0060,-1.246,-1.246,0.938,1.794,1.551,-1.686,0.0012,0.899,nan,0.00,1,1,1,0.0000,0.311,0,0.143,0,0.816,0,0,yolo,104.5,yolo,2,2,0,0.000,0,-1,0
1785568432.837,-2.467,-1.288,-28.813,0.9988,-16.630,-0.466,-5.243,0.2654,9.119,0.837,0.758,1.000,5.243,14.000,1.2416,-0.0124,-1.240,-1.240,0.931,1.777,1.524,-1.754,0.0011,0.926,nan,0.00,1,1,1,0.0000,0.311,0,0.143,0,0.816,0,0,yolo,104.5,yolo,2,2,0,0.000,0,-1,0
1785568432.869,-0.869,-1.315,-28.346,0.9996,-15.130,-0.425,-6.743,0.2651,9.182,1.251,0.729,1.000,7.758,14.000,-3.0227,0.0416,-1.222,-2.298,0.931,1.761,1.481,-1.740,0.0010,0.921,nan,0.00,1,1,1,0.0000,0.316,0,0.151,0,0.794,0,0,yolo,114.1,yolo,2,2,0,0.000,0,-1,0
1785568432.909,-0.869,-1.315,-28.346,0.9996,-14.869,-0.293,-7.758,0.2650,9.182,1.251,0.729,1.000,7.758,14.000,1.0757,0.0000,-1.222,-1.222,0.931,1.761,1.481,-1.608,0.0009,0.921,nan,0.00,1,1,1,0.0000,0.296,0,0.119,0,0.803,0,0,yolo,114.1,yolo,2,2,0,0.000,0,-1,0
1785568432.953,0.786,-1.365,-27.686,0.9996,-13.369,-0.322,-9.258,0.2649,8.782,1.510,0.667,1.000,9.754,14.000,-2.2949,0.1840,-1.193,-2.004,0.933,1.741,1.443,-1.687,0.0008,0.896,nan,0.00,1,1,1,0.0000,0.296,0,0.119,0,0.803,2,0,yolo,100.4,yolo,2,2,0,0.000,0,-1,0
1785568432.995,3.482,-1.481,-26.199,0.9978,-11.869,-0.456,-9.754,0.2653,8.782,1.510,0.667,1.000,9.754,14.000,0.8801,-0.0007,-1.124,-1.124,0.932,1.702,1.383,-1.937,0.0007,0.984,nan,0.00,1,1,1,0.0000,0.383,0,0.104,1,0.786,0,0,yolo,100.4,yolo,2,2,0,0.000,0,-1,0
1785568433.025,4.663,-1.592,-25.287,0.9963,-10.369,-0.330,-9.754,0.2657,8.782,1.510,0.667,1.000,9.754,14.000,0.9223,-0.0022,-1.082,-1.082,0.931,1.680,1.351,-1.922,0.0007,1.031,nan,0.00,1,1,1,0.0000,0.498,0,0.123,2,0.819,0,0,yolo,100.4,yolo,2,2,0,0.000,0,-1,0
1785568433.065,4.663,-1.592,-25.287,0.9963,-9.337,-0.099,-11.254,0.2656,8.491,1.742,0.598,1.000,11.595,14.000,-2.7289,0.5765,-1.082,-1.812,0.931,1.680,1.348,-1.691,0.0006,0.973,nan,0.00,1,1,1,0.0000,0.510,0,0.135,2,0.853,0,0,yolo,103.3,yolo,2,2,0,0.000,0,-1,0
1785568433.108,5.643,-1.697,-24.446,0.9947,-8.357,-0.027,-11.595,0.2661,8.491,1.742,0.598,1.000,11.595,14.000,0.7751,-0.0018,-1.037,-1.037,0.929,1.661,1.324,-1.723,0.0006,1.017,nan,0.00,1,1,1,0.0000,0.510,0,0.135,2,0.853,1,0,yolo,103.3,yolo,2,2,0,0.000,0,-1,0
1785568433.134,6.590,-1.818,-23.419,0.9929,-7.410,0.047,-11.595,0.2665,8.491,1.742,0.598,1.000,11.595,14.000,0.8247,-0.0036,-0.988,-0.988,0.927,1.640,1.300,-1.771,0.0006,1.063,nan,0.00,1,1,1,0.0000,0.515,0,0.140,2,0.903,0,0,yolo,103.3,yolo,2,2,0,0.000,0,-1,0
1785568433.169,7.284,-1.937,-22.387,0.9914,-6.716,0.034,-12.000,0.2832,8.154,1.910,0.426,1.000,13.183,14.000,-2.2589,1.2290,-0.942,-1.556,0.925,1.621,1.325,-1.903,0.0006,0.940,nan,0.00,1,1,1,0.0000,0.398,0,0.123,1,0.844,0,0,yolo,100.1,yolo,2,2,0,0.000,0,-1,0
1785568433.197,7.900,-2.068,-21.387,0.9899,-6.100,0.172,-12.000,0.2672,8.154,1.910,0.426,1.000,13.183,14.000,0.6604,-0.0058,-0.896,-0.896,0.920,1.604,1.309,-1.896,0.0005,0.978,nan,0.00,1,1,1,0.0000,0.398,0,0.123,1,0.844,0,0,yolo,100.1,yolo,2,2,0,0.000,0,-1,0
1785568433.228,7.900,-2.068,-21.387,0.9899,-6.100,0.362,-12.000,0.2671,8.154,1.910,0.426,1.000,13.183,14.000,0.6604,-0.0058,-0.896,-0.896,0.920,1.604,1.309,-1.706,0.0004,0.978,nan,0.00,1,1,1,0.0000,0.388,0,0.109,1,0.802,0,0,yolo,100.1,yolo,2,2,0,0.000,0,-1,0
1785568433.266,8.503,-2.207,-20.296,0.9883,-5.497,0.405,-12.000,0.2830,7.924,2.020,0.285,1.000,14.301,14.000,-1.5469,0.9316,-0.842,-1.303,0.913,1.588,1.313,-1.802,0.0003,0.885,nan,0.00,1,1,1,0.0000,0.388,0,0.109,1,0.802,2,0,yolo,102.6,yolo,2,2,0,0.000,0,-1,0
1785568433.306,9.108,-2.340,-19.204,0.9866,-4.892,0.518,-12.000,0.2678,7.924,2.020,0.285,1.000,14.301,14.000,0.5191,-0.0041,-0.784,-0.784,0.909,1.573,1.301,-1.822,0.0002,0.924,nan,0.00,1,1,1,0.0000,0.475,0,0.100,2,0.771,0,0,yolo,102.6,yolo,2,2,0,0.000,0,-1,0
1785568433.337,9.627,-2.479,-18.062,0.9850,-4.373,0.660,-12.000,0.2681,7.924,2.020,0.285,1.000,14.301,14.000,0.5812,-0.0106,-0.722,-0.722,0.902,1.560,1.289,-1.819,0.0001,0.961,nan,0.00,1,1,1,0.0000,0.338,0,0.048,2,0.745,0,0,yolo,102.6,yolo,2,2,0,0.000,0,-1,0
1785568433.376,10.025,-2.597,-17.002,0.9837,-3.975,0.727,-12.000,0.2848,7.707,2.051,0.106,1.000,14.902,14.000,-0.8081,1.5038,-0.664,-0.960,0.898,1.549,1.314,-1.870,-0.0000,0.810,nan,0.00,1,1,1,0.0000,0.324,0,0.030,2,0.700,0,0,yolo,103.6,yolo,2,2,0,0.000,0,-1,0
1785568433.421,10.416,-2.725,-15.869,0.9824,-3.584,0.893,-12.000,0.2686,7.707,2.051,0.106,1.000,14.902,14.000,0.3613,-0.0060,-0.599,-0.599,0.892,1.540,1.306,-1.832,-0.0001,0.841,nan,0.00,1,1,1,0.0000,0.324,0,0.030,2,0.700,2,0,yolo,103.6,yolo,2,2,0,0.000,0,-1,0
1785568433.449,10.744,-2.839,-14.776,0.9813,-3.256,1.060,-12.000,0.2689,7.707,2.051,0.106,1.000,14.902,14.000,0.4246,-0.0107,-0.536,-0.536,0.887,1.533,1.299,-1.779,-0.0002,0.868,nan,0.00,1,1,1,0.0000,0.317,0,0.021,2,0.681,0,0,yolo,103.6,yolo,2,2,0,0.000,0,-1,0
1785568433.484,11.037,-2.943,-13.676,0.9802,-2.963,1.137,-12.000,0.2855,7.453,2.016,-0.052,1.000,15.136,14.000,-0.3046,1.5010,-0.471,-0.599,0.882,1.529,1.327,-1.805,-0.0002,0.718,nan,0.00,1,1,1,0.0000,0.313,0,0.016,2,0.661,0,0,yolo,102.8,yolo,2,2,0,0.000,0,-1,0
1785568433.510,11.037,-2.943,-13.676,0.9802,-2.963,1.230,-12.000,0.2690,7.453,2.016,-0.052,1.000,15.136,14.000,0.1279,0.0000,-0.471,-0.471,0.882,1.529,1.327,-1.713,-0.0003,0.718,nan,0.00,1,1,1,0.0000,0.313,0,0.016,2,0.661,0,0,yolo,102.8,yolo,2,2,0,0.000,0,-1,0
1785568433.547,11.290,-3.033,-12.606,0.9793,-2.710,1.357,-12.000,0.2692,7.453,2.016,-0.052,1.000,15.136,14.000,0.1913,-0.0007,-0.408,-0.408,0.882,1.525,1.322,-1.676,-0.0004,0.738,nan,0.00,1,1,0,0.0000,0.000,0,0.000,0,0.000,0,0,yolo,102.8,yolo,2,2,0,0.000,0,-1,0
1785568433.579,11.526,-3.120,-11.479,0.9784,-2.474,1.376,-12.000,0.2859,7.207,1.944,-0.212,1.000,15.096,14.000,0.0379,1.2382,-0.340,-0.334,0.880,1.524,1.364,-1.744,-0.0004,0.573,nan,0.00,1,1,0,0.0000,0.000,0,0.000,0,0.000,0,0,yolo,108.1,yolo,2,2,0,0.000,0,-1,0
1785568433.626,11.719,-3.201,-10.444,0.9776,-2.281,1.518,-12.000,0.2695,7.207,1.944,-0.212,1.000,15.096,14.000,0.0565,-0.0010,-0.278,-0.278,0.879,1.525,1.360,-1.683,-0.0005,0.590,nan,0.00,1,1,0,0.0000,0.000,0,0.000,0,0.000,0,0,yolo,108.1,yolo,2,2,0,0.000,0,-1,0
1785568433.658,11.890,-3.273,-9.401,0.9769,-2.110,1.656,-12.000,0.2696,7.207,1.944,-0.212,1.000,15.096,14.000,0.1196,-0.0031,-0.215,-0.215,0.877,1.527,1.356,-1.617,-0.0006,0.605,nan,0.00,1,1,0,0.0000,0.000,0,0.000,0,0.000,1,0,yolo,108.1,yolo,2,2,0,0.000,0,-1,0
1785568433.686,12.044,-3.335,-8.352,0.9763,-1.956,1.591,-12.000,0.2863,6.823,1.761,-0.308,1.000,14.468,14.000,1.1212,2.0000,-0.151,-0.232,0.875,1.530,1.432,-1.744,-0.0006,0.463,nan,0.00,1,1,1,0.0000,0.369,0,0.086,1,0.594,0,0,yolo,107.9,yolo,2,2,0,0.000,0,-1,0
1785568433.724,12.044,-3.335,-8.352,0.9763,-1.956,1.588,-12.000,0.2697,6.823,1.761,-0.308,1.000,14.468,14.000,0.0810,0.0000,-0.151,-0.151,0.875,1.530,1.432,-1.747,-0.0007,0.463,nan,0.00,1,1,1,0.0000,0.369,0,0.086,1,0.594,2,0,yolo,107.9,yolo,2,2,0,0.000,0,-1,0
1785568433.764,12.306,-3.475,-6.335,0.9752,-1.694,1.906,-12.000,0.2700,6.823,1.761,-0.308,1.000,14.468,14.000,0.2040,-0.0165,-0.028,-0.028,0.858,1.543,1.424,-1.568,-0.0007,0.487,nan,0.00,1,1,1,0.0000,0.376,0,0.095,1,0.573,0,0,yolo,107.9,yolo,2,2,0,0.000,0,-1,0
1785568433.800,12.421,-3.523,-5.169,0.9747,-1.579,1.826,-12.000,0.2866,6.512,1.602,-0.389,1.000,13.818,14.000,0.7395,1.2233,0.043,-0.266,0.856,1.552,1.508,-1.697,-0.0007,0.365,nan,0.00,1,1,1,0.0000,0.238,0,0.101,2,0.563,0,0,yolo,108.1,yolo,2,2,0,0.000,0,-1,0
1785568433.827,12.421,-3.523,-5.169,0.9747,-1.579,1.767,-12.000,0.2700,6.512,1.602,-0.389,1.000,13.818,14.000,0.3086,0.0000,0.043,0.043,0.856,1.552,1.508,-1.755,-0.0008,0.365,nan,0.00,1,1,1,0.0000,0.476,0,0.101,2,0.563,0,0,yolo,108.1,yolo,2,2,0,0.000,0,-1,0
1785568433.858,12.529,-3.595,-3.967,0.9743,-1.471,1.966,-12.000,0.2701,6.512,1.602,-0.389,1.000,13.818,14.000,0.3818,-0.0006,0.116,0.116,0.855,1.564,1.505,-1.629,-0.0008,0.376,nan,0.00,1,1,1,0.0000,0.385,0,0.107,1,0.559,0,0,yolo,108.1,yolo,2,2,0,0.000,0,-1,0
1785568433.890,12.612,-3.639,-2.878,0.9739,-1.388,1.853,-12.000,0.2868,6.232,1.447,-0.460,1.000,13.069,14.000,0.8143,1.1369,0.182,-0.268,0.853,1.576,1.606,-1.786,-0.0008,0.263,nan,0.00,1,1,1,0.0000,0.244,0,0.112,2,0.546,0,0,yolo,105.0,yolo,2,2,0,0.000,0,-1,0
1785568433.920,12.685,-3.694,-1.830,0.9736,-1.315,2.011,-12.000,0.2703,6.232,1.447,-0.460,1.000,13.069,14.000,0.5127,-0.0021,0.245,0.245,0.851,1.590,1.603,-1.684,-0.0009,0.270,nan,0.00,1,1,1,0.0000,0.247,0,0.119,2,0.538,0,0,yolo,105.0,yolo,2,2,0,0.000,0,-1,0
1785568433.952,12.685,-3.694,-1.830,0.9736,-1.315,1.906,-12.000,0.2702,6.232,1.447,-0.460,1.000,13.069,14.000,0.5127,-0.0021,0.245,0.245,0.851,1.590,1.603,-1.788,-0.0009,0.270,nan,0.00,1,1,1,0.0000,0.247,0,0.119,2,0.538,0,0,yolo,105.0,yolo,2,2,0,0.000,0,-1,0
1785568433.983,12.754,-3.752,-0.665,0.9732,-1.246,2.122,-12.000,0.2703,6.232,1.447,-0.460,1.000,13.069,14.000,0.5828,-0.0045,0.315,0.315,0.848,1.606,1.599,-1.630,-0.0009,0.278,nan,0.00,1,1,1,0.0000,0.402,0,0.127,1,0.534,0,0,yolo,105.0,yolo,2,2,0,0.000,0,-1,0
1785568434.015,12.816,-3.792,0.509,0.9730,-1.184,2.091,-11.961,0.2870,5.994,1.294,-0.523,0.999,12.185,14.000,0.6934,0.7810,0.385,0.146,0.846,1.625,1.685,-1.702,-0.0009,0.174,nan,0.00,1,1,1,0.0000,0.331,0,0.177,2,0.526,0,0,yolo,106.9,yolo,2,2,0,0.000,0,-1,0
