t,roll,pitch,yaw,up,upset,cmd_roll_deg,cmd_pitch_deg,cmd_yaw_deg,thrust,bx,by,bz,blend,bearing_deg,desired_roll,d_lat,d_vert,vY_imu,vY_fused,vD,vX,v_target,pitch_des,elev_i,elev_err,agl,turn_ff,reliable,vision_valid,elev_fresh,is_new_d,bl_found,bl_hdg,bl_conf,bl_hdg_valid,bl_span,bl_paired,bl_cy,bl_gap,src_switch,source,infer_ms,mode,gate,gate_id,peek_side,peek_strength,peek_active,occ_gap,collision
1785733886.456,0.000,-17.800,0.000,0.9521,0,-2.514,15.800,-2.771,0.2651,7.201,0.126,-1.699,1.000,1.005,2.514,-0.0000,-0.0000,-0.000,-0.000,0.000,-0.000,1.867,-2.000,0.0059,0.583,nan,1.77,1,1,1,1,1,0.0616,1.000,1,0.525,8,0.006,0,0,yolo,150.1,yolo,0,0,0,0.000,0,-1,0
1785733886.498,0.003,-17.786,0.012,0.9522,0,-2.504,15.786,-2.603,0.2652,7.201,0.126,-1.699,1.000,1.005,2.507,0.0004,0.0017,0.000,0.000,0.002,0.007,1.869,-2.000,0.0059,0.581,nan,1.60,1,1,1,0,1,0.0558,1.000,1,0.525,8,0.006,0,0,yolo,150.1,yolo,0,0,0,0.000,0,-1,0
1785733886.536,0.007,-16.501,0.014,0.9588,0,-2.488,14.501,-2.603,0.2678,7.201,0.126,-1.699,1.000,1.005,2.496,0.0011,-0.0143,0.001,0.001,-0.014,0.020,2.034,-2.000,0.0058,0.416,nan,1.60,1,1,1,0,1,0.0558,1.000,1,0.525,8,0.006,3,0,yolo,150.1,yolo,0,0,0,0.000,0,-1,0
1785733886.579,0.240,-14.568,0.178,0.9678,0,-2.208,13.001,-2.219,0.2723,7.201,0.126,-1.699,1.000,1.005,2.449,0.0039,-0.0276,0.004,0.004,-0.028,0.041,2.200,-2.000,0.0058,0.167,nan,1.21,1,1,1,0,1,0.0424,1.000,1,0.522,8,0.005,3,0,yolo,150.1,yolo,0,0,0,0.000,0,-1,0
1785733886.620,0.535,-13.029,0.553,0.9742,0,-0.708,11.501,-1.548,0.2890,8.173,0.004,-2.448,1.000,0.027,-2.594,0.6975,2.0000,0.008,-0.078,-0.038,0.066,1.908,-2.000,0.0059,-0.542,nan,1.52,1,1,1,1,1,0.0531,0.944,1,0.584,8,-0.002,0,0,yolo,178.3,yolo,0,0,0,0.000,0,-1,0
1785733886.651,0.581,-11.787,0.706,0.9789,0,0.792,10.001,-1.548,0.2973,8.173,0.004,-2.448,1.000,0.027,-0.537,0.0921,-0.0167,0.014,0.014,-0.055,0.105,1.724,-2.000,0.0060,-0.726,nan,1.52,1,1,1,0,1,0.0531,0.944,1,0.584,8,-0.002,0,0,yolo,178.3,yolo,0,0,0,0.000,0,-1,0
1785733886.690,0.581,-11.787,0.706,0.9789,0,1.118,9.787,-1.778,0.2973,8.173,0.004,-2.448,1.000,0.027,-0.537,0.0921,-0.0167,0.014,0.014,-0.055,0.105,1.724,-2.000,0.0060,-0.726,nan,1.75,1,1,1,0,1,0.0611,0.944,1,0.584,8,-0.002,2,0,yolo,178.3,yolo,0,0,0,0.000,0,-1,0
1785733886.728,0.503,-10.521,0.827,0.9831,0,1.124,8.521,-1.358,0.3003,8.173,0.004,-2.448,1.000,0.027,-0.620,0.0975,-0.0511,0.019,0.019,-0.089,0.163,1.536,-2.000,0.0061,-0.914,nan,1.33,1,1,1,0,1,0.0464,1.000,1,0.529,8,0.071,0,0,yolo,178.3,yolo,0,0,0,0.000,0,-1,0
1785733886.760,0.383,-9.251,1.040,0.9870,0,-0.376,7.251,-1.187,0.3170,8.835,0.027,-2.942,1.000,0.173,2.970,-0.3361,2.0000,0.023,-0.088,-0.129,0.228,1.200,-2.000,0.0061,-1.483,nan,1.01,1,1,1,1,1,0.0354,1.000,1,0.529,8,0.071,0,0,yolo,139.9,yolo,0,0,0,0.000,0,-1,0
1785733886.798,0.455,-8.404,1.175,0.9892,0,0.850,6.404,-1.187,0.3195,8.835,0.027,-2.942,1.000,0.173,-0.395,0.1144,-0.0575,0.026,0.026,-0.186,0.285,1.200,-2.000,0.0061,-1.619,nan,1.01,1,1,1,0,1,0.0354,1.000,1,0.529,8,0.071,4,0,yolo,139.9,yolo,0,0,0,0.000,0,-1,0
1785733886.838,0.361,-7.647,1.272,0.9911,0,0.793,5.647,-1.293,0.3189,8.835,0.027,-2.942,1.000,0.173,-0.432,0.1169,-0.1387,0.029,0.029,-0.267,0.336,1.200,-2.000,0.0061,-1.740,nan,1.12,1,1,1,0,1,0.0391,1.000,1,0.440,7,0.197,0,0,yolo,139.9,yolo,0,0,0,0.000,0,-1,0
1785733886.869,0.288,-6.966,1.400,0.9926,0,0.743,4.966,-1.373,0.3170,8.835,0.027,-2.942,1.000,0.173,-0.455,0.1184,-0.2424,0.030,0.030,-0.371,0.385,1.200,-2.000,0.0061,-1.849,nan,1.20,1,1,1,0,1,0.0419,1.000,1,0.440,7,0.197,0,0,yolo,139.9,yolo,0,0,0,0.000,0,-1,0
1785733886.908,0.221,-6.429,1.524,0.9937,0,0.689,4.429,-1.373,0.3145,8.835,0.027,-2.942,1.000,0.173,-0.468,0.1193,-0.3471,0.031,0.031,-0.476,0.427,1.200,-2.000,0.0061,-1.934,nan,1.20,1,1,1,0,1,0.0419,1.000,1,0.440,7,0.197,3,0,yolo,139.9,yolo,0,0,0,0.000,0,-1,0
1785733886.939,0.166,-6.006,1.630,0.9945,0,1.612,4.006,-1.240,0.3312,10.243,-0.084,-3.256,1.000,-0.472,-1.446,-0.0000,-0.0000,0.032,0.032,-0.574,0.461,1.200,-2.000,0.0061,-2.167,nan,1.71,1,1,1,1,1,0.0598,1.000,1,0.372,6,0.265,0,0,yolo,166.2,yolo,0,0,0,0.000,0,-1,0
1785733886.991,0.013,-5.586,1.735,0.9953,0,1.466,3.586,-0.984,0.3265,10.243,-0.084,-3.256,1.000,-0.472,-1.453,0.0005,-0.1157,0.032,0.032,-0.690,0.498,1.200,-2.000,0.0061,-2.244,nan,1.46,1,1,1,0,1,0.0508,1.000,1,0.366,6,0.276,0,0,yolo,166.2,yolo,0,0,0,0.000,0,-1,0
1785733887.028,-0.120,-5.198,1.820,0.9959,0,1.328,3.198,-0.984,0.3207,10.243,-0.084,-3.256,1.000,-0.472,-1.448,0.0001,-0.2394,0.032,0.032,-0.814,0.534,1.200,-2.000,0.0061,-2.314,nan,1.46,1,1,1,0,1,0.0508,1.000,1,0.366,6,0.276,0,0,yolo,166.2,yolo,0,0,0,0.000,0,-1,0
1785733887.059,-0.237,-4.863,1.894,0.9964,0,1.197,2.863,-0.792,0.3151,10.243,-0.084,-3.256,1.000,-0.472,-1.434,-0.0009,-0.3596,0.031,0.031,-0.934,0.567,1.200,-2.000,0.0061,-2.375,nan,1.26,1,1,1,0,1,0.0441,1.000,1,0.366,6,0.276,0,0,yolo,166.2,yolo,0,0,0,0.000,0,-1,0
1785733887.090,-0.237,-4.863,1.894,0.9964,0,1.197,2.863,-0.792,0.3151,10.243,-0.084,-3.256,1.000,-0.472,-1.434,-0.0009,-0.3596,0.031,0.031,-0.934,0.567,1.200,-2.000,0.0061,-2.375,nan,1.26,1,1,1,0,1,0.0441,1.000,1,0.366,6,0.276,0,0,yolo,166.2,yolo,0,0,0,0.000,0,-1,0
1785733887.128,-0.341,-4.571,1.961,0.9968,0,1.070,2.571,-1.124,0.3099,10.243,-0.084,-3.256,1.000,-0.472,-1.411,-0.0026,-0.4721,0.029,0.029,-1.047,0.597,1.200,-2.000,0.0061,-2.429,nan,1.60,1,1,1,0,1,0.0557,1.000,1,0.305,5,0.476,0,0,yolo,166.2,yolo,0,0,0,0.000,0,-1,0
1785733887.165,-0.444,-4.289,2.019,0.9972,0,0.941,2.289,-1.124,0.3050,10.243,-0.084,-3.256,1.000,-0.472,-1.385,-0.0046,-0.5781,0.027,0.027,-1.153,0.626,1.200,-2.000,0.0061,-2.480,nan,1.60,1,1,1,0,1,0.0557,1.000,1,0.305,5,0.476,1,0,yolo,166.2,yolo,0,0,0,0.000,0,-1,0
1785733887.200,-0.546,-4.015,2.105,0.9975,0,0.795,2.015,-2.125,0.2883,10.243,-0.084,-3.256,1.000,-0.472,-1.341,-0.0078,-0.6823,0.024,0.024,-1.257,0.655,1.200,-2.000,0.0061,-2.530,nan,2.60,1,1,1,0,1,0.0907,1.000,1,0.299,5,0.493,0,0,yolo,166.2,yolo,0,0,0,0.000,0,-1,0
1785733887.231,-0.649,-3.741,2.198,0.9978,0,0.643,1.741,-3.056,0.2716,10.243,-0.084,-3.256,1.000,-0.472,-1.292,-0.0115,-0.7743,0.020,0.020,-1.349,0.684,1.200,-2.000,0.0061,-2.580,nan,3.53,1,1,1,0,1,0.1232,1.000,1,0.296,5,0.511,0,0,yolo,166.2,yolo,0,0,0,0.000,0,-1,0
1785733887.271,-0.718,-3.557,2.416,0.9980,0,2.143,1.557,-2.243,0.2707,9.974,-0.224,-1.368,1.000,-1.286,-3.334,-0.0000,-0.0000,0.014,0.014,-1.394,0.709,1.707,-2.000,0.0062,-0.743,nan,3.53,1,1,1,1,1,0.1232,1.000,1,0.296,5,0.511,2,0,yolo,146.4,yolo,0,0,0,0.000,0,-1,0
1785733887.309,-0.929,-3.393,2.660,0.9981,0,2.345,1.393,-0.981,0.2708,9.974,-0.224,-1.368,1.000,-1.286,-3.274,-0.0044,-0.0137,0.009,0.009,-1.408,0.732,1.679,-2.000,0.0063,-0.771,nan,2.27,1,1,1,0,1,0.0791,1.000,1,0.290,5,0.536,0,0,yolo,146.4,yolo,0,0,0,0.000,0,-1,0
1785733887.341,-1.152,-3.244,2.755,0.9982,0,2.072,1.244,-2.481,0.2708,9.974,-0.224,-1.368,1.000,-1.286,-3.224,-0.0081,-0.0050,0.006,0.006,-1.399,0.754,1.654,-2.000,0.0063,-0.796,nan,4.44,1,1,1,0,1,0.1548,0.900,1,0.279,4,0.550,0,0,yolo,146.4,yolo,0,0,0,0.000,0,-1,0
1785733887.381,-1.353,-3.103,2.900,0.9983,0,1.776,1.103,-3.150,0.2709,9.974,-0.224,-1.368,1.000,-1.286,-3.129,-0.0150,0.0229,-0.001,-0.001,-1.371,0.776,1.630,-2.000,0.0064,-0.820,nan,4.44,1,1,1,0,1,0.1548,0.900,1,0.279,4,0.550,3,0,yolo,146.4,yolo,0,0,0,0.000,0,-1,0
1785733887.420,-1.534,-2.976,3.194,0.9983,0,1.447,0.976,-1.650,0.2710,9.974,-0.224,-1.368,1.000,-1.286,-2.980,-0.0260,0.0632,-0.012,-0.012,-1.331,0.796,1.609,-2.000,0.0065,-0.841,nan,0.00,1,1,1,0,1,0.0000,0.956,0,0.223,4,0.591,0,0,yolo,146.4,yolo,0,0,0,0.000,0,-1,0
1785733887.451,-1.676,-2.868,3.391,0.9983,0,2.947,0.868,-0.150,0.2543,9.927,-0.301,-1.188,1.000,-1.739,-5.477,0.4703,-0.9675,-0.024,-0.141,-1.305,0.814,1.770,-2.000,0.0066,-0.680,nan,0.00,1,1,1,1,1,0.0000,0.948,0,0.218,4,0.615,0,0,yolo,181.2,yolo,0,0,0,0.000,0,-1,0
1785733887.489,-1.973,-2.773,3.382,0.9982,0,2.657,0.773,1.350,0.2710,9.927,-0.301,-1.188,1.000,-1.739,-4.629,0.1102,0.0266,-0.031,-0.031,-1.278,0.832,1.755,-2.000,0.0067,-0.695,nan,0.00,1,1,1,0,1,0.0000,0.948,0,0.218,4,0.615,1,0,yolo,181.2,yolo,0,0,0,0.000,0,-1,0
1785733887.527,-1.973,-2.773,3.382,0.9982,0,2.657,0.773,1.739,0.2712,9.927,-0.301,-1.188,1.000,-1.739,-4.629,0.1102,0.0266,-0.031,-0.031,-1.278,0.832,1.755,-2.000,0.0067,-0.695,nan,0.00,1,1,1,0,1,0.0000,0.946,0,0.217,4,0.630,0,0,yolo,181.2,yolo,0,0,0,0.000,0,-1,0
1785733887.558,-2.222,-2.693,3.244,0.9981,0,2.293,0.693,1.739,0.2713,9.927,-0.301,-1.188,1.000,-1.739,-4.516,0.1018,0.0460,-0.039,-0.039,-1.259,0.850,1.743,-2.000,0.0068,-0.707,nan,0.00,1,1,1,0,1,0.0000,0.954,0,0.221,4,0.670,0,0,yolo,181.2,yolo,0,0,0,0.000,0,-1,0
1785733887.591,-2.484,-2.611,3.062,0.9980,0,3.579,0.611,1.940,0.2546,9.941,-0.337,-0.979,1.000,-1.940,-6.062,0.3503,-1.9729,-0.050,-0.063,-1.242,0.867,1.940,-2.000,0.0068,-0.510,nan,0.00,1,1,1,1,1,0.0000,0.954,0,0.221,4,0.670,0,0,yolo,147.6,yolo,0,0,0,0.000,0,-1,0
1785733887.621,-2.804,-2.551,2.898,0.9978,0,2.079,0.551,1.940,0.2713,9.941,-0.337,-0.979,1.000,-1.940,-4.350,0.0029,0.0234,-0.060,-0.060,-1.219,0.883,1.932,-2.000,0.0069,-0.518,nan,0.00,1,1,1,0,1,0.0000,0.954,0,0.221,4,0.670,0,0,yolo,147.6,yolo,0,0,0,0.000,0,-1,0
1785733887.662,-2.996,-2.499,2.722,0.9977,0,1.149,0.499,1.940,0.2880,9.941,-0.337,-0.979,1.000,-1.940,-4.145,-0.0121,0.0484,-0.075,-0.075,-1.194,0.898,1.924,-2.000,0.0069,-0.526,nan,0.00,1,1,1,0,1,0.0000,0.974,0,0.233,4,0.724,0,0,yolo,147.6,yolo,0,0,0,0.000,0,-1,0
1785733887.699,-3.176,-2.447,2.544,0.9976,0,0.748,0.447,1.940,0.2904,9.941,-0.337,-0.979,1.000,-1.940,-3.923,-0.0284,0.0603,-0.091,-0.091,-1.182,0.913,1.916,-2.000,0.0070,-0.534,nan,0.00,1,1,1,0,1,0.0000,0.974,0,0.233,4,0.724,0,0,yolo,147.6,yolo,0,0,0,0.000,0,-1,0
1785733887.735,-3.280,-2.399,2.361,0.9975,0,2.248,0.399,2.306,0.2738,9.927,-0.400,-0.779,1.000,-2.306,-8.939,0.6340,-1.9580,-0.111,0.000,-1.183,0.929,2.112,-2.000,0.0070,-0.338,nan,0.00,1,1,1,1,1,0.0000,0.974,0,0.233,4,0.724,0,0,yolo,136.3,yolo,0,0,0,0.000,0,-1,0
1785733887.773,-3.280,-2.399,2.361,0.9975,0,0.973,0.399,2.306,0.2819,9.927,-0.400,-0.779,1.000,-2.306,-4.253,-0.1112,0.0000,-0.111,-0.111,-1.183,0.929,2.112,-2.000,0.0071,-0.338,nan,0.00,1,1,1,0,1,0.0000,0.822,0,0.212,3,0.697,0,0,yolo,136.3,yolo,0,0,0,0.000,0,-1,0
1785733887.807,-3.519,-2.366,2.152,0.9973,0,0.492,0.366,2.306,0.2718,9.927,-0.400,-0.779,1.000,-2.306,-4.011,-0.1289,-0.0204,-0.128,-0.128,-1.204,0.944,2.108,-2.000,0.0071,-0.342,nan,0.00,1,1,1,0,1,0.0000,0.822,0,0.212,3,0.697,0,0,yolo,136.3,yolo,0,0,0,0.000,0,-1,0
1785733887.838,-3.600,-2.336,1.944,0.9972,0,0.137,0.336,2.306,0.2719,9.927,-0.400,-0.779,1.000,-2.306,-3.737,-0.1489,-0.0448,-0.149,-0.149,-1.228,0.958,2.103,-2.000,0.0071,-0.347,nan,0.00,1,1,1,0,1,0.0000,0.822,0,0.212,3,0.697,0,0,yolo,136.3,yolo,0,0,0,0.000,0,-1,0
1785733887.869,-3.604,-2.313,1.742,0.9972,0,-0.707,0.313,2.017,0.2552,9.485,-0.334,-0.432,1.000,-2.017,-2.897,-0.2394,-1.6004,-0.170,-0.105,-1.246,0.972,2.200,-2.000,0.0071,-0.026,nan,0.00,1,1,1,1,1,0.0000,0.571,0,0.196,1,0.711,0,0,yolo,152.5,yolo,0,0,0,0.000,0,-1,0
1785733887.900,-3.541,-2.292,1.572,0.9973,0,-0.670,0.292,2.017,0.2719,9.485,-0.334,-0.432,1.000,-2.017,-2.871,-0.0870,0.0032,-0.192,-0.192,-1.243,0.984,2.200,-2.000,0.0071,-0.030,nan,0.00,1,1,1,0,1,0.0000,0.571,0,0.196,1,0.711,0,0,yolo,152.5,yolo,0,0,0,0.000,0,-1,0
1785733887.930,-3.472,-2.270,1.386,0.9974,0,-0.944,0.270,2.017,0.2719,9.485,-0.334,-0.432,1.000,-2.017,-2.528,-0.1114,0.0161,-0.216,-0.216,-1.230,0.998,2.200,-2.000,0.0071,-0.035,nan,0.00,1,1,1,0,1,0.0000,0.571,0,0.196,1,0.711,0,0,yolo,152.5,yolo,0,0,0,0.000,0,-1,0
1785733887.976,-3.369,-2.249,1.187,0.9975,0,-1.183,0.249,2.017,0.2718,9.485,-0.334,-0.432,1.000,-2.017,-2.186,-0.1358,0.0290,-0.241,-0.241,-1.217,1.012,2.200,-2.000,0.0071,-0.039,nan,0.00,1,1,1,0,1,0.0000,0.547,0,0.172,1,0.723,0,0,yolo,152.5,yolo,0,0,0,0.000,0,-1,0
1785733888.015,-3.369,-2.249,1.187,0.9975,0,-1.183,0.249,2.017,0.2718,9.485,-0.334,-0.432,1.000,-2.017,-2.186,-0.1358,0.0290,-0.241,-0.241,-1.217,1.012,2.200,-2.000,0.0072,-0.039,nan,0.00,1,1,1,0,1,0.0000,0.546,0,0.171,1,0.753,0,0,yolo,152.5,yolo,0,0,0,0.000,0,-1,0
1785733888.055,-3.139,-2.217,0.835,0.9978,0,-2.683,0.217,1.614,0.2552,9.426,-0.266,-0.182,1.000,-1.614,-0.387,-0.3312,-1.1805,-0.282,-0.219,-1.189,1.037,2.200,-2.000,0.0071,0.198,nan,0.00,1,1,1,1,1,0.0000,0.542,0,0.167,1,0.736,0,0,yolo,169.6,yolo,0,0,0,0.000,0,-1,0
1785733888.087,-3.136,-2.217,0.831,0.9978,0,-1.993,0.217,1.614,0.2658,9.426,-0.266,-0.182,1.000,-1.614,-1.143,-0.0637,-0.0001,-0.282,-0.282,-1.189,1.037,2.200,-2.000,0.0071,0.197,nan,0.00,1,1,1,0,1,0.0000,0.542,0,0.167,1,0.736,0,0,yolo,169.6,yolo,0,0,0,0.000,0,-1,0
1785733888.125,-2.904,-2.200,0.666,0.9980,0,-2.105,0.200,1.614,0.2658,9.426,-0.266,-0.182,1.000,-1.614,-0.799,-0.0881,-0.0005,-0.307,-0.307,-1.190,1.051,2.200,-2.000,0.0071,0.194,nan,0.00,1,1,1,0,1,0.0000,0.542,0,0.167,1,0.736,3,0,yolo,169.6,yolo,0,0,0,0.000,0,-1,0
1785733888.164,-2.677,-2.183,0.515,0.9982,0,-2.190,0.183,1.614,0.2660,9.426,-0.266,-0.182,1.000,-1.614,-0.487,-0.1102,0.0034,-0.329,-0.329,-1.186,1.065,2.200,-2.000,0.0071,0.190,nan,0.00,1,1,1,0,1,0.0000,0.548,0,0.173,1,0.761,0,0,yolo,169.6,yolo,0,0,0,0.000,0,-1,0
1785733888.205,-2.460,-2.170,0.369,0.9984,0,-2.346,0.170,1.422,0.2494,9.274,-0.230,-0.019,1.000,-1.422,-0.114,-0.1871,-0.9131,-0.347,-0.270,-1.179,1.077,2.108,-2.000,0.0070,0.342,nan,0.00,1,1,1,1,1,0.0000,0.548,0,0.173,1,0.761,2,0,yolo,162.8,yolo,0,0,0,0.000,0,-1,0
1785733888.244,-2.226,-2.158,0.236,0.9985,0,-2.520,0.158,1.422,0.2623,9.274,-0.230,-0.019,1.000,-1.422,0.294,-0.0942,0.0235,-0.365,-0.365,-1.156,1.089,2.111,-2.000,0.0070,0.339,nan,0.00,1,1,1,0,1,0.0000,0.442,0,0.177,0,0.782,0,0,yolo,162.8,yolo,0,0,0,0.000,0,-1,0
1785733888.285,-1.952,-2.144,0.104,0.9987,0,-2.486,0.144,1.422,0.2637,9.274,-0.230,-0.019,1.000,-1.422,0.534,-0.1110,0.0542,-0.381,-0.381,-1.125,1.101,2.114,-2.000,0.0070,0.336,nan,0.00,1,1,1,0,1,0.0000,0.442,0,0.177,0,0.782,3,0,yolo,162.8,yolo,0,0,0,0.000,0,-1,0
1785733888.323,-1.710,-2.133,-0.020,0.9989,0,-2.430,0.133,1.422,0.2649,9.274,-0.230,-0.019,1.000,-1.422,0.720,-0.1240,0.0810,-0.394,-0.394,-1.098,1.112,2.117,-2.000,0.0069,0.333,nan,0.00,1,1,1,0,1,0.0000,0.413,0,0.141,1,0.791,0,0,yolo,162.8,yolo,0,0,0,0.000,0,-1,0
1785733888.364,-1.478,-2.123,-0.143,0.9990,0,-3.930,0.123,0.592,0.2482,9.140,-0.094,0.217,1.000,-0.592,5.577,-0.7944,-1.3495,-0.405,-0.328,-1.073,1.123,1.892,-2.000,0.0069,0.558,nan,0.00,1,1,1,1,1,0.0000,0.413,0,0.141,1,0.791,2,0,yolo,157.3,yolo,0,0,0,0.000,0,-1,0
1785733888.403,-1.079,-2.112,-0.210,0.9991,0,-3.982,0.112,0.592,0.2561,9.140,-0.094,0.217,1.000,-0.592,2.903,-0.0901,0.0379,-0.418,-0.418,-1.035,1.134,1.894,-2.000,0.0068,0.556,nan,0.00,1,1,1,0,1,0.0000,0.421,0,0.151,1,0.811,0,0,yolo,157.3,yolo,0,0,0,0.000,0,-1,0
1785733888.440,-1.079,-2.112,-0.210,0.9991,0,-3.982,0.112,0.592,0.2560,9.140,-0.094,0.217,1.000,-0.592,2.903,-0.0901,0.0379,-0.418,-0.418,-1.035,1.134,1.894,-2.000,0.0068,0.556,nan,0.00,1,1,1,0,1,0.0000,0.421,0,0.151,1,0.811,2,0,yolo,157.3,yolo,0,0,0,0.000,0,-1,0
1785733888.482,-0.326,-2.090,-0.290,0.9993,0,-3.465,0.090,0.592,0.2587,9.140,-0.094,0.217,1.000,-0.592,3.139,-0.1065,0.0968,-0.435,-0.435,-0.976,1.154,1.899,-2.000,0.0067,0.551,nan,0.00,1,1,1,0,1,0.0000,0.417,0,0.147,1,0.791,0,0,yolo,157.3,yolo,0,0,0,0.000,0,-1,0
1785733888.520,-0.034,-2.082,-0.339,0.9993,0,-4.965,0.082,-0.106,0.2421,8.814,0.016,0.423,1.000,0.106,8.227,-0.8055,-1.4383,-0.438,-0.403,-0.948,1.163,1.707,-2.000,0.0066,0.743,nan,0.00,1,1,1,1,1,0.0000,0.417,0,0.147,1,0.791,2,0,yolo,149.4,yolo,0,0,0,0.000,0,-1,0
1785733888.558,0.374,-2.075,-0.351,0.9993,0,-4.374,0.075,-0.106,0.2503,8.814,0.016,0.423,1.000,0.106,4.748,-0.0373,0.0398,-0.441,-0.441,-0.908,1.171,1.708,-2.000,0.0066,0.742,nan,0.00,1,1,1,0,1,0.0000,0.412,0,0.140,1,0.794,0,0,yolo,149.4,yolo,0,0,0,0.000,0,-1,0
1785733888.589,0.768,-2.068,-0.327,0.9993,0,-3.989,0.068,-0.106,0.2520,8.814,0.016,0.423,1.000,0.106,4.758,-0.0379,0.0785,-0.441,-0.441,-0.870,1.179,1.709,-2.000,0.0065,0.741,nan,0.00,1,1,1,0,1,0.0000,0.412,0,0.140,1,0.794,0,0,yolo,149.4,yolo,0,0,0,0.000,0,-1,0
1785733888.620,1.124,-2.062,-0.313,0.9992,0,-3.592,0.062,-0.106,0.2538,8.814,0.016,0.423,1.000,0.106,4.716,-0.0350,0.1179,-0.439,-0.439,-0.830,1.188,1.710,-2.000,0.0064,0.740,nan,0.00,1,1,1,0,1,0.0000,0.574,0,0.199,1,0.809,0,0,yolo,149.4,yolo,0,0,0,0.000,0,-1,0
1785733888.664,1.124,-2.062,-0.313,0.9992,0,-5.092,0.062,-0.739,0.2371,8.862,0.114,0.593,1.000,0.739,9.947,-0.7335,-1.3027,-0.439,-0.457,-0.830,1.188,1.537,-2.000,0.0063,0.913,nan,0.00,1,1,1,1,1,0.0000,0.574,0,0.199,1,0.810,0,0,yolo,143.3,yolo,0,0,0,0.000,0,-1,0
1785733888.712,1.898,-2.052,-0.263,0.9988,0,-3.936,0.052,-0.739,0.2472,8.862,0.114,0.593,1.000,0.739,5.833,0.0304,0.0904,-0.427,-0.427,-0.740,1.204,1.537,-2.000,0.0062,0.913,nan,0.00,1,1,1,0,1,0.0000,0.459,0,0.199,0,0.810,0,0,yolo,143.3,yolo,0,0,0,0.000,0,-1,0
1785733888.754,2.269,-2.049,-0.184,0.9986,0,-3.416,0.049,-0.739,0.2494,8.862,0.114,0.593,1.000,0.739,5.685,0.0405,0.1401,-0.417,-0.417,-0.690,1.212,1.537,-2.000,0.0061,0.913,nan,0.00,1,1,1,0,1,0.0000,0.576,0,0.201,1,0.822,0,0,yolo,143.3,yolo,0,0,0,0.000,0,-1,0
1785733888.792,2.613,-2.047,-0.122,0.9983,0,-4.916,0.047,-1.316,0.2327,8.564,0.197,0.719,1.000,1.316,11.092,-0.6471,-0.8951,-0.405,-0.456,-0.645,1.220,1.417,-2.000,0.0061,1.033,nan,0.00,1,1,1,1,1,0.0000,0.576,0,0.201,1,0.822,0,0,yolo,146.0,yolo,0,0,0,0.000,0,-1,0
1785733888.828,2.922,-2.045,-0.067,0.9981,0,-3.939,0.045,-1.316,0.2417,8.564,0.197,0.719,1.000,1.316,6.861,0.0663,0.0466,-0.389,-0.389,-0.598,1.228,1.417,-2.000,0.0061,1.033,nan,0.00,1,1,1,0,1,0.0000,0.576,0,0.201,1,0.822,2,0,yolo,146.0,yolo,0,0,0,0.000,0,-1,0
1785733888.854,3.314,-2.046,0.013,0.9977,0,-3.328,0.046,-1.316,0.2441,8.564,0.197,0.719,1.000,1.316,6.642,0.0809,0.0993,-0.375,-0.375,-0.545,1.235,1.415,-2.000,0.0061,1.035,nan,0.00,1,1,1,0,1,0.0000,0.462,0,0.203,0,0.855,0,0,yolo,146.0,yolo,0,0,0,0.000,0,-1,0
1785733888.887,3.628,-2.048,0.134,0.9974,0,-2.727,0.048,-1.316,0.2466,8.564,0.197,0.719,1.000,1.316,6.355,0.1000,0.1522,-0.356,-0.356,-0.493,1.242,1.414,-2.000,0.0061,1.036,nan,0.00,1,1,1,0,1,0.0000,0.462,0,0.203,0,0.855,0,0,yolo,146.0,yolo,0,0,0,0.000,0,-1,0
1785733888.926,3.884,-2.051,0.253,0.9971,0,-2.123,-0.075,-1.316,0.2491,8.564,0.197,0.719,1.000,1.316,6.008,0.1231,0.2069,-0.333,-0.333,-0.438,1.250,1.413,-2.126,0.0061,1.037,nan,0.00,1,1,1,0,1,0.0000,0.462,0,0.203,0,0.855,3,0,yolo,146.0,yolo,0,0,0,0.000,0,-1,0
1785733888.964,4.090,-2.065,0.359,0.9968,0,-3.623,0.183,-1.847,0.2324,8.214,0.265,0.815,1.000,1.847,10.876,-0.4569,-0.5415,-0.308,-0.381,-0.386,1.258,1.323,-1.882,0.0061,1.127,nan,0.00,1,1,1,1,1,0.0000,0.211,0,0.151,0,0.886,0,0,yolo,164.0,yolo,0,0,0,0.000,0,-1,0
1785733889.000,4.424,-2.060,0.500,0.9964,0,-2.673,0.196,-1.847,0.2399,8.214,0.265,0.815,1.000,1.847,7.097,0.0969,0.0612,-0.284,-0.284,-0.324,1.265,1.322,-1.865,0.0061,1.128,nan,0.00,1,1,1,0,1,0.0000,0.211,0,0.151,0,0.886,0,0,yolo,164.0,yolo,0,0,0,0.000,0,-1,0
1785733889.026,4.424,-2.060,0.500,0.9964,0,-2.673,0.112,-1.847,0.2399,8.214,0.265,0.815,1.000,1.847,7.097,0.0969,0.0612,-0.284,-0.284,-0.324,1.265,1.322,-1.948,0.0061,1.128,nan,0.00,1,1,1,0,1,0.0000,0.314,0,0.149,0,0.878,0,0,yolo,164.0,yolo,0,0,0,0.000,0,-1,0
1785733889.057,4.684,-2.054,0.674,0.9960,0,-1.987,0.150,-1.847,0.2427,8.214,0.265,0.815,1.000,1.847,6.670,0.1245,0.1204,-0.256,-0.256,-0.265,1.273,1.322,-1.904,0.0061,1.128,nan,0.00,1,1,1,0,1,0.0000,0.314,0,0.149,0,0.878,0,0,yolo,164.0,yolo,0,0,0,0.000,0,-1,0
1785733889.096,4.924,-2.057,0.828,0.9957,0,-1.312,0.189,-1.847,0.2453,8.214,0.265,0.815,1.000,1.847,6.235,0.1527,0.1766,-0.228,-0.228,-0.209,1.280,1.321,-1.869,0.0061,1.129,nan,0.00,1,1,1,0,1,0.0000,0.314,0,0.149,0,0.878,2,0,yolo,164.0,yolo,0,0,0,0.000,0,-1,0
1785733889.126,5.109,-2.057,0.976,0.9954,0,-2.812,0.445,-2.474,0.2286,7.911,0.342,0.910,1.000,2.474,12.146,-0.5192,-0.5489,-0.198,-0.311,-0.152,1.288,1.230,-1.612,0.0061,1.220,nan,0.00,1,1,1,1,1,0.0000,0.317,0,0.154,0,0.872,0,0,yolo,153.4,yolo,0,0,0,0.000,0,-1,0
1785733889.150,5.367,-2.035,1.173,0.9950,0,-1.911,0.443,-2.474,0.2379,7.911,0.342,0.910,1.000,2.474,7.278,0.1436,0.0694,-0.167,-0.167,-0.083,1.295,1.232,-1.592,0.0061,1.218,nan,0.00,1,1,1,0,1,0.0000,0.317,0,0.154,0,0.872,0,0,yolo,153.4,yolo,0,0,0,0.000,0,-1,0
1785733889.189,5.367,-2.035,1.173,0.9950,0,-1.911,0.368,-2.474,0.2379,7.911,0.342,0.910,1.000,2.474,7.278,0.1436,0.0694,-0.167,-0.167,-0.083,1.295,1.232,-1.667,0.0061,1.218,nan,0.00,1,1,1,0,1,0.0000,0.318,0,0.155,0,0.873,0,0,yolo,153.4,yolo,0,0,0,0.000,0,-1,0
1785733889.235,5.747,-2.001,1.640,0.9944,0,-0.411,0.476,-2.474,0.2443,7.911,0.342,0.910,1.000,2.474,6.158,0.2143,0.2054,-0.096,-0.096,0.053,1.310,1.235,-1.524,0.0061,1.215,nan,0.00,1,1,1,0,1,0.0000,0.321,0,0.160,0,0.873,0,0,yolo,153.4,yolo,0,0,0,0.000,0,-1,0
1785733889.275,5.786,-1.975,1.867,0.9943,0,-1.911,0.552,-2.834,0.2276,7.609,0.377,0.978,1.000,2.834,11.824,-0.4779,-0.5695,-0.059,-0.209,0.121,1.318,1.200,-1.423,0.0061,1.272,nan,0.00,1,1,1,1,1,0.0000,0.321,0,0.160,0,0.873,0,0,yolo,157.4,yolo,0,0,0,0.000,0,-1,0
1785733889.330,5.966,-1.948,2.109,0.9940,0,-0.453,0.532,-2.834,0.2367,7.609,0.377,0.978,1.000,2.834,6.419,0.1855,0.0722,-0.023,-0.023,0.193,1.325,1.200,-1.416,0.0061,1.270,nan,0.00,1,1,1,0,1,0.0000,0.320,0,0.158,0,0.869,0,0,yolo,157.4,yolo,0,0,0,0.000,0,-1,0
1785733889.367,6.016,-1.924,2.360,0.9939,0,0.162,0.514,-2.834,0.2398,7.609,0.377,0.978,1.000,2.834,5.855,0.2202,0.1373,0.011,0.011,0.258,1.331,1.200,-1.410,0.0061,1.267,nan,0.00,1,1,1,0,1,0.0000,0.321,0,0.160,0,0.846,0,0,yolo,157.4,yolo,0,0,0,0.000,0,-1,0
1785733889.414,5.994,-1.902,2.609,0.9940,0,0.713,0.502,-2.834,0.2428,7.609,0.377,0.978,1.000,2.834,5.282,0.2554,0.2031,0.047,0.047,0.324,1.338,1.200,-1.400,0.0061,1.264,nan,0.00,1,1,1,0,1,0.0000,0.324,0,0.164,0,0.840,0,0,yolo,157.4,yolo,0,0,0,0.000,0,-1,0
1785733889.453,5.926,-1.878,2.864,0.9941,0,2.213,0.492,-1.850,0.2302,7.640,0.247,1.107,1.000,1.850,3.700,-0.0000,-0.0000,0.082,0.082,0.391,1.345,1.200,-1.386,0.0061,1.376,nan,0.00,1,1,1,1,1,0.0000,0.324,0,0.164,0,0.840,2,0,yolo,183.6,yolo,0,0,0,0.000,0,-1,0
1785733889.501,5.712,-1.849,3.049,0.9945,0,2.568,0.474,-1.850,0.2336,7.640,0.247,1.107,1.000,1.850,3.144,0.0342,0.0738,0.117,0.117,0.465,1.351,1.200,-1.375,0.0061,1.372,nan,0.00,1,1,1,0,1,0.0000,0.328,0,0.172,0,0.836,1,0,yolo,183.6,yolo,0,0,0,0.000,0,-1,0
1785733889.538,5.516,-1.817,3.183,0.9949,0,2.877,0.444,-1.850,0.2367,7.640,0.247,1.107,1.000,1.850,2.639,0.0653,0.1416,0.148,0.148,0.533,1.357,1.200,-1.373,0.0061,1.367,nan,0.00,1,1,1,0,1,0.0000,0.330,0,0.175,0,0.826,0,0,yolo,183.6,yolo,0,0,0,0.000,0,-1,0
1785733889.570,5.300,-1.788,3.331,0.9952,0,3.111,0.417,-1.850,0.2398,7.640,0.247,1.107,1.000,1.850,2.190,0.0930,0.2083,0.175,0.175,0.599,1.362,1.200,-1.371,0.0061,1.362,nan,0.00,1,1,1,0,1,0.0000,0.332,0,0.178,0,0.828,0,0,yolo,183.6,yolo,0,0,0,0.000,0,-1,0
1785733889.600,5.042,-1.762,3.492,0.9957,0,3.273,0.397,-1.850,0.2430,7.640,0.247,1.107,1.000,1.850,1.769,0.1189,0.2783,0.201,0.201,0.669,1.368,1.200,-1.365,0.0061,1.358,nan,0.00,1,1,1,0,1,0.0000,0.332,0,0.178,0,0.828,0,0,yolo,183.6,yolo,0,0,0,0.000,0,-1,0
1785733889.639,4.756,-1.739,3.643,0.9961,0,1.773,0.378,-2.197,0.2263,7.558,0.290,1.133,1.000,2.197,7.033,-0.2746,-0.1429,0.224,-0.015,0.738,1.373,1.200,-1.361,0.0061,1.382,nan,0.00,1,1,1,1,1,0.0000,0.332,0,0.178,0,0.828,3,0,yolo,161.6,yolo,0,0,0,0.000,0,-1,0
1785733889.688,4.586,-1.716,3.835,0.9964,0,3.238,0.370,-2.197,0.2430,7.558,0.290,1.133,1.000,2.197,1.348,0.2635,0.0791,0.249,0.249,0.817,1.379,1.200,-1.346,0.0061,1.379,nan,0.00,1,1,1,0,1,0.0000,0.478,0,0.223,0,0.817,0,0,yolo,161.6,yolo,0,0,0,0.000,0,-1,0
1785733889.726,4.251,-1.694,4.047,0.9968,0,3.233,0.362,-2.197,0.2596,7.558,0.290,1.133,1.000,2.197,1.018,0.2837,0.1522,0.269,0.269,0.890,1.385,1.200,-1.332,0.0061,1.374,nan,0.00,1,1,1,0,1,0.0000,0.476,0,0.220,0,0.829,0,0,yolo,161.6,yolo,0,0,0,0.000,0,-1,0
1785733889.757,3.937,-1.672,4.236,0.9972,0,3.186,0.347,-2.197,0.2709,7.558,0.290,1.133,1.000,2.197,0.751,0.3000,0.2119,0.285,0.285,0.950,1.390,1.200,-1.325,0.0061,1.370,nan,0.00,1,1,1,0,1,0.0000,0.476,0,0.220,0,0.829,0,0,yolo,161.6,yolo,0,0,0,0.000,0,-1,0
1785733889.797,3.644,-1.651,4.417,0.9976,0,2.528,0.330,-1.630,0.2708,7.315,0.208,1.049,1.000,1.630,1.116,0.4346,0.6015,0.299,0.067,0.996,1.395,1.200,-1.321,0.0061,1.270,nan,0.00,1,1,1,1,1,0.0000,0.476,0,0.220,0,0.829,2,0,yolo,150.7,yolo,0,0,0,0.000,0,-1,0
1785733889.835,3.397,-1.627,4.571,0.9978,0,4.028,0.313,-1.630,0.2707,7.315,0.208,1.049,1.000,1.630,-0.842,0.2467,0.0372,0.314,0.314,1.034,1.399,1.200,-1.314,0.0061,1.267,nan,0.00,1,1,1,0,1,0.0000,0.476,0,0.220,0,0.853,0,0,yolo,150.7,yolo,0,0,0,0.000,0,-1,0
1785733889.871,2.971,-1.602,4.707,0.9983,0,3.969,0.294,-1.630,0.2706,7.315,0.208,1.049,1.000,1.630,-0.998,0.2560,0.0528,0.323,0.323,1.049,1.404,1.200,-1.308,0.0061,1.262,nan,0.00,1,1,1,0,1,0.0000,0.476,0,0.220,0,0.853,0,0,yolo,150.7,yolo,0,0,0,0.000,0,-1,0
1785733889.906,2.971,-1.602,4.707,0.9983,0,3.969,0.240,-1.630,0.2706,7.315,0.208,1.049,1.000,1.630,-0.998,0.2560,0.0528,0.323,0.323,1.049,1.404,1.200,-1.362,0.0061,1.262,nan,0.00,1,1,1,0,1,0.0000,0.476,0,0.220,0,0.857,0,0,yolo,150.7,yolo,0,0,0,0.000,0,-1,0
1785733889.943,2.212,-1.563,4.990,0.9989,0,3.177,0.101,-1.151,0.2704,7.044,0.141,0.983,1.000,1.151,-0.965,0.4419,0.6191,0.332,0.134,1.043,1.413,1.270,-1.462,0.0061,1.180,nan,0.00,1,1,1,1,1,0.0000,0.475,0,0.219,0,0.858,0,0,yolo,176.7,yolo,0,0,0,0.000,0,-1,0
1785733889.985,2.212,-1.563,4.990,0.9989,0,4.377,0.046,-1.151,0.2704,7.044,0.141,0.983,1.000,1.151,-2.164,0.1982,0.0000,0.332,0.332,1.043,1.413,1.270,-1.516,0.0061,1.180,nan,0.00,1,1,1,0,1,0.0000,0.475,0,0.219,0,0.858,1,0,yolo,176.7,yolo,0,0,0,0.000,0,-1,0
1785733890.030,1.523,-1.554,5.175,0.9993,0,3.722,0.100,-1.151,0.2703,7.044,0.141,0.983,1.000,1.151,-2.199,0.2002,-0.0215,0.334,0.334,1.021,1.421,1.273,-1.455,0.0061,1.177,nan,0.00,1,1,1,0,1,0.0000,0.470,0,0.212,0,0.853,0,0,yolo,176.7,yolo,0,0,0,0.000,0,-1,0
1785733890.067,1.175,-1.546,5.268,0.9994,0,3.336,0.087,-1.151,0.2703,7.044,0.141,0.983,1.000,1.151,-2.161,0.1980,-0.0333,0.332,0.332,1.010,1.425,1.274,-1.458,0.0061,1.176,nan,0.00,1,1,1,0,1,0.0000,0.470,0,0.212,0,0.853,0,0,yolo,176.7,yolo,0,0,0,0.000,0,-1,0
1785733890.105,0.866,-1.538,5.366,0.9995,0,2.965,0.079,-1.151,0.2703,7.044,0.141,0.983,1.000,1.151,-2.099,0.1944,-0.0452,0.328,0.328,0.998,1.429,1.276,-1.459,0.0061,1.174,nan,0.00,1,1,1,0,1,0.0000,0.470,0,0.212,0,0.853,4,0,yolo,176.7,yolo,0,0,0,0.000,0,-1,0
1785733890.153,0.613,-1.532,5.453,0.9996,0,4.465,-0.741,0.349,0.2702,6.169,-0.184,0.686,1.000,-1.711,-8.783,-0.0000,-0.0000,0.324,0.324,0.987,1.432,1.601,-2.273,0.0061,0.849,nan,0.00,1,1,1,1,1,0.0000,0.469,0,0.211,0,0.845,1,0,yolo,169.2,yolo,0,0,0,0.000,0,-1,0
1785733890.192,0.335,-1.525,5.546,0.9996,0,5.965,-0.742,1.711,0.2701,6.169,-0.184,0.686,1.000,-1.711,-8.665,-0.0062,-0.0114,0.318,0.318,0.976,1.436,1.601,-2.267,0.0060,0.849,nan,0.00,1,1,1,0,1,0.0000,0.177,0,0.068,0,0.873,0,0,yolo,169.2,yolo,0,0,0,0.000,0,-1,0
1785733890.225,-0.068,-1.590,5.556,0.9996,0,7.465,-0.636,1.711,0.2700,6.169,-0.184,0.686,1.000,-1.711,-8.500,-0.0150,-0.0223,0.309,0.309,0.965,1.441,1.593,-2.226,0.0059,0.857,nan,0.00,1,1,1,0,1,0.0000,0.177,0,0.068,0,0.873,0,0,yolo,169.2,yolo,0,0,0,0.000,0,-1,0
1785733890.254,-0.597,-1.658,5.424,0.9995,0,7.704,-0.531,1.711,0.2699,6.169,-0.184,0.686,1.000,-1.711,-8.302,-0.0255,-0.0329,0.299,0.299,0.954,1.445,1.584,-2.189,0.0058,0.866,nan,0.00,1,1,1,0,1,0.0000,0.328,0,0.171,0,0.858,0,0,yolo,169.2,yolo,0,0,0,0.000,0,-1,0
1785733890.300,-1.262,-1.702,5.252,0.9993,0,6.204,-0.460,1.847,0.2699,5.895,-0.179,0.695,0.983,-1.743,-6.152,0.0250,-0.0589,0.283,0.122,0.944,1.450,1.576,-2.162,0.0057,0.874,nan,0.00,1,1,1,1,1,0.0000,0.328,0,0.171,0,0.856,0,0,yolo,161.2,yolo,0,0,0,0.000,0,-1,0
1785733890.336,-1.952,-1.751,5.113,0.9990,0,6.739,-0.375,1.836,0.2699,5.895,-0.179,0.695,0.983,-1.743,-8.692,0.1387,-0.0102,0.261,0.261,0.934,1.455,1.569,-2.126,0.0056,0.881,nan,0.00,1,1,1,0,1,0.0000,0.328,0,0.171,0,0.856,0,0,yolo,161.2,yolo,0,0,0,0.000,0,-1,0
1785733890.374,-2.525,-1.799,4.971,0.9985,0,5.687,-0.285,1.827,0.2699,5.895,-0.179,0.695,0.983,-1.743,-8.212,0.1137,-0.0207,0.236,0.236,0.923,1.460,1.563,-2.084,0.0055,0.887,nan,0.00,1,1,1,0,1,0.0000,0.328,0,0.171,0,0.856,2,0,yolo,161.2,yolo,0,0,0,0.000,0,-1,0
1785733890.418,-3.076,-1.834,4.807,0.9980,0,4.590,-0.216,1.821,0.2700,5.895,-0.179,0.695,0.983,-1.743,-7.666,0.0852,-0.0311,0.207,0.207,0.913,1.466,1.558,-2.049,0.0055,0.892,nan,0.00,1,1,1,0,1,0.0000,0.438,0,0.172,1,0.837,1,0,yolo,161.2,yolo,0,0,0,0.000,0,-1,0
1785733890.459,-3.651,-1.872,4.642,0.9974,0,3.943,-0.241,2.247,0.2701,5.630,-0.200,0.662,0.938,-2.036,-7.594,0.2880,0.3562,0.174,0.102,0.903,1.472,1.594,-2.112,0.0054,0.856,nan,0.00,1,1,1,1,1,0.0000,0.438,0,0.173,1,0.835,0,0,yolo,158.9,yolo,0,0,0,0.000,0,-1,0
1785733890.490,-4.090,-1.903,4.488,0.9969,0,2.876,-0.177,2.214,0.2701,5.630,-0.200,0.662,0.938,-2.036,-6.966,0.0381,-0.0098,0.141,0.141,0.893,1.478,1.589,-2.080,0.0053,0.861,nan,0.00,1,1,1,0,1,0.0000,0.438,0,0.173,1,0.835,0,0,yolo,158.9,yolo,0,0,0,0.000,0,-1,0
1785733890.522,-4.365,-1.934,4.302,0.9965,0,1.995,-0.114,2.190,0.2701,5.630,-0.200,0.662,0.938,-2.036,-6.360,0.0062,-0.0198,0.109,0.109,0.883,1.484,1.586,-2.048,0.0052,0.864,nan,0.00,1,1,1,0,1,0.0000,0.578,0,0.203,1,0.831,0,0,yolo,158.9,yolo,0,0,0,0.000,0,-1,0
1785733890.553,-4.563,-1.961,4.101,0.9962,0,1.204,-0.058,2.171,0.2701,5.630,-0.200,0.662,0.938,-2.036,-5.767,-0.0250,-0.0297,0.077,0.077,0.873,1.490,1.582,-2.019,0.0051,0.868,nan,0.00,1,1,1,0,1,0.0000,0.578,0,0.203,1,0.831,0,0,yolo,158.9,yolo,0,0,0,0.000,0,-1,0
1785733890.594,-4.680,-1.981,3.927,0.9961,0,0.549,-0.019,2.157,0.2701,5.630,-0.200,0.662,0.938,-2.036,-5.230,-0.0533,-0.0389,0.049,0.049,0.864,1.496,1.580,-2.000,0.0050,0.870,nan,0.00,1,1,1,0,1,0.0000,0.575,0,0.200,1,0.805,0,0,yolo,158.9,yolo,0,0,0,0.000,0,-1,0
1785733890.629,-4.742,-1.999,3.737,0.9960,0,2.049,-0.180,2.693,0.2700,5.414,-0.237,0.582,0.902,-2.511,-7.465,0.2689,0.4895,0.018,0.041,0.853,1.503,1.662,-2.179,0.0049,0.788,nan,0.00,1,1,1,1,1,0.0000,0.575,0,0.200,1,0.805,0,0,yolo,163.7,yolo,0,0,0,0.000,0,-1,0
1785733890.662,-4.742,-1.999,3.737,0.9960,0,1.084,-0.246,2.721,0.2700,5.414,-0.237,0.582,0.902,-2.511,-5.825,-0.0227,0.0000,0.018,0.018,0.853,1.503,1.662,-2.245,0.0049,0.788,nan,0.00,1,1,1,0,1,0.0000,0.575,0,0.200,1,0.805,0,0,yolo,163.7,yolo,0,0,0,0.000,0,-1,0
1785733890.698,-4.975,-2.041,3.495,0.9956,0,0.205,-0.139,2.742,0.2700,5.414,-0.237,0.582,0.902,-2.511,-5.181,-0.0569,-0.0105,-0.016,-0.016,0.843,1.510,1.657,-2.180,0.0048,0.793,nan,0.00,1,1,1,0,1,0.0000,0.575,0,0.200,1,0.805,4,0,yolo,163.7,yolo,0,0,0,0.000,0,-1,0
1785733890.746,-5.078,-2.085,3.254,0.9954,0,-0.459,-0.043,2.758,0.2699,5.414,-0.237,0.582,0.902,-2.511,-4.618,-0.0868,-0.0199,-0.046,-0.046,0.834,1.517,1.653,-2.128,0.0047,0.797,nan,0.00,1,1,1,0,1,0.0000,0.577,0,0.202,1,0.796,1,0,yolo,163.7,yolo,0,0,0,0.000,0,-1,0
1785733890.784,-5.059,-2.140,2.818,0.9954,0,-1.441,0.149,2.770,0.2699,5.414,-0.237,0.582,0.902,-2.511,-3.619,-0.1400,-0.0374,-0.099,-0.099,0.816,1.531,1.647,-1.992,0.0046,0.803,nan,0.00,1,1,1,0,1,0.0000,0.582,0,0.207,1,0.793,0,0,yolo,163.7,yolo,0,0,0,0.000,0,-1,0
1785733890.816,-4.975,-2.153,2.609,0.9955,0,-2.941,-0.347,3.143,0.2698,4.247,-0.157,0.112,0.708,-2.123,-2.006,-0.0000,-0.0000,-0.122,-0.122,0.808,1.538,2.020,-2.500,0.0046,0.285,nan,0.00,1,1,1,1,1,0.0000,0.587,0,0.212,1,0.831,0,0,yolo,202.5,yolo,0,0,0,0.000,0,-1,0
1785733890.856,-4.974,-2.154,2.606,0.9955,0,-2.974,-0.346,3.240,0.2698,4.247,-0.157,0.112,0.708,-2.123,-2.000,-0.0003,-0.0001,-0.123,-0.123,0.808,1.538,2.020,-2.500,0.0046,0.285,nan,0.00,1,1,1,0,1,0.0000,0.587,0,0.212,1,0.831,1,0,yolo,202.5,yolo,0,0,0,0.000,0,-1,0
1785733890.903,-4.659,-2.218,2.319,0.9959,0,-3.055,-0.282,3.314,0.2605,4.247,-0.157,0.112,0.708,-2.123,-1.604,-0.0225,-0.0102,-0.145,-0.145,0.798,1.547,2.016,-2.500,0.0045,0.289,nan,0.00,1,1,1,0,1,0.0000,0.587,0,0.212,1,0.839,2,0,yolo,202.5,yolo,0,0,0,0.000,0,-1,0
1785733890.941,-4.104,-2.323,1.755,0.9966,0,-3.104,-0.177,3.369,0.2593,4.247,-0.157,0.112,0.708,-2.123,-1.000,-0.0563,-0.0261,-0.179,-0.179,0.782,1.566,2.011,-2.500,0.0045,0.295,nan,0.00,1,1,1,0,1,0.0000,0.418,0,0.147,1,0.849,0,0,yolo,202.5,yolo,0,0,0,0.000,0,-1,0
1785733890.995,-3.827,-2.358,1.487,0.9969,0,-2.172,-0.142,3.086,0.2733,4.168,-0.142,0.064,0.695,-1.952,-1.654,-0.0623,0.2522,-0.191,-0.106,0.790,1.575,2.034,-2.500,0.0045,0.245,nan,0.00,1,1,1,1,1,0.0000,0.418,0,0.147,1,0.849,3,0,yolo,159.7,yolo,0,0,0,0.000,0,-1,0
1785733891.042,-3.626,-2.388,1.225,0.9971,0,-3.508,-0.112,2.921,0.2622,4.168,-0.142,0.064,0.695,-1.952,-0.118,-0.0985,0.0093,-0.205,-0.205,0.799,1.584,2.034,-2.500,0.0045,0.247,nan,0.00,1,1,1,0,1,0.0000,0.293,0,0.212,1,0.796,0,0,yolo,159.7,yolo,0,0,0,0.000,0,-1,0
1785733891.066,-3.428,-2.416,0.984,0.9973,0,-3.522,-0.084,2.797,0.2692,4.168,-0.142,0.064,0.695,-1.952,0.094,-0.1104,0.0176,-0.217,-0.217,0.808,1.593,2.034,-2.500,0.0044,0.248,nan,0.00,1,1,1,0,1,0.0000,0.406,0,0.132,1,0.786,0,0,yolo,159.7,yolo,0,0,0,0.000,0,-1,0
1785733891.097,-3.084,-2.438,0.744,0.9976,0,-3.330,-0.062,2.704,0.2690,4.168,-0.142,0.064,0.695,-1.952,0.246,-0.1189,0.0229,-0.225,-0.225,0.813,1.603,2.034,-2.500,0.0044,0.249,nan,0.00,1,1,1,0,1,0.0000,0.406,0,0.132,1,0.786,0,0,yolo,159.7,yolo,0,0,0,0.000,0,-1,0
1785733891.128,-3.084,-2.438,0.744,0.9976,0,-3.330,-0.062,2.635,0.2690,4.168,-0.142,0.064,0.695,-1.952,0.246,-0.1189,0.0229,-0.225,-0.225,0.813,1.603,2.034,-2.500,0.0044,0.249,nan,0.00,1,1,1,0,1,0.0000,0.406,0,0.132,1,0.786,0,0,yolo,159.7,yolo,0,0,0,0.000,0,-1,0
1785733891.164,-2.758,-2.456,0.514,0.9979,0,-2.854,-0.044,2.153,0.2844,4.088,-0.113,-0.008,0.681,-1.585,0.095,-0.1569,0.4577,-0.232,-0.158,0.812,1.613,2.018,-2.500,0.0044,0.173,nan,0.00,1,1,1,1,1,0.0000,0.296,0,0.119,0,0.758,0,0,yolo,190.8,yolo,0,0,0,0.000,0,-1,0
1785733891.222,-2.161,-2.485,0.098,0.9983,0,-3.208,-0.015,1.956,0.2677,4.088,-0.113,-0.008,0.681,-1.585,1.048,-0.0839,-0.0231,-0.242,-0.242,0.789,1.632,2.018,-2.500,0.0043,0.174,nan,0.00,1,1,1,0,1,0.0000,0.439,0,0.173,0,0.739,0,0,yolo,190.8,yolo,0,0,0,0.000,0,-1,0
1785733891.254,-1.871,-2.492,-0.052,0.9985,0,-2.968,-0.008,1.809,0.2620,4.088,-0.113,-0.008,0.681,-1.585,1.097,-0.0866,-0.0347,-0.245,-0.245,0.777,1.641,2.018,-2.500,0.0043,0.174,nan,0.00,1,1,1,0,1,0.0000,0.291,0,0.207,1,0.728,0,0,yolo,190.8,yolo,0,0,0,0.000,0,-1,0
1785733891.296,-1.600,-2.497,-0.193,0.9987,0,-2.725,-0.003,1.699,0.2617,4.088,-0.113,-0.008,0.681,-1.585,1.125,-0.0882,-0.0386,-0.246,-0.246,0.773,1.650,2.018,-2.500,0.0043,0.173,nan,0.00,1,1,1,0,1,0.0000,0.396,0,0.120,1,0.718,0,0,yolo,190.8,yolo,0,0,0,0.000,0,-1,0
1785733891.331,-1.347,-2.502,-0.333,0.9988,0,-2.482,0.002,1.616,0.2618,4.088,-0.113,-0.008,0.681,-1.585,1.135,-0.0888,-0.0358,-0.247,-0.247,0.776,1.659,2.018,-2.500,0.0043,0.173,nan,0.00,1,1,1,0,1,0.0000,0.396,0,0.120,1,0.718,0,0,yolo,190.8,yolo,0,0,0,0.000,0,-1,0
1785733891.372,-1.105,-2.505,-0.470,0.9989,0,-2.555,0.052,1.176,0.2785,3.932,-0.065,-0.109,0.655,-0.949,1.449,-0.2185,0.5429,-0.246,-0.160,0.784,1.668,1.986,-2.453,0.0043,0.065,nan,0.00,1,1,1,1,1,0.0000,0.396,0,0.120,1,0.718,3,0,yolo,187.6,yolo,0,0,0,0.000,0,-1,0
1785733891.433,-0.836,-2.502,-0.582,0.9989,0,-3.061,0.073,1.157,0.2672,3.932,-0.065,-0.109,0.655,-0.949,2.225,-0.0847,0.0116,-0.244,-0.244,0.796,1.678,1.986,-2.429,0.0043,0.064,nan,0.00,1,1,1,0,1,0.0000,0.332,0,0.178,2,0.668,2,0,yolo,187.6,yolo,0,0,0,0.000,0,-1,0
1785733891.483,-0.339,-2.494,-0.754,0.9990,0,-2.434,0.175,1.143,0.2685,3.932,-0.065,-0.109,0.655,-0.949,2.095,-0.0774,0.0187,-0.237,-0.237,0.803,1.694,1.986,-2.319,0.0043,0.063,nan,0.00,1,1,1,0,1,0.0000,0.395,0,0.119,1,0.677,1,0,yolo,187.6,yolo,0,0,0,0.000,0,-1,0
1785733891.529,-0.117,-2.479,-0.847,0.9991,0,-2.111,0.140,1.132,0.2673,3.932,-0.065,-0.109,0.655,-0.949,1.995,-0.0717,0.0138,-0.231,-0.231,0.798,1.701,1.986,-2.340,0.0043,0.062,nan,0.00,1,1,1,0,1,0.0000,0.244,0,0.113,2,0.612,0,0,yolo,187.6,yolo,0,0,0,0.000,0,-1,0
1785733891.568,0.066,-2.468,-0.933,0.9991,0,-2.681,0.221,0.732,0.2840,3.718,-0.017,-0.224,0.620,-0.257,2.747,-0.2693,0.7552,-0.225,-0.161,0.790,1.709,1.944,-2.247,0.0043,-0.064,nan,0.00,1,1,1,1,1,0.0000,0.488,0,0.113,2,0.612,0,0,yolo,200.2,yolo,0,0,0,0.000,0,-1,0
1785733891.606,0.307,-2.449,-1.000,0.9991,0,-2.586,0.197,0.739,0.2701,3.718,-0.017,-0.224,0.620,-0.257,2.892,-0.0563,-0.0097,-0.218,-0.218,0.781,1.716,1.944,-2.253,0.0043,-0.065,nan,0.00,1,1,1,0,1,0.0000,0.488,0,0.113,2,0.612,2,0,yolo,200.2,yolo,0,0,0,0.000,0,-1,0
1785733891.644,0.551,-2.431,-1.051,0.9991,0,-2.184,0.181,0.745,0.2697,3.718,-0.017,-0.224,0.620,-0.257,2.735,-0.0473,-0.0181,-0.209,-0.209,0.772,1.723,1.944,-2.250,0.0043,-0.067,nan,0.00,1,1,1,0,1,0.0000,0.346,0,0.058,2,0.582,0,0,yolo,200.2,yolo,0,0,0,0.000,0,-1,0
1785733891.674,0.756,-2.414,-1.111,0.9990,0,-1.802,0.171,0.749,0.2694,3.718,-0.017,-0.224,0.620,-0.257,2.559,-0.0371,-0.0259,-0.198,-0.198,0.764,1.731,1.944,-2.243,0.0043,-0.068,nan,0.00,1,1,1,0,1,0.0000,0.346,0,0.058,2,0.582,0,0,yolo,200.2,yolo,0,0,0,0.000,0,-1,0
1785733891.706,0.947,-2.396,-1.183,0.9990,0,-1.575,0.256,0.314,0.2861,3.550,0.008,-0.289,0.592,0.123,2.523,-0.1411,0.4360,-0.186,-0.134,0.755,1.739,1.910,-2.141,0.0043,-0.140,nan,0.00,1,1,1,1,1,0.0000,0.486,0,0.111,2,0.568,0,0,yolo,165.0,yolo,0,0,0,0.000,0,-1,0
1785733891.753,1.110,-2.370,-1.219,0.9990,0,-1.686,0.238,0.128,0.2721,3.550,0.008,-0.289,0.592,0.123,2.795,-0.0399,-0.0171,-0.174,-0.174,0.737,1.746,1.910,-2.132,0.0043,-0.142,nan,0.00,1,1,1,0,1,0.0000,0.252,0,0.046,1,0.564,0,0,yolo,165.0,yolo,0,0,0,0.000,0,-1,0
1785733891.795,1.289,-2.346,-1.221,0.9989,0,-1.290,0.224,-0.011,0.2715,3.550,0.008,-0.289,0.592,0.123,2.580,-0.0275,-0.0328,-0.162,-0.162,0.722,1.753,1.910,-2.122,0.0043,-0.143,nan,0.00,1,1,1,0,1,0.0000,0.168,0,0.045,0,0.558,0,0,yolo,165.0,yolo,0,0,0,0.000,0,-1,0
1785733891.833,1.416,-2.325,-1.219,0.9989,0,-0.961,0.207,-0.115,0.2710,3.550,0.008,-0.289,0.592,0.123,2.377,-0.0157,-0.0455,-0.150,-0.150,0.709,1.759,1.910,-2.119,0.0044,-0.145,nan,0.00,1,1,1,0,1,0.0000,0.168,0,0.045,0,0.558,0,0,yolo,165.0,yolo,0,0,0,0.000,0,-1,0
1785733891.874,1.506,-2.307,-1.211,0.9988,0,-0.681,0.188,-0.193,0.2704,3.550,0.008,-0.289,0.592,0.123,2.187,-0.0047,-0.0580,-0.139,-0.139,0.697,1.765,1.910,-2.119,0.0044,-0.146,nan,0.00,1,1,1,0,1,0.0000,0.164,0,0.034,0,0.521,0,0,yolo,165.0,yolo,0,0,0,0.000,0,-1,0
1785733891.911,1.575,-2.290,-1.193,0.9988,0,-1.250,0.287,-0.581,0.2871,3.332,0.033,-0.362,0.555,0.565,2.825,-0.1545,0.4892,-0.128,-0.113,0.682,1.771,1.866,-2.002,0.0044,-0.227,nan,0.00,1,1,1,1,1,0.0000,0.161,0,0.029,0,0.502,0,0,yolo,172.0,yolo,0,0,0,0.000,0,-1,0
1785733891.950,1.711,-2.261,-1.144,0.9988,0,-0.722,0.267,-0.682,0.2749,3.332,0.033,-0.362,0.555,0.565,2.433,-0.0022,-0.0157,-0.115,-0.115,0.667,1.777,1.866,-1.994,0.0044,-0.229,nan,0.00,1,1,1,0,1,0.0000,0.240,0,0.026,1,0.491,0,0,yolo,172.0,yolo,0,0,0,0.000,0,-1,0
1785733891.990,1.780,-2.238,-1.077,0.9988,0,-0.459,0.248,-0.758,0.2742,3.332,0.033,-0.362,0.555,0.565,2.239,0.0092,-0.0331,-0.103,-0.103,0.649,1.782,1.866,-1.990,0.0044,-0.230,nan,0.00,1,1,1,0,1,0.0000,0.240,0,0.026,1,0.491,0,0,yolo,172.0,yolo,0,0,0,0.000,0,-1,0
1785733892.029,1.822,-2.217,-1.014,0.9987,0,-0.236,0.228,-0.816,0.2734,3.332,0.033,-0.362,0.555,0.565,2.058,0.0198,-0.0512,-0.093,-0.093,0.631,1.787,1.866,-1.990,0.0045,-0.231,nan,0.00,1,1,1,0,1,0.0000,0.240,0,0.026,1,0.491,2,0,yolo,172.0,yolo,0,0,0,0.000,0,-1,0
1785733892.077,1.847,-2.197,-0.941,0.9987,0,-1.593,0.775,-1.537,0.2901,2.213,0.096,-0.772,0.369,2.472,3.440,-0.0000,0.6096,-0.081,-0.081,0.610,1.793,1.643,-1.422,0.0045,-0.224,nan,0.00,1,1,0,1,1,0.0000,0.285,0,0.100,0,0.487,3,0,yolo,156.3,yolo,0,0,0,0.000,0,-1,0
1785733892.113,2.021,-2.119,-0.807,0.9987,0,-1.218,0.691,-1.472,0.3015,2.213,0.096,-0.772,0.369,2.472,3.239,0.0125,0.5797,-0.069,-0.069,0.580,1.797,1.643,-1.428,0.0045,-0.218,nan,0.00,1,1,0,0,1,0.0000,0.375,0,0.094,1,0.462,0,0,yolo,156.3,yolo,0,0,0,0.000,0,-1,0
1785733892.152,2.134,-2.057,-0.657,0.9987,0,-0.915,0.622,-1.423,0.2997,2.213,0.096,-0.772,0.369,2.472,3.049,0.0243,0.5438,-0.057,-0.057,0.544,1.800,1.643,-1.435,0.0045,-0.211,nan,0.00,1,1,0,0,1,0.0000,0.375,0,0.094,1,0.462,1,0,yolo,156.3,yolo,0,0,0,0.000,0,-1,0
1785733892.200,2.214,-2.006,-0.537,0.9986,0,-0.670,0.542,-1.580,0.2975,2.251,0.095,-0.740,0.375,2.408,2.884,0.0377,0.5006,-0.045,-0.049,0.501,1.804,1.650,-1.463,0.0045,-0.205,nan,0.00,1,1,0,1,1,0.0000,0.187,0,0.093,1,0.437,0,0,yolo,151.8,yolo,0,0,0,0.000,0,-1,0
1785733892.243,2.273,-1.961,-0.412,0.9986,0,-0.431,0.490,-1.708,0.2948,2.251,0.095,-0.740,0.375,2.408,2.704,0.0155,0.4449,-0.033,-0.033,0.445,1.807,1.650,-1.471,0.0045,-0.199,nan,0.00,1,1,0,0,1,0.0000,0.482,0,0.107,2,0.418,0,0,yolo,151.8,yolo,0,0,0,0.000,0,-1,0
1785733892.284,2.320,-1.916,-0.255,0.9986,0,-0.177,0.443,-1.803,0.2913,2.251,0.095,-0.740,0.375,2.408,2.496,0.0284,0.3698,-0.020,-0.020,0.370,1.810,1.650,-1.473,0.0045,-0.193,nan,0.00,1,1,0,0,1,0.0000,0.482,0,0.107,2,0.418,0,0,yolo,151.8,yolo,0,0,0,0.000,0,-1,0
1785733892.324,2.333,-1.880,-0.098,0.9986,0,0.016,0.403,-1.875,0.2879,2.251,0.095,-0.740,0.375,2.408,2.317,0.0394,0.2992,-0.009,-0.009,0.299,1.812,1.650,-1.478,0.0045,-0.187,nan,0.00,1,1,0,0,1,0.0000,0.483,0,0.108,2,0.394,0,0,yolo,151.8,yolo,0,0,0,0.000,0,-1,0
1785733892.361,2.330,-1.849,0.057,0.9987,0,0.180,0.368,-1.929,0.2850,2.251,0.095,-0.740,0.375,2.408,2.150,0.0498,0.2385,0.001,0.001,0.239,1.814,1.650,-1.482,0.0045,-0.181,nan,0.00,1,1,0,0,1,0.0000,0.483,0,0.108,2,0.394,0,0,yolo,151.8,yolo,0,0,0,0.000,0,-1,0
1785733892.404,2.312,-1.822,0.213,0.9987,0,0.320,0.338,-1.969,0.2825,2.251,0.095,-0.740,0.375,2.408,1.992,0.0595,0.1875,0.011,0.011,0.188,1.817,1.650,-1.484,0.0045,-0.176,nan,0.00,1,1,0,0,1,0.0000,0.496,0,0.121,2,0.170,0,0,yolo,151.8,yolo,0,0,0,0.000,0,-1,0
1785733892.448,2.294,-1.794,0.375,0.9987,0,0.462,0.308,-2.000,0.2803,2.251,0.095,-0.740,0.375,2.408,1.832,0.0694,0.1421,0.021,0.021,0.142,1.819,1.650,-1.486,0.0045,-0.171,nan,0.00,1,1,0,0,1,0.0000,0.199,0,0.123,1,0.161,0,0,yolo,151.8,yolo,0,0,0,0.000,0,-1,0
1785733892.487,2.261,-1.768,0.544,0.9987,0,0.587,0.282,-2.022,0.2784,2.251,0.095,-0.740,0.375,2.408,1.674,0.0792,0.1029,0.031,0.031,0.103,1.821,1.650,-1.486,0.0045,-0.166,nan,0.00,1,1,0,0,1,0.0000,0.398,0,0.123,1,0.161,0,0,yolo,151.8,yolo,0,0,0,0.000,0,-1,0
1785733892.535,2.158,-1.725,0.885,0.9988,0,0.773,0.263,-2.039,0.2754,2.251,0.095,-0.740,0.375,2.408,1.385,0.0971,0.0402,0.048,0.048,0.040,1.825,1.650,-1.462,0.0045,-0.161,nan,0.00,1,1,0,0,1,0.0000,0.329,0,0.173,2,0.130,0,0,yolo,151.8,yolo,0,0,0,0.000,0,-1,0
1785733892.566,2.158,-1.725,0.885,0.9988,0,0.773,0.233,-2.052,0.2753,2.251,0.095,-0.740,0.375,2.408,1.385,0.0971,0.0402,0.048,0.048,0.040,1.825,1.650,-1.492,0.0045,-0.156,nan,0.00,1,1,0,0,1,0.0000,0.658,0,0.173,2,0.130,0,0,yolo,151.8,yolo,0,0,0,0.000,0,-1,0
1785733892.597,2.080,-1.706,1.063,0.9989,0,0.831,0.216,-2.062,0.2739,2.251,0.095,-0.740,0.375,2.408,1.249,0.1054,0.0138,0.057,0.057,0.014,1.826,1.650,-1.490,0.0045,-0.151,nan,0.00,1,1,0,0,1,0.0000,0.667,0,0.181,2,0.113,0,0,yolo,151.8,yolo,0,0,0,0.000,0,-1,0
1785733892.628,1.997,-1.690,1.243,0.9990,0,0.874,0.203,-2.069,0.2728,2.251,0.095,-0.740,0.375,2.408,1.123,0.1132,-0.0072,0.065,0.065,-0.007,1.828,1.650,-1.488,0.0045,-0.147,nan,0.00,1,1,0,0,1,0.0000,0.667,0,0.181,2,0.113,0,0,yolo,151.8,yolo,0,0,0,0.000,0,-1,0
1785733892.675,1.923,-1.678,1.400,0.9990,0,-0.626,1.315,-2.726,0.2895,4.675,3.865,-1.701,0.779,25.000,14.000,-0.0000,-0.0000,0.071,0.071,-0.021,1.830,1.200,-0.363,0.0045,-1.433,nan,0.00,1,1,1,1,1,0.0000,0.913,0,0.196,4,0.091,0,0,yolo,152.4,yolo,0,0,0,0.000,0,-1,0
1785733892.720,1.846,-1.665,1.559,0.9991,0,-2.126,1.302,-2.726,0.3062,4.675,3.865,-1.701,0.779,25.000,14.000,-0.0000,-0.0000,0.077,0.077,-0.032,1.831,1.200,-0.363,0.0045,-1.439,nan,0.00,1,1,1,1,1,0.0000,0.925,0,0.203,4,0.062,0,0,yolo,152.4,yolo,0,0,0,0.000,0,-1,0
1785733892.753,2.107,-1.436,2.023,0.9990,0,-3.626,1.069,-2.726,0.3120,4.675,3.865,-1.701,0.779,25.000,14.000,-0.0000,-0.0000,0.088,0.088,-0.077,1.832,1.200,-0.366,0.0045,-1.441,nan,0.00,1,1,1,1,1,0.0000,0.925,0,0.203,4,0.062,0,0,yolo,152.4,yolo,0,0,0,0.000,0,-1,0
1785733892.792,2.107,-1.436,2.023,0.9990,0,-5.126,1.053,-2.726,0.3120,4.675,3.865,-1.701,0.779,25.000,14.000,-0.0000,-0.0000,0.088,0.088,-0.077,1.832,1.200,-0.382,0.0045,-1.441,nan,0.00,1,1,1,1,1,0.0000,0.925,0,0.203,4,0.062,3,0,yolo,152.4,yolo,0,0,0,0.000,0,-1,0
1785733892.845,2.836,-1.277,2.447,0.9985,0,-6.626,0.866,-2.726,0.3110,4.675,3.865,-1.701,0.779,25.000,14.000,-0.0000,-0.0000,0.105,0.105,-0.177,1.831,1.200,-0.411,0.0045,-1.403,nan,0.00,1,1,1,1,1,0.0000,0.417,0,0.352,4,0.123,1,0,yolo,152.4,yolo,0,0,0,0.000,0,-1,0
1785733892.877,3.396,-1.215,2.657,0.9980,0,-8.126,0.784,-2.726,0.3102,4.675,3.865,-1.701,0.779,25.000,14.000,-0.0000,-0.0000,0.117,0.117,-0.252,1.830,1.200,-0.431,0.0045,-1.370,nan,0.00,1,1,1,1,1,0.0000,0.750,0,0.345,2,0.211,0,0,yolo,152.4,yolo,0,0,0,0.000,0,-1,0
1785733892.908,4.087,-1.163,2.871,0.9973,0,-9.626,0.713,-2.726,0.3091,4.675,3.865,-1.701,0.779,25.000,14.000,-0.0000,-0.0000,0.133,0.133,-0.339,1.828,1.200,-0.450,0.0045,-1.326,nan,0.00,1,1,1,1,1,0.0000,0.750,0,0.345,2,0.211,0,0,yolo,152.4,yolo,0,0,0,0.000,0,-1,0
1785733892.948,4.521,-11.319,-15.412,0.9775,0,-9.479,2.213,-2.726,0.2924,4.675,3.865,-1.701,0.779,25.000,14.000,-0.0000,-0.0000,1.475,1.475,-0.778,0.087,1.200,-2.000,0.0045,-0.447,nan,0.00,1,1,1,1,1,0.0000,0.875,0,0.264,3,0.184,0,0,yolo,152.4,yolo,0,0,0,0.000,0,-1,0
1785733892.978,5.526,-10.665,-19.164,0.9782,0,-8.474,3.713,-2.726,0.2758,4.675,3.865,-1.701,0.779,25.000,14.000,-0.0000,-0.0000,2.262,2.262,-1.265,-1.464,1.200,-2.500,0.0046,-0.433,nan,0.00,1,1,1,1,1,0.0000,0.875,0,0.264,3,0.184,0,0,yolo,152.4,yolo,0,0,0,0.000,0,-1,0
1785733893.002,5.526,-10.665,-19.164,0.9782,0,-8.474,5.213,-2.726,0.2746,4.675,3.865,-1.701,0.779,25.000,14.000,-0.0000,-0.0000,2.262,2.262,-1.265,-1.464,1.200,-2.500,0.0046,-0.433,nan,0.00,1,1,1,1,1,0.0000,0.875,0,0.264,3,0.184,0,0,yolo,152.4,yolo,0,0,0,0.000,0,-1,0
1785733893.042,6.540,-9.793,-16.781,0.9790,0,-7.460,6.713,-2.726,0.2744,4.675,3.865,-1.701,0.779,25.000,14.000,-0.0000,-0.0000,3.126,3.126,-1.708,-2.899,1.200,-2.500,0.0046,-0.437,nan,0.00,1,1,1,1,1,0.0000,0.875,0,0.264,3,0.184,3,0,yolo,152.4,yolo,0,0,0,0.000,0,-1,0
1785733893.089,7.132,-9.328,-15.656,0.9791,0,-6.868,6.828,-2.726,0.2744,4.675,3.865,-1.701,0.779,25.000,14.000,-0.0000,-0.0000,3.989,3.989,-2.066,-4.351,1.200,-2.500,0.0047,-0.435,nan,0.00,1,1,1,1,1,0.0000,0.442,0,0.178,2,0.055,1,0,yolo,152.4,yolo,0,0,0,0.000,0,-1,0
1785733893.130,7.988,-8.378,-15.924,0.9797,0,-6.012,5.878,-2.726,0.2743,4.675,3.865,-1.701,0.779,25.000,14.000,-0.0000,-0.0000,4.855,4.855,-2.372,-6.035,1.200,-2.500,0.0047,-0.454,nan,0.00,1,1,1,1,1,0.0000,0.767,0,0.173,3,0.166,0,0,yolo,152.4,yolo,0,0,0,0.000,0,-1,0
1785733893.185,9.387,-6.824,-15.380,0.9796,0,-4.613,4.378,-2.726,0.2744,4.675,3.865,-1.701,0.779,25.000,14.000,-0.0000,-0.0000,4.962,4.962,-2.283,-5.824,1.200,-2.500,0.0048,-0.485,nan,0.00,1,1,1,1,1,0.0000,0.767,0,0.173,3,0.166,3,0,yolo,152.4,yolo,0,0,0,0.000,0,-1,0
1785733893.223,9.819,-6.367,-15.085,0.9793,0,-4.181,3.867,-2.726,0.2745,4.675,3.865,-1.701,0.779,25.000,14.000,-0.0000,-0.0000,5.030,5.030,-2.247,-5.744,1.200,-2.500,0.0048,-0.493,nan,0.00,1,1,1,1,1,0.0000,0.801,0,0.197,3,0.158,0,0,yolo,152.4,yolo,0,0,0,0.000,0,-1,0
1785733893.254,10.200,-5.979,-14.820,0.9788,0,-3.800,3.479,-2.726,0.2747,4.675,3.865,-1.701,0.779,25.000,14.000,-0.0000,-0.0000,5.097,5.097,-2.228,-5.672,1.200,-2.500,0.0049,-0.498,nan,0.00,1,1,1,1,1,0.0000,0.375,0,0.351,3,0.231,0,0,yolo,152.4,yolo,0,0,0,0.000,0,-1,0
1785733893.284,10.200,-5.979,-14.820,0.9788,0,-3.800,3.479,-2.726,0.2747,4.675,3.865,-1.701,0.779,25.000,14.000,-0.0000,-0.0000,5.097,5.097,-2.228,-5.672,1.200,-2.500,0.0049,-0.498,nan,0.00,1,1,1,1,1,0.0000,0.375,0,0.351,3,0.231,0,0,yolo,152.4,yolo,0,0,0,0.000,0,-1,0
1785733893.315,10.563,-5.625,-14.509,0.9783,0,-3.437,3.125,-2.726,0.2749,4.675,3.865,-1.701,0.779,25.000,14.000,-0.0000,-0.0000,5.174,5.174,-2.220,-5.597,1.200,-2.500,0.0050,-0.501,nan,0.00,1,1,1,1,1,0.0000,0.375,0,0.351,3,0.231,0,0,yolo,152.4,yolo,0,0,0,0.000,0,-1,0
1785733893.356,10.898,-5.308,-14.196,0.9778,0,-3.102,2.808,-2.726,0.2751,4.675,3.865,-1.701,0.779,25.000,14.000,-0.0000,-0.0000,5.256,5.256,-2.217,-5.523,1.200,-2.500,0.0050,-0.503,nan,0.00,1,1,1,1,1,0.0000,0.375,0,0.351,3,0.231,3,0,yolo,152.4,yolo,0,0,0,0.000,0,-1,0
1785733893.395,11.197,-5.032,-13.903,0.9772,0,-2.803,2.532,-2.726,0.2754,4.675,3.865,-1.701,0.779,25.000,14.000,-0.0000,-0.0000,5.339,5.339,-2.220,-5.453,1.200,-2.500,0.0051,-0.505,nan,0.00,1,1,1,1,1,1.0053,0.786,1,0.423,4,0.135,0,0,yolo,152.4,yolo,0,0,0,0.000,0,-1,0
1785733893.430,11.459,-4.798,-13.622,0.9766,0,-2.541,2.298,-2.726,0.2756,4.675,3.865,-1.701,0.779,25.000,14.000,-0.0000,-0.0000,5.421,5.421,-2.224,-5.387,1.200,-2.500,0.0051,-0.505,nan,0.00,1,1,1,1,1,1.0053,0.786,1,0.423,4,0.135,0,0,yolo,152.4,yolo,0,0,0,0.000,0,-1,0
1785733893.468,11.459,-4.798,-13.622,0.9766,0,-2.541,2.298,-2.726,0.2756,4.675,3.865,-1.701,0.779,25.000,14.000,-0.0000,-0.0000,5.421,5.421,-2.224,-5.387,1.200,-2.500,0.0052,-0.505,nan,0.00,1,1,1,1,1,0.9818,0.714,1,0.438,3,0.218,0,0,yolo,152.4,yolo,0,0,0,0.000,0,-1,0
1785733893.512,10.692,-3.246,-13.790,0.9811,0,-1.784,0.798,-2.726,0.2744,4.675,3.865,-1.701,0.779,25.000,12.476,-0.0000,-0.0000,5.567,5.567,-2.266,-5.309,1.200,-2.500,0.0052,-0.689,nan,0.00,1,1,1,1,1,0.9818,0.714,1,0.438,3,0.218,2,0,yolo,152.4,yolo,0,0,0,0.000,0,-1,0
1785733893.551,11.281,-3.286,-13.835,0.9791,0,-1.155,0.786,-2.726,0.2751,4.675,3.865,-1.701,0.779,25.000,12.436,-0.0000,-0.0000,5.570,5.570,-2.273,-5.297,1.200,-2.500,0.0053,-0.643,nan,0.00,1,1,1,1,1,0.9591,0.643,1,0.431,2,0.217,0,0,yolo,152.4,yolo,0,0,0,0.000,0,-1,0
1785733893.581,11.436,-3.310,-13.757,0.9785,0,-2.564,0.810,-4.226,0.2752,10.918,6.512,-3.779,1.000,25.000,14.000,-0.0000,-0.0000,5.598,5.598,-2.260,-5.269,1.200,-2.500,0.0053,-1.778,nan,8.00,1,1,1,1,1,0.9421,0.643,1,0.431,2,0.217,0,0,yolo,163.2,yolo,0,0,0,0.000,0,-1,0
1785733893.626,11.436,-3.310,-13.757,0.9785,0,-2.564,0.810,-5.726,0.2752,10.918,6.512,-3.779,1.000,25.000,14.000,-0.0000,-0.0000,5.598,5.598,-2.260,-5.269,1.200,-2.500,0.0053,-1.778,nan,8.00,1,1,1,1,1,0.8550,0.562,1,0.508,1,0.148,0,0,yolo,163.2,yolo,0,0,0,0.000,0,-1,1
1785733893.669,12.321,-3.648,-13.891,0.9750,0,-1.679,1.148,-7.226,0.2762,10.918,6.512,-3.779,1.000,25.000,14.000,-0.0000,-0.0000,5.538,5.538,-2.220,-5.277,1.200,-2.500,0.0053,-1.603,nan,8.00,1,1,1,1,1,0.8550,0.562,1,0.508,1,0.148,1,0,yolo,163.2,yolo,0,0,0,0.000,0,-1,1
1785733893.715,13.410,-4.014,-13.578,0.9704,0,-0.590,1.514,-8.726,0.2775,10.918,6.512,-3.779,1.000,25.000,14.000,-0.0000,-0.0000,5.381,5.381,-2.051,-5.224,1.200,-2.500,0.0053,-1.396,nan,8.00,1,1,1,1,1,0.6909,0.556,1,0.612,1,-0.038,0,0,yolo,163.2,yolo,0,0,0,0.000,0,-1,0
1785733893.753,14.336,-4.502,-13.515,0.9659,0,0.336,2.002,-10.226,0.2788,12.682,6.600,-4.129,1.000,25.000,14.000,-0.0000,-0.1616,5.254,3.076,-1.958,-5.223,1.200,-2.500,0.0053,-1.364,nan,8.00,1,1,1,1,1,0.6909,0.556,1,0.612,1,-0.038,0,0,yolo,167.0,yolo,0,0,0,0.000,0,-1,0
1785733893.808,13.940,-4.194,-12.741,0.9679,0,-0.060,1.694,-11.726,0.2782,12.682,6.600,-4.129,1.000,25.000,14.000,2.1262,0.0789,5.203,5.203,-1.879,-5.136,1.200,-2.500,0.0053,-1.483,nan,8.00,1,1,1,0,1,0.5421,0.500,1,0.778,0,0.040,0,0,yolo,167.0,yolo,0,0,0,0.000,0,-1,1
1785733893.846,14.088,-4.259,-11.188,0.9672,0,0.088,1.759,-13.226,0.2784,12.682,6.600,-4.129,1.000,25.000,14.000,1.9748,0.2255,5.051,5.051,-1.733,-4.987,1.200,-2.500,0.0053,-1.450,nan,8.00,1,1,1,0,1,0.4781,0.500,1,0.778,0,0.040,0,0,yolo,167.0,yolo,0,0,0,0.000,0,-1,0
1785733893.889,14.088,-4.259,-11.188,0.9672,0,0.088,1.759,-14.726,0.2784,12.682,6.600,-4.129,1.000,25.000,14.000,1.9748,0.2255,5.051,5.051,-1.733,-4.987,1.200,-2.500,0.0053,-1.450,nan,8.00,1,1,1,0,1,0.4781,0.500,1,0.778,0,0.040,2,0,yolo,167.0,yolo,0,0,0,0.000,0,-1,1
1785733893.925,14.211,-4.590,-8.277,0.9663,0,0.211,2.090,-13.226,0.2787,13.243,7.005,-5.846,1.000,25.000,14.000,-0.0000,2.0000,4.935,2.571,-1.555,-4.726,1.200,-2.500,0.0053,-2.875,nan,0.00,1,1,1,1,1,0.4826,0.312,1,0.830,3,-0.053,0,0,yolo,159.4,yolo,0,0,0,0.000,0,-1,0
1785733893.956,14.211,-4.590,-8.277,0.9663,0,0.211,2.090,-14.726,0.2787,13.243,7.005,-5.846,1.000,25.000,14.000,2.3636,0.0000,4.935,4.935,-1.555,-4.726,1.200,-2.500,0.0053,-2.875,nan,8.00,1,1,1,0,1,0.4860,0.625,1,0.830,3,-0.053,0,0,yolo,159.4,yolo,0,0,0,0.000,0,-1,0
1785733893.989,18.362,-5.118,-4.764,0.9453,0,1.711,2.618,-16.226,0.2849,13.243,7.005,-5.846,1.000,25.000,14.000,2.3242,0.1008,4.895,4.895,-1.455,-4.463,1.200,-2.500,0.0053,-2.147,nan,8.00,1,1,1,0,1,0.3961,0.500,1,0.864,0,0.135,0,0,yolo,159.4,yolo,0,0,0,0.000,0,-1,0
1785733894.027,19.621,-5.664,-2.832,0.9373,0,3.211,3.164,-17.726,0.2873,13.243,7.005,-5.846,1.000,25.000,14.000,2.2716,0.2389,4.843,4.843,-1.317,-4.363,1.200,-2.500,0.0053,-1.832,nan,8.00,1,1,1,0,1,0.3961,0.500,1,0.864,0,0.135,1,0,yolo,159.4,yolo,0,0,0,0.000,0,-1,0
1785733894.075,17.507,-5.694,-0.887,0.9490,0,3.507,3.194,-19.226,0.3040,13.243,7.005,-5.846,1.000,25.000,14.000,2.4216,0.4053,4.993,4.993,-1.150,-4.248,1.200,-2.500,0.0053,-2.137,nan,8.00,1,1,1,0,1,0.2943,0.542,1,0.873,1,0.124,3,0,yolo,159.4,yolo,0,0,0,0.000,0,-1,0
1785733894.115,16.547,-5.464,0.510,0.9542,0,2.547,2.964,-17.726,0.3206,13.243,7.005,-5.846,1.000,25.000,14.000,2.5367,0.5534,5.108,5.108,-1.002,-4.179,1.200,-2.500,0.0053,-2.331,nan,0.00,1,1,1,0,1,0.2476,0.333,1,0.863,4,0.090,0,0,yolo,159.4,yolo,0,0,0,0.000,0,-1,0
1785733894.147,16.732,-4.860,1.228,0.9542,0,2.732,2.360,-18.088,0.3373,13.243,7.005,-5.846,1.000,25.000,14.000,2.4949,0.7140,5.066,5.066,-0.841,-4.182,1.200,-2.500,0.0053,-2.447,nan,6.09,1,1,1,0,1,0.2125,0.667,1,0.863,4,0.090,0,0,yolo,159.4,yolo,0,0,0,0.000,0,-1,0
1785733894.191,16.732,-4.860,1.228,0.9542,0,2.732,2.360,-17.167,0.3540,13.243,7.005,-5.846,1.000,25.000,14.000,2.4949,0.7140,5.066,5.066,-0.841,-4.182,1.200,-2.500,0.0053,-2.447,nan,5.17,1,1,1,0,1,0.1804,0.636,1,0.759,3,0.052,0,0,yolo,159.4,yolo,0,0,0,0.000,0,-1,1
1785733894.224,16.920,-4.170,3.281,0.9542,0,2.920,1.670,-17.167,0.3706,13.243,7.005,-5.846,1.000,25.000,14.000,2.5223,0.8636,5.093,5.093,-0.692,-4.032,1.200,-2.500,0.0053,-2.582,nan,5.17,1,1,1,0,1,0.1804,0.636,1,0.759,3,0.052,0,0,yolo,159.4,yolo,0,0,0,0.000,0,-1,0
1785733894.255,17.145,-6.312,3.626,0.9498,0,3.145,3.170,-16.475,0.3873,13.243,7.005,-5.846,1.000,25.000,14.000,2.4353,0.9408,5.006,5.006,-0.615,-4.120,1.200,-2.500,0.0053,-2.044,nan,4.48,1,1,1,0,1,0.1562,0.636,1,0.759,3,0.052,0,0,yolo,159.4,yolo,0,0,0,0.000,0,-1,0
1785733894.285,18.034,-7.004,4.668,0.9438,0,4.645,4.504,-14.975,0.3706,4.000,-0.382,0.000,0.667,-5.454,-14.000,-0.0000,-0.5792,4.893,4.893,-0.579,-4.176,1.200,-2.500,0.0053,-1.982,nan,4.38,1,1,0,1,1,0.1528,0.625,1,0.824,3,0.035,0,1,blueline,,BLUELINE,0,0,0,0.000,0,-1,0
1785733894.317,19.523,-7.581,4.778,0.9343,0,6.145,5.081,-13.475,0.3540,4.000,-0.382,0.000,0.667,-5.454,-14.000,-0.2024,-0.5550,4.691,4.691,-0.555,-4.347,1.200,-2.500,0.0053,-1.923,nan,4.38,1,1,0,0,1,0.1528,0.625,1,0.824,3,0.035,0,0,blueline,,BLUELINE,0,0,0,0.000,0,-1,0
1785733894.373,20.343,-7.772,4.915,0.9290,0,7.645,5.272,-11.975,0.3373,4.000,-0.555,0.000,0.667,-7.895,-14.000,-0.0000,-0.5074,4.505,4.505,-0.507,-4.557,1.200,-2.500,0.0053,-1.865,nan,3.96,1,1,0,1,1,0.1382,0.583,1,0.821,2,-0.009,0,1,track,,TRACK,0,0,0,0.000,0,-1,0
1785733894.407,20.343,-7.772,4.915,0.9290,0,9.145,5.272,-10.475,0.3237,4.000,-0.555,0.000,0.667,-7.895,-14.000,0.0000,-0.5074,4.505,4.505,-0.507,-4.557,1.200,-2.500,0.0053,-1.809,nan,3.96,1,1,0,0,1,0.1382,0.583,1,0.821,2,-0.009,0,0,track,,TRACK,0,0,0,0.000,0,-1,0
1785733894.450,19.522,-7.979,5.018,0.9334,0,10.645,5.479,-8.975,0.3240,4.000,-0.762,0.000,0.667,-10.787,-14.000,2.0188,-0.4344,4.356,4.356,-0.434,-4.778,1.200,-2.500,0.0053,-1.755,nan,3.70,1,1,0,1,1,0.1292,0.583,1,0.821,2,-0.009,3,0,track,,TRACK,0,0,0,0.000,0,-1,1
1785733894.486,17.811,-8.067,5.126,0.9426,0,12.145,5.567,-7.475,0.3251,4.000,-0.762,0.000,0.667,-10.787,-14.000,-0.0938,-0.3086,4.262,4.262,-0.309,-4.939,1.200,-2.500,0.0053,-1.702,nan,3.57,1,1,0,0,1,0.1247,0.667,1,0.843,4,0.002,0,0,track,,TRACK,0,0,0,0.000,0,-1,0
1785733894.518,16.198,-8.170,5.219,0.9506,0,13.645,5.670,-5.975,0.3276,4.000,-0.762,0.000,0.667,-10.787,-14.000,-0.2209,-0.1644,4.135,4.135,-0.164,-5.092,1.200,-2.500,0.0053,-1.651,nan,3.48,1,1,0,0,1,0.1213,0.667,1,0.843,4,0.002,0,0,track,,TRACK,0,0,0,0.000,0,-1,0
1785733894.560,15.052,-8.287,5.145,0.9556,0,15.145,5.787,-4.475,0.3315,4.000,-0.841,0.000,0.667,-11.878,-14.000,0.7617,-0.0120,3.966,3.966,-0.012,-5.252,1.200,-2.500,0.0053,-1.602,nan,3.11,1,1,0,1,1,0.1085,0.583,1,0.843,2,-0.009,0,0,track,,TRACK,0,0,0,0.000,0,-1,0
1785733894.596,14.316,-8.180,5.065,0.9591,0,16.645,5.680,-2.975,0.3342,4.000,-0.841,0.000,0.667,-11.878,-14.000,-0.1672,0.1021,3.799,3.799,0.102,-5.394,1.200,-2.500,0.0053,-1.554,nan,3.11,1,1,0,0,1,0.1085,0.583,1,0.843,2,-0.009,0,0,track,,TRACK,0,0,0,0.000,0,-1,0
1785733894.627,13.250,-8.108,4.956,0.9636,0,18.145,5.608,-1.475,0.3362,4.000,-0.841,0.000,0.667,-11.878,-14.000,-0.3539,0.2109,3.612,3.612,0.211,-5.549,1.200,-2.500,0.0053,-1.507,nan,2.83,1,1,0,0,1,0.0988,0.583,1,0.843,2,-0.009,0,0,track,,TRACK,0,0,0,0.000,0,-1,0
1785733894.661,11.962,-7.845,4.807,0.9691,0,19.645,5.345,0.025,0.3376,4.000,-0.903,0.000,0.667,-12.720,-14.000,-0.0000,0.3108,3.416,3.416,0.311,-5.699,1.200,-2.500,0.0053,-1.462,nan,2.95,1,1,0,1,1,0.1029,0.583,1,0.860,2,0.063,0,1,blueline,,BLUELINE,0,0,0,0.000,0,-1,0
1785733894.705,10.283,-7.804,4.737,0.9748,0,21.145,5.304,1.525,0.3397,4.000,-0.903,0.000,0.667,-12.720,-14.000,-0.2252,0.4294,3.191,3.191,0.429,-5.859,1.200,-2.500,0.0053,-1.418,nan,3.04,1,1,0,0,1,0.1060,0.583,1,0.860,2,0.063,0,0,blueline,,BLUELINE,0,0,0,0.000,0,-1,0
1785733894.738,8.530,-7.783,4.649,0.9798,0,22.530,5.283,3.025,0.3422,4.000,-0.868,0.000,0.667,-12.241,-14.000,-0.3348,0.5505,2.950,2.950,0.550,-6.010,1.200,-2.500,0.0053,-1.375,nan,3.66,1,1,0,1,1,0.1277,0.625,1,0.849,3,0.048,0,0,blueline,,BLUELINE,0,0,0,0.000,0,-1,1
1785733894.781,8.510,-7.782,4.648,0.9799,0,22.510,5.282,3.180,0.3410,4.000,-0.480,0.000,0.667,-6.837,-14.000,-0.0000,0.5519,2.947,2.947,0.552,-6.012,1.200,-2.500,0.0053,-1.334,nan,3.66,1,1,0,1,1,0.1277,0.625,1,0.849,3,0.048,1,1,track,,TRACK,0,0,0,0.000,0,-1,1
1785733894.807,6.409,-8.894,4.566,0.9818,0,21.010,6.394,4.629,0.3433,4.000,-0.480,0.000,0.667,-6.837,-14.000,-0.2296,0.6420,2.717,2.717,0.642,-6.114,1.200,-2.500,0.0053,-1.294,nan,2.21,1,1,0,0,1,0.0771,0.625,1,0.849,3,0.045,0,0,track,,TRACK,0,0,0,0.000,0,-1,0
1785733894.847,5.205,-10.417,4.680,0.9795,0,19.510,7.894,5.715,0.3457,4.000,-0.480,0.000,0.667,-6.837,-14.000,-0.4405,0.7027,2.507,2.507,0.703,-6.195,1.200,-2.500,0.0053,-1.255,nan,1.12,1,1,0,0,1,0.0392,0.625,1,0.849,3,0.045,0,0,track,,TRACK,0,0,0,0.000,0,-1,0
1785733894.889,7.222,-12.810,5.470,0.9674,0,21.010,9.394,4.215,0.3500,4.000,-0.382,0.000,0.667,-5.453,-14.000,-1.4496,0.7280,2.434,2.434,0.728,-6.215,1.226,-2.500,0.0053,-1.218,nan,2.64,1,1,0,1,1,0.0923,0.583,1,0.860,2,0.033,0,0,track,,TRACK,0,0,0,0.000,0,-1,0
1785733894.914,9.728,-17.659,7.092,0.9392,0,22.510,10.894,2.810,0.3572,4.000,-0.382,0.000,0.667,-5.453,-14.000,0.1552,0.6837,2.589,2.589,0.684,-6.030,1.255,-2.500,0.0053,-1.181,nan,2.64,1,1,0,0,1,0.0923,0.583,1,0.860,2,0.033,0,0,track,,TRACK,0,0,0,0.000,0,-1,0
1785733894.955,17.878,-17.546,7.108,0.9074,0,24.010,12.394,1.668,0.3651,4.000,-0.382,0.000,0.667,-5.453,-14.000,0.3044,0.6145,2.739,2.739,0.615,-6.128,1.283,-2.500,0.0053,-1.146,nan,3.78,1,1,0,0,1,0.1321,0.583,1,0.860,2,0.033,0,0,track,,TRACK,0,0,0,0.000,0,-1,0
1785733894.987,17.878,-17.546,7.108,0.9074,0,25.000,13.894,3.168,0.3640,4.000,-0.809,0.000,0.667,-11.427,-14.000,-0.0000,0.6145,2.739,2.739,0.615,-6.128,1.261,-2.500,0.0053,-1.111,nan,4.79,1,1,0,1,1,0.1670,0.625,1,0.833,3,0.120,0,1,blueline,,BLUELINE,0,0,0,0.000,0,-1,0
1785733895.032,26.313,-17.625,6.933,0.8543,0,25.000,15.125,4.668,0.3807,4.000,-0.697,0.000,0.667,-9.889,-14.000,-0.0000,0.5548,2.880,2.880,0.555,-6.224,1.293,-2.500,0.0053,-1.078,nan,4.65,1,1,0,1,1,0.1622,0.625,1,0.844,3,0.095,0,1,track,,TRACK,0,0,0,0.000,0,-1,1
1785733895.065,34.968,-17.546,6.720,0.7813,0,25.000,15.046,5.241,0.3973,4.000,-0.697,0.000,0.667,-9.889,-14.000,0.1271,0.5303,3.007,3.007,0.530,-6.327,1.311,-2.500,0.0053,-1.046,nan,4.65,1,1,0,0,1,0.1622,0.625,1,0.844,3,0.095,0,0,track,,TRACK,0,0,0,0.000,0,-1,0
1785733895.096,44.153,-18.338,7.153,0.6810,0,25.000,15.838,5.345,0.4140,4.000,-0.697,0.000,0.667,-9.889,-14.000,0.3892,0.5879,3.269,3.269,0.588,-6.392,1.327,-2.500,0.0053,-1.014,nan,4.54,1,1,0,0,1,0.1586,0.625,1,0.844,3,0.095,0,0,track,,TRACK,0,0,0,0.000,0,-1,0
1785733895.127,53.739,-18.761,7.491,0.5600,0,25.000,16.261,6.845,0.4307,4.000,-1.046,0.000,0.667,-14.654,-14.000,-0.0000,0.6473,3.473,3.473,0.647,-6.470,1.259,-2.500,0.0053,-0.984,nan,3.07,1,1,0,1,1,0.1070,0.625,1,0.850,3,0.096,0,1,blueline,,BLUELINE,0,0,0,0.000,0,-1,0
1785733895.168,53.790,-20.683,4.583,0.5527,0,25.000,17.761,8.345,0.4473,4.000,-2.443,0.000,0.667,-25.000,-14.000,-0.0000,0.6521,3.518,3.518,0.652,-6.577,1.200,-2.500,0.0053,-0.954,nan,3.07,1,1,0,1,1,0.1070,0.625,1,0.850,3,0.096,2,1,track,,TRACK,1,1,0,0.000,0,-1,0
1785733895.206,53.781,-20.711,4.525,0.5527,0,25.000,18.000,9.845,0.4640,4.000,-2.443,0.000,0.667,-25.000,-14.000,0.0334,0.6557,3.551,3.551,0.656,-6.701,1.200,-2.500,0.0053,-0.926,nan,0.64,1,1,0,0,1,0.0222,0.636,1,0.782,3,0.090,0,0,track,,TRACK,1,1,0,0.000,0,-1,0
1785733895.251,53.843,-20.707,4.529,0.5519,0,25.000,18.000,11.345,0.4666,4.000,-2.443,0.000,0.667,-25.000,-14.000,0.0573,0.6742,3.575,3.575,0.674,-6.806,1.200,-2.500,0.0053,-0.898,nan,-1.19,1,1,0,0,1,-0.0415,0.636,1,0.782,3,0.090,0,0,track,,TRACK,1,1,0,0.000,0,-1,0
1785733895.283,53.905,-20.704,4.531,0.5511,0,25.000,18.000,12.845,0.4664,4.000,-2.369,0.000,0.667,-25.000,-14.000,-0.0000,0.6898,3.575,3.575,0.690,-6.918,1.200,-2.500,0.0053,-0.871,nan,-3.15,1,1,0,1,1,-0.1098,0.650,1,0.699,3,0.116,0,1,blueline,,BLUELINE,1,1,0,0.000,0,-1,0
1785733895.314,53.968,-20.702,4.530,0.5503,0,25.000,18.000,14.345,0.4662,4.000,-2.554,0.000,0.667,-25.000,-14.000,-0.0000,0.7041,3.552,3.552,0.704,-7.020,1.200,-2.500,0.0053,-0.845,nan,-4.39,1,1,0,1,1,-0.1533,0.650,1,0.710,3,0.091,0,0,blueline,,BLUELINE,1,1,0,0.000,0,-1,0
1785733895.354,54.031,-20.699,4.530,0.5494,0,25.000,18.000,15.845,0.4690,4.000,-3.098,0.000,0.667,-25.000,-14.000,-0.0000,0.7639,3.527,3.527,0.764,-7.101,1.200,-2.500,0.0053,-0.820,nan,-4.39,1,1,0,1,1,-0.1533,0.650,1,0.710,3,0.091,2,1,track,,TRACK,1,1,0,0.000,0,-1,0
1785733895.393,54.090,-20.698,4.531,0.5487,0,25.000,18.000,17.345,0.4723,4.000,-3.098,0.000,0.667,-25.000,-14.000,-0.0182,0.8327,3.508,3.508,0.833,-7.192,1.200,-2.500,0.0053,-0.795,nan,-5.64,1,1,0,0,1,-0.1968,0.700,1,0.703,4,0.063,0,0,track,,TRACK,1,1,0,0.000,0,-1,0
1785733895.426,54.152,-20.696,4.533,0.5479,0,25.000,18.000,18.574,0.4758,4.000,-3.098,0.000,0.667,-25.000,-14.000,-0.0365,0.9032,3.490,3.490,0.903,-7.284,1.200,-2.500,0.0053,-0.771,nan,-6.57,1,1,0,0,1,-0.2295,0.700,1,0.703,4,0.063,0,0,track,,TRACK,1,1,0,0.000,0,-1,0
1785733895.458,54.206,-20.694,4.534,0.5471,0,25.000,18.000,19.275,0.4789,4.000,-3.098,0.000,0.667,-25.000,-14.000,-0.0524,0.9658,3.474,3.474,0.966,-7.367,1.200,-2.500,0.0053,-0.748,nan,-7.28,1,1,0,0,1,-0.2540,0.700,1,0.703,4,0.063,0,0,track,,TRACK,1,1,0,0.000,0,-1,0
1785733895.489,54.207,-20.694,4.534,0.5471,0,25.000,18.000,19.806,0.4780,4.000,-2.971,0.000,0.667,-25.000,-14.000,-0.0000,0.9669,3.474,3.474,0.967,-7.369,1.200,-2.500,0.0053,-0.725,nan,-7.81,1,1,0,1,1,-0.2725,0.700,1,0.697,4,-0.022,0,1,blueline,,BLUELINE,1,1,0,0.000,0,-1,0
1785733895.518,54.274,-20.690,4.538,0.5462,0,25.000,18.000,19.806,0.4808,4.000,-2.971,0.000,0.667,-25.000,-14.000,-0.0142,1.0251,3.460,3.460,1.025,-7.446,1.200,-2.500,0.0053,-0.704,nan,-7.81,1,1,0,0,1,-0.2725,0.700,1,0.697,4,-0.022,0,0,blueline,,BLUELINE,1,1,0,0.000,0,-1,0
1785733895.550,54.339,-20.688,4.537,0.5454,0,25.000,18.000,20.000,0.4837,4.000,-2.971,0.000,0.667,-25.000,-14.000,-0.0285,1.0848,3.445,3.445,1.085,-7.525,1.200,-2.500,0.0053,-0.683,nan,-8.00,1,1,0,0,1,-0.2864,0.700,1,0.697,4,-0.022,0,0,blueline,,BLUELINE,1,1,0,0.000,0,-1,0
1785733895.582,54.397,-20.688,4.534,0.5446,0,25.000,18.000,20.000,0.4872,4.000,-2.971,0.000,0.667,-25.000,-14.000,-0.0448,1.1527,3.429,3.429,1.153,-7.616,1.200,-2.500,0.0053,-0.662,nan,-8.00,1,1,0,0,1,-0.2968,0.700,1,0.697,4,-0.022,0,0,blueline,,BLUELINE,1,1,0,0.000,0,-1,0
1785733895.623,54.460,-20.688,4.532,0.5438,0,25.000,18.000,20.000,0.4906,4.000,-3.098,0.000,0.667,-25.000,-14.000,-0.0000,1.2194,3.414,3.414,1.219,-7.706,1.200,-2.500,0.0053,-0.642,nan,-8.00,1,1,0,1,1,-0.3022,0.700,1,0.699,4,-0.027,0,1,track,,TRACK,1,1,0,0.000,0,-1,0
1785733895.660,54.521,-20.687,4.530,0.5430,0,25.000,18.000,20.000,0.4939,4.000,-3.098,0.000,0.667,-25.000,-14.000,-0.0148,1.2834,3.399,3.399,1.283,-7.792,1.200,-2.500,0.0053,-0.623,nan,-8.00,1,1,0,0,1,-0.3063,0.700,1,0.699,4,-0.027,0,0,track,,TRACK,1,1,0,0.000,0,-1,0
1785733895.692,54.583,-20.685,4.528,0.5422,0,25.000,18.000,20.000,0.4969,4.000,-3.098,0.000,0.667,-25.000,-14.000,-0.0275,1.3417,3.386,3.386,1.342,-7.870,1.200,-2.500,0.0053,-0.604,nan,-8.00,1,1,0,0,1,-0.3063,0.700,1,0.699,4,-0.027,0,0,track,,TRACK,1,1,0,0.000,0,-1,0
1785733895.732,54.647,-20.684,4.528,0.5413,0,25.000,18.000,20.000,0.5001,4.000,-3.098,0.000,0.667,-25.000,-14.000,-0.0000,1.4038,3.373,3.373,1.404,-7.954,1.200,-2.500,0.0053,-0.586,nan,-8.00,1,1,0,1,1,-0.3093,0.700,1,0.699,4,-0.027,4,0,track,,TRACK,1,1,0,0.000,0,-1,0
1785733895.772,54.692,-20.684,4.525,0.5407,0,25.000,18.000,20.000,0.5030,4.000,-3.098,0.000,0.667,-25.000,-14.000,-0.0125,1.4607,3.360,3.360,1.461,-8.030,1.200,-2.500,0.0053,-0.569,nan,-8.00,1,1,0,0,1,-0.3100,0.700,1,0.696,4,-0.018,0,0,track,,TRACK,1,1,0,0.000,0,-1,0
1785733895.801,54.735,-20.684,4.523,0.5401,0,25.000,18.000,20.000,0.5048,4.000,-3.098,0.000,0.667,-25.000,-14.000,-0.0241,1.5000,3.349,3.349,1.514,-8.103,1.200,-2.500,0.0053,-0.552,nan,-8.00,1,1,0,0,1,-0.3105,0.700,1,0.696,4,-0.018,0,0,track,,TRACK,1,1,0,0.000,0,-1,0
1785733895.832,54.782,-20.684,4.521,0.5395,0,25.000,18.000,20.000,0.5041,4.000,-3.098,0.000,0.667,-25.000,-14.000,-0.0359,1.5000,3.337,3.337,1.571,-8.179,1.200,-2.500,0.0053,-0.535,nan,-8.00,1,1,0,0,1,-0.3109,0.700,1,0.696,4,-0.018,0,0,track,,TRACK,1,1,0,0.000,0,-1,0
1785733895.874,54.846,-20.682,4.520,0.5387,0,25.000,18.000,20.000,0.5034,4.000,-3.053,0.000,0.667,-25.000,-14.000,-0.0000,1.5000,3.325,3.325,1.632,-8.261,1.200,-2.500,0.0053,-0.519,nan,-8.00,1,1,0,1,1,-0.3109,0.700,1,0.696,4,-0.018,4,0,track,,TRACK,1,1,0,0.000,0,-1,0
1785733895.912,54.903,-20.682,4.517,0.5379,0,25.000,18.000,20.000,0.5027,4.000,-3.053,0.000,0.667,-25.000,-14.000,-0.0134,1.5000,3.312,3.312,1.699,-8.353,1.200,-2.500,0.0053,-0.503,nan,-8.00,1,1,0,0,1,-0.3081,0.700,1,0.702,4,-0.022,0,0,track,,TRACK,1,1,0,0.000,0,-1,0
1785733895.945,54.977,-20.681,4.514,0.5369,0,25.000,18.000,20.000,0.5021,4.000,-3.053,0.000,0.667,-25.000,-14.000,-0.0267,1.5000,3.298,3.298,1.773,-8.453,1.200,-2.500,0.0053,-0.488,nan,-8.00,1,1,0,0,1,-0.3060,0.700,1,0.702,4,-0.022,0,0,track,,TRACK,1,1,0,0.000,0,-1,0
1785733895.976,54.886,-20.639,4.553,0.5383,0,25.000,18.000,20.000,0.5015,4.000,-3.053,0.000,0.667,-25.000,-14.000,-0.0339,1.5000,3.291,3.291,1.773,-8.458,1.200,-2.500,0.0053,-0.474,nan,-8.00,1,1,0,0,1,-0.3044,0.700,1,0.702,4,-0.022,0,0,track,,TRACK,1,0,0,0.000,0,-1,0
1785733896.007,54.886,-20.639,4.553,0.5383,0,25.000,18.000,20.000,0.5008,4.000,-3.110,0.000,0.667,-25.000,-14.000,-0.0000,1.5000,3.291,3.291,1.773,-8.458,1.200,-2.500,0.0053,-0.459,nan,-8.00,1,1,0,1,1,-0.2903,0.700,1,0.698,4,-0.024,0,1,blueline,,BLUELINE,1,0,0,0.000,0,-1,0
1785733896.047,50.349,-17.764,5.991,0.6077,0,25.000,16.500,20.000,0.5003,4.000,-2.988,0.000,0.667,-25.000,-14.000,-0.0000,1.5000,2.855,2.855,1.735,-8.766,1.200,-2.500,0.0053,-0.446,nan,-8.00,1,1,0,1,1,-0.2903,0.700,1,0.698,4,-0.024,4,1,track,,TRACK,1,0,0,0.000,0,-1,0
1785733896.085,42.303,-11.546,7.360,0.7246,0,25.000,15.000,19.556,0.4836,4.000,-2.988,0.000,0.667,-25.000,-14.000,-0.7733,1.3444,2.081,2.081,1.344,-9.239,1.200,-2.500,0.0053,-0.432,nan,-7.56,1,1,0,0,1,-0.2638,0.700,1,0.695,4,0.005,0,0,track,,TRACK,1,0,0,0.000,0,-1,0
1785733896.115,38.996,-9.058,7.574,0.7675,0,25.000,13.500,18.986,0.4669,4.000,-2.988,0.000,0.667,-25.000,-14.000,-0.9777,0.9846,1.877,1.877,0.985,-9.346,1.200,-2.500,0.0053,-0.419,nan,-6.99,1,1,0,0,1,-0.2438,0.700,1,0.695,4,0.005,0,0,track,,TRACK,1,0,0,0.000,0,-1,0
1785733896.148,35.995,-6.837,7.516,0.8033,0,25.000,12.000,18.557,0.4503,4.000,-2.988,0.000,0.667,-25.000,-14.000,-1.1295,0.6154,1.725,1.725,0.615,-9.418,1.200,-2.500,0.0053,-0.407,nan,-6.56,1,1,0,0,1,-0.2289,0.700,1,0.695,4,0.005,0,0,track,,TRACK,1,0,0,0.000,0,-1,0
1785733896.188,32.995,-4.696,7.213,0.8359,0,25.000,10.500,17.057,0.4336,1.271,0.912,-0.163,0.074,25.000,-0.383,-0.0000,0.2279,1.597,1.597,0.228,-9.473,1.200,-2.500,0.0053,-0.395,nan,0.00,0,1,0,1,0,0.0000,0.000,0,0.000,0,0.000,0,1,hsv,,hsv,1,0,0,0.000,0,-1,0
1785733896.226,29.723,-2.561,6.720,0.8676,0,25.000,9.000,15.557,0.4169,1.271,0.912,-0.163,0.074,25.000,0.122,-0.0938,-0.1818,1.503,1.503,-0.182,-9.515,1.200,-2.500,0.0053,-0.383,nan,0.00,0,1,0,0,0,0.0000,0.000,0,0.000,0,0.000,0,0,hsv,,hsv,1,0,0,0.000,0,-1,0
1785733896.262,27.146,-1.063,6.254,0.8897,0,25.000,7.500,14.057,0.4003,1.271,0.912,-0.163,0.074,25.000,0.298,-0.1266,-0.4683,1.471,1.471,-0.468,-9.536,1.200,-2.500,0.0053,-0.371,nan,0.00,0,1,0,0,0,0.0000,0.000,0,0.000,0,0.000,0,0,hsv,,hsv,1,0,0,0.000,0,-1,0
1785733896.287,27.146,-1.063,6.254,0.8897,0,25.000,6.000,12.557,0.3836,1.271,0.912,-0.163,0.074,25.000,0.298,-0.1266,-0.4683,1.471,1.471,-0.468,-9.536,1.200,-2.500,0.0053,-0.360,nan,0.00,0,1,0,0,0,0.0000,0.000,0,0.000,0,0.000,0,0,hsv,,hsv,1,0,0,0.000,0,-1,0
1785733896.327,36.425,-9.291,0.023,0.7941,0,25.000,6.791,11.057,0.3669,1.271,0.912,-0.163,0.074,25.000,-1.100,0.1336,-0.8232,1.731,1.731,-0.823,-9.424,1.200,-2.500,0.0053,-0.349,nan,0.00,0,1,0,0,0,0.0000,0.000,0,0.000,0,0.000,0,0,hsv,,hsv,1,0,0,0.000,0,-1,0
1785733896.357,36.425,-9.291,0.023,0.7941,0,25.000,6.791,9.557,0.3503,1.271,0.912,-0.163,0.074,25.000,-1.100,0.1336,-0.8232,1.731,1.731,-0.823,-9.424,1.200,-2.500,0.0053,-0.339,nan,0.00,0,1,0,0,0,0.0000,0.000,0,0.000,0,0.000,0,0,hsv,,hsv,1,0,0,0.000,0,-1,0
1785733896.409,28.797,-5.161,0.398,0.8728,0,23.500,5.291,8.057,0.3336,4.000,2.047,0.000,0.233,25.000,7.159,-0.0000,-1.2198,1.962,1.962,-1.220,-9.273,1.200,-2.500,0.0053,-0.329,nan,0.00,0,1,0,1,0,0.0000,0.000,0,0.000,0,0.000,1,1,track,,TRACK,1,0,0,0.000,0,-1,0
1785733896.435,28.797,-5.161,0.398,0.8728,0,22.000,3.791,6.557,0.3169,4.000,2.047,0.000,0.233,25.000,7.159,0.0000,-1.2198,1.962,1.962,-1.220,-9.273,1.200,-2.500,0.0053,-0.319,nan,0.00,0,1,0,0,1,0.0000,0.817,0,0.208,3,0.666,0,0,track,,TRACK,1,0,0,0.000,0,-1,0
1785733896.485,22.669,-2.397,0.517,0.9219,0,20.500,2.291,5.057,0.3003,4.000,2.014,0.000,0.233,25.000,5.266,-0.0000,-1.4369,2.298,2.298,-1.437,-9.154,1.200,-2.500,0.0053,-0.309,nan,0.00,0,1,0,1,1,0.0000,0.702,0,0.210,2,0.743,0,0,track,,TRACK,1,0,0,0.000,0,-1,0
1785733896.528,20.000,-1.412,0.453,0.9394,0,22.000,0.791,3.557,0.2836,1.271,0.912,-0.163,0.074,25.000,-4.383,-0.0000,-1.4021,2.448,2.448,-1.402,-9.131,1.200,-2.500,0.0053,-0.300,nan,0.00,0,1,0,1,0,0.0000,0.000,0,0.000,0,0.000,0,1,hsv,,hsv,1,0,0,0.000,0,-1,0
1785733896.560,17.416,-0.720,0.389,0.9541,0,22.105,-0.709,2.057,0.2669,1.271,0.912,-0.163,0.074,25.000,-4.689,0.1521,-1.3442,2.600,2.600,-1.344,-9.115,1.200,-2.500,0.0053,-0.291,nan,0.00,0,1,0,0,0,0.0000,0.000,0,0.000,0,0.000,0,0,hsv,,hsv,1,0,0,0.000,0,-1,0
1785733896.599,14.950,-0.267,0.355,0.9661,0,20.605,-2.209,0.557,0.2503,1.271,0.912,-0.163,0.074,25.000,-4.745,0.3027,-1.2681,2.751,2.751,-1.268,-9.106,1.200,-2.500,0.0053,-0.282,nan,0.00,0,1,0,0,0,0.0000,0.000,0,0.000,0,0.000,0,0,hsv,,hsv,1,0,0,0.000,0,-1,0
1785733896.640,12.861,-0.037,0.360,0.9749,0,19.105,-2.463,-0.943,0.2336,1.271,0.912,-0.163,0.074,25.000,-4.794,0.4370,-1.1749,2.885,2.885,-1.175,-9.100,1.200,-2.500,0.0053,-0.274,nan,0.00,0,1,0,0,0,0.0000,0.000,0,0.000,0,0.000,0,0,hsv,,hsv,1,0,0,0.000,0,-1,0
1785733896.671,10.479,0.143,0.388,0.9833,0,17.605,-2.643,-2.443,0.2340,1.271,0.912,-0.163,0.074,25.000,-4.847,0.5793,-1.0479,3.028,3.028,-1.048,-9.094,1.200,-2.500,0.0053,-0.266,nan,0.00,0,1,0,0,0,0.0000,0.000,0,0.000,0,0.000,0,0,hsv,,hsv,1,0,0,0.000,0,-1,0
1785733896.697,7.883,0.331,0.406,0.9905,0,16.105,-2.831,-3.943,0.2390,1.271,0.912,-0.163,0.074,25.000,-4.893,0.7041,-0.8953,3.152,3.152,-0.895,-9.090,1.200,-2.500,0.0053,-0.258,nan,0.00,0,1,0,0,0,0.0000,0.000,0,0.000,0,0.000,0,0,hsv,,hsv,1,0,0,0.000,0,-1,0
1785733896.739,7.883,0.331,0.406,0.9905,0,17.605,-2.831,-2.443,0.2388,nan,nan,nan,0.000,0.000,-10.000,0.0000,-0.8953,3.152,3.152,-0.895,-9.090,1.000,-2.500,0.0053,-0.250,nan,0.00,0,0,0,0,0,0.0000,0.000,0,0.000,0,0.000,0,0,,,FLYING,1,0,0,0.000,0,-1,0
1785733896.775,5.654,0.394,0.646,0.9951,0,16.105,-2.894,-0.943,0.2455,nan,nan,nan,0.000,0.000,-10.000,0.0000,-0.7175,3.285,3.285,-0.718,-9.075,1.000,-2.500,0.0053,-0.242,nan,0.00,0,0,0,0,0,0.0000,0.000,0,0.000,0,0.000,0,0,,,FLYING,1,0,0,0.000,0,-1,0
1785733896.813,2.295,0.272,0.974,0.9992,0,14.605,-2.772,0.000,0.2552,nan,nan,nan,0.000,0.000,-10.000,0.0000,-0.4743,3.437,3.437,-0.474,-9.057,1.000,-2.500,0.0053,-0.235,nan,0.00,0,0,0,0,0,0.0000,0.000,0,0.000,0,0.000,0,0,,,FLYING,1,0,0,0.000,0,0,0
1785733896.858,0.809,0.192,0.942,0.9999,0,13.105,-2.692,0.000,0.2595,nan,nan,nan,0.000,0.000,-10.000,0.0000,-0.3707,3.459,3.459,-0.371,-9.058,1.000,-2.500,0.0053,-0.228,nan,0.00,0,0,0,0,0,0.0000,0.000,0,0.000,0,0.000,2,0,,,FLYING,1,0,0,0.000,0,2,0
1785733896.909,-0.563,0.095,0.918,1.0000,0,11.605,-2.595,0.000,0.2632,nan,nan,nan,0.000,0.000,-10.000,0.0000,-0.2837,3.466,3.466,-0.284,-9.058,1.000,-2.500,0.0053,-0.221,nan,0.00,0,0,0,0,0,0.0000,0.000,0,0.000,0,0.000,0,0,,,FLYING,1,0,0,0.000,0,0,0
1785733896.945,-1.986,-0.033,0.930,0.9994,0,10.105,-2.467,0.000,0.2667,nan,nan,nan,0.000,0.000,-10.000,0.0000,-0.2051,3.466,3.466,-0.205,-9.055,1.000,-2.500,0.0053,-0.215,nan,0.00,0,0,0,0,0,0.0000,0.000,0,0.000,0,0.000,0,0,,,FLYING,1,0,0,0.000,0,0,0
1785733896.984,-3.225,-0.170,0.943,0.9984,0,8.605,-2.330,0.000,0.2698,nan,nan,nan,0.000,0.000,-10.000,0.0000,-0.1372,3.455,3.455,-0.137,-9.051,1.000,-2.500,0.0053,-0.208,nan,0.00,0,0,0,0,0,0.0000,0.000,0,0.000,0,0.000,0,0,,,FLYING,1,0,0,0.000,0,0,0
1785733897.032,-4.358,-0.320,0.950,0.9971,0,7.105,-2.180,0.000,0.2729,nan,nan,nan,0.000,0.000,-10.000,0.0000,-0.0724,3.432,3.432,-0.072,-9.046,1.000,-2.500,0.0053,-0.202,nan,0.00,0,0,0,0,0,0.0000,0.000,0,0.000,0,0.000,0,0,,,FLYING,1,0,0,0.000,0,0,0
1785733897.068,-6.025,-0.596,0.975,0.9944,0,5.605,-1.904,0.000,0.2782,nan,nan,nan,0.000,0.000,-10.000,0.0000,0.0335,3.377,3.377,0.033,-9.031,1.000,-2.500,0.0053,-0.196,nan,0.00,0,0,0,0,0,0.0000,0.000,0,0.000,0,0.000,0,0,,,FLYING,1,0,0,0.000,0,0,0
1785733897.122,-6.554,-0.701,0.987,0.9934,0,4.105,-1.799,0.000,0.2802,nan,nan,nan,0.000,0.000,-10.000,0.0000,0.0735,3.352,3.352,0.074,-9.024,1.000,-2.500,0.0053,-0.190,nan,0.00,0,0,0,0,0,0.0000,0.000,0,0.000,0,0.000,0,0,,,FLYING,1,0,0,0.000,0,0,0
1785733897.161,-6.991,-0.810,1.000,0.9925,0,3.009,-1.690,0.000,0.2820,nan,nan,nan,0.000,0.000,-10.000,0.0000,0.1128,3.325,3.325,0.113,-9.015,1.000,-2.500,0.0053,-0.184,nan,0.00,0,0,0,0,0,0.0000,0.000,0,0.000,0,0.000,0,0,,,FLYING,1,0,0,0.000,0,0,0
1785733897.197,-7.421,-0.928,1.014,0.9915,0,2.303,-1.572,1.500,0.2838,4.000,-2.341,0.000,0.667,-25.000,-14.000,-0.0273,0.1492,3.298,3.298,0.149,-9.005,1.200,-2.500,0.0053,-0.179,nan,0.00,1,1,0,0,0,0.0000,0.000,0,0.000,0,0.000,0,1,search,,SEARCH,1,0,0,0.000,0,0,0
1785733897.230,-7.776,-1.049,1.031,0.9906,0,2.178,-1.451,3.000,0.2855,4.000,-2.341,0.000,0.667,-25.000,-14.000,-0.0542,0.1844,3.271,3.271,0.184,-8.994,1.200,-2.500,0.0053,-0.173,nan,0.00,1,1,0,0,0,0.0000,0.000,0,0.000,0,0.000,0,0,search,,SEARCH,1,0,0,0.000,0,0,0
1785733897.278,-8.037,-1.178,0.875,0.9900,0,2.087,-1.322,4.500,0.2870,4.000,-2.341,0.000,0.667,-25.000,-14.000,-0.1055,0.2163,3.220,3.220,0.216,-8.992,1.200,-2.500,0.0053,-0.168,nan,0.00,1,1,0,0,0,0.0000,0.000,0,0.000,0,0.000,0,0,search,,SEARCH,1,0,0,0.000,0,0,0
1785733897.322,-8.554,-1.491,0.289,0.9885,0,1.906,-1.009,6.000,0.2900,4.000,-2.341,0.000,0.667,-25.000,-14.000,-0.2476,0.2765,3.077,3.077,0.276,-8.998,1.200,-2.500,0.0053,-0.163,nan,0.00,1,1,0,0,0,0.0000,0.000,0,0.000,0,0.000,1,0,search,,SEARCH,1,0,0,0.000,0,1,0
1785733897.361,-8.784,-1.657,-0.230,0.9879,0,1.825,-0.843,7.500,0.2914,4.000,-2.341,0.000,0.667,-25.000,-14.000,-0.3482,0.3058,2.977,2.977,0.306,-9.010,1.200,-2.500,0.0053,-0.158,nan,0.00,1,1,0,0,0,0.0000,0.000,0,0.000,0,0.000,0,0,search,,SEARCH,1,0,0,0.000,0,0,0
1785733897.414,-8.974,-1.820,-0.839,0.9873,0,1.759,-0.680,9.000,0.2925,4.000,-2.341,0.000,0.667,-25.000,-14.000,-0.4587,0.3313,2.866,2.866,0.331,-9.026,1.200,-2.500,0.0053,-0.153,nan,0.00,1,1,0,0,0,0.0000,0.000,0,0.000,0,0.000,1,0,search,,SEARCH,1,0,0,0.000,0,0,0
1785733897.456,-9.141,-1.986,-1.544,0.9867,0,1.701,-0.514,10.500,0.2936,4.000,-2.341,0.000,0.667,-25.000,-14.000,-0.5813,0.3547,2.744,2.744,0.355,-9.046,1.200,-2.500,0.0053,-0.149,nan,0.00,1,1,0,0,0,0.0000,0.000,0,0.000,0,0.000,0,0,search,,SEARCH,1,0,0,0.000,0,0,0
1785733897.495,-9.295,-2.165,-2.397,0.9862,0,1.647,-0.335,12.000,0.2947,4.000,-2.341,0.000,0.667,-25.000,-14.000,-0.7249,0.3772,2.600,2.600,0.377,-9.069,1.200,-2.500,0.0053,-0.144,nan,0.00,1,1,0,0,0,0.0000,0.000,0,0.000,0,0.000,0,0,search,,SEARCH,1,0,0,0.000,0,0,0
1785733897.542,-9.433,-2.352,-3.347,0.9856,0,1.598,-0.148,12.000,0.2957,4.000,-2.341,0.000,0.667,-25.000,-14.000,-0.8797,0.3984,2.445,2.445,0.398,-9.093,1.200,-2.500,0.0053,-0.140,nan,0.00,1,1,0,0,0,0.0000,0.000,0,0.000,0,0.000,1,0,search,,SEARCH,1,0,0,0.000,0,1,0
1785733897.598,-9.557,-2.537,-4.308,0.9852,0,1.555,0.037,12.000,0.2966,4.000,-2.341,0.000,0.667,-25.000,-14.000,-1.0324,0.4185,2.293,2.293,0.418,-9.116,1.200,-2.500,0.0053,-0.136,nan,0.00,1,1,0,0,0,0.0000,0.000,0,0.000,0,0.000,0,0,search,,SEARCH,1,0,0,0.000,0,0,0
1785733897.652,-9.789,-2.876,-6.258,0.9842,0,1.474,0.376,12.000,0.2987,4.000,-2.341,0.000,0.667,-25.000,-14.000,-1.3281,0.4609,1.997,1.997,0.461,-9.150,1.200,-2.500,0.0053,-0.132,nan,0.00,1,1,0,0,0,0.0000,0.000,0,0.000,0,0.000,0,0,search,,SEARCH,1,0,0,0.000,0,0,0
1785733897.698,-9.984,-3.172,-8.181,0.9833,0,1.406,0.672,12.000,0.3009,4.000,-2.341,0.000,0.667,-25.000,-14.000,-1.6009,0.5044,1.724,1.724,0.504,-9.172,1.200,-2.500,0.0053,-0.128,nan,0.00,1,1,0,0,0,0.0000,0.000,0,0.000,0,0.000,0,0,search,,SEARCH,1,0,0,0.000,0,0,0
1785733897.738,-10.079,-3.300,-9.313,0.9829,0,1.372,0.800,12.000,0.3020,4.000,-2.341,0.000,0.667,-25.000,-14.000,-1.7523,0.5301,1.573,1.573,0.530,-9.180,1.200,-2.500,0.0053,-0.124,nan,0.00,1,1,0,0,0,0.0000,0.000,0,0.000,0,0.000,0,0,search,,SEARCH,1,0,0,0.000,0,0,0
1785733897.776,-10.079,-3.300,-9.313,0.9829,0,1.372,0.800,12.000,0.3019,4.000,-2.341,0.000,0.667,-25.000,-14.000,-1.7523,0.5301,1.573,1.573,0.530,-9.180,1.200,-2.500,0.0053,-0.120,nan,0.00,1,1,0,0,0,0.0000,0.000,0,0.000,0,0.000,0,0,search,,SEARCH,1,0,0,0.000,0,0,0
1785733897.803,-10.158,-3.407,-10.335,0.9826,0,1.345,0.907,12.000,0.3030,4.000,-2.341,0.000,0.667,-25.000,-14.000,-1.8836,0.5531,1.441,1.441,0.553,-9.185,1.200,-2.500,0.0053,-0.117,nan,0.00,1,1,0,0,0,0.0000,0.000,0,0.000,0,0.000,0,0,search,,SEARCH,1,0,0,0.000,0,0,0
1785733897.853,-10.301,-3.612,-12.328,0.9819,0,1.295,1.112,12.000,0.3051,4.000,-2.341,0.000,0.667,-25.000,-14.000,-2.1253,0.5978,1.200,1.200,0.598,-9.186,1.200,-2.500,0.0053,-0.113,nan,0.00,1,1,0,0,0,0.0000,0.000,0,0.000,0,0.000,1,0,search,,SEARCH,1,0,0,0.000,0,1,0
1785733897.888,-10.301,-3.612,-12.328,0.9819,0,1.295,1.112,12.000,0.3050,4.000,-2.341,0.000,0.667,-25.000,-14.000,-2.1253,0.5978,1.200,1.200,0.598,-9.186,1.200,-2.500,0.0053,-0.110,nan,0.00,1,1,0,0,0,0.0000,0.000,0,0.000,0,0.000,0,0,search,,SEARCH,1,0,0,0.000,0,0,0
1785733897.910,-10.361,-3.691,-13.308,0.9817,0,1.274,1.191,12.000,0.3060,4.000,-2.341,0.000,0.667,-25.000,-14.000,-2.2363,0.6195,1.089,1.089,0.619,-9.185,1.200,-2.500,0.0053,-0.106,nan,0.00,1,1,0,0,0,0.0000,0.000,0,0.000,0,0.000,0,0,search,,SEARCH,1,0,0,0.000,0,0,0
1785733897.947,-10.425,-3.778,-14.395,0.9814,0,1.251,1.278,12.000,0.3072,4.000,-2.341,0.000,0.667,-25.000,-14.000,-2.3513,0.6459,0.974,0.974,0.646,-9.182,1.200,-2.500,0.0053,-0.103,nan,0.00,1,1,0,0,0,0.0000,0.000,0,0.000,0,0.000,0,0,search,,SEARCH,1,0,0,0.000,0,0,0
1785733897.980,-10.481,-3.850,-15.465,0.9811,0,1.232,1.350,12.000,0.3084,4.000,-2.341,0.000,0.667,-25.000,-14.000,-2.4565,0.6722,0.869,0.869,0.672,-9.179,1.200,-2.500,0.0053,-0.100,nan,0.00,1,1,0,0,0,0.0000,0.000,0,0.000,0,0.000,3,0,search,,SEARCH,1,0,0,0.000,0,3,0
1785733898.019,-10.532,-3.915,-16.509,0.9809,0,1.214,1.415,12.000,0.3095,4.000,-2.341,0.000,0.667,-25.000,-14.000,-2.5556,0.6977,0.769,0.769,0.698,-9.175,1.200,-2.500,0.0053,-0.097,nan,0.00,1,1,0,0,0,0.0000,0.000,0,0.000,0,0.000,0,0,search,,SEARCH,1,0,0,0.000,0,0,0
1785733898.052,-10.579,-3.973,-17.532,0.9806,0,1.197,1.473,12.000,0.3107,4.000,-2.341,0.000,0.667,-25.000,-14.000,-2.6494,0.7228,0.676,0.676,0.723,-9.170,1.200,-2.500,0.0053,-0.094,nan,0.00,1,1,0,0,0,0.0000,0.000,0,0.000,0,0.000,0,0,search,,SEARCH,1,0,0,0.000,0,0,0
1785733898.089,-10.622,-4.025,-18.538,0.9804,0,1.182,1.525,12.000,0.3117,4.000,-2.341,0.000,0.667,-25.000,-14.000,-2.7413,0.7456,0.584,0.584,0.746,-9.164,1.200,-2.500,0.0053,-0.091,nan,0.00,1,1,0,0,0,0.0000,0.000,0,0.000,0,0.000,0,0,search,,SEARCH,1,0,0,0.000,0,0,0
1785733898.122,-10.661,-4.072,-19.517,0.9803,0,1.169,1.572,12.000,0.3127,4.000,-2.341,0.000,0.667,-25.000,-14.000,-2.8270,0.7680,0.498,0.498,0.768,-9.157,1.200,-2.500,0.0053,-0.089,nan,0.00,1,1,0,0,0,0.0000,0.000,0,0.000,0,0.000,1,0,search,,SEARCH,1,0,0,0.000,0,1,0
1785733898.162,-10.696,-4.114,-20.475,0.9801,0,1.156,1.614,12.000,0.3137,4.000,-2.341,0.000,0.667,-25.000,-14.000,-2.9077,0.7903,0.417,0.417,0.790,-9.152,1.200,-2.500,0.0053,-0.086,nan,0.00,1,1,0,0,0,0.0000,0.000,0,0.000,0,0.000,0,0,search,,SEARCH,1,0,0,0.000,0,0,0
1785733898.201,-10.734,-4.158,-21.547,0.9799,0,1.143,1.658,12.000,0.3148,4.000,-2.341,0.000,0.667,-25.000,-14.000,-2.9947,0.8156,0.330,0.330,0.816,-9.147,1.200,-2.500,0.0053,-0.083,nan,0.00,1,1,0,0,0,0.0000,0.000,0,0.000,0,0.000,0,0,search,,SEARCH,1,0,0,0.000,0,0,0
1785733898.230,-10.770,-4.201,-22.596,0.9797,0,1.130,1.701,12.000,0.3160,4.000,-2.341,0.000,0.667,-25.000,-14.000,-3.0773,0.8408,0.248,0.248,0.841,-9.143,1.200,-2.500,0.0053,-0.081,nan,0.00,1,1,0,0,0,0.0000,0.000,0,0.000,0,0.000,2,0,search,,SEARCH,1,0,0,0.000,0,0,0
1785733898.271,-10.802,-4.236,-23.622,0.9796,0,1.119,1.736,12.000,0.3171,4.000,-2.341,0.000,0.667,-25.000,-14.000,-3.1538,0.8662,0.171,0.171,0.866,-9.143,1.200,-2.500,0.0053,-0.079,nan,0.00,1,1,0,0,0,0.0000,0.000,0,0.000,0,0.000,0,0,search,,SEARCH,1,0,0,0.000,0,0,0
1785733898.309,-10.802,-4.236,-23.622,0.9796,0,1.119,1.736,12.000,0.3170,4.000,-2.341,0.000,0.667,-25.000,-14.000,-3.1538,0.8662,0.171,0.171,0.866,-9.143,1.200,-2.500,0.0053,-0.076,nan,0.00,1,1,0,0,0,0.0000,0.000,0,0.000,0,0.000,0,0,search,,SEARCH,1,0,0,0.000,0,0,0
1785733898.350,-10.856,-4.295,-25.497,0.9793,0,1.101,1.795,12.000,0.3192,4.000,-2.341,0.000,0.667,-25.000,-14.000,-3.2896,0.9137,0.035,0.035,0.914,-9.148,1.200,-2.500,0.0053,-0.074,nan,0.00,1,1,0,0,0,0.0000,0.000,0,0.000,0,0.000,0,0,search,,SEARCH,1,0,0,0.000,0,0,0
1785733898.387,-10.881,-4.321,-26.469,0.9792,0,1.092,1.821,12.000,0.3204,4.000,-2.341,0.000,0.667,-25.000,-14.000,-3.3580,0.9390,-0.033,-0.033,0.939,-9.154,1.200,-2.500,0.0053,-0.072,nan,0.00,1,1,0,0,0,0.0000,0.000,0,0.000,0,0.000,0,0,search,,SEARCH,1,0,0,0.000,0,0,0
1785733898.412,-10.903,-4.343,-27.367,0.9791,0,1.084,1.843,12.000,0.3214,4.000,-2.341,0.000,0.667,-25.000,-14.000,-3.4202,0.9626,-0.095,-0.095,0.963,-9.162,1.200,-2.500,0.0053,-0.070,nan,0.00,1,1,0,0,0,0.0000,0.000,0,0.000,0,0.000,0,0,search,,SEARCH,1,0,0,0.000,0,0,0
1785733898.444,-95.556,-33.917,90.046,-0.0803,1,-0.416,3.343,12.000,0.0000,4.000,-2.341,0.000,0.667,-25.000,-14.000,7.4009,-1.5000,10.726,10.726,-7.431,4.500,1.200,6.000,0.0053,-0.067,nan,0.00,1,1,0,0,0,0.0000,0.000,0,0.000,0,0.000,0,0,search,,SEARCH,1,0,0,0.000,0,0,0
1785733898.482,-95.556,-33.917,90.046,-0.0803,1,-1.916,4.843,12.000,0.0000,4.000,-2.341,0.000,0.667,-25.000,-14.000,7.4009,-1.5000,10.726,10.726,-7.431,4.500,1.200,6.000,0.0053,-0.065,nan,0.00,1,1,0,0,0,0.0000,0.000,0,0.000,0,0.000,0,0,search,,SEARCH,1,0,0,0.000,0,0,0
1785733898.521,-91.735,-28.968,88.664,-0.0265,1,-3.416,6.343,12.000,0.0000,4.000,-2.341,0.000,0.667,-25.000,-14.000,26.6105,-1.5000,29.936,29.936,-24.240,5.240,1.200,6.000,0.0053,-0.063,nan,0.00,1,1,0,0,0,0.0000,0.000,0,0.000,0,0.000,0,0,search,,SEARCH,1,0,0,0.000,0,-1,0
1785733898.559,-88.731,-31.635,83.731,0.0189,1,-4.916,7.843,12.000,0.0110,4.000,-2.341,0.000,0.667,-25.000,-14.000,37.1500,-1.5000,40.475,40.475,-32.638,2.449,1.200,6.000,0.0053,-0.062,nan,0.00,1,1,0,0,0,0.0000,0.000,0,0.000,0,0.000,0,0,search,,SEARCH,1,0,0,0.000,0,-1,0
1785733898.592,-84.946,-30.542,79.998,0.0759,1,-6.416,9.343,12.000,0.0441,4.000,-2.341,0.000,0.667,-25.000,-14.000,47.8595,-1.5000,51.185,51.185,-40.557,1.805,1.200,6.000,0.0053,-0.060,nan,0.00,1,1,0,0,0,0.0000,0.000,0,0.000,0,0.000,1,0,search,,SEARCH,1,0,0,0.000,0,-1,0
1785733898.639,-81.216,-29.823,76.659,0.1325,1,-7.916,10.843,12.000,0.0770,4.000,-2.341,0.000,0.667,-25.000,-14.000,48.7698,-1.5000,52.095,52.095,-40.374,0.631,1.200,-2.500,0.0053,-0.058,nan,0.00,1,1,0,0,0,0.0000,0.000,0,0.000,0,0.000,1,0,search,,SEARCH,1,0,0,0.000,0,-1,0
1785733898.691,-77.831,-29.118,73.562,0.1842,1,-8.750,12.343,12.000,0.1071,4.000,-2.341,0.000,0.667,-25.000,-14.000,49.5278,-1.5000,52.853,52.853,-40.225,-0.538,1.200,-2.500,0.0053,-0.056,nan,0.00,1,1,0,0,0,0.0000,0.000,0,0.000,0,0.000,0,0,search,,SEARCH,1,0,0,0.000,0,-1,1
1785733898.732,-70.524,-28.989,67.003,0.2916,1,-8.750,13.843,12.000,0.1695,4.000,-2.341,0.000,0.667,-25.000,-14.000,51.1301,-1.5000,54.455,54.455,-40.141,-4.436,1.200,-2.500,0.0053,-0.054,nan,0.00,1,1,0,0,0,0.0000,0.000,0,0.000,0,0.000,0,0,search,,SEARCH,1,0,0,0.000,0,-1,0
1785733898.782,-67.814,-29.028,64.584,0.3302,1,-8.750,15.343,12.000,0.1919,4.000,-2.341,0.000,0.667,-25.000,-14.000,51.6290,-1.5000,54.954,54.954,-40.186,-6.037,1.200,-2.500,0.0053,-0.053,nan,0.00,1,1,0,0,0,0.0000,0.000,0,0.000,0,0.000,0,0,search,,SEARCH,1,0,0,0.000,0,-1,0
1785733898.827,-66.077,-29.179,63.276,0.3540,1,-8.750,16.843,12.000,0.2057,4.000,-2.341,0.000,0.667,-25.000,-14.000,51.9186,-1.5000,55.244,55.244,-40.230,-7.037,1.200,-2.500,0.0053,-0.051,nan,0.00,1,1,0,0,0,0.0000,0.000,0,0.000,0,0.000,1,0,search,,SEARCH,1,0,0,0.000,0,-1,1
1785733898.867,-61.968,-29.043,60.861,0.4109,1,-8.750,18.000,12.000,0.2387,4.000,-2.341,0.000,0.667,-25.000,-14.000,52.6829,-1.5000,56.008,56.008,-40.249,-8.461,1.200,-2.500,0.0053,-0.050,nan,0.00,1,1,0,0,0,0.0000,0.000,0,0.000,0,0.000,0,0,search,,SEARCH,1,0,0,0.000,0,-1,0
1785733898.905,-58.184,-28.144,60.074,0.4649,1,-8.750,18.000,12.000,0.2700,4.000,-2.341,0.000,0.667,-25.000,-14.000,53.6026,-1.5000,56.928,56.928,-40.227,-8.242,1.200,-2.500,0.0053,-0.048,nan,0.00,1,1,0,0,0,0.0000,0.000,0,0.000,0,0.000,0,0,search,,SEARCH,1,0,0,0.000,0,-1,0
1785733898.936,-54.409,-27.396,61.588,0.5167,0,-8.750,18.000,12.000,0.2866,4.000,-2.341,0.000,0.667,-25.000,-14.000,54.6131,-1.5000,57.938,57.938,-40.208,-6.611,1.200,-2.500,0.0053,-0.047,nan,0.00,1,1,0,0,0,0.0000,0.000,0,0.000,0,0.000,0,0,search,,SEARCH,1,0,0,0.000,0,-1,0
1785733898.961,-54.409,-27.396,61.588,0.5167,0,-8.750,18.000,10.500,0.2902,4.000,2.341,0.000,0.667,25.000,-14.000,54.6131,-1.5000,57.938,57.938,-40.208,-6.611,1.200,-2.500,0.0053,-0.045,nan,0.00,1,1,0,0,0,0.0000,0.000,0,0.000,0,0.000,0,0,search,,SEARCH,1,0,0,0.000,0,-1,0
1785733899.005,-49.723,-27.822,64.747,0.5718,0,-8.750,18.000,9.000,0.2902,4.000,2.341,0.000,0.667,25.000,-14.000,55.3617,-1.5000,58.687,58.687,-40.203,-4.771,1.200,0.460,0.0053,-0.044,nan,0.00,1,1,0,0,0,0.0000,0.000,0,0.000,0,0.000,0,0,search,,SEARCH,1,0,0,0.000,0,-1,1
1785733899.045,-38.318,-31.645,74.314,0.6679,0,-8.511,18.000,7.500,0.2901,4.000,2.341,0.000,0.667,25.000,-14.000,54.0750,-1.5000,57.400,57.400,-40.322,-1.765,1.200,6.000,0.0053,-0.043,nan,0.00,1,1,0,0,0,0.0000,0.000,0,0.000,0,0.000,0,0,search,,SEARCH,1,0,0,0.000,0,-1,0
1785733899.078,-38.145,-31.720,74.404,0.6690,0,-8.451,18.000,6.000,0.2901,4.000,2.341,0.000,0.667,25.000,-14.000,54.0244,-1.5000,57.349,57.349,-40.325,-1.773,1.200,6.000,0.0053,-0.041,nan,0.00,1,1,0,0,0,0.0000,0.000,0,0.000,0,0.000,1,0,search,,SEARCH,1,0,0,0.000,0,-1,1
1785733899.116,-22.336,-26.927,72.130,0.8247,0,-6.951,18.000,4.500,0.2734,4.000,2.341,0.000,0.667,25.000,-14.000,48.8604,-1.5000,52.185,52.185,-40.498,0.937,1.200,6.000,0.0053,-0.040,nan,0.00,1,1,0,0,0,0.0000,0.000,0,0.000,0,0.000,0,0,search,,SEARCH,1,0,0,0.000,0,-1,0
1785733899.157,-20.784,-26.066,71.820,0.8398,0,-5.451,18.000,3.000,0.2567,4.000,2.341,0.000,0.667,25.000,-14.000,48.3540,-1.5000,51.679,51.679,-40.584,1.540,1.200,6.000,0.0053,-0.039,nan,0.00,1,1,0,0,0,0.0000,0.000,0,0.000,0,0.000,0,0,search,,SEARCH,1,0,0,0.000,0,-1,1
1785733899.202,-20.368,-18.585,68.005,0.8886,0,-3.951,18.000,1.500,0.2401,4.000,2.341,0.000,0.667,25.000,-14.000,49.1751,-1.5000,52.500,52.500,-40.370,5.219,1.200,6.000,0.0053,-0.038,nan,0.00,1,1,0,0,0,0.0000,0.000,0,0.000,0,0.000,2,0,search,,SEARCH,1,0,0,0.000,0,-1,0
1785733899.242,-20.368,-18.585,68.005,0.8886,0,-2.451,18.000,0.000,0.2283,4.000,2.341,0.000,0.667,25.000,-14.000,49.1751,-1.5000,52.500,52.500,-40.370,5.219,1.200,6.000,0.0053,-0.037,nan,0.00,1,1,0,0,0,0.0000,0.000,0,0.000,0,0.000,0,0,search,,SEARCH,1,0,0,0.000,0,-1,0
1785733899.282,-19.726,-13.069,65.806,0.9169,0,-2.004,18.000,1.500,0.2213,4.000,-2.341,0.000,0.667,-25.000,-14.000,49.0760,-1.5000,52.401,52.401,-39.740,8.063,1.200,6.000,0.0053,-0.036,nan,0.00,1,1,0,0,0,0.0000,0.000,0,0.000,0,0.000,0,0,search,,SEARCH,1,0,0,0.000,0,0,0
1785733899.327,-20.279,-19.665,67.693,0.8833,0,-2.197,18.000,3.000,0.2296,4.000,-2.341,0.000,0.667,-25.000,-14.000,49.0694,-1.5000,52.394,52.394,-39.617,4.496,1.200,6.000,0.0053,-0.034,nan,0.00,1,1,0,0,0,0.0000,0.000,0,0.000,0,0.000,0,0,search,,SEARCH,1,0,0,0.000,0,0,0
1785733899.357,-20.001,-16.679,66.699,0.9002,0,-2.100,18.000,4.500,0.2253,4.000,-2.341,0.000,0.667,-25.000,-14.000,49.0074,-1.5000,52.332,52.332,-39.651,6.191,1.200,6.000,0.0053,-0.033,nan,0.00,1,1,0,0,0,0.0000,0.000,0,0.000,0,0.000,1,0,search,,SEARCH,1,0,0,0.000,0,0,0
1785733899.405,-19.676,-14.064,65.576,0.9134,0,-1.987,18.000,6.000,0.2220,4.000,-2.341,0.000,0.667,-25.000,-14.000,48.9314,-1.5000,52.256,52.256,-39.731,7.498,1.200,6.000,0.0053,-0.032,nan,0.00,1,1,0,0,0,0.0000,0.000,0,0.000,0,0.000,0,0,search,,SEARCH,1,0,0,0.000,0,0,0
1785733899.453,-19.482,-13.494,64.938,0.9167,0,-1.919,18.000,7.500,0.2212,4.000,-2.341,0.000,0.667,-25.000,-14.000,48.8871,-1.5000,52.212,52.212,-39.857,7.610,1.200,6.000,0.0053,-0.031,nan,0.00,1,1,0,0,0,0.0000,0.000,0,0.000,0,0.000,3,0,search,,SEARCH,1,0,0,0.000,0,0,1
1785733899.491,-19.216,-11.271,63.941,0.9261,0,-1.826,17.271,9.000,0.2189,4.000,-2.341,0.000,0.667,-25.000,-14.000,48.7458,-1.5000,52.071,52.071,-40.019,8.769,1.200,6.000,0.0053,-0.031,nan,0.00,1,1,0,0,0,0.0000,0.000,0,0.000,0,0.000,0,0,search,,SEARCH,1,0,0,0.000,0,0,0
1785733899.544,-18.977,-9.408,62.827,0.9329,0,-1.742,15.771,10.500,0.2173,4.000,-2.341,0.000,0.667,-25.000,-14.000,48.6844,-1.5000,52.009,52.009,-39.963,9.491,1.200,6.000,0.0053,-0.030,nan,0.00,1,1,0,0,0,0.0000,0.000,0,0.000,0,0.000,1,0,search,,SEARCH,1,0,0,0.000,0,1,0
1785733899.584,-18.782,-7.567,61.637,0.9385,0,-1.674,14.271,12.000,0.2159,4.000,-2.341,0.000,0.667,-25.000,-14.000,48.6545,-1.5000,51.980,51.980,-39.938,10.102,1.200,6.000,0.0053,-0.029,nan,0.00,1,1,0,0,0,0.0000,0.000,0,0.000,0,0.000,0,0,search,,SEARCH,1,0,0,0.000,0,0,0
1785733899.624,-18.482,-6.179,60.163,0.9429,0,-1.569,12.771,12.000,0.2149,4.000,-2.341,0.000,0.667,-25.000,-14.000,48.6396,-1.5000,51.965,51.965,-39.899,10.142,1.200,6.000,0.0053,-0.028,nan,0.00,1,1,0,0,0,0.0000,0.000,0,0.000,0,0.000,0,0,search,,SEARCH,1,0,0,0.000,0,0,1
1785733899.673,-17.943,-3.847,57.602,0.9492,0,-1.380,11.271,12.000,0.2135,4.000,-2.341,0.000,0.667,-25.000,-14.000,48.5666,-1.5000,51.892,51.892,-39.796,10.105,1.200,6.000,0.0053,-0.027,nan,0.00,1,1,0,0,0,0.0000,0.000,0,0.000,0,0.000,0,0,search,,SEARCH,1,0,0,0.000,0,0,0
1785733899.716,-17.639,-2.993,56.405,0.9517,0,-1.274,9.771,12.000,0.2129,4.000,-2.341,0.000,0.667,-25.000,-14.000,48.5068,-1.5000,51.832,51.832,-39.745,9.903,1.200,6.000,0.0053,-0.026,nan,0.00,1,1,0,0,0,0.0000,0.000,0,0.000,0,0.000,0,0,search,,SEARCH,1,0,0,0.000,0,0,0
1785733899.764,-17.156,-1.583,54.203,0.9551,0,-1.104,8.271,12.000,0.2121,4.000,-2.341,0.000,0.667,-25.000,-14.000,48.4119,-1.5000,51.737,51.737,-39.658,9.400,1.200,6.000,0.0053,-0.025,nan,0.00,1,1,0,0,0,0.0000,0.000,0,0.000,0,0.000,0,0,search,,SEARCH,1,0,0,0.000,0,0,0
1785733899.803,-17.329,-0.989,53.273,0.9545,0,-1.165,6.989,12.000,0.2122,4.000,-2.341,0.000,0.667,-25.000,-14.000,48.5176,-1.5000,51.843,51.843,-39.622,9.188,1.200,6.000,0.0053,-0.025,nan,0.00,1,1,0,0,0,0.0000,0.000,0,0.000,0,0.000,0,0,search,,SEARCH,1,0,0,0.000,0,0,0
1785733899.858,-17.494,-0.130,51.543,0.9537,0,-1.223,6.130,12.000,0.2123,4.000,-2.341,0.000,0.667,-25.000,-14.000,48.6291,-1.5000,51.954,51.954,-39.564,8.621,1.200,6.000,0.0053,-0.024,nan,0.00,1,1,0,0,0,0.0000,0.000,0,0.000,0,0.000,0,0,search,,SEARCH,1,0,0,0.000,0,0,1
1785733899.895,-17.466,0.285,50.749,0.9539,0,-1.213,5.715,12.000,0.2123,4.000,-2.341,0.000,0.667,-25.000,-14.000,48.6123,-1.5000,51.937,51.937,-39.543,8.384,1.200,6.000,0.0053,-0.023,nan,0.00,1,1,0,0,0,0.0000,0.000,0,0.000,0,0.000,0,0,search,,SEARCH,1,0,0,0.000,0,0,0
1785733899.935,-17.396,1.577,49.293,0.9539,0,-1.189,4.423,12.000,0.2123,4.000,-2.341,0.000,0.667,-25.000,-14.000,48.6292,-1.5000,51.954,51.954,-39.592,8.347,1.200,6.000,0.0053,-0.023,nan,0.00,1,1,0,0,0,0.0000,0.000,0,0.000,0,0.000,0,0,search,,SEARCH,1,0,0,0.000,0,0,0
1785733899.985,-17.403,1.920,48.233,0.9537,0,-1.191,4.080,12.000,0.2123,4.000,-2.341,0.000,0.667,-25.000,-14.000,48.6552,-1.5000,51.980,51.980,-39.625,7.939,1.200,6.000,0.0053,-0.022,nan,0.00,1,1,0,0,0,0.0000,0.000,0,0.000,0,0.000,0,0,search,,SEARCH,1,0,0,0.000,0,0,1
1785733900.028,-17.077,2.552,47.700,0.9550,0,-1.077,3.448,12.000,0.2120,4.000,-2.341,0.000,0.667,-25.000,-14.000,48.4580,-1.5000,51.783,51.783,-39.656,8.102,1.200,6.000,0.0053,-0.021,nan,0.00,1,1,0,0,0,0.0000,0.000,0,0.000,0,0.000,1,0,search,,SEARCH,1,0,0,0.000,0,1,0
1785733900.076,-16.698,2.830,46.311,0.9567,0,-0.944,3.170,12.000,0.2116,4.000,-2.341,0.000,0.667,-25.000,-14.000,48.2370,-1.5000,51.562,51.562,-39.610,7.393,1.200,6.000,0.0053,-0.021,nan,0.00,1,1,0,0,0,0.0000,0.000,0,0.000,0,0.000,0,0,search,,SEARCH,1,0,0,0.000,0,0,0
1785733900.121,-16.497,2.362,46.170,0.9580,0,-0.874,3.638,12.000,0.2113,4.000,-2.341,0.000,0.667,-25.000,-14.000,48.0810,-1.5000,51.406,51.406,-39.559,6.998,1.200,6.000,0.0053,-0.020,nan,0.00,1,1,0,0,0,0.0000,0.000,0,0.000,0,0.000,0,0,search,,SEARCH,1,0,0,0.000,0,0,1
1785733900.150,-16.213,2.282,45.968,0.9595,0,-0.775,3.718,12.000,0.2109,4.000,-2.341,0.000,0.667,-25.000,-14.000,47.8842,-1.5000,51.209,51.209,-39.534,6.842,1.200,6.000,0.0053,-0.019,nan,0.00,1,1,0,0,0,0.0000,0.000,0,0.000,0,0.000,2,0,search,,SEARCH,1,0,0,0.000,0,2,0
1785733900.196,-15.827,2.524,45.867,0.9612,0,-0.640,3.476,12.000,0.2106,4.000,-2.341,0.000,0.667,-25.000,-14.000,47.6160,-1.5000,50.941,50.941,-39.521,7.003,1.200,6.000,0.0053,-0.019,nan,0.00,1,1,0,0,0,0.0000,0.000,0,0.000,0,0.000,0,0,search,,SEARCH,1,0,0,0.000,0,0,0
1785733900.244,-17.593,8.603,47.640,0.9425,0,-1.257,1.976,12.000,0.2147,4.000,-2.341,0.000,0.667,-25.000,-14.000,47.6676,-1.5000,50.993,50.993,-39.589,12.530,1.200,6.000,0.0053,-0.018,nan,0.00,1,1,0,0,0,0.0000,0.000,0,0.000,0,0.000,0,0,search,,SEARCH,1,0,0,0.000,0,0,0
1785733900.288,-17.797,9.417,47.554,0.9393,0,-1.329,0.476,12.000,0.2154,4.000,-2.341,0.000,0.667,-25.000,-14.000,47.5741,-1.5000,50.899,50.899,-39.579,13.061,1.200,6.000,0.0053,-0.018,nan,0.00,1,1,0,0,0,0.0000,0.000,0,0.000,0,0.000,0,0,search,,SEARCH,1,0,0,0.000,0,0,0
1785733900.337,-17.959,10.107,47.454,0.9365,0,-1.386,-1.024,12.000,0.2160,4.000,-2.341,0.000,0.667,-25.000,-14.000,47.4804,-1.5000,50.805,50.805,-39.541,13.501,1.200,6.000,0.0053,-0.017,nan,0.00,1,1,0,0,0,0.0000,0.000,0,0.000,0,0.000,0,0,search,,SEARCH,1,0,0,0.000,0,0,1
1785733900.376,-16.320,9.025,47.559,0.9478,0,-0.812,-2.524,12.000,0.2134,4.000,-2.341,0.000,0.667,-25.000,-14.000,46.6362,-1.5000,49.961,49.961,-39.392,12.959,1.200,6.000,0.0053,-0.017,nan,0.00,1,1,0,0,0,0.0000,0.000,0,0.000,0,0.000,0,0,search,,SEARCH,1,0,0,0.000,0,0,0
1785733900.429,-15.675,8.435,47.558,0.9524,0,-0.586,-2.435,12.000,0.2124,4.000,-2.341,0.000,0.667,-25.000,-14.000,46.2936,-1.5000,49.619,49.619,-39.288,12.621,1.200,6.000,0.0053,-0.016,nan,0.00,1,1,0,0,0,0.0000,0.000,0,0.000,0,0.000,0,0,search,,SEARCH,1,0,0,0.000,0,0,0
1785733900.478,-15.486,8.175,47.509,0.9539,0,-0.520,-2.175,12.000,0.2121,4.000,-2.341,0.000,0.667,-25.000,-14.000,46.1299,-1.5000,49.455,49.455,-39.197,12.459,1.200,6.000,0.0053,-0.016,nan,0.00,1,1,0,0,0,0.0000,0.000,0,0.000,0,0.000,1,0,search,,SEARCH,1,0,0,0.000,0,1,0
1785733900.523,-15.985,6.016,47.998,0.9560,0,-0.695,-0.675,12.000,0.2116,4.000,-2.341,0.000,0.667,-25.000,-14.000,46.1972,-1.5000,49.522,49.522,-39.148,11.449,1.200,6.000,0.0053,-0.015,nan,0.00,1,1,0,0,0,0.0000,0.000,0,0.000,0,0.000,0,0,search,,SEARCH,1,0,0,0.000,0,0,0
1785733900.573,-15.968,6.032,47.952,0.9561,0,-0.689,-0.032,12.000,0.2115,4.000,-2.341,0.000,0.667,-25.000,-14.000,46.0853,-1.5000,49.410,49.410,-39.157,11.459,1.200,6.000,0.0053,-0.015,nan,0.00,1,1,0,0,0,0.0000,0.000,0,0.000,0,0.000,2,0,search,,SEARCH,1,0,0,0.000,0,2,1
1785733900.612,-15.950,6.022,47.892,0.9562,0,-0.682,-0.022,12.000,0.2115,4.000,-2.341,0.000,0.667,-25.000,-14.000,45.8620,-1.5000,49.187,49.187,-39.181,11.459,1.200,6.000,0.0053,-0.014,nan,0.00,1,1,0,0,0,0.0000,0.000,0,0.000,0,0.000,0,0,search,,SEARCH,1,0,0,0.000,0,0,0
1785733900.651,-15.950,6.022,47.892,0.9562,0,-0.682,-0.022,12.000,0.2115,4.000,-2.341,0.000,0.667,-25.000,-14.000,45.8620,-1.5000,49.187,49.187,-39.181,11.459,1.200,6.000,0.0053,-0.014,nan,0.00,1,1,0,0,0,0.0000,0.000,0,0.000,0,0.000,0,0,search,,SEARCH,1,0,0,0.000,0,0,0
1785733900.697,-15.952,5.923,47.906,0.9564,0,-0.683,0.077,12.000,0.2114,4.000,-2.341,0.000,0.667,-25.000,-14.000,45.6663,-1.5000,48.991,48.991,-39.154,11.452,1.200,6.000,0.0053,-0.013,nan,0.00,1,1,0,0,0,0.0000,0.000,0,0.000,0,0.000,2,0,search,,SEARCH,1,0,0,0.000,0,2,0
1785733900.739,-15.947,5.902,47.910,0.9564,0,-0.681,0.098,12.000,0.2114,4.000,-2.341,0.000,0.667,-25.000,-14.000,45.5692,-1.5000,48.894,48.894,-39.136,11.465,1.200,6.000,0.0053,-0.013,nan,0.00,1,1,0,0,0,0.0000,0.000,0,0.000,0,0.000,0,0,search,,SEARCH,1,0,0,0.000,0,0,0
1785733900.789,-15.922,5.875,47.874,0.9566,0,-0.673,0.125,12.000,0.2114,4.000,-2.341,0.000,0.667,-25.000,-14.000,45.3668,-1.5000,48.692,48.692,-39.104,11.469,1.200,6.000,0.0053,-0.013,nan,0.00,1,1,0,0,0,0.0000,0.000,0,0.000,0,0.000,0,0,search,,SEARCH,1,0,0,0.000,0,0,0
1785733900.836,-15.920,5.870,47.867,0.9566,0,-0.672,0.130,12.000,0.2113,4.000,-2.341,0.000,0.667,-25.000,-14.000,45.2594,-1.5000,48.584,48.584,-39.087,11.487,1.200,6.000,0.0053,-0.012,nan,0.00,1,1,0,0,0,0.0000,0.000,0,0.000,0,0.000,0,0,search,,SEARCH,1,0,0,0.000,0,0,0
1785733900.888,-15.922,5.861,47.865,0.9566,0,-0.673,0.139,12.000,0.2113,4.000,-2.341,0.000,0.667,-25.000,-14.000,45.1489,-1.5000,48.474,48.474,-39.069,11.508,1.200,6.000,0.0053,-0.012,nan,0.00,1,1,0,0,0,0.0000,0.000,0,0.000,0,0.000,0,0,search,,SEARCH,1,0,0,0.000,0,0,1
1785733900.931,-15.916,5.851,47.858,0.9567,0,-0.671,0.149,10.500,0.2113,4.000,2.341,0.000,0.667,25.000,-14.000,44.9180,-1.5000,48.243,48.243,-39.031,11.555,1.200,6.000,0.0053,-0.012,nan,0.00,1,1,0,0,0,0.0000,0.000,0,0.000,0,0.000,0,0,search,,SEARCH,1,0,0,0.000,0,0,0
1785733900.969,-15.916,5.851,47.858,0.9567,0,-0.671,0.149,9.000,0.2113,4.000,2.341,0.000,0.667,25.000,-14.000,44.9165,-1.5000,48.242,48.242,-39.031,11.556,1.200,6.000,0.0053,-0.011,nan,0.00,1,1,0,0,0,0.0000,0.000,0,0.000,0,0.000,1,0,search,,SEARCH,1,0,0,0.000,0,1,1
1785733901.020,-15.916,5.827,47.863,0.9567,0,-0.671,0.173,7.500,0.2113,4.000,2.341,0.000,0.667,25.000,-14.000,44.6922,-1.5000,48.017,48.017,-38.994,11.601,1.200,6.000,0.0053,-0.011,nan,0.00,1,1,0,0,0,0.0000,0.000,0,0.000,0,0.000,0,0,search,,SEARCH,1,0,0,0.000,0,0,0
1785733901.061,-15.910,5.817,47.868,0.9567,0,-0.668,0.183,6.000,0.2113,4.000,2.341,0.000,0.667,25.000,-14.000,44.5837,-1.5000,47.909,47.909,-38.977,11.625,1.200,6.000,0.0053,-0.011,nan,0.00,1,1,0,0,0,0.0000,0.000,0,0.000,0,0.000,0,0,search,,SEARCH,1,0,0,0.000,0,0,0
1785733901.106,-15.903,5.791,47.878,0.9568,0,-0.666,0.209,4.500,0.2112,4.000,2.341,0.000,0.667,25.000,-14.000,44.4778,-1.5000,47.803,47.803,-38.961,11.645,1.200,6.000,0.0053,-0.010,nan,0.00,1,1,0,0,0,0.0000,0.000,0,0.000,0,0.000,0,0,search,,SEARCH,1,0,0,0.000,0,0,0
1785733901.144,-15.926,5.747,47.843,0.9568,0,-0.674,0.253,3.000,0.2112,4.000,2.341,0.000,0.667,25.000,-14.000,44.3820,-1.5000,47.707,47.707,-38.943,11.623,1.200,6.000,0.0053,-0.010,nan,0.00,1,1,0,0,0,0.0000,0.000,0,0.000,0,0.000,0,0,search,,SEARCH,1,0,0,0.000,0,0,0
1785733901.185,-15.924,5.713,47.849,0.9569,0,-0.673,0.287,1.500,0.2112,4.000,2.341,0.000,0.667,25.000,-14.000,44.2770,-1.5000,47.602,47.602,-38.926,11.632,1.200,6.000,0.0053,-0.010,nan,0.00,1,1,0,0,0,0.0000,0.000,0,0.000,0,0.000,0,0,search,,SEARCH,1,0,0,0.000,0,0,1
1785733901.227,-15.922,5.686,47.851,0.9569,0,-0.673,0.314,0.000,0.2112,4.000,2.341,0.000,0.667,25.000,-14.000,44.1713,-1.5000,47.496,47.496,-38.910,11.643,1.200,6.000,0.0053,-0.009,nan,0.00,1,1,0,0,0,0.0000,0.000,0,0.000,0,0.000,0,0,search,,SEARCH,1,0,0,0.000,0,0,0
1785733901.267,-15.918,5.693,47.846,0.9569,0,-0.671,0.307,-1.500,0.2112,4.000,2.341,0.000,0.667,25.000,-14.000,43.9557,-1.5000,47.281,47.281,-38.878,11.697,1.200,6.000,0.0053,-0.009,nan,0.00,1,1,0,0,0,0.0000,0.000,0,0.000,0,0.000,0,0,search,,SEARCH,1,0,0,0.000,0,0,0
1785733901.303,-15.927,5.661,47.853,0.9569,0,-0.675,0.339,-3.000,0.2112,4.000,2.341,0.000,0.667,25.000,-14.000,43.8567,-1.5000,47.182,47.182,-38.861,11.707,1.200,6.000,0.0053,-0.009,nan,0.00,1,1,0,0,0,0.0000,0.000,0,0.000,0,0.000,0,0,search,,SEARCH,1,0,0,0.000,0,0,0
1785733901.350,-15.927,5.624,47.871,0.9570,0,-0.674,0.376,-4.500,0.2111,4.000,2.341,0.000,0.667,25.000,-14.000,43.7525,-1.5000,47.078,47.078,-38.845,11.720,1.200,6.000,0.0053,-0.008,nan,0.00,1,1,0,0,0,0.0000,0.000,0,0.000,0,0.000,2,0,search,,SEARCH,1,0,0,0.000,0,2,0
1785733901.391,-15.931,5.631,47.921,0.9570,0,-0.676,0.369,-6.000,0.2111,4.000,2.341,0.000,0.667,25.000,-14.000,43.6413,-1.5000,46.966,46.966,-38.828,11.785,1.200,6.000,0.0053,-0.008,nan,0.00,1,1,0,0,0,0.0000,0.000,0,0.000,0,0.000,0,0,search,,SEARCH,1,0,0,0.000,0,0,0
1785733901.443,-15.963,5.706,48.116,0.9567,0,-0.687,0.294,-7.500,0.2112,4.000,2.341,0.000,0.667,25.000,-14.000,43.4172,-1.5000,46.742,46.742,-38.796,12.011,1.200,6.000,0.0053,-0.008,nan,0.00,1,1,0,0,0,0.0000,0.000,0,0.000,0,0.000,0,0,search,,SEARCH,1,0,0,0.000,0,0,0
1785733901.494,-15.982,5.762,48.311,0.9565,0,-0.694,0.238,-9.000,0.2112,4.000,2.341,0.000,0.667,25.000,-14.000,43.2874,-1.5000,46.612,46.612,-38.780,12.200,1.200,6.000,0.0053,-0.008,nan,0.00,1,1,0,0,0,0.0000,0.000,0,0.000,0,0.000,0,0,search,,SEARCH,1,0,0,0.000,0,0,0
1785733901.540,-16.015,5.821,48.566,0.9562,0,-0.705,0.179,-10.500,0.2113,4.000,2.341,0.000,0.667,25.000,-14.000,43.1629,-1.5000,46.488,46.488,-38.765,12.426,1.200,6.000,0.0053,-0.008,nan,0.00,1,1,0,0,0,0.0000,0.000,0,0.000,0,0.000,0,0,search,,SEARCH,1,0,0,0.000,0,0,1
1785733901.569,-16.061,5.902,48.875,0.9559,0,-0.721,0.098,-12.000,0.2114,4.000,2.341,0.000,0.667,25.000,-14.000,43.0340,-1.5000,46.359,46.359,-38.749,12.699,1.200,6.000,0.0053,-0.007,nan,0.00,1,1,0,0,0,0.0000,0.000,0,0.000,0,0.000,2,0,search,,SEARCH,1,0,0,0.000,0,0,1
1785733901.615,-16.186,6.120,49.719,0.9549,0,-0.765,-0.120,-12.000,0.2116,4.000,2.341,0.000,0.667,25.000,-14.000,42.7351,-1.5000,46.060,46.060,-38.718,13.423,1.200,6.000,0.0053,-0.007,nan,0.00,1,1,0,0,0,0.0000,0.000,0,0.000,0,0.000,0,0,search,,SEARCH,1,0,0,0.000,0,0,0
1785733901.672,-16.274,6.274,50.339,0.9542,0,-0.796,-0.274,-12.000,0.2117,4.000,2.341,0.000,0.667,25.000,-14.000,42.5380,-1.5000,45.863,45.863,-38.699,13.940,1.200,6.000,0.0053,-0.007,nan,0.00,1,1,0,0,0,0.0000,0.000,0,0.000,0,0.000,0,0,search,,SEARCH,1,0,0,0.000,0,0,0
1785733901.709,-16.343,6.402,50.841,0.9536,0,-0.820,-0.402,-12.000,0.2118,4.000,2.341,0.000,0.667,25.000,-14.000,42.3757,-1.5000,45.701,45.701,-38.685,14.359,1.200,6.000,0.0053,-0.007,nan,0.00,1,1,0,0,0,0.0000,0.000,0,0.000,0,0.000,0,0,search,,SEARCH,1,0,0,0.000,0,0,0
1785733901.748,-16.432,6.698,51.918,0.9526,0,-0.851,-0.698,-12.000,0.2121,4.000,2.341,0.000,0.667,25.000,-14.000,41.9843,-1.5000,45.309,45.309,-38.654,15.268,1.200,6.000,0.0053,-0.006,nan,0.00,1,1,0,0,0,0.0000,0.000,0,0.000,0,0.000,0,0,search,,SEARCH,1,0,0,0.000,0,0,0
1785733901.790,-16.464,6.805,52.487,0.9522,0,-0.862,-0.805,-12.000,0.2121,4.000,2.341,0.000,0.667,25.000,-14.000,41.7682,-1.5000,45.093,45.093,-38.639,15.713,1.200,6.000,0.0053,-0.006,nan,0.00,1,1,0,0,0,0.0000,0.000,0,0.000,0,0.000,0,0,search,,SEARCH,1,0,0,0.000,0,0,0
1785733901.832,-16.500,6.905,53.156,0.9519,0,-0.875,-0.905,-12.000,0.2122,4.000,2.341,0.000,0.667,25.000,-14.000,41.5116,-1.5000,44.837,44.837,-38.620,16.217,1.200,6.000,0.0053,-0.006,nan,0.00,1,1,0,0,0,0.0000,0.000,0,0.000,0,0.000,0,0,search,,SEARCH,1,0,0,0.000,0,0,0
1785733901.879,-16.517,6.996,53.799,0.9516,0,-0.881,-0.996,-12.000,0.2123,4.000,2.341,0.000,0.667,25.000,-14.000,41.2495,-1.5000,44.575,44.575,-38.602,16.695,1.200,6.000,0.0053,-0.006,nan,0.00,1,1,0,0,0,0.0000,0.000,0,0.000,0,0.000,0,0,search,,SEARCH,1,0,0,0.000,0,0,0
1785733901.925,-16.496,7.078,54.451,0.9515,0,-0.873,-1.078,-12.000,0.2123,4.000,2.341,0.000,0.667,25.000,-14.000,40.9598,-1.5000,44.285,44.285,-38.583,17.170,1.200,6.000,0.0053,-0.006,nan,0.00,1,1,0,0,0,0.0000,0.000,0,0.000,0,0.000,2,0,search,,SEARCH,1,0,0,0.000,0,0,0
1785733901.967,-16.448,7.148,55.044,0.9516,0,-0.857,-1.148,-12.000,0.2122,4.000,2.341,0.000,0.667,25.000,-14.000,40.6767,-1.5000,44.002,44.002,-38.564,17.591,1.200,6.000,0.0053,-0.006,nan,0.00,1,1,0,0,0,0.0000,0.000,0,0.000,0,0.000,0,0,search,,SEARCH,1,0,0,0.000,0,0,0
1785733902.007,-16.373,7.221,55.695,0.9518,0,-0.830,-1.221,-12.000,0.2122,4.000,2.341,0.000,0.667,25.000,-14.000,40.3555,-1.5000,43.681,43.681,-38.545,18.047,1.200,6.000,0.0053,-0.005,nan,0.00,1,1,0,0,0,0.0000,0.000,0,0.000,0,0.000,0,0,search,,SEARCH,1,0,0,0.000,0,0,1
1785733902.046,-16.288,7.284,56.304,0.9521,0,-0.801,-1.284,-12.000,0.2121,4.000,2.341,0.000,0.667,25.000,-14.000,40.0476,-1.5000,43.373,43.373,-38.528,18.466,1.200,6.000,0.0053,-0.005,nan,0.00,1,1,0,0,0,0.0000,0.000,0,0.000,0,0.000,2,0,search,,SEARCH,1,0,0,0.000,0,2,1
1785733902.083,-16.176,7.326,56.926,0.9526,0,-0.762,-1.326,-12.000,0.2120,4.000,2.341,0.000,0.667,25.000,-14.000,39.7232,-1.5000,43.048,43.048,-38.511,18.875,1.200,6.000,0.0053,-0.005,nan,0.00,1,1,0,0,0,0.0000,0.000,0,0.000,0,0.000,1,0,search,,SEARCH,1,0,0,0.000,0,1,1
1785733902.121,-15.986,7.319,57.569,0.9535,0,-0.695,-1.319,-12.000,0.2118,4.000,2.341,0.000,0.667,25.000,-14.000,39.3509,-1.5000,42.676,42.676,-38.493,19.261,1.200,6.000,0.0053,-0.005,nan,0.00,1,1,0,0,0,0.0000,0.000,0,0.000,0,0.000,0,0,search,,SEARCH,1,0,0,0.000,0,0,0
1785733902.161,-15.871,7.374,58.086,0.9539,0,-0.655,-1.374,-12.000,0.2117,4.000,2.341,0.000,0.667,25.000,-14.000,39.0280,-1.5000,42.353,42.353,-38.472,19.610,1.200,6.000,0.0053,-0.005,nan,0.00,1,1,0,0,0,0.0000,0.000,0,0.000,0,0.000,0,0,search,,SEARCH,1,0,0,0.000,0,0,0
1785733902.205,-15.775,7.378,58.474,0.9544,0,-0.621,-1.378,-12.000,0.2116,4.000,2.341,0.000,0.667,25.000,-14.000,38.7653,-1.5000,42.090,42.090,-38.454,19.848,1.200,6.000,0.0053,-0.005,nan,0.00,1,1,0,0,0,0.0000,0.000,0,0.000,0,0.000,0,0,search,,SEARCH,1,0,0,0.000,0,0,0
1785733902.247,-15.706,7.335,58.848,0.9548,0,-0.597,-1.335,-12.000,0.2115,4.000,2.341,0.000,0.667,25.000,-14.000,38.5211,-1.5000,41.846,41.846,-38.434,20.050,1.200,6.000,0.0053,-0.004,nan,0.00,1,1,0,0,0,0.0000,0.000,0,0.000,0,0.000,0,0,search,,SEARCH,1,0,0,0.000,0,0,0
1785733902.300,-15.580,7.168,59.848,0.9557,0,-0.553,-1.168,-12.000,0.2113,4.000,2.341,0.000,0.667,25.000,-14.000,37.9769,-1.5000,41.302,41.302,-38.396,20.535,1.200,6.000,0.0053,-0.004,nan,0.00,1,1,0,0,0,0.0000,0.000,0,0.000,0,0.000,0,0,search,,SEARCH,1,0,0,0.000,0,0,0
1785733902.343,-15.524,7.173,60.431,0.9560,0,-0.534,-1.173,-12.000,0.2112,4.000,2.341,0.000,0.667,25.000,-14.000,37.6721,-1.5000,40.997,40.997,-38.379,20.875,1.200,6.000,0.0053,-0.004,nan,0.00,1,1,0,0,0,0.0000,0.000,0,0.000,0,0.000,0,0,search,,SEARCH,1,0,0,0.000,0,0,0
1785733902.382,-15.430,7.204,61.034,0.9563,0,-0.500,-1.204,-12.000,0.2111,4.000,2.341,0.000,0.667,25.000,-14.000,37.3393,-1.5000,40.664,40.664,-38.363,21.237,1.200,6.000,0.0053,-0.004,nan,0.00,1,1,0,0,0,0.0000,0.000,0,0.000,0,0.000,0,0,search,,SEARCH,1,0,0,0.000,0,0,0
1785733902.421,-15.297,7.228,61.649,0.9569,0,-0.454,-1.228,-12.000,0.2110,4.000,2.341,0.000,0.667,25.000,-14.000,36.9772,-1.5000,40.302,40.302,-38.346,21.594,1.200,6.000,0.0053,-0.004,nan,0.00,1,1,0,0,0,0.0000,0.000,0,0.000,0,0.000,0,0,search,,SEARCH,1,0,0,0.000,0,0,0
1785733902.474,-15.174,7.271,62.306,0.9574,0,-0.411,-1.271,-12.000,0.2109,4.000,2.341,0.000,0.667,25.000,-14.000,36.5918,-1.5000,39.917,39.917,-38.330,21.984,1.200,6.000,0.0053,-0.004,nan,0.00,1,1,0,0,0,0.0000,0.000,0,0.000,0,0.000,1,0,search,,SEARCH,1,0,0,0.000,0,0,1
1785733902.512,-14.935,7.307,63.503,0.9584,0,-0.327,-1.307,-12.000,0.2107,4.000,2.341,0.000,0.667,25.000,-14.000,35.8755,-1.5000,39.201,39.201,-38.295,22.655,1.200,6.000,0.0053,-0.004,nan,0.00,1,1,0,0,0,0.0000,0.000,0,0.000,0,0.000,0,0,search,,SEARCH,1,0,0,0.000,0,0,0
1785733902.552,-14.935,7.307,63.503,0.9584,0,-0.327,-1.307,-12.000,0.2107,4.000,2.341,0.000,0.667,25.000,-14.000,35.8755,-1.5000,39.201,39.201,-38.295,22.655,1.200,6.000,0.0053,-0.004,nan,0.00,1,1,0,0,0,0.0000,0.000,0,0.000,0,0.000,2,0,search,,SEARCH,1,0,0,0.000,0,0,0
1785733902.591,-14.731,7.327,64.664,0.9592,0,-0.256,-1.327,-12.000,0.2105,4.000,2.341,0.000,0.667,25.000,-14.000,35.1813,-1.5000,38.506,38.506,-38.260,23.282,1.200,6.000,0.0053,-0.004,nan,0.00,1,1,0,0,0,0.0000,0.000,0,0.000,0,0.000,0,0,search,,SEARCH,1,0,0,0.000,0,0,0
1785733902.630,-14.731,7.327,64.664,0.9592,0,-0.256,-1.327,-10.500,0.2105,4.000,-2.341,0.000,0.667,-25.000,-14.000,35.1813,-1.5000,38.506,38.506,-38.260,23.282,1.200,6.000,0.0053,-0.003,nan,0.00,1,1,0,0,0,0.0000,0.000,0,0.000,0,0.000,2,0,search,,SEARCH,1,0,0,0.000,0,-1,1
1785733902.668,-14.620,7.327,65.331,0.9597,0,-0.217,-1.327,-9.000,0.2104,4.000,-2.341,0.000,0.667,-25.000,-14.000,34.7800,-1.5000,38.105,38.105,-38.239,23.627,1.200,6.000,0.0053,-0.003,nan,0.00,1,1,0,0,0,0.0000,0.000,0,0.000,0,0.000,0,0,search,,SEARCH,1,0,0,0.000,0,-1,0
1785733902.707,-14.516,7.320,65.908,0.9602,0,-0.181,-1.320,-7.500,0.2103,4.000,-2.341,0.000,0.667,-25.000,-14.000,34.4135,-1.5000,37.739,37.739,-38.219,23.918,1.200,6.000,0.0053,-0.003,nan,0.00,1,1,0,0,0,0.0000,0.000,0,0.000,0,0.000,3,0,search,,SEARCH,1,0,0,0.000,0,-1,1
1785733902.753,-14.349,7.267,66.617,0.9610,0,-1.681,-1.267,-6.000,0.2101,nan,nan,nan,0.000,0.000,-10.000,0.0000,-1.5000,37.196,37.196,-38.184,24.243,1.000,6.000,0.0053,-0.003,nan,0.00,0,0,0,0,1,0.0000,0.236,0,0.018,1,0.709,1,0,,,FLYING,1,0,0,0.000,0,-1,0
1785733902.783,-14.200,7.152,66.722,0.9619,0,-3.181,-1.152,-4.500,0.2099,nan,nan,nan,0.000,0.000,-10.000,0.0000,-1.5000,36.977,36.977,-38.165,24.226,1.000,6.000,0.0053,-0.003,nan,0.00,0,0,0,0,1,0.0000,0.237,0,0.021,1,0.703,0,0,,,FLYING,1,0,0,0.000,0,-1,0
1785733902.817,-14.200,7.152,66.722,0.9619,0,-1.681,-1.152,-3.000,0.2099,4.000,-1.706,0.000,0.667,-23.102,-14.000,0.0000,-1.5000,36.977,36.977,-38.165,24.226,1.200,6.000,0.0053,-0.003,nan,0.00,1,1,0,0,1,0.0000,0.238,0,0.022,1,0.694,0,0,search,,SEARCH,1,0,0,0.000,0,-1,1
1785733902.854,-13.946,6.973,66.804,0.9633,0,-0.181,-0.973,-4.500,0.2096,4.000,2.728,0.000,0.233,25.000,-14.000,-0.0000,-1.5000,36.723,36.723,-38.147,24.158,1.200,6.000,0.0053,-0.003,nan,0.00,0,1,0,1,1,0.0000,0.239,0,0.024,1,0.680,0,1,blueline,,BLUELINE,1,0,0,0.000,0,-1,0
1785733902.886,-13.677,6.795,66.887,0.9648,0,0.323,-0.795,-6.000,0.2093,4.000,2.728,0.000,0.233,25.000,-14.000,-0.2630,-1.5000,36.460,36.460,-38.131,24.090,1.200,6.000,0.0053,-0.003,nan,0.00,0,1,0,0,1,0.0000,0.239,0,0.024,1,0.680,0,0,blueline,,BLUELINE,1,0,0,0.000,0,-1,0
1785733902.918,-13.618,6.740,66.910,0.9652,0,0.382,-0.740,-7.500,0.2092,4.000,2.728,0.000,0.233,25.000,-14.000,-0.4082,-1.5000,36.315,36.315,-38.114,24.063,1.200,6.000,0.0053,-0.003,nan,0.00,0,1,0,0,1,0.0000,0.239,0,0.024,1,0.680,0,0,blueline,,BLUELINE,1,0,0,0.000,0,-1,0
1785733902.962,-13.683,6.579,67.081,0.9652,0,0.317,-0.579,-9.000,0.2092,4.000,2.697,0.000,0.233,25.000,-14.000,-0.0000,-1.5000,36.120,36.120,-38.082,24.034,1.200,6.000,0.0053,-0.003,nan,0.00,0,1,0,1,1,0.0000,0.242,0,0.028,1,0.650,0,0,blueline,,BLUELINE,1,0,0,0.000,0,-1,0
1785733902.993,-13.683,6.579,67.081,0.9652,0,0.317,-0.579,-10.500,0.2092,4.000,2.697,0.000,0.233,25.000,-14.000,0.0000,-1.5000,36.120,36.120,-38.082,24.034,1.200,6.000,0.0053,-0.003,nan,0.00,0,1,0,0,1,0.0000,0.242,0,0.028,1,0.650,0,0,blueline,,BLUELINE,1,0,0,0.000,0,-1,0
1785733903.023,-13.756,6.409,67.386,0.9652,0,0.244,-0.409,-12.000,0.2092,4.000,2.697,0.000,0.233,25.000,-14.000,-0.2407,-1.5000,35.879,35.879,-38.048,24.062,1.200,6.000,0.0053,-0.002,nan,0.00,0,1,0,0,1,0.0000,0.242,0,0.028,1,0.650,0,0,blueline,,BLUELINE,1,0,0,0.000,0,-1,0
1785733903.070,-13.756,6.409,67.386,0.9652,0,-1.256,-0.409,-10.500,0.2091,nan,nan,nan,0.000,0.000,-10.000,0.0000,-1.5000,35.879,35.879,-38.048,24.062,1.000,6.000,0.0053,-0.002,nan,0.00,0,0,0,0,0,0.0000,0.000,0,0.000,0,0.000,0,0,,,FLYING,1,0,0,0.000,0,-1,0
1785733903.103,-13.738,6.350,68.096,0.9654,0,-2.756,-0.350,-9.000,0.2091,nan,nan,nan,0.000,0.000,-10.000,0.0000,-1.5000,35.439,35.439,-38.020,24.347,1.000,6.000,0.0053,-0.002,nan,0.00,0,0,0,0,0,0.0000,0.000,0,0.000,0,0.000,0,0,,,FLYING,1,0,0,0.000,0,-1,0
1785733903.143,-13.551,6.317,68.409,0.9663,0,-3.551,-0.317,-7.500,0.2089,nan,nan,nan,0.000,0.000,-10.000,0.0000,-1.5000,35.139,35.139,-38.010,24.466,1.000,6.000,0.0053,-0.002,nan,0.00,0,0,0,0,0,0.0000,0.000,0,0.000,0,0.000,0,0,,,FLYING,1,0,0,0.000,0,-1,0
1785733903.182,-13.329,6.282,68.698,0.9672,0,-3.329,-0.282,-6.000,0.2087,nan,nan,nan,0.000,0.000,-10.000,0.0000,-1.5000,34.822,34.822,-38.001,24.574,1.000,6.000,0.0053,-0.002,nan,0.00,0,0,0,0,0,0.0000,0.000,0,0.000,0,0.000,0,0,,,FLYING,1,0,0,0.000,0,-1,0
1785733903.227,-12.997,6.240,68.738,0.9686,0,-2.997,-0.240,-4.500,0.2084,nan,nan,nan,0.000,0.000,-10.000,0.0000,-1.5000,34.544,34.544,-37.993,24.565,1.000,6.000,0.0053,-0.002,nan,0.00,0,0,0,0,0,0.0000,0.000,0,0.000,0,0.000,0,0,,,FLYING,1,0,0,0.000,0,-1,1
1785733903.280,-12.373,6.216,68.797,0.9710,0,-2.373,-0.216,-3.000,0.2079,nan,nan,nan,0.000,0.000,-10.000,0.0000,-1.5000,33.994,33.994,-37.968,24.566,1.000,6.000,0.0053,-0.002,nan,0.00,0,0,0,0,0,0.0000,0.000,0,0.000,0,0.000,1,0,,,FLYING,1,0,0,0.000,0,-1,0
1785733903.321,-12.124,6.219,68.817,0.9719,0,-2.124,-0.219,-1.500,0.2077,nan,nan,nan,0.000,0.000,-10.000,0.0000,-1.5000,33.748,33.748,-37.951,24.565,1.000,6.000,0.0053,-0.002,nan,0.00,0,0,0,0,0,0.0000,0.000,0,0.000,0,0.000,0,0,,,FLYING,1,0,0,0.000,0,-1,0
1785733903.361,-11.906,6.217,68.835,0.9727,0,-1.906,-0.217,0.000,0.2075,nan,nan,nan,0.000,0.000,-10.000,0.0000,-1.5000,33.521,33.521,-37.933,24.560,1.000,6.000,0.0053,-0.002,nan,0.00,0,0,0,0,0,0.0000,0.000,0,0.000,0,0.000,0,0,,,FLYING,1,0,0,0.000,0,-1,0
1785733903.399,-11.718,6.219,68.850,0.9734,0,-1.718,-0.219,0.000,0.2074,nan,nan,nan,0.000,0.000,-10.000,0.0000,-1.5000,33.313,33.313,-37.916,24.557,1.000,6.000,0.0053,-0.002,nan,0.00,0,0,0,0,0,0.0000,0.000,0,0.000,0,0.000,0,0,,,FLYING,1,0,0,0.000,0,-1,0
1785733903.431,-11.548,6.232,68.860,0.9740,0,-0.218,-0.232,-1.500,0.2073,4.000,2.557,0.000,0.233,25.000,-14.000,-0.0000,-1.5000,33.117,33.117,-37.899,24.558,1.200,6.000,0.0053,-0.002,nan,0.00,0,1,0,1,1,0.0000,0.248,0,0.038,1,0.573,0,0,blueline,,BLUELINE,1,0,0,0.000,0,-1,0
1785733903.462,-11.433,6.261,68.860,0.9743,0,1.282,-0.261,-3.000,0.2072,4.000,2.557,0.000,0.233,25.000,-14.000,-0.1806,-1.5000,32.937,32.937,-37.880,24.563,1.200,6.000,0.0053,-0.002,nan,0.00,0,1,0,0,1,0.0000,0.248,0,0.038,1,0.573,0,0,blueline,,BLUELINE,1,0,0,0.000,0,-1,0
1785733903.492,-11.352,6.284,68.860,0.9745,0,2.648,-0.284,-4.500,0.2071,4.000,2.557,0.000,0.233,25.000,-14.000,-0.3267,-1.5000,32.791,32.791,-37.862,24.566,1.200,6.000,0.0053,-0.002,nan,0.00,0,1,0,0,1,0.0000,0.248,0,0.038,1,0.573,0,0,blueline,,BLUELINE,1,0,0,0.000,0,-1,0
1785733903.524,-11.353,6.284,68.860,0.9745,0,2.647,-0.284,-6.000,0.2071,4.000,2.570,0.000,0.233,25.000,-14.000,-0.0000,-1.5000,32.789,32.789,-37.861,24.566,1.200,6.000,0.0053,-0.002,nan,0.00,0,1,0,1,1,0.0000,0.249,0,0.041,1,0.557,0,0,blueline,,BLUELINE,1,0,0,0.000,0,-1,0
1785733903.556,-11.702,6.214,68.853,0.9735,0,2.298,-0.214,-7.500,0.2074,4.000,2.570,0.000,0.233,25.000,-14.000,-0.0180,-1.5000,32.771,32.771,-37.816,24.500,1.200,6.000,0.0053,-0.002,nan,0.00,0,1,0,0,1,0.0000,0.249,0,0.041,1,0.557,0,0,blueline,,BLUELINE,1,0,0,0.000,0,-1,0
1785733903.610,-11.929,6.117,68.865,0.9728,0,0.798,-0.117,-6.000,0.2075,nan,nan,nan,0.000,0.000,-10.000,0.0000,-1.5000,32.785,32.785,-37.793,24.436,1.000,6.000,0.0053,-0.002,nan,0.00,0,0,0,0,1,0.0000,0.249,0,0.041,1,0.557,2,0,,,FLYING,1,0,0,0.000,0,-1,0
1785733903.658,-12.100,5.992,68.891,0.9724,0,-0.702,0.008,-4.500,0.2076,nan,nan,nan,0.000,0.000,-10.000,0.0000,-1.5000,32.761,32.761,-37.771,24.361,1.000,6.000,0.0053,-0.001,nan,0.00,0,0,0,0,1,0.0000,0.248,0,0.038,1,0.563,2,0,,,FLYING,1,0,0,0.000,0,-1,1
1785733903.695,-12.280,5.825,68.929,0.9721,0,-2.202,0.175,-3.000,0.2077,nan,nan,nan,0.000,0.000,-10.000,0.0000,-1.5000,32.655,32.655,-37.742,24.258,1.000,6.000,0.0053,-0.001,nan,0.00,0,0,0,0,1,0.0000,0.247,0,0.037,1,0.560,0,0,,,FLYING,1,0,0,0.000,0,-1,0
1785733903.727,-12.280,5.825,68.929,0.9721,0,-2.280,0.175,-1.500,0.2076,nan,nan,nan,0.000,0.000,-10.000,0.0000,-1.5000,32.655,32.655,-37.742,24.258,1.000,6.000,0.0053,-0.001,nan,0.00,0,0,0,0,1,0.0000,0.247,0,0.037,1,0.560,0,0,,,FLYING,1,0,0,0.000,0,-1,0
1785733903.759,-12.189,5.787,68.948,0.9725,0,-0.780,0.213,-3.000,0.2076,4.000,2.552,0.000,0.233,25.000,-14.000,-0.0000,-1.5000,32.507,32.507,-37.734,24.234,1.200,6.000,0.0053,-0.001,nan,0.00,0,1,0,1,1,0.0000,0.246,0,0.036,1,0.567,0,0,blueline,,BLUELINE,1,0,0,0.000,0,-1,0
1785733903.789,-12.000,5.804,68.957,0.9731,0,0.720,0.196,-4.500,0.2074,4.000,2.552,0.000,0.233,25.000,-14.000,-0.2000,-1.5000,32.307,32.307,-37.727,24.237,1.200,6.000,0.0053,-0.001,nan,0.00,0,1,0,0,1,0.0000,0.246,0,0.036,1,0.567,0,0,blueline,,BLUELINE,1,0,0,0.000,0,-1,0
1785733903.820,-11.822,5.898,68.942,0.9736,0,2.178,0.102,-6.000,0.2073,4.000,2.552,0.000,0.233,25.000,-14.000,-0.3991,-1.5000,32.108,32.108,-37.717,24.276,1.200,6.000,0.0053,-0.001,nan,0.00,0,1,0,0,1,0.0000,0.246,0,0.036,1,0.567,0,0,blueline,,BLUELINE,1,0,0,0.000,0,-1,0
1785733903.851,-11.841,6.015,68.960,0.9733,0,2.159,-0.015,-7.500,0.2074,4.000,2.566,0.000,0.233,25.000,-14.000,-0.0000,-1.5000,31.995,31.995,-37.704,24.341,1.200,6.000,0.0053,-0.001,nan,0.00,0,1,0,1,1,0.0000,0.248,0,0.038,1,0.563,0,0,blueline,,BLUELINE,1,0,0,0.000,0,-1,0
1785733903.893,-11.995,6.069,69.021,0.9727,0,0.659,-0.069,-6.000,0.2075,nan,nan,nan,0.000,0.000,-10.000,0.0000,-1.5000,31.945,31.945,-37.686,24.387,1.000,6.000,0.0053,-0.001,nan,0.00,0,0,0,0,1,0.0000,0.248,0,0.038,1,0.563,2,0,,,FLYING,1,0,0,0.000,0,-1,0
1785733903.928,-12.175,6.053,69.120,0.9721,0,-0.841,-0.053,-4.500,0.2076,nan,nan,nan,0.000,0.000,-10.000,0.0000,-1.5000,31.903,31.903,-37.666,24.407,1.000,6.000,0.0053,-0.001,nan,0.00,0,0,0,0,1,0.0000,0.246,0,0.034,1,0.543,0,0,,,FLYING,1,0,0,0.000,0,-1,0
1785733903.959,-12.297,5.991,69.171,0.9717,0,-2.297,0.009,-3.000,0.2077,nan,nan,nan,0.000,0.000,-10.000,0.0000,-1.5000,31.855,31.855,-37.645,24.380,1.000,6.000,0.0053,-0.001,nan,0.00,0,0,0,0,1,0.0000,0.246,0,0.034,1,0.543,0,0,,,FLYING,1,0,0,0.000,0,-1,0
1785733903.990,-12.294,5.913,69.196,0.9719,0,-0.797,0.087,-4.500,0.2077,4.000,2.608,0.000,0.233,25.000,-14.000,-0.0000,-1.5000,31.746,31.746,-37.625,24.332,1.200,6.000,0.0053,-0.001,nan,0.00,0,1,0,1,1,0.0000,0.249,0,0.040,1,0.559,0,0,blueline,,BLUELINE,1,0,0,0.000,0,-1,0
1785733904.021,-12.190,5.890,69.211,0.9723,0,0.703,0.110,-6.000,0.2076,4.000,2.431,0.000,0.233,25.000,-14.000,-0.0000,-1.5000,31.585,31.585,-37.610,24.315,1.200,6.000,0.0053,-0.001,nan,0.00,0,1,0,1,1,0.0000,0.165,0,0.038,0,0.562,0,0,blueline,,BLUELINE,1,0,0,0.000,0,-1,0
1785733904.059,-12.158,5.946,69.207,0.9723,0,-0.797,0.054,-4.500,0.2076,nan,nan,nan,0.000,0.000,-10.000,0.0000,-1.5000,31.469,31.469,-37.598,24.337,1.000,6.000,0.0053,-0.001,nan,0.00,0,0,0,0,1,0.0000,0.165,0,0.038,0,0.562,1,0,,,FLYING,1,0,0,0.000,0,-1,0
1785733904.099,-12.182,6.007,69.261,0.9721,0,-2.182,-0.007,-3.000,0.2076,nan,nan,nan,0.000,0.000,-10.000,0.0000,-1.5000,31.358,31.358,-37.585,24.386,1.000,6.000,0.0053,-0.001,nan,0.00,0,0,0,0,1,0.0000,0.248,0,0.038,1,0.565,0,0,,,FLYING,1,0,0,0.000,0,-1,0
1785733904.128,-12.213,6.064,69.331,0.9719,0,-0.682,-0.064,-4.500,0.2077,4.000,2.548,0.000,0.233,25.000,-14.000,-0.0000,-1.5000,31.237,31.237,-37.570,24.435,1.200,6.000,0.0053,-0.001,nan,0.00,0,1,0,1,1,0.0000,0.245,0,0.034,1,0.555,0,0,blueline,,BLUELINE,1,0,0,0.000,0,-1,0
1785733904.160,-12.145,6.050,69.342,0.9722,0,0.818,-0.050,-6.000,0.2076,4.000,2.548,0.000,0.233,25.000,-14.000,-0.1453,-1.5000,31.092,31.092,-37.551,24.416,1.200,6.000,0.0053,-0.001,nan,0.00,0,1,0,0,1,0.0000,0.245,0,0.034,1,0.555,0,0,blueline,,BLUELINE,1,0,0,0.000,0,-1,0
1785733904.199,-12.144,6.076,69.346,0.9721,0,-0.682,-0.076,-4.500,0.2076,nan,nan,nan,0.000,0.000,-10.000,0.0000,-1.5000,30.980,30.980,-37.532,24.420,1.000,6.000,0.0053,-0.001,nan,0.00,0,0,0,0,1,0.0000,0.245,0,0.034,1,0.555,3,0,,,FLYING,1,0,0,0.000,0,-1,0
1785733904.238,-12.146,6.081,69.381,0.9721,0,-2.146,-0.081,-3.000,0.2076,nan,nan,nan,0.000,0.000,-10.000,0.0000,-1.5000,30.865,30.865,-37.515,24.426,1.000,6.000,0.0053,-0.001,nan,0.00,0,0,0,0,1,0.0000,0.247,0,0.036,1,0.566,0,0,,,FLYING,1,0,0,0.000,0,-1,0
1785733904.269,-12.017,6.035,69.406,0.9727,0,-2.017,-0.035,-1.500,0.2075,nan,nan,nan,0.000,0.000,-10.000,0.0000,-1.5000,30.680,30.680,-37.500,24.397,1.000,6.000,0.0053,-0.001,nan,0.00,0,0,0,0,1,0.0000,0.247,0,0.036,1,0.566,0,0,,,FLYING,1,0,0,0.000,0,-1,0
1785733904.300,-11.820,6.029,69.422,0.9734,0,-0.517,-0.029,-3.000,0.2074,4.000,2.510,0.000,0.233,25.000,-14.000,-0.0000,-1.5000,30.461,30.461,-37.485,24.387,1.200,6.000,0.0053,-0.001,nan,0.00,0,1,0,1,1,0.0000,0.246,0,0.035,1,0.567,0,0,blueline,,BLUELINE,1,0,0,0.000,0,-1,0
1785733904.330,-11.687,6.079,69.416,0.9738,0,0.983,-0.079,-4.500,0.2073,4.000,2.510,0.000,0.233,25.000,-14.000,-0.1720,-1.5000,30.289,30.289,-37.470,24.402,1.200,6.000,0.0053,-0.001,nan,0.00,0,1,0,0,1,0.0000,0.246,0,0.035,1,0.567,0,0,blueline,,BLUELINE,1,0,0,0.000,0,-1,0
1785733904.361,-11.662,6.128,69.402,0.9738,0,2.338,-0.128,-6.000,0.2073,4.000,2.510,0.000,0.233,25.000,-14.000,-0.2723,-1.5000,30.189,30.189,-37.457,24.416,1.200,6.000,0.0053,-0.001,nan,0.00,0,1,0,0,1,0.0000,0.246,0,0.035,1,0.567,0,0,blueline,,BLUELINE,1,0,0,0.000,0,-1,0
1785733904.395,-11.745,6.160,69.435,0.9734,0,2.255,-0.160,-7.500,0.2073,4.000,2.554,0.000,0.233,25.000,-14.000,-0.0000,-1.5000,30.124,30.124,-37.441,24.436,1.200,6.000,0.0053,-0.001,nan,0.00,0,1,0,1,1,0.0000,0.247,0,0.037,1,0.550,0,0,blueline,,BLUELINE,1,0,0,0.000,0,-1,0
1785733904.429,-11.915,6.153,69.463,0.9728,0,0.755,-0.153,-6.000,0.2075,nan,nan,nan,0.000,0.000,-10.000,0.0000,-1.5000,30.104,30.104,-37.420,24.430,1.000,6.000,0.0053,-0.001,nan,0.00,0,0,0,0,1,0.0000,0.248,0,0.039,1,0.540,0,0,,,FLYING,1,0,0,0.000,0,-1,0
1785733904.455,-12.094,6.103,69.468,0.9723,0,-0.745,-0.103,-4.500,0.2076,nan,nan,nan,0.000,0.000,-10.000,0.0000,-1.5000,30.090,30.090,-37.397,24.390,1.000,6.000,0.0053,-0.001,nan,0.00,0,0,0,0,1,0.0000,0.248,0,0.039,1,0.540,0,0,,,FLYING,1,0,0,0.000,0,-1,0
1785733904.494,-12.096,6.102,69.468,0.9723,0,-2.096,-0.102,-3.000,0.2076,nan,nan,nan,0.000,0.000,-10.000,0.0000,-1.5000,30.090,30.090,-37.397,24.389,1.000,6.000,0.0053,-0.001,nan,0.00,0,0,0,0,1,0.0000,0.248,0,0.039,1,0.540,2,0,,,FLYING,1,0,0,0.000,0,-1,0
1785733904.533,-12.081,5.914,69.530,0.9727,0,-2.081,0.086,-1.500,0.2075,nan,nan,nan,0.000,0.000,-10.000,0.0000,-1.5000,29.865,29.865,-37.364,24.281,1.000,6.000,0.0053,-0.001,nan,0.00,0,0,0,0,1,0.0000,0.247,0,0.036,1,0.550,0,0,,,FLYING,1,0,0,0.000,0,-1,0
1785733904.567,-11.876,5.936,69.537,0.9733,0,-1.876,0.064,0.000,0.2074,nan,nan,nan,0.000,0.000,-10.000,0.0000,-1.5000,29.641,29.641,-37.356,24.283,1.000,6.000,0.0053,-0.001,nan,0.00,0,0,0,0,1,0.0000,0.247,0,0.036,1,0.550,0,0,,,FLYING,1,0,0,0.000,0,-1,0
1785733904.601,-11.670,6.011,69.529,0.9739,0,-1.670,-0.011,0.000,0.2072,nan,nan,nan,0.000,0.000,-10.000,0.0000,-1.5000,29.425,29.425,-37.349,24.310,1.000,6.000,0.0053,-0.001,nan,0.00,0,0,0,0,1,0.0000,0.247,0,0.036,1,0.546,0,0,,,FLYING,1,0,0,0.000,0,-1,0
1785733904.643,-11.464,6.102,69.515,0.9745,0,-1.464,-0.102,0.000,0.2071,nan,nan,nan,0.000,0.000,-10.000,0.0000,-1.5000,29.207,29.207,-37.337,24.345,1.000,6.000,0.0053,-0.001,nan,0.00,0,0,0,0,1,0.0000,0.247,0,0.036,1,0.546,0,0,,,FLYING,1,0,0,0.000,0,-1,0
1785733904.685,-11.295,6.158,69.510,0.9750,0,-1.295,-0.158,0.000,0.2070,nan,nan,nan,0.000,0.000,-10.000,0.0000,-1.5000,29.011,29.011,-37.324,24.362,1.000,6.000,0.0053,-0.001,nan,0.00,0,0,0,0,1,0.0000,0.249,0,0.040,1,0.545,0,0,,,FLYING,1,0,0,0.000,0,-1,0
1785733904.721,-11.141,6.190,69.512,0.9754,0,-1.141,-0.190,0.000,0.2069,nan,nan,nan,0.000,0.000,-10.000,0.0000,-1.5000,28.815,28.815,-37.306,24.367,1.000,6.000,0.0053,-0.001,nan,0.00,0,0,0,0,1,0.0000,0.249,0,0.040,1,0.545,0,0,,,FLYING,1,0,0,0.000,0,-1,0
1785733904.752,-11.021,6.202,69.518,0.9758,0,-1.021,-0.202,0.000,0.2068,nan,nan,nan,0.000,0.000,-10.000,0.0000,-1.5000,28.639,28.639,-37.288,24.362,1.000,6.000,0.0053,-0.001,nan,0.00,0,0,0,0,1,0.0000,0.249,0,0.040,1,0.545,0,0,,,FLYING,1,0,0,0.000,0,-1,0
1785733904.784,-10.917,6.205,69.525,0.9762,0,0.479,-0.205,-1.500,0.2068,4.000,2.540,0.000,0.233,25.000,-14.000,-0.0000,-1.5000,28.473,28.473,-37.269,24.353,1.200,6.000,0.0053,-0.001,nan,0.00,0,1,0,1,1,0.0000,0.248,0,0.038,1,0.541,0,0,blueline,,BLUELINE,1,0,0,0.000,0,-1,0
1785733904.815,-10.917,6.205,69.525,0.9762,0,1.979,-0.205,-3.000,0.2068,4.000,2.540,0.000,0.233,25.000,-14.000,0.0000,-1.5000,28.473,28.473,-37.269,24.353,1.200,6.000,0.0053,-0.001,nan,0.00,0,1,0,0,1,0.0000,0.248,0,0.038,1,0.541,0,0,blueline,,BLUELINE,1,0,0,0.000,0,-1,0
1785733904.846,-10.891,6.217,69.523,0.9762,0,3.109,-0.217,-4.500,0.2067,4.000,2.540,0.000,0.233,25.000,-14.000,-0.1309,-1.5000,28.342,28.342,-37.248,24.345,1.200,6.000,0.0053,-0.001,nan,0.00,0,1,0,0,1,0.0000,0.248,0,0.038,1,0.541,0,0,blueline,,BLUELINE,1,0,0,0.000,0,-1,0
1785733904.877,-10.890,6.226,69.520,0.9762,0,3.110,-0.226,-6.000,0.2067,4.000,2.658,0.000,0.233,25.000,-14.000,-0.0000,-1.5000,28.220,28.220,-37.225,24.335,1.200,6.000,0.0053,-0.001,nan,0.00,0,1,0,1,1,0.0000,0.334,0,0.042,2,0.534,0,0,blueline,,BLUELINE,1,0,0,0.000,0,-1,0
1785733904.909,-11.199,6.150,69.524,0.9753,0,2.801,-0.150,-7.500,0.2069,4.000,2.658,0.000,0.233,25.000,-14.000,0.0434,-1.5000,28.264,28.264,-37.199,24.276,1.200,6.000,0.0053,-0.000,nan,0.00,0,1,0,0,1,0.0000,0.334,0,0.042,2,0.534,0,0,blueline,,BLUELINE,1,0,0,0.000,0,-1,0
1785733904.948,-11.512,6.033,69.538,0.9745,0,1.301,-0.033,-6.000,0.2071,nan,nan,nan,0.000,0.000,-10.000,0.0000,-1.5000,28.313,28.313,-37.173,24.197,1.000,6.000,0.0053,-0.000,nan,0.00,0,0,0,0,1,0.0000,0.334,0,0.042,2,0.534,2,0,,,FLYING,1,0,0,0.000,0,-1,0
1785733904.988,-11.750,5.901,69.563,0.9739,0,-0.199,0.099,-4.500,0.2072,nan,nan,nan,0.000,0.000,-10.000,0.0000,-1.5000,28.321,28.321,-37.150,24.115,1.000,6.000,0.0053,-0.000,nan,0.00,0,0,0,0,1,0.0000,0.250,0,0.041,1,0.534,0,0,,,FLYING,1,0,0,0.000,0,-1,0
1785733905.019,-11.840,5.797,69.589,0.9737,0,-1.699,0.203,-3.000,0.2073,nan,nan,nan,0.000,0.000,-10.000,0.0000,-1.5000,28.241,28.241,-37.128,24.049,1.000,6.000,0.0053,-0.000,nan,0.00,0,0,0,0,1,0.0000,0.250,0,0.041,1,0.534,0,0,,,FLYING,1,0,0,0.000,0,-1,0
1785733905.051,-11.840,5.797,69.589,0.9737,0,-0.199,0.203,-4.500,0.2073,4.000,2.507,0.000,0.233,25.000,-14.000,-0.0000,-1.5000,28.241,28.241,-37.128,24.049,1.200,6.000,0.0053,-0.000,nan,0.00,0,1,0,1,1,0.0000,0.249,0,0.041,1,0.546,0,0,blueline,,BLUELINE,1,0,0,0.000,0,-1,0
1785733905.089,-11.843,5.780,69.593,0.9737,0,-1.699,0.220,-3.000,0.2073,nan,nan,nan,0.000,0.000,-10.000,0.0000,-1.5000,28.115,28.115,-37.112,24.027,1.000,6.000,0.0053,-0.000,nan,0.00,0,0,0,0,1,0.0000,0.249,0,0.041,1,0.546,3,0,,,FLYING,1,0,0,0.000,0,-1,0
1785733905.128,-11.641,5.801,69.600,0.9744,0,-1.641,0.199,-1.500,0.2071,nan,nan,nan,0.000,0.000,-10.000,0.0000,-1.5000,27.797,27.797,-37.093,24.016,1.000,6.000,0.0053,-0.000,nan,0.00,0,0,0,0,1,0.0000,0.246,0,0.036,1,0.546,0,0,,,FLYING,1,0,0,0.000,0,-1,0
1785733905.167,-11.638,5.802,69.601,0.9744,0,-1.638,0.198,0.000,0.2071,nan,nan,nan,0.000,0.000,-10.000,0.0000,-1.5000,27.794,27.794,-37.093,24.016,1.000,6.000,0.0053,-0.000,nan,0.00,0,0,0,0,1,0.0000,0.246,0,0.036,1,0.546,2,0,,,FLYING,1,0,0,0.000,0,-1,1
1785733905.207,-11.288,5.943,69.580,0.9754,0,-1.288,0.057,0.000,0.2069,nan,nan,nan,0.000,0.000,-10.000,0.0000,-1.5000,27.398,27.398,-37.071,24.065,1.000,6.000,0.0053,-0.000,nan,0.00,0,0,0,0,1,0.0000,0.249,0,0.040,1,0.536,0,0,,,FLYING,1,0,0,0.000,0,-1,0
1785733905.265,-11.126,6.021,69.568,0.9758,0,-1.126,-0.021,0.000,0.2068,nan,nan,nan,0.000,0.000,-10.000,0.0000,-1.5000,27.203,27.203,-37.056,24.092,1.000,6.000,0.0053,-0.000,nan,0.00,0,0,0,0,1,0.0000,0.249,0,0.040,1,0.536,0,0,,,FLYING,1,0,0,0.000,0,-1,0
1785733905.302,-10.991,6.077,69.559,0.9761,0,-0.991,-0.077,0.000,0.2068,nan,nan,nan,0.000,0.000,-10.000,0.0000,-1.5000,27.025,27.025,-37.041,24.107,1.000,6.000,0.0053,-0.000,nan,0.00,0,0,0,0,1,0.0000,0.249,0,0.040,1,0.536,0,0,,,FLYING,1,0,0,0.000,0,-1,0
1785733905.359,-10.879,6.116,69.555,0.9764,0,-0.879,-0.116,0.000,0.2067,nan,nan,nan,0.000,0.000,-10.000,0.0000,-1.5000,26.864,26.864,-37.024,24.115,1.000,6.000,0.0053,-0.000,nan,0.00,0,0,0,0,1,0.0000,0.252,0,0.044,1,0.528,0,0,,,FLYING,1,0,0,0.000,0,-1,0
1785733905.421,-10.681,6.153,69.559,0.9770,0,-0.681,-0.153,0.000,0.2066,nan,nan,nan,0.000,0.000,-10.000,0.0000,-1.5000,26.543,26.543,-36.988,24.111,1.000,6.000,0.0053,-0.000,nan,0.00,0,0,0,0,1,0.0000,0.251,0,0.043,1,0.529,0,0,,,FLYING,1,0,0,0.000,0,-1,1
1785733905.465,-10.589,6.160,69.563,0.9773,0,-0.589,-0.160,0.000,0.2065,nan,nan,nan,0.000,0.000,-10.000,0.0000,-1.5000,26.380,26.380,-36.969,24.102,1.000,6.000,0.0053,-0.000,nan,0.00,0,0,0,0,1,0.0000,0.248,0,0.038,1,0.528,0,0,,,FLYING,1,0,0,0.000,0,-1,0
1785733905.511,-10.447,6.169,69.570,0.9777,0,-0.447,-0.169,0.000,0.2064,nan,nan,nan,0.000,0.000,-10.000,0.0000,-1.5000,26.094,26.094,-36.935,24.084,1.000,6.000,0.0053,-0.000,nan,0.00,0,0,0,0,1,0.0000,0.252,0,0.045,1,0.524,0,0,,,FLYING,1,0,0,0.000,0,-1,0
1785733905.559,-10.393,6.163,69.576,0.9779,0,-0.393,-0.163,0.000,0.2064,nan,nan,nan,0.000,0.000,-10.000,0.0000,-1.5000,25.945,25.945,-36.916,24.067,1.000,6.000,0.0053,-0.000,nan,0.00,0,0,0,0,1,0.0000,0.251,0,0.043,1,0.535,0,0,,,FLYING,1,0,0,0.000,0,-1,0
1785733905.598,-10.353,6.155,69.582,0.9780,0,-0.353,-0.155,0.000,0.2063,nan,nan,nan,0.000,0.000,-10.000,0.0000,-1.5000,25.817,25.817,-36.899,24.051,1.000,6.000,0.0053,-0.000,nan,0.00,0,0,0,0,1,0.0000,0.251,0,0.043,1,0.535,0,0,,,FLYING,1,0,0,0.000,0,-1,0
1785733905.635,-10.323,6.142,69.588,0.9782,0,-0.323,-0.142,0.000,0.2063,nan,nan,nan,0.000,0.000,-10.000,0.0000,-1.5000,25.695,25.695,-36.883,24.032,1.000,6.000,0.0053,-0.000,nan,0.00,0,0,0,0,1,0.0000,0.251,0,0.043,1,0.535,3,0,,,FLYING,1,0,0,0.000,0,-1,0
1785733905.670,-10.287,6.133,69.593,0.9783,0,-0.287,-0.133,0.000,0.2063,nan,nan,nan,0.000,0.000,-10.000,0.0000,-1.5000,25.570,25.570,-36.866,24.016,1.000,6.000,0.0053,-0.000,nan,0.00,0,0,0,0,1,0.0000,0.337,0,0.046,2,0.517,0,0,,,FLYING,1,0,0,0.000,0,-1,0
1785733905.705,-10.257,6.119,69.599,0.9784,0,-0.257,-0.119,0.000,0.2063,nan,nan,nan,0.000,0.000,-10.000,0.0000,-1.5000,25.442,25.442,-36.849,23.997,1.000,6.000,0.0053,-0.000,nan,0.00,0,0,0,0,1,0.0000,0.337,0,0.046,2,0.517,0,0,,,FLYING,1,0,0,0.000,0,-1,0
1785733905.746,-10.233,6.111,69.603,0.9785,0,-0.233,-0.111,0.000,0.2063,nan,nan,nan,0.000,0.000,-10.000,0.0000,-1.5000,25.319,25.319,-36.833,23.980,1.000,6.000,0.0053,-0.000,nan,0.00,0,0,0,0,1,0.0000,0.248,0,0.039,1,0.526,0,0,,,FLYING,1,0,0,0.000,0,-1,0
1785733905.791,-10.205,6.102,69.607,0.9786,0,-0.205,-0.102,0.000,0.2062,nan,nan,nan,0.000,0.000,-10.000,0.0000,-1.5000,25.184,25.184,-36.814,23.962,1.000,6.000,0.0053,-0.000,nan,0.00,0,0,0,0,1,0.0000,0.248,0,0.038,1,0.515,0,0,,,FLYING,1,0,0,0.000,0,-1,1
1785733905.841,-10.184,6.093,69.612,0.9787,0,1.295,-0.093,-1.500,0.2062,4.000,1.400,0.000,0.667,19.290,-14.000,-0.1230,-1.5000,25.061,25.061,-36.798,23.945,1.200,6.000,0.0053,-0.000,nan,0.00,1,1,0,0,1,0.0000,0.247,0,0.036,1,0.509,0,1,search,,SEARCH,1,0,0,0.000,0,-1,0
1785733905.876,-10.190,6.089,69.611,0.9787,0,1.334,-0.089,-3.000,0.2062,4.000,1.400,0.000,0.667,19.290,-14.000,-0.3271,-1.5000,24.856,24.856,-36.765,23.916,1.200,6.000,0.0053,-0.000,nan,0.00,1,1,0,0,1,0.0000,0.247,0,0.036,1,0.509,0,0,search,,SEARCH,1,0,0,0.000,0,-1,0
1785733905.915,-10.285,6.061,69.614,0.9784,0,1.300,-0.061,-4.500,0.2063,4.000,1.400,0.000,0.667,19.290,-14.000,-0.3851,-1.5000,24.798,24.798,-36.745,23.887,1.200,6.000,0.0053,-0.000,nan,0.00,1,1,0,0,1,0.0000,0.247,0,0.036,1,0.509,3,0,search,,SEARCH,1,0,0,0.000,0,-1,0
1785733905.956,-10.413,5.990,69.628,0.9782,0,1.255,0.010,-6.000,0.2063,4.000,1.400,0.000,0.667,19.290,-14.000,-0.4287,-1.5000,24.755,24.755,-36.725,23.836,1.200,6.000,0.0053,-0.000,nan,0.00,1,1,0,0,1,0.0000,0.253,0,0.047,1,0.515,0,0,search,,SEARCH,1,0,0,0.000,0,-1,0
1785733905.988,-10.548,5.904,69.647,0.9779,0,1.208,0.096,-7.500,0.2064,4.000,1.400,0.000,0.667,19.290,-14.000,-0.4665,-1.5000,24.717,24.717,-36.705,23.778,1.200,6.000,0.0053,-0.000,nan,0.00,1,1,0,0,1,0.0000,0.253,0,0.047,1,0.515,0,0,search,,SEARCH,1,0,0,0.000,0,-1,0
1785733906.020,-10.675,5.822,69.664,0.9776,0,2.410,0.178,-9.000,0.2064,4.000,2.510,0.000,0.233,25.000,-13.085,-0.0000,-1.5000,24.679,24.679,-36.685,23.722,1.200,6.000,0.0053,-0.000,nan,0.00,0,1,0,1,1,0.0000,0.167,0,0.043,0,0.518,0,1,blueline,,BLUELINE,1,0,0,0.000,0,-1,0
1785733906.058,-10.885,5.778,69.744,0.9770,0,0.910,0.222,-7.500,0.2066,nan,nan,nan,0.000,0.000,-10.000,0.0000,-1.5000,24.650,24.650,-36.664,23.704,1.000,6.000,0.0053,-0.000,nan,0.00,0,0,0,0,1,0.0000,0.167,0,0.043,0,0.518,1,0,,,FLYING,1,0,0,0.000,0,-1,0
1785733906.118,-11.064,5.740,69.951,0.9765,0,-0.590,0.260,-6.000,0.2067,nan,nan,nan,0.000,0.000,-10.000,0.0000,-1.5000,24.554,24.554,-36.643,23.729,1.000,6.000,0.0053,-0.000,nan,0.00,0,0,0,0,1,0.0000,0.334,0,0.042,2,0.509,3,0,,,FLYING,1,0,0,0.000,0,-1,0
1785733906.160,-11.128,5.727,70.112,0.9763,0,-1.128,0.273,-4.500,0.2067,nan,nan,nan,0.000,0.000,-10.000,0.0000,-1.5000,24.419,24.419,-36.627,23.755,1.000,6.000,0.0053,-0.000,nan,0.00,0,0,0,0,1,0.0000,0.253,0,0.047,1,0.512,0,0,,,FLYING,1,0,0,0.000,0,-1,0
1785733906.213,-11.106,5.723,70.165,0.9764,0,-1.106,0.277,-3.000,0.2067,nan,nan,nan,0.000,0.000,-10.000,0.0000,-1.5000,24.272,24.272,-36.612,23.753,1.000,6.000,0.0053,-0.000,nan,0.00,0,0,0,0,1,0.0000,0.253,0,0.047,1,0.512,2,0,,,FLYING,1,0,0,0.000,0,-1,0
1785733906.253,-10.878,5.816,70.151,0.9770,0,-0.878,0.184,-1.500,0.2066,nan,nan,nan,0.000,0.000,-10.000,0.0000,-1.5000,23.906,23.906,-36.589,23.779,1.000,6.000,0.0053,-0.000,nan,0.00,0,0,0,0,1,0.0000,0.250,0,0.041,1,0.523,0,0,,,FLYING,1,0,0,0.000,0,-1,0
1785733906.284,-10.878,5.816,70.151,0.9770,0,-0.878,0.184,0.000,0.2066,nan,nan,nan,0.000,0.000,-10.000,0.0000,-1.5000,23.906,23.906,-36.589,23.779,1.000,6.000,0.0053,-0.000,nan,0.00,0,0,0,0,1,0.0000,0.250,0,0.041,1,0.523,0,0,,,FLYING,1,0,0,0.000,0,-1,0
1785733906.323,-10.761,5.893,70.134,0.9772,0,-0.761,0.107,0.000,0.2065,nan,nan,nan,0.000,0.000,-10.000,0.0000,-1.5000,23.719,23.719,-36.574,23.805,1.000,6.000,0.0053,-0.000,nan,0.00,0,0,0,0,1,0.0000,0.250,0,0.041,1,0.523,3,0,,,FLYING,1,0,0,0.000,0,-1,0
1785733906.376,-10.661,5.971,70.116,0.9774,0,-0.661,0.029,0.000,0.2065,nan,nan,nan,0.000,0.000,-10.000,0.0000,-1.5000,23.550,23.550,-36.559,23.828,1.000,6.000,0.0053,-0.000,nan,0.00,0,0,0,0,1,0.0000,0.249,0,0.040,1,0.524,2,0,,,FLYING,1,0,0,0.000,0,-1,1
1785733906.412,-10.450,6.112,70.087,0.9778,0,-0.450,-0.112,0.000,0.2064,nan,nan,nan,0.000,0.000,-10.000,0.0000,-1.5000,23.198,23.198,-36.522,23.866,1.000,6.000,0.0053,-0.000,nan,0.00,0,0,0,0,1,0.0000,0.254,0,0.048,1,0.512,0,0,,,FLYING,1,0,0,0.000,0,-1,0
1785733906.451,-10.450,6.112,70.087,0.9778,0,-0.450,-0.112,0.000,0.2064,nan,nan,nan,0.000,0.000,-10.000,0.0000,-1.5000,23.198,23.198,-36.522,23.866,1.000,6.000,0.0053,-0.000,nan,0.00,0,0,0,0,1,0.0000,0.254,0,0.048,1,0.512,2,0,,,FLYING,1,0,0,0.000,0,-1,1
1785733906.499,-10.376,6.148,70.081,0.9780,0,-0.376,-0.148,0.000,0.2064,nan,nan,nan,0.000,0.000,-10.000,0.0000,-1.5000,23.044,23.044,-36.504,23.868,1.000,6.000,0.0053,-0.000,nan,0.00,0,0,0,0,1,0.0000,0.251,0,0.043,1,0.518,1,0,,,FLYING,1,0,0,0.000,0,-1,0
1785733906.534,-10.269,6.178,70.080,0.9783,0,-0.269,-0.178,0.000,0.2063,nan,nan,nan,0.000,0.000,-10.000,0.0000,-1.5000,22.752,22.752,-36.465,23.853,1.000,6.000,0.0053,-0.000,nan,0.00,0,0,0,0,1,0.0000,0.252,0,0.044,1,0.515,0,0,,,FLYING,1,0,0,0.000,0,-1,0
1785733906.566,-10.228,6.182,70.081,0.9784,0,-0.228,-0.182,0.000,0.2063,nan,nan,nan,0.000,0.000,-10.000,0.0000,-1.5000,22.611,22.611,-36.445,23.839,1.000,6.000,0.0053,-0.000,nan,0.00,0,0,0,0,1,0.0000,0.252,0,0.044,1,0.515,0,0,,,FLYING,1,0,0,0.000,0,-1,0
1785733906.607,-10.228,6.182,70.081,0.9784,0,-0.228,-0.182,0.000,0.2063,nan,nan,nan,0.000,0.000,-10.000,0.0000,-1.5000,22.611,22.611,-36.445,23.839,1.000,6.000,0.0053,-0.000,nan,0.00,0,0,0,0,1,0.0000,0.254,0,0.049,1,0.513,0,0,,,FLYING,1,0,0,0.000,0,-1,1
1785733906.656,-10.169,6.177,70.087,0.9786,0,-0.169,-0.177,0.000,0.2062,nan,nan,nan,0.000,0.000,-10.000,0.0000,-1.5000,22.358,22.358,-36.410,23.807,1.000,6.000,0.0053,-0.000,nan,0.00,0,0,0,0,1,0.0000,0.168,0,0.046,0,0.524,0,0,,,FLYING,1,0,0,0.000,0,-1,0
1785733906.699,-10.146,6.171,70.091,0.9787,0,-0.146,-0.171,0.000,0.2062,nan,nan,nan,0.000,0.000,-10.000,0.0000,-1.5000,22.239,22.239,-36.393,23.790,1.000,6.000,0.0053,-0.000,nan,0.00,0,0,0,0,1,0.0000,0.168,0,0.046,0,0.524,1,0,,,FLYING,1,0,0,0.000,0,-1,0
1785733906.744,-10.120,6.163,70.095,0.9788,0,-0.120,-0.163,0.000,0.2062,nan,nan,nan,0.000,0.000,-10.000,0.0000,-1.5000,22.089,22.089,-36.371,23.768,1.000,6.000,0.0053,-0.000,nan,0.00,0,0,0,0,1,0.0000,0.168,0,0.045,0,0.515,1,0,,,FLYING,1,0,0,0.000,0,-1,0
1785733906.793,-10.100,6.155,70.098,0.9788,0,1.365,-0.155,-1.500,0.2062,4.000,1.400,0.000,0.667,19.290,-14.000,-0.1270,-1.5000,21.962,21.962,-36.352,23.748,1.200,6.000,0.0053,-0.000,nan,0.00,1,1,0,0,1,0.0000,0.168,0,0.046,0,0.518,0,1,search,,SEARCH,1,0,0,0.000,0,-1,0
1785733906.845,-10.162,6.160,70.092,0.9786,0,1.343,-0.160,-3.000,0.2062,4.000,1.400,0.000,0.667,19.290,-14.000,-0.2096,-1.5000,21.879,21.879,-36.333,23.733,1.200,6.000,0.0053,-0.000,nan,0.00,1,1,0,0,1,0.0000,0.168,0,0.046,0,0.518,3,0,search,,SEARCH,1,0,0,0.000,0,-1,1
1785733906.873,-10.292,6.140,70.089,0.9783,0,1.298,-0.140,-4.500,0.2063,4.000,1.400,0.000,0.667,19.290,-14.000,-0.2508,-1.5000,21.838,21.838,-36.312,23.704,1.200,6.000,0.0053,-0.000,nan,0.00,1,1,0,0,1,0.0000,0.172,0,0.054,0,0.500,0,0,search,,SEARCH,1,0,0,0.000,0,-1,0
1785733906.895,-10.437,6.094,70.093,0.9779,0,1.247,-0.094,-6.000,0.2064,4.000,1.400,0.000,0.667,19.290,-14.000,-0.2917,-1.5000,21.797,21.797,-36.291,23.663,1.200,6.000,0.0053,-0.000,nan,0.00,1,1,0,0,1,0.0000,0.172,0,0.054,0,0.500,0,0,search,,SEARCH,1,0,0,0.000,0,-1,0
1785733906.933,-10.561,6.018,70.109,0.9776,0,1.204,-0.018,-7.500,0.2064,4.000,1.400,0.000,0.667,19.290,-14.000,-0.3287,-1.5000,21.760,21.760,-36.272,23.610,1.200,6.000,0.0053,-0.000,nan,0.00,1,1,0,0,1,0.0000,0.168,0,0.046,0,0.505,0,0,search,,SEARCH,1,0,0,0.000,0,-1,0
1785733906.974,-10.681,5.936,70.125,0.9774,0,1.162,0.064,-9.000,0.2065,4.000,1.400,0.000,0.667,19.290,-14.000,-0.3668,-1.5000,21.722,21.722,-36.254,23.554,1.200,6.000,0.0053,-0.000,nan,0.00,1,1,0,0,1,0.0000,0.168,0,0.046,0,0.505,0,0,search,,SEARCH,1,0,0,0.000,0,-1,0
1785733907.012,-10.809,5.864,70.139,0.9771,0,1.117,0.136,-10.500,0.2065,4.000,1.400,0.000,0.667,19.290,-14.000,-0.4031,-1.5000,21.686,21.686,-36.236,23.503,1.200,6.000,0.0053,-0.000,nan,0.00,1,1,0,0,1,0.0000,0.253,0,0.046,1,0.515,0,0,search,,SEARCH,1,0,0,0.000,0,-1,0
1785733907.037,-10.980,5.844,70.321,0.9766,0,1.057,0.156,-12.000,0.2066,4.000,1.400,0.000,0.667,19.290,-14.000,-0.4937,-1.5000,21.595,21.595,-36.217,23.523,1.200,6.000,0.0053,-0.000,nan,0.00,1,1,0,0,1,0.0000,0.253,0,0.046,1,0.515,0,0,search,,SEARCH,1,0,0,0.000,0,-1,0
1785733907.067,-11.100,5.857,70.660,0.9762,0,-0.443,0.143,-12.000,0.2067,4.000,2.456,0.000,0.233,25.000,-9.559,-0.0000,-1.5000,21.434,21.434,-36.201,23.605,1.200,6.000,0.0053,-0.000,nan,0.00,0,1,0,1,1,0.0000,0.169,0,0.048,0,0.511,0,1,blueline,,BLUELINE,1,0,0,0.000,0,-1,0
1785733907.098,-11.091,5.856,71.076,0.9762,0,-1.943,0.144,-12.000,0.2067,4.000,2.456,0.000,0.233,25.000,-8.827,-0.2531,-1.5000,21.181,21.181,-36.187,23.695,1.200,6.000,0.0053,-0.000,nan,0.00,0,1,0,0,1,0.0000,0.169,0,0.048,0,0.511,0,0,blueline,,BLUELINE,1,0,0,0.000,0,-1,0
1785733907.170,-10.762,5.911,71.820,0.9772,0,-0.762,0.089,-10.500,0.2065,nan,nan,nan,0.000,0.000,-10.000,0.0000,-1.5000,20.546,20.546,-36.166,23.883,1.000,6.000,0.0053,-0.000,nan,0.00,0,0,0,0,1,0.0000,0.169,0,0.048,0,0.511,3,0,,,FLYING,1,0,0,0.000,0,-1,0
1785733907.207,-10.632,5.981,72.203,0.9775,0,-0.632,0.019,-9.000,0.2065,nan,nan,nan,0.000,0.000,-10.000,0.0000,-1.5000,20.221,20.221,-36.153,24.001,1.000,6.000,0.0053,-0.000,nan,0.00,0,0,0,0,1,0.0000,0.253,0,0.047,1,0.512,0,0,,,FLYING,1,0,0,0.000,0,-1,0
1785733907.238,-10.547,5.985,72.472,0.9777,0,-0.547,0.015,-7.500,0.2064,nan,nan,nan,0.000,0.000,-10.000,0.0000,-1.5000,19.965,19.965,-36.137,24.052,1.000,6.000,0.0053,-0.000,nan,0.00,0,0,0,0,1,0.0000,0.253,0,0.047,1,0.512,0,0,,,FLYING,1,0,0,0.000,0,-1,0
1785733907.270,-10.547,5.985,72.472,0.9777,0,-2.047,0.015,-9.000,0.2064,4.000,2.332,0.000,0.233,25.000,-8.094,-0.0000,-1.5000,19.965,19.965,-36.137,24.052,1.200,6.000,0.0053,-0.000,nan,0.00,0,1,0,1,1,0.0000,0.167,0,0.043,0,0.514,0,0,blueline,,BLUELINE,1,0,0,0.000,0,-1,0
1785733907.312,-10.474,5.982,72.661,0.9780,0,-0.547,0.018,-7.500,0.2064,nan,nan,nan,0.000,0.000,-10.000,0.0000,-1.5000,19.749,19.749,-36.120,24.080,1.000,6.000,0.0053,-0.000,nan,0.00,0,0,0,0,1,0.0000,0.169,0,0.048,0,0.500,0,0,,,FLYING,1,0,0,0.000,0,-1,1
1785733907.360,-10.299,5.972,72.715,0.9785,0,-0.299,0.028,-6.000,0.2062,nan,nan,nan,0.000,0.000,-10.000,0.0000,-1.5000,19.529,19.529,-36.104,24.071,1.000,6.000,0.0053,-0.000,nan,0.00,0,0,0,0,1,0.0000,0.168,0,0.045,0,0.509,0,0,,,FLYING,1,0,0,0.000,0,-1,0
1785733907.396,-10.141,6.017,72.798,0.9790,0,-0.141,-0.017,-4.500,0.2061,nan,nan,nan,0.000,0.000,-10.000,0.0000,-1.5000,19.183,19.183,-36.070,24.082,1.000,6.000,0.0053,-0.000,nan,0.00,0,0,0,0,1,0.0000,0.168,0,0.045,0,0.509,0,0,,,FLYING,1,0,0,0.000,0,-1,0
1785733907.434,-10.134,5.993,72.809,0.9790,0,-0.134,0.007,-3.000,0.2061,nan,nan,nan,0.000,0.000,-10.000,0.0000,-1.5000,19.060,19.060,-36.052,24.051,1.000,6.000,0.0053,-0.000,nan,0.00,0,0,0,0,1,0.0000,0.168,0,0.045,0,0.509,3,0,,,FLYING,1,0,0,0.000,0,-1,0
1785733907.474,-10.130,5.998,72.807,0.9790,0,-0.130,0.002,-1.500,0.2061,nan,nan,nan,0.000,0.000,-10.000,0.0000,-1.5000,18.948,18.948,-36.034,24.033,1.000,6.000,0.0053,-0.000,nan,0.00,0,0,0,0,1,0.0000,0.255,0,0.050,1,0.491,0,0,,,FLYING,1,0,0,0.000,0,-1,0
1785733907.504,-10.114,6.027,72.799,0.9790,0,-0.114,-0.027,0.000,0.2061,nan,nan,nan,0.000,0.000,-10.000,0.0000,-1.5000,18.841,18.841,-36.017,24.030,1.000,6.000,0.0053,-0.000,nan,0.00,0,0,0,0,1,0.0000,0.255,0,0.050,1,0.491,0,0,,,FLYING,1,0,0,0.000,0,-1,0
1785733907.536,-10.072,6.089,72.782,0.9790,0,-1.614,-0.089,-1.500,0.2061,4.000,2.241,0.000,0.233,25.000,-7.177,-0.0000,-1.5000,18.714,18.714,-36.001,24.042,1.200,6.000,0.0053,-0.000,nan,0.00,0,1,0,1,1,0.0000,0.084,0,0.043,0,0.505,0,0,blueline,,BLUELINE,1,0,0,0.000,0,-1,0
1785733907.568,-10.072,6.089,72.782,0.9790,0,-2.896,-0.089,-3.000,0.2061,4.000,2.241,0.000,0.233,25.000,-7.177,0.0000,-1.5000,18.714,18.714,-36.001,24.042,1.200,6.000,0.0053,-0.000,nan,0.00,0,1,0,0,1,0.0000,0.084,0,0.043,0,0.505,0,0,blueline,,BLUELINE,1,0,0,0.000,0,-1,0
1785733907.609,-9.956,6.126,72.777,0.9793,0,-1.396,-0.126,-1.500,0.2061,nan,nan,nan,0.000,0.000,-10.000,0.0000,-1.5000,18.548,18.548,-35.987,24.042,1.000,6.000,0.0053,-0.000,nan,0.00,0,0,0,0,1,0.0000,0.167,0,0.043,0,0.505,2,0,,,FLYING,1,0,0,0.000,0,-1,1
1785733907.653,-9.700,6.115,72.794,0.9801,0,0.104,-0.115,0.000,0.2059,nan,nan,nan,0.000,0.000,-10.000,0.0000,-1.5000,18.296,18.296,-35.975,24.019,1.000,6.000,0.0053,-0.000,nan,0.00,0,0,0,0,1,0.0000,0.166,0,0.041,0,0.504,1,0,,,FLYING,1,0,0,0.000,0,-1,0
1785733907.692,-9.378,6.252,72.769,0.9808,0,0.622,-0.252,0.000,0.2058,nan,nan,nan,0.000,0.000,-10.000,0.0000,-1.5000,17.898,17.898,-35.945,24.048,1.000,6.000,0.0053,-0.000,nan,0.00,0,0,0,0,1,0.0000,0.249,0,0.039,1,0.505,0,0,,,FLYING,1,0,0,0.000,0,-1,0
1785733907.724,-9.378,6.252,72.769,0.9808,0,0.622,-0.252,0.000,0.2058,nan,nan,nan,0.000,0.000,-10.000,0.0000,-1.5000,17.898,17.898,-35.945,24.048,1.000,6.000,0.0053,-0.000,nan,0.00,0,0,0,0,1,0.0000,0.249,0,0.039,1,0.505,0,0,,,FLYING,1,0,0,0.000,0,-1,0
1785733907.753,-9.394,6.312,72.750,0.9806,0,-0.878,-0.312,-1.500,0.2058,4.000,2.379,0.000,0.233,25.000,-4.813,-0.0000,-1.5000,17.794,17.794,-35.926,24.056,1.200,6.000,0.0053,-0.000,nan,0.00,0,1,0,1,1,0.0000,0.247,0,0.036,1,0.504,0,0,blueline,,BLUELINE,1,0,0,0.000,0,-1,0
1785733907.794,-9.352,6.271,72.765,0.9808,0,0.622,-0.271,0.000,0.2058,nan,nan,nan,0.000,0.000,-10.000,0.0000,-1.5000,17.651,17.651,-35.906,24.013,1.000,6.000,0.0053,-0.000,nan,0.00,0,0,0,0,1,0.0000,0.247,0,0.036,1,0.504,1,0,,,FLYING,1,0,0,0.000,0,-1,0
1785733907.832,-9.354,6.258,72.769,0.9808,0,0.646,-0.258,0.000,0.2058,nan,nan,nan,0.000,0.000,-10.000,0.0000,-1.5000,17.529,17.529,-35.883,23.982,1.000,6.000,0.0053,-0.000,nan,0.00,0,0,0,0,1,0.0000,0.249,0,0.040,1,0.497,0,0,,,FLYING,1,0,0,0.000,0,-1,0
1785733907.863,-9.408,6.275,72.761,0.9806,0,0.592,-0.275,0.000,0.2058,nan,nan,nan,0.000,0.000,-10.000,0.0000,-1.5000,17.442,17.442,-35.861,23.968,1.000,6.000,0.0053,-0.000,nan,0.00,0,0,0,0,1,0.0000,0.249,0,0.040,1,0.497,0,0,,,FLYING,1,0,0,0.000,0,-1,0
1785733907.895,-9.453,6.274,72.758,0.9805,0,-0.908,-0.274,-1.500,0.2058,4.000,2.424,0.000,0.233,25.000,-3.970,-0.0000,-1.5000,17.369,17.369,-35.844,23.950,1.200,6.000,0.0053,-0.000,nan,0.00,0,1,0,1,1,0.0000,0.250,0,0.041,1,0.503,0,0,blueline,,BLUELINE,1,0,0,0.000,0,-1,0
1785733907.925,-9.440,6.238,72.771,0.9806,0,-2.408,-0.238,-3.000,0.2058,4.000,2.424,0.000,0.233,25.000,-3.739,-0.1046,-1.5000,17.265,17.265,-35.830,23.915,1.200,6.000,0.0053,-0.000,nan,0.00,0,1,0,0,1,0.0000,0.250,0,0.041,1,0.503,0,0,blueline,,BLUELINE,1,0,0,0.000,0,-1,0
1785733907.964,-9.292,6.148,72.808,0.9812,0,-0.908,-0.148,-1.500,0.2057,nan,nan,nan,0.000,0.000,-10.000,0.0000,-1.5000,17.072,17.072,-35.815,23.851,1.000,6.000,0.0053,-0.000,nan,0.00,0,0,0,0,1,0.0000,0.250,0,0.041,1,0.503,2,0,,,FLYING,1,0,0,0.000,0,-1,0
1785733908.005,-9.148,6.120,72.825,0.9817,0,0.592,-0.120,0.000,0.2056,nan,nan,nan,0.000,0.000,-10.000,0.0000,-1.5000,16.883,16.883,-35.801,23.820,1.000,6.000,0.0053,-0.000,nan,0.00,0,0,0,0,1,0.0000,0.246,0,0.035,1,0.499,0,0,,,FLYING,1,0,0,0.000,0,-1,0
1785733908.036,-9.127,6.176,72.809,0.9816,0,0.873,-0.176,0.000,0.2056,nan,nan,nan,0.000,0.000,-10.000,0.0000,-1.5000,16.765,16.765,-35.785,23.829,1.000,6.000,0.0053,-0.000,nan,0.00,0,0,0,0,1,0.0000,0.246,0,0.035,1,0.499,0,0,,,FLYING,1,0,0,0.000,0,-1,0
1785733908.067,-9.182,6.222,72.793,0.9814,0,-0.627,-0.222,-1.500,0.2056,4.000,2.457,0.000,0.233,25.000,-2.868,-0.0000,-1.5000,16.690,16.690,-35.769,23.832,1.200,6.000,0.0053,-0.000,nan,0.00,0,1,0,1,1,0.0000,0.255,0,0.050,1,0.478,0,0,blueline,,BLUELINE,1,0,0,0.000,0,-1,0
1785733908.097,-9.182,6.222,72.793,0.9814,0,-2.127,-0.222,-3.000,0.2056,4.000,2.457,0.000,0.233,25.000,-2.868,0.0000,-1.5000,16.690,16.690,-35.769,23.832,1.200,6.000,0.0053,-0.000,nan,0.00,0,1,0,0,1,0.0000,0.255,0,0.050,1,0.478,0,0,blueline,,BLUELINE,1,0,0,0.000,0,-1,0
1785733908.127,-9.176,6.175,72.808,0.9815,0,-3.627,-0.175,-4.500,0.2056,4.000,2.457,0.000,0.233,25.000,-2.606,-0.1192,-1.5000,16.571,16.571,-35.751,23.787,1.200,6.000,0.0053,-0.000,nan,0.00,0,1,0,0,1,0.0000,0.255,0,0.050,1,0.478,0,0,blueline,,BLUELINE,1,0,0,0.000,0,-1,0
1785733908.167,-8.941,6.024,72.868,0.9824,0,-2.127,-0.024,-3.000,0.2054,nan,nan,nan,0.000,0.000,-10.000,0.0000,-1.5000,16.316,16.316,-35.734,23.690,1.000,6.000,0.0053,-0.000,nan,0.00,0,0,0,0,0,0.0000,0.000,0,0.000,0,0.000,1,0,,,FLYING,1,0,0,0.000,0,-1,0
1785733908.205,-8.630,5.922,72.922,0.9834,0,-3.627,0.078,-4.500,0.2052,4.000,2.328,0.000,0.233,25.000,-3.222,-0.0000,-1.5000,16.032,16.032,-35.720,23.623,1.200,6.000,0.0053,-0.000,nan,0.00,0,1,0,1,1,0.0000,0.248,0,0.039,1,0.498,0,0,blueline,,BLUELINE,1,0,0,0.000,0,-1,0
1785733908.236,-8.355,5.906,72.940,0.9841,0,-5.127,0.094,-6.000,0.2051,4.000,2.328,0.000,0.233,25.000,-2.570,-0.2631,-1.5000,15.769,15.769,-35.706,23.597,1.200,6.000,0.0053,-0.000,nan,0.00,0,1,0,0,1,0.0000,0.248,0,0.039,1,0.498,0,0,blueline,,BLUELINE,1,0,0,0.000,0,-1,0
1785733908.268,-7.991,5.849,72.978,0.9851,0,-6.056,0.151,-7.500,0.2049,4.000,2.393,0.000,0.233,25.000,-1.934,-0.0000,-1.5000,15.455,15.455,-35.695,23.551,1.200,6.000,0.0053,-0.000,nan,0.00,0,1,0,1,1,0.0000,0.252,0,0.045,1,0.473,0,0,blueline,,BLUELINE,1,0,0,0.000,0,-1,0
1785733908.311,-7.402,5.734,73.048,0.9867,0,-4.556,0.266,-6.000,0.2045,nan,nan,nan,0.000,0.000,-10.000,0.0000,-1.5000,15.002,15.002,-35.686,23.477,1.000,6.000,0.0053,-0.000,nan,0.00,0,0,0,0,0,0.0000,0.000,0,0.000,0,0.000,0,0,,,FLYING,1,0,0,0.000,0,-1,0
1785733908.345,-6.914,5.773,73.235,0.9877,0,-3.056,0.227,-4.500,0.2043,nan,nan,nan,0.000,0.000,-10.000,0.0000,-1.5000,14.559,14.559,-35.675,23.516,1.000,6.000,0.0053,-0.000,nan,0.00,0,0,0,0,1,0.0000,0.251,0,0.044,1,0.480,0,0,,,FLYING,1,0,0,0.000,0,-1,0
1785733908.388,-6.506,5.747,73.407,0.9886,0,-1.556,0.253,-3.000,0.2041,nan,nan,nan,0.000,0.000,-10.000,0.0000,-1.5000,14.168,14.168,-35.660,23.513,1.000,6.000,0.0053,-0.000,nan,0.00,0,0,0,0,0,0.0000,0.000,0,0.000,0,0.000,0,0,,,FLYING,1,0,0,0.000,0,-1,0
1785733908.435,-6.267,5.761,73.531,0.9890,0,-0.056,0.239,-1.500,0.2041,nan,nan,nan,0.000,0.000,-10.000,0.0000,-1.5000,13.888,13.888,-35.645,23.525,1.000,6.000,0.0053,-0.000,nan,0.00,0,0,0,0,0,0.0000,0.000,0,0.000,0,0.000,0,0,,,FLYING,1,0,0,0.000,0,-1,1
1785733908.472,-6.096,5.776,73.624,0.9893,0,1.444,0.224,0.000,0.2040,nan,nan,nan,0.000,0.000,-10.000,0.0000,-1.5000,13.660,13.660,-35.628,23.530,1.000,6.000,0.0053,-0.000,nan,0.00,0,0,0,0,0,0.0000,0.000,0,0.000,0,0.000,1,0,,,FLYING,1,0,0,0.000,0,-1,1
1785733908.513,-5.985,5.822,73.700,0.9894,0,2.944,0.178,0.000,0.2040,nan,nan,nan,0.000,0.000,-10.000,0.0000,-1.5000,13.467,13.467,-35.608,23.548,1.000,6.000,0.0053,-0.000,nan,0.00,0,0,0,0,0,0.0000,0.000,0,0.000,0,0.000,0,0,,,FLYING,1,0,0,0.000,0,-1,0
1785733908.534,-5.967,5.887,73.742,0.9893,0,4.033,0.113,0.000,0.2040,nan,nan,nan,0.000,0.000,-10.000,0.0000,-1.5000,13.340,13.340,-35.589,23.570,1.000,6.000,0.0053,-0.000,nan,0.00,0,0,0,0,0,0.0000,0.000,0,0.000,0,0.000,0,0,,,FLYING,1,0,0,0.000,0,-1,0
1785733908.572,-6.128,5.965,73.711,0.9889,0,3.872,0.035,0.000,0.2041,nan,nan,nan,0.000,0.000,-10.000,0.0000,-1.5000,13.327,13.327,-35.566,23.585,1.000,6.000,0.0053,-0.000,nan,0.00,0,0,0,0,0,0.0000,0.000,0,0.000,0,0.000,0,0,,,FLYING,1,0,0,0.000,0,-1,0
1785733908.619,-6.482,6.047,73.672,0.9881,0,3.518,-0.047,0.000,0.2042,nan,nan,nan,0.000,0.000,-10.000,0.0000,-1.5000,13.416,13.416,-35.541,23.600,1.000,6.000,0.0053,-0.000,nan,0.00,0,0,0,0,0,0.0000,0.000,0,0.000,0,0.000,2,0,,,FLYING,1,0,0,0.000,0,-1,1
1785733908.658,-6.872,6.055,73.653,0.9873,0,3.128,-0.055,0.000,0.2044,nan,nan,nan,0.000,0.000,-10.000,0.0000,-1.5000,13.514,13.514,-35.514,23.575,1.000,6.000,0.0053,-0.000,nan,0.00,0,0,0,0,0,0.0000,0.000,0,0.000,0,0.000,0,0,,,FLYING,1,0,0,0.000,0,-1,0
1785733908.695,-7.235,6.035,73.644,0.9865,0,2.765,-0.035,0.000,0.2046,nan,nan,nan,0.000,0.000,-10.000,0.0000,-1.5000,13.597,13.597,-35.488,23.538,1.000,6.000,0.0053,-0.000,nan,0.00,0,0,0,0,0,0.0000,0.000,0,0.000,0,0.000,0,0,,,FLYING,1,0,0,0.000,0,-1,0
1785733908.744,-7.581,6.024,73.632,0.9858,0,2.419,-0.024,0.000,0.2047,nan,nan,nan,0.000,0.000,-10.000,0.0000,-1.5000,13.664,13.664,-35.463,23.506,1.000,6.000,0.0053,-0.000,nan,0.00,0,0,0,0,0,0.0000,0.000,0,0.000,0,0.000,1,0,,,FLYING,1,0,0,0.000,0,-1,0
1785733908.795,-8.123,6.043,73.602,0.9845,0,1.877,-0.043,0.000,0.2050,nan,nan,nan,0.000,0.000,-10.000,0.0000,-1.5000,13.737,13.737,-35.425,23.471,1.000,6.000,0.0053,-0.000,nan,0.00,0,0,0,0,0,0.0000,0.000,0,0.000,0,0.000,0,0,,,FLYING,1,0,0,0.000,0,-1,0
1785733908.840,-8.325,6.057,73.589,0.9839,0,1.675,-0.057,0.000,0.2051,nan,nan,nan,0.000,0.000,-10.000,0.0000,-1.5000,13.741,13.741,-35.410,23.456,1.000,6.000,0.0053,-0.000,nan,0.00,0,0,0,0,0,0.0000,0.000,0,0.000,0,0.000,0,0,,,FLYING,1,0,0,0.000,0,-1,0
1785733908.887,-8.495,6.075,73.575,0.9835,0,1.505,-0.075,0.000,0.2052,nan,nan,nan,0.000,0.000,-10.000,0.0000,-1.5000,13.729,13.729,-35.395,23.445,1.000,6.000,0.0053,-0.000,nan,0.00,0,0,0,0,0,0.0000,0.000,0,0.000,0,0.000,2,0,,,FLYING,1,0,0,0.000,0,-1,1
1785733908.933,-8.671,6.100,73.559,0.9830,0,1.329,-0.100,0.000,0.2053,nan,nan,nan,0.000,0.000,-10.000,0.0000,-1.5000,13.709,13.709,-35.378,23.434,1.000,6.000,0.0053,-0.000,nan,0.00,0,0,0,0,0,0.0000,0.000,0,0.000,0,0.000,0,0,,,FLYING,1,0,0,0.000,0,-1,0
1785733908.971,-8.992,6.131,73.534,0.9821,0,1.008,-0.131,0.000,0.2055,nan,nan,nan,0.000,0.000,-10.000,0.0000,-1.5000,13.650,13.650,-35.343,23.403,1.000,6.000,0.0053,-0.000,nan,0.00,0,0,0,0,0,0.0000,0.000,0,0.000,0,0.000,0,0,,,FLYING,1,0,0,0.000,0,-1,0
1785733909.002,-8.992,6.131,73.534,0.9821,0,-0.492,-0.131,-1.500,0.2055,4.000,2.245,0.000,0.233,25.000,-0.735,-0.0000,-1.5000,13.650,13.650,-35.343,23.403,1.200,6.000,0.0053,-0.000,nan,0.00,0,1,0,1,1,0.0000,0.249,0,0.040,1,0.488,0,0,blueline,,BLUELINE,1,0,0,0.000,0,-1,0
1785733909.056,-9.145,6.105,73.535,0.9817,0,0.855,-0.105,0.000,0.2056,nan,nan,nan,0.000,0.000,-10.000,0.0000,-1.5000,13.509,13.509,-35.310,23.346,1.000,6.000,0.0053,-0.000,nan,0.00,0,0,0,0,1,0.0000,0.253,0,0.046,1,0.472,0,0,,,FLYING,1,0,0,0.000,0,-1,0
1785733909.103,-9.188,6.121,73.527,0.9815,0,0.812,-0.121,0.000,0.2056,nan,nan,nan,0.000,0.000,-10.000,0.0000,-1.5000,13.409,13.409,-35.292,23.330,1.000,6.000,0.0053,-0.000,nan,0.00,0,0,0,0,1,0.0000,0.250,0,0.042,1,0.483,0,0,,,FLYING,1,0,0,0.000,0,-1,0
1785733909.149,-9.274,6.160,73.510,0.9812,0,0.726,-0.160,0.000,0.2057,nan,nan,nan,0.000,0.000,-10.000,0.0000,-1.5000,13.336,13.336,-35.274,23.326,1.000,6.000,0.0053,-0.000,nan,0.00,0,0,0,0,1,0.0000,0.246,0,0.035,1,0.509,0,0,,,FLYING,1,0,0,0.000,0,-1,0
1785733909.190,-9.357,6.167,73.504,0.9810,0,0.643,-0.167,0.000,0.2057,nan,nan,nan,0.000,0.000,-10.000,0.0000,-1.5000,13.266,13.266,-35.256,23.307,1.000,6.000,0.0053,-0.000,nan,0.00,0,0,0,0,1,0.0000,0.246,0,0.035,1,0.509,0,0,,,FLYING,1,0,0,0.000,0,-1,0
1785733909.228,-9.428,6.168,73.500,0.9808,0,0.572,-0.168,0.000,0.2058,nan,nan,nan,0.000,0.000,-10.000,0.0000,-1.5000,13.191,13.191,-35.238,23.285,1.000,6.000,0.0053,-0.000,nan,0.00,0,0,0,0,1,0.0000,0.246,0,0.035,1,0.509,4,0,,,FLYING,1,0,0,0.000,0,-1,0
1785733909.268,-9.495,6.162,73.498,0.9806,0,0.505,-0.162,0.000,0.2058,nan,nan,nan,0.000,0.000,-10.000,0.0000,-1.5000,13.114,13.114,-35.220,23.259,1.000,6.000,0.0053,-0.000,nan,0.00,0,0,0,0,1,0.0000,0.249,0,0.040,1,0.483,0,0,,,FLYING,1,0,0,0.000,0,-1,0
1785733909.301,-9.558,6.158,73.497,0.9804,0,-0.995,-0.158,-1.500,0.2058,4.000,2.199,0.000,0.233,25.000,-0.377,-0.0000,-1.5000,13.034,13.034,-35.202,23.235,1.200,6.000,0.0053,-0.000,nan,0.00,0,1,0,1,1,0.0000,0.247,0,0.037,1,0.499,0,0,blueline,,BLUELINE,1,0,0,0.000,0,-1,0
1785733909.331,-9.526,6.118,73.512,0.9806,0,-2.495,-0.118,-3.000,0.2058,4.000,2.199,0.000,0.233,25.000,-0.056,-0.1368,-1.5000,12.897,12.897,-35.185,23.191,1.200,6.000,0.0053,-0.000,nan,0.00,0,1,0,0,1,0.0000,0.247,0,0.037,1,0.499,0,0,blueline,,BLUELINE,1,0,0,0.000,0,-1,0
1785733909.367,-9.526,6.118,73.512,0.9806,0,-0.995,-0.118,-1.500,0.2058,nan,nan,nan,0.000,0.000,-10.000,0.0000,-1.5000,12.897,12.897,-35.185,23.191,1.000,6.000,0.0053,-0.000,nan,0.00,0,0,0,0,1,0.0000,0.247,0,0.037,1,0.499,3,0,,,FLYING,1,0,0,0.000,0,-1,0
1785733909.414,-9.192,6.020,73.559,0.9817,0,0.505,-0.020,0.000,0.2056,nan,nan,nan,0.000,0.000,-10.000,0.0000,-1.5000,12.470,12.470,-35.154,23.096,1.000,6.000,0.0053,-0.000,nan,0.00,0,0,0,0,1,0.0000,0.247,0,0.036,1,0.515,1,0,,,FLYING,1,0,0,0.000,0,-1,0
1785733909.454,-9.181,6.086,73.536,0.9816,0,0.819,-0.086,0.000,0.2056,nan,nan,nan,0.000,0.000,-10.000,0.0000,-1.5000,12.347,12.347,-35.137,23.108,1.000,6.000,0.0053,-0.000,nan,0.00,0,0,0,0,1,0.0000,0.248,0,0.039,1,0.497,0,0,,,FLYING,1,0,0,0.000,0,-1,0
1785733909.485,-9.238,6.125,73.522,0.9814,0,0.762,-0.125,0.000,0.2056,nan,nan,nan,0.000,0.000,-10.000,0.0000,-1.5000,12.274,12.274,-35.121,23.107,1.000,6.000,0.0053,-0.000,nan,0.00,0,0,0,0,1,0.0000,0.248,0,0.039,1,0.497,0,0,,,FLYING,1,0,0,0.000,0,-1,0
1785733909.515,-9.238,6.125,73.522,0.9814,0,-0.738,-0.125,-1.500,0.2056,4.000,2.285,0.000,0.233,25.000,1.338,-0.0000,-1.5000,12.274,12.274,-35.121,23.107,1.200,6.000,0.0053,-0.000,nan,0.00,0,1,0,1,1,0.0000,0.251,0,0.043,1,0.492,0,0,blueline,,BLUELINE,1,0,0,0.000,0,-1,0
1785733909.554,-9.315,6.125,73.519,0.9812,0,0.685,-0.125,0.000,0.2057,nan,nan,nan,0.000,0.000,-10.000,0.0000,-1.5000,12.197,12.197,-35.101,23.083,1.000,6.000,0.0053,-0.000,nan,0.00,0,0,0,0,1,0.0000,0.251,0,0.043,1,0.492,2,0,,,FLYING,1,0,0,0.000,0,-1,0
1785733909.593,-9.393,6.107,73.521,0.9810,0,0.607,-0.107,0.000,0.2057,nan,nan,nan,0.000,0.000,-10.000,0.0000,-1.5000,12.115,12.115,-35.079,23.048,1.000,6.000,0.0053,-0.000,nan,0.00,0,0,0,0,1,0.0000,0.250,0,0.041,1,0.485,0,0,,,FLYING,1,0,0,0.000,0,-1,0
1785733909.633,-9.460,6.096,73.521,0.9808,0,0.540,-0.096,0.000,0.2058,nan,nan,nan,0.000,0.000,-10.000,0.0000,-1.5000,12.039,12.039,-35.059,23.020,1.000,6.000,0.0053,-0.000,nan,0.00,0,0,0,0,1,0.0000,0.250,0,0.041,1,0.485,2,0,,,FLYING,1,0,0,0.000,0,-1,0
1785733909.672,-9.513,6.093,73.520,0.9807,0,0.487,-0.093,0.000,0.2058,nan,nan,nan,0.000,0.000,-10.000,0.0000,-1.5000,11.958,11.958,-35.040,22.997,1.000,6.000,0.0053,-0.000,nan,0.00,0,0,0,0,1,0.0000,0.256,0,0.051,1,0.473,0,0,,,FLYING,1,0,0,0.000,0,-1,0
1785733909.703,-9.561,6.093,73.517,0.9805,0,-1.013,-0.093,-1.500,0.2058,4.000,2.325,0.000,0.233,25.000,2.148,-0.0000,-1.5000,11.876,11.876,-35.023,22.976,1.200,6.000,0.0053,-0.000,nan,0.00,0,1,0,1,1,0.0000,0.247,0,0.037,1,0.499,0,0,blueline,,BLUELINE,1,0,0,0.000,0,-1,0
1785733909.740,-9.538,6.056,73.531,0.9807,0,0.462,-0.056,0.000,0.2058,nan,nan,nan,0.000,0.000,-10.000,0.0000,-1.5000,11.752,11.752,-35.007,22.935,1.000,6.000,0.0053,-0.000,nan,0.00,0,0,0,0,1,0.0000,0.247,0,0.037,1,0.492,0,0,,,FLYING,1,0,0,0.000,0,-1,0
1785733909.781,-9.527,6.051,73.533,0.9807,0,0.473,-0.051,0.000,0.2058,nan,nan,nan,0.000,0.000,-10.000,0.0000,-1.5000,11.633,11.633,-34.991,22.911,1.000,6.000,0.0053,-0.000,nan,0.00,0,0,0,0,1,0.0000,0.247,0,0.037,1,0.492,0,0,,,FLYING,1,0,0,0.000,0,-1,0
1785733909.819,-9.565,6.077,73.522,0.9806,0,0.435,-0.077,0.000,0.2058,nan,nan,nan,0.000,0.000,-10.000,0.0000,-1.5000,11.541,11.541,-34.974,22.902,1.000,6.000,0.0053,-0.000,nan,0.00,0,0,0,0,1,0.0000,0.247,0,0.037,1,0.492,3,0,,,FLYING,1,0,0,0.000,0,-1,0
1785733909.861,-9.614,6.080,73.518,0.9804,0,0.386,-0.080,0.000,0.2058,nan,nan,nan,0.000,0.000,-10.000,0.0000,-1.5000,11.439,11.439,-34.954,22.879,1.000,6.000,0.0053,-0.000,nan,0.00,0,0,0,0,1,0.0000,0.248,0,0.038,1,0.499,0,0,,,FLYING,1,0,0,0.000,0,-1,0
1785733909.890,-9.653,6.074,73.518,0.9803,0,-1.114,-0.074,-1.500,0.2059,4.000,2.256,0.000,0.233,25.000,2.253,-0.0000,-1.5000,11.345,11.345,-34.937,22.854,1.200,6.000,0.0053,-0.000,nan,0.00,0,1,0,1,1,0.0000,0.249,0,0.040,1,0.483,0,0,blueline,,BLUELINE,1,0,0,0.000,0,-1,0
1785733909.949,-9.620,6.030,73.535,0.9805,0,0.380,-0.030,0.000,0.2058,nan,nan,nan,0.000,0.000,-10.000,0.0000,-1.5000,11.212,11.212,-34.920,22.809,1.000,6.000,0.0053,-0.000,nan,0.00,0,0,0,0,1,0.0000,0.249,0,0.040,1,0.483,2,0,,,FLYING,1,0,0,0.000,0,-1,1
1785733909.984,-9.487,5.995,73.550,0.9809,0,0.513,0.005,0.000,0.2057,nan,nan,nan,0.000,0.000,-10.000,0.0000,-1.5000,10.947,10.947,-34.892,22.753,1.000,6.000,0.0053,-0.000,nan,0.00,0,0,0,0,1,0.0000,0.248,0,0.038,1,0.499,0,0,,,FLYING,1,0,0,0.000,0,-1,0
1785733910.021,-9.504,6.031,73.537,0.9808,0,0.496,-0.031,0.000,0.2058,nan,nan,nan,0.000,0.000,-10.000,0.0000,-1.5000,10.865,10.865,-34.878,22.754,1.000,6.000,0.0053,-0.000,nan,0.00,0,0,0,0,1,0.0000,0.248,0,0.038,1,0.499,0,0,,,FLYING,1,0,0,0.000,0,-1,0
1785733910.048,-9.548,6.049,73.528,0.9807,0,0.452,-0.049,0.000,0.2058,nan,nan,nan,0.000,0.000,-10.000,0.0000,-1.5000,10.788,10.788,-34.861,22.742,1.000,6.000,0.0053,-0.000,nan,0.00,0,0,0,0,1,0.0000,0.248,0,0.038,1,0.499,0,0,,,FLYING,1,0,0,0.000,0,-1,0
1785733910.078,-9.548,6.049,73.528,0.9807,0,-1.048,-0.049,-1.500,0.2058,4.000,2.344,0.000,0.233,25.000,3.718,-0.0000,-1.5000,10.788,10.788,-34.861,22.742,1.200,6.000,0.0053,-0.000,nan,0.00,0,1,0,1,1,0.0000,0.245,0,0.033,1,0.498,0,0,blueline,,BLUELINE,1,0,0,0.000,0,-1,0
1785733910.111,-9.591,6.046,73.528,0.9805,0,-2.548,-0.046,-3.000,0.2058,4.000,2.231,0.000,0.233,25.000,2.890,-0.0000,-1.5000,10.702,10.702,-34.843,22.718,1.200,6.000,0.0053,-0.000,nan,0.00,0,1,0,1,1,0.0000,0.246,0,0.034,1,0.494,0,0,blueline,,BLUELINE,1,0,0,0.000,0,-1,0
1785733910.141,-9.571,6.005,73.542,0.9807,0,-4.048,-0.005,-4.500,0.2058,4.000,2.231,0.000,0.233,25.000,3.172,-0.1183,-1.5000,10.584,10.584,-34.826,22.676,1.200,6.000,0.0053,-0.000,nan,0.00,0,1,0,0,1,0.0000,0.246,0,0.034,1,0.494,0,0,blueline,,BLUELINE,1,0,0,0.000,0,-1,0
1785733910.173,-9.316,5.878,73.594,0.9816,0,-5.548,0.122,-6.000,0.2056,4.000,2.231,0.000,0.233,25.000,3.800,-0.3799,-1.5000,10.322,10.322,-34.810,22.587,1.200,6.000,0.0053,-0.000,nan,0.00,0,1,0,0,1,0.0000,0.246,0,0.034,1,0.494,0,0,blueline,,BLUELINE,1,0,0,0.000,0,-1,0
1785733910.204,-8.867,5.752,73.654,0.9831,0,-7.048,0.248,-7.500,0.2053,4.000,2.161,0.000,0.233,25.000,3.255,-0.0000,-1.5000,9.958,9.958,-34.799,22.502,1.200,6.000,0.0053,-0.000,nan,0.00,0,1,0,1,1,0.0000,0.248,0,0.038,1,0.499,0,0,blueline,,BLUELINE,1,0,0,0.000,0,-1,0
1785733910.261,-8.225,5.663,73.709,0.9849,0,-5.548,0.337,-6.000,0.2049,nan,nan,nan,0.000,0.000,-10.000,0.0000,-1.5000,9.486,9.486,-34.791,22.435,1.000,6.000,0.0053,-0.000,nan,0.00,0,0,0,0,1,0.0000,0.255,0,0.051,1,0.465,0,0,,,FLYING,1,0,0,0.000,0,-1,0
1785733910.313,-7.257,5.716,73.875,0.9871,0,-4.048,0.284,-4.500,0.2045,nan,nan,nan,0.000,0.000,-10.000,0.0000,-1.5000,8.703,8.703,-34.774,22.441,1.000,6.000,0.0053,-0.000,nan,0.00,0,0,0,0,1,0.0000,0.255,0,0.051,1,0.465,0,0,,,FLYING,1,0,0,0.000,0,-1,0
1785733910.352,-6.821,5.753,74.023,0.9879,0,-2.548,0.247,-3.000,0.2043,nan,nan,nan,0.000,0.000,-10.000,0.0000,-1.5000,8.318,8.318,-34.763,22.457,1.000,6.000,0.0053,-0.000,nan,0.00,0,0,0,0,0,0.0000,0.000,0,0.000,0,0.000,0,0,,,FLYING,1,0,0,0.000,0,-1,0
1785733910.403,-6.461,5.776,74.164,0.9886,0,-1.048,0.224,-1.500,0.2041,nan,nan,nan,0.000,0.000,-10.000,0.0000,-1.5000,7.963,7.963,-34.744,22.461,1.000,6.000,0.0053,-0.000,nan,0.00,0,0,0,0,0,0.0000,0.000,0,0.000,0,0.000,0,0,,,FLYING,1,0,0,0.000,0,-1,0
1785733910.448,-6.236,5.842,74.267,0.9889,0,0.452,0.158,0.000,0.2041,nan,nan,nan,0.000,0.000,-10.000,0.0000,-1.5000,7.694,7.694,-34.724,22.485,1.000,6.000,0.0053,-0.000,nan,0.00,0,0,0,0,0,0.0000,0.000,0,0.000,0,0.000,2,0,,,FLYING,1,0,0,0.000,0,-1,0
1785733910.471,-6.129,5.909,74.318,0.9890,0,1.952,0.091,0.000,0.2041,nan,nan,nan,0.000,0.000,-10.000,0.0000,-1.5000,7.500,7.500,-34.702,22.501,1.000,6.000,0.0053,-0.000,nan,0.00,0,0,0,0,0,0.0000,0.000,0,0.000,0,0.000,0,0,,,FLYING,1,0,0,0.000,0,-1,0
1785733910.503,-6.100,5.952,74.308,0.9890,0,3.452,0.048,0.000,0.2041,nan,nan,nan,0.000,0.000,-10.000,0.0000,-1.5000,7.371,7.371,-34.679,22.496,1.000,6.000,0.0053,-0.000,nan,0.00,0,0,0,0,0,0.0000,0.000,0,0.000,0,0.000,0,0,,,FLYING,1,0,0,0.000,0,-1,0
1785733910.541,-6.361,6.034,74.274,0.9883,0,3.639,-0.034,0.000,0.2042,nan,nan,nan,0.000,0.000,-10.000,0.0000,-1.5000,7.401,7.401,-34.651,22.511,1.000,6.000,0.0053,-0.000,nan,0.00,0,0,0,0,0,0.0000,0.000,0,0.000,0,0.000,0,0,,,FLYING,1,0,0,0.000,0,-1,0
1785733910.590,-6.687,6.060,74.254,0.9876,0,3.313,-0.060,0.000,0.2043,nan,nan,nan,0.000,0.000,-10.000,0.0000,-1.5000,7.467,7.467,-34.624,22.497,1.000,6.000,0.0053,-0.000,nan,0.00,0,0,0,0,0,0.0000,0.000,0,0.000,0,0.000,0,0,,,FLYING,1,0,0,0.000,0,-1,0
1785733910.636,-7.004,6.043,74.246,0.9870,0,2.996,-0.043,0.000,0.2045,nan,nan,nan,0.000,0.000,-10.000,0.0000,-1.5000,7.530,7.530,-34.599,22.463,1.000,6.000,0.0053,-0.000,nan,0.00,0,0,0,0,0,0.0000,0.000,0,0.000,0,0.000,0,0,,,FLYING,1,0,0,0.000,0,-1,0
1785733910.684,-7.292,6.021,74.241,0.9864,0,2.708,-0.021,0.000,0.2046,nan,nan,nan,0.000,0.000,-10.000,0.0000,-1.5000,7.581,7.581,-34.577,22.429,1.000,6.000,0.0053,-0.000,nan,0.00,0,0,0,0,0,0.0000,0.000,0,0.000,0,0.000,2,0,,,FLYING,1,0,0,0.000,0,-1,1
1785733910.730,-7.864,6.028,74.217,0.9851,0,2.136,-0.028,0.000,0.2049,nan,nan,nan,0.000,0.000,-10.000,0.0000,-1.5000,7.669,7.669,-34.536,22.385,1.000,6.000,0.0053,-0.000,nan,0.00,0,0,0,0,0,0.0000,0.000,0,0.000,0,0.000,2,0,,,FLYING,1,0,0,0.000,0,-1,0
1785733910.817,-8.106,6.037,74.205,0.9845,0,1.894,-0.037,0.000,0.2050,nan,nan,nan,0.000,0.000,-10.000,0.0000,-1.5000,7.686,7.686,-34.518,22.366,1.000,6.000,0.0053,-0.000,nan,0.00,0,0,0,0,0,0.0000,0.000,0,0.000,0,0.000,0,0,,,FLYING,1,0,0,0.000,0,-1,1
1785733910.877,-8.509,6.068,74.181,0.9835,0,1.491,-0.068,0.000,0.2052,nan,nan,nan,0.000,0.000,-10.000,0.0000,-1.5000,7.689,7.689,-34.485,22.337,1.000,6.000,0.0053,-0.000,nan,0.00,0,0,0,0,0,0.0000,0.000,0,0.000,0,0.000,0,0,,,FLYING,1,0,0,0.000,0,-1,1
1785733910.916,-8.692,6.086,74.168,0.9829,0,1.308,-0.086,0.000,0.2053,nan,nan,nan,0.000,0.000,-10.000,0.0000,-1.5000,7.683,7.683,-34.469,22.324,1.000,6.000,0.0053,-0.000,nan,0.00,0,0,0,0,0,0.0000,0.000,0,0.000,0,0.000,1,0,,,FLYING,1,0,0,0.000,0,-1,0
1785733910.964,-8.985,6.102,74.150,0.9821,0,1.015,-0.102,0.000,0.2055,nan,nan,nan,0.000,0.000,-10.000,0.0000,-1.5000,7.639,7.639,-34.437,22.288,1.000,6.000,0.0053,-0.000,nan,0.00,0,0,0,0,1,0.0000,0.356,0,0.069,2,0.427,1,0,,,FLYING,1,0,0,0.000,0,-1,0
1785733911.003,-9.101,6.106,74.143,0.9818,0,-0.485,-0.106,-1.500,0.2055,4.000,2.225,0.000,0.233,25.000,7.077,-0.0000,-1.5000,7.597,7.597,-34.421,22.267,1.200,6.000,0.0053,-0.000,nan,0.00,0,1,0,1,1,0.0000,0.248,0,0.038,1,0.482,0,0,blueline,,BLUELINE,1,0,0,0.000,0,-1,0
1785733911.045,-9.139,6.079,74.151,0.9818,0,0.861,-0.079,0.000,0.2056,nan,nan,nan,0.000,0.000,-10.000,0.0000,-1.5000,7.510,7.510,-34.406,22.230,1.000,6.000,0.0053,-0.000,nan,0.00,0,0,0,0,1,0.0000,0.248,0,0.038,1,0.487,0,0,,,FLYING,1,0,0,0.000,0,-1,0
1785733911.088,-9.181,6.087,74.147,0.9816,0,0.819,-0.087,0.000,0.2056,nan,nan,nan,0.000,0.000,-10.000,0.0000,-1.5000,7.419,7.419,-34.390,22.211,1.000,6.000,0.0053,-0.000,nan,0.00,0,0,0,0,1,0.0000,0.248,0,0.038,1,0.487,2,0,,,FLYING,1,0,0,0.000,0,-1,0
1785733911.147,-9.341,6.147,74.122,0.9811,0,0.659,-0.147,0.000,0.2057,nan,nan,nan,0.000,0.000,-10.000,0.0000,-1.5000,7.287,7.287,-34.357,22.197,1.000,6.000,0.0053,-0.000,nan,0.00,0,0,0,0,1,0.0000,0.251,0,0.044,1,0.492,0,0,,,FLYING,1,0,0,0.000,0,-1,0
1785733911.180,-9.408,6.150,74.118,0.9809,0,0.592,-0.150,0.000,0.2057,nan,nan,nan,0.000,0.000,-10.000,0.0000,-1.5000,7.219,7.219,-34.341,22.177,1.000,6.000,0.0053,-0.000,nan,0.00,0,0,0,0,1,0.0000,0.253,0,0.046,1,0.471,0,0,,,FLYING,1,0,0,0.000,0,-1,0
1785733911.221,-9.469,6.146,74.117,0.9807,0,0.531,-0.146,0.000,0.2058,nan,nan,nan,0.000,0.000,-10.000,0.0000,-1.5000,7.147,7.147,-34.323,22.152,1.000,6.000,0.0053,-0.000,nan,0.00,0,0,0,0,1,0.0000,0.253,0,0.046,1,0.471,0,0,,,FLYING,1,0,0,0.000,0,-1,0
1785733911.270,-9.519,6.145,74.115,0.9806,0,0.481,-0.145,0.000,0.2058,nan,nan,nan,0.000,0.000,-10.000,0.0000,-1.5000,7.081,7.081,-34.308,22.132,1.000,6.000,0.0053,-0.000,nan,0.00,0,0,0,0,0,0.0000,0.000,0,0.000,0,0.000,0,0,,,FLYING,1,0,0,0.000,0,-1,1
1785733911.299,-9.569,6.147,74.112,0.9804,0,-1.019,-0.147,-1.500,0.2058,4.000,2.360,0.000,0.233,25.000,8.922,-0.0000,-1.5000,6.999,6.999,-34.291,22.109,1.200,6.000,0.0053,-0.000,nan,0.00,0,1,0,1,1,0.0000,0.247,0,0.036,1,0.500,0,0,blueline,,BLUELINE,1,0,0,0.000,0,-1,0
1785733911.338,-9.613,6.146,74.111,0.9803,0,0.387,-0.146,0.000,0.2059,nan,nan,nan,0.000,0.000,-10.000,0.0000,-1.5000,6.928,6.928,-34.276,22.089,1.000,6.000,0.0053,-0.000,nan,0.00,0,0,0,0,1,0.0000,0.247,0,0.036,1,0.500,2,0,,,FLYING,1,0,0,0.000,0,-1,1
1785733911.380,-9.605,6.114,74.122,0.9804,0,0.395,-0.114,0.000,0.2058,nan,nan,nan,0.000,0.000,-10.000,0.0000,-1.5000,6.824,6.824,-34.261,22.052,1.000,6.000,0.0053,-0.000,nan,0.00,0,0,0,0,1,0.0000,0.250,0,0.042,1,0.504,0,0,,,FLYING,1,0,0,0.000,0,-1,0
1785733911.447,-9.625,6.120,74.119,0.9803,0,0.375,-0.120,0.000,0.2059,nan,nan,nan,0.000,0.000,-10.000,0.0000,-1.5000,6.619,6.619,-34.229,22.011,1.000,6.000,0.0053,-0.000,nan,0.00,0,0,0,0,1,0.0000,0.250,0,0.042,1,0.504,3,0,,,FLYING,1,0,0,0.000,0,-1,1
1785733911.493,-9.693,6.125,74.114,0.9801,0,0.307,-0.125,0.000,0.2059,nan,nan,nan,0.000,0.000,-10.000,0.0000,-1.5000,6.441,6.441,-34.196,21.969,1.000,6.000,0.0053,-0.000,nan,0.00,0,0,0,0,1,0.0000,0.249,0,0.040,1,0.499,1,0,,,FLYING,1,0,0,0.000,0,-1,0
1785733911.533,-9.724,6.118,74.116,0.9800,0,0.276,-0.118,0.000,0.2059,nan,nan,nan,0.000,0.000,-10.000,0.0000,-1.5000,6.351,6.351,-34.179,21.942,1.000,6.000,0.0053,-0.000,nan,0.00,0,0,0,0,1,0.0000,0.248,0,0.038,1,0.491,0,0,,,FLYING,1,0,0,0.000,0,-1,0
1785733911.563,-9.751,6.111,74.117,0.9800,0,-1.224,-0.111,-1.500,0.2059,4.000,2.303,0.000,0.233,25.000,9.441,-0.0000,-1.5000,6.258,6.258,-34.161,21.915,1.200,6.000,0.0053,-0.000,nan,0.00,0,1,0,1,1,0.0000,0.252,0,0.044,1,0.491,0,0,blueline,,BLUELINE,1,0,0,0.000,0,-1,0
1785733911.602,-9.751,6.111,74.117,0.9800,0,0.249,-0.111,0.000,0.2059,nan,nan,nan,0.000,0.000,-10.000,0.0000,-1.5000,6.258,6.258,-34.161,21.915,1.000,6.000,0.0053,-0.000,nan,0.00,0,0,0,0,1,0.0000,0.252,0,0.044,1,0.491,1,0,,,FLYING,1,0,0,0.000,0,-1,0
1785733911.642,-9.681,6.065,74.134,0.9802,0,0.319,-0.065,0.000,0.2059,nan,nan,nan,0.000,0.000,-10.000,0.0000,-1.5000,6.004,6.004,-34.128,21.844,1.000,6.000,0.0053,-0.000,nan,0.00,0,0,0,0,1,0.0000,0.167,0,0.044,0,0.492,0,0,,,FLYING,1,0,0,0.000,0,-1,0
1785733911.673,-9.681,6.065,74.134,0.9802,0,-1.181,-0.065,-1.500,0.2059,4.000,2.215,0.000,0.233,25.000,9.093,-0.0000,-1.5000,6.004,6.004,-34.128,21.844,1.200,6.000,0.0053,-0.000,nan,0.00,0,1,0,1,1,0.0000,0.247,0,0.036,1,0.503,0,0,blueline,,BLUELINE,1,0,0,0.000,0,-1,0
1785733911.705,-9.699,6.083,74.128,0.9802,0,-2.681,-0.083,-3.000,0.2059,4.000,2.215,0.000,0.233,25.000,9.331,-0.0940,-1.5000,5.910,5.910,-34.112,21.832,1.200,6.000,0.0053,-0.000,nan,0.00,0,1,0,0,1,0.0000,0.247,0,0.036,1,0.503,0,0,blueline,,BLUELINE,1,0,0,0.000,0,-1,0
1785733911.735,-9.668,6.055,74.139,0.9803,0,-4.181,-0.055,-4.500,0.2059,4.000,2.215,0.000,0.233,25.000,9.637,-0.2181,-1.5000,5.786,5.786,-34.096,21.794,1.200,6.000,0.0053,-0.000,nan,0.00,0,1,0,0,1,0.0000,0.247,0,0.036,1,0.503,0,0,blueline,,BLUELINE,1,0,0,0.000,0,-1,0
1785733911.766,-9.290,5.892,74.206,0.9817,0,-5.681,0.108,-6.000,0.2056,4.000,2.023,0.000,0.233,25.000,8.344,-0.0000,-1.5000,5.433,5.433,-34.079,21.677,1.200,6.000,0.0053,-0.000,nan,0.00,0,1,0,1,1,0.0000,0.164,0,0.035,0,0.501,0,0,blueline,,BLUELINE,1,0,0,0.000,0,-1,0
1785733911.806,-8.774,5.772,74.265,0.9833,0,-4.181,0.228,-4.500,0.2052,nan,nan,nan,0.000,0.000,-10.000,0.0000,-1.5000,5.024,5.024,-34.067,21.587,1.000,6.000,0.0053,-0.000,nan,0.00,0,0,0,0,1,0.0000,0.326,0,0.032,2,0.506,0,0,,,FLYING,1,0,0,0.000,0,-1,0
1785733911.855,-8.297,5.763,74.287,0.9845,0,-2.681,0.237,-3.000,0.2050,nan,nan,nan,0.000,0.000,-10.000,0.0000,-1.5000,4.641,4.641,-34.055,21.559,1.000,6.000,0.0053,-0.000,nan,0.00,0,0,0,0,1,0.0000,0.164,0,0.035,0,0.501,0,0,,,FLYING,1,0,0,0.000,0,-1,0
1785733911.896,-8.010,5.792,74.290,0.9852,0,-1.181,0.208,-1.500,0.2048,nan,nan,nan,0.000,0.000,-10.000,0.0000,-1.5000,4.383,4.383,-34.044,21.554,1.000,6.000,0.0053,-0.000,nan,0.00,0,0,0,0,1,0.0000,0.164,0,0.035,0,0.501,0,0,,,FLYING,1,0,0,0.000,0,-1,0
1785733911.925,-7.838,5.839,74.283,0.9855,0,-2.681,0.161,-3.000,0.2048,4.000,1.890,0.000,0.233,25.000,9.070,-0.0000,-1.5000,4.190,4.190,-34.030,21.558,1.200,6.000,0.0053,-0.000,nan,0.00,0,1,0,1,1,0.0000,0.166,0,0.039,0,0.479,0,0,blueline,,BLUELINE,1,0,0,0.000,0,-1,0
1785733911.964,-7.638,5.823,74.297,0.9860,0,-1.181,0.177,-1.500,0.2047,nan,nan,nan,0.000,0.000,-10.000,0.0000,-1.5000,3.969,3.969,-34.013,21.524,1.000,6.000,0.0053,-0.000,nan,0.00,0,0,0,0,1,0.0000,0.166,0,0.039,0,0.479,1,0,,,FLYING,1,0,0,0.000,0,-1,0
1785733912.008,-7.458,5.825,74.305,0.9864,0,0.319,0.175,0.000,0.2046,nan,nan,nan,0.000,0.000,-10.000,0.0000,-1.5000,3.754,3.754,-33.992,21.499,1.000,6.000,0.0053,-0.000,nan,0.00,0,0,0,0,0,0.0000,0.000,0,0.000,0,0.000,3,0,,,FLYING,1,0,0,0.000,0,-1,0
1785733912.060,-7.402,5.890,74.292,0.9864,0,1.819,0.110,0.000,0.2046,nan,nan,nan,0.000,0.000,-10.000,0.0000,-1.5000,3.617,3.617,-33.972,21.511,1.000,6.000,0.0053,-0.000,nan,0.00,0,0,0,0,1,0.0000,0.290,0,0.108,1,0.251,1,0,,,FLYING,1,0,0,0.000,0,-1,1
1785733912.105,-7.390,5.944,74.275,0.9864,0,2.610,0.056,0.000,0.2046,nan,nan,nan,0.000,0.000,-10.000,0.0000,-1.5000,3.506,3.506,-33.953,21.517,1.000,6.000,0.0053,-0.000,nan,0.00,0,0,0,0,0,0.0000,0.000,0,0.000,0,0.000,0,0,,,FLYING,1,0,0,0.000,0,-1,0
1785733912.159,-7.654,6.050,74.230,0.9856,0,2.346,-0.050,0.000,0.2048,nan,nan,nan,0.000,0.000,-10.000,0.0000,-1.5000,3.434,3.434,-33.911,21.527,1.000,6.000,0.0053,-0.000,nan,0.00,0,0,0,0,0,0.0000,0.000,0,0.000,0,0.000,0,0,,,FLYING,1,0,0,0.000,0,-1,0
1785733912.216,-7.880,6.058,74.220,0.9850,0,2.120,-0.058,0.000,0.2049,nan,nan,nan,0.000,0.000,-10.000,0.0000,-1.5000,3.448,3.448,-33.889,21.508,1.000,6.000,0.0053,-0.000,nan,0.00,0,0,0,0,0,0.0000,0.000,0,0.000,0,0.000,1,0,,,FLYING,1,0,0,0.000,0,-1,1
1785733912.262,-8.302,6.034,74.212,0.9840,0,1.698,-0.034,0.000,0.2051,nan,nan,nan,0.000,0.000,-10.000,0.0000,-1.5000,3.462,3.462,-33.847,21.452,1.000,6.000,0.0053,-0.000,nan,0.00,0,0,0,0,0,0.0000,0.000,0,0.000,0,0.000,1,0,,,FLYING,1,0,0,0.000,0,-1,0
1785733912.311,-8.486,6.027,74.206,0.9836,0,1.514,-0.027,0.000,0.2052,nan,nan,nan,0.000,0.000,-10.000,0.0000,-1.5000,3.450,3.450,-33.828,21.426,1.000,6.000,0.0053,-0.000,nan,0.00,0,0,0,0,1,0.0000,0.249,0,0.039,1,0.475,3,0,,,FLYING,1,0,0,0.000,0,-1,0
1785733912.356,-8.658,6.028,74.198,0.9831,0,1.342,-0.028,0.000,0.2053,nan,nan,nan,0.000,0.000,-10.000,0.0000,-1.5000,3.426,3.426,-33.809,21.402,1.000,6.000,0.0053,-0.000,nan,0.00,0,0,0,0,1,0.0000,0.247,0,0.037,1,0.486,1,0,,,FLYING,1,0,0,0.000,0,-1,0
1785733912.415,-8.924,6.057,74.177,0.9824,0,1.076,-0.057,0.000,0.2054,nan,nan,nan,0.000,0.000,-10.000,0.0000,-1.5000,3.348,3.348,-33.776,21.371,1.000,6.000,0.0053,-0.000,nan,0.00,0,0,0,0,1,0.0000,0.373,0,0.092,1,0.446,0,0,,,FLYING,1,0,0,0.000,0,-1,0
1785733912.451,-9.026,6.069,74.164,0.9821,0,0.974,-0.069,0.000,0.2055,nan,nan,nan,0.000,0.000,-10.000,0.0000,-1.5000,3.306,3.306,-33.761,21.356,1.000,6.000,0.0053,-0.000,nan,0.00,0,0,0,0,1,0.0000,0.373,0,0.092,1,0.446,2,0,,,FLYING,1,0,0,0.000,0,-1,0
1785733912.491,-9.119,6.075,74.158,0.9818,0,0.881,-0.075,0.000,0.2055,nan,nan,nan,0.000,0.000,-10.000,0.0000,-1.5000,3.258,3.258,-33.746,21.339,1.000,6.000,0.0053,-0.000,nan,0.00,0,0,0,0,1,0.0000,0.247,0,0.037,1,0.483,0,0,,,FLYING,1,0,0,0.000,0,-1,0
1785733912.524,-9.208,6.080,74.147,0.9816,0,0.792,-0.080,0.000,0.2056,nan,nan,nan,0.000,0.000,-10.000,0.0000,-1.5000,3.200,3.200,-33.729,21.319,1.000,6.000,0.0053,-0.000,nan,0.00,0,0,0,0,1,0.0000,0.247,0,0.037,1,0.483,0,0,,,FLYING,1,0,0,0.000,0,-1,0
1785733912.568,-9.290,6.086,74.136,0.9813,0,-0.708,-0.086,-1.500,0.2056,4.000,2.196,0.000,0.233,25.000,12.767,-0.0000,-1.5000,3.137,3.137,-33.712,21.299,1.200,6.000,0.0053,-0.000,nan,0.00,0,1,0,1,1,0.0000,0.246,0,0.035,1,0.481,0,0,blueline,,BLUELINE,1,0,0,0.000,0,-1,0
1785733912.616,-9.316,6.062,74.142,0.9813,0,-2.208,-0.062,-3.000,0.2057,4.000,2.384,0.000,0.233,25.000,14.000,-0.0000,-1.5000,3.037,3.037,-33.694,21.261,1.200,6.000,0.0053,-0.000,nan,0.00,0,1,0,1,1,0.0000,0.255,0,0.051,1,0.464,0,0,blueline,,BLUELINE,1,0,0,0.000,0,-1,0
1785733912.656,-9.177,5.986,74.173,0.9818,0,-0.708,0.014,-1.500,0.2055,nan,nan,nan,0.000,0.000,-10.000,0.0000,-1.5000,2.844,2.844,-33.680,21.196,1.000,6.000,0.0053,-0.000,nan,0.00,0,0,0,0,1,0.0000,0.248,0,0.038,1,0.499,0,0,,,FLYING,1,0,0,0.000,0,-1,0
1785733912.694,-9.055,5.980,74.174,0.9822,0,0.792,0.020,0.000,0.2055,nan,nan,nan,0.000,0.000,-10.000,0.0000,-1.5000,2.663,2.663,-33.666,21.169,1.000,6.000,0.0053,-0.000,nan,0.00,0,0,0,0,1,0.0000,0.248,0,0.038,1,0.499,0,0,,,FLYING,1,0,0,0.000,0,-1,0
1785733912.746,-9.064,6.047,74.152,0.9820,0,0.936,-0.047,0.000,0.2055,nan,nan,nan,0.000,0.000,-10.000,0.0000,-1.5000,2.562,2.562,-33.651,21.184,1.000,6.000,0.0053,-0.000,nan,0.00,0,0,0,0,1,0.0000,0.248,0,0.038,1,0.499,2,0,,,FLYING,1,0,0,0.000,0,-1,0
1785733912.803,-9.208,6.108,74.125,0.9815,0,0.792,-0.108,0.000,0.2056,nan,nan,nan,0.000,0.000,-10.000,0.0000,-1.5000,2.434,2.434,-33.617,21.173,1.000,6.000,0.0053,-0.000,nan,0.00,0,0,0,0,1,0.0000,0.246,0,0.035,1,0.481,0,0,,,FLYING,1,0,0,0.000,0,-1,0
1785733912.835,-9.288,6.108,74.121,0.9813,0,-0.708,-0.108,-1.500,0.2057,4.000,2.255,0.000,0.233,25.000,14.000,-0.0000,-1.5000,2.380,2.380,-33.599,21.151,1.200,6.000,0.0053,-0.000,nan,0.00,0,1,0,1,1,0.0000,0.249,0,0.040,1,0.484,0,0,blueline,,BLUELINE,1,0,0,0.000,0,-1,0
1785733912.893,-9.263,6.023,74.146,0.9815,0,0.737,-0.023,0.000,0.2056,nan,nan,nan,0.000,0.000,-10.000,0.0000,-1.5000,2.161,2.161,-33.566,21.062,1.000,6.000,0.0053,-0.000,nan,0.00,0,0,0,0,1,0.0000,0.247,0,0.037,1,0.500,0,0,,,FLYING,1,0,0,0.000,0,-1,0
1785733912.935,-9.279,6.049,74.137,0.9814,0,0.721,-0.049,0.000,0.2056,nan,nan,nan,0.000,0.000,-10.000,0.0000,-1.5000,2.052,2.052,-33.548,21.051,1.000,6.000,0.0053,-0.000,nan,0.00,0,0,0,0,1,0.0000,0.247,0,0.037,1,0.500,2,0,,,FLYING,1,0,0,0.000,0,-1,0
1785733912.975,-9.344,6.091,74.122,0.9812,0,0.656,-0.091,0.000,0.2057,nan,nan,nan,0.000,0.000,-10.000,0.0000,-1.5000,1.974,1.974,-33.530,21.050,1.000,6.000,0.0053,-0.000,nan,0.00,0,0,0,0,1,0.0000,0.248,0,0.038,1,0.498,0,0,,,FLYING,1,0,0,0.000,0,-1,0
1785733913.029,-9.400,6.098,74.111,0.9810,0,0.600,-0.098,0.000,0.2057,nan,nan,nan,0.000,0.000,-10.000,0.0000,-1.5000,1.900,1.900,-33.514,21.032,1.000,6.000,0.0053,-0.000,nan,0.00,0,0,0,0,1,0.0000,0.248,0,0.038,1,0.499,0,0,,,FLYING,1,0,0,0.000,0,-1,0
1785733913.080,-9.461,6.095,74.109,0.9808,0,0.539,-0.095,0.000,0.2058,nan,nan,nan,0.000,0.000,-10.000,0.0000,-1.5000,1.823,1.823,-33.496,21.006,1.000,6.000,0.0053,-0.000,nan,0.00,0,0,0,0,1,0.0000,0.247,0,0.037,1,0.500,0,0,,,FLYING,1,0,0,0.000,0,-1,0
1785733913.140,-9.573,6.090,74.105,0.9805,0,0.427,-0.090,0.000,0.2058,nan,nan,nan,0.000,0.000,-10.000,0.0000,-1.5000,1.679,1.679,-33.462,20.960,1.000,6.000,0.0053,-0.000,nan,0.00,0,0,0,0,1,0.0000,0.247,0,0.037,1,0.500,2,0,,,FLYING,1,0,0,0.000,0,-1,1
1785733913.179,-9.653,6.088,74.102,0.9803,0,0.347,-0.088,0.000,0.2059,nan,nan,nan,0.000,0.000,-10.000,0.0000,-1.5000,1.549,1.549,-33.434,20.922,1.000,6.000,0.0053,-0.000,nan,0.00,0,0,0,0,1,0.0000,0.250,0,0.042,1,0.490,0,0,,,FLYING,1,0,0,0.000,0,-1,0
1785733913.223,-9.685,6.086,74.101,0.9802,0,0.315,-0.086,0.000,0.2059,nan,nan,nan,0.000,0.000,-10.000,0.0000,-1.5000,1.479,1.479,-33.421,20.903,1.000,6.000,0.0053,-0.000,nan,0.00,0,0,0,0,1,0.0000,0.253,0,0.047,1,0.481,0,0,,,FLYING,1,0,0,0.000,0,-1,1
1785733913.257,-9.714,6.085,74.100,0.9801,0,0.286,-0.085,0.000,0.2059,nan,nan,nan,0.000,0.000,-10.000,0.0000,-1.5000,1.404,1.404,-33.407,20.884,1.000,6.000,0.0053,-0.000,nan,0.00,0,0,0,0,1,0.0000,0.253,0,0.047,1,0.481,0,0,,,FLYING,1,0,0,0.000,0,-1,0
1785733913.293,-9.743,6.085,74.098,0.9800,0,-1.214,-0.085,-1.500,0.2059,4.000,2.247,0.000,0.233,25.000,14.000,-0.0000,-1.5000,1.319,1.319,-33.392,20.863,1.200,6.000,0.0053,-0.000,nan,0.00,0,1,0,1,1,0.0000,0.247,0,0.037,1,0.503,0,0,blueline,,BLUELINE,1,0,0,0.000,0,-1,0
1785733913.320,-9.771,6.086,74.097,0.9799,0,-2.714,-0.086,-3.000,0.2059,4.000,2.175,0.000,0.233,25.000,14.000,-0.0000,-1.5000,1.231,1.231,-33.376,20.841,1.200,6.000,0.0053,-0.000,nan,0.00,0,1,0,1,1,0.0000,0.331,0,0.039,2,0.501,0,0,blueline,,BLUELINE,1,0,0,0.000,0,-1,0
1785733913.351,-9.675,6.020,74.121,0.9803,0,-4.214,-0.020,-4.500,0.2059,4.000,2.175,0.000,0.233,25.000,14.000,-0.1553,-1.5000,1.076,1.076,-33.362,20.784,1.200,6.000,0.0053,-0.000,nan,0.00,0,1,0,0,1,0.0000,0.331,0,0.039,2,0.501,0,0,blueline,,BLUELINE,1,0,0,0.000,0,-1,0
1785733913.393,-9.405,5.908,74.172,0.9813,0,-5.714,0.092,-6.000,0.2057,4.000,1.954,0.000,0.233,25.000,14.000,-0.0000,-1.5000,0.822,0.822,-33.351,20.700,1.200,6.000,0.0053,-0.000,nan,0.00,0,1,0,1,1,0.0000,0.169,0,0.047,0,0.498,0,0,blueline,,BLUELINE,1,0,0,0.000,0,-1,0
1785733913.429,-8.973,5.811,74.234,0.9827,0,-7.214,0.189,-7.500,0.2054,4.000,1.954,0.000,0.233,25.000,14.000,-0.3511,-1.5000,0.471,0.471,-33.341,20.623,1.200,6.000,0.0053,-0.000,nan,0.00,0,1,0,0,1,0.0000,0.169,0,0.047,0,0.498,0,0,blueline,,BLUELINE,1,0,0,0.000,0,-1,0
1785733913.467,-8.425,5.736,74.280,0.9843,0,-7.916,0.264,-6.000,0.2050,nan,nan,nan,0.000,0.000,-0.509,0.0000,-1.5000,0.064,0.064,-33.335,20.559,1.000,6.000,0.0053,-0.000,nan,0.00,0,0,0,0,1,0.0000,0.248,0,0.038,1,0.488,0,0,,,FLYING,1,0,0,0.000,0,-1,0
1785733913.507,-7.783,5.678,74.331,0.9859,0,-9.416,0.322,-4.500,0.2047,nan,nan,nan,0.000,0.000,3.174,0.0000,-1.5000,-0.397,-0.397,-33.330,20.503,1.000,6.000,0.0053,-0.000,nan,0.00,0,0,0,0,1,0.0000,0.248,0,0.038,1,0.488,0,0,,,FLYING,1,0,0,0.000,0,-1,0
1785733913.545,-7.120,5.691,74.500,0.9874,0,-10.916,0.309,-3.000,0.2044,nan,nan,nan,0.000,0.000,7.243,0.0000,-1.5000,-0.905,-0.905,-33.324,20.477,1.000,6.000,0.0053,-0.000,nan,0.00,0,0,0,0,1,0.0000,0.248,0,0.038,1,0.488,2,0,,,FLYING,1,0,0,0.000,0,-1,1
1785733913.593,-5.282,5.496,74.850,0.9912,0,-12.416,0.504,-1.500,0.2036,nan,nan,nan,0.000,0.000,10.000,0.0000,-1.5000,-2.202,-2.202,-33.312,20.298,1.000,6.000,0.0053,-0.000,nan,0.00,0,0,0,0,0,0.0000,0.000,0,0.000,0,0.000,1,0,,,FLYING,1,0,0,0.000,0,-1,0
1785733913.640,-4.023,5.471,74.977,0.9930,0,-13.916,0.529,0.000,0.2032,nan,nan,nan,0.000,0.000,10.000,0.0000,-1.5000,-3.029,-3.029,-33.308,20.249,1.000,6.000,0.0053,-0.000,nan,0.00,0,0,0,0,0,0.0000,0.000,0,0.000,0,0.000,0,0,,,FLYING,1,0,0,0.000,0,-1,0
1785733913.678,-2.444,5.495,75.034,0.9945,0,-12.444,0.505,0.000,0.2029,nan,nan,nan,0.000,0.000,10.000,0.0000,-1.5000,-4.013,-4.013,-33.306,20.231,1.000,6.000,0.0053,-0.000,nan,0.00,0,0,0,0,0,0.0000,0.000,0,0.000,0,0.000,0,0,,,FLYING,1,0,0,0.000,0,-1,0
1785733913.737,-1.095,5.640,75.093,0.9950,0,-11.095,0.360,0.000,0.2028,nan,nan,nan,0.000,0.000,10.000,0.0000,-1.5000,-4.856,-4.856,-33.304,20.278,1.000,6.000,0.0053,-0.000,nan,0.00,0,0,0,0,0,0.0000,0.000,0,0.000,0,0.000,1,0,,,FLYING,1,0,0,0.000,0,-1,1
1785733913.789,1.566,5.891,75.379,0.9943,0,-9.595,0.109,0.000,0.2030,nan,nan,nan,0.000,0.000,10.000,0.0000,-1.5000,-6.554,-6.554,-33.294,20.333,1.000,6.000,0.0053,-0.000,nan,0.00,0,0,0,0,0,0.0000,0.000,0,0.000,0,0.000,0,0,,,FLYING,1,0,0,0.000,0,-1,0
1785733913.836,1.566,5.891,75.379,0.9943,0,-8.434,0.109,0.000,0.2030,nan,nan,nan,0.000,0.000,10.000,0.0000,-1.5000,-6.554,-6.554,-33.294,20.333,1.000,6.000,0.0053,-0.000,nan,0.00,0,0,0,0,0,0.0000,0.000,0,0.000,0,0.000,0,0,,,FLYING,1,0,0,0.000,0,-1,0
1785733913.877,3.693,6.006,75.775,0.9924,0,-6.934,-0.006,0.000,0.2033,nan,nan,nan,0.000,0.000,10.000,0.0000,-1.5000,-7.973,-7.973,-33.267,20.308,1.000,6.000,0.0053,-0.000,nan,0.00,0,0,0,0,0,0.0000,0.000,0,0.000,0,0.000,0,0,,,FLYING,1,0,0,0.000,0,-1,0
1785733913.952,4.603,6.006,75.988,0.9913,0,-5.434,-0.006,0.000,0.2036,nan,nan,nan,0.000,0.000,10.000,0.0000,-1.5000,-8.604,-8.604,-33.249,20.263,1.000,6.000,0.0053,-0.000,nan,0.00,0,0,0,0,0,0.0000,0.000,0,0.000,0,0.000,0,0,,,FLYING,1,0,0,0.000,0,-1,1
1785733913.994,6.287,5.876,76.407,0.9888,0,-6.934,0.124,-1.500,0.2041,4.000,2.790,0.000,0.233,25.000,14.000,-0.0000,-1.5000,-9.780,-9.780,-33.217,20.106,1.200,6.000,0.0053,-0.000,nan,0.00,0,1,0,1,1,0.0000,0.175,0,0.061,0,-0.131,0,0,blueline,,BLUELINE,1,0,0,0.000,0,-1,0
1785733914.034,6.896,5.815,76.585,0.9877,0,-5.434,0.185,0.000,0.2043,nan,nan,nan,0.000,0.000,10.000,0.0000,-1.5000,-10.228,-10.228,-33.205,20.036,1.000,6.000,0.0053,-0.000,nan,0.00,0,0,0,0,0,0.0000,0.000,0,0.000,0,0.000,0,0,,,FLYING,1,0,0,0.000,0,-1,1
1785733914.080,8.203,5.640,77.030,0.9850,0,-3.934,0.360,0.000,0.2049,nan,nan,nan,0.000,0.000,10.000,0.0000,-1.5000,-11.190,-11.190,-33.186,19.859,1.000,6.000,0.0053,-0.000,nan,0.00,0,0,0,0,0,0.0000,0.000,0,0.000,0,0.000,3,0,,,FLYING,1,0,0,0.000,0,-1,0
1785733914.119,8.670,5.634,77.228,0.9838,0,-2.434,0.366,0.000,0.2051,nan,nan,nan,0.000,0.000,10.000,0.0000,-1.5000,-11.555,-11.555,-33.177,19.816,1.000,6.000,0.0053,-0.000,nan,0.00,0,0,0,0,0,0.0000,0.000,0,0.000,0,0.000,0,0,,,FLYING,1,0,0,0.000,0,-1,0
1785733914.160,9.051,5.642,77.416,0.9828,0,-0.949,0.358,0.000,0.2053,nan,nan,nan,0.000,0.000,10.000,0.0000,-1.5000,-11.872,-11.872,-33.168,19.780,1.000,6.000,0.0053,-0.000,nan,0.00,0,0,0,0,0,0.0000,0.000,0,0.000,0,0.000,0,0,,,FLYING,1,0,0,0.000,0,-1,1
1785733914.197,9.718,5.578,77.761,0.9810,0,-0.282,0.422,0.000,0.2057,nan,nan,nan,0.000,0.000,10.000,0.0000,-1.5000,-12.457,-12.457,-33.147,19.666,1.000,6.000,0.0053,-0.000,nan,0.00,0,0,0,0,0,0.0000,0.000,0,0.000,0,0.000,0,0,,,FLYING,1,0,0,0.000,0,-1,0
1785733914.236,9.722,5.577,77.763,0.9810,0,-0.278,0.423,0.000,0.2057,nan,nan,nan,0.000,0.000,10.000,0.0000,-1.5000,-12.461,-12.461,-33.146,19.665,1.000,6.000,0.0053,-0.000,nan,0.00,0,0,0,0,0,0.0000,0.000,0,0.000,0,0.000,2,0,,,FLYING,1,0,0,0.000,0,-1,1
1785733914.274,10.044,5.509,78.179,0.9801,0,0.044,0.491,0.000,0.2059,nan,nan,nan,0.000,0.000,10.000,0.0000,-1.5000,-12.890,-12.890,-33.124,19.542,1.000,6.000,0.0053,-0.000,nan,0.00,0,0,0,0,1,0.0000,0.156,0,0.015,0,-0.396,0,0,,,FLYING,1,0,0,0.000,0,-1,0
1785733914.306,10.167,5.483,78.404,0.9798,0,0.167,0.517,0.000,0.2060,nan,nan,nan,0.000,0.000,10.000,0.0000,-1.5000,-13.090,-13.090,-33.114,19.482,1.000,6.000,0.0053,-0.000,nan,0.00,0,0,0,0,1,0.0000,0.156,0,0.015,0,-0.396,0,0,,,FLYING,1,0,0,0.000,0,-1,0
1785733914.343,10.278,5.459,78.631,0.9795,0,0.278,0.541,0.000,0.2060,nan,nan,nan,0.000,0.000,10.000,0.0000,-1.5000,-13.283,-13.283,-33.104,19.423,1.000,6.000,0.0053,-0.000,nan,0.00,0,0,0,0,1,0.0000,0.156,0,0.015,0,-0.396,3,0,,,FLYING,1,0,0,0.000,0,-1,0
1785733914.403,10.360,5.428,78.875,0.9793,0,0.360,0.572,0.000,0.2061,nan,nan,nan,0.000,0.000,10.000,0.0000,-1.5000,-13.473,-13.473,-33.095,19.353,1.000,6.000,0.0053,-0.000,nan,0.00,0,0,0,0,1,0.0000,0.158,0,0.019,0,-0.412,0,0,,,FLYING,1,0,0,0.000,0,-1,0
1785733914.431,10.428,5.415,79.099,0.9791,0,0.428,0.585,0.000,0.2061,nan,nan,nan,0.000,0.000,10.000,0.0000,-1.5000,-13.641,-13.641,-33.086,19.298,1.000,6.000,0.0053,-0.000,nan,0.00,0,0,0,0,1,0.0000,0.158,0,0.019,0,-0.412,0,0,,,FLYING,1,0,0,0.000,0,-1,0
1785733914.464,10.496,5.404,79.333,0.9789,0,-1.072,0.596,-1.500,0.2062,4.000,2.885,0.000,0.233,25.000,14.000,-0.0000,-1.5000,-13.813,-13.813,-33.077,19.241,1.200,6.000,0.0053,-0.000,nan,0.00,0,1,0,1,1,0.0000,0.159,0,0.022,0,-0.411,0,0,blueline,,BLUELINE,1,0,0,0.000,0,-1,0
1785733914.503,10.619,5.350,79.612,0.9786,0,0.428,0.650,0.000,0.2062,nan,nan,nan,0.000,0.000,10.000,0.0000,-1.5000,-14.026,-14.026,-33.069,19.155,1.000,6.000,0.0053,-0.000,nan,0.00,0,0,0,0,1,0.0000,0.159,0,0.022,0,-0.411,2,0,,,FLYING,1,0,0,0.000,0,-1,0
1785733914.544,10.881,5.345,80.277,0.9778,0,0.881,0.655,0.000,0.2064,nan,nan,nan,0.000,0.000,10.000,0.0000,-1.5000,-14.481,-14.481,-33.053,19.020,1.000,6.000,0.0053,-0.000,nan,0.00,0,0,0,0,1,0.0000,0.159,0,0.023,0,-0.409,0,0,,,FLYING,1,0,0,0.000,0,-1,0
1785733914.582,10.881,5.345,80.277,0.9778,0,0.881,0.655,0.000,0.2064,nan,nan,nan,0.000,0.000,10.000,0.0000,-1.5000,-14.481,-14.481,-33.053,19.020,1.000,6.000,0.0053,-0.000,nan,0.00,0,0,0,0,1,0.0000,0.159,0,0.023,0,-0.409,2,0,,,FLYING,1,0,0,0.000,0,-1,1
1785733914.612,10.866,5.331,80.521,0.9778,0,0.866,0.669,0.000,0.2064,nan,nan,nan,0.000,0.000,10.000,0.0000,-1.5000,-14.616,-14.616,-33.044,18.957,1.000,6.000,0.0053,-0.000,nan,0.00,0,0,0,0,1,0.0000,0.163,0,0.032,0,-0.399,0,0,,,FLYING,1,0,0,0.000,0,-1,0
1785733914.646,10.838,5.299,80.794,0.9780,0,0.838,0.701,0.000,0.2064,nan,nan,nan,0.000,0.000,10.000,0.0000,-1.5000,-14.760,-14.760,-33.034,18.876,1.000,6.000,0.0053,-0.000,nan,0.00,0,0,0,0,1,0.0000,0.163,0,0.034,0,-0.402,0,0,,,FLYING,1,0,0,0.000,0,-1,0
1785733914.691,10.822,5.291,81.128,0.9780,0,0.822,0.709,0.000,0.2063,nan,nan,nan,0.000,0.000,10.000,0.0000,-1.5000,-14.934,-14.934,-33.022,18.795,1.000,6.000,0.0053,-0.000,nan,0.00,0,0,0,0,1,0.0000,0.163,0,0.034,0,-0.402,3,0,,,FLYING,1,0,0,0.000,0,-1,0
1785733914.729,10.796,5.283,81.444,0.9781,0,0.796,0.717,0.000,0.2063,nan,nan,nan,0.000,0.000,10.000,0.0000,-1.5000,-15.089,-15.089,-33.011,18.717,1.000,6.000,0.0053,-0.000,nan,0.00,0,0,0,0,1,0.0000,0.165,0,0.037,0,-0.390,0,0,,,FLYING,1,0,0,0.000,0,-1,0
1785733914.767,10.769,5.273,81.753,0.9782,0,0.769,0.727,0.000,0.2063,nan,nan,nan,0.000,0.000,10.000,0.0000,-1.5000,-15.242,-15.242,-33.001,18.637,1.000,6.000,0.0053,-0.000,nan,0.00,0,0,0,0,1,0.0000,0.163,0,0.033,0,-0.401,0,0,,,FLYING,1,0,0,0.000,0,-1,0
1785733914.817,10.741,5.266,82.044,0.9783,0,0.741,0.734,0.000,0.2063,nan,nan,nan,0.000,0.000,10.000,0.0000,-1.5000,-15.386,-15.386,-32.992,18.562,1.000,6.000,0.0053,-0.000,nan,0.00,0,0,0,0,1,0.0000,0.163,0,0.033,0,-0.401,2,0,,,FLYING,1,0,0,0.000,0,-1,1
1785733914.852,10.635,5.376,82.552,0.9785,0,0.635,0.624,0.000,0.2062,nan,nan,nan,0.000,0.000,10.000,0.0000,-1.5000,-15.607,-15.607,-32.978,18.491,1.000,6.000,0.0053,-0.000,nan,0.00,0,0,0,0,1,0.0000,0.164,0,0.035,0,-0.393,0,0,,,FLYING,1,0,0,0.000,0,-1,0
1785733914.900,10.583,5.425,82.811,0.9786,0,0.583,0.575,0.000,0.2062,nan,nan,nan,0.000,0.000,10.000,0.0000,-1.5000,-15.719,-15.719,-32.971,18.447,1.000,6.000,0.0053,-0.000,nan,0.00,0,0,0,0,1,0.0000,0.164,0,0.035,0,-0.393,0,0,,,FLYING,1,0,0,0.000,0,-1,0
1785733914.947,10.500,5.521,83.311,0.9787,0,0.500,0.479,0.000,0.2062,nan,nan,nan,0.000,0.000,10.000,0.0000,-1.5000,-15.958,-15.958,-32.956,18.352,1.000,6.000,0.0053,-0.000,nan,0.00,0,0,0,0,1,0.0000,0.164,0,0.035,0,-0.393,0,0,,,FLYING,1,0,0,0.000,0,-1,0
1785733914.979,10.500,5.521,83.311,0.9787,0,-1.000,0.479,-1.500,0.2062,4.000,2.717,0.000,0.233,25.000,14.000,-0.0000,-1.5000,-15.958,-15.958,-32.956,18.352,1.200,6.000,0.0053,-0.000,nan,0.00,0,1,0,1,1,0.0000,0.167,0,0.043,0,-0.378,0,0,blueline,,BLUELINE,1,0,0,0.000,0,-1,0
1785733915.016,10.461,5.567,83.551,0.9787,0,0.461,0.433,0.000,0.2062,nan,nan,nan,0.000,0.000,10.000,0.0000,-1.5000,-16.074,-16.074,-32.947,18.303,1.000,6.000,0.0053,-0.000,nan,0.00,0,0,0,0,1,0.0000,0.167,0,0.043,0,-0.378,3,0,,,FLYING,1,0,0,0.000,0,-1,0
1785733915.057,10.538,5.696,84.219,0.9783,0,0.538,0.304,0.000,0.2063,nan,nan,nan,0.000,0.000,10.000,0.0000,-1.5000,-16.446,-16.446,-32.928,18.180,1.000,6.000,0.0053,-0.000,nan,0.00,0,0,0,0,1,0.0000,0.169,0,0.046,0,-0.367,0,0,,,FLYING,1,0,0,0.000,0,-1,0
1785733915.088,10.538,5.696,84.219,0.9783,0,0.538,0.304,0.000,0.2063,nan,nan,nan,0.000,0.000,10.000,0.0000,-1.5000,-16.446,-16.446,-32.928,18.180,1.000,6.000,0.0053,-0.000,nan,0.00,0,0,0,0,1,0.0000,0.169,0,0.046,0,-0.367,0,0,,,FLYING,1,0,0,0.000,0,-1,0
1785733915.126,10.485,5.715,84.436,0.9784,0,0.485,0.285,0.000,0.2063,nan,nan,nan,0.000,0.000,10.000,0.0000,-1.5000,-16.554,-16.554,-32.918,18.116,1.000,6.000,0.0053,-0.000,nan,0.00,0,0,0,0,1,0.0000,0.169,0,0.046,0,-0.367,3,0,,,FLYING,1,0,0,0.000,0,-1,1
1785733915.164,10.442,5.731,84.634,0.9785,0,0.442,0.269,0.000,0.2062,nan,nan,nan,0.000,0.000,10.000,0.0000,-1.5000,-16.659,-16.659,-32.909,18.055,1.000,6.000,0.0053,-0.000,nan,0.00,0,0,0,0,1,0.0000,0.170,0,0.050,0,-0.347,0,0,,,FLYING,1,0,0,0.000,0,-1,0
1785733915.206,10.407,5.762,84.866,0.9786,0,0.407,0.238,0.000,0.2062,nan,nan,nan,0.000,0.000,10.000,0.0000,-1.5000,-16.778,-16.778,-32.900,17.994,1.000,6.000,0.0053,-0.000,nan,0.00,0,0,0,0,1,0.0000,0.171,0,0.052,0,-0.341,0,0,,,FLYING,1,0,0,0.000,0,-1,1
1785733915.250,10.375,5.793,85.089,0.9786,0,0.375,0.207,0.000,0.2062,nan,nan,nan,0.000,0.000,10.000,0.0000,-1.5000,-16.895,-16.895,-32.889,17.935,1.000,6.000,0.0053,-0.000,nan,0.00,0,0,0,0,1,0.0000,0.171,0,0.052,0,-0.341,2,0,,,FLYING,1,0,0,0.000,0,-1,0
1785733915.290,10.321,5.808,85.557,0.9788,0,0.321,0.192,0.000,0.2062,nan,nan,nan,0.000,0.000,10.000,0.0000,-1.5000,-17.158,-17.158,-32.867,17.780,1.000,6.000,0.0053,-0.000,nan,0.00,0,0,0,0,1,0.0000,0.173,0,0.056,0,-0.331,0,0,,,FLYING,1,0,0,0.000,0,-1,0
1785733915.332,10.321,5.808,85.557,0.9788,0,0.321,0.192,0.000,0.2062,nan,nan,nan,0.000,0.000,10.000,0.0000,-1.5000,-17.158,-17.158,-32.867,17.780,1.000,6.000,0.0053,-0.000,nan,0.00,0,0,0,0,1,0.0000,0.173,0,0.056,0,-0.331,0,0,,,FLYING,1,0,0,0.000,0,-1,0
1785733915.376,10.285,5.832,85.996,0.9788,0,0.285,0.168,0.000,0.2062,nan,nan,nan,0.000,0.000,10.000,0.0000,-1.5000,-17.413,-17.413,-32.846,17.636,1.000,6.000,0.0053,-0.000,nan,0.00,0,0,0,0,1,0.0000,0.283,0,0.096,0,-0.309,0,0,,,FLYING,1,0,0,0.000,0,-1,0
1785733915.423,10.268,5.847,86.187,0.9789,0,0.268,0.153,0.000,0.2062,nan,nan,nan,0.000,0.000,10.000,0.0000,-1.5000,-17.526,-17.526,-32.836,17.574,1.000,6.000,0.0053,-0.000,nan,0.00,0,0,0,0,1,0.0000,0.283,0,0.096,0,-0.309,2,0,,,FLYING,1,0,0,0.000,0,-1,0
1785733915.461,10.250,5.848,86.400,0.9789,0,0.250,0.152,0.000,0.2062,nan,nan,nan,0.000,0.000,10.000,0.0000,-1.5000,-17.655,-17.655,-32.825,17.494,1.000,6.000,0.0053,-0.000,nan,0.00,0,0,0,0,1,0.0000,0.283,0,0.097,0,-0.304,0,0,,,FLYING,1,0,0,0.000,0,-1,0
1785733915.492,10.238,5.858,86.599,0.9789,0,0.238,0.142,0.000,0.2062,nan,nan,nan,0.000,0.000,10.000,0.0000,-1.5000,-17.775,-17.775,-32.815,17.426,1.000,6.000,0.0053,-0.000,nan,0.00,0,0,0,0,1,0.0000,0.283,0,0.097,0,-0.304,0,0,,,FLYING,1,0,0,0.000,0,-1,0
1785733915.535,10.227,5.860,86.811,0.9790,0,0.227,0.140,0.000,0.2061,nan,nan,nan,0.000,0.000,10.000,0.0000,-1.5000,-17.908,-17.908,-32.804,17.346,1.000,6.000,0.0053,-0.000,nan,0.00,0,0,0,0,1,0.0000,0.283,0,0.097,0,-0.304,3,0,,,FLYING,1,0,0,0.000,0,-1,1
1785733915.574,10.219,5.869,87.002,0.9790,0,0.219,0.131,0.000,0.2061,nan,nan,nan,0.000,0.000,10.000,0.0000,-1.5000,-18.028,-18.028,-32.793,17.278,1.000,6.000,0.0053,-0.000,nan,0.00,0,0,0,0,1,0.0000,0.285,0,0.101,0,-0.290,0,0,,,FLYING,1,0,0,0.000,0,-1,0
1785733915.627,10.201,5.871,87.396,0.9790,0,0.201,0.129,0.000,0.2061,nan,nan,nan,0.000,0.000,10.000,0.0000,-1.5000,-18.278,-18.278,-32.772,17.125,1.000,6.000,0.0053,-0.000,nan,0.00,0,0,0,0,1,0.0000,0.287,0,0.104,0,-0.286,0,0,,,FLYING,1,0,0,0.000,0,-1,0
1785733915.683,10.190,5.876,87.786,0.9791,0,0.190,0.124,0.000,0.2061,nan,nan,nan,0.000,0.000,10.000,0.0000,-1.5000,-18.533,-18.533,-32.750,16.972,1.000,6.000,0.0053,-0.000,nan,0.00,0,0,0,0,1,0.0000,0.287,0,0.104,0,-0.286,0,0,,,FLYING,1,0,0,0.000,0,-1,0
1785733915.714,10.190,5.876,87.786,0.9791,0,-1.310,0.124,-1.500,0.2061,4.000,2.469,0.000,0.233,25.000,14.000,-0.0000,-1.5000,-18.533,-18.533,-32.750,16.972,1.200,6.000,0.0053,-0.000,nan,0.00,0,1,0,1,1,0.0000,0.289,0,0.106,0,-0.281,0,0,blueline,,BLUELINE,1,0,0,0.000,0,-1,0
1785733915.756,10.185,5.882,87.983,0.9791,0,0.185,0.118,0.000,0.2061,nan,nan,nan,0.000,0.000,10.000,0.0000,-1.5000,-18.665,-18.665,-32.738,16.895,1.000,6.000,0.0053,-0.000,nan,0.00,0,0,0,0,1,0.0000,0.289,0,0.106,0,-0.281,3,0,,,FLYING,1,0,0,0.000,0,-1,0
1785733915.792,10.278,5.908,88.279,0.9787,0,0.278,0.092,0.000,0.2062,nan,nan,nan,0.000,0.000,10.000,0.0000,-1.5000,-18.869,-18.869,-32.727,16.803,1.000,6.000,0.0053,-0.000,nan,0.00,0,0,0,0,1,0.0000,0.290,0,0.108,0,-0.280,0,0,,,FLYING,1,0,0,0.000,0,-1,0
1785733915.824,10.306,5.932,88.561,0.9786,0,0.306,0.068,0.000,0.2062,nan,nan,nan,0.000,0.000,10.000,0.0000,-1.5000,-19.041,-19.041,-32.715,16.710,1.000,6.000,0.0053,-0.000,nan,0.00,0,0,0,0,1,0.0000,0.290,0,0.108,0,-0.280,0,0,,,FLYING,1,0,0,0.000,0,-1,0
1785733915.864,10.299,5.947,88.680,0.9786,0,0.299,0.053,0.000,0.2062,nan,nan,nan,0.000,0.000,10.000,0.0000,-1.5000,-19.136,-19.136,-32.705,16.659,1.000,6.000,0.0053,-0.000,nan,0.00,0,0,0,0,1,0.0000,0.290,0,0.108,0,-0.280,3,0,,,FLYING,1,0,0,0.000,0,-1,1
1785733915.897,10.281,5.961,88.799,0.9786,0,0.281,0.039,0.000,0.2062,nan,nan,nan,0.000,0.000,10.000,0.0000,-1.5000,-19.225,-19.225,-32.695,16.609,1.000,6.000,0.0053,-0.000,nan,0.00,0,0,0,0,1,0.0000,0.293,0,0.113,0,-0.279,0,0,,,FLYING,1,0,0,0.000,0,-1,1
1785733915.931,10.264,5.966,88.947,0.9787,0,0.264,0.034,0.000,0.2062,nan,nan,nan,0.000,0.000,10.000,0.0000,-1.5000,-19.329,-19.329,-32.684,16.544,1.000,6.000,0.0053,-0.000,nan,0.00,0,0,0,0,1,0.0000,0.293,0,0.113,0,-0.279,0,0,,,FLYING,1,0,0,0.000,0,-1,0
1785733915.962,10.254,5.979,89.128,0.9787,0,0.254,0.021,0.000,0.2062,nan,nan,nan,0.000,0.000,10.000,0.0000,-1.5000,-19.456,-19.456,-32.671,16.471,1.000,6.000,0.0053,-0.000,nan,0.00,0,0,0,0,1,0.0000,0.293,0,0.113,0,-0.279,0,0,,,FLYING,1,0,0,0.000,0,-1,0
1785733915.995,10.243,5.987,89.290,0.9787,0,-1.246,0.013,-1.500,0.2062,4.000,2.471,0.000,0.233,25.000,14.000,-0.0000,-1.5000,-19.573,-19.573,-32.658,16.402,1.200,6.000,0.0053,-0.000,nan,0.00,0,1,0,1,1,0.0000,0.295,0,0.117,0,-0.274,0,0,blueline,,BLUELINE,1,0,0,0.000,0,-1,0
1785733916.026,10.329,5.992,89.572,0.9784,0,-2.746,0.008,-3.000,0.2063,4.000,2.471,0.000,0.233,25.000,14.000,-0.2012,-1.5000,-19.774,-19.774,-32.646,16.296,1.200,6.000,0.0053,-0.000,nan,0.00,0,1,0,0,1,0.0000,0.295,0,0.117,0,-0.274,0,0,blueline,,BLUELINE,1,0,0,0.000,0,-1,0
1785733916.073,10.329,5.992,89.572,0.9784,0,-3.671,0.008,-4.500,0.2063,4.000,2.471,0.000,0.233,25.000,14.000,-0.2012,-1.5000,-19.774,-19.774,-32.646,16.296,1.200,6.000,0.0053,-0.000,nan,0.00,0,1,0,0,1,0.0000,0.295,0,0.117,0,-0.274,0,0,blueline,,BLUELINE,1,0,0,0.000,0,-1,0
1785733916.128,10.992,6.208,90.579,0.9759,0,-3.008,-0.208,-6.000,0.2068,4.000,2.443,0.000,0.233,25.000,14.000,-0.0000,-1.5000,-20.501,-20.501,-32.624,16.070,1.200,6.000,0.0053,-0.000,nan,0.00,0,1,0,1,1,0.0000,0.299,0,0.123,0,-0.263,0,0,blueline,,BLUELINE,1,0,0,0.000,0,-1,0
1785733916.168,11.347,6.339,91.168,0.9745,0,-2.653,-0.339,-7.500,0.2071,4.000,2.446,0.000,0.233,25.000,14.000,-0.0000,-1.5000,-20.882,-20.882,-32.613,15.942,1.200,6.000,0.0053,-0.000,nan,0.00,0,1,0,1,1,0.0000,0.298,0,0.122,0,-0.269,0,0,blueline,,BLUELINE,1,0,0,0.000,0,-1,0
1785733916.198,11.678,6.482,91.833,0.9730,0,-2.322,-0.482,-9.000,0.2074,4.000,2.446,0.000,0.233,25.000,14.000,-0.3831,-1.5000,-21.266,-21.266,-32.602,15.797,1.200,6.000,0.0053,-0.000,nan,0.00,0,1,0,0,1,0.0000,0.298,0,0.122,0,-0.269,0,0,blueline,,BLUELINE,1,0,0,0.000,0,-1,0
1785733916.237,12.029,6.654,92.587,0.9715,0,-0.822,-0.654,-7.500,0.2077,nan,nan,nan,0.000,0.000,10.000,0.0000,-1.5000,-21.673,-21.673,-32.590,15.641,1.000,6.000,0.0053,-0.000,nan,0.00,0,0,0,0,1,0.0000,0.298,0,0.122,0,-0.269,2,0,,,FLYING,1,0,0,0.000,0,-1,0
1785733916.277,12.220,6.791,93.234,0.9705,0,0.678,-0.791,-6.000,0.2079,nan,nan,nan,0.000,0.000,10.000,0.0000,-1.5000,-21.978,-21.978,-32.576,15.494,1.000,6.000,0.0053,-0.000,nan,0.00,0,0,0,0,1,0.0000,0.298,0,0.122,0,-0.247,0,0,,,FLYING,1,0,0,0.000,0,-1,0
1785733916.324,12.236,6.872,93.669,0.9703,0,-0.822,-0.872,-7.500,0.2080,4.000,2.284,0.000,0.233,25.000,14.000,-0.0000,-1.5000,-22.154,-22.154,-32.561,15.376,1.200,6.000,0.0053,-0.000,nan,0.00,0,1,0,1,1,0.0000,0.318,0,0.156,0,-0.247,0,0,blueline,,BLUELINE,1,0,0,0.000,0,-1,0
1785733916.361,12.320,6.962,94.126,0.9698,0,0.678,-0.962,-6.000,0.2081,nan,nan,nan,0.000,0.000,10.000,0.0000,-1.5000,-22.366,-22.366,-32.547,15.256,1.000,6.000,0.0053,-0.000,nan,0.00,0,0,0,0,1,0.0000,0.318,0,0.156,0,-0.247,1,0,,,FLYING,1,0,0,0.000,0,-1,0
1785733916.408,12.377,7.053,94.571,0.9694,0,2.178,-1.053,-4.500,0.2082,nan,nan,nan,0.000,0.000,10.000,0.0000,-1.5000,-22.559,-22.559,-32.532,15.137,1.000,6.000,0.0053,-0.000,nan,0.00,0,0,0,0,1,0.0000,0.294,0,0.115,0,-0.192,0,0,,,FLYING,1,0,0,0.000,0,-1,0
1785733916.448,12.233,7.086,94.846,0.9698,0,0.678,-1.086,-6.000,0.2081,4.000,1.958,0.000,0.233,25.000,14.000,-0.0000,-1.5000,-22.632,-22.632,-32.514,15.029,1.200,6.000,0.0053,-0.000,nan,0.00,0,1,0,1,1,0.0000,0.445,0,0.181,0,-0.194,0,0,blueline,,BLUELINE,1,0,0,0.000,0,-1,0
1785733916.506,12.171,7.141,95.176,0.9699,0,2.171,-1.141,-4.500,0.2081,nan,nan,nan,0.000,0.000,10.000,0.0000,-1.5000,-22.761,-22.761,-32.498,14.912,1.000,6.000,0.0053,-0.000,nan,0.00,0,0,0,0,1,0.0000,0.294,0,0.115,0,-0.142,0,0,,,FLYING,1,0,0,0.000,0,-1,1
1785733916.548,12.042,7.243,95.800,0.9702,0,2.042,-1.243,-3.000,0.2080,nan,nan,nan,0.000,0.000,10.000,0.0000,-1.5000,-22.989,-22.989,-32.465,14.686,1.000,6.000,0.0053,-0.000,nan,0.00,0,0,0,0,1,0.0000,0.294,0,0.115,0,-0.142,1,0,,,FLYING,1,0,0,0.000,0,-1,0
1785733916.573,12.042,7.243,95.800,0.9702,0,2.042,-1.243,-1.500,0.2080,nan,nan,nan,0.000,0.000,10.000,0.0000,-1.5000,-22.989,-22.989,-32.465,14.686,1.000,6.000,0.0053,-0.000,nan,0.00,0,0,0,0,1,0.0000,0.294,0,0.115,0,-0.126,0,0,,,FLYING,1,0,0,0.000,0,-1,0
1785733916.605,11.872,7.250,95.899,0.9708,0,1.872,-1.250,0.000,0.2079,nan,nan,nan,0.000,0.000,10.000,0.0000,-1.5000,-23.013,-23.013,-32.449,14.614,1.000,6.000,0.0053,-0.000,nan,0.00,0,0,0,0,1,0.0000,0.294,0,0.115,0,-0.126,0,0,,,FLYING,1,0,0,0.000,0,-1,0
1785733916.659,16.329,6.183,88.375,0.9541,0,3.372,-0.183,0.000,0.2115,nan,nan,nan,0.000,0.000,10.000,0.0000,-1.5000,-23.632,-23.632,-32.460,16.097,1.000,6.000,0.0053,-0.000,nan,0.00,0,0,0,0,1,0.0000,0.294,0,0.115,0,-0.126,3,0,,,FLYING,1,0,0,0.000,0,-1,1
1785733916.703,14.563,7.667,88.278,0.9592,0,4.563,-1.667,0.000,0.2104,nan,nan,nan,0.000,0.000,10.000,0.0000,-1.5000,-22.773,-22.773,-32.542,16.834,1.000,6.000,0.0053,-0.000,nan,0.00,0,0,0,0,1,0.0000,0.306,0,0.134,0,-0.147,2,0,,,FLYING,1,0,0,0.000,0,-1,0
1785733916.749,14.876,7.069,90.509,0.9591,0,3.063,-1.069,-1.500,0.2104,4.000,2.072,0.000,0.233,25.000,14.000,-0.0000,-1.5000,-23.463,-23.463,-32.568,15.823,1.200,6.000,0.0053,-0.000,nan,0.00,0,1,0,1,1,0.0000,0.305,0,0.134,0,-0.144,1,1,track,,TRACK,1,0,0,0.000,0,-1,0
1785733916.789,14.028,7.428,89.733,0.9620,0,1.563,-1.428,-3.000,0.2098,4.000,2.072,0.000,0.233,25.000,13.860,0.6198,-1.5000,-22.843,-22.843,-32.442,16.059,1.200,6.000,0.0053,-0.000,nan,8.00,0,1,0,0,1,0.9946,0.500,1,0.299,0,-0.308,0,0,track,,TRACK,1,0,0,0.000,0,-1,0
1785733916.821,14.028,7.428,89.733,0.9620,0,0.168,-1.428,-4.500,0.2098,4.000,2.072,0.000,0.233,25.000,13.860,0.6198,-1.5000,-22.843,-22.843,-32.442,16.059,1.200,6.000,0.0053,-0.000,nan,8.00,0,1,0,0,1,0.9946,0.500,1,0.299,0,-0.308,0,0,track,,TRACK,1,0,0,0.000,0,-1,0
1785733916.850,14.151,7.271,90.381,0.9619,0,0.151,-1.271,-6.000,0.2098,4.000,1.985,0.000,0.233,25.000,14.000,-0.0000,-1.5000,-22.941,-22.941,-32.296,15.741,1.200,6.000,0.0053,-0.000,nan,0.00,0,1,0,1,1,0.0000,0.462,0,0.202,0,-0.313,0,1,blueline,,BLUELINE,1,0,0,0.000,0,-1,0
1785733916.887,14.238,7.118,90.990,0.9618,0,0.238,-1.118,-7.500,0.2098,4.000,2.490,0.000,0.233,25.000,14.000,-0.0000,-1.5000,-23.018,-23.018,-32.051,15.438,1.200,6.000,0.0053,-0.000,nan,0.00,0,1,0,1,1,0.0000,0.462,0,0.202,0,-0.313,2,1,track,,TRACK,1,0,0,0.000,0,-1,0
1785733916.935,11.566,6.294,90.749,0.9738,0,-1.262,-0.294,-9.000,0.2072,4.000,2.508,0.000,0.233,25.000,14.000,-0.0000,-1.5000,-22.022,-22.022,-32.076,15.037,1.200,6.000,0.0053,-0.000,nan,0.00,0,1,0,1,1,0.0000,0.460,0,0.200,0,-0.300,2,0,track,,TRACK,1,0,0,0.000,0,-1,0
1785733916.984,12.421,6.432,91.198,0.9704,0,-1.579,-0.432,-10.500,0.2080,4.000,2.461,0.000,0.233,25.000,14.000,-0.0000,-1.5000,-22.789,-22.789,-32.175,14.963,1.200,6.000,0.0053,-0.000,nan,0.00,0,1,0,1,1,0.0000,0.457,0,0.196,0,-0.296,2,0,track,,TRACK,1,0,0,0.000,0,-1,0
1785733917.024,12.477,6.519,91.655,0.9701,0,-1.523,-0.519,-12.000,0.2080,4.000,2.461,0.000,0.233,25.000,14.000,-0.4511,-1.5000,-23.240,-23.240,-32.316,14.869,1.200,6.000,0.0053,-0.000,nan,0.00,0,1,0,0,1,0.0000,0.455,0,0.194,0,-0.296,0,0,track,,TRACK,1,0,0,0.000,0,-1,0
1785733917.063,12.642,6.621,92.234,0.9693,0,-0.023,-0.621,-10.500,0.2082,nan,nan,nan,0.000,0.000,10.000,0.0000,-1.5000,-23.786,-23.786,-32.479,14.753,1.000,6.000,0.0053,-0.000,nan,0.00,0,0,0,0,1,0.0000,0.455,0,0.194,0,-0.296,2,0,,,FLYING,1,0,0,0.000,0,-1,0
1785733917.104,12.780,6.740,92.758,0.9685,0,1.477,-0.740,-9.000,0.2084,nan,nan,nan,0.000,0.000,10.000,0.0000,-1.5000,-24.299,-24.299,-32.646,14.665,1.000,6.000,0.0053,-0.000,nan,0.00,0,0,0,0,1,0.0000,0.310,0,0.142,0,-0.308,0,0,,,FLYING,1,0,0,0.000,0,-1,0
1785733917.134,12.696,6.816,93.158,0.9687,0,-0.023,-0.816,-10.500,0.2083,4.000,2.122,0.000,0.233,25.000,14.000,-0.0000,-1.5000,-24.454,-24.454,-32.623,14.580,1.200,6.000,0.0053,-0.000,nan,0.00,0,1,0,1,1,0.0000,0.312,0,0.145,0,-0.306,0,1,blueline,,BLUELINE,1,0,0,0.000,0,-1,0
1785733917.165,12.696,6.816,93.158,0.9687,0,-1.304,-0.816,-12.000,0.2083,4.000,2.122,0.000,0.233,25.000,14.000,0.0000,-1.5000,-24.454,-24.454,-32.623,14.580,1.200,6.000,0.0053,-0.000,nan,0.00,0,1,0,0,1,0.0000,0.312,0,0.145,0,-0.306,0,0,blueline,,BLUELINE,1,0,0,0.000,0,-1,0
1785733917.197,12.749,6.919,93.649,0.9682,0,-1.251,-0.919,-12.000,0.2084,4.000,2.122,0.000,0.233,25.000,14.000,-0.2453,-1.5000,-24.699,-24.699,-32.599,14.471,1.200,6.000,0.0053,-0.000,nan,0.00,0,1,0,0,1,0.0000,0.312,0,0.145,0,-0.306,0,0,blueline,,BLUELINE,1,0,0,0.000,0,-1,0
1785733917.235,13.006,7.080,94.312,0.9669,0,0.249,-1.080,-10.500,0.2087,nan,nan,nan,0.000,0.000,10.000,0.0000,-1.5000,-25.053,-25.053,-32.581,14.323,1.000,6.000,0.0053,-0.000,nan,0.00,0,0,0,0,1,0.0000,0.312,0,0.145,0,-0.306,4,0,,,FLYING,1,0,0,0.000,0,-1,0
1785733917.286,13.119,7.197,94.826,0.9662,0,1.749,-1.197,-9.000,0.2089,nan,nan,nan,0.000,0.000,10.000,0.0000,-1.5000,-25.290,-25.290,-32.564,14.192,1.000,6.000,0.0053,-0.000,nan,0.00,0,0,0,0,1,0.0000,0.319,0,0.157,0,-0.258,1,0,,,FLYING,1,0,0,0.000,0,-1,1
1785733917.321,13.131,7.271,95.217,0.9660,0,3.131,-1.271,-7.500,0.2089,nan,nan,nan,0.000,0.000,10.000,0.0000,-1.5000,-25.458,-25.458,-32.549,14.068,1.000,6.000,0.0053,-0.000,nan,0.00,0,0,0,0,1,0.0000,0.320,0,0.159,0,-0.243,0,0,,,FLYING,1,0,0,0.000,0,-1,0
1785733917.348,13.031,7.321,95.516,0.9663,0,3.031,-1.321,-6.000,0.2088,nan,nan,nan,0.000,0.000,10.000,0.0000,-1.5000,-25.561,-25.561,-32.534,13.954,1.000,6.000,0.0053,-0.000,nan,0.00,0,0,0,0,1,0.0000,0.320,0,0.159,0,-0.243,0,0,,,FLYING,1,0,0,0.000,0,-1,0
1785733917.383,12.749,7.336,95.621,0.9674,0,2.749,-1.336,-4.500,0.2086,nan,nan,nan,0.000,0.000,10.000,0.0000,-1.5000,-25.550,-25.550,-32.516,13.883,1.000,6.000,0.0053,-0.000,nan,0.00,0,0,0,0,1,0.0000,0.320,0,0.159,0,-0.243,0,0,,,FLYING,1,0,0,0.000,0,-1,0
1785733917.421,12.444,7.349,95.717,0.9685,0,1.249,-1.349,-6.000,0.2084,4.000,1.937,0.000,0.233,25.000,14.000,-0.0000,-1.5000,-25.523,-25.523,-32.498,13.813,1.200,6.000,0.0053,-0.000,nan,0.00,0,1,0,1,1,0.0000,0.445,0,0.182,0,-0.187,0,1,track,,TRACK,1,0,0,0.000,0,-1,0
1785733917.471,12.153,7.363,95.807,0.9695,0,2.153,-1.363,-4.500,0.2082,nan,nan,nan,0.000,0.000,10.000,0.0000,-1.5000,-25.503,-25.503,-32.482,13.746,1.000,6.000,0.0053,-0.000,nan,0.00,0,0,0,0,1,0.0000,0.445,0,0.182,0,-0.187,1,0,,,FLYING,1,0,0,0.000,0,-1,0
1785733917.533,11.949,7.375,95.889,0.9702,0,1.949,-1.375,-3.000,0.2080,nan,nan,nan,0.000,0.000,10.000,0.0000,-1.5000,-25.528,-25.528,-32.464,13.675,1.000,6.000,0.0053,-0.000,nan,0.00,0,0,0,0,1,0.0000,0.294,0,0.115,0,-0.144,3,0,,,FLYING,1,0,0,0.000,0,-1,0
1785733917.569,11.679,7.387,95.968,0.9712,0,1.679,-1.387,-1.500,0.2078,nan,nan,nan,0.000,0.000,10.000,0.0000,-1.5000,-25.527,-25.527,-32.446,13.600,1.000,6.000,0.0053,-0.000,nan,0.00,0,0,0,0,1,0.0000,0.292,0,0.112,0,-0.126,0,0,,,FLYING,1,0,0,0.000,0,-1,0
1785733917.600,11.402,7.392,95.997,0.9721,0,1.402,-1.392,0.000,0.2076,nan,nan,nan,0.000,0.000,10.000,0.0000,-1.5000,-25.511,-25.511,-32.427,13.537,1.000,6.000,0.0053,-0.000,nan,0.00,0,0,0,0,1,0.0000,0.292,0,0.112,0,-0.126,0,0,,,FLYING,1,0,0,0.000,0,-1,0
1785733917.633,11.104,7.391,95.988,0.9731,0,1.104,-1.391,0.000,0.2074,nan,nan,nan,0.000,0.000,10.000,0.0000,-1.5000,-25.481,-25.481,-32.406,13.477,1.000,6.000,0.0053,-0.000,nan,0.00,0,0,0,0,1,0.0000,0.292,0,0.112,0,-0.126,0,0,,,FLYING,1,0,0,0.000,0,-1,0
1785733917.672,11.104,7.391,95.988,0.9731,0,1.104,-1.391,0.000,0.2074,nan,nan,nan,0.000,0.000,10.000,0.0000,-1.5000,-25.481,-25.481,-32.406,13.477,1.000,6.000,0.0053,-0.000,nan,0.00,0,0,0,0,1,0.0000,0.292,0,0.112,0,-0.126,4,0,,,FLYING,1,0,0,0.000,0,-1,1
1785733917.720,10.860,7.387,95.966,0.9739,0,0.860,-1.387,0.000,0.2072,nan,nan,nan,0.000,0.000,10.000,0.0000,-1.5000,-25.469,-25.469,-32.386,13.418,1.000,6.000,0.0053,-0.000,nan,0.00,0,0,0,0,1,0.0000,0.308,0,0.138,0,-0.154,1,0,,,FLYING,1,0,0,0.000,0,-1,0
1785733917.760,10.438,7.372,95.896,0.9753,0,0.438,-1.372,0.000,0.2069,nan,nan,nan,0.000,0.000,10.000,0.0000,-1.5000,-25.467,-25.467,-32.349,13.288,1.000,6.000,0.0053,-0.000,nan,0.00,0,0,0,0,1,0.0000,0.308,0,0.139,0,-0.153,0,0,,,FLYING,1,0,0,0.000,0,-1,0
1785733917.798,10.438,7.372,95.896,0.9753,0,0.438,-1.372,0.000,0.2069,nan,nan,nan,0.000,0.000,10.000,0.0000,-1.5000,-25.467,-25.467,-32.349,13.288,1.000,6.000,0.0053,-0.000,nan,0.00,0,0,0,0,1,0.0000,0.308,0,0.139,0,-0.153,2,0,,,FLYING,1,0,0,0.000,0,-1,1
1785733917.860,10.174,7.348,95.805,0.9762,0,0.174,-1.348,0.000,0.2067,nan,nan,nan,0.000,0.000,10.000,0.0000,-1.5000,-25.523,-25.523,-32.315,13.149,1.000,6.000,0.0053,-0.000,nan,0.00,0,0,0,0,1,0.0000,0.311,0,0.143,0,-0.142,3,0,,,FLYING,1,0,0,0.000,0,-1,1
1785733917.896,10.083,7.335,95.758,0.9765,0,0.083,-1.335,0.000,0.2067,nan,nan,nan,0.000,0.000,10.000,0.0000,-1.5000,-25.548,-25.548,-32.301,13.094,1.000,6.000,0.0053,-0.000,nan,0.00,0,0,0,0,1,0.0000,0.313,0,0.147,0,-0.122,0,0,,,FLYING,1,0,0,0.000,0,-1,0
1785733917.940,10.006,7.319,95.702,0.9768,0,0.006,-1.319,0.000,0.2066,nan,nan,nan,0.000,0.000,10.000,0.0000,-1.5000,-25.582,-25.582,-32.287,13.037,1.000,6.000,0.0053,-0.000,nan,0.00,0,0,0,0,1,0.0000,0.313,0,0.147,0,-0.122,2,0,,,FLYING,1,0,0,0.000,0,-1,1
1785733917.999,9.904,7.279,95.571,0.9772,0,-0.096,-1.279,0.000,0.2065,nan,nan,nan,0.000,0.000,10.000,0.0000,-1.5000,-25.681,-25.681,-32.256,12.911,1.000,6.000,0.0053,-0.000,nan,0.00,0,0,0,0,1,0.0000,0.311,0,0.143,0,-0.127,2,0,,,FLYING,1,0,0,0.000,0,-1,0
1785733918.053,9.840,7.223,95.397,0.9775,0,-0.160,-1.223,0.000,0.2065,nan,nan,nan,0.000,0.000,10.000,0.0000,-1.5000,-25.797,-25.797,-32.223,12.785,1.000,6.000,0.0053,-0.000,nan,0.00,0,0,0,0,1,0.0000,0.309,0,0.139,0,-0.125,0,0,,,FLYING,1,0,0,0.000,0,-1,0
1785733918.090,9.831,7.191,95.301,0.9776,0,-0.169,-1.191,0.000,0.2064,nan,nan,nan,0.000,0.000,10.000,0.0000,-1.5000,-25.863,-25.863,-32.207,12.724,1.000,6.000,0.0053,-0.000,nan,0.00,0,0,0,0,1,0.0000,0.309,0,0.139,0,-0.121,0,0,,,FLYING,1,0,0,0.000,0,-1,0
1785733918.136,9.827,7.157,95.198,0.9776,0,-0.173,-1.157,0.000,0.2064,nan,nan,nan,0.000,0.000,10.000,0.0000,-1.5000,-25.930,-25.930,-32.190,12.665,1.000,6.000,0.0053,-0.000,nan,0.00,0,0,0,0,1,0.0000,0.309,0,0.139,0,-0.121,2,0,,,FLYING,1,0,0,0.000,0,-1,0
1785733918.201,9.828,7.112,95.066,0.9777,0,-0.172,-1.112,0.000,0.2064,nan,nan,nan,0.000,0.000,10.000,0.0000,-1.5000,-26.004,-26.004,-32.171,12.604,1.000,6.000,0.0053,-0.000,nan,0.00,0,0,0,0,1,0.0000,0.308,0,0.139,0,-0.117,2,0,,,FLYING,1,0,0,0.000,0,-1,1
1785733918.239,9.837,7.063,94.922,0.9778,0,-1.457,-1.063,-1.500,0.2064,4.000,1.400,0.000,0.667,19.290,14.000,-0.0861,-1.5000,-26.090,-26.090,-32.151,12.537,1.200,6.000,0.0053,-0.000,nan,0.00,1,1,0,0,1,0.0000,0.308,0,0.138,0,-0.114,0,1,search,,SEARCH,1,0,0,0.000,0,-1,0
1785733918.272,9.845,7.008,94.762,0.9779,0,-1.454,-1.008,-3.000,0.2064,4.000,1.400,0.000,0.667,19.290,14.000,-0.1637,-1.5000,-26.168,-26.168,-32.132,12.479,1.200,6.000,0.0053,-0.000,nan,0.00,1,1,0,0,1,0.0000,0.308,0,0.138,0,-0.114,0,0,search,,SEARCH,1,0,0,0.000,0,-1,0
1785733918.312,9.965,6.969,94.649,0.9776,0,-1.412,-0.969,-4.500,0.2064,4.000,1.400,0.000,0.667,19.290,14.000,-0.2918,-1.5000,-26.296,-26.296,-32.116,12.424,1.200,6.000,0.0053,-0.000,nan,0.00,1,1,0,0,1,0.0000,0.308,0,0.138,0,-0.108,0,0,search,,SEARCH,1,0,0,0.000,0,-1,1
1785733918.349,10.299,6.926,94.527,0.9767,0,-1.295,-0.926,-6.000,0.2066,4.000,1.400,0.000,0.667,19.290,14.000,-0.5906,-1.5000,-26.595,-26.595,-32.089,12.319,1.200,6.000,0.0053,-0.000,nan,0.00,1,1,0,0,1,0.0000,0.308,0,0.138,0,-0.108,0,0,search,,SEARCH,1,0,0,0.000,0,-1,0
1785733918.380,10.480,6.923,94.522,0.9761,0,-2.795,-0.923,-7.500,0.2067,4.000,1.664,0.000,0.233,22.588,14.000,-0.0000,-1.5000,-26.762,-26.762,-32.076,12.262,1.200,6.000,0.0053,-0.000,nan,0.00,0,1,0,1,1,0.0000,0.309,0,0.140,0,-0.094,0,1,blueline,,BLUELINE,1,0,0,0.000,0,-1,0
1785733918.422,10.728,6.928,94.542,0.9753,0,-1.295,-0.928,-6.000,0.2069,nan,nan,nan,0.000,0.000,10.000,0.0000,-1.5000,-26.964,-26.964,-32.065,12.206,1.000,6.000,0.0053,-0.000,nan,0.00,0,0,0,0,1,0.0000,0.177,0,0.069,0,-0.054,0,0,,,FLYING,1,0,0,0.000,0,-1,0
1785733918.459,11.095,6.939,94.580,0.9741,0,0.205,-0.939,-4.500,0.2072,nan,nan,nan,0.000,0.000,10.000,0.0000,-1.5000,-27.231,-27.231,-32.056,12.154,1.000,6.000,0.0053,-0.000,nan,0.00,0,0,0,0,1,0.0000,0.177,0,0.069,0,-0.054,0,0,,,FLYING,1,0,0,0.000,0,-1,0
1785733918.498,11.268,6.978,94.767,0.9735,0,1.268,-0.978,-3.000,0.2073,nan,nan,nan,0.000,0.000,10.000,0.0000,-1.5000,-27.337,-27.337,-32.056,12.104,1.000,6.000,0.0053,-0.000,nan,0.00,0,0,0,0,1,0.0000,0.177,0,0.069,0,-0.054,3,0,,,FLYING,1,0,0,0.000,0,-1,1
1785733918.538,14.484,4.815,100.095,0.9648,0,2.768,0.522,-1.500,0.2092,nan,nan,nan,0.000,0.000,10.000,0.0000,-1.5000,-29.643,-29.643,-32.120,8.890,1.000,6.000,0.0053,-0.000,nan,0.00,0,0,0,0,1,0.0000,0.176,0,0.065,0,-0.062,0,0,,,FLYING,1,0,0,0.000,0,-1,0
1785733918.569,13.436,4.551,97.665,0.9696,0,1.268,1.449,-3.000,0.2081,4.000,1.427,0.000,0.233,19.635,14.000,-0.0000,-1.5000,-28.955,-28.955,-32.183,9.694,1.200,6.000,0.0053,-0.000,nan,0.00,0,1,0,1,1,0.0000,0.177,0,0.067,0,-0.048,0,0,blueline,,BLUELINE,1,0,0,0.000,0,-1,0
1785733918.611,13.557,4.441,96.402,0.9692,0,2.768,1.559,-1.500,0.2082,nan,nan,nan,0.000,0.000,10.000,0.0000,-1.5000,-28.870,-28.870,-32.170,10.124,1.000,6.000,0.0053,-0.000,nan,0.00,0,0,0,0,1,0.0000,0.177,0,0.067,0,-0.048,2,0,,,FLYING,1,0,0,0.000,0,-1,0
1785733918.648,13.495,3.728,97.207,0.9703,0,3.495,2.272,0.000,0.2080,nan,nan,nan,0.000,0.000,10.000,0.0000,-1.5000,-28.973,-28.973,-32.078,9.426,1.000,6.000,0.0053,-0.000,nan,0.00,0,0,0,0,1,0.0000,0.086,0,0.056,0,-0.013,0,0,,,FLYING,1,0,0,0.000,0,-1,0
1785733918.678,13.414,2.994,98.112,0.9714,0,3.414,3.006,0.000,0.2078,nan,nan,nan,0.000,0.000,10.000,0.0000,-1.5000,-29.032,-29.032,-31.896,8.672,1.000,6.000,0.0053,-0.000,nan,0.00,0,0,0,0,1,0.0000,0.086,0,0.056,0,-0.013,0,0,,,FLYING,1,0,0,0.000,0,-1,0
1785733918.709,13.115,2.928,97.820,0.9726,0,1.914,3.072,-1.500,0.2075,4.000,0.600,0.000,0.233,8.528,14.000,-0.0000,-1.5000,-28.772,-28.772,-31.561,8.729,1.200,6.000,0.0053,-0.000,nan,0.00,0,1,0,1,1,0.0000,0.167,0,0.042,0,-0.055,0,0,blueline,,BLUELINE,1,0,0,0.000,0,-1,0
1785733918.740,13.115,2.928,97.820,0.9726,0,0.414,3.072,-3.000,0.2075,4.000,0.600,0.000,0.233,8.528,14.000,0.0000,-1.5000,-28.772,-28.772,-31.561,8.729,1.200,6.000,0.0053,-0.000,nan,0.00,0,1,0,0,1,0.0000,0.167,0,0.042,0,-0.055,0,0,blueline,,BLUELINE,1,0,0,0.000,0,-1,0
1785733918.794,12.969,2.765,98.171,0.9734,0,1.914,3.235,-1.500,0.2073,nan,nan,nan,0.000,0.000,10.000,0.0000,-1.5000,-28.584,-28.584,-31.064,8.469,1.000,6.000,0.0053,-0.000,nan,0.00,0,0,0,0,1,0.0000,0.167,0,0.042,0,-0.055,3,0,,,FLYING,1,0,0,0.000,0,-1,0
1785733918.842,12.063,6.398,98.975,0.9718,0,2.063,1.735,0.000,0.2077,nan,nan,nan,0.000,0.000,10.000,0.0000,-1.5000,-28.186,-28.186,-31.020,9.981,1.000,6.000,0.0053,-0.000,nan,0.00,0,0,0,0,0,0.0000,0.000,0,0.000,0,0.000,0,0,,,FLYING,1,0,0,0.000,0,-1,0
1785733918.881,12.315,6.021,98.828,0.9716,0,2.315,0.235,0.000,0.2077,nan,nan,nan,0.000,0.000,10.000,0.0000,-1.5000,-28.346,-28.346,-31.026,9.729,1.000,6.000,0.0053,-0.000,nan,0.00,0,0,0,0,0,0.0000,0.000,0,0.000,0,0.000,0,0,,,FLYING,1,0,0,0.000,0,0,0
1785733918.922,11.907,6.569,98.845,0.9721,0,1.907,-0.569,0.000,0.2076,nan,nan,nan,0.000,0.000,10.000,0.0000,-1.5000,-28.247,-28.247,-31.041,9.876,1.000,6.000,0.0053,-0.000,nan,0.00,0,0,0,0,0,0.0000,0.000,0,0.000,0,0.000,1,0,,,FLYING,1,0,0,0.000,0,-1,1
1785733918.964,11.468,7.511,98.920,0.9716,0,1.468,-1.511,0.000,0.2077,nan,nan,nan,0.000,0.000,10.000,0.0000,-1.5000,-28.183,-28.183,-31.071,10.169,1.000,6.000,0.0053,-0.000,nan,0.00,0,0,0,0,1,0.0000,0.174,0,0.061,0,-0.092,0,0,,,FLYING,1,0,0,0.000,0,-1,1
1785733918.993,11.223,7.950,98.858,0.9714,0,1.223,-1.950,0.000,0.2077,nan,nan,nan,0.000,0.000,10.000,0.0000,-1.5000,-28.253,-28.253,-31.122,10.224,1.000,6.000,0.0053,-0.000,nan,0.00,0,0,0,0,1,0.0000,0.174,0,0.061,0,-0.092,0,0,,,FLYING,1,0,0,0.000,0,-1,0
1785733919.023,11.087,8.035,98.707,0.9717,0,1.087,-2.035,0.000,0.2077,nan,nan,nan,0.000,0.000,10.000,0.0000,-1.5000,-28.313,-28.313,-31.071,10.183,1.000,6.000,0.0053,-0.000,nan,0.00,0,0,0,0,1,0.0000,0.174,0,0.061,0,-0.092,0,0,,,FLYING,1,0,0,0.000,0,-1,0
1785733919.055,10.975,8.004,98.547,0.9721,0,-0.413,-2.004,-1.500,0.2076,4.000,0.726,0.000,0.233,10.281,14.000,-0.0000,-1.5000,-28.375,-28.375,-31.020,10.093,1.200,6.000,0.0053,-0.000,nan,0.00,0,1,0,1,1,0.0000,0.292,0,0.111,0,0.035,0,0,blueline,,BLUELINE,1,0,0,0.000,0,-1,0
1785733919.093,10.990,8.021,98.429,0.9721,0,0.990,-2.021,0.000,0.2076,nan,nan,nan,0.000,0.000,10.000,0.0000,-1.5000,-28.490,-28.490,-30.991,10.021,1.000,6.000,0.0053,-0.000,nan,0.00,0,0,0,0,1,0.0000,0.180,0,0.074,0,0.079,0,0,,,FLYING,1,0,0,0.000,0,-1,0
1785733919.132,10.929,7.968,98.263,0.9724,0,0.929,-1.968,0.000,0.2075,nan,nan,nan,0.000,0.000,10.000,0.0000,-1.5000,-28.549,-28.549,-30.969,9.952,1.000,6.000,0.0053,-0.000,nan,0.00,0,0,0,0,1,0.0000,0.180,0,0.074,0,0.079,0,0,,,FLYING,1,0,0,0.000,0,-1,0
1785733919.172,10.816,7.901,98.082,0.9729,0,0.816,-1.901,0.000,0.2074,nan,nan,nan,0.000,0.000,10.000,0.0000,-1.5000,-28.581,-28.581,-30.946,9.884,1.000,6.000,0.0053,-0.000,nan,0.00,0,0,0,0,1,0.0000,0.180,0,0.074,0,0.079,3,0,,,FLYING,1,0,0,0.000,0,-1,1
1785733919.210,10.729,7.856,97.904,0.9733,0,0.729,-1.856,0.000,0.2073,nan,nan,nan,0.000,0.000,10.000,0.0000,-1.5000,-28.619,-28.619,-30.922,9.831,1.000,6.000,0.0053,-0.000,nan,0.00,0,0,0,0,1,0.0000,0.183,0,0.082,0,0.103,0,0,,,FLYING,1,0,0,0.000,0,-1,0
1785733919.254,10.597,7.758,97.548,0.9739,0,0.597,-1.758,0.000,0.2072,nan,nan,nan,0.000,0.000,10.000,0.0000,-1.5000,-28.696,-28.696,-30.879,9.744,1.000,6.000,0.0053,-0.000,nan,0.00,0,0,0,0,1,0.0000,0.183,0,0.082,0,0.103,2,0,,,FLYING,1,0,0,0.000,0,-1,0
1785733919.288,10.548,7.707,97.363,0.9742,0,0.548,-1.707,0.000,0.2071,nan,nan,nan,0.000,0.000,10.000,0.0000,-1.5000,-28.746,-28.746,-30.856,9.699,1.000,6.000,0.0053,-0.000,nan,0.00,0,0,0,0,1,0.0000,0.183,0,0.084,0,0.104,0,0,,,FLYING,1,0,0,0.000,0,-1,0
1785733919.319,10.503,7.691,97.140,0.9744,0,-0.952,-1.691,-1.500,0.2071,4.000,0.531,0.000,0.233,7.557,14.000,-0.0000,-1.5000,-28.802,-28.802,-30.832,9.681,1.200,6.000,0.0053,-0.000,nan,0.00,0,1,0,1,1,0.0000,0.184,0,0.084,0,0.105,0,0,blueline,,BLUELINE,1,0,0,0.000,0,-1,0
1785733919.350,10.503,7.691,97.140,0.9744,0,-2.452,-1.691,-3.000,0.2071,4.000,0.531,0.000,0.233,7.557,14.000,0.0000,-1.5000,-28.802,-28.802,-30.832,9.681,1.200,6.000,0.0053,-0.000,nan,0.00,0,1,0,0,1,0.0000,0.184,0,0.084,0,0.105,0,0,blueline,,BLUELINE,1,0,0,0.000,0,-1,0
1785733919.390,10.596,7.671,96.906,0.9742,0,-0.952,-1.671,-1.500,0.2072,nan,nan,nan,0.000,0.000,10.000,0.0000,-1.5000,-28.926,-28.926,-30.808,9.660,1.000,6.000,0.0053,-0.000,nan,0.00,0,0,0,0,1,0.0000,0.184,0,0.084,0,0.105,2,0,,,FLYING,1,0,0,0.000,0,-1,1
1785733919.427,10.968,7.556,96.456,0.9732,0,0.548,-1.556,0.000,0.2074,nan,nan,nan,0.000,0.000,10.000,0.0000,-1.5000,-29.262,-29.262,-30.762,9.583,1.000,6.000,0.0053,-0.000,nan,0.00,0,0,0,0,1,0.0000,0.184,0,0.086,0,0.118,0,0,,,FLYING,1,0,0,0.000,0,-1,0
1785733919.459,10.968,7.556,96.456,0.9732,0,0.968,-1.556,0.000,0.2074,nan,nan,nan,0.000,0.000,10.000,0.0000,-1.5000,-29.262,-29.262,-30.762,9.583,1.000,6.000,0.0053,-0.000,nan,0.00,0,0,0,0,1,0.0000,0.184,0,0.086,0,0.118,0,0,,,FLYING,1,0,0,0.000,0,-1,0
1785733919.489,10.906,7.463,96.203,0.9736,0,-0.532,-1.463,-1.500,0.2073,4.000,0.452,0.000,0.233,6.451,14.000,-0.0000,-1.5000,-29.319,-29.319,-30.739,9.546,1.200,6.000,0.0053,-0.000,nan,0.00,0,1,0,1,1,0.0000,0.296,0,0.119,0,0.135,0,0,blueline,,BLUELINE,1,0,0,0.000,0,-1,0
1785733919.520,10.959,7.472,96.004,0.9734,0,-2.032,-1.472,-3.000,0.2073,4.000,0.452,0.000,0.233,6.451,14.000,-0.1025,-1.5000,-29.421,-29.421,-30.718,9.549,1.200,6.000,0.0053,-0.000,nan,0.00,0,1,0,0,1,0.0000,0.296,0,0.119,0,0.135,0,0,blueline,,BLUELINE,1,0,0,0.000,0,-1,0
1785733919.561,11.161,7.492,95.821,0.9727,0,-0.532,-1.492,-1.500,0.2075,nan,nan,nan,0.000,0.000,10.000,0.0000,-1.5000,-29.583,-29.583,-30.697,9.557,1.000,6.000,0.0053,-0.000,nan,0.00,0,0,0,0,1,0.0000,0.296,0,0.119,0,0.135,3,0,,,FLYING,1,0,0,0.000,0,-1,0
1785733919.600,11.237,7.410,95.603,0.9726,0,0.968,-1.410,0.000,0.2075,nan,nan,nan,0.000,0.000,10.000,0.0000,-1.5000,-29.689,-29.689,-30.676,9.530,1.000,6.000,0.0053,-0.000,nan,0.00,0,0,0,0,1,0.0000,0.302,0,0.129,0,0.153,0,0,,,FLYING,1,0,0,0.000,0,-1,0
1785733919.630,11.234,7.298,95.348,0.9729,0,1.234,-1.298,0.000,0.2074,nan,nan,nan,0.000,0.000,10.000,0.0000,-1.5000,-29.766,-29.766,-30.653,9.498,1.000,6.000,0.0053,-0.000,nan,0.00,0,0,0,0,1,0.0000,0.302,0,0.129,0,0.153,0,0,,,FLYING,1,0,0,0.000,0,-1,0
1785733919.668,11.123,7.258,95.089,0.9734,0,1.123,-1.258,0.000,0.2073,nan,nan,nan,0.000,0.000,10.000,0.0000,-1.5000,-29.792,-29.792,-30.629,9.509,1.000,6.000,0.0053,-0.000,nan,0.00,0,0,0,0,1,0.0000,0.302,0,0.129,0,0.153,3,0,,,FLYING,1,0,0,0.000,0,-1,0
1785733919.719,11.019,7.234,94.812,0.9738,0,1.019,-1.234,0.000,0.2072,nan,nan,nan,0.000,0.000,10.000,0.0000,-1.5000,-29.822,-29.822,-30.603,9.532,1.000,6.000,0.0053,-0.000,nan,0.00,0,0,0,0,1,0.0000,0.297,0,0.120,0,0.121,2,0,,,FLYING,1,0,0,0.000,0,-1,0
1785733919.755,15.944,8.435,99.876,0.9511,0,2.519,-2.435,0.000,0.2122,nan,nan,nan,0.000,0.000,10.000,0.0000,-1.5000,-32.269,-32.269,-30.586,7.892,1.000,6.000,0.0053,-0.000,nan,0.00,0,0,0,0,1,0.0000,0.295,0,0.117,0,0.132,0,0,,,FLYING,1,0,0,0.000,0,-1,0
1785733919.786,14.820,6.434,99.209,0.9606,0,1.019,-0.935,-1.500,0.2101,4.000,0.447,0.000,0.233,6.377,14.000,-0.0000,-1.5000,-31.864,-31.864,-30.580,7.073,1.200,6.000,0.0053,-0.000,nan,0.00,0,1,0,1,1,0.0000,0.305,0,0.133,0,0.145,0,0,blueline,,BLUELINE,1,0,0,0.000,0,-1,0
1785733919.818,14.295,5.713,97.971,0.9642,0,0.295,0.287,-3.000,0.2093,4.000,0.447,0.000,0.233,6.377,14.000,0.3032,-1.5000,-31.560,-31.560,-30.559,7.180,1.200,6.000,0.0053,-0.000,nan,0.00,0,1,0,0,1,0.0000,0.305,0,0.133,0,0.145,0,0,blueline,,BLUELINE,1,0,0,0.000,0,-1,0
1785733919.849,16.647,5.763,102.086,0.9532,0,1.795,0.237,-4.500,0.2117,4.000,0.447,0.000,0.233,6.377,14.000,-0.8361,-1.5000,-32.700,-32.700,-30.492,5.339,1.200,6.000,0.0053,-0.000,nan,0.00,0,1,0,0,1,0.0000,0.305,0,0.133,0,0.145,0,0,blueline,,BLUELINE,1,0,0,0.000,0,-1,0
1785733919.907,18.753,5.346,104.896,0.9428,0,3.295,0.654,-3.000,0.2141,nan,nan,nan,0.000,0.000,10.000,0.0000,-1.5000,-33.593,-33.593,-30.422,3.809,1.000,6.000,0.0053,-0.000,nan,0.00,0,0,0,0,1,0.0000,0.305,0,0.133,0,0.145,4,0,,,FLYING,1,0,0,0.000,0,-1,1
1785733919.945,19.841,5.699,105.741,0.9360,0,4.795,0.301,-1.500,0.2156,nan,nan,nan,0.000,0.000,10.000,0.0000,-1.5000,-34.026,-34.026,-30.327,3.511,1.000,6.000,0.0053,-0.000,nan,0.00,0,0,0,0,1,0.0000,0.306,0,0.134,0,0.139,0,0,,,FLYING,1,0,0,0.000,0,-1,0
1785733919.984,18.206,5.964,105.361,0.9448,0,6.295,0.036,0.000,0.2136,nan,nan,nan,0.000,0.000,10.000,0.0000,-1.5000,-33.529,-33.529,-30.197,3.672,1.000,6.000,0.0053,-0.000,nan,0.00,0,0,0,0,1,0.0000,0.298,0,0.122,0,0.175,0,0,,,FLYING,1,0,0,0.000,0,-1,1
1785733920.028,16.337,7.068,105.094,0.9523,0,4.795,-1.068,1.500,0.2119,4.000,-0.135,0.000,0.233,-1.934,14.000,-0.0000,-1.5000,-32.936,-32.936,-30.093,4.218,1.200,6.000,0.0053,-0.000,nan,0.00,0,1,0,1,1,0.0000,0.298,0,0.122,0,0.175,2,1,track,,TRACK,1,0,0,0.000,0,-1,0
1785733920.067,15.315,8.091,104.783,0.9549,0,3.295,-2.091,1.934,0.2113,4.000,-0.135,0.000,0.233,-1.934,14.000,0.2696,-1.5000,-32.666,-32.666,-29.998,4.746,1.200,6.000,0.0053,-0.000,nan,0.00,0,1,0,0,1,0.0000,0.220,0,0.176,0,0.242,0,0,track,,TRACK,1,0,0,0.000,0,-1,0
1785733920.113,14.590,8.319,103.739,0.9576,0,1.795,-2.319,0.434,0.2186,8.664,9.664,1.779,1.000,25.000,14.000,-0.0000,-0.0000,-32.619,-32.619,-29.885,5.122,1.200,6.000,0.0053,2.859,nan,0.00,1,1,1,1,1,0.0000,0.186,0,0.089,0,0.123,0,1,yolo,180.8,yolo,1,0,0,0.000,0,-1,0
1785733920.154,14.368,7.683,102.942,0.9600,0,0.368,-1.683,-1.066,0.2172,8.664,9.664,1.779,1.000,25.000,14.000,-0.0146,-0.0171,-32.634,-32.634,-29.902,5.093,1.200,6.000,0.0053,2.926,nan,0.00,1,1,1,0,1,0.0000,0.186,0,0.089,0,0.123,1,0,yolo,180.8,yolo,1,0,0,0.000,0,-1,0
1785733920.191,15.190,8.103,102.695,0.9554,0,1.190,-2.103,-2.566,0.2184,8.664,9.664,1.779,1.000,25.000,14.000,-0.4256,-0.0149,-33.045,-33.045,-29.900,5.352,1.200,6.000,0.0053,2.986,nan,0.00,1,1,1,0,1,0.0000,0.298,0,0.121,0,0.150,0,0,yolo,180.8,yolo,1,0,0,0.000,0,-1,0
1785733920.222,15.790,8.399,102.622,0.9519,0,1.790,-2.399,-4.066,0.2198,8.664,9.664,1.779,1.000,25.000,14.000,-0.7507,-0.0015,-33.370,-33.370,-29.886,5.474,1.200,6.000,0.0053,3.030,nan,0.00,1,1,1,0,1,0.0000,0.298,0,0.121,0,0.150,0,0,yolo,180.8,yolo,1,0,0,0.000,0,-1,0
1785733920.261,16.240,8.497,102.574,0.9496,0,2.240,-2.497,-5.566,0.2031,9.109,9.356,2.212,1.000,25.000,14.000,-0.0000,-2.0000,-33.635,-20.111,-29.866,5.493,1.200,6.000,0.0053,3.343,nan,0.00,1,1,1,1,1,0.0000,0.298,0,0.121,0,0.150,3,0,yolo,160.9,yolo,1,0,0,0.000,0,-1,0
1785733920.311,15.986,8.473,102.481,0.9508,0,1.986,-2.473,-7.066,0.2198,9.109,9.356,2.212,1.000,25.000,14.000,-13.6464,0.0713,-33.758,-33.758,-29.795,5.420,1.200,6.000,0.0053,3.310,nan,0.00,1,1,1,0,1,0.0000,0.186,0,0.091,0,0.126,2,0,yolo,160.9,yolo,1,0,0,0.000,0,-1,0
1785733920.353,15.912,8.449,102.461,0.9512,0,1.912,-2.449,-8.566,0.2249,9.109,9.356,2.212,1.000,25.000,14.000,-13.7389,0.1018,-33.850,-33.850,-29.765,5.367,1.200,6.000,0.0053,3.303,nan,0.00,1,1,1,0,1,0.0000,0.303,0,0.129,0,0.137,0,0,yolo,160.9,yolo,1,0,0,0.000,0,-1,0
1785733920.384,16.107,8.422,102.518,0.9504,0,2.107,-2.422,-10.066,0.2264,9.109,9.356,2.212,1.000,25.000,14.000,-13.9289,0.1298,-34.040,-34.040,-29.737,5.273,1.200,6.000,0.0053,3.336,nan,0.00,1,1,1,0,1,0.0000,0.303,0,0.129,0,0.137,2,0,yolo,160.9,yolo,1,0,0,0.000,0,-1,0
1785733920.425,16.289,8.398,102.564,0.9496,0,2.289,-2.398,-11.566,0.2097,9.631,9.374,2.575,1.000,25.000,14.000,-0.0000,-2.0000,-34.217,-20.504,-29.709,5.181,1.200,6.000,0.0053,3.640,nan,0.00,1,1,1,1,1,0.0000,0.306,0,0.136,0,0.141,0,0,yolo,179.9,yolo,1,0,0,0.000,0,-1,0
1785733920.464,16.573,8.359,102.643,0.9483,0,2.573,-2.359,-12.000,0.2216,9.631,9.374,2.575,1.000,25.000,14.000,-13.9251,0.0190,-34.429,-34.429,-29.690,5.067,1.200,6.000,0.0053,3.687,nan,0.00,1,1,1,0,1,0.0000,0.306,0,0.136,0,0.141,0,0,yolo,179.9,yolo,1,0,0,0.000,0,-1,0
1785733920.494,16.884,8.257,102.715,0.9470,0,2.884,-2.257,-12.000,0.2227,9.631,9.374,2.575,1.000,25.000,14.000,-14.1533,0.0351,-34.657,-34.657,-29.674,4.923,1.200,6.000,0.0053,3.750,nan,0.00,1,1,1,0,1,0.0000,0.306,0,0.136,0,0.141,3,0,yolo,179.9,yolo,1,0,0,0.000,0,-1,0
1785733920.543,17.256,8.225,102.849,0.9452,0,3.256,-2.225,-12.000,0.2242,9.631,9.374,2.575,1.000,25.000,14.000,-14.3970,0.0586,-34.901,-34.901,-29.650,4.786,1.200,6.000,0.0053,3.808,nan,0.00,1,1,1,0,1,0.0000,0.300,0,0.125,0,0.138,2,0,yolo,179.9,yolo,1,0,0,0.000,0,-1,1
1785733920.581,18.317,8.213,103.383,0.9396,0,4.317,-2.213,-12.000,0.2275,9.631,9.374,2.575,1.000,25.000,14.000,-14.9826,0.0993,-35.486,-35.486,-29.609,4.416,1.200,6.000,0.0053,3.959,nan,0.00,1,1,1,0,1,0.0000,0.304,0,0.131,0,0.135,0,0,yolo,179.9,yolo,1,0,0,0.000,0,-1,0
1785733920.620,19.073,8.272,103.875,0.9353,0,5.073,-2.272,-12.000,0.2238,11.413,9.552,3.170,1.000,25.000,14.000,-0.0000,-0.0000,-35.832,-35.832,-29.598,4.168,1.200,6.000,0.0053,4.412,nan,0.00,1,1,1,1,1,0.0000,0.302,0,0.129,0,0.141,0,0,yolo,169.5,yolo,1,0,0,0.000,0,-1,0
1785733920.660,20.101,8.344,104.647,0.9291,0,6.101,-2.344,-12.000,0.2256,11.413,9.552,3.170,1.000,25.000,14.000,-0.4232,0.0067,-36.256,-36.256,-29.591,3.796,1.200,6.000,0.0053,4.538,nan,0.00,1,1,1,0,1,0.0000,0.302,0,0.129,0,0.141,0,0,yolo,169.5,yolo,1,0,0,0.000,0,-1,0
1785733920.705,24.062,8.812,107.901,0.9023,0,7.601,-3.844,-12.000,0.2317,11.413,9.552,3.170,1.000,25.000,14.000,-1.7409,-0.0058,-37.573,-37.573,-29.604,2.398,1.200,-2.500,0.0053,4.961,nan,0.00,1,1,1,0,1,0.0000,0.302,0,0.129,0,0.141,0,0,yolo,169.5,yolo,1,0,0,0.000,0,-1,0
1785733920.737,26.479,9.568,110.287,0.8826,0,9.101,-5.344,-12.000,0.2361,11.413,9.552,3.170,1.000,25.000,14.000,-2.3845,-0.0195,-38.217,-38.217,-29.617,1.605,1.200,-2.500,0.0053,5.101,nan,0.00,1,1,1,0,1,0.0000,0.406,0,0.132,1,0.147,0,0,yolo,169.5,yolo,1,0,0,0.000,0,-1,0
1785733920.798,29.499,10.357,113.158,0.8562,0,10.601,-6.844,-12.000,0.2528,12.064,8.536,2.841,1.000,25.000,14.000,-0.0000,2.0000,-38.881,-22.601,-29.630,0.595,1.200,-2.500,0.0053,4.399,nan,0.00,1,1,1,1,1,0.0000,0.453,0,0.191,0,0.181,0,0,yolo,193.6,yolo,1,0,0,0.000,0,-1,1
1785733920.831,32.980,10.922,116.550,0.8237,0,12.101,-8.344,-12.000,0.2533,12.064,8.536,2.841,1.000,25.000,14.000,-16.8794,-0.0154,-39.480,-39.480,-29.646,-0.767,1.200,-2.500,0.0053,4.617,nan,0.00,1,1,1,0,1,0.0000,0.453,0,0.191,0,0.181,0,0,yolo,193.6,yolo,1,0,0,0.000,0,-1,0
1785733920.863,37.172,11.890,120.805,0.7797,0,13.601,-9.844,-12.000,0.2675,12.064,8.536,2.841,1.000,25.000,14.000,-17.3810,-0.0168,-39.982,-39.982,-29.647,-2.300,1.200,-2.500,0.0053,4.777,nan,0.00,1,1,1,0,1,0.0000,0.453,0,0.191,0,0.181,0,0,yolo,193.6,yolo,1,0,0,0.000,0,-1,0
1785733920.895,41.275,12.245,124.713,0.7344,0,15.101,-11.344,-12.000,0.2841,12.064,8.536,2.841,1.000,25.000,14.000,-17.6699,-0.0042,-40.271,-40.271,-29.634,-3.966,1.200,-2.500,0.0053,5.031,nan,0.00,1,1,1,0,1,0.0000,0.471,0,0.214,0,0.297,0,0,yolo,193.6,yolo,1,0,0,0.000,0,-1,0
1785733920.938,43.758,13.292,129.284,0.7029,0,16.601,-12.844,-12.000,0.3003,12.064,8.536,2.841,1.000,25.000,14.000,-17.6326,0.0394,-40.233,-40.233,-29.591,-5.497,1.200,-2.500,0.0053,4.969,nan,0.00,1,1,1,0,1,0.0000,0.466,0,0.207,0,0.714,0,0,yolo,193.6,yolo,1,0,0,0.000,0,-1,1
1785733920.972,45.357,12.990,133.013,0.6847,0,18.101,-14.344,-12.000,0.3115,12.064,8.536,2.841,1.000,25.000,14.000,-17.4735,0.1950,-40.074,-40.074,-29.435,-7.502,1.200,-2.500,0.0053,5.152,nan,0.00,1,1,1,0,1,0.0000,0.466,0,0.207,0,0.714,0,0,yolo,193.6,yolo,1,0,0,0.000,0,-1,0
1785733921.013,45.380,13.039,133.235,0.6843,0,19.601,-15.539,-12.000,0.3173,12.064,8.536,2.841,1.000,25.000,14.000,-17.5060,0.2851,-40.107,-40.107,-29.345,-7.714,1.200,-2.500,0.0053,5.142,nan,0.00,1,1,1,0,1,0.0000,0.466,0,0.207,0,0.714,2,0,yolo,193.6,yolo,1,0,0,0.000,0,-1,0
1785733921.049,45.619,13.177,133.801,0.6810,0,21.101,-15.677,-12.000,0.3210,12.064,8.536,2.841,1.000,25.000,14.000,-17.5329,0.3424,-40.134,-40.134,-29.288,-8.015,1.200,-2.500,0.0053,5.125,nan,0.00,1,1,1,0,1,0.0000,0.191,0,0.102,0,0.826,0,0,yolo,193.6,yolo,1,0,0,0.000,0,-1,0
1785733921.085,45.917,13.397,134.652,0.6768,0,22.601,-15.897,-12.000,0.3233,12.064,8.536,2.841,1.000,25.000,14.000,-17.5339,0.3772,-40.135,-40.135,-29.253,-8.366,1.200,-2.500,0.0053,5.093,nan,0.00,1,1,1,0,1,0.0000,0.191,0,0.102,0,0.826,0,0,yolo,193.6,yolo,1,0,0,0.000,0,-1,0
1785733921.119,45.922,13.400,134.666,0.6767,0,24.101,-15.900,-12.000,0.3233,12.064,8.536,2.841,1.000,25.000,14.000,-17.5336,0.3776,-40.134,-40.134,-29.253,-8.372,1.200,-2.500,0.0053,5.092,nan,0.00,1,1,1,0,0,0.0000,0.000,0,0.000,0,0.000,0,0,yolo,193.6,yolo,1,0,0,0.000,0,-1,0
1785733921.170,46.889,13.955,137.113,0.6632,0,25.000,-16.455,-12.000,0.3260,12.064,8.536,2.841,1.000,25.000,14.000,-17.4816,0.4203,-40.082,-40.082,-29.210,-9.291,1.200,-2.500,0.0053,5.023,nan,0.00,1,1,1,0,0,0.0000,0.000,0,0.000,0,0.000,1,0,yolo,193.6,yolo,1,0,0,0.000,0,-1,0
1785733921.220,47.111,14.297,138.389,0.6595,0,25.000,-16.797,-12.000,0.3279,12.064,8.536,2.841,1.000,25.000,14.000,-17.4263,0.4493,-40.027,-40.027,-29.181,-9.730,1.200,-2.500,0.0053,4.955,nan,0.00,1,1,1,0,0,0.0000,0.000,0,0.000,0,0.000,2,0,yolo,193.6,yolo,1,0,0,0.000,0,-1,1
1785733921.267,47.201,14.530,139.222,0.6577,0,25.000,-17.030,-12.000,0.3299,12.064,8.536,2.841,1.000,25.000,14.000,-17.4085,0.4811,-40.009,-40.009,-29.149,-10.058,1.200,-2.500,0.0053,4.905,nan,0.00,1,1,1,0,0,0.0000,0.000,0,0.000,0,0.000,0,0,yolo,193.6,yolo,1,0,0,0.000,0,-1,0
1785733921.308,47.086,14.949,140.759,0.6578,0,25.000,-17.449,-12.000,0.3346,12.064,8.536,2.841,1.000,25.000,14.000,-17.3484,0.5532,-39.949,-39.949,-29.077,-10.691,1.200,-2.500,0.0053,4.797,nan,0.00,1,1,1,0,0,0.0000,0.000,0,0.000,0,0.000,1,0,yolo,193.6,yolo,1,0,0,0.000,0,-1,0
1785733921.350,47.061,15.152,141.544,0.6575,0,25.000,-17.652,-12.000,0.3373,12.064,8.536,2.841,1.000,25.000,14.000,-17.3066,0.5957,-39.907,-39.907,-29.034,-11.015,1.200,-2.500,0.0053,4.747,nan,0.00,1,1,1,0,0,0.0000,0.000,0,0.000,0,0.000,0,0,yolo,193.6,yolo,1,0,0,0.000,0,-1,0
1785733921.389,47.178,15.322,142.194,0.6556,0,25.000,-17.822,-12.000,0.3393,12.064,8.536,2.841,1.000,25.000,14.000,-17.2962,0.6267,-39.897,-39.897,-29.004,-11.297,1.200,-2.500,0.0053,4.713,nan,0.00,1,1,1,0,0,0.0000,0.000,0,0.000,0,0.000,0,0,yolo,193.6,yolo,1,0,0,0.000,0,-1,0
1785733921.437,47.117,15.557,143.035,0.6556,0,25.000,-18.000,-12.000,0.3412,12.064,8.536,2.841,1.000,25.000,14.000,-17.2414,0.6566,-39.842,-39.842,-28.974,-11.611,1.200,-2.500,0.0053,4.653,nan,0.00,1,1,1,0,0,0.0000,0.000,0,0.000,0,0.000,0,0,yolo,193.6,yolo,1,0,0,0.000,0,-1,0
1785733921.482,46.998,16.017,144.675,0.6555,0,25.000,-18.000,-12.000,0.3451,12.064,8.536,2.841,1.000,25.000,14.000,-17.1204,0.7176,-39.721,-39.721,-28.913,-12.217,1.200,-2.500,0.0053,4.534,nan,0.00,1,1,1,0,0,0.0000,0.000,0,0.000,0,0.000,0,0,yolo,193.6,yolo,1,0,0,0.000,0,-1,0
1785733921.507,46.952,16.207,145.420,0.6555,0,25.000,-18.000,-12.000,0.3468,12.064,8.536,2.841,1.000,25.000,14.000,-17.0643,0.7441,-39.665,-39.665,-28.886,-12.507,1.200,-2.500,0.0053,4.485,nan,0.00,1,1,1,0,0,0.0000,0.000,0,0.000,0,0.000,0,0,yolo,193.6,yolo,1,0,0,0.000,0,-1,0
1785733921.544,46.479,16.572,146.454,0.6600,0,25.000,-18.000,-12.000,0.3493,12.064,8.536,2.841,1.000,25.000,14.000,-16.9209,0.7815,-39.521,-39.521,-28.849,-12.803,1.200,-2.500,0.0053,4.367,nan,0.00,1,1,1,0,0,0.0000,0.000,0,0.000,0,0.000,1,0,yolo,193.6,yolo,1,0,0,0.000,0,-1,0
1785733921.576,45.986,16.872,147.476,0.6649,0,25.000,-18.000,-12.000,0.3519,12.064,8.536,2.841,1.000,25.000,14.000,-16.7544,0.8227,-39.355,-39.355,-28.807,-13.132,1.200,-2.500,0.0053,4.263,nan,0.00,1,1,1,0,0,0.0000,0.000,0,0.000,0,0.000,1,0,yolo,193.6,yolo,1,0,0,0.000,0,0,0
1785733921.624,46.159,17.008,147.935,0.6624,0,25.000,-18.000,-12.000,0.3542,12.064,8.536,2.841,1.000,25.000,14.000,-16.7637,0.8588,-39.364,-39.364,-28.771,-13.352,1.200,-2.500,0.0053,4.241,nan,0.00,1,1,1,0,0,0.0000,0.000,0,0.000,0,0.000,0,0,yolo,193.6,yolo,1,0,0,0.000,0,0,0
1785733921.678,46.429,17.241,148.907,0.6583,0,25.000,-18.000,-12.000,0.3376,2.112,1.672,0.665,0.123,25.000,7.698,-0.0000,-1.5000,-39.297,-39.297,-28.736,-13.690,1.200,-2.500,0.0053,4.113,nan,0.00,0,1,0,1,0,0.0000,0.000,0,0.000,0,0.000,0,1,hsv,,hsv,1,0,0,0.000,0,-1,1
1785733921.719,46.842,18.137,150.825,0.6500,0,25.000,-18.000,-12.000,0.3209,2.144,1.707,0.673,0.125,25.000,7.815,-0.0000,-1.5000,-39.236,-23.141,-28.675,-14.094,1.200,-2.500,0.0053,3.990,nan,0.00,0,1,0,1,0,0.0000,0.000,0,0.000,0,0.000,0,0,hsv,,hsv,1,0,0,0.000,0,0,0
1785733921.748,46.842,18.137,150.825,0.6500,0,25.000,-18.000,-12.000,0.3042,2.152,1.717,0.672,0.126,25.000,7.846,-0.0000,-1.5000,-39.236,-23.325,-28.675,-14.094,1.200,-2.500,0.0053,3.870,nan,0.00,0,1,0,1,0,0.0000,0.000,0,0.000,0,0.000,1,0,hsv,,hsv,1,0,0,0.000,0,0,0
1785733921.797,47.782,19.136,153.013,0.6348,0,25.000,-18.000,-12.000,0.2876,2.161,1.730,0.672,0.126,25.000,7.878,-0.0000,-1.5000,-39.214,-23.439,-28.607,-14.531,1.200,-2.500,0.0053,3.754,nan,0.00,0,1,0,1,0,0.0000,0.000,0,0.000,0,0.000,0,0,hsv,,hsv,1,0,0,0.000,0,0,0
1785733921.837,48.391,19.942,154.268,0.6242,0,25.000,-18.000,-12.000,0.2709,2.161,1.730,0.672,0.126,25.000,14.000,-15.8046,-1.5000,-39.244,-39.244,-28.574,-14.599,1.200,-2.500,0.0053,3.642,nan,0.00,0,1,0,0,0,0.0000,0.000,0,0.000,0,0.000,0,0,hsv,,hsv,1,0,0,0.000,0,0,0
1785733921.875,48.969,20.635,155.435,0.6144,0,25.000,-18.000,-12.000,0.2542,2.194,1.764,0.674,0.128,25.000,7.998,-0.0000,-1.5000,-39.258,-23.545,-28.545,-14.661,1.200,-2.500,0.0053,3.532,nan,0.00,0,1,0,1,0,0.0000,0.000,0,0.000,0,0.000,0,0,hsv,,hsv,1,0,0,0.000,0,0,0
1785733921.914,49.633,21.382,156.708,0.6031,0,25.000,-18.000,-12.000,0.2376,2.194,1.764,0.674,0.128,25.000,14.000,-15.7363,-1.5000,-39.282,-39.282,-28.514,-14.719,1.200,-2.500,0.0053,3.426,nan,0.00,0,1,0,0,0,0.0000,0.000,0,0.000,0,0.000,0,0,hsv,,hsv,1,0,0,0.000,0,0,0
1785733921.952,50.292,22.103,158.030,0.5919,0,25.000,-18.000,-12.000,0.2209,2.284,1.857,0.695,0.133,25.000,8.325,-0.0000,-1.5000,-39.287,-23.696,-28.481,-14.783,1.200,-2.500,0.0053,3.324,nan,0.00,0,1,0,1,0,0.0000,0.000,0,0.000,0,0.000,2,0,hsv,,hsv,1,0,0,0.000,0,2,0
1785733921.992,50.960,22.804,159.370,0.5806,0,25.000,-18.000,-12.000,0.2042,2.284,1.857,0.695,0.133,25.000,14.000,-15.5924,-1.5000,-39.288,-39.288,-28.445,-14.850,1.200,-2.500,0.0053,3.224,nan,0.00,0,1,0,0,0,0.0000,0.000,0,0.000,0,0.000,0,0,hsv,,hsv,1,0,0,0.000,0,0,0
1785733922.034,51.666,23.495,160.721,0.5688,0,25.000,-18.000,-12.000,0.2026,2.420,1.994,0.730,0.141,25.000,8.823,-0.0000,-1.5000,-39.296,-23.945,-28.408,-14.909,1.200,-2.500,0.0053,3.127,nan,0.00,0,1,0,1,0,0.0000,0.000,0,0.000,0,0.000,2,0,hsv,,hsv,1,0,0,0.000,0,2,1
1785733922.070,52.798,24.163,162.009,0.5517,0,25.000,-18.000,-12.000,0.2026,2.420,1.994,0.730,0.141,25.000,14.000,-15.4834,-1.5000,-39.429,-39.429,-28.317,-15.119,1.200,-2.500,0.0053,3.033,nan,0.00,0,1,0,0,0,0.0000,0.000,0,0.000,0,0.000,0,0,hsv,,hsv,1,0,0,0.000,0,0,0
1785733922.109,52.264,24.181,162.049,0.5583,0,25.000,-18.000,-12.000,0.2193,2.565,2.140,0.758,0.150,25.000,9.352,-0.0000,-0.0000,-39.359,-24.162,-28.267,-15.278,1.200,-2.500,0.0052,0.917,nan,0.00,0,1,1,1,0,0.0000,0.000,0,0.000,0,0.000,2,0,hsv,,hsv,1,0,0,0.000,0,2,0
1785733922.149,52.333,24.183,162.050,0.5574,0,25.000,-18.000,-12.000,0.2359,2.565,2.140,0.758,0.150,25.000,14.000,-15.2457,0.0440,-39.408,-39.408,-28.223,-15.429,1.200,-2.500,0.0051,0.917,nan,0.00,0,1,1,0,0,0.0000,0.000,0,0.000,0,0.000,0,0,hsv,,hsv,1,0,0,0.000,0,0,0
1785733922.206,52.312,24.169,162.045,0.5578,0,25.000,-18.000,-12.000,0.2526,2.718,2.290,0.780,0.159,25.000,9.908,-0.0000,-0.5835,-39.440,-24.228,-28.176,-15.598,1.200,-2.500,0.0050,0.976,nan,0.00,0,1,1,1,0,0.0000,0.000,0,0.000,0,0.000,0,0,hsv,,hsv,1,0,0,0.000,0,0,1
1785733922.247,52.377,24.153,162.042,0.5570,0,25.000,-18.000,-12.000,0.2580,2.826,2.394,0.797,0.165,25.000,10.301,-0.0000,-1.2860,-39.523,-24.521,-28.101,-15.901,1.200,-2.500,0.0050,1.019,nan,0.00,0,1,1,1,0,0.0000,0.000,0,0.000,0,0.000,1,0,hsv,,hsv,1,0,0,0.000,0,0,0
1785733922.295,52.395,24.157,162.036,0.5568,0,25.000,-18.000,-12.000,0.2747,2.895,2.463,0.810,0.169,25.000,10.556,-0.0000,-0.8278,-39.566,-24.550,-28.071,-16.042,1.200,-2.500,0.0050,1.046,nan,0.00,0,1,1,1,0,0.0000,0.000,0,0.000,0,0.000,0,0,hsv,,hsv,1,0,0,0.000,0,0,0
1785733922.336,52.395,24.210,162.116,0.5565,0,25.000,-18.000,-12.000,0.2913,2.895,2.463,0.810,0.169,25.000,14.000,-15.0456,0.0344,-39.595,-39.595,-28.037,-16.171,1.200,-2.500,0.0050,1.043,nan,0.00,0,1,1,0,0,0.0000,0.000,0,0.000,0,0.000,0,0,hsv,,hsv,1,0,0,0.000,0,0,0
1785733922.376,52.404,24.177,162.066,0.5566,0,23.500,-18.000,-12.000,0.2747,4.000,1.400,0.000,0.667,19.290,14.000,-15.0867,-1.5000,-39.636,-39.636,-28.004,-16.320,1.200,-2.500,0.0050,1.011,nan,0.00,1,1,0,0,0,0.0000,0.000,0,0.000,0,0.000,1,1,search,,SEARCH,1,0,0,0.000,0,0,0
1785733922.424,52.381,24.146,162.026,0.5570,0,22.000,-18.000,-12.000,0.2580,4.000,1.400,0.000,0.667,19.290,14.000,-15.1212,-1.5000,-39.671,-39.671,-27.969,-16.478,1.200,-2.500,0.0050,0.981,nan,0.00,1,1,0,0,0,0.0000,0.000,0,0.000,0,0.000,1,0,search,,SEARCH,1,0,0,0.000,0,1,1
1785733922.472,52.422,24.070,161.925,0.5568,0,20.500,-18.000,-12.000,0.2471,4.000,1.400,0.000,0.667,19.290,14.000,-15.2072,-1.5000,-39.757,-39.757,-27.905,-16.787,1.200,-2.500,0.0050,0.952,nan,0.00,1,1,0,0,0,0.0000,0.000,0,0.000,0,0.000,0,0,search,,SEARCH,1,0,0,0.000,0,0,0
1785733922.517,52.460,24.033,161.875,0.5565,0,19.000,-18.000,-12.000,0.2483,4.000,1.400,0.000,0.667,19.290,14.000,-15.2528,-1.5000,-39.802,-39.802,-27.872,-16.939,1.200,-2.500,0.0050,0.923,nan,0.00,1,1,0,0,0,0.0000,0.000,0,0.000,0,0.000,2,0,search,,SEARCH,1,0,0,0.000,0,0,0
1785733922.557,52.489,23.965,161.774,0.5564,0,17.500,-18.000,-12.000,0.2495,4.000,1.400,0.000,0.667,19.290,14.000,-15.3386,-1.5000,-39.888,-39.888,-27.805,-17.251,1.200,-2.500,0.0050,0.895,nan,0.00,1,1,0,0,0,0.0000,0.000,0,0.000,0,0.000,0,0,search,,SEARCH,1,0,0,0.000,0,0,0
1785733922.596,52.462,23.942,161.742,0.5569,0,16.000,-18.000,-12.000,0.2507,4.000,1.400,0.000,0.667,19.290,14.000,-15.3635,-1.5000,-39.913,-39.913,-27.779,-17.369,1.200,-2.500,0.0050,0.869,nan,0.00,1,1,0,0,0,0.0000,0.000,0,0.000,0,0.000,2,0,search,,SEARCH,1,0,0,0.000,0,2,0
1785733922.642,52.449,23.906,161.693,0.5572,0,14.500,-18.000,-12.000,0.2518,4.000,1.400,0.000,0.667,19.290,14.000,-15.4005,-1.5000,-39.950,-39.950,-27.747,-17.523,1.200,-2.500,0.0050,0.842,nan,0.00,1,1,0,0,0,0.0000,0.000,0,0.000,0,0.000,0,0,search,,SEARCH,1,0,0,0.000,0,-1,0
1785733922.691,52.484,23.862,161.635,0.5569,0,13.000,-18.000,-12.000,0.2529,4.000,1.400,0.000,0.667,19.290,14.000,-15.4547,-1.5000,-40.004,-40.004,-27.709,-17.712,1.200,-2.500,0.0050,0.817,nan,0.00,1,1,0,0,0,0.0000,0.000,0,0.000,0,0.000,0,0,search,,SEARCH,1,0,0,0.000,0,-1,1
1785733922.728,52.859,23.796,161.545,0.5524,0,11.500,-18.000,-12.000,0.2539,4.000,1.400,0.000,0.667,19.290,14.000,-15.5907,-1.5000,-40.140,-40.140,-27.659,-17.976,1.200,-2.500,0.0050,0.793,nan,0.00,1,1,0,0,0,0.0000,0.000,0,0.000,0,0.000,0,0,search,,SEARCH,1,0,0,0.000,0,0,0
1785733922.766,53.187,23.759,161.469,0.5484,0,10.000,-18.000,-12.000,0.2549,4.000,1.400,0.000,0.667,19.290,14.000,-15.6936,-1.5000,-40.243,-40.243,-27.632,-18.123,1.200,-2.500,0.0050,0.769,nan,0.00,1,1,0,0,0,0.0000,0.000,0,0.000,0,0.000,0,0,search,,SEARCH,1,0,0,0.000,0,0,0
1785733922.806,53.690,23.705,161.389,0.5422,0,8.750,-18.000,-12.000,0.2559,4.000,1.400,0.000,0.667,19.290,14.000,-15.8208,-1.5000,-40.370,-40.370,-27.603,-18.287,1.200,-2.500,0.0050,0.746,nan,0.00,1,1,0,0,0,0.0000,0.000,0,0.000,0,0.000,0,0,search,,SEARCH,1,0,0,0.000,0,0,0
1785733922.844,54.285,23.638,161.289,0.5348,0,8.750,-18.000,-12.000,0.2569,4.000,1.400,0.000,0.667,19.290,14.000,-15.9586,-1.5000,-40.508,-40.508,-27.574,-18.454,1.200,-2.500,0.0050,0.723,nan,0.00,1,1,0,0,0,0.0000,0.000,0,0.000,0,0.000,0,0,search,,SEARCH,1,0,0,0.000,0,0,0
1785733922.886,54.899,23.568,161.189,0.5271,0,8.750,-18.000,-12.000,0.2578,4.000,1.400,0.000,0.667,19.290,14.000,-16.0911,-1.5000,-40.641,-40.641,-27.545,-18.621,1.200,-2.500,0.0050,0.702,nan,0.00,1,1,0,0,0,0.0000,0.000,0,0.000,0,0.000,0,0,search,,SEARCH,1,0,0,0.000,0,0,0
1785733922.923,55.595,23.519,161.123,0.5181,0,8.750,-18.000,-12.000,0.2587,4.000,1.400,0.000,0.667,19.290,14.000,-16.2260,-1.5000,-40.776,-40.776,-27.516,-18.780,1.200,-2.500,0.0050,0.681,nan,0.00,1,1,0,0,0,0.0000,0.000,0,0.000,0,0.000,0,0,search,,SEARCH,1,0,0,0.000,0,0,0
1785733922.970,56.272,23.467,161.041,0.5093,0,8.750,-18.000,-12.000,0.2596,4.000,1.400,0.000,0.667,19.290,14.000,-16.3527,-1.5000,-40.902,-40.902,-27.487,-18.934,1.200,-2.500,0.0050,0.660,nan,0.00,1,1,0,0,0,0.0000,0.000,0,0.000,0,0.000,0,0,search,,SEARCH,1,0,0,0.000,0,0,1
1785733923.017,57.683,23.363,160.872,0.4908,1,8.750,-18.000,-12.000,0.2556,4.000,1.400,0.000,0.667,19.290,14.000,-16.5939,-1.5000,-41.143,-41.143,-27.426,-19.245,1.200,-2.500,0.0050,0.640,nan,0.00,1,1,0,0,0,0.0000,0.000,0,0.000,0,0.000,0,0,search,,SEARCH,1,0,0,0.000,0,-1,0
1785733923.057,58.373,23.314,160.790,0.4816,1,8.750,-18.000,-12.000,0.2516,4.000,1.400,0.000,0.667,19.290,14.000,-16.7012,-1.5000,-41.251,-41.251,-27.396,-19.397,1.200,-2.500,0.0050,0.621,nan,0.00,1,1,0,0,0,0.0000,0.000,0,0.000,0,0.000,0,0,search,,SEARCH,1,0,0,0.000,0,-1,0
1785733923.098,59.099,23.263,160.704,0.4718,1,8.750,-18.000,-12.000,0.2473,4.000,1.400,0.000,0.667,19.290,14.000,-16.8055,-1.5000,-41.355,-41.355,-27.366,-19.551,1.200,-2.500,0.0050,0.603,nan,0.00,1,1,0,0,0,0.0000,0.000,0,0.000,0,0.000,0,0,search,,SEARCH,1,0,0,0.000,0,-1,0
1785733923.146,59.829,23.212,160.618,0.4619,1,8.750,-18.000,-12.000,0.2428,4.000,1.400,0.000,0.667,19.290,14.000,-16.9015,-1.5000,-41.451,-41.451,-27.335,-19.704,1.200,-2.500,0.0050,0.585,nan,0.00,1,1,0,0,0,0.0000,0.000,0,0.000,0,0.000,0,0,search,,SEARCH,1,0,0,0.000,0,0,1
1785733923.190,61.311,23.094,160.397,0.4416,1,8.750,-18.000,-12.000,0.2328,4.000,1.400,0.000,0.667,19.290,14.000,-17.0700,-1.5000,-41.620,-41.620,-27.269,-20.019,1.200,-2.500,0.0050,0.567,nan,0.00,1,1,0,0,0,0.0000,0.000,0,0.000,0,0.000,1,0,search,,SEARCH,1,0,0,0.000,0,0,0
1785733923.229,61.260,22.874,160.214,0.4430,1,8.750,-18.000,-12.000,0.2342,4.000,1.400,0.000,0.667,19.290,14.000,-17.0604,-1.5000,-41.610,-41.610,-27.227,-20.272,1.200,-2.500,0.0050,0.550,nan,0.00,1,1,0,0,0,0.0000,0.000,0,0.000,0,0.000,0,0,search,,SEARCH,1,0,0,0.000,0,0,0
1785733923.267,57.860,20.424,157.270,0.4985,1,8.750,-18.000,-12.000,0.2643,4.000,1.400,0.000,0.667,19.290,14.000,-16.6689,-1.5000,-41.219,-41.219,-27.127,-21.181,1.200,-2.500,0.0050,0.534,nan,0.00,1,1,0,0,0,0.0000,0.000,0,0.000,0,0.000,0,0,search,,SEARCH,1,0,0,0.000,0,0,0
1785733923.307,54.439,19.134,155.419,0.5494,0,8.750,-18.000,-12.000,0.2657,4.000,1.400,0.000,0.667,19.290,14.000,-16.4195,-1.5000,-40.969,-40.969,-27.001,-21.531,1.200,-2.500,0.0050,0.518,nan,0.00,1,1,0,0,0,0.0000,0.000,0,0.000,0,0.000,0,0,search,,SEARCH,1,0,0,0.000,0,0,0
1785733923.343,53.968,19.750,152.485,0.5536,0,8.750,-18.000,-12.000,0.2664,4.000,1.400,0.000,0.667,19.290,14.000,-17.2089,-1.5000,-41.759,-41.759,-26.939,-20.241,1.200,-2.500,0.0050,0.502,nan,0.00,1,1,0,0,0,0.0000,0.000,0,0.000,0,0.000,3,0,search,,SEARCH,1,0,0,0.000,0,0,0
1785733923.371,56.336,21.472,155.607,0.5158,0,8.750,-18.000,-12.000,0.2670,4.000,1.400,0.000,0.667,19.290,14.000,-17.1721,-1.5000,-41.722,-41.722,-26.874,-20.308,1.200,-2.500,0.0050,0.487,nan,0.00,1,1,0,0,0,0.0000,0.000,0,0.000,0,0.000,0,0,search,,SEARCH,1,0,0,0.000,0,0,0
1785733923.402,56.336,21.472,155.607,0.5158,0,8.750,-18.000,-12.000,0.2677,4.000,1.400,0.000,0.667,19.290,14.000,-17.1721,-1.5000,-41.722,-41.722,-26.874,-20.308,1.200,-2.500,0.0050,0.472,nan,0.00,1,1,0,0,0,0.0000,0.000,0,0.000,0,0.000,0,0,search,,SEARCH,1,0,0,0.000,0,-1,0
1785733923.440,58.450,22.552,157.485,0.4832,1,8.750,-18.000,-12.000,0.2593,4.000,1.400,0.000,0.667,19.290,14.000,-17.2267,-1.5000,-41.776,-41.776,-26.813,-20.303,1.200,-2.500,0.0050,0.458,nan,0.00,1,1,0,0,0,0.0000,0.000,0,0.000,0,0.000,0,0,search,,SEARCH,1,0,0,0.000,0,-1,1
1785733923.472,60.128,23.055,158.405,0.4583,1,8.750,-18.000,-12.000,0.2464,4.000,1.400,0.000,0.667,19.290,14.000,-17.2885,-1.5000,-41.838,-41.838,-26.792,-20.357,1.200,-2.500,0.0050,0.444,nan,0.00,1,1,0,0,0,0.0000,0.000,0,0.000,0,0.000,1,0,search,,SEARCH,1,0,0,0.000,0,-1,1
1785733923.513,60.644,22.962,158.172,0.4514,1,8.750,-18.000,-12.000,0.2432,4.000,1.400,0.000,0.667,19.290,14.000,-17.3478,-1.5000,-41.897,-41.897,-26.712,-20.652,1.200,-2.500,0.0050,0.431,nan,0.00,1,1,0,0,0,0.0000,0.000,0,0.000,0,0.000,0,0,search,,SEARCH,1,0,0,0.000,0,0,0
1785733923.548,60.644,22.962,158.172,0.4514,1,8.750,-18.000,-12.000,0.2437,4.000,1.400,0.000,0.667,19.290,14.000,-17.3478,-1.5000,-41.897,-41.897,-26.712,-20.652,1.200,-2.500,0.0050,0.418,nan,0.00,1,1,0,0,0,0.0000,0.000,0,0.000,0,0.000,0,0,search,,SEARCH,1,0,0,0.000,0,0,0
1785733923.587,55.151,21.155,153.992,0.5329,0,8.750,-18.000,-12.000,0.2604,4.000,1.400,0.000,0.667,19.290,14.000,-17.2966,-1.5000,-41.846,-41.846,-26.520,-20.799,1.200,-2.500,0.0050,0.406,nan,0.00,1,1,0,0,0,0.0000,0.000,0,0.000,0,0.000,0,0,search,,SEARCH,1,0,0,0.000,0,0,0
1785733923.625,56.434,21.518,154.714,0.5144,0,8.750,-18.000,-12.000,0.2710,4.000,1.400,0.000,0.667,19.290,14.000,-17.3411,-1.5000,-41.891,-41.891,-26.466,-20.918,1.200,-2.500,0.0050,0.393,nan,0.00,1,1,0,0,0,0.0000,0.000,0,0.000,0,0.000,0,0,search,,SEARCH,1,0,0,0.000,0,0,0
1785733923.666,57.147,21.937,155.417,0.5032,0,8.750,-18.000,-12.000,0.2715,4.000,1.400,0.000,0.667,19.290,14.000,-17.3763,-1.5000,-41.926,-41.926,-26.416,-20.990,1.200,-2.500,0.0050,0.382,nan,0.00,1,1,0,0,0,0.0000,0.000,0,0.000,0,0.000,0,0,search,,SEARCH,1,0,0,0.000,0,0,0
1785733923.704,56.673,21.606,154.891,0.5108,0,8.750,-18.000,-12.000,0.2720,4.000,1.400,0.000,0.667,19.290,14.000,-17.3718,-1.5000,-41.921,-41.921,-26.364,-21.152,1.200,-2.500,0.0050,0.370,nan,0.00,1,1,0,0,0,0.0000,0.000,0,0.000,0,0.000,0,0,search,,SEARCH,1,0,0,0.000,0,0,0
1785733923.727,54.611,21.604,153.858,0.5384,0,8.750,-18.000,-12.000,0.2725,4.000,1.400,0.000,0.667,19.290,14.000,-17.5390,-1.5000,-42.089,-42.089,-26.409,-20.926,1.200,-2.500,0.0050,0.359,nan,0.00,1,1,0,0,0,0.0000,0.000,0,0.000,0,0.000,0,0,search,,SEARCH,1,0,0,0.000,0,0,0
1785733923.768,54.611,21.604,153.858,0.5384,0,8.750,-18.000,-12.000,0.2730,4.000,1.400,0.000,0.667,19.290,14.000,-17.5390,-1.5000,-42.089,-42.089,-26.409,-20.926,1.200,-2.500,0.0050,0.348,nan,0.00,1,1,0,0,0,0.0000,0.000,0,0.000,0,0.000,0,0,search,,SEARCH,1,0,0,0.000,0,0,0
1785733923.806,54.663,21.583,153.914,0.5378,0,8.750,-18.000,-12.000,0.2734,4.000,1.400,0.000,0.667,19.290,14.000,-17.6464,-1.5000,-42.196,-42.196,-26.376,-21.220,1.200,-2.500,0.0050,0.338,nan,0.00,1,1,0,0,0,0.0000,0.000,0,0.000,0,0.000,0,0,search,,SEARCH,1,0,0,0.000,0,0,0
1785733923.843,54.646,21.566,153.921,0.5381,0,8.750,-18.000,-12.000,0.2739,4.000,1.400,0.000,0.667,19.290,14.000,-17.6851,-1.5000,-42.235,-42.235,-26.359,-21.385,1.200,-2.500,0.0050,0.328,nan,0.00,1,1,0,0,0,0.0000,0.000,0,0.000,0,0.000,0,0,search,,SEARCH,1,0,0,0.000,0,0,0
1785733923.869,54.629,21.549,153.928,0.5384,0,8.750,-18.000,-12.000,0.2743,4.000,1.400,0.000,0.667,19.290,14.000,-17.7275,-1.5000,-42.277,-42.277,-26.357,-21.544,1.200,-2.500,0.0050,0.318,nan,0.00,1,1,0,0,0,0.0000,0.000,0,0.000,0,0.000,0,0,search,,SEARCH,1,0,0,0.000,0,0,0
1785733923.925,54.607,21.530,153.931,0.5388,0,8.750,-18.000,-12.000,0.2747,4.000,1.400,0.000,0.667,19.290,14.000,-17.7586,-1.5000,-42.308,-42.308,-26.326,-21.701,1.200,-2.500,0.0050,0.308,nan,0.00,1,1,0,0,0,0.0000,0.000,0,0.000,0,0.000,0,0,search,,SEARCH,1,0,0,0.000,0,0,0
1785733923.970,54.587,21.510,153.935,0.5391,0,8.750,-18.000,-12.000,0.2751,4.000,1.400,0.000,0.667,19.290,14.000,-17.7891,-1.5000,-42.339,-42.339,-26.295,-21.857,1.200,-2.500,0.0050,0.299,nan,0.00,1,1,0,0,0,0.0000,0.000,0,0.000,0,0.000,0,0,search,,SEARCH,1,0,0,0.000,0,0,1
1785733923.997,54.563,21.490,153.936,0.5395,0,8.750,-18.000,-12.000,0.2755,4.000,1.400,0.000,0.667,19.290,14.000,-17.8190,-1.5000,-42.369,-42.369,-26.264,-22.010,1.200,-2.500,0.0050,0.290,nan,0.00,1,1,0,0,0,0.0000,0.000,0,0.000,0,0.000,0,0,search,,SEARCH,1,0,0,0.000,0,0,0
1785733924.032,54.537,21.467,153.936,0.5399,0,8.750,-18.000,-12.000,0.2758,4.000,1.400,0.000,0.667,19.290,14.000,-17.8492,-1.5000,-42.399,-42.399,-26.233,-22.169,1.200,-2.500,0.0050,0.281,nan,0.00,1,1,0,0,0,0.0000,0.000,0,0.000,0,0.000,0,0,search,,SEARCH,1,0,0,0.000,0,0,0
1785733924.073,54.485,21.421,153.940,0.5408,0,8.750,-18.000,-12.000,0.2762,4.000,1.400,0.000,0.667,19.290,14.000,-17.9054,-1.5000,-42.455,-42.455,-26.171,-22.476,1.200,-2.500,0.0050,0.273,nan,0.00,1,1,0,0,0,0.0000,0.000,0,0.000,0,0.000,0,0,search,,SEARCH,1,0,0,0.000,0,0,0
1785733924.124,54.457,21.397,153.942,0.5413,0,8.750,-18.000,-12.000,0.2765,4.000,1.400,0.000,0.667,19.290,14.000,-17.9338,-1.5000,-42.483,-42.483,-26.139,-22.636,1.200,-2.500,0.0050,0.265,nan,0.00,1,1,0,0,0,0.0000,0.000,0,0.000,0,0.000,0,0,search,,SEARCH,1,0,0,0.000,0,0,0
1785733924.150,54.429,21.371,153.944,0.5417,0,8.750,-18.000,-10.500,0.2769,4.000,-1.400,0.000,0.667,-19.290,14.000,-17.9610,-1.5000,-42.511,-42.511,-26.109,-22.790,1.200,-2.500,0.0050,0.257,nan,0.00,1,1,0,0,0,0.0000,0.000,0,0.000,0,0.000,0,0,search,,SEARCH,1,0,0,0.000,0,0,0
1785733924.189,54.429,21.371,153.944,0.5417,0,8.750,-18.000,-9.000,0.2772,4.000,-1.400,0.000,0.667,-19.290,14.000,-17.9610,-1.5000,-42.511,-42.511,-26.109,-22.790,1.200,-2.500,0.0050,0.249,nan,0.00,1,1,0,0,0,0.0000,0.000,0,0.000,0,0.000,0,0,search,,SEARCH,1,0,0,0.000,0,0,0
1785733924.229,54.365,21.320,153.942,0.5427,0,8.750,-18.000,-7.500,0.2775,4.000,-1.400,0.000,0.667,-19.290,14.000,-18.0231,-1.5000,-42.573,-42.573,-26.042,-23.126,1.200,-2.500,0.0050,0.242,nan,0.00,1,1,0,0,0,0.0000,0.000,0,0.000,0,0.000,0,0,search,,SEARCH,1,0,0,0.000,0,0,0
1785733924.268,54.365,21.320,153.942,0.5427,0,8.750,-18.000,-6.000,0.2779,4.000,-1.400,0.000,0.667,-19.290,14.000,-18.0231,-1.5000,-42.573,-42.573,-26.042,-23.126,1.200,-2.500,0.0050,0.234,nan,0.00,1,1,0,0,0,0.0000,0.000,0,0.000,0,0.000,0,0,search,,SEARCH,1,0,0,0.000,0,0,0
1785733924.314,54.313,21.284,153.942,0.5436,0,8.750,-18.000,-4.500,0.2782,4.000,-1.400,0.000,0.667,-19.290,14.000,-18.0864,-1.5000,-42.636,-42.636,-25.979,-23.434,1.200,-2.500,0.0050,0.227,nan,0.00,1,1,0,0,0,0.0000,0.000,0,0.000,0,0.000,0,0,search,,SEARCH,1,0,0,0.000,0,0,0
1785733924.340,54.303,21.273,153.944,0.5437,0,8.750,-18.000,-3.000,0.2784,4.000,-1.400,0.000,0.667,-19.290,14.000,-18.1199,-1.5000,-42.670,-42.670,-25.949,-23.581,1.200,-2.500,0.0050,0.221,nan,0.00,1,1,0,0,0,0.0000,0.000,0,0.000,0,0.000,0,0,search,,SEARCH,1,0,0,0.000,0,0,0
1785733924.374,54.286,21.263,153.939,0.5440,0,8.750,-18.000,-1.500,0.2787,4.000,-1.400,0.000,0.667,-19.290,14.000,-18.1557,-1.5000,-42.705,-42.705,-25.918,-23.726,1.200,-2.500,0.0050,0.214,nan,0.00,1,1,0,0,0,0.0000,0.000,0,0.000,0,0.000,0,0,search,,SEARCH,1,0,0,0.000,0,0,0
1785733924.415,54.275,21.256,153.936,0.5442,0,8.750,-18.000,0.000,0.2790,4.000,-1.400,0.000,0.667,-19.290,14.000,-18.1914,-1.5000,-42.741,-42.741,-25.889,-23.867,1.200,-2.500,0.0050,0.208,nan,0.00,1,1,0,0,0,0.0000,0.000,0,0.000,0,0.000,0,0,search,,SEARCH,1,0,0,0.000,0,0,0
1785733924.454,54.266,21.252,153.931,0.5443,0,8.750,-18.000,1.500,0.2793,4.000,-1.400,0.000,0.667,-19.290,14.000,-18.2325,-1.5000,-42.782,-42.782,-25.857,-24.015,1.200,-2.500,0.0050,0.201,nan,0.00,1,1,0,0,0,0.0000,0.000,0,0.000,0,0.000,0,0,search,,SEARCH,1,0,0,0.000,0,0,0
1785733924.500,54.260,21.249,153.925,0.5444,0,8.750,-18.000,3.000,0.2795,4.000,-1.400,0.000,0.667,-19.290,14.000,-18.2712,-1.5000,-42.821,-42.821,-25.827,-24.153,1.200,-2.500,0.0050,0.195,nan,0.00,1,1,0,0,0,0.0000,0.000,0,0.000,0,0.000,0,0,search,,SEARCH,1,0,0,0.000,0,0,0
1785733924.548,54.252,21.248,153.918,0.5445,0,8.750,-18.000,4.500,0.2798,4.000,-1.400,0.000,0.667,-19.290,14.000,-18.3504,-1.5000,-42.900,-42.900,-25.766,-24.432,1.200,-2.500,0.0050,0.189,nan,0.00,1,1,0,0,0,0.0000,0.000,0,0.000,0,0.000,0,0,search,,SEARCH,1,0,0,0.000,0,0,0
1785733924.586,54.249,21.246,153.916,0.5446,0,8.750,-18.000,6.000,0.2800,4.000,-1.400,0.000,0.667,-19.290,14.000,-18.3915,-1.5000,-42.941,-42.941,-25.733,-24.579,1.200,-2.500,0.0050,0.184,nan,0.00,1,1,0,0,0,0.0000,0.000,0,0.000,0,0.000,0,0,search,,SEARCH,1,0,0,0.000,0,0,0
1785733924.625,54.247,21.246,153.916,0.5446,0,8.750,-18.000,7.500,0.2803,4.000,-1.400,0.000,0.667,-19.290,14.000,-18.4319,-1.5000,-42.982,-42.982,-25.701,-24.726,1.200,-2.500,0.0050,0.178,nan,0.00,1,1,0,0,0,0.0000,0.000,0,0.000,0,0.000,0,0,search,,SEARCH,1,0,0,0.000,0,0,0
1785733924.665,54.228,21.244,153.902,0.5448,0,8.750,-18.000,9.000,0.2805,4.000,-1.400,0.000,0.667,-19.290,14.000,-18.4759,-1.5000,-43.026,-43.026,-25.668,-24.876,1.200,-2.500,0.0050,0.173,nan,0.00,1,1,0,0,0,0.0000,0.000,0,0.000,0,0.000,0,0,search,,SEARCH,1,0,0,0.000,0,0,0
1785733924.704,54.223,21.243,153.900,0.5449,0,8.750,-18.000,10.500,0.2807,4.000,-1.400,0.000,0.667,-19.290,14.000,-18.5183,-1.5000,-43.068,-43.068,-25.635,-25.027,1.200,-2.500,0.0050,0.168,nan,0.00,1,1,0,0,0,0.0000,0.000,0,0.000,0,0.000,0,0,search,,SEARCH,1,0,0,0.000,0,0,0
1785733924.742,54.224,21.244,153.899,0.5449,0,8.750,-18.000,12.000,0.2809,4.000,-1.400,0.000,0.667,-19.290,14.000,-18.5586,-1.5000,-43.108,-43.108,-25.603,-25.171,1.200,-2.500,0.0050,0.163,nan,0.00,1,1,0,0,0,0.0000,0.000,0,0.000,0,0.000,0,0,search,,SEARCH,1,0,0,0.000,0,0,0
1785733924.781,54.229,21.267,153.865,0.5447,0,8.750,-18.000,12.000,0.2811,4.000,-1.400,0.000,0.667,-19.290,14.000,-18.6154,-1.5000,-43.165,-43.165,-25.576,-25.285,1.200,-2.500,0.0050,0.158,nan,0.00,1,1,0,0,0,0.0000,0.000,0,0.000,0,0.000,0,0,search,,SEARCH,1,0,0,0.000,0,0,0
1785733924.823,54.240,21.275,153.850,0.5446,0,8.750,-18.000,12.000,0.2813,4.000,-1.400,0.000,0.667,-19.290,14.000,-18.6631,-1.5000,-43.213,-43.213,-25.549,-25.420,1.200,-2.500,0.0050,0.153,nan,0.00,1,1,0,0,0,0.0000,0.000,0,0.000,0,0.000,0,0,search,,SEARCH,1,0,0,0.000,0,0,0
1785733924.857,54.254,21.280,153.839,0.5444,0,8.750,-18.000,12.000,0.2815,4.000,-1.400,0.000,0.667,-19.290,14.000,-18.7062,-1.5000,-43.256,-43.256,-25.522,-25.549,1.200,-2.500,0.0050,0.148,nan,0.00,1,1,0,0,0,0.0000,0.000,0,0.000,0,0.000,0,0,search,,SEARCH,1,0,0,0.000,0,0,0
1785733924.909,54.264,21.286,153.827,0.5442,0,8.750,-18.000,12.000,0.2817,4.000,-1.400,0.000,0.667,-19.290,14.000,-18.7497,-1.5000,-43.299,-43.299,-25.495,-25.679,1.200,-2.500,0.0050,0.144,nan,0.00,1,1,0,0,0,0.0000,0.000,0,0.000,0,0.000,0,0,search,,SEARCH,1,0,0,0.000,0,0,0
1785733924.955,54.287,21.297,153.803,0.5439,0,8.750,-18.000,12.000,0.2819,4.000,-1.400,0.000,0.667,-19.290,14.000,-18.8373,-1.5000,-43.387,-43.387,-25.438,-25.939,1.200,-2.500,0.0050,0.140,nan,0.00,1,1,0,0,0,0.0000,0.000,0,0.000,0,0.000,0,0,search,,SEARCH,1,0,0,0.000,0,0,0
1785733924.983,54.305,21.303,153.791,0.5436,0,8.750,-18.000,12.000,0.2821,4.000,-1.400,0.000,0.667,-19.290,14.000,-18.8826,-1.5000,-43.432,-43.432,-25.406,-26.073,1.200,-2.500,0.0050,0.135,nan,0.00,1,1,0,0,0,0.0000,0.000,0,0.000,0,0.000,0,0,search,,SEARCH,1,0,0,0.000,0,0,0
1785733925.032,54.319,21.310,153.776,0.5434,0,8.750,-18.000,12.000,0.2823,4.000,-1.400,0.000,0.667,-19.290,14.000,-18.9299,-1.5000,-43.479,-43.479,-25.374,-26.207,1.200,-2.500,0.0050,0.131,nan,0.00,1,1,0,0,0,0.0000,0.000,0,0.000,0,0.000,0,0,search,,SEARCH,1,0,0,0.000,0,0,0
1785733925.080,54.329,21.317,153.761,0.5432,0,8.750,-18.000,12.000,0.2824,4.000,-1.400,0.000,0.667,-19.290,14.000,-18.9785,-1.5000,-43.528,-43.528,-25.341,-26.347,1.200,-2.500,0.0050,0.127,nan,0.00,1,1,0,0,0,0.0000,0.000,0,0.000,0,0.000,2,0,search,,SEARCH,1,0,0,0.000,0,2,1
1785733925.121,54.355,21.328,153.734,0.5429,0,8.750,-18.000,12.000,0.2826,4.000,-1.400,0.000,0.667,-19.290,14.000,-19.0701,-1.5000,-43.620,-43.620,-25.279,-26.615,1.200,-2.500,0.0050,0.124,nan,0.00,1,1,0,0,0,0.0000,0.000,0,0.000,0,0.000,0,0,search,,SEARCH,1,0,0,0.000,0,0,0
1785733925.157,54.355,21.328,153.734,0.5429,0,8.750,-18.000,12.000,0.2828,4.000,-1.400,0.000,0.667,-19.290,14.000,-19.0701,-1.5000,-43.620,-43.620,-25.279,-26.615,1.200,-2.500,0.0050,0.120,nan,0.00,1,1,0,0,0,0.0000,0.000,0,0.000,0,0.000,3,0,search,,SEARCH,1,0,0,0.000,0,0,0
1785733925.198,54.377,21.341,153.710,0.5425,0,8.750,-18.000,12.000,0.2829,4.000,-1.400,0.000,0.667,-19.290,14.000,-19.1529,-1.5000,-43.703,-43.703,-25.221,-26.857,1.200,-2.500,0.0050,0.116,nan,0.00,1,1,0,0,0,0.0000,0.000,0,0.000,0,0.000,0,0,search,,SEARCH,1,0,0,0.000,0,0,0
1785733925.235,54.389,21.347,153.700,0.5423,0,8.750,-18.000,12.000,0.2831,4.000,-1.400,0.000,0.667,-19.290,14.000,-19.1949,-1.5000,-43.745,-43.745,-25.191,-26.983,1.200,-2.500,0.0050,0.113,nan,0.00,1,1,0,0,0,0.0000,0.000,0,0.000,0,0.000,0,0,search,,SEARCH,1,0,0,0.000,0,0,0
1785733925.275,54.396,21.355,153.684,0.5422,0,8.750,-18.000,12.000,0.2832,4.000,-1.400,0.000,0.667,-19.290,14.000,-19.2389,-1.5000,-43.788,-43.788,-25.163,-27.105,1.200,-2.500,0.0050,0.109,nan,0.00,1,1,0,0,0,0.0000,0.000,0,0.000,0,0.000,0,0,search,,SEARCH,1,0,0,0.000,0,0,0
1785733925.314,54.408,21.361,153.673,0.5420,0,8.750,-18.000,12.000,0.2833,4.000,-1.400,0.000,0.667,-19.290,14.000,-19.2830,-1.5000,-43.833,-43.833,-25.132,-27.237,1.200,-2.500,0.0050,0.106,nan,0.00,1,1,0,0,0,0.0000,0.000,0,0.000,0,0.000,0,0,search,,SEARCH,1,0,0,0.000,0,0,0
1785733925.354,54.423,21.365,153.664,0.5418,0,8.750,-18.000,12.000,0.2835,4.000,-1.400,0.000,0.667,-19.290,14.000,-19.3257,-1.5000,-43.875,-43.875,-25.101,-27.371,1.200,-2.500,0.0050,0.103,nan,0.00,1,1,0,0,0,0.0000,0.000,0,0.000,0,0.000,0,0,search,,SEARCH,1,0,0,0.000,0,0,0
1785733925.394,54.434,21.371,153.651,0.5416,0,8.750,-18.000,12.000,0.2836,4.000,-1.400,0.000,0.667,-19.290,14.000,-19.3696,-1.5000,-43.919,-43.919,-25.071,-27.499,1.200,-2.500,0.0050,0.100,nan,0.00,1,1,0,0,0,0.0000,0.000,0,0.000,0,0.000,1,0,search,,SEARCH,1,0,0,0.000,0,1,0
1785733925.432,54.461,21.383,153.628,0.5412,0,8.750,-18.000,12.000,0.2837,4.000,-1.400,0.000,0.667,-19.290,14.000,-19.4576,-1.5000,-44.007,-44.007,-25.008,-27.763,1.200,-2.500,0.0050,0.097,nan,0.00,1,1,0,0,0,0.0000,0.000,0,0.000,0,0.000,0,0,search,,SEARCH,1,0,0,0.000,0,0,0
1785733925.470,54.473,21.389,153.615,0.5411,0,8.750,-18.000,12.000,0.2839,4.000,-1.400,0.000,0.667,-19.290,14.000,-19.5015,-1.5000,-44.051,-44.051,-24.978,-27.892,1.200,-2.500,0.0050,0.094,nan,0.00,1,1,0,0,0,0.0000,0.000,0,0.000,0,0.000,0,0,search,,SEARCH,1,0,0,0.000,0,0,0
1785733925.494,54.487,21.394,153.605,0.5409,0,8.750,-18.000,12.000,0.2840,4.000,-1.400,0.000,0.667,-19.290,14.000,-19.5444,-1.5000,-44.094,-44.094,-24.947,-28.025,1.200,-2.500,0.0050,0.091,nan,0.00,1,1,0,0,0,0.0000,0.000,0,0.000,0,0.000,0,0,search,,SEARCH,1,0,0,0.000,0,0,0
1785733925.532,54.487,21.394,153.605,0.5409,0,8.750,-18.000,12.000,0.2841,4.000,-1.400,0.000,0.667,-19.290,14.000,-19.5444,-1.5000,-44.094,-44.094,-24.947,-28.025,1.200,-2.500,0.0050,0.088,nan,0.00,1,1,0,0,0,0.0000,0.000,0,0.000,0,0.000,2,0,search,,SEARCH,1,0,0,0.000,0,0,0
1785733925.571,54.516,21.406,153.579,0.5404,0,8.750,-18.000,12.000,0.2842,4.000,-1.400,0.000,0.667,-19.290,14.000,-19.6334,-1.5000,-44.183,-44.183,-24.885,-28.288,1.200,-2.500,0.0050,0.086,nan,0.00,1,1,0,0,0,0.0000,0.000,0,0.000,0,0.000,0,0,search,,SEARCH,1,0,0,0.000,0,0,0
1785733925.610,54.528,21.411,153.569,0.5403,0,8.750,-18.000,12.000,0.2843,4.000,-1.400,0.000,0.667,-19.290,14.000,-19.6771,-1.5000,-44.227,-44.227,-24.854,-28.420,1.200,-2.500,0.0050,0.083,nan,0.00,1,1,0,0,0,0.0000,0.000,0,0.000,0,0.000,0,0,search,,SEARCH,1,0,0,0.000,0,0,0
1785733925.649,54.538,21.418,153.555,0.5401,0,8.750,-18.000,12.000,0.2844,4.000,-1.400,0.000,0.667,-19.290,14.000,-19.7223,-1.5000,-44.272,-44.272,-24.823,-28.552,1.200,-2.500,0.0050,0.081,nan,0.00,1,1,0,0,0,0.0000,0.000,0,0.000,0,0.000,0,0,search,,SEARCH,1,0,0,0.000,0,0,0
1785733925.689,54.552,21.425,153.540,0.5399,0,8.750,-18.000,12.000,0.2845,4.000,-1.400,0.000,0.667,-19.290,14.000,-19.7695,-1.5000,-44.319,-44.319,-24.791,-28.688,1.200,-2.500,0.0050,0.078,nan,0.00,1,1,0,0,0,0.0000,0.000,0,0.000,0,0.000,0,0,search,,SEARCH,1,0,0,0.000,0,0,0
1785733925.736,54.572,21.427,153.529,0.5396,0,8.750,-18.000,12.000,0.2846,4.000,-1.400,0.000,0.667,-19.290,14.000,-19.8128,-1.5000,-44.362,-44.362,-24.760,-28.822,1.200,-2.500,0.0050,0.076,nan,0.00,1,1,0,0,0,0.0000,0.000,0,0.000,0,0.000,0,0,search,,SEARCH,1,0,0,0.000,0,0,1
1785733925.780,54.591,21.440,153.504,0.5393,0,8.750,-18.000,12.000,0.2847,4.000,-1.400,0.000,0.667,-19.290,14.000,-19.8982,-1.5000,-44.448,-44.448,-24.702,-29.071,1.200,-2.500,0.0050,0.074,nan,0.00,1,1,0,0,0,0.0000,0.000,0,0.000,0,0.000,0,0,search,,SEARCH,1,0,0,0.000,0,0,0
1785733925.805,54.604,21.444,153.494,0.5391,0,8.750,-18.000,12.000,0.2848,4.000,-1.400,0.000,0.667,-19.290,14.000,-19.9334,-1.5000,-44.483,-44.483,-24.677,-29.177,1.200,-2.500,0.0050,0.071,nan,0.00,1,1,0,0,0,0.0000,0.000,0,0.000,0,0.000,0,0,search,,SEARCH,1,0,0,0.000,0,0,0
1785733925.843,54.614,21.450,153.482,0.5390,0,8.750,-18.000,12.000,0.2849,4.000,-1.400,0.000,0.667,-19.290,14.000,-19.9727,-1.5000,-44.522,-44.522,-24.650,-29.291,1.200,-2.500,0.0050,0.069,nan,0.00,1,1,0,0,0,0.0000,0.000,0,0.000,0,0.000,0,0,search,,SEARCH,1,0,0,0.000,0,0,0
1785733925.892,54.623,21.458,153.467,0.5388,0,8.750,-18.000,12.000,0.2850,4.000,-1.400,0.000,0.667,-19.290,14.000,-20.0167,-1.5000,-44.566,-44.566,-24.621,-29.413,1.200,-2.500,0.0050,0.067,nan,0.00,1,1,0,0,0,0.0000,0.000,0,0.000,0,0.000,2,0,search,,SEARCH,1,0,0,0.000,0,0,0
1785733925.932,54.631,21.463,153.456,0.5387,0,8.750,-18.000,10.500,0.2851,4.000,1.400,0.000,0.667,19.290,14.000,-20.0595,-1.5000,-44.609,-44.609,-24.591,-29.542,1.200,-2.500,0.0050,0.065,nan,0.00,1,1,0,0,0,0.0000,0.000,0,0.000,0,0.000,0,0,search,,SEARCH,1,0,0,0.000,0,0,0
1785733925.971,54.648,21.468,153.444,0.5384,0,8.750,-18.000,9.000,0.2852,4.000,1.400,0.000,0.667,19.290,14.000,-20.1048,-1.5000,-44.654,-44.654,-24.558,-29.679,1.200,-2.500,0.0050,0.063,nan,0.00,1,1,0,0,0,0.0000,0.000,0,0.000,0,0.000,0,0,search,,SEARCH,1,0,0,0.000,0,0,1
1785733926.010,54.675,21.477,153.426,0.5381,0,8.750,-18.000,7.500,0.2853,4.000,1.400,0.000,0.667,19.290,14.000,-20.1894,-1.5000,-44.739,-44.739,-24.497,-29.942,1.200,-2.500,0.0050,0.061,nan,0.00,1,1,0,0,0,0.0000,0.000,0,0.000,0,0.000,0,0,search,,SEARCH,1,0,0,0.000,0,0,0
1785733926.049,54.692,21.481,153.416,0.5378,0,8.750,-18.000,6.000,0.2853,4.000,1.400,0.000,0.667,19.290,14.000,-20.2331,-1.5000,-44.783,-44.783,-24.464,-30.080,1.200,-2.500,0.0050,0.060,nan,0.00,1,1,0,0,0,0.0000,0.000,0,0.000,0,0.000,0,0,search,,SEARCH,1,0,0,0.000,0,0,0
1785733926.088,54.704,21.483,153.409,0.5377,0,8.750,-18.000,4.500,0.2854,4.000,1.400,0.000,0.667,19.290,14.000,-20.2724,-1.5000,-44.822,-44.822,-24.434,-30.213,1.200,-2.500,0.0050,0.058,nan,0.00,1,1,0,0,0,0.0000,0.000,0,0.000,0,0.000,0,0,search,,SEARCH,1,0,0,0.000,0,0,0
1785733926.128,54.712,21.484,153.401,0.5376,0,8.750,-18.000,3.000,0.2855,4.000,1.400,0.000,0.667,19.290,14.000,-20.3123,-1.5000,-44.862,-44.862,-24.402,-30.348,1.200,-2.500,0.0050,0.056,nan,0.00,1,1,0,0,0,0.0000,0.000,0,0.000,0,0.000,0,0,search,,SEARCH,1,0,0,0.000,0,0,0
1785733926.166,54.724,21.484,153.393,0.5374,0,8.750,-18.000,1.500,0.2856,4.000,1.400,0.000,0.667,19.290,14.000,-20.3529,-1.5000,-44.902,-44.902,-24.370,-30.488,1.200,-2.500,0.0050,0.054,nan,0.00,1,1,0,0,0,0.0000,0.000,0,0.000,0,0.000,0,0,search,,SEARCH,1,0,0,0.000,0,0,0
1785733926.205,54.733,21.482,153.389,0.5373,0,8.750,-18.000,0.000,0.2856,4.000,1.400,0.000,0.667,19.290,14.000,-20.3907,-1.5000,-44.940,-44.940,-24.339,-30.626,1.200,-2.500,0.0050,0.053,nan,0.00,1,1,0,0,0,0.0000,0.000,0,0.000,0,0.000,0,0,search,,SEARCH,1,0,0,0.000,0,0,0
1785733926.254,54.737,21.479,153.383,0.5372,0,8.750,-18.000,-1.500,0.2857,4.000,1.400,0.000,0.667,19.290,14.000,-20.4300,-1.5000,-44.980,-44.980,-24.307,-30.770,1.200,-2.500,0.0050,0.051,nan,0.00,1,1,0,0,0,0.0000,0.000,0,0.000,0,0.000,0,0,search,,SEARCH,1,0,0,0.000,0,0,1
1785733926.295,54.743,21.475,153.377,0.5372,0,8.750,-18.000,-3.000,0.2858,4.000,1.400,0.000,0.667,19.290,14.000,-20.4714,-1.5000,-45.021,-45.021,-24.272,-30.926,1.200,-2.500,0.0050,0.050,nan,0.00,1,1,0,0,0,0.0000,0.000,0,0.000,0,0.000,1,0,search,,SEARCH,1,0,0,0.000,0,0,0
1785733926.320,54.747,21.470,153.373,0.5371,0,8.750,-18.000,-4.500,0.2858,4.000,1.400,0.000,0.667,19.290,14.000,-20.5108,-1.5000,-45.060,-45.060,-24.239,-31.081,1.200,-2.500,0.0050,0.048,nan,0.00,1,1,0,0,0,0.0000,0.000,0,0.000,0,0.000,0,0,search,,SEARCH,1,0,0,0.000,0,0,0
1785733926.354,54.757,21.460,153.374,0.5370,0,8.750,-18.000,-6.000,0.2859,4.000,1.400,0.000,0.667,19.290,14.000,-20.5455,-1.5000,-45.095,-45.095,-24.206,-31.235,1.200,-2.500,0.0050,0.047,nan,0.00,1,1,0,0,0,0.0000,0.000,0,0.000,0,0.000,0,0,search,,SEARCH,1,0,0,0.000,0,0,0
1785733926.389,54.756,21.453,153.376,0.5371,0,8.750,-18.000,-7.500,0.2860,4.000,1.400,0.000,0.667,19.290,14.000,-20.5797,-1.5000,-45.129,-45.129,-24.174,-31.384,1.200,-2.500,0.0050,0.045,nan,0.00,1,1,0,0,0,0.0000,0.000,0,0.000,0,0.000,0,0,search,,SEARCH,1,0,0,0.000,0,0,0
1785733926.428,54.749,21.441,153.377,0.5372,0,8.750,-18.000,-9.000,0.2860,4.000,1.400,0.000,0.667,19.290,14.000,-20.6357,-1.5000,-45.185,-45.185,-24.122,-31.626,1.200,-2.500,0.0050,0.044,nan,0.00,1,1,0,0,0,0.0000,0.000,0,0.000,0,0.000,0,0,search,,SEARCH,1,0,0,0.000,0,0,0
1785733926.465,54.746,21.434,153.380,0.5373,0,8.750,-18.000,-10.500,0.2861,4.000,1.400,0.000,0.667,19.290,14.000,-20.6618,-1.5000,-45.211,-45.211,-24.097,-31.745,1.200,-2.500,0.0050,0.043,nan,0.00,1,1,0,0,0,0.0000,0.000,0,0.000,0,0.000,0,0,search,,SEARCH,1,0,0,0.000,0,0,0
1785733926.503,54.740,21.423,153.382,0.5374,0,8.750,-18.000,-12.000,0.2861,4.000,1.400,0.000,0.667,19.290,14.000,-20.6912,-1.5000,-45.241,-45.241,-24.067,-31.888,1.200,-2.500,0.0050,0.041,nan,0.00,1,1,0,0,0,0.0000,0.000,0,0.000,0,0.000,2,0,search,,SEARCH,1,0,0,0.000,0,2,0
1785733926.537,54.804,21.394,153.391,0.5367,0,8.750,-18.000,-12.000,0.2862,4.000,1.400,0.000,0.667,19.290,14.000,-20.7271,-1.5000,-45.277,-45.277,-24.026,-32.097,1.200,-2.500,0.0050,0.040,nan,0.00,1,1,0,0,0,0.0000,0.000,0,0.000,0,0.000,0,0,search,,SEARCH,1,0,0,0.000,0,0,0
1785733926.566,54.890,21.341,153.329,0.5357,0,8.750,-18.000,-12.000,0.2862,4.000,1.400,0.000,0.667,19.290,14.000,-20.7558,-1.5000,-45.305,-45.305,-24.001,-32.223,1.200,-2.500,0.0050,0.039,nan,0.00,1,1,0,0,0,0.0000,0.000,0,0.000,0,0.000,0,0,search,,SEARCH,1,0,0,0.000,0,0,0
1785733926.603,54.941,21.299,153.291,0.5352,0,8.750,-18.000,-12.000,0.2863,4.000,1.400,0.000,0.667,19.290,14.000,-20.7834,-1.5000,-45.333,-45.333,-23.972,-32.365,1.200,-2.500,0.0050,0.038,nan,0.00,1,1,0,0,0,0.0000,0.000,0,0.000,0,0.000,0,0,search,,SEARCH,1,0,0,0.000,0,0,0
1785733926.644,54.971,21.263,153.245,0.5349,0,8.750,-18.000,-12.000,0.2863,4.000,1.400,0.000,0.667,19.290,14.000,-20.8172,-1.5000,-45.367,-45.367,-23.944,-32.504,1.200,-2.500,0.0050,0.037,nan,0.00,1,1,0,0,0,0.0000,0.000,0,0.000,0,0.000,0,0,search,,SEARCH,1,0,0,0.000,0,0,0
1785733926.682,55.027,21.226,153.192,0.5343,0,8.750,-18.000,-12.000,0.2864,4.000,1.400,0.000,0.667,19.290,14.000,-20.8541,-1.5000,-45.404,-45.404,-23.913,-32.645,1.200,-2.500,0.0050,0.035,nan,0.00,1,1,0,0,0,0.0000,0.000,0,0.000,0,0.000,1,0,search,,SEARCH,1,0,0,0.000,0,0,0
1785733926.729,55.181,21.153,153.125,0.5325,0,8.750,-18.000,-12.000,0.2864,4.000,1.400,0.000,0.667,19.290,14.000,-20.9082,-1.5000,-45.458,-45.458,-23.855,-32.921,1.200,-2.500,0.0050,0.034,nan,0.00,1,1,0,0,0,0.0000,0.000,0,0.000,0,0.000,0,0,search,,SEARCH,1,0,0,0.000,0,0,0
1785733926.768,55.226,21.100,153.064,0.5321,0,8.750,-18.000,-12.000,0.2865,4.000,1.400,0.000,0.667,19.290,14.000,-20.9433,-1.5000,-45.493,-45.493,-23.818,-33.092,1.200,-2.500,0.0050,0.033,nan,0.00,1,1,0,0,0,0.0000,0.000,0,0.000,0,0.000,0,0,search,,SEARCH,1,0,0,0.000,0,0,0
1785733926.813,55.282,21.063,153.001,0.5315,0,8.750,-18.000,-12.000,0.2865,4.000,1.400,0.000,0.667,19.290,14.000,-20.9805,-1.5000,-45.530,-45.530,-23.787,-33.228,1.200,-2.500,0.0050,0.032,nan,0.00,1,1,0,0,0,0.0000,0.000,0,0.000,0,0.000,0,0,search,,SEARCH,1,0,0,0.000,0,0,0
1785733926.855,55.321,21.037,152.954,0.5311,0,8.750,-18.000,-12.000,0.2866,4.000,1.400,0.000,0.667,19.290,14.000,-21.0110,-1.5000,-45.561,-45.561,-23.763,-33.333,1.200,-2.500,0.0050,0.031,nan,0.00,1,1,0,0,0,0.0000,0.000,0,0.000,0,0.000,0,0,search,,SEARCH,1,0,0,0.000,0,0,1
1785733926.899,55.378,21.011,152.929,0.5304,0,8.750,-18.000,-12.000,0.2866,4.000,1.400,0.000,0.667,19.290,14.000,-21.0388,-1.5000,-45.588,-45.588,-23.736,-33.458,1.200,-2.500,0.0050,0.030,nan,0.00,1,1,0,0,0,0.0000,0.000,0,0.000,0,0.000,0,0,search,,SEARCH,1,0,0,0.000,0,0,0
1785733926.945,55.489,20.944,152.811,0.5291,0,8.750,-18.000,-12.000,0.2866,4.000,1.400,0.000,0.667,19.290,14.000,-21.1147,-1.5000,-45.664,-45.664,-23.679,-33.719,1.200,-2.500,0.0050,0.030,nan,0.00,1,1,0,0,0,0.0000,0.000,0,0.000,0,0.000,1,0,search,,SEARCH,1,0,0,0.000,0,1,0
1785733926.986,55.534,20.922,152.749,0.5286,0,8.750,-18.000,-12.000,0.2867,4.000,1.400,0.000,0.667,19.290,14.000,-21.1595,-1.5000,-45.709,-45.709,-23.648,-33.847,1.200,-2.500,0.0050,0.029,nan,0.00,1,1,0,0,0,0.0000,0.000,0,0.000,0,0.000,0,0,search,,SEARCH,1,0,0,0.000,0,0,0
1785733927.022,55.601,20.896,152.687,0.5278,0,8.750,-18.000,-12.000,0.2867,4.000,1.400,0.000,0.667,19.290,14.000,-21.2024,-1.5000,-45.752,-45.752,-23.617,-33.978,1.200,-2.500,0.0050,0.028,nan,0.00,1,1,0,0,0,0.0000,0.000,0,0.000,0,0.000,0,0,search,,SEARCH,1,0,0,0.000,0,0,0
1785733927.047,55.642,20.875,152.626,0.5273,0,8.750,-18.000,-12.000,0.2867,4.000,1.400,0.000,0.667,19.290,14.000,-21.2475,-1.5000,-45.797,-45.797,-23.587,-34.106,1.200,-2.500,0.0050,0.027,nan,0.00,1,1,0,0,0,0.0000,0.000,0,0.000,0,0.000,0,0,search,,SEARCH,1,0,0,0.000,0,0,0
1785733927.083,55.668,20.847,152.589,0.5271,0,8.750,-18.000,-12.000,0.2868,4.000,1.400,0.000,0.667,19.290,14.000,-21.2796,-1.5000,-45.829,-45.829,-23.560,-34.236,1.200,-2.500,0.0050,0.026,nan,0.00,1,1,0,0,0,0.0000,0.000,0,0.000,0,0.000,0,0,search,,SEARCH,1,0,0,0.000,0,0,0
1785733927.108,55.758,20.822,152.506,0.5259,0,8.750,-18.000,-12.000,0.2868,4.000,1.400,0.000,0.667,19.290,14.000,-21.3293,-1.5000,-45.879,-45.879,-23.531,-34.353,1.200,-2.500,0.0050,0.025,nan,0.00,1,1,0,0,0,0.0000,0.000,0,0.000,0,0.000,0,0,search,,SEARCH,1,0,0,0.000,0,0,0
1785733927.139,55.805,20.803,152.440,0.5254,0,8.750,-18.000,-12.000,0.2868,4.000,1.400,0.000,0.667,19.290,14.000,-21.3760,-1.5000,-45.926,-45.926,-23.501,-34.474,1.200,-2.500,0.0050,0.025,nan,0.00,1,1,0,0,0,0.0000,0.000,0,0.000,0,0.000,0,0,search,,SEARCH,1,0,0,0.000,0,0,0
1785733927.177,55.805,20.803,152.440,0.5254,0,8.750,-18.000,-12.000,0.2869,4.000,1.400,0.000,0.667,19.290,14.000,-21.3760,-1.5000,-45.926,-45.926,-23.501,-34.474,1.200,-2.500,0.0050,0.024,nan,0.00,1,1,0,0,0,0.0000,0.000,0,0.000,0,0.000,0,0,search,,SEARCH,1,0,0,0.000,0,0,0
1785733927.224,55.984,20.610,151.939,0.5236,0,8.750,-18.000,-12.000,0.2869,4.000,1.400,0.000,0.667,19.290,14.000,-21.5263,-1.5000,-46.076,-46.076,-23.436,-34.689,1.200,-2.500,0.0050,0.023,nan,0.00,1,1,0,0,0,0.0000,0.000,0,0.000,0,0.000,0,0,search,,SEARCH,1,0,0,0.000,0,0,0
1785733927.272,55.987,20.610,151.941,0.5236,0,8.750,-18.000,-12.000,0.2869,4.000,1.400,0.000,0.667,19.290,14.000,-21.5707,-1.5000,-46.120,-46.120,-23.403,-34.839,1.200,-2.500,0.0050,0.022,nan,0.00,1,1,0,0,0,0.0000,0.000,0,0.000,0,0.000,0,0,search,,SEARCH,1,0,0,0.000,0,0,1
1785733927.310,55.991,20.610,151.944,0.5235,0,8.750,-18.000,-12.000,0.2870,4.000,1.400,0.000,0.667,19.290,14.000,-21.6557,-1.5000,-46.205,-46.205,-23.342,-35.125,1.200,-2.500,0.0050,0.022,nan,0.00,1,1,0,0,0,0.0000,0.000,0,0.000,0,0.000,0,0,search,,SEARCH,1,0,0,0.000,0,0,0
1785733927.349,55.993,20.611,151.945,0.5235,0,8.750,-18.000,-12.000,0.2870,4.000,1.400,0.000,0.667,19.290,14.000,-21.6902,-1.5000,-46.240,-46.240,-23.315,-35.256,1.200,-2.500,0.0050,0.021,nan,0.00,1,1,0,0,0,0.0000,0.000,0,0.000,0,0.000,0,0,search,,SEARCH,1,0,0,0.000,0,0,0
1785733927.390,55.993,20.610,151.949,0.5235,0,8.750,-18.000,-12.000,0.2870,4.000,1.400,0.000,0.667,19.290,14.000,-21.7245,-1.5000,-46.274,-46.274,-23.286,-35.393,1.200,-2.500,0.0050,0.020,nan,0.00,1,1,0,0,0,0.0000,0.000,0,0.000,0,0.000,0,0,search,,SEARCH,1,0,0,0.000,0,0,0
1785733927.427,55.989,20.609,151.947,0.5236,0,8.750,-18.000,-12.000,0.2870,4.000,1.400,0.000,0.667,19.290,14.000,-21.7625,-1.5000,-46.312,-46.312,-23.255,-35.535,1.200,-2.500,0.0050,0.020,nan,0.00,1,1,0,0,0,0.0000,0.000,0,0.000,0,0.000,0,0,search,,SEARCH,1,0,0,0.000,0,0,0
1785733927.466,55.992,20.610,151.948,0.5235,0,8.750,-18.000,-12.000,0.2871,4.000,1.400,0.000,0.667,19.290,14.000,-21.7967,-1.5000,-46.346,-46.346,-23.227,-35.668,1.200,-2.500,0.0050,0.019,nan,0.00,1,1,0,0,0,0.0000,0.000,0,0.000,0,0.000,0,0,search,,SEARCH,1,0,0,0.000,0,0,0
1785733927.503,55.993,20.610,151.948,0.5235,0,8.750,-18.000,-12.000,0.2871,4.000,1.400,0.000,0.667,19.290,14.000,-21.8327,-1.5000,-46.382,-46.382,-23.197,-35.804,1.200,-2.500,0.0050,0.019,nan,0.00,1,1,0,0,0,0.0000,0.000,0,0.000,0,0.000,3,0,search,,SEARCH,1,0,0,0.000,0,0,0
1785733927.543,55.994,20.610,151.949,0.5235,0,8.750,-18.000,-12.000,0.2871,4.000,1.400,0.000,0.667,19.290,14.000,-21.8689,-1.5000,-46.419,-46.419,-23.166,-35.945,1.200,-2.500,0.0050,0.018,nan,0.00,1,1,0,0,0,0.0000,0.000,0,0.000,0,0.000,0,0,search,,SEARCH,1,0,0,0.000,0,0,0
1785733927.581,55.992,20.610,151.946,0.5235,0,8.750,-18.000,-12.000,0.2871,4.000,1.400,0.000,0.667,19.290,14.000,-21.9101,-1.5000,-46.460,-46.460,-23.133,-36.095,1.200,-2.500,0.0050,0.018,nan,0.00,1,1,0,0,0,0.0000,0.000,0,0.000,0,0.000,3,0,search,,SEARCH,1,0,0,0.000,0,3,0
1785733927.621,55.991,20.611,151.945,0.5235,0,8.750,-18.000,-12.000,0.2872,4.000,1.400,0.000,0.667,19.290,14.000,-21.9751,-1.5000,-46.525,-46.525,-23.081,-36.338,1.200,-2.500,0.0050,0.017,nan,0.00,1,1,0,0,0,0.0000,0.000,0,0.000,0,0.000,0,0,search,,SEARCH,1,0,0,0.000,0,0,0
1785733927.660,55.991,20.611,151.946,0.5235,0,8.750,-18.000,-10.500,0.2872,4.000,-1.400,0.000,0.667,-19.290,14.000,-22.0073,-1.5000,-46.557,-46.557,-23.054,-36.463,1.200,-2.500,0.0050,0.017,nan,0.00,1,1,0,0,0,0.0000,0.000,0,0.000,0,0.000,0,0,search,,SEARCH,1,0,0,0.000,0,0,0
1785733927.700,55.990,20.610,151.946,0.5235,0,8.750,-18.000,-9.000,0.2872,4.000,-1.400,0.000,0.667,-19.290,14.000,-22.0467,-1.5000,-46.596,-46.596,-23.020,-36.618,1.200,-2.500,0.0050,0.016,nan,0.00,1,1,0,0,0,0.0000,0.000,0,0.000,0,0.000,0,0,search,,SEARCH,1,0,0,0.000,0,0,0
1785733927.742,55.990,20.610,151.946,0.5235,0,8.750,-18.000,-7.500,0.2872,4.000,-1.400,0.000,0.667,-19.290,14.000,-22.0467,-1.5000,-46.596,-46.596,-23.020,-36.618,1.200,-2.500,0.0050,0.016,nan,0.00,1,1,0,0,0,0.0000,0.000,0,0.000,0,0.000,0,0,search,,SEARCH,1,0,0,0.000,0,0,1
1785733927.782,55.988,20.611,151.943,0.5236,0,8.750,-18.000,-6.000,0.2872,4.000,-1.400,0.000,0.667,-19.290,14.000,-22.1284,-1.5000,-46.678,-46.678,-22.951,-36.927,1.200,-2.500,0.0050,0.015,nan,0.00,1,1,0,0,0,0.0000,0.000,0,0.000,0,0.000,0,0,search,,SEARCH,1,0,0,0.000,0,0,0
1785733927.818,55.984,20.611,151.941,0.5236,0,8.750,-18.000,-4.500,0.2873,4.000,-1.400,0.000,0.667,-19.290,14.000,-22.1604,-1.5000,-46.710,-46.710,-22.925,-37.044,1.200,-2.500,0.0050,0.015,nan,0.00,1,1,0,0,0,0.0000,0.000,0,0.000,0,0.000,0,0,search,,SEARCH,1,0,0,0.000,0,0,0
1785733927.862,55.980,20.611,151.937,0.5237,0,8.750,-18.000,-3.000,0.2873,4.000,-1.400,0.000,0.667,-19.290,14.000,-22.1957,-1.5000,-46.745,-46.745,-22.897,-37.172,1.200,-2.500,0.0050,0.014,nan,0.00,1,1,0,0,0,0.0000,0.000,0,0.000,0,0.000,0,0,search,,SEARCH,1,0,0,0.000,0,0,0
1785733927.910,55.970,20.611,151.933,0.5238,0,8.750,-18.000,-1.500,0.2873,4.000,-1.400,0.000,0.667,-19.290,14.000,-22.2694,-1.5000,-46.819,-46.819,-22.838,-37.447,1.200,-2.500,0.0050,0.014,nan,0.00,1,1,0,0,0,0.0000,0.000,0,0.000,0,0.000,0,0,search,,SEARCH,1,0,0,0.000,0,0,0
1785733927.956,55.964,20.610,151.930,0.5239,0,8.750,-18.000,0.000,0.2873,4.000,-1.400,0.000,0.667,-19.290,14.000,-22.3086,-1.5000,-46.858,-46.858,-22.806,-37.592,1.200,-2.500,0.0050,0.013,nan,0.00,1,1,0,0,0,0.0000,0.000,0,0.000,0,0.000,2,0,search,,SEARCH,1,0,0,0.000,0,0,0
1785733927.997,55.957,20.611,151.928,0.5240,0,8.750,-18.000,1.500,0.2873,4.000,-1.400,0.000,0.667,-19.290,14.000,-22.3470,-1.5000,-46.897,-46.897,-22.775,-37.733,1.200,-2.500,0.0050,0.013,nan,0.00,1,1,0,0,0,0.0000,0.000,0,0.000,0,0.000,0,0,search,,SEARCH,1,0,0,0.000,0,0,0
1785733928.035,55.953,20.611,151.926,0.5240,0,8.750,-18.000,3.000,0.2874,4.000,-1.400,0.000,0.667,-19.290,14.000,-22.3844,-1.5000,-46.934,-46.934,-22.745,-37.871,1.200,-2.500,0.0050,0.013,nan,0.00,1,1,0,0,0,0.0000,0.000,0,0.000,0,0.000,2,0,search,,SEARCH,1,0,0,0.000,0,0,0
1785733928.085,55.948,20.613,151.922,0.5241,0,8.750,-18.000,4.500,0.2874,4.000,-1.400,0.000,0.667,-19.290,14.000,-22.4238,-1.5000,-46.973,-46.973,-22.714,-38.010,1.200,-2.500,0.0050,0.012,nan,0.00,1,1,0,0,0,0.0000,0.000,0,0.000,0,0.000,0,0,search,,SEARCH,1,0,0,0.000,0,0,1
1785733928.117,55.944,20.613,151.919,0.5242,0,8.750,-18.000,6.000,0.2874,4.000,-1.400,0.000,0.667,-19.290,14.000,-22.4635,-1.5000,-47.013,-47.013,-22.683,-38.153,1.200,-2.500,0.0050,0.012,nan,0.00,1,1,0,0,0,0.0000,0.000,0,0.000,0,0.000,1,0,search,,SEARCH,1,0,0,0.000,0,0,1
1785733928.149,55.943,20.615,151.920,0.5242,0,8.750,-18.000,7.500,0.2874,4.000,-1.400,0.000,0.667,-19.290,14.000,-22.5040,-1.5000,-47.054,-47.054,-22.651,-38.304,1.200,-2.500,0.0050,0.011,nan,0.00,1,1,0,0,0,0.0000,0.000,0,0.000,0,0.000,0,0,search,,SEARCH,1,0,0,0.000,0,0,0
1785733928.190,55.944,20.619,151.914,0.5241,0,8.750,-18.000,9.000,0.2874,4.000,-1.400,0.000,0.667,-19.290,14.000,-22.5489,-1.5000,-47.098,-47.098,-22.618,-38.453,1.200,-2.500,0.0050,0.011,nan,0.00,1,1,0,0,0,0.0000,0.000,0,0.000,0,0.000,3,0,search,,SEARCH,1,0,0,0.000,0,0,0
1785733928.231,55.950,20.622,151.910,0.5240,0,8.750,-18.000,10.500,0.2874,4.000,-1.400,0.000,0.667,-19.290,14.000,-22.5909,-1.5000,-47.141,-47.141,-22.586,-38.598,1.200,-2.500,0.0050,0.011,nan,0.00,1,1,0,0,0,0.0000,0.000,0,0.000,0,0.000,0,0,search,,SEARCH,1,0,0,0.000,0,0,0
1785733928.284,55.964,20.626,151.903,0.5238,0,8.750,-18.000,12.000,0.2874,4.000,-1.400,0.000,0.667,-19.290,14.000,-22.6552,-1.5000,-47.205,-47.205,-22.537,-38.822,1.200,-2.500,0.0050,0.010,nan,0.00,1,1,0,0,0,0.0000,0.000,0,0.000,0,0.000,0,0,search,,SEARCH,1,0,0,0.000,0,0,1
1785733928.330,55.971,20.634,151.892,0.5237,0,8.750,-18.000,12.000,0.2875,4.000,-1.400,0.000,0.667,-19.290,14.000,-22.7258,-1.5000,-47.275,-47.275,-22.485,-39.053,1.200,-2.500,0.0050,0.010,nan,0.00,1,1,0,0,0,0.0000,0.000,0,0.000,0,0.000,1,0,search,,SEARCH,1,0,0,0.000,0,1,0
1785733928.363,55.978,20.638,151.886,0.5236,0,8.750,-18.000,12.000,0.2875,4.000,-1.400,0.000,0.667,-19.290,14.000,-22.7619,-1.5000,-47.311,-47.311,-22.458,-39.173,1.200,-2.500,0.0050,0.010,nan,0.00,1,1,0,0,0,0.0000,0.000,0,0.000,0,0.000,0,0,search,,SEARCH,1,0,0,0.000,0,0,0
1785733928.412,55.983,20.639,151.884,0.5235,0,8.750,-18.000,12.000,0.2875,4.000,-1.400,0.000,0.667,-19.290,14.000,-22.7975,-1.5000,-47.347,-47.347,-22.430,-39.303,1.200,-2.500,0.0050,0.010,nan,0.00,1,1,0,0,0,0.0000,0.000,0,0.000,0,0.000,2,0,search,,SEARCH,1,0,0,0.000,0,2,1
1785733928.449,55.982,20.643,151.878,0.5235,0,8.750,-18.000,12.000,0.2875,4.000,-1.400,0.000,0.667,-19.290,14.000,-22.8336,-1.5000,-47.383,-47.383,-22.404,-39.418,1.200,-2.500,0.0050,0.009,nan,0.00,1,1,0,0,0,0.0000,0.000,0,0.000,0,0.000,0,0,search,,SEARCH,1,0,0,0.000,0,0,0
1785733928.488,55.981,20.647,151.871,0.5235,0,8.750,-18.000,12.000,0.2875,4.000,-1.400,0.000,0.667,-19.290,14.000,-22.8726,-1.5000,-47.422,-47.422,-22.375,-39.545,1.200,-2.500,0.0050,0.009,nan,0.00,1,1,0,0,0,0.0000,0.000,0,0.000,0,0.000,2,0,search,,SEARCH,1,0,0,0.000,0,2,0
1785733928.527,55.990,20.652,151.857,0.5234,0,8.750,-18.000,12.000,0.2875,4.000,-1.400,0.000,0.667,-19.290,14.000,-22.9549,-1.5000,-47.504,-47.504,-22.314,-39.818,1.200,-2.500,0.0050,0.009,nan,0.00,1,1,0,0,0,0.0000,0.000,0,0.000,0,0.000,0,0,search,,SEARCH,1,0,0,0.000,0,0,0
1785733928.565,55.997,20.655,151.852,0.5233,0,8.750,-18.000,12.000,0.2875,4.000,-1.400,0.000,0.667,-19.290,14.000,-22.9941,-1.5000,-47.544,-47.544,-22.285,-39.952,1.200,-2.500,0.0050,0.008,nan,0.00,1,1,0,0,0,0.0000,0.000,0,0.000,0,0.000,0,0,search,,SEARCH,1,0,0,0.000,0,0,0
1785733928.605,56.005,20.657,151.848,0.5232,0,8.750,-18.000,12.000,0.2875,4.000,-1.400,0.000,0.667,-19.290,14.000,-23.0319,-1.5000,-47.582,-47.582,-22.255,-40.082,1.200,-2.500,0.0050,0.008,nan,0.00,1,1,0,0,0,0.0000,0.000,0,0.000,0,0.000,0,0,search,,SEARCH,1,0,0,0.000,0,0,0
1785733928.644,56.010,20.660,151.843,0.5231,0,8.750,-18.000,12.000,0.2876,4.000,-1.400,0.000,0.667,-19.290,14.000,-23.0720,-1.5000,-47.622,-47.622,-22.225,-40.219,1.200,-2.500,0.0050,0.008,nan,0.00,1,1,0,0,0,0.0000,0.000,0,0.000,0,0.000,0,0,search,,SEARCH,1,0,0,0.000,0,0,0
1785733928.684,56.016,20.663,151.838,0.5230,0,8.750,-18.000,12.000,0.2876,4.000,-1.400,0.000,0.667,-19.290,14.000,-23.1117,-1.5000,-47.661,-47.661,-22.195,-40.353,1.200,-2.500,0.0050,0.008,nan,0.00,1,1,0,0,0,0.0000,0.000,0,0.000,0,0.000,0,0,search,,SEARCH,1,0,0,0.000,0,0,0
1785733928.727,56.019,20.666,151.833,0.5229,0,8.750,-18.000,12.000,0.2876,4.000,-1.400,0.000,0.667,-19.290,14.000,-23.1520,-1.5000,-47.702,-47.702,-22.164,-40.491,1.200,-2.500,0.0050,0.008,nan,0.00,1,1,0,0,0,0.0000,0.000,0,0.000,0,0.000,0,0,search,,SEARCH,1,0,0,0.000,0,0,1
1785733928.762,56.022,20.668,151.828,0.5229,0,8.750,-18.000,12.000,0.2876,4.000,-1.400,0.000,0.667,-19.290,14.000,-23.1895,-1.5000,-47.739,-47.739,-22.135,-40.621,1.200,-2.500,0.0050,0.007,nan,0.00,1,1,0,0,0,0.0000,0.000,0,0.000,0,0.000,0,0,search,,SEARCH,1,0,0,0.000,0,0,0
1785733928.800,56.021,20.671,151.821,0.5229,0,8.750,-18.000,12.000,0.2876,4.000,-1.400,0.000,0.667,-19.290,14.000,-23.2288,-1.5000,-47.778,-47.778,-22.106,-40.749,1.200,-2.500,0.0050,0.007,nan,0.00,1,1,0,0,0,0.0000,0.000,0,0.000,0,0.000,1,0,search,,SEARCH,1,0,0,0.000,0,0,0
1785733928.842,56.027,20.677,151.810,0.5228,0,8.750,-18.000,12.000,0.2876,4.000,-1.400,0.000,0.667,-19.290,14.000,-23.3074,-1.5000,-47.857,-47.857,-22.047,-41.011,1.200,-2.500,0.0050,0.007,nan,0.00,1,1,0,0,0,0.0000,0.000,0,0.000,0,0.000,0,0,search,,SEARCH,1,0,0,0.000,0,0,0
1785733928.880,56.037,20.680,151.803,0.5227,0,8.750,-18.000,12.000,0.2876,4.000,-1.400,0.000,0.667,-19.290,14.000,-23.3502,-1.5000,-47.900,-47.900,-22.015,-41.152,1.200,-2.500,0.0050,0.007,nan,0.00,1,1,0,0,0,0.0000,0.000,0,0.000,0,0.000,0,0,search,,SEARCH,1,0,0,0.000,0,0,0
1785733928.919,56.044,20.682,151.799,0.5226,0,8.750,-18.000,12.000,0.2876,4.000,-1.400,0.000,0.667,-19.290,14.000,-23.3892,-1.5000,-47.939,-47.939,-21.986,-41.287,1.200,-2.500,0.0050,0.006,nan,0.00,1,1,0,0,0,0.0000,0.000,0,0.000,0,0.000,0,0,search,,SEARCH,1,0,0,0.000,0,0,0
1785733928.960,56.048,20.684,151.797,0.5225,0,8.750,-18.000,12.000,0.2876,4.000,-1.400,0.000,0.667,-19.290,14.000,-23.4260,-1.5000,-47.976,-47.976,-21.957,-41.419,1.200,-2.500,0.0050,0.006,nan,0.00,1,1,0,0,0,0.0000,0.000,0,0.000,0,0.000,0,0,search,,SEARCH,1,0,0,0.000,0,0,0
1785733929.012,56.053,20.687,151.792,0.5224,0,8.750,-18.000,12.000,0.2876,4.000,-1.400,0.000,0.667,-19.290,14.000,-23.4649,-1.5000,-48.015,-48.015,-21.928,-41.550,1.200,-2.500,0.0050,0.006,nan,0.00,1,1,0,0,0,0.0000,0.000,0,0.000,0,0.000,0,0,search,,SEARCH,1,0,0,0.000,0,0,1
1785733929.051,56.061,20.692,151.785,0.5223,0,8.750,-18.000,12.000,0.2876,4.000,-1.400,0.000,0.667,-19.290,14.000,-23.5402,-1.5000,-48.090,-48.090,-21.869,-41.813,1.200,-2.500,0.0050,0.006,nan,0.00,1,1,0,0,0,0.0000,0.000,0,0.000,0,0.000,0,0,search,,SEARCH,1,0,0,0.000,0,0,0
1785733929.098,56.066,20.695,151.780,0.5222,0,8.750,-18.000,12.000,0.2877,4.000,-1.400,0.000,0.667,-19.290,14.000,-23.5796,-1.5000,-48.129,-48.129,-21.838,-41.950,1.200,-2.500,0.0050,0.006,nan,0.00,1,1,0,0,0,0.0000,0.000,0,0.000,0,0.000,2,0,search,,SEARCH,1,0,0,0.000,0,2,0
1785733929.138,56.066,20.701,151.772,0.5222,0,8.750,-18.000,12.000,0.2877,4.000,-1.400,0.000,0.667,-19.290,14.000,-23.6243,-1.5000,-48.174,-48.174,-21.805,-42.090,1.200,-2.500,0.0050,0.006,nan,0.00,1,1,0,0,0,0.0000,0.000,0,0.000,0,0.000,0,0,search,,SEARCH,1,0,0,0.000,0,0,0
1785733929.177,56.070,20.705,151.764,0.5221,0,8.750,-18.000,12.000,0.2877,4.000,-1.400,0.000,0.667,-19.290,14.000,-23.6661,-1.5000,-48.216,-48.216,-21.775,-42.224,1.200,-2.500,0.0050,0.005,nan,0.00,1,1,0,0,0,0.0000,0.000,0,0.000,0,0.000,3,0,search,,SEARCH,1,0,0,0.000,0,0,1
1785733929.216,56.075,20.707,151.760,0.5221,0,8.750,-18.000,12.000,0.2877,4.000,-1.400,0.000,0.667,-19.290,14.000,-23.7042,-1.5000,-48.254,-48.254,-21.745,-42.358,1.200,-2.500,0.0050,0.005,nan,0.00,1,1,0,0,0,0.0000,0.000,0,0.000,0,0.000,0,0,search,,SEARCH,1,0,0,0.000,0,0,0
1785733929.268,56.093,20.711,151.752,0.5218,0,8.750,-18.000,12.000,0.2877,4.000,-1.400,0.000,0.667,-19.290,14.000,-23.7830,-1.5000,-48.333,-48.333,-21.682,-42.640,1.200,-2.500,0.0050,0.005,nan,0.00,1,1,0,0,0,0.0000,0.000,0,0.000,0,0.000,0,0,search,,SEARCH,1,0,0,0.000,0,0,0
1785733929.307,56.099,20.714,151.746,0.5217,0,8.750,-18.000,12.000,0.2877,4.000,-1.400,0.000,0.667,-19.290,14.000,-23.8165,-1.5000,-48.366,-48.366,-21.657,-42.750,1.200,-2.500,0.0050,0.005,nan,0.00,1,1,0,0,0,0.0000,0.000,0,0.000,0,0.000,0,0,search,,SEARCH,1,0,0,0.000,0,0,0
1785733929.345,56.100,20.717,151.743,0.5217,0,8.750,-18.000,12.000,0.2877,4.000,-1.400,0.000,0.667,-19.290,14.000,-23.8531,-1.5000,-48.403,-48.403,-21.627,-42.879,1.200,-2.500,0.0050,0.005,nan,0.00,1,1,0,0,0,0.0000,0.000,0,0.000,0,0.000,3,0,search,,SEARCH,1,0,0,0.000,0,0,0
1785733929.384,56.110,20.718,151.739,0.5215,0,8.750,-18.000,12.000,0.2877,4.000,-1.400,0.000,0.667,-19.290,14.000,-23.8900,-1.5000,-48.440,-48.440,-21.597,-43.013,1.200,-2.500,0.0050,0.005,nan,0.00,1,1,0,0,0,0.0000,0.000,0,0.000,0,0.000,0,0,search,,SEARCH,1,0,0,0.000,0,0,0
1785733929.426,56.118,20.720,151.734,0.5214,0,8.750,-18.000,12.000,0.2877,4.000,-1.400,0.000,0.667,-19.290,14.000,-23.9274,-1.5000,-48.477,-48.477,-21.568,-43.143,1.200,-2.500,0.0050,0.004,nan,0.00,1,1,0,0,0,0.0000,0.000,0,0.000,0,0.000,0,0,search,,SEARCH,1,0,0,0.000,0,0,1
1785733929.464,56.123,20.723,151.730,0.5214,0,8.750,-18.000,12.000,0.2877,4.000,-1.400,0.000,0.667,-19.290,14.000,-23.9665,-1.5000,-48.516,-48.516,-21.538,-43.279,1.200,-2.500,0.0050,0.004,nan,0.00,1,1,0,0,0,0.0000,0.000,0,0.000,0,0.000,0,0,search,,SEARCH,1,0,0,0.000,0,0,0
1785733929.507,56.126,20.726,151.726,0.5213,0,8.750,-18.000,10.500,0.2877,4.000,1.400,0.000,0.667,19.290,14.000,-24.0066,-1.5000,-48.556,-48.556,-21.506,-43.417,1.200,-2.500,0.0050,0.004,nan,0.00,1,1,0,0,0,0.0000,0.000,0,0.000,0,0.000,0,0,search,,SEARCH,1,0,0,0.000,0,0,0
1785733929.545,56.141,20.731,151.716,0.5211,0,8.750,-18.000,9.000,0.2877,4.000,1.400,0.000,0.667,19.290,14.000,-24.0842,-1.5000,-48.634,-48.634,-21.446,-43.686,1.200,-2.500,0.0050,0.004,nan,0.00,1,1,0,0,0,0.0000,0.000,0,0.000,0,0.000,0,0,search,,SEARCH,1,0,0,0.000,0,0,0
1785733929.586,56.151,20.733,151.711,0.5209,0,8.750,-18.000,7.500,0.2877,4.000,1.400,0.000,0.667,19.290,14.000,-24.1230,-1.5000,-48.673,-48.673,-21.415,-43.824,1.200,-2.500,0.0050,0.004,nan,0.00,1,1,0,0,0,0.0000,0.000,0,0.000,0,0.000,0,0,search,,SEARCH,1,0,0,0.000,0,0,0
1785733929.623,56.159,20.734,151.708,0.5208,0,8.750,-18.000,6.000,0.2877,4.000,1.400,0.000,0.667,19.290,14.000,-24.1605,-1.5000,-48.710,-48.710,-21.384,-43.962,1.200,-2.500,0.0050,0.004,nan,0.00,1,1,0,0,0,0.0000,0.000,0,0.000,0,0.000,0,0,search,,SEARCH,1,0,0,0.000,0,0,0
1785733929.649,56.163,20.735,151.707,0.5208,0,8.750,-18.000,4.500,0.2877,4.000,1.400,0.000,0.667,19.290,14.000,-24.1953,-1.5000,-48.745,-48.745,-21.355,-44.094,1.200,-2.500,0.0050,0.004,nan,0.00,1,1,0,0,0,0.0000,0.000,0,0.000,0,0.000,0,0,search,,SEARCH,1,0,0,0.000,0,0,0
1785733929.689,56.167,20.735,151.706,0.5207,0,8.750,-18.000,3.000,0.2877,4.000,1.400,0.000,0.667,19.290,14.000,-24.2232,-1.5000,-48.773,-48.773,-21.332,-44.199,1.200,-2.500,0.0050,0.004,nan,0.00,1,1,0,0,0,0.0000,0.000,0,0.000,0,0.000,0,0,search,,SEARCH,1,0,0,0.000,0,0,0
1785733929.733,56.167,20.735,151.705,0.5207,0,8.750,-18.000,1.500,0.2877,4.000,1.400,0.000,0.667,19.290,14.000,-24.2838,-1.5000,-48.833,-48.833,-21.281,-44.433,1.200,-2.500,0.0050,0.004,nan,0.00,1,1,0,0,0,0.0000,0.000,0,0.000,0,0.000,0,0,search,,SEARCH,1,0,0,0.000,0,0,0
1785733929.775,56.170,20.734,151.707,0.5207,0,8.750,-18.000,0.000,0.2878,4.000,1.400,0.000,0.667,19.290,14.000,-24.3172,-1.5000,-48.867,-48.867,-21.252,-44.569,1.200,-2.500,0.0050,0.003,nan,0.00,1,1,0,0,0,0.0000,0.000,0,0.000,0,0.000,0,0,search,,SEARCH,1,0,0,0.000,0,0,0
1785733929.817,56.172,20.734,151.707,0.5206,0,8.750,-18.000,-1.500,0.2878,4.000,1.400,0.000,0.667,19.290,14.000,-24.3476,-1.5000,-48.897,-48.897,-21.226,-44.688,1.200,-2.500,0.0050,0.003,nan,0.00,1,1,0,0,0,0.0000,0.000,0,0.000,0,0.000,0,0,search,,SEARCH,1,0,0,0.000,0,0,1
1785733929.858,56.175,20.734,151.713,0.5206,0,8.750,-18.000,-3.000,0.2878,4.000,1.400,0.000,0.667,19.290,14.000,-24.4073,-1.5000,-48.957,-48.957,-21.173,-44.934,1.200,-2.500,0.0050,0.003,nan,0.00,1,1,0,0,0,0.0000,0.000,0,0.000,0,0.000,1,0,search,,SEARCH,1,0,0,0.000,0,1,0
1785733929.899,56.180,20.734,151.716,0.5205,0,8.750,-18.000,-4.500,0.2878,4.000,1.400,0.000,0.667,19.290,14.000,-24.4415,-1.5000,-48.991,-48.991,-21.143,-45.073,1.200,-2.500,0.0050,0.003,nan,0.00,1,1,0,0,0,0.0000,0.000,0,0.000,0,0.000,0,0,search,,SEARCH,1,0,0,0.000,0,0,0
1785733929.938,56.186,20.735,151.718,0.5204,0,8.750,-18.000,-6.000,0.2878,4.000,1.400,0.000,0.667,19.290,14.000,-24.4777,-1.5000,-49.027,-49.027,-21.112,-45.217,1.200,-2.500,0.0050,0.003,nan,0.00,1,1,0,0,0,0.0000,0.000,0,0.000,0,0.000,3,0,search,,SEARCH,1,0,0,0.000,0,3,0
1785733929.987,56.188,20.735,151.719,0.5204,0,8.750,-18.000,-7.500,0.2878,4.000,1.400,0.000,0.667,19.290,14.000,-24.5115,-1.5000,-49.061,-49.061,-21.083,-45.349,1.200,-2.500,0.0050,0.003,nan,0.00,1,1,0,0,0,0.0000,0.000,0,0.000,0,0.000,1,0,search,,SEARCH,1,0,0,0.000,0,1,1
1785733930.025,56.192,20.736,151.719,0.5204,0,8.750,-18.000,-9.000,0.2878,4.000,1.400,0.000,0.667,19.290,14.000,-24.5474,-1.5000,-49.097,-49.097,-21.053,-45.489,1.200,-2.500,0.0050,0.003,nan,0.00,1,1,0,0,0,0.0000,0.000,0,0.000,0,0.000,0,0,search,,SEARCH,1,0,0,0.000,0,0,0
1785733930.064,56.200,20.737,151.724,0.5203,0,8.750,-18.000,-10.500,0.2878,4.000,1.400,0.000,0.667,19.290,14.000,-24.6089,-1.5000,-49.159,-49.159,-21.000,-45.737,1.200,-2.500,0.0050,0.003,nan,0.00,1,1,0,0,0,0.0000,0.000,0,0.000,0,0.000,0,0,search,,SEARCH,1,0,0,0.000,0,0,0
1785733930.108,56.208,20.737,151.728,0.5201,0,8.750,-18.000,-12.000,0.2878,4.000,1.400,0.000,0.667,19.290,14.000,-24.6382,-1.5000,-49.188,-49.188,-20.973,-45.859,1.200,-2.500,0.0050,0.003,nan,0.00,1,1,0,0,0,0.0000,0.000,0,0.000,0,0.000,1,0,search,,SEARCH,1,0,0,0.000,0,1,0
1785733930.158,56.209,20.737,151.730,0.5201,0,8.750,-18.000,-12.000,0.2878,4.000,1.400,0.000,0.667,19.290,14.000,-24.6715,-1.5000,-49.221,-49.221,-20.944,-45.994,1.200,-2.500,0.0050,0.003,nan,0.00,1,1,0,0,0,0.0000,0.000,0,0.000,0,0.000,2,0,search,,SEARCH,1,0,0,0.000,0,2,0
1785733930.191,56.216,20.738,151.733,0.5200,0,8.750,-18.000,-12.000,0.2878,4.000,1.400,0.000,0.667,19.290,14.000,-24.7038,-1.5000,-49.253,-49.253,-20.916,-46.124,1.200,-2.500,0.0050,0.003,nan,0.00,1,1,0,0,0,0.0000,0.000,0,0.000,0,0.000,0,0,search,,SEARCH,1,0,0,0.000,0,0,0
1785733930.214,56.218,20.737,151.737,0.5200,0,8.750,-18.000,-12.000,0.2878,4.000,1.400,0.000,0.667,19.290,14.000,-24.7682,-1.5000,-49.318,-49.318,-20.859,-46.387,1.200,-2.500,0.0050,0.002,nan,0.00,1,1,0,0,0,0.0000,0.000,0,0.000,0,0.000,0,0,search,,SEARCH,1,0,0,0.000,0,0,0
1785733930.258,56.218,20.737,151.737,0.5200,0,8.750,-18.000,-12.000,0.2878,4.000,1.400,0.000,0.667,19.290,14.000,-24.7682,-1.5000,-49.318,-49.318,-20.859,-46.387,1.200,-2.500,0.0050,0.002,nan,0.00,1,1,0,0,0,0.0000,0.000,0,0.000,0,0.000,0,0,search,,SEARCH,1,0,0,0.000,0,0,1
1785733930.300,56.215,20.737,151.736,0.5201,0,8.750,-18.000,-12.000,0.2878,4.000,1.400,0.000,0.667,19.290,14.000,-24.8047,-1.5000,-49.354,-49.354,-20.829,-46.526,1.200,-2.500,0.0050,0.002,nan,0.00,1,1,0,0,0,0.0000,0.000,0,0.000,0,0.000,0,0,search,,SEARCH,1,0,0,0.000,0,0,0
1785733930.339,56.209,20.735,151.738,0.5201,0,8.750,-18.000,-12.000,0.2878,4.000,1.400,0.000,0.667,19.290,14.000,-24.8768,-1.5000,-49.426,-49.426,-20.766,-46.817,1.200,-2.500,0.0050,0.002,nan,0.00,1,1,0,0,0,0.0000,0.000,0,0.000,0,0.000,0,0,search,,SEARCH,1,0,0,0.000,0,0,0
1785733930.376,56.209,20.735,151.737,0.5201,0,8.750,-18.000,-12.000,0.2878,4.000,1.400,0.000,0.667,19.290,14.000,-24.9154,-1.5000,-49.465,-49.465,-20.734,-46.964,1.200,-2.500,0.0050,0.002,nan,0.00,1,1,0,0,0,0.0000,0.000,0,0.000,0,0.000,0,0,search,,SEARCH,1,0,0,0.000,0,0,0
1785733930.416,56.210,20.736,151.736,0.5201,0,8.750,-18.000,-12.000,0.2878,4.000,1.400,0.000,0.667,19.290,14.000,-24.9532,-1.5000,-49.503,-49.503,-20.702,-47.108,1.200,-2.500,0.0050,0.002,nan,0.00,1,1,0,0,0,0.0000,0.000,0,0.000,0,0.000,0,0,search,,SEARCH,1,0,0,0.000,0,0,0
1785733930.456,56.208,20.735,151.735,0.5202,0,8.750,-18.000,-12.000,0.2878,4.000,1.400,0.000,0.667,19.290,14.000,-24.9878,-1.5000,-49.537,-49.537,-20.673,-47.241,1.200,-2.500,0.0050,0.002,nan,0.00,1,1,0,0,0,0.0000,0.000,0,0.000,0,0.000,0,0,search,,SEARCH,1,0,0,0.000,0,0,0
1785733930.495,56.207,20.735,151.734,0.5202,0,8.750,-18.000,-12.000,0.2878,4.000,1.400,0.000,0.667,19.290,14.000,-25.0224,-1.5000,-49.572,-49.572,-20.644,-47.374,1.200,-2.500,0.0050,0.002,nan,0.00,1,1,0,0,0,0.0000,0.000,0,0.000,0,0.000,0,0,search,,SEARCH,1,0,0,0.000,0,0,0
1785733930.533,56.210,20.735,151.734,0.5201,0,8.750,-18.000,-12.000,0.2878,4.000,1.400,0.000,0.667,19.290,14.000,-25.0580,-1.5000,-49.608,-49.608,-20.614,-47.512,1.200,-2.500,0.0050,0.002,nan,0.00,1,1,0,0,0,0.0000,0.000,0,0.000,0,0.000,0,0,search,,SEARCH,1,0,0,0.000,0,0,0
1785733930.580,56.206,20.735,151.734,0.5202,0,8.750,-18.000,-12.000,0.2878,4.000,1.400,0.000,0.667,19.290,14.000,-25.0941,-1.5000,-49.644,-49.644,-20.584,-47.655,1.200,-2.500,0.0050,0.002,nan,0.00,1,1,0,0,0,0.0000,0.000,0,0.000,0,0.000,1,0,search,,SEARCH,1,0,0,0.000,0,1,0
1785733930.618,56.207,20.734,151.735,0.5202,0,8.750,-18.000,-12.000,0.2878,4.000,1.400,0.000,0.667,19.290,14.000,-25.1691,-1.5000,-49.719,-49.719,-20.521,-47.946,1.200,-2.500,0.0050,0.002,nan,0.00,1,1,0,0,0,0.0000,0.000,0,0.000,0,0.000,0,0,search,,SEARCH,1,0,0,0.000,0,0,0
1785733930.657,56.207,20.734,151.735,0.5202,0,8.750,-18.000,-12.000,0.2878,4.000,1.400,0.000,0.667,19.290,14.000,-25.1691,-1.5000,-49.719,-49.719,-20.521,-47.946,1.200,-2.500,0.0050,0.002,nan,0.00,1,1,0,0,0,0.0000,0.000,0,0.000,0,0.000,2,0,search,,SEARCH,1,0,0,0.000,0,2,0
1785733930.698,56.207,20.734,151.735,0.5202,0,8.750,-18.000,-12.000,0.2878,4.000,1.400,0.000,0.667,19.290,14.000,-25.2439,-1.5000,-49.794,-49.794,-20.457,-48.238,1.200,-2.500,0.0050,0.002,nan,0.00,1,1,0,0,0,0.0000,0.000,0,0.000,0,0.000,0,0,search,,SEARCH,1,0,0,0.000,0,0,0
1785733930.737,56.205,20.734,151.735,0.5202,0,8.750,-18.000,-12.000,0.2878,4.000,1.400,0.000,0.667,19.290,14.000,-25.2817,-1.5000,-49.831,-49.831,-20.425,-48.386,1.200,-2.500,0.0050,0.002,nan,0.00,1,1,0,0,0,0.0000,0.000,0,0.000,0,0.000,3,0,search,,SEARCH,1,0,0,0.000,0,3,0
1785733930.782,56.203,20.734,151.736,0.5202,0,8.750,-18.000,-12.000,0.2878,4.000,1.400,0.000,0.667,19.290,14.000,-25.3183,-1.5000,-49.868,-49.868,-20.393,-48.532,1.200,-2.500,0.0050,0.002,nan,0.00,1,1,0,0,0,0.0000,0.000,0,0.000,0,0.000,0,0,search,,SEARCH,1,0,0,0.000,0,0,0
1785733930.835,56.205,20.734,151.736,0.5202,0,8.750,-18.000,-12.000,0.2878,4.000,1.400,0.000,0.667,19.290,14.000,-25.3560,-1.5000,-49.906,-49.906,-20.362,-48.676,1.200,-2.500,0.0050,0.002,nan,0.00,1,1,0,0,0,0.0000,0.000,0,0.000,0,0.000,0,0,search,,SEARCH,1,0,0,0.000,0,0,1
1785733930.876,56.196,20.734,151.729,0.5203,0,8.750,-18.000,-12.000,0.2878,4.000,1.400,0.000,0.667,19.290,14.000,-25.4296,-1.5000,-49.979,-49.979,-20.302,-48.946,1.200,-2.500,0.0050,0.001,nan,0.00,1,1,0,0,0,0.0000,0.000,0,0.000,0,0.000,1,0,search,,SEARCH,1,0,0,0.000,0,0,0
1785733930.902,56.199,20.734,151.729,0.5203,0,8.750,-18.000,-12.000,0.2878,4.000,1.400,0.000,0.667,19.290,14.000,-25.4652,-1.5000,-50.015,-50.015,-20.273,-49.084,1.200,-2.500,0.0050,0.001,nan,0.00,1,1,0,0,0,0.0000,0.000,0,0.000,0,0.000,0,0,search,,SEARCH,1,0,0,0.000,0,0,0
1785733930.942,56.196,20.734,151.727,0.5203,0,8.750,-18.000,-12.000,0.2878,4.000,1.400,0.000,0.667,19.290,14.000,-25.5016,-1.5000,-50.051,-50.051,-20.243,-49.220,1.200,-2.500,0.0050,0.001,nan,0.00,1,1,0,0,0,0.0000,0.000,0,0.000,0,0.000,0,0,search,,SEARCH,1,0,0,0.000,0,0,0
1785733930.980,56.195,20.734,151.728,0.5203,0,8.750,-18.000,-12.000,0.2878,4.000,1.400,0.000,0.667,19.290,14.000,-25.5389,-1.5000,-50.089,-50.089,-20.211,-49.368,1.200,-2.500,0.0050,0.001,nan,0.00,1,1,0,0,0,0.0000,0.000,0,0.000,0,0.000,0,0,search,,SEARCH,1,0,0,0.000,0,0,0
1785733931.017,56.195,20.734,151.726,0.5203,0,8.750,-18.000,-12.000,0.2878,4.000,1.400,0.000,0.667,19.290,14.000,-25.5730,-1.5000,-50.123,-50.123,-20.183,-49.496,1.200,-2.500,0.0050,0.001,nan,0.00,1,1,0,0,0,0.0000,0.000,0,0.000,0,0.000,0,0,search,,SEARCH,1,0,0,0.000,0,0,0
1785733931.044,56.263,20.721,151.701,0.5195,0,8.750,-18.000,-12.000,0.2878,4.000,1.400,0.000,0.667,19.290,14.000,-25.6035,-1.5000,-50.153,-50.153,-20.156,-49.618,1.200,-2.500,0.0050,0.001,nan,0.00,1,1,0,0,0,0.0000,0.000,0,0.000,0,0.000,0,0,search,,SEARCH,1,0,0,0.000,0,0,0
1785733931.076,56.320,20.702,151.646,0.5187,0,8.750,-18.000,-12.000,0.2878,4.000,1.400,0.000,0.667,19.290,14.000,-25.6436,-1.5000,-50.193,-50.193,-20.127,-49.731,1.200,-2.500,0.0050,0.001,nan,0.00,1,1,0,0,0,0.0000,0.000,0,0.000,0,0.000,0,0,search,,SEARCH,1,0,0,0.000,0,0,0
1785733931.121,56.320,20.702,151.646,0.5187,0,8.750,-18.000,-12.000,0.2878,4.000,1.400,0.000,0.667,19.290,14.000,-25.6436,-1.5000,-50.193,-50.193,-20.127,-49.731,1.200,-2.500,0.0050,0.001,nan,0.00,1,1,0,0,0,0.0000,0.000,0,0.000,0,0.000,0,0,search,,SEARCH,1,0,0,0.000,0,0,0
1785733931.165,56.480,20.651,151.495,0.5167,0,8.750,-18.000,-12.000,0.2878,4.000,1.400,0.000,0.667,19.290,14.000,-25.7357,-1.5000,-50.285,-50.285,-20.062,-49.979,1.200,-2.500,0.0050,0.001,nan,0.00,1,1,0,0,0,0.0000,0.000,0,0.000,0,0.000,0,0,search,,SEARCH,1,0,0,0.000,0,0,0
1785733931.200,56.536,20.623,151.417,0.5161,0,8.750,-18.000,-12.000,0.2878,4.000,1.400,0.000,0.667,19.290,14.000,-25.7850,-1.5000,-50.335,-50.335,-20.028,-50.112,1.200,-2.500,0.0050,0.001,nan,0.00,1,1,0,0,0,0.0000,0.000,0,0.000,0,0.000,0,0,search,,SEARCH,1,0,0,0.000,0,0,0
1785733931.231,56.612,20.600,151.348,0.5151,0,8.750,-18.000,-12.000,0.2878,4.000,1.400,0.000,0.667,19.290,14.000,-25.8334,-1.5000,-50.383,-50.383,-19.993,-50.250,1.200,-2.500,0.0050,0.001,nan,0.00,1,1,0,0,0,0.0000,0.000,0,0.000,0,0.000,0,0,search,,SEARCH,1,0,0,0.000,0,0,0
1785733931.273,56.676,20.568,151.263,0.5144,0,8.750,-18.000,-10.500,0.2879,4.000,-1.400,0.000,0.667,-19.290,14.000,-25.8837,-1.5000,-50.433,-50.433,-19.959,-50.389,1.200,-2.500,0.0050,0.001,nan,0.00,1,1,0,0,0,0.0000,0.000,0,0.000,0,0.000,1,0,search,,SEARCH,1,0,0,0.000,0,1,0
1785733931.314,56.706,20.532,151.228,0.5141,0,8.750,-18.000,-9.000,0.2879,4.000,-1.400,0.000,0.667,-19.290,14.000,-25.9109,-1.5000,-50.461,-50.461,-19.926,-50.552,1.200,-2.500,0.0050,0.001,nan,0.00,1,1,0,0,0,0.0000,0.000,0,0.000,0,0.000,0,0,search,,SEARCH,1,0,0,0.000,0,0,0
1785733931.360,56.728,20.499,151.183,0.5139,0,8.750,-18.000,-7.500,0.2879,4.000,-1.400,0.000,0.667,-19.290,14.000,-25.9424,-1.5000,-50.492,-50.492,-19.894,-50.698,1.200,-2.500,0.0050,0.001,nan,0.00,1,1,0,0,0,0.0000,0.000,0,0.000,0,0.000,2,0,search,,SEARCH,1,0,0,0.000,0,0,0
1785733931.390,56.739,20.481,151.156,0.5138,0,8.750,-18.000,-6.000,0.2879,4.000,-1.400,0.000,0.667,-19.290,14.000,-25.9764,-1.5000,-50.526,-50.526,-19.863,-50.841,1.200,-2.500,0.0050,0.001,nan,0.00,1,1,0,0,0,0.0000,0.000,0,0.000,0,0.000,0,0,search,,SEARCH,1,0,0,0.000,0,0,0
1785733931.419,56.730,20.476,151.150,0.5139,0,8.750,-18.000,-4.500,0.2879,4.000,-1.400,0.000,0.667,-19.290,14.000,-26.0121,-1.5000,-50.562,-50.562,-19.832,-50.982,1.200,-2.500,0.0050,0.001,nan,0.00,1,1,0,0,0,0.0000,0.000,0,0.000,0,0.000,0,0,search,,SEARCH,1,0,0,0.000,0,0,0
1785733931.457,56.721,20.469,151.142,0.5141,0,8.750,-18.000,-3.000,0.2879,4.000,-1.400,0.000,0.667,-19.290,14.000,-26.0442,-1.5000,-50.594,-50.594,-19.802,-51.114,1.200,-2.500,0.0050,0.001,nan,0.00,1,1,0,0,0,0.0000,0.000,0,0.000,0,0.000,0,0,search,,SEARCH,1,0,0,0.000,0,0,0
1785733931.508,56.712,20.465,151.141,0.5142,0,8.750,-18.000,-1.500,0.2879,4.000,-1.400,0.000,0.667,-19.290,14.000,-26.0760,-1.5000,-50.626,-50.626,-19.772,-51.246,1.200,-2.500,0.0050,0.001,nan,0.00,1,1,0,0,0,0.0000,0.000,0,0.000,0,0.000,0,0,search,,SEARCH,1,0,0,0.000,0,0,1
1785733931.551,56.706,20.462,151.137,0.5143,0,8.750,-18.000,0.000,0.2879,4.000,-1.400,0.000,0.667,-19.290,14.000,-26.1082,-1.5000,-50.658,-50.658,-19.743,-51.374,1.200,-2.500,0.0050,0.001,nan,0.00,1,1,0,0,0,0.0000,0.000,0,0.000,0,0.000,0,0,search,,SEARCH,1,0,0,0.000,0,0,0
1785733931.598,56.698,20.461,151.131,0.5144,0,8.750,-18.000,1.500,0.2879,4.000,-1.400,0.000,0.667,-19.290,14.000,-26.1815,-1.5000,-50.731,-50.731,-19.683,-51.644,1.200,-2.500,0.0050,0.001,nan,0.00,1,1,0,0,0,0.0000,0.000,0,0.000,0,0.000,1,0,search,,SEARCH,1,0,0,0.000,0,0,0
1785733931.643,56.700,20.463,151.128,0.5144,0,8.750,-18.000,3.000,0.2879,4.000,-1.400,0.000,0.667,-19.290,14.000,-26.2231,-1.5000,-50.773,-50.773,-19.651,-51.792,1.200,-2.500,0.0050,0.001,nan,0.00,1,1,0,0,0,0.0000,0.000,0,0.000,0,0.000,1,0,search,,SEARCH,1,0,0,0.000,0,1,0
1785733931.675,56.703,20.467,151.120,0.5143,0,8.750,-18.000,4.500,0.2879,4.000,-1.400,0.000,0.667,-19.290,14.000,-26.2673,-1.5000,-50.817,-50.817,-19.620,-51.930,1.200,-2.500,0.0050,0.001,nan,0.00,1,1,0,0,0,0.0000,0.000,0,0.000,0,0.000,3,0,search,,SEARCH,1,0,0,0.000,0,3,0
1785733931.700,56.709,20.470,151.113,0.5142,0,8.750,-18.000,6.000,0.2879,4.000,-1.400,0.000,0.667,-19.290,14.000,-26.3112,-1.5000,-50.861,-50.861,-19.589,-52.069,1.200,-2.500,0.0050,0.001,nan,0.00,1,1,0,0,0,0.0000,0.000,0,0.000,0,0.000,0,0,search,,SEARCH,1,0,0,0.000,0,0,0
1785733931.740,56.715,20.477,151.107,0.5141,0,8.750,-18.000,7.500,0.2879,4.000,-1.400,0.000,0.667,-19.290,14.000,-26.3554,-1.5000,-50.905,-50.905,-19.559,-52.204,1.200,-2.500,0.0050,0.001,nan,0.00,1,1,0,0,0,0.0000,0.000,0,0.000,0,0.000,0,0,search,,SEARCH,1,0,0,0.000,0,0,0
1785733931.777,56.727,20.482,151.096,0.5139,0,8.750,-18.000,9.000,0.2879,4.000,-1.400,0.000,0.667,-19.290,14.000,-26.4053,-1.5000,-50.955,-50.955,-19.525,-52.355,1.200,-2.500,0.0050,0.001,nan,0.00,1,1,0,0,0,0.0000,0.000,0,0.000,0,0.000,0,0,search,,SEARCH,1,0,0,0.000,0,0,0
1785733931.815,56.734,20.487,151.088,0.5138,0,8.750,-18.000,10.500,0.2879,4.000,-1.400,0.000,0.667,-19.290,14.000,-26.4463,-1.5000,-50.996,-50.996,-19.497,-52.478,1.200,-2.500,0.0050,0.001,nan,0.00,1,1,0,0,0,0.0000,0.000,0,0.000,0,0.000,2,0,search,,SEARCH,1,0,0,0.000,0,0,0
1785733931.856,56.738,20.494,151.079,0.5138,0,8.750,-18.000,12.000,0.2879,4.000,-1.400,0.000,0.667,-19.290,14.000,-26.4835,-1.5000,-51.033,-51.033,-19.473,-52.580,1.200,-2.500,0.0050,0.001,nan,0.00,1,1,0,0,0,0.0000,0.000,0,0.000,0,0.000,0,0,search,,SEARCH,1,0,0,0.000,0,0,0
1785733931.889,56.746,20.498,151.072,0.5136,0,8.750,-18.000,12.000,0.2879,4.000,-1.400,0.000,0.667,-19.290,14.000,-26.5174,-1.5000,-51.067,-51.067,-19.450,-52.681,1.200,-2.500,0.0050,0.001,nan,0.00,1,1,0,0,0,0.0000,0.000,0,0.000,0,0.000,0,0,search,,SEARCH,1,0,0,0.000,0,0,0
1785733931.927,56.753,20.503,151.062,0.5135,0,8.750,-18.000,12.000,0.2879,4.000,-1.400,0.000,0.667,-19.290,14.000,-26.5556,-1.5000,-51.105,-51.105,-19.425,-52.788,1.200,-2.500,0.0050,0.001,nan,0.00,1,1,0,0,0,0.0000,0.000,0,0.000,0,0.000,1,0,search,,SEARCH,1,0,0,0.000,0,1,0
1785733931.966,56.774,20.517,151.038,0.5132,0,8.750,-18.000,12.000,0.2879,4.000,-1.400,0.000,0.667,-19.290,14.000,-26.6422,-1.5000,-51.192,-51.192,-19.372,-53.019,1.200,-2.500,0.0050,0.001,nan,0.00,1,1,0,0,0,0.0000,0.000,0,0.000,0,0.000,0,0,search,,SEARCH,1,0,0,0.000,0,0,0
1785733932.005,56.790,20.522,151.028,0.5129,0,8.750,-18.000,12.000,0.2879,4.000,-1.400,0.000,0.667,-19.290,14.000,-26.6815,-1.5000,-51.231,-51.231,-19.345,-53.136,1.200,-2.500,0.0050,0.001,nan,0.00,1,1,0,0,0,0.0000,0.000,0,0.000,0,0.000,0,0,search,,SEARCH,1,0,0,0.000,0,0,0
1785733932.043,56.797,20.529,151.017,0.5128,0,8.750,-18.000,12.000,0.2879,4.000,-1.400,0.000,0.667,-19.290,14.000,-26.7264,-1.5000,-51.276,-51.276,-19.315,-53.262,1.200,-2.500,0.0050,0.001,nan,0.00,1,1,0,0,0,0.0000,0.000,0,0.000,0,0.000,0,0,search,,SEARCH,1,0,0,0.000,0,0,0
1785733932.083,56.804,20.535,151.008,0.5127,0,8.750,-18.000,12.000,0.2879,4.000,-1.400,0.000,0.667,-19.290,14.000,-26.7696,-1.5000,-51.319,-51.319,-19.284,-53.391,1.200,-2.500,0.0050,0.001,nan,0.00,1,1,0,0,0,0.0000,0.000,0,0.000,0,0.000,0,0,search,,SEARCH,1,0,0,0.000,0,0,0
1785733932.123,56.823,20.540,150.998,0.5124,0,8.750,-18.000,12.000,0.2879,4.000,-1.400,0.000,0.667,-19.290,14.000,-26.8125,-1.5000,-51.362,-51.362,-19.253,-53.521,1.200,-2.500,0.0050,0.001,nan,0.00,1,1,0,0,0,0.0000,0.000,0,0.000,0,0.000,0,0,search,,SEARCH,1,0,0,0.000,0,0,0
1785733932.163,56.838,20.546,150.989,0.5122,0,8.750,-18.000,12.000,0.2879,4.000,-1.400,0.000,0.667,-19.290,14.000,-26.8539,-1.5000,-51.403,-51.403,-19.223,-53.649,1.200,-2.500,0.0050,0.001,nan,0.00,1,1,0,0,0,0.0000,0.000,0,0.000,0,0.000,0,0,search,,SEARCH,1,0,0,0.000,0,0,1
1785733932.202,56.870,20.556,150.968,0.5117,0,8.750,-18.000,12.000,0.2879,4.000,-1.400,0.000,0.667,-19.290,14.000,-26.9416,-1.5000,-51.491,-51.491,-19.161,-53.912,1.200,-2.500,0.0050,0.001,nan,0.00,1,1,0,0,0,0.0000,0.000,0,0.000,0,0.000,0,0,search,,SEARCH,1,0,0,0.000,0,0,0
1785733932.239,56.870,20.556,150.968,0.5117,0,8.750,-18.000,12.000,0.2879,4.000,-1.400,0.000,0.667,-19.290,14.000,-26.9416,-1.5000,-51.491,-51.491,-19.161,-53.912,1.200,-2.500,0.0050,0.000,nan,0.00,1,1,0,0,0,0.0000,0.000,0,0.000,0,0.000,0,0,search,,SEARCH,1,0,0,0.000,0,0,0
1785733932.278,56.890,20.570,150.942,0.5114,0,8.750,-18.000,12.000,0.2879,4.000,-1.400,0.000,0.667,-19.290,14.000,-27.0330,-1.5000,-51.583,-51.583,-19.100,-54.166,1.200,-2.500,0.0050,0.000,nan,0.00,1,1,0,0,0,0.0000,0.000,0,0.000,0,0.000,0,0,search,,SEARCH,1,0,0,0.000,0,0,0
1785733932.315,56.890,20.570,150.942,0.5114,0,8.750,-18.000,12.000,0.2879,4.000,-1.400,0.000,0.667,-19.290,14.000,-27.0330,-1.5000,-51.583,-51.583,-19.100,-54.166,1.200,-2.500,0.0050,0.000,nan,0.00,1,1,0,0,0,0.0000,0.000,0,0.000,0,0.000,2,0,search,,SEARCH,1,0,0,0.000,0,2,0
1785733932.363,56.919,20.581,150.920,0.5110,0,8.750,-18.000,12.000,0.2879,4.000,-1.400,0.000,0.667,-19.290,14.000,-27.1234,-1.5000,-51.673,-51.673,-19.038,-54.433,1.200,-2.500,0.0050,0.000,nan,0.00,1,1,0,0,0,0.0000,0.000,0,0.000,0,0.000,0,0,search,,SEARCH,1,0,0,0.000,0,0,0
1785733932.413,56.927,20.588,150.907,0.5109,0,8.750,-18.000,12.000,0.2879,4.000,-1.400,0.000,0.667,-19.290,14.000,-27.1689,-1.5000,-51.719,-51.719,-19.008,-54.558,1.200,-2.500,0.0050,0.000,nan,0.00,1,1,0,0,0,0.0000,0.000,0,0.000,0,0.000,0,0,search,,SEARCH,1,0,0,0.000,0,0,1
1785733932.451,56.953,20.599,150.887,0.5105,0,8.750,-18.000,12.000,0.2879,4.000,-1.400,0.000,0.667,-19.290,14.000,-27.2568,-1.5000,-51.806,-51.806,-18.947,-54.820,1.200,-2.500,0.0050,0.000,nan,0.00,1,1,0,0,0,0.0000,0.000,0,0.000,0,0.000,0,0,search,,SEARCH,1,0,0,0.000,0,0,0
1785733932.491,56.953,20.599,150.887,0.5105,0,8.750,-18.000,12.000,0.2879,4.000,-1.400,0.000,0.667,-19.290,14.000,-27.2568,-1.5000,-51.806,-51.806,-18.947,-54.820,1.200,-2.500,0.0050,0.000,nan,0.00,1,1,0,0,0,0.0000,0.000,0,0.000,0,0.000,0,0,search,,SEARCH,1,0,0,0.000,0,0,0
1785733932.530,56.975,20.611,150.864,0.5101,0,8.750,-18.000,12.000,0.2879,4.000,-1.400,0.000,0.667,-19.290,14.000,-27.3503,-1.5000,-51.900,-51.900,-18.882,-55.094,1.200,-2.500,0.0050,0.000,nan,0.00,1,1,0,0,0,0.0000,0.000,0,0.000,0,0.000,0,0,search,,SEARCH,1,0,0,0.000,0,0,0
1785733932.585,56.985,20.618,150.850,0.5100,0,8.750,-18.000,12.000,0.2879,4.000,-1.400,0.000,0.667,-19.290,14.000,-27.3981,-1.5000,-51.948,-51.948,-18.851,-55.226,1.200,-2.500,0.0050,0.000,nan,0.00,1,1,0,0,0,0.0000,0.000,0,0.000,0,0.000,0,0,search,,SEARCH,1,0,0,0.000,0,0,0
1785733932.623,57.001,20.624,150.839,0.5097,0,8.750,-18.000,12.000,0.2879,4.000,-1.400,0.000,0.667,-19.290,14.000,-27.4422,-1.5000,-51.992,-51.992,-18.820,-55.357,1.200,-2.500,0.0050,0.000,nan,0.00,1,1,0,0,0,0.0000,0.000,0,0.000,0,0.000,1,0,search,,SEARCH,1,0,0,0.000,0,1,0
1785733932.663,57.014,20.630,150.827,0.5095,0,8.750,-18.000,12.000,0.2879,4.000,-1.400,0.000,0.667,-19.290,14.000,-27.4866,-1.5000,-52.036,-52.036,-18.790,-55.485,1.200,-2.500,0.0050,0.000,nan,0.00,1,1,0,0,0,0.0000,0.000,0,0.000,0,0.000,0,0,search,,SEARCH,1,0,0,0.000,0,0,1
1785733932.708,57.025,20.636,150.813,0.5094,0,8.750,-18.000,12.000,0.2879,4.000,-1.400,0.000,0.667,-19.290,14.000,-27.5347,-1.5000,-52.084,-52.084,-18.758,-55.621,1.200,-2.500,0.0050,0.000,nan,0.00,1,1,0,0,0,0.0000,0.000,0,0.000,0,0.000,2,0,search,,SEARCH,1,0,0,0.000,0,2,0
1785733932.749,57.052,20.647,150.793,0.5089,0,8.750,-18.000,12.000,0.2879,4.000,-1.400,0.000,0.667,-19.290,14.000,-27.6215,-1.5000,-52.171,-52.171,-18.698,-55.882,1.200,-2.500,0.0050,0.000,nan,0.00,1,1,0,0,0,0.0000,0.000,0,0.000,0,0.000,0,0,search,,SEARCH,1,0,0,0.000,0,0,0
1785733932.788,57.064,20.653,150.779,0.5088,0,8.750,-18.000,12.000,0.2879,4.000,-1.400,0.000,0.667,-19.290,14.000,-27.6687,-1.5000,-52.218,-52.218,-18.667,-56.013,1.200,-2.500,0.0050,0.000,nan,0.00,1,1,0,0,0,0.0000,0.000,0,0.000,0,0.000,3,0,search,,SEARCH,1,0,0,0.000,0,3,0
1785733932.828,57.073,20.660,150.769,0.5086,0,8.750,-18.000,12.000,0.2879,4.000,-1.400,0.000,0.667,-19.290,14.000,-27.7117,-1.5000,-52.261,-52.261,-18.638,-56.138,1.200,-2.500,0.0050,0.000,nan,0.00,1,1,0,0,0,0.0000,0.000,0,0.000,0,0.000,0,0,search,,SEARCH,1,0,0,0.000,0,0,0
1785733932.867,57.084,20.665,150.760,0.5084,0,8.750,-18.000,12.000,0.2879,4.000,-1.400,0.000,0.667,-19.290,14.000,-27.7532,-1.5000,-52.303,-52.303,-18.608,-56.266,1.200,-2.500,0.0050,0.000,nan,0.00,1,1,0,0,0,0.0000,0.000,0,0.000,0,0.000,2,0,search,,SEARCH,1,0,0,0.000,0,0,0
1785733932.891,57.088,20.672,150.749,0.5084,0,8.750,-18.000,12.000,0.2879,4.000,-1.400,0.000,0.667,-19.290,14.000,-27.7959,-1.5000,-52.346,-52.346,-18.581,-56.380,1.200,-2.500,0.0050,0.000,nan,0.00,1,1,0,0,0,0.0000,0.000,0,0.000,0,0.000,0,0,search,,SEARCH,1,0,0,0.000,0,0,0
1785733932.924,57.098,20.678,150.739,0.5082,0,8.750,-18.000,12.000,0.2879,4.000,-1.400,0.000,0.667,-19.290,14.000,-27.8387,-1.5000,-52.388,-52.388,-18.552,-56.504,1.200,-2.500,0.0050,0.000,nan,0.00,1,1,0,0,0,0.0000,0.000,0,0.000,0,0.000,0,0,search,,SEARCH,1,0,0,0.000,0,0,0
1785733932.961,57.107,20.686,150.727,0.5081,0,8.750,-18.000,12.000,0.2879,4.000,-1.400,0.000,0.667,-19.290,14.000,-27.8829,-1.5000,-52.432,-52.432,-18.524,-56.622,1.200,-2.500,0.0050,0.000,nan,0.00,1,1,0,0,0,0.0000,0.000,0,0.000,0,0.000,1,0,search,,SEARCH,1,0,0,0.000,0,1,0
1785733933.002,57.113,20.693,150.713,0.5079,0,8.750,-18.000,12.000,0.2879,4.000,-1.400,0.000,0.667,-19.290,14.000,-27.9301,-1.5000,-52.480,-52.480,-18.495,-56.748,1.200,-2.500,0.0050,0.000,nan,0.00,1,1,0,0,0,0.0000,0.000,0,0.000,0,0.000,0,0,search,,SEARCH,1,0,0,0.000,0,0,0
1785733933.039,57.125,20.699,150.702,0.5078,0,8.750,-18.000,10.500,0.2879,4.000,1.400,0.000,0.667,19.290,14.000,-27.9754,-1.5000,-52.525,-52.525,-18.464,-56.882,1.200,-2.500,0.0050,0.000,nan,0.00,1,1,0,0,0,0.0000,0.000,0,0.000,0,0.000,0,0,search,,SEARCH,1,0,0,0.000,0,0,0
1785733933.064,57.142,20.704,150.691,0.5075,0,8.750,-18.000,9.000,0.2879,4.000,1.400,0.000,0.667,19.290,14.000,-28.0198,-1.5000,-52.569,-52.569,-18.433,-57.017,1.200,-2.500,0.0050,0.000,nan,0.00,1,1,0,0,0,0.0000,0.000,0,0.000,0,0.000,0,0,search,,SEARCH,1,0,0,0.000,0,0,0
1785733933.104,57.153,20.711,150.676,0.5073,0,8.750,-18.000,7.500,0.2879,4.000,1.400,0.000,0.667,19.290,14.000,-28.0706,-1.5000,-52.620,-52.620,-18.399,-57.160,1.200,-2.500,0.0050,0.000,nan,0.00,1,1,0,0,0,0.0000,0.000,0,0.000,0,0.000,0,0,search,,SEARCH,1,0,0,0.000,0,0,0
1785733933.150,57.164,20.717,150.666,0.5072,0,8.750,-18.000,6.000,0.2879,4.000,1.400,0.000,0.667,19.290,14.000,-28.1160,-1.5000,-52.666,-52.666,-18.367,-57.299,1.200,-2.500,0.0050,0.000,nan,0.00,1,1,0,0,0,0.0000,0.000,0,0.000,0,0.000,0,0,search,,SEARCH,1,0,0,0.000,0,0,0
1785733933.189,57.178,20.719,150.660,0.5070,0,8.750,-18.000,4.500,0.2879,4.000,1.400,0.000,0.667,19.290,14.000,-28.1567,-1.5000,-52.706,-52.706,-18.335,-57.441,1.200,-2.500,0.0050,0.000,nan,0.00,1,1,0,0,0,0.0000,0.000,0,0.000,0,0.000,0,0,search,,SEARCH,1,0,0,0.000,0,0,0
1785733933.228,57.188,20.722,150.654,0.5068,0,8.750,-18.000,3.000,0.2879,4.000,1.400,0.000,0.667,19.290,14.000,-28.1957,-1.5000,-52.745,-52.745,-18.304,-57.576,1.200,-2.500,0.0050,0.000,nan,0.00,1,1,0,0,0,0.0000,0.000,0,0.000,0,0.000,0,0,search,,SEARCH,1,0,0,0.000,0,0,0
1785733933.267,57.198,20.725,150.648,0.5067,0,8.750,-18.000,1.500,0.2879,4.000,1.400,0.000,0.667,19.290,14.000,-28.2361,-1.5000,-52.786,-52.786,-18.272,-57.713,1.200,-2.500,0.0050,0.000,nan,0.00,1,1,0,0,0,0.0000,0.000,0,0.000,0,0.000,0,0,search,,SEARCH,1,0,0,0.000,0,0,0
1785733933.305,57.206,20.727,150.641,0.5066,0,8.750,-18.000,0.000,0.2879,4.000,1.400,0.000,0.667,19.290,14.000,-28.2765,-1.5000,-52.826,-52.826,-18.240,-57.853,1.200,-2.500,0.0050,0.000,nan,0.00,1,1,0,0,0,0.0000,0.000,0,0.000,0,0.000,0,0,search,,SEARCH,1,0,0,0.000,0,0,1
1785733933.346,57.220,20.729,150.636,0.5064,0,8.750,-18.000,-1.500,0.2879,4.000,1.400,0.000,0.667,19.290,14.000,-28.3466,-1.5000,-52.896,-52.896,-18.180,-58.117,1.200,-2.500,0.0050,0.000,nan,0.00,1,1,0,0,0,0.0000,0.000,0,0.000,0,0.000,0,0,search,,SEARCH,1,0,0,0.000,0,0,0
1785733933.382,57.220,20.729,150.636,0.5064,0,8.750,-18.000,-3.000,0.2879,4.000,1.400,0.000,0.667,19.290,14.000,-28.3466,-1.5000,-52.896,-52.896,-18.180,-58.117,1.200,-2.500,0.0050,0.000,nan,0.00,1,1,0,0,0,0.0000,0.000,0,0.000,0,0.000,1,0,search,,SEARCH,1,0,0,0.000,0,1,0
1785733933.430,57.228,20.725,150.637,0.5063,0,8.750,-18.000,-4.500,0.2879,4.000,1.400,0.000,0.667,19.290,14.000,-28.4109,-1.5000,-52.961,-52.961,-18.121,-58.393,1.200,-2.500,0.0050,0.000,nan,0.00,1,1,0,0,0,0.0000,0.000,0,0.000,0,0.000,1,0,search,,SEARCH,1,0,0,0.000,0,1,0
1785733933.477,57.224,20.721,150.635,0.5063,0,8.750,-18.000,-6.000,0.2879,4.000,1.400,0.000,0.667,19.290,14.000,-28.4368,-1.5000,-52.986,-52.986,-18.096,-58.511,1.200,-2.500,0.0050,0.000,nan,0.00,1,1,0,0,0,0.0000,0.000,0,0.000,0,0.000,0,0,search,,SEARCH,1,0,0,0.000,0,0,0
1785733933.524,57.227,20.712,150.636,0.5063,0,8.750,-18.000,-7.500,0.2879,4.000,1.400,0.000,0.667,19.290,14.000,-28.4960,-1.5000,-53.046,-53.046,-18.038,-58.786,1.200,-2.500,0.0050,0.000,nan,0.00,1,1,0,0,0,0.0000,0.000,0,0.000,0,0.000,0,0,search,,SEARCH,1,0,0,0.000,0,0,0
1785733933.562,57.251,20.698,150.615,0.5061,0,8.750,-18.000,-9.000,0.2879,4.000,1.400,0.000,0.667,19.290,14.000,-28.5255,-1.5000,-53.075,-53.075,-18.008,-58.923,1.200,-2.500,0.0050,0.000,nan,0.00,1,1,0,0,0,0.0000,0.000,0,0.000,0,0.000,0,0,search,,SEARCH,1,0,0,0.000,0,0,0
1785733933.602,57.280,20.684,150.593,0.5057,0,8.750,-18.000,-10.500,0.2879,4.000,1.400,0.000,0.667,19.290,14.000,-28.5544,-1.5000,-53.104,-53.104,-17.979,-59.054,1.200,-2.500,0.0050,0.000,nan,0.00,1,1,0,0,0,0.0000,0.000,0,0.000,0,0.000,0,0,search,,SEARCH,1,0,0,0.000,0,0,0
1785733933.645,57.323,20.649,150.535,0.5052,0,8.750,-18.000,-12.000,0.2879,4.000,1.400,0.000,0.667,19.290,14.000,-28.6170,-1.5000,-53.167,-53.167,-17.920,-59.320,1.200,-2.500,0.0050,0.000,nan,0.00,1,1,0,0,0,0.0000,0.000,0,0.000,0,0.000,1,0,search,,SEARCH,1,0,0,0.000,0,0,0
1785733933.672,57.323,20.649,150.535,0.5052,0,8.750,-18.000,-12.000,0.2879,4.000,1.400,0.000,0.667,19.290,14.000,-28.6170,-1.5000,-53.167,-53.167,-17.920,-59.320,1.200,-2.500,0.0050,0.000,nan,0.00,1,1,0,0,0,0.0000,0.000,0,0.000,0,0.000,0,0,search,,SEARCH,1,0,0,0.000,0,0,0
1785733933.702,57.375,20.626,150.489,0.5046,0,8.750,-18.000,-12.000,0.2879,4.000,1.400,0.000,0.667,19.290,14.000,-28.6491,-1.5000,-53.199,-53.199,-17.889,-59.452,1.200,-2.500,0.0050,0.000,nan,0.00,1,1,0,0,0,0.0000,0.000,0,0.000,0,0.000,0,0,search,,SEARCH,1,0,0,0.000,0,0,0
1785733933.738,57.424,20.597,150.443,0.5040,0,8.750,-18.000,-12.000,0.2879,4.000,1.400,0.000,0.667,19.290,14.000,-28.6744,-1.5000,-53.224,-53.224,-17.860,-59.578,1.200,-2.500,0.0050,0.000,nan,0.00,1,1,0,0,0,0.0000,0.000,0,0.000,0,0.000,0,0,search,,SEARCH,1,0,0,0.000,0,0,0
1785733933.764,57.497,20.571,150.354,0.5031,0,8.750,-18.000,-12.000,0.2879,4.000,1.400,0.000,0.667,19.290,14.000,-28.7215,-1.5000,-53.271,-53.271,-17.831,-59.684,1.200,-2.500,0.0050,0.000,nan,0.00,1,1,0,0,0,0.0000,0.000,0,0.000,0,0.000,0,0,search,,SEARCH,1,0,0,0.000,0,0,0
1785733933.795,57.534,20.556,150.357,0.5026,0,8.750,-18.000,-12.000,0.2879,4.000,1.400,0.000,0.667,19.290,14.000,-28.7341,-1.5000,-53.284,-53.284,-17.804,-59.820,1.200,-2.500,0.0050,0.000,nan,0.00,1,1,0,0,0,0.0000,0.000,0,0.000,0,0.000,0,0,search,,SEARCH,1,0,0,0.000,0,0,0
1785733933.832,57.563,20.538,150.330,0.5023,0,8.750,-18.000,-12.000,0.2879,4.000,1.400,0.000,0.667,19.290,14.000,-28.7576,-1.5000,-53.307,-53.307,-17.779,-59.935,1.200,-2.500,0.0050,0.000,nan,0.00,1,1,0,0,0,0.0000,0.000,0,0.000,0,0.000,0,0,search,,SEARCH,1,0,0,0.000,0,0,0
1785733933.874,57.698,20.486,150.170,0.5006,0,8.750,-18.000,-12.000,0.2879,4.000,1.400,0.000,0.667,19.290,14.000,-28.8317,-1.5000,-53.381,-53.381,-17.727,-60.119,1.200,-2.500,0.0050,0.000,nan,0.00,1,1,0,0,0,0.0000,0.000,0,0.000,0,0.000,0,0,search,,SEARCH,1,0,0,0.000,0,0,0
1785733933.911,57.762,20.459,150.085,0.4998,1,8.750,-18.000,-12.000,0.2878,4.000,1.400,0.000,0.667,19.290,14.000,-28.8663,-1.5000,-53.416,-53.416,-17.704,-60.197,1.200,-2.500,0.0050,0.000,nan,0.00,1,1,0,0,0,0.0000,0.000,0,0.000,0,0.000,0,0,search,,SEARCH,1,0,0,0.000,0,0,0
1785733933.950,57.899,20.406,149.929,0.4981,1,8.750,-18.000,-12.000,0.2868,4.000,1.400,0.000,0.667,19.290,14.000,-28.9344,-1.5000,-53.484,-53.484,-17.653,-60.381,1.200,-2.500,0.0050,0.000,nan,0.00,1,1,0,0,0,0.0000,0.000,0,0.000,0,0.000,0,0,search,,SEARCH,1,0,0,0.000,0,0,0
1785733933.989,57.901,20.405,149.928,0.4980,1,8.750,-18.000,-12.000,0.2868,4.000,1.400,0.000,0.667,19.290,14.000,-28.9350,-1.5000,-53.485,-53.485,-17.652,-60.383,1.200,-2.500,0.0050,0.000,nan,0.00,1,1,0,0,0,0.0000,0.000,0,0.000,0,0.000,0,0,search,,SEARCH,1,0,0,0.000,0,0,1
1785733934.036,58.077,20.336,149.717,0.4958,1,8.750,-18.000,-12.000,0.2855,4.000,1.400,0.000,0.667,19.290,14.000,-29.0187,-1.5000,-53.568,-53.568,-17.594,-60.585,1.200,-2.500,0.0050,0.000,nan,0.00,1,1,0,0,0,0.0000,0.000,0,0.000,0,0.000,0,0,search,,SEARCH,1,0,0,0.000,0,0,0
1785733934.081,58.183,20.293,149.574,0.4945,1,8.750,-18.000,-12.000,0.2847,4.000,1.400,0.000,0.667,19.290,14.000,-29.0684,-1.5000,-53.618,-53.618,-17.564,-60.671,1.200,-2.500,0.0050,0.000,nan,0.00,1,1,0,0,0,0.0000,0.000,0,0.000,0,0.000,1,0,search,,SEARCH,1,0,0,0.000,0,0,0
1785733934.123,58.183,20.381,149.389,0.4942,1,8.750,-18.000,-12.000,0.2846,4.000,1.400,0.000,0.667,19.290,14.000,-29.2765,-1.5000,-53.826,-53.826,-17.579,-60.615,1.200,-2.500,0.0050,0.000,nan,0.00,1,1,0,0,0,0.0000,0.000,0,0.000,0,0.000,0,0,search,,SEARCH,1,0,0,0.000,0,0,1
1785733934.153,58.319,20.380,149.441,0.4923,1,8.750,-18.000,-12.000,0.2835,4.000,1.400,0.000,0.667,19.290,14.000,-29.2720,-1.5000,-53.822,-53.822,-17.592,-60.760,1.200,-2.500,0.0050,0.000,nan,0.00,1,1,0,0,0,0.0000,0.000,0,0.000,0,0.000,0,0,search,,SEARCH,1,0,0,0.000,0,0,0
1785733934.195,58.415,20.375,149.479,0.4910,1,8.750,-18.000,-12.000,0.2827,4.000,1.400,0.000,0.667,19.290,14.000,-29.2781,-1.5000,-53.828,-53.828,-17.604,-60.910,1.200,-2.500,0.0050,0.000,nan,0.00,1,1,0,0,0,0.0000,0.000,0,0.000,0,0.000,0,0,search,,SEARCH,1,0,0,0.000,0,0,1
1785733934.232,58.461,20.282,149.389,0.4906,1,8.750,-18.000,-12.000,0.2825,4.000,1.400,0.000,0.667,19.290,14.000,-29.2726,-1.5000,-53.822,-53.822,-17.616,-61.045,1.200,-2.500,0.0050,0.000,nan,0.00,1,1,0,0,0,0.0000,0.000,0,0.000,0,0.000,0,0,search,,SEARCH,1,0,0,0.000,0,0,0
1785733934.274,58.505,20.216,149.295,0.4902,1,8.750,-18.000,-12.000,0.2823,4.000,1.400,0.000,0.667,19.290,14.000,-29.2913,-1.5000,-53.841,-53.841,-17.627,-61.157,1.200,-2.500,0.0050,0.000,nan,0.00,1,1,0,0,0,0.0000,0.000,0,0.000,0,0.000,0,0,search,,SEARCH,1,0,0,0.000,0,-1,1
1785733934.309,58.649,20.036,149.073,0.4888,1,8.750,-18.000,-12.000,0.2814,4.000,1.400,0.000,0.667,19.290,14.000,-29.2779,-1.5000,-53.828,-53.828,-17.563,-61.435,1.200,-2.500,0.0050,0.000,nan,0.00,1,1,0,0,0,0.0000,0.000,0,0.000,0,0.000,0,0,search,,SEARCH,1,0,0,0.000,0,-1,0
1785733934.351,58.721,19.924,148.970,0.4881,1,8.750,-18.000,-12.000,0.2811,4.000,1.400,0.000,0.667,19.290,14.000,-29.2475,-1.5000,-53.797,-53.797,-17.534,-61.592,1.200,-2.500,0.0050,0.000,nan,0.00,1,1,0,0,0,0.0000,0.000,0,0.000,0,0.000,0,0,search,,SEARCH,1,0,0,0.000,0,-1,0
1785733934.388,58.802,19.900,148.977,0.4871,1,8.750,-18.000,-12.000,0.2804,4.000,1.400,0.000,0.667,19.290,14.000,-29.2413,-1.5000,-53.791,-53.791,-17.507,-61.740,1.200,-2.500,0.0050,0.000,nan,0.00,1,1,0,0,0,0.0000,0.000,0,0.000,0,0.000,0,0,search,,SEARCH,1,0,0,0.000,0,-1,0
1785733934.425,58.881,19.875,148.981,0.4860,1,8.750,-18.000,-12.000,0.2799,4.000,1.400,0.000,0.667,19.290,14.000,-29.2352,-1.5000,-53.785,-53.785,-17.481,-61.885,1.200,-2.500,0.0050,0.000,nan,0.00,1,1,0,0,0,0.0000,0.000,0,0.000,0,0.000,0,0,search,,SEARCH,1,0,0,0.000,0,-1,0
1785733934.451,58.984,19.753,148.819,0.4850,1,8.750,-18.000,-12.000,0.2792,4.000,1.400,0.000,0.667,19.290,14.000,-29.2122,-1.5000,-53.762,-53.762,-17.452,-62.012,1.200,-2.500,0.0050,0.000,nan,0.00,1,1,0,0,0,0.0000,0.000,0,0.000,0,0.000,0,0,search,,SEARCH,1,0,0,0.000,0,-1,0
1785733934.488,59.071,19.642,148.722,0.4841,1,8.750,-18.000,-12.000,0.2787,4.000,1.400,0.000,0.667,19.290,14.000,-29.1715,-1.5000,-53.721,-53.721,-17.424,-62.166,1.200,-2.500,0.0050,0.000,nan,0.00,1,1,0,0,0,0.0000,0.000,0,0.000,0,0.000,3,0,search,,SEARCH,1,0,0,0.000,0,-1,0
1785733934.514,59.071,19.642,148.722,0.4841,1,8.750,-18.000,-12.000,0.2787,4.000,1.400,0.000,0.667,19.290,14.000,-29.1715,-1.5000,-53.721,-53.721,-17.424,-62.166,1.200,-2.500,0.0050,0.000,nan,0.00,1,1,0,0,0,0.0000,0.000,0,0.000,0,0.000,0,0,search,,SEARCH,1,0,0,0.000,0,-1,0
1785733934.546,59.231,19.586,148.729,0.4820,1,8.750,-18.000,-12.000,0.2775,4.000,1.400,0.000,0.667,19.290,14.000,-29.1487,-1.5000,-53.698,-53.698,-17.366,-62.479,1.200,-2.500,0.0050,0.000,nan,0.00,1,1,0,0,0,0.0000,0.000,0,0.000,0,0.000,0,0,search,,SEARCH,1,0,0,0.000,0,-1,0
1785733934.586,59.325,19.519,148.671,0.4808,1,8.750,-18.000,-12.000,0.2769,4.000,1.400,0.000,0.667,19.290,14.000,-29.1266,-1.5000,-53.676,-53.676,-17.339,-62.619,1.200,-2.500,0.0050,0.000,nan,0.00,1,1,0,0,0,0.0000,0.000,0,0.000,0,0.000,0,0,search,,SEARCH,1,0,0,0.000,0,-1,1
1785733934.624,59.399,19.492,148.673,0.4799,1,8.750,-18.000,-12.000,0.2763,4.000,1.400,0.000,0.667,19.290,14.000,-29.1187,-1.5000,-53.668,-53.668,-17.310,-62.775,1.200,-2.500,0.0050,0.000,nan,0.00,1,1,0,0,0,0.0000,0.000,0,0.000,0,0.000,0,0,search,,SEARCH,1,0,0,0.000,0,-1,0
1785733934.661,59.478,19.466,148.679,0.4788,1,8.750,-18.000,-12.000,0.2757,4.000,1.400,0.000,0.667,19.290,14.000,-29.1128,-1.5000,-53.662,-53.662,-17.279,-62.943,1.200,-2.500,0.0050,0.000,nan,0.00,1,1,0,0,0,0.0000,0.000,0,0.000,0,0.000,0,0,search,,SEARCH,1,0,0,0.000,0,-1,0
1785733934.685,59.478,19.466,148.679,0.4788,1,8.750,-18.000,-12.000,0.2757,4.000,1.400,0.000,0.667,19.290,14.000,-29.1128,-1.5000,-53.662,-53.662,-17.279,-62.943,1.200,-2.500,0.0050,0.000,nan,0.00,1,1,0,0,0,0.0000,0.000,0,0.000,0,0.000,0,0,search,,SEARCH,1,0,0,0.000,0,-1,0
1785733934.729,59.560,19.441,148.685,0.4777,1,8.750,-18.000,-10.500,0.2751,4.000,-1.400,0.000,0.667,-19.290,14.000,-29.1052,-1.5000,-53.655,-53.655,-17.249,-63.105,1.200,-2.500,0.0050,0.000,nan,0.00,1,1,0,0,0,0.0000,0.000,0,0.000,0,0.000,0,0,search,,SEARCH,1,0,0,0.000,0,-1,1
1785733934.764,59.716,19.389,148.690,0.4757,1,8.750,-18.000,-9.000,0.2739,4.000,-1.400,0.000,0.667,-19.290,14.000,-29.0874,-1.5000,-53.637,-53.637,-17.191,-63.418,1.200,-2.500,0.0050,0.000,nan,0.00,1,1,0,0,0,0.0000,0.000,0,0.000,0,0.000,0,0,search,,SEARCH,1,0,0,0.000,0,-1,0
1785733934.804,59.716,19.389,148.690,0.4757,1,8.750,-18.000,-7.500,0.2739,4.000,-1.400,0.000,0.667,-19.290,14.000,-29.0874,-1.5000,-53.637,-53.637,-17.191,-63.418,1.200,-2.500,0.0050,0.000,nan,0.00,1,1,0,0,0,0.0000,0.000,0,0.000,0,0.000,0,0,search,,SEARCH,1,0,0,0.000,0,-1,0
1785733934.846,59.869,19.340,148.692,0.4737,1,8.750,-18.000,-6.000,0.2727,4.000,-1.400,0.000,0.667,-19.290,14.000,-29.0724,-1.5000,-53.622,-53.622,-17.134,-63.727,1.200,-2.500,0.0050,0.000,nan,0.00,1,1,0,0,0,0.0000,0.000,0,0.000,0,0.000,1,0,search,,SEARCH,1,0,0,0.000,0,-1,0
1785733934.896,59.942,19.312,148.691,0.4727,1,8.750,-18.000,-4.500,0.2722,4.000,-1.400,0.000,0.667,-19.290,14.000,-29.0628,-1.5000,-53.612,-53.612,-17.105,-63.887,1.200,-2.500,0.0050,0.000,nan,0.00,1,1,0,0,0,0.0000,0.000,0,0.000,0,0.000,0,0,search,,SEARCH,1,0,0,0.000,0,-1,1
1785733934.940,60.063,19.267,148.680,0.4711,1,8.750,-18.000,-3.000,0.2713,4.000,-1.400,0.000,0.667,-19.290,14.000,-29.0480,-1.5000,-53.598,-53.598,-17.061,-64.126,1.200,-2.500,0.0050,0.000,nan,0.00,1,1,0,0,0,0.0000,0.000,0,0.000,0,0.000,0,0,search,,SEARCH,1,0,0,0.000,0,-1,0
1785733934.981,60.128,19.252,148.681,0.4702,1,8.750,-18.000,-1.500,0.2707,4.000,-1.400,0.000,0.667,-19.290,14.000,-29.0451,-1.5000,-53.595,-53.595,-17.038,-64.249,1.200,-2.500,0.0050,0.000,nan,0.00,1,1,0,0,0,0.0000,0.000,0,0.000,0,0.000,0,0,search,,SEARCH,1,0,0,0.000,0,-1,0
1785733935.021,60.132,19.232,148.649,0.4702,1,8.750,-18.000,0.000,0.2707,4.000,-1.400,0.000,0.667,-19.290,14.000,-29.0684,-1.5000,-53.618,-53.618,-17.012,-64.369,1.200,-2.500,0.0050,0.000,nan,0.00,1,1,0,0,0,0.0000,0.000,0,0.000,0,0.000,0,0,search,,SEARCH,1,0,0,0.000,0,-1,1
1785733935.066,60.256,19.213,148.649,0.4685,1,8.750,-18.000,1.500,0.2697,4.000,-1.400,0.000,0.667,-19.290,14.000,-29.0747,-1.5000,-53.624,-53.624,-16.967,-64.609,1.200,-2.500,0.0050,0.000,nan,0.00,1,1,0,0,0,0.0000,0.000,0,0.000,0,0.000,0,0,search,,SEARCH,1,0,0,0.000,0,-1,0
1785733935.115,60.336,19.201,148.652,0.4674,1,8.750,-18.000,3.000,0.2691,4.000,-1.400,0.000,0.667,-19.290,14.000,-29.0741,-1.5000,-53.624,-53.624,-16.939,-64.755,1.200,-2.500,0.0050,0.000,nan,0.00,1,1,0,0,0,0.0000,0.000,0,0.000,0,0.000,0,0,search,,SEARCH,1,0,0,0.000,0,-1,0
1785733935.155,60.427,19.176,148.642,0.4662,1,8.750,-18.000,4.500,0.2684,4.000,-1.400,0.000,0.667,-19.290,14.000,-29.0732,-1.5000,-53.623,-53.623,-16.902,-64.947,1.200,-2.500,0.0050,0.000,nan,0.00,1,1,0,0,0,0.0000,0.000,0,0.000,0,0.000,0,0,search,,SEARCH,1,0,0,0.000,0,-1,0
1785733935.195,60.489,19.164,148.642,0.4653,1,8.750,-18.000,6.000,0.2679,4.000,-1.400,0.000,0.667,-19.290,14.000,-29.0717,-1.5000,-53.621,-53.621,-16.878,-65.066,1.200,-2.500,0.0050,0.000,nan,0.00,1,1,0,0,0,0.0000,0.000,0,0.000,0,0.000,0,0,search,,SEARCH,1,0,0,0.000,0,-1,1
1785733935.234,60.606,19.131,148.618,0.4637,1,8.750,-18.000,7.500,0.2670,4.000,-1.400,0.000,0.667,-19.290,14.000,-29.0754,-1.5000,-53.625,-53.625,-16.829,-65.315,1.200,-2.500,0.0050,0.000,nan,0.00,1,1,0,0,0,0.0000,0.000,0,0.000,0,0.000,0,0,search,,SEARCH,1,0,0,0.000,0,-1,0
1785733935.273,60.617,19.111,148.606,0.4636,1,8.750,-18.000,9.000,0.2669,4.000,-1.400,0.000,0.667,-19.290,14.000,-29.0877,-1.5000,-53.637,-53.637,-16.800,-65.462,1.200,-2.500,0.0050,0.000,nan,0.00,1,1,0,0,0,0.0000,0.000,0,0.000,0,0.000,0,0,search,,SEARCH,1,0,0,0.000,0,-1,0
1785733935.312,60.631,19.088,148.589,0.4635,1,8.750,-18.000,10.500,0.2669,4.000,-1.400,0.000,0.667,-19.290,14.000,-29.0991,-1.5000,-53.649,-53.649,-16.772,-65.603,1.200,-2.500,0.0050,0.000,nan,0.00,1,1,0,0,0,0.0000,0.000,0,0.000,0,0.000,0,0,search,,SEARCH,1,0,0,0.000,0,-1,0
1785733935.351,60.653,19.066,148.569,0.4632,1,8.750,-18.000,12.000,0.2667,4.000,-1.400,0.000,0.667,-19.290,14.000,-29.1109,-1.5000,-53.660,-53.660,-16.743,-65.748,1.200,-2.500,0.0050,0.000,nan,0.00,1,1,0,0,0,0.0000,0.000,0,0.000,0,0.000,0,0,search,,SEARCH,1,0,0,0.000,0,-1,0
1785733935.391,60.661,19.047,148.561,0.4631,1,8.750,-18.000,12.000,0.2667,4.000,-1.400,0.000,0.667,-19.290,14.000,-29.1236,-1.5000,-53.673,-53.673,-16.716,-65.893,1.200,-2.500,0.0050,0.000,nan,0.00,1,1,0,0,0,0.0000,0.000,0,0.000,0,0.000,0,0,search,,SEARCH,1,0,0,0.000,0,-1,0
1785733935.430,60.681,19.025,148.546,0.4629,1,8.750,-18.000,12.000,0.2665,4.000,-1.400,0.000,0.667,-19.290,14.000,-29.1339,-1.5000,-53.683,-53.683,-16.687,-66.041,1.200,-2.500,0.0050,0.000,nan,0.00,1,1,0,0,0,0.0000,0.000,0,0.000,0,0.000,0,0,search,,SEARCH,1,0,0,0.000,0,-1,0
1785733935.482,60.682,19.016,148.541,0.4629,1,8.750,-18.000,12.000,0.2666,4.000,-1.400,0.000,0.667,-19.290,14.000,-29.1551,-1.5000,-53.705,-53.705,-16.662,-66.176,1.200,-2.500,0.0050,0.000,nan,0.00,1,1,0,0,0,0.0000,0.000,0,0.000,0,0.000,0,0,search,,SEARCH,1,0,0,0.000,0,-1,1
1785733935.525,60.715,18.996,148.534,0.4625,1,8.750,-18.000,12.000,0.2663,4.000,-1.400,0.000,0.667,-19.290,14.000,-29.1619,-1.5000,-53.712,-53.712,-16.634,-66.326,1.200,-2.500,0.0050,0.000,nan,0.00,1,1,0,0,0,0.0000,0.000,0,0.000,0,0.000,0,0,search,,SEARCH,1,0,0,0.000,0,-1,0
1785733935.549,60.716,18.980,148.526,0.4626,1,8.750,-18.000,12.000,0.2663,4.000,-1.400,0.000,0.667,-19.290,14.000,-29.1782,-1.5000,-53.728,-53.728,-16.608,-66.470,1.200,-2.500,0.0050,0.000,nan,0.00,1,1,0,0,0,0.0000,0.000,0,0.000,0,0.000,0,0,search,,SEARCH,1,0,0,0.000,0,-1,0
1785733935.591,60.724,18.962,148.519,0.4625,1,8.750,-18.000,12.000,0.2663,4.000,-1.400,0.000,0.667,-19.290,14.000,-29.1907,-1.5000,-53.740,-53.740,-16.581,-66.616,1.200,-2.500,0.0050,0.000,nan,0.00,1,1,0,0,0,0.0000,0.000,0,0.000,0,0.000,0,0,search,,SEARCH,1,0,0,0.000,0,-1,1
1785733935.631,60.759,18.938,148.513,0.4620,1,8.750,-18.000,12.000,0.2660,4.000,-1.400,0.000,0.667,-19.290,14.000,-29.2119,-1.5000,-53.762,-53.762,-16.533,-66.873,1.200,-2.500,0.0050,0.000,nan,0.00,1,1,0,0,0,0.0000,0.000,0,0.000,0,0.000,0,0,search,,SEARCH,1,0,0,0.000,0,-1,0
1785733935.666,60.818,18.925,148.511,0.4612,1,8.750,-18.000,12.000,0.2656,4.000,-1.400,0.000,0.667,-19.290,14.000,-29.2101,-1.5000,-53.760,-53.760,-16.510,-66.997,1.200,-2.500,0.0050,0.000,nan,0.00,1,1,0,0,0,0.0000,0.000,0,0.000,0,0.000,0,0,search,,SEARCH,1,0,0,0.000,0,-1,0
1785733935.699,60.818,18.922,148.506,0.4612,1,8.750,-18.000,12.000,0.2656,4.000,-1.400,0.000,0.667,-19.290,14.000,-29.2363,-1.5000,-53.786,-53.786,-16.485,-67.121,1.200,-2.500,0.0050,0.000,nan,0.00,1,1,0,0,0,0.0000,0.000,0,0.000,0,0.000,1,0,search,,SEARCH,1,0,0,0.000,0,-1,0
1785733935.744,60.859,18.906,148.501,0.4607,1,8.750,-18.000,12.000,0.2653,4.000,-1.400,0.000,0.667,-19.290,14.000,-29.2358,-1.5000,-53.785,-53.785,-16.463,-67.242,1.200,-2.500,0.0050,0.000,nan,0.00,1,1,0,0,0,0.0000,0.000,0,0.000,0,0.000,0,0,search,,SEARCH,1,0,0,0.000,0,-1,0
1785733935.783,60.862,18.901,148.499,0.4607,1,8.750,-18.000,12.000,0.2652,4.000,-1.400,0.000,0.667,-19.290,14.000,-29.2579,-1.5000,-53.808,-53.808,-16.439,-67.369,1.200,-2.500,0.0050,0.000,nan,0.00,1,1,0,0,0,0.0000,0.000,0,0.000,0,0.000,0,0,search,,SEARCH,1,0,0,0.000,0,-1,1
1785733935.820,60.867,18.892,148.498,0.4606,1,8.750,-18.000,12.000,0.2652,4.000,-1.400,0.000,0.667,-19.290,14.000,-29.2743,-1.5000,-53.824,-53.824,-16.414,-67.501,1.200,-2.500,0.0050,0.000,nan,0.00,1,1,0,0,0,0.0000,0.000,0,0.000,0,0.000,0,0,search,,SEARCH,1,0,0,0.000,0,-1,1
1785733935.854,60.872,18.884,148.497,0.4606,1,8.750,-18.000,12.000,0.2652,4.000,-1.400,0.000,0.667,-19.290,14.000,-29.2913,-1.5000,-53.841,-53.841,-16.389,-67.634,1.200,-2.500,0.0050,0.000,nan,0.00,1,1,0,0,0,0.0000,0.000,0,0.000,0,0.000,2,0,search,,SEARCH,1,0,0,0.000,0,-1,1
1785733935.893,60.878,18.875,148.496,0.4605,1,8.750,-18.000,12.000,0.2651,4.000,-1.400,0.000,0.667,-19.290,14.000,-29.3073,-1.5000,-53.857,-53.857,-16.363,-67.766,1.200,-2.500,0.0050,0.000,nan,0.00,1,1,0,0,0,0.0000,0.000,0,0.000,0,0.000,0,0,search,,SEARCH,1,0,0,0.000,0,-1,0
1785733935.930,60.896,18.855,148.488,0.4603,1,8.750,-18.000,12.000,0.2650,4.000,-1.400,0.000,0.667,-19.290,14.000,-29.3139,-1.5000,-53.864,-53.864,-16.336,-67.911,1.200,-2.500,0.0050,0.000,nan,0.00,1,1,0,0,0,0.0000,0.000,0,0.000,0,0.000,2,0,search,,SEARCH,1,0,0,0.000,0,-1,0
1785733935.970,60.900,18.836,148.480,0.4603,1,8.750,-18.000,12.000,0.2650,4.000,-1.400,0.000,0.667,-19.290,14.000,-29.3490,-1.5000,-53.899,-53.899,-16.284,-68.177,1.200,-2.500,0.0050,0.000,nan,0.00,1,1,0,0,0,0.0000,0.000,0,0.000,0,0.000,0,0,search,,SEARCH,1,0,0,0.000,0,-1,0
1785733936.009,60.916,18.816,148.472,0.4601,1,8.750,-18.000,12.000,0.2649,4.000,-1.400,0.000,0.667,-19.290,14.000,-29.3571,-1.5000,-53.907,-53.907,-16.257,-68.322,1.200,-2.500,0.0050,0.000,nan,0.00,1,1,0,0,0,0.0000,0.000,0,0.000,0,0.000,2,0,search,,SEARCH,1,0,0,0.000,0,-1,0
1785733936.056,60.921,18.806,148.469,0.4601,1,8.750,-18.000,12.000,0.2649,4.000,-1.400,0.000,0.667,-19.290,14.000,-29.3727,-1.5000,-53.922,-53.922,-16.231,-68.457,1.200,-2.500,0.0050,0.000,nan,0.00,1,1,0,0,0,0.0000,0.000,0,0.000,0,0.000,1,0,search,,SEARCH,1,0,0,0.000,0,-1,0
1785733936.087,60.921,18.792,148.466,0.4601,1,8.750,-18.000,12.000,0.2649,4.000,-1.400,0.000,0.667,-19.290,14.000,-29.3874,-1.5000,-53.937,-53.937,-16.205,-68.598,1.200,-2.500,0.0050,0.000,nan,0.00,1,1,0,0,0,0.0000,0.000,0,0.000,0,0.000,2,0,search,,SEARCH,1,0,0,0.000,0,-1,0
1785733936.112,60.926,18.782,148.464,0.4601,1,8.750,-18.000,12.000,0.2649,4.000,-1.400,0.000,0.667,-19.290,14.000,-29.4032,-1.5000,-53.953,-53.953,-16.179,-68.732,1.200,-2.500,0.0050,0.000,nan,0.00,1,1,0,0,0,0.0000,0.000,0,0.000,0,0.000,0,0,search,,SEARCH,1,0,0,0.000,0,-1,0
1785733936.143,60.931,18.770,148.460,0.4600,1,8.750,-18.000,12.000,0.2649,4.000,-1.400,0.000,0.667,-19.290,14.000,-29.4175,-1.5000,-53.967,-53.967,-16.153,-68.870,1.200,-2.500,0.0050,0.000,nan,0.00,1,1,0,0,0,0.0000,0.000,0,0.000,0,0.000,0,0,search,,SEARCH,1,0,0,0.000,0,-1,0
1785733936.182,60.966,18.752,148.455,0.4596,1,8.750,-18.000,12.000,0.2646,4.000,-1.400,0.000,0.667,-19.290,14.000,-29.4210,-1.5000,-53.971,-53.971,-16.125,-69.018,1.200,-2.500,0.0050,0.000,nan,0.00,1,1,0,0,0,0.0000,0.000,0,0.000,0,0.000,0,0,search,,SEARCH,1,0,0,0.000,0,-1,0
1785733936.228,60.979,18.733,148.447,0.4594,1,8.750,-18.000,12.000,0.2645,4.000,-1.400,0.000,0.667,-19.290,14.000,-29.4300,-1.5000,-53.980,-53.980,-16.097,-69.163,1.200,-2.500,0.0050,0.000,nan,0.00,1,1,0,0,0,0.0000,0.000,0,0.000,0,0.000,0,0,search,,SEARCH,1,0,0,0.000,0,-1,0
1785733936.282,60.998,18.713,148.436,0.4592,1,8.750,-18.000,12.000,0.2644,4.000,-1.400,0.000,0.667,-19.290,14.000,-29.4368,-1.5000,-53.986,-53.986,-16.070,-69.307,1.200,-2.500,0.0050,0.000,nan,0.00,1,1,0,0,0,0.0000,0.000,0,0.000,0,0.000,0,0,search,,SEARCH,1,0,0,0.000,0,-1,1
1785733936.323,61.011,18.695,148.428,0.4591,1,8.750,-18.000,12.000,0.2643,4.000,-1.400,0.000,0.667,-19.290,14.000,-29.4453,-1.5000,-53.995,-53.995,-16.043,-69.450,1.200,-2.500,0.0050,0.000,nan,0.00,1,1,0,0,0,0.0000,0.000,0,0.000,0,0.000,1,0,search,,SEARCH,1,0,0,0.000,0,-1,0
1785733936.360,61.076,18.681,148.413,0.4582,1,8.750,-18.000,12.000,0.2638,4.000,-1.400,0.000,0.667,-19.290,14.000,-29.4709,-1.5000,-54.021,-54.021,-15.995,-69.693,1.200,-2.500,0.0050,0.000,nan,0.00,1,1,0,0,0,0.0000,0.000,0,0.000,0,0.000,0,0,search,,SEARCH,1,0,0,0.000,0,-1,0
1785733936.399,61.139,18.669,148.408,0.4573,1,8.750,-18.000,12.000,0.2633,4.000,-1.400,0.000,0.667,-19.290,14.000,-29.4690,-1.5000,-54.019,-54.019,-15.972,-69.815,1.200,-2.500,0.0050,0.000,nan,0.00,1,1,0,0,0,0.0000,0.000,0,0.000,0,0.000,0,0,search,,SEARCH,1,0,0,0.000,0,-1,0
1785733936.439,61.135,18.657,148.402,0.4574,1,8.750,-18.000,12.000,0.2634,4.000,-1.400,0.000,0.667,-19.290,14.000,-29.4872,-1.5000,-54.037,-54.037,-15.947,-69.949,1.200,-2.500,0.0050,0.000,nan,0.00,1,1,0,0,0,0.0000,0.000,0,0.000,0,0.000,0,0,search,,SEARCH,1,0,0,0.000,0,-1,0
1785733936.477,61.139,18.648,148.396,0.4574,1,8.750,-18.000,12.000,0.2633,4.000,-1.400,0.000,0.667,-19.290,14.000,-29.5047,-1.5000,-54.054,-54.054,-15.922,-70.083,1.200,-2.500,0.0050,0.000,nan,0.00,1,1,0,0,0,0.0000,0.000,0,0.000,0,0.000,0,0,search,,SEARCH,1,0,0,0.000,0,-1,0
1785733936.501,61.165,18.631,148.388,0.4570,1,8.750,-18.000,10.500,0.2631,4.000,1.400,0.000,0.667,19.290,14.000,-29.5122,-1.5000,-54.062,-54.062,-15.895,-70.226,1.200,-2.500,0.0050,0.000,nan,0.00,1,1,0,0,0,0.0000,0.000,0,0.000,0,0.000,0,0,search,,SEARCH,1,0,0,0.000,0,-1,0
1785733936.538,61.173,18.618,148.388,0.4569,1,8.750,-18.000,9.000,0.2631,4.000,1.400,0.000,0.667,19.290,14.000,-29.5217,-1.5000,-54.071,-54.071,-15.870,-70.364,1.200,-2.500,0.0050,0.000,nan,0.00,1,1,0,0,0,0.0000,0.000,0,0.000,0,0.000,0,0,search,,SEARCH,1,0,0,0.000,0,-1,0
1785733936.563,61.175,18.607,148.385,0.4569,1,8.750,-18.000,7.500,0.2631,4.000,1.400,0.000,0.667,19.290,14.000,-29.5373,-1.5000,-54.087,-54.087,-15.845,-70.498,1.200,-2.500,0.0050,0.000,nan,0.00,1,1,0,0,0,0.0000,0.000,0,0.000,0,0.000,0,0,search,,SEARCH,1,0,0,0.000,0,-1,0
1785733936.603,61.183,18.588,148.378,0.4569,1,8.750,-18.000,6.000,0.2631,4.000,1.400,0.000,0.667,19.290,14.000,-29.5435,-1.5000,-54.093,-54.093,-15.820,-70.636,1.200,-2.500,0.0050,0.000,nan,0.00,1,1,0,0,0,0.0000,0.000,0,0.000,0,0.000,0,0,search,,SEARCH,1,0,0,0.000,0,-1,0
1785733936.647,61.180,18.568,148.375,0.4570,1,8.750,-18.000,4.500,0.2631,4.000,1.400,0.000,0.667,19.290,14.000,-29.5496,-1.5000,-54.099,-54.099,-15.794,-70.776,1.200,-2.500,0.0050,0.000,nan,0.00,1,1,0,0,0,0.0000,0.000,0,0.000,0,0.000,2,0,search,,SEARCH,1,0,0,0.000,0,-1,0
1785733936.672,61.196,18.547,148.377,0.4568,1,8.750,-18.000,3.000,0.2630,4.000,1.400,0.000,0.667,19.290,14.000,-29.5473,-1.5000,-54.097,-54.097,-15.770,-70.918,1.200,-2.500,0.0050,0.000,nan,0.00,1,1,0,0,0,0.0000,0.000,0,0.000,0,0.000,0,0,search,,SEARCH,1,0,0,0.000,0,-1,0
1785733936.713,61.264,18.535,148.381,0.4558,1,8.750,-18.000,1.500,0.2625,4.000,1.400,0.000,0.667,19.290,14.000,-29.5406,-1.5000,-54.090,-54.090,-15.744,-71.062,1.200,-2.500,0.0050,0.000,nan,0.00,1,1,0,0,0,0.0000,0.000,0,0.000,0,0.000,0,0,search,,SEARCH,1,0,0,0.000,0,-1,0
1785733936.761,61.354,18.527,148.385,0.4545,1,8.750,-18.000,0.000,0.2617,4.000,1.400,0.000,0.667,19.290,14.000,-29.5350,-1.5000,-54.085,-54.085,-15.717,-71.208,1.200,-2.500,0.0050,0.000,nan,0.00,1,1,0,0,0,0.0000,0.000,0,0.000,0,0.000,0,0,search,,SEARCH,1,0,0,0.000,0,-1,0
1785733936.809,61.445,18.519,148.386,0.4532,1,8.750,-18.000,-1.500,0.2610,4.000,1.400,0.000,0.667,19.290,14.000,-29.5304,-1.5000,-54.080,-54.080,-15.688,-71.364,1.200,-2.500,0.0050,0.000,nan,0.00,1,1,0,0,0,0.0000,0.000,0,0.000,0,0.000,0,0,search,,SEARCH,1,0,0,0.000,0,-1,0
1785733936.847,61.527,18.513,148.387,0.4521,1,8.750,-18.000,-3.000,0.2603,4.000,1.400,0.000,0.667,19.290,14.000,-29.5295,-1.5000,-54.079,-54.079,-15.661,-71.508,1.200,-2.500,0.0050,0.000,nan,0.00,1,1,0,0,0,0.0000,0.000,0,0.000,0,0.000,0,0,search,,SEARCH,1,0,0,0.000,0,-1,0
1785733936.887,61.607,18.503,148.388,0.4509,1,8.750,-18.000,-4.500,0.2596,4.000,1.400,0.000,0.667,19.290,14.000,-29.5228,-1.5000,-54.072,-54.072,-15.635,-71.650,1.200,-2.500,0.0050,0.000,nan,0.00,1,1,0,0,0,0.0000,0.000,0,0.000,0,0.000,2,0,search,,SEARCH,1,0,0,0.000,0,-1,1
1785733936.934,61.696,18.497,148.392,0.4497,1,8.750,-18.000,-6.000,0.2589,4.000,1.400,0.000,0.667,19.290,14.000,-29.5177,-1.5000,-54.067,-54.067,-15.607,-71.798,1.200,-2.500,0.0050,0.000,nan,0.00,1,1,0,0,0,0.0000,0.000,0,0.000,0,0.000,0,0,search,,SEARCH,1,0,0,0.000,0,-1,0
1785733936.974,61.865,18.479,148.398,0.4472,1,8.750,-18.000,-7.500,0.2575,4.000,1.400,0.000,0.667,19.290,14.000,-29.4994,-1.5000,-54.049,-54.049,-15.555,-72.082,1.200,-2.500,0.0050,0.000,nan,0.00,1,1,0,0,0,0.0000,0.000,0,0.000,0,0.000,0,0,search,,SEARCH,1,0,0,0.000,0,-1,0
1785733937.013,61.944,18.467,148.399,0.4461,1,8.750,-18.000,-9.000,0.2569,4.000,1.400,0.000,0.667,19.290,14.000,-29.4877,-1.5000,-54.037,-54.037,-15.530,-72.219,1.200,-2.500,0.0050,0.000,nan,0.00,1,1,0,0,0,0.0000,0.000,0,0.000,0,0.000,0,0,search,,SEARCH,1,0,0,0.000,0,-1,0
1785733937.062,62.015,18.462,148.401,0.4451,1,8.750,-18.000,-10.500,0.2563,4.000,1.400,0.000,0.667,19.290,14.000,-29.4839,-1.5000,-54.034,-54.034,-15.508,-72.343,1.200,-2.500,0.0050,0.000,nan,0.00,1,1,0,0,0,0.0000,0.000,0,0.000,0,0.000,0,0,search,,SEARCH,1,0,0,0.000,0,-1,1
1785733937.099,62.161,18.439,148.397,0.4430,1,8.750,-18.000,-12.000,0.2551,4.000,1.400,0.000,0.667,19.290,14.000,-29.4666,-1.5000,-54.016,-54.016,-15.460,-72.607,1.200,-2.500,0.0050,0.000,nan,0.00,1,1,0,0,0,0.0000,0.000,0,0.000,0,0.000,0,0,search,,SEARCH,1,0,0,0.000,0,-1,0
1785733937.137,62.238,18.428,148.396,0.4419,1,8.750,-18.000,-12.000,0.2545,4.000,1.400,0.000,0.667,19.290,14.000,-29.4558,-1.5000,-54.005,-54.005,-15.437,-72.740,1.200,-2.500,0.0050,0.000,nan,0.00,1,1,0,0,0,0.0000,0.000,0,0.000,0,0.000,0,0,search,,SEARCH,1,0,0,0.000,0,-1,0
1785733937.177,62.317,18.416,148.393,0.4408,1,8.750,-18.000,-12.000,0.2538,4.000,1.400,0.000,0.667,19.290,14.000,-29.4453,-1.5000,-53.995,-53.995,-15.412,-72.877,1.200,-2.500,0.0050,0.000,nan,0.00,1,1,0,0,0,0.0000,0.000,0,0.000,0,0.000,0,0,search,,SEARCH,1,0,0,0.000,0,-1,0
1785733937.213,62.317,18.416,148.393,0.4408,1,8.750,-18.000,-12.000,0.2538,4.000,1.400,0.000,0.667,19.290,14.000,-29.4453,-1.5000,-53.995,-53.995,-15.412,-72.877,1.200,-2.500,0.0050,0.000,nan,0.00,1,1,0,0,0,0.0000,0.000,0,0.000,0,0.000,0,0,search,,SEARCH,1,0,0,0.000,0,-1,0
1785733937.245,62.393,18.410,148.393,0.4397,1,8.750,-18.000,-12.000,0.2532,4.000,1.400,0.000,0.667,19.290,14.000,-29.4413,-1.5000,-53.991,-53.991,-15.386,-73.018,1.200,-2.500,0.0050,0.000,nan,0.00,1,1,0,0,0,0.0000,0.000,0,0.000,0,0.000,1,0,search,,SEARCH,1,0,0,0.000,0,-1,0
1785733937.284,62.548,18.388,148.392,0.4375,1,8.750,-18.000,-12.000,0.2519,4.000,1.400,0.000,0.667,19.290,14.000,-29.4200,-1.5000,-53.970,-53.970,-15.335,-73.298,1.200,-2.500,0.0050,0.000,nan,0.00,1,1,0,0,0,0.0000,0.000,0,0.000,0,0.000,0,0,search,,SEARCH,1,0,0,0.000,0,-1,0
1785733937.338,62.628,18.381,148.392,0.4363,1,8.750,-18.000,-12.000,0.2512,4.000,1.400,0.000,0.667,19.290,14.000,-29.4122,-1.5000,-53.962,-53.962,-15.309,-73.440,1.200,-2.500,0.0050,0.000,nan,0.00,1,1,0,0,0,0.0000,0.000,0,0.000,0,0.000,0,0,search,,SEARCH,1,0,0,0.000,0,-1,0
1785733937.397,62.703,18.374,148.390,0.4352,1,8.750,-18.000,-12.000,0.2506,4.000,1.400,0.000,0.667,19.290,14.000,-29.4097,-1.5000,-53.959,-53.959,-15.282,-73.587,1.200,-2.500,0.0050,0.000,nan,0.00,1,1,0,0,0,0.0000,0.000,0,0.000,0,0.000,3,0,search,,SEARCH,1,0,0,0.000,0,-1,1
1785733937.429,62.773,18.365,148.385,0.4342,1,8.750,-18.000,-12.000,0.2500,4.000,1.400,0.000,0.667,19.290,14.000,-29.4036,-1.5000,-53.953,-53.953,-15.257,-73.724,1.200,-2.500,0.0050,0.000,nan,0.00,1,1,0,0,0,0.0000,0.000,0,0.000,0,0.000,0,0,search,,SEARCH,1,0,0,0.000,0,-1,0
1785733937.459,62.849,18.351,148.384,0.4331,1,8.750,-18.000,-12.000,0.2494,4.000,1.400,0.000,0.667,19.290,14.000,-29.3876,-1.5000,-53.937,-53.937,-15.232,-73.862,1.200,-2.500,0.0050,0.000,nan,0.00,1,1,0,0,0,0.0000,0.000,0,0.000,0,0.000,0,0,search,,SEARCH,1,0,0,0.000,0,-1,0
1785733937.498,62.925,18.343,148.383,0.4320,1,8.750,-18.000,-12.000,0.2488,4.000,1.400,0.000,0.667,19.290,14.000,-29.3793,-1.5000,-53.929,-53.929,-15.206,-74.000,1.200,-2.500,0.0050,0.000,nan,0.00,1,1,0,0,0,0.0000,0.000,0,0.000,0,0.000,0,0,search,,SEARCH,1,0,0,0.000,0,-1,1
1785733937.536,63.060,18.327,148.377,0.4301,1,8.750,-18.000,-12.000,0.2476,4.000,1.400,0.000,0.667,19.290,14.000,-29.3640,-1.5000,-53.914,-53.914,-15.160,-74.254,1.200,-2.500,0.0050,0.000,nan,0.00,1,1,0,0,0,0.0000,0.000,0,0.000,0,0.000,0,0,search,,SEARCH,1,0,0,0.000,0,-1,0
1785733937.573,63.119,18.318,148.373,0.4292,1,8.750,-18.000,-12.000,0.2471,4.000,1.400,0.000,0.667,19.290,14.000,-29.3553,-1.5000,-53.905,-53.905,-15.139,-74.363,1.200,-2.500,0.0050,0.000,nan,0.00,1,1,0,0,0,0.0000,0.000,0,0.000,0,0.000,0,0,search,,SEARCH,1,0,0,0.000,0,-1,0
1785733937.600,63.180,18.313,148.371,0.4283,1,8.750,-18.000,-12.000,0.2466,4.000,1.400,0.000,0.667,19.290,14.000,-29.3524,-1.5000,-53.902,-53.902,-15.117,-74.486,1.200,-2.500,0.0050,0.000,nan,0.00,1,1,0,0,0,0.0000,0.000,0,0.000,0,0.000,0,0,search,,SEARCH,1,0,0,0.000,0,-1,0
1785733937.636,63.242,18.311,148.369,0.4274,1,8.750,-18.000,-12.000,0.2461,4.000,1.400,0.000,0.667,19.290,14.000,-29.3509,-1.5000,-53.900,-53.900,-15.094,-74.604,1.200,-2.500,0.0050,0.000,nan,0.00,1,1,0,0,0,0.0000,0.000,0,0.000,0,0.000,2,0,search,,SEARCH,1,0,0,0.000,0,-1,0
1785733937.662,63.303,18.305,148.367,0.4265,1,8.750,-18.000,-12.000,0.2456,4.000,1.400,0.000,0.667,19.290,14.000,-29.3448,-1.5000,-53.894,-53.894,-15.072,-74.722,1.200,-2.500,0.0050,0.000,nan,0.00,1,1,0,0,0,0.0000,0.000,0,0.000,0,0.000,0,0,search,,SEARCH,1,0,0,0.000,0,-1,0
1785733937.703,63.370,18.299,148.368,0.4256,1,8.750,-18.000,-12.000,0.2450,4.000,1.400,0.000,0.667,19.290,14.000,-29.3360,-1.5000,-53.886,-53.886,-15.051,-74.842,1.200,-2.500,0.0050,0.000,nan,0.00,1,1,0,0,0,0.0000,0.000,0,0.000,0,0.000,0,0,search,,SEARCH,1,0,0,0.000,0,-1,0
1785733937.752,63.429,18.295,148.364,0.4247,1,8.750,-18.000,-12.000,0.2445,4.000,1.400,0.000,0.667,19.290,14.000,-29.3326,-1.5000,-53.882,-53.882,-15.028,-74.963,1.200,-2.500,0.0050,0.000,nan,0.00,1,1,0,0,0,0.0000,0.000,0,0.000,0,0.000,0,0,search,,SEARCH,1,0,0,0.000,0,-1,1
1785733937.772,63.500,18.284,148.360,0.4237,1,8.750,-18.000,-12.000,0.2440,4.000,1.400,0.000,0.667,19.290,14.000,-29.3206,-1.5000,-53.870,-53.870,-15.004,-75.095,1.200,-2.500,0.0050,0.000,nan,0.00,1,1,0,0,0,0.0000,0.000,0,0.000,0,0.000,0,0,search,,SEARCH,1,0,0,0.000,0,-1,0
1785733937.814,63.565,18.282,148.360,0.4227,1,8.750,-18.000,-12.000,0.2434,4.000,1.400,0.000,0.667,19.290,14.000,-29.3165,-1.5000,-53.866,-53.866,-14.983,-75.212,1.200,-2.500,0.0050,0.000,nan,0.00,1,1,0,0,0,0.0000,0.000,0,0.000,0,0.000,0,0,search,,SEARCH,1,0,0,0.000,0,-1,1
1785733937.857,63.693,18.271,148.357,0.4208,1,8.750,-18.000,-12.000,0.2423,4.000,1.400,0.000,0.667,19.290,14.000,-29.2998,-1.5000,-53.849,-53.849,-14.942,-75.439,1.200,-2.500,0.0050,0.000,nan,0.00,1,1,0,0,0,0.0000,0.000,0,0.000,0,0.000,0,0,search,,SEARCH,1,0,0,0.000,0,-1,0
1785733937.888,63.706,18.270,148.356,0.4207,1,8.750,-18.000,-12.000,0.2422,4.000,1.400,0.000,0.667,19.290,14.000,-29.2983,-1.5000,-53.848,-53.848,-14.937,-75.463,1.200,-2.500,0.0050,0.000,nan,0.00,1,1,0,0,0,0.0000,0.000,0,0.000,0,0.000,0,0,search,,SEARCH,1,0,0,0.000,0,-1,0
1785733937.912,63.801,18.264,148.354,0.4192,1,8.750,-18.000,-12.000,0.2414,4.000,1.400,0.000,0.667,19.290,14.000,-29.2891,-1.5000,-53.839,-53.839,-14.906,-75.635,1.200,-2.500,0.0050,0.000,nan,0.00,1,1,0,0,0,0.0000,0.000,0,0.000,0,0.000,0,0,search,,SEARCH,1,0,0,0.000,0,-1,0
1785733937.944,63.861,18.255,148.350,0.4184,1,8.750,-18.000,-12.000,0.2409,4.000,1.400,0.000,0.667,19.290,14.000,-29.2766,-1.5000,-53.826,-53.826,-14.887,-75.742,1.200,-2.500,0.0050,0.000,nan,0.00,1,1,0,0,0,0.0000,0.000,0,0.000,0,0.000,0,0,search,,SEARCH,1,0,0,0.000,0,-1,0
1785733937.981,63.935,18.245,148.348,0.4173,1,8.750,-18.000,-12.000,0.2403,4.000,1.400,0.000,0.667,19.290,14.000,-29.2610,-1.5000,-53.811,-53.811,-14.863,-75.873,1.200,-2.500,0.0050,0.000,nan,0.00,1,1,0,0,0,0.0000,0.000,0,0.000,0,0.000,0,0,search,,SEARCH,1,0,0,0.000,0,-1,0
1785733938.013,64.013,18.231,148.349,0.4162,1,8.750,-18.000,-12.000,0.2396,4.000,1.400,0.000,0.667,19.290,14.000,-29.2377,-1.5000,-53.787,-53.787,-14.840,-76.006,1.200,-2.500,0.0050,0.000,nan,0.00,1,1,0,0,0,0.0000,0.000,0,0.000,0,0.000,2,0,search,,SEARCH,1,0,0,0.000,0,-1,0
1785733938.037,64.074,18.227,148.348,0.4153,1,8.750,-18.000,-12.000,0.2391,4.000,1.400,0.000,0.667,19.290,14.000,-29.2305,-1.5000,-53.780,-53.780,-14.819,-76.124,1.200,-2.500,0.0050,0.000,nan,0.00,1,1,0,0,0,0.0000,0.000,0,0.000,0,0.000,0,0,search,,SEARCH,1,0,0,0.000,0,-1,0
1785733938.076,64.139,18.222,148.347,0.4143,1,8.750,-18.000,-12.000,0.2386,4.000,1.400,0.000,0.667,19.290,14.000,-29.2221,-1.5000,-53.772,-53.772,-14.796,-76.248,1.200,-2.500,0.0050,0.000,nan,0.00,1,1,0,0,0,0.0000,0.000,0,0.000,0,0.000,0,0,search,,SEARCH,1,0,0,0.000,0,-1,0
1785733938.116,64.208,18.212,148.343,0.4133,1,8.750,-18.000,-12.000,0.2380,4.000,1.400,0.000,0.667,19.290,14.000,-29.2076,-1.5000,-53.757,-53.757,-14.773,-76.377,1.200,-2.500,0.0050,0.000,nan,0.00,1,1,0,0,0,0.0000,0.000,0,0.000,0,0.000,0,0,search,,SEARCH,1,0,0,0.000,0,-1,0
1785733938.154,64.288,18.197,148.342,0.4122,1,8.750,-18.000,-12.000,0.2373,4.000,1.400,0.000,0.667,19.290,14.000,-29.1820,-1.5000,-53.732,-53.732,-14.751,-76.512,1.200,-2.500,0.0050,0.000,nan,0.00,1,1,0,0,0,0.0000,0.000,0,0.000,0,0.000,0,0,search,,SEARCH,1,0,0,0.000,0,-1,0
1785733938.194,64.361,18.186,148.340,0.4111,1,8.750,-18.000,-10.500,0.2367,4.000,-1.400,0.000,0.667,-19.290,14.000,-29.1641,-1.5000,-53.714,-53.714,-14.728,-76.641,1.200,-2.500,0.0050,0.000,nan,0.00,1,1,0,0,0,0.0000,0.000,0,0.000,0,0.000,0,0,search,,SEARCH,1,0,0,0.000,0,-1,0
1785733938.233,64.493,18.166,148.336,0.4092,1,8.750,-18.000,-9.000,0.2356,4.000,-1.400,0.000,0.667,-19.290,14.000,-29.1297,-1.5000,-53.679,-53.679,-14.686,-76.879,1.200,-2.500,0.0050,0.000,nan,0.00,1,1,0,0,0,0.0000,0.000,0,0.000,0,0.000,0,0,search,,SEARCH,1,0,0,0.000,0,-1,0
1785733938.273,64.550,18.160,148.333,0.4083,1,8.750,-18.000,-7.500,0.2351,4.000,-1.400,0.000,0.667,-19.290,14.000,-29.1189,-1.5000,-53.668,-53.668,-14.666,-76.985,1.200,-2.500,0.0050,0.000,nan,0.00,1,1,0,0,0,0.0000,0.000,0,0.000,0,0.000,0,0,search,,SEARCH,1,0,0,0.000,0,-1,0
1785733938.305,64.623,18.153,148.337,0.4072,1,8.750,-18.000,-6.000,0.2345,4.000,-1.400,0.000,0.667,-19.290,14.000,-29.0993,-1.5000,-53.649,-53.649,-14.648,-77.092,1.200,-2.500,0.0050,0.000,nan,0.00,1,1,0,0,0,0.0000,0.000,0,0.000,0,0.000,0,0,search,,SEARCH,1,0,0,0.000,0,-1,0
1785733938.335,64.702,18.144,148.337,0.4061,1,8.750,-18.000,-4.500,0.2338,4.000,-1.400,0.000,0.667,-19.290,14.000,-29.0799,-1.5000,-53.630,-53.630,-14.625,-77.226,1.200,-2.500,0.0050,0.000,nan,0.00,1,1,0,0,0,0.0000,0.000,0,0.000,0,0.000,0,0,search,,SEARCH,1,0,0,0.000,0,-1,0
1785733938.370,64.702,18.144,148.337,0.4061,1,8.750,-18.000,-3.000,0.2338,4.000,-1.400,0.000,0.667,-19.290,14.000,-29.0799,-1.5000,-53.630,-53.630,-14.625,-77.226,1.200,-2.500,0.0050,0.000,nan,0.00,1,1,0,0,0,0.0000,0.000,0,0.000,0,0.000,0,0,search,,SEARCH,1,0,0,0.000,0,-1,1
1785733938.404,64.864,18.133,148.338,0.4037,1,8.750,-18.000,-1.500,0.2324,4.000,-1.400,0.000,0.667,-19.290,14.000,-29.0481,-1.5000,-53.598,-53.598,-14.572,-77.513,1.200,-2.500,0.0050,0.000,nan,0.00,1,1,0,0,0,0.0000,0.000,0,0.000,0,0.000,1,0,search,,SEARCH,1,0,0,0.000,0,-1,0
1785733938.443,64.927,18.128,148.338,0.4027,1,8.750,-18.000,0.000,0.2319,4.000,-1.400,0.000,0.667,-19.290,14.000,-29.0338,-1.5000,-53.583,-53.583,-14.552,-77.622,1.200,-2.500,0.0050,0.000,nan,0.00,1,1,0,0,0,0.0000,0.000,0,0.000,0,0.000,0,0,search,,SEARCH,1,0,0,0.000,0,-1,0
1785733938.498,65.056,18.113,148.334,0.4008,1,8.750,-18.000,1.500,0.2308,4.000,-1.400,0.000,0.667,-19.290,14.000,-29.0037,-1.5000,-53.553,-53.553,-14.507,-77.866,1.200,-2.500,0.0050,0.000,nan,0.00,1,1,0,0,0,0.0000,0.000,0,0.000,0,0.000,0,0,search,,SEARCH,1,0,0,0.000,0,-1,0
1785733938.537,65.101,18.100,148.333,0.4002,1,8.750,-18.000,3.000,0.2304,4.000,-1.400,0.000,0.667,-19.290,14.000,-28.9879,-1.5000,-53.538,-53.538,-14.484,-78.000,1.200,-2.500,0.0050,0.000,nan,0.00,1,1,0,0,0,0.0000,0.000,0,0.000,0,0.000,0,0,search,,SEARCH,1,0,0,0.000,0,-1,0
1785733938.576,65.157,18.091,148.322,0.3994,1,8.750,-18.000,4.500,0.2300,4.000,-1.400,0.000,0.667,-19.290,14.000,-28.9771,-1.5000,-53.527,-53.527,-14.462,-78.118,1.200,-2.500,0.0050,0.000,nan,0.00,1,1,0,0,0,0.0000,0.000,0,0.000,0,0.000,0,0,search,,SEARCH,1,0,0,0.000,0,-1,0
1785733938.616,65.202,18.080,148.318,0.3987,1,8.750,-18.000,6.000,0.2296,4.000,-1.400,0.000,0.667,-19.290,14.000,-28.9659,-1.5000,-53.515,-53.515,-14.438,-78.253,1.200,-2.500,0.0050,0.000,nan,0.00,1,1,0,0,0,0.0000,0.000,0,0.000,0,0.000,0,0,search,,SEARCH,1,0,0,0.000,0,-1,0
1785733938.656,65.232,18.063,148.313,0.3983,1,8.750,-18.000,7.500,0.2293,4.000,-1.400,0.000,0.667,-19.290,14.000,-28.9519,-1.5000,-53.501,-53.501,-14.414,-78.392,1.200,-2.500,0.0050,0.000,nan,0.00,1,1,0,0,0,0.0000,0.000,0,0.000,0,0.000,1,0,search,,SEARCH,1,0,0,0.000,0,-1,0
1785733938.703,65.249,18.046,148.308,0.3981,1,8.750,-18.000,9.000,0.2292,4.000,-1.400,0.000,0.667,-19.290,14.000,-28.9413,-1.5000,-53.491,-53.491,-14.389,-78.530,1.200,-2.500,0.0050,0.000,nan,0.00,1,1,0,0,0,0.0000,0.000,0,0.000,0,0.000,0,0,search,,SEARCH,1,0,0,0.000,0,-1,1
1785733938.725,65.253,18.032,148.304,0.3980,1,8.750,-18.000,10.500,0.2292,4.000,-1.400,0.000,0.667,-19.290,14.000,-28.9381,-1.5000,-53.488,-53.488,-14.366,-78.663,1.200,-2.500,0.0050,0.000,nan,0.00,1,1,0,0,0,0.0000,0.000,0,0.000,0,0.000,0,0,search,,SEARCH,1,0,0,0.000,0,-1,0
1785733938.763,65.251,18.020,148.297,0.3981,1,8.750,-18.000,12.000,0.2292,4.000,-1.400,0.000,0.667,-19.290,14.000,-28.9415,-1.5000,-53.491,-53.491,-14.343,-78.794,1.200,-2.500,0.0050,0.000,nan,0.00,1,1,0,0,0,0.0000,0.000,0,0.000,0,0.000,0,0,search,,SEARCH,1,0,0,0.000,0,-1,0
1785733938.787,65.252,18.011,148.294,0.3981,1,8.750,-18.000,12.000,0.2292,4.000,-1.400,0.000,0.667,-19.290,14.000,-28.9453,-1.5000,-53.495,-53.495,-14.320,-78.923,1.200,-2.500,0.0050,0.000,nan,0.00,1,1,0,0,0,0.0000,0.000,0,0.000,0,0.000,0,0,search,,SEARCH,1,0,0,0.000,0,-1,0
1785733938.824,65.256,18.002,148.290,0.3981,1,8.750,-18.000,12.000,0.2292,4.000,-1.400,0.000,0.667,-19.290,14.000,-28.9499,-1.5000,-53.500,-53.500,-14.297,-79.052,1.200,-2.500,0.0050,0.000,nan,0.00,1,1,0,0,0,0.0000,0.000,0,0.000,0,0.000,3,0,search,,SEARCH,1,0,0,0.000,0,-1,0
1785733938.850,65.287,17.982,148.283,0.3976,1,8.750,-18.000,12.000,0.2290,4.000,-1.400,0.000,0.667,-19.290,14.000,-28.9327,-1.5000,-53.482,-53.482,-14.272,-79.195,1.200,-2.500,0.0050,0.000,nan,0.00,1,1,0,0,0,0.0000,0.000,0,0.000,0,0.000,0,0,search,,SEARCH,1,0,0,0.000,0,-1,0
1785733938.883,65.290,17.974,148.280,0.3976,1,8.750,-18.000,12.000,0.2289,4.000,-1.400,0.000,0.667,-19.290,14.000,-28.9358,-1.5000,-53.485,-53.485,-14.249,-79.325,1.200,-2.500,0.0050,0.000,nan,0.00,1,1,0,0,0,0.0000,0.000,0,0.000,0,0.000,0,0,search,,SEARCH,1,0,0,0.000,0,-1,0
1785733938.920,65.290,17.974,148.280,0.3976,1,8.750,-18.000,12.000,0.2289,4.000,-1.400,0.000,0.667,-19.290,14.000,-28.9358,-1.5000,-53.485,-53.485,-14.249,-79.325,1.200,-2.500,0.0050,0.000,nan,0.00,1,1,0,0,0,0.0000,0.000,0,0.000,0,0.000,0,0,search,,SEARCH,1,0,0,0.000,0,-1,0
1785733938.958,65.295,17.949,148.267,0.3976,1,8.750,-18.000,12.000,0.2289,4.000,-1.400,0.000,0.667,-19.290,14.000,-28.9376,-1.5000,-53.487,-53.487,-14.201,-79.588,1.200,-2.500,0.0050,0.000,nan,0.00,1,1,0,0,0,0.0000,0.000,0,0.000,0,0.000,0,0,search,,SEARCH,1,0,0,0.000,0,-1,0
1785733938.996,65.295,17.949,148.267,0.3976,1,8.750,-18.000,12.000,0.2289,4.000,-1.400,0.000,0.667,-19.290,14.000,-28.9376,-1.5000,-53.487,-53.487,-14.201,-79.588,1.200,-2.500,0.0050,0.000,nan,0.00,1,1,0,0,0,0.0000,0.000,0,0.000,0,0.000,0,0,search,,SEARCH,1,0,0,0.000,0,-1,0
1785733939.024,65.350,17.929,148.260,0.3968,1,8.750,-18.000,12.000,0.2285,4.000,-1.400,0.000,0.667,-19.290,14.000,-28.9128,-1.5000,-53.462,-53.462,-14.175,-79.735,1.200,-2.500,0.0050,0.000,nan,0.00,1,1,0,0,0,0.0000,0.000,0,0.000,0,0.000,0,0,search,,SEARCH,1,0,0,0.000,0,-1,0
1785733939.065,65.363,17.911,148.249,0.3967,1,8.750,-18.000,12.000,0.2284,4.000,-1.400,0.000,0.667,-19.290,14.000,-28.9052,-1.5000,-53.455,-53.455,-14.150,-79.873,1.200,-2.500,0.0050,0.000,nan,0.00,1,1,0,0,0,0.0000,0.000,0,0.000,0,0.000,0,0,search,,SEARCH,1,0,0,0.000,0,-1,1
1785733939.103,65.395,17.875,148.217,0.3963,1,8.750,-18.000,12.000,0.2282,4.000,-1.400,0.000,0.667,-19.290,14.000,-28.8927,-1.5000,-53.442,-53.442,-14.101,-80.145,1.200,-2.500,0.0050,0.000,nan,0.00,1,1,0,0,0,0.0000,0.000,0,0.000,0,0.000,0,0,search,,SEARCH,1,0,0,0.000,0,-1,0
1785733939.139,65.403,17.865,148.212,0.3962,1,8.750,-18.000,12.000,0.2281,4.000,-1.400,0.000,0.667,-19.290,14.000,-28.8939,-1.5000,-53.443,-53.443,-14.078,-80.275,1.200,-2.500,0.0050,0.000,nan,0.00,1,1,0,0,0,0.0000,0.000,0,0.000,0,0.000,2,0,search,,SEARCH,1,0,0,0.000,0,-1,0
1785733939.167,65.403,17.865,148.212,0.3962,1,8.750,-18.000,12.000,0.2281,4.000,-1.400,0.000,0.667,-19.290,14.000,-28.8939,-1.5000,-53.443,-53.443,-14.078,-80.275,1.200,-2.500,0.0050,0.000,nan,0.00,1,1,0,0,0,0.0000,0.000,0,0.000,0,0.000,0,0,search,,SEARCH,1,0,0,0.000,0,-1,0
1785733939.197,65.403,17.851,148.205,0.3962,1,8.750,-18.000,12.000,0.2281,4.000,-1.400,0.000,0.667,-19.290,14.000,-28.8941,-1.5000,-53.444,-53.444,-14.054,-80.410,1.200,-2.500,0.0050,0.000,nan,0.00,1,1,0,0,0,0.0000,0.000,0,0.000,0,0.000,0,0,search,,SEARCH,1,0,0,0.000,0,-1,0
1785733939.237,65.408,17.842,148.199,0.3961,1,8.750,-18.000,12.000,0.2281,4.000,-1.400,0.000,0.667,-19.290,14.000,-28.8968,-1.5000,-53.446,-53.446,-14.032,-80.535,1.200,-2.500,0.0050,0.000,nan,0.00,1,1,0,0,0,0.0000,0.000,0,0.000,0,0.000,1,0,search,,SEARCH,1,0,0,0.000,0,-1,1
1785733939.282,65.414,17.834,148.194,0.3961,1,8.750,-18.000,12.000,0.2281,4.000,-1.400,0.000,0.667,-19.290,14.000,-28.9005,-1.5000,-53.450,-53.450,-14.009,-80.660,1.200,-2.500,0.0050,0.000,nan,0.00,1,1,0,0,0,0.0000,0.000,0,0.000,0,0.000,0,0,search,,SEARCH,1,0,0,0.000,0,-1,0
1785733939.321,65.480,17.818,148.183,0.3951,1,8.750,-18.000,12.000,0.2275,4.000,-1.400,0.000,0.667,-19.290,14.000,-28.8883,-1.5000,-53.438,-53.438,-13.965,-80.899,1.200,-2.500,0.0050,0.000,nan,0.00,1,1,0,0,0,0.0000,0.000,0,0.000,0,0.000,0,0,search,,SEARCH,1,0,0,0.000,0,-1,0
1785733939.363,65.477,17.806,148.179,0.3952,1,8.750,-18.000,12.000,0.2275,4.000,-1.400,0.000,0.667,-19.290,14.000,-28.8895,-1.5000,-53.439,-53.439,-13.942,-81.031,1.200,-2.500,0.0050,0.000,nan,0.00,1,1,0,0,0,0.0000,0.000,0,0.000,0,0.000,0,0,search,,SEARCH,1,0,0,0.000,0,-1,0
1785733939.413,65.481,17.798,148.174,0.3951,1,8.750,-18.000,12.000,0.2275,4.000,-1.400,0.000,0.667,-19.290,14.000,-28.8934,-1.5000,-53.443,-53.443,-13.920,-81.157,1.200,-2.500,0.0050,0.000,nan,0.00,1,1,0,0,0,0.0000,0.000,0,0.000,0,0.000,0,0,search,,SEARCH,1,0,0,0.000,0,-1,1
1785733939.455,65.547,17.781,148.159,0.3942,1,8.750,-18.000,12.000,0.2270,4.000,-1.400,0.000,0.667,-19.290,14.000,-28.8823,-1.5000,-53.432,-53.432,-13.877,-81.395,1.200,-2.500,0.0050,0.000,nan,0.00,1,1,0,0,0,0.0000,0.000,0,0.000,0,0.000,0,0,search,,SEARCH,1,0,0,0.000,0,-1,0
1785733939.480,65.556,17.763,148.150,0.3941,1,8.750,-18.000,12.000,0.2269,4.000,-1.400,0.000,0.667,-19.290,14.000,-28.8742,-1.5000,-53.424,-53.424,-13.853,-81.530,1.200,-2.500,0.0050,0.000,nan,0.00,1,1,0,0,0,0.0000,0.000,0,0.000,0,0.000,0,0,search,,SEARCH,1,0,0,0.000,0,-1,0
1785733939.520,65.561,17.754,148.143,0.3940,1,8.750,-18.000,12.000,0.2269,4.000,-1.400,0.000,0.667,-19.290,14.000,-28.8769,-1.5000,-53.427,-53.427,-13.831,-81.658,1.200,-2.500,0.0050,0.000,nan,0.00,1,1,0,0,0,0.0000,0.000,0,0.000,0,0.000,0,0,search,,SEARCH,1,0,0,0.000,0,-1,0
1785733939.565,65.559,17.739,148.138,0.3941,1,8.750,-18.000,12.000,0.2269,4.000,-1.400,0.000,0.667,-19.290,14.000,-28.8749,-1.5000,-53.425,-53.425,-13.808,-81.791,1.200,-2.500,0.0050,0.000,nan,0.00,1,1,0,0,0,0.0000,0.000,0,0.000,0,0.000,0,0,search,,SEARCH,1,0,0,0.000,0,-1,0
1785733939.604,65.635,17.723,148.125,0.3930,1,8.750,-18.000,12.000,0.2263,4.000,-1.400,0.000,0.667,-19.290,14.000,-28.8491,-1.5000,-53.399,-53.399,-13.782,-81.937,1.200,-2.500,0.0050,0.000,nan,0.00,1,1,0,0,0,0.0000,0.000,0,0.000,0,0.000,0,0,search,,SEARCH,1,0,0,0.000,0,-1,0
1785733939.640,65.637,17.708,148.113,0.3930,1,8.750,-18.000,12.000,0.2263,4.000,-1.400,0.000,0.667,-19.290,14.000,-28.8476,-1.5000,-53.397,-53.397,-13.758,-82.071,1.200,-2.500,0.0050,0.000,nan,0.00,1,1,0,0,0,0.0000,0.000,0,0.000,0,0.000,0,0,search,,SEARCH,1,0,0,0.000,0,-1,0
1785733939.680,65.640,17.696,148.108,0.3929,1,8.750,-18.000,12.000,0.2263,4.000,-1.400,0.000,0.667,-19.290,14.000,-28.8471,-1.5000,-53.397,-53.397,-13.735,-82.201,1.200,-2.500,0.0050,0.000,nan,0.00,1,1,0,0,0,0.0000,0.000,0,0.000,0,0.000,0,0,search,,SEARCH,1,0,0,0.000,0,-1,0
1785733939.718,65.645,17.688,148.103,0.3929,1,8.750,-18.000,12.000,0.2262,4.000,-1.400,0.000,0.667,-19.290,14.000,-28.8493,-1.5000,-53.399,-53.399,-13.712,-82.327,1.200,-2.500,0.0050,0.000,nan,0.00,1,1,0,0,0,0.0000,0.000,0,0.000,0,0.000,0,0,search,,SEARCH,1,0,0,0.000,0,-1,0
1785733939.744,65.649,17.681,148.099,0.3928,1,8.750,-18.000,12.000,0.2262,4.000,-1.400,0.000,0.667,-19.290,14.000,-28.8539,-1.5000,-53.404,-53.404,-13.690,-82.449,1.200,-2.500,0.0050,0.000,nan,0.00,1,1,0,0,0,0.0000,0.000,0,0.000,0,0.000,0,0,search,,SEARCH,1,0,0,0.000,0,-1,0
1785733939.784,65.708,17.670,148.095,0.3920,1,8.750,-18.000,12.000,0.2257,4.000,-1.400,0.000,0.667,-19.290,14.000,-28.8327,-1.5000,-53.382,-53.382,-13.670,-82.563,1.200,-2.500,0.0050,0.000,nan,0.00,1,1,0,0,0,0.0000,0.000,0,0.000,0,0.000,0,0,search,,SEARCH,1,0,0,0.000,0,-1,0
1785733939.821,65.708,17.659,148.089,0.3920,1,8.750,-18.000,12.000,0.2257,4.000,-1.400,0.000,0.667,-19.290,14.000,-28.8319,-1.5000,-53.381,-53.381,-13.652,-82.669,1.200,-2.500,0.0050,0.000,nan,0.00,1,1,0,0,0,0.0000,0.000,0,0.000,0,0.000,0,0,search,,SEARCH,1,0,0,0.000,0,-1,0
1785733939.860,65.774,17.645,148.078,0.3910,1,8.750,-18.000,10.500,0.2252,4.000,1.400,0.000,0.667,19.290,14.000,-28.8079,-1.5000,-53.358,-53.358,-13.631,-82.789,1.200,-2.500,0.0050,0.000,nan,0.00,1,1,0,0,0,0.0000,0.000,0,0.000,0,0.000,0,0,search,,SEARCH,1,0,0,0.000,0,-1,0
1785733939.885,65.801,17.630,148.072,0.3907,1,8.750,-18.000,9.000,0.2249,4.000,1.400,0.000,0.667,19.290,14.000,-28.7928,-1.5000,-53.342,-53.342,-13.612,-82.902,1.200,-2.500,0.0050,0.000,nan,0.00,1,1,0,0,0,0.0000,0.000,0,0.000,0,0.000,0,0,search,,SEARCH,1,0,0,0.000,0,-1,0
1785733939.911,65.868,17.617,148.065,0.3897,1,8.750,-18.000,7.500,0.2244,4.000,1.400,0.000,0.667,19.290,14.000,-28.7674,-1.5000,-53.317,-53.317,-13.591,-83.022,1.200,-2.500,0.0050,0.000,nan,0.00,1,1,0,0,0,0.0000,0.000,0,0.000,0,0.000,0,0,search,,SEARCH,1,0,0,0.000,0,-1,0
1785733939.957,65.869,17.607,148.061,0.3897,1,8.750,-18.000,6.000,0.2244,4.000,1.400,0.000,0.667,19.290,14.000,-28.7681,-1.5000,-53.318,-53.318,-13.569,-83.148,1.200,-2.500,0.0050,0.000,nan,0.00,1,1,0,0,0,0.0000,0.000,0,0.000,0,0.000,0,0,search,,SEARCH,1,0,0,0.000,0,-1,0
1785733939.999,65.873,17.579,148.053,0.3897,1,8.750,-18.000,4.500,0.2244,4.000,1.400,0.000,0.667,19.290,14.000,-28.7562,-1.5000,-53.306,-53.306,-13.525,-83.400,1.200,-2.500,0.0050,0.000,nan,0.00,1,1,0,0,0,0.0000,0.000,0,0.000,0,0.000,2,0,search,,SEARCH,1,0,0,0.000,0,-1,0
1785733940.036,65.874,17.563,148.046,0.3897,1,8.750,-18.000,3.000,0.2244,4.000,1.400,0.000,0.667,19.290,14.000,-28.7500,-1.5000,-53.300,-53.300,-13.504,-83.525,1.200,-2.500,0.0050,0.000,nan,0.00,1,1,0,0,0,0.0000,0.000,0,0.000,0,0.000,0,0,search,,SEARCH,1,0,0,0.000,0,-1,0
1785733940.079,65.938,17.551,148.039,0.3887,1,8.750,-18.000,1.500,0.2238,4.000,1.400,0.000,0.667,19.290,14.000,-28.7268,-1.5000,-53.276,-53.276,-13.483,-83.645,1.200,-2.500,0.0050,0.000,nan,0.00,1,1,0,0,0,0.0000,0.000,0,0.000,0,0.000,2,0,search,,SEARCH,1,0,0,0.000,0,-1,0
1785733940.105,66.002,17.541,148.033,0.3878,1,8.750,-18.000,0.000,0.2233,4.000,1.400,0.000,0.667,19.290,14.000,-28.7043,-1.5000,-53.254,-53.254,-13.462,-83.763,1.200,-2.500,0.0050,0.000,nan,0.00,1,1,0,0,0,0.0000,0.000,0,0.000,0,0.000,0,0,search,,SEARCH,1,0,0,0.000,0,-1,0
1785733940.135,66.048,17.529,148.029,0.3871,1,8.750,-18.000,-1.500,0.2229,4.000,1.400,0.000,0.667,19.290,14.000,-28.6865,-1.5000,-53.236,-53.236,-13.440,-83.890,1.200,-2.500,0.0050,0.000,nan,0.00,1,1,0,0,0,0.0000,0.000,0,0.000,0,0.000,0,0,search,,SEARCH,1,0,0,0.000,0,-1,0
1785733940.173,66.119,17.522,148.028,0.3861,1,8.750,-18.000,-3.000,0.2223,4.000,1.400,0.000,0.667,19.290,14.000,-28.6624,-1.5000,-53.212,-53.212,-13.420,-84.007,1.200,-2.500,0.0050,0.000,nan,0.00,1,1,0,0,0,0.0000,0.000,0,0.000,0,0.000,0,0,search,,SEARCH,1,0,0,0.000,0,-1,0
1785733940.198,66.192,17.517,148.031,0.3850,1,8.750,-18.000,-4.500,0.2217,4.000,1.400,0.000,0.667,19.290,14.000,-28.6393,-1.5000,-53.189,-53.189,-13.401,-84.126,1.200,-2.500,0.0050,0.000,nan,0.00,1,1,0,0,0,0.0000,0.000,0,0.000,0,0.000,0,0,search,,SEARCH,1,0,0,0.000,0,-1,0
1785733940.236,66.257,17.504,148.030,0.3840,1,8.750,-18.000,-6.000,0.2211,4.000,1.400,0.000,0.667,19.290,14.000,-28.6115,-1.5000,-53.161,-53.161,-13.379,-84.253,1.200,-2.500,0.0050,0.000,nan,0.00,1,1,0,0,0,0.0000,0.000,0,0.000,0,0.000,3,0,search,,SEARCH,1,0,0,0.000,0,-1,0
1785733940.261,66.341,17.496,148.031,0.3827,1,8.750,-18.000,-7.500,0.2204,4.000,1.400,0.000,0.667,19.290,14.000,-28.5814,-1.5000,-53.131,-53.131,-13.356,-84.386,1.200,-2.500,0.0050,0.000,nan,0.00,1,1,0,0,0,0.0000,0.000,0,0.000,0,0.000,0,0,search,,SEARCH,1,0,0,0.000,0,-1,0
1785733940.300,66.434,17.485,148.035,0.3813,1,8.750,-18.000,-9.000,0.2196,4.000,1.400,0.000,0.667,19.290,14.000,-28.5431,-1.5000,-53.093,-53.093,-13.335,-84.519,1.200,-2.500,0.0050,0.000,nan,0.00,1,1,0,0,0,0.0000,0.000,0,0.000,0,0.000,0,0,search,,SEARCH,1,0,0,0.000,0,-1,0
1785733940.339,66.521,17.480,148.036,0.3800,1,8.750,-18.000,-10.500,0.2188,4.000,1.400,0.000,0.667,19.290,14.000,-28.5168,-1.5000,-53.066,-53.066,-13.311,-84.654,1.200,-2.500,0.0050,0.000,nan,0.00,1,1,0,0,0,0.0000,0.000,0,0.000,0,0.000,0,0,search,,SEARCH,1,0,0,0.000,0,-1,0
1785733940.377,66.601,17.470,148.035,0.3788,1,8.750,-18.000,-12.000,0.2181,4.000,1.400,0.000,0.667,19.290,14.000,-28.4873,-1.5000,-53.037,-53.037,-13.288,-84.789,1.200,-2.500,0.0050,0.000,nan,0.00,1,1,0,0,0,0.0000,0.000,0,0.000,0,0.000,0,0,search,,SEARCH,1,0,0,0.000,0,-1,0
1785733940.411,66.680,17.462,148.035,0.3776,1,8.750,-18.000,-12.000,0.2174,4.000,1.400,0.000,0.667,19.290,14.000,-28.4584,-1.5000,-53.008,-53.008,-13.265,-84.922,1.200,-2.500,0.0050,0.000,nan,0.00,1,1,0,0,0,0.0000,0.000,0,0.000,0,0.000,0,0,search,,SEARCH,1,0,0,0.000,0,-1,0
1785733940.449,66.759,17.453,148.034,0.3764,1,8.750,-18.000,-12.000,0.2168,4.000,1.400,0.000,0.667,19.290,14.000,-28.4292,-1.5000,-52.979,-52.979,-13.242,-85.056,1.200,-2.500,0.0050,0.000,nan,0.00,1,1,0,0,0,0.0000,0.000,0,0.000,0,0.000,0,0,search,,SEARCH,1,0,0,0.000,0,-1,0
1785733940.486,66.835,17.439,148.032,0.3753,1,8.750,-18.000,-12.000,0.2161,4.000,1.400,0.000,0.667,19.290,14.000,-28.3935,-1.5000,-52.943,-52.943,-13.219,-85.186,1.200,-2.500,0.0050,0.000,nan,0.00,1,1,0,0,0,0.0000,0.000,0,0.000,0,0.000,0,0,search,,SEARCH,1,0,0,0.000,0,-1,0
1785733940.512,66.908,17.429,148.028,0.3742,1,8.750,-18.000,-12.000,0.2155,4.000,1.400,0.000,0.667,19.290,14.000,-28.3651,-1.5000,-52.915,-52.915,-13.196,-85.317,1.200,-2.500,0.0050,0.000,nan,0.00,1,1,0,0,0,0.0000,0.000,0,0.000,0,0.000,0,0,search,,SEARCH,1,0,0,0.000,0,-1,0
1785733940.551,66.971,17.427,148.026,0.3732,1,8.750,-18.000,-12.000,0.2149,4.000,1.400,0.000,0.667,19.290,14.000,-28.3499,-1.5000,-52.900,-52.900,-13.175,-85.433,1.200,-2.500,0.0050,0.000,nan,0.00,1,1,0,0,0,0.0000,0.000,0,0.000,0,0.000,0,0,search,,SEARCH,1,0,0,0.000,0,-1,0
1785733940.590,67.048,17.419,148.023,0.3721,1,8.750,-18.000,-12.000,0.2142,4.000,1.400,0.000,0.667,19.290,14.000,-28.3217,-1.5000,-52.871,-52.871,-13.151,-85.570,1.200,-2.500,0.0050,0.000,nan,0.00,1,1,0,0,0,0.0000,0.000,0,0.000,0,0.000,0,0,search,,SEARCH,1,0,0,0.000,0,-1,0
1785733940.628,67.124,17.409,148.021,0.3709,1,8.750,-18.000,-12.000,0.2136,4.000,1.400,0.000,0.667,19.290,14.000,-28.2917,-1.5000,-52.841,-52.841,-13.127,-85.704,1.200,-2.500,0.0050,0.000,nan,0.00,1,1,0,0,0,0.0000,0.000,0,0.000,0,0.000,2,0,search,,SEARCH,1,0,0,0.000,0,-1,0
1785733940.674,67.197,17.401,148.018,0.3698,1,8.750,-18.000,-12.000,0.2129,4.000,1.400,0.000,0.667,19.290,14.000,-28.2655,-1.5000,-52.815,-52.815,-13.103,-85.838,1.200,-2.500,0.0050,0.000,nan,0.00,1,1,0,0,0,0.0000,0.000,0,0.000,0,0.000,0,0,search,,SEARCH,1,0,0,0.000,0,-1,0
1785733940.707,67.274,17.393,148.016,0.3687,1,8.750,-18.000,-12.000,0.2123,4.000,1.400,0.000,0.667,19.290,14.000,-28.2370,-1.5000,-52.787,-52.787,-13.079,-85.975,1.200,-2.500,0.0050,0.000,nan,0.00,1,1,0,0,0,0.0000,0.000,0,0.000,0,0.000,3,0,search,,SEARCH,1,0,0,0.000,0,-1,0
1785733940.747,67.345,17.384,148.011,0.3676,1,8.750,-18.000,-12.000,0.2117,4.000,1.400,0.000,0.667,19.290,14.000,-28.2089,-1.5000,-52.759,-52.759,-13.055,-86.108,1.200,-2.500,0.0050,0.000,nan,0.00,1,1,0,0,0,0.0000,0.000,0,0.000,0,0.000,0,0,search,,SEARCH,1,0,0,0.000,0,-1,0
1785733940.785,67.423,17.373,148.008,0.3664,1,8.750,-18.000,-12.000,0.2110,4.000,1.400,0.000,0.667,19.290,14.000,-28.1755,-1.5000,-52.725,-52.725,-13.032,-86.238,1.200,-2.500,0.0050,0.000,nan,0.00,1,1,0,0,0,0.0000,0.000,0,0.000,0,0.000,0,0,search,,SEARCH,1,0,0,0.000,0,-1,0
1785733940.809,67.498,17.365,148.006,0.3653,1,8.750,-18.000,-12.000,0.2103,4.000,1.400,0.000,0.667,19.290,14.000,-28.1455,-1.5000,-52.695,-52.695,-13.008,-86.372,1.200,-2.500,0.0050,0.000,nan,0.00,1,1,0,0,0,0.0000,0.000,0,0.000,0,0.000,0,0,search,,SEARCH,1,0,0,0.000,0,-1,0
1785733940.848,67.574,17.354,148.002,0.3641,1,8.750,-18.000,-12.000,0.2097,4.000,1.400,0.000,0.667,19.290,14.000,-28.1125,-1.5000,-52.662,-52.662,-12.985,-86.503,1.200,-2.500,0.0050,0.000,nan,0.00,1,1,0,0,0,0.0000,0.000,0,0.000,0,0.000,0,0,search,,SEARCH,1,0,0,0.000,0,-1,0
1785733940.888,67.648,17.344,147.998,0.3630,1,8.750,-18.000,-12.000,0.2090,4.000,1.400,0.000,0.667,19.290,14.000,-28.0816,-1.5000,-52.631,-52.631,-12.962,-86.633,1.200,-2.500,0.0050,0.000,nan,0.00,1,1,0,0,0,0.0000,0.000,0,0.000,0,0.000,0,0,search,,SEARCH,1,0,0,0.000,0,-1,0
1785733940.924,67.734,17.333,147.998,0.3617,1,8.750,-18.000,-12.000,0.2083,4.000,1.400,0.000,0.667,19.290,14.000,-28.0421,-1.5000,-52.592,-52.592,-12.940,-86.764,1.200,-2.500,0.0050,0.000,nan,0.00,1,1,0,0,0,0.0000,0.000,0,0.000,0,0.000,0,0,search,,SEARCH,1,0,0,0.000,0,-1,0
1785733940.960,67.793,17.328,147.994,0.3608,1,8.750,-18.000,-12.000,0.2077,4.000,1.400,0.000,0.667,19.290,14.000,-28.0225,-1.5000,-52.572,-52.572,-12.920,-86.878,1.200,-2.500,0.0050,0.000,nan,0.00,1,1,0,0,0,0.0000,0.000,0,0.000,0,0.000,2,0,search,,SEARCH,1,0,0,0.000,0,-1,0
1785733941.003,67.858,17.322,147.992,0.3598,1,8.750,-18.000,-12.000,0.2072,4.000,1.400,0.000,0.667,19.290,14.000,-27.9988,-1.5000,-52.548,-52.548,-12.900,-86.994,1.200,-2.500,0.0050,0.000,nan,0.00,1,1,0,0,0,0.0000,0.000,0,0.000,0,0.000,0,0,search,,SEARCH,1,0,0,0.000,0,-1,1
1785733941.050,67.992,17.305,147.984,0.3578,1,8.750,-18.000,-12.000,0.2060,4.000,1.400,0.000,0.667,19.290,14.000,-27.9425,-1.5000,-52.492,-52.492,-12.858,-87.235,1.200,-2.500,0.0050,0.000,nan,0.00,1,1,0,0,0,0.0000,0.000,0,0.000,0,0.000,0,0,search,,SEARCH,1,0,0,0.000,0,-1,0
1785733941.094,68.053,17.301,147.983,0.3568,1,8.750,-18.000,-12.000,0.2055,4.000,1.400,0.000,0.667,19.290,14.000,-27.9216,-1.5000,-52.471,-52.471,-12.838,-87.351,1.200,-2.500,0.0050,0.000,nan,0.00,1,1,0,0,0,0.0000,0.000,0,0.000,0,0.000,0,0,search,,SEARCH,1,0,0,0.000,0,-1,0
1785733941.131,68.114,17.296,147.979,0.3559,1,8.750,-18.000,-12.000,0.2049,4.000,1.400,0.000,0.667,19.290,14.000,-27.8995,-1.5000,-52.449,-52.449,-12.817,-87.467,1.200,-2.500,0.0050,0.000,nan,0.00,1,1,0,0,0,0.0000,0.000,0,0.000,0,0.000,0,0,search,,SEARCH,1,0,0,0.000,0,-1,0
1785733941.169,68.179,17.291,147.980,0.3549,1,8.750,-18.000,-12.000,0.2044,4.000,1.400,0.000,0.667,19.290,14.000,-27.8743,-1.5000,-52.424,-52.424,-12.797,-87.583,1.200,-2.500,0.0050,0.000,nan,0.00,1,1,0,0,0,0.0000,0.000,0,0.000,0,0.000,0,0,search,,SEARCH,1,0,0,0.000,0,-1,0
1785733941.208,68.251,17.278,147.975,0.3538,1,8.750,-18.000,-12.000,0.2037,4.000,1.400,0.000,0.667,19.290,14.000,-27.8360,-1.5000,-52.386,-52.386,-12.775,-87.710,1.200,-2.500,0.0050,0.000,nan,0.00,1,1,0,0,0,0.0000,0.000,0,0.000,0,0.000,1,0,search,,SEARCH,1,0,0,0.000,0,-1,1
1785733941.246,68.395,17.258,147.972,0.3516,1,8.750,-18.000,-12.000,0.2025,4.000,1.400,0.000,0.667,19.290,14.000,-27.7668,-1.5000,-52.316,-52.316,-12.733,-87.955,1.200,-2.500,0.0050,0.000,nan,0.00,1,1,0,0,0,0.0000,0.000,0,0.000,0,0.000,0,0,search,,SEARCH,1,0,0,0.000,0,-1,0
1785733941.276,68.466,17.246,147.968,0.3506,1,8.750,-18.000,-12.000,0.2018,4.000,1.400,0.000,0.667,19.290,14.000,-27.7306,-1.5000,-52.280,-52.280,-12.711,-88.084,1.200,-2.500,0.0050,0.000,nan,0.00,1,1,0,0,0,0.0000,0.000,0,0.000,0,0.000,0,0,search,,SEARCH,1,0,0,0.000,0,-1,0
1785733941.316,68.466,17.246,147.968,0.3506,1,8.750,-18.000,-12.000,0.2018,4.000,1.400,0.000,0.667,19.290,14.000,-27.7306,-1.5000,-52.280,-52.280,-12.711,-88.084,1.200,-2.500,0.0050,0.000,nan,0.00,1,1,0,0,0,0.0000,0.000,0,0.000,0,0.000,1,0,search,,SEARCH,1,0,0,0.000,0,-1,1
1785733941.361,68.613,17.222,147.959,0.3483,1,8.750,-18.000,-12.000,0.2006,4.000,1.400,0.000,0.667,19.290,14.000,-27.6568,-1.5000,-52.206,-52.206,-12.666,-88.340,1.200,-2.500,0.0050,0.000,nan,0.00,1,1,0,0,0,0.0000,0.000,0,0.000,0,0.000,0,0,search,,SEARCH,1,0,0,0.000,0,-1,0
1785733941.384,68.684,17.211,147.958,0.3472,1,8.750,-18.000,-12.000,0.1999,4.000,1.400,0.000,0.667,19.290,14.000,-27.6187,-1.5000,-52.168,-52.168,-12.645,-88.465,1.200,-2.500,0.0050,0.000,nan,0.00,1,1,0,0,0,0.0000,0.000,0,0.000,0,0.000,0,0,search,,SEARCH,1,0,0,0.000,0,-1,0
1785733941.423,68.686,17.211,147.958,0.3472,1,8.750,-18.000,-12.000,0.1999,4.000,1.400,0.000,0.667,19.290,14.000,-27.6181,-1.5000,-52.168,-52.168,-12.645,-88.467,1.200,-2.500,0.0050,0.000,nan,0.00,1,1,0,0,0,0.0000,0.000,0,0.000,0,0.000,2,0,search,,SEARCH,1,0,0,0.000,0,-1,0
1785733941.456,68.761,17.204,147.956,0.3460,1,8.750,-18.000,-12.000,0.1993,4.000,1.400,0.000,0.667,19.290,14.000,-27.5862,-1.5000,-52.136,-52.136,-12.620,-88.602,1.200,-2.500,0.0050,0.000,nan,0.00,1,1,0,0,0,0.0000,0.000,0,0.000,0,0.000,0,0,search,,SEARCH,1,0,0,0.000,0,-1,1
1785733941.495,68.909,17.189,147.952,0.3438,1,8.750,-18.000,-10.500,0.1979,4.000,-1.400,0.000,0.667,-19.290,14.000,-27.5193,-1.5000,-52.069,-52.069,-12.572,-88.867,1.200,-2.500,0.0050,0.000,nan,0.00,1,1,0,0,0,0.0000,0.000,0,0.000,0,0.000,0,0,search,,SEARCH,1,0,0,0.000,0,-1,0
1785733941.534,68.909,17.189,147.952,0.3438,1,8.750,-18.000,-9.000,0.1979,4.000,-1.400,0.000,0.667,-19.290,14.000,-27.5193,-1.5000,-52.069,-52.069,-12.572,-88.867,1.200,-2.500,0.0050,0.000,nan,0.00,1,1,0,0,0,0.0000,0.000,0,0.000,0,0.000,2,0,search,,SEARCH,1,0,0,0.000,0,-1,0
1785733941.559,68.985,17.178,147.947,0.3426,1,8.750,-18.000,-7.500,0.1973,4.000,-1.400,0.000,0.667,-19.290,14.000,-27.4803,-1.5000,-52.030,-52.030,-12.549,-88.994,1.200,-2.500,0.0050,0.000,nan,0.00,1,1,0,0,0,0.0000,0.000,0,0.000,0,0.000,0,0,search,,SEARCH,1,0,0,0.000,0,-1,0
1785733941.589,69.064,17.169,147.944,0.3414,1,8.750,-18.000,-6.000,0.1966,4.000,-1.400,0.000,0.667,-19.290,14.000,-27.4426,-1.5000,-51.992,-51.992,-12.526,-89.125,1.200,-2.500,0.0050,0.000,nan,0.00,1,1,0,0,0,0.0000,0.000,0,0.000,0,0.000,0,0,search,,SEARCH,1,0,0,0.000,0,-1,0
1785733941.628,69.141,17.160,147.940,0.3402,1,8.750,-18.000,-4.500,0.1959,4.000,-1.400,0.000,0.667,-19.290,14.000,-27.4066,-1.5000,-51.956,-51.956,-12.502,-89.257,1.200,-2.500,0.0050,0.000,nan,0.00,1,1,0,0,0,0.0000,0.000,0,0.000,0,0.000,0,0,search,,SEARCH,1,0,0,0.000,0,-1,0
1785733941.667,69.213,17.151,147.939,0.3391,1,8.750,-18.000,-3.000,0.1953,4.000,-1.400,0.000,0.667,-19.290,14.000,-27.3698,-1.5000,-51.919,-51.919,-12.479,-89.386,1.200,-2.500,0.0050,0.000,nan,0.00,1,1,0,0,0,0.0000,0.000,0,0.000,0,0.000,0,0,search,,SEARCH,1,0,0,0.000,0,-1,0
1785733941.707,69.294,17.143,147.939,0.3379,1,8.750,-18.000,-1.500,0.1945,4.000,-1.400,0.000,0.667,-19.290,14.000,-27.3313,-1.5000,-51.881,-51.881,-12.456,-89.517,1.200,-2.500,0.0050,0.000,nan,0.00,1,1,0,0,0,0.0000,0.000,0,0.000,0,0.000,0,0,search,,SEARCH,1,0,0,0.000,0,-1,1
1785733941.753,69.438,17.125,147.936,0.3356,1,8.750,-18.000,0.000,0.1933,4.000,-1.400,0.000,0.667,-19.290,14.000,-27.2571,-1.5000,-51.807,-51.807,-12.412,-89.763,1.200,-2.500,0.0050,0.000,nan,0.00,1,1,0,0,0,0.0000,0.000,0,0.000,0,0.000,0,0,search,,SEARCH,1,0,0,0.000,0,-1,0
1785733941.792,69.524,17.118,147.937,0.3343,1,8.750,-18.000,1.500,0.1925,4.000,-1.400,0.000,0.667,-19.290,14.000,-27.2167,-1.5000,-51.766,-51.766,-12.387,-89.899,1.200,-2.500,0.0050,0.000,nan,0.00,1,1,0,0,0,0.0000,0.000,0,0.000,0,0.000,0,0,search,,SEARCH,1,0,0,0.000,0,-1,0
1785733941.828,69.604,17.111,147.937,0.3331,1,8.750,-18.000,3.000,0.1918,4.000,-1.400,0.000,0.667,-19.290,14.000,-27.1791,-1.5000,-51.729,-51.729,-12.363,-90.033,1.200,-2.500,0.0050,0.000,nan,0.00,1,1,0,0,0,0.0000,0.000,0,0.000,0,0.000,0,0,search,,SEARCH,1,0,0,0.000,0,-1,0
1785733941.860,69.604,17.111,147.937,0.3331,1,8.750,-18.000,4.500,0.1918,4.000,-1.400,0.000,0.667,-19.290,14.000,-27.1791,-1.5000,-51.729,-51.729,-12.363,-90.033,1.200,-2.500,0.0050,0.000,nan,0.00,1,1,0,0,0,0.0000,0.000,0,0.000,0,0.000,0,0,search,,SEARCH,1,0,0,0.000,0,-1,1
1785733941.899,69.768,17.091,147.930,0.3306,1,8.750,-18.000,6.000,0.1903,4.000,-1.400,0.000,0.667,-19.290,14.000,-27.0935,-1.5000,-51.643,-51.643,-12.312,-90.314,1.200,-2.500,0.0050,0.000,nan,0.00,1,1,0,0,0,0.0000,0.000,0,0.000,0,0.000,0,0,search,,SEARCH,1,0,0,0.000,0,-1,0
1785733941.940,69.814,17.074,147.930,0.3299,1,8.750,-18.000,7.500,0.1899,4.000,-1.400,0.000,0.667,-19.290,14.000,-27.0543,-1.5000,-51.604,-51.604,-12.288,-90.451,1.200,-2.500,0.0050,0.000,nan,0.00,1,1,0,0,0,0.0000,0.000,0,0.000,0,0.000,0,0,search,,SEARCH,1,0,0,0.000,0,-1,0
1785733941.962,69.814,17.074,147.930,0.3299,1,8.750,-18.000,9.000,0.1899,4.000,-1.400,0.000,0.667,-19.290,14.000,-27.0538,-1.5000,-51.603,-51.603,-12.288,-90.453,1.200,-2.500,0.0050,0.000,nan,0.00,1,1,0,0,0,0.0000,0.000,0,0.000,0,0.000,0,0,search,,SEARCH,1,0,0,0.000,0,-1,0
1785733942.006,69.806,17.063,147.921,0.3300,1,8.750,-18.000,10.500,0.1900,4.000,-1.400,0.000,0.667,-19.290,14.000,-27.0458,-1.5000,-51.595,-51.595,-12.265,-90.575,1.200,-2.500,0.0050,0.000,nan,0.00,1,1,0,0,0,0.0000,0.000,0,0.000,0,0.000,0,0,search,,SEARCH,1,0,0,0.000,0,-1,1
1785733942.047,69.798,17.044,147.909,0.3302,1,8.750,-18.000,12.000,0.1901,4.000,-1.400,0.000,0.667,-19.290,14.000,-27.0318,-1.5000,-51.581,-51.581,-12.220,-90.818,1.200,-2.500,0.0050,0.000,nan,0.00,1,1,0,0,0,0.0000,0.000,0,0.000,0,0.000,1,0,search,,SEARCH,1,0,0,0.000,0,-1,0
1785733942.088,69.798,17.040,147.902,0.3302,1,8.750,-18.000,12.000,0.1901,4.000,-1.400,0.000,0.667,-19.290,14.000,-27.0318,-1.5000,-51.581,-51.581,-12.198,-90.935,1.200,-2.500,0.0050,0.000,nan,0.00,1,1,0,0,0,0.0000,0.000,0,0.000,0,0.000,0,0,search,,SEARCH,1,0,0,0.000,0,-1,0
1785733942.126,69.865,17.027,147.890,0.3291,1,8.750,-18.000,12.000,0.1895,4.000,-1.400,0.000,0.667,-19.290,14.000,-26.9931,-1.5000,-51.543,-51.543,-12.177,-91.049,1.200,-2.500,0.0050,0.000,nan,0.00,1,1,0,0,0,0.0000,0.000,0,0.000,0,0.000,0,0,search,,SEARCH,1,0,0,0.000,0,-1,0
1785733942.165,69.863,17.025,147.884,0.3292,1,8.750,-18.000,12.000,0.1895,4.000,-1.400,0.000,0.667,-19.290,14.000,-26.9974,-1.5000,-51.547,-51.547,-12.156,-91.162,1.200,-2.500,0.0050,0.000,nan,0.00,1,1,0,0,0,0.0000,0.000,0,0.000,0,0.000,0,0,search,,SEARCH,1,0,0,0.000,0,-1,0
1785733942.202,69.866,17.015,147.879,0.3291,1,8.750,-18.000,12.000,0.1895,4.000,-1.400,0.000,0.667,-19.290,14.000,-26.9852,-1.5000,-51.535,-51.535,-12.134,-91.286,1.200,-2.500,0.0050,0.000,nan,0.00,1,1,0,0,0,0.0000,0.000,0,0.000,0,0.000,0,0,search,,SEARCH,1,0,0,0.000,0,-1,0
1785733942.242,69.870,17.004,147.874,0.3291,1,8.750,-18.000,12.000,0.1895,4.000,-1.400,0.000,0.667,-19.290,14.000,-26.9721,-1.5000,-51.522,-51.522,-12.112,-91.411,1.200,-2.500,0.0050,0.000,nan,0.00,1,1,0,0,0,0.0000,0.000,0,0.000,0,0.000,0,0,search,,SEARCH,1,0,0,0.000,0,-1,1
1785733942.280,69.874,16.998,147.871,0.3290,1,8.750,-18.000,12.000,0.1895,4.000,-1.400,0.000,0.667,-19.290,14.000,-26.9658,-1.5000,-51.515,-51.515,-12.091,-91.528,1.200,-2.500,0.0050,0.000,nan,0.00,1,1,0,0,0,0.0000,0.000,0,0.000,0,0.000,1,0,search,,SEARCH,1,0,0,0.000,0,-1,0
1785733942.330,69.884,16.978,147.860,0.3289,1,8.750,-18.000,12.000,0.1894,4.000,-1.400,0.000,0.667,-19.290,14.000,-26.9419,-1.5000,-51.491,-51.491,-12.046,-91.774,1.200,-2.500,0.0050,0.000,nan,0.00,1,1,0,0,0,0.0000,0.000,0,0.000,0,0.000,0,0,search,,SEARCH,1,0,0,0.000,0,-1,0
1785733942.369,69.899,16.961,147.849,0.3287,1,8.750,-18.000,12.000,0.1893,4.000,-1.400,0.000,0.667,-19.290,14.000,-26.9165,-1.5000,-51.466,-51.466,-12.023,-91.906,1.200,-2.500,0.0050,0.000,nan,0.00,1,1,0,0,0,0.0000,0.000,0,0.000,0,0.000,0,0,search,,SEARCH,1,0,0,0.000,0,-1,0
1785733942.408,69.957,16.944,147.838,0.3279,1,8.750,-18.000,12.000,0.1888,4.000,-1.400,0.000,0.667,-19.290,14.000,-26.8765,-1.5000,-51.426,-51.426,-11.999,-92.043,1.200,-2.500,0.0050,0.000,nan,0.00,1,1,0,0,0,0.0000,0.000,0,0.000,0,0.000,0,0,search,,SEARCH,1,0,0,0.000,0,-1,0
1785733942.452,69.981,16.927,147.826,0.3275,1,8.750,-18.000,12.000,0.1886,4.000,-1.400,0.000,0.667,-19.290,14.000,-26.8485,-1.5000,-51.398,-51.398,-11.974,-92.178,1.200,-2.500,0.0050,0.000,nan,0.00,1,1,0,0,0,0.0000,0.000,0,0.000,0,0.000,0,0,search,,SEARCH,1,0,0,0.000,0,-1,0
1785733942.476,69.997,16.910,147.808,0.3273,1,8.750,-18.000,12.000,0.1884,4.000,-1.400,0.000,0.667,-19.290,14.000,-26.8272,-1.5000,-51.377,-51.377,-11.951,-92.304,1.200,-2.500,0.0050,0.000,nan,0.00,1,1,0,0,0,0.0000,0.000,0,0.000,0,0.000,0,0,search,,SEARCH,1,0,0,0.000,0,-1,0
1785733942.514,69.994,16.897,147.802,0.3273,1,8.750,-18.000,12.000,0.1885,4.000,-1.400,0.000,0.667,-19.290,14.000,-26.8138,-1.5000,-51.363,-51.363,-11.928,-92.432,1.200,-2.500,0.0050,0.000,nan,0.00,1,1,0,0,0,0.0000,0.000,0,0.000,0,0.000,2,0,search,,SEARCH,1,0,0,0.000,0,-1,0
1785733942.539,70.042,16.890,147.784,0.3266,1,8.750,-18.000,12.000,0.1881,4.000,-1.400,0.000,0.667,-19.290,14.000,-26.7935,-1.5000,-51.343,-51.343,-11.908,-92.539,1.200,-2.500,0.0050,0.000,nan,0.00,1,1,0,0,0,0.0000,0.000,0,0.000,0,0.000,0,0,search,,SEARCH,1,0,0,0.000,0,-1,0
1785733942.569,70.098,16.880,147.775,0.3257,1,8.750,-18.000,12.000,0.1876,4.000,-1.400,0.000,0.667,-19.290,14.000,-26.7616,-1.5000,-51.311,-51.311,-11.889,-92.647,1.200,-2.500,0.0050,0.000,nan,0.00,1,1,0,0,0,0.0000,0.000,0,0.000,0,0.000,0,0,search,,SEARCH,1,0,0,0.000,0,-1,0
1785733942.606,70.111,16.866,147.761,0.3256,1,8.750,-18.000,12.000,0.1875,4.000,-1.400,0.000,0.667,-19.290,14.000,-26.7433,-1.5000,-51.293,-51.293,-11.871,-92.749,1.200,-2.500,0.0050,0.000,nan,0.00,1,1,0,0,0,0.0000,0.000,0,0.000,0,0.000,0,0,search,,SEARCH,1,0,0,0.000,0,-1,0
1785733942.631,70.130,16.852,147.750,0.3253,1,8.750,-18.000,12.000,0.1873,4.000,-1.400,0.000,0.667,-19.290,14.000,-26.7203,-1.5000,-51.270,-51.270,-11.853,-92.855,1.200,-2.500,0.0050,0.000,nan,0.00,1,1,0,0,0,0.0000,0.000,0,0.000,0,0.000,0,0,search,,SEARCH,1,0,0,0.000,0,-1,0
1785733942.669,70.156,16.839,147.742,0.3249,1,8.750,-18.000,12.000,0.1871,4.000,-1.400,0.000,0.667,-19.290,14.000,-26.6948,-1.5000,-51.244,-51.244,-11.834,-92.961,1.200,-2.500,0.0050,0.000,nan,0.00,1,1,0,0,0,0.0000,0.000,0,0.000,0,0.000,3,0,search,,SEARCH,1,0,0,0.000,0,-1,0
1785733942.696,70.219,16.828,147.730,0.3239,1,8.750,-18.000,12.000,0.1865,4.000,-1.400,0.000,0.667,-19.290,14.000,-26.6599,-1.5000,-51.209,-51.209,-11.812,-93.073,1.200,-2.500,0.0050,0.000,nan,0.00,1,1,0,0,0,0.0000,0.000,0,0.000,0,0.000,0,0,search,,SEARCH,1,0,0,0.000,0,-1,0
1785733942.731,70.219,16.820,147.726,0.3239,1,8.750,-18.000,12.000,0.1865,4.000,-1.400,0.000,0.667,-19.290,14.000,-26.6501,-1.5000,-51.200,-51.200,-11.790,-93.196,1.200,-2.500,0.0050,0.000,nan,0.00,1,1,0,0,0,0.0000,0.000,0,0.000,0,0.000,0,0,search,,SEARCH,1,0,0,0.000,0,-1,0
1785733942.789,70.224,16.814,147.723,0.3239,1,8.750,-18.000,12.000,0.1865,4.000,-1.400,0.000,0.667,-19.290,14.000,-26.6436,-1.5000,-51.193,-51.193,-11.769,-93.312,1.200,-2.500,0.0050,0.000,nan,0.00,1,1,0,0,0,0.0000,0.000,0,0.000,0,0.000,0,0,search,,SEARCH,1,0,0,0.000,0,-1,1
1785733942.829,70.228,16.793,147.711,0.3239,1,8.750,-18.000,12.000,0.1865,4.000,-1.400,0.000,0.667,-19.290,14.000,-26.6178,-1.5000,-51.167,-51.167,-11.726,-93.557,1.200,-2.500,0.0050,0.000,nan,0.00,1,1,0,0,0,0.0000,0.000,0,0.000,0,0.000,0,0,search,,SEARCH,1,0,0,0.000,0,-1,0
1785733942.869,70.232,16.783,147.707,0.3238,1,8.750,-18.000,12.000,0.1864,4.000,-1.400,0.000,0.667,-19.290,14.000,-26.6042,-1.5000,-51.154,-51.154,-11.704,-93.680,1.200,-2.500,0.0050,0.000,nan,0.00,1,1,0,0,0,0.0000,0.000,0,0.000,0,0.000,0,0,search,,SEARCH,1,0,0,0.000,0,-1,0
1785733942.907,70.261,16.766,147.698,0.3234,1,8.750,-18.000,12.000,0.1862,4.000,-1.400,0.000,0.667,-19.290,14.000,-26.5718,-1.5000,-51.121,-51.121,-11.681,-93.811,1.200,-2.500,0.0050,0.000,nan,0.00,1,1,0,0,0,0.0000,0.000,0,0.000,0,0.000,2,0,search,,SEARCH,1,0,0,0.000,0,-1,0
1785733942.954,70.287,16.748,147.688,0.3230,1,8.750,-18.000,12.000,0.1860,4.000,-1.400,0.000,0.667,-19.290,14.000,-26.5392,-1.5000,-51.089,-51.089,-11.658,-93.937,1.200,-2.500,0.0050,0.000,nan,0.00,1,1,0,0,0,0.0000,0.000,0,0.000,0,0.000,0,0,search,,SEARCH,1,0,0,0.000,0,-1,0
1785733943.000,70.293,16.739,147.682,0.3229,1,8.750,-18.000,12.000,0.1859,4.000,-1.400,0.000,0.667,-19.290,14.000,-26.5277,-1.5000,-51.077,-51.077,-11.637,-94.056,1.200,-2.500,0.0050,0.000,nan,0.00,1,1,0,0,0,0.0000,0.000,0,0.000,0,0.000,0,0,search,,SEARCH,1,0,0,0.000,0,-1,1
1785733943.040,70.291,16.713,147.668,0.3230,1,8.750,-18.000,12.000,0.1860,4.000,-1.400,0.000,0.667,-19.290,14.000,-26.4965,-1.5000,-51.046,-51.046,-11.592,-94.309,1.200,-2.500,0.0050,0.000,nan,0.00,1,1,0,0,0,0.0000,0.000,0,0.000,0,0.000,0,0,search,,SEARCH,1,0,0,0.000,0,-1,0
1785733943.078,70.291,16.713,147.668,0.3230,1,8.750,-18.000,12.000,0.1860,4.000,-1.400,0.000,0.667,-19.290,14.000,-26.4965,-1.5000,-51.046,-51.046,-11.592,-94.309,1.200,-2.500,0.0050,0.000,nan,0.00,1,1,0,0,0,0.0000,0.000,0,0.000,0,0.000,1,0,search,,SEARCH,1,0,0,0.000,0,-1,0
1785733943.103,70.316,16.695,147.656,0.3226,1,8.750,-18.000,12.000,0.1858,4.000,-1.400,0.000,0.667,-19.290,14.000,-26.4657,-1.5000,-51.015,-51.015,-11.569,-94.440,1.200,-2.500,0.0050,0.000,nan,0.00,1,1,0,0,0,0.0000,0.000,0,0.000,0,0.000,0,0,search,,SEARCH,1,0,0,0.000,0,-1,0
1785733943.134,70.336,16.677,147.642,0.3224,1,8.750,-18.000,12.000,0.1856,4.000,-1.400,0.000,0.667,-19.290,14.000,-26.4377,-1.5000,-50.987,-50.987,-11.546,-94.571,1.200,-2.500,0.0050,0.000,nan,0.00,1,1,0,0,0,0.0000,0.000,0,0.000,0,0.000,0,0,search,,SEARCH,1,0,0,0.000,0,-1,0
1785733943.173,70.354,16.658,147.630,0.3221,1,8.750,-18.000,10.500,0.1855,4.000,1.400,0.000,0.667,19.290,14.000,-26.4078,-1.5000,-50.957,-50.957,-11.523,-94.699,1.200,-2.500,0.0050,0.000,nan,0.00,1,1,0,0,0,0.0000,0.000,0,0.000,0,0.000,0,0,search,,SEARCH,1,0,0,0.000,0,-1,0
1785733943.214,70.434,16.643,147.618,0.3209,1,8.750,-18.000,9.000,0.1847,4.000,1.400,0.000,0.667,19.290,14.000,-26.3574,-1.5000,-50.907,-50.907,-11.498,-94.838,1.200,-2.500,0.0050,0.000,nan,0.00,1,1,0,0,0,0.0000,0.000,0,0.000,0,0.000,0,0,search,,SEARCH,1,0,0,0.000,0,-1,0
1785733943.250,70.467,16.627,147.615,0.3204,1,8.750,-18.000,7.500,0.1845,4.000,1.400,0.000,0.667,19.290,14.000,-26.3218,-1.5000,-50.871,-50.871,-11.475,-94.974,1.200,-2.500,0.0050,0.000,nan,0.00,1,1,0,0,0,0.0000,0.000,0,0.000,0,0.000,1,0,search,,SEARCH,1,0,0,0.000,0,-1,0
1785733943.300,70.534,16.613,147.613,0.3193,1,8.750,-18.000,6.000,0.1839,4.000,1.400,0.000,0.667,19.290,14.000,-26.2751,-1.5000,-50.825,-50.825,-11.451,-95.107,1.200,-2.500,0.0050,0.000,nan,0.00,1,1,0,0,0,0.0000,0.000,0,0.000,0,0.000,0,0,search,,SEARCH,1,0,0,0.000,0,-1,1
1785733943.321,70.574,16.597,147.611,0.3187,1,8.750,-18.000,4.500,0.1835,4.000,1.400,0.000,0.667,19.290,14.000,-26.2355,-1.5000,-50.785,-50.785,-11.428,-95.240,1.200,-2.500,0.0050,0.000,nan,0.00,1,1,0,0,0,0.0000,0.000,0,0.000,0,0.000,0,0,search,,SEARCH,1,0,0,0.000,0,-1,0
1785733943.359,70.572,16.575,147.605,0.3188,1,8.750,-18.000,3.000,0.1836,4.000,1.400,0.000,0.667,19.290,14.000,-26.2038,-1.5000,-50.753,-50.753,-11.406,-95.367,1.200,-2.500,0.0050,0.000,nan,0.00,1,1,0,0,0,0.0000,0.000,0,0.000,0,0.000,0,0,search,,SEARCH,1,0,0,0.000,0,-1,0
1785733943.384,70.653,16.565,147.607,0.3175,1,8.750,-18.000,1.500,0.1828,4.000,1.400,0.000,0.667,19.290,14.000,-26.1558,-1.5000,-50.705,-50.705,-11.383,-95.496,1.200,-2.500,0.0050,0.000,nan,0.00,1,1,0,0,0,0.0000,0.000,0,0.000,0,0.000,0,0,search,,SEARCH,1,0,0,0.000,0,-1,0
1785733943.423,70.728,16.557,147.608,0.3164,1,8.750,-18.000,0.000,0.1822,4.000,1.400,0.000,0.667,19.290,14.000,-26.1124,-1.5000,-50.662,-50.662,-11.362,-95.619,1.200,-2.500,0.0050,0.000,nan,0.00,1,1,0,0,0,0.0000,0.000,0,0.000,0,0.000,0,0,search,,SEARCH,1,0,0,0.000,0,-1,0
1785733943.471,70.797,16.550,147.606,0.3153,1,8.750,-18.000,-1.500,0.1815,4.000,1.400,0.000,0.667,19.290,14.000,-26.0752,-1.5000,-50.625,-50.625,-11.342,-95.730,1.200,-2.500,0.0050,0.000,nan,0.00,1,1,0,0,0,0.0000,0.000,0,0.000,0,0.000,2,0,search,,SEARCH,1,0,0,0.000,0,-1,1
1785733943.509,70.869,16.539,147.604,0.3142,1,8.750,-18.000,-3.000,0.1809,4.000,1.400,0.000,0.667,19.290,14.000,-26.0299,-1.5000,-50.580,-50.580,-11.320,-95.856,1.200,-2.500,0.0050,0.000,nan,0.00,1,1,0,0,0,0.0000,0.000,0,0.000,0,0.000,0,0,search,,SEARCH,1,0,0,0.000,0,-1,0
1785733943.548,70.951,16.530,147.606,0.3129,1,8.750,-18.000,-4.500,0.1802,4.000,1.400,0.000,0.667,19.290,14.000,-25.9810,-1.5000,-50.531,-50.531,-11.297,-95.987,1.200,-2.500,0.0050,0.000,nan,0.00,1,1,0,0,0,0.0000,0.000,0,0.000,0,0.000,0,0,search,,SEARCH,1,0,0,0.000,0,-1,1
1785733943.586,71.113,16.512,147.601,0.3103,1,8.750,-18.000,-6.000,0.1787,4.000,1.400,0.000,0.667,19.290,14.000,-25.8893,-1.5000,-50.439,-50.439,-11.251,-96.241,1.200,-2.500,0.0050,0.000,nan,0.00,1,1,0,0,0,0.0000,0.000,0,0.000,0,0.000,0,0,search,,SEARCH,1,0,0,0.000,0,-1,0
1785733943.625,71.113,16.512,147.601,0.3103,1,8.750,-18.000,-7.500,0.1787,4.000,1.400,0.000,0.667,19.290,14.000,-25.8893,-1.5000,-50.439,-50.439,-11.251,-96.241,1.200,-2.500,0.0050,0.000,nan,0.00,1,1,0,0,0,0.0000,0.000,0,0.000,0,0.000,0,0,search,,SEARCH,1,0,0,0.000,0,-1,1
1785733943.664,71.277,16.498,147.599,0.3078,1,8.750,-18.000,-9.000,0.1772,4.000,1.400,0.000,0.667,19.290,14.000,-25.7995,-1.5000,-50.349,-50.349,-11.202,-96.509,1.200,-2.500,0.0050,0.000,nan,0.00,1,1,0,0,0,0.0000,0.000,0,0.000,0,0.000,0,0,search,,SEARCH,1,0,0,0.000,0,-1,0
1785733943.703,71.277,16.498,147.599,0.3078,1,8.750,-18.000,-10.500,0.1772,4.000,1.400,0.000,0.667,19.290,14.000,-25.7995,-1.5000,-50.349,-50.349,-11.202,-96.509,1.200,-2.500,0.0050,0.000,nan,0.00,1,1,0,0,0,0.0000,0.000,0,0.000,0,0.000,0,0,search,,SEARCH,1,0,0,0.000,0,-1,0
1785733943.741,71.437,16.482,147.595,0.3053,1,8.750,-18.000,-12.000,0.1758,4.000,1.400,0.000,0.667,19.290,14.000,-25.7086,-1.5000,-50.258,-50.258,-11.155,-96.766,1.200,-2.500,0.0050,0.000,nan,0.00,1,1,0,0,0,0.0000,0.000,0,0.000,0,0.000,0,0,search,,SEARCH,1,0,0,0.000,0,-1,0
1785733943.781,71.513,16.471,147.589,0.3041,1,8.750,-18.000,-12.000,0.1751,4.000,1.400,0.000,0.667,19.290,14.000,-25.6619,-1.5000,-50.211,-50.211,-11.132,-96.887,1.200,-2.500,0.0050,0.000,nan,0.00,1,1,0,0,0,0.0000,0.000,0,0.000,0,0.000,0,0,search,,SEARCH,1,0,0,0.000,0,-1,0
1785733943.826,71.584,16.460,147.584,0.3030,1,8.750,-18.000,-12.000,0.1744,4.000,1.400,0.000,0.667,19.290,14.000,-25.6150,-1.5000,-50.165,-50.165,-11.111,-97.004,1.200,-2.500,0.0050,0.000,nan,0.00,1,1,0,0,0,0.0000,0.000,0,0.000,0,0.000,1,0,search,,SEARCH,1,0,0,0.000,0,-1,0
1785733943.857,71.644,16.456,147.580,0.3020,1,8.750,-18.000,-12.000,0.1739,4.000,1.400,0.000,0.667,19.290,14.000,-25.5846,-1.5000,-50.134,-50.134,-11.090,-97.116,1.200,-2.500,0.0050,0.000,nan,0.00,1,1,0,0,0,0.0000,0.000,0,0.000,0,0.000,2,0,search,,SEARCH,1,0,0,0.000,0,-1,0
1785733943.895,71.715,16.444,147.574,0.3009,1,8.750,-18.000,-12.000,0.1733,4.000,1.400,0.000,0.667,19.290,14.000,-25.5386,-1.5000,-50.088,-50.088,-11.068,-97.234,1.200,-2.500,0.0050,0.000,nan,0.00,1,1,0,0,0,0.0000,0.000,0,0.000,0,0.000,0,0,search,,SEARCH,1,0,0,0.000,0,-1,0
1785733943.935,71.789,16.432,147.570,0.2998,1,8.750,-18.000,-12.000,0.1726,4.000,1.400,0.000,0.667,19.290,14.000,-25.4889,-1.5000,-50.039,-50.039,-11.046,-97.359,1.200,-2.500,0.0050,0.000,nan,0.00,1,1,0,0,0,0.0000,0.000,0,0.000,0,0.000,2,0,search,,SEARCH,1,0,0,0.000,0,-1,1
1785733943.973,71.922,16.421,147.563,0.2977,1,8.750,-18.000,-12.000,0.1714,4.000,1.400,0.000,0.667,19.290,14.000,-25.4150,-1.5000,-49.965,-49.965,-11.003,-97.589,1.200,-2.500,0.0050,0.000,nan,0.00,1,1,0,0,0,0.0000,0.000,0,0.000,0,0.000,0,0,search,,SEARCH,1,0,0,0.000,0,-1,0
1785733944.011,71.922,16.421,147.563,0.2977,1,8.750,-18.000,-12.000,0.1714,4.000,1.400,0.000,0.667,19.290,14.000,-25.4150,-1.5000,-49.965,-49.965,-11.003,-97.589,1.200,-2.500,0.0050,0.000,nan,0.00,1,1,0,0,0,0.0000,0.000,0,0.000,0,0.000,2,0,search,,SEARCH,1,0,0,0.000,0,-1,1
1785733944.051,72.070,16.402,147.554,0.2953,1,8.750,-18.000,-12.000,0.1701,4.000,1.400,0.000,0.667,19.290,14.000,-25.3233,-1.5000,-49.873,-49.873,-10.957,-97.833,1.200,-2.500,0.0050,0.000,nan,0.00,1,1,0,0,0,0.0000,0.000,0,0.000,0,0.000,0,0,search,,SEARCH,1,0,0,0.000,0,-1,0
1785733944.087,72.070,16.402,147.554,0.2953,1,8.750,-18.000,-12.000,0.1701,4.000,1.400,0.000,0.667,19.290,14.000,-25.3233,-1.5000,-49.873,-49.873,-10.957,-97.833,1.200,-2.500,0.0050,0.000,nan,0.00,1,1,0,0,0,0.0000,0.000,0,0.000,0,0.000,2,0,search,,SEARCH,1,0,0,0.000,0,-1,0
1785733944.113,72.143,16.392,147.547,0.2942,1,8.750,-18.000,-12.000,0.1694,4.000,1.400,0.000,0.667,19.290,14.000,-25.2769,-1.5000,-49.827,-49.827,-10.934,-97.955,1.200,-2.500,0.0050,0.000,nan,0.00,1,1,0,0,0,0.0000,0.000,0,0.000,0,0.000,0,0,search,,SEARCH,1,0,0,0.000,0,-1,0
1785733944.153,72.214,16.383,147.542,0.2931,1,8.750,-18.000,-12.000,0.1687,4.000,1.400,0.000,0.667,19.290,14.000,-25.2321,-1.5000,-49.782,-49.782,-10.912,-98.075,1.200,-2.500,0.0050,0.000,nan,0.00,1,1,0,0,0,0.0000,0.000,0,0.000,0,0.000,0,0,search,,SEARCH,1,0,0,0.000,0,-1,1
1785733944.179,72.295,16.375,147.540,0.2918,1,8.750,-18.000,-12.000,0.1680,4.000,1.400,0.000,0.667,19.290,14.000,-25.1839,-1.5000,-49.733,-49.733,-10.887,-98.208,1.200,-2.500,0.0050,0.000,nan,0.00,1,1,0,0,0,0.0000,0.000,0,0.000,0,0.000,0,0,search,,SEARCH,1,0,0,0.000,0,-1,0
1785733944.214,72.374,16.368,147.539,0.2905,1,8.750,-18.000,-12.000,0.1673,4.000,1.400,0.000,0.667,19.290,14.000,-25.1364,-1.5000,-49.686,-49.686,-10.862,-98.339,1.200,-2.500,0.0050,0.000,nan,0.00,1,1,0,0,0,0.0000,0.000,0,0.000,0,0.000,2,0,search,,SEARCH,1,0,0,0.000,0,-1,0
1785733944.246,72.447,16.359,147.534,0.2894,1,8.750,-18.000,-12.000,0.1666,4.000,1.400,0.000,0.667,19.290,14.000,-25.0916,-1.5000,-49.641,-49.641,-10.839,-98.464,1.200,-2.500,0.0050,0.000,nan,0.00,1,1,0,0,0,0.0000,0.000,0,0.000,0,0.000,2,0,search,,SEARCH,1,0,0,0.000,0,-1,0
1785733944.271,72.526,16.354,147.531,0.2881,1,8.750,-18.000,-12.000,0.1659,4.000,1.400,0.000,0.667,19.290,14.000,-25.0476,-1.5000,-49.597,-49.597,-10.815,-98.589,1.200,-2.500,0.0050,0.000,nan,0.00,1,1,0,0,0,0.0000,0.000,0,0.000,0,0.000,0,0,search,,SEARCH,1,0,0,0.000,0,-1,0
1785733944.297,72.526,16.354,147.531,0.2881,1,8.750,-18.000,-12.000,0.1659,4.000,1.400,0.000,0.667,19.290,14.000,-25.0476,-1.5000,-49.597,-49.597,-10.815,-98.589,1.200,-2.500,0.0050,0.000,nan,0.00,1,1,0,0,0,0.0000,0.000,0,0.000,0,0.000,0,0,search,,SEARCH,1,0,0,0.000,0,-1,0
1785733944.324,72.598,16.345,147.525,0.2870,1,8.750,-18.000,-12.000,0.1652,4.000,1.400,0.000,0.667,19.290,14.000,-25.0022,-1.5000,-49.552,-49.552,-10.791,-98.715,1.200,-2.500,0.0050,0.000,nan,0.00,1,1,0,0,0,0.0000,0.000,0,0.000,0,0.000,2,0,search,,SEARCH,1,0,0,0.000,0,-1,0
1785733944.347,72.675,16.338,147.524,0.2858,1,8.750,-18.000,-12.000,0.1645,4.000,1.400,0.000,0.667,19.290,14.000,-24.9555,-1.5000,-49.505,-49.505,-10.767,-98.842,1.200,-2.500,0.0050,0.000,nan,0.00,1,1,0,0,0,0.0000,0.000,0,0.000,0,0.000,0,0,search,,SEARCH,1,0,0,0.000,0,-1,0
1785733944.386,72.748,16.329,147.519,0.2846,1,8.750,-18.000,-12.000,0.1639,4.000,1.400,0.000,0.667,19.290,14.000,-24.9074,-1.5000,-49.457,-49.457,-10.743,-98.966,1.200,-2.500,0.0050,0.000,nan,0.00,1,1,0,0,0,0.0000,0.000,0,0.000,0,0.000,0,0,search,,SEARCH,1,0,0,0.000,0,-1,0
1785733944.421,72.821,16.317,147.512,0.2835,1,8.750,-18.000,-12.000,0.1632,4.000,1.400,0.000,0.667,19.290,14.000,-24.8563,-1.5000,-49.406,-49.406,-10.722,-99.082,1.200,-2.500,0.0050,0.000,nan,0.00,1,1,0,0,0,0.0000,0.000,0,0.000,0,0.000,0,0,search,,SEARCH,1,0,0,0.000,0,-1,0
1785733944.444,72.821,16.317,147.512,0.2835,1,8.750,-18.000,-12.000,0.1632,4.000,1.400,0.000,0.667,19.290,14.000,-24.8563,-1.5000,-49.406,-49.406,-10.722,-99.082,1.200,-2.500,0.0050,0.000,nan,0.00,1,1,0,0,0,0.0000,0.000,0,0.000,0,0.000,0,0,search,,SEARCH,1,0,0,0.000,0,-1,0
1785733944.484,72.896,16.307,147.509,0.2823,1,8.750,-18.000,-12.000,0.1625,4.000,1.400,0.000,0.667,19.290,14.000,-24.8066,-1.5000,-49.356,-49.356,-10.699,-99.201,1.200,-2.500,0.0050,0.000,nan,0.00,1,1,0,0,0,0.0000,0.000,0,0.000,0,0.000,0,0,search,,SEARCH,1,0,0,0.000,0,-1,0
1785733944.522,73.043,16.288,147.501,0.2800,1,8.750,-18.000,-12.000,0.1612,4.000,1.400,0.000,0.667,19.290,14.000,-24.7082,-1.5000,-49.258,-49.258,-10.654,-99.442,1.200,-2.500,0.0050,0.000,nan,0.00,1,1,0,0,0,0.0000,0.000,0,0.000,0,0.000,0,0,search,,SEARCH,1,0,0,0.000,0,-1,0
1785733944.559,73.120,16.278,147.498,0.2787,1,8.750,-18.000,-12.000,0.1605,4.000,1.400,0.000,0.667,19.290,14.000,-24.6573,-1.5000,-49.207,-49.207,-10.630,-99.569,1.200,-2.500,0.0050,0.000,nan,0.00,1,1,0,0,0,0.0000,0.000,0,0.000,0,0.000,0,0,search,,SEARCH,1,0,0,0.000,0,-1,0
1785733944.585,73.120,16.278,147.498,0.2787,1,8.750,-18.000,-12.000,0.1605,4.000,1.400,0.000,0.667,19.290,14.000,-24.6573,-1.5000,-49.207,-49.207,-10.630,-99.569,1.200,-2.500,0.0050,0.000,nan,0.00,1,1,0,0,0,0.0000,0.000,0,0.000,0,0.000,0,0,search,,SEARCH,1,0,0,0.000,0,-1,0
1785733944.616,73.195,16.265,147.493,0.2775,1,8.750,-18.000,-12.000,0.1598,4.000,1.400,0.000,0.667,19.290,14.000,-24.6017,-1.5000,-49.151,-49.151,-10.607,-99.690,1.200,-2.500,0.0050,0.000,nan,0.00,1,1,0,0,0,0.0000,0.000,0,0.000,0,0.000,0,0,search,,SEARCH,1,0,0,0.000,0,-1,0
1785733944.657,73.267,16.255,147.488,0.2764,1,8.750,-18.000,-12.000,0.1592,4.000,1.400,0.000,0.667,19.290,14.000,-24.5522,-1.5000,-49.102,-49.102,-10.584,-99.809,1.200,-2.500,0.0050,0.000,nan,0.00,1,1,0,0,0,0.0000,0.000,0,0.000,0,0.000,0,0,search,,SEARCH,1,0,0,0.000,0,-1,0
1785733944.703,73.400,16.239,147.480,0.2743,1,8.750,-18.000,-12.000,0.1579,4.000,1.400,0.000,0.667,19.290,14.000,-24.4636,-1.5000,-49.013,-49.013,-10.542,-100.027,1.200,-2.500,0.0050,0.000,nan,0.00,1,1,0,0,0,0.0000,0.000,0,0.000,0,0.000,0,0,search,,SEARCH,1,0,0,0.000,0,-1,0
1785733944.751,73.472,16.229,147.475,0.2731,1,8.750,-18.000,-12.000,0.1573,4.000,1.400,0.000,0.667,19.290,14.000,-24.4134,-1.5000,-48.963,-48.963,-10.519,-100.145,1.200,-2.500,0.0050,0.000,nan,0.00,1,1,0,0,0,0.0000,0.000,0,0.000,0,0.000,0,0,search,,SEARCH,1,0,0,0.000,0,-1,1
1785733944.794,73.620,16.209,147.467,0.2708,1,8.750,-18.000,-10.500,0.1559,4.000,-1.400,0.000,0.667,-19.290,14.000,-24.3105,-1.5000,-48.860,-48.860,-10.473,-100.382,1.200,-2.500,0.0050,0.000,nan,0.00,1,1,0,0,0,0.0000,0.000,0,0.000,0,0.000,1,0,search,,SEARCH,1,0,0,0.000,0,-1,0
1785733944.821,73.620,16.209,147.467,0.2708,1,8.750,-18.000,-9.000,0.1559,4.000,-1.400,0.000,0.667,-19.290,14.000,-24.3105,-1.5000,-48.860,-48.860,-10.473,-100.382,1.200,-2.500,0.0050,0.000,nan,0.00,1,1,0,0,0,0.0000,0.000,0,0.000,0,0.000,0,0,search,,SEARCH,1,0,0,0.000,0,-1,0
1785733944.853,73.694,16.201,147.463,0.2696,1,8.750,-18.000,-7.500,0.1552,4.000,-1.400,0.000,0.667,-19.290,14.000,-24.2612,-1.5000,-48.811,-48.811,-10.448,-100.506,1.200,-2.500,0.0050,0.000,nan,0.00,1,1,0,0,0,0.0000,0.000,0,0.000,0,0.000,0,0,search,,SEARCH,1,0,0,0.000,0,-1,0
1785733944.893,73.766,16.197,147.456,0.2685,1,8.750,-18.000,-6.000,0.1546,4.000,-1.400,0.000,0.667,-19.290,14.000,-24.2216,-1.5000,-48.771,-48.771,-10.424,-100.627,1.200,-2.500,0.0050,0.000,nan,0.00,1,1,0,0,0,0.0000,0.000,0,0.000,0,0.000,0,0,search,,SEARCH,1,0,0,0.000,0,-1,0
1785733944.939,73.842,16.188,147.452,0.2672,1,8.750,-18.000,-4.500,0.1539,4.000,-1.400,0.000,0.667,-19.290,14.000,-24.1700,-1.5000,-48.720,-48.720,-10.400,-100.750,1.200,-2.500,0.0050,0.000,nan,0.00,1,1,0,0,0,0.0000,0.000,0,0.000,0,0.000,0,0,search,,SEARCH,1,0,0,0.000,0,-1,1
1785733944.979,73.994,16.172,147.443,0.2648,1,8.750,-18.000,-3.000,0.1525,4.000,-1.400,0.000,0.667,-19.290,14.000,-24.0697,-1.5000,-48.619,-48.619,-10.352,-100.993,1.200,-2.500,0.0050,0.000,nan,0.00,1,1,0,0,0,0.0000,0.000,0,0.000,0,0.000,0,0,search,,SEARCH,1,0,0,0.000,0,-1,0
1785733945.017,74.071,16.161,147.440,0.2636,1,8.750,-18.000,-1.500,0.1518,4.000,-1.400,0.000,0.667,-19.290,14.000,-24.0144,-1.5000,-48.564,-48.564,-10.328,-101.116,1.200,-2.500,0.0050,0.000,nan,0.00,1,1,0,0,0,0.0000,0.000,0,0.000,0,0.000,0,0,search,,SEARCH,1,0,0,0.000,0,-1,0
1785733945.056,74.124,16.157,147.426,0.2627,1,8.750,-18.000,0.000,0.1513,4.000,-1.400,0.000,0.667,-19.290,14.000,-23.9825,-1.5000,-48.532,-48.532,-10.302,-101.233,1.200,-2.500,0.0050,0.000,nan,0.00,1,1,0,0,0,0.0000,0.000,0,0.000,0,0.000,0,0,search,,SEARCH,1,0,0,0.000,0,-1,0
1785733945.093,74.202,16.149,147.423,0.2615,1,8.750,-18.000,1.500,0.1506,4.000,-1.400,0.000,0.667,-19.290,14.000,-23.9301,-1.5000,-48.480,-48.480,-10.277,-101.353,1.200,-2.500,0.0050,0.000,nan,0.00,1,1,0,0,0,0.0000,0.000,0,0.000,0,0.000,0,0,search,,SEARCH,1,0,0,0.000,0,-1,0
1785733945.134,74.208,16.130,147.414,0.2614,1,8.750,-18.000,3.000,0.1505,4.000,-1.400,0.000,0.667,-19.290,14.000,-23.8923,-1.5000,-48.442,-48.442,-10.254,-101.472,1.200,-2.500,0.0050,0.000,nan,0.00,1,1,0,0,0,0.0000,0.000,0,0.000,0,0.000,0,0,search,,SEARCH,1,0,0,0.000,0,-1,0
1785733945.172,74.237,16.115,147.409,0.2610,1,8.750,-18.000,4.500,0.1503,4.000,-1.400,0.000,0.667,-19.290,14.000,-23.8494,-1.5000,-48.399,-48.399,-10.230,-101.594,1.200,-2.500,0.0050,0.000,nan,0.00,1,1,0,0,0,0.0000,0.000,0,0.000,0,0.000,1,0,search,,SEARCH,1,0,0,0.000,0,-1,0
1785733945.211,74.270,16.101,147.405,0.2605,1,8.750,-18.000,6.000,0.1500,4.000,-1.400,0.000,0.667,-19.290,14.000,-23.8049,-1.5000,-48.355,-48.355,-10.205,-101.719,1.200,-2.500,0.0050,0.000,nan,0.00,1,1,0,0,0,0.0000,0.000,0,0.000,0,0.000,0,0,search,,SEARCH,1,0,0,0.000,0,-1,0
1785733945.244,74.354,16.089,147.403,0.2591,1,8.750,-18.000,7.500,0.1492,4.000,-1.400,0.000,0.667,-19.290,14.000,-23.7430,-1.5000,-48.293,-48.293,-10.179,-101.851,1.200,-2.500,0.0050,0.000,nan,0.00,1,1,0,0,0,0.0000,0.000,0,0.000,0,0.000,0,0,search,,SEARCH,1,0,0,0.000,0,-1,0
1785733945.275,74.392,16.075,147.401,0.2585,1,8.750,-18.000,9.000,0.1489,4.000,-1.400,0.000,0.667,-19.290,14.000,-23.6952,-1.5000,-48.245,-48.245,-10.153,-101.982,1.200,-2.500,0.0050,0.000,nan,0.00,1,1,0,0,0,0.0000,0.000,0,0.000,0,0.000,0,0,search,,SEARCH,1,0,0,0.000,0,-1,0
1785733945.312,74.392,16.062,147.395,0.2585,1,8.750,-18.000,10.500,0.1489,4.000,-1.400,0.000,0.667,-19.290,14.000,-23.6683,-1.5000,-48.218,-48.218,-10.129,-102.103,1.200,-2.500,0.0050,0.000,nan,0.00,1,1,0,0,0,0.0000,0.000,0,0.000,0,0.000,0,0,search,,SEARCH,1,0,0,0.000,0,-1,0
1785733945.339,74.411,16.044,147.382,0.2583,1,8.750,-18.000,12.000,0.1487,4.000,-1.400,0.000,0.667,-19.290,14.000,-23.6266,-1.5000,-48.176,-48.176,-10.105,-102.226,1.200,-2.500,0.0050,0.000,nan,0.00,1,1,0,0,0,0.0000,0.000,0,0.000,0,0.000,0,0,search,,SEARCH,1,0,0,0.000,0,-1,0
1785733945.377,74.470,16.031,147.372,0.2573,1,8.750,-18.000,12.000,0.1482,4.000,-1.400,0.000,0.667,-19.290,14.000,-23.5767,-1.5000,-48.126,-48.126,-10.084,-102.332,1.200,-2.500,0.0050,0.000,nan,0.00,1,1,0,0,0,0.0000,0.000,0,0.000,0,0.000,2,0,search,,SEARCH,1,0,0,0.000,0,-1,0
1785733945.408,74.471,16.024,147.366,0.2573,1,8.750,-18.000,12.000,0.1482,4.000,-1.400,0.000,0.667,-19.290,14.000,-23.5589,-1.5000,-48.108,-48.108,-10.061,-102.447,1.200,-2.500,0.0050,0.000,nan,0.00,1,1,0,0,0,0.0000,0.000,0,0.000,0,0.000,0,0,search,,SEARCH,1,0,0,0.000,0,-1,0
1785733945.439,74.511,16.010,147.357,0.2567,1,8.750,-18.000,12.000,0.1478,4.000,-1.400,0.000,0.667,-19.290,14.000,-23.5142,-1.5000,-48.064,-48.064,-10.041,-102.552,1.200,-2.500,0.0050,0.000,nan,0.00,1,1,0,0,0,0.0000,0.000,0,0.000,0,0.000,1,0,search,,SEARCH,1,0,0,0.000,0,-1,0
1785733945.490,74.579,16.000,147.346,0.2556,1,8.750,-18.000,12.000,0.1472,4.000,-1.400,0.000,0.667,-19.290,14.000,-23.4671,-1.5000,-48.017,-48.017,-10.020,-102.657,1.200,-2.500,0.0050,0.000,nan,0.00,1,1,0,0,0,0.0000,0.000,0,0.000,0,0.000,0,0,search,,SEARCH,1,0,0,0.000,0,-1,1
1785733945.525,74.624,15.982,147.327,0.2549,1,8.750,-18.000,12.000,0.1468,4.000,-1.400,0.000,0.667,-19.290,14.000,-23.4096,-1.5000,-47.959,-47.959,-9.976,-102.876,1.200,-2.500,0.0050,0.000,nan,0.00,1,1,0,0,0,0.0000,0.000,0,0.000,0,0.000,0,0,search,,SEARCH,1,0,0,0.000,0,-1,0
1785733945.564,74.624,15.982,147.327,0.2549,1,8.750,-18.000,12.000,0.1468,4.000,-1.400,0.000,0.667,-19.290,14.000,-23.4096,-1.5000,-47.959,-47.959,-9.976,-102.876,1.200,-2.500,0.0050,0.000,nan,0.00,1,1,0,0,0,0.0000,0.000,0,0.000,0,0.000,1,0,search,,SEARCH,1,0,0,0.000,0,-1,0
1785733945.597,74.622,15.969,147.319,0.2550,1,8.750,-18.000,12.000,0.1468,4.000,-1.400,0.000,0.667,-19.290,14.000,-23.3841,-1.5000,-47.934,-47.934,-9.952,-102.996,1.200,-2.500,0.0050,0.000,nan,0.00,1,1,0,0,0,0.0000,0.000,0,0.000,0,0.000,1,0,search,,SEARCH,1,0,0,0.000,0,-1,1
1785733945.623,74.619,15.958,147.311,0.2550,1,8.750,-18.000,12.000,0.1468,4.000,-1.400,0.000,0.667,-19.290,14.000,-23.3610,-1.5000,-47.911,-47.911,-9.928,-103.115,1.200,-2.500,0.0050,0.000,nan,0.00,1,1,0,0,0,0.0000,0.000,0,0.000,0,0.000,0,0,search,,SEARCH,1,0,0,0.000,0,-1,0
1785733945.657,74.638,15.941,147.295,0.2547,1,8.750,-18.000,12.000,0.1467,4.000,-1.400,0.000,0.667,-19.290,14.000,-23.3208,-1.5000,-47.870,-47.870,-9.903,-103.240,1.200,-2.500,0.0050,0.000,nan,0.00,1,1,0,0,0,0.0000,0.000,0,0.000,0,0.000,2,0,search,,SEARCH,1,0,0,0.000,0,-1,0
1785733945.683,74.705,15.929,147.286,0.2537,1,8.750,-18.000,12.000,0.1461,4.000,-1.400,0.000,0.667,-19.290,14.000,-23.2695,-1.5000,-47.819,-47.819,-9.881,-103.347,1.200,-2.500,0.0050,0.000,nan,0.00,1,1,0,0,0,0.0000,0.000,0,0.000,0,0.000,0,0,search,,SEARCH,1,0,0,0.000,0,-1,0
1785733945.725,74.738,15.917,147.279,0.2531,1,8.750,-18.000,12.000,0.1458,4.000,-1.400,0.000,0.667,-19.290,14.000,-23.2297,-1.5000,-47.779,-47.779,-9.861,-103.450,1.200,-2.500,0.0050,0.000,nan,0.00,1,1,0,0,0,0.0000,0.000,0,0.000,0,0.000,0,0,search,,SEARCH,1,0,0,0.000,0,-1,1
1785733945.768,74.742,15.902,147.265,0.2531,1,8.750,-18.000,12.000,0.1457,4.000,-1.400,0.000,0.667,-19.290,14.000,-23.1943,-1.5000,-47.744,-47.744,-9.823,-103.636,1.200,-2.500,0.0050,0.000,nan,0.00,1,1,0,0,0,0.0000,0.000,0,0.000,0,0.000,2,0,search,,SEARCH,1,0,0,0.000,0,-1,0
1785733945.793,74.808,15.891,147.254,0.2520,1,8.750,-18.000,12.000,0.1451,4.000,-1.400,0.000,0.667,-19.290,14.000,-23.1454,-1.5000,-47.695,-47.695,-9.801,-103.742,1.200,-2.500,0.0050,0.000,nan,0.00,1,1,0,0,0,0.0000,0.000,0,0.000,0,0.000,0,0,search,,SEARCH,1,0,0,0.000,0,-1,0
1785733945.824,74.819,15.878,147.244,0.2519,1,8.750,-18.000,12.000,0.1450,4.000,-1.400,0.000,0.667,-19.290,14.000,-23.1153,-1.5000,-47.665,-47.665,-9.781,-103.842,1.200,-2.500,0.0050,0.000,nan,0.00,1,1,0,0,0,0.0000,0.000,0,0.000,0,0.000,0,0,search,,SEARCH,1,0,0,0.000,0,-1,0
1785733945.863,74.886,15.869,147.233,0.2508,1,8.750,-18.000,12.000,0.1444,4.000,-1.400,0.000,0.667,-19.290,14.000,-23.0664,-1.5000,-47.616,-47.616,-9.759,-103.947,1.200,-2.500,0.0050,0.000,nan,0.00,1,1,0,0,0,0.0000,0.000,0,0.000,0,0.000,2,0,search,,SEARCH,1,0,0,0.000,0,-1,0
1785733945.910,74.888,15.865,147.228,0.2508,1,8.750,-18.000,12.000,0.1444,4.000,-1.400,0.000,0.667,-19.290,14.000,-23.0533,-1.5000,-47.603,-47.603,-9.735,-104.057,1.200,-2.500,0.0050,0.000,nan,0.00,1,1,0,0,0,0.0000,0.000,0,0.000,0,0.000,0,0,search,,SEARCH,1,0,0,0.000,0,-1,0
1785733945.942,74.902,15.848,147.216,0.2506,1,8.750,-18.000,12.000,0.1443,4.000,-1.400,0.000,0.667,-19.290,14.000,-23.0130,-1.5000,-47.563,-47.563,-9.711,-104.179,1.200,-2.500,0.0050,0.000,nan,0.00,1,1,0,0,0,0.0000,0.000,0,0.000,0,0.000,2,0,search,,SEARCH,1,0,0,0.000,0,-1,0
1785733945.967,74.907,15.841,147.210,0.2505,1,8.750,-18.000,12.000,0.1442,4.000,-1.400,0.000,0.667,-19.290,14.000,-22.9930,-1.5000,-47.543,-47.543,-9.687,-104.292,1.200,-2.500,0.0050,0.000,nan,0.00,1,1,0,0,0,0.0000,0.000,0,0.000,0,0.000,0,0,search,,SEARCH,1,0,0,0.000,0,-1,0
1785733945.997,74.911,15.834,147.204,0.2504,1,8.750,-18.000,12.000,0.1442,4.000,-1.400,0.000,0.667,-19.290,14.000,-22.9745,-1.5000,-47.524,-47.524,-9.664,-104.404,1.200,-2.500,0.0050,0.000,nan,0.00,1,1,0,0,0,0.0000,0.000,0,0.000,0,0.000,0,0,search,,SEARCH,1,0,0,0.000,0,-1,0
1785733946.036,74.913,15.826,147.199,0.2504,1,8.750,-18.000,12.000,0.1442,4.000,-1.400,0.000,0.667,-19.290,14.000,-22.9529,-1.5000,-47.503,-47.503,-9.641,-104.518,1.200,-2.500,0.0050,0.000,nan,0.00,1,1,0,0,0,0.0000,0.000,0,0.000,0,0.000,0,0,search,,SEARCH,1,0,0,0.000,0,-1,0
1785733946.076,74.919,15.816,147.193,0.2503,1,8.750,-18.000,12.000,0.1441,4.000,-1.400,0.000,0.667,-19.290,14.000,-22.9260,-1.5000,-47.476,-47.476,-9.617,-104.636,1.200,-2.500,0.0050,0.000,nan,0.00,1,1,0,0,0,0.0000,0.000,0,0.000,0,0.000,0,0,search,,SEARCH,1,0,0,0.000,0,-1,0
1785733946.113,74.918,15.801,147.185,0.2504,1,8.750,-18.000,12.000,0.1442,4.000,-1.400,0.000,0.667,-19.290,14.000,-22.8954,-1.5000,-47.445,-47.445,-9.593,-104.758,1.200,-2.500,0.0050,0.000,nan,0.00,1,1,0,0,0,0.0000,0.000,0,0.000,0,0.000,0,0,search,,SEARCH,1,0,0,0.000,0,-1,0
1785733946.156,74.921,15.798,147.179,0.2503,1,8.750,-18.000,12.000,0.1441,4.000,-1.400,0.000,0.667,-19.290,14.000,-22.8820,-1.5000,-47.432,-47.432,-9.570,-104.867,1.200,-2.500,0.0050,0.000,nan,0.00,1,1,0,0,0,0.0000,0.000,0,0.000,0,0.000,0,0,search,,SEARCH,1,0,0,0.000,0,-1,0
1785733946.189,74.975,15.779,147.168,0.2495,1,8.750,-18.000,12.000,0.1436,4.000,-1.400,0.000,0.667,-19.290,14.000,-22.8219,-1.5000,-47.372,-47.372,-9.544,-104.996,1.200,-2.500,0.0050,0.000,nan,0.00,1,1,0,0,0,0.0000,0.000,0,0.000,0,0.000,0,0,search,,SEARCH,1,0,0,0.000,0,-1,0
1785733946.214,74.972,15.769,147.160,0.2495,1,8.750,-18.000,12.000,0.1437,4.000,-1.400,0.000,0.667,-19.290,14.000,-22.7992,-1.5000,-47.349,-47.349,-9.519,-105.114,1.200,-2.500,0.0050,0.000,nan,0.00,1,1,0,0,0,0.0000,0.000,0,0.000,0,0.000,0,0,search,,SEARCH,1,0,0,0.000,0,-1,0
1785733946.266,74.970,15.755,147.152,0.2496,1,8.750,-18.000,12.000,0.1437,4.000,-1.400,0.000,0.667,-19.290,14.000,-22.7700,-1.5000,-47.320,-47.320,-9.495,-105.235,1.200,-2.500,0.0050,0.000,nan,0.00,1,1,0,0,0,0.0000,0.000,0,0.000,0,0.000,0,0,search,,SEARCH,1,0,0,0.000,0,-1,0
1785733946.314,74.982,15.733,147.137,0.2494,1,8.750,-18.000,12.000,0.1436,4.000,-1.400,0.000,0.667,-19.290,14.000,-22.7138,-1.5000,-47.263,-47.263,-9.447,-105.469,1.200,-2.500,0.0050,0.000,nan,0.00,1,1,0,0,0,0.0000,0.000,0,0.000,0,0.000,0,0,search,,SEARCH,1,0,0,0.000,0,-1,0
1785733946.355,74.987,15.723,147.131,0.2493,1,8.750,-18.000,12.000,0.1436,4.000,-1.400,0.000,0.667,-19.290,14.000,-22.6870,-1.5000,-47.237,-47.237,-9.424,-105.585,1.200,-2.500,0.0050,0.000,nan,0.00,1,1,0,0,0,0.0000,0.000,0,0.000,0,0.000,0,0,search,,SEARCH,1,0,0,0.000,0,-1,0
1785733946.391,74.993,15.717,147.127,0.2493,1,8.750,-18.000,12.000,0.1435,4.000,-1.400,0.000,0.667,-19.290,14.000,-22.6695,-1.5000,-47.219,-47.219,-9.402,-105.694,1.200,-2.500,0.0050,0.000,nan,0.00,1,1,0,0,0,0.0000,0.000,0,0.000,0,0.000,0,0,search,,SEARCH,1,0,0,0.000,0,-1,0
1785733946.418,74.995,15.701,147.119,0.2492,1,8.750,-18.000,10.500,0.1435,4.000,1.400,0.000,0.667,19.290,14.000,-22.6336,-1.5000,-47.183,-47.183,-9.378,-105.817,1.200,-2.500,0.0050,0.000,nan,0.00,1,1,0,0,0,0.0000,0.000,0,0.000,0,0.000,0,0,search,,SEARCH,1,0,0,0.000,0,-1,0
1785733946.448,74.995,15.693,147.112,0.2493,1,8.750,-18.000,9.000,0.1435,4.000,1.400,0.000,0.667,19.290,14.000,-22.6139,-1.5000,-47.163,-47.163,-9.355,-105.928,1.200,-2.500,0.0050,0.000,nan,0.00,1,1,0,0,0,0.0000,0.000,0,0.000,0,0.000,0,0,search,,SEARCH,1,0,0,0.000,0,-1,0
1785733946.487,74.995,15.693,147.112,0.2493,1,8.750,-18.000,7.500,0.1435,4.000,1.400,0.000,0.667,19.290,14.000,-22.6139,-1.5000,-47.163,-47.163,-9.355,-105.928,1.200,-2.500,0.0050,0.000,nan,0.00,1,1,0,0,0,0.0000,0.000,0,0.000,0,0.000,0,0,search,,SEARCH,1,0,0,0.000,0,-1,0
1785733946.523,75.055,15.675,147.103,0.2483,1,8.750,-18.000,6.000,0.1430,4.000,1.400,0.000,0.667,19.290,14.000,-22.5429,-1.5000,-47.093,-47.093,-9.307,-106.162,1.200,-2.500,0.0050,0.000,nan,0.00,1,1,0,0,0,0.0000,0.000,0,0.000,0,0.000,0,0,search,,SEARCH,1,0,0,0.000,0,-1,0
1785733946.562,75.055,15.675,147.103,0.2483,1,8.750,-18.000,4.500,0.1430,4.000,1.400,0.000,0.667,19.290,14.000,-22.5429,-1.5000,-47.093,-47.093,-9.307,-106.162,1.200,-2.500,0.0050,0.000,nan,0.00,1,1,0,0,0,0.0000,0.000,0,0.000,0,0.000,3,0,search,,SEARCH,1,0,0,0.000,0,-1,0
1785733946.602,75.184,15.654,147.099,0.2462,1,8.750,-18.000,3.000,0.1418,4.000,1.400,0.000,0.667,19.290,14.000,-22.4373,-1.5000,-46.987,-46.987,-9.262,-106.392,1.200,-2.500,0.0050,0.000,nan,0.00,1,1,0,0,0,0.0000,0.000,0,0.000,0,0.000,0,0,search,,SEARCH,1,0,0,0.000,0,-1,0
1785733946.640,75.249,15.646,147.091,0.2452,1,8.750,-18.000,1.500,0.1412,4.000,1.400,0.000,0.667,19.290,14.000,-22.3898,-1.5000,-46.939,-46.939,-9.240,-106.499,1.200,-2.500,0.0050,0.000,nan,0.00,1,1,0,0,0,0.0000,0.000,0,0.000,0,0.000,2,0,search,,SEARCH,1,0,0,0.000,0,-1,0
1785733946.681,75.329,15.620,147.085,0.2439,1,8.750,-18.000,0.000,0.1404,4.000,1.400,0.000,0.667,19.290,14.000,-22.2958,-1.5000,-46.845,-46.845,-9.194,-106.728,1.200,-2.500,0.0050,0.000,nan,0.00,1,1,0,0,0,0.0000,0.000,0,0.000,0,0.000,0,0,search,,SEARCH,1,0,0,0.000,0,-1,0
1785733946.721,75.330,15.619,147.084,0.2439,1,8.750,-18.000,-1.500,0.1404,4.000,1.400,0.000,0.667,19.290,14.000,-22.2946,-1.5000,-46.844,-46.844,-9.194,-106.731,1.200,-2.500,0.0050,0.000,nan,0.00,1,1,0,0,0,0.0000,0.000,0,0.000,0,0.000,0,0,search,,SEARCH,1,0,0,0.000,0,-1,1
1785733946.766,75.433,15.593,147.077,0.2422,1,8.750,-18.000,-3.000,0.1395,4.000,1.400,0.000,0.667,19.290,14.000,-22.1901,-1.5000,-46.740,-46.740,-9.150,-106.957,1.200,-2.500,0.0050,0.000,nan,0.00,1,1,0,0,0,0.0000,0.000,0,0.000,0,0.000,0,0,search,,SEARCH,1,0,0,0.000,0,-1,0
1785733946.807,75.508,15.587,147.071,0.2410,1,8.750,-18.000,-4.500,0.1388,4.000,1.400,0.000,0.667,19.290,14.000,-22.1424,-1.5000,-46.692,-46.692,-9.127,-107.067,1.200,-2.500,0.0050,0.000,nan,0.00,1,1,0,0,0,0.0000,0.000,0,0.000,0,0.000,0,0,search,,SEARCH,1,0,0,0.000,0,-1,0
1785733946.845,75.592,15.578,147.069,0.2397,1,8.750,-18.000,-6.000,0.1380,4.000,1.400,0.000,0.667,19.290,14.000,-22.0836,-1.5000,-46.633,-46.633,-9.103,-107.186,1.200,-2.500,0.0050,0.000,nan,0.00,1,1,0,0,0,0.0000,0.000,0,0.000,0,0.000,0,0,search,,SEARCH,1,0,0,0.000,0,-1,0
1785733946.888,75.670,15.566,147.067,0.2384,1,8.750,-18.000,-7.500,0.1373,4.000,1.400,0.000,0.667,19.290,14.000,-22.0211,-1.5000,-46.571,-46.571,-9.081,-107.302,1.200,-2.500,0.0050,0.000,nan,0.00,1,1,0,0,0,0.0000,0.000,0,0.000,0,0.000,0,0,search,,SEARCH,1,0,0,0.000,0,-1,0
1785733946.928,75.751,15.559,147.065,0.2371,1,8.750,-18.000,-9.000,0.1365,4.000,1.400,0.000,0.667,19.290,14.000,-21.9654,-1.5000,-46.515,-46.515,-9.055,-107.425,1.200,-2.500,0.0050,0.000,nan,0.00,1,1,0,0,0,0.0000,0.000,0,0.000,0,0.000,1,0,search,,SEARCH,1,0,0,0.000,0,-1,1
1785733946.973,75.911,15.538,147.056,0.2345,1,8.750,-18.000,-10.500,0.1350,4.000,1.400,0.000,0.667,19.290,14.000,-21.8446,-1.5000,-46.394,-46.394,-9.006,-107.660,1.200,-2.500,0.0050,0.000,nan,0.00,1,1,0,0,0,0.0000,0.000,0,0.000,0,0.000,0,0,search,,SEARCH,1,0,0,0.000,0,-1,0
1785733947.013,75.989,15.528,147.052,0.2333,1,8.750,-18.000,-12.000,0.1343,4.000,1.400,0.000,0.667,19.290,14.000,-21.7858,-1.5000,-46.335,-46.335,-8.981,-107.778,1.200,-2.500,0.0050,0.000,nan,0.00,1,1,0,0,0,0.0000,0.000,0,0.000,0,0.000,0,0,search,,SEARCH,1,0,0,0.000,0,-1,0
1785733947.049,76.067,15.518,147.049,0.2320,1,8.750,-18.000,-12.000,0.1336,4.000,1.400,0.000,0.667,19.290,14.000,-21.7261,-1.5000,-46.276,-46.276,-8.957,-107.895,1.200,-2.500,0.0050,0.000,nan,0.00,1,1,0,0,0,0.0000,0.000,0,0.000,0,0.000,0,0,search,,SEARCH,1,0,0,0.000,0,-1,0
1785733947.074,76.138,15.511,147.042,0.2309,1,8.750,-18.000,-12.000,0.1329,4.000,1.400,0.000,0.667,19.290,14.000,-21.6762,-1.5000,-46.226,-46.226,-8.933,-108.007,1.200,-2.500,0.0050,0.000,nan,0.00,1,1,0,0,0,0.0000,0.000,0,0.000,0,0.000,0,0,search,,SEARCH,1,0,0,0.000,0,-1,0
1785733947.111,76.209,15.500,147.035,0.2297,1,8.750,-18.000,-12.000,0.1323,4.000,1.400,0.000,0.667,19.290,14.000,-21.6204,-1.5000,-46.170,-46.170,-8.909,-108.119,1.200,-2.500,0.0050,0.000,nan,0.00,1,1,0,0,0,0.0000,0.000,0,0.000,0,0.000,2,0,search,,SEARCH,1,0,0,0.000,0,-1,0
1785733947.158,76.281,15.490,147.029,0.2285,1,8.750,-17.990,-12.000,0.1316,4.000,1.400,0.000,0.667,19.290,14.000,-21.5631,-1.5000,-46.113,-46.113,-8.885,-108.234,1.200,-2.500,0.0050,0.000,nan,0.00,1,1,0,0,0,0.0000,0.000,0,0.000,0,0.000,0,0,search,,SEARCH,1,0,0,0.000,0,-1,0
1785733947.211,76.352,15.479,147.023,0.2274,1,8.750,-17.979,-12.000,0.1309,4.000,1.400,0.000,0.667,19.290,14.000,-21.5067,-1.5000,-46.056,-46.056,-8.861,-108.347,1.200,-2.500,0.0050,0.000,nan,0.00,1,1,0,0,0,0.0000,0.000,0,0.000,0,0.000,0,0,search,,SEARCH,1,0,0,0.000,0,-1,1
1785733947.250,76.504,15.459,147.018,0.2249,1,8.750,-17.959,-12.000,0.1295,4.000,1.400,0.000,0.667,19.290,14.000,-21.3875,-1.5000,-45.937,-45.937,-8.812,-108.577,1.200,-2.500,0.0050,0.000,nan,0.00,1,1,0,0,0,0.0000,0.000,0,0.000,0,0.000,1,0,search,,SEARCH,1,0,0,0.000,0,-1,0
1785733947.276,76.577,15.448,147.012,0.2238,1,8.750,-17.948,-12.000,0.1288,4.000,1.400,0.000,0.667,19.290,14.000,-21.3284,-1.5000,-45.878,-45.878,-8.788,-108.690,1.200,-2.500,0.0050,0.000,nan,0.00,1,1,0,0,0,0.0000,0.000,0,0.000,0,0.000,0,0,search,,SEARCH,1,0,0,0.000,0,-1,0
1785733947.317,76.639,15.446,147.008,0.2227,1,8.750,-17.946,-12.000,0.1283,4.000,1.400,0.000,0.667,19.290,14.000,-21.2892,-1.5000,-45.839,-45.839,-8.765,-108.793,1.200,-2.500,0.0050,0.000,nan,0.00,1,1,0,0,0,0.0000,0.000,0,0.000,0,0.000,2,0,search,,SEARCH,1,0,0,0.000,0,-1,0
1785733947.362,76.705,15.433,147.000,0.2217,1,8.750,-17.933,-12.000,0.1276,4.000,1.400,0.000,0.667,19.290,14.000,-21.2305,-1.5000,-45.780,-45.780,-8.742,-108.904,1.200,-2.500,0.0050,0.000,nan,0.00,1,1,0,0,0,0.0000,0.000,0,0.000,0,0.000,0,0,search,,SEARCH,1,0,0,0.000,0,-1,0
1785733947.386,76.778,15.423,146.996,0.2205,1,8.750,-17.923,-12.000,0.1270,4.000,1.400,0.000,0.667,19.290,14.000,-21.1722,-1.5000,-45.722,-45.722,-8.717,-109.018,1.200,-2.500,0.0050,0.000,nan,0.00,1,1,0,0,0,0.0000,0.000,0,0.000,0,0.000,0,0,search,,SEARCH,1,0,0,0.000,0,-1,0
1785733947.422,76.854,15.413,146.992,0.2193,1,8.750,-17.913,-12.000,0.1262,4.000,1.400,0.000,0.667,19.290,14.000,-21.1119,-1.5000,-45.662,-45.662,-8.693,-109.131,1.200,-2.500,0.0050,0.000,nan,0.00,1,1,0,0,0,0.0000,0.000,0,0.000,0,0.000,0,0,search,,SEARCH,1,0,0,0.000,0,-1,0
1785733947.449,76.929,15.400,146.987,0.2180,1,8.750,-17.900,-12.000,0.1255,4.000,1.400,0.000,0.667,19.290,14.000,-21.0466,-1.5000,-45.596,-45.596,-8.668,-109.249,1.200,-2.500,0.0050,0.000,nan,0.00,1,1,0,0,0,0.0000,0.000,0,0.000,0,0.000,0,0,search,,SEARCH,1,0,0,0.000,0,-1,0
1785733947.484,76.929,15.400,146.987,0.2180,1,8.750,-17.900,-12.000,0.1255,4.000,1.400,0.000,0.667,19.290,14.000,-21.0466,-1.5000,-45.596,-45.596,-8.668,-109.249,1.200,-2.500,0.0050,0.000,nan,0.00,1,1,0,0,0,0.0000,0.000,0,0.000,0,0.000,2,0,search,,SEARCH,1,0,0,0.000,0,-1,0
1785733947.511,77.005,15.391,146.982,0.2168,1,8.750,-17.891,-12.000,0.1248,4.000,1.400,0.000,0.667,19.290,14.000,-20.9880,-1.5000,-45.538,-45.538,-8.642,-109.368,1.200,-2.500,0.0050,0.000,nan,0.00,1,1,0,0,0,0.0000,0.000,0,0.000,0,0.000,0,0,search,,SEARCH,1,0,0,0.000,0,-1,0
1785733947.542,77.078,15.386,146.976,0.2156,1,8.750,-17.886,-12.000,0.1241,4.000,1.400,0.000,0.667,19.290,14.000,-20.9396,-1.5000,-45.489,-45.489,-8.616,-109.486,1.200,-2.500,0.0050,0.000,nan,0.00,1,1,0,0,0,0.0000,0.000,0,0.000,0,0.000,0,0,search,,SEARCH,1,0,0,0.000,0,-1,0
1785733947.581,77.153,15.381,146.969,0.2144,1,8.750,-17.881,-12.000,0.1234,4.000,1.400,0.000,0.667,19.290,14.000,-20.8880,-1.5000,-45.438,-45.438,-8.589,-109.605,1.200,-2.500,0.0050,0.000,nan,0.00,1,1,0,0,0,0.0000,0.000,0,0.000,0,0.000,0,0,search,,SEARCH,1,0,0,0.000,0,-1,0
1785733947.620,77.230,15.373,146.966,0.2131,1,8.750,-17.873,-12.000,0.1227,4.000,1.400,0.000,0.667,19.290,14.000,-20.8295,-1.5000,-45.379,-45.379,-8.563,-109.726,1.200,-2.500,0.0050,0.000,nan,0.00,1,1,0,0,0,0.0000,0.000,0,0.000,0,0.000,0,0,search,,SEARCH,1,0,0,0.000,0,-1,0
1785733947.659,77.303,15.365,146.959,0.2119,1,8.750,-17.865,-12.000,0.1220,4.000,1.400,0.000,0.667,19.290,14.000,-20.7762,-1.5000,-45.326,-45.326,-8.537,-109.838,1.200,-2.500,0.0050,0.000,nan,0.00,1,1,0,0,0,0.0000,0.000,0,0.000,0,0.000,0,0,search,,SEARCH,1,0,0,0.000,0,-1,0
1785733947.686,77.371,15.360,146.951,0.2108,1,8.750,-17.860,-12.000,0.1214,4.000,1.400,0.000,0.667,19.290,14.000,-20.7277,-1.5000,-45.277,-45.277,-8.512,-109.950,1.200,-2.500,0.0050,0.000,nan,0.00,1,1,0,0,0,0.0000,0.000,0,0.000,0,0.000,0,0,search,,SEARCH,1,0,0,0.000,0,-1,0
1785733947.724,77.444,15.349,146.946,0.2096,1,8.750,-17.849,-12.000,0.1207,4.000,1.400,0.000,0.667,19.290,14.000,-20.6681,-1.5000,-45.218,-45.218,-8.486,-110.065,1.200,-2.500,0.0050,0.000,nan,0.00,1,1,0,0,0,0.0000,0.000,0,0.000,0,0.000,0,0,search,,SEARCH,1,0,0,0.000,0,-1,0
1785733947.763,77.521,15.338,146.942,0.2084,1,8.750,-17.838,-12.000,0.1200,4.000,1.400,0.000,0.667,19.290,14.000,-20.6057,-1.5000,-45.155,-45.155,-8.461,-110.179,1.200,-2.500,0.0050,0.000,nan,0.00,1,1,0,0,0,0.0000,0.000,0,0.000,0,0.000,0,0,search,,SEARCH,1,0,0,0.000,0,-1,0
1785733947.805,77.598,15.329,146.940,0.2071,1,8.750,-17.829,-12.000,0.1193,4.000,1.400,0.000,0.667,19.290,14.000,-20.5445,-1.5000,-45.094,-45.094,-8.436,-110.295,1.200,-2.500,0.0050,0.000,nan,0.00,1,1,0,0,0,0.0000,0.000,0,0.000,0,0.000,0,0,search,,SEARCH,1,0,0,0.000,0,-1,1
1785733947.847,77.744,15.306,146.928,0.2048,1,8.750,-17.806,-12.000,0.1179,4.000,1.400,0.000,0.667,19.290,14.000,-20.4192,-1.5000,-44.969,-44.969,-8.384,-110.524,1.200,-2.500,0.0050,0.000,nan,0.00,1,1,0,0,0,0.0000,0.000,0,0.000,0,0.000,0,0,search,,SEARCH,1,0,0,0.000,0,-1,0
1785733947.889,77.815,15.295,146.921,0.2036,1,8.750,-17.795,-12.000,0.1172,4.000,1.400,0.000,0.667,19.290,14.000,-20.3588,-1.5000,-44.908,-44.908,-8.359,-110.633,1.200,-2.500,0.0050,0.000,nan,0.00,1,1,0,0,0,0.0000,0.000,0,0.000,0,0.000,0,0,search,,SEARCH,1,0,0,0.000,0,-1,0
1785733947.930,77.889,15.282,146.916,0.2024,1,8.750,-17.782,-12.000,0.1165,4.000,1.400,0.000,0.667,19.290,14.000,-20.2912,-1.5000,-44.841,-44.841,-8.333,-110.749,1.200,-2.500,0.0050,0.000,nan,0.00,1,1,0,0,0,0.0000,0.000,0,0.000,0,0.000,0,0,search,,SEARCH,1,0,0,0.000,0,-1,0
1785733947.972,78.006,15.270,146.907,0.2005,1,8.750,-17.770,-12.000,0.1154,4.000,1.400,0.000,0.667,19.290,14.000,-20.2016,-1.5000,-44.751,-44.751,-8.289,-110.938,1.200,-2.500,0.0050,0.000,nan,0.00,1,1,0,0,0,0.0000,0.000,0,0.000,0,0.000,1,0,search,,SEARCH,1,0,0,0.000,0,-1,0
1785733948.005,78.063,15.260,146.901,0.1995,1,8.750,-17.760,-12.000,0.1149,4.000,1.400,0.000,0.667,19.290,14.000,-20.1499,-1.5000,-44.700,-44.700,-8.267,-111.031,1.200,-2.500,0.0050,0.000,nan,0.00,1,1,0,0,0,0.0000,0.000,0,0.000,0,0.000,0,0,search,,SEARCH,1,0,0,0.000,0,-1,0
1785733948.053,78.135,15.249,146.894,0.1984,1,8.750,-17.749,-12.000,0.1142,4.000,1.400,0.000,0.667,19.290,14.000,-20.0887,-1.5000,-44.638,-44.638,-8.242,-111.141,1.200,-2.500,0.0050,0.000,nan,0.00,1,1,0,0,0,0.0000,0.000,0,0.000,0,0.000,1,0,search,,SEARCH,1,0,0,0.000,0,-1,0
1785733948.100,78.209,15.239,146.889,0.1971,1,8.750,-17.739,-12.000,0.1135,4.000,1.400,0.000,0.667,19.290,14.000,-20.0262,-1.5000,-44.576,-44.576,-8.215,-111.255,1.200,-2.500,0.0050,0.000,nan,0.00,1,1,0,0,0,0.0000,0.000,0,0.000,0,0.000,1,0,search,,SEARCH,1,0,0,0.000,0,-1,1
1785733948.144,78.357,15.218,146.876,0.1947,1,8.750,-17.718,-10.500,0.1121,4.000,-1.400,0.000,0.667,-19.290,14.000,-19.9040,-1.5000,-44.454,-44.454,-8.162,-111.481,1.200,-2.500,0.0050,0.000,nan,0.00,1,1,0,0,0,0.0000,0.000,0,0.000,0,0.000,0,0,search,,SEARCH,1,0,0,0.000,0,-1,0
1785733948.185,78.427,15.209,146.867,0.1936,1,8.750,-17.709,-9.000,0.1115,4.000,-1.400,0.000,0.667,-19.290,14.000,-19.8460,-1.5000,-44.396,-44.396,-8.135,-111.595,1.200,-2.500,0.0050,0.000,nan,0.00,1,1,0,0,0,0.0000,0.000,0,0.000,0,0.000,2,0,search,,SEARCH,1,0,0,0.000,0,-1,0
1785733948.221,78.503,15.202,146.864,0.1923,1,8.750,-17.702,-7.500,0.1108,4.000,-1.400,0.000,0.667,-19.290,14.000,-19.7880,-1.5000,-44.338,-44.338,-8.106,-111.716,1.200,-2.500,0.0050,0.000,nan,0.00,1,1,0,0,0,0.0000,0.000,0,0.000,0,0.000,0,0,search,,SEARCH,1,0,0,0.000,0,-1,0
1785733948.244,78.577,15.194,146.857,0.1911,1,8.750,-17.694,-6.000,0.1101,4.000,-1.400,0.000,0.667,-19.290,14.000,-19.7294,-1.5000,-44.279,-44.279,-8.079,-111.829,1.200,-2.500,0.0050,0.000,nan,0.00,1,1,0,0,0,0.0000,0.000,0,0.000,0,0.000,0,0,search,,SEARCH,1,0,0,0.000,0,-1,0
1785733948.285,78.647,15.187,146.851,0.1900,1,8.750,-17.687,-4.500,0.1094,4.000,-1.400,0.000,0.667,-19.290,14.000,-19.6749,-1.5000,-44.225,-44.225,-8.052,-111.942,1.200,-2.500,0.0050,0.000,nan,0.00,1,1,0,0,0,0.0000,0.000,0,0.000,0,0.000,0,0,search,,SEARCH,1,0,0,0.000,0,-1,0
1785733948.323,78.726,15.180,146.848,0.1887,1,8.750,-17.680,-3.000,0.1086,4.000,-1.400,0.000,0.667,-19.290,14.000,-19.6156,-1.5000,-44.165,-44.165,-8.024,-112.059,1.200,-2.500,0.0050,0.000,nan,0.00,1,1,0,0,0,0.0000,0.000,0,0.000,0,0.000,0,0,search,,SEARCH,1,0,0,0.000,0,-1,0
1785733948.360,78.799,15.172,146.843,0.1875,1,8.750,-17.672,-1.500,0.1079,4.000,-1.400,0.000,0.667,-19.290,14.000,-19.5581,-1.5000,-44.108,-44.108,-7.998,-112.169,1.200,-2.500,0.0050,0.000,nan,0.00,1,1,0,0,0,0.0000,0.000,0,0.000,0,0.000,0,0,search,,SEARCH,1,0,0,0.000,0,-1,0
1785733948.400,78.869,15.165,146.838,0.1863,1,8.750,-17.665,0.000,0.1073,4.000,-1.400,0.000,0.667,-19.290,14.000,-19.5037,-1.5000,-44.053,-44.053,-7.973,-112.273,1.200,-2.500,0.0050,0.000,nan,0.00,1,1,0,0,0,0.0000,0.000,0,0.000,0,0.000,0,0,search,,SEARCH,1,0,0,0.000,0,-1,0
1785733948.437,78.980,15.135,146.864,0.1845,1,8.750,-17.635,1.500,0.1062,4.000,-1.400,0.000,0.667,-19.290,14.000,-19.3800,-1.5000,-43.930,-43.930,-7.947,-112.410,1.200,-2.500,0.0050,0.000,nan,0.00,1,1,0,0,0,0.0000,0.000,0,0.000,0,0.000,0,0,search,,SEARCH,1,0,0,0.000,0,-1,0
1785733948.491,79.024,15.128,146.855,0.1838,1,8.750,-17.628,3.000,0.1058,4.000,-1.400,0.000,0.667,-19.290,14.000,-19.3353,-1.5000,-43.885,-43.885,-7.920,-112.518,1.200,-2.500,0.0050,0.000,nan,0.00,1,1,0,0,0,0.0000,0.000,0,0.000,0,0.000,0,0,search,,SEARCH,1,0,0,0.000,0,-1,1
1785733948.532,79.148,15.108,146.849,0.1818,1,8.750,-17.608,4.500,0.1047,4.000,-1.400,0.000,0.667,-19.290,14.000,-19.2179,-1.5000,-43.768,-43.768,-7.864,-112.752,1.200,-2.500,0.0050,0.000,nan,0.00,1,1,0,0,0,0.0000,0.000,0,0.000,0,0.000,0,0,search,,SEARCH,1,0,0,0.000,0,-1,0
1785733948.576,79.213,15.097,146.846,0.1807,1,8.750,-17.597,6.000,0.1040,4.000,-1.400,0.000,0.667,-19.290,14.000,-19.1556,-1.5000,-43.705,-43.705,-7.835,-112.872,1.200,-2.500,0.0050,0.000,nan,0.00,1,1,0,0,0,0.0000,0.000,0,0.000,0,0.000,2,0,search,,SEARCH,1,0,0,0.000,0,-1,0
1785733948.617,79.281,15.085,146.846,0.1796,1,8.750,-17.585,7.500,0.1034,4.000,-1.400,0.000,0.667,-19.290,14.000,-19.0887,-1.5000,-43.638,-43.638,-7.806,-112.994,1.200,-2.500,0.0050,0.000,nan,0.00,1,1,0,0,0,0.0000,0.000,0,0.000,0,0.000,0,0,search,,SEARCH,1,0,0,0.000,0,-1,0
1785733948.654,79.317,15.071,146.842,0.1790,1,8.750,-17.571,9.000,0.1031,4.000,-1.400,0.000,0.667,-19.290,14.000,-19.0321,-1.5000,-43.582,-43.582,-7.777,-113.116,1.200,-2.500,0.0050,0.000,nan,0.00,1,1,0,0,0,0.0000,0.000,0,0.000,0,0.000,2,0,search,,SEARCH,1,0,0,0.000,0,-1,0
1785733948.695,79.315,15.062,146.834,0.1790,1,8.750,-17.562,10.500,0.1031,4.000,-1.400,0.000,0.667,-19.290,14.000,-19.0023,-1.5000,-43.552,-43.552,-7.749,-113.227,1.200,-2.500,0.0050,0.000,nan,0.00,1,1,0,0,0,0.0000,0.000,0,0.000,0,0.000,0,0,search,,SEARCH,1,0,0,0.000,0,-1,0
1785733948.734,79.318,15.049,146.826,0.1790,1,8.750,-17.549,12.000,0.1031,4.000,-1.400,0.000,0.667,-19.290,14.000,-18.9618,-1.5000,-43.511,-43.511,-7.722,-113.341,1.200,-2.500,0.0050,0.000,nan,0.00,1,1,0,0,0,0.0000,0.000,0,0.000,0,0.000,0,0,search,,SEARCH,1,0,0,0.000,0,-1,1
1785733948.773,79.324,15.035,146.812,0.1789,1,8.750,-17.535,12.000,0.1030,4.000,-1.400,0.000,0.667,-19.290,14.000,-18.9073,-1.5000,-43.457,-43.457,-7.668,-113.558,1.200,-2.500,0.0050,0.000,nan,0.00,1,1,0,0,0,0.0000,0.000,0,0.000,0,0.000,0,0,search,,SEARCH,1,0,0,0.000,0,-1,0
1785733948.813,79.324,15.035,146.812,0.1789,1,8.750,-17.535,12.000,0.1030,4.000,-1.400,0.000,0.667,-19.290,14.000,-18.9073,-1.5000,-43.457,-43.457,-7.668,-113.558,1.200,-2.500,0.0050,0.000,nan,0.00,1,1,0,0,0,0.0000,0.000,0,0.000,0,0.000,0,0,search,,SEARCH,1,0,0,0.000,0,-1,0
1785733948.852,79.328,15.021,146.797,0.1789,1,8.750,-17.521,12.000,0.1030,4.000,-1.400,0.000,0.667,-19.290,14.000,-18.8538,-1.5000,-43.403,-43.403,-7.613,-113.778,1.200,-2.500,0.0050,0.000,nan,0.00,1,1,0,0,0,0.0000,0.000,0,0.000,0,0.000,0,0,search,,SEARCH,1,0,0,0.000,0,-1,0
1785733948.891,79.332,15.012,146.793,0.1788,1,8.750,-17.512,12.000,0.1029,4.000,-1.400,0.000,0.667,-19.290,14.000,-18.8202,-1.5000,-43.370,-43.370,-7.587,-113.891,1.200,-2.500,0.0050,0.000,nan,0.00,1,1,0,0,0,0.0000,0.000,0,0.000,0,0.000,0,0,search,,SEARCH,1,0,0,0.000,0,-1,0
1785733948.936,79.339,15.013,146.787,0.1787,1,8.750,-17.513,12.000,0.1029,4.000,-1.400,0.000,0.667,-19.290,14.000,-18.8071,-1.5000,-43.357,-43.357,-7.560,-113.991,1.200,-2.500,0.0050,0.000,nan,0.00,1,1,0,0,0,0.0000,0.000,0,0.000,0,0.000,0,0,search,,SEARCH,1,0,0,0.000,0,-1,0
1785733948.969,79.341,15.007,146.780,0.1786,1,8.750,-17.507,12.000,0.1029,4.000,-1.400,0.000,0.667,-19.290,14.000,-18.7819,-1.5000,-43.332,-43.332,-7.534,-114.098,1.200,-2.500,0.0050,0.000,nan,0.00,1,1,0,0,0,0.0000,0.000,0,0.000,0,0.000,0,0,search,,SEARCH,1,0,0,0.000,0,-1,0
1785733949.015,79.346,15.002,146.775,0.1786,1,8.750,-17.502,12.000,0.1028,4.000,-1.400,0.000,0.667,-19.290,14.000,-18.7572,-1.5000,-43.307,-43.307,-7.507,-114.205,1.200,-2.500,0.0050,0.000,nan,0.00,1,1,0,0,0,0.0000,0.000,0,0.000,0,0.000,2,0,search,,SEARCH,1,0,0,0.000,0,-1,0
1785733949.063,79.406,14.991,146.757,0.1776,1,8.750,-17.491,12.000,0.1023,4.000,-1.400,0.000,0.667,-19.290,14.000,-18.6882,-1.5000,-43.238,-43.238,-7.455,-114.408,1.200,-2.500,0.0050,0.000,nan,0.00,1,1,0,0,0,0.0000,0.000,0,0.000,0,0.000,0,0,search,,SEARCH,1,0,0,0.000,0,-1,0
1785733949.095,79.412,14.980,146.751,0.1775,1,8.750,-17.480,12.000,0.1022,4.000,-1.400,0.000,0.667,-19.290,14.000,-18.6493,-1.5000,-43.199,-43.199,-7.427,-114.522,1.200,-2.500,0.0050,0.000,nan,0.00,1,1,0,0,0,0.0000,0.000,0,0.000,0,0.000,0,0,search,,SEARCH,1,0,0,0.000,0,-1,0
1785733949.116,79.418,14.966,146.746,0.1774,1,8.750,-17.466,12.000,0.1022,4.000,-1.400,0.000,0.667,-19.290,14.000,-18.6051,-1.5000,-43.155,-43.155,-7.398,-114.638,1.200,-2.500,0.0050,0.000,nan,0.00,1,1,0,0,0,0.0000,0.000,0,0.000,0,0.000,0,0,search,,SEARCH,1,0,0,0.000,0,-1,0
1785733949.155,79.418,14.966,146.746,0.1774,1,8.750,-17.466,12.000,0.1022,4.000,-1.400,0.000,0.667,-19.290,14.000,-18.6051,-1.5000,-43.155,-43.155,-7.398,-114.638,1.200,-2.500,0.0050,0.000,nan,0.00,1,1,0,0,0,0.0000,0.000,0,0.000,0,0.000,2,0,search,,SEARCH,1,0,0,0.000,0,-1,1
1785733949.194,79.440,14.935,146.722,0.1771,1,8.750,-17.435,12.000,0.1020,4.000,-1.400,0.000,0.667,-19.290,14.000,-18.5075,-1.5000,-43.057,-43.057,-7.339,-114.874,1.200,-2.500,0.0050,0.000,nan,0.00,1,1,0,0,0,0.0000,0.000,0,0.000,0,0.000,0,0,search,,SEARCH,1,0,0,0.000,0,-1,0
1785733949.232,79.440,14.935,146.722,0.1771,1,8.750,-17.435,12.000,0.1020,4.000,-1.400,0.000,0.667,-19.290,14.000,-18.5075,-1.5000,-43.057,-43.057,-7.339,-114.874,1.200,-2.500,0.0050,0.000,nan,0.00,1,1,0,0,0,0.0000,0.000,0,0.000,0,0.000,3,0,search,,SEARCH,1,0,0,0.000,0,-1,0
1785733949.258,79.441,14.914,146.709,0.1771,1,8.750,-17.414,12.000,0.1020,4.000,-1.400,0.000,0.667,-19.290,14.000,-18.4373,-1.5000,-42.987,-42.987,-7.284,-115.095,1.200,-2.500,0.0050,0.000,nan,0.00,1,1,0,0,0,0.0000,0.000,0,0.000,0,0.000,0,0,search,,SEARCH,1,0,0,0.000,0,-1,0
1785733949.300,79.441,14.914,146.709,0.1771,1,8.750,-17.414,12.000,0.1020,4.000,-1.400,0.000,0.667,-19.290,14.000,-18.4369,-1.5000,-42.987,-42.987,-7.283,-115.097,1.200,-2.500,0.0050,0.000,nan,0.00,1,1,0,0,0,0.0000,0.000,0,0.000,0,0.000,2,0,search,,SEARCH,1,0,0,0.000,0,-1,1
1785733949.342,79.449,14.892,146.695,0.1770,1,8.750,-17.392,12.000,0.1019,4.000,-1.400,0.000,0.667,-19.290,14.000,-18.3637,-1.5000,-42.913,-42.913,-7.227,-115.323,1.200,-2.500,0.0050,0.000,nan,0.00,1,1,0,0,0,0.0000,0.000,0,0.000,0,0.000,0,0,search,,SEARCH,1,0,0,0.000,0,-1,0
1785733949.391,79.457,14.879,146.681,0.1768,1,8.750,-17.379,12.000,0.1018,4.000,-1.400,0.000,0.667,-19.290,14.000,-18.3210,-1.5000,-42.871,-42.871,-7.198,-115.439,1.200,-2.500,0.0050,0.000,nan,0.00,1,1,0,0,0,0.0000,0.000,0,0.000,0,0.000,0,0,search,,SEARCH,1,0,0,0.000,0,-1,0
1785733949.427,79.464,14.881,146.676,0.1767,1,8.750,-17.381,12.000,0.1018,4.000,-1.400,0.000,0.667,-19.290,14.000,-18.3097,-1.5000,-42.859,-42.859,-7.172,-115.537,1.200,-2.500,0.0050,0.000,nan,0.00,1,1,0,0,0,0.0000,0.000,0,0.000,0,0.000,0,0,search,,SEARCH,1,0,0,0.000,0,-1,0
1785733949.468,79.465,14.873,146.671,0.1767,1,8.750,-17.373,12.000,0.1018,4.000,-1.400,0.000,0.667,-19.290,14.000,-18.2797,-1.5000,-42.829,-42.829,-7.145,-115.648,1.200,-2.500,0.0050,0.000,nan,0.00,1,1,0,0,0,0.0000,0.000,0,0.000,0,0.000,0,0,search,,SEARCH,1,0,0,0.000,0,-1,1
1785733949.506,79.469,14.857,146.658,0.1767,1,8.750,-17.357,12.000,0.1017,4.000,-1.400,0.000,0.667,-19.290,14.000,-18.2202,-1.5000,-42.770,-42.770,-7.090,-115.868,1.200,-2.500,0.0050,0.000,nan,0.00,1,1,0,0,0,0.0000,0.000,0,0.000,0,0.000,0,0,search,,SEARCH,1,0,0,0.000,0,-1,0
1785733949.541,79.469,14.857,146.658,0.1767,1,8.750,-17.357,12.000,0.1017,4.000,-1.400,0.000,0.667,-19.290,14.000,-18.2202,-1.5000,-42.770,-42.770,-7.090,-115.868,1.200,-2.500,0.0050,0.000,nan,0.00,1,1,0,0,0,0.0000,0.000,0,0.000,0,0.000,1,0,search,,SEARCH,1,0,0,0.000,0,-1,1
1785733949.575,79.533,14.847,146.642,0.1756,1,8.750,-17.347,12.000,0.1011,4.000,-1.400,0.000,0.667,-19.290,14.000,-18.1644,-1.5000,-42.714,-42.714,-7.065,-115.969,1.200,-2.500,0.0050,0.000,nan,0.00,1,1,0,0,0,0.0000,0.000,0,0.000,0,0.000,0,0,search,,SEARCH,1,0,0,0.000,0,-1,0
1785733949.614,79.531,14.842,146.630,0.1756,1,8.750,-17.342,12.000,0.1011,4.000,-1.400,0.000,0.667,-19.290,14.000,-18.1287,-1.5000,-42.678,-42.678,-7.011,-116.177,1.200,-2.500,0.0050,0.000,nan,0.00,1,1,0,0,0,0.0000,0.000,0,0.000,0,0.000,0,0,search,,SEARCH,1,0,0,0.000,0,-1,0
1785733949.655,79.531,14.839,146.624,0.1756,1,8.750,-17.339,12.000,0.1011,4.000,-1.400,0.000,0.667,-19.290,14.000,-18.1108,-1.5000,-42.660,-42.660,-6.985,-116.279,1.200,-2.500,0.0050,0.000,nan,0.00,1,1,0,0,0,0.0000,0.000,0,0.000,0,0.000,0,0,search,,SEARCH,1,0,0,0.000,0,-1,0
1785733949.694,79.533,14.835,146.620,0.1756,1,8.750,-17.335,12.000,0.1011,4.000,-1.400,0.000,0.667,-19.290,14.000,-18.0875,-1.5000,-42.637,-42.637,-6.958,-116.385,1.200,-2.500,0.0050,0.000,nan,0.00,1,1,0,0,0,0.0000,0.000,0,0.000,0,0.000,0,0,search,,SEARCH,1,0,0,0.000,0,-1,0
1785733949.740,79.583,14.821,146.613,0.1748,1,8.750,-17.321,12.000,0.1006,4.000,-1.400,0.000,0.667,-19.290,14.000,-18.0281,-1.5000,-42.578,-42.578,-6.934,-116.486,1.200,-2.500,0.0050,0.000,nan,0.00,1,1,0,0,0,0.0000,0.000,0,0.000,0,0.000,0,0,search,,SEARCH,1,0,0,0.000,0,-1,1
1785733949.781,79.648,14.809,146.598,0.1737,1,8.750,-17.309,12.000,0.1000,4.000,-1.400,0.000,0.667,-19.290,14.000,-17.9529,-1.5000,-42.502,-42.502,-6.881,-116.688,1.200,-2.500,0.0050,0.000,nan,0.00,1,1,0,0,0,0.0000,0.000,0,0.000,0,0.000,1,0,search,,SEARCH,1,0,0,0.000,0,-1,0
1785733949.819,79.645,14.801,146.593,0.1738,1,8.750,-17.301,12.000,0.1001,4.000,-1.400,0.000,0.667,-19.290,14.000,-17.9243,-1.5000,-42.474,-42.474,-6.854,-116.798,1.200,-2.500,0.0050,0.000,nan,0.00,1,1,0,0,0,0.0000,0.000,0,0.000,0,0.000,0,0,search,,SEARCH,1,0,0,0.000,0,-1,0
1785733949.858,79.647,14.797,146.588,0.1738,1,8.750,-17.297,12.000,0.1000,4.000,-1.400,0.000,0.667,-19.290,14.000,-17.9009,-1.5000,-42.451,-42.451,-6.827,-116.902,1.200,-2.500,0.0050,0.000,nan,0.00,1,1,0,0,0,0.0000,0.000,0,0.000,0,0.000,0,0,search,,SEARCH,1,0,0,0.000,0,-1,0
1785733949.881,79.649,14.787,146.581,0.1737,1,8.750,-17.287,10.500,0.1000,4.000,1.400,0.000,0.667,19.290,14.000,-17.8652,-1.5000,-42.415,-42.415,-6.798,-117.014,1.200,-2.500,0.0050,0.000,nan,0.00,1,1,0,0,0,0.0000,0.000,0,0.000,0,0.000,0,0,search,,SEARCH,1,0,0,0.000,0,-1,0
1785733949.917,79.663,14.798,146.551,0.1735,1,8.750,-17.298,9.000,0.0999,4.000,1.400,0.000,0.667,19.290,14.000,-17.8761,-1.5000,-42.426,-42.426,-6.774,-117.094,1.200,-2.500,0.0050,0.000,nan,0.00,1,1,0,0,0,0.0000,0.000,0,0.000,0,0.000,2,0,search,,SEARCH,1,0,0,0.000,0,-1,0
1785733949.943,79.719,14.756,146.552,0.1726,1,8.750,-17.256,7.500,0.0994,4.000,1.400,0.000,0.667,19.290,14.000,-17.7557,-1.5000,-42.305,-42.305,-6.746,-117.228,1.200,-2.500,0.0050,0.000,nan,0.00,1,1,0,0,0,0.0000,0.000,0,0.000,0,0.000,0,0,search,,SEARCH,1,0,0,0.000,0,-1,0
1785733949.975,79.719,14.756,146.552,0.1726,1,8.750,-17.256,6.000,0.0994,4.000,1.400,0.000,0.667,19.290,14.000,-17.7552,-1.5000,-42.305,-42.305,-6.746,-117.230,1.200,-2.500,0.0050,0.000,nan,0.00,1,1,0,0,0,0.0000,0.000,0,0.000,0,0.000,0,0,search,,SEARCH,1,0,0,0.000,0,-1,0
1785733950.017,79.739,14.740,146.544,0.1723,1,8.750,-17.240,4.500,0.0992,4.000,1.400,0.000,0.667,19.290,14.000,-17.7018,-1.5000,-42.251,-42.251,-6.718,-117.344,1.200,-2.500,0.0050,0.000,nan,0.00,1,1,0,0,0,0.0000,0.000,0,0.000,0,0.000,1,0,search,,SEARCH,1,0,0,0.000,0,-1,1
1785733950.061,79.886,14.721,146.541,0.1699,1,8.750,-17.221,3.000,0.0978,4.000,1.400,0.000,0.667,19.290,14.000,-17.5716,-1.5000,-42.121,-42.121,-6.657,-117.575,1.200,-2.500,0.0050,0.000,nan,0.00,1,1,0,0,0,0.0000,0.000,0,0.000,0,0.000,0,0,search,,SEARCH,1,0,0,0.000,0,-1,0
1785733950.101,79.970,14.711,146.540,0.1685,1,8.750,-17.211,1.500,0.0970,4.000,1.400,0.000,0.667,19.290,14.000,-17.5025,-1.5000,-42.052,-42.052,-6.627,-117.695,1.200,-2.500,0.0050,0.000,nan,0.00,1,1,0,0,0,0.0000,0.000,0,0.000,0,0.000,0,0,search,,SEARCH,1,0,0,0.000,0,-1,0
1785733950.140,80.041,14.701,146.537,0.1673,1,8.750,-17.201,0.000,0.0963,4.000,1.400,0.000,0.667,19.290,14.000,-17.4413,-1.5000,-41.991,-41.991,-6.598,-117.810,1.200,-2.500,0.0050,0.000,nan,0.00,1,1,0,0,0,0.0000,0.000,0,0.000,0,0.000,0,0,search,,SEARCH,1,0,0,0.000,0,-1,0
1785733950.181,80.129,14.692,146.536,0.1658,1,8.750,-17.192,-1.500,0.0955,4.000,1.400,0.000,0.667,19.290,14.000,-17.3741,-1.5000,-41.924,-41.924,-6.570,-117.925,1.200,-2.500,0.0050,0.000,nan,0.00,1,1,0,0,0,0.0000,0.000,0,0.000,0,0.000,0,0,search,,SEARCH,1,0,0,0.000,0,-1,0
1785733950.218,80.211,14.685,146.535,0.1645,1,8.750,-17.185,-3.000,0.0947,4.000,1.400,0.000,0.667,19.290,14.000,-17.3137,-1.5000,-41.863,-41.863,-6.542,-118.037,1.200,-2.500,0.0050,0.000,nan,0.00,1,1,0,0,0,0.0000,0.000,0,0.000,0,0.000,0,0,search,,SEARCH,1,0,0,0.000,0,-1,0
1785733950.259,80.299,14.678,146.537,0.1630,1,8.750,-17.178,-4.500,0.0939,4.000,1.400,0.000,0.667,19.290,14.000,-17.2498,-1.5000,-41.799,-41.799,-6.512,-118.155,1.200,-2.500,0.0050,0.000,nan,0.00,1,1,0,0,0,0.0000,0.000,0,0.000,0,0.000,0,0,search,,SEARCH,1,0,0,0.000,0,-1,0
1785733950.295,80.377,14.673,146.533,0.1617,1,8.750,-17.173,-6.000,0.0931,4.000,1.400,0.000,0.667,19.290,14.000,-17.1974,-1.5000,-41.747,-41.747,-6.484,-118.262,1.200,-2.500,0.0050,0.000,nan,0.00,1,1,0,0,0,0.0000,0.000,0,0.000,0,0.000,1,0,search,,SEARCH,1,0,0,0.000,0,-1,0
1785733950.346,80.455,14.666,146.530,0.1604,1,8.750,-17.166,-7.500,0.0924,4.000,1.400,0.000,0.667,19.290,14.000,-17.1382,-1.5000,-41.688,-41.688,-6.456,-118.372,1.200,-2.500,0.0050,0.000,nan,0.00,1,1,0,0,0,0.0000,0.000,0,0.000,0,0.000,0,0,search,,SEARCH,1,0,0,0.000,0,-1,1
1785733950.390,80.608,14.653,146.528,0.1579,1,8.750,-17.153,-9.000,0.0909,4.000,1.400,0.000,0.667,19.290,14.000,-17.0233,-1.5000,-41.573,-41.573,-6.399,-118.591,1.200,-2.500,0.0050,0.000,nan,0.00,1,1,0,0,0,0.0000,0.000,0,0.000,0,0.000,0,0,search,,SEARCH,1,0,0,0.000,0,-1,0
1785733950.428,80.682,14.643,146.523,0.1567,1,8.750,-17.143,-10.500,0.0902,4.000,1.400,0.000,0.667,19.290,14.000,-16.9598,-1.5000,-41.509,-41.509,-6.370,-118.704,1.200,-2.500,0.0050,0.000,nan,0.00,1,1,0,0,0,0.0000,0.000,0,0.000,0,0.000,0,0,search,,SEARCH,1,0,0,0.000,0,-1,0
1785733950.464,80.754,14.631,146.517,0.1555,1,8.750,-17.131,-12.000,0.0895,4.000,1.400,0.000,0.667,19.290,14.000,-16.8939,-1.5000,-41.443,-41.443,-6.341,-118.814,1.200,-2.500,0.0050,0.000,nan,0.00,1,1,0,0,0,0.0000,0.000,0,0.000,0,0.000,3,0,search,,SEARCH,1,0,0,0.000,0,-1,0
1785733950.491,80.832,14.623,146.513,0.1542,1,8.750,-17.123,-12.000,0.0888,4.000,1.400,0.000,0.667,19.290,14.000,-16.8313,-1.5000,-41.381,-41.381,-6.311,-118.927,1.200,-2.500,0.0050,0.000,nan,0.00,1,1,0,0,0,0.0000,0.000,0,0.000,0,0.000,0,0,search,,SEARCH,1,0,0,0.000,0,-1,0
1785733950.521,80.832,14.623,146.513,0.1542,1,8.750,-17.123,-12.000,0.0888,4.000,1.400,0.000,0.667,19.290,14.000,-16.8313,-1.5000,-41.381,-41.381,-6.311,-118.927,1.200,-2.500,0.0050,0.000,nan,0.00,1,1,0,0,0,0.0000,0.000,0,0.000,0,0.000,0,0,search,,SEARCH,1,0,0,0.000,0,-1,0
1785733950.553,80.914,14.615,146.510,0.1528,1,8.750,-17.115,-12.000,0.0880,4.000,1.400,0.000,0.667,19.290,14.000,-16.7685,-1.5000,-41.318,-41.318,-6.279,-119.047,1.200,-2.500,0.0050,0.000,nan,0.00,1,1,0,0,0,0.0000,0.000,0,0.000,0,0.000,0,0,search,,SEARCH,1,0,0,0.000,0,-1,0
1785733950.591,80.985,14.609,146.503,0.1516,1,8.750,-17.109,-12.000,0.0873,4.000,1.400,0.000,0.667,19.290,14.000,-16.7119,-1.5000,-41.262,-41.262,-6.248,-119.160,1.200,-2.500,0.0050,0.000,nan,0.00,1,1,0,0,0,0.0000,0.000,0,0.000,0,0.000,0,0,search,,SEARCH,1,0,0,0.000,0,-1,0
1785733950.636,81.131,14.599,146.496,0.1492,1,8.750,-17.099,-12.000,0.0859,4.000,1.400,0.000,0.667,19.290,14.000,-16.6055,-1.5000,-41.155,-41.155,-6.186,-119.386,1.200,-2.500,0.0050,0.000,nan,0.00,1,1,0,0,0,0.0000,0.000,0,0.000,0,0.000,0,0,search,,SEARCH,1,0,0,0.000,0,-1,0
1785733950.677,81.204,14.589,146.488,0.1480,1,8.750,-17.089,-12.000,0.0852,4.000,1.400,0.000,0.667,19.290,14.000,-16.5421,-1.5000,-41.092,-41.092,-6.156,-119.496,1.200,-2.500,0.0050,0.000,nan,0.00,1,1,0,0,0,0.0000,0.000,0,0.000,0,0.000,0,0,search,,SEARCH,1,0,0,0.000,0,-1,0
1785733950.714,81.282,14.580,146.485,0.1467,1,8.750,-17.080,-12.000,0.0845,4.000,1.400,0.000,0.667,19.290,14.000,-16.4787,-1.5000,-41.028,-41.028,-6.127,-119.606,1.200,-2.500,0.0050,0.000,nan,0.00,1,1,0,0,0,0.0000,0.000,0,0.000,0,0.000,0,0,search,,SEARCH,1,0,0,0.000,0,-1,0
1785733950.755,81.351,14.575,146.476,0.1455,1,8.750,-17.075,-12.000,0.0838,4.000,1.400,0.000,0.667,19.290,14.000,-16.4275,-1.5000,-40.977,-40.977,-6.096,-119.713,1.200,-2.500,0.0050,0.000,nan,0.00,1,1,0,0,0,0.0000,0.000,0,0.000,0,0.000,0,0,search,,SEARCH,1,0,0,0.000,0,-1,0
1785733950.793,81.422,14.566,146.470,0.1444,1,8.750,-17.066,-12.000,0.0831,4.000,1.400,0.000,0.667,19.290,14.000,-16.3669,-1.5000,-40.917,-40.917,-6.067,-119.821,1.200,-2.500,0.0050,0.000,nan,0.00,1,1,0,0,0,0.0000,0.000,0,0.000,0,0.000,0,0,search,,SEARCH,1,0,0,0.000,0,-1,0
1785733950.833,81.495,14.558,146.464,0.1431,1,8.750,-17.058,-12.000,0.0824,4.000,1.400,0.000,0.667,19.290,14.000,-16.3068,-1.5000,-40.856,-40.856,-6.036,-119.931,1.200,-2.500,0.0050,0.000,nan,0.00,1,1,0,0,0,0.0000,0.000,0,0.000,0,0.000,0,0,search,,SEARCH,1,0,0,0.000,0,-1,0
1785733950.874,81.571,14.548,146.458,0.1419,1,8.750,-17.048,-12.000,0.0817,4.000,1.400,0.000,0.667,19.290,14.000,-16.2439,-1.5000,-40.793,-40.793,-6.005,-120.044,1.200,-2.500,0.0050,0.000,nan,0.00,1,1,0,0,0,0.0000,0.000,0,0.000,0,0.000,1,0,search,,SEARCH,1,0,0,0.000,0,-1,1
1785733950.918,81.707,14.537,146.449,0.1396,1,8.750,-17.037,-12.000,0.0804,4.000,1.400,0.000,0.667,19.290,14.000,-16.1388,-1.5000,-40.688,-40.688,-5.946,-120.254,1.200,-2.500,0.0050,0.000,nan,0.00,1,1,0,0,0,0.0000,0.000,0,0.000,0,0.000,0,0,search,,SEARCH,1,0,0,0.000,0,-1,0
1785733950.964,81.774,14.526,146.441,0.1385,1,8.750,-17.026,-12.000,0.0798,4.000,1.400,0.000,0.667,19.290,14.000,-16.0752,-1.5000,-40.625,-40.625,-5.917,-120.358,1.200,-2.500,0.0050,0.000,nan,0.00,1,1,0,0,0,0.0000,0.000,0,0.000,0,0.000,3,0,search,,SEARCH,1,0,0,0.000,0,-1,0
1785733950.990,81.833,14.520,146.437,0.1375,1,8.750,-17.020,-12.000,0.0792,4.000,1.400,0.000,0.667,19.290,14.000,-16.0280,-1.5000,-40.578,-40.578,-5.891,-120.449,1.200,-2.500,0.0050,0.000,nan,0.00,1,1,0,0,0,0.0000,0.000,0,0.000,0,0.000,0,0,search,,SEARCH,1,0,0,0.000,0,-1,0
1785733951.021,81.890,14.514,146.431,0.1366,1,8.750,-17.014,-12.000,0.0786,4.000,1.400,0.000,0.667,19.290,14.000,-15.9820,-1.5000,-40.532,-40.532,-5.865,-120.539,1.200,-2.500,0.0050,0.000,nan,0.00,1,1,0,0,0,0.0000,0.000,0,0.000,0,0.000,0,0,search,,SEARCH,1,0,0,0.000,0,-1,0
1785733951.058,81.949,14.514,146.427,0.1356,1,8.750,-17.014,-12.000,0.0781,4.000,1.400,0.000,0.667,19.290,14.000,-15.9430,-1.5000,-40.493,-40.493,-5.837,-120.635,1.200,-2.500,0.0050,0.000,nan,0.00,1,1,0,0,0,0.0000,0.000,0,0.000,0,0.000,0,0,search,,SEARCH,1,0,0,0.000,0,-1,0
1785733951.102,82.017,14.501,146.417,0.1344,1,8.750,-17.001,-12.000,0.0774,4.000,1.400,0.000,0.667,19.290,14.000,-15.8779,-1.5000,-40.427,-40.427,-5.807,-120.740,1.200,-2.500,0.0050,0.000,nan,0.00,1,1,0,0,0,0.0000,0.000,0,0.000,0,0.000,0,0,search,,SEARCH,1,0,0,0.000,0,-1,0
1785733951.138,82.089,14.492,146.410,0.1333,1,8.750,-16.992,-12.000,0.0767,4.000,1.400,0.000,0.667,19.290,14.000,-15.8170,-1.5000,-40.367,-40.367,-5.777,-120.846,1.200,-2.500,0.0050,0.000,nan,0.00,1,1,0,0,0,0.0000,0.000,0,0.000,0,0.000,0,0,search,,SEARCH,1,0,0,0.000,0,-1,1
1785733951.177,82.222,14.479,146.399,0.1310,1,8.750,-16.979,-12.000,0.0754,4.000,1.400,0.000,0.667,19.290,14.000,-15.7105,-1.5000,-40.260,-40.260,-5.720,-121.049,1.200,-2.500,0.0050,0.000,nan,0.00,1,1,0,0,0,0.0000,0.000,0,0.000,0,0.000,0,0,search,,SEARCH,1,0,0,0.000,0,-1,0
1785733951.214,82.281,14.476,146.395,0.1300,1,8.750,-16.976,-12.000,0.0749,4.000,1.400,0.000,0.667,19.290,14.000,-15.6672,-1.5000,-40.217,-40.217,-5.692,-121.146,1.200,-2.500,0.0050,0.000,nan,0.00,1,1,0,0,0,0.0000,0.000,0,0.000,0,0.000,0,0,search,,SEARCH,1,0,0,0.000,0,-1,0
1785733951.262,82.341,14.472,146.392,0.1290,1,8.750,-16.972,-12.000,0.0743,4.000,1.400,0.000,0.667,19.290,14.000,-15.6232,-1.5000,-40.173,-40.173,-5.663,-121.243,1.200,-2.500,0.0050,0.000,nan,0.00,1,1,0,0,0,0.0000,0.000,0,0.000,0,0.000,0,0,search,,SEARCH,1,0,0,0.000,0,-1,0
1785733951.302,82.410,14.464,146.384,0.1279,1,8.750,-16.964,-12.000,0.0736,4.000,1.400,0.000,0.667,19.290,14.000,-15.5645,-1.5000,-40.114,-40.114,-5.632,-121.351,1.200,-2.500,0.0050,0.000,nan,0.00,1,1,0,0,0,0.0000,0.000,0,0.000,0,0.000,0,0,search,,SEARCH,1,0,0,0.000,0,-1,0
1785733951.341,82.484,14.456,146.380,0.1267,1,8.750,-16.956,-12.000,0.0729,4.000,1.400,0.000,0.667,19.290,14.000,-15.5035,-1.5000,-40.053,-40.053,-5.600,-121.462,1.200,-2.500,0.0050,0.000,nan,0.00,1,1,0,0,0,0.0000,0.000,0,0.000,0,0.000,0,0,search,,SEARCH,1,0,0,0.000,0,-1,1
1785733951.385,82.616,14.447,146.370,0.1245,1,8.750,-16.947,-12.000,0.0717,4.000,1.400,0.000,0.667,19.290,14.000,-15.4038,-1.5000,-39.953,-39.953,-5.538,-121.667,1.200,-2.500,0.0050,0.000,nan,0.00,1,1,0,0,0,0.0000,0.000,0,0.000,0,0.000,1,0,search,,SEARCH,1,0,0,0.000,0,-1,0
1785733951.415,82.688,14.440,146.364,0.1233,1,8.750,-16.940,-12.000,0.0710,4.000,1.400,0.000,0.667,19.290,14.000,-15.3453,-1.5000,-39.895,-39.895,-5.507,-121.774,1.200,-2.500,0.0050,0.000,nan,0.00,1,1,0,0,0,0.0000,0.000,0,0.000,0,0.000,1,0,search,,SEARCH,1,0,0,0.000,0,-1,0
1785733951.440,82.688,14.440,146.364,0.1233,1,8.750,-16.940,-12.000,0.0710,4.000,1.400,0.000,0.667,19.290,14.000,-15.3453,-1.5000,-39.895,-39.895,-5.507,-121.774,1.200,-2.500,0.0050,0.000,nan,0.00,1,1,0,0,0,0.0000,0.000,0,0.000,0,0.000,0,0,search,,SEARCH,1,0,0,0.000,0,-1,0
1785733951.473,82.756,14.431,146.356,0.1221,1,8.750,-16.931,-12.000,0.0703,4.000,1.400,0.000,0.667,19.290,14.000,-15.2867,-1.5000,-39.836,-39.836,-5.475,-121.880,1.200,-2.500,0.0050,0.000,nan,0.00,1,1,0,0,0,0.0000,0.000,0,0.000,0,0.000,0,0,search,,SEARCH,1,0,0,0.000,0,-1,0
1785733951.513,82.831,14.423,146.350,0.1209,1,8.750,-16.923,-12.000,0.0696,4.000,1.400,0.000,0.667,19.290,14.000,-15.2244,-1.5000,-39.774,-39.774,-5.442,-121.993,1.200,-2.500,0.0050,0.000,nan,0.00,1,1,0,0,0,0.0000,0.000,0,0.000,0,0.000,0,0,search,,SEARCH,1,0,0,0.000,0,-1,1
1785733951.558,82.905,14.416,146.344,0.1196,1,8.750,-16.916,-12.000,0.0689,4.000,1.400,0.000,0.667,19.290,14.000,-15.1642,-1.5000,-39.714,-39.714,-5.407,-122.107,1.200,-2.500,0.0050,0.000,nan,0.00,1,1,0,0,0,0.0000,0.000,0,0.000,0,0.000,0,0,search,,SEARCH,1,0,0,0.000,0,-1,0
1785733951.597,83.058,14.405,146.335,0.1171,1,8.750,-16.905,-10.500,0.0674,4.000,-1.400,0.000,0.667,-19.290,14.000,-15.0484,-1.5000,-39.598,-39.598,-5.338,-122.337,1.200,-2.500,0.0050,0.000,nan,0.00,1,1,0,0,0,0.0000,0.000,0,0.000,0,0.000,0,0,search,,SEARCH,1,0,0,0.000,0,-1,0
1785733951.636,83.129,14.398,146.328,0.1159,1,8.750,-16.898,-9.000,0.0667,4.000,-1.400,0.000,0.667,-19.290,14.000,-14.9922,-1.5000,-39.542,-39.542,-5.304,-122.448,1.200,-2.500,0.0050,0.000,nan,0.00,1,1,0,0,0,0.0000,0.000,0,0.000,0,0.000,0,0,search,,SEARCH,1,0,0,0.000,0,-1,0
1785733951.674,83.201,14.393,146.321,0.1147,1,8.750,-16.893,-7.500,0.0660,4.000,-1.400,0.000,0.667,-19.290,14.000,-14.9366,-1.5000,-39.486,-39.486,-5.270,-122.558,1.200,-2.500,0.0050,0.000,nan,0.00,1,1,0,0,0,0.0000,0.000,0,0.000,0,0.000,0,0,search,,SEARCH,1,0,0,0.000,0,-1,0
1785733951.713,83.271,14.386,146.312,0.1135,1,8.750,-16.886,-6.000,0.0654,4.000,-1.400,0.000,0.667,-19.290,14.000,-14.8805,-1.5000,-39.430,-39.430,-5.236,-122.667,1.200,-2.500,0.0050,0.000,nan,0.00,1,1,0,0,0,0.0000,0.000,0,0.000,0,0.000,0,0,search,,SEARCH,1,0,0,0.000,0,-1,0
1785733951.756,83.349,14.380,146.310,0.1122,1,8.750,-16.880,-4.500,0.0646,4.000,-1.400,0.000,0.667,-19.290,14.000,-14.8203,-1.5000,-39.370,-39.370,-5.201,-122.780,1.200,-2.500,0.0050,0.000,nan,0.00,1,1,0,0,0,0.0000,0.000,0,0.000,0,0.000,0,0,search,,SEARCH,1,0,0,0.000,0,-1,0
1785733951.796,83.426,14.373,146.305,0.1109,1,8.750,-16.873,-3.000,0.0639,4.000,-1.400,0.000,0.667,-19.290,14.000,-14.7602,-1.5000,-39.310,-39.310,-5.167,-122.893,1.200,-2.500,0.0050,0.000,nan,0.00,1,1,0,0,0,0.0000,0.000,0,0.000,0,0.000,0,0,search,,SEARCH,1,0,0,0.000,0,-1,0
1785733951.842,83.482,14.362,146.299,0.1100,1,8.750,-16.862,-1.500,0.0633,4.000,-1.400,0.000,0.667,-19.290,14.000,-14.6998,-1.5000,-39.249,-39.249,-5.134,-122.998,1.200,-2.500,0.0050,0.000,nan,0.00,1,1,0,0,0,0.0000,0.000,0,0.000,0,0.000,1,0,search,,SEARCH,1,0,0,0.000,0,-1,1
1785733951.879,83.639,14.350,146.293,0.1073,1,8.750,-16.850,0.000,0.0618,4.000,-1.400,0.000,0.667,-19.290,14.000,-14.5802,-1.5000,-39.130,-39.130,-5.065,-123.221,1.200,-2.500,0.0050,0.000,nan,0.00,1,1,0,0,0,0.0000,0.000,0,0.000,0,0.000,0,0,search,,SEARCH,1,0,0,0.000,0,-1,0
1785733951.916,83.640,14.350,146.293,0.1073,1,8.750,-16.850,1.500,0.0618,4.000,-1.400,0.000,0.667,-19.290,14.000,-14.5794,-1.5000,-39.129,-39.129,-5.064,-123.223,1.200,-2.500,0.0050,0.000,nan,0.00,1,1,0,0,0,0.0000,0.000,0,0.000,0,0.000,2,0,search,,SEARCH,1,0,0,0.000,0,-1,0
1785733951.941,83.701,14.345,146.286,0.1063,1,8.750,-16.845,3.000,0.0612,4.000,-1.400,0.000,0.667,-19.290,14.000,-14.5300,-1.5000,-39.080,-39.080,-5.033,-123.321,1.200,-2.500,0.0050,0.000,nan,0.00,1,1,0,0,0,0.0000,0.000,0,0.000,0,0.000,0,0,search,,SEARCH,1,0,0,0.000,0,-1,0
1785733951.972,83.767,14.337,146.285,0.1052,1,8.750,-16.837,4.500,0.0606,4.000,-1.400,0.000,0.667,-19.290,14.000,-14.4745,-1.5000,-39.024,-39.024,-5.004,-123.417,1.200,-2.500,0.0050,0.000,nan,0.00,1,1,0,0,0,0.0000,0.000,0,0.000,0,0.000,0,0,search,,SEARCH,1,0,0,0.000,0,-1,0
1785733952.012,83.831,14.334,146.283,0.1041,1,8.750,-16.834,6.000,0.0599,4.000,-1.400,0.000,0.667,-19.290,14.000,-14.4276,-1.5000,-38.977,-38.977,-4.974,-123.511,1.200,-2.500,0.0050,0.000,nan,0.00,1,1,0,0,0,0.0000,0.000,0,0.000,0,0.000,0,0,search,,SEARCH,1,0,0,0.000,0,-1,0
1785733952.050,83.815,14.312,146.253,0.1044,1,8.750,-16.812,7.500,0.0601,4.000,-1.400,0.000,0.667,-19.290,14.000,-14.3526,-1.5000,-38.902,-38.902,-4.908,-123.720,1.200,-2.500,0.0050,0.000,nan,0.00,1,1,0,0,0,0.0000,0.000,0,0.000,0,0.000,0,0,search,,SEARCH,1,0,0,0.000,0,-1,0
1785733952.083,83.815,14.312,146.253,0.1044,1,8.750,-16.812,9.000,0.0601,4.000,-1.400,0.000,0.667,-19.290,14.000,-14.3526,-1.5000,-38.902,-38.902,-4.908,-123.720,1.200,-2.500,0.0050,0.000,nan,0.00,1,1,0,0,0,0.0000,0.000,0,0.000,0,0.000,0,0,search,,SEARCH,1,0,0,0.000,0,-1,0
1785733952.112,83.816,14.295,146.239,0.1044,1,8.750,-16.795,10.500,0.0601,4.000,-1.400,0.000,0.667,-19.290,14.000,-14.2784,-1.5000,-38.828,-38.828,-4.842,-123.933,1.200,-2.500,0.0050,0.000,nan,0.00,1,1,0,0,0,0.0000,0.000,0,0.000,0,0.000,0,0,search,,SEARCH,1,0,0,0.000,0,-1,0
1785733952.152,83.816,14.295,146.239,0.1044,1,8.750,-16.795,12.000,0.0601,4.000,-1.400,0.000,0.667,-19.290,14.000,-14.2784,-1.5000,-38.828,-38.828,-4.842,-123.933,1.200,-2.500,0.0050,0.000,nan,0.00,1,1,0,0,0,0.0000,0.000,0,0.000,0,0.000,0,0,search,,SEARCH,1,0,0,0.000,0,-1,0
1785733952.192,83.822,14.295,146.202,0.1043,1,8.750,-16.795,12.000,0.0600,4.000,-1.400,0.000,0.667,-19.290,14.000,-14.2425,-1.5000,-38.792,-38.792,-4.772,-124.142,1.200,-2.500,0.0050,0.000,nan,0.00,1,1,0,0,0,0.0000,0.000,0,0.000,0,0.000,0,0,search,,SEARCH,1,0,0,0.000,0,-1,0
1785733952.245,83.824,14.283,146.189,0.1043,1,8.750,-16.783,12.000,0.0600,4.000,-1.400,0.000,0.667,-19.290,14.000,-14.1974,-1.5000,-38.747,-38.747,-4.737,-124.258,1.200,-2.500,0.0050,0.000,nan,0.00,1,1,0,0,0,0.0000,0.000,0,0.000,0,0.000,0,0,search,,SEARCH,1,0,0,0.000,0,-1,0
1785733952.268,83.845,14.270,146.169,0.1039,1,8.750,-16.770,12.000,0.0598,4.000,-1.400,0.000,0.667,-19.290,14.000,-14.1446,-1.5000,-38.694,-38.694,-4.700,-124.374,1.200,-2.500,0.0050,0.000,nan,0.00,1,1,0,0,0,0.0000,0.000,0,0.000,0,0.000,0,0,search,,SEARCH,1,0,0,0.000,0,-1,0
1785733952.307,83.842,14.260,146.160,0.1040,1,8.750,-16.760,12.000,0.0599,4.000,-1.400,0.000,0.667,-19.290,14.000,-14.1050,-1.5000,-38.655,-38.655,-4.666,-124.487,1.200,-2.500,0.0050,0.000,nan,0.00,1,1,0,0,0,0.0000,0.000,0,0.000,0,0.000,0,0,search,,SEARCH,1,0,0,0.000,0,-1,0
1785733952.346,83.847,14.261,146.154,0.1039,1,8.750,-16.761,12.000,0.0598,4.000,-1.400,0.000,0.667,-19.290,14.000,-14.0851,-1.5000,-38.635,-38.635,-4.632,-124.589,1.200,-2.500,0.0050,0.000,nan,0.00,1,1,0,0,0,0.0000,0.000,0,0.000,0,0.000,0,0,search,,SEARCH,1,0,0,0.000,0,-1,0
1785733952.384,83.849,14.247,146.146,0.1038,1,8.750,-16.747,12.000,0.0598,4.000,-1.400,0.000,0.667,-19.290,14.000,-14.0341,-1.5000,-38.584,-38.584,-4.597,-124.704,1.200,-2.500,0.0050,0.000,nan,0.00,1,1,0,0,0,0.0000,0.000,0,0.000,0,0.000,0,0,search,,SEARCH,1,0,0,0.000,0,-1,0
1785733952.423,83.850,14.233,146.138,0.1038,1,8.750,-16.733,12.000,0.0598,4.000,-1.400,0.000,0.667,-19.290,14.000,-13.9849,-1.5000,-38.534,-38.534,-4.561,-124.819,1.200,-2.500,0.0050,0.000,nan,0.00,1,1,0,0,0,0.0000,0.000,0,0.000,0,0.000,0,0,search,,SEARCH,1,0,0,0.000,0,-1,0
1785733952.463,83.853,14.221,146.130,0.1038,1,8.750,-16.721,12.000,0.0598,4.000,-1.400,0.000,0.667,-19.290,14.000,-13.9377,-1.5000,-38.487,-38.487,-4.526,-124.931,1.200,-2.500,0.0050,0.000,nan,0.00,1,1,0,0,0,0.0000,0.000,0,0.000,0,0.000,0,0,search,,SEARCH,1,0,0,0.000,0,-1,0
1785733952.502,83.861,14.221,146.122,0.1037,1,8.750,-16.721,12.000,0.0597,4.000,-1.400,0.000,0.667,-19.290,14.000,-13.9173,-1.5000,-38.467,-38.467,-4.494,-125.030,1.200,-2.500,0.0050,0.000,nan,0.00,1,1,0,0,0,0.0000,0.000,0,0.000,0,0.000,0,0,search,,SEARCH,1,0,0,0.000,0,-1,0
1785733952.543,83.859,14.220,146.115,0.1037,1,8.750,-16.720,12.000,0.0597,4.000,-1.400,0.000,0.667,-19.290,14.000,-13.8958,-1.5000,-38.445,-38.445,-4.460,-125.131,1.200,-2.500,0.0050,0.000,nan,0.00,1,1,0,0,0,0.0000,0.000,0,0.000,0,0.000,0,0,search,,SEARCH,1,0,0,0.000,0,-1,1
1785733952.582,83.863,14.212,146.103,0.1036,1,8.750,-16.712,12.000,0.0597,4.000,-1.400,0.000,0.667,-19.290,14.000,-13.8400,-1.5000,-38.390,-38.390,-4.394,-125.340,1.200,-2.500,0.0050,0.000,nan,0.00,1,1,0,0,0,0.0000,0.000,0,0.000,0,0.000,0,0,search,,SEARCH,1,0,0,0.000,0,-1,0
1785733952.621,83.863,14.212,146.103,0.1036,1,8.750,-16.712,12.000,0.0597,4.000,-1.400,0.000,0.667,-19.290,14.000,-13.8400,-1.5000,-38.390,-38.390,-4.394,-125.340,1.200,-2.500,0.0050,0.000,nan,0.00,1,1,0,0,0,0.0000,0.000,0,0.000,0,0.000,0,0,search,,SEARCH,1,0,0,0.000,0,-1,1
1785733952.660,83.937,14.203,146.085,0.1024,1,8.750,-16.703,12.000,0.0590,4.000,-1.400,0.000,0.667,-19.290,14.000,-13.7781,-1.5000,-38.328,-38.328,-4.355,-125.459,1.200,-2.500,0.0050,0.000,nan,0.00,1,1,0,0,0,0.0000,0.000,0,0.000,0,0.000,0,0,search,,SEARCH,1,0,0,0.000,0,-1,0
1785733952.701,83.946,14.178,146.058,0.1022,1,8.750,-16.678,12.000,0.0589,4.000,-1.400,0.000,0.667,-19.290,14.000,-13.6806,-1.5000,-38.230,-38.230,-4.282,-125.687,1.200,-2.500,0.0050,0.000,nan,0.00,1,1,0,0,0,0.0000,0.000,0,0.000,0,0.000,0,0,search,,SEARCH,1,0,0,0.000,0,-1,0
1785733952.738,83.947,14.178,146.058,0.1022,1,8.750,-16.678,12.000,0.0589,4.000,-1.400,0.000,0.667,-19.290,14.000,-13.6793,-1.5000,-38.229,-38.229,-4.281,-125.690,1.200,-2.500,0.0050,0.000,nan,0.00,1,1,0,0,0,0.0000,0.000,0,0.000,0,0.000,0,0,search,,SEARCH,1,0,0,0.000,0,-1,0
1785733952.778,83.953,14.161,146.035,0.1021,1,8.750,-16.661,12.000,0.0588,4.000,-1.400,0.000,0.667,-19.290,14.000,-13.6030,-1.5000,-38.153,-38.153,-4.211,-125.906,1.200,-2.500,0.0050,0.000,nan,0.00,1,1,0,0,0,0.0000,0.000,0,0.000,0,0.000,0,0,search,,SEARCH,1,0,0,0.000,0,-1,0
1785733952.818,83.954,14.147,146.026,0.1021,1,8.750,-16.647,12.000,0.0588,4.000,-1.400,0.000,0.667,-19.290,14.000,-13.5518,-1.5000,-38.101,-38.101,-4.175,-126.021,1.200,-2.500,0.0050,0.000,nan,0.00,1,1,0,0,0,0.0000,0.000,0,0.000,0,0.000,0,0,search,,SEARCH,1,0,0,0.000,0,-1,0
1785733952.857,83.961,14.135,146.011,0.1020,1,8.750,-16.635,12.000,0.0587,4.000,-1.400,0.000,0.667,-19.290,14.000,-13.5029,-1.5000,-38.053,-38.053,-4.140,-126.134,1.200,-2.500,0.0050,0.000,nan,0.00,1,1,0,0,0,0.0000,0.000,0,0.000,0,0.000,0,0,search,,SEARCH,1,0,0,0.000,0,-1,0
1785733952.880,83.961,14.135,146.011,0.1020,1,8.750,-16.635,12.000,0.0587,4.000,-1.400,0.000,0.667,-19.290,14.000,-13.5029,-1.5000,-38.053,-38.053,-4.140,-126.134,1.200,-2.500,0.0050,0.000,nan,0.00,1,1,0,0,0,0.0000,0.000,0,0.000,0,0.000,0,0,search,,SEARCH,1,0,0,0.000,0,-1,0
1785733952.920,83.960,14.127,146.001,0.1020,1,8.750,-16.627,12.000,0.0588,4.000,-1.400,0.000,0.667,-19.290,14.000,-13.4667,-1.5000,-38.016,-38.016,-4.105,-126.242,1.200,-2.500,0.0050,0.000,nan,0.00,1,1,0,0,0,0.0000,0.000,0,0.000,0,0.000,0,0,search,,SEARCH,1,0,0,0.000,0,-1,0
1785733952.966,83.981,14.119,145.984,0.1017,1,8.750,-16.619,12.000,0.0586,4.000,-1.400,0.000,0.667,-19.290,14.000,-13.4041,-1.5000,-37.954,-37.954,-4.037,-126.454,1.200,-2.500,0.0050,0.000,nan,0.00,1,1,0,0,0,0.0000,0.000,0,0.000,0,0.000,0,0,search,,SEARCH,1,0,0,0.000,0,-1,0
1785733952.999,83.981,14.119,145.984,0.1017,1,8.750,-16.619,12.000,0.0586,4.000,-1.400,0.000,0.667,-19.290,14.000,-13.4041,-1.5000,-37.954,-37.954,-4.037,-126.454,1.200,-2.500,0.0050,0.000,nan,0.00,1,1,0,0,0,0.0000,0.000,0,0.000,0,0.000,0,0,search,,SEARCH,1,0,0,0.000,0,-1,1
1785733953.036,84.069,14.103,145.957,0.1002,1,8.750,-16.603,12.000,0.0577,4.000,-1.400,0.000,0.667,-19.290,14.000,-13.3031,-1.5000,-37.853,-37.853,-3.963,-126.684,1.200,-2.500,0.0050,0.000,nan,0.00,1,1,0,0,0,0.0000,0.000,0,0.000,0,0.000,0,0,search,,SEARCH,1,0,0,0.000,0,-1,0
1785733953.075,84.075,14.100,145.951,0.1001,1,8.750,-16.600,12.000,0.0576,4.000,-1.400,0.000,0.667,-19.290,14.000,-13.2802,-1.5000,-37.830,-37.830,-3.936,-126.767,1.200,-2.500,0.0050,0.000,nan,0.00,1,1,0,0,0,0.0000,0.000,0,0.000,0,0.000,0,0,search,,SEARCH,1,0,0,0.000,0,-1,0
1785733953.100,84.079,14.101,145.946,0.1001,1,8.750,-16.601,12.000,0.0576,4.000,-1.400,0.000,0.667,-19.290,14.000,-13.2675,-1.5000,-37.817,-37.817,-3.910,-126.845,1.200,-2.500,0.0050,0.000,nan,0.00,1,1,0,0,0,0.0000,0.000,0,0.000,0,0.000,0,0,search,,SEARCH,1,0,0,0.000,0,-1,0
1785733953.130,84.088,14.097,145.939,0.0999,1,8.750,-16.597,12.000,0.0575,4.000,-1.400,0.000,0.667,-19.290,14.000,-13.2366,-1.5000,-37.786,-37.786,-3.877,-126.948,1.200,-2.500,0.0050,0.000,nan,0.00,1,1,0,0,0,0.0000,0.000,0,0.000,0,0.000,0,0,search,,SEARCH,1,0,0,0.000,0,-1,0
1785733953.173,84.088,14.097,145.939,0.0999,1,8.750,-16.597,12.000,0.0575,4.000,-1.400,0.000,0.667,-19.290,14.000,-13.2366,-1.5000,-37.786,-37.786,-3.877,-126.948,1.200,-2.500,0.0050,0.000,nan,0.00,1,1,0,0,0,0.0000,0.000,0,0.000,0,0.000,1,0,search,,SEARCH,1,0,0,0.000,0,-1,1
1785733953.208,84.181,14.087,145.917,0.0983,1,8.750,-16.587,12.000,0.0566,4.000,-1.400,0.000,0.667,-19.290,14.000,-13.1440,-1.5000,-37.694,-37.694,-3.797,-127.190,1.200,-2.500,0.0050,0.000,nan,0.00,1,1,0,0,0,0.0000,0.000,0,0.000,0,0.000,0,0,search,,SEARCH,1,0,0,0.000,0,-1,0
1785733953.245,84.190,14.085,145.912,0.0982,1,8.750,-16.585,12.000,0.0565,4.000,-1.400,0.000,0.667,-19.290,14.000,-13.1160,-1.5000,-37.666,-37.666,-3.764,-127.290,1.200,-2.500,0.0050,0.000,nan,0.00,1,1,0,0,0,0.0000,0.000,0,0.000,0,0.000,2,0,search,,SEARCH,1,0,0,0.000,0,-1,0
1785733953.292,84.196,14.083,145.905,0.0981,1,8.750,-16.583,10.500,0.0565,4.000,1.400,0.000,0.667,19.290,14.000,-13.0924,-1.5000,-37.642,-37.642,-3.730,-127.391,1.200,-2.500,0.0050,0.000,nan,0.00,1,1,0,0,0,0.0000,0.000,0,0.000,0,0.000,0,0,search,,SEARCH,1,0,0,0.000,0,-1,0
1785733953.339,84.198,14.072,145.898,0.0981,1,8.750,-16.572,9.000,0.0565,4.000,1.400,0.000,0.667,19.290,14.000,-13.0454,-1.5000,-37.595,-37.595,-3.694,-127.503,1.200,-2.500,0.0050,0.000,nan,0.00,1,1,0,0,0,0.0000,0.000,0,0.000,0,0.000,0,0,search,,SEARCH,1,0,0,0.000,0,-1,1
1785733953.380,84.269,14.047,145.875,0.0969,1,8.750,-16.547,7.500,0.0558,4.000,1.400,0.000,0.667,19.290,14.000,-12.9329,-1.5000,-37.483,-37.483,-3.627,-127.714,1.200,-2.500,0.0050,0.000,nan,0.00,1,1,0,0,0,0.0000,0.000,0,0.000,0,0.000,0,0,search,,SEARCH,1,0,0,0.000,0,-1,0
1785733953.413,84.269,14.047,145.875,0.0969,1,8.750,-16.547,6.000,0.0558,4.000,1.400,0.000,0.667,19.290,14.000,-12.9329,-1.5000,-37.483,-37.483,-3.627,-127.714,1.200,-2.500,0.0050,0.000,nan,0.00,1,1,0,0,0,0.0000,0.000,0,0.000,0,0.000,0,0,search,,SEARCH,1,0,0,0.000,0,-1,0
1785733953.439,84.269,14.047,145.869,0.0969,1,8.750,-16.547,4.500,0.0558,4.000,1.400,0.000,0.667,19.290,14.000,-12.9150,-1.5000,-37.465,-37.465,-3.594,-127.811,1.200,-2.500,0.0050,0.000,nan,0.00,1,1,0,0,0,0.0000,0.000,0,0.000,0,0.000,0,0,search,,SEARCH,1,0,0,0.000,0,-1,0
1785733953.477,84.274,14.034,145.853,0.0968,1,8.750,-16.534,3.000,0.0557,4.000,1.400,0.000,0.667,19.290,14.000,-12.8649,-1.5000,-37.415,-37.415,-3.559,-127.918,1.200,-2.500,0.0050,0.000,nan,0.00,1,1,0,0,0,0.0000,0.000,0,0.000,0,0.000,2,0,search,,SEARCH,1,0,0,0.000,0,-1,1
1785733953.516,84.296,13.999,145.836,0.0964,1,8.750,-16.499,1.500,0.0555,4.000,1.400,0.000,0.667,19.290,14.000,-12.7437,-1.5000,-37.293,-37.293,-3.492,-128.138,1.200,-2.500,0.0050,0.000,nan,0.00,1,1,0,0,0,0.0000,0.000,0,0.000,0,0.000,0,0,search,,SEARCH,1,0,0,0.000,0,-1,0
1785733953.553,84.296,13.999,145.836,0.0964,1,8.750,-16.499,0.000,0.0555,4.000,1.400,0.000,0.667,19.290,14.000,-12.7437,-1.5000,-37.293,-37.293,-3.492,-128.138,1.200,-2.500,0.0050,0.000,nan,0.00,1,1,0,0,0,0.0000,0.000,0,0.000,0,0.000,2,0,search,,SEARCH,1,0,0,0.000,0,-1,0
1785733953.593,84.431,13.977,145.833,0.0942,1,8.750,-16.477,-1.500,0.0542,4.000,1.400,0.000,0.667,19.290,14.000,-12.6135,-1.5000,-37.163,-37.163,-3.420,-128.367,1.200,-2.500,0.0050,0.000,nan,0.00,1,1,0,0,0,0.0000,0.000,0,0.000,0,0.000,0,0,search,,SEARCH,1,0,0,0.000,0,-1,0
1785733953.629,84.511,13.969,145.832,0.0928,1,8.750,-16.469,-3.000,0.0534,4.000,1.400,0.000,0.667,19.290,14.000,-12.5533,-1.5000,-37.103,-37.103,-3.383,-128.482,1.200,-2.500,0.0050,0.000,nan,0.00,1,1,0,0,0,0.0000,0.000,0,0.000,0,0.000,0,0,search,,SEARCH,1,0,0,0.000,0,-1,0
1785733953.676,84.597,13.961,145.832,0.0914,1,8.750,-16.461,-4.500,0.0526,4.000,1.400,0.000,0.667,19.290,14.000,-12.4890,-1.5000,-37.039,-37.039,-3.345,-128.599,1.200,-2.500,0.0050,0.000,nan,0.00,1,1,0,0,0,0.0000,0.000,0,0.000,0,0.000,1,0,search,,SEARCH,1,0,0,0.000,0,-1,0
1785733953.712,84.684,13.953,145.832,0.0899,1,8.750,-16.453,-6.000,0.0518,4.000,1.400,0.000,0.667,19.290,14.000,-12.4244,-1.5000,-36.974,-36.974,-3.308,-128.713,1.200,-2.500,0.0050,0.000,nan,0.00,1,1,0,0,0,0.0000,0.000,0,0.000,0,0.000,0,0,search,,SEARCH,1,0,0,0.000,0,-1,0
1785733953.760,84.770,13.947,145.831,0.0885,1,8.750,-16.447,-7.500,0.0509,4.000,1.400,0.000,0.667,19.290,14.000,-12.3662,-1.5000,-36.916,-36.916,-3.271,-128.824,1.200,-2.500,0.0050,0.000,nan,0.00,1,1,0,0,0,0.0000,0.000,0,0.000,0,0.000,0,0,search,,SEARCH,1,0,0,0.000,0,-1,0
1785733953.810,84.846,13.938,145.825,0.0872,1,8.750,-16.438,-9.000,0.0502,4.000,1.400,0.000,0.667,19.290,14.000,-12.3045,-1.5000,-36.854,-36.854,-3.236,-128.932,1.200,-2.500,0.0050,0.000,nan,0.00,1,1,0,0,0,0.0000,0.000,0,0.000,0,0.000,0,0,search,,SEARCH,1,0,0,0.000,0,-1,1
1785733953.851,84.929,13.930,145.824,0.0858,1,8.750,-16.430,-10.500,0.0494,4.000,1.400,0.000,0.667,19.290,14.000,-12.2428,-1.5000,-36.792,-36.792,-3.198,-129.045,1.200,-2.500,0.0050,0.000,nan,0.00,1,1,0,0,0,0.0000,0.000,0,0.000,0,0.000,0,0,search,,SEARCH,1,0,0,0.000,0,-1,0
1785733953.891,85.084,13.915,145.817,0.0832,1,8.750,-16.415,-12.000,0.0479,4.000,1.400,0.000,0.667,19.290,14.000,-12.1236,-1.5000,-36.673,-36.673,-3.124,-129.268,1.200,-2.500,0.0050,0.000,nan,0.00,1,1,0,0,0,0.0000,0.000,0,0.000,0,0.000,0,0,search,,SEARCH,1,0,0,0.000,0,-1,0
1785733953.930,85.169,13.907,145.817,0.0817,1,8.750,-16.407,-12.000,0.0471,4.000,1.400,0.000,0.667,19.290,14.000,-12.0596,-1.5000,-36.609,-36.609,-3.083,-129.390,1.200,-2.500,0.0050,0.000,nan,0.00,1,1,0,0,0,0.0000,0.000,0,0.000,0,0.000,0,0,search,,SEARCH,1,0,0,0.000,0,-1,0
1785733953.954,85.169,13.907,145.817,0.0817,1,8.750,-16.407,-12.000,0.0471,4.000,1.400,0.000,0.667,19.290,14.000,-12.0596,-1.5000,-36.609,-36.609,-3.083,-129.390,1.200,-2.500,0.0050,0.000,nan,0.00,1,1,0,0,0,0.0000,0.000,0,0.000,0,0.000,0,0,search,,SEARCH,1,0,0,0.000,0,-1,0
1785733953.999,85.243,13.897,145.809,0.0805,1,8.750,-16.397,-12.000,0.0464,4.000,1.400,0.000,0.667,19.290,14.000,-11.9977,-1.5000,-36.547,-36.547,-3.047,-129.496,1.200,-2.500,0.0050,0.000,nan,0.00,1,1,0,0,0,0.0000,0.000,0,0.000,0,0.000,0,0,search,,SEARCH,1,0,0,0.000,0,-1,1
1785733954.033,85.375,13.884,145.801,0.0783,1,8.750,-16.384,-12.000,0.0451,4.000,1.400,0.000,0.667,19.290,14.000,-11.8938,-1.5000,-36.443,-36.443,-2.980,-129.694,1.200,-2.500,0.0050,0.000,nan,0.00,1,1,0,0,0,0.0000,0.000,0,0.000,0,0.000,0,0,search,,SEARCH,1,0,0,0.000,0,-1,0
1785733954.070,85.438,13.880,145.799,0.0772,1,8.750,-16.380,-12.000,0.0445,4.000,1.400,0.000,0.667,19.290,14.000,-11.8516,-1.5000,-36.401,-36.401,-2.949,-129.783,1.200,-2.500,0.0050,0.000,nan,0.00,1,1,0,0,0,0.0000,0.000,0,0.000,0,0.000,2,0,search,,SEARCH,1,0,0,0.000,0,-1,0
1785733954.095,85.503,13.878,145.797,0.0761,1,8.750,-16.378,-12.000,0.0438,4.000,1.400,0.000,0.667,19.290,14.000,-11.8100,-1.5000,-36.360,-36.360,-2.916,-129.878,1.200,-2.500,0.0050,0.000,nan,0.00,1,1,0,0,0,0.0000,0.000,0,0.000,0,0.000,0,0,search,,SEARCH,1,0,0,0.000,0,-1,0
1785733954.138,85.567,13.871,145.797,0.0750,1,8.750,-16.371,-12.000,0.0432,4.000,1.400,0.000,0.667,19.290,14.000,-11.7606,-1.5000,-36.310,-36.310,-2.885,-129.969,1.200,-2.500,0.0050,0.000,nan,0.00,1,1,0,0,0,0.0000,0.000,0,0.000,0,0.000,0,0,search,,SEARCH,1,0,0,0.000,0,-1,0
1785733954.185,85.643,13.861,145.792,0.0738,1,8.750,-16.361,-12.000,0.0425,4.000,1.400,0.000,0.667,19.290,14.000,-11.6978,-1.5000,-36.247,-36.247,-2.850,-130.073,1.200,-2.500,0.0050,0.000,nan,0.00,1,1,0,0,0,0.0000,0.000,0,0.000,0,0.000,0,0,search,,SEARCH,1,0,0,0.000,0,-1,1
1785733954.227,85.787,13.845,145.782,0.0713,1,8.750,-16.345,-12.000,0.0411,4.000,1.400,0.000,0.667,19.290,14.000,-11.5831,-1.5000,-36.133,-36.133,-2.777,-130.283,1.200,-2.500,0.0050,0.000,nan,0.00,1,1,0,0,0,0.0000,0.000,0,0.000,0,0.000,2,0,search,,SEARCH,1,0,0,0.000,0,-1,0
1785733954.260,85.787,13.845,145.782,0.0713,1,8.750,-16.345,-12.000,0.0411,4.000,1.400,0.000,0.667,19.290,14.000,-11.5831,-1.5000,-36.133,-36.133,-2.777,-130.283,1.200,-2.500,0.0050,0.000,nan,0.00,1,1,0,0,0,0.0000,0.000,0,0.000,0,0.000,1,0,search,,SEARCH,1,0,0,0.000,0,-1,0
1785733954.299,85.933,13.827,145.771,0.0689,1,8.750,-16.327,-12.000,0.0397,4.000,1.400,0.000,0.667,19.290,14.000,-11.4636,-1.5000,-36.013,-36.013,-2.703,-130.497,1.200,-2.500,0.0050,0.000,nan,0.00,1,1,0,0,0,0.0000,0.000,0,0.000,0,0.000,0,0,search,,SEARCH,1,0,0,0.000,0,-1,0
1785733954.335,86.005,13.816,145.765,0.0677,1,8.750,-16.316,-12.000,0.0390,4.000,1.400,0.000,0.667,19.290,14.000,-11.3980,-1.5000,-35.948,-35.948,-2.665,-130.605,1.200,-2.500,0.0050,0.000,nan,0.00,1,1,0,0,0,0.0000,0.000,0,0.000,0,0.000,2,0,search,,SEARCH,1,0,0,0.000,0,-1,0
1785733954.362,86.065,13.808,145.759,0.0666,1,8.750,-16.308,-12.000,0.0384,4.000,1.400,0.000,0.667,19.290,14.000,-11.3481,-1.5000,-35.898,-35.898,-2.635,-130.691,1.200,-2.500,0.0050,0.000,nan,0.00,1,1,0,0,0,0.0000,0.000,0,0.000,0,0.000,0,0,search,,SEARCH,1,0,0,0.000,0,-1,0
1785733954.393,86.130,13.803,145.758,0.0655,1,8.750,-16.303,-12.000,0.0377,4.000,1.400,0.000,0.667,19.290,14.000,-11.3015,-1.5000,-35.851,-35.851,-2.600,-130.788,1.200,-2.500,0.0050,0.000,nan,0.00,1,1,0,0,0,0.0000,0.000,0,0.000,0,0.000,0,0,search,,SEARCH,1,0,0,0.000,0,-1,0
1785733954.434,86.203,13.794,145.752,0.0643,1,8.750,-16.294,-12.000,0.0370,4.000,1.400,0.000,0.667,19.290,14.000,-11.2417,-1.5000,-35.791,-35.791,-2.564,-130.891,1.200,-2.500,0.0050,0.000,nan,0.00,1,1,0,0,0,0.0000,0.000,0,0.000,0,0.000,0,0,search,,SEARCH,1,0,0,0.000,0,-1,0
1785733954.479,86.275,13.784,145.746,0.0631,1,8.750,-16.284,-12.000,0.0363,4.000,1.400,0.000,0.667,19.290,14.000,-11.1814,-1.5000,-35.731,-35.731,-2.528,-130.993,1.200,-2.500,0.0050,0.000,nan,0.00,1,1,0,0,0,0.0000,0.000,0,0.000,0,0.000,0,0,search,,SEARCH,1,0,0,0.000,0,-1,0
1785733954.528,86.352,13.773,145.740,0.0618,1,8.750,-16.273,-12.000,0.0356,4.000,1.400,0.000,0.667,19.290,14.000,-11.1166,-1.5000,-35.666,-35.666,-2.491,-131.099,1.200,-2.500,0.0050,0.000,nan,0.00,1,1,0,0,0,0.0000,0.000,0,0.000,0,0.000,0,0,search,,SEARCH,1,0,0,0.000,0,-1,0
1785733954.574,86.500,13.755,145.728,0.0593,1,8.750,-16.255,-12.000,0.0341,4.000,1.400,0.000,0.667,19.290,14.000,-10.9962,-1.5000,-35.546,-35.546,-2.415,-131.310,1.200,-2.500,0.0050,0.000,nan,0.00,1,1,0,0,0,0.0000,0.000,0,0.000,0,0.000,2,0,search,,SEARCH,1,0,0,0.000,0,-1,0
1785733954.613,86.577,13.745,145.722,0.0580,1,8.750,-16.245,-12.000,0.0334,4.000,1.400,0.000,0.667,19.290,14.000,-10.9334,-1.5000,-35.483,-35.483,-2.377,-131.417,1.200,-2.500,0.0050,0.000,nan,0.00,1,1,0,0,0,0.0000,0.000,0,0.000,0,0.000,0,0,search,,SEARCH,1,0,0,0.000,0,-1,0
1785733954.643,86.649,13.738,145.718,0.0568,1,8.750,-16.238,-12.000,0.0327,4.000,1.400,0.000,0.667,19.290,14.000,-10.8767,-1.5000,-35.426,-35.426,-2.338,-131.522,1.200,-2.500,0.0050,0.000,nan,0.00,1,1,0,0,0,0.0000,0.000,0,0.000,0,0.000,0,0,search,,SEARCH,1,0,0,0.000,0,-1,0
1785733954.681,86.721,13.726,145.712,0.0556,1,8.750,-16.226,-12.000,0.0320,4.000,1.400,0.000,0.667,19.290,14.000,-10.8112,-1.5000,-35.361,-35.361,-2.300,-131.630,1.200,-2.500,0.0050,0.000,nan,0.00,1,1,0,0,0,0.0000,0.000,0,0.000,0,0.000,0,0,search,,SEARCH,1,0,0,0.000,0,-1,0
1785733954.708,86.790,13.717,145.706,0.0544,1,8.750,-16.217,-12.000,0.0313,4.000,1.400,0.000,0.667,19.290,14.000,-10.7529,-1.5000,-35.302,-35.302,-2.262,-131.731,1.200,-2.500,0.0050,0.000,nan,0.00,1,1,0,0,0,0.0000,0.000,0,0.000,0,0.000,0,0,search,,SEARCH,1,0,0,0.000,0,-1,0
1785733954.746,86.864,13.707,145.700,0.0531,1,8.750,-16.207,-12.000,0.0306,4.000,1.400,0.000,0.667,19.290,14.000,-10.6911,-1.5000,-35.241,-35.241,-2.224,-131.834,1.200,-2.500,0.0050,0.000,nan,0.00,1,1,0,0,0,0.0000,0.000,0,0.000,0,0.000,0,0,search,,SEARCH,1,0,0,0.000,0,-1,0
1785733954.787,86.936,13.695,145.693,0.0519,1,8.750,-16.195,-12.000,0.0299,4.000,1.400,0.000,0.667,19.290,14.000,-10.6241,-1.5000,-35.174,-35.174,-2.185,-131.941,1.200,-2.500,0.0050,0.000,nan,0.00,1,1,0,0,0,0.0000,0.000,0,0.000,0,0.000,0,0,search,,SEARCH,1,0,0,0.000,0,-1,0
1785733954.826,86.999,13.691,145.692,0.0509,1,8.750,-16.191,-12.000,0.0293,4.000,1.400,0.000,0.667,19.290,14.000,-10.5785,-1.5000,-35.128,-35.128,-2.149,-132.034,1.200,-2.500,0.0050,0.000,nan,0.00,1,1,0,0,0,0.0000,0.000,0,0.000,0,0.000,0,0,search,,SEARCH,1,0,0,0.000,0,-1,0
1785733954.866,87.126,13.681,145.684,0.0487,1,8.750,-16.181,-12.000,0.0280,4.000,1.400,0.000,0.667,19.290,14.000,-10.4870,-1.5000,-35.037,-35.037,-2.078,-132.220,1.200,-2.500,0.0050,0.000,nan,0.00,1,1,0,0,0,0.0000,0.000,0,0.000,0,0.000,0,0,search,,SEARCH,1,0,0,0.000,0,-1,0
1785733954.904,87.189,13.678,145.682,0.0477,1,8.750,-16.178,-12.000,0.0274,4.000,1.400,0.000,0.667,19.290,14.000,-10.4455,-1.5000,-34.995,-34.995,-2.043,-132.311,1.200,-2.500,0.0050,0.000,nan,0.00,1,1,0,0,0,0.0000,0.000,0,0.000,0,0.000,0,0,search,,SEARCH,1,0,0,0.000,0,-1,0
1785733954.943,87.261,13.669,145.674,0.0464,1,8.750,-16.169,-12.000,0.0267,4.000,1.400,0.000,0.667,19.290,14.000,-10.3861,-1.5000,-34.936,-34.936,-2.005,-132.413,1.200,-2.500,0.0050,0.000,nan,0.00,1,1,0,0,0,0.0000,0.000,0,0.000,0,0.000,0,0,search,,SEARCH,1,0,0,0.000,0,-1,0
1785733954.983,87.336,13.659,145.667,0.0452,1,8.750,-16.159,-12.000,0.0260,4.000,1.400,0.000,0.667,19.290,14.000,-10.3238,-1.5000,-34.873,-34.873,-1.966,-132.518,1.200,-2.500,0.0050,0.000,nan,0.00,1,1,0,0,0,0.0000,0.000,0,0.000,0,0.000,0,0,search,,SEARCH,1,0,0,0.000,0,-1,0
1785733955.021,87.394,13.653,145.662,0.0442,1,8.750,-16.153,-10.500,0.0254,4.000,-1.400,0.000,0.667,-19.290,14.000,-10.2786,-1.5000,-34.828,-34.828,-1.931,-132.608,1.200,-2.500,0.0050,0.000,nan,0.00,1,1,0,0,0,0.0000,0.000,0,0.000,0,0.000,0,0,search,,SEARCH,1,0,0,0.000,0,-1,0
1785733955.061,87.464,13.644,145.653,0.0430,1,8.750,-16.144,-9.000,0.0248,4.000,-1.400,0.000,0.667,-19.290,14.000,-10.2197,-1.5000,-34.769,-34.769,-1.892,-132.710,1.200,-2.500,0.0050,0.000,nan,0.00,1,1,0,0,0,0.0000,0.000,0,0.000,0,0.000,0,0,search,,SEARCH,1,0,0,0.000,0,-1,1
1785733955.101,87.603,13.623,145.637,0.0406,1,8.750,-16.123,-7.500,0.0234,4.000,-1.400,0.000,0.667,-19.290,14.000,-10.0969,-1.5000,-34.646,-34.646,-1.814,-132.916,1.200,-2.500,0.0050,0.000,nan,0.00,1,1,0,0,0,0.0000,0.000,0,0.000,0,0.000,0,0,search,,SEARCH,1,0,0,0.000,0,-1,0
1785733955.138,87.603,13.623,145.637,0.0406,1,8.750,-16.123,-6.000,0.0234,4.000,-1.400,0.000,0.667,-19.290,14.000,-10.0969,-1.5000,-34.646,-34.646,-1.814,-132.916,1.200,-2.500,0.0050,0.000,nan,0.00,1,1,0,0,0,0.0000,0.000,0,0.000,0,0.000,0,0,search,,SEARCH,1,0,0,0.000,0,-1,0
1785733955.182,87.762,13.608,145.632,0.0380,1,8.750,-16.108,-4.500,0.0219,4.000,-1.400,0.000,0.667,-19.290,14.000,-9.9803,-1.5000,-34.530,-34.530,-1.731,-133.129,1.200,-2.500,0.0050,0.000,nan,0.00,1,1,0,0,0,0.0000,0.000,0,0.000,0,0.000,0,0,search,,SEARCH,1,0,0,0.000,0,-1,0
