t,roll,pitch,yaw,up,upset,cmd_roll_deg,cmd_pitch_deg,cmd_yaw_deg,thrust,bx,by,bz,blend,bearing_deg,desired_roll,d_lat,d_vert,vY_imu,vY_fused,vD,vX,v_target,pitch_des,elev_i,elev_err,agl,turn_ff,reliable,vision_valid,elev_fresh,is_new_d,bl_found,bl_hdg,bl_conf,bl_hdg_valid,bl_span,bl_paired,bl_cy,bl_gap,src_switch,source,infer_ms,mode,gate,gate_id,peek_side,peek_strength,peek_active,occ_gap,collision
1785623919.150,0.000,-17.800,0.000,0.9521,0,-2.726,15.800,-2.599,0.2595,7.685,0.146,-1.669,1.000,1.091,2.726,-0.0000,-0.0000,0.000,0.000,0.000,-0.000,1.690,-2.000,0.0059,0.760,nan,1.51,1,1,1,1,1,0.0527,1.000,1,0.526,8,-0.000,0,0,yolo,111.8,yolo,0,0,0,0.000,0,-1,0
1785623919.178,-0.003,-17.455,0.005,0.9540,0,-4.226,15.455,-3.684,0.2762,7.724,0.158,-1.679,1.000,1.170,5.066,-0.3210,1.3573,-0.000,-0.048,-0.020,0.017,1.735,-2.000,0.0059,0.715,nan,2.51,1,1,1,1,1,0.0877,1.000,1,0.368,6,0.114,0,0,yolo,127.4,yolo,0,0,0,0.000,0,-1,0
1785623919.217,-0.003,-17.455,0.005,0.9540,0,-2.726,15.455,-3.684,0.2595,7.724,0.158,-1.679,1.000,1.170,2.686,0.0481,-0.0201,-0.000,-0.000,-0.020,0.017,1.735,-2.000,0.0058,0.715,nan,2.51,1,1,1,0,1,0.0877,1.000,1,0.368,6,0.114,0,0,yolo,127.4,yolo,0,0,0,0.000,0,-1,0
1785623919.251,0.049,-14.777,0.217,0.9669,0,-2.632,13.955,-4.437,0.2664,7.724,0.158,-1.679,1.000,1.170,2.681,0.0484,-0.0384,0.000,0.000,-0.038,0.041,2.103,-2.000,0.0057,0.347,nan,3.27,1,1,1,0,1,0.1141,1.000,1,0.368,6,0.114,3,0,yolo,127.4,yolo,0,0,0,0.000,0,-1,0
1785623919.277,0.049,-14.777,0.217,0.9669,0,-2.632,12.777,-5.068,0.2664,7.724,0.158,-1.679,1.000,1.170,2.681,0.0484,-0.0384,0.000,0.000,-0.038,0.041,2.103,-2.000,0.0057,0.347,nan,3.90,1,1,1,0,1,0.1361,1.000,1,0.370,6,0.117,0,0,yolo,127.4,yolo,0,0,0,0.000,0,-1,0
1785623919.308,0.484,-12.573,0.967,0.9760,0,-1.132,11.277,-4.588,0.2831,8.093,0.031,-1.779,1.000,0.217,-4.968,1.3464,2.0000,0.004,-0.115,-0.048,0.070,2.200,-2.000,0.0057,0.026,nan,4.37,1,1,1,1,1,0.1526,1.000,1,0.370,6,0.117,0,0,yolo,116.7,yolo,0,0,0,0.000,0,-1,0
1785623919.339,0.484,-12.573,0.967,0.9760,0,0.368,10.573,-3.768,0.2734,8.093,0.031,-1.779,1.000,0.217,-0.101,0.1194,-0.0476,0.004,0.004,-0.048,0.070,2.200,-2.000,0.0057,0.026,nan,3.55,1,1,1,0,1,0.1240,1.000,1,0.521,8,0.098,0,0,yolo,116.7,yolo,0,0,0,0.000,0,-1,0
1785623919.370,0.552,-10.874,1.531,0.9820,0,0.738,9.073,-3.154,0.2785,8.093,0.031,-1.779,1.000,0.217,-0.185,0.1248,-0.0625,0.010,0.010,-0.063,0.100,2.200,-2.000,0.0057,-0.220,nan,2.94,1,1,1,0,1,0.1025,1.000,1,0.521,8,0.098,0,0,yolo,116.7,yolo,0,0,0,0.000,0,-1,0
1785623919.409,0.436,-9.558,1.881,0.9861,0,-0.762,7.573,-2.872,0.2952,8.526,0.042,-2.423,1.000,0.284,1.889,-0.0744,2.0000,0.014,-0.080,-0.086,0.146,1.477,-2.000,0.0058,-0.973,nan,2.59,1,1,1,1,1,0.0903,1.000,1,0.525,8,0.100,0,0,yolo,115.4,yolo,0,0,0,0.000,0,-1,0
1785623919.447,0.436,-9.558,1.881,0.9861,0,0.341,7.558,-2.610,0.2994,8.526,0.042,-2.423,1.000,0.284,0.095,0.0943,-0.0855,0.014,0.014,-0.086,0.146,1.477,-2.000,0.0059,-0.973,nan,2.33,1,1,1,0,1,0.0812,1.000,1,0.525,8,0.100,0,0,yolo,115.4,yolo,0,0,0,0.000,0,-1,0
1785623919.478,0.575,-8.279,2.267,0.9895,0,0.572,6.279,-2.420,0.3027,8.526,0.042,-2.423,1.000,0.284,0.002,0.1004,-0.1213,0.020,0.020,-0.121,0.211,1.280,-2.000,0.0059,-1.170,nan,2.14,1,1,1,0,1,0.0746,1.000,1,0.441,7,0.173,0,0,yolo,115.4,yolo,0,0,0,0.000,0,-1,0
1785623919.509,0.476,-7.288,2.573,0.9919,0,0.550,5.288,-2.420,0.3042,8.526,0.042,-2.423,1.000,0.284,-0.074,0.1055,-0.1745,0.025,0.025,-0.175,0.271,1.200,-2.000,0.0059,-1.322,nan,2.14,1,1,1,0,1,0.0746,1.000,1,0.441,7,0.173,0,0,yolo,115.4,yolo,0,0,0,0.000,0,-1,0
1785623919.547,0.476,-7.288,2.573,0.9919,0,-0.802,5.288,-1.837,0.3209,8.566,0.045,-2.647,1.000,0.301,1.278,-0.0154,1.2984,0.025,-0.045,-0.175,0.271,1.200,-2.000,0.0059,-1.538,nan,1.54,1,1,1,1,1,0.0536,1.000,1,0.434,7,0.206,0,0,yolo,116.6,yolo,0,0,0,0.000,0,-1,0
1785623919.586,0.617,-6.451,2.795,0.9936,0,0.548,4.451,-1.493,0.3100,8.566,0.045,-2.647,1.000,0.301,0.069,0.0753,-0.2641,0.031,0.031,-0.264,0.326,1.200,-2.000,0.0059,-1.667,nan,1.19,1,1,1,0,1,0.0416,1.000,1,0.434,7,0.206,0,0,yolo,116.6,yolo,0,0,0,0.000,0,-1,0
1785623919.617,0.617,-6.451,2.795,0.9936,0,0.548,4.451,-1.515,0.3100,8.566,0.045,-2.647,1.000,0.301,0.069,0.0753,-0.2641,0.031,0.031,-0.264,0.326,1.200,-2.000,0.0059,-1.667,nan,1.21,1,1,1,0,1,0.0424,1.000,1,0.377,6,0.235,0,0,yolo,116.6,yolo,0,0,0,0.000,0,-1,0
1785623919.645,0.527,-5.765,2.976,0.9949,0,2.048,3.765,-0.960,0.3267,9.000,-0.040,-2.637,1.000,-0.254,-8.055,1.3080,0.8016,0.035,0.092,-0.374,0.374,1.200,-2.000,0.0059,-1.720,nan,1.21,1,1,1,1,1,0.0424,1.000,1,0.377,6,0.235,0,0,yolo,112.8,yolo,0,0,0,0.000,0,-1,0
1785623919.687,0.388,-5.103,3.147,0.9960,0,1.134,3.103,-1.727,0.3100,9.000,-0.040,-2.637,1.000,-0.254,-0.746,-0.0529,-0.5091,0.039,0.039,-0.509,0.420,1.200,-2.000,0.0059,-1.826,nan,1.98,1,1,1,0,1,0.0692,0.929,1,0.430,6,0.247,0,0,yolo,112.8,yolo,0,0,0,0.000,0,-1,0
1785623919.726,0.381,-5.088,3.150,0.9960,0,1.129,3.088,-2.289,0.3029,9.000,-0.040,-2.637,1.000,-0.254,-0.748,-0.0527,-0.5130,0.039,0.039,-0.513,0.421,1.200,-2.000,0.0059,-1.829,nan,2.54,1,1,1,0,1,0.0888,0.929,1,0.430,6,0.247,0,0,yolo,112.8,yolo,0,0,0,0.000,0,-1,0
1785623919.756,0.231,-4.592,3.473,0.9968,0,2.629,2.592,-1.391,0.2864,9.417,-0.146,-2.483,1.000,-0.889,-6.647,0.7826,-0.8032,0.040,0.056,-0.667,0.465,1.200,-2.000,0.0059,-1.722,nan,2.28,1,1,1,1,1,0.0796,1.000,1,0.358,6,0.289,0,0,yolo,111.3,yolo,0,0,0,0.000,0,-1,0
1785623919.791,0.231,-4.592,3.473,0.9968,0,2.738,2.592,-1.194,0.2925,9.417,-0.146,-2.483,1.000,-0.889,-2.508,-0.0160,-0.6673,0.040,0.040,-0.667,0.465,1.200,-2.000,0.0059,-1.722,nan,2.08,1,1,1,0,1,0.0727,1.000,1,0.358,6,0.289,0,0,yolo,111.3,yolo,0,0,0,0.000,0,-1,0
1785623919.819,-0.131,-4.214,3.639,0.9973,0,2.387,2.214,-1.194,0.2894,9.417,-0.146,-2.483,1.000,-0.889,-2.518,-0.0153,-0.7741,0.041,0.041,-0.774,0.503,1.200,-2.000,0.0059,-1.784,nan,2.08,1,1,1,0,1,0.0727,1.000,1,0.358,6,0.289,0,0,yolo,111.3,yolo,0,0,0,0.000,0,-1,0
1785623919.858,-0.131,-4.214,3.639,0.9973,0,3.887,2.214,-0.481,0.2727,9.758,-0.248,-2.297,1.000,-1.455,-12.490,1.4452,-2.0000,0.041,0.185,-0.774,0.503,1.200,-2.000,0.0059,-1.573,nan,1.94,1,1,1,1,1,0.0676,1.000,1,0.358,6,0.289,1,0,yolo,112.7,yolo,0,0,0,0.000,0,-1,0
1785623919.896,-0.438,-3.873,3.760,0.9977,0,2.802,1.873,-0.248,0.2806,9.758,-0.248,-2.297,1.000,-1.455,-3.239,-0.1468,-0.8634,0.038,0.038,-0.863,0.539,1.200,-2.000,0.0059,-1.631,nan,1.70,1,1,1,0,1,0.0594,0.917,1,0.357,5,0.203,0,0,yolo,112.7,yolo,0,0,0,0.000,0,-1,0
1785623919.928,-0.824,-3.580,3.790,0.9979,0,2.353,1.580,-0.828,0.2793,9.758,-0.248,-2.297,1.000,-1.455,-3.177,-0.1512,-0.9230,0.034,0.034,-0.923,0.573,1.200,-2.000,0.0059,-1.679,nan,2.28,1,1,1,0,1,0.0797,1.000,1,0.297,5,0.504,0,0,yolo,112.7,yolo,0,0,0,0.000,0,-1,0
1785623919.965,-0.824,-3.580,3.790,0.9979,0,2.353,1.580,-1.764,0.2793,9.758,-0.248,-2.297,1.000,-1.455,-3.177,-0.1512,-0.9230,0.034,0.034,-0.923,0.573,1.200,-2.000,0.0059,-1.679,nan,3.22,1,1,1,0,1,0.1124,1.000,1,0.291,5,0.531,0,0,yolo,112.7,yolo,0,0,0,0.000,0,-1,0
1785623920.005,-1.388,-3.143,4.062,0.9982,0,3.853,1.143,-2.141,0.2627,9.988,-0.348,-2.005,1.000,-1.993,-8.620,0.5624,-1.4057,0.015,0.096,-0.959,0.626,1.200,-2.000,0.0059,-1.445,nan,4.13,1,1,1,1,1,0.1443,1.000,1,0.274,5,0.618,0,0,yolo,123.9,yolo,0,0,0,0.000,0,-1,0
1785623920.036,-1.388,-3.143,4.062,0.9982,0,3.318,1.143,-2.827,0.2706,9.988,-0.348,-2.005,1.000,-1.993,-4.706,-0.0811,-0.9588,0.015,0.015,-0.959,0.626,1.200,-2.000,0.0059,-1.445,nan,4.82,1,1,1,0,1,0.1682,1.000,1,0.274,5,0.618,0,0,yolo,123.9,yolo,0,0,0,0.000,0,-1,0
1785623920.073,-1.835,-2.974,4.400,0.9981,0,2.668,0.974,-4.327,0.2708,9.988,-0.348,-2.005,1.000,-1.993,-4.503,-0.0960,-0.9725,0.000,0.000,-0.973,0.651,1.200,-2.000,0.0059,-1.472,nan,6.58,1,1,1,0,1,0.2296,0.900,1,0.281,4,0.727,0,0,yolo,123.9,yolo,0,0,0,0.000,0,-1,0
1785623920.104,-1.835,-2.974,4.400,0.9981,0,4.168,0.974,-4.057,0.2643,10.144,-0.447,-1.945,1.000,-2.521,-14.000,1.4019,-1.0688,0.000,0.102,-0.973,0.651,1.200,-2.000,0.0059,-1.400,nan,6.58,1,1,1,1,1,0.2296,0.900,1,0.281,4,0.727,0,0,yolo,116.9,yolo,0,0,0,0.000,0,-1,0
1785623920.127,-2.159,-2.825,4.873,0.9981,0,3.359,0.825,-5.376,0.2692,10.144,-0.447,-1.945,1.000,-2.521,-5.518,-0.1226,-0.9770,-0.020,-0.020,-0.977,0.673,1.200,-2.000,0.0059,-1.424,nan,7.90,1,1,1,0,1,0.2756,0.900,1,0.281,4,0.727,0,0,yolo,116.9,yolo,0,0,0,0.000,0,-1,0
1785623920.159,-2.159,-2.825,4.873,0.9981,0,3.359,0.825,-5.479,0.2692,10.144,-0.447,-1.945,1.000,-2.521,-5.518,-0.1226,-0.9770,-0.020,-0.020,-0.977,0.673,1.200,-2.000,0.0059,-1.424,nan,8.00,1,1,1,0,1,0.3160,0.900,1,0.290,4,0.692,0,0,yolo,116.9,yolo,0,0,0,0.000,0,-1,0
1785623920.186,-2.638,-2.676,5.530,0.9979,0,2.527,0.676,-5.479,0.2698,10.144,-0.447,-1.945,1.000,-2.521,-5.164,-0.1489,-0.9796,-0.046,-0.046,-0.980,0.694,1.200,-2.000,0.0059,-1.446,nan,8.00,1,1,1,0,1,0.3463,0.900,1,0.290,4,0.692,0,0,yolo,116.9,yolo,0,0,0,0.000,0,-1,0
1785623920.227,-2.963,-2.550,6.144,0.9977,0,4.027,0.550,-3.979,0.2531,9.476,-0.438,-1.495,1.000,-2.644,-7.477,0.1532,-2.0000,-0.077,0.011,-0.979,0.714,1.403,-2.000,0.0059,-1.047,nan,0.00,1,1,1,1,1,0.0000,0.978,0,0.236,4,0.775,0,0,yolo,121.9,yolo,0,0,0,0.000,0,-1,0
1785623920.264,-2.963,-2.550,6.144,0.9977,0,2.527,0.550,-2.479,0.2579,9.476,-0.438,-1.495,1.000,-2.644,-5.475,-0.0879,-0.9790,-0.077,-0.077,-0.979,0.714,1.403,-2.000,0.0059,-1.047,nan,0.00,1,1,1,0,1,0.0000,0.978,0,0.236,4,0.775,0,0,yolo,121.9,yolo,0,0,0,0.000,0,-1,0
1785623920.296,-3.372,-2.389,6.899,0.9974,0,1.521,0.389,-0.979,0.2590,9.476,-0.438,-1.495,1.000,-2.644,-4.892,-0.1294,-0.9721,-0.118,-0.118,-0.972,0.735,1.380,-2.000,0.0059,-1.070,nan,0.00,1,1,1,0,1,0.0000,0.960,0,0.225,4,0.796,0,0,yolo,121.9,yolo,0,0,0,0.000,0,-1,0
1785623920.328,-3.372,-2.389,6.899,0.9974,0,3.021,0.389,0.521,0.2423,9.629,-0.538,-1.249,1.000,-3.199,-11.328,0.6991,-1.9320,-0.118,-0.019,-0.972,0.735,1.637,-2.000,0.0060,-0.813,nan,0.00,1,1,1,1,1,0.0000,0.960,0,0.225,4,0.796,0,0,yolo,111.7,yolo,0,0,0,0.000,0,-1,0
1785623920.362,-3.557,-2.327,6.986,0.9973,0,2.456,0.327,2.021,0.2526,9.629,-0.538,-1.249,1.000,-3.199,-6.013,-0.1309,-0.9516,-0.149,-0.149,-0.952,0.752,1.629,-2.000,0.0061,-0.821,nan,0.00,1,1,1,0,1,0.0000,0.960,0,0.225,4,0.796,1,0,yolo,111.7,yolo,0,0,0,0.000,0,-1,0
1785623920.389,-3.792,-2.268,7.025,0.9970,0,1.767,0.268,3.199,0.2543,9.629,-0.538,-1.249,1.000,-3.199,-5.559,-0.1635,-0.9213,-0.182,-0.182,-0.921,0.769,1.621,-2.000,0.0062,-0.829,nan,0.00,1,1,1,0,1,0.0000,0.945,0,0.216,4,0.765,0,0,yolo,111.7,yolo,0,0,0,0.000,0,-1,0
1785623920.425,-3.796,-2.267,7.022,0.9970,0,1.759,0.267,3.199,0.2544,9.629,-0.538,-1.249,1.000,-3.199,-5.555,-0.1638,-0.9208,-0.182,-0.182,-0.921,0.770,1.621,-2.000,0.0063,-0.829,nan,0.00,1,1,1,0,1,0.0000,0.945,0,0.216,4,0.765,2,0,yolo,111.7,yolo,0,0,0,0.000,0,-1,0
1785623920.466,-4.000,-2.255,6.600,0.9968,0,3.259,0.255,3.885,0.2536,9.774,-0.664,-1.175,1.000,-3.885,-14.000,1.1711,-0.8831,-0.211,0.083,-0.868,0.788,1.710,-2.000,0.0063,-0.740,nan,0.00,1,1,1,1,1,0.0000,0.946,0,0.216,4,0.753,0,0,yolo,120.8,yolo,0,0,0,0.000,0,-1,0
1785623920.498,-4.415,-2.250,6.164,0.9963,0,1.759,0.250,3.885,0.2565,9.774,-0.664,-1.175,1.000,-3.885,-6.016,-0.3216,-0.8206,-0.238,-0.238,-0.821,0.805,1.714,-2.000,0.0064,-0.736,nan,0.00,1,1,1,0,1,0.0000,0.946,0,0.216,4,0.753,2,0,yolo,120.8,yolo,0,0,0,0.000,0,-1,0
1785623920.532,-4.415,-2.250,6.164,0.9963,0,1.601,0.250,3.885,0.2566,9.774,-0.664,-1.175,1.000,-3.885,-6.016,-0.3216,-0.8206,-0.238,-0.238,-0.821,0.805,1.714,-2.000,0.0065,-0.736,nan,0.00,1,1,1,0,1,0.0000,0.952,0,0.220,4,0.704,1,0,yolo,120.8,yolo,0,0,0,0.000,0,-1,0
1785623920.579,-4.573,-2.249,5.706,0.9960,0,3.101,0.249,4.570,0.2732,9.752,-0.780,-1.211,1.000,-4.570,-14.000,0.6997,0.1540,-0.272,0.071,-0.773,0.823,1.689,-2.000,0.0065,-0.761,nan,0.00,1,1,1,1,1,0.0000,0.933,0,0.208,4,0.659,0,0,yolo,119.4,yolo,0,0,0,0.000,0,-1,0
1785623920.621,-4.983,-2.258,5.176,0.9954,0,1.896,0.258,4.570,0.2612,9.752,-0.780,-1.211,1.000,-4.570,-6.879,-0.3751,-0.7372,-0.305,-0.305,-0.737,0.842,1.696,-2.000,0.0066,-0.754,nan,0.00,1,1,1,0,1,0.0000,0.933,0,0.208,4,0.659,0,0,yolo,119.4,yolo,0,0,0,0.000,0,-1,0
1785623920.652,-4.983,-2.258,5.176,0.9954,0,1.896,0.258,4.570,0.2613,9.752,-0.780,-1.211,1.000,-4.570,-6.879,-0.3751,-0.7372,-0.305,-0.305,-0.737,0.842,1.696,-2.000,0.0067,-0.754,nan,0.00,1,1,1,0,1,0.0000,0.824,0,0.213,3,0.673,0,0,yolo,119.4,yolo,0,0,0,0.000,0,-1,0
1785623920.683,-5.197,-2.270,4.606,0.9951,0,3.396,0.270,4.904,0.2447,9.651,-0.828,-0.919,1.000,-4.904,-14.000,1.6836,-2.0000,-0.345,0.149,-0.708,0.862,1.992,-2.000,0.0067,-0.458,nan,0.00,1,1,1,1,1,0.0000,0.824,0,0.213,3,0.673,0,0,yolo,116.2,yolo,0,0,0,0.000,0,-1,0
1785623920.714,-5.425,-2.285,4.033,0.9947,0,1.896,0.285,4.904,0.2550,9.651,-0.828,-0.919,1.000,-4.904,-6.159,-0.5352,-0.6815,-0.387,-0.387,-0.681,0.882,1.999,-2.000,0.0068,-0.451,nan,0.00,1,1,1,0,1,0.0000,0.811,0,0.204,3,0.690,0,0,yolo,116.2,yolo,0,0,0,0.000,0,-1,0
1785623920.745,-5.425,-2.285,4.033,0.9947,0,0.734,0.285,4.904,0.2551,9.651,-0.828,-0.919,1.000,-4.904,-6.159,-0.5352,-0.6815,-0.387,-0.387,-0.681,0.882,1.999,-2.000,0.0068,-0.451,nan,0.00,1,1,1,0,1,0.0000,0.811,0,0.204,3,0.690,0,0,yolo,116.2,yolo,0,0,0,0.000,0,-1,0
1785623920.783,-5.455,-2.301,3.458,0.9947,0,0.136,0.301,4.904,0.2568,9.651,-0.828,-0.919,1.000,-4.904,-5.591,-0.5761,-0.6415,-0.428,-0.428,-0.642,0.902,2.002,-2.000,0.0069,-0.448,nan,0.00,1,1,1,0,1,0.0000,0.928,0,0.205,4,0.701,0,0,yolo,116.2,yolo,0,0,0,0.000,0,-1,0
1785623920.823,-5.477,-2.314,2.951,0.9946,0,1.636,0.314,4.907,0.2402,9.573,-0.822,-0.704,1.000,-4.907,-11.820,0.0037,-1.2752,-0.464,-0.052,-0.599,0.920,2.200,-2.000,0.0069,-0.236,nan,0.00,1,1,1,1,1,0.0000,0.928,0,0.205,4,0.701,0,0,yolo,114.7,yolo,0,0,0,0.000,0,-1,0
1785623920.859,-5.477,-2.314,2.951,0.9946,0,0.592,0.314,4.907,0.2524,9.573,-0.822,-0.704,1.000,-4.907,-6.069,-0.4114,-0.5993,-0.464,-0.464,-0.599,0.920,2.200,-2.000,0.0069,-0.236,nan,0.00,1,1,1,0,1,0.0000,0.814,0,0.206,3,0.717,0,0,yolo,114.7,yolo,0,0,0,0.000,0,-1,0
1785623920.884,-5.689,-2.328,2.395,0.9943,0,-0.162,0.328,4.907,0.2553,9.573,-0.822,-0.704,1.000,-4.907,-5.527,-0.4502,-0.5339,-0.503,-0.503,-0.534,0.940,2.200,-2.000,0.0070,-0.230,nan,0.00,1,1,1,0,1,0.0000,0.814,0,0.206,3,0.717,0,0,yolo,114.7,yolo,0,0,0,0.000,0,-1,0
1785623920.920,-5.624,-2.340,1.852,0.9944,0,-0.655,0.340,4.907,0.2575,9.573,-0.822,-0.704,1.000,-4.907,-4.969,-0.4902,-0.4846,-0.543,-0.543,-0.485,0.960,2.200,-2.000,0.0070,-0.229,nan,0.00,1,1,1,0,1,0.0000,0.814,0,0.206,3,0.717,2,0,yolo,114.7,yolo,0,0,0,0.000,0,-1,0
1785623920.962,-5.624,-2.340,1.852,0.9944,0,-1.009,0.340,4.328,0.2408,9.471,-0.717,-0.536,1.000,-4.328,-4.615,-0.7183,-1.1505,-0.543,-0.289,-0.485,0.960,2.200,-2.000,0.0070,-0.076,nan,0.00,1,1,1,1,1,0.0000,0.809,0,0.203,3,0.714,0,0,yolo,133.0,yolo,0,0,0,0.000,0,-1,0
1785623921.000,-5.527,-2.351,1.282,0.9945,0,-1.455,0.351,4.328,0.2551,9.471,-0.717,-0.536,1.000,-4.328,-4.072,-0.2943,-0.4350,-0.583,-0.583,-0.435,0.981,2.200,-2.000,0.0070,-0.075,nan,0.00,1,1,1,0,1,0.0000,0.692,0,0.202,2,0.694,0,0,yolo,133.0,yolo,0,0,0,0.000,0,-1,0
1785623921.040,-5.323,-2.352,0.792,0.9948,0,-1.817,0.352,4.328,0.2572,9.471,-0.717,-0.536,1.000,-4.328,-3.506,-0.3345,-0.3870,-0.624,-0.624,-0.387,1.001,2.200,-2.000,0.0070,-0.078,nan,0.00,1,1,1,0,1,0.0000,0.692,0,0.202,2,0.694,0,0,yolo,133.0,yolo,0,0,0,0.000,0,-1,0
1785623921.074,-5.323,-2.352,0.792,0.9948,0,-3.317,0.352,3.341,0.2406,9.263,-0.541,-0.395,1.000,-3.341,0.633,-1.1965,-0.8658,-0.624,-0.324,-0.387,1.001,2.200,-2.000,0.0070,0.038,nan,0.00,1,1,1,1,1,0.0000,0.694,0,0.203,2,0.700,0,0,yolo,120.8,yolo,0,0,0,0.000,0,-1,0
1785623921.102,-5.076,-2.351,0.290,0.9952,0,-4.546,0.351,3.341,0.2559,9.263,-0.541,-0.395,1.000,-3.341,-0.530,-0.3377,-0.3391,-0.662,-0.662,-0.339,1.022,2.200,-2.000,0.0070,0.035,nan,0.00,1,1,1,0,1,0.0000,0.694,0,0.203,2,0.700,0,0,yolo,120.8,yolo,0,0,0,0.000,0,-1,0
1785623921.137,-4.432,-2.337,-0.100,0.9962,0,-4.432,0.337,3.341,0.2573,9.263,-0.541,-0.395,1.000,-3.341,-0.000,-0.3748,-0.3083,-0.699,-0.699,-0.308,1.042,2.200,-2.000,0.0070,0.026,nan,0.00,1,1,1,0,1,0.0000,0.698,0,0.206,2,0.713,0,0,yolo,120.8,yolo,0,0,0,0.000,0,-1,0
1785623921.163,-4.432,-2.337,-0.100,0.9962,0,-4.432,0.337,3.341,0.2573,9.263,-0.541,-0.395,1.000,-3.341,-0.000,-0.3748,-0.3083,-0.699,-0.699,-0.308,1.042,2.200,-2.000,0.0070,0.026,nan,0.00,1,1,1,0,1,0.0000,0.697,0,0.206,2,0.709,0,0,yolo,120.8,yolo,0,0,0,0.000,0,-1,0
1785623921.219,-3.886,-2.320,-0.468,0.9969,0,-5.932,0.320,2.220,0.2492,9.070,-0.352,-0.293,1.000,-2.220,3.633,-1.0648,-0.4348,-0.728,-0.408,-0.282,1.061,2.200,-2.000,0.0070,0.099,nan,0.00,1,1,1,1,1,0.0000,0.586,0,0.211,1,0.713,0,0,yolo,118.5,yolo,0,0,0,0.000,0,-1,0
1785623921.257,-3.088,-2.295,-0.725,0.9977,0,-6.398,0.295,2.220,0.2577,9.070,-0.352,-0.293,1.000,-2.220,3.310,-0.3454,-0.2483,-0.753,-0.753,-0.248,1.078,2.200,-2.000,0.0070,0.090,nan,0.00,1,1,1,0,1,0.0000,0.588,0,0.213,1,0.725,0,0,yolo,118.5,yolo,0,0,0,0.000,0,-1,0
1785623921.287,-2.419,-2.272,-0.916,0.9983,0,-5.938,0.272,2.220,0.2590,9.070,-0.352,-0.293,1.000,-2.220,3.518,-0.3599,-0.2216,-0.767,-0.767,-0.222,1.092,2.200,-2.000,0.0070,0.082,nan,0.00,1,1,1,0,1,0.0000,0.588,0,0.213,1,0.725,0,0,yolo,118.5,yolo,0,0,0,0.000,0,-1,0
1785623921.319,-1.801,-2.251,-1.132,0.9987,0,-7.438,0.251,0.898,0.2423,8.826,-0.138,-0.210,1.000,-0.898,14.000,-2.0370,-0.5986,-0.776,-0.638,-0.196,1.105,2.200,-2.000,0.0069,0.142,nan,0.00,1,1,1,1,1,0.0000,0.596,0,0.221,1,0.724,0,0,yolo,122.1,yolo,0,0,0,0.000,0,-1,0
1785623921.354,-1.801,-2.251,-1.132,0.9987,0,-7.795,0.251,0.898,0.2582,8.826,-0.138,-0.210,1.000,-0.898,5.995,-0.1377,-0.1958,-0.776,-0.776,-0.196,1.105,2.200,-2.000,0.0069,0.142,nan,0.00,1,1,1,0,1,0.0000,0.596,0,0.221,1,0.724,1,0,yolo,122.1,yolo,0,0,0,0.000,0,-1,0
1785623921.380,-0.926,-2.228,-1.233,0.9991,0,-6.987,0.228,0.898,0.2595,8.826,-0.138,-0.210,1.000,-0.898,6.061,-0.1422,-0.1689,-0.780,-0.780,-0.169,1.118,2.200,-2.000,0.0069,0.136,nan,0.00,1,1,1,0,1,0.0000,0.406,0,0.132,1,0.706,0,0,yolo,122.1,yolo,0,0,0,0.000,0,-1,0
1785623921.420,0.021,-2.200,-1.318,0.9993,0,-8.487,0.200,-0.414,0.2428,8.659,0.062,-0.143,1.000,0.414,14.000,-1.9814,-0.5322,-0.777,-0.823,-0.140,1.130,2.200,-2.000,0.0069,0.189,nan,0.00,1,1,1,1,1,0.0000,0.407,0,0.133,1,0.699,0,0,yolo,117.6,yolo,0,0,0,0.000,0,-1,0
1785623921.456,0.034,-2.199,-1.320,0.9993,0,-8.477,0.199,-0.414,0.2591,8.659,0.062,-0.143,1.000,0.414,8.511,0.0456,-0.1399,-0.777,-0.777,-0.140,1.130,2.200,-2.000,0.0069,0.189,nan,0.00,1,1,1,0,1,0.0000,0.716,0,0.222,2,0.788,0,0,yolo,117.6,yolo,0,0,0,0.000,0,-1,0
1785623921.489,1.437,-2.169,-1.227,0.9990,0,-6.977,0.169,-0.414,0.2604,8.659,0.062,-0.143,1.000,0.414,8.239,0.0639,-0.1150,-0.759,-0.759,-0.115,1.144,2.200,-2.000,0.0069,0.186,nan,0.00,1,1,1,0,1,0.0000,0.716,0,0.222,2,0.788,0,0,yolo,117.6,yolo,0,0,0,0.000,0,-1,0
1785623921.519,1.437,-2.169,-1.227,0.9990,0,-6.802,0.169,-0.414,0.2603,8.659,0.062,-0.143,1.000,0.414,8.239,0.0639,-0.1150,-0.759,-0.759,-0.115,1.144,2.200,-2.000,0.0068,0.186,nan,0.00,1,1,1,0,1,0.0000,0.709,0,0.216,2,0.804,0,0,yolo,117.6,yolo,0,0,0,0.000,0,-1,0
1785623921.551,2.508,-2.143,-1.136,0.9983,0,-8.302,0.143,-1.869,0.2437,8.460,0.276,-0.090,1.000,1.869,14.000,-2.1491,-0.5289,-0.731,-0.969,-0.094,1.156,2.200,-2.000,0.0068,0.239,nan,0.00,1,1,1,1,1,0.0000,0.709,0,0.216,2,0.804,0,0,yolo,138.0,yolo,0,0,0,0.000,0,-1,0
1785623921.583,2.508,-2.143,-1.136,0.9983,0,-8.375,0.143,-1.869,0.2598,8.460,0.276,-0.090,1.000,1.869,10.883,0.2382,-0.0938,-0.731,-0.731,-0.094,1.156,2.200,-2.000,0.0068,0.239,nan,0.00,1,1,1,0,1,0.0000,0.946,0,0.216,4,0.803,0,0,yolo,138.0,yolo,0,0,0,0.000,0,-1,0
1785623921.613,3.631,-2.140,-0.905,0.9973,0,-6.875,-0.360,-1.869,0.2606,8.460,0.276,-0.090,1.000,1.869,10.363,0.2727,-0.0790,-0.697,-0.697,-0.079,1.164,2.200,-2.500,0.0068,0.244,nan,0.00,1,1,1,0,1,0.0000,0.946,0,0.216,4,0.803,0,0,yolo,138.0,yolo,0,0,0,0.000,0,-1,0
1785623921.645,3.631,-2.140,-0.905,0.9973,0,-6.732,-0.360,-1.869,0.2606,8.460,0.276,-0.090,1.000,1.869,10.363,0.2727,-0.0790,-0.697,-0.697,-0.079,1.164,2.200,-2.500,0.0067,0.244,nan,0.00,1,1,1,0,1,0.0000,0.943,0,0.215,4,0.780,0,0,yolo,138.0,yolo,0,0,0,0.000,0,-1,0
1785623921.675,4.515,-2.209,-0.668,0.9962,0,-8.232,-0.291,-3.092,0.2439,8.139,0.440,-0.044,1.000,3.092,14.000,-1.7375,-0.6003,-0.653,-0.966,-0.064,1.174,2.146,-2.500,0.0067,0.304,nan,0.00,1,1,1,1,1,0.0000,0.943,0,0.215,4,0.780,0,0,yolo,122.7,yolo,0,0,0,0.000,0,-1,0
1785623921.705,5.651,-2.280,-0.285,0.9944,0,-6.732,-0.220,-3.092,0.2606,8.139,0.440,-0.044,1.000,3.092,12.203,0.3654,-0.0301,-0.600,-0.600,-0.030,1.182,2.127,-2.500,0.0067,0.323,nan,0.00,1,1,1,0,1,0.0000,0.681,0,0.193,2,0.722,0,0,yolo,122.7,yolo,0,0,0,0.000,0,-1,0
1785623921.737,5.651,-2.280,-0.285,0.9944,0,-6.551,-0.220,-3.092,0.2611,8.139,0.440,-0.044,1.000,3.092,12.203,0.3654,-0.0301,-0.600,-0.600,-0.030,1.182,2.127,-2.500,0.0066,0.323,nan,0.00,1,1,1,0,1,0.0000,0.681,0,0.193,2,0.722,0,0,yolo,122.7,yolo,0,0,0,0.000,0,-1,0
1785623921.767,6.597,-2.354,0.129,0.9925,0,-5.051,-0.146,-3.092,0.2628,8.139,0.440,-0.044,1.000,3.092,11.132,0.4347,0.0100,-0.531,-0.531,0.010,1.193,2.109,-2.500,0.0066,0.341,nan,0.00,1,1,1,0,1,0.0000,0.706,0,0.213,2,0.703,0,0,yolo,122.7,yolo,0,0,0,0.000,0,-1,0
1785623921.799,6.597,-2.354,0.129,0.9925,0,-6.551,-0.146,-4.263,0.2577,7.898,0.589,-0.039,1.000,4.263,14.000,-1.2099,-0.0925,-0.531,-0.848,0.010,1.193,2.097,-2.500,0.0066,0.353,nan,0.00,1,1,1,1,1,0.0000,0.706,0,0.213,2,0.703,0,0,yolo,130.6,yolo,0,0,0,0.000,0,-1,0
1785623921.831,7.489,-2.440,0.660,0.9906,0,-6.221,-0.060,-4.263,0.2640,7.898,0.589,-0.039,1.000,4.263,13.710,0.3861,0.0493,-0.462,-0.462,0.049,1.203,2.076,-2.500,0.0065,0.374,nan,0.00,1,1,1,0,1,0.0000,0.621,0,0.246,1,0.763,0,0,yolo,130.6,yolo,0,0,0,0.000,0,-1,0
1785623921.865,7.489,-2.440,0.660,0.9906,0,-6.221,-0.060,-4.263,0.2640,7.898,0.589,-0.039,1.000,4.263,13.710,0.3861,0.0493,-0.462,-0.462,0.049,1.203,2.076,-2.500,0.0065,0.374,nan,0.00,1,1,1,0,1,0.0000,0.621,0,0.246,1,0.763,0,0,yolo,130.6,yolo,0,0,0,0.000,0,-1,0
1785623921.893,8.353,-2.521,1.201,0.9884,0,-4.721,0.021,-4.159,0.2657,7.898,0.589,-0.039,1.000,4.263,12.455,0.4657,0.0894,-0.382,-0.382,0.089,1.214,2.056,-2.500,0.0065,0.394,nan,-0.10,1,1,1,0,1,-0.0036,0.600,1,0.277,1,0.787,0,0,yolo,130.6,yolo,0,0,0,0.000,0,-1,0
1785623921.923,8.353,-2.521,1.201,0.9884,0,-4.102,0.021,-4.159,0.2657,7.898,0.589,-0.039,1.000,4.263,12.455,0.4657,0.0894,-0.382,-0.382,0.089,1.214,2.056,-2.500,0.0064,0.394,nan,-0.10,1,1,1,0,1,-0.0036,0.600,1,0.277,1,0.787,0,0,yolo,130.6,yolo,0,0,0,0.000,0,-1,0
1785623921.953,8.892,-2.595,1.705,0.9870,0,-5.108,0.095,-5.171,0.2539,7.616,0.688,-0.031,1.000,5.159,14.000,-0.7153,-0.1597,-0.298,-0.606,0.127,1.227,2.029,-2.500,0.0064,0.421,nan,0.01,1,1,1,1,1,0.0004,0.700,1,0.280,2,0.802,0,0,yolo,133.0,yolo,0,0,0,0.000,0,-1,0
1785623921.985,8.892,-2.595,1.705,0.9870,0,-5.108,0.095,-5.257,0.2669,7.616,0.688,-0.031,1.000,5.159,14.000,0.3080,0.1272,-0.298,-0.298,0.127,1.227,2.029,-2.500,0.0063,0.421,nan,0.10,1,1,1,0,1,0.0034,0.700,1,0.280,2,0.802,0,0,yolo,133.0,yolo,0,0,0,0.000,0,-1,0
1785623922.017,9.548,-2.679,2.297,0.9851,0,-3.870,0.179,-5.159,0.2680,7.616,0.688,-0.031,1.000,5.159,13.418,0.3868,0.1532,-0.220,-0.220,0.153,1.239,2.010,-2.500,0.0063,0.440,nan,0.00,1,1,1,0,1,-0.1057,0.350,1,0.286,2,0.813,0,0,yolo,133.0,yolo,0,0,0,0.000,0,-1,0
1785623922.049,9.972,-2.753,2.854,0.9838,0,-2.370,0.253,-3.659,0.2688,7.616,0.688,-0.031,1.000,5.159,12.194,0.4625,0.1747,-0.144,-0.144,0.175,1.251,1.995,-2.500,0.0063,0.455,nan,-6.00,1,1,1,0,1,-0.2095,0.700,1,0.286,2,0.813,0,0,yolo,133.0,yolo,0,0,0,0.000,0,-1,0
1785623922.080,9.972,-2.753,2.854,0.9838,0,-3.870,0.253,-2.159,0.2668,7.589,0.776,-0.065,1.000,5.841,14.000,-0.5420,0.1177,-0.144,-0.439,0.175,1.251,2.015,-2.500,0.0062,0.435,nan,-8.00,1,1,1,1,1,-0.2873,0.700,1,0.286,2,0.813,2,0,yolo,123.0,yolo,0,0,0,0.000,0,-1,0
1785623922.110,10.307,-2.813,3.343,0.9827,0,-3.133,0.313,-0.659,0.2701,7.589,0.776,-0.065,1.000,5.841,13.440,0.3751,0.1923,-0.064,-0.064,0.192,1.265,2.003,-2.500,0.0062,0.447,nan,-8.00,1,1,1,0,1,-0.3743,0.800,1,0.285,3,0.793,0,0,yolo,123.0,yolo,0,0,0,0.000,0,-1,0
1785623922.141,10.748,-2.777,3.380,0.9813,0,-1.633,0.277,0.841,0.2710,7.589,0.776,-0.065,1.000,5.841,11.814,0.4754,0.2063,0.037,0.037,0.206,1.281,2.001,-2.500,0.0061,0.449,nan,-8.00,1,1,1,0,1,-0.4510,0.800,1,0.273,3,0.751,0,0,yolo,123.0,yolo,0,0,0,0.000,0,-1,0
1785623922.172,10.748,-2.777,3.380,0.9813,0,-1.066,0.277,-0.659,0.2710,7.589,0.776,-0.065,1.000,5.841,11.814,0.4754,0.2063,0.037,0.037,0.206,1.281,2.001,-2.500,0.0061,0.449,nan,0.00,1,1,1,0,1,0.0000,0.660,0,0.175,2,0.708,0,0,yolo,123.0,yolo,0,0,0,0.000,0,-1,0
1785623922.204,10.866,-2.752,3.432,0.9809,0,-2.566,0.252,-2.159,0.2837,7.411,0.785,-0.102,1.000,6.050,14.000,-0.2693,0.4518,0.136,-0.160,0.206,1.296,2.043,-2.500,0.0060,0.403,nan,0.00,1,1,1,1,1,0.0000,0.660,0,0.175,2,0.708,0,0,yolo,123.1,yolo,0,0,0,0.000,0,-1,0
1785623922.237,10.866,-2.752,3.432,0.9809,0,-1.222,0.252,-3.659,0.2723,7.411,0.785,-0.102,1.000,6.050,12.089,0.2959,0.2058,0.136,0.136,0.206,1.296,2.043,-2.500,0.0060,0.403,nan,0.00,1,1,1,0,1,0.0000,0.710,0,0.217,2,0.294,0,0,yolo,123.1,yolo,0,0,0,0.000,0,-1,0
1785623922.265,11.058,-2.823,3.986,0.9802,0,0.278,0.323,-5.159,0.2719,7.411,0.785,-0.102,1.000,6.050,10.353,0.4010,0.2002,0.241,0.241,0.200,1.316,2.031,-2.500,0.0060,0.415,nan,0.00,1,1,1,0,1,0.0000,0.710,0,0.217,2,0.294,0,0,yolo,123.1,yolo,0,0,0,0.000,0,-1,0
1785623922.296,11.058,-2.823,3.986,0.9802,0,0.704,0.323,-6.050,0.2718,7.411,0.785,-0.102,1.000,6.050,10.353,0.4010,0.2002,0.241,0.241,0.200,1.316,2.031,-2.500,0.0059,0.415,nan,0.00,1,1,1,0,1,0.0000,0.777,0,0.180,3,0.634,0,0,yolo,123.1,yolo,0,0,0,0.000,0,-1,0
1785623922.328,11.152,-2.904,4.606,0.9799,0,-0.796,0.404,-5.940,0.2864,7.239,0.753,-0.148,1.000,5.940,13.084,0.1387,0.4833,0.339,0.091,0.188,1.336,2.083,-2.500,0.0059,0.367,nan,0.00,1,1,1,1,1,0.0000,0.777,0,0.180,3,0.634,0,0,yolo,147.1,yolo,0,0,0,0.000,0,-1,0
1785623922.380,11.271,-2.991,5.346,0.9794,0,0.704,0.491,-5.940,0.2716,7.239,0.753,-0.148,1.000,5.940,8.050,0.3411,0.1670,0.432,0.432,0.167,1.359,2.071,-2.500,0.0058,0.379,nan,0.00,1,1,1,0,1,0.0000,0.825,0,0.214,3,0.297,2,0,yolo,147.1,yolo,0,0,0,0.000,0,-1,0
1785623922.407,11.271,-2.991,5.346,0.9794,0,2.204,0.491,-5.940,0.2715,7.239,0.753,-0.148,1.000,5.940,8.050,0.3411,0.1670,0.432,0.432,0.167,1.359,2.071,-2.500,0.0058,0.379,nan,0.00,1,1,1,0,1,0.0000,0.601,0,0.126,3,0.593,0,0,yolo,147.1,yolo,0,0,0,0.000,0,-1,0
1785623922.435,11.023,-3.059,6.010,0.9802,0,3.704,0.559,-5.940,0.2701,7.239,0.753,-0.148,1.000,5.940,6.657,0.4239,0.1456,0.515,0.515,0.146,1.381,2.065,-2.500,0.0058,0.385,nan,0.00,1,1,1,0,1,0.0000,0.601,0,0.126,3,0.593,0,0,yolo,147.1,yolo,0,0,0,0.000,0,-1,0
1785623922.466,11.023,-3.059,6.010,0.9802,0,4.366,0.559,-5.940,0.2701,7.239,0.753,-0.148,1.000,5.940,6.657,0.4239,0.1456,0.515,0.515,0.146,1.381,2.065,-2.500,0.0057,0.385,nan,0.00,1,1,1,0,1,0.0000,0.601,0,0.126,3,0.593,0,0,yolo,147.1,yolo,0,0,0,0.000,0,-1,0
1785623922.498,10.407,-3.119,6.725,0.9821,0,2.866,0.619,-5.837,0.2794,7.092,0.725,-0.190,1.000,5.837,10.516,0.0766,0.3255,0.594,0.307,0.131,1.405,2.120,-2.500,0.0057,0.330,nan,0.00,1,1,1,1,1,0.0000,0.783,0,0.184,3,0.583,0,0,yolo,143.2,yolo,0,0,0,0.000,0,-1,0
1785623922.534,9.989,-3.167,7.451,0.9833,0,4.366,0.667,-5.837,0.2693,7.092,0.725,-0.190,1.000,5.837,4.698,0.3632,0.1120,0.670,0.670,0.112,1.432,2.119,-2.500,0.0057,0.331,nan,0.00,1,1,1,0,1,0.0000,0.790,0,0.190,3,0.577,0,0,yolo,143.2,yolo,0,0,0,0.000,0,-1,0
1785623922.576,9.985,-3.167,7.457,0.9833,0,5.299,0.667,-5.837,0.2692,7.092,0.725,-0.190,1.000,5.837,4.687,0.3639,0.1118,0.671,0.671,0.112,1.432,2.119,-2.500,0.0056,0.331,nan,0.00,1,1,1,0,1,0.0000,0.790,0,0.190,3,0.577,0,0,yolo,143.2,yolo,0,0,0,0.000,0,-1,0
1785623922.606,9.398,-3.196,8.110,0.9850,0,3.799,0.696,-5.771,0.2839,6.926,0.700,-0.227,1.000,5.771,8.772,0.0593,0.4074,0.734,0.435,0.103,1.457,2.174,-2.500,0.0056,0.276,nan,0.00,1,1,1,1,1,0.0000,0.800,0,0.197,3,0.597,0,0,yolo,122.4,yolo,0,0,0,0.000,0,-1,0
1785623922.638,8.906,-3.213,8.774,0.9864,0,5.299,0.713,-5.771,0.2688,6.926,0.700,-0.227,1.000,5.771,2.822,0.3594,0.0839,0.794,0.794,0.084,1.482,2.178,-2.500,0.0056,0.272,nan,0.00,1,1,1,0,1,0.0000,0.800,0,0.197,3,0.597,0,0,yolo,122.4,yolo,0,0,0,0.000,0,-1,0
1785623922.669,8.906,-3.213,8.774,0.9864,0,6.084,0.713,-5.771,0.2688,6.926,0.700,-0.227,1.000,5.771,2.822,0.3594,0.0839,0.794,0.794,0.084,1.482,2.178,-2.500,0.0055,0.272,nan,0.00,1,1,1,0,1,0.0000,0.799,0,0.249,3,0.615,0,0,yolo,122.4,yolo,0,0,0,0.000,0,-1,0
1785623922.699,8.431,-3.224,9.403,0.9876,0,6.519,0.724,-5.771,0.2673,6.926,0.700,-0.227,1.000,5.771,1.912,0.4117,0.0568,0.847,0.847,0.057,1.507,2.182,-2.500,0.0055,0.268,nan,0.00,1,1,1,0,1,0.0000,0.799,0,0.249,3,0.615,0,0,yolo,122.4,yolo,0,0,0,0.000,0,-1,0
1785623922.731,7.779,-3.226,9.916,0.9892,0,6.091,0.726,-4.796,0.2840,6.653,0.558,-0.264,1.000,4.796,1.688,0.8492,0.5928,0.885,0.471,0.048,1.528,2.200,-2.500,0.0055,0.189,nan,0.00,1,1,1,1,1,0.0000,0.792,0,0.244,3,0.649,0,0,yolo,123.8,yolo,0,0,0,0.000,0,-1,0
1785623922.763,7.779,-3.226,9.916,0.9892,0,7.591,0.726,-4.796,0.2689,6.653,0.558,-0.264,1.000,4.796,-1.480,0.4140,0.0477,0.885,0.885,0.048,1.528,2.200,-2.500,0.0055,0.189,nan,0.00,1,1,1,0,1,0.0000,0.792,0,0.244,3,0.649,0,0,yolo,123.8,yolo,0,0,0,0.000,0,-1,0
1785623922.793,6.825,-3.206,10.440,0.9914,0,9.057,0.706,-4.796,0.2680,6.653,0.558,-0.264,1.000,4.796,-2.232,0.4560,0.0347,0.927,0.927,0.035,1.551,2.200,-2.500,0.0055,0.177,nan,0.00,1,1,1,0,1,0.0000,0.788,0,0.188,3,0.725,0,0,yolo,123.8,yolo,0,0,0,0.000,0,-1,0
1785623922.824,6.825,-3.206,10.440,0.9914,0,9.057,0.706,-4.796,0.2680,6.653,0.558,-0.264,1.000,4.796,-2.232,0.4560,0.0347,0.927,0.927,0.035,1.551,2.200,-2.500,0.0054,0.177,nan,0.00,1,1,1,0,1,0.0000,0.788,0,0.188,3,0.725,0,0,yolo,123.8,yolo,0,0,0,0.000,0,-1,0
1785623922.855,5.654,-3.175,10.969,0.9936,0,8.609,0.675,-3.634,0.2847,6.417,0.408,-0.273,1.000,3.634,-2.954,0.9764,0.3895,0.960,0.535,0.028,1.576,2.200,-2.500,0.0054,0.125,nan,0.00,1,1,1,1,1,0.0000,0.783,0,0.185,3,0.773,0,0,yolo,123.3,yolo,0,0,0,0.000,0,-1,0
1785623922.886,4.553,-3.128,11.386,0.9954,0,10.109,0.628,-3.634,0.2682,6.417,0.408,-0.273,1.000,3.634,-6.349,0.4501,0.0200,0.985,0.985,0.020,1.598,2.200,-2.500,0.0054,0.111,nan,0.00,1,1,1,0,1,0.0000,0.783,0,0.185,3,0.773,0,0,yolo,123.3,yolo,0,0,0,0.000,0,-1,0
1785623922.917,4.553,-3.128,11.386,0.9954,0,10.902,0.628,-3.634,0.2682,6.417,0.408,-0.273,1.000,3.634,-6.349,0.4501,0.0200,0.985,0.985,0.020,1.598,2.200,-2.500,0.0054,0.111,nan,0.00,1,1,1,0,1,0.0000,0.692,0,0.202,2,0.834,0,0,yolo,123.3,yolo,0,0,0,0.000,0,-1,0
1785623922.947,3.091,-3.074,11.793,0.9971,0,9.676,0.574,-3.634,0.2678,6.417,0.408,-0.273,1.000,3.634,-6.585,0.4629,0.0107,0.998,0.998,0.011,1.620,2.200,-2.500,0.0054,0.094,nan,0.00,1,1,1,0,1,0.0000,0.692,0,0.202,2,0.834,0,0,yolo,123.3,yolo,0,0,0,0.000,0,-1,0
1785623922.980,1.855,-3.019,12.144,0.9981,0,11.176,0.519,-2.134,0.2778,6.238,0.223,-0.271,1.000,2.044,-10.333,1.2980,0.2183,1.000,0.650,0.001,1.639,2.200,-2.500,0.0054,0.065,nan,0.00,1,1,1,1,1,0.0000,0.346,0,0.201,2,0.852,0,0,yolo,118.8,yolo,0,0,0,0.000,0,-1,0
1785623923.010,1.830,-3.018,12.153,0.9981,0,12.232,0.518,-2.044,0.2680,6.238,0.223,-0.271,1.000,2.044,-10.401,0.3498,0.0010,1.000,1.000,0.001,1.639,2.200,-2.500,0.0054,0.065,nan,0.00,1,1,1,0,1,0.0000,0.346,0,0.201,2,0.852,0,0,yolo,118.8,yolo,0,0,0,0.000,0,-1,0
1785623923.041,0.411,-2.961,12.509,0.9986,0,10.732,0.461,-2.044,0.2679,6.238,0.223,-0.271,1.000,2.044,-10.232,0.3408,-0.0055,0.991,0.991,-0.005,1.658,2.200,-2.500,0.0054,0.053,nan,0.00,1,1,1,0,1,0.0000,0.404,0,0.202,3,0.854,0,0,yolo,118.8,yolo,0,0,0,0.000,0,-1,0
1785623923.073,0.411,-2.961,12.509,0.9986,0,10.643,0.461,-2.044,0.2679,6.238,0.223,-0.271,1.000,2.044,-10.232,0.3408,-0.0055,0.991,0.991,-0.005,1.658,2.200,-2.500,0.0054,0.053,nan,0.00,1,1,1,0,1,0.0000,0.426,0,0.234,3,0.784,0,0,yolo,118.8,yolo,0,0,0,0.000,0,-1,0
1785623923.103,-0.875,-2.901,12.704,0.9986,0,12.143,0.401,-0.544,0.2738,5.921,-0.020,-0.263,0.987,-0.194,-14.000,1.7352,0.1146,0.974,0.816,-0.006,1.674,2.200,-2.500,0.0054,0.038,nan,0.00,1,1,1,1,1,0.0000,0.343,0,0.197,2,0.739,0,0,yolo,120.2,yolo,0,0,0,0.000,0,-1,0
1785623923.134,-2.571,-2.849,12.763,0.9978,0,11.429,0.349,0.272,0.2684,5.921,-0.020,-0.263,0.987,-0.194,-14.000,0.1254,-0.0120,0.941,0.941,-0.012,1.688,2.200,-2.500,0.0054,0.033,nan,0.00,1,1,1,0,1,0.0000,0.686,0,0.197,2,0.739,0,0,yolo,120.2,yolo,0,0,0,0.000,0,-1,0
1785623923.164,-2.571,-2.849,12.763,0.9978,0,11.429,0.349,0.264,0.2684,5.921,-0.020,-0.263,0.987,-0.194,-14.000,0.1254,-0.0120,0.941,0.941,-0.012,1.688,2.200,-2.500,0.0054,0.033,nan,0.00,1,1,1,0,1,0.0000,0.458,0,0.197,0,0.726,0,0,yolo,120.2,yolo,0,0,0,0.000,0,-1,0
1785623923.196,-3.976,-2.810,12.708,0.9964,0,9.929,0.310,0.257,0.2685,5.921,-0.020,-0.263,0.987,-0.194,-13.760,0.0850,-0.0199,0.901,0.901,-0.020,1.698,2.200,-2.500,0.0054,0.030,nan,0.00,1,1,1,0,1,0.0000,0.458,0,0.197,0,0.726,0,0,yolo,120.2,yolo,0,0,0,0.000,0,-1,0
1785623923.229,-3.976,-2.810,12.708,0.9964,0,10.024,0.310,1.659,0.2638,5.662,-0.140,-0.250,0.944,-1.415,-14.000,1.8096,-0.1189,0.901,0.942,-0.020,1.698,2.200,-2.500,0.0054,0.038,nan,0.00,1,1,1,1,1,0.0000,0.458,0,0.197,0,0.726,0,0,yolo,123.2,yolo,0,0,0,0.000,0,-1,0
1785623923.255,-5.153,-2.774,12.674,0.9948,0,8.847,0.274,1.693,0.2684,5.662,-0.140,-0.250,0.944,-1.415,-14.000,-0.0922,-0.0282,0.850,0.850,-0.028,1.708,2.200,-2.500,0.0054,0.038,nan,0.00,1,1,1,0,1,0.0000,0.568,0,0.193,1,0.722,0,0,yolo,123.2,yolo,0,0,0,0.000,0,-1,0
1785623923.290,-6.304,-2.762,12.467,0.9928,0,7.568,0.262,1.718,0.2684,5.662,-0.140,-0.250,0.944,-1.415,-13.872,-0.1525,-0.0375,0.790,0.790,-0.037,1.716,2.200,-2.500,0.0053,0.040,nan,0.00,1,1,1,0,1,0.0000,0.650,0,0.167,2,0.714,0,0,yolo,123.2,yolo,0,0,0,0.000,0,-1,0
1785623923.321,-6.304,-2.762,12.467,0.9928,0,7.568,0.262,1.736,0.2684,5.662,-0.140,-0.250,0.944,-1.415,-13.872,-0.1525,-0.0375,0.790,0.790,-0.037,1.716,2.200,-2.500,0.0053,0.040,nan,0.00,1,1,1,0,1,0.0000,0.650,0,0.167,2,0.714,0,0,yolo,123.2,yolo,0,0,0,0.000,0,-1,0
1785623923.351,-7.150,-2.754,12.266,0.9911,0,6.850,0.254,3.110,0.2670,5.413,-0.248,-0.244,0.902,-2.623,-14.000,0.8558,-0.0726,0.732,0.814,-0.045,1.723,2.200,-2.500,0.0053,0.049,nan,0.00,1,1,1,1,1,0.0000,0.180,0,0.075,0,0.702,0,0,yolo,121.8,yolo,0,0,0,0.000,0,-1,0
1785623923.383,-7.150,-2.754,12.266,0.9911,0,6.850,0.254,3.145,0.2682,5.413,-0.248,-0.244,0.902,-2.623,-14.000,-0.0817,-0.0452,0.732,0.732,-0.045,1.723,2.200,-2.500,0.0053,0.049,nan,0.00,1,1,1,0,1,0.0000,0.180,0,0.075,0,0.702,0,0,yolo,121.8,yolo,0,0,0,0.000,0,-1,0
1785623923.414,-8.072,-2.773,11.883,0.9889,0,5.928,0.273,3.172,0.2684,5.413,-0.248,-0.244,0.902,-2.623,-14.000,-0.1533,-0.0492,0.661,0.661,-0.049,1.729,2.200,-2.500,0.0053,0.056,nan,0.00,1,1,1,0,1,0.0000,0.400,0,0.124,1,0.689,0,0,yolo,121.8,yolo,0,0,0,0.000,0,-1,0
1785623923.445,-8.824,-2.792,11.504,0.9870,0,4.430,0.292,3.193,0.2686,5.413,-0.248,-0.244,0.902,-2.623,-13.254,-0.2266,-0.0526,0.587,0.587,-0.053,1.735,2.200,-2.500,0.0053,0.061,nan,0.00,1,1,1,0,1,0.0000,0.399,0,0.124,1,0.685,0,0,yolo,121.8,yolo,0,0,0,0.000,0,-1,0
1785623923.475,-8.824,-2.792,11.504,0.9870,0,5.176,0.292,4.609,0.2733,5.040,-0.337,-0.247,0.840,-3.822,-14.000,0.6327,0.0448,0.587,0.671,-0.053,1.735,2.200,-2.500,0.0053,0.054,nan,0.00,1,1,1,1,1,0.0000,0.497,0,0.122,2,0.678,0,0,yolo,125.2,yolo,0,0,0,0.000,0,-1,0
1785623923.506,-9.647,-2.829,11.015,0.9847,0,4.353,0.329,4.646,0.2690,5.040,-0.337,-0.247,0.840,-3.822,-14.000,-0.1746,-0.0575,0.496,0.496,-0.058,1.743,2.200,-2.500,0.0053,0.062,nan,0.00,1,1,1,0,1,0.0000,0.497,0,0.122,2,0.678,0,0,yolo,125.2,yolo,0,0,0,0.000,0,-1,0
1785623923.536,-9.647,-2.829,11.015,0.9847,0,4.353,0.329,4.673,0.2690,5.040,-0.337,-0.247,0.840,-3.822,-14.000,-0.1746,-0.0575,0.496,0.496,-0.058,1.743,2.200,-2.500,0.0053,0.062,nan,0.00,1,1,1,0,1,0.0000,0.499,0,0.124,2,0.679,0,0,yolo,125.2,yolo,0,0,0,0.000,0,-1,0
1785623923.566,-10.178,-2.881,10.479,0.9830,0,2.853,0.381,4.694,0.2689,5.040,-0.337,-0.247,0.840,-3.822,-12.982,-0.2482,-0.0639,0.422,0.422,-0.064,1.749,2.200,-2.500,0.0053,0.070,nan,0.00,1,1,1,0,1,0.0000,0.499,0,0.124,2,0.679,0,0,yolo,125.2,yolo,0,0,0,0.000,0,-1,0
1785623923.597,-10.178,-2.881,10.479,0.9830,0,3.822,0.381,5.664,0.2786,4.818,-0.400,-0.261,0.803,-4.744,-14.000,0.7757,0.1394,0.422,0.549,-0.064,1.749,2.164,-2.500,0.0053,0.056,nan,0.00,1,1,1,1,1,0.0000,0.501,0,0.126,2,0.680,0,0,yolo,120.9,yolo,0,0,0,0.000,0,-1,0
1785623923.640,-10.492,-2.923,10.000,0.9820,0,3.190,0.423,5.684,0.2691,4.818,-0.400,-0.261,0.803,-4.744,-13.682,-0.1988,-0.0702,0.350,0.350,-0.070,1.756,2.164,-2.500,0.0053,0.062,nan,0.00,1,1,1,0,1,0.0000,0.654,0,0.170,2,0.685,0,0,yolo,120.9,yolo,0,0,0,0.000,0,-1,0
1785623923.674,-10.905,-2.995,9.328,0.9806,0,1.690,0.495,5.700,0.2690,4.818,-0.400,-0.261,0.803,-4.744,-12.231,-0.2788,-0.0753,0.270,0.270,-0.075,1.764,2.164,-2.500,0.0053,0.071,nan,0.00,1,1,1,0,1,0.0000,0.664,0,0.178,2,0.705,0,0,yolo,120.9,yolo,0,0,0,0.000,0,-1,0
1785623923.706,-11.076,-3.056,8.694,0.9800,0,2.924,0.556,6.288,0.2802,4.603,-0.426,-0.277,0.767,-5.290,-14.000,0.4385,0.1559,0.194,0.345,-0.078,1.772,2.121,-2.500,0.0053,0.056,nan,0.00,1,1,1,1,1,0.0000,0.664,0,0.178,2,0.705,0,0,yolo,116.9,yolo,0,0,0,0.000,0,-1,0
1785623923.738,-11.076,-3.056,8.694,0.9800,0,1.424,0.556,6.285,0.2695,4.603,-0.426,-0.277,0.767,-5.290,-12.312,-0.1512,-0.0779,0.194,0.194,-0.078,1.772,2.121,-2.500,0.0053,0.056,nan,0.00,1,1,1,0,1,0.0000,0.557,0,0.182,1,0.721,0,0,yolo,116.9,yolo,0,0,0,0.000,0,-1,0
1785623923.768,-11.241,-3.124,7.990,0.9794,0,-0.076,0.624,6.283,0.2693,4.603,-0.426,-0.277,0.767,-5.290,-10.913,-0.2290,-0.0803,0.116,0.116,-0.080,1.782,2.121,-2.500,0.0053,0.063,nan,0.00,1,1,1,0,1,0.0000,0.688,0,0.199,2,0.731,0,0,yolo,116.9,yolo,0,0,0,0.000,0,-1,0
1785623923.799,-11.241,-3.124,7.990,0.9794,0,-0.328,0.624,6.282,0.2693,4.603,-0.426,-0.277,0.767,-5.290,-10.913,-0.2290,-0.0803,0.116,0.116,-0.080,1.782,2.121,-2.500,0.0053,0.063,nan,0.00,1,1,1,0,1,0.0000,0.688,0,0.199,2,0.731,0,0,yolo,116.9,yolo,0,0,0,0.000,0,-1,0
1785623923.846,-11.197,-3.189,7.241,0.9794,0,1.172,0.724,6.538,0.2757,4.374,-0.436,-0.280,0.729,-5.695,-13.585,0.1857,0.0530,0.036,0.179,-0.084,1.794,2.075,-2.466,0.0052,0.054,nan,0.00,1,1,1,1,1,0.0000,0.500,0,0.125,2,0.741,0,0,yolo,117.1,yolo,0,0,0,0.000,0,-1,0
1785623923.880,-11.350,-3.244,6.487,0.9789,0,-0.328,0.878,6.386,0.2691,4.374,-0.436,-0.280,0.729,-5.695,-8.994,-0.2199,-0.0907,-0.041,-0.041,-0.091,1.807,2.075,-2.367,0.0052,0.059,nan,0.00,1,1,1,0,1,0.0000,0.500,0,0.125,2,0.741,1,0,yolo,117.1,yolo,0,0,0,0.000,0,-1,0
1785623923.905,-11.350,-3.244,6.487,0.9789,0,-1.828,0.787,6.273,0.2691,4.374,-0.436,-0.280,0.729,-5.695,-8.994,-0.2199,-0.0907,-0.041,-0.041,-0.091,1.807,2.075,-2.457,0.0052,0.059,nan,0.00,1,1,1,0,1,0.0000,0.796,0,0.193,3,0.750,0,0,yolo,117.1,yolo,0,0,0,0.000,0,-1,0
1785623923.944,-11.252,-3.279,5.716,0.9792,0,-1.971,1.068,6.139,0.2806,4.139,-0.406,-0.278,0.690,-5.609,-9.281,-0.0625,0.1518,-0.121,-0.012,-0.097,1.821,2.028,-2.211,0.0052,0.044,nan,0.00,1,1,1,1,1,0.0000,0.507,0,0.132,2,0.764,0,0,yolo,116.6,yolo,0,0,0,0.000,0,-1,0
1785623923.972,-10.948,-3.279,4.974,0.9802,0,-3.471,1.180,6.021,0.2684,4.139,-0.406,-0.278,0.690,-5.609,-6.177,-0.1878,-0.1088,-0.200,-0.200,-0.109,1.837,2.028,-2.099,0.0052,0.042,nan,0.00,1,1,1,0,1,0.0000,0.507,0,0.132,2,0.764,0,0,yolo,116.6,yolo,0,0,0,0.000,0,-1,0
1785623924.003,-10.948,-3.279,4.974,0.9802,0,-4.770,1.067,5.933,0.2684,4.139,-0.406,-0.278,0.690,-5.609,-6.177,-0.1878,-0.1088,-0.200,-0.200,-0.109,1.837,2.028,-2.212,0.0052,0.042,nan,0.00,1,1,1,0,1,0.0000,0.409,0,0.136,1,0.791,0,0,yolo,116.6,yolo,0,0,0,0.000,0,-1,0
1785623924.034,-10.308,-3.273,4.306,0.9823,0,-5.351,1.177,5.867,0.2676,4.139,-0.406,-0.278,0.690,-5.609,-4.957,-0.2567,-0.1175,-0.269,-0.269,-0.117,1.852,2.028,-2.096,0.0052,0.036,nan,0.00,1,1,1,0,1,0.0000,0.415,0,0.144,1,0.830,0,0,yolo,116.6,yolo,0,0,0,0.000,0,-1,0
1785623924.074,-9.635,-3.241,3.638,0.9843,0,-4.775,1.363,5.210,0.2815,3.899,-0.340,-0.264,0.650,-4.986,-4.860,-0.4238,0.1874,-0.332,-0.131,-0.123,1.867,1.980,-1.879,0.0052,0.018,nan,0.00,1,1,1,1,1,0.0000,0.415,0,0.144,1,0.830,0,0,yolo,124.8,yolo,0,0,0,0.000,0,-1,0
1785623924.104,-9.635,-3.241,3.638,0.9843,0,-6.275,1.242,4.996,0.2673,3.899,-0.340,-0.264,0.650,-4.986,-2.713,-0.2010,-0.1230,-0.332,-0.332,-0.123,1.867,1.980,-2.000,0.0052,0.018,nan,0.00,1,1,1,0,1,0.0000,0.420,0,0.150,1,0.838,0,0,yolo,124.8,yolo,0,0,0,0.000,0,-1,0
1785623924.134,-8.900,-3.196,2.962,0.9864,0,-7.218,1.321,4.835,0.2670,3.899,-0.340,-0.264,0.650,-4.986,-1.682,-0.2597,-0.1232,-0.390,-0.390,-0.123,1.882,1.980,-1.875,0.0052,0.010,nan,0.00,1,1,1,0,1,0.0000,0.420,0,0.150,1,0.838,0,0,yolo,124.8,yolo,0,0,0,0.000,0,-1,0
1785623924.165,-8.900,-3.196,2.962,0.9864,0,-8.718,1.356,3.675,0.2736,3.608,-0.226,-0.231,0.601,-3.580,0.936,-0.8854,0.0189,-0.390,-0.256,-0.123,1.882,1.922,-1.840,0.0052,0.008,nan,0.00,1,1,1,1,1,0.0000,0.580,0,0.205,1,0.841,0,0,yolo,111.3,yolo,0,0,0,0.000,0,-1,0
1785623924.200,-8.008,-3.113,2.433,0.9888,0,-9.488,1.377,3.454,0.2670,3.608,-0.226,-0.231,0.601,-3.580,1.480,-0.1850,-0.1169,-0.441,-0.441,-0.117,1.896,1.922,-1.737,0.0052,-0.002,nan,0.00,1,1,1,0,1,0.0000,0.580,0,0.205,1,0.841,2,0,yolo,111.3,yolo,0,0,0,0.000,0,-1,0
1785623924.227,-7.023,-3.023,2.084,0.9911,0,-9.173,1.324,3.289,0.2668,3.608,-0.226,-0.231,0.601,-3.580,2.150,-0.2237,-0.1140,-0.479,-0.479,-0.114,1.906,1.922,-1.699,0.0052,-0.012,nan,0.00,1,1,1,0,1,0.0000,0.585,0,0.210,1,0.825,0,0,yolo,111.3,yolo,0,0,0,0.000,0,-1,0
1785623924.252,-7.023,-3.023,2.084,0.9911,0,-9.173,1.222,3.164,0.2668,3.608,-0.226,-0.231,0.601,-3.580,2.150,-0.2237,-0.1140,-0.479,-0.479,-0.114,1.906,1.922,-1.801,0.0052,-0.012,nan,0.00,1,1,1,0,1,0.0000,0.290,0,0.204,1,0.822,0,0,yolo,111.3,yolo,0,0,0,0.000,0,-1,0
1785623924.289,-5.935,-2.902,1.748,0.9934,0,-8.743,1.169,3.071,0.2666,3.608,-0.226,-0.231,0.601,-3.580,2.809,-0.2617,-0.1142,-0.517,-0.517,-0.114,1.917,1.922,-1.733,0.0052,-0.024,nan,0.00,1,1,1,0,1,0.0000,0.292,0,0.209,1,0.810,0,0,yolo,111.3,yolo,0,0,0,0.000,0,-1,0
1785623924.321,-4.791,-2.781,1.380,0.9953,0,-9.508,1.225,1.951,0.2728,3.355,-0.107,-0.202,0.559,-1.823,4.717,-0.6172,0.0316,-0.547,-0.387,-0.118,1.927,1.871,-1.555,0.0052,-0.029,nan,0.00,1,1,1,1,1,0.0000,0.584,0,0.209,1,0.810,0,0,yolo,151.4,yolo,0,0,0,0.000,0,-1,0
1785623924.351,-4.773,-2.779,1.374,0.9954,0,-10.500,1.134,1.887,0.2660,3.355,-0.107,-0.202,0.559,-1.823,5.727,-0.1602,-0.1177,-0.547,-0.547,-0.118,1.927,1.871,-1.645,0.0052,-0.029,nan,0.00,1,1,1,0,1,0.0000,0.702,0,0.210,2,0.801,0,0,yolo,151.4,yolo,0,0,0,0.000,0,-1,0
1785623924.382,-3.298,-2.641,1.155,0.9973,0,-9.391,1.031,1.840,0.2656,3.355,-0.107,-0.202,0.559,-1.823,6.093,-0.1816,-0.1236,-0.569,-0.569,-0.124,1.934,1.871,-1.610,0.0052,-0.041,nan,0.00,1,1,1,0,1,0.0000,0.702,0,0.210,2,0.801,0,0,yolo,151.4,yolo,0,0,0,0.000,0,-1,0
1785623924.413,-3.298,-2.641,1.155,0.9973,0,-9.391,0.962,1.804,0.2656,3.355,-0.107,-0.202,0.559,-1.823,6.093,-0.1816,-0.1236,-0.569,-0.569,-0.124,1.934,1.871,-1.679,0.0052,-0.041,nan,0.00,1,1,1,0,1,0.0000,0.705,0,0.213,2,0.792,0,0,yolo,151.4,yolo,0,0,0,0.000,0,-1,0
1785623924.441,-2.134,-2.530,0.960,0.9983,0,-10.891,1.052,0.364,0.2567,3.005,0.032,-0.143,0.501,0.610,11.819,-1.2766,-0.2952,-0.576,-0.552,-0.129,1.940,1.801,-1.478,0.0052,-0.011,nan,0.00,1,1,1,1,1,0.0000,0.705,0,0.213,2,0.792,0,0,yolo,126.1,yolo,0,0,0,0.000,0,-1,0
1785623924.469,-2.134,-2.530,0.960,0.9983,0,-11.167,0.999,0.201,0.2642,3.005,0.032,-0.143,0.501,0.610,9.033,-0.0247,-0.1288,-0.576,-0.576,-0.129,1.940,1.801,-1.530,0.0052,-0.011,nan,0.00,1,1,1,0,1,0.0000,0.852,0,0.234,3,0.765,0,0,yolo,126.1,yolo,0,0,0,0.000,0,-1,0
1785623924.505,-0.671,-2.394,0.920,0.9991,0,-9.707,0.866,0.079,0.2644,3.005,0.032,-0.143,0.501,0.610,9.036,-0.0249,-0.1237,-0.576,-0.576,-0.124,1.943,1.801,-1.528,0.0052,-0.017,nan,0.00,1,1,1,0,1,0.0000,0.726,0,0.230,2,0.724,0,0,yolo,126.1,yolo,0,0,0,0.000,0,-1,0
1785623924.536,0.597,-2.273,0.920,0.9992,0,-8.272,0.725,-0.013,0.2651,3.005,0.032,-0.143,0.501,0.610,8.869,-0.0148,-0.1130,-0.566,-0.566,-0.113,1.944,1.801,-1.548,0.0052,-0.023,nan,0.00,1,1,1,0,1,0.0000,0.726,0,0.230,2,0.724,0,0,yolo,126.1,yolo,0,0,0,0.000,0,-1,0
1785623924.567,0.597,-2.273,0.920,0.9992,0,-9.772,0.840,-1.221,0.2605,2.719,0.165,-0.106,0.453,3.465,14.000,-1.0160,-0.1973,-0.566,-0.613,-0.113,1.944,1.744,-1.433,0.0052,0.003,nan,0.00,1,1,1,1,1,0.0000,0.729,0,0.233,2,0.674,0,0,yolo,131.4,yolo,0,0,0,0.000,0,-1,0
1785623924.603,1.806,-2.174,1.027,0.9988,0,-9.710,0.710,-1.199,0.2651,2.719,0.165,-0.106,0.453,3.465,11.516,0.0642,-0.0973,-0.549,-0.549,-0.097,1.943,1.744,-1.465,0.0052,0.002,nan,0.00,1,1,1,0,1,0.0000,0.729,0,0.233,2,0.674,2,0,yolo,131.4,yolo,0,0,0,0.000,0,-1,0
1785623924.630,2.972,-2.095,1.186,0.9980,0,-8.210,0.591,-1.182,0.2661,2.719,0.165,-0.106,0.453,3.465,11.102,0.0898,-0.0814,-0.523,-0.523,-0.081,1.941,1.744,-1.504,0.0052,0.002,nan,0.00,1,1,1,0,1,0.0000,0.599,0,0.224,1,0.648,0,0,yolo,131.4,yolo,0,0,0,0.000,0,-1,0
1785623924.668,2.972,-2.095,1.186,0.9980,0,-8.130,0.590,-1.170,0.2661,2.719,0.165,-0.106,0.453,3.465,11.102,0.0898,-0.0814,-0.523,-0.523,-0.081,1.941,1.744,-1.505,0.0052,0.002,nan,0.00,1,1,1,0,1,0.8201,0.500,1,0.279,0,0.633,0,0,yolo,131.4,yolo,0,0,0,0.000,0,-1,0
1785623924.708,4.080,-2.021,1.323,0.9968,0,-9.630,0.779,-2.670,0.2667,2.483,0.338,-0.109,0.414,7.756,14.000,-1.8592,-0.0734,-0.480,-0.708,-0.073,1.938,1.624,-1.242,0.0052,0.002,nan,0.00,1,1,0,1,1,0.8201,0.500,1,0.279,0,0.633,0,0,yolo,128.0,yolo,0,0,0,0.000,0,-1,0
1785623924.739,5.339,-1.948,1.644,0.9951,0,-8.130,0.650,-2.968,0.2673,2.483,0.338,-0.109,0.414,7.756,13.462,0.2739,-0.0715,-0.435,-0.435,-0.071,1.934,1.624,-1.298,0.0052,0.002,nan,0.00,1,1,0,0,1,0.7289,0.300,1,0.289,1,0.634,0,0,yolo,128.0,yolo,0,0,0,0.000,0,-1,0
1785623924.770,5.339,-1.948,1.644,0.9951,0,-8.123,0.671,-3.028,0.2673,2.483,0.338,-0.109,0.414,7.756,13.462,0.2739,-0.0715,-0.435,-0.435,-0.071,1.934,1.624,-1.276,0.0052,0.002,nan,0.00,1,1,0,0,1,0.6605,0.600,1,0.289,1,0.634,0,0,yolo,128.0,yolo,0,0,0,0.000,0,-1,0
1785623924.801,6.341,-1.896,1.986,0.9933,0,-6.623,0.570,-3.073,0.2678,2.483,0.338,-0.109,0.414,7.756,12.716,0.3216,-0.0713,-0.387,-0.387,-0.071,1.929,1.624,-1.326,0.0052,0.002,nan,0.00,1,1,0,0,1,0.7173,0.700,1,0.291,2,0.637,0,0,yolo,128.0,yolo,0,0,0,0.000,0,-1,0
1785623924.842,7.320,-1.857,2.348,0.9913,0,-5.123,1.549,-4.573,0.2681,4.000,1.153,0.000,0.233,16.082,10.882,-0.0000,-0.0761,-0.329,-0.329,-0.076,1.924,1.200,-0.308,0.0052,0.001,nan,8.00,0,1,0,1,1,0.7537,0.800,1,0.296,3,0.638,0,1,track,,TRACK,0,0,0,0.000,0,-1,0
1785623924.871,7.337,-1.856,2.355,0.9913,0,-3.623,1.582,-6.073,0.2681,4.000,1.153,0.000,0.233,16.082,10.875,0.0012,-0.0762,-0.328,-0.328,-0.076,1.923,1.200,-0.274,0.0052,0.001,nan,8.00,0,1,0,0,1,0.7490,0.800,1,0.296,3,0.638,0,0,track,,TRACK,0,0,0,0.000,0,-1,0
1785623924.895,7.730,-1.747,3.037,0.9905,0,-5.123,1.402,-7.573,0.2680,4.000,3.167,0.000,0.667,25.000,14.000,-0.0000,-0.0824,-0.280,-0.280,-0.082,1.916,1.200,-0.344,0.0052,0.001,nan,8.00,1,1,0,1,1,0.7027,0.800,1,0.301,3,0.650,0,1,blueline,,BLUELINE,0,0,0,0.000,0,-1,0
1785623924.926,7.730,-1.747,3.037,0.9905,0,-6.270,1.443,-9.073,0.2680,4.000,3.320,0.000,0.233,25.000,14.000,-0.0000,-0.0824,-0.280,-0.280,-0.082,1.916,1.200,-0.304,0.0052,0.001,nan,0.00,0,1,0,1,1,0.5936,0.250,1,0.327,0,0.556,0,0,blueline,,BLUELINE,0,0,0,0.000,0,-1,0
1785623924.960,8.366,-1.713,3.915,0.9889,0,-4.770,1.830,-8.000,0.2682,nan,nan,nan,0.000,0.000,1.870,0.0000,-0.0884,-0.234,-0.234,-0.088,1.908,1.000,0.117,0.0052,0.001,nan,8.00,0,0,0,0,1,0.4887,0.500,1,0.327,0,0.556,2,0,,,FLYING,0,0,0,0.000,0,-1,0
1785623924.989,8.927,-1.622,4.815,0.9875,0,-3.270,1.676,-6.500,0.2683,nan,nan,nan,0.000,0.000,1.455,0.0000,-0.0945,-0.182,-0.182,-0.095,1.900,1.000,0.054,0.0052,0.001,nan,0.00,0,0,0,0,0,0.0000,0.000,0,0.000,0,0.000,0,0,,,FLYING,0,0,0,0.000,0,-1,0
1785623925.024,8.927,-1.622,4.815,0.9875,0,-1.770,1.734,-5.000,0.2683,nan,nan,nan,0.000,0.000,1.455,0.0000,-0.0945,-0.182,-0.182,-0.095,1.900,1.000,0.113,0.0052,0.001,nan,0.00,0,0,0,0,0,0.0000,0.000,0,0.000,0,0.000,0,0,,,FLYING,0,0,0,0.000,0,-1,0
1785623925.055,9.362,-1.546,5.603,0.9863,0,-0.270,1.602,-3.500,0.2684,nan,nan,nan,0.000,0.000,1.014,0.0000,-0.1001,-0.127,-0.127,-0.100,1.893,1.000,0.056,0.0052,0.001,nan,0.00,0,0,0,0,0,0.0000,0.000,0,0.000,0,0.000,0,0,,,FLYING,0,0,0,0.000,0,-1,0
1785623925.081,9.963,-1.572,10.198,0.9845,0,1.230,0.102,-2.000,0.2667,nan,nan,nan,0.000,0.000,-4.011,0.0000,-0.1475,0.501,0.501,-0.147,-1.939,1.000,-2.500,0.0052,0.001,nan,0.00,0,0,0,0,0,0.0000,0.000,0,0.000,0,0.000,0,0,,,FLYING,0,0,0,0.000,0,-1,0
1785623925.115,9.963,-1.572,10.198,0.9845,0,2.730,-0.928,-0.500,0.2667,nan,nan,nan,0.000,0.000,-4.011,0.0000,-0.1475,0.501,0.501,-0.147,-1.939,1.000,-2.500,0.0052,0.001,nan,0.00,0,0,0,0,0,0.0000,0.000,0,0.000,0,0.000,0,0,,,FLYING,0,0,0,0.000,0,-1,0
1785623925.138,9.645,-1.545,8.819,0.9855,0,4.230,-0.955,0.000,0.2639,nan,nan,nan,0.000,0.000,-10.000,0.0000,-0.2022,1.315,1.315,-0.202,-6.180,1.000,-2.500,0.0052,0.001,nan,0.00,0,0,0,0,0,0.0000,0.000,0,0.000,0,0.000,0,0,,,FLYING,0,0,0,0.000,0,-1,0
1785623925.167,9.645,-1.545,8.819,0.9855,0,5.730,-0.955,0.000,0.2639,nan,nan,nan,0.000,0.000,-10.000,0.0000,-0.2022,1.315,1.315,-0.202,-6.180,1.000,-2.500,0.0052,0.001,nan,0.00,0,0,0,0,0,0.0000,0.000,0,0.000,0,0.000,0,0,,,FLYING,0,0,0,0.000,0,-1,0
1785623925.209,8.929,-1.618,8.697,0.9875,0,7.230,-0.882,0.000,0.2604,nan,nan,nan,0.000,0.000,-10.000,0.0000,-0.2684,2.186,2.186,-0.268,-10.549,1.000,-2.500,0.0052,0.001,nan,0.00,0,0,0,0,0,0.0000,0.000,0,0.000,0,0.000,0,0,,,FLYING,0,0,0,0.000,0,-1,0
1785623925.233,8.070,-1.804,9.089,0.9896,0,8.730,-0.696,0.000,0.2561,nan,nan,nan,0.000,0.000,-10.000,0.0000,-0.3508,3.123,3.123,-0.351,-14.822,1.000,-2.500,0.0052,0.001,nan,0.00,0,0,0,0,0,0.0000,0.000,0,0.000,0,0.000,0,0,,,FLYING,0,0,0,0.000,0,-1,0
1785623925.267,8.062,-1.805,9.091,0.9896,0,10.230,-0.695,0.000,0.2560,nan,nan,nan,0.000,0.000,-10.000,0.0000,-0.3515,3.132,3.132,-0.352,-14.863,1.000,-2.500,0.0052,0.001,nan,0.00,0,0,0,0,0,0.0000,0.000,0,0.000,0,0.000,0,0,,,FLYING,0,0,0,0.000,0,-1,0
1785623925.289,8.062,-1.805,9.091,0.9896,0,11.730,-0.695,0.000,0.2560,nan,nan,nan,0.000,0.000,-10.000,0.0000,-0.3515,3.132,3.132,-0.352,-14.863,1.000,-2.500,0.0052,0.001,nan,0.00,0,0,0,0,0,0.0000,0.000,0,0.000,0,0.000,0,0,,,FLYING,0,0,0,0.000,0,-1,0
1785623925.316,6.393,-1.896,8.944,0.9932,0,13.230,-0.604,0.000,0.2567,nan,nan,nan,0.000,0.000,-10.000,0.0000,-0.3160,3.174,3.174,-0.316,-14.846,1.000,-2.500,0.0052,0.001,nan,0.00,0,0,0,0,0,0.0000,0.000,0,0.000,0,0.000,1,0,,,FLYING,0,0,0,0.000,0,-1,0
1785623925.347,6.393,-1.896,8.944,0.9932,0,14.730,-0.604,0.000,0.2567,nan,nan,nan,0.000,0.000,-10.000,0.0000,-0.3160,3.174,3.174,-0.316,-14.846,1.000,-2.500,0.0052,0.001,nan,0.00,0,0,0,0,0,0.0000,0.000,0,0.000,0,0.000,0,0,,,FLYING,0,0,0,0.000,0,-1,0
1785623925.369,4.044,-1.999,8.970,0.9969,0,14.044,-0.501,0.000,0.2579,nan,nan,nan,0.000,0.000,-10.000,0.0000,-0.2696,3.222,3.222,-0.270,-14.819,1.000,-2.500,0.0052,0.001,nan,0.00,0,0,0,0,0,0.0000,0.000,0,0.000,0,0.000,0,0,,,FLYING,0,0,0,0.000,0,-1,0
1785623925.408,4.044,-1.999,8.970,0.9969,0,14.044,-0.501,0.000,0.2579,nan,nan,nan,0.000,0.000,-10.000,0.0000,-0.2696,3.222,3.222,-0.270,-14.819,1.000,-2.500,0.0052,0.001,nan,0.00,0,0,0,0,0,0.0000,0.000,0,0.000,0,0.000,0,0,,,FLYING,0,0,0,0.000,0,-1,0
1785623925.436,2.288,-2.066,8.965,0.9986,0,12.544,-0.434,0.000,0.2590,nan,nan,nan,0.000,0.000,-10.000,0.0000,-0.2359,3.231,3.231,-0.236,-14.799,1.000,-2.500,0.0052,0.001,nan,0.00,0,0,0,0,0,0.0000,0.000,0,0.000,0,0.000,0,0,,,FLYING,0,0,0,0.000,0,-1,0
1785623925.472,2.288,-2.066,8.965,0.9986,0,11.044,-0.434,-1.500,0.2590,1.268,0.491,-0.025,0.074,21.170,-4.622,-0.0000,-0.2359,3.231,3.231,-0.236,-14.799,1.200,-2.500,0.0052,0.001,nan,0.00,0,1,0,1,0,0.0000,0.000,0,0.000,0,0.000,0,1,hsv,,hsv,0,0,0,0.000,0,-1,0
1785623925.513,0.693,-2.124,8.963,0.9992,0,9.544,-0.376,-3.000,0.2600,1.274,0.515,-0.031,0.074,22.003,-3.514,-0.2778,-0.2103,3.221,1.609,-0.210,-14.778,1.200,-2.500,0.0052,0.001,nan,0.00,0,1,0,1,0,0.0000,0.000,0,0.000,0,0.000,0,0,hsv,,hsv,0,0,0,0.000,0,-1,0
1785623925.550,-0.701,-2.177,9.146,0.9992,0,8.044,-0.323,-4.500,0.2609,1.281,0.541,-0.031,0.075,22.887,-3.290,-0.5929,-0.1903,3.243,1.628,-0.190,-14.746,1.200,-2.500,0.0052,0.001,nan,0.00,0,1,0,1,0,0.0000,0.000,0,0.000,0,0.000,1,0,hsv,,hsv,0,0,0,0.000,0,-1,0
1785623925.590,-1.767,-2.202,9.751,0.9988,0,6.544,-0.298,-6.000,0.2618,1.281,0.541,-0.031,0.075,22.887,-5.317,1.7366,-0.1720,3.364,3.364,-0.172,-14.689,1.200,-2.500,0.0052,0.001,nan,0.00,0,1,0,0,0,0.0000,0.000,0,0.000,0,0.000,0,0,hsv,,hsv,0,0,0,0.000,0,-1,0
1785623925.625,-1.767,-2.202,9.751,0.9988,0,5.044,-0.298,-7.500,0.2618,1.279,0.560,-0.031,0.075,23.652,-3.907,-0.2559,-0.1720,3.364,1.771,-0.172,-14.689,1.200,-2.500,0.0052,0.001,nan,0.00,0,1,0,1,0,0.0000,0.000,0,0.000,0,0.000,0,0,hsv,,hsv,0,0,0,0.000,0,-1,0
1785623925.655,-2.716,-2.213,10.543,0.9981,0,3.544,-0.287,-9.000,0.2627,1.273,0.575,-0.035,0.074,24.299,-4.245,-0.4315,-0.1548,3.522,1.891,-0.155,-14.618,1.200,-2.500,0.0052,0.001,nan,0.00,0,1,0,1,0,0.0000,0.000,0,0.000,0,0.000,0,0,hsv,,hsv,0,0,0,0.000,0,-1,0
1785623925.683,-3.183,-2.193,11.588,0.9977,0,2.148,-0.307,-10.500,0.2634,1.273,0.575,-0.035,0.074,24.299,-5.331,1.8586,-0.1418,3.749,3.749,-0.142,-14.531,1.200,-2.500,0.0052,0.001,nan,0.00,0,1,0,0,0,0.0000,0.000,0,0.000,0,0.000,0,0,hsv,,hsv,0,0,0,0.000,0,-1,0
1785623925.719,-3.183,-2.193,11.588,0.9977,0,1.382,-0.307,-12.000,0.2634,1.264,0.581,-0.049,0.074,24.663,-4.565,-0.1204,-0.1418,3.749,2.093,-0.142,-14.531,1.200,-2.500,0.0052,0.001,nan,0.00,0,1,0,1,0,0.0000,0.000,0,0.000,0,0.000,0,0,hsv,,hsv,0,0,0,0.000,0,-1,0
1785623925.765,-3.415,-2.151,12.960,0.9975,0,1.146,-0.349,-12.000,0.2640,1.255,0.579,-0.059,0.073,24.780,-4.561,-0.0386,-0.1317,4.060,2.337,-0.132,-14.417,1.200,-2.500,0.0052,0.001,nan,0.00,0,1,0,1,0,0.0000,0.000,0,0.000,0,0.000,0,0,hsv,,hsv,0,0,0,0.000,0,-1,0
1785623925.791,-3.642,-2.113,14.293,0.9973,0,1.673,-0.387,-12.000,0.2644,1.255,0.579,-0.059,0.073,24.780,-5.315,2.0212,-0.1240,4.358,4.358,-0.124,-14.300,1.200,-2.500,0.0052,0.001,nan,0.00,0,1,0,0,0,0.0000,0.000,0,0.000,0,0.000,0,0,hsv,,hsv,0,0,0,0.000,0,-1,0
1785623925.825,-3.642,-2.113,14.293,0.9973,0,0.959,-0.387,-12.000,0.2644,1.246,0.569,-0.065,0.073,24.532,-4.601,0.1620,-0.1240,4.358,2.513,-0.124,-14.300,1.200,-2.500,0.0052,0.001,nan,0.00,0,1,0,1,0,0.0000,0.000,0,0.000,0,0.000,0,0,hsv,,hsv,0,0,0,0.000,0,-1,0
1785623925.857,-3.862,-2.070,15.779,0.9971,0,0.735,-0.430,-12.000,0.2647,1.239,0.548,-0.064,0.072,23.853,-4.597,0.2201,-0.1175,4.684,2.709,-0.117,-14.160,1.200,-2.500,0.0052,0.001,nan,0.00,0,1,0,1,0,0.0000,0.000,0,0.000,0,0.000,0,0,hsv,,hsv,0,0,0,0.000,0,-1,0
1785623925.883,-3.862,-2.070,15.779,0.9971,0,1.370,-0.430,-12.000,0.2647,1.239,0.548,-0.064,0.072,23.853,-5.232,1.9758,-0.1175,4.684,4.684,-0.117,-14.160,1.200,-2.500,0.0052,0.001,nan,0.00,0,1,0,0,0,0.0000,0.000,0,0.000,0,0.000,0,0,hsv,,hsv,0,0,0,0.000,0,-1,0
1785623925.919,-4.027,-2.031,17.147,0.9969,0,0.670,-0.469,-12.000,0.2649,1.233,0.523,-0.058,0.072,22.978,-4.698,0.5651,-0.1134,4.983,2.949,-0.113,-14.025,1.200,-2.500,0.0052,0.001,nan,0.00,0,1,0,1,0,0.0000,0.000,0,0.000,0,0.000,0,0,hsv,,hsv,0,0,0,0.000,0,-1,0
1785623925.964,-4.191,-1.990,18.598,0.9967,0,0.396,-0.510,-12.000,0.2651,1.228,0.497,-0.046,0.072,22.034,-4.588,0.3036,-0.1104,5.294,3.124,-0.110,-13.874,1.200,-2.500,0.0052,0.001,nan,0.00,0,1,0,1,0,0.0000,0.000,0,0.000,0,0.000,0,0,hsv,,hsv,0,0,0,0.000,0,-1,0
1785623925.990,-4.191,-1.990,18.598,0.9967,0,1.065,-0.510,-12.000,0.2651,1.228,0.497,-0.046,0.072,22.034,-5.256,2.1702,-0.1104,5.294,5.294,-0.110,-13.874,1.200,-2.500,0.0052,0.000,nan,0.00,0,1,0,0,0,0.0000,0.000,0,0.000,0,0.000,0,0,hsv,,hsv,0,0,0,0.000,0,-1,0
1785623926.027,-4.412,-1.949,20.081,0.9965,0,0.150,-0.551,-12.000,0.2653,1.224,0.474,-0.031,0.071,21.174,-4.561,0.2756,-0.1084,5.606,3.298,-0.108,-13.712,1.200,-2.500,0.0052,0.000,nan,0.00,0,1,0,1,0,0.0000,0.000,0,0.000,0,0.000,0,0,hsv,,hsv,0,0,0,0.000,0,-1,0
1785623926.067,-4.480,-1.910,21.514,0.9964,0,0.914,-0.590,-12.000,0.2653,1.224,0.474,-0.031,0.071,21.174,-5.393,2.6059,-0.1075,5.904,5.904,-0.108,-13.549,1.200,-2.500,0.0052,0.000,nan,0.00,0,1,0,0,0,0.0000,0.000,0,0.000,0,0.000,0,0,hsv,,hsv,0,0,0,0.000,0,-1,0
1785623926.103,-4.480,-1.910,21.514,0.9964,0,0.914,-0.590,-12.000,0.2653,1.224,0.474,-0.031,0.071,21.174,-5.393,2.6059,-0.1075,5.904,5.904,-0.108,-13.549,1.200,-2.500,0.0052,0.000,nan,0.00,0,1,0,0,0,0.0000,0.000,0,0.000,0,0.000,0,0,hsv,,hsv,0,0,0,0.000,0,-1,0
1785623926.134,-4.674,-1.874,22.942,0.9961,0,2.414,-0.626,-10.500,0.2654,nan,nan,nan,0.000,0.000,-10.000,0.0000,-0.1072,6.194,6.194,-0.107,-13.378,1.000,-2.500,0.0052,0.000,nan,0.00,0,0,0,0,0,0.0000,0.000,0,0.000,0,0.000,0,0,,,FLYING,0,0,0,0.000,0,-1,0
1785623926.175,-5.027,-1.855,24.078,0.9956,0,3.914,-0.645,-9.000,0.2656,nan,nan,nan,0.000,0.000,-10.000,0.0000,-0.1072,6.409,6.409,-0.107,-13.235,1.000,-2.500,0.0052,0.000,nan,0.00,0,0,0,0,0,0.0000,0.000,0,0.000,0,0.000,0,0,,,FLYING,0,0,0,0.000,0,-1,0
1785623926.209,-5.027,-1.855,24.078,0.9956,0,4.973,-0.645,-7.500,0.2656,nan,nan,nan,0.000,0.000,-10.000,0.0000,-0.1072,6.409,6.409,-0.107,-13.235,1.000,-2.500,0.0052,0.000,nan,0.00,0,0,0,0,0,0.0000,0.000,0,0.000,0,0.000,0,0,,,FLYING,0,0,0,0.000,0,-1,0
1785623926.242,-5.595,-1.845,25.110,0.9947,0,4.405,-0.655,-6.000,0.2658,nan,nan,nan,0.000,0.000,-10.000,0.0000,-0.1071,6.584,6.584,-0.107,-13.099,1.000,-2.500,0.0052,0.000,nan,0.00,0,0,0,0,0,0.0000,0.000,0,0.000,0,0.000,0,0,,,FLYING,0,0,0,0.000,0,-1,0
1785623926.287,-6.188,-1.865,25.773,0.9936,0,3.812,-0.635,-4.500,0.2661,nan,nan,nan,0.000,0.000,-10.000,0.0000,-0.1069,6.666,6.666,-0.107,-13.003,1.000,-2.500,0.0052,0.000,nan,0.00,0,0,0,0,0,0.0000,0.000,0,0.000,0,0.000,0,0,,,FLYING,0,0,0,0.000,0,-1,0
1785623926.318,-6.188,-1.865,25.773,0.9936,0,3.812,-0.635,-3.000,0.2661,nan,nan,nan,0.000,0.000,-10.000,0.0000,-0.1069,6.666,6.666,-0.107,-13.003,1.000,-2.500,0.0052,0.000,nan,0.00,0,0,0,0,0,0.0000,0.000,0,0.000,0,0.000,0,0,,,FLYING,0,0,0,0.000,0,-1,0
1785623926.363,-6.651,-1.891,26.228,0.9927,0,3.349,-0.609,-1.500,0.2664,nan,nan,nan,0.000,0.000,-10.000,0.0000,-0.1067,6.701,6.701,-0.107,-12.932,1.000,-2.500,0.0052,0.000,nan,0.00,0,0,0,0,0,0.0000,0.000,0,0.000,0,0.000,0,0,,,FLYING,0,0,0,0.000,0,-1,0
1785623926.390,-7.154,-1.933,26.564,0.9917,0,4.849,-0.567,0.000,0.2667,4.000,-1.210,0.000,0.233,-16.824,-14.000,-0.0000,-0.1064,6.699,6.699,-0.106,-12.873,1.200,-2.500,0.0052,0.000,nan,0.00,0,1,0,1,1,0.0000,0.240,0,0.024,1,0.497,0,1,blueline,,BLUELINE,0,0,0,0.000,0,-1,0
1785623926.421,-7.757,-2.006,26.557,0.9902,0,6.243,-0.494,1.500,0.2671,4.000,-1.210,0.000,0.233,-16.824,-14.000,-0.0844,-0.1062,6.615,6.615,-0.106,-12.856,1.200,-2.500,0.0052,0.000,nan,0.00,0,1,0,0,1,0.0000,0.240,0,0.024,1,0.497,0,0,blueline,,BLUELINE,0,0,0,0.000,0,-1,0
1785623926.452,-7.757,-2.006,26.557,0.9902,0,6.243,-0.494,3.000,0.2671,4.000,-1.220,0.000,0.233,-16.963,-14.000,0.2908,-0.1062,6.615,6.615,-0.106,-12.856,1.200,-2.500,0.0052,0.000,nan,0.00,0,1,0,1,1,0.0000,0.239,0,0.023,1,0.499,0,0,blueline,,BLUELINE,0,0,0,0.000,0,-1,0
1785623926.483,-8.613,-2.140,26.114,0.9880,0,5.387,-0.360,4.500,0.2677,4.000,-1.220,0.000,0.233,-16.963,-14.000,-0.2078,-0.1057,6.407,6.407,-0.106,-12.885,1.200,-2.500,0.0052,0.000,nan,0.00,0,1,0,0,1,0.0000,0.239,0,0.023,1,0.499,0,0,blueline,,BLUELINE,0,0,0,0.000,0,-1,0
1785623926.515,-8.613,-2.140,26.114,0.9880,0,5.116,-0.360,6.000,0.2677,4.000,-1.167,0.000,0.233,-16.264,-13.729,-0.7324,-0.1057,6.407,6.407,-0.106,-12.885,1.200,-2.500,0.0052,0.000,nan,0.00,0,1,0,1,1,0.0000,0.242,0,0.028,1,0.489,0,0,blueline,,BLUELINE,0,0,0,0.000,0,-1,0
1785623926.552,-9.291,-2.326,25.285,0.9861,0,3.616,-0.174,4.500,0.2682,nan,nan,nan,0.000,0.000,-10.000,0.0000,-0.1055,6.103,6.103,-0.105,-12.952,1.000,-2.500,0.0052,0.000,nan,0.00,0,0,0,0,1,0.0000,0.259,0,0.056,1,0.546,0,0,,,FLYING,0,0,0,0.000,0,-1,0
1785623926.580,-9.291,-2.326,25.285,0.9861,0,2.116,-0.174,3.000,0.2682,nan,nan,nan,0.000,0.000,-10.000,0.0000,-0.1055,6.103,6.103,-0.105,-12.952,1.000,-2.500,0.0052,0.000,nan,0.00,0,0,0,0,1,0.0000,0.259,0,0.056,1,0.546,0,0,,,FLYING,0,0,0,0.000,0,-1,0
1785623926.606,-9.732,-2.432,24.777,0.9847,0,3.616,-0.068,4.500,0.2686,4.000,-0.847,0.000,0.233,-11.956,-14.000,-0.0000,-0.1060,5.882,5.882,-0.106,-12.983,1.200,-2.500,0.0052,0.000,nan,0.00,0,1,0,1,1,0.0000,0.392,0,0.115,1,0.558,0,0,blueline,,BLUELINE,0,0,0,0.000,0,-1,0
1785623926.637,-9.732,-2.432,24.777,0.9847,0,4.268,-0.068,6.000,0.2686,4.000,-0.847,0.000,0.233,-11.956,-14.000,0.0000,-0.1060,5.882,5.882,-0.106,-12.983,1.200,-2.500,0.0052,0.000,nan,0.00,0,1,0,0,1,0.0000,0.392,0,0.115,1,0.558,0,0,blueline,,BLUELINE,0,0,0,0.000,0,-1,0
1785623926.667,-10.365,-2.595,23.934,0.9827,0,3.635,0.095,7.500,0.2691,4.000,-0.847,0.000,0.233,-11.956,-14.000,-0.3244,-0.1070,5.558,5.558,-0.107,-13.040,1.200,-2.500,0.0052,0.000,nan,0.00,0,1,0,0,1,0.0000,0.392,0,0.115,1,0.558,0,0,blueline,,BLUELINE,0,0,0,0.000,0,-1,0
1785623926.697,-10.365,-2.595,23.934,0.9827,0,2.135,0.095,9.000,0.2691,4.000,-0.730,0.000,0.233,-10.343,-10.643,-3.3771,-0.1070,5.558,5.558,-0.107,-13.040,1.200,-2.500,0.0052,0.000,nan,0.00,0,1,0,1,1,0.0000,0.405,0,0.131,1,0.578,0,0,blueline,,BLUELINE,0,0,0,0.000,0,-1,0
1785623926.721,-10.601,-2.824,22.640,0.9817,0,3.044,0.324,9.959,0.2692,4.000,-0.702,0.000,0.233,-9.959,-13.645,-0.8044,-0.1093,5.139,5.139,-0.109,-13.135,1.200,-2.500,0.0052,0.000,nan,0.00,0,1,0,1,1,0.0000,0.405,0,0.131,1,0.578,0,0,blueline,,BLUELINE,0,0,0,0.000,0,-1,0
1785623926.744,-10.601,-2.824,22.640,0.9817,0,3.399,0.324,9.959,0.2692,4.000,-0.702,0.000,0.233,-9.959,-14.000,0.0000,-0.1093,5.139,5.139,-0.109,-13.135,1.200,-2.500,0.0052,0.000,nan,0.00,0,1,0,0,1,0.0000,0.405,0,0.131,1,0.578,0,0,blueline,,BLUELINE,0,0,0,0.000,0,-1,0
1785623926.775,-11.067,-3.029,21.306,0.9800,0,2.933,0.529,8.543,0.2696,4.000,-0.601,0.000,0.667,-8.543,-14.000,-1.4828,-0.1120,4.701,4.701,-0.112,-13.221,1.830,-2.500,0.0052,0.000,nan,0.00,1,1,0,1,1,0.0000,0.564,0,0.189,1,0.599,0,0,blueline,,BLUELINE,0,0,0,0.000,0,-1,0
1785623926.804,-11.067,-3.029,21.306,0.9800,0,2.933,0.529,8.543,0.2696,4.000,-0.601,0.000,0.667,-8.543,-14.000,0.0000,-0.1120,4.701,4.701,-0.112,-13.221,1.830,-2.500,0.0052,0.000,nan,0.00,1,1,0,0,1,0.0000,0.564,0,0.189,1,0.599,0,0,blueline,,BLUELINE,0,0,0,0.000,0,-1,0
1785623926.838,-11.396,-3.152,20.331,0.9788,0,2.604,0.652,7.043,0.2698,4.000,-0.435,0.000,0.667,-6.208,-14.000,-2.4459,-0.1149,4.363,4.363,-0.115,-13.272,1.986,-2.500,0.0052,0.000,nan,0.00,1,1,0,1,1,0.0000,0.574,0,0.199,1,0.666,0,0,blueline,,BLUELINE,0,0,0,0.000,0,-1,0
1785623926.877,-11.396,-3.152,20.331,0.9788,0,1.519,0.652,5.543,0.2698,4.000,0.990,0.000,0.233,13.902,-12.915,-0.0000,-0.1149,4.363,4.363,-0.115,-13.272,1.200,-2.500,0.0052,0.000,nan,-8.00,0,1,0,1,1,-0.4513,0.600,1,0.272,1,0.724,0,1,track,,TRACK,0,0,0,0.000,0,-1,0
1785623926.915,-11.690,-3.227,19.553,0.9777,0,0.019,0.727,4.043,0.2699,4.000,0.990,0.000,0.233,13.902,-11.311,-0.2900,-0.1180,4.073,4.073,-0.118,-13.303,1.200,-2.500,0.0052,0.000,nan,-8.00,0,1,0,0,1,-0.4513,0.600,1,0.272,1,0.724,0,0,track,,TRACK,0,0,0,0.000,0,-1,0
1785623926.946,-11.642,-3.223,19.115,0.9779,0,-1.481,0.723,2.543,0.2866,19.796,4.553,-2.653,1.000,12.953,14.000,-0.0000,-0.0000,3.873,3.873,-0.122,-13.306,1.200,-2.500,0.0052,-2.399,nan,-8.00,1,1,1,1,1,-0.4854,0.600,1,0.280,1,0.760,0,1,yolo,118.7,yolo,0,0,0,0.000,0,-1,0
1785623926.983,-11.642,-3.223,19.115,0.9779,0,-2.981,0.723,1.043,0.3033,19.796,4.553,-2.653,1.000,12.953,14.000,0.0000,-0.1222,3.873,3.873,-0.122,-13.306,1.200,-2.500,0.0052,-2.399,nan,-8.00,1,1,1,0,1,-0.5109,0.600,1,0.280,1,0.760,2,0,yolo,118.7,yolo,0,0,0,0.000,0,-1,0
1785623927.009,-11.244,-3.162,18.915,0.9793,0,-4.481,0.662,-0.457,0.3199,19.796,4.553,-2.653,1.000,12.953,14.000,-0.1371,-0.1417,3.736,3.736,-0.142,-13.290,1.200,-2.500,0.0052,-2.393,nan,0.00,1,1,1,0,1,0.0000,0.350,0,0.283,2,0.767,0,0,yolo,118.7,yolo,0,0,0,0.000,0,-1,0
1785623927.046,-11.244,-3.162,18.915,0.9793,0,-5.981,0.662,-1.957,0.3366,19.563,4.825,-2.599,1.000,13.856,14.000,-3.0808,0.1285,3.736,1.969,-0.142,-13.290,1.200,-2.500,0.0052,-2.406,nan,0.00,1,1,1,1,1,0.0000,0.350,0,0.283,2,0.767,1,0,yolo,113.6,yolo,0,0,0,0.000,0,-1,0
1785623927.085,-10.620,-3.046,19.021,0.9815,0,-7.481,0.546,-3.457,0.3266,19.563,4.825,-2.599,1.000,13.856,10.457,1.7152,-0.1930,3.684,3.684,-0.193,-13.253,1.200,-2.500,0.0052,-2.400,nan,0.00,1,1,1,0,1,0.0000,0.700,0,0.284,2,0.750,0,0,yolo,113.6,yolo,0,0,0,0.000,0,-1,0
1785623927.116,-9.512,-2.870,19.548,0.9850,0,-8.981,0.370,-4.957,0.3210,19.563,4.825,-2.599,1.000,13.856,9.848,1.7806,-0.2902,3.749,3.749,-0.290,-13.189,1.200,-2.500,0.0052,-2.377,nan,0.00,1,1,1,0,1,0.0000,0.718,0,0.223,2,0.761,0,0,yolo,113.6,yolo,0,0,0,0.000,0,-1,0
1785623927.148,-9.512,-2.870,19.548,0.9850,0,-10.481,0.370,-6.457,0.3225,19.224,5.309,-2.484,1.000,15.438,14.000,-7.9638,-0.2570,3.749,1.057,-0.290,-13.189,1.200,-2.500,0.0052,-2.360,nan,0.00,1,1,1,1,1,0.0000,0.718,0,0.223,2,0.761,0,0,yolo,114.5,yolo,0,0,0,0.000,0,-1,0
1785623927.186,-8.079,-2.687,20.414,0.9890,0,-11.981,0.187,-7.957,0.3139,19.224,5.309,-2.484,1.000,15.438,7.571,2.8603,-0.4182,3.917,3.917,-0.418,-13.105,1.200,-2.500,0.0052,-2.300,nan,0.00,1,1,1,0,1,0.0000,0.721,0,0.225,2,0.763,0,0,yolo,114.5,yolo,0,0,0,0.000,0,-1,0
1785623927.220,-8.079,-2.687,20.414,0.9890,0,-13.481,0.187,-9.457,0.3139,19.224,5.309,-2.484,1.000,15.438,7.571,2.8603,-0.4182,3.917,3.917,-0.418,-13.105,1.200,-2.500,0.0052,-2.300,nan,0.00,1,1,1,0,1,0.0000,0.721,0,0.225,2,0.763,1,0,yolo,114.5,yolo,0,0,0,0.000,0,-1,0
1785623927.261,-6.577,-2.507,21.153,0.9925,0,-14.981,0.007,-10.957,0.3187,14.423,5.256,-1.610,1.000,20.023,14.000,-0.0000,-0.0000,4.069,4.069,-0.571,-13.029,1.200,-2.500,0.0052,-1.568,nan,0.00,1,1,1,1,1,0.0000,0.718,0,0.223,2,0.810,0,1,anduril,,anduril,0,0,0,0.000,0,-1,0
1785623927.301,-3.530,-3.846,18.372,0.9959,0,-16.481,1.346,-12.000,0.3020,14.423,5.256,-1.610,1.000,20.023,14.000,-0.0000,-0.0000,3.423,3.423,-0.898,-13.174,1.200,-2.500,0.0053,-0.959,nan,0.00,1,1,1,1,1,0.0000,0.718,0,0.223,2,0.810,0,0,anduril,,anduril,0,0,0,0.000,0,-1,0
1785623927.338,-3.530,-3.846,18.372,0.9959,0,-17.530,1.346,-12.000,0.3187,14.594,5.316,-1.678,1.000,20.014,14.000,0.0362,0.9020,3.423,1.154,-0.898,-13.174,1.200,-2.500,0.0053,-1.019,nan,0.00,1,1,1,1,1,0.0000,0.717,0,0.223,2,0.809,0,0,anduril,,anduril,0,0,0,0.000,0,-1,0
1785623927.364,-1.231,-3.598,23.246,0.9978,0,-16.030,1.098,-12.000,0.3020,14.594,5.316,-1.678,1.000,20.014,8.221,3.3885,-1.1602,4.542,4.542,-1.160,-12.803,1.200,-2.500,0.0054,-0.872,nan,0.00,1,1,1,0,1,0.0000,0.717,0,0.223,2,0.809,0,0,anduril,,anduril,0,0,0,0.000,0,-1,0
1785623927.399,1.054,-3.670,23.503,0.9978,0,-14.530,1.170,-12.000,0.2854,14.594,5.316,-1.678,1.000,20.014,14.000,-0.0000,-0.0000,4.611,4.611,-1.363,-12.753,1.200,-2.500,0.0055,-0.642,nan,0.00,1,1,1,1,1,0.0000,0.717,0,0.223,2,0.809,3,1,yolo,123.6,yolo,0,0,0,0.000,0,-1,0
1785623927.442,1.054,-3.670,23.503,0.9978,0,-13.030,1.170,-12.000,0.2702,14.594,5.316,-1.678,1.000,20.014,14.000,-0.0000,-0.0000,4.611,4.611,-1.363,-12.753,1.200,-2.500,0.0056,-0.642,nan,0.00,1,1,1,1,1,0.0000,0.668,0,0.182,2,0.686,0,0,yolo,123.6,yolo,0,0,0,0.000,0,-1,0
1785623927.477,3.233,-3.786,25.231,0.9962,0,-11.530,1.286,-12.000,0.2706,15.077,5.537,-1.736,1.000,20.166,14.000,-0.0000,-0.0000,5.013,5.013,-1.548,-12.575,1.200,-2.500,0.0056,-0.422,nan,0.00,1,1,1,1,1,0.0000,0.698,0,0.207,2,0.717,0,0,yolo,123.6,yolo,0,0,0,0.000,0,-1,0
1785623927.504,4.787,-3.849,26.754,0.9943,0,-10.030,1.349,-12.000,0.2712,15.077,5.537,-1.736,1.000,20.166,14.000,-0.0000,-0.0000,5.378,5.378,-1.642,-12.402,1.200,-2.500,0.0056,-0.253,nan,0.00,1,1,1,1,1,0.0000,0.698,0,0.207,2,0.717,0,0,yolo,123.6,yolo,0,0,0,0.000,0,-1,0
1785623927.541,4.787,-3.849,26.754,0.9943,0,-8.530,1.349,-12.000,0.2712,17.196,4.593,-1.755,1.000,14.954,11.357,-0.0000,-0.0000,5.378,5.378,-1.642,-12.402,1.454,-2.500,0.0056,-0.209,nan,0.00,1,1,1,1,1,0.0000,0.698,0,0.207,2,0.717,2,0,yolo,121.7,yolo,0,0,0,0.000,0,-1,0
1785623927.581,5.934,-3.911,28.122,0.9923,0,-7.030,1.411,-12.000,0.2717,17.196,4.593,-1.755,1.000,14.954,9.705,-0.0000,-0.0000,5.710,5.710,-1.559,-12.239,1.454,-2.500,0.0056,-0.095,nan,0.00,1,1,1,1,1,0.0000,0.687,0,0.197,2,0.672,0,0,yolo,121.7,yolo,0,0,0,0.000,0,-1,0
1785623927.619,6.870,-3.972,29.566,0.9904,0,-5.530,1.472,-12.000,0.2722,17.438,4.703,-1.784,1.000,15.095,8.733,-0.0000,-0.0000,6.065,6.065,-1.504,-12.059,1.442,-2.500,0.0056,0.002,nan,0.00,1,1,1,1,1,0.0000,0.687,0,0.197,2,0.672,1,0,yolo,121.7,yolo,0,0,0,0.000,0,-1,0
1785623927.653,6.870,-3.972,29.566,0.9904,0,-4.030,1.472,-12.000,0.2721,17.921,4.925,-1.843,1.000,15.366,10.259,-0.0000,-0.0000,6.065,6.065,-1.504,-12.059,1.420,-2.500,0.0056,0.004,nan,0.00,1,1,1,1,1,-0.7843,0.300,1,0.256,1,0.632,2,0,yolo,121.7,yolo,0,0,0,0.000,0,-1,0
1785623927.690,7.566,-4.024,30.946,0.9889,0,-2.530,1.524,-12.000,0.2702,17.921,4.925,-1.843,1.000,15.366,8.617,-0.0000,-0.0000,6.409,6.409,-1.464,-11.878,1.420,-2.500,0.0056,0.082,nan,0.00,1,1,1,1,1,-0.7899,0.300,1,0.267,1,0.618,0,0,yolo,121.7,yolo,0,0,0,0.000,0,-1,0
1785623927.728,7.854,-4.070,32.362,0.9881,0,-1.030,1.570,-10.500,0.2690,18.162,5.035,-1.872,1.000,15.495,7.676,-0.0000,-0.0000,6.768,6.768,-1.434,-11.683,1.409,-2.500,0.0056,0.126,nan,-8.00,1,1,1,1,1,-0.7940,0.600,1,0.267,1,0.618,1,0,yolo,121.7,yolo,0,0,0,0.000,0,-1,0
1785623927.763,7.854,-4.070,32.362,0.9881,0,-0.580,1.570,-9.000,0.2524,18.403,5.146,-1.901,1.000,15.622,8.434,0.0000,-1.4336,6.768,6.768,-1.434,-11.683,1.398,-2.500,0.0056,0.130,nan,-8.00,1,1,1,0,1,-0.8021,0.600,1,0.276,1,0.619,2,0,yolo,121.7,yolo,0,0,0,0.000,0,-1,0
1785623927.799,7.982,-4.075,33.577,0.9878,0,0.920,1.575,-10.500,0.2357,18.403,5.146,-1.901,1.000,15.622,5.370,0.3173,-1.4182,7.086,7.086,-1.418,-11.504,1.398,-2.500,0.0056,0.143,nan,0.00,1,1,1,0,1,-0.5839,0.175,1,0.285,2,0.632,0,0,yolo,121.7,yolo,0,0,0,0.000,0,-1,0
1785623927.830,7.832,-4.075,34.847,0.9882,0,2.420,1.575,-12.000,0.2190,18.403,5.146,-1.901,1.000,15.622,2.170,0.6485,-1.3709,7.417,7.417,-1.371,-11.311,1.398,-2.500,0.0056,0.129,nan,0.00,1,1,1,0,1,-0.5839,0.175,1,0.285,2,0.632,0,0,yolo,121.7,yolo,0,0,0,0.000,0,-1,0
1785623927.868,7.832,-4.075,34.847,0.9882,0,3.920,1.575,-12.000,0.2065,18.403,5.146,-1.901,1.000,15.622,2.170,0.6485,-1.3709,7.417,7.417,-1.371,-11.311,1.398,-2.500,0.0056,0.129,nan,0.00,1,1,1,0,1,-0.3658,0.175,1,0.289,2,0.661,0,0,yolo,121.7,yolo,0,0,0,0.000,0,-1,0
1785623927.908,7.466,-4.094,36.371,0.9890,0,2.420,1.594,-12.000,0.2231,11.252,5.823,-2.079,1.000,25.000,14.000,-0.0000,-0.0000,7.794,7.794,-1.277,-11.075,1.200,-2.500,0.0056,-0.498,nan,0.00,1,1,1,1,1,-0.2567,0.350,1,0.289,2,0.661,0,0,yolo,126.5,yolo,0,0,0,0.000,0,-1,0
1785623927.938,7.129,-4.091,37.777,0.9897,0,0.920,1.591,-12.000,0.2361,11.252,5.823,-2.079,1.000,25.000,10.271,0.3395,-1.1561,8.134,8.134,-1.156,-10.848,1.200,-2.500,0.0057,-0.534,nan,0.00,1,1,1,0,1,-0.1476,0.350,1,0.287,2,0.670,0,0,yolo,126.5,yolo,0,0,0,0.000,0,-1,0
1785623927.969,7.129,-4.091,37.777,0.9897,0,-0.580,1.591,-12.000,0.2362,11.252,5.823,-2.079,1.000,25.000,10.271,0.3395,-1.1561,8.134,8.134,-1.156,-10.848,1.200,-2.500,0.0057,-0.534,nan,0.00,1,1,1,0,1,-0.0385,0.350,1,0.287,2,0.670,0,0,yolo,126.5,yolo,0,0,0,0.000,0,-1,0
1785623928.005,6.990,-4.076,39.062,0.9901,0,0.497,1.576,-12.000,0.2425,11.252,5.823,-2.079,1.000,25.000,6.493,0.6395,-1.0275,8.434,8.434,-1.028,-10.634,1.200,-2.500,0.0058,-0.552,nan,0.00,1,1,1,0,1,0.0706,0.350,1,0.278,2,0.674,0,0,yolo,126.5,yolo,0,0,0,0.000,0,-1,0
1785623928.036,6.879,-4.059,40.289,0.9903,0,-1.003,1.559,-12.000,0.2592,11.292,5.616,-2.076,1.000,25.000,14.000,-0.0000,0.2032,8.714,4.817,-0.895,-10.424,1.200,-2.500,0.0058,-0.586,nan,0.00,1,1,1,1,1,0.0706,0.350,1,0.278,2,0.674,0,0,yolo,140.3,yolo,0,0,0,0.000,0,-1,0
1785623928.068,6.879,-4.059,40.289,0.9903,0,0.497,1.559,-12.000,0.2496,11.292,5.616,-2.076,1.000,25.000,-14.000,3.8966,-0.8945,8.714,8.714,-0.895,-10.424,1.200,-2.500,0.0059,-0.586,nan,0.00,1,1,1,0,1,0.1796,0.350,1,0.278,2,0.674,1,0,yolo,140.3,yolo,0,0,0,0.000,0,-1,0
1785623928.108,6.945,-4.039,41.620,0.9902,0,1.997,1.539,-12.000,0.2549,11.292,5.616,-2.076,1.000,25.000,-14.000,4.1917,-0.7780,9.009,9.009,-0.778,-10.190,1.200,-2.500,0.0060,-0.583,nan,0.00,1,1,1,0,1,0.0000,0.732,0,0.235,2,0.684,0,0,yolo,140.3,yolo,0,0,0,0.000,0,-1,0
1785623928.138,6.584,-4.016,42.950,0.9910,0,0.497,1.516,-12.000,0.2716,11.382,5.260,-2.049,1.000,24.801,14.000,0.2963,0.3646,9.304,4.952,-0.699,-9.949,1.200,-2.500,0.0060,-0.632,nan,0.00,1,1,1,1,1,0.0000,0.721,0,0.226,2,0.682,0,0,yolo,120.9,yolo,0,0,0,0.000,0,-1,0
1785623928.169,6.483,-3.988,44.244,0.9912,0,1.997,1.488,-12.000,0.2625,11.382,5.260,-2.049,1.000,24.801,-14.000,4.6288,-0.6516,9.580,9.580,-0.652,-9.709,1.200,-2.500,0.0061,-0.647,nan,0.00,1,1,1,0,1,0.0000,0.721,0,0.226,2,0.682,0,0,yolo,120.9,yolo,0,0,0,0.000,0,-1,0
1785623928.205,6.483,-3.988,44.244,0.9912,0,3.497,1.488,-12.000,0.2625,11.382,5.260,-2.049,1.000,24.801,-14.000,4.6288,-0.6516,9.580,9.580,-0.652,-9.709,1.200,-2.500,0.0062,-0.647,nan,0.00,1,1,1,0,1,0.0000,0.721,0,0.226,2,0.682,2,0,yolo,120.9,yolo,0,0,0,0.000,0,-1,0
1785623928.246,5.903,-3.954,45.661,0.9923,0,4.997,1.454,-12.000,0.2657,11.382,5.260,-2.049,1.000,24.801,-14.000,4.9285,-0.6181,9.880,9.880,-0.618,-9.440,1.200,-2.500,0.0062,-0.709,nan,0.00,1,1,1,0,1,0.0000,0.719,0,0.224,2,0.688,0,0,yolo,120.9,yolo,0,0,0,0.000,0,-1,0
1785623928.286,5.231,-3.910,46.969,0.9935,0,6.497,1.410,-12.000,0.2783,11.425,4.731,-1.899,1.000,22.494,-6.478,4.6010,-0.3143,10.147,5.678,-0.601,-9.186,1.200,-2.500,0.0063,-0.677,nan,0.00,1,1,1,1,1,0.0000,0.719,0,0.224,2,0.688,1,0,yolo,127.8,yolo,0,0,0,0.000,0,-1,0
1785623928.327,4.424,-3.855,48.200,0.9948,0,7.997,1.355,-12.000,0.2676,11.425,4.731,-1.899,1.000,22.494,-14.000,4.7091,-0.5971,10.387,10.387,-0.597,-8.941,1.200,-2.500,0.0064,-0.757,nan,0.00,1,1,1,0,1,0.0000,0.726,0,0.230,2,0.710,0,0,yolo,127.8,yolo,0,0,0,0.000,0,-1,0
1785623928.368,3.350,-3.780,49.558,0.9961,0,9.497,1.280,-12.000,0.2704,11.425,4.731,-1.899,1.000,22.494,-14.000,4.9590,-0.5997,10.637,10.637,-0.600,-8.666,1.200,-2.500,0.0065,-0.862,nan,0.00,1,1,1,0,1,0.0000,0.305,0,0.234,1,0.770,0,0,yolo,127.8,yolo,0,0,0,0.000,0,-1,0
1785623928.399,3.350,-3.780,49.558,0.9961,0,10.997,1.280,-12.000,0.2705,11.425,4.731,-1.899,1.000,22.494,-14.000,4.9590,-0.5997,10.637,10.637,-0.600,-8.666,1.200,-2.500,0.0065,-0.862,nan,0.00,1,1,1,0,1,0.0000,0.305,0,0.234,1,0.770,0,0,yolo,127.8,yolo,0,0,0,0.000,0,-1,0
1785623928.437,1.998,-3.692,50.801,0.9973,0,12.497,1.192,-12.000,0.2740,11.425,4.731,-1.899,1.000,22.494,-14.000,5.1712,-0.6047,10.849,10.849,-0.605,-8.410,1.200,-2.500,0.0066,-0.993,nan,0.00,1,1,1,0,1,0.0000,0.296,0,0.217,1,0.810,0,0,yolo,127.8,yolo,0,0,0,0.000,0,-1,0
1785623928.477,0.585,-3.590,51.974,0.9980,0,13.997,1.090,-12.000,0.2775,11.425,4.731,-1.899,1.000,22.494,-14.000,5.3515,-0.6139,11.029,11.029,-0.614,-8.165,1.200,-2.500,0.0066,-1.132,nan,0.00,1,1,1,0,1,0.0000,0.296,0,0.217,1,0.810,0,0,yolo,127.8,yolo,0,0,0,0.000,0,-1,0
1785623928.507,-1.131,-3.456,53.239,0.9980,0,12.869,0.956,-12.000,0.2819,11.425,4.731,-1.899,1.000,22.494,-14.000,5.5198,-0.6294,11.198,11.198,-0.629,-7.897,1.200,-2.500,0.0066,-1.300,nan,0.00,1,1,1,0,1,0.0000,0.587,0,0.212,1,0.807,0,0,yolo,127.8,yolo,0,0,0,0.000,0,-1,0
1785623928.539,-1.131,-3.456,53.239,0.9980,0,12.869,0.956,-12.000,0.2819,11.425,4.731,-1.899,1.000,22.494,-14.000,5.5198,-0.6294,11.198,11.198,-0.629,-7.897,1.200,-2.500,0.0066,-1.300,nan,0.00,1,1,1,0,1,0.0000,0.587,0,0.212,1,0.807,0,0,yolo,127.8,yolo,0,0,0,0.000,0,-1,0
1785623928.575,-2.555,-3.314,54.405,0.9973,0,11.445,0.814,-12.000,0.2985,16.249,3.997,-1.806,1.000,13.818,-14.000,-0.0000,-0.0000,11.330,11.330,-0.646,-7.648,1.273,-2.500,0.0066,-1.040,nan,0.00,1,1,1,1,1,0.0000,0.577,0,0.202,1,0.798,0,0,yolo,126.6,yolo,0,0,0,0.000,0,-1,0
1785623928.617,-4.137,-3.121,55.831,0.9959,0,9.945,0.621,-12.000,0.2819,16.249,3.997,-1.806,1.000,13.818,-14.000,0.1345,-0.6813,11.465,11.465,-0.681,-7.340,1.217,-2.500,0.0066,-1.202,nan,0.00,1,1,1,0,1,0.0000,0.573,0,0.198,1,0.801,0,0,yolo,126.6,yolo,0,0,0,0.000,0,-1,0
1785623928.648,-4.137,-3.121,55.831,0.9959,0,9.863,0.621,-12.000,0.2772,16.249,3.997,-1.806,1.000,13.818,-14.000,0.1345,-0.6813,11.465,11.465,-0.681,-7.340,1.217,-2.500,0.0066,-1.202,nan,0.00,1,1,1,0,1,0.0000,0.573,0,0.198,1,0.801,0,0,yolo,126.6,yolo,0,0,0,0.000,0,-1,0
1785623928.679,-5.419,-2.932,57.160,0.9942,0,8.363,0.432,-12.000,0.2938,17.093,4.102,-1.871,1.000,13.495,-2.246,0.7233,1.2784,11.569,6.564,-0.717,-7.052,1.200,-2.500,0.0066,-1.373,nan,0.00,1,1,1,1,1,0.0000,0.579,0,0.204,1,0.796,0,0,yolo,124.9,yolo,0,0,0,0.000,0,-1,0
1785623928.710,-6.414,-2.758,58.365,0.9926,0,7.586,0.258,-12.000,0.2834,17.093,4.102,-1.871,1.000,13.495,-14.000,5.0862,-0.7579,11.650,11.650,-0.758,-6.789,1.200,-2.500,0.0066,-1.492,nan,0.00,1,1,1,0,1,0.0000,0.579,0,0.204,1,0.796,0,0,yolo,124.9,yolo,0,0,0,0.000,0,-1,0
1785623928.747,-6.414,-2.758,58.365,0.9926,0,7.586,0.258,-12.000,0.2834,17.093,4.102,-1.871,1.000,13.495,-14.000,5.0862,-0.7579,11.650,11.650,-0.758,-6.789,1.200,-2.500,0.0066,-1.492,nan,0.00,1,1,1,0,1,0.0000,0.354,0,0.215,2,0.788,0,0,yolo,124.9,yolo,0,0,0,0.000,0,-1,0
1785623928.772,-7.355,-2.577,59.602,0.9908,0,6.645,0.077,-12.000,0.2856,17.093,4.102,-1.871,1.000,13.495,-14.000,5.1569,-0.7998,11.721,11.721,-0.800,-6.518,1.200,-2.500,0.0066,-1.610,nan,0.00,1,1,1,0,1,0.0000,0.354,0,0.215,2,0.788,0,0,yolo,124.9,yolo,0,0,0,0.000,0,-1,0
1785623928.811,-8.176,-2.400,60.830,0.9890,0,5.824,-0.100,-11.997,0.2689,17.978,3.820,-1.716,1.000,11.997,-14.000,4.6985,-1.2207,11.780,7.217,-0.841,-6.248,1.200,-2.500,0.0066,-1.488,nan,0.00,1,1,1,1,1,0.0000,0.361,0,0.226,2,0.766,0,0,yolo,130.7,yolo,0,0,0,0.000,0,-1,0
1785623928.849,-8.914,-2.221,62.083,0.9872,0,5.086,-0.279,-11.997,0.2832,17.978,3.820,-1.716,1.000,11.997,-14.000,4.6145,-0.8607,11.832,11.832,-0.861,-5.972,1.200,-2.500,0.0066,-1.589,nan,0.00,1,1,1,0,1,0.0000,0.361,0,0.226,2,0.734,0,0,yolo,130.7,yolo,0,0,0,0.000,0,-1,0
1785623928.879,-8.914,-2.221,62.083,0.9872,0,5.086,-0.279,-11.997,0.2832,17.978,3.820,-1.716,1.000,11.997,-14.000,4.6145,-0.8607,11.832,11.832,-0.861,-5.972,1.200,-2.500,0.0066,-1.589,nan,0.00,1,1,1,0,1,0.0000,0.720,0,0.225,2,0.715,0,0,yolo,130.7,yolo,0,0,0,0.000,0,-1,0
1785623928.911,-9.541,-2.056,63.285,0.9855,0,4.459,-0.444,-11.997,0.2856,17.978,3.820,-1.716,1.000,11.997,-14.000,4.6554,-0.8787,11.873,11.873,-0.879,-5.707,1.200,-2.500,0.0066,-1.680,nan,0.00,1,1,1,0,1,0.0000,0.720,0,0.225,2,0.715,0,0,yolo,130.7,yolo,0,0,0,0.000,0,-1,0
1785623928.949,-10.071,-1.904,64.431,0.9840,0,3.929,-0.596,-10.500,0.2690,17.861,3.310,-1.470,1.000,10.500,-14.000,2.8002,-1.4895,11.905,7.668,-0.891,-5.455,1.200,-2.500,0.0066,-1.431,nan,0.00,1,1,1,1,1,0.0000,0.700,0,0.281,2,0.723,0,0,yolo,128.8,yolo,0,0,0,0.000,0,-1,0
1785623928.990,-10.561,-1.778,65.488,0.9826,0,3.439,-0.722,-10.500,0.2802,17.861,3.310,-1.470,1.000,10.500,-14.000,4.2491,-0.8928,11.917,11.917,-0.893,-5.220,1.200,-2.500,0.0066,-1.496,nan,0.00,1,1,1,0,1,0.0000,0.700,0,0.281,2,0.723,0,0,yolo,128.8,yolo,0,0,0,0.000,0,-1,0
1785623929.020,-11.037,-1.650,66.500,0.9811,0,2.963,-0.850,-10.500,0.2832,17.861,3.310,-1.470,1.000,10.500,-14.000,4.2529,-0.8809,11.921,11.921,-0.881,-4.996,1.200,-2.500,0.0066,-1.561,nan,0.00,1,1,1,0,1,0.0000,0.700,0,0.278,2,0.720,0,0,yolo,128.8,yolo,0,0,0,0.000,0,-1,0
1785623929.052,-11.044,-1.648,66.518,0.9811,0,2.956,-0.852,-10.500,0.2832,17.861,3.310,-1.470,1.000,10.500,-14.000,4.2529,-0.8809,11.921,11.921,-0.881,-4.991,1.200,-2.500,0.0066,-1.562,nan,0.00,1,1,1,0,1,0.0000,0.700,0,0.278,2,0.720,0,0,yolo,128.8,yolo,0,0,0,0.000,0,-1,0
1785623929.088,-11.406,-1.535,67.550,0.9799,0,2.594,-0.965,-9.000,0.2666,17.802,2.578,-1.187,1.000,8.240,-14.000,4.2142,-2.0000,11.926,7.095,-0.881,-4.763,1.244,-2.500,0.0066,-1.196,nan,0.00,1,1,1,1,1,0.0000,0.700,0,0.287,2,0.721,0,0,yolo,127.5,yolo,0,0,0,0.000,0,-1,0
1785623929.131,-11.714,-1.460,68.410,0.9789,0,2.286,-1.040,-8.240,0.2743,17.802,2.578,-1.187,1.000,8.240,-14.000,4.8199,-0.8679,11.915,11.915,-0.868,-4.572,1.215,-2.500,0.0066,-1.232,nan,0.00,1,1,1,0,1,0.0000,0.700,0,0.287,2,0.721,0,0,yolo,127.5,yolo,0,0,0,0.000,0,-1,0
1785623929.161,-11.980,-1.413,69.144,0.9779,0,2.020,-1.087,-8.240,0.2757,17.802,2.578,-1.187,1.000,8.240,-14.000,4.7974,-0.8599,11.892,11.892,-0.860,-4.408,1.200,-2.500,0.0066,-1.257,nan,0.00,1,1,1,0,1,0.0000,0.300,0,0.293,1,0.724,0,0,yolo,127.5,yolo,0,0,0,0.000,0,-1,0
1785623929.193,-11.980,-1.413,69.144,0.9779,0,2.020,-1.087,-6.740,0.2591,17.773,2.007,-0.980,1.000,6.442,-14.000,16.7257,-2.0000,11.892,8.742,-0.860,-4.408,1.502,-2.500,0.0067,-0.937,nan,0.00,1,1,1,1,1,0.0000,0.300,0,0.293,1,0.724,0,0,yolo,134.8,yolo,0,0,0,0.000,0,-1,0
1785623929.223,-12.219,-1.362,69.903,0.9771,0,1.781,-1.138,-6.442,0.2671,17.773,2.007,-0.980,1.000,6.442,-14.000,3.1270,-0.8594,11.869,11.869,-0.859,-4.239,1.480,-2.500,0.0068,-0.960,nan,0.00,1,1,1,0,1,0.0000,0.700,0,0.297,2,0.723,0,0,yolo,134.8,yolo,0,0,0,0.000,0,-1,0
1785623929.261,-12.420,-1.342,70.512,0.9763,0,1.580,-1.158,-6.442,0.2681,17.773,2.007,-0.980,1.000,6.442,-14.000,3.0951,-0.8515,11.837,11.837,-0.852,-4.103,1.468,-2.500,0.0069,-0.972,nan,0.00,1,1,1,0,1,0.0000,0.700,0,0.297,2,0.723,0,0,yolo,134.8,yolo,0,0,0,0.000,0,-1,0
1785623929.294,-12.605,-1.335,71.054,0.9756,0,1.395,-1.165,-6.442,0.2694,17.773,2.007,-0.980,1.000,6.442,-14.000,3.0576,-0.8349,11.799,11.799,-0.835,-3.981,1.460,-2.500,0.0070,-0.980,nan,0.00,1,1,1,0,1,0.0000,0.700,0,0.301,2,0.699,0,0,yolo,134.8,yolo,0,0,0,0.000,0,-1,0
1785623929.335,-12.762,-1.321,71.616,0.9750,0,1.238,-1.179,-4.942,0.2527,17.755,1.393,-0.794,1.000,4.487,-14.000,3.6351,-1.8419,11.766,8.010,-0.820,-3.855,1.777,-2.500,0.0071,-0.673,nan,0.00,1,1,1,1,1,0.0000,0.700,0,0.301,2,0.699,0,0,yolo,124.0,yolo,0,0,0,0.000,0,-1,0
1785623929.370,-12.916,-1.332,72.129,0.9744,0,1.084,-1.168,-4.487,0.2627,17.755,1.393,-0.794,1.000,4.487,-14.000,3.7090,-0.7863,11.719,11.719,-0.786,-3.739,1.778,-2.500,0.0072,-0.672,nan,0.00,1,1,1,0,1,0.0000,0.400,0,0.306,3,0.678,0,0,yolo,124.0,yolo,0,0,0,0.000,0,-1,0
1785623929.410,-13.045,-1.362,72.524,0.9739,0,0.955,-1.138,-4.487,0.2642,17.755,1.393,-0.794,1.000,4.487,-14.000,3.6583,-0.7530,11.668,11.668,-0.753,-3.648,1.784,-2.500,0.0072,-0.666,nan,0.00,1,1,1,0,1,0.0000,0.400,0,0.306,3,0.678,0,0,yolo,124.0,yolo,0,0,0,0.000,0,-1,0
1785623929.441,-13.152,-1.382,72.908,0.9735,0,0.848,-1.118,-2.987,0.2475,17.734,0.782,-0.626,1.000,2.526,-14.000,4.5527,-2.0000,11.622,7.820,-0.723,-3.560,2.090,-2.500,0.0073,-0.360,nan,0.00,1,1,1,1,1,0.0000,0.350,0,0.301,2,0.670,0,0,yolo,127.0,yolo,0,0,0,0.000,0,-1,0
1785623929.473,-13.152,-1.382,72.908,0.9735,0,0.848,-1.118,-2.526,0.2564,17.734,0.782,-0.626,1.000,2.526,-14.000,3.8027,-0.7229,11.622,11.622,-0.723,-3.560,2.090,-2.500,0.0073,-0.360,nan,0.00,1,1,1,0,1,0.0000,0.350,0,0.301,2,0.670,0,0,yolo,127.0,yolo,0,0,0,0.000,0,-1,0
1785623929.510,-13.251,-1.422,73.222,0.9731,0,0.749,-1.078,-2.526,0.2581,17.734,0.782,-0.626,1.000,2.526,-14.000,3.7497,-0.6800,11.570,11.570,-0.680,-3.486,2.101,-2.500,0.0073,-0.349,nan,0.00,1,1,1,0,1,-1.3040,0.400,1,0.297,3,0.659,0,0,yolo,127.0,yolo,0,0,0,0.000,0,-1,0
1785623929.551,-13.345,-1.482,73.434,0.9727,0,0.655,-1.018,-2.526,0.2600,17.734,0.782,-0.626,1.000,2.526,-14.000,3.6926,-0.6317,11.512,11.512,-0.632,-3.432,2.119,-2.500,0.0074,-0.331,nan,0.00,1,1,1,0,1,-1.3040,0.400,1,0.297,3,0.659,0,0,yolo,127.0,yolo,0,0,0,0.000,0,-1,0
1785623929.582,-13.429,-1.537,73.657,0.9723,0,0.571,-0.963,-1.026,0.2433,17.700,0.330,-0.485,1.000,1.068,-14.000,2.7017,-1.5426,11.457,7.582,-0.592,-3.377,2.200,-2.500,0.0074,-0.074,nan,-8.00,1,1,1,1,1,-1.2381,0.700,1,0.299,2,0.646,0,0,yolo,116.4,yolo,0,0,0,0.000,0,-1,0
1785623929.612,-13.496,-1.602,73.803,0.9720,0,0.504,-0.898,0.474,0.2559,17.700,0.330,-0.485,1.000,1.068,-14.000,3.8132,-0.5394,11.395,11.395,-0.539,-3.336,2.200,-2.500,0.0074,-0.054,nan,-8.00,1,1,1,0,1,-1.2381,0.700,1,0.299,2,0.646,0,0,yolo,116.4,yolo,0,0,0,0.000,0,-1,0
1785623929.650,-13.547,-1.690,73.788,0.9718,0,0.453,-0.810,1.974,0.2575,17.700,0.330,-0.485,1.000,1.068,-14.000,3.7498,-0.4887,11.332,11.332,-0.489,-3.329,2.200,-2.500,0.0074,-0.027,nan,-8.00,1,1,1,0,1,-1.1887,0.700,1,0.299,2,0.646,1,0,yolo,116.4,yolo,0,0,0,0.000,0,-1,0
1785623929.698,-13.584,-1.787,73.672,0.9716,0,0.416,-0.713,3.474,0.2408,17.654,0.032,-0.372,1.000,0.103,-14.000,4.4625,-2.0000,11.271,7.849,-0.451,-3.342,2.200,-2.500,0.0074,0.181,nan,-8.00,1,1,1,1,1,-1.1128,0.500,1,0.304,0,0.694,0,0,yolo,130.5,yolo,0,0,0,0.000,0,-1,0
1785623929.737,-13.619,-1.923,73.397,0.9713,0,0.381,-0.577,4.974,0.2539,17.654,0.032,-0.372,1.000,0.103,-14.000,3.3435,-0.4005,11.193,11.193,-0.400,-3.385,2.200,-2.500,0.0073,0.223,nan,-8.00,1,1,1,0,1,-1.1422,0.600,1,0.301,1,0.700,0,0,yolo,130.5,yolo,0,0,0,0.000,0,-1,0
1785623929.768,-13.648,-2.107,72.913,0.9711,0,0.352,-0.393,6.474,0.2550,17.654,0.032,-0.372,1.000,0.103,-14.000,3.2436,-0.3392,11.093,11.093,-0.339,-3.466,2.170,-2.500,0.0073,0.280,nan,-8.00,1,1,1,0,1,-1.1825,0.800,1,0.298,3,0.704,0,0,yolo,130.5,yolo,0,0,0,0.000,0,-1,0
1785623929.799,-13.648,-2.107,72.913,0.9711,0,0.352,-0.393,7.897,0.2550,17.654,0.032,-0.372,1.000,0.103,-14.000,3.2436,-0.3392,11.093,11.093,-0.339,-3.466,2.170,-2.500,0.0073,0.280,nan,-8.00,1,1,1,0,1,-1.2122,0.800,1,0.300,3,0.709,0,0,yolo,130.5,yolo,0,0,0,0.000,0,-1,0
1785623929.826,-13.667,-2.314,72.254,0.9709,0,0.333,-0.186,8.263,0.2383,17.574,-0.081,-0.262,1.000,-0.263,-14.000,1.1216,-1.9420,10.980,7.451,-0.287,-3.578,1.976,-2.500,0.0072,0.474,nan,-8.00,1,1,1,1,1,-1.2122,0.800,1,0.300,3,0.709,0,0,yolo,126.8,yolo,0,0,0,0.000,0,-1,0
1785623929.860,-13.672,-2.513,71.526,0.9707,0,0.328,0.013,8.263,0.2522,17.574,-0.081,-0.262,1.000,-0.263,-14.000,3.4202,-0.2302,10.872,10.872,-0.230,-3.703,1.915,-2.500,0.0072,0.535,nan,-8.00,1,1,1,0,1,-1.2525,0.800,1,0.302,3,0.693,0,0,yolo,126.8,yolo,0,0,0,0.000,0,-1,0
1785623929.892,-13.673,-2.697,70.772,0.9706,0,0.327,0.197,8.263,0.2531,17.574,-0.081,-0.262,1.000,-0.263,-14.000,3.3108,-0.1722,10.762,10.762,-0.172,-3.831,1.858,-2.500,0.0071,0.592,nan,-8.00,1,1,1,0,1,-1.2525,0.800,1,0.302,3,0.693,0,0,yolo,126.8,yolo,0,0,0,0.000,0,-1,0
1785623929.930,-13.673,-2.697,70.772,0.9706,0,0.327,0.197,8.026,0.2364,17.488,-0.008,-0.162,1.000,-0.026,-14.000,-0.5423,-0.5730,10.762,6.942,-0.172,-3.831,1.782,-2.500,0.0071,0.668,nan,-8.00,1,1,1,1,1,-1.2756,0.800,1,0.305,3,0.688,0,0,yolo,114.5,yolo,0,0,0,0.000,0,-1,0
1785623929.970,-13.671,-3.027,69.271,0.9703,0,0.329,0.527,8.026,0.2528,17.488,-0.008,-0.162,1.000,-0.026,-14.000,3.5955,-0.0584,10.538,10.538,-0.058,-4.074,1.682,-2.500,0.0070,0.768,nan,-8.00,1,1,1,0,1,-1.2828,0.800,1,0.305,3,0.688,0,0,yolo,114.5,yolo,0,0,0,0.000,0,-1,0
1785623930.001,-13.671,-3.027,69.271,0.9703,0,0.329,0.527,8.026,0.2527,17.488,-0.008,-0.162,1.000,-0.026,-14.000,3.5955,-0.0584,10.538,10.538,-0.058,-4.074,1.682,-2.500,0.0069,0.768,nan,-8.00,1,1,1,0,1,-1.2685,0.600,1,0.309,1,0.300,0,0,yolo,114.5,yolo,0,0,0,0.000,0,-1,0
1785623930.033,-13.667,-3.151,68.543,0.9702,0,0.333,0.651,8.026,0.2544,17.488,-0.008,-0.162,1.000,-0.026,-14.000,3.4877,0.0034,10.430,10.430,0.003,-4.189,1.644,-2.500,0.0068,0.806,nan,-8.00,1,1,1,0,1,-1.2578,0.600,1,0.309,1,0.300,0,0,yolo,114.5,yolo,0,0,0,0.000,0,-1,0
1785623930.063,-13.661,-3.267,67.793,0.9701,0,0.339,0.767,6.779,0.2377,17.325,0.369,-0.047,1.000,1.221,-14.000,-2.8276,-0.3592,10.320,6.858,0.054,-4.305,1.596,-2.500,0.0067,0.854,nan,-8.00,1,1,1,1,1,-1.2507,0.600,1,0.311,1,0.294,0,0,yolo,112.8,yolo,0,0,0,0.000,0,-1,0
1785623930.093,-13.661,-3.267,67.793,0.9701,0,0.339,0.767,6.779,0.2544,17.325,0.369,-0.047,1.000,1.221,-14.000,3.4615,0.0545,10.320,10.320,0.054,-4.305,1.596,-2.500,0.0067,0.854,nan,-8.00,1,1,1,0,1,-1.2507,0.600,1,0.311,1,0.294,0,0,yolo,112.8,yolo,0,0,0,0.000,0,-1,0
1785623930.124,-13.661,-3.350,67.089,0.9701,0,0.339,0.850,6.779,0.2573,17.325,0.369,-0.047,1.000,1.221,-14.000,3.3494,0.1211,10.207,10.207,0.121,-4.408,1.570,-2.500,0.0066,0.880,nan,-8.00,1,1,1,0,1,-1.2439,0.700,1,0.305,2,0.666,0,0,yolo,112.8,yolo,0,0,0,0.000,0,-1,0
1785623930.155,-13.660,-3.421,66.387,0.9700,0,0.340,0.921,6.779,0.2597,17.325,0.369,-0.047,1.000,1.221,-14.000,3.2370,0.1876,10.095,10.095,0.188,-4.509,1.549,-2.500,0.0065,0.901,nan,-8.00,1,1,1,0,1,-1.2428,0.700,1,0.305,2,0.666,0,0,yolo,112.8,yolo,0,0,0,0.000,0,-1,0
1785623930.193,-13.660,-3.421,66.387,0.9700,0,-1.160,0.921,5.279,0.2683,17.065,1.029,0.082,1.000,3.451,1.538,-4.9815,0.3454,10.095,6.397,0.188,-4.509,1.595,-2.500,0.0064,0.855,nan,-8.00,1,1,1,1,1,-1.2448,0.583,1,0.358,1,0.281,0,0,yolo,117.8,yolo,0,0,0,0.000,0,-1,0
1785623930.235,-13.657,-3.491,65.644,0.9699,0,0.340,0.991,4.549,0.2626,17.065,1.029,0.082,1.000,3.451,-14.000,3.5828,0.2375,9.980,9.980,0.237,-4.615,1.574,-2.500,0.0063,0.876,nan,-8.00,1,1,1,0,1,-1.2463,0.583,1,0.358,1,0.281,0,0,yolo,117.8,yolo,0,0,0,0.000,0,-1,0
1785623930.266,-13.668,-3.492,65.153,0.9699,0,0.332,0.992,4.549,0.2645,17.065,1.029,0.082,1.000,3.451,-14.000,3.4898,0.2797,9.887,9.887,0.280,-4.676,1.574,-2.500,0.0062,0.876,nan,-8.00,1,1,1,0,1,-1.2479,0.583,1,0.357,1,0.284,0,0,yolo,117.8,yolo,0,0,0,0.000,0,-1,0
1785623930.296,-13.668,-3.492,65.153,0.9699,0,-1.168,0.992,3.049,0.2812,16.794,1.726,0.208,1.000,5.869,14.000,-10.6319,0.8701,9.887,5.091,0.280,-4.676,1.632,-2.500,0.0061,0.818,nan,-8.00,1,1,1,1,1,-1.2490,0.583,1,0.357,1,0.284,0,0,yolo,132.2,yolo,0,0,0,0.000,0,-1,0
1785623930.331,-13.681,-3.487,64.624,0.9698,0,0.319,0.987,2.131,0.2681,16.794,1.726,0.208,1.000,5.869,-14.000,4.6947,0.3200,9.785,9.785,0.320,-4.739,1.634,-2.500,0.0061,0.816,nan,-8.00,1,1,1,0,1,-1.2515,0.583,1,0.368,1,0.271,0,0,yolo,132.2,yolo,0,0,0,0.000,0,-1,0
1785623930.373,-13.708,-3.418,64.357,0.9698,0,0.292,0.918,2.131,0.2694,16.794,1.726,0.208,1.000,5.869,-14.000,4.6180,0.3364,9.709,9.709,0.336,-4.757,1.655,-2.500,0.0060,0.795,nan,-8.00,1,1,1,0,1,-1.2533,0.583,1,0.368,1,0.271,0,0,yolo,132.2,yolo,0,0,0,0.000,0,-1,0
1785623930.404,-13.730,-3.361,64.165,0.9698,0,0.270,0.861,2.131,0.2701,16.794,1.726,0.208,1.000,5.869,-14.000,4.5581,0.3418,9.649,9.649,0.342,-4.767,1.672,-2.500,0.0059,0.778,nan,-8.00,1,1,1,0,1,-1.2547,0.583,1,0.368,1,0.271,0,0,yolo,132.2,yolo,0,0,0,0.000,0,-1,0
1785623930.435,-13.730,-3.361,64.165,0.9698,0,-1.230,0.861,1.733,0.2535,16.797,1.845,0.314,1.000,6.267,-8.523,-0.5827,-0.3750,9.649,5.314,0.342,-4.767,1.589,-2.500,0.0058,0.853,nan,-8.00,1,1,1,1,1,-1.2693,0.667,1,0.365,2,0.201,0,0,yolo,132.2,yolo,0,0,0,0.000,0,-1,0
1785623930.465,-13.571,-3.315,63.958,0.9705,0,0.270,0.815,1.733,0.2683,16.797,1.845,0.314,1.000,6.267,-14.000,4.2866,0.3541,9.601,9.601,0.354,-4.779,1.597,-2.500,0.0057,0.844,nan,-8.00,1,1,1,0,1,-1.2803,0.667,1,0.365,2,0.201,0,0,yolo,132.2,yolo,0,0,0,0.000,0,-1,0
1785623930.495,-13.571,-3.315,63.958,0.9705,0,0.429,0.815,0.233,0.2682,16.797,1.845,0.314,1.000,6.267,-14.000,4.2866,0.3541,9.601,9.601,0.354,-4.779,1.597,-2.500,0.0056,0.844,nan,0.00,1,1,1,0,1,0.0000,0.667,0,0.377,2,0.172,0,0,yolo,132.2,yolo,0,0,0,0.000,0,-1,0
1785623930.525,-13.623,-3.261,63.757,0.9703,0,0.377,0.761,-1.267,0.2692,16.797,1.845,0.314,1.000,6.267,-14.000,4.2256,0.3649,9.540,9.540,0.365,-4.789,1.614,-2.500,0.0056,0.827,nan,0.00,1,1,1,0,1,0.0000,0.667,0,0.377,2,0.172,0,0,yolo,132.2,yolo,0,0,0,0.000,0,-1,0
1785623930.557,-13.665,-3.159,63.827,0.9702,0,-1.123,0.659,-2.596,0.2858,16.225,3.035,0.521,1.000,10.596,14.000,-12.2584,1.4265,9.510,3.730,0.372,-4.756,1.549,-2.500,0.0055,0.684,nan,-8.00,1,1,1,1,1,-1.2905,0.750,1,0.355,3,0.279,0,0,yolo,126.0,yolo,0,0,0,0.000,0,-1,0
1785623930.592,-13.700,-3.063,63.928,0.9702,0,0.300,0.563,-2.596,0.2749,16.225,3.035,0.521,1.000,10.596,-14.000,5.7588,0.3768,9.489,9.489,0.377,-4.721,1.567,-2.500,0.0054,0.655,nan,-8.00,1,1,1,0,1,-1.2905,0.750,1,0.355,3,0.279,2,0,yolo,126.0,yolo,0,0,0,0.000,0,-1,0
1785623930.633,-13.759,-2.940,64.180,0.9700,0,0.241,0.440,-2.596,0.2754,16.225,3.035,0.521,1.000,10.596,-14.000,5.7479,0.3612,9.478,9.478,0.361,-4.659,1.591,-2.500,0.0054,0.617,nan,-8.00,1,1,1,0,1,-1.3015,0.700,1,0.306,2,0.292,0,0,yolo,126.0,yolo,0,0,0,0.000,0,-1,0
1785623930.665,-13.817,-2.836,64.389,0.9699,0,0.183,0.336,-2.596,0.2755,16.225,3.035,0.521,1.000,10.596,-14.000,5.7362,0.3421,9.466,9.466,0.342,-4.606,1.611,-2.500,0.0053,0.585,nan,-8.00,1,1,1,0,1,-1.2992,0.800,1,0.298,3,0.670,0,0,yolo,126.0,yolo,0,0,0,0.000,0,-1,0
1785623930.694,-13.817,-2.835,64.391,0.9699,0,-1.317,0.335,-4.000,0.2739,16.848,4.424,0.792,1.000,14.712,14.000,-9.0772,0.2846,9.466,2.938,0.342,-4.606,1.393,-2.500,0.0052,0.547,nan,-8.00,1,1,1,1,1,-1.2974,0.800,1,0.298,3,0.670,0,0,yolo,128.1,yolo,0,0,0,0.000,0,-1,0
1785623930.727,-13.688,-2.720,64.718,0.9705,0,0.183,0.220,-4.000,0.2759,16.848,4.424,0.792,1.000,14.712,-14.000,6.5369,0.3156,9.474,9.474,0.316,-4.533,1.399,-2.500,0.0052,0.523,nan,-8.00,1,1,1,0,1,-1.3048,0.800,1,0.293,3,0.626,0,0,yolo,128.1,yolo,0,0,0,0.000,0,-1,0
1785623930.758,-13.740,-2.600,65.106,0.9704,0,0.260,0.100,-4.000,0.2759,16.848,4.424,0.792,1.000,14.712,-14.000,6.5412,0.2906,9.479,9.479,0.291,-4.450,1.410,-2.500,0.0051,0.484,nan,-8.00,1,1,1,0,1,-1.3103,0.800,1,0.293,3,0.626,0,0,yolo,128.1,yolo,0,0,0,0.000,0,-1,0
1785623930.788,-13.740,-2.600,65.106,0.9704,0,0.260,0.100,-4.000,0.2758,16.848,4.424,0.792,1.000,14.712,-14.000,6.5412,0.2906,9.479,9.479,0.291,-4.450,1.410,-2.500,0.0051,0.484,nan,-8.00,1,1,1,0,1,-1.3205,0.700,1,0.287,2,0.671,0,0,yolo,128.1,yolo,0,0,0,0.000,0,-1,0
1785623930.820,-13.785,-2.490,65.501,0.9703,0,-1.240,-0.010,-4.000,0.2884,17.164,5.640,1.059,1.000,18.189,14.000,-10.4181,0.5268,9.481,2.203,0.263,-4.364,1.200,-2.500,0.0051,0.431,nan,-8.00,1,1,1,1,1,-1.3281,0.700,1,0.287,2,0.671,0,0,yolo,136.5,yolo,0,0,0,0.000,0,-1,0
1785623930.850,-13.644,-2.396,65.887,0.9709,0,0.260,-0.104,-4.000,0.2749,17.164,5.640,1.059,1.000,18.189,-14.000,7.2906,0.2312,9.494,9.494,0.231,-4.281,1.200,-2.500,0.0050,0.417,nan,-8.00,1,1,1,0,1,-1.3262,0.900,1,0.288,4,0.687,0,0,yolo,136.5,yolo,0,0,0,0.000,0,-1,0
1785623930.881,-13.644,-2.396,65.887,0.9709,0,0.356,-0.104,-4.000,0.2749,17.164,5.640,1.059,1.000,18.189,-14.000,7.2906,0.2312,9.494,9.494,0.231,-4.281,1.200,-2.500,0.0050,0.417,nan,-8.00,1,1,1,0,1,-1.3247,0.900,1,0.288,4,0.687,0,0,yolo,136.5,yolo,0,0,0,0.000,0,-1,0
1785623930.907,-13.714,-2.309,66.285,0.9707,0,0.286,-0.191,-5.500,0.2745,17.164,5.640,1.059,1.000,18.189,-14.000,7.2950,0.2016,9.498,9.498,0.202,-4.196,1.200,-2.500,0.0049,0.384,nan,0.00,1,1,1,0,1,0.0000,0.700,0,0.288,2,0.684,0,0,yolo,136.5,yolo,0,0,-1,0.019,1,0,0
1785623930.948,-13.764,-2.190,66.857,0.9706,0,-1.214,-0.310,-7.000,0.2579,17.770,5.679,1.295,1.000,17.722,14.000,0.7252,-1.0108,9.516,3.417,0.172,-4.081,1.215,-2.500,0.0049,0.586,nan,0.00,1,1,1,1,1,0.0000,0.700,0,0.288,2,0.684,3,0,yolo,130.7,yolo,0,0,-1,0.027,1,0,0
1785623930.988,-13.634,-2.043,67.606,0.9712,0,0.286,-0.457,-5.500,0.2672,17.770,5.679,1.295,1.000,17.722,-14.000,6.1402,0.1613,9.558,9.558,0.161,-3.937,1.216,-2.500,0.0048,0.553,nan,-8.00,1,1,1,0,1,-1.3255,0.800,1,0.300,3,0.686,0,0,yolo,130.7,yolo,0,0,-1,0.034,1,0,0
1785623931.019,-13.634,-2.043,67.606,0.9712,0,0.366,-0.457,-4.000,0.2671,17.770,5.679,1.295,1.000,17.722,-14.000,6.1402,0.1613,9.558,9.558,0.161,-3.937,1.216,-2.500,0.0048,0.553,nan,-8.00,1,1,1,0,1,-1.3199,0.700,1,0.313,2,0.678,0,0,yolo,130.7,yolo,0,0,-1,0.023,0,0,0
1785623931.050,-13.724,-1.995,68.042,0.9709,0,0.276,-0.505,-4.000,0.2676,17.770,5.679,1.295,1.000,17.722,-14.000,6.1466,0.1557,9.564,9.564,0.156,-3.846,1.217,-2.500,0.0047,0.529,nan,-8.00,1,1,1,0,1,-1.3157,0.700,1,0.313,2,0.678,0,0,yolo,130.7,yolo,0,0,-1,0.011,0,0,0
1785623931.082,-13.724,-1.995,68.042,0.9709,0,0.276,-0.505,-4.000,0.2676,17.770,5.679,1.295,1.000,17.722,-14.000,6.1466,0.1557,9.564,9.564,0.156,-3.846,1.217,-2.500,0.0047,0.529,nan,-8.00,1,1,1,0,1,-1.3077,0.600,1,0.315,1,0.657,0,0,yolo,130.7,yolo,0,0,-1,0.027,1,0,0
1785623931.127,-13.763,-1.961,68.433,0.9707,0,-1.224,-0.539,-4.000,0.2843,17.140,6.596,1.478,1.000,21.049,14.000,-9.9534,0.7677,9.570,2.967,0.159,-3.762,1.200,-2.500,0.0046,0.453,nan,-8.00,1,1,1,1,1,-1.3016,0.600,1,0.315,1,0.657,0,0,yolo,137.6,yolo,0,0,-1,0.040,1,0,0
1785623931.158,-13.810,-1.908,68.894,0.9706,0,0.190,-0.592,-4.000,0.2710,17.140,6.596,1.478,1.000,21.049,-14.000,6.6149,0.1648,9.582,9.582,0.165,-3.667,1.200,-2.500,0.0046,0.431,nan,-8.00,1,1,1,0,1,-1.2978,0.600,1,0.312,1,0.666,0,0,yolo,137.6,yolo,0,0,-1,0.046,1,0,0
1785623931.188,-13.844,-1.875,69.317,0.9704,0,0.156,-0.625,-4.000,0.2717,17.140,6.596,1.478,1.000,21.049,-14.000,6.6259,0.1695,9.593,9.593,0.169,-3.578,1.200,-2.500,0.0045,0.417,nan,-8.00,1,1,1,0,1,-1.2952,0.600,1,0.314,1,0.664,0,0,yolo,137.6,yolo,0,0,-1,0.065,1,0,0
1785623931.215,-13.844,-1.875,69.317,0.9704,0,0.156,-0.625,-4.000,0.2716,17.140,6.596,1.478,1.000,21.049,-14.000,6.6259,0.1695,9.593,9.593,0.169,-3.578,1.200,-2.500,0.0045,0.417,nan,-8.00,1,1,1,0,1,-1.2931,0.600,1,0.314,1,0.664,0,0,yolo,137.6,yolo,0,0,-1,0.078,1,0,0
1785623931.250,-13.877,-1.842,69.771,0.9703,0,-1.344,-0.658,-4.000,0.2805,16.931,7.386,1.648,1.000,23.568,14.000,-5.5838,0.3313,9.606,3.131,0.157,-3.484,1.200,-2.500,0.0045,0.373,nan,-8.00,1,1,1,1,1,-1.2923,0.600,1,0.310,1,0.679,0,0,yolo,132.8,yolo,0,0,-1,0.094,1,0,0
1785623931.281,-13.877,-1.842,69.771,0.9703,0,0.123,-0.658,-4.000,0.2724,16.931,7.386,1.648,1.000,23.568,-14.000,6.4751,0.1569,9.606,9.606,0.157,-3.484,1.200,-2.500,0.0044,0.373,nan,-8.00,1,1,1,0,1,-1.2820,0.500,1,0.310,0,0.673,0,0,yolo,132.8,yolo,0,0,-1,0.108,1,0,0
1785623931.317,-13.712,-1.815,70.208,0.9710,0,0.288,-0.685,-4.000,0.2708,16.931,7.386,1.648,1.000,23.568,-14.000,6.4988,0.1373,9.630,9.630,0.137,-3.393,1.200,-2.500,0.0044,0.387,nan,-8.00,1,1,1,0,1,-1.2748,0.500,1,0.315,0,0.709,0,0,yolo,132.8,yolo,0,0,-1,0.127,1,0,0
1785623931.348,-13.774,-1.791,70.631,0.9708,0,-1.212,-0.709,-4.000,0.2769,17.075,8.104,1.809,1.000,25.000,14.000,-4.2668,0.2521,9.643,3.070,0.117,-3.304,1.200,-2.500,0.0043,0.361,nan,-8.00,1,1,1,1,1,-1.2694,0.500,1,0.315,0,0.709,0,0,yolo,109.0,yolo,0,0,-1,0.141,1,0,0
1785623931.374,-13.774,-1.791,70.631,0.9708,0,0.226,-0.709,-4.000,0.2706,17.075,8.104,1.809,1.000,25.000,-14.000,6.5730,0.1167,9.643,9.643,0.117,-3.304,1.200,-2.500,0.0043,0.361,nan,-8.00,1,1,1,0,1,-1.2653,0.500,1,0.315,0,0.709,0,0,yolo,109.0,yolo,0,0,-1,0.155,1,0,0
1785623931.406,-13.635,-1.773,71.028,0.9714,0,0.365,-0.727,-4.000,0.2689,17.075,8.104,1.809,1.000,25.000,-14.000,6.5969,0.0941,9.667,9.667,0.094,-3.222,1.200,-2.500,0.0043,0.376,nan,-8.00,1,1,1,0,1,-1.2624,0.500,1,0.319,0,0.701,0,0,yolo,109.0,yolo,0,0,-1,0.169,1,0,0
1785623931.437,-13.709,-1.757,71.432,0.9711,0,0.291,-0.743,-4.000,0.2685,17.075,8.104,1.809,1.000,25.000,-14.000,6.6115,0.0745,9.681,9.681,0.075,-3.138,1.200,-2.500,0.0042,0.360,nan,-8.00,1,1,1,0,1,-1.2610,0.500,1,0.320,0,0.696,0,0,yolo,109.0,yolo,0,0,-1,0.202,1,0,0
1785623931.468,-13.783,-1.740,71.837,0.9708,0,-1.209,-0.760,-4.000,0.2532,17.868,9.083,2.073,1.000,25.000,14.000,-0.0000,-0.2359,9.695,3.024,0.062,-3.053,1.200,-2.500,0.0042,0.392,nan,-8.00,1,1,1,1,1,-1.2600,0.500,1,0.316,0,0.696,0,0,yolo,125.0,yolo,0,0,-1,0.185,1,0,0
1785623931.502,-13.784,-1.740,71.843,0.9708,0,-2.709,-0.760,-4.000,0.2670,17.868,9.083,2.073,1.000,25.000,-9.013,6.6718,0.0618,9.696,9.696,0.062,-3.052,1.200,-2.500,0.0042,0.392,nan,-8.00,1,1,1,0,1,-1.2561,0.600,1,0.315,1,0.697,0,0,yolo,125.0,yolo,0,0,-1,0.248,1,0,0
1785623931.529,-13.491,-1.728,72.238,0.9720,0,-4.056,-0.772,-4.000,0.2650,17.868,9.083,2.073,1.000,25.000,-9.435,6.7048,0.0557,9.729,9.729,0.056,-2.970,1.200,-2.500,0.0041,0.436,nan,-8.00,1,1,1,0,1,-1.2532,0.600,1,0.315,1,0.697,0,0,yolo,125.0,yolo,0,0,-1,0.265,1,0,0
1785623931.559,-13.056,-1.720,72.641,0.9737,0,-3.098,-0.780,-4.000,0.2623,17.868,9.083,2.073,1.000,25.000,-9.958,6.7479,0.0558,9.772,9.772,0.056,-2.886,1.200,-2.500,0.0041,0.504,nan,-8.00,1,1,1,0,1,-1.2510,0.600,1,0.309,1,0.689,0,0,yolo,125.0,yolo,0,0,-1,0.282,1,0,0
1785623931.589,-13.056,-1.720,72.641,0.9737,0,-4.598,-0.780,-4.000,0.2457,18.664,10.033,2.324,1.000,25.000,14.000,-0.0000,-0.5351,9.772,2.717,0.056,-2.886,1.200,-2.500,0.0040,0.557,nan,-8.00,1,1,1,1,1,-1.2495,0.600,1,0.309,1,0.689,0,0,yolo,123.1,yolo,0,0,-1,0.299,1,0,0
1785623931.622,-12.612,-1.715,73.017,0.9754,0,-6.098,-0.785,-4.000,0.2585,18.664,10.033,2.324,1.000,25.000,-5.878,7.0997,0.0719,9.817,9.817,0.072,-2.807,1.200,-2.500,0.0039,0.636,nan,-8.00,1,1,1,0,1,-1.2492,0.600,1,0.312,1,0.670,0,0,yolo,123.1,yolo,0,0,-1,0.284,1,0,0
1785623931.653,-11.986,-1.716,73.400,0.9778,0,-5.565,-0.784,-4.000,0.2552,18.664,10.033,2.324,1.000,25.000,-6.421,7.1574,0.0919,9.874,9.874,0.092,-2.726,1.200,-2.500,0.0039,0.748,nan,-8.00,1,1,1,0,1,-1.2490,0.600,1,0.312,1,0.670,0,0,yolo,123.1,yolo,0,0,-1,0.284,1,0,0
1785623931.683,-11.986,-1.716,73.400,0.9778,0,-5.704,-0.784,-4.000,0.2552,18.664,10.033,2.324,1.000,25.000,-6.282,7.1574,0.0919,9.874,9.874,0.092,-2.726,1.200,-2.500,0.0038,0.748,nan,-8.00,1,1,1,0,1,-1.2524,0.600,1,0.305,1,0.677,0,0,yolo,123.1,yolo,0,0,-1,0.261,1,0,0
1785623931.714,-11.479,-1.719,73.752,0.9796,0,-7.204,-0.781,-4.000,0.2385,18.682,10.444,2.481,1.000,25.000,14.000,-0.0000,-0.9901,9.928,3.566,0.114,-2.652,1.200,-2.500,0.0037,0.913,nan,-8.00,1,1,1,1,1,-1.2569,0.600,1,0.303,1,0.706,0,0,yolo,117.3,yolo,0,0,-1,0.293,1,0,0
1785623931.746,-10.720,-1.727,74.145,0.9821,0,-8.704,-0.773,-4.000,0.2474,18.682,10.444,2.481,1.000,25.000,-0.432,6.4347,0.1552,10.001,10.001,0.155,-2.569,1.200,-2.500,0.0037,1.058,nan,-8.00,1,1,1,0,1,-1.2603,0.600,1,0.303,1,0.706,0,0,yolo,117.3,yolo,0,0,-1,0.293,1,0,0
1785623931.777,-9.859,-1.739,74.512,0.9848,0,-8.739,-0.761,-4.000,0.2438,18.682,10.444,2.481,1.000,25.000,-1.120,6.5136,0.2020,10.080,10.080,0.202,-2.490,1.200,-2.500,0.0037,1.223,nan,-8.00,1,1,1,0,1,-1.2657,0.600,1,0.298,1,0.731,0,0,yolo,117.3,yolo,0,0,-1,0.284,1,0,0
1785623931.806,-9.859,-1.739,74.512,0.9848,0,-10.239,-0.761,-4.000,0.2272,19.660,11.529,2.659,1.000,25.000,14.000,-0.0000,-0.1952,10.080,2.976,0.202,-2.490,1.200,-2.500,0.0037,1.242,nan,-8.00,1,1,1,1,1,-1.2698,0.625,1,0.252,1,0.749,0,0,yolo,103.4,yolo,0,0,-1,0.284,1,0,0
1785623931.841,-8.960,-1.757,74.900,0.9873,0,-10.036,-0.743,-4.000,0.2387,19.660,11.529,2.659,1.000,25.000,1.076,7.1928,0.2447,10.169,10.169,0.245,-2.406,1.200,-2.500,0.0037,1.433,nan,-8.00,1,1,1,0,1,-1.2730,0.625,1,0.252,1,0.749,0,0,yolo,103.4,yolo,0,0,-1,0.284,1,0,0
1785623931.872,-7.772,-1.782,75.335,0.9903,0,-8.536,-0.718,-5.500,0.2330,19.660,11.529,2.659,1.000,25.000,-0.040,7.3059,0.3033,10.282,10.282,0.303,-2.311,1.200,-2.500,0.0037,1.687,nan,0.00,1,1,1,0,1,0.0000,0.619,0,0.244,1,0.742,0,0,yolo,103.4,yolo,0,0,-1,0.300,1,0,0
1785623931.899,-7.772,-1.782,75.335,0.9903,0,-7.732,-0.718,-7.000,0.2330,19.660,11.529,2.659,1.000,25.000,-0.040,7.3059,0.3033,10.282,10.282,0.303,-2.311,1.200,-2.500,0.0037,1.687,nan,0.00,1,1,1,0,1,0.0000,0.619,0,0.244,1,0.742,0,0,yolo,103.4,yolo,0,0,-1,0.300,1,0,0
1785623931.933,-6.916,-1.795,75.851,0.9922,0,-9.232,-0.705,-8.500,0.2163,19.681,11.964,2.657,1.000,25.000,14.000,-0.0000,-0.9463,10.386,3.778,0.368,-2.203,1.200,-2.500,0.0037,1.813,nan,0.00,1,1,1,1,1,0.0000,0.595,0,0.220,1,0.748,0,0,yolo,120.0,yolo,0,0,-1,0.255,1,0,0
1785623931.965,-6.005,-1.784,76.646,0.9940,0,-10.732,-0.716,-10.000,0.2290,19.681,11.964,2.657,1.000,25.000,5.324,6.7257,0.4423,10.504,10.504,0.442,-2.042,1.200,-2.500,0.0037,2.003,nan,0.00,1,1,1,0,1,0.0000,0.595,0,0.220,1,0.748,0,0,yolo,120.0,yolo,0,0,-1,0.217,1,0,0
1785623932.001,-4.812,-1.763,77.738,0.9960,0,-9.232,-0.737,-11.500,0.2326,19.681,11.964,2.657,1.000,25.000,4.058,6.8727,0.5317,10.651,10.651,0.532,-1.824,1.200,-2.500,0.0037,2.249,nan,0.00,1,1,1,0,1,0.0000,0.580,0,0.205,1,0.765,2,0,yolo,120.0,yolo,0,0,-1,0.205,0,0,0
1785623932.027,-4.812,-1.763,77.738,0.9960,0,-8.935,-0.737,-12.000,0.2326,19.681,11.964,2.657,1.000,25.000,4.123,6.8727,0.5317,10.651,10.651,0.532,-1.824,1.200,-2.500,0.0037,2.249,nan,0.00,1,1,1,0,1,0.0000,0.340,0,0.192,2,0.769,0,0,yolo,120.0,yolo,0,0,-1,0.193,0,0,0
1785623932.065,-3.749,-1.760,78.776,0.9974,0,-7.435,-0.740,-10.500,0.2362,nan,nan,nan,0.000,0.000,-10.000,0.0000,0.6203,10.788,10.788,0.620,-1.614,1.000,-2.500,0.0037,2.181,nan,0.00,0,0,0,0,1,0.0000,0.516,0,0.141,2,0.769,0,0,,,FLYING,0,0,-1,0.181,0,0,0
1785623932.105,-3.022,-1.775,79.777,0.9981,0,-5.935,-0.725,-9.000,0.2397,4.000,0.258,0.000,0.233,3.691,-14.000,-0.0000,0.7007,10.912,10.912,0.701,-1.409,1.200,-2.500,0.0037,2.116,nan,0.00,0,1,0,1,1,0.0000,0.251,0,0.126,2,0.761,0,1,blueline,,BLUELINE,0,0,-1,0.169,0,0,0
1785623932.135,-2.444,-1.808,80.579,0.9986,0,-4.435,-0.650,-7.500,0.2423,4.000,0.258,0.000,0.233,3.691,-14.000,0.1136,0.7604,11.026,11.026,0.760,-1.239,1.200,-2.459,0.0037,2.052,nan,0.00,0,1,0,0,1,0.0000,0.251,0,0.126,2,0.761,0,0,blueline,,BLUELINE,0,0,-1,0.157,0,0,0
1785623932.167,-1.908,-1.852,81.351,0.9989,0,-2.935,-0.061,-9.000,0.2589,4.000,0.671,0.000,0.233,9.517,-9.696,-4.1888,0.8175,11.143,11.143,0.818,-1.071,1.200,-1.913,0.0037,1.991,nan,0.00,0,1,0,1,1,0.0000,0.392,0,0.115,1,0.756,0,0,blueline,,BLUELINE,0,0,-1,0.145,0,0,0
1785623932.200,-1.908,-1.852,81.351,0.9989,0,-1.435,-0.648,-7.500,0.2680,nan,nan,nan,0.000,0.000,-10.000,0.0000,0.8175,11.143,11.143,0.818,-1.071,1.000,-2.500,0.0037,1.931,nan,0.00,0,0,0,0,1,0.0000,0.382,0,0.103,1,0.751,0,0,,,FLYING,0,0,-1,0.133,0,0,0
1785623932.236,-1.600,-1.829,82.222,0.9991,0,0.065,-0.006,-6.000,0.2679,nan,nan,nan,0.000,0.000,-10.000,0.0000,0.8579,11.255,11.255,0.858,-0.881,1.000,-1.835,0.0037,1.873,nan,0.00,0,0,0,0,1,0.0000,0.375,0,0.093,1,0.746,0,0,,,FLYING,0,0,-1,0.120,0,0,0
1785623932.275,-1.612,-1.815,82.851,0.9991,0,1.565,0.419,-4.500,0.2679,nan,nan,nan,0.000,0.000,-10.000,0.0000,0.8826,11.347,11.347,0.883,-0.739,1.000,-1.396,0.0037,1.817,nan,0.00,0,0,0,0,1,0.0000,0.375,0,0.093,1,0.746,0,0,,,FLYING,0,0,-1,0.108,0,-1,0
1785623932.305,-1.767,-1.758,83.216,0.9991,0,3.065,0.100,-3.000,0.2679,nan,nan,nan,0.000,0.000,-10.000,0.0000,0.8940,11.432,11.432,0.894,-0.647,1.000,-1.659,0.0037,1.762,nan,0.00,0,0,0,0,1,0.0000,0.249,0,0.040,1,0.739,0,0,,,FLYING,0,0,-1,0.096,0,-1,0
1785623932.337,-1.767,-1.758,83.216,0.9991,0,4.565,-0.742,-1.500,0.2679,nan,nan,nan,0.000,0.000,-10.000,0.0000,0.8940,11.432,11.432,0.894,-0.647,1.000,-2.500,0.0037,1.709,nan,0.00,0,0,0,0,1,0.0000,0.249,0,0.040,1,0.739,0,0,,,FLYING,0,0,-1,0.084,0,-1,0
1785623932.374,-2.088,-1.745,83.498,0.9989,0,6.065,-0.755,0.000,0.2680,nan,nan,nan,0.000,0.000,-10.000,0.0000,0.8913,11.508,11.508,0.891,-0.569,1.000,-2.500,0.0037,1.658,nan,0.00,0,0,0,0,1,0.0000,0.245,0,0.034,1,0.735,0,0,,,FLYING,0,0,-1,0.072,0,0,0
1785623932.403,-2.552,-1.827,83.647,0.9985,0,7.448,-0.673,0.000,0.2681,nan,nan,nan,0.000,0.000,-10.000,0.0000,0.8756,11.569,11.569,0.876,-0.516,1.000,-2.500,0.0037,1.608,nan,0.00,0,0,0,0,1,0.0000,0.245,0,0.034,1,0.735,0,0,,,FLYING,0,0,-1,0.060,0,0,0
1785623932.435,-3.415,-1.902,83.631,0.9977,0,6.585,-0.098,0.000,0.2683,nan,nan,nan,0.000,0.000,-10.000,0.0000,0.8498,11.613,11.613,0.850,-0.494,1.000,-2.000,0.0037,1.560,nan,0.00,0,0,0,0,1,0.0000,0.245,0,0.034,1,0.735,1,0,,,FLYING,0,0,-1,0.048,0,1,0
1785623932.477,-4.110,-1.940,83.593,0.9969,0,8.085,-0.060,-1.500,0.2685,4.000,0.530,0.000,0.233,7.547,-14.000,-0.0000,0.8242,11.646,11.646,0.824,-0.478,1.200,-2.000,0.0037,1.513,nan,0.00,0,1,0,1,1,0.0000,0.247,0,0.037,1,0.736,0,0,blueline,,BLUELINE,0,0,-1,0.036,0,0,0
1785623932.507,-4.110,-1.940,83.593,0.9969,0,9.585,-0.060,-3.000,0.2685,4.000,0.578,0.000,0.233,8.228,-13.752,-0.7127,0.8242,11.646,11.646,0.824,-0.478,1.200,-2.000,0.0037,1.468,nan,0.00,0,1,0,1,1,0.0000,0.251,0,0.043,1,0.732,0,0,blueline,,BLUELINE,0,0,-1,0.024,0,0,0
1785623932.545,-4.884,-1.934,83.704,0.9958,0,9.116,-0.066,-4.500,0.2621,4.000,0.578,0.000,0.233,8.228,-14.000,0.0189,0.7999,11.665,11.665,0.800,-0.433,1.200,-2.000,0.0037,1.424,nan,0.00,0,1,0,0,1,0.0000,0.251,0,0.043,1,0.732,0,0,blueline,,BLUELINE,0,0,-1,0.012,0,0,0
1785623932.575,-5.950,-1.890,84.216,0.9941,0,7.616,-0.110,-3.000,0.2628,nan,nan,nan,0.000,0.000,-10.000,0.0000,0.7765,11.673,11.673,0.776,-0.302,1.000,-2.000,0.0037,1.381,nan,0.00,0,0,0,0,1,0.0000,0.256,0,0.051,1,0.733,0,0,,,FLYING,0,0,0,0.000,0,0,0
1785623932.617,-6.738,-1.869,84.570,0.9926,0,7.262,-0.131,-4.500,0.2637,4.000,0.753,0.000,0.233,10.663,-14.000,-0.0000,0.7598,11.677,11.677,0.760,-0.205,1.200,-2.000,0.0037,1.340,nan,0.00,0,1,0,1,1,0.0000,0.381,0,0.101,1,0.740,0,0,blueline,,BLUELINE,0,0,0,0.000,0,0,0
1785623932.643,-6.738,-1.869,84.570,0.9926,0,6.624,-0.131,-6.000,0.2649,4.000,0.789,0.000,0.233,11.163,-13.362,-1.0471,0.7598,11.677,11.677,0.760,-0.205,1.200,-2.000,0.0037,1.300,nan,0.00,0,1,0,1,1,0.0000,0.381,0,0.101,1,0.740,0,0,blueline,,BLUELINE,0,0,0,0.000,0,0,0
1785623932.677,-7.476,-1.837,84.906,0.9910,0,5.385,-0.163,-7.500,0.2659,4.000,0.841,0.000,0.233,11.868,-12.860,-1.4770,0.7471,11.672,11.672,0.747,-0.113,1.200,-2.000,0.0037,1.261,nan,0.00,0,1,0,1,1,0.0000,0.385,0,0.107,1,0.750,0,0,blueline,,BLUELINE,0,0,0,0.000,0,0,0
1785623932.709,-8.077,-1.745,85.701,0.9896,0,4.454,0.582,-9.000,0.2669,4.000,0.902,0.000,0.233,12.708,-12.531,-1.7591,0.7354,11.668,11.668,0.735,0.076,1.200,-1.163,0.0037,1.223,nan,0.00,0,1,0,1,1,0.0000,0.392,0,0.115,1,0.766,0,0,blueline,,BLUELINE,0,0,0,0.000,0,0,0
1785623932.740,-8.573,-1.545,86.606,0.9885,0,2.954,2.052,-10.500,0.2679,4.000,1.120,0.000,0.233,15.646,-9.696,-4.1888,0.7262,11.659,11.659,0.726,0.283,1.200,0.507,0.0037,1.186,nan,0.00,0,1,0,1,1,0.0000,0.396,0,0.120,1,0.779,0,0,blueline,,BLUELINE,0,0,0,0.000,0,0,0
1785623932.774,-8.573,-1.545,86.606,0.9885,0,1.454,1.112,-9.000,0.2690,nan,nan,nan,0.000,0.000,-10.000,0.0000,0.7262,11.659,11.659,0.726,0.283,1.000,-0.433,0.0037,1.150,nan,0.00,0,0,0,0,1,0.0000,0.396,0,0.120,1,0.779,0,0,,,FLYING,0,0,0,0.000,0,0,0
1785623932.808,-8.910,-1.162,87.589,0.9877,0,2.954,2.144,-7.500,0.2523,24.969,-3.903,0.244,1.000,-8.884,-14.000,-0.0000,-0.0000,11.650,11.650,0.712,0.503,1.200,0.983,0.0037,1.352,nan,0.00,1,1,1,1,1,0.0000,0.398,0,0.122,1,0.794,0,1,yolo,115.8,yolo,0,0,-1,0.033,1,0,0
1785623932.850,-9.261,-0.789,88.448,0.9869,0,4.454,2.852,-6.000,0.2356,24.969,-3.903,0.244,1.000,-8.884,-14.000,-0.0000,-0.0000,11.635,11.635,0.706,0.696,1.228,2.063,0.0037,1.213,nan,0.00,1,1,1,1,1,0.0000,0.497,0,0.122,2,0.816,0,0,yolo,115.8,yolo,0,0,-1,0.064,1,0,0
1785623932.882,-9.762,-0.410,88.905,0.9855,0,4.238,2.028,-4.500,0.2387,24.969,-3.903,0.244,1.000,-8.884,-14.000,-0.0000,-0.0000,11.609,11.609,0.737,0.803,1.328,1.619,0.0037,1.081,nan,0.00,1,1,1,1,1,0.0000,0.489,0,0.114,2,0.830,0,0,yolo,115.8,yolo,0,0,-1,0.086,1,0,0
1785623932.914,-9.762,-0.410,88.905,0.9855,0,4.238,0.528,-3.000,0.2554,24.869,-3.782,0.188,1.000,-8.647,-14.000,-1.0269,0.7628,11.609,5.202,0.737,0.803,1.391,-0.018,0.0037,1.005,nan,0.00,1,1,1,1,1,0.0000,0.489,0,0.114,2,0.830,0,0,yolo,111.2,yolo,0,0,-1,0.115,1,0,0
1785623932.949,-10.205,-0.144,89.281,0.9842,0,3.795,0.117,-1.500,0.2721,24.869,-3.782,0.188,1.000,-8.647,-14.000,6.3806,0.7871,11.582,11.582,0.787,0.893,1.459,-0.027,0.0036,0.918,nan,0.00,1,1,1,0,1,0.0000,0.353,0,0.066,2,0.842,0,0,yolo,111.2,yolo,0,0,-1,0.127,1,0,0
1785623932.989,-10.635,-0.117,89.459,0.9828,0,3.365,-0.180,0.000,0.2824,24.869,-3.782,0.188,1.000,-8.647,-14.000,6.3527,0.8446,11.555,11.555,0.845,0.947,1.447,-0.297,0.0035,0.934,nan,0.00,1,1,1,0,1,0.0000,0.349,0,0.061,2,0.870,0,0,yolo,111.2,yolo,0,0,-1,0.107,1,0,0
1785623933.020,-11.101,-0.130,89.505,0.9813,0,2.899,-0.575,1.500,0.2840,24.869,-3.782,0.188,1.000,-8.647,-14.000,6.3192,0.8973,11.521,11.521,0.897,0.978,1.419,-0.705,0.0034,0.969,nan,0.00,1,1,1,0,1,0.0000,0.349,0,0.061,2,0.870,0,0,yolo,111.2,yolo,0,0,-1,0.125,1,0,0
1785623933.066,-11.434,-0.221,89.372,0.9801,0,2.566,-0.728,0.000,0.2849,4.000,1.597,0.000,0.233,21.761,-14.000,-0.0000,0.8894,11.495,11.495,0.889,0.972,1.200,-0.949,0.0034,0.940,nan,0.00,0,1,0,1,1,0.0000,0.259,0,0.056,1,0.890,0,1,blueline,,BLUELINE,0,0,-1,0.107,0,0,0
1785623933.098,-11.434,-0.221,89.372,0.9801,0,2.566,-1.214,-1.500,0.2857,4.000,1.576,0.000,0.233,21.503,-14.000,0.2711,0.8894,11.495,11.495,0.889,0.972,1.200,-1.435,0.0034,0.912,nan,0.00,0,1,0,1,1,0.0000,0.258,0,0.054,1,0.897,0,0,blueline,,BLUELINE,0,0,-1,0.089,0,0,0
1785623933.127,-11.725,-0.300,89.354,0.9791,0,2.275,-1.222,-3.000,0.2852,4.000,1.576,0.000,0.233,21.503,-14.000,-0.0271,0.8525,11.468,11.468,0.852,0.991,1.200,-1.522,0.0034,0.885,nan,0.00,0,1,0,0,1,0.0000,0.258,0,0.054,1,0.897,0,0,blueline,,BLUELINE,0,0,-1,0.071,0,0,0
1785623933.173,-11.976,-0.364,89.671,0.9782,0,2.024,-0.698,-1.500,0.2841,4.000,-0.822,0.000,0.667,-11.613,-14.000,4.1888,0.8050,11.437,11.437,0.805,1.080,1.367,-1.062,0.0034,0.858,nan,-8.00,1,1,0,1,1,-1.3278,0.625,1,0.274,1,0.838,0,0,blueline,,BLUELINE,0,0,-1,0.053,0,0,0
1785623933.203,-12.231,-0.387,89.897,0.9773,0,1.769,-0.236,0.000,0.2823,4.000,-0.822,0.000,0.667,-11.613,-14.000,-0.0338,0.7433,11.403,11.403,0.743,1.152,1.378,-0.623,0.0034,0.832,nan,-8.00,1,1,0,0,1,-1.3278,0.625,1,0.274,1,0.838,0,0,blueline,,BLUELINE,0,0,-1,0.036,0,0,0
1785623933.234,-12.231,-0.387,89.897,0.9773,0,1.769,-0.374,1.500,0.2831,4.000,-1.211,0.000,0.233,-16.846,-14.000,3.6536,0.7433,11.403,11.403,0.743,1.152,1.200,-0.761,0.0034,0.807,nan,0.00,0,1,0,1,1,-1.3265,0.312,1,0.282,1,0.752,0,0,blueline,,BLUELINE,0,0,-1,0.018,0,0,0
1785623933.270,-12.418,-0.412,89.875,0.9766,0,1.582,-0.521,0.000,0.2816,4.000,0.829,0.000,0.233,11.708,-14.000,-0.0000,0.6897,11.379,11.379,0.690,1.170,1.200,-0.932,0.0034,0.783,nan,-8.00,0,1,0,1,1,-1.3255,0.625,1,0.282,1,0.752,1,1,track,,TRACK,0,0,-1,0.000,0,1,0
1785623933.311,-12.596,-0.476,89.856,0.9759,0,1.404,-0.523,-1.500,0.2799,4.000,0.829,0.000,0.233,11.708,-14.000,-0.0239,0.6350,11.355,11.355,0.635,1.191,1.200,-0.999,0.0034,0.760,nan,-8.00,0,1,0,0,1,-1.3259,0.750,1,0.294,2,0.766,0,0,track,,TRACK,0,0,0,0.000,0,0,0
1785623933.342,-12.768,-0.495,90.032,0.9752,0,1.232,-0.623,-3.000,0.2783,4.000,0.737,0.000,0.667,10.433,-14.000,-0.0000,0.5804,11.326,11.326,0.580,1.254,1.459,-1.118,0.0034,0.737,nan,0.00,1,1,0,1,1,0.0000,0.750,0,0.292,2,0.777,0,1,blueline,,BLUELINE,0,0,0,0.000,0,0,0
1785623933.382,-12.913,-0.491,90.357,0.9747,0,1.087,0.823,-4.000,0.2770,4.000,0.864,0.000,0.233,12.192,-14.000,-0.0000,0.5342,11.296,11.296,0.534,1.345,1.200,0.332,0.0034,0.715,nan,-8.00,0,1,0,1,1,-1.3285,0.750,1,0.301,2,0.774,0,1,track,,TRACK,0,0,0,0.000,0,0,0
1785623933.421,-13.037,-0.304,90.717,0.9742,0,0.963,1.309,-2.500,0.2760,4.000,-1.576,0.000,0.667,-21.499,-14.000,-0.0000,0.4954,11.264,11.264,0.495,1.440,1.200,1.005,0.0034,0.693,nan,-8.00,1,1,0,1,1,-1.3285,0.750,1,0.301,2,0.774,0,1,blueline,,BLUELINE,0,0,0,0.000,0,0,0
1785623933.453,-13.037,-0.304,90.717,0.9742,0,0.963,0.588,-1.000,0.2767,4.000,-1.600,0.000,0.667,-21.799,-14.000,0.6282,0.4954,11.264,11.264,0.495,1.440,1.200,0.283,0.0034,0.673,nan,-8.00,1,1,0,1,1,-1.3299,0.750,1,0.300,2,0.782,0,0,blueline,,BLUELINE,0,0,0,0.000,0,0,0
1785623933.500,-13.152,-0.221,90.831,0.9738,0,0.848,0.625,0.500,0.2757,4.000,-1.672,0.000,0.667,-22.689,-14.000,0.6215,0.4578,11.239,11.239,0.458,1.487,1.200,0.404,0.0034,0.652,nan,-8.00,1,1,0,1,1,-1.3247,0.800,1,0.301,3,0.773,0,0,blueline,,BLUELINE,0,0,0,0.000,0,0,0
1785623933.544,-13.252,-0.180,90.707,0.9734,0,0.748,0.064,2.000,0.2748,4.000,-1.672,0.000,0.667,-22.689,-14.000,-0.0188,0.4239,11.220,11.220,0.424,1.486,1.200,-0.116,0.0034,0.633,nan,-8.00,1,1,0,0,1,-1.3208,0.800,1,0.301,3,0.773,0,0,blueline,,BLUELINE,0,0,0,0.000,0,0,0
1785623933.574,-13.342,-0.231,90.500,0.9730,0,0.658,-0.445,3.500,0.2740,4.000,-1.601,0.000,0.667,-21.814,-14.000,-1.8323,0.3919,11.204,11.204,0.392,1.471,1.200,-0.676,0.0034,0.614,nan,-8.00,1,1,0,1,1,-1.3179,0.800,1,0.298,3,0.807,0,0,blueline,,BLUELINE,0,0,0,0.000,0,0,0
1785623933.621,-13.425,-0.381,90.125,0.9727,0,0.575,-1.104,5.000,0.2732,4.000,-1.601,0.000,0.667,-21.814,-14.000,-0.0117,0.3604,11.192,11.192,0.360,1.424,1.200,-1.485,0.0034,0.595,nan,-8.00,1,1,0,0,1,-1.3157,0.800,1,0.298,3,0.807,0,0,blueline,,BLUELINE,0,0,0,0.000,0,0,0
1785623933.657,-13.425,-0.381,90.125,0.9727,0,0.575,-1.090,3.500,0.2738,4.000,0.542,0.000,0.233,7.721,-14.000,-0.0000,0.3604,11.192,11.192,0.360,1.424,1.200,-1.471,0.0034,0.578,nan,-8.00,0,1,0,1,1,-1.3170,0.750,1,0.263,2,0.764,0,1,track,,TRACK,0,0,0,0.000,0,0,0
1785623933.698,-13.485,-0.606,89.687,0.9724,0,0.515,-1.660,2.000,0.2732,4.000,0.542,0.000,0.233,7.721,-14.000,-0.0060,0.3350,11.186,11.186,0.335,1.364,1.200,-2.266,0.0034,0.560,nan,-8.00,0,1,0,0,1,-1.3180,0.750,1,0.263,2,0.764,0,0,track,,TRACK,0,0,0,0.000,0,0,0
1785623933.729,-13.552,-0.813,89.338,0.9721,0,0.448,-1.687,0.500,0.2726,4.000,0.410,0.000,0.667,5.853,-14.000,-0.0000,0.3076,11.176,11.176,0.308,1.326,1.765,-2.500,0.0034,0.543,nan,0.00,1,1,0,1,1,0.0000,0.743,0,0.244,2,0.719,0,1,blueline,,BLUELINE,0,0,0,0.000,0,0,0
1785623933.762,-13.604,-1.006,89.354,0.9718,0,0.396,-0.809,-1.000,0.2720,4.000,0.292,0.000,0.233,4.173,-14.000,-0.0000,0.2826,11.161,11.161,0.283,1.363,1.200,-1.815,0.0034,0.527,nan,0.00,0,1,0,1,1,0.0000,0.740,0,0.242,2,0.733,0,1,track,,TRACK,0,0,0,0.000,0,0,0
1785623933.791,-13.604,-1.006,89.354,0.9718,0,0.396,-0.742,-2.500,0.2725,4.000,0.292,0.000,0.233,4.173,-14.000,0.0000,0.2826,11.161,11.161,0.283,1.363,1.200,-1.748,0.0034,0.511,nan,0.00,0,1,0,0,1,0.0000,0.740,0,0.242,2,0.733,0,0,track,,TRACK,0,0,0,0.000,0,0,0
1785623933.829,-13.656,-1.045,89.516,0.9716,0,-1.104,0.221,-4.000,0.2719,4.000,0.575,0.000,0.233,8.176,-9.696,-4.1888,0.2584,11.143,11.143,0.258,1.429,1.200,-0.824,0.0034,0.496,nan,0.00,0,1,0,1,1,0.0000,0.740,0,0.242,2,0.733,1,0,track,,TRACK,0,0,0,0.000,0,-1,0
1785623933.872,-13.707,-1.066,89.774,0.9714,0,-2.305,1.176,-4.000,0.2713,4.000,0.856,0.000,0.233,12.081,-11.403,-2.7261,0.2352,11.123,11.123,0.235,1.513,1.200,0.109,0.0034,0.481,nan,-8.00,0,1,0,1,1,-1.3139,0.750,1,0.258,2,0.756,0,0,track,,TRACK,0,0,0,0.000,0,-1,0
1785623933.899,-13.445,-0.831,90.143,0.9725,0,-0.805,1.896,-4.000,0.2705,4.000,0.856,0.000,0.233,12.081,-14.000,-0.0050,0.2134,11.118,11.118,0.213,1.614,1.200,1.065,0.0034,0.467,nan,-8.00,0,1,0,0,1,-1.3139,0.750,1,0.258,2,0.756,0,0,track,,TRACK,0,0,0,0.000,0,-1,0
1785623933.936,-13.445,-0.831,90.143,0.9725,0,-2.305,1.287,-4.000,0.2709,4.000,1.031,0.000,0.233,14.450,-9.696,-4.1888,0.2134,11.118,11.118,0.213,1.614,1.200,0.456,0.0034,0.453,nan,-8.00,0,1,0,1,1,-1.3135,0.750,1,0.258,2,0.756,1,0,track,,TRACK,0,0,0,0.000,0,-1,0
1785623933.977,-13.121,-0.310,90.864,0.9739,0,-0.805,2.787,-4.000,0.2690,4.000,1.031,0.000,0.233,14.450,-14.000,-0.0182,0.1712,11.100,11.100,0.171,1.812,1.200,2.658,0.0034,0.439,nan,-8.00,0,1,0,0,1,-1.3135,0.750,1,0.254,2,0.761,0,0,track,,TRACK,0,0,0,0.000,0,-1,0
1785623934.012,-13.121,-0.310,90.864,0.9739,0,0.695,2.030,-4.000,0.2694,4.000,0.865,0.000,0.233,12.208,-14.000,2.3477,0.1712,11.100,11.100,0.171,1.812,1.200,1.719,0.0034,0.426,nan,-8.00,0,1,0,1,1,-1.3134,0.750,1,0.254,2,0.761,2,0,track,,TRACK,0,0,0,0.000,0,-1,0
1785623934.061,-13.198,0.027,91.198,0.9736,0,-0.805,2.226,-4.000,0.2690,4.000,0.958,0.000,0.233,13.472,-11.496,-2.6466,0.1521,11.080,11.080,0.152,1.901,1.200,2.253,0.0034,0.413,nan,-8.00,0,1,0,1,1,-1.3069,0.750,1,0.251,2,0.734,1,0,track,,TRACK,0,0,0,0.000,0,-1,0
1785623934.101,-13.272,0.329,91.543,0.9733,0,0.695,1.813,-5.500,0.2686,4.000,1.001,0.000,0.667,14.053,-14.000,-0.0000,0.1348,11.059,11.059,0.135,1.992,1.423,2.142,0.0034,0.401,nan,0.00,1,1,0,1,1,0.0000,0.850,0,0.232,3,0.765,0,1,blueline,,BLUELINE,0,0,0,0.000,0,-1,0
1785623934.132,-13.336,0.627,91.997,0.9730,0,0.664,2.701,-7.000,0.2684,4.000,0.686,0.000,0.233,9.734,-14.000,4.1888,0.1200,11.033,11.033,0.120,2.100,1.200,3.328,0.0034,0.389,nan,0.00,0,1,0,1,1,0.0000,0.299,0,0.222,2,0.759,0,0,blueline,,BLUELINE,0,0,0,0.000,0,-1,0
1785623934.169,-13.399,1.111,92.664,0.9726,0,-0.836,3.770,-5.500,0.2682,nan,nan,nan,0.000,0.000,-10.000,0.0000,0.1049,10.996,10.996,0.105,2.249,1.000,4.881,0.0034,0.377,nan,0.00,0,0,0,0,1,0.0000,0.468,0,0.210,1,0.765,0,0,,,FLYING,0,0,0,0.000,0,-1,0
1785623934.209,-13.283,1.642,93.121,0.9728,0,-2.336,3.474,-4.000,0.2679,nan,nan,nan,0.000,0.000,-10.000,0.0000,0.0922,10.973,10.973,0.092,2.351,1.000,5.116,0.0034,0.366,nan,0.00,0,0,0,0,1,0.0000,0.468,0,0.210,1,0.765,0,0,,,FLYING,0,0,0,0.000,0,-1,0
1785623934.240,-13.283,1.642,93.121,0.9728,0,-0.836,1.974,-5.246,0.2682,4.000,0.367,0.000,0.667,5.246,-14.000,-0.0000,0.0922,10.973,10.973,0.092,2.351,1.916,1.704,0.0034,0.355,nan,0.00,1,1,0,1,1,0.0000,0.581,0,0.206,1,0.775,0,0,blueline,,BLUELINE,0,0,0,0.000,0,-1,0
1785623934.270,-13.048,2.097,93.427,0.9735,0,0.664,0.474,-5.246,0.2678,4.000,0.367,0.000,0.667,5.246,-14.000,-0.0089,0.0804,10.965,10.965,0.080,2.421,1.925,1.829,0.0034,0.344,nan,0.00,1,1,0,0,1,0.0000,0.581,0,0.206,1,0.775,0,0,blueline,,BLUELINE,0,0,0,0.000,0,-1,0
1785623934.306,-13.146,2.229,93.917,0.9731,0,-0.836,1.974,-3.746,0.2677,nan,nan,nan,0.000,0.000,-10.000,0.0000,0.0691,10.933,10.933,0.069,2.530,1.000,4.807,0.0034,0.334,nan,0.00,0,0,0,0,1,0.0000,0.581,0,0.206,1,0.775,2,0,,,FLYING,0,0,0,0.000,0,-1,0
1785623934.348,-13.001,2.591,94.282,0.9734,0,-2.336,2.408,-2.246,0.2674,nan,nan,nan,0.000,0.000,-10.000,0.0000,0.0574,10.917,10.917,0.057,2.611,1.000,4.999,0.0034,0.324,nan,0.00,0,0,0,0,1,0.0000,0.450,0,0.188,1,0.828,0,0,,,FLYING,0,0,0,0.000,0,-1,0
1785623934.380,-13.001,2.591,94.282,0.9734,0,-0.836,0.908,-0.746,0.2677,4.000,-0.037,0.000,0.667,-0.536,-14.000,-0.0000,0.0574,10.917,10.917,0.057,2.611,1.949,1.736,0.0034,0.314,nan,0.00,1,1,0,1,1,0.0000,0.555,0,0.180,2,0.857,0,0,blueline,,BLUELINE,0,0,0,0.000,0,-1,0
1785623934.410,-12.910,2.689,94.304,0.9736,0,0.664,-0.592,0.536,0.2674,4.000,-0.037,0.000,0.667,-0.536,-14.000,0.0002,0.0459,10.917,10.917,0.046,2.627,1.956,1.302,0.0034,0.305,nan,0.00,1,1,0,0,1,0.0000,0.555,0,0.180,2,0.857,0,0,blueline,,BLUELINE,0,0,0,0.000,0,-1,0
1785623934.448,-12.910,2.689,94.304,0.9736,0,-0.836,0.516,0.000,0.2677,nan,nan,nan,0.000,0.000,-10.000,0.0000,0.0459,10.917,10.917,0.046,2.627,1.000,3.205,0.0034,0.296,nan,0.00,0,0,0,0,1,0.0000,0.555,0,0.180,2,0.857,1,0,,,FLYING,0,0,0,0.000,0,-1,0
1785623934.488,-12.921,2.647,94.191,0.9736,0,0.664,-0.214,1.500,0.2669,4.000,-0.148,0.000,0.233,-2.120,-14.000,-0.0000,0.0242,10.917,10.917,0.024,2.632,1.200,2.434,0.0034,0.287,nan,0.00,0,1,0,1,1,0.0000,0.320,0,0.158,1,0.828,0,0,blueline,,BLUELINE,0,0,0,0.000,0,-1,0
1785623934.519,-12.921,2.647,94.191,0.9736,0,1.079,-0.470,3.000,0.2672,4.000,-0.260,0.000,0.233,-3.719,-14.000,1.6749,0.0242,10.917,10.917,0.024,2.632,1.200,2.178,0.0034,0.278,nan,0.00,0,1,0,1,1,0.0000,0.314,0,0.149,1,0.808,0,0,blueline,,BLUELINE,0,0,0,0.000,0,-1,0
1785623934.549,-12.615,3.333,93.788,0.9742,0,1.385,-1.970,3.719,0.2669,4.000,-0.260,0.000,0.233,-3.719,-14.000,0.0263,0.0161,10.944,10.944,0.016,2.566,1.200,1.123,0.0034,0.270,nan,0.00,0,1,0,0,1,0.0000,0.314,0,0.149,1,0.808,0,0,blueline,,BLUELINE,0,0,0,0.000,0,-1,0
1785623934.579,-3.841,-18.561,98.736,0.9459,0,2.885,-0.470,5.219,0.2747,4.000,-0.368,0.000,0.233,-5.253,-14.000,1.6062,0.0059,11.132,11.132,0.006,3.606,1.200,6.000,0.0034,0.262,nan,0.00,0,1,0,1,1,0.0000,0.216,0,0.166,0,0.808,0,0,blueline,,BLUELINE,0,0,0,0.000,0,-1,0
1785623934.612,4.147,-24.613,98.296,0.9068,0,4.385,1.030,5.253,0.2784,4.000,-0.368,0.000,0.233,-5.253,-14.000,0.0398,-0.1626,11.172,11.172,-0.163,3.781,1.200,6.000,0.0034,0.254,nan,0.00,0,1,0,0,1,0.0000,0.216,0,0.166,0,0.808,0,0,blueline,,BLUELINE,0,0,0,0.000,0,-1,0
1785623934.647,4.147,-24.613,98.296,0.9068,0,5.885,2.530,3.753,0.2787,nan,nan,nan,0.000,0.000,-10.000,0.0000,-0.1626,11.172,11.172,-0.163,3.781,1.000,6.000,0.0034,0.246,nan,0.00,0,0,0,0,0,0.0000,0.000,0,0.000,0,0.000,0,0,,,FLYING,0,0,0,0.000,0,0,0
1785623934.684,3.751,-25.670,98.122,0.8994,0,7.385,4.030,2.253,0.2703,nan,nan,nan,0.000,0.000,-10.000,0.0000,-0.3808,11.439,11.439,-0.381,4.178,1.000,6.000,0.0034,0.239,nan,0.00,0,0,0,0,0,0.0000,0.000,0,0.000,0,0.000,0,0,,,FLYING,0,0,0,0.000,0,0,0
1785623934.729,3.820,-26.725,98.034,0.8912,0,8.885,5.530,0.753,0.2569,nan,nan,nan,0.000,0.000,-10.000,0.0000,-0.6999,11.734,11.734,-0.700,4.686,1.000,6.000,0.0034,0.232,nan,0.00,0,0,0,0,0,0.0000,0.000,0,0.000,0,0.000,0,0,,,FLYING,0,0,0,0.000,0,0,0
1785623934.771,4.049,-27.817,97.939,0.8822,0,10.385,7.030,0.000,0.2516,nan,nan,nan,0.000,0.000,-10.000,0.0000,-0.8604,11.994,11.994,-0.860,5.116,1.000,6.000,0.0034,0.225,nan,0.00,0,0,0,0,0,0.0000,0.000,0,0.000,0,0.000,1,0,,,FLYING,0,0,0,0.000,0,-1,0
1785623934.796,3.362,-28.156,97.874,0.8802,0,11.885,8.530,0.000,0.2486,nan,nan,nan,0.000,0.000,-10.000,0.0000,-0.9353,12.319,12.319,-0.935,5.552,1.000,6.000,0.0034,0.218,nan,0.00,0,0,0,0,1,0.0000,0.329,0,0.036,2,0.684,0,0,,,FLYING,0,0,0,0.000,0,-1,0
1785623934.828,1.793,-27.645,97.857,0.8854,0,11.793,10.030,0.000,0.2492,nan,nan,nan,0.000,0.000,-10.000,0.0000,-0.8976,12.646,12.646,-0.898,5.955,1.000,6.000,0.0034,0.211,nan,0.00,0,0,0,0,1,0.0000,0.329,0,0.036,2,0.684,0,0,,,FLYING,0,0,0,0.000,0,-1,0
1785623934.879,1.793,-27.645,97.857,0.8854,0,11.793,11.530,0.000,0.2495,nan,nan,nan,0.000,0.000,-10.000,0.0000,-0.8976,12.646,12.646,-0.898,5.955,1.000,6.000,0.0034,0.205,nan,0.00,0,0,0,0,0,0.0000,0.000,0,0.000,0,0.000,0,0,,,FLYING,0,0,0,0.000,0,0,0
1785623934.907,0.090,-26.712,97.852,0.8933,0,10.293,13.030,0.000,0.2512,nan,nan,nan,0.000,0.000,-10.000,0.0000,-0.8232,12.920,12.920,-0.823,6.306,1.000,6.000,0.0034,0.199,nan,0.00,0,0,0,0,0,0.0000,0.000,0,0.000,0,0.000,0,0,,,FLYING,0,0,0,0.000,0,0,0
1785623934.940,-1.379,-25.160,97.815,0.9049,0,8.793,14.530,0.000,0.2496,nan,nan,nan,0.000,0.000,-10.000,0.0000,-0.7944,13.144,13.144,-0.794,6.657,1.000,6.000,0.0034,0.193,nan,0.00,0,0,0,0,0,0.0000,0.000,0,0.000,0,0.000,1,0,,,FLYING,0,0,0,0.000,0,-1,0
1785623934.967,-1.379,-25.160,97.815,0.9049,0,8.621,16.030,0.000,0.2498,nan,nan,nan,0.000,0.000,-10.000,0.0000,-0.7944,13.144,13.144,-0.794,6.657,1.000,6.000,0.0034,0.187,nan,0.00,0,0,0,0,0,0.0000,0.000,0,0.000,0,0.000,0,0,,,FLYING,0,0,0,0.000,0,-1,0
1785623934.999,-2.727,-23.338,97.728,0.9171,0,10.121,17.530,-1.500,0.2472,4.000,1.876,0.000,0.233,25.000,-14.000,-0.0000,-0.7829,13.322,13.322,-0.783,6.973,1.200,6.000,0.0034,0.182,nan,0.00,0,1,0,1,1,0.0000,0.319,0,0.023,2,0.690,0,0,blueline,,BLUELINE,0,0,0,0.000,0,-1,0
1785623935.030,-4.154,-21.500,97.748,0.9280,0,9.846,18.000,-3.000,0.2450,4.000,1.876,0.000,0.233,25.000,-14.000,0.1208,-0.7720,13.443,13.443,-0.772,7.265,1.200,6.000,0.0034,0.176,nan,0.00,0,1,0,0,1,0.0000,0.319,0,0.023,2,0.690,0,0,blueline,,BLUELINE,0,0,0,0.000,0,-1,0
1785623935.062,-4.154,-21.500,97.748,0.9280,0,9.846,18.000,-4.500,0.2452,4.000,1.876,0.000,0.233,25.000,-14.000,0.1208,-0.7720,13.443,13.443,-0.772,7.265,1.200,6.000,0.0034,0.171,nan,0.00,0,1,0,0,1,0.0000,0.319,0,0.023,2,0.690,0,0,blueline,,BLUELINE,0,0,0,0.000,0,-1,0
1785623935.097,-5.170,-19.480,97.473,0.9389,0,8.346,18.000,-3.000,0.2431,nan,nan,nan,0.000,0.000,-10.000,0.0000,-0.7588,13.541,13.541,-0.759,7.466,1.000,6.000,0.0034,0.166,nan,0.00,0,0,0,0,0,0.0000,0.000,0,0.000,0,0.000,0,0,,,FLYING,0,0,0,0.000,0,-1,0
1785623935.124,-6.108,-17.442,97.202,0.9486,0,7.892,18.000,-4.500,0.2416,4.000,1.778,0.000,0.233,23.968,-14.000,-0.0000,-0.7427,13.608,13.608,-0.743,7.651,1.200,6.000,0.0034,0.161,nan,0.00,0,1,0,1,1,0.0000,0.264,0,0.066,1,0.859,0,0,blueline,,BLUELINE,0,0,0,0.000,0,-1,0
1785623935.154,-6.108,-17.442,97.202,0.9486,0,7.892,18.000,-6.000,0.2417,4.000,1.778,0.000,0.233,23.968,-14.000,0.0000,-0.7427,13.608,13.608,-0.743,7.651,1.200,6.000,0.0034,0.156,nan,0.00,0,1,0,0,1,0.0000,0.264,0,0.066,1,0.859,0,0,blueline,,BLUELINE,0,0,0,0.000,0,-1,0
1785623935.188,-7.045,-15.426,97.283,0.9567,0,6.392,18.000,-4.500,0.2403,nan,nan,nan,0.000,0.000,-10.000,0.0000,-0.7329,13.609,13.609,-0.733,7.889,1.000,6.000,0.0034,0.151,nan,0.00,0,0,0,0,0,0.0000,0.000,0,0.000,0,0.000,0,0,,,FLYING,0,0,0,0.000,0,-1,0
1785623935.220,-7.694,-13.514,97.197,0.9636,0,4.892,18.000,-3.000,0.2392,nan,nan,nan,0.000,0.000,-10.000,0.0000,-0.7239,13.611,13.611,-0.724,8.061,1.000,6.000,0.0034,0.147,nan,0.00,0,0,0,0,0,0.0000,0.000,0,0.000,0,0.000,1,0,,,FLYING,0,0,0,0.000,0,-1,0
1785623935.247,-7.694,-13.514,97.197,0.9636,0,3.392,18.000,-1.500,0.2393,nan,nan,nan,0.000,0.000,-10.000,0.0000,-0.7239,13.611,13.611,-0.724,8.061,1.000,6.000,0.0034,0.142,nan,0.00,0,0,0,0,0,0.0000,0.000,0,0.000,0,0.000,0,0,,,FLYING,0,0,0,0.000,0,-1,0
1785623935.281,-8.089,-11.693,96.803,0.9695,0,1.911,17.693,0.000,0.2382,nan,nan,nan,0.000,0.000,-10.000,0.0000,-0.7183,13.647,13.647,-0.718,8.138,1.000,6.000,0.0034,0.138,nan,0.00,0,0,0,0,0,0.0000,0.000,0,0.000,0,0.000,0,0,,,FLYING,0,0,0,0.000,0,-1,0
1785623935.311,-8.470,-9.850,96.382,0.9745,0,1.530,16.193,0.000,0.2373,nan,nan,nan,0.000,0.000,-10.000,0.0000,-0.7149,13.684,13.684,-0.715,8.192,1.000,6.000,0.0034,0.134,nan,0.00,0,0,0,0,0,0.0000,0.000,0,0.000,0,0.000,0,0,,,FLYING,0,0,0,0.000,0,-1,0
1785623935.339,-8.470,-9.850,96.382,0.9745,0,1.530,15.850,0.000,0.2374,nan,nan,nan,0.000,0.000,-10.000,0.0000,-0.7149,13.684,13.684,-0.715,8.192,1.000,6.000,0.0034,0.130,nan,0.00,0,0,0,0,0,0.0000,0.000,0,0.000,0,0.000,0,0,,,FLYING,0,0,0,0.000,0,-1,0
1785623935.374,-9.200,-7.520,95.445,0.9786,0,0.800,14.350,0.000,0.2369,nan,nan,nan,0.000,0.000,-10.000,0.0000,-0.7070,13.775,13.775,-0.707,8.134,1.000,6.000,0.0034,0.126,nan,0.00,0,0,0,0,0,0.0000,0.000,0,0.000,0,0.000,1,0,,,FLYING,0,0,0,0.000,0,-1,0
1785623935.420,-8.261,-6.970,95.188,0.9823,0,1.739,12.970,0.000,0.2370,nan,nan,nan,0.000,0.000,-10.000,0.0000,-0.6877,13.819,13.819,-0.688,8.161,1.000,6.000,0.0034,0.122,nan,0.00,0,0,0,0,0,0.0000,0.000,0,0.000,0,0.000,0,0,,,FLYING,0,0,0,0.000,0,-1,0
1785623935.444,-8.261,-6.970,95.188,0.9823,0,1.739,12.970,0.000,0.2371,nan,nan,nan,0.000,0.000,-10.000,0.0000,-0.6877,13.819,13.819,-0.688,8.161,1.000,6.000,0.0034,0.118,nan,0.00,0,0,0,0,0,0.0000,0.000,0,0.000,0,0.000,0,0,,,FLYING,0,0,0,0.000,0,-1,0
1785623935.478,-8.185,-5.739,94.592,0.9849,0,1.815,11.739,0.000,0.2369,nan,nan,nan,0.000,0.000,-10.000,0.0000,-0.6815,13.902,13.902,-0.682,8.129,1.000,6.000,0.0034,0.115,nan,0.00,0,0,0,0,0,0.0000,0.000,0,0.000,0,0.000,0,0,,,FLYING,0,0,0,0.000,0,-1,0
1785623935.506,-8.477,-4.442,93.941,0.9861,0,1.523,10.442,0.000,0.2363,nan,nan,nan,0.000,0.000,-10.000,0.0000,-0.6899,13.995,13.995,-0.690,8.067,1.000,6.000,0.0034,0.111,nan,0.00,0,0,0,0,0,0.0000,0.000,0,0.000,0,0.000,0,0,,,FLYING,0,0,0,0.000,0,-1,0
1785623935.536,-8.477,-4.442,93.941,0.9861,0,1.523,10.442,0.000,0.2364,nan,nan,nan,0.000,0.000,-10.000,0.0000,-0.6899,13.995,13.995,-0.690,8.067,1.000,6.000,0.0034,0.108,nan,0.00,0,0,0,0,0,0.0000,0.000,0,0.000,0,0.000,0,0,,,FLYING,0,0,0,0.000,0,-1,0
1785623935.573,-8.648,-3.265,93.481,0.9870,0,1.352,9.265,0.000,0.2359,nan,nan,nan,0.000,0.000,-10.000,0.0000,-0.6990,14.061,14.061,-0.699,8.043,1.000,6.000,0.0034,0.105,nan,0.00,0,0,0,0,0,0.0000,0.000,0,0.000,0,0.000,0,0,,,FLYING,0,0,0,0.000,0,-1,0
1785623935.616,-8.679,-2.401,93.076,0.9877,0,1.321,8.401,0.000,0.2345,nan,nan,nan,0.000,0.000,-10.000,0.0000,-0.7275,14.141,14.141,-0.728,8.022,1.000,6.000,0.0034,0.102,nan,0.00,0,0,0,0,0,0.0000,0.000,0,0.000,0,0.000,0,0,,,FLYING,0,0,0,0.000,0,-1,0
1785623935.644,-8.711,-1.673,92.748,0.9880,0,1.289,7.673,0.000,0.2334,nan,nan,nan,0.000,0.000,-10.000,0.0000,-0.7524,14.210,14.210,-0.752,8.005,1.000,6.000,0.0034,0.099,nan,0.00,0,0,0,0,0,0.0000,0.000,0,0.000,0,0.000,0,0,,,FLYING,0,0,0,0.000,0,-1,0
1785623935.681,-8.757,-1.000,92.451,0.9882,0,1.243,7.000,0.000,0.2327,nan,nan,nan,0.000,0.000,-10.000,0.0000,-0.7678,14.274,14.274,-0.768,7.988,1.000,6.000,0.0034,0.096,nan,0.00,0,0,0,0,0,0.0000,0.000,0,0.000,0,0.000,0,0,,,FLYING,0,0,0,0.000,0,-1,0
1785623935.713,-8.810,-0.379,92.182,0.9882,0,1.190,6.379,0.000,0.2322,nan,nan,nan,0.000,0.000,-10.000,0.0000,-0.7817,14.337,14.337,-0.782,7.979,1.000,6.000,0.0034,0.093,nan,0.00,0,0,0,0,0,0.0000,0.000,0,0.000,0,0.000,0,0,,,FLYING,0,0,0,0.000,0,-1,0
1785623935.741,-8.810,-0.379,92.182,0.9882,0,1.190,6.379,0.000,0.2323,nan,nan,nan,0.000,0.000,-10.000,0.0000,-0.7817,14.337,14.337,-0.782,7.979,1.000,6.000,0.0034,0.090,nan,0.00,0,0,0,0,0,0.0000,0.000,0,0.000,0,0.000,1,0,,,FLYING,0,0,0,0.000,0,-1,0
1785623935.775,-8.870,0.221,91.923,0.9880,0,1.130,5.779,0.000,0.2316,nan,nan,nan,0.000,0.000,-10.000,0.0000,-0.7987,14.404,14.404,-0.799,7.977,1.000,6.000,0.0034,0.087,nan,0.00,0,0,0,0,0,0.0000,0.000,0,0.000,0,0.000,1,0,,,FLYING,0,0,0,0.000,0,-1,0
1785623935.805,-8.938,0.840,91.659,0.9878,0,1.062,5.160,0.000,0.2309,nan,nan,nan,0.000,0.000,-10.000,0.0000,-0.8168,14.475,14.475,-0.817,7.978,1.000,6.000,0.0034,0.085,nan,0.00,0,0,0,0,0,0.0000,0.000,0,0.000,0,0.000,0,0,,,FLYING,0,0,0,0.000,0,-1,0
1785623935.836,-8.938,0.840,91.659,0.9878,0,1.062,5.160,0.000,0.2310,nan,nan,nan,0.000,0.000,-10.000,0.0000,-0.8168,14.475,14.475,-0.817,7.978,1.000,6.000,0.0034,0.082,nan,0.00,0,0,0,0,0,0.0000,0.000,0,0.000,0,0.000,0,0,,,FLYING,0,0,0,0.000,0,-1,1
1785623935.868,-9.000,1.378,91.450,0.9874,0,1.000,4.622,0.000,0.2304,nan,nan,nan,0.000,0.000,-10.000,0.0000,-0.8343,14.545,14.545,-0.834,7.998,1.000,6.000,0.0034,0.080,nan,0.00,0,0,0,0,0,0.0000,0.000,0,0.000,0,0.000,0,0,,,FLYING,0,0,0,0.000,0,-1,0
1785623935.895,-9.056,1.821,91.289,0.9870,0,0.944,4.179,0.000,0.2298,nan,nan,nan,0.000,0.000,-10.000,0.0000,-0.8496,14.605,14.605,-0.850,8.023,1.000,6.000,0.0034,0.077,nan,0.00,0,0,0,0,0,0.0000,0.000,0,0.000,0,0.000,0,0,,,FLYING,0,0,0,0.000,0,-1,0
1785623935.930,-9.114,2.263,91.134,0.9866,0,0.886,3.737,0.000,0.2293,nan,nan,nan,0.000,0.000,-10.000,0.0000,-0.8658,14.670,14.670,-0.866,8.056,1.000,6.000,0.0034,0.075,nan,0.00,0,0,0,0,0,0.0000,0.000,0,0.000,0,0.000,2,0,,,FLYING,0,0,0,0.000,0,2,0
1785623935.961,-9.114,2.263,91.134,0.9866,0,0.886,3.737,0.000,0.2293,nan,nan,nan,0.000,0.000,-10.000,0.0000,-0.8658,14.670,14.670,-0.866,8.056,1.000,6.000,0.0034,0.073,nan,0.00,0,0,0,0,0,0.0000,0.000,0,0.000,0,0.000,0,0,,,FLYING,0,0,0,0.000,0,0,0
1785623935.989,-9.175,2.681,91.001,0.9861,0,0.825,3.319,0.000,0.2288,nan,nan,nan,0.000,0.000,-10.000,0.0000,-0.8821,14.735,14.735,-0.882,8.097,1.000,6.000,0.0034,0.071,nan,0.00,0,0,0,0,0,0.0000,0.000,0,0.000,0,0.000,0,0,,,FLYING,0,0,0,0.000,0,0,0
1785623936.024,-9.224,3.005,90.908,0.9857,0,0.776,2.995,0.000,0.2283,nan,nan,nan,0.000,0.000,-10.000,0.0000,-0.8950,14.789,14.789,-0.895,8.141,1.000,6.000,0.0034,0.068,nan,0.00,0,0,0,0,0,0.0000,0.000,0,0.000,0,0.000,0,0,,,FLYING,0,0,0,0.000,0,0,0
1785623936.055,-9.224,3.005,90.908,0.9857,0,0.776,2.995,0.000,0.2284,nan,nan,nan,0.000,0.000,-10.000,0.0000,-0.8950,14.789,14.789,-0.895,8.141,1.000,6.000,0.0034,0.066,nan,0.00,0,0,0,0,0,0.0000,0.000,0,0.000,0,0.000,0,0,,,FLYING,0,0,0,0.000,0,0,0
1785623936.087,-16.084,30.771,88.159,0.8256,0,-0.724,1.495,0.000,0.2398,nan,nan,nan,0.000,0.000,-10.000,0.0000,-1.5000,17.166,17.166,-3.320,10.818,1.000,6.000,0.0034,0.064,nan,0.00,0,0,0,0,0,0.0000,0.000,0,0.000,0,0.000,1,0,,,FLYING,0,0,0,0.000,0,1,0
1785623936.129,-15.891,30.454,89.367,0.8291,0,-2.224,-0.005,0.000,0.2389,nan,nan,nan,0.000,0.000,-10.000,0.0000,-1.5000,20.053,20.053,-5.617,14.942,1.000,6.000,0.0034,0.063,nan,0.00,0,0,0,0,0,0.0000,0.000,0,0.000,0,0.000,1,0,,,FLYING,0,0,0,0.000,0,1,0
1785623936.159,-16.123,29.990,88.736,0.8320,0,-3.724,-1.505,0.000,0.2381,nan,nan,nan,0.000,0.000,-10.000,0.0000,-1.5000,23.177,23.177,-7.745,18.331,1.000,6.000,0.0034,0.061,nan,0.00,0,0,0,0,0,0.0000,0.000,0,0.000,0,0.000,0,0,,,FLYING,0,0,0,0.000,0,0,0
1785623936.196,-16.156,30.002,88.596,0.8318,0,-5.224,-3.005,0.000,0.2382,nan,nan,nan,0.000,0.000,-10.000,0.0000,-1.5000,26.089,26.089,-9.781,21.776,1.000,6.000,0.0034,0.059,nan,0.00,0,0,0,0,0,0.0000,0.000,0,0.000,0,0.000,0,0,,,FLYING,0,0,0,0.000,0,0,0
1785623936.226,-15.685,29.709,88.906,0.8362,0,-5.685,-4.505,0.000,0.2370,nan,nan,nan,0.000,0.000,-10.000,0.0000,-1.5000,29.143,29.143,-11.891,25.663,1.000,6.000,0.0034,0.057,nan,0.00,0,0,0,0,0,0.0000,0.000,0,0.000,0,0.000,0,0,,,FLYING,0,0,0,0.000,0,0,0
1785623936.271,-15.253,29.286,89.030,0.8415,0,-5.253,-6.005,0.000,0.2356,nan,nan,nan,0.000,0.000,-10.000,0.0000,-1.5000,29.112,29.112,-11.730,25.510,1.000,6.000,0.0034,0.055,nan,0.00,0,0,0,0,0,0.0000,0.000,0,0.000,0,0.000,0,0,,,FLYING,0,0,0,0.000,0,0,0
1785623936.303,-15.253,29.286,89.030,0.8415,0,-5.253,-7.505,0.000,0.2357,nan,nan,nan,0.000,0.000,-10.000,0.0000,-1.5000,29.112,29.112,-11.730,25.510,1.000,6.000,0.0034,0.054,nan,0.00,0,0,0,0,0,0.0000,0.000,0,0.000,0,0.000,0,0,,,FLYING,0,0,0,0.000,0,0,0
1785623936.334,-14.832,28.704,89.163,0.8479,0,-4.832,-9.005,0.000,0.2339,nan,nan,nan,0.000,0.000,-10.000,0.0000,-1.5000,29.097,29.097,-11.511,25.386,1.000,6.000,0.0034,0.052,nan,0.00,0,0,0,0,0,0.0000,0.000,0,0.000,0,0.000,0,0,,,FLYING,0,0,0,0.000,0,0,0
1785623936.383,-14.402,28.079,89.356,0.8546,0,-4.402,-10.505,0.000,0.2322,nan,nan,nan,0.000,0.000,-10.000,0.0000,-1.5000,29.069,29.069,-11.334,25.315,1.000,6.000,0.0034,0.051,nan,0.00,0,0,0,0,0,0.0000,0.000,0,0.000,0,0.000,0,0,,,FLYING,0,0,0,0.000,0,0,0
1785623936.427,-13.872,27.130,89.634,0.8640,0,-3.872,-12.005,0.000,0.2297,nan,nan,nan,0.000,0.000,-10.000,0.0000,-1.5000,29.034,29.034,-11.150,25.254,1.000,6.000,0.0034,0.049,nan,0.00,0,0,0,0,0,0.0000,0.000,0,0.000,0,0.000,0,0,,,FLYING,0,0,0,0.000,0,-1,0
1785623936.457,-13.319,25.608,90.038,0.8775,0,-3.319,-13.505,0.000,0.2262,nan,nan,nan,0.000,0.000,-10.000,0.0000,-1.5000,28.986,28.986,-10.956,25.229,1.000,6.000,0.0034,0.048,nan,0.00,0,0,0,0,0,0.0000,0.000,0,0.000,0,0.000,0,0,,,FLYING,0,0,0,0.000,0,-1,0
1785623936.481,-12.880,24.371,90.352,0.8880,0,-2.880,-15.005,0.000,0.2236,nan,nan,nan,0.000,0.000,-10.000,0.0000,-1.5000,28.946,28.946,-10.808,25.202,1.000,6.000,0.0034,0.046,nan,0.00,0,0,0,0,0,0.0000,0.000,0,0.000,0,0.000,0,0,,,FLYING,0,0,0,0.000,0,-1,0
1785623936.519,-12.870,24.338,90.360,0.8882,0,-2.870,-16.505,0.000,0.2236,nan,nan,nan,0.000,0.000,-10.000,0.0000,-1.5000,28.944,28.944,-10.804,25.202,1.000,6.000,0.0034,0.045,nan,0.00,0,0,0,0,0,0.0000,0.000,0,0.000,0,0.000,0,0,,,FLYING,0,0,0,0.000,0,-1,0
1785623936.547,-12.471,22.783,90.742,0.9002,0,-2.471,-16.783,0.000,0.2206,nan,nan,nan,0.000,0.000,-10.000,0.0000,-1.5000,28.895,28.895,-10.655,25.209,1.000,6.000,0.0034,0.043,nan,0.00,0,0,0,0,0,0.0000,0.000,0,0.000,0,0.000,1,0,,,FLYING,0,0,0,0.000,0,-1,0
1785623936.580,-12.075,20.901,91.182,0.9135,0,-2.075,-15.283,0.000,0.2175,nan,nan,nan,0.000,0.000,-10.000,0.0000,-1.5000,28.838,28.838,-10.495,25.227,1.000,6.000,0.0034,0.042,nan,0.00,0,0,0,0,0,0.0000,0.000,0,0.000,0,0.000,0,0,,,FLYING,0,0,0,0.000,0,-1,0
1785623936.610,-12.075,20.901,91.182,0.9135,0,-2.075,-14.901,0.000,0.2175,nan,nan,nan,0.000,0.000,-10.000,0.0000,-1.5000,28.838,28.838,-10.495,25.227,1.000,6.000,0.0034,0.041,nan,0.00,0,0,0,0,0,0.0000,0.000,0,0.000,0,0.000,0,0,,,FLYING,0,0,0,0.000,0,-1,0
1785623936.646,-11.795,19.467,91.505,0.9229,0,-1.795,-13.467,0.000,0.2153,nan,nan,nan,0.000,0.000,-10.000,0.0000,-1.5000,28.787,28.787,-10.358,25.221,1.000,6.000,0.0034,0.040,nan,0.00,0,0,0,0,0,0.0000,0.000,0,0.000,0,0.000,0,0,,,FLYING,0,0,0,0.000,0,-1,0
1785623936.670,-11.519,17.994,91.826,0.9319,0,-1.519,-11.994,0.000,0.2133,nan,nan,nan,0.000,0.000,-10.000,0.0000,-1.5000,28.726,28.726,-10.199,25.198,1.000,6.000,0.0034,0.038,nan,0.00,0,0,0,0,0,0.0000,0.000,0,0.000,0,0.000,0,0,,,FLYING,0,0,0,0.000,0,-1,0
1785623936.702,-11.519,17.994,91.826,0.9319,0,-1.519,-11.994,0.000,0.2133,nan,nan,nan,0.000,0.000,-10.000,0.0000,-1.5000,28.726,28.726,-10.199,25.198,1.000,6.000,0.0034,0.037,nan,0.00,0,0,0,0,0,0.0000,0.000,0,0.000,0,0.000,0,0,,,FLYING,0,0,0,0.000,0,0,0
1785623936.750,-11.287,16.669,92.106,0.9394,0,-1.287,-10.669,0.000,0.2116,nan,nan,nan,0.000,0.000,-10.000,0.0000,-1.5000,28.665,28.665,-10.041,25.166,1.000,6.000,0.0034,0.036,nan,0.00,0,0,0,0,0,0.0000,0.000,0,0.000,0,0.000,0,0,,,FLYING,0,0,0,0.000,0,0,0
1785623936.781,-11.078,15.453,92.356,0.9459,0,-1.078,-9.453,0.000,0.2102,nan,nan,nan,0.000,0.000,-10.000,0.0000,-1.5000,28.610,28.610,-9.901,25.140,1.000,6.000,0.0034,0.035,nan,0.00,0,0,0,0,0,0.0000,0.000,0,0.000,0,0.000,0,0,,,FLYING,0,0,0,0.000,0,0,0
1785623936.807,-10.918,14.420,92.564,0.9510,0,-0.918,-8.420,0.000,0.2092,nan,nan,nan,0.000,0.000,-10.000,0.0000,-1.5000,28.550,28.550,-9.750,25.103,1.000,6.000,0.0034,0.034,nan,0.00,0,0,0,0,0,0.0000,0.000,0,0.000,0,0.000,0,0,,,FLYING,0,0,0,0.000,0,0,0
1785623936.842,-10.773,13.442,92.757,0.9555,0,-0.773,-7.442,0.000,0.2082,nan,nan,nan,0.000,0.000,-10.000,0.0000,-1.5000,28.491,28.491,-9.601,25.068,1.000,6.000,0.0034,0.033,nan,0.00,0,0,0,0,0,0.0000,0.000,0,0.000,0,0.000,0,0,,,FLYING,0,0,0,0.000,0,0,0
1785623936.874,-10.772,13.431,92.759,0.9555,0,-0.772,-7.431,0.000,0.2082,nan,nan,nan,0.000,0.000,-10.000,0.0000,-1.5000,28.491,28.491,-9.600,25.067,1.000,6.000,0.0034,0.032,nan,0.00,0,0,0,0,0,0.0000,0.000,0,0.000,0,0.000,0,0,,,FLYING,0,0,0,0.000,0,0,0
1785623936.905,-10.672,12.714,92.898,0.9586,0,-0.672,-6.714,0.000,0.2076,nan,nan,nan,0.000,0.000,-10.000,0.0000,-1.5000,28.441,28.441,-9.475,25.040,1.000,6.000,0.0034,0.031,nan,0.00,0,0,0,0,0,0.0000,0.000,0,0.000,0,0.000,0,0,,,FLYING,0,0,0,0.000,0,0,0
1785623936.952,-10.579,12.019,93.032,0.9615,0,-0.579,-6.019,0.000,0.2070,nan,nan,nan,0.000,0.000,-10.000,0.0000,-1.5000,28.389,28.389,-9.342,25.013,1.000,6.000,0.0034,0.030,nan,0.00,0,0,0,0,0,0.0000,0.000,0,0.000,0,0.000,0,0,,,FLYING,0,0,0,0.000,0,0,0
1785623936.983,-10.482,11.286,93.171,0.9643,0,-0.482,-5.286,0.000,0.2064,nan,nan,nan,0.000,0.000,-10.000,0.0000,-1.5000,28.335,28.335,-9.205,24.990,1.000,6.000,0.0034,0.029,nan,0.00,0,0,0,0,0,0.0000,0.000,0,0.000,0,0.000,0,0,,,FLYING,0,0,0,0.000,0,0,0
1785623937.010,-10.482,11.286,93.171,0.9643,0,-0.482,-5.286,0.000,0.2064,nan,nan,nan,0.000,0.000,-10.000,0.0000,-1.5000,28.335,28.335,-9.205,24.990,1.000,6.000,0.0034,0.028,nan,0.00,0,0,0,0,0,0.0000,0.000,0,0.000,0,0.000,0,0,,,FLYING,0,0,0,0.000,0,0,0
1785623937.060,3.256,-1.089,95.344,0.9982,0,1.018,-3.786,0.000,0.1994,nan,nan,nan,0.000,0.000,-10.000,0.0000,-1.5000,26.940,26.940,-9.526,25.085,1.000,6.000,0.0034,0.027,nan,0.00,0,0,0,0,0,0.0000,0.000,0,0.000,0,0.000,1,0,,,FLYING,0,0,0,0.000,0,1,0
1785623937.086,3.256,-1.089,95.344,0.9982,0,2.518,-2.286,0.000,0.1995,nan,nan,nan,0.000,0.000,-10.000,0.0000,-1.5000,26.940,26.940,-9.526,25.085,1.000,6.000,0.0034,0.027,nan,0.00,0,0,0,0,0,0.0000,0.000,0,0.000,0,0.000,0,0,,,FLYING,0,0,0,0.000,0,0,0
1785623937.119,2.324,-0.062,95.093,0.9992,0,4.018,-0.786,0.000,0.1993,nan,nan,nan,0.000,0.000,-10.000,0.0000,-1.5000,27.650,27.650,-9.909,25.669,1.000,6.000,0.0034,0.026,nan,0.00,0,0,0,0,0,0.0000,0.000,0,0.000,0,0.000,0,0,,,FLYING,0,0,0,0.000,0,0,0
1785623937.152,2.324,-0.062,95.093,0.9992,0,5.518,0.714,0.000,0.1993,nan,nan,nan,0.000,0.000,-10.000,0.0000,-1.5000,27.650,27.650,-9.909,25.669,1.000,6.000,0.0034,0.025,nan,0.00,0,0,0,0,0,0.0000,0.000,0,0.000,0,0.000,0,0,,,FLYING,0,0,0,0.000,0,0,0
1785623937.188,2.324,-0.062,95.093,0.9992,0,7.018,2.214,0.000,0.1993,nan,nan,nan,0.000,0.000,-10.000,0.0000,-1.5000,27.650,27.650,-9.909,25.669,1.000,6.000,0.0034,0.024,nan,0.00,0,0,0,0,0,0.0000,0.000,0,0.000,0,0.000,0,0,,,FLYING,0,0,0,0.000,0,0,0
1785623937.218,2.324,-0.062,95.093,0.9992,0,8.518,3.714,0.000,0.1994,nan,nan,nan,0.000,0.000,-10.000,0.0000,-1.5000,27.650,27.650,-9.909,25.669,1.000,6.000,0.0034,0.024,nan,0.00,0,0,0,0,0,0.0000,0.000,0,0.000,0,0.000,0,0,,,FLYING,0,0,0,0.000,0,0,0
1785623937.242,2.324,-0.062,95.093,0.9992,0,10.018,5.214,0.000,0.1994,nan,nan,nan,0.000,0.000,-10.000,0.0000,-1.5000,27.650,27.650,-9.909,25.669,1.000,6.000,0.0034,0.023,nan,0.00,0,0,0,0,0,0.0000,0.000,0,0.000,0,0.000,0,0,,,FLYING,0,0,0,0.000,0,0,0
1785623937.280,2.324,-0.062,95.093,0.9992,0,11.518,6.062,0.000,0.1994,nan,nan,nan,0.000,0.000,-10.000,0.0000,-1.5000,27.650,27.650,-9.909,25.669,1.000,6.000,0.0034,0.022,nan,0.00,0,0,0,0,0,0.0000,0.000,0,0.000,0,0.000,0,0,,,FLYING,0,0,0,0.000,0,0,0
1785623937.327,2.324,-0.062,95.093,0.9992,0,13.018,6.062,0.119,0.2161,10.357,-0.022,-3.984,1.000,-0.119,-14.000,-0.0000,-0.0000,27.650,27.650,-9.909,25.669,1.200,6.000,0.0034,-3.971,nan,0.00,1,1,1,1,0,0.0000,0.000,0,0.000,0,0.000,0,1,anduril,,anduril,0,0,-1,0.019,1,0,0
1785623937.372,2.324,-0.062,95.093,0.9992,0,14.518,6.062,0.119,0.2327,10.357,-0.022,-3.984,1.000,-0.119,-14.000,-0.0000,-0.0000,27.650,15.443,-9.909,25.669,1.200,6.000,0.0034,-3.971,nan,0.00,1,1,1,1,0,0.0000,0.000,0,0.000,0,0.000,0,0,anduril,,anduril,0,0,-1,0.028,1,0,0
1785623937.399,2.324,-0.062,95.093,0.9992,0,16.018,6.062,0.119,0.2494,10.357,-0.022,-3.984,1.000,-0.119,-14.000,12.2063,-1.5000,27.650,27.650,-9.909,25.669,1.200,6.000,0.0034,-3.971,nan,0.00,1,1,1,0,0,0.0000,0.000,0,0.000,0,0.000,0,0,anduril,,anduril,0,0,-1,0.035,1,0,0
1785623937.435,2.324,-0.061,95.093,0.9992,0,16.324,6.061,-1.381,0.2661,10.514,-0.033,-3.997,1.000,-0.180,-14.000,0.1670,0.1895,27.653,15.870,-9.912,25.673,1.200,6.000,0.0034,-3.983,nan,2.09,1,1,1,1,1,0.0729,1.000,1,0.524,8,-0.003,0,0,anduril,,anduril,0,0,-1,0.023,0,0,0
1785623937.469,2.324,-0.061,95.093,0.9992,0,16.324,6.061,-1.909,0.2601,10.514,-0.033,-3.997,1.000,-0.180,-14.000,11.7833,-1.5000,27.653,27.653,-9.912,25.673,1.200,6.000,0.0034,-3.983,nan,2.09,1,1,1,0,1,0.0729,1.000,1,0.524,8,-0.003,0,0,anduril,,anduril,0,0,-1,0.012,0,0,0
1785623937.517,2.319,-0.054,95.096,0.9992,0,16.319,6.054,-1.700,0.2676,10.582,-0.025,-3.997,1.000,-0.135,-14.000,-0.0623,0.0085,27.843,16.229,-10.061,25.909,1.200,6.000,0.0034,-3.984,nan,1.84,1,1,1,1,1,0.0641,1.000,1,0.522,8,0.007,0,0,anduril,,anduril,0,0,-1,0.000,0,0,0
1785623937.554,2.305,-0.060,95.096,0.9992,0,16.305,6.060,-1.510,0.2601,10.582,-0.025,-3.997,1.000,-0.135,-14.000,11.6567,-1.5000,27.886,27.886,-9.956,25.823,1.200,6.000,0.0034,-3.983,nan,1.64,1,1,1,0,1,0.0574,1.000,1,0.522,8,0.007,0,0,anduril,,anduril,0,0,0,0.000,0,0,0
1785623937.594,2.305,-0.060,95.096,0.9992,0,16.305,6.060,-1.659,0.2676,10.475,0.003,-3.967,1.000,0.014,-14.000,-0.4072,-0.4634,27.886,16.364,-9.956,25.823,1.200,6.000,0.0034,-3.953,nan,1.64,1,1,1,1,1,0.0574,1.000,1,0.522,8,0.007,2,0,anduril,,anduril,0,0,0,0.000,0,0,0
1785623937.624,-0.725,1.243,95.416,0.9997,0,14.805,4.757,-1.478,0.2600,10.475,0.003,-3.967,1.000,0.014,-14.000,11.8921,-1.5000,28.256,28.256,-9.952,26.029,1.200,6.000,0.0034,-4.193,nan,1.46,1,1,1,0,1,0.0511,1.000,1,0.523,8,0.001,0,0,anduril,,anduril,0,0,0,0.000,0,0,0
1785623940.685,0.000,-17.781,0.000,0.9522,0,1.078,15.781,-1.275,0.2686,6.492,-0.047,-1.585,1.000,-0.419,-1.077,-0.0000,-0.0000,0.002,0.002,-0.000,-0.000,1.976,-2.000,0.0060,0.474,nan,1.69,1,1,1,1,1,0.0591,0.944,1,0.590,8,-0.015,0,0,yolo,179.2,yolo,0,0,0,0.000,0,-1,0
1785623940.714,0.000,-17.781,0.000,0.9522,0,1.078,15.781,-1.275,0.2685,6.492,-0.047,-1.585,1.000,-0.419,-1.077,0.0000,-0.0000,0.002,0.002,-0.000,-0.000,1.976,-2.000,0.0059,0.474,nan,1.69,1,1,1,0,1,0.0591,0.944,1,0.590,8,-0.015,0,0,yolo,179.2,yolo,0,0,0,0.000,0,-1,0
1785623940.737,-1.537,-17.297,0.204,0.9544,0,-0.422,15.297,-1.332,0.2666,6.492,-0.047,-1.585,1.000,-0.419,-0.463,-0.0337,-0.0625,-0.031,-0.031,-0.062,0.011,2.031,-2.000,0.0059,0.419,nan,1.75,1,1,1,0,1,0.0611,0.944,1,0.590,8,-0.015,0,0,yolo,179.2,yolo,0,0,0,0.000,0,-1,0
1785623940.775,-1.537,-17.297,0.204,0.9544,0,-1.074,15.297,-0.932,0.2666,6.492,-0.047,-1.585,1.000,-0.419,-0.463,-0.0337,-0.0625,-0.031,-0.031,-0.062,0.011,2.031,-2.000,0.0058,0.419,nan,1.35,1,1,1,0,1,0.0471,1.000,1,0.528,8,-0.013,0,0,yolo,179.2,yolo,0,0,0,0.000,0,-1,0
1785623940.815,-3.142,-13.447,0.130,0.9711,0,-2.574,13.797,-0.641,0.2833,7.616,-0.054,-2.350,1.000,-0.409,-0.229,-0.0181,2.0000,-0.088,-0.062,-0.127,0.027,1.941,-2.000,0.0059,-0.509,nan,1.05,1,1,1,1,1,0.0367,1.000,1,0.528,8,-0.013,0,0,yolo,165.8,yolo,0,0,0,0.000,0,-1,0
1785623940.856,-3.663,-11.116,0.037,0.9792,0,-4.074,12.297,-0.444,0.2928,7.616,-0.054,-2.350,1.000,-0.409,0.989,-0.0803,-0.1817,-0.143,-0.143,-0.182,0.041,1.620,-2.000,0.0060,-0.830,nan,0.85,1,1,1,0,1,0.0298,1.000,1,0.527,8,-0.014,0,0,yolo,165.8,yolo,0,0,0,0.000,0,-1,0
1785623940.893,-3.663,-11.116,0.037,0.9792,0,-4.652,10.797,-0.444,0.2928,7.616,-0.054,-2.350,1.000,-0.409,0.989,-0.0803,-0.1817,-0.143,-0.143,-0.182,0.041,1.620,-2.000,0.0060,-0.830,nan,0.85,1,1,1,0,1,0.0298,1.000,1,0.527,8,-0.014,0,0,yolo,165.8,yolo,0,0,0,0.000,0,-1,0
1785623940.931,-3.705,-9.222,-0.019,0.9850,0,-4.694,9.297,-0.360,0.3095,6.983,-0.042,-2.052,1.000,-0.346,0.989,-0.0386,0.3502,-0.200,-0.135,-0.254,0.069,1.550,-2.000,0.0061,-0.900,nan,0.71,1,1,1,1,1,0.0247,1.000,1,0.527,8,-0.014,4,0,yolo,133.3,yolo,0,0,0,0.000,0,-1,0
1785623940.972,-3.613,-7.726,-0.081,0.9890,0,-6.194,7.797,-0.752,0.2928,6.983,-0.042,-2.052,1.000,-0.346,2.717,-0.1110,-0.3239,-0.246,-0.246,-0.324,0.107,1.362,-2.000,0.0061,-1.088,nan,1.10,1,1,1,0,1,0.0383,0.938,1,0.508,7,0.082,0,0,yolo,133.3,yolo,0,0,0,0.000,0,-1,0
1785623941.009,-3.613,-7.726,-0.081,0.9890,0,-6.331,6.297,-1.045,0.2914,6.983,-0.042,-2.052,1.000,-0.346,2.717,-0.1110,-0.3239,-0.246,-0.246,-0.324,0.107,1.362,-2.000,0.0061,-1.088,nan,1.39,1,1,1,0,1,0.0486,0.938,1,0.508,7,0.082,1,0,yolo,133.3,yolo,0,0,0,0.000,0,-1,0
1785623941.048,-3.205,-6.535,-0.062,0.9919,0,-6.528,4.797,-1.700,0.2924,6.983,-0.042,-2.052,1.000,-0.346,3.323,-0.1460,-0.3827,-0.281,-0.281,-0.383,0.157,1.211,-2.000,0.0061,-1.239,nan,2.05,1,1,1,0,1,0.0714,1.000,1,0.443,7,0.144,0,0,yolo,133.3,yolo,0,0,0,0.000,0,-1,0
1785623941.083,-2.624,-5.665,0.146,0.9941,0,-5.278,3.665,-2.376,0.3091,8.104,-0.023,-2.442,1.000,-0.161,2.654,-0.1574,2.0000,-0.313,-0.214,-0.468,0.206,1.200,-2.000,0.0061,-1.626,nan,2.54,1,1,1,1,1,0.0886,1.000,1,0.443,7,0.144,4,0,yolo,143.2,yolo,0,0,0,0.000,0,-1,0
1785623941.110,-2.624,-5.665,0.146,0.9941,0,-6.043,3.665,-2.071,0.2996,8.104,-0.023,-2.442,1.000,-0.161,3.419,-0.0994,-0.4683,-0.313,-0.313,-0.468,0.206,1.200,-2.000,0.0061,-1.626,nan,2.23,1,1,1,0,1,0.0779,1.000,1,0.374,6,0.242,0,0,yolo,143.2,yolo,0,0,0,0.000,0,-1,0
1785623941.141,-2.105,-5.040,0.373,0.9955,0,-5.887,3.040,-2.071,0.2979,8.104,-0.023,-2.442,1.000,-0.161,3.782,-0.1227,-0.5572,-0.337,-0.337,-0.557,0.245,1.200,-2.000,0.0061,-1.718,nan,2.23,1,1,1,0,1,0.0779,1.000,1,0.374,6,0.242,0,0,yolo,143.2,yolo,0,0,0,0.000,0,-1,0
1785623941.172,-2.105,-5.040,0.373,0.9955,0,-5.887,3.040,-1.841,0.2979,8.104,-0.023,-2.442,1.000,-0.161,3.782,-0.1227,-0.5572,-0.337,-0.337,-0.557,0.245,1.200,-2.000,0.0061,-1.718,nan,2.00,1,1,1,0,1,0.0699,1.000,1,0.374,6,0.242,0,0,yolo,143.2,yolo,0,0,0,0.000,0,-1,0
1785623941.211,-1.496,-4.467,0.598,0.9966,0,-5.583,2.467,-0.836,0.2955,8.104,-0.023,-2.442,1.000,-0.161,4.087,-0.1423,-0.6597,-0.356,-0.356,-0.660,0.286,1.200,-2.000,0.0061,-1.802,nan,1.00,1,1,1,0,1,0.0348,1.000,1,0.365,6,0.263,0,0,yolo,143.2,yolo,0,0,0,0.000,0,-1,0
1785623941.238,-1.496,-4.467,0.598,0.9966,0,-5.583,2.467,-0.836,0.2955,8.104,-0.023,-2.442,1.000,-0.161,4.087,-0.1423,-0.6597,-0.356,-0.356,-0.660,0.286,1.200,-2.000,0.0061,-1.802,nan,1.00,1,1,1,0,1,0.0348,1.000,1,0.365,6,0.263,0,0,yolo,143.2,yolo,0,0,0,0.000,0,-1,0
1785623941.263,-0.714,-3.925,0.678,0.9976,0,-4.993,1.925,-0.081,0.2923,8.104,-0.023,-2.442,1.000,-0.161,4.279,-0.1546,-0.7780,-0.369,-0.369,-0.778,0.331,1.200,-2.000,0.0061,-1.881,nan,0.24,1,1,1,0,1,0.0085,1.000,1,0.365,6,0.263,0,0,yolo,143.2,yolo,0,0,0,0.000,0,-1,0
1785623941.307,-0.714,-3.925,0.678,0.9976,0,-4.993,1.925,0.833,0.2923,8.104,-0.023,-2.442,1.000,-0.161,4.279,-0.1546,-0.7780,-0.369,-0.369,-0.778,0.331,1.200,-2.000,0.0061,-1.881,nan,-0.67,1,1,1,0,1,-0.0235,1.000,1,0.355,6,0.207,0,0,yolo,143.2,yolo,0,0,0,0.000,0,-1,0
1785623941.333,-0.073,-3.562,0.521,0.9981,0,-4.398,1.562,0.833,0.2891,8.104,-0.023,-2.442,1.000,-0.161,4.326,-0.1576,-0.8803,-0.372,-0.372,-0.880,0.368,1.200,-2.000,0.0061,-1.933,nan,-0.67,1,1,1,0,1,-0.0235,1.000,1,0.355,6,0.207,0,0,yolo,143.2,yolo,0,0,0,0.000,0,-1,0
1785623941.366,-0.073,-3.562,0.521,0.9981,0,-5.898,1.562,0.760,0.3057,8.881,0.093,-2.453,1.000,0.599,7.767,-0.7063,-0.2207,-0.372,-0.283,-0.880,0.368,1.200,-2.000,0.0061,-1.897,nan,-1.36,1,1,1,1,1,-0.0474,1.000,1,0.355,6,0.207,0,0,yolo,278.1,yolo,0,0,0,0.000,0,-1,0
1785623941.410,0.849,-3.231,0.420,0.9983,0,-4.630,1.231,1.763,0.2891,8.881,0.093,-2.453,1.000,0.599,5.478,-0.0847,-0.9984,-0.368,-0.368,-0.998,0.405,1.200,-2.000,0.0061,-1.947,nan,-2.36,1,1,1,0,1,-0.0824,1.000,1,0.297,5,0.579,0,0,yolo,278.1,yolo,0,0,0,0.000,0,-1,0
1785623941.445,0.849,-3.231,0.420,0.9983,0,-4.630,1.231,1.763,0.2841,8.881,0.093,-2.453,1.000,0.599,5.478,-0.0847,-0.9984,-0.368,-0.368,-0.998,0.405,1.200,-2.000,0.0061,-1.947,nan,-2.36,1,1,1,0,1,-0.0824,1.000,1,0.297,5,0.579,1,0,yolo,278.1,yolo,0,0,0,0.000,0,-1,0
1785623941.474,1.678,-2.924,0.076,0.9983,0,-3.504,0.924,2.139,0.2806,8.881,0.093,-2.453,1.000,0.599,5.182,-0.0646,-1.1066,-0.348,-0.348,-1.107,0.445,1.200,-2.000,0.0061,-1.993,nan,-2.74,1,1,1,0,1,-0.0956,1.000,1,0.295,5,0.503,0,0,yolo,278.1,yolo,0,0,0,0.000,0,-1,0
1785623941.517,1.684,-2.922,0.074,0.9983,0,-3.175,0.922,2.422,0.2973,8.881,0.093,-2.453,1.000,0.599,4.858,-0.0000,-0.0000,-0.348,-0.348,-1.107,0.445,1.200,-2.000,0.0061,-1.993,nan,-3.02,1,1,1,1,1,-0.1054,1.000,1,0.295,5,0.503,0,1,anduril,,anduril,0,0,0,0.000,0,-1,0
1785623941.567,2.158,-2.729,-0.275,0.9982,0,-1.753,0.729,3.275,0.3139,9.078,0.054,-1.995,1.000,0.343,3.911,-0.0000,-0.0000,-0.323,-0.323,-1.173,0.475,1.200,-2.000,0.0061,-1.558,nan,-3.62,1,1,1,1,1,-0.1263,1.000,1,0.290,5,0.525,0,0,anduril,,anduril,0,0,0,0.000,0,-1,0
1785623941.614,2.158,-2.729,-0.275,0.9982,0,-1.062,0.729,4.431,0.3092,9.446,0.019,-1.737,1.000,0.114,3.220,-0.0000,-0.0000,-0.323,-0.323,-1.173,0.475,1.200,-2.000,0.0061,-1.284,nan,-4.55,1,1,1,1,1,-0.1587,1.000,1,0.285,5,0.557,0,0,anduril,,anduril,0,0,0,0.000,0,-1,0
1785623941.646,2.461,-2.548,-0.812,0.9981,0,-0.431,0.548,4.431,0.2925,9.446,0.019,-1.737,1.000,0.114,2.891,-0.0000,-0.0000,-0.286,-0.286,-1.262,0.507,1.200,-2.000,0.0061,-1.313,nan,-4.55,1,1,1,1,1,-0.1587,1.000,1,0.285,5,0.557,0,0,anduril,,anduril,0,0,0,0.000,0,-1,0
1785623941.677,2.533,-2.417,-1.438,0.9981,0,-0.030,0.417,5.126,0.2759,9.446,0.019,-1.737,1.000,0.114,2.564,-0.0000,-0.0000,-0.250,-0.250,-1.322,0.533,1.200,-2.000,0.0061,-1.335,nan,-5.24,1,1,1,1,1,-0.1829,1.000,1,0.285,5,0.557,0,0,anduril,,anduril,0,0,0,0.000,0,-1,0
1785623941.718,2.533,-2.417,-1.438,0.9981,0,1.028,0.417,3.626,0.2707,10.290,-0.042,-0.941,1.000,-0.234,1.506,-0.0000,-0.0000,-0.250,-0.250,-1.322,0.533,1.943,-2.000,0.0062,-0.507,nan,0.00,1,1,1,1,1,0.0000,0.988,0,0.242,4,0.645,0,0,anduril,,anduril,0,0,0,0.000,0,-1,0
1785623941.747,2.377,-2.308,-1.936,0.9983,0,1.209,0.308,2.126,0.2707,10.290,-0.042,-0.941,1.000,-0.234,1.168,-0.0000,-0.0000,-0.210,-0.210,-1.370,0.559,1.923,-2.000,0.0062,-0.527,nan,0.00,1,1,1,1,1,0.0000,0.988,0,0.242,4,0.645,0,0,anduril,,anduril,0,0,0,0.000,0,-1,0
1785623941.774,2.377,-2.308,-1.936,0.9983,0,1.209,0.308,0.626,0.2707,10.290,-0.042,-0.941,1.000,-0.234,1.168,-0.0000,-0.0000,-0.210,-0.210,-1.370,0.559,1.923,-2.000,0.0063,-0.527,nan,0.00,1,1,1,1,1,0.0000,0.988,0,0.242,4,0.645,0,0,anduril,,anduril,0,0,0,0.000,0,-1,0
1785623941.813,2.204,-2.250,-1.945,0.9985,0,-0.291,0.250,0.065,0.2541,10.493,-0.012,-0.733,1.000,-0.065,3.855,-0.4652,-2.0000,-0.181,-0.206,-1.404,0.579,2.130,-2.000,0.0063,-0.320,nan,0.00,1,1,1,1,1,0.0000,0.988,0,0.242,4,0.645,2,0,anduril,,anduril,0,0,0,0.000,0,-1,0
1785623941.844,2.204,-2.250,-1.945,0.9985,0,1.008,0.250,0.065,0.2374,10.493,-0.012,-0.733,1.000,-0.065,1.196,0.0252,-1.4044,-0.181,-0.181,-1.404,0.579,2.130,-2.000,0.0063,-0.320,nan,0.00,1,1,1,0,1,0.0000,0.952,0,0.220,4,0.602,0,0,anduril,,anduril,0,0,0,0.000,0,-1,0
1785623941.867,2.067,-2.205,-1.936,0.9986,0,1.202,0.205,0.065,0.2207,10.493,-0.012,-0.733,1.000,-0.065,0.865,0.0503,-1.3772,-0.156,-0.156,-1.377,0.599,2.121,-2.000,0.0064,-0.329,nan,0.00,1,1,1,0,1,0.0000,0.952,0,0.220,4,0.602,0,0,anduril,,anduril,0,0,0,0.000,0,-1,0
1785623941.905,2.067,-2.205,-1.936,0.9986,0,1.202,0.205,0.065,0.2186,10.493,-0.012,-0.733,1.000,-0.065,0.865,0.0503,-1.3772,-0.156,-0.156,-1.377,0.599,2.121,-2.000,0.0064,-0.329,nan,0.00,1,1,1,0,1,0.0000,0.952,0,0.220,4,0.602,4,0,anduril,,anduril,0,0,0,0.000,0,-1,0
1785623941.932,1.865,-2.160,-1.950,0.9988,0,-0.298,0.160,-0.380,0.2353,10.404,0.069,-0.676,1.000,0.380,5.804,-0.6066,-0.3566,-0.129,-0.220,-1.250,0.621,2.169,-2.000,0.0064,-0.281,nan,0.00,1,1,1,1,1,0.0000,0.976,0,0.235,4,0.653,0,0,anduril,,anduril,0,0,0,0.000,0,-1,0
1785623941.961,1.865,-2.160,-1.950,0.9988,0,0.307,0.160,-0.380,0.2229,10.404,0.069,-0.676,1.000,0.380,1.558,0.0915,-1.2504,-0.129,-0.129,-1.250,0.621,2.169,-2.000,0.0065,-0.281,nan,0.00,1,1,1,0,1,0.0000,0.976,0,0.235,4,0.653,0,0,anduril,,anduril,0,0,0,0.000,0,-1,0
1785623941.992,1.865,-2.160,-1.950,0.9988,0,0.307,0.160,-0.380,0.2229,10.404,0.069,-0.676,1.000,0.380,1.558,0.0915,-1.2504,-0.129,-0.129,-1.250,0.621,2.169,-2.000,0.0065,-0.281,nan,0.00,1,1,1,0,1,0.0000,0.976,0,0.235,4,0.653,0,0,anduril,,anduril,0,0,0,0.000,0,-1,0
1785623942.022,1.833,-2.133,-1.888,0.9988,0,-1.193,0.133,-0.883,0.2396,10.223,0.157,-0.569,1.000,0.883,7.686,-0.6719,-0.7384,-0.111,-0.252,-1.105,0.639,2.200,-2.000,0.0065,-0.183,nan,0.00,1,1,1,1,1,0.0000,0.710,0,0.217,2,0.674,0,0,anduril,,anduril,0,0,0,0.000,0,-1,0
1785623942.054,1.833,-2.133,-1.888,0.9988,0,-0.597,0.133,-0.883,0.2266,10.223,0.157,-0.569,1.000,0.883,2.430,0.1415,-1.1045,-0.111,-0.111,-1.105,0.639,2.200,-2.000,0.0065,-0.183,nan,0.00,1,1,1,0,1,0.0000,0.710,0,0.217,2,0.674,0,0,anduril,,anduril,0,0,0,0.000,0,-1,0
1785623942.092,1.979,-2.109,-1.736,0.9987,0,-0.203,0.109,-0.883,0.2347,10.223,0.157,-0.569,1.000,0.883,2.182,0.1600,-0.9276,-0.092,-0.092,-0.928,0.660,2.200,-2.000,0.0066,-0.187,nan,0.00,1,1,1,0,1,0.0000,0.710,0,0.217,2,0.674,2,0,anduril,,anduril,0,0,0,0.000,0,-1,0
1785623942.124,1.979,-2.109,-1.736,0.9987,0,-1.003,0.109,-0.883,0.2514,10.223,0.157,-0.569,1.000,0.883,2.982,-0.0000,-0.0000,-0.092,-0.092,-0.928,0.660,2.200,-2.000,0.0066,-0.187,nan,0.00,1,1,1,1,1,0.0000,0.712,0,0.218,2,0.682,0,1,yolo,254.8,yolo,0,0,0,0.000,0,-1,0
1785623942.151,2.150,-2.088,-1.584,0.9986,0,-0.627,0.088,-0.883,0.2680,10.223,0.157,-0.569,1.000,0.883,2.777,-0.0000,-0.0000,-0.068,-0.068,-0.717,0.683,2.200,-2.000,0.0066,-0.190,nan,0.00,1,1,1,1,1,0.0000,0.712,0,0.218,2,0.682,0,0,yolo,254.8,yolo,0,0,0,0.000,0,-1,0
1785623942.180,2.150,-2.088,-1.584,0.9986,0,-0.627,0.088,-0.883,0.2767,10.223,0.157,-0.569,1.000,0.883,2.777,-0.0000,-0.0000,-0.068,-0.068,-0.717,0.683,2.200,-2.000,0.0066,-0.190,nan,0.00,1,1,1,1,1,0.0000,0.712,0,0.218,2,0.682,0,0,yolo,254.8,yolo,0,0,0,0.000,0,-1,0
1785623942.212,2.150,-2.088,-1.584,0.9986,0,-0.170,0.088,-0.697,0.2747,10.097,0.123,-0.496,1.000,0.697,2.320,-0.0000,-0.0000,-0.068,-0.068,-0.717,0.683,2.200,-2.000,0.0066,-0.123,nan,0.00,1,1,1,1,1,0.0000,0.713,0,0.219,2,0.704,0,1,anduril,,anduril,0,0,0,0.000,0,-1,0
1785623942.241,2.250,-2.074,-1.442,0.9986,0,0.150,0.074,-0.697,0.2748,10.097,0.123,-0.496,1.000,0.697,2.100,-0.0000,-0.0000,-0.042,-0.042,-0.627,0.703,2.200,-2.000,0.0066,-0.125,nan,0.00,1,1,1,1,1,0.0000,0.713,0,0.219,2,0.704,0,0,anduril,,anduril,0,0,0,0.000,0,-1,0
1785623942.275,2.250,-2.074,-1.442,0.9986,0,0.150,0.074,-0.697,0.2748,10.097,0.123,-0.496,1.000,0.697,2.100,-0.0000,-0.0000,-0.042,-0.042,-0.627,0.703,2.200,-2.000,0.0066,-0.125,nan,0.00,1,1,1,1,1,0.0000,0.713,0,0.219,2,0.704,0,0,anduril,,anduril,0,0,0,0.000,0,-1,0
1785623942.316,2.218,-2.062,-1.339,0.9986,0,-1.350,0.062,-1.713,0.2684,9.790,0.293,-0.276,1.000,1.713,4.405,-0.0000,-0.0000,-0.014,-0.014,-0.582,0.724,2.200,-2.000,0.0066,0.088,nan,0.00,1,1,1,1,1,0.0000,0.713,0,0.219,2,0.704,5,0,anduril,,anduril,0,0,0,0.000,0,-1,0
1785623942.350,2.218,-2.062,-1.339,0.9986,0,-2.188,0.062,-1.713,0.2684,9.790,0.293,-0.276,1.000,1.713,4.405,-0.0000,-0.0000,-0.014,-0.014,-0.582,0.724,2.200,-2.000,0.0066,0.088,nan,0.00,1,1,1,1,1,0.0000,0.829,0,0.217,3,0.708,0,0,anduril,,anduril,0,0,0,0.000,0,-1,0
1785623942.382,2.419,-2.062,-1.103,0.9985,0,-1.816,0.062,-1.713,0.2684,9.790,0.293,-0.276,1.000,1.713,4.235,-0.0000,-0.0000,0.005,0.005,-0.568,0.739,2.200,-2.000,0.0066,0.089,nan,0.00,1,1,1,1,1,0.0000,0.829,0,0.217,3,0.708,0,1,yolo,261.7,yolo,0,0,0,0.000,0,-1,0
1785623942.419,2.691,-2.061,-0.862,0.9983,0,-1.372,0.061,-1.731,0.2666,9.707,0.293,-0.213,1.000,1.731,4.063,-0.0000,-0.0000,0.030,0.030,-0.566,0.757,2.200,-2.000,0.0066,0.150,nan,0.00,1,1,1,1,1,0.0000,0.845,0,0.229,3,0.739,0,0,yolo,261.7,yolo,0,0,0,0.000,0,-1,0
1785623942.460,2.691,-2.061,-0.862,0.9983,0,-1.372,0.061,-1.731,0.2666,9.707,0.293,-0.213,1.000,1.731,4.063,-0.0000,-0.0000,0.030,0.030,-0.566,0.757,2.200,-2.000,0.0066,0.150,nan,0.00,1,1,1,1,1,0.0000,0.845,0,0.229,3,0.739,0,0,yolo,261.7,yolo,0,0,0,0.000,0,-1,0
1785623942.501,2.884,-2.062,-0.625,0.9981,0,-1.002,0.062,-1.760,0.2639,9.582,0.294,-0.120,1.000,1.760,3.886,-0.0000,-0.0000,0.057,0.057,-0.575,0.774,2.200,-2.000,0.0066,0.240,nan,0.00,1,1,1,1,1,0.0000,0.946,0,0.216,4,0.804,0,1,anduril,,anduril,0,0,0,0.000,0,-1,0
1785623942.530,2.884,-2.062,-0.625,0.9981,0,-1.002,0.062,-1.760,0.2638,9.582,0.294,-0.120,1.000,1.760,3.886,-0.0000,-0.0000,0.057,0.057,-0.575,0.774,2.200,-2.000,0.0065,0.240,nan,0.00,1,1,1,1,1,0.0000,0.946,0,0.216,4,0.804,0,0,anduril,,anduril,0,0,0,0.000,0,-1,0
1785623942.568,3.037,-2.064,-0.355,0.9979,0,-0.800,0.064,-1.862,0.2621,9.386,0.305,-0.056,1.000,1.862,3.837,-0.0000,-0.0000,0.089,0.089,-0.576,0.793,2.151,-2.000,0.0065,0.299,nan,0.00,1,1,1,1,1,0.0000,0.946,0,0.216,4,0.804,2,0,anduril,,anduril,0,0,0,0.000,0,-1,0
1785623942.596,3.037,-2.064,-0.355,0.9979,0,-0.800,0.064,-1.862,0.2621,9.386,0.305,-0.056,1.000,1.862,3.837,-0.0000,-0.0000,0.089,0.089,-0.576,0.793,2.151,-2.000,0.0065,0.299,nan,0.00,1,1,1,1,1,0.0000,0.934,0,0.209,4,0.801,0,1,yolo,234.3,yolo,0,0,0,0.000,0,-1,0
1785623942.631,3.175,-2.068,-0.035,0.9978,0,-0.310,0.068,-1.862,0.2620,9.386,0.305,-0.056,1.000,1.862,3.485,-0.0000,-0.0000,0.128,0.128,-0.560,0.815,2.150,-2.000,0.0065,0.300,nan,0.00,1,1,1,1,1,0.0000,0.934,0,0.209,4,0.801,0,0,yolo,234.3,yolo,0,0,0,0.000,0,-1,0
1785623942.662,3.175,-2.068,-0.035,0.9978,0,-0.027,0.068,-1.754,0.2599,9.282,0.284,0.019,1.000,1.754,3.202,-0.0000,-0.0000,0.128,0.128,-0.560,0.815,2.081,-2.000,0.0064,0.369,nan,0.00,1,1,1,1,1,0.0000,0.923,0,0.202,4,0.802,0,1,anduril,,anduril,0,0,0,0.000,0,-1,0
1785623942.694,3.165,-2.071,0.199,0.9978,0,0.253,0.071,-1.754,0.2599,9.282,0.284,0.019,1.000,1.754,2.911,-0.0000,-0.0000,0.159,0.159,-0.539,0.832,2.080,-2.000,0.0064,0.370,nan,0.00,1,1,1,1,1,0.0000,0.923,0,0.202,4,0.802,0,0,anduril,,anduril,0,0,0,0.000,0,-1,0
1785623942.733,3.165,-2.071,0.199,0.9978,0,0.245,0.071,-1.767,0.2589,9.129,0.282,0.054,1.000,1.767,2.920,-0.0000,-0.0000,0.159,0.159,-0.539,0.832,2.051,-2.000,0.0063,0.399,nan,0.00,1,1,1,1,1,0.0000,0.923,0,0.202,4,0.802,2,0,anduril,,anduril,0,0,0,0.000,0,-1,0
1785623942.773,3.128,-2.072,0.401,0.9979,0,0.456,0.072,-1.767,0.2589,9.129,0.282,0.054,1.000,1.767,2.672,-0.0000,-0.0000,0.186,0.186,-0.519,0.847,2.051,-2.000,0.0063,0.399,nan,0.00,1,1,1,1,1,0.0000,0.913,0,0.195,4,0.787,0,0,anduril,,anduril,0,0,0,0.000,0,-1,0
1785623942.809,3.057,-2.074,0.632,0.9979,0,0.792,0.074,-1.736,0.2575,8.875,0.269,0.106,1.000,1.736,2.265,-0.0000,-0.0000,0.214,0.214,-0.496,0.863,2.008,-2.000,0.0063,0.442,nan,0.00,1,1,1,1,1,0.0000,0.913,0,0.195,4,0.787,3,0,anduril,,anduril,0,0,0,0.000,0,-1,0
1785623942.839,3.057,-2.074,0.632,0.9979,0,0.792,0.074,-1.736,0.2575,8.875,0.269,0.106,1.000,1.736,2.265,-0.0000,-0.0000,0.214,0.214,-0.496,0.863,2.008,-2.000,0.0062,0.442,nan,0.00,1,1,1,1,1,0.0000,0.708,0,0.215,2,0.701,0,0,anduril,,anduril,0,0,0,0.000,0,-1,0
1785623942.866,2.946,-2.075,0.837,0.9980,0,0.926,0.075,-1.736,0.2574,8.875,0.269,0.106,1.000,1.736,2.020,-0.0000,-0.0000,0.240,0.240,-0.473,0.878,2.009,-2.000,0.0062,0.441,nan,0.00,1,1,1,1,1,0.0000,0.708,0,0.215,2,0.701,0,0,anduril,,anduril,0,0,0,0.000,0,-1,0
1785623942.898,2.946,-2.075,0.837,0.9980,0,0.761,0.075,-1.816,0.2566,8.738,0.277,0.138,1.000,1.816,2.185,-0.0000,-0.0000,0.240,0.240,-0.473,0.878,1.982,-2.000,0.0061,0.468,nan,0.00,1,1,1,1,1,0.0000,0.704,0,0.211,2,0.672,0,1,yolo,286.8,yolo,0,0,0,0.000,0,-1,0
1785623942.928,2.833,-2.075,1.078,0.9981,0,0.905,0.075,-1.816,0.2565,8.738,0.277,0.138,1.000,1.816,1.928,-0.0000,-0.0000,0.266,0.266,-0.445,0.894,1.982,-2.000,0.0061,0.468,nan,0.00,1,1,1,1,1,0.0000,0.704,0,0.211,2,0.672,0,0,yolo,286.8,yolo,0,0,0,0.000,0,-1,0
1785623942.966,2.833,-2.075,1.078,0.9981,0,1.784,0.075,-1.467,0.2558,8.716,0.223,0.164,1.000,1.467,1.049,-0.0000,-0.0000,0.266,0.266,-0.445,0.894,1.959,-2.000,0.0060,0.491,nan,0.00,1,1,1,1,1,0.0000,0.572,0,0.197,1,0.641,0,1,anduril,,anduril,0,0,0,0.000,0,-1,0
1785623943.006,2.544,-2.074,1.295,0.9984,0,1.756,0.074,-1.467,0.2557,8.716,0.223,0.164,1.000,1.467,0.788,-0.0000,-0.0000,0.292,0.292,-0.413,0.912,1.961,-2.000,0.0060,0.489,nan,0.00,1,1,1,1,1,0.0000,0.572,0,0.197,1,0.641,0,0,anduril,,anduril,0,0,0,0.000,0,-1,0
1785623943.044,2.544,-2.074,1.295,0.9984,0,2.222,0.074,-1.298,0.2556,8.593,0.195,0.172,1.000,1.298,0.322,-0.0000,-0.0000,0.292,0.292,-0.413,0.912,1.958,-2.000,0.0059,0.492,nan,0.00,1,1,1,1,1,0.0000,0.459,0,0.198,0,0.657,0,0,anduril,,anduril,0,0,0,0.000,0,-1,0
1785623943.070,2.302,-2.071,1.478,0.9985,0,2.183,0.071,-1.298,0.2555,8.593,0.195,0.172,1.000,1.298,0.119,-0.0000,-0.0000,0.313,0.313,-0.381,0.927,1.960,-2.000,0.0059,0.490,nan,0.00,1,1,1,1,1,0.0000,0.459,0,0.198,0,0.657,0,1,yolo,187.9,yolo,0,0,0,0.000,0,-1,0
1785623943.100,1.992,-2.067,1.639,0.9987,0,2.050,0.067,-1.298,0.2555,8.593,0.195,0.172,1.000,1.298,-0.058,-0.0000,-0.0000,0.330,0.330,-0.350,0.943,1.961,-2.000,0.0058,0.489,nan,0.00,1,1,1,1,1,0.0000,0.459,0,0.198,0,0.657,0,0,yolo,187.9,yolo,0,0,0,0.000,0,-1,0
1785623943.127,1.992,-2.067,1.639,0.9987,0,3.100,0.067,-0.897,0.2545,8.472,0.133,0.208,1.000,0.897,-1.108,-0.0000,-0.0000,0.330,0.330,-0.350,0.943,1.932,-2.000,0.0058,0.518,nan,0.00,1,1,1,1,1,0.0000,0.572,0,0.197,1,0.763,0,0,yolo,187.9,yolo,0,0,0,0.000,0,-1,0
1785623943.163,1.567,-2.061,1.739,0.9990,0,2.819,-0.439,-0.897,0.2545,8.472,0.133,0.208,1.000,0.897,-1.252,-0.0000,-0.0000,0.344,0.344,-0.319,0.957,1.933,-2.500,0.0057,0.517,nan,0.00,1,1,1,1,1,0.0000,0.572,0,0.197,1,0.763,0,0,yolo,187.9,yolo,0,0,0,0.000,0,-1,0
1785623943.194,1.567,-2.061,1.739,0.9990,0,3.176,-0.439,-0.761,0.2541,8.431,0.112,0.220,1.000,0.761,-1.609,-0.0000,-0.0000,0.344,0.344,-0.319,0.957,1.923,-2.500,0.0057,0.527,nan,0.00,1,1,1,1,1,0.0000,0.336,0,0.186,2,0.779,0,0,yolo,187.9,yolo,0,0,0,0.000,0,-1,0
1785623943.231,1.208,-2.127,1.840,0.9991,0,3.275,-0.373,-0.623,0.2535,8.391,0.091,0.233,1.000,0.623,-2.068,-0.0000,-0.0000,0.354,0.354,-0.289,0.971,1.904,-2.500,0.0056,0.546,nan,0.00,1,1,1,1,1,0.0000,0.336,0,0.186,2,0.779,0,0,yolo,187.9,yolo,0,0,0,0.000,0,-1,0
1785623943.271,0.776,-2.172,1.911,0.9992,0,4.775,-0.328,0.253,0.2522,7.967,-0.035,0.283,1.000,-0.253,-4.515,-0.0000,-0.0000,0.360,0.360,-0.259,0.985,1.866,-2.500,0.0056,0.584,nan,0.00,1,1,1,1,1,0.0000,0.284,0,0.194,1,0.764,0,0,yolo,241.2,yolo,0,0,0,0.000,0,-1,0
1785623943.303,0.776,-2.172,1.911,0.9992,0,5.291,-0.328,0.253,0.2522,7.967,-0.035,0.283,1.000,-0.253,-4.515,-0.0000,-0.0000,0.360,0.360,-0.259,0.985,1.866,-2.500,0.0055,0.584,nan,0.00,1,1,1,1,1,0.0000,0.284,0,0.194,1,0.764,0,0,yolo,241.2,yolo,0,0,0,0.000,0,-1,0
1785623943.343,0.012,-2.217,1.859,0.9993,0,5.353,-0.283,0.556,0.2412,7.886,-0.077,0.307,1.000,-0.556,-5.341,0.0019,-0.2231,0.362,0.362,-0.223,1.000,1.838,-2.500,0.0054,0.612,nan,0.00,1,1,1,0,1,0.0000,0.569,0,0.194,1,0.764,3,0,yolo,241.2,yolo,0,0,0,0.000,0,-1,0
1785623943.381,-0.776,-2.258,1.776,0.9991,0,4.452,-0.242,0.556,0.2435,7.886,-0.077,0.307,1.000,-0.556,-5.227,-0.0053,-0.1683,0.355,0.355,-0.168,1.016,1.831,-2.500,0.0054,0.619,nan,0.00,1,1,1,0,1,0.0000,0.567,0,0.192,1,0.756,0,0,yolo,241.2,yolo,0,0,0,0.000,0,-1,0
1785623943.411,-0.776,-2.258,1.776,0.9991,0,4.452,-0.242,0.556,0.2434,7.886,-0.077,0.307,1.000,-0.556,-5.227,-0.0053,-0.1683,0.355,0.355,-0.168,1.016,1.831,-2.500,0.0053,0.619,nan,0.00,1,1,1,0,1,0.0000,0.567,0,0.192,1,0.756,0,0,yolo,241.2,yolo,0,0,0,0.000,0,-1,0
1785623943.441,-1.360,-2.291,1.711,0.9989,0,3.745,-0.209,0.556,0.2508,7.886,-0.077,0.307,1.000,-0.556,-5.105,-0.0000,-0.0000,0.341,0.341,-0.111,1.032,1.826,-2.500,0.0053,0.624,nan,0.00,1,1,1,1,1,0.0000,0.553,0,0.178,1,0.757,0,1,anduril,,anduril,0,0,0,0.000,0,-1,0
1785623943.467,-1.360,-2.291,1.711,0.9989,0,3.745,-0.209,0.556,0.2507,7.886,-0.077,0.307,1.000,-0.556,-5.105,-0.0000,-0.0000,0.341,0.341,-0.111,1.032,1.826,-2.500,0.0052,0.624,nan,0.00,1,1,1,1,1,0.0000,0.553,0,0.178,1,0.757,0,0,anduril,,anduril,0,0,0,0.000,0,-1,0
1785623943.510,-1.901,-2.324,1.639,0.9986,0,4.062,-0.176,0.971,0.2520,7.762,-0.132,0.263,1.000,-0.971,-5.963,-0.0000,-0.0000,0.320,0.320,-0.045,1.048,1.868,-2.500,0.0051,0.582,nan,0.00,1,1,1,1,1,0.0000,0.553,0,0.178,1,0.757,3,0,anduril,,anduril,0,0,0,0.000,0,-1,0
1785623943.538,-1.901,-2.324,1.639,0.9986,0,4.062,-0.176,0.971,0.2520,7.762,-0.132,0.263,1.000,-0.971,-5.963,-0.0000,-0.0000,0.320,0.320,-0.045,1.048,1.868,-2.500,0.0051,0.582,nan,0.00,1,1,1,1,1,0.0000,0.551,0,0.176,1,0.738,0,0,anduril,,anduril,0,0,0,0.000,0,-1,0
1785623943.583,-2.596,-2.361,1.519,0.9981,0,3.004,-0.139,0.971,0.2518,7.762,-0.132,0.263,1.000,-0.971,-5.600,-0.0000,-0.0000,0.287,0.287,0.033,1.068,1.862,-2.500,0.0050,0.588,nan,0.00,1,1,1,1,1,0.0000,0.551,0,0.176,1,0.738,0,1,yolo,233.8,yolo,0,0,0,0.000,0,-1,0
1785623943.612,-2.596,-2.361,1.519,0.9981,0,2.808,-0.139,0.886,0.2518,7.722,-0.119,0.265,1.000,-0.886,-5.404,-0.0000,-0.0000,0.287,0.287,0.033,1.068,1.862,-2.500,0.0050,0.588,nan,0.00,1,1,1,1,1,0.0000,0.561,0,0.186,1,0.722,0,0,yolo,233.8,yolo,0,0,0,0.000,0,-1,0
1785623943.641,-3.089,-2.391,1.383,0.9977,0,1.944,-0.109,0.886,0.2517,7.722,-0.119,0.265,1.000,-0.886,-5.033,-0.0000,-0.0000,0.253,0.253,0.087,1.085,1.857,-2.500,0.0049,0.593,nan,0.00,1,1,1,1,1,0.0000,0.561,0,0.186,1,0.722,0,0,yolo,233.8,yolo,0,0,0,0.000,0,-1,0
1785623943.680,-3.089,-2.391,1.383,0.9977,0,1.744,-0.109,0.800,0.2517,7.683,-0.107,0.267,1.000,-0.800,-4.833,-0.0000,-0.0000,0.253,0.253,0.087,1.085,1.858,-2.500,0.0048,0.592,nan,0.00,1,1,1,1,1,0.0000,0.561,0,0.186,1,0.722,2,1,anduril,,anduril,0,0,0,0.000,0,-1,0
1785623943.720,-3.443,-2.421,1.246,0.9973,0,0.842,-0.079,0.800,0.2516,7.683,-0.107,0.267,1.000,-0.800,-4.285,-0.0000,-0.0000,0.204,0.204,0.146,1.107,1.853,-2.500,0.0048,0.597,nan,0.00,1,1,1,1,1,0.0000,0.678,0,0.190,2,0.711,0,0,anduril,,anduril,0,0,0,0.000,0,-1,0
1785623943.758,-3.443,-2.421,1.246,0.9973,0,1.857,-0.079,1.191,0.2527,7.557,-0.157,0.228,1.000,-1.191,-5.300,-0.0000,-0.0000,0.204,0.204,0.146,1.107,1.894,-2.500,0.0047,0.556,nan,0.00,1,1,1,1,1,0.0000,0.678,0,0.190,2,0.711,2,0,anduril,,anduril,0,0,0,0.000,0,-1,0
1785623943.798,-3.562,-2.439,1.144,0.9972,0,1.316,-0.061,1.191,0.2526,7.557,-0.157,0.228,1.000,-1.191,-4.878,-0.0000,-0.0000,0.167,0.167,0.189,1.124,1.892,-2.500,0.0047,0.558,nan,0.00,1,1,1,1,1,0.0000,0.282,0,0.095,1,0.703,0,0,anduril,,anduril,0,0,0,0.000,0,-1,0
1785623943.837,-3.562,-2.439,1.144,0.9972,0,2.202,-0.061,1.538,0.2535,7.472,-0.201,0.198,1.000,-1.538,-5.764,-0.0000,-0.0000,0.167,0.167,0.189,1.124,1.922,-2.500,0.0046,0.528,nan,0.00,1,1,1,1,1,0.0000,0.282,0,0.095,1,0.703,2,1,yolo,263.4,yolo,0,0,0,0.000,0,-1,0
1785623943.862,-3.794,-2.461,0.955,0.9969,0,1.472,-0.039,1.538,0.2534,7.472,-0.201,0.198,1.000,-1.538,-5.266,-0.0000,-0.0000,0.124,0.124,0.238,1.143,1.918,-2.500,0.0046,0.532,nan,0.00,1,1,1,1,1,0.0000,0.405,0,0.131,1,0.672,0,0,yolo,263.4,yolo,0,0,0,0.000,0,-1,0
1785623943.893,-3.794,-2.461,0.955,0.9969,0,1.472,-0.039,1.538,0.2533,7.472,-0.201,0.198,1.000,-1.538,-5.266,-0.0000,-0.0000,0.124,0.124,0.238,1.143,1.918,-2.500,0.0045,0.532,nan,0.00,1,1,1,1,1,0.0000,0.405,0,0.131,1,0.672,0,0,yolo,263.4,yolo,0,0,0,0.000,0,-1,0
1785623943.923,-4.056,-2.486,0.700,0.9966,0,0.644,-0.014,1.545,0.2518,7.620,-0.206,0.239,1.000,-1.545,-4.700,-0.0000,-0.0000,0.074,0.074,0.290,1.164,1.866,-2.500,0.0045,0.584,nan,0.00,1,1,1,1,1,0.0000,0.663,0,0.177,2,0.684,0,1,anduril,,anduril,0,0,0,0.000,0,-1,0
1785623943.958,-4.056,-2.486,0.700,0.9966,0,0.932,-0.014,1.656,0.2526,7.516,-0.217,0.214,1.000,-1.656,-4.988,-0.0000,-0.0000,0.074,0.074,0.290,1.164,1.895,-2.500,0.0044,0.555,nan,0.00,1,1,1,1,1,0.0000,0.403,0,0.129,1,0.667,0,0,anduril,,anduril,0,0,0,0.000,0,-1,0
1785623943.993,-4.193,-2.506,0.469,0.9964,0,1.220,0.006,2.021,0.2550,7.234,-0.255,0.142,1.000,-2.021,-5.413,-0.0000,-0.0000,0.030,0.030,0.336,1.182,1.973,-2.500,0.0043,0.477,nan,0.00,1,1,1,1,1,0.0000,0.403,0,0.129,1,0.667,3,0,anduril,,anduril,0,0,0,0.000,0,-1,0
1785623944.021,-4.193,-2.506,0.469,0.9964,0,1.220,0.006,2.021,0.2549,7.234,-0.255,0.142,1.000,-2.021,-5.413,-0.0000,-0.0000,0.030,0.030,0.336,1.182,1.973,-2.500,0.0043,0.477,nan,0.00,1,1,1,1,1,0.0000,0.405,0,0.131,1,0.662,0,1,yolo,196.5,yolo,0,0,0,0.000,0,-1,0
1785623944.046,-4.387,-2.528,0.167,0.9961,0,0.481,0.028,2.021,0.2548,7.234,-0.255,0.142,1.000,-2.021,-4.868,-0.0000,-0.0000,-0.016,-0.016,0.382,1.202,1.970,-2.500,0.0043,0.480,nan,0.00,1,1,1,1,1,0.0000,0.405,0,0.131,1,0.662,0,0,yolo,196.5,yolo,0,0,0,0.000,0,-1,0
1785623944.087,-4.387,-2.528,0.167,0.9961,0,-0.019,0.028,1.822,0.2552,7.173,-0.228,0.134,1.000,-1.822,-4.368,-0.0000,-0.0000,-0.016,-0.016,0.382,1.202,1.983,-2.500,0.0042,0.467,nan,0.00,1,1,1,1,1,0.0000,0.672,0,0.185,2,0.719,0,0,yolo,196.5,yolo,0,0,0,0.000,0,-1,0
1785623944.114,-4.366,-2.543,-0.076,0.9961,0,-0.522,0.043,1.822,0.2551,7.173,-0.228,0.134,1.000,-1.822,-3.845,-0.0000,-0.0000,-0.059,-0.059,0.424,1.220,1.981,-2.500,0.0042,0.469,nan,0.00,1,1,1,1,1,0.0000,0.672,0,0.185,2,0.719,0,0,yolo,196.5,yolo,0,0,0,0.000,0,-1,0
1785623944.140,-4.366,-2.543,-0.076,0.9961,0,-0.522,0.043,1.822,0.2550,7.173,-0.228,0.134,1.000,-1.822,-3.845,-0.0000,-0.0000,-0.059,-0.059,0.424,1.220,1.981,-2.500,0.0041,0.469,nan,0.00,1,1,1,1,1,0.0000,0.672,0,0.185,2,0.719,0,0,yolo,196.5,yolo,0,0,0,0.000,0,-1,0
1785623944.170,-4.288,-2.554,-0.308,0.9962,0,-1.422,0.054,1.619,0.2553,7.112,-0.201,0.126,1.000,-1.619,-2.865,-0.0000,-0.0000,-0.098,-0.098,0.461,1.237,1.993,-2.500,0.0041,0.457,nan,0.00,1,1,1,1,1,0.0000,0.557,0,0.182,1,0.751,0,1,anduril,,anduril,0,0,0,0.000,0,-1,0
1785623944.201,-4.288,-2.554,-0.308,0.9962,0,-1.422,0.054,1.619,0.2553,7.112,-0.201,0.126,1.000,-1.619,-2.865,-0.0000,-0.0000,-0.098,-0.098,0.461,1.237,1.993,-2.500,0.0040,0.457,nan,0.00,1,1,1,1,1,0.0000,0.557,0,0.182,1,0.751,0,0,anduril,,anduril,0,0,0,0.000,0,-1,0
1785623944.241,-4.060,-2.562,-0.528,0.9965,0,-0.511,0.062,2.123,0.2582,6.652,-0.247,0.041,1.000,-2.123,-3.549,-0.0000,-0.0000,-0.136,-0.136,0.500,1.256,2.094,-2.500,0.0040,0.356,nan,0.00,1,1,1,1,1,0.0000,0.557,0,0.182,1,0.751,4,0,anduril,,anduril,0,0,0,0.000,0,-1,0
1785623944.278,-4.060,-2.562,-0.528,0.9965,0,-0.511,0.062,2.123,0.2582,6.652,-0.247,0.041,1.000,-2.123,-3.549,-0.0000,-0.0000,-0.136,-0.136,0.500,1.256,2.094,-2.500,0.0039,0.356,nan,0.00,1,1,1,1,1,0.0000,0.662,0,0.176,2,0.719,0,1,yolo,237.7,yolo,0,0,0,0.000,0,-1,0
1785623944.314,-3.990,-2.575,-0.838,0.9966,0,-1.843,0.075,1.756,0.2590,6.600,-0.202,0.017,1.000,-1.756,-2.147,-0.0000,-0.0000,-0.172,-0.172,0.535,1.275,2.123,-2.500,0.0039,0.327,nan,0.00,1,1,1,1,1,0.0000,0.662,0,0.176,2,0.719,2,1,anduril,,anduril,0,0,0,0.000,0,-1,0
1785623944.354,-3.859,-2.585,-1.125,0.9967,0,-2.121,0.085,1.756,0.2589,6.600,-0.202,0.017,1.000,-1.756,-1.738,-0.0000,-0.0000,-0.204,-0.204,0.565,1.292,2.122,-2.500,0.0039,0.328,nan,0.00,1,1,1,1,1,0.0000,0.506,0,0.131,2,0.708,0,0,anduril,,anduril,0,0,0,0.000,0,-1,0
1785623944.394,-3.859,-2.585,-1.125,0.9967,0,-1.774,0.085,1.935,0.2602,6.360,-0.215,-0.017,1.000,-1.935,-2.086,-0.0000,-0.0000,-0.204,-0.204,0.565,1.292,2.166,-2.500,0.0039,0.284,nan,0.00,1,1,1,1,1,0.0000,0.506,0,0.131,2,0.708,2,0,anduril,,anduril,0,0,0,0.000,0,-1,0
1785623944.421,-3.564,-2.587,-1.340,0.9970,0,-1.835,0.087,1.935,0.2601,6.360,-0.215,-0.017,1.000,-1.935,-1.729,-0.0000,-0.0000,-0.230,-0.230,0.590,1.309,2.167,-2.500,0.0038,0.283,nan,0.00,1,1,1,1,1,0.0000,0.201,0,0.127,1,0.677,0,0,anduril,,anduril,0,0,0,0.000,0,-1,0
1785623944.455,-3.564,-2.587,-1.340,0.9970,0,-1.262,0.087,2.205,0.2611,6.158,-0.237,-0.043,1.000,-2.205,-2.302,-0.0000,-0.0000,-0.230,-0.230,0.590,1.309,2.200,-2.500,0.0038,0.250,nan,0.00,1,1,1,1,1,0.0000,0.402,0,0.127,1,0.677,2,1,yolo,190.9,yolo,0,0,0,0.000,0,-1,0
1785623944.496,-3.303,-2.590,-1.595,0.9973,0,-1.334,0.090,2.205,0.2610,6.158,-0.237,-0.043,1.000,-2.205,-1.969,-0.0000,-0.0000,-0.254,-0.254,0.612,1.326,2.200,-2.500,0.0038,0.249,nan,0.00,1,1,1,1,1,0.0000,0.391,0,0.114,1,0.670,0,0,yolo,190.9,yolo,0,0,0,0.000,0,-1,0
1785623944.543,-3.115,-2.593,-1.872,0.9975,0,-1.279,0.093,2.269,0.2605,6.158,-0.244,-0.030,1.000,-2.269,-1.836,-0.0000,-0.0000,-0.275,-0.275,0.631,1.343,2.188,-2.500,0.0037,0.262,nan,0.00,1,1,1,1,1,0.0000,0.388,0,0.110,1,0.655,0,0,yolo,141.7,yolo,0,0,0,0.000,0,-1,0
1785623944.569,-3.115,-2.593,-1.872,0.9975,0,-2.474,0.093,1.795,0.2614,6.147,-0.193,-0.054,1.000,-1.795,-0.641,-0.0000,-0.0000,-0.275,-0.275,0.631,1.343,2.200,-2.500,0.0037,0.234,nan,0.00,1,1,1,1,1,0.0000,0.388,0,0.110,1,0.636,0,0,yolo,141.7,yolo,0,0,0,0.000,0,-1,0
1785623944.604,-2.709,-2.591,-2.109,0.9979,0,-2.321,0.091,1.795,0.2613,6.147,-0.193,-0.054,1.000,-1.795,-0.388,-0.0000,-0.0000,-0.293,-0.293,0.648,1.362,2.200,-2.500,0.0037,0.233,nan,0.00,1,1,1,1,1,0.0000,0.388,0,0.110,1,0.636,0,0,yolo,141.7,yolo,0,0,0,0.000,0,-1,0
1785623944.637,-2.709,-2.591,-2.109,0.9979,0,-3.521,0.091,1.318,0.2621,6.135,-0.141,-0.079,1.000,-1.318,0.812,-0.0000,-0.0000,-0.293,-0.293,0.648,1.362,2.200,-2.500,0.0037,0.205,nan,0.00,1,1,1,1,1,0.0000,0.386,0,0.107,1,0.620,0,0,yolo,141.7,yolo,0,0,0,0.000,0,-1,0
1785623944.668,-2.362,-2.588,-2.348,0.9981,0,-3.288,0.088,1.348,0.2626,6.135,-0.144,-0.097,1.000,-1.348,0.926,-0.0000,-0.0000,-0.307,-0.307,0.663,1.379,2.200,-2.500,0.0037,0.186,nan,0.00,1,1,1,1,1,0.0000,0.386,0,0.107,1,0.620,0,0,yolo,159.1,yolo,0,0,0,0.000,0,-1,0
1785623944.713,-1.853,-2.581,-2.517,0.9985,0,-4.093,0.081,0.870,0.2633,6.124,-0.093,-0.121,1.000,-0.870,2.240,-0.0000,-0.0000,-0.315,-0.315,0.676,1.396,2.200,-2.500,0.0036,0.158,nan,0.00,1,1,1,1,1,0.0000,0.336,0,0.185,2,0.452,0,0,yolo,159.1,yolo,0,0,0,0.000,0,-1,0
1785623944.741,-1.853,-2.581,-2.517,0.9985,0,-4.093,0.081,0.870,0.2633,6.124,-0.093,-0.121,1.000,-0.870,2.240,-0.0000,-0.0000,-0.315,-0.315,0.676,1.396,2.200,-2.500,0.0036,0.158,nan,0.00,1,1,1,1,1,0.0000,0.336,0,0.185,2,0.452,0,0,yolo,159.1,yolo,0,0,0,0.000,0,-1,0
1785623944.775,-1.375,-2.574,-2.656,0.9987,0,-4.255,0.074,0.630,0.2637,6.118,-0.067,-0.133,1.000,-0.630,2.880,-0.0000,-0.0000,-0.317,-0.317,0.686,1.411,2.200,-2.500,0.0036,0.143,nan,0.00,1,1,1,1,1,0.0000,0.458,0,0.343,5,0.225,0,0,yolo,159.1,yolo,0,0,0,0.000,0,-1,0
1785623944.802,-1.375,-2.574,-2.656,0.9987,0,-4.255,0.074,0.630,0.2637,6.118,-0.067,-0.133,1.000,-0.630,2.880,-0.0000,-0.0000,-0.317,-0.317,0.686,1.411,2.200,-2.500,0.0036,0.143,nan,0.00,1,1,1,1,1,0.0000,0.458,0,0.343,5,0.225,0,0,yolo,159.1,yolo,0,0,0,0.000,0,-1,0
1785623944.837,-0.819,-2.566,-2.725,0.9989,0,-5.755,0.066,-0.193,0.2803,5.987,-0.012,-0.206,0.998,-0.114,6.157,-0.3233,0.4851,-0.314,-0.337,0.694,1.425,2.200,-2.500,0.0036,0.062,nan,0.30,1,1,1,1,1,0.0106,0.857,1,0.411,5,0.186,0,0,yolo,157.1,yolo,0,0,0,0.000,0,-1,0
1785623944.874,-0.819,-2.566,-2.725,0.9989,0,-4.921,0.066,-0.195,0.2970,5.987,-0.012,-0.206,0.998,-0.114,4.102,0.0229,0.6938,-0.314,-0.314,0.694,1.425,2.200,-2.500,0.0036,0.062,nan,0.30,1,1,1,0,1,0.0106,0.857,1,0.411,5,0.186,2,0,yolo,157.1,yolo,0,0,0,0.000,0,-1,0
1785623944.923,0.008,-2.557,-2.686,0.9990,0,-3.866,0.057,0.109,0.2972,5.987,-0.012,-0.206,0.998,-0.114,3.874,0.0347,0.6920,-0.302,-0.302,0.692,1.439,2.200,-2.500,0.0036,0.061,nan,0.00,1,1,1,0,1,0.0000,1.000,0,0.351,6,0.115,2,0,yolo,157.1,yolo,0,0,0,0.000,0,-1,0
1785623944.959,0.658,-2.548,-2.657,0.9989,0,-2.896,0.048,-1.391,0.2963,5.987,-0.012,-0.206,0.998,-0.114,3.554,0.0513,0.6715,-0.286,-0.286,0.671,1.453,2.200,-2.500,0.0036,0.060,nan,4.13,1,1,1,0,1,0.1443,0.938,1,0.490,7,0.033,0,0,yolo,157.1,yolo,0,0,0,0.000,0,-1,0
1785623944.997,1.179,-2.541,-2.624,0.9988,0,-4.396,0.041,-2.891,0.2796,5.178,0.160,-0.607,0.863,1.767,7.638,-0.0000,-0.0000,-0.268,-0.268,0.636,1.465,2.077,-2.500,0.0036,-0.373,nan,4.13,1,1,1,1,1,0.1443,0.938,1,0.490,7,0.033,3,0,yolo,157.1,yolo,0,0,0,0.000,0,-1,0
1785623945.036,1.601,-2.542,-2.409,0.9986,0,-5.733,0.042,-4.391,0.2963,5.178,0.160,-0.607,0.863,1.767,7.334,0.0164,0.5598,-0.251,-0.251,0.560,1.476,2.078,-2.500,0.0037,-0.372,nan,3.14,1,1,1,0,1,0.1097,0.889,1,0.610,7,-0.169,0,0,yolo,157.1,yolo,0,0,0,0.000,0,-1,0
1785623945.066,1.601,-2.542,-2.409,0.9986,0,-5.733,0.042,-4.534,0.3045,5.178,0.160,-0.607,0.863,1.767,7.334,0.0164,0.5598,-0.251,-0.251,0.560,1.476,2.078,-2.500,0.0037,-0.372,nan,2.40,1,1,1,0,1,0.0837,0.889,1,0.610,7,-0.169,0,0,yolo,157.1,yolo,0,0,0,0.000,0,-1,0
1785623945.109,2.191,-2.549,-2.016,0.9983,0,-4.837,0.049,-4.284,0.3019,5.178,0.160,-0.607,0.863,1.767,7.028,0.0328,0.5019,-0.235,-0.235,0.502,1.488,2.081,-2.500,0.0037,-0.369,nan,2.11,1,1,1,0,1,0.0735,0.850,1,0.658,7,-0.116,0,0,yolo,157.1,yolo,0,0,0,0.000,0,-1,0
1785623945.140,2.191,-2.549,-2.016,0.9983,0,-4.837,0.049,-4.315,0.3019,5.178,0.160,-0.607,0.863,1.767,7.028,0.0328,0.5019,-0.235,-0.235,0.502,1.488,2.081,-2.500,0.0038,-0.369,nan,2.11,1,1,1,0,1,0.0735,0.850,1,0.658,7,-0.116,0,0,yolo,157.1,yolo,0,0,0,0.000,0,-1,0
1785623945.173,2.825,-2.565,-1.482,0.9978,0,-6.337,0.065,-4.167,0.2853,5.227,0.179,-0.592,0.871,1.960,9.203,-0.2647,-0.3251,-0.213,-0.265,0.432,1.499,2.102,-2.500,0.0038,-0.348,nan,1.89,1,1,1,1,1,0.0660,0.850,1,0.658,7,-0.116,0,0,yolo,193.9,yolo,0,0,0,0.000,0,-1,0
1785623945.210,2.825,-2.565,-1.482,0.9978,0,-4.837,0.065,-4.112,0.2984,5.227,0.179,-0.592,0.871,1.960,7.087,0.0517,0.4323,-0.213,-0.213,0.432,1.499,2.102,-2.500,0.0038,-0.348,nan,1.89,1,1,1,0,1,0.0660,0.850,1,0.658,7,-0.116,3,0,yolo,193.9,yolo,0,0,0,0.000,0,-1,0
1785623945.239,3.767,-2.586,-0.939,0.9968,0,-3.337,0.086,-4.568,0.2958,5.227,0.179,-0.592,0.871,1.960,6.411,0.0880,0.3711,-0.177,-0.177,0.371,1.512,2.108,-2.500,0.0039,-0.342,nan,2.39,1,1,1,0,1,0.0833,0.900,1,0.660,8,-0.200,0,0,yolo,193.9,yolo,0,0,0,0.000,0,-1,0
1785623945.269,4.200,-2.618,-0.323,0.9963,0,-1.837,0.118,-4.910,0.2923,5.227,0.179,-0.592,0.871,1.960,5.769,0.1224,0.2931,-0.142,-0.142,0.293,1.524,2.112,-2.500,0.0039,-0.338,nan,2.76,1,1,1,0,1,0.0963,0.900,1,0.660,8,-0.200,0,0,yolo,193.9,yolo,0,0,0,0.000,0,-1,0
1785623945.299,4.200,-2.618,-0.323,0.9963,0,-1.569,0.118,-4.887,0.2923,5.227,0.179,-0.592,0.871,1.960,5.769,0.1224,0.2931,-0.142,-0.142,0.293,1.524,2.112,-2.500,0.0039,-0.338,nan,2.76,1,1,1,0,1,0.0963,0.900,1,0.660,8,-0.200,0,0,yolo,193.9,yolo,0,0,0,0.000,0,-1,0
1785623945.331,4.200,-2.618,-0.323,0.9963,0,-1.569,0.118,-4.870,0.2924,5.227,0.179,-0.592,0.871,1.960,5.769,0.1224,0.2931,-0.142,-0.142,0.293,1.524,2.112,-2.500,0.0040,-0.338,nan,2.76,1,1,1,0,1,0.0963,0.900,1,0.660,8,-0.200,0,0,yolo,193.9,yolo,0,0,0,0.000,0,-1,0
1785623945.370,4.430,-2.655,0.416,0.9959,0,-0.602,0.155,-5.558,0.2875,5.227,0.179,-0.592,0.871,1.960,5.032,0.1619,0.1859,-0.103,-0.103,0.186,1.539,2.117,-2.500,0.0040,-0.333,nan,3.46,1,1,1,0,1,0.1208,0.850,1,0.656,7,-0.239,0,0,yolo,193.9,yolo,0,0,0,0.000,0,-1,0
1785623945.418,4.514,-2.699,1.327,0.9958,0,-0.690,0.199,-5.647,0.2791,5.227,0.179,-0.592,0.871,1.960,5.203,-0.0000,-0.0000,-0.065,-0.065,0.084,1.556,2.121,-2.500,0.0040,-0.329,nan,3.46,1,1,1,1,1,0.1208,0.850,1,0.656,7,-0.239,2,1,anduril,,anduril,0,0,0,0.000,0,-1,0
1785623945.446,4.514,-2.699,1.327,0.9958,0,-0.690,0.199,-6.269,0.2791,5.227,0.179,-0.592,0.871,1.960,5.203,-0.0000,-0.0000,-0.065,-0.065,0.084,1.556,2.121,-2.500,0.0041,-0.329,nan,4.08,1,1,1,1,1,0.1425,0.900,1,0.656,8,-0.269,0,0,anduril,,anduril,0,0,0,0.000,0,-1,0
1785623945.485,4.589,-2.735,2.124,0.9957,0,0.500,0.235,-6.423,0.2814,5.093,0.148,-0.659,0.849,1.664,4.089,-0.0000,-0.0000,-0.039,-0.039,0.025,1.569,2.049,-2.500,0.0041,-0.401,nan,4.68,1,1,1,1,1,0.1633,0.889,1,0.653,7,-0.286,0,0,anduril,,anduril,0,0,0,0.000,0,-1,0
1785623945.527,4.589,-2.735,2.124,0.9957,0,1.668,0.235,-4.923,0.2839,4.911,0.099,-0.728,0.818,1.155,2.921,-0.0000,-0.0000,-0.039,-0.039,0.025,1.569,1.953,-2.500,0.0042,-0.483,nan,0.00,1,1,1,1,1,0.1972,0.875,1,0.617,6,-0.313,0,0,anduril,,anduril,0,0,0,0.000,0,-1,0
1785623945.570,4.472,-2.769,2.995,0.9958,0,2.001,0.327,-3.423,0.2835,4.434,0.095,-0.696,0.739,1.231,2.470,-0.0000,-0.0000,-0.014,-0.014,-0.043,1.584,1.890,-2.442,0.0042,-0.471,nan,0.00,1,1,1,1,1,0.1972,0.875,1,0.617,6,-0.313,2,0,anduril,,anduril,0,0,0,0.000,0,-1,0
1785623945.609,4.135,-2.745,3.382,0.9963,0,2.208,0.434,-1.923,0.2835,4.434,0.095,-0.696,0.739,1.231,1.927,-0.0000,-0.0000,0.024,0.024,-0.109,1.601,1.888,-2.310,0.0043,-0.474,nan,0.00,1,1,1,1,1,0.2258,0.875,1,0.615,6,-0.237,0,0,anduril,,anduril,0,0,0,0.000,0,-1,0
1785623945.640,4.135,-2.745,3.382,0.9963,0,2.208,0.312,-1.231,0.2836,4.434,0.095,-0.696,0.739,1.231,1.927,-0.0000,-0.0000,0.024,0.024,-0.109,1.601,1.888,-2.432,0.0043,-0.474,nan,0.00,1,1,1,1,1,0.2473,0.875,1,0.615,6,-0.237,0,0,anduril,,anduril,0,0,0,0.000,0,-1,0
1785623945.680,3.813,-2.708,3.506,0.9967,0,2.423,0.585,-1.362,0.2840,4.005,0.095,-0.687,0.667,1.362,1.391,-0.0000,-0.0000,0.062,0.062,-0.165,1.616,1.810,-2.122,0.0043,-0.489,nan,0.00,1,1,1,1,1,0.2673,0.875,1,0.616,6,-0.221,0,0,anduril,,anduril,0,0,0,0.000,0,-1,0
1785623945.721,3.813,-2.708,3.506,0.9967,0,3.923,0.699,0.138,0.3006,3.963,-0.035,-0.781,0.660,-0.501,-10.098,1.9327,1.5629,0.062,0.202,-0.165,1.616,1.721,-2.008,0.0044,-0.593,nan,0.00,1,1,1,1,1,0.2673,0.875,1,0.616,6,-0.221,2,0,anduril,,anduril,0,0,0,0.000,0,-1,0
1785623945.768,3.417,-2.623,3.726,0.9972,0,5.254,0.758,1.074,0.2840,3.963,-0.035,-0.781,0.660,-0.501,-1.837,-0.1067,-0.2262,0.095,0.095,-0.226,1.632,1.716,-1.865,0.0045,-0.599,nan,0.00,1,1,1,0,1,0.2692,0.875,1,0.611,6,-0.220,0,0,anduril,,anduril,0,0,0,0.000,0,-1,0
1785623945.812,2.591,-2.494,3.508,0.9980,0,5.064,0.711,1.074,0.2740,3.963,-0.035,-0.781,0.660,-0.501,-2.473,-0.0706,-0.2948,0.131,0.131,-0.295,1.644,1.709,-1.783,0.0045,-0.608,nan,0.00,1,1,1,0,1,0.2692,0.875,1,0.611,6,-0.220,0,0,anduril,,anduril,0,0,0,0.000,0,-1,0
1785623945.858,1.845,-2.382,3.375,0.9986,0,4.745,0.646,1.074,0.2716,3.963,-0.035,-0.781,0.660,-0.501,-2.900,-0.0463,-0.3517,0.155,0.155,-0.352,1.655,1.703,-1.736,0.0046,-0.616,nan,0.00,1,1,1,0,1,0.2706,0.875,1,0.611,6,-0.220,6,0,anduril,,anduril,0,0,0,0.000,0,-1,0
1785623945.888,1.845,-2.382,3.375,0.9986,0,4.898,0.531,0.961,0.2875,3.963,-0.035,-0.781,0.660,-0.501,-3.053,-0.0000,-0.0000,0.155,0.155,-0.352,1.655,1.703,-1.851,0.0047,-0.616,nan,0.00,1,1,1,1,1,0.2767,0.875,1,0.576,6,-0.284,0,1,yolo,298.3,yolo,0,0,0,0.000,0,-1,0
1785623945.919,1.040,-2.265,3.241,0.9991,0,4.360,0.490,0.961,0.2877,3.963,-0.035,-0.781,0.660,-0.501,-3.319,-0.0000,-0.0000,0.174,0.174,-0.399,1.666,1.696,-1.775,0.0047,-0.624,nan,0.00,1,1,1,1,1,0.2767,0.875,1,0.576,6,-0.284,0,0,yolo,298.3,yolo,0,0,0,0.000,0,-1,0
1785623945.956,1.040,-2.265,3.241,0.9991,0,4.190,0.417,0.404,0.2878,3.905,-0.028,-0.778,0.651,-0.404,-3.149,-0.0000,-0.0000,0.174,0.174,-0.399,1.666,1.689,-1.848,0.0048,-0.623,nan,0.00,1,1,1,1,1,0.2813,0.875,1,0.576,6,-0.284,2,1,anduril,,anduril,0,0,0,0.000,0,-1,0
1785623945.984,0.446,-2.203,3.178,0.9992,0,3.699,0.412,0.404,0.2879,3.905,-0.028,-0.778,0.651,-0.404,-3.253,-0.0000,-0.0000,0.181,0.181,-0.444,1.674,1.686,-1.792,0.0048,-0.628,nan,0.00,1,1,1,1,1,0.2691,1.000,1,0.539,7,-0.265,0,0,anduril,,anduril,0,0,0,0.000,0,-1,0
1785623946.012,0.446,-2.203,3.178,0.9992,0,3.699,0.340,0.404,0.2879,3.905,-0.028,-0.778,0.651,-0.404,-3.253,-0.0000,-0.0000,0.181,0.181,-0.444,1.674,1.686,-1.863,0.0049,-0.628,nan,0.00,1,1,1,1,1,0.2600,1.000,1,0.539,7,-0.265,0,0,anduril,,anduril,0,0,0,0.000,0,-1,0
1785623946.050,-0.157,-2.143,3.141,0.9993,0,3.581,0.347,0.729,0.2869,3.655,-0.047,-0.728,0.609,-0.729,-3.737,-0.0000,-0.0000,0.184,0.184,-0.505,1.682,1.682,-1.796,0.0050,-0.591,nan,0.00,1,1,1,1,1,0.2060,0.944,1,0.569,8,-0.150,0,0,anduril,,anduril,0,0,0,0.000,0,-1,0
1785623946.081,-0.157,-2.143,3.141,0.9993,0,3.581,0.286,0.729,0.2870,3.655,-0.047,-0.728,0.609,-0.729,-3.737,-0.0000,-0.0000,0.184,0.184,-0.505,1.682,1.682,-1.857,0.0050,-0.591,nan,0.00,1,1,1,1,1,0.2060,0.944,1,0.569,8,-0.150,0,0,anduril,,anduril,0,0,0,0.000,0,-1,0
1785623946.130,-0.662,-2.102,3.040,0.9993,0,3.467,0.316,1.055,0.2865,3.485,-0.064,-0.702,0.581,-1.055,-4.129,-0.0000,-0.0000,0.182,0.182,-0.579,1.689,1.672,-1.786,0.0051,-0.573,nan,0.00,1,1,1,1,1,0.0000,0.938,0,0.487,7,-0.093,0,0,anduril,,anduril,0,0,0,0.000,0,-1,0
1785623946.167,-1.166,-2.057,2.895,0.9991,0,3.230,0.320,1.425,0.2849,3.170,-0.079,-0.632,0.528,-1.425,-4.396,-0.0000,-0.0000,0.176,0.176,-0.654,1.695,1.665,-1.737,0.0051,-0.516,nan,0.00,1,1,1,1,1,-0.9611,0.300,1,0.264,1,0.086,0,0,anduril,,anduril,0,0,0,0.000,0,-1,0
1785623946.206,-1.166,-2.057,2.895,0.9991,0,3.346,0.272,1.566,0.2843,3.065,-0.084,-0.609,0.511,-1.566,-4.512,-0.0000,-0.0000,0.176,0.176,-0.654,1.695,1.662,-1.785,0.0052,-0.497,nan,0.00,1,1,1,1,1,-0.9611,0.300,1,0.264,1,0.086,0,0,anduril,,anduril,0,0,0,0.000,0,-1,0
1785623946.248,-1.779,-2.013,2.616,0.9989,0,2.768,0.306,1.877,0.2676,2.855,-0.094,-0.562,0.476,-1.877,-4.547,-0.0118,-0.7423,0.164,0.164,-0.742,1.702,1.652,-1.707,0.0052,-0.458,nan,0.00,1,1,1,0,1,0.0000,0.245,0,0.033,1,0.503,0,0,anduril,,anduril,0,0,0,0.000,0,-1,0
1785623946.280,-1.779,-2.013,2.616,0.9989,0,2.796,0.256,3.377,0.2833,2.855,-0.094,-0.562,0.476,-1.877,-4.575,-0.0000,-0.0000,0.164,0.164,-0.742,1.702,1.652,-1.758,0.0053,-0.458,nan,0.00,1,1,1,1,1,0.0000,0.245,0,0.033,1,0.503,0,1,yolo,199.2,yolo,0,0,0,0.000,0,-1,0
1785623946.313,-2.296,-1.980,2.256,0.9986,0,2.708,0.295,3.713,0.2840,2.849,-0.121,-0.581,0.475,-2.427,-5.004,-0.0000,-0.0000,0.149,0.149,-0.821,1.708,1.641,-1.685,0.0053,-0.477,nan,0.00,1,1,1,1,1,0.0000,0.245,0,0.033,1,0.503,2,0,yolo,199.2,yolo,0,0,0,0.000,0,-1,0
1785623946.352,-2.303,-1.979,2.248,0.9986,0,2.700,0.252,3.713,0.2841,2.849,-0.121,-0.581,0.475,-2.427,-5.002,-0.0000,-0.0000,0.149,0.149,-0.822,1.708,1.641,-1.728,0.0054,-0.477,nan,0.00,1,1,1,1,1,0.0000,0.248,0,0.039,1,0.504,0,0,yolo,199.2,yolo,0,0,0,0.000,0,-1,0
1785623946.389,-2.700,-1.963,1.747,0.9983,0,2.785,0.289,3.977,0.2847,2.844,-0.148,-0.600,0.474,-2.979,-5.485,-0.0000,-0.0000,0.137,0.137,-0.882,1.713,1.630,-1.673,0.0054,-0.495,nan,0.00,1,1,1,1,1,0.0000,0.242,0,0.029,1,0.496,0,0,yolo,199.2,yolo,0,0,0,0.000,0,-1,0
1785623946.429,-3.121,-1.945,1.184,0.9979,0,2.164,0.293,3.977,0.2849,2.844,-0.148,-0.600,0.474,-2.979,-5.285,-0.0000,-0.0000,0.123,0.123,-0.941,1.717,1.630,-1.652,0.0055,-0.494,nan,0.00,1,1,1,1,1,0.0000,0.242,0,0.029,1,0.496,0,0,yolo,199.2,yolo,0,0,0,0.000,0,-1,0
1785623946.475,-3.121,-1.945,1.184,0.9979,0,2.232,0.295,3.812,0.2844,2.670,-0.151,-0.576,0.445,-3.234,-5.353,-0.0000,-0.0000,0.123,0.123,-0.941,1.717,1.614,-1.651,0.0055,-0.476,nan,0.00,1,1,1,1,1,0.0000,0.243,0,0.030,1,0.507,0,0,yolo,174.8,yolo,0,0,0,0.000,0,-1,0
1785623946.501,-3.450,-1.931,0.656,0.9976,0,1.658,0.309,3.812,0.2845,2.670,-0.151,-0.576,0.445,-3.234,-5.108,-0.0000,-0.0000,0.106,0.106,-0.999,1.721,1.614,-1.622,0.0056,-0.475,nan,0.00,1,1,1,1,1,0.0000,0.243,0,0.030,1,0.507,0,0,yolo,174.8,yolo,0,0,0,0.000,0,-1,0
1785623946.537,-3.450,-1.931,0.656,0.9976,0,1.658,0.276,3.812,0.2845,2.670,-0.151,-0.576,0.445,-3.234,-5.108,-0.0000,-0.0000,0.106,0.106,-0.999,1.721,1.614,-1.655,0.0056,-0.475,nan,0.00,1,1,1,1,1,0.0000,0.243,0,0.030,1,0.507,0,0,yolo,174.8,yolo,0,0,0,0.000,0,-1,0
1785623946.567,-3.690,-1.921,0.128,0.9974,0,1.744,0.326,4.075,0.2852,2.665,-0.178,-0.595,0.444,-3.824,-5.434,-0.0000,-0.0000,0.083,0.083,-1.060,1.725,1.604,-1.595,0.0057,-0.492,nan,0.00,1,1,1,1,1,0.0000,0.248,0,0.038,1,0.517,0,0,yolo,174.8,yolo,0,0,0,0.000,0,-1,0
1785623946.606,-3.690,-1.921,0.128,0.9974,0,2.066,0.309,4.206,0.2685,2.662,-0.192,-0.604,0.444,-4.119,-5.756,0.0000,-1.0604,0.083,0.083,-1.060,1.725,1.599,-1.613,0.0057,-0.501,nan,0.00,1,1,1,0,1,0.0000,0.289,0,0.107,0,0.574,0,0,yolo,174.8,yolo,0,0,0,0.000,0,-1,0
1785623946.638,-3.994,-1.912,-0.460,0.9970,0,1.603,0.398,4.052,0.2518,2.452,-0.169,-0.539,0.409,-3.933,-5.597,-0.0599,-1.1035,0.061,0.120,-1.103,1.730,1.575,-1.515,0.0057,-0.486,nan,0.00,1,1,0,1,1,0.0000,0.289,0,0.107,0,0.574,0,0,yolo,186.1,yolo,0,0,0,0.000,0,-1,0
1785623946.675,-3.994,-1.912,-0.460,0.9970,0,0.777,0.351,3.989,0.2352,2.452,-0.169,-0.539,0.409,-3.933,-4.771,-0.0584,-1.1035,0.061,0.061,-1.103,1.730,1.582,-1.562,0.0057,-0.471,nan,0.00,1,1,0,0,1,0.0000,0.782,0,0.183,3,0.656,0,0,yolo,186.1,yolo,0,0,0,0.000,0,-1,0
1785623946.707,-4.222,-1.890,-1.025,0.9967,0,0.117,0.355,3.942,0.2345,2.452,-0.169,-0.539,0.409,-3.933,-4.339,-0.0849,-1.1046,0.035,0.035,-1.105,1.735,1.589,-1.536,0.0057,-0.457,nan,0.00,1,1,0,0,1,0.0000,0.782,0,0.183,3,0.656,0,0,yolo,186.1,yolo,0,0,0,0.000,0,-1,0
1785623946.745,-4.424,-1.874,-1.516,0.9965,0,-0.487,0.347,3.907,0.2357,2.452,-0.169,-0.539,0.409,-3.933,-3.937,-0.1096,-1.0705,0.010,0.010,-1.071,1.739,1.596,-1.526,0.0057,-0.443,nan,0.00,1,1,0,0,1,0.0000,0.726,0,0.230,2,0.618,0,0,yolo,186.1,yolo,0,0,0,0.000,0,-1,0
1785623946.784,-4.424,-1.873,-1.525,0.9965,0,-1.987,1.303,2.407,0.2353,4.000,0.236,0.000,0.233,3.371,1.919,-0.0000,-1.0690,0.009,0.009,-1.069,1.739,1.200,-0.571,0.0057,-0.430,nan,0.00,0,1,0,1,1,0.0000,0.726,0,0.230,2,0.618,0,1,track,,TRACK,0,0,0,0.000,0,-1,0
1785623946.815,-4.265,-1.782,-1.988,0.9967,0,-3.459,-0.197,0.907,0.2410,4.000,-0.049,0.000,0.667,-0.696,-0.807,-0.0000,-0.9339,-0.025,-0.025,-0.934,1.744,1.866,-2.190,0.0057,-0.417,nan,0.00,1,1,0,1,1,0.0000,0.695,0,0.204,2,0.645,0,1,blueline,,BLUELINE,0,0,0,0.000,0,-1,0
1785623946.845,-4.265,-1.782,-1.988,0.9967,0,-4.959,-0.468,0.450,0.2406,4.000,-0.031,0.000,0.667,-0.450,1.316,-0.5142,-0.9339,-0.025,-0.025,-0.934,1.744,1.876,-2.250,0.0057,-0.405,nan,0.00,1,1,0,1,1,0.0000,0.846,0,0.229,3,0.656,0,0,blueline,,BLUELINE,0,0,0,0.000,0,-1,0
1785623946.872,-3.510,-1.882,-1.991,0.9976,0,-3.974,-0.387,0.450,0.2467,4.000,-0.031,0.000,0.667,-0.450,0.465,-0.0488,-0.7866,-0.073,-0.073,-0.787,1.747,1.886,-2.268,0.0057,-0.393,nan,0.00,1,1,0,0,1,0.0000,0.846,0,0.229,3,0.656,0,0,blueline,,BLUELINE,0,0,0,0.000,0,-1,0
1785623946.909,-3.510,-1.882,-1.991,0.9976,0,-5.474,1.113,-1.050,0.2463,4.000,0.290,0.000,0.233,4.153,7.675,-4.1888,-0.7866,-0.073,-0.073,-0.787,1.747,1.200,-0.577,0.0057,-0.381,nan,0.00,0,1,0,1,1,0.0000,0.355,0,0.216,2,0.635,0,0,blueline,,BLUELINE,0,0,0,0.000,0,-1,0
1785623946.933,-2.734,-1.682,-1.829,0.9984,0,-5.788,1.143,-2.550,0.2517,4.000,0.290,0.000,0.233,4.153,3.053,-0.0431,-0.6553,-0.117,-0.117,-0.655,1.751,1.200,-0.539,0.0057,-0.369,nan,0.00,0,1,0,0,1,0.0000,0.355,0,0.216,2,0.635,0,0,blueline,,BLUELINE,0,0,0,0.000,0,-1,0
1785623946.973,-2.734,-1.682,-1.829,0.9984,0,-7.122,1.118,-4.050,0.2514,4.000,0.458,0.000,0.233,6.535,4.388,-0.0000,-0.6553,-0.117,-0.117,-0.655,1.751,1.200,-0.564,0.0057,-0.358,nan,0.00,0,1,0,1,1,0.0000,0.709,0,0.216,2,0.635,2,1,track,,TRACK,0,0,0,0.000,0,-1,0
1785623947.000,-1.926,-1.511,-1.473,0.9991,0,-6.542,0.939,-5.550,0.2553,4.000,0.458,0.000,0.233,6.535,4.616,-0.0376,-0.5564,-0.154,-0.154,-0.556,1.751,1.200,-0.572,0.0057,-0.348,nan,0.00,0,1,0,0,1,0.0000,0.834,0,0.220,3,0.644,0,0,track,,TRACK,0,0,0,0.000,0,-1,0
1785623947.041,-1.926,-1.511,-1.473,0.9991,0,-7.107,0.924,-6.873,0.2550,4.000,0.482,0.000,0.233,6.873,5.181,-0.3539,-0.5564,-0.154,-0.154,-0.556,1.751,1.200,-0.587,0.0057,-0.337,nan,0.00,0,1,0,1,1,0.0000,0.715,0,0.221,2,0.653,0,0,track,,TRACK,0,0,0,0.000,0,-1,0
1785623947.069,-1.026,-1.367,-0.698,0.9996,0,-6.034,0.729,-6.873,0.2578,4.000,0.482,0.000,0.233,6.873,5.008,-0.0394,-0.4860,-0.193,-0.193,-0.486,1.748,1.200,-0.637,0.0057,-0.327,nan,0.00,0,1,0,0,1,0.0000,0.715,0,0.221,2,0.653,0,0,track,,TRACK,0,0,0,0.000,0,-1,0
1785623947.097,-0.221,-1.259,0.204,0.9998,0,-5.424,0.551,-6.873,0.2596,4.000,0.482,0.000,0.233,6.873,5.203,-0.0716,-0.4372,-0.226,-0.226,-0.437,1.743,1.200,-0.708,0.0057,-0.317,nan,0.00,0,1,0,0,1,0.0000,0.715,0,0.221,2,0.653,0,0,track,,TRACK,0,0,0,0.000,0,-1,0
1785623947.155,-0.221,-1.259,0.204,0.9998,0,-5.227,0.571,-6.791,0.2593,4.000,0.476,0.000,0.233,6.791,5.006,0.0569,-0.4372,-0.226,-0.226,-0.437,1.743,1.200,-0.688,0.0057,-0.308,nan,0.00,0,1,0,1,1,0.0000,0.706,0,0.213,2,0.671,0,0,track,,TRACK,0,0,0,0.000,0,-1,0
1785623947.183,0.633,-1.168,1.209,0.9997,0,-4.594,0.386,-6.791,0.2609,4.000,0.476,0.000,0.233,6.791,5.227,-0.0255,-0.3953,-0.251,-0.251,-0.395,1.735,1.200,-0.782,0.0057,-0.298,nan,0.00,0,1,0,0,1,0.0000,0.706,0,0.213,2,0.671,0,0,track,,TRACK,0,0,0,0.000,0,-1,0
1785623947.219,0.633,-1.168,1.209,0.9997,0,-6.094,0.422,-8.291,0.2607,4.000,2.249,0.000,0.667,25.000,14.000,-0.0000,-0.3953,-0.251,-0.251,-0.395,1.735,1.200,-0.746,0.0057,-0.289,nan,8.00,1,1,0,1,1,0.7400,0.800,1,0.289,3,0.737,0,1,blueline,,BLUELINE,0,0,0,0.000,0,-1,0
1785623947.251,1.302,-1.126,2.128,0.9995,0,-7.594,0.292,-9.791,0.2615,4.000,2.249,0.000,0.667,25.000,14.000,-0.0139,-0.3726,-0.265,-0.265,-0.373,1.726,1.200,-0.834,0.0057,-0.281,nan,8.00,1,1,0,0,1,0.7400,0.800,1,0.289,3,0.737,0,0,blueline,,BLUELINE,0,0,0,0.000,0,-1,0
1785623947.284,2.426,-1.128,3.506,0.9989,0,-6.094,-1.208,-8.291,0.2622,4.000,0.152,0.000,0.667,2.182,-6.267,4.1888,-0.3552,-0.284,-0.284,-0.355,1.715,1.982,-2.500,0.0057,-0.272,nan,0.00,1,1,0,1,1,0.0000,0.600,0,0.284,1,0.781,0,0,blueline,,BLUELINE,0,0,0,0.000,0,-1,0
1785623947.311,2.426,-1.128,3.506,0.9989,0,-5.269,-1.372,-6.791,0.2619,4.000,0.152,0.000,0.667,2.182,7.695,0.0000,-0.3552,-0.284,-0.284,-0.355,1.715,1.989,-2.500,0.0057,-0.264,nan,0.00,1,1,0,0,1,0.0000,0.600,0,0.284,1,0.781,0,0,blueline,,BLUELINE,0,0,0,0.000,0,-1,0
1785623947.343,2.426,-1.128,3.506,0.9989,0,-5.127,-1.372,-5.291,0.2617,4.000,0.151,0.000,0.667,2.155,7.554,0.0288,-0.3552,-0.284,-0.284,-0.355,1.715,1.995,-2.500,0.0057,-0.256,nan,0.00,1,1,0,1,1,0.0000,0.600,0,0.280,1,0.784,0,0,blueline,,BLUELINE,0,0,0,0.000,0,-1,0
1785623947.374,3.185,-1.388,4.313,0.9982,0,-4.281,-1.112,-3.791,0.2623,4.000,0.151,0.000,0.667,2.155,7.466,0.0105,-0.3400,-0.274,-0.274,-0.340,1.708,2.000,-2.500,0.0057,-0.249,nan,0.00,1,1,0,0,1,0.0000,0.600,0,0.280,1,0.784,0,0,blueline,,BLUELINE,0,0,0,0.000,0,-1,0
1785623947.415,3.807,-1.560,4.726,0.9974,0,-2.781,0.388,-2.291,0.2629,4.000,0.139,0.000,0.233,1.996,2.389,-0.0000,-0.3275,-0.245,-0.245,-0.328,1.706,1.200,-0.863,0.0057,-0.241,nan,0.00,0,1,0,1,1,0.0000,0.600,0,0.282,1,0.772,0,1,track,,TRACK,1,1,0,0.000,0,-1,0
1785623947.453,3.807,-1.560,4.726,0.9974,0,-1.281,0.735,-1.996,0.2627,4.000,0.139,0.000,0.233,1.996,2.389,0.0000,-0.3275,-0.245,-0.245,-0.328,1.706,1.200,-0.824,0.0057,-0.234,nan,0.00,0,1,0,0,1,0.0000,0.600,0,0.282,1,0.772,0,0,track,,TRACK,1,1,0,0.000,0,-1,0
1785623947.491,3.973,-1.438,4.965,0.9973,0,0.219,0.635,-1.774,0.2630,4.000,0.124,0.000,0.233,1.774,1.881,0.1551,-0.3172,-0.205,-0.205,-0.317,1.706,1.200,-0.803,0.0057,-0.227,nan,0.00,0,1,0,1,1,0.0000,0.600,0,0.282,1,0.772,3,0,track,,TRACK,1,1,0,0.000,0,-1,0
1785623947.529,3.956,-1.386,5.144,0.9973,0,1.719,0.593,-3.274,0.2630,4.000,0.124,0.000,0.233,1.774,1.876,0.0303,-0.3106,-0.175,-0.175,-0.311,1.705,1.200,-0.794,0.0057,-0.220,nan,8.00,0,1,0,0,1,0.9534,0.600,1,0.282,1,0.711,0,0,track,,TRACK,1,1,0,0.000,0,-1,0
1785623947.567,3.956,-1.386,5.144,0.9973,0,2.069,0.609,-4.774,0.2628,4.000,0.123,0.000,0.233,1.761,1.887,0.0140,-0.3106,-0.175,-0.175,-0.311,1.705,1.200,-0.777,0.0057,-0.213,nan,8.00,0,1,0,1,1,0.9477,0.600,1,0.287,1,0.697,0,0,track,,TRACK,1,1,0,0.000,0,-1,0
1785623947.608,3.744,-1.340,5.524,0.9976,0,1.994,0.551,-6.274,0.2628,4.000,0.123,0.000,0.233,1.761,1.751,0.0248,-0.3046,-0.150,-0.150,-0.305,1.703,1.200,-0.789,0.0057,-0.207,nan,8.00,0,1,0,0,1,0.9434,0.600,1,0.287,1,0.697,0,0,track,,TRACK,1,1,0,0.000,0,-1,0
1785623947.639,3.537,-1.306,6.003,0.9978,0,0.494,0.501,-7.774,0.2795,16.537,7.027,-3.056,1.000,23.023,14.000,-0.0000,-0.0000,-0.136,-0.136,-0.300,1.701,1.200,-0.806,0.0057,-2.240,nan,0.00,1,1,1,1,1,0.0000,0.702,0,0.210,2,0.696,0,1,yolo,122.7,yolo,1,1,0,0.000,0,-1,0
1785623947.675,3.500,-1.301,6.692,0.9979,0,-1.006,0.473,-9.274,0.2628,15.465,6.505,-2.869,1.000,22.814,14.000,1.6880,-2.0000,-0.132,1.526,-0.301,1.698,1.200,-0.828,0.0057,-2.115,nan,0.00,1,1,1,1,1,0.0000,0.707,0,0.214,2,0.700,0,0,yolo,114.2,yolo,1,1,0,0.000,0,-1,0
1785623947.716,3.618,-1.312,7.731,0.9977,0,-2.506,0.452,-10.774,0.2795,15.465,6.505,-2.869,1.000,22.814,14.000,-1.6608,-0.3010,-0.135,-0.135,-0.301,1.694,1.200,-0.860,0.0057,-2.098,nan,8.00,1,1,1,0,1,0.3154,0.700,1,0.286,2,0.691,0,0,yolo,114.2,yolo,1,1,0,0.000,0,-1,0
1785623947.742,3.733,-1.324,8.762,0.9976,0,-4.006,0.442,-12.274,0.2962,15.465,6.505,-2.869,1.000,22.814,14.000,-1.6626,-0.2986,-0.136,-0.136,-0.299,1.690,1.200,-0.882,0.0057,-2.081,nan,8.00,1,1,1,0,1,0.3154,0.700,1,0.286,2,0.691,0,0,yolo,114.2,yolo,1,1,0,0.000,0,-1,0
1785623947.788,3.738,-1.324,8.782,0.9976,0,-5.506,0.473,-13.774,0.3128,16.294,6.771,-3.191,1.000,22.565,14.000,0.7086,2.0000,-0.137,0.590,-0.299,1.690,1.200,-0.851,0.0057,-2.365,nan,8.00,1,1,1,1,1,0.3328,0.700,1,0.295,2,0.669,0,0,yolo,121.1,yolo,1,1,0,0.000,0,-1,0
1785623947.824,4.486,-1.387,10.584,0.9966,0,-7.006,0.479,-15.274,0.3159,16.294,6.771,-3.191,1.000,22.565,14.000,-0.7398,-0.3293,-0.150,-0.150,-0.329,1.684,1.200,-0.907,0.0057,-2.256,nan,8.00,1,1,1,0,1,0.3752,0.700,1,0.301,2,0.650,0,0,yolo,121.1,yolo,1,1,0,0.000,0,-1,0
1785623947.850,4.486,-1.387,10.584,0.9966,0,-8.506,0.515,-16.774,0.3159,16.294,6.771,-3.191,1.000,22.565,14.000,-0.7398,-0.3293,-0.150,-0.150,-0.329,1.684,1.200,-0.872,0.0057,-2.256,nan,8.00,1,1,1,0,1,0.3752,0.700,1,0.301,2,0.650,0,0,yolo,121.1,yolo,1,1,0,0.000,0,-1,0
1785623947.877,5.297,-1.476,12.302,0.9954,0,-8.703,0.559,-18.274,0.3141,16.294,6.771,-3.191,1.000,22.565,14.000,-0.7485,-0.3787,-0.159,-0.159,-0.379,1.679,1.200,-0.918,0.0057,-2.132,nan,8.00,1,1,1,0,1,0.4070,0.700,1,0.301,2,0.650,1,0,yolo,121.1,yolo,1,1,0,0.000,0,-1,0
1785623947.919,6.350,-1.628,14.467,0.9935,0,-7.650,0.666,-16.774,0.2974,14.845,6.029,-2.832,1.000,22.102,14.000,0.8995,-2.0000,-0.170,-0.407,-0.461,1.673,1.200,-0.962,0.0057,-1.725,nan,0.00,1,1,1,1,1,0.0000,0.800,0,0.292,3,0.651,0,0,yolo,126.3,yolo,1,1,0,0.000,0,-1,0
1785623947.951,7.191,-1.766,16.343,0.9917,0,-6.809,0.796,-15.274,0.2951,14.845,6.029,-2.832,1.000,22.102,14.000,0.2410,-0.5551,-0.166,-0.166,-0.555,1.669,1.200,-0.971,0.0057,-1.596,nan,0.00,1,1,1,0,1,0.0000,0.800,0,0.302,3,0.674,0,0,yolo,126.3,yolo,1,1,0,0.000,0,-1,0
1785623947.983,7.191,-1.766,16.343,0.9917,0,-6.809,0.839,-13.774,0.2951,14.845,6.029,-2.832,1.000,22.102,14.000,0.2410,-0.5551,-0.166,-0.166,-0.555,1.669,1.200,-0.928,0.0057,-1.596,nan,0.00,1,1,1,0,1,0.0000,0.800,0,0.302,3,0.674,0,0,yolo,126.3,yolo,1,1,0,0.000,0,-1,0
1785623948.023,7.973,-1.853,17.803,0.9898,0,-6.027,0.940,-15.274,0.2784,14.205,5.429,-2.743,1.000,20.918,14.000,2.9367,-0.9325,-0.141,-0.439,-0.654,1.668,1.200,-0.913,0.0057,-1.503,nan,8.00,1,1,1,1,1,0.6046,0.800,1,0.295,3,0.684,0,0,yolo,112.0,yolo,1,1,0,0.000,0,-1,0
1785623948.061,8.629,-1.988,19.476,0.9881,0,-5.371,1.100,-16.774,0.2827,14.205,5.429,-2.743,1.000,20.918,14.000,0.3194,-0.7220,-0.120,-0.120,-0.722,1.668,1.200,-0.888,0.0057,-1.403,nan,8.00,1,1,1,0,1,0.5876,0.800,1,0.288,3,0.699,0,0,yolo,112.0,yolo,1,1,0,0.000,0,-1,0
1785623948.092,8.629,-1.988,19.476,0.9881,0,-5.371,1.117,-18.274,0.2827,14.205,5.429,-2.743,1.000,20.918,14.000,0.3194,-0.7220,-0.120,-0.120,-0.722,1.668,1.200,-0.871,0.0057,-1.403,nan,8.00,1,1,1,0,1,0.5746,0.800,1,0.291,3,0.722,0,0,yolo,112.0,yolo,1,1,0,0.000,0,-1,0
1785623948.124,9.252,-2.194,21.704,0.9863,0,-4.748,1.357,-19.774,0.2776,14.205,5.429,-2.743,1.000,20.918,14.000,0.3357,-0.7683,-0.104,-0.104,-0.768,1.670,1.200,-0.837,0.0057,-1.289,nan,8.00,1,1,1,0,1,0.5746,0.800,1,0.291,3,0.722,0,0,yolo,112.0,yolo,1,1,0,0.000,0,-1,0
1785623948.163,9.252,-2.194,21.704,0.9863,0,-4.748,1.360,-20.000,0.2943,13.822,4.737,-2.709,1.000,18.918,14.000,2.8943,0.5525,-0.104,0.289,-0.768,1.670,1.200,-0.834,0.0057,-1.381,nan,8.00,1,1,1,1,1,0.5649,0.800,1,0.291,3,0.722,2,0,yolo,133.2,yolo,1,1,0,0.000,0,-1,0
1785623948.201,9.760,-2.413,24.058,0.9847,0,-4.240,1.635,-20.000,0.2776,13.822,4.737,-2.709,1.000,18.918,14.000,-0.3786,-0.7783,-0.090,-0.090,-0.778,1.674,1.200,-0.778,0.0057,-1.283,nan,8.00,1,1,1,0,1,0.5724,0.800,1,0.298,3,0.743,0,0,yolo,133.2,yolo,1,1,0,0.000,0,-1,0
1785623948.238,10.217,-2.623,26.500,0.9831,0,-3.783,1.928,-20.000,0.2749,13.822,4.737,-2.709,1.000,18.918,14.000,-0.3597,-0.7815,-0.071,-0.071,-0.782,1.681,1.200,-0.696,0.0057,-1.191,nan,8.00,1,1,1,0,1,0.5781,0.800,1,0.298,3,0.743,1,0,yolo,133.2,yolo,1,1,0,0.000,0,-1,0
1785623948.271,10.586,-2.803,28.826,0.9818,0,-2.283,2.203,-18.500,0.2916,14.197,4.093,-2.860,1.000,16.082,7.594,7.0279,1.7151,-0.050,-0.455,-0.791,1.690,1.200,-0.600,0.0057,-1.362,nan,0.00,1,1,1,1,1,0.6473,0.300,1,0.295,1,0.755,2,0,yolo,128.9,yolo,1,1,0,0.000,0,-1,0
1785623948.315,10.586,-2.803,28.826,0.9818,0,-3.414,2.151,-20.000,0.2801,14.197,4.093,-2.860,1.000,16.082,14.000,0.4049,-0.7912,-0.050,-0.050,-0.791,1.690,1.200,-0.653,0.0057,-1.362,nan,8.00,1,1,1,0,1,0.6981,0.600,1,0.296,1,0.780,2,0,yolo,128.9,yolo,1,1,0,0.000,0,-1,0
1785623948.355,10.751,-2.916,30.864,0.9812,0,-3.249,2.381,-20.000,0.2782,14.197,4.093,-2.860,1.000,16.082,14.000,0.4344,-0.8082,-0.020,-0.020,-0.808,1.702,1.200,-0.535,0.0057,-1.321,nan,8.00,1,1,1,0,1,0.7403,0.700,1,0.292,2,0.790,0,0,yolo,128.9,yolo,1,1,0,0.000,0,-1,0
1785623948.391,11.070,-3.064,33.203,0.9800,0,-2.930,2.654,-20.000,0.2758,14.197,4.093,-2.860,1.000,16.082,14.000,0.4584,-0.8256,0.004,0.004,-0.826,1.716,1.200,-0.410,0.0057,-1.259,nan,8.00,1,1,1,0,1,0.7720,0.700,1,0.292,2,0.790,1,0,yolo,128.9,yolo,1,1,0,0.000,0,-1,0
1785623948.420,11.298,-3.187,35.473,0.9791,0,-1.430,2.899,-20.000,0.2925,14.255,3.128,-2.875,1.000,12.376,-12.326,9.2201,1.5138,0.028,-0.495,-0.841,1.732,1.200,-0.288,0.0057,-1.410,nan,8.00,1,1,1,1,1,0.8515,0.700,1,0.287,2,0.807,0,0,yolo,135.3,yolo,1,1,0,0.000,0,-1,0
1785623948.448,11.298,-3.187,35.473,0.9791,0,-2.702,2.784,-20.000,0.2800,14.255,3.128,-2.875,1.000,12.376,14.000,0.5226,-0.8408,0.028,0.028,-0.841,1.732,1.200,-0.403,0.0057,-1.410,nan,8.00,1,1,1,0,1,0.9087,0.700,1,0.281,2,0.802,0,0,yolo,135.3,yolo,1,1,0,0.000,0,-1,0
1785623948.480,11.517,-3.303,37.840,0.9782,0,-2.483,3.072,-20.000,0.2781,14.255,3.128,-2.875,1.000,12.376,14.000,0.5508,-0.8592,0.056,0.056,-0.859,1.751,1.200,-0.231,0.0057,-1.367,nan,8.00,1,1,1,0,1,0.9087,0.700,1,0.281,2,0.802,0,0,yolo,135.3,yolo,1,1,0,0.000,0,-1,0
1785623948.517,11.517,-3.303,37.840,0.9782,0,-2.483,2.954,-20.000,0.2781,14.255,3.128,-2.875,1.000,12.376,14.000,0.5508,-0.8592,0.056,0.056,-0.859,1.751,1.200,-0.349,0.0057,-1.367,nan,8.00,1,1,1,0,1,0.9516,0.700,1,0.281,2,0.802,2,0,yolo,135.3,yolo,1,1,0,0.000,0,-1,0
1785623948.559,11.825,-3.462,41.867,0.9770,0,-0.983,3.533,-18.500,0.2948,15.113,2.139,-3.013,1.000,8.055,-7.965,6.8379,1.3581,0.103,-1.099,-0.891,1.788,1.200,0.071,0.0057,-1.594,nan,8.00,1,1,1,1,1,0.9789,0.700,1,0.277,2,0.802,0,0,yolo,120.9,yolo,1,1,0,0.000,0,-1,0
1785623948.595,11.826,-3.463,41.890,0.9770,0,-1.722,3.357,-17.000,0.2839,15.113,2.139,-3.013,1.000,8.055,13.548,1.2025,-0.8910,0.104,0.104,-0.891,1.789,1.200,-0.106,0.0057,-1.593,nan,8.00,1,1,1,0,1,0.9995,0.700,1,0.277,2,0.802,3,0,yolo,120.9,yolo,1,1,0,0.000,0,-1,0
1785623948.620,11.816,-3.461,43.626,0.9770,0,-1.437,3.492,-15.500,0.2830,15.113,2.139,-3.013,1.000,8.055,13.254,1.2303,-0.9121,0.131,0.131,-0.912,1.809,1.200,0.031,0.0057,-1.595,nan,0.00,1,1,1,0,1,0.0000,0.619,0,0.244,1,0.798,0,0,yolo,120.9,yolo,1,1,0,0.000,0,-1,0
1785623948.651,11.887,-3.409,45.040,0.9768,0,-0.990,3.545,-14.000,0.2823,15.113,2.139,-3.013,1.000,8.055,12.877,1.2659,-0.9354,0.167,0.167,-0.935,1.828,1.200,0.136,0.0057,-1.605,nan,0.00,1,1,1,0,1,0.0000,0.619,0,0.244,1,0.798,0,0,yolo,120.9,yolo,1,1,0,0.000,0,-1,0
1785623948.697,11.918,-3.315,46.279,0.9768,0,0.510,3.539,-12.500,0.2990,15.402,0.823,-2.950,1.000,3.060,-14.000,8.0564,1.2959,0.209,-0.636,-0.959,1.847,1.200,0.224,0.0057,-1.821,nan,0.00,1,1,1,1,1,0.0000,0.419,0,0.149,1,0.799,0,0,yolo,134.6,yolo,1,1,0,0.000,0,-1,0
1785623948.729,11.784,-3.186,47.553,0.9774,0,2.010,3.505,-11.000,0.2872,15.402,0.823,-2.950,1.000,3.060,1.716,0.8968,-0.9940,0.261,0.261,-0.994,1.868,1.200,0.319,0.0057,-1.859,nan,0.00,1,1,1,0,1,0.0000,0.419,0,0.149,1,0.799,0,0,yolo,134.6,yolo,1,1,0,0.000,0,-1,0
1785623948.758,11.784,-3.186,47.553,0.9774,0,3.510,3.310,-9.500,0.2872,15.402,0.823,-2.950,1.000,3.060,1.716,0.8968,-0.9940,0.261,0.261,-0.994,1.868,1.200,0.124,0.0057,-1.859,nan,0.00,1,1,1,0,1,0.0000,0.239,0,0.223,0,0.800,0,0,yolo,134.6,yolo,1,1,0,0.000,0,-1,0
1785623948.790,11.619,-3.058,48.672,0.9781,0,5.010,3.302,-8.000,0.2864,15.402,0.823,-2.950,1.000,3.060,1.212,0.9445,-1.0324,0.308,0.308,-1.032,1.887,1.200,0.244,0.0057,-1.898,nan,0.00,1,1,1,0,1,0.0000,0.239,0,0.223,0,0.800,0,0,yolo,134.6,yolo,1,1,0,0.000,0,-1,0
1785623948.828,11.104,-2.891,49.414,0.9800,0,6.510,3.188,-6.500,0.2860,15.402,0.823,-2.950,1.000,3.060,0.576,1.0046,-1.0688,0.368,0.368,-1.069,1.903,1.200,0.298,0.0057,-1.956,nan,0.00,1,1,1,0,1,0.0000,0.592,0,0.217,1,0.805,0,0,yolo,134.6,yolo,1,1,0,0.000,0,-1,0
1785623948.856,10.444,-2.679,49.990,0.9824,0,8.010,3.008,-5.000,0.2848,15.402,0.823,-2.950,1.000,3.060,-0.133,1.0717,-1.1088,0.436,0.436,-1.109,1.918,1.200,0.329,0.0057,-2.029,nan,0.00,1,1,1,0,1,0.0000,0.592,0,0.217,1,0.805,0,0,yolo,134.6,yolo,1,1,0,0.000,0,-1,0
1785623948.889,9.705,-2.477,50.442,0.9848,0,9.510,2.806,-3.500,0.2826,15.402,0.823,-2.950,1.000,3.060,-0.800,1.1348,-1.1419,0.499,0.499,-1.142,1.930,1.200,0.329,0.0057,-2.100,nan,0.00,1,1,1,0,1,0.0000,0.592,0,0.217,1,0.805,1,0,yolo,134.6,yolo,1,1,0,0.000,0,-1,0
1785623948.922,9.705,-2.477,50.442,0.9848,0,10.505,2.655,-3.060,0.2826,15.402,0.823,-2.950,1.000,3.060,-0.800,1.1348,-1.1419,0.499,0.499,-1.142,1.930,1.200,0.178,0.0057,-2.100,nan,0.00,1,1,1,0,1,0.0000,0.465,0,0.206,0,0.779,1,0,yolo,134.6,yolo,1,1,0,0.000,0,-1,0
1785623948.967,7.714,-2.024,51.076,0.9903,0,9.943,2.334,-3.060,0.2784,15.402,0.823,-2.950,1.000,3.060,-2.229,1.2699,-1.1997,0.634,0.634,-1.200,1.948,1.200,0.310,0.0057,-2.267,nan,0.00,1,1,1,0,1,0.0000,0.459,0,0.199,0,0.789,0,0,yolo,134.6,yolo,1,1,0,0.000,0,-1,0
1785623949.008,6.797,-1.835,51.352,0.9925,0,9.596,2.092,-3.060,0.2718,15.402,0.823,-2.950,1.000,3.060,-2.799,1.3238,-1.2220,0.688,0.688,-1.222,1.954,1.200,0.257,0.0057,-2.337,nan,0.00,1,1,1,0,1,0.0000,0.459,0,0.199,0,0.789,0,0,yolo,134.6,yolo,1,1,0,0.000,0,-1,0
1785623949.040,5.960,-1.676,51.618,0.9942,0,11.096,1.881,-1.560,0.2714,10.273,-4.604,-0.723,1.000,-24.141,-14.000,-0.0000,-0.0000,0.732,0.732,-1.235,1.958,1.200,0.205,0.0058,-0.897,nan,0.00,1,1,1,1,1,0.0000,0.436,0,0.170,1,0.791,0,0,yolo,107.5,yolo,1,1,0,0.000,0,-1,0
1785623949.071,5.084,-1.507,51.894,0.9957,0,12.596,1.671,-0.060,0.2710,10.273,-4.604,-0.723,1.000,-24.141,-14.000,-0.0000,-0.0000,0.773,0.773,-1.241,1.962,1.200,0.164,0.0059,-0.858,nan,0.00,1,1,1,1,1,0.0000,0.436,0,0.170,1,0.791,0,0,yolo,107.5,yolo,1,1,0,0.000,0,-1,0
1785623949.102,5.069,-1.505,51.897,0.9957,0,14.096,1.591,1.440,0.2711,10.273,-4.604,-0.723,1.000,-24.141,-14.000,-0.0000,-0.0000,0.774,0.774,-1.241,1.962,1.200,0.087,0.0060,-0.857,nan,0.00,1,1,1,1,1,0.0000,0.268,0,0.162,2,0.813,0,0,yolo,107.5,yolo,1,1,0,0.000,0,-1,0
1785623949.133,3.764,-1.357,51.825,0.9976,0,15.596,1.353,2.940,0.2707,10.273,-4.604,-0.723,1.000,-24.141,-14.000,-0.0000,-0.0000,0.827,0.827,-1.236,1.959,1.200,-0.005,0.0060,-0.781,nan,0.00,1,1,1,1,1,0.0000,0.537,0,0.162,2,0.813,0,0,yolo,107.5,yolo,1,1,0,0.000,0,-1,0
1785623949.172,2.152,-1.199,51.505,0.9991,0,16.152,1.054,4.440,0.2540,10.141,-4.671,-0.697,1.000,-24.731,-14.000,1.0440,-1.2068,0.886,0.130,-1.227,1.951,1.200,-0.145,0.0061,-0.660,nan,0.00,1,1,1,1,1,0.0000,0.533,0,0.158,2,0.815,0,0,yolo,126.3,yolo,1,1,0,0.000,0,-1,0
1785623949.210,0.536,-1.081,51.098,0.9998,0,14.652,0.790,5.940,0.2374,10.141,-4.671,-0.697,1.000,-24.731,-14.000,0.8040,-1.2081,0.934,0.934,-1.208,1.939,1.200,-0.291,0.0062,-0.549,nan,0.00,1,1,1,0,1,0.0000,0.574,0,0.199,1,0.809,0,0,yolo,126.3,yolo,1,1,0,0.000,0,-1,0
1785623949.250,-0.910,-1.003,50.554,0.9997,0,13.152,0.548,7.440,0.2312,10.141,-4.671,-0.697,1.000,-24.731,-14.000,0.8409,-1.1654,0.971,0.971,-1.165,1.924,1.200,-0.455,0.0062,-0.445,nan,0.00,1,1,1,0,1,0.0000,0.574,0,0.199,1,0.809,1,0,yolo,126.3,yolo,1,1,0,0.000,0,-1,0
1785623949.284,-0.910,-1.003,50.554,0.9997,0,13.090,0.628,8.940,0.2312,10.141,-4.671,-0.697,1.000,-24.731,-14.000,0.8409,-1.1654,0.971,0.971,-1.165,1.924,1.200,-0.375,0.0063,-0.445,nan,0.00,1,1,1,0,1,0.0000,0.574,0,0.199,1,0.809,1,0,yolo,126.3,yolo,1,1,0,0.000,0,-1,0
1785623949.327,-2.158,-0.966,49.893,0.9991,0,11.842,0.404,10.440,0.2479,9.947,-4.753,-0.685,1.000,-25.000,-14.000,0.2799,-0.6422,0.998,0.407,-1.100,1.906,1.200,-0.562,0.0063,-0.338,nan,0.00,1,1,1,1,1,0.0000,0.692,0,0.202,2,0.807,2,0,yolo,157.6,yolo,1,1,0,0.000,0,-1,0
1785623949.367,-3.668,-0.939,48.920,0.9978,0,10.342,0.137,11.940,0.2324,9.947,-4.753,-0.685,1.000,-25.000,-14.000,0.6146,-0.9977,1.021,1.021,-0.998,1.880,1.200,-0.802,0.0063,-0.217,nan,0.00,1,1,1,0,1,0.0000,0.456,0,0.196,0,0.759,0,0,yolo,157.6,yolo,1,1,0,0.000,0,-1,0
1785623949.404,-4.940,-0.972,47.880,0.9961,0,9.060,-0.034,12.000,0.2343,9.947,-4.753,-0.685,1.000,-25.000,-14.000,0.6255,-0.8905,1.032,1.032,-0.890,1.854,1.200,-1.005,0.0063,-0.105,nan,0.00,1,1,1,0,1,0.0000,0.569,0,0.194,1,0.686,0,0,yolo,157.6,yolo,1,1,0,0.000,0,-1,0
1785623949.429,-5.958,-1.060,46.789,0.9944,0,8.042,-0.110,12.000,0.2363,9.947,-4.753,-0.685,1.000,-25.000,-14.000,0.6279,-0.7884,1.035,1.035,-0.788,1.827,1.200,-1.170,0.0063,-0.004,nan,0.00,1,1,1,0,1,0.0000,0.569,0,0.194,1,0.686,0,0,yolo,157.6,yolo,1,1,0,0.000,0,-1,0
1785623949.464,-6.835,-1.204,45.559,0.9927,0,7.165,-0.135,12.000,0.2377,9.921,-4.625,-0.674,1.000,-24.995,-14.000,-0.0070,-0.7040,1.025,0.356,-0.687,1.798,1.200,-1.338,0.0063,0.090,nan,0.00,1,1,1,1,1,0.0000,0.569,0,0.194,1,0.686,1,0,yolo,124.4,yolo,1,1,0,0.000,0,-1,0
1785623949.506,-7.644,-1.365,44.355,0.9908,0,6.356,-0.084,12.000,0.2400,9.921,-4.625,-0.674,1.000,-24.995,-14.000,0.6487,-0.6006,1.005,1.005,-0.601,1.771,1.200,-1.450,0.0063,0.184,nan,0.00,1,1,1,0,1,0.0000,0.419,0,0.149,1,0.630,0,0,yolo,124.4,yolo,1,1,0,0.000,0,-1,0
1785623949.538,-7.644,-1.365,44.355,0.9908,0,6.356,0.179,12.000,0.2399,9.921,-4.625,-0.674,1.000,-24.995,-14.000,0.6487,-0.6006,1.005,1.005,-0.601,1.771,1.200,-1.187,0.0063,0.184,nan,0.00,1,1,1,0,1,0.0000,0.419,0,0.149,1,0.630,0,0,yolo,124.4,yolo,1,1,0,0.000,0,-1,0
1785623949.577,-8.326,-1.531,43.199,0.9891,0,5.674,0.209,12.000,0.2566,9.891,-4.705,-0.844,1.000,-25.000,-14.000,0.0093,0.7324,0.978,0.530,-0.529,1.747,1.200,-1.322,0.0063,0.110,nan,0.00,1,1,1,1,1,0.0000,0.412,0,0.140,1,0.612,0,0,yolo,122.0,yolo,1,1,0,0.000,0,-1,0
1785623949.618,-9.019,-1.714,42.012,0.9872,0,4.981,0.300,12.000,0.2470,9.891,-4.705,-0.844,1.000,-25.000,-14.000,0.4147,-0.4533,0.945,0.945,-0.453,1.724,1.200,-1.414,0.0062,0.200,nan,0.00,1,1,1,0,1,0.0000,0.393,0,0.117,1,0.596,0,0,yolo,122.0,yolo,1,1,0,0.000,0,-1,0
1785623949.650,-9.544,-1.868,40.853,0.9856,0,4.456,0.414,12.000,0.2478,9.891,-4.705,-0.844,1.000,-25.000,-14.000,0.3770,-0.3970,0.907,0.907,-0.397,1.705,1.200,-1.454,0.0062,0.270,nan,0.00,1,1,1,0,1,0.0000,0.393,0,0.117,1,0.596,0,0,yolo,122.0,yolo,1,1,0,0.000,0,-1,0
1785623949.681,-9.988,-2.013,39.752,0.9842,0,4.012,0.554,12.000,0.2485,9.891,-4.705,-0.844,1.000,-25.000,-14.000,0.3372,-0.3479,0.868,0.868,-0.348,1.688,1.200,-1.458,0.0062,0.332,nan,0.00,1,1,1,0,1,0.0000,0.391,0,0.114,1,0.571,0,0,yolo,122.0,yolo,1,1,0,0.000,0,-1,0
1785623949.712,-9.988,-2.013,39.752,0.9842,0,4.012,0.758,12.000,0.2652,10.376,-4.765,-1.149,1.000,-24.666,-14.000,-0.4537,2.0000,0.868,0.546,-0.348,1.688,1.200,-1.255,0.0062,0.059,nan,0.00,1,1,1,1,1,0.0000,0.391,0,0.114,1,0.571,0,0,yolo,126.4,yolo,1,1,0,0.000,0,-1,0
1785623949.750,-10.413,-2.145,38.561,0.9828,0,3.587,0.824,12.000,0.2574,10.376,-4.765,-1.149,1.000,-24.666,-14.000,0.2745,-0.3029,0.821,0.821,-0.303,1.673,1.200,-1.321,0.0062,0.120,nan,0.00,1,1,1,0,1,0.0000,0.392,0,0.115,1,0.537,0,0,yolo,126.4,yolo,1,1,0,0.000,0,-1,0
1785623949.790,-10.761,-2.265,37.452,0.9816,0,3.239,0.925,12.000,0.2576,10.376,-4.765,-1.149,1.000,-24.666,-14.000,0.2274,-0.2688,0.774,0.774,-0.269,1.660,1.200,-1.341,0.0061,0.171,nan,0.00,1,1,1,0,1,0.0000,0.392,0,0.115,1,0.537,0,0,yolo,126.4,yolo,1,1,0,0.000,0,-1,0
1785623949.830,-11.085,-2.390,36.282,0.9805,0,2.915,1.043,12.000,0.2743,10.768,-4.589,-1.424,1.000,-23.084,-14.000,-2.2300,1.7758,0.721,0.265,-0.236,1.648,1.200,-1.347,0.0062,-0.066,nan,0.00,1,1,1,1,1,0.0000,0.540,0,0.165,1,0.515,0,0,yolo,132.0,yolo,1,1,0,0.000,0,-1,0
1785623949.868,-11.360,-2.503,35.158,0.9795,0,2.640,1.174,12.000,0.2667,10.768,-4.589,-1.424,1.000,-23.084,-14.000,0.4037,-0.2132,0.669,0.669,-0.213,1.639,1.200,-1.328,0.0062,-0.021,nan,0.00,1,1,1,0,1,0.0000,0.648,0,0.165,2,0.497,0,0,yolo,132.0,yolo,1,1,0,0.000,0,-1,0
1785623949.908,-11.360,-2.503,35.158,0.9795,0,2.640,1.302,12.000,0.2667,10.768,-4.589,-1.424,1.000,-23.084,-14.000,0.4037,-0.2132,0.669,0.669,-0.213,1.639,1.200,-1.201,0.0062,-0.021,nan,0.00,1,1,1,0,1,0.0000,0.650,0,0.167,2,0.482,0,0,yolo,132.0,yolo,1,1,0,0.000,0,-1,0
1785623949.944,-11.669,-2.639,33.704,0.9783,0,2.331,1.404,12.000,0.2663,10.768,-4.589,-1.424,1.000,-23.084,-14.000,0.3331,-0.1947,0.599,0.599,-0.195,1.630,1.200,-1.235,0.0062,0.030,nan,0.00,1,1,1,0,1,0.0000,0.650,0,0.167,2,0.482,0,0,yolo,132.0,yolo,1,1,0,0.000,0,-1,0
1785623949.978,-11.919,-2.746,32.307,0.9773,0,2.081,1.521,12.000,0.2829,11.320,-4.327,-1.721,1.000,-20.917,-14.000,-3.2101,2.0000,0.529,-0.068,-0.182,1.623,1.200,-1.225,0.0062,-0.247,nan,0.00,1,1,1,1,1,0.0000,0.499,0,0.124,2,0.475,0,0,yolo,139.2,yolo,1,1,0,0.000,0,-1,0
1785623950.014,-11.919,-2.746,32.307,0.9773,0,2.081,1.606,12.000,0.2757,11.320,-4.327,-1.721,1.000,-20.917,-14.000,0.5964,-0.1823,0.529,0.529,-0.182,1.623,1.200,-1.140,0.0062,-0.247,nan,0.00,1,1,1,0,1,0.0000,0.499,0,0.124,2,0.476,0,0,yolo,139.2,yolo,1,1,0,0.000,0,-1,0
1785623950.055,-12.304,-2.920,29.794,0.9758,0,1.696,1.780,12.000,0.2738,11.320,-4.327,-1.721,1.000,-20.917,-14.000,0.4671,-0.1897,0.399,0.399,-0.190,1.619,1.200,-1.140,0.0062,-0.182,nan,0.00,1,1,1,0,1,0.0000,0.499,0,0.124,2,0.476,0,0,yolo,139.2,yolo,1,1,0,0.000,0,-1,0
1785623950.088,-12.304,-2.920,29.794,0.9758,0,1.696,1.836,12.000,0.2905,11.712,-3.924,-1.945,1.000,-18.522,-14.000,-3.6728,2.0000,0.399,0.326,-0.190,1.619,1.200,-1.084,0.0063,-0.467,nan,0.00,1,1,1,1,1,0.0000,0.506,0,0.131,2,0.494,0,0,yolo,131.3,yolo,1,1,0,0.000,0,-1,0
1785623950.123,-12.475,-2.994,28.278,0.9751,0,1.525,1.966,12.000,0.2810,11.712,-3.924,-1.945,1.000,-18.522,-14.000,-0.0060,-0.2101,0.320,0.320,-0.210,1.620,1.200,-1.028,0.0063,-0.439,nan,0.00,1,1,1,0,1,0.0000,0.506,0,0.131,2,0.494,0,0,yolo,131.3,yolo,1,1,0,0.000,0,-1,0
1785623950.149,-12.475,-2.994,28.278,0.9751,0,1.525,1.989,12.000,0.2811,11.712,-3.924,-1.945,1.000,-18.522,-14.000,-0.0060,-0.2101,0.320,0.320,-0.210,1.620,1.200,-1.004,0.0064,-0.439,nan,0.00,1,1,1,0,1,0.0000,0.506,0,0.131,2,0.494,0,0,yolo,131.3,yolo,1,1,0,0.000,0,-1,0
1785623950.179,-12.599,-3.048,26.950,0.9745,0,1.401,2.104,12.000,0.2790,11.712,-3.924,-1.945,1.000,-18.522,-14.000,-0.0760,-0.2454,0.250,0.250,-0.245,1.624,1.200,-0.944,0.0064,-0.418,nan,0.00,1,1,1,0,1,0.0000,0.507,0,0.132,2,0.495,0,0,yolo,131.3,yolo,1,1,0,0.000,0,-1,0
1785623950.210,-12.708,-3.089,25.593,0.9741,0,1.292,2.219,12.000,0.2771,11.712,-3.924,-1.945,1.000,-18.522,-14.000,-0.1478,-0.2796,0.178,0.178,-0.280,1.629,1.200,-0.870,0.0064,-0.402,nan,0.00,1,1,1,0,1,0.0000,0.510,0,0.135,2,0.499,0,0,yolo,131.3,yolo,1,1,0,0.000,0,-1,0
1785623950.248,-12.708,-3.089,25.593,0.9741,0,1.292,2.201,12.000,0.2771,11.712,-3.924,-1.945,1.000,-18.522,-14.000,-0.1478,-0.2796,0.178,0.178,-0.280,1.629,1.200,-0.887,0.0065,-0.402,nan,0.00,1,1,1,0,1,0.0000,0.512,0,0.137,2,0.505,0,0,yolo,131.3,yolo,1,1,0,0.000,0,-1,0
1785623950.289,-12.803,-3.122,24.197,0.9737,0,1.197,2.060,12.000,0.2938,11.791,-3.381,-2.056,1.000,-15.998,-14.000,-3.1160,1.2574,0.104,0.426,-0.312,1.637,1.307,-1.062,0.0065,-0.611,nan,0.00,1,1,1,1,1,0.0000,0.512,0,0.137,2,0.505,0,0,yolo,164.6,yolo,1,1,0,0.000,0,-1,0
1785623950.320,-12.883,-3.174,22.847,0.9733,0,1.117,2.200,12.000,0.2804,11.791,-3.381,-2.056,1.000,-15.998,-14.000,-0.3944,-0.3463,0.032,0.032,-0.346,1.646,1.309,-0.974,0.0066,-0.595,nan,0.00,1,1,1,0,1,0.0000,0.519,0,0.144,2,0.509,0,0,yolo,164.6,yolo,1,1,0,0.000,0,-1,0
1785623950.346,-12.883,-3.174,22.847,0.9733,0,1.117,2.145,12.000,0.2804,11.791,-3.381,-2.056,1.000,-15.998,-14.000,-0.3944,-0.3463,0.032,0.032,-0.346,1.646,1.309,-1.029,0.0067,-0.595,nan,0.00,1,1,1,0,1,0.0000,0.519,0,0.144,2,0.509,0,0,yolo,164.6,yolo,1,1,0,0.000,0,-1,0
1785623950.390,-12.949,-3.214,21.527,0.9730,0,1.051,2.021,12.000,0.2971,11.361,-2.742,-1.953,1.000,-13.570,-14.000,-3.6105,0.4067,-0.038,0.280,-0.374,1.658,1.422,-1.193,0.0067,-0.650,nan,0.00,1,1,1,1,1,0.0000,0.519,0,0.144,2,0.509,3,0,yolo,124.7,yolo,1,1,0,0.000,0,-1,0
1785623950.428,-13.009,-3.274,20.137,0.9727,0,0.991,2.195,12.000,0.2804,11.361,-2.742,-1.953,1.000,-13.570,-14.000,-0.3924,-0.4104,-0.113,-0.113,-0.410,1.673,1.427,-1.079,0.0068,-0.634,nan,0.00,1,1,1,0,1,0.0000,0.675,0,0.188,2,0.533,0,0,yolo,124.7,yolo,1,1,0,0.000,0,-1,0
1785623950.462,-13.056,-3.310,18.793,0.9725,0,0.944,2.347,12.000,0.2772,11.361,-2.742,-1.953,1.000,-13.570,-14.000,-0.4636,-0.4439,-0.184,-0.184,-0.444,1.689,1.431,-0.963,0.0069,-0.625,nan,0.00,1,1,1,0,1,0.0000,0.675,0,0.188,2,0.533,2,0,yolo,124.7,yolo,1,1,0,0.000,0,-1,0
1785623950.490,-13.056,-3.310,18.793,0.9725,0,0.944,2.229,12.000,0.2773,11.361,-2.742,-1.953,1.000,-13.570,-14.000,-0.4636,-0.4439,-0.184,-0.184,-0.444,1.689,1.431,-1.081,0.0069,-0.625,nan,0.00,1,1,1,0,1,0.0000,0.680,0,0.191,2,0.546,0,0,yolo,124.7,yolo,1,1,0,0.000,0,-1,0
1785623950.520,-13.097,-3.346,17.425,0.9723,0,-0.556,2.251,10.500,0.2940,11.496,-2.106,-1.974,1.000,-10.380,14.000,-9.6028,2.0000,-0.256,-0.548,-0.474,1.708,1.504,-1.095,0.0070,-0.772,nan,0.00,1,1,1,1,1,0.0000,0.680,0,0.191,2,0.546,0,0,yolo,121.0,yolo,1,1,0,0.000,0,-1,0
1785623950.553,-13.097,-3.346,17.425,0.9723,0,0.903,2.133,10.380,0.2806,11.496,-2.106,-1.974,1.000,-10.380,-14.000,0.2921,-0.4743,-0.256,-0.256,-0.474,1.708,1.504,-1.214,0.0071,-0.772,nan,0.00,1,1,1,0,1,0.0000,0.686,0,0.196,2,0.577,0,0,yolo,121.0,yolo,1,1,0,0.000,0,-1,0
1785623950.585,-12.942,-3.333,16.232,0.9729,0,1.058,2.317,10.380,0.2794,11.496,-2.106,-1.974,1.000,-10.380,-14.000,0.2129,-0.5054,-0.335,-0.335,-0.505,1.728,1.498,-1.016,0.0071,-0.781,nan,0.00,1,1,1,0,1,0.0000,0.686,0,0.196,2,0.577,0,0,yolo,121.0,yolo,1,1,0,0.000,0,-1,0
1785623950.624,-13.042,-3.308,15.032,0.9726,0,-0.442,2.424,8.880,0.2961,11.470,-1.595,-1.954,1.000,-7.916,1.731,-3.6989,0.7378,-0.413,-0.411,-0.534,1.749,1.511,-0.885,0.0072,-0.879,nan,0.00,1,1,1,1,1,0.0000,0.397,0,0.192,3,0.606,0,0,yolo,115.5,yolo,1,1,0,0.000,0,-1,0
1785623950.664,-12.902,-3.232,13.987,0.9732,0,1.058,2.523,7.916,0.2806,11.470,-1.595,-1.954,1.000,-7.916,-14.000,-0.0864,-0.5617,-0.497,-0.497,-0.562,1.771,1.494,-0.709,0.0073,-0.900,nan,0.00,1,1,1,0,1,0.0000,0.397,0,0.192,3,0.606,0,0,yolo,115.5,yolo,1,1,0,0.000,0,-1,0
1785623950.704,-12.902,-3.232,13.987,0.9732,0,1.098,2.343,7.916,0.2806,11.470,-1.595,-1.954,1.000,-7.916,-14.000,-0.0864,-0.5617,-0.497,-0.497,-0.562,1.771,1.494,-0.889,0.0074,-0.900,nan,0.00,1,1,1,0,1,0.0000,0.600,0,0.250,1,0.644,0,0,yolo,115.5,yolo,1,1,0,0.000,0,-1,0
1785623950.743,-13.003,-3.129,13.172,0.9729,0,-0.402,2.354,6.416,0.2973,11.292,-1.015,-1.845,1.000,-5.135,12.221,-4.1111,0.3832,-0.572,-0.595,-0.586,1.790,1.499,-0.775,0.0075,-0.951,nan,0.00,1,1,1,1,1,0.0000,0.600,0,0.250,1,0.644,0,0,yolo,128.8,yolo,1,1,0,0.000,0,-1,0
1785623950.787,-12.908,-3.023,12.519,0.9734,0,-1.902,2.381,5.135,0.2806,11.292,-1.015,-1.845,1.000,-5.135,-7.646,-0.0547,-0.6219,-0.650,-0.650,-0.622,1.807,1.476,-0.642,0.0076,-0.974,nan,0.00,1,1,1,0,1,0.0000,0.683,0,0.194,2,0.674,0,0,yolo,128.8,yolo,1,1,0,0.000,0,-1,0
1785623950.818,-12.606,-2.831,11.868,0.9747,0,-3.402,2.394,5.135,0.2797,11.292,-1.015,-1.845,1.000,-5.135,-6.303,-0.1614,-0.6575,-0.756,-0.756,-0.658,1.826,1.430,-0.436,0.0076,-1.020,nan,0.00,1,1,1,0,1,0.0000,0.683,0,0.194,2,0.674,0,0,yolo,128.8,yolo,1,1,0,0.000,0,-1,0
1785623950.859,-12.606,-2.831,11.868,0.9747,0,-4.902,2.222,5.135,0.2797,11.292,-1.015,-1.845,1.000,-5.135,-6.303,-0.1614,-0.6575,-0.756,-0.756,-0.658,1.826,1.430,-0.609,0.0076,-1.020,nan,0.00,1,1,1,0,1,0.0000,0.683,0,0.194,2,0.674,2,0,yolo,128.8,yolo,1,1,0,0.000,0,-1,0
1785623950.898,-12.134,-2.656,11.227,0.9766,0,-6.402,2.242,3.635,0.2963,11.147,-0.460,-1.706,1.000,-2.365,14.000,-4.0416,0.2467,-0.852,-0.952,-0.690,1.843,1.398,-0.414,0.0076,-1.052,nan,0.00,1,1,1,1,1,0.0000,0.700,0,0.208,2,0.683,0,0,yolo,142.3,yolo,1,1,0,0.000,0,-1,0
1785623950.930,-11.231,-2.449,10.757,0.9800,0,-7.902,2.214,2.365,0.2797,11.147,-0.460,-1.706,1.000,-2.365,1.475,-0.0042,-0.7259,-0.956,-0.956,-0.726,1.857,1.345,-0.235,0.0076,-1.105,nan,0.00,1,1,1,0,1,0.0000,0.700,0,0.208,2,0.683,0,0,yolo,142.3,yolo,1,1,0,0.000,0,-1,0
1785623950.970,-11.231,-2.449,10.757,0.9800,0,-9.402,2.069,2.365,0.2777,11.147,-0.460,-1.706,1.000,-2.365,1.475,-0.0042,-0.7259,-0.956,-0.956,-0.726,1.857,1.345,-0.380,0.0076,-1.105,nan,0.00,1,1,1,0,1,0.0000,0.364,0,0.232,2,0.718,0,0,yolo,142.3,yolo,1,1,0,0.000,0,-1,0
1785623951.007,-10.090,-2.183,10.440,0.9838,0,-10.902,2.004,2.365,0.2769,11.147,-0.460,-1.706,1.000,-2.365,2.855,-0.1128,-0.7645,-1.064,-1.064,-0.764,1.867,1.277,-0.179,0.0076,-1.173,nan,0.00,1,1,1,0,1,0.0000,0.364,0,0.232,2,0.718,0,0,yolo,142.3,yolo,1,1,0,0.000,0,-1,0
1785623951.044,-8.613,-1.968,10.119,0.9881,0,-12.402,1.722,0.865,0.2935,10.780,0.087,-1.521,1.000,0.464,14.000,-3.1932,-0.1625,-1.155,-1.302,-0.787,1.875,1.304,-0.246,0.0076,-1.146,nan,0.00,1,1,1,1,1,0.0000,0.729,0,0.232,2,0.718,2,0,yolo,151.6,yolo,1,1,0,0.000,0,-1,0
1785623951.094,-8.613,-1.968,10.119,0.9881,0,-13.902,1.624,-0.464,0.2769,10.780,0.087,-1.521,1.000,0.464,9.613,0.1474,-0.7874,-1.155,-1.155,-0.787,1.875,1.304,-0.344,0.0076,-1.146,nan,0.00,1,1,1,0,1,0.0000,0.355,0,0.217,2,0.733,0,0,yolo,151.6,yolo,1,1,0,0.000,0,-1,0
1785623951.140,-6.930,-1.754,9.999,0.9922,0,-15.402,1.472,-0.464,0.2724,10.780,0.087,-1.521,1.000,0.464,10.700,0.0633,-0.8234,-1.239,-1.239,-0.823,1.877,1.260,-0.282,0.0076,-1.190,nan,0.00,1,1,1,0,1,0.0000,0.584,0,0.209,1,0.752,0,0,yolo,151.6,yolo,1,1,0,0.000,0,-1,0
1785623951.179,-5.049,-1.526,10.065,0.9958,0,-16.700,1.244,-0.464,0.2712,10.780,0.087,-1.521,1.000,0.464,11.651,-0.0103,-0.8587,-1.313,-1.313,-0.859,1.872,1.215,-0.282,0.0076,-1.235,nan,0.00,1,1,1,0,1,0.0000,0.584,0,0.209,1,0.752,0,0,yolo,151.6,yolo,1,1,0,0.000,0,-1,0
1785623951.216,-2.925,-1.368,10.110,0.9984,0,-16.925,0.616,-1.964,0.2647,10.301,0.538,-1.308,1.000,2.990,14.000,-2.7255,-0.8872,-1.366,-1.595,-0.874,1.866,1.363,-0.752,0.0076,-1.087,nan,0.00,1,1,1,1,1,0.0000,0.421,0,0.151,1,0.771,0,0,yolo,149.4,yolo,1,1,0,0.000,0,-1,0
1785623951.249,-0.765,-1.292,10.333,0.9997,0,-15.425,0.368,-2.990,0.2647,10.301,0.538,-1.308,1.000,2.990,14.000,0.1905,-0.8780,-1.404,-1.404,-0.878,1.854,1.368,-0.923,0.0076,-1.082,nan,0.00,1,1,1,0,1,0.0000,0.421,0,0.151,1,0.771,1,0,yolo,149.4,yolo,1,1,0,0.000,0,-1,0
1785623951.274,-0.765,-1.292,10.333,0.9997,0,-14.765,0.410,-2.990,0.2647,10.301,0.538,-1.308,1.000,2.990,14.000,0.1905,-0.8780,-1.404,-1.404,-0.878,1.854,1.368,-0.882,0.0076,-1.082,nan,0.00,1,1,1,0,1,0.0000,0.417,0,0.146,1,0.764,0,0,yolo,149.4,yolo,1,1,0,0.000,0,-1,0
1785623951.307,1.324,-1.230,10.758,0.9995,0,-13.265,0.107,-2.990,0.2645,10.301,0.538,-1.308,1.000,2.990,14.000,0.1723,-0.8764,-1.422,-1.422,-0.876,1.836,1.377,-1.123,0.0076,-1.073,nan,0.00,1,1,1,0,1,0.0000,0.417,0,0.146,1,0.764,2,0,yolo,149.4,yolo,1,1,0,0.000,0,-1,0
1785623951.336,1.324,-1.230,10.758,0.9995,0,-12.676,-0.309,-4.490,0.2478,9.935,0.890,-1.109,1.000,5.121,14.000,-3.6946,-1.9875,-1.422,-1.850,-0.876,1.836,1.575,-1.539,0.0077,-0.875,nan,0.00,1,1,1,1,1,0.0000,0.513,0,0.138,2,0.770,0,0,yolo,133.5,yolo,1,1,0,0.000,0,-1,0
1785623951.365,3.189,-1.189,11.139,0.9982,0,-11.176,-0.575,-5.121,0.2592,9.935,0.890,-1.109,1.000,5.121,14.000,0.4271,-0.8564,-1.423,-1.423,-0.856,1.819,1.599,-1.764,0.0078,-0.851,nan,0.00,1,1,1,0,1,0.0000,0.510,0,0.135,2,0.771,0,0,yolo,133.5,yolo,1,1,0,0.000,0,-1,0
1785623951.398,3.189,-1.189,11.139,0.9982,0,-10.811,-0.480,-5.121,0.2593,9.935,0.890,-1.109,1.000,5.121,14.000,0.4271,-0.8564,-1.423,-1.423,-0.856,1.819,1.599,-1.670,0.0079,-0.851,nan,0.00,1,1,1,0,1,0.0000,0.408,0,0.135,1,0.781,0,0,yolo,133.5,yolo,1,1,0,0.000,0,-1,0
1785623951.429,4.557,-1.292,11.717,0.9966,0,-9.443,-0.704,-5.121,0.2605,9.935,0.890,-1.109,1.000,5.121,14.000,0.4382,-0.8149,-1.412,-1.412,-0.815,1.797,1.639,-1.996,0.0079,-0.811,nan,0.00,1,1,1,0,1,0.0000,0.408,0,0.135,1,0.781,0,0,yolo,133.5,yolo,1,1,0,0.000,0,-1,0
1785623951.467,5.566,-1.404,12.202,0.9950,0,-8.434,-1.096,-6.621,0.2438,9.585,1.149,-0.941,1.000,6.835,14.000,-1.7208,-1.3251,-1.391,-1.700,-0.782,1.779,1.814,-2.500,0.0080,-0.590,nan,0.00,1,1,1,1,1,0.0000,0.408,0,0.135,1,0.781,2,0,yolo,123.3,yolo,1,1,0,0.000,0,-1,0
1785623951.507,6.758,-1.549,12.775,0.9927,0,-7.242,-0.951,-6.835,0.2568,9.585,1.149,-0.941,1.000,6.835,14.000,0.3419,-0.7415,-1.358,-1.358,-0.741,1.760,1.861,-2.500,0.0081,-0.540,nan,0.00,1,1,1,0,1,0.0000,0.410,0,0.137,1,0.800,0,0,yolo,123.3,yolo,1,1,0,0.000,0,-1,0
1785623951.545,6.758,-1.549,12.775,0.9927,0,-7.242,-0.951,-6.835,0.2568,9.585,1.149,-0.941,1.000,6.835,14.000,0.3419,-0.7415,-1.358,-1.358,-0.741,1.760,1.861,-2.500,0.0081,-0.540,nan,0.00,1,1,1,0,1,0.0000,0.410,0,0.137,1,0.800,1,0,yolo,123.3,yolo,1,1,0,0.000,0,-1,0
1785623951.586,7.766,-1.774,13.538,0.9904,0,-6.234,-0.726,-8.142,0.2401,9.161,1.311,-0.778,1.000,8.142,14.000,-2.0896,-2.0000,-1.320,-1.581,-0.692,1.739,1.972,-2.500,0.0081,-0.310,nan,0.00,1,1,1,1,1,0.0000,0.509,0,0.134,2,0.833,0,0,yolo,137.8,yolo,1,1,0,0.000,0,-1,0
1785623951.617,8.525,-1.985,14.425,0.9884,0,-5.475,-0.515,-8.142,0.2547,9.161,1.311,-0.778,1.000,8.142,14.000,0.3035,-0.6247,-1.277,-1.277,-0.625,1.717,2.015,-2.500,0.0082,-0.257,nan,0.00,1,1,1,0,1,0.0000,0.509,0,0.134,2,0.833,0,0,yolo,137.8,yolo,1,1,0,0.000,0,-1,0
1785623951.657,8.525,-1.985,14.425,0.9884,0,-5.475,-0.515,-8.142,0.2548,9.161,1.311,-0.778,1.000,8.142,14.000,0.3035,-0.6247,-1.277,-1.277,-0.625,1.717,2.015,-2.500,0.0082,-0.257,nan,0.00,1,1,1,0,1,0.0000,0.515,0,0.140,2,0.847,0,0,yolo,137.8,yolo,1,1,0,0.000,0,-1,0
1785623951.696,9.225,-2.193,15.366,0.9863,0,-4.775,-0.307,-8.142,0.2572,9.161,1.311,-0.778,1.000,8.142,14.000,0.3572,-0.5495,-1.224,-1.224,-0.549,1.698,2.021,-2.500,0.0082,-0.207,nan,0.00,1,1,1,0,1,0.0000,0.515,0,0.140,2,0.847,0,0,yolo,137.8,yolo,1,1,0,0.000,0,-1,0
1785623951.732,9.882,-2.399,16.299,0.9843,0,-4.118,-0.101,-8.500,0.2484,8.664,1.295,-0.669,1.000,8.500,14.000,-0.2707,-0.6656,-1.162,-1.199,-0.486,1.682,1.992,-2.500,0.0082,-0.074,nan,0.00,1,1,1,1,1,0.0000,0.529,0,0.154,2,0.860,0,0,yolo,131.8,yolo,1,1,0,0.000,0,-1,0
1785623951.774,10.353,-2.570,17.194,0.9827,0,-3.647,0.070,-8.500,0.2584,8.664,1.295,-0.669,1.000,8.500,14.000,0.0968,-0.4316,-1.102,-1.102,-0.432,1.669,1.992,-2.500,0.0082,-0.037,nan,0.00,1,1,1,0,1,0.0000,0.529,0,0.154,2,0.860,0,0,yolo,131.8,yolo,1,1,0,0.000,0,-1,0
1785623951.805,10.353,-2.570,17.194,0.9827,0,-3.647,0.070,-8.500,0.2584,8.664,1.295,-0.669,1.000,8.500,14.000,0.0968,-0.4316,-1.102,-1.102,-0.432,1.669,1.992,-2.500,0.0082,-0.037,nan,0.00,1,1,1,0,1,0.0000,0.527,0,0.152,2,0.850,0,0,yolo,131.8,yolo,1,1,0,0.000,0,-1,0
1785623951.837,10.784,-2.735,18.132,0.9812,0,-3.216,0.235,-8.500,0.2596,8.664,1.295,-0.669,1.000,8.500,14.000,0.1635,-0.3889,-1.035,-1.035,-0.389,1.658,1.992,-2.500,0.0082,-0.001,nan,0.00,1,1,1,0,1,0.0000,0.527,0,0.152,2,0.850,0,0,yolo,131.8,yolo,1,1,0,0.000,0,-1,0
1785623951.868,11.190,-2.897,19.017,0.9797,0,-2.810,0.397,-8.606,0.2581,8.312,1.258,-0.637,1.000,8.606,14.000,-0.1528,-0.4045,-0.971,-0.857,-0.351,1.650,1.983,-2.500,0.0082,0.039,nan,0.00,1,1,1,1,1,0.0000,0.535,0,0.160,2,0.887,0,0,yolo,138.8,yolo,1,1,0,0.000,0,-1,0
1785623951.894,11.190,-2.897,19.017,0.9797,0,-2.810,0.397,-8.606,0.2605,8.312,1.258,-0.637,1.000,8.606,14.000,-0.1142,-0.3512,-0.971,-0.971,-0.351,1.650,1.983,-2.500,0.0082,0.039,nan,0.00,1,1,1,0,1,0.0000,0.535,0,0.160,2,0.887,0,0,yolo,138.8,yolo,1,1,0,0.000,0,-1,0
1785623951.939,11.544,-3.050,19.980,0.9784,0,-2.456,0.550,-8.606,0.2616,8.312,1.258,-0.637,1.000,8.606,14.000,-0.0413,-0.3148,-0.898,-0.898,-0.315,1.643,1.983,-2.500,0.0082,0.070,nan,0.00,1,1,1,0,1,0.0000,0.626,0,0.147,3,0.884,0,0,yolo,138.8,yolo,1,1,0,0.000,0,-1,0
1785623951.977,11.796,-3.170,20.870,0.9774,0,-2.204,0.670,-8.606,0.2622,8.312,1.258,-0.637,1.000,8.606,14.000,0.0266,-0.2921,-0.830,-0.830,-0.292,1.639,1.983,-2.500,0.0082,0.093,nan,0.00,1,1,1,0,1,0.0000,0.626,0,0.147,3,0.884,0,0,yolo,138.8,yolo,1,1,0,0.000,0,-1,0
1785623952.013,12.054,-3.300,21.914,0.9763,0,-1.946,0.800,-8.246,0.2739,8.018,1.162,-0.620,1.000,8.246,14.000,0.3771,-0.0398,-0.746,-0.525,-0.267,1.637,2.013,-2.500,0.0082,0.099,nan,0.00,1,1,1,1,1,0.0000,0.519,0,0.144,2,0.876,0,0,yolo,128.6,yolo,1,1,0,0.000,0,-1,0
1785623952.055,12.054,-3.300,21.914,0.9763,0,-1.946,0.800,-8.246,0.2634,8.018,1.162,-0.620,1.000,8.246,14.000,-0.2205,-0.2675,-0.746,-0.746,-0.267,1.637,2.013,-2.500,0.0082,0.099,nan,0.00,1,1,1,0,1,0.0000,0.519,0,0.144,2,0.876,0,0,yolo,128.6,yolo,1,1,0,0.000,0,-1,0
1785623952.087,12.257,-3.396,22.831,0.9755,0,-1.743,0.896,-8.246,0.2638,8.018,1.162,-0.620,1.000,8.246,14.000,-0.1398,-0.2511,-0.665,-0.665,-0.251,1.638,2.013,-2.500,0.0082,0.117,nan,0.00,1,1,1,0,1,0.0000,0.414,0,0.142,1,0.841,0,0,yolo,128.6,yolo,1,1,0,0.000,0,-1,0
1785623952.141,12.442,-3.488,23.702,0.9747,0,-1.558,0.988,-7.583,0.2793,7.760,1.033,-0.602,1.000,7.583,14.000,0.6740,0.0729,-0.586,-0.267,-0.240,1.641,2.068,-2.500,0.0082,0.107,nan,0.00,1,1,1,1,1,0.0000,0.414,0,0.142,1,0.841,0,0,yolo,116.8,yolo,1,1,0,0.000,0,-1,0
1785623952.176,12.589,-3.548,24.509,0.9741,0,-1.411,1.048,-7.583,0.2647,7.760,1.033,-0.602,1.000,7.583,14.000,-0.2389,-0.2383,-0.506,-0.506,-0.238,1.646,2.068,-2.500,0.0082,0.118,nan,0.00,1,1,1,0,1,0.0000,0.416,0,0.145,1,0.827,0,0,yolo,116.8,yolo,1,1,0,0.000,0,-1,0
1785623952.202,12.589,-3.548,24.509,0.9741,0,-1.411,1.048,-7.583,0.2647,7.760,1.033,-0.602,1.000,7.583,14.000,-0.2389,-0.2383,-0.506,-0.506,-0.238,1.646,2.068,-2.500,0.0081,0.118,nan,0.00,1,1,1,0,1,0.0000,0.416,0,0.145,1,0.827,0,0,yolo,116.8,yolo,1,1,0,0.000,0,-1,0
1785623952.227,12.722,-3.607,25.360,0.9735,0,-1.278,1.107,-7.583,0.2647,7.760,1.033,-0.602,1.000,7.583,14.000,-0.1522,-0.2344,-0.419,-0.419,-0.234,1.653,2.068,-2.500,0.0081,0.129,nan,0.00,1,1,1,0,1,0.0000,0.416,0,0.145,1,0.827,0,0,yolo,116.8,yolo,1,1,0,0.000,0,-1,0
1785623952.259,12.722,-3.607,25.360,0.9735,0,-1.278,1.107,-7.583,0.2647,7.760,1.033,-0.602,1.000,7.583,14.000,-0.1522,-0.2344,-0.419,-0.419,-0.234,1.653,2.068,-2.500,0.0081,0.129,nan,0.00,1,1,1,0,1,0.0000,0.418,0,0.147,1,0.821,0,0,yolo,116.8,yolo,1,1,0,0.000,0,-1,0
1785623952.290,12.830,-3.660,26.179,0.9730,0,-1.170,1.160,-7.583,0.2650,7.760,1.033,-0.602,1.000,7.583,14.000,-0.0702,-0.2246,-0.337,-0.337,-0.225,1.661,2.068,-2.500,0.0081,0.138,nan,0.00,1,1,1,0,1,0.0000,0.422,0,0.152,1,0.836,0,0,yolo,116.8,yolo,1,1,0,0.000,0,-1,0
1785623952.333,12.926,-3.709,27.013,0.9726,0,0.330,1.209,-6.083,0.2809,6.599,0.110,-0.503,1.000,0.953,5.664,-0.0000,-0.0000,-0.252,-0.252,-0.211,1.670,2.200,-2.500,0.0081,-0.038,nan,0.00,1,1,1,1,1,0.0000,0.422,0,0.152,1,0.836,3,0,yolo,204.4,yolo,1,1,0,0.000,0,-1,0
1785623952.368,12.828,-3.711,27.712,0.9730,0,1.830,1.211,-4.583,0.2714,6.599,0.110,-0.503,1.000,0.953,3.953,0.0950,-0.2038,-0.157,-0.157,-0.204,1.682,2.200,-2.500,0.0081,-0.038,nan,0.00,1,1,1,0,1,0.0000,0.426,0,0.157,1,0.823,0,0,yolo,204.4,yolo,1,1,0,0.000,0,-1,0
1785623952.400,12.828,-3.711,27.712,0.9730,0,3.330,1.211,-3.083,0.2714,6.599,0.110,-0.503,1.000,0.953,3.953,0.0950,-0.2038,-0.157,-0.157,-0.204,1.682,2.200,-2.500,0.0081,-0.038,nan,0.00,1,1,1,0,1,0.0000,0.426,0,0.157,1,0.823,0,0,yolo,204.4,yolo,1,1,0,0.000,0,-1,0
1785623952.432,12.372,-3.632,28.036,0.9748,0,4.830,1.132,-1.583,0.2716,6.599,0.110,-0.503,1.000,0.953,2.142,0.1955,-0.1965,-0.057,-0.057,-0.196,1.695,2.200,-2.500,0.0081,-0.049,nan,0.00,1,1,1,0,1,0.0000,0.530,0,0.155,2,0.769,0,0,yolo,204.4,yolo,1,1,0,0.000,0,-1,0
1785623952.461,11.770,-3.524,28.198,0.9771,0,6.330,1.024,-0.953,0.2714,6.599,0.110,-0.503,1.000,0.953,0.329,0.2961,-0.1962,0.044,0.044,-0.196,1.707,2.200,-2.500,0.0081,-0.064,nan,0.00,1,1,1,0,1,0.0000,0.530,0,0.155,2,0.769,0,0,yolo,204.4,yolo,1,1,0,0.000,0,-1,0
1785623952.492,11.770,-3.524,28.198,0.9771,0,7.830,1.024,-0.953,0.2714,6.599,0.110,-0.503,1.000,0.953,0.329,0.2961,-0.1962,0.044,0.044,-0.196,1.707,2.200,-2.500,0.0081,-0.064,nan,0.00,1,1,1,0,1,0.0000,0.530,0,0.155,2,0.769,0,0,yolo,204.4,yolo,1,1,0,0.000,0,-1,0
1785623952.532,10.734,-3.416,28.326,0.9808,0,9.330,0.916,-0.916,0.2804,6.438,0.103,-0.479,1.000,0.916,0.225,0.0248,0.0195,0.141,0.145,-0.204,1.719,2.200,-2.500,0.0081,-0.067,nan,0.00,1,1,1,1,1,0.0000,0.530,0,0.155,2,0.769,2,0,yolo,215.4,yolo,1,1,0,0.000,0,-1,0
1785623952.575,9.457,-3.311,28.456,0.9848,0,10.677,0.811,-0.916,0.2686,6.438,0.103,-0.479,1.000,0.916,-1.220,0.0855,-0.2251,0.231,0.231,-0.225,1.731,2.200,-2.500,0.0081,-0.083,nan,0.00,1,1,1,0,1,0.0000,0.212,0,0.155,1,0.752,2,0,yolo,215.4,yolo,1,1,0,0.000,0,-1,0
1785623952.613,9.457,-3.311,28.456,0.9848,0,10.677,0.811,-0.916,0.2686,6.438,0.103,-0.479,1.000,0.916,-1.220,0.0855,-0.2251,0.231,0.231,-0.225,1.731,2.200,-2.500,0.0082,-0.083,nan,0.00,1,1,1,0,1,0.0000,0.425,0,0.157,1,0.730,1,0,yolo,215.4,yolo,1,1,0,0.000,0,-1,0
1785623952.655,8.275,-3.236,28.561,0.9880,0,10.665,0.736,-0.916,0.2676,6.438,0.103,-0.479,1.000,0.916,-2.389,0.1492,-0.2370,0.295,0.295,-0.237,1.739,2.200,-2.500,0.0082,-0.095,nan,0.00,1,1,1,0,1,0.0000,0.425,0,0.157,1,0.730,1,0,yolo,215.4,yolo,1,1,0,0.000,0,-1,0
1785623952.697,7.051,-3.163,28.666,0.9909,0,10.471,0.663,-0.916,0.2668,6.438,0.103,-0.479,1.000,0.916,-3.420,0.2054,-0.2451,0.351,0.351,-0.245,1.747,2.200,-2.500,0.0082,-0.107,nan,0.00,1,1,1,0,1,0.0000,0.422,0,0.153,1,0.753,0,0,yolo,215.4,yolo,1,1,0,0.000,0,-1,0
1785623952.733,5.565,-3.081,28.792,0.9938,0,11.971,0.581,0.543,0.2825,6.213,-0.059,-0.459,1.000,-0.543,-10.352,0.7908,0.1061,0.403,0.365,-0.252,1.757,2.200,-2.500,0.0082,-0.128,nan,0.00,1,1,1,1,1,0.0000,0.422,0,0.153,1,0.753,2,0,yolo,181.2,yolo,1,1,0,0.000,0,-1,0
1785623952.763,5.565,-3.081,28.792,0.9938,0,12.689,0.581,0.543,0.2663,6.213,-0.059,-0.459,1.000,-0.543,-7.124,0.0386,-0.2523,0.403,0.403,-0.252,1.757,2.200,-2.500,0.0082,-0.128,nan,0.00,1,1,1,0,1,0.0000,0.420,0,0.150,1,0.764,0,0,yolo,181.2,yolo,1,1,0,0.000,0,-1,0
1785623952.807,3.615,-2.991,28.710,0.9967,0,11.542,0.491,0.543,0.2656,6.213,-0.059,-0.459,1.000,-0.543,-7.927,0.0813,-0.2574,0.446,0.446,-0.257,1.764,2.200,-2.500,0.0082,-0.137,nan,0.00,1,1,1,0,1,0.0000,0.420,0,0.150,1,0.764,0,0,yolo,181.2,yolo,1,1,0,0.000,0,-1,0
1785623952.849,3.615,-2.991,28.710,0.9967,0,11.542,0.491,0.543,0.2657,6.213,-0.059,-0.459,1.000,-0.543,-7.927,0.0813,-0.2574,0.446,0.446,-0.257,1.764,2.200,-2.500,0.0082,-0.137,nan,0.00,1,1,1,0,1,0.0000,0.293,0,0.113,1,0.807,0,0,yolo,181.2,yolo,1,1,0,0.000,0,-1,0
1785623952.877,1.208,-2.881,28.635,0.9985,0,10.042,0.381,0.543,0.2657,6.213,-0.059,-0.459,1.000,-0.543,-8.227,0.0973,-0.2532,0.462,0.462,-0.253,1.772,2.200,-2.500,0.0082,-0.148,nan,0.00,1,1,1,0,1,0.0000,0.293,0,0.113,1,0.807,0,0,yolo,181.2,yolo,1,1,0,0.000,0,-1,0
1785623952.920,1.208,-2.881,28.635,0.9985,0,9.435,0.381,0.543,0.2657,6.213,-0.059,-0.459,1.000,-0.543,-8.227,0.0973,-0.2532,0.462,0.462,-0.253,1.772,2.200,-2.500,0.0083,-0.148,nan,0.00,1,1,1,0,1,0.0000,0.293,0,0.113,1,0.807,1,0,yolo,181.2,yolo,1,1,0,0.000,0,-1,0
1785623952.961,-0.178,-2.823,28.561,0.9988,0,7.935,0.323,0.543,0.2659,6.213,-0.059,-0.459,1.000,-0.543,-8.112,0.0912,-0.2515,0.456,0.456,-0.251,1.777,2.200,-2.500,0.0083,-0.152,nan,0.00,1,1,1,0,1,0.0000,0.192,0,0.105,2,0.835,0,0,yolo,181.2,yolo,1,1,0,0.000,0,-1,0
1785623953.000,-1.179,-2.782,28.498,0.9986,0,9.435,0.282,2.043,0.2727,5.052,-0.498,-0.257,0.842,-5.633,-14.000,-0.0000,-0.0000,0.440,0.440,-0.253,1.780,2.200,-2.500,0.0083,-0.001,nan,0.00,1,1,1,1,1,0.0000,0.384,0,0.105,2,0.835,5,0,yolo,270.5,yolo,1,1,0,0.000,0,-1,0
1785623953.034,-1.179,-2.782,28.498,0.9986,0,10.935,0.282,3.543,0.2613,5.052,-0.498,-0.257,0.842,-5.633,-14.000,0.0000,-0.2526,0.440,0.440,-0.253,1.780,2.200,-2.500,0.0083,-0.001,nan,0.00,1,1,1,0,1,0.0000,0.343,0,0.053,2,0.801,0,0,yolo,270.5,yolo,1,1,0,0.000,0,-1,0
1785623953.076,-2.888,-2.765,27.988,0.9976,0,11.112,0.265,5.043,0.2725,5.052,-0.498,-0.257,0.842,-5.633,-14.000,-0.0000,-0.0000,0.420,0.420,-0.249,1.781,2.200,-2.500,0.0083,0.013,nan,0.00,1,1,1,1,1,0.0000,0.343,0,0.053,2,0.801,2,1,anduril,,anduril,1,1,0,0.000,0,-1,0
1785623953.118,-4.224,-2.770,27.385,0.9961,0,9.776,0.270,5.633,0.2726,5.052,-0.498,-0.257,0.842,-5.633,-14.000,-0.0000,-0.0000,0.398,0.398,-0.249,1.779,2.200,-2.500,0.0083,0.025,nan,0.00,1,1,1,1,1,0.0000,0.326,0,0.033,2,0.790,0,0,anduril,,anduril,1,1,0,0.000,0,-1,0
1785623953.155,-4.224,-2.770,27.385,0.9961,0,9.776,0.270,6.265,0.2731,4.871,-0.535,-0.268,0.812,-6.265,-14.000,-0.0000,-0.0000,0.398,0.398,-0.249,1.779,2.153,-2.500,0.0083,0.008,nan,0.00,1,1,1,1,1,0.0000,0.326,0,0.033,2,0.790,2,0,anduril,,anduril,1,1,0,0.000,0,-1,0
1785623953.196,-5.578,-2.793,26.662,0.9941,0,8.422,0.293,6.265,0.2732,4.871,-0.535,-0.268,0.812,-6.265,-14.000,-0.0000,-0.0000,0.360,0.360,-0.252,1.779,2.153,-2.500,0.0083,0.023,nan,0.00,1,1,1,1,1,0.0000,0.248,0,0.038,1,0.785,0,0,anduril,,anduril,1,1,0,0.000,0,-1,0
1785623953.236,-6.833,-2.843,25.786,0.9917,0,7.167,0.343,7.320,0.2743,4.556,-0.585,-0.291,0.759,-7.320,-14.000,-0.0000,-0.0000,0.308,0.308,-0.259,1.778,2.011,-2.500,0.0083,0.007,nan,0.00,1,1,1,1,1,0.0000,0.248,0,0.038,1,0.785,3,0,anduril,,anduril,1,1,0,0.000,0,-1,0
1785623953.264,-6.833,-2.843,25.786,0.9917,0,7.167,0.343,7.320,0.2743,4.556,-0.585,-0.291,0.759,-7.320,-14.000,-0.0000,-0.0000,0.308,0.308,-0.259,1.778,2.011,-2.500,0.0083,0.007,nan,0.00,1,1,1,1,1,0.0000,0.342,0,0.053,2,0.774,0,0,anduril,,anduril,1,1,0,0.000,0,-1,0
1785623953.289,-7.868,-2.922,24.779,0.9893,0,6.132,0.766,8.820,0.2755,4.209,-0.655,-0.315,0.702,-8.849,-14.000,-0.0000,-0.0000,0.250,0.250,-0.270,1.778,1.842,-2.156,0.0083,-0.008,nan,0.00,1,1,1,1,1,0.0000,0.342,0,0.053,2,0.774,0,0,anduril,,anduril,1,1,0,0.000,0,-1,0
1785623953.329,-7.868,-2.922,24.779,0.9893,0,6.132,0.915,9.347,0.2761,4.034,-0.664,-0.329,0.672,-9.347,-14.000,-0.0000,-0.0000,0.250,0.250,-0.270,1.778,1.782,-2.007,0.0083,-0.029,nan,0.00,1,1,1,1,1,0.0000,0.380,0,0.100,1,0.749,0,0,anduril,,anduril,1,1,0,0.000,0,-1,0
1785623953.357,-8.673,-2.981,23.847,0.9872,0,5.327,0.995,9.347,0.2762,4.034,-0.664,-0.329,0.672,-9.347,-14.000,-0.0000,-0.0000,0.199,0.199,-0.291,1.780,1.782,-1.987,0.0083,-0.015,nan,0.00,1,1,1,1,1,0.0000,0.380,0,0.100,1,0.749,0,0,anduril,,anduril,1,1,0,0.000,0,-1,0
1785623953.380,-8.673,-2.981,23.847,0.9872,0,5.327,0.989,9.347,0.2762,4.034,-0.664,-0.329,0.672,-9.347,-14.000,-0.0000,-0.0000,0.199,0.199,-0.291,1.780,1.782,-1.992,0.0083,-0.015,nan,0.00,1,1,1,1,1,0.0000,0.380,0,0.100,1,0.749,0,0,anduril,,anduril,1,1,0,0.000,0,-1,0
1785623953.410,-9.483,-3.048,22.558,0.9849,0,4.517,1.284,9.963,0.2893,3.778,-0.664,-0.347,0.630,-9.963,-14.000,0.6090,0.2611,0.137,0.161,-0.318,1.783,1.706,-1.765,0.0083,-0.032,nan,0.00,1,1,1,1,1,0.0000,0.406,0,0.133,1,0.732,0,0,anduril,,anduril,1,1,0,0.000,0,-1,0
1785623953.443,-10.019,-3.081,21.435,0.9833,0,3.981,1.359,9.963,0.2727,3.778,-0.664,-0.347,0.630,-9.963,-14.000,-0.0778,-0.3459,0.083,0.083,-0.346,1.787,1.706,-1.722,0.0083,-0.023,nan,0.00,1,1,1,0,1,0.0000,0.406,0,0.133,1,0.732,0,0,anduril,,anduril,1,1,0,0.000,0,-1,0
1785623953.482,-10.024,-3.081,21.424,0.9833,0,3.976,1.407,10.114,0.2893,3.638,-0.649,-0.357,0.606,-10.114,-14.000,0.2884,0.5826,0.083,0.039,-0.346,1.787,1.678,-1.674,0.0083,-0.043,nan,0.00,1,1,1,1,1,0.0000,0.406,0,0.133,1,0.732,1,0,anduril,,anduril,1,1,0,0.000,0,-1,0
1785623953.527,-10.513,-3.118,20.176,0.9818,0,3.487,1.557,10.201,0.2844,3.516,-0.633,-0.364,0.586,-10.201,-14.000,0.0795,0.1197,0.022,-0.028,-0.390,1.793,1.657,-1.561,0.0083,-0.051,nan,0.00,1,1,1,1,1,0.0000,0.406,0,0.133,1,0.732,2,0,anduril,,anduril,1,1,0,0.000,0,-1,0
1785623953.558,-10.945,-3.144,18.879,0.9803,0,3.055,1.657,8.701,0.2791,3.516,-0.633,-0.364,0.586,-10.201,-14.000,-0.0000,-0.0000,-0.046,-0.046,-0.439,1.801,1.657,-1.487,0.0083,-0.044,nan,0.00,1,1,1,1,1,0.0000,0.621,0,0.143,3,0.742,0,1,yolo,270.6,yolo,1,1,0,0.000,0,-1,0
1785623953.588,-10.949,-3.144,18.868,0.9803,0,1.555,1.069,7.201,0.2769,3.661,-0.446,-0.262,0.610,-6.948,-9.945,-0.0000,-0.0000,-0.046,-0.046,-0.440,1.801,1.874,-2.075,0.0083,0.029,nan,0.00,1,1,1,1,1,0.0000,0.343,0,0.196,2,0.761,0,1,anduril,,anduril,1,1,0,0.000,0,-1,0
1785623953.613,-11.093,-3.169,18.092,0.9798,0,0.055,1.167,6.948,0.2769,3.661,-0.446,-0.262,0.610,-6.948,-8.895,-0.0000,-0.0000,-0.120,-0.120,-0.478,1.809,1.874,-2.002,0.0083,0.031,nan,0.00,1,1,1,1,1,0.0000,0.343,0,0.196,2,0.761,0,0,anduril,,anduril,1,1,0,0.000,0,-1,0
1785623953.651,-11.093,-3.169,18.092,0.9798,0,-1.445,1.182,6.966,0.2776,3.529,-0.431,-0.275,0.588,-6.966,-8.541,-0.0000,-0.0000,-0.120,-0.120,-0.478,1.809,1.849,-1.987,0.0083,0.009,nan,0.00,1,1,1,1,1,0.0000,0.685,0,0.196,2,0.761,1,0,anduril,,anduril,1,1,0,0.000,0,-1,0
1785623953.688,-11.072,-3.164,17.388,0.9799,0,-2.945,1.321,6.991,0.2783,3.403,-0.417,-0.287,0.567,-6.991,-7.181,-0.0000,-0.0000,-0.193,-0.193,-0.507,1.818,1.824,-1.842,0.0083,-0.013,nan,0.00,1,1,1,1,1,0.0000,0.697,0,0.206,2,0.757,1,0,anduril,,anduril,1,1,0,0.000,0,-1,0
1785623953.724,-10.651,-3.152,16.566,0.9813,0,-4.424,1.615,7.670,0.2796,3.128,-0.421,-0.325,0.521,-7.670,-6.227,-0.0000,-0.0000,-0.266,-0.266,-0.532,1.828,1.739,-1.537,0.0083,-0.069,nan,0.00,1,1,1,1,1,0.0000,0.697,0,0.206,2,0.757,3,0,anduril,,anduril,1,1,0,0.000,0,-1,0
1785623953.753,-10.651,-3.152,16.566,0.9813,0,-4.424,1.544,6.170,0.2796,3.128,-0.421,-0.325,0.521,-7.670,-6.227,-0.0000,-0.0000,-0.266,-0.266,-0.532,1.828,1.739,-1.609,0.0083,-0.069,nan,0.00,1,1,1,1,1,0.0000,0.834,0,0.221,3,0.805,0,1,yolo,219.2,yolo,1,1,0,0.000,0,-1,0
1785623953.781,-9.924,-3.069,15.621,0.9836,0,-5.013,1.602,4.670,0.2793,3.128,-0.421,-0.325,0.521,-7.670,-4.911,-0.0000,-0.0000,-0.359,-0.359,-0.561,1.843,1.739,-1.467,0.0083,-0.080,nan,0.00,1,1,1,1,1,0.0000,0.834,0,0.221,3,0.805,0,0,yolo,219.2,yolo,1,1,0,0.000,0,-1,0
1785623953.812,-9.924,-3.069,15.621,0.9836,0,-5.727,1.452,3.170,0.2784,3.125,-0.391,-0.289,0.521,-7.136,-4.197,-0.0000,-0.0000,-0.359,-0.359,-0.561,1.843,1.766,-1.617,0.0083,-0.050,nan,0.00,1,1,1,1,1,0.0000,0.599,0,0.224,1,0.808,0,0,yolo,219.2,yolo,1,1,0,0.000,0,-1,0
1785623953.844,-9.158,-2.938,15.264,0.9860,0,-4.227,1.573,1.670,0.2788,3.158,-0.483,-0.330,0.526,-8.687,-5.201,-0.0000,-0.0000,-0.441,-0.441,-0.591,1.852,1.690,-1.366,0.0083,-0.087,nan,0.00,1,1,1,1,1,0.0000,0.599,0,0.224,1,0.808,0,0,yolo,171.2,yolo,1,1,0,0.000,0,-1,0
1785623953.874,-9.158,-2.938,15.264,0.9860,0,-5.385,1.368,0.170,0.2770,3.152,-0.423,-0.258,0.525,-7.636,-3.773,-0.0000,-0.0000,-0.441,-0.441,-0.591,1.852,1.745,-1.571,0.0083,-0.026,nan,0.00,1,1,1,1,1,0.0000,0.726,0,0.230,2,0.841,0,0,yolo,171.2,yolo,1,1,0,0.000,0,-1,0
1785623953.900,-8.644,-2.755,15.078,0.9875,0,-5.996,1.223,-0.793,0.2770,3.152,-0.423,-0.258,0.525,-7.636,-2.648,-0.0000,-0.0000,-0.519,-0.519,-0.625,1.858,1.745,-1.531,0.0083,-0.040,nan,0.00,1,1,1,1,1,0.0000,0.726,0,0.230,2,0.841,0,0,yolo,171.2,yolo,1,1,0,0.000,0,-1,0
1785623953.937,-8.644,-2.755,15.078,0.9875,0,-7.428,1.031,-1.368,0.2751,3.146,-0.363,-0.186,0.524,-6.574,-1.216,-0.0000,-0.0000,-0.519,-0.519,-0.625,1.858,1.799,-1.723,0.0083,0.022,nan,0.00,1,1,1,1,1,0.0000,0.730,0,0.233,2,0.835,0,0,yolo,171.2,yolo,1,1,0,0.000,0,-1,0
1785623953.969,-7.795,-2.571,15.194,0.9898,0,-8.928,0.761,-1.945,0.2730,3.140,-0.303,-0.114,0.523,-5.504,1.492,-0.0000,-0.0000,-0.608,-0.608,-0.661,1.860,1.828,-1.810,0.0083,0.069,nan,0.00,1,1,1,1,1,0.0000,0.354,0,0.215,2,0.741,0,0,yolo,171.2,yolo,1,1,0,0.000,0,-1,0
1785623953.995,-6.631,-2.447,15.432,0.9924,0,-9.474,0.728,-2.941,0.2710,2.842,-0.294,-0.044,0.474,-5.904,2.843,-0.0000,-0.0000,-0.689,-0.689,-0.689,1.858,1.768,-1.719,0.0083,0.112,nan,0.00,1,1,1,1,1,0.0000,0.354,0,0.215,2,0.741,0,0,yolo,148.8,yolo,1,1,0,0.000,0,-1,0
1785623954.035,-6.631,-2.447,15.432,0.9924,0,-10.188,0.712,-3.230,0.2700,2.839,-0.264,-0.008,0.473,-5.311,3.558,-0.0000,-0.0000,-0.689,-0.689,-0.689,1.858,1.768,-1.734,0.0083,0.144,nan,0.00,1,1,1,1,1,0.0000,0.708,0,0.215,2,0.741,1,0,yolo,148.8,yolo,1,1,0,0.000,0,-1,0
1785623954.062,-5.446,-2.318,15.726,0.9947,0,-10.039,0.522,-3.230,0.2698,2.839,-0.264,-0.008,0.473,-5.311,4.593,-0.0000,-0.0000,-0.761,-0.761,-0.710,1.855,1.768,-1.796,0.0083,0.132,nan,0.00,1,1,1,1,1,0.0000,0.203,0,0.132,1,0.715,0,0,yolo,148.8,yolo,1,1,0,0.000,0,-1,0
1785623954.099,-5.446,-2.318,15.726,0.9947,0,-10.752,0.527,-3.520,0.2531,2.836,-0.234,0.028,0.473,-4.715,5.306,0.0000,-0.7096,-0.761,-0.761,-0.710,1.855,1.767,-1.791,0.0083,0.165,nan,0.00,1,1,1,0,1,0.0000,0.405,0,0.132,1,0.715,2,0,yolo,148.8,yolo,1,1,0,0.000,0,-1,0
1785623954.123,-4.137,-2.216,16.113,0.9966,0,-10.511,0.340,-3.520,0.2364,2.836,-0.234,0.028,0.473,-4.715,6.374,-0.0644,-0.7171,-0.826,-0.826,-0.717,1.848,1.767,-1.876,0.0082,0.154,nan,0.00,1,1,1,0,1,0.0000,0.400,0,0.125,1,0.770,0,0,yolo,148.8,yolo,1,1,0,0.000,0,-1,0
1785623954.160,-2.915,-2.152,16.484,0.9980,0,-9.011,0.307,-4.124,0.2531,2.626,-0.257,0.071,0.438,-5.597,0.940,0.2425,-0.1671,-0.874,-0.532,-0.686,1.841,1.725,-1.845,0.0082,0.182,nan,0.00,1,1,1,1,1,0.0000,0.487,0,0.112,2,0.827,1,0,yolo,160.7,yolo,1,1,0,0.000,0,-1,0
1785623954.200,-2.915,-2.152,16.484,0.9980,0,-10.026,0.347,-4.455,0.2364,2.626,-0.257,0.071,0.438,-5.597,7.111,-0.3429,-0.6862,-0.874,-0.874,-0.686,1.841,1.725,-1.805,0.0082,0.182,nan,0.00,1,1,1,0,1,0.0000,0.283,0,0.097,1,0.872,0,0,yolo,160.7,yolo,1,1,0,0.000,0,-1,0
1785623954.230,-1.515,-2.085,16.958,0.9990,0,-9.363,0.171,-4.703,0.2395,2.626,-0.257,0.071,0.438,-5.597,7.847,-0.3879,-0.6166,-0.919,-0.919,-0.617,1.830,1.725,-1.914,0.0082,0.173,nan,0.00,1,1,1,0,1,0.0000,0.283,0,0.097,1,0.872,0,0,yolo,160.7,yolo,1,1,0,0.000,0,-1,0
1785623954.267,-0.399,-2.035,17.448,0.9993,0,-8.731,0.029,-4.889,0.2432,2.626,-0.257,0.071,0.438,-5.597,8.332,-0.4176,-0.5372,-0.949,-0.949,-0.537,1.819,1.725,-2.006,0.0082,0.166,nan,0.00,1,1,1,0,1,0.0000,0.245,0,0.033,1,0.896,0,0,yolo,160.7,yolo,1,1,0,0.000,0,-1,0
1785623954.295,-0.399,-2.035,17.448,0.9993,0,-8.731,0.101,-5.029,0.2432,2.626,-0.257,0.071,0.438,-5.597,8.332,-0.4176,-0.5372,-0.949,-0.949,-0.537,1.819,1.725,-1.934,0.0082,0.166,nan,0.00,1,1,1,0,1,0.0000,0.245,0,0.033,1,0.896,0,0,yolo,160.7,yolo,1,1,0,0.000,0,-1,0
1785623954.330,0.756,-2.021,18.067,0.9993,0,-7.231,1.601,-3.529,0.2471,nan,nan,nan,0.000,0.000,7.762,0.0000,-0.4535,-0.970,-0.970,-0.453,1.805,1.000,-0.256,0.0082,0.161,nan,0.00,0,0,0,0,0,0.0000,0.000,0,0.000,0,0.000,0,0,,,FLYING,1,1,0,0.000,0,-1,0
1785623954.362,0.756,-2.021,18.067,0.9993,0,-7.006,1.846,-2.029,0.2472,nan,nan,nan,0.000,0.000,7.762,0.0000,-0.4535,-0.970,-0.970,-0.453,1.805,1.000,-0.175,0.0082,0.156,nan,0.00,0,0,0,0,0,0.0000,0.000,0,0.000,0,0.000,0,0,,,FLYING,1,1,0,0.000,0,-1,0
1785623954.396,1.810,-1.716,18.262,0.9991,0,-5.870,1.487,-0.529,0.2508,nan,nan,nan,0.000,0.000,7.681,0.0000,-0.3786,-0.960,-0.960,-0.379,1.797,1.000,-0.230,0.0082,0.151,nan,0.00,0,0,0,0,0,0.0000,0.000,0,0.000,0,0.000,0,0,,,FLYING,1,1,0,0.000,0,-1,0
1785623954.420,1.810,-1.716,18.262,0.9991,0,-5.870,1.553,0.000,0.2510,nan,nan,nan,0.000,0.000,7.681,0.0000,-0.3786,-0.960,-0.960,-0.379,1.797,1.000,-0.163,0.0082,0.147,nan,0.00,0,0,0,0,0,0.0000,0.000,0,0.000,0,0.000,0,0,,,FLYING,1,1,0,0.000,0,-1,0
1785623954.449,2.702,-1.494,18.224,0.9985,0,-4.745,1.272,0.000,0.2545,nan,nan,nan,0.000,0.000,7.448,0.0000,-0.3056,-0.931,-0.931,-0.306,1.789,1.000,-0.222,0.0082,0.142,nan,0.00,0,0,0,0,0,0.0000,0.000,0,0.000,0,0.000,0,0,,,FLYING,1,1,0,0.000,0,-1,0
1785623954.486,2.702,-1.494,18.224,0.9985,0,-4.745,1.330,0.000,0.2546,nan,nan,nan,0.000,0.000,7.448,0.0000,-0.3056,-0.931,-0.931,-0.306,1.789,1.000,-0.163,0.0082,0.138,nan,0.00,0,0,0,0,0,0.0000,0.000,0,0.000,0,0.000,0,0,,,FLYING,1,1,0,0.000,0,-1,0
1785623954.534,3.264,-1.350,18.227,0.9981,0,-3.951,1.116,0.000,0.2573,nan,nan,nan,0.000,0.000,7.215,0.0000,-0.2508,-0.902,-0.902,-0.251,1.781,1.000,-0.235,0.0082,0.134,nan,0.00,0,0,0,0,0,0.0000,0.000,0,0.000,0,0.000,0,0,,,FLYING,1,1,0,0.000,0,-1,0
1785623954.561,3.812,-1.204,18.244,0.9976,0,-3.151,0.898,0.000,0.2594,nan,nan,nan,0.000,0.000,6.962,0.0000,-0.2117,-0.870,-0.870,-0.212,1.771,1.000,-0.306,0.0082,0.130,nan,0.00,0,0,0,0,0,0.0000,0.000,0,0.000,0,0.000,2,0,,,FLYING,1,1,0,0.000,0,-1,0
1785623954.588,4.204,-1.098,18.249,0.9971,0,-2.439,0.704,0.000,0.2611,nan,nan,nan,0.000,0.000,6.643,0.0000,-0.1776,-0.830,-0.830,-0.178,1.759,1.000,-0.394,0.0082,0.126,nan,0.00,0,0,0,0,0,0.0000,0.000,0,0.000,0,0.000,0,0,,,FLYING,1,1,0,0.000,0,-1,0
1785623954.626,4.204,-1.098,18.249,0.9971,0,-2.439,0.792,0.000,0.2613,nan,nan,nan,0.000,0.000,6.643,0.0000,-0.1776,-0.830,-0.830,-0.178,1.759,1.000,-0.306,0.0082,0.122,nan,0.00,0,0,0,0,0,0.0000,0.000,0,0.000,0,0.000,0,0,,,FLYING,1,1,0,0.000,0,-1,0
1785623954.670,4.537,-1.007,18.255,0.9967,0,-1.762,0.592,0.000,0.2627,nan,nan,nan,0.000,0.000,6.299,0.0000,-0.1507,-0.787,-0.787,-0.151,1.746,1.000,-0.415,0.0082,0.119,nan,0.00,0,0,0,0,0,0.0000,0.000,0,0.000,0,0.000,0,0,,,FLYING,1,1,0,0.000,0,-1,0
1785623954.698,4.765,-0.935,18.261,0.9964,0,-1.201,0.439,0.000,0.2635,nan,nan,nan,0.000,0.000,5.965,0.0000,-0.1358,-0.746,-0.746,-0.136,1.734,1.000,-0.496,0.0082,0.115,nan,0.00,0,0,0,0,0,0.0000,0.000,0,0.000,0,0.000,0,0,,,FLYING,2,2,0,0.000,0,-1,0
1785623954.729,4.765,-0.935,18.261,0.9964,0,-1.201,0.538,0.000,0.2636,nan,nan,nan,0.000,0.000,5.965,0.0000,-0.1358,-0.746,-0.746,-0.136,1.734,1.000,-0.397,0.0082,0.112,nan,0.00,0,0,0,0,0,0.0000,0.000,0,0.000,0,0.000,0,0,,,FLYING,2,2,0,0.000,0,-1,0
1785623954.761,4.933,-0.879,18.266,0.9962,0,-0.673,0.374,0.000,0.2643,nan,nan,nan,0.000,0.000,5.606,0.0000,-0.1253,-0.701,-0.701,-0.125,1.721,1.000,-0.505,0.0082,0.108,nan,0.00,0,0,0,0,0,0.0000,0.000,0,0.000,0,0.000,0,0,,,FLYING,2,2,0,0.000,0,-1,0
1785623954.792,5.027,-0.833,18.270,0.9960,0,-0.243,0.253,0.000,0.2647,nan,nan,nan,0.000,0.000,5.270,0.0000,-0.1188,-0.659,-0.659,-0.119,1.708,1.000,-0.580,0.0082,0.105,nan,0.00,0,0,0,0,0,0.0000,0.000,0,0.000,0,0.000,0,0,,,FLYING,2,2,0,0.000,0,-1,0
1785623954.820,5.027,-0.833,18.270,0.9960,0,-0.243,0.358,0.000,0.2648,nan,nan,nan,0.000,0.000,5.270,0.0000,-0.1188,-0.659,-0.659,-0.119,1.708,1.000,-0.475,0.0082,0.102,nan,0.00,0,0,0,0,0,0.0000,0.000,0,0.000,0,0.000,0,0,,,FLYING,2,2,0,0.000,0,-1,0
1785623954.857,5.124,-0.785,18.274,0.9959,0,0.222,0.200,0.000,0.2651,nan,nan,nan,0.000,0.000,4.902,0.0000,-0.1142,-0.613,-0.613,-0.114,1.694,1.000,-0.584,0.0082,0.099,nan,0.00,0,0,0,0,0,0.0000,0.000,0,0.000,0,0.000,0,0,,,FLYING,2,2,0,0.000,0,-1,0
1785623954.884,5.113,-0.761,18.276,0.9959,0,1.722,-0.398,1.500,0.2652,4.000,-1.400,0.000,0.667,-19.290,-14.000,0.0425,-0.1137,-0.570,-0.570,-0.114,1.681,1.200,-1.159,0.0082,0.096,nan,0.00,1,1,0,0,0,0.0000,0.000,0,0.000,0,0.000,0,1,search,,SEARCH,2,2,0,0.000,0,-1,0
1785623954.919,5.113,-0.761,18.276,0.9959,0,3.222,-0.289,3.000,0.2653,4.000,-1.400,0.000,0.667,-19.290,-14.000,0.0425,-0.1137,-0.570,-0.570,-0.114,1.681,1.200,-1.050,0.0082,0.093,nan,0.00,1,1,0,0,0,0.0000,0.000,0,0.000,0,0.000,0,0,search,,SEARCH,2,2,0,0.000,0,-1,0
1785623954.946,4.722,-0.776,18.001,0.9965,0,4.722,-0.340,4.500,0.2652,4.000,-1.400,0.000,0.667,-19.290,-14.000,0.0923,-0.1147,-0.521,-0.521,-0.115,1.671,1.200,-1.115,0.0082,0.090,nan,0.00,1,1,0,0,0,0.0000,0.000,0,0.000,0,0.000,0,0,search,,SEARCH,2,2,0,0.000,0,-1,0
1785623954.980,4.722,-0.776,18.001,0.9965,0,6.222,-0.623,3.221,0.2486,7.683,-0.432,1.037,1.000,-3.221,-2.238,-0.0000,-0.0000,-0.521,-0.521,-0.115,1.671,1.348,-1.399,0.0082,1.102,nan,0.00,1,1,1,1,0,0.0000,0.000,0,0.000,0,0.000,0,1,yolo,114.6,yolo,2,2,0,0.000,0,-1,0
1785623955.010,4.179,-0.769,17.457,0.9973,0,7.241,-0.664,3.221,0.2343,7.683,-0.432,1.037,1.000,-3.221,-3.062,0.0509,-0.1176,-0.470,-0.470,-0.118,1.663,1.344,-1.433,0.0082,1.106,nan,0.00,1,1,1,0,0,0.0000,0.000,0,0.000,0,0.000,0,0,yolo,114.6,yolo,2,2,0,0.000,0,-1,0
1785623955.043,3.311,-0.822,17.108,0.9982,0,6.991,-0.632,3.221,0.2350,7.683,-0.432,1.037,1.000,-3.221,-3.680,0.0891,-0.0892,-0.431,-0.431,-0.089,1.653,1.330,-1.454,0.0082,1.120,nan,0.00,1,1,1,0,0,0.0000,0.000,0,0.000,0,0.000,0,0,yolo,114.6,yolo,2,2,0,0.000,0,-1,0
1785623955.072,3.311,-0.822,17.108,0.9982,0,6.991,-0.553,3.221,0.2350,7.683,-0.432,1.037,1.000,-3.221,-3.680,0.0891,-0.0892,-0.431,-0.431,-0.089,1.653,1.330,-1.375,0.0082,1.120,nan,0.00,1,1,1,0,0,0.0000,0.000,0,0.000,0,0.000,0,0,yolo,114.6,yolo,2,2,0,0.000,0,-1,0
1785623955.107,2.570,-0.874,16.814,0.9989,0,8.350,-0.519,3.281,0.2326,7.621,-0.437,1.042,1.000,-3.281,-5.781,0.0599,-0.1274,-0.404,-0.242,-0.038,1.645,1.313,-1.393,0.0082,1.137,nan,0.00,1,1,1,1,0,0.0000,0.000,0,0.000,0,0.000,0,0,yolo,113.2,yolo,2,2,0,0.000,0,-1,0
1785623955.153,1.488,-0.922,16.410,0.9995,0,6.850,-0.487,3.281,0.2398,7.621,-0.437,1.042,1.000,-3.281,-3.220,-0.1390,0.0460,-0.381,-0.381,0.046,1.636,1.297,-1.409,0.0082,1.153,nan,0.00,1,1,1,0,0,0.0000,0.000,0,0.000,0,0.000,0,0,yolo,113.2,yolo,2,2,0,0.000,0,-1,0
1785623955.180,0.649,-0.976,16.028,0.9998,0,5.350,-0.436,3.281,0.2437,7.621,-0.437,1.042,1.000,-3.281,-3.419,-0.1268,0.1449,-0.369,-0.369,0.145,1.627,1.284,-1.412,0.0082,1.166,nan,0.00,1,1,1,0,0,0.0000,0.000,0,0.000,0,0.000,0,0,yolo,113.2,yolo,2,2,0,0.000,0,-1,0
1785623955.213,0.649,-0.976,16.028,0.9998,0,4.068,-0.355,3.281,0.2437,7.621,-0.437,1.042,1.000,-3.281,-3.419,-0.1268,0.1449,-0.369,-0.369,0.145,1.627,1.284,-1.331,0.0082,1.166,nan,0.00,1,1,1,0,0,0.0000,0.000,0,0.000,0,0.000,0,0,yolo,113.2,yolo,2,2,0,0.000,0,-1,0
1785623955.241,0.144,-1.019,15.629,0.9998,0,5.568,-0.338,3.288,0.2316,7.480,-0.430,1.046,1.000,-3.288,-5.668,0.0095,-0.1170,-0.362,-0.227,0.262,1.619,1.272,-1.356,0.0082,1.178,nan,0.00,1,1,1,1,0,0.0000,0.000,0,0.000,0,0.000,0,0,yolo,142.7,yolo,2,2,0,0.000,0,-1,0
1785623955.276,0.144,-1.019,15.629,0.9998,0,4.068,-0.271,3.288,0.2483,7.480,-0.430,1.046,1.000,-3.288,-3.400,-0.1348,0.2621,-0.362,-0.362,0.262,1.619,1.272,-1.289,0.0082,1.178,nan,0.00,1,1,1,0,0,0.0000,0.000,0,0.000,0,0.000,0,0,yolo,142.7,yolo,2,2,0,0.000,0,-1,0
1785623955.303,-0.425,-1.056,15.223,0.9998,0,2.981,-0.270,3.288,0.2526,7.480,-0.430,1.046,1.000,-3.288,-3.405,-0.1345,0.3550,-0.361,-0.361,0.355,1.611,1.263,-1.326,0.0082,1.187,nan,0.00,1,1,1,0,0,0.0000,0.000,0,0.000,0,0.000,0,0,yolo,142.7,yolo,2,2,0,0.000,0,-1,0
1785623955.337,-0.425,-1.056,15.223,0.9998,0,2.981,-0.211,3.288,0.2526,7.480,-0.430,1.046,1.000,-3.288,-3.405,-0.1345,0.3550,-0.361,-0.361,0.355,1.611,1.263,-1.267,0.0082,1.187,nan,0.00,1,1,1,0,0,0.0000,0.000,0,0.000,0,0.000,0,0,yolo,142.7,yolo,2,2,0,0.000,0,-1,0
1785623955.366,-0.766,-1.091,14.875,0.9997,0,3.894,-0.186,3.150,0.2359,7.576,-0.417,1.051,1.000,-3.150,-4.660,-0.1100,-0.0803,-0.364,-0.235,0.416,1.604,1.250,-1.277,0.0082,1.200,nan,0.00,1,1,1,1,0,0.0000,0.000,0,0.000,0,0.000,0,0,yolo,116.6,yolo,2,2,0,0.000,0,-1,0
1785623955.393,-0.766,-1.091,14.875,0.9997,0,2.394,-0.137,3.150,0.2526,7.576,-0.417,1.051,1.000,-3.150,-3.114,-0.1283,0.4162,-0.364,-0.364,0.416,1.604,1.250,-1.228,0.0082,1.200,nan,0.00,1,1,1,0,0,0.0000,0.000,0,0.000,0,0.000,0,0,yolo,116.6,yolo,2,2,0,0.000,0,-1,0
1785623955.430,-1.259,-1.119,14.530,0.9996,0,1.725,-0.141,3.150,0.2576,7.576,-0.417,1.051,1.000,-3.150,-2.984,-0.1363,0.4783,-0.372,-0.372,0.478,1.598,1.242,-1.261,0.0082,1.208,nan,0.00,1,1,1,0,0,0.0000,0.000,0,0.000,0,0.000,0,0,yolo,116.6,yolo,2,2,0,0.000,0,-1,0
1785623955.455,-1.445,-1.146,14.181,0.9995,0,1.418,-0.140,3.150,0.2600,7.576,-0.417,1.051,1.000,-3.150,-2.863,-0.1436,0.5342,-0.379,-0.379,0.534,1.592,1.238,-1.286,0.0082,1.212,nan,0.00,1,1,1,0,0,0.0000,0.000,0,0.000,0,0.000,0,0,yolo,116.6,yolo,2,2,0,0.000,0,-1,0
1785623955.493,-1.445,-1.146,14.181,0.9995,0,2.918,-0.134,3.087,0.2445,7.501,-0.404,1.035,1.000,-3.087,-4.377,-0.0826,0.1782,-0.379,-0.256,0.534,1.592,1.255,-1.279,0.0082,1.195,nan,0.00,1,1,1,1,0,0.0000,0.000,0,0.000,0,0.000,0,0,yolo,131.4,yolo,2,2,0,0.000,0,-1,0
1785623955.538,-1.629,-1.173,13.839,0.9994,0,1.418,-0.134,3.087,0.2611,7.501,-0.404,1.035,1.000,-3.087,-2.629,-0.1314,0.5821,-0.387,-0.387,0.582,1.586,1.251,-1.307,0.0082,1.199,nan,0.00,1,1,1,0,0,0.0000,0.000,0,0.000,0,0.000,0,0,yolo,131.4,yolo,2,2,0,0.000,0,-1,0
1785623955.564,-1.840,-1.204,13.449,0.9993,0,0.598,-0.127,3.087,0.2644,7.501,-0.404,1.035,1.000,-3.087,-2.438,-0.1430,0.6256,-0.399,-0.399,0.626,1.580,1.245,-1.331,0.0082,1.205,nan,0.00,1,1,1,0,0,0.0000,0.000,0,0.000,0,0.000,0,0,yolo,131.4,yolo,2,2,0,0.000,0,-1,0
1785623955.599,-1.840,-1.204,13.449,0.9993,0,0.598,-0.077,3.087,0.2644,7.501,-0.404,1.035,1.000,-3.087,-2.438,-0.1430,0.6256,-0.399,-0.399,0.626,1.580,1.245,-1.281,0.0082,1.205,nan,0.00,1,1,1,0,0,0.0000,0.000,0,0.000,0,0.000,0,0,yolo,131.4,yolo,2,2,0,0.000,0,-1,0
1785623955.623,-1.916,-1.227,13.075,0.9992,0,0.350,-0.084,3.087,0.2651,7.501,-0.404,1.035,1.000,-3.087,-2.266,-0.1534,0.6444,-0.409,-0.409,0.644,1.574,1.242,-1.311,0.0082,1.208,nan,0.00,1,1,1,0,0,0.0000,0.000,0,0.000,0,0.000,0,0,yolo,131.4,yolo,2,2,0,0.000,0,-1,0
1785623955.662,-1.916,-1.227,13.075,0.9992,0,1.483,-0.227,2.982,0.2583,6.979,-0.364,0.973,1.000,-2.982,-3.400,-0.0767,0.4445,-0.409,-0.299,0.644,1.574,1.316,-1.453,0.0082,1.134,nan,0.00,1,1,1,1,0,0.0000,0.000,0,0.000,0,0.000,0,0,yolo,171.4,yolo,2,2,0,0.000,0,-1,0
1785623955.708,-2.174,-1.281,12.644,0.9990,0,-0.017,-0.198,2.982,0.2681,6.979,-0.364,0.973,1.000,-2.982,-1.558,-0.1286,0.6655,-0.427,-0.427,0.666,1.569,1.308,-1.479,0.0082,1.142,nan,0.00,1,1,1,0,0,0.0000,0.000,0,0.000,0,0.000,0,0,yolo,171.4,yolo,2,2,0,0.000,0,-1,0
1785623955.734,-2.174,-1.281,12.644,0.9990,0,-0.616,-0.159,2.982,0.2681,6.979,-0.364,0.973,1.000,-2.982,-1.558,-0.1286,0.6655,-0.427,-0.427,0.666,1.569,1.308,-1.440,0.0082,1.142,nan,0.00,1,1,1,0,0,0.0000,0.000,0,0.000,0,0.000,0,0,yolo,171.4,yolo,2,2,0,0.000,0,-1,0
1785623955.768,-2.151,-1.324,12.257,0.9990,0,-0.817,-0.134,2.982,0.2685,6.979,-0.364,0.973,1.000,-2.982,-1.334,-0.1415,0.6771,-0.440,-0.440,0.677,1.564,1.303,-1.457,0.0082,1.147,nan,0.00,1,1,1,0,0,0.0000,0.000,0,0.000,0,0.000,1,0,yolo,171.4,yolo,2,2,0,0.000,0,-1,0
1785623955.798,-2.048,-1.352,11.927,0.9991,0,0.142,-0.315,2.899,0.2760,6.535,-0.331,0.903,1.000,-2.899,-2.190,-0.0939,0.7907,-0.449,-0.349,0.681,1.561,1.382,-1.667,0.0082,1.068,nan,0.00,1,1,1,1,0,0.0000,0.000,0,0.000,0,0.000,0,0,yolo,141.7,yolo,2,2,0,0.000,0,-1,0
1785623955.831,-2.048,-1.352,11.927,0.9991,0,-1.197,-0.280,2.899,0.2710,6.535,-0.331,0.903,1.000,-2.899,-0.851,-0.0996,0.6814,-0.449,-0.449,0.681,1.561,1.382,-1.632,0.0082,1.068,nan,0.00,1,1,1,0,0,0.0000,0.000,0,0.000,0,0.000,0,0,yolo,141.7,yolo,2,2,0,0.000,0,-1,0
1785623955.877,-1.921,-1.388,11.566,0.9991,0,-1.219,-0.254,2.899,0.2709,6.535,-0.331,0.903,1.000,-2.899,-0.701,-0.1079,0.6809,-0.457,-0.457,0.681,1.558,1.378,-1.642,0.0082,1.072,nan,0.00,1,1,1,0,0,0.0000,0.000,0,0.000,0,0.000,0,0,yolo,141.7,yolo,2,2,0,0.000,0,-1,0
1785623955.900,-1.921,-1.388,11.566,0.9991,0,-1.219,-0.227,2.899,0.2709,6.535,-0.331,0.903,1.000,-2.899,-0.701,-0.1079,0.6809,-0.457,-0.457,0.681,1.558,1.378,-1.615,0.0082,1.072,nan,0.00,1,1,1,0,0,0.0000,0.000,0,0.000,0,0.000,0,0,yolo,141.7,yolo,2,2,0,0.000,0,-1,0
1785623955.927,-1.757,-1.433,11.209,0.9992,0,-0.497,-0.386,2.761,0.2681,6.165,-0.297,0.833,1.000,-2.761,-1.260,-0.1115,0.5703,-0.463,-0.365,0.666,1.555,1.454,-1.820,0.0081,0.996,nan,0.00,1,1,1,1,0,0.0000,0.000,0,0.000,0,0.000,0,0,yolo,128.5,yolo,2,2,0,0.000,0,-1,0
1785623955.969,-1.697,-1.500,10.862,0.9992,0,-1.863,-0.304,2.761,0.2715,6.165,-0.297,0.833,1.000,-2.761,0.167,-0.1048,0.6506,-0.470,-0.470,0.651,1.554,1.448,-1.804,0.0081,1.002,nan,0.00,1,1,1,0,0,0.0000,0.000,0,0.000,0,0.000,2,0,yolo,128.5,yolo,2,2,0,0.000,0,-1,0
1785623955.998,-1.697,-1.500,10.862,0.9992,0,-1.863,-0.283,2.761,0.2715,6.165,-0.297,0.833,1.000,-2.761,0.167,-0.1048,0.6506,-0.470,-0.470,0.651,1.554,1.448,-1.783,0.0081,1.002,nan,0.00,1,1,1,0,0,0.0000,0.000,0,0.000,0,0.000,0,0,yolo,128.5,yolo,2,2,0,0.000,0,-1,0
1785623956.033,-1.411,-1.547,10.517,0.9993,0,-1.603,-0.230,2.761,0.2706,6.165,-0.297,0.833,1.000,-2.761,0.192,-0.1062,0.6333,-0.471,-0.471,0.633,1.552,1.444,-1.777,0.0081,1.006,nan,0.00,1,1,1,0,0,0.0000,0.000,0,0.000,0,0.000,1,0,yolo,128.5,yolo,2,2,0,0.000,0,-1,0
1785623956.063,-1.411,-1.547,10.517,0.9993,0,-0.103,-0.440,2.735,0.2689,6.127,-0.293,0.744,1.000,-2.735,-1.945,-0.0165,0.5389,-0.471,-0.343,0.633,1.552,1.534,-1.987,0.0080,0.916,nan,0.00,1,1,1,1,0,0.0000,0.000,0,0.000,0,0.000,0,0,yolo,138.9,yolo,2,2,0,0.000,0,-1,0
1785623956.105,-1.407,-1.631,10.113,0.9993,0,-1.603,-0.326,2.735,0.2719,6.127,-0.293,0.744,1.000,-2.735,0.502,-0.1329,0.6132,-0.476,-0.476,0.613,1.552,1.525,-1.956,0.0079,0.925,nan,0.00,1,1,1,0,0,0.0000,0.000,0,0.000,0,0.000,0,0,yolo,138.9,yolo,2,2,0,0.000,0,-1,0
1785623956.141,-1.407,-1.631,10.113,0.9993,0,-1.909,-0.318,2.735,0.2718,6.127,-0.293,0.744,1.000,-2.735,0.502,-0.1329,0.6132,-0.476,-0.476,0.613,1.552,1.525,-1.949,0.0078,0.925,nan,0.00,1,1,1,0,0,0.0000,0.000,0,0.000,0,0.000,0,0,yolo,138.9,yolo,2,2,0,0.000,0,-1,0
1785623956.166,-1.044,-1.699,9.665,0.9994,0,-1.488,-0.222,2.735,0.2705,6.127,-0.293,0.744,1.000,-2.735,0.444,-0.1299,0.5895,-0.473,-0.473,0.590,1.553,1.519,-1.921,0.0077,0.931,nan,0.00,1,1,1,0,0,0.0000,0.000,0,0.000,0,0.000,0,0,yolo,138.9,yolo,2,2,0,0.000,0,-1,0
1785623956.204,-1.044,-1.699,9.665,0.9994,0,-1.488,-0.221,2.735,0.2704,6.127,-0.293,0.744,1.000,-2.735,0.444,-0.1299,0.5895,-0.473,-0.473,0.590,1.553,1.519,-1.920,0.0076,0.931,nan,0.00,1,1,1,0,0,0.0000,0.000,0,0.000,0,0.000,1,0,yolo,138.9,yolo,2,2,0,0.000,0,-1,0
1785623956.235,-0.782,-1.743,9.240,0.9994,0,0.012,-0.412,2.634,0.2806,5.961,-0.276,0.645,0.994,-2.654,-1.452,-0.0632,0.7530,-0.468,-0.337,0.568,1.554,1.620,-2.155,0.0075,0.830,nan,0.00,1,1,1,1,0,0.0000,0.000,0,0.000,0,0.000,0,0,yolo,162.5,yolo,2,2,0,0.000,0,-1,0
1785623956.259,-0.782,-1.743,9.240,0.9994,0,-1.488,-0.415,2.629,0.2722,5.961,-0.276,0.645,0.994,-2.654,0.752,-0.1306,0.5676,-0.468,-0.468,0.568,1.554,1.620,-2.158,0.0074,0.830,nan,0.00,1,1,1,0,0,0.0000,0.000,0,0.000,0,0.000,0,0,yolo,162.5,yolo,2,2,0,0.000,0,-1,0
1785623956.295,-0.550,-1.812,8.889,0.9995,0,-1.170,-0.308,2.626,0.2709,5.961,-0.276,0.645,0.994,-2.654,0.620,-0.1237,0.5441,-0.461,-0.461,0.544,1.556,1.614,-2.121,0.0073,0.836,nan,0.00,1,1,1,0,0,0.0000,0.000,0,0.000,0,0.000,0,0,yolo,162.5,yolo,2,2,0,0.000,0,-1,0
1785623956.320,-0.550,-1.812,8.889,0.9995,0,-1.170,-0.316,2.624,0.2708,5.961,-0.276,0.645,0.994,-2.654,0.620,-0.1237,0.5441,-0.461,-0.461,0.544,1.556,1.614,-2.128,0.0073,0.836,nan,0.00,1,1,1,0,0,0.0000,0.000,0,0.000,0,0.000,0,0,yolo,162.5,yolo,2,2,0,0.000,0,-1,0
1785623956.356,-0.550,-1.812,8.889,0.9995,0,-1.170,-0.321,2.622,0.2707,5.961,-0.276,0.645,0.994,-2.654,0.620,-0.1237,0.5441,-0.461,-0.461,0.544,1.556,1.614,-2.133,0.0072,0.836,nan,0.00,1,1,1,0,0,0.0000,0.000,0,0.000,0,0.000,0,0,yolo,162.5,yolo,2,2,0,0.000,0,-1,0
1785623956.387,-0.291,-1.886,8.498,0.9994,0,-1.668,-0.523,1.671,0.2777,5.350,-0.182,0.536,0.892,-1.953,1.377,-0.3272,0.6181,-0.451,-0.298,0.516,1.558,1.737,-2.409,0.0071,0.713,nan,0.00,1,1,1,1,0,0.0000,0.000,0,0.000,0,0.000,2,0,yolo,157.7,yolo,2,2,0,0.000,0,-1,0
1785623956.414,-0.291,-1.886,8.498,0.9994,0,-3.075,-0.535,1.814,0.2730,5.350,-0.182,0.536,0.892,-1.953,2.784,-0.1526,0.5164,-0.451,-0.451,0.516,1.558,1.737,-2.420,0.0070,0.713,nan,0.00,1,1,1,0,0,0.0000,0.000,0,0.000,0,0.000,0,0,yolo,157.7,yolo,2,2,0,0.000,0,-1,0
1785623956.450,0.209,-1.971,8.273,0.9994,0,-2.323,-0.407,1.922,0.2715,5.350,-0.182,0.536,0.892,-1.953,2.532,-0.1391,0.4882,-0.438,-0.438,0.488,1.561,1.731,-2.379,0.0070,0.719,nan,0.00,1,1,1,0,0,0.0000,0.000,0,0.000,0,0.000,0,0,yolo,157.7,yolo,2,2,0,0.000,0,-1,0
1785623956.475,0.209,-1.971,8.273,0.9994,0,-2.323,-0.421,2.002,0.2715,5.350,-0.182,0.536,0.892,-1.953,2.532,-0.1391,0.4882,-0.438,-0.438,0.488,1.561,1.731,-2.392,0.0069,0.719,nan,0.00,1,1,1,0,0,0.0000,0.000,0,0.000,0,0.000,0,0,yolo,157.7,yolo,2,2,0,0.000,0,-1,0
1785623956.507,0.585,-2.036,7.968,0.9993,0,-1.587,-0.305,2.063,0.2699,5.350,-0.182,0.536,0.892,-1.953,2.172,-0.1200,0.4576,-0.418,-0.418,0.458,1.565,1.726,-2.341,0.0068,0.724,nan,0.00,1,1,1,0,0,0.0000,0.000,0,0.000,0,0.000,0,0,yolo,157.7,yolo,2,2,0,0.000,0,-1,0
1785623956.541,0.585,-2.036,7.968,0.9993,0,-1.105,-0.464,1.938,0.2865,4.861,-0.132,0.432,0.810,-1.561,1.690,-0.2500,0.9077,-0.418,-0.268,0.458,1.565,1.829,-2.500,0.0068,0.603,nan,0.00,1,1,1,1,0,0.0000,0.000,0,0.000,0,0.000,0,0,yolo,141.5,yolo,2,2,0,0.000,0,-1,0
1785623956.572,0.749,-2.095,7.715,0.9992,0,-2.395,-0.405,2.022,0.2719,4.861,-0.132,0.432,0.810,-1.561,3.143,-0.1342,0.4269,-0.402,-0.402,0.427,1.568,1.825,-2.500,0.0067,0.607,nan,0.00,1,1,1,0,0,0.0000,0.000,0,0.000,0,0.000,0,0,yolo,141.5,yolo,2,2,0,0.000,0,-1,0
1785623956.596,0.749,-2.095,7.715,0.9992,0,-2.395,-0.405,2.084,0.2718,4.861,-0.132,0.432,0.810,-1.561,3.143,-0.1342,0.4269,-0.402,-0.402,0.427,1.568,1.825,-2.500,0.0066,0.607,nan,0.00,1,1,1,0,0,0.0000,0.000,0,0.000,0,0.000,0,0,yolo,141.5,yolo,2,2,0,0.000,0,-1,0
1785623956.635,1.084,-2.141,7.490,0.9991,0,-1.709,-0.359,2.131,0.2703,4.861,-0.132,0.432,0.810,-1.561,2.793,-0.1152,0.3950,-0.383,-0.383,0.395,1.572,1.822,-2.500,0.0066,0.611,nan,0.00,1,1,1,0,0,0.0000,0.000,0,0.000,0,0.000,0,0,yolo,141.5,yolo,2,2,0,0.000,0,-1,0
1785623956.667,1.281,-2.179,7.259,0.9990,0,-0.209,-0.321,2.292,0.2825,4.582,-0.155,0.359,0.764,-1.937,-1.615,0.2260,0.6117,-0.364,-0.206,0.370,1.575,1.861,-2.500,0.0065,0.529,nan,0.00,1,1,1,1,0,0.0000,0.000,0,0.000,0,0.000,0,0,yolo,118.6,yolo,2,2,0,0.000,0,-1,0
1785623956.698,1.281,-2.179,7.259,0.9990,0,-0.841,-0.321,2.092,0.2715,4.582,-0.155,0.359,0.764,-1.937,2.122,-0.1584,0.3695,-0.364,-0.364,0.370,1.575,1.861,-2.500,0.0065,0.529,nan,0.00,1,1,1,0,0,0.0000,0.000,0,0.000,0,0.000,0,0,yolo,118.6,yolo,2,2,0,0.000,0,-1,0
1785623956.730,1.301,-2.213,7.007,0.9990,0,-0.487,-0.287,1.943,0.2700,4.582,-0.155,0.359,0.764,-1.937,1.788,-0.1400,0.3388,-0.346,-0.346,0.339,1.579,1.858,-2.500,0.0064,0.532,nan,0.00,1,1,1,0,0,0.0000,0.000,0,0.000,0,0.000,2,0,yolo,118.6,yolo,2,2,0,0.000,0,-1,0
1785623956.777,1.381,-2.242,6.801,0.9989,0,1.013,-0.258,2.013,0.2810,4.203,-0.177,0.300,0.700,-2.411,-2.761,0.2603,0.5359,-0.328,-0.166,0.317,1.583,1.864,-2.500,0.0064,0.460,nan,0.00,1,1,1,1,0,0.0000,0.000,0,0.000,0,0.000,1,0,yolo,107.2,yolo,2,2,0,0.000,0,-1,0
1785623956.804,1.381,-2.242,6.801,0.9989,0,0.332,-0.258,1.816,0.2711,4.203,-0.177,0.300,0.700,-2.411,1.049,-0.1626,0.3166,-0.328,-0.328,0.317,1.583,1.864,-2.500,0.0063,0.460,nan,0.00,1,1,1,0,0,0.0000,0.000,0,0.000,0,0.000,0,0,yolo,107.2,yolo,2,2,0,0.000,0,-1,0
1785623956.840,1.249,-2.269,6.585,0.9990,0,0.481,-0.231,1.668,0.2700,4.203,-0.177,0.300,0.700,-2.411,0.767,-0.1468,0.2950,-0.313,-0.313,0.295,1.587,1.862,-2.500,0.0063,0.463,nan,0.00,1,1,1,0,0,0.0000,0.000,0,0.000,0,0.000,0,0,yolo,107.2,yolo,2,2,0,0.000,0,-1,0
1785623956.865,1.221,-2.294,6.401,0.9990,0,1.981,-0.206,1.832,0.2866,3.921,-0.198,0.242,0.654,-2.894,-4.722,0.4959,1.0162,-0.298,-0.114,0.276,1.590,1.871,-2.500,0.0062,0.395,nan,0.00,1,1,1,1,0,0.0000,0.000,0,0.000,0,0.000,0,0,yolo,115.2,yolo,2,2,0,0.000,0,-1,0
1785623956.902,1.221,-2.294,6.401,0.9990,0,1.082,-0.206,1.805,0.2710,3.921,-0.198,0.242,0.654,-2.894,0.139,-0.1842,0.2756,-0.298,-0.298,0.276,1.590,1.871,-2.500,0.0062,0.395,nan,0.00,1,1,1,0,0,0.0000,0.000,0,0.000,0,0.000,0,0,yolo,115.2,yolo,2,2,0,0.000,0,-1,0
1785623956.932,0.976,-2.315,6.212,0.9990,0,1.032,-0.185,1.785,0.2696,3.921,-0.198,0.242,0.654,-2.894,-0.056,-0.1731,0.2463,-0.287,-0.287,0.246,1.594,1.869,-2.500,0.0062,0.397,nan,0.00,1,1,1,0,0,0.0000,0.000,0,0.000,0,0.000,1,0,yolo,115.2,yolo,2,2,0,0.000,0,-1,0
1785623956.964,0.893,-2.334,6.024,0.9990,0,1.134,-0.166,1.770,0.2686,3.921,-0.198,0.242,0.654,-2.894,-0.240,-0.1627,0.2266,-0.276,-0.276,0.227,1.598,1.868,-2.500,0.0061,0.399,nan,0.00,1,1,1,0,0,0.0000,0.000,0,0.000,0,0.000,1,0,yolo,115.2,yolo,2,2,0,0.000,0,-1,0
1785623956.996,0.893,-2.334,6.024,0.9990,0,2.634,-0.166,2.017,0.2794,3.619,-0.223,0.198,0.603,-3.533,-4.854,0.3030,0.4297,-0.276,-0.097,0.227,1.598,1.858,-2.500,0.0061,0.341,nan,0.00,1,1,1,1,0,0.0000,0.000,0,0.000,0,0.000,0,0,yolo,116.4,yolo,2,2,0,0.000,0,-1,0
1785623957.025,0.762,-2.352,5.830,0.9991,0,1.762,-0.148,2.037,0.2694,3.619,-0.223,0.198,0.603,-3.533,-0.999,-0.1698,0.2078,-0.267,-0.267,0.208,1.602,1.856,-2.500,0.0061,0.343,nan,0.00,1,1,1,0,0,0.0000,0.000,0,0.000,0,0.000,0,0,yolo,116.4,yolo,2,2,0,0.000,0,-1,0
1785623957.051,0.552,-2.368,5.605,0.9991,0,1.695,-0.132,2.051,0.2687,3.619,-0.223,0.198,0.603,-3.533,-1.142,-0.1615,0.1961,-0.259,-0.259,0.196,1.606,1.855,-2.500,0.0060,0.345,nan,0.00,1,1,1,0,0,0.0000,0.000,0,0.000,0,0.000,0,0,yolo,116.4,yolo,2,2,0,0.000,0,-1,0
1785623957.088,0.552,-2.368,5.605,0.9991,0,3.195,-0.123,2.027,0.2847,3.310,-0.253,0.159,0.552,-4.377,-6.402,0.4873,0.5171,-0.259,-0.069,0.196,1.606,1.833,-2.491,0.0060,0.293,nan,0.00,1,1,1,1,0,0.0000,0.000,0,0.000,0,0.000,0,0,yolo,111.7,yolo,2,2,0,0.000,0,-1,0
1785623957.135,0.104,-2.384,5.348,0.9991,0,1.990,-0.062,1.804,0.2691,3.310,-0.253,0.159,0.552,-4.377,-1.887,-0.1860,0.1721,-0.255,-0.255,0.172,1.611,1.831,-2.446,0.0060,0.296,nan,0.00,1,1,1,0,0,0.0000,0.000,0,0.000,0,0.000,0,0,yolo,111.7,yolo,2,2,0,0.000,0,-1,0
1785623957.160,-0.135,-2.393,5.120,0.9991,0,1.775,-0.020,1.637,0.2684,3.310,-0.253,0.159,0.552,-4.377,-1.910,-0.1846,0.1589,-0.253,-0.253,0.159,1.615,1.830,-2.414,0.0059,0.298,nan,0.00,1,1,1,0,0,0.0000,0.000,0,0.000,0,0.000,0,0,yolo,111.7,yolo,2,2,0,0.000,0,-1,0
1785623957.196,-0.137,-2.393,5.119,0.9991,0,1.773,-0.057,1.511,0.2684,3.310,-0.253,0.159,0.552,-4.377,-1.910,-0.1846,0.1588,-0.253,-0.253,0.159,1.615,1.830,-2.450,0.0059,0.298,nan,0.00,1,1,1,0,0,0.0000,0.000,0,0.000,0,0.000,0,0,yolo,111.7,yolo,2,2,0,0.000,0,-1,0
1785623957.222,-0.361,-2.402,4.944,0.9991,0,1.508,-0.016,1.417,0.2677,3.310,-0.253,0.159,0.552,-4.377,-1.869,-0.1870,0.1461,-0.256,-0.256,0.146,1.620,1.829,-2.418,0.0059,0.299,nan,0.00,1,1,1,0,0,0.0000,0.000,0,0.000,0,0.000,0,0,yolo,111.7,yolo,2,2,0,0.000,0,-1,0
1785623957.255,-0.361,-2.402,4.944,0.9991,0,3.008,0.016,1.830,0.2750,3.029,-0.291,0.124,0.505,-5.496,-6.908,0.3550,0.2768,-0.256,-0.065,0.146,1.620,1.804,-2.387,0.0058,0.253,nan,0.00,1,1,1,1,0,0.0000,0.000,0,0.000,0,0.000,0,0,yolo,148.9,yolo,2,2,0,0.000,0,-1,0
1785623957.288,-0.720,-2.403,4.757,0.9990,0,2.018,0.047,1.947,0.2683,3.029,-0.291,0.124,0.505,-5.496,-2.739,-0.1950,0.1312,-0.260,-0.260,0.131,1.623,1.803,-2.356,0.0058,0.255,nan,0.00,1,1,1,0,0,0.0000,0.000,0,0.000,0,0.000,0,0,yolo,148.9,yolo,2,2,0,0.000,0,-1,0
1785623957.312,-0.720,-2.403,4.757,0.9990,0,2.018,0.019,2.035,0.2683,3.029,-0.291,0.124,0.505,-5.496,-2.739,-0.1950,0.1312,-0.260,-0.260,0.131,1.623,1.803,-2.384,0.0058,0.255,nan,0.00,1,1,1,0,0,0.0000,0.000,0,0.000,0,0.000,0,0,yolo,148.9,yolo,2,2,0,0.000,0,-1,0
1785623957.350,-1.169,-2.404,4.513,0.9989,0,1.418,0.068,2.101,0.2676,3.029,-0.291,0.124,0.505,-5.496,-2.587,-0.2040,0.1177,-0.269,-0.269,0.118,1.628,1.801,-2.336,0.0058,0.257,nan,0.00,1,1,1,0,0,0.0000,0.000,0,0.000,0,0.000,1,0,yolo,148.9,yolo,2,2,0,0.000,0,-1,0
1785623957.373,-1.327,-2.401,4.284,0.9989,0,1.125,0.090,2.150,0.2670,3.029,-0.291,0.124,0.505,-5.496,-2.452,-0.2120,0.1051,-0.277,-0.277,0.105,1.632,1.801,-2.311,0.0057,0.258,nan,0.00,1,1,1,0,0,0.0000,0.000,0,0.000,0,0.000,0,0,yolo,148.9,yolo,2,2,0,0.000,0,-1,0
1785623957.411,-1.327,-2.401,4.284,0.9989,0,2.625,0.314,2.543,0.2744,2.724,-0.336,0.096,0.454,-7.026,-7.951,0.4365,0.2421,-0.277,-0.072,0.105,1.632,1.698,-2.087,0.0057,0.218,nan,0.00,1,1,1,1,0,0.0000,0.000,0,0.000,0,0.000,0,0,yolo,139.5,yolo,2,2,0,0.000,0,-1,0
1785623957.438,-1.618,-2.376,4.025,0.9987,0,1.794,0.319,2.575,0.2674,2.724,-0.336,0.096,0.454,-7.026,-3.412,-0.2151,0.0874,-0.287,-0.287,0.087,1.636,1.698,-2.058,0.0057,0.218,nan,0.00,1,1,1,0,0,0.0000,0.000,0,0.000,0,0.000,0,0,yolo,139.5,yolo,2,2,0,0.000,0,-1,0
1785623957.473,-1.618,-2.376,4.025,0.9987,0,1.794,0.289,2.599,0.2674,2.724,-0.336,0.096,0.454,-7.026,-3.412,-0.2151,0.0874,-0.287,-0.287,0.087,1.636,1.698,-2.087,0.0057,0.218,nan,0.00,1,1,1,0,0,0.0000,0.000,0,0.000,0,0.000,0,0,yolo,139.5,yolo,2,2,0,0.000,0,-1,0
1785623957.502,-1.793,-2.351,3.758,0.9987,0,0.294,1.789,1.099,0.2671,nan,nan,nan,0.000,0.000,2.370,0.0000,0.0762,-0.296,-0.296,0.076,1.640,1.000,-0.316,0.0057,0.212,nan,0.00,0,0,0,0,0,0.0000,0.000,0,0.000,0,0.000,0,0,,,FLYING,2,2,0,0.000,0,-1,0
1785623957.536,-1.810,-2.141,3.634,0.9988,0,-1.206,1.811,0.000,0.2668,nan,nan,nan,0.000,0.000,2.478,0.0000,0.0657,-0.310,-0.310,0.066,1.640,1.000,-0.330,0.0057,0.205,nan,0.00,0,0,0,0,0,0.0000,0.000,0,0.000,0,0.000,0,0,,,FLYING,2,2,0,0.000,0,-1,0
1785623957.568,-1.810,-2.141,3.634,0.9988,0,-2.706,1.790,0.000,0.2670,nan,nan,nan,0.000,0.000,2.478,0.0000,0.0657,-0.310,-0.310,0.066,1.640,1.000,-0.351,0.0057,0.199,nan,0.00,0,0,0,0,0,0.0000,0.000,0,0.000,0,0.000,0,0,,,FLYING,2,2,0,0.000,0,-1,0
1785623957.598,-1.659,-1.933,3.658,0.9990,0,-4.206,1.543,0.000,0.2666,nan,nan,nan,0.000,0.000,2.617,0.0000,0.0542,-0.327,-0.327,0.054,1.639,1.000,-0.390,0.0057,0.193,nan,0.00,0,0,0,0,0,0.0000,0.000,0,0.000,0,0.000,0,0,,,FLYING,2,2,0,0.000,0,-1,0
1785623957.624,-1.110,-1.749,3.660,0.9993,0,-3.822,1.307,0.000,0.2663,nan,nan,nan,0.000,0.000,2.712,0.0000,0.0453,-0.339,-0.339,0.045,1.635,1.000,-0.442,0.0057,0.187,nan,0.00,0,0,0,0,0,0.0000,0.000,0,0.000,0,0.000,0,0,,,FLYING,2,2,0,0.000,0,-1,0
1785623957.660,-1.110,-1.749,3.660,0.9993,0,-3.822,1.316,0.000,0.2664,nan,nan,nan,0.000,0.000,2.712,0.0000,0.0453,-0.339,-0.339,0.045,1.635,1.000,-0.433,0.0057,0.182,nan,0.00,0,0,0,0,0,0.0000,0.000,0,0.000,0,0.000,0,0,,,FLYING,2,2,0,0.000,0,-1,0
1785623957.690,-0.673,-1.592,3.649,0.9995,0,-3.438,1.097,0.000,0.2663,nan,nan,nan,0.000,0.000,2.765,0.0000,0.0403,-0.346,-0.346,0.040,1.630,1.000,-0.495,0.0057,0.176,nan,0.00,0,0,0,0,0,0.0000,0.000,0,0.000,0,0.000,2,0,,,FLYING,2,2,0,0.000,0,-1,0
1785623957.718,-0.673,-1.592,3.649,0.9995,0,-3.438,1.118,0.000,0.2665,nan,nan,nan,0.000,0.000,2.765,0.0000,0.0403,-0.346,-0.346,0.040,1.630,1.000,-0.474,0.0057,0.171,nan,0.00,0,0,0,0,0,0.0000,0.000,0,0.000,0,0.000,0,0,,,FLYING,2,2,0,0.000,0,-1,0
1785623957.752,-0.306,-1.472,3.651,0.9997,0,-3.091,0.936,0.000,0.2664,nan,nan,nan,0.000,0.000,2.785,0.0000,0.0352,-0.348,-0.348,0.035,1.624,1.000,-0.536,0.0057,0.166,nan,0.00,0,0,0,0,0,0.0000,0.000,0,0.000,0,0.000,0,0,,,FLYING,2,2,0,0.000,0,-1,0
1785623957.783,0.087,-1.350,3.651,0.9997,0,-2.688,0.739,0.000,0.2662,nan,nan,nan,0.000,0.000,2.775,0.0000,0.0279,-0.347,-0.347,0.028,1.616,1.000,-0.611,0.0057,0.161,nan,0.00,0,0,0,0,0,0.0000,0.000,0,0.000,0,0.000,0,0,,,FLYING,2,2,0,0.000,0,-1,0
1785623957.811,0.087,-1.350,3.651,0.9997,0,-2.688,0.784,0.000,0.2663,nan,nan,nan,0.000,0.000,2.775,0.0000,0.0279,-0.347,-0.347,0.028,1.616,1.000,-0.566,0.0057,0.156,nan,0.00,0,0,0,0,0,0.0000,0.000,0,0.000,0,0.000,0,0,,,FLYING,2,2,0,0.000,0,-1,0
1785623957.849,0.373,-1.269,3.650,0.9997,0,-2.373,0.642,0.000,0.2662,nan,nan,nan,0.000,0.000,2.746,0.0000,0.0212,-0.343,-0.343,0.021,1.609,1.000,-0.627,0.0057,0.151,nan,0.00,0,0,0,0,0,0.0000,0.000,0,0.000,0,0.000,0,0,,,FLYING,2,2,0,0.000,0,-1,0
1785623957.880,2.187,2.293,23.683,0.9985,0,-3.873,-0.858,0.000,0.2799,nan,nan,nan,0.000,0.000,10.000,0.0000,0.3147,-2.827,-2.827,0.315,-1.442,1.000,-2.500,0.0057,0.147,nan,0.00,0,0,0,0,0,0.0000,0.000,0,0.000,0,0.000,1,0,,,FLYING,2,2,0,0.000,0,-1,0
1785623957.912,2.187,2.293,23.683,0.9985,0,-5.373,-2.358,0.000,0.2800,nan,nan,nan,0.000,0.000,10.000,0.0000,0.3147,-2.827,-2.827,0.315,-1.442,1.000,-2.500,0.0057,0.142,nan,0.00,0,0,0,0,0,0.0000,0.000,0,0.000,0,0.000,0,0,,,FLYING,2,2,0,0.000,0,-1,0
1785623957.957,1.970,1.227,26.414,0.9992,0,-6.873,-3.727,0.000,0.2850,nan,nan,nan,0.000,0.000,10.000,0.0000,0.4268,-4.535,-4.535,0.427,-4.133,1.000,-2.500,0.0057,0.138,nan,0.00,0,0,0,0,0,0.0000,0.000,0,0.000,0,0.000,0,0,,,FLYING,2,2,0,0.000,0,-1,0
1785623957.985,2.673,0.991,23.312,0.9988,0,-7.327,-3.491,0.000,0.2896,nan,nan,nan,0.000,0.000,10.000,0.0000,0.5241,-6.555,-6.555,0.524,-6.493,1.000,-2.500,0.0057,0.134,nan,0.00,0,0,0,0,0,0.0000,0.000,0,0.000,0,0.000,0,0,,,FLYING,2,2,0,0.000,0,-1,0
1785623958.017,3.471,0.461,23.881,0.9981,0,-6.529,-2.961,0.000,0.2925,nan,nan,nan,0.000,0.000,10.000,0.0000,0.5826,-8.326,-8.326,0.583,-9.224,1.000,-2.500,0.0057,0.130,nan,0.00,0,0,0,0,0,0.0000,0.000,0,0.000,0,0.000,0,0,,,FLYING,2,2,0,0.000,0,-1,0
1785623958.051,3.471,0.461,23.881,0.9981,0,-5.029,-2.961,1.500,0.2927,4.000,-1.400,0.000,0.667,-19.290,14.000,0.0000,0.5826,-8.326,-8.326,0.583,-9.224,1.200,-2.500,0.0057,0.126,nan,0.00,1,1,0,0,0,0.0000,0.000,0,0.000,0,0.000,0,1,search,,SEARCH,2,2,0,0.000,0,-1,0
1785623958.083,4.204,0.062,24.168,0.9973,0,-3.529,-2.562,3.000,0.2935,4.000,-1.400,0.000,0.667,-19.290,14.000,-1.8830,0.5939,-10.209,-10.209,0.594,-12.078,1.200,-2.500,0.0057,0.122,nan,0.00,1,1,0,0,0,0.0000,0.000,0,0.000,0,0.000,0,0,search,,SEARCH,2,2,0,0.000,0,-1,0
1785623958.110,4.547,-0.230,23.593,0.9968,0,-3.308,-2.270,4.500,0.2885,4.000,-1.400,0.000,0.667,-19.290,14.000,-1.9495,0.4763,-10.275,-10.275,0.476,-11.968,1.200,-2.500,0.0057,0.119,nan,0.00,1,1,0,0,0,0.0000,0.000,0,0.000,0,0.000,0,0,search,,SEARCH,2,2,0,0.000,0,-1,0
1785623958.140,4.547,-0.230,23.593,0.9968,0,-3.308,-2.270,6.000,0.2886,4.000,-1.400,0.000,0.667,-19.290,14.000,-1.9495,0.4763,-10.275,-10.275,0.476,-11.968,1.200,-2.500,0.0057,0.115,nan,0.00,1,1,0,0,0,0.0000,0.000,0,0.000,0,0.000,0,0,search,,SEARCH,2,2,0,0.000,0,-1,0
1785623958.178,4.965,-0.489,22.847,0.9962,0,-3.162,-2.011,7.500,0.2886,4.000,-1.400,0.000,0.667,-19.290,14.000,-2.0402,0.4703,-10.366,-10.366,0.470,-11.823,1.200,-2.500,0.0057,0.112,nan,0.00,1,1,0,0,0,0.0000,0.000,0,0.000,0,0.000,0,0,search,,SEARCH,2,2,0,0.000,0,-1,0
1785623958.205,4.965,-0.489,22.847,0.9962,0,-3.162,-2.011,9.000,0.2887,4.000,-1.400,0.000,0.667,-19.290,14.000,-2.0402,0.4703,-10.366,-10.366,0.470,-11.823,1.200,-2.500,0.0057,0.108,nan,0.00,1,1,0,0,0,0.0000,0.000,0,0.000,0,0.000,0,0,search,,SEARCH,2,2,0,0.000,0,-1,0
1785623958.237,5.353,-0.685,21.973,0.9956,0,-3.027,-1.815,10.500,0.2875,4.000,-1.400,0.000,0.667,-19.290,14.000,-2.1543,0.4369,-10.480,-10.480,0.437,-11.651,1.200,-2.500,0.0057,0.105,nan,0.00,1,1,0,0,0,0.0000,0.000,0,0.000,0,0.000,0,0,search,,SEARCH,2,2,0,0.000,0,-1,0
1785623958.270,5.671,-0.794,20.964,0.9950,0,-2.915,-1.706,12.000,0.2857,4.000,-1.400,0.000,0.667,-19.290,14.000,-2.3019,0.3925,-10.628,-10.628,0.393,-11.455,1.200,-2.500,0.0057,0.102,nan,0.00,1,1,0,0,0,0.0000,0.000,0,0.000,0,0.000,0,0,search,,SEARCH,2,2,0,0.000,0,-1,0
1785623958.302,6.014,-0.871,19.650,0.9944,0,-2.795,-1.629,12.000,0.2837,4.000,-1.400,0.000,0.667,-19.290,14.000,-2.4989,0.3418,-10.824,-10.824,0.342,-11.196,1.200,-2.500,0.0057,0.099,nan,0.00,1,1,0,0,0,0.0000,0.000,0,0.000,0,0.000,0,0,search,,SEARCH,2,2,0,0.000,0,-1,0
1785623958.331,6.014,-0.871,19.650,0.9944,0,-2.795,-1.629,12.000,0.2838,4.000,-1.400,0.000,0.667,-19.290,14.000,-2.4989,0.3418,-10.824,-10.824,0.342,-11.196,1.200,-2.500,0.0057,0.096,nan,0.00,1,1,0,0,0,0.0000,0.000,0,0.000,0,0.000,0,0,search,,SEARCH,2,2,0,0.000,0,-1,0
1785623958.364,6.324,-0.933,18.472,0.9938,0,-2.686,-1.567,12.000,0.2821,4.000,-1.400,0.000,0.667,-19.290,14.000,-2.6660,0.2997,-10.992,-10.992,0.300,-10.960,1.200,-2.500,0.0057,0.093,nan,0.00,1,1,0,0,0,0.0000,0.000,0,0.000,0,0.000,0,0,search,,SEARCH,2,2,0,0.000,0,-1,0
1785623958.394,6.636,-0.983,17.280,0.9932,0,-2.577,-1.517,12.000,0.2806,4.000,-1.400,0.000,0.667,-19.290,14.000,-2.8269,0.2593,-11.152,-11.152,0.259,-10.717,1.200,-2.500,0.0057,0.090,nan,0.00,1,1,0,0,0,0.0000,0.000,0,0.000,0,0.000,0,0,search,,SEARCH,2,2,0,0.000,0,-1,0
1785623958.427,6.636,-0.983,17.280,0.9932,0,-2.577,-1.517,12.000,0.2806,4.000,-1.400,0.000,0.667,-19.290,14.000,-2.8269,0.2593,-11.152,-11.152,0.259,-10.717,1.200,-2.500,0.0057,0.087,nan,0.00,1,1,0,0,0,0.0000,0.000,0,0.000,0,0.000,0,0,search,,SEARCH,2,2,0,0.000,0,-1,0
1785623958.459,6.938,-1.018,16.072,0.9925,0,-2.472,-1.482,12.000,0.2793,4.000,-1.400,0.000,0.667,-19.290,14.000,-2.9840,0.2242,-11.310,-11.310,0.224,-10.467,1.200,-2.500,0.0057,0.085,nan,0.00,1,1,0,0,0,0.0000,0.000,0,0.000,0,0.000,0,0,search,,SEARCH,2,2,0,0.000,0,-1,0
1785623958.486,7.219,-1.040,14.909,0.9919,0,-2.373,-1.460,12.000,0.2783,4.000,-1.400,0.000,0.667,-19.290,14.000,-3.1285,0.1956,-11.454,-11.454,0.196,-10.224,1.200,-2.500,0.0057,0.082,nan,0.00,1,1,0,0,0,0.0000,0.000,0,0.000,0,0.000,0,0,search,,SEARCH,2,2,0,0.000,0,-1,0
1785623958.521,7.219,-1.040,14.909,0.9919,0,-2.373,-1.460,12.000,0.2783,4.000,-1.400,0.000,0.667,-19.290,14.000,-3.1285,0.1956,-11.454,-11.454,0.196,-10.224,1.200,-2.500,0.0057,0.080,nan,0.00,1,1,0,0,0,0.0000,0.000,0,0.000,0,0.000,0,0,search,,SEARCH,2,2,0,0.000,0,-1,0
1785623958.544,7.525,-1.055,13.601,0.9912,0,-2.266,-1.445,12.000,0.2774,4.000,-1.400,0.000,0.667,-19.290,14.000,-3.2825,0.1683,-11.608,-11.608,0.168,-9.947,1.200,-2.500,0.0057,0.077,nan,0.00,1,1,0,0,0,0.0000,0.000,0,0.000,0,0.000,0,0,search,,SEARCH,2,2,0,0.000,0,-1,0
1785623958.583,7.798,-1.060,12.389,0.9906,0,-2.171,-1.440,12.000,0.2766,4.000,-1.400,0.000,0.667,-19.290,14.000,-3.4180,0.1463,-11.744,-11.744,0.146,-9.687,1.200,-2.500,0.0057,0.075,nan,0.00,1,1,0,0,0,0.0000,0.000,0,0.000,0,0.000,1,0,search,,SEARCH,2,2,0,0.000,0,-1,0
1785623958.615,7.798,-1.060,12.389,0.9906,0,-2.171,-1.440,12.000,0.2767,4.000,-1.400,0.000,0.667,-19.290,14.000,-3.4180,0.1463,-11.744,-11.744,0.146,-9.687,1.200,-2.500,0.0057,0.073,nan,0.00,1,1,0,0,0,0.0000,0.000,0,0.000,0,0.000,0,0,search,,SEARCH,2,2,0,0.000,0,-1,0
1785623958.641,8.081,-1.057,11.083,0.9899,0,-2.072,-1.443,12.000,0.2760,4.000,-1.400,0.000,0.667,-19.290,14.000,-3.5558,0.1255,-11.881,-11.881,0.126,-9.403,1.200,-2.500,0.0057,0.071,nan,0.00,1,1,0,0,0,0.0000,0.000,0,0.000,0,0.000,0,0,search,,SEARCH,2,2,0,0.000,0,-1,0
1785623958.674,8.356,-1.046,9.758,0.9892,0,-1.975,-1.454,12.000,0.2754,4.000,-1.400,0.000,0.667,-19.290,14.000,-3.6869,0.1066,-12.013,-12.013,0.107,-9.112,1.200,-2.500,0.0057,0.069,nan,0.00,1,1,0,0,0,0.0000,0.000,0,0.000,0,0.000,0,0,search,,SEARCH,2,2,0,0.000,0,-1,0
1785623958.709,8.356,-1.046,9.758,0.9892,0,-1.975,-1.454,12.000,0.2754,4.000,-1.400,0.000,0.667,-19.290,14.000,-3.6869,0.1066,-12.013,-12.013,0.107,-9.112,1.200,-2.500,0.0057,0.066,nan,0.00,1,1,0,0,0,0.0000,0.000,0,0.000,0,0.000,0,0,search,,SEARCH,2,2,0,0.000,0,-1,0
1785623958.754,8.597,-1.032,8.547,0.9886,0,-1.891,-1.468,12.000,0.2750,4.000,-1.400,0.000,0.667,-19.290,14.000,-3.7993,0.0909,-12.125,-12.125,0.091,-8.844,1.200,-2.500,0.0057,0.064,nan,0.00,1,1,0,0,0,0.0000,0.000,0,0.000,0,0.000,0,0,search,,SEARCH,2,2,0,0.000,0,-1,0
1785623958.784,8.810,-1.015,7.482,0.9880,0,-1.816,-1.485,12.000,0.2746,4.000,-1.400,0.000,0.667,-19.290,14.000,-3.8921,0.0781,-12.218,-12.218,0.078,-8.606,1.200,-2.500,0.0057,0.063,nan,0.00,1,1,0,0,0,0.0000,0.000,0,0.000,0,0.000,0,0,search,,SEARCH,2,2,0,0.000,0,-1,0
1785623958.811,9.042,-0.993,6.219,0.9874,0,-1.735,-1.507,12.000,0.2742,4.000,-1.400,0.000,0.667,-19.290,14.000,-3.9951,0.0643,-12.321,-12.321,0.064,-8.322,1.200,-2.500,0.0057,0.061,nan,0.00,1,1,0,0,0,0.0000,0.000,0,0.000,0,0.000,0,0,search,,SEARCH,2,2,0,0.000,0,-1,0
1785623958.845,9.242,-0.970,5.087,0.9869,0,-1.665,-1.530,12.000,0.2739,4.000,-1.400,0.000,0.667,-19.290,14.000,-4.0810,0.0532,-12.407,-12.407,0.053,-8.066,1.200,-2.500,0.0057,0.059,nan,0.00,1,1,0,0,0,0.0000,0.000,0,0.000,0,0.000,0,0,search,,SEARCH,2,2,0,0.000,0,-1,0
1785623958.872,9.242,-0.970,5.087,0.9869,0,-1.665,-1.530,12.000,0.2740,4.000,-1.400,0.000,0.667,-19.290,14.000,-4.0810,0.0532,-12.407,-12.407,0.053,-8.066,1.200,-2.500,0.0057,0.057,nan,0.00,1,1,0,0,0,0.0000,0.000,0,0.000,0,0.000,0,0,search,,SEARCH,2,2,0,0.000,0,-1,0
1785623958.908,9.443,-0.945,3.906,0.9863,0,-1.595,-1.555,12.000,0.2737,4.000,-1.400,0.000,0.667,-19.290,14.000,-4.1640,0.0428,-12.490,-12.490,0.043,-7.796,1.200,-2.500,0.0057,0.055,nan,0.00,1,1,0,0,0,0.0000,0.000,0,0.000,0,0.000,0,0,search,,SEARCH,2,2,0,0.000,0,-1,0
1785623958.935,9.644,-0.916,2.670,0.9857,0,-1.524,-1.584,12.000,0.2734,4.000,-1.400,0.000,0.667,-19.290,14.000,-4.2437,0.0329,-12.569,-12.569,0.033,-7.513,1.200,-2.500,0.0057,0.054,nan,0.00,1,1,0,0,0,0.0000,0.000,0,0.000,0,0.000,0,0,search,,SEARCH,2,2,0,0.000,0,-1,0
1785623958.969,9.644,-0.916,2.670,0.9857,0,-1.524,-1.584,12.000,0.2735,4.000,-1.400,0.000,0.667,-19.290,14.000,-4.2437,0.0329,-12.569,-12.569,0.033,-7.513,1.200,-2.500,0.0057,0.052,nan,0.00,1,1,0,0,0,0.0000,0.000,0,0.000,0,0.000,0,0,search,,SEARCH,2,2,0,0.000,0,-1,0
1785623959.000,9.800,-0.892,1.677,0.9853,0,-1.470,-1.608,12.000,0.2734,4.000,-1.400,0.000,0.667,-19.290,14.000,-4.3025,0.0261,-12.628,-12.628,0.026,-7.284,1.200,-2.500,0.0057,0.051,nan,0.00,1,1,0,0,0,0.0000,0.000,0,0.000,0,0.000,0,0,search,,SEARCH,2,2,0,0.000,0,-1,1
1785623959.027,13.662,-7.272,-1.512,0.9639,0,-0.118,-0.108,12.000,0.2843,4.000,-1.400,0.000,0.667,-19.290,14.000,-4.5870,0.1286,-12.913,-12.913,0.129,-6.763,1.200,-2.500,0.0057,0.049,nan,0.00,1,1,0,0,0,0.0000,0.000,0,0.000,0,0.000,0,0,search,,SEARCH,2,2,0,0.000,0,-1,0
1785623959.062,12.848,-5.376,-2.175,0.9707,0,-0.403,1.392,12.000,0.2871,4.000,-1.400,0.000,0.667,-19.290,14.000,-5.0621,0.2313,-13.388,-13.388,0.231,-6.926,1.200,-2.500,0.0057,0.048,nan,0.00,1,1,0,0,0,0.0000,0.000,0,0.000,0,0.000,1,0,search,,SEARCH,2,2,0,0.000,0,-1,0
1785623959.086,13.064,-5.139,-3.079,0.9702,0,-0.327,2.639,12.000,0.2923,4.000,-1.400,0.000,0.667,-19.290,14.000,-5.4677,0.3399,-13.793,-13.793,0.340,-7.019,1.200,-2.500,0.0057,0.046,nan,0.00,1,1,0,0,0,0.0000,0.000,0,0.000,0,0.000,0,0,search,,SEARCH,2,2,0,0.000,0,-1,0
1785623959.124,13.064,-5.139,-3.079,0.9702,0,-0.327,2.639,12.000,0.2923,4.000,-1.400,0.000,0.667,-19.290,14.000,-5.4677,0.3399,-13.793,-13.793,0.340,-7.019,1.200,-2.500,0.0057,0.045,nan,0.00,1,1,0,0,0,0.0000,0.000,0,0.000,0,0.000,0,0,search,,SEARCH,2,2,0,0.000,0,-1,0
1785623959.152,13.454,-4.794,-3.504,0.9692,0,-0.191,2.294,12.000,0.2988,4.000,-1.400,0.000,0.667,-19.290,14.000,-5.8630,0.4712,-14.189,-14.189,0.471,-7.305,1.200,-2.500,0.0057,0.043,nan,0.00,1,1,0,0,0,0.0000,0.000,0,0.000,0,0.000,0,0,search,,SEARCH,2,2,0,0.000,0,-1,0
1785623959.182,13.971,-4.894,-4.022,0.9669,0,-0.010,2.394,12.000,0.3047,4.000,-1.400,0.000,0.667,-19.290,14.000,-6.1975,0.5811,-14.523,-14.523,0.581,-7.518,1.200,-2.500,0.0057,0.042,nan,0.00,1,1,0,0,0,0.0000,0.000,0,0.000,0,0.000,0,0,search,,SEARCH,2,2,0,0.000,0,-1,0
1785623959.219,13.971,-4.894,-4.022,0.9669,0,-0.010,2.394,12.000,0.3047,4.000,-1.400,0.000,0.667,-19.290,14.000,-6.1975,0.5811,-14.523,-14.523,0.581,-7.518,1.200,-2.500,0.0057,0.041,nan,0.00,1,1,0,0,0,0.0000,0.000,0,0.000,0,0.000,1,0,search,,SEARCH,2,2,0,0.000,0,-1,1
1785623959.244,14.439,-4.807,-4.570,0.9650,0,0.154,2.307,12.000,0.3042,4.000,-1.400,0.000,0.667,-19.290,14.000,-6.1224,0.5567,-14.448,-14.448,0.557,-7.377,1.200,-2.500,0.0057,0.040,nan,0.00,1,1,0,0,0,0.0000,0.000,0,0.000,0,0.000,0,0,search,,SEARCH,2,2,0,0.000,0,-1,0
1785623959.278,14.832,-4.705,-5.157,0.9634,0,0.291,2.205,12.000,0.3048,4.000,-1.400,0.000,0.667,-19.290,14.000,-6.0582,0.5577,-14.384,-14.384,0.558,-7.244,1.200,-2.500,0.0057,0.038,nan,0.00,1,1,0,0,0,0.0000,0.000,0,0.000,0,0.000,0,0,search,,SEARCH,2,2,0,0.000,0,-1,0
1785623959.308,15.098,-4.566,-5.695,0.9624,0,0.384,2.066,12.000,0.3052,4.000,-1.400,0.000,0.667,-19.290,14.000,-6.0178,0.5586,-14.343,-14.343,0.559,-7.136,1.200,-2.500,0.0057,0.037,nan,0.00,1,1,0,0,0,0.0000,0.000,0,0.000,0,0.000,0,0,search,,SEARCH,2,2,0,0.000,0,-1,0
1785623959.336,15.098,-4.566,-5.695,0.9624,0,0.384,2.066,12.000,0.3052,4.000,-1.400,0.000,0.667,-19.290,14.000,-6.0178,0.5586,-14.343,-14.343,0.559,-7.136,1.200,-2.500,0.0057,0.036,nan,0.00,1,1,0,0,0,0.0000,0.000,0,0.000,0,0.000,0,0,search,,SEARCH,2,2,0,0.000,0,-1,0
1785623959.372,15.314,-4.379,-6.291,0.9617,0,0.460,1.879,12.000,0.3055,4.000,-1.400,0.000,0.667,-19.290,14.000,-5.9901,0.5584,-14.316,-14.316,0.558,-7.020,1.200,-2.500,0.0057,0.035,nan,0.00,1,1,0,0,0,0.0000,0.000,0,0.000,0,0.000,0,0,search,,SEARCH,2,2,0,0.000,0,-1,0
1785623959.396,15.499,-4.147,-6.924,0.9611,0,0.525,1.647,12.000,0.3056,4.000,-1.400,0.000,0.667,-19.290,14.000,-5.9666,0.5571,-14.292,-14.292,0.557,-6.898,1.200,-2.500,0.0057,0.034,nan,0.00,1,1,0,0,0,0.0000,0.000,0,0.000,0,0.000,0,0,search,,SEARCH,2,2,0,0.000,0,-1,0
1785623959.419,15.499,-4.147,-6.924,0.9611,0,0.525,1.647,12.000,0.3056,4.000,-1.400,0.000,0.667,-19.290,14.000,-5.9666,0.5571,-14.292,-14.292,0.557,-6.898,1.200,-2.500,0.0057,0.033,nan,0.00,1,1,0,0,0,0.0000,0.000,0,0.000,0,0.000,1,0,search,,SEARCH,2,2,0,0.000,0,-1,0
1785623959.452,15.646,-3.871,-7.717,0.9607,0,0.576,1.371,10.500,0.3057,4.000,1.400,0.000,0.667,19.290,14.000,-5.9583,0.5552,-14.284,-14.284,0.555,-6.740,1.200,-2.500,0.0057,0.032,nan,0.00,1,1,0,0,0,0.0000,0.000,0,0.000,0,0.000,0,0,search,,SEARCH,2,2,0,0.000,0,-1,0
1785623959.481,15.674,-3.566,-8.386,0.9609,0,0.586,1.066,9.000,0.3055,4.000,1.400,0.000,0.667,19.290,14.000,-5.9527,0.5527,-14.278,-14.278,0.553,-6.613,1.200,-2.500,0.0057,0.031,nan,0.00,1,1,0,0,0,0.0000,0.000,0,0.000,0,0.000,0,0,search,,SEARCH,2,2,0,0.000,0,-1,0
1785623959.510,15.674,-3.566,-8.386,0.9609,0,0.586,1.066,7.500,0.3056,4.000,1.400,0.000,0.667,19.290,14.000,-5.9527,0.5527,-14.278,-14.278,0.553,-6.613,1.200,-2.500,0.0057,0.030,nan,0.00,1,1,0,0,0,0.0000,0.000,0,0.000,0,0.000,0,0,search,,SEARCH,2,2,0,0.000,0,-1,0
1785623959.545,22.838,-6.358,-21.198,0.9159,0,2.086,2.566,6.000,0.3209,4.000,1.400,0.000,0.667,19.290,14.000,-6.1439,0.5585,-14.470,-14.470,0.558,-3.069,1.200,6.000,0.0057,0.029,nan,0.00,1,1,0,0,0,0.0000,0.000,0,0.000,0,0.000,0,0,search,,SEARCH,2,2,0,0.000,0,-1,0
1785623959.578,23.128,-4.999,-25.593,0.9161,0,3.195,4.066,4.500,0.3172,4.000,1.400,0.000,0.667,19.290,14.000,-6.2875,0.4829,-14.613,-14.613,0.483,-1.860,1.200,6.000,0.0057,0.028,nan,0.00,1,1,0,0,0,0.0000,0.000,0,0.000,0,0.000,0,0,search,,SEARCH,2,2,0,0.000,0,-1,0
1785623959.607,22.242,-4.972,-22.665,0.9221,0,2.885,5.566,3.000,0.3113,4.000,1.400,0.000,0.667,19.290,14.000,-6.1959,0.4046,-14.521,-14.521,0.405,-2.675,1.200,6.000,0.0057,0.027,nan,0.00,1,1,0,0,0,0.0000,0.000,0,0.000,0,0.000,0,0,search,,SEARCH,2,2,0,0.000,0,-1,0
1785623959.634,22.242,-4.972,-22.665,0.9221,0,2.885,7.066,1.500,0.3113,4.000,1.400,0.000,0.667,19.290,14.000,-6.1959,0.4046,-14.521,-14.521,0.405,-2.675,1.200,2.280,0.0057,0.027,nan,0.00,1,1,0,0,0,0.0000,0.000,0,0.000,0,0.000,0,0,search,,SEARCH,2,2,0,0.000,0,-1,0
1785623959.669,21.654,-4.452,-22.109,0.9266,0,2.679,5.566,0.000,0.3067,4.000,1.400,0.000,0.667,19.290,14.000,-6.1867,0.3401,-14.512,-14.512,0.340,-2.821,1.200,-2.500,0.0057,0.026,nan,0.00,1,1,0,0,0,0.0000,0.000,0,0.000,0,0.000,1,0,search,,SEARCH,2,2,0,0.000,0,-1,0
1785623959.700,20.956,-3.199,-22.535,0.9324,0,2.434,4.066,-1.500,0.3011,4.000,1.400,0.000,0.667,19.290,14.000,-6.2357,0.2623,-14.561,-14.561,0.262,-2.694,1.200,-2.500,0.0057,0.025,nan,0.00,1,1,0,0,0,0.0000,0.000,0,0.000,0,0.000,0,0,search,,SEARCH,2,2,0,0.000,0,-1,0
1785623959.731,20.361,-2.530,-22.237,0.9366,0,2.226,2.566,-3.000,0.2965,4.000,1.400,0.000,0.667,19.290,14.000,-6.1971,0.1936,-14.523,-14.523,0.194,-2.772,1.200,-2.500,0.0057,0.024,nan,0.00,1,1,0,0,0,0.0000,0.000,0,0.000,0,0.000,0,0,search,,SEARCH,2,2,0,0.000,0,-1,0
1785623959.763,20.354,-2.525,-22.231,0.9367,0,2.224,1.066,-4.500,0.2965,4.000,1.400,0.000,0.667,19.290,14.000,-6.1959,0.1937,-14.522,-14.522,0.194,-2.773,1.200,-2.500,0.0057,0.024,nan,0.00,1,1,0,0,0,0.0000,0.000,0,0.000,0,0.000,0,0,search,,SEARCH,2,2,0,0.000,0,-1,0
1785623959.810,19.725,-2.404,-21.475,0.9405,0,2.004,-0.096,-6.000,0.2964,4.000,1.400,0.000,0.667,19.290,14.000,-6.0388,0.2166,-14.364,-14.364,0.217,-2.959,1.200,-2.500,0.0057,0.023,nan,0.00,1,1,0,0,0,0.0000,0.000,0,0.000,0,0.000,0,0,search,,SEARCH,2,2,0,0.000,0,-1,0
1785623959.837,19.273,-2.442,-20.859,0.9431,0,1.846,-0.058,-7.500,0.2957,4.000,1.400,0.000,0.667,19.290,14.000,-5.8999,0.2192,-14.226,-14.226,0.219,-3.107,1.200,-2.500,0.0057,0.022,nan,0.00,1,1,0,0,0,0.0000,0.000,0,0.000,0,0.000,0,0,search,,SEARCH,2,2,0,0.000,0,-1,0
1785623959.872,19.273,-2.442,-20.859,0.9431,0,1.846,-0.058,-9.000,0.2957,4.000,1.400,0.000,0.667,19.290,14.000,-5.8999,0.2192,-14.226,-14.226,0.219,-3.107,1.200,-2.500,0.0057,0.022,nan,0.00,1,1,0,0,0,0.0000,0.000,0,0.000,0,0.000,0,0,search,,SEARCH,2,2,0,0.000,0,-1,0
1785623959.903,18.797,-2.658,-19.701,0.9456,0,1.679,0.158,-10.500,0.2943,4.000,1.400,0.000,0.667,19.290,14.000,-5.7071,0.2060,-14.033,-14.033,0.206,-3.389,1.200,-2.500,0.0057,0.021,nan,0.00,1,1,0,0,0,0.0000,0.000,0,0.000,0,0.000,0,0,search,,SEARCH,2,2,0,0.000,0,-1,0
1785623959.932,18.797,-2.658,-19.701,0.9456,0,1.679,0.158,-12.000,0.2943,4.000,1.400,0.000,0.667,19.290,14.000,-5.7071,0.2060,-14.033,-14.033,0.206,-3.389,1.200,-2.500,0.0057,0.020,nan,0.00,1,1,0,0,0,0.0000,0.000,0,0.000,0,0.000,0,0,search,,SEARCH,2,2,0,0.000,0,-1,0
1785623959.963,18.396,-2.904,-18.489,0.9477,0,1.539,0.404,-12.000,0.2926,4.000,1.400,0.000,0.667,19.290,14.000,-5.5111,0.1829,-13.837,-13.837,0.183,-3.679,1.200,-2.500,0.0057,0.020,nan,0.00,1,1,0,0,0,0.0000,0.000,0,0.000,0,0.000,0,0,search,,SEARCH,2,2,0,0.000,0,-1,0
1785623959.997,17.976,-3.156,-17.225,0.9497,0,1.392,0.656,-12.000,0.2905,4.000,1.400,0.000,0.667,19.290,14.000,-5.3037,0.1505,-13.629,-13.629,0.150,-3.972,1.200,-2.500,0.0057,0.019,nan,0.00,1,1,0,0,0,0.0000,0.000,0,0.000,0,0.000,0,0,search,,SEARCH,2,2,0,0.000,0,-1,0
1785623960.029,17.969,-3.161,-17.199,0.9498,0,1.389,0.661,-12.000,0.2905,4.000,1.400,0.000,0.667,19.290,14.000,-5.2995,0.1498,-13.625,-13.625,0.150,-3.978,1.200,-2.500,0.0057,0.018,nan,0.00,1,1,0,0,0,0.0000,0.000,0,0.000,0,0.000,0,0,search,,SEARCH,2,2,0,0.000,0,-1,0
1785623960.059,17.608,-3.441,-15.745,0.9514,0,1.263,0.941,-12.000,0.2883,4.000,1.400,0.000,0.667,19.290,14.000,-5.0630,0.1140,-13.389,-13.389,0.114,-4.309,1.200,-2.500,0.0057,0.018,nan,0.00,1,1,0,0,0,0.0000,0.000,0,0.000,0,0.000,0,0,search,,SEARCH,2,2,0,0.000,0,-1,0
1785623960.090,17.608,-3.441,-15.745,0.9514,0,1.263,0.941,-12.000,0.2883,4.000,1.400,0.000,0.667,19.290,14.000,-5.0630,0.1140,-13.389,-13.389,0.114,-4.309,1.200,-2.500,0.0057,0.017,nan,0.00,1,1,0,0,0,0.0000,0.000,0,0.000,0,0.000,0,0,search,,SEARCH,2,2,0,0.000,0,-1,0
1785623960.119,17.305,-3.665,-14.433,0.9528,0,1.157,1.165,-12.000,0.2866,4.000,1.400,0.000,0.667,19.290,14.000,-4.8424,0.0860,-13.168,-13.168,0.086,-4.599,1.200,-2.500,0.0057,0.017,nan,0.00,1,1,0,0,0,0.0000,0.000,0,0.000,0,0.000,0,0,search,,SEARCH,2,2,0,0.000,0,-1,0
1785623960.153,17.028,-3.870,-13.131,0.9540,0,1.060,1.370,-12.000,0.2852,4.000,1.400,0.000,0.667,19.290,14.000,-4.6192,0.0634,-12.945,-12.945,0.063,-4.881,1.200,-2.500,0.0057,0.016,nan,0.00,1,1,0,0,0,0.0000,0.000,0,0.000,0,0.000,0,0,search,,SEARCH,2,2,0,0.000,0,-1,0
1785623960.184,17.028,-3.870,-13.131,0.9540,0,1.060,1.370,-12.000,0.2852,4.000,1.400,0.000,0.667,19.290,14.000,-4.6192,0.0634,-12.945,-12.945,0.063,-4.881,1.200,-2.500,0.0057,0.016,nan,0.00,1,1,0,0,0,0.0000,0.000,0,0.000,0,0.000,0,0,search,,SEARCH,2,2,0,0.000,0,-1,0
1785623960.226,16.734,-4.079,-11.654,0.9552,0,0.957,1.579,-12.000,0.2839,4.000,1.400,0.000,0.667,19.290,14.000,-4.3598,0.0429,-12.685,-12.685,0.043,-5.191,1.200,-2.500,0.0057,0.015,nan,0.00,1,1,0,0,0,0.0000,0.000,0,0.000,0,0.000,0,0,search,,SEARCH,2,2,0,0.000,0,-1,0
1785623960.261,16.468,-4.256,-10.220,0.9563,0,0.864,1.756,-12.000,0.2828,4.000,1.400,0.000,0.667,19.290,14.000,-4.1029,0.0282,-12.429,-12.429,0.028,-5.484,1.200,-2.500,0.0057,0.015,nan,0.00,1,1,0,0,0,0.0000,0.000,0,0.000,0,0.000,0,0,search,,SEARCH,2,2,0,0.000,0,-1,0
1785623960.296,16.468,-4.256,-10.220,0.9563,0,0.864,1.756,-12.000,0.2829,4.000,1.400,0.000,0.667,19.290,14.000,-4.1029,0.0282,-12.429,-12.429,0.028,-5.484,1.200,-2.500,0.0057,0.014,nan,0.00,1,1,0,0,0,0.0000,0.000,0,0.000,0,0.000,0,0,search,,SEARCH,2,2,0,0.000,0,-1,0
1785623960.324,16.208,-4.418,-8.731,0.9574,0,0.773,1.918,-12.000,0.2820,4.000,1.400,0.000,0.667,19.290,14.000,-3.8315,0.0165,-12.157,-12.157,0.017,-5.779,1.200,-2.500,0.0057,0.014,nan,0.00,1,1,0,0,0,0.0000,0.000,0,0.000,0,0.000,0,0,search,,SEARCH,2,2,0,0.000,0,-1,0
1785623960.356,16.208,-4.418,-8.731,0.9574,0,0.773,1.918,-12.000,0.2820,4.000,1.400,0.000,0.667,19.290,14.000,-3.8315,0.0165,-12.157,-12.157,0.017,-5.779,1.200,-2.500,0.0057,0.014,nan,0.00,1,1,0,0,0,0.0000,0.000,0,0.000,0,0.000,0,0,search,,SEARCH,2,2,0,0.000,0,-1,0
1785623960.387,15.965,-4.556,-7.254,0.9584,0,0.688,2.056,-12.000,0.2813,4.000,1.400,0.000,0.667,19.290,14.000,-3.5580,0.0073,-11.884,-11.884,0.007,-6.063,1.200,-2.500,0.0057,0.013,nan,0.00,1,1,0,0,0,0.0000,0.000,0,0.000,0,0.000,0,0,search,,SEARCH,2,2,0,0.000,0,-1,0
1785623960.415,15.965,-4.556,-7.254,0.9584,0,0.688,2.056,-12.000,0.2813,4.000,1.400,0.000,0.667,19.290,14.000,-3.5580,0.0073,-11.884,-11.884,0.007,-6.063,1.200,-2.500,0.0057,0.013,nan,0.00,1,1,0,0,0,0.0000,0.000,0,0.000,0,0.000,0,0,search,,SEARCH,2,2,0,0.000,0,-1,0
1785623960.450,15.731,-4.676,-5.751,0.9593,0,0.606,2.176,-12.000,0.2807,4.000,1.400,0.000,0.667,19.290,14.000,-3.2756,-0.0006,-11.601,-11.601,-0.001,-6.344,1.200,-2.500,0.0057,0.012,nan,0.00,1,1,0,0,0,0.0000,0.000,0,0.000,0,0.000,1,0,search,,SEARCH,2,2,0,0.000,0,-1,0
1785623960.491,15.512,-4.777,-4.262,0.9602,0,0.529,2.277,-12.000,0.2801,4.000,1.400,0.000,0.667,19.290,14.000,-2.9916,-0.0071,-11.317,-11.317,-0.007,-6.614,1.200,-2.500,0.0057,0.012,nan,0.00,1,1,0,0,0,0.0000,0.000,0,0.000,0,0.000,0,0,search,,SEARCH,2,2,0,0.000,0,-1,0
1785623960.525,15.512,-4.777,-4.262,0.9602,0,0.529,2.277,-12.000,0.2801,4.000,1.400,0.000,0.667,19.290,14.000,-2.9916,-0.0071,-11.317,-11.317,-0.007,-6.614,1.200,-2.500,0.0057,0.012,nan,0.00,1,1,0,0,0,0.0000,0.000,0,0.000,0,0.000,0,0,search,,SEARCH,2,2,0,0.000,0,-1,0
1785623960.553,15.309,-4.859,-2.814,0.9610,0,0.458,2.359,-12.000,0.2797,4.000,1.400,0.000,0.667,19.290,14.000,-2.7120,-0.0125,-11.038,-11.038,-0.013,-6.868,1.200,-2.500,0.0057,0.011,nan,0.00,1,1,0,0,0,0.0000,0.000,0,0.000,0,0.000,0,0,search,,SEARCH,2,2,0,0.000,0,-1,0
1785623960.589,15.110,-4.930,-1.317,0.9619,0,0.388,2.430,-12.000,0.2792,4.000,1.400,0.000,0.667,19.290,14.000,-2.4191,-0.0173,-10.745,-10.745,-0.017,-7.123,1.200,-2.500,0.0057,0.011,nan,0.00,1,1,0,0,0,0.0000,0.000,0,0.000,0,0.000,0,0,search,,SEARCH,2,2,0,0.000,0,-1,0
1785623960.616,15.110,-4.930,-1.317,0.9619,0,0.388,2.430,-12.000,0.2792,4.000,1.400,0.000,0.667,19.290,14.000,-2.4191,-0.0173,-10.745,-10.745,-0.017,-7.123,1.200,-2.500,0.0057,0.011,nan,0.00,1,1,0,0,0,0.0000,0.000,0,0.000,0,0.000,0,0,search,,SEARCH,2,2,0,0.000,0,-1,0
1785623960.651,15.110,-4.930,-1.317,0.9619,0,0.388,2.430,-12.000,0.2792,4.000,1.400,0.000,0.667,19.290,14.000,-2.4191,-0.0173,-10.745,-10.745,-0.017,-7.123,1.200,-2.500,0.0057,0.010,nan,0.00,1,1,0,0,0,0.0000,0.000,0,0.000,0,0.000,0,0,search,,SEARCH,2,2,0,0.000,0,-1,0
1785623960.681,14.887,-4.998,0.434,0.9628,0,0.311,2.498,-12.000,0.2788,4.000,1.400,0.000,0.667,19.290,14.000,-2.0720,-0.0221,-10.398,-10.398,-0.022,-7.411,1.200,-2.500,0.0057,0.010,nan,0.00,1,1,0,0,0,0.0000,0.000,0,0.000,0,0.000,2,0,search,,SEARCH,2,2,0,0.000,0,-1,0
1785623960.705,14.887,-4.998,0.434,0.9628,0,0.311,2.498,-12.000,0.2788,4.000,1.400,0.000,0.667,19.290,14.000,-2.0720,-0.0221,-10.398,-10.398,-0.022,-7.411,1.200,-2.500,0.0057,0.010,nan,0.00,1,1,0,0,0,0.0000,0.000,0,0.000,0,0.000,0,0,search,,SEARCH,2,2,0,0.000,0,-1,0
1785623960.740,14.686,-5.048,2.117,0.9636,0,0.240,2.548,-12.000,0.2784,4.000,1.400,0.000,0.667,19.290,14.000,-1.7337,-0.0261,-10.059,-10.059,-0.026,-7.678,1.200,-2.500,0.0057,0.009,nan,0.00,1,1,0,0,0,0.0000,0.000,0,0.000,0,0.000,0,0,search,,SEARCH,2,2,0,0.000,0,-1,0
1785623960.777,14.516,-5.082,3.616,0.9643,0,0.181,2.582,-12.000,0.2780,4.000,1.400,0.000,0.667,19.290,14.000,-1.4286,-0.0289,-9.754,-9.754,-0.029,-7.907,1.200,-2.500,0.0057,0.009,nan,0.00,1,1,0,0,0,0.0000,0.000,0,0.000,0,0.000,0,0,search,,SEARCH,2,2,0,0.000,0,-1,0
1785623960.807,14.516,-5.082,3.616,0.9643,0,0.181,2.582,-12.000,0.2780,4.000,1.400,0.000,0.667,19.290,14.000,-1.4286,-0.0289,-9.754,-9.754,-0.029,-7.907,1.200,-2.500,0.0057,0.009,nan,0.00,1,1,0,0,0,0.0000,0.000,0,0.000,0,0.000,0,0,search,,SEARCH,2,2,0,0.000,0,-1,0
1785623960.837,14.356,-5.107,5.103,0.9649,0,0.125,2.607,-12.000,0.2778,4.000,1.400,0.000,0.667,19.290,14.000,-1.1227,-0.0313,-9.448,-9.448,-0.031,-8.126,1.200,-2.500,0.0057,0.009,nan,0.00,1,1,0,0,0,0.0000,0.000,0,0.000,0,0.000,0,0,search,,SEARCH,2,2,0,0.000,0,-1,0
1785623960.864,14.356,-5.107,5.103,0.9649,0,0.125,2.607,-12.000,0.2778,4.000,1.400,0.000,0.667,19.290,14.000,-1.1227,-0.0313,-9.448,-9.448,-0.031,-8.126,1.200,-2.500,0.0057,0.008,nan,0.00,1,1,0,0,0,0.0000,0.000,0,0.000,0,0.000,0,0,search,,SEARCH,2,2,0,0.000,0,-1,0
1785623960.895,14.205,-5.126,6.567,0.9655,0,0.072,2.626,-10.500,0.2775,4.000,-1.400,0.000,0.667,-19.290,14.000,-0.8185,-0.0331,-9.144,-9.144,-0.033,-8.334,1.200,-2.500,0.0057,0.008,nan,0.00,1,1,0,0,0,0.0000,0.000,0,0.000,0,0.000,0,0,search,,SEARCH,2,2,0,0.000,0,0,0
1785623960.925,14.205,-5.126,6.567,0.9655,0,0.072,2.626,-9.000,0.2775,4.000,-1.400,0.000,0.667,-19.290,14.000,-0.8185,-0.0331,-9.144,-9.144,-0.033,-8.334,1.200,-2.500,0.0057,0.008,nan,0.00,1,1,0,0,0,0.0000,0.000,0,0.000,0,0.000,0,0,search,,SEARCH,2,2,0,0.000,0,0,0
1785623960.974,14.066,-5.077,7.969,0.9662,0,0.023,2.577,-7.500,0.2773,4.000,-1.400,0.000,0.667,-19.290,14.000,-0.5096,-0.0346,-8.835,-8.835,-0.035,-8.521,1.200,-2.500,0.0057,0.008,nan,0.00,1,1,0,0,0,0.0000,0.000,0,0.000,0,0.000,0,0,search,,SEARCH,2,2,0,0.000,0,0,0
1785623961.010,13.979,-4.939,8.891,0.9668,0,-0.007,2.439,-6.000,0.2771,4.000,-1.400,0.000,0.667,-19.290,14.000,-0.2784,-0.0358,-8.604,-8.604,-0.036,-8.630,1.200,-2.500,0.0057,0.007,nan,0.00,1,1,0,0,0,0.0000,0.000,0,0.000,0,0.000,3,0,search,,SEARCH,2,2,0,0.000,0,0,0
1785623961.035,13.979,-4.939,8.891,0.9668,0,-0.007,2.439,-4.500,0.2771,4.000,-1.400,0.000,0.667,-19.290,14.000,-0.2784,-0.0358,-8.604,-8.604,-0.036,-8.630,1.200,-2.500,0.0057,0.007,nan,0.00,1,1,0,0,0,0.0000,0.000,0,0.000,0,0.000,0,0,search,,SEARCH,2,2,0,0.000,0,0,0
1785623961.072,13.925,-4.693,9.511,0.9674,0,-0.026,2.193,-3.000,0.2768,4.000,-1.400,0.000,0.667,-19.290,14.000,-0.0798,-0.0369,-8.405,-8.405,-0.037,-8.688,1.200,-2.500,0.0057,0.007,nan,0.00,1,1,0,0,0,0.0000,0.000,0,0.000,0,0.000,1,0,search,,SEARCH,2,2,0,0.000,0,0,0
1785623961.111,13.925,-4.693,9.511,0.9674,0,-0.026,2.193,-1.500,0.2769,4.000,-1.400,0.000,0.667,-19.290,14.000,-0.0798,-0.0369,-8.405,-8.405,-0.037,-8.688,1.200,-2.500,0.0057,0.007,nan,0.00,1,1,0,0,0,0.0000,0.000,0,0.000,0,0.000,1,0,search,,SEARCH,2,2,0,0.000,0,0,0
1785623961.149,13.909,-4.367,9.730,0.9679,0,-0.032,1.867,0.000,0.2767,4.000,-1.400,0.000,0.667,-19.290,14.000,0.0620,-0.0380,-8.264,-8.264,-0.038,-8.685,1.200,-2.500,0.0057,0.007,nan,0.00,1,1,0,0,0,0.0000,0.000,0,0.000,0,0.000,0,0,search,,SEARCH,2,2,0,0.000,0,0,0
1785623961.173,13.909,-4.367,9.730,0.9679,0,-0.032,1.867,1.500,0.2767,4.000,-1.400,0.000,0.667,-19.290,14.000,0.0620,-0.0380,-8.264,-8.264,-0.038,-8.685,1.200,-2.500,0.0057,0.006,nan,0.00,1,1,0,0,0,0.0000,0.000,0,0.000,0,0.000,0,0,search,,SEARCH,2,2,0,0.000,0,0,0
1785623961.212,13.927,-4.015,9.522,0.9682,0,-0.026,1.515,3.000,0.2765,4.000,-1.400,0.000,0.667,-19.290,14.000,0.1303,-0.0390,-8.195,-8.195,-0.039,-8.625,1.200,-2.500,0.0057,0.006,nan,0.00,1,1,0,0,0,0.0000,0.000,0,0.000,0,0.000,0,0,search,,SEARCH,2,2,0,0.000,0,0,0
1785623961.260,13.948,-3.758,9.241,0.9684,0,-0.018,1.258,4.500,0.2764,4.000,-1.400,0.000,0.667,-19.290,14.000,0.1652,-0.0396,-8.160,-8.160,-0.040,-8.563,1.200,-2.500,0.0057,0.006,nan,0.00,1,1,0,0,0,0.0000,0.000,0,0.000,0,0.000,1,0,search,,SEARCH,2,2,0,0.000,0,1,0
1785623961.291,13.977,-3.492,8.798,0.9686,0,-0.008,0.992,6.000,0.2764,4.000,-1.400,0.000,0.667,-19.290,14.000,0.1744,-0.0403,-8.151,-8.151,-0.040,-8.480,1.200,-2.500,0.0057,0.006,nan,0.00,1,1,0,0,0,0.0000,0.000,0,0.000,0,0.000,1,0,search,,SEARCH,2,2,0,0.000,0,0,0
1785623961.318,13.977,-3.492,8.798,0.9686,0,-0.008,0.992,7.500,0.2764,4.000,-1.400,0.000,0.667,-19.290,14.000,0.1744,-0.0403,-8.151,-8.151,-0.040,-8.480,1.200,-2.500,0.0057,0.006,nan,0.00,1,1,0,0,0,0.0000,0.000,0,0.000,0,0.000,0,0,search,,SEARCH,2,2,0,0.000,0,0,0
1785623961.351,14.025,-3.160,7.981,0.9687,0,0.009,0.660,9.000,0.2763,4.000,-1.400,0.000,0.667,-19.290,14.000,0.1309,-0.0411,-8.195,-8.195,-0.041,-8.343,1.200,-2.500,0.0057,0.005,nan,0.00,1,1,0,0,0,0.0000,0.000,0,0.000,0,0.000,0,0,search,,SEARCH,2,2,0,0.000,0,0,0
1785623961.379,14.025,-3.160,7.981,0.9687,0,0.009,0.660,10.500,0.2763,4.000,-1.400,0.000,0.667,-19.290,14.000,0.1309,-0.0411,-8.195,-8.195,-0.041,-8.343,1.200,-2.500,0.0057,0.005,nan,0.00,1,1,0,0,0,0.0000,0.000,0,0.000,0,0.000,2,0,search,,SEARCH,2,2,0,0.000,0,2,0
1785623961.405,14.073,-2.837,7.019,0.9688,0,0.026,0.337,12.000,0.2763,4.000,-1.400,0.000,0.667,-19.290,14.000,0.0656,-0.0421,-8.260,-8.260,-0.042,-8.185,1.200,-2.500,0.0057,0.005,nan,0.00,1,1,0,0,0,0.0000,0.000,0,0.000,0,0.000,0,0,search,,SEARCH,2,2,0,0.000,0,-1,0
1785623961.445,14.137,-2.412,5.530,0.9689,0,0.048,-0.088,10.500,0.2762,4.000,1.400,0.000,0.667,19.290,14.000,-0.0614,-0.0434,-8.387,-8.387,-0.043,-7.948,1.200,-2.500,0.0057,0.005,nan,0.00,1,1,0,0,0,0.0000,0.000,0,0.000,0,0.000,0,0,search,,SEARCH,2,2,0,0.000,0,0,0
1785623961.479,14.137,-2.412,5.530,0.9689,0,0.048,-0.088,9.000,0.2762,4.000,1.400,0.000,0.667,19.290,14.000,-0.0614,-0.0434,-8.387,-8.387,-0.043,-7.948,1.200,-2.500,0.0057,0.005,nan,0.00,1,1,0,0,0,0.0000,0.000,0,0.000,0,0.000,1,0,search,,SEARCH,2,2,0,0.000,0,1,0
1785623961.503,14.174,-2.145,4.442,0.9689,0,0.061,-0.355,7.500,0.2761,4.000,1.400,0.000,0.667,19.290,14.000,-0.1381,-0.0448,-8.464,-8.464,-0.045,-7.773,1.200,-2.500,0.0057,0.005,nan,0.00,1,1,0,0,0,0.0000,0.000,0,0.000,0,0.000,0,0,search,,SEARCH,2,2,0,0.000,0,0,0
1785623961.540,14.193,-1.997,3.697,0.9689,0,0.068,-0.503,6.000,0.2760,4.000,1.400,0.000,0.667,19.290,14.000,-0.1601,-0.0464,-8.486,-8.486,-0.046,-7.649,1.200,-2.500,0.0057,0.005,nan,0.00,1,1,0,0,0,0.0000,0.000,0,0.000,0,0.000,0,0,search,,SEARCH,2,2,0,0.000,0,0,0
1785623961.564,14.193,-1.997,3.697,0.9689,0,0.068,-0.503,4.500,0.2760,4.000,1.400,0.000,0.667,19.290,14.000,-0.1601,-0.0464,-8.486,-8.486,-0.046,-7.649,1.200,-2.500,0.0057,0.004,nan,0.00,1,1,0,0,0,0.0000,0.000,0,0.000,0,0.000,0,0,search,,SEARCH,2,2,0,0.000,0,0,0
1785623961.602,14.200,-1.940,3.237,0.9689,0,0.070,-0.560,3.000,0.2760,4.000,1.400,0.000,0.667,19.290,14.000,-0.1411,-0.0482,-8.467,-8.467,-0.048,-7.568,1.200,-2.500,0.0057,0.004,nan,0.00,1,1,0,0,0,0.0000,0.000,0,0.000,0,0.000,0,0,search,,SEARCH,2,2,0,0.000,0,0,0
1785623961.634,14.200,-1.940,3.237,0.9689,0,0.070,-0.560,1.500,0.2760,4.000,1.400,0.000,0.667,19.290,14.000,-0.1411,-0.0482,-8.467,-8.467,-0.048,-7.568,1.200,-2.500,0.0057,0.004,nan,0.00,1,1,0,0,0,0.0000,0.000,0,0.000,0,0.000,0,0,search,,SEARCH,2,2,0,0.000,0,0,0
1785623961.663,14.202,-1.923,2.911,0.9689,0,0.071,-0.577,0.000,0.2759,4.000,1.400,0.000,0.667,19.290,14.000,-0.1051,-0.0499,-8.431,-8.431,-0.050,-7.506,1.200,-2.500,0.0057,0.004,nan,0.00,1,1,0,0,0,0.0000,0.000,0,0.000,0,0.000,2,0,search,,SEARCH,2,2,0,0.000,0,2,0
1785623961.694,14.203,-1.913,2.609,0.9689,0,0.071,-0.587,-1.500,0.2758,4.000,1.400,0.000,0.667,19.290,14.000,-0.0690,-0.0516,-8.395,-8.395,-0.052,-7.449,1.200,-2.500,0.0057,0.004,nan,0.00,1,1,0,0,0,0.0000,0.000,0,0.000,0,0.000,0,0,search,,SEARCH,2,2,0,0.000,0,0,0
1785623961.730,14.203,-1.913,2.609,0.9689,0,0.071,-0.587,-3.000,0.2758,4.000,1.400,0.000,0.667,19.290,14.000,-0.0690,-0.0516,-8.395,-8.395,-0.052,-7.449,1.200,-2.500,0.0057,0.004,nan,0.00,1,1,0,0,0,0.0000,0.000,0,0.000,0,0.000,0,0,search,,SEARCH,2,2,0,0.000,0,0,0
1785623961.760,14.190,-2.015,2.770,0.9689,0,0.066,-0.485,-4.500,0.2758,4.000,1.400,0.000,0.667,19.290,14.000,0.0179,-0.0530,-8.308,-8.308,-0.053,-7.461,1.200,-2.500,0.0057,0.004,nan,0.00,1,1,0,0,0,0.0000,0.000,0,0.000,0,0.000,0,0,search,,SEARCH,2,2,0,0.000,0,0,0
1785623961.788,14.167,-2.176,3.203,0.9689,0,0.058,-0.324,-3.000,0.2757,4.000,-1.400,0.000,0.667,-19.290,14.000,0.1423,-0.0545,-8.183,-8.183,-0.054,-7.512,1.200,-2.500,0.0057,0.004,nan,0.00,1,1,0,0,0,0.0000,0.000,0,0.000,0,0.000,0,0,search,,SEARCH,2,2,0,0.000,0,-1,0
1785623961.824,14.167,-2.176,3.203,0.9689,0,0.058,-0.324,-1.500,0.2757,4.000,-1.400,0.000,0.667,-19.290,14.000,0.1423,-0.0545,-8.183,-8.183,-0.054,-7.512,1.200,-2.500,0.0057,0.003,nan,0.00,1,1,0,0,0,0.0000,0.000,0,0.000,0,0.000,0,0,search,,SEARCH,2,2,0,0.000,0,-1,0
1785623961.851,14.140,-2.348,3.691,0.9689,0,0.049,-0.152,0.000,0.2756,4.000,-1.400,0.000,0.667,-19.290,14.000,0.2761,-0.0560,-8.049,-8.049,-0.056,-7.569,1.200,-2.500,0.0057,0.003,nan,0.00,1,1,0,0,0,0.0000,0.000,0,0.000,0,0.000,1,0,search,,SEARCH,2,2,0,0.000,0,-1,0
1785623961.886,14.119,-2.464,4.010,0.9689,0,0.042,-0.036,1.500,0.2756,4.000,-1.400,0.000,0.667,-19.290,14.000,0.3890,-0.0575,-7.937,-7.937,-0.057,-7.598,1.200,-2.500,0.0057,0.003,nan,0.00,1,1,0,0,0,0.0000,0.000,0,0.000,0,0.000,1,0,search,,SEARCH,2,2,0,0.000,0,-1,0
1785623961.917,14.119,-2.464,4.009,0.9689,0,0.042,-0.036,3.000,0.2756,4.000,-1.400,0.000,0.667,-19.290,14.000,0.3902,-0.0575,-7.935,-7.935,-0.057,-7.598,1.200,-2.500,0.0057,0.003,nan,0.00,1,1,0,0,0,0.0000,0.000,0,0.000,0,0.000,0,0,search,,SEARCH,2,2,0,0.000,0,-1,0
1785623961.944,14.129,-2.379,3.656,0.9689,0,0.045,-0.121,4.500,0.2755,4.000,-1.400,0.000,0.667,-19.290,14.000,0.4077,-0.0589,-7.918,-7.918,-0.059,-7.532,1.200,-2.500,0.0057,0.003,nan,0.00,1,1,0,0,0,0.0000,0.000,0,0.000,0,0.000,0,0,search,,SEARCH,2,2,0,0.000,0,-1,0
1785623961.981,14.129,-2.379,3.656,0.9689,0,0.045,-0.121,6.000,0.2755,4.000,-1.400,0.000,0.667,-19.290,14.000,0.4077,-0.0589,-7.918,-7.918,-0.059,-7.532,1.200,-2.500,0.0057,0.003,nan,0.00,1,1,0,0,0,0.0000,0.000,0,0.000,0,0.000,0,0,search,,SEARCH,2,2,0,0.000,0,-1,0
1785623962.012,14.143,-2.277,3.188,0.9689,0,0.050,-0.223,7.500,0.2754,4.000,-1.400,0.000,0.667,-19.290,14.000,0.4060,-0.0602,-7.920,-7.920,-0.060,-7.452,1.200,-2.500,0.0057,0.003,nan,0.00,1,1,0,0,0,0.0000,0.000,0,0.000,0,0.000,0,0,search,,SEARCH,2,2,0,0.000,0,-1,0
1785623962.040,14.161,-2.142,2.598,0.9689,0,0.056,-0.358,9.000,0.2754,4.000,-1.400,0.000,0.667,-19.290,14.000,0.3875,-0.0616,-7.938,-7.938,-0.062,-7.355,1.200,-2.500,0.0057,0.003,nan,0.00,1,1,0,0,0,0.0000,0.000,0,0.000,0,0.000,1,0,search,,SEARCH,2,2,0,0.000,0,-1,0
1785623962.073,14.161,-2.142,2.598,0.9689,0,0.056,-0.358,10.500,0.2754,4.000,-1.400,0.000,0.667,-19.290,14.000,0.3875,-0.0616,-7.938,-7.938,-0.062,-7.355,1.200,-2.500,0.0057,0.003,nan,0.00,1,1,0,0,0,0.0000,0.000,0,0.000,0,0.000,0,0,search,,SEARCH,2,2,0,0.000,0,-1,0
1785623962.108,14.189,-1.933,1.583,0.9689,0,0.066,-0.567,12.000,0.2753,4.000,-1.400,0.000,0.667,-19.290,14.000,0.3193,-0.0632,-8.006,-8.006,-0.063,-7.197,1.200,-2.500,0.0057,0.003,nan,0.00,1,1,0,0,0,0.0000,0.000,0,0.000,0,0.000,1,0,search,,SEARCH,2,2,0,0.000,0,-1,0
1785623962.140,14.226,-1.645,0.148,0.9689,0,0.079,-0.855,12.000,0.2752,4.000,-1.400,0.000,0.667,-19.290,14.000,0.2033,-0.0651,-8.122,-8.122,-0.065,-6.978,1.200,-2.500,0.0057,0.003,nan,0.00,1,1,0,0,0,0.0000,0.000,0,0.000,0,0.000,0,0,search,,SEARCH,2,2,0,0.000,0,-1,0
1785623962.186,14.254,-1.367,-1.232,0.9689,0,0.089,-1.133,12.000,0.2751,4.000,-1.400,0.000,0.667,-19.290,14.000,0.0947,-0.0669,-8.231,-8.231,-0.067,-6.767,1.200,-2.500,0.0057,0.002,nan,0.00,1,1,0,0,0,0.0000,0.000,0,0.000,0,0.000,0,0,search,,SEARCH,2,2,0,0.000,0,-1,0
1785623962.219,14.254,-1.367,-1.232,0.9689,0,0.089,-1.133,12.000,0.2751,4.000,-1.400,0.000,0.667,-19.290,14.000,0.0947,-0.0669,-8.231,-8.231,-0.067,-6.767,1.200,-2.500,0.0057,0.002,nan,0.00,1,1,0,0,0,0.0000,0.000,0,0.000,0,0.000,0,0,search,,SEARCH,2,2,0,0.000,0,-1,0
1785623962.247,14.271,-1.182,-2.507,0.9689,0,0.095,-1.318,12.000,0.2751,4.000,-1.400,0.000,0.667,-19.290,14.000,0.0027,-0.0688,-8.323,-8.323,-0.069,-6.570,1.200,-2.500,0.0057,0.002,nan,0.00,1,1,0,0,0,0.0000,0.000,0,0.000,0,0.000,0,0,search,,SEARCH,2,2,0,0.000,0,-1,0
1785623962.275,14.285,-1.007,-3.839,0.9689,0,0.100,-1.493,12.000,0.2750,4.000,-1.400,0.000,0.667,-19.290,14.000,-0.0907,-0.0707,-8.416,-8.416,-0.071,-6.362,1.200,-2.500,0.0057,0.002,nan,0.00,1,1,0,0,0,0.0000,0.000,0,0.000,0,0.000,0,0,search,,SEARCH,2,2,0,0.000,0,-1,0
1785623962.308,14.285,-1.007,-3.839,0.9689,0,0.100,-1.493,12.000,0.2750,4.000,-1.400,0.000,0.667,-19.290,14.000,-0.0907,-0.0707,-8.416,-8.416,-0.071,-6.362,1.200,-2.500,0.0057,0.002,nan,0.00,1,1,0,0,0,0.0000,0.000,0,0.000,0,0.000,0,0,search,,SEARCH,2,2,0,0.000,0,-1,0
1785623962.342,14.294,-0.856,-5.143,0.9689,0,0.103,-1.644,12.000,0.2749,4.000,-1.400,0.000,0.667,-19.290,14.000,-0.1781,-0.0725,-8.504,-8.504,-0.073,-6.158,1.200,-2.500,0.0057,0.002,nan,0.00,1,1,0,0,0,0.0000,0.000,0,0.000,0,0.000,0,0,search,,SEARCH,2,2,0,0.000,0,-1,0
1785623962.373,14.294,-0.856,-5.143,0.9689,0,0.103,-1.644,10.500,0.2749,4.000,1.400,0.000,0.667,19.290,14.000,-0.1781,-0.0725,-8.504,-8.504,-0.073,-6.158,1.200,-2.500,0.0057,0.002,nan,0.00,1,1,0,0,0,0.0000,0.000,0,0.000,0,0.000,0,0,search,,SEARCH,2,2,0,0.000,0,-1,0
1785623962.400,14.299,-0.714,-6.542,0.9689,0,0.105,-1.786,9.000,0.2748,4.000,1.400,0.000,0.667,19.290,14.000,-0.2669,-0.0745,-8.593,-8.593,-0.074,-5.938,1.200,-2.500,0.0057,0.002,nan,0.00,1,1,0,0,0,0.0000,0.000,0,0.000,0,0.000,2,0,search,,SEARCH,2,2,0,0.000,0,-1,0
1785623962.433,14.297,-0.695,-7.655,0.9690,0,0.104,-1.805,7.500,0.2747,4.000,1.400,0.000,0.667,19.290,14.000,-0.3137,-0.0767,-8.639,-8.639,-0.077,-5.759,1.200,-2.500,0.0057,0.002,nan,0.00,1,1,0,0,0,0.0000,0.000,0,0.000,0,0.000,0,0,search,,SEARCH,2,2,0,0.000,0,-1,0
1785623962.467,14.297,-0.695,-7.655,0.9690,0,0.104,-1.805,6.000,0.2747,4.000,1.400,0.000,0.667,19.290,14.000,-0.3137,-0.0767,-8.639,-8.639,-0.077,-5.759,1.200,-2.500,0.0057,0.002,nan,0.00,1,1,0,0,0,0.0000,0.000,0,0.000,0,0.000,0,0,search,,SEARCH,2,2,0,0.000,0,-1,0
1785623962.494,14.293,-0.755,-8.308,0.9690,0,0.102,-1.745,4.500,0.2746,4.000,1.400,0.000,0.667,19.290,14.000,-0.3221,-0.0785,-8.648,-8.648,-0.078,-5.651,1.200,-2.500,0.0057,0.002,nan,0.00,1,1,0,0,0,0.0000,0.000,0,0.000,0,0.000,0,0,search,,SEARCH,2,2,0,0.000,0,-1,0
1785623962.530,14.293,-0.755,-8.308,0.9690,0,0.102,-1.745,3.000,0.2746,4.000,1.400,0.000,0.667,19.290,14.000,-0.3221,-0.0785,-8.648,-8.648,-0.078,-5.651,1.200,-2.500,0.0057,0.002,nan,0.00,1,1,0,0,0,0.0000,0.000,0,0.000,0,0.000,0,0,search,,SEARCH,2,2,0,0.000,0,-1,0
1785623962.558,14.287,-0.846,-8.806,0.9690,0,0.100,-1.654,1.500,0.2745,4.000,1.400,0.000,0.667,19.290,14.000,-0.3156,-0.0801,-8.641,-8.641,-0.080,-5.566,1.200,-2.500,0.0057,0.002,nan,0.00,1,1,0,0,0,0.0000,0.000,0,0.000,0,0.000,2,0,search,,SEARCH,2,2,0,0.000,0,-1,0
1785623962.584,14.287,-0.846,-8.806,0.9690,0,0.100,-1.654,0.000,0.2745,4.000,1.400,0.000,0.667,19.290,14.000,-0.3156,-0.0801,-8.641,-8.641,-0.080,-5.566,1.200,-2.500,0.0057,0.002,nan,0.00,1,1,0,0,0,0.0000,0.000,0,0.000,0,0.000,0,0,search,,SEARCH,2,2,0,0.000,0,-1,0
1785623962.611,14.277,-1.019,-8.995,0.9690,0,0.097,-1.481,-1.500,0.2745,4.000,1.400,0.000,0.667,19.290,14.000,-0.2756,-0.0817,-8.601,-8.601,-0.082,-5.527,1.200,-2.500,0.0057,0.002,nan,0.00,1,1,0,0,0,0.0000,0.000,0,0.000,0,0.000,0,0,search,,SEARCH,2,2,0,0.000,0,-1,0
1785623962.632,14.277,-1.019,-8.995,0.9690,0,0.097,-1.481,-3.000,0.2745,4.000,1.400,0.000,0.667,19.290,14.000,-0.2756,-0.0817,-8.601,-8.601,-0.082,-5.527,1.200,-2.500,0.0057,0.002,nan,0.00,1,1,0,0,0,0.0000,0.000,0,0.000,0,0.000,0,0,search,,SEARCH,2,2,0,0.000,0,-1,0
1785623962.667,14.264,-1.226,-8.860,0.9690,0,0.092,-1.274,-4.500,0.2744,4.000,1.400,0.000,0.667,19.290,14.000,-0.2121,-0.0830,-8.538,-8.538,-0.083,-5.537,1.200,-2.500,0.0057,0.002,nan,0.00,1,1,0,0,0,0.0000,0.000,0,0.000,0,0.000,2,0,search,,SEARCH,2,2,0,0.000,0,-1,0
1785623962.713,14.244,-1.475,-8.441,0.9689,0,0.085,-1.025,-6.000,0.2744,4.000,1.400,0.000,0.667,19.290,14.000,-0.1238,-0.0841,-8.449,-8.449,-0.084,-5.589,1.200,-2.500,0.0057,0.001,nan,0.00,1,1,0,0,0,0.0000,0.000,0,0.000,0,0.000,0,0,search,,SEARCH,2,2,0,0.000,0,-1,0
1785623962.740,14.216,-1.759,-7.807,0.9689,0,0.076,-0.741,-7.500,0.2743,4.000,1.400,0.000,0.667,19.290,14.000,-0.0112,-0.0853,-8.337,-8.337,-0.085,-5.670,1.200,-2.500,0.0057,0.001,nan,0.00,1,1,0,0,0,0.0000,0.000,0,0.000,0,0.000,0,0,search,,SEARCH,2,2,0,0.000,0,-1,0
1785623962.776,14.183,-2.030,-7.081,0.9689,0,0.064,-0.470,-9.000,0.2743,4.000,1.400,0.000,0.667,19.290,14.000,0.1082,-0.0865,-8.217,-8.217,-0.086,-5.761,1.200,-2.500,0.0057,0.001,nan,0.00,1,1,0,0,0,0.0000,0.000,0,0.000,0,0.000,0,0,search,,SEARCH,2,2,0,0.000,0,-1,0
1785623962.808,14.183,-2.030,-7.081,0.9689,0,0.064,-0.470,-10.500,0.2743,4.000,1.400,0.000,0.667,19.290,14.000,0.1082,-0.0865,-8.217,-8.217,-0.086,-5.761,1.200,-2.500,0.0057,0.001,nan,0.00,1,1,0,0,0,0.0000,0.000,0,0.000,0,0.000,1,0,search,,SEARCH,2,2,0,0.000,0,-1,0
1785623962.835,14.147,-2.291,-6.312,0.9689,0,0.051,-0.209,-12.000,0.2742,4.000,1.400,0.000,0.667,19.290,14.000,0.2299,-0.0875,-8.096,-8.096,-0.087,-5.856,1.200,-2.500,0.0057,0.001,nan,0.00,1,1,0,0,0,0.0000,0.000,0,0.000,0,0.000,0,0,search,,SEARCH,2,2,0,0.000,0,-1,0
1785623962.869,14.147,-2.291,-6.312,0.9689,0,0.051,-0.209,-12.000,0.2742,4.000,1.400,0.000,0.667,19.290,14.000,0.2299,-0.0875,-8.096,-8.096,-0.087,-5.856,1.200,-2.500,0.0057,0.001,nan,0.00,1,1,0,0,0,0.0000,0.000,0,0.000,0,0.000,0,0,search,,SEARCH,2,2,0,0.000,0,0,0
1785623962.897,14.080,-2.669,-4.921,0.9689,0,0.028,0.169,-12.000,0.2742,4.000,1.400,0.000,0.667,19.290,14.000,0.4238,-0.0887,-7.902,-7.902,-0.089,-6.033,1.200,-2.500,0.0057,0.001,nan,0.00,1,1,0,0,0,0.0000,0.000,0,0.000,0,0.000,0,0,search,,SEARCH,2,2,0,0.000,0,0,0
1785623962.931,14.010,-2.981,-3.591,0.9689,0,0.004,0.481,-12.000,0.2741,4.000,1.400,0.000,0.667,19.290,14.000,0.6137,-0.0899,-7.712,-7.712,-0.090,-6.193,1.200,-2.500,0.0057,0.001,nan,0.00,1,1,0,0,0,0.0000,0.000,0,0.000,0,0.000,0,0,search,,SEARCH,2,2,0,0.000,0,0,0
1785623962.980,13.938,-3.252,-2.289,0.9690,0,-0.022,0.752,-12.000,0.2741,4.000,1.400,0.000,0.667,19.290,14.000,0.8019,-0.0908,-7.524,-7.524,-0.091,-6.344,1.200,-2.500,0.0057,0.001,nan,0.00,1,1,0,0,0,0.0000,0.000,0,0.000,0,0.000,0,0,search,,SEARCH,2,2,0,0.000,0,0,0
1785623963.010,13.937,-3.254,-2.276,0.9690,0,-0.022,0.754,-12.000,0.2741,4.000,1.400,0.000,0.667,19.290,14.000,0.8038,-0.0909,-7.522,-7.522,-0.091,-6.345,1.200,-2.500,0.0057,0.001,nan,0.00,1,1,0,0,0,0.0000,0.000,0,0.000,0,0.000,2,0,search,,SEARCH,2,2,0,0.000,0,2,0
1785623963.034,13.863,-3.488,-0.966,0.9691,0,-0.048,0.988,-12.000,0.2740,4.000,1.400,0.000,0.667,19.290,14.000,0.9933,-0.0915,-7.332,-7.332,-0.091,-6.492,1.200,-2.500,0.0057,0.001,nan,0.00,1,1,0,0,0,0.0000,0.000,0,0.000,0,0.000,0,0,search,,SEARCH,2,2,0,0.000,0,0,0
1785623963.066,13.863,-3.488,-0.966,0.9691,0,-0.048,0.988,-12.000,0.2740,4.000,1.400,0.000,0.667,19.290,14.000,0.9933,-0.0915,-7.332,-7.332,-0.091,-6.492,1.200,-2.500,0.0057,0.001,nan,0.00,1,1,0,0,0,0.0000,0.000,0,0.000,0,0.000,0,0,search,,SEARCH,2,2,0,0.000,0,0,0
1785623963.105,13.780,-3.706,0.442,0.9692,0,-0.077,1.206,-12.000,0.2740,4.000,1.400,0.000,0.667,19.290,14.000,1.1992,-0.0920,-7.126,-7.126,-0.092,-6.643,1.200,-2.500,0.0057,0.001,nan,0.00,1,1,0,0,0,0.0000,0.000,0,0.000,0,0.000,0,0,search,,SEARCH,2,2,0,0.000,0,0,0
1785623963.149,13.698,-3.889,1.821,0.9693,0,-0.106,1.389,-12.000,0.2739,4.000,1.400,0.000,0.667,19.290,14.000,1.4026,-0.0923,-6.923,-6.923,-0.092,-6.786,1.200,-2.500,0.0057,0.001,nan,0.00,1,1,0,0,0,0.0000,0.000,0,0.000,0,0.000,1,0,search,,SEARCH,2,2,0,0.000,0,1,0
1785623963.182,13.698,-3.889,1.821,0.9693,0,-0.106,1.389,-12.000,0.2739,4.000,1.400,0.000,0.667,19.290,14.000,1.4026,-0.0923,-6.923,-6.923,-0.092,-6.786,1.200,-2.500,0.0057,0.001,nan,0.00,1,1,0,0,0,0.0000,0.000,0,0.000,0,0.000,0,0,search,,SEARCH,2,2,0,0.000,0,0,0
1785623963.228,13.611,-4.054,3.259,0.9695,0,-0.136,1.554,-12.000,0.2738,4.000,1.400,0.000,0.667,19.290,14.000,1.6168,-0.0925,-6.709,-6.709,-0.093,-6.929,1.200,-2.500,0.0057,0.001,nan,0.00,1,1,0,0,0,0.0000,0.000,0,0.000,0,0.000,0,0,search,,SEARCH,2,2,0,0.000,0,0,0
1785623963.254,13.526,-4.210,4.618,0.9696,0,-0.166,1.710,-12.000,0.2738,4.000,1.400,0.000,0.667,19.290,14.000,1.8221,-0.0927,-6.504,-6.504,-0.093,-7.059,1.200,-2.500,0.0057,0.001,nan,0.00,1,1,0,0,0,0.0000,0.000,0,0.000,0,0.000,0,0,search,,SEARCH,2,2,0,0.000,0,0,0
1785623963.289,13.450,-4.311,5.891,0.9698,0,-0.193,1.811,-12.000,0.2737,4.000,1.400,0.000,0.667,19.290,14.000,2.0152,-0.0927,-6.310,-6.310,-0.093,-7.177,1.200,-2.500,0.0057,0.001,nan,0.00,1,1,0,0,0,0.0000,0.000,0,0.000,0,0.000,1,0,search,,SEARCH,2,2,0,0.000,0,1,0
1785623963.317,13.450,-4.311,5.891,0.9698,0,-0.193,1.811,-12.000,0.2737,4.000,1.400,0.000,0.667,19.290,14.000,2.0152,-0.0927,-6.310,-6.310,-0.093,-7.177,1.200,-2.500,0.0057,0.001,nan,0.00,1,1,0,0,0,0.0000,0.000,0,0.000,0,0.000,0,0,search,,SEARCH,2,2,0,0.000,0,0,0
1785623963.352,13.372,-4.407,7.208,0.9700,0,-0.220,1.907,-12.000,0.2737,4.000,1.400,0.000,0.667,19.290,14.000,2.2172,-0.0925,-6.108,-6.108,-0.093,-7.294,1.200,-2.500,0.0057,0.001,nan,0.00,1,1,0,0,0,0.0000,0.000,0,0.000,0,0.000,1,0,search,,SEARCH,2,2,0,0.000,0,-1,0
1785623963.381,13.301,-4.482,8.423,0.9702,0,-0.245,1.982,-12.000,0.2737,4.000,1.400,0.000,0.667,19.290,14.000,2.4053,-0.0923,-5.920,-5.920,-0.092,-7.400,1.200,-2.500,0.0057,0.001,nan,0.00,1,1,0,0,0,0.0000,0.000,0,0.000,0,0.000,0,0,search,,SEARCH,2,2,0,0.000,0,-1,0
1785623963.415,13.301,-4.482,8.423,0.9702,0,-0.245,1.982,-12.000,0.2737,4.000,1.400,0.000,0.667,19.290,14.000,2.4053,-0.0923,-5.920,-5.920,-0.092,-7.400,1.200,-2.500,0.0057,0.001,nan,0.00,1,1,0,0,0,0.0000,0.000,0,0.000,0,0.000,1,0,search,,SEARCH,2,2,0,0.000,0,-1,0
1785623963.461,13.232,-4.547,9.634,0.9704,0,-0.269,2.047,-12.000,0.2736,4.000,1.400,0.000,0.667,19.290,14.000,2.5947,-0.0920,-5.731,-5.731,-0.092,-7.502,1.200,-2.500,0.0057,0.001,nan,0.00,1,1,0,0,0,0.0000,0.000,0,0.000,0,0.000,0,0,search,,SEARCH,2,2,0,0.000,0,0,0
1785623963.491,13.156,-4.615,10.940,0.9706,0,-0.296,2.115,-12.000,0.2736,4.000,1.400,0.000,0.667,19.290,14.000,2.8011,-0.0916,-5.524,-5.524,-0.092,-7.608,1.200,-2.500,0.0057,0.001,nan,0.00,1,1,0,0,0,0.0000,0.000,0,0.000,0,0.000,1,0,search,,SEARCH,2,2,0,0.000,0,1,0
1785623963.521,13.091,-4.660,12.116,0.9708,0,-0.318,2.160,-12.000,0.2735,4.000,1.400,0.000,0.667,19.290,14.000,2.9888,-0.0912,-5.337,-5.337,-0.091,-7.701,1.200,-2.500,0.0057,0.001,nan,0.00,1,1,0,0,0,0.0000,0.000,0,0.000,0,0.000,0,0,search,,SEARCH,2,2,0,0.000,0,0,0
1785623963.557,13.091,-4.660,12.116,0.9708,0,-0.318,2.160,-12.000,0.2735,4.000,1.400,0.000,0.667,19.290,14.000,2.9888,-0.0912,-5.337,-5.337,-0.091,-7.701,1.200,-2.500,0.0057,0.001,nan,0.00,1,1,0,0,0,0.0000,0.000,0,0.000,0,0.000,0,0,search,,SEARCH,2,2,0,0.000,0,0,0
1785623963.581,13.024,-4.702,13.372,0.9710,0,-0.342,2.202,-12.000,0.2735,4.000,1.400,0.000,0.667,19.290,14.000,3.1913,-0.0908,-5.134,-5.134,-0.091,-7.797,1.200,-2.500,0.0057,0.001,nan,0.00,1,1,0,0,0,0.0000,0.000,0,0.000,0,0.000,0,0,search,,SEARCH,2,2,0,0.000,0,0,0
1785623963.610,13.024,-4.702,13.372,0.9710,0,-0.342,2.202,-12.000,0.2735,4.000,1.400,0.000,0.667,19.290,14.000,3.1913,-0.0908,-5.134,-5.134,-0.091,-7.797,1.200,-2.500,0.0057,0.001,nan,0.00,1,1,0,0,0,0.0000,0.000,0,0.000,0,0.000,0,0,search,,SEARCH,2,2,0,0.000,0,-1,0
1785623963.647,12.954,-4.740,14.723,0.9712,0,-0.366,2.240,-10.500,0.2735,4.000,-1.400,0.000,0.667,-19.290,14.000,3.4113,-0.0903,-4.914,-4.914,-0.090,-7.896,1.200,-2.500,0.0057,0.001,nan,0.00,1,1,0,0,0,0.0000,0.000,0,0.000,0,0.000,0,0,search,,SEARCH,2,2,0,0.000,0,0,0
1785623963.677,12.886,-4.774,16.005,0.9714,0,-0.390,2.274,-9.000,0.2734,4.000,-1.400,0.000,0.667,-19.290,14.000,3.6225,-0.0899,-4.703,-4.703,-0.090,-7.987,1.200,-2.500,0.0057,0.001,nan,0.00,1,1,0,0,0,0.0000,0.000,0,0.000,0,0.000,0,0,search,,SEARCH,2,2,0,0.000,0,0,0
1785623963.709,12.852,-4.723,16.967,0.9716,0,-0.402,2.223,-7.500,0.2734,4.000,-1.400,0.000,0.667,-19.290,14.000,3.7902,-0.0893,-4.535,-4.535,-0.089,-8.050,1.200,-2.500,0.0057,0.001,nan,0.00,1,1,0,0,0,0.0000,0.000,0,0.000,0,0.000,0,0,search,,SEARCH,2,2,0,0.000,0,0,0
1785623963.735,12.852,-4.723,16.967,0.9716,0,-0.402,2.223,-6.000,0.2734,4.000,-1.400,0.000,0.667,-19.290,14.000,3.7902,-0.0893,-4.535,-4.535,-0.089,-8.050,1.200,-2.500,0.0057,0.001,nan,0.00,1,1,0,0,0,0.0000,0.000,0,0.000,0,0.000,0,0,search,,SEARCH,2,2,0,0.000,0,0,0
1785623963.768,12.846,-4.613,17.577,0.9718,0,-0.404,2.113,-4.500,0.2734,4.000,-1.400,0.000,0.667,-19.290,14.000,3.9070,-0.0888,-4.419,-4.419,-0.089,-8.085,1.200,-2.500,0.0057,0.001,nan,0.00,1,1,0,0,0,0.0000,0.000,0,0.000,0,0.000,0,0,search,,SEARCH,2,2,0,0.000,0,0,0
1785623963.801,12.846,-4.613,17.577,0.9718,0,-0.404,2.113,-3.000,0.2734,4.000,-1.400,0.000,0.667,-19.290,14.000,3.9070,-0.0888,-4.419,-4.419,-0.089,-8.085,1.200,-2.500,0.0057,0.001,nan,0.00,1,1,0,0,0,0.0000,0.000,0,0.000,0,0.000,1,0,search,,SEARCH,2,2,0,0.000,0,1,0
1785623963.828,12.858,-4.440,18.120,0.9720,0,-0.400,1.940,-4.500,0.2734,4.000,1.400,0.000,0.667,19.290,14.000,4.0236,-0.0881,-4.302,-4.302,-0.088,-8.113,1.200,-2.500,0.0057,0.001,nan,0.00,1,1,0,0,0,0.0000,0.000,0,0.000,0,0.000,0,0,search,,SEARCH,2,2,0,0.000,0,0,0
1785623963.863,12.865,-4.316,18.688,0.9721,0,-0.397,1.816,-6.000,0.2733,4.000,1.400,0.000,0.667,19.290,14.000,4.1427,-0.0876,-4.183,-4.183,-0.088,-8.146,1.200,-2.500,0.0057,0.001,nan,0.00,1,1,0,0,0,0.0000,0.000,0,0.000,0,0.000,0,0,search,,SEARCH,2,2,0,0.000,0,0,0
1785623963.891,12.865,-4.316,18.688,0.9721,0,-0.397,1.816,-7.500,0.2733,4.000,1.400,0.000,0.667,19.290,14.000,4.1427,-0.0876,-4.183,-4.183,-0.088,-8.146,1.200,-2.500,0.0057,0.000,nan,0.00,1,1,0,0,0,0.0000,0.000,0,0.000,0,0.000,0,0,search,,SEARCH,2,2,0,0.000,0,0,0
1785623963.927,12.862,-4.252,19.336,0.9722,0,-0.398,1.752,-9.000,0.2733,4.000,1.400,0.000,0.667,19.290,14.000,4.2701,-0.0871,-4.056,-4.056,-0.087,-8.186,1.200,-2.500,0.0057,0.000,nan,0.00,1,1,0,0,0,0.0000,0.000,0,0.000,0,0.000,0,0,search,,SEARCH,2,2,0,0.000,0,0,0
1785623963.957,12.838,-4.262,20.198,0.9723,0,-0.407,1.762,-10.500,0.2733,4.000,1.400,0.000,0.667,19.290,14.000,4.4266,-0.0869,-3.899,-3.899,-0.087,-8.241,1.200,-2.500,0.0057,0.000,nan,0.00,1,1,0,0,0,0.0000,0.000,0,0.000,0,0.000,0,0,search,,SEARCH,2,2,0,0.000,0,0,0
1785623963.990,12.801,-4.312,21.235,0.9724,0,-0.419,1.812,-12.000,0.2733,4.000,1.400,0.000,0.667,19.290,14.000,4.6095,-0.0869,-3.716,-3.716,-0.087,-8.306,1.200,-2.500,0.0057,0.000,nan,0.00,1,1,0,0,0,0.0000,0.000,0,0.000,0,0.000,0,0,search,,SEARCH,2,2,0,0.000,0,0,0
1785623964.023,12.801,-4.312,21.235,0.9724,0,-0.419,1.812,-12.000,0.2733,4.000,1.400,0.000,0.667,19.290,14.000,4.6095,-0.0869,-3.716,-3.716,-0.087,-8.306,1.200,-2.500,0.0057,0.000,nan,0.00,1,1,0,0,0,0.0000,0.000,0,0.000,0,0.000,1,0,search,,SEARCH,2,2,0,0.000,0,1,0
1785623964.049,12.758,-4.375,22.372,0.9725,0,-0.435,1.875,-12.000,0.2733,4.000,1.400,0.000,0.667,19.290,14.000,4.8089,-0.0871,-3.517,-3.517,-0.087,-8.374,1.200,-2.500,0.0057,0.000,nan,0.00,1,1,0,0,0,0.0000,0.000,0,0.000,0,0.000,0,0,search,,SEARCH,2,2,0,0.000,0,0,0
1785623964.085,12.717,-4.433,23.464,0.9726,0,-0.449,1.933,-12.000,0.2732,4.000,1.400,0.000,0.667,19.290,14.000,5.0012,-0.0874,-3.324,-3.324,-0.087,-8.437,1.200,-2.500,0.0057,0.000,nan,0.00,1,1,0,0,0,0.0000,0.000,0,0.000,0,0.000,0,0,search,,SEARCH,2,2,0,0.000,0,0,0
1785623964.112,12.676,-4.480,24.551,0.9726,0,-0.463,1.980,-12.000,0.2732,4.000,1.400,0.000,0.667,19.290,14.000,5.1946,-0.0875,-3.131,-3.131,-0.087,-8.496,1.200,-2.500,0.0057,0.000,nan,0.00,1,1,0,0,0,0.0000,0.000,0,0.000,0,0.000,0,0,search,,SEARCH,2,2,0,0.000,0,0,0
1785623964.149,12.636,-4.523,25.626,0.9727,0,-0.477,2.023,-12.000,0.2732,4.000,1.400,0.000,0.667,19.290,14.000,5.3871,-0.0876,-2.939,-2.939,-0.088,-8.552,1.200,-2.500,0.0057,0.000,nan,0.00,1,1,0,0,0,0.0000,0.000,0,0.000,0,0.000,0,0,search,,SEARCH,2,2,0,0.000,0,0,0
1785623964.195,12.636,-4.523,25.640,0.9727,0,-0.477,2.023,-12.000,0.2732,4.000,1.400,0.000,0.667,19.290,14.000,5.3895,-0.0876,-2.936,-2.936,-0.088,-8.553,1.200,-2.500,0.0057,0.000,nan,0.00,1,1,0,0,0,0.0000,0.000,0,0.000,0,0.000,0,0,search,,SEARCH,2,2,0,0.000,0,0,0
1785623964.240,12.548,-4.608,28.041,0.9730,0,-0.508,2.108,-12.000,0.2731,4.000,1.400,0.000,0.667,19.290,14.000,5.8248,-0.0874,-2.501,-2.501,-0.087,-8.669,1.200,-2.500,0.0057,0.000,nan,0.00,1,1,0,0,0,0.0000,0.000,0,0.000,0,0.000,2,0,search,,SEARCH,2,2,0,0.000,0,0,0
1785623964.267,12.548,-4.608,28.041,0.9730,0,-0.508,2.108,-12.000,0.2731,4.000,1.400,0.000,0.667,19.290,14.000,5.8248,-0.0874,-2.501,-2.501,-0.087,-8.669,1.200,-2.500,0.0057,0.000,nan,0.00,1,1,0,0,0,0.0000,0.000,0,0.000,0,0.000,0,0,search,,SEARCH,2,2,0,0.000,0,0,0
1785623964.302,12.511,-4.636,29.091,0.9731,0,-0.521,2.136,-12.000,0.2731,4.000,1.400,0.000,0.667,19.290,14.000,6.0171,-0.0873,-2.308,-2.308,-0.087,-8.716,1.200,-2.500,0.0057,0.000,nan,0.00,1,1,0,0,0,0.0000,0.000,0,0.000,0,0.000,0,0,search,,SEARCH,2,2,0,0.000,0,0,0
1785623964.334,12.475,-4.660,30.134,0.9732,0,-0.534,2.160,-12.000,0.2731,4.000,1.400,0.000,0.667,19.290,14.000,6.2092,-0.0872,-2.116,-2.116,-0.087,-8.760,1.200,-2.500,0.0057,0.000,nan,0.00,1,1,0,0,0,0.0000,0.000,0,0.000,0,0.000,0,0,search,,SEARCH,2,2,0,0.000,0,0,0
1785623964.363,12.438,-4.684,31.235,0.9733,0,-0.547,2.184,-12.000,0.2730,4.000,1.400,0.000,0.667,19.290,14.000,6.4134,-0.0871,-1.912,-1.912,-0.087,-8.804,1.200,-2.500,0.0057,0.000,nan,0.00,1,1,0,0,0,0.0000,0.000,0,0.000,0,0.000,0,0,search,,SEARCH,2,2,0,0.000,0,0,0
1785623964.391,12.438,-4.684,31.235,0.9733,0,-0.547,2.184,-12.000,0.2730,4.000,1.400,0.000,0.667,19.290,14.000,6.4134,-0.0871,-1.912,-1.912,-0.087,-8.804,1.200,-2.500,0.0057,0.000,nan,0.00,1,1,0,0,0,0.0000,0.000,0,0.000,0,0.000,0,0,search,,SEARCH,2,2,0,0.000,0,0,0
1785623964.421,12.394,-4.707,32.549,0.9734,0,-0.562,2.207,-12.000,0.2730,4.000,1.400,0.000,0.667,19.290,14.000,6.6587,-0.0870,-1.667,-1.667,-0.087,-8.852,1.200,-2.500,0.0057,0.000,nan,0.00,1,1,0,0,0,0.0000,0.000,0,0.000,0,0.000,0,0,search,,SEARCH,2,2,0,0.000,0,0,0
1785623964.451,12.359,-4.724,33.659,0.9735,0,-0.574,2.224,-12.000,0.2730,4.000,1.400,0.000,0.667,19.290,14.000,6.8674,-0.0868,-1.458,-1.458,-0.087,-8.890,1.200,-2.500,0.0057,0.000,nan,0.00,1,1,0,0,0,0.0000,0.000,0,0.000,0,0.000,0,0,search,,SEARCH,2,2,0,0.000,0,0,0
1785623964.484,12.328,-4.737,34.638,0.9736,0,-0.585,2.237,-12.000,0.2730,4.000,1.400,0.000,0.667,19.290,14.000,7.0524,-0.0867,-1.273,-1.273,-0.087,-8.921,1.200,-2.500,0.0057,0.000,nan,0.00,1,1,0,0,0,0.0000,0.000,0,0.000,0,0.000,0,0,search,,SEARCH,2,2,0,0.000,0,0,0
1785623964.520,12.328,-4.737,34.638,0.9736,0,0.915,2.237,-10.500,0.2730,4.000,-1.400,0.000,0.667,-19.290,-14.000,7.0524,-0.0867,-1.273,-1.273,-0.087,-8.921,1.200,-2.500,0.0057,0.000,nan,0.00,1,1,0,0,0,0.0000,0.000,0,0.000,0,0.000,0,0,search,,SEARCH,2,2,0,0.000,0,-1,0
1785623964.552,12.296,-4.749,35.693,0.9737,0,2.415,2.249,-9.000,0.2730,4.000,-1.400,0.000,0.667,-19.290,-14.000,7.2532,-0.0866,-1.072,-1.072,-0.087,-8.952,1.200,-2.500,0.0057,0.000,nan,0.00,1,1,0,0,0,0.0000,0.000,0,0.000,0,0.000,0,0,search,,SEARCH,2,2,0,0.000,0,-1,0
1785623964.583,12.178,-4.747,36.738,0.9741,0,3.915,2.247,-7.500,0.2728,4.000,-1.400,0.000,0.667,-19.290,-14.000,7.4529,-0.0865,-0.873,-0.873,-0.087,-8.981,1.200,-2.500,0.0057,0.000,nan,0.00,1,1,0,0,0,0.0000,0.000,0,0.000,0,0.000,0,0,search,,SEARCH,2,2,0,0.000,0,-1,0
1785623964.614,11.780,-4.681,37.383,0.9757,0,5.415,2.181,-6.000,0.2724,4.000,-1.400,0.000,0.667,-19.290,-14.000,7.5797,-0.0867,-0.746,-0.746,-0.087,-9.002,1.200,-2.500,0.0057,0.000,nan,0.00,1,1,0,0,0,0.0000,0.000,0,0.000,0,0.000,0,0,search,,SEARCH,2,2,0,0.000,0,-1,0
1785623964.643,11.280,-4.580,37.841,0.9776,0,6.915,2.080,-4.500,0.2719,4.000,-1.400,0.000,0.667,-19.290,-14.000,7.6720,-0.0870,-0.654,-0.654,-0.087,-9.021,1.200,-2.500,0.0057,0.000,nan,0.00,1,1,0,0,0,0.0000,0.000,0,0.000,0,0.000,0,0,search,,SEARCH,2,2,0,0.000,0,-1,0
1785623964.677,10.685,-4.470,38.203,0.9797,0,8.415,1.970,-3.000,0.2713,4.000,-1.400,0.000,0.667,-19.290,-14.000,7.7442,-0.0872,-0.581,-0.581,-0.087,-9.038,1.200,-2.500,0.0057,0.000,nan,0.00,1,1,0,0,0,0.0000,0.000,0,0.000,0,0.000,0,0,search,,SEARCH,2,2,0,0.000,0,-1,0
