t,roll,pitch,yaw,up,upset,cmd_roll_deg,cmd_pitch_deg,cmd_yaw_deg,thrust,bx,by,bz,blend,bearing_deg,desired_roll,d_lat,d_vert,vY_imu,vY_fused,vD,vX,v_target,pitch_des,elev_i,elev_err,agl,turn_ff,reliable,vision_valid,elev_fresh,is_new_d,bl_found,bl_hdg,bl_conf,bl_hdg_valid,bl_span,bl_paired,bl_cy,bl_gap,src_switch,source,infer_ms,mode,gate,gate_id,peek_side,peek_strength,peek_active,occ_gap,collision
1785657883.918,0.000,-17.800,0.000,0.9521,0,-2.788,15.800,1.643,0.2773,6.287,0.122,-1.811,1.000,1.115,2.788,-0.0000,-0.0000,0.000,0.000,0.000,0.000,2.200,-2.000,0.0060,0.198,nan,-2.76,1,1,1,1,1,-0.0963,0.917,1,0.367,5,0.040,0,0,yolo,119.8,yolo,0,0,0,0.000,0,-1,0
1785657883.944,0.000,-17.800,0.000,0.9521,0,-2.330,15.800,1.827,0.2784,6.451,0.105,-1.902,1.000,0.931,2.330,-0.0001,-0.0000,-0.000,-0.000,-0.000,-0.000,2.200,-2.000,0.0060,0.162,nan,-2.76,1,1,1,0,1,-0.0963,0.917,1,0.367,5,0.040,0,0,yolo,128.2,yolo,0,0,0,0.000,0,-1,0
1785657883.968,-0.003,-17.548,-0.002,0.9535,0,-2.341,15.548,3.327,0.2782,6.451,0.105,-1.902,1.000,0.931,2.339,-0.0005,-0.0159,-0.001,-0.001,-0.016,0.018,2.200,-2.000,0.0060,0.132,nan,-4.86,1,1,1,0,1,-0.1696,0.917,1,0.367,5,0.040,0,0,yolo,128.2,yolo,0,0,0,0.000,0,-1,0
1785657884.000,-0.003,-17.548,-0.002,0.9535,0,-2.341,15.548,1.827,0.2782,6.451,0.105,-1.902,1.000,0.931,2.339,-0.0005,-0.0159,-0.001,-0.001,-0.016,0.018,2.200,-2.000,0.0059,0.132,nan,0.00,1,1,1,0,1,-0.0605,0.229,1,0.370,5,0.145,0,0,yolo,128.2,yolo,0,0,0,0.000,0,-1,0
1785657884.039,0.075,-15.206,-0.011,0.9650,0,-2.215,14.048,0.327,0.2824,6.451,0.105,-1.902,1.000,0.931,2.290,0.0021,-0.0381,0.002,0.002,-0.038,0.044,2.200,-2.000,0.0060,-0.143,nan,0.00,1,1,1,0,1,0.0000,1.000,0,0.508,7,0.129,0,0,yolo,128.2,yolo,0,0,0,0.000,0,-1,0
1785657884.086,0.548,-13.374,-0.181,0.9728,0,-1.626,12.548,-1.173,0.2858,6.451,0.105,-1.902,1.000,0.931,2.174,0.0084,-0.0598,0.008,0.008,-0.060,0.077,2.093,-2.000,0.0060,-0.357,nan,2.76,1,1,1,0,1,0.0965,1.000,1,0.573,9,0.029,0,0,yolo,128.2,yolo,0,0,0,0.000,0,-1,0
1785657884.125,0.718,-11.662,0.031,0.9793,0,-1.309,11.048,-2.673,0.2887,6.451,0.105,-1.902,1.000,0.931,2.028,0.0164,-0.0888,0.016,0.016,-0.089,0.113,1.893,-2.000,0.0060,-0.557,nan,2.76,1,1,1,0,1,0.0965,1.000,1,0.573,9,0.029,0,0,yolo,128.2,yolo,0,0,0,0.000,0,-1,0
1785657884.156,0.718,-11.662,0.031,0.9793,0,-1.309,9.662,-3.695,0.2888,6.451,0.105,-1.902,1.000,0.931,2.028,0.0164,-0.0888,0.016,0.016,-0.089,0.113,1.893,-2.000,0.0061,-0.557,nan,2.76,1,1,1,0,1,0.0965,1.000,1,0.573,9,0.029,0,0,yolo,128.2,yolo,0,0,0,0.000,0,-1,0
1785657884.194,0.841,-10.251,0.369,0.9839,0,0.061,8.251,-3.163,0.3055,9.782,0.068,-3.777,1.000,0.399,0.780,-0.0000,-0.0000,0.025,0.025,-0.129,0.163,1.200,-2.000,0.0061,-1.975,nan,2.76,1,1,1,1,1,0.0965,1.000,1,0.573,9,0.029,1,0,yolo,123.3,yolo,0,0,0,0.000,0,-1,0
1785657884.226,0.782,-9.173,0.741,0.9871,0,0.116,7.173,-2.916,0.3221,9.782,0.068,-3.777,1.000,0.399,0.665,0.0083,-0.0542,0.033,0.033,-0.183,0.225,1.200,-2.000,0.0061,-2.168,nan,2.52,1,1,1,0,1,0.0878,1.000,1,0.517,8,0.065,2,0,yolo,123.3,yolo,0,0,0,0.000,0,-1,0
1785657884.269,0.751,-8.234,1.063,0.9896,0,0.169,6.234,-1.704,0.3278,9.782,0.068,-3.777,1.000,0.399,0.582,0.0144,-0.1266,0.039,0.039,-0.255,0.287,1.200,-2.000,0.0061,-2.336,nan,1.31,1,1,1,0,1,0.0456,1.000,1,0.520,8,0.087,1,0,yolo,123.3,yolo,0,0,0,0.000,0,-1,0
1785657884.301,0.751,-8.234,1.063,0.9896,0,0.639,6.234,-1.129,0.3111,10.236,0.057,-3.385,1.000,0.321,0.111,0.0836,-2.0000,0.039,0.033,-0.255,0.287,1.200,-2.000,0.0061,-1.884,nan,0.81,1,1,1,1,1,0.0282,1.000,1,0.448,7,0.149,2,0,yolo,125.3,yolo,0,0,0,0.000,0,-1,0
1785657884.342,0.728,-7.445,1.247,0.9915,0,0.361,5.445,-0.513,0.3278,10.236,0.057,-3.385,1.000,0.321,0.367,0.0121,-0.0982,0.045,0.045,-0.353,0.342,1.200,-2.000,0.0061,-2.030,nan,0.19,1,1,1,0,1,0.0067,1.000,1,0.438,7,0.173,0,0,yolo,125.3,yolo,0,0,0,0.000,0,-1,0
1785657884.373,0.695,-6.673,1.287,0.9932,0,0.415,4.673,-0.395,0.3217,10.236,0.057,-3.385,1.000,0.321,0.279,0.0187,-0.2361,0.051,0.051,-0.491,0.398,1.200,-2.000,0.0061,-2.172,nan,0.07,1,1,1,0,1,0.0026,1.000,1,0.431,7,0.201,0,0,yolo,125.3,yolo,0,0,0,0.000,0,-1,0
1785657884.409,0.665,-6.005,1.312,0.9944,0,0.460,4.005,-0.387,0.3146,10.236,0.057,-3.385,1.000,0.321,0.204,0.0243,-0.3837,0.057,0.057,-0.639,0.446,1.200,-2.000,0.0061,-2.295,nan,0.07,1,1,1,0,1,0.0023,1.000,1,0.377,6,0.226,0,0,yolo,125.3,yolo,0,0,0,0.000,0,-1,0
1785657884.436,0.664,-5.998,1.313,0.9945,0,-1.040,3.998,-1.089,0.2979,9.125,0.163,-2.520,1.000,1.023,9.162,-1.1179,-2.0000,0.057,-0.108,-0.641,0.447,1.200,-2.000,0.0061,-1.550,nan,0.07,1,1,1,1,1,0.0023,1.000,1,0.377,6,0.226,0,0,yolo,117.5,yolo,0,0,0,0.000,0,-1,0
1785657884.475,0.808,-5.476,1.441,0.9953,0,-0.334,3.476,-1.133,0.3143,9.125,0.163,-2.520,1.000,1.023,1.142,0.1686,-0.1395,0.061,0.061,-0.780,0.493,1.200,-2.000,0.0061,-1.635,nan,0.11,1,1,1,0,1,0.0038,1.000,1,0.361,6,0.270,0,0,yolo,117.5,yolo,0,0,0,0.000,0,-1,0
1785657884.514,0.825,-5.046,1.574,0.9960,0,-0.244,3.046,-1.170,0.3107,9.125,0.163,-2.520,1.000,1.023,1.069,0.1737,-0.2621,0.066,0.066,-0.903,0.534,1.200,-2.000,0.0061,-1.705,nan,0.15,1,1,1,0,1,0.0051,1.000,1,0.361,6,0.270,0,0,yolo,117.5,yolo,0,0,0,0.000,0,-1,0
1785657884.547,0.825,-5.046,1.574,0.9960,0,1.256,3.046,-0.773,0.2940,8.002,0.084,-1.804,1.000,0.599,-1.517,0.5927,-2.0000,0.066,0.005,-0.903,0.534,1.358,-2.000,0.0061,-1.092,nan,0.17,1,1,1,1,1,0.0061,1.000,1,0.361,6,0.270,0,0,yolo,110.2,yolo,0,0,0,0.000,0,-1,0
1785657884.577,0.850,-4.666,1.692,0.9966,0,0.449,2.666,-0.925,0.3004,8.002,0.084,-1.804,1.000,0.599,0.401,0.0664,-0.1133,0.071,0.071,-1.016,0.573,1.305,-2.000,0.0061,-1.145,nan,0.33,1,1,1,0,1,0.0114,1.000,1,0.356,6,0.292,0,0,yolo,110.2,yolo,0,0,0,0.000,0,-1,0
1785657884.614,0.785,-4.321,1.796,0.9971,0,0.491,2.321,-1.144,0.2973,8.002,0.084,-1.804,1.000,0.599,0.294,0.0732,-0.2103,0.078,0.078,-1.113,0.611,1.256,-2.000,0.0061,-1.194,nan,0.55,1,1,1,0,1,0.0191,1.000,1,0.305,5,0.489,0,0,yolo,110.2,yolo,0,0,0,0.000,0,-1,0
1785657884.655,0.734,-4.041,1.884,0.9974,0,1.991,2.041,-0.910,0.2972,8.867,-0.009,-1.798,1.000,-0.058,-4.677,0.7619,-0.1934,0.083,0.075,-1.180,0.642,1.281,-2.000,0.0061,-1.169,nan,0.97,1,1,1,1,1,0.0338,1.000,1,0.298,5,0.516,0,0,yolo,112.0,yolo,0,0,0,0.000,0,-1,0
1785657884.686,0.506,-3.802,1.983,0.9978,0,1.607,1.802,-1.226,0.2806,8.867,-0.009,-1.798,1.000,-0.058,-1.101,0.0159,-0.0636,0.091,0.091,-1.243,0.671,1.244,-2.000,0.0061,-1.206,nan,1.28,1,1,1,0,1,0.0448,1.000,1,0.298,5,0.516,0,0,yolo,112.0,yolo,0,0,0,0.000,0,-1,0
1785657884.723,0.506,-3.802,1.983,0.9978,0,1.607,1.802,-2.726,0.2707,8.867,-0.009,-1.798,1.000,-0.058,-1.101,0.0159,-0.0636,0.091,0.091,-1.243,0.671,1.244,-2.000,0.0061,-1.206,nan,3.24,1,1,1,0,1,0.1132,1.000,1,0.284,5,0.544,0,0,yolo,112.0,yolo,0,0,0,0.000,0,-1,0
1785657884.763,0.342,-3.586,2.095,0.9980,0,3.107,1.586,-4.191,0.2540,9.422,-0.086,-1.638,1.000,-0.521,-6.238,0.7617,-1.6042,0.095,0.124,-1.283,0.700,1.404,-2.000,0.0061,-1.046,nan,4.71,1,1,1,1,1,0.1645,1.000,1,0.284,5,0.544,0,0,yolo,112.6,yolo,0,0,0,0.000,0,-1,0
1785657884.793,-0.083,-3.371,2.591,0.9983,0,1.964,1.371,-5.556,0.2706,9.422,-0.086,-1.638,1.000,-0.521,-2.047,-0.0271,-0.0033,0.096,0.096,-1.287,0.731,1.369,-2.000,0.0061,-1.081,nan,6.08,1,1,1,0,1,0.2121,1.000,1,0.280,5,0.559,0,0,yolo,112.6,yolo,0,0,0,0.000,0,-1,0
1785657884.824,-0.318,-3.194,3.228,0.9984,0,1.628,1.194,-6.767,0.2705,9.422,-0.086,-1.638,1.000,-0.521,-1.946,-0.0343,0.0072,0.089,0.089,-1.276,0.758,1.340,-2.000,0.0061,-1.110,nan,7.29,1,1,1,0,1,0.2544,0.900,1,0.277,4,0.586,0,0,yolo,112.6,yolo,0,0,0,0.000,0,-1,0
1785657884.856,-0.318,-3.194,3.228,0.9984,0,1.628,1.194,-7.479,0.2705,9.422,-0.086,-1.638,1.000,-0.521,-1.946,-0.0343,0.0072,0.089,0.089,-1.276,0.758,1.340,-2.000,0.0061,-1.110,nan,8.00,1,1,1,0,1,0.2861,0.900,1,0.277,4,0.586,0,0,yolo,112.6,yolo,0,0,0,0.000,0,-1,0
1785657884.892,-0.547,-3.033,4.033,0.9986,0,3.128,1.033,-5.979,0.2539,9.736,-0.144,-1.435,1.000,-0.846,-5.520,0.4148,-1.4514,0.077,0.151,-1.256,0.784,1.534,-2.000,0.0062,-0.916,nan,0.00,1,1,1,1,1,0.0000,0.963,0,0.227,4,0.608,0,0,yolo,111.9,yolo,0,0,0,0.000,0,-1,0
1785657884.933,-0.962,-2.893,4.682,0.9986,0,1.628,0.893,-4.479,0.2705,9.736,-0.144,-1.435,1.000,-0.846,-2.298,-0.0830,0.0483,0.068,0.068,-1.207,0.807,1.511,-2.000,0.0063,-0.939,nan,0.00,1,1,1,0,1,0.0000,0.962,0,0.227,4,0.654,0,0,yolo,111.9,yolo,0,0,0,0.000,0,-1,0
1785657884.965,-1.155,-2.776,5.110,0.9986,0,0.971,0.776,-2.979,0.2872,9.736,-0.144,-1.435,1.000,-0.846,-2.126,-0.0955,0.0920,0.055,0.055,-1.164,0.828,1.492,-2.000,0.0064,-0.958,nan,0.00,1,1,1,0,1,0.0000,0.962,0,0.227,4,0.654,0,0,yolo,111.9,yolo,0,0,0,0.000,0,-1,0
1785657884.997,-1.157,-2.775,5.114,0.9986,0,2.471,0.775,-1.479,0.2705,9.889,-0.193,-1.238,1.000,-1.118,-6.608,0.4681,-2.0000,0.055,0.170,-1.163,0.828,1.696,-2.000,0.0065,-0.754,nan,0.00,1,1,1,1,1,0.0000,0.959,0,0.224,4,0.781,0,0,yolo,109.6,yolo,0,0,0,0.000,0,-1,0
1785657885.029,-1.440,-2.680,5.260,0.9986,0,1.144,0.680,0.021,0.2872,9.889,-0.193,-1.238,1.000,-1.118,-2.585,-0.1230,0.0160,0.047,0.047,-1.147,0.846,1.681,-2.000,0.0065,-0.769,nan,0.00,1,1,1,0,1,0.0000,0.947,0,0.217,4,0.784,0,0,yolo,109.6,yolo,0,0,0,0.000,0,-1,0
1785657885.060,-1.440,-2.680,5.260,0.9986,0,1.144,0.680,1.118,0.2948,9.889,-0.193,-1.238,1.000,-1.118,-2.585,-0.1230,0.0160,0.047,0.047,-1.147,0.846,1.681,-2.000,0.0066,-0.769,nan,0.00,1,1,1,0,1,0.0000,0.948,0,0.218,4,0.774,0,0,yolo,109.6,yolo,0,0,0,0.000,0,-1,0
1785657885.098,-1.550,-2.595,5.211,0.9986,0,2.644,0.595,1.739,0.2781,9.949,-0.302,-1.007,1.000,-1.739,-10.330,0.8087,-1.6662,0.036,0.225,-1.137,0.865,1.903,-2.000,0.0067,-0.547,nan,0.00,1,1,1,1,1,0.0000,0.836,0,0.222,3,0.757,0,0,yolo,109.6,yolo,0,0,0,0.000,0,-1,0
1785657885.124,-1.675,-2.517,5.096,0.9986,0,1.911,0.517,1.739,0.2872,9.949,-0.302,-1.007,1.000,-1.739,-3.586,-0.1982,-0.0149,0.027,0.027,-1.152,0.881,1.891,-2.000,0.0067,-0.559,nan,0.00,1,1,1,0,1,0.0000,0.836,0,0.222,3,0.757,0,0,yolo,109.6,yolo,0,0,0,0.000,0,-1,0
1785657885.163,-1.901,-2.458,4.905,0.9985,0,1.565,0.458,1.739,0.2863,9.949,-0.302,-1.007,1.000,-1.739,-3.466,-0.2070,-0.0433,0.018,0.018,-1.180,0.898,1.882,-2.000,0.0068,-0.568,nan,0.00,1,1,1,0,1,0.0000,0.807,0,0.202,3,0.698,0,0,yolo,109.6,yolo,0,0,0,0.000,0,-1,0
1785657885.202,-2.058,-2.409,4.726,0.9985,0,3.065,0.409,2.917,0.2696,9.936,-0.506,-0.899,1.000,-2.917,-14.000,3.0649,-1.6044,0.007,0.566,-1.216,0.913,1.989,-2.000,0.0068,-0.461,nan,0.00,1,1,1,1,1,0.0000,0.807,0,0.202,3,0.698,0,0,yolo,117.0,yolo,0,0,0,0.000,0,-1,0
1785657885.234,-2.058,-2.409,4.726,0.9985,0,2.508,0.409,2.917,0.2713,9.936,-0.506,-0.899,1.000,-2.917,-4.566,-0.5581,0.0000,0.007,0.007,-1.216,0.913,1.989,-2.000,0.0069,-0.461,nan,0.00,1,1,1,0,1,0.0000,0.801,0,0.197,3,0.715,0,0,yolo,117.0,yolo,0,0,0,0.000,0,-1,0
1785657885.264,-2.395,-2.371,4.454,0.9983,0,2.071,0.371,2.917,0.2714,9.936,-0.506,-0.899,1.000,-2.917,-4.466,-0.5654,-0.0281,0.000,0.000,-1.244,0.928,1.985,-2.000,0.0069,-0.465,nan,0.00,1,1,1,0,1,0.0000,0.801,0,0.197,3,0.715,0,0,yolo,117.0,yolo,0,0,0,0.000,0,-1,0
1785657885.301,-2.599,-2.338,4.127,0.9981,0,1.703,0.338,2.917,0.2715,9.936,-0.506,-0.899,1.000,-2.917,-4.302,-0.5774,-0.0468,-0.012,-0.012,-1.263,0.943,1.981,-2.000,0.0070,-0.469,nan,0.00,1,1,1,0,1,0.0000,0.814,0,0.206,3,0.716,0,0,yolo,117.0,yolo,0,0,0,0.000,0,-1,0
1785657885.343,-2.765,-2.312,3.858,0.9980,0,3.203,0.312,3.790,0.2548,9.812,-0.650,-0.719,1.000,-3.790,-14.000,1.1208,-1.3393,-0.025,0.501,-1.268,0.957,2.160,-2.000,0.0070,-0.290,nan,0.00,1,1,1,1,1,0.0000,0.814,0,0.206,3,0.716,0,0,yolo,110.9,yolo,0,0,0,0.000,0,-1,0
1785657885.375,-3.100,-2.295,3.511,0.9977,0,3.389,0.295,3.790,0.2715,9.812,-0.650,-0.719,1.000,-3.790,-6.489,-0.5358,0.0190,-0.035,-0.035,-1.249,0.970,2.161,-2.000,0.0070,-0.289,nan,0.00,1,1,1,0,1,0.0000,0.690,0,0.200,2,0.729,0,0,yolo,110.9,yolo,0,0,0,0.000,0,-1,0
1785657885.407,-3.100,-2.295,3.511,0.9977,0,3.389,0.295,3.790,0.2717,9.812,-0.650,-0.719,1.000,-3.790,-6.489,-0.5358,0.0190,-0.035,-0.035,-1.249,0.970,2.161,-2.000,0.0070,-0.289,nan,0.00,1,1,1,0,1,0.0000,0.690,0,0.200,2,0.729,0,0,yolo,110.9,yolo,0,0,0,0.000,0,-1,0
1785657885.437,-3.449,-2.282,3.118,0.9974,0,4.889,0.282,4.147,0.2550,9.666,-0.701,-0.484,1.000,-4.147,-14.000,0.4526,-1.7521,-0.048,0.360,-1.221,0.984,2.200,-2.000,0.0071,-0.055,nan,0.00,1,1,1,1,1,0.0000,0.678,0,0.190,2,0.730,0,0,yolo,109.9,yolo,0,0,0,0.000,0,-1,0
1785657885.473,-3.986,-2.276,2.710,0.9968,0,3.733,0.276,4.147,0.2717,9.666,-0.701,-0.484,1.000,-4.147,-7.719,-0.4212,0.0333,-0.061,-0.061,-1.187,0.998,2.200,-2.000,0.0071,-0.050,nan,0.00,1,1,1,0,1,0.0000,0.678,0,0.190,2,0.730,0,0,yolo,109.9,yolo,0,0,0,0.000,0,-1,0
1785657885.515,-4.323,-2.273,2.341,0.9964,0,3.159,0.273,4.147,0.2761,9.666,-0.701,-0.484,1.000,-4.147,-7.482,-0.4384,0.0598,-0.078,-0.078,-1.161,1.011,2.200,-2.000,0.0071,-0.046,nan,0.00,1,1,1,0,1,0.0000,0.290,0,0.205,1,0.705,0,0,yolo,109.9,yolo,0,0,0,0.000,0,-1,0
1785657885.552,-4.323,-2.273,2.341,0.9964,0,4.659,0.273,4.098,0.2595,9.337,-0.669,-0.263,1.000,-4.098,-11.319,-0.0798,-2.0000,-0.078,0.161,-1.161,1.011,2.200,-2.000,0.0070,0.159,nan,0.00,1,1,1,1,1,0.0000,0.580,0,0.205,1,0.705,1,0,yolo,111.6,yolo,0,0,0,0.000,0,-1,0
1785657885.582,-4.652,-2.273,1.926,0.9959,0,3.344,0.273,4.098,0.2684,9.337,-0.669,-0.263,1.000,-4.098,-7.996,-0.2629,0.0269,-0.102,-0.102,-1.134,1.025,2.200,-2.000,0.0070,0.163,nan,0.00,1,1,1,0,1,0.0000,0.589,0,0.214,1,0.693,1,0,yolo,111.6,yolo,0,0,0,0.000,0,-1,0
1785657885.616,-5.040,-2.276,1.486,0.9953,0,2.557,0.276,4.098,0.2690,9.337,-0.669,-0.263,1.000,-4.098,-7.597,-0.2911,0.0398,-0.130,-0.130,-1.121,1.040,2.200,-2.000,0.0070,0.168,nan,0.00,1,1,1,0,1,0.0000,0.657,0,0.173,2,0.685,0,0,yolo,111.6,yolo,0,0,0,0.000,0,-1,0
1785657885.650,-5.040,-2.276,1.486,0.9953,0,4.057,0.276,4.010,0.2523,9.170,-0.643,-0.102,1.000,-4.010,-9.504,-0.1418,-1.5110,-0.130,0.020,-1.121,1.040,2.131,-2.000,0.0070,0.319,nan,0.00,1,1,1,1,1,0.0000,0.541,0,0.166,1,0.690,0,0,yolo,108.7,yolo,0,0,0,0.000,0,-1,0
1785657885.686,-5.744,-2.288,0.694,0.9942,0,2.557,0.288,4.010,0.2639,9.170,-0.643,-0.102,1.000,-4.010,-7.219,-0.2089,0.0286,-0.189,-0.189,-1.092,1.068,2.121,-2.000,0.0070,0.329,nan,0.00,1,1,1,0,1,0.0000,0.541,0,0.166,1,0.690,0,0,yolo,108.7,yolo,0,0,0,0.000,0,-1,0
1785657885.721,-5.744,-2.288,0.694,0.9942,0,1.475,0.288,4.010,0.2639,9.170,-0.643,-0.102,1.000,-4.010,-7.219,-0.2089,0.0286,-0.189,-0.189,-1.092,1.068,2.121,-2.000,0.0069,0.329,nan,0.00,1,1,1,0,1,0.0000,0.310,0,0.141,0,0.748,0,0,yolo,108.7,yolo,0,0,0,0.000,0,-1,0
1785657885.750,-5.864,-2.295,0.299,0.9940,0,-0.025,0.295,3.548,0.2472,9.123,-0.566,0.055,1.000,-3.548,-5.337,-0.7343,-1.4818,-0.225,0.015,-1.073,1.082,1.973,-2.000,0.0069,0.477,nan,0.00,1,1,1,1,1,0.0000,0.310,0,0.141,0,0.748,0,0,yolo,107.7,yolo,0,0,0,0.000,0,-1,0
1785657885.780,-5.851,-2.298,-0.034,0.9940,0,-0.831,0.298,3.548,0.2596,9.123,-0.566,0.055,1.000,-3.548,-5.020,-0.2771,0.0349,-0.262,-0.262,-1.038,1.096,1.972,-2.000,0.0068,0.478,nan,0.00,1,1,1,0,1,0.0000,0.311,0,0.143,0,0.786,0,0,yolo,107.7,yolo,0,0,0,0.000,0,-1,0
1785657885.819,-5.851,-2.298,-0.034,0.9940,0,-0.831,0.298,3.548,0.2596,9.123,-0.566,0.055,1.000,-3.548,-5.020,-0.2771,0.0349,-0.262,-0.262,-1.038,1.096,1.972,-2.000,0.0068,0.478,nan,0.00,1,1,1,0,1,0.0000,0.310,0,0.141,0,0.810,0,0,yolo,107.7,yolo,0,0,0,0.000,0,-1,0
1785657885.857,-5.756,-2.299,-0.376,0.9942,0,-2.331,0.299,2.981,0.2429,9.120,-0.475,0.196,1.000,-2.981,-2.515,-0.9036,-1.3005,-0.303,-0.045,-0.995,1.111,1.842,-2.000,0.0067,0.608,nan,0.00,1,1,1,1,1,0.0000,0.310,0,0.141,0,0.810,0,0,yolo,106.5,yolo,0,0,0,0.000,0,-1,0
1785657885.894,-5.673,-2.300,-0.708,0.9943,0,-2.890,0.300,2.981,0.2559,9.120,-0.475,0.196,1.000,-2.981,-2.783,-0.2950,0.0437,-0.340,-0.340,-0.952,1.125,1.843,-2.000,0.0067,0.607,nan,0.00,1,1,1,0,1,0.0000,0.520,0,0.145,2,0.820,1,0,yolo,106.5,yolo,0,0,0,0.000,0,-1,0
1785657885.920,-5.335,-2.296,-1.012,0.9949,0,-3.150,0.296,2.981,0.2574,9.120,-0.475,0.196,1.000,-2.981,-2.186,-0.3364,0.0810,-0.381,-0.381,-0.914,1.139,1.846,-2.000,0.0066,0.604,nan,0.00,1,1,1,0,1,0.0000,0.415,0,0.144,1,0.840,0,0,yolo,106.5,yolo,0,0,0,0.000,0,-1,0
1785657885.951,-5.335,-2.296,-1.012,0.9949,0,-3.150,0.296,2.981,0.2574,9.120,-0.475,0.196,1.000,-2.981,-2.186,-0.3364,0.0810,-0.381,-0.381,-0.914,1.139,1.846,-2.000,0.0065,0.604,nan,0.00,1,1,1,0,1,0.0000,0.517,0,0.142,2,0.840,0,0,yolo,106.5,yolo,0,0,0,0.000,0,-1,0
1785657885.987,-4.986,-2.288,-1.305,0.9954,0,-3.119,0.288,2.355,0.2407,9.059,-0.373,0.321,1.000,-2.355,-1.868,-0.5932,-0.6570,-0.420,-0.111,-0.875,1.154,1.736,-2.000,0.0065,0.714,nan,0.00,1,1,1,1,1,0.0000,0.517,0,0.142,2,0.840,2,0,yolo,113.5,yolo,0,0,0,0.000,0,-1,0
1785657886.014,-4.636,-2.276,-1.556,0.9959,0,-4.619,0.276,2.355,0.2521,9.059,-0.373,0.321,1.000,-2.355,0.175,-0.3459,0.0446,-0.457,-0.457,-0.830,1.169,1.741,-2.000,0.0064,0.709,nan,0.00,1,1,1,0,1,0.0000,0.520,0,0.145,2,0.844,0,0,yolo,113.5,yolo,0,0,0,0.000,0,-1,0
1785657886.052,-4.636,-2.276,-1.556,0.9959,0,-4.812,0.276,2.355,0.2521,9.059,-0.373,0.321,1.000,-2.355,0.175,-0.3459,0.0446,-0.457,-0.457,-0.830,1.169,1.741,-2.000,0.0063,0.709,nan,0.00,1,1,1,0,1,0.0000,0.519,0,0.144,2,0.844,0,0,yolo,113.5,yolo,0,0,0,0.000,0,-1,0
1785657886.098,-3.603,-2.247,-2.010,0.9973,0,-6.312,0.247,0.905,0.2354,8.984,-0.142,0.483,1.000,-0.905,9.603,-1.7058,-0.9968,-0.520,-0.349,-0.738,1.197,1.608,-2.000,0.0062,0.842,nan,0.00,1,1,1,1,1,0.0000,0.519,0,0.144,2,0.844,3,0,yolo,104.6,yolo,0,0,0,0.000,0,-1,0
1785657886.125,-3.603,-2.247,-2.010,0.9973,0,-7.164,0.247,0.905,0.2456,8.984,-0.142,0.483,1.000,-0.905,3.561,-0.1707,0.0000,-0.520,-0.520,-0.738,1.197,1.608,-2.000,0.0062,0.842,nan,0.00,1,1,1,0,1,0.0000,0.406,0,0.133,1,0.858,0,0,yolo,104.6,yolo,0,0,0,0.000,0,-1,0
1785657886.157,-2.840,-2.229,-2.117,0.9980,0,-6.797,0.229,0.905,0.2477,8.984,-0.142,0.483,1.000,-0.905,3.958,-0.1980,0.0510,-0.547,-0.547,-0.687,1.208,1.612,-2.000,0.0061,0.838,nan,0.00,1,1,1,0,1,0.0000,0.406,0,0.133,1,0.858,0,0,yolo,104.6,yolo,0,0,0,0.000,0,-1,0
1785657886.189,-2.151,-2.206,-2.167,0.9986,0,-8.297,0.206,0.299,0.2310,8.633,-0.045,0.560,1.000,-0.299,14.000,-2.7400,-1.6565,-0.568,-0.748,-0.631,1.220,1.557,-2.000,0.0060,0.893,nan,0.00,1,1,1,1,1,0.0000,0.408,0,0.134,1,0.856,0,0,yolo,102.8,yolo,0,0,0,0.000,0,-1,0
1785657886.220,-2.151,-2.206,-2.167,0.9986,0,-6.797,0.206,0.299,0.2434,8.633,-0.045,0.560,1.000,-0.299,4.006,0.1798,0.0000,-0.568,-0.568,-0.631,1.220,1.557,-2.000,0.0059,0.893,nan,0.00,1,1,1,0,1,0.0000,0.516,0,0.141,2,0.838,0,0,yolo,102.8,yolo,0,0,0,0.000,0,-1,0
1785657886.250,-1.263,-2.186,-2.208,0.9990,0,-5.513,0.186,0.299,0.2461,8.633,-0.045,0.560,1.000,-0.299,4.249,0.1635,0.0605,-0.584,-0.584,-0.571,1.231,1.560,-2.000,0.0058,0.890,nan,0.00,1,1,1,0,1,0.0000,0.516,0,0.141,2,0.838,0,0,yolo,102.8,yolo,0,0,0,0.000,0,-1,0
1785657886.282,-0.728,-2.166,-2.228,0.9992,0,-7.013,0.166,-0.340,0.2294,8.354,0.050,0.651,1.000,0.340,11.633,-0.6988,-0.5659,-0.592,-0.709,-0.511,1.241,1.485,-2.000,0.0057,0.965,nan,0.00,1,1,1,1,1,0.0000,0.396,0,0.120,1,0.806,0,0,yolo,108.7,yolo,0,0,0,0.000,0,-1,0
1785657886.314,-0.090,-2.151,-2.213,0.9993,0,-6.499,0.151,-0.340,0.2439,8.354,0.050,0.651,1.000,0.340,6.409,0.1134,0.0664,-0.596,-0.596,-0.444,1.249,1.486,-2.000,0.0056,0.964,nan,0.00,1,1,1,0,1,0.0000,0.396,0,0.120,1,0.806,0,0,yolo,108.7,yolo,0,0,0,0.000,0,-1,0
1785657886.345,-0.090,-2.151,-2.213,0.9993,0,-6.499,0.151,-0.340,0.2438,8.354,0.050,0.651,1.000,0.340,6.409,0.1134,0.0664,-0.596,-0.596,-0.444,1.249,1.486,-2.000,0.0055,0.964,nan,0.00,1,1,1,0,1,0.0000,0.400,0,0.125,1,0.790,0,0,yolo,108.7,yolo,0,0,0,0.000,0,-1,0
1785657886.377,0.609,-2.134,-2.166,0.9992,0,-5.784,-0.180,-0.340,0.2472,8.354,0.050,0.651,1.000,0.340,6.393,0.1144,0.1435,-0.595,-0.595,-0.367,1.259,1.488,-2.315,0.0054,0.962,nan,0.00,1,1,1,0,1,0.0000,0.400,0,0.125,1,0.790,0,0,yolo,108.7,yolo,0,0,0,0.000,0,-1,0
1785657886.408,1.202,-2.154,-2.135,0.9991,0,-7.284,0.105,-1.338,0.2305,8.148,0.190,0.741,1.000,1.338,14.000,-1.4195,-0.8915,-0.588,-0.780,-0.294,1.268,1.399,-2.049,0.0054,1.051,nan,0.00,1,1,1,1,1,0.0000,0.509,0,0.134,2,0.781,0,0,yolo,108.4,yolo,0,0,0,0.000,0,-1,0
1785657886.443,1.906,-2.148,-2.043,0.9987,0,-6.514,0.122,-1.338,0.2411,8.148,0.190,0.741,1.000,1.338,8.420,0.2020,0.0650,-0.578,-0.578,-0.229,1.276,1.398,-2.025,0.0054,1.052,nan,0.00,1,1,1,0,1,0.0000,0.509,0,0.134,2,0.781,2,0,yolo,108.4,yolo,0,0,0,0.000,0,-1,0
1785657886.470,2.578,-2.139,-1.892,0.9983,0,-5.598,0.136,-1.338,0.2444,8.148,0.190,0.741,1.000,1.338,8.176,0.2177,0.1366,-0.562,-0.562,-0.157,1.284,1.397,-2.002,0.0054,1.053,nan,0.00,1,1,1,0,1,0.0000,0.311,0,0.143,0,0.765,0,0,yolo,108.4,yolo,0,0,0,0.000,0,-1,0
1785657886.502,2.578,-2.139,-1.892,0.9983,0,-7.098,0.220,-2.166,0.2277,7.925,0.300,0.812,1.000,2.166,14.000,-1.1452,-0.6749,-0.562,-0.768,-0.157,1.284,1.330,-1.918,0.0054,1.120,nan,0.00,1,1,1,1,1,0.0000,0.313,0,0.147,0,0.755,0,0,yolo,111.4,yolo,0,0,0,0.000,0,-1,0
1785657886.533,3.324,-2.127,-1.697,0.9976,0,-6.800,0.253,-2.166,0.2396,7.925,0.300,0.812,1.000,2.166,10.124,0.2274,0.0735,-0.541,-0.541,-0.083,1.291,1.328,-1.874,0.0054,1.122,nan,0.00,1,1,1,0,1,0.0000,0.313,0,0.147,0,0.755,0,0,yolo,111.4,yolo,0,0,0,0.000,0,-1,0
1785657886.564,4.031,-2.114,-1.479,0.9968,0,-5.670,0.272,-2.166,0.2431,7.925,0.300,0.812,1.000,2.166,9.701,0.2543,0.1480,-0.514,-0.514,-0.009,1.298,1.327,-1.842,0.0054,1.123,nan,0.00,1,1,1,0,1,0.0000,0.315,0,0.151,0,0.760,0,0,yolo,111.4,yolo,0,0,0,0.000,0,-1,0
1785657886.595,4.031,-2.114,-1.479,0.9968,0,-5.670,0.203,-2.166,0.2431,7.925,0.300,0.812,1.000,2.166,9.701,0.2543,0.1480,-0.514,-0.514,-0.009,1.298,1.327,-1.911,0.0054,1.123,nan,0.00,1,1,1,0,1,0.0000,0.315,0,0.151,0,0.760,0,0,yolo,111.4,yolo,0,0,0,0.000,0,-1,0
1785657886.626,4.590,-2.102,-1.285,0.9961,0,-7.170,0.404,-3.046,0.2265,7.944,0.423,0.870,1.000,3.046,14.000,-0.9151,-0.5144,-0.483,-0.699,0.064,1.305,1.258,-1.698,0.0054,1.192,nan,0.00,1,1,1,1,1,0.0000,0.461,0,0.201,0,0.730,0,0,yolo,105.5,yolo,0,0,0,0.000,0,-1,0
1785657886.661,5.352,-2.085,-1.017,0.9950,0,-5.785,0.426,-3.046,0.2384,7.944,0.423,0.870,1.000,3.046,11.137,0.2542,0.0803,-0.445,-0.445,0.144,1.312,1.256,-1.659,0.0054,1.194,nan,0.00,1,1,1,0,1,0.0000,0.461,0,0.201,0,0.730,2,0,yolo,105.5,yolo,0,0,0,0.000,0,-1,0
1785657886.702,5.964,-2.071,-0.697,0.9939,0,-4.499,0.437,-3.046,0.2424,7.944,0.423,0.870,1.000,3.046,10.463,0.2970,0.1639,-0.402,-0.402,0.228,1.318,1.254,-1.633,0.0054,1.196,nan,0.00,1,1,1,0,1,0.0000,0.463,0,0.204,0,0.741,0,0,yolo,105.5,yolo,0,0,0,0.000,0,-1,0
1785657886.734,6.415,-2.057,-0.419,0.9931,0,-5.999,0.533,-3.686,0.2257,7.911,0.510,0.898,1.000,3.686,14.000,-1.3245,-0.5563,-0.358,-0.663,0.305,1.324,1.217,-1.524,0.0054,1.233,nan,0.00,1,1,1,1,1,0.0000,0.463,0,0.204,0,0.741,0,0,yolo,106.7,yolo,0,0,0,0.000,0,-1,0
1785657886.766,6.415,-2.057,-0.419,0.9931,0,-5.144,0.470,-3.686,0.2340,7.911,0.510,0.898,1.000,3.686,11.559,0.3050,0.0000,-0.358,-0.358,0.305,1.324,1.217,-1.587,0.0054,1.233,nan,0.00,1,1,1,0,1,0.0000,0.464,0,0.205,0,0.761,0,0,yolo,106.7,yolo,0,0,0,0.000,0,-1,0
1785657886.796,7.053,-2.043,-0.079,0.9918,0,-3.714,0.495,-3.686,0.2384,7.911,0.510,0.898,1.000,3.686,10.767,0.3552,0.0913,-0.308,-0.308,0.396,1.329,1.215,-1.548,0.0054,1.235,nan,0.00,1,1,1,0,1,0.0000,0.457,0,0.196,0,0.794,0,0,yolo,106.7,yolo,0,0,0,0.000,0,-1,0
1785657886.831,7.454,-2.037,0.322,0.9909,0,-2.417,0.529,-3.686,0.2428,7.911,0.510,0.898,1.000,3.686,9.871,0.4120,0.1842,-0.251,-0.251,0.489,1.336,1.213,-1.509,0.0054,1.237,nan,0.00,1,1,1,0,1,0.0000,0.491,0,0.239,0,0.825,0,0,yolo,106.7,yolo,0,0,0,0.000,0,-1,0
1785657886.858,7.454,-2.037,0.322,0.9909,0,-3.917,0.483,-4.130,0.2333,7.603,0.549,0.908,1.000,4.130,14.000,-0.3539,-0.0228,-0.251,-0.475,0.489,1.336,1.209,-1.554,0.0054,1.241,nan,0.00,1,1,1,1,1,0.0000,0.491,0,0.239,0,0.825,0,0,yolo,120.0,yolo,0,0,0,0.000,0,-1,0
1785657886.893,7.711,-2.028,0.676,0.9903,0,-3.439,0.517,-4.130,0.2379,7.603,0.549,0.908,1.000,4.130,11.150,0.2782,0.0761,-0.197,-0.197,0.565,1.342,1.208,-1.511,0.0054,1.242,nan,0.00,1,1,1,0,1,0.0000,0.491,0,0.239,0,0.829,0,0,yolo,120.0,yolo,0,0,0,0.000,0,-1,0
1785657886.934,8.104,-2.028,1.082,0.9894,0,-2.090,0.561,-4.130,0.2415,7.603,0.549,0.908,1.000,4.130,10.194,0.3371,0.1535,-0.138,-0.138,0.643,1.348,1.205,-1.467,0.0054,1.245,nan,0.00,1,1,1,0,1,0.0000,0.491,0,0.239,0,0.829,0,0,yolo,120.0,yolo,0,0,0,0.000,0,-1,0
1785657886.966,8.321,-2.026,1.499,0.9889,0,-3.590,0.588,-4.471,0.2356,7.577,0.592,0.900,1.000,4.471,14.000,-0.6757,0.0195,-0.080,-0.350,0.720,1.354,1.207,-1.438,0.0054,1.243,nan,0.00,1,1,1,1,1,0.0000,0.487,0,0.234,0,0.828,0,0,yolo,111.3,yolo,0,0,0,0.000,0,-1,0
1785657887.002,8.672,-2.028,1.888,0.9879,0,-2.090,0.618,-4.471,0.2377,7.577,0.592,0.900,1.000,4.471,9.823,0.3260,0.0625,-0.024,-0.024,0.782,1.360,1.204,-1.410,0.0054,1.246,nan,0.00,1,1,1,0,1,0.0000,0.487,0,0.234,0,0.828,3,0,yolo,111.3,yolo,0,0,0,0.000,0,-1,0
1785657887.042,8.872,-2.028,2.277,0.9874,0,-0.590,0.643,-4.471,0.2544,7.577,0.592,0.900,1.000,4.471,8.952,0.3795,0.1233,0.029,0.029,0.843,1.366,1.202,-1.386,0.0054,1.248,nan,0.00,1,1,1,0,1,0.0000,0.588,0,0.213,1,0.844,0,0,yolo,111.3,yolo,0,0,0,0.000,0,-1,0
1785657887.074,8.872,-2.028,2.277,0.9874,0,-2.090,0.469,-4.589,0.2710,7.188,0.577,0.870,1.000,4.589,14.000,-0.1476,0.4519,0.029,-0.157,0.843,1.366,1.247,-1.560,0.0054,1.203,nan,0.00,1,1,1,1,1,0.0000,0.588,0,0.213,1,0.844,0,0,yolo,118.0,yolo,0,0,0,0.000,0,-1,0
1785657887.104,8.922,-2.027,2.711,0.9873,0,-0.590,0.517,-4.589,0.2729,7.188,0.577,0.870,1.000,4.589,9.206,0.2448,0.0651,0.088,0.088,0.908,1.373,1.247,-1.509,0.0054,1.203,nan,0.00,1,1,1,0,1,0.0000,0.301,0,0.127,0,0.852,0,0,yolo,118.0,yolo,0,0,0,0.000,0,-1,0
1785657887.141,8.994,-2.042,3.168,0.9871,0,0.818,0.590,-4.589,0.2729,7.188,0.577,0.870,1.000,4.589,8.175,0.3058,0.1202,0.149,0.149,0.963,1.381,1.245,-1.451,0.0054,1.205,nan,0.00,1,1,1,0,1,0.0000,0.301,0,0.127,0,0.852,1,0,yolo,118.0,yolo,0,0,0,0.000,0,-1,0
1785657887.167,8.994,-2.042,3.168,0.9871,0,0.818,0.528,-4.589,0.2729,7.188,0.577,0.870,1.000,4.589,8.175,0.3058,0.1202,0.149,0.149,0.963,1.381,1.245,-1.514,0.0054,1.205,nan,0.00,1,1,1,0,1,0.0000,0.301,0,0.126,0,0.846,0,0,yolo,118.0,yolo,0,0,0,0.000,0,-1,0
1785657887.201,8.900,-2.046,3.605,0.9873,0,-0.682,0.502,-4.492,0.2729,7.205,0.566,0.836,1.000,4.492,10.660,0.0732,0.2119,0.203,0.017,1.001,1.389,1.280,-1.544,0.0054,1.170,nan,0.00,1,1,1,1,1,0.0000,0.299,0,0.124,0,0.834,0,0,yolo,111.4,yolo,0,0,0,0.000,0,-1,0
1785657887.232,8.822,-2.057,4.019,0.9875,0,0.818,0.564,-4.492,0.2728,7.205,0.566,0.836,1.000,4.492,7.038,0.2363,0.0192,0.253,0.253,1.020,1.397,1.279,-1.493,0.0054,1.171,nan,0.00,1,1,1,0,1,0.0000,0.299,0,0.123,0,0.822,0,0,yolo,111.4,yolo,0,0,0,0.000,0,-1,0
1785657887.261,8.738,-2.063,4.457,0.9878,0,2.318,0.621,-4.492,0.2728,7.205,0.566,0.836,1.000,4.492,6.129,0.2901,0.0222,0.307,0.307,1.023,1.405,1.279,-1.442,0.0054,1.171,nan,0.00,1,1,1,0,1,0.0000,0.299,0,0.123,0,0.822,0,0,yolo,111.4,yolo,0,0,0,0.000,0,-1,0
1785657887.293,8.655,-2.067,4.872,0.9880,0,2.508,0.504,-4.211,0.2727,6.998,0.515,0.786,1.000,4.211,6.147,0.3429,0.6491,0.358,0.218,1.011,1.414,1.344,-1.563,0.0054,1.106,nan,0.00,1,1,1,1,1,0.0000,0.297,0,0.120,0,0.803,0,0,yolo,112.6,yolo,0,0,0,0.000,0,-1,0
1785657887.323,8.651,-2.067,4.878,0.9880,0,3.215,0.427,-4.211,0.2727,6.998,0.515,0.786,1.000,4.211,5.436,0.1406,-0.0002,0.359,0.359,1.011,1.414,1.344,-1.640,0.0054,1.106,nan,0.00,1,1,1,0,1,0.0000,0.297,0,0.120,0,0.803,0,0,yolo,112.6,yolo,0,0,0,0.000,0,-1,0
1785657887.356,8.335,-2.077,5.281,0.9888,0,3.672,0.501,-4.211,0.2725,6.998,0.515,0.786,1.000,4.211,4.664,0.1853,-0.0141,0.403,0.403,0.997,1.423,1.345,-1.577,0.0054,1.105,nan,0.00,1,1,1,0,1,0.0000,0.299,0,0.123,0,0.789,0,0,yolo,112.6,yolo,0,0,0,0.000,0,-1,0
1785657887.392,7.924,-2.078,5.701,0.9898,0,4.026,0.559,-4.211,0.2722,6.998,0.515,0.786,1.000,4.211,3.897,0.2297,-0.0298,0.448,0.448,0.982,1.433,1.348,-1.519,0.0054,1.102,nan,0.00,1,1,1,0,1,0.0000,0.299,0,0.123,0,0.789,1,0,yolo,112.6,yolo,0,0,0,0.000,0,-1,0
1785657887.433,7.497,-2.072,6.105,0.9908,0,4.642,0.371,-3.531,0.2725,6.882,0.425,0.713,1.000,3.531,2.855,0.6128,0.6862,0.485,0.233,0.967,1.443,1.439,-1.701,0.0054,1.011,nan,0.00,1,1,1,1,1,0.0000,0.586,0,0.211,1,0.747,0,0,yolo,115.9,yolo,0,0,0,0.000,0,-1,0
1785657887.470,7.497,-2.072,6.105,0.9908,0,5.975,0.284,-3.531,0.2719,6.882,0.425,0.713,1.000,3.531,1.522,0.2516,0.0000,0.485,0.485,0.967,1.443,1.439,-1.788,0.0054,1.011,nan,0.00,1,1,1,0,1,0.0000,0.586,0,0.211,1,0.747,1,0,yolo,115.9,yolo,0,0,0,0.000,0,-1,0
1785657887.502,6.985,-2.078,6.458,0.9919,0,6.073,0.356,-3.531,0.2716,6.882,0.425,0.713,1.000,3.531,0.913,0.2865,-0.0158,0.520,0.520,0.951,1.453,1.441,-1.722,0.0054,1.009,nan,0.00,1,1,1,0,1,0.0000,0.467,0,0.209,0,0.742,1,0,yolo,115.9,yolo,0,0,0,0.000,0,-1,0
1785657887.533,6.321,-2.076,6.783,0.9933,0,7.573,-0.080,-2.031,0.2883,6.792,0.217,0.548,1.000,1.828,-7.897,1.5137,1.4607,0.547,0.387,0.936,1.462,1.636,-2.155,0.0053,0.814,nan,0.00,1,1,1,1,1,0.0000,0.588,0,0.213,1,0.743,2,0,yolo,117.7,yolo,0,0,0,0.000,0,-1,0
1785657887.573,5.473,-2.112,6.995,0.9948,0,8.990,0.011,-1.828,0.2716,6.792,0.217,0.548,1.000,1.828,-3.516,0.1806,-0.0214,0.568,0.568,0.914,1.472,1.634,-2.101,0.0053,0.816,nan,0.00,1,1,1,0,1,0.0000,0.600,0,0.225,1,0.708,0,0,yolo,117.7,yolo,0,0,0,0.000,0,-1,0
1785657887.605,4.555,-2.119,7.132,0.9962,0,8.288,0.035,-1.828,0.2702,6.792,0.217,0.548,1.000,1.828,-3.733,0.1929,-0.0406,0.580,0.580,0.895,1.481,1.636,-2.084,0.0052,0.814,nan,0.00,1,1,1,0,1,0.0000,0.599,0,0.224,1,0.706,0,0,yolo,117.7,yolo,0,0,0,0.000,0,-1,0
1785657887.635,4.555,-2.119,7.132,0.9962,0,9.788,-0.229,-1.036,0.2869,6.440,0.116,0.500,1.000,1.036,-14.000,2.6719,2.0000,0.580,0.756,0.895,1.481,1.705,-2.347,0.0051,0.745,nan,0.00,1,1,1,1,1,0.0000,0.599,0,0.224,1,0.706,0,0,yolo,114.5,yolo,0,0,0,0.000,0,-1,0
1785657887.670,3.705,-2.124,7.302,0.9972,0,8.288,-0.167,-1.036,0.2702,6.440,0.116,0.500,1.000,1.036,-4.392,-0.1696,-0.0159,0.587,0.587,0.879,1.490,1.705,-2.292,0.0050,0.745,nan,0.00,1,1,1,0,1,0.0000,0.484,0,0.231,0,0.718,1,0,yolo,114.5,yolo,0,0,0,0.000,0,-1,0
1785657887.712,2.800,-2.151,7.416,0.9981,0,7.211,-0.085,-1.036,0.2695,6.440,0.116,0.500,1.000,1.036,-4.411,-0.1686,-0.0294,0.588,0.588,0.866,1.499,1.704,-2.236,0.0049,0.746,nan,0.00,1,1,1,0,1,0.0000,0.483,0,0.228,0,0.749,0,0,yolo,114.5,yolo,0,0,0,0.000,0,-1,0
1785657887.743,2.069,-2.160,7.491,0.9986,0,6.446,-0.048,-1.036,0.2692,6.440,0.116,0.500,1.000,1.036,-4.376,-0.1705,-0.0402,0.586,0.586,0.855,1.508,1.704,-2.208,0.0049,0.746,nan,0.00,1,1,1,0,1,0.0000,0.483,0,0.228,0,0.749,0,0,yolo,114.5,yolo,0,0,0,0.000,0,-1,0
1785657887.775,1.435,-2.166,7.583,0.9990,0,7.946,-0.170,-0.103,0.2691,6.130,0.011,0.454,1.000,0.103,-12.099,0.5991,0.3627,0.580,0.668,0.852,1.516,1.765,-2.335,0.0048,0.685,nan,0.00,1,1,1,1,1,0.0000,0.618,0,0.243,1,0.796,0,0,yolo,119.8,yolo,0,0,0,0.000,0,-1,0
1785657887.801,1.435,-2.166,7.583,0.9990,0,8.869,-0.256,-0.103,0.2690,6.130,0.011,0.454,1.000,0.103,-7.434,-0.0880,0.0000,0.580,0.580,0.852,1.516,1.765,-2.421,0.0047,0.685,nan,0.00,1,1,1,0,1,0.0000,0.618,0,0.243,1,0.796,0,0,yolo,119.8,yolo,0,0,0,0.000,0,-1,0
1785657887.836,0.389,-2.198,7.603,0.9992,0,7.499,-0.154,-0.103,0.2689,6.130,0.011,0.454,1.000,0.103,-7.111,-0.1050,-0.0030,0.563,0.563,0.849,1.525,1.761,-2.352,0.0047,0.689,nan,0.00,1,1,1,0,1,0.0000,0.416,0,0.145,1,0.838,0,0,yolo,119.8,yolo,0,0,0,0.000,0,-1,0
1785657887.874,-0.400,-2.211,7.591,0.9992,0,6.357,-0.100,-0.103,0.2688,6.130,0.011,0.454,1.000,0.103,-6.757,-0.1237,-0.0084,0.545,0.545,0.843,1.533,1.760,-2.311,0.0046,0.690,nan,0.00,1,1,1,0,1,0.0000,0.416,0,0.145,1,0.838,3,0,yolo,119.8,yolo,0,0,0,0.000,0,-1,0
1785657887.915,-1.017,-2.219,7.603,0.9991,0,7.857,-0.281,1.366,0.2822,6.116,-0.146,0.358,1.000,-1.366,-14.000,1.1759,0.6959,0.525,0.683,0.837,1.541,1.853,-2.500,0.0045,0.597,nan,0.00,1,1,1,1,1,0.0000,0.587,0,0.212,1,0.826,0,0,yolo,121.5,yolo,0,0,0,0.000,0,-1,0
1785657887.947,-1.909,-2.252,7.540,0.9987,0,7.491,-0.217,1.366,0.2688,6.116,-0.146,0.358,1.000,-1.366,-9.399,-0.1891,-0.0115,0.494,0.494,0.826,1.549,1.847,-2.469,0.0045,0.603,nan,0.00,1,1,1,0,1,0.0000,0.587,0,0.212,1,0.826,0,0,yolo,121.5,yolo,0,0,0,0.000,0,-1,0
1785657887.978,-1.919,-2.253,7.539,0.9987,0,7.475,-0.247,1.366,0.2688,6.116,-0.146,0.358,1.000,-1.366,-9.393,-0.1894,-0.0117,0.494,0.494,0.825,1.549,1.847,-2.500,0.0044,0.603,nan,0.00,1,1,1,0,1,0.0000,0.234,0,0.210,0,0.802,0,0,yolo,121.5,yolo,0,0,0,0.000,0,-1,0
1785657888.014,-2.690,-2.282,7.379,0.9981,0,8.975,-0.218,2.791,0.2854,5.921,-0.286,0.258,0.987,-2.764,-14.000,1.0830,0.7235,0.464,0.665,0.811,1.556,1.943,-2.500,0.0044,0.507,nan,0.00,1,1,1,1,1,0.0000,0.468,0,0.210,0,0.802,1,0,yolo,106.6,yolo,0,0,0,0.000,0,-1,0
1785657888.055,-3.580,-2.317,7.168,0.9972,0,8.188,-0.183,2.741,0.2688,5.921,-0.286,0.258,0.987,-2.764,-11.768,-0.2357,-0.0187,0.429,0.429,0.792,1.563,1.936,-2.500,0.0043,0.514,nan,0.00,1,1,1,0,1,0.0000,0.580,0,0.205,1,0.798,0,0,yolo,106.6,yolo,0,0,0,0.000,0,-1,0
1785657888.085,-4.369,-2.352,6.901,0.9963,0,6.688,-0.148,2.705,0.2521,5.921,-0.286,0.258,0.987,-2.764,-11.051,-0.2732,-0.0357,0.391,0.391,0.775,1.569,1.928,-2.500,0.0043,0.522,nan,0.00,1,1,1,0,1,0.0000,0.302,0,0.129,0,0.775,0,0,yolo,106.6,yolo,0,0,0,0.000,0,-1,0
1785657888.116,-5.018,-2.386,6.659,0.9953,0,8.188,-0.114,3.512,0.2688,5.580,-0.374,0.175,0.930,-3.833,-14.000,1.5615,1.2416,0.350,0.646,0.778,1.576,2.011,-2.500,0.0042,0.439,nan,0.00,1,1,1,1,1,0.0000,0.455,0,0.193,0,0.744,0,0,yolo,119.0,yolo,0,0,0,0.000,0,-1,0
1785657888.147,-5.018,-2.386,6.659,0.9953,0,7.495,-0.114,3.563,0.2562,5.580,-0.374,0.175,0.930,-3.833,-12.513,-0.2960,0.0000,0.350,0.350,0.778,1.576,2.011,-2.500,0.0042,0.439,nan,0.00,1,1,1,0,1,0.0000,0.455,0,0.193,0,0.744,0,0,yolo,119.0,yolo,0,0,0,0.000,0,-1,0
1785657888.179,-5.917,-2.431,6.340,0.9938,0,5.995,-0.069,3.601,0.2567,5.580,-0.374,0.175,0.930,-3.833,-11.536,-0.3478,0.0105,0.298,0.298,0.789,1.584,2.001,-2.500,0.0041,0.449,nan,0.00,1,1,1,0,1,0.0000,0.282,0,0.190,1,0.709,0,0,yolo,119.0,yolo,0,0,0,0.000,0,-1,0
1785657888.210,-6.479,-2.472,6.010,0.9927,0,4.495,-0.028,3.630,0.2701,5.580,-0.374,0.175,0.930,-3.833,-10.662,-0.3943,0.0277,0.252,0.252,0.806,1.591,1.994,-2.500,0.0041,0.456,nan,0.00,1,1,1,0,1,0.0000,0.565,0,0.190,1,0.709,0,0,yolo,119.0,yolo,0,0,0,0.000,0,-1,0
1785657888.241,-6.896,-2.511,5.702,0.9918,0,5.995,0.011,4.686,0.2867,5.310,-0.446,0.071,0.885,-4.805,-14.000,0.6758,0.7469,0.206,0.483,0.829,1.598,2.093,-2.500,0.0040,0.357,nan,0.00,1,1,1,1,1,0.0000,0.337,0,0.187,2,0.703,0,0,yolo,131.2,yolo,0,0,0,0.000,0,-1,0
1785657888.272,-6.896,-2.511,5.702,0.9918,0,5.430,0.011,4.931,0.2702,5.310,-0.446,0.071,0.885,-4.805,-12.326,-0.2773,0.0000,0.206,0.206,0.829,1.598,2.093,-2.500,0.0040,0.357,nan,0.00,1,1,1,0,1,0.0000,0.674,0,0.187,2,0.703,0,0,yolo,131.2,yolo,0,0,0,0.000,0,-1,0
1785657888.303,-7.394,-2.560,5.335,0.9907,0,3.930,0.060,5.115,0.2705,5.310,-0.446,0.071,0.885,-4.805,-11.243,-0.3355,0.0272,0.148,0.148,0.856,1.607,2.085,-2.500,0.0040,0.365,nan,0.00,1,1,1,0,1,0.0000,0.660,0,0.175,2,0.679,0,0,yolo,131.2,yolo,0,0,0,0.000,0,-1,0
1785657888.335,-7.778,-2.620,4.835,0.9898,0,2.529,0.120,5.252,0.2707,5.310,-0.446,0.071,0.885,-4.805,-10.307,-0.3858,0.0318,0.097,0.097,0.861,1.616,2.077,-2.500,0.0039,0.373,nan,0.00,1,1,1,0,1,0.0000,0.660,0,0.175,2,0.679,0,0,yolo,131.2,yolo,0,0,0,0.000,0,-1,0
1785657888.367,-8.018,-2.673,4.369,0.9891,0,4.029,0.173,5.948,0.2874,5.028,-0.487,-0.027,0.838,-5.533,-14.000,0.4794,0.7354,0.049,0.306,0.857,1.625,2.175,-2.500,0.0039,0.275,nan,0.00,1,1,1,1,1,0.0000,0.315,0,0.150,3,0.664,0,0,yolo,119.9,yolo,0,0,0,0.000,0,-1,0
1785657888.397,-8.018,-2.673,4.369,0.9891,0,3.197,0.173,5.875,0.2708,5.028,-0.487,-0.027,0.838,-5.533,-11.215,-0.2568,0.0000,0.049,0.049,0.857,1.625,2.175,-2.500,0.0039,0.275,nan,0.00,1,1,1,0,1,0.0000,0.620,0,0.142,3,0.647,0,0,yolo,119.9,yolo,0,0,0,0.000,0,-1,0
1785657888.433,-8.366,-2.736,3.809,0.9882,0,1.851,0.236,5.820,0.2710,5.028,-0.487,-0.027,0.838,-5.533,-10.217,-0.3111,-0.0068,-0.005,-0.005,0.850,1.635,2.166,-2.500,0.0039,0.284,nan,0.00,1,1,1,0,1,0.0000,0.620,0,0.142,3,0.647,1,0,yolo,119.9,yolo,0,0,0,0.000,0,-1,0
1785657888.468,-8.629,-2.801,3.209,0.9875,0,0.557,0.301,5.779,0.2712,5.028,-0.487,-0.027,0.838,-5.533,-9.186,-0.3672,-0.0157,-0.061,-0.061,0.841,1.647,2.158,-2.500,0.0038,0.292,nan,0.00,1,1,1,0,1,0.0000,0.503,0,0.128,2,0.613,0,0,yolo,119.9,yolo,0,0,0,0.000,0,-1,0
1785657888.510,-8.672,-2.854,2.649,0.9873,0,2.057,0.354,6.247,0.2879,4.752,-0.505,-0.128,0.792,-6.068,-14.000,0.3325,0.7921,-0.113,0.131,0.831,1.659,2.145,-2.500,0.0038,0.186,nan,0.00,1,1,1,1,1,0.0000,0.503,0,0.128,2,0.613,0,0,yolo,116.8,yolo,0,0,0,0.000,0,-1,0
1785657888.541,-8.672,-2.854,2.649,0.9873,0,0.770,0.354,6.227,0.2712,4.752,-0.505,-0.128,0.792,-6.068,-9.442,-0.2440,0.0000,-0.113,-0.113,0.831,1.659,2.145,-2.500,0.0038,0.186,nan,0.00,1,1,1,0,1,0.0000,0.592,0,0.118,3,0.593,0,0,yolo,116.8,yolo,0,0,0,0.000,0,-1,0
1785657888.580,-8.902,-2.908,2.050,0.9867,0,-0.443,0.408,6.213,0.2714,4.752,-0.505,-0.128,0.792,-6.068,-8.459,-0.2981,-0.0147,-0.167,-0.167,0.817,1.671,2.145,-2.500,0.0038,0.193,nan,0.00,1,1,1,0,1,0.0000,0.592,0,0.119,3,0.576,0,0,yolo,116.8,yolo,0,0,0,0.000,0,-1,0
1785657888.620,-8.951,-2.967,1.437,0.9865,0,1.057,0.467,6.121,0.2880,4.511,-0.481,-0.241,0.752,-6.086,-11.092,0.0107,0.9162,-0.218,-0.027,0.803,1.685,2.096,-2.500,0.0038,0.071,nan,0.00,1,1,1,1,1,0.0000,0.483,0,0.108,2,0.557,0,0,yolo,122.4,yolo,0,0,0,0.000,0,-1,0
1785657888.656,-9.047,-3.008,0.872,0.9862,0,-0.443,0.508,6.020,0.2714,4.511,-0.481,-0.241,0.752,-6.086,-6.704,-0.2419,-0.0193,-0.269,-0.269,0.784,1.698,2.096,-2.500,0.0038,0.075,nan,0.00,1,1,1,0,1,0.0000,0.483,0,0.108,2,0.557,1,0,yolo,122.4,yolo,0,0,0,0.000,0,-1,0
1785657888.690,-8.980,-3.042,0.341,0.9864,0,-1.943,0.542,5.945,0.2675,4.511,-0.481,-0.241,0.752,-6.086,-5.871,-0.2881,-0.0364,-0.315,-0.315,0.766,1.712,2.096,-2.500,0.0037,0.077,nan,0.00,1,1,1,0,1,0.0000,0.247,0,0.036,1,0.535,0,0,yolo,122.4,yolo,0,0,0,0.000,0,-1,0
1785657888.718,-8.764,-3.071,-0.192,0.9869,0,-0.685,0.679,5.636,0.2841,4.307,-0.440,-0.348,0.718,-5.835,-8.080,-0.2828,1.8436,-0.359,-0.097,0.755,1.726,2.061,-2.392,0.0038,-0.046,nan,0.00,1,1,1,1,1,0.0000,0.247,0,0.036,1,0.535,0,0,yolo,112.7,yolo,0,0,0,0.000,0,-1,0
1785657888.747,-8.764,-3.071,-0.192,0.9869,0,-2.185,0.571,5.553,0.2727,4.307,-0.440,-0.348,0.718,-5.835,-4.424,-0.2618,0.0000,-0.359,-0.359,0.755,1.726,2.061,-2.500,0.0038,-0.046,nan,0.00,1,1,1,0,1,0.0000,0.328,0,0.035,2,0.538,0,0,yolo,112.7,yolo,0,0,0,0.000,0,-1,0
1785657888.778,-8.694,-3.081,-0.730,0.9871,0,-3.685,0.659,5.492,0.2722,4.307,-0.440,-0.348,0.718,-5.835,-3.578,-0.3091,-0.0108,-0.406,-0.406,0.744,1.741,2.061,-2.422,0.0038,-0.046,nan,0.00,1,1,1,0,1,0.0000,0.323,0,0.028,2,0.532,0,0,yolo,112.7,yolo,0,0,0,0.000,0,-1,0
1785657888.814,-8.285,-3.089,-1.227,0.9881,0,-5.185,0.746,5.445,0.2714,4.307,-0.440,-0.348,0.718,-5.835,-2.880,-0.3482,-0.0228,-0.445,-0.445,0.732,1.755,2.061,-2.343,0.0038,-0.049,nan,0.00,1,1,1,0,1,0.0000,0.323,0,0.028,2,0.532,1,0,yolo,112.7,yolo,0,0,0,0.000,0,-1,0
1785657888.855,-7.791,-3.084,-1.682,0.9893,0,-3.685,0.909,4.869,0.2881,4.074,-0.367,-0.448,0.679,-5.146,-5.566,-0.2940,0.7535,-0.476,-0.152,0.728,1.769,2.015,-2.175,0.0038,-0.174,nan,0.00,1,1,1,1,1,0.0000,0.323,0,0.029,2,0.530,0,0,yolo,121.0,yolo,0,0,0,0.000,0,-1,0
1785657888.887,-7.411,-3.050,-2.163,0.9902,0,-5.185,0.939,4.828,0.2753,4.074,-0.367,-0.448,0.679,-5.146,-0.205,-0.3595,-0.0136,-0.512,-0.512,0.714,1.783,2.015,-2.111,0.0038,-0.180,nan,0.00,1,1,1,0,1,0.0000,0.323,0,0.029,2,0.530,0,0,yolo,121.0,yolo,0,0,0,0.000,0,-1,0
1785657888.911,-7.411,-3.050,-2.163,0.9902,0,-6.685,0.798,4.797,0.2753,4.074,-0.367,-0.448,0.679,-5.146,-0.205,-0.3595,-0.0136,-0.512,-0.512,0.714,1.783,2.015,-2.251,0.0038,-0.180,nan,0.00,1,1,1,0,1,0.0000,0.325,0,0.031,2,0.527,0,0,yolo,121.0,yolo,0,0,0,0.000,0,-1,0
1785657888.933,-6.620,-3.021,-2.633,0.9920,0,-6.896,0.872,4.774,0.2740,4.074,-0.367,-0.448,0.679,-5.146,0.276,-0.3866,-0.0381,-0.539,-0.539,0.690,1.798,2.015,-2.149,0.0038,-0.188,nan,0.00,1,1,1,0,1,0.0000,0.318,0,0.022,2,0.516,0,0,yolo,121.0,yolo,0,0,0,0.000,0,-1,0
1785657888.964,-6.620,-3.021,-2.633,0.9920,0,-5.577,0.953,3.896,0.2906,3.827,-0.282,-0.528,0.638,-4.219,-1.043,-0.6191,1.0167,-0.539,-0.260,0.690,1.798,1.935,-2.068,0.0039,-0.289,nan,0.00,1,1,1,1,1,0.0000,0.318,0,0.022,2,0.516,0,0,yolo,114.0,yolo,0,0,0,0.000,0,-1,0
1785657888.996,-5.928,-2.981,-3.071,0.9933,0,-7.077,1.024,3.716,0.2778,3.827,-0.282,-0.528,0.638,-4.219,2.210,-0.2985,-0.0185,-0.558,-0.558,0.671,1.812,1.930,-1.958,0.0039,-0.296,nan,0.00,1,1,1,0,1,0.0000,0.324,0,0.030,2,0.486,0,0,yolo,114.0,yolo,0,0,0,0.000,0,-1,0
1785657889.026,-5.171,-2.910,-3.444,0.9946,0,-7.677,1.038,3.582,0.2767,3.827,-0.282,-0.528,0.638,-4.219,2.505,-0.3154,-0.0417,-0.575,-0.575,0.648,1.825,1.923,-1.872,0.0039,-0.305,nan,0.00,1,1,1,0,1,0.0000,0.324,0,0.030,2,0.486,0,0,yolo,114.0,yolo,0,0,0,0.000,0,-1,0
1785657889.063,-4.328,-2.825,-3.775,0.9959,0,-6.177,1.303,2.676,0.2934,3.582,-0.193,-0.604,0.597,-3.089,1.844,-0.5296,0.7920,-0.587,-0.341,0.618,1.836,1.801,-1.523,0.0040,-0.411,nan,0.00,1,1,1,1,1,0.0000,0.371,0,0.089,1,0.455,2,0,yolo,117.7,yolo,0,0,0,0.000,0,-1,0
1785657889.105,-3.686,-2.705,-4.048,0.9968,0,-7.677,1.214,2.556,0.2801,3.582,-0.193,-0.604,0.597,-3.089,4.682,-0.2555,-0.0318,-0.596,-0.596,0.587,1.846,1.794,-1.491,0.0040,-0.421,nan,0.00,1,1,1,0,1,0.0000,0.481,0,0.106,2,0.401,0,0,yolo,117.7,yolo,0,0,0,0.000,0,-1,0
1785657889.135,-2.888,-2.598,-4.269,0.9977,0,-7.622,1.121,2.467,0.2787,3.582,-0.193,-0.604,0.597,-3.089,4.734,-0.2585,-0.0658,-0.599,-0.599,0.553,1.854,1.787,-1.477,0.0041,-0.431,nan,0.00,1,1,1,0,1,0.0000,0.664,0,0.178,2,0.235,0,0,yolo,117.7,yolo,0,0,0,0.000,0,-1,0
1785657889.173,-2.888,-2.598,-4.269,0.9977,0,-7.622,1.015,2.399,0.2787,3.582,-0.193,-0.604,0.597,-3.089,4.734,-0.2585,-0.0658,-0.599,-0.599,0.553,1.854,1.787,-1.583,0.0041,-0.431,nan,0.00,1,1,1,0,1,0.0000,0.900,0,0.253,4,0.099,0,0,yolo,117.7,yolo,0,0,0,0.000,0,-1,0
1785657889.214,-2.072,-2.491,-4.508,0.9984,0,-9.122,1.184,1.248,0.2954,3.327,-0.108,-0.664,0.554,-1.857,7.364,-1.0733,1.2613,-0.596,-0.486,0.514,1.862,1.689,-1.307,0.0041,-0.515,nan,0.00,1,1,1,1,1,0.0000,0.900,0,0.253,4,0.099,0,0,yolo,117.3,yolo,0,0,0,0.000,0,-1,0
1785657889.244,-1.300,-2.396,-4.728,0.9989,0,-7.622,1.115,0.951,0.2826,3.327,-0.108,-0.664,0.554,-1.857,6.129,-0.1022,-0.0362,-0.589,-0.589,0.478,1.869,1.684,-1.282,0.0042,-0.522,nan,0.00,1,1,1,0,1,-0.8640,0.312,1,0.270,1,-0.007,0,0,yolo,117.3,yolo,0,0,0,0.000,0,-1,0
1785657889.283,-0.568,-2.294,-4.839,0.9991,0,-6.552,1.010,0.729,0.2811,3.327,-0.108,-0.664,0.554,-1.857,5.984,-0.0936,-0.0725,-0.580,-0.580,0.441,1.874,1.679,-1.283,0.0043,-0.530,nan,0.00,1,1,1,0,1,-0.7633,0.643,1,0.394,2,-0.080,0,0,yolo,117.3,yolo,0,0,0,0.000,0,-1,0
1785657889.312,0.018,-2.203,-4.871,0.9993,0,-7.132,1.073,-0.352,0.2978,3.090,-0.041,-0.710,0.515,-0.769,7.149,-0.4401,0.4579,-0.572,-0.490,0.410,1.877,1.607,-1.130,0.0043,-0.591,nan,0.00,1,1,1,1,1,-0.6878,0.643,1,0.394,2,-0.080,0,0,yolo,117.7,yolo,0,0,0,0.000,0,-1,0
1785657889.338,0.700,-2.103,-4.854,0.9993,0,-6.490,0.952,-0.667,0.2848,3.090,-0.041,-0.710,0.515,-0.769,7.190,-0.0699,-0.0374,-0.560,-0.560,0.372,1.879,1.604,-1.151,0.0044,-0.597,nan,0.00,1,1,1,0,1,-0.6548,0.800,1,0.370,3,0.087,0,0,yolo,117.7,yolo,0,0,0,0.000,0,-1,0
1785657889.370,0.700,-2.103,-4.854,0.9993,0,-6.490,0.904,-0.904,0.2849,3.090,-0.041,-0.710,0.515,-0.769,7.190,-0.0699,-0.0374,-0.560,-0.560,0.372,1.879,1.604,-1.199,0.0044,-0.597,nan,0.00,1,1,1,0,1,-0.6300,0.800,1,0.370,3,0.087,0,0,yolo,117.7,yolo,0,0,0,0.000,0,-1,0
1785657889.401,1.401,-2.008,-4.752,0.9991,0,-5.531,0.799,-1.081,0.2829,3.090,-0.041,-0.710,0.515,-0.769,6.932,-0.0545,-0.0871,-0.545,-0.545,0.322,1.881,1.600,-1.209,0.0045,-0.602,nan,0.00,1,1,1,0,1,-0.5574,0.786,1,0.425,4,-0.176,0,0,yolo,117.7,yolo,0,0,0,0.000,0,-1,0
1785657889.432,1.973,-1.928,-4.641,0.9988,0,-6.028,0.850,-2.100,0.2996,2.831,0.015,-0.747,0.472,0.298,8.001,-0.3952,0.3623,-0.527,-0.471,0.273,1.881,1.540,-1.078,0.0046,-0.650,nan,0.00,1,1,1,1,1,-0.5030,0.786,1,0.425,4,-0.176,0,0,yolo,108.5,yolo,0,0,0,0.000,0,-1,0
1785657889.463,1.973,-1.928,-4.641,0.9988,0,-6.026,0.829,-2.364,0.2885,2.831,0.015,-0.747,0.472,0.298,7.998,-0.0563,0.0000,-0.527,-0.527,0.273,1.881,1.540,-1.099,0.0046,-0.650,nan,0.00,1,1,1,0,1,-0.4338,0.875,1,0.506,6,-0.250,0,0,yolo,108.5,yolo,0,0,0,0.000,0,-1,0
1785657889.503,2.645,-1.842,-4.444,0.9984,0,-5.013,0.723,-2.562,0.2861,2.831,0.015,-0.747,0.472,0.298,7.658,-0.0357,-0.0581,-0.506,-0.506,0.215,1.880,1.537,-1.120,0.0047,-0.654,nan,0.00,1,1,1,0,1,0.0000,0.929,0,0.517,6,-0.258,0,0,yolo,108.5,yolo,0,0,0,0.000,0,-1,0
1785657889.547,3.284,-1.767,-4.197,0.9979,0,-5.288,0.745,-3.321,0.3028,2.610,0.063,-0.788,0.435,1.374,8.572,-0.3679,0.3632,-0.484,-0.441,0.154,1.878,1.486,-1.022,0.0048,-0.703,nan,0.00,1,1,1,1,1,0.0000,0.929,0,0.517,6,-0.258,2,0,yolo,108.9,yolo,0,0,0,0.000,0,-1,0
1785657889.574,3.797,-1.706,-3.954,0.9974,0,-4.263,0.661,-3.421,0.2882,2.610,0.063,-0.788,0.435,1.374,8.061,-0.0177,-0.0551,-0.459,-0.459,0.099,1.876,1.485,-1.046,0.0048,-0.704,nan,0.00,1,1,1,0,1,0.0221,0.917,1,0.484,5,-0.289,0,0,yolo,108.9,yolo,0,0,0,0.000,0,-1,0
1785657889.606,4.223,-1.661,-3.655,0.9969,0,-3.445,0.589,-3.496,0.2861,2.610,0.063,-0.788,0.435,1.374,7.668,0.0064,-0.1079,-0.435,-0.435,0.046,1.874,1.484,-1.071,0.0049,-0.706,nan,0.00,1,1,1,0,1,0.0324,1.000,1,0.503,6,-0.230,0,0,yolo,108.9,yolo,0,0,0,0.000,0,-1,0
1785657889.635,4.550,-1.628,-3.335,0.9964,0,-4.945,0.335,-4.996,0.2902,4.000,0.588,0.000,0.667,8.367,14.000,-0.0000,-0.0060,-0.411,-0.411,-0.006,1.871,1.563,-1.292,0.0049,-0.684,nan,1.54,1,1,0,1,1,0.0539,0.786,1,0.510,4,-0.099,0,1,blueline,,BLUELINE,0,0,0,0.000,0,-1,0
1785657889.666,4.550,-1.628,-3.335,0.9964,0,-6.445,0.321,-6.496,0.2896,4.000,0.588,0.000,0.667,8.367,14.000,0.0000,-0.0060,-0.411,-0.411,-0.006,1.871,1.576,-1.307,0.0049,-0.664,nan,2.01,1,1,0,0,1,0.0701,0.786,1,0.510,4,-0.099,0,0,blueline,,BLUELINE,0,0,0,0.000,0,-1,0
1785657889.698,5.314,-1.653,-2.684,0.9953,0,-7.653,0.100,-6.761,0.2867,4.000,0.474,0.000,0.667,6.761,12.966,1.1210,-0.0635,-0.388,-0.388,-0.063,1.866,1.654,-1.553,0.0049,-0.644,nan,0.00,1,1,0,1,1,0.0000,0.800,0,0.413,3,0.173,0,0,blueline,,BLUELINE,0,0,0,0.000,0,-1,0
1785657889.729,6.062,-1.706,-2.028,0.9940,0,-7.938,0.086,-6.761,0.2843,4.000,0.474,0.000,0.667,6.761,14.000,0.0225,-0.1115,-0.365,-0.365,-0.111,1.862,1.669,-1.620,0.0049,-0.625,nan,0.00,1,1,0,0,1,0.0000,0.800,0,0.413,3,0.173,0,0,blueline,,BLUELINE,0,0,0,0.000,0,-1,0
1785657889.760,6.062,-1.706,-2.028,0.9940,0,-7.938,1.288,-8.261,0.2838,4.000,2.066,0.000,0.667,25.000,14.000,-4.1888,-0.1115,-0.365,-0.365,-0.111,1.862,1.200,-0.418,0.0049,-0.606,nan,8.00,1,1,0,1,1,0.4047,0.812,1,0.473,5,-0.026,0,0,blueline,,BLUELINE,0,0,0,0.000,0,-1,0
1785657889.792,6.887,-1.766,-1.392,0.9923,0,-7.113,1.327,-9.761,0.2814,4.000,2.066,0.000,0.667,25.000,14.000,0.0320,-0.1615,-0.333,-0.333,-0.161,1.859,1.200,-0.439,0.0049,-0.588,nan,8.00,1,1,0,0,1,0.4047,0.812,1,0.473,5,-0.026,0,0,blueline,,BLUELINE,0,0,0,0.000,0,-1,0
1785657889.824,7.629,-1.733,-0.413,0.9907,0,-6.274,1.256,-11.261,0.2793,4.000,1.842,0.000,0.233,24.721,13.903,0.5834,-0.2072,-0.304,-0.304,-0.207,1.854,1.200,-0.476,0.0049,-0.570,nan,0.00,0,1,0,1,1,0.2956,0.406,1,0.477,5,-0.010,0,0,blueline,,BLUELINE,0,0,0,0.000,0,-1,0
1785657889.864,8.338,-1.715,0.566,0.9890,0,-4.774,1.217,-9.761,0.2775,4.000,-1.674,0.000,0.667,-22.707,-14.000,-0.0000,-0.2462,-0.273,-0.273,-0.246,1.850,1.200,-0.499,0.0049,-0.553,nan,0.00,1,1,0,1,1,0.0000,0.917,0,0.336,5,0.102,0,1,track,,TRACK,0,0,0,0.000,0,-1,0
1785657889.903,8.838,-1.731,1.582,0.9877,0,-3.274,1.218,-8.261,0.2761,4.000,-1.674,0.000,0.667,-22.707,-14.000,0.0382,-0.2722,-0.235,-0.235,-0.272,1.846,1.200,-0.513,0.0049,-0.536,nan,0.00,1,1,0,0,1,0.0000,0.917,0,0.336,5,0.102,0,0,track,,TRACK,0,0,0,0.000,0,-1,0
1785657889.934,8.838,-1.731,1.582,0.9877,0,-4.774,1.009,-9.761,0.2757,4.000,1.145,0.000,0.667,15.970,14.000,-0.0000,-0.2722,-0.235,-0.235,-0.272,1.846,1.299,-0.721,0.0049,-0.520,nan,2.58,1,1,0,1,1,0.0902,0.833,1,0.339,4,0.177,0,1,blueline,,BLUELINE,0,0,0,0.000,0,-1,0
1785657889.965,9.230,-1.734,2.416,0.9866,0,-4.770,1.004,-11.261,0.2746,4.000,1.145,0.000,0.667,15.970,14.000,0.0421,-0.2914,-0.193,-0.193,-0.291,1.844,1.301,-0.730,0.0049,-0.505,nan,2.58,1,1,0,0,1,0.0902,0.833,1,0.339,4,0.177,0,0,blueline,,BLUELINE,0,0,0,0.000,0,-1,0
1785657890.002,9.683,-1.804,3.391,0.9853,0,-3.270,1.324,-9.761,0.2740,4.000,0.470,0.000,0.233,6.702,4.697,-0.0000,-0.3030,-0.160,-0.160,-0.303,1.841,1.200,-0.480,0.0049,-0.490,nan,0.00,0,1,0,1,1,0.0000,0.700,0,0.275,2,0.228,1,1,track,,TRACK,0,0,0,0.000,0,-1,0
1785657890.032,9.993,-1.833,4.417,0.9843,0,-1.770,1.364,-8.261,0.2733,4.000,0.387,0.000,0.233,5.525,0.928,2.4664,-0.3139,-0.117,-0.117,-0.314,1.840,1.200,-0.468,0.0049,-0.475,nan,0.00,0,1,0,1,1,0.0000,0.700,0,0.275,2,0.228,1,0,track,,TRACK,0,0,0,0.000,0,-1,0
1785657890.066,9.993,-1.833,4.417,0.9843,0,-0.270,1.385,-6.761,0.2729,4.000,0.381,0.000,0.233,5.436,3.537,0.1859,-0.3139,-0.117,-0.117,-0.314,1.840,1.200,-0.448,0.0049,-0.461,nan,0.00,0,1,0,1,1,0.0000,0.797,0,0.194,3,0.219,0,0,track,,TRACK,0,0,0,0.000,0,-1,0
1785657890.114,10.153,-1.823,5.149,0.9838,0,1.230,1.396,-5.261,0.2722,4.000,0.263,0.000,0.233,3.758,-1.567,3.5141,-0.3230,-0.068,-0.068,-0.323,1.841,1.200,-0.428,0.0049,-0.447,nan,0.00,0,1,0,1,1,0.0000,0.797,0,0.194,3,0.219,1,0,track,,TRACK,0,0,0,0.000,0,-1,0
1785657890.154,10.336,-1.810,5.985,0.9833,0,2.730,1.408,-3.761,0.2715,4.000,0.263,0.000,0.233,3.758,2.161,0.0605,-0.3330,-0.008,-0.008,-0.333,1.842,1.200,-0.402,0.0049,-0.433,nan,0.00,0,1,0,0,1,0.0000,0.797,0,0.194,3,0.223,0,0,track,,TRACK,0,0,0,0.000,0,-1,0
1785657890.186,10.206,-1.756,6.496,0.9837,0,1.230,1.376,-5.261,0.2706,4.000,1.411,0.000,0.667,19.427,14.000,-0.0000,-0.3412,0.052,0.052,-0.341,1.844,1.200,-0.380,0.0049,-0.420,nan,8.00,1,1,0,1,1,0.4130,0.900,1,0.264,4,0.236,0,1,blueline,,BLUELINE,0,0,0,0.000,0,-1,0
1785657890.222,10.089,-1.698,6.974,0.9841,0,2.730,1.836,-3.761,0.2698,nan,nan,nan,0.000,0.000,-0.881,0.0000,-0.3480,0.110,0.110,-0.348,1.845,1.000,0.138,0.0049,-0.408,nan,0.00,0,0,0,0,1,0.0000,0.621,0,0.143,3,0.254,0,0,,,FLYING,0,0,0,0.000,0,-1,0
1785657890.248,9.797,-1.568,7.377,0.9850,0,4.230,0.336,-2.261,0.2689,4.000,-0.196,0.000,0.667,-2.805,-7.132,-0.0000,-0.3536,0.172,0.172,-0.354,1.847,1.884,-2.060,0.0049,-0.396,nan,0.00,1,1,0,1,1,0.0000,0.928,0,0.205,4,0.275,0,0,blueline,,BLUELINE,0,0,0,0.000,0,-1,0
1785657890.276,9.797,-1.568,7.377,0.9850,0,5.730,-0.525,-0.761,0.2685,4.000,-0.196,0.000,0.667,-2.805,-7.132,0.0000,-0.3536,0.172,0.172,-0.354,1.847,1.893,-2.094,0.0049,-0.384,nan,0.00,1,1,0,0,1,0.0000,0.928,0,0.205,4,0.275,0,0,blueline,,BLUELINE,0,0,0,0.000,0,-1,0
1785657890.309,9.175,-1.660,7.441,0.9868,0,7.230,-0.471,0.739,0.2675,4.000,-0.390,0.000,0.667,-5.565,-14.000,1.9269,-0.3575,0.242,0.242,-0.357,1.846,1.902,-2.131,0.0049,-0.372,nan,0.00,1,1,0,1,1,0.0000,0.701,0,0.209,2,0.168,0,0,blueline,,BLUELINE,0,0,0,0.000,0,-1,0
1785657890.340,8.372,-1.680,7.306,0.9889,0,8.730,-0.486,2.239,0.2665,4.000,-0.390,0.000,0.667,-5.565,-14.000,0.0756,-0.3594,0.318,0.318,-0.359,1.845,1.911,-2.166,0.0049,-0.361,nan,0.00,1,1,0,0,1,0.0000,0.701,0,0.209,2,0.168,0,0,blueline,,BLUELINE,0,0,0,0.000,0,-1,0
1785657890.372,8.372,-1.680,7.306,0.9889,0,7.230,-0.507,1.935,0.2662,4.000,-0.135,0.000,0.667,-1.935,6.199,-4.1888,-0.3594,0.318,0.318,-0.359,1.845,1.920,-2.187,0.0049,-0.350,nan,0.00,1,1,0,1,1,0.0000,0.578,0,0.203,1,0.184,0,0,blueline,,BLUELINE,1,1,0,0.000,0,-1,0
1785657890.403,7.421,-1.697,7.075,0.9912,0,8.730,-0.527,1.935,0.2653,4.000,-0.135,0.000,0.667,-1.935,-8.993,0.0700,-0.3590,0.388,0.388,-0.359,1.844,1.928,-2.224,0.0049,-0.340,nan,0.00,1,1,0,0,1,0.0000,0.578,0,0.203,1,0.184,0,0,blueline,,BLUELINE,1,1,0,0.000,0,-1,0
1785657890.434,6.507,-1.721,6.862,0.9931,0,7.230,0.973,0.435,0.2819,15.972,6.731,-4.818,1.000,22.852,14.000,-0.0000,-0.0000,0.448,0.448,-0.357,1.843,1.200,-0.413,0.0049,-3.543,nan,0.00,1,1,1,1,1,0.0000,0.579,0,0.204,1,0.189,0,1,yolo,125.4,yolo,1,1,0,0.000,0,-1,0
1785657890.465,6.507,-1.721,6.862,0.9931,0,5.730,1.315,-1.065,0.2986,15.972,6.731,-4.818,1.000,22.852,14.000,0.0000,0.0000,0.448,0.448,-0.357,1.843,1.200,-0.407,0.0049,-3.543,nan,0.00,1,1,1,0,1,0.0000,0.579,0,0.204,1,0.189,0,0,yolo,125.4,yolo,1,1,0,0.000,0,-1,0
1785657890.497,5.750,-1.590,6.832,0.9946,0,4.230,1.195,-2.565,0.3153,15.972,6.731,-4.818,1.000,22.852,14.000,0.0474,-0.0028,0.496,0.496,-0.360,1.844,1.200,-0.394,0.0049,-3.675,nan,0.00,1,1,1,0,1,0.0000,0.343,0,0.197,2,0.199,0,0,yolo,125.4,yolo,1,1,0,0.000,0,-1,0
1785657890.528,5.322,-1.486,7.100,0.9954,0,2.730,1.123,-4.065,0.2986,14.597,5.929,-4.178,1.000,22.106,14.000,2.8531,-2.0000,0.527,1.696,-0.381,1.846,1.200,-0.363,0.0049,-3.230,nan,0.00,1,1,1,1,1,0.0000,0.687,0,0.197,2,0.199,0,0,yolo,119.0,yolo,1,1,0,0.000,0,-1,0
1785657890.561,4.944,-1.395,7.432,0.9960,0,1.230,1.055,-5.565,0.3153,14.597,5.929,-4.178,1.000,22.106,14.000,-1.1439,-0.0399,0.552,0.552,-0.421,1.848,1.200,-0.340,0.0049,-3.295,nan,0.00,1,1,1,0,1,0.0000,0.787,0,0.187,3,0.203,0,0,yolo,119.0,yolo,1,1,0,0.000,0,-1,0
1785657890.591,4.944,-1.395,7.432,0.9960,0,-0.270,1.043,-7.065,0.3284,14.597,5.929,-4.178,1.000,22.106,14.000,-1.1439,-0.0399,0.552,0.552,-0.421,1.848,1.200,-0.352,0.0049,-3.295,nan,0.00,1,1,1,0,1,0.0000,0.787,0,0.187,3,0.203,0,0,yolo,119.0,yolo,1,1,0,0.000,0,-1,0
1785657890.623,4.806,-1.333,7.953,0.9962,0,-1.770,1.017,-8.565,0.3248,14.597,5.929,-4.178,1.000,22.106,14.000,-1.1275,-0.1187,0.568,0.568,-0.500,1.852,1.200,-0.315,0.0049,-3.326,nan,0.00,1,1,1,0,1,0.0000,0.600,0,0.125,3,0.396,0,0,yolo,119.0,yolo,1,1,0,0.000,0,-1,0
1785657890.653,4.969,-1.295,8.744,0.9960,0,-3.270,1.039,-10.065,0.3081,13.654,5.455,-3.703,1.000,21.777,14.000,0.5884,-2.0000,0.576,1.104,-0.604,1.857,1.200,-0.256,0.0049,-2.908,nan,0.00,1,1,1,1,1,0.0000,0.600,0,0.125,3,0.396,0,0,yolo,114.7,yolo,1,1,0,0.000,0,-1,0
1785657890.686,4.969,-1.295,8.744,0.9960,0,-4.770,1.009,-11.565,0.3248,13.654,5.455,-3.703,1.000,21.777,14.000,-0.5281,0.0000,0.576,0.576,-0.604,1.857,1.200,-0.286,0.0049,-2.908,nan,0.00,1,1,1,0,1,0.0000,0.600,0,0.125,3,0.396,0,0,yolo,114.7,yolo,1,1,0,0.000,0,-1,0
1785657890.717,5.277,-1.277,9.768,0.9955,0,-6.270,1.076,-12.000,0.3252,13.654,5.455,-3.703,1.000,21.777,14.000,-0.5269,-0.1142,0.578,0.578,-0.718,1.865,1.200,-0.201,0.0049,-2.881,nan,0.00,1,1,1,0,1,0.0000,0.606,0,0.130,3,0.393,0,0,yolo,114.7,yolo,1,1,0,0.000,0,-1,0
1785657890.749,5.917,-1.279,10.918,0.9944,0,-7.770,1.162,-12.000,0.3086,12.945,5.182,-3.298,1.000,21.819,14.000,-0.0955,-2.0000,0.574,1.219,-0.839,1.875,1.200,-0.116,0.0049,-2.456,nan,0.00,1,1,1,1,1,0.0000,0.614,0,0.136,3,0.420,0,0,yolo,109.0,yolo,1,1,0,0.000,0,-1,0
1785657890.782,6.632,-1.291,12.090,0.9931,0,-7.368,1.249,-12.000,0.3252,12.945,5.182,-3.298,1.000,21.819,14.000,-0.6466,-0.1225,0.572,0.572,-0.962,1.885,1.200,-0.042,0.0049,-2.385,nan,0.00,1,1,1,0,1,0.0000,0.614,0,0.137,3,0.428,0,0,yolo,109.0,yolo,1,1,0,0.000,0,-1,0
1785657890.813,6.632,-1.291,12.090,0.9931,0,-7.368,1.175,-12.000,0.3256,12.945,5.182,-3.298,1.000,21.819,14.000,-0.6466,-0.1225,0.572,0.572,-0.962,1.885,1.200,-0.116,0.0049,-2.385,nan,0.00,1,1,1,0,1,0.0000,0.607,0,0.131,3,0.476,0,0,yolo,109.0,yolo,1,1,0,0.000,0,-1,0
1785657890.844,7.435,-1.300,13.369,0.9913,0,-6.565,1.281,-12.000,0.3204,12.945,5.182,-3.298,1.000,21.819,14.000,-0.6399,-0.2512,0.579,0.579,-1.090,1.896,1.200,-0.020,0.0049,-2.305,nan,0.00,1,1,1,0,1,0.0000,0.607,0,0.131,3,0.476,0,0,yolo,109.0,yolo,1,1,0,0.000,0,-1,0
1785657890.877,8.116,-1.324,14.596,0.9897,0,-5.884,1.383,-12.000,0.3037,12.483,4.949,-2.996,1.000,21.627,14.000,0.3139,-2.0000,0.591,1.168,-1.218,1.907,1.200,0.059,0.0049,-1.978,nan,0.00,1,1,1,1,1,0.0000,0.617,0,0.139,3,0.291,0,0,yolo,114.5,yolo,1,1,0,0.000,0,-1,0
1785657890.909,8.669,-1.347,15.718,0.9883,0,-5.331,1.466,-12.000,0.2870,12.483,4.949,-2.996,1.000,21.627,14.000,-0.5627,-0.1014,0.605,0.605,-1.320,1.918,1.200,0.119,0.0049,-1.921,nan,0.00,1,1,1,0,1,0.0000,0.617,0,0.139,3,0.291,0,0,yolo,114.5,yolo,1,1,0,0.000,0,-1,0
1785657890.940,8.669,-1.347,15.718,0.9883,0,-5.331,1.369,-12.000,0.2721,12.483,4.949,-2.996,1.000,21.627,14.000,-0.5627,-0.1014,0.605,0.605,-1.320,1.918,1.200,0.022,0.0049,-1.921,nan,0.00,1,1,1,0,1,1.1078,0.400,1,0.305,3,0.300,0,0,yolo,114.5,yolo,1,1,0,0.000,0,-1,0
1785657890.974,9.202,-1.388,16.914,0.9868,0,-4.798,1.508,-12.000,0.2725,13.823,5.198,-3.308,1.000,20.609,14.000,3.6829,2.0000,0.625,0.380,-1.390,1.931,1.200,0.121,0.0049,-2.099,nan,0.00,1,1,1,1,1,1.1078,0.400,1,0.305,3,0.300,0,0,yolo,111.1,yolo,1,1,0,0.000,0,-1,0
1785657891.009,9.709,-1.423,18.178,0.9854,0,-4.291,1.650,-12.000,0.2729,13.823,5.198,-3.308,1.000,20.609,14.000,0.2686,-0.0312,0.649,0.649,-1.421,1.945,1.200,0.227,0.0049,-2.040,nan,0.00,1,1,1,0,1,0.9987,0.350,1,0.311,2,0.299,0,0,yolo,111.1,yolo,1,1,0,0.000,0,-1,0
1785657891.050,10.156,-1.453,19.429,0.9840,0,-3.844,1.779,-12.000,0.2733,13.823,5.198,-3.308,1.000,20.609,14.000,0.2963,-0.0283,0.676,0.676,-1.418,1.961,1.200,0.326,0.0049,-1.988,nan,0.00,1,1,1,0,1,1.0064,0.350,1,0.308,2,0.789,0,0,yolo,111.1,yolo,1,1,0,0.000,0,-1,0
1785657891.083,10.156,-1.453,19.429,0.9840,0,-3.844,1.652,-12.000,0.2733,14.717,5.047,-3.502,1.000,18.928,14.000,4.3192,1.9521,0.676,0.622,-1.418,1.961,1.200,0.199,0.0049,-2.183,nan,0.00,1,1,1,1,1,1.0122,0.350,1,0.308,2,0.789,0,0,yolo,106.5,yolo,1,1,0,0.000,0,-1,0
1785657891.114,10.551,-1.477,20.666,0.9828,0,-3.449,1.807,-12.000,0.2736,14.717,5.047,-3.502,1.000,18.928,14.000,0.0855,0.0317,0.707,0.707,-1.387,1.978,1.200,0.330,0.0049,-2.139,nan,0.00,1,1,1,0,1,0.0000,0.600,0,0.309,1,0.777,0,0,yolo,106.5,yolo,1,1,0,0.000,0,-1,0
1785657891.147,10.907,-1.507,21.910,0.9816,0,-3.093,1.953,-12.000,0.2739,14.717,5.047,-3.502,1.000,18.928,14.000,0.1198,0.0741,0.741,0.741,-1.344,1.995,1.200,0.446,0.0049,-2.096,nan,0.00,1,1,1,0,1,1.1028,0.350,1,0.308,2,0.780,0,0,yolo,106.5,yolo,1,1,0,0.000,0,-1,0
1785657891.172,10.907,-1.507,21.910,0.9816,0,-3.093,1.815,-12.000,0.2739,14.717,5.047,-3.502,1.000,18.928,14.000,0.1198,0.0741,0.741,0.741,-1.344,1.995,1.200,0.308,0.0049,-2.096,nan,0.00,1,1,1,0,1,1.1028,0.350,1,0.308,2,0.780,0,0,yolo,106.5,yolo,1,1,0,0.000,0,-1,0
1785657891.209,11.224,-1.544,23.155,0.9805,0,-2.776,1.996,-13.500,0.2742,15.466,4.721,-3.630,1.000,16.975,14.000,3.9530,0.9591,0.779,0.949,-1.322,2.013,1.200,0.453,0.0049,-2.224,nan,8.00,1,1,1,1,1,1.0437,0.600,1,0.306,1,0.779,0,0,yolo,112.9,yolo,1,1,0,0.000,0,-1,0
1785657891.247,11.488,-1.594,24.494,0.9796,0,-2.512,2.196,-15.000,0.2745,15.466,4.721,-3.630,1.000,16.975,14.000,-0.1378,0.0071,0.811,0.811,-1.315,2.034,1.200,0.602,0.0049,-2.186,nan,8.00,1,1,1,0,1,1.0281,0.700,1,0.297,2,0.763,0,0,yolo,112.9,yolo,1,1,0,0.000,0,-1,0
1785657891.288,11.710,-1.662,25.951,0.9788,0,-2.290,2.425,-16.500,0.2747,15.466,4.721,-3.630,1.000,16.975,14.000,-0.1112,0.0077,0.838,0.838,-1.315,2.058,1.200,0.763,0.0049,-2.146,nan,8.00,1,1,1,0,1,1.0165,0.700,1,0.297,2,0.763,0,0,yolo,112.9,yolo,1,1,0,0.000,0,-1,0
1785657891.319,11.902,-1.741,27.546,0.9780,0,-0.790,2.682,-18.000,0.2749,16.006,4.091,-3.634,1.000,14.337,0.600,5.5263,0.5842,0.861,1.491,-1.316,2.085,1.200,0.941,0.0049,-2.224,nan,8.00,1,1,1,1,1,1.0206,0.700,1,0.288,2,0.718,0,0,yolo,114.0,yolo,1,1,0,0.000,0,-1,0
1785657891.349,11.902,-1.741,27.546,0.9780,0,-2.098,2.464,-19.500,0.2749,16.006,4.091,-3.634,1.000,14.337,14.000,-0.6307,0.0000,0.861,0.861,-1.316,2.085,1.200,0.723,0.0049,-2.224,nan,8.00,1,1,1,0,1,1.0237,0.700,1,0.288,2,0.718,0,0,yolo,114.0,yolo,1,1,0,0.000,0,-1,0
1785657891.381,11.925,-1.827,29.323,0.9779,0,-2.075,2.820,-20.000,0.2750,16.006,4.091,-3.634,1.000,14.337,14.000,-0.6094,-0.0029,0.882,0.882,-1.319,2.117,1.200,0.993,0.0049,-2.198,nan,8.00,1,1,1,0,1,1.0316,0.700,1,0.272,2,0.692,0,0,yolo,114.0,yolo,1,1,0,0.000,0,-1,0
1785657891.411,12.093,-1.944,31.239,0.9772,0,-1.907,3.194,-20.000,0.2752,16.006,4.091,-3.634,1.000,14.337,14.000,-0.6001,-0.0062,0.891,0.891,-1.323,2.152,1.200,1.250,0.0049,-2.151,nan,8.00,1,1,1,0,1,1.0566,0.700,1,0.266,2,0.705,0,0,yolo,114.0,yolo,1,1,0,0.000,0,-1,0
1785657891.447,12.221,-2.025,33.130,0.9767,0,-0.407,3.498,-18.500,0.2753,15.466,3.121,-3.369,1.000,11.410,-3.565,5.9259,-0.5095,0.900,0.460,-1.326,2.188,1.200,1.472,0.0049,-2.084,nan,0.00,1,1,1,1,1,0.0000,0.695,0,0.204,2,0.741,0,0,yolo,111.0,yolo,1,1,0,0.000,0,-1,0
1785657891.488,12.189,-2.040,35.024,0.9768,0,-1.811,3.719,-17.000,0.2753,15.466,3.121,-3.369,1.000,11.410,14.000,0.4616,-0.0041,0.921,0.921,-1.330,2.226,1.200,1.679,0.0049,-2.082,nan,0.00,1,1,1,0,1,0.0000,0.695,0,0.204,2,0.741,0,0,yolo,111.0,yolo,1,1,0,0.000,0,-1,0
1785657891.520,12.159,-2.047,36.696,0.9769,0,-1.841,3.853,-15.500,0.2752,15.466,3.121,-3.369,1.000,11.410,14.000,0.4787,-0.0080,0.938,0.938,-1.334,2.261,1.200,1.806,0.0049,-2.082,nan,0.00,1,1,1,0,1,0.0000,0.717,0,0.222,2,0.765,0,0,yolo,111.0,yolo,1,1,0,0.000,0,-1,0
1785657891.552,12.161,-2.047,36.717,0.9769,0,-0.341,3.513,-14.000,0.2752,14.514,2.174,-2.968,1.000,8.517,-7.284,5.4964,-1.1843,0.938,0.189,-1.334,2.262,1.200,1.466,0.0049,-1.924,nan,0.00,1,1,1,1,1,0.0000,0.729,0,0.233,2,0.750,0,0,yolo,116.1,yolo,1,1,0,0.000,0,-1,0
1785657891.584,12.152,-1.977,37.981,0.9770,0,0.395,3.566,-12.500,0.2752,14.514,2.174,-2.968,1.000,8.517,11.758,0.7795,-0.0037,0.968,0.968,-1.338,2.289,1.200,1.589,0.0049,-1.942,nan,0.00,1,1,1,0,1,0.0000,0.729,0,0.233,2,0.750,0,0,yolo,116.1,yolo,1,1,0,0.000,0,-1,0
1785657891.616,12.078,-1.860,39.079,0.9773,0,0.743,3.518,-11.000,0.2751,14.514,2.174,-2.968,1.000,8.517,11.335,0.8184,-0.0075,1.007,1.007,-1.341,2.314,1.200,1.658,0.0049,-1.975,nan,0.00,1,1,1,0,1,0.0000,0.726,0,0.230,2,0.748,0,0,yolo,116.1,yolo,1,1,0,0.000,0,-1,0
1785657891.647,11.986,-1.725,40.073,0.9778,0,1.106,3.422,-9.500,0.2750,14.514,2.174,-2.968,1.000,8.517,10.880,0.8603,-0.0113,1.049,1.049,-1.345,2.336,1.200,1.696,0.0049,-2.014,nan,0.00,1,1,1,0,1,0.0000,0.726,0,0.230,2,0.748,0,0,yolo,116.1,yolo,1,1,0,0.000,0,-1,0
1785657891.675,11.986,-1.725,40.073,0.9778,0,2.606,3.165,-8.000,0.2583,13.629,1.012,-2.445,1.000,4.248,-14.000,14.2725,-2.0000,1.049,2.030,-1.345,2.336,1.200,1.440,0.0049,-1.770,nan,0.00,1,1,1,1,1,0.0000,0.721,0,0.226,2,0.760,0,0,yolo,120.0,yolo,1,1,0,0.000,0,-1,0
1785657891.708,11.864,-1.573,40.946,0.9783,0,3.483,3.090,-6.500,0.2749,13.629,1.012,-2.445,1.000,4.248,8.381,-0.9323,-0.0038,1.097,1.097,-1.349,2.356,1.200,1.517,0.0049,-1.809,nan,0.00,1,1,1,0,1,0.0000,0.702,0,0.210,2,0.789,0,0,yolo,120.0,yolo,1,1,0,0.000,0,-1,0
1785657891.739,11.532,-1.409,41.549,0.9795,0,3.820,2.907,-5.000,0.2745,13.629,1.012,-2.445,1.000,4.248,7.712,-0.8730,-0.0076,1.156,1.156,-1.353,2.368,1.200,1.498,0.0049,-1.857,nan,0.00,1,1,1,0,1,0.0000,0.702,0,0.210,2,0.789,0,0,yolo,120.0,yolo,1,1,0,0.000,0,-1,0
1785657891.770,11.183,-1.219,41.964,0.9808,0,4.200,2.650,-4.248,0.2742,13.629,1.012,-2.445,1.000,4.248,6.984,-0.8086,-0.0113,1.221,1.221,-1.356,2.376,1.200,1.430,0.0049,-1.911,nan,0.00,1,1,1,0,1,0.0000,0.580,0,0.205,1,0.807,0,0,yolo,120.0,yolo,1,1,0,0.000,0,-1,0
1785657891.802,10.811,-1.041,42.329,0.9821,0,5.700,2.398,-2.748,0.2683,12.954,-0.008,-2.011,1.000,-0.037,-14.000,7.2664,-1.2798,1.285,2.478,-1.360,2.382,1.200,1.357,0.0049,-1.741,nan,0.00,1,1,1,1,1,0.0000,0.580,0,0.205,1,0.807,0,0,yolo,120.1,yolo,1,1,0,0.000,0,-1,0
1785657891.832,10.811,-1.041,42.329,0.9821,0,7.200,2.277,-1.248,0.2738,12.954,-0.008,-2.011,1.000,-0.037,-2.640,-1.1935,0.0000,1.285,1.285,-1.360,2.382,1.200,1.236,0.0049,-1.741,nan,0.00,1,1,1,0,1,0.0000,0.332,0,0.179,0,0.830,0,0,yolo,120.1,yolo,1,1,0,0.000,0,-1,0
1785657891.864,10.291,-0.869,42.618,0.9838,0,8.700,2.053,0.037,0.2733,12.954,-0.008,-2.011,1.000,-0.037,-3.433,-1.1252,0.0006,1.353,1.353,-1.359,2.384,1.200,1.184,0.0049,-1.783,nan,0.00,1,1,1,0,1,0.0000,0.332,0,0.179,0,0.830,0,0,yolo,120.1,yolo,1,1,0,0.000,0,-1,0
1785657891.894,9.604,-0.671,42.761,0.9859,0,10.200,1.754,1.537,0.2705,12.402,-0.922,-1.611,1.000,-4.254,-14.000,5.4764,-1.1146,1.430,2.653,-1.359,2.382,1.200,1.084,0.0049,-1.597,nan,0.00,1,1,1,1,1,0.0000,0.331,0,0.177,0,0.846,0,0,yolo,114.0,yolo,1,1,0,0.000,0,-1,0
1785657891.926,8.883,-0.459,42.878,0.9880,0,11.700,1.446,3.037,0.2722,12.402,-0.922,-1.611,1.000,-4.254,-14.000,-1.1477,0.0009,1.506,1.506,-1.358,2.377,1.200,0.987,0.0049,-1.635,nan,0.00,1,1,1,0,1,0.0000,0.331,0,0.177,0,0.846,0,0,yolo,114.0,yolo,1,1,0,0.000,0,-1,0
1785657891.958,7.812,-0.283,42.622,0.9907,0,13.200,1.037,4.254,0.2714,12.402,-0.922,-1.611,1.000,-4.254,-14.000,-1.0598,0.0029,1.593,1.593,-1.356,2.361,1.200,0.753,0.0049,-1.660,nan,0.00,1,1,1,0,1,0.0000,0.328,0,0.172,0,0.868,0,0,yolo,114.0,yolo,1,1,0,0.000,0,-1,0
1785657891.989,6.646,-0.143,42.291,0.9933,0,14.700,0.670,4.254,0.2707,12.402,-0.922,-1.611,1.000,-4.254,-14.000,-0.9767,0.0004,1.677,1.677,-1.358,2.340,1.200,0.527,0.0049,-1.676,nan,0.00,1,1,1,0,1,0.0000,0.328,0,0.172,0,0.868,0,0,yolo,114.0,yolo,1,1,0,0.000,0,-1,0
1785657892.021,6.646,-0.143,42.291,0.9933,0,16.200,0.768,5.754,0.2541,11.912,-1.688,-1.237,1.000,-8.067,-14.000,7.9273,-2.0000,1.677,3.245,-1.358,2.340,1.200,0.624,0.0049,-1.394,nan,0.00,1,1,1,1,1,0.0000,0.321,0,0.160,0,0.855,0,0,yolo,109.3,yolo,1,1,0,0.000,0,-1,0
1785657892.047,5.325,-0.039,41.938,0.9957,0,17.700,0.428,7.254,0.2701,11.912,-1.688,-1.237,1.000,-8.067,-14.000,-1.4903,-0.0025,1.755,1.755,-1.361,2.318,1.200,0.389,0.0049,-1.380,nan,0.00,1,1,1,0,1,0.0000,0.321,0,0.160,0,0.855,0,0,yolo,109.3,yolo,1,1,0,0.000,0,-1,0
1785657892.082,3.685,0.037,41.398,0.9979,0,17.685,0.065,8.067,0.2695,11.912,-1.688,-1.237,1.000,-8.067,-14.000,-1.4088,-0.0045,1.836,1.836,-1.363,2.287,1.200,0.102,0.0049,-1.351,nan,0.00,1,1,1,0,1,0.0000,0.212,0,0.154,1,0.865,0,0,yolo,109.3,yolo,1,1,0,0.000,0,-1,0
1785657892.112,2.136,0.085,40.718,0.9993,0,16.185,-0.544,9.567,0.2528,11.556,-2.209,-0.972,1.000,-10.821,-14.000,8.3332,-2.0000,1.908,3.693,-1.365,2.251,1.307,-0.458,0.0049,-1.071,nan,0.00,1,1,1,1,1,0.0000,0.212,0,0.154,1,0.865,0,0,yolo,106.0,yolo,1,1,0,0.000,0,-1,0
1785657892.148,0.692,0.062,39.926,0.9999,0,14.692,-0.920,10.821,0.2689,11.556,-2.209,-0.972,1.000,-10.821,-14.000,-1.7232,0.0107,1.970,1.970,-1.354,2.209,1.343,-0.858,0.0049,-1.011,nan,0.00,1,1,1,0,1,0.0000,0.416,0,0.145,1,0.835,0,0,yolo,106.0,yolo,1,1,0,0.000,0,-1,0
1785657892.176,-0.837,0.011,39.070,0.9999,0,13.192,-1.265,10.821,0.2690,11.556,-2.209,-0.972,1.000,-10.821,-14.000,-1.6683,0.0358,2.025,2.025,-1.329,2.164,1.385,-1.255,0.0050,-0.941,nan,0.00,1,1,1,0,1,0.0000,0.416,0,0.145,1,0.835,0,0,yolo,106.0,yolo,1,1,0,0.000,0,-1,0
1785657892.213,-0.837,0.011,39.070,0.9999,0,13.163,-0.904,10.821,0.2691,11.556,-2.209,-0.972,1.000,-10.821,-14.000,-1.6683,0.0358,2.025,2.025,-1.329,2.164,1.385,-0.894,0.0051,-0.941,nan,0.00,1,1,1,0,1,0.0000,0.530,0,0.155,2,0.805,0,0,yolo,106.0,yolo,1,1,0,0.000,0,-1,0
1785657892.253,-3.340,-0.241,37.216,0.9983,0,11.663,-1.917,12.000,0.2524,11.323,-2.564,-0.786,1.000,-12.758,-14.000,2.8710,-2.0000,2.095,3.286,-1.276,2.070,1.489,-2.158,0.0051,-0.588,nan,0.00,1,1,1,1,1,0.0000,0.530,0,0.155,2,0.805,0,0,yolo,114.2,yolo,1,1,0,0.000,0,-1,0
1785657892.286,-3.340,-0.241,37.216,0.9983,0,10.660,-1.435,12.000,0.2691,11.323,-2.564,-0.786,1.000,-12.758,-14.000,-1.1913,0.0000,2.095,2.095,-1.276,2.070,1.489,-1.675,0.0052,-0.588,nan,0.00,1,1,1,0,1,0.0000,0.435,0,0.169,1,0.834,0,0,yolo,114.2,yolo,1,1,0,0.000,0,-1,0
1785657892.317,-4.477,-0.495,36.186,0.9969,0,9.523,-1.639,12.000,0.2701,11.323,-2.564,-0.786,1.000,-12.758,-14.000,-1.1710,0.0272,2.115,2.115,-1.248,2.018,1.534,-2.134,0.0053,-0.485,nan,0.00,1,1,1,0,1,0.0000,0.435,0,0.169,1,0.834,0,0,yolo,114.2,yolo,1,1,0,0.000,0,-1,0
1785657892.348,-5.383,-0.733,35.136,0.9955,0,8.617,-1.591,12.000,0.2554,11.980,-2.885,-0.852,1.000,-13.541,-14.000,1.6371,-0.6159,2.124,3.043,-1.232,1.969,1.507,-2.324,0.0053,-0.424,nan,0.00,1,1,1,1,1,0.0000,0.537,0,0.162,2,0.843,0,0,yolo,106.6,yolo,1,1,0,0.000,0,-1,0
1785657892.379,-6.244,-0.986,34.080,0.9939,0,7.756,-1.514,12.000,0.2710,11.980,-2.885,-0.852,1.000,-13.541,-14.000,-0.9203,0.0220,2.123,2.123,-1.210,1.921,1.543,-2.500,0.0053,-0.327,nan,0.00,1,1,1,0,1,0.0000,0.537,0,0.162,2,0.843,0,0,yolo,106.6,yolo,1,1,0,0.000,0,-1,0
1785657892.411,-6.244,-0.986,34.080,0.9939,0,7.756,-1.158,12.000,0.2710,11.980,-2.885,-0.852,1.000,-13.541,-14.000,-0.9203,0.0220,2.123,2.123,-1.210,1.921,1.543,-2.144,0.0054,-0.327,nan,0.00,1,1,1,0,1,0.0000,0.201,0,0.129,1,0.818,0,0,yolo,106.6,yolo,1,1,0,0.000,0,-1,0
1785657892.442,-7.082,-1.275,32.948,0.9921,0,6.918,-1.225,12.000,0.2808,11.980,-2.885,-0.852,1.000,-13.541,-14.000,-0.9308,0.0551,2.112,2.112,-1.177,1.872,1.572,-2.500,0.0054,-0.223,nan,0.00,1,1,1,0,1,0.0000,0.403,0,0.129,1,0.818,0,0,yolo,106.6,yolo,1,1,0,0.000,0,-1,0
1785657892.474,-7.728,-1.513,31.962,0.9906,0,6.272,-0.987,12.000,0.2641,12.118,-2.895,-0.879,1.000,-13.434,-14.000,-0.1701,-0.4613,2.097,2.418,-1.162,1.832,1.580,-2.500,0.0054,-0.161,nan,0.00,1,1,1,1,1,0.0000,0.206,0,0.139,1,0.794,0,0,yolo,119.5,yolo,1,1,0,0.000,0,-1,0
1785657892.505,-8.316,-1.745,30.956,0.9890,0,5.684,-0.755,12.000,0.2756,12.118,-2.895,-0.879,1.000,-13.434,-14.000,-0.3427,0.0160,2.075,2.075,-1.146,1.794,1.580,-2.500,0.0054,-0.082,nan,0.00,1,1,1,0,1,0.0000,0.206,0,0.139,1,0.794,0,0,yolo,119.5,yolo,1,1,0,0.000,0,-1,0
1785657892.536,-8.854,-1.970,29.938,0.9875,0,5.146,-0.530,12.000,0.2741,12.118,-2.895,-0.879,1.000,-13.434,-14.000,-0.3701,0.0244,2.048,2.048,-1.138,1.759,1.580,-2.500,0.0054,-0.006,nan,0.00,1,1,1,0,1,0.0000,0.567,0,0.192,1,0.741,0,0,yolo,119.5,yolo,1,1,0,0.000,0,-1,0
1785657892.568,-9.333,-2.182,28.923,0.9860,0,4.667,-0.318,12.000,0.2728,12.234,-2.791,-0.936,1.000,-12.852,-14.000,-1.8630,-0.0127,2.016,1.746,-1.139,1.725,1.629,-2.500,0.0054,-0.005,nan,0.00,1,1,1,1,1,0.0000,0.567,0,0.192,1,0.741,0,0,yolo,109.9,yolo,1,1,0,0.000,0,-1,0
1785657892.600,-9.333,-2.182,28.923,0.9860,0,4.667,-0.318,12.000,0.2734,12.234,-2.791,-0.936,1.000,-12.852,-14.000,0.2697,0.0000,2.016,2.016,-1.139,1.725,1.629,-2.500,0.0054,-0.005,nan,0.00,1,1,1,0,1,0.0000,0.590,0,0.215,1,0.697,0,0,yolo,109.9,yolo,1,1,0,0.000,0,-1,0
1785657892.631,-9.823,-2.414,27.752,0.9845,0,4.177,-0.086,12.000,0.2714,12.234,-2.791,-0.936,1.000,-12.852,-14.000,0.2282,-0.0038,1.974,1.974,-1.143,1.690,1.629,-2.500,0.0054,0.069,nan,0.00,1,1,1,0,1,0.0000,0.590,0,0.215,1,0.697,0,0,yolo,109.9,yolo,1,1,0,0.000,0,-1,0
1785657892.663,-10.244,-2.627,26.600,0.9830,0,3.756,0.127,12.000,0.2697,12.234,-2.791,-0.936,1.000,-12.852,-14.000,0.1831,-0.0043,1.929,1.929,-1.143,1.659,1.629,-2.500,0.0054,0.136,nan,0.00,1,1,1,0,1,0.0000,0.595,0,0.220,1,0.688,0,0,yolo,109.9,yolo,1,1,0,0.000,0,-1,0
1785657892.693,-10.244,-2.627,26.600,0.9830,0,3.756,0.127,11.640,0.2863,12.399,-2.554,-1.046,1.000,-11.640,-14.000,-1.9674,1.0691,1.929,1.258,-1.143,1.659,1.730,-2.500,0.0054,-0.006,nan,0.00,1,1,1,1,1,0.0000,0.595,0,0.220,1,0.688,0,0,yolo,109.6,yolo,1,1,0,0.000,0,-1,0
1785657892.728,-10.633,-2.834,25.521,0.9816,0,3.367,0.334,11.640,0.2726,12.399,-2.554,-1.046,1.000,-11.640,-14.000,0.6285,-0.0025,1.886,1.886,-1.146,1.631,1.730,-2.500,0.0054,0.057,nan,0.00,1,1,1,0,1,0.0000,0.595,0,0.220,1,0.688,2,0,yolo,109.6,yolo,1,1,0,0.000,0,-1,0
1785657892.754,-10.963,-3.015,24.382,0.9804,0,3.037,0.515,11.640,0.2713,12.399,-2.554,-1.046,1.000,-11.640,-14.000,0.5767,-0.0009,1.834,1.834,-1.144,1.606,1.730,-2.500,0.0054,0.112,nan,0.00,1,1,1,0,1,0.0000,0.732,0,0.235,2,0.683,0,0,yolo,109.6,yolo,1,1,0,0.000,0,-1,0
1785657892.791,-10.963,-3.015,24.382,0.9804,0,3.037,0.515,10.140,0.2880,12.400,-2.212,-1.119,1.000,-10.115,-14.000,-2.4764,1.0213,1.834,0.806,-1.144,1.606,1.857,-2.500,0.0054,-0.025,nan,0.00,1,1,1,1,1,0.0000,0.732,0,0.235,2,0.683,2,0,yolo,108.8,yolo,1,1,0,0.000,0,-1,0
1785657892.818,-11.250,-3.182,23.254,0.9793,0,2.750,0.682,10.115,0.2745,12.400,-2.212,-1.119,1.000,-10.115,-14.000,0.9737,0.0032,1.780,1.780,-1.141,1.584,1.857,-2.500,0.0054,0.023,nan,0.00,1,1,1,0,1,0.0000,0.735,0,0.238,2,0.690,0,0,yolo,108.8,yolo,1,1,0,0.000,0,-1,0
1785657892.847,-11.508,-3.305,22.272,0.9783,0,2.492,0.805,10.115,0.2737,12.400,-2.212,-1.119,1.000,-10.115,-14.000,0.9135,0.0050,1.720,1.720,-1.139,1.570,1.857,-2.500,0.0054,0.061,nan,0.00,1,1,1,0,1,0.0000,0.735,0,0.238,2,0.690,0,0,yolo,108.8,yolo,1,1,0,0.000,0,-1,0
1785657892.879,-11.747,-3.421,21.272,0.9773,0,2.253,0.921,10.115,0.2729,12.400,-2.212,-1.119,1.000,-10.115,-14.000,0.8450,0.0057,1.651,1.651,-1.139,1.557,1.857,-2.500,0.0054,0.096,nan,0.00,1,1,1,0,1,0.0000,0.620,0,0.245,1,0.706,0,0,yolo,108.8,yolo,1,1,0,0.000,0,-1,0
1785657892.910,-11.747,-3.421,21.272,0.9773,0,0.753,0.921,8.615,0.2896,12.274,-1.846,-1.133,1.000,-8.554,-0.933,-5.0150,1.4315,1.651,0.679,-1.139,1.557,1.987,-2.500,0.0054,0.001,nan,0.00,1,1,1,1,1,0.0000,0.620,0,0.245,1,0.706,0,0,yolo,112.6,yolo,1,1,0,0.000,0,-1,0
1785657892.940,-11.778,-3.498,20.425,0.9771,0,2.222,0.998,8.554,0.2748,12.274,-1.846,-1.133,1.000,-8.554,-14.000,0.9022,-0.0075,1.581,1.581,-1.146,1.551,1.987,-2.500,0.0054,0.018,nan,0.00,1,1,1,0,1,0.0000,0.600,0,0.282,1,0.705,0,0,yolo,112.6,yolo,1,1,0,0.000,0,-1,0
1785657892.972,-11.987,-3.557,19.665,0.9763,0,2.013,1.057,8.554,0.2740,12.274,-1.846,-1.133,1.000,-8.554,-14.000,0.8358,-0.0155,1.515,1.515,-1.154,1.548,1.987,-2.500,0.0053,0.038,nan,0.00,1,1,1,0,1,0.0000,0.600,0,0.282,1,0.705,0,0,yolo,112.6,yolo,1,1,0,0.000,0,-1,0
1785657893.002,-12.146,-3.615,18.913,0.9757,0,1.854,1.115,8.554,0.2733,12.274,-1.846,-1.133,1.000,-8.554,-14.000,0.7722,-0.0214,1.451,1.451,-1.160,1.545,1.987,-2.500,0.0053,0.057,nan,0.00,1,1,1,0,1,0.0000,0.700,0,0.281,2,0.708,0,0,yolo,112.6,yolo,1,1,0,0.000,0,-1,0
1785657893.033,-12.146,-3.615,18.913,0.9757,0,0.354,1.115,7.054,0.2900,12.161,-1.424,-1.109,1.000,-6.677,-7.183,-2.9880,0.5473,1.451,0.783,-1.160,1.545,2.144,-2.500,0.0053,-0.016,nan,0.00,1,1,1,1,1,0.0000,0.700,0,0.281,2,0.708,0,0,yolo,118.8,yolo,1,1,0,0.000,0,-1,0
1785657893.072,-12.137,-3.646,18.228,0.9757,0,1.854,1.146,6.677,0.2758,12.161,-1.424,-1.109,1.000,-6.677,-14.000,0.5943,-0.0115,1.377,1.377,-1.172,1.547,2.144,-2.500,0.0053,-0.010,nan,0.00,1,1,1,0,1,0.0000,0.700,0,0.280,2,0.721,0,0,yolo,118.8,yolo,1,1,0,0.000,0,-1,0
1785657893.110,-12.304,-3.656,17.661,0.9750,0,1.696,1.156,6.677,0.2753,12.161,-1.424,-1.109,1.000,-6.677,-14.000,0.5248,-0.0225,1.308,1.308,-1.183,1.552,2.144,-2.500,0.0053,-0.003,nan,0.00,1,1,1,0,1,0.0000,0.700,0,0.280,2,0.721,0,0,yolo,118.8,yolo,1,1,0,0.000,0,-1,0
1785657893.142,-12.440,-3.671,17.069,0.9745,0,0.196,1.171,5.177,0.2862,12.110,-0.957,-1.037,1.000,-4.519,1.432,-3.4209,0.1925,1.237,0.622,-1.187,1.557,2.200,-2.500,0.0053,-0.029,nan,0.00,1,1,1,1,1,0.0000,0.729,0,0.232,2,0.735,0,0,yolo,119.8,yolo,1,1,0,0.000,0,-1,0
1785657893.173,-12.427,-3.665,16.578,0.9746,0,1.573,1.165,4.519,0.2770,12.110,-0.957,-1.037,1.000,-4.519,-14.000,0.5425,-0.0074,1.164,1.164,-1.194,1.564,2.200,-2.500,0.0054,-0.030,nan,0.00,1,1,1,0,1,0.0000,0.729,0,0.232,2,0.735,0,0,yolo,119.8,yolo,1,1,0,0.000,0,-1,0
1785657893.211,-12.427,-3.665,16.578,0.9746,0,1.573,1.165,4.519,0.2770,12.110,-0.957,-1.037,1.000,-4.519,-14.000,0.5425,-0.0074,1.164,1.164,-1.194,1.564,2.200,-2.500,0.0054,-0.030,nan,0.00,1,1,1,0,1,0.0000,0.611,0,0.236,1,0.729,0,0,yolo,119.8,yolo,1,1,0,0.000,0,-1,0
1785657893.250,-12.665,-3.611,15.764,0.9737,0,0.073,1.111,3.019,0.2752,11.995,-0.532,-0.923,1.000,-2.541,14.000,-6.2103,-0.0490,1.011,-0.087,-1.214,1.585,2.200,-2.500,0.0054,-0.027,nan,0.00,1,1,1,1,1,0.0000,0.611,0,0.236,1,0.729,0,0,yolo,113.2,yolo,1,1,0,0.000,0,-1,0
1785657893.282,-12.665,-3.611,15.764,0.9737,0,1.335,1.111,2.541,0.2766,11.995,-0.532,-0.923,1.000,-2.541,-14.000,1.0988,0.0000,1.011,1.011,-1.214,1.585,2.200,-2.500,0.0054,-0.027,nan,0.00,1,1,1,0,1,0.0000,0.731,0,0.234,2,0.732,0,0,yolo,113.2,yolo,1,1,0,0.000,0,-1,0
1785657893.313,-12.651,-3.572,15.452,0.9738,0,1.349,1.072,2.541,0.2766,11.995,-0.532,-0.923,1.000,-2.541,-14.000,1.0199,-0.0077,0.933,0.933,-1.222,1.597,2.200,-2.500,0.0054,-0.036,nan,0.00,1,1,1,0,1,0.0000,0.731,0,0.234,2,0.732,0,0,yolo,113.2,yolo,1,1,0,0.000,0,-1,0
1785657893.345,-12.792,-3.510,15.227,0.9734,0,1.208,1.010,2.541,0.2767,11.995,-0.532,-0.923,1.000,-2.541,-14.000,0.9348,-0.0124,0.847,0.847,-1.226,1.612,2.200,-2.500,0.0054,-0.047,nan,0.00,1,1,1,0,1,0.0000,0.846,0,0.229,3,0.762,0,0,yolo,113.2,yolo,1,1,0,0.000,0,-1,0
1785657893.381,-12.898,-3.462,15.009,0.9730,0,-0.292,0.962,1.127,0.2694,11.827,-0.233,-0.806,1.000,-1.127,6.611,-1.7514,-0.1723,0.769,-0.092,-1.229,1.624,2.200,-2.500,0.0054,-0.018,nan,0.00,1,1,1,1,1,0.0000,0.731,0,0.234,2,0.791,0,0,yolo,116.8,yolo,1,1,0,0.000,0,-1,0
1785657893.414,-12.898,-3.462,15.009,0.9730,0,-0.200,0.962,1.127,0.2769,11.827,-0.233,-0.806,1.000,-1.127,-12.699,0.8610,0.0000,0.769,0.769,-1.229,1.624,2.200,-2.500,0.0054,-0.018,nan,0.00,1,1,1,0,1,0.0000,0.731,0,0.234,2,0.813,0,0,yolo,116.8,yolo,1,1,0,0.000,0,-1,0
1785657893.454,-12.844,-3.387,14.856,0.9733,0,-1.354,0.887,1.127,0.2768,11.827,-0.233,-0.806,1.000,-1.127,-11.491,0.7624,0.0031,0.670,0.670,-1.226,1.640,2.200,-2.500,0.0054,-0.034,nan,0.00,1,1,1,0,1,0.0000,0.731,0,0.234,2,0.813,0,0,yolo,116.8,yolo,1,1,0,0.000,0,-1,0
1785657893.486,-12.829,-3.301,14.756,0.9734,0,-2.854,0.801,-0.203,0.2601,12.065,0.043,-0.612,1.000,0.203,14.000,-2.8019,-1.2365,0.573,-0.350,-1.223,1.656,2.200,-2.500,0.0054,0.090,nan,0.00,1,1,1,1,1,0.0000,0.734,0,0.237,2,0.841,0,0,yolo,110.2,yolo,1,1,0,0.000,0,-1,0
1785657893.517,-12.555,-3.230,14.727,0.9745,0,-4.354,0.730,-0.203,0.2746,12.065,0.043,-0.612,1.000,0.203,-7.098,0.8333,0.0112,0.483,0.483,-1.212,1.670,2.200,-2.500,0.0054,0.074,nan,0.00,1,1,1,0,1,0.0000,0.727,0,0.231,2,0.843,0,0,yolo,110.2,yolo,1,1,0,0.000,0,-1,0
1785657893.548,-12.083,-3.141,14.756,0.9764,0,-5.854,0.641,-0.203,0.2753,12.065,0.043,-0.612,1.000,0.203,-5.844,0.7298,0.0251,0.380,0.380,-1.198,1.685,2.200,-2.500,0.0054,0.055,nan,0.00,1,1,1,0,1,0.0000,0.726,0,0.230,2,0.843,0,0,yolo,110.2,yolo,1,1,0,0.000,0,-1,0
1785657893.580,-12.083,-3.141,14.756,0.9764,0,-7.354,0.641,-1.154,0.2587,12.100,0.244,-0.398,1.000,1.154,13.492,-1.5052,-1.2626,0.380,-0.434,-1.198,1.685,2.200,-2.500,0.0053,0.223,nan,0.00,1,1,1,1,1,0.0000,0.724,0,0.228,2,0.850,0,0,yolo,108.0,yolo,1,1,0,0.000,0,-1,0
1785657893.610,-11.445,-3.067,14.759,0.9787,0,-8.792,0.567,-1.154,0.2694,12.100,0.244,-0.398,1.000,1.154,-2.654,0.7125,0.0141,0.278,0.278,-1.184,1.699,2.200,-2.500,0.0053,0.209,nan,0.00,1,1,1,0,1,0.0000,0.724,0,0.228,2,0.850,0,0,yolo,108.0,yolo,1,1,0,0.000,0,-1,0
1785657893.646,-10.460,-2.987,14.848,0.9820,0,-9.061,0.487,-1.154,0.2694,12.100,0.244,-0.398,1.000,1.154,-1.399,0.6088,0.0247,0.174,0.174,-1.174,1.713,2.200,-2.500,0.0053,0.195,nan,0.00,1,1,1,0,1,0.0000,0.722,0,0.227,2,0.851,0,0,yolo,108.0,yolo,1,1,0,0.000,0,-1,0
1785657893.672,-10.460,-2.987,14.848,0.9820,0,-9.061,0.487,-1.154,0.2694,12.100,0.244,-0.398,1.000,1.154,-1.399,0.6088,0.0247,0.174,0.174,-1.174,1.713,2.200,-2.500,0.0053,0.195,nan,0.00,1,1,1,0,1,0.0000,0.722,0,0.227,2,0.851,0,0,yolo,108.0,yolo,1,1,0,0.000,0,-1,0
1785657893.705,-9.506,-2.909,14.971,0.9850,0,-10.561,0.409,-1.879,0.2527,12.243,0.402,-0.184,1.000,1.879,14.000,-2.3251,-2.0000,0.080,-0.714,-1.160,1.725,2.076,-2.500,0.0052,0.374,nan,0.00,1,1,1,1,1,0.0000,0.722,0,0.227,2,0.851,0,0,yolo,109.0,yolo,1,1,0,0.000,0,-1,0
1785657893.735,-8.372,-2.840,15.133,0.9881,0,-9.620,0.340,-1.879,0.2621,12.243,0.402,-0.184,1.000,1.879,1.248,0.7041,0.0178,-0.010,-0.010,-1.143,1.736,2.084,-2.500,0.0052,0.366,nan,0.00,1,1,1,0,1,0.0000,0.721,0,0.226,2,0.847,0,0,yolo,109.0,yolo,1,1,0,0.000,0,-1,0
1785657893.767,-7.424,-2.778,15.311,0.9905,0,-9.579,0.278,-1.879,0.2627,12.243,0.402,-0.184,1.000,1.879,2.155,0.6286,0.0402,-0.086,-0.086,-1.120,1.746,2.091,-2.500,0.0052,0.359,nan,0.00,1,1,1,0,1,0.0000,0.718,0,0.223,2,0.833,0,0,yolo,109.0,yolo,1,1,0,0.000,0,-1,0
1785657893.798,-7.424,-2.778,15.311,0.9905,0,-11.079,0.430,-2.303,0.2460,12.065,0.485,-0.058,1.000,2.303,14.000,-0.8927,-1.0496,-0.086,-0.664,-1.120,1.746,1.986,-2.349,0.0051,0.464,nan,0.00,1,1,1,1,1,0.0000,0.718,0,0.223,2,0.833,0,0,yolo,110.5,yolo,1,1,0,0.000,0,-1,0
1785657893.829,-6.464,-2.728,15.476,0.9925,0,-10.759,0.417,-2.303,0.2584,12.065,0.485,-0.058,1.000,2.303,4.294,0.5105,0.0268,-0.153,-0.153,-1.093,1.755,1.988,-2.311,0.0051,0.462,nan,0.00,1,1,1,0,1,0.0000,0.714,0,0.220,2,0.832,0,0,yolo,110.5,yolo,1,1,0,0.000,0,-1,0
1785657893.865,-5.295,-2.659,15.687,0.9947,0,-10.396,0.373,-2.303,0.2594,12.065,0.485,-0.058,1.000,2.303,5.102,0.4438,0.0600,-0.220,-0.220,-1.060,1.764,1.993,-2.286,0.0050,0.457,nan,0.00,1,1,1,0,1,0.0000,0.714,0,0.220,2,0.832,1,0,yolo,110.5,yolo,1,1,0,0.000,0,-1,0
1785657893.897,-4.244,-2.602,15.905,0.9962,0,-10.002,0.321,-2.303,0.2606,12.065,0.485,-0.058,1.000,2.303,5.757,0.3896,0.0945,-0.274,-0.274,-1.026,1.771,1.996,-2.281,0.0050,0.454,nan,0.00,1,1,1,0,1,0.0000,0.223,0,0.181,1,0.791,2,0,yolo,110.5,yolo,1,1,0,0.000,0,-1,0
1785657893.940,-3.269,-2.556,16.104,0.9974,0,-11.502,0.620,-2.476,0.2439,11.939,0.516,0.088,1.000,2.476,12.002,-0.2709,-1.0264,-0.318,-0.621,-1.004,1.778,1.859,-1.937,0.0049,0.591,nan,0.00,1,1,1,1,1,0.0000,0.528,0,0.153,2,0.757,0,0,yolo,118.6,yolo,1,1,0,0.000,0,-1,0
1785657893.970,-3.269,-2.556,16.104,0.9974,0,-10.222,0.540,-2.476,0.2518,11.939,0.516,0.088,1.000,2.476,6.953,0.3036,0.0000,-0.318,-0.318,-1.004,1.778,1.859,-2.017,0.0049,0.591,nan,0.00,1,1,1,0,1,0.0000,0.397,0,0.121,1,0.743,0,0,yolo,118.6,yolo,1,1,0,0.000,0,-1,0
1785657894.003,-2.138,-2.483,16.343,0.9984,0,-9.585,0.489,-2.476,0.2530,11.939,0.516,0.088,1.000,2.476,7.447,0.2630,0.0302,-0.358,-0.358,-0.974,1.785,1.864,-1.994,0.0048,0.586,nan,0.00,1,1,1,0,1,0.0000,0.493,0,0.118,2,0.770,0,0,yolo,118.6,yolo,1,1,0,0.000,0,-1,0
1785657894.039,-1.123,-2.424,16.583,0.9989,0,-11.085,0.829,-2.561,0.2363,11.683,0.522,0.256,1.000,2.561,10.852,-0.1290,-1.1530,-0.388,-0.519,-0.938,1.791,1.711,-1.595,0.0047,0.739,nan,0.00,1,1,1,1,1,0.0000,0.493,0,0.118,2,0.770,2,0,yolo,111.3,yolo,1,1,0,0.000,0,-1,0
1785657894.082,-0.047,-2.343,16.801,0.9992,0,-9.585,0.736,-2.561,0.2490,11.683,0.522,0.256,1.000,2.561,8.857,0.1095,0.0463,-0.409,-0.409,-0.892,1.796,1.717,-1.607,0.0047,0.733,nan,0.00,1,1,1,0,1,0.0000,0.266,0,0.069,1,0.815,0,0,yolo,111.3,yolo,1,1,0,0.000,0,-1,0
1785657894.113,1.050,-2.263,17.025,0.9991,0,-8.085,0.638,-2.561,0.2520,11.683,0.522,0.256,1.000,2.561,9.039,0.0948,0.1096,-0.424,-0.424,-0.829,1.800,1.724,-1.625,0.0046,0.726,nan,0.00,1,1,1,0,1,0.0000,0.266,0,0.069,1,0.815,0,0,yolo,111.3,yolo,1,1,0,0.000,0,-1,0
1785657894.145,1.938,-2.200,17.265,0.9987,0,-8.453,0.915,-2.608,0.2353,11.862,0.540,0.392,1.000,2.608,10.391,-0.0981,-1.3915,-0.428,-0.468,-0.758,1.803,1.585,-1.285,0.0045,0.865,nan,0.00,1,1,1,1,1,0.0000,0.338,0,0.048,2,0.860,0,0,yolo,114.3,yolo,1,1,0,0.000,0,-1,0
1785657894.182,1.948,-2.199,17.268,0.9987,0,-7.466,0.865,-2.608,0.2428,11.862,0.540,0.392,1.000,2.608,9.414,0.0398,0.0008,-0.428,-0.428,-0.757,1.803,1.585,-1.335,0.0044,0.865,nan,0.00,1,1,1,0,1,0.0000,0.338,0,0.048,2,0.860,2,0,yolo,114.3,yolo,1,1,0,0.000,0,-1,0
1785657894.209,2.848,-2.113,17.516,0.9981,0,-6.520,0.761,-2.608,0.2462,11.862,0.540,0.392,1.000,2.608,9.368,0.0436,0.0692,-0.425,-0.425,-0.688,1.807,1.594,-1.352,0.0043,0.856,nan,0.00,1,1,1,0,1,0.0000,0.336,0,0.045,2,0.886,0,0,yolo,114.3,yolo,1,1,0,0.000,0,-1,0
1785657894.247,3.462,-2.054,17.738,0.9975,0,-5.767,0.677,-2.608,0.2488,11.862,0.540,0.392,1.000,2.608,9.229,0.0550,0.1197,-0.413,-0.413,-0.638,1.809,1.601,-1.377,0.0042,0.849,nan,0.00,1,1,1,0,0,0.0000,0.000,0,0.000,0,0.000,0,0,yolo,114.3,yolo,1,1,0,0.000,0,-1,0
1785657894.293,3.988,-2.008,17.952,0.9970,0,-4.927,0.935,-2.576,0.2321,11.982,0.539,0.519,1.000,2.576,8.916,0.0407,-0.7562,-0.398,-0.375,-0.590,1.810,1.475,-1.072,0.0041,0.975,nan,0.00,1,1,1,1,0,0.0000,0.000,0,0.000,0,0.000,0,0,yolo,116.7,yolo,1,1,0,0.000,0,-1,0
1785657894.325,4.588,-1.957,18.197,0.9962,0,-4.536,0.863,-2.576,0.2424,11.982,0.539,0.519,1.000,2.576,9.125,-0.0005,0.0558,-0.375,-0.375,-0.534,1.812,1.480,-1.093,0.0040,0.970,nan,0.00,1,1,1,0,0,0.0000,0.000,0,0.000,0,0.000,0,0,yolo,116.7,yolo,1,1,0,0.000,0,-1,0
1785657894.351,4.588,-1.957,18.197,0.9962,0,-4.536,0.840,-2.576,0.2423,11.982,0.539,0.519,1.000,2.576,9.125,-0.0005,0.0558,-0.375,-0.375,-0.534,1.812,1.480,-1.117,0.0039,0.970,nan,0.00,1,1,1,0,0,0.0000,0.000,0,0.000,0,0.000,0,0,yolo,116.7,yolo,1,1,0,0.000,0,-1,0
1785657894.388,5.093,-1.886,18.451,0.9955,0,-4.019,0.943,-2.634,0.2256,11.050,0.508,0.634,1.000,2.634,9.112,-0.1123,-0.7003,-0.346,-0.253,-0.471,1.813,1.410,-0.943,0.0039,1.040,nan,0.00,1,1,1,1,0,0.0000,0.000,0,0.000,0,0.000,0,0,yolo,120.9,yolo,1,1,0,0.000,0,-1,0
1785657894.434,5.591,-1.820,18.703,0.9947,0,-3.733,0.849,-2.634,0.2411,11.050,0.508,0.634,1.000,2.634,9.324,-0.0607,0.0629,-0.314,-0.314,-0.408,1.813,1.419,-0.971,0.0039,1.031,nan,0.00,1,1,1,0,0,0.0000,0.000,0,0.000,0,0.000,0,0,yolo,120.9,yolo,1,1,0,0.000,0,-1,0
1785657894.462,6.027,-1.746,18.964,0.9940,0,-2.831,0.736,-2.634,0.2452,11.050,0.508,0.634,1.000,2.634,8.858,-0.0241,0.1418,-0.278,-0.278,-0.329,1.814,1.430,-1.009,0.0039,1.020,nan,0.00,1,1,1,0,0,0.0000,0.000,0,0.000,0,0.000,0,0,yolo,120.9,yolo,1,1,0,0.000,0,-1,0
1785657894.498,6.342,-1.695,19.229,0.9934,0,-1.331,0.909,-2.542,0.2285,11.030,0.490,0.741,1.000,2.542,6.875,0.1322,-0.7202,-0.236,-0.152,-0.246,1.813,1.334,-0.785,0.0039,1.116,nan,0.00,1,1,1,1,0,0.0000,0.000,0,0.000,0,0.000,2,0,yolo,117.9,yolo,1,1,0,0.000,0,-1,0
1785657894.529,6.342,-1.695,19.229,0.9934,0,-2.272,0.904,-2.542,0.2360,11.030,0.490,0.741,1.000,2.542,8.614,-0.0844,0.0000,-0.236,-0.236,-0.246,1.813,1.334,-0.790,0.0039,1.116,nan,0.00,1,1,1,0,0,0.0000,0.000,0,0.000,0,0.000,0,0,yolo,117.9,yolo,1,1,0,0.000,0,-1,0
1785657894.562,6.486,-1.629,19.467,0.9932,0,-1.616,0.797,-2.542,0.2398,11.030,0.490,0.741,1.000,2.542,8.102,-0.0443,0.0753,-0.196,-0.196,-0.171,1.812,1.346,-0.832,0.0039,1.104,nan,0.00,1,1,1,0,0,0.0000,0.000,0,0.000,0,0.000,0,0,yolo,117.9,yolo,1,1,0,0.000,0,-1,0
1785657894.592,6.620,-1.564,19.698,0.9930,0,-0.971,0.689,-2.542,0.2440,11.030,0.490,0.741,1.000,2.542,7.591,-0.0043,0.1572,-0.156,-0.156,-0.089,1.811,1.357,-0.874,0.0039,1.093,nan,0.00,1,1,1,0,0,0.0000,0.000,0,0.000,0,0.000,1,0,yolo,117.9,yolo,1,1,0,0.000,0,-1,0
1785657894.619,6.730,-1.523,19.927,0.9928,0,0.529,0.776,-2.446,0.2273,10.583,0.452,0.821,1.000,2.446,5.913,0.2672,-0.8469,-0.116,-0.140,-0.017,1.810,1.301,-0.747,0.0039,1.149,nan,0.00,1,1,1,1,0,0.0000,0.000,0,0.000,0,0.000,0,0,yolo,117.5,yolo,1,1,0,0.000,0,-1,0
1785657894.655,6.691,-1.473,20.146,0.9929,0,0.275,0.690,-2.446,0.2390,10.583,0.452,0.821,1.000,2.446,6.415,0.0636,0.0784,-0.076,-0.076,0.061,1.809,1.310,-0.783,0.0039,1.140,nan,0.00,1,1,1,0,0,0.0000,0.000,0,0.000,0,0.000,0,0,yolo,117.5,yolo,1,1,0,0.000,0,-1,0
1785657894.687,6.691,-1.473,20.146,0.9929,0,0.275,0.699,-2.446,0.2390,10.583,0.452,0.821,1.000,2.446,6.415,0.0636,0.0784,-0.076,-0.076,0.061,1.809,1.310,-0.774,0.0039,1.140,nan,0.00,1,1,1,0,0,0.0000,0.000,0,0.000,0,0.000,0,0,yolo,117.5,yolo,1,1,0,0.000,0,-1,0
1785657894.718,6.678,-1.431,20.354,0.9929,0,0.763,0.623,-2.446,0.2424,10.583,0.452,0.821,1.000,2.446,5.915,0.1018,0.1490,-0.038,-0.038,0.132,1.807,1.318,-0.808,0.0039,1.132,nan,0.00,1,1,1,0,0,0.0000,0.000,0,0.000,0,0.000,0,0,yolo,117.5,yolo,1,1,0,0.000,0,-1,0
1785657894.766,6.611,-1.354,20.779,0.9931,0,0.508,0.593,-2.446,0.2257,9.897,0.423,0.891,1.000,2.446,6.103,-0.0002,-0.2131,0.038,0.002,0.259,1.803,1.282,-0.761,0.0039,1.168,nan,0.00,1,1,1,1,0,0.0000,0.000,0,0.000,0,0.000,0,0,yolo,115.2,yolo,1,1,0,0.000,0,-1,0
1785657894.794,6.611,-1.354,20.779,0.9931,0,1.006,0.612,-2.446,0.2345,9.897,0.423,0.891,1.000,2.446,5.605,0.0363,0.0000,0.038,0.038,0.259,1.803,1.282,-0.742,0.0039,1.168,nan,0.00,1,1,1,0,0,0.0000,0.000,0,0.000,0,0.000,0,0,yolo,115.2,yolo,1,1,0,0.000,0,-1,0
1785657894.822,6.507,-1.312,21.033,0.9933,0,1.501,0.530,-2.446,0.2379,9.897,0.423,0.891,1.000,2.446,5.006,0.0801,0.0702,0.082,0.082,0.330,1.801,1.290,-0.782,0.0039,1.160,nan,0.00,1,1,1,0,0,0.0000,0.000,0,0.000,0,0.000,0,0,yolo,115.2,yolo,1,1,0,0.000,0,-1,0
1785657894.858,6.507,-1.312,21.033,0.9933,0,0.376,0.661,-2.490,0.2212,9.351,0.407,0.951,1.000,2.490,6.132,-0.1080,-0.6786,0.082,0.069,0.330,1.801,1.245,-0.651,0.0039,1.205,nan,0.00,1,1,1,1,0,0.0000,0.000,0,0.000,0,0.000,0,0,yolo,105.3,yolo,1,1,0,0.000,0,-1,0
1785657894.889,6.346,-1.280,21.285,0.9936,0,1.525,0.590,-2.490,0.2366,9.351,0.407,0.951,1.000,2.490,4.820,0.0544,0.0692,0.123,0.123,0.399,1.798,1.251,-0.689,0.0039,1.199,nan,0.00,1,1,1,0,0,0.0000,0.000,0,0.000,0,0.000,0,0,yolo,105.3,yolo,1,1,0,0.000,0,-1,0
1785657894.914,6.172,-1.236,21.561,0.9940,0,1.958,0.502,-2.490,0.2401,9.351,0.407,0.951,1.000,2.490,4.214,0.0972,0.1440,0.166,0.166,0.474,1.795,1.259,-0.734,0.0039,1.191,nan,0.00,1,1,1,0,0,0.0000,0.000,0,0.000,0,0.000,0,0,yolo,105.3,yolo,1,1,0,0.000,0,-1,0
1785657894.952,6.172,-1.236,21.561,0.9940,0,2.005,0.607,-2.436,0.2235,8.848,0.376,0.999,1.000,2.436,4.167,0.0837,-0.3330,0.166,0.155,0.474,1.795,1.226,-0.629,0.0039,1.224,nan,0.00,1,1,1,1,0,0.0000,0.000,0,0.000,0,0.000,0,0,yolo,107.4,yolo,1,1,0,0.000,0,-1,0
1785657894.997,5.754,-1.163,22.050,0.9948,0,2.367,0.438,-2.436,0.2395,8.848,0.376,0.999,1.000,2.436,3.387,0.0815,0.1482,0.237,0.237,0.622,1.789,1.239,-0.726,0.0039,1.211,nan,0.00,1,1,1,0,0,0.0000,0.000,0,0.000,0,0.000,0,0,yolo,107.4,yolo,1,1,0,0.000,0,-1,0
1785657895.031,5.754,-1.163,22.050,0.9948,0,2.367,0.468,-2.436,0.2395,8.848,0.376,0.999,1.000,2.436,3.387,0.0815,0.1482,0.237,0.237,0.622,1.789,1.239,-0.695,0.0039,1.211,nan,0.00,1,1,1,0,0,0.0000,0.000,0,0.000,0,0.000,0,0,yolo,107.4,yolo,1,1,0,0.000,0,-1,0
1785657895.060,5.506,-1.139,22.283,0.9952,0,1.625,0.446,-2.438,0.2296,8.378,0.357,1.024,1.000,2.438,3.881,-0.0021,-0.0629,0.267,0.217,0.699,1.786,1.230,-0.693,0.0039,1.220,nan,0.00,1,1,1,1,0,0.0000,0.000,0,0.000,0,0.000,0,0,yolo,111.8,yolo,1,1,0,0.000,0,-1,0
1785657895.088,5.333,-1.111,22.534,0.9955,0,2.717,0.387,-2.438,0.2365,8.378,0.357,1.024,1.000,2.438,2.616,0.0822,0.0876,0.299,0.299,0.787,1.783,1.235,-0.724,0.0039,1.215,nan,0.00,1,1,1,0,0,0.0000,0.000,0,0.000,0,0.000,0,0,yolo,111.8,yolo,1,1,0,0.000,0,-1,0
1785657895.123,5.333,-1.111,22.534,0.9955,0,2.717,0.415,-2.438,0.2365,8.378,0.357,1.024,1.000,2.438,2.616,0.0822,0.0876,0.299,0.299,0.787,1.783,1.235,-0.696,0.0039,1.215,nan,0.00,1,1,1,0,0,0.0000,0.000,0,0.000,0,0.000,0,0,yolo,111.8,yolo,1,1,0,0.000,0,-1,0
1785657895.156,5.054,-1.090,22.759,0.9959,0,2.820,0.364,-2.438,0.2532,8.378,0.357,1.024,1.000,2.438,2.234,0.1073,0.1675,0.324,0.324,0.866,1.780,1.240,-0.727,0.0039,1.210,nan,0.00,1,1,1,0,0,0.0000,0.000,0,0.000,0,0.000,0,0,yolo,111.8,yolo,1,1,0,0.000,0,-1,0
1785657895.188,4.795,-1.068,22.968,0.9963,0,3.348,0.320,-2.231,0.2689,8.127,0.317,1.033,1.000,2.231,1.448,0.2206,0.0232,0.346,0.286,0.942,1.777,1.243,-0.748,0.0039,1.207,nan,0.00,1,1,1,1,0,0.0000,0.000,0,0.000,0,0.000,1,0,yolo,115.1,yolo,1,1,0,0.000,0,-1,0
1785657895.213,4.474,-1.052,23.165,0.9968,0,3.130,0.282,-2.231,0.2688,8.127,0.317,1.033,1.000,2.231,1.344,0.0775,0.0580,0.364,0.364,1.000,1.774,1.246,-0.770,0.0039,1.204,nan,0.00,1,1,1,0,0,0.0000,0.000,0,0.000,0,0.000,0,0,yolo,115.1,yolo,1,1,0,0.000,0,-1,0
1785657895.250,4.474,-1.052,23.165,0.9968,0,3.130,0.309,-2.231,0.2688,8.127,0.317,1.033,1.000,2.231,1.344,0.0775,0.0580,0.364,0.364,1.000,1.774,1.246,-0.743,0.0039,1.204,nan,0.00,1,1,1,0,0,0.0000,0.000,0,0.000,0,0.000,0,0,yolo,115.1,yolo,1,1,0,0.000,0,-1,0
1785657895.283,4.143,-1.036,23.373,0.9972,0,4.630,0.204,-1.876,0.2687,7.892,0.258,1.019,1.000,1.876,-0.701,0.4888,0.2651,0.382,0.271,1.050,1.771,1.273,-0.833,0.0039,1.177,nan,0.00,1,1,1,1,0,0.0000,0.000,0,0.000,0,0.000,0,0,yolo,108.7,yolo,1,1,0,0.000,0,-1,0
1785657895.328,3.821,-1.017,23.580,0.9976,0,4.074,0.157,-1.876,0.2686,7.892,0.258,1.019,1.000,1.876,-0.254,0.1257,0.0305,0.396,0.396,1.081,1.768,1.277,-0.860,0.0039,1.173,nan,0.00,1,1,1,0,0,0.0000,0.000,0,0.000,0,0.000,0,0,yolo,108.7,yolo,1,1,0,0.000,0,-1,0
1785657895.359,3.335,-1.007,23.758,0.9982,0,3.720,0.125,-1.876,0.2684,7.892,0.258,1.019,1.000,1.876,-0.386,0.1340,0.0455,0.405,0.405,1.096,1.765,1.280,-0.882,0.0039,1.170,nan,0.00,1,1,1,0,0,0.0000,0.000,0,0.000,0,0.000,1,0,yolo,108.7,yolo,1,1,0,0.000,0,-1,0
1785657895.387,2.957,-1.002,23.925,0.9985,0,3.471,0.102,-1.876,0.2683,7.892,0.258,1.019,1.000,1.876,-0.513,0.1420,0.0458,0.413,0.413,1.096,1.762,1.282,-0.900,0.0039,1.168,nan,0.00,1,1,1,0,0,0.0000,0.000,0,0.000,0,0.000,0,0,yolo,108.7,yolo,1,1,0,0.000,0,-1,0
1785657895.423,2.957,-1.002,23.925,0.9985,0,2.863,-0.037,-1.701,0.2683,7.368,0.219,0.962,1.000,1.701,0.094,0.2244,0.6780,0.413,0.260,1.096,1.762,1.349,-1.039,0.0039,1.101,nan,0.00,1,1,1,1,0,0.0000,0.000,0,0.000,0,0.000,0,0,yolo,114.8,yolo,1,1,0,0.000,0,-1,0
1785657895.453,2.592,-0.998,24.102,0.9988,0,4.000,-0.063,-1.701,0.2683,7.368,0.219,0.962,1.000,1.701,-1.408,0.1575,-0.0061,0.418,0.418,1.090,1.759,1.351,-1.061,0.0039,1.099,nan,0.00,1,1,1,0,0,0.0000,0.000,0,0.000,0,0.000,0,0,yolo,114.8,yolo,1,1,0,0.000,0,-1,0
1785657895.484,2.132,-1.012,24.275,0.9992,0,3.558,-0.059,-1.701,0.2682,7.368,0.219,0.962,1.000,1.701,-1.426,0.1586,-0.0146,0.419,0.419,1.082,1.756,1.351,-1.072,0.0039,1.099,nan,0.00,1,1,1,0,0,0.0000,0.000,0,0.000,0,0.000,0,0,yolo,114.8,yolo,1,1,0,0.000,0,-1,0
1785657895.517,1.788,-1.021,24.417,0.9994,0,3.795,-0.224,-1.269,0.2681,7.109,0.157,0.901,1.000,1.269,-2.007,0.4026,0.5062,0.419,0.262,1.074,1.754,1.418,-1.245,0.0039,1.032,nan,0.00,1,1,1,1,0,0.0000,0.000,0,0.000,0,0.000,0,0,yolo,122.8,yolo,1,1,0,0.000,0,-1,0
1785657895.558,1.387,-1.047,24.541,0.9995,0,4.016,-0.194,-1.269,0.2681,7.109,0.157,0.901,1.000,1.269,-2.629,0.1542,-0.0082,0.416,0.416,1.066,1.752,1.416,-1.241,0.0039,1.034,nan,0.00,1,1,1,0,0,0.0000,0.000,0,0.000,0,0.000,0,0,yolo,122.8,yolo,1,1,0,0.000,0,-1,0
1785657895.593,1.387,-1.047,24.541,0.9995,0,4.016,-0.169,-1.269,0.2681,7.109,0.157,0.901,1.000,1.269,-2.629,0.1542,-0.0082,0.416,0.416,1.066,1.752,1.416,-1.217,0.0039,1.034,nan,0.00,1,1,1,0,0,0.0000,0.000,0,0.000,0,0.000,0,0,yolo,122.8,yolo,1,1,0,0.000,0,-1,0
1785657895.626,0.962,-1.068,24.649,0.9997,0,3.493,-0.156,-1.269,0.2680,7.109,0.157,0.901,1.000,1.269,-2.530,0.1485,-0.0162,0.410,0.410,1.058,1.750,1.414,-1.223,0.0039,1.036,nan,0.00,1,1,1,0,0,0.0000,0.000,0,0.000,0,0.000,1,0,yolo,122.8,yolo,1,1,0,0.000,0,-1,0
1785657895.660,0.587,-1.083,24.754,0.9998,0,2.986,-0.141,-1.269,0.2680,7.109,0.157,0.901,1.000,1.269,-2.399,0.1407,-0.0231,0.403,0.403,1.051,1.748,1.413,-1.224,0.0039,1.037,nan,0.00,1,1,1,0,0,0.0000,0.000,0,0.000,0,0.000,1,0,yolo,122.8,yolo,1,1,0,0.000,0,-1,0
1785657895.704,0.235,-1.097,24.858,0.9998,0,2.478,-0.127,-1.269,0.2680,7.109,0.157,0.901,1.000,1.269,-2.243,0.1316,-0.0298,0.393,0.393,1.044,1.747,1.413,-1.224,0.0039,1.037,nan,0.00,1,1,1,0,0,0.0000,0.000,0,0.000,0,0.000,1,0,yolo,122.8,yolo,1,1,0,0.000,0,-1,0
1785657895.729,-0.070,-1.111,24.973,0.9998,0,1.990,-0.115,-1.269,0.2680,7.109,0.157,0.901,1.000,1.269,-2.061,0.1210,-0.0371,0.383,0.383,1.037,1.745,1.412,-1.225,0.0039,1.038,nan,0.00,1,1,1,0,0,0.0000,0.000,0,0.000,0,0.000,0,0,yolo,122.8,yolo,1,1,0,0.000,0,-1,0
1785657895.764,-0.275,-1.121,25.087,0.9998,0,1.613,-0.106,-1.269,0.2680,7.109,0.157,0.901,1.000,1.269,-1.887,0.1108,-0.0444,0.373,0.373,1.029,1.743,1.411,-1.227,0.0039,1.039,nan,0.00,1,1,1,0,0,0.0000,0.000,0,0.000,0,0.000,0,0,yolo,122.8,yolo,1,1,0,0.000,0,-1,0
1785657895.797,-0.447,-1.131,25.202,0.9998,0,3.113,-1.054,0.231,0.2679,5.634,-0.026,0.546,0.939,-0.265,-5.803,-0.0000,-0.0000,0.362,0.362,1.022,1.742,1.793,-2.184,0.0039,0.657,nan,0.00,1,1,1,1,0,0.0000,0.000,0,0.000,0,0.000,0,0,yolo,125.9,yolo,1,1,0,0.000,0,-1,0
1785657895.829,-0.447,-1.131,25.202,0.9998,0,4.613,-1.036,0.790,0.2679,5.634,-0.026,0.546,0.939,-0.265,-5.803,0.0000,0.0000,0.362,0.362,1.022,1.742,1.793,-2.167,0.0038,0.657,nan,0.00,1,1,1,0,0,0.0000,0.000,0,0.000,0,0.000,0,0,yolo,125.9,yolo,1,1,0,0.000,0,-1,0
1785657895.862,-0.787,-1.245,25.206,0.9997,0,4.772,-0.876,0.548,0.2678,5.634,-0.026,0.546,0.939,-0.265,-5.559,-0.0129,-0.0073,0.349,0.349,1.015,1.742,1.781,-2.121,0.0037,0.669,nan,0.00,1,1,1,0,0,0.0000,0.000,0,0.000,0,0.000,0,0,yolo,125.9,yolo,1,1,0,0.000,0,-1,0
1785657895.905,-1.301,-1.333,25.125,0.9995,0,4.019,-0.865,0.810,0.2678,5.494,-0.050,0.506,0.916,-0.517,-5.319,0.1817,0.2541,0.332,0.231,1.008,1.742,1.815,-2.197,0.0037,0.635,nan,0.00,1,1,1,1,0,0.0000,0.000,0,0.000,0,0.000,0,0,yolo,114.1,yolo,1,1,0,0.000,0,-1,0
1785657895.936,-1.683,-1.415,25.056,0.9993,0,4.386,-0.747,0.752,0.2678,5.494,-0.050,0.506,0.916,-0.517,-6.070,0.0838,-0.0065,0.315,0.315,1.001,1.743,1.807,-2.162,0.0036,0.643,nan,0.00,1,1,1,0,0,0.0000,0.000,0,0.000,0,0.000,1,0,yolo,114.1,yolo,1,1,0,0.000,0,-1,0
1785657895.964,-2.110,-1.488,24.993,0.9990,0,3.559,-0.639,0.708,0.2678,5.494,-0.050,0.506,0.916,-0.517,-5.669,0.0625,-0.0128,0.293,0.293,0.995,1.744,1.800,-2.127,0.0036,0.650,nan,0.00,1,1,1,0,1,0.0000,0.249,0,0.040,1,0.911,0,0,yolo,114.1,yolo,1,1,0,0.000,0,-1,0
1785657896.002,-2.522,-1.557,24.935,0.9987,0,3.811,-0.687,0.850,0.2845,5.377,-0.070,0.448,0.896,-0.745,-6.333,0.3206,0.8090,0.270,0.225,0.989,1.746,1.854,-2.244,0.0035,0.596,nan,0.00,1,1,1,1,1,0.0000,0.332,0,0.040,2,0.902,0,0,yolo,115.9,yolo,1,1,0,0.000,0,-1,0
1785657896.041,-2.890,-1.626,24.869,0.9983,0,2.386,-0.582,0.770,0.2679,5.377,-0.070,0.448,0.896,-0.745,-5.276,0.0202,-0.0101,0.246,0.246,0.979,1.748,1.847,-2.208,0.0034,0.603,nan,0.00,1,1,1,0,1,0.0000,0.332,0,0.040,2,0.902,0,0,yolo,115.9,yolo,1,1,0,0.000,0,-1,0
1785657896.073,-2.890,-1.626,24.869,0.9983,0,2.386,-0.594,0.710,0.2678,5.377,-0.070,0.448,0.896,-0.745,-5.276,0.0202,-0.0101,0.246,0.246,0.979,1.748,1.847,-2.220,0.0034,0.603,nan,0.00,1,1,1,0,1,0.0000,0.339,0,0.049,2,0.890,0,0,yolo,115.9,yolo,1,1,0,0.000,0,-1,0
1785657896.108,-3.130,-1.690,24.795,0.9981,0,1.657,-0.490,0.665,0.2678,5.377,-0.070,0.448,0.896,-0.745,-4.787,-0.0058,-0.0208,0.220,0.220,0.968,1.751,1.841,-2.180,0.0033,0.609,nan,0.00,1,1,1,0,1,0.0000,0.339,0,0.049,2,0.890,1,0,yolo,115.9,yolo,1,1,0,0.000,0,-1,0
1785657896.152,-3.376,-1.753,24.736,0.9978,0,1.480,-0.616,0.752,0.2809,5.222,-0.082,0.360,0.870,-0.902,-4.856,0.1071,0.6392,0.193,0.170,0.961,1.753,1.926,-2.369,0.0033,0.524,nan,0.00,1,1,1,1,1,0.0000,0.337,0,0.046,2,0.860,0,0,yolo,111.0,yolo,1,1,0,0.000,0,-1,0
1785657896.181,-3.540,-1.804,24.682,0.9976,0,0.777,-0.530,0.729,0.2679,5.222,-0.082,0.360,0.870,-0.902,-4.317,-0.0039,-0.0058,0.166,0.166,0.955,1.757,1.921,-2.334,0.0032,0.529,nan,0.00,1,1,1,0,1,0.0000,0.338,0,0.047,2,0.841,0,0,yolo,111.0,yolo,1,1,0,0.000,0,-1,0
1785657896.212,-3.620,-1.859,24.625,0.9975,0,0.240,-0.441,0.712,0.2678,5.222,-0.082,0.360,0.870,-0.902,-3.860,-0.0284,-0.0104,0.141,0.141,0.950,1.760,1.916,-2.300,0.0032,0.534,nan,0.00,1,1,1,0,1,0.0000,0.339,0,0.048,2,0.826,0,0,yolo,111.0,yolo,1,1,0,0.000,0,-1,0
1785657896.243,-3.649,-1.905,24.566,0.9974,0,0.742,-0.595,0.611,0.2845,5.030,-0.088,0.267,0.838,-1.007,-4.391,0.1384,1.4262,0.118,0.119,0.950,1.763,2.011,-2.500,0.0031,0.439,nan,0.00,1,1,1,1,1,0.0000,0.339,0,0.048,2,0.826,0,0,yolo,114.1,yolo,1,1,0,0.000,0,-1,0
1785657896.274,-3.649,-1.905,24.566,0.9974,0,0.142,-0.595,0.503,0.2678,5.030,-0.088,0.267,0.838,-1.007,-3.791,-0.0011,0.0000,0.118,0.118,0.950,1.763,2.011,-2.500,0.0031,0.439,nan,0.00,1,1,1,0,1,0.0000,0.254,0,0.049,1,0.808,0,0,yolo,114.1,yolo,1,1,0,0.000,0,-1,0
1785657896.310,-3.746,-1.975,24.510,0.9973,0,-0.489,-0.514,0.423,0.2678,5.030,-0.088,0.267,0.838,-1.007,-3.258,-0.0299,-0.0059,0.089,0.089,0.944,1.768,2.005,-2.489,0.0030,0.445,nan,0.00,1,1,1,0,1,0.0000,0.254,0,0.049,1,0.808,2,0,yolo,114.1,yolo,1,1,0,0.000,0,-1,0
1785657896.336,-3.687,-2.034,24.474,0.9973,0,-0.925,-0.404,0.362,0.2677,5.030,-0.088,0.267,0.838,-1.007,-2.761,-0.0567,-0.0133,0.062,0.062,0.937,1.774,2.000,-2.437,0.0030,0.450,nan,0.00,1,1,1,0,1,0.0000,0.253,0,0.047,1,0.802,0,0,yolo,114.1,yolo,1,1,0,0.000,0,-1,0
1785657896.368,-3.687,-2.034,24.474,0.9973,0,-0.874,-0.466,0.338,0.2817,4.904,-0.080,0.180,0.817,-0.939,-2.813,-0.0349,0.5508,0.062,0.072,0.937,1.774,2.075,-2.500,0.0029,0.358,nan,0.00,1,1,1,1,1,0.0000,0.253,0,0.047,1,0.802,1,0,yolo,123.0,yolo,1,1,0,0.000,0,-1,0
1785657896.397,-3.607,-2.074,24.447,0.9974,0,-1.253,-0.426,0.424,0.2676,4.904,-0.080,0.180,0.817,-0.939,-2.354,-0.0327,-0.0053,0.040,0.040,0.932,1.778,2.071,-2.500,0.0029,0.362,nan,0.00,1,1,1,0,1,0.0000,0.254,0,0.048,1,0.795,0,0,yolo,123.0,yolo,1,1,0,0.000,0,-1,0
1785657896.429,-3.478,-2.125,24.410,0.9975,0,-1.555,-0.375,0.488,0.2675,4.904,-0.080,0.180,0.817,-0.939,-1.923,-0.0561,-0.0104,0.016,0.016,0.927,1.784,2.067,-2.500,0.0029,0.366,nan,0.00,1,1,1,0,1,0.0000,0.252,0,0.045,1,0.789,0,0,yolo,123.0,yolo,1,1,0,0.000,0,-1,0
1785657896.461,-3.478,-2.125,24.410,0.9975,0,-1.555,-0.375,0.536,0.2675,4.904,-0.080,0.180,0.817,-0.939,-1.923,-0.0561,-0.0104,0.016,0.016,0.927,1.784,2.067,-2.500,0.0028,0.366,nan,0.00,1,1,1,0,1,0.0000,0.253,0,0.047,1,0.782,0,0,yolo,123.0,yolo,1,1,0,0.000,0,-1,0
1785657896.493,-3.314,-2.169,24.363,0.9976,0,-1.994,-0.331,0.189,0.2842,4.789,-0.067,0.065,0.798,-0.798,-1.319,-0.1175,1.1626,-0.005,0.014,0.922,1.790,2.158,-2.500,0.0028,0.250,nan,0.00,1,1,1,1,1,0.0000,0.253,0,0.047,1,0.782,0,0,yolo,117.1,yolo,1,1,0,0.000,0,-1,0
1785657896.525,-3.163,-2.211,24.316,0.9977,0,-2.047,-0.289,0.044,0.2675,4.789,-0.067,0.065,0.798,-0.798,-1.116,-0.0367,0.0012,-0.023,-0.023,0.923,1.796,2.155,-2.500,0.0028,0.253,nan,0.00,1,1,1,0,1,0.0000,0.252,0,0.045,1,0.775,0,0,yolo,117.1,yolo,1,1,0,0.000,0,-1,0
1785657896.562,-2.950,-2.243,24.306,0.9979,0,-2.154,-0.257,-0.064,0.2673,4.789,-0.067,0.065,0.798,-0.798,-0.796,-0.0542,0.0011,-0.041,-0.041,0.923,1.802,2.153,-2.500,0.0028,0.255,nan,0.00,1,1,1,0,1,0.0000,0.252,0,0.045,1,0.775,3,0,yolo,117.1,yolo,1,1,0,0.000,0,-1,0
1785657896.608,-2.749,-2.272,24.304,0.9981,0,-2.221,-0.228,-0.146,0.2672,4.789,-0.067,0.065,0.798,-0.798,-0.528,-0.0688,-0.0016,-0.055,-0.055,0.920,1.807,2.151,-2.500,0.0027,0.257,nan,0.00,1,1,1,0,0,0.0000,0.000,0,0.000,0,0.000,0,0,yolo,117.1,yolo,1,1,0,0.000,0,-1,0
1785657896.640,-2.544,-2.294,24.318,0.9982,0,-2.253,-0.206,-0.207,0.2672,4.789,-0.067,0.065,0.798,-0.798,-0.292,-0.0817,-0.0063,-0.068,-0.068,0.916,1.813,2.149,-2.500,0.0027,0.259,nan,0.00,1,1,1,0,0,0.0000,0.000,0,0.000,0,0.000,1,0,yolo,117.1,yolo,1,1,0,0.000,0,-1,0
1785657896.681,-2.337,-2.313,24.335,0.9984,0,-2.254,-0.187,-0.253,0.2671,4.789,-0.067,0.065,0.798,-0.798,-0.083,-0.0931,-0.0112,-0.080,-0.080,0.911,1.818,2.148,-2.500,0.0027,0.260,nan,0.00,1,1,1,0,1,0.0000,0.294,0,0.114,1,0.766,0,0,yolo,117.1,yolo,1,1,0,0.000,0,-1,0
1785657896.715,-2.131,-2.331,24.357,0.9985,0,-2.233,-0.169,-0.287,0.2671,4.789,-0.067,0.065,0.798,-0.798,0.101,-0.1032,-0.0160,-0.090,-0.090,0.906,1.823,2.147,-2.500,0.0027,0.262,nan,0.00,1,1,1,0,1,0.0000,0.260,0,0.144,2,0.764,0,0,yolo,117.1,yolo,1,1,0,0.000,0,-1,0
1785657896.745,-1.905,-2.348,24.385,0.9986,0,-2.189,-0.152,-0.313,0.2670,4.789,-0.067,0.065,0.798,-0.798,0.284,-0.1131,-0.0214,-0.100,-0.100,0.900,1.829,2.145,-2.500,0.0026,0.263,nan,0.00,1,1,1,0,1,0.0000,0.519,0,0.144,2,0.764,0,0,yolo,117.1,yolo,1,1,0,0.000,0,-1,0
1785657896.777,-1.905,-2.348,24.385,0.9986,0,-2.189,-0.152,-0.332,0.2670,4.789,-0.067,0.065,0.798,-0.798,0.284,-0.1131,-0.0214,-0.100,-0.100,0.900,1.829,2.145,-2.500,0.0026,0.263,nan,0.00,1,1,1,0,1,0.0000,0.519,0,0.144,2,0.760,0,0,yolo,117.1,yolo,1,1,0,0.000,0,-1,0
1785657896.816,-1.686,-2.364,24.414,0.9987,0,-3.689,0.333,-1.832,0.2761,3.760,0.141,-0.455,0.627,2.146,4.903,-0.0000,-0.0000,-0.108,-0.108,0.895,1.835,1.912,-2.031,0.0026,-0.303,nan,0.00,1,1,1,1,1,0.0000,0.207,0,0.143,1,0.747,0,0,yolo,110.1,yolo,1,1,0,0.000,0,-1,0
1785657896.861,-1.347,-2.337,24.515,0.9989,0,-5.189,0.323,-3.332,0.2758,3.760,0.141,-0.455,0.627,2.146,5.007,-0.0060,-0.0073,-0.114,-0.114,0.888,1.840,1.911,-2.014,0.0027,-0.304,nan,0.00,1,1,1,0,1,0.0000,0.207,0,0.143,1,0.747,1,0,yolo,110.1,yolo,1,1,0,0.000,0,-1,0
1785657896.893,-0.975,-2.299,24.722,0.9991,0,-6.095,0.296,-3.675,0.2753,3.760,0.141,-0.455,0.627,2.146,5.119,-0.0124,-0.0189,-0.120,-0.120,0.876,1.844,1.910,-2.003,0.0027,-0.306,nan,0.00,1,1,1,0,1,0.0000,0.165,0,0.038,2,0.689,1,0,yolo,110.1,yolo,1,1,0,0.000,0,-1,0
1785657896.920,-0.335,-2.270,25.050,0.9992,0,-6.285,0.376,-3.791,0.2919,3.646,0.156,-0.478,0.608,2.450,5.950,-0.2907,0.4211,-0.122,-0.094,0.860,1.848,1.868,-1.894,0.0027,-0.334,nan,0.00,1,1,1,1,1,0.0000,0.168,0,0.045,2,0.674,0,0,yolo,113.8,yolo,1,1,0,0.000,0,-1,0
1785657896.956,0.245,-2.235,25.404,0.9992,0,-5.285,0.335,-3.681,0.2760,3.646,0.156,-0.478,0.608,2.450,5.530,-0.0267,-0.0227,-0.121,-0.121,0.838,1.851,1.868,-1.900,0.0028,-0.335,nan,0.00,1,1,1,0,1,0.0000,0.344,0,0.055,2,0.661,0,0,yolo,113.8,yolo,1,1,0,0.000,0,-1,0
1785657897.006,0.737,-2.206,25.735,0.9992,0,-4.722,0.304,-3.598,0.2748,3.646,0.156,-0.478,0.608,2.450,5.459,-0.0226,-0.0511,-0.117,-0.117,0.809,1.854,1.867,-1.901,0.0028,-0.335,nan,0.00,1,1,1,0,1,0.0000,0.250,0,0.126,2,0.668,0,0,yolo,113.8,yolo,1,1,0,0.000,0,-1,0
1785657897.051,1.172,-2.183,26.036,0.9991,0,-5.213,0.417,-3.854,0.2882,3.487,0.183,-0.509,0.581,2.996,6.386,-0.1994,0.2213,-0.110,-0.102,0.783,1.857,1.812,-1.766,0.0028,-0.372,nan,0.00,1,1,1,1,1,0.0000,0.501,0,0.126,2,0.668,1,0,yolo,114.7,yolo,1,1,0,0.000,0,-1,0
1785657897.093,1.646,-2.154,26.349,0.9989,0,-4.131,0.383,-3.750,0.2770,3.487,0.183,-0.509,0.581,2.996,5.778,0.0017,-0.0294,-0.100,-0.100,0.753,1.860,1.812,-1.771,0.0029,-0.372,nan,0.00,1,1,1,0,1,0.0000,0.622,0,0.143,3,0.664,0,0,yolo,114.7,yolo,1,1,0,0.000,0,-1,0
1785657897.119,2.050,-2.127,26.707,0.9987,0,-3.530,0.357,-3.672,0.2756,3.487,0.183,-0.509,0.581,2.996,5.580,0.0132,-0.0628,-0.089,-0.089,0.720,1.862,1.812,-1.770,0.0029,-0.372,nan,0.00,1,1,1,0,1,0.0000,0.521,0,0.146,2,0.669,0,0,yolo,114.7,yolo,1,1,0,0.000,0,-1,0
1785657897.161,2.377,-2.106,27.024,0.9985,0,-4.417,0.523,-3.836,0.2923,3.289,0.204,-0.563,0.548,3.541,6.794,-0.2346,0.4553,-0.076,-0.091,0.695,1.864,1.737,-1.583,0.0029,-0.433,nan,0.00,1,1,1,1,1,0.0000,0.521,0,0.146,2,0.669,3,0,yolo,109.2,yolo,1,1,0,0.000,0,-1,0
1785657897.202,2.788,-2.072,27.338,0.9982,0,-2.917,0.486,-3.695,0.2793,3.289,0.204,-0.563,0.548,3.541,5.638,0.0302,-0.0278,-0.061,-0.061,0.667,1.866,1.737,-1.586,0.0030,-0.433,nan,0.00,1,1,1,0,1,0.0000,0.422,0,0.153,1,0.652,0,0,yolo,109.2,yolo,1,1,0,0.000,0,-1,0
1785657897.234,3.077,-2.041,27.663,0.9979,0,-2.297,0.454,-3.590,0.2778,3.289,0.204,-0.563,0.548,3.541,5.374,0.0458,-0.0625,-0.045,-0.045,0.633,1.868,1.737,-1.587,0.0030,-0.434,nan,0.00,1,1,1,0,1,0.0000,0.327,0,0.170,2,0.629,0,0,yolo,109.2,yolo,1,1,0,0.000,0,-1,0
1785657897.272,3.077,-2.041,27.663,0.9979,0,-3.797,0.596,-3.708,0.2945,3.101,0.217,-0.616,0.517,4.001,7.339,-0.3728,0.8720,-0.045,-0.085,0.633,1.868,1.670,-1.445,0.0031,-0.492,nan,0.00,1,1,1,1,1,0.0000,0.554,0,0.179,1,0.601,0,0,yolo,112.5,yolo,1,1,0,0.000,0,-1,0
1785657897.317,3.640,-1.980,28.261,0.9974,0,-2.297,0.564,-3.616,0.2795,3.101,0.217,-0.616,0.517,4.001,5.127,0.0742,-0.0709,-0.011,-0.011,0.562,1.872,1.669,-1.416,0.0031,-0.493,nan,0.00,1,1,1,0,1,0.0000,0.554,0,0.179,1,0.601,2,0,yolo,112.5,yolo,1,1,0,0.000,0,-1,0
1785657897.344,3.640,-1.980,28.261,0.9974,0,-1.487,0.541,-3.548,0.2795,3.101,0.217,-0.616,0.517,4.001,5.127,0.0742,-0.0709,-0.011,-0.011,0.562,1.872,1.669,-1.439,0.0032,-0.493,nan,0.00,1,1,1,0,1,0.0000,0.177,0,0.215,1,0.555,0,0,yolo,112.5,yolo,1,1,0,0.000,0,-1,0
1785657897.374,3.850,-1.946,28.592,0.9972,0,-2.285,0.698,-3.683,0.2962,2.876,0.221,-0.678,0.479,4.395,6.136,-0.1487,0.5266,0.010,-0.036,0.523,1.873,1.595,-1.248,0.0032,-0.563,nan,0.00,1,1,1,1,1,1.2328,0.188,1,0.256,0,0.522,0,0,yolo,117.9,yolo,1,1,0,0.000,0,-1,0
1785657897.407,3.986,-1.916,28.902,0.9970,0,-0.785,0.673,-3.670,0.2835,2.876,0.221,-0.678,0.479,4.395,4.685,0.0658,-0.0339,0.030,0.030,0.489,1.875,1.595,-1.242,0.0033,-0.564,nan,0.00,1,1,1,0,1,1.2328,0.375,1,0.256,0,0.522,0,0,yolo,117.9,yolo,1,1,0,0.000,0,-1,0
1785657897.438,4.060,-1.871,29.226,0.9970,0,-0.292,0.632,-3.659,0.2821,2.876,0.221,-0.678,0.479,4.395,4.352,0.0857,-0.0691,0.050,0.050,0.454,1.876,1.593,-1.239,0.0034,-0.566,nan,0.00,1,1,1,0,1,1.2295,0.375,1,0.270,0,0.507,0,0,yolo,117.9,yolo,1,1,0,0.000,0,-1,0
1785657897.475,4.087,-1.835,29.539,0.9969,0,0.041,0.598,-3.652,0.2805,2.876,0.221,-0.678,0.479,4.395,4.046,0.1041,-0.1064,0.068,0.068,0.416,1.877,1.592,-1.237,0.0034,-0.568,nan,0.00,1,1,1,0,1,1.2271,0.375,1,0.270,0,0.507,2,0,yolo,117.9,yolo,1,1,0,0.000,0,-1,0
1785657897.516,4.086,-1.805,29.819,0.9970,0,0.309,0.569,-3.646,0.2792,2.876,0.221,-0.678,0.479,4.395,3.776,0.1203,-0.1365,0.084,0.084,0.386,1.879,1.592,-1.236,0.0035,-0.569,nan,0.00,1,1,1,0,1,0.0000,0.500,0,0.365,1,0.289,0,0,yolo,117.9,yolo,1,1,0,0.000,0,-1,0
1785657897.546,4.057,-1.774,30.123,0.9970,0,0.567,0.541,-3.642,0.2779,2.876,0.221,-0.678,0.479,4.395,3.490,0.1375,-0.1689,0.102,0.102,0.354,1.880,1.591,-1.233,0.0035,-0.571,nan,0.00,1,1,1,0,1,0.0000,0.800,0,0.431,3,0.248,0,0,yolo,117.9,yolo,1,1,0,0.000,0,-1,0
1785657897.586,4.003,-1.744,30.438,0.9971,0,0.799,0.514,-3.638,0.2764,2.876,0.221,-0.678,0.479,4.395,3.204,0.1547,-0.2029,0.119,0.119,0.320,1.881,1.590,-1.230,0.0036,-0.573,nan,0.00,1,1,1,0,1,0.0000,0.750,0,0.589,3,0.141,0,0,yolo,117.9,yolo,1,1,0,0.000,0,-1,0
1785657897.623,3.929,-1.717,30.742,0.9972,0,2.299,0.073,-2.138,0.2931,4.000,-0.096,0.000,0.667,-1.377,-4.219,-0.0000,0.2911,0.134,0.134,0.291,1.882,1.756,-1.644,0.0036,-0.556,nan,0.00,1,1,0,1,1,0.0000,0.750,0,0.589,3,0.141,0,1,blueline,,BLUELINE,1,1,0,0.000,0,-1,0
1785657897.654,3.730,-1.724,30.947,0.9974,0,0.799,0.049,-0.638,0.2963,4.000,-0.032,0.000,0.667,-0.460,3.481,-1.9197,0.2621,0.150,0.150,0.262,1.883,1.769,-1.675,0.0036,-0.539,nan,0.00,1,1,0,1,1,0.0000,0.786,0,0.674,4,0.076,0,0,blueline,,BLUELINE,1,1,0,0.000,0,-1,0
1785657897.693,3.664,-1.723,31.003,0.9975,0,-0.701,1.470,-2.138,0.2942,4.000,2.368,0.000,0.667,25.000,14.000,-0.0000,0.2274,0.171,0.171,0.227,1.884,1.200,-0.253,0.0036,-0.523,nan,0.00,1,1,0,1,1,0.0000,0.786,0,0.678,4,-0.036,0,1,track,,TRACK,1,1,0,0.000,0,-1,0
1785657897.731,3.732,-1.603,31.093,0.9975,0,-2.201,1.337,-3.638,0.2919,4.000,2.368,0.000,0.667,25.000,14.000,0.0199,0.1869,0.191,0.191,0.187,1.884,1.200,-0.266,0.0036,-0.507,nan,0.00,1,1,0,0,1,0.0000,0.786,0,0.678,4,-0.036,0,0,track,,TRACK,1,1,0,0.000,0,-1,0
1785657897.763,3.813,-1.468,31.219,0.9975,0,-0.701,-0.163,-2.138,0.2892,4.000,-0.140,0.000,0.667,-2.005,-6.355,-0.0000,0.1366,0.211,0.211,0.137,1.883,1.807,-1.799,0.0036,-0.492,nan,0.00,1,1,0,1,1,0.0000,0.556,0,0.824,1,-0.176,0,1,blueline,,BLUELINE,1,1,0,0.000,0,-1,0
1785657897.795,3.866,-1.503,31.477,0.9974,0,-1.348,1.222,-2.505,0.2862,4.000,0.175,0.000,0.233,2.505,5.214,-4.1888,0.0788,0.226,0.226,0.079,1.883,1.200,-0.281,0.0036,-0.477,nan,0.00,0,1,0,1,1,0.0000,0.333,0,0.841,3,-0.175,0,0,blueline,,BLUELINE,1,1,0,0.000,0,-1,0
1785657897.826,3.866,-1.503,31.477,0.9974,0,0.152,1.219,-2.505,0.2858,4.000,0.175,0.000,0.233,2.505,0.327,0.0000,0.0788,0.226,0.226,0.079,1.883,1.200,-0.285,0.0036,-0.463,nan,0.00,0,1,0,0,1,0.0000,0.333,0,0.841,3,-0.175,0,0,blueline,,BLUELINE,1,1,0,0.000,0,-1,0
1785657897.857,3.968,-1.414,31.641,0.9973,0,-1.348,1.119,-4.005,0.2830,4.000,0.805,0.000,0.233,11.379,10.332,-4.1888,0.0259,0.246,0.246,0.026,1.883,1.200,-0.295,0.0036,-0.449,nan,0.00,0,1,0,1,1,0.0000,0.333,0,0.846,3,-0.182,0,0,blueline,,BLUELINE,1,1,0,0.000,0,-1,0
1785657897.889,3.964,-1.317,31.810,0.9973,0,-2.848,0.290,-5.505,0.2805,4.000,0.901,0.000,0.667,12.699,14.000,-2.7652,-0.0191,0.264,0.264,-0.019,1.882,1.488,-1.027,0.0036,-0.435,nan,0.00,1,1,0,1,1,0.0000,0.688,0,0.493,3,-0.192,0,0,blueline,,BLUELINE,1,1,0,0.000,0,-1,0
1785657897.922,4.069,-1.245,32.109,0.9972,0,-4.348,0.929,-7.005,0.2783,4.000,2.567,0.000,0.667,25.000,14.000,-4.1888,-0.0611,0.280,0.280,-0.061,1.881,1.200,-0.316,0.0036,-0.422,nan,8.00,1,1,0,1,1,0.4865,0.786,1,0.444,4,-0.203,0,0,blueline,,BLUELINE,1,1,0,0.000,0,-1,0
1785657897.953,4.443,-1.209,32.641,0.9968,0,-5.848,0.901,-8.505,0.2766,4.000,2.678,0.000,0.667,25.000,14.000,-0.0000,-0.0929,0.290,0.290,-0.093,1.881,1.200,-0.308,0.0036,-0.410,nan,8.00,1,1,0,1,1,0.5150,0.857,1,0.444,5,-0.200,0,0,blueline,,BLUELINE,1,1,0,0.000,0,-1,0
1785657897.984,4.979,-1.190,33.425,0.9960,0,-7.348,0.900,-10.005,0.2753,4.000,2.795,0.000,0.667,25.000,14.000,-0.0000,-0.1187,0.297,0.297,-0.119,1.882,1.200,-0.290,0.0036,-0.397,nan,8.00,1,1,0,1,1,0.4898,0.929,1,0.435,6,-0.173,0,0,blueline,,BLUELINE,1,1,0,0.000,0,-1,0
1785657898.015,5.583,-1.188,34.221,0.9950,0,-8.417,0.917,-11.505,0.2744,4.000,2.795,0.000,0.667,25.000,14.000,0.0070,-0.1366,0.303,0.303,-0.137,1.884,1.200,-0.270,0.0036,-0.385,nan,8.00,1,1,0,0,1,0.4709,0.929,1,0.435,6,-0.173,0,0,blueline,,BLUELINE,1,1,0,0.000,0,-1,0
1785657898.046,6.234,-1.203,35.054,0.9939,0,-7.766,0.955,-13.005,0.2738,4.000,2.786,0.000,0.667,25.000,14.000,-0.0000,-0.1486,0.311,0.311,-0.149,1.886,1.200,-0.248,0.0036,-0.374,nan,8.00,1,1,0,1,1,0.4568,0.929,1,0.435,6,-0.173,0,0,blueline,,BLUELINE,1,1,0,0.000,0,-1,0
1785657898.077,6.872,-1.241,36.098,0.9926,0,-7.128,1.028,-14.505,0.2734,4.000,3.264,0.000,0.667,25.000,14.000,-0.0000,-0.1578,0.318,0.318,-0.158,1.889,1.200,-0.212,0.0036,-0.363,nan,8.00,1,1,0,1,1,0.5496,0.786,1,0.431,4,-0.278,0,0,blueline,,BLUELINE,1,1,0,0.000,0,-1,0
1785657898.108,6.872,-1.241,36.098,0.9926,0,-7.128,1.009,-16.005,0.2731,4.000,3.369,0.000,0.667,25.000,14.000,-0.0000,-0.1578,0.318,0.318,-0.158,1.889,1.200,-0.232,0.0036,-0.352,nan,8.00,1,1,0,1,1,0.6301,0.833,1,0.377,4,-0.382,0,0,blueline,,BLUELINE,1,1,0,0.000,0,-1,0
1785657898.141,7.450,-1.299,37.267,0.9913,0,-6.550,1.116,-17.505,0.2727,4.000,3.382,0.000,0.667,25.000,14.000,-0.0000,-0.1663,0.324,0.324,-0.166,1.894,1.200,-0.183,0.0036,-0.341,nan,8.00,1,1,0,1,1,0.6745,0.667,1,0.359,2,-0.308,0,0,blueline,,BLUELINE,1,1,0,0.000,0,-1,0
1785657898.171,8.040,-1.389,38.566,0.9899,0,-5.960,1.262,-16.005,0.2724,4.000,3.072,0.000,0.233,25.000,14.000,-0.0000,-0.1753,0.331,0.331,-0.175,1.900,1.200,-0.127,0.0036,-0.331,nan,0.00,0,1,0,1,1,0.6252,0.250,1,0.299,0,-0.337,0,0,blueline,,BLUELINE,1,1,0,0.000,0,-1,0
1785657898.204,8.692,0.022,29.694,0.9885,0,-5.308,-0.238,-14.505,0.2693,4.000,3.072,0.000,0.233,25.000,14.000,0.3425,-0.2455,0.673,0.673,-0.245,1.821,1.200,-1.221,0.0036,-0.321,nan,0.00,0,1,0,0,1,0.5633,0.250,1,0.299,0,-0.337,0,0,blueline,,BLUELINE,1,1,0,0.000,0,-1,0
1785657898.235,9.590,0.361,29.932,0.9860,0,-3.808,-1.375,-13.005,0.2629,4.000,2.085,0.000,0.233,25.000,13.099,-0.0000,-0.3932,0.719,0.719,-0.393,1.819,1.200,-1.014,0.0036,-0.311,nan,0.00,0,1,0,1,1,0.5200,0.250,1,0.270,0,-0.389,0,0,blueline,,BLUELINE,1,1,0,0.000,0,-1,0
1785657898.273,9.921,-0.456,33.834,0.9850,0,-2.308,0.125,-11.505,0.2568,0.741,-0.056,-0.088,0.043,-4.353,-1.485,-0.0000,-0.5262,0.655,0.314,-0.526,1.863,1.200,-0.252,0.0036,-0.302,nan,0.00,0,1,0,1,0,0.0000,0.000,0,0.000,0,0.000,0,1,hsv,,hsv,1,1,0,0.000,0,-1,0
1785657898.305,10.668,-0.289,33.323,0.9827,0,-0.808,-0.031,-10.005,0.2511,0.744,-0.035,-0.071,0.043,-2.675,-1.203,-0.6536,-0.6583,0.733,0.322,-0.658,1.860,1.200,-0.320,0.0036,-0.293,nan,0.00,0,1,0,1,0,0.0000,0.000,0,0.000,0,0.000,0,0,hsv,,hsv,1,1,0,0.000,0,-1,0
1785657898.337,11.003,-0.288,32.718,0.9816,0,0.692,-0.456,-8.505,0.2468,0.745,-0.019,-0.071,0.043,-1.472,-1.284,-0.4694,-0.7523,0.802,0.367,-0.752,1.829,1.200,-0.743,0.0036,-0.284,nan,0.00,0,1,0,1,0,0.0000,0.000,0,0.000,0,0.000,0,0,hsv,,hsv,1,1,0,0.000,0,-1,0
1785657898.366,11.011,-0.286,32.731,0.9816,0,2.192,-0.364,-7.005,0.2465,0.741,0.005,-0.096,0.043,0.355,-0.841,-0.7089,-0.7522,0.802,0.308,-0.752,1.829,1.200,-0.650,0.0036,-0.276,nan,0.00,0,1,0,1,1,0.0000,0.164,0,0.035,0,-0.391,0,0,hsv,,hsv,1,1,0,0.000,0,-1,0
1785657898.394,11.081,-0.509,34.262,0.9813,0,3.692,-0.100,-5.505,0.2531,0.741,0.005,-0.096,0.043,0.355,-2.665,0.5038,-0.6050,0.811,0.811,-0.605,1.827,1.200,-0.610,0.0036,-0.267,nan,0.00,0,1,0,0,1,0.0000,0.164,0,0.035,0,-0.391,0,0,hsv,,hsv,1,1,0,0.000,0,-1,0
1785657898.426,10.789,-0.532,34.629,0.9823,0,5.192,-0.267,-4.005,0.2599,0.741,0.005,-0.096,0.043,0.355,-2.822,0.5535,-0.4467,0.861,0.861,-0.447,1.809,1.200,-0.800,0.0036,-0.259,nan,0.00,0,1,0,0,1,0.0000,0.164,0,0.035,0,-0.391,0,0,hsv,,hsv,1,1,0,0.000,0,-1,0
1785657898.456,10.368,-0.530,34.823,0.9836,0,6.692,-0.079,-2.505,0.2650,4.000,-0.891,0.000,0.233,-12.557,-11.609,-0.0000,-0.3206,0.929,0.929,-0.321,1.816,1.200,-0.609,0.0036,-0.252,nan,0.00,0,1,0,1,1,0.0000,0.301,0,0.127,0,0.001,0,1,blueline,,BLUELINE,1,1,0,0.000,0,-1,0
1785657898.496,10.368,-0.530,34.823,0.9836,0,8.192,-0.034,-1.005,0.2648,4.000,-0.478,0.000,0.233,-6.817,-8.465,-0.0000,-0.3206,0.929,0.929,-0.321,1.816,1.200,-0.565,0.0036,-0.244,nan,0.00,0,1,0,1,1,0.0000,0.451,0,0.189,0,0.073,0,1,track,,TRACK,1,1,0,0.000,0,-1,0
1785657898.535,9.790,-0.540,35.095,0.9854,0,9.692,0.115,0.495,0.2682,4.000,-0.478,0.000,0.233,-6.817,-8.815,0.0597,-0.2303,0.988,0.988,-0.230,1.824,1.200,-0.425,0.0036,-0.237,nan,0.00,0,1,0,0,1,0.0000,0.451,0,0.189,0,0.073,0,0,track,,TRACK,1,1,0,0.000,0,-1,0
1785657898.566,9.025,-0.528,35.245,0.9876,0,11.192,0.184,1.995,0.2701,4.000,-1.524,0.000,0.233,-20.851,-14.000,-0.0000,-0.1710,1.050,1.050,-0.171,1.830,1.200,-0.344,0.0036,-0.230,nan,0.00,0,1,0,1,1,0.0000,0.439,0,0.174,0,0.197,0,1,blueline,,BLUELINE,1,1,0,0.000,0,-1,0
1785657898.604,7.915,-0.453,35.067,0.9904,0,10.533,0.084,0.495,0.2695,0.718,0.052,-0.186,0.042,4.161,-2.618,-0.0000,-0.1634,1.112,1.112,-0.163,1.830,1.200,-0.369,0.0036,-0.223,nan,0.00,0,1,0,1,1,0.0000,0.197,0,0.118,1,0.265,0,1,hsv,,hsv,1,1,0,0.000,0,-1,0
1785657898.644,6.946,-0.395,34.936,0.9926,0,9.574,0.012,-1.005,0.2687,0.718,0.052,-0.186,0.042,4.161,-2.628,0.0506,-0.1624,1.163,1.163,-0.162,1.830,1.200,-0.384,0.0036,-0.216,nan,0.00,0,1,0,0,1,0.0000,0.197,0,0.118,1,0.265,0,0,hsv,,hsv,1,1,0,0.000,0,-1,0
1785657898.674,6.082,-0.382,35.038,0.9943,0,11.074,0.047,0.495,0.2680,4.000,-0.643,0.000,0.233,-9.127,-10.962,-0.0000,-0.1651,1.197,1.197,-0.165,1.835,1.200,-0.335,0.0036,-0.210,nan,0.00,0,1,0,1,1,0.0000,0.130,0,0.057,1,0.472,0,1,blueline,,BLUELINE,1,1,0,0.000,0,-1,0
1785657898.706,6.060,-0.590,34.926,0.9944,0,12.574,-0.547,1.995,0.2670,4.000,-0.643,0.000,0.233,-9.127,-10.916,-0.0082,-0.1821,1.189,1.189,-0.182,1.776,1.200,-1.137,0.0036,-0.203,nan,0.00,0,1,0,0,1,0.0000,0.130,0,0.057,1,0.472,0,0,blueline,,BLUELINE,1,1,0,0.000,0,-1,0
1785657898.738,6.060,-0.590,34.926,0.9944,0,11.587,-1.910,1.638,0.2668,4.000,-0.114,0.000,0.667,-1.638,-5.527,-4.1888,-0.1821,1.189,1.189,-0.182,1.776,2.000,-2.500,0.0036,-0.197,nan,0.00,1,1,0,1,1,0.0000,0.514,0,0.139,2,0.689,0,0,blueline,,BLUELINE,1,1,0,0.000,0,-1,0
1785657898.775,4.590,-0.614,34.934,0.9967,0,13.087,-0.598,0.138,0.2651,nan,nan,nan,0.000,0.000,-9.363,0.0000,-0.2015,1.170,1.170,-0.201,1.711,1.000,-1.212,0.0036,-0.191,nan,0.00,0,0,0,0,1,0.0000,0.514,0,0.139,2,0.689,1,0,,,FLYING,1,1,0,0.000,0,-1,0
1785657898.816,3.400,-0.754,34.723,0.9982,0,12.580,-1.076,0.000,0.2638,nan,nan,nan,0.000,0.000,-9.180,0.0000,-0.2194,1.148,1.148,-0.219,1.642,1.000,-1.830,0.0036,-0.186,nan,0.00,0,0,0,0,1,0.0000,0.423,0,0.154,1,0.707,0,0,,,FLYING,1,1,0,0.000,0,-1,0
1785657898.847,2.211,-0.895,34.505,0.9991,0,14.080,-1.605,1.500,0.2626,4.000,-0.685,0.000,0.667,-9.721,-14.000,-0.0000,-0.2350,1.118,1.118,-0.235,1.574,1.752,-2.500,0.0036,-0.180,nan,0.00,1,1,0,1,1,0.0000,0.830,0,0.218,3,0.466,0,0,blueline,,BLUELINE,1,1,0,0.000,0,-1,0
1785657898.879,0.849,-1.034,34.454,0.9997,0,14.849,-1.466,3.000,0.2624,4.000,-0.685,0.000,0.667,-9.721,-14.000,0.0029,-0.2334,1.121,1.121,-0.233,1.576,1.752,-2.500,0.0036,-0.175,nan,0.00,1,1,0,0,1,0.0000,0.830,0,0.218,3,0.466,0,0,blueline,,BLUELINE,1,1,0,0.000,0,-1,0
1785657898.911,-0.570,-1.162,34.208,0.9997,0,13.430,-1.338,4.500,0.2624,4.000,-0.916,0.000,0.667,-12.899,-14.000,4.1888,-0.2295,1.122,1.122,-0.229,1.578,1.540,-2.500,0.0036,-0.169,nan,0.00,1,1,0,1,1,0.0000,0.819,0,0.210,3,0.476,0,0,blueline,,BLUELINE,1,1,0,0.000,0,-1,0
1785657898.943,-0.570,-1.162,34.208,0.9997,0,13.430,-1.316,6.000,0.2623,4.000,-0.916,0.000,0.667,-12.899,-14.000,0.0000,-0.2295,1.122,1.122,-0.229,1.578,1.540,-2.479,0.0036,-0.164,nan,0.00,1,1,0,0,1,0.0000,0.819,0,0.210,3,0.476,0,0,blueline,,BLUELINE,1,1,0,0.000,0,-1,0
1785657898.982,-1.996,-1.298,33.736,0.9991,0,12.004,-1.202,7.500,0.2625,8.006,-1.728,-0.067,1.000,-12.181,-14.000,-0.0000,-0.0000,1.117,1.117,-0.222,1.578,1.685,-2.500,0.0036,0.175,nan,-8.00,1,1,1,1,1,-0.8935,0.900,1,0.279,4,0.263,0,1,yolo,100.2,yolo,1,1,0,0.000,0,-1,0
1785657899.021,-3.361,-1.447,33.193,0.9980,0,10.639,-0.964,9.000,0.2650,8.396,-1.922,-0.207,1.000,-12.891,-14.000,-0.0139,0.0090,1.103,1.103,-0.213,1.577,1.626,-2.411,0.0036,0.118,nan,-8.00,1,1,1,0,1,-0.8935,0.900,1,0.279,4,0.263,0,0,yolo,108.6,yolo,1,1,0,0.000,0,-1,0
1785657899.051,0.452,0.806,26.770,0.9999,0,12.139,-2.464,10.500,0.2749,8.396,-1.922,-0.207,1.000,-12.891,-14.000,-0.2989,-0.0651,0.818,0.818,-0.287,1.207,1.587,-2.500,0.0036,-0.340,nan,0.00,1,1,1,0,1,-0.7844,0.393,1,0.409,4,0.100,0,0,yolo,108.6,yolo,1,1,0,0.000,0,-1,0
1785657899.083,2.560,0.855,20.573,0.9989,0,13.639,-3.355,12.000,0.2714,8.396,-1.922,-0.207,1.000,-12.891,-14.000,-0.6385,-0.2004,0.478,0.478,-0.423,0.887,1.554,-2.500,0.0036,-0.418,nan,0.00,1,1,1,0,1,-0.6754,0.393,1,0.409,4,0.100,0,0,yolo,108.6,yolo,1,1,0,0.000,0,-1,0
1785657899.137,-0.683,1.877,21.007,0.9994,0,13.317,-4.377,13.500,0.2548,8.355,-2.005,-0.046,1.000,-13.493,-14.000,0.6574,-0.9182,-0.069,-0.067,-0.598,0.638,1.559,-2.500,0.0037,-0.295,nan,-8.00,1,1,1,1,1,-0.6617,0.833,1,0.347,4,0.170,0,0,yolo,105.1,yolo,1,1,0,0.000,0,-1,0
1785657899.176,-1.999,1.214,21.031,0.9992,0,12.001,-3.214,15.000,0.2661,8.355,-2.005,-0.046,1.000,-13.493,-14.000,-0.5950,-0.1420,-0.662,-0.662,-0.740,0.360,1.576,-2.000,0.0037,-0.153,nan,-8.00,1,1,1,0,1,-0.6408,0.833,1,0.347,4,0.170,0,0,yolo,105.1,yolo,1,1,0,0.000,0,-1,0
1785657899.209,-3.278,0.746,18.980,0.9983,0,10.722,-2.746,13.500,0.2828,8.317,-1.972,-0.242,1.000,-13.340,-14.000,-0.3331,1.2591,-0.795,-0.562,-0.795,0.363,1.588,-2.000,0.0037,-0.237,nan,0.00,1,1,1,1,1,0.0000,0.833,0,0.345,4,0.191,0,0,yolo,109.5,yolo,1,1,0,0.000,0,-1,0
1785657899.240,-4.405,0.382,17.577,0.9970,0,9.595,-2.382,12.000,0.2727,8.317,-1.972,-0.242,1.000,-13.340,-14.000,-0.2765,-0.0037,-0.839,-0.839,-0.798,0.379,1.588,-2.000,0.0037,-0.145,nan,0.00,1,1,1,0,1,0.0000,0.833,0,0.345,4,0.191,0,0,yolo,109.5,yolo,1,1,0,0.000,0,-1,0
1785657899.271,-4.405,0.382,17.577,0.9970,0,9.595,-2.382,12.000,0.2727,8.317,-1.972,-0.242,1.000,-13.340,-14.000,-0.2765,-0.0037,-0.839,-0.839,-0.798,0.379,1.588,-2.000,0.0037,-0.145,nan,0.00,1,1,1,0,1,0.0000,0.750,0,0.332,3,0.156,0,0,yolo,109.5,yolo,1,1,0,0.000,0,-1,0
1785657899.308,-5.404,0.036,16.718,0.9956,0,8.596,-2.036,12.000,0.2728,8.317,-1.972,-0.242,1.000,-13.340,-14.000,-0.2984,0.0457,-0.861,-0.861,-0.749,0.389,1.588,-2.000,0.0037,-0.060,nan,0.00,1,1,1,0,1,0.0000,0.750,0,0.332,3,0.156,1,0,yolo,109.5,yolo,1,1,0,0.000,0,-1,0
1785657899.350,-6.502,-0.375,15.591,0.9935,0,7.096,-1.625,10.533,0.2895,8.457,-1.572,-0.371,1.000,-10.533,0.452,-4.1427,0.7481,-0.892,-0.614,-0.697,0.406,1.822,-2.000,0.0037,-0.135,nan,0.00,1,1,1,1,1,0.0000,0.800,0,0.281,3,0.160,0,0,yolo,115.9,yolo,1,1,0,0.000,0,-1,0
1785657899.382,-7.294,-0.703,14.503,0.9918,0,6.706,-1.297,10.533,0.2728,8.457,-1.572,-0.371,1.000,-10.533,-14.000,-0.3177,0.0089,-0.931,-0.931,-0.688,0.427,1.822,-2.000,0.0038,-0.064,nan,0.00,1,1,1,0,1,-1.2956,0.400,1,0.287,3,0.158,0,0,yolo,115.9,yolo,1,1,0,0.000,0,-1,0
1785657899.413,-7.970,-0.963,13.638,0.9902,0,6.030,-1.037,12.033,0.2704,8.457,-1.572,-0.371,1.000,-10.533,-14.000,-0.3602,-0.0051,-0.974,-0.974,-0.702,0.448,1.822,-2.000,0.0038,-0.007,nan,-8.00,1,1,1,0,1,-1.2956,0.800,1,0.287,3,0.158,0,0,yolo,115.9,yolo,1,1,0,0.000,0,-1,0
1785657899.444,-8.596,-1.244,12.583,0.9885,0,4.530,-0.756,13.533,0.2870,8.542,-1.199,-0.496,1.000,-7.989,5.362,-3.7923,1.1863,-1.020,-0.642,-0.711,0.474,2.034,-2.000,0.0038,-0.125,nan,-8.00,1,1,1,1,1,-1.2956,0.800,1,0.287,3,0.158,0,0,yolo,115.3,yolo,1,1,0,0.000,0,-1,0
1785657899.481,-8.596,-1.244,12.583,0.9885,0,3.030,-0.756,15.033,0.2747,8.542,-1.199,-0.496,1.000,-7.989,-7.931,-0.3780,0.0000,-1.020,-1.020,-0.711,0.474,2.034,-2.000,0.0038,-0.125,nan,-8.00,1,1,1,0,1,-1.2910,0.900,1,0.269,4,0.201,2,0,yolo,115.3,yolo,1,1,0,0.000,0,-1,0
1785657899.507,-9.068,-1.546,11.260,0.9871,0,1.530,-0.954,15.989,0.2727,8.542,-1.199,-0.496,1.000,-7.989,-7.157,-0.4296,-0.0149,-1.072,-1.072,-0.725,0.509,2.034,-2.500,0.0038,-0.070,nan,-8.00,1,1,1,0,1,-1.2690,0.800,1,0.277,3,0.193,0,0,yolo,115.3,yolo,1,1,0,0.000,0,-1,0
1785657899.543,-9.355,-1.871,9.876,0.9862,0,0.030,-0.629,15.989,0.2705,8.542,-1.199,-0.496,1.000,-7.989,-6.381,-0.4813,-0.0339,-1.124,-1.124,-0.744,0.548,2.034,-2.500,0.0038,-0.015,nan,-8.00,1,1,1,0,1,-1.2526,0.800,1,0.277,3,0.193,2,0,yolo,115.3,yolo,1,1,0,0.000,0,-1,0
1785657899.571,-9.340,-2.174,8.466,0.9860,0,-1.470,-0.326,14.489,0.2871,8.618,-0.806,-0.608,1.000,-5.343,9.044,-2.3881,0.7604,-1.172,-1.053,-0.753,0.590,2.200,-2.500,0.0038,-0.142,nan,-8.00,1,1,1,1,1,-1.2275,0.750,1,0.346,3,0.143,0,0,yolo,122.0,yolo,1,1,0,0.000,0,-1,0
1785657899.601,-9.340,-2.174,8.466,0.9860,0,-2.970,-0.326,13.343,0.2759,8.618,-0.806,-0.608,1.000,-5.343,-1.111,-0.1193,0.0000,-1.172,-1.172,-0.753,0.590,2.200,-2.500,0.0038,-0.142,nan,-8.00,1,1,1,0,1,-1.2087,0.750,1,0.346,3,0.143,0,0,yolo,122.0,yolo,1,1,0,0.000,0,-1,0
1785657899.633,-9.159,-2.442,7.093,0.9864,0,-4.470,-0.058,13.343,0.2738,8.618,-0.806,-0.608,1.000,-5.343,-0.277,-0.1750,-0.0188,-1.228,-1.228,-0.772,0.636,2.200,-2.500,0.0038,-0.104,nan,-8.00,1,1,1,0,1,-1.2383,0.800,1,0.303,3,0.212,0,0,yolo,122.0,yolo,1,1,0,0.000,0,-1,0
1785657899.664,-8.670,-2.641,5.911,0.9875,0,-5.970,0.141,13.343,0.2722,8.618,-0.806,-0.608,1.000,-5.343,0.540,-0.2296,-0.0329,-1.282,-1.282,-0.786,0.680,2.200,-2.500,0.0038,-0.082,nan,-8.00,1,1,1,0,1,-1.2606,0.800,1,0.303,3,0.212,0,0,yolo,122.0,yolo,1,1,0,0.000,0,-1,0
1785657899.695,-8.068,-2.803,4.761,0.9889,0,-7.470,0.303,11.843,0.2889,8.693,-0.287,-0.707,1.000,-1.888,14.000,-3.9314,1.1381,-1.331,-0.953,-0.794,0.726,2.200,-2.500,0.0039,-0.234,nan,0.00,1,1,1,1,1,0.0000,0.900,0,0.303,4,0.203,0,0,yolo,117.0,yolo,1,1,0,0.000,0,-1,0
1785657899.721,-8.068,-2.803,4.761,0.9889,0,-8.970,0.303,10.343,0.2780,8.693,-0.287,-0.707,1.000,-1.888,10.318,-0.3782,0.0000,-1.331,-1.331,-0.794,0.726,2.200,-2.500,0.0039,-0.234,nan,0.00,1,1,1,0,1,0.0000,0.900,0,0.303,4,0.203,0,0,yolo,117.0,yolo,1,1,0,0.000,0,-1,0
1785657899.758,-7.367,-2.973,3.440,0.9904,0,-10.470,0.473,8.843,0.2766,8.693,-0.287,-0.707,1.000,-1.888,11.059,-0.4280,-0.0075,-1.381,-1.381,-0.802,0.781,2.200,-2.500,0.0039,-0.212,nan,0.00,1,1,1,0,1,-1.3301,0.350,1,0.296,2,0.221,0,0,yolo,117.0,yolo,1,1,0,0.000,0,-1,0
1785657899.790,-6.246,-3.027,2.637,0.9927,0,-11.970,0.527,9.888,0.2754,8.693,-0.287,-0.707,1.000,-1.888,11.813,-0.4788,-0.0194,-1.432,-1.432,-0.814,0.824,2.200,-2.500,0.0039,-0.211,nan,-8.00,1,1,1,0,1,-1.3100,0.750,1,0.346,3,0.239,0,0,yolo,117.0,yolo,1,1,0,0.000,0,-1,0
1785657899.827,-6.246,-3.027,2.637,0.9927,0,-13.470,0.527,8.388,0.2921,8.634,0.214,-0.763,1.000,1.423,14.000,-3.7421,0.8510,-1.432,-1.105,-0.814,0.824,2.125,-2.500,0.0040,-0.325,nan,-8.00,1,1,1,1,1,-1.2949,0.750,1,0.346,3,0.239,2,0,yolo,121.1,yolo,1,1,0,0.000,0,-1,0
1785657899.868,-4.676,-3.072,1.482,0.9952,0,-14.970,0.572,6.888,0.2777,8.634,0.214,-0.763,1.000,1.423,14.000,-0.3707,-0.0227,-1.475,-1.475,-0.837,0.882,2.136,-2.500,0.0040,-0.314,nan,0.00,1,1,1,0,1,0.0000,1.000,0,0.349,6,0.224,0,0,yolo,121.1,yolo,1,1,0,0.000,0,-1,0
1785657899.899,-2.910,-3.074,0.750,0.9973,0,-16.470,0.574,6.577,0.2758,8.634,0.214,-0.763,1.000,1.423,14.000,-0.4018,-0.0491,-1.506,-1.506,-0.863,0.925,2.141,-2.500,0.0040,-0.309,nan,-8.00,1,1,1,0,1,-1.2743,0.833,1,0.329,4,0.198,0,0,yolo,121.1,yolo,1,1,0,0.000,0,-1,0
1785657899.953,-1.196,-3.035,0.216,0.9984,0,-15.196,0.535,6.577,0.2745,8.634,0.214,-0.763,1.000,1.423,14.000,-0.4198,-0.0729,-1.524,-1.524,-0.887,0.960,2.141,-2.500,0.0040,-0.309,nan,-8.00,1,1,1,0,1,-1.2763,0.900,1,0.267,4,0.592,0,0,yolo,121.1,yolo,1,1,0,0.000,0,-1,0
1785657899.992,0.457,-2.983,-0.435,0.9986,0,-13.696,0.483,6.577,0.2735,8.634,0.214,-0.763,1.000,1.423,14.000,-0.4197,-0.0960,-1.524,-1.524,-0.910,0.999,2.139,-2.500,0.0041,-0.311,nan,-8.00,1,1,1,0,1,-1.2777,0.900,1,0.267,4,0.592,0,0,yolo,121.1,yolo,1,1,0,0.000,0,-1,0
1785657900.023,1.957,-2.921,-1.089,0.9981,0,-12.196,0.421,5.077,0.2728,8.634,0.214,-0.763,1.000,1.423,14.000,-0.4040,-0.1159,-1.509,-1.509,-0.930,1.038,2.136,-2.500,0.0041,-0.314,nan,0.00,1,1,1,0,1,0.0000,0.797,0,0.194,3,0.596,0,0,yolo,121.1,yolo,1,1,0,0.000,0,-1,0
1785657900.052,1.957,-2.921,-1.089,0.9981,0,-12.043,0.421,3.577,0.2841,8.513,0.982,-0.803,1.000,6.577,14.000,-4.5948,0.1197,-1.509,-1.403,-0.930,1.038,2.072,-2.500,0.0041,-0.334,nan,0.00,1,1,1,1,1,0.0000,0.797,0,0.194,3,0.596,0,0,yolo,120.8,yolo,1,1,0,0.000,0,-1,0
1785657900.089,3.332,-2.858,-1.594,0.9971,0,-10.668,0.358,2.077,0.2778,8.513,0.982,-0.803,1.000,6.577,14.000,-0.0780,-0.0179,-1.481,-1.481,-0.948,1.072,2.086,-2.500,0.0042,-0.319,nan,0.00,1,1,1,0,1,0.0000,0.608,0,0.131,3,0.609,0,0,yolo,120.8,yolo,1,1,0,0.000,0,-1,0
1785657900.123,4.476,-2.814,-1.785,0.9957,0,-9.524,0.314,0.577,0.2770,8.513,0.982,-0.803,1.000,6.577,14.000,-0.0461,-0.0338,-1.449,-1.449,-0.964,1.095,2.099,-2.500,0.0042,-0.305,nan,0.00,1,1,1,0,1,0.0000,0.582,0,0.110,3,0.617,0,0,yolo,120.8,yolo,1,1,0,0.000,0,-1,0
1785657900.150,5.529,-2.781,-1.794,0.9942,0,-8.471,0.281,-0.923,0.2714,8.383,1.604,-0.851,1.000,10.832,14.000,-4.6690,-0.1538,-1.411,-1.819,-0.980,1.114,1.777,-2.500,0.0042,-0.285,nan,0.00,1,1,1,1,1,0.0000,0.582,0,0.110,3,0.617,0,0,yolo,115.2,yolo,1,1,0,0.000,0,-1,0
1785657900.180,5.529,-2.781,-1.794,0.9942,0,-8.471,0.281,-2.423,0.2784,8.383,1.604,-0.851,1.000,10.832,14.000,0.4081,0.0000,-1.411,-1.411,-0.980,1.114,1.777,-2.500,0.0043,-0.285,nan,0.00,1,1,1,0,1,0.0000,0.574,0,0.104,3,0.618,0,0,yolo,115.2,yolo,1,1,0,0.000,0,-1,0
1785657900.211,6.453,-2.778,-1.598,0.9925,0,-7.547,0.278,-3.923,0.2773,8.383,1.604,-0.851,1.000,10.832,14.000,0.4506,-0.0175,-1.368,-1.368,-0.997,1.126,1.792,-2.500,0.0043,-0.258,nan,0.00,1,1,1,0,1,0.0000,0.574,0,0.104,3,0.618,0,0,yolo,115.2,yolo,1,1,0,0.000,0,-1,0
1785657900.243,7.195,-2.798,-1.217,0.9909,0,-6.805,0.298,-5.423,0.2762,8.383,1.604,-0.851,1.000,10.832,14.000,0.4908,-0.0355,-1.328,-1.328,-1.015,1.133,1.797,-2.500,0.0043,-0.233,nan,0.00,1,1,1,0,1,0.0000,0.495,0,0.120,2,0.642,0,0,yolo,115.2,yolo,1,1,0,0.000,0,-1,0
1785657900.275,7.815,-2.831,-0.764,0.9895,0,-6.185,0.341,-6.923,0.2759,8.231,2.147,-0.935,1.000,14.617,14.000,-4.0784,-0.0468,-1.289,-1.975,-1.033,1.137,1.482,-2.490,0.0043,-0.227,nan,0.00,1,1,1,1,1,0.0000,0.454,0,0.193,0,0.678,0,0,yolo,106.9,yolo,1,1,0,0.000,0,-1,0
1785657900.312,7.815,-2.831,-0.764,0.9895,0,-6.185,0.331,-8.423,0.2781,8.231,2.147,-0.935,1.000,14.617,14.000,0.6865,0.0000,-1.289,-1.289,-1.033,1.137,1.482,-2.500,0.0044,-0.227,nan,0.00,1,1,1,0,1,0.0000,0.451,0,0.189,0,0.637,0,0,yolo,106.9,yolo,1,1,0,0.000,0,-1,0
1785657900.339,7.360,-5.007,12.072,0.9880,0,-6.640,1.831,-9.923,0.2645,8.231,2.147,-0.935,1.000,14.617,14.000,0.5265,-0.1104,-1.448,-1.448,-1.144,0.847,1.482,-2.500,0.0043,0.069,nan,0.00,1,1,1,0,1,0.0000,0.451,0,0.189,0,0.637,0,0,yolo,106.9,yolo,1,1,0,0.000,0,-1,0
1785657900.371,7.634,-5.454,12.804,0.9867,0,-6.366,2.954,-11.423,0.2607,8.080,2.591,-1.037,1.000,17.776,14.000,-4.4553,-0.1898,-1.386,-2.234,-1.301,0.830,1.219,-2.500,0.0043,0.087,nan,0.00,1,1,1,1,1,0.0000,0.388,0,0.110,1,0.604,0,0,yolo,103.8,yolo,1,1,0,0.000,0,-1,0
1785657900.401,7.965,-5.340,12.725,0.9861,0,-6.035,2.840,-12.000,0.2624,8.080,2.591,-1.037,1.000,17.776,14.000,0.9270,-0.1559,-1.307,-1.307,-1.457,0.824,1.219,-2.500,0.0043,0.087,nan,0.00,1,1,1,0,1,0.0000,0.382,0,0.102,1,0.600,0,0,yolo,103.8,yolo,1,1,0,0.000,0,-1,0
